elapsed_seconds,stage,cpu_pct,system_cpu_pct,active_workers,runnable_workers,rss_bytes,pss_bytes,commit_bytes,page_faults,read_bytes,write_bytes,queue_depth,lock_wait_ns,progress,threads,active_compute_threads,per_thread_cpu_max_pct,per_thread_cpu_sum_pct,io_wait_pct
0.000,active,0.00,0.00,1,1,6520832,0,94699520,0,0,0,0,0,0.000,2,0,0.00,0.00,0.00
0.501,active,36.00,0.00,1,1,12328960,0,179789824,0,53248,36864,0,0,0.000,4,1,20.00,36.00,64.00
1.000,active,70.00,0.00,1,1,12333056,0,179789824,0,389120,0,0,0,0.000,4,1,68.00,68.00,60.00
1.500,active,100.00,0.00,1,1,12333056,0,179789824,0,4096,0,0,0,0.000,4,1,100.00,100.00,48.00
2.000,active,84.00,0.00,1,1,12333056,0,178737152,0,2584576,0,0,0,0.000,4,1,86.00,86.00,82.00
2.501,active,92.00,0.00,1,1,12333056,0,178737152,0,2412544,0,0,0,0.000,4,1,90.00,90.00,10.00
3.000,active,98.00,0.00,1,1,12333056,0,178737152,0,413696,0,0,0,0.000,4,1,98.00,98.00,0.00
3.500,active,92.00,0.00,1,1,12333056,0,178737152,0,5582848,0,0,0,0.000,4,1,92.00,92.00,8.00
4.001,active,84.00,0.00,1,1,12333056,0,178737152,0,11587584,0,0,0,0.000,4,1,84.00,84.00,26.00
4.500,active,88.00,0.00,1,1,12341248,0,178737152,0,487424,0,0,0,0.000,4,1,86.00,86.00,42.00
5.000,active,52.00,0.00,1,1,12341248,0,178737152,0,8097792,0,0,0,0.000,4,1,52.00,52.00,94.00
5.504,active,68.00,0.00,1,1,12341248,0,178737152,0,33710080,0,0,0,0.000,4,1,70.00,70.00,32.00
6.000,active,42.00,0.00,1,1,12341248,0,178737152,0,19664896,0,0,0,0.000,4,1,40.00,40.00,100.00
6.502,active,88.00,0.00,1,1,12341248,0,178737152,0,9424896,0,0,0,0.000,4,1,90.00,90.00,14.00
7.000,active,88.00,0.00,1,1,12341248,0,178737152,0,10858496,0,0,0,0.000,4,1,88.00,88.00,10.00
7.500,active,60.00,0.00,1,1,12341248,0,178737152,0,41218048,0,0,0,0.000,4,1,62.00,62.00,38.00
8.000,active,84.00,0.00,1,1,12341248,0,178737152,0,17874944,0,0,0,0.000,4,1,80.00,80.00,16.00
8.504,active,100.00,0.00,1,1,12353536,0,178737152,0,212992,0,0,0,0.000,4,1,100.00,100.00,0.00
9.000,active,74.00,0.00,1,1,12353536,0,178737152,0,22544384,0,0,0,0.000,4,1,76.00,76.00,34.00
9.500,active,94.00,0.00,1,1,12353536,0,178737152,0,5914624,0,0,0,0.000,4,1,94.00,94.00,6.00
10.000,active,100.00,0.00,1,1,12357632,0,178737152,0,0,0,0,0,0.000,4,1,98.00,98.00,0.00
10.500,active,72.00,0.00,1,1,12357632,0,178737152,0,27824128,0,0,0,0.000,4,1,72.00,72.00,28.00
11.000,active,90.00,0.00,1,1,12357632,0,178737152,0,12320768,0,0,0,0.000,4,1,90.00,90.00,10.00
11.500,active,98.00,0.00,1,1,12357632,0,178737152,0,262144,0,0,0,0.000,4,1,98.00,98.00,0.00
12.000,active,94.00,0.00,1,1,12357632,0,178737152,0,3297280,0,0,0,0.000,4,1,94.00,94.00,10.00
12.500,active,90.00,0.00,1,1,12357632,0,178737152,0,7917568,0,0,0,0.000,4,2,88.00,90.00,10.00
13.004,active,92.00,0.00,1,1,12357632,0,178737152,0,5869568,0,0,0,0.000,4,1,96.00,96.00,6.00
13.500,active,80.00,0.00,1,1,12357632,0,178737152,0,5128192,0,0,0,0.000,4,1,76.00,76.00,38.00
14.004,active,40.00,0.00,1,1,12357632,0,178737152,0,1990656,0,0,0,0.000,4,1,44.00,44.00,180.00
14.500,active,100.00,0.00,1,1,12357632,0,178737152,0,0,0,0,0,0.000,4,1,98.00,98.00,124.00
15.000,active,72.00,0.00,1,1,12357632,0,178737152,0,7393280,0,0,0,0.000,4,1,70.00,70.00,148.00
15.500,active,70.00,0.00,1,1,12357632,0,178737152,0,28979200,0,0,0,0.000,4,1,72.00,72.00,116.00
16.000,active,82.00,0.00,1,1,12357632,0,178737152,0,18513920,0,0,0,0.000,4,1,80.00,80.00,104.00
16.500,active,100.00,0.00,1,1,12378112,0,178737152,0,376832,0,0,0,0.000,4,1,100.00,100.00,88.00
17.000,active,78.00,0.00,1,1,12382208,0,178737152,0,18612224,0,0,0,0.000,4,1,78.00,78.00,106.00
17.504,active,80.00,0.00,1,1,12382208,0,178737152,0,22446080,0,0,0,0.000,4,1,80.00,80.00,108.00
18.000,active,98.00,0.00,1,1,12382208,0,178737152,0,0,0,0,0,0.000,4,1,98.00,98.00,84.00
18.501,active,88.00,0.00,1,1,12382208,0,178737152,0,1875968,0,0,0,0.000,4,1,88.00,88.00,120.00
19.004,active,48.00,0.00,1,1,12382208,0,178737152,0,2744320,0,0,0,0.000,4,1,48.00,48.00,192.00
19.500,active,98.00,0.00,1,1,12382208,0,178737152,0,180224,0,0,0,0.000,4,1,98.00,98.00,86.00
20.000,active,94.00,0.00,1,1,12382208,0,178737152,0,4431872,0,0,0,0.000,4,1,94.00,94.00,98.00
20.504,active,84.00,0.00,1,1,12382208,0,178737152,0,11939840,0,0,0,0.000,4,1,86.00,86.00,90.00
21.000,active,98.00,0.00,1,1,12382208,0,178737152,0,40960,0,0,0,0.000,4,1,96.00,96.00,50.00
21.500,active,50.00,0.00,1,1,12382208,0,178737152,0,159744,0,0,0,0.000,4,1,50.00,50.00,66.00
22.000,active,2.00,0.00,1,1,12382208,0,178737152,0,122880,0,0,0,0.000,4,1,2.00,2.00,98.00
22.500,active,6.00,0.00,1,1,12382208,0,178737152,0,1024000,0,0,0,0.000,4,1,8.00,8.00,92.00
23.000,active,2.00,0.00,1,1,12382208,0,178737152,0,663552,0,0,0,0.000,4,0,0.00,0.00,98.00
23.500,active,4.00,0.00,1,1,12382208,0,178737152,0,1912832,0,0,0,0.000,4,1,6.00,6.00,92.00
24.000,active,4.00,0.00,1,1,12386304,0,178737152,0,1671168,0,0,0,0.000,4,2,4.00,6.00,96.00
24.501,active,2.00,0.00,1,1,12386304,0,178737152,0,1503232,0,0,0,0.000,4,1,2.00,2.00,96.00
25.000,active,4.00,0.00,1,1,12386304,0,178737152,0,335872,0,0,0,0.000,4,1,2.00,2.00,170.00
25.500,active,0.00,0.00,1,1,12386304,0,178737152,0,0,0,0,0,0.000,4,0,0.00,0.00,200.00
26.000,active,0.00,0.00,1,1,12386304,0,178737152,0,0,0,0,0,0.000,4,0,0.00,0.00,246.00
26.500,active,0.00,0.00,1,1,12386304,0,178737152,0,0,0,0,0,0.000,4,0,0.00,0.00,298.00
27.000,active,0.00,0.00,1,1,12386304,0,178737152,0,0,0,0,0,0.000,4,0,0.00,0.00,298.00
27.500,active,0.00,0.00,1,1,12386304,0,178737152,0,0,0,0,0,0.000,4,0,0.00,0.00,282.00
28.000,active,6.00,0.00,1,1,12386304,0,178737152,0,1843200,0,0,0,0.000,4,1,4.00,4.00,264.00
28.500,active,4.00,0.00,1,1,12386304,0,178737152,0,1298432,0,0,0,0.000,4,1,4.00,4.00,262.00
29.000,active,6.00,0.00,1,1,12386304,0,178737152,0,929792,0,0,0,0.000,4,1,6.00,6.00,192.00
29.500,active,6.00,0.00,1,1,12386304,0,178737152,0,1626112,0,0,0,0.000,4,1,6.00,6.00,194.00
30.000,active,2.00,0.00,1,1,12386304,0,178737152,0,1048576,0,0,0,0.000,4,1,2.00,2.00,196.00
30.500,active,4.00,0.00,1,1,12386304,0,178737152,0,3211264,0,0,0,0.000,4,1,4.00,4.00,232.00
31.000,active,18.00,0.00,1,1,12386304,0,178737152,0,933888,0,0,0,0.000,4,1,20.00,20.00,214.00
31.500,active,8.00,0.00,1,1,12386304,0,178737152,0,782336,0,0,0,0.000,4,1,6.00,6.00,198.00
32.004,active,56.00,0.00,1,1,12386304,0,178737152,0,14643200,0,0,0,0.000,4,1,56.00,56.00,112.00
32.500,active,98.00,0.00,1,1,12410880,0,178737152,0,0,0,0,0,0.000,4,1,98.00,98.00,0.00
33.000,active,94.00,0.00,1,1,12414976,0,178737152,0,6316032,0,0,0,0.000,4,1,92.00,92.00,6.00
33.500,active,96.00,0.00,1,1,12414976,0,178737152,0,4100096,0,0,0,0.000,4,1,98.00,98.00,20.00
34.000,active,98.00,0.00,1,1,12414976,0,178737152,0,0,0,0,0,0.000,4,1,100.00,100.00,58.00
34.500,active,98.00,0.00,1,1,12414976,0,178737152,0,1527808,0,0,0,0.000,4,1,94.00,94.00,2.00
35.000,active,92.00,0.00,1,1,12414976,0,178737152,0,6299648,0,0,0,0.000,4,1,94.00,94.00,6.00
35.500,active,102.00,0.00,1,1,32559104,0,192663552,0,0,0,0,0,0.000,4,1,100.00,100.00,26.00
36.000,active,98.00,0.00,1,1,36921344,0,192663552,0,0,0,0,0,0.000,4,2,98.00,100.00,70.00
36.501,active,100.00,0.00,1,1,44666880,0,192663552,0,0,0,0,0,0.000,4,1,100.00,100.00,0.00
37.001,active,100.00,0.00,1,1,45932544,0,192663552,0,0,0,0,0,0.000,4,1,100.00,100.00,0.00
37.501,active,98.00,0.00,1,1,59613184,0,192663552,0,0,0,0,0,0.000,4,2,98.00,100.00,0.00
38.003,active,100.00,0.00,1,1,59613184,0,192663552,0,0,0,0,0,0.000,4,1,100.00,100.00,0.00
38.500,active,98.00,0.00,1,1,59613184,0,192663552,0,0,0,0,0,0.000,4,1,98.00,98.00,2.00
39.000,active,100.00,0.00,1,1,64966656,0,192663552,0,0,0,0,0,0.000,4,1,100.00,100.00,0.00
39.500,active,100.00,0.00,1,1,66113536,0,192663552,0,0,0,0,0,0.000,4,1,100.00,100.00,0.00
40.004,active,100.00,0.00,1,1,66113536,0,192663552,0,0,0,0,0,0.000,4,1,100.00,100.00,0.00
40.500,active,84.00,0.00,1,1,66113536,0,192663552,0,647168,0,0,0,0.000,4,1,84.00,84.00,14.00
41.000,active,88.00,0.00,1,1,66113536,0,192663552,0,630784,0,0,0,0.000,4,1,86.00,86.00,12.00
41.500,active,74.00,0.00,1,1,66113536,0,192663552,0,1196032,0,0,0,0.000,4,1,76.00,76.00,30.00
42.000,active,16.00,0.00,1,1,66113536,0,192663552,0,270336,0,0,0,0.000,4,1,14.00,14.00,144.00
42.500,active,22.00,0.00,1,1,66117632,0,192663552,0,299008,0,0,0,0.000,4,1,24.00,24.00,138.00
43.004,active,82.00,0.00,1,1,72962048,0,200007680,0,933888,0,0,0,0.000,4,1,80.00,80.00,20.00
43.500,active,76.00,0.00,1,1,72962048,0,200007680,0,1441792,0,0,0,0.000,4,2,78.00,80.00,22.00
44.000,active,70.00,0.00,1,1,74510336,0,207347712,0,3780608,0,0,0,0.000,4,1,68.00,68.00,30.00
44.500,active,76.00,0.00,1,1,76607488,0,207347712,0,1679360,0,0,0,0.000,4,1,78.00,78.00,22.00
45.000,active,86.00,0.00,1,1,76607488,0,207347712,0,1064960,0,0,0,0.000,4,1,84.00,84.00,14.00
45.500,active,94.00,0.00,1,1,75173888,0,178737152,0,389120,0,0,0,0.000,4,1,92.00,92.00,6.00
46.000,active,100.00,0.00,1,1,75173888,0,178737152,0,0,0,0,0,0.000,4,1,100.00,100.00,0.00
46.500,active,98.00,0.00,1,1,75173888,0,178737152,0,0,0,0,0,0.000,4,1,100.00,100.00,10.00
47.000,active,100.00,0.00,1,1,77271040,0,178737152,0,0,0,0,0,0.000,4,1,98.00,98.00,82.00
47.504,active,100.00,0.00,1,1,77275136,0,178737152,0,0,0,0,0,0.000,4,1,102.00,102.00,0.00
48.000,active,100.00,0.00,1,1,77275136,0,178737152,0,0,0,0,0,0.000,4,1,96.00,96.00,0.00
48.500,active,98.00,0.00,1,1,77275136,0,178737152,0,0,0,0,0,0.000,4,1,100.00,100.00,4.00
49.000,active,98.00,0.00,1,1,77275136,0,178737152,0,0,0,0,0,0.000,4,1,100.00,100.00,0.00
49.500,active,100.00,0.00,1,1,77275136,0,178737152,0,0,0,0,0,0.000,4,1,98.00,98.00,0.00
50.004,active,100.00,0.00,1,1,77275136,0,178737152,0,0,0,0,0,0.000,4,1,100.00,100.00,0.00
50.500,active,100.00,0.00,1,1,77275136,0,178737152,0,0,0,0,0,0.000,4,2,98.00,100.00,64.00
51.000,active,98.00,0.00,1,1,77275136,0,178737152,0,0,0,0,0,0.000,4,1,100.00,100.00,78.00
51.500,active,98.00,0.00,1,1,83570688,0,245846016,0,0,0,0,0,0.000,4,1,100.00,100.00,16.00
52.000,active,100.00,0.00,1,1,83673088,0,245846016,0,0,0,0,0,0.000,4,1,98.00,98.00,0.00
52.504,active,98.00,0.00,1,1,94056448,0,245846016,0,0,0,0,0,0.000,4,1,98.00,98.00,0.00
53.000,active,100.00,0.00,1,1,94117888,0,245846016,0,0,0,0,0,0.000,4,1,98.00,98.00,0.00
53.500,active,100.00,0.00,1,1,103682048,0,245846016,0,0,0,0,0,0.000,4,1,100.00,100.00,0.00
54.000,active,98.00,0.00,1,1,342654976,0,447172608,0,0,0,0,0,0.000,4,1,98.00,98.00,2.00
54.500,active,60.00,0.00,1,1,394629120,0,510091264,0,4096,51654656,0,0,0.000,4,1,60.00,60.00,54.00
55.000,active,0.00,0.00,1,1,394629120,0,510091264,0,0,0,0,0,0.000,4,1,0.00,2.00,100.00
55.504,active,80.00,0.00,1,1,395407360,0,514285568,0,0,4096,0,0,0.000,4,1,78.00,78.00,92.00
56.000,active,96.00,0.00,1,1,396046336,0,514285568,0,0,0,0,0,0.000,4,1,98.00,98.00,44.00
56.504,active,100.00,0.00,1,1,344309760,0,447172608,0,0,0,0,0,0.000,4,2,98.00,100.00,64.00
57.000,active,98.00,0.00,1,1,344309760,0,447172608,0,0,0,0,0,0.000,4,1,96.00,96.00,0.00
57.504,active,98.00,0.00,1,1,344309760,0,447172608,0,0,0,0,0,0.000,4,1,98.00,98.00,0.00
58.000,active,98.00,0.00,1,1,344309760,0,447172608,0,0,0,0,0,0.000,4,1,98.00,98.00,0.00
58.504,active,98.00,0.00,1,1,344309760,0,447172608,0,0,0,0,0,0.000,4,2,98.00,100.00,2.00
59.000,active,98.00,0.00,1,1,344309760,0,447172608,0,0,0,0,0,0.000,4,1,98.00,98.00,0.00
59.504,active,100.00,0.00,1,1,344309760,0,447172608,0,0,0,0,0,0.000,4,1,98.00,98.00,0.00
60.004,active,98.00,0.00,1,1,344309760,0,447172608,0,0,0,0,0,0.000,4,2,98.00,100.00,0.00
60.500,active,98.00,0.00,1,1,344309760,0,447172608,0,0,0,0,0,0.000,4,1,96.00,96.00,0.00
61.004,active,98.00,0.00,1,1,344309760,0,447172608,0,0,0,0,0,0.000,4,1,98.00,98.00,0.00
61.500,active,98.00,0.00,1,1,344309760,0,447172608,0,0,0,0,0,0.000,4,1,100.00,100.00,50.00
62.004,active,100.00,0.00,1,1,344309760,0,447172608,0,0,0,0,0,0.000,4,2,98.00,100.00,90.00
62.500,active,98.00,0.00,1,1,344309760,0,447172608,0,0,0,0,0,0.000,4,1,96.00,96.00,90.00
63.004,active,100.00,0.00,1,1,344309760,0,447172608,0,0,0,0,0,0.000,4,1,98.00,98.00,92.00
63.500,active,96.00,0.00,1,1,344309760,0,447172608,0,0,0,0,0,0.000,4,1,98.00,98.00,16.00
64.004,active,100.00,0.00,1,1,344309760,0,447172608,0,0,0,0,0,0.000,4,2,98.00,100.00,16.00
64.500,active,98.00,0.00,1,1,344342528,0,447172608,0,0,0,0,0,0.000,4,1,96.00,96.00,42.00
65.004,active,98.00,0.00,1,1,344346624,0,447172608,0,0,0,0,0,0.000,4,1,100.00,100.00,0.00
65.500,active,98.00,0.00,1,1,344346624,0,447172608,0,0,0,0,0,0.000,4,2,96.00,98.00,0.00
66.004,active,100.00,0.00,1,1,344346624,0,447172608,0,0,0,0,0,0.000,4,1,100.00,100.00,0.00
66.500,active,96.00,0.00,1,1,344346624,0,447172608,0,0,0,0,0,0.000,4,1,96.00,96.00,0.00
67.004,active,100.00,0.00,1,1,344346624,0,447172608,0,0,0,0,0,0.000,4,1,98.00,98.00,0.00
67.500,active,98.00,0.00,1,1,344346624,0,447172608,0,0,0,0,0,0.000,4,2,98.00,100.00,54.00
68.001,active,98.00,0.00,1,1,344346624,0,447172608,0,0,0,0,0,0.000,4,1,98.00,98.00,98.00
68.502,active,98.00,0.00,1,1,344346624,0,447172608,0,0,0,0,0,0.000,4,1,98.00,98.00,44.00
69.003,active,100.00,0.00,1,1,344346624,0,447172608,0,0,0,0,0,0.000,4,1,98.00,98.00,10.00
69.506,active,98.00,0.00,1,1,344346624,0,447172608,0,0,0,0,0,0.000,4,1,98.00,98.00,0.00
70.004,active,96.00,0.00,1,1,344350720,0,447172608,0,0,0,0,0,0.000,4,1,98.00,98.00,0.00
70.500,active,98.00,0.00,1,1,344350720,0,447172608,0,0,0,0,0,0.000,4,2,96.00,98.00,16.00
71.004,active,100.00,0.00,1,1,344350720,0,447172608,0,0,0,0,0,0.000,4,1,98.00,98.00,76.00
71.500,active,98.00,0.00,1,1,344350720,0,447172608,0,0,0,0,0,0.000,4,1,98.00,98.00,28.00
72.004,active,98.00,0.00,1,1,344350720,0,447172608,0,0,0,0,0,0.000,4,1,98.00,98.00,0.00
72.500,active,98.00,0.00,1,1,344350720,0,447172608,0,0,0,0,0,0.000,4,2,98.00,100.00,62.00
73.004,active,98.00,0.00,1,1,344350720,0,447172608,0,0,0,0,0,0.000,4,1,98.00,98.00,32.00
73.500,active,98.00,0.00,1,1,344350720,0,447172608,0,0,0,0,0,0.000,4,1,96.00,96.00,0.00
74.008,active,100.00,0.00,1,1,344350720,0,447172608,0,0,0,0,0,0.000,4,2,100.00,102.00,8.00
74.500,active,98.00,0.00,1,1,344350720,0,447172608,0,0,0,0,0,0.000,4,1,96.00,96.00,0.00
75.004,active,98.00,0.00,1,1,344350720,0,447172608,0,0,0,0,0,0.000,4,1,98.00,98.00,0.00
75.500,active,98.00,0.00,1,1,344350720,0,447172608,0,0,0,0,0,0.000,4,1,96.00,96.00,16.00
76.004,active,98.00,0.00,1,1,344350720,0,447172608,0,0,0,0,0,0.000,4,2,100.00,102.00,64.00
76.500,active,98.00,0.00,1,1,344350720,0,447172608,0,0,0,0,0,0.000,4,1,96.00,96.00,4.00
77.004,active,100.00,0.00,1,1,344350720,0,447172608,0,0,0,0,0,0.000,4,1,98.00,98.00,0.00
77.500,active,98.00,0.00,1,1,344350720,0,447172608,0,0,0,0,0,0.000,4,1,96.00,96.00,0.00
78.004,active,98.00,0.00,1,1,344350720,0,447172608,0,0,0,0,0,0.000,4,2,100.00,102.00,0.00
78.500,active,98.00,0.00,1,1,344354816,0,447172608,0,0,0,0,0,0.000,4,1,98.00,98.00,0.00
79.004,active,98.00,0.00,1,1,344354816,0,447172608,0,0,0,0,0,0.000,4,1,98.00,98.00,10.00
79.500,active,100.00,0.00,1,1,344354816,0,447172608,0,0,0,0,0,0.000,4,2,96.00,98.00,0.00
80.004,active,98.00,0.00,1,1,344354816,0,447172608,0,0,0,0,0,0.000,4,1,98.00,98.00,4.00
80.500,active,98.00,0.00,1,1,344354816,0,447172608,0,0,0,0,0,0.000,4,1,98.00,98.00,4.00
81.004,active,98.00,0.00,1,1,344354816,0,447172608,0,0,0,0,0,0.000,4,1,100.00,100.00,0.00
81.500,active,98.00,0.00,1,1,344354816,0,447172608,0,0,0,0,0,0.000,4,2,96.00,98.00,0.00
82.004,active,98.00,0.00,1,1,344354816,0,447172608,0,0,0,0,0,0.000,4,1,98.00,98.00,0.00
82.500,active,98.00,0.00,1,1,344354816,0,447172608,0,0,0,0,0,0.000,4,1,98.00,98.00,0.00
83.004,active,100.00,0.00,1,1,344354816,0,447172608,0,0,0,0,0,0.000,4,1,98.00,98.00,0.00
83.500,active,98.00,0.00,1,1,344354816,0,447172608,0,0,0,0,0,0.000,4,2,96.00,98.00,0.00
84.004,active,98.00,0.00,1,1,344354816,0,447172608,0,0,0,0,0,0.000,4,1,100.00,100.00,4.00
84.500,active,98.00,0.00,1,1,344354816,0,447172608,0,0,0,0,0,0.000,4,1,98.00,98.00,4.00
85.004,active,100.00,0.00,1,1,344354816,0,447172608,0,0,0,0,0,0.000,4,2,98.00,100.00,0.00
85.500,active,96.00,0.00,1,1,344354816,0,447172608,0,0,0,0,0,0.000,4,1,98.00,98.00,0.00
86.004,active,100.00,0.00,1,1,344354816,0,447172608,0,0,0,0,0,0.000,4,1,98.00,98.00,0.00
86.500,active,96.00,0.00,1,1,344358912,0,447172608,0,0,0,0,0,0.000,4,1,96.00,96.00,0.00
87.004,active,100.00,0.00,1,1,344358912,0,447172608,0,0,0,0,0,0.000,4,2,100.00,102.00,0.00
87.500,active,98.00,0.00,1,1,344358912,0,447172608,0,0,0,0,0,0.000,4,1,96.00,96.00,0.00
88.004,active,98.00,0.00,1,1,344358912,0,447172608,0,0,0,0,0,0.000,4,1,98.00,98.00,0.00
88.500,active,98.00,0.00,1,1,344358912,0,447172608,0,0,0,0,0,0.000,4,1,98.00,98.00,0.00
89.001,active,98.00,0.00,1,1,344358912,0,447172608,0,0,0,0,0,0.000,4,2,98.00,100.00,14.00
89.502,active,100.00,0.00,1,1,344358912,0,447172608,0,0,0,0,0,0.000,4,2,98.00,100.00,0.00
90.000,active,98.00,0.00,1,1,344358912,0,447172608,0,0,0,0,0,0.000,4,1,96.00,96.00,14.00
90.503,active,100.00,0.00,1,1,344358912,0,447172608,0,0,0,0,0,0.000,4,2,98.00,100.00,94.00
91.000,active,96.00,0.00,1,1,344358912,0,447172608,0,0,0,0,0,0.000,4,1,98.00,98.00,90.00
91.504,active,100.00,0.00,1,1,344358912,0,447172608,0,0,0,0,0,0.000,4,1,98.00,98.00,44.00
92.000,active,98.00,0.00,1,1,344358912,0,447172608,0,0,0,0,0,0.000,4,2,98.00,100.00,92.00
92.504,active,98.00,0.00,1,1,344358912,0,447172608,0,0,0,0,0,0.000,4,1,98.00,98.00,60.00
93.000,active,98.00,0.00,1,1,344358912,0,447172608,0,0,0,0,0,0.000,4,1,98.00,98.00,74.00
93.504,active,98.00,0.00,1,1,344358912,0,447172608,0,0,0,0,0,0.000,4,1,96.00,96.00,90.00
94.000,active,98.00,0.00,1,1,344358912,0,447172608,0,0,0,0,0,0.000,4,2,98.00,100.00,92.00
94.504,active,98.00,0.00,1,1,344358912,0,447172608,0,0,0,0,0,0.000,4,1,98.00,98.00,92.00
95.000,active,98.00,0.00,1,1,344363008,0,447172608,0,0,0,0,0,0.000,4,1,98.00,98.00,50.00
95.504,active,100.00,0.00,1,1,344363008,0,447172608,0,0,0,0,0,0.000,4,2,98.00,100.00,94.00
96.000,active,96.00,0.00,1,1,344363008,0,447172608,0,0,0,0,0,0.000,4,1,96.00,96.00,90.00
96.508,active,100.00,0.00,1,1,344363008,0,447172608,0,0,0,0,0,0.000,4,1,98.00,98.00,90.00
97.000,active,96.00,0.00,1,1,344363008,0,447172608,0,0,0,0,0,0.000,4,1,98.00,98.00,88.00
97.504,active,100.00,0.00,1,1,344363008,0,447172608,0,0,0,0,0,0.000,4,2,98.00,100.00,92.00
98.000,active,98.00,0.00,1,1,344363008,0,447172608,0,0,0,0,0,0.000,4,1,96.00,96.00,78.00
98.504,active,100.00,0.00,1,1,344363008,0,447172608,0,0,0,0,0,0.000,4,1,100.00,100.00,96.00
99.004,active,98.00,0.00,1,1,344363008,0,447172608,0,0,0,0,0,0.000,4,2,96.00,98.00,90.00
99.500,active,98.00,0.00,1,1,344363008,0,447172608,0,0,0,0,0,0.000,4,1,98.00,98.00,52.00
100.004,active,98.00,0.00,1,1,344363008,0,447172608,0,0,0,0,0,0.000,4,2,98.00,100.00,48.00
100.500,active,98.00,0.00,1,1,344363008,0,447172608,0,0,0,0,0,0.000,4,1,98.00,98.00,90.00
101.008,active,100.00,0.00,1,1,344363008,0,447172608,0,0,0,0,0,0.000,4,1,98.00,98.00,82.00
101.500,active,96.00,0.00,1,1,344363008,0,447172608,0,0,0,0,0,0.000,4,1,96.00,96.00,84.00
102.004,active,100.00,0.00,1,1,344363008,0,447172608,0,0,0,0,0,0.000,4,2,100.00,102.00,94.00
102.500,active,96.00,0.00,1,1,344363008,0,447172608,0,0,0,0,0,0.000,4,1,96.00,96.00,88.00
103.004,active,100.00,0.00,1,1,344367104,0,447172608,0,0,0,0,0,0.000,4,1,98.00,98.00,88.00
103.500,active,98.00,0.00,1,1,344367104,0,447172608,0,0,0,0,0,0.000,4,2,98.00,100.00,62.00
104.004,active,98.00,0.00,1,1,344367104,0,447172608,0,0,0,0,0,0.000,4,1,98.00,98.00,48.00
104.500,active,98.00,0.00,1,1,344367104,0,447172608,0,0,0,0,0,0.000,4,1,96.00,96.00,46.00
105.004,active,98.00,0.00,1,1,344367104,0,447172608,0,0,0,0,0,0.000,4,1,100.00,100.00,40.00
105.503,active,100.00,0.00,1,1,344367104,0,447172608,0,0,0,0,0,0.000,4,2,96.00,98.00,36.00
106.004,active,100.00,0.00,1,1,344367104,0,447172608,0,0,0,0,0,0.000,4,1,100.00,100.00,84.00
106.500,active,98.00,0.00,1,1,344367104,0,447172608,0,0,0,0,0,0.000,4,1,96.00,96.00,94.00
107.004,active,98.00,0.00,1,1,344367104,0,447172608,0,0,0,0,0,0.000,4,2,98.00,100.00,100.00
107.500,active,98.00,0.00,1,1,344367104,0,447172608,0,0,0,0,0,0.000,4,1,98.00,98.00,102.00
108.004,active,98.00,0.00,1,1,344367104,0,447172608,0,0,0,0,0,0.000,4,1,98.00,98.00,100.00
108.500,active,98.00,0.00,1,1,344367104,0,447172608,0,0,0,0,0,0.000,4,1,98.00,98.00,98.00
109.004,active,100.00,0.00,1,1,344367104,0,447172608,0,0,0,0,0,0.000,4,2,98.00,100.00,102.00
109.500,active,96.00,0.00,1,1,344367104,0,447172608,0,0,0,0,0,0.000,4,1,96.00,96.00,100.00
110.002,active,98.00,0.00,1,1,344367104,0,447172608,0,0,0,0,0,0.000,4,1,98.00,98.00,100.00
110.504,active,100.00,0.00,1,1,344367104,0,447172608,0,0,0,0,0,0.000,4,2,98.00,100.00,102.00
111.000,active,98.00,0.00,1,1,344367104,0,447172608,0,0,0,0,0,0.000,4,1,98.00,98.00,100.00
111.504,active,98.00,0.00,1,1,344371200,0,447172608,0,0,0,0,0,0.000,4,1,98.00,98.00,102.00
112.000,active,98.00,0.00,1,1,344371200,0,447172608,0,0,0,0,0,0.000,4,1,98.00,98.00,100.00
112.504,active,98.00,0.00,1,1,344371200,0,447172608,0,0,0,0,0,0.000,4,2,98.00,100.00,96.00
113.000,active,98.00,0.00,1,1,344371200,0,447172608,0,0,0,0,0,0.000,4,1,96.00,96.00,104.00
113.504,active,98.00,0.00,1,1,344371200,0,447172608,0,0,0,0,0,0.000,4,1,98.00,98.00,102.00
114.000,active,98.00,0.00,1,1,344371200,0,447172608,0,0,0,0,0,0.000,4,2,96.00,98.00,100.00
114.504,active,98.00,0.00,1,1,344371200,0,447172608,0,0,0,0,0,0.000,4,1,100.00,100.00,100.00
115.000,active,100.00,0.00,1,1,344371200,0,447172608,0,0,0,0,0,0.000,4,1,96.00,96.00,100.00
115.504,active,98.00,0.00,1,1,344371200,0,447172608,0,0,0,0,0,0.000,4,1,98.00,98.00,102.00
116.000,active,98.00,0.00,1,1,344371200,0,447172608,0,0,0,0,0,0.000,4,2,98.00,100.00,102.00
116.504,active,100.00,0.00,1,1,344371200,0,447172608,0,0,0,0,0,0.000,4,1,98.00,98.00,102.00
117.000,active,96.00,0.00,1,1,344371200,0,447172608,0,0,0,0,0,0.000,4,1,96.00,96.00,100.00
117.504,active,100.00,0.00,1,1,344371200,0,447172608,0,0,0,0,0,0.000,4,2,100.00,102.00,102.00
118.000,active,96.00,0.00,1,1,344371200,0,447172608,0,0,0,0,0,0.000,4,1,98.00,98.00,88.00
118.504,active,100.00,0.00,1,1,344371200,0,447172608,0,0,0,0,0,0.000,4,1,98.00,98.00,94.00
119.000,active,96.00,0.00,1,1,344371200,0,447172608,0,0,0,0,0,0.000,4,1,96.00,96.00,82.00
119.504,active,100.00,0.00,1,1,344375296,0,447172608,0,0,0,0,0,0.000,4,2,98.00,100.00,98.00
120.000,active,98.00,0.00,1,1,344375296,0,447172608,0,0,0,0,0,0.000,4,1,98.00,98.00,94.00
120.504,active,98.00,0.00,1,1,344375296,0,447172608,0,0,0,0,0,0.000,4,1,98.00,98.00,106.00
121.000,active,98.00,0.00,1,1,344375296,0,447172608,0,0,0,0,0,0.000,4,2,98.00,100.00,98.00
121.507,active,98.00,0.00,1,1,344375296,0,447172608,0,0,0,0,0,0.000,4,1,98.00,98.00,104.00
122.000,active,98.00,0.00,1,1,344375296,0,447172608,0,0,0,0,0,0.000,4,1,96.00,96.00,98.00
122.500,active,98.00,0.00,1,1,344375296,0,447172608,0,0,0,0,0,0.000,4,1,96.00,96.00,102.00
123.004,active,100.00,0.00,1,1,344375296,0,447172608,0,0,0,0,0,0.000,4,2,100.00,102.00,100.00
123.504,active,98.00,0.00,1,1,344375296,0,447172608,0,0,0,0,0,0.000,4,1,96.00,96.00,100.00
124.004,active,98.00,0.00,1,1,344375296,0,447172608,0,0,0,0,0,0.000,4,1,98.00,98.00,98.00
124.500,active,98.00,0.00,1,1,344375296,0,447172608,0,0,0,0,0,0.000,4,1,100.00,100.00,104.00
125.004,active,98.00,0.00,1,1,344375296,0,447172608,0,0,0,0,0,0.000,4,2,98.00,100.00,98.00
125.500,active,98.00,0.00,1,1,344375296,0,447172608,0,0,0,0,0,0.000,4,1,96.00,96.00,80.00
126.000,active,98.00,0.00,1,1,344375296,0,447172608,0,0,0,0,0,0.000,4,1,98.00,98.00,92.00
126.504,active,100.00,0.00,1,1,344375296,0,447172608,0,0,0,0,0,0.000,4,2,98.00,100.00,86.00
127.000,active,96.00,0.00,1,1,344375296,0,447172608,0,0,0,0,0,0.000,4,1,98.00,98.00,88.00
127.504,active,100.00,0.00,1,1,344375296,0,447172608,0,0,0,0,0,0.000,4,1,98.00,98.00,76.00
128.004,active,98.00,0.00,1,1,344375296,0,447172608,0,0,0,0,0,0.000,4,2,96.00,98.00,96.00
128.500,active,96.00,0.00,1,1,344436736,0,447172608,0,0,0,0,0,0.000,4,1,98.00,98.00,88.00
129.004,active,102.00,0.00,1,1,344440832,0,447172608,0,0,0,0,0,0.000,4,1,98.00,98.00,88.00
129.500,active,96.00,0.00,1,1,344440832,0,447172608,0,0,0,0,0,0.000,4,1,96.00,96.00,86.00
130.004,active,100.00,0.00,1,1,344440832,0,447172608,0,0,0,0,0,0.000,4,2,98.00,100.00,120.00
130.500,active,98.00,0.00,1,1,344440832,0,447172608,0,0,0,0,0,0.000,4,1,98.00,98.00,96.00
131.004,active,98.00,0.00,1,1,344440832,0,447172608,0,0,0,0,0,0.000,4,1,98.00,98.00,90.00
131.500,active,98.00,0.00,1,1,344440832,0,447172608,0,0,0,0,0,0.000,4,2,96.00,98.00,90.00
132.004,active,98.00,0.00,1,1,344444928,0,447172608,0,0,0,0,0,0.000,4,1,100.00,100.00,82.00
132.500,active,98.00,0.00,1,1,344444928,0,447172608,0,0,0,0,0,0.000,4,1,96.00,96.00,0.00
133.000,active,98.00,0.00,1,1,344444928,0,447172608,0,0,0,0,0,0.000,4,2,98.00,102.00,16.00
133.504,active,98.00,0.00,1,1,344444928,0,447172608,0,0,0,0,0,0.000,4,2,98.00,100.00,12.00
134.000,active,100.00,0.00,1,1,344444928,0,447172608,0,0,0,0,0,0.000,4,1,98.00,98.00,6.00
134.504,active,98.00,0.00,1,1,344444928,0,447172608,0,0,0,0,0,0.000,4,1,98.00,98.00,12.00
135.000,active,96.00,0.00,1,1,344444928,0,447172608,0,0,0,0,0,0.000,4,2,96.00,98.00,74.00
135.500,active,100.00,0.00,1,1,344444928,0,447172608,0,0,0,0,0,0.000,4,1,98.00,98.00,90.00
136.004,active,100.00,0.00,1,1,344444928,0,447172608,0,0,0,0,0,0.000,4,1,100.00,100.00,88.00
136.504,active,98.00,0.00,1,1,344444928,0,447172608,0,0,0,0,0,0.000,4,2,96.00,98.00,90.00
137.000,active,98.00,0.00,1,1,344444928,0,447172608,0,0,0,0,0,0.000,4,1,98.00,98.00,86.00
137.504,active,98.00,0.00,1,1,344444928,0,447172608,0,0,0,0,0,0.000,4,1,98.00,98.00,92.00
138.000,active,98.00,0.00,1,1,344444928,0,447172608,0,0,0,0,0,0.000,4,1,98.00,98.00,88.00
138.504,active,98.00,0.00,1,1,344444928,0,447172608,0,0,0,0,0,0.000,4,2,98.00,100.00,98.00
139.000,active,98.00,0.00,1,1,344444928,0,447172608,0,0,0,0,0,0.000,4,1,96.00,96.00,32.00
139.500,active,98.00,0.00,1,1,344444928,0,447172608,0,0,0,0,0,0.000,4,2,98.00,100.00,0.00
140.001,active,98.00,0.00,1,1,344444928,0,447172608,0,0,0,0,0,0.000,4,1,96.00,96.00,4.00
140.502,active,98.00,0.00,1,1,344449024,0,447172608,0,0,0,0,0,0.000,4,1,98.00,98.00,0.00
141.003,active,98.00,0.00,1,1,344449024,0,447172608,0,0,0,0,0,0.000,4,1,96.00,96.00,0.00
141.504,active,98.00,0.00,1,1,344449024,0,447172608,0,0,0,0,0,0.000,4,2,98.00,100.00,0.00
142.000,active,98.00,0.00,1,1,344449024,0,447172608,0,0,0,0,0,0.000,4,1,96.00,96.00,0.00
142.504,active,98.00,0.00,1,1,344449024,0,447172608,0,0,0,0,0,0.000,4,1,98.00,98.00,0.00
143.000,active,98.00,0.00,1,1,344449024,0,447172608,0,0,0,0,0,0.000,4,2,98.00,100.00,2.00
143.504,active,98.00,0.00,1,1,344449024,0,447172608,0,0,0,0,0,0.000,4,1,98.00,98.00,0.00
144.008,active,100.00,0.00,1,1,344449024,0,447172608,0,0,0,0,0,0.000,4,1,98.00,98.00,10.00
144.506,active,96.00,0.00,1,1,344449024,0,447172608,0,0,0,0,0,0.000,4,2,98.00,100.00,0.00
145.000,active,98.00,0.00,1,1,344449024,0,447172608,0,0,0,0,0,0.000,4,1,96.00,96.00,0.00
145.504,active,100.00,0.00,1,1,344449024,0,447172608,0,0,0,0,0,0.000,4,2,98.00,100.00,0.00
146.000,active,98.00,0.00,1,1,344449024,0,447172608,0,0,0,0,0,0.000,4,1,96.00,96.00,0.00
146.504,active,98.00,0.00,1,1,344449024,0,447172608,0,0,0,0,0,0.000,4,1,98.00,98.00,0.00
147.000,active,98.00,0.00,1,1,344449024,0,447172608,0,0,0,0,0,0.000,4,1,98.00,98.00,0.00
147.504,active,98.00,0.00,1,1,344449024,0,447172608,0,0,0,0,0,0.000,4,2,96.00,98.00,4.00
148.000,active,96.00,0.00,1,1,344449024,0,447172608,0,0,0,0,0,0.000,4,1,98.00,98.00,2.00
148.504,active,100.00,0.00,1,1,344453120,0,447172608,0,0,0,0,0,0.000,4,1,98.00,98.00,0.00
149.000,active,98.00,0.00,1,1,344453120,0,447172608,0,0,0,0,0,0.000,4,2,98.00,100.00,8.00
149.500,active,96.00,0.00,1,1,344453120,0,447172608,0,0,0,0,0,0.000,4,1,96.00,96.00,2.00
150.004,active,100.00,0.00,1,1,344453120,0,447172608,0,0,0,0,0,0.000,4,1,100.00,100.00,0.00
150.500,active,98.00,0.00,1,1,344453120,0,447172608,0,0,0,0,0,0.000,4,2,96.00,98.00,0.00
151.004,active,98.00,0.00,1,1,344453120,0,447172608,0,0,0,0,0,0.000,4,1,98.00,98.00,18.00
151.500,active,96.00,0.00,1,1,344453120,0,447172608,0,0,0,0,0,0.000,4,1,96.00,96.00,0.00
152.003,active,100.00,0.00,1,1,344453120,0,447172608,0,0,0,0,0,0.000,4,2,98.00,100.00,0.00
152.504,active,100.00,0.00,1,1,344453120,0,447172608,0,0,0,0,0,0.000,4,1,98.00,98.00,0.00
153.000,active,96.00,0.00,1,1,344453120,0,447172608,0,0,0,0,0,0.000,4,1,98.00,98.00,0.00
153.504,active,100.00,0.00,1,1,344453120,0,447172608,0,0,0,0,0,0.000,4,2,96.00,98.00,0.00
154.000,active,98.00,0.00,1,1,344453120,0,447172608,0,0,0,0,0,0.000,4,1,98.00,98.00,50.00
154.504,active,98.00,0.00,1,1,344453120,0,447172608,0,0,0,0,0,0.000,4,1,98.00,98.00,98.00
155.000,active,98.00,0.00,1,1,344453120,0,447172608,0,0,0,0,0,0.000,4,1,98.00,98.00,0.00
155.504,active,98.00,0.00,1,1,344453120,0,447172608,0,0,0,0,0,0.000,4,2,96.00,98.00,0.00
156.000,active,98.00,0.00,1,1,344453120,0,447172608,0,0,0,0,0,0.000,4,1,98.00,98.00,0.00
156.504,active,100.00,0.00,1,1,344453120,0,447172608,0,0,0,0,0,0.000,4,1,98.00,98.00,0.00
157.000,active,96.00,0.00,1,1,344522752,0,447172608,0,0,0,0,0,0.000,4,2,96.00,98.00,0.00
157.504,active,98.00,0.00,1,1,344719360,0,447172608,0,0,13783040,0,0,0.000,4,1,98.00,98.00,2.00
158.000,active,96.00,0.00,1,1,344719360,0,447172608,0,0,0,0,0,0.000,4,1,98.00,98.00,0.00
158.504,active,100.00,0.00,1,1,344719360,0,447172608,0,0,0,0,0,0.000,4,2,98.00,100.00,0.00
159.000,active,96.00,0.00,1,1,344719360,0,447172608,0,0,8192,0,0,0.000,4,1,96.00,96.00,14.00
159.500,active,98.00,0.00,1,1,396374016,0,514285568,0,0,0,0,0,0.000,4,1,96.00,96.00,4.00
160.004,active,98.00,0.00,1,1,372523008,0,514285568,0,0,0,0,0,0.000,4,2,98.00,100.00,0.00
160.504,active,100.00,0.00,1,1,396374016,0,514285568,0,0,0,0,0,0.000,4,1,98.00,98.00,0.00
161.000,active,78.00,0.00,1,1,344719360,0,447172608,0,16384,0,0,0,0.000,4,1,78.00,78.00,18.00
161.504,active,78.00,0.00,1,1,344719360,0,447172608,0,5283840,16781312,0,0,0.000,4,2,78.00,80.00,40.00
162.000,active,96.00,0.00,1,1,344719360,0,447172608,0,3170304,16584704,0,0,0.000,4,1,96.00,96.00,4.00
162.504,active,96.00,0.00,1,1,344719360,0,447172608,0,3170304,8581120,0,0,0.000,4,1,94.00,94.00,4.00
163.000,active,94.00,0.00,1,1,344719360,0,447172608,0,2113536,8388608,0,0,0.000,4,2,94.00,96.00,2.00
163.504,active,96.00,0.00,1,1,344719360,0,447172608,0,4227072,16777216,0,0,0.000,4,1,96.00,96.00,4.00
164.000,active,92.00,0.00,1,1,344719360,0,447172608,0,3170304,12582912,0,0,0.000,4,1,92.00,92.00,40.00
164.504,active,98.00,0.00,1,1,344719360,0,447172608,0,3170304,12582912,0,0,0.000,4,1,96.00,96.00,272.00
165.004,active,94.00,0.00,1,1,344723456,0,447172608,0,3170304,12587008,0,0,0.000,4,2,94.00,96.00,2.00
165.500,active,96.00,0.00,1,1,344723456,0,447172608,0,2113536,8388608,0,0,0.000,4,1,96.00,96.00,2.00
166.004,active,98.00,0.00,1,1,344723456,0,447172608,0,2113536,8392704,0,0,0.000,4,1,96.00,96.00,2.00
166.500,active,94.00,0.00,1,1,344723456,0,447172608,0,2113536,8388608,0,0,0.000,4,2,94.00,96.00,26.00
167.004,active,94.00,0.00,1,1,344723456,0,447172608,0,3170304,12582912,0,0,0.000,4,1,94.00,94.00,4.00
167.500,active,98.00,0.00,1,1,344723456,0,447172608,0,2113536,8388608,0,0,0.000,4,1,96.00,96.00,4.00
168.004,active,96.00,0.00,1,1,344723456,0,447172608,0,2113536,8388608,0,0,0.000,4,1,94.00,94.00,0.00
168.500,active,94.00,0.00,1,1,344723456,0,447172608,0,2113536,8388608,0,0,0.000,4,2,96.00,98.00,2.00
169.000,active,96.00,0.00,1,1,344723456,0,447172608,0,4227072,16777216,0,0,0.000,4,1,96.00,96.00,16.00
169.504,active,96.00,0.00,1,1,344723456,0,447172608,0,3170304,12582912,0,0,0.000,4,1,94.00,94.00,150.00
170.004,active,96.00,0.00,1,1,344723456,0,447172608,0,3170304,12587008,0,0,0.000,4,1,94.00,94.00,34.00
170.500,active,94.00,0.00,1,1,344723456,0,447172608,0,2113536,8388608,0,0,0.000,4,2,96.00,98.00,2.00
171.004,active,98.00,0.00,1,1,344723456,0,447172608,0,2113536,8388608,0,0,0.000,4,1,96.00,96.00,2.00
171.500,active,94.00,0.00,1,1,344723456,0,447172608,0,3170304,12582912,0,0,0.000,4,1,94.00,94.00,4.00
172.004,active,96.00,0.00,1,1,344723456,0,447172608,0,3170304,12582912,0,0,0.000,4,1,96.00,96.00,4.00
172.500,active,94.00,0.00,1,1,344723456,0,447172608,0,2113536,8392704,0,0,0.000,4,2,92.00,96.00,8.00
173.004,active,96.00,0.00,1,1,344723456,0,447172608,0,3170304,12582912,0,0,0.000,4,1,96.00,96.00,2.00
173.500,active,96.00,0.00,1,1,344727552,0,447172608,0,3170304,12582912,0,0,0.000,4,1,96.00,96.00,4.00
174.004,active,96.00,0.00,1,1,344727552,0,447172608,0,2113536,8388608,0,0,0.000,4,1,94.00,94.00,6.00
174.500,active,94.00,0.00,1,1,344727552,0,447172608,0,4227072,16777216,0,0,0.000,4,2,94.00,96.00,10.00
175.004,active,96.00,0.00,1,1,344727552,0,447172608,0,2113536,8388608,0,0,0.000,4,1,94.00,94.00,2.00
175.500,active,94.00,0.00,1,1,344727552,0,447172608,0,3170304,12582912,0,0,0.000,4,1,94.00,94.00,4.00
176.004,active,98.00,0.00,1,1,344727552,0,447172608,0,2113536,8388608,0,0,0.000,4,1,98.00,98.00,2.00
176.504,active,94.00,0.00,1,1,344727552,0,447172608,0,4227072,16777216,0,0,0.000,4,1,94.00,94.00,4.00
177.000,active,96.00,0.00,1,1,344727552,0,447172608,0,2113536,8388608,0,0,0.000,4,2,94.00,96.00,4.00
177.504,active,96.00,0.00,1,1,344727552,0,447172608,0,3170304,12582912,0,0,0.000,4,1,94.00,94.00,10.00
178.000,active,94.00,0.00,1,1,344727552,0,447172608,0,2113536,8392704,0,0,0.000,4,1,96.00,96.00,2.00
178.504,active,96.00,0.00,1,1,344727552,0,447172608,0,2113536,10358784,0,0,0.000,4,1,96.00,96.00,2.00
179.000,active,96.00,0.00,1,1,344727552,0,447172608,0,3170304,10612736,0,0,0.000,4,2,96.00,98.00,2.00
179.504,active,94.00,0.00,1,1,344727552,0,447172608,0,4227072,16777216,0,0,0.000,4,2,92.00,94.00,16.00
180.000,active,94.00,0.00,1,1,344727552,0,447172608,0,4227072,16777216,0,0,0.000,4,1,94.00,94.00,4.00
180.506,active,96.00,0.00,1,1,344727552,0,447172608,0,3170304,12582912,0,0,0.000,4,1,96.00,96.00,2.00
181.000,active,94.00,0.00,1,1,344727552,0,447172608,0,4227072,16777216,0,0,0.000,4,2,92.00,94.00,4.00
181.502,active,92.00,0.00,1,1,344731648,0,447172608,0,6356992,25165824,0,0,0.000,4,1,90.00,90.00,10.00
182.004,active,94.00,0.00,1,1,344731648,0,447172608,0,3170304,12587008,0,0,0.000,4,1,94.00,94.00,4.00
182.504,active,96.00,0.00,1,1,344731648,0,447172608,0,3170304,12582912,0,0,0.000,4,1,96.00,96.00,28.00
183.000,active,94.00,0.00,1,1,344731648,0,447172608,0,2113536,8388608,0,0,0.000,4,2,94.00,96.00,90.00
183.504,active,96.00,0.00,1,1,344731648,0,447172608,0,4227072,16777216,0,0,0.000,4,1,96.00,96.00,94.00
184.004,active,96.00,0.00,1,1,344731648,0,447172608,0,2113536,8388608,0,0,0.000,4,1,94.00,94.00,92.00
184.504,active,94.00,0.00,1,1,344731648,0,447172608,0,4227072,16777216,0,0,0.000,4,2,94.00,96.00,96.00
185.000,active,96.00,0.00,1,1,344731648,0,447172608,0,3170304,12582912,0,0,0.000,4,1,94.00,94.00,98.00
185.504,active,96.00,0.00,1,1,344731648,0,447172608,0,2113536,8392704,0,0,0.000,4,1,96.00,96.00,98.00
186.000,active,96.00,0.00,1,1,344731648,0,447172608,0,2113536,8388608,0,0,0.000,4,1,96.00,96.00,100.00
186.504,active,96.00,0.00,1,1,344731648,0,447172608,0,3170304,12582912,0,0,0.000,4,2,94.00,96.00,102.00
187.001,active,74.00,0.00,1,1,344731648,0,447172608,0,1073152,8388608,0,0,0.000,4,1,74.00,74.00,118.00
187.504,active,38.00,0.00,1,1,344731648,0,447172608,0,1040384,0,0,0,0.000,4,2,36.00,38.00,154.00
188.000,active,94.00,0.00,1,1,344731648,0,447172608,0,3170304,12587008,0,0,0.000,4,1,94.00,94.00,96.00
188.504,active,98.00,0.00,1,1,344731648,0,447172608,0,2113536,8388608,0,0,0.000,4,1,98.00,98.00,96.00
189.000,active,96.00,0.00,1,1,344731648,0,447172608,0,2113536,8671232,0,0,0.000,4,2,94.00,96.00,96.00
189.504,active,94.00,0.00,1,1,344731648,0,447172608,0,4227072,16494592,0,0,0.000,4,1,94.00,94.00,102.00
190.000,active,96.00,0.00,1,1,344735744,0,447172608,0,3170304,12582912,0,0,0.000,4,1,94.00,94.00,102.00
190.504,active,94.00,0.00,1,1,344735744,0,447172608,0,3170304,12582912,0,0,0.000,4,2,96.00,98.00,102.00
191.000,active,94.00,0.00,1,1,344735744,0,447172608,0,2113536,8388608,0,0,0.000,4,1,94.00,94.00,132.00
191.504,active,100.00,0.00,1,1,344735744,0,447172608,0,2113536,8388608,0,0,0.000,4,1,96.00,96.00,102.00
192.000,active,94.00,0.00,1,1,344735744,0,447172608,0,3170304,12582912,0,0,0.000,4,1,94.00,94.00,106.00
192.504,active,94.00,0.00,1,1,344735744,0,447172608,0,3170304,12582912,0,0,0.000,4,2,96.00,98.00,122.00
193.000,active,98.00,0.00,1,1,344735744,0,447172608,0,2113536,8388608,0,0,0.000,4,1,96.00,96.00,106.00
193.501,active,94.00,0.00,1,1,344735744,0,447172608,0,3170304,12582912,0,0,0.000,4,1,94.00,94.00,100.00
194.000,active,96.00,0.00,1,1,344735744,0,447172608,0,3170304,12587008,0,0,0.000,4,1,94.00,94.00,96.00
194.504,active,96.00,0.00,1,1,344735744,0,447172608,0,2113536,8388608,0,0,0.000,4,1,96.00,96.00,122.00
195.000,active,94.00,0.00,1,1,344735744,0,447172608,0,4227072,16777216,0,0,0.000,4,2,94.00,96.00,100.00
195.504,active,96.00,0.00,1,1,344735744,0,447172608,0,2113536,8388608,0,0,0.000,4,1,96.00,96.00,102.00
196.000,active,96.00,0.00,1,1,344735744,0,447172608,0,2113536,8388608,0,0,0.000,4,1,94.00,94.00,104.00
196.504,active,70.00,0.00,1,1,344735744,0,447172608,0,2113536,8392704,0,0,0.000,4,1,70.00,70.00,182.00
197.004,active,96.00,0.00,1,1,344735744,0,447172608,0,3170304,12582912,0,0,0.000,4,2,96.00,98.00,102.00
197.500,active,96.00,0.00,1,1,344735744,0,447172608,0,3170304,12582912,0,0,0.000,4,2,94.00,96.00,100.00
198.004,active,94.00,0.00,1,1,344739840,0,447172608,0,3170304,12582912,0,0,0.000,4,1,94.00,94.00,100.00
198.500,active,96.00,0.00,1,1,344739840,0,447172608,0,2113536,8388608,0,0,0.000,4,1,96.00,96.00,100.00
199.004,active,96.00,0.00,1,1,344739840,0,447172608,0,3170304,12582912,0,0,0.000,4,1,96.00,96.00,100.00
199.500,active,96.00,0.00,1,1,344739840,0,447172608,0,2113536,8392704,0,0,0.000,4,2,94.00,96.00,98.00
200.004,active,96.00,0.00,1,1,344739840,0,447172608,0,3170304,12582912,0,0,0.000,4,1,96.00,96.00,100.00
200.500,active,94.00,0.00,1,1,344739840,0,447172608,0,4227072,16777216,0,0,0.000,4,1,94.00,94.00,102.00
201.008,active,94.00,0.00,1,1,344739840,0,447172608,0,5283840,20971520,0,0,0.000,4,1,92.00,92.00,104.00
201.500,active,94.00,0.00,1,1,344739840,0,447172608,0,4227072,16777216,0,0,0.000,4,1,94.00,94.00,102.00
202.004,active,94.00,0.00,1,1,344739840,0,447172608,0,4243456,16777216,0,0,0.000,4,2,94.00,96.00,104.00
202.500,active,94.00,0.00,1,1,344739840,0,447172608,0,4227072,16777216,0,0,0.000,4,1,92.00,92.00,100.00
203.004,active,96.00,0.00,1,1,344739840,0,447172608,0,3170304,12582912,0,0,0.000,4,1,96.00,96.00,44.00
203.504,active,98.00,0.00,1,1,344739840,0,447172608,0,2113536,8388608,0,0,0.000,4,3,94.00,100.00,72.00
204.000,active,94.00,0.00,1,1,344739840,0,447172608,0,3170304,12587008,0,0,0.000,4,1,94.00,94.00,60.00
204.504,active,96.00,0.00,1,1,344739840,0,447172608,0,2113536,8388608,0,0,0.000,4,1,98.00,98.00,6.00
205.001,active,94.00,0.00,1,1,344739840,0,447172608,0,4227072,16777216,0,0,0.000,4,2,92.00,94.00,68.00
205.507,active,96.00,0.00,1,1,344739840,0,447172608,0,2113536,8388608,0,0,0.000,4,2,96.00,98.00,94.00
206.000,active,96.00,0.00,1,1,344739840,0,447172608,0,3170304,12582912,0,0,0.000,4,1,92.00,92.00,98.00
206.501,active,96.00,0.00,1,1,344743936,0,447172608,0,2113536,8388608,0,0,0.000,4,1,96.00,96.00,94.00
207.000,active,94.00,0.00,1,1,344743936,0,447172608,0,3170304,12582912,0,0,0.000,4,1,94.00,94.00,98.00
207.500,active,96.00,0.00,1,1,344743936,0,447172608,0,3170304,12582912,0,0,0.000,4,2,98.00,100.00,96.00
208.000,active,96.00,0.00,1,1,344743936,0,447172608,0,3170304,12582912,0,0,0.000,4,1,92.00,92.00,100.00
208.500,active,94.00,0.00,1,1,344743936,0,447172608,0,2113536,8388608,0,0,0.000,4,2,96.00,98.00,86.00
209.003,active,96.00,0.00,1,1,344743936,0,447172608,0,3170304,12582912,0,0,0.000,4,1,94.00,94.00,90.00
209.504,active,98.00,0.00,1,1,344743936,0,447172608,0,2113536,8388608,0,0,0.000,4,1,96.00,96.00,100.00
210.000,active,94.00,0.00,1,1,344743936,0,447172608,0,3170304,12582912,0,0,0.000,4,1,94.00,94.00,100.00
210.504,active,96.00,0.00,1,1,344743936,0,447172608,0,3170304,12587008,0,0,0.000,4,2,96.00,98.00,104.00
211.000,active,88.00,0.00,1,1,344743936,0,447172608,0,2113536,8388608,0,0,0.000,4,1,88.00,88.00,120.00
211.504,active,96.00,0.00,1,1,344743936,0,447172608,0,2113536,8392704,0,0,0.000,4,1,96.00,96.00,98.00
212.000,active,96.00,0.00,1,1,344743936,0,447172608,0,2113536,8388608,0,0,0.000,4,2,96.00,98.00,98.00
212.504,active,96.00,0.00,1,1,344743936,0,447172608,0,3170304,12582912,0,0,0.000,4,1,94.00,94.00,100.00
213.000,active,96.00,0.00,1,1,344743936,0,447172608,0,2113536,8388608,0,0,0.000,4,1,96.00,96.00,100.00
213.503,active,94.00,0.00,1,1,344743936,0,447172608,0,3170304,12582912,0,0,0.000,4,1,94.00,94.00,100.00
214.004,active,96.00,0.00,1,1,344743936,0,447172608,0,2113536,8388608,0,0,0.000,4,2,94.00,96.00,100.00
214.500,active,94.00,0.00,1,1,344748032,0,447172608,0,3170304,12582912,0,0,0.000,4,1,94.00,94.00,96.00
215.004,active,98.00,0.00,1,1,344748032,0,447172608,0,2113536,8388608,0,0,0.000,4,1,96.00,96.00,100.00
215.500,active,96.00,0.00,1,1,344748032,0,447172608,0,3170304,12587008,0,0,0.000,4,2,94.00,96.00,104.00
216.004,active,96.00,0.00,1,1,344748032,0,447172608,0,2113536,8388608,0,0,0.000,4,1,98.00,98.00,106.00
216.501,active,96.00,0.00,1,1,344748032,0,447172608,0,2113536,8388608,0,0,0.000,4,1,96.00,96.00,126.00
217.000,active,86.00,0.00,1,1,344748032,0,447172608,0,1056768,4194304,0,0,0.000,4,2,86.00,88.00,204.00
217.500,active,98.00,0.00,1,1,344748032,0,447172608,0,2113536,8388608,0,0,0.000,4,1,96.00,96.00,100.00
218.004,active,98.00,0.00,1,1,344748032,0,447172608,0,2113536,8388608,0,0,0.000,4,1,96.00,96.00,96.00
218.504,active,94.00,0.00,1,1,344748032,0,447172608,0,2113536,8388608,0,0,0.000,4,1,96.00,96.00,118.00
219.000,active,96.00,0.00,1,1,344748032,0,447172608,0,2113536,8388608,0,0,0.000,4,2,94.00,96.00,96.00
219.504,active,98.00,0.00,1,1,344748032,0,447172608,0,3170304,12582912,0,0,0.000,4,1,96.00,96.00,100.00
220.000,active,94.00,0.00,1,1,344748032,0,447172608,0,2113536,8388608,0,0,0.000,4,1,96.00,96.00,98.00
220.504,active,98.00,0.00,1,1,344748032,0,447172608,0,1056768,4194304,0,0,0.000,4,2,96.00,98.00,100.00
221.000,active,94.00,0.00,1,1,344748032,0,447172608,0,3170304,12582912,0,0,0.000,4,1,94.00,94.00,100.00
221.504,active,98.00,0.00,1,1,344748032,0,447172608,0,2113536,8388608,0,0,0.000,4,1,98.00,98.00,94.00
222.000,active,96.00,0.00,1,1,344748032,0,447172608,0,1056768,4194304,0,0,0.000,4,2,94.00,96.00,4.00
222.504,active,98.00,0.00,1,1,344748032,0,447172608,0,2113536,8388608,0,0,0.000,4,1,96.00,96.00,78.00
223.000,active,94.00,0.00,1,1,344752128,0,447172608,0,2113536,8388608,0,0,0.000,4,1,96.00,96.00,30.00
223.504,active,98.00,0.00,1,1,344752128,0,447172608,0,3170304,12582912,0,0,0.000,4,2,96.00,98.00,78.00
224.000,active,94.00,0.00,1,1,344752128,0,447172608,0,2113536,8388608,0,0,0.000,4,1,94.00,94.00,2.00
224.504,active,96.00,0.00,1,1,344752128,0,447172608,0,4227072,16781312,0,0,0.000,4,1,94.00,94.00,54.00
225.000,active,92.00,0.00,1,1,344752128,0,447172608,0,4243456,16777216,0,0,0.000,4,2,92.00,94.00,80.00
225.504,active,94.00,0.00,1,1,344752128,0,447172608,0,4227072,16777216,0,0,0.000,4,1,94.00,94.00,98.00
226.000,active,94.00,0.00,1,1,344752128,0,447172608,0,3170304,12582912,0,0,0.000,4,1,94.00,94.00,108.00
226.504,active,98.00,0.00,1,1,344752128,0,447172608,0,2113536,8392704,0,0,0.000,4,2,96.00,98.00,96.00
227.000,active,94.00,0.00,1,1,344752128,0,447172608,0,2113536,8388608,0,0,0.000,4,1,94.00,94.00,98.00
227.504,active,98.00,0.00,1,1,344752128,0,447172608,0,3170304,12582912,0,0,0.000,4,1,94.00,94.00,98.00
228.000,active,92.00,0.00,1,1,344752128,0,447172608,0,3170304,12582912,0,0,0.000,4,1,96.00,96.00,98.00
228.504,active,98.00,0.00,1,1,344752128,0,447172608,0,3170304,12587008,0,0,0.000,4,2,96.00,98.00,98.00
229.000,active,94.00,0.00,1,1,344752128,0,447172608,0,2113536,8388608,0,0,0.000,4,1,94.00,94.00,96.00
229.504,active,98.00,0.00,1,1,344752128,0,447172608,0,3170304,12582912,0,0,0.000,4,1,96.00,96.00,100.00
230.000,active,94.00,0.00,1,1,344752128,0,447172608,0,4247552,20971520,0,0,0.000,4,2,92.00,94.00,102.00
230.504,active,92.00,0.00,1,1,344752128,0,447172608,0,5263360,16777216,0,0,0.000,4,1,94.00,94.00,104.00
231.000,active,96.00,0.00,1,1,344756224,0,447172608,0,2113536,8388608,0,0,0.000,4,1,96.00,96.00,104.00
231.504,active,98.00,0.00,1,1,344756224,0,447172608,0,2113536,8388608,0,0,0.000,4,1,96.00,96.00,98.00
232.000,active,94.00,0.00,1,1,344756224,0,447172608,0,3170304,12582912,0,0,0.000,4,2,94.00,96.00,98.00
232.504,active,92.00,0.00,1,1,344756224,0,447172608,0,3170304,12582912,0,0,0.000,4,1,92.00,92.00,102.00
233.000,active,94.00,0.00,1,1,344756224,0,447172608,0,2113536,8388608,0,0,0.000,4,1,92.00,92.00,98.00
233.501,active,94.00,0.00,1,1,344756224,0,447172608,0,2113536,8388608,0,0,0.000,4,1,94.00,94.00,104.00
234.002,active,96.00,0.00,1,1,344756224,0,447172608,0,3170304,12587008,0,0,0.000,4,2,96.00,98.00,202.00
234.504,active,96.00,0.00,1,1,344756224,0,447172608,0,2113536,8388608,0,0,0.000,4,1,94.00,94.00,172.00
235.000,active,94.00,0.00,1,1,344756224,0,447172608,0,2113536,8388608,0,0,0.000,4,1,94.00,94.00,94.00
235.504,active,96.00,0.00,1,1,344756224,0,447172608,0,3170304,12582912,0,0,0.000,4,2,96.00,98.00,96.00
236.000,active,96.00,0.00,1,1,344756224,0,447172608,0,2113536,8388608,0,0,0.000,4,1,96.00,96.00,96.00
236.504,active,96.00,0.00,1,1,344756224,0,447172608,0,2113536,8388608,0,0,0.000,4,1,94.00,94.00,112.00
237.004,active,96.00,0.00,1,1,344756224,0,447172608,0,2113536,8388608,0,0,0.000,4,2,94.00,96.00,96.00
237.500,active,94.00,0.00,1,1,344756224,0,447172608,0,3170304,12587008,0,0,0.000,4,1,94.00,94.00,100.00
238.000,active,96.00,0.00,1,1,344756224,0,447172608,0,2113536,8388608,0,0,0.000,4,2,94.00,96.00,124.00
238.504,active,94.00,0.00,1,1,344756224,0,447172608,0,3170304,12582912,0,0,0.000,4,1,94.00,94.00,98.00
239.000,active,96.00,0.00,1,1,344756224,0,447172608,0,2113536,8388608,0,0,0.000,4,1,96.00,96.00,98.00
239.501,active,84.00,0.00,1,1,344760320,0,447172608,0,1073152,8388608,0,0,0.000,4,1,86.00,86.00,126.00
240.004,active,66.00,0.00,1,1,344760320,0,447172608,0,2097152,4194304,0,0,0.000,4,2,62.00,64.00,236.00
240.500,active,94.00,0.00,1,1,344760320,0,447172608,0,2113536,8388608,0,0,0.000,4,1,94.00,94.00,200.00
241.004,active,98.00,0.00,1,1,344760320,0,447172608,0,2113536,8388608,0,0,0.000,4,2,96.00,98.00,202.00
241.500,active,96.00,0.00,1,1,344760320,0,447172608,0,2113536,8396800,0,0,0.000,4,1,96.00,96.00,222.00
242.004,active,98.00,0.00,1,1,344760320,0,447172608,0,2113536,8388608,0,0,0.000,4,1,96.00,96.00,128.00
242.500,active,92.00,0.00,1,1,344760320,0,447172608,0,3170304,12582912,0,0,0.000,4,2,94.00,96.00,100.00
243.004,active,96.00,0.00,1,1,344760320,0,447172608,0,2113536,8388608,0,0,0.000,4,1,94.00,94.00,106.00
243.500,active,94.00,0.00,1,1,344760320,0,447172608,0,2113536,8388608,0,0,0.000,4,1,94.00,94.00,84.00
244.004,active,96.00,0.00,1,1,344760320,0,447172608,0,3170304,12582912,0,0,0.000,4,1,96.00,96.00,2.00
244.500,active,98.00,0.00,1,1,344760320,0,447172608,0,1056768,4194304,0,0,0.000,4,2,96.00,98.00,18.00
245.000,active,52.00,0.00,1,1,344760320,0,447172608,0,1056768,4194304,0,0,0.000,4,1,52.00,52.00,120.00
245.502,active,96.00,0.00,1,1,344760320,0,447172608,0,2113536,8388608,0,0,0.000,4,1,96.00,96.00,74.00
246.003,active,96.00,0.00,1,1,344760320,0,447172608,0,3170304,12582912,0,0,0.000,4,2,96.00,98.00,38.00
246.504,active,96.00,0.00,1,1,344760320,0,447172608,0,2113536,8388608,0,0,0.000,4,1,96.00,96.00,40.00
247.001,active,96.00,0.00,1,1,344760320,0,447172608,0,3170304,12582912,0,0,0.000,4,1,92.00,92.00,78.00
247.504,active,92.00,0.00,1,1,344764416,0,447172608,0,5300224,20975616,0,0,0.000,4,2,92.00,94.00,76.00
248.000,active,94.00,0.00,1,1,344764416,0,447172608,0,4227072,16777216,0,0,0.000,4,2,92.00,94.00,98.00
248.504,active,94.00,0.00,1,1,344764416,0,447172608,0,4227072,16777216,0,0,0.000,4,1,94.00,94.00,108.00
249.000,active,96.00,0.00,1,1,344764416,0,447172608,0,2113536,8388608,0,0,0.000,4,1,96.00,96.00,96.00
249.504,active,94.00,0.00,1,1,344764416,0,447172608,0,3166208,12582912,0,0,0.000,4,2,94.00,96.00,100.00
250.000,active,98.00,0.00,1,1,344764416,0,447172608,0,2113536,8388608,0,0,0.000,4,1,96.00,96.00,112.00
250.504,active,48.00,0.00,1,1,344764416,0,447172608,0,1052672,4194304,0,0,0.000,4,1,48.00,48.00,206.00
251.000,active,94.00,0.00,1,1,344764416,0,447172608,0,4227072,16777216,0,0,0.000,4,1,92.00,92.00,102.00
251.504,active,96.00,0.00,1,1,344764416,0,447172608,0,2113536,8388608,0,0,0.000,4,2,98.00,100.00,100.00
252.000,active,96.00,0.00,1,1,344764416,0,447172608,0,3170304,12582912,0,0,0.000,4,1,94.00,94.00,100.00
252.500,active,96.00,0.00,1,1,344764416,0,447172608,0,2109440,8388608,0,0,0.000,4,1,94.00,94.00,100.00
253.004,active,96.00,0.00,1,1,344764416,0,447172608,0,2113536,8388608,0,0,0.000,4,2,96.00,98.00,98.00
253.500,active,92.00,0.00,1,1,344764416,0,447172608,0,5283840,20971520,0,0,0.000,4,1,92.00,92.00,110.00
254.004,active,96.00,0.00,1,1,344764416,0,447172608,0,3170304,12587008,0,0,0.000,4,1,96.00,96.00,102.00
254.500,active,96.00,0.00,1,1,344764416,0,447172608,0,3162112,12582912,0,0,0.000,4,2,94.00,96.00,98.00
255.004,active,96.00,0.00,1,1,344764416,0,447172608,0,2109440,8388608,0,0,0.000,4,1,96.00,96.00,100.00
255.500,active,94.00,0.00,1,1,344764416,0,447172608,0,3162112,12582912,0,0,0.000,4,1,94.00,94.00,100.00
256.004,active,96.00,0.00,1,1,344764416,0,447172608,0,3162112,12582912,0,0,0.000,4,1,94.00,94.00,100.00
256.500,active,94.00,0.00,1,1,344969216,0,447172608,0,2105344,8388608,0,0,0.000,4,2,94.00,96.00,98.00
257.002,active,98.00,0.00,1,1,344969216,0,447172608,0,2109440,8482816,0,0,0.000,4,1,96.00,96.00,118.00
257.503,active,96.00,0.00,1,1,344969216,0,447172608,0,3170304,12492800,0,0,0.000,4,1,96.00,96.00,200.00
258.004,active,78.00,0.00,1,1,344969216,0,447172608,0,2109440,8388608,0,0,0.000,4,2,76.00,78.00,150.00
258.500,active,94.00,0.00,1,1,344969216,0,447172608,0,2109440,8388608,0,0,0.000,4,1,96.00,96.00,98.00
259.004,active,98.00,0.00,1,1,344969216,0,447172608,0,2109440,8388608,0,0,0.000,4,1,96.00,96.00,100.00
259.500,active,94.00,0.00,1,1,344969216,0,447172608,0,3166208,12587008,0,0,0.000,4,2,92.00,94.00,98.00
260.004,active,98.00,0.00,1,1,344969216,0,447172608,0,2113536,8388608,0,0,0.000,4,1,98.00,98.00,98.00
260.500,active,70.00,0.00,1,1,344969216,0,447172608,0,2113536,8388608,0,0,0.000,4,1,70.00,70.00,122.00
261.004,active,94.00,0.00,1,1,344969216,0,447172608,0,2109440,8388608,0,0,0.000,4,1,94.00,94.00,102.00
261.500,active,96.00,0.00,1,1,344969216,0,447172608,0,3162112,12582912,0,0,0.000,4,2,96.00,98.00,100.00
262.004,active,96.00,0.00,1,1,344969216,0,447172608,0,2113536,8388608,0,0,0.000,4,1,96.00,96.00,122.00
262.500,active,92.00,0.00,1,1,344969216,0,447172608,0,2113536,8388608,0,0,0.000,4,1,90.00,90.00,114.00
263.004,active,96.00,0.00,1,1,344969216,0,447172608,0,2113536,8388608,0,0,0.000,4,2,98.00,100.00,102.00
263.500,active,96.00,0.00,1,1,344969216,0,447172608,0,2105344,8388608,0,0,0.000,4,1,94.00,94.00,100.00
264.004,active,98.00,0.00,1,1,344973312,0,447172608,0,2109440,8388608,0,0,0.000,4,1,96.00,96.00,184.00
264.500,active,96.00,0.00,1,1,344973312,0,447172608,0,2109440,8388608,0,0,0.000,4,1,96.00,96.00,300.00
265.004,active,96.00,0.00,1,1,344973312,0,447172608,0,2105344,8388608,0,0,0.000,4,2,96.00,98.00,154.00
265.500,active,96.00,0.00,1,1,344973312,0,447172608,0,3166208,12582912,0,0,0.000,4,1,92.00,92.00,60.00
266.000,active,96.00,0.00,1,1,344973312,0,447172608,0,1056768,4194304,0,0,0.000,4,1,98.00,98.00,0.00
266.500,active,40.00,0.00,1,1,344973312,0,447172608,0,1052672,4198400,0,0,0.000,4,2,38.00,40.00,114.00
267.004,active,94.00,0.00,1,1,344973312,0,447172608,0,3158016,12582912,0,0,0.000,4,1,94.00,94.00,2.00
267.500,active,96.00,0.00,1,1,344973312,0,447172608,0,2105344,8388608,0,0,0.000,4,1,96.00,96.00,2.00
268.004,active,98.00,0.00,1,1,344973312,0,447172608,0,2113536,8388608,0,0,0.000,4,2,96.00,98.00,2.00
268.500,active,94.00,0.00,1,1,344973312,0,447172608,0,2109440,8388608,0,0,0.000,4,1,96.00,96.00,2.00
269.004,active,98.00,0.00,1,1,344973312,0,447172608,0,2105344,8388608,0,0,0.000,4,1,96.00,96.00,2.00
269.500,active,94.00,0.00,1,1,344973312,0,447172608,0,3166208,12582912,0,0,0.000,4,2,94.00,96.00,2.00
270.004,active,98.00,0.00,1,1,344977408,0,447172608,0,2113536,8388608,0,0,0.000,4,1,96.00,96.00,2.00
270.500,active,94.00,0.00,1,1,344977408,0,447172608,0,4210688,16777216,0,0,0.000,4,1,94.00,94.00,86.00
271.000,active,90.00,0.00,1,1,344977408,0,447172608,0,6303744,25165824,0,0,0.000,4,2,92.00,94.00,38.00
271.500,active,94.00,0.00,1,1,344977408,0,447172608,0,4227072,16777216,0,0,0.000,4,1,92.00,92.00,4.00
272.004,active,98.00,0.00,1,1,344977408,0,447172608,0,2113536,8392704,0,0,0.000,4,1,96.00,96.00,2.00
272.501,active,94.00,0.00,1,1,344981504,0,447172608,0,3170304,12582912,0,0,0.000,4,2,94.00,96.00,4.00
273.000,active,98.00,0.00,1,1,344981504,0,447172608,0,2113536,8388608,0,0,0.000,4,1,96.00,96.00,2.00
273.504,active,96.00,0.00,1,1,344981504,0,447172608,0,3170304,12582912,0,0,0.000,4,1,96.00,96.00,2.00
274.000,active,94.00,0.00,1,1,344981504,0,447172608,0,3166208,12582912,0,0,0.000,4,2,94.00,96.00,6.00
274.504,active,96.00,0.00,1,1,344981504,0,447172608,0,2113536,8388608,0,0,0.000,4,1,94.00,94.00,2.00
275.000,active,94.00,0.00,1,1,344981504,0,447172608,0,3170304,12582912,0,0,0.000,4,1,94.00,94.00,4.00
275.504,active,96.00,0.00,1,1,344981504,0,447172608,0,2113536,8388608,0,0,0.000,4,1,96.00,96.00,40.00
276.000,active,96.00,0.00,1,1,344981504,0,447172608,0,4227072,16777216,0,0,0.000,4,2,96.00,98.00,4.00
276.504,active,94.00,0.00,1,1,344981504,0,447172608,0,5283840,20971520,0,0,0.000,4,1,92.00,92.00,8.00
277.000,active,94.00,0.00,1,1,344981504,0,447172608,0,2113536,8388608,0,0,0.000,4,1,94.00,94.00,2.00
277.504,active,98.00,0.00,1,1,344981504,0,447172608,0,2113536,8392704,0,0,0.000,4,2,98.00,100.00,2.00
278.000,active,96.00,0.00,1,1,344981504,0,447172608,0,3170304,12582912,0,0,0.000,4,1,94.00,94.00,2.00
278.504,active,96.00,0.00,1,1,344981504,0,447172608,0,2113536,8388608,0,0,0.000,4,1,96.00,96.00,2.00
279.000,active,94.00,0.00,1,1,344981504,0,447172608,0,3170304,12582912,0,0,0.000,4,2,94.00,96.00,4.00
279.504,active,98.00,0.00,1,1,344981504,0,447172608,0,3170304,12582912,0,0,0.000,4,2,96.00,100.00,8.00
280.000,active,96.00,0.00,1,1,344981504,0,447172608,0,2113536,8388608,0,0,0.000,4,1,96.00,96.00,0.00
280.504,active,96.00,0.00,1,1,344985600,0,447172608,0,2113536,8388608,0,0,0.000,4,2,96.00,98.00,74.00
281.000,active,96.00,0.00,1,1,344985600,0,447172608,0,2109440,8388608,0,0,0.000,4,1,94.00,94.00,2.00
281.504,active,96.00,0.00,1,1,344985600,0,447172608,0,3166208,12582912,0,0,0.000,4,1,96.00,96.00,4.00
282.000,active,94.00,0.00,1,1,344985600,0,447172608,0,2113536,8388608,0,0,0.000,4,1,94.00,94.00,2.00
282.504,active,96.00,0.00,1,1,344985600,0,447172608,0,3170304,12582912,0,0,0.000,4,2,96.00,98.00,2.00
283.000,active,96.00,0.00,1,1,344985600,0,447172608,0,2113536,8388608,0,0,0.000,4,1,94.00,94.00,2.00
283.504,active,96.00,0.00,1,1,344985600,0,447172608,0,3170304,12587008,0,0,0.000,4,1,96.00,96.00,4.00
284.000,active,96.00,0.00,1,1,344989696,0,447172608,0,2113536,8388608,0,0,0.000,4,2,94.00,96.00,2.00
284.504,active,96.00,0.00,1,1,344989696,0,447172608,0,3170304,12582912,0,0,0.000,4,1,96.00,96.00,2.00
285.000,active,96.00,0.00,1,1,344989696,0,447172608,0,2113536,8388608,0,0,0.000,4,1,96.00,96.00,2.00
285.504,active,98.00,0.00,1,1,344989696,0,447172608,0,1056768,4194304,0,0,0.000,4,2,96.00,98.00,42.00
286.000,active,94.00,0.00,1,1,344989696,0,447172608,0,2113536,8388608,0,0,0.000,4,1,96.00,96.00,2.00
286.504,active,98.00,0.00,1,1,344989696,0,447172608,0,2109440,8388608,0,0,0.000,4,1,96.00,96.00,0.00
287.000,active,96.00,0.00,1,1,344989696,0,447172608,0,2113536,8388608,0,0,0.000,4,1,96.00,96.00,2.00
287.504,active,96.00,0.00,1,1,344989696,0,447172608,0,2113536,8388608,0,0,0.000,4,2,96.00,98.00,2.00
288.000,active,98.00,0.00,1,1,344989696,0,447172608,0,2113536,8388608,0,0,0.000,4,1,94.00,94.00,10.00
288.504,active,94.00,0.00,1,1,344989696,0,447172608,0,3170304,12587008,0,0,0.000,4,1,96.00,96.00,6.00
289.000,active,96.00,0.00,1,1,344993792,0,447172608,0,2113536,8388608,0,0,0.000,4,2,94.00,96.00,8.00
289.504,active,96.00,0.00,1,1,344993792,0,447172608,0,2109440,8388608,0,0,0.000,4,1,96.00,96.00,2.00
290.000,active,94.00,0.00,1,1,344993792,0,447172608,0,3170304,12582912,0,0,0.000,4,1,94.00,94.00,2.00
290.500,active,98.00,0.00,1,1,344993792,0,447172608,0,2109440,8392704,0,0,0.000,4,2,96.00,98.00,40.00
291.004,active,98.00,0.00,1,1,344993792,0,447172608,0,1056768,4194304,0,0,0.000,4,1,96.00,96.00,66.00
291.500,active,96.00,0.00,1,1,344993792,0,447172608,0,2113536,8388608,0,0,0.000,4,1,98.00,98.00,2.00
292.004,active,94.00,0.00,1,1,344993792,0,447172608,0,4227072,16777216,0,0,0.000,4,2,94.00,96.00,4.00
292.500,active,94.00,0.00,1,1,344993792,0,447172608,0,2113536,8388608,0,0,0.000,4,1,94.00,94.00,2.00
293.004,active,94.00,0.00,1,1,344993792,0,447172608,0,6344704,25165824,0,0,0.000,4,1,92.00,92.00,30.00
293.500,active,78.00,0.00,1,1,344993792,0,447172608,0,4218880,16777216,0,0,0.000,4,2,76.00,78.00,108.00
294.000,active,86.00,0.00,1,1,344993792,0,447172608,0,1073152,8388608,0,0,0.000,4,1,84.00,84.00,192.00
294.504,active,88.00,0.00,1,1,344993792,0,447172608,0,2088960,4194304,0,0,0.000,4,1,88.00,88.00,306.00
295.000,active,88.00,0.00,1,1,344993792,0,447172608,0,2113536,8388608,0,0,0.000,4,2,90.00,92.00,142.00
295.504,active,82.00,0.00,1,1,344993792,0,447172608,0,4218880,16777216,0,0,0.000,4,1,80.00,80.00,144.00
296.000,active,88.00,0.00,1,1,344993792,0,447172608,0,2113536,8392704,0,0,0.000,4,1,88.00,88.00,286.00
296.504,active,96.00,0.00,1,1,344993792,0,447172608,0,2113536,8388608,0,0,0.000,4,2,94.00,96.00,144.00
297.000,active,96.00,0.00,1,1,344997888,0,447172608,0,3162112,12582912,0,0,0.000,4,1,96.00,96.00,46.00
297.504,active,96.00,0.00,1,1,344997888,0,447172608,0,2113536,8388608,0,0,0.000,4,1,96.00,96.00,4.00
298.000,active,96.00,0.00,1,1,344997888,0,447172608,0,2113536,8388608,0,0,0.000,4,2,94.00,96.00,2.00
298.508,active,98.00,0.00,1,1,345001984,0,447172608,0,2113536,8388608,0,0,0.000,4,1,98.00,98.00,2.00
299.000,active,94.00,0.00,1,1,345001984,0,447172608,0,2105344,8388608,0,0,0.000,4,1,94.00,94.00,2.00
299.500,active,96.00,0.00,1,1,345001984,0,447172608,0,2113536,8388608,0,0,0.000,4,1,96.00,96.00,2.00
300.000,active,98.00,0.00,1,1,345001984,0,447172608,0,1073152,8388608,0,0,0.000,4,2,96.00,98.00,0.00
300.504,active,98.00,0.00,1,1,345001984,0,447172608,0,2097152,4194304,0,0,0.000,4,1,96.00,96.00,6.00
301.000,active,94.00,0.00,1,1,345001984,0,447172608,0,2113536,8388608,0,0,0.000,4,1,94.00,94.00,8.00
301.504,active,96.00,0.00,1,1,345001984,0,447172608,0,2105344,8388608,0,0,0.000,4,2,96.00,98.00,6.00
302.000,active,98.00,0.00,1,1,345001984,0,447172608,0,1052672,4194304,0,0,0.000,4,1,96.00,96.00,2.00
302.500,active,94.00,0.00,1,1,345001984,0,447172608,0,2113536,8388608,0,0,0.000,4,2,96.00,98.00,2.00
303.000,active,96.00,0.00,1,1,345001984,0,447172608,0,2105344,8388608,0,0,0.000,4,2,94.00,96.00,2.00
303.500,active,94.00,0.00,1,1,345001984,0,447172608,0,3162112,12582912,0,0,0.000,4,1,94.00,94.00,2.00
304.004,active,98.00,0.00,1,1,345001984,0,447172608,0,1056768,4198400,0,0,0.000,4,1,96.00,96.00,2.00
304.504,active,96.00,0.00,1,1,345001984,0,447172608,0,2113536,8388608,0,0,0.000,4,2,96.00,98.00,2.00
305.000,active,94.00,0.00,1,1,345001984,0,447172608,0,2113536,8388608,0,0,0.000,4,1,94.00,94.00,4.00
305.504,active,100.00,0.00,1,1,345006080,0,447172608,0,1056768,4194304,0,0,0.000,4,1,98.00,98.00,0.00
306.000,active,94.00,0.00,1,1,345006080,0,447172608,0,3170304,12582912,0,0,0.000,4,1,94.00,94.00,28.00
306.500,active,98.00,0.00,1,1,345006080,0,447172608,0,2113536,8388608,0,0,0.000,4,1,96.00,96.00,2.00
307.004,active,94.00,0.00,1,1,345006080,0,447172608,0,3170304,12582912,0,0,0.000,4,2,94.00,96.00,4.00
307.500,active,96.00,0.00,1,1,345006080,0,447172608,0,2113536,8388608,0,0,0.000,4,1,96.00,96.00,2.00
308.004,active,96.00,0.00,1,1,345006080,0,447172608,0,2113536,8388608,0,0,0.000,4,1,94.00,94.00,2.00
308.504,active,98.00,0.00,1,1,345006080,0,447172608,0,1056768,4194304,0,0,0.000,4,1,98.00,98.00,0.00
309.000,active,96.00,0.00,1,1,345006080,0,447172608,0,2113536,8388608,0,0,0.000,4,2,94.00,96.00,2.00
309.504,active,96.00,0.00,1,1,345006080,0,447172608,0,2113536,8388608,0,0,0.000,4,1,98.00,98.00,2.00
310.000,active,96.00,0.00,1,1,345006080,0,447172608,0,2113536,8388608,0,0,0.000,4,1,94.00,94.00,4.00
310.504,active,96.00,0.00,1,1,345006080,0,447172608,0,2113536,8388608,0,0,0.000,4,1,94.00,94.00,22.00
311.000,active,96.00,0.00,1,1,345006080,0,447172608,0,1056768,4194304,0,0,0.000,4,2,98.00,100.00,64.00
311.504,active,98.00,0.00,1,1,345006080,0,447172608,0,2113536,8388608,0,0,0.000,4,1,96.00,96.00,108.00
312.000,active,96.00,0.00,1,1,345006080,0,447172608,0,1056768,4194304,0,0,0.000,4,2,96.00,98.00,58.00
312.503,active,94.00,0.00,1,1,345010176,0,447172608,0,2113536,8392704,0,0,0.000,4,2,94.00,96.00,66.00
313.004,active,98.00,0.00,1,1,345010176,0,447172608,0,1056768,4194304,0,0,0.000,4,1,96.00,96.00,62.00
313.500,active,96.00,0.00,1,1,345014272,0,447172608,0,2113536,8388608,0,0,0.000,4,1,94.00,94.00,64.00
314.004,active,98.00,0.00,1,1,345014272,0,447172608,0,2113536,8388608,0,0,0.000,4,1,98.00,98.00,12.00
314.500,active,96.00,0.00,1,1,345014272,0,447172608,0,1056768,4194304,0,0,0.000,4,2,96.00,98.00,4.00
315.004,active,96.00,0.00,1,1,345014272,0,447172608,0,2113536,8388608,0,0,0.000,4,1,94.00,94.00,2.00
315.500,active,86.00,0.00,1,1,345014272,0,447172608,0,1056768,4194304,0,0,0.000,4,1,88.00,88.00,4.00
316.004,active,98.00,0.00,1,1,345014272,0,447172608,0,2113536,8388608,0,0,0.000,4,2,96.00,98.00,64.00
316.500,active,96.00,0.00,1,1,345014272,0,447172608,0,2113536,8388608,0,0,0.000,4,1,94.00,94.00,98.00
317.004,active,94.00,0.00,1,1,345014272,0,447172608,0,3170304,12582912,0,0,0.000,4,1,96.00,96.00,34.00
317.500,active,96.00,0.00,1,1,345014272,0,447172608,0,2113536,8388608,0,0,0.000,4,2,94.00,96.00,2.00
318.004,active,96.00,0.00,1,1,345014272,0,447172608,0,2113536,8388608,0,0,0.000,4,1,96.00,96.00,2.00
318.500,active,96.00,0.00,1,1,345014272,0,447172608,0,5283840,20971520,0,0,0.000,4,1,94.00,94.00,4.00
319.004,active,94.00,0.00,1,1,345014272,0,447172608,0,3170304,12582912,0,0,0.000,4,2,94.00,96.00,2.00
319.504,active,96.00,0.00,1,1,345014272,0,447172608,0,3170304,12587008,0,0,0.000,4,1,96.00,96.00,2.00
320.000,active,96.00,0.00,1,1,345014272,0,447172608,0,1056768,4194304,0,0,0.000,4,1,96.00,96.00,2.00
320.504,active,96.00,0.00,1,1,345014272,0,447172608,0,2113536,8388608,0,0,0.000,4,2,94.00,96.00,6.00
321.000,active,94.00,0.00,1,1,345014272,0,447172608,0,5300224,20971520,0,0,0.000,4,1,94.00,94.00,4.00
321.504,active,96.00,0.00,1,1,345014272,0,447172608,0,4227072,16781312,0,0,0.000,4,1,94.00,94.00,20.00
322.000,active,94.00,0.00,1,1,345018368,0,447172608,0,2113536,8388608,0,0,0.000,4,1,94.00,94.00,62.00
322.504,active,98.00,0.00,1,1,345018368,0,447172608,0,2113536,8388608,0,0,0.000,4,2,98.00,100.00,4.00
323.000,active,94.00,0.00,1,1,345018368,0,447172608,0,3170304,12582912,0,0,0.000,4,1,92.00,92.00,2.00
323.504,active,96.00,0.00,1,1,345018368,0,447172608,0,4227072,16777216,0,0,0.000,4,1,96.00,96.00,4.00
324.004,active,94.00,0.00,1,1,345018368,0,447172608,0,2113536,8388608,0,0,0.000,4,2,94.00,96.00,2.00
324.500,active,98.00,0.00,1,1,345018368,0,447172608,0,2113536,8388608,0,0,0.000,4,1,96.00,96.00,2.00
325.004,active,96.00,0.00,1,1,345018368,0,447172608,0,3170304,12587008,0,0,0.000,4,1,96.00,96.00,4.00
325.500,active,94.00,0.00,1,1,345018368,0,447172608,0,2113536,8388608,0,0,0.000,4,1,94.00,94.00,2.00
326.004,active,98.00,0.00,1,1,345018368,0,447172608,0,1056768,4194304,0,0,0.000,4,2,98.00,100.00,66.00
326.504,active,94.00,0.00,1,1,345018368,0,447172608,0,2113536,8388608,0,0,0.000,4,1,92.00,92.00,108.00
327.000,active,80.00,0.00,1,1,345022464,0,447172608,0,1073152,8388608,0,0,0.000,4,1,80.00,80.00,234.00
327.508,active,70.00,0.00,1,1,345022464,0,447172608,0,2097152,4194304,0,0,0.000,4,2,68.00,70.00,290.00
328.000,active,92.00,0.00,1,1,345022464,0,447172608,0,2113536,8388608,0,0,0.000,4,1,92.00,92.00,22.00
328.504,active,94.00,0.00,1,1,345022464,0,447172608,0,1056768,4194304,0,0,0.000,4,1,94.00,94.00,4.00
329.000,active,96.00,0.00,1,1,345022464,0,447172608,0,2113536,8388608,0,0,0.000,4,1,94.00,94.00,2.00
329.504,active,98.00,0.00,1,1,345022464,0,447172608,0,2113536,8388608,0,0,0.000,4,2,98.00,100.00,2.00
330.000,active,94.00,0.00,1,1,345022464,0,447172608,0,2113536,8388608,0,0,0.000,4,1,94.00,94.00,8.00
330.504,active,98.00,0.00,1,1,345026560,0,447172608,0,1056768,4194304,0,0,0.000,4,1,96.00,96.00,2.00
331.000,active,94.00,0.00,1,1,345026560,0,447172608,0,3170304,12582912,0,0,0.000,4,1,94.00,94.00,2.00
331.501,active,98.00,0.00,1,1,345026560,0,447172608,0,2109440,8388608,0,0,0.000,4,2,98.00,102.00,2.00
332.002,active,96.00,0.00,1,1,345026560,0,447172608,0,2109440,8388608,0,0,0.000,4,1,94.00,94.00,12.00
332.503,active,96.00,0.00,1,1,345026560,0,447172608,0,2109440,8388608,0,0,0.000,4,1,96.00,96.00,50.00
333.003,active,98.00,0.00,1,1,345026560,0,447172608,0,1052672,4194304,0,0,0.000,4,2,98.00,100.00,14.00
333.500,active,94.00,0.00,1,1,345026560,0,447172608,0,2109440,8392704,0,0,0.000,4,1,94.00,94.00,2.00
334.004,active,96.00,0.00,1,1,345026560,0,447172608,0,3170304,12582912,0,0,0.000,4,1,96.00,96.00,2.00
334.504,active,98.00,0.00,1,1,345026560,0,447172608,0,2113536,8388608,0,0,0.000,4,2,94.00,96.00,2.00
335.000,active,92.00,0.00,1,1,345026560,0,447172608,0,3170304,12582912,0,0,0.000,4,1,96.00,96.00,2.00
335.504,active,98.00,0.00,1,1,345026560,0,447172608,0,2113536,8388608,0,0,0.000,4,1,94.00,94.00,4.00
336.000,active,98.00,0.00,1,1,345026560,0,447172608,0,1056768,4194304,0,0,0.000,4,1,96.00,96.00,2.00
336.504,active,96.00,0.00,1,1,345026560,0,447172608,0,2113536,8388608,0,0,0.000,4,3,98.00,102.00,2.00
337.004,active,96.00,0.00,1,1,345026560,0,447172608,0,2113536,8388608,0,0,0.000,4,1,94.00,94.00,0.00
337.500,active,96.00,0.00,1,1,345026560,0,447172608,0,1056768,4194304,0,0,0.000,4,1,96.00,96.00,50.00
338.004,active,98.00,0.00,1,1,345026560,0,447172608,0,2113536,8388608,0,0,0.000,4,2,96.00,98.00,20.00
338.500,active,94.00,0.00,1,1,345030656,0,447172608,0,2113536,8388608,0,0,0.000,4,1,96.00,96.00,2.00
339.000,active,96.00,0.00,1,1,345030656,0,447172608,0,2113536,8388608,0,0,0.000,4,1,94.00,94.00,2.00
339.504,active,98.00,0.00,1,1,345030656,0,447172608,0,1056768,4194304,0,0,0.000,4,2,98.00,100.00,2.00
340.000,active,96.00,0.00,1,1,345030656,0,447172608,0,2113536,8388608,0,0,0.000,4,1,94.00,94.00,2.00
340.500,active,98.00,0.00,1,1,345030656,0,447172608,0,2113536,8388608,0,0,0.000,4,1,98.00,98.00,2.00
341.004,active,96.00,0.00,1,1,345034752,0,447172608,0,1056768,4194304,0,0,0.000,4,2,96.00,98.00,2.00
341.500,active,96.00,0.00,1,1,345034752,0,447172608,0,2113536,8392704,0,0,0.000,4,1,94.00,94.00,2.00
342.000,active,96.00,0.00,1,1,345034752,0,447172608,0,1077248,8388608,0,0,0.000,4,1,96.00,96.00,0.00
342.504,active,100.00,0.00,1,1,345034752,0,447172608,0,2093056,4194304,0,0,0.000,4,2,96.00,98.00,30.00
343.000,active,94.00,0.00,1,1,345034752,0,447172608,0,2113536,8388608,0,0,0.000,4,1,96.00,96.00,28.00
343.508,active,98.00,0.00,1,1,345034752,0,447172608,0,1056768,4194304,0,0,0.000,4,1,96.00,96.00,8.00
344.004,active,96.00,0.00,1,1,345034752,0,447172608,0,2113536,8388608,0,0,0.000,4,2,96.00,98.00,2.00
344.500,active,96.00,0.00,1,1,345034752,0,447172608,0,2113536,8388608,0,0,0.000,4,1,96.00,96.00,2.00
345.004,active,96.00,0.00,1,1,345034752,0,447172608,0,3170304,12582912,0,0,0.000,4,1,94.00,94.00,2.00
345.500,active,96.00,0.00,1,1,345034752,0,447172608,0,3170304,12582912,0,0,0.000,4,1,96.00,96.00,2.00
346.004,active,94.00,0.00,1,1,345034752,0,447172608,0,2113536,8388608,0,0,0.000,4,2,96.00,98.00,4.00
346.500,active,94.00,0.00,1,1,345034752,0,447172608,0,5259264,20971520,0,0,0.000,4,1,92.00,92.00,6.00
347.004,active,96.00,0.00,1,1,345038848,0,447172608,0,3170304,12582912,0,0,0.000,4,2,94.00,96.00,2.00
347.500,active,96.00,0.00,1,1,345038848,0,447172608,0,2113536,8388608,0,0,0.000,4,1,96.00,96.00,24.00
348.004,active,96.00,0.00,1,1,345038848,0,447172608,0,1056768,4194304,0,0,0.000,4,1,98.00,98.00,62.00
348.504,active,96.00,0.00,1,1,345038848,0,447172608,0,4227072,16781312,0,0,0.000,4,2,92.00,94.00,16.00
349.000,active,94.00,0.00,1,1,345038848,0,447172608,0,4243456,16777216,0,0,0.000,4,1,92.00,92.00,4.00
349.504,active,94.00,0.00,1,1,345038848,0,447172608,0,5283840,20971520,0,0,0.000,4,1,94.00,94.00,6.00
350.000,active,96.00,0.00,1,1,345038848,0,447172608,0,3170304,12582912,0,0,0.000,4,2,96.00,98.00,2.00
350.504,active,90.00,0.00,1,1,345038848,0,447172608,0,4227072,16777216,0,0,0.000,4,1,90.00,90.00,6.00
351.000,active,96.00,0.00,1,1,345038848,0,447172608,0,2129920,12582912,0,0,0.000,4,1,94.00,94.00,20.00
351.504,active,54.00,0.00,1,1,345038848,0,447172608,0,3153920,8388608,0,0,0.000,4,2,54.00,56.00,86.00
352.000,active,94.00,0.00,1,1,345038848,0,447172608,0,2113536,8388608,0,0,0.000,4,1,94.00,94.00,2.00
352.504,active,96.00,0.00,1,1,345038848,0,447172608,0,2113536,8388608,0,0,0.000,4,1,94.00,94.00,2.00
353.000,active,94.00,0.00,1,1,345038848,0,447172608,0,2134016,12582912,0,0,0.000,4,2,96.00,98.00,2.00
353.504,active,96.00,0.00,1,1,345038848,0,447172608,0,3149824,8388608,0,0,0.000,4,1,96.00,96.00,76.00
354.000,active,78.00,0.00,1,1,345038848,0,447172608,0,3170304,12591104,0,0,0.000,4,1,76.00,76.00,48.00
354.504,active,92.00,0.00,1,1,345038848,0,447172608,0,2113536,8388608,0,0,0.000,4,2,92.00,94.00,6.00
355.000,active,94.00,0.00,1,1,345047040,0,447172608,0,3170304,12582912,0,0,0.000,4,1,94.00,94.00,4.00
355.504,active,98.00,0.00,1,1,345047040,0,447172608,0,2113536,8388608,0,0,0.000,4,1,96.00,96.00,2.00
356.000,active,86.00,0.00,1,1,345047040,0,447172608,0,2129920,12582912,0,0,0.000,4,1,84.00,84.00,24.00
356.504,active,48.00,0.00,1,1,345047040,0,447172608,0,2097152,4194304,0,0,0.000,4,2,48.00,50.00,100.00
357.000,active,96.00,0.00,1,1,345047040,0,447172608,0,2113536,8388608,0,0,0.000,4,1,94.00,94.00,2.00
357.504,active,96.00,0.00,1,1,345047040,0,447172608,0,2113536,8388608,0,0,0.000,4,1,96.00,96.00,0.00
358.000,active,96.00,0.00,1,1,345047040,0,447172608,0,3170304,12582912,0,0,0.000,4,2,96.00,98.00,4.00
358.504,active,96.00,0.00,1,1,345047040,0,447172608,0,2113536,8388608,0,0,0.000,4,1,96.00,96.00,42.00
359.000,active,96.00,0.00,1,1,345047040,0,447172608,0,2113536,8388608,0,0,0.000,4,1,96.00,96.00,8.00
359.504,active,96.00,0.00,1,1,345047040,0,447172608,0,3170304,12582912,0,0,0.000,4,2,94.00,96.00,2.00
360.000,active,94.00,0.00,1,1,345047040,0,447172608,0,2113536,8388608,0,0,0.000,4,1,96.00,96.00,2.00
360.504,active,100.00,0.00,1,1,345047040,0,447172608,0,2129920,12587008,0,0,0.000,4,1,96.00,96.00,2.00
361.000,active,94.00,0.00,1,1,345047040,0,447172608,0,3153920,8388608,0,0,0.000,4,2,94.00,96.00,2.00
361.504,active,96.00,0.00,1,1,345047040,0,447172608,0,2113536,8388608,0,0,0.000,4,1,96.00,96.00,4.00
362.000,active,94.00,0.00,1,1,345047040,0,447172608,0,3170304,12582912,0,0,0.000,4,1,94.00,94.00,4.00
362.504,active,98.00,0.00,1,1,345047040,0,447172608,0,1056768,4194304,0,0,0.000,4,1,96.00,96.00,0.00
363.004,active,96.00,0.00,1,1,345047040,0,447172608,0,4227072,16777216,0,0,0.000,4,2,96.00,98.00,4.00
363.500,active,94.00,0.00,1,1,345051136,0,447172608,0,3170304,12582912,0,0,0.000,4,1,92.00,92.00,40.00
364.004,active,98.00,0.00,1,1,345051136,0,447172608,0,2113536,9969664,0,0,0.000,4,1,96.00,96.00,2.00
364.504,active,92.00,0.00,1,1,345051136,0,447172608,0,4218880,15196160,0,0,0.000,4,2,94.00,96.00,4.00
365.000,active,94.00,0.00,1,1,345051136,0,447172608,0,3170304,12582912,0,0,0.000,4,1,92.00,92.00,4.00
365.504,active,94.00,0.00,1,1,345051136,0,447172608,0,3166208,12587008,0,0,0.000,4,1,94.00,94.00,4.00
366.000,active,98.00,0.00,1,1,345051136,0,447172608,0,2113536,8388608,0,0,0.000,4,2,98.00,100.00,0.00
366.504,active,96.00,0.00,1,1,345051136,0,447172608,0,3170304,12582912,0,0,0.000,4,1,94.00,94.00,6.00
367.000,active,94.00,0.00,1,1,345051136,0,447172608,0,3170304,12582912,0,0,0.000,4,1,96.00,96.00,2.00
367.504,active,98.00,0.00,1,1,345051136,0,447172608,0,2113536,8388608,0,0,0.000,4,2,96.00,98.00,2.00
368.000,active,96.00,0.00,1,1,345051136,0,447172608,0,2113536,8388608,0,0,0.000,4,1,92.00,92.00,2.00
368.504,active,94.00,0.00,1,1,345051136,0,447172608,0,3166208,12582912,0,0,0.000,4,1,98.00,98.00,2.00
369.000,active,96.00,0.00,1,1,345051136,0,447172608,0,2113536,8388608,0,0,0.000,4,2,94.00,96.00,42.00
369.504,active,96.00,0.00,1,1,345055232,0,447172608,0,3170304,12582912,0,0,0.000,4,1,96.00,96.00,6.00
370.000,active,96.00,0.00,1,1,345055232,0,447172608,0,3170304,12582912,0,0,0.000,4,1,94.00,94.00,2.00
370.504,active,92.00,0.00,1,1,345055232,0,447172608,0,7413760,29360128,0,0,0.000,4,2,92.00,94.00,8.00
371.000,active,92.00,0.00,1,1,345055232,0,447172608,0,5283840,20975616,0,0,0.000,4,1,92.00,92.00,4.00
371.504,active,96.00,0.00,1,1,345059328,0,447172608,0,3170304,12582912,0,0,0.000,4,1,96.00,96.00,4.00
372.000,active,94.00,0.00,1,1,345059328,0,447172608,0,4227072,16777216,0,0,0.000,4,1,92.00,92.00,4.00
372.504,active,94.00,0.00,1,1,345059328,0,447172608,0,4227072,16777216,0,0,0.000,4,2,94.00,96.00,4.00
373.000,active,96.00,0.00,1,1,345059328,0,447172608,0,2113536,8388608,0,0,0.000,4,1,96.00,96.00,2.00
373.504,active,98.00,0.00,1,1,345059328,0,447172608,0,2113536,8388608,0,0,0.000,4,1,96.00,96.00,0.00
374.000,active,94.00,0.00,1,1,345059328,0,447172608,0,3170304,12582912,0,0,0.000,4,1,92.00,92.00,60.00
374.504,active,96.00,0.00,1,1,345059328,0,447172608,0,3170304,12582912,0,0,0.000,4,2,98.00,100.00,4.00
375.001,active,94.00,0.00,1,1,345059328,0,447172608,0,2113536,8388608,0,0,0.000,4,2,92.00,94.00,2.00
375.500,active,96.00,0.00,1,1,345059328,0,447172608,0,3170304,12587008,0,0,0.000,4,1,94.00,94.00,2.00
376.004,active,96.00,0.00,1,1,345059328,0,447172608,0,3170304,12582912,0,0,0.000,4,2,96.00,98.00,2.00
376.500,active,96.00,0.00,1,1,345059328,0,447172608,0,2113536,8388608,0,0,0.000,4,1,96.00,96.00,2.00
377.004,active,94.00,0.00,1,1,345059328,0,447172608,0,3166208,12582912,0,0,0.000,4,1,96.00,96.00,6.00
377.500,active,96.00,0.00,1,1,345059328,0,447172608,0,2113536,8388608,0,0,0.000,4,2,92.00,94.00,2.00
378.000,active,96.00,0.00,1,1,345059328,0,447172608,0,2113536,8388608,0,0,0.000,4,1,98.00,98.00,2.00
378.501,active,96.00,0.00,1,1,345059328,0,447172608,0,3170304,12582912,0,0,0.000,4,1,94.00,94.00,2.00
379.000,active,96.00,0.00,1,1,345059328,0,447172608,0,2105344,8388608,0,0,0.000,4,2,96.00,98.00,48.00
379.500,active,98.00,0.00,1,1,345059328,0,447172608,0,2113536,8388608,0,0,0.000,4,1,94.00,94.00,22.00
380.004,active,92.00,0.00,1,1,345063424,0,447172608,0,2113536,8388608,0,0,0.000,4,1,94.00,94.00,48.00
380.500,active,88.00,0.00,1,1,345063424,0,447172608,0,2129920,12582912,0,0,0.000,4,2,86.00,88.00,10.00
381.004,active,90.00,0.00,1,1,345063424,0,447172608,0,3145728,8388608,0,0,0.000,4,1,90.00,90.00,8.00
381.500,active,96.00,0.00,1,1,345063424,0,447172608,0,2105344,8388608,0,0,0.000,4,1,96.00,96.00,4.00
382.004,active,94.00,0.00,1,1,345063424,0,447172608,0,3170304,12587008,0,0,0.000,4,2,94.00,96.00,6.00
382.500,active,98.00,0.00,1,1,345063424,0,447172608,0,2105344,8388608,0,0,0.000,4,1,96.00,96.00,2.00
383.004,active,96.00,0.00,1,1,345063424,0,447172608,0,3170304,12582912,0,0,0.000,4,1,92.00,92.00,2.00
383.500,active,94.00,0.00,1,1,345067520,0,447172608,0,4227072,16777216,0,0,0.000,4,1,96.00,96.00,4.00
384.004,active,96.00,0.00,1,1,345067520,0,447172608,0,3170304,12582912,0,0,0.000,4,2,94.00,96.00,42.00
384.504,active,94.00,0.00,1,1,345067520,0,447172608,0,2113536,8388608,0,0,0.000,4,1,96.00,96.00,2.00
385.000,active,98.00,0.00,1,1,345067520,0,447172608,0,2105344,8388608,0,0,0.000,4,1,96.00,96.00,2.00
385.504,active,92.00,0.00,1,1,345067520,0,447172608,0,5283840,20971520,0,0,0.000,4,2,92.00,94.00,4.00
386.000,active,96.00,0.00,1,1,345067520,0,447172608,0,3170304,12587008,0,0,0.000,4,1,94.00,94.00,4.00
386.504,active,96.00,0.00,1,1,345067520,0,447172608,0,2113536,8388608,0,0,0.000,4,2,96.00,98.00,2.00
387.000,active,94.00,0.00,1,1,345067520,0,447172608,0,3170304,12582912,0,0,0.000,4,1,94.00,94.00,4.00
387.504,active,98.00,0.00,1,1,345067520,0,447172608,0,3170304,12587008,0,0,0.000,4,2,96.00,98.00,2.00
388.000,active,96.00,0.00,1,1,345071616,0,447172608,0,2113536,8388608,0,0,0.000,4,1,96.00,96.00,2.00
388.504,active,96.00,0.00,1,1,345071616,0,447172608,0,2113536,8388608,0,0,0.000,4,2,96.00,98.00,2.00
389.000,active,94.00,0.00,1,1,345071616,0,447172608,0,3170304,12582912,0,0,0.000,4,1,92.00,92.00,4.00
389.504,active,98.00,0.00,1,1,345071616,0,447172608,0,2113536,8388608,0,0,0.000,4,1,98.00,98.00,14.00
390.000,active,94.00,0.00,1,1,345071616,0,447172608,0,3170304,12582912,0,0,0.000,4,2,94.00,96.00,2.00
390.500,active,94.00,0.00,1,1,345071616,0,447172608,0,4198400,16777216,0,0,0.000,4,1,94.00,94.00,6.00
391.001,active,92.00,0.00,1,1,345071616,0,447172608,0,6344704,25165824,0,0,0.000,4,1,90.00,90.00,6.00
391.504,active,94.00,0.00,1,1,345071616,0,447172608,0,5283840,20971520,0,0,0.000,4,1,94.00,94.00,4.00
392.000,active,94.00,0.00,1,1,345071616,0,447172608,0,3170304,12582912,0,0,0.000,4,2,92.00,94.00,8.00
392.500,active,94.00,0.00,1,1,345071616,0,447172608,0,4227072,16781312,0,0,0.000,4,1,94.00,94.00,2.00
393.004,active,98.00,0.00,1,1,345071616,0,447172608,0,2113536,8388608,0,0,0.000,4,1,98.00,98.00,2.00
393.500,active,94.00,0.00,1,1,345071616,0,447172608,0,4218880,16777216,0,0,0.000,4,2,92.00,94.00,4.00
394.004,active,96.00,0.00,1,1,345071616,0,447172608,0,2113536,8388608,0,0,0.000,4,1,96.00,96.00,2.00
394.500,active,96.00,0.00,1,1,345071616,0,447172608,0,2113536,8388608,0,0,0.000,4,1,96.00,96.00,60.00
395.004,active,96.00,0.00,1,1,345071616,0,447172608,0,3158016,12582912,0,0,0.000,4,2,96.00,98.00,34.00
395.504,active,96.00,0.00,1,1,345071616,0,447172608,0,3145728,12582912,0,0,0.000,4,1,94.00,94.00,4.00
396.004,active,94.00,0.00,1,1,345071616,0,447172608,0,3162112,12582912,0,0,0.000,4,1,96.00,96.00,2.00
396.500,active,98.00,0.00,1,1,345075712,0,447172608,0,3158016,12582912,0,0,0.000,4,2,92.00,94.00,2.00
397.004,active,94.00,0.00,1,1,345075712,0,447172608,0,2113536,8388608,0,0,0.000,4,1,96.00,96.00,4.00
397.500,active,96.00,0.00,1,1,345075712,0,447172608,0,2109440,8388608,0,0,0.000,4,1,96.00,96.00,2.00
398.008,active,92.00,0.00,1,1,345079808,0,447172608,0,3153920,12587008,0,0,0.000,4,2,92.00,94.00,12.00
398.504,active,96.00,0.00,1,1,345079808,0,447172608,0,2105344,8388608,0,0,0.000,4,1,94.00,94.00,2.00
399.006,active,94.00,0.00,1,1,345079808,0,447172608,0,2105344,8388608,0,0,0.000,4,1,96.00,96.00,2.00
399.500,active,96.00,0.00,1,1,345079808,0,447172608,0,2113536,8388608,0,0,0.000,4,2,94.00,96.00,2.00
400.004,active,98.00,0.00,1,1,345079808,0,447172608,0,3166208,12582912,0,0,0.000,4,1,96.00,96.00,2.00
400.500,active,94.00,0.00,1,1,345079808,0,447172608,0,2097152,8388608,0,0,0.000,4,1,94.00,94.00,10.00
401.004,active,96.00,0.00,1,1,345079808,0,447172608,0,3170304,12582912,0,0,0.000,4,2,94.00,96.00,4.00
401.500,active,96.00,0.00,1,1,345079808,0,447172608,0,2113536,8388608,0,0,0.000,4,1,96.00,96.00,2.00
402.000,active,96.00,0.00,1,1,345079808,0,447172608,0,3166208,12582912,0,0,0.000,4,1,96.00,96.00,6.00
402.504,active,96.00,0.00,1,1,345079808,0,447172608,0,2113536,8388608,0,0,0.000,4,1,96.00,96.00,2.00
403.000,active,94.00,0.00,1,1,345079808,0,447172608,0,3170304,12582912,0,0,0.000,4,2,94.00,96.00,2.00
403.504,active,98.00,0.00,1,1,345079808,0,447172608,0,2113536,8388608,0,0,0.000,4,1,96.00,96.00,2.00
404.000,active,92.00,0.00,1,1,345079808,0,447172608,0,4222976,16777216,0,0,0.000,4,1,94.00,94.00,2.00
404.504,active,98.00,0.00,1,1,345083904,0,447172608,0,3170304,12587008,0,0,0.000,4,2,94.00,96.00,4.00
405.000,active,96.00,0.00,1,1,345083904,0,447172608,0,2105344,8388608,0,0,0.000,4,1,96.00,96.00,2.00
405.504,active,96.00,0.00,1,1,345083904,0,447172608,0,3170304,12582912,0,0,0.000,4,1,94.00,94.00,12.00
406.004,active,84.00,0.00,1,1,345083904,0,447172608,0,4227072,16777216,0,0,0.000,4,2,86.00,88.00,114.00
406.500,active,88.00,0.00,1,1,345083904,0,447172608,0,3170304,12582912,0,0,0.000,4,1,86.00,86.00,14.00
407.002,active,94.00,0.00,1,1,345083904,0,447172608,0,2113536,8388608,0,0,0.000,4,1,94.00,94.00,104.00
407.503,active,94.00,0.00,1,1,345083904,0,447172608,0,3170304,12582912,0,0,0.000,4,1,94.00,94.00,54.00
408.004,active,94.00,0.00,1,1,345083904,0,447172608,0,3170304,12582912,0,0,0.000,4,2,94.00,96.00,74.00
408.500,active,96.00,0.00,1,1,345083904,0,447172608,0,2113536,8388608,0,0,0.000,4,1,94.00,94.00,48.00
409.004,active,96.00,0.00,1,1,345083904,0,447172608,0,2113536,8392704,0,0,0.000,4,2,96.00,98.00,32.00
409.500,active,96.00,0.00,1,1,345083904,0,447172608,0,3170304,12582912,0,0,0.000,4,1,92.00,92.00,102.00
410.004,active,96.00,0.00,1,1,345083904,0,447172608,0,2113536,8388608,0,0,0.000,4,1,98.00,98.00,102.00
410.500,active,96.00,0.00,1,1,345083904,0,447172608,0,3170304,12582912,0,0,0.000,4,1,94.00,94.00,82.00
411.004,active,94.00,0.00,1,1,345083904,0,447172608,0,4218880,16777216,0,0,0.000,4,2,94.00,96.00,124.00
411.500,active,92.00,0.00,1,1,345083904,0,447172608,0,6246400,25165824,0,0,0.000,4,1,92.00,92.00,126.00
412.004,active,96.00,0.00,1,1,345088000,0,447172608,0,2895872,12582912,0,0,0.000,4,1,96.00,96.00,102.00
412.500,active,96.00,0.00,1,1,345088000,0,447172608,0,2830336,15847424,0,0,0.000,4,2,96.00,98.00,102.00
413.004,active,94.00,0.00,1,1,345092096,0,447172608,0,5664768,21905408,0,0,0.000,4,1,92.00,92.00,100.00
413.500,active,92.00,0.00,1,1,345092096,0,447172608,0,2723840,16777216,0,0,0.000,4,1,92.00,92.00,102.00
414.002,active,98.00,0.00,1,1,345092096,0,447172608,0,2121728,12582912,0,0,0.000,4,2,98.00,100.00,98.00
414.504,active,94.00,0.00,1,1,345092096,0,447172608,0,4206592,12582912,0,0,0.000,4,1,94.00,94.00,102.00
415.000,active,96.00,0.00,1,1,345092096,0,447172608,0,3170304,12582912,0,0,0.000,4,1,92.00,92.00,100.00
415.504,active,96.00,0.00,1,1,345092096,0,447172608,0,2113536,8388608,0,0,0.000,4,2,96.00,98.00,98.00
416.000,active,94.00,0.00,1,1,345092096,0,447172608,0,4186112,16777216,0,0,0.000,4,1,94.00,94.00,98.00
416.504,active,98.00,0.00,1,1,345092096,0,447172608,0,2113536,8388608,0,0,0.000,4,1,94.00,94.00,128.00
417.000,active,94.00,0.00,1,1,345092096,0,447172608,0,3170304,12582912,0,0,0.000,4,2,96.00,98.00,98.00
417.504,active,96.00,0.00,1,1,345092096,0,447172608,0,2113536,8388608,0,0,0.000,4,1,96.00,96.00,100.00
418.000,active,96.00,0.00,1,1,345092096,0,447172608,0,3170304,12582912,0,0,0.000,4,1,96.00,96.00,100.00
418.504,active,98.00,0.00,1,1,345092096,0,447172608,0,2113536,8388608,0,0,0.000,4,2,94.00,96.00,102.00
419.000,active,92.00,0.00,1,1,345092096,0,447172608,0,3170304,12587008,0,0,0.000,4,1,96.00,96.00,96.00
419.504,active,100.00,0.00,1,1,345092096,0,447172608,0,3170304,12582912,0,0,0.000,4,1,96.00,96.00,98.00
420.004,active,92.00,0.00,1,1,345092096,0,447172608,0,3170304,12582912,0,0,0.000,4,1,94.00,94.00,100.00
420.500,active,96.00,0.00,1,1,345092096,0,447172608,0,2113536,8388608,0,0,0.000,4,2,96.00,98.00,98.00
421.004,active,96.00,0.00,1,1,345096192,0,447172608,0,3170304,12582912,0,0,0.000,4,1,94.00,94.00,98.00
421.502,active,92.00,0.00,1,1,345096192,0,447172608,0,2113536,8388608,0,0,0.000,4,2,88.00,90.00,156.00
422.004,active,86.00,0.00,1,1,345096192,0,447172608,0,2113536,8392704,0,0,0.000,4,1,88.00,88.00,106.00
422.500,active,66.00,0.00,1,1,345096192,0,447172608,0,929792,8388608,0,0,0.000,4,2,64.00,66.00,164.00
423.004,active,60.00,0.00,1,1,345096192,0,447172608,0,2097152,4194304,0,0,0.000,4,1,60.00,60.00,172.00
423.500,active,96.00,0.00,1,1,345096192,0,447172608,0,2113536,8388608,0,0,0.000,4,1,94.00,94.00,100.00
424.004,active,96.00,0.00,1,1,345096192,0,447172608,0,3170304,12582912,0,0,0.000,4,2,96.00,98.00,102.00
424.504,active,96.00,0.00,1,1,345096192,0,447172608,0,2113536,8388608,0,0,0.000,4,1,96.00,96.00,120.00
425.000,active,94.00,0.00,1,1,345096192,0,447172608,0,3170304,12587008,0,0,0.000,4,1,94.00,94.00,102.00
425.504,active,98.00,0.00,1,1,345096192,0,447172608,0,2113536,8388608,0,0,0.000,4,3,96.00,100.00,98.00
426.000,active,96.00,0.00,1,1,345096192,0,447172608,0,2113536,8388608,0,0,0.000,4,1,96.00,96.00,14.00
426.500,active,94.00,0.00,1,1,345100288,0,447172608,0,2113536,8388608,0,0,0.000,4,1,92.00,92.00,24.00
427.004,active,96.00,0.00,1,1,345100288,0,447172608,0,2113536,8388608,0,0,0.000,4,1,98.00,98.00,62.00
427.508,active,96.00,0.00,1,1,345100288,0,447172608,0,3170304,12582912,0,0,0.000,4,1,94.00,94.00,62.00
428.000,active,92.00,0.00,1,1,345100288,0,447172608,0,2109440,8388608,0,0,0.000,4,2,92.00,94.00,62.00
428.504,active,98.00,0.00,1,1,345100288,0,447172608,0,2113536,8388608,0,0,0.000,4,1,96.00,96.00,72.00
429.000,active,92.00,0.00,1,1,345100288,0,447172608,0,4227072,16777216,0,0,0.000,4,1,92.00,92.00,62.00
429.504,active,96.00,0.00,1,1,345104384,0,447172608,0,4227072,16777216,0,0,0.000,4,2,96.00,98.00,66.00
430.000,active,94.00,0.00,1,1,345104384,0,447172608,0,3170304,12582912,0,0,0.000,4,1,92.00,92.00,98.00
430.504,active,96.00,0.00,1,1,345104384,0,447172608,0,2113536,8388608,0,0,0.000,4,1,98.00,98.00,102.00
431.000,active,96.00,0.00,1,1,345104384,0,447172608,0,2113536,8392704,0,0,0.000,4,1,92.00,92.00,50.00
431.504,active,98.00,0.00,1,1,345104384,0,447172608,0,2113536,8388608,0,0,0.000,4,2,98.00,100.00,40.00
432.000,active,94.00,0.00,1,1,345104384,0,447172608,0,3170304,12582912,0,0,0.000,4,1,94.00,94.00,42.00
432.504,active,96.00,0.00,1,1,345104384,0,447172608,0,3170304,12582912,0,0,0.000,4,1,94.00,94.00,40.00
433.004,active,92.00,0.00,1,1,345104384,0,447172608,0,5300224,20971520,0,0,0.000,4,1,94.00,94.00,6.00
433.500,active,92.00,0.00,1,1,345104384,0,447172608,0,2113536,8388608,0,0,0.000,4,2,90.00,94.00,70.00
434.004,active,96.00,0.00,1,1,345104384,0,447172608,0,3162112,12582912,0,0,0.000,4,1,94.00,94.00,96.00
434.504,active,90.00,0.00,1,1,345104384,0,447172608,0,5283840,20971520,0,0,0.000,4,1,92.00,92.00,54.00
435.000,active,94.00,0.00,1,1,345104384,0,447172608,0,4227072,16777216,0,0,0.000,4,2,90.00,92.00,104.00
435.504,active,98.00,0.00,1,1,345104384,0,447172608,0,2113536,8388608,0,0,0.000,4,1,98.00,98.00,98.00
436.000,active,94.00,0.00,1,1,345104384,0,447172608,0,3170304,12587008,0,0,0.000,4,1,94.00,94.00,98.00
436.504,active,96.00,0.00,1,1,345104384,0,447172608,0,3170304,12582912,0,0,0.000,4,1,96.00,96.00,98.00
437.000,active,92.00,0.00,1,1,345104384,0,447172608,0,3170304,12582912,0,0,0.000,4,2,94.00,96.00,98.00
437.504,active,98.00,0.00,1,1,345108480,0,447172608,0,2113536,8388608,0,0,0.000,4,1,94.00,94.00,98.00
438.000,active,94.00,0.00,1,1,345108480,0,447172608,0,3170304,12582912,0,0,0.000,4,1,96.00,96.00,98.00
438.504,active,96.00,0.00,1,1,345108480,0,447172608,0,2113536,8388608,0,0,0.000,4,1,94.00,94.00,96.00
439.000,active,96.00,0.00,1,1,345108480,0,447172608,0,3170304,12582912,0,0,0.000,4,2,96.00,98.00,96.00
439.504,active,96.00,0.00,1,1,345108480,0,447172608,0,2113536,8388608,0,0,0.000,4,1,94.00,94.00,100.00
440.000,active,96.00,0.00,1,1,345108480,0,447172608,0,3170304,12582912,0,0,0.000,4,1,96.00,96.00,104.00
440.504,active,96.00,0.00,1,1,345112576,0,447172608,0,2113536,8388608,0,0,0.000,4,1,94.00,94.00,96.00
441.000,active,94.00,0.00,1,1,345112576,0,447172608,0,3170304,12582912,0,0,0.000,4,2,94.00,96.00,100.00
441.504,active,96.00,0.00,1,1,345112576,0,447172608,0,3170304,12582912,0,0,0.000,4,1,98.00,98.00,104.00
442.000,active,96.00,0.00,1,1,345112576,0,447172608,0,3170304,12582912,0,0,0.000,4,1,92.00,92.00,100.00
442.500,active,70.00,0.00,1,1,345112576,0,447172608,0,1073152,8392704,0,0,0.000,4,2,70.00,72.00,242.00
443.004,active,66.00,0.00,1,1,345112576,0,447172608,0,2097152,4194304,0,0,0.000,4,1,68.00,68.00,206.00
443.500,active,86.00,0.00,1,1,345112576,0,447172608,0,3170304,12582912,0,0,0.000,4,1,84.00,84.00,106.00
444.004,active,96.00,0.00,1,1,345112576,0,447172608,0,3170304,12582912,0,0,0.000,4,2,96.00,98.00,102.00
444.500,active,96.00,0.00,1,1,345112576,0,447172608,0,2113536,8388608,0,0,0.000,4,1,92.00,92.00,96.00
445.004,active,54.00,0.00,1,1,345112576,0,447172608,0,1056768,4194304,0,0,0.000,4,1,56.00,56.00,216.00
445.500,active,96.00,0.00,1,1,345112576,0,447172608,0,2113536,8388608,0,0,0.000,4,1,94.00,94.00,102.00
446.004,active,96.00,0.00,1,1,345116672,0,447172608,0,2113536,8388608,0,0,0.000,4,2,98.00,100.00,102.00
446.500,active,96.00,0.00,1,1,345116672,0,447172608,0,3170304,12582912,0,0,0.000,4,1,92.00,92.00,102.00
447.004,active,98.00,0.00,1,1,345116672,0,447172608,0,2113536,8388608,0,0,0.000,4,1,98.00,98.00,100.00
447.500,active,92.00,0.00,1,1,345116672,0,447172608,0,3170304,12582912,0,0,0.000,4,2,94.00,96.00,98.00
448.004,active,98.00,0.00,1,1,345116672,0,447172608,0,2068480,8388608,0,0,0.000,4,1,96.00,96.00,106.00
448.500,active,94.00,0.00,1,1,345116672,0,447172608,0,3043328,12582912,0,0,0.000,4,1,94.00,94.00,102.00
449.004,active,96.00,0.00,1,1,345116672,0,447172608,0,2113536,8392704,0,0,0.000,4,1,96.00,96.00,100.00
449.500,active,96.00,0.00,1,1,345116672,0,447172608,0,2113536,8388608,0,0,0.000,4,2,94.00,96.00,98.00
450.004,active,98.00,0.00,1,1,345116672,0,447172608,0,3170304,12582912,0,0,0.000,4,1,94.00,94.00,104.00
450.500,active,92.00,0.00,1,1,345116672,0,447172608,0,3170304,12582912,0,0,0.000,4,1,96.00,96.00,98.00
451.004,active,96.00,0.00,1,1,345116672,0,447172608,0,4227072,16777216,0,0,0.000,4,1,94.00,94.00,100.00
451.500,active,96.00,0.00,1,1,345116672,0,447172608,0,3170304,12582912,0,0,0.000,4,2,94.00,96.00,98.00
452.004,active,94.00,0.00,1,1,345116672,0,447172608,0,3170304,12582912,0,0,0.000,4,1,96.00,96.00,98.00
452.500,active,98.00,0.00,1,1,345116672,0,447172608,0,1056768,4194304,0,0,0.000,4,2,94.00,96.00,96.00
453.004,active,96.00,0.00,1,1,345116672,0,447172608,0,3170304,12582912,0,0,0.000,4,2,96.00,98.00,102.00
453.500,active,96.00,0.00,1,1,345116672,0,447172608,0,2113536,8392704,0,0,0.000,4,1,98.00,98.00,132.00
454.004,active,66.00,0.00,1,1,345120768,0,447172608,0,2113536,8388608,0,0,0.000,4,1,62.00,62.00,172.00
454.500,active,92.00,0.00,1,1,345120768,0,447172608,0,5279744,20975616,0,0,0.000,4,1,94.00,94.00,102.00
455.004,active,98.00,0.00,1,1,345124864,0,447172608,0,3133440,12582912,0,0,0.000,4,2,98.00,100.00,86.00
455.504,active,96.00,0.00,1,1,345124864,0,447172608,0,3141632,12582912,0,0,0.000,4,1,92.00,92.00,4.00
456.000,active,94.00,0.00,1,1,345124864,0,447172608,0,4182016,16777216,0,0,0.000,4,1,94.00,94.00,26.00
456.501,active,96.00,0.00,1,1,345124864,0,447172608,0,4169728,16777216,0,0,0.000,4,2,94.00,96.00,62.00
457.004,active,96.00,0.00,1,1,345124864,0,447172608,0,2080768,8388608,0,0,0.000,4,1,98.00,98.00,66.00
457.500,active,92.00,0.00,1,1,345124864,0,447172608,0,3153920,12582912,0,0,0.000,4,1,92.00,92.00,62.00
458.004,active,98.00,0.00,1,1,345124864,0,447172608,0,3170304,12582912,0,0,0.000,4,2,96.00,98.00,66.00
458.500,active,94.00,0.00,1,1,345124864,0,447172608,0,2113536,8388608,0,0,0.000,4,1,94.00,94.00,60.00
459.004,active,96.00,0.00,1,1,345124864,0,447172608,0,3149824,12587008,0,0,0.000,4,1,94.00,94.00,66.00
459.500,active,94.00,0.00,1,1,345124864,0,447172608,0,3162112,12582912,0,0,0.000,4,1,94.00,94.00,62.00
460.004,active,96.00,0.00,1,1,345124864,0,447172608,0,2088960,8388608,0,0,0.000,4,2,96.00,98.00,64.00
460.500,active,96.00,0.00,1,1,345124864,0,447172608,0,3129344,12582912,0,0,0.000,4,1,94.00,94.00,152.00
461.004,active,98.00,0.00,1,1,345124864,0,447172608,0,2080768,8388608,0,0,0.000,4,1,98.00,98.00,140.00
461.500,active,96.00,0.00,1,1,345124864,0,447172608,0,2080768,8388608,0,0,0.000,4,2,96.00,98.00,66.00
462.003,active,96.00,0.00,1,1,345124864,0,447172608,0,3158016,12582912,0,0,0.000,4,1,96.00,96.00,68.00
462.504,active,96.00,0.00,1,1,345128960,0,447172608,0,2097152,8388608,0,0,0.000,4,1,96.00,96.00,62.00
463.000,active,96.00,0.00,1,1,345128960,0,447172608,0,3129344,12582912,0,0,0.000,4,2,94.00,96.00,2.00
463.504,active,94.00,0.00,1,1,345128960,0,447172608,0,2080768,8388608,0,0,0.000,4,1,92.00,92.00,54.00
464.000,active,90.00,0.00,1,1,345128960,0,447172608,0,3121152,12582912,0,0,0.000,4,1,90.00,90.00,14.00
464.500,active,86.00,0.00,1,1,345128960,0,447172608,0,2080768,8388608,0,0,0.000,4,2,86.00,88.00,48.00
465.004,active,84.00,0.00,1,1,345128960,0,447172608,0,3137536,12582912,0,0,0.000,4,1,84.00,84.00,12.00
465.504,active,98.00,0.00,1,1,345128960,0,447172608,0,2105344,8392704,0,0,0.000,4,1,96.00,96.00,44.00
466.004,active,92.00,0.00,1,1,345128960,0,447172608,0,2080768,8388608,0,0,0.000,4,2,88.00,92.00,34.00
466.504,active,98.00,0.00,1,1,345128960,0,447172608,0,2080768,8388608,0,0,0.000,4,2,96.00,98.00,102.00
467.000,active,96.00,0.00,1,1,345128960,0,447172608,0,2080768,8388608,0,0,0.000,4,1,98.00,98.00,100.00
467.500,active,94.00,0.00,1,1,345128960,0,447172608,0,2129920,12582912,0,0,0.000,4,1,92.00,92.00,106.00
468.004,active,66.00,0.00,1,1,345128960,0,447172608,0,2097152,4194304,0,0,0.000,4,2,66.00,68.00,158.00
468.500,active,96.00,0.00,1,1,345128960,0,447172608,0,3153920,12582912,0,0,0.000,4,1,94.00,94.00,112.00
469.004,active,96.00,0.00,1,1,345133056,0,447172608,0,2113536,8388608,0,0,0.000,4,1,96.00,96.00,228.00
469.500,active,94.00,0.00,1,1,345133056,0,447172608,0,2113536,8388608,0,0,0.000,4,2,92.00,94.00,42.00
470.004,active,96.00,0.00,1,1,345133056,0,447172608,0,2113536,8388608,0,0,0.000,4,1,98.00,98.00,92.00
470.500,active,94.00,0.00,1,1,345137152,0,447172608,0,3141632,12582912,0,0,0.000,4,1,94.00,94.00,96.00
471.004,active,98.00,0.00,1,1,345137152,0,447172608,0,2080768,8388608,0,0,0.000,4,2,96.00,98.00,98.00
471.500,active,94.00,0.00,1,1,345137152,0,447172608,0,3170304,12582912,0,0,0.000,4,1,92.00,92.00,196.00
472.004,active,98.00,0.00,1,1,345137152,0,447172608,0,2113536,8392704,0,0,0.000,4,1,96.00,96.00,204.00
472.500,active,92.00,0.00,1,1,345137152,0,447172608,0,4210688,16777216,0,0,0.000,4,1,94.00,94.00,170.00
473.001,active,8.00,0.00,1,1,345137152,0,447172608,0,20480,4194304,0,0,0.000,4,2,8.00,10.00,282.00
473.501,active,70.00,0.00,1,1,345137152,0,447172608,0,4206592,12582912,0,0,0.000,4,2,66.00,68.00,172.00
474.000,active,90.00,0.00,1,1,345137152,0,447172608,0,2129920,12582912,0,0,0.000,4,1,90.00,90.00,108.00
474.504,active,70.00,0.00,1,1,345137152,0,447172608,0,2072576,4194304,0,0,0.000,4,1,72.00,72.00,134.00
475.000,active,98.00,0.00,1,1,345137152,0,447172608,0,2080768,8388608,0,0,0.000,4,2,94.00,96.00,96.00
475.504,active,98.00,0.00,1,1,345137152,0,447172608,0,2080768,8388608,0,0,0.000,4,1,98.00,98.00,96.00
476.000,active,96.00,0.00,1,1,345137152,0,447172608,0,3121152,12582912,0,0,0.000,4,1,96.00,96.00,98.00
476.504,active,96.00,0.00,1,1,345137152,0,447172608,0,2080768,8388608,0,0,0.000,4,1,96.00,96.00,98.00
477.004,active,94.00,0.00,1,1,345137152,0,447172608,0,6266880,25165824,0,0,0.000,4,2,94.00,96.00,102.00
477.500,active,92.00,0.00,1,1,345137152,0,447172608,0,5230592,20971520,0,0,0.000,4,1,90.00,90.00,102.00
478.004,active,82.00,0.00,1,1,345137152,0,447172608,0,2084864,8392704,0,0,0.000,4,1,82.00,82.00,148.00
478.500,active,96.00,0.00,1,1,345137152,0,447172608,0,3133440,12582912,0,0,0.000,4,2,94.00,96.00,98.00
479.004,active,96.00,0.00,1,1,345141248,0,447172608,0,3133440,12587008,0,0,0.000,4,1,96.00,96.00,114.00
479.500,active,90.00,0.00,1,1,345141248,0,447172608,0,2080768,8388608,0,0,0.000,4,1,88.00,88.00,104.00
480.000,active,44.00,0.00,1,1,345141248,0,447172608,0,1196032,4194304,0,0,0.000,4,3,44.00,48.00,148.00
480.504,active,56.00,0.00,1,1,345141248,0,447172608,0,1134592,4194304,0,0,0.000,4,1,56.00,56.00,136.00
481.003,active,94.00,0.00,1,1,345141248,0,447172608,0,4919296,12582912,0,0,0.000,4,1,92.00,92.00,100.00
481.504,active,94.00,0.00,1,1,345141248,0,447172608,0,6033408,16777216,0,0,0.000,4,1,96.00,96.00,104.00
482.000,active,96.00,0.00,1,1,345141248,0,447172608,0,3276800,12582912,0,0,0.000,4,2,94.00,96.00,98.00
482.504,active,96.00,0.00,1,1,345141248,0,447172608,0,3137536,12582912,0,0,0.000,4,1,94.00,94.00,100.00
483.001,active,46.00,0.00,1,1,345145344,0,447172608,0,1138688,4194304,0,0,0.000,4,1,46.00,46.00,200.00
483.504,active,90.00,0.00,1,1,345145344,0,447172608,0,1056768,4194304,0,0,0.000,4,2,88.00,90.00,158.00
484.000,active,96.00,0.00,1,1,345145344,0,447172608,0,2097152,8388608,0,0,0.000,4,1,96.00,96.00,108.00
484.502,active,98.00,0.00,1,1,345145344,0,447172608,0,2084864,8392704,0,0,0.000,4,2,98.00,100.00,98.00
485.004,active,96.00,0.00,1,1,345145344,0,447172608,0,2093056,8388608,0,0,0.000,4,1,94.00,94.00,102.00
485.500,active,96.00,0.00,1,1,345145344,0,447172608,0,2080768,8388608,0,0,0.000,4,1,96.00,96.00,100.00
486.004,active,98.00,0.00,1,1,345145344,0,447172608,0,2080768,8388608,0,0,0.000,4,2,98.00,100.00,100.00
486.500,active,98.00,0.00,1,1,345145344,0,447172608,0,2080768,8388608,0,0,0.000,4,1,96.00,96.00,94.00
487.004,active,94.00,0.00,1,1,345149440,0,447172608,0,3121152,12582912,0,0,0.000,4,1,96.00,96.00,2.00
487.500,active,72.00,0.00,1,1,345149440,0,447172608,0,1040384,4194304,0,0,0.000,4,2,72.00,74.00,0.00
488.000,active,84.00,0.00,1,1,345149440,0,447172608,0,2088960,8388608,0,0,0.000,4,1,82.00,82.00,74.00
488.500,active,0.00,0.00,1,1,345149440,0,447172608,0,0,0,0,0,0.000,4,0,0.00,0.00,200.00
489.004,active,66.00,0.00,1,1,345149440,0,447172608,0,1048576,4194304,0,0,0.000,4,1,66.00,66.00,88.00
489.500,active,94.00,0.00,1,1,345149440,0,447172608,0,3158016,12582912,0,0,0.000,4,2,94.00,96.00,80.00
490.000,active,100.00,0.00,1,1,345149440,0,447172608,0,2097152,8388608,0,0,0.000,4,1,96.00,96.00,16.00
490.504,active,94.00,0.00,1,1,345149440,0,447172608,0,2097152,8388608,0,0,0.000,4,1,94.00,94.00,2.00
491.000,active,98.00,0.00,1,1,345149440,0,447172608,0,2093056,8388608,0,0,0.000,4,2,96.00,98.00,22.00
491.504,active,96.00,0.00,1,1,345149440,0,447172608,0,1040384,4194304,0,0,0.000,4,1,98.00,98.00,28.00
492.000,active,94.00,0.00,1,1,345149440,0,447172608,0,2088960,8388608,0,0,0.000,4,1,94.00,94.00,46.00
492.503,active,98.00,0.00,1,1,345149440,0,447172608,0,2080768,8392704,0,0,0.000,4,2,96.00,98.00,92.00
493.000,active,84.00,0.00,1,1,345149440,0,447172608,0,2842624,8388608,0,0,0.000,4,1,82.00,82.00,140.00
493.504,active,90.00,0.00,1,1,345149440,0,447172608,0,1331200,4808704,0,0,0.000,4,1,92.00,92.00,156.00
494.000,active,94.00,0.00,1,1,345149440,0,447172608,0,4849664,11968512,0,0,0.000,4,2,92.00,94.00,200.00
494.504,active,98.00,0.00,1,1,345149440,0,447172608,0,2109440,8388608,0,0,0.000,4,1,98.00,98.00,140.00
495.000,active,94.00,0.00,1,1,345149440,0,447172608,0,3166208,12587008,0,0,0.000,4,1,94.00,94.00,134.00
495.504,active,72.00,0.00,1,1,345153536,0,447172608,0,1134592,4194304,0,0,0.000,4,1,70.00,70.00,126.00
496.000,active,88.00,0.00,1,1,345153536,0,447172608,0,2088960,8388608,0,0,0.000,4,2,86.00,88.00,106.00
496.504,active,58.00,0.00,1,1,345153536,0,447172608,0,1138688,4194304,0,0,0.000,4,1,56.00,56.00,142.00
497.000,active,70.00,0.00,1,1,345153536,0,447172608,0,1044480,4194304,0,0,0.000,4,1,72.00,72.00,120.00
497.504,active,96.00,0.00,1,1,345157632,0,447172608,0,2080768,8388608,0,0,0.000,4,2,96.00,98.00,98.00
498.000,active,98.00,0.00,1,1,345157632,0,447172608,0,2088960,8388608,0,0,0.000,4,1,98.00,98.00,98.00
498.501,active,30.00,0.00,1,1,345157632,0,447172608,0,1044480,4194304,0,0,0.000,4,1,30.00,30.00,162.00
499.004,active,82.00,0.00,1,1,345157632,0,447172608,0,1044480,4194304,0,0,0.000,4,2,78.00,80.00,116.00
499.500,active,94.00,0.00,1,1,345157632,0,447172608,0,1089536,4194304,0,0,0.000,4,1,94.00,94.00,110.00
500.004,active,88.00,0.00,1,1,345157632,0,447172608,0,2105344,8388608,0,0,0.000,4,2,88.00,90.00,188.00
500.500,active,96.00,0.00,1,1,345157632,0,447172608,0,1150976,8388608,0,0,0.000,4,1,96.00,96.00,260.00
501.004,active,96.00,0.00,1,1,345157632,0,447172608,0,1974272,4194304,0,0,0.000,4,1,94.00,94.00,284.00
501.500,active,98.00,0.00,1,1,345157632,0,447172608,0,2088960,8392704,0,0,0.000,4,2,98.00,100.00,200.00
502.004,active,96.00,0.00,1,1,345157632,0,447172608,0,1056768,4194304,0,0,0.000,4,1,94.00,94.00,202.00
502.500,active,96.00,0.00,1,1,345157632,0,447172608,0,2088960,8388608,0,0,0.000,4,1,96.00,96.00,146.00
503.004,active,96.00,0.00,1,1,345157632,0,447172608,0,2613248,8388608,0,0,0.000,4,2,96.00,98.00,104.00
503.500,active,54.00,0.00,1,1,345161728,0,447172608,0,1056768,4194304,0,0,0.000,4,1,52.00,52.00,142.00
504.004,active,96.00,0.00,1,1,345161728,0,447172608,0,2088960,8388608,0,0,0.000,4,1,98.00,98.00,102.00
504.500,active,96.00,0.00,1,1,345161728,0,447172608,0,3125248,12582912,0,0,0.000,4,1,94.00,94.00,98.00
505.004,active,96.00,0.00,1,1,345161728,0,447172608,0,4173824,16777216,0,0,0.000,4,2,94.00,96.00,100.00
505.500,active,96.00,0.00,1,1,345161728,0,447172608,0,2097152,8388608,0,0,0.000,4,1,96.00,96.00,90.00
506.004,active,90.00,0.00,1,1,345161728,0,447172608,0,7438336,29360128,0,0,0.000,4,1,92.00,92.00,104.00
506.500,active,96.00,0.00,1,1,345161728,0,447172608,0,3121152,12582912,0,0,0.000,4,2,94.00,96.00,98.00
507.004,active,98.00,0.00,1,1,345161728,0,447172608,0,3125248,12582912,0,0,0.000,4,1,96.00,96.00,98.00
507.500,active,94.00,0.00,1,1,345161728,0,447172608,0,3125248,12582912,0,0,0.000,4,1,94.00,94.00,92.00
508.004,active,96.00,0.00,1,1,345161728,0,447172608,0,3153920,12582912,0,0,0.000,4,2,96.00,98.00,102.00
508.500,active,74.00,0.00,1,1,345161728,0,447172608,0,2080768,8392704,0,0,0.000,4,1,72.00,72.00,120.00
509.004,active,82.00,0.00,1,1,345161728,0,447172608,0,2080768,8388608,0,0,0.000,4,1,82.00,82.00,110.00
509.500,active,94.00,0.00,1,1,345161728,0,447172608,0,3121152,12582912,0,0,0.000,4,1,94.00,94.00,100.00
510.000,active,96.00,0.00,1,1,345161728,0,447172608,0,4182016,16777216,0,0,0.000,4,2,94.00,96.00,100.00
510.500,active,96.00,0.00,1,1,345161728,0,447172608,0,3133440,12582912,0,0,0.000,4,1,96.00,96.00,100.00
511.000,active,96.00,0.00,1,1,345161728,0,447172608,0,2117632,8388608,0,0,0.000,4,1,96.00,96.00,94.00
511.504,active,96.00,0.00,1,1,345161728,0,447172608,0,2093056,8388608,0,0,0.000,4,2,96.00,98.00,96.00
512.004,active,98.00,0.00,1,1,345161728,0,447172608,0,1048576,4194304,0,0,0.000,4,1,96.00,96.00,98.00
512.504,active,96.00,0.00,1,1,345419776,0,447172608,0,2109440,8388608,0,0,0.000,4,1,96.00,96.00,100.00
513.000,active,96.00,0.00,1,1,345419776,0,447172608,0,2080768,8388608,0,0,0.000,4,2,94.00,96.00,102.00
513.500,active,72.00,0.00,1,1,345419776,0,447172608,0,2142208,8388608,0,0,0.000,4,1,72.00,72.00,150.00
514.004,active,94.00,0.00,1,1,345419776,0,447172608,0,1110016,4198400,0,0,0.000,4,1,92.00,92.00,112.00
514.500,active,94.00,0.00,1,1,345419776,0,447172608,0,2240512,8388608,0,0,0.000,4,2,96.00,98.00,100.00
515.003,active,96.00,0.00,1,1,345419776,0,447172608,0,3506176,12582912,0,0,0.000,4,1,96.00,96.00,102.00
515.504,active,98.00,0.00,1,1,345419776,0,447172608,0,2658304,8388608,0,0,0.000,4,1,94.00,94.00,102.00
516.000,active,94.00,0.00,1,1,345419776,0,447172608,0,2101248,8388608,0,0,0.000,4,1,96.00,96.00,102.00
516.504,active,100.00,0.00,1,1,345419776,0,447172608,0,1040384,4194304,0,0,0.000,4,2,98.00,100.00,32.00
517.000,active,56.00,0.00,1,1,345419776,0,447172608,0,2084864,8388608,0,0,0.000,4,1,56.00,56.00,2.00
517.504,active,96.00,0.00,1,1,345419776,0,447172608,0,3149824,12582912,0,0,0.000,4,2,94.00,96.00,50.00
518.000,active,96.00,0.00,1,1,345419776,0,447172608,0,2093056,8388608,0,0,0.000,4,1,96.00,96.00,30.00
518.501,active,82.00,0.00,1,1,345419776,0,447172608,0,3129344,12582912,0,0,0.000,4,1,84.00,84.00,48.00
519.004,active,96.00,0.00,1,1,345419776,0,447172608,0,2088960,8388608,0,0,0.000,4,2,92.00,94.00,70.00
519.500,active,94.00,0.00,1,1,345419776,0,447172608,0,2093056,8388608,0,0,0.000,4,1,96.00,96.00,2.00
520.003,active,98.00,0.00,1,1,345423872,0,447172608,0,2105344,8388608,0,0,0.000,4,1,94.00,94.00,2.00
520.504,active,96.00,0.00,1,1,345423872,0,447172608,0,2097152,8388608,0,0,0.000,4,1,98.00,98.00,0.00
521.000,active,96.00,0.00,1,1,345423872,0,447172608,0,3141632,12582912,0,0,0.000,4,2,94.00,96.00,4.00
521.504,active,96.00,0.00,1,1,345423872,0,447172608,0,2088960,8388608,0,0,0.000,4,1,96.00,96.00,2.00
522.000,active,96.00,0.00,1,1,345423872,0,447172608,0,3125248,12587008,0,0,0.000,4,1,94.00,94.00,2.00
522.504,active,96.00,0.00,1,1,345423872,0,447172608,0,2093056,8388608,0,0,0.000,4,2,98.00,100.00,0.00
523.000,active,96.00,0.00,1,1,345423872,0,447172608,0,2097152,8388608,0,0,0.000,4,1,94.00,94.00,2.00
523.504,active,98.00,0.00,1,1,345423872,0,447172608,0,2105344,8388608,0,0,0.000,4,1,98.00,98.00,2.00
524.000,active,60.00,0.00,1,1,345423872,0,447172608,0,1052672,4194304,0,0,0.000,4,2,56.00,58.00,86.00
524.504,active,96.00,0.00,1,1,345423872,0,447172608,0,2097152,8388608,0,0,0.000,4,1,98.00,98.00,26.00
525.000,active,96.00,0.00,1,1,345423872,0,447172608,0,2088960,8388608,0,0,0.000,4,1,94.00,94.00,2.00
525.504,active,98.00,0.00,1,1,345423872,0,447172608,0,1040384,4194304,0,0,0.000,4,2,100.00,102.00,24.00
526.000,active,72.00,0.00,1,1,345423872,0,447172608,0,2080768,8388608,0,0,0.000,4,1,70.00,70.00,26.00
526.504,active,70.00,0.00,1,1,345423872,0,447172608,0,1040384,4198400,0,0,0.000,4,1,70.00,70.00,38.00
527.000,active,70.00,0.00,1,1,345423872,0,447172608,0,1040384,4194304,0,0,0.000,4,1,70.00,70.00,26.00
527.504,active,80.00,0.00,1,1,345423872,0,447172608,0,1040384,4194304,0,0,0.000,4,2,78.00,80.00,20.00
528.000,active,60.00,0.00,1,1,345423872,0,447172608,0,1052672,4194304,0,0,0.000,4,1,58.00,58.00,56.00
528.504,active,98.00,0.00,1,1,345427968,0,447172608,0,2080768,8388608,0,0,0.000,4,1,98.00,98.00,0.00
529.002,active,58.00,0.00,1,1,345427968,0,447172608,0,1040384,4194304,0,0,0.000,4,2,58.00,60.00,92.00
529.503,active,98.00,0.00,1,1,345427968,0,447172608,0,1048576,4194304,0,0,0.000,4,2,96.00,98.00,120.00
530.004,active,98.00,0.00,1,1,345427968,0,447172608,0,2088960,8392704,0,0,0.000,4,1,98.00,98.00,202.00
530.500,active,96.00,0.00,1,1,345427968,0,447172608,0,2240512,8388608,0,0,0.000,4,2,96.00,98.00,200.00
531.000,active,90.00,0.00,1,1,345427968,0,447172608,0,2334720,8388608,0,0,0.000,4,1,90.00,90.00,260.00
531.500,active,54.00,0.00,1,1,345427968,0,447172608,0,1089536,4194304,0,0,0.000,4,1,52.00,52.00,212.00
532.000,active,0.00,0.00,1,1,345427968,0,447172608,0,0,0,0,0,0.000,4,0,0.00,0.00,170.00
532.500,active,0.00,0.00,1,1,345427968,0,447172608,0,0,0,0,0,0.000,4,1,0.00,2.00,96.00
533.000,active,2.00,0.00,1,1,345427968,0,447172608,0,184320,0,0,0,0.000,4,0,0.00,0.00,102.00
533.504,active,48.00,0.00,1,1,345427968,0,447172608,0,2228224,8388608,0,0,0.000,4,1,50.00,50.00,148.00
534.000,active,40.00,0.00,1,1,345427968,0,447172608,0,3457024,12582912,0,0,0.000,4,2,38.00,40.00,110.00
534.500,active,2.00,0.00,1,1,345427968,0,447172608,0,0,0,0,0,0.000,4,0,0.00,0.00,182.00
535.004,active,26.00,0.00,1,1,345427968,0,447172608,0,106496,0,0,0,0.000,4,1,26.00,26.00,334.00
535.500,active,94.00,0.00,1,1,345427968,0,447172608,0,3801088,12582912,0,0,0.000,4,2,92.00,94.00,130.00
536.000,active,70.00,0.00,1,1,345427968,0,447172608,0,3735552,16994304,0,0,0.000,4,1,74.00,74.00,136.00
536.502,active,56.00,0.00,1,1,736665600,0,858484736,0,0,0,0,0,0.000,4,1,52.00,52.00,110.00
537.004,active,96.00,0.00,1,1,1515724800,0,1617399808,0,0,0,0,0,0.000,4,2,94.00,96.00,2.00
537.500,active,78.00,0.00,1,1,1515724800,0,1617399808,0,46874624,0,0,0,0.000,4,2,76.00,78.00,14.00
538.000,active,76.00,0.00,1,1,1515724800,0,1617399808,0,44748800,0,0,0,0.000,4,2,76.00,78.00,16.00
538.500,active,74.00,0.00,1,1,1515724800,0,1617399808,0,49709056,4096,0,0,0.000,4,2,72.00,76.00,20.00
539.000,active,76.00,0.00,1,1,1515724800,0,1617399808,0,67764224,0,0,0,0.000,4,2,70.00,72.00,20.00
539.504,active,88.00,0.00,1,1,1515724800,0,1617399808,0,10285056,4096,0,0,0.000,4,2,86.00,88.00,44.00
540.004,active,90.00,0.00,1,1,1515724800,0,1617399808,0,3874816,0,0,0,0.000,4,2,90.00,92.00,2.00
540.500,active,92.00,0.00,1,1,1515724800,0,1617399808,0,6553600,8192,0,0,0.000,4,2,86.00,90.00,4.00
541.000,active,94.00,0.00,1,1,1515724800,0,1617399808,0,8192,0,0,0,0.000,4,2,92.00,94.00,0.00
541.500,active,94.00,0.00,1,1,1515724800,0,1617399808,0,0,0,0,0,0.000,4,2,94.00,96.00,30.00
542.004,active,88.00,0.00,1,1,1515724800,0,1617399808,0,25157632,0,0,0,0.000,4,2,82.00,86.00,14.00
542.504,active,82.00,0.00,1,1,1515724800,0,1617399808,0,31543296,4096,0,0,0.000,4,2,80.00,82.00,10.00
543.000,active,94.00,0.00,1,1,1515724800,0,1617399808,0,1310720,0,0,0,0.000,4,2,92.00,94.00,0.00
543.504,active,86.00,0.00,1,1,1515724800,0,1617399808,0,14209024,0,0,0,0.000,4,2,84.00,86.00,8.00
544.000,active,84.00,0.00,1,1,1515724800,0,1617399808,0,24297472,0,0,0,0.000,4,2,82.00,84.00,10.00
544.501,active,86.00,0.00,1,1,1515724800,0,1617399808,0,25669632,0,0,0,0.000,4,2,82.00,86.00,20.00
545.004,active,78.00,0.00,1,1,1515728896,0,1617399808,0,19111936,4096,0,0,0.000,4,2,76.00,78.00,18.00
545.504,active,82.00,0.00,1,1,1515728896,0,1617399808,0,19607552,0,0,0,0.000,4,2,82.00,84.00,10.00
546.000,active,88.00,0.00,1,1,1515728896,0,1617399808,0,16338944,0,0,0,0.000,4,2,84.00,86.00,6.00
546.500,active,92.00,0.00,1,1,1515728896,0,1617399808,0,4534272,0,0,0,0.000,4,2,90.00,94.00,2.00
547.001,active,88.00,0.00,1,1,1515728896,0,1617399808,0,10485760,0,0,0,0.000,4,2,86.00,88.00,4.00
547.500,active,94.00,0.00,1,1,1515728896,0,1617399808,0,2621440,0,0,0,0.000,4,2,92.00,94.00,0.00
548.004,active,96.00,0.00,1,1,1515728896,0,1617399808,0,0,4096,0,0,0.000,4,2,92.00,94.00,2.00
548.500,active,94.00,0.00,1,1,1515728896,0,1617399808,0,0,0,0,0,0.000,4,2,92.00,96.00,0.00
549.004,active,94.00,0.00,1,1,1515728896,0,1617399808,0,7843840,4096,0,0,0.000,4,2,90.00,92.00,0.00
549.504,active,92.00,0.00,1,1,1515728896,0,1617399808,0,0,0,0,0,0.000,4,2,88.00,92.00,78.00
550.004,active,94.00,0.00,1,1,1515728896,0,1617399808,0,0,4096,0,0,0.000,4,2,92.00,94.00,0.00
550.504,active,82.00,0.00,1,1,1515728896,0,1617399808,0,25317376,0,0,0,0.000,4,2,82.00,84.00,10.00
551.004,active,90.00,0.00,1,1,1515728896,0,1617399808,0,22548480,0,0,0,0.000,4,2,86.00,88.00,8.00
551.500,active,90.00,0.00,1,1,1515728896,0,1617399808,0,10469376,0,0,0,0.000,4,2,86.00,90.00,2.00
552.000,active,86.00,0.00,1,1,1515728896,0,1617399808,0,16523264,4096,0,0,0.000,4,2,86.00,88.00,6.00
552.504,active,94.00,0.00,1,1,1515728896,0,1617399808,0,11624448,0,0,0,0.000,4,2,90.00,92.00,2.00
553.000,active,88.00,0.00,1,1,1515732992,0,1617399808,0,14880768,0,0,0,0.000,4,2,86.00,88.00,4.00
553.500,active,90.00,0.00,1,1,1515732992,0,1617399808,0,13414400,0,0,0,0.000,4,2,86.00,90.00,6.00
554.000,active,84.00,0.00,1,1,1515732992,0,1617399808,0,16158720,0,0,0,0.000,4,2,82.00,84.00,10.00
554.500,active,86.00,0.00,1,1,1515732992,0,1617399808,0,10420224,4096,0,0,0.000,4,2,84.00,86.00,60.00
555.000,active,92.00,0.00,1,1,1515732992,0,1617399808,0,11620352,0,0,0,0.000,4,2,90.00,92.00,2.00
555.500,active,94.00,0.00,1,1,1515732992,0,1617399808,0,6537216,0,0,0,0.000,4,2,90.00,94.00,2.00
556.000,active,94.00,0.00,1,1,1515732992,0,1617399808,0,10510336,0,0,0,0.000,4,2,92.00,94.00,0.00
556.504,active,92.00,0.00,1,1,1515732992,0,1617399808,0,7868416,0,0,0,0.000,4,2,90.00,92.00,2.00
557.000,active,90.00,0.00,1,1,1515732992,0,1617399808,0,3944448,0,0,0,0.000,4,2,88.00,90.00,2.00
557.500,active,94.00,0.00,1,1,1515732992,0,1617399808,0,6115328,8192,0,0,0.000,4,2,90.00,94.00,2.00
558.000,active,92.00,0.00,1,1,1515732992,0,1617399808,0,3866624,0,0,0,0.000,4,2,92.00,94.00,2.00
558.500,active,84.00,0.00,1,1,1515732992,0,1617399808,0,6615040,0,0,0,0.000,4,2,80.00,82.00,10.00
559.000,active,90.00,0.00,1,1,1515732992,0,1617399808,0,4022272,0,0,0,0.000,4,2,86.00,88.00,4.00
559.504,active,96.00,0.00,1,1,1515732992,0,1617399808,0,24576,4096,0,0,0.000,4,2,94.00,96.00,34.00
560.000,active,88.00,0.00,1,1,1515732992,0,1617399808,0,4341760,0,0,0,0.000,4,2,84.00,88.00,66.00
560.500,active,94.00,0.00,1,1,1515732992,0,1617399808,0,0,4096,0,0,0.000,4,2,94.00,96.00,0.00
561.000,active,94.00,0.00,1,1,1515732992,0,1617399808,0,0,0,0,0,0.000,4,2,92.00,94.00,0.00
561.500,active,94.00,0.00,1,1,1515737088,0,1617399808,0,0,0,0,0,0.000,4,2,90.00,94.00,0.00
562.000,active,92.00,0.00,1,1,1515737088,0,1617399808,0,0,8192,0,0,0.000,4,2,90.00,92.00,50.00
562.504,active,96.00,0.00,1,1,1515737088,0,1617399808,0,0,0,0,0,0.000,4,3,92.00,96.00,0.00
563.000,active,94.00,0.00,1,1,1515737088,0,1617399808,0,0,853032960,0,0,0.000,4,2,94.00,96.00,2.00
563.500,active,32.00,0.00,1,1,1515737088,0,1617399808,0,0,317304832,0,0,0.000,4,2,30.00,34.00,62.00
564.000,active,4.00,0.00,1,1,1515737088,0,1617399808,0,0,0,0,0,0.000,4,1,0.00,2.00,100.00
564.500,active,4.00,0.00,1,1,1515737088,0,1617399808,0,0,0,0,0,0.000,4,1,0.00,2.00,108.00
565.004,active,78.00,0.00,1,1,722685952,0,858484736,0,0,0,0,0,0.000,4,2,74.00,78.00,84.00
565.500,active,92.00,0.00,1,1,1164935168,0,1343193088,0,0,0,0,0,0.000,4,1,94.00,94.00,86.00
566.000,active,96.00,0.00,1,1,1254404096,0,2440007680,0,0,0,0,0,0.000,4,2,94.00,96.00,90.00
566.504,active,96.00,0.00,1,1,2099367936,0,2440007680,0,0,0,0,0,0.000,4,2,92.00,94.00,100.00
567.000,active,90.00,0.00,1,1,2886819840,0,3536822272,0,0,0,0,0,0.000,4,2,88.00,92.00,80.00
567.500,active,90.00,0.00,1,1,3633713152,0,4633636864,0,0,0,0,0,0.000,4,2,84.00,88.00,94.00
568.004,active,86.00,0.00,1,1,4370542592,0,4633636864,0,0,0,0,0,0.000,4,2,80.00,86.00,94.00
568.500,active,82.00,0.00,1,1,5034897408,0,5182046208,0,0,0,0,0,0.000,4,2,74.00,82.00,100.00
569.000,active,80.00,0.00,1,1,5628792832,0,5730455552,0,14532608,0,0,0,0.000,4,2,70.00,80.00,96.00
569.500,active,52.00,0.00,1,1,5628796928,0,5730455552,0,68206592,0,0,0,0.000,4,2,42.00,52.00,126.00
570.000,active,54.00,0.00,1,1,5628796928,0,5730455552,0,55816192,0,0,0,0.000,4,2,46.00,56.00,114.00
570.501,active,26.00,0.00,1,1,5628796928,0,5730455552,0,13082624,4096,0,0,0.000,4,2,14.00,24.00,204.00
571.001,active,60.00,0.00,1,1,5628796928,0,5730455552,0,46276608,0,0,0,0.000,4,2,48.00,60.00,126.00
571.500,active,56.00,0.00,1,1,5628796928,0,5730455552,0,46080000,0,0,0,0.000,4,2,48.00,58.00,112.00
572.001,active,64.00,0.00,1,1,5628796928,0,5730455552,0,34869248,0,0,0,0.000,4,2,50.00,60.00,108.00
572.500,active,46.00,0.00,1,1,5628796928,0,5730455552,0,82780160,4096,0,0,0.000,4,2,38.00,50.00,134.00
573.004,active,54.00,0.00,1,1,5628796928,0,5730455552,0,76140544,0,0,0,0.000,4,2,42.00,52.00,120.00
573.500,active,30.00,0.00,1,1,5628796928,0,5730455552,0,44347392,4096,0,0,0.000,4,2,20.00,30.00,160.00
574.000,active,28.00,0.00,1,1,5628796928,0,5730455552,0,38121472,0,0,0,0.000,4,2,18.00,30.00,166.00
574.508,active,56.00,0.00,1,1,5628796928,0,5730455552,0,72740864,0,0,0,0.000,4,2,44.00,54.00,124.00
575.000,active,50.00,0.00,1,1,5628796928,0,5730455552,0,70848512,0,0,0,0.000,4,2,40.00,50.00,128.00
575.500,active,52.00,0.00,1,1,5628796928,0,5730455552,0,63426560,0,0,0,0.000,4,2,40.00,52.00,120.00
576.004,active,56.00,0.00,1,1,5628796928,0,5730455552,0,67395584,0,0,0,0.000,4,2,44.00,54.00,124.00
576.500,active,30.00,0.00,1,1,5628796928,0,5730455552,0,36540416,4096,0,0,0.000,4,2,22.00,34.00,148.00
577.001,active,50.00,0.00,1,1,5628796928,0,5730455552,0,78372864,0,0,0,0.000,4,2,40.00,50.00,82.00
577.503,active,50.00,0.00,1,1,5628796928,0,5730455552,0,67444736,4096,0,0,0.000,4,2,38.00,50.00,76.00
578.000,active,58.00,0.00,1,1,5628801024,0,5730455552,0,71970816,0,0,0,0.000,4,2,46.00,56.00,48.00
578.500,active,20.00,0.00,1,1,5628801024,0,5730455552,0,16039936,0,0,0,0.000,4,2,10.00,20.00,150.00
579.000,active,14.00,0.00,1,1,5628801024,0,5730455552,0,2977792,0,0,0,0.000,4,2,2.00,12.00,156.00
579.504,active,10.00,0.00,1,1,5628801024,0,5730455552,0,987136,0,0,0,0.000,4,1,0.00,12.00,112.00
580.001,active,18.00,0.00,1,1,5628801024,0,5730455552,0,4034560,4096,0,0,0.000,4,2,8.00,18.00,106.00
580.501,active,20.00,0.00,1,1,5628801024,0,5730455552,0,1978368,0,0,0,0.000,4,2,6.00,20.00,80.00
581.001,active,22.00,0.00,1,1,5628801024,0,5730455552,0,1970176,0,0,0,0.000,4,3,8.00,24.00,524.00
581.500,active,28.00,0.00,1,1,5628801024,0,5730455552,0,9895936,0,0,0,0.000,4,2,12.00,28.00,876.00
582.001,active,52.00,0.00,1,1,5628801024,0,5730455552,0,70574080,0,0,0,0.000,4,2,42.00,52.00,90.00
582.500,active,58.00,0.00,1,1,5628801024,0,5730455552,0,66998272,0,0,0,0.000,4,2,46.00,58.00,80.00
583.000,active,32.00,0.00,1,1,5628801024,0,5730455552,0,45654016,0,0,0,0.000,4,2,20.00,32.00,174.00
583.503,active,30.00,0.00,1,1,5628801024,0,5730455552,0,30273536,0,0,0,0.000,4,2,20.00,30.00,98.00
584.004,active,50.00,0.00,1,1,5628801024,0,5730455552,0,50348032,0,0,0,0.000,4,2,40.00,50.00,112.00
584.504,active,54.00,0.00,1,1,5628801024,0,5730455552,0,52482048,0,0,0,0.000,4,2,44.00,54.00,76.00
585.000,active,52.00,0.00,1,1,5628801024,0,5730455552,0,36749312,4096,0,0,0.000,4,2,34.00,52.00,0.00
585.508,active,46.00,0.00,1,1,5628801024,0,5730455552,0,26128384,0,0,0,0.000,4,2,30.00,46.00,0.00
586.004,active,52.00,0.00,1,1,5628805120,0,5730455552,0,34516992,0,0,0,0.000,4,2,38.00,54.00,0.00
586.504,active,62.00,0.00,1,1,5628805120,0,5730455552,0,38981632,0,0,0,0.000,4,2,42.00,58.00,2.00
587.004,active,52.00,0.00,1,1,5628805120,0,5730455552,0,38854656,0,0,0,0.000,4,2,36.00,52.00,4.00
587.504,active,50.00,0.00,1,1,5628805120,0,5730455552,0,24440832,0,0,0,0.000,4,2,34.00,52.00,0.00
588.003,active,52.00,0.00,1,1,5628805120,0,5730455552,0,40640512,0,0,0,0.000,4,2,34.00,50.00,0.00
588.501,active,50.00,0.00,1,1,5628805120,0,5730455552,0,37105664,0,0,0,0.000,4,2,34.00,52.00,0.00
589.001,active,58.00,0.00,1,1,5628805120,0,5730455552,0,27095040,0,0,0,0.000,4,2,40.00,56.00,0.00
589.500,active,50.00,0.00,1,1,5628805120,0,5730455552,0,44343296,0,0,0,0.000,4,2,34.00,50.00,6.00
590.004,active,52.00,0.00,1,1,5628805120,0,5730455552,0,28405760,0,0,0,0.000,4,2,36.00,54.00,22.00
590.504,active,56.00,0.00,1,1,5628805120,0,5730455552,0,29343744,0,0,0,0.000,4,2,38.00,54.00,0.00
591.008,active,56.00,0.00,1,1,5628805120,0,5730455552,0,29958144,0,0,0,0.000,4,2,42.00,58.00,2.00
591.504,active,58.00,0.00,1,1,5628805120,0,5730455552,0,25321472,4096,0,0,0.000,4,2,42.00,58.00,0.00
592.004,active,54.00,0.00,1,1,5628805120,0,5730455552,0,25317376,0,0,0,0.000,4,2,36.00,54.00,2.00
592.500,active,58.00,0.00,1,1,5628805120,0,5730455552,0,28942336,0,0,0,0.000,4,2,40.00,56.00,6.00
593.004,active,62.00,0.00,1,1,5628805120,0,5730455552,0,26972160,0,0,0,0.000,4,2,46.00,62.00,0.00
593.504,active,52.00,0.00,1,1,5628805120,0,5730455552,0,24997888,0,0,0,0.000,4,2,36.00,54.00,0.00
594.004,active,48.00,0.00,1,1,5628805120,0,5730455552,0,25559040,0,0,0,0.000,4,2,32.00,48.00,0.00
594.504,active,56.00,0.00,1,1,5628809216,0,5730455552,0,27688960,4096,0,0,0.000,4,2,40.00,56.00,2.00
595.000,active,56.00,0.00,1,1,5628809216,0,5730455552,0,25149440,0,0,0,0.000,4,2,38.00,54.00,0.00
595.500,active,58.00,0.00,1,1,5628809216,0,5730455552,0,25600000,0,0,0,0.000,4,2,42.00,60.00,16.00
596.012,active,58.00,0.00,1,1,5628809216,0,5730455552,0,27041792,0,0,0,0.000,4,2,40.00,56.00,2.00
596.504,active,54.00,0.00,1,1,5628809216,0,5730455552,0,21258240,0,0,0,0.000,4,2,38.00,54.00,0.00
597.008,active,54.00,0.00,1,1,5628809216,0,5730455552,0,28667904,0,0,0,0.000,4,2,38.00,54.00,0.00
597.504,active,56.00,0.00,1,1,5628809216,0,5730455552,0,22896640,0,0,0,0.000,4,2,38.00,56.00,2.00
598.000,active,56.00,0.00,1,1,5628809216,0,5730455552,0,18018304,0,0,0,0.000,4,2,42.00,58.00,2.00
598.504,active,56.00,0.00,1,1,5628809216,0,5730455552,0,47919104,0,0,0,0.000,4,2,36.00,52.00,0.00
599.008,active,54.00,0.00,1,1,5628809216,0,5730455552,0,37462016,4096,0,0,0.000,4,2,38.00,54.00,0.00
599.504,active,56.00,0.00,1,1,5628809216,0,5730455552,0,33427456,0,0,0,0.000,4,2,40.00,58.00,0.00
600.004,active,56.00,0.00,1,1,5628809216,0,5730455552,0,40382464,0,0,0,0.000,4,2,42.00,58.00,6.00
600.504,active,52.00,0.00,1,1,5628809216,0,5730455552,0,36675584,0,0,0,0.000,4,2,34.00,50.00,2.00
601.004,active,52.00,0.00,1,1,5628809216,0,5730455552,0,32542720,0,0,0,0.000,4,2,36.00,52.00,0.00
601.504,active,52.00,0.00,1,1,5628809216,0,5730455552,0,43728896,0,0,0,0.000,4,2,36.00,54.00,2.00
602.000,active,58.00,0.00,1,1,5628809216,0,5730455552,0,35352576,4096,0,0,0.000,4,2,40.00,56.00,0.00
602.508,active,54.00,0.00,1,1,5628813312,0,5730455552,0,37912576,0,0,0,0.000,4,2,36.00,52.00,0.00
603.003,active,58.00,0.00,1,1,5628813312,0,5730455552,0,37863424,0,0,0,0.000,4,2,44.00,60.00,50.00
603.500,active,60.00,0.00,1,1,5628813312,0,5730455552,0,48357376,0,0,0,0.000,4,2,42.00,60.00,24.00
604.000,active,56.00,0.00,1,1,5628813312,0,5730455552,0,88109056,0,0,0,0.000,4,2,46.00,56.00,122.00
604.501,active,50.00,0.00,1,1,5628813312,0,5730455552,0,78712832,0,0,0,0.000,4,2,40.00,52.00,172.00
605.000,active,52.00,0.00,1,1,5628813312,0,5730455552,0,75956224,4096,0,0,0.000,4,2,40.00,50.00,216.00
605.504,active,58.00,0.00,1,1,5628813312,0,5730455552,0,68501504,0,0,0,0.000,4,2,46.00,58.00,282.00
606.004,active,56.00,0.00,1,1,5628813312,0,5730455552,0,79249408,0,0,0,0.000,4,2,46.00,56.00,106.00
606.504,active,58.00,0.00,1,1,5628813312,0,5730455552,0,46243840,0,0,0,0.000,4,2,42.00,58.00,14.00
607.000,active,56.00,0.00,1,1,5628813312,0,5730455552,0,65351680,0,0,0,0.000,4,2,42.00,56.00,120.00
607.500,active,60.00,0.00,1,1,5628813312,0,5730455552,0,50892800,0,0,0,0.000,4,2,42.00,60.00,66.00
608.000,active,54.00,0.00,1,1,5628813312,0,5730455552,0,55394304,0,0,0,0.000,4,2,42.00,52.00,128.00
608.500,active,58.00,0.00,1,1,5628813312,0,5730455552,0,64126976,0,0,0,0.000,4,2,48.00,58.00,122.00
609.004,active,40.00,0.00,1,1,5628813312,0,5730455552,0,50024448,0,0,0,0.000,4,2,28.00,40.00,170.00
609.500,active,54.00,0.00,1,1,5628813312,0,5730455552,0,70725632,8192,0,0,0.000,4,2,44.00,54.00,132.00
610.000,active,54.00,0.00,1,1,5628813312,0,5730455552,0,64122880,0,0,0,0.000,4,2,46.00,58.00,112.00
610.508,active,68.00,0.00,1,1,5628813312,0,5730455552,0,52498432,0,0,0,0.000,4,2,52.00,68.00,12.00
611.002,active,62.00,0.00,1,1,5628817408,0,5730455552,0,55492608,0,0,0,0.000,4,2,44.00,60.00,12.00
611.504,active,66.00,0.00,1,1,5628817408,0,5730455552,0,55787520,4096,0,0,0.000,4,2,48.00,64.00,16.00
612.003,active,64.00,0.00,1,1,5628817408,0,5730455552,0,54464512,0,0,0,0.000,4,2,50.00,66.00,14.00
612.508,active,64.00,0.00,1,1,5628817408,0,5730455552,0,41025536,0,0,0,0.000,4,2,46.00,62.00,10.00
613.002,active,62.00,0.00,1,1,5628817408,0,5730455552,0,58707968,0,0,0,0.000,4,2,46.00,62.00,20.00
613.504,active,58.00,0.00,1,1,5628817408,0,5730455552,0,48353280,4096,0,0,0.000,4,2,46.00,62.00,16.00
614.000,active,54.00,0.00,1,1,5628817408,0,5730455552,0,59056128,0,0,0,0.000,4,3,38.00,54.00,82.00
614.503,active,66.00,0.00,1,1,5628817408,0,5730455552,0,21053440,4096,0,0,0.000,4,2,46.00,66.00,98.00
615.004,active,54.00,0.00,1,1,5628817408,0,5730455552,0,14737408,0,0,0,0.000,4,2,40.00,56.00,20.00
615.504,active,66.00,0.00,1,1,5628817408,0,5730455552,0,32874496,0,0,0,0.000,4,2,44.00,64.00,8.00
616.000,active,70.00,0.00,1,1,5628817408,0,5730455552,0,37486592,0,0,0,0.000,4,2,54.00,70.00,12.00
616.503,active,62.00,0.00,1,1,5628817408,0,5730455552,0,36511744,0,0,0,0.000,4,2,48.00,62.00,16.00
617.004,active,52.00,0.00,1,1,5628817408,0,5730455552,0,28999680,4096,0,0,0.000,4,2,34.00,50.00,48.00
617.504,active,42.00,0.00,1,1,5628817408,0,5730455552,0,57053184,0,0,0,0.000,4,2,32.00,42.00,28.00
618.000,active,78.00,0.00,1,1,5628817408,0,5730455552,0,26865664,326197248,0,0,0.000,4,2,62.00,78.00,10.00
618.504,active,82.00,0.00,1,1,5628817408,0,5730455552,0,0,552116224,0,0,0.000,4,2,64.00,80.00,0.00
619.000,active,74.00,0.00,1,1,5628821504,0,5730455552,0,0,530071552,0,0,0.000,4,2,60.00,76.00,0.00
619.500,active,80.00,0.00,1,1,5628821504,0,5730455552,0,0,533135360,0,0,0.000,4,2,64.00,80.00,34.00
620.004,active,74.00,0.00,1,1,5628821504,0,5730455552,0,0,460460032,0,0,0.000,4,2,58.00,74.00,94.00
620.500,active,76.00,0.00,1,1,5628821504,0,5730455552,0,0,524853248,0,0,0.000,4,2,62.00,78.00,98.00
621.004,active,38.00,0.00,1,1,5628821504,0,5730455552,0,0,159408128,0,0,0.000,4,2,22.00,38.00,162.00
621.500,active,26.00,0.00,1,1,5628821504,0,5730455552,0,0,104558592,0,0,0.000,4,2,12.00,26.00,242.00
622.000,active,28.00,0.00,1,1,5628821504,0,5730455552,0,0,99631104,0,0,0.000,4,2,10.00,26.00,140.00
622.502,active,16.00,0.00,1,1,5628821504,0,5730455552,0,0,0,0,0,0.000,4,1,0.00,16.00,138.00
623.000,active,14.00,0.00,1,1,5628821504,0,5730455552,0,0,0,0,0,0.000,4,1,0.00,14.00,282.00
623.500,active,28.00,0.00,1,1,5628821504,0,5730455552,0,0,101974016,0,0,0.000,4,2,12.00,28.00,244.00
624.004,active,28.00,0.00,1,1,5628821504,0,5730455552,0,0,103825408,0,0,0.000,4,2,14.00,30.00,246.00
624.500,active,28.00,0.00,1,1,5628821504,0,5730455552,0,0,102912000,0,0,0.000,4,2,12.00,26.00,248.00
625.000,active,26.00,0.00,1,1,5628821504,0,5730455552,0,0,95502336,0,0,0.000,4,2,10.00,26.00,236.00
625.500,active,20.00,0.00,1,1,5628821504,0,5730455552,0,0,51859456,0,0,0.000,4,2,8.00,22.00,272.00
626.000,active,24.00,0.00,1,1,5628821504,0,5730455552,0,0,51044352,0,0,0.000,4,2,6.00,22.00,202.00
626.504,active,24.00,0.00,1,1,5628821504,0,5730455552,0,0,51044352,0,0,0.000,4,2,8.00,24.00,202.00
627.004,active,30.00,0.00,1,1,5628821504,0,5730455552,0,0,100442112,0,0,0.000,4,2,14.00,32.00,194.00
627.502,active,30.00,0.00,1,1,5628825600,0,5730455552,0,0,103735296,0,0,0.000,4,2,14.00,30.00,148.00
628.004,active,30.00,0.00,1,1,5628825600,0,5730455552,0,0,102088704,0,0,0.000,4,2,12.00,28.00,86.00
628.504,active,34.00,0.00,1,1,5628825600,0,5730455552,0,0,104710144,0,0,0.000,4,2,18.00,36.00,94.00
629.002,active,32.00,0.00,1,1,5628825600,0,5730455552,0,0,106917888,0,0,0.000,4,2,14.00,30.00,100.00
629.504,active,18.00,0.00,1,1,5628825600,0,5730455552,0,0,20807680,0,0,0.000,4,2,2.00,18.00,96.00
630.004,active,18.00,0.00,1,1,5628825600,0,5730455552,0,0,0,0,0,0.000,4,1,0.00,18.00,138.00
630.504,active,16.00,0.00,1,1,5628825600,0,5730455552,0,0,0,0,0,0.000,4,1,0.00,16.00,200.00
631.004,active,34.00,0.00,1,1,4763287552,0,5182046208,0,0,0,0,0,0.000,4,2,20.00,36.00,156.00
631.504,active,68.00,0.00,1,1,2338377728,0,3536822272,0,0,0,0,0,0.000,4,2,54.00,68.00,184.00
632.000,active,50.00,0.00,1,1,345542656,0,447172608,0,8949760,4096,0,0,0.000,4,2,42.00,48.00,130.00
632.504,active,26.00,0.00,1,1,397975552,0,514285568,0,42741760,0,0,0,0.000,4,2,22.00,24.00,40.00
633.000,active,72.00,0.00,1,1,397975552,0,514285568,0,0,0,0,0,0.000,4,1,74.00,74.00,0.00
633.500,active,76.00,0.00,1,1,397975552,0,514285568,0,0,0,0,0,0.000,4,2,72.00,74.00,0.00
634.008,active,72.00,0.00,1,1,345542656,0,447172608,0,126976,0,0,0,0.000,4,1,74.00,74.00,0.00
634.500,active,40.00,0.00,1,1,345804800,0,447172608,0,0,1056768,0,0,0.000,4,2,38.00,40.00,38.00
635.004,active,4.00,0.00,1,1,345804800,0,447172608,0,0,1056768,0,0,0.000,4,2,2.00,4.00,98.00
635.500,active,6.00,0.00,1,1,345808896,0,447172608,0,0,1056768,0,0,0.000,4,1,6.00,6.00,88.00
636.004,active,2.00,0.00,1,1,345808896,0,447172608,0,0,1056768,0,0,0.000,4,1,0.00,2.00,98.00
636.500,active,6.00,0.00,1,1,345808896,0,447172608,0,0,1056768,0,0,0.000,4,1,4.00,4.00,90.00
637.000,active,0.00,0.00,1,1,345808896,0,447172608,0,0,0,0,0,0.000,4,1,0.00,2.00,260.00
637.500,active,2.00,0.00,1,1,345808896,0,447172608,0,0,0,0,0,0.000,4,0,0.00,0.00,196.00
638.004,active,0.00,0.00,1,1,345808896,0,447172608,0,0,0,0,0,0.000,4,1,0.00,2.00,202.00
638.500,active,2.00,0.00,1,1,345808896,0,447172608,0,0,1056768,0,0,0.000,4,0,0.00,0.00,178.00
639.004,active,2.00,0.00,1,1,345808896,0,447172608,0,0,0,0,0,0.000,4,2,0.00,4.00,200.00
639.500,active,0.00,0.00,1,1,345808896,0,447172608,0,0,0,0,0,0.000,4,0,0.00,0.00,148.00
640.001,active,2.00,0.00,1,1,345808896,0,447172608,0,0,0,0,0,0.000,4,1,0.00,2.00,142.00
640.501,active,0.00,0.00,1,1,345808896,0,447172608,0,0,0,0,0,0.000,4,0,0.00,0.00,200.00
641.005,active,4.00,0.00,1,1,345808896,0,447172608,0,0,2113536,0,0,0.000,4,2,4.00,6.00,196.00
641.500,active,4.00,0.00,1,1,345808896,0,447172608,0,0,2113536,0,0,0.000,4,1,4.00,4.00,192.00
642.000,active,6.00,0.00,1,1,345808896,0,447172608,0,0,1056768,0,0,0.000,4,1,4.00,4.00,100.00
642.501,active,0.00,0.00,1,1,345808896,0,447172608,0,0,1056768,0,0,0.000,4,1,0.00,2.00,204.00
643.000,active,8.00,0.00,1,1,345808896,0,447172608,0,0,1056768,0,0,0.000,4,2,6.00,8.00,146.00
643.500,active,4.00,0.00,1,1,345808896,0,447172608,0,0,2113536,0,0,0.000,4,1,2.00,2.00,190.00
644.000,active,2.00,0.00,1,1,345812992,0,447172608,0,0,1056768,0,0,0.000,4,0,0.00,0.00,190.00
644.500,active,4.00,0.00,1,1,345812992,0,447172608,0,0,1056768,0,0,0.000,4,2,4.00,6.00,122.00
645.000,active,0.00,0.00,1,1,345812992,0,447172608,0,0,1056768,0,0,0.000,4,1,2.00,2.00,146.00
645.500,active,6.00,0.00,1,1,345812992,0,447172608,0,0,2113536,0,0,0.000,4,2,4.00,6.00,94.00
646.000,active,0.00,0.00,1,1,345812992,0,447172608,0,0,0,0,0,0.000,4,0,0.00,0.00,98.00
646.500,active,6.00,0.00,1,1,345812992,0,447172608,0,0,1056768,0,0,0.000,4,1,6.00,6.00,96.00
647.000,active,2.00,0.00,1,1,345812992,0,447172608,0,0,1056768,0,0,0.000,4,1,0.00,2.00,100.00
647.500,active,26.00,0.00,1,1,345812992,0,447172608,0,0,10567680,0,0,0.000,4,1,26.00,26.00,86.00
648.000,active,34.00,0.00,1,1,345812992,0,447172608,0,0,11624448,0,0,0.000,4,2,30.00,32.00,92.00
648.500,active,54.00,0.00,1,1,345812992,0,447172608,0,0,17965056,0,0,0.000,4,1,56.00,56.00,40.00
649.000,active,58.00,0.00,1,1,345812992,0,447172608,0,0,19021824,0,0,0.000,4,2,54.00,56.00,40.00
649.502,active,58.00,0.00,1,1,345812992,0,447172608,0,0,17965056,0,0,0.000,4,1,56.00,56.00,38.00
650.004,active,56.00,0.00,1,1,345812992,0,447172608,0,0,17965056,0,0,0.000,4,2,56.00,58.00,40.00
650.500,active,52.00,0.00,1,1,345812992,0,447172608,0,0,19021824,0,0,0.000,4,1,54.00,54.00,72.00
651.000,active,48.00,0.00,1,1,345812992,0,447172608,0,0,21135360,0,0,0.000,4,1,46.00,46.00,52.00
651.500,active,58.00,0.00,1,1,345812992,0,447172608,0,0,15831040,0,0,0.000,4,2,58.00,60.00,34.00
652.004,active,56.00,0.00,1,1,345812992,0,447172608,0,0,16928768,0,0,0.000,4,1,52.00,52.00,42.00
652.504,active,54.00,0.00,1,1,345817088,0,447172608,0,0,17965056,0,0,0.000,4,2,54.00,56.00,42.00
653.000,active,54.00,0.00,1,1,347119616,0,447172608,0,0,19021824,0,0,0.000,4,1,56.00,56.00,40.00
653.500,active,58.00,0.00,1,1,354463744,0,514281472,0,0,17965056,0,0,0.000,4,2,54.00,56.00,38.00
654.004,active,60.00,0.00,1,1,361803776,0,514281472,0,0,17965056,0,0,0.000,4,1,58.00,58.00,40.00
654.500,active,54.00,0.00,1,1,369143808,0,514281472,0,4096,16908288,0,0,0.000,4,2,54.00,56.00,42.00
655.004,active,56.00,0.00,1,1,405843968,0,514281472,0,0,19021824,0,0,0.000,4,2,56.00,58.00,40.00
655.500,active,58.00,0.00,1,1,413184000,0,514281472,0,0,17965056,0,0,0.000,4,1,56.00,56.00,38.00
656.004,active,54.00,0.00,1,1,420528128,0,581390336,0,0,15851520,0,0,0.000,4,2,52.00,54.00,80.00
656.500,active,56.00,0.00,1,1,435208192,0,581390336,0,0,19021824,0,0,0.000,4,1,54.00,54.00,38.00
657.000,active,60.00,0.00,1,1,449888256,0,581390336,0,0,16908288,0,0,0.000,4,2,60.00,62.00,38.00
657.504,active,54.00,0.00,1,1,457228288,0,581390336,0,4096,19021824,0,0,0.000,4,2,54.00,56.00,46.00
658.004,active,58.00,0.00,1,1,471908352,0,581390336,0,0,16908288,0,0,0.000,4,2,54.00,56.00,40.00
658.500,active,56.00,0.00,1,1,479248384,0,581390336,0,0,16908288,0,0,0.000,4,1,54.00,54.00,38.00
659.004,active,58.00,0.00,1,1,486592512,0,648499200,0,0,16908288,0,0,0.000,4,2,56.00,58.00,38.00
659.501,active,54.00,0.00,1,1,493932544,0,648499200,0,0,16908288,0,0,0.000,4,2,52.00,54.00,42.00
660.008,active,46.00,0.00,1,1,508612608,0,648499200,0,0,15851520,0,0,0.000,4,2,46.00,48.00,80.00
660.505,active,36.00,0.00,1,1,508616704,0,648499200,0,0,11624448,0,0,0.000,4,1,34.00,34.00,24.00
661.000,active,38.00,0.00,1,1,515956736,0,648499200,0,4096,10567680,0,0,0.000,4,2,36.00,38.00,24.00
661.504,active,40.00,0.00,1,1,523296768,0,648499200,0,0,10567680,0,0,0.000,4,2,38.00,40.00,20.00
662.003,active,38.00,0.00,1,1,523296768,0,648499200,0,0,9510912,0,0,0.000,4,2,36.00,38.00,22.00
662.504,active,40.00,0.00,1,1,530636800,0,648499200,0,0,11624448,0,0,0.000,4,2,42.00,44.00,26.00
663.004,active,40.00,0.00,1,1,550633472,0,715608064,0,0,10567680,0,0,0.000,4,2,34.00,36.00,26.00
663.508,active,38.00,0.00,1,1,567341056,0,715608064,0,0,10567680,0,0,0.000,4,2,38.00,40.00,22.00
664.004,active,36.00,0.00,1,1,574681088,0,715608064,0,0,11624448,0,0,0.000,4,2,34.00,36.00,28.00
664.503,active,38.00,0.00,1,1,582021120,0,715608064,0,0,11624448,0,0,0.000,4,2,38.00,40.00,26.00
665.001,active,40.00,0.00,1,1,589361152,0,715608064,0,0,10567680,0,0,0.000,4,2,34.00,36.00,22.00
665.504,active,40.00,0.00,1,1,589361152,0,715608064,0,0,10567680,0,0,0.000,4,2,38.00,40.00,68.00
666.000,active,26.00,0.00,1,1,623968256,0,782716928,0,0,7397376,0,0,0.000,4,2,24.00,26.00,48.00
666.504,active,22.00,0.00,1,1,626065408,0,782716928,0,0,7397376,0,0,0.000,4,2,22.00,24.00,52.00
667.008,active,40.00,0.00,1,1,631308288,0,782716928,0,4096,10567680,0,0,0.000,4,2,38.00,40.00,26.00
667.500,active,40.00,0.00,1,1,633405440,0,782716928,0,0,10567680,0,0,0.000,4,2,38.00,42.00,22.00
668.010,active,42.00,0.00,1,1,640745472,0,782716928,0,0,12681216,0,0,0.000,4,2,38.00,40.00,30.00
668.504,active,40.00,0.00,1,1,648085504,0,782716928,0,0,10567680,0,0,0.000,4,2,40.00,42.00,26.00
669.008,active,40.00,0.00,1,1,648089600,0,782716928,0,0,10567680,0,0,0.000,4,2,36.00,38.00,24.00
669.500,active,42.00,0.00,1,1,662769664,0,782716928,0,0,11624448,0,0,0.000,4,2,40.00,42.00,20.00
670.004,active,32.00,0.00,1,1,662769664,0,782716928,0,0,9510912,0,0,0.000,4,2,28.00,30.00,50.00
670.500,active,2.00,0.00,1,1,662769664,0,782716928,0,0,0,0,0,0.000,4,1,0.00,2.00,190.00
671.000,active,10.00,0.00,1,1,668012544,0,782716928,0,0,2113536,0,0,0.000,4,2,8.00,10.00,176.00
671.504,active,10.00,0.00,1,1,670109696,0,782716928,0,0,1056768,0,0,0.000,4,3,6.00,12.00,214.00
672.004,active,28.00,0.00,1,1,670109696,0,782716928,0,0,7397376,0,0,0.000,4,2,28.00,30.00,72.00
672.504,active,38.00,0.00,1,1,677449728,0,782716928,0,0,10567680,0,0,0.000,4,2,36.00,38.00,24.00
673.002,active,40.00,0.00,1,1,677449728,0,782716928,0,0,11624448,0,0,0.000,4,2,38.00,40.00,24.00
673.504,active,42.00,0.00,1,1,684793856,0,849825792,0,0,11624448,0,0,0.000,4,2,38.00,40.00,54.00
674.004,active,40.00,0.00,1,1,699473920,0,849825792,0,0,10567680,0,0,0.000,4,2,36.00,38.00,24.00
674.506,active,54.00,0.00,1,1,704716800,0,849825792,0,0,14794752,0,0,0.000,4,2,54.00,58.00,52.00
675.000,active,42.00,0.00,1,1,714153984,0,849825792,0,0,19021824,0,0,0.000,4,2,40.00,42.00,148.00
675.500,active,44.00,0.00,1,1,721494016,0,849825792,0,4096,19021824,0,0,0.000,4,2,42.00,44.00,148.00
676.004,active,46.00,0.00,1,1,736174080,0,849825792,0,0,19021824,0,0,0.000,4,2,46.00,48.00,148.00
676.500,active,54.00,0.00,1,1,743514112,0,849825792,0,0,16908288,0,0,0.000,4,1,50.00,50.00,46.00
677.004,active,56.00,0.00,1,1,750862336,0,916934656,0,0,19021824,0,0,0.000,4,2,54.00,58.00,78.00
677.500,active,50.00,0.00,1,1,758202368,0,916934656,0,0,19021824,0,0,0.000,4,2,50.00,52.00,74.00
678.000,active,48.00,0.00,1,1,780222464,0,916934656,0,0,19021824,0,0,0.000,4,1,44.00,44.00,146.00
678.500,active,44.00,0.00,1,1,792805376,0,916934656,0,0,21135360,0,0,0.000,4,2,44.00,46.00,174.00
679.000,active,48.00,0.00,1,1,802242560,0,916934656,0,0,21135360,0,0,0.000,4,2,46.00,48.00,246.00
679.500,active,52.00,0.00,1,1,816926720,0,984043520,0,4096,16908288,0,0,0.000,4,2,50.00,52.00,122.00
680.000,active,42.00,0.00,1,1,824266752,0,984043520,0,0,13737984,0,0,0.000,4,2,38.00,40.00,54.00
680.504,active,14.00,0.00,1,1,831606784,0,984043520,0,0,3170304,0,0,0.000,4,2,10.00,14.00,88.00
681.000,active,54.00,0.00,1,1,836849664,0,984043520,0,0,15851520,0,0,0.000,4,2,52.00,54.00,36.00
681.504,active,56.00,0.00,1,1,851529728,0,984043520,0,0,17965056,0,0,0.000,4,2,54.00,56.00,38.00
682.000,active,56.00,0.00,1,1,858869760,0,984043520,0,0,16908288,0,0,0.000,4,2,54.00,58.00,36.00
682.500,active,56.00,0.00,1,1,868306944,0,984043520,0,0,17965056,0,0,0.000,4,2,52.00,54.00,76.00
683.000,active,54.00,0.00,1,1,875646976,0,984043520,0,0,17965056,0,0,0.000,4,2,54.00,56.00,44.00
683.503,active,58.00,0.00,1,1,890331136,0,1051152384,0,4096,16908288,0,0,0.000,4,2,54.00,58.00,38.00
684.000,active,58.00,0.00,1,1,897671168,0,1051152384,0,0,15851520,0,0,0.000,4,2,54.00,56.00,36.00
684.500,active,56.00,0.00,1,1,905011200,0,1051152384,0,0,17965056,0,0,0.000,4,2,54.00,58.00,38.00
685.004,active,62.00,0.00,1,1,912351232,0,1051152384,0,0,16908288,0,0,0.000,4,2,58.00,60.00,36.00
685.504,active,50.00,0.00,1,1,971079680,0,1118261248,0,0,19021824,0,0,0.000,4,2,50.00,54.00,66.00
686.000,active,52.00,0.00,1,1,978419712,0,1118261248,0,0,17965056,0,0,0.000,4,2,46.00,48.00,42.00
686.504,active,54.00,0.00,1,1,985759744,0,1118261248,0,4096,15851520,0,0,0.000,4,2,52.00,54.00,40.00
687.002,active,58.00,0.00,1,1,993099776,0,1118261248,0,0,19021824,0,0,0.000,4,2,54.00,58.00,38.00
687.500,active,56.00,0.00,1,1,1073844224,0,1185370112,0,0,15851520,0,0,0.000,4,2,54.00,56.00,38.00
688.004,active,62.00,0.00,1,1,1110548480,0,1252478976,0,0,17965056,0,0,0.000,4,2,58.00,62.00,38.00
688.503,active,56.00,0.00,1,1,1117888512,0,1252478976,0,0,16908288,0,0,0.000,4,2,54.00,58.00,34.00
689.000,active,56.00,0.00,1,1,1125228544,0,1252478976,0,0,16908288,0,0,0.000,4,2,52.00,54.00,38.00
689.503,active,56.00,0.00,1,1,1132568576,0,1252478976,0,0,16908288,0,0,0.000,4,2,52.00,56.00,40.00
690.000,active,58.00,0.00,1,1,1147252736,0,1319587840,0,4096,16908288,0,0,0.000,4,2,54.00,58.00,40.00
690.504,active,56.00,0.00,1,1,1154592768,0,1319587840,0,0,14794752,0,0,0.000,4,2,54.00,58.00,48.00
691.008,active,56.00,0.00,1,1,1159835648,0,1319587840,0,0,16908288,0,0,0.000,4,2,52.00,54.00,100.00
691.500,active,56.00,0.00,1,1,1167175680,0,1319587840,0,0,16908288,0,0,0.000,4,2,52.00,56.00,36.00
692.000,active,56.00,0.00,1,1,1181855744,0,1319587840,0,0,16908288,0,0,0.000,4,2,56.00,60.00,36.00
692.504,active,58.00,0.00,1,1,1191292928,0,1319587840,0,0,16908288,0,0,0.000,4,2,52.00,54.00,38.00
693.004,active,56.00,0.00,1,1,1213317120,0,1386696704,0,0,17965056,0,0,0.000,4,2,52.00,56.00,38.00
693.500,active,56.00,0.00,1,1,1220661248,0,1386696704,0,4096,15851520,0,0,0.000,4,2,54.00,58.00,40.00
694.004,active,56.00,0.00,1,1,1228001280,0,1386696704,0,0,17965056,0,0,0.000,4,2,50.00,54.00,38.00
694.500,active,52.00,0.00,1,1,1235341312,0,1386696704,0,0,16908288,0,0,0.000,4,2,48.00,52.00,72.00
695.004,active,40.00,0.00,1,1,1257361408,0,1386696704,0,0,11624448,0,0,0.000,4,2,40.00,42.00,38.00
695.504,active,36.00,0.00,1,1,1262604288,0,1386696704,0,0,10567680,0,0,0.000,4,2,32.00,36.00,26.00
696.004,active,40.00,0.00,1,1,1264701440,0,1386696704,0,0,10567680,0,0,0.000,4,2,34.00,38.00,22.00
696.500,active,40.00,0.00,1,1,1272041472,0,1386696704,0,0,9236480,0,0,0.000,4,2,36.00,40.00,20.00
697.003,active,42.00,0.00,1,1,1272041472,0,1386696704,0,0,11898880,0,0,0.000,4,2,36.00,40.00,26.00
697.512,active,42.00,0.00,1,1,1279385600,0,1453805568,0,0,10567680,0,0,0.000,4,2,38.00,42.00,24.00
698.004,active,40.00,0.00,1,1,1291968512,0,1453805568,0,0,8454144,0,0,0.000,4,2,34.00,40.00,22.00
698.500,active,40.00,0.00,1,1,1294065664,0,1453805568,0,0,10567680,0,0,0.000,4,2,36.00,40.00,22.00
699.004,active,38.00,0.00,1,1,1301405696,0,1453805568,0,4096,10567680,0,0,0.000,4,2,34.00,38.00,22.00
699.504,active,42.00,0.00,1,1,1301405696,0,1453805568,0,0,11624448,0,0,0.000,4,2,38.00,42.00,22.00
700.004,active,40.00,0.00,1,1,1308745728,0,1453805568,0,0,9510912,0,0,0.000,4,2,36.00,40.00,34.00
700.501,active,34.00,0.00,1,1,1313988608,0,1453805568,0,0,10567680,0,0,0.000,4,2,30.00,34.00,30.00
701.000,active,42.00,0.00,1,1,1316085760,0,1453805568,0,0,10567680,0,0,0.000,4,2,40.00,44.00,24.00
701.503,active,44.00,0.00,1,1,1330765824,0,1453805568,0,0,11624448,0,0,0.000,4,2,40.00,44.00,22.00
702.004,active,40.00,0.00,1,1,1336012800,0,1453805568,0,0,9510912,0,0,0.000,4,2,34.00,38.00,24.00
702.512,active,36.00,0.00,1,1,1338109952,0,1453805568,0,0,10567680,0,0,0.000,4,2,34.00,38.00,24.00
703.000,active,42.00,0.00,1,1,1345454080,0,1520914432,0,0,10567680,0,0,0.000,4,2,36.00,42.00,22.00
703.504,active,38.00,0.00,1,1,1345454080,0,1520914432,0,0,10567680,0,0,0.000,4,2,36.00,40.00,22.00
704.004,active,40.00,0.00,1,1,1352794112,0,1520914432,0,4096,10567680,0,0,0.000,4,2,34.00,38.00,20.00
704.502,active,40.00,0.00,1,1,1365377024,0,1520914432,0,0,9510912,0,0,0.000,4,2,36.00,40.00,24.00
705.004,active,40.00,0.00,1,1,1367474176,0,1520914432,0,0,11624448,0,0,0.000,4,2,38.00,42.00,72.00
705.500,active,42.00,0.00,1,1,1374814208,0,1520914432,0,0,10567680,0,0,0.000,4,2,36.00,40.00,22.00
706.008,active,40.00,0.00,1,1,1380057088,0,1520914432,0,0,10567680,0,0,0.000,4,2,36.00,40.00,28.00
706.508,active,38.00,0.00,1,1,1382154240,0,1520914432,0,0,10567680,0,0,0.000,4,2,36.00,40.00,20.00
707.000,active,40.00,0.00,1,1,1389494272,0,1520914432,0,0,10567680,0,0,0.000,4,2,36.00,40.00,22.00
707.504,active,42.00,0.00,1,1,1389494272,0,1520914432,0,0,10567680,0,0,0.000,4,3,36.00,42.00,24.00
708.004,active,40.00,0.00,1,1,1418858496,0,1588023296,0,0,10567680,0,0,0.000,4,2,36.00,40.00,22.00
708.508,active,38.00,0.00,1,1,1418858496,0,1588023296,0,0,12681216,0,0,0.000,4,2,34.00,38.00,24.00
709.004,active,40.00,0.00,1,1,1448218624,0,1588023296,0,0,9510912,0,0,0.000,4,2,34.00,38.00,20.00
709.500,active,46.00,0.00,1,1,1453461504,0,1588023296,0,0,13733888,0,0,0.000,4,2,42.00,46.00,30.00
710.000,active,48.00,0.00,1,1,1455562752,0,1588023296,0,0,11628544,0,0,0.000,4,2,42.00,48.00,52.00
710.504,active,26.00,0.00,1,1,1462902784,0,1588023296,0,0,10567680,0,0,0.000,4,2,26.00,30.00,316.00
711.000,active,46.00,0.00,1,1,1470242816,0,1588023296,0,0,21135360,0,0,0.000,4,2,42.00,44.00,326.00
711.500,active,48.00,0.00,1,1,1484926976,0,1655132160,0,4096,19021824,0,0,0.000,4,2,44.00,46.00,148.00
712.000,active,28.00,0.00,1,1,1492267008,0,1655132160,0,0,12681216,0,0,0.000,4,2,28.00,32.00,168.00
712.504,active,30.00,0.00,1,1,1497509888,0,1655132160,0,0,7397376,0,0,0.000,4,2,24.00,28.00,86.00
713.000,active,56.00,0.00,1,1,1506947072,0,1655132160,0,0,20078592,0,0,0.000,4,2,52.00,56.00,76.00
713.504,active,58.00,0.00,1,1,1528967168,0,1655132160,0,0,20078592,0,0,0.000,4,2,54.00,56.00,76.00
714.000,active,44.00,0.00,1,1,1548894208,0,1722241024,0,4096,20078592,0,0,0.000,4,2,42.00,46.00,146.00
714.504,active,46.00,0.00,1,1,1558331392,0,1722241024,0,0,22192128,0,0,0.000,4,2,42.00,44.00,150.00
715.000,active,44.00,0.00,1,1,1609715712,0,1789349888,0,0,22192128,0,0,0.000,4,2,42.00,44.00,148.00
715.504,active,50.00,0.00,1,1,1617055744,0,1789349888,0,0,17965056,0,0,0.000,4,2,48.00,52.00,92.00
716.000,active,56.00,0.00,1,1,1624395776,0,1789349888,0,4096,16908288,0,0,0.000,4,2,50.00,54.00,38.00
716.500,active,58.00,0.00,1,1,1631735808,0,1789349888,0,0,16908288,0,0,0.000,4,2,54.00,58.00,46.00
717.004,active,56.00,0.00,1,1,1646415872,0,1789349888,0,0,16908288,0,0,0.000,4,2,52.00,56.00,40.00
717.500,active,56.00,0.00,1,1,1661095936,0,1789349888,0,0,16908288,0,0,0.000,4,2,50.00,56.00,40.00
718.000,active,54.00,0.00,1,1,1668435968,0,1789349888,0,0,15851520,0,0,0.000,4,2,52.00,56.00,34.00
718.500,active,54.00,0.00,1,1,1683124224,0,1856458752,0,0,17965056,0,0,0.000,4,2,50.00,54.00,38.00
719.000,active,52.00,0.00,1,1,1690464256,0,1856458752,0,0,19021824,0,0,0.000,4,2,48.00,52.00,72.00
719.500,active,58.00,0.00,1,1,1697804288,0,1856458752,0,4096,15851520,0,0,0.000,4,2,54.00,58.00,32.00
720.004,active,62.00,0.00,1,1,1705144320,0,1856458752,0,0,17965056,0,0,0.000,4,2,56.00,60.00,38.00
720.506,active,46.00,0.00,1,1,1719824384,0,1856458752,0,0,14794752,0,0,0.000,4,2,42.00,46.00,34.00
721.000,active,46.00,0.00,1,1,1725067264,0,1856458752,0,0,14794752,0,0,0.000,4,2,40.00,46.00,68.00
721.500,active,52.00,0.00,1,1,1734504448,0,1856458752,0,0,17965056,0,0,0.000,4,2,48.00,52.00,48.00
722.000,active,44.00,0.00,1,1,1756528640,0,1923567616,0,0,22192128,0,0,0.000,4,2,44.00,48.00,106.00
722.500,active,54.00,0.00,1,1,1771208704,0,1923567616,0,4096,19021824,0,0,0.000,4,2,48.00,50.00,40.00
723.004,active,58.00,0.00,1,1,1776582656,0,1923567616,0,0,13635584,0,0,0.000,4,2,52.00,58.00,38.00
723.508,active,44.00,0.00,1,1,1776582656,0,1923567616,0,0,22376448,0,0,0.000,4,2,42.00,46.00,50.00
724.001,active,46.00,0.00,1,1,1776582656,0,1923567616,0,0,22192128,0,0,0.000,4,2,40.00,44.00,46.00
724.500,active,42.00,0.00,1,1,1776582656,0,1923567616,0,0,22192128,0,0,0.000,4,2,38.00,42.00,52.00
725.001,active,42.00,0.00,1,1,1776582656,0,1923567616,0,0,20078592,0,0,0.000,4,2,36.00,42.00,54.00
725.500,active,48.00,0.00,1,1,1776582656,0,1923567616,0,4096,23248896,0,0,0.000,4,2,44.00,48.00,52.00
726.000,active,46.00,0.00,1,1,1776582656,0,1923567616,0,0,23248896,0,0,0.000,4,2,40.00,46.00,50.00
726.500,active,48.00,0.00,1,1,1776586752,0,1923567616,0,0,23248896,0,0,0.000,4,2,44.00,48.00,50.00
727.000,active,42.00,0.00,1,1,1776586752,0,1923567616,0,0,21135360,0,0,0.000,4,2,38.00,42.00,50.00
727.508,active,42.00,0.00,1,1,1776586752,0,1923567616,0,0,22192128,0,0,0.000,4,2,40.00,46.00,104.00
728.004,active,18.00,0.00,1,1,1776586752,0,1923567616,0,4096,5283840,0,0,0.000,4,2,10.00,14.00,80.00
728.500,active,4.00,0.00,1,1,1776586752,0,1923567616,0,0,1056768,0,0,0.000,4,1,0.00,4.00,98.00
729.000,active,6.00,0.00,1,1,1776586752,0,1923567616,0,0,1056768,0,0,0.000,4,2,2.00,6.00,68.00
729.500,active,6.00,0.00,1,1,1776586752,0,1923567616,0,0,1056768,0,0,0.000,4,2,2.00,6.00,98.00
730.000,active,6.00,0.00,1,1,1776586752,0,1923567616,0,0,1056768,0,0,0.000,4,1,0.00,4.00,98.00
730.500,active,2.00,0.00,1,1,1776586752,0,1923567616,0,0,1056768,0,0,0.000,4,2,2.00,4.00,98.00
731.000,active,6.00,0.00,1,1,1776586752,0,1923567616,0,0,1056768,0,0,0.000,4,1,0.00,4.00,94.00
731.504,active,6.00,0.00,1,1,1776586752,0,1923567616,0,0,2113536,0,0,0.000,4,2,6.00,10.00,102.00
732.000,active,2.00,0.00,1,1,1776586752,0,1923567616,0,0,1056768,0,0,0.000,4,1,0.00,2.00,98.00
732.500,active,6.00,0.00,1,1,1776586752,0,1923567616,0,0,2113536,0,0,0.000,4,1,0.00,4.00,96.00
733.000,active,6.00,0.00,1,1,1776586752,0,1923567616,0,0,1056768,0,0,0.000,4,2,4.00,6.00,76.00
733.500,active,16.00,0.00,1,1,1776586752,0,1923567616,0,0,10567680,0,0,0.000,4,2,12.00,16.00,130.00
734.000,active,34.00,0.00,1,1,1776586752,0,1923567616,0,0,27475968,0,0,0.000,4,2,32.00,34.00,60.00
734.500,active,34.00,0.00,1,1,1776586752,0,1923567616,0,0,27475968,0,0,0.000,4,2,32.00,36.00,60.00
735.000,active,36.00,0.00,1,1,1776590848,0,1923567616,0,0,26419200,0,0,0.000,4,2,30.00,32.00,64.00
735.500,active,24.00,0.00,1,1,1776590848,0,1923567616,0,4096,17965056,0,0,0.000,4,2,24.00,28.00,72.00
736.000,active,36.00,0.00,1,1,1776590848,0,1923567616,0,0,28532736,0,0,0.000,4,2,32.00,36.00,62.00
736.500,active,36.00,0.00,1,1,1776590848,0,1923567616,0,0,26419200,0,0,0.000,4,2,32.00,34.00,60.00
737.000,active,32.00,0.00,1,1,1776590848,0,1923567616,0,0,26419200,0,0,0.000,4,2,30.00,34.00,64.00
737.500,active,34.00,0.00,1,1,1776590848,0,1923567616,0,4096,26419200,0,0,0.000,4,2,30.00,32.00,60.00
738.000,active,34.00,0.00,1,1,1776590848,0,1923567616,0,0,25362432,0,0,0.000,4,2,30.00,34.00,64.00
738.500,active,36.00,0.00,1,1,1776590848,0,1923567616,0,0,26419200,0,0,0.000,4,2,32.00,36.00,72.00
739.003,active,12.00,0.00,1,1,1776590848,0,1923567616,0,0,7397376,0,0,0.000,4,2,10.00,12.00,88.00
739.500,active,34.00,0.00,1,1,1776590848,0,1923567616,0,0,25362432,0,0,0.000,4,2,30.00,34.00,62.00
740.004,active,34.00,0.00,1,1,1776590848,0,1923567616,0,4096,26419200,0,0,0.000,4,2,30.00,32.00,64.00
740.500,active,30.00,0.00,1,1,1776590848,0,1923567616,0,0,26419200,0,0,0.000,4,2,28.00,32.00,62.00
741.002,active,36.00,0.00,1,1,1776590848,0,1923567616,0,0,26419200,0,0,0.000,4,2,32.00,36.00,76.00
741.504,active,32.00,0.00,1,1,1776590848,0,1923567616,0,0,25362432,0,0,0.000,4,2,30.00,32.00,62.00
742.004,active,34.00,0.00,1,1,1776590848,0,1923567616,0,0,27475968,0,0,0.000,4,2,30.00,34.00,64.00
742.500,active,34.00,0.00,1,1,1776590848,0,1923567616,0,4096,26419200,0,0,0.000,4,2,30.00,32.00,58.00
743.004,active,34.00,0.00,1,1,1776594944,0,1923567616,0,0,26419200,0,0,0.000,4,2,32.00,36.00,64.00
743.500,active,34.00,0.00,1,1,1776594944,0,1923567616,0,0,25362432,0,0,0.000,4,3,30.00,36.00,102.00
744.000,active,14.00,0.00,1,1,1776594944,0,1923567616,0,0,5283840,0,0,0.000,4,2,10.00,12.00,94.00
744.500,active,28.00,0.00,1,1,1776594944,0,1923567616,0,0,23248896,0,0,0.000,4,2,28.00,32.00,70.00
745.000,active,38.00,0.00,1,1,1776594944,0,1923567616,0,4096,29589504,0,0,0.000,4,2,34.00,36.00,60.00
745.500,active,32.00,0.00,1,1,1776594944,0,1923567616,0,0,25362432,0,0,0.000,4,2,28.00,32.00,62.00
746.000,active,36.00,0.00,1,1,1776594944,0,1923567616,0,0,29589504,0,0,0.000,4,2,34.00,36.00,64.00
746.500,active,36.00,0.00,1,1,1776594944,0,1923567616,0,0,28532736,0,0,0.000,4,2,30.00,34.00,62.00
747.000,active,34.00,0.00,1,1,1776594944,0,1923567616,0,4096,26419200,0,0,0.000,4,2,32.00,34.00,64.00
747.500,active,32.00,0.00,1,1,1776594944,0,1923567616,0,0,28532736,0,0,0.000,4,2,30.00,34.00,60.00
748.000,active,8.00,0.00,1,1,1776594944,0,1923567616,0,0,4227072,0,0,0.000,4,2,6.00,8.00,94.00
748.500,active,4.00,0.00,1,1,1776594944,0,1923567616,0,0,1056768,0,0,0.000,4,2,2.00,6.00,98.00
749.001,active,4.00,0.00,1,1,1776594944,0,1923567616,0,0,1056768,0,0,0.000,4,1,0.00,4.00,168.00
749.500,active,6.00,0.00,1,1,1776594944,0,1923567616,0,0,1056768,0,0,0.000,4,2,2.00,4.00,136.00
750.000,active,4.00,0.00,1,1,1776594944,0,1923567616,0,0,1056768,0,0,0.000,4,1,0.00,4.00,100.00
750.500,active,4.00,0.00,1,1,1776594944,0,1923567616,0,0,1056768,0,0,0.000,4,1,0.00,2.00,98.00
751.000,active,6.00,0.00,1,1,1776594944,0,1923567616,0,0,1056768,0,0,0.000,4,2,2.00,6.00,96.00
751.500,active,4.00,0.00,1,1,1776599040,0,1923567616,0,0,1056768,0,0,0.000,4,2,2.00,6.00,96.00
752.000,active,6.00,0.00,1,1,1776599040,0,1923567616,0,0,2113536,0,0,0.000,4,2,2.00,4.00,96.00
752.504,active,4.00,0.00,1,1,1776599040,0,1923567616,0,0,1056768,0,0,0.000,4,1,0.00,4.00,104.00
753.000,active,4.00,0.00,1,1,1776599040,0,1923567616,0,0,1056768,0,0,0.000,4,2,2.00,4.00,98.00
753.500,active,14.00,0.00,1,1,1776599040,0,1923567616,0,0,9510912,0,0,0.000,4,2,10.00,14.00,86.00
754.004,active,40.00,0.00,1,1,1272201216,0,1386696704,0,0,23269376,0,0,0.000,4,2,36.00,40.00,136.00
754.500,active,72.00,0.00,1,1,1272201216,0,1386696704,0,0,0,0,0,0.000,4,2,72.00,74.00,24.00
