17:35:17 monitor v5 up, conc=16
17:35:17 probe error: TypeError('not all arguments converted during string formatting')
17:35:47 probe error: TypeError('not all arguments converted during string formatting')
17:36:17 probe error: TypeError('not all arguments converted during string formatting')
17:36:47 probe error: TypeError('not all arguments converted during string formatting')
17:37:17 probe error: TypeError('not all arguments converted during string formatting')
17:37:47 probe error: TypeError('not all arguments converted during string formatting')
17:38:17 probe error: TypeError('not all arguments converted during string formatting')
17:38:47 probe error: TypeError('not all arguments converted during string formatting')
17:38:59 monitor v5 up, conc=16
17:38:59 launched research-P1-1 pid 3277465
17:38:59 launched research-P1-2 pid 3277467
17:38:59 launched research-P1-3 pid 3277469
17:38:59 launched research-P2-1 pid 3277473
17:38:59 launched research-P2-2 pid 3277476
17:38:59 launched research-P2-3 pid 3277479
17:38:59 launched research-P3-1 pid 3277483
17:38:59 launched research-P3-2 pid 3277486
17:38:59 launched research-P3-3 pid 3277488
17:38:59 launched research-P4-1 pid 3277491
17:38:59 launched research-P4-2 pid 3277494
17:38:59 launched research-P4-3 pid 3277497
17:38:59 launched research-P5-1 pid 3277500
17:38:59 launched research-P5-2 pid 3277503
17:38:59 launched research-P5-3 pid 3277506
17:38:59 dispatched 15, remaining 0
17:38:59 active=0 done=0
17:39:29 active=15 done=0
17:39:59 active=15 done=0
17:40:29 active=15 done=0
17:40:59 active=15 done=0
17:41:29 active=15 done=0
17:41:59 active=15 done=0
17:42:29 active=15 done=0
17:42:59 active=15 done=0
17:43:29 active=15 done=0
17:43:59 active=15 done=0
17:44:29 active=15 done=0
17:44:59 active=15 done=0
17:45:29 active=15 done=0
17:45:59 active=15 done=0
17:46:29 active=15 done=0
17:46:59 active=15 done=0
17:47:29 active=15 done=0
17:47:59 active=15 done=0
17:48:29 active=15 done=0
17:48:59 active=15 done=0
17:49:29 active=15 done=0
17:49:59 active=15 done=0
17:50:29 active=15 done=0
17:51:00 active=15 done=0
17:51:30 active=15 done=0
17:52:00 active=15 done=0
17:52:30 active=15 done=0
17:53:00 active=15 done=0
17:53:30 active=15 done=0
17:54:00 active=15 done=0
17:54:30 active=15 done=0
17:55:00 active=15 done=0
17:55:30 active=15 done=0
17:56:00 active=15 done=0
17:56:30 active=15 done=0
17:57:00 active=15 done=0
17:57:03 monitor v5 up, conc=16
17:57:03 exited-incomplete: research-P1-2 size=5221
17:57:03 exited-incomplete: research-P1-3 size=42301
17:57:03 exited-incomplete: research-P2-1 size=9123
17:57:03 exited-incomplete: research-P2-2 size=7688
17:57:03 exited-incomplete: research-P2-3 size=33144
17:57:03 exited-incomplete: research-P3-1 size=15299
17:57:03 exited-incomplete: research-P3-2 size=9248
17:57:03 exited-incomplete: research-P3-3 size=25997
17:57:03 exited-incomplete: research-P4-1 size=0
17:57:03 exited-incomplete: research-P4-2 size=0
17:57:03 exited-incomplete: research-P4-3 size=0
17:57:03 exited-incomplete: research-P5-1 size=0
17:57:03 exited-incomplete: research-P5-2 size=0
17:57:03 exited-incomplete: research-P5-3 size=0
17:57:03 dispatched 14, remaining 0
17:57:03 active=1 done=14
17:57:33 exited-incomplete: research-P1-1 size=5930
17:57:33 dispatched 1, remaining 0
17:57:33 active=0 done=15
17:58:03 active=0 done=15
17:58:33 active=0 done=15
17:59:03 active=0 done=15
17:59:33 active=0 done=15
18:00:03 active=0 done=15
18:00:33 active=0 done=15
18:01:03 active=0 done=15
18:01:33 launched research-P1-1 pid 3311178
18:01:33 launched research-P1-2 pid 3311180
18:01:33 launched research-P1-3 pid 3311183
18:01:33 launched research-P2-1 pid 3311186
18:01:33 launched research-P2-2 pid 3311189
18:01:33 launched research-P2-3 pid 3311192
18:01:33 launched research-P3-1 pid 3311197
18:01:33 launched research-P3-2 pid 3311204
18:01:33 launched research-P3-3 pid 3311210
18:01:33 launched research-P4-1 pid 3311217
18:01:33 launched research-P4-2 pid 3311222
18:01:33 launched research-P4-3 pid 3311228
18:01:33 launched research-P5-1 pid 3311234
18:01:33 launched research-P5-2 pid 3311237
18:01:33 launched research-P5-3 pid 3311245
18:01:33 dispatched 15, remaining 0
18:01:33 active=0 done=0
18:02:03 active=15 done=0
18:02:33 exited-incomplete: research-P1-1 size=5930
18:02:33 exited-incomplete: research-P1-3 size=42301
18:02:33 exited-incomplete: research-P2-2 size=7688
18:02:33 exited-incomplete: research-P2-3 size=33144
18:02:33 exited-incomplete: research-P3-1 size=15299
18:02:33 exited-incomplete: research-P5-1 size=0
18:02:33 exited-incomplete: research-P5-2 size=0
18:02:33 exited-incomplete: research-P5-3 size=0
18:02:33 dispatched 8, remaining 0
18:02:33 active=7 done=8
18:03:03 exited-incomplete: research-P1-2 size=5221
18:03:03 exited-incomplete: research-P3-2 size=9248
18:03:03 exited-incomplete: research-P3-3 size=25997
18:03:03 exited-incomplete: research-P4-2 size=0
18:03:03 dispatched 4, remaining 0
18:03:03 active=3 done=12
18:03:33 active=3 done=12
18:04:03 exited-incomplete: research-P2-1 size=9123
18:04:03 dispatched 1, remaining 0
18:04:03 active=2 done=13
18:04:33 exited-incomplete: research-P4-3 size=0
18:04:33 dispatched 1, remaining 0
18:04:33 active=1 done=14
18:05:03 active=1 done=14
18:05:33 launched research-P1-1 pid 3313773
18:05:33 launched research-P1-2 pid 3313774
18:05:33 launched research-P1-3 pid 3313776
18:05:33 launched research-P2-1 pid 3313781
18:05:33 launched research-P2-2 pid 3313784
18:05:33 launched research-P2-3 pid 3313787
18:05:33 launched research-P3-1 pid 3313790
18:05:33 launched research-P3-2 pid 3313793
18:05:33 launched research-P3-3 pid 3313800
18:05:33 launched research-P4-1 pid 3313807
18:05:33 launched research-P4-2 pid 3313813
18:05:33 launched research-P4-3 pid 3313819
18:05:33 launched research-P5-1 pid 3313823
18:05:33 launched research-P5-2 pid 3313830
18:05:33 launched research-P5-3 pid 3313837
18:05:33 dispatched 15, remaining 0
18:05:33 active=0 done=0
18:06:03 active=15 done=0
18:06:33 active=15 done=0
18:07:03 active=15 done=0
18:07:33 active=15 done=0
18:08:03 active=15 done=0
18:08:33 active=15 done=0
18:09:03 active=15 done=0
18:09:33 active=15 done=0
18:10:03 active=15 done=0
18:10:33 active=15 done=0
18:11:03 active=15 done=0
18:11:33 active=15 done=0
18:12:03 active=15 done=0
18:12:33 active=15 done=0
18:13:00 monitor v5 up, conc=8
18:13:00 exited-incomplete: research-P3-1 size=0
18:13:00 exited-incomplete: research-P3-2 size=0
18:13:00 exited-incomplete: research-P3-3 size=0
18:13:00 exited-incomplete: research-P4-1 size=0
18:13:00 exited-incomplete: research-P4-2 size=0
18:13:00 exited-incomplete: research-P4-3 size=0
18:13:00 exited-incomplete: research-P5-3 size=0
18:13:00 active=8 done=7
18:13:30 active=8 done=7
18:14:00 active=8 done=7
18:14:30 active=8 done=7
18:15:00 active=8 done=7
18:15:30 active=8 done=7
18:16:00 active=8 done=7
18:16:30 active=8 done=7
18:17:00 active=8 done=7
18:17:30 active=8 done=7
18:18:00 active=8 done=7
18:18:30 active=8 done=7
18:19:00 active=8 done=7
18:19:30 active=8 done=7
18:20:00 active=8 done=7
18:20:30 active=8 done=7
18:21:00 active=8 done=7
18:21:30 active=8 done=7
18:22:00 active=8 done=7
18:22:30 active=8 done=7
18:23:00 active=8 done=7
18:23:30 active=8 done=7
18:24:00 active=8 done=7
18:24:30 active=8 done=7
18:25:00 active=8 done=7
18:25:30 active=8 done=7
18:26:00 active=8 done=7
18:26:30 active=8 done=7
18:27:00 active=8 done=7
18:27:30 active=8 done=7
18:28:00 exited-incomplete: research-P5-2 size=0
18:28:00 dispatched 1, remaining 7
18:28:00 active=7 done=8
18:28:30 dispatched 1, remaining 6
18:28:30 active=7 done=8
18:29:00 exited-incomplete: research-P2-2 size=7688
18:29:00 dispatched 2, remaining 5
18:29:00 active=6 done=9
18:29:30 dispatched 2, remaining 3
18:29:30 active=6 done=9
18:30:00 dispatched 2, remaining 1
18:30:00 active=6 done=9
18:30:30 dispatched 1, remaining 0
18:30:30 active=6 done=9
18:31:00 exited-incomplete: research-P1-3 size=0
18:31:00 dispatched 1, remaining 0
18:31:00 active=5 done=10
18:31:30 active=5 done=10
18:32:00 active=5 done=10
18:32:30 active=5 done=10
18:33:00 active=5 done=10
18:33:30 active=5 done=10
18:34:01 active=5 done=10
18:34:31 active=5 done=10
18:35:01 active=5 done=10
18:35:31 active=5 done=10
18:36:01 active=5 done=10
18:36:31 research-P1-1 idle 30min
18:36:31 research-P1-2 idle 30min
18:36:31 research-P2-1 idle 30min
18:36:31 research-P2-3 idle 30min
18:36:31 research-P5-1 idle 30min
18:36:31 active=5 done=10
18:37:01 exited-incomplete: research-P5-1 size=0
18:37:01 research-P1-1 idle 31min
18:37:01 research-P1-2 idle 31min
18:37:01 research-P2-1 idle 31min
18:37:01 research-P2-3 idle 31min
18:37:01 dispatched 1, remaining 0
18:37:01 active=4 done=11
18:37:31 research-P1-1 idle 31min
18:37:31 research-P1-2 idle 31min
18:37:31 research-P2-1 idle 31min
18:37:31 research-P2-3 idle 31min
18:37:31 active=4 done=11
18:38:01 research-P1-1 idle 32min
18:38:01 research-P1-2 idle 32min
18:38:01 research-P2-1 idle 32min
18:38:01 research-P2-3 idle 32min
18:38:01 active=4 done=11
18:38:31 research-P1-1 idle 32min
18:38:31 research-P1-2 idle 32min
18:38:31 research-P2-1 idle 32min
18:38:31 research-P2-3 idle 32min
18:38:31 active=4 done=11
18:39:01 research-P1-1 idle 33min
18:39:01 research-P1-2 idle 33min
18:39:01 research-P2-1 idle 33min
18:39:01 research-P2-3 idle 33min
18:39:01 active=4 done=11
18:39:31 research-P1-1 idle 33min
18:39:31 research-P1-2 idle 33min
18:39:31 research-P2-1 idle 33min
18:39:31 research-P2-3 idle 33min
18:39:31 active=4 done=11
18:40:01 research-P1-1 idle 34min
18:40:01 research-P1-2 idle 34min
18:40:01 research-P2-1 idle 34min
18:40:01 research-P2-3 idle 34min
18:40:01 active=4 done=11
18:40:31 research-P1-1 idle 34min
18:40:31 research-P1-2 idle 34min
18:40:31 research-P2-1 idle 34min
18:40:31 research-P2-3 idle 34min
18:40:31 dispatched 4, remaining 7
18:40:31 active=4 done=11
18:41:01 research-P1-1 idle 35min
18:41:01 research-P1-2 idle 35min
18:41:01 research-P2-1 idle 35min
18:41:01 research-P2-3 idle 35min
18:41:01 dispatched 4, remaining 3
18:41:01 active=4 done=11
18:41:31 research-P1-1 idle 35min
18:41:31 research-P1-2 idle 35min
18:41:31 research-P2-1 idle 35min
18:41:31 research-P2-3 idle 35min
18:41:31 dispatched 3, remaining 0
18:41:31 active=4 done=11
18:42:01 research-P1-1 idle 36min
18:42:01 research-P1-2 idle 36min
18:42:01 research-P2-1 idle 36min
18:42:01 research-P2-3 idle 36min
18:42:01 active=4 done=11
18:42:30 monitor v5 up, conc=8
18:42:30 research-P1-1 idle 36min
18:42:30 research-P1-2 idle 36min
18:42:30 research-P2-1 idle 36min
18:42:30 research-P2-3 idle 36min
18:42:30 active=4 done=11
18:43:00 research-P1-1 idle 37min
18:43:00 research-P1-2 idle 37min
18:43:00 research-P2-1 idle 37min
18:43:00 research-P2-3 idle 37min
18:43:00 active=4 done=11
18:43:30 research-P1-1 idle 37min
18:43:30 research-P1-2 idle 37min
18:43:30 research-P2-1 idle 37min
18:43:30 research-P2-3 idle 37min
18:43:30 active=4 done=11
18:44:00 research-P1-1 idle 38min
18:44:00 research-P1-2 idle 38min
18:44:00 research-P2-1 idle 38min
18:44:00 research-P2-3 idle 38min
18:44:00 active=4 done=11
18:44:30 research-P1-1 idle 38min
18:44:30 research-P1-2 idle 38min
18:44:30 research-P2-1 idle 38min
18:44:30 research-P2-3 idle 38min
18:44:30 active=4 done=11
18:45:00 research-P1-1 idle 39min
18:45:00 research-P1-2 idle 39min
18:45:00 research-P2-1 idle 39min
18:45:00 research-P2-3 idle 39min
18:45:00 active=4 done=11
18:45:30 research-P1-1 idle 39min
18:45:30 research-P1-2 idle 39min
18:45:30 research-P2-1 idle 39min
18:45:30 research-P2-3 idle 39min
18:45:30 launched research-P3-1 pid 3321877
18:45:30 launched research-P3-2 pid 3321878
18:45:30 launched research-P3-3 pid 3321881
18:45:30 launched research-P4-1 pid 3321885
18:45:30 dispatched 4, remaining 7
18:45:30 active=4 done=7
18:46:00 exited-incomplete: research-P2-3 size=6674
18:46:00 exited-incomplete: research-P4-1 size=0
18:46:00 research-P1-1 idle 40min
18:46:00 research-P1-2 idle 40min
18:46:00 research-P2-1 idle 40min
18:46:00 launched research-P4-2 pid 3322534
18:46:00 launched research-P4-3 pid 3322536
18:46:00 dispatched 2, remaining 7
18:46:00 active=6 done=10
18:46:30 exited-incomplete: research-P4-2 size=0
18:46:30 exited-incomplete: research-P4-3 size=0
18:46:30 research-P1-1 idle 40min
18:46:30 research-P1-2 idle 40min
18:46:30 research-P2-1 idle 40min
18:46:30 launched research-P5-3 pid 3322899
18:46:30 launched research-P5-2 pid 3322900
18:46:30 dispatched 2, remaining 7
18:46:30 active=6 done=10
18:47:00 exited-incomplete: research-P5-3 size=0
18:47:00 exited-incomplete: research-P5-2 size=0
18:47:00 research-P1-1 idle 41min
18:47:00 research-P1-2 idle 41min
18:47:00 research-P2-1 idle 41min
18:47:00 launched research-P2-2 pid 3323268
18:47:00 launched research-P1-3 pid 3323269
18:47:00 dispatched 2, remaining 7
18:47:00 active=6 done=10
18:47:30 exited-incomplete: research-P2-2 size=7688
18:47:30 exited-incomplete: research-P1-3 size=0
18:47:30 research-P1-1 idle 41min
18:47:30 research-P1-2 idle 41min
18:47:30 research-P2-1 idle 41min
18:47:30 launched research-P5-1 pid 3323630
18:47:30 launched research-P2-3 pid 3323632
18:47:30 dispatched 2, remaining 7
18:47:30 active=6 done=10
18:48:00 exited-incomplete: research-P5-1 size=0
18:48:00 exited-incomplete: research-P2-3 size=6674
18:48:00 research-P1-1 idle 42min
18:48:00 research-P1-2 idle 42min
18:48:00 research-P2-1 idle 42min
18:48:00 launched research-P4-1 pid 3323977
18:48:00 launched research-P4-2 pid 3323978
18:48:00 dispatched 2, remaining 7
18:48:00 active=6 done=10
18:48:30 exited-incomplete: research-P4-1 size=0
18:48:30 exited-incomplete: research-P4-2 size=0
18:48:30 research-P1-1 idle 42min
18:48:30 research-P1-2 idle 42min
18:48:30 research-P2-1 idle 42min
18:48:30 launched research-P4-3 pid 3324305
18:48:30 launched research-P5-3 pid 3324306
18:48:30 dispatched 2, remaining 7
18:48:30 active=6 done=10
18:49:00 exited-incomplete: research-P4-3 size=0
18:49:00 exited-incomplete: research-P5-3 size=0
18:49:00 research-P1-1 idle 43min
18:49:00 research-P1-2 idle 43min
18:49:00 research-P2-1 idle 43min
18:49:00 launched research-P5-2 pid 3324652
18:49:00 launched research-P2-2 pid 3324654
18:49:00 dispatched 2, remaining 7
18:49:00 active=6 done=10
18:49:30 exited-incomplete: research-P5-2 size=0
18:49:30 exited-incomplete: research-P2-2 size=7688
18:49:30 research-P1-1 idle 43min
18:49:30 research-P1-2 idle 43min
18:49:30 research-P2-1 idle 43min
18:49:30 launched research-P1-3 pid 3325022
18:49:30 launched research-P5-1 pid 3325023
18:49:30 dispatched 2, remaining 7
18:49:30 active=6 done=10
18:50:00 exited-incomplete: research-P3-2 size=0
18:50:00 exited-incomplete: research-P1-3 size=0
18:50:00 exited-incomplete: research-P5-1 size=0
18:50:00 research-P1-1 idle 44min
18:50:00 research-P1-2 idle 44min
18:50:00 research-P2-1 idle 44min
18:50:00 launched research-P2-3 pid 3325401
18:50:00 launched research-P4-1 pid 3325402
18:50:00 launched research-P4-2 pid 3325404
18:50:00 dispatched 3, remaining 7
18:50:00 active=5 done=9
18:50:30 exited-incomplete: research-P2-3 size=6674
18:50:30 exited-incomplete: research-P4-1 size=0
18:50:30 exited-incomplete: research-P4-2 size=0
18:50:30 research-P1-1 idle 44min
18:50:30 research-P1-2 idle 44min
18:50:30 research-P2-1 idle 44min
18:50:30 launched research-P4-3 pid 3325954
18:50:30 launched research-P5-3 pid 3325956
18:50:30 launched research-P5-2 pid 3325959
18:50:30 dispatched 3, remaining 7
18:50:30 active=5 done=9
18:51:00 exited-incomplete: research-P4-3 size=0
18:51:00 exited-incomplete: research-P5-3 size=0
18:51:00 exited-incomplete: research-P5-2 size=0
18:51:00 research-P1-1 idle 45min
18:51:00 research-P1-2 idle 45min
18:51:00 research-P2-1 idle 45min
18:51:00 launched research-P2-2 pid 3326444
18:51:00 launched research-P3-2 pid 3326445
18:51:00 launched research-P1-3 pid 3326447
18:51:00 dispatched 3, remaining 7
18:51:00 active=5 done=9
18:51:30 exited-incomplete: research-P2-2 size=7688
18:51:30 exited-incomplete: research-P3-2 size=0
18:51:30 exited-incomplete: research-P1-3 size=0
18:51:30 research-P1-1 idle 45min
18:51:30 research-P1-2 idle 45min
18:51:30 research-P2-1 idle 45min
18:51:31 launched research-P5-1 pid 3326932
18:51:31 launched research-P2-3 pid 3326934
18:51:31 launched research-P4-1 pid 3326937
18:51:31 dispatched 3, remaining 7
18:51:31 active=5 done=9
18:52:01 exited-incomplete: research-P5-1 size=0
18:52:01 exited-incomplete: research-P2-3 size=6674
18:52:01 exited-incomplete: research-P4-1 size=3862
18:52:01 research-P1-1 idle 46min
18:52:01 research-P1-2 idle 46min
18:52:01 research-P2-1 idle 46min
18:52:01 launched research-P4-2 pid 3327446
18:52:01 launched research-P4-3 pid 3327447
18:52:01 launched research-P5-3 pid 3327450
18:52:01 dispatched 3, remaining 7
18:52:01 active=5 done=9
18:52:31 exited-incomplete: research-P4-2 size=0
18:52:31 exited-incomplete: research-P4-3 size=0
18:52:31 exited-incomplete: research-P5-3 size=0
18:52:31 research-P1-1 idle 46min
18:52:31 research-P1-2 idle 46min
18:52:31 research-P2-1 idle 46min
18:52:31 launched research-P5-2 pid 3327934
18:52:31 launched research-P2-2 pid 3327936
18:52:31 launched research-P3-2 pid 3327938
18:52:31 dispatched 3, remaining 7
18:52:31 active=5 done=9
18:53:01 exited-incomplete: research-P5-2 size=0
18:53:01 exited-incomplete: research-P2-2 size=7688
18:53:01 exited-incomplete: research-P3-2 size=0
18:53:01 research-P1-1 idle 47min
18:53:01 research-P1-2 idle 47min
18:53:01 research-P2-1 idle 47min
18:53:01 launched research-P1-3 pid 3328439
18:53:01 launched research-P5-1 pid 3328441
18:53:01 launched research-P2-3 pid 3328444
18:53:01 dispatched 3, remaining 7
18:53:01 active=5 done=9
18:53:31 exited-incomplete: research-P1-3 size=0
18:53:31 exited-incomplete: research-P5-1 size=0
18:53:31 exited-incomplete: research-P2-3 size=6674
18:53:31 research-P1-1 idle 47min
18:53:31 research-P1-2 idle 47min
18:53:31 research-P2-1 idle 47min
18:53:31 launched research-P4-1 pid 3328963
18:53:31 launched research-P4-2 pid 3328964
18:53:31 launched research-P4-3 pid 3328966
18:53:31 dispatched 3, remaining 7
18:53:31 active=5 done=9
18:54:01 exited-incomplete: research-P4-1 size=3862
18:54:01 exited-incomplete: research-P4-2 size=0
18:54:01 exited-incomplete: research-P4-3 size=0
18:54:01 research-P1-1 idle 48min
18:54:01 research-P1-2 idle 48min
18:54:01 research-P2-1 idle 48min
18:54:01 launched research-P5-3 pid 3329419
18:54:01 launched research-P5-2 pid 3329420
18:54:01 launched research-P2-2 pid 3329423
18:54:01 dispatched 3, remaining 7
18:54:01 active=5 done=9
18:54:31 exited-incomplete: research-P5-3 size=0
18:54:31 exited-incomplete: research-P5-2 size=0
18:54:31 exited-incomplete: research-P2-2 size=7688
18:54:31 research-P1-1 idle 48min
18:54:31 research-P1-2 idle 48min
18:54:31 research-P2-1 idle 48min
18:54:31 launched research-P3-2 pid 3329928
18:54:31 launched research-P1-3 pid 3329929
18:54:31 launched research-P5-1 pid 3329931
18:54:31 dispatched 3, remaining 7
18:54:31 active=5 done=9
18:55:01 exited-incomplete: research-P3-2 size=0
18:55:01 exited-incomplete: research-P1-3 size=0
18:55:01 exited-incomplete: research-P5-1 size=0
18:55:01 research-P1-1 idle 49min
18:55:01 research-P1-2 idle 49min
18:55:01 research-P2-1 idle 49min
18:55:01 launched research-P2-3 pid 3330376
18:55:01 launched research-P4-1 pid 3330377
18:55:01 launched research-P4-2 pid 3330379
18:55:01 dispatched 3, remaining 7
18:55:01 active=5 done=9
18:55:31 exited-incomplete: research-P2-3 size=6674
18:55:31 exited-incomplete: research-P4-1 size=3862
18:55:31 exited-incomplete: research-P4-2 size=0
18:55:31 research-P1-1 idle 49min
18:55:31 research-P1-2 idle 49min
18:55:31 research-P2-1 idle 49min
18:55:31 launched research-P4-3 pid 3330882
18:55:31 launched research-P5-3 pid 3330883
18:55:31 launched research-P5-2 pid 3330886
18:55:31 dispatched 3, remaining 7
18:55:31 active=5 done=9
18:56:01 exited-incomplete: research-P4-3 size=0
18:56:01 exited-incomplete: research-P5-3 size=0
18:56:01 exited-incomplete: research-P5-2 size=0
18:56:01 research-P1-1 idle 50min
18:56:01 research-P1-2 idle 50min
18:56:01 research-P2-1 idle 50min
18:56:01 launched research-P2-2 pid 3331345
18:56:01 launched research-P3-2 pid 3331347
18:56:01 launched research-P1-3 pid 3331350
18:56:01 dispatched 3, remaining 7
18:56:01 active=5 done=9
18:56:31 exited-incomplete: research-P2-2 size=7688
18:56:31 exited-incomplete: research-P3-2 size=0
18:56:31 exited-incomplete: research-P1-3 size=0
18:56:31 research-P1-1 idle 50min
18:56:31 research-P1-2 idle 50min
18:56:31 research-P2-1 idle 50min
18:56:31 launched research-P5-1 pid 3331844
18:56:31 launched research-P2-3 pid 3331846
18:56:31 launched research-P4-1 pid 3331848
18:56:31 dispatched 3, remaining 7
18:56:31 active=5 done=9
18:57:01 exited-incomplete: research-P5-1 size=0
18:57:01 exited-incomplete: research-P2-3 size=6674
18:57:01 exited-incomplete: research-P4-1 size=3862
18:57:01 research-P1-1 idle 51min
18:57:01 research-P1-2 idle 51min
18:57:01 research-P2-1 idle 51min
18:57:01 launched research-P4-2 pid 3332304
18:57:01 launched research-P4-3 pid 3332305
18:57:01 launched research-P5-3 pid 3332307
18:57:01 dispatched 3, remaining 7
18:57:01 active=5 done=9
18:57:31 exited-incomplete: research-P4-2 size=0
18:57:31 exited-incomplete: research-P4-3 size=0
18:57:31 exited-incomplete: research-P5-3 size=0
18:57:31 research-P1-1 idle 51min
18:57:31 research-P1-2 idle 51min
18:57:31 research-P2-1 idle 51min
18:57:31 launched research-P5-2 pid 3332832
18:57:31 launched research-P2-2 pid 3332834
18:57:31 launched research-P3-2 pid 3332837
18:57:31 dispatched 3, remaining 7
18:57:31 active=5 done=9
18:58:01 exited-incomplete: research-P5-2 size=0
18:58:01 exited-incomplete: research-P2-2 size=7688
18:58:01 exited-incomplete: research-P3-2 size=0
18:58:01 research-P1-1 idle 52min
18:58:01 research-P1-2 idle 52min
18:58:01 research-P2-1 idle 52min
18:58:01 launched research-P1-3 pid 3333313
18:58:01 launched research-P5-1 pid 3333315
18:58:01 launched research-P2-3 pid 3333318
18:58:01 dispatched 3, remaining 7
18:58:01 active=5 done=9
18:58:31 exited-incomplete: research-P1-3 size=0
18:58:31 exited-incomplete: research-P5-1 size=0
18:58:31 exited-incomplete: research-P2-3 size=6674
18:58:31 research-P1-1 idle 52min
18:58:31 research-P1-2 idle 52min
18:58:31 research-P2-1 idle 52min
18:58:31 launched research-P4-1 pid 3333819
18:58:31 launched research-P4-2 pid 3333820
18:58:31 launched research-P4-3 pid 3333822
18:58:31 dispatched 3, remaining 7
18:58:31 active=5 done=9
18:59:01 exited-incomplete: research-P4-1 size=3862
18:59:01 exited-incomplete: research-P4-2 size=0
18:59:01 exited-incomplete: research-P4-3 size=0
18:59:01 research-P1-1 idle 53min
18:59:01 research-P1-2 idle 53min
18:59:01 research-P2-1 idle 53min
18:59:01 launched research-P5-3 pid 3334283
18:59:01 launched research-P5-2 pid 3334284
18:59:01 launched research-P2-2 pid 3334288
18:59:01 dispatched 3, remaining 7
18:59:01 active=5 done=9
18:59:31 exited-incomplete: research-P5-3 size=0
18:59:31 exited-incomplete: research-P5-2 size=0
18:59:31 exited-incomplete: research-P2-2 size=7688
18:59:31 research-P1-1 idle 53min
18:59:31 research-P1-2 idle 53min
18:59:31 research-P2-1 idle 53min
18:59:31 launched research-P3-2 pid 3334784
18:59:31 launched research-P1-3 pid 3334785
18:59:31 launched research-P5-1 pid 3334787
18:59:31 dispatched 3, remaining 7
18:59:31 active=5 done=9
19:00:01 exited-incomplete: research-P3-2 size=0
19:00:01 exited-incomplete: research-P1-3 size=0
19:00:01 exited-incomplete: research-P5-1 size=0
19:00:01 research-P1-1 idle 54min
19:00:01 research-P1-2 idle 54min
19:00:01 research-P2-1 idle 54min
19:00:01 launched research-P2-3 pid 3335260
19:00:01 launched research-P4-1 pid 3335262
19:00:01 launched research-P4-2 pid 3335264
19:00:01 dispatched 3, remaining 7
19:00:01 active=5 done=9
19:00:31 exited-incomplete: research-P2-3 size=6674
19:00:31 exited-incomplete: research-P4-1 size=3862
19:00:31 exited-incomplete: research-P4-2 size=0
19:00:31 research-P1-1 idle 54min
19:00:31 research-P1-2 idle 54min
19:00:31 research-P2-1 idle 54min
19:00:31 launched research-P4-3 pid 3335746
19:00:31 launched research-P5-3 pid 3335748
19:00:31 launched research-P5-2 pid 3335751
19:00:31 dispatched 3, remaining 7
19:00:31 active=5 done=9
19:01:01 exited-incomplete: research-P4-3 size=0
19:01:01 exited-incomplete: research-P5-3 size=0
19:01:01 exited-incomplete: research-P5-2 size=0
19:01:01 research-P1-1 idle 55min
19:01:01 research-P1-2 idle 55min
19:01:01 research-P2-1 idle 55min
19:01:01 launched research-P2-2 pid 3336250
19:01:01 launched research-P3-2 pid 3336251
19:01:01 launched research-P1-3 pid 3336253
19:01:01 dispatched 3, remaining 7
19:01:01 active=5 done=9
19:01:31 exited-incomplete: research-P2-1 size=9123
19:01:31 exited-incomplete: research-P2-2 size=7688
19:01:31 exited-incomplete: research-P3-2 size=0
19:01:31 exited-incomplete: research-P1-3 size=0
19:01:31 research-P1-1 idle 55min
19:01:31 research-P1-2 idle 55min
19:01:31 launched research-P5-1 pid 3336747
19:01:31 launched research-P2-3 pid 3336749
19:01:31 launched research-P4-1 pid 3336752
19:01:31 launched research-P4-2 pid 3336755
19:01:31 dispatched 4, remaining 7
19:01:31 active=4 done=9
19:02:01 exited-incomplete: research-P5-1 size=0
19:02:01 exited-incomplete: research-P2-3 size=6674
19:02:01 exited-incomplete: research-P4-1 size=3862
19:02:01 exited-incomplete: research-P4-2 size=0
19:02:01 research-P1-1 idle 56min
19:02:01 research-P1-2 idle 56min
19:02:01 launched research-P4-3 pid 3337445
19:02:01 launched research-P5-3 pid 3337446
19:02:01 launched research-P5-2 pid 3337448
19:02:01 launched research-P2-1 pid 3337453
19:02:01 dispatched 4, remaining 7
19:02:01 active=4 done=9
19:02:31 exited-incomplete: research-P4-3 size=0
19:02:31 exited-incomplete: research-P5-3 size=0
19:02:31 exited-incomplete: research-P5-2 size=0
19:02:31 exited-incomplete: research-P2-1 size=9123
19:02:31 research-P1-1 idle 56min
19:02:31 research-P1-2 idle 56min
19:02:31 launched research-P2-2 pid 3338078
19:02:31 launched research-P3-2 pid 3338079
19:02:31 launched research-P1-3 pid 3338081
19:02:31 launched research-P5-1 pid 3338084
19:02:31 dispatched 4, remaining 7
19:02:31 active=4 done=9
19:03:01 exited-incomplete: research-P2-2 size=7688
19:03:01 exited-incomplete: research-P3-2 size=0
19:03:01 exited-incomplete: research-P1-3 size=0
19:03:01 exited-incomplete: research-P5-1 size=0
19:03:01 research-P1-1 idle 57min
19:03:01 research-P1-2 idle 57min
19:03:01 launched research-P2-3 pid 3338733
19:03:01 launched research-P4-1 pid 3338735
19:03:01 launched research-P4-2 pid 3338737
19:03:01 launched research-P4-3 pid 3338740
19:03:01 dispatched 4, remaining 7
19:03:01 active=4 done=9
19:03:31 exited-incomplete: research-P2-3 size=6674
19:03:31 exited-incomplete: research-P4-1 size=3862
19:03:31 exited-incomplete: research-P4-2 size=0
19:03:31 exited-incomplete: research-P4-3 size=0
19:03:31 research-P1-1 idle 57min
19:03:31 research-P1-2 idle 57min
19:03:31 launched research-P5-3 pid 3339390
19:03:31 launched research-P5-2 pid 3339392
19:03:31 launched research-P2-1 pid 3339395
19:03:31 launched research-P2-2 pid 3339398
19:03:31 dispatched 4, remaining 7
19:03:31 active=4 done=9
19:04:01 exited-incomplete: research-P5-3 size=0
19:04:01 exited-incomplete: research-P5-2 size=0
19:04:01 exited-incomplete: research-P2-1 size=9123
19:04:01 exited-incomplete: research-P2-2 size=7688
19:04:01 research-P1-1 idle 58min
19:04:01 research-P1-2 idle 58min
19:04:01 launched research-P3-2 pid 3339982
19:04:01 launched research-P1-3 pid 3339983
19:04:01 launched research-P5-1 pid 3339985
19:04:01 launched research-P2-3 pid 3339990
19:04:01 dispatched 4, remaining 7
19:04:01 active=4 done=9
19:04:31 exited-incomplete: research-P3-2 size=0
19:04:31 exited-incomplete: research-P1-3 size=0
19:04:31 exited-incomplete: research-P5-1 size=0
19:04:31 exited-incomplete: research-P2-3 size=6674
19:04:31 research-P1-1 idle 58min
19:04:31 research-P1-2 idle 58min
19:04:31 launched research-P4-1 pid 3340665
19:04:31 launched research-P4-2 pid 3340666
19:04:31 launched research-P4-3 pid 3340668
19:04:31 launched research-P5-3 pid 3340672
19:04:31 dispatched 4, remaining 7
19:04:31 active=4 done=9
19:05:01 exited-incomplete: research-P4-1 size=3862
19:05:01 exited-incomplete: research-P4-2 size=0
19:05:01 exited-incomplete: research-P4-3 size=0
19:05:01 exited-incomplete: research-P5-3 size=0
19:05:01 research-P1-1 idle 59min
19:05:01 research-P1-2 idle 59min
19:05:01 launched research-P5-2 pid 3341270
19:05:01 launched research-P2-1 pid 3341272
19:05:01 launched research-P2-2 pid 3341275
19:05:01 launched research-P3-2 pid 3341278
19:05:01 dispatched 4, remaining 7
19:05:01 active=4 done=9
19:05:31 exited-incomplete: research-P5-2 size=0
19:05:31 exited-incomplete: research-P2-1 size=9123
19:05:31 exited-incomplete: research-P2-2 size=7688
19:05:31 exited-incomplete: research-P3-2 size=0
19:05:31 research-P1-1 idle 59min
19:05:31 research-P1-2 idle 59min
19:05:31 launched research-P1-3 pid 3341909
19:05:31 launched research-P5-1 pid 3341911
19:05:31 launched research-P2-3 pid 3341914
19:05:31 launched research-P4-1 pid 3341917
19:05:31 dispatched 4, remaining 7
19:05:31 active=4 done=9
19:06:01 exited-incomplete: research-P1-3 size=0
19:06:01 exited-incomplete: research-P5-1 size=0
19:06:01 exited-incomplete: research-P2-3 size=6674
19:06:01 exited-incomplete: research-P4-1 size=3862
19:06:01 research-P1-1 idle 60min
19:06:01 research-P1-2 idle 60min
19:06:01 launched research-P4-2 pid 3342542
19:06:01 launched research-P4-3 pid 3342543
19:06:01 launched research-P5-3 pid 3342545
19:06:01 launched research-P5-2 pid 3342549
19:06:01 dispatched 4, remaining 7
19:06:01 active=4 done=9
19:06:31 exited-incomplete: research-P4-2 size=0
19:06:31 exited-incomplete: research-P4-3 size=0
19:06:31 exited-incomplete: research-P5-3 size=0
19:06:31 exited-incomplete: research-P5-2 size=0
19:06:31 research-P1-1 idle 60min
19:06:31 research-P1-2 idle 60min
19:06:31 launched research-P2-1 pid 3343165
19:06:31 launched research-P2-2 pid 3343167
19:06:31 launched research-P3-2 pid 3343170
19:06:31 launched research-P1-3 pid 3343171
19:06:31 dispatched 4, remaining 7
19:06:31 active=4 done=9
19:07:01 exited-incomplete: research-P2-1 size=9123
19:07:01 exited-incomplete: research-P2-2 size=7688
19:07:01 exited-incomplete: research-P3-2 size=0
19:07:01 exited-incomplete: research-P1-3 size=0
19:07:01 research-P1-1 idle 61min
19:07:01 research-P1-2 idle 61min
19:07:01 launched research-P5-1 pid 3343790
19:07:01 launched research-P2-3 pid 3343792
19:07:01 launched research-P4-1 pid 3343795
19:07:01 launched research-P4-2 pid 3343797
19:07:01 dispatched 4, remaining 7
19:07:01 active=4 done=9
19:07:31 exited-incomplete: research-P5-1 size=0
19:07:31 exited-incomplete: research-P2-3 size=6674
19:07:31 exited-incomplete: research-P4-1 size=3862
19:07:31 exited-incomplete: research-P4-2 size=0
19:07:31 research-P1-1 idle 61min
19:07:31 research-P1-2 idle 61min
19:07:31 launched research-P4-3 pid 3344410
19:07:31 launched research-P5-3 pid 3344411
19:07:31 launched research-P5-2 pid 3344414
19:07:31 launched research-P2-1 pid 3344418
19:07:31 dispatched 4, remaining 7
19:07:31 active=4 done=9
19:08:01 exited-incomplete: research-P4-3 size=0
19:08:01 exited-incomplete: research-P5-3 size=0
19:08:01 exited-incomplete: research-P5-2 size=0
19:08:01 exited-incomplete: research-P2-1 size=9123
19:08:01 research-P1-1 idle 62min
19:08:01 research-P1-2 idle 62min
19:08:01 launched research-P2-2 pid 3345015
19:08:01 launched research-P3-2 pid 3345017
19:08:01 launched research-P1-3 pid 3345020
19:08:01 launched research-P5-1 pid 3345023
19:08:01 dispatched 4, remaining 7
19:08:01 active=4 done=9
19:08:31 exited-incomplete: research-P2-2 size=7688
19:08:31 exited-incomplete: research-P3-2 size=0
19:08:31 exited-incomplete: research-P1-3 size=0
19:08:31 exited-incomplete: research-P5-1 size=0
19:08:31 research-P1-1 idle 62min
19:08:31 research-P1-2 idle 62min
19:08:31 launched research-P2-3 pid 3345658
19:08:31 launched research-P4-1 pid 3345660
19:08:31 launched research-P4-2 pid 3345661
19:08:31 launched research-P4-3 pid 3345664
19:08:31 dispatched 4, remaining 7
19:08:31 active=4 done=9
19:09:01 exited-incomplete: research-P1-1 size=0
19:09:01 exited-incomplete: research-P2-3 size=6674
19:09:01 exited-incomplete: research-P4-1 size=3862
19:09:01 exited-incomplete: research-P4-2 size=0
19:09:01 exited-incomplete: research-P4-3 size=0
19:09:01 research-P1-2 idle 63min
19:09:02 launched research-P5-3 pid 3346258
19:09:02 launched research-P5-2 pid 3346260
19:09:02 launched research-P2-1 pid 3346263
19:09:02 launched research-P2-2 pid 3346266
19:09:02 launched research-P3-2 pid 3346269
19:09:02 dispatched 5, remaining 7
19:09:02 active=3 done=9
19:09:32 exited-incomplete: research-P5-3 size=0
19:09:32 exited-incomplete: research-P5-2 size=0
19:09:32 exited-incomplete: research-P2-1 size=9123
19:09:32 exited-incomplete: research-P2-2 size=7688
19:09:32 exited-incomplete: research-P3-2 size=0
19:09:32 research-P1-2 idle 63min
19:09:32 launched research-P1-3 pid 3347002
19:09:32 launched research-P5-1 pid 3347003
19:09:32 launched research-P1-1 pid 3347005
19:09:32 launched research-P2-3 pid 3347010
19:09:32 launched research-P4-1 pid 3347013
19:09:32 dispatched 5, remaining 7
19:09:32 active=3 done=9
19:10:02 exited-incomplete: research-P1-3 size=0
19:10:02 exited-incomplete: research-P5-1 size=0
19:10:02 exited-incomplete: research-P1-1 size=0
19:10:02 exited-incomplete: research-P2-3 size=6674
19:10:02 exited-incomplete: research-P4-1 size=3862
19:10:02 research-P1-2 idle 64min
19:10:02 launched research-P4-2 pid 3347753
19:10:02 launched research-P4-3 pid 3347754
19:10:02 launched research-P5-3 pid 3347758
19:10:02 launched research-P5-2 pid 3347761
19:10:02 launched research-P2-1 pid 3347765
19:10:02 dispatched 5, remaining 7
19:10:02 active=3 done=9
19:10:32 exited-incomplete: research-P4-2 size=0
19:10:32 exited-incomplete: research-P4-3 size=0
19:10:32 exited-incomplete: research-P5-3 size=0
19:10:32 exited-incomplete: research-P5-2 size=0
19:10:32 exited-incomplete: research-P2-1 size=9123
19:10:32 research-P1-2 idle 64min
19:10:32 launched research-P2-2 pid 3348524
19:10:32 launched research-P3-2 pid 3348525
19:10:32 launched research-P1-3 pid 3348527
19:10:32 launched research-P5-1 pid 3348530
19:10:32 launched research-P1-1 pid 3348534
19:10:32 dispatched 5, remaining 7
19:10:32 active=3 done=9
19:11:02 exited-incomplete: research-P2-2 size=7688
19:11:02 exited-incomplete: research-P3-2 size=0
19:11:02 exited-incomplete: research-P1-3 size=0
19:11:02 exited-incomplete: research-P5-1 size=0
19:11:02 exited-incomplete: research-P1-1 size=0
19:11:02 research-P1-2 idle 65min
19:11:02 launched research-P2-3 pid 3349277
19:11:02 launched research-P4-1 pid 3349279
19:11:02 launched research-P4-2 pid 3349282
19:11:02 launched research-P4-3 pid 3349285
19:11:02 launched research-P5-3 pid 3349288
19:11:02 dispatched 5, remaining 7
19:11:02 active=3 done=9
19:11:32 exited-incomplete: research-P2-3 size=6674
19:11:32 exited-incomplete: research-P4-1 size=3862
19:11:32 exited-incomplete: research-P4-2 size=0
19:11:32 exited-incomplete: research-P4-3 size=0
19:11:32 exited-incomplete: research-P5-3 size=0
19:11:32 research-P1-2 idle 65min
19:11:32 launched research-P5-2 pid 3350027
19:11:32 launched research-P2-1 pid 3350029
19:11:32 launched research-P2-2 pid 3350032
19:11:32 launched research-P3-2 pid 3350035
19:11:32 launched research-P1-3 pid 3350038
19:11:32 dispatched 5, remaining 7
19:11:32 active=3 done=9
19:12:02 exited-incomplete: research-P5-2 size=0
19:12:02 exited-incomplete: research-P2-1 size=9123
19:12:02 exited-incomplete: research-P2-2 size=7688
19:12:02 exited-incomplete: research-P3-2 size=0
19:12:02 exited-incomplete: research-P1-3 size=0
19:12:02 research-P1-2 idle 66min
19:12:02 launched research-P5-1 pid 3350797
19:12:02 launched research-P1-1 pid 3350799
19:12:02 launched research-P2-3 pid 3350802
19:12:02 launched research-P4-1 pid 3350805
19:12:02 launched research-P4-2 pid 3350808
19:12:02 dispatched 5, remaining 7
19:12:02 active=3 done=9
19:12:32 exited-incomplete: research-P5-1 size=0
19:12:32 exited-incomplete: research-P1-1 size=0
19:12:32 exited-incomplete: research-P2-3 size=6674
19:12:32 exited-incomplete: research-P4-1 size=3862
19:12:32 exited-incomplete: research-P4-2 size=0
19:12:32 research-P1-2 idle 66min
19:12:32 launched research-P4-3 pid 3351566
19:12:32 launched research-P5-3 pid 3351568
19:12:32 launched research-P5-2 pid 3351571
19:12:32 launched research-P2-1 pid 3351574
19:12:32 launched research-P2-2 pid 3351577
19:12:32 dispatched 5, remaining 7
19:12:32 active=3 done=9
19:13:02 exited-incomplete: research-P4-3 size=0
19:13:02 exited-incomplete: research-P5-3 size=0
19:13:02 exited-incomplete: research-P5-2 size=0
19:13:02 exited-incomplete: research-P2-1 size=9123
19:13:02 exited-incomplete: research-P2-2 size=7688
19:13:02 research-P1-2 idle 67min
19:13:02 launched research-P3-2 pid 3352359
19:13:02 launched research-P1-3 pid 3352360
19:13:02 launched research-P5-1 pid 3352363
19:13:02 launched research-P1-1 pid 3352366
19:13:02 launched research-P2-3 pid 3352370
19:13:02 dispatched 5, remaining 7
19:13:02 active=3 done=9
19:13:32 exited-incomplete: research-P3-2 size=0
19:13:32 exited-incomplete: research-P1-3 size=0
19:13:32 exited-incomplete: research-P5-1 size=0
19:13:32 exited-incomplete: research-P1-1 size=0
19:13:32 exited-incomplete: research-P2-3 size=6674
19:13:32 research-P1-2 idle 67min
19:13:32 launched research-P4-1 pid 3353099
19:13:32 launched research-P4-2 pid 3353100
19:13:32 launched research-P4-3 pid 3353102
19:13:32 launched research-P5-3 pid 3353106
19:13:32 launched research-P5-2 pid 3353110
19:13:32 dispatched 5, remaining 7
19:13:32 active=3 done=9
19:14:02 exited-incomplete: research-P4-1 size=3862
19:14:02 exited-incomplete: research-P4-2 size=0
19:14:02 exited-incomplete: research-P4-3 size=0
19:14:02 exited-incomplete: research-P5-3 size=0
19:14:02 exited-incomplete: research-P5-2 size=0
19:14:02 research-P1-2 idle 68min
19:14:02 launched research-P2-1 pid 3353884
19:14:02 launched research-P2-2 pid 3353886
19:14:02 launched research-P3-2 pid 3353888
19:14:02 launched research-P1-3 pid 3353891
19:14:02 launched research-P5-1 pid 3353895
19:14:02 dispatched 5, remaining 7
19:14:02 active=3 done=9
19:14:32 exited-incomplete: research-P2-1 size=9123
19:14:32 exited-incomplete: research-P2-2 size=7688
19:14:32 exited-incomplete: research-P3-2 size=0
19:14:32 exited-incomplete: research-P1-3 size=0
19:14:32 exited-incomplete: research-P5-1 size=0
19:14:32 research-P1-2 idle 68min
19:14:32 launched research-P1-1 pid 3354667
19:14:32 launched research-P2-3 pid 3354669
19:14:32 launched research-P4-1 pid 3354672
19:14:32 launched research-P4-2 pid 3354674
19:14:32 launched research-P4-3 pid 3354678
19:14:32 dispatched 5, remaining 7
19:14:32 active=3 done=9
19:15:02 exited-incomplete: research-P1-1 size=0
19:15:02 exited-incomplete: research-P2-3 size=6674
19:15:02 exited-incomplete: research-P4-1 size=3862
19:15:02 exited-incomplete: research-P4-2 size=0
19:15:02 exited-incomplete: research-P4-3 size=0
19:15:02 research-P1-2 idle 69min
19:15:02 launched research-P5-3 pid 3355416
19:15:02 launched research-P5-2 pid 3355417
19:15:02 launched research-P2-1 pid 3355421
19:15:02 launched research-P2-2 pid 3355424
19:15:02 launched research-P3-2 pid 3355426
19:15:02 dispatched 5, remaining 7
19:15:02 active=3 done=9
19:15:32 exited-incomplete: research-P5-3 size=0
19:15:32 exited-incomplete: research-P5-2 size=0
19:15:32 exited-incomplete: research-P2-1 size=9123
19:15:32 exited-incomplete: research-P2-2 size=7688
19:15:32 exited-incomplete: research-P3-2 size=0
19:15:32 research-P1-2 idle 69min
19:15:32 launched research-P1-3 pid 3356171
19:15:32 launched research-P5-1 pid 3356172
19:15:32 launched research-P1-1 pid 3356176
19:15:32 launched research-P2-3 pid 3356179
19:15:32 launched research-P4-1 pid 3356182
19:15:32 dispatched 5, remaining 7
19:15:32 active=3 done=9
19:16:02 exited-incomplete: research-P3-1 size=0
19:16:02 exited-incomplete: research-P1-3 size=0
19:16:02 exited-incomplete: research-P5-1 size=0
19:16:02 exited-incomplete: research-P1-1 size=0
19:16:02 exited-incomplete: research-P2-3 size=6674
19:16:02 exited-incomplete: research-P4-1 size=3862
19:16:02 research-P1-2 idle 70min
19:16:02 research-P3-3 idle 30min
19:16:02 launched research-P4-2 pid 3356940
19:16:02 launched research-P4-3 pid 3356941
19:16:02 launched research-P5-3 pid 3356945
19:16:02 launched research-P5-2 pid 3356948
19:16:02 launched research-P2-1 pid 3356951
19:16:02 launched research-P2-2 pid 3356954
19:16:02 dispatched 6, remaining 7
19:16:02 active=2 done=8
19:16:32 exited-incomplete: research-P4-2 size=0
19:16:32 exited-incomplete: research-P4-3 size=0
19:16:32 exited-incomplete: research-P5-3 size=0
19:16:32 exited-incomplete: research-P5-2 size=0
19:16:32 exited-incomplete: research-P2-1 size=9123
19:16:32 exited-incomplete: research-P2-2 size=7688
19:16:32 research-P1-2 idle 70min
19:16:32 research-P3-3 idle 31min
19:16:32 launched research-P3-2 pid 3357858
19:16:32 launched research-P3-1 pid 3357859
19:16:32 launched research-P1-3 pid 3357862
19:16:32 launched research-P5-1 pid 3357866
19:16:32 launched research-P1-1 pid 3357869
19:16:32 launched research-P2-3 pid 3357872
19:16:32 dispatched 6, remaining 7
19:16:32 active=2 done=8
19:17:02 exited-incomplete: research-P1-2 size=0
19:17:02 exited-incomplete: research-P3-2 size=0
19:17:02 exited-incomplete: research-P3-1 size=0
19:17:02 exited-incomplete: research-P1-3 size=0
19:17:02 exited-incomplete: research-P5-1 size=0
19:17:02 exited-incomplete: research-P1-1 size=0
19:17:02 exited-incomplete: research-P2-3 size=6674
19:17:02 research-P3-3 idle 31min
19:17:02 launched research-P4-1 pid 3358753
19:17:02 launched research-P4-2 pid 3358754
19:17:02 launched research-P4-3 pid 3358758
19:17:02 launched research-P5-3 pid 3358761
19:17:02 launched research-P5-2 pid 3358764
19:17:02 launched research-P2-1 pid 3358767
19:17:02 launched research-P2-2 pid 3358770
19:17:02 dispatched 7, remaining 7
19:17:02 active=1 done=8
19:17:32 exited-incomplete: research-P4-1 size=3862
19:17:32 exited-incomplete: research-P4-2 size=0
19:17:32 exited-incomplete: research-P4-3 size=0
19:17:32 exited-incomplete: research-P5-3 size=0
19:17:32 exited-incomplete: research-P5-2 size=0
19:17:32 exited-incomplete: research-P2-1 size=9123
19:17:32 exited-incomplete: research-P2-2 size=7688
19:17:32 research-P3-3 idle 32min
19:17:32 launched research-P1-2 pid 3359800
19:17:32 launched research-P3-2 pid 3359801
19:17:32 launched research-P3-1 pid 3359805
19:17:32 launched research-P1-3 pid 3359808
19:17:32 launched research-P5-1 pid 3359811
19:17:32 launched research-P1-1 pid 3359814
19:17:32 launched research-P2-3 pid 3359817
19:17:32 dispatched 7, remaining 7
19:17:32 active=1 done=8
19:18:02 exited-incomplete: research-P1-2 size=0
19:18:02 exited-incomplete: research-P3-2 size=0
19:18:02 exited-incomplete: research-P3-1 size=0
19:18:02 exited-incomplete: research-P1-3 size=0
19:18:02 exited-incomplete: research-P5-1 size=0
19:18:02 exited-incomplete: research-P1-1 size=0
19:18:02 exited-incomplete: research-P2-3 size=6674
19:18:02 research-P3-3 idle 32min
19:18:02 launched research-P4-1 pid 3360814
19:18:02 launched research-P4-2 pid 3360815
19:18:02 launched research-P4-3 pid 3360819
19:18:02 launched research-P5-3 pid 3360822
19:18:02 launched research-P5-2 pid 3360824
19:18:02 launched research-P2-1 pid 3360829
19:18:02 launched research-P2-2 pid 3360835
19:18:02 dispatched 7, remaining 7
19:18:02 active=1 done=8
19:18:32 exited-incomplete: research-P4-1 size=3862
19:18:32 exited-incomplete: research-P4-2 size=0
19:18:32 exited-incomplete: research-P4-3 size=0
19:18:32 exited-incomplete: research-P5-3 size=0
19:18:32 exited-incomplete: research-P5-2 size=0
19:18:32 exited-incomplete: research-P2-1 size=9123
19:18:32 exited-incomplete: research-P2-2 size=7688
19:18:32 research-P3-3 idle 33min
19:18:32 launched research-P1-2 pid 3361863
19:18:32 launched research-P3-2 pid 3361864
19:18:32 launched research-P3-1 pid 3361866
19:18:32 launched research-P1-3 pid 3361869
19:18:32 launched research-P5-1 pid 3361873
19:18:32 launched research-P1-1 pid 3361875
19:18:32 launched research-P2-3 pid 3361880
19:18:32 dispatched 7, remaining 7
19:18:32 active=1 done=8
19:19:02 exited-incomplete: research-P1-2 size=0
19:19:02 exited-incomplete: research-P3-2 size=0
19:19:02 exited-incomplete: research-P3-1 size=0
19:19:02 exited-incomplete: research-P1-3 size=0
19:19:02 exited-incomplete: research-P5-1 size=0
19:19:02 exited-incomplete: research-P1-1 size=0
19:19:02 exited-incomplete: research-P2-3 size=6674
19:19:02 research-P3-3 idle 33min
19:19:02 launched research-P4-1 pid 3362904
19:19:02 launched research-P4-2 pid 3362906
19:19:02 launched research-P4-3 pid 3362909
19:19:02 launched research-P5-3 pid 3362912
19:19:02 launched research-P5-2 pid 3362915
19:19:02 launched research-P2-1 pid 3362919
19:19:02 launched research-P2-2 pid 3362925
19:19:02 dispatched 7, remaining 7
19:19:02 active=1 done=8
19:19:32 exited-incomplete: research-P4-1 size=3862
19:19:32 exited-incomplete: research-P4-2 size=0
19:19:32 exited-incomplete: research-P4-3 size=0
19:19:32 exited-incomplete: research-P5-3 size=0
19:19:32 exited-incomplete: research-P5-2 size=0
19:19:32 exited-incomplete: research-P2-1 size=9123
19:19:32 exited-incomplete: research-P2-2 size=7688
19:19:32 research-P3-3 idle 34min
19:19:32 launched research-P1-2 pid 3364018
19:19:32 launched research-P3-2 pid 3364019
19:19:32 launched research-P3-1 pid 3364022
19:19:32 launched research-P1-3 pid 3364025
19:19:32 launched research-P5-1 pid 3364028
19:19:32 launched research-P1-1 pid 3364032
19:19:32 launched research-P2-3 pid 3364036
19:19:32 dispatched 7, remaining 7
19:19:32 active=1 done=8
19:20:02 exited-incomplete: research-P1-2 size=0
19:20:02 exited-incomplete: research-P3-2 size=0
19:20:02 exited-incomplete: research-P3-1 size=0
19:20:02 exited-incomplete: research-P1-3 size=0
19:20:02 exited-incomplete: research-P5-1 size=0
19:20:02 exited-incomplete: research-P1-1 size=0
19:20:02 exited-incomplete: research-P2-3 size=6674
19:20:02 research-P3-3 idle 34min
19:20:02 launched research-P4-1 pid 3365063
19:20:02 launched research-P4-2 pid 3365064
19:20:02 launched research-P4-3 pid 3365066
19:20:02 launched research-P5-3 pid 3365071
19:20:02 launched research-P5-2 pid 3365074
19:20:02 launched research-P2-1 pid 3365077
19:20:02 launched research-P2-2 pid 3365080
19:20:02 dispatched 7, remaining 7
19:20:02 active=1 done=8
19:20:32 exited-incomplete: research-P4-1 size=3862
19:20:32 exited-incomplete: research-P4-2 size=0
19:20:32 exited-incomplete: research-P4-3 size=0
19:20:32 exited-incomplete: research-P5-3 size=0
19:20:32 exited-incomplete: research-P5-2 size=0
19:20:32 exited-incomplete: research-P2-1 size=9123
19:20:32 exited-incomplete: research-P2-2 size=7688
19:20:32 research-P3-3 idle 35min
19:20:32 launched research-P1-2 pid 3366080
19:20:32 launched research-P3-2 pid 3366081
19:20:32 launched research-P3-1 pid 3366083
19:20:32 launched research-P1-3 pid 3366088
19:20:32 launched research-P5-1 pid 3366091
19:20:32 launched research-P1-1 pid 3366094
19:20:32 launched research-P2-3 pid 3366098
19:20:32 dispatched 7, remaining 7
19:20:32 active=1 done=8
19:21:02 exited-incomplete: research-P1-2 size=0
19:21:02 exited-incomplete: research-P3-2 size=0
19:21:02 exited-incomplete: research-P3-1 size=0
19:21:02 exited-incomplete: research-P1-3 size=0
19:21:02 exited-incomplete: research-P5-1 size=0
19:21:02 exited-incomplete: research-P1-1 size=0
19:21:02 exited-incomplete: research-P2-3 size=6674
19:21:02 research-P3-3 idle 35min
19:21:02 launched research-P4-1 pid 3367073
19:21:02 launched research-P4-2 pid 3367074
19:21:02 launched research-P4-3 pid 3367078
19:21:02 launched research-P5-3 pid 3367081
19:21:02 launched research-P5-2 pid 3367084
19:21:02 launched research-P2-1 pid 3367087
19:21:02 launched research-P2-2 pid 3367096
19:21:02 dispatched 7, remaining 7
19:21:02 active=1 done=8
19:21:32 exited-incomplete: research-P4-1 size=3862
19:21:32 exited-incomplete: research-P4-2 size=0
19:21:32 exited-incomplete: research-P4-3 size=0
19:21:32 exited-incomplete: research-P5-3 size=0
19:21:32 exited-incomplete: research-P5-2 size=0
19:21:32 exited-incomplete: research-P2-1 size=9123
19:21:32 exited-incomplete: research-P2-2 size=7688
19:21:32 research-P3-3 idle 36min
19:21:32 launched research-P1-2 pid 3368154
19:21:32 launched research-P3-2 pid 3368156
19:21:32 launched research-P3-1 pid 3368159
19:21:32 launched research-P1-3 pid 3368161
19:21:32 launched research-P5-1 pid 3368163
19:21:32 launched research-P1-1 pid 3368167
19:21:32 launched research-P2-3 pid 3368173
19:21:32 dispatched 7, remaining 7
19:21:32 active=1 done=8
19:22:02 exited-incomplete: research-P1-2 size=0
19:22:02 exited-incomplete: research-P3-2 size=0
19:22:02 exited-incomplete: research-P3-1 size=0
19:22:02 exited-incomplete: research-P1-3 size=0
19:22:02 exited-incomplete: research-P5-1 size=0
19:22:02 exited-incomplete: research-P1-1 size=0
19:22:02 exited-incomplete: research-P2-3 size=6674
19:22:02 research-P3-3 idle 36min
19:22:02 launched research-P4-1 pid 3369171
19:22:02 launched research-P4-2 pid 3369172
19:22:02 launched research-P4-3 pid 3369174
19:22:02 launched research-P5-3 pid 3369179
19:22:02 launched research-P5-2 pid 3369182
19:22:02 launched research-P2-1 pid 3369185
19:22:02 launched research-P2-2 pid 3369188
19:22:02 dispatched 7, remaining 7
19:22:02 active=1 done=8
19:22:32 exited-incomplete: research-P4-1 size=3862
19:22:32 exited-incomplete: research-P4-2 size=0
19:22:32 exited-incomplete: research-P4-3 size=0
19:22:32 exited-incomplete: research-P5-3 size=0
19:22:32 exited-incomplete: research-P5-2 size=0
19:22:32 exited-incomplete: research-P2-1 size=9123
19:22:32 exited-incomplete: research-P2-2 size=7688
19:22:32 research-P3-3 idle 37min
19:22:32 launched research-P1-2 pid 3370237
19:22:32 launched research-P3-2 pid 3370238
19:22:32 launched research-P3-1 pid 3370240
19:22:32 launched research-P1-3 pid 3370243
19:22:32 launched research-P5-1 pid 3370248
19:22:32 launched research-P1-1 pid 3370251
19:22:32 launched research-P2-3 pid 3370254
19:22:32 dispatched 7, remaining 7
19:22:32 active=1 done=8
19:23:02 exited-incomplete: research-P1-2 size=0
19:23:02 exited-incomplete: research-P3-2 size=0
19:23:02 exited-incomplete: research-P3-1 size=0
19:23:02 exited-incomplete: research-P1-3 size=0
19:23:02 exited-incomplete: research-P5-1 size=0
19:23:02 exited-incomplete: research-P1-1 size=0
19:23:02 exited-incomplete: research-P2-3 size=6674
19:23:02 research-P3-3 idle 37min
19:23:02 launched research-P4-1 pid 3371235
19:23:02 launched research-P4-2 pid 3371236
19:23:02 launched research-P4-3 pid 3371238
19:23:02 launched research-P5-3 pid 3371242
19:23:02 launched research-P5-2 pid 3371245
19:23:02 launched research-P2-1 pid 3371249
19:23:02 launched research-P2-2 pid 3371252
19:23:02 dispatched 7, remaining 7
19:23:02 active=1 done=8
19:23:32 exited-incomplete: research-P4-1 size=3862
19:23:32 exited-incomplete: research-P4-2 size=0
19:23:32 exited-incomplete: research-P4-3 size=0
19:23:32 exited-incomplete: research-P5-3 size=0
19:23:32 exited-incomplete: research-P5-2 size=0
19:23:32 exited-incomplete: research-P2-1 size=9123
19:23:32 exited-incomplete: research-P2-2 size=7688
19:23:32 research-P3-3 idle 38min
19:23:32 launched research-P1-2 pid 3372315
19:23:32 launched research-P3-2 pid 3372316
19:23:32 launched research-P3-1 pid 3372318
19:23:32 launched research-P1-3 pid 3372321
19:23:32 launched research-P5-1 pid 3372326
19:23:32 launched research-P1-1 pid 3372329
19:23:32 launched research-P2-3 pid 3372332
19:23:32 dispatched 7, remaining 7
19:23:32 active=1 done=8
19:24:02 exited-incomplete: research-P1-2 size=0
19:24:02 exited-incomplete: research-P3-2 size=0
19:24:02 exited-incomplete: research-P3-1 size=0
19:24:02 exited-incomplete: research-P1-3 size=0
19:24:02 exited-incomplete: research-P5-1 size=0
19:24:02 exited-incomplete: research-P1-1 size=0
19:24:02 exited-incomplete: research-P2-3 size=6674
19:24:02 research-P3-3 idle 38min
19:24:02 launched research-P4-1 pid 3373367
19:24:02 launched research-P4-2 pid 3373368
19:24:02 launched research-P4-3 pid 3373372
19:24:02 launched research-P5-3 pid 3373375
19:24:02 launched research-P5-2 pid 3373378
19:24:02 launched research-P2-1 pid 3373381
19:24:02 launched research-P2-2 pid 3373386
19:24:02 dispatched 7, remaining 7
19:24:02 active=1 done=8
19:24:32 exited-incomplete: research-P4-1 size=3862
19:24:32 exited-incomplete: research-P4-2 size=0
19:24:32 exited-incomplete: research-P4-3 size=0
19:24:32 exited-incomplete: research-P5-3 size=0
19:24:33 exited-incomplete: research-P5-2 size=0
19:24:33 exited-incomplete: research-P2-1 size=9123
19:24:33 exited-incomplete: research-P2-2 size=7688
19:24:33 research-P3-3 idle 39min
19:24:33 launched research-P1-2 pid 3374462
19:24:33 launched research-P3-2 pid 3374463
19:24:33 launched research-P3-1 pid 3374466
19:24:33 launched research-P1-3 pid 3374470
19:24:33 launched research-P5-1 pid 3374472
19:24:33 launched research-P1-1 pid 3374474
19:24:33 launched research-P2-3 pid 3374479
19:24:33 dispatched 7, remaining 7
19:24:33 active=1 done=8
19:25:03 exited-incomplete: research-P1-2 size=0
19:25:03 exited-incomplete: research-P3-2 size=0
19:25:03 exited-incomplete: research-P3-1 size=0
19:25:03 exited-incomplete: research-P1-3 size=0
19:25:03 exited-incomplete: research-P5-1 size=0
19:25:03 exited-incomplete: research-P1-1 size=0
19:25:03 exited-incomplete: research-P2-3 size=6674
19:25:03 research-P3-3 idle 39min
19:25:03 launched research-P4-1 pid 3375468
19:25:03 launched research-P4-2 pid 3375470
19:25:03 launched research-P4-3 pid 3375473
19:25:03 launched research-P5-3 pid 3375475
19:25:03 launched research-P5-2 pid 3375477
19:25:03 launched research-P2-1 pid 3375482
19:25:03 launched research-P2-2 pid 3375485
19:25:03 dispatched 7, remaining 7
19:25:03 active=1 done=8
19:25:33 exited-incomplete: research-P4-1 size=3862
19:25:33 exited-incomplete: research-P4-2 size=0
19:25:33 exited-incomplete: research-P4-3 size=0
19:25:33 exited-incomplete: research-P5-3 size=0
19:25:33 exited-incomplete: research-P5-2 size=0
19:25:33 exited-incomplete: research-P2-1 size=9123
19:25:33 exited-incomplete: research-P2-2 size=7688
19:25:33 research-P3-3 idle 40min
19:25:33 launched research-P1-2 pid 3376500
19:25:33 launched research-P3-2 pid 3376501
19:25:33 launched research-P3-1 pid 3376503
19:25:33 launched research-P1-3 pid 3376506
19:25:33 launched research-P5-1 pid 3376511
19:25:33 launched research-P1-1 pid 3376514
19:25:33 launched research-P2-3 pid 3376517
19:25:33 dispatched 7, remaining 7
19:25:33 active=1 done=8
19:26:03 exited-incomplete: research-P1-2 size=0
19:26:03 exited-incomplete: research-P3-2 size=0
19:26:03 exited-incomplete: research-P3-1 size=0
19:26:03 exited-incomplete: research-P1-3 size=0
19:26:03 exited-incomplete: research-P5-1 size=0
19:26:03 exited-incomplete: research-P1-1 size=0
19:26:03 exited-incomplete: research-P2-3 size=6674
19:26:03 research-P3-3 idle 40min
19:26:03 launched research-P4-1 pid 3377550
19:26:03 launched research-P4-2 pid 3377551
19:26:03 launched research-P4-3 pid 3377554
19:26:03 launched research-P5-3 pid 3377558
19:26:03 launched research-P5-2 pid 3377561
19:26:03 launched research-P2-1 pid 3377564
19:26:03 launched research-P2-2 pid 3377567
19:26:03 dispatched 7, remaining 7
19:26:03 active=1 done=8
19:26:33 exited-incomplete: research-P4-1 size=3862
19:26:33 exited-incomplete: research-P4-2 size=0
19:26:33 exited-incomplete: research-P4-3 size=0
19:26:33 exited-incomplete: research-P5-3 size=0
19:26:33 exited-incomplete: research-P5-2 size=0
19:26:33 exited-incomplete: research-P2-1 size=9123
19:26:33 exited-incomplete: research-P2-2 size=7688
19:26:33 research-P3-3 idle 41min
19:26:33 launched research-P1-2 pid 3378560
19:26:33 launched research-P3-2 pid 3378561
19:26:33 launched research-P3-1 pid 3378564
19:26:33 launched research-P1-3 pid 3378568
19:26:33 launched research-P5-1 pid 3378571
19:26:33 launched research-P1-1 pid 3378574
19:26:33 launched research-P2-3 pid 3378577
19:26:33 dispatched 7, remaining 7
19:26:33 active=1 done=8
19:27:03 exited-incomplete: research-P1-2 size=0
19:27:03 exited-incomplete: research-P3-2 size=0
19:27:03 exited-incomplete: research-P3-1 size=0
19:27:03 exited-incomplete: research-P1-3 size=0
19:27:03 exited-incomplete: research-P5-1 size=0
19:27:03 exited-incomplete: research-P1-1 size=0
19:27:03 exited-incomplete: research-P2-3 size=6674
19:27:03 research-P3-3 idle 41min
19:27:03 launched research-P4-1 pid 3379566
19:27:03 launched research-P4-2 pid 3379567
19:27:03 launched research-P4-3 pid 3379569
19:27:03 launched research-P5-3 pid 3379573
19:27:03 launched research-P5-2 pid 3379576
19:27:03 launched research-P2-1 pid 3379581
19:27:03 launched research-P2-2 pid 3379584
19:27:03 dispatched 7, remaining 7
19:27:03 active=1 done=8
19:27:33 exited-incomplete: research-P4-1 size=3862
19:27:33 exited-incomplete: research-P4-2 size=0
19:27:33 exited-incomplete: research-P4-3 size=0
19:27:33 exited-incomplete: research-P5-3 size=0
19:27:33 exited-incomplete: research-P5-2 size=0
19:27:33 exited-incomplete: research-P2-1 size=9123
19:27:33 exited-incomplete: research-P2-2 size=7688
19:27:33 research-P3-3 idle 42min
19:27:33 launched research-P1-2 pid 3380623
19:27:33 launched research-P3-2 pid 3380624
19:27:33 launched research-P3-1 pid 3380627
19:27:33 launched research-P1-3 pid 3380631
19:27:33 launched research-P5-1 pid 3380634
19:27:33 launched research-P1-1 pid 3380636
19:27:33 launched research-P2-3 pid 3380641
19:27:33 dispatched 7, remaining 7
19:27:33 active=1 done=8
19:28:03 exited-incomplete: research-P1-2 size=0
19:28:03 exited-incomplete: research-P3-2 size=0
19:28:03 exited-incomplete: research-P3-1 size=0
19:28:03 exited-incomplete: research-P1-3 size=0
19:28:03 exited-incomplete: research-P5-1 size=0
19:28:03 exited-incomplete: research-P1-1 size=0
19:28:03 exited-incomplete: research-P2-3 size=6674
19:28:03 research-P3-3 idle 42min
19:28:03 launched research-P4-1 pid 3381685
19:28:03 launched research-P4-2 pid 3381686
19:28:03 launched research-P4-3 pid 3381688
19:28:03 launched research-P5-3 pid 3381692
19:28:03 launched research-P5-2 pid 3381696
19:28:03 launched research-P2-1 pid 3381699
19:28:03 launched research-P2-2 pid 3381702
19:28:03 dispatched 7, remaining 7
19:28:03 active=1 done=8
19:28:33 exited-incomplete: research-P4-1 size=3862
19:28:33 exited-incomplete: research-P4-2 size=0
19:28:33 exited-incomplete: research-P4-3 size=0
19:28:33 exited-incomplete: research-P5-3 size=0
19:28:33 exited-incomplete: research-P5-2 size=0
19:28:33 exited-incomplete: research-P2-1 size=9123
19:28:33 exited-incomplete: research-P2-2 size=7688
19:28:33 research-P3-3 idle 43min
19:28:33 launched research-P1-2 pid 3382725
19:28:33 launched research-P3-2 pid 3382726
19:28:33 launched research-P3-1 pid 3382728
19:28:33 launched research-P1-3 pid 3382731
19:28:33 launched research-P5-1 pid 3382735
19:28:33 launched research-P1-1 pid 3382737
19:28:33 launched research-P2-3 pid 3382743
19:28:33 dispatched 7, remaining 7
19:28:33 active=1 done=8
19:29:03 exited-incomplete: research-P1-2 size=0
19:29:03 exited-incomplete: research-P3-2 size=0
19:29:03 exited-incomplete: research-P3-1 size=0
19:29:03 exited-incomplete: research-P1-3 size=0
19:29:03 exited-incomplete: research-P5-1 size=0
19:29:03 exited-incomplete: research-P1-1 size=0
19:29:03 exited-incomplete: research-P2-3 size=6674
19:29:03 research-P3-3 idle 43min
19:29:03 launched research-P4-1 pid 3383735
19:29:03 launched research-P4-2 pid 3383736
19:29:03 launched research-P4-3 pid 3383738
19:29:03 launched research-P5-3 pid 3383741
19:29:03 launched research-P5-2 pid 3383744
19:29:03 launched research-P2-1 pid 3383750
19:29:03 launched research-P2-2 pid 3383752
19:29:03 dispatched 7, remaining 7
19:29:03 active=1 done=8
19:29:33 exited-incomplete: research-P4-1 size=3862
19:29:33 exited-incomplete: research-P4-2 size=0
19:29:33 exited-incomplete: research-P4-3 size=0
19:29:33 exited-incomplete: research-P5-3 size=0
19:29:33 exited-incomplete: research-P5-2 size=0
19:29:33 exited-incomplete: research-P2-1 size=9123
19:29:33 exited-incomplete: research-P2-2 size=7688
19:29:33 research-P3-3 idle 44min
19:29:33 launched research-P1-2 pid 3384849
19:29:33 launched research-P3-2 pid 3384850
19:29:33 launched research-P3-1 pid 3384852
19:29:33 launched research-P1-3 pid 3384855
19:29:33 launched research-P5-1 pid 3384860
19:29:33 launched research-P1-1 pid 3384863
19:29:33 launched research-P2-3 pid 3384866
19:29:33 dispatched 7, remaining 7
19:29:33 active=1 done=8
19:30:03 exited-incomplete: research-P1-2 size=0
19:30:03 exited-incomplete: research-P3-2 size=0
19:30:03 exited-incomplete: research-P3-1 size=0
19:30:03 exited-incomplete: research-P1-3 size=0
19:30:03 exited-incomplete: research-P5-1 size=0
19:30:03 exited-incomplete: research-P1-1 size=0
19:30:03 exited-incomplete: research-P2-3 size=6674
19:30:03 research-P3-3 idle 44min
19:30:03 launched research-P4-1 pid 3385890
19:30:03 launched research-P4-2 pid 3385891
19:30:03 launched research-P4-3 pid 3385893
19:30:03 launched research-P5-3 pid 3385896
19:30:03 launched research-P5-2 pid 3385900
19:30:03 launched research-P2-1 pid 3385904
19:30:03 launched research-P2-2 pid 3385908
19:30:03 dispatched 7, remaining 7
19:30:03 active=1 done=8
19:30:33 exited-incomplete: research-P4-1 size=3862
19:30:33 exited-incomplete: research-P4-2 size=0
19:30:33 exited-incomplete: research-P4-3 size=0
19:30:33 exited-incomplete: research-P5-3 size=0
19:30:33 exited-incomplete: research-P5-2 size=0
19:30:33 exited-incomplete: research-P2-1 size=9123
19:30:33 exited-incomplete: research-P2-2 size=7688
19:30:33 research-P3-3 idle 45min
19:30:33 launched research-P1-2 pid 3386893
19:30:33 launched research-P3-2 pid 3386894
19:30:33 launched research-P3-1 pid 3386897
19:30:33 launched research-P1-3 pid 3386899
19:30:33 launched research-P5-1 pid 3386902
19:30:33 launched research-P1-1 pid 3386906
19:30:33 launched research-P2-3 pid 3386910
19:30:33 dispatched 7, remaining 7
19:30:33 active=1 done=8
19:31:03 exited-incomplete: research-P1-2 size=0
19:31:03 exited-incomplete: research-P3-2 size=0
19:31:03 exited-incomplete: research-P3-1 size=0
19:31:03 exited-incomplete: research-P1-3 size=0
19:31:03 exited-incomplete: research-P5-1 size=0
19:31:03 exited-incomplete: research-P1-1 size=0
19:31:03 exited-incomplete: research-P2-3 size=6674
19:31:03 research-P3-3 idle 45min
19:31:03 launched research-P4-1 pid 3387961
19:31:03 launched research-P4-2 pid 3387962
19:31:03 launched research-P4-3 pid 3387964
19:31:03 launched research-P5-3 pid 3387967
19:31:03 launched research-P5-2 pid 3387971
19:31:03 launched research-P2-1 pid 3387975
19:31:03 launched research-P2-2 pid 3387978
19:31:03 dispatched 7, remaining 7
19:31:03 active=1 done=8
19:31:33 exited-incomplete: research-P4-1 size=3862
19:31:33 exited-incomplete: research-P4-2 size=0
19:31:33 exited-incomplete: research-P4-3 size=0
19:31:33 exited-incomplete: research-P5-3 size=0
19:31:33 exited-incomplete: research-P5-2 size=0
19:31:33 exited-incomplete: research-P2-1 size=9123
19:31:33 exited-incomplete: research-P2-2 size=7688
19:31:33 research-P3-3 idle 46min
19:31:33 launched research-P1-2 pid 3389006
19:31:33 launched research-P3-2 pid 3389007
19:31:33 launched research-P3-1 pid 3389010
19:31:33 launched research-P1-3 pid 3389013
19:31:33 launched research-P5-1 pid 3389016
19:31:33 launched research-P1-1 pid 3389019
19:31:33 launched research-P2-3 pid 3389024
19:31:33 dispatched 7, remaining 7
19:31:33 active=1 done=8
19:32:03 exited-incomplete: research-P1-2 size=0
19:32:03 exited-incomplete: research-P3-2 size=0
19:32:03 exited-incomplete: research-P3-1 size=0
19:32:03 exited-incomplete: research-P1-3 size=0
19:32:03 exited-incomplete: research-P5-1 size=0
19:32:03 exited-incomplete: research-P1-1 size=0
19:32:03 exited-incomplete: research-P2-3 size=6674
19:32:03 research-P3-3 idle 46min
19:32:03 launched research-P4-1 pid 3390016
19:32:03 launched research-P4-2 pid 3390017
19:32:03 launched research-P4-3 pid 3390019
19:32:03 launched research-P5-3 pid 3390022
19:32:03 launched research-P5-2 pid 3390025
19:32:03 launched research-P2-1 pid 3390031
19:32:03 launched research-P2-2 pid 3390033
19:32:03 dispatched 7, remaining 7
19:32:03 active=1 done=8
19:32:33 exited-incomplete: research-P4-1 size=3862
19:32:33 exited-incomplete: research-P4-2 size=0
19:32:33 exited-incomplete: research-P4-3 size=0
19:32:33 exited-incomplete: research-P5-3 size=0
19:32:33 exited-incomplete: research-P5-2 size=0
19:32:33 exited-incomplete: research-P2-1 size=9123
19:32:33 exited-incomplete: research-P2-2 size=7688
19:32:33 research-P3-3 idle 47min
19:32:33 launched research-P1-2 pid 3391063
19:32:33 launched research-P3-2 pid 3391064
19:32:33 launched research-P3-1 pid 3391066
19:32:33 launched research-P1-3 pid 3391071
19:32:33 launched research-P5-1 pid 3391074
19:32:33 launched research-P1-1 pid 3391077
19:32:33 launched research-P2-3 pid 3391080
19:32:33 dispatched 7, remaining 7
19:32:33 active=1 done=8
19:33:03 exited-incomplete: research-P3-3 size=0
19:33:03 exited-incomplete: research-P1-2 size=0
19:33:03 exited-incomplete: research-P3-2 size=0
19:33:03 exited-incomplete: research-P3-1 size=0
19:33:03 exited-incomplete: research-P1-3 size=0
19:33:03 exited-incomplete: research-P5-1 size=0
19:33:03 exited-incomplete: research-P1-1 size=0
19:33:03 exited-incomplete: research-P2-3 size=6674
19:33:03 launched research-P4-1 pid 3392108
19:33:03 launched research-P4-2 pid 3392109
19:33:03 launched research-P4-3 pid 3392111
19:33:03 launched research-P5-3 pid 3392115
19:33:03 launched research-P5-2 pid 3392117
19:33:03 launched research-P2-1 pid 3392122
19:33:03 launched research-P2-2 pid 3392125
19:33:03 launched research-P3-3 pid 3392127
19:33:03 dispatched 8, remaining 7
19:33:03 active=0 done=7
19:33:33 exited-incomplete: research-P4-1 size=3862
19:33:33 exited-incomplete: research-P4-2 size=0
19:33:33 exited-incomplete: research-P4-3 size=0
19:33:33 exited-incomplete: research-P5-3 size=0
19:33:33 exited-incomplete: research-P5-2 size=0
19:33:33 exited-incomplete: research-P2-1 size=9123
19:33:33 exited-incomplete: research-P2-2 size=7688
19:33:33 exited-incomplete: research-P3-3 size=0
19:33:33 launched research-P1-2 pid 3393244
19:33:33 launched research-P3-2 pid 3393245
19:33:33 launched research-P3-1 pid 3393248
19:33:33 launched research-P1-3 pid 3393250
19:33:33 launched research-P5-1 pid 3393254
19:33:33 launched research-P1-1 pid 3393257
19:33:33 launched research-P2-3 pid 3393261
19:33:33 launched research-P4-1 pid 3393264
19:33:33 dispatched 8, remaining 7
19:33:33 active=0 done=7
19:34:03 exited-incomplete: research-P1-2 size=0
19:34:03 exited-incomplete: research-P3-2 size=0
19:34:03 exited-incomplete: research-P3-1 size=0
19:34:03 exited-incomplete: research-P1-3 size=0
19:34:03 exited-incomplete: research-P5-1 size=0
19:34:03 exited-incomplete: research-P1-1 size=0
19:34:03 exited-incomplete: research-P2-3 size=6674
19:34:03 exited-incomplete: research-P4-1 size=3862
19:34:03 launched research-P4-2 pid 3394405
19:34:03 launched research-P4-3 pid 3394406
19:34:03 launched research-P5-3 pid 3394409
19:34:03 launched research-P5-2 pid 3394413
19:34:03 launched research-P2-1 pid 3394416
19:34:03 launched research-P2-2 pid 3394419
19:34:03 launched research-P3-3 pid 3394422
19:34:03 launched research-P1-2 pid 3394431
19:34:03 dispatched 8, remaining 7
19:34:03 active=0 done=7
19:34:33 exited-incomplete: research-P4-2 size=0
19:34:33 exited-incomplete: research-P4-3 size=0
19:34:33 exited-incomplete: research-P5-3 size=0
19:34:33 exited-incomplete: research-P5-2 size=0
19:34:33 exited-incomplete: research-P2-1 size=9123
19:34:33 exited-incomplete: research-P2-2 size=7688
19:34:33 exited-incomplete: research-P3-3 size=0
19:34:33 exited-incomplete: research-P1-2 size=0
19:34:33 launched research-P3-2 pid 3395564
19:34:33 launched research-P3-1 pid 3395565
19:34:33 launched research-P1-3 pid 3395569
19:34:33 launched research-P5-1 pid 3395572
19:34:33 launched research-P1-1 pid 3395575
19:34:33 launched research-P2-3 pid 3395578
19:34:33 launched research-P4-1 pid 3395582
19:34:33 launched research-P4-2 pid 3395589
19:34:33 dispatched 8, remaining 7
19:34:33 active=0 done=7
19:35:03 exited-incomplete: research-P3-2 size=0
19:35:03 exited-incomplete: research-P3-1 size=0
19:35:03 exited-incomplete: research-P1-3 size=0
19:35:03 exited-incomplete: research-P5-1 size=0
19:35:03 exited-incomplete: research-P1-1 size=0
19:35:03 exited-incomplete: research-P2-3 size=6674
19:35:03 exited-incomplete: research-P4-1 size=3862
19:35:03 exited-incomplete: research-P4-2 size=0
19:35:03 launched research-P4-3 pid 3396704
19:35:03 launched research-P5-3 pid 3396705
19:35:03 launched research-P5-2 pid 3396707
19:35:03 launched research-P2-1 pid 3396713
19:35:03 launched research-P2-2 pid 3396715
19:35:03 launched research-P3-3 pid 3396718
19:35:03 launched research-P1-2 pid 3396721
19:35:03 launched research-P3-2 pid 3396728
19:35:03 dispatched 8, remaining 7
19:35:03 active=0 done=7
19:35:33 exited-incomplete: research-P4-3 size=0
19:35:33 exited-incomplete: research-P5-3 size=0
19:35:33 exited-incomplete: research-P5-2 size=0
19:35:33 exited-incomplete: research-P2-1 size=9123
19:35:33 exited-incomplete: research-P2-2 size=7688
19:35:33 exited-incomplete: research-P3-3 size=0
19:35:33 exited-incomplete: research-P1-2 size=0
19:35:33 exited-incomplete: research-P3-2 size=0
19:35:33 launched research-P3-1 pid 3397889
19:35:33 launched research-P1-3 pid 3397891
19:35:33 launched research-P5-1 pid 3397894
19:35:33 launched research-P1-1 pid 3397897
19:35:33 launched research-P2-3 pid 3397901
19:35:33 launched research-P4-1 pid 3397903
19:35:33 launched research-P4-2 pid 3397906
19:35:33 launched research-P4-3 pid 3397909
19:35:33 dispatched 8, remaining 7
19:35:33 active=0 done=7
19:36:03 exited-incomplete: research-P3-1 size=0
19:36:03 exited-incomplete: research-P1-3 size=0
19:36:03 exited-incomplete: research-P5-1 size=0
19:36:03 exited-incomplete: research-P1-1 size=0
19:36:03 exited-incomplete: research-P2-3 size=6674
19:36:03 exited-incomplete: research-P4-1 size=3862
19:36:03 exited-incomplete: research-P4-2 size=0
19:36:03 exited-incomplete: research-P4-3 size=0
19:36:03 launched research-P5-3 pid 3399021
19:36:03 launched research-P5-2 pid 3399022
19:36:03 launched research-P2-1 pid 3399026
19:36:03 launched research-P2-2 pid 3399029
19:36:03 launched research-P3-3 pid 3399032
19:36:03 launched research-P1-2 pid 3399034
19:36:03 launched research-P3-2 pid 3399038
19:36:03 launched research-P3-1 pid 3399045
19:36:03 dispatched 8, remaining 7
19:36:03 active=0 done=7
19:36:33 exited-incomplete: research-P5-3 size=0
19:36:33 exited-incomplete: research-P5-2 size=0
19:36:33 exited-incomplete: research-P2-1 size=9123
19:36:33 exited-incomplete: research-P2-2 size=7688
19:36:33 exited-incomplete: research-P3-3 size=0
19:36:33 exited-incomplete: research-P1-2 size=0
19:36:33 exited-incomplete: research-P3-2 size=0
19:36:33 exited-incomplete: research-P3-1 size=0
19:36:33 launched research-P1-3 pid 3400187
19:36:33 launched research-P5-1 pid 3400188
19:36:33 launched research-P1-1 pid 3400192
19:36:33 launched research-P2-3 pid 3400195
19:36:33 launched research-P4-1 pid 3400198
19:36:33 launched research-P4-2 pid 3400201
19:36:33 launched research-P4-3 pid 3400204
19:36:33 launched research-P5-3 pid 3400209
19:36:33 dispatched 8, remaining 7
19:36:33 active=0 done=7
19:37:03 exited-incomplete: research-P1-3 size=0
19:37:03 exited-incomplete: research-P5-1 size=0
19:37:03 exited-incomplete: research-P1-1 size=0
19:37:03 exited-incomplete: research-P2-3 size=6674
19:37:03 exited-incomplete: research-P4-1 size=3862
19:37:03 exited-incomplete: research-P4-2 size=0
19:37:03 exited-incomplete: research-P4-3 size=0
19:37:03 exited-incomplete: research-P5-3 size=0
19:37:03 launched research-P5-2 pid 3401333
19:37:03 launched research-P2-1 pid 3401335
19:37:03 launched research-P2-2 pid 3401338
19:37:03 launched research-P3-3 pid 3401339
19:37:03 launched research-P1-2 pid 3401344
19:37:03 launched research-P3-2 pid 3401347
19:37:03 launched research-P3-1 pid 3401350
19:37:03 launched research-P1-3 pid 3401356
19:37:03 dispatched 8, remaining 7
19:37:03 active=0 done=7
19:37:33 exited-incomplete: research-P5-2 size=0
19:37:33 exited-incomplete: research-P2-1 size=9123
19:37:33 exited-incomplete: research-P2-2 size=7688
19:37:33 exited-incomplete: research-P3-3 size=0
19:37:33 exited-incomplete: research-P1-2 size=0
19:37:33 exited-incomplete: research-P3-2 size=0
19:37:33 exited-incomplete: research-P3-1 size=0
19:37:33 exited-incomplete: research-P1-3 size=0
19:37:33 launched research-P5-1 pid 3402514
19:37:33 launched research-P1-1 pid 3402515
19:37:33 launched research-P2-3 pid 3402519
19:37:33 launched research-P4-1 pid 3402521
19:37:33 launched research-P4-2 pid 3402523
19:37:33 launched research-P4-3 pid 3402527
19:37:33 launched research-P5-3 pid 3402530
19:37:33 launched research-P5-2 pid 3402534
19:37:33 dispatched 8, remaining 7
19:37:33 active=0 done=7
19:38:03 exited-incomplete: research-P5-1 size=0
19:38:03 exited-incomplete: research-P1-1 size=0
19:38:03 exited-incomplete: research-P2-3 size=6674
19:38:03 exited-incomplete: research-P4-1 size=3862
19:38:03 exited-incomplete: research-P4-2 size=0
19:38:03 exited-incomplete: research-P4-3 size=0
19:38:03 exited-incomplete: research-P5-3 size=0
19:38:03 exited-incomplete: research-P5-2 size=0
19:38:03 launched research-P2-1 pid 3403671
19:38:03 launched research-P2-2 pid 3403673
19:38:03 launched research-P3-3 pid 3403676
19:38:03 launched research-P1-2 pid 3403679
19:38:03 launched research-P3-2 pid 3403682
19:38:03 launched research-P3-1 pid 3403685
19:38:03 launched research-P1-3 pid 3403688
19:38:03 launched research-P5-1 pid 3403690
19:38:03 dispatched 8, remaining 7
19:38:03 active=0 done=7
19:38:33 exited-incomplete: research-P2-1 size=9123
19:38:33 exited-incomplete: research-P2-2 size=7688
19:38:33 exited-incomplete: research-P3-3 size=0
19:38:33 exited-incomplete: research-P1-2 size=0
19:38:33 exited-incomplete: research-P3-2 size=0
19:38:33 exited-incomplete: research-P3-1 size=0
19:38:33 exited-incomplete: research-P1-3 size=0
19:38:33 exited-incomplete: research-P5-1 size=0
19:38:33 launched research-P1-1 pid 3404853
19:38:33 launched research-P2-3 pid 3404855
19:38:33 launched research-P4-1 pid 3404858
19:38:33 launched research-P4-2 pid 3404860
19:38:33 launched research-P4-3 pid 3404863
19:38:33 launched research-P5-3 pid 3404867
19:38:33 launched research-P5-2 pid 3404870
19:38:33 launched research-P2-1 pid 3404876
19:38:33 dispatched 8, remaining 7
19:38:33 active=0 done=7
19:39:03 exited-incomplete: research-P1-1 size=0
19:39:03 exited-incomplete: research-P2-3 size=6674
19:39:03 exited-incomplete: research-P4-1 size=3862
19:39:03 exited-incomplete: research-P4-2 size=0
19:39:03 exited-incomplete: research-P4-3 size=0
19:39:03 exited-incomplete: research-P5-3 size=0
19:39:03 exited-incomplete: research-P5-2 size=0
19:39:03 exited-incomplete: research-P2-1 size=9123
19:39:03 launched research-P2-2 pid 3406009
19:39:03 launched research-P3-3 pid 3406010
19:39:03 launched research-P1-2 pid 3406013
19:39:03 launched research-P3-2 pid 3406015
19:39:03 launched research-P3-1 pid 3406020
19:39:03 launched research-P1-3 pid 3406023
19:39:03 launched research-P5-1 pid 3406026
19:39:03 launched research-P1-1 pid 3406030
19:39:03 dispatched 8, remaining 7
19:39:03 active=0 done=7
19:39:33 exited-incomplete: research-P2-2 size=7688
19:39:33 exited-incomplete: research-P3-3 size=0
19:39:33 exited-incomplete: research-P1-2 size=0
19:39:33 exited-incomplete: research-P3-2 size=0
19:39:33 exited-incomplete: research-P3-1 size=0
19:39:33 exited-incomplete: research-P1-3 size=0
19:39:33 exited-incomplete: research-P5-1 size=0
19:39:33 exited-incomplete: research-P1-1 size=0
19:39:33 launched research-P2-3 pid 3407169
19:39:33 launched research-P4-1 pid 3407170
19:39:33 launched research-P4-2 pid 3407172
19:39:33 launched research-P4-3 pid 3407176
19:39:33 launched research-P5-3 pid 3407178
19:39:33 launched research-P5-2 pid 3407181
19:39:33 launched research-P2-1 pid 3407186
19:39:33 launched research-P2-2 pid 3407189
19:39:33 dispatched 8, remaining 7
19:39:33 active=0 done=7
19:40:03 exited-incomplete: research-P2-3 size=6674
19:40:03 exited-incomplete: research-P4-1 size=3862
19:40:03 exited-incomplete: research-P4-2 size=0
19:40:03 exited-incomplete: research-P4-3 size=0
19:40:03 exited-incomplete: research-P5-3 size=0
19:40:03 exited-incomplete: research-P5-2 size=0
19:40:03 exited-incomplete: research-P2-1 size=9123
19:40:04 exited-incomplete: research-P2-2 size=7688
19:40:04 launched research-P3-3 pid 3408351
19:40:04 launched research-P1-2 pid 3408352
19:40:04 launched research-P3-2 pid 3408354
19:40:04 launched research-P3-1 pid 3408359
19:40:04 launched research-P1-3 pid 3408362
19:40:04 launched research-P5-1 pid 3408365
19:40:04 launched research-P1-1 pid 3408368
19:40:04 launched research-P2-3 pid 3408376
19:40:04 dispatched 8, remaining 7
19:40:04 active=0 done=7
19:40:34 exited-incomplete: research-P3-3 size=0
19:40:34 exited-incomplete: research-P1-2 size=0
19:40:34 exited-incomplete: research-P3-2 size=0
19:40:34 exited-incomplete: research-P3-1 size=0
19:40:34 exited-incomplete: research-P1-3 size=0
19:40:34 exited-incomplete: research-P5-1 size=0
19:40:34 exited-incomplete: research-P1-1 size=0
19:40:34 exited-incomplete: research-P2-3 size=6674
19:40:34 launched research-P4-1 pid 3409523
19:40:34 launched research-P4-2 pid 3409524
19:40:34 launched research-P4-3 pid 3409526
19:40:34 launched research-P5-3 pid 3409531
19:40:34 launched research-P5-2 pid 3409534
19:40:34 launched research-P2-1 pid 3409537
19:40:34 launched research-P2-2 pid 3409540
19:40:34 launched research-P3-3 pid 3409547
19:40:34 dispatched 8, remaining 7
19:40:34 active=0 done=7
19:41:04 exited-incomplete: research-P4-1 size=3862
19:41:04 exited-incomplete: research-P4-2 size=0
19:41:04 exited-incomplete: research-P4-3 size=0
19:41:04 exited-incomplete: research-P5-3 size=0
19:41:04 exited-incomplete: research-P5-2 size=0
19:41:04 exited-incomplete: research-P2-1 size=9123
19:41:04 exited-incomplete: research-P2-2 size=7688
19:41:04 exited-incomplete: research-P3-3 size=0
19:41:04 launched research-P1-2 pid 3410681
19:41:04 launched research-P3-2 pid 3410682
19:41:04 launched research-P3-1 pid 3410684
19:41:04 launched research-P1-3 pid 3410687
19:41:04 launched research-P5-1 pid 3410692
19:41:04 launched research-P1-1 pid 3410695
19:41:04 launched research-P2-3 pid 3410699
19:41:04 launched research-P4-1 pid 3410703
19:41:04 dispatched 8, remaining 7
19:41:04 active=0 done=7
19:41:34 exited-incomplete: research-P1-2 size=0
19:41:34 exited-incomplete: research-P3-2 size=0
19:41:34 exited-incomplete: research-P3-1 size=0
19:41:34 exited-incomplete: research-P1-3 size=0
19:41:34 exited-incomplete: research-P5-1 size=0
19:41:34 exited-incomplete: research-P1-1 size=0
19:41:34 exited-incomplete: research-P2-3 size=6674
19:41:34 exited-incomplete: research-P4-1 size=3862
19:41:34 launched research-P4-2 pid 3411841
19:41:34 launched research-P4-3 pid 3411842
19:41:34 launched research-P5-3 pid 3411844
19:41:34 launched research-P5-2 pid 3411849
19:41:34 launched research-P2-1 pid 3411852
19:41:34 launched research-P2-2 pid 3411855
19:41:34 launched research-P3-3 pid 3411858
19:41:34 launched research-P1-2 pid 3411865
19:41:34 dispatched 8, remaining 7
19:41:34 active=0 done=7
19:42:04 exited-incomplete: research-P4-2 size=0
19:42:04 exited-incomplete: research-P4-3 size=0
19:42:04 exited-incomplete: research-P5-3 size=0
19:42:04 exited-incomplete: research-P5-2 size=0
19:42:04 exited-incomplete: research-P2-1 size=9123
19:42:04 exited-incomplete: research-P2-2 size=7688
19:42:04 exited-incomplete: research-P3-3 size=0
19:42:04 exited-incomplete: research-P1-2 size=0
19:42:04 launched research-P3-2 pid 3413007
19:42:04 launched research-P3-1 pid 3413008
19:42:04 launched research-P1-3 pid 3413010
19:42:04 launched research-P5-1 pid 3413015
19:42:04 launched research-P1-1 pid 3413018
19:42:04 launched research-P2-3 pid 3413021
19:42:04 launched research-P4-1 pid 3413029
19:42:04 launched research-P4-2 pid 3413035
19:42:04 dispatched 8, remaining 7
19:42:04 active=0 done=7
19:42:34 exited-incomplete: research-P3-2 size=0
19:42:34 exited-incomplete: research-P3-1 size=0
19:42:34 exited-incomplete: research-P1-3 size=0
19:42:34 exited-incomplete: research-P5-1 size=0
19:42:34 exited-incomplete: research-P1-1 size=0
19:42:34 exited-incomplete: research-P2-3 size=6674
19:42:34 exited-incomplete: research-P4-1 size=3862
19:42:34 exited-incomplete: research-P4-2 size=0
19:42:34 launched research-P4-3 pid 3414132
19:42:34 launched research-P5-3 pid 3414133
19:42:34 launched research-P5-2 pid 3414135
19:42:34 launched research-P2-1 pid 3414140
19:42:34 launched research-P2-2 pid 3414143
19:42:34 launched research-P3-3 pid 3414145
19:42:34 launched research-P1-2 pid 3414149
19:42:34 launched research-P3-2 pid 3414152
19:42:34 dispatched 8, remaining 7
19:42:34 active=0 done=7
19:43:04 exited-incomplete: research-P4-3 size=0
19:43:04 exited-incomplete: research-P5-3 size=0
19:43:04 exited-incomplete: research-P5-2 size=0
19:43:04 exited-incomplete: research-P2-1 size=9123
19:43:04 exited-incomplete: research-P2-2 size=7688
19:43:04 exited-incomplete: research-P3-3 size=0
19:43:04 exited-incomplete: research-P1-2 size=0
19:43:04 exited-incomplete: research-P3-2 size=0
19:43:04 launched research-P3-1 pid 3415291
19:43:04 launched research-P1-3 pid 3415292
19:43:04 launched research-P5-1 pid 3415294
19:43:04 launched research-P1-1 pid 3415299
19:43:04 launched research-P2-3 pid 3415302
19:43:04 launched research-P4-1 pid 3415305
19:43:04 launched research-P4-2 pid 3415308
19:43:04 launched research-P4-3 pid 3415310
19:43:04 dispatched 8, remaining 7
19:43:04 active=0 done=7
19:43:34 exited-incomplete: research-P3-1 size=0
19:43:34 exited-incomplete: research-P1-3 size=0
19:43:34 exited-incomplete: research-P5-1 size=0
19:43:34 exited-incomplete: research-P1-1 size=0
19:43:34 exited-incomplete: research-P2-3 size=6674
19:43:34 exited-incomplete: research-P4-1 size=3862
19:43:34 exited-incomplete: research-P4-2 size=0
19:43:34 exited-incomplete: research-P4-3 size=0
19:43:34 launched research-P5-3 pid 3416444
19:43:34 launched research-P5-2 pid 3416445
19:43:34 launched research-P2-1 pid 3416448
19:43:34 launched research-P2-2 pid 3416452
19:43:34 launched research-P3-3 pid 3416455
19:43:34 launched research-P1-2 pid 3416458
19:43:34 launched research-P3-2 pid 3416461
19:43:34 launched research-P3-1 pid 3416465
19:43:34 dispatched 8, remaining 7
19:43:34 active=0 done=7
19:44:04 exited-incomplete: research-P5-3 size=0
19:44:04 exited-incomplete: research-P5-2 size=0
19:44:04 exited-incomplete: research-P2-1 size=9123
19:44:04 exited-incomplete: research-P2-2 size=7688
19:44:04 exited-incomplete: research-P3-3 size=0
19:44:04 exited-incomplete: research-P1-2 size=0
19:44:04 exited-incomplete: research-P3-2 size=0
19:44:04 exited-incomplete: research-P3-1 size=0
19:44:04 launched research-P1-3 pid 3417621
19:44:04 launched research-P5-1 pid 3417622
19:44:04 launched research-P1-1 pid 3417624
19:44:04 launched research-P2-3 pid 3417629
19:44:04 launched research-P4-1 pid 3417632
19:44:04 launched research-P4-2 pid 3417633
19:44:04 launched research-P4-3 pid 3417638
19:44:04 launched research-P5-3 pid 3417642
19:44:04 dispatched 8, remaining 7
19:44:04 active=0 done=7
19:44:34 exited-incomplete: research-P1-3 size=0
19:44:34 exited-incomplete: research-P5-1 size=0
19:44:34 exited-incomplete: research-P1-1 size=0
19:44:34 exited-incomplete: research-P2-3 size=6674
19:44:34 exited-incomplete: research-P4-1 size=3862
19:44:34 exited-incomplete: research-P4-2 size=0
19:44:34 exited-incomplete: research-P4-3 size=0
19:44:34 exited-incomplete: research-P5-3 size=0
19:44:34 launched research-P5-2 pid 3418783
19:44:34 launched research-P2-1 pid 3418785
19:44:34 launched research-P2-2 pid 3418788
19:44:34 launched research-P3-3 pid 3418791
19:44:34 launched research-P1-2 pid 3418794
19:44:34 launched research-P3-2 pid 3418797
19:44:34 launched research-P3-1 pid 3418800
19:44:34 launched research-P1-3 pid 3418805
19:44:34 dispatched 8, remaining 7
19:44:34 active=0 done=7
19:45:04 exited-incomplete: research-P5-2 size=0
19:45:04 exited-incomplete: research-P2-1 size=9123
19:45:04 exited-incomplete: research-P2-2 size=7688
19:45:04 exited-incomplete: research-P3-3 size=0
19:45:04 exited-incomplete: research-P1-2 size=0
19:45:04 exited-incomplete: research-P3-2 size=0
19:45:04 exited-incomplete: research-P3-1 size=0
19:45:04 exited-incomplete: research-P1-3 size=0
19:45:04 launched research-P5-1 pid 3419947
19:45:04 launched research-P1-1 pid 3419948
19:45:04 launched research-P2-3 pid 3419953
19:45:04 launched research-P4-1 pid 3419955
19:45:04 launched research-P4-2 pid 3419958
19:45:04 launched research-P4-3 pid 3419961
19:45:04 launched research-P5-3 pid 3419966
19:45:04 launched research-P5-2 pid 3419972
19:45:04 dispatched 8, remaining 7
19:45:04 active=0 done=7
19:45:34 exited-incomplete: research-P5-1 size=0
19:45:34 exited-incomplete: research-P1-1 size=0
19:45:34 exited-incomplete: research-P2-3 size=6674
19:45:34 exited-incomplete: research-P4-1 size=3862
19:45:34 exited-incomplete: research-P4-2 size=0
19:45:34 exited-incomplete: research-P4-3 size=0
19:45:34 exited-incomplete: research-P5-3 size=0
19:45:34 exited-incomplete: research-P5-2 size=0
19:45:34 launched research-P2-1 pid 3421088
19:45:34 launched research-P2-2 pid 3421090
19:45:34 launched research-P3-3 pid 3421093
19:45:34 launched research-P1-2 pid 3421096
19:45:34 launched research-P3-2 pid 3421099
19:45:34 launched research-P3-1 pid 3421102
19:45:34 launched research-P1-3 pid 3421106
19:45:34 launched research-P5-1 pid 3421112
19:45:34 dispatched 8, remaining 7
19:45:34 active=0 done=7
19:46:04 exited-incomplete: research-P2-1 size=9123
19:46:04 exited-incomplete: research-P2-2 size=7688
19:46:04 exited-incomplete: research-P3-3 size=0
19:46:04 exited-incomplete: research-P1-2 size=0
19:46:04 exited-incomplete: research-P3-2 size=0
19:46:04 exited-incomplete: research-P3-1 size=0
19:46:04 exited-incomplete: research-P1-3 size=0
19:46:04 exited-incomplete: research-P5-1 size=0
19:46:04 launched research-P1-1 pid 3422290
19:46:04 launched research-P2-3 pid 3422292
19:46:04 launched research-P4-1 pid 3422295
19:46:04 launched research-P4-2 pid 3422296
19:46:04 launched research-P4-3 pid 3422301
19:46:04 launched research-P5-3 pid 3422304
19:46:04 launched research-P5-2 pid 3422307
19:46:04 launched research-P2-1 pid 3422310
19:46:04 dispatched 8, remaining 7
19:46:04 active=0 done=7
19:46:34 exited-incomplete: research-P1-1 size=0
19:46:34 exited-incomplete: research-P2-3 size=6674
19:46:34 exited-incomplete: research-P4-1 size=3862
19:46:34 exited-incomplete: research-P4-2 size=0
19:46:34 exited-incomplete: research-P4-3 size=0
19:46:34 exited-incomplete: research-P5-3 size=0
19:46:34 exited-incomplete: research-P5-2 size=0
19:46:34 exited-incomplete: research-P2-1 size=9123
19:46:34 launched research-P2-2 pid 3423465
19:46:34 launched research-P3-3 pid 3423466
19:46:34 launched research-P1-2 pid 3423468
19:46:34 launched research-P3-2 pid 3423473
19:46:34 launched research-P3-1 pid 3423476
19:46:34 launched research-P1-3 pid 3423479
19:46:34 launched research-P5-1 pid 3423482
19:46:34 launched research-P1-1 pid 3423484
19:46:34 dispatched 8, remaining 7
19:46:34 active=0 done=7
19:47:04 exited-incomplete: research-P2-2 size=7688
19:47:04 exited-incomplete: research-P3-3 size=0
19:47:04 exited-incomplete: research-P1-2 size=0
19:47:04 exited-incomplete: research-P3-2 size=0
19:47:04 exited-incomplete: research-P3-1 size=0
19:47:04 exited-incomplete: research-P1-3 size=0
19:47:04 exited-incomplete: research-P5-1 size=0
19:47:04 exited-incomplete: research-P1-1 size=0
19:47:04 launched research-P2-3 pid 3424620
19:47:04 launched research-P4-1 pid 3424621
19:47:04 launched research-P4-2 pid 3424623
19:47:04 launched research-P4-3 pid 3424626
19:47:04 launched research-P5-3 pid 3424629
19:47:04 launched research-P5-2 pid 3424634
19:47:04 launched research-P2-1 pid 3424638
19:47:04 launched research-P2-2 pid 3424645
19:47:04 dispatched 8, remaining 7
19:47:04 active=0 done=7
19:47:34 exited-incomplete: research-P2-3 size=6674
19:47:34 exited-incomplete: research-P4-1 size=3862
19:47:34 exited-incomplete: research-P4-2 size=0
19:47:34 exited-incomplete: research-P4-3 size=0
19:47:34 exited-incomplete: research-P5-3 size=0
19:47:34 exited-incomplete: research-P5-2 size=0
19:47:34 exited-incomplete: research-P2-1 size=9123
19:47:34 exited-incomplete: research-P2-2 size=7688
19:47:34 launched research-P3-3 pid 3425781
19:47:34 launched research-P1-2 pid 3425782
19:47:34 launched research-P3-2 pid 3425784
19:47:34 launched research-P3-1 pid 3425787
19:47:34 launched research-P1-3 pid 3425790
19:47:34 launched research-P5-1 pid 3425793
19:47:34 launched research-P1-1 pid 3425798
19:47:34 launched research-P2-3 pid 3425801
19:47:34 dispatched 8, remaining 7
19:47:34 active=0 done=7
19:48:04 exited-incomplete: research-P3-3 size=0
19:48:04 exited-incomplete: research-P1-2 size=0
19:48:04 exited-incomplete: research-P3-2 size=0
19:48:04 exited-incomplete: research-P3-1 size=0
19:48:04 exited-incomplete: research-P1-3 size=0
19:48:04 exited-incomplete: research-P5-1 size=0
19:48:04 exited-incomplete: research-P1-1 size=0
19:48:04 exited-incomplete: research-P2-3 size=6674
19:48:04 launched research-P4-1 pid 3426918
19:48:04 launched research-P4-2 pid 3426920
19:48:04 launched research-P4-3 pid 3426922
19:48:04 launched research-P5-3 pid 3426925
19:48:04 launched research-P5-2 pid 3426929
19:48:04 launched research-P2-1 pid 3426932
19:48:04 launched research-P2-2 pid 3426935
19:48:04 launched research-P3-3 pid 3426943
19:48:04 dispatched 8, remaining 7
19:48:04 active=0 done=7
19:48:34 exited-incomplete: research-P4-1 size=3862
19:48:34 exited-incomplete: research-P4-2 size=0
19:48:34 exited-incomplete: research-P4-3 size=0
19:48:34 exited-incomplete: research-P5-3 size=0
19:48:34 exited-incomplete: research-P5-2 size=0
19:48:34 exited-incomplete: research-P2-1 size=9123
19:48:34 exited-incomplete: research-P2-2 size=7688
19:48:34 exited-incomplete: research-P3-3 size=0
19:48:34 launched research-P1-2 pid 3428082
19:48:34 launched research-P3-2 pid 3428083
19:48:34 launched research-P3-1 pid 3428085
19:48:34 launched research-P1-3 pid 3428089
19:48:34 launched research-P5-1 pid 3428093
19:48:34 launched research-P1-1 pid 3428096
19:48:34 launched research-P2-3 pid 3428099
19:48:34 launched research-P4-1 pid 3428101
19:48:34 dispatched 8, remaining 7
19:48:34 active=0 done=7
19:49:04 exited-incomplete: research-P1-2 size=0
19:49:04 exited-incomplete: research-P3-2 size=0
19:49:04 exited-incomplete: research-P3-1 size=0
19:49:04 exited-incomplete: research-P1-3 size=0
19:49:04 exited-incomplete: research-P5-1 size=0
19:49:04 exited-incomplete: research-P1-1 size=0
19:49:04 exited-incomplete: research-P2-3 size=6674
19:49:04 exited-incomplete: research-P4-1 size=3862
19:49:04 launched research-P4-2 pid 3429228
19:49:04 launched research-P4-3 pid 3429229
19:49:04 launched research-P5-3 pid 3429231
19:49:04 launched research-P5-2 pid 3429234
19:49:04 launched research-P2-1 pid 3429239
19:49:04 launched research-P2-2 pid 3429242
19:49:04 launched research-P3-3 pid 3429245
19:49:04 launched research-P1-2 pid 3429248
19:49:04 dispatched 8, remaining 7
19:49:04 active=0 done=7
19:49:34 exited-incomplete: research-P4-2 size=0
19:49:34 exited-incomplete: research-P4-3 size=0
19:49:34 exited-incomplete: research-P5-3 size=0
19:49:34 exited-incomplete: research-P5-2 size=0
19:49:34 exited-incomplete: research-P2-1 size=9123
19:49:34 exited-incomplete: research-P2-2 size=7688
19:49:34 exited-incomplete: research-P3-3 size=0
19:49:34 exited-incomplete: research-P1-2 size=0
19:49:34 launched research-P3-2 pid 3430386
19:49:34 launched research-P3-1 pid 3430387
19:49:34 launched research-P1-3 pid 3430389
19:49:34 launched research-P5-1 pid 3430394
19:49:34 launched research-P1-1 pid 3430397
19:49:34 launched research-P2-3 pid 3430400
19:49:34 launched research-P4-1 pid 3430403
19:49:34 launched research-P4-2 pid 3430408
19:49:34 dispatched 8, remaining 7
19:49:34 active=0 done=7
19:50:04 exited-incomplete: research-P3-2 size=0
19:50:04 exited-incomplete: research-P3-1 size=0
19:50:04 exited-incomplete: research-P1-3 size=0
19:50:04 exited-incomplete: research-P5-1 size=0
19:50:04 exited-incomplete: research-P1-1 size=0
19:50:04 exited-incomplete: research-P2-3 size=6674
19:50:04 exited-incomplete: research-P4-1 size=3862
19:50:04 exited-incomplete: research-P4-2 size=0
19:50:04 launched research-P4-3 pid 3431530
19:50:04 launched research-P5-3 pid 3431531
19:50:04 launched research-P5-2 pid 3431533
19:50:04 launched research-P2-1 pid 3431538
19:50:04 launched research-P2-2 pid 3431541
19:50:04 launched research-P3-3 pid 3431544
19:50:04 launched research-P1-2 pid 3431547
19:50:04 launched research-P3-2 pid 3431550
19:50:04 dispatched 8, remaining 7
19:50:04 active=0 done=7
19:50:34 exited-incomplete: research-P4-3 size=0
19:50:34 exited-incomplete: research-P5-3 size=0
19:50:34 exited-incomplete: research-P5-2 size=0
19:50:34 exited-incomplete: research-P2-1 size=9123
19:50:34 exited-incomplete: research-P2-2 size=7688
19:50:34 exited-incomplete: research-P3-3 size=0
19:50:34 exited-incomplete: research-P1-2 size=0
19:50:34 exited-incomplete: research-P3-2 size=0
19:50:34 launched research-P3-1 pid 3432699
19:50:34 launched research-P1-3 pid 3432700
19:50:34 launched research-P5-1 pid 3432704
19:50:34 launched research-P1-1 pid 3432707
19:50:34 launched research-P2-3 pid 3432711
19:50:34 launched research-P4-1 pid 3432713
19:50:34 launched research-P4-2 pid 3432718
19:50:34 launched research-P4-3 pid 3432724
19:50:34 dispatched 8, remaining 7
19:50:34 active=0 done=7
19:51:04 exited-incomplete: research-P3-1 size=0
19:51:04 exited-incomplete: research-P1-3 size=0
19:51:04 exited-incomplete: research-P5-1 size=0
19:51:04 exited-incomplete: research-P1-1 size=0
19:51:04 exited-incomplete: research-P2-3 size=6674
19:51:04 exited-incomplete: research-P4-1 size=3862
19:51:04 exited-incomplete: research-P4-2 size=0
19:51:04 exited-incomplete: research-P4-3 size=0
19:51:04 launched research-P5-3 pid 3433876
19:51:04 launched research-P5-2 pid 3433877
19:51:04 launched research-P2-1 pid 3433881
19:51:04 launched research-P2-2 pid 3433884
19:51:04 launched research-P3-3 pid 3433886
19:51:04 launched research-P1-2 pid 3433890
19:51:04 launched research-P3-2 pid 3433893
19:51:04 launched research-P3-1 pid 3433900
19:51:04 dispatched 8, remaining 7
19:51:04 active=0 done=7
19:51:34 exited-incomplete: research-P5-3 size=0
19:51:34 exited-incomplete: research-P5-2 size=0
19:51:34 exited-incomplete: research-P2-1 size=9123
19:51:34 exited-incomplete: research-P2-2 size=7688
19:51:34 exited-incomplete: research-P3-3 size=0
19:51:34 exited-incomplete: research-P1-2 size=0
19:51:34 exited-incomplete: research-P3-2 size=0
19:51:34 exited-incomplete: research-P3-1 size=0
19:51:34 launched research-P1-3 pid 3435028
19:51:34 launched research-P5-1 pid 3435029
19:51:34 launched research-P1-1 pid 3435031
19:51:34 launched research-P2-3 pid 3435036
19:51:34 launched research-P4-1 pid 3435039
19:51:34 launched research-P4-2 pid 3435040
19:51:34 launched research-P4-3 pid 3435045
19:51:34 launched research-P5-3 pid 3435049
19:51:34 dispatched 8, remaining 7
19:51:34 active=0 done=7
19:52:04 exited-incomplete: research-P1-3 size=0
19:52:04 exited-incomplete: research-P5-1 size=0
19:52:04 exited-incomplete: research-P1-1 size=0
19:52:04 exited-incomplete: research-P2-3 size=6674
19:52:04 exited-incomplete: research-P4-1 size=3862
19:52:04 exited-incomplete: research-P4-2 size=0
19:52:04 exited-incomplete: research-P4-3 size=0
19:52:04 exited-incomplete: research-P5-3 size=0
19:52:04 launched research-P5-2 pid 3436167
19:52:04 launched research-P2-1 pid 3436169
19:52:04 launched research-P2-2 pid 3436172
19:52:04 launched research-P3-3 pid 3436174
19:52:04 launched research-P1-2 pid 3436176
19:52:04 launched research-P3-2 pid 3436181
19:52:04 launched research-P3-1 pid 3436184
19:52:04 launched research-P1-3 pid 3436187
19:52:04 dispatched 8, remaining 7
19:52:04 active=0 done=7
19:52:34 exited-incomplete: research-P5-2 size=0
19:52:34 exited-incomplete: research-P2-1 size=9123
19:52:34 exited-incomplete: research-P2-2 size=7688
19:52:34 exited-incomplete: research-P3-3 size=0
19:52:34 exited-incomplete: research-P1-2 size=0
19:52:34 exited-incomplete: research-P3-2 size=0
19:52:34 exited-incomplete: research-P3-1 size=0
19:52:34 exited-incomplete: research-P1-3 size=0
19:52:34 launched research-P5-1 pid 3437334
19:52:34 launched research-P1-1 pid 3437335
19:52:34 launched research-P2-3 pid 3437339
19:52:34 launched research-P4-1 pid 3437342
19:52:34 launched research-P4-2 pid 3437343
19:52:34 launched research-P4-3 pid 3437348
19:52:34 launched research-P5-3 pid 3437351
19:52:34 launched research-P5-2 pid 3437355
19:52:34 dispatched 8, remaining 7
19:52:34 active=0 done=7
19:53:04 exited-incomplete: research-P5-1 size=0
19:53:04 exited-incomplete: research-P1-1 size=0
19:53:04 exited-incomplete: research-P2-3 size=6674
19:53:04 exited-incomplete: research-P4-1 size=3862
19:53:04 exited-incomplete: research-P4-2 size=0
19:53:04 exited-incomplete: research-P4-3 size=0
19:53:04 exited-incomplete: research-P5-3 size=0
19:53:04 exited-incomplete: research-P5-2 size=0
19:53:04 launched research-P2-1 pid 3438476
19:53:04 launched research-P2-2 pid 3438478
19:53:04 launched research-P3-3 pid 3438481
19:53:04 launched research-P1-2 pid 3438484
19:53:04 launched research-P3-2 pid 3438487
19:53:04 launched research-P3-1 pid 3438490
19:53:04 launched research-P1-3 pid 3438496
19:53:04 launched research-P5-1 pid 3438502
19:53:04 dispatched 8, remaining 7
19:53:04 active=0 done=7
19:53:34 exited-incomplete: research-P2-1 size=9123
19:53:34 exited-incomplete: research-P2-2 size=7688
19:53:34 exited-incomplete: research-P3-3 size=0
19:53:34 exited-incomplete: research-P1-2 size=0
19:53:34 exited-incomplete: research-P3-2 size=0
19:53:34 exited-incomplete: research-P3-1 size=0
19:53:34 exited-incomplete: research-P1-3 size=0
19:53:34 exited-incomplete: research-P5-1 size=0
19:53:34 launched research-P1-1 pid 3439649
19:53:34 launched research-P2-3 pid 3439651
19:53:34 launched research-P4-1 pid 3439654
19:53:34 launched research-P4-2 pid 3439655
19:53:34 launched research-P4-3 pid 3439660
19:53:34 launched research-P5-3 pid 3439663
19:53:34 launched research-P5-2 pid 3439666
19:53:34 launched research-P2-1 pid 3439673
19:53:34 dispatched 8, remaining 7
19:53:34 active=0 done=7
19:54:04 exited-incomplete: research-P1-1 size=0
19:54:04 exited-incomplete: research-P2-3 size=6674
19:54:04 exited-incomplete: research-P4-1 size=3862
19:54:04 exited-incomplete: research-P4-2 size=0
19:54:04 exited-incomplete: research-P4-3 size=0
19:54:04 exited-incomplete: research-P5-3 size=0
19:54:04 exited-incomplete: research-P5-2 size=0
19:54:04 exited-incomplete: research-P2-1 size=9123
19:54:04 launched research-P2-2 pid 3440798
19:54:04 launched research-P3-3 pid 3440799
19:54:04 launched research-P1-2 pid 3440801
19:54:04 launched research-P3-2 pid 3440804
19:54:04 launched research-P3-1 pid 3440809
19:54:04 launched research-P1-3 pid 3440812
19:54:04 launched research-P5-1 pid 3440814
19:54:04 launched research-P1-1 pid 3440818
19:54:04 dispatched 8, remaining 7
19:54:04 active=0 done=7
19:54:34 exited-incomplete: research-P2-2 size=7688
19:54:34 exited-incomplete: research-P3-3 size=0
19:54:34 exited-incomplete: research-P1-2 size=0
19:54:34 exited-incomplete: research-P3-2 size=0
19:54:34 exited-incomplete: research-P3-1 size=0
19:54:34 exited-incomplete: research-P1-3 size=0
19:54:34 exited-incomplete: research-P5-1 size=0
19:54:34 exited-incomplete: research-P1-1 size=0
19:54:34 launched research-P2-3 pid 3441947
19:54:34 launched research-P4-1 pid 3441948
19:54:34 launched research-P4-2 pid 3441950
19:54:34 launched research-P4-3 pid 3441955
19:54:34 launched research-P5-3 pid 3441958
19:54:34 launched research-P5-2 pid 3441959
19:54:34 launched research-P2-1 pid 3441964
19:54:34 launched research-P2-2 pid 3441967
19:54:34 dispatched 8, remaining 7
19:54:34 active=0 done=7
19:55:04 exited-incomplete: research-P2-3 size=6674
19:55:04 exited-incomplete: research-P4-1 size=3862
19:55:04 exited-incomplete: research-P4-2 size=0
19:55:04 exited-incomplete: research-P4-3 size=0
19:55:04 exited-incomplete: research-P5-3 size=0
19:55:04 exited-incomplete: research-P5-2 size=0
19:55:04 exited-incomplete: research-P2-1 size=9123
19:55:04 exited-incomplete: research-P2-2 size=7688
19:55:04 launched research-P3-3 pid 3443097
19:55:04 launched research-P1-2 pid 3443098
19:55:04 launched research-P3-2 pid 3443102
19:55:04 launched research-P3-1 pid 3443105
19:55:04 launched research-P1-3 pid 3443108
19:55:04 launched research-P5-1 pid 3443111
19:55:04 launched research-P1-1 pid 3443114
19:55:04 launched research-P2-3 pid 3443120
19:55:04 dispatched 8, remaining 7
19:55:04 active=0 done=7
19:55:34 exited-incomplete: research-P3-3 size=0
19:55:34 exited-incomplete: research-P1-2 size=0
19:55:34 exited-incomplete: research-P3-2 size=0
19:55:34 exited-incomplete: research-P3-1 size=0
19:55:34 exited-incomplete: research-P1-3 size=0
19:55:34 exited-incomplete: research-P5-1 size=0
19:55:34 exited-incomplete: research-P1-1 size=0
19:55:34 exited-incomplete: research-P2-3 size=6674
19:55:34 launched research-P4-1 pid 3444283
19:55:34 launched research-P4-2 pid 3444284
19:55:34 launched research-P4-3 pid 3444286
19:55:34 launched research-P5-3 pid 3444289
19:55:34 launched research-P5-2 pid 3444292
19:55:34 launched research-P2-1 pid 3444297
19:55:34 launched research-P2-2 pid 3444300
19:55:34 launched research-P3-3 pid 3444303
19:55:34 dispatched 8, remaining 7
19:55:34 active=0 done=7
19:56:04 exited-incomplete: research-P4-1 size=3862
19:56:04 exited-incomplete: research-P4-2 size=0
19:56:04 exited-incomplete: research-P4-3 size=0
19:56:04 exited-incomplete: research-P5-3 size=0
19:56:04 exited-incomplete: research-P5-2 size=0
19:56:04 exited-incomplete: research-P2-1 size=9123
19:56:04 exited-incomplete: research-P2-2 size=7688
19:56:04 exited-incomplete: research-P3-3 size=0
19:56:04 launched research-P1-2 pid 3445426
19:56:04 launched research-P3-2 pid 3445427
19:56:04 launched research-P3-1 pid 3445430
19:56:04 launched research-P1-3 pid 3445434
19:56:04 launched research-P5-1 pid 3445436
19:56:04 launched research-P1-1 pid 3445440
19:56:05 launched research-P2-3 pid 3445443
19:56:05 launched research-P4-1 pid 3445448
19:56:05 dispatched 8, remaining 7
19:56:05 active=0 done=7
19:56:35 exited-incomplete: research-P1-2 size=0
19:56:35 exited-incomplete: research-P3-2 size=0
19:56:35 exited-incomplete: research-P3-1 size=0
19:56:35 exited-incomplete: research-P1-3 size=0
19:56:35 exited-incomplete: research-P5-1 size=0
19:56:35 exited-incomplete: research-P1-1 size=0
19:56:35 exited-incomplete: research-P2-3 size=6674
19:56:35 exited-incomplete: research-P4-1 size=3862
19:56:35 launched research-P4-2 pid 3446605
19:56:35 launched research-P4-3 pid 3446606
19:56:35 launched research-P5-3 pid 3446608
19:56:35 launched research-P5-2 pid 3446612
19:56:35 launched research-P2-1 pid 3446617
19:56:35 launched research-P2-2 pid 3446619
19:56:35 launched research-P3-3 pid 3446621
19:56:35 launched research-P1-2 pid 3446632
19:56:35 dispatched 8, remaining 7
19:56:35 active=0 done=7
19:57:05 exited-incomplete: research-P4-2 size=0
19:57:05 exited-incomplete: research-P4-3 size=0
19:57:05 exited-incomplete: research-P5-3 size=0
19:57:05 exited-incomplete: research-P5-2 size=0
19:57:05 exited-incomplete: research-P2-1 size=9123
19:57:05 exited-incomplete: research-P2-2 size=7688
19:57:05 exited-incomplete: research-P3-3 size=0
19:57:05 exited-incomplete: research-P1-2 size=0
19:57:05 launched research-P3-2 pid 3447760
19:57:05 launched research-P3-1 pid 3447761
19:57:05 launched research-P1-3 pid 3447764
19:57:05 launched research-P5-1 pid 3447766
19:57:05 launched research-P1-1 pid 3447771
19:57:05 launched research-P2-3 pid 3447774
19:57:05 launched research-P4-1 pid 3447776
19:57:05 launched research-P4-2 pid 3447779
19:57:05 dispatched 8, remaining 7
19:57:05 active=0 done=7
19:57:35 exited-incomplete: research-P3-2 size=0
19:57:35 exited-incomplete: research-P3-1 size=0
19:57:35 exited-incomplete: research-P1-3 size=0
19:57:35 exited-incomplete: research-P5-1 size=0
19:57:35 exited-incomplete: research-P1-1 size=0
19:57:35 exited-incomplete: research-P2-3 size=6674
19:57:35 exited-incomplete: research-P4-1 size=3862
19:57:35 exited-incomplete: research-P4-2 size=0
19:57:35 launched research-P4-3 pid 3448932
19:57:35 launched research-P5-3 pid 3448933
19:57:35 launched research-P5-2 pid 3448935
19:57:35 launched research-P2-1 pid 3448940
19:57:35 launched research-P2-2 pid 3448943
19:57:35 launched research-P3-3 pid 3448945
19:57:35 launched research-P1-2 pid 3448947
19:57:35 launched research-P3-2 pid 3448952
19:57:35 dispatched 8, remaining 7
19:57:35 active=0 done=7
19:58:05 exited-incomplete: research-P4-3 size=0
19:58:05 exited-incomplete: research-P5-3 size=0
19:58:05 exited-incomplete: research-P5-2 size=0
19:58:05 exited-incomplete: research-P2-1 size=9123
19:58:05 exited-incomplete: research-P2-2 size=7688
19:58:05 exited-incomplete: research-P3-3 size=0
19:58:05 exited-incomplete: research-P1-2 size=0
19:58:05 exited-incomplete: research-P3-2 size=0
19:58:05 launched research-P3-1 pid 3450085
19:58:05 launched research-P1-3 pid 3450086
19:58:05 launched research-P5-1 pid 3450089
19:58:05 launched research-P1-1 pid 3450091
19:58:05 launched research-P2-3 pid 3450096
19:58:05 launched research-P4-1 pid 3450099
19:58:05 launched research-P4-2 pid 3450102
19:58:05 launched research-P4-3 pid 3450104
19:58:05 dispatched 8, remaining 7
19:58:05 active=0 done=7
19:58:35 exited-incomplete: research-P3-1 size=0
19:58:35 exited-incomplete: research-P1-3 size=0
19:58:35 exited-incomplete: research-P5-1 size=0
19:58:35 exited-incomplete: research-P1-1 size=0
19:58:35 exited-incomplete: research-P2-3 size=6674
19:58:35 exited-incomplete: research-P4-1 size=3862
19:58:35 exited-incomplete: research-P4-2 size=0
19:58:35 exited-incomplete: research-P4-3 size=0
19:58:35 launched research-P5-3 pid 3451229
19:58:35 launched research-P5-2 pid 3451230
19:58:35 launched research-P2-1 pid 3451235
19:58:35 launched research-P2-2 pid 3451237
19:58:35 launched research-P3-3 pid 3451240
19:58:35 launched research-P1-2 pid 3451243
19:58:35 launched research-P3-2 pid 3451246
19:58:35 launched research-P3-1 pid 3451253
19:58:35 dispatched 8, remaining 7
19:58:35 active=0 done=7
19:59:05 exited-incomplete: research-P5-3 size=0
19:59:05 exited-incomplete: research-P5-2 size=0
19:59:05 exited-incomplete: research-P2-1 size=9123
19:59:05 exited-incomplete: research-P2-2 size=7688
19:59:05 exited-incomplete: research-P3-3 size=0
19:59:05 exited-incomplete: research-P1-2 size=0
19:59:05 exited-incomplete: research-P3-2 size=0
19:59:05 exited-incomplete: research-P3-1 size=0
19:59:05 launched research-P1-3 pid 3452402
19:59:05 launched research-P5-1 pid 3452403
19:59:05 launched research-P1-1 pid 3452405
19:59:05 launched research-P2-3 pid 3452410
19:59:05 launched research-P4-1 pid 3452413
19:59:05 launched research-P4-2 pid 3452415
19:59:05 launched research-P4-3 pid 3452419
19:59:05 launched research-P5-3 pid 3452422
19:59:05 dispatched 8, remaining 7
19:59:05 active=0 done=7
19:59:35 exited-incomplete: research-P1-3 size=0
19:59:35 exited-incomplete: research-P5-1 size=0
19:59:35 exited-incomplete: research-P1-1 size=0
19:59:35 exited-incomplete: research-P2-3 size=6674
19:59:35 exited-incomplete: research-P4-1 size=3862
19:59:35 exited-incomplete: research-P4-2 size=0
19:59:35 exited-incomplete: research-P4-3 size=0
19:59:35 exited-incomplete: research-P5-3 size=0
19:59:35 launched research-P5-2 pid 3453637
19:59:35 launched research-P2-1 pid 3453639
19:59:35 launched research-P2-2 pid 3453642
19:59:35 launched research-P3-3 pid 3453644
19:59:35 launched research-P1-2 pid 3453648
19:59:35 launched research-P3-2 pid 3453651
19:59:35 launched research-P3-1 pid 3453654
19:59:35 launched research-P1-3 pid 3453659
19:59:35 dispatched 8, remaining 7
19:59:35 active=0 done=7
20:00:05 exited-incomplete: research-P5-2 size=0
20:00:05 exited-incomplete: research-P2-1 size=9123
20:00:05 exited-incomplete: research-P2-2 size=7688
20:00:05 exited-incomplete: research-P3-3 size=0
20:00:05 exited-incomplete: research-P1-2 size=0
20:00:05 exited-incomplete: research-P3-2 size=0
20:00:05 exited-incomplete: research-P3-1 size=0
20:00:05 exited-incomplete: research-P1-3 size=0
20:00:05 launched research-P5-1 pid 3454801
20:00:05 launched research-P1-1 pid 3454802
20:00:05 launched research-P2-3 pid 3454806
20:00:05 launched research-P4-1 pid 3454809
20:00:05 launched research-P4-2 pid 3454811
20:00:05 launched research-P4-3 pid 3454813
20:00:05 launched research-P5-3 pid 3454818
20:00:05 launched research-P5-2 pid 3454821
20:00:05 dispatched 8, remaining 7
20:00:05 active=0 done=7
20:00:35 exited-incomplete: research-P5-1 size=0
20:00:35 exited-incomplete: research-P1-1 size=0
20:00:35 exited-incomplete: research-P2-3 size=6674
20:00:35 exited-incomplete: research-P4-1 size=3862
20:00:35 exited-incomplete: research-P4-2 size=0
20:00:35 exited-incomplete: research-P4-3 size=0
20:00:35 exited-incomplete: research-P5-3 size=0
20:00:35 exited-incomplete: research-P5-2 size=0
20:00:35 launched research-P2-1 pid 3455958
20:00:35 launched research-P2-2 pid 3455960
20:00:35 launched research-P3-3 pid 3455962
20:00:35 launched research-P1-2 pid 3455964
20:00:35 launched research-P3-2 pid 3455968
20:00:35 launched research-P3-1 pid 3455970
20:00:35 launched research-P1-3 pid 3455975
20:00:35 launched research-P5-1 pid 3455978
20:00:35 dispatched 8, remaining 7
20:00:35 active=0 done=7
20:01:05 exited-incomplete: research-P2-1 size=9123
20:01:05 exited-incomplete: research-P2-2 size=7688
20:01:05 exited-incomplete: research-P3-3 size=0
20:01:05 exited-incomplete: research-P1-2 size=0
20:01:05 exited-incomplete: research-P3-2 size=0
20:01:05 exited-incomplete: research-P3-1 size=0
20:01:05 exited-incomplete: research-P1-3 size=0
20:01:05 exited-incomplete: research-P5-1 size=0
20:01:05 launched research-P1-1 pid 3457150
20:01:05 launched research-P2-3 pid 3457152
20:01:05 launched research-P4-1 pid 3457155
20:01:05 launched research-P4-2 pid 3457156
20:01:05 launched research-P4-3 pid 3457159
20:01:05 launched research-P5-3 pid 3457162
20:01:05 launched research-P5-2 pid 3457165
20:01:05 launched research-P2-1 pid 3457171
20:01:05 dispatched 8, remaining 7
20:01:05 active=0 done=7
20:01:35 exited-incomplete: research-P1-1 size=0
20:01:35 exited-incomplete: research-P2-3 size=6674
20:01:35 exited-incomplete: research-P4-1 size=3862
20:01:35 exited-incomplete: research-P4-2 size=0
20:01:35 exited-incomplete: research-P4-3 size=0
20:01:35 exited-incomplete: research-P5-3 size=0
20:01:35 exited-incomplete: research-P5-2 size=0
20:01:35 exited-incomplete: research-P2-1 size=9123
20:01:35 launched research-P2-2 pid 3458282
20:01:35 launched research-P3-3 pid 3458283
20:01:35 launched research-P1-2 pid 3458285
20:01:35 launched research-P3-2 pid 3458289
20:01:35 launched research-P3-1 pid 3458292
20:01:35 launched research-P1-3 pid 3458294
20:01:35 launched research-P5-1 pid 3458297
20:01:35 launched research-P1-1 pid 3458301
20:01:35 dispatched 8, remaining 7
20:01:35 active=0 done=7
20:02:05 exited-incomplete: research-P2-2 size=7688
20:02:05 exited-incomplete: research-P3-3 size=0
20:02:05 exited-incomplete: research-P1-2 size=0
20:02:05 exited-incomplete: research-P3-2 size=0
20:02:05 exited-incomplete: research-P3-1 size=0
20:02:05 exited-incomplete: research-P1-3 size=0
20:02:05 exited-incomplete: research-P5-1 size=0
20:02:05 exited-incomplete: research-P1-1 size=0
20:02:05 launched research-P2-3 pid 3459449
20:02:05 launched research-P4-1 pid 3459451
20:02:05 launched research-P4-2 pid 3459453
20:02:05 launched research-P4-3 pid 3459455
20:02:05 launched research-P5-3 pid 3459458
20:02:05 launched research-P5-2 pid 3459462
20:02:05 launched research-P2-1 pid 3459466
20:02:05 launched research-P2-2 pid 3459476
20:02:05 dispatched 8, remaining 7
20:02:05 active=0 done=7
20:02:35 exited-incomplete: research-P2-3 size=6674
20:02:35 exited-incomplete: research-P4-1 size=3862
20:02:35 exited-incomplete: research-P4-2 size=0
20:02:35 exited-incomplete: research-P4-3 size=0
20:02:35 exited-incomplete: research-P5-3 size=0
20:02:35 exited-incomplete: research-P5-2 size=0
20:02:35 exited-incomplete: research-P2-1 size=9123
20:02:35 exited-incomplete: research-P2-2 size=7688
20:02:35 launched research-P3-3 pid 3460624
20:02:35 launched research-P1-2 pid 3460625
20:02:35 launched research-P3-2 pid 3460627
20:02:35 launched research-P3-1 pid 3460632
20:02:35 launched research-P1-3 pid 3460635
20:02:35 launched research-P5-1 pid 3460638
20:02:35 launched research-P1-1 pid 3460641
20:02:35 launched research-P2-3 pid 3460649
20:02:35 dispatched 8, remaining 7
20:02:35 active=0 done=7
20:03:05 exited-incomplete: research-P3-3 size=0
20:03:05 exited-incomplete: research-P1-2 size=0
20:03:05 exited-incomplete: research-P3-2 size=0
20:03:05 exited-incomplete: research-P3-1 size=0
20:03:05 exited-incomplete: research-P1-3 size=0
20:03:05 exited-incomplete: research-P5-1 size=0
20:03:05 exited-incomplete: research-P1-1 size=0
20:03:05 exited-incomplete: research-P2-3 size=6674
20:03:05 launched research-P4-1 pid 3461785
20:03:05 launched research-P4-2 pid 3461786
20:03:05 launched research-P4-3 pid 3461789
20:03:05 launched research-P5-3 pid 3461791
20:03:05 launched research-P5-2 pid 3461794
20:03:05 launched research-P2-1 pid 3461799
20:03:05 launched research-P2-2 pid 3461803
20:03:05 launched research-P3-3 pid 3461810
20:03:05 dispatched 8, remaining 7
20:03:05 active=0 done=7
20:03:35 exited-incomplete: research-P4-1 size=3862
20:03:35 exited-incomplete: research-P4-2 size=0
20:03:35 exited-incomplete: research-P4-3 size=0
20:03:35 exited-incomplete: research-P5-3 size=0
20:03:35 exited-incomplete: research-P5-2 size=0
20:03:35 exited-incomplete: research-P2-1 size=9123
20:03:35 exited-incomplete: research-P2-2 size=7688
20:03:35 exited-incomplete: research-P3-3 size=0
20:03:35 launched research-P1-2 pid 3462965
20:03:35 launched research-P3-2 pid 3462966
20:03:35 launched research-P3-1 pid 3462970
20:03:35 launched research-P1-3 pid 3462973
20:03:35 launched research-P5-1 pid 3462976
20:03:35 launched research-P1-1 pid 3462979
20:03:35 launched research-P2-3 pid 3462984
20:03:35 launched research-P4-1 pid 3462993
20:03:35 dispatched 8, remaining 7
20:03:35 active=0 done=7
20:04:05 exited-incomplete: research-P1-2 size=0
20:04:05 exited-incomplete: research-P3-2 size=0
20:04:05 exited-incomplete: research-P3-1 size=0
20:04:05 exited-incomplete: research-P1-3 size=0
20:04:05 exited-incomplete: research-P5-1 size=0
20:04:05 exited-incomplete: research-P1-1 size=0
20:04:05 exited-incomplete: research-P2-3 size=6674
20:04:05 exited-incomplete: research-P4-1 size=3862
20:04:05 launched research-P4-2 pid 3464103
20:04:05 launched research-P4-3 pid 3464104
20:04:05 launched research-P5-3 pid 3464106
20:04:05 launched research-P5-2 pid 3464109
20:04:05 launched research-P2-1 pid 3464115
20:04:05 launched research-P2-2 pid 3464118
20:04:05 launched research-P3-3 pid 3464122
20:04:05 launched research-P1-2 pid 3464134
20:04:05 dispatched 8, remaining 7
20:04:05 active=0 done=7
20:04:35 exited-incomplete: research-P4-2 size=0
20:04:35 exited-incomplete: research-P4-3 size=0
20:04:35 exited-incomplete: research-P5-3 size=0
20:04:35 exited-incomplete: research-P5-2 size=0
20:04:35 exited-incomplete: research-P2-1 size=9123
20:04:35 exited-incomplete: research-P2-2 size=7688
20:04:35 exited-incomplete: research-P3-3 size=0
20:04:35 exited-incomplete: research-P1-2 size=0
20:04:35 launched research-P3-2 pid 3465271
20:04:35 launched research-P3-1 pid 3465272
20:04:35 launched research-P1-3 pid 3465274
20:04:35 launched research-P5-1 pid 3465277
20:04:35 launched research-P1-1 pid 3465280
20:04:35 launched research-P2-3 pid 3465285
20:04:35 launched research-P4-1 pid 3465287
20:04:35 launched research-P4-2 pid 3465291
20:04:35 dispatched 8, remaining 7
20:04:35 active=0 done=7
20:05:05 exited-incomplete: research-P3-2 size=0
20:05:05 exited-incomplete: research-P3-1 size=0
20:05:05 exited-incomplete: research-P1-3 size=0
20:05:05 exited-incomplete: research-P5-1 size=0
20:05:05 exited-incomplete: research-P1-1 size=0
20:05:05 exited-incomplete: research-P2-3 size=6674
20:05:05 exited-incomplete: research-P4-1 size=3862
20:05:05 exited-incomplete: research-P4-2 size=0
20:05:05 launched research-P4-3 pid 3466423
20:05:05 launched research-P5-3 pid 3466424
20:05:05 launched research-P5-2 pid 3466426
20:05:05 launched research-P2-1 pid 3466431
20:05:05 launched research-P2-2 pid 3466434
20:05:05 launched research-P3-3 pid 3466436
20:05:05 launched research-P1-2 pid 3466438
20:05:05 launched research-P3-2 pid 3466443
20:05:05 dispatched 8, remaining 7
20:05:05 active=0 done=7
20:05:35 exited-incomplete: research-P4-3 size=0
20:05:35 exited-incomplete: research-P5-3 size=0
20:05:35 exited-incomplete: research-P5-2 size=0
20:05:35 exited-incomplete: research-P2-1 size=9123
20:05:35 exited-incomplete: research-P2-2 size=7688
20:05:35 exited-incomplete: research-P3-3 size=0
20:05:35 exited-incomplete: research-P1-2 size=0
20:05:35 exited-incomplete: research-P3-2 size=0
20:05:35 launched research-P3-1 pid 3467584
20:05:35 launched research-P1-3 pid 3467585
20:05:35 launched research-P5-1 pid 3467588
20:05:35 launched research-P1-1 pid 3467591
20:05:35 launched research-P2-3 pid 3467596
20:05:35 launched research-P4-1 pid 3467598
20:05:35 launched research-P4-2 pid 3467603
20:05:35 launched research-P4-3 pid 3467612
20:05:35 dispatched 8, remaining 7
20:05:35 active=0 done=7
20:06:05 exited-incomplete: research-P3-1 size=0
20:06:05 exited-incomplete: research-P1-3 size=0
20:06:05 exited-incomplete: research-P5-1 size=0
20:06:05 exited-incomplete: research-P1-1 size=0
20:06:05 exited-incomplete: research-P2-3 size=6674
20:06:05 exited-incomplete: research-P4-1 size=3862
20:06:05 exited-incomplete: research-P4-2 size=0
20:06:05 exited-incomplete: research-P4-3 size=0
20:06:05 launched research-P5-3 pid 3468729
20:06:05 launched research-P5-2 pid 3468731
20:06:05 launched research-P2-1 pid 3468734
20:06:05 launched research-P2-2 pid 3468737
20:06:05 launched research-P3-3 pid 3468739
20:06:05 launched research-P1-2 pid 3468741
20:06:05 launched research-P3-2 pid 3468746
20:06:05 launched research-P3-1 pid 3468750
20:06:05 dispatched 8, remaining 7
20:06:05 active=0 done=7
20:06:35 exited-incomplete: research-P5-3 size=0
20:06:35 exited-incomplete: research-P5-2 size=0
20:06:35 exited-incomplete: research-P2-1 size=9123
20:06:35 exited-incomplete: research-P2-2 size=7688
20:06:35 exited-incomplete: research-P3-3 size=0
20:06:35 exited-incomplete: research-P1-2 size=0
20:06:35 exited-incomplete: research-P3-2 size=0
20:06:35 exited-incomplete: research-P3-1 size=0
20:06:35 launched research-P1-3 pid 3469884
20:06:35 launched research-P5-1 pid 3469885
20:06:35 launched research-P1-1 pid 3469887
20:06:35 launched research-P2-3 pid 3469892
20:06:35 launched research-P4-1 pid 3469895
20:06:35 launched research-P4-2 pid 3469897
20:06:35 launched research-P4-3 pid 3469900
20:06:35 launched research-P5-3 pid 3469904
20:06:35 dispatched 8, remaining 7
20:06:35 active=0 done=7
20:07:05 exited-incomplete: research-P1-3 size=0
20:07:05 exited-incomplete: research-P5-1 size=0
20:07:05 exited-incomplete: research-P1-1 size=0
20:07:05 exited-incomplete: research-P2-3 size=6674
20:07:05 exited-incomplete: research-P4-1 size=3862
20:07:05 exited-incomplete: research-P4-2 size=0
20:07:05 exited-incomplete: research-P4-3 size=0
20:07:05 exited-incomplete: research-P5-3 size=0
20:07:05 launched research-P5-2 pid 3471036
20:07:05 launched research-P2-1 pid 3471038
20:07:05 launched research-P2-2 pid 3471041
20:07:05 launched research-P3-3 pid 3471043
20:07:05 launched research-P1-2 pid 3471047
20:07:05 launched research-P3-2 pid 3471050
20:07:05 launched research-P3-1 pid 3471053
20:07:05 launched research-P1-3 pid 3471057
20:07:05 dispatched 8, remaining 7
20:07:05 active=0 done=7
20:07:35 exited-incomplete: research-P5-2 size=0
20:07:35 exited-incomplete: research-P2-1 size=9123
20:07:35 exited-incomplete: research-P2-2 size=7688
20:07:35 exited-incomplete: research-P3-3 size=0
20:07:35 exited-incomplete: research-P1-2 size=0
20:07:35 exited-incomplete: research-P3-2 size=0
20:07:35 exited-incomplete: research-P3-1 size=0
20:07:35 exited-incomplete: research-P1-3 size=0
20:07:35 launched research-P5-1 pid 3472203
20:07:35 launched research-P1-1 pid 3472204
20:07:35 launched research-P2-3 pid 3472208
20:07:35 launched research-P4-1 pid 3472211
20:07:35 launched research-P4-2 pid 3472214
20:07:35 launched research-P4-3 pid 3472217
20:07:35 launched research-P5-3 pid 3472220
20:07:35 launched research-P5-2 pid 3472227
20:07:35 dispatched 8, remaining 7
20:07:35 active=0 done=7
20:08:05 exited-incomplete: research-P5-1 size=0
20:08:05 exited-incomplete: research-P1-1 size=0
20:08:05 exited-incomplete: research-P2-3 size=6674
20:08:05 exited-incomplete: research-P4-1 size=3862
20:08:05 exited-incomplete: research-P4-2 size=0
20:08:05 exited-incomplete: research-P4-3 size=0
20:08:05 exited-incomplete: research-P5-3 size=0
20:08:05 exited-incomplete: research-P5-2 size=0
20:08:05 launched research-P2-1 pid 3473363
20:08:05 launched research-P2-2 pid 3473365
20:08:05 launched research-P3-3 pid 3473368
20:08:05 launched research-P1-2 pid 3473371
20:08:05 launched research-P3-2 pid 3473374
20:08:05 launched research-P3-1 pid 3473377
20:08:05 launched research-P1-3 pid 3473381
20:08:05 launched research-P5-1 pid 3473387
20:08:05 dispatched 8, remaining 7
20:08:05 active=0 done=7
20:08:35 exited-incomplete: research-P2-1 size=9123
20:08:35 exited-incomplete: research-P2-2 size=7688
20:08:35 exited-incomplete: research-P3-3 size=0
20:08:35 exited-incomplete: research-P1-2 size=0
20:08:35 exited-incomplete: research-P3-2 size=0
20:08:35 exited-incomplete: research-P3-1 size=0
20:08:35 exited-incomplete: research-P1-3 size=0
20:08:35 exited-incomplete: research-P5-1 size=0
20:08:35 launched research-P1-1 pid 3474533
20:08:35 launched research-P2-3 pid 3474535
20:08:35 launched research-P4-1 pid 3474538
20:08:35 launched research-P4-2 pid 3474541
20:08:35 launched research-P4-3 pid 3474544
20:08:35 launched research-P5-3 pid 3474547
20:08:35 launched research-P5-2 pid 3474549
20:08:35 launched research-P2-1 pid 3474552
20:08:35 dispatched 8, remaining 7
20:08:35 active=0 done=7
20:09:05 exited-incomplete: research-P1-1 size=0
20:09:05 exited-incomplete: research-P2-3 size=6674
20:09:05 exited-incomplete: research-P4-1 size=3862
20:09:05 exited-incomplete: research-P4-2 size=0
20:09:05 exited-incomplete: research-P4-3 size=0
20:09:05 exited-incomplete: research-P5-3 size=0
20:09:05 exited-incomplete: research-P5-2 size=0
20:09:05 exited-incomplete: research-P2-1 size=9123
20:09:05 launched research-P2-2 pid 3475694
20:09:05 launched research-P3-3 pid 3475696
20:09:05 launched research-P1-2 pid 3475699
20:09:05 launched research-P3-2 pid 3475701
20:09:05 launched research-P3-1 pid 3475703
20:09:05 launched research-P1-3 pid 3475706
20:09:05 launched research-P5-1 pid 3475711
20:09:05 launched research-P1-1 pid 3475714
20:09:05 dispatched 8, remaining 7
20:09:05 active=0 done=7
20:09:35 exited-incomplete: research-P2-2 size=7688
20:09:35 exited-incomplete: research-P3-3 size=0
20:09:35 exited-incomplete: research-P1-2 size=0
20:09:35 exited-incomplete: research-P3-2 size=0
20:09:35 exited-incomplete: research-P3-1 size=0
20:09:35 exited-incomplete: research-P1-3 size=0
20:09:35 exited-incomplete: research-P5-1 size=0
20:09:35 exited-incomplete: research-P1-1 size=0
20:09:35 launched research-P2-3 pid 3476842
20:09:35 launched research-P4-1 pid 3476843
20:09:35 launched research-P4-2 pid 3476845
20:09:35 launched research-P4-3 pid 3476848
20:09:35 launched research-P5-3 pid 3476851
20:09:35 launched research-P5-2 pid 3476854
20:09:35 launched research-P2-1 pid 3476859
20:09:35 launched research-P2-2 pid 3476863
20:09:35 dispatched 8, remaining 7
20:09:35 active=0 done=7
20:10:05 exited-incomplete: research-P2-3 size=6674
20:10:05 exited-incomplete: research-P4-1 size=3862
20:10:05 exited-incomplete: research-P4-2 size=0
20:10:05 exited-incomplete: research-P4-3 size=0
20:10:05 exited-incomplete: research-P5-3 size=0
20:10:05 exited-incomplete: research-P5-2 size=0
20:10:05 exited-incomplete: research-P2-1 size=9123
20:10:05 exited-incomplete: research-P2-2 size=7688
20:10:05 launched research-P3-3 pid 3477986
20:10:05 launched research-P1-2 pid 3477987
20:10:05 launched research-P3-2 pid 3477991
20:10:05 launched research-P3-1 pid 3477994
20:10:05 launched research-P1-3 pid 3477997
20:10:05 launched research-P5-1 pid 3478000
20:10:05 launched research-P1-1 pid 3478003
20:10:05 launched research-P2-3 pid 3478013
20:10:05 dispatched 8, remaining 7
20:10:05 active=0 done=7
20:10:35 exited-incomplete: research-P3-3 size=0
20:10:35 exited-incomplete: research-P1-2 size=0
20:10:35 exited-incomplete: research-P3-2 size=0
20:10:35 exited-incomplete: research-P3-1 size=0
20:10:35 exited-incomplete: research-P1-3 size=0
20:10:35 exited-incomplete: research-P5-1 size=0
20:10:35 exited-incomplete: research-P1-1 size=0
20:10:35 exited-incomplete: research-P2-3 size=6674
20:10:35 launched research-P4-1 pid 3479136
20:10:35 launched research-P4-2 pid 3479137
20:10:35 launched research-P4-3 pid 3479139
20:10:35 launched research-P5-3 pid 3479143
20:10:35 launched research-P5-2 pid 3479145
20:10:35 launched research-P2-1 pid 3479150
20:10:35 launched research-P2-2 pid 3479153
20:10:35 launched research-P3-3 pid 3479155
20:10:35 dispatched 8, remaining 7
20:10:35 active=0 done=7
20:11:05 exited-incomplete: research-P4-1 size=3862
20:11:05 exited-incomplete: research-P4-2 size=0
20:11:05 exited-incomplete: research-P4-3 size=0
20:11:05 exited-incomplete: research-P5-3 size=0
20:11:05 exited-incomplete: research-P5-2 size=0
20:11:05 exited-incomplete: research-P2-1 size=9123
20:11:05 exited-incomplete: research-P2-2 size=7688
20:11:05 exited-incomplete: research-P3-3 size=0
20:11:05 launched research-P1-2 pid 3480278
20:11:05 launched research-P3-2 pid 3480280
20:11:05 launched research-P3-1 pid 3480282
20:11:05 launched research-P1-3 pid 3480284
20:11:05 launched research-P5-1 pid 3480287
20:11:05 launched research-P1-1 pid 3480292
20:11:05 launched research-P2-3 pid 3480295
20:11:05 launched research-P4-1 pid 3480300
20:11:05 dispatched 8, remaining 7
20:11:05 active=0 done=7
20:11:35 exited-incomplete: research-P1-2 size=0
20:11:35 exited-incomplete: research-P3-2 size=0
20:11:35 exited-incomplete: research-P3-1 size=0
20:11:35 exited-incomplete: research-P1-3 size=0
20:11:35 exited-incomplete: research-P5-1 size=0
20:11:35 exited-incomplete: research-P1-1 size=0
20:11:35 exited-incomplete: research-P2-3 size=6674
20:11:35 exited-incomplete: research-P4-1 size=3862
20:11:35 launched research-P4-2 pid 3481419
20:11:35 launched research-P4-3 pid 3481420
20:11:35 launched research-P5-3 pid 3481422
20:11:35 launched research-P5-2 pid 3481425
20:11:35 launched research-P2-1 pid 3481430
20:11:35 launched research-P2-2 pid 3481433
20:11:35 launched research-P3-3 pid 3481436
20:11:35 launched research-P1-2 pid 3481443
20:11:35 dispatched 8, remaining 7
20:11:35 active=0 done=7
20:12:05 exited-incomplete: research-P4-2 size=0
20:12:05 exited-incomplete: research-P4-3 size=0
20:12:05 exited-incomplete: research-P5-3 size=0
20:12:05 exited-incomplete: research-P5-2 size=0
20:12:05 exited-incomplete: research-P2-1 size=9123
20:12:05 exited-incomplete: research-P2-2 size=7688
20:12:05 exited-incomplete: research-P3-3 size=0
20:12:05 exited-incomplete: research-P1-2 size=0
20:12:05 launched research-P3-2 pid 3482557
20:12:05 launched research-P3-1 pid 3482559
20:12:05 launched research-P1-3 pid 3482562
20:12:05 launched research-P5-1 pid 3482565
20:12:05 launched research-P1-1 pid 3482567
20:12:05 launched research-P2-3 pid 3482571
20:12:05 launched research-P4-1 pid 3482574
20:12:05 launched research-P4-2 pid 3482576
20:12:05 dispatched 8, remaining 7
20:12:05 active=0 done=7
20:12:35 exited-incomplete: research-P3-2 size=0
20:12:35 exited-incomplete: research-P3-1 size=0
20:12:35 exited-incomplete: research-P1-3 size=0
20:12:35 exited-incomplete: research-P5-1 size=0
20:12:35 exited-incomplete: research-P1-1 size=0
20:12:35 exited-incomplete: research-P2-3 size=6674
20:12:35 exited-incomplete: research-P4-1 size=3862
20:12:35 exited-incomplete: research-P4-2 size=0
20:12:35 launched research-P4-3 pid 3483710
20:12:35 launched research-P5-3 pid 3483711
20:12:35 launched research-P5-2 pid 3483714
20:12:35 launched research-P2-1 pid 3483718
20:12:35 launched research-P2-2 pid 3483721
20:12:35 launched research-P3-3 pid 3483724
20:12:36 launched research-P1-2 pid 3483726
20:12:36 launched research-P3-2 pid 3483730
20:12:36 dispatched 8, remaining 7
20:12:36 active=0 done=7
20:13:06 exited-incomplete: research-P4-3 size=0
20:13:06 exited-incomplete: research-P5-3 size=0
20:13:06 exited-incomplete: research-P5-2 size=0
20:13:06 exited-incomplete: research-P2-1 size=9123
20:13:06 exited-incomplete: research-P2-2 size=7688
20:13:06 exited-incomplete: research-P3-3 size=0
20:13:06 exited-incomplete: research-P1-2 size=0
20:13:06 exited-incomplete: research-P3-2 size=0
20:13:06 launched research-P3-1 pid 3484874
20:13:06 launched research-P1-3 pid 3484875
20:13:06 launched research-P5-1 pid 3484878
20:13:06 launched research-P1-1 pid 3484881
20:13:06 launched research-P2-3 pid 3484885
20:13:06 launched research-P4-1 pid 3484888
20:13:06 launched research-P4-2 pid 3484889
20:13:06 launched research-P4-3 pid 3484893
20:13:06 dispatched 8, remaining 7
20:13:06 active=0 done=7
20:13:36 exited-incomplete: research-P3-1 size=0
20:13:36 exited-incomplete: research-P1-3 size=0
20:13:36 exited-incomplete: research-P5-1 size=0
20:13:36 exited-incomplete: research-P1-1 size=0
20:13:36 exited-incomplete: research-P2-3 size=6674
20:13:36 exited-incomplete: research-P4-1 size=3862
20:13:36 exited-incomplete: research-P4-2 size=0
20:13:36 exited-incomplete: research-P4-3 size=0
20:13:36 launched research-P5-3 pid 3486022
20:13:36 launched research-P5-2 pid 3486023
20:13:36 launched research-P2-1 pid 3486027
20:13:36 launched research-P2-2 pid 3486030
20:13:36 launched research-P3-3 pid 3486032
20:13:36 launched research-P1-2 pid 3486034
20:13:36 launched research-P3-2 pid 3486038
20:13:36 launched research-P3-1 pid 3486040
20:13:36 dispatched 8, remaining 7
20:13:36 active=0 done=7
20:14:06 exited-incomplete: research-P5-3 size=0
20:14:06 exited-incomplete: research-P5-2 size=0
20:14:06 exited-incomplete: research-P2-1 size=9123
20:14:06 exited-incomplete: research-P2-2 size=7688
20:14:06 exited-incomplete: research-P3-3 size=0
20:14:06 exited-incomplete: research-P1-2 size=0
20:14:06 exited-incomplete: research-P3-2 size=0
20:14:06 exited-incomplete: research-P3-1 size=0
20:14:06 launched research-P1-3 pid 3487173
20:14:06 launched research-P5-1 pid 3487174
20:14:06 launched research-P1-1 pid 3487176
20:14:06 launched research-P2-3 pid 3487182
20:14:06 launched research-P4-1 pid 3487184
20:14:06 launched research-P4-2 pid 3487187
20:14:06 launched research-P4-3 pid 3487191
20:14:06 launched research-P5-3 pid 3487200
20:14:06 dispatched 8, remaining 7
20:14:06 active=0 done=7
20:14:36 exited-incomplete: research-P1-3 size=0
20:14:36 exited-incomplete: research-P5-1 size=0
20:14:36 exited-incomplete: research-P1-1 size=0
20:14:36 exited-incomplete: research-P2-3 size=6674
20:14:36 exited-incomplete: research-P4-1 size=3862
20:14:36 exited-incomplete: research-P4-2 size=0
20:14:36 exited-incomplete: research-P4-3 size=0
20:14:36 exited-incomplete: research-P5-3 size=0
20:14:36 launched research-P5-2 pid 3488353
20:14:36 launched research-P2-1 pid 3488355
20:14:36 launched research-P2-2 pid 3488358
20:14:36 launched research-P3-3 pid 3488360
20:14:36 launched research-P1-2 pid 3488362
20:14:36 launched research-P3-2 pid 3488365
20:14:36 launched research-P3-1 pid 3488368
20:14:36 launched research-P1-3 pid 3488373
20:14:36 dispatched 8, remaining 7
20:14:36 active=0 done=7
20:15:06 exited-incomplete: research-P5-2 size=0
20:15:06 exited-incomplete: research-P2-1 size=9123
20:15:06 exited-incomplete: research-P2-2 size=7688
20:15:06 exited-incomplete: research-P3-3 size=0
20:15:06 exited-incomplete: research-P1-2 size=0
20:15:06 exited-incomplete: research-P3-2 size=0
20:15:06 exited-incomplete: research-P3-1 size=0
20:15:06 exited-incomplete: research-P1-3 size=0
20:15:06 launched research-P5-1 pid 3489521
20:15:06 launched research-P1-1 pid 3489522
20:15:06 launched research-P2-3 pid 3489527
20:15:06 launched research-P4-1 pid 3489529
20:15:06 launched research-P4-2 pid 3489532
20:15:06 launched research-P4-3 pid 3489535
20:15:06 launched research-P5-3 pid 3489540
20:15:06 launched research-P5-2 pid 3489547
20:15:06 dispatched 8, remaining 7
20:15:06 active=0 done=7
20:15:36 exited-incomplete: research-P5-1 size=0
20:15:36 exited-incomplete: research-P1-1 size=0
20:15:36 exited-incomplete: research-P2-3 size=6674
20:15:36 exited-incomplete: research-P4-1 size=3862
20:15:36 exited-incomplete: research-P4-2 size=0
20:15:36 exited-incomplete: research-P4-3 size=0
20:15:36 exited-incomplete: research-P5-3 size=0
20:15:36 exited-incomplete: research-P5-2 size=0
20:15:36 launched research-P2-1 pid 3490664
20:15:36 launched research-P2-2 pid 3490666
20:15:36 launched research-P3-3 pid 3490669
20:15:36 launched research-P1-2 pid 3490672
20:15:36 launched research-P3-2 pid 3490675
20:15:36 launched research-P3-1 pid 3490678
20:15:36 launched research-P1-3 pid 3490681
20:15:36 launched research-P5-1 pid 3490689
20:15:36 dispatched 8, remaining 7
20:15:36 active=0 done=7
20:16:06 exited-incomplete: research-P2-1 size=9123
20:16:06 exited-incomplete: research-P2-2 size=7688
20:16:06 exited-incomplete: research-P3-3 size=0
20:16:06 exited-incomplete: research-P1-2 size=0
20:16:06 exited-incomplete: research-P3-2 size=0
20:16:06 exited-incomplete: research-P3-1 size=0
20:16:06 exited-incomplete: research-P1-3 size=0
20:16:06 exited-incomplete: research-P5-1 size=0
20:16:06 launched research-P1-1 pid 3491844
20:16:06 launched research-P2-3 pid 3491846
20:16:06 launched research-P4-1 pid 3491849
20:16:06 launched research-P4-2 pid 3491850
20:16:06 launched research-P4-3 pid 3491853
20:16:06 launched research-P5-3 pid 3491856
20:16:06 launched research-P5-2 pid 3491861
20:16:06 launched research-P2-1 pid 3491868
20:16:06 dispatched 8, remaining 7
20:16:06 active=0 done=7
20:16:36 exited-incomplete: research-P1-1 size=0
20:16:36 exited-incomplete: research-P2-3 size=6674
20:16:36 exited-incomplete: research-P4-1 size=3862
20:16:36 exited-incomplete: research-P4-2 size=0
20:16:36 exited-incomplete: research-P4-3 size=0
20:16:36 exited-incomplete: research-P5-3 size=0
20:16:36 exited-incomplete: research-P5-2 size=0
20:16:36 exited-incomplete: research-P2-1 size=9123
20:16:36 launched research-P2-2 pid 3493016
20:16:36 launched research-P3-3 pid 3493017
20:16:36 launched research-P1-2 pid 3493019
20:16:36 launched research-P3-2 pid 3493022
20:16:36 launched research-P3-1 pid 3493024
20:16:36 launched research-P1-3 pid 3493027
20:16:36 launched research-P5-1 pid 3493030
20:16:36 launched research-P1-1 pid 3493036
20:16:36 dispatched 8, remaining 7
20:16:36 active=0 done=7
20:17:06 exited-incomplete: research-P2-2 size=7688
20:17:06 exited-incomplete: research-P3-3 size=0
20:17:06 exited-incomplete: research-P1-2 size=0
20:17:06 exited-incomplete: research-P3-2 size=0
20:17:06 exited-incomplete: research-P3-1 size=0
20:17:06 exited-incomplete: research-P1-3 size=0
20:17:06 exited-incomplete: research-P5-1 size=0
20:17:06 exited-incomplete: research-P1-1 size=0
20:17:06 launched research-P2-3 pid 3494179
20:17:06 launched research-P4-1 pid 3494181
20:17:06 launched research-P4-2 pid 3494183
20:17:06 launched research-P4-3 pid 3494186
20:17:06 launched research-P5-3 pid 3494190
20:17:06 launched research-P5-2 pid 3494193
20:17:06 launched research-P2-1 pid 3494196
20:17:06 launched research-P2-2 pid 3494206
20:17:06 dispatched 8, remaining 7
20:17:06 active=0 done=7
20:17:36 exited-incomplete: research-P2-3 size=6674
20:17:36 exited-incomplete: research-P4-1 size=3862
20:17:36 exited-incomplete: research-P4-2 size=0
20:17:36 exited-incomplete: research-P4-3 size=0
20:17:36 exited-incomplete: research-P5-3 size=0
20:17:36 exited-incomplete: research-P5-2 size=0
20:17:36 exited-incomplete: research-P2-1 size=9123
20:17:36 exited-incomplete: research-P2-2 size=7688
20:17:36 launched research-P3-3 pid 3495335
20:17:36 launched research-P1-2 pid 3495336
20:17:36 launched research-P3-2 pid 3495340
20:17:36 launched research-P3-1 pid 3495343
20:17:36 launched research-P1-3 pid 3495346
20:17:36 launched research-P5-1 pid 3495349
20:17:36 launched research-P1-1 pid 3495352
20:17:36 launched research-P2-3 pid 3495360
20:17:36 dispatched 8, remaining 7
20:17:36 active=0 done=7
20:18:06 exited-incomplete: research-P3-3 size=0
20:18:06 exited-incomplete: research-P1-2 size=0
20:18:06 exited-incomplete: research-P3-2 size=0
20:18:06 exited-incomplete: research-P3-1 size=0
20:18:06 exited-incomplete: research-P1-3 size=0
20:18:06 exited-incomplete: research-P5-1 size=0
20:18:06 exited-incomplete: research-P1-1 size=0
20:18:06 exited-incomplete: research-P2-3 size=6674
20:18:06 launched research-P4-1 pid 3496488
20:18:06 launched research-P4-2 pid 3496489
20:18:06 launched research-P4-3 pid 3496491
20:18:06 launched research-P5-3 pid 3496494
20:18:06 launched research-P5-2 pid 3496497
20:18:06 launched research-P2-1 pid 3496502
20:18:06 launched research-P2-2 pid 3496505
20:18:06 launched research-P3-3 pid 3496508
20:18:06 dispatched 8, remaining 7
20:18:06 active=0 done=7
20:18:36 exited-incomplete: research-P4-1 size=3862
20:18:36 exited-incomplete: research-P4-2 size=0
20:18:36 exited-incomplete: research-P4-3 size=0
20:18:36 exited-incomplete: research-P5-3 size=0
20:18:36 exited-incomplete: research-P5-2 size=0
20:18:36 exited-incomplete: research-P2-1 size=9123
20:18:36 exited-incomplete: research-P2-2 size=7688
20:18:36 exited-incomplete: research-P3-3 size=0
20:18:36 launched research-P1-2 pid 3497638
20:18:36 launched research-P3-2 pid 3497639
20:18:36 launched research-P3-1 pid 3497641
20:18:36 launched research-P1-3 pid 3497646
20:18:36 launched research-P5-1 pid 3497649
20:18:36 launched research-P1-1 pid 3497652
20:18:36 launched research-P2-3 pid 3497655
20:18:36 launched research-P4-1 pid 3497661
20:18:36 dispatched 8, remaining 7
20:18:36 active=0 done=7
20:19:06 exited-incomplete: research-P1-2 size=0
20:19:06 exited-incomplete: research-P3-2 size=0
20:19:06 exited-incomplete: research-P3-1 size=0
20:19:06 exited-incomplete: research-P1-3 size=0
20:19:06 exited-incomplete: research-P5-1 size=0
20:19:06 exited-incomplete: research-P1-1 size=0
20:19:06 exited-incomplete: research-P2-3 size=6674
20:19:06 exited-incomplete: research-P4-1 size=3862
20:19:06 launched research-P4-2 pid 3498801
20:19:06 launched research-P4-3 pid 3498802
20:19:06 launched research-P5-3 pid 3498805
20:19:06 launched research-P5-2 pid 3498809
20:19:06 launched research-P2-1 pid 3498812
20:19:06 launched research-P2-2 pid 3498815
20:19:06 launched research-P3-3 pid 3498818
20:19:06 launched research-P1-2 pid 3498821
20:19:06 dispatched 8, remaining 7
20:19:06 active=0 done=7
20:19:36 exited-incomplete: research-P4-2 size=0
20:19:36 exited-incomplete: research-P4-3 size=0
20:19:36 exited-incomplete: research-P5-3 size=0
20:19:36 exited-incomplete: research-P5-2 size=0
20:19:36 exited-incomplete: research-P2-1 size=9123
20:19:36 exited-incomplete: research-P2-2 size=7688
20:19:36 exited-incomplete: research-P3-3 size=0
20:19:36 exited-incomplete: research-P1-2 size=0
20:19:36 launched research-P3-2 pid 3499972
20:19:36 launched research-P3-1 pid 3499973
20:19:36 launched research-P1-3 pid 3499975
20:19:36 launched research-P5-1 pid 3499978
20:19:36 launched research-P1-1 pid 3499982
20:19:36 launched research-P2-3 pid 3499986
20:19:36 launched research-P4-1 pid 3499989
20:19:36 launched research-P4-2 pid 3499993
20:19:36 dispatched 8, remaining 7
20:19:36 active=0 done=7
20:20:06 exited-incomplete: research-P3-2 size=0
20:20:06 exited-incomplete: research-P3-1 size=0
20:20:06 exited-incomplete: research-P1-3 size=0
20:20:06 exited-incomplete: research-P5-1 size=0
20:20:06 exited-incomplete: research-P1-1 size=0
20:20:06 exited-incomplete: research-P2-3 size=6674
20:20:06 exited-incomplete: research-P4-1 size=3862
20:20:06 exited-incomplete: research-P4-2 size=0
20:20:06 launched research-P4-3 pid 3501104
20:20:06 launched research-P5-3 pid 3501105
20:20:06 launched research-P5-2 pid 3501107
20:20:06 launched research-P2-1 pid 3501112
20:20:06 launched research-P2-2 pid 3501115
20:20:06 launched research-P3-3 pid 3501117
20:20:06 launched research-P1-2 pid 3501121
20:20:06 launched research-P3-2 pid 3501128
20:20:06 dispatched 8, remaining 7
20:20:06 active=0 done=7
20:20:36 exited-incomplete: research-P4-3 size=0
20:20:36 exited-incomplete: research-P5-3 size=0
20:20:36 exited-incomplete: research-P5-2 size=0
20:20:36 exited-incomplete: research-P2-1 size=9123
20:20:36 exited-incomplete: research-P2-2 size=7688
20:20:36 exited-incomplete: research-P3-3 size=0
20:20:36 exited-incomplete: research-P1-2 size=0
20:20:36 exited-incomplete: research-P3-2 size=0
20:20:36 launched research-P3-1 pid 3502272
20:20:36 launched research-P1-3 pid 3502273
20:20:36 launched research-P5-1 pid 3502275
20:20:36 launched research-P1-1 pid 3502278
20:20:36 launched research-P2-3 pid 3502283
20:20:36 launched research-P4-1 pid 3502286
20:20:36 launched research-P4-2 pid 3502287
20:20:36 launched research-P4-3 pid 3502293
20:20:36 dispatched 8, remaining 7
20:20:36 active=0 done=7
20:21:06 exited-incomplete: research-P3-1 size=0
20:21:06 exited-incomplete: research-P1-3 size=0
20:21:06 exited-incomplete: research-P5-1 size=0
20:21:06 exited-incomplete: research-P1-1 size=0
20:21:06 exited-incomplete: research-P2-3 size=6674
20:21:06 exited-incomplete: research-P4-1 size=3862
20:21:06 exited-incomplete: research-P4-2 size=0
20:21:06 exited-incomplete: research-P4-3 size=0
20:21:06 launched research-P5-3 pid 3503409
20:21:06 launched research-P5-2 pid 3503410
20:21:06 launched research-P2-1 pid 3503414
20:21:06 launched research-P2-2 pid 3503417
20:21:06 launched research-P3-3 pid 3503420
20:21:06 launched research-P1-2 pid 3503423
20:21:06 launched research-P3-2 pid 3503426
20:21:06 launched research-P3-1 pid 3503434
20:21:06 dispatched 8, remaining 7
20:21:06 active=0 done=7
20:21:36 exited-incomplete: research-P5-3 size=0
20:21:36 exited-incomplete: research-P5-2 size=0
20:21:36 exited-incomplete: research-P2-1 size=9123
20:21:36 exited-incomplete: research-P2-2 size=7688
20:21:36 exited-incomplete: research-P3-3 size=0
20:21:36 exited-incomplete: research-P1-2 size=0
20:21:36 exited-incomplete: research-P3-2 size=0
20:21:36 exited-incomplete: research-P3-1 size=0
20:21:36 launched research-P1-3 pid 3504586
20:21:36 launched research-P5-1 pid 3504587
20:21:36 launched research-P1-1 pid 3504589
20:21:36 launched research-P2-3 pid 3504594
20:21:36 launched research-P4-1 pid 3504597
20:21:36 launched research-P4-2 pid 3504600
20:21:36 launched research-P4-3 pid 3504602
20:21:36 launched research-P5-3 pid 3504606
20:21:36 dispatched 8, remaining 7
20:21:36 active=0 done=7
20:22:06 exited-incomplete: research-P1-3 size=0
20:22:06 exited-incomplete: research-P5-1 size=0
20:22:06 exited-incomplete: research-P1-1 size=0
20:22:06 exited-incomplete: research-P2-3 size=6674
20:22:06 exited-incomplete: research-P4-1 size=3862
20:22:06 exited-incomplete: research-P4-2 size=0
20:22:06 exited-incomplete: research-P4-3 size=0
20:22:06 exited-incomplete: research-P5-3 size=0
20:22:06 launched research-P5-2 pid 3505740
20:22:06 launched research-P2-1 pid 3505742
20:22:06 launched research-P2-2 pid 3505745
20:22:06 launched research-P3-3 pid 3505747
20:22:06 launched research-P1-2 pid 3505751
20:22:06 launched research-P3-2 pid 3505754
20:22:06 launched research-P3-1 pid 3505756
20:22:06 launched research-P1-3 pid 3505763
20:22:06 dispatched 8, remaining 7
20:22:06 active=0 done=7
20:22:36 exited-incomplete: research-P5-2 size=0
20:22:36 exited-incomplete: research-P2-1 size=9123
20:22:36 exited-incomplete: research-P2-2 size=7688
20:22:36 exited-incomplete: research-P3-3 size=0
20:22:36 exited-incomplete: research-P1-2 size=0
20:22:36 exited-incomplete: research-P3-2 size=0
20:22:36 exited-incomplete: research-P3-1 size=0
20:22:36 exited-incomplete: research-P1-3 size=0
20:22:36 launched research-P5-1 pid 3506906
20:22:36 launched research-P1-1 pid 3506907
20:22:36 launched research-P2-3 pid 3506911
20:22:36 launched research-P4-1 pid 3506914
20:22:36 launched research-P4-2 pid 3506916
20:22:36 launched research-P4-3 pid 3506918
20:22:36 launched research-P5-3 pid 3506921
20:22:36 launched research-P5-2 pid 3506926
20:22:36 dispatched 8, remaining 7
20:22:36 active=0 done=7
20:23:06 exited-incomplete: research-P5-1 size=0
20:23:06 exited-incomplete: research-P1-1 size=0
20:23:06 exited-incomplete: research-P2-3 size=6674
20:23:06 exited-incomplete: research-P4-1 size=3862
20:23:06 exited-incomplete: research-P4-2 size=0
20:23:06 exited-incomplete: research-P4-3 size=0
20:23:06 exited-incomplete: research-P5-3 size=0
20:23:06 exited-incomplete: research-P5-2 size=0
20:23:06 launched research-P2-1 pid 3508051
20:23:06 launched research-P2-2 pid 3508053
20:23:06 launched research-P3-3 pid 3508056
20:23:06 launched research-P1-2 pid 3508057
20:23:06 launched research-P3-2 pid 3508060
20:23:06 launched research-P3-1 pid 3508065
20:23:06 launched research-P1-3 pid 3508067
20:23:06 launched research-P5-1 pid 3508073
20:23:06 dispatched 8, remaining 7
20:23:06 active=0 done=7
20:23:36 exited-incomplete: research-P2-1 size=9123
20:23:36 exited-incomplete: research-P2-2 size=7688
20:23:36 exited-incomplete: research-P3-3 size=0
20:23:36 exited-incomplete: research-P1-2 size=0
20:23:36 exited-incomplete: research-P3-2 size=0
20:23:36 exited-incomplete: research-P3-1 size=0
20:23:36 exited-incomplete: research-P1-3 size=0
20:23:36 exited-incomplete: research-P5-1 size=0
20:23:36 launched research-P1-1 pid 3509232
20:23:36 launched research-P2-3 pid 3509234
20:23:36 launched research-P4-1 pid 3509237
20:23:36 launched research-P4-2 pid 3509238
20:23:36 launched research-P4-3 pid 3509243
20:23:36 launched research-P5-3 pid 3509246
20:23:36 launched research-P5-2 pid 3509249
20:23:36 launched research-P2-1 pid 3509257
20:23:36 dispatched 8, remaining 7
20:23:36 active=0 done=7
20:24:06 exited-incomplete: research-P1-1 size=0
20:24:06 exited-incomplete: research-P2-3 size=6674
20:24:06 exited-incomplete: research-P4-1 size=3862
20:24:06 exited-incomplete: research-P4-2 size=0
20:24:06 exited-incomplete: research-P4-3 size=0
20:24:06 exited-incomplete: research-P5-3 size=0
20:24:06 exited-incomplete: research-P5-2 size=0
20:24:06 exited-incomplete: research-P2-1 size=9123
20:24:06 launched research-P2-2 pid 3510386
20:24:06 launched research-P3-3 pid 3510387
20:24:06 launched research-P1-2 pid 3510389
20:24:06 launched research-P3-2 pid 3510392
20:24:06 launched research-P3-1 pid 3510396
20:24:06 launched research-P1-3 pid 3510399
20:24:06 launched research-P5-1 pid 3510403
20:24:06 launched research-P1-1 pid 3510406
20:24:06 dispatched 8, remaining 7
20:24:06 active=0 done=7
20:24:36 exited-incomplete: research-P2-2 size=7688
20:24:36 exited-incomplete: research-P3-3 size=0
20:24:36 exited-incomplete: research-P1-2 size=0
20:24:36 exited-incomplete: research-P3-2 size=0
20:24:36 exited-incomplete: research-P3-1 size=0
20:24:36 exited-incomplete: research-P1-3 size=0
20:24:36 exited-incomplete: research-P5-1 size=0
20:24:36 exited-incomplete: research-P1-1 size=0
20:24:36 launched research-P2-3 pid 3511537
20:24:36 launched research-P4-1 pid 3511538
20:24:36 launched research-P4-2 pid 3511541
20:24:36 launched research-P4-3 pid 3511545
20:24:36 launched research-P5-3 pid 3511548
20:24:36 launched research-P5-2 pid 3511550
20:24:36 launched research-P2-1 pid 3511555
20:24:36 launched research-P2-2 pid 3511561
20:24:36 dispatched 8, remaining 7
20:24:36 active=0 done=7
20:25:06 exited-incomplete: research-P2-3 size=6674
20:25:06 exited-incomplete: research-P4-1 size=3862
20:25:06 exited-incomplete: research-P4-2 size=0
20:25:06 exited-incomplete: research-P4-3 size=0
20:25:06 exited-incomplete: research-P5-3 size=0
20:25:06 exited-incomplete: research-P5-2 size=0
20:25:06 exited-incomplete: research-P2-1 size=9123
20:25:06 exited-incomplete: research-P2-2 size=7688
20:25:06 launched research-P3-3 pid 3512681
20:25:06 launched research-P1-2 pid 3512682
20:25:06 launched research-P3-2 pid 3512684
20:25:06 launched research-P3-1 pid 3512687
20:25:06 launched research-P1-3 pid 3512691
20:25:06 launched research-P5-1 pid 3512695
20:25:06 launched research-P1-1 pid 3512698
20:25:06 launched research-P2-3 pid 3512701
20:25:06 dispatched 8, remaining 7
20:25:06 active=0 done=7
20:25:36 exited-incomplete: research-P3-3 size=0
20:25:36 exited-incomplete: research-P1-2 size=0
20:25:36 exited-incomplete: research-P3-2 size=0
20:25:36 exited-incomplete: research-P3-1 size=0
20:25:36 exited-incomplete: research-P1-3 size=0
20:25:36 exited-incomplete: research-P5-1 size=0
20:25:36 exited-incomplete: research-P1-1 size=0
20:25:36 exited-incomplete: research-P2-3 size=6674
20:25:36 launched research-P4-1 pid 3513827
20:25:36 launched research-P4-2 pid 3513828
20:25:36 launched research-P4-3 pid 3513830
20:25:36 launched research-P5-3 pid 3513834
20:25:36 launched research-P5-2 pid 3513837
20:25:36 launched research-P2-1 pid 3513841
20:25:36 launched research-P2-2 pid 3513844
20:25:36 launched research-P3-3 pid 3513849
20:25:36 dispatched 8, remaining 7
20:25:36 active=0 done=7
20:26:06 exited-incomplete: research-P4-1 size=3862
20:26:06 exited-incomplete: research-P4-2 size=0
20:26:06 exited-incomplete: research-P4-3 size=0
20:26:06 exited-incomplete: research-P5-3 size=0
20:26:06 exited-incomplete: research-P5-2 size=0
20:26:06 exited-incomplete: research-P2-1 size=9123
20:26:06 exited-incomplete: research-P2-2 size=7688
20:26:06 exited-incomplete: research-P3-3 size=0
20:26:06 launched research-P1-2 pid 3514972
20:26:06 launched research-P3-2 pid 3514973
20:26:06 launched research-P3-1 pid 3514975
20:26:06 launched research-P1-3 pid 3514978
20:26:06 launched research-P5-1 pid 3514983
20:26:06 launched research-P1-1 pid 3514985
20:26:06 launched research-P2-3 pid 3514989
20:26:06 launched research-P4-1 pid 3514991
20:26:06 dispatched 8, remaining 7
20:26:06 active=0 done=7
20:26:36 exited-incomplete: research-P1-2 size=0
20:26:36 exited-incomplete: research-P3-2 size=0
20:26:36 exited-incomplete: research-P3-1 size=0
20:26:36 exited-incomplete: research-P1-3 size=0
20:26:36 exited-incomplete: research-P5-1 size=0
20:26:36 exited-incomplete: research-P1-1 size=0
20:26:36 exited-incomplete: research-P2-3 size=6674
20:26:36 exited-incomplete: research-P4-1 size=3862
20:26:36 launched research-P4-2 pid 3516149
20:26:36 launched research-P4-3 pid 3516150
20:26:36 launched research-P5-3 pid 3516152
20:26:36 launched research-P5-2 pid 3516155
20:26:36 launched research-P2-1 pid 3516160
20:26:36 launched research-P2-2 pid 3516163
20:26:36 launched research-P3-3 pid 3516165
20:26:36 launched research-P1-2 pid 3516169
20:26:36 dispatched 8, remaining 7
20:26:36 active=0 done=7
20:27:06 exited-incomplete: research-P4-2 size=0
20:27:06 exited-incomplete: research-P4-3 size=0
20:27:06 exited-incomplete: research-P5-3 size=0
20:27:06 exited-incomplete: research-P5-2 size=0
20:27:06 exited-incomplete: research-P2-1 size=9123
20:27:06 exited-incomplete: research-P2-2 size=7688
20:27:06 exited-incomplete: research-P3-3 size=0
20:27:06 exited-incomplete: research-P1-2 size=0
20:27:06 launched research-P3-2 pid 3517300
20:27:06 launched research-P3-1 pid 3517301
20:27:06 launched research-P1-3 pid 3517303
20:27:06 launched research-P5-1 pid 3517308
20:27:06 launched research-P1-1 pid 3517311
20:27:06 launched research-P2-3 pid 3517314
20:27:06 launched research-P4-1 pid 3517319
20:27:06 launched research-P4-2 pid 3517327
20:27:06 dispatched 8, remaining 7
20:27:06 active=0 done=7
20:27:36 exited-incomplete: research-P3-2 size=0
20:27:36 exited-incomplete: research-P3-1 size=0
20:27:36 exited-incomplete: research-P1-3 size=0
20:27:36 exited-incomplete: research-P5-1 size=0
20:27:36 exited-incomplete: research-P1-1 size=0
20:27:36 exited-incomplete: research-P2-3 size=6674
20:27:36 exited-incomplete: research-P4-1 size=3862
20:27:36 exited-incomplete: research-P4-2 size=0
20:27:36 launched research-P4-3 pid 3518463
20:27:36 launched research-P5-3 pid 3518464
20:27:36 launched research-P5-2 pid 3518467
20:27:36 launched research-P2-1 pid 3518471
20:27:36 launched research-P2-2 pid 3518474
20:27:36 launched research-P3-3 pid 3518477
20:27:36 launched research-P1-2 pid 3518480
20:27:36 launched research-P3-2 pid 3518486
20:27:36 dispatched 8, remaining 7
20:27:36 active=0 done=7
20:28:06 exited-incomplete: research-P4-3 size=0
20:28:06 exited-incomplete: research-P5-3 size=0
20:28:06 exited-incomplete: research-P5-2 size=0
20:28:06 exited-incomplete: research-P2-1 size=9123
20:28:06 exited-incomplete: research-P2-2 size=7688
20:28:06 exited-incomplete: research-P3-3 size=0
20:28:06 exited-incomplete: research-P1-2 size=0
20:28:06 exited-incomplete: research-P3-2 size=0
20:28:06 launched research-P3-1 pid 3519626
20:28:06 launched research-P1-3 pid 3519627
20:28:06 launched research-P5-1 pid 3519629
20:28:06 launched research-P1-1 pid 3519632
20:28:06 launched research-P2-3 pid 3519637
20:28:06 launched research-P4-1 pid 3519640
20:28:06 launched research-P4-2 pid 3519643
20:28:06 launched research-P4-3 pid 3519648
20:28:06 dispatched 8, remaining 7
20:28:06 active=0 done=7
20:28:36 exited-incomplete: research-P3-1 size=0
20:28:36 exited-incomplete: research-P1-3 size=0
20:28:36 exited-incomplete: research-P5-1 size=0
20:28:36 exited-incomplete: research-P1-1 size=0
20:28:36 exited-incomplete: research-P2-3 size=6674
20:28:36 exited-incomplete: research-P4-1 size=3862
20:28:36 exited-incomplete: research-P4-2 size=0
20:28:36 exited-incomplete: research-P4-3 size=0
20:28:36 launched research-P5-3 pid 3520814
20:28:36 launched research-P5-2 pid 3520815
20:28:36 launched research-P2-1 pid 3520819
20:28:36 launched research-P2-2 pid 3520822
20:28:36 launched research-P3-3 pid 3520824
20:28:36 launched research-P1-2 pid 3520828
20:28:36 launched research-P3-2 pid 3520831
20:28:36 launched research-P3-1 pid 3520837
20:28:36 dispatched 8, remaining 7
20:28:36 active=0 done=7
20:29:06 exited-incomplete: research-P5-3 size=0
20:29:06 exited-incomplete: research-P5-2 size=0
20:29:06 exited-incomplete: research-P2-1 size=9123
20:29:06 exited-incomplete: research-P2-2 size=7688
20:29:06 exited-incomplete: research-P3-3 size=0
20:29:06 exited-incomplete: research-P1-2 size=0
20:29:06 exited-incomplete: research-P3-2 size=0
20:29:06 exited-incomplete: research-P3-1 size=0
20:29:06 launched research-P1-3 pid 3521940
20:29:06 launched research-P5-1 pid 3521941
20:29:06 launched research-P1-1 pid 3521945
20:29:06 launched research-P2-3 pid 3521948
20:29:06 launched research-P4-1 pid 3521951
20:29:06 launched research-P4-2 pid 3521954
20:29:06 launched research-P4-3 pid 3521957
20:29:06 launched research-P5-3 pid 3521966
20:29:06 dispatched 8, remaining 7
20:29:06 active=0 done=7
20:29:36 exited-incomplete: research-P1-3 size=0
20:29:36 exited-incomplete: research-P5-1 size=0
20:29:36 exited-incomplete: research-P1-1 size=0
20:29:36 exited-incomplete: research-P2-3 size=6674
20:29:36 exited-incomplete: research-P4-1 size=3862
20:29:36 exited-incomplete: research-P4-2 size=0
20:29:36 exited-incomplete: research-P4-3 size=0
20:29:36 exited-incomplete: research-P5-3 size=0
20:29:37 launched research-P5-2 pid 3523118
20:29:37 launched research-P2-1 pid 3523120
20:29:37 launched research-P2-2 pid 3523123
20:29:37 launched research-P3-3 pid 3523125
20:29:37 launched research-P1-2 pid 3523127
20:29:37 launched research-P3-2 pid 3523130
20:29:37 launched research-P3-1 pid 3523135
20:29:37 launched research-P1-3 pid 3523140
20:29:37 dispatched 8, remaining 7
20:29:37 active=0 done=7
20:30:07 exited-incomplete: research-P5-2 size=0
20:30:07 exited-incomplete: research-P2-1 size=9123
20:30:07 exited-incomplete: research-P2-2 size=7688
20:30:07 exited-incomplete: research-P3-3 size=0
20:30:07 exited-incomplete: research-P1-2 size=0
20:30:07 exited-incomplete: research-P3-2 size=0
20:30:07 exited-incomplete: research-P3-1 size=0
20:30:07 exited-incomplete: research-P1-3 size=0
20:30:07 launched research-P5-1 pid 3524275
20:30:07 launched research-P1-1 pid 3524276
20:30:07 launched research-P2-3 pid 3524281
20:30:07 launched research-P4-1 pid 3524283
20:30:07 launched research-P4-2 pid 3524286
20:30:07 launched research-P4-3 pid 3524289
20:30:07 launched research-P5-3 pid 3524292
20:30:07 launched research-P5-2 pid 3524300
20:30:07 dispatched 8, remaining 7
20:30:07 active=0 done=7
20:30:37 exited-incomplete: research-P5-1 size=0
20:30:37 exited-incomplete: research-P1-1 size=0
20:30:37 exited-incomplete: research-P2-3 size=6674
20:30:37 exited-incomplete: research-P4-1 size=3862
20:30:37 exited-incomplete: research-P4-2 size=0
20:30:37 exited-incomplete: research-P4-3 size=0
20:30:37 exited-incomplete: research-P5-3 size=0
20:30:37 exited-incomplete: research-P5-2 size=0
20:30:37 launched research-P2-1 pid 3525409
20:30:37 launched research-P2-2 pid 3525411
20:30:37 launched research-P3-3 pid 3525412
20:30:37 launched research-P1-2 pid 3525415
20:30:37 launched research-P3-2 pid 3525418
20:30:37 launched research-P3-1 pid 3525421
20:30:37 launched research-P1-3 pid 3525426
20:30:37 launched research-P5-1 pid 3525429
20:30:37 dispatched 8, remaining 7
20:30:37 active=0 done=7
20:31:07 exited-incomplete: research-P2-1 size=9123
20:31:07 exited-incomplete: research-P2-2 size=7688
20:31:07 exited-incomplete: research-P3-3 size=0
20:31:07 exited-incomplete: research-P1-2 size=0
20:31:07 exited-incomplete: research-P3-2 size=0
20:31:07 exited-incomplete: research-P3-1 size=0
20:31:07 exited-incomplete: research-P1-3 size=0
20:31:07 exited-incomplete: research-P5-1 size=0
20:31:07 launched research-P1-1 pid 3526596
20:31:07 launched research-P2-3 pid 3526598
20:31:07 launched research-P4-1 pid 3526601
20:31:07 launched research-P4-2 pid 3526602
20:31:07 launched research-P4-3 pid 3526605
20:31:07 launched research-P5-3 pid 3526609
20:31:07 launched research-P5-2 pid 3526611
20:31:07 launched research-P2-1 pid 3526616
20:31:07 dispatched 8, remaining 7
20:31:07 active=0 done=7
20:31:37 exited-incomplete: research-P1-1 size=0
20:31:37 exited-incomplete: research-P2-3 size=6674
20:31:37 exited-incomplete: research-P4-1 size=3862
20:31:37 exited-incomplete: research-P4-2 size=0
20:31:37 exited-incomplete: research-P4-3 size=0
20:31:37 exited-incomplete: research-P5-3 size=0
20:31:37 exited-incomplete: research-P5-2 size=0
20:31:37 exited-incomplete: research-P2-1 size=9123
20:31:37 launched research-P2-2 pid 3527743
20:31:37 launched research-P3-3 pid 3527744
20:31:37 launched research-P1-2 pid 3527747
20:31:37 launched research-P3-2 pid 3527750
20:31:37 launched research-P3-1 pid 3527754
20:31:37 launched research-P1-3 pid 3527757
20:31:37 launched research-P5-1 pid 3527760
20:31:37 launched research-P1-1 pid 3527765
20:31:37 dispatched 8, remaining 7
20:31:37 active=0 done=7
20:32:07 exited-incomplete: research-P2-2 size=7688
20:32:07 exited-incomplete: research-P3-3 size=0
20:32:07 exited-incomplete: research-P1-2 size=0
20:32:07 exited-incomplete: research-P3-2 size=0
20:32:07 exited-incomplete: research-P3-1 size=0
20:32:07 exited-incomplete: research-P1-3 size=0
20:32:07 exited-incomplete: research-P5-1 size=0
20:32:07 exited-incomplete: research-P1-1 size=0
20:32:07 launched research-P2-3 pid 3528903
20:32:07 launched research-P4-1 pid 3528904
20:32:07 launched research-P4-2 pid 3528906
20:32:07 launched research-P4-3 pid 3528911
20:32:07 launched research-P5-3 pid 3528914
20:32:07 launched research-P5-2 pid 3528917
20:32:07 launched research-P2-1 pid 3528921
20:32:07 launched research-P2-2 pid 3528931
20:32:07 dispatched 8, remaining 7
20:32:07 active=0 done=7
20:32:37 exited-incomplete: research-P2-3 size=6674
20:32:37 exited-incomplete: research-P4-1 size=3862
20:32:37 exited-incomplete: research-P4-2 size=0
20:32:37 exited-incomplete: research-P4-3 size=0
20:32:37 exited-incomplete: research-P5-3 size=0
20:32:37 exited-incomplete: research-P5-2 size=0
20:32:37 exited-incomplete: research-P2-1 size=9123
20:32:37 exited-incomplete: research-P2-2 size=7688
20:32:37 launched research-P3-3 pid 3530073
20:32:37 launched research-P1-2 pid 3530074
20:32:37 launched research-P3-2 pid 3530076
20:32:37 launched research-P3-1 pid 3530081
20:32:37 launched research-P1-3 pid 3530084
20:32:37 launched research-P5-1 pid 3530087
20:32:37 launched research-P1-1 pid 3530090
20:32:37 launched research-P2-3 pid 3530098
20:32:37 dispatched 8, remaining 7
20:32:37 active=0 done=7
20:33:07 exited-incomplete: research-P3-3 size=0
20:33:07 exited-incomplete: research-P1-2 size=0
20:33:07 exited-incomplete: research-P3-2 size=0
20:33:07 exited-incomplete: research-P3-1 size=0
20:33:07 exited-incomplete: research-P1-3 size=0
20:33:07 exited-incomplete: research-P5-1 size=0
20:33:07 exited-incomplete: research-P1-1 size=0
20:33:07 exited-incomplete: research-P2-3 size=6674
20:33:07 launched research-P4-1 pid 3531249
20:33:07 launched research-P4-2 pid 3531250
20:33:07 launched research-P4-3 pid 3531254
20:33:07 launched research-P5-3 pid 3531257
20:33:07 launched research-P5-2 pid 3531260
20:33:07 launched research-P2-1 pid 3531263
20:33:07 launched research-P2-2 pid 3531267
20:33:07 launched research-P3-3 pid 3531274
20:33:07 dispatched 8, remaining 7
20:33:07 active=0 done=7
20:33:37 exited-incomplete: research-P4-1 size=3862
20:33:37 exited-incomplete: research-P4-2 size=0
20:33:37 exited-incomplete: research-P4-3 size=0
20:33:37 exited-incomplete: research-P5-3 size=0
20:33:37 exited-incomplete: research-P5-2 size=0
20:33:37 exited-incomplete: research-P2-1 size=9123
20:33:37 exited-incomplete: research-P2-2 size=7688
20:33:37 exited-incomplete: research-P3-3 size=0
20:33:37 launched research-P1-2 pid 3532386
20:33:37 launched research-P3-2 pid 3532387
20:33:37 launched research-P3-1 pid 3532391
20:33:37 launched research-P1-3 pid 3532394
20:33:37 launched research-P5-1 pid 3532397
20:33:37 launched research-P1-1 pid 3532400
20:33:37 launched research-P2-3 pid 3532403
20:33:37 launched research-P4-1 pid 3532409
20:33:37 dispatched 8, remaining 7
20:33:37 active=0 done=7
20:34:07 exited-incomplete: research-P1-2 size=0
20:34:07 exited-incomplete: research-P3-2 size=0
20:34:07 exited-incomplete: research-P3-1 size=0
20:34:07 exited-incomplete: research-P1-3 size=0
20:34:07 exited-incomplete: research-P5-1 size=0
20:34:07 exited-incomplete: research-P1-1 size=0
20:34:07 exited-incomplete: research-P2-3 size=6674
20:34:07 exited-incomplete: research-P4-1 size=3862
20:34:07 launched research-P4-2 pid 3533553
20:34:07 launched research-P4-3 pid 3533555
20:34:07 launched research-P5-3 pid 3533556
20:34:07 launched research-P5-2 pid 3533559
20:34:07 launched research-P2-1 pid 3533564
20:34:07 launched research-P2-2 pid 3533567
20:34:07 launched research-P3-3 pid 3533569
20:34:07 launched research-P1-2 pid 3533571
20:34:07 dispatched 8, remaining 7
20:34:07 active=0 done=7
20:34:37 exited-incomplete: research-P4-2 size=0
20:34:37 exited-incomplete: research-P4-3 size=0
20:34:37 exited-incomplete: research-P5-3 size=0
20:34:37 exited-incomplete: research-P5-2 size=0
20:34:37 exited-incomplete: research-P2-1 size=9123
20:34:37 exited-incomplete: research-P2-2 size=7688
20:34:37 exited-incomplete: research-P3-3 size=0
20:34:37 exited-incomplete: research-P1-2 size=0
20:34:37 launched research-P3-2 pid 3534707
20:34:37 launched research-P3-1 pid 3534708
20:34:37 launched research-P1-3 pid 3534710
20:34:37 launched research-P5-1 pid 3534714
20:34:37 launched research-P1-1 pid 3534716
20:34:37 launched research-P2-3 pid 3534722
20:34:37 launched research-P4-1 pid 3534724
20:34:37 launched research-P4-2 pid 3534728
20:34:37 dispatched 8, remaining 7
20:34:37 active=0 done=7
20:35:07 exited-incomplete: research-P3-2 size=0
20:35:07 exited-incomplete: research-P3-1 size=0
20:35:07 exited-incomplete: research-P1-3 size=0
20:35:07 exited-incomplete: research-P5-1 size=0
20:35:07 exited-incomplete: research-P1-1 size=0
20:35:07 exited-incomplete: research-P2-3 size=6674
20:35:07 exited-incomplete: research-P4-1 size=3862
20:35:07 exited-incomplete: research-P4-2 size=0
20:35:07 launched research-P4-3 pid 3535856
20:35:07 launched research-P5-3 pid 3535857
20:35:07 launched research-P5-2 pid 3535859
20:35:07 launched research-P2-1 pid 3535864
20:35:07 launched research-P2-2 pid 3535867
20:35:07 launched research-P3-3 pid 3535869
20:35:07 launched research-P1-2 pid 3535873
20:35:07 launched research-P3-2 pid 3535876
20:35:07 dispatched 8, remaining 7
20:35:07 active=0 done=7
20:35:37 exited-incomplete: research-P4-3 size=0
20:35:37 exited-incomplete: research-P5-3 size=0
20:35:37 exited-incomplete: research-P5-2 size=0
20:35:37 exited-incomplete: research-P2-1 size=9123
20:35:37 exited-incomplete: research-P2-2 size=7688
20:35:37 exited-incomplete: research-P3-3 size=0
20:35:37 exited-incomplete: research-P1-2 size=0
20:35:37 exited-incomplete: research-P3-2 size=0
20:35:37 launched research-P3-1 pid 3537017
20:35:37 launched research-P1-3 pid 3537018
20:35:37 launched research-P5-1 pid 3537020
20:35:37 launched research-P1-1 pid 3537023
20:35:37 launched research-P2-3 pid 3537028
20:35:37 launched research-P4-1 pid 3537030
20:35:37 launched research-P4-2 pid 3537034
20:35:37 launched research-P4-3 pid 3537036
20:35:37 dispatched 8, remaining 7
20:35:37 active=0 done=7
20:36:07 exited-incomplete: research-P3-1 size=0
20:36:07 exited-incomplete: research-P1-3 size=0
20:36:07 exited-incomplete: research-P5-1 size=0
20:36:07 exited-incomplete: research-P1-1 size=0
20:36:07 exited-incomplete: research-P2-3 size=6674
20:36:07 exited-incomplete: research-P4-1 size=3862
20:36:07 exited-incomplete: research-P4-2 size=0
20:36:07 exited-incomplete: research-P4-3 size=0
20:36:07 launched research-P5-3 pid 3538161
20:36:07 launched research-P5-2 pid 3538163
20:36:07 launched research-P2-1 pid 3538166
20:36:07 launched research-P2-2 pid 3538170
20:36:07 launched research-P3-3 pid 3538172
20:36:07 launched research-P1-2 pid 3538175
20:36:07 launched research-P3-2 pid 3538184
20:36:07 launched research-P3-1 pid 3538187
20:36:07 dispatched 8, remaining 7
20:36:07 active=0 done=7
20:36:37 exited-incomplete: research-P5-3 size=0
20:36:37 exited-incomplete: research-P5-2 size=0
20:36:37 exited-incomplete: research-P2-1 size=9123
20:36:37 exited-incomplete: research-P2-2 size=7688
20:36:37 exited-incomplete: research-P3-3 size=0
20:36:37 exited-incomplete: research-P1-2 size=0
20:36:37 exited-incomplete: research-P3-2 size=0
20:36:37 exited-incomplete: research-P3-1 size=0
20:36:37 launched research-P1-3 pid 3539349
20:36:37 launched research-P5-1 pid 3539350
20:36:37 launched research-P1-1 pid 3539352
20:36:37 launched research-P2-3 pid 3539357
20:36:37 launched research-P4-1 pid 3539359
20:36:37 launched research-P4-2 pid 3539363
20:36:37 launched research-P4-3 pid 3539366
20:36:37 launched research-P5-3 pid 3539369
20:36:37 dispatched 8, remaining 7
20:36:37 active=0 done=7
20:37:07 exited-incomplete: research-P1-3 size=0
20:37:07 exited-incomplete: research-P5-1 size=0
20:37:07 exited-incomplete: research-P1-1 size=0
20:37:07 exited-incomplete: research-P2-3 size=6674
20:37:07 exited-incomplete: research-P4-1 size=3862
20:37:07 exited-incomplete: research-P4-2 size=0
20:37:07 exited-incomplete: research-P4-3 size=0
20:37:07 exited-incomplete: research-P5-3 size=0
20:37:07 launched research-P5-2 pid 3540515
20:37:07 launched research-P2-1 pid 3540517
20:37:07 launched research-P2-2 pid 3540520
20:37:07 launched research-P3-3 pid 3540522
20:37:07 launched research-P1-2 pid 3540525
20:37:07 launched research-P3-2 pid 3540528
20:37:07 launched research-P3-1 pid 3540532
20:37:07 launched research-P1-3 pid 3540535
20:37:07 dispatched 8, remaining 7
20:37:07 active=0 done=7
20:37:37 exited-incomplete: research-P5-2 size=0
20:37:37 exited-incomplete: research-P2-1 size=9123
20:37:37 exited-incomplete: research-P2-2 size=7688
20:37:37 exited-incomplete: research-P3-3 size=0
20:37:37 exited-incomplete: research-P1-2 size=0
20:37:37 exited-incomplete: research-P3-2 size=0
20:37:37 exited-incomplete: research-P3-1 size=0
20:37:37 exited-incomplete: research-P1-3 size=0
20:37:37 launched research-P5-1 pid 3541662
20:37:37 launched research-P1-1 pid 3541663
20:37:37 launched research-P2-3 pid 3541667
20:37:37 launched research-P4-1 pid 3541670
20:37:37 launched research-P4-2 pid 3541673
20:37:37 launched research-P4-3 pid 3541675
20:37:37 launched research-P5-3 pid 3541679
20:37:37 launched research-P5-2 pid 3541682
20:37:37 dispatched 8, remaining 7
20:37:37 active=0 done=7
20:38:07 exited-incomplete: research-P5-1 size=0
20:38:07 exited-incomplete: research-P1-1 size=0
20:38:07 exited-incomplete: research-P2-3 size=6674
20:38:07 exited-incomplete: research-P4-1 size=3862
20:38:07 exited-incomplete: research-P4-2 size=0
20:38:07 exited-incomplete: research-P4-3 size=0
20:38:07 exited-incomplete: research-P5-3 size=0
20:38:07 exited-incomplete: research-P5-2 size=0
20:38:07 launched research-P2-1 pid 3542816
20:38:07 launched research-P2-2 pid 3542818
20:38:07 launched research-P3-3 pid 3542820
20:38:07 launched research-P1-2 pid 3542822
20:38:07 launched research-P3-2 pid 3542825
20:38:07 launched research-P3-1 pid 3542830
20:38:07 launched research-P1-3 pid 3542833
20:38:07 launched research-P5-1 pid 3542837
20:38:07 dispatched 8, remaining 7
20:38:07 active=0 done=7
20:38:37 exited-incomplete: research-P2-1 size=9123
20:38:37 exited-incomplete: research-P2-2 size=7688
20:38:37 exited-incomplete: research-P3-3 size=0
20:38:37 exited-incomplete: research-P1-2 size=0
20:38:37 exited-incomplete: research-P3-2 size=0
20:38:37 exited-incomplete: research-P3-1 size=0
20:38:37 exited-incomplete: research-P1-3 size=0
20:38:37 exited-incomplete: research-P5-1 size=0
20:38:37 launched research-P1-1 pid 3543991
20:38:37 launched research-P2-3 pid 3543993
20:38:37 launched research-P4-1 pid 3543996
20:38:37 launched research-P4-2 pid 3543997
20:38:37 launched research-P4-3 pid 3544001
20:38:37 launched research-P5-3 pid 3544005
20:38:37 launched research-P5-2 pid 3544008
20:38:37 launched research-P2-1 pid 3544013
20:38:37 dispatched 8, remaining 7
20:38:37 active=0 done=7
20:39:07 exited-incomplete: research-P1-1 size=0
20:39:07 exited-incomplete: research-P2-3 size=6674
20:39:07 exited-incomplete: research-P4-1 size=3862
20:39:07 exited-incomplete: research-P4-2 size=0
20:39:07 exited-incomplete: research-P4-3 size=0
20:39:07 exited-incomplete: research-P5-3 size=0
20:39:07 exited-incomplete: research-P5-2 size=0
20:39:07 exited-incomplete: research-P2-1 size=9123
20:39:07 launched research-P2-2 pid 3545173
20:39:07 launched research-P3-3 pid 3545174
20:39:07 launched research-P1-2 pid 3545177
20:39:07 launched research-P3-2 pid 3545179
20:39:07 launched research-P3-1 pid 3545183
20:39:07 launched research-P1-3 pid 3545187
20:39:07 launched research-P5-1 pid 3545190
20:39:07 launched research-P1-1 pid 3545193
20:39:07 dispatched 8, remaining 7
20:39:07 active=0 done=7
20:39:37 exited-incomplete: research-P2-2 size=7688
20:39:37 exited-incomplete: research-P3-3 size=0
20:39:37 exited-incomplete: research-P1-2 size=0
20:39:37 exited-incomplete: research-P3-2 size=0
20:39:37 exited-incomplete: research-P3-1 size=0
20:39:37 exited-incomplete: research-P1-3 size=0
20:39:37 exited-incomplete: research-P5-1 size=0
20:39:37 exited-incomplete: research-P1-1 size=0
20:39:37 launched research-P2-3 pid 3546321
20:39:37 launched research-P4-1 pid 3546322
20:39:37 launched research-P4-2 pid 3546324
20:39:37 launched research-P4-3 pid 3546328
20:39:37 launched research-P5-3 pid 3546332
20:39:37 launched research-P5-2 pid 3546335
20:39:37 launched research-P2-1 pid 3546338
20:39:37 launched research-P2-2 pid 3546348
20:39:37 dispatched 8, remaining 7
20:39:37 active=0 done=7
20:40:07 exited-incomplete: research-P2-3 size=6674
20:40:07 exited-incomplete: research-P4-1 size=3862
20:40:07 exited-incomplete: research-P4-2 size=0
20:40:07 exited-incomplete: research-P4-3 size=0
20:40:07 exited-incomplete: research-P5-3 size=0
20:40:07 exited-incomplete: research-P5-2 size=0
20:40:07 exited-incomplete: research-P2-1 size=9123
20:40:07 exited-incomplete: research-P2-2 size=7688
20:40:07 launched research-P3-3 pid 3547502
20:40:07 launched research-P1-2 pid 3547503
20:40:07 launched research-P3-2 pid 3547506
20:40:07 launched research-P3-1 pid 3547508
20:40:07 launched research-P1-3 pid 3547511
20:40:07 launched research-P5-1 pid 3547515
20:40:07 launched research-P1-1 pid 3547519
20:40:07 launched research-P2-3 pid 3547524
20:40:07 dispatched 8, remaining 7
20:40:07 active=0 done=7
20:40:37 exited-incomplete: research-P3-3 size=0
20:40:37 exited-incomplete: research-P1-2 size=0
20:40:37 exited-incomplete: research-P3-2 size=0
20:40:37 exited-incomplete: research-P3-1 size=0
20:40:37 exited-incomplete: research-P1-3 size=0
20:40:37 exited-incomplete: research-P5-1 size=0
20:40:37 exited-incomplete: research-P1-1 size=0
20:40:37 exited-incomplete: research-P2-3 size=6674
20:40:37 launched research-P4-1 pid 3548653
20:40:37 launched research-P4-2 pid 3548654
20:40:37 launched research-P4-3 pid 3548656
20:40:37 launched research-P5-3 pid 3548659
20:40:37 launched research-P5-2 pid 3548662
20:40:37 launched research-P2-1 pid 3548667
20:40:37 launched research-P2-2 pid 3548671
20:40:37 launched research-P3-3 pid 3548678
20:40:37 dispatched 8, remaining 7
20:40:37 active=0 done=7
20:41:07 exited-incomplete: research-P4-1 size=3862
20:41:07 exited-incomplete: research-P4-2 size=0
20:41:07 exited-incomplete: research-P4-3 size=0
20:41:07 exited-incomplete: research-P5-3 size=0
20:41:07 exited-incomplete: research-P5-2 size=0
20:41:07 exited-incomplete: research-P2-1 size=9123
20:41:07 exited-incomplete: research-P2-2 size=7688
20:41:07 exited-incomplete: research-P3-3 size=0
20:41:07 launched research-P1-2 pid 3549814
20:41:07 launched research-P3-2 pid 3549815
20:41:07 launched research-P3-1 pid 3549817
20:41:07 launched research-P1-3 pid 3549820
20:41:07 launched research-P5-1 pid 3549824
20:41:07 launched research-P1-1 pid 3549826
20:41:07 launched research-P2-3 pid 3549831
20:41:07 launched research-P4-1 pid 3549834
20:41:07 dispatched 8, remaining 7
20:41:07 active=0 done=7
20:41:37 exited-incomplete: research-P1-2 size=0
20:41:37 exited-incomplete: research-P3-2 size=0
20:41:37 exited-incomplete: research-P3-1 size=0
20:41:37 exited-incomplete: research-P1-3 size=0
20:41:37 exited-incomplete: research-P5-1 size=0
20:41:37 exited-incomplete: research-P1-1 size=0
20:41:37 exited-incomplete: research-P2-3 size=6674
20:41:37 exited-incomplete: research-P4-1 size=3862
20:41:37 launched research-P4-2 pid 3550963
20:41:37 launched research-P4-3 pid 3550964
20:41:37 launched research-P5-3 pid 3550966
20:41:37 launched research-P5-2 pid 3550969
20:41:37 launched research-P2-1 pid 3550975
20:41:37 launched research-P2-2 pid 3550978
20:41:37 launched research-P3-3 pid 3550983
20:41:37 launched research-P1-2 pid 3550993
20:41:37 dispatched 8, remaining 7
20:41:37 active=0 done=7
20:42:07 exited-incomplete: research-P4-2 size=0
20:42:07 exited-incomplete: research-P4-3 size=0
20:42:07 exited-incomplete: research-P5-3 size=0
20:42:07 exited-incomplete: research-P5-2 size=0
20:42:07 exited-incomplete: research-P2-1 size=9123
20:42:07 exited-incomplete: research-P2-2 size=7688
20:42:07 exited-incomplete: research-P3-3 size=0
20:42:07 exited-incomplete: research-P1-2 size=0
20:42:07 launched research-P3-2 pid 3552130
20:42:07 launched research-P3-1 pid 3552131
20:42:07 launched research-P1-3 pid 3552135
20:42:07 launched research-P5-1 pid 3552139
20:42:07 launched research-P1-1 pid 3552141
20:42:07 launched research-P2-3 pid 3552144
20:42:07 launched research-P4-1 pid 3552152
20:42:07 launched research-P4-2 pid 3552156
20:42:07 dispatched 8, remaining 7
20:42:07 active=0 done=7
20:42:37 exited-incomplete: research-P3-2 size=0
20:42:37 exited-incomplete: research-P3-1 size=0
20:42:37 exited-incomplete: research-P1-3 size=0
20:42:37 exited-incomplete: research-P5-1 size=0
20:42:37 exited-incomplete: research-P1-1 size=0
20:42:37 exited-incomplete: research-P2-3 size=6674
20:42:37 exited-incomplete: research-P4-1 size=3862
20:42:37 exited-incomplete: research-P4-2 size=0
20:42:37 launched research-P4-3 pid 3553288
20:42:37 launched research-P5-3 pid 3553289
20:42:37 launched research-P5-2 pid 3553293
20:42:37 launched research-P2-1 pid 3553297
20:42:37 launched research-P2-2 pid 3553299
20:42:37 launched research-P3-3 pid 3553302
20:42:37 launched research-P1-2 pid 3553305
20:42:37 launched research-P3-2 pid 3553310
20:42:37 dispatched 8, remaining 7
20:42:37 active=0 done=7
20:43:07 exited-incomplete: research-P4-3 size=0
20:43:07 exited-incomplete: research-P5-3 size=0
20:43:07 exited-incomplete: research-P5-2 size=0
20:43:07 exited-incomplete: research-P2-1 size=9123
20:43:07 exited-incomplete: research-P2-2 size=7688
20:43:07 exited-incomplete: research-P3-3 size=0
20:43:07 exited-incomplete: research-P1-2 size=0
20:43:07 exited-incomplete: research-P3-2 size=0
20:43:07 launched research-P3-1 pid 3554422
20:43:07 launched research-P1-3 pid 3554423
20:43:07 launched research-P5-1 pid 3554425
20:43:07 launched research-P1-1 pid 3554428
20:43:07 launched research-P2-3 pid 3554433
20:43:07 launched research-P4-1 pid 3554436
20:43:07 launched research-P4-2 pid 3554439
20:43:07 launched research-P4-3 pid 3554442
20:43:07 dispatched 8, remaining 7
20:43:07 active=0 done=7
20:43:37 exited-incomplete: research-P3-1 size=0
20:43:37 exited-incomplete: research-P1-3 size=0
20:43:37 exited-incomplete: research-P5-1 size=0
20:43:37 exited-incomplete: research-P1-1 size=0
20:43:37 exited-incomplete: research-P2-3 size=6674
20:43:37 exited-incomplete: research-P4-1 size=3862
20:43:37 exited-incomplete: research-P4-2 size=0
20:43:37 exited-incomplete: research-P4-3 size=0
20:43:37 launched research-P5-3 pid 3555586
20:43:37 launched research-P5-2 pid 3555587
20:43:37 launched research-P2-1 pid 3555591
20:43:37 launched research-P2-2 pid 3555595
20:43:37 launched research-P3-3 pid 3555597
20:43:37 launched research-P1-2 pid 3555600
20:43:37 launched research-P3-2 pid 3555609
20:43:37 launched research-P3-1 pid 3555615
20:43:37 dispatched 8, remaining 7
20:43:37 active=0 done=7
20:44:07 exited-incomplete: research-P5-3 size=0
20:44:07 exited-incomplete: research-P5-2 size=0
20:44:07 exited-incomplete: research-P2-1 size=9123
20:44:07 exited-incomplete: research-P2-2 size=7688
20:44:07 exited-incomplete: research-P3-3 size=0
20:44:07 exited-incomplete: research-P1-2 size=0
20:44:07 exited-incomplete: research-P3-2 size=0
20:44:07 exited-incomplete: research-P3-1 size=0
20:44:07 launched research-P1-3 pid 3556754
20:44:07 launched research-P5-1 pid 3556755
20:44:07 launched research-P1-1 pid 3556757
20:44:07 launched research-P2-3 pid 3556762
20:44:07 launched research-P4-1 pid 3556765
20:44:07 launched research-P4-2 pid 3556768
20:44:07 launched research-P4-3 pid 3556771
20:44:07 launched research-P5-3 pid 3556778
20:44:07 dispatched 8, remaining 7
20:44:07 active=0 done=7
20:44:37 exited-incomplete: research-P1-3 size=0
20:44:37 exited-incomplete: research-P5-1 size=0
20:44:37 exited-incomplete: research-P1-1 size=0
20:44:37 exited-incomplete: research-P2-3 size=6674
20:44:37 exited-incomplete: research-P4-1 size=3862
20:44:37 exited-incomplete: research-P4-2 size=0
20:44:37 exited-incomplete: research-P4-3 size=0
20:44:37 exited-incomplete: research-P5-3 size=0
20:44:37 launched research-P5-2 pid 3557893
20:44:37 launched research-P2-1 pid 3557895
20:44:37 launched research-P2-2 pid 3557898
20:44:37 launched research-P3-3 pid 3557901
20:44:37 launched research-P1-2 pid 3557904
20:44:37 launched research-P3-2 pid 3557907
20:44:37 launched research-P3-1 pid 3557913
20:44:37 launched research-P1-3 pid 3557919
20:44:37 dispatched 8, remaining 7
20:44:37 active=0 done=7
20:45:07 exited-incomplete: research-P5-2 size=0
20:45:08 exited-incomplete: research-P2-1 size=9123
20:45:08 exited-incomplete: research-P2-2 size=7688
20:45:08 exited-incomplete: research-P3-3 size=0
20:45:08 exited-incomplete: research-P1-2 size=0
20:45:08 exited-incomplete: research-P3-2 size=0
20:45:08 exited-incomplete: research-P3-1 size=0
20:45:08 exited-incomplete: research-P1-3 size=0
20:45:08 launched research-P5-1 pid 3559052
20:45:08 launched research-P1-1 pid 3559053
20:45:08 launched research-P2-3 pid 3559057
20:45:08 launched research-P4-1 pid 3559060
20:45:08 launched research-P4-2 pid 3559063
20:45:08 launched research-P4-3 pid 3559066
20:45:08 launched research-P5-3 pid 3559071
20:45:08 launched research-P5-2 pid 3559078
20:45:08 dispatched 8, remaining 7
20:45:08 active=0 done=7
20:45:38 exited-incomplete: research-P5-1 size=0
20:45:38 exited-incomplete: research-P1-1 size=0
20:45:38 exited-incomplete: research-P2-3 size=6674
20:45:38 exited-incomplete: research-P4-1 size=3862
20:45:38 exited-incomplete: research-P4-2 size=0
20:45:38 exited-incomplete: research-P4-3 size=0
20:45:38 exited-incomplete: research-P5-3 size=0
20:45:38 exited-incomplete: research-P5-2 size=0
20:45:38 launched research-P2-1 pid 3560198
20:45:38 launched research-P2-2 pid 3560200
20:45:38 launched research-P3-3 pid 3560203
20:45:38 launched research-P1-2 pid 3560206
20:45:38 launched research-P3-2 pid 3560209
20:45:38 launched research-P3-1 pid 3560212
20:45:38 launched research-P1-3 pid 3560217
20:45:38 launched research-P5-1 pid 3560223
20:45:38 dispatched 8, remaining 7
20:45:38 active=0 done=7
20:46:08 exited-incomplete: research-P2-1 size=9123
20:46:08 exited-incomplete: research-P2-2 size=7688
20:46:08 exited-incomplete: research-P3-3 size=0
20:46:08 exited-incomplete: research-P1-2 size=0
20:46:08 exited-incomplete: research-P3-2 size=0
20:46:08 exited-incomplete: research-P3-1 size=0
20:46:08 exited-incomplete: research-P1-3 size=0
20:46:08 exited-incomplete: research-P5-1 size=0
20:46:08 launched research-P1-1 pid 3561398
20:46:08 launched research-P2-3 pid 3561400
20:46:08 launched research-P4-1 pid 3561403
20:46:08 launched research-P4-2 pid 3561404
20:46:08 launched research-P4-3 pid 3561407
20:46:08 launched research-P5-3 pid 3561412
20:46:08 launched research-P5-2 pid 3561415
20:46:08 launched research-P2-1 pid 3561422
20:46:08 dispatched 8, remaining 7
20:46:08 active=0 done=7
20:46:38 exited-incomplete: research-P1-1 size=0
20:46:38 exited-incomplete: research-P2-3 size=6674
20:46:38 exited-incomplete: research-P4-1 size=3862
20:46:38 exited-incomplete: research-P4-2 size=0
20:46:38 exited-incomplete: research-P4-3 size=0
20:46:38 exited-incomplete: research-P5-3 size=0
20:46:38 exited-incomplete: research-P5-2 size=0
20:46:38 exited-incomplete: research-P2-1 size=9123
20:46:38 launched research-P2-2 pid 3562562
20:46:38 launched research-P3-3 pid 3562564
20:46:38 launched research-P1-2 pid 3562567
20:46:38 launched research-P3-2 pid 3562570
20:46:38 launched research-P3-1 pid 3562573
20:46:38 launched research-P1-3 pid 3562576
20:46:38 launched research-P5-1 pid 3562579
20:46:38 launched research-P1-1 pid 3562585
20:46:38 dispatched 8, remaining 7
20:46:38 active=0 done=7
20:47:08 exited-incomplete: research-P2-2 size=7688
20:47:08 exited-incomplete: research-P3-3 size=0
20:47:08 exited-incomplete: research-P1-2 size=0
20:47:08 exited-incomplete: research-P3-2 size=0
20:47:08 exited-incomplete: research-P3-1 size=0
20:47:08 exited-incomplete: research-P1-3 size=0
20:47:08 exited-incomplete: research-P5-1 size=0
20:47:08 exited-incomplete: research-P1-1 size=0
20:47:08 launched research-P2-3 pid 3563726
20:47:08 launched research-P4-1 pid 3563728
20:47:08 launched research-P4-2 pid 3563730
20:47:08 launched research-P4-3 pid 3563734
20:47:08 launched research-P5-3 pid 3563737
20:47:08 launched research-P5-2 pid 3563740
20:47:08 launched research-P2-1 pid 3563743
20:47:08 launched research-P2-2 pid 3563754
20:47:08 dispatched 8, remaining 7
20:47:08 active=0 done=7
20:47:38 exited-incomplete: research-P2-3 size=6674
20:47:38 exited-incomplete: research-P4-1 size=3862
20:47:38 exited-incomplete: research-P4-2 size=0
20:47:38 exited-incomplete: research-P4-3 size=0
20:47:38 exited-incomplete: research-P5-3 size=0
20:47:38 exited-incomplete: research-P5-2 size=0
20:47:38 exited-incomplete: research-P2-1 size=9123
20:47:38 exited-incomplete: research-P2-2 size=7688
20:47:38 launched research-P3-3 pid 3564875
20:47:38 launched research-P1-2 pid 3564876
20:47:38 launched research-P3-2 pid 3564879
20:47:38 launched research-P3-1 pid 3564881
20:47:38 launched research-P1-3 pid 3564884
20:47:38 launched research-P5-1 pid 3564887
20:47:38 launched research-P1-1 pid 3564891
20:47:38 launched research-P2-3 pid 3564896
20:47:38 dispatched 8, remaining 7
20:47:38 active=0 done=7
20:48:08 exited-incomplete: research-P3-3 size=0
20:48:08 exited-incomplete: research-P1-2 size=0
20:48:08 exited-incomplete: research-P3-2 size=0
20:48:08 exited-incomplete: research-P3-1 size=0
20:48:08 exited-incomplete: research-P1-3 size=0
20:48:08 exited-incomplete: research-P5-1 size=0
20:48:08 exited-incomplete: research-P1-1 size=0
20:48:08 exited-incomplete: research-P2-3 size=6674
20:48:08 launched research-P4-1 pid 3566019
20:48:08 launched research-P4-2 pid 3566020
20:48:08 launched research-P4-3 pid 3566022
20:48:08 launched research-P5-3 pid 3566027
20:48:08 launched research-P5-2 pid 3566030
20:48:08 launched research-P2-1 pid 3566033
20:48:08 launched research-P2-2 pid 3566036
20:48:08 launched research-P3-3 pid 3566041
20:48:08 dispatched 8, remaining 7
20:48:08 active=0 done=7
20:48:38 exited-incomplete: research-P4-1 size=3862
20:48:38 exited-incomplete: research-P4-2 size=0
20:48:38 exited-incomplete: research-P4-3 size=0
20:48:38 exited-incomplete: research-P5-3 size=0
20:48:38 exited-incomplete: research-P5-2 size=0
20:48:38 exited-incomplete: research-P2-1 size=9123
20:48:38 exited-incomplete: research-P2-2 size=7688
20:48:38 exited-incomplete: research-P3-3 size=0
20:48:38 launched research-P1-2 pid 3567189
20:48:38 launched research-P3-2 pid 3567190
20:48:38 launched research-P3-1 pid 3567192
20:48:38 launched research-P1-3 pid 3567195
20:48:38 launched research-P5-1 pid 3567198
20:48:38 launched research-P1-1 pid 3567203
20:48:38 launched research-P2-3 pid 3567207
20:48:38 launched research-P4-1 pid 3567217
20:48:38 dispatched 8, remaining 7
20:48:38 active=0 done=7
20:49:08 exited-incomplete: research-P1-2 size=0
20:49:08 exited-incomplete: research-P3-2 size=0
20:49:08 exited-incomplete: research-P3-1 size=0
20:49:08 exited-incomplete: research-P1-3 size=0
20:49:08 exited-incomplete: research-P5-1 size=0
20:49:08 exited-incomplete: research-P1-1 size=0
20:49:08 exited-incomplete: research-P2-3 size=6674
20:49:08 exited-incomplete: research-P4-1 size=3862
20:49:08 launched research-P4-2 pid 3568336
20:49:08 launched research-P4-3 pid 3568337
20:49:08 launched research-P5-3 pid 3568340
20:49:08 launched research-P5-2 pid 3568344
20:49:08 launched research-P2-1 pid 3568347
20:49:08 launched research-P2-2 pid 3568350
20:49:08 launched research-P3-3 pid 3568352
20:49:08 launched research-P1-2 pid 3568356
20:49:08 dispatched 8, remaining 7
20:49:08 active=0 done=7
20:49:38 exited-incomplete: research-P4-2 size=0
20:49:38 exited-incomplete: research-P4-3 size=0
20:49:38 exited-incomplete: research-P5-3 size=0
20:49:38 exited-incomplete: research-P5-2 size=0
20:49:38 exited-incomplete: research-P2-1 size=9123
20:49:38 exited-incomplete: research-P2-2 size=7688
20:49:38 exited-incomplete: research-P3-3 size=0
20:49:38 exited-incomplete: research-P1-2 size=0
20:49:38 launched research-P3-2 pid 3569502
20:49:38 launched research-P3-1 pid 3569503
20:49:38 launched research-P1-3 pid 3569505
20:49:38 launched research-P5-1 pid 3569509
20:49:38 launched research-P1-1 pid 3569513
20:49:38 launched research-P2-3 pid 3569516
20:49:38 launched research-P4-1 pid 3569519
20:49:38 launched research-P4-2 pid 3569522
20:49:38 dispatched 8, remaining 7
20:49:38 active=0 done=7
20:50:08 exited-incomplete: research-P3-2 size=0
20:50:08 exited-incomplete: research-P3-1 size=0
20:50:08 exited-incomplete: research-P1-3 size=0
20:50:08 exited-incomplete: research-P5-1 size=0
20:50:08 exited-incomplete: research-P1-1 size=0
20:50:08 exited-incomplete: research-P2-3 size=6674
20:50:08 exited-incomplete: research-P4-1 size=3862
20:50:08 exited-incomplete: research-P4-2 size=0
20:50:08 launched research-P4-3 pid 3570661
20:50:08 launched research-P5-3 pid 3570662
20:50:08 launched research-P5-2 pid 3570666
20:50:08 launched research-P2-1 pid 3570669
20:50:08 launched research-P2-2 pid 3570672
20:50:08 launched research-P3-3 pid 3570675
20:50:08 launched research-P1-2 pid 3570678
20:50:08 launched research-P3-2 pid 3570684
20:50:08 dispatched 8, remaining 7
20:50:08 active=0 done=7
20:50:38 exited-incomplete: research-P4-3 size=0
20:50:38 exited-incomplete: research-P5-3 size=0
20:50:38 exited-incomplete: research-P5-2 size=0
20:50:38 exited-incomplete: research-P2-1 size=9123
20:50:38 exited-incomplete: research-P2-2 size=7688
20:50:38 exited-incomplete: research-P3-3 size=0
20:50:38 exited-incomplete: research-P1-2 size=0
20:50:38 exited-incomplete: research-P3-2 size=0
20:50:38 launched research-P3-1 pid 3571831
20:50:38 launched research-P1-3 pid 3571832
20:50:38 launched research-P5-1 pid 3571834
20:50:38 launched research-P1-1 pid 3571837
20:50:38 launched research-P2-3 pid 3571842
20:50:38 launched research-P4-1 pid 3571845
20:50:38 launched research-P4-2 pid 3571848
20:50:38 launched research-P4-3 pid 3571851
20:50:38 dispatched 8, remaining 7
20:50:38 active=0 done=7
20:51:08 exited-incomplete: research-P3-1 size=0
20:51:08 exited-incomplete: research-P1-3 size=0
20:51:08 exited-incomplete: research-P5-1 size=0
20:51:08 exited-incomplete: research-P1-1 size=0
20:51:08 exited-incomplete: research-P2-3 size=6674
20:51:08 exited-incomplete: research-P4-1 size=3862
20:51:08 exited-incomplete: research-P4-2 size=0
20:51:08 exited-incomplete: research-P4-3 size=0
20:51:08 launched research-P5-3 pid 3572987
20:51:08 launched research-P5-2 pid 3572988
20:51:08 launched research-P2-1 pid 3572991
20:51:08 launched research-P2-2 pid 3572995
20:51:08 launched research-P3-3 pid 3572998
20:51:08 launched research-P1-2 pid 3572999
20:51:08 launched research-P3-2 pid 3573004
20:51:08 launched research-P3-1 pid 3573007
20:51:08 dispatched 8, remaining 7
20:51:08 active=0 done=7
20:51:38 exited-incomplete: research-P5-3 size=0
20:51:38 exited-incomplete: research-P5-2 size=0
20:51:38 exited-incomplete: research-P2-1 size=9123
20:51:38 exited-incomplete: research-P2-2 size=7688
20:51:38 exited-incomplete: research-P3-3 size=0
20:51:38 exited-incomplete: research-P1-2 size=0
20:51:38 exited-incomplete: research-P3-2 size=0
20:51:38 exited-incomplete: research-P3-1 size=0
20:51:38 launched research-P1-3 pid 3574141
20:51:38 launched research-P5-1 pid 3574142
20:51:38 launched research-P1-1 pid 3574146
20:51:38 launched research-P2-3 pid 3574149
20:51:38 launched research-P4-1 pid 3574152
20:51:38 launched research-P4-2 pid 3574155
20:51:38 launched research-P4-3 pid 3574158
20:51:38 launched research-P5-3 pid 3574161
20:51:38 dispatched 8, remaining 7
20:51:38 active=0 done=7
20:52:08 exited-incomplete: research-P1-3 size=0
20:52:08 exited-incomplete: research-P5-1 size=0
20:52:08 exited-incomplete: research-P1-1 size=0
20:52:08 exited-incomplete: research-P2-3 size=6674
20:52:08 exited-incomplete: research-P4-1 size=3862
20:52:08 exited-incomplete: research-P4-2 size=0
20:52:08 exited-incomplete: research-P4-3 size=0
20:52:08 exited-incomplete: research-P5-3 size=0
20:52:08 launched research-P5-2 pid 3575304
20:52:08 launched research-P2-1 pid 3575306
20:52:08 launched research-P2-2 pid 3575309
20:52:08 launched research-P3-3 pid 3575310
20:52:08 launched research-P1-2 pid 3575315
20:52:08 launched research-P3-2 pid 3575318
20:52:08 launched research-P3-1 pid 3575321
20:52:08 launched research-P1-3 pid 3575326
20:52:08 dispatched 8, remaining 7
20:52:08 active=0 done=7
20:52:38 exited-incomplete: research-P5-2 size=0
20:52:38 exited-incomplete: research-P2-1 size=9123
20:52:38 exited-incomplete: research-P2-2 size=7688
20:52:38 exited-incomplete: research-P3-3 size=0
20:52:38 exited-incomplete: research-P1-2 size=0
20:52:38 exited-incomplete: research-P3-2 size=0
20:52:38 exited-incomplete: research-P3-1 size=0
20:52:38 exited-incomplete: research-P1-3 size=0
20:52:38 launched research-P5-1 pid 3576464
20:52:38 launched research-P1-1 pid 3576465
20:52:38 launched research-P2-3 pid 3576469
20:52:38 launched research-P4-1 pid 3576471
20:52:38 launched research-P4-2 pid 3576474
20:52:38 launched research-P4-3 pid 3576478
20:52:38 launched research-P5-3 pid 3576480
20:52:38 launched research-P5-2 pid 3576484
20:52:38 dispatched 8, remaining 7
20:52:38 active=0 done=7
20:53:08 exited-incomplete: research-P5-1 size=0
20:53:08 exited-incomplete: research-P1-1 size=0
20:53:08 exited-incomplete: research-P2-3 size=6674
20:53:08 exited-incomplete: research-P4-1 size=3862
20:53:08 exited-incomplete: research-P4-2 size=0
20:53:08 exited-incomplete: research-P4-3 size=0
20:53:08 exited-incomplete: research-P5-3 size=0
20:53:08 exited-incomplete: research-P5-2 size=0
20:53:08 launched research-P2-1 pid 3577637
20:53:08 launched research-P2-2 pid 3577639
20:53:08 launched research-P3-3 pid 3577642
20:53:08 launched research-P1-2 pid 3577644
20:53:08 launched research-P3-2 pid 3577648
20:53:08 launched research-P3-1 pid 3577651
20:53:08 launched research-P1-3 pid 3577653
20:53:08 launched research-P5-1 pid 3577656
20:53:08 dispatched 8, remaining 7
20:53:08 active=0 done=7
20:53:38 exited-incomplete: research-P2-1 size=9123
20:53:38 exited-incomplete: research-P2-2 size=7688
20:53:38 exited-incomplete: research-P3-3 size=0
20:53:38 exited-incomplete: research-P1-2 size=0
20:53:38 exited-incomplete: research-P3-2 size=0
20:53:38 exited-incomplete: research-P3-1 size=0
20:53:38 exited-incomplete: research-P1-3 size=0
20:53:38 exited-incomplete: research-P5-1 size=0
20:53:38 launched research-P1-1 pid 3578810
20:53:38 launched research-P2-3 pid 3578812
20:53:38 launched research-P4-1 pid 3578814
20:53:38 launched research-P4-2 pid 3578816
20:53:38 launched research-P4-3 pid 3578821
20:53:38 launched research-P5-3 pid 3578823
20:53:38 launched research-P5-2 pid 3578827
20:53:38 launched research-P2-1 pid 3578832
20:53:38 dispatched 8, remaining 7
20:53:38 active=0 done=7
20:54:08 exited-incomplete: research-P1-1 size=0
20:54:08 exited-incomplete: research-P2-3 size=6674
20:54:08 exited-incomplete: research-P4-1 size=3862
20:54:08 exited-incomplete: research-P4-2 size=0
20:54:08 exited-incomplete: research-P4-3 size=0
20:54:08 exited-incomplete: research-P5-3 size=0
20:54:08 exited-incomplete: research-P5-2 size=0
20:54:08 exited-incomplete: research-P2-1 size=9123
20:54:08 launched research-P2-2 pid 3579952
20:54:08 launched research-P3-3 pid 3579953
20:54:08 launched research-P1-2 pid 3579955
20:54:08 launched research-P3-2 pid 3579958
20:54:08 launched research-P3-1 pid 3579963
20:54:08 launched research-P1-3 pid 3579965
20:54:08 launched research-P5-1 pid 3579968
20:54:08 launched research-P1-1 pid 3579972
20:54:08 dispatched 8, remaining 7
20:54:08 active=0 done=7
20:54:38 exited-incomplete: research-P2-2 size=7688
20:54:38 exited-incomplete: research-P3-3 size=0
20:54:38 exited-incomplete: research-P1-2 size=0
20:54:38 exited-incomplete: research-P3-2 size=0
20:54:38 exited-incomplete: research-P3-1 size=0
20:54:38 exited-incomplete: research-P1-3 size=0
20:54:38 exited-incomplete: research-P5-1 size=0
20:54:38 exited-incomplete: research-P1-1 size=0
20:54:38 launched research-P2-3 pid 3581124
20:54:38 launched research-P4-1 pid 3581126
20:54:38 launched research-P4-2 pid 3581129
20:54:38 launched research-P4-3 pid 3581132
20:54:38 launched research-P5-3 pid 3581135
20:54:38 launched research-P5-2 pid 3581138
20:54:38 launched research-P2-1 pid 3581143
20:54:38 launched research-P2-2 pid 3581152
20:54:38 dispatched 8, remaining 7
20:54:38 active=0 done=7
20:55:08 exited-incomplete: research-P2-3 size=6674
20:55:08 exited-incomplete: research-P4-1 size=3862
20:55:08 exited-incomplete: research-P4-2 size=0
20:55:08 exited-incomplete: research-P4-3 size=0
20:55:08 exited-incomplete: research-P5-3 size=0
20:55:08 exited-incomplete: research-P5-2 size=0
20:55:08 exited-incomplete: research-P2-1 size=9123
20:55:08 exited-incomplete: research-P2-2 size=7688
20:55:08 launched research-P3-3 pid 3582279
20:55:08 launched research-P1-2 pid 3582280
20:55:08 launched research-P3-2 pid 3582282
20:55:08 launched research-P3-1 pid 3582286
20:55:08 launched research-P1-3 pid 3582289
20:55:08 launched research-P5-1 pid 3582293
20:55:08 launched research-P1-1 pid 3582296
20:55:08 launched research-P2-3 pid 3582304
20:55:08 dispatched 8, remaining 7
20:55:08 active=0 done=7
20:55:38 exited-incomplete: research-P3-3 size=0
20:55:38 exited-incomplete: research-P1-2 size=0
20:55:38 exited-incomplete: research-P3-2 size=0
20:55:38 exited-incomplete: research-P3-1 size=0
20:55:38 exited-incomplete: research-P1-3 size=0
20:55:38 exited-incomplete: research-P5-1 size=0
20:55:38 exited-incomplete: research-P1-1 size=0
20:55:38 exited-incomplete: research-P2-3 size=6674
20:55:38 launched research-P4-1 pid 3583442
20:55:38 launched research-P4-2 pid 3583443
20:55:38 launched research-P4-3 pid 3583445
20:55:38 launched research-P5-3 pid 3583448
20:55:38 launched research-P5-2 pid 3583451
20:55:38 launched research-P2-1 pid 3583457
20:55:38 launched research-P2-2 pid 3583459
20:55:38 launched research-P3-3 pid 3583464
20:55:38 dispatched 8, remaining 7
20:55:38 active=0 done=7
20:56:08 exited-incomplete: research-P4-1 size=3862
20:56:08 exited-incomplete: research-P4-2 size=0
20:56:08 exited-incomplete: research-P4-3 size=0
20:56:08 exited-incomplete: research-P5-3 size=0
20:56:08 exited-incomplete: research-P5-2 size=0
20:56:08 exited-incomplete: research-P2-1 size=9123
20:56:08 exited-incomplete: research-P2-2 size=7688
20:56:08 exited-incomplete: research-P3-3 size=0
20:56:08 launched research-P1-2 pid 3584637
20:56:08 launched research-P3-2 pid 3584638
20:56:08 launched research-P3-1 pid 3584640
20:56:08 launched research-P1-3 pid 3584643
20:56:08 launched research-P5-1 pid 3584646
20:56:08 launched research-P1-1 pid 3584649
20:56:08 launched research-P2-3 pid 3584654
20:56:08 launched research-P4-1 pid 3584657
20:56:08 dispatched 8, remaining 7
20:56:08 active=0 done=7
20:56:38 exited-incomplete: research-P1-2 size=0
20:56:38 exited-incomplete: research-P3-2 size=0
20:56:38 exited-incomplete: research-P3-1 size=0
20:56:38 exited-incomplete: research-P1-3 size=0
20:56:38 exited-incomplete: research-P5-1 size=0
20:56:38 exited-incomplete: research-P1-1 size=0
20:56:38 exited-incomplete: research-P2-3 size=6674
20:56:38 exited-incomplete: research-P4-1 size=3862
20:56:38 launched research-P4-2 pid 3585791
20:56:38 launched research-P4-3 pid 3585792
20:56:38 launched research-P5-3 pid 3585795
20:56:38 launched research-P5-2 pid 3585797
20:56:38 launched research-P2-1 pid 3585802
20:56:38 launched research-P2-2 pid 3585805
20:56:38 launched research-P3-3 pid 3585808
20:56:38 launched research-P1-2 pid 3585816
20:56:38 dispatched 8, remaining 7
20:56:38 active=0 done=7
20:57:08 exited-incomplete: research-P4-2 size=0
20:57:08 exited-incomplete: research-P4-3 size=0
20:57:08 exited-incomplete: research-P5-3 size=0
20:57:08 exited-incomplete: research-P5-2 size=0
20:57:08 exited-incomplete: research-P2-1 size=9123
20:57:08 exited-incomplete: research-P2-2 size=7688
20:57:08 exited-incomplete: research-P3-3 size=0
20:57:08 exited-incomplete: research-P1-2 size=0
20:57:08 launched research-P3-2 pid 3586948
20:57:08 launched research-P3-1 pid 3586949
20:57:08 launched research-P1-3 pid 3586952
20:57:08 launched research-P5-1 pid 3586956
20:57:08 launched research-P1-1 pid 3586959
20:57:08 launched research-P2-3 pid 3586962
20:57:08 launched research-P4-1 pid 3586965
20:57:08 launched research-P4-2 pid 3586971
20:57:08 dispatched 8, remaining 7
20:57:08 active=0 done=7
20:57:38 exited-incomplete: research-P3-2 size=0
20:57:38 exited-incomplete: research-P3-1 size=0
20:57:38 exited-incomplete: research-P1-3 size=0
20:57:38 exited-incomplete: research-P5-1 size=0
20:57:38 exited-incomplete: research-P1-1 size=0
20:57:38 exited-incomplete: research-P2-3 size=6674
20:57:38 exited-incomplete: research-P4-1 size=3862
20:57:38 exited-incomplete: research-P4-2 size=0
20:57:38 launched research-P4-3 pid 3588078
20:57:38 launched research-P5-3 pid 3588080
20:57:38 launched research-P5-2 pid 3588083
20:57:38 launched research-P2-1 pid 3588086
20:57:38 launched research-P2-2 pid 3588089
20:57:38 launched research-P3-3 pid 3588092
20:57:38 launched research-P1-2 pid 3588097
20:57:38 launched research-P3-2 pid 3588104
20:57:38 dispatched 8, remaining 7
20:57:38 active=0 done=7
20:58:08 exited-incomplete: research-P4-3 size=0
20:58:08 exited-incomplete: research-P5-3 size=0
20:58:08 exited-incomplete: research-P5-2 size=0
20:58:08 exited-incomplete: research-P2-1 size=9123
20:58:08 exited-incomplete: research-P2-2 size=7688
20:58:08 exited-incomplete: research-P3-3 size=0
20:58:08 exited-incomplete: research-P1-2 size=0
20:58:08 exited-incomplete: research-P3-2 size=0
20:58:08 launched research-P3-1 pid 3589251
20:58:08 launched research-P1-3 pid 3589252
20:58:08 launched research-P5-1 pid 3589254
20:58:08 launched research-P1-1 pid 3589258
20:58:08 launched research-P2-3 pid 3589263
20:58:08 launched research-P4-1 pid 3589265
20:58:08 launched research-P4-2 pid 3589268
20:58:08 launched research-P4-3 pid 3589274
20:58:08 dispatched 8, remaining 7
20:58:08 active=0 done=7
20:58:38 exited-incomplete: research-P3-1 size=0
20:58:38 exited-incomplete: research-P1-3 size=0
20:58:38 exited-incomplete: research-P5-1 size=0
20:58:38 exited-incomplete: research-P1-1 size=0
20:58:38 exited-incomplete: research-P2-3 size=6674
20:58:38 exited-incomplete: research-P4-1 size=3862
20:58:38 exited-incomplete: research-P4-2 size=0
20:58:38 exited-incomplete: research-P4-3 size=0
20:58:38 launched research-P5-3 pid 3590406
20:58:38 launched research-P5-2 pid 3590407
20:58:38 launched research-P2-1 pid 3590411
20:58:38 launched research-P2-2 pid 3590414
20:58:38 launched research-P3-3 pid 3590416
20:58:38 launched research-P1-2 pid 3590420
20:58:38 launched research-P3-2 pid 3590423
20:58:38 launched research-P3-1 pid 3590426
20:58:38 dispatched 8, remaining 7
20:58:38 active=0 done=7
20:59:08 exited-incomplete: research-P5-3 size=0
20:59:08 exited-incomplete: research-P5-2 size=0
20:59:08 exited-incomplete: research-P2-1 size=9123
20:59:08 exited-incomplete: research-P2-2 size=7688
20:59:08 exited-incomplete: research-P3-3 size=0
20:59:08 exited-incomplete: research-P1-2 size=0
20:59:08 exited-incomplete: research-P3-2 size=0
20:59:08 exited-incomplete: research-P3-1 size=0
20:59:08 launched research-P1-3 pid 3591583
20:59:08 launched research-P5-1 pid 3591584
20:59:08 launched research-P1-1 pid 3591586
20:59:08 launched research-P2-3 pid 3591591
20:59:08 launched research-P4-1 pid 3591594
20:59:08 launched research-P4-2 pid 3591595
20:59:08 launched research-P4-3 pid 3591600
20:59:08 launched research-P5-3 pid 3591603
20:59:08 dispatched 8, remaining 7
20:59:08 active=0 done=7
20:59:38 exited-incomplete: research-P1-3 size=0
20:59:38 exited-incomplete: research-P5-1 size=0
20:59:38 exited-incomplete: research-P1-1 size=0
20:59:38 exited-incomplete: research-P2-3 size=6674
20:59:38 exited-incomplete: research-P4-1 size=3862
20:59:38 exited-incomplete: research-P4-2 size=0
20:59:38 exited-incomplete: research-P4-3 size=0
20:59:38 exited-incomplete: research-P5-3 size=0
20:59:38 launched research-P5-2 pid 3592719
20:59:38 launched research-P2-1 pid 3592721
20:59:38 launched research-P2-2 pid 3592724
20:59:38 launched research-P3-3 pid 3592727
20:59:38 launched research-P1-2 pid 3592730
20:59:38 launched research-P3-2 pid 3592733
20:59:38 launched research-P3-1 pid 3592735
20:59:38 launched research-P1-3 pid 3592744
20:59:38 dispatched 8, remaining 7
20:59:38 active=0 done=7
21:00:08 exited-incomplete: research-P5-2 size=0
21:00:08 exited-incomplete: research-P2-1 size=9123
21:00:08 exited-incomplete: research-P2-2 size=7688
21:00:08 exited-incomplete: research-P3-3 size=0
21:00:08 exited-incomplete: research-P1-2 size=0
21:00:08 exited-incomplete: research-P3-2 size=0
21:00:08 exited-incomplete: research-P3-1 size=0
21:00:08 exited-incomplete: research-P1-3 size=0
21:00:08 launched research-P5-1 pid 3593888
21:00:08 launched research-P1-1 pid 3593890
21:00:08 launched research-P2-3 pid 3593893
21:00:08 launched research-P4-1 pid 3593895
21:00:09 launched research-P4-2 pid 3593899
21:00:09 launched research-P4-3 pid 3593902
21:00:09 launched research-P5-3 pid 3593905
21:00:09 launched research-P5-2 pid 3593914
21:00:09 dispatched 8, remaining 7
21:00:09 active=0 done=7
21:00:39 exited-incomplete: research-P5-1 size=0
21:00:39 exited-incomplete: research-P1-1 size=0
21:00:39 exited-incomplete: research-P2-3 size=6674
21:00:39 exited-incomplete: research-P4-1 size=3862
21:00:39 exited-incomplete: research-P4-2 size=0
21:00:39 exited-incomplete: research-P4-3 size=0
21:00:39 exited-incomplete: research-P5-3 size=0
21:00:39 exited-incomplete: research-P5-2 size=0
21:00:39 launched research-P2-1 pid 3595037
21:00:39 launched research-P2-2 pid 3595039
21:00:39 launched research-P3-3 pid 3595041
21:00:39 launched research-P1-2 pid 3595043
21:00:39 launched research-P3-2 pid 3595048
21:00:39 launched research-P3-1 pid 3595051
21:00:39 launched research-P1-3 pid 3595054
21:00:39 launched research-P5-1 pid 3595059
21:00:39 dispatched 8, remaining 7
21:00:39 active=0 done=7
21:01:09 exited-incomplete: research-P2-1 size=9123
21:01:09 exited-incomplete: research-P2-2 size=7688
21:01:09 exited-incomplete: research-P3-3 size=0
21:01:09 exited-incomplete: research-P1-2 size=0
21:01:09 exited-incomplete: research-P3-2 size=0
21:01:09 exited-incomplete: research-P3-1 size=0
21:01:09 exited-incomplete: research-P1-3 size=0
21:01:09 exited-incomplete: research-P5-1 size=0
21:01:09 launched research-P1-1 pid 3596230
21:01:09 launched research-P2-3 pid 3596232
21:01:09 launched research-P4-1 pid 3596235
21:01:09 launched research-P4-2 pid 3596237
21:01:09 launched research-P4-3 pid 3596239
21:01:09 launched research-P5-3 pid 3596244
21:01:09 launched research-P5-2 pid 3596247
21:01:09 launched research-P2-1 pid 3596255
21:01:09 dispatched 8, remaining 7
21:01:09 active=0 done=7
21:01:39 exited-incomplete: research-P1-1 size=0
21:01:39 exited-incomplete: research-P2-3 size=6674
21:01:39 exited-incomplete: research-P4-1 size=3862
21:01:39 exited-incomplete: research-P4-2 size=0
21:01:39 exited-incomplete: research-P4-3 size=0
21:01:39 exited-incomplete: research-P5-3 size=0
21:01:39 exited-incomplete: research-P5-2 size=0
21:01:39 exited-incomplete: research-P2-1 size=9123
21:01:39 launched research-P2-2 pid 3597418
21:01:39 launched research-P3-3 pid 3597419
21:01:39 launched research-P1-2 pid 3597421
21:01:39 launched research-P3-2 pid 3597425
21:01:39 launched research-P3-1 pid 3597429
21:01:39 launched research-P1-3 pid 3597432
21:01:39 launched research-P5-1 pid 3597435
21:01:39 launched research-P1-1 pid 3597438
21:01:39 dispatched 8, remaining 7
21:01:39 active=0 done=7
21:02:09 exited-incomplete: research-P2-2 size=7688
21:02:09 exited-incomplete: research-P3-3 size=0
21:02:09 exited-incomplete: research-P1-2 size=0
21:02:09 exited-incomplete: research-P3-2 size=0
21:02:09 exited-incomplete: research-P3-1 size=0
21:02:09 exited-incomplete: research-P1-3 size=0
21:02:09 exited-incomplete: research-P5-1 size=0
21:02:09 exited-incomplete: research-P1-1 size=0
21:02:09 launched research-P2-3 pid 3598593
21:02:09 launched research-P4-1 pid 3598595
21:02:09 launched research-P4-2 pid 3598597
21:02:09 launched research-P4-3 pid 3598600
21:02:09 launched research-P5-3 pid 3598604
21:02:09 launched research-P5-2 pid 3598606
21:02:09 launched research-P2-1 pid 3598610
21:02:09 launched research-P2-2 pid 3598615
21:02:09 dispatched 8, remaining 7
21:02:09 active=0 done=7
21:02:39 exited-incomplete: research-P2-3 size=6674
21:02:39 exited-incomplete: research-P4-1 size=3862
21:02:39 exited-incomplete: research-P4-2 size=0
21:02:39 exited-incomplete: research-P4-3 size=0
21:02:39 exited-incomplete: research-P5-3 size=0
21:02:39 exited-incomplete: research-P5-2 size=0
21:02:39 exited-incomplete: research-P2-1 size=9123
21:02:39 exited-incomplete: research-P2-2 size=7688
21:02:39 launched research-P3-3 pid 3599744
21:02:39 launched research-P1-2 pid 3599745
21:02:39 launched research-P3-2 pid 3599748
21:02:39 launched research-P3-1 pid 3599751
21:02:39 launched research-P1-3 pid 3599753
21:02:39 launched research-P5-1 pid 3599757
21:02:39 launched research-P1-1 pid 3599759
21:02:39 launched research-P2-3 pid 3599764
21:02:39 dispatched 8, remaining 7
21:02:39 active=0 done=7
21:03:09 exited-incomplete: research-P3-3 size=0
21:03:09 exited-incomplete: research-P1-2 size=0
21:03:09 exited-incomplete: research-P3-2 size=0
21:03:09 exited-incomplete: research-P3-1 size=0
21:03:09 exited-incomplete: research-P1-3 size=0
21:03:09 exited-incomplete: research-P5-1 size=0
21:03:09 exited-incomplete: research-P1-1 size=0
21:03:09 exited-incomplete: research-P2-3 size=6674
21:03:09 launched research-P4-1 pid 3600879
21:03:09 launched research-P4-2 pid 3600880
21:03:09 launched research-P4-3 pid 3600883
21:03:09 launched research-P5-3 pid 3600885
21:03:09 launched research-P5-2 pid 3600889
21:03:09 launched research-P2-1 pid 3600893
21:03:09 launched research-P2-2 pid 3600896
21:03:09 launched research-P3-3 pid 3600898
21:03:09 dispatched 8, remaining 7
21:03:09 active=0 done=7
21:03:39 exited-incomplete: research-P4-1 size=3862
21:03:39 exited-incomplete: research-P4-2 size=0
21:03:39 exited-incomplete: research-P4-3 size=0
21:03:39 exited-incomplete: research-P5-3 size=0
21:03:39 exited-incomplete: research-P5-2 size=0
21:03:39 exited-incomplete: research-P2-1 size=9123
21:03:39 exited-incomplete: research-P2-2 size=7688
21:03:39 exited-incomplete: research-P3-3 size=0
21:03:39 launched research-P1-2 pid 3602053
21:03:39 launched research-P3-2 pid 3602054
21:03:39 launched research-P3-1 pid 3602057
21:03:39 launched research-P1-3 pid 3602061
21:03:39 launched research-P5-1 pid 3602063
21:03:39 launched research-P1-1 pid 3602065
21:03:39 launched research-P2-3 pid 3602070
21:03:39 launched research-P4-1 pid 3602073
21:03:39 dispatched 8, remaining 7
21:03:39 active=0 done=7
21:04:09 exited-incomplete: research-P1-2 size=0
21:04:09 exited-incomplete: research-P3-2 size=0
21:04:09 exited-incomplete: research-P3-1 size=0
21:04:09 exited-incomplete: research-P1-3 size=0
21:04:09 exited-incomplete: research-P5-1 size=0
21:04:09 exited-incomplete: research-P1-1 size=0
21:04:09 exited-incomplete: research-P2-3 size=6674
21:04:09 exited-incomplete: research-P4-1 size=3862
21:04:09 launched research-P4-2 pid 3603222
21:04:09 launched research-P4-3 pid 3603223
21:04:09 launched research-P5-3 pid 3603226
21:04:09 launched research-P5-2 pid 3603230
21:04:09 launched research-P2-1 pid 3603233
21:04:09 launched research-P2-2 pid 3603236
21:04:09 launched research-P3-3 pid 3603238
21:04:09 launched research-P1-2 pid 3603244
21:04:09 dispatched 8, remaining 7
21:04:09 active=0 done=7
21:04:39 exited-incomplete: research-P4-2 size=0
21:04:39 exited-incomplete: research-P4-3 size=0
21:04:39 exited-incomplete: research-P5-3 size=0
21:04:39 exited-incomplete: research-P5-2 size=0
21:04:39 exited-incomplete: research-P2-1 size=9123
21:04:39 exited-incomplete: research-P2-2 size=7688
21:04:39 exited-incomplete: research-P3-3 size=0
21:04:39 exited-incomplete: research-P1-2 size=0
21:04:39 launched research-P3-2 pid 3604372
21:04:39 launched research-P3-1 pid 3604373
21:04:39 launched research-P1-3 pid 3604375
21:04:39 launched research-P5-1 pid 3604379
21:04:39 launched research-P1-1 pid 3604383
21:04:39 launched research-P2-3 pid 3604386
21:04:39 launched research-P4-1 pid 3604389
21:04:39 launched research-P4-2 pid 3604394
21:04:39 dispatched 8, remaining 7
21:04:39 active=0 done=7
21:05:09 exited-incomplete: research-P3-2 size=0
21:05:09 exited-incomplete: research-P3-1 size=0
21:05:09 exited-incomplete: research-P1-3 size=0
21:05:09 exited-incomplete: research-P5-1 size=0
21:05:09 exited-incomplete: research-P1-1 size=0
21:05:09 exited-incomplete: research-P2-3 size=6674
21:05:09 exited-incomplete: research-P4-1 size=3862
21:05:09 exited-incomplete: research-P4-2 size=0
21:05:09 launched research-P4-3 pid 3605556
21:05:09 launched research-P5-3 pid 3605557
21:05:09 launched research-P5-2 pid 3605559
21:05:09 launched research-P2-1 pid 3605564
21:05:09 launched research-P2-2 pid 3605567
21:05:09 launched research-P3-3 pid 3605569
21:05:09 launched research-P1-2 pid 3605573
21:05:09 launched research-P3-2 pid 3605578
21:05:09 dispatched 8, remaining 7
21:05:09 active=0 done=7
21:05:39 exited-incomplete: research-P4-3 size=0
21:05:39 exited-incomplete: research-P5-3 size=0
21:05:39 exited-incomplete: research-P5-2 size=0
21:05:39 exited-incomplete: research-P2-1 size=9123
21:05:39 exited-incomplete: research-P2-2 size=7688
21:05:39 exited-incomplete: research-P3-3 size=0
21:05:39 exited-incomplete: research-P1-2 size=0
21:05:39 exited-incomplete: research-P3-2 size=0
21:05:39 launched research-P3-1 pid 3606706
21:05:39 launched research-P1-3 pid 3606707
21:05:39 launched research-P5-1 pid 3606710
21:05:39 launched research-P1-1 pid 3606712
21:05:39 launched research-P2-3 pid 3606717
21:05:39 launched research-P4-1 pid 3606720
21:05:39 launched research-P4-2 pid 3606722
21:05:39 launched research-P4-3 pid 3606726
21:05:39 dispatched 8, remaining 7
21:05:39 active=0 done=7
21:06:09 exited-incomplete: research-P3-1 size=0
21:06:09 exited-incomplete: research-P1-3 size=0
21:06:09 exited-incomplete: research-P5-1 size=0
21:06:09 exited-incomplete: research-P1-1 size=0
21:06:09 exited-incomplete: research-P2-3 size=6674
21:06:09 exited-incomplete: research-P4-1 size=3862
21:06:09 exited-incomplete: research-P4-2 size=0
21:06:09 exited-incomplete: research-P4-3 size=0
21:06:09 launched research-P5-3 pid 3607866
21:06:09 launched research-P5-2 pid 3607867
21:06:09 launched research-P2-1 pid 3607871
21:06:09 launched research-P2-2 pid 3607874
21:06:09 launched research-P3-3 pid 3607877
21:06:09 launched research-P1-2 pid 3607880
21:06:09 launched research-P3-2 pid 3607883
21:06:09 launched research-P3-1 pid 3607888
21:06:09 dispatched 8, remaining 7
21:06:09 active=0 done=7
21:06:39 exited-incomplete: research-P5-3 size=0
21:06:39 exited-incomplete: research-P5-2 size=0
21:06:39 exited-incomplete: research-P2-1 size=9123
21:06:39 exited-incomplete: research-P2-2 size=7688
21:06:39 exited-incomplete: research-P3-3 size=0
21:06:39 exited-incomplete: research-P1-2 size=0
21:06:39 exited-incomplete: research-P3-2 size=0
21:06:39 exited-incomplete: research-P3-1 size=0
21:06:39 launched research-P1-3 pid 3608998
21:06:39 launched research-P5-1 pid 3608999
21:06:39 launched research-P1-1 pid 3609001
21:06:39 launched research-P2-3 pid 3609006
21:06:39 launched research-P4-1 pid 3609009
21:06:39 launched research-P4-2 pid 3609012
21:06:39 launched research-P4-3 pid 3609015
21:06:39 launched research-P5-3 pid 3609018
21:06:39 dispatched 8, remaining 7
21:06:39 active=0 done=7
21:07:09 exited-incomplete: research-P1-3 size=0
21:07:09 exited-incomplete: research-P5-1 size=0
21:07:09 exited-incomplete: research-P1-1 size=0
21:07:09 exited-incomplete: research-P2-3 size=6674
21:07:09 exited-incomplete: research-P4-1 size=3862
21:07:09 exited-incomplete: research-P4-2 size=0
21:07:09 exited-incomplete: research-P4-3 size=0
21:07:09 exited-incomplete: research-P5-3 size=0
21:07:09 launched research-P5-2 pid 3610153
21:07:09 launched research-P2-1 pid 3610155
21:07:09 launched research-P2-2 pid 3610158
21:07:09 launched research-P3-3 pid 3610160
21:07:09 launched research-P1-2 pid 3610164
21:07:09 launched research-P3-2 pid 3610167
21:07:09 launched research-P3-1 pid 3610170
21:07:09 launched research-P1-3 pid 3610173
21:07:09 dispatched 8, remaining 7
21:07:09 active=0 done=7
21:07:39 exited-incomplete: research-P5-2 size=0
21:07:39 exited-incomplete: research-P2-1 size=9123
21:07:39 exited-incomplete: research-P2-2 size=7688
21:07:39 exited-incomplete: research-P3-3 size=0
21:07:39 exited-incomplete: research-P1-2 size=0
21:07:39 exited-incomplete: research-P3-2 size=0
21:07:39 exited-incomplete: research-P3-1 size=0
21:07:39 exited-incomplete: research-P1-3 size=0
21:07:39 launched research-P5-1 pid 3611307
21:07:39 launched research-P1-1 pid 3611308
21:07:39 launched research-P2-3 pid 3611313
21:07:39 launched research-P4-1 pid 3611315
21:07:39 launched research-P4-2 pid 3611318
21:07:39 launched research-P4-3 pid 3611321
21:07:39 launched research-P5-3 pid 3611327
21:07:39 launched research-P5-2 pid 3611333
21:07:39 dispatched 8, remaining 7
21:07:39 active=0 done=7
21:08:09 exited-incomplete: research-P5-1 size=0
21:08:09 exited-incomplete: research-P1-1 size=0
21:08:09 exited-incomplete: research-P2-3 size=6674
21:08:09 exited-incomplete: research-P4-1 size=3862
21:08:09 exited-incomplete: research-P4-2 size=0
21:08:09 exited-incomplete: research-P4-3 size=0
21:08:09 exited-incomplete: research-P5-3 size=0
21:08:09 exited-incomplete: research-P5-2 size=0
21:08:09 launched research-P2-1 pid 3612458
21:08:09 launched research-P2-2 pid 3612460
21:08:09 launched research-P3-3 pid 3612462
21:08:09 launched research-P1-2 pid 3612464
21:08:09 launched research-P3-2 pid 3612467
21:08:09 launched research-P3-1 pid 3612472
21:08:09 launched research-P1-3 pid 3612475
21:08:09 launched research-P5-1 pid 3612477
21:08:09 dispatched 8, remaining 7
21:08:09 active=0 done=7
21:08:39 exited-incomplete: research-P2-1 size=9123
21:08:39 exited-incomplete: research-P2-2 size=7688
21:08:39 exited-incomplete: research-P3-3 size=0
21:08:39 exited-incomplete: research-P1-2 size=0
21:08:39 exited-incomplete: research-P3-2 size=0
21:08:39 exited-incomplete: research-P3-1 size=0
21:08:39 exited-incomplete: research-P1-3 size=0
21:08:39 exited-incomplete: research-P5-1 size=0
21:08:39 launched research-P1-1 pid 3613620
21:08:39 launched research-P2-3 pid 3613622
21:08:39 launched research-P4-1 pid 3613624
21:08:39 launched research-P4-2 pid 3613626
21:08:39 launched research-P4-3 pid 3613630
21:08:39 launched research-P5-3 pid 3613634
21:08:39 launched research-P5-2 pid 3613637
21:08:39 launched research-P2-1 pid 3613643
21:08:39 dispatched 8, remaining 7
21:08:39 active=0 done=7
21:09:09 exited-incomplete: research-P1-1 size=0
21:09:09 exited-incomplete: research-P2-3 size=6674
21:09:09 exited-incomplete: research-P4-1 size=3862
21:09:09 exited-incomplete: research-P4-2 size=0
21:09:09 exited-incomplete: research-P4-3 size=0
21:09:09 exited-incomplete: research-P5-3 size=0
21:09:09 exited-incomplete: research-P5-2 size=0
21:09:09 exited-incomplete: research-P2-1 size=9123
21:09:09 launched research-P2-2 pid 3614788
21:09:09 launched research-P3-3 pid 3614789
21:09:09 launched research-P1-2 pid 3614791
21:09:09 launched research-P3-2 pid 3614795
21:09:09 launched research-P3-1 pid 3614797
21:09:09 launched research-P1-3 pid 3614801
21:09:09 launched research-P5-1 pid 3614805
21:09:09 launched research-P1-1 pid 3614807
21:09:09 dispatched 8, remaining 7
21:09:09 active=0 done=7
21:09:39 exited-incomplete: research-P2-2 size=7688
21:09:39 exited-incomplete: research-P3-3 size=0
21:09:39 exited-incomplete: research-P1-2 size=0
21:09:39 exited-incomplete: research-P3-2 size=0
21:09:39 exited-incomplete: research-P3-1 size=0
21:09:39 exited-incomplete: research-P1-3 size=0
21:09:39 exited-incomplete: research-P5-1 size=0
21:09:39 exited-incomplete: research-P1-1 size=0
21:09:39 launched research-P2-3 pid 3615965
21:09:39 launched research-P4-1 pid 3615966
21:09:39 launched research-P4-2 pid 3615970
21:09:39 launched research-P4-3 pid 3615972
21:09:39 launched research-P5-3 pid 3615976
21:09:39 launched research-P5-2 pid 3615979
21:09:39 launched research-P2-1 pid 3615983
21:09:39 launched research-P2-2 pid 3615991
21:09:39 dispatched 8, remaining 7
21:09:39 active=0 done=7
21:10:09 exited-incomplete: research-P2-3 size=6674
21:10:09 exited-incomplete: research-P4-1 size=3862
21:10:09 exited-incomplete: research-P4-2 size=0
21:10:09 exited-incomplete: research-P4-3 size=0
21:10:09 exited-incomplete: research-P5-3 size=0
21:10:09 exited-incomplete: research-P5-2 size=0
21:10:09 exited-incomplete: research-P2-1 size=9123
21:10:09 exited-incomplete: research-P2-2 size=7688
21:10:09 launched research-P3-3 pid 3617131
21:10:09 launched research-P1-2 pid 3617132
21:10:09 launched research-P3-2 pid 3617134
21:10:09 launched research-P3-1 pid 3617137
21:10:09 launched research-P1-3 pid 3617141
21:10:09 launched research-P5-1 pid 3617144
21:10:09 launched research-P1-1 pid 3617148
21:10:09 launched research-P2-3 pid 3617151
21:10:09 dispatched 8, remaining 7
21:10:09 active=0 done=7
21:10:39 exited-incomplete: research-P3-3 size=0
21:10:39 exited-incomplete: research-P1-2 size=0
21:10:39 exited-incomplete: research-P3-2 size=0
21:10:39 exited-incomplete: research-P3-1 size=0
21:10:39 exited-incomplete: research-P1-3 size=0
21:10:39 exited-incomplete: research-P5-1 size=0
21:10:39 exited-incomplete: research-P1-1 size=0
21:10:39 exited-incomplete: research-P2-3 size=6674
21:10:39 launched research-P4-1 pid 3618321
21:10:39 launched research-P4-2 pid 3618322
21:10:39 launched research-P4-3 pid 3618324
21:10:39 launched research-P5-3 pid 3618327
21:10:39 launched research-P5-2 pid 3618332
21:10:39 launched research-P2-1 pid 3618335
21:10:39 launched research-P2-2 pid 3618338
21:10:39 launched research-P3-3 pid 3618343
21:10:39 dispatched 8, remaining 7
21:10:39 active=0 done=7
21:11:09 exited-incomplete: research-P4-1 size=3862
21:11:09 exited-incomplete: research-P4-2 size=0
21:11:09 exited-incomplete: research-P4-3 size=0
21:11:09 exited-incomplete: research-P5-3 size=0
21:11:09 exited-incomplete: research-P5-2 size=0
21:11:09 exited-incomplete: research-P2-1 size=9123
21:11:09 exited-incomplete: research-P2-2 size=7688
21:11:09 exited-incomplete: research-P3-3 size=0
21:11:09 launched research-P1-2 pid 3619495
21:11:09 launched research-P3-2 pid 3619496
21:11:09 launched research-P3-1 pid 3619499
21:11:09 launched research-P1-3 pid 3619502
21:11:09 launched research-P5-1 pid 3619505
21:11:09 launched research-P1-1 pid 3619509
21:11:09 launched research-P2-3 pid 3619512
21:11:09 launched research-P4-1 pid 3619519
21:11:09 dispatched 8, remaining 7
21:11:09 active=0 done=7
21:11:39 exited-incomplete: research-P1-2 size=0
21:11:39 exited-incomplete: research-P3-2 size=0
21:11:39 exited-incomplete: research-P3-1 size=0
21:11:39 exited-incomplete: research-P1-3 size=0
21:11:39 exited-incomplete: research-P5-1 size=0
21:11:39 exited-incomplete: research-P1-1 size=0
21:11:39 exited-incomplete: research-P2-3 size=6674
21:11:39 exited-incomplete: research-P4-1 size=3862
21:11:39 launched research-P4-2 pid 3620652
21:11:39 launched research-P4-3 pid 3620653
21:11:39 launched research-P5-3 pid 3620656
21:11:39 launched research-P5-2 pid 3620658
21:11:39 launched research-P2-1 pid 3620663
21:11:39 launched research-P2-2 pid 3620665
21:11:39 launched research-P3-3 pid 3620668
21:11:39 launched research-P1-2 pid 3620677
21:11:39 dispatched 8, remaining 7
21:11:39 active=0 done=7
21:12:09 exited-incomplete: research-P4-2 size=0
21:12:09 exited-incomplete: research-P4-3 size=0
21:12:09 exited-incomplete: research-P5-3 size=0
21:12:09 exited-incomplete: research-P5-2 size=0
21:12:09 exited-incomplete: research-P2-1 size=9123
21:12:09 exited-incomplete: research-P2-2 size=7688
21:12:09 exited-incomplete: research-P3-3 size=0
21:12:09 exited-incomplete: research-P1-2 size=0
21:12:09 launched research-P3-2 pid 3621859
21:12:09 launched research-P3-1 pid 3621860
21:12:09 launched research-P1-3 pid 3621864
21:12:09 launched research-P5-1 pid 3621867
21:12:09 launched research-P1-1 pid 3621870
21:12:09 launched research-P2-3 pid 3621873
21:12:09 launched research-P4-1 pid 3621880
21:12:09 launched research-P4-2 pid 3621886
21:12:09 dispatched 8, remaining 7
21:12:09 active=0 done=7
21:12:39 exited-incomplete: research-P3-2 size=0
21:12:39 exited-incomplete: research-P3-1 size=0
21:12:39 exited-incomplete: research-P1-3 size=0
21:12:39 exited-incomplete: research-P5-1 size=0
21:12:39 exited-incomplete: research-P1-1 size=0
21:12:39 exited-incomplete: research-P2-3 size=6674
21:12:39 exited-incomplete: research-P4-1 size=3862
21:12:39 exited-incomplete: research-P4-2 size=0
21:12:39 launched research-P4-3 pid 3623026
21:12:39 launched research-P5-3 pid 3623027
21:12:39 launched research-P5-2 pid 3623029
21:12:39 launched research-P2-1 pid 3623034
21:12:39 launched research-P2-2 pid 3623037
21:12:39 launched research-P3-3 pid 3623040
21:12:39 launched research-P1-2 pid 3623043
21:12:39 launched research-P3-2 pid 3623045
21:12:39 dispatched 8, remaining 7
21:12:39 active=0 done=7
21:13:09 launched research-P3-1 pid 3624199
21:13:09 launched research-P1-3 pid 3624200
21:13:09 launched research-P5-1 pid 3624203
21:13:09 launched research-P1-1 pid 3624205
21:13:09 launched research-P2-3 pid 3624210
21:13:09 launched research-P4-1 pid 3624212
21:13:09 launched research-P4-2 pid 3624215
21:13:09 dispatched 7, remaining 0
21:13:09 active=0 done=8
21:13:39 exited-incomplete: research-P3-1 size=0
21:13:39 exited-incomplete: research-P1-3 size=0
21:13:39 exited-incomplete: research-P5-1 size=0
21:13:39 exited-incomplete: research-P1-1 size=0
21:13:39 exited-incomplete: research-P2-3 size=6674
21:13:39 exited-incomplete: research-P4-1 size=3862
21:13:39 exited-incomplete: research-P4-2 size=0
21:13:39 launched research-P3-1 pid 3625217
21:13:39 launched research-P1-3 pid 3625218
21:13:39 launched research-P5-1 pid 3625220
21:13:39 launched research-P1-1 pid 3625223
21:13:39 launched research-P2-3 pid 3625228
21:13:39 launched research-P4-1 pid 3625229
21:13:39 launched research-P4-2 pid 3625234
21:13:39 dispatched 7, remaining 0
21:13:39 active=0 done=8
21:14:09 exited-incomplete: research-P3-1 size=0
21:14:09 exited-incomplete: research-P1-3 size=0
21:14:09 exited-incomplete: research-P5-1 size=0
21:14:09 exited-incomplete: research-P1-1 size=0
21:14:09 exited-incomplete: research-P2-3 size=6674
21:14:09 exited-incomplete: research-P4-1 size=3862
21:14:09 exited-incomplete: research-P4-2 size=0
21:14:09 launched research-P3-1 pid 3626257
21:14:09 launched research-P1-3 pid 3626258
21:14:09 launched research-P5-1 pid 3626261
21:14:09 launched research-P1-1 pid 3626265
21:14:09 launched research-P2-3 pid 3626269
21:14:09 launched research-P4-1 pid 3626271
21:14:09 launched research-P4-2 pid 3626272
21:14:09 dispatched 7, remaining 0
21:14:09 active=0 done=8
