来源成稿,对象,提及行数,波次
AUD-101-D1残余.md,docs/contracts/PIPELINE_BLOCK_CONTRACT.md,8,W1
AUD-101-D1残余.md,docs/algorithms/CALIBRATION_ALGORITHMS.md,7,W1
AUD-101-D1残余.md,docs/science/CALIBRATION.md,7,W1
AUD-101-D1残余.md,eng/tests/quality/test_module_map.py,6,W0
AUD-101-D1残余.md,工程控制/RELEASE-05/tasks/ACCEPT-501.md,4,W3
AUD-101-D1残余.md,docs/algorithms/COSMETIC_ALGORITHMS.md,4,W1
AUD-101-D1残余.md,docs/contracts/DUAL_LINE_CONTRACT.md,3,W1
AUD-101-D1残余.md,工程控制/RELEASE-05/tasks/ARCH-501.md,3,W3
AUD-101-D1残余.md,工程控制/RELEASE-05/tasks/ARCH-502.md,3,W3
AUD-101-D1残余.md,工程控制/RELEASE-05/tasks/ARCH-503.md,3,W3
AUD-101-D1残余.md,工程控制/RELEASE-05/tasks/ARCH-504.md,3,W3
AUD-101-D1残余.md,工程控制/RELEASE-05/tasks/ARCH-505.md,3,W3
AUD-101-D1残余.md,工程控制/RELEASE-05/tasks/BLD-501.md,3,W3
AUD-101-D1残余.md,工程控制/RELEASE-05/tasks/CLEAN-501.md,3,W3
AUD-101-D1残余.md,工程控制/RELEASE-05/tasks/CONTRACT-501.md,3,W3
AUD-101-D1残余.md,工程控制/RELEASE-05/tasks/DOC-501.md,3,W3
AUD-101-D1残余.md,docs/standards/TEST_STANDARD.md,2,W3
AUD-101-D1残余.md,docs/modules/calibration.md,2,W2
AUD-101-D1残余.md,lib/algorithms/calibration/cpp/cosmetic_corrector.cpp,2,W1
AUD-101-D1残余.md,工程控制/RELEASE-05/tasks/,2,W3
AUD-101-D1残余.md,artifacts/evidence/release-05/AUDIT_PACKAGE.md,2,W3
AUD-101-D1残余.md,eng/tests/unit/export_stream_test.cpp,2,W0
AUD-101-D1残余.md,lib/infrastructure/pipeline/orchestrator/,2,W2
AUD-101-D1残余.md,docs/algorithms/PHASE3_PROJ_IMPL.md,2,W1
AUD-101-D1残余.md,docs/ASTROCS_DESIGN.md,2,W3
AUD-101-D1残余.md,eng/tests/unit/p1001_real_nodes_test.cpp,1,W0
AUD-101-D1残余.md,eng/tools/quality/check_master_unit_guard.py,1,W0
AUD-101-D1残余.md,lib/algorithms/calibration/README.md,1,W1
AUD-101-D1残余.md,docs/science…,1,W3
AUD-101-D1残余.md,docs/modules/registry/astrocs.phase1.cosmetic.md,1,W2
AUD-101-D1残余.md,eng/tools/check_traceability_matrix.py,1,W0
AUD-101-D1残余.md,docs/science/UNCERTAINTY_AND_COVARIANCE.md,1,W1
AUD-101-D1残余.md,lib/algorithms/drizzle/healpix_drizzle/tests/CMakeLists.txt,1,W1
AUD-101-D1残余.md,reports/v19r2/…,1,W3
AUD-101-D1残余.md,eng/ci/check_retired_code.py,1,W0
AUD-101-D1残余.md,工程控制/RELEASE-05/OPEN_QUESTIONS.md,1,W3
AUD-101-D1残余.md,lib/infrastructure/pipeline/,1,W2
AUD-101-D1残余.md,eng/tests/runtime/integration/,1,W0
AUD-101-D1残余.md,docs/contracts/SCHEDULER_CONTRACT.md,1,W1
AUD-101-D1残余.md,docs/architecture/THREAD_BUDGET_ARCH.md,1,W2
AUD-101-D1残余.md,lib/infrastructure/cli/export/,1,W2
AUD-101-D1残余.md,lib/phase,1,W3
AUD-101-D1残余.md,lib/infrastructure/,1,W2
AUD-101-D1残余.md,eng/build/build.sh,1,W3
AUD-101-D1残余.md,lib/algorithms/coverage/CMakeLists.txt,1,W1
AUD-101-D1残余.md,eng/ci·eng/tests·eng/contracts·docs/contracts·docs/ci,1,W3
AUD-101-D1残余.md,docs/owner/PROJECT_SPEC.md,1,W3
AUD-101-D1残余.md,docs/docs/owner/PROJECT_SPEC.md,1,W3
AUD-101-D1残余.md,"工程控制/RELEASE-05/{SUMMARY,ACCEPTANCE,OPEN_QUESTIONS,GAP_AUDIT,TASK_LIST}.md",1,W3
AUD-101-D1残余.md,lib/algorithms/drizzle/,1,W1
AUD-101-D1残余.md,docs/contracts/PERF_GATE_CONTRACT.md,1,W1
AUD-101-D1补三份.md,docs/standards/TEST_STANDARD.md,8,W3
AUD-101-D1补三份.md,docs/standards/checks/check_standards_registry.py,6,W3
AUD-101-D1补三份.md,docs/contracts/TEST_MATRIX.md,5,W1
AUD-101-D1补三份.md,docs/algorithms/anchors/ANCHOR_CONTRACT.md,3,W1
AUD-101-D1补三份.md,docs/standards/STANDARDS_REGISTRY.md,3,W3
AUD-101-D1补三份.md,工程控制/RELEASE-05/tasks/,2,W3
AUD-101-D1补三份.md,docs/development/TESTING.md,1,W3
AUD-101-D1补三份.md,eng/tools/quality/build_v19r3_package.py,1,W0
AUD-101-D1补三份.md,docs/quality/coverage_baseline_v1.md,1,W3
AUD-101-D1补三份.md,eng/tools/doccheck/check_doc_line_anchors.py,1,W0
AUD-101-D1补三份.md,eng/tests/x,1,W0
AUD-101-D1补三份.md,工程控制/AstroCS_CONSTITUTION_ALIGNMENT_CONTROL_V1_20260909/,1,W3
AUD-101-D1补三份.md,eng/tools/doccheck/check_standards_registry.py,1,W0
AUD-101-D1补三份.md,eng/tests/quality/test_doc_line_anchors.py,1,W0
AUD-101-D1补三份.md,eng/tools/doccheck/check_alg_line_anchors.py,1,W0
AUD-101-DA01-根规范与科学.md,docs/science/SCIENCE_SCOPE.md,11,W1
AUD-101-DA01-根规范与科学.md,docs/science/CALIBRATION.md,9,W1
AUD-101-DA01-根规范与科学.md,docs/science/PHASE3_HIPS_TO_FITS.md,8,W1
AUD-101-DA01-根规范与科学.md,docs/science/UNIFIED_SCIENCE_MODEL.md,7,W1
AUD-101-DA01-根规范与科学.md,docs/science/UNCERTAINTY_AND_COVARIANCE.md,6,W1
AUD-101-DA01-根规范与科学.md,docs/science/ACR_EQUIVALENCE.md,6,W1
AUD-101-DA01-根规范与科学.md,docs/science/ASTROMETRY.md,5,W1
AUD-101-DA01-根规范与科学.md,docs/science/PSF.md,4,W1
AUD-101-DA01-根规范与科学.md,docs/development/,3,W3
AUD-101-DA01-根规范与科学.md,docs/operations/,3,W3
AUD-101-DA01-根规范与科学.md,docs/science/INTEGRATION.md,3,W1
AUD-101-DA01-根规范与科学.md,docs/contracts/LOG_AND_ERROR_CONTRACT.md,2,W1
AUD-101-DA01-根规范与科学.md,docs/standards/BUILD_STANDARD.md,2,W3
AUD-101-DA01-根规范与科学.md,docs/archive/history/memory_V18R2-V19_operational_log_2026-08-21.md,2,W3
AUD-101-DA01-根规范与科学.md,docs/references/SCIENTIFIC_REFERENCES.md,2,W3
AUD-101-DA01-根规范与科学.md,docs/interfaces/data/DATA-002_PHASE_PRODUCT_EXCHANGE.md,2,W2
AUD-101-DA01-根规范与科学.md,docs/algorithms/PHOTOMETRIC_FIT.md,2,W1
AUD-101-DA01-根规范与科学.md,lib/algorithms/coverage/src/integrate.cpp,2,W1
AUD-101-DA01-根规范与科学.md,docs/plugins/algorithms_phase1/,2,W1
AUD-101-DA01-根规范与科学.md,lib/algorithms/psf/src/dpsf_psf.cpp,2,W1
AUD-101-DA01-根规范与科学.md,docs/plugins/algorithms_phase1/03_star_detection.md,2,W1
AUD-101-DA01-根规范与科学.md,docs/algorithms/CALIBRATION_ALGORITHMS.md,1,W1
AUD-101-DA01-根规范与科学.md,docs/contracts/SCHEDULER_CONTRACT.md,1,W1
AUD-101-DA01-根规范与科学.md,docs/algorithms/PHASE3_PROJ_IMPL.md,1,W1
AUD-101-DA01-根规范与科学.md,eng/build/build.sh,1,W3
AUD-101-DA01-根规范与科学.md,docs/AGENTS.md,1,W3
AUD-101-DA01-根规范与科学.md,eng/tools/run_gc.py,1,W0
AUD-101-DA01-根规范与科学.md,docs/DEVELOPER_GUIDE.md,1,W3
AUD-101-DA01-根规范与科学.md,eng/build/toolchain.ps1,1,W3
AUD-101-DA01-根规范与科学.md,lib/infrastructure/observability/logging/log_event_v1.schema.json,1,W2
AUD-101-DA01-根规范与科学.md,lib/infrastructure/cli/exit_codes.h,1,W2
AUD-101-DA01-根规范与科学.md,artifacts/acceptance/ACCEPTANCE_REPORT.md,1,W3
AUD-101-DA01-根规范与科学.md,docs/science/xxx.md,1,W1
AUD-101-DA01-根规范与科学.md,lib/algorithms/rejection/tools/rcr_oracle_compare.py,1,W1
AUD-101-DA01-根规范与科学.md,eng/packaging/schemas/preset-contract.json,1,W1
AUD-101-DA01-根规范与科学.md,docs/development/TOOLCHAIN_LOCK.md,1,W3
AUD-101-DA01-根规范与科学.md,docs/operations/TOOLCHAIN_AGENT_HOST.md,1,W3
AUD-101-DA01-根规范与科学.md,docs/performance/,1,W3
AUD-101-DA01-根规范与科学.md,docs/operations/FATDUCK_ACCESS.md,1,W3
AUD-101-DA01-根规范与科学.md,docs/architecture/MODULE_MAP.md,1,W2
AUD-101-DA01-根规范与科学.md,docs/standards/NUMERIC_STANDARD.md,1,W3
AUD-101-DA01-根规范与科学.md,docs/algorithms/NOISE_ESTIMATION.md,1,W1
AUD-101-DA01-根规范与科学.md,docs/interfaces/,1,W2
AUD-101-DA01-根规范与科学.md,"docs/science/{ASTROMETRY,CALIBRATION,STAR_DETECTION}.md",1,W1
AUD-101-DA01-根规范与科学.md,lib/algorithms/photometry/,1,W1
AUD-101-DA01-根规范与科学.md,lib/algorithms/photometry/cpp/src/star_matcher.cpp,1,W1
AUD-101-DA01-根规范与科学.md,docs/architecture/execution_inventory.csv,1,W2
AUD-101-DA01-根规范与科学.md,lib/algorithms/noise_snr/cpp/src/noise_model.cpp,1,W1
AUD-101-DA01-根规范与科学.md,reports/PROJECT-GOVERNANCE-01/research/MASK-001_…,1,W3
AUD-101-DA01-根规范与科学.md,reports/PROJECT-GOVERNANCE-01/research/MASK-001_掩膜语义重新推导.md,1,W3
AUD-101-DA01-根规范与科学.md,reports/PROJECT-GOVERNANCE-01/…,1,W3
AUD-101-DA01-根规范与科学.md,"docs/plugins/algorithms_phase{1,2,3}/",1,W1
AUD-101-DA01-根规范与科学.md,"docs/algorithms/{UPM_SOLVER,PHASE2_UPM_IMPL,PHASE2_SAMPLER,GATES_AND_TOLERANCES,…}.md",1,W1
AUD-101-DA01-根规范与科学.md,lib/algorithms/coverage/,1,W1
AUD-101-DA01-根规范与科学.md,docs/algorithms/UPM_SOLVER.md,1,W1
AUD-101-DA01-根规范与科学.md,docs/algorithms/SEAM_GATE_DERIVATION.md,1,W1
AUD-101-DA01-根规范与科学.md,"docs/algorithms/{DRIZZLE_GEOMETRY,HIPS_WRITER}.md",1,W1
AUD-101-DA01-根规范与科学.md,lib/algorithms/drizzle/healpix_drizzle/,1,W1
AUD-101-DA01-根规范与科学.md,"lib/algorithms/coverage/{src,include/astro/phase2}/",1,W1
AUD-101-DA01-根规范与科学.md,artifacts/evidence/reject-docfix-01/,1,W3
AUD-101-DA01-根规范与科学.md,"docs/algorithms/{PLATESOLVE,GAIA_QUERY,GATES_AND_TOLERANCES,PHASE2_",1,W1
AUD-101-DA01-根规范与科学.md,lib/algorithms/platesolve/cpp/ipv/,1,W1
AUD-101-DA01-根规范与科学.md,docs/algorithms/PLATESOLVE.md,1,W1
AUD-101-DA01-根规范与科学.md,"docs/algorithms/{CALIBRATION_ALGORITHMS,COSMETIC_ALGORITHMS}.md",1,W1
AUD-101-DA01-根规范与科学.md,lib/algorithms/calibration/src/calibrator.cpp,1,W1
AUD-101-DA01-根规范与科学.md,"artifacts/evidence/{sci-fix-semantics-01,lindef-close-01}/",1,W3
AUD-101-DA01-根规范与科学.md,docs/plugins/algorithms_phase1/04_psf.md,1,W1
AUD-101-DA01-根规范与科学.md,lib/algorithms/star_detection/,1,W1
AUD-101-DA01-根规范与科学.md,docs/algorithms/STAR_PSF_ALGORITHMS.md,1,W1
AUD-101-DA01-根规范与科学.md,artifacts/evidence/psf-constants/,1,W3
AUD-101-DA01-根规范与科学.md,docs/algorithms/STAR_DETECTION_ALGORITHMS.md,1,W1
AUD-101-DA01-根规范与科学.md,lib/algorithms/star_detection/…,1,W1
AUD-101-DA01-根规范与科学.md,实验/回归域内有意义,1,W1
AUD-101-DA01-根规范与科学.md,docs/architecture/PERFORMANCE_MODEL.md,1,W2
AUD-101-DA01-根规范与科学.md,docs/algorithms/ACR_EQUIVALENCE.md,1,W1
AUD-101-DA01-根规范与科学.md,docs/validation/ACR_EQUIVALENCE.md,1,W3
AUD-101-DA01-根规范与科学.md,"docs/algorithms/{PHASE3_FITS_IMPL,PHASE3_PROJ_IMPL,PHASE3_RESAMPLE,PHASE3_RSMP_IMPL,HIPS_WRITER}.md",1,W1
AUD-101-DA01-根规范与科学.md,eng/tools/validation/phase3,1,W0
AUD-101-DA01-根规范与科学.md,工程控制/…/standards/02_科学证据分级与三重佐证标准.md,1,W3
AUD-101-DA01-根规范与科学.md,工程控制/…/standards/01,1,W3
AUD-101-DA01-根规范与科学.md,docs/plugins/algorithms_phase2/10_sampling.md,1,W1
AUD-101-DA01-根规范与科学.md,docs/governance/VERSION_NAMESPACES.md,1,W3
AUD-101-DA01-根规范与科学.md,工程控制/PROJECT-GOVERNANCE-01/TASK_LIST.md,1,W3
AUD-101-DA01-根规范与科学.md,lib/phase3_session/p3_v6_export.h,1,W3
AUD-101-DA01-根规范与科学.md,docs/research/CCD_LINEAR_DEFECT_LITERATURE.md,1,W3
AUD-101-DA01-根规范与科学.md,"docs/science/{PHASE2_UPM,PHOTOMETRY,CALIBRATION,REJECTION,DRIZZLE,UNIFIED_SCIENCE_MODEL}",1,W1
AUD-101-DA02-算法推导.md,docs/science/INTEGRATION.md,9,W1
AUD-101-DA02-算法推导.md,docs/science/PSF.md,5,W1
AUD-101-DA02-算法推导.md,docs/science/CALIBRATION.md,4,W1
AUD-101-DA02-算法推导.md,docs/algorithms/PHASE3_PROJ_IMPL.md,4,W1
AUD-101-DA02-算法推导.md,docs/science/ASTROMETRY.md,4,W1
AUD-101-DA02-算法推导.md,docs/science/PHASE3_HIPS_TO_FITS.md,4,W1
AUD-101-DA02-算法推导.md,docs/algorithms/UPM_SOLVER.md,4,W1
AUD-101-DA02-算法推导.md,docs/algorithms/anchors/ANCHOR_CONTRACT.md,3,W1
AUD-101-DA02-算法推导.md,eng/tools/docs_machine_consistency.py,3,W0
AUD-101-DA02-算法推导.md,eng/tests/backend/p3_wcs_main.cpp,3,W0
AUD-101-DA02-算法推导.md,lib/algorithms/coverage/CMakeLists.txt,2,W1
AUD-101-DA02-算法推导.md,docs/standards/STANDARDS_REGISTRY.md,2,W3
AUD-101-DA02-算法推导.md,eng/tools/doccheck/check_alg_line_anchors.py,2,W0
AUD-101-DA02-算法推导.md,docs/algorithms/REJECTION_ALGORITHMS.md,2,W1
AUD-101-DA02-算法推导.md,docs/algorithms/PHASE2_INTEGRATION.md,2,W1
AUD-101-DA02-算法推导.md,lib/algorithms/photometry/docs/algorithm.md,2,W1
AUD-101-DA02-算法推导.md,docs/algorithms/PHASE3_RESAMPLE.md,2,W1
AUD-101-DA02-算法推导.md,docs/algorithms/GAIA_QUERY.md,2,W1
AUD-101-DA02-算法推导.md,docs/modules/registry/astrocs.phase2.coverage.md,2,W2
AUD-101-DA02-算法推导.md,docs/algorithms/PHASE3_RSMP_IMPL.md,2,W1
AUD-101-DA02-算法推导.md,docs/standards/TEST_STANDARD.md,1,W3
AUD-101-DA02-算法推导.md,docs/algorithms/CALIBRATION_ALGORITHMS.md,1,W1
AUD-101-DA02-算法推导.md,docs/algorithms/COSMETIC_ALGORITHMS.md,1,W1
AUD-101-DA02-算法推导.md,lib/algorithms/calibration/cpp/cosmetic_corrector.cpp,1,W1
AUD-101-DA02-算法推导.md,eng/tests/quality/test_doc_line_anchors.py,1,W0
AUD-101-DA02-算法推导.md,docs/science/SCIENCE_SCOPE.md,1,W1
AUD-101-DA02-算法推导.md,docs/references/SCIENTIFIC_REFERENCES.md,1,W3
AUD-101-DA02-算法推导.md,docs/algorithms/NOISE_ESTIMATION.md,1,W1
AUD-101-DA02-算法推导.md,docs/interfaces/data/DATA-002_PHASE_PRODUCT_EXCHANGE.md,1,W2
AUD-101-DA02-算法推导.md,docs/interfaces/,1,W2
AUD-101-DA02-算法推导.md,docs/algorithms/PHOTOMETRIC_FIT.md,1,W1
AUD-101-DA02-算法推导.md,docs/algorithms/PLATESOLVE.md,1,W1
AUD-101-DA02-算法推导.md,docs/algorithms/STAR_PSF_ALGORITHMS.md,1,W1
AUD-101-DA02-算法推导.md,docs/algorithms/STAR_DETECTION_ALGORITHMS.md,1,W1
AUD-101-DA02-算法推导.md,docs/algorithms/ACR_EQUIVALENCE.md,1,W1
AUD-101-DA02-算法推导.md,docs/algorithms/anchors/__pycache__/check_doc_line_anchors.cpython-310.pyc,1,W1
AUD-101-DA02-算法推导.md,docs/algorithms/INTEGRATION_ALGORITHMS.md,1,W1
AUD-101-DA02-算法推导.md,eng/tools/doccheck/,1,W0
AUD-101-DA02-算法推导.md,eng/tests/unit/p2_output_semantics_test.cpp,1,W0
AUD-101-DA02-算法推导.md,docs/algorithms/HEALPIX_MAPPING.md,1,W1
AUD-101-DA02-算法推导.md,lib/algorithms/shared/healpix/,1,W1
AUD-101-DA02-算法推导.md,lib/algorithms/shared/healpix/healpix_core.cpp,1,W1
AUD-101-DA02-算法推导.md,eng/tools/check_gates_and_tolerances.py（本表即机器可校验事实源,1,W0
AUD-101-DA02-算法推导.md,eng/tools/check_gates_and_tolerances.py,1,W0
AUD-101-DA02-算法推导.md,lib/algorithms/photometry/cpp/test/gate4_dr3sp_gaiaxpy/gate2_psf_oracle.py,1,W1
AUD-101-DA02-算法推导.md,lib/algorithms/resample/p3_resample.cpp,1,W1
AUD-101-DA02-算法推导.md,lib/algorithms/star_detection/wrapper_phase1/star_detector.cpp,1,W1
AUD-101-DA02-算法推导.md,eng/tests/unit/p1wcs/p1wcs_tests_negative.cpp,1,W0
AUD-101-DA02-算法推导.md,lib/infrastructure/gaia_xpsd_client/README.md,1,W2
AUD-101-DA02-算法推导.md,docs/algorithms/PHASE2_COVERAGE.md,1,W1
AUD-101-DA02-算法推导.md,docs/plugins/algorithms_phase2/09_coverage.md,1,W1
AUD-101-DA02-算法推导.md,lib/algorithms/coverage/memory.md「W4,1,W1
AUD-101-DA02-算法推导.md,docs/api/PHASE2_API_V1.md,1,W3
AUD-101-DA02-算法推导.md,docs/plugins/…,1,W1
AUD-101-DA02-算法推导.md,lib/algorithms/resample/V6_PHASE3_RSMP_IMPL.md,1,W1
AUD-101-DA02-算法推导.md,eng/tests/backend/p3_resample_probe_main.cpp,1,W0
AUD-101-DA02-算法推导.md,lib/algorithms/resample/tests/p3rsmp/p3_resample_probe_main.cpp,1,W1
AUD-101-DA02-算法推导.md,eng/tests/unit/p3_wcs_test.cpp,1,W0
AUD-101-DA02-算法推导.md,docs/algorithms/PHASE2_MOSAIC_WRITE.md,1,W1
AUD-101-DA02-算法推导.md,lib/algorithms/coverage/tests/ivar_wiring_test.cpp,1,W1
AUD-101-DA02-算法推导.md,docs/interfaces/io/IO_002_,1,W2
AUD-101-DA02-算法推导.md,docs/algorithms/PHASE2_SESSION.md,1,W1
AUD-101-DA02-算法推导.md,docs/architecture/,1,W2
AUD-101-DA02-算法推导.md,lib/phase1_session/,1,W3
AUD-101-DA02-算法推导.md,eng/tests/unit/p2_ir_facade_test.cpp,1,W0
AUD-101-DA02-算法推导.md,docs/algorithms/PHASE3_FITS_IMPL.md,1,W1
AUD-101-DA02-算法推导.md,lib/infrastructure/aio/README.md,1,W2
AUD-101-DA02-算法推导.md,eng/tests/unit/p3_output_test.cpp,1,W0
AUD-101-DA02-算法推导.md,lib/algorithms/drizzle/…/tests/,1,W1
AUD-101-DA02-算法推导.md,docs/interfaces/data/DATA-002…§2a,1,W2
AUD-101-DA02-算法推导.md,lib/phase3_session/,1,W3
AUD-101-DA02-算法推导.md,lib/algorithms/projection/tests/p3wcs/,1,W1
AUD-101-DA02-算法推导.md,docs/modules/registry/astrocs.phase2.write.md,1,W2
AUD-101-DA02-算法推导.md,docs/algorithms/HIPS_WRITER.md,1,W1
AUD-101-DA02-算法推导.md,docs/modules/hips_p2.md,1,W2
AUD-101-DA02-算法推导.md,docs/science/CALIBRATION.md（SCI-CAL-001,1,W1
AUD-101-DA02-算法推导.md,lib/algorithms/cosmetic/（落码由,1,W1
AUD-101-DA02-算法推导.md,lib/algorithms/calibration/cpp/,1,W1
AUD-101-DA02-算法推导.md,lib/algorithms/projection/p3_proj_v6.h/.cpp,1,W1
AUD-101-DA02-算法推导.md,lib/.../module.yaml,1,W3
AUD-101-DA02-算法推导.md,docs/plugins/algorithms_phase1/02_cosmetic.md,1,W1
AUD-101-DA02-算法推导.md,docs/algorithms[^,1,W3
AUD-101-DB-03.md,docs/plugins/00_INDEX.md,8,W1
AUD-101-DB-03.md,docs/modules/star_detector.md,7,W2
AUD-101-DB-03.md,docs/modules/snr_estimator.md,6,W2
AUD-101-DB-03.md,eng/tools/quality/gen_module_readmes.py,5,W0
AUD-101-DB-03.md,eng/ci/ledgers/module_page_evidence.json,5,W0
AUD-101-DB-03.md,docs/modules/registry/astrocs.phase2.write.md,4,W2
AUD-101-DB-03.md,docs/plugins/algorithms_phase1/03_star_detection.md,3,W1
AUD-101-DB-03.md,docs/algorithms/PHASE3_RSMP_IMPL.md,3,W1
AUD-101-DB-03.md,docs/algorithms/PHASE2_SESSION.md,3,W1
AUD-101-DB-03.md,docs/modules/registry/astrocs.phase2.resample.md,3,W2
AUD-101-DB-03.md,docs/modules/registry/astrocs.phase3.resample.md,3,W2
AUD-101-DB-03.md,docs/modules/registry/module_id_migration_baseline.json,3,W2
AUD-101-DB-03.md,docs/plugins/algorithms_phase1/01_calibration.md,3,W1
AUD-101-DB-03.md,docs/plugins/algorithms_phase1/08_drizzle.md,3,W1
AUD-101-DB-03.md,docs/plugins/algorithms_phase1/,2,W1
AUD-101-DB-03.md,docs/plugins/algorithms_phase1/04_psf.md,2,W1
AUD-101-DB-03.md,docs/algorithms/STAR_DETECTION_ALGORITHMS.md,2,W1
AUD-101-DB-03.md,docs/plugins/algorithms_phase2/09_coverage.md,2,W1
AUD-101-DB-03.md,docs/algorithms/PHASE2_MOSAIC_WRITE.md,2,W1
AUD-101-DB-03.md,docs/plugins/algorithms_phase1/02_cosmetic.md,2,W1
AUD-101-DB-03.md,docs/modules/registry/astrocs.phase2.sample.md,2,W2
AUD-101-DB-03.md,docs/modules/phase2_samp.md,2,W2
AUD-101-DB-03.md,docs/modules/registry/astrocs.phase2.session.md,2,W2
AUD-101-DB-03.md,docs/modules/registry/astrocs.phase2.upm-apply.md,2,W2
AUD-101-DB-03.md,docs/modules/registry/astrocs.phase2.upm-fit.md,2,W2
AUD-101-DB-03.md,docs/modules/registry/astrocs.phase3.properties.md,2,W2
AUD-101-DB-03.md,docs/modules/registry/astrocs.phase3.resample2.md,2,W2
AUD-101-DB-03.md,docs/modules/registry/astrocs.phase3.verify.md,2,W2
AUD-101-DB-03.md,docs/modules/registry/astrocs.phase3.wcs.md,2,W2
AUD-101-DB-03.md,eng/tests/p3wcs/,2,W0
AUD-101-DB-03.md,docs/modules/registry/astrocs.phase3.writer.md,2,W2
AUD-101-DB-03.md,docs/plugins/algorithms_phase1/05_platesolve.md,2,W1
AUD-101-DB-03.md,docs/plugins/algorithms_phase2/,2,W1
AUD-101-DB-03.md,docs/science/PHASE3_HIPS_TO_FITS.md,1,W1
AUD-101-DB-03.md,lib/algorithms/coverage/,1,W1
AUD-101-DB-03.md,docs/algorithms/PLATESOLVE.md,1,W1
AUD-101-DB-03.md,docs/modules/registry/astrocs.phase2.coverage.md,1,W2
AUD-101-DB-03.md,eng/tests/backend/p3_resample_probe_main.cpp,1,W0
AUD-101-DB-03.md,eng/tests/unit/p3_wcs_test.cpp,1,W0
AUD-101-DB-03.md,docs/algorithms/PHASE3_FITS_IMPL.md,1,W1
AUD-101-DB-03.md,lib/infrastructure/aio/README.md,1,W2
AUD-101-DB-03.md,lib/algorithms/integration/→lib/algorithms/coverage/hips_p2/,1,W1
AUD-101-DB-03.md,lib/algorithms/coverage/src/sampler.cpp（1536,1,W1
AUD-101-DB-03.md,lib/algorithms/sampling/,1,W1
AUD-101-DB-03.md,docs/plugins/algorithms_phase2/11_upm.md,1,W1
AUD-101-DB-03.md,eng/tests/api/test_upm_parallel.py,1,W0
AUD-101-DB-03.md,docs/architecture/IO_AND_ATOMICITY.md,1,W2
AUD-101-DB-03.md,lib/algorithms/coverage/tools/stage2.cpp,1,W1
AUD-101-DB-03.md,eng/ci/ledgers/module_page_evidence.json(absent,1,W0
AUD-101-DB-03.md,docs/modules/phase3_rsmp.md,1,W2
AUD-101-DB-03.md,eng/tests/backend/p3_resample_probe_main.cpp（探针六模式,1,W0
AUD-101-DB-03.md,lib/algorithms/projection/p3_projection_registry.h,1,W1
AUD-101-DB-03.md,docs/modules/phase3_proj.md,1,W2
AUD-101-DB-03.md,docs/modules/phase3_fits.md,1,W2
AUD-101-DB-03.md,lib/algorithms/fits_output/p3_wcs.h,1,W1
AUD-101-DB-03.md,eng/tools/quality/check_module_id_normalization.py,1,W0
AUD-101-DB-03.md,artifacts/evidence/gates/module_id_migration_baseline.json,1,W3
AUD-101-DB-03.md,lib/algorithms/noise_snr/README.md（r1,1,W1
AUD-101-DB-03.md,docs/modules/registry/astrocs.phase1.star-detection.md…本页以冻结合同为准,1,W2
AUD-101-DB-03.md,lib/include/star_detector.h,1,W2
AUD-101-DB-03.md,eng/contracts/schemas/data_light.schema.json,1,W0
AUD-101-DB-03.md,eng/contracts/schemas/cosmetic_output.schema.json,1,W0
AUD-101-DB-03.md,eng/contracts/schemas/source_catalog.schema.json,1,W0
AUD-101-DB-03.md,eng/packaging/config/defaults.json#fields,1,W1
AUD-101-DB-03.md,eng/contracts/schemas/psf_output.schema.json,1,W0
AUD-101-DB-03.md,docs/modules/plate_solve.md,1,W2
AUD-101-DB-03.md,eng/contracts/schemas/wcs_output.schema.json,1,W0
AUD-101-DB-03.md,eng/contracts/schemas/photometry_output.schema.json,1,W0
AUD-101-DB-03.md,实验/absolute-snr/,1,W1
AUD-101-DB-03.md,eng/contracts/schemas/noise_snr_output.schema.json,1,W0
AUD-101-DB-03.md,eng/contracts/schemas/hips_product.schema.json,1,W0
AUD-101-DB-03.md,eng/contracts/schemas/coverage_output.schema.json,1,W0
AUD-101-DB-03.md,"eng/contracts/schemas/{data_light,calibration_output,cosmetic_output,source_catalog,psf_output,wcs_output,photometry_output,noise_snr_output,hips_product,manifest,coverage_output}.schema.json",1,W0
AUD-101-DB-03.md,lib/algorithms/fits_output/p3_wcs.h（166,1,W1
AUD-101-DB-03.md,lib/include/astrocs/core/artifact.h,1,W2
AUD-101-DB-03.md,lib/algorithms/projection/,1,W1
AUD-101-DB-03.md,eng/tests/unit/,1,W0
AUD-101-DB-04.md,docs/algorithms/PHASE3_PROJ_IMPL.md,6,W1
AUD-101-DB-04.md,docs/architecture/DATA_FLOW.md,5,W2
AUD-101-DB-04.md,docs/architecture/ARCHITECTURE.md,5,W2
AUD-101-DB-04.md,docs/architecture/BUILD_GRAPH.md,5,W2
AUD-101-DB-04.md,docs/architecture/IO_AND_ATOMICITY.md,4,W2
AUD-101-DB-04.md,docs/architecture/cpu/CPU_001_CAPABILITY_PROBE.md,4,W2
AUD-101-DB-04.md,lib/infrastructure/cli/exit_codes.h,3,W2
AUD-101-DB-04.md,docs/algorithms/PHASE3_RESAMPLE.md,3,W1
AUD-101-DB-04.md,docs/architecture/,3,W2
AUD-101-DB-04.md,docs/plugins/00_INDEX.md,3,W1
AUD-101-DB-04.md,docs/modules/gaia_xpsd_client.md,3,W2
AUD-101-DB-04.md,docs/architecture/CACHE_POLICY.md,3,W2
AUD-101-DB-04.md,docs/architecture/EXECUTION_MODEL.md,3,W2
AUD-101-DB-04.md,docs/architecture/DEPENDENCY_RULES.md,3,W2
AUD-101-DB-04.md,docs/plugins/algorithms_phase2/10_sampling.md,2,W1
AUD-101-DB-04.md,docs/modules/phase2_samp.md,2,W2
AUD-101-DB-04.md,docs/plugins/algorithms_phase2/11_upm.md,2,W1
AUD-101-DB-04.md,eng/contracts/schemas/hips_product.schema.json,2,W0
AUD-101-DB-04.md,docs/interfaces/io/CON-001_PIPELINE_MODEL.md,2,W2
AUD-101-DB-04.md,docs/plugins/algorithms_phase3/14_projection.md,2,W1
AUD-101-DB-04.md,docs/plugins/algorithms_phase3/15_resample.md,2,W1
AUD-101-DB-04.md,docs/plugins/algorithms_phase3/16_fits_output.md,2,W1
AUD-101-DB-04.md,docs/plugins/infrastructure/17_aio.md,2,W1
AUD-101-DB-04.md,docs/plugins/infrastructure/18_cli.md,2,W1
AUD-101-DB-04.md,docs/plugins/infrastructure/19_runtime.md,2,W1
AUD-101-DB-04.md,docs/plugins/infrastructure/20_benchmark.md,2,W1
AUD-101-DB-04.md,docs/plugins/infrastructure/21_observability.md,2,W1
AUD-101-DB-04.md,docs/plugins/infrastructure/22_gaia_xpsd_client.md,2,W1
AUD-101-DB-04.md,eng/contracts/schemas/catalog_query.schema.json,2,W0
AUD-101-DB-04.md,docs/plugins/infrastructure/23_hips_browser.md,2,W1
AUD-101-DB-04.md,lib/astro_image_io,2,W3
AUD-101-DB-04.md,docs/architecture/ASYNC_IO_CONTRACT.md,2,W2
AUD-101-DB-04.md,docs/architecture/COMPATIBILITY_POLICY.md,2,W2
AUD-101-DB-04.md,docs/VERSIONING.md,2,W3
AUD-101-DB-04.md,docs/architecture/CPU_BACKEND_ARCH.md,2,W2
AUD-101-DB-04.md,docs/architecture/ERROR_MODEL.md,2,W2
AUD-101-DB-04.md,docs/contracts/LOG_AND_ERROR_CONTRACT.md,1,W1
AUD-101-DB-04.md,docs/algorithms/PHASE3_FITS_IMPL.md,1,W1
AUD-101-DB-04.md,docs/plugins/algorithms_phase1/05_platesolve.md,1,W1
AUD-101-DB-04.md,eng/contracts/schemas/control_points.schema.json,1,W0
AUD-101-DB-04.md,实验/additive-sky-seamless/,1,W1
AUD-101-DB-04.md,eng/contracts/schemas/upm_output.schema.json,1,W0
AUD-101-DB-04.md,docs/interfaces/io/CON-003_FITS_IO.md,1,W2
AUD-101-DB-04.md,docs/interfaces/io/IO_001_FITS_STREAM_INTERFACE.md,1,W2
AUD-101-DB-04.md,eng/contracts/schemas/export_product.schema.json,1,W0
AUD-101-DB-04.md,eng/contracts/schemas/hips_storage_form.schema.json#x-astrocs-field-vocabulary,1,W0
AUD-101-DB-04.md,eng/contracts/schemas/fits_product.schema.json,1,W0
AUD-101-DB-04.md,eng/contracts/schemas/cli_output.schema.json,1,W0
AUD-101-DB-04.md,lib/infrastructure/cli/command_tree.h,1,W2
AUD-101-DB-04.md,docs/plugins/infrastructure/19_scheduler_pipeline.md,1,W1
AUD-101-DB-04.md,docs/algorithms/…,1,W1
AUD-101-DB-04.md,eng/contracts/schemas/cpu_profile.schema.json,1,W0
AUD-101-DB-04.md,lib/infrastructure/hips_browser/healpix_browser_qt/app/browser_cli.cpp,1,W2
AUD-101-DB-04.md,docs/contracts/ARCH-001.md,1,W1
AUD-101-DB-04.md,lib/algorithms/coverage/tests/async_io_test.cpp,1,W1
AUD-101-DB-04.md,lib/algorithms/coverage/include/astro/phase2/async_io.h,1,W1
AUD-101-DB-04.md,eng/tools/arch/gen_build_graph_doc.py,1,W0
AUD-101-DB-04.md,docs/architecture/PRODUCTION_EXECUTION_INVENTORY.csv,1,W2
AUD-101-DB-04.md,eng/ci/spec_named_impls.json,1,W0
AUD-101-DB-04.md,lib/algorithms/drizzle/healpix_drizzle/spherical_overlap.h,1,W1
AUD-101-DB-04.md,lib/infrastructure/acr/docs/ADR-00,1,W2
AUD-101-DB-04.md,docs/architecture/cpu/CPU_003_AVX2_PROVIDER.md,1,W2
AUD-101-DB-04.md,docs/standards/C_ABI_STANDARD.md,1,W3
AUD-101-DB-04.md,testdata/run」与上位直接矛盾,1,W3
AUD-101-DB-04.md,docs/diagnostics/,1,W3
AUD-101-DB-04.md,docs/standards/ERROR_HANDLING_STANDARD.md,1,W3
AUD-101-DB-04.md,docs/architecture/THREADING_MODEL.md,1,W2
AUD-101-DB-04.md,lib/infrastructure/aio/third_party/cfitsio/cfileio.c,1,W2
AUD-101-DB-04.md,lib/infrastructure/aio/src/aio_upm.cpp,1,W2
AUD-101-DB-04.md,lib/infrastructure/cli/protocol.h,1,W2
AUD-101-DB-04.md,eng/contracts/resource_gate_v1.json#authority,1,W0
AUD-101-DB-05.md,docs/architecture/,5,W2
AUD-101-DB-05.md,docs/architecture/PERFORMANCE_MODEL.md,4,W2
AUD-101-DB-05.md,docs/contracts/ARCH-001.md,4,W1
AUD-101-DB-05.md,docs/architecture/MODULE_MAP.md,3,W2
AUD-101-DB-05.md,docs/architecture/THREADING_MODEL.md,3,W2
AUD-101-DB-05.md,docs/architecture/ISA_VARIANTS.md,3,W2
AUD-101-DB-05.md,docs/architecture/PIPELINE.md,3,W2
AUD-101-DB-05.md,docs/architecture/doc_symbol_namespaces.json,3,W2
AUD-101-DB-05.md,docs/architecture/observability/RUN_GRAPH_CONTRACT.md,3,W2
AUD-101-DB-05.md,docs/contracts/API-001.md,3,W1
AUD-101-DB-05.md,docs/contracts/API_CONTRACTS.csv,3,W1
AUD-101-DB-05.md,lib/infrastructure/cli/resource_recorder.h,3,W2
AUD-101-DB-05.md,docs/contracts/PIPELINE_BLOCK_CONTRACT.md,2,W1
AUD-101-DB-05.md,docs/architecture/THREAD_BUDGET_ARCH.md,2,W2
AUD-101-DB-05.md,docs/contracts/LOG_AND_ERROR_CONTRACT.md,2,W1
AUD-101-DB-05.md,docs/architecture/execution_inventory.csv,2,W2
AUD-101-DB-05.md,docs/architecture/PRODUCTION_EXECUTION_INVENTORY.csv,2,W2
AUD-101-DB-05.md,docs/architecture/cpu/CPU_003_AVX2_PROVIDER.md,2,W2
AUD-101-DB-05.md,docs/architecture/ISA_BIT_MANIP_VARIANTS.md,2,W2
AUD-101-DB-05.md,docs/architecture/OWNERSHIP_AND_LIFETIME.md,2,W2
AUD-101-DB-05.md,docs/architecture/PHASE3_MODULE_ARCH.md,2,W2
AUD-101-DB-05.md,docs/architecture/abi/ABI_003_SECURE_LOADER.md,2,W2
AUD-101-DB-05.md,docs/architecture/api_inventory.csv,2,W2
AUD-101-DB-05.md,docs/architecture/execution_options_contract.md,2,W2
AUD-101-DB-05.md,docs/architecture/observability/RESOURCE_MONITORING_CONTRACT.md,2,W2
AUD-101-DB-05.md,docs/architecture/observability/STRUCTURED_LOGGING_CONTRACT.md,2,W2
AUD-101-DB-05.md,lib/phase1,2,W3
AUD-101-DB-05.md,eng/tools/quality/check_module_map.py,2,W0
AUD-101-DB-05.md,docs/api/CLI_PROTOCOL_V1.md,2,W3
AUD-101-DB-05.md,docs/plugins/algorithms_phase3/,2,W1
AUD-101-DB-05.md,docs/contracts/SCHEDULER_CONTRACT.md,1,W1
AUD-101-DB-05.md,lib/infrastructure/cli/exit_codes.h,1,W2
AUD-101-DB-05.md,docs/performance/,1,W3
AUD-101-DB-05.md,docs/architecture/DATA_FLOW.md,1,W2
AUD-101-DB-05.md,docs/architecture/ARCHITECTURE.md,1,W2
AUD-101-DB-05.md,docs/architecture/CPU_BACKEND_ARCH.md,1,W2
AUD-101-DB-05.md,docs/architecture/cpu/CPU_001_CAPABILITY_PROBE.md,1,W2
AUD-101-DB-05.md,docs/diagnostics/,1,W3
AUD-101-DB-05.md,docs/architecture/production_call_paths_stage1.csv,1,W2
AUD-101-DB-05.md,docs/architecture/production_call_paths_stage2.csv,1,W2
AUD-101-DB-05.md,eng/tools/graph/render_run_graph.py,1,W0
AUD-101-DB-05.md,eng/ci/root_manifest.json,1,W0
AUD-101-DB-05.md,lib/.../artifact_store,1,W3
AUD-101-DB-05.md,lib/plate_solve/snr_estimator/healpix_db/astro_image_io/common/phase2/gaia_xpsd_client,1,W3
AUD-101-DB-05.md,lib/calibration,1,W3
AUD-101-DB-05.md,lib/phase3,1,W3
AUD-101-DB-05.md,lib/algorithms/resample/,1,W1
AUD-101-DB-05.md,eng/tools/quality/contracts/check_doc_symbols.py,1,W0
AUD-101-DB-05.md,docs/architecture）与上位（§8,1,W3
AUD-101-DB-05.md,docs/modules/（映射面重叠,1,W2
AUD-101-DB-05.md,"lib/infrastructure/benchmark/cpu/{avx2,avx512,baseline}/src/",1,W2
AUD-101-DB-05.md,"lib/algorithms/{calibration,drizzle,cosmetic}/src/module_entry.cpp",1,W1
AUD-101-DB-05.md,lib/infrastructure/benchmark/cpu/common/include/astrocs/cpu/capability_v1.h,1,W2
AUD-101-DB-05.md,"lib/infrastructure/pipeline/orchestrator/cpp/CMakeLists.txt,tool,no,-,非发布目标,…",1,W2
AUD-101-DB-05.md,eng/tools/arch/build_production_execution_inventory.py,1,W0
AUD-101-DB-05.md,lib/infrastructure/cli/,1,W2
AUD-101-DB-05.md,lib/infrastructure/pipeline/trace_replay.py,1,W2
AUD-101-DB-05.md,eng/contracts/schemas/phase_config_mosaic.schema.json,1,W0
AUD-101-DB-05.md,eng/tools/quality/check_prod_reachability.py,1,W0
AUD-101-DB-05.md,lib/infrastructure/pipeline/orchestrator/cpp/src/orchestrator.cpp,1,W2
AUD-101-DB-05.md,eng/ci/INVENTORY_REPORT.md,1,W0
AUD-101-DB-05.md,docs/ci/01_CHECKS.md…04_ARTIFACTS.md,1,W0
AUD-101-DB-05.md,artifacts/evidence/prerelease-v5/ISA-00[45,1,W3
AUD-101-DB-05.md,artifacts/evidence/prerelease-v5/,1,W3
AUD-101-DB-05.md,"artifacts/evidence/prerelease-v5/ISA-00{4,5}/MEASUREMENTS.csv",1,W3
AUD-101-DB-06-07.md,docs/contracts/DATA_ARTIFACTS.md,4,W1
AUD-101-DB-06-07.md,docs/contracts/DUAL_LINE_CONTRACT.md,2,W1
AUD-101-DB-06-07.md,eng/contracts/schemas/cpu_profile.schema.json,1,W0
AUD-101-DB-06-07.md,eng/contracts/schemas/phase_config_mosaic.schema.json,1,W0
AUD-101-DB-06-07.md,eng/tests/config/__pycache__/,1,W0
AUD-101-DB-06-07.md,eng/tests/unit/core_pipeline_test.cpp,1,W0
AUD-101-DB-06-07.md,docs/contracts/DATA_SEMANTICS.md（语义）+,1,W1
AUD-101-DB-06-07.md,eng/contracts/schemas/unified/provenance.schema.json,1,W0
AUD-101-DB-06-07.md,eng/contracts/schemas/product_family_field_constraints.schema.json#/$defs/psfsw,1,W0
AUD-101-DB-06-07.md,eng/contracts/data/v6_clause_registry_v1.json#counts,1,W0
AUD-101-DB-06-07.md,docs/contracts/UNIFIED_OBJECTS.md,1,W1
AUD-101-DB-06-07.md,eng/contracts/schemas/dual_line_file_domain.schema.json,1,W0
AUD-101-DB-06-07.md,eng/tests/gaia_zlib,1,W0
AUD-101-DB-06-07.md,"工程控制/RELEASE-05/{00_README,ACCEPTANCE,GAP_AUDIT}",1,W3
AUD-101-DB-08.md,eng/tools/check_contract_graph.py,4,W0
AUD-101-DB-08.md,docs/contracts/LOG_AND_ERROR_CONTRACT.md,3,W1
AUD-101-DB-08.md,eng/contracts/schemas/hips_storage_form.schema.json#x-astrocs-field-vocabulary,3,W0
AUD-101-DB-08.md,docs/architecture/observability/STRUCTURED_LOGGING_CONTRACT.md,3,W2
AUD-101-DB-08.md,eng/contracts/schemas/pipeline_block.schema.json,3,W0
AUD-101-DB-08.md,docs/contracts/PIPELINE_BLOCK_CONTRACT.md,2,W1
AUD-101-DB-08.md,docs/contracts/PERF_GATE_CONTRACT.md,2,W1
AUD-101-DB-08.md,eng/contracts/schemas/unified/psfsw_robust_weight.schema.json,2,W0
AUD-101-DB-08.md,docs/design/LOG_AND_ERROR_SYSTEM.md,2,W2
AUD-101-DB-08.md,docs/science/ASTROMETRY.md,1,W1
AUD-101-DB-08.md,lib/infrastructure/cli/exit_codes.h,1,W2
AUD-101-DB-08.md,docs/architecture/PIPELINE.md,1,W2
AUD-101-DB-08.md,docs/design/PRODUCT_STORAGE_FORM.md（DESIGN-STORAGE-001）」——§10,1,W2
AUD-101-DB-08.md,eng/ci/ledgers/…（登记台账,1,W0
AUD-101-DB-08.md,eng/contracts/schemas/perf_gate_criteria.schema.json,1,W0
AUD-101-DB-08.md,eng/tools/quality/check_block_flow_ports_vs_code.py,1,W0
AUD-101-DB-09.md,docs/contracts/API-001.md,4,W1
AUD-101-DB-09.md,docs/contracts/TEST_MATRIX.md,3,W1
AUD-101-DB-09.md,docs/contracts/UNIFIED_OBJECTS.md,3,W1
AUD-101-DB-09.md,docs/contracts/RT-001.md,3,W1
AUD-101-DB-09.md,lib/include/astrocs/core/,3,W2
AUD-101-DB-09.md,docs/contracts/config_separation_anchors.json,3,W1
AUD-101-DB-09.md,docs/contracts/SCHEDULER_CONTRACT.md,2,W1
AUD-101-DB-09.md,eng/tests/unit/p3_wcs_test.cpp,2,W0
AUD-101-DB-09.md,lib/algorithms/drizzle/healpix_drizzle/tests/CMakeLists.txt,1,W1
AUD-101-DB-09.md,docs/algorithms/PHASE3_PROJ_IMPL.md,1,W1
AUD-101-DB-09.md,docs/standards/NUMERIC_STANDARD.md,1,W3
AUD-101-DB-09.md,lib/algorithms/photometry/,1,W1
AUD-101-DB-09.md,eng/tests/backend/p3_wcs_main.cpp,1,W0
AUD-101-DB-09.md,实验/absolute-snr/,1,W1
AUD-101-DB-09.md,docs/contracts/ARCH-001.md,1,W1
AUD-101-DB-09.md,docs/architecture/api_inventory.csv,1,W2
AUD-101-DB-09.md,eng/contracts/schemas/unified/psfsw_robust_weight.schema.json,1,W0
AUD-101-DB-09.md,lib/algorithms/calibration/include/astro_calibration.h,1,W1
AUD-101-DB-09.md,lib/algorithms/drizzle/healpix_drizzle/hp_drizzle_api.h,1,W1
AUD-101-DB-09.md,lib/infrastructure/aio/include/aio_hips.h,1,W2
AUD-101-DB-09.md,lib/algorithms/noise_snr/cpp/include/snr_estimator.h,1,W1
AUD-101-DB-09.md,lib/algorithms/star_detection/include/star_detector.h,1,W1
AUD-101-DB-09.md,lib/algorithms/coverage/include/astro/phase2/coverage.h,1,W1
AUD-101-DB-09.md,lib/algorithms/shared/healpix/healpix_core.h,1,W1
AUD-101-DB-09.md,docs/development/CONFIG_SCHEMA.md,1,W3
AUD-101-DB-09.md,eng/packaging/config/」目录条目,1,W1
AUD-101-DB-09.md,lib/infrastructure/hips_browser/,1,W2
AUD-101-DB-09.md,"lib/include/astrocs/core/{runtime,module,artifact,context}.h",1,W2
AUD-101-DB-09.md,lib/include/astrocs/,1,W2
AUD-101-DB-09.md,eng/contracts/schemas/scheduler_probe_event.schema.json,1,W0
AUD-101-DB-09.md,eng/contracts/schemas/jsonl_event_v1.schema.json,1,W0
AUD-101-DB-09.md,lib/infrastructure/aio/healpix_db/.../candidate_oracle_test.cpp,1,W2
AUD-101-DB-09.md,lib/algorithms/platesolve/cpp/ipv/test/test_synthetic.cpp,1,W1
AUD-101-DB-09.md,eng/tests/quality/fixtures/docchk002_claims_fixture.csv,1,W0
AUD-101-DB-09.md,eng/tools/validation,1,W0
AUD-101-DB-09.md,lib/algorithms/integration/v6/include/astrocs/v6/weight_chain.h,1,W1
AUD-101-DB-09.md,eng/contracts/schemas/phase_config.schema.json,1,W0
AUD-101-DB-09.md,docs/contracts/unified_object_registry.json#port_contract,1,W1
AUD-101-DB-10-补.md,docs/design/LOG_AND_ERROR_SYSTEM.md,8,W2
AUD-101-DB-10-补.md,docs/standards/NUMERIC_STANDARD.md,4,W3
AUD-101-DB-10-补.md,docs/standards/CODE_STANDARD.md,4,W3
AUD-101-DB-10-补.md,docs/contracts/PERF_GATE_CONTRACT.md,3,W1
AUD-101-DB-10-补.md,docs/contracts/LOG_AND_ERROR_CONTRACT.md,3,W1
AUD-101-DB-10-补.md,docs/architecture/THREADING_MODEL.md,3,W2
AUD-101-DB-10-补.md,docs/standards/LOGGING_DIAGNOSTICS_STANDARD.md,3,W3
AUD-101-DB-10-补.md,docs/contracts/TEST_MATRIX.md,2,W1
AUD-101-DB-10-补.md,docs/standards/STANDARDS_REGISTRY.md,2,W3
AUD-101-DB-10-补.md,docs/DEVELOPER_GUIDE.md,2,W3
AUD-101-DB-10-补.md,eng/tools/quality/check_log_system.py,2,W0
AUD-101-DB-10-补.md,docs/standards/API_STANDARD.md,2,W3
AUD-101-DB-10-补.md,lib/include/astrocs/core/contracts.h,2,W2
AUD-101-DB-10-补.md,docs/standards/TEST_STANDARD.md,1,W3
AUD-101-DB-10-补.md,docs/owner/PROJECT_SPEC.md,1,W3
AUD-101-DB-10-补.md,docs/standards/checks/check_standards_registry.py,1,W3
AUD-101-DB-10-补.md,eng/tools/quality/build_v19r3_package.py,1,W0
AUD-101-DB-10-补.md,docs/interfaces/data/DATA-002_PHASE_PRODUCT_EXCHANGE.md,1,W2
AUD-101-DB-10-补.md,eng/tools/doccheck/,1,W0
AUD-101-DB-10-补.md,docs/architecture/IO_AND_ATOMICITY.md,1,W2
AUD-101-DB-10-补.md,eng/contracts/schemas/hips_storage_form.schema.json#x-astrocs-field-vocabulary,1,W0
AUD-101-DB-10-补.md,docs/standards/C_ABI_STANDARD.md,1,W3
AUD-101-DB-10-补.md,docs/standards/ERROR_HANDLING_STANDARD.md,1,W3
AUD-101-DB-10-补.md,lib/infrastructure/aio/src/aio_upm.cpp,1,W2
AUD-101-DB-10-补.md,docs/architecture/abi/ABI_003_SECURE_LOADER.md,1,W2
AUD-101-DB-10-补.md,docs/contracts/API_CONTRACTS.csv,1,W1
AUD-101-DB-10-补.md,docs/(standards,1,W3
AUD-101-DB-10-补.md,docs/design/LOG_AND_ERROR_SYSTEM.md（207,1,W2
AUD-101-DB-10-补.md,docs/design/PHASE1_DETAILED_DESIGN.md（227,1,W2
AUD-101-DB-10-补.md,docs/plugins/algorithms_phase1/01–08,1,W1
AUD-101-DB-10-补.md,docs/design/PHASE2_DETAILED_DESIGN.md（145,1,W2
AUD-101-DB-10-补.md,docs/plugins/algorithms_phase2/09–13,1,W1
AUD-101-DB-10-补.md,docs/design/PHASE3_DETAILED_DESIGN.md（174,1,W2
AUD-101-DB-10-补.md,docs/plugins/algorithms_phase3/14–16,1,W1
AUD-101-DB-10-补.md,eng/contracts/schemas/phase_config_export.schema.json#/$defs/export_crop,1,W0
AUD-101-DB-10-补.md,docs/design/PRODUCT_STORAGE_FORM.md（256,1,W2
AUD-101-DB-10-补.md,docs/design/UNIFIED_MODEL.md（76,1,W2
AUD-101-DB-10-补.md,"docs/contracts/{CONFIG_CONTRACT,DATA_SEMANTICS,UNIFIED_OBJECTS}.md",1,W1
AUD-101-DB-10-补.md,实验/absolute-snr/docs/frame-snr-canon.md,1,W1
AUD-101-DB-10-补.md,eng/contracts/data/unified_object_compatibility_map_v1.json#retired_entries,1,W0
AUD-101-DB-10-补.md,eng/contracts/data/unified_object_compatibility_map_v1.json,1,W0
AUD-101-DB-10-补.md,docs/standards[A-Za-z0-9_./-,1,W3
AUD-101-DB-10-补.md,docs/standards/API_STANDARD.md（23,1,W3
AUD-101-DB-10-补.md,docs/standards/BENCHMARK_STANDARD.md（8,1,W3
AUD-101-DB-10-补.md,lib/infrastructure/aio/tests/hiss_experiments.cpp,1,W2
AUD-101-DB-10-补.md,docs/standards/CODE_STANDARD.md（42,1,W3
AUD-101-DB-10-补.md,docs/standards/COMMENT_STANDARD.md（46,1,W3
AUD-101-DB-10-补.md,docs/standards/CONCURRENCY_STANDARD.md（26,1,W3
AUD-101-DB-10-补.md,docs/standards/C_ABI_STANDARD.md（13,1,W3
AUD-101-DB-10-补.md,docs/architecture/abi/,1,W2
AUD-101-DB-10-补.md,docs/standards/DOCUMENTATION_STANDARD.md（36,1,W3
AUD-101-DB-10-补.md,docs/standards/ERROR_HANDLING_STANDARD.md（24,1,W3
AUD-101-DB-10-补.md,docs/diagnostics/TROUBLESHOOTING.md,1,W3
AUD-101-DB-10-补.md,docs/standards/IO_STANDARD.md（23,1,W3
AUD-101-DB-10-补.md,artifacts/evidence/v19r7-quality/audit_findings_io.md,1,W3
AUD-101-DB-10-补.md,docs/standards/LOGGING_DIAGNOSTICS_STANDARD.md（11,1,W3
AUD-101-DB-10-补.md,eng/tools/astrocs_diagnose.py,1,W0
AUD-101-DB-10-补.md,docs/standards/NUMERIC_STANDARD.md（131,1,W3
AUD-101-DB-10-补.md,"docs/contracts/{DATA_SEMANTICS,DATA_ARTIFACTS,UNIFIED_OBJECTS,CONFIG_CONTRACT}.md",1,W1
AUD-101-DB-10-补.md,docs/standards/RELEASE_STANDARD.md（16,1,W3
AUD-101-DB-10-补.md,docs/standards/STANDARDS_REGISTRY.md（404,1,W3
AUD-101-DB-10-补.md,工程控制/PROJECT-GOVERNANCE-01/SCIENCE_CORRECTNESS.md,1,W3
AUD-101-DB-10-补.md,docs/standards/TEST_STANDARD.md（10,1,W3
AUD-101-DB-10-补.md,lib/infrastructure/aio/tests/test_checksum.cpp,1,W2
AUD-101-DB-10-补.md,lib/infrastructure/acr/backends/cuda/,1,W2
AUD-101-DB-10-补.md,docs/standards/checks/check_standards_registry.py（702,1,W3
AUD-101-DB-10-补.md,docs/standards/checks/,1,W3
AUD-101-DB-10-补.md,工程控制/AstroCS_CONSTITUTION_ALIGNMENT_CONTROL_V1_20260909/05_FINDINGS_REGISTER_20260911.md,1,W3
AUD-101-DB-10-补.md,docs/DEVELOPER_GUIDE.md（41,1,W3
AUD-101-DB-10-补.md,artifacts/evidence/v19r7-quality/,1,W3
AUD-101-DB-10-补.md,docs/development/DEVELOPER_GUIDE.md,1,W3
AUD-101-DB-10-补.md,docs/standards/IO_STANDARD.md,1,W3
AUD-101-DB-10.md,docs/DEVELOPER_GUIDE.md,2,W3
AUD-101-DB-10.md,docs/standards/checks/check_standards_registry.py,1,W3
AUD-101-DB-10.md,docs/standards/STANDARDS_REGISTRY.md,1,W3
AUD-101-DB-10.md,docs/standards/NUMERIC_STANDARD.md,1,W3
AUD-101-DB-10.md,docs/standards/C_ABI_STANDARD.md,1,W3
AUD-101-DB-10.md,docs/standards/ERROR_HANDLING_STANDARD.md,1,W3
AUD-101-DB-10.md,docs/contracts/UNIFIED_OBJECTS.md,1,W1
AUD-101-DB-10.md,docs/design/LOG_AND_ERROR_SYSTEM.md,1,W2
AUD-101-DB-10.md,docs/standards/LOGGING_DIAGNOSTICS_STANDARD.md,1,W3
AUD-101-DB-10.md,eng/tools/quality/check_log_system.py,1,W0
AUD-101-DB-10.md,docs/design/PRODUCT_STORAGE_FORM.md（256,1,W2
AUD-101-DB-10.md,docs/design/UNIFIED_MODEL.md（76,1,W2
AUD-101-DB-10.md,实验/absolute-snr/docs/frame-snr-canon.md,1,W1
AUD-101-DB-10.md,docs/standards/API_STANDARD.md,1,W3
AUD-101-DB-10.md,docs/standards/CODE_STANDARD.md,1,W3
AUD-101-DB-10.md,docs/standards/IO_STANDARD.md,1,W3
AUD-101-DB-10.md,artifacts/evidence/compress-01/,1,W3
AUD-101-DB-10.md,docs/standards/BENCHMARK_STANDARD.md,1,W3
AUD-101-DB-10.md,docs/standards/COMMENT_STANDARD.md,1,W3
AUD-101-DB-10.md,docs/standards/CONCURRENCY_STANDARD.md,1,W3
AUD-101-DB-10.md,docs/standards/RELEASE_STANDARD.md,1,W3
AUD-101-DB-11.md,docs/browser/HIPS_BROWSER.md,8,W3
AUD-101-DB-11.md,docs/TROUBLESHOOTING.md,8,W3
AUD-101-DB-11.md,docs/diagnostics/TROUBLESHOOTING.md,7,W3
AUD-101-DB-11.md,docs/operations/TOOLCHAIN_AGENT_HOST.md,6,W3
AUD-101-DB-11.md,docs/VERSIONING.md,6,W3
AUD-101-DB-11.md,docs/owner/PROJECT_SPEC.md,5,W3
AUD-101-DB-11.md,docs/standards/CODE_STANDARD.md,5,W3
AUD-101-DB-11.md,docs/audit/risk_verification_T012.csv,5,W3
AUD-101-DB-11.md,docs/development/CODE_STYLE.md,5,W3
AUD-101-DB-11.md,docs/standards/TEST_STANDARD.md,4,W3
AUD-101-DB-11.md,docs/development/TESTING.md,4,W3
AUD-101-DB-11.md,docs/development/CONFIG_SCHEMA.md,4,W3
AUD-101-DB-11.md,docs/audit/inventory.csv,4,W3
AUD-101-DB-11.md,docs/ci/02_PIPELINE.md,4,W0
AUD-101-DB-11.md,docs/ci/04_ARTIFACTS.md,4,W0
AUD-101-DB-11.md,docs/development/,3,W3
AUD-101-DB-11.md,docs/modules/healpix_browser_qt.md,3,W2
AUD-101-DB-11.md,docs/research/CCD_LINEAR_DEFECT_LITERATURE.md,2,W3
AUD-101-DB-11.md,docs/architecture/,2,W2
AUD-101-DB-11.md,docs/architecture/ARCHITECTURE.md,2,W2
AUD-101-DB-11.md,docs/diagnostics/,2,W3
AUD-101-DB-11.md,artifacts/evidence/prerelease-v5/ISA-005/MEASUREMENTS.csv,2,W3
AUD-101-DB-11.md,eng/ci/toolchain.policy.json,2,W0
AUD-101-DB-11.md,docs/contracts/PIPELINE_BLOCK_CONTRACT.md,1,W1
AUD-101-DB-11.md,docs/contracts/DUAL_LINE_CONTRACT.md,1,W1
AUD-101-DB-11.md,lib/infrastructure/pipeline/,1,W2
AUD-101-DB-11.md,docs/contracts/SCHEDULER_CONTRACT.md,1,W1
AUD-101-DB-11.md,eng/build/build.sh,1,W3
AUD-101-DB-11.md,lib/algorithms/coverage/CMakeLists.txt,1,W1
AUD-101-DB-11.md,docs/standards/checks/check_standards_registry.py,1,W3
AUD-101-DB-11.md,docs/operations/,1,W3
AUD-101-DB-11.md,docs/DEVELOPER_GUIDE.md,1,W3
AUD-101-DB-11.md,eng/build/toolchain.ps1,1,W3
AUD-101-DB-11.md,docs/algorithms/NOISE_ESTIMATION.md,1,W1
AUD-101-DB-11.md,docs/architecture/DATA_FLOW.md,1,W2
AUD-101-DB-11.md,docs/modules/gaia_xpsd_client.md,1,W2
AUD-101-DB-11.md,docs/architecture/BUILD_GRAPH.md,1,W2
AUD-101-DB-11.md,docs/contracts/ARCH-001.md,1,W1
AUD-101-DB-11.md,docs/architecture/ERROR_MODEL.md,1,W2
AUD-101-DB-11.md,docs/standards/ERROR_HANDLING_STANDARD.md,1,W3
AUD-101-DB-11.md,docs/architecture/THREADING_MODEL.md,1,W2
AUD-101-DB-11.md,docs/contracts/API-001.md,1,W1
AUD-101-DB-11.md,docs/api/CLI_PROTOCOL_V1.md,1,W3
AUD-101-DB-11.md,eng/tools/astrocs_diagnose.py,1,W0
AUD-101-DB-11.md,"docs/{archive,review,backlog}/",1,W3
AUD-101-DB-11.md,docs//,1,W3
AUD-101-DB-11.md,docs/research/COMPRESSION_CODEC_RESEARCH_PACK_TABLES.md,1,W3
AUD-101-DB-11.md,docs/modules/acr.md,1,W2
AUD-101-DB-11.md,lib/algorithms/calibration/src/cosmetic_corrector.cpp#158,1,W1
AUD-101-DB-11.md,docs/science/CALIBRATION.md#28,1,W1
AUD-101-DB-11.md,docs/standards/GLOSSARY.md,1,W3
AUD-101-DB-11.md,eng/tests/unit/mem_wire_test.cpp,1,W0
AUD-101-DB-11.md,artifacts/evidence/known-limitations-ledger/LEDGER.md,1,W3
AUD-101-DB-11.md,docs/owner/KNOWN_LIMITATIONS.md,1,W3
AUD-101-DB-11.md,docs/traceability/TRACEABILITY_SPEC.md,1,W3
AUD-101-DB-11.md,eng/ci/impact_map.json,1,W0
AUD-101-DB-11.md,eng/ci/polarity_evidence.json,1,W0
AUD-101-DB-11.md,eng/ci/polarity_probe.py,1,W0
AUD-101-DB-11.md,eng/tools/doccheck/doc_hygiene_exempt.json,1,W0
AUD-101-DB-11.md,eng/tools/quality/build_v19r2_package.py,1,W0
AUD-101-DB-11.md,eng/tools/quality/contracts/check_traceability.py,1,W0
AUD-101-DB-11.md,eng/tools/quality/v19r3_traceability.py,1,W0
AUD-101-DB-11.md,lib/algorithms/psf/,1,W1
AUD-101-DB-11.md,docs/traceability/TRACEABILITY_ROOT.csv,1,W3
AUD-101-DB-11.md,lib/snr_estimator,1,W3
AUD-101-DB-11.md,docs/api/MANIFEST_VERIFY_V1.md,1,W3
AUD-101-DB-11.md,eng/tests/version/,1,W0
AUD-101-DB-11.md,eng/contracts/schemas/version.schema.json,1,W0
AUD-101-DB-11.md,eng/tools/check_version_consistency.py,1,W0
AUD-101-DB-11.md,eng/tools/gen_version.py,1,W0
AUD-101-DB-11.md,docs/contracts/VERSIONING.md,1,W1
AUD-101-DB-11.md,lib/algorithms/drizzle/healpix_drizzle/include,1,W1
AUD-101-DB-11.md,lib/infrastructure/aio/healpix_db/memory.md,1,W2
AUD-101-DB-11.md,artifacts/evidence/risk-verification/T012/,1,W3
AUD-101-DB-11.md,lib/infrastructure/hips_browser/healpix_browser_qt/core/stf_engine.h,1,W2
AUD-101-DB-11.md,docs/modules/hips_browser.md,1,W2
AUD-101-DB-11.md,"docs/contracts/{CONFIG_CONTRACT,LOG_AND_ERROR_CONTRACT}.md",1,W1
AUD-101-DB-11.md,eng/ci/check_frozen_gate.py,1,W0
AUD-101-DB-11.md,artifacts/acceptance/l2_performance/gates/,1,W3
AUD-101-DB-11.md,artifacts/release-candidates/,1,W3
AUD-101-DB-11.md,eng/tools/migrate_stage2_config.py,1,W0
AUD-101-DB-11.md,docs/contracts/STAGE2_CONFIG_CONTRACT.md,1,W1
AUD-101-DB-11.md,eng/ci/toolchain.lock.json,1,W0
AUD-101-DB-11.md,artifacts/evidence/toolchain/agent-host/,1,W3
AUD-101-DB-11.md,"docs/design/PHASE{1,2,3}_DETAILED_DESIGN.md",1,W2
AUD-101-DB-11.md,docs/design/PROJECT_SPEC.md,1,W2
AUD-101-DB-11.md,docs/ci/01..04/CI_SPEC,1,W0
AUD-101-DB-11.md,"docs/development/{CODE_STYLE,CONFIG_SCHEMA,TESTING}.md",1,W3
AUD-101-DB-11.md,"docs/audit/{doc_classification,inventory,risk_verification_T012}.csv",1,W3
AUD-101-DB-11.md,lib/phase1_session/README.md…,1,W3
AUD-101-DB-11.md,"docs/standards/{CODE_STANDARD,TEST_STANDARD}.md",1,W3
AUD-101-DB-11.md,"lib/phase{1,2,3}_session/",1,W3
AUD-101-DB-11.md,lib/phase1_session/README.md,1,W3
AUD-101-DB-12.md,docs/owner/SCIENCE_OVERVIEW.md,5,W3
AUD-101-DB-12.md,docs/references/PHOTOMETRY_LITERATURE_REVIEW_ARCHIVE.md,5,W3
AUD-101-DB-12.md,docs/references/SCIENTIFIC_REFERENCES.md,4,W3
AUD-101-DB-12.md,docs/research/CCD_LINEAR_DEFECT_LITERATURE.md,4,W3
AUD-101-DB-12.md,docs/research/COMPRESSION_CODEC_RESEARCH_PACK_TABLES.md,4,W3
AUD-101-DB-12.md,docs/quality/coverage_baseline_v1.md,3,W3
AUD-101-DB-12.md,docs/VERSIONING.md,3,W3
AUD-101-DB-12.md,docs/research/IVOA_HIPS_TILE_FORMAT_RESEARCH_PACK.md,3,W3
AUD-101-DB-12.md,docs/research/PHOTOMETRY_RESEARCH_PACK.md,3,W3
AUD-101-DB-12.md,docs/performance/,2,W3
AUD-101-DB-12.md,docs/architecture/PERFORMANCE_MODEL.md,2,W2
AUD-101-DB-12.md,docs/performance/BASELINE.md,2,W3
AUD-101-DB-12.md,docs/performance/OPTIMIZATION.md,2,W3
AUD-101-DB-12.md,docs/quality/complexity_baseline_v1.md,2,W3
AUD-101-DB-12.md,eng/tools/doccheck/check_version_namespaces.py,2,W0
AUD-101-DB-12.md,lib/infrastructure/aio/io/fits_core.c,2,W2
AUD-101-DB-12.md,docs/review,2,W3
AUD-101-DB-12.md,reports/artifacts/site/整改/AstroCS.wiki/memory.md,2,W3
AUD-101-DB-12.md,docs/owner/PROJECT_SPEC.md,1,W3
AUD-101-DB-12.md,docs/standards/STANDARDS_REGISTRY.md,1,W3
AUD-101-DB-12.md,docs/science/SCIENCE_SCOPE.md,1,W1
AUD-101-DB-12.md,artifacts/evidence/compress-01/,1,W3
AUD-101-DB-12.md,eng/cmake/install_layout.cmake,1,W3
AUD-101-DB-12.md,lib/algorithms/projection/p3_projection.cpp,1,W1
AUD-101-DB-12.md,eng/tests/cli/test_cli001_vpi.py,1,W0
AUD-101-DB-12.md,eng/tools/check_l0_docs.py,1,W0
AUD-101-DB-12.md,eng/tools/doccheck/check_engineering_constraints.py,1,W0
AUD-101-DB-12.md,lib/cli/include/runtime,1,W3
AUD-101-DB-12.md,lib/infrastructure/pipeline/module_loader/secure_loader.h,1,W2
AUD-101-DB-12.md,lib/infrastructure/pipeline/typed_dag.py,1,W2
AUD-101-DB-12.md,lib/infrastructure/cli/version_generated.h,1,W2
AUD-101-DB-12.md,lib/include/astrocs/abi/,1,W2
AUD-101-DB-12.md,eng/tests/unit/p1_,1,W0
AUD-101-DB-12.md,"lib/phase1/{noise,photometry,stars,wcs}/",1,W3
AUD-101-DB-12.md,"lib/phase3_session/{p3_session,p3_wcs,p3_resample,p3_output}.cpp",1,W3
AUD-101-DB-12.md,eng/tests/testkit/registry.json,1,W0
AUD-101-DB-12.md,artifacts/evidence/v6/performance/PERF-SCALE-001.md,1,W3
AUD-101-DB-12.md,artifacts/evidence/quality/complexity_baseline_v1.md,1,W3
AUD-101-DB-12.md,eng/tools/quality/ci_coverage_runner.py,1,W0
AUD-101-DB-12.md,artifacts/acceptance/,1,W3
AUD-101-DB-12.md,artifacts/evidence/quality/coverage_baseline_v1.md,1,W3
AUD-101-DB-12.md,实验/absolute-snr/docs/EXP-03-REGIONAL-SIGMA.md,1,W1
AUD-101-DB-12.md,reports/review-package-20260915/,1,W3
AUD-101-DB-12.md,artifacts/evidence/photometry-pack/,1,W3
AUD-101-DB-12.md,artifacts/evidence/compress-01/final_numbers.json,1,W3
AUD-101-DB-12.md,artifacts/evidence/compress-01/code/analyze.py,1,W3
AUD-101-DB-12.md,artifacts/evidence/compress-01/tables.md,1,W3
AUD-101-DB-12.md,artifacts/evidence/hips-tile-format-01/,1,W3
AUD-101-DB-12.md,"docs/modules/phase3_{proj,rsmp}.md",1,W2
AUD-101-DB-12.md,"docs/research/{COMPRESSION_CODEC_RESEARCH_PACK,IVOA_HIPS_TILE_FORMAT_RESEARCH_PACK,COMPRESSION_CODEC_RESEARCH_PACK_TABLES}.md",1,W3
AUD-101-DB-12.md,"docs/performance/{BASELINE,OPTIMIZATION}.md",1,W3
AUD-101-DB-12.md,lib/phase1/,1,W3
AUD-101-DB-13.md,docs/traceability/TRACEABILITY_SPEC.md,12,W3
AUD-101-DB-13.md,docs/validation/v6/QA_MATRIX.md,10,W3
AUD-101-DB-13.md,docs/validation/SCIENCE_FREEZE.md,7,W3
AUD-101-DB-13.md,docs/validation/v6/BASELINE_COMPARISON_MATRIX.md,5,W3
AUD-101-DB-13.md,实验/absolute-snr/B7_ABSOLUTE_SNR_RECON.md,5,W1
AUD-101-DB-13.md,docs/traceability/TRACEABILITY_LAYERS.csv,4,W3
AUD-101-DB-13.md,docs/traceability/traceability_warn_baseline.json,4,W3
AUD-101-DB-13.md,docs/validation/v6/P0_GATE_FAMILY.md,4,W3
AUD-101-DB-13.md,docs/validation/v6/ORACLE_AND_ZERO_CASE_POLICY.md,3,W3
AUD-101-DB-13.md,实验/absolute-snr/,2,W1
AUD-101-DB-13.md,docs/validation/v6/NEGATIVE_MUTATION_CATALOG.md,2,W3
AUD-101-DB-13.md,artifacts/evidence/v6/qa-design/,2,W3
AUD-101-DB-13.md,docs/validation/v6/README.md,2,W3
AUD-101-DB-13.md,docs/science/CALIBRATION.md,1,W1
AUD-101-DB-13.md,docs/references/SCIENTIFIC_REFERENCES.md,1,W3
AUD-101-DB-13.md,docs/research/PHOTOMETRY_RESEARCH_PACK.md,1,W3
AUD-101-DB-13.md,artifacts/acceptance/,1,W3
AUD-101-DB-13.md,docs/science/UNIFIED_MODEL.md,1,W1
AUD-101-DB-13.md,lib/algorithms/calibration/tests/p1cal/,1,W1
AUD-101-DB-13.md,artifacts/evidence/v6/qa-design/data/mutations.json,1,W3
AUD-101-DB-13.md,实验/absolute-snr/results/b7_absolute_snr_recon.json,1,W1
AUD-101-DB-13.md,"docs/validation/v6/{BASELINE_COMPARISON_MATRIX,NEGATIVE_MUTATION_CATALOG,ORACLE_AND_ZERO_CASE_POLICY,P0_GATE_FAMILY,QA_MATRIX,README}.md",1,W3
AUD-101-DB-13.md,docs/traceability/TRACEABILITY_MATRIX.{json,1,W3
AUD-101-DB-13.md,docs/validation/v6/{README.md,1,W3
AUD-101-DB-13.md,reports/v6/,1,W3
AUD-101-DB-14.md,docs/snr-propagation-design.md,4,W3
AUD-101-DB-14.md,实验/absolute-snr/code/reverse_verify/f_instr/README.md,3,W1
AUD-101-DB-14.md,docs/f-instr-canon.md,3,W3
AUD-101-DB-14.md,testdata/README.md,3,W3
AUD-101-DB-14.md,实验/absolute-snr/docs/EXP-03-REGIONAL-SIGMA.md,2,W1
AUD-101-DB-14.md,实验/absolute-snr/code/reverse_verify/frame_snr/README.md,2,W1
AUD-101-DB-14.md,实验/absolute-snr/code/reverse_verify/snr_design/README.md,2,W1
AUD-101-DB-14.md,实验/absolute-snr/data/README.md,2,W1
AUD-101-DB-14.md,实验/absolute-snr/docs/EXP-01-DELTA-AND-ESTIMATOR.md,2,W1
AUD-101-DB-14.md,实验/absolute-snr/docs/EXP-02-STRUCTURE-CONTAMINATION.md,2,W1
AUD-101-DB-14.md,实验/absolute-snr/,1,W1
AUD-101-DB-14.md,docs/contracts/UNIFIED_OBJECTS.md,1,W1
AUD-101-DB-14.md,docs/frame-snr-canon.md,1,W3
AUD-101-DB-14.md,testdata/M42_T2T3_mosaic_Flying_dutchman/T2/,1,W3
AUD-101-DB-14.md,实验/absolute-snr/results/REVERSE_VERIFY_CANON.md,1,W1
AUD-101-DB-14.md,实验/absolute-snr/code/reverse_verify/CMakeLists.txt,1,W1
AUD-101-DB-14.md,eng/tests/unit/.../p1snr_science_test.cpp,1,W0
AUD-101-DB-14.md,testdata/HST_M16/,1,W3
AUD-101-DB-14.md,eng/tests/unit/.../,1,W0
AUD-101-DB-15.md,实验/absolute-snr/docs/,2,W1
AUD-101-DB-15.md,实验/absolute-snr/docs/EXP-,2,W1
AUD-101-DB-15.md,实验/absolute-snr/docs/EXP-06-SNR-PHYS.md,2,W1
AUD-101-DB-15.md,docs/EXP-04-RECONSTRUCTION.md,2,W3
AUD-101-DB-15.md,实验/absolute-snr/docs/surveys/f-instr-survey.md,2,W1
AUD-101-DB-15.md,实验/shared/references/REVERSE_VERIFY_BIBLIOGRAPHY.md,2,W1
AUD-101-DB-15.md,docs/science/PSF.md,1,W1
AUD-101-DB-15.md,实验/absolute-snr/docs/frame-snr-canon.md,1,W1
AUD-101-DB-15.md,实验/absolute-snr/docs/EXP-04-RECONSTRUCTION.md,1,W1
AUD-101-DB-15.md,实验/absolute-snr/docs/EXP-05-ABSOLUTE-SNR.md,1,W1
AUD-101-DB-15.md,实验/absolute-snr/results/exp04_e2_hst.json,1,W1
AUD-101-DB-15.md,实验/absolute-snr/code/exp04/run_all.sh,1,W1
AUD-101-DB-15.md,实验/absolute-snr/results/exp05_e3_real.json,1,W1
AUD-101-DB-15.md,实验/absolute-snr/results/exp06_e5_scope.json,1,W1
AUD-101-DB-15.md,实验/absolute-snr/docs/EXP-06-SUMMARY.md,1,W1
AUD-101-DB-15.md,实验/…/results/,1,W1
AUD-101-DB-15.md,lib/docs/eng/tests/ci,1,W3
AUD-101-DB-15.md,实验/absolute-snr/docs/surveys/frame-snr-survey.md,1,W1
AUD-101-DB-15.md,实验/…/docs/,1,W1
AUD-101-DB-16.md,实验/absolute-snr/results/EXP04_TABLES.md,6,W1
AUD-101-DB-16.md,实验/absolute-snr/,5,W1
AUD-101-DB-16.md,testdata/HST_M16/,3,W3
AUD-101-DB-16.md,实验/absolute-snr/docs/surveys/f-instr-survey.md,3,W1
AUD-101-DB-16.md,实验/absolute-snr/docs/surveys/frame-snr-survey.md,3,W1
AUD-101-DB-16.md,实验/absolute-snr/docs/surveys/,3,W1
AUD-101-DB-16.md,实验/absolute-snr/results/COMPARISON_TABLES.md,3,W1
AUD-101-DB-16.md,实验/absolute-snr/results/DOC_CORRECTIONS.md,3,W1
AUD-101-DB-16.md,实验/absolute-snr/docs/EXP-02-STRUCTURE-CONTAMINATION.md,2,W1
AUD-101-DB-16.md,实验/…/results/,2,W1
AUD-101-DB-16.md,reports/RELEASE-02/unc-prop-audit.md,2,W3
AUD-101-DB-16.md,实验/absolute-snr/results/,2,W1
AUD-101-DB-16.md,实验/absolute-snr/code/make_tables.py,2,W1
AUD-101-DB-16.md,实验/absolute-snr/results/EXP02_TABLES.md,2,W1
AUD-101-DB-16.md,实验/absolute-snr/code/exp02/make_tables.py,2,W1
AUD-101-DB-16.md,实验/absolute-snr/results/EXP03_TABLES.md,2,W1
AUD-101-DB-16.md,docs/science/q2-snr-smooth,2,W1
AUD-101-DB-16.md,实验/…/docs/surveys/,2,W1
AUD-101-DB-16.md,docs/science/UNCERTAINTY_AND_COVARIANCE.md,1,W1
AUD-101-DB-16.md,docs/science/PSF.md,1,W1
AUD-101-DB-16.md,lib/algorithms/integration/v6/include/astrocs/v6/weight_chain.h,1,W1
AUD-101-DB-16.md,实验/absolute-snr/docs/frame-snr-canon.md,1,W1
AUD-101-DB-16.md,docs//,1,W3
AUD-101-DB-16.md,实验/absolute-snr/docs/EXP-03-REGIONAL-SIGMA.md,1,W1
AUD-101-DB-16.md,实验/absolute-snr/code/reverse_verify/f_instr/README.md,1,W1
AUD-101-DB-16.md,实验/absolute-snr/code/reverse_verify/snr_design/README.md,1,W1
AUD-101-DB-16.md,testdata/README.md,1,W3
AUD-101-DB-16.md,实验/absolute-snr/results/REVERSE_VERIFY_CANON.md,1,W1
AUD-101-DB-16.md,实验/absolute-snr/docs/,1,W1
AUD-101-DB-16.md,实验/absolute-snr/docs/EXP-04-RECONSTRUCTION.md,1,W1
AUD-101-DB-16.md,实验/absolute-snr/docs/EXP-05-ABSOLUTE-SNR.md,1,W1
AUD-101-DB-16.md,docs/EXP-04-RECONSTRUCTION.md,1,W3
AUD-101-DB-16.md,实验/absolute-snr/code/reverse_verify/snr_design/exp1_weight_penalty.py,1,W1
AUD-101-DB-16.md,eng/tests/validation/release02/snr_design/,1,W0
AUD-101-DB-16.md,eng/ci/check_cite_claim_mark_consistency.py,1,W0
AUD-101-DB-16.md,docs/research/F_INSTR_SURVEY.md,1,W3
AUD-101-DB-16.md,lib/algorithms/noise_snr/cpp/include/.../,1,W1
AUD-101-DB-16.md,artifacts/evidence/SCI-B_DOC_CORRECTIONS.md,1,W3
AUD-101-DB-16.md,实验/absolute-snr/results/exp02_figs,1,W1
AUD-101-DB-16.md,实验/absolute-snr/code/exp03/make_tables.py,1,W1
AUD-101-DB-16.md,实验/absolute-snr/docs/README.md,1,W1
AUD-101-DB-16.md,lib/algorithms/noise_snr/cpp/include/.../snr_science.h,1,W1
AUD-101-DB-16.md,lib/include/lsst/meas/base/PsfFlux.h,1,W2
AUD-101-DB-16.md,docs/surveys/f-instr-survey.md,1,W3
AUD-101-DB-16.md,docs/surveys/frame-snr-survey.md,1,W3
AUD-101-DB-17.md,实验/absolute-snr/results/,4,W1
AUD-101-DB-17.md,"docs/{frame-snr-canon,f-instr-canon,snr-propagation-design}.md",3,W3
AUD-101-DB-17.md,docs/contracts/DUAL_LINE_CONTRACT.md,2,W1
AUD-101-DB-17.md,lib/algorithms/star_detection/wrapper_phase1/star_detector.cpp,2,W1
AUD-101-DB-17.md,实验/additive-sky-seamless/,2,W1
AUD-101-DB-17.md,docs/f-instr-canon.md,2,W3
AUD-101-DB-17.md,docs/snr-propagation-design.md,2,W3
AUD-101-DB-17.md,工程控制/RELEASE-02/change-claims/CONFORM-FIX-B-001-tolerance-relative.md,2,W3
AUD-101-DB-17.md,实验/healpix-polar/README.md,2,W1
AUD-101-DB-17.md,docs/science/PSF.md,1,W1
AUD-101-DB-17.md,docs/frame-snr-canon.md,1,W3
AUD-101-DB-17.md,实验/absolute-snr/results/REVERSE_VERIFY_CANON.md,1,W1
AUD-101-DB-17.md,实验/absolute-snr/docs/EXP-05-ABSOLUTE-SNR.md,1,W1
AUD-101-DB-17.md,实验/absolute-snr/docs/EXP-06-SNR-PHYS.md,1,W1
AUD-101-DB-17.md,实验/absolute-snr/results/EXP05_TABLES.md,1,W1
AUD-101-DB-17.md,实验/absolute-snr/code/exp05/make_tables.py,1,W1
AUD-101-DB-17.md,docs/EXP-06-SUMMARY.md,1,W3
AUD-101-DB-17.md,eng/tests/unit/v6_p1_psfw/,1,W0
AUD-101-DB-17.md,artifacts/evidence/absolute-snr/REVIEW-SCI-B.md,1,W3
AUD-101-DB-17.md,实验/absolute-snr/code/,1,W1
AUD-101-DB-17.md,lib/」——日期,1,W3
AUD-101-DB-17.md,artifacts/evidence/absolute-snr/ctest-run-summary.md,1,W3
AUD-101-DB-17.md,实验/additive-sky-seamless/code/reverse_verify/m16_scene/README.md,1,W1
AUD-101-DB-17.md,实验/additive-sky-seamless/code/reverse_verify/smooth_lambda/CRITERIA.md,1,W1
AUD-101-DB-17.md,实验/additive-sky-seamless/data/README.md,1,W1
AUD-101-DB-17.md,实验/additive-sky-seamless/results/REVIEW.md,1,W1
AUD-101-DB-17.md,实验/additive-sky-seamless/results/,1,W1
AUD-101-DB-17.md,实验/additive-sky-seamless/results/c2_multiplicative.json,1,W1
AUD-101-DB-17.md,实验/additive-sky-seamless/results/figs/fig_c7_real_crop.png,1,W1
AUD-101-DB-17.md,reports/RELEASE-02/m16-scene.md,1,W3
AUD-101-DB-17.md,实验/additive-sky-seamless/code/reverse_verify/m16_scene/,1,W1
AUD-101-DB-17.md,artifacts/evidence/additive-sky-seamless/m16-scene/,1,W3
AUD-101-DB-17.md,docs/algorithms/PHASE2_UPM.md,1,W1
AUD-101-DB-17.md,artifacts/evidence/additive-sky-seamless/smooth-lambda-SKELETON.md,1,W3
AUD-101-DB-17.md,artifacts/evidence/additive-sky-seamless/,1,W3
AUD-101-DB-17.md,artifacts/evidence/additive-sky-seamless/REVIEW-SCI-C.md,1,W3
AUD-101-DB-17.md,实验/healpix-polar/,1,W1
AUD-101-DB-17.md,实验/healpix-polar/results/p4_hst,1,W1
AUD-101-DB-17.md,实验/healpix-polar/results/,1,W1
AUD-101-DB-17.md,"实验/{absolute-snr,additive-sky-seamless,photometric-magnitude}/results/REVERSE_VERIFY_CANON.md",1,W1
AUD-101-DB-17.md,docs/…,1,W3
AUD-101-DB-17.md,"实验/absolute-snr/code/exp05/{make_tables.py,e5_gates.py,exp05_common.py}",1,W1
AUD-101-DB-18.md,实验/photometric-magnitude/README.md,9,W1
AUD-101-DB-18.md,testdata/README.md,7,W3
AUD-101-DB-18.md,docs/p1-spatial-gain.md,7,W3
AUD-101-DB-18.md,实验/m42-realdata/README.md,6,W1
AUD-101-DB-18.md,实验/photometric-magnitude/,4,W1
AUD-101-DB-18.md,docs/science/SNR_CHAIN.md,4,W1
AUD-101-DB-18.md,实验/additive-sky-seamless/,3,W1
AUD-101-DB-18.md,实验/m42-realdata/docs/CRITERIA.md,3,W1
AUD-101-DB-18.md,实验/m42-realdata/docs/DATA-SOURCES.md,3,W1
AUD-101-DB-18.md,实验/photometric-magnitude/REPORT_paper.md,3,W1
AUD-101-DB-18.md,实验/photometric-magnitude/data/README.md,3,W1
AUD-101-DB-18.md,testdata/index.json,3,W3
AUD-101-DB-18.md,实验/shared/,3,W1
AUD-101-DB-18.md,实验/photometric-magnitude/results/REVIEW.md,2,W1
AUD-101-DB-18.md,实验/m42-realdata/REPORT_paper.md,2,W1
AUD-101-DB-18.md,实验/photometric-magnitude/RESOLUTION_m42_curve_resolve.md,2,W1
AUD-101-DB-18.md,实验/photometric-magnitude/code/README.md,2,W1
AUD-101-DB-18.md,实验/photometric-magnitude/results/DOC_CORRECTIONS.md,2,W1
AUD-101-DB-18.md,lib/algorithms/photometry/cpp/src/p1phot_fixgates.cpp,2,W1
AUD-101-DB-18.md,实验/shared/synthetic/README.md,2,W1
AUD-101-DB-18.md,docs/research/CCD_LINEAR_DEFECT_LITERATURE.md,1,W3
AUD-101-DB-18.md,实验/absolute-snr/,1,W1
AUD-101-DB-18.md,lib/infrastructure/pipeline/orchestrator/cpp/src/orchestrator.cpp,1,W2
AUD-101-DB-18.md,docs/design/LOG_AND_ERROR_SYSTEM.md,1,W2
AUD-101-DB-18.md,实验/photometric-magnitude/RESOLUTION_fsyn_formula.md,1,W1
AUD-101-DB-18.md,实验/photometric-magnitude/code/reverse_verify/p1_spatial_gain/README.md,1,W1
AUD-101-DB-18.md,实验/photometric-magnitude/results/GATES.md,1,W1
AUD-101-DB-18.md,实验/m42-realdata/{README.md,1,W1
AUD-101-DB-18.md,实验/m42-realdata/results/%s.json,1,W1
AUD-101-DB-18.md,testdata/M42_T2T3_mosaic_Flying_dutchman/,1,W3
AUD-101-DB-18.md,实验/photometric-magnitude/code/scia_common.py,1,W1
AUD-101-DB-18.md,lib/.../response_curves/filters.json,1,W3
AUD-101-DB-18.md,lib/infrastructure/gaia_xpsd_client/,1,W2
AUD-101-DB-18.md,"lib/algorithms/photometry/cpp/src/spatial_gain.{h,cpp}",1,W1
AUD-101-DB-18.md,eng/tests/validation/release02/p1_spatial_gain,1,W0
AUD-101-DB-18.md,eng/tests/validation/,1,W0
AUD-101-DB-18.md,实验/shared/synthetic/gainlib.py,1,W1
AUD-101-DB-18.md,实验/shared/synthetic/scenes/m16_,1,W1
AUD-101-DB-18.md,docs/CRITERIA.md,1,W3
AUD-101-DB-19.md,实验/photometric-magnitude/README.md,13,W1
AUD-101-DB-19.md,testdata/README.md,10,W3
AUD-101-DB-19.md,docs/contracts/DUAL_LINE_CONTRACT.md,9,W1
AUD-101-DB-19.md,docs/contracts/PIPELINE_BLOCK_CONTRACT.md,8,W1
AUD-101-DB-19.md,实验/shared/data/real/README.md,7,W1
AUD-101-DB-19.md,实验/healpix-polar/,6,W1
AUD-101-DB-19.md,docs/algorithms/07_noise_snr.md,6,W1
AUD-101-DB-19.md,artifacts/evidence/release-05/AUDIT_PACKAGE.md,5,W3
AUD-101-DB-19.md,实验/photometric-magnitude/results/REVIEW.md,5,W1
AUD-101-DB-19.md,实验/shared/synthetic/README.md,5,W1
AUD-101-DB-19.md,实验/shared/data/README.md,5,W1
AUD-101-DB-19.md,实验/photometric-magnitude/REPORT_paper.md,4,W1
AUD-101-DB-19.md,实验/shared/,4,W1
AUD-101-DB-19.md,工程控制/RELEASE-05/OPEN_QUESTIONS.md,3,W3
AUD-101-DB-19.md,docs/ASTROCS_DESIGN.md,3,W3
AUD-101-DB-19.md,docs/owner/PROJECT_SPEC.md,3,W3
AUD-101-DB-19.md,docs/frame-snr-canon.md,3,W3
AUD-101-DB-19.md,docs/p1-spatial-gain.md,3,W3
AUD-101-DB-19.md,实验/SCI-,3,W1
AUD-101-DB-19.md,实验/shared/synthetic/,3,W1
AUD-101-DB-19.md,实验/shared/README.md,3,W1
AUD-101-DB-19.md,工程控制/RELEASE-05/PROMPT.md,3,W3
AUD-101-DB-19.md,工程控制/RELEASE-05/docs,3,W3
AUD-101-DB-19.md,工程控制/RELEASE-05/SUMMARY.md,3,W3
AUD-101-DB-19.md,artifacts/evidence/release-05/,3,W3
AUD-101-DB-19.md,工程控制/RELEASE-05/TASK_LIST.md,3,W3
AUD-101-DB-19.md,工程控制/RELEASE-05/HANDOFF.md,3,W3
AUD-101-DB-19.md,lib/infrastructure/pipeline/,2,W2
AUD-101-DB-19.md,lib/infrastructure/pipeline/orchestrator/,2,W2
AUD-101-DB-19.md,docs/architecture/THREAD_BUDGET_ARCH.md,2,W2
AUD-101-DB-19.md,lib/phase,2,W3
AUD-101-DB-19.md,eng/build/build.sh,2,W3
AUD-101-DB-19.md,testdata/HST_M16/,2,W3
AUD-101-DB-19.md,实验/shared/references/REVERSE_VERIFY_BIBLIOGRAPHY.md,2,W1
AUD-101-DB-19.md,eng/ci/check_cite_claim_mark_consistency.py,2,W0
AUD-101-DB-19.md,reports/RELEASE-02/m16-scene.md,2,W3
AUD-101-DB-19.md,实验/photometric-magnitude/,2,W1
AUD-101-DB-19.md,工程控制/RELEASE-05/,2,W3
AUD-101-DB-19.md,artifacts/evidence/science-units/photometric-magnitude/REVIEW.md,2,W3
AUD-101-DB-19.md,实验/shared/data/,2,W1
AUD-101-DB-19.md,实验/additive-sky-seamless/code/reverse_verify/data_matrix/,2,W1
AUD-101-DB-19.md,实验/shared/data/synthetic/before_stackn32/CHANGES.md,2,W1
AUD-101-DB-19.md,实验/absolute-snr/code/reverse_verify/p7_noise/exp3_sky_scan.py,2,W1
AUD-101-DB-19.md,工程控制/RELEASE-05/ACCEPTANCE.md,2,W3
AUD-101-DB-19.md,eng/tests/unit/p3_export_stream_prod_test.cpp,2,W0
AUD-101-DB-19.md,eng/tools/contract_doc_sync.py,2,W0
AUD-101-DB-19.md,工程控制/RELEASE-05/tasks/,1,W3
AUD-101-DB-19.md,eng/tests/unit/export_stream_test.cpp,1,W0
AUD-101-DB-19.md,eng/ci/check_retired_code.py,1,W0
AUD-101-DB-19.md,docs/contracts/SCHEDULER_CONTRACT.md,1,W1
AUD-101-DB-19.md,docs/docs/owner/PROJECT_SPEC.md,1,W3
AUD-101-DB-19.md,docs/development/,1,W3
AUD-101-DB-19.md,docs/performance/,1,W3
AUD-101-DB-19.md,docs/algorithms/NOISE_ESTIMATION.md,1,W1
AUD-101-DB-19.md,lib/phase1_session/,1,W3
AUD-101-DB-19.md,docs/plugins/algorithms_phase2/11_upm.md,1,W1
AUD-101-DB-19.md,eng/tests/unit/,1,W0
AUD-101-DB-19.md,docs/VERSIONING.md,1,W3
AUD-101-DB-19.md,实验/absolute-snr/docs/frame-snr-canon.md,1,W1
AUD-101-DB-19.md,artifacts/evidence/known-limitations-ledger/LEDGER.md,1,W3
AUD-101-DB-19.md,实验/healpix-polar/README.md,1,W1
AUD-101-DB-19.md,实验/photometric-magnitude/results/GATES.md,1,W1
AUD-101-DB-19.md,testdata/index.json,1,W3
AUD-101-DB-19.md,实验/shared/synthetic/scenes/m16_,1,W1
AUD-101-DB-19.md,实验/photometric-magnitude/results/,1,W1
AUD-101-DB-19.md,docs/EXP-07-POLAR摘要.md,1,W3
AUD-101-DB-19.md,artifacts/evidence/governance/root-consolidation/REVERSE_VERIFY_MIGRATION.md,1,W3
AUD-101-DB-19.md,artifacts/evidence/governance/root-consolidation/,1,W3
AUD-101-DB-19.md,实验/shared/data/real/,1,W1
AUD-101-DB-19.md,artifacts/evidence/experiments/stackn32/,1,W3
AUD-101-DB-19.md,实验/shared/synthetic/scenes/m16_nebula_core.json,1,W1
AUD-101-DB-19.md,实验/shared/data/synthetic/before_stackn32/scenes/m16_nebula_core.json,1,W1
AUD-101-DB-19.md,工程控制/RELEASE-02,1,W3
AUD-101-DB-19.md,"实验/absolute-snr/code/reverse_verify/p7_noise/exp{1,3,4}_",1,W1
AUD-101-DB-19.md,实验/absolute-snr/code/reverse_verify/p7_noise/,1,W1
AUD-101-DB-19.md,实验/shared/synthetic/scenes/,1,W1
AUD-101-DB-19.md,artifacts/evidence/experiments/stackn32/CHANGES.md,1,W3
AUD-101-DB-19.md,实验/shared/data/synthetic/before_stackn32/,1,W1
AUD-101-DB-19.md,lib/LeastSquareFit.js,1,W3
AUD-101-DB-19.md,实验/shared/references/,1,W1
AUD-101-DB-19.md,docs/references/REVERSE_VERIFY_BIBLIOGRAPHY.md,1,W3
AUD-101-DB-19.md,docs/standards/CITATION_RULES.md,1,W3
AUD-101-DB-19.md,实验/photometric-magnitude/code/step6_apply_and_units.py,1,W1
AUD-101-DB-19.md,实验/photometric-magnitude/code/reverse_verify/p1_spatial_gain/data/synth_results.json,1,W1
AUD-101-DB-19.md,实验/photometric-magnitude/code/reverse_verify/p1_spatial_gain/,1,W1
AUD-101-DB-19.md,实验/additive-sky-seamless/code/reverse_verify/m16_sampling/run_reconstruct.py,1,W1
AUD-101-DB-19.md,实验/additive-sky-seamless/code/reverse_verify/m16_sampling/,1,W1
AUD-101-DB-19.md,"实验/{photometric-magnitude,absolute-snr,additive-sky-seamless}/REPORT_paper.md",1,W1
AUD-101-DB-19.md,artifacts/prerelease_v5/,1,W3
AUD-101-DB-19.md,artifacts/prerelease_v5,1,W3
AUD-101-DB-19.md,eng/contracts/block_flow/conformance_deviations.json,1,W0
AUD-101-DB-19.md,"工程控制/RELEASE-05/{ACCEPTANCE.md,OPEN_QUESTIONS.md,SUMMARY.md}",1,W3
AUD-101-DB-19.md,docs/owner/DECISIONS.md,1,W3
AUD-101-DB-19.md,artifacts/evidence/release-05/GATE-501_VERIFICATION.md,1,W3
AUD-101-DB-19.md,工程控制/RELEASE-04,1,W3
AUD-101-DB-19.md,eng/ci/checks.json…,1,W0
AUD-101-DB-19.md,docs/owner/PROJECT_SPEC.md」重叠（同一份清单两种写法,1,W3
AUD-101-DB-19.md,testdata/HST_M16,1,W3
AUD-101-DB-19.md,eng/tools/check_ast_api.py,1,W0
AUD-101-DB-19.md,"lib/algorithms/photometry/cpp/src/{frame_photometry_fit.h,star_matcher.cpp}",1,W1
AUD-101-DB-19.md,"lib/infrastructure/scheduler/src/{module_adapters.cpp,snr_science.cpp}",1,W2
AUD-101-DB-19.md,实验/healpix-polar/docs/EXP-07-POLAR摘要.md,1,W1
AUD-101-DB-20.md,artifacts/evidence/release-05/AUDIT_PACKAGE.md,11,W3
AUD-101-DB-20.md,eng/tools/HANDOVER.md,7,W0
AUD-101-DB-20.md,docs/plugins/algorithms_phase2/11_upm.md,6,W1
AUD-101-DB-20.md,docs/contracts/SCHEDULER_CONTRACT.md,4,W1
AUD-101-DB-20.md,artifacts/evidence/release-05/,4,W3
AUD-101-DB-20.md,lib/algorithms/upm/,4,W1
AUD-101-DB-20.md,工程控制/RELEASE-05/tasks/,3,W3
AUD-101-DB-20.md,docs/contracts/PERF_GATE_CONTRACT.md,3,W1
AUD-101-DB-20.md,工程控制/RELEASE-05/tasks/DOC-502.md,3,W3
AUD-101-DB-20.md,实验/additive-sky-seamless/REVIEW.md,3,W1
AUD-101-DB-20.md,eng/ci/l2_frozen_gate.py,3,W0
AUD-101-DB-20.md,eng/tests/unit/p1001_real_nodes_test.cpp,2,W0
AUD-101-DB-20.md,docs/contracts/DUAL_LINE_CONTRACT.md,2,W1
AUD-101-DB-20.md,docs/api/CLI_PROTOCOL_V1.md,2,W3
AUD-101-DB-20.md,实验/absolute-snr/results/DOC_CORRECTIONS.md,2,W1
AUD-101-DB-20.md,artifacts/evidence/release-05/GATE-501_VERIFICATION.md,2,W3
AUD-101-DB-20.md,lib/algorithms/noise_snr/tests/p1noise/p1snr_science_test.cpp,2,W1
AUD-101-DB-20.md,工程控制/RELEASE-05/tasks/E2E-501.md,2,W3
AUD-101-DB-20.md,工程控制/RELEASE-05/tasks/GATE-501.md,2,W3
AUD-101-DB-20.md,工程控制/RELEASE-05/tasks/GATE-502.md,2,W3
AUD-101-DB-20.md,工程控制/RELEASE-05/tasks/PERF-501.md,2,W3
AUD-101-DB-20.md,工程控制/RELEASE-05/tasks/REPORT-501.md,2,W3
AUD-101-DB-20.md,工程控制/RELEASE-05/tasks/SCI-501.md,2,W3
AUD-101-DB-20.md,工程控制/RELEASE-05/tasks/SCI-502.md,2,W3
AUD-101-DB-20.md,实验/additive-sky-seamless/results/{c1..c7},2,W1
AUD-101-DB-20.md,工程控制/RELEASE-05/tasks/SCI-503.md,2,W3
AUD-101-DB-20.md,工程控制/RELEASE-05/tasks/SCI-504.md,2,W3
AUD-101-DB-20.md,工程控制/RELEASE-05/tasks/SCI-505.md,2,W3
AUD-101-DB-20.md,工程控制/RELEASE-05/tasks/SCI-506.md,2,W3
AUD-101-DB-20.md,工程控制/RELEASE-05/tasks/VIS-501.md,2,W3
AUD-101-DB-20.md,docs/architecture/PERFORMANCE_MODEL.md,1,W2
AUD-101-DB-20.md,docs/architecture/,1,W2
AUD-101-DB-20.md,docs/architecture/THREADING_MODEL.md,1,W2
AUD-101-DB-20.md,artifacts/evidence/prerelease-v5/,1,W3
AUD-101-DB-20.md,testdata/README.md,1,W3
AUD-101-DB-20.md,实验/photometric-magnitude/README.md,1,W1
AUD-101-DB-20.md,实验/photometric-magnitude/REPORT_paper.md,1,W1
AUD-101-DB-20.md,工程控制/RELEASE-05/SUMMARY.md,1,W3
AUD-101-DB-20.md,docs/algorithms/07_noise_snr.md,1,W1
AUD-101-DB-20.md,artifacts/prerelease_v5,1,W3
AUD-101-DB-20.md,"artifacts/evidence/release-05/{AUDIT_PACKAGE.md,GATE-501_VERIFICATION.md,FAILCLOSED_SURVEY.md,D-14_STALE_PATH_CLEANUP.md,G2-9_CI_INCREMENTAL_STATUS.md}",1,W3
AUD-101-DB-20.md,docs/api/,1,W3
AUD-101-DB-20.md,实验/absolute-snr/results/REVIEW.md（D1,1,W1
AUD-101-DB-20.md,lib/algorithms/noise_snr/tests/p1noise/CMakeLists.txt,1,W1
AUD-101-DB-20.md,eng/tests/unit/v6_p2_sky_kappa/CMakeLists.txt,1,W0
AUD-101-DB-20.md,"实验/photometric-magnitude/{README.md,results/",1,W1
AUD-101-DB-20.md,实验/photometric-magnitude/results/step7_negatives.json,1,W1
AUD-101-DB-20.md,"实验/absolute-snr/{README.md,results/",1,W1
AUD-101-DB-20.md,"实验/additive-sky-seamless/{README.md,results/",1,W1
AUD-101-DB-20.md,testdata//,1,W3
AUD-101-DB-20.md,"testdata/M42_T2T3_mosaic_Flying_dutchman/{T2,T3}",1,W3
AUD-101-DB-20.md,eng/tools/e2e/make_e2e_configs.py,1,W0
AUD-101-DB-20.md,docs/archive/,1,W3
AUD-101-DB-20.md,testdata/M42_T2T3_mosaic_Flying_dutchman,1,W3
AUD-101-DB01.md,docs/api/,14,W3
AUD-101-DB01.md,docs/science/PHASE3_HIPS_TO_FITS.md,5,W1
AUD-101-DB01.md,docs/api/MANIFEST_VERIFY_V1.md,5,W3
AUD-101-DB01.md,lib/infrastructure/aio/,5,W2
AUD-101-DB01.md,lib/infrastructure/aio/io/,5,W2
AUD-101-DB01.md,docs/interfaces/data/DATA-002_PHASE_PRODUCT_EXCHANGE.md,4,W2
AUD-101-DB01.md,docs/plugins/algorithms_phase1/01_calibration.md,4,W1
AUD-101-DB01.md,docs/VERSIONING.md,4,W3
AUD-101-DB01.md,docs/api/CLI_PROTOCOL_V1.md,4,W3
AUD-101-DB01.md,docs/api/PHASE1_API_V1.md,4,W3
AUD-101-DB01.md,docs/api/PHASE3_API_V1.md,4,W3
AUD-101-DB01.md,docs/interfaces/data/DATA-003_PRODUCTION_ARTIFACT_STORE.md,4,W2
AUD-101-DB01.md,docs/algorithms/PHASE3_PROJ_IMPL.md,3,W1
AUD-101-DB01.md,docs/plugins/infrastructure/17_aio.md,3,W1
AUD-101-DB01.md,docs/plugins/infrastructure/23_hips_browser.md,3,W1
AUD-101-DB01.md,eng/tools/quality/check_module_map.py,3,W0
AUD-101-DB01.md,docs/interfaces/data/DATA-004_PRODUCT_PROVENANCE.md,3,W2
AUD-101-DB01.md,lib/infrastructure/aio/include/aio_pipeline.h,3,W2
AUD-101-DB01.md,lib/algorithms/coverage/hips_p2/,3,W1
AUD-101-DB01.md,docs/modules/orchestrator.md,3,W2
AUD-101-DB01.md,lib/infrastructure/runtime/,3,W2
AUD-101-DB01.md,docs/algorithms/CALIBRATION_ALGORITHMS.md,2,W1
AUD-101-DB01.md,docs/modules/calibration.md,2,W2
AUD-101-DB01.md,docs/interfaces/,2,W2
AUD-101-DB01.md,docs/plugins/algorithms_phase1/04_psf.md,2,W1
AUD-101-DB01.md,docs/algorithms/HEALPIX_MAPPING.md,2,W1
AUD-101-DB01.md,docs/api/PHASE2_API_V1.md,2,W3
AUD-101-DB01.md,docs/algorithms/PHASE2_MOSAIC_WRITE.md,2,W1
AUD-101-DB01.md,docs/modules/registry/astrocs.phase2.write.md,2,W2
AUD-101-DB01.md,docs/algorithms/HIPS_WRITER.md,2,W1
AUD-101-DB01.md,docs/modules/hips_p2.md,2,W2
AUD-101-DB01.md,docs/interfaces/io/IO_001_FITS_STREAM_INTERFACE.md,2,W2
AUD-101-DB01.md,docs/architecture/ARCHITECTURE.md,2,W2
AUD-101-DB01.md,docs/plugins/infrastructure/22_gaia_xpsd_client.md,2,W1
AUD-101-DB01.md,docs/modules/gaia_xpsd_client.md,2,W2
AUD-101-DB01.md,docs/contracts/ARCH-001.md,2,W1
AUD-101-DB01.md,docs/architecture/observability/STRUCTURED_LOGGING_CONTRACT.md,2,W2
AUD-101-DB01.md,docs/modules/acr.md,2,W2
AUD-101-DB01.md,docs/modules/healpix_browser_qt.md,2,W2
AUD-101-DB01.md,eng/tools/check_api_docs.py,2,W0
AUD-101-DB01.md,docs/api/COMMON_ABI_V1.md,2,W3
AUD-101-DB01.md,lib/algorithms/coverage/include/astro/phase2/,2,W1
AUD-101-DB01.md,eng/contracts/data/artifact_manifest.schema.json,2,W0
AUD-101-DB01.md,lib/infrastructure/aio/runtime/artifact_store/production_store.py,2,W2
AUD-101-DB01.md,docs/interfaces/io/,2,W2
AUD-101-DB01.md,docs/modules/astro_image_io.md,2,W2
AUD-101-DB01.md,lib/phase1_session/p1_session.cpp,2,W3
AUD-101-DB01.md,lib/algorithms/calibration/,2,W1
AUD-101-DB01.md,docs/modules/common.md,2,W2
AUD-101-DB01.md,docs/modules/dynamic_psf.md,2,W2
AUD-101-DB01.md,lib/dynamic_psf,2,W3
AUD-101-DB01.md,docs/modules/registry/astrocs.phase1.star-psf.md,2,W2
AUD-101-DB01.md,docs/modules/healpix_drizzle.md,2,W2
AUD-101-DB01.md,"lib/infrastructure/scheduler/src/{pipeline,artifact,artifact_store}.cpp",2,W2
AUD-101-DB01.md,eng/ci/id_migration_map.json,2,W0
AUD-101-DB01.md,lib/infrastructure/pipeline/,1,W2
AUD-101-DB01.md,lib/algorithms/coverage/CMakeLists.txt,1,W1
AUD-101-DB01.md,工程控制/RELEASE-05/tasks/CLEAN-501.md,1,W3
AUD-101-DB01.md,lib/algorithms/drizzle/,1,W1
AUD-101-DB01.md,docs/contracts/TEST_MATRIX.md,1,W1
AUD-101-DB01.md,docs/standards/STANDARDS_REGISTRY.md,1,W3
AUD-101-DB01.md,docs/science/ASTROMETRY.md,1,W1
AUD-101-DB01.md,lib/infrastructure/cli/exit_codes.h,1,W2
AUD-101-DB01.md,docs/standards/NUMERIC_STANDARD.md,1,W3
AUD-101-DB01.md,lib/algorithms/coverage/,1,W1
AUD-101-DB01.md,docs/algorithms/STAR_PSF_ALGORITHMS.md,1,W1
AUD-101-DB01.md,eng/tools/docs_machine_consistency.py,1,W0
AUD-101-DB01.md,docs/architecture/IO_AND_ATOMICITY.md,1,W2
AUD-101-DB01.md,docs/plugins/algorithms_phase1/08_drizzle.md,1,W1
AUD-101-DB01.md,lib/algorithms/projection/,1,W1
AUD-101-DB01.md,docs/plugins/infrastructure/19_runtime.md,1,W1
AUD-101-DB01.md,docs/standards/C_ABI_STANDARD.md,1,W3
AUD-101-DB01.md,lib/infrastructure/cli/protocol.h,1,W2
AUD-101-DB01.md,docs/architecture/PHASE3_MODULE_ARCH.md,1,W2
AUD-101-DB01.md,docs/architecture/production_call_paths_stage1.csv,1,W2
AUD-101-DB01.md,lib/infrastructure/pipeline/orchestrator/cpp/src/orchestrator.cpp,1,W2
AUD-101-DB01.md,lib/algorithms/psf/,1,W1
AUD-101-DB01.md,docs/api/CLI_PROTOCOL_V1,1,W3
AUD-101-DB01.md,"lib/infrastructure/cli/{protocol.h,jsonl.h,exit_codes.h,commands.cpp,command_tree.h,resource_recorder.h,resource_events.h,parser.cpp,session_commands.h}",1,W2
AUD-101-DB01.md,docs/interfaces/cli/CLI_PROTOCOL.md,1,W2
AUD-101-DB01.md,lib/include/astrocs/common_abi_v1.h,1,W2
AUD-101-DB01.md,docs/interfaces/COMMON_ABI.md,1,W2
AUD-101-DB01.md,docs/api/MANIFEST_VERIFY_V1,1,W3
AUD-101-DB01.md,eng/contracts/schemas/run_manifest.schema.json,1,W0
AUD-101-DB01.md,lib/infrastructure/cli/main.cpp,1,W2
AUD-101-DB01.md,docs/contracts/RUN_MANIFEST.md,1,W1
AUD-101-DB01.md,docs/api/PHASE1_API_V1,1,W3
AUD-101-DB01.md,lib/algorithms/noise_snr/healpix_drizzle）与,1,W1
AUD-101-DB01.md,docs/interfaces/PHASE1_SESSION_API.md,1,W2
AUD-101-DB01.md,docs/api/PHASE2_API_V1,1,W3
AUD-101-DB01.md,docs/interfaces/PHASE2_API.md,1,W2
AUD-101-DB01.md,docs/api/PHASE3_API_V1,1,W3
AUD-101-DB01.md,docs/interfaces/PHASE3_API.md,1,W2
AUD-101-DB01.md,docs/interfaces/data/DATA-002_PHASE_PRODUCT_EXCHANGE,1,W2
AUD-101-DB01.md,eng/contracts/data/phase_product_exchange.schema.json,1,W0
AUD-101-DB01.md,docs/contracts/DATA-001,1,W1
AUD-101-DB01.md,lib/infrastructure/aio/runtime/,1,W2
AUD-101-DB01.md,docs/interfaces/data/,1,W2
AUD-101-DB01.md,eng/tests/…（验收测试）」与「下游,1,W0
AUD-101-DB01.md,eng/tests/artifact/test_provenance.py,1,W0
AUD-101-DB01.md,lib/infrastructure/aio/runtime/artifact_store/provenance.py,1,W2
AUD-101-DB01.md,lib/infrastructure/aio/io/include/astrocs/io/io_module_api_v1.h,1,W2
AUD-101-DB01.md,lib/infrastructure/aio/io/include/astrocs/io/hips_input_v1.h,1,W2
AUD-101-DB01.md,eng/tests/io/,1,W0
AUD-101-DB01.md,docs/modules/MODULE_MAP,1,W2
AUD-101-DB01.md,docs/modules/acr,1,W2
AUD-101-DB01.md,lib/infrastructure/acr/include/astro/compute/,1,W2
AUD-101-DB01.md,lib/infrastructure/acr/（api/backends/core/cost/diagnostics/profile/routing/scheduler/,1,W2
AUD-101-DB01.md,docs/research/ACR_ISOLATED_EXPERIMENT.md,1,W3
AUD-101-DB01.md,docs/modules/calibration,1,W2
AUD-101-DB01.md,lib/algorithms/calibration/tests/test_photometry_apply.cpp,1,W1
AUD-101-DB01.md,lib/algorithms/calibration/src/photometry_apply.cpp,1,W1
AUD-101-DB01.md,lib/algorithms/shared/,1,W1
AUD-101-DB01.md,docs/modules/common,1,W2
AUD-101-DB01.md,lib/algorithms/shared/{…,1,W1
AUD-101-DB01.md,lib/infrastructure/pipeline/orchestrator/configs/stage1.schema.json,1,W2
AUD-101-DB01.md,docs/modules/dynamic_psf,1,W2
AUD-101-DB01.md,lib/algorithms/psf/README.md（r1,1,W1
AUD-101-DB01.md,lib/algorithms/psf/README.md,1,W1
AUD-101-DB01.md,docs/modules/gaia_xpsd_client,1,W2
AUD-101-DB01.md,lib/infrastructure/gaia_xpsd_client/src/gaia_client.c/.h,1,W2
AUD-101-DB01.md,docs/modules/healpix_browser_qt,1,W2
AUD-101-DB01.md,工程控制/docs/,1,W3
AUD-101-DB01.md,工程控制/docs/16_BROWSER_VISUAL_ACCEPTANCE_SPEC.md,1,W3
AUD-101-DB01.md,lib/infrastructure/hips_browser/healpix_browser_qt/,1,W2
AUD-101-DB01.md,lib/healpix_db/healpix_drizzle,1,W3
AUD-101-DB01.md,docs/modules/healpix_drizzle,1,W2
AUD-101-DB01.md,lib/algorithms/drizzle/healpix_drizzle/tests/,1,W1
AUD-101-DB01.md,docs/modules/orchestrator,1,W2
AUD-101-DB01.md,"docs/contracts/{ARCH-001,API-001,RT-001}.md",1,W1
AUD-101-DB01.md,docs/contracts/ARCH-,1,W1
AUD-101-DB01.md,eng/contracts/schemas/phase3_request,1,W0
AUD-101-DB01.md,lib/infrastructure/aio/io/include/astrocs/io/,1,W2
AUD-101-DB01.md,lib/infrastructure/runtime,1,W2
AUD-101-DB01.md,工程控制/PROJECT-GOVERNANCE-01/tasks/DATA-001.md,1,W3
AUD-101-DB01.md,docs/contracts/DATA-001_ARTIFACT_MANIFEST.md,1,W1
AUD-101-DB01.md,eng/contracts/schemas/projection_registry.schema.json,1,W0
AUD-101-DB02.md,docs/contracts/UNIFIED_OBJECTS,4,W1
AUD-101-DB02.md,lib/include/ipv_api.h,3,W2
AUD-101-DB02.md,lib/algorithms/photometry/,2,W1
AUD-101-DB02.md,docs/modules/plate_solve.md,2,W2
AUD-101-DB02.md,docs/contracts/UNIFIED_OBJECTS.md,2,W1
AUD-101-DB02.md,"lib/phase{1,2,3}_session/",2,W3
AUD-101-DB02.md,docs/modules/phase1_session.md,2,W2
AUD-101-DB02.md,lib/phase1_session/memory.md,2,W3
AUD-101-DB02.md,docs/modules/registry/astrocs.phase1.session.md,2,W2
AUD-101-DB02.md,docs/modules/phase2.md,2,W2
AUD-101-DB02.md,docs/modules/phase2_int.md,2,W2
AUD-101-DB02.md,eng/cmake/ARCH-001-migration-manifest.md,2,W3
AUD-101-DB02.md,docs/modules/registry/astrocs.phase1.wcs-platesolve.md,2,W2
AUD-101-DB02.md,docs/modules/registry/astrocs.phase1.cosmetic.md,1,W2
AUD-101-DB02.md,docs/algorithms/PHASE3_PROJ_IMPL.md,1,W1
AUD-101-DB02.md,docs/science/PHASE3_HIPS_TO_FITS.md,1,W1
AUD-101-DB02.md,"docs/plugins/algorithms_phase{1,2,3}/",1,W1
AUD-101-DB02.md,lib/algorithms/coverage/,1,W1
AUD-101-DB02.md,docs/plugins/algorithms_phase2/10_sampling.md,1,W1
AUD-101-DB02.md,docs/algorithms/PHASE2_INTEGRATION.md,1,W1
AUD-101-DB02.md,docs/modules/registry/astrocs.phase2.coverage.md,1,W2
AUD-101-DB02.md,docs/algorithms/PHASE3_RSMP_IMPL.md,1,W1
AUD-101-DB02.md,lib/phase1_session/,1,W3
AUD-101-DB02.md,docs/algorithms/PHASE3_FITS_IMPL.md,1,W1
AUD-101-DB02.md,docs/algorithms/HIPS_WRITER.md,1,W1
AUD-101-DB02.md,docs/modules/phase2_samp.md,1,W2
AUD-101-DB02.md,lib/algorithms/sampling/,1,W1
AUD-101-DB02.md,docs/modules/phase3_rsmp.md,1,W2
AUD-101-DB02.md,docs/modules/registry/astrocs.phase3.wcs.md,1,W2
AUD-101-DB02.md,docs/modules/phase3_proj.md,1,W2
AUD-101-DB02.md,docs/modules/phase3_fits.md,1,W2
AUD-101-DB02.md,docs/architecture/THREADING_MODEL.md,1,W2
AUD-101-DB02.md,docs/contracts/DATA_ARTIFACTS.md,1,W1
AUD-101-DB02.md,docs/algorithms/PHASE2_UPM.md,1,W1
AUD-101-DB02.md,lib/algorithms/upm/,1,W1
AUD-101-DB02.md,docs/api/PHASE1_API_V1.md,1,W3
AUD-101-DB02.md,lib/infrastructure/aio/,1,W2
AUD-101-DB02.md,docs/modules/registry/astrocs.phase1.star-psf.md,1,W2
AUD-101-DB02.md,"lib/phase1_session/{README.md,module.yaml,p1_session.cpp,p1_session.h}",1,W3
AUD-101-DB02.md,"lib/algorithms/integration/{README,module.yaml,memory.md}",1,W1
AUD-101-DB02.md,docs/modules/photometric_calib.md,1,W2
AUD-101-DB02.md,lib/algorithms/photometry/memory.md,1,W1
AUD-101-DB02.md,docs/modules/registry/astrocs.phase1.calibration.md,1,W2
AUD-101-DB02.md,docs/modules/calibration.md（非本批）第三份,1,W2
AUD-101-DB02.md,docs/modules/registry/astrocs.phase1.drizzle.md,1,W2
AUD-101-DB02.md,docs/modules/healpix_drizzle.md（均他批）同题,1,W2
AUD-101-DB02.md,docs/modules/registry/astrocs.phase1.hips-writer.md,1,W2
AUD-101-DB02.md,docs/modules/registry/astrocs.phase1.noise-snr.md,1,W2
AUD-101-DB02.md,docs/modules/snr_estimator.md（均他批）同题,1,W2
AUD-101-DB02.md,docs/modules/registry/astrocs.phase1.photometry.md,1,W2
AUD-101-DB02.md,docs/modules/registry/astrocs.phase1.star-detection.md,1,W2
AUD-101-DB02.md,docs/modules/star_detector.md（他批）同题,1,W2
AUD-101-DB02.md,docs/modules/dynamic_psf.md（他批）同题,1,W2
AUD-101-DB02.md,lib/algorithms/platesolve/,1,W1
AUD-101-DB02.md,docs/modules/registry/astrocs.phase1.writer.md,1,W2
AUD-101-DB02.md,docs/modules/registry/astrocs.phase2.integrate.md,1,W2
AUD-101-DB02.md,lib/algorithms/rejection/,1,W1
AUD-101-DB02.md,lib/algorithms/platesolve/cpp/ipv/include/ipv_api.h,1,W1
AUD-201-测光核验.md,lib/algorithms/photometry/cpp/src/star_matcher.cpp,4,W1
AUD-201-测光核验.md,lib/algorithms/photometry/cpp/src/spectrum_integrator.cpp,4,W1
AUD-201-测光核验.md,lib/infrastructure/gaia/,4,W2
AUD-201-测光核验.md,docs/algorithms/PLATESOLVE.md,3,W1
AUD-201-测光核验.md,实验/photometric-magnitude/,3,W1
AUD-201-测光核验.md,docs/science/CALIBRATION.md,2,W1
AUD-201-测光核验.md,lib/algorithms/photometry/,2,W1
AUD-201-测光核验.md,docs/plugins/algorithms_phase1/03_star_detection.md,2,W1
AUD-201-测光核验.md,lib/algorithms/calibration/,2,W1
AUD-201-测光核验.md,lib/algorithms/calibration/src/photometry_apply.cpp,2,W1
AUD-201-测光核验.md,lib/algorithms/photometry/cpp/test/gate4_dr3sp_gaiaxpy/xpsd_production_validation.py,2,W1
AUD-201-测光核验.md,lib/algorithms/photometry/cpp/src/frame_photometry_fit.cpp,2,W1
AUD-201-测光核验.md,lib/infrastructure/gaia,2,W2
AUD-201-测光核验.md,lib/infrastructure/,1,W2
AUD-201-测光核验.md,docs/science/PSF.md,1,W1
AUD-201-测光核验.md,docs/algorithms/PHOTOMETRIC_FIT.md,1,W1
AUD-201-测光核验.md,lib/algorithms/star_detection/,1,W1
AUD-201-测光核验.md,docs/algorithms/GAIA_QUERY.md,1,W1
AUD-201-测光核验.md,docs/architecture/api_inventory.csv,1,W2
AUD-201-测光核验.md,docs/contracts/API_CONTRACTS.csv,1,W1
AUD-201-测光核验.md,lib/infrastructure/pipeline/orchestrator/cpp/src/orchestrator.cpp,1,W2
AUD-201-测光核验.md,lib/infrastructure/gaia_xpsd_client/,1,W2
AUD-201-测光核验.md,实验/shared/,1,W1
AUD-201-测光核验.md,lib/algorithms/calibration/tests/test_photometry_apply.cpp,1,W1
AUD-201-测光核验.md,lib/algorithms/photometry/cpp/test/gate4_dr3sp_gaiaxpy/evidence/gate4_compare_per_star_1050.csv,1,W1
AUD-201-测光核验.md,lib/algorithms/photometry/cpp/src/spectrum_integrator.h,1,W1
AUD-201-测光核验.md,lib/algorithms/photometry/cpp/test/test_spectrum_integrator_golden.py,1,W1
AUD-201-测光核验.md,eng/tools/round_start.sh,1,W0
AUD-201-测光核验.md,lib/algorithms/photometry/cpp/test/gate4_dr3sp_gaiaxpy/evidence/,1,W1
AUD-201-测光核验.md,lib/algorithms/photometry/cpp/src/pc_api.cpp,1,W1
AUD-201-测光核验.md,lib/algorithms/platesolve/cpp/ipv/src/ipv_select.cpp,1,W1
AUD-201-测光核验.md,lib/algorithms/photometry/cpp/src/spatial_gain.cpp,1,W1
AUD-201-测光核验.md,lib/algorithms/star_detection/tests/p1star/p1stardet_node_gate_test.cpp,1,W1
AUD-201-测光核验.md,lib/photometric_calib/cpp/test/gate4_dr3sp_gaiaxpy/,1,W3
AUD-202-SNR核验.md,lib/algorithms/rejection/,4,W1
AUD-202-SNR核验.md,实验/absolute-snr/,3,W1
AUD-202-SNR核验.md,docs/science/UNCERTAINTY_AND_COVARIANCE.md,2,W1
AUD-202-SNR核验.md,docs/interfaces/data/DATA-002_PHASE_PRODUCT_EXCHANGE.md,2,W2
AUD-202-SNR核验.md,lib/algorithms/integration/v6/include/astrocs/v6/weight_chain.h,2,W1
AUD-202-SNR核验.md,lib/algorithms/noise_snr/cpp/src/snr_estimator.cpp,2,W1
AUD-202-SNR核验.md,docs/ledger/ACCEPTANCE,2,W3
AUD-202-SNR核验.md,docs/science/UNIFIED_SCIENCE_MODEL.md,1,W1
AUD-202-SNR核验.md,docs/references/SCIENTIFIC_REFERENCES.md,1,W3
AUD-202-SNR核验.md,docs/algorithms/NOISE_ESTIMATION.md,1,W1
AUD-202-SNR核验.md,lib/algorithms/noise_snr/cpp/src/noise_model.cpp,1,W1
AUD-202-SNR核验.md,lib/algorithms/coverage/,1,W1
AUD-202-SNR核验.md,lib/algorithms/psf/,1,W1
AUD-202-SNR核验.md,实验/absolute-snr/docs/EXP-04-RECONSTRUCTION.md,1,W1
AUD-202-SNR核验.md,实验/absolute-snr/results/,1,W1
AUD-202-SNR核验.md,实验/shared/,1,W1
AUD-202-SNR核验.md,lib/algorithms/noise_snr/tests/p1noise/p1snr_science_test.cpp,1,W1
AUD-202-SNR核验.md,docs/ImageWeighting,1,W3
AUD-202-SNR核验.md,lib/algorithms/drizzle/healpix_drizzle/drizzle_engine.cpp,1,W1
AUD-202-SNR核验.md,lib/algorithms/noise_snr/cpp/src/information_weight.cpp,1,W1
AUD-202-SNR核验.md,lib/algorithms/integration/v6_phase1/src/phase1_product.cpp,1,W1
AUD-202-SNR核验.md,lib/infrastructure/cli/parser.cpp,1,W2
AUD-202-SNR核验.md,实验/absolute-snr/code/b4_integration.py,1,W1
AUD-202-SNR核验.md,lib/algorithms/integration/,1,W1
AUD-202-SNR核验.md,实验/absolute-snr/code/b7_,1,W1
AUD-203-天光无缝核验.md,lib/algorithms/upm/,3,W1
AUD-203-天光无缝核验.md,lib/algorithms/coverage/,1,W1
AUD-203-天光无缝核验.md,lib/algorithms/sampling/,1,W1
AUD-203-天光无缝核验.md,实验/additive-sky-seamless/,1,W1
AUD-203-天光无缝核验.md,lib/algorithms/coverage/src/,1,W1
AUD-203-天光无缝核验.md,lib/algorithms/coverage/src/sky_plane.cpp,1,W1
AUD-203-天光无缝核验.md,工程控制/ACSD整治工作包_AUDIT-06/,1,W3
AUD-203-天光无缝核验.md,实验/m42-realdata/code/seam_criterion.py,1,W1
AUD-204-面积交叠核验.md,lib/algorithms/drizzle/,4,W1
AUD-204-面积交叠核验.md,lib/algorithms/coverage/,2,W1
AUD-204-面积交叠核验.md,lib/algorithms/drizzle/healpix_drizzle/spherical_overlap.cpp,2,W1
AUD-204-面积交叠核验.md,lib/algorithms/drizzle/healpix_drizzle/astro_sphere_sink.cpp,2,W1
AUD-204-面积交叠核验.md,docs/references/SCIENTIFIC_REFERENCES.md,1,W3
AUD-204-面积交叠核验.md,docs/algorithms/HEALPIX_MAPPING.md,1,W1
AUD-204-面积交叠核验.md,docs/plugins/algorithms_phase1/08_drizzle.md,1,W1
AUD-204-面积交叠核验.md,lib/algorithms/drizzle/healpix_drizzle/drizzle_engine.cpp,1,W1
AUD-204-面积交叠核验.md,"实验/healpix-polar/{code/polar_common.h,code/chart_native.h,docs/EXP-07-POLAR.md,results/",1,W1
AUD-301-文献复算-旧判批.md,docs/references/SCIENTIFIC_REFERENCES.md,9,W3
AUD-301-文献复算-旧判批.md,实验/absolute-snr/docs/surveys/f-instr-survey.md,4,W1
AUD-301-文献复算-旧判批.md,docs/science/CALIBRATION.md,3,W1
AUD-301-文献复算-旧判批.md,docs/standards/STANDARDS_REGISTRY.md,3,W3
AUD-301-文献复算-旧判批.md,实验/absolute-snr/docs/EXP-06-SNR-PHYS.md,3,W1
AUD-301-文献复算-旧判批.md,docs/research/CCD_LINEAR_DEFECT_LITERATURE.md,2,W3
AUD-301-文献复算-旧判批.md,实验/absolute-snr/docs/EXP-05-ABSOLUTE-SNR.md,2,W1
AUD-301-文献复算-旧判批.md,lib/algorithms/drizzle/healpix_drizzle/spherical_overlap.cpp,2,W1
AUD-301-文献复算-旧判批.md,实验/additive-sky-seamless/results/evidence_code.json,2,W1
AUD-301-文献复算-旧判批.md,artifacts/evidence/v6/qa-design/data/gates_analytic.json,2,W3
AUD-301-文献复算-旧判批.md,实验/additive-sky-seamless/results/evidence_lit.json,2,W1
AUD-301-文献复算-旧判批.md,docs/algorithms/CALIBRATION_ALGORITHMS.md,1,W1
AUD-301-文献复算-旧判批.md,docs/standards/checks/check_standards_registry.py,1,W3
AUD-301-文献复算-旧判批.md,docs/science/PSF.md,1,W1
AUD-301-文献复算-旧判批.md,docs/science/PHASE3_HIPS_TO_FITS.md,1,W1
AUD-301-文献复算-旧判批.md,docs/algorithms/PHOTOMETRIC_FIT.md,1,W1
AUD-301-文献复算-旧判批.md,docs/algorithms/PLATESOLVE.md,1,W1
AUD-301-文献复算-旧判批.md,docs/algorithms/STAR_PSF_ALGORITHMS.md,1,W1
AUD-301-文献复算-旧判批.md,docs/algorithms/REJECTION_ALGORITHMS.md,1,W1
AUD-301-文献复算-旧判批.md,docs/algorithms/HEALPIX_MAPPING.md,1,W1
AUD-301-文献复算-旧判批.md,docs/references/PHOTOMETRY_LITERATURE_REVIEW_ARCHIVE.md,1,W3
AUD-301-文献复算-旧判批.md,实验/absolute-snr/docs/EXP-03-REGIONAL-SIGMA.md,1,W1
AUD-301-文献复算-旧判批.md,实验/absolute-snr/docs/EXP-02-STRUCTURE-CONTAMINATION.md,1,W1
AUD-301-文献复算-旧判批.md,实验/absolute-snr/docs/EXP-04-RECONSTRUCTION.md,1,W1
AUD-301-文献复算-旧判批.md,实验/additive-sky-seamless/results/REVIEW.md,1,W1
AUD-301-文献复算-旧判批.md,artifacts/evidence/v6/review-audit/01_覆盖关系总表.md,1,W3
AUD-301-文献复算-旧判批.md,artifacts/evidence/governance-01/research/R-3_PSF质心科学门与容差.md,1,W3
AUD-301-文献复算-旧判批.md,实验/absolute-snr/code/reverse_verify/p7_noise/p7lib.py,1,W1
AUD-301-文献池P1.md,实验/absolute-snr/docs/surveys/f-instr-survey.md,7,W1
AUD-301-文献池P1.md,实验/absolute-snr/docs/EXP-03-REGIONAL-SIGMA.md,6,W1
AUD-301-文献池P1.md,实验/absolute-snr/docs/EXP-04-RECONSTRUCTION.md,6,W1
AUD-301-文献池P1.md,实验/shared/references/REVERSE_VERIFY_BIBLIOGRAPHY.md,5,W1
AUD-301-文献池P1.md,实验/healpix-polar/,4,W1
AUD-301-文献池P1.md,docs/algorithms/PHASE3_RESAMPLE.md,3,W1
AUD-301-文献池P1.md,docs/references/PHOTOMETRY_LITERATURE_REVIEW_ARCHIVE.md,3,W3
AUD-301-文献池P1.md,实验/photometric-magnitude/README.md,3,W1
AUD-301-文献池P1.md,docs/science/PHASE3_HIPS_TO_FITS.md,2,W1
AUD-301-文献池P1.md,docs/algorithms/PLATESOLVE.md,2,W1
AUD-301-文献池P1.md,docs/algorithms/GAIA_QUERY.md,2,W1
AUD-301-文献池P1.md,实验/absolute-snr/docs/EXP-02-STRUCTURE-CONTAMINATION.md,2,W1
AUD-301-文献池P1.md,实验/absolute-snr/docs/EXP-06-SNR-PHYS.md,2,W1
AUD-301-文献池P1.md,docs/science/CALIBRATION.md,1,W1
AUD-301-文献池P1.md,docs/algorithms/COSMETIC_ALGORITHMS.md,1,W1
AUD-301-文献池P1.md,docs/science/ASTROMETRY.md,1,W1
AUD-301-文献池P1.md,docs/algorithms/PHASE2_SESSION.md,1,W1
AUD-301-文献池P1.md,实验/photometric-magnitude/RESOLUTION_fsyn_formula.md,1,W1
AUD-301-文献池P1.md,实验/…/EXP-02,1,W1
AUD-401-架构对齐.md,lib/algorithms/upm/,4,W1
AUD-401-架构对齐.md,lib/phase3_session/p3_v6_export.cpp,4,W3
AUD-401-架构对齐.md,lib/infrastructure/cli/,3,W2
AUD-401-架构对齐.md,eng/cmake/install_layout.cmake,3,W3
AUD-401-架构对齐.md,eng/ci/ledgers/registry_ir_parity.json,3,W0
AUD-401-架构对齐.md,lib/algorithms/calibration/src/dark_optimizer.cpp,3,W1
AUD-401-架构对齐.md,lib/algorithms/coverage/CMakeLists.txt,2,W1
AUD-401-架构对齐.md,lib/algorithms/projection/p3_projection.cpp,2,W1
AUD-401-架构对齐.md,lib/phase1_session/p1_session.cpp,2,W3
AUD-401-架构对齐.md,lib/algorithms/noise_snr/cpp/src/snr_estimator.cpp,2,W1
AUD-401-架构对齐.md,eng/cmake/,2,W3
AUD-401-架构对齐.md,"lib/algorithms/coverage/src/{upm,rejection,sampler}.cpp",2,W1
AUD-401-架构对齐.md,"lib/phase{1,2,3}_session",2,W3
AUD-401-架构对齐.md,lib/algorithms/integration/v6/CMakeLists.txt,2,W1
AUD-401-架构对齐.md,lib/infrastructure/acr/,2,W2
AUD-401-架构对齐.md,lib/infrastructure/pipeline/module_loader/secure_loader.c,2,W2
AUD-401-架构对齐.md,lib/infrastructure/benchmark/cpu/baseline/src/baseline_provider.cpp,2,W2
AUD-401-架构对齐.md,lib/infrastructure/aio/healpix_db/archive/legacy/healpix_stack/,2,W2
AUD-401-架构对齐.md,lib/infrastructure/aio/src/aio_pipeline_engine.cpp,2,W2
AUD-401-架构对齐.md,lib/infrastructure/gaia_xpsd_client/example/demo.c,2,W2
AUD-401-架构对齐.md,"lib/infrastructure/aio/third_party/cfitsio/{drvrgsiftp,iter_a,iter_b,iter_c,vmsieee,windumpexts}.c",2,W2
AUD-401-架构对齐.md,lib/algorithms/projection/p3_proj_v6.cpp,2,W1
AUD-401-架构对齐.md,lib/infrastructure/aio/io/hips_core.c,2,W2
AUD-401-架构对齐.md,lib/infrastructure/observability/probes/src/probe.cpp,2,W2
AUD-401-架构对齐.md,lib/algorithms/projection/CMakeLists.txt,2,W1
AUD-401-架构对齐.md,lib/infrastructure/pipeline/orchestrator/cpp/CMakeLists.txt,2,W2
AUD-401-架构对齐.md,lib/algorithms/shared/healpix/healpix_core.cpp,1,W1
AUD-401-架构对齐.md,lib/phase1_session/,1,W3
AUD-401-架构对齐.md,lib/algorithms/coverage/tools/stage2.cpp,1,W1
AUD-401-架构对齐.md,eng/tests/unit/,1,W0
AUD-401-架构对齐.md,"docs/design/PHASE{1,2,3}_DETAILED_DESIGN.md",1,W2
AUD-401-架构对齐.md,"lib/phase{1,2,3}_session/",1,W3
AUD-401-架构对齐.md,lib/include/astrocs/abi/,1,W2
AUD-401-架构对齐.md,lib/infrastructure/aio/include/aio_pipeline.h,1,W2
AUD-401-架构对齐.md,lib/infrastructure/cli/parser.cpp,1,W2
AUD-401-架构对齐.md,lib/algorithms/fits_output/p3_output.cpp,1,W1
AUD-401-架构对齐.md,"lib/algorithms/{projection,resample,fits_output}",1,W1
AUD-401-架构对齐.md,eng/tests/backend/p3_session_probe.cpp,1,W0
AUD-401-架构对齐.md,lib/infrastructure/scheduler/src/block_frame.cpp,1,W2
AUD-401-架构对齐.md,eng/tests/unit/core_block_frame_test.cpp,1,W0
AUD-401-架构对齐.md,lib/include/astrocs/core/module.h,1,W2
AUD-401-架构对齐.md,lib/include/astrocs/core/executor.h,1,W2
AUD-401-架构对齐.md,lib/algorithms/coverage/include/,1,W1
AUD-401-架构对齐.md,eng/tools/check_cli_run_preset.py,1,W0
AUD-401-架构对齐.md,eng/tests/unit/rt009_node_trace_test.cpp,1,W0
AUD-401-架构对齐.md,lib/algorithms/calibration/include/astrocs/calibration/types.h,1,W1
AUD-401-架构对齐.md,eng/ci/check_registry_doc_sync.py,1,W0
AUD-401-架构对齐.md,lib/algorithms/calibration/src/cosmetic_corrector.cpp,1,W1
AUD-401-架构对齐.md,lib/algorithms/shared/crypto/sha256.cpp,1,W1
AUD-401-架构对齐.md,lib/infrastructure/scheduler/src/module.cpp,1,W2
AUD-401-架构对齐.md,"lib/algorithms/coverage/src/{upm,rejection,sampler,coverage,identifiability}.cpp",1,W1
AUD-401-架构对齐.md,lib/algorithms/integration/v6_phase1/CMakeLists.txt,1,W1
AUD-401-架构对齐.md,lib/algorithms/cosmetic/CMakeLists.txt,1,W1
AUD-401-架构对齐.md,lib/infrastructure/pipeline/orchestrator/cpp/tests/CMakeLists.txt,1,W2
AUD-401-架构对齐.md,lib/infrastructure/hips_browser/healpix_browser_qt/CMakeLists.txt,1,W2
AUD-401-架构对齐.md,lib/algorithms/drizzle/healpix_drizzle/healpix_core.cpp,1,W1
AUD-401-架构对齐.md,lib/infrastructure/aio/src/aio_api.cpp,1,W2
AUD-401-架构对齐.md,"lib/infrastructure/aio/src/ahpx/{aio_ahpx_api,aio_ahpx_reader,aio_ahpx_writer}.cpp",1,W2
AUD-401-架构对齐.md,lib/infrastructure/cli/normalize/normalize.h,1,W2
AUD-401-架构对齐.md,lib/infrastructure/cli/CMakeLists.txt,1,W2
AUD-401-架构对齐.md,lib/algorithms/shared/dirent_win.h,1,W1
AUD-401-架构对齐.md,lib/infrastructure/acr/CMakeLists.txt,1,W2
AUD-401-架构对齐.md,lib/algorithms/projection/tests/CMakeLists.txt,1,W1
AUD-401-架构对齐.md,lib/algorithms/projection/eng,1,W1
AUD-401-架构对齐.md,lib/infrastructure/aio/src/ahpx/aio_ahpx_api.cpp,1,W2
AUD-401-架构对齐.md,lib/infrastructure/aio/src/ahpx/aio_ahpx_reader.cpp,1,W2
AUD-401-架构对齐.md,lib/infrastructure/aio/src/ahpx/aio_ahpx_writer.cpp,1,W2
AUD-401-架构对齐.md,lib/infrastructure/cli/{main.cpp,1,W2
AUD-401-架构对齐.md,lib/infrastructure/pipeline/orchestrator/cpp/,1,W2
AUD-401-架构对齐.md,"lib/algorithms/{upm,rejection,sampling}/",1,W1
AUD-401-架构对齐.md,lib/infrastructure/aio/healpix_db/archive/,1,W2
AUD-401-架构对齐.md,lib/algorithms/calibration/cpp/cosmetic_corrector,1,W1
AUD-401-架构对齐.md,"lib/infrastructure/cli/{normalize,mosaic,export}/",1,W2
AUD-401-架构对齐.md,"lib/algorithms/integration/v6{,_phase1}",1,W1
AUD-402-判读-A1.md,reports/PROJECT-GOVERNANCE-01/research/MASK-001_掩膜语义重新推导.md,1,W3
AUD-402-判读-A1.md,lib/infrastructure/cli/CMakeLists.txt,1,W2
AUD-402-判读-A1.md,eng/packaging/config/templates/,1,W1
AUD-402-判读-A1.md,eng/contracts/schemas/phase_config_,1,W0
AUD-402-判读-A1.md,lib/include/astrocs/core/variance_floor.h,1,W2
AUD-402-判读-A1.md,eng/packaging/config/runtime_resources.json,1,W1
AUD-402-判读-A2.md,lib/infrastructure/cli/,1,W2
AUD-402-判读-A2.md,eng/contracts/schemas/jsonl_event_v1.schema.json,1,W0
AUD-402-判读-A2.md,eng/tests/cli/test_memory_growth.py,1,W0
AUD-402-判读-A3.md,lib/infrastructure/cli/,3,W2
AUD-402-判读-A3.md,docs/plugins/algorithms_phase1/08_drizzle.md,2,W1
AUD-402-判读-A3.md,eng/tools/monitoring/run_monitored.py,2,W0
AUD-402-判读-A3.md,docs/plugins/infrastructure/21_observability.md,1,W1
AUD-402-判读-A3.md,docs/architecture/observability/RESOURCE_MONITORING_CONTRACT.md,1,W2
AUD-402-判读-A3.md,lib/infrastructure/cli/resource_recorder.h,1,W2
AUD-402-判读-A3.md,lib/infrastructure/pipeline/orchestrator/cpp/src/json_config.cpp,1,W2
AUD-402-判读-A3.md,eng/tests/cli/test_unified_blocks_templates.py,1,W0
AUD-402-判读-A3.md,eng/tools/quality/resource_monitor.py,1,W0
AUD-402-判读-A3.md,docs/contracts/v6/data/07_provenance.md,1,W1
AUD-402-判读-A3.md,lib/infrastructure/cli/resource_gate.h,1,W2
AUD-402-判读-BD1.md,docs/algorithms/STAR_PSF_ALGORITHMS.md,1,W1
AUD-402-判读-BD1.md,实验/absolute-snr/results/,1,W1
AUD-402-判读-BD1.md,lib/algorithms/noise_snr/tests/p1noise/p1snr_science_test.cpp,1,W1
AUD-402-判读-BD1.md,lib/infrastructure/cli/resource_gate.h,1,W2
AUD-402-判读-BD1.md,lib/algorithms/star_detection/src/sdet_api.cpp,1,W1
AUD-402-判读-BD1.md,lib/infrastructure/hips_browser/healpix_browser_qt/tools/gen_geometry_truth.py,1,W2
AUD-402-判读-BD1.md,lib/eng/docs/config,1,W3
AUD-402-判读-BD1.md,lib/eng/docs/实验,1,W3
AUD-403-注释与README.md,lib/snr_estimator,2,W3
AUD-403-注释与README.md,eng/tools/check_module_readmes.py,2,W0
AUD-403-注释与README.md,lib/infrastructure/scheduler/README.md,2,W2
AUD-403-注释与README.md,docs/development/,1,W3
AUD-403-注释与README.md,docs/DEVELOPER_GUIDE.md,1,W3
AUD-403-注释与README.md,eng/build/toolchain.ps1,1,W3
AUD-403-注释与README.md,docs/VERSIONING.md,1,W3
AUD-403-注释与README.md,docs/TROUBLESHOOTING.md,1,W3
AUD-403-注释与README.md,lib/algorithms/shared/,1,W1
AUD-403-注释与README.md,"lib/phase{1,2,3}_session",1,W3
AUD-403-注释与README.md,lib/third_party/,1,W3
AUD-403-注释与README.md,reports/RELEASE-02/…,1,W3
AUD-403-注释与README.md,eng/tools/quality/v19r4_strip_comments.py,1,W0
AUD-403-注释与README.md,eng/tools/quality/contracts/check_comments.py,1,W0
AUD-403-注释与README.md,docs/[A-Za-z0-9_./-,1,W3
AUD-403-注释与README.md,docs/contracts/…,1,W1
AUD-501-门禁现状审计.md,eng/ci/check_registry_doc_sync.py,5,W0
AUD-501-门禁现状审计.md,eng/ci/polarity_probe.py,4,W0
AUD-501-门禁现状审计.md,eng/ci/select_candidate.py,4,W0
AUD-501-门禁现状审计.md,eng/tools/quality/deep_ci_driver.py,4,W0
AUD-501-门禁现状审计.md,eng/ci/exemptions.json,3,W0
AUD-501-门禁现状审计.md,eng/ci/gate_trust.py,3,W0
AUD-501-门禁现状审计.md,eng/tools/check_p1_symbol_map.py,3,W0
AUD-501-门禁现状审计.md,eng/ci/polarity_evidence.json,2,W0
AUD-501-门禁现状审计.md,eng/ci/check_frozen_gate.py,2,W0
AUD-501-门禁现状审计.md,lib/phase1_session/README.md,2,W3
AUD-501-门禁现状审计.md,eng/tools/check_traceability.py,2,W0
AUD-501-门禁现状审计.md,eng/ci/ci_repair_round.py,2,W0
AUD-501-门禁现状审计.md,eng/ci/check_workflow_governance.py,2,W0
AUD-501-门禁现状审计.md,eng/ci/resource_monitor.py,2,W0
AUD-501-门禁现状审计.md,eng/tools/quality/check_resource_gate_real.py,2,W0
AUD-501-门禁现状审计.md,docs/refactor,2,W3
AUD-501-门禁现状审计.md,eng/tools/check_traceability_matrix.py,1,W0
AUD-501-门禁现状审计.md,eng/ci/check_retired_code.py,1,W0
AUD-501-门禁现状审计.md,eng/tools/run_gc.py,1,W0
AUD-501-门禁现状审计.md,docs/architecture/MODULE_MAP.md,1,W2
AUD-501-门禁现状审计.md,eng/tools/quality/contracts/check_doc_symbols.py,1,W0
AUD-501-门禁现状审计.md,artifacts/evidence/release-05/,1,W3
AUD-501-门禁现状审计.md,eng/ci/l2_frozen_gate.py,1,W0
AUD-501-门禁现状审计.md,eng/tools/check_module_readmes.py,1,W0
AUD-501-门禁现状审计.md,eng/tools/check_release_layout.py,1,W0
AUD-501-门禁现状审计.md,eng/tools/quality/check_comment_hygiene.py,1,W0
AUD-501-门禁现状审计.md,实验/testdata/gaia,1,W1
AUD-501-门禁现状审计.md,eng/tools/quality/contracts/check_science_units.py,1,W0
AUD-501-门禁现状审计.md,eng/ci/declared_inputs.py,1,W0
AUD-501-门禁现状审计.md,eng/tools/quality/contracts/{check_api_contracts.py,1,W0
AUD-501-门禁现状审计.md,eng/tools/monitoring/resource_probe.py,1,W0
AUD-501-门禁现状审计.md,eng/tools/check_abi_boundary.py,1,W0
AUD-501-门禁现状审计.md,eng/tools/quality/contracts/check_build_graph.py,1,W0
AUD-501-门禁现状审计.md,eng/ci/ctest_skip_register.json,1,W0
AUD-501-门禁现状审计.md,eng/ci/validate_workflow_binding.py,1,W0
AUD-501-门禁现状审计.md,eng/ci/workflow_binding.json,1,W0
AUD-501-门禁现状审计.md,eng/ci/ctest_baseline.json,1,W0
AUD-501-门禁现状审计.md,eng/tests/unit/v6_p1_drz/CMakeLists.txt,1,W0
AUD-501-门禁现状审计.md,eng/tools/quality/check_ctest_registration.py,1,W0
AUD-501-门禁现状审计.md,eng/ci/reconcile_state.py,1,W0
AUD-501-门禁现状审计.md,eng/tools/quality/check_source_inventory.py,1,W0
AUD-501-门禁现状审计.md,eng/tools/quality/check_p3_rejection_count.py,1,W0
AUD-501-门禁现状审计.md,docs/refactor/P1_SYMBOL_MAP.md,1,W3
D9-工单对账-补.md,eng/tools/docs_machine_consistency.py,8,W0
D9-工单对账-补.md,docs/architecture.md,5,W3
D9-工单对账-补.md,lib/infrastructure/cli/exit_codes.h,4,W2
D9-工单对账-补.md,docs/architecture/PERFORMANCE_MODEL.md,4,W2
D9-工单对账-补.md,docs/modules/hips_p2.md,4,W2
D9-工单对账-补.md,docs/architecture/EXECUTION_MODEL.md,4,W2
D9-工单对账-补.md,docs/architecture/DEPENDENCY_RULES.md,4,W2
D9-工单对账-补.md,artifacts/evidence/v19r7-quality/audit_stats.json,4,W3
D9-工单对账-补.md,docs/architecture/THREAD_BUDGET_ARCH.md,3,W2
D9-工单对账-补.md,docs/architecture/MODULE_MAP.md,3,W2
D9-工单对账-补.md,docs/interfaces/data/DATA-002_PHASE_PRODUCT_EXCHANGE.md,3,W2
D9-工单对账-补.md,docs/architecture/ERROR_MODEL.md,3,W2
D9-工单对账-补.md,lib/infrastructure/pipeline/orchestrator/cpp/Makefile,3,W2
D9-工单对账-补.md,lib/infrastructure/aio/Makefile,3,W2
D9-工单对账-补.md,artifacts/evidence/release-05/G2-9_CI_INCREMENTAL_STATUS.md,2,W3
D9-工单对账-补.md,artifacts/evidence/v19r7-quality/checkpoints/round32_machine_consistency.json,2,W3
D9-工单对账-补.md,artifacts/evidence/v19r7-quality/evidence/QA-V19R7-A1-01/EVIDENCE_INDEX.md,2,W3
D9-工单对账-补.md,artifacts/evidence/v6/qa-design/evidence/rc_summary.json,2,W3
D9-工单对账-补.md,eng/tests/integration/v6_p2/oracle/v6_p2_oracle.py,2,W0
D9-工单对账-补.md,eng/tests/validation/release02/c_delta_composition/,2,W0
D9-工单对账-补.md,lib/algorithms/platesolve/cpp/ipv/REPORT.md,2,W1
D9-工单对账-补.md,eng/tools/quality/isa_sites.json,2,W0
D9-工单对账-补.md,docs/TRACEABILITY.c,2,W3
D9-工单对账-补.md,docs/architecture/production_call_paths_stage2.c,2,W2
D9-工单对账-补.md,lib/algorithms/drizzle/healpix_drizzle/tests/CMakeLists.txt,1,W1
D9-工单对账-补.md,lib/algorithms/coverage/CMakeLists.txt,1,W1
D9-工单对账-补.md,docs/standards/NUMERIC_STANDARD.md,1,W3
D9-工单对账-补.md,lib/algorithms/calibration/src/calibrator.cpp,1,W1
D9-工单对账-补.md,lib/algorithms/shared/healpix/healpix_core.cpp,1,W1
D9-工单对账-补.md,docs/architecture/PRODUCTION_EXECUTION_INVENTORY.csv,1,W2
D9-工单对账-补.md,eng/tools/quality/check_module_map.py,1,W0
D9-工单对账-补.md,eng/tools/quality/v19r3_traceability.py,1,W0
D9-工单对账-补.md,artifacts/evidence/v6/qa-design/,1,W3
D9-工单对账-补.md,artifacts/evidence/v6/qa-design/data/gates_analytic.json,1,W3
D9-工单对账-补.md,lib/algorithms/shared/crypto/sha256.cpp,1,W1
D9-工单对账-补.md,eng/tools/docs_machine_consistency.py（现役,1,W0
D9-工单对账-补.md,artifacts/evidence/v19r7-quality/evidence/QA-V19R7-A1-01/TASK_REPORT.md,1,W3
D9-工单对账-补.md,artifacts/evidence/v6/qa-design/oracle/render_docs.py,1,W3
D9-工单对账-补.md,artifacts/evidence/v6/qa-design/oracle/,1,W3
D9-工单对账-补.md,artifacts/evidence/v6/qa-design/oracle/qa_oracle.py,1,W3
D9-工单对账-补.md,eng/tests/validation/release02/c_delta_composition/map_test2.py,1,W0
D9-工单对账-补.md,lib/healpix_db/archive/healpix_browser_cpp/include/browser_backend.h,1,W3
D9-工单对账-补.md,lib/infrastructure/hips_browser/healpix_browser_qt/core/browser_backend.h,1,W2
D9-工单对账-补.md,lib/infrastructure/hips_browser/healpix_browser_qt/core/healpix_math.cpp,1,W2
D9-工单对账-补.md,lib/algorithms/platesolve/cpp/ipv/build.ps1,1,W1
D9-工单对账-补.md,lib/algorithms/platesolve/IPV_PIPELINE.md,1,W1
D9-工单对账-补.md,docs/TRACEABILITY.csv（67,1,W3
D9-工单对账-补.md,eng/ci/cmake_graph.py,1,W0
D9-工单对账-补.md,lib/infrastructure/pipeline/orchestrator/docs/architecture.md,1,W2
D9-工单对账-补.md,lib/algorithms/coverage/src/acr_kernels.cpp,1,W1
D9-工单对账-补.md,eng/tests/quality/v19r3_traceability.py,1,W0
D9-工单对账-补.md,lib/common/,1,W3
D9-工单对账.md,docs/contracts/API_CONTRACTS.csv,8,W1
D9-工单对账.md,docs/validation/v6/QA_MATRIX.md,5,W3
D9-工单对账.md,artifacts/acceptance/l2_performance/README.md,5,W3
D9-工单对账.md,lib/algorithms/coverage/CMakeLists.txt,4,W1
D9-工单对账.md,eng/tools/HANDOVER.md,4,W0
D9-工单对账.md,lib/algorithms/platesolve/IPV_PIPELINE.md,4,W1
D9-工单对账.md,lib/algorithms/calibration/V6_CALIBRATION_COVARIANCE.md,4,W1
D9-工单对账.md,lib/infrastructure/aio/src/aio_fits.cpp,4,W2
D9-工单对账.md,artifacts/acceptance/l2_performance/,3,W3
D9-工单对账.md,artifacts/acceptance/L3/EVIDENCE.json,3,W3
D9-工单对账.md,artifacts/acceptance/L4/STATUS.json,3,W3
D9-工单对账.md,lib/infrastructure/cli/resource_recorder.h,2,W2
D9-工单对账.md,docs/contracts/DATA_ARTIFACTS.md,2,W1
D9-工单对账.md,artifacts/acceptance/l2_performance/gates/,2,W3
D9-工单对账.md,docs/research/PHOTOMETRY_RESEARCH_PACK.md,2,W3
D9-工单对账.md,实验/additive-sky-seamless/results/evidence_code.json,2,W1
D9-工单对账.md,eng/packaging/config/runtime_resources.json,2,W1
D9-工单对账.md,eng/ci/exemptions.json,2,W0
D9-工单对账.md,lib/infrastructure/hips_browser/healpix_browser_qt/core/gl_renderer.cpp,2,W2
D9-工单对账.md,eng/tests/validation/release02/README.md,2,W0
D9-工单对账.md,artifacts/acceptance/l2_performance/ab2f_ab.json,2,W3
D9-工单对账.md,docs/contracts/API_CONTRACTS.c,2,W1
D9-工单对账.md,lib/algorithms/star_detection/src/sdet_detector.cpp,2,W1
D9-工单对账.md,lib/infrastructure/benchmark/backend_host/avx512_backend.cpp,2,W2
D9-工单对账.md,lib/infrastructure/benchmark/cpu/avx512/src/avx512_provider.cpp,2,W2
D9-工单对账.md,eng/tests/cpu/avx512/check_avx512_illegal_instr.py,2,W0
D9-工单对账.md,lib/infrastructure/acr/qualification/benchmarks/benchmark_common.hpp,2,W2
D9-工单对账.md,artifacts/evidence/compress-01/code/build.sh,2,W3
D9-工单对账.md,artifacts/evidence/compress-01/code/zstd_bench.c,2,W3
D9-工单对账.md,artifacts/evidence/compress-01/verify/final_numbers.py,2,W3
D9-工单对账.md,eng/tests/unit/p1001_real_nodes_test.cpp,1,W0
D9-工单对账.md,工程控制/RELEASE-05/OPEN_QUESTIONS.md,1,W3
D9-工单对账.md,docs/references/SCIENTIFIC_REFERENCES.md,1,W3
D9-工单对账.md,lib/algorithms/psf/src/dpsf_psf.cpp,1,W1
D9-工单对账.md,eng/tools/docs_machine_consistency.py,1,W0
D9-工单对账.md,docs/algorithms/PHASE2_COVERAGE.md,1,W1
D9-工单对账.md,docs/plugins/algorithms_phase2/11_upm.md,1,W1
D9-工单对账.md,lib/infrastructure/cli/command_tree.h,1,W2
D9-工单对账.md,docs/architecture/PRODUCTION_EXECUTION_INVENTORY.csv,1,W2
D9-工单对账.md,lib/infrastructure/hips_browser/,1,W2
D9-工单对账.md,docs/references/PHOTOMETRY_LITERATURE_REVIEW_ARCHIVE.md,1,W3
D9-工单对账.md,lib/include/astrocs/common_abi_v1.h,1,W2
D9-工单对账.md,lib/algorithms/platesolve/,1,W1
D9-工单对账.md,lib/algorithms/integration/v6_phase1/src/phase1_product.cpp,1,W1
D9-工单对账.md,lib/infrastructure/acr/,1,W2
D9-工单对账.md,eng/tests/validation/release02/c_delta_composition/,1,W0
D9-工单对账.md,eng/tools/check_glossary.py,1,W0
D9-工单对账.md,reports/RELEASE-02/c-delta-ruling.md,1,W3
D9-工单对账.md,artifacts/evidence/v19r7-quality/evidence/QA-V19R7-A2-07/EVIDENCE_INDEX.md,1,W3
D9-工单对账.md,artifacts/acceptance/l2_performance/alloc_reports/,1,W3
D9-工单对账.md,lib/infrastructure/aio/tests/hiss_correctness_test.cpp,1,W2
D9-工单对账.md,"lib/infrastructure/pipeline/orchestrator/cpp/include/{spill_manager.h,admission_controller.h,resource_monitor.h}",1,W2
D9-工单对账.md,lib/infrastructure/benchmark/backend_host/backend_table.inc,1,W2
D9-工单对账.md,artifacts/evidence/v6/qa-design/case_ledger.json,1,W3
D9-工单对账.md,eng/tools/check_agents_gov.py,1,W0
D9-工单对账.md,eng/tests/integration/v6_p1/v6_p1_integrate_test.cpp,1,W0
D9-工单对账.md,lib/algorithms/platesolve/cpp/,1,W1
D9-工单对账.md,eng/tools/gen_provider_manifests.py,1,W0
D9-工单对账.md,eng/tests/validation/release02/q2_snr_smoothness/synth_q2_v3.py,1,W0
D9-工单对账.md,eng/tests/validation/release02/q2_snr_smoothness/weight_consistency_q2.py,1,W0
D9-工单对账.md,eng/cmake/cfitsioConfig.c,1,W3
D9-工单对账.md,lib/infrastructure/aio/third_party/cfitsio/CMakeLists.txt,1,W2
D9-工单对账.md,eng/cmake/cfitsioConfig.cmake,1,W3
D9-工单对账.md,artifacts/acceptance/l2_performance/real16_bitwise_bitwise.json,1,W3
D9-工单对账.md,eng/tools/quality/contracts/check_full_integration.py,1,W0
D9-工单对账.md,artifacts/evidence/compress-01/code/run_bench.sh,1,W3
D9-工单对账.md,"artifacts/evidence/compress-01/code/run_bench{,2,3}.sh",1,W3
D9-工单对账.md,实验/基准小工具,1,W1
D9-工单对账.md,artifacts/evidence/governance-01/research/R-4_资源门与观测权威落点.md,1,W3
D9-工单对账.md,artifacts/evidence/review-package/02_待裁决清单.md,1,W3
D9-工单对账.md,artifacts/evidence/release-05/D-14_STALE_PATH_CLEANUP.md,1,W3
D9-工单对账.md,"artifacts/evidence/prerelease-v5/ISA-00{1,2,3}/MEASUREMENTS.csv",1,W3
论文1-回执.md,lib/infrastructure/gaia/,1,W2
论文3-回执.md,实验/additive-sky-seamless/results/REVIEW.md,1,W1
论文3-回执.md,实验/additive-sky-seamless/results/c2_multiplicative.json,1,W1
