ID,原判据摘要,判定,证据,归属任务,根因,方案,验收门,依据,备注
M1a-G-001,phase3 产品/manifest 无 RADESYS 与采样语义；result JSON 无 frame/采样语义键,OPEN,"timeout 30 grep -c ""phase3_session"" CMakeLists.txt (rc=0) -> 21 行，:615 add_library(astrocs_phase3_session STATIC ... p3_output.cpp)；timeout 60 grep -rn sampling_semantics lib docs contracts tests tools ci include (rc=0) -> 仅 lib/algorithms/drizzle/healpix_drizzle/v6_drizzle_science.h:325 等 drizzle v6 面，phase3 产品面 0；timeout 30 grep -n ""RADESYS|sampling_semantics|CUNIT1|BUNIT"" lib/phase3_session/p3_output.cpp (rc=0) -> 仅 CUNIT1(185)/BUNIT(212,290)，无 RADESYS",AIO-001,产品 manifest 落盘面仍只有 CUNIT1=deg/BUNIT，进程内端口描述符（UnitId::SURFACE_BRIGHTNESS+CoordinateFrame::PIXEL）未随产品落盘，最高设计 §9 两格仍缺,p3_output/p3_session 的产品 manifest/inspect 补写坐标 frame 与像素/采样语义键，并与端口描述符同源,新用例断言 p3 产品 manifest/result JSON 含 RADESYS(EQUINOX) 与采样语义键且与端口描述符一致,-,"与 RUBRIC §4 假设不同：lib/phase3_session 虽在 ARCH-001 列 DEFERRED(不迁移,删除)，但根 CMakeLists:615-620 仍编入 astrocs_phase3_session 并列入安装/测试目标 ⇒ 未退役，故不判 NOT-APPLICABLE"
M2a-C-11,合同 JSON 两个 pending_aio_channels 无 resolution 回登，与实现现状不一致,OPEN,"timeout 30 python3 读 contracts/data/phase2_uncertainty_rejection_provenance_v1.json (rc=0) -> pending_aio_channels 两项 status=PENDING_AIO_DOMAIN（gap 仍写""flags 位 32/64 未定义""），resolution 仅属 F-P2-002-02；timeout 30 grep -n AIO_HIPS_PRODUCT_NREJ lib/infrastructure/aio/include/aio_hips.h (rc=0) -> 161 ""= 32""、162 NUSED=64；writer:1124 写 astrocs_diag_dtype",AIO-001,实现侧已落地（flags 32/64 + int32 诊断平面 + ASTROCS_* 五键），合同 JSON 仍记 PENDING 且无 resolution 回登,在合同 JSON 两通道补 resolution(status=IMPLEMENTED+证据路径)，并订正 gap 文本,合同登记与 aio_hips.h/aio_hips_writer.cpp 通道逐项一致门（含 findings_transfer 同款 IMPLEMENTED 惯例）,-,-
M2a-E-4,合同头把 HiPS 读侧归属 astrocs_io.dll，而该 target 只编 fits_core.c、hips_core 零构建登记,OPEN,"timeout 30 sed -n ""1,6p"" lib/infrastructure/aio/io/include/astrocs/io/hips_input_v1.h (rc=0) -> ""角色: astrocs_io.dll 对外的 HiPS 输入读取合同 (IO-002 冻结)""；timeout 30 grep -n astrocs_io CMakeLists.txt (rc=0) -> :172 ""add_library(astrocs_io SHARED lib/infrastructure/aio/io/fits_core.c)""；timeout 30 grep -rn hips_core --include=CMakeLists.txt . (rc=1) -> 无构建登记（仅 tests/io/test_hips_input_contract.py 自建 .so）",AIO-001,合同声明与构建图不一致：声明的 HiPS C ABI 无生产 target，生产读侧走 astrocs_hips/aio_hips_reader.cpp,把 hips_core.c 登记进 astrocs_io（或改合同归属为实际 target）,契约声明的符号可在构建产物中定位的门（io 契约测试接生产 target 而非自建 .so）,-,-
M2a-H-3,sup 钳 1.0 后层级归约按 sig·sup·A_cell 反乘，覆盖>1 像素上层通量系统性低估,FIXED,"timeout 30 grep -n ""sup > 1.0|flux = sig_n|support_clamped|area_true|coverage_gt1"" lib/infrastructure/aio/src/hips/aio_hips_writer.cpp (rc=0) -> :674 area_true 未钳制真实面积、:751 ""const double flux = sig_n[i] * area_n[i];""、:1220 sup 仅在发布面钳一次、:1119/:1668 双面写计数键",AIO-001,-,-,-,修复证据：R-7 §5.4 + SCI-FIX-AIO ④（归约改用未钳制面积，通量损失 37.0324%→0，计数键双写；P1..P7 PASS）,本轮为只读静态复核，未复跑 ctest；引用 SCI-FIX-AIO 自证摘要（run/PROJECT-GOVERNANCE-01/SCI-FIX-AIO/自证摘要.md:28）
M2b-A-01,写入口只判 nside<512，无 2 的幂与上界校验，ilog2 向下取整静默夹逼,FIXED,"timeout 30 grep -c nside_is_pow2 lib/infrastructure/aio/src/hips/aio_hips_writer.cpp (rc=0) -> 2；timeout 30 sed -n ""570,600p"" 同文件 (rc=0) -> :577 ""const bool nside_is_pow2 = (nside & (nside - 1u)) == 0u;""、:579 ""nside > (1u << 29) || !nside_is_pow2 || tile_width != 512"" 即拒并 set_error；module_entry.cpp:342 同口径",AIO-001,-,-,-,修复证据：写入口现拒非 2 幂与越上界（含点名诊断），正解不再只存在于被绕过的模块面,-
M2b-A-02,写侧 2^(k+9) / ALG 2^k / 读侧 2^(order+9) 三源互斥,FIXED,timeout 30 grep -n 'NSIDE' docs/algorithms/HIPS_WRITER.md → rc=0（:165 已写 `ORDERING=NESTED + NSIDE=2^(k+9)`）,AIO-001,-,-,-,R-7 #1（R-7_AIO_HIPS_ABI与精度.md:18）：判「**文档勘误**」——ALG 的 `NSIDE=2^k` 改为 `2^(k+9)`，写侧/读侧不动；现状文本已勘误。,【人工复核覆盖：原分批复核判 FIXED】台账原判 OPEN/P0，措辞为「三源互斥」；按 R-7 实为单一文本勘误（写/读侧一致），该措辞已订正。
M2b-C-01,HiPS writer 无原子原语、tile 仍 remove+create 直写；调用点注释仍称 AIO-002 原子发布内建,OPEN,"timeout 30 grep -n ""remove(path_n"" lib/infrastructure/aio/src/hips/aio_hips_writer.cpp (rc=0) -> :299/:368 fits_create_file 前 std::remove 直写；timeout 30 grep -n ""rename|fsync|staging"" 同文件 (rc=0) -> 仅 3 处（:20 注释、:406/:418 properties 侧）；timeout 30 grep -n ""AIO-002 原子发布"" lib/infrastructure/scheduler/src/module_adapters.cpp (rc=0) -> :28、:4635 仍称内建",AIO-001,"properties 已走 aio_atomic::write_file_atomic，但 tile 级 FITS 仍 remove+create 直写、make_dirs 无 fsync；调用点注释宣称的""原子发布内建""与实际不符，与 DATA_SEMANTICS §12.5:383 及 DISP-HIPS-004 冲突",tile 写路径复用 aio_atomic_file.h（临时+fsync+rename），或按 §12.5 明示 writer 不原子并改写调用点注释,DISP-HIPS-004 关闭：注入中途失败不残留可误认的正式产品；文档/注释与实现一致,-,module_adapters.cpp 并发线在改：读时 hash=3ac7b6514ae2，复核时=d167008bb60e（行号随移，判据内容逐条复核不变）
M2b-C-06,manifest 的 nrej_tiles/nused_tiles 未登记于 ALG (5d) 字段清单，I8 计数口径不清,OPEN,"timeout 30 grep -n ""nrej_tiles|nused_tiles"" lib/infrastructure/aio/src/hips/aio_hips_writer.cpp (rc=0) -> :1671-1672 写出两键（装配 :1589/:1596 按 diag 通道，:1644-1645 产品表）；timeout 30 grep -c ""nrej_tiles|nused_tiles"" docs/algorithms/HIPS_WRITER.md (rc=1) -> 0；timeout 30 sed -n ""243,247p"" 同文档 (rc=0) -> (5d) 字段清单无此两键",AIO-001,"writer 新增 manifest 诊断计数键未回写 ALG 字段清单，§9 I8""计数字段=实际文件数""表述未覆盖诊断通道",HIPS_WRITER §5(5d)/§9 I8 登记 nrej_tiles/nused_tiles 及取数口径,ALG 字段清单与 writer 实际键集逐项比对门（能红能绿）,-,-
M2b-G-01,lib/hips、lib/hips_p2 另起 writer / entrypoint MISSING（判据前提）,CRITERION-WRONG,"timeout 30 ls -d lib/hips lib/hips_p2 (rc=2) -> 两者均""没有那个文件或目录""；timeout 30 ls lib/algorithms/drizzle/hips/src (rc=0) -> module_entry.cpp/aio_publish.cpp；timeout 30 grep -rn aio_hips 该目录 src (rc=0) -> module_entry.cpp:9-10 ""职责: 把 lib/infrastructure/aio/src/hips/aio_hips_writer.cpp 的 legacy C 接口 (aio_hips.h 九导出) 包装成九操作模块 vtable""、:888 ""aio_hips_product_begin(""",AIO-001,-,-,-,"为什么错：判据前提（存在复制 AIO 的第二 writer 目录 + p2 entrypoint 缺失）在当前树不成立——旧路径已由 ARCH-001 迁移（cmake/ARCH-001-migration-manifest.md 第 10 行 lib/hips→lib/algorithms/drizzle/hips DONE、第 33 行 lib/hips_p2→lib/algorithms/coverage/hips_p2 DONE，且注明""生产源 stage2.cpp 现位于 algorithms/coverage""）。正确口径：按模块归属核对""是否存在第二份 reader/writer 实现""——P1-HIPS 模块 src/module_entry.cpp:9-10,888 复用同一 AIO writer（aio_hips.h 九导出→aio_hips_product_begin），符合 ASTROCS_DESIGN.md:421「aio 是唯一 FITS/HiPS/manifest 读写边界；禁止各自复制 reader/writer」。依据：ASTROCS_DESIGN.md:421 + 迁移清单第 10/33 行 + 上述三命令",残余（不属本判据）：packaging/astrocs.product.json:16 仍把 modules/astrocs_p1_hips_writer.so 列为 required unit，归 PKG-001 域
M2b-H-01,properties 侧 to_string 6dp / manifest 侧 %.8f，量化步长无法满足 <1e-9 冻结容差,FIXED,"timeout 30 grep -n ""moc_sky_fraction|fmt_sky_fraction"" lib/infrastructure/aio/src/hips/aio_hips_writer.cpp (rc=0) -> :1051 唯一格式化函数、:1115/:1357 双面共用 fmt_sky_fraction；timeout 30 sed -n ""1044,1056p"" (rc=0) -> ""properties 与 manifest.json 共用"" + ""%.17g = DBL_DECIMAL_DIG … strtod 回程精确""；HIPS_WRITER.md:216/348 已改写容差条款",AIO-001,-,-,-,修复证据：R-7 §5.3（改精度不改容差，%.17g 单一函数）+ SCI-FIX-AIO ③（旧门恒绿无判别力，新增 1/12 判别点 O1..O6 PASS）,容差 <1e-9 未动（与 R-7 一致）
M8-F-002,io_ownership_test 只 ++failures 恒 return 0，门不可能红,FIXED,"timeout 30 sed -n ""120,140p"" tests/unit/io_ownership_test.cpp (rc=0) -> :131-137 ""return failures == 0 ? 0 : 1;"" + 注释 ""// M8-F-002: 失败必须非零退出(修复前恒 return 0 → 门不可能红)""，:125-128 子进程 --inject-failure 断言 rc!=0；timeout 30 grep -n io_ownership tests/unit/CMakeLists.txt (rc=0) -> :141 add_test(NAME io_ownership ...)",AIO-001,-,-,-,修复证据：main 按 failures 返回 0/1，并新增 failure_sets_nonzero_exit 回归锁（子进程注入断言非零），已注册 ctest,run/scif3001 下旧二进制属过期构建产物，非当前树证据
M8a-C-003,"README 自称""零外部依赖（不依赖 cfitsio）/OpenMP 16 线程""，与同库 vendored cfitsio 60 源矛盾",OPEN,"timeout 30 grep -n 零外部依赖 lib/infrastructure/aio/README.md (rc=0) -> :5/:7/:19/:180；timeout 30 grep -n ""add_library(astrocs_cfitsio"" CMakeLists.txt (rc=0) -> :301 ""add_library(astrocs_cfitsio STATIC "" + chr(36) + ""{ASTROCS_CFITSIO_SOURCES})""；timeout 30 grep -c ""lib/infrastructure/aio/third_party/cfitsio"" cmake/cfitsio_sources.cmake (rc=0) -> 60；README:28/:166/:204 仍写 OpenMP 16 线程",AIO-001,README 停留迁移前快照（依赖/线程/目录树/构建段），与同目录 vendored cfitsio 与现行 src/ 树矛盾,按现行 src/ 树与 vendored cfitsio 重写 README（依赖、线程、构建、版本快照）,README 目录树与 ls src 一致 + 依赖声明与 CMake 一致门,-,-
M9-C-1,"合同声明""路径均为 UTF-8""，Windows 分支用 MoveFileExA 按 ANSI 解释",OPEN,"timeout 30 grep -n ""MoveFileExA|MultiByteToWideChar"" lib/algorithms/drizzle/hips/src/aio_publish.cpp (rc=0) -> :365 ""if (!MoveFileExA(stage_path_utf8, out_dir_utf8, MOVEFILE_REPLACE_EXISTING))""，全文件 MultiByteToWideChar 0 命中；timeout 30 grep -n ""路径均为 UTF-8"" lib/algorithms/drizzle/hips/include/astrocs/hips/publish.h (rc=0) -> :73",AIO-001,同函数一宽一窄自证不变：_mkdir/_unlink/FindFirstFileA/MoveFileExA 按 ANSI 代码页解释 UTF-8 路径,改名/遍历走 widen+MoveFileExW（对齐 hiss_stream_writer 正范式）或复用 aio_fopen_utf8 适配层,非 ASCII 路径写出/发布用例（需 Windows 节点复验）,-,-
M9-F-3,"scale 侧无上界与 isfinite，NaN 被接受，且"">0 才写""存在静默省略分支",FIXED,"timeout 30 sed -n ""1414,1428p"" lib/infrastructure/aio/src/hips/aio_hips_writer.cpp (rc=0) -> !(pixfrac>0&&<=1)→2、!isfinite(scale_arcsec)→2、!(scale_arcsec>0)→2、>824.5167388361774""→2，均 set_error；timeout 30 grep -rn ACS_HIPS_MAX_FRAME_SCALE_ARCSEC lib/infrastructure/aio (rc=0) -> 常量与推导注释在位",AIO-001,-,-,-,修复证据：R-7 §5.5（闭域 + fail-closed + 结构化诊断 + 删除静默省略）+ SCI-FIX-AIO ⑤（negative N1..N11 PASS，含 NaN/Inf/0/负/越界与 all-or-none 键）,序列化仍 %.4f 属另一专项（SCI-FIX-AIO 残余 3）
M9-G-4,路径 ≥511 时 tmp 截断为 target 的原地覆写路径，begin 无长度校验,OPEN,"timeout 30 grep -n ACS_FIO_PATH_MAX lib/infrastructure/aio/io/fits_core.c (rc=0) -> :1077-1078 ""char target[ACS_FIO_PATH_MAX]; char tmp[ACS_FIO_PATH_MAX];""；timeout 30 sed -n ""1225,1230p"" (rc=0) -> snprintf(wr->target,...) 与 fio_writer_make_tmp_name(...) 均不检查返回值；timeout 30 grep -rn ""define ACS_FIO_PATH_MAX"" lib/infrastructure/aio (rc=0) -> fits_stream_v1.h:33 = 512",AIO-001,定长缓冲 + 不查 snprintf 截断，超长路径下 tmp 退化为 target（原地覆写），begin_v1 无长度校验,改用动态/显式长度校验，截断即 fail-closed（返回 PARAM）,≥511 字符路径写出的负例：不得原地覆写、须明确报错,-,-
M9-G-5,提交链只有 fflush→close→rename，文件与父目录均无 durability barrier,OPEN,"timeout 30 grep -c ""fsync|_commit|FlushFileBuffers"" lib/infrastructure/aio/io/fits_core.c (rc=1) -> 0；timeout 30 grep -n ""rename("" 同文件 (rc=0) -> 仅 :1480；timeout 30 grep -n ""PUBLISH_FSYNC_FD|_commit|fsync"" lib/algorithms/drizzle/hips/src/aio_publish.cpp (rc=0) -> :34 _commit / :45 fsync 正对照",AIO-001,IO-001 未继承同仓发布实现的 fsync/父目录 fsync 纪律,提交前 fsync 文件句柄与父目录，再原子 rename,断电/崩溃注入模型下产物完整性门（或显式降级并登记偏差）,-,-
M9-G-6,properties 写出返回 void、错误不传播、直写正式路径无 tmp+rename,FIXED,"timeout 30 sed -n ""408,481p"" lib/infrastructure/aio/src/hips/aio_hips_writer.cpp (rc=0) -> ""bool write_properties(...)""，失败 set_error+return false，落盘经 aio_atomic::write_file_atomic（:476）；timeout 30 grep -n write_properties 同文件 (rc=0) -> :1156/:1375 ""if (!write_properties(dir + 斜杠+properties, kv)) return false;""",AIO-001,-,-,-,修复证据：签名改 bool + 原子原语（临时文件+fsync+rename）+ 错误传播，两处调用点检查返回值（含注入点 ASTROCS_HIPS_PROV_FAULT）,-
M9-H-4,aio_hips_read_snr_catalog 的 max 为 int 且无负值判定，负值可致写超调用方缓冲,OPEN,"timeout 30 grep -n ""int max)"" lib/infrastructure/aio/src/hips/aio_hips_reader.cpp (rc=0) -> :522 ""int max)  {""；timeout 30 grep -n ""max < 0|(size_t)max"" 同文件 (rc=1 无 max<0) -> :526 ""int n = (int)std::min((size_t)max, d->snr.size());""，随后一次写 ra/dec/snr/star_id/quality_flags/photometric_status 六缓冲",AIO-001,负 max 转 size_t 巨数后 min 取产品内点数，n 远超调用方缓冲容量,入口加 if (max < 0) return -2（或 fail-closed 并 set_err）,max=-1 调用不越界写的负例（ASan/边界检测）,-,-
M9-H-5,readSnr/readWeight 按 float 个数 resize 却按 rawData.size() 字节 memcpy，块长非 4 倍数时堆越界写,OPEN,"timeout 30 sed -n ""573,574p;633,635p"" lib/infrastructure/aio/src/ahpx/aio_ahpx_reader.cpp (rc=0) -> ""result.resize(floatCount); std::memcpy(result.data(), rawData.data(), rawData.size());""（readSnr:573-574、readWeight:633-635）；正对照 readPixels:546-551 有 expectedSize 等值校验后返回",AIO-001,漏项：同文件 readPixels 有大小校验，snr/weight 两处无,同 readPixels 补 rawData.size()%4==0 与等值校验，失败即拒绝,非 4 倍数块长的负例（越界检测/ASan）,-,-
M9-H-6,JSON 浮点 double 强转 uint64 作块偏移/长度（UB），(long)offset 在 LLP64 折 32 位，全链无区间校验,OPEN,"timeout 30 grep -n ""(uint64_t)extractNumber|(long)offset|fseek"" lib/infrastructure/aio/src/ahpx/aio_ahpx_reader.cpp (rc=0) -> :350 blk.offset=(uint64_t)extractNumber(...)、:441 std::fseek(m_fp,(long)offset,SEEK_SET)；timeout 30 grep -n ""_fseeki64|fseeko"" 该目录 (rc=1) -> 0；正对照 aio_upm.cpp:26/:30、aio_xisf.cpp:40/:42 有 64 位 seek 宏",AIO-001,越界浮点→整型转换 UB + Windows 长偏移截断，且无 offset+size ≤ 文件长度校验,引入 64 位 seek 包装（_fseeki64/fseeko）+ 有限性与区间校验,>2GiB 与超范围 offset 负例（Windows+Linux 双平台）,-,-
V10-N-04,BSCALE/BZERO 解析失败被 catch(...) 吞成缺省 1.0/0.0，另一读面 parseDouble 显式 D→E 归一,OPEN,"timeout 30 grep -n ""BSCALE|BZERO"" lib/infrastructure/aio/src/aio_fits.cpp (rc=0) -> :161-162 ""else if (key == BSCALE) { try { hdr.bscale = std::stod(kw.value); } catch (...) {} }""；timeout 30 grep -c isfinite 同文件 (rc=1) -> 0；正对照 lib/algorithms/drizzle/healpix_drizzle/fits_reader.cpp:64 parseDouble 逐字符归一 D→E",AIO-001,同一合法头两读面结果不同，解析失败静默退化为缺省（像素量级静默错）,统一 D→E 归一 + 解析失败即诊断/拒绝，与 parseDouble 同口径,含 D 指数 BSCALE 与非法 BSCALE 的正/负例，两读面结果一致,-,-
V10-N-05,坏 SNR 行被计数但无人回读、函数仍返回成功；%lf 无有限性门,OPEN,"timeout 30 grep -rn bad_snr_rows lib/ (rc=0) -> 仅 lib/infrastructure/aio/src/hips/aio_hips_reader.cpp:98 声明 ""// 损坏 TSV 行计数 (G6 robustness)"" + :339 ++d->bad_snr_rows（全仓零消费者）；timeout 30 grep -n sscanf 同文件 (rc=0) -> :332 sscanf(line, ""%lld %lf %lf %lf %u %u"", ...)；timeout 30 grep -c isfinite 同文件 (rc=1) -> 0",AIO-001,坏行计数不外露、无 nan/inf 门，交付 SNR 星表静默少行不可观测,计数经 inspect/诊断外露并在阈值/非有限值上 fail-closed,含坏行与 NaN 的负例：可观测且可拒绝,-,-
V10-N-07,三处自写 JSON 解析器按外部 count 先 malloc 后校验一致性，无 count 上限与元素有限性,CRITERION-WRONG,timeout 30 grep -c isfinite lib/infrastructure/gaia_xpsd_client/src/gaia_client.c → rc=0（2 命中，已加防护）；timeout 30 grep -c isfinite lib/algorithms/drizzle/src/module_entry.cpp → rc=0（10 命中）；timeout 30 grep -c isfinite lib/algorithms/drizzle/hips/src/module_entry.cpp → rc=1（零命中，该 C 解析器仍未加 isfinite/2^53 防护）,AIO-001,-,-,-,R-5 #12（:26）：**别题误挂**——该条被挂在噪声/统计域，实为 JSON 解析器数值健壮性问题（与噪声/统计口径无关）；事实成立但**严重度高估**（生产平台可见行为是 1e999→0，不是内存破坏）。正确口径：三处解析器加 `isfinite` 与 2^53 上限 + 数组 count 上限；归属数据解析器域（AIO-001）。,【人工复核覆盖：原分批复核判 OPEN】台账原判 OPEN/P2/C_ALG_IMPL。
V11-N-01,C 结构 6 字段 vs Python 镜像 4 字段，无 struct_size/abi_version，跨边界静默错位,FIXED,"timeout 30 python3 读 lib/infrastructure/aio/include/aio_hips.h (rc=0) -> typedef struct 首部 ""AIO_HIPS_ABI_HEADER(AioHipsSnrPoint, AIO_HIPS_SNR_POINT_ABI_VERSION)"" + ra_deg/dec_deg/snr/star_id/quality_flags/photometric_status；timeout 30 grep -n ""AioHipsSnrPoint|_fields_"" lib/infrastructure/aio/tests/hips_direct_smoke.py (rc=0) -> :28 ""唯一权威镜像 (禁止在本文件另抄一份 _fields_)""；新增 aio_abi_layout_lock(_selfcheck) ctest",AIO-001,-,-,-,修复证据：R-7 §5.2 方案(c′) 已落——4 结构原位版本化 + 公共入口逐元素 fail-closed(AIO_HIPS_ABI_MISMATCH=-9) + 单一 Python 镜像 aio_abi_mirror.py + 逐字段布局锁,"R-7 记""破坏 ABI 不可承受""前提经实测为假（仓内唯一 Python 消费者因硬编码死路径本就无法加载）"
V21-N-02,HISS 私有错误域（校验和/格式/缺必填键）跨边界全塌成单一 HIO_ERR_FILE,OPEN,"timeout 30 grep -c ""if (ret != 0) return HIO_ERR_FILE"" lib/infrastructure/aio/src/healpix/aio_healpix_io.cpp (rc=0) -> 5；timeout 30 sed -n ""50,64p"" 同文件 (rc=0) -> HIO_ERR_PARAM=-1…HIO_ERR_BOUNDS=-7、HIO_ERR_INTERNAL=-8；timeout 30 grep -n HISS_ERR_ lib/infrastructure/aio/include/astrocs/aio/hiss_format.h (rc=0) -> CHECKSUM=-4/UNSUPPORTED=-6/UNKNOWN_REQUIRED=-7/FORMAT_VIOLATION=-8",AIO-001,"调用方无法区分""文件坏""与""数据坏""（ENGINEERING_SPEC §9 统一状态码+结构化诊断未落实）",把 HISS 语义码映射到统一状态码后再上抛，禁一律 FILE,校验和坏/缺必填键/格式违规三类返回码可区分的用例,-,-
W2-N-09,生产读入面无 PCi_j 支路，CDELT+PC 头丢旋转；注册表仍判 CONFORMANT,OPEN,"timeout 30 grep -n ""CD1_1|PC1_1"" lib/infrastructure/aio/src/aio_fits.cpp (rc=0) -> :410-413 只读 CD1_1/CD001001 等，无 PC 键；timeout 30 grep -rl PC1_1 lib include cli --include=*.c --include=*.cpp --include=*.h (rc=0) -> 仅 third_party/cfitsio 的 wcssub.c/histo.c；timeout 30 grep -n ""pc1_1|cd1_1"" lib/infrastructure/aio/include/astro_image_io.h (rc=0) -> :52 仅 cd1_1…cd2_2，无 PC 字段",AIO-001,读入面缺 PC 支路（AIOWCSKeywords 无 PC 字段），注册表 WCS CONFORMANT 判定失真,补 PCi_j 支路（或 CDELT×PC 合成）并同步注册表偏差登记,CDELT+PC 头读入旋转量与参考实现一致的用例,-,-
W3-R2-001,"先删旧正式文件再重试 rename，第二次失败则新旧同失；注释自称""失败可恢复""",OPEN,"timeout 30 sed -n ""95,115p"" lib/infrastructure/aio/src/aio_upm.cpp (rc=0) -> ""if (std::rename(tmp.c_str(), path) != 0) { // Windows rename 不覆盖已存在目标：删除旧正式模型后重试一次 … if (std::remove(path) == 0 && std::rename(tmp.c_str(), path) == 0) {""；正对照 hiss_stream_writer.cpp 用 MOVEFILE_REPLACE_EXISTING 单步替换",AIO-001,remove→rename 窗口内旧正式文件已失，两次 rename 均失败即数据净损失；注释把该路径写成合规,改用带 REPLACE_EXISTING 的单步原子替换（对齐同库正范式）,注入第二次 rename 失败时不丢旧正式文件（崩溃/失败注入用例）,-,-
W3-R2-009,p1_atomic_publish 兜底仍是 remove 后 rename 且注释自证不违原子性；悬空合同锚未消,OPEN,"timeout 30 sed -n ""1183,1211p"" lib/infrastructure/scheduler/src/module_adapters.cpp (rc=0) -> :1200 ""std::filesystem::remove(std::filesystem::u8path(final_path), ec_rm);"" 后 :1204 rename，:1189-1191 注释""该窗口内目标短暂缺失…不存在半写状态""；timeout 30 grep -n ""不能先删除旧文件再 rename"" lib/infrastructure/aio/src/hiss_stream_writer.cpp (rc=0) -> :174 冻结禁令；timeout 30 find . -name 00_COMMON_CONTRACTS.md (rc=0) -> 全仓不存在",AIO-001,同仓两文一题互相矛盾（冻结禁令 vs 兜底实现+自证注释）；合同锚 00_COMMON_CONTRACTS.md 悬空,改为单步原子替换并清理悬空引用,崩溃注入下任一时刻观察到的都是完整文件（旧或新）,-,module_adapters.cpp 并发线在改：读时 hash=3ac7b6514ae2，复核时=d167008bb60e（行号随移，判据内容逐条复核不变）
W3-R2-010,同函数开文件 CP_UTF8 widen 后 _wfopen，改名仍 MoveFileExA(ACP)，一宽一窄,OPEN,"timeout 30 grep -n ""MultiByteToWideChar|MoveFileExA|MoveFileExW"" lib/infrastructure/aio/src/aio_pipeline.cpp (rc=0) -> :81/:84/:86/:89 CP_UTF8 widen 开文件、:911 ""if (!MoveFileExA(tmp_path.c_str(), path, MOVEFILE_REPLACE_EXISTING))""；正对照 hiss_stream_writer.cpp:183-186 widen+MoveFileExW",AIO-001,非 ASCII 路径下改名静默降级（ACP 解释）,改名改 MoveFileExW（对齐同库正范式）,非 ASCII 路径写出用例（Windows 节点复验）,-,-
W4-R2-01,三处截断守卫只护顶层入口，四处 snprintf(child) 拼接不判截断即递归 rmrf/fsync,OPEN,"timeout 30 grep -n "">= sizeof"" lib/algorithms/drizzle/hips/src/aio_publish.cpp (rc=0) -> 仅 :102/:299/:328（mkdir_parents/stage_create/discard）；timeout 30 grep -n ""snprintf(child"" 同文件 (rc=0) -> :174/:188/:228/:249 四处（Win/POSIX 的 rmrf 与 fsync_tree 遍历）无返回值检查；timeout 30 grep -n PUBLISH_PATH_MAX (rc=0) -> :39/:54 两处 1024 定义",AIO-001,同文件两种截断纪律并存，截断后可命中同名兄弟路径导致整删,child 拼接统一判截断并 fail-closed；PUBLISH_PATH_MAX 单一定义,>1024 深路径下不误删兄弟目录的负例,-,"台账自注"">1024 实删需运行期复现""，本轮同样只判静态结构"
W4-R2-02,stat 随符号链接判目录、无重解析点检查；stage 名可预测且自愈删除先于 EEXIST 防线,OPEN,"timeout 30 grep -n ""publish_stat_exists|stat(p, &st)|lstat"" lib/algorithms/drizzle/hips/src/aio_publish.cpp (rc=0) -> :115/:117 stat（全文件 lstat 仅 :251）；timeout 30 grep -c REPARSE 同文件 (rc=1) -> 0；timeout 30 sed -n ""290,315p"" (rc=0) -> stage 名由 parent+base+固定 ASTROCS_HIPS_STAGE_BASENAME 拼成，publish_rmrf 自愈删除先于 :312 EEXIST 防线",AIO-001,父目录预置同名 symlink/junction 可被自愈 rmrf 整删；两进程并发写同 out_dir 后者删前者在途 staging；promote 无树内容校验,lstat/重解析点检查 + stage 名加 pid/随机 + 先 EEXIST 后删除,symlink 占位与并发同 out_dir 的负例（不误删他人在途物）,-,-
W4-R2-08,临时名 pid+进程内 seq 可预测、无 O_EXCL 独占创建；begin 仅探测一次存在性,OPEN,"timeout 30 grep -n ""overwrite|O_EXCL|tmp.%ld|rename(wr->tmp"" lib/infrastructure/aio/io/fits_core.c (rc=0) -> :1099 ""snprintf(out, cap, 目标.tmp.pid.seq)""、:1215 ""if (!overwrite) { set_err(\""target exists (overwrite=0)\"");""、:1480 rename；timeout 30 grep -rn O_EXCL fits_core.c aio_pipeline.cpp (rc=1) -> 0",AIO-001,三站均无独占创建，POSIX 下后到者可顶掉先完成成品,O_EXCL/随机后缀创建临时文件，end 时再校验目标状态,并发同名写出的独占性用例,-,orchestrator/cache 两站生产不可达系台账在册封顶理由
W5-N-06,file_sha256 读失败返回空串且 ok 出参从不上读，空串被写入 schema 要求 64hex/null 的字段,OPEN,"timeout 30 grep -c ""file_sha256("" lib/infrastructure/cli/commands.cpp (rc=0) -> 19；timeout 30 grep -n ""if (ok)|ok = false|&ok)"" 同文件 (rc=0) -> 全为声明/传参，无读取（:133/:151/:340/:453 等 lambda 内 ok 声明后即弃）；lib/infrastructure/cli/parser.cpp:203-205 ""if (!f) { if (ok) *ok = false; return {}; }""；contracts/schemas/jsonl_event_v1.schema.json:53 sha256 要求 string|null + ^[0-9a-f]{64}$",AIO-001,"失败态未编码（空串既非 null 也不匹配 pattern），provenance/verify 面无从区分""没算""与""算错""",失败写 null 或中止，并读取 ok 出参；口径统一为 null,不可读文件的 sha256 字段仍通过 schema 校验的负例（须红）,-,-
W5-N-13,解压缓冲 8×4^k 无字节上限，全败仅 clear 静默空块续跑,OPEN,"timeout 30 grep -n estSize lib/infrastructure/aio/src/ahpx/aio_ahpx_reader.cpp (rc=0) -> :473/:491 ""size_t estSize = blk->size * 8;""、:481/:499 ""estSize *= 4;""（ZSTD/LZ4 两分支各 8 次尝试）；timeout 30 sed -n ""470,505p"" (rc=0) -> 失败分支 ""result.clear(); return result;"" 无错误传播",AIO-001,"无字节封顶与错误传播（ASTROCS_DESIGN §12 禁""无界内存增长""，ENGINEERING_SPEC §10）",设显式字节上限并在全败时返回错误而非空块,超大 blk->size/损坏块的负例：不静默空块、不无界增长,-,峰值 8×4^k 为算术推论；是否触达 bad_alloc 属运行期未判
W5-N-15,stod 解析失败与键缺失/空值折叠为同一缺省；CCD-TEMP 失败=0.0 与合法温度同值不可辨,OPEN,"timeout 30 grep -n ""catch (...)"" lib/infrastructure/aio/src/aio_fits.cpp (rc=0) -> :389 ""try { return std::stod(v); } catch (...) { return def; }""、:491 ""catch (...) { cal.ccd_temp = 0.0; }""；timeout 30 sed -n ""385,395p"" (rc=0) -> kw_float 对缺键与解析失败走同一 return def",DATA-001,缺值/解析失败/合法值三者不可辨（UNIFIED_MODEL §2 字段一义）,引入 has_*/invalid 判别位或 NaN 哨兵，分离哨兵与合法值域,缺键、非法值、合法 0.0 三者可区分的用例,-,-
M5b-E-04,acs_status 在 common_abi_v1.h 与 abi/status_codes.h 各定义一次，头注所指 tests/abi/run_abi_checks.sh 不存在,OPEN,"timeout 30 ls tests/abi/run_abi_checks.sh -> ls: 无法访问 'tests/abi/run_abi_checks.sh': 没有那个文件或目录 (rc=2)；timeout 30 grep -c ""typedef enum acs_status"" include/astrocs/common_abi_v1.h include/astrocs/abi/status_codes.h -> rc=0: 1 / 1；timeout 30 grep -n run_abi_checks.sh include/astrocs/abi/status_codes.h -> rc=0: :10 …机器检查见 tests/abi/run_abi_checks.sh）:",ARCH-001,头注释悬空引用不存在的机器检查；同名枚举在 legacy 与 abi 两头族各定义一次，语义由 TU 选哪份头决定,补 tests/abi/run_abi_checks.sh 或改注释指向现存检查；两族枚举收敛为单一源,注释所指脚本存在且至少一条能红能绿的检查；acs_status 定义点=1,ENGINEERING_SPEC §4/§8（API 与 ABI 一致、无悬空引用）,-
M8a-G-009,vendored json-schema-validator 目录 10 文件无许可全文、DEPENDENCIES.md 无登记,NOT-APPLICABLE,"timeout 30 ls -d json-schema-validator vendor -> ls: 无法访问 'json-schema-validator': 没有那个文件或目录 / ls: 无法访问 'vendor': 没有那个文件或目录 (rc=2)；timeout 30 find . -maxdepth 3 -name json-schema-validator -not -path ""./.git/*"" -> 0 命中 (rc=0)",ARCH-001,-,-,-,退役记录：缺陷对象目录本轮实测已不存在（ARCH-001 迁移清运对象）；现行权威 ASTROCS_DESIGN §12（发布候选门）+ §7（源码根=lib/algorithms+lib/infrastructure）无该 vendored 通道,台账原判已是 VOID；最新权威下亦不构成独立偏差（若遗留通道被复活或进入分发则重新立案）
V11-N-02,aio_hips.h 结构 8 字段而五份 Python 镜像全 7 字段且无 struct_size,FIXED,"timeout 30 ls lib/infrastructure/aio/tools/ -> rc=0: aio_abi_mirror.py；timeout 30 sed -n '73,75p' lib/infrastructure/aio/include/aio_hips.h -> rc=0: // Python 侧唯一权威镜像: lib/infrastructure/aio/tools/aio_abi_mirror.py / (机器锁 aio_abi_layout_lock 逐字段比对; 禁止在任何脚本里另抄一份 _fields_)；timeout 30 for f in hips_direct_smoke.py v5_snr_precision_roundtrip.py v5_maptile_oracle.py hips_mapping_oracle.py; do grep -n AstroSphereTileView $f; done -> 0 命中（旧镜像改为 import abi）",ARCH-001,-,-,-,修复证据：镜像收敛为单点 aio_abi_mirror.py（含 struct_size/abi_version），四份旧脚本改 import，五份漂移镜像消失,-
V11-N-03,GaiaSpectrumStar Python 侧 3 字段/24B 而 C 侧 5 字段/32B，镜像未同步,OPEN,"timeout 30 sed -n '78,81p' lib/algorithms/platesolve/tools/diag_gaia_psf_projection.py -> rc=0: class GaiaSpectrumStar(ctypes.Structure): _fields_ = [(""ra"", ctypes.c_double), (""dec"", ctypes.c_double), (""magG"", ctypes.c_double)]；timeout 30 grep -n ""flux_min;|flux_mul;"" lib/infrastructure/gaia_xpsd_client/src/gaia_client.h -> rc=0: :64 float flux_min; / :65 float flux_mul;（C 侧 5 字段）",ARCH-001,Python 以 24B 步长解释 C 的 32B 数组：i≥1 星坐标静默错位，无 rc 无告警，PSF-001 归因证据图的产错性质不变,补 flux_min/flux_mul 两字段，或退役该 diag 并在证据条目加「仅第 1 颗星可信」失效声明,ctypes.sizeof(GaiaSpectrumStar)==sizeof(C 结构)==32,ASTROCS_DESIGN §7.3（版本化 C ABI/结构自描述）；ENGINEERING_SPEC §4-3,台账锚 108-111 → 现 78-81
V11-N-06,struct_size 三套互斥语义并存（严格相等拒绝 / ==0 放行 / < 拒绝）,OPEN,"timeout 30 grep -rn ""struct_size != sizeof|struct_size != 0|struct_size <"" lib/infrastructure/aio/src/aio_abi.cpp lib/infrastructure/pipeline/module_loader/secure_loader.c lib/infrastructure/aio/io/fits_core.c lib/infrastructure/aio/io/hips_core.c -> rc=0: aio_abi.cpp:101 if (out->struct_size != sizeof(aio_abi_info_v1) || / fits_core.c:83 if (struct_size != 0 && struct_size != (uint32_t)expect_size) { / secure_loader.c:572 if (api->head.struct_size < sizeof(acs_module_api_v1)) {",ARCH-001,头文件规定的 peer≥self 兼容规则几乎无人用；三种会话入口+装载器按严格相等、runtime/io 按零放行，语义由调用点决定,统一为头文件声明的兼容规则（peer≥self 或严格相等）并在头注登记,三种入口对同一 struct_size 行为一致；负向注入尺寸不匹配 → 一致拒绝,ASTROCS_DESIGN §7.3；ENGINEERING_SPEC §4-3,台账「严格相等 8 处 / ==0 放行 3 处」口径复核成立（本轮抽样 3 处）
V11-N-07,check_abi_boundary.py 的语料与被跨语言/跨 DLL 消费的 8 个公开头 8/8 零交集,OPEN,"timeout 30 sed -n '13,16p' tools/check_abi_boundary.py -> rc=0: HEADERS = [ REPO / ""include/astrocs/common_abi_v1.h"", ] / # 额外扫描 backend/provider 公开头（ARCH-001 迁移后路径）_BACKEND_HOST = REPO / ""lib/infrastructure/benchmark/backend_host""；timeout 30 for h in ipv_api.h aio_hips.h aio_pipeline.h star_detector.h dynamic_psf.h gaia_client.h fits_stream_v1.h aio_abi_v1.h; do grep -c $h tools/check_abi_boundary.py; done -> 8/8 全 0 (rc=1)",ARCH-001,被跨 DLL/跨语言消费的 8 个公开头不在检查语料内，检查对真实 ABI 边界零覆盖,把 8 个头纳入 HEADERS 并支持匿名结构扫描（现正则要求 typedef struct 具名 tag）,改动任一头字段后该检查 rc≠0（能红）,ENGINEERING_SPEC §8（API 文档与 AST 一致、DLL/SO 导出与 ABI 合同一致）；ASTROCS_DESIGN §7.3,-
V11-N-08,aio_abi_info_v1 与 AstroAbiInfo 字段顺序相反；被门检的一份与交付路径实际使用的一份不是同一类型,OPEN,"timeout 30 sed -n '69,72p' include/astrocs/io/aio_abi_v1.h -> rc=0: typedef struct aio_abi_info_v1 { uint32_t struct_size; uint32_t abi_version;（struct_size 在前）；timeout 30 grep -n ""abi_version;|struct_size;"" lib/infrastructure/aio/include/aio_pipeline.h -> rc=0: :84 uint32_t abi_version; / :85 uint32_t struct_size;（顺序相反）",ARCH-001,两份字段顺序相反的握手结构并存；orchestrator 只比 5 项却在日志打印 struct_size，enum_fingerprint 全仓无比较点,收敛为单一握手结构，或声明两者的显式转换关系并纳入门检,交付路径使用的结构与门检结构同型（字段顺序一致）；enum_fingerprint 有比较点,ASTROCS_DESIGN §7.3（每个生产 DAG 节点映射唯一真实 module/DLL/导出入口，结构体带 struct_size/abi_version）,-
V11-N-09,5 个被 ctypes 消费的交付 DLL 无 .def/.map 导出白名单；Gaia 公共 ABI 头仍住 src/,OPEN,timeout 30 find lib providers runtime cli modules -name '*.def' -o -name '*.map' | wc -l -> 10 (rc=0)：全在 calibration/cosmetic/drizzle/hips/noise_snr；timeout 30 ls lib/infrastructure/gaia_xpsd_client/src/gaia_client.h -> rc=0（公共 ABI 头仍在 src/）,ARCH-001,5 个被跨语言消费的目录导出面仍等于 *_EXPORT 全开（无白名单）；公共 ABI 头住 src/ 逃过任何 include/ 面普查,为 5 个 DLL 补 .def/.map 导出白名单；gaia_client.h 移入 include/,改动导出符号后 ABI 检查能红；gaia_client.h 位于 include/ 面,ASTROCS_DESIGN §7.3（每个模块为独立 DLL/SO 且导出入口唯一）；ENGINEERING_SPEC §8,台账 10 个（5 .def + 5 .map）计数复现
V11-N-10,ctypes 镜像漂移 7 处/6 文件/3 结构；6 个漂移文件在 ci/checks.json 全部 0 命中,OPEN,"timeout 30 grep -rn AioHipsSnrPoint --include=*.py lib/ -> rc=0: 单点 aio_abi_mirror.py:61（旧脚本改为 import abi）；timeout 30 sed -n '78,81p' lib/algorithms/platesolve/tools/diag_gaia_psf_projection.py -> rc=0: GaiaSpectrumStar 仍 3 字段（漂移未清零）；timeout 30 grep -n ""aio_abi_layout_lock|aio_abi_mirror"" ci/checks.json -> 0 命中 (rc=1)",ARCH-001,漂移面已从 7 处收窄到 GaiaSpectrumStar 一处，但布局锁未注册为 CI 项 ⇒ 「零采集 ⇒ 必漂」的单向包含关系仍在,修 GaiaSpectrumStar 镜像；把 aio_abi_layout_lock 注册进 ci/checks.json,全仓 ctypes 镜像 sizeof 与 C 头一致且为注册检查；篡改字段后门能红,ENGINEERING_SPEC §8（每项检查能红能绿）；ASTROCS_DESIGN §7.3,S-1/S-2 分母口径已变（include/ 现 23 文件），已按新布局复核
V12-N-01,include/ 全 23 文件无任何科学常数头，1.482602218505602/0.6745/1.253 等散落裸字面量,OPEN,timeout 30 find include -type f | wc -l -> 23 (rc=0)；timeout 30 find include -name '*constant*' -> 0 命中 (rc=0)；timeout 30 grep -rn kLn10 lib/ --include=*.cpp --include=*.h -> rc=0: noise_model.cpp:34（仅 log10↔ln 一项有单点定义）,ARCH-001,科学常数无单点权威头，权威点数=0，架构上无处写对；各域继续裸字面量复制,建 include/astrocs/science/constants_v1.h 并把各域常数改引用,每个冻结常数定义点=1 且被 CI 常数一致性门覆盖（改一处即全局生效）,ENGINEERING_SPEC §3（科学常数不可修改须单点权威）；ASTROCS_DESIGN §11.1,台账 23 文件口径本轮复现
W1-N-05,HpAutoNsideResult 无 struct_size/abi_version（HP_DRIZZLE_API 导出面）,OPEN,"timeout 30 grep -n ""struct_size|abi_version"" lib/algorithms/drizzle/healpix_drizzle/hp_drizzle_api.h -> 0 命中 (rc=1)；timeout 30 grep -n HpAutoNsideResult lib/algorithms/drizzle/healpix_drizzle/hp_drizzle_api.h -> rc=0: :111 } HpAutoNsideResult; / :114 HP_DRIZZLE_API … HpAutoNsideResult* result);",ARCH-001,新边界结构未继承 ASTROCS_DESIGN §7.3 的四件套；DLL 新旧错配无运行期自拒（同 V2-N-01 同类错位复现路径）,为该结构补 struct_size/abi_version 并在导出入门校验尺寸,头内该结构含两字段且入口拒绝尺寸不匹配（负向注入能红）,ASTROCS_DESIGN §7.3（版本化 C ABI，结构体带 struct_size/abi_version）；ENGINEERING_SPEC §4-3,台账对象 lib/healpix_db/healpix_drizzle 已迁 lib/algorithms/drizzle/healpix_drizzle
W5-N-07,acs_status_name_v1 / acs_status_domain_name_v1 只声明无定义（生产 TU 采用即链接失败）,OPEN,"timeout 30 grep -n ""acs_status_name_v1|acs_status_domain_name_v1"" include/astrocs/abi/status_codes.h include/astrocs/abi/lifecycle_v1.h -> rc=0: status_codes.h:210 const char* acs_status_name_v1(acs_status s); / :211 const char* acs_status_domain_name_v1(int32_t domain); / lifecycle_v1.h:236 注释引用；timeout 30 grep -rn acs_status_name_v1 lib include tools tests ci -> rc=0: 仅上列 3 条（全域 0 定义体）",ARCH-001,声明即链接失败：无任何 TU 提供定义体，Python 侧亦无名值映射；同族 artifact 有生产实现、lifecycle 仅测试探针实现、status 全无,补生产实现（与 acs_artifact_status_name_v1 同规），或删除声明,该符号有唯一定义体且被 ABI/悬空引用检查覆盖（改声明即门变红）,ENGINEERING_SPEC §8（删除/重命名无悬空引用）；ASTROCS_DESIGN §11.3（不得以声明冒充实现）,台账行锚 status_codes.h:210-211 复现
W5-N-08,status_str 是第 4 份私有名值表且缺 ACS_ERR_EXCEPTION=10；to_result 域折叠,OPEN,"timeout 30 sed -n '299,320p' lib/infrastructure/scheduler/src/module_adapters.cpp -> rc=0: std::string status_str(acs_status st) { switch (st) { case ACS_OK…ACS_ERR_INTERNAL 共 11 值，default: return ""UNKNOWN("" + std::to_string(static_cast<int>(st)) + "")""; }（无 10）；timeout 30 grep -n ACS_ERR_EXCEPTION include/astrocs/abi/status_codes.h -> rc=0: :164 ACS_ERR_EXCEPTION = 10,   /* DLL 边界捕获内部 C++ 异常并转换 */",ARCH-001,表缺项（10 落 UNKNOWN）+ to_result 把 10/7/9 折叠到 INTERNAL，语义由 TU 选哪份头决定；与统一状态码要求冲突,名值表改用 abi/status_codes.h 单源（含 10），to_result 补 10/7/9 的域映射,表覆盖 status_codes.h 全部枚举值；负向注入 10 → 非 UNKNOWN 且域正确,ASTROCS_DESIGN §7.3（ABI 边界语义唯一）；ENGINEERING_SPEC §9（统一状态码传播）,台账行锚 :299-315/:317-329 复现
M2a-B-3,"hp_drizzle_api.h 两处对 pixfrac 定义域互斥(0.0~1.0 与 (0,1])，pixfrac=0.0 可过 API validate 而在引擎层才被拒",OPEN,"timeout 20 grep -n pixfrac lib/algorithms/drizzle/src/module_entry.cpp rc=0 -> 306:double pixfrac; /* [0,1] (DISP-DRZ-003 口径, 不改语义) */ / 356:if(!isfinite(pixfrac)||pixfrac<0.0||pixfrac>1.0){（0.0 通过）；timeout 20 grep -n pixfrac lib/algorithms/drizzle/healpix_drizzle/hp_drizzle_api.h rc=0 -> 37:// pixfrac: 像素收缩因子 (0.0~1.0, 默认 1.0) / 126:double pixfrac; // source leaf 球面收缩 (0, 1]；timeout 20 grep -n pixfrac docs/science/DRIZZLE.md rc=0 -> 31:0<pixfrac<=1 否则 NO_DATA；143:有效域 (0,1]，非法值显式 NO_DATA，不静默夹逼",CFG-001,"接口层注释/校验用 [0,1]，引擎与 SCI 用 (0,1]，拒绝时机被推迟到引擎层（fail-late）；偏差已登记为 DISP-DRZ-003（PUBLIC_API.md:264 亦自认）但代码未改","模块入口校验改 pixfrac<=0 即拒（NO_DATA），统一 hp_drizzle_api.h:37/126 与 types.h 注释为 (0,1]",negative 用例 pixfrac=0.0 在 validate/plan 阶段即返回 NO_DATA；三处定义域文本逐字一致,docs/science/DRIZZLE.md §4:31/§9a:143（SCI 冻结）；ENGINEERING_SPEC §3 科学代码红线,"目标 lib/drizzle → lib/algorithms/drizzle；module_entry.cpp:355 的 API-DRZ-001 锚已改为「契约只约束 (0,1])」"
M2a-C-6,两入口缺键默认分裂：编排 json_config.h/stage1.template.json 用 0.8，DLL module_entry.cpp/module_adapters.cpp 用 1.0，且 0.8 无权威数值出处,OPEN,"timeout 20 grep -n pixfrac lib/infrastructure/pipeline/orchestrator/cpp/include/json_config.h lib/infrastructure/pipeline/orchestrator/configs/stage1.template.json lib/infrastructure/scheduler/src/module_adapters.cpp rc=0 -> json_config.h:67:double pixfrac=0.8; // (0,1] / stage1.template.json:41:""pixfrac"": 0.8, / module_adapters.cpp:2967:p1_num(dj,""pixfrac"",1.0)；timeout 20 grep -n pixfrac lib/algorithms/drizzle/src/module_entry.cpp rc=0 -> 355:if(!found) pixfrac=1.0；timeout 20 sed -n ""448,466p"" config/defaults.json rc=0 -> key=drizzle.pixfrac value=null authority_status=pending_authority pending_task=SCI-RES-01/R-005（GAP-024）",CFG-001,同一配置项在两个入口各自定义缺键默认且数值不同（0.8 vs 1.0）；科学默认值来源空缺已由 config/defaults.json 以 pending_authority 占位承认但未收口,以 config/defaults.json 为唯一数值源生成两入口默认；默认值经 R-005 定权威或显式标 pending_authority 并在两岸同步,config 校验门断言 code 内不出现 pixfrac 字面量默认（除生成物）；两入口同缺键场景输出一致（oracle 对拍）,ENGINEERING_SPEC §3 默认容差不可编造/ASTROCS_DESIGN §3.3 从 config/defaults.json 读取,module_entry.cpp 的 API-DRZ-001 锚注释已改；PUBLIC_API.md API-DRZ-001 节(:207-262)确无默认值条款
M3-C-009,orchestrator 的 dark_opt/dark_k 为常量，Stage1Config 仍接受 mode/fallback/light_exposure_s/dark_exposure_s 但校准恒走 standard 分支,OPEN,timeout 20 grep -n -e dark_opt -e dark_k lib/infrastructure/pipeline/orchestrator/cpp/src/orchestrator.cpp rc=0 -> 957:int dark_opt=0; 958:double dark_k=1.0; 1162/1170/1174/1268 只读（记录/传参/kv_set），无按配置分支；timeout 20 grep -n -e mode -e fallback lib/infrastructure/pipeline/orchestrator/cpp/include/json_config.h rc=0 -> 35-38 mode/light_exposure_s/dark_exposure_s/fallback 字段仍在（接受但无消费分支）,CFG-001,A 线编排入口把暴露的配置键与恒定分支解耦：dark_opt/dark_k 是常量、曝光键仅告警比较，IR 通道已有 dark_optimization 与 k 推导（module_adapters.cpp:1280-1306）→ 两通道语义不一致,删除或接通 A 线 dark 配置分支（与 IR 通道同源）；未接通前把键标为 NOT_IMPLEMENTED 并按 §12 明确报告,配置键要么有消费分支与 oracle，要么在 schema/文档标 NOT_IMPLEMENTED 且机器检查可判（键=实现态一致）,ASTROCS_DESIGN §3.3 运行 JSON 只写必要参数；ENGINEERING_SPEC §8 活动文档无陈旧状态,台账 :957-974 与现行 :957-958 同址；json_config.h 哈希 d3147c6fd848 一致
M3b-C-05,star_detection 的结构图五字段全仓无读取点（仅默认值与声明），且 sdet_detector.cpp 硬编码 clip/max_rounds 3.0f/3 与默认 9.0f/5 并存,OPEN,"timeout 20 grep -rn -e structureLayers -e iterativeClipSigma -e iterativeMaxRounds -e medianFilterDetail lib/algorithms/star_detection rc=0 -> 生产侧仅 sdet_api.cpp:1005-1009 默认赋值、include/star_detector.h:18-22 声明；其余为 tests/module.yaml/README；timeout 20 sed -n ""18,36p"" lib/algorithms/star_detection/src/sdet_detector.cpp rc=0 -> 31:sdet_dynamic_regional_background(s1,smap.data(),w,h,100,20,20,4,3.0f,3,16)（clip=3.0f/max_rounds=3 硬编码）",CFG-001,ALG/module.yaml 宣称的消费路径不存在（4 字段零读取），默认值与生产硬编码两套值并存 → 声明与实现脱钩,删除未消费字段或接通；硬编码处改从参数/默认值单源取,参数或删或通：机器检查断言 Params 字段均有读取点（生产 TU 内非默认赋值）,ENGINEERING_SPEC §3 默认参数不可修改/§8 活动文档无历史状态冒充,台账路径 lib/star_detector → lib/algorithms/star_detection；:31 行号未漂移
FD-F-003,旧宪章 §15.3/§15.4/§17.10/§12.3-4；AGENTS 旧状态机 waiver 唯一入口,OPEN,timeout 30 grep -c 'tests=' tools/quality/ci_windows_driver.py → rc=1 输出 0；grep -n junit 同文件 → rc=0 仅 :26 test: ctest --preset win-rel --output-junit <junit> 与 :356 追加 --output-junit，无「用例数>0」断言；ls run/ci_domain_merge/gh_artifact_327b6c30/windows/run/ci/win-test-junit.xml → rc=2 不存在,CI-001,win 测试阶段只落 JUnit 不解析用例数，tests=0 仍可判 PASS；台账的 junit 样本已随旧世代证据树删除,解析 JUnit testcase 计数并断言 tests>0；junit 与 CI_RESULT 的 pass/fail 数量互校,注入空 JUnit（0 testcase）⇒ WIN-TEST-UNIT 判红,-,台账证据路径已失效，本轮改以执行器源码取证（行号漂移 :103-106 → :78/:356）
FD-G-002,旧宪章 §12.3-10/§14.5；旧 AGENTS 目录规范末段,FIXED,"timeout 30 python3 -c ""import json;kf=json.load(open('ci/known_failures.json'));print([f['check_id'] for f in kf['failures']]);print([(r['check_id'],r['removed_utc']) for r in kf.get('removals',[])])"" → rc=0 输出 ['p1_noise_adapter'] 与 [('UT-CLI','2026-09-14T04:31:22Z')]",CI-001,-,-,-,修复证据=台账所述现状逐字复现：failures 仅 1 条、UT-CLI 已在 removals 显式登记移除，waivable=false 与 expected=fail 的矛盾对消失,台账原判=RESOLVED，本轮复核维持；对象哈希未变
FD-G-003,旧宪章 §12.2 注释溯源 + 旧 145 项注册表；known_failures contract.excluded_by_policy,CRITERION-WRONG,"timeout 30 python3 -c ""import json;kf=json.load(open('ci/known_failures.json'));print(json.dumps(kf['contract'].get('excluded_by_policy'),ensure_ascii=False))"" → rc=0，字段仍为「P0/P1、Windows build/test/package、manifest/hash、真实数据完整性不可 waiver…不得登记进基线，须由域主修复」",CI-001,-,-,-,为什么错=判据是旧宪章 §12.2 与旧 145 项注册表时点，该权威已不在现行链（ASTROCS_DESIGN §0 链）；正确口径=该字段是「不可豁免清单」声明，与 docs/ci/01_CHECKS.md §1/§3（P0 红灯无 waiver）+ CONTROL_PACK_SPEC §7.3 一致，不构成待整改偏差；依据=docs/ci/01_CHECKS.md:129-135 与当前字段原文,台账原判=VOID，本轮维持非缺陷；不再按原处方整改
FD-G-004,旧宪章 §10.2/§10.3/§12.3-10/§15.4；豁免须单一事实源,FIXED,"timeout 30 ls -l ci/exemptions.json → rc=0（1091B）；python3 读出 {""high_water"":{""max_entries"":0},""exemptions"":[]}；注册表 UT-CPU-AVX512/BASELINE/DISPATCH/AVX2 四项 waivable=False；timeout 120 python3 ci/validate_registry.py --registry ci/checks.json --strict → rc=0 verdict PASS（R14 强制 exemptions.json 存在）",CI-001,-,-,-,修复证据=权威指定的单一豁免面已建立且被 R14 机器强制，与注册表 waivable=false 一致；台账「豁免语义无单一事实源」三条腿全部不成立,台账 evidence/ 下 23 份 SKIPPED(waivable) 样本随旧世代证据树删除（ENGINEERING_SPEC §7 禁根下 evidence/）
M2a-G-1,旧宪章 §12.3/§17.1；STD-REG-001 §5 自述,FIXED,"python3 读 ci/checks.json → STD-REG 门 profiles=['fast','linux-main','windows-main'] waivable=False steps=['STD-REG','STD-REG-FI-DANGLING','STD-REG-FI-VERSION-DRIFT']；timeout 120 python3 ci/validate_registry.py --registry ci/checks.json --strict → rc=0 PASS",CI-001,-,-,-,修复证据=检查器本体已进唯一注册表并有机器执行面（含 2 个 --fault-inject 负例），台账「零 CI 执行面」不成立,残留反向文本漂移：docs/standards/STANDARDS_REGISTRY.md:352 仍写「尚未显式登记该命令」，随文档同步订正
M2b-G-02,STD-REG-001 §5 C1-C7 与 docstring C8；附录B 外部标准锚,FIXED,grep -n -e C8 -e fault-inject docs/standards/checks/check_standards_registry.py → rc=0，:507-515 实现 C8_index_explicit_none_when_no_deviations 且有 FAULT_SCENARIOS；STD-REG 已注册（同上）；grep -rn -i gaia docs/references/SCIENTIFIC_REFERENCES.md → rc=0 命中「Gaia EDR3/DR3 测光与 XP 外部定标」,CI-001,-,-,-,修复证据=docstring 承诺的 C8 已实现并可注入负例；检查器已登记；附录B 指向的 SCIENTIFIC_REFERENCES.md 已含 Gaia 星表锚,同 M2a-G-1 的 §5:352 过期文本
M5a-G-008,旧宪章 §10.1 ACR 生产不可达/§17.5/§12.3-1；tools/check_legacy_exit.py,FIXED,"grep -n -e BINARY_CANDIDATES -e 'bin_path is None' -e fail-closed tools/check_legacy_exit.py → rc=0：:35 BINARY_CANDIDATES=('build/root-cmake/astrocs','build/astrocs','build/cli/astrocs')，:87-90 未找到二进制即 errors.append(...fail-closed 判 FAIL)；sed -n 30,140p 同文件确认判据已不在 if exists 内",CI-001,-,-,-,修复证据=路径不再写死 build/root-cmake，缺二进制改判红（GAP-027 fail-closed），台账「恒走无二进制分支仍 PASS」不成立,副作用提示：CI 不产 build/astrocs 时 ACR-DORMANT 现判红（符合 fail-closed），生产树路径集合需与 ci/steps 对齐
M5a-G-009,旧宪章 §12.3/§10.2；ARCH-BACKEND-001 §2/§3,OPEN,"grep -n -e nm -e avx2_lib -e selftest tools/quality/check_isa_leak.py → rc=0：:101 if avx2_lib is not None and avx2_lib.is_file()，nm 仅出现在 docstring:11（代码内 nm/link-map 零实现）；注册表 step ISA-LEAK-SELFTEST command 仍为 ['python3','tools/quality/check_isa_leak.py','--selftest']",CI-001,provider 侧断言以「库存在」为前提，缺参静默跳过；交付二进制从未被看，真实判定模式无注册 step,check() 对 --avx2-lib/--avx512-lib 缺失判红；新增真形态 step（--binary/--avx2-lib）并保留 --selftest 作负例面,缺 provider 库或 --binary 缺失时 ISA-LEAK 判红（可注入负例）,-,文件仍 172 行，与台账同构
M5b-C-01,旧宪章 §12.3-4/§13.1/§13.2/§13.4；docs/contracts/API-001.md:61,OPEN,"timeout 30 python3 csv 统计 docs/contracts/API_CONTRACTS.csv → rc=0：total_rows 382、API_rows 382、rows_with_TST-GEN-001 356；timeout 30 grep -rn TST-GEN-001 tests/ docs/traceability/ → rc=1 零命中；grep -n required tools/quality/contracts/check_api_contracts.py → :49 required=[symbol,full_signature,header,linkage]",CI-001,356 行共用占位测试 ID，该 ID 在任何测试面零定义，status=VERIFIED 指向未定义 ID；注册检查器 required 不含测试 ID 列,为 TST-GEN-001 建真实宿主或逐行改写测试 ID；check_api_contracts 增 test id 列并校验 tests/ 命中,注入未定义 TST ID ⇒ API-DOCS 判红,-,数字与台账一致（382/356）；tests/ 与 docs/traceability/ 零命中本轮复现
M5b-F-01,旧宪章 §12.3-4/§14.4/§17-7；CI 控制面回归,OPEN,timeout 60 python3 统计 ci/tests → rc=0：test_*.py 21 个、-p test_ci001b_*.py 命中 2 个（test_ci001b_wf_step.py、test_ci001b_binding.py）、383 个 test def 仅 33 进采集面；注册表 step CI-BINDING-TESTS command 仍为 discover -s ci/tests -t ci/tests -p test_ci001b_*.py,CI-001,CI 控制面（注册表/waiver/绑定/负例守卫）仅 2/21 文件进任何 profile，test_ci001_failclosed.py 等不执行,扩 pattern 至 test_*.py 或按文件多 step 登记；保留 --self-test 负例,CI 控制面测试全量采集；discover 采集 0 用例时判红（R11）,-,def 数由台账 379 漂到 383（同期新增）
M5b-G-02,旧宪章 §17-2/§12.3-3/-4/-9/§1.1；TRACEABILITY_SPEC:23-24,OPEN,"grep -n -e 'return 0' -e 'REV =' tools/quality/check_traceability.py → rc=0：:159 return 0、:40 REV=os.path.join(ROOT,'reports','v19r2')；python3 读注册表 → step TRACEABILITY mutates=True waivable=False outputs=['reports/v19r2/evidence/quality/traceability_check.json']",CI-001,TRACEABILITY 门末行无条件 return 0（waivable=false 却不可能红），且仍写受跟踪 reports/ 路径；TRACEABILITY-MATRIX 注册命令无 --strict,退出码按 errors 决定；输出改 run/；把 --strict 纳入 TRACEABILITY-MATRIX 注册命令,注入断链 ⇒ TRACEABILITY 判红,-,TRACEABILITY-CODE（tools/check_traceability.py）已按 GAP-032 于 docs/ci/01_CHECKS.md §2.1 退役（147→146），本行残留对象仅为 tools/quality/check_traceability.py
M5b-G-03,旧宪章 §12.3-5 AST 提取须与 API 文档一致,OPEN,grep -n -e ast_names -e nparams -e PUBLIC_API -e API_CONTRACTS tools/check_ast_api.py → rc=0：:59 ast_names=set(re.findall(...ast dump))、:61 if name not in ast_names；PUBLIC_API/API_CONTRACTS 命中 0（grep -c rc=1）,CI-001,判据是同头文件正则声明名 ⊆ 同头文件 AST 名集（恒真），nparams 提取后未参与比较，零引用 API 文档,改为 AST ↔ docs/contracts 公共 API 文档双向比对，nparams 参与断言,注入文档与 AST 参数个数不一致 ⇒ CHK-ABI 下 AST-API 判红,-,文件 71 行与台账同构
M5b-G-08,旧 AGENTS 治理要素映射表；check_agents_gov.py REQUIRED 十组字符串,FIXED,"timeout 120 python3 tools/check_agents_gov.py --quiet → rc=0；sed -n 1,40p 同文件 → docstring 已改为「GOV-001 语义检查器」；grep -n -e REQUIRED -e FORBIDDEN 同文件 → 无十组硬编码（仅 FAMILY_FORBIDDEN 等语义族与 --self-test 说明）",CI-001,-,-,-,修复证据=检查器按语义族重写并本地实跑 rc=0，台账「硬编码旧 AGENTS.md 十字符串 + 当前 rc=1 与 P0 门冲突」不成立,旧 FORBIDDEN=[] 字面量整体消失；--self-test 未在本轮复跑故不写入证据
M5b-G-10,旧宪章 §17-5/§10.1/§14.5（外部命令带 timeout）/§12.3；ACR dormant 证明,OPEN,"grep -n -e root-cmake -e bin_path -e fail-closed tools/check_legacy_exit.py → rc=0 :35 三候选、:87-90 缺二进制 fail-closed（两腿已修）；sed -n 52,58p 同文件 → :56 proc = subprocess.run([""nm"", str(bin_path)], capture_output=True, text=True) 无 timeout 参数",CI-001,残留「外部命令不带 timeout」：nm 子进程无超时，挂起/无响应无法判红；另两条腿（缺二进制静默 PASS、源码面只 glob lib/phase2/src）已按 GAP-027 与 ARCH-001 修好,binary_symbols 的 subprocess.run 增 timeout 参数并纳入 fail-closed（超时即 errors）,nm 挂起或超时 ⇒ 判红而非挂死（可注入桩复核）,-,台账三条腿中两条已修，本行仅因 timeout 腿判 OPEN；同一文件在 M5a-G-008/W6-N-08 的主缺陷已判 FIXED
M5b-G-11,旧宪章 §10.5/§17-6/§10.4/§14.2/§12.3-4；线程预算,OPEN,"grep -c gate-required ci/checks.json → rc=0 输出 1（RESOURCE-GATE-REAL 已显式请求判定，该腿已修）；sed -n 15,32p tools/check_serial_hardcode.py → PROD_FILES 14 项不含 providers；grep -n R7 ci/validate_registry.py → :20「R7 heavy=true 的项 requires_monitor=true」（仅反向规则）",CI-001,静态硬编码扫描面未覆盖 providers/**（ISA provider 侧 workers=1 不可见）；重计算分类仍只有 heavy→monitor 反向规则,PROD_FILES 增补 providers/（或复用 check_thread_budget 的 SCAN_ROOTS）；R7 增补正向要求,在 providers 注入 workers=1 ⇒ SERIAL-HARDCODE 判红,-,台账「零 --gate-required」一腿已由 CI-003 修复（RESOURCE-GATE-REAL 注册 P0）
M5b-G-12,旧宪章 §17.6/§10.4/§10.5/§12.3-8；串行 heavy 门,OPEN,grep -n -e P2_ENABLE_OPENMP -e fopenmp -e ALLOWLIST tools/quality/check_serial_heavy.py → rc=0：:58-59 四条件 AND；grep -n fopenmp CMakeLists.txt → rc=0：:372 target_compile_options(astrocs_aio PRIVATE -fopenmp)、:410 astrocs_calibration,CI-001,根 CMake 已含 -fopenmp ⇒ 四条件 AND 恒假（结构式 fail-open）；ALLOWLIST 定义后从不被 scan 引用,逐 cpu_heavy 节点核对实现与编译 target，删除恒假 AND，启用 ALLOWLIST,注入串行 single-thread 实现 ⇒ NO-SERIAL-HEAVY 判红,-,文件 189 行；台账锚 58-60 漂到 58-59
M5b-G-13,旧宪章 §8.6 C ABI 边界/§12.3-6；tools/check_abi_boundary.py,OPEN,"grep -n -e BOUNDARY_ONLY -e HEADERS -e struct_size -e CPU-001_PASS tools/check_abi_boundary.py → rc=0：:50 BOUNDARY_ONLY=[include/astrocs/common_abi_v1.h]、:35 if f""struct_size"" not in abi（取整文件文本）、:62 PASS 文案按 len(HEADERS)",CI-001,模块化 ABI 头族与 provider 头不在扫描范围（HEADERS 收集后未进 :51 循环），struct_size 判据是死分支，PASS 文案虚报覆盖头数,扫描 include/astrocs/abi 全族与各模块 ABI 头；struct_size 按结构体块判定,移除某结构体 struct_size ⇒ ABI-BOUNDARY 判红,-,机械信号签名桶 some(0.4) 与台账一致
M5b-G-14,旧宪章 §12.3-6/§8.4/§17-3；模块 DLL/SO 独立可加载,OPEN,"grep -n -e exports -e EXPORTS -e readelf tools/quality/ci_windows_driver.py → rc=0：:615 run_step([dumpbin,'/EXPORTS',...])、:622 ok = res['exit_code'] == 0 and bool(exports)；tools 内 readelf 零命中（Linux 侧无导出符号检查）",CI-001,唯一导出符号门只判「符号表非空」且仅 Windows hosted 面；5 个科学模块 DLL/SO 与 Linux 面零覆盖,断言导出名集合（acs_artifact_* 等）而非非空；Linux 侧加 readelf 等价断言,导出名缺失/多余 ⇒ CHK-ABI 判红,-,行号 585-589 → 587 附近
M5b-I-05,旧宪章 §12.3-9/-10、§15.4；CI 元文档与注册表脱节,OPEN,"grep -n '70 项' ci/INVENTORY_REPORT.md → rc=0：:6「ci/checks.json（70 项）」、:23「（ci/checks.json 共 70 项）」、:36「70 项的 command[0]…」；python3 读注册表 → 42 gates/138 steps；grep -n launch ci/impact_map.json → :603 ""launch/**""（真实路径 packaging/launch，ls -d packaging/launch rc=0）",CI-001,CI 元文档规模计数与失效触发前缀未随注册表换代回写,INVENTORY_REPORT 改机器生成或标注时点；impact_map 前缀改 packaging/launch,CHK-REGISTRY-DOC-SYNC 扩到 INVENTORY_REPORT 计数与 impact_map 触发前缀存在性,-,台账 145 项时点 → 现 42 聚合项（方向一致）
M6a-G-001,旧宪章 §12.2/§12.3-10/§17.6；注释陈旧轮次,OPEN,"grep -n -e STALE_PATTERNS -e V19R2 -e 冻结 -e 're.S' -e ratio tools/quality/contracts/check_comments.py → rc=0：:34 re.findall(r'//.*|/\*.*?\*/', text, re.S)、:37-39 V19R2/V19R3 且含「冻结」整文件豁免、:52 coverage ratio 1.0 mode full",CI-001,判定仍只剩 V19R2/V19R3 两字面量且被「冻结」抑制；扫描面缺 .c/cli/runtime/include，coverage 恒 1.0,用 STALE_PATTERNS 全表 + 行级豁免；扫描面补齐；coverage 用真实分母,注入 V20R1 陈旧轮次注释 ⇒ CHK-STALE-DOC 下 CON-COMMENTS 判红,-,STALE_PATTERNS 仍只有 :9-10 定义行（零引用）
M6a-I-003,旧宪章 §17/§16.2/§12.3-12；AGENTS 外部命令纪律,FIXED,"timeout 60 python3 -B -c ""import unittest;print(unittest.TestLoader().discover('tests/abi',pattern='test*.py',top_level_dir='tests/abi').countTestCases())"" → rc=0 collected=22；grep -n 'class TestSecureLoaderAcceptance' tests/abi/test_secure_loader.py → rc=0 :509；grep -c unittest.TestCase 同文件 → 1",CI-001,-,-,-,修复证据=被点名脚本已包装为 unittest TestCase，UT-ABI 的 discover 命令实测采集 22 例（原 0），台账「CI 面收集不到用例」不成立,台账原判=RESOLVED，本轮复核维持
M6b-E-002,规程 §2 锚是断言；旧宪章 §12.3-9,OPEN,"timeout 30 python3 -c ""import json;c=json.load(open('docs/algorithms/anchors/anchor_contract.json',encoding='utf-8'));print(c['doc_globs'],len(c['bindings']),len(c['resolvers']))"" → rc=0：['docs/science/*.md','docs/algorithms/*.md'] 41 13；sed -n 18p docs/algorithms/anchors/ANCHOR_CONTRACT.md → rc=0「现行规模：36 文档 / 793 锚（其中 784 为源码/文档目标锚，9 条为登记豁免）」",CI-001,锚门作用域仅 science+algorithms 两 glob，docs/architecture 与 docs/owner 的漂移锚无判据；绑定 41 条为整条通过口径,doc_globs 扩到 docs/**（或按目录分别登记）；锚失效按目录分桶逐条可红,在 docs/architecture 注入失锚 ⇒ DOC-LINE-ANCHORS 判红,-,行号漂移，原文逐字在位
M6b-E-004,旧宪章 §12.3-9/-1/-2；悬空规范文档名,OPEN,timeout 30 python3 glob → rc=0：02_FROZEN_STAGE1_HISS_SPEC、00_COMMON_CONTRACTS.md、SNR_SCIENCE_DERIVATION.md、SNR_REDESIGN_CONTRACT.md 四族在 lib/docs/cli/include/tools/tests 下 0 文件；grep -rl 02_FROZEN_STAGE1_HISS_SPEC lib docs include tools → rc=0 13 个引用文件（例 lib/infrastructure/aio/src/hiss_stream_writer.cpp:5「规范依据: 02_FROZEN_STAGE1_HISS_SPEC.md §14」）,CI-001,真源注释把已删除控制包文档当权威依据，无悬空引用门覆盖代码注释面,改指现行 docs/science 或标注历史溯源；CHK-DANGLING 增「注释中的规范路径须存在」判据,注入悬空规范路径注释 ⇒ CHK-DANGLING 判红,-,台账 grep -m1 取样与全量引用并存（远多于 1 处）
M6b-E-005,旧宪章 §12.3 总则/§16.1；TRACEABILITY_SPEC 契约,OPEN,grep -n -e 必填层 -e schemas -e 'rows=' docs/traceability/TRACEABILITY_SPEC.md → rc=0：:20 schemas/traceability_matrix.schema.json、:30「展成 8 个必填层」、:159 PASS 行须含 rows=；ls -d schemas → rc=2 不存在；grep -c 'rows=' tools/traceability/check_traceability_matrix.py → rc=1 输出 0,CI-001,规范引根级 schemas/ 悬空、8 必填层与层表 9 行不一致、PASS 契约字段 rows= 未实现,路径改 contracts/schemas/；层数口径统一；checker PASS 行补 rows=,checker PASS 输出与 SPEC:159 逐字一致,-,唯一性互斥半订正仍在
M6b-G-001,旧宪章 §12.3-1/-4/§13.1/§17.2；TRACEABILITY_SPEC §5/§7,OPEN,"timeout 30 python3 读 docs/traceability/TRACEABILITY_MATRIX.json → rc=0：rows 30、test_VERIFIED 22、evidence_VERIFIED 7、evidence_path_all_None True；grep -n 'if layer in' tools/traceability/check_traceability_matrix.py → :263 if layer in (""MOD"",""SRC"",""TEST"")",CI-001,C7 对 MOD/SRC/TEST 直接 continue，schema 无 evidence_path 列，7 条 EVIDENCE=VERIFIED 无路径,schema 增 evidence_path 并做存在性/采集面校验；C7 覆盖 EVID,EVIDENCE=VERIFIED 无路径 ⇒ TRACEABILITY-MATRIX 判红,-,evidence_VERIFIED 由台账 6 增至 7（缺口扩大）
M6b-G-004,旧宪章 §12.3/§13.2/§14.5/§17.2/§17.10,OPEN,"grep -n 'return 0' tools/quality/check_traceability.py → rc=0 :159；sed -n 36,46p tools/quality/contracts/check_test_contracts.py → rc=0 :40-42 synthetic_gate 伞形豁免；python3 读注册表 → TRACEABILITY-MATRIX changed_paths=['schemas/traceability_matrix.schema.json','docs/**','evidence/**']（不含 lib/cli/tests，两路径已不存在）",CI-001,追溯门不可红 + changed_paths 指向不存在面 + 伞形豁免,退出码按 errors；changed_paths 改真实路径并覆盖 lib/cli/tests；删伞形豁免,改 lib/ 下追溯相关文件能触发 TRACEABILITY-MATRIX 复跑；注入断链判红,-,台账 DEFAULT_TABLES 腿随 TRACEABILITY-CODE 退役消失（tools/check_traceability.py 已无默认输入常量）
M6b-G-005,旧宪章 §12.3 全条/§17.2/§17.10；引用完整性门,OPEN,"grep -n module_index tools/quality/check_pipeline_graph.py → rc=0 仅 :40 形参、:153/:159 main 载入、:168 记录，compare 函数体（:40-80 已读）零引用；注册表 step PRODUCTION-GRAPH command=['python3','tools/quality/check_pipeline_graph.py','--selftest']",CI-001,module_index 真值比对未实现；条款/引用有效性只跑自检形态,实现 module_index 比对并注册真形态（--ir/--module-index/--trace）,注入模块注册表不一致 ⇒ PRODUCTION-GRAPH 判红,-,「悬空引用门零实现」一腿已由 CHK-DANGLING（CON-DOC-SYMBOLS/DOC-INDEX，P1）承接
M6b-G-006,旧宪章 §12.1/§12.2/§12.3/§17.2；活动文档无陈旧状态,OPEN,"timeout 30 python3+yaml 解析 docs/DOCUMENT_INDEX.yaml → rc=0：entries 333 {ACTIVE_NORMATIVE 222, ACTIVE_INFORMATIVE 61, GENERATED 17, ARCHIVED_NON_NORMATIVE 33}；不在符号门五目录（algorithms/science/modules/ci/plugins）内 169 条（例 AGENTS.md、DEPENDENCIES.md、docs/DEVELOPER_GUIDE.md）",CI-001,内容级门作用域未覆盖 docs/owner、docs/standards、docs/traceability 等，索引自述未限定作用域,明确索引覆盖与门覆盖差集登记，或把 STALE-DOC/DANGLING 面扩到全部 active 条目,在 docs/owner 注入陈旧版本号 ⇒ 有门判红,-,台账 305/190/50 为旧时点，现 333/222/169
M6b-I-003,旧宪章 §12.3-1/-10/§12.2；数字须可核,OPEN,"sed -n 127,132p docs/ARCHITECTURE.md → rc=0 :131「docs/TRACEABILITY.csv(76 行…)」:132「docs/modules/*.md(13 份 L5)」；wc -l docs/TRACEABILITY.csv → 64（63 数据行）；ls docs/modules/*.md | wc -l → 23；ls docs/TRACEABILITY_family.json → rc=2 不存在；grep -n schemas/ CHANGELOG.md → rc=2 文件不存在",CI-001,活动文档统计字面量无机器门校验，长期漂移,统计值改生成器注入或新增「文档统计值 vs 实测值」门（CHK-STALE-DOC 扩展）,注入 76 vs 63 不符 ⇒ CHK-STALE-DOC 判红,-,台账 5 项中 family.json 与 CHANGELOG.md 两对象已不存在（CHANGELOG 已删）
M7-G-104,旧宪章 §12.3-4/§13.1；独立 Oracle,OPEN,git ls-files 命中 lib/algorithms/shared/healpix/tests/test_healpix_oracle.cpp；git grep -n test_healpix_oracle -- '*CMakeLists.txt' → rc=0 仅 tests/unit/CMakeLists.txt:634-635（注释 + healpix_neighbors_test），无 oracle 目标；find lib -name oracle.jsonl | wc -l → 0,CI-001,Oracle 源在盘但不在任何 CTest 执行面，真值文件缺失,注册 oracle 测试目标并补真值生成器,目标进 ctest -N 且能红能绿,-,归集条性质，本轮以实例 1 取证
M8-F-001,旧宪章 §12.3-4/§13.1/§18.4；UT-ABI 永不失败,FIXED,timeout 60 python3 -B -c unittest discover tests/abi → rc=0 collected=22；grep -c unittest.TestCase tests/abi/test_secure_loader.py → 1；grep -n R11 ci/validate_registry.py → rc=0 :29/:88-138「discover 目录采集用例数必须>0 且直跑脚本须被包装」,CI-001,-,-,-,修复证据=包装脚本均 TestCase 且 UT-ABI 实测采集 22 例（原 0），R11 已把「0 用例入口」机器化,台账原判=RESOLVED，本轮复核维持；README 的 36/36 字样归 DOC 域
M8-F-004,旧宪章 §12.3-4/§13.2/§1.1/§17.10；证据链断点,OPEN,grep -n -e path_exists -e EVIDENCE docs/standards/checks/check_standards_registry.py → rc=0：:316 def path_exists、:393-394 EVIDENCE 仅做存在性校验；STD-REG 门已注册（本轮 python3 读 checks.json 证实），validate_registry --strict rc=0 PASS,CI-001,C4 证据判据只验 path_exists，无「证据须被 ci/checks.json/ctest_baseline/discover 采集面消费」规则 ⇒ 仍可以未执行测试源作 EVIDENCE,C4 增证据登记面校验（EVIDENCE 须被注册表或采集面消费）,把 EVIDENCE 指向未注册测试源 ⇒ STD-REG 判红,-,台账「判定器在 ci/ 内零注册 rc=1」一腿已修（STD-REG 已注册）
M8-F-005,旧宪章 §13.1/§13.2/§12.3-4/§14.4；可复用验证面,OPEN,"sed -n 1,30p tools/quality/check_ctest_registration.py → rc=0：C1 只解析 add_test(NAME) 目标、C3 判未覆盖目标、C4 反向陈旧注册、C5 基线漂移、C6 防未真跑；契约中无「磁盘测试源未注册」规则",CI-001,注册门是「已注册目标是否登记」的子集判定，存在但从未注册的测试源永久隐形,增加「磁盘 TU 源 → 构建目标」反向闭包，或按 basename 在 CMake/CI 配置面强制命中,新增未注册测试源 ⇒ CHK-MODULE-MANIFEST 判红,-,台账「28/29 drizzle cpp 零命中」本轮未逐文件复算，仅复核契约面无该规则
M8-F-007,旧宪章 §10.5/§18.2/§12.3-4/§13.1；恒真断言,OPEN,grep -rn -F '|| true' tests/ --include=*.cpp → rc=0 4 处，含 tests/unit/p1_resource_test.cpp:78 CHECK(evaluate_gate(g) == astrocs::GateDiag::Ok || true) 与 tests/unit/p1_hips_writer_test.cpp:90 CHECK(tile.find(...) != std::string::npos || true)；grep -n F-022 tools/quality/known_failures_baseline.py → :912-916 探针仍只查 tests/unit/p3_assembly_test.cpp 的 CHECK(true) 字面串,CI-001,逻辑或 true 使断言恒真；恒真探针覆盖单文件单字面串,去除逻辑或 true 并给出真实期望；探针改为全仓恒真模式扫描,注入恒真 CHECK ⇒ 已知失败基线自检判红,-,p1_hips_writer_test 行号由 89 漂到 90
M8-F-008,旧宪章 §13.1/§14.4/§12.3-4；组名守卫,OPEN,git ls-files 后逐文件判定 run_all_groups 头 → rc=0：11 份 tracked 头中 10 份 NOGUARD（p1cal/p1cos/p1drz/p1noise/p1phot×2/p1psf/p1hips/p1sess/p1wcs），仅 lib/algorithms/star_detection/tests/p1star/p1star_test_main.hpp 含 unknown group 守卫,CI-001,组名不匹配即循环零执行 total_fail=0，仍打印 TESTS PASS 且 rc=0,全部主头补 unknown group fail-fast（回灌 p1star 写法）,传错组名 ⇒ 对应测试 rc!=0,-,台账名单与现树一一对应
M8-F-009,旧宪章 §10.5/§18.2/§13.1/§14.5；期望取自被测对象,OPEN,"grep -n compute_cores_threshold tests/unit/p2_seam_gate_test.cpp → rc=0 :71 g.avg_equivalent_cores = compute_cores_threshold(g) * 1.2（期望取自被测对象）；sed -n 125,165p ci/tests/test_ci001_failclosed.py → rc=0 已由 CI-003 反转为「注册表必须有显式 --gate-required 重计算面（RESOURCE-GATE-REAL）」",CI-001,子事实②自证式阈值输入仍在；子事实③「把零 --gate-required 钉成期望」已按 GATE-FIX-RES 反转修好,p2_seam_gate_test 阈值改用独立 oracle 常量或解析解；保持 CI-003 的正向要求,注入低于阈值的等效核数 ⇒ 资源门判红,-,cpu_monitor_test:74 期望 1.7=0.85×2 已整改（子事实①）
M8-F-013,旧宪章 §13.1/§17.2/§12.3-4/§6.3；冻结常数须绑定验证,OPEN,"grep -rn -e control_median_mc_test -e kcorr_matrix_test --include=CMakeLists.txt . → rc=0 唯一命中 tests/unit/CMakeLists.txt:1387 注释「现行事实: control_median_mc_test / kcorr_matrix_test 属 tracked-but-unbuilt」；sed -n 1,25p lib/algorithms/drizzle/healpix_drizzle/tests/control_median_mc_test.cpp → 编译方式仍是注释里的 g++ 命令",CI-001,k_corr 自产 MC 证据与唯一守护仍是构建孤儿（tracked-but-unbuilt），ctest -N 无这些目标,在 tests/unit 注册四个 MC/回归目标，或显式退役其证据角色,目标进 ctest -N 且能红能绿,-,台账四名中 concurrency_cache_test/variance_propagation_test 连注释命中都没有
M8-G-001,旧宪章 §12.3-4/§13.2/§17.10/§14.4；三方向无门,OPEN,"sed -n 202,232p tools/quality/check_ctest_registration.py → rc=0 collect_real 仍只从 discover_sources + parse_targets(add_test) 出发；grep -n R11 ci/validate_registry.py → rc=0 :88-138 采集零用例已机器化；STD-REG 已注册（python3 读 checks.json 证实）",CI-001,残留「存在但从未注册的测试源」方向无门（CTEST-REGISTRATION 反向闭包缺失）,同 M8-F-005：增加磁盘 TU 源到构建目标的反向闭包,新增未注册测试源 ⇒ CHK-MODULE-MANIFEST 判红,-,台账「三方向全部无门」不再成立：采集零用例（R11）与判定器注册（STD-REG）两腿已闭
M8-G-002,旧宪章 §12.3-4/§14.4/§17.10；全 SKIP 判 PASS,OPEN,"sed -n 1025,1075p ci/run.py → rc=0 :1046-1054 elif not executed and skipped_executed: verdict=PASS（reason「选中检查全部合同化 SKIP」）",CI-001,全合同化 SKIP 无 profile 级有效用例下限即判 PASS,引入有效执行数下限或要求至少一项非 SKIP 真执行；SKIP 须显式登记,全 SKIP 场景 ⇒ 至少判 FAIL(no_effective_execution),-,no_checks_selected 分支 :1057 仍在（台账「0 命中」旧证据已过期）
M8-G-003,旧宪章 §12.3-4/§13.1/§14.5；恒真探针,OPEN,"grep -n -e 'or True' -e 'add(""F-032""' -e 'add(""F-033""' -e 'add(""F-036""' -e 'add(""F-037""' tools/quality/known_failures_baseline.py → rc=0 :996 F-032 判据尾部 or True、:1002/:1028/:1034 F-033/036/037 判据字面 True",CI-001,4 个恒真探针 + F-022 单文件半径；自检仍把恒真计入通过数,删 or True/True 探针并给出可失败判据；自检排除恒真项,注入恒真探针 ⇒ 基线自检判红,-,与台账逐行一致
M8a-F-001,旧宪章 §12.3-1/-10/-12/§13.1；RCR 版本串与回归,OPEN,"timeout 30 grep -rlE '2[.]4[.]7' docs lib tools ci packaging contracts | wc -l → 11；同 pattern 命中行 13；grep -ic rcr ci/checks.json → 0；grep -rE '2[.]4[.]7' tests | wc -l → 0；sed -n 1,25p lib/algorithms/coverage/tools/rcr_oracle_compare.py → 无守卫 from rcr import RCR，CLI 缺省写死 lib/phase2/build/rejection_cli.exe（已迁走的路径）；同轮复跑 rc：grep -rlE 2[.]4[.]7 docs lib tools ci packaging contracts | wc -l → rc=0（文件数 12，读时较首次复跑 +1，疑并发改动）、grep -ic rcr ci/checks.json → rc=1（0 命中）、grep -rE 2[.]4[.]7 tests | wc -l → rc=0（0）、sed -n 1,25p 同脚本 → rc=0",CI-001,RCR oracle 对照仍无 CI 载体与回归，缺省 CLI 指向不存在路径,import 加守卫并在 CI 注册 RCR oracle 对照（可跳但须留痕）；缺省路径改现行构建树,tests/ 出现 2.4.7 回归，或以 --require-rcr 判红,-,脚本已随 ARCH-001 迁到 lib/algorithms/coverage/tools/（台账站点 tools/rcr_oracle_compare.py 已不存在）
M8a-G-004,旧宪章 §12.3-1/-12/§17.11/§14.4；依赖锁/SBOM 接线,OPEN,"grep -c gen_sbom ci/checks.json → 0；grep -c dependency-lock ci/checks.json → 0；grep -c sbom ci/checks.json → 0；sed -n 61,63p DEPENDENCIES.md → 仍以现在时称「机器校验入口：packaging/gen_sbom_input.py --root .」（脚本在位，ls rc=0）",CI-001,依赖锁/SBOM/actions 复验在注册表与 workflow 仍零接线,把 gen_sbom/dependency-lock/verify_actions_lock 注册为 CHK-PACKAGE/CHK-SCHEMA step,注入锁漂移 ⇒ 对应门判红,-,verify_actions_lock 在 checks.json 亦 0 命中
M8a-I-003,旧宪章 §12.2 目录文档；AGENTS 执行纪律；DEPENDENCIES:83,OPEN,"wc -l tools/README.md → 83；sed -n 1,6p → :3「Python 脚本 + JSON 配置驱动的批量操作工具…」；grep -n run_orchestrator tools/README.md → :26/:65/:76（含 build/artifacts 与 msys64 mingw64 PATH 注入）；ls build/artifacts/orchestrator.exe → rc=2 不存在",CI-001,工具 README 仍教用已不存在的 orchestrator.exe 与 FORBIDDEN 的 mingw64 PATH 注入；检查器资产无索引,重写 tools/README 为现行检查器索引，删除 orchestrator/mingw 章节,README 内路径全部存在且无 FORBIDDEN 路径,-,tools 下仅 tools/README.md 与 tools/realdata/README.md
M8a-I-007,旧宪章 §12.3-10/-1；工具可用性口径唯一,OPEN,"sed -n 13,17p ci/INVENTORY_REPORT.md → :15/:20「cmake / gcc / g++ / clang / clang++ / ninja / make / ccache / pytest 全部缺失」；timeout 30 python3 -c 读 ci/toolchain.lock.json → missing_tools=['ccache']；同轮复跑 rc：sed -n 13,17p ci/INVENTORY_REPORT.md → rc=0；python3 -c 读 ci/toolchain.lock.json → rc=0",CI-001,报告仍以现势口吻归因锁「九类工具全缺」，而锁当前仅 ccache 缺失；数据源已刷新、引用方未回写,INVENTORY_REPORT 改为消费 toolchain.lock.json 生成，或标注时点,报告文本与锁 missing_tools 一致（机器比对）,-,锁 generated_utc 未变，报告过期为主因
M9-F-1,旧宪章 §13.1/§13.2/§14.4/§12.3-4/§17.2/§17.10；恶意输入回归未注册,OPEN,git ls-files 命中 4 个 TU（lib/infrastructure/aio/tests/dataflow_fuzz.cpp、test_p0_io_hardening.cpp、io/tests/fits_core_selftest.c、hips_core_selftest.c）；grep -rl 四名 --include=CMakeLists.txt --include=*.cmake（排除 build/run）→ rc=1 零命中；grep -n pipeline_frame_contract_test docs/DEVELOPER_GUIDE.md → :31 仍作证据,CI-001,8 个恶意输入 TU 仍 tracked-but-unregistered（根因按 M8-F-005 反向闭包缺失），5 处文档仍当符合性证据,注册这些 TU 或从证据面移除；按 M8-F-005 建反向闭包,四 TU 进 ctest，或不出现在任何符合性证据,-,引用面 docs/interfaces/io/IO_002:46、PRODUCTION_EXECUTION_INVENTORY.csv:309 同型
V12-N-02,旧宪章 §12.3-3/§13.1；门把截断串在场固化为过门条件,FIXED,"grep -n -e '1.4826022185' -e '0.7316728' -e '0.7316727929211932' tools/docs_machine_consistency.py → rc=0：:349-351 改为要求 PSF 与 noise_model 含全精度串 0.7316727929211932，:58/:74 对 11 位简写用带负向断言的正则（仅约等于语境）；python3 -c ""print('0.7316728' in '0.7316727929211932')"" → False（旧自毁前提已不作过门条件）",CI-001,-,-,-,修复证据=门重写为全精度口径 + 简写上下文正则，「PSF.md 按统一精度订正反而变红」的判据消失,残留：该门仍未在 ci/checks.json 登记（grep 0 命中；INVENTORY_REPORT:78 记「未入 registry（登记 mutates）」），随 CI-001 接线
V13-N-01,ENGINEERING_SPEC §8 唯一注册表与能绿能红；EVID 层,OPEN,timeout 60 python3 tools/traceability/check_traceability_matrix.py --strict → rc=1，输出 [REF_OUT_OF_SCOPE] MOD-astrocs-phase1-star-psf [EVID] id EVID-P1-PSF-001 无 authority 文件可见 等；注册表 step TRACEABILITY-MATRIX command 无 --strict；grep -n pathk tools/traceability/check_traceability_matrix.py → EVID 层 pathk=None,CI-001,EVID 层无路径列，3 枚自铸 EVID 结构上不可红；AUTHORITY_DIRS 的 returns/ 不存在,EVID 增 evidence_path 列并纳入默认（--strict）判定,EVID 无 authority 文件 ⇒ 默认形态即判红,-,默认形态 rc=1 由既有 errors 提供，EVID 仍只 WARN
V13-N-02,ENGINEERING_SPEC §8 无悬空引用；test_path 列,OPEN,timeout 60 python3 tools/traceability/check_traceability_matrix.py → rc=1，输出 [DANGLING_REF] MOD-astrocs-phase1-calibration [TEST]: 路径不存在 lib/algorithms/calibration/tests/p1cal (ctest p1cal_units/...) 等 4 条散文串,CI-001,3-4 行 test_path 仍是散文串（含 (ctest ...) 与 tests/unit/CMakeLists.txt:441 master_flat_median）,test_path 规范为真实路径或结构化 test_id 列表；checker 对散文串判 SCHEMA_VIOLATION,test_path 每行可由存在性校验通过,-,本轮 7 errors 含 3 条 ID_FORMAT_VIOLATION（BOM 类 SCHEMA_VIOLATION 已不见）
V13-N-04,ENGINEERING_SPEC §8 能绿能红；docs/TRACEABILITY.csv status,OPEN,timeout 30 python3 csv 统计 docs/TRACEABILITY.csv → rc=0 rows 63，Counter({'VERIFIED': 63})；grep -c VERIFIED tools/quality/check_traceability.py tools/quality/contracts/check_traceability.py tools/check_traceability.py → 0 0 0,CI-001,63/63 全 VERIFIED 而三个读者零 VERIFIED 命中（status 列零门消费）,status 由生成器按采集面回写；check_traceability 系列增加 status 合法性断言,注入 VERIFIED 但无执行证据 ⇒ 门判红,-,生成器铸造族 42/63 口径未变（未逐行复算）
V13-N-05,旧宪章 §12.3/§17.2；假 VERIFIED 结构轴,OPEN,"timeout 30 python3 csv 复算 → rows 63、VERIFIED_lines 63；grep -rln SCI-UPM-005 docs lib tools ci contracts tests reports → docs/TRACEABILITY.csv 与 reports/v19r3/evidence/quality/{contract_inventory.csv,traceability_check.json}（均铸造/证据面，无真宿主）；三 traceability 检查器 grep -c VERIFIED 均 0；同轮复跑 rc：python3 csv 复算 → rc=0；grep -rln SCI-UPM-005 docs lib tools ci contracts tests reports → rc=0；grep -c VERIFIED 三读者 → rc=1（全 0 命中）",CI-001,生成器铸造的 VERIFIED 行既无登记面宿主也不被任何门消费,同 V13-N-04：status 需可追溯宿主，或降级为 UNVERIFIED 并登记缺口,随机抽 3 枚铸造 ID 均能找到非铸造宿主,-,台账「28 枚」为历史子口径，本轮以 63/63 + 逐点抽查复现
V13-N-06,ASTROCS_DESIGN §12 追踪无断链；ID 集对账,OPEN,timeout 60 python3 tools/quality/contracts/check_traceability.py → rc=1（status FAIL，TRACE-CORE-MISSING PSF/REJ）；grep -c TRACEABILITY tools/check_contract_graph.py → 0,CI-001,CON-TRACEABILITY 红而 CONTRACT-GRAPH 不读 TRACEABILITY.csv ⇒ 无 ID 集对账门，两面分叉恒不红,CONTRACT-GRAPH 增 ID 集对账（docs/contracts/INDEX.yaml ↔ TRACEABILITY.csv）,两表 ID 集差集非空 ⇒ 判红,-,CON-TRACEABILITY 已注册（CHK-SCI-REF step）但仍单向
V13-N-07,旧 schema 仅格式正则；无「编号先登记后使用」条文,FIXED,python3 读 ci/checks.json → 42 gates、CHK-* 前缀 29 个，其中 CHK-DANGLING（删除/重命名无悬空引用，P1）、CHK-SCI-REF、CHK-CONTRACT-REF、CHK-MODULE-MANIFEST 均已注册；timeout 120 python3 ci/validate_registry.py --registry ci/checks.json --strict → rc=0 PASS；grep -rln 先登记 docs/standards contracts → 0 命中（该条文非现行权威要求）,CI-001,-,-,-,修复证据=台账所求「引用有效性/无悬空引用机器门」已建（4 个 P0/P1 聚合门 + STD-REG 偏差 ID 闭包 C6），注册表双向一致由 CHK-REGISTRY-DOC-SYNC 保证,SUPERSEDED 自毁细节宿主（旧 CSV 视图）属退役面；不再按原处方新建编号生命周期条文
V15-N-16,旧宪章 §13.2 验证须可执行/§12.3-12,OPEN,"python3 读注册表 → step UT-BACKEND command=['python3','-B','-m','unittest','discover','-s','tests/backend','-t','tests/backend']，无 build 前置声明；grep -n 'EXE *=' tests/backend/test_p1004_joint_gate.py tests/backend/test_p2006_canonical_pipeline.py → :35/:39 EXE=os.path.join(REPO,'build','astrocs')；ls build/astrocs → rc=2 不存在",CI-001,backend 测试真跑 build/astrocs 而门未声明构建前置；干净 checkout 上整体不可执行,UT-BACKEND 增 build 前置声明（或改走 run/ci 构建树路径注入）,干净检出上 UT-BACKEND 能真跑并红绿可判,-,运行期红绿未在本机定性（无构建树）
V16-N-01,旧 AGENTS 状态机 waiver 唯一入口；旧宪章 §16.2/§17.2/§12.3,OPEN,grep -n 'run/ci/ci-baseline-001|run/release-rescue' ci/known_failures.json → rc=0 :66「run/ci/ci-baseline-001/ctest_full_pre.log（当前门卫关闭：168 目标中无 p1_noise_adapter，零失败）」、:78-79 run/release-rescue/fd-utcli/REPORT.md 等,CI-001,豁免依据指向 gitignored run/ 目录，干净检出不可复核,豁免依据入库（tracked+sha256）或改仓内可复算判据（JUnit 摘要/命令+rc）,基线条目依据可在干净检出复现,-,run/** 不入库；台账 P2 与 finding 自升 P1 并列记录以台账列为准
V17-N-02,旧宪章 §10.5/§18.2/§13.1/§14.5；PROD_FILES 含不存在目录,FIXED,timeout 30 python3 逐项 os.path.exists 检查 PROD_FILES → rc=0：14 项全部 OK（含 lib/algorithms/noise_snr/wrapper_phase1 等），lib/cpu 已从清单删除且 :19 留迁移注释；grep -n PROD_FILES tools/check_serial_hardcode.py → :20 起 14 项,CI-001,-,-,-,修复证据=台账点名的 lib/cpu（不存在且 2157 提交零命中）已移除，清单内路径全部在盘,残留（不改变判定）：:54 files=... if base.is_dir() else [] 的静默空集合分支仍在，且 PASS 行只报登记数；docs/ci/01_CHECKS.md §1 fail-closed（scanned==0 ⇒ rc!=0）建议同批加固
V17-N-03,旧宪章 §12.3-4/§16.1；CI SPEC 全量构建口径,OPEN,grep -n compile_commands tests/cli/test_p1003_drizzle_path.py → rc=0 :64 self.skipTest('compile_commands.json 缺失(checker 依赖)')；grep -c CMAKE_EXPORT_COMPILE_COMMANDS CMakePresets.json ci/steps/linux_build_root_graph.sh → 0 与 0,CI-001,linux-control preset 与 CI 构建步均不开 CMAKE_EXPORT_COMPILE_COMMANDS ⇒ UT-CLI 该用例恒 SKIP,preset/构建步加 CMAKE_EXPORT_COMPILE_COMMANDS=ON，或把该用例改为不依赖 compile_commands,test_04 在 CI 构建树实际执行（非 SKIP）,-,可达性语义在 CI 侧仍只有 PROD-REACH-SELFTEST 一个 --selftest 执行点
V18-N-02,快照 INVENTORY_REPORT 70 项时代；自检形态门,OPEN,python3 读注册表 → 5 个 step 的 command 只含 --selftest/--selfcheck：PROD-REACH-SELFTEST、PRODUCTION-GRAPH、LOG-CONTRACT-SELFCHECK、ISA-LEAK-SELFTEST、SERIAL-HEAVY-SELFTEST，无真形态配对 step；同轮复跑 rc：python3 读 ci/checks.json 统计自检形态 → rc=0,CI-001,四类门在册只跑自检形态，交付二进制/生产图从未被看,为每门注册真形态 step（带真实输入路径），自检保留为负例面,真形态 step 在 CI 产物上执行并能判红,-,对照 NO-SERIAL-HEAVY 有真门（--selftest 与真形态并存）
V18-N-13,ENGINEERING_SPEC §8 能红能绿/§10 线程预算单源,OPEN,grep -n -e HARDCODE_THREAD_DEBT_CAP -e 'except:' tools/quality/contracts/check_full_integration.py → rc=0 :39 CAP=10 硬编码本文件、:60-62 超额时 debt_count 截回上限、:64 全为自造 INTEG-P1-DEBT 即 DELIVERED、:84 return 0,CI-001,额度阈值无仓内来源锚（注释引控制包任务号 T411/T500，仓内零命中）；同源计数 + 超额截回 + 自造 finding 叠加,阈值入配置/合同并登记；禁止自造 finding 参与自身判定,注入硬编码线程数 ⇒ 该门判红,-,台账建议并入数值常量门而非新建门，本轮沿用
V19-N-01,ci/checks.schema.json additionalProperties:false 与闭包 C4,OPEN,timeout 30 python3 -c 读 schema → properties 含 steps；grep -c gtest_discover_tests tools/quality/check_ctest_registration.py → 0；git grep -c gtest_discover_tests -- '*.cmake' '*CMakeLists.txt' → 合计 41 处（acr/tests/unit 27、fault 4、classic 1、integration 1、coverage 8）；同轮复跑 rc：python3 -c 读 ci/checks.schema.json → rc=0；grep -c gtest_discover_tests 检查器 → rc=1（0 命中）；git grep -c gtest_discover_tests → rc=0,CI-001,41 处 gtest_discover_tests 在两个登记面双零覆盖，检查器对 gtest_discover_tests 零命中；schema 仍无 inputs/depends_on,check_ctest_registration 增 gtest_discover_tests 解析；schema 增依赖字段,注入未登记 gtest_discover_tests ⇒ CTEST-REGISTRATION 判红,-,total 由台账 40 增至 41（coverage 子树）
V19-N-02,docs/ci §1 能绿能红/§3 P0 红灯；profiles 与 verdict 映射,OPEN,"python3 统计 profiles → census 无 fatduck（grep -c fatduck ci/checks.json → 0）；grep -n FATDUCK_PENDING ci/run.py → :44 EXIT_OK 注释、:1044 verdict=FATDUCK_PENDING、:1294 return EXIT_OK if verdict in ('PASS','FATDUCK_PENDING')；同轮复跑 rc：python3 统计 profiles → rc=0；grep -c fatduck ci/checks.json → rc=1（0 命中）；grep -n FATDUCK_PENDING ci/run.py → rc=0",CI-001,fatduck 零成员 profile 在零项执行下仍映射退出码 0（真机复验通道是恒绿空壳）,fatduck 空选应判 FAIL(no_checks_selected)，或把该 profile 的 harness 结果设为必需输入,fatduck profile 零执行 ⇒ rc!=0,-,台账 profiles 数字（68/137/74/7/0）已随聚合换代，本行以机制复现
V19-N-03,ENGINEERING_SPEC §8 模块/注册表/构建 target 一致；workflow 绑定,OPEN,"python3 读 ci/workflow_binding.json → LINUX-PREPARE-FIXTURES 与 LINUX-BUILD-ROOT-GRAPH 均 serves_checks=['UT-BACKEND','UT-CLI']、fail_closed=True、require_outputs=None；WINDOWS-VALIDATE-CANDIDATE require_outputs=['artifacts/candidate/AstroCS-candidate.zip']（同仓正对照）；grep -n B10 ci/validate_workflow_binding.py → :31 只核正向（binds_check/serves_checks 在注册表内且 waivable=false）；同轮复跑 rc：python3 读 ci/workflow_binding.json → rc=0；grep -n B10 ci/validate_workflow_binding.py → rc=0",CI-001,两个 linux serve 步只声明 2 道消费者且无 require_outputs；B10 无反向闭包，新增消费门不会让任何门变红,为 serve 步补 require_outputs 与消费者计数；B10 增反向闭包（注册表→workflow 覆盖）,新增消费门未被任一 step serve ⇒ 绑定门判红,-,step 名与台账一致（LINUX-PREPARE-FIXTURES/LINUX-BUILD-ROOT-GRAPH/WINDOWS-VALIDATE-CANDIDATE）
V19-N-04,ENGINEERING_SPEC §8 能红能绿；LNX-005 发布包合同,OPEN,"sed -n 1,25p tests/quality/test_linux_release.py → rc=0 :9 BUILD=os.path.join(REPO,'build','lnx_v5_clean_rel','astrocs')、:20 @unittest.skipUnless(os.path.isfile(BUILD),…)；grep -rn lnx_v5_clean_rel ci CMakePresets.json .github tools tests → 仅 tests/quality/test_linux_release.py:9/:20 与 tools/assemble_audit.py:128（已退役工具文案），三面 0 生产者",CI-001,UT-QUALITY 的门禁对象在 CI/CMakePresets/workflows 三面零生产者 ⇒ LNX-005 6 用例恒 skip 而非豁免门仍记 PASS,在 CI 产 lnx_v5_clean_rel/astrocs（或把发布包判据改到真实打包步并登记豁免）,发布包用例在 CI 真跑；skip 须显式登记豁免,-,不得把 BUILD 指回 build/linux-control（会降级判据）
V19-N-05,docs/ci §1 能绿能红/§4 登记正负例；prerequisite 声明,OPEN,"python3 统计 step prerequisite_tools → {cmake 12, clang 3, python3 9, python3:yaml 1, python3:astropy 2, python3:numpy 6, llvm-profdata 1, llvm-cov 1, pytest 1, dumpbin 1}（gcc/g++/nm/objdump/tar/taskset/ctest 0 声明）；同轮统计 step command 串含 gcc 52 处、tar 46 处、ctest 51 处、taskset 1 处；同轮复跑 rc：python3 统计 prerequisite_tools 与命令面 → rc=0",CI-001,实际依赖 gcc/tar/ctest 的门零宿主工具声明 ⇒ 缺工具时按 argv[0] 探测或被 except 吞成假绿，绕过 FAIL(prerequisite) 留痕,为使用 gcc/tar/ctest/taskset 的 step 补 prerequisite_tools（含 ctest），并加「声明面 ⊇ 命令面」校验,命令面出现未声明工具 ⇒ 注册表校验判红,-,口径由台账 21/135 重算为声明 27（step 级）/147→现 138 step
V19-N-07,ENGINEERING_SPEC §8 Git diff 映射与无悬空引用；输入登记面,OPEN,"timeout 30 python3 -c 读 ci/checks.schema.json → additionalProperties=False；properties=['changed_paths','command','ctest_targets','dirty_ignore_exact','dirty_ignore_prefixes','heavy','id','mutates_workspace','outputs','platform','prerequisite_tools','profiles','requires_monitor','steps','timeout_seconds','waivable']（无 inputs/depends_on/requires_artifacts）；sed -n 610,624p ci/run.py → run/ 前缀被无条件豁免存在性探测；同轮复跑 rc：python3 -c 读 ci/checks.schema.json → rc=0；sed -n 610,624p ci/run.py → rc=0",CI-001,跨门输入依赖登记面缺字段，且 run/ 前缀无条件豁免 ⇒ 登记面无法区分输入与产物，定向复跑选不到生产者,schema 增 inputs/requires_artifacts；run/ 豁免改为按登记 outputs 精确匹配,改生产者能通过 --focus/--changed-from 选中消费者,-,schema 已新增 steps 字段（相对台账的 145 项时点）
V19-N-08,旧宪章 §12.3/§17.6；UT-BACKEND 自写自读,OPEN,grep -rn MEASUREMENTS.csv tests/ --include=*.py → tests/backend/test_isa_variants.py:79、test_isa_avx512.py:75、test_isa_avx.py:78/:101、test_isa_bit_manip.py:66 仍无条件 open 写/读 artifacts/prerelease_v5/ISA-*/MEASUREMENTS.csv；python3 读注册表 → step UT-BACKEND dirty_ignore_prefixes=['artifacts/prerelease_v5/'] mutates_workspace=False；同轮复跑 rc：grep -rn MEASUREMENTS.csv tests/ --include=*.py → rc=0；python3 读 ci/checks.json → rc=0,CI-001,自写自读闭环仍在：测试自己写权威台账数值再读回当判据，非豁免门的 dirty 判定被自身豁免遮蔽,测量工件落 run/ 并作为 outputs 登记；判据改为独立 oracle；移除 artifacts 前缀豁免,干净检出下 UT-BACKEND 不得改写工作区（dirty 可红）,-,5 份 CSV 已不再受跟踪（git ls-files 空），但写读机制未变
V19-N-09,旧宪章 §10.2/§10.3/§17；dead changed_paths,OPEN,"timeout 90 python3 复算 impact_map rules → 55 条 path 模式中 14 条零 tracked 命中，3 组 rule 的全部路径均为死模式：['evidence/**','engineering/control/**','工程控制/**']、['graph/**']、['AstroCS.wiki/**']；被其覆盖的门含 PRODUCTION-GRAPH/ACR-DORMANT/CON-COMMENTS/TRACEABILITY-MATRIX 等；同轮复跑 rc：python3 复算 ci/impact_map.json 死模式 → rc=0",CI-001,死模式（零 tracked 命中路径）永不触发 ⇒ 对应门不能红；注册表换代后触发面未订正,每模式需≥1 tracked 命中的 R13 断言；impact_map 触发面随注册表重建,任一 rule path 零 tracked 命中 ⇒ 注册表校验判红,-,台账点名 7 门中 WORKSPACE-ADOPTION/RECONCILE-STATE 已按 docs/ci/01_CHECKS.md §2.1 退役（2026-09-16），不计入现存门
V19-N-10,ENGINEERING_SPEC §7 产物落位；outputs/dirty_ignore 三面联动,OPEN,ls artifacts/KNOWN_FAILURES_BASELINE.json → rc=0 存在；git ls-files --error-unmatch 同路径 → rc=128（不入库）；git check-ignore --no-index -v 同路径 → rc=1（不被忽略）；python3 读注册表 → step KNOWN-FAILURES-BASELINE outputs=['artifacts/KNOWN_FAILURES_BASELINE.json'],CI-001,门一执行即在证据目录留下不入库不被忽略的产物，outputs/dirty_ignore/.gitignore 三面零联动,产物改落 run/ci 或显式 gitignore + R14/R13 断言登记,artifacts 下产物必属 tracked/ignored/登记三者之一,-,WIN-PACKAGE-CANDIDATE 的 candidate.zip 项同型
V19-N-11,ENGINEERING_SPEC §8 能绿能红；glob 型 -p 输入校验,OPEN,"sed -n 610,624p ci/run.py → rc=0 :614 if ""/"" not in arg and ""\\"" not in arg: continue（无斜杠参数不探测存在性）；注册表 step CI-BINDING-TESTS 的 -p 值 test_ci001b_*.py 恰无斜杠走 continue",CI-001,glob 型参数不校验命中数，pattern 改成匹配 0 文件时 discover 打 Ran 0 tests 仍 exit 0，FAIL(missing_output)/空输出守卫均不触发,执行器补「含星号/问号 pattern 探测命中数>0」；R4/R6 增 glob 命中数校验,把 -p 改为匹配 0 文件的 pattern ⇒ 判定 FAIL,-,全链无处校验 glob 命中数（本轮仅读源码，不实跑 discover）
V19-N-12,V19 轴③①④负结果记录；旧 schema 登记面,CRITERION-WRONG,timeout 30 python3 -c 读 ci/checks.schema.json → additionalProperties=False、properties 含 steps，仍无 inputs/depends_on/needs/produced_by；同轮复跑 rc：python3 -c 读 ci/checks.schema.json → rc=0,CI-001,-,-,-,为什么错=台账自述本条为「负结果·不立条」（不存在需整改偏差），其附带根事实（旧 schema 无依赖表达字段）不是现行权威的违例：ENGINEERING_SPEC §8 要求的是 Git diff 映射（impact_map 承担）+ 唯一注册表，未要求依赖字段；正确口径=登记面换代后由 V19-N-07 的 inputs 需求单独承接；依据=docs/ci/01_CHECKS.md §2+§4 与 ci/checks.schema.json 现文,台账原判=VOID；保留原 ID 仅为 785 分母覆盖
V21-N-05,docs/ci §1 能绿能红/§2 CHK-WARN(P0)/§3 P0 无豁免,OPEN,"grep -c returncode tools/check_warning_suppression.py → 0（仍不读 cmake 退出码）；sed -n 43,48p 同文件 → BUILD_COUNT_SCRIPT 以 cd ""$1"" || exit 9 拼接后 cmake --build … 2>&1 | grep -v WSL | grep -c 'warning:' || true（子命令退出码被拉平）；sed -n 117,128p → 缺构建树已改 QA-001_FAIL + return 1（GAP-027 腿已修）；同轮复跑 rc：grep -c returncode 同文件 → rc=1（0 命中）；sed -n 43,48p 与 117,128p 同文件 → rc=0",CI-001,构建失败但无 warning 行时 warn 为空/0 ⇒ 判绿；退出码未纳入判定,采集 cmake 退出码并与 warn 计数联合判定；构建失败即判红,注入构建失败且无 warning ⇒ CHK-WARN 判红,-,台账原判据「无构建树即 QA-001_SKIP + rc=0」一腿已按 GAP-027 修好，不再作依据
V21-N-06,docs/ci §1 豁免显式登记/§4 能绿能红；防掩盖门,OPEN,grep -n -e 'waivers.json' -e 'except:' tools/quality/contracts/check_full_integration.py → rc=0 :28 waivers=repo/'waivers.json'、:34 except: pass；grep -c returncode 同文件 → 0；python3 读 ci/exemptions.json → exemptions=[]（现行豁免面）,CI-001,防掩盖门既不看子检查退出码（异常还 except: pass），又盯全仓无生产者的 waivers.json；现行豁免面是 ci/exemptions.json，两面脱钩,判据改读 ci/exemptions.json（R14 已强制存在）；子检查退出码纳入判定并禁止裸 except,真实豁免面新增条目而防掩盖门无反应 ⇒ 判红,-,ci/exemptions.json 由 CI-001 建立（high_water max_entries=0）
V4-N-04,M8-F-001 自降 PARTIAL：checks.json 无 validate_registry 载体,OPEN,grep -c validate_registry ci/checks.json → rc=1 输出 0（仅 validate_workflow_binding 1 处）；timeout 60 python3 统计 ci/tests → test_*.py 21 个，CI-BINDING-TESTS 的 -p test_ci001b_*.py 仅命中 2 个,CI-001,「discover 目录 0 用例即 strict FAIL」这条新规则（R11）自身无 CI 执行面：ci/validate_registry.py 在注册表 0 载体,把 ci/validate_registry.py（含 R11/R14）注册为 CHK-REGISTRY-DOC-SYNC 或 CHK-MODULE-MANIFEST 的 step,故意让某 discover 目录 0 用例 ⇒ CI 判红,-,R11 校验器在位但不进任何门（台账结论复现）
V9-N-02,旧宪章 §12.3-9/-10/§15.4；矩阵早退遮蔽行级发散,OPEN,"sed -n 384,403p tools/traceability/check_traceability_matrix.py → rc=0 :388-391 if header != CSV_COLS 则追加 SCHEMA_VIOLATION 并 return（行级同构校验在其后）",CI-001,早退使一次只暴露一类问题，门结构对可证伪性削弱,表头失配时不 return，继续收集行级 SCHEMA_VIOLATION 并一次性输出,表头错误 + 行级错误同时存在时两者都被报出,-,BOM 类 SCHEMA_VIOLATION 本轮已不见；现默认 rc=1（7 errors）
V9-N-06,ENGINEERING_SPEC §8 唯一注册表与能红能绿；工单量说明,CRITERION-WRONG,"sed -n 11,20p tools/quality/contracts/generate_contract_report.py → rc=0 聚合列表恰 10 项；grep -n fail-closed tools/quality/known_failures_baseline.py → rc=0 :16「新失败（不在基线）→ FAIL（fail-closed）」、:358/:435/:456（零 testcase/无来源/不得静默跳过）；python3 读 ci/known_failures.json → failures=1",CI-001,-,-,-,为什么错=台账自述「非独立缺陷但决定工单量」，其内容（10 项聚合 + 基线 fail-closed）在现行树逐字复现且非违例；正确口径=该条是施工顺序说明而非缺陷条款，不得按 OPEN 建整改处方；依据=tools/quality/contracts/generate_contract_report.py:11-20 与 known_failures_baseline.py:16 现文,台账原判=OPEN 但备注已定性为说明条，本轮按判据性质修正分类
V9-N-07,docs/ci §3 P0 硬门禁/§4 能绿能红；交付二进制 ISA 泄漏,OPEN,python3 读注册表 → 5 个 step 的 command 只含自检形态：PRODUCTION-GRAPH、ISA-LEAK-SELFTEST、SERIAL-HEAVY-SELFTEST、PROD-REACH-SELFTEST、LOG-CONTRACT-SELFCHECK（均无真形态配对 step）；同轮复跑 rc：python3 读 ci/checks.json → rc=0,CI-001,5 道非豁免门仍只注册 --selftest/--selfcheck，真实判定模式需交付物参数而 CI 从不传,为 5 门各注册真形态 step（真实二进制/图/日志输入）,交付二进制 ISA 泄漏可在 CI 判红,-,台账 5 门名单与现注册表一致
V9-N-08,ENGINEERING_SPEC §8 能红能绿；注释正则吞全文,OPEN,"grep -n -e findall -e 're.S' -e 冻结 tools/quality/contracts/check_comments.py → rc=0 :34 re.findall(r'//.*|/\*.*?\*/', text, re.S)、:39 含「冻结」即整文件抑制；:52 coverage ratio 1.0",CI-001,//.* 带 re.S 一路吞到文件尾，注释抽取失真；「冻结」豁免整文件,逐行/状态机抽取注释；豁免粒度改行级,对 lib/algorithms/coverage/tests/synthetic_gate.cpp 复算注释条数=逐行口径,-,台账 222679 字符单条注释现象本轮未复算，仅复核正则与豁免口径
V9-N-09,docs/ci §4 新增检查须能绿能红；ctest 零目标,OPEN,grep -n -e _ctest_argv -e fail-if-no-tests tools/quality/deep_ci_driver.py → rc=0 :201-213 仅在 junit 非空时追加 --output-junit，无 --fail-if-no-tests；python3 读注册表 → step CTEST-PHASE2-GATES command 含 --target phase2_.* 而 ctest_targets=None,CI-001,目标改名/未构建时 ctest 报 No tests were found 仍记 PASS；glob 目标无 ctest_targets 登记,argv 增 --fail-if-no-tests；glob 目标登记 ctest_targets 以做存在性校验,把 phase2_.* 改为匹配 0 目标 ⇒ CTEST-PHASE2-GATES 判红,-,台账原引 win-test-summary.json 已不在树内，本轮以 argv 取证
V9-N-10,docs/ci §3 P0/P1 硬门禁；CONTROL_PACK_SPEC §7.3,OPEN,"sed -n 890,910p ci/run.py → rc=0 :92 SKIP_EXIT_CODE=77、:898 elif returncode == SKIP_EXIT_CODE and not timed_out 即置 V_SKIP_WAIVABLE（分支内不读 check['waivable']）；:1066 总判定仍写「全部非 waivable 检查 PASS；N 项 SKIPPED(waivable)」",CI-001,waivable=false 的门只要自查 sys.exit(77) 即可从门禁面隐身；waivable 字段与总判定可被绕过,SKIP 退出码仅在 waivable=true 或显式登记豁免时接受，否则判 FAIL,waivable=false 的门返回 77 ⇒ 判红,-,行号 897-908 → 898-906（微漂）
V9-N-11,ENGINEERING_SPEC §8 能绿能红/豁免只减不增；空输出豁免,OPEN,"grep -n EMPTY_OUTPUT_SILENCE_EXEMPT ci/run.py → rc=0 :103 定义；sed -n 100,107p → frozenset({'API-DOCS','UNIT-CLOSURE'}) 两门 rc=0 且 stdout/stderr 全空仍记 PASS",CI-001,空输出即绿（没有任何东西被证明）；豁免硬编码在执行器源码而非 ci/exemptions.json 登记面,移除名单或改结构化计数断言；豁免入 ci/exemptions.json,清空两门输出 ⇒ 判定 FAIL(empty_output),-,台账「豁免硬编码」与 §1 登记制不符仍成立
V9-N-12,ENGINEERING_SPEC §8 Git diff 映射最小测试集,OPEN,timeout 60 python3 复算 ci/impact_map.json → base_checks 11、rules 24、fallback 11；对 42 个顶层门可达 11、不可达 31（含 CHK-UNIT/CHK-ABI/CHK-SCI-REF/CHK-MODULE-MANIFEST 等）；同轮复跑 rc：python3 复算 impact 可达性 → rc=0,CI-001,--changed-from HEAD 定向复跑选不到大部分聚合门，「定向复跑全绿」不能证明对应门绿,impact_map 触发面按聚合门重建（或为每门登记 fallback）,每个顶层门至少 1 条可达规则,-,台账 145 门/89 不可达 → 现 42 门/31 不可达，方向一致
V9-N-13,ENGINEERING_SPEC §8/§7 改代码同步订正注册表,OPEN,timeout 60 python3 统计注册表 steps → 138 个 step 中 127 个 changed_paths 不含 ci/checks.json；同轮复跑 rc：python3 统计 steps changed_paths → rc=0,CI-001,改 checker 不触门，--focus/--changed-from 看不到该门新行为,changed_paths 系统性补齐自身 checker 路径与 ci/checks.json,改任一注册在册 checker ⇒ 至少 1 门被选中,-,台账 137/147 → 现 127/138（聚合换代后数字漂移，方向一致）
V9-N-14,ENGINEERING_SPEC §8 检查项须有执行面,OPEN,timeout 60 python3 统计 → ci/tests 下 test_*.py 21 个、-p test_ci001b_*.py 命中 2 个、383 个 test def 仅 33 进任何门（8.6%）；grep -c validate_registry ci/checks.json → 0；同轮复跑 rc：python3 统计 ci/tests → rc=0；grep -c validate_registry ci/checks.json → rc=1（0 命中）,CI-001,CI-BINDING-TESTS pattern 过窄；validate_registry 等登记面工具零载体,扩采集面；把 validate_registry 注册为门,CI 控制面测试 100% 进采集面,-,台账 21/2/379/33 → 现 21/2/383/33
V9-N-16,docs/ci §3 P0 无豁免/§4 能绿能红；TRACEABILITY 不可红,OPEN,grep -n 'return 0' tools/quality/check_traceability.py → rc=0 :159；python3 读注册表 → step TRACEABILITY mutates=True waivable=False outputs=['reports/v19r2/evidence/quality/traceability_check.json'],CI-001,末行无条件 return 0（查出什么都是绿）且仍改写受跟踪 reports/ 路径,退出码按 errors；输出改 run/,注入断链 ⇒ TRACEABILITY 判红且工作区 dirty 可判,-,台账 P0 行；TRACEABILITY-CODE 已退役，本行对象为 TRACEABILITY
V9-N-17,docs/ci §3/§4 门禁须能红能绿、豁免显式登记,OPEN,grep -n -e SKIP -e 'exit 0' lib/algorithms/drizzle/healpix_drizzle/tests/p1drz/p1drz_taskset_invariance.sh → rc=0 4 处自宣跳过并 exit 0：:19 taskset 不可用、:22 读不到 affinity、:38 可用 CPU 少于 2、:53 可比预算数不足,CI-001,缺 taskset 的节点上 CTEST-P1DRZ-TASKSET-INVARIANCE 永不红，DRIZZLE-DET-001「带锁已修」不可证伪；SKIP 未登记豁免,跳过改 ctest SKIP_RETURN_CODE 或非零并登记豁免；缺工具时判红,缺 taskset 场景 ⇒ 该门按豁免登记处理而非静默绿,-,脚本哈希未变，4 处跳过逐字在位
V9-N-18,ENGINEERING_SPEC §8 检查器覆盖与能红能绿,OPEN,grep -n -e unit_count -e '< 20' tools/quality/contracts/check_science_units.py → rc=0 :50 unit_count < 20 即报 SCI-UNITS-COUNT；grep -n -e synthetic_gate -e unique tools/quality/contracts/check_test_contracts.py → :40-42 synthetic_gate 伞形豁免；grep -n -e rglob -e substring tools/quality/contracts/check_doc_symbols.py → :53 repo.rglob('*')、:137 子串命中放行,CI-001,字面量在场不等于合同一致；doc_symbols 用 rglob 使本机与干净检出结论可不同,判据改结构化比对；rglob 限定 tracked 面,注入影子树/计数下降 ⇒ 对应门判红,-,三处裸 except 同族随 CI-001 处置
V9-N-19,ASTROCS_DESIGN §11.3 状态阶梯；DEEP 门证据时效,OPEN,python3 读注册表 → DEEP-SAN-ASAN 与 DEEP-COV-CPP waivable=False，DEEP-CLANG-BUILD/COMPLEXITY/TSAN/COV-PY waivable=True，profiles 全 linux-deep；find artifacts -name 'DEEP-*.json' → 0（artifacts 下仅 ci、KNOWN_FAILURES_BASELINE.json、prerelease_v5）；同轮复跑 rc：python3 读 ci/checks.json → rc=0；find artifacts -name DEEP-*.json | wc -l → rc=0（0）,CI-001,两门现无任何有效证据（旧证据树已删除），豁免状态翻转无一致性门拦截,非豁免 DEEP 门须产出当前 SHA 证据；翻转 waivable 需一致性校验,非豁免 DEEP 门缺当前 SHA 证据 ⇒ 判红,-,台账「六门证据全为 2026-09-05T20:48:42Z」的载体已随 artifacts/ 删除，缺口扩大
V9-N-20,旧宪章 §12.3-3/-4；负结果记录（判否清单）,CRITERION-WRONG,timeout 60 python3 tools/quality/contracts/check_build_graph.py → rc=0 status PASS findings 0；timeout 60 python3 tools/quality/contracts/check_comments.py → EXIT=1，报 2 条 COMMENT-MISSING-ID（lib/infrastructure/cli/exit_codes.h、lib/infrastructure/pipeline/module_loader/secure_loader.h）,CI-001,-,-,-,为什么错=台账本条为「负结果·不立危害条」（判否清单），不是缺陷条款；其事实前提「两门复算均无红项」已失效（CON-COMMENTS 现为 FAIL 2 findings），该红归 CHK-STALE-DOC 判据域另行定性；正确口径=本行不产生整改处方；依据=两条 checker 本轮实跑输出,保留原 ID 仅为分母覆盖
W5-N-12,旧宪章 §14.4 类推至门禁可信度,OPEN,"sed -n 55,75p tools/quality/check_complexity.py → rc=0 :63-66 try: text=p.read_text(...) except OSError: continue（读不到的文件既不计入 files 也不进跳过桶，分母静默缩水仍 PASS）；grep -c check_complexity ci/checks.json → 1（门仍接线）",CI-001,活跃 checker 自身吞错导致分母静默缩水；同族裸 except 三处（check_doc_symbols.py:51、check_full_integration.py:34、generate_contract_report.py:45）,异常显式计数或 fail-closed；新增 scanned 计数断言,存在不可读文件 ⇒ 判红或计数留痕,-,锚 65 → 63-66 微漂；台账要求随 CI-001 重写检查器时统一处置
W6-N-01,docs/ci §1 每项检查可执行；ctest_baseline 基线,OPEN,timeout 30 python3 读 ci/ctest_baseline.json → targets 160，六个在册名（healpix_math/stf_engine/browser_backend/hips_browser_backend/geometry_truth/module:astrocs.conformance.echo）全部命中；grep -c -e browser_qt -e conformance/echo CMakeLists.txt → 0；同轮复跑 rc：python3 读 ci/ctest_baseline.json → rc=0；grep -c -e browser_qt -e conformance/echo CMakeLists.txt → rc=1（0 命中）,CI-001,门只看「注册名出现在活动 CMake 源文本」与「是否在基线名单」，无「已注册进真实构建目录/可被执行」维度,增构建图可达性断言（target 须在真实构建目录或 add_test 面）,基线名不在任何构建图 ⇒ CTEST-REGISTRATION 判红,-,基线 160 目标与台账一致；该门现为 CHK-MODULE-MANIFEST 下 step CTEST-REGISTRATION
W6-N-02,docs/ci §1 能绿能红/§5 运行方式/§3 分级；prereq 声明,OPEN,"timeout 30 python3 统计 step prerequisite_tools → {cmake 12, clang 3, python3 9, python3:yaml 1, python3:astropy 2, python3:numpy 6, llvm-profdata 1, llvm-cov 1, pytest 1, dumpbin 1}（g++/gcc/nm/objdump/tar/bash/taskset/ctest 0 声明）；同轮统计命令串含 gcc 52、tar 46、ctest 51、taskset 1 处；同轮复跑 rc：python3 统计 prerequisite_tools 与命令面 → rc=0",CI-001,实际依赖 ctest/tar/gcc 的门零宿主工具声明；姊妹门 UT-BACKEND/UT-IO/UT-CLI 的 prerequisite_tools 为空,补声明 + 「声明面 ⊇ 命令面」校验；缺工具走 probe_prerequisite 的 FAIL(prerequisite),命令面出现未声明工具 ⇒ 注册表校验判红,-,口径由 18/135 → 27/147 → 现 step 级 27/138；R12 名额已被 steps 派发规则占用
W6-N-04,ASTROCS_DESIGN §7.3 + ENGINEERING_SPEC §4(3) + COMMON_ABI_V1:8；struct_size,OPEN,grep -c struct_size 四个现行站点 → lib/infrastructure/aio/include/aio_hips.h 8（已修）、lib/infrastructure/gaia_xpsd_client/src/gaia_client.h 0、lib/algorithms/star_detection/wrapper_phase1/star_detector.h 0、lib/algorithms/psf/include/dynamic_psf.h 0；正对照 lib/algorithms/platesolve/cpp/ipv/include/ipv_api.h 3；权威三处明文（ASTROCS_DESIGN.md:403、ENGINEERING_SPEC.md:41、docs/api/COMMON_ABI_V1.md:8）；同轮复跑 rc：grep -c struct_size 四站点 → rc=0（aio_hips.h:8、gaia_client.h:0、star_detector.h:0、dynamic_psf.h:0）；ipv_api.h → rc=0（3）,CI-001,三站点公开头仍无 struct_size/abi_version；现行 138 step 内无 ABI struct 尺寸/镜像一致性采集门,三头补 struct_size/abi_version；新增 ABI struct 尺寸门（或纳入 CHK-ABI）,移除某头 struct_size ⇒ CHK-ABI 判红,-,台账四站点中三处已按 ARCH-001 重定位（旧 include/astrocs/... 路径不存在）；aio_hips.h 已含 8 处（同族已修面）
W6-N-06,ENGINEERING_SPEC §8 无悬空引用/docs/ci §4 登记,OPEN,"ls packaging/schemas/preset-contract.schema.json → rc=2 不存在，同目录 preset-contract.json 存在；sed -n 1,16p CMakePresets.json → :4 注「Machine validation: cmake/toolchain/verify_toolchain.py against packaging/schemas/preset-contract.schema.json」、:14 contract_schema 指向同一不存在文件；python3 统计注册表 → cmake/toolchain/verify_toolchain.py 在 42 门 command 中 0 引用",CI-001,vendor.contract_schema 悬空引用未消；verify_toolchain 在注册表零载体，改 preset 不触发任何门,schema 引用改 preset-contract.json；verify_toolchain 注册为 CHK-ENV-ADOPTION step,preset 改动触发对应门；悬空 schema 引用 ⇒ 判红,-,build.sh 与 preset 不同源一腿本轮未复核
W6-N-07,docs/ci §2 CHK-DANGLING/CHK-WARN；头文件自足与 size_t,OPEN,grep -n include lib/infrastructure/pipeline/module_loader/module_registry.h → rc=0 :33 astrocs/abi/host_api_v1.h、:34 secure_loader.h（同目录，根相对写法已消失）；grep -c stddef include/astrocs/core/module.h include/astrocs/core/artifact_store.h → 0 与 0；grep -c '^include_directories' CMakeLists.txt → 0；grep -rn fsyntax-only tools/ ci/ → 仅 check_ast_api.py:33（AST 提取，非每头语法门）,CI-001,core/*.h 等仍显式用 size_t 而无 stddef/cstddef；仓内无「每头 -fsyntax-only」类门，仅手工把仓库根当 -I 才可解析,补 stddef 包含或类型别名；新增每头语法自足门（clang -fsyntax-only -I 各头目录）,孤立编译任一头无隐式依赖 ⇒ 门判红,-,台账「引号 include 写仓库根相对路径」一腿已修（现为同目录 include）；ipv 两文件按旧路径不存在需另定位
W6-N-08,docs/ci §1 能绿能红；ACR-DORMANT nm 判据锚,FIXED,grep -n -e root-cmake -e BINARY_CANDIDATES -e fail-closed tools/check_legacy_exit.py → rc=0 :35 三候选（root-cmake/astrocs、astrocs、cli/astrocs）、:87-90 未找到即 errors.append(...fail-closed 判 FAIL)；grep -rn root-cmake ci/ → 仅 ci/steps/linux_build_root_graph.sh:16 的 V6.1 旧布局注释（无生产者）,CI-001,-,-,-,修复证据=nm 判据锚由单候选 root-cmake 改为三候选且缺二进制判红，不再「恒不执行却末行打 PASS」,残留：nm 子进程无 timeout（同 M5b-G-10）
W6-N-09,docs/ci §2 CHK-MODULE-MANIFEST(P0)/§1 豁免登记；p1_noise_adapter,OPEN,"git grep -n 'add_library(astrocs_p1_noise' → rc=0 命中 lib/algorithms/noise_snr/CMakeLists.txt:35（tracked，git ls-files rc=0）；sed -n 230,245p CMakeLists.txt → :236 add_subdirectory(lib/algorithms/noise_snr) 被注释掉，注释仍称「该子图 CMakeLists.txt 为 V7 残留面从未入库、目录保持 untracked 锁死不收编」；grep -n p1noise_under_test tests/unit/CMakeLists.txt → :1192 if(TARGET p1noise_under_test AND TARGET astrocs_p1_noise)（门卫恒假）；grep -n p1_noise_adapter ci/known_failures.json → :46-58 仍写旧锚 tests/unit/CMakeLists.txt:1081",CI-001,受跟踪 CMake 面已有 add_library 定义点但根图 add_subdirectory 被注释（且注释事实陈述已过期）⇒ 门卫恒假、p1_noise_adapter 永久零注册却在 known_failures + ctest_baseline 双在册,要么收编噪声子图并同步 install_layout/tests 门卫，要么退役双在册条目并把注释改为事实,干净检出上 p1_noise_adapter 的注册状态与双在册口径一致（不再承诺自动复活）,-,台账「受跟踪 CMake 面 0 定义点 + untracked lib/snr_estimator/CMakeLists.txt」两半均已变化：定义点现受跟踪、旧 untracked 路径已被迁移
M3-I-002,旧宪章§12.3-1/-2 同一 ABI 面声明口径须唯一；ac_set_num_threads 无替代权威/不在偏差登记,FIXED,grep -rn ac_set_num_threads docs/contracts/PUBLIC_API.md [rc=0]→:109/:114/:120 例外条（进程级改写 OpenMP ICV，并发调用竞态…迁移后由 host ThreadLease 取代，新代码禁止调用）／:159；docs/api/PHASE1_API_V1.md:31 TB-ARCH-004+V5 迁移整改点,CLI-001,-,-,-,修复证据：新合同页+例外条+替代路径已显式登记,PUBLIC_API.md:687 锚仍写 p1_session.cpp:162-165（行号漂移）→ 归 W3-R2-004
M5b-C-03,幽灵命令 drizzle 仍在 kRules/dispatch，命令树与协议文档均无,FIXED,"timeout 20 ./build/astrocs drizzle 2>&1 [rc=2]→astrocs: unknown command 'drizzle' + 打印 §6.2 命令树；grep -n '""drizzle""' lib/infrastructure/cli/parser.cpp lib/infrastructure/cli/command_tree.h [rc=1]→仅 parser.cpp:282 配置键 kSessionKeys（非命令规则）；tests/cli/test_p1003_drizzle_path.py:43-53 断言 unknown command+rc=2",CLI-001,-,-,-,修复证据：命令树删除该命令、真 CLI rc=2 未知命令、测试改为不可达断言,commands.cpp:1868 cmd_drizzle 成零调用死函数（全仓无调用点），建议随 CLI 清理删除
M5b-E-03,CLI 协议文档声明的退出码唯一源路径不存在，检查器按候选回退吸收该错,OPEN,"grep -n exit_codes.h docs/api/CLI_PROTOCOL_V1.md [rc=0]→:32/:58 唯一源 `include/astrocs/exit_codes.h`；ls include/astrocs/exit_codes.h [rc=2]→不存在；sed -n '191,205p' tools/check_api_docs.py [rc=0]→候选先试 include/astrocs/exit_codes.h 再回落 lib/infrastructure/cli/exit_codes.h（真实源）；ls contracts/schemas/jsonl_event_v1.schema.json [rc=0]→已存在（该半已修）",CLI-001,文档未随 ARCH-001 迁移更新唯一源路径；检查器候选回退掩盖失配,文档改指 lib/infrastructure/cli/exit_codes.h；检查器删除不存在的候选或对文档路径显式校验,文档声明路径 test -e 通过；检查器在文档路径错误时 FAIL,-,schema 路径半已修
M5b-G-01,check_api_docs 只认 build/cli/astrocs 兼容图产物且缺产物静默跳过,FIXED,"sed -n '128,156p' tools/check_api_docs.py [rc=0]→CLI_EXE_CANDIDATES=(""build/astrocs"",""build/astrocs.exe"",""build/cli/astrocs"",""build/cli/astrocs.exe"") 产品图优先（注释点名 M5b-G-01）／_cli_exe 候选全缺返回 None + docstring fail-closed；grep -n ""cmake -S cli"" ci/steps/linux_build_root_graph.sh [rc=0]→:22 兼容图仍建（非产品事实源）",CLI-001,-,-,-,修复证据：候选产品图优先 + 缺产物 fail-closed 分支在位,兼容树 cli/** 本体仍在（CMakeLists.txt 自述 compatibility/禁止正式 install），处置归 INT-001
M5b-G-15,CLI_PROTOCOL_V1 §6 承诺的 tools/check_cli_protocol.py 全仓不存在，现存检查器只做字符串在场,OPEN,"ls tools/check_cli_protocol.py [rc=2]→不存在；grep -n check_cli_protocol docs/api/CLI_PROTOCOL_V1.md [rc=0]→:54 ## 6 机器化一致性检查器合同(04 §6,API-002 建立 `tools/check_cli_protocol.py`)；python3 -c 读 ci/checks.json [rc=0]→42 项无 CLI 协议检查项",CLI-001,文档承诺的协议检查器未建立，命令树/退出码唯一源无对应门禁,建立协议检查器（§6 六条）并注册 CI，或删除 §6 承诺并显式退役,新建检查器能红能绿并注册；否则 §6 退役登记,-,-
M6b-I-001,ACTIVE 文档仍把已废止 orchestrator.exe/astrocs-stage2 写成现状与生产入口,OPEN,"sed -n '1,8p' docs/modules/phase2.md [rc=0]→:6 生产入口 astrocs-stage2（DOCUMENT_INDEX:368-369 ACTIVE_INFORMATIVE）；grep -n orchestrator docs/TROUBLESHOOTING.md [rc=0]→:7 orchestrator 启动报 DLL 加载失败 行（:60-61 ACTIVE_INFORMATIVE）；grep -n orchestrator.exe docs/ARCHITECTURE.md [rc=0]→:18/:53/:54（该文已 ARCHIVED_NON_NORMATIVE，DOC-001）",CLI-001,旧文档体系迁移只覆盖部分文件，ACTIVE 面仍有废止入口表述,按 DESIGN §6.2 改写 docs/modules/phase2.md 与 TROUBLESHOOTING 入口行（或一并归档）,ACTIVE 文档中 orchestrator.exe/astrocs-stage2 非「现状/生产入口」表述；CHK-STALE-DOC 覆盖,-,ARCHITECTURE.md/API_REFERENCE.md 已归档（该半已修）
M8-F-003,"UT-CLI install 门缺 build/{astrocs,libastrocs_runtime.so} 前置，CI 恒 SkipTest",FIXED,"sed -n '25,40p' ci/steps/linux_build_root_graph.sh [rc=0]→cp -f build/linux-control/astrocs build/astrocs ／cp -f build/linux-control/libastrocs_runtime.so build/libastrocs_runtime.so；grep -n -e ""raise AssertionError"" -e ""self.fail"" tests/cli/test_cli_single_install.py [rc=0]→:38 raise AssertionError、:64/:81/:90/:100 self.fail",CLI-001,-,-,-,修复证据：前置双件产物已建+缺前置改 fail-closed,CI 步同时补建 install 载荷 target（注释即 M8-F-003）
M8a-C-001,orchestrator README 自称「Phase1 JSON 唯一入口」「正式科学运行只有一条命令」，二进制不在构建图/产品清单且无 DORMANT 标注,OPEN,"grep -n ""正式科学运行只有一条命令"" lib/infrastructure/pipeline/orchestrator/README.md [rc=0]→:7；grep -c orchestrator CMakeLists.txt [rc=1]→0；grep -c orchestrator packaging/astrocs.product.json [rc=1]→0",CLI-001,旧 orchestrator 文档未随单一 CLI 架构退役,README 加 ARCHIVED/DORMANT 标注并指向 §6.2 命令树，或按 INT-001 处置该目录,ACTIVE 文档中 orchestrator 不得自称唯一入口；产品清单/构建图一致,-,-
V15-N-15,机器门把「清单 production exe 数=0」钉成期望，CLI 建成登记那刻必红,OPEN,"grep -n ""self.assertEqual(len(prod), 0"" tests/arch/test_single_cli.py [rc=0]→:32 单一 CLI 未建前清单不得含 production exe；sed -n '19,20p' 同文件 [rc=0]→self.assertNotIn(""orchestrator.exe"", s) if os.path.exists(MODULE) else None（三元当语句，死条件）",CLI-001,门断言迁移过渡态（production exe=0）而非交付对象（唯一 astrocs 入口）,改为断言「清单恰一条 production exe=astrocs」+ install 树唯一入口,astrocs 登记为 production exe 时门仍绿；出现第二个 production exe 即红,-,-
M5b-G-16,"output_dir 模板与 11 处回退默认 "".""，产物指向 CWD；dirty 门只豁免不拦",OPEN,"grep -c 'value(""output_dir"", std::string("".""))' lib/infrastructure/cli/commands.cpp [rc=0]→11；sed -n '1640,1665p' ci/checks.json [rc=0]→dirty_ignore_exact=[resource_samples.csv,resource_summary.json,worker_balance.csv]，dirty_ignore_prefixes 含 astrocs_run_、run/",CLI-002,配置缺 output_dir 时静默回落 CWD，且门禁把这类产物列为 dirty 豁免,缺 output_dir 即 fail-closed（rc=2/3）或强制默认落 run/；dirty 豁免项改为拦截,缺 output_dir 的 run 不产出根目录文件；dirty 门对根产物能红,-,-
V20-N-05,无语义的 kSessionKeys 仍是合同旁路开关（flat_session 跳过 schema_version/inputs 必填校验）,OPEN,"grep -n -e kSessionKeys -e flat_session lib/infrastructure/cli/parser.cpp [rc=0]→:273 kSessionKeys 定义／:312 const bool flat_session = session_mode && …／:316/:325/:350 校验跳过；grep -rn 'value(""mode""' lib/infrastructure/cli/ [rc=1]→生产零读取；grep -n -e output_fits_path -e sampler_used lib/infrastructure/cli/runtime_client.cpp [rc=0]→:42 仅 contains()",CLI-002,键集仅作旁路开关、值零消费，校验强度按键集存在与否切换,三键要么接线到真实消费者，要么删除并收紧校验；flat_session 分支显式登记,键集变化不改变必填校验强度（或校验差异有测试钉住）,-,-
M5b-C-05,ERROR_MODEL 仍以 orchestrator.exe 旧码表为现状；runtime_client RESOURCE→5 违反唯一源,OPEN,"grep -n ""SUCCESS=0  GENERIC_ERROR=1"" docs/architecture/ERROR_MODEL.md [rc=0]→:27 2=DLL_LOAD_FAILED 10=CANCELLED；grep -n ""ARGS          = 2"" lib/infrastructure/cli/exit_codes.h [rc=0]→:9 ARGS=2；grep -n ErrorDomain::RESOURCE lib/infrastructure/cli/runtime_client.cpp [rc=0]→:398 case …RESOURCE: return 5;",CLI-003,文档未随单一退出码源更新；映射函数把 RESOURCE 归到 BACKEND=5,ERROR_MODEL 改为引用 lib/infrastructure/cli/exit_codes.h 11 码表；:398 改 return 10,CHK-CONTRACT-TEST/check_api_docs 对退出码唯一源与全码映射全覆盖且能红,-,-
M5b-F-02,test_cli_protocol.py 的 __main__ 守卫在类定义之前，直跑收集 0 且绿色,FIXED,"wc -l tests/cli/test_cli_protocol.py [rc=0]→276；sed -n '270,276p' tests/cli/test_cli_protocol.py [rc=0]→:234 class TestManifestIncomplete，:275-276 if __name__==""__main__"": unittest.main(verbosity=2)（守卫为文件末尾）",CLI-003,-,-,-,修复证据：守卫移至文件末尾，直跑可收集全部 TestCase,类名已由 TestManifestVerify→TestManifestIncomplete
W3-R2-007,注释承诺「超时杀进程树」而实现只杀单进程，无进程组/Job Object，无 SIGTERM 宽限,OPEN,"grep -n ""超时杀进程树"" lib/infrastructure/cli/astrocs_process.h [rc=0]→:29 // timeout_s: >0 时超时杀进程树并返回 timed_out；grep -n ""SIGKILL"" lib/infrastructure/cli/process.cpp [rc=0]→:189 ::kill(pid, SIGKILL)；python3 -c 统计 setpgid/setsid/CREATE_NEW_PROCESS_GROUP/CreateJobObject [rc=0]→0 命中",CLI-003,进程创建未建进程组，超时只 kill 直接子进程；协作取消与 tmp 清扫被跳过,POSIX setpgid+killpg、Windows Job Object 树杀；先 SIGTERM 宽限再 SIGKILL,子进程再派生孙进程时超时能整树回收（能红）,-,同仓正对照 ci/run.py:691-696 走 os.killpg 树杀
W4-R2-04,三处吞错（flush 不判、create_directories ec 不判、sha 失败注入空串）结构仍在,OPEN,"sed -n '322,332p' lib/infrastructure/cli/commands.cpp [rc=0]→:327 f << m.dump(2) << ""\n""; :328 if (!f.good()) return astrocs::IO;（flush 于析构，判断在析构前）／:330 rename 照常落位；grep -n ""bool ok"" lib/infrastructure/cli/commands.cpp [rc=0]→:133/:151/:181/:340/:416 ok 被弃；sed -n '203,206p' lib/infrastructure/cli/parser.cpp [rc=0]→if (!f) { if (ok) *ok=false; return {}; }（空串，违 schema 64hex）",CLI-003,错误信号被吞，失败仍原子落位或写非法哈希,显式 flush+close 后判 good；create_directories ec 判错返回；sha 失败返回错误而非空串,ENOSPC/sha 失败注入下 run 返回非 0 且不落半成品（能红）,-,ENOSPC 时序需运行期；行号系本轮实测
W5-N-04,manifest 解析失败静默丢弃；归因主体是「任一节点」而非失败节点，两处与自述不一致,OPEN,"sed -n '375,400p' lib/infrastructure/cli/runtime_client.cpp [rc=0]→:389 } catch (...) {} ／循环内任一节点 error_kind==input 即 return 3；sed -n '410,418p' 同文件 [rc=0]→:416 try { m = nlohmann::json::parse(mtext); } catch (...) { continue; }",CLI-003,解析失败静默 continue；判定主体为全节点集合,解析失败按 IO/INPUT 显式返回；归因限定失败节点 manifest,坏 manifest 注入下退出码稳定且归因正确（能红）,-,(a) 解析失败静默丢弃致 DATA→2/IO→7；(b) 多节点 run 串扰
W5-N-05,"配置解析 catch 就地返回 "".""（CWD）且无日志；同一 cfg_text 二次解析各自默认",OPEN,"grep -c 'value(""output_dir"", std::string("".""))' lib/infrastructure/cli/commands.cpp [rc=0]→11 处；sed -n '745,752p' 同文件 [rc=0]→try { return nlohmann::json::parse(cfg_text).value(""output_dir"", std::string(""."")); } catch (...) { return std::string("".""); }",CLI-003,解析失败静默回落 CWD，无 warning 事件/stderr；信任边界后重复解析,catch 分支返回错误（rc=2/3）或显式 warning+落 run/；复用已解析文档,坏 config 时 run 非 0 且不落 CWD 产物（能红）,-,6 处 json::parse(cfg_text)，行号已随 CLI-001 重定位（原 :888 等 → 现 :749/:1003/:1105/:1338/:1696）
W5-N-10,非冻结码当退出码（exec 127/chdir 126）；唯一源路径与 DESIGN §6.3 不一致,OPEN,"grep -n -e ""_exit(127)"" -e ""_exit(126)"" lib/infrastructure/cli/process.cpp [rc=0]→:173 ::_exit(126) ／:175 ::_exit(127)（不在冻结集）；sed -n '44p' include/astrocs/core/contracts.h [rc=0]→OK = 0, ARGS = 2, INPUT = 3, SCIENCE = 4, BACKEND = 5,…（映射表）；ls include/astrocs/exit_codes.h [rc=2]→不存在（真实源 lib/infrastructure/cli/exit_codes.h）；grep -n ""\""enum\"""" contracts/schemas/jsonl_event_v1.schema.json [rc=0]→:64 enum [0,2,3,4,5,6,7,8,9,10,70]",CLI-003,子进程 exec/chdir 失败用 shell 约定码；唯一源路径与文档/DESIGN §6.3 不一致,126/127 映射为 INTERNAL=70（或登记为子进程内部约定，不进 CLI 退出面）；订正唯一源路径,CLI 退出码恒在冻结集内（能红）,-,台账原报 commands.cpp:306/309 的 rc=124/127 已随 RUNTIME-CI-001 移出，约定改驻 process.cpp
FD-F-001,cpu_provider_test 的共享表守卫只读源文件前4096B判include文件名字符串，不构成对「表唯一不漂移」的判据,OPEN,"timeout 20 grep -n -e check_shared -e baseline_kernels_impl.inc -e backend_table.inc tests/unit/cpu_provider_test.cpp rc=0 -> 62:auto check_shared=[&](const std::string& f){ / 72:CHECK(s.find(""baseline_kernels_impl.inc"")!=npos); 66:char buf[4096]; timeout 20 grep -n cpu_provider tests/unit/CMakeLists.txt rc=0 -> 218 add_executable/223 add_test(NAME cpu_provider)",CPU-001,门只匹配 .cpp 前 4096B 的 include 文件名字符串，不比对表内容/精度列；V14-N-03 实测 backend_table.inc 12 行 vs 实现 12 行中 6 行 precision 不一致时该门仍绿,把守卫改为对 baseline_kernels_impl.inc/backend_table.inc 的内容哈希与逐行字段(kernel_id/precision_class)比对，并覆盖三个 backend TU,注入一处 precision_class 漂移，cpu_provider_test 必须判红（能红能绿）,ENGINEERING_SPEC §5.1 独立 Oracle/解析解；ASTROCS_DESIGN §11.1 每个近似须有 mutation 证明门能红,行号漂移(台账 :62/68/72 → 现行 :62/66/72)，目标哈希一致 tests/unit/cpu_provider_test.cpp@4aa984c0e0da
L28c-D-002,bench_report.h 三阈值(kMadMedianRelMax=0.35/kBenchWarmup=3/kBenchSamples=7)只活在 lib/backend_host 内，注释以「预冻结规则(唯一出处;CPU-006验收)」承载裁决,OPEN,"timeout 20 grep -rn -e kMadMedianRelMax -e kBenchWarmup -e kBenchSamples lib --include=*.h --include=*.cpp rc=0 -> lib/infrastructure/benchmark/backend_host/bench_report.h:40-42 定义、bench_report.cpp:153/221-222/348-350 使用；timeout 20 sed -n ""30,50p"" 同头文件 rc=0 -> 34:预冻结规则(唯一出处; CPU-006 验收: 异常值剔除规则预先固定)；timeout 20 grep -rn -F ""0.35"" docs contracts ci rc=1（零命中；contracts/resource_gate_v1.json 存在但只含资源门数值）",CPU-001,数值与「异常值剔除裁决」只存在于代码注释+常量：注释含任务编号 CPU-006 且该编号无现行文档；登记面(docs/contracts/ci)零命中,三阈值写入现行权威数值源(contracts/ 下的 benchmark 判据文件)与 benchmark/observability 文档，注释只留单位/统计理由,检查器断言三常量与登记面文件逐字一致；删注释中任务编号后仍可定位数值来源,ENGINEERING_SPEC §2（注释白名单+禁以注释承载裁决）；§10 CPU-heavy 多线程与利用率门禁见 ASTROCS_DESIGN §8,目标由 lib/backend_host → lib/infrastructure/benchmark/backend_host（ARCH-001 #16）；行号 40-42 未漂移
M5a-A-001,ACR_EQUIVALENCE 的 1e-6 包络推导把 eps×depth×tiles 相乘，1e-7×32 已超其 1e-6 包络,OPEN,timeout 20 grep -n -e 1e-7 -e 1e-6 docs/science/ACR_EQUIVALENCE.md rc=0 -> 85:float32 mosaic_reject：CPU/GPU 差 max_abs ≤ 1e-6 ADU（FMA 阶差异，预冻结）；87:推导：float32 机器精度 ~1e-7 × depth≤32 累积 × tiles 714 独立像素，实测 ≤1e-6 包络；禁止失败后增大,CPU-001,冻结文档的误差界推导与自身数值不自洽（1e-7×32=3.2e-6 > 1e-6；再乘 714 更远离包络），且 max 判据被当作与像素数线性相关,改写推导为可复算式（给出 eps、累积步数上界与 max 判据的极值统计口径），或经 SCI 变更流程改容差,按改写后的推导复算得到 ≤1e-6 的界，且门在注入 1.1e-6 时判红,ENGINEERING_SPEC §3 精度与默认容差冻结且须有可辩护来源；ASTROCS_DESIGN §11.1 误差界须可复算,ACR DORMANT（DESIGN §1.3/§7.1）故无运行值影响，仍属冻结文档缺陷；:85/:87 行号未漂移
M5a-C-001,--cpu-profile 仅被 show-effective 消费，run 预算恒取 cli_affinity_cpu_count，provider 字面量 baseline 4 处，profile 选路对产品行为无效,OPEN,"timeout 20 grep -n cpu-profile lib/infrastructure/cli/parser.cpp rc=0 -> 41 仅出现在 cmd_value_tokens() 全局取值令牌集（不再是三 phaseN run 的 kRules 表）；timeout 20 sed -n ""170,195p"" lib/infrastructure/cli/commands.cpp rc=0 -> 160-176:cmd_show_effective 内 if(p.values.count(""--cpu-profile"")) … route_kernel_from_profile(…)；timeout 20 grep -n cli_affinity_cpu_count lib/infrastructure/cli/commands.cpp rc=0 -> 653/671/785/1059/1270/1474 预算均取 affinity；timeout 20 grep -c set_provider(""baseline"") lib/infrastructure/scheduler/src/module_adapters.cpp rc=0 -> 4",CPU-001,cpu_profile 只进 show-effective 报告，run 路径的预算与 provider 选择不读 profile（恒 baseline）→ profile 选路对产品行为无效,run 路径接入 profile 选路与 budget（或在文档/CLI 明确 --cpu-profile 仅为诊断报告项并从 run 命令取值面移除）,注入 profile 指定 provider/workers，run manifest 的 provider/budget 必须随之变化（否则 CLI 帮助须声明不支持）,ASTROCS_DESIGN §8（benchmark 生成绑定 CPU 特征的 cpu_profile；一个进程只有一个线程预算源）,目标 cli/** → lib/infrastructure/cli/**；根 CMakeLists.txt:637/651-655 显示该目录已在构建图内（RUBRIC §4 的「不在构建图」说法已过期）
M5a-C-004,ISA_VARIANTS 称变体 Oracle「与 Python 参考比对」，而 avx2 变体 runner 仅做 avx2 vs baseline 互比，无独立参考通道,OPEN,"timeout 20 grep -n -e ""Python 参考比对"" -e ""avx2 vs baseline"" docs/architecture/ISA_VARIANTS.md tests/cpu/avx2/provider_avx2_oracle_main.cpp rc=0 -> ISA_VARIANTS.md:73:variant Oracle: … 输出允许 FMA 舍入差(容差 2e-4 相对, 与 Python 参考比对)；timeout 20 grep -c ""import numpy"" tests/cpu/avx2/run_provider_avx2_checks.py rc=1 -> 0；timeout 20 sed -n ""1,60p"" 同文件 rc=0 -> 文档串「依赖: 仅标准库」且第 5 条自述「baseline 对照容差: 两热点 avx2 vs baseline … ≤ 2e-4 (baseline 已与 f64 参考一致 CPU-002)」",CPU-001,变体科学门把「baseline 已被 f64 参考验证」当作传递独立性，未做误差合成，也未在变体侧设独立参考；文档声称与实现不符,在变体 runner 内加入独立 f64/Python 参考比对（或给出参考差与 2e-4 互比差的误差合成证明），ISA_VARIANTS:73 文本与实现对齐,对 avx2 变体注入数值偏差 ≤2e-4 但超 f64 参考容差时门必须红；ISA_VARIANTS 描述与 runner 通道一致,ASTROCS_DESIGN §11.1（独立解析/高精度/Monte Carlo Oracle）+ ENGINEERING_SPEC §5.1,tests/cpu/baseline/run_provider_oracle_checks.py:63-64 有 Python f64 参考（baseline 侧），avx2 侧无
M5a-G-010,三个 provider 无 executor 即整图串行（workers=1）且公共头把该退化写成合同，与 conservative_route 的按可用核数相反,OPEN,"timeout 20 grep -n -e ""workers = 1"" -e conservative_route lib/infrastructure/benchmark/cpu/baseline/src/baseline_provider.cpp lib/infrastructure/benchmark/cpu/avx2/src/avx2_provider.cpp lib/infrastructure/benchmark/cpu/avx512/src/avx512_provider.cpp lib/infrastructure/benchmark/backend_host/cpu_routing.cpp rc=0 -> baseline:418/431(/* 无 executor → 串行 */)、avx2:244/257、avx512:243/256；cpu_routing.cpp:192 conservative_route(...)，180/187 r.workers 下限 1、按 available 取宽",CPU-001,provider 在缺 executor 时静默退化为单线程整图且不上报降级，与 cpu_routing 的保守路由（≥1 但不退 1）方向相反,退化路径发显式降级事件/chain 记录（或按 available_cpus 自建线程预算），公共头不得把「无 executor=串行」写成合同,注入无 executor 场景，资源门/日志必须出现降级记录而非静默串行,ASTROCS_DESIGN §8（模块不得硬编码 workers，CPU-heavy 必须多线程）；ENGINEERING_SPEC §10,目标 providers/cpu → lib/infrastructure/benchmark/cpu（ARCH-001 #16）
M5a-H-001,baseline_provider 的 DRIZZLE_ACCUMULATE/INTEGRATION_ACCUM 仍 float 累加，NORMALIZE 用裸 1e-6f 静默归零,OPEN,"timeout 20 grep -n -e ""float acc"" -e 1e-6f lib/infrastructure/benchmark/cpu/baseline/src/baseline_provider.cpp rc=0 -> 268:float acc=0.0f; 278:o[i]=(b[i]>1e-6f)?(a[i]/b[i]):0.0f; 288:float acc=0.0f; 349:float acc=0.0f,wsum=0.0f; 354:o[i]=(wsum>1e-6f)?(acc/wsum):0.0f",CPU-001,精度与零权重处理在实现里以 float 与裸阈值静默归零，未按声明精度执行、也未显式报告（UPM_SPMV 越界列同型）,按 kernel 声明精度(表内 precision_class)执行并统一零权重/越界语义；静默归零改显式计数或错误码,注入 wsum=0 与越界列用例，输出必须带显式状态/计数；声明精度与实现精度一致（表↔实现逐行比对）,ASTROCS_DESIGN §3.3 科学模块按声明精度执行；ENGINEERING_SPEC §3 模块不得按 CPU 型号改公式,与 FD-F-001/V14-N-03 同源：该文件 12 行 kernel 表中 6 行声明 F64 而实现 F32
M8-A-001,baseline oracle runner 自设容差 tol=2e-4（比被判定文档 FP32 容差松约 200 倍）、用被声明「不可互换」的 1.4826、存在恒不可达豁免分支且 docstring 指向不存在的脚本,OPEN,"timeout 20 grep -n -e 1.4826 -e ""tol = 2e-4"" -e FAILURES tests/cpu/baseline/run_provider_oracle_checks.py rc=0 -> 111:mad=sorted(abs(x-m) for x in v)[1]*1.4826；186:tol=2e-4；221:if not any(n.startswith(""noise"") and ""mad"" in f for f in FAILURES): 222:pass（紧随 223:if FAILURES 恒不可达）；timeout 20 sed -n ""10,15p"" 同文件 rc=0 -> 13:（见 run_cpu_baseline_checks.py）；timeout 20 ls tests/cpu/baseline/ rc=0 -> 该文件不存在（仓内零命中）",CPU-001,判定器自设容差与统计常数，未引用被判定文档的容差来源；失败分支为死代码；引用文件不存在 → 门的红/绿不承载科学判据,容差与常数改从被判定文档/合同读出（或写明误差合成依据），删除死分支，修正 docstring 引用,注入 1e-6 级偏差（文档容差内、2e-4 外）门必须红；docstring 引用文件存在,ENGINEERING_SPEC §5.1 独立 Oracle/解析解；§8 能红能绿且豁免显式登记,文件已由 tools/monitoring/ 迁 tests/cpu/baseline/，行号 :111/:186/:221 未漂移
M8-F-014,tests/backend/test_isa_avx.py 空断言 assertTrue(True) 与自写判据工件（测试自己 csv.writer 写 MEASUREMENTS.csv）,OPEN,"timeout 20 grep -n -e ""assertTrue(True)"" -e ""csv.writer"" tests/backend/test_isa_avx.py rc=0 -> 81:w=csv.writer(f)（测试自写 artifacts/prerelease_v5/ISA-002/MEASUREMENTS.csv）；109:self.assertTrue(True)  # 比值断言在 LOG 人工判读; 这里是结构守卫",CPU-001,门对「AVX 不优于 AVX2」无任何断言，判据工件由被检测试自行生成 ⇒ 门不能红,把比值判据实现为真实断言（读 benchmark 产物或现场测量），判据工件由 benchmark 侧产出，测试只读,注入 avx 优于 avx2 的比值，该测试必须判红；测试不得写入自己的判据工件（机器检查 IO 白名单）,ENGINEERING_SPEC §8 每项检查有正例与负例；ASTROCS_DESIGN §8 benchmark 产出判据工件,同族 V18-N-12（同一文件 :87/:109）保留独立 ID
V14-N-03,backend_table.inc 与 baseline_provider.cpp 的 kernel 表存在 precision 漂移（6/12 行 F64 vs F32），守卫只判文件名子串,OPEN,"timeout 20 python3 逐行比对 rc=0 -> inc_rows 12 / cpp_rows 15；DIFF 可见 ALG-004 noise-snr-reductions 与 ALG-002/ALG-006×3 等：inc 侧 ACS_PRECISION_F64 vs cpp 侧 ACS_CPU_BASELINE_PREC_F32；timeout 20 grep -n backend_table.inc tests/unit/cpu_provider_test.cpp rc=0 -> 73:CHECK(s.find(""backend_table.inc"") != std::string::npos)（只判文件名）",CPU-001,表内 precision 字段无消费者、守卫不判内容 → 登记面(表)与实现(provider)精度声明长期不一致仍绿,表与实现同源生成（或加逐行字段比对门）；precision 字段接入实际执行精度,逐行比对门：inc 与 provider 表 kernel_id/precision_class 全等，注入一行漂移即红,ENGINEERING_SPEC §8 模块 manifest/注册表/构建 target/产品清单一致、能红能绿,目标 lib/backend_host → lib/infrastructure/benchmark/backend_host；与 FD-F-001 同源不同侧面
V15-N-10,"cpu005_route_decision_test 与 p1_noise_test 用 find(""raised"")/find(""invalid"")/reason.find(""gain"") 等自由文本子串做判据，析取式可绿",OPEN,"timeout 20 grep -n -o find(""raised"") tests/cpu/dispatch/cpu005_route_decision_test.cpp rc=0 -> 199:find(""raised"")；timeout 20 grep -n -o find(""invalid"") 同文件 rc=0 -> 212:find(""invalid"")；timeout 20 grep -n -o reason.find(""gain"") tests/unit/p1_noise_test.cpp rc=0 -> 105:reason.find(""gain"")",CPU-001,判据建立在自由文本子串与析取式上（raised 或 verify、source_commit 或 invalid），hash 不符也能绿,改为断言结构化诊断字段/状态码（ENGINEERING_SPEC §9 统一状态码），删除析取式,注入「hash 不符」变体，测试必须红；测试内不出现 find(<自由文本>) 形态,ENGINEERING_SPEC §8 能红能绿；§9 错误经统一状态码+结构化诊断传播,行号 :199/:212/:105 未漂移
V15-N-11,test_isa_variants.py 文本锁同一不变量第二实例、测试自写 MEASUREMENTS.csv、把历史数字 +28.2% 钉进文档契约,OPEN,"timeout 20 grep -n -e baseline_kernels_impl.inc -e ""csv.writer"" -e ""28.2"" tests/backend/test_isa_variants.py rc=0 -> 56:self.assertIn('#include ""baseline_kernels_impl.inc""', v)；82:w=csv.writer(f)（自写 ISA-001/MEASUREMENTS.csv）；94:""calibration"", ""+28.2%"", ""共享"", ""FMA"")",CPU-001,判据为文本锁与历史性能数字，且测试自行生成判据工件 → 门不承载当轮测量，「能红」只在文本变化时成立,改为读 benchmark 当轮产物并断言比值/共享源结构；历史数字从契约中移除或标为参考,删除被锁文本或改一处实际数值，门必须按语义判红；测试不写判据工件,ENGINEERING_SPEC §8 能红能绿；ASTROCS_DESIGN §8 benchmark 生成 cpu_profile 用稳定统计,行号 :56/:82/:94 未漂移
V21-N-01,能力 ABI 四值域在 provider 边被并成 OK/非 OK→ACS_ERR_UNSUPPORTED，参数错与 ABI 失配在宿主侧不可区分,OPEN,"timeout 20 grep -n ""ACS_CAP_OK) return ACS_ERR_UNSUPPORTED"" lib/infrastructure/benchmark/cpu/baseline/src/baseline_provider.cpp lib/infrastructure/benchmark/cpu/avx2/src/avx2_provider.cpp lib/infrastructure/benchmark/cpu/avx512/src/avx512_provider.cpp rc=0 -> baseline:63 / avx2:76 / avx512:103；timeout 20 sed -n ""108,114p"" lib/infrastructure/benchmark/cpu/common/include/astrocs/cpu/capability_v1.h rc=0 -> ACS_CAP_OK=0/ERR_PARAM=1/ERR_ABI_MISMATCH=2/ERR_UNSUPPORTED=5（四值定义在位）",CPU-001,provider 入口把 status 塌缩为二值，宿主无法区分参数错/ABI 失配/不支持 → 诊断与退出码语义丢失（同文件 host_abi 边仍保留 ABI_MISMATCH，正对照）,按 capability_v1.h 四值逐值映射到 ACS 错误码；宿主侧保留区分,构造 ERR_PARAM 与 ERR_ABI_MISMATCH 场景，宿主返回码必须不同（可区分）,ENGINEERING_SPEC §9 统一状态码跨平台同失败同码；ASTROCS_DESIGN §6.3 退出码表,路径 providers/cpu → lib/infrastructure/benchmark/cpu（ARCH-001 #16）
V7-N-08,sched_getaffinity 失败或计数为 0 时静默按 1 核（探测失败与真 1 核同值），hardware_inspect 不检查返回值,OPEN,"timeout 20 sed -n ""88,98p"" lib/infrastructure/cli/commands.cpp rc=0 -> if (sched_getaffinity(0,sizeof(set),&set)!=0) return 1u; / return n==0 ? 1u : n;；timeout 20 sed -n ""160,170p"" lib/infrastructure/benchmark/backend_host/hardware_inspect.cpp rc=0 -> sched_getaffinity(0,sizeof(set),&set) 返回值未判（空集→avail=0→保守取 1）",CPU-001,探测失败无判别位、与真实单核同值 → 绿/红取决于一次静默探测失败，预算与 manifest 不可区分,探测失败返回显式错误/诊断位（不并入默认 1），manifest 记录 budget 来源,注入 sched_getaffinity 失败，manifest 必须出现探测失败标记且预算来源可区分,ASTROCS_DESIGN §8（cpu_profile 绑定 CPU 特征；无 profile 应保守运行并提示）；docs/design/UNIFIED_MODEL.md §3,目标 cli/commands.cpp → lib/infrastructure/cli/commands.cpp（该目录已在构建图内，见 M5a-C-001 备注）
W3-R2-005,provider 在 cap≤1/N≤1 或 acquire 失败时仍执行 release（守卫不含「是否曾 acquire」），host_release 无下限钳制 ⇒ active_workers 可负、预算门恒真,OPEN,"timeout 20 sed -n ""426,432p;453,458p"" lib/infrastructure/benchmark/cpu/baseline/src/baseline_provider.cpp rc=0 -> 429:(void)host->executor->acquire(…,1)（返回值丢弃）；455-457:if (host… && host->executor->release!=nullptr && workers>0) release(…, workers)（守卫不含曾 acquire）；timeout 20 sed -n ""75,86p"" lib/infrastructure/benchmark/backend_host/host_services.cpp rc=0 -> host_release: active_workers.fetch_sub(n)（无下限钳制；acquire 侧 :75 才有 min 夹取）",CPU-001,acquire/release 不对称（跳过 acquire 仍 release、acquire 失败仍 release），且 release 无下限钳制 → Σactive 可为负，预算不变量永久失效（avx2/avx512 同形）,release 以「实际 acquire 成功量」为唯一入参（记录 granted），release 侧加下限钳制并断言 active≥0,注入 cap=1 与 acquire 失败场景，active_workers 恒 ≥0 且预算门读数非负（可复跑断言）,ASTROCS_DESIGN §8 一个进程只有一个资源调度器与线程预算源；ENGINEERING_SPEC §10,provider execute 面在 cli/lib 无直调（可达面为 tests/cpu oracle），故维持 P1
W5-N-02,cpu_routing 解析 profile 异常时 catch(...){/* handled */} 使 prof 保持空对象，静默回落 provider=baseline，无日志/观测/chain 记录,OPEN,"timeout 20 sed -n ""408,418p"" lib/infrastructure/benchmark/backend_host/cpu_routing.cpp rc=0 -> 412:try { prof = nlohmann::json::parse(profile_json); } catch (...) { /* handled */ }；414-416:has_row ? jget_ref<std::string>(*kp,""provider"",""baseline"") : ""baseline""（无记录即回落）",CPU-001,注释写 handled 而正文为空：解析异常与「键不存在」共用同一出口，回落 baseline 不留痕，注释与行为相反（§2 注释禁令）,异常分支显式记录（chain/事件/错误码）并区分「profile 不可读」与「键缺失」；注释同步,注入损坏 profile，必须出现可查的回落记录（chain/事件）而非静默 baseline,ENGINEERING_SPEC §2 注释只写非显然决定且不得与实现矛盾；§10 资源/后端回落必须可查,目标 lib/backend_host → lib/infrastructure/benchmark/backend_host
W5-N-03,worker_advisor 对 cgroup/job 文本解析异常 catch(...){} return false，与「键不存在」同出口 ⇒ 失去 OS 上限按更大 workers 计算（fail-open）,OPEN,"timeout 20 sed -n ""68,76p"" lib/infrastructure/benchmark/backend_host/worker_advisor.cpp rc=0 -> 74:} catch (...) { } 75:return false（无记录、与键不存在同返 false）；同文件对照 :196 chain += ""profile_foreign_schema""、:210 chain += ""profile_unreadable"" 均有显式回落记录",CPU-001,解析异常与约束缺失不可区分且无记录 ⇒ 容器文本稍有出入即失去 cgroup 上限，按更大 workers 计算，无观测面,异常分支返回显式「不可读」状态并记录 chain；上层对「不可读」按保守上限处理（不按无约束）,注入畸形 cgroup 文本：必须记录不可读状态并采用保守 workers（不得放宽）,docs/plugins/infrastructure/19_runtime.md §7 错误与边界/§5 配置项；ENGINEERING_SPEC §10 不得按缺失约束放宽,目标 lib/backend_host → lib/infrastructure/benchmark/backend_host
L28e-E-002,10 枚 DATA-* ID（IMG-VAR/IVAR/WEIGHT/SUPPORT/MASK、CAT-PSF/PHOT、REJ-MAP、P3-FITS、WCS）零承载；门只验表内自洽,FIXED,"timeout 30 python3 tools/check_data_artifacts.py (rc=0) -> ""DATA_ARTIFACTS_PASS schemas=30""；for i in <10 ids>; do grep -c $i docs/contracts/DATA_ARTIFACTS.md; done (rc=0) -> 10/10 各 1~2 命中，例 :13 ""| DATA-IMG-IVAR-001 | inverse variance | f32/f64 | [H,W] | ADU⁻² |""",DATA-001,-,-,-,修复证据：10 枚 ID 全部登记进 DATA_ARTIFACTS.md，登记门 rc=0（30 schema）,读时 hash 与包内一致
M1a-G-002,PHASE3_API_V1 自称 FROZEN 且仅 TAN，引用的 schemas/phase3_request_v1.schema.json 全仓不存在,OPEN,"timeout 30 ls contracts/schemas/ (rc=0) -> 14 项，无 phase3_request_v1.schema.json；timeout 30 grep -rn phase3_request docs contracts tests tools ci lib (rc=0) -> 仅 docs/api/PHASE3_API_V1.md:16；timeout 30 sed -n ""3p;24p"" docs/api/PHASE3_API_V1.md -> ""状态: FROZEN (V5 API-005, 2026-08-28)"" / ""| projection | 枚举 | **仅 TAN**,其他→UNSUPPORTED |""；ASTROCS_DESIGN.md:264 冻结 TAN/SIN/CAR/AIT/STG/MOL/CEA/ZEA",DATA-001,API-P3-001 文档与实现停在单投影 TAN，且引用不存在的 request schema，未随最高设计 §5.3 八投影更新,按 §5.3 实现/声明八投影并补 contracts/schemas/phase3_request_v1.schema.json（或退役该引用）,contracts 索引含该 schema，API 文档与 AST/实现一致（tests/api/test_p3_api.py 由 assertIn 文本断言升级为结构断言）,-,-
M2a-A-3,最近邻平手/半径开闭/多坐标去重只存在于实现，ALG 称不做匹配求解，合同仅一行 out_match_idx,OPEN,"timeout 30 grep -n -m2 ""ang_dist < best_ang_dist"" lib/infrastructure/gaia_xpsd_client/src/gaia_client.c (rc=0) -> 2525 严格小于（平手取遍历先见者，非确定）；timeout 30 grep -n -m2 ""不做匹配求解"" docs/algorithms/GAIA_QUERY.md (rc=0) -> 22；timeout 30 grep -n -m2 out_match_idx docs/contracts/DATA_SEMANTICS.md (rc=0) -> 113 单行",DATA-001,匹配语义（平手裁决/半径开闭/同星去重）未进 ALG 权威与 DATA 合同，只在实现里,ALG-GAIA-001 补匹配/平手/半径开闭条款，DATA_SEMANTICS §8.2 补 out_match_idx 语义面,平手输入双跑 bitwise 一致 + 合同字段逐列登记门,-,-
M2a-C-1,索引编码容量按 matched_count 截断且载荷不携 n_coords,FIXED,"timeout 30 grep -n b64_idx_cap lib/infrastructure/gaia_xpsd_client/src/module_entry.c (rc=0) -> 777 ""uint64_t b64_idx_cap = match_idx ? b64_encoded_len((uint64_t)c.n_coords * sizeof(int)) : 3;""；timeout 30 grep -c n_coords 同文件 (rc=0) -> 11",DATA-001,-,-,-,"修复证据：编码容量按 c.n_coords，合同 §8.2:113 已补""长度 = n_coords""，旧实现已不存在",-
M2a-C-10,artifact_types.registry.json 第 4 类型 astrocs.calibrated_frame.v1 过不了自家 schema 词法,OPEN,timeout 30 python3（json.load 后逐 id match）(rc=0) -> decoded pattern ^astrocs[.][a-z0-9]+[.][a-z0-9_]+[.]v[0-9]+$：frame_hips/mosaic_hips/planar_fits=True，astrocs.calibrated_frame.v1=False；phase_product_exchange.schema.json 同 pattern；validator:54 先词法、:57 才查注册表,DATA-001,注册表词法与两份 schema 的 type_id pattern 不兼容，该类型一经使用必被自家校验器以 lexical invalid 拒绝,统一 type_id 词法（扩 pattern 允许三段式或改 ID 为四段），同步两处 schema,validator/checker 对全部注册 type_id 恒过一个正例（含 calibrated_frame.v1）,-,探针须先 json.load 再 compile：schema 原文含双反斜杠转义，直接拿 raw 文本当日志会得出全 False 的假信号
M2a-C-12,"DATA_SEMANTICS/README 称 parallax/pmra/pmdec""未初始化""，实现已显式置 0；schema 仍下发四列",OPEN,"timeout 30 sed -n ""115,128p"" docs/contracts/DATA_SEMANTICS.md (rc=0) -> :121-122 ""明确**不输出**：source_id（恒 0 占位）、parallax/pmra/pmdec（输出结构体中**未初始化**""；timeout 30 grep -n calloc lib/infrastructure/gaia_xpsd_client/src/gaia_client.c (rc=0) -> 2072 ""CAT-GAIA-IMPL: 契约要求 parallax/pmra/pmdec 显式置 0""；grep -n parallax src/module_entry.c (rc=0) -> 802-803 仍下发 parallax/pmra/pmdec/source_id 四列",DATA-001,文档仍写 UB 面失实（代码已 calloc 置 0），且 cone 行 schema 下发恒 0 列却无 invalid 表达,"DATA_SEMANTICS/README 改为""显式置 0""，或在 schema 给四列 invalid/常量语义",文档与 calloc 实现一致 + 恒 0 列在合同中有 invalid 表达的门,-,docs/contracts/DATA_SEMANTICS.md 读时 hash=26a313aeba17（包内=af6883eeb9b3，并发线在改，行号已漂移）
M2a-C-14,两份 schema storage_uri 分叉；_TYPE_ID_RE 两处独立维护；maximum 未实现,OPEN,"timeout 30 grep -n -A4 ""storage_uri"" contracts/data/phase_product_exchange.schema.json contracts/data/artifact_manifest.schema.json (rc=0) -> exchange:54 ""{ type: string, minLength: 1 }"" vs manifest:42-47 有 pattern+minLength+maxLength 1024；timeout 30 grep -rn _TYPE_ID_RE --include=*.py lib tools (rc=0) -> artifact_manifest_validator.py:40 与 phase_product_exchange_validator.py:54 各一份；_is_nonneg_int(:126) 只判 >=0，未实现 schema:71 maximum",DATA-001,两合同各维护一份执行形态（schema/validator），同字段约束未同步,storage_uri 单一定义；_TYPE_ID_RE 抽公共常量；校验器补 maximum 与 64hex/URI 约束,两 schema 字段与约束逐项一致门，且校验器对越界输入能红,-,-
M2a-C-9,header_len 读出即弃；root_pos/node_count 无 mmap 区间校验；child 索引未与 node_count 比对,OPEN,"timeout 30 grep -n header_len lib/infrastructure/gaia_xpsd_client/src/gaia_client.c (rc=0) -> 1221 声明、1222 memcpy，全文件无第 3 处使用；timeout 30 sed -n ""1320,1340p"" 同文件 (rc=0) -> 1329 root_pos=parse_int_after(...)、1336 ""const uint8_t *node_data = xf->mmap_data + root_pos;"" 直接取址无界检查",DATA-001,自写目录解析器不校验长度/偏移字段，坏文件可越界读,校验 header_len/root_pos/node_count 落在映射区间内并 fail-closed，child 索引与 node_count 比对,"新增""长度字段撒谎/偏移越界/child 自指""负例（当前 negative 用例把静默跳过钉成期望）",-,-
M2a-E-5,DATA-002 以裸函数名引用测试，按名追溯断链,OPEN,"timeout 30 grep -c ""def test_no_implicit_name_binding|def test_missing_hash_rejected"" tests/artifact/test_phase_product_exchange.py (rc=1) -> 0；timeout 30 grep -rn 同两名字 tests/ (rc=0) -> 仅 tests/runtime/test_phase_lifecycle.py:168 test_missing_hash_rejected（非合同所指）；grep -n test_missing_hash_rejected docs/interfaces/data/DATA-002_PHASE_PRODUCT_EXCHANGE.md (rc=0) -> :172/:175",DATA-001,合同按裸函数名引用测试，实际文件以 class TestNoImplicitNameBinding 组织，名字已不存在,DATA-002 改引真实用例定位（file::class::method）或补同名用例,CHK-CONTRACT-TEST 按名解析不再断链（能红能绿）,-,-
M2a-G-2,登记门正则只覆盖带 -NNN 的 DATA-*，覆盖面缺口 30/43,OPEN,"timeout 30 python3 -c（同款 DATA_RE 对 DATA_SEMANTICS.md 全量去重）(rc=0) -> ids= 43 matched= 13 unmatched= 30（sample: DATA-001 DATA-P1-CAL DATA-P1-COS DATA-P1-DRZ）；timeout 30 grep -n DATA_RE tools/check_data_artifacts.py (rc=0) -> :16 ^DATA-[A-Z0-9-]+-[0-9]{3}$；timeout 30 grep -n ""全部在本表登记"" docs/contracts/DATA_ARTIFACTS.md (rc=0) -> :125",DATA-001,登记规范两式（带/不带 -NNN）与门正则单一式不一致，门给绿属假覆盖,放宽正则或按登记规范两式并采，并同步 DATA_ARTIFACTS:125 措辞,门对未登记 ID 必红（注入用例），覆盖 DATA_SEMANTICS 全部声明 ID,-,-
M2a-H-2,variance≤0 仍 continue 整颗丢弃，方差值充当 validity 掩膜且零计数,OPEN,"timeout 30 grep -n ""varianceValue <= 0.0f|合法数据边界|source_pixels++"" lib/algorithms/drizzle/healpix_drizzle/drizzle_engine.cpp (rc=0) -> 1906/1912 ""if (... <= 0.0f) continue; // 合法数据边界, 非掩膜""、1916 source_pixels++ 在其后",DATA-001,UNIFIED_MODEL §2 要求 validity 是门、variance 是估计量；实现用 variance 值兼作门，被丢像素信号/覆盖/nContrib/source_pixels 全不计,待负责人 A-11 裁决语义后，统一实现与头注释/DATA/ALG 三处文本（或改为 validity 位 + 方差保留）,variance≤0 像素的 validity 计数与信号/覆盖口径一致的用例；三处文本与实现一致,-,"OPEN_ITEMS.md 无 A-11 登记项，R-1..R-7 亦无该裁决 ⇒ 裁决仍缺，不能据""SCI-INT 认可""注释判 FIXED"
M2a-I-2,module.yaml determinism=fixed_reduction_order 与同模块 ALG 承认行序跨平台不稳定并存,OPEN,"timeout 30 grep -n determinism lib/infrastructure/gaia_xpsd_client/module.yaml (rc=0) -> 57 ""determinism: fixed_reduction_order""；timeout 30 grep -n ""输出行序|枚举顺序"" docs/algorithms/GAIA_QUERY.md (rc=0) -> 167 ""5. 输出行序依赖目录枚举顺序（跨平台不稳定，见 §3 输出契约）""",DATA-001,确定性标记是上层唯一读取口径，却与同模块算法文档自斥（行序依赖目录枚举）,或修实现使输出行序确定（显式排序），或降级 manifest 标记并在 ALG/合同登记偏差,同输入双跑 bitwise 对拍门；manifest 声明与 ALG 文本一致,-,-
M2a-I-3,"现行数据接口合同以归档件 AstroCS_ENGINEERING_CONSTRAINTS.md 附录作""约束来源""",FIXED,"timeout 30 grep -rn 约束来源 docs/interfaces/data/DATA-003_PRODUCTION_ARTIFACT_STORE.md docs/interfaces/data/DATA-004_PRODUCT_PROVENANCE.md (rc=0) -> :16/:32 均改指 ""ASTROCS_DESIGN.md §1.2/§9""；timeout 30 ls AstroCS_ENGINEERING_CONSTRAINTS.md (rc=2) -> 不存在",DATA-001,-,-,-,修复证据：两份现行合同已改引最高设计 §1.2/§9，归档件引用消失,-
M2b-C-04,hips_version 四层口径不一（runtime 强制 1.4 / reader 仅存在性 / Phase3 不校验 / 夹具写 1.0），注册表基线挂 PR 文档,OPEN,"timeout 30 grep -n ""PR-HiPS-1.0-20161122"" docs/standards/STANDARDS_REGISTRY.md (rc=0) -> :46/:94 仍挂 PR + properties 1.4；timeout 30 grep -n hips_version writer (rc=0) -> :1078/:1327 ""1.4""；grep hips_core.c (rc=0) -> :213 ""hips_version=%s 不支持 (合同接受 1.4)""；grep -c hips_version lib/phase3_session/hips_properties.cpp (rc=1) -> 0；timeout 30 sed -n ""108p"" tests/unit/p3002_uncertainty_test.cpp -> ""hips_version = 1.0""",DATA-001,读/写/校验三层值域与测试夹具不统一；注册表以 PR 草案为基线而非 REC，且四层无单一事实源,以 IVOA HiPS REC 为基线统一 hips_version 值域（写 1.4、读校验 1.4、夹具 1.4），注册表登记实现偏差,写→读→校验闭环用例 + 注册表与实现一致性门（含夹具）,-,"docs/standards/STANDARDS_REGISTRY.md 读时 hash=14217bb06978（包内=c026817d6f93，并发线在改）；RUBRIC §4 把该文件列为""已删""，实测仍存在 37681B"
M2b-H-02,"越界 ipix 先置 ra=dec=0 再 return，(0°,0°) 与""未写值""不可分；头注释写成""与调用方约定""",OPEN,"timeout 30 grep -n ""ra=dec=0|ra_deg = 0.0|ipix >= 12ULL"" lib/algorithms/shared/healpix/healpix_core.h lib/algorithms/shared/healpix/healpix_core.cpp (rc=0) -> h:29 ""// ipix 越界时 ra=dec=0 (与调用方约定一致)""、cpp:249 ""ra_deg = 0.0;""、cpp:255 ""if (ipix >= 12ULL * npface) return;""",DATA-001,"越界哨兵取合法天球点 (0,0)，调用方无法区分越界与真实坐标；nested_local shift 夹紧仍在",越界改返回状态/NaN 或输出 validity 位，头注释同步,"越界输入与合法 (0°,0°) 可区分的用例",-,-
M3b-A-02,同一 star_det v1 列 [2]=flux 两链不同量：检测链填高斯振幅 A，IR 节点链表 5×5 二阶矩 m00,OPEN,"timeout 30 grep -n ""rec.flux = (float)fit_results"" lib/algorithms/star_detection/src/sdet_api.cpp (rc=0) -> 1537/2304 ""rec.flux = (float)fit_results[i].A;""；timeout 30 grep -n ""s.flux = m00"" lib/algorithms/star_detection/wrapper_phase1/star_detector.cpp (rc=0) -> 151；timeout 30 grep -n 检测侧椭圆高斯峰值振幅 docs/contracts/DATA_SEMANTICS.md (rc=0) -> :705 同列两义以 DISP-STAR-007 登记但未消解",DATA-001,一个字段承载两义（UNIFIED_MODEL §2 / ENGINEERING_SPEC §3 禁），仅以偏差登记未拆列,拆分列名/加来源标签，或统一两链母函数与量,跨链同名列可比性或显式分列的门；DISP-STAR-007 关闭,-,docs/contracts/DATA_SEMANTICS.md 读时 hash=26a313aeba17（包内=af6883eeb9b3）
M3b-C-04,两份 L1 合同 A/B 布局标签相反、交叉引用互错，ALG 布局 A 后两列在批缓冲不存在,OPEN,"timeout 30 grep -n ""布局 A|布局 B"" docs/algorithms/STAR_PSF_ALGORITHMS.md docs/contracts/DATA_SEMANTICS.md (rc=0) -> ALG:12 ""布局 A：oracle/表面亮度参数布局（科学参数序，9 列）"" vs DATA:548 ""布局 A：编排层 psf 块""；ALG:23 指 DATA 布局 B、ALG:41 指 DATA 布局 A；timeout 30 grep -n ""out_row[7]"" lib/algorithms/psf/src/dpsf_psf.cpp (rc=0) -> :932-933 fwhm_x/fwhm_y",DATA-001,A/B 命名在两合同反向且交叉引用互错；ALG 布局 A 声明的 residual_scale/q_psf 在批缓冲中实为 fwhm_x/fwhm_y,按语义重命名布局（去 A/B）并统一交叉引用与列序,两文档列序与 dpsf_psf.cpp 逐列一致门,-,docs/algorithms/STAR_PSF_ALGORITHMS.md 读时 hash=2a8af20a6d7f（包内=6c84e26b1cb9，并发线在改）
M7-A-119,PHOTOMETRY 自身 ADU（:14）与 ADU·px（:96）两标签互斥，星点通量维度链未闭合,OPEN,"timeout 30 grep -n ""ADU；e⁻ 需 gain|ADU·px"" docs/science/PHOTOMETRY.md (rc=0) -> :14 ""| F_instr | 仪器通量 (ADU；e⁻ 需 gain，当前不可得) | 输入 |""、:96 ""- **aperture/flux/background**：F_instr 为仪器通量（ADU·px 或 e⁻ 同尺度）""",DATA-001,F_instr 单量双单位标签（ENGINEERING_SPEC §3 禁同一量两单位标签）,定 F_instr 唯一量纲（是否已除孔径面积）并全局改文，回写引用它的 DATA/ALG,docs/science 单位与 DATA/ALG 引用一致的检查项,-,-
M7-A-123,交换校验器要求 mask 平面，DATA_SEMANTICS 两处判 mask 不作为产品输出,OPEN,"timeout 30 grep -n mask contracts/data/phase_product_exchange.schema.json (rc=0) -> :162 enum [signal,support,variance,ivar,mask]；timeout 30 grep -rn min_planes contracts/data/phase_product_exchange_matrix.json (rc=0) -> :34/:44/:54 三 phase 平面集均含 mask；timeout 30 grep -n 不作为产品输出 docs/contracts/DATA_SEMANTICS.md (rc=0) -> :177/:218",DATA-001,mask 权威定义域未钉：P1 坏点掩膜 / P2 rejection accepted / P3 coverage 派生三义互斥且均声明不外销，交换层却强制要求,先钉 mask 权威语义域，再统一 schema/validator 与 DATA_SEMANTICS §9.4/§10.3,合同平面集与 DATA 合同逐 phase 一致门,-,docs/contracts/DATA_SEMANTICS.md 读时 hash=26a313aeba17（包内=af6883eeb9b3）
M7-C-101,manifest producer 只允许 SCI-* 一个合同字段，算法 ID（ALG-*/TST-*）在产品级溯源链无落点,OPEN,"timeout 30 grep -n ""SCI-[A-Z0-9-]"" contracts/data/artifact_manifest.schema.json (rc=0) -> :88 items pattern ^SCI-[A-Z0-9-]+$；timeout 30 grep -n ""allowed = {"" lib/infrastructure/aio/runtime/artifact_store/artifact_manifest_validator.py (rc=0) -> :196 allowed = {module_id,module_build_id,entry,science_contract_ids}；production_store.py:611/620 透传 SCI-*",DATA-001,ASTROCS_DESIGN §9 要求 manifest 至少记录算法 ID，但 schema 白名单与正则只有 SCI-* 槽位,producer 增算法/测试合同字段，或明确以 module_build_id 反查为唯一口径并同步 §9 表述,产品级溯源可定位算法 ID 的用例；schema 与 validator 白名单一致,-,-
M7-I-202,hips_frame 三处合法值集不一致（IO-002 只 equatorial / Phase3 收 equatorial|icrs / runtime 只 equatorial）,OPEN,"timeout 30 grep -n hips_frame docs/interfaces/io/IO_002_HIPS_INPUT_INTERFACE.md (rc=0) -> :70 ""| hips_frame | 参考系 | 必须为 equatorial（ICRS，本产品科学域） |""；timeout 30 grep -n ""hips_frame must be"" lib/phase3_session/hips_properties.cpp (rc=0) -> :126 收 equatorial|icrs；timeout 30 grep -n hips_frame lib/infrastructure/aio/io/hips_core.c (rc=0) -> :240 只收 equatorial",DATA-001,"三处值域未单一事实源化（措辞/值域不一致，不构成""互操作锁死""）",钉 hips_frame 权威值域并同步三处（或在 IO-002 显式登记 icrs 别名）,三处值域一致性门 + icrs 输入行为用例,-,"按前台裁决不写""双向锁死""，只判措辞/值域不一致"
M7-I-203,整型 coverage 计数被标 ADU/tile 能级单位（BUNIT 语义失真）,OPEN,"timeout 30 grep -n ""ADU/tile"" docs/contracts/DATA_SEMANTICS.md (rc=0) -> :1689 ""UNIT=ADU/tile 口径透传，唯一权威=DATA-COV-001 §19）——首遍 inputs=null""，位于""**(1) coverage 段**""内",DATA-001,"coverage 为整型 tile 计数（无量纲）却沿用能量单位标签，且以""口径透传""方式指向 DATA-COV-001 §19",改为无量纲/计数标签并同步 DATA-COV-001 §19 引用,coverage BUNIT/单位与数据类型一致门,-,docs/contracts/DATA_SEMANTICS.md 读时 hash=26a313aeba17（包内=af6883eeb9b3）
M7-I-204,同一 u8 reason 在 §22.2 声明 0..3、§23.3 声明 0..5，两节均自称权威,OPEN,"timeout 30 grep -n ""P2RejectReason :72-78"" docs/contracts/DATA_SEMANTICS.md (rc=0) -> :1343 ""| reasons | u8 [count] | 0..3（P2RejectReason :72-78: ACCEPTED=0/REJECTED_LOW=1/REJECTED_HIGH=2/UNDERDETERMINED=3）""；timeout 30 grep -n ""23.3 观测 accept"" (rc=0) -> :1533；:1542 表内 5=catalog_veto（0..5）",DATA-001,同一 u8 reason 两套互斥值域且两节均自称权威，未单一事实源,定 reason 唯一值域表并在 §22.2/§23.3 互引，同步实现枚举,文档值域与实现枚举（P2RejectReason）逐值比对门,-,docs/contracts/DATA_SEMANTICS.md 读时 hash=26a313aeba17（包内=af6883eeb9b3）
M8-B-001,"C++ science_hash 把 created_utc/platform 混入自称""仅科学 payload""的摘要，与 runtime 合规实现并存",OPEN,"timeout 30 grep -n ""mix(created_utc)|仅科学 payload"" lib/infrastructure/scheduler/src/artifact.cpp (rc=0) -> :62 ""mix(created_utc);""，:319-325 摘要混入 created_utc/platform 等；timeout 30 grep -rn created_utc lib/infrastructure/aio/runtime/artifact_store/provenance.py (rc=0) -> :354 ""created_utc/run_id 等运行事实在…""（不参与 digest）",DATA-001,双实现（C++ FNV-1a 16hex vs runtime sha256）口径不一，C++ 侧摘要含运行事实，与 DATA-004 §2 冲突,C++ science_hash 去运行事实，或退役该实现只留 runtime 合规实现,同一 payload 跨实现 digest 一致 + 改 created_utc 不改 digest 的用例,-,tests/unit/core_artifact_test.cpp:65-72 用同一工厂构造两对象，对混入零鉴别力
M9-A-3,同名 query_disc 三名二制：公共/包装版角秒，浏览器版度，无强类型,OPEN,"timeout 30 grep -n ""radius_arcsec|radius_deg"" lib/algorithms/shared/healpix/healpix_core.h lib/algorithms/drizzle/healpix_drizzle/healpix_core.h lib/infrastructure/hips_browser/healpix_browser_qt/core/healpix_math.h (rc=0) -> shared:107 radius_arcsec、drizzle:68-69 转发 arcsec、browser:24-27 ""// radius_deg: 圆盘半径（度）"" + double radius_deg",DATA-001,三处同名同返回类型仅第 4 参差 3600×，无静态断言/包装类型；消费面已按度传 half_fov,统一单位或引入角度强类型/单位后缀命名,三处调用点单位一致门（含 browser_backend 传 half_fov 度）,-,当前无错算，属接口定义风险（台账原判 P2 一致）
M9-C-2,公开 C-ABI aio_wcs_pixel_scale 名内无单位、头内无注释；API_CONTRACTS.csv 单位为样板串,OPEN,timeout 30 grep -n aio_wcs_pixel_scale lib/infrastructure/aio/include/astro_image_io.h lib/infrastructure/aio/src/aio_api.cpp (rc=0) -> h:125 声明（无注释）、cpp:381 定义返回 sqrt(|det|)*3600.0；timeout 30 grep -c aio_wcs docs/contracts/PUBLIC_API.md (rc=1) -> 0；python3 -c 读 CSV (rc=0) -> rows 382 units-distinct 1 valid_range-distinct 1,DATA-001,角秒/像素只在实现尾乘 3600 隐含，名与注释均无单位，合同表未登记该 API,函数改名带 _arcsec 或头内注明单位，并登记 API_CONTRACTS.csv 各行真实 units/valid_range,API 合同表单位列逐函数非样板 + 与实现一致门,-,台账记 102 行，本轮复算 382 行、units 去重 1（与包内备注一致）
M9-D-2,gaia 头内 deg/arcsec 双口径并存无适用面说明；inv_scale/inv_dra 为裸倒数常量,OPEN,"timeout 30 grep -n ""radius_deg|match_radius_arcsec"" lib/infrastructure/gaia_xpsd_client/src/gaia_client.h (rc=0) -> :88/:94/:105/:126 radius_deg 四处、:116 match_radius_arcsec；timeout 30 grep -n ""inv_scale|inv_dra"" lib/infrastructure/gaia_xpsd_client/src/gaia_client.c (rc=0) -> :1604-1605 ""1.0 / (3600.0 * 1000.0 * 500.0)"" / ""1.0 / (3600.0 * 1000.0 * 100.0)""",DATA-001,同一头双单位无适用面说明，量化常量（2µas/10µas LSB）未回写代码与表,补单位注释/统一命名，并把 GAIA_QUERY.md §2.9 的 2µas/10µas 口径回写实现注释,头文件单位声明与 GAIA_QUERY.md §2.9 一致门,-,-
V1-N-05,同一 DATA-P1-FLUX 三处两种单位（adapters ELECTRON vs registry photometry ADU）,OPEN,timeout 30 grep -n DATA-P1-FLUX lib/infrastructure/scheduler/src/module_adapters.cpp (rc=0) -> :793/:811 UnitId::ELECTRON；timeout 30 grep -n DATA-P1-FLUX docs/modules/registry/astrocs.phase1.photometry.md docs/modules/registry/astrocs.phase1.noise-snr.md (rc=0) -> photometry.md:43 UnitId::ADU（注 P5-SNR 订正）、noise-snr.md:33 UnitId::ELECTRON,DATA-001,端口标签与生产者单位不一致，须以 DATA 合同面收敛,钉 DATA-P1-FLUX 权威单位并同步 adapters 与两页 registry,端口单位与生产者/合同一致门（非同标即过）,-,module_adapters.cpp 并发线在改：读时 hash=3ac7b6514ae2，复核时=d167008bb60e（行号随移，判据内容逐条复核不变）
V11-N-04,C 侧 dpsf_fit_batch_f32 九参，两份 Python 镜像仍停在 8 参（缺 out_status）,OPEN,"timeout 30 grep -n -A14 ""int dpsf_fit_batch_f32"" lib/algorithms/psf/include/dynamic_psf.h (rc=0) -> :122-131 九参含 ""int *out_status""；timeout 30 sed -n ""158,166p"" lib/algorithms/photometry/cpp/test/gate4_dr3sp_gaiaxpy/gate2_psf_oracle.py 与 ""210,216p"" lib/algorithms/platesolve/tools/diag_gaia_psf_projection.py (rc=0) -> argtypes/调用均 8 参（末参 c_int 指针为 out_n_valid）",DATA-001,Python 镜像未随 C 原型更新；两镜像亦无布局/签名锁,两处镜像补第 9 参并按 ipv_abi_mirror 模式加 C 探针+镜像布局锁,C 探针与 Python 镜像逐参/逐字段对账门（能红能绿）,-,gate2_psf_oracle.py 正是 PSF 质心门量具，须与 R-3 裁决一并复核
V12-N-12,"fixture 的 spectrumStep=1 与真库/生产 step=2 分叉，(start,step,count) 无权威登记且被测试钉死",OPEN,"timeout 30 grep -n ""spectrumStep|spectrumStart"" tests/unit/gaia_xpsd_fixture_gen.c tests/unit/gaia_cat_test.c lib/algorithms/photometry/cpp/test/gate4_dr3sp_gaiaxpy/DR3SP_SCHEMA_AUDIT.md (rc=0) -> fixture_gen.c:342 spectrumStep=1；DR3SP_SCHEMA_AUDIT.md:29 spectrumStep=2；timeout 30 sed -n ""282p"" tests/unit/gaia_cat_test.c -> CHECK(rc == 1 && s1 == 336 && s2 == 1 && s3 == 343)",DATA-001,三元组无权威登记处，fixture 与真库分叉且被合成值断言锁死,"登记唯一 (start,step,count) 权威，修 fixture 与断言",fixture 元数据与真库/合同一致性门,-,生产 336+342×2=1020nm vs fixture 336+342×1=678nm（跨度为真库 1/2）
V2-N-01,diag 工具内联 ABI 镜像导致 m_lim_step 错配,FIXED,"timeout 30 grep -n ""from ipv_abi_mirror import|struct_size"" lib/algorithms/platesolve/tools/diag_gaia_psf_projection.py (rc=0) -> :35 改 import 唯一权威镜像、:165 struct_size/abi_version 校验；timeout 30 grep -n ipv_abi_layout_lock lib/algorithms/platesolve/cpp/ipv/test/CMakeLists.txt (rc=0) -> :99 add_test(NAME ipv_abi_layout_lock ...)（:106 selfcheck）",DATA-001,-,-,-,修复证据：内联镜像删除→import 唯一权威镜像（首字段 struct_size/abi_version）+ ctest 逐字段布局锁（含变异自检）,-
V2-N-02,API 合同检查器：干净检出必红 / 工作树因 run/** 影子树假绿；新符号未登记,OPEN,"timeout 90 python3 tools/quality/contracts/check_api_contracts.py (rc=1) -> status FAIL rows=382 ast_symbols=362 findings=145（含 line 331 symbol=estimate_mag_lim_by_density）；timeout 30 grep -n estimate_mag_lim_iterative docs/contracts/API_CONTRACTS.csv (rc=1) -> 未登记；lib/algorithms/platesolve/cpp/ipv/include/ipv_select.h:69 ""替换原 estimate_mag_lim_by_density""、:103 estimate_mag_lim_iterative",DATA-001,API_CONTRACTS.csv 与 AST 长期漂移（145 条），已删符号仍记 VERIFIED、新符号未登记,按 AST 重算 CSV（删已删符号、登记新符号）并修扫描面（是否含 run/** 需定论）,CON-API-CONTRACTS 在干净检出 rc=0 且能红能绿（注入用例）,-,"与台账差异：工作树现已 FAIL（非""PASS 假绿""）—— 假绿面消失但门红面扩大到 145 条"
V7-N-03,同键 target_order 两处缺省不同（0/-1）；weight_mode 缺→0 而别处已显式拒 0,OPEN,"timeout 30 grep -n ""value(weight_mode)|value(target_order)"" lib/infrastructure/scheduler/src/module_adapters.cpp (rc=0) -> :3484/:4656 target_order 缺省 0、:3770 缺省 -1、:4670 ""const int weight_mode = int_doc.value(weight_mode, 0);""；同文件 :4260-4272 另一入口已改缺省 2 且显式拒 0",DATA-001,同键多缺省 + 兜底把上游非法声明变合法缺省（ASTROCS_DESIGN §9 禁把计划值伪装成实际值）,统一 target_order/weight_mode 缺省语义并在两入口一致 fail-closed,缺键/非法值输入在两入口的拒绝行为一致用例,-,"module_adapters.cpp 并发线在改：读时 hash=3ac7b6514ae2、复核时=d167008bb60e；weight_mode 零点仍在（复核时 :4670 为 value(weight_mode, 0)）"
V9-N-04,API_CONTRACTS.csv:331 仍把已删符号记 VERIFIED，非豁免门必红,OPEN,"timeout 30 sed -n ""331p"" docs/contracts/API_CONTRACTS.csv (rc=0) -> ""API-estimate_mag_lim_by_density,estimate_mag_lim_by_density,lib/algorithms/platesolve/cpp/ipv/include/ipv_select.h,C,...,VERIFIED""；python3 -c 统计 status (rc=0) -> rows 382 / Counter({VERIFIED: 382})；同上 checker rc=1 且 findings 含该行",DATA-001,合同状态字与 AST 未联动，删除/重命名留下悬空记录（ENGINEERING_SPEC §8）,"按 AST 重算状态，或引入""符号必须存在于 AST""的可失败状态门",删除符号后 CSV 必红（注入用例）；干净检出 rc=0,-,-
W2-N-02,缺 GAIN 键与解析失败同一出口（伪 1.0），类型上无 has_gain 判别位,OPEN,"timeout 30 grep -n ""kw_float(GAIN"" lib/infrastructure/aio/src/aio_fits.cpp (rc=0) -> :483 ""cal.gain = kw_float(GAIN, 1.0);""；timeout 30 grep -n ""has_gain|has_ccd_temp"" lib/infrastructure/aio/include/astro_image_io.h (rc=0) -> 仅 :81 ""int has_ccd_temp;""，无 has_gain",DATA-001,"""增益未知""在类型上不可表达，与 snr_science 的 gain<=0=未知 形成同帧双通道分叉",加 has_gain 判别位，缺键/非法值走 explicit unavailable,缺 GAIN 与非法 GAIN 可区分的用例，且与 snr_science 口径一致,-,-
W2-N-03,端口声明 ELECTRON 而载荷为 ADU；单位门只在两端标签不同时触发（同标恒不红）,OPEN,"timeout 30 grep -c UnitId::ADU lib/infrastructure/scheduler/src/module_adapters.cpp (rc=0) -> 26；timeout 30 grep -n UnitId::ELECTRON 同文件 (rc=0) -> 仅 :793/:811，两处均 DATA-P1-FLUX；timeout 30 grep -rn flux_error lib/algorithms/photometry/wrapper_phase1/photometer.h (rc=0) -> :16 ""double flux_error = 0.0;   // ADU""",DATA-001,端口标签与载荷不符，标签经 artifact.cpp/artifact_store.cpp 外销,以生产者/合同为准统一标签（ADU）或改载荷单位,端口标签与生产者声明可核的一致性门（禁自我印证）,-,module_adapters.cpp 并发线在改：读时 hash=3ac7b6514ae2，复核时=d167008bb60e（行号随移，判据内容逐条复核不变）
L28c-E-002,spectrum_integrator.h:7 参考实现路径悬空（lib/photometric_calib/spectrum_integrator/python/…）,OPEN,timeout 30 sed -n 7p lib/algorithms/photometry/cpp/src/spectrum_integrator.h -> rc=0：「// 参考: lib/algorithms/photometry/spectrum_integrator/python/synthetic_photometry.py」；timeout 30 ls lib/algorithms/photometry/spectrum_integrator/python/synthetic_photometry.py -> rc=2：没有那个文件或目录；timeout 30 find lib -name synthetic_photometry.py -> rc=0：0 命中,DOC-001,迁移后参考实现文件不在该路径（悬空注释引用）,按 ARCH-001 清单改指实际位置，或删除该行参考注释,grep -rn synthetic_photometry 的每个路径均存在,ENGINEERING_SPEC §8（删除/重命名无悬空引用）+§2（注释只写非显然决定）,台账另一锚 lib/algorithms/photometry/docs/algorithm.md 本轮实测存在（:3 被引）
L28e-D-002,COMMENT_STANDARD.md:38 的两个示例 ID（SCI-DRZ-004 / ALG-DRZ-OVERLAP-002）在登记面不可解析,OPEN,timeout 30 grep -n 'SCI-DRZ-004|ALG-DRZ-OVERLAP-002' docs/standards/COMMENT_STANDARD.md -> rc=0：:38「// SCI-DRZ-004 / ALG-DRZ-OVERLAP-002:」；timeout 30 grep -rn SCI-DRZ-004 docs/science/DRIZZLE.md docs/contracts/INDEX.yaml -> rc=1：0 命中；grep -rn ALG-DRZ-OVERLAP-002 docs/ -> rc=0：仅 COMMENT_STANDARD.md:38 自身,DOC-001,标准文档用不可解析的 ID 作示例，示例即伪锚，读者按示例写注释必产生悬空引用,示例改用可解析 ID（如 SCI-DRZ-001 / ALG-DRZ-OVERLAP-001）或显式标注为示意,grep 示例 ID 全部可在 docs/contracts/INDEX.yaml 或对应 SCI/ALG 页解析,ENGINEERING_SPEC §8（算法引用有效 SCI/ALG、无悬空引用）,台账备注称 docs/standards 已不在最新权威链，但该文件仍在 DOCUMENT_INDEX:526-553 登记为 ACTIVE_NORMATIVE 且 check_standards_registry.py 为在册检查项（STD-REG），故按活动文档判
L28e-E-001,TEST-UPMW*/TEST-PR-UPM* 族只存在于 docs/TRACEABILITY.csv，lib/tests/ci 无字面宿主（追踪断链）,OPEN,"timeout 60 python3 -c ""import csv;rows=list(csv.reader(open('docs/TRACEABILITY.csv',encoding='utf-8-sig')));print(sum(1 for r in rows if r and (r[0].startswith('TEST-UPMW') or r[0].startswith('TEST-PR-UPM'))))"" -> rc=0：upmw_csv_rows= 17（总 64 行）；timeout 30 grep -rl 'TEST-UPMW|TEST-PR-UPM' lib tests ci -> rc=1：命中文件数 0",DOC-001,ID 只在追溯表内被铸造，无任何可执行宿主（ctest/测试文件）承载，追踪链在实现侧断开,为两族 ID 建立共址测试宿主并在 module.yaml/tests 内回挂 ID，或把无宿主的行从追溯表撤除并登记,grep -rl 'TEST-UPMW|TEST-PR-UPM' lib tests ci 非零命中，且 check_traceability.py 对这两族能红,ENGINEERING_SPEC §5.1「每模块必备测试与独立 Oracle」/§8,台账记 16 行，本轮实算 17 行（表由 67 行缩到 63 行后仍含该 17 行）
L28e-E-003,SCI 权威逐条绑定序号式 ALG-UPM-002/003/004，实现侧只挂语义式 ID，序号 ID 无落地,OPEN,timeout 30 grep -n ALG-UPM-00 docs/science/PHASE2_UPM.md -> rc=0：:138-141 逐条登记 ALG-UPM-001..004（「- `ALG-UPM-002` `p2_upm_calibrate_block` 双线性校正」等）；timeout 30 grep -rn 'ALG-UPM-002|ALG-UPM-003|ALG-UPM-004' lib tests ci tools docs -> rc=0：仅命中 docs/science/PHASE2_UPM.md 自身 3 行，lib/tests/ci/tools 0 命中,DOC-001,SCI 登记面已给序号 ID，但实现/测试/manifest 无一处引用，登记面与落地面对不上,在 upm.cpp 与 p1/p2 测试头或 module.yaml test_ids 回挂序号 ID（或统一改挂语义式 ID 并同步 SCI 登记）,grep -rn 'ALG-UPM-002' lib tests ci 非零命中,ENGINEERING_SPEC §8「算法引用有效 SCI/ALG、无悬空引用」,台账称「序号 ID 全仓零字面命中」，本轮实测 SCI 页内已存在（:138-141），缺口收窄为「实现侧零命中」
L28e-E-004,ALG-ANCHOR-001 是孤锚（全仓仅自身声明行），docs/contracts/INDEX.yaml 未登记,OPEN,timeout 30 grep -rn ALG-ANCHOR-001 docs lib cli tests tools ci contracts -> rc=0：唯一命中 docs/algorithms/anchors/ANCHOR_CONTRACT.md:3「> ID: ALG-ANCHOR-001　任务: SCI-ANCHOR-001　状态: ACTIVE_NORMATIVE（文档锚合同）」；timeout 30 grep -c ALG-ANCHOR docs/contracts/INDEX.yaml -> rc=1：0,DOC-001,合同自声明 ACTIVE_NORMATIVE 但无宿主登记面（INDEX.yaml 零命中），锚合同 ID 不可解析,把 ALG-ANCHOR-001 登记进 docs/contracts/INDEX.yaml，或撤 ACTIVE_NORMATIVE 并入既有 ID,grep -c ALG-ANCHOR docs/contracts/INDEX.yaml >=1,ENGINEERING_SPEC §8「算法引用有效 SCI/ALG」,同头任务号 SCI-ANCHOR-001 有宿主（check_doc_line_anchors.py 等），佐证确属缺失
L28e-E-005,SCI-ASTROMETRY-001/SCI-PHOTOMETRY-001 全称别名未登记且真源零命中（跨域引用链断）,OPEN,timeout 30 grep -rn -e SCI-ASTROMETRY-001 -e SCI-PHOTOMETRY-001 docs lib cli tests contracts ci tools -> rc=0：仅 docs/science/STAR_DETECTION.md:35/:38/:67 三处；timeout 30 grep -n 'SCI-AST-001|SCI-PHOT-001' docs/contracts/INDEX.yaml -> rc=0：:34 id: SCI-PHOT-001、:98 id: SCI-AST-001（无全称别名）；sed -n 3p docs/science/ASTROMETRY.md -> rc=0：「> ID: SCI-WCS-001 (SCI-AST-001 别名)…」（不含全称）,DOC-001,跨域引用（STAR_DETECTION.md）使用未在任何登记面定义的全称别名，真源页只认短 ID,"二选一：在 docs/science/{ASTROMETRY,PHOTOMETRY}.md 与 INDEX.yaml 正式登记全称别名，或把 STAR_DETECTION.md 三处改用短 ID",grep -rn 'SCI-ASTROMETRY-001' 的命中全部可在 INDEX.yaml 解析,ENGINEERING_SPEC §8「算法引用有效 SCI/ALG」,台账记「三处即全仓全部命中」，本轮仍为 3 处
M1a-E-001,platesolve/module.yaml 称根 CMake 无 ipv 目标且 12 导出行锚漂移,OPEN,"timeout 30 sed -n 29,30p lib/algorithms/platesolve/module.yaml -> rc=0：「# -O3 -fopenmp → ipv_solver.dll，MSYS2/MinGW）；未编入根 CMake 主构建」「# （根 CMakeLists.txt 无 ipv 目标）——CMake 集成归 P1-WCS-IMPL。」；timeout 30 grep -n 'add_library(astrocs_p1_ipv' CMakeLists.txt -> rc=0：554:add_library(astrocs_p1_ipv STATIC；sed -n 3,8p 同 module.yaml -> rc=0：12 个导出仍用行号锚（ipv_solve_create :237 …）",DOC-001,活动文档以已失效的构建事实与行号锚冒充现状（根 CMake 早已收录 ipv 目标）,module.yaml 删『未编入根 CMake 主构建/无 ipv 目标』并改锚为 path::符号 形；导出清单一律去行号,module.yaml 内 CMake 现状陈述与 CMakeLists.txt 一致，且全文无行号形锚,ENGINEERING_SPEC §8「活动文档无陈旧状态冒充、删除/重命名无悬空引用」,台账称 CMakeLists.txt:528，本轮实测 :554（并发线改动，锚再漂移）
M1a-E-002,ipv_api.h 注释把规范指向仓内不存在的 docs/05_STAR_DETECT_PSF_DEDUP_SPEC.md,OPEN,timeout 30 grep -n '规范:' lib/algorithms/platesolve/cpp/ipv/include/ipv_api.h -> rc=0：155:「// 规范: docs/05_STAR_DETECT_PSF_DEDUP_SPEC.md」；timeout 30 ls docs/05_STAR_DETECT_PSF_DEDUP_SPEC.md -> rc=2：没有那个文件或目录,DOC-001,注释引用的是旧世代控制包文档编号，仓内无该文件（悬空引用）,改指现行权威（docs/science/STAR_DETECTION.md / docs/algorithms/STAR_DETECTION_ALGORITHMS.md）或删该行,grep -n '规范:' 得到的路径全部存在于当前树,ENGINEERING_SPEC §8「删除/重命名无悬空引用」,原 finding 另有 docs/24_/25_ 归档子项，本轮未逐条重算
M1a-E-003,PHASE3_PROJ_IMPL.md 以『实测 2026-09-11』口吻写死 p3_wcs.h 50 行/p3_wcs.cpp 165 行,OPEN,"timeout 30 sed -n 16,17p docs/algorithms/PHASE3_PROJ_IMPL.md -> rc=0：「> 生产源: lib/phase3_session/p3_wcs.h（50 行，唯一权威签名头）+」「> lib/phase3_session/p3_wcs.cpp（165 行），实测 2026-09-11。」；timeout 30 wc -l lib/phase3_session/p3_wcs.h lib/phase3_session/p3_wcs.cpp lib/phase3_session/p3_resample.h -> rc=1：两个 p3_wcs.* 路径已不存在（git status: D lib/phase3_session/p3_wcs.cpp|.h，并发迁移线移至 lib/algorithms/projection/）；timeout 30 wc -l lib/algorithms/projection/p3_wcs.cpp -> rc=0：230（文档记 165）；wc -l lib/phase3_session/p3_resample.h -> rc=0：150（文档记 58）",DOC-001,文档把一次性实测行数写进活动合同，源码增长后成为失真陈述（且 p3_resample.h 记 58 实为 150）,合同头部改 path::符号 锚、不写死行数；并在迁移完成后同步生产源路径（现文所指 lib/phase3_session/p3_wcs.* 已被并发线移走）,grep 行数断言与 wc -l 一致或不存在行数断言,ENGINEERING_SPEC §8「活动文档无陈旧版本号/历史状态冒充」,读时哈希已变：本行判据文件 docs/algorithms/PHASE3_PROJ_IMPL.md@0be9b231db9b（包内）仍为现文；被测源码在本次复核窗口内被并发线从 lib/phase3_session/ 迁到 lib/algorithms/projection/（git status 显示 D/?? 成对），故行数断言与路径锚双重失效
M1a-E-004,同一 TST-WCS-001 在 SCI 与 ALG 两份权威文档绑定互斥测试语义,OPEN,"timeout 30 grep -n TST-WCS docs/algorithms/PLATESOLVE.md docs/science/ASTROMETRY.md -> rc=0：PLATESOLVE.md:92「- TST: `TST-WCS-001` 合成恢复, `TST-WCS-INV` 极区保守, `TST-WCS-FAIL` 退化」；ASTROMETRY.md:165「- 测试: `TST-WCS-001` Astropy 比对、`TST-WCS-INV-001` 往返/`TST-WCS-FAIL-001` 参数拒…」",DOC-001,同一 ID 在 SCI/ALG 两侧承载不同测试内容，追溯 ID 不可唯一解析,由一域持有该 ID 并让另一域引用；或拆成两个 ID 并各自登记,grep 同一 TST ID 的语义描述在两份文档内一致（或 ID 不同）,ENGINEERING_SPEC §8「算法引用有效 SCI/ALG、无悬空引用」；ASTROCS_DESIGN §12「追踪无断链」,行号漂移：：89/:162 → :92/:165
M2a-C-3,登记面把「值像素 NaN 主循环静默 continue 掩膜」当现状，与已删除该分支的实现相反,OPEN,timeout 30 grep -n 掩膜 docs/algorithms/DRIZZLE_GEOMETRY.md -> rc=0：:118「| **值像素 NaN/Inf** | **主循环静默 continue（等效掩膜），不进累加器，无计数暴露** | :1715（DISP-DRZ-004）|」；§10 表内同文（读时行号 :232，复核窗口内由 :230 漂到 :232）「主循环 !isfinite→continue 静默跳过」；timeout 30 grep -n isfinite lib/algorithms/drizzle/healpix_drizzle/drizzle_engine.cpp -> rc=0：:1893「// 旧 isfinite(...)+continue 静默吞像素已删除」；grep -n DISP-DRZ-004 docs/standards/STANDARDS_REGISTRY.md -> rc=0：:172/:182/:268 仍记 TRACKED「NaN 值像素静默跳过」,DOC-001,实现已删静默掩膜分支，ALG §5/§10 与注册表 §D.drizzle 三处登记未同步（登记与实现相反）,把 DRIZZLE_GEOMETRY.md:118/:230 与 STANDARDS_REGISTRY.md:172/:182/:268 改写为「NaN/Inf 经 F_p 传播、不掩膜」并翻转 DISP-DRZ-004 状态,grep -rn 静默 continue docs/algorithms/DRIZZLE_GEOMETRY.md docs/standards/STANDARDS_REGISTRY.md 零命中且注册表 DISP-DRZ-004 不再标 TRACKED,-,行号漂移：doc 内锚 :1715 现落到 :1891-1895 注释块；§10 表中 DISP-DRZ-004 行由包内 :230 漂到读时 :232（并发线在改）
M2a-E-1,把不存在的 api.cpp / 02_FROZEN 当合同锚；drizzle target 与 README 锚不符,OPEN,"timeout 30 python3 -c ""import glob;print('api_cpp=',len(glob.glob('lib/**/api.cpp',recursive=True)),'frozen02=',len(glob.glob('lib/**/02_FROZEN*',recursive=True))+len(glob.glob('docs/**/02_FROZEN*',recursive=True)))"" -> rc=0：api_cpp= 0 frozen02= 0；timeout 30 grep -n 'add_library(astrocs_drizzle STATIC' CMakeLists.txt -> rc=0：434；sed -n 6p;21p;25p lib/algorithms/drizzle/README.md -> rc=0：三处仍写「根 CMakeLists.txt:356-366 静态库」「CMakeLists.txt:356-366，无独立 DLL 产物」",DOC-001,合同/README 以不存在的文件与失效行号锚充当证据面，读者按锚复核必失败,把 api.cpp/02_FROZEN 锚改为现行文件（hp_drizzle_api.cpp 等），CMake 行锚改 path::target 名,grep 引用的每个路径均存在；CMake 行锚改为 target 名后可解析,ENGINEERING_SPEC §8「端口引用有效 DATA 合同、无悬空引用」,drizzle target 行号台账记 :408，本轮实测 :434
M2a-E-2,GAIA_QUERY.md 的 C 源行号锚整体漂移；README 以 2255 行旧基线自称逐函数核对,OPEN,timeout 30 grep -n 'gaia_client.c:' docs/algorithms/GAIA_QUERY.md -> rc=0：:63「AzimuthalEquidistant 树（极冠 2 棵，投影中心=极点，`unproject` gaia_client.c:622-646）：」；timeout 30 grep -n 'static void unproject' lib/infrastructure/gaia_xpsd_client/src/gaia_client.c -> rc=0：901；wc -l 同文件 -> rc=0：2700；timeout 30 grep -n 2255 lib/infrastructure/gaia_xpsd_client/README.md -> rc=0：:149「基线：CAT-GAIA-DOC 于源码 2255 行逐函数核对（run/local/agent_cat_gaia_doc/）」,DOC-001,文档以行号锚绑定 C 源码，源码增长后锚整体失效；README 的核对基线数字未随实现更新,全部 gaia_client.c 行锚改为 path::函数 形；README:149 改述为『核对时点源码 SHA + 行数』,grep 得到的锚均为符号名或带 SHA 的时点声明,ENGINEERING_SPEC §8（活动文档无陈旧状态冒充）,台账记漂移 +279，本轮 unproject 622→901（+279 一致）；GAIA_QUERY.md 另有 :26/:40/:50/:76/:83… 多站同族锚
M2a-E-3,GAIA_QUERY.md 两处把 DATA-GAIA-001 的节号写成 §6（实为 §8）；module.yaml test_ids 无 ctest 面标识,OPEN,timeout 30 grep -n 'DATA_SEMANTICS.md §6' docs/algorithms/GAIA_QUERY.md -> rc=0：:171「- DATA 合同：DATA-GAIA-001（docs/contracts/DATA_SEMANTICS.md §6）——输入」；:244 同；timeout 30 grep -n 'DATA-GAIA-001' docs/contracts/DATA_SEMANTICS.md -> rc=0：:86「## 8. Gaia XPSD 星表输入与星表行（DATA-GAIA-001）」；timeout 30 grep -n -A2 test_ids lib/infrastructure/gaia_xpsd_client/module.yaml -> rc=0：:52 test_ids: / :53 - TEST-GAIA-DESIGN-001,DOC-001,跨文档节号锚失配（§6→§8）；module.yaml 仅登记设计 ID，无可执行测试面标识,把两处 §6 改为 §8；module.yaml 补 ctest/测试文件面 ID,grep 'DATA_SEMANTICS.md §6' GAIA_QUERY.md 零命中；module.yaml test_ids 含可执行面标识,ENGINEERING_SPEC §4（每模块必备 module.yaml 与共址测试）+§8（注册表一致）,台账三处证据本轮逐字复现
M2b-C-07,注册表称 ACS_FIO_ERR_* 17 码；PHASE3_PROJ_IMPL.md 写 p3_wcs.cpp 165 行,OPEN,"timeout 30 grep -n 17 码 docs/standards/STANDARDS_REGISTRY.md -> rc=0：:233「无（ACS_FIO_ERR_* 17 码，含 TRUNCATED/BAD_HEADER/UNSUPPORTED）」（读时 md5 3ad093e98498548bd7bbf47503c87f7f）；timeout 30 grep -n ACS_FIO_ERR lib/infrastructure/aio/io/include/astrocs/io/fits_stream_v1.h -> rc=0：:51-63 枚举 1..13，:64 STATUS_COUNT=14 哨兵 ⇒ 实为 13 码；timeout 30 sed -n 16,17p docs/algorithms/PHASE3_PROJ_IMPL.md -> rc=0：「…lib/phase3_session/p3_wcs.cpp（165 行），实测 2026-09-11。」；timeout 30 wc -l lib/algorithms/projection/p3_wcs.cpp lib/phase3_session/p3_wcs.cpp -> rc=1：230 / 不存在（并发迁移线已把 p3_wcs.cpp 移出 lib/phase3_session）",DOC-001,注册表与 ALG 页的活动事实性断言未随实现更新（两处均为可复算的计数差）,注册表 :233 改 13 码（或改指 STATUS_COUNT）；PHASE3_PROJ_IMPL.md:16-17 改为不写死行数、只留 path::符号锚,python3 -c 重算枚举项数=13 与 wc -l 一致，且 docs 内不再出现与实测不一致的「165 行/17 码」,ENGINEERING_SPEC §8「活动文档无陈旧版本号/历史状态冒充」,注册表 md5 由包内 c026817d6f93 变为读时 f404cbf8f58b285ff135deecb7b75f6c、复核末 3ad093e98498548bd7bbf47503c87f7f（CI-003 及并发线重写），:233 该行始终未改；p3_wcs.cpp 路径在本窗口被并发线迁移
M2b-E-01,HIPS_WRITER.md 源码锚 :386-422 失效；PUBLIC_API.md 仍写『九导出』而头内导出宏已 14 处,OPEN,"timeout 30 grep -n '386-422' docs/algorithms/HIPS_WRITER.md -> rc=0：:37「**源码锚**: aio_hips_writer.cpp `aio_hips_product_begin` :386-422。」；timeout 30 grep -n 'aio_hips_product_begin' lib/infrastructure/aio/src/hips/aio_hips_writer.cpp -> rc=0：551（定义处）；timeout 30 grep -c AIO_HIPS_EXPORT lib/infrastructure/aio/include/aio_hips.h -> rc=0：14；grep -n 九导出 docs/contracts/PUBLIC_API.md -> rc=0：:279「> 他版；九导出 :104,121,130,135,144,149,152,163,177，AIO_HIPS_EXPORT」",DOC-001,锚与导出面计数均未随实现更新（:386→:551、9→14）,行锚改 path::符号；PUBLIC_API 的导出行号改为符号清单或按头文件实际宏数自动核对,grep 引用的 symbol 行号锚可解析；导出计数与 grep -c AIO_HIPS_EXPORT 一致,ANCHOR_CONTRACT.md §2（锚是断言，代码移动即失效）+ ENGINEERING_SPEC §8,台账记 product_begin :386→:466，本轮进一步漂到 :551（并发线改动）
M2b-G-03,L2 标准把权威来源指向已归档控制包规格，并把 MinGW 写成正式工具链（与 ENGINEERING_SPEC §1 的 MSVC v143 冲突）,OPEN,"timeout 30 sed -n 1,8p docs/standards/CODE_STANDARD.md -> rc=0：:3「权威来源：V19R2 MASTER_CONTROL_SPEC §5；本文件为仓库内单一实现标准。」；:7「- C++17（正式 toolchain：MSYS2 MinGW64 g++ 16.1.0）；RAII 优先。」；timeout 30 grep -n 'MSVC|v143|C++17' ENGINEERING_SPEC.md -> rc=0：:7「- C++17 双平台；MSVC v143（Windows）/ GCC 或 Clang（Linux）；」；timeout 30 grep -n v19r2 docs/standards/COMMENT_STANDARD.md -> rc=0：:45「reports/v19r2/file_audit_inventory.csv）。」",DOC-001,L2 标准以已作废世代的控制包规格为权威来源，并写入与 ENGINEERING_SPEC §1 直接冲突的『正式工具链』,CODE_STANDARD.md 权威来源改挂 ENGINEERING_SPEC §1/§7；MinGW 降为兼容构建而非正式工具链；COMMENT_STANDARD.md:45 的历史报告路径改述或删除,grep V19R2/v19r2 docs/standards/ 零命中或仅在历史声明上下文；工具链表述与 ENGINEERING_SPEC §1 逐字一致,ENGINEERING_SPEC §1（双平台工具链）+§8（活动文档无陈旧版本号/历史状态冒充）,读时 md5：CODE_STANDARD b8074c236b09、TEST_STANDARD c8f0b401e72b、COMMENT_STANDARD 6590933452f2（与包内一致）
M2b-G-04,THIRD_PARTY_NOTICE『未迁移邻居查询/未复制 GPL』与实现注释『移植自 Healpix_3.83 GPL-2+ 参考』互斥，并含断链 URL,OPEN,"timeout 30 grep -n '未迁移|未复制' lib/algorithms/shared/healpix/THIRD_PARTY_NOTICE.md -> rc=0：:19「- 仅迁移 NESTED 排序所需路径, 未迁移 RING 排序与邻居查询;」、:22「- 未复制任何 GPL (Healpix_cxx / RELION) 代码进入生产树。」；timeout 30 grep -n 'Healpix_3.83|GPL' lib/algorithms/shared/healpix/healpix_core.cpp -> rc=0：:338「// R9-B 重写: 邻居算法移植自官方 HEALPix C++ (Healpix_3.83 healpix_base.cc /」、:418「// 移植自 Healpix_3.83 healpix_base.cc query_disc_internal」",DOC-001,第三方来源登记与实现注释对同一事实给出相反陈述（只判登记事实，不判法律定性）,NOTICE 按现实现改写（明列移植范围与许可来源），或撤『未迁移/未复制』句并附许可依据,NOTICE 与源码注释对迁移范围/许可来源的陈述一致,ASTROCS_DESIGN 附录 B（外部标准与文献锚）+ ENGINEERING_SPEC §8,断链 URL 子项见 M8a-I-004
M3-A-008,同一换算系数三套字面值且无单一权威定义点；自证句『差 <1e-12』为假,FIXED,"timeout 30 sed -n 94p docs/science/NOISE_MODEL.md -> rc=0：「- FP64 全链路；MAD 常数**唯一权威写法** `1.482602218505602`（= 1/Φ⁻¹(3/4) 的 double 字面量；11 位简写 `1.4826022185` 只能出现在\""约等于\""语境，与之绝对差 **5.602e-12**、相对差 **3.779e-12**）」；timeout 30 sed -n 21p;545p;621p lib/algorithms/photometry/cpp/src/star_matcher.cpp -> rc=0：:21 static constexpr double _MAD_SCALE = 0.6744897501960817;（全文无 0.6745）；timeout 30 grep -n '1.4826' lib/algorithms/noise_snr/cpp/src/noise_model.cpp -> rc=0：:61 return 1.482602218505602 * robust_median(dev);；timeout 30 sed -n 50,70p tools/docs_machine_consistency.py -> rc=0：CONST_FAMILIES['mad_to_sigma'] full=[1.482602218505602] + authority + decisions ['V12-N-01','V12-N-03','M3-A-008'] + 截断式正则",DOC-001,-,-,-,修复证据（本轮实跑：唯一权威写法已冻结并写明真实差值 5.602e-12；三处调用点全部全精度；机器判据带 authority 与截断正则）,残留裸 1.4826 仅在被归档的 healpix_db/archive/legacy、GUI 显示拉伸与 benchmark 基线（OPEN_ITEMS A6 另域），不在本行判据点名实例内
M3-A-009,CALIBRATION 用『FP32 饱和语义』描述 binary32 溢出（实为 ±∞/NaN 直传），与 §4 不传播 NaN 自相冲突,OPEN,"timeout 30 sed -n 77p;93p docs/science/CALIBRATION.md -> rc=0：:77「…溢出由 FP32 饱和语义界定，不静默 clamp | `calibrate: k=k_init` 直通 |」、:93「- **saturation**：FP32 饱和语义界定，不静默 clamp（§8 `t_light/t_dark` 行）。」；timeout 30 sed -n 38,40p 同文件 -> rc=0：:39「数值: 输入含 NaN 时…输出不传播 NaN 为伪有效值（见 §9）」；timeout 30 grep -n 'std::max(flat' lib/algorithms/calibration/src/calibrator.cpp -> rc=0：:122/:132/:165「if (flat) v /= std::max(flat[i], 0.1f);」裸浮点式",DOC-001,术语错（binary32 无饱和语义）掩盖真实数值行为，并与同篇 §4 的不传播 NaN 承诺冲突,把 saturation 术语改为 IEEE-754 ±∞/NaN 语义并说明下游处置（fail-closed 或显式置 invalid）,CALIBRATION.md 内 saturation 行与 §4 不传播 NaN 条款一致，且与 calibrator.cpp 实际行为相符,docs/science/CALIBRATION.md §8/§9a 为被测文本本身；docs/plugins/algorithms_phase1/01_calibration.md §4（禁裁切负值/夹紧）；IEEE-754 binary32 溢出为 ±∞,台账三处证据本轮逐字复现（:77/:93 与 calibrator.cpp:122）
M3-C-004,CALIBRATION_PROCESS.md 自身无 ARCHIVED/NON_NORMATIVE 标记，其 K 残差搜索/±10s/bilinear 与现行 ALG 不一致,OPEN,timeout 30 grep -c -e ARCHIVED -e NON_NORMATIVE -e 历史流程 lib/algorithms/calibration/CALIBRATION_PROCESS.md -> rc=1：0；timeout 30 grep -n '残差最小化|±10s|bilinear' lib/algorithms/calibration/CALIBRATION_PROCESS.md -> rc=0：:56「…通过残差最小化（背景区域 MAD 最小）搜索最优 K 值。」:62「- **Dark 匹配**: 按 EXPTIME 匹配最接近的 Master Dark（容差 ±10s）」:84「- **bilinear**: 用双线性插值替换坏点像素（NaN 边缘用最近邻回填）」；timeout 30 grep -n CALIBRATION_PROCESS lib/algorithms/calibration/README.md -> rc=0：:147 仅一句「（历史流程参考）」,DOC-001,历史流程文档仍以活动文件形态存在于 lib/ 内且自身无历史标记，直接读到者会照旧文实现,给 CALIBRATION_PROCESS.md 加 ARCHIVED_NON_NORMATIVE 抬头（或移入 docs/archive/），并逐条标注与现行 ALG-CAL 的差异,grep -c 'ARCHIVED_NON_NORMATIVE' CALIBRATION_PROCESS.md >=1 或文件不在活动树,ENGINEERING_SPEC §8「活动文档无陈旧版本号/历史状态冒充」,台账记 README 仅一句话标注；本轮复核同
M3-C-006,公共头实际 12 个 AC_API 声明，三处文档写 14,OPEN,"timeout 30 sed -n 9p lib/algorithms/calibration/include/astro_calibration.h -> rc=0：「 * 以 -DAC_API= 将 12 个 legacy 符号本地化, 导出面仅 astrocs_module_query_v1」；timeout 30 grep -n '14 个|14 AC_API|14 符号' docs/algorithms/CALIBRATION_ALGORITHMS.md lib/algorithms/calibration/README.md -> rc=0：CALIBRATION_ALGORITHMS.md:16/:220/:429 与 README.md:63 均写 14 个",DOC-001,文档计数与头文件自述/实际符号数不符（按 14 核对会得出少两个符号的假结论）,四处 14 改为 12 或改述为『12 个 legacy 符号 + entrypoint』,grep '14 个 AC_API' 零命中且计数与头文件一致,ENGINEERING_SPEC §8「API 文档与 AST 一致、无陈旧状态冒充」,台账记头内 17 处 AC_API 命中、12 处函数声明，本轮复核头注释自述 12
M3-C-007,registry 页的两个合同 ID 在 INDEX.yaml 未定义；版本/状态三口径并存,OPEN,"timeout 30 sed -n 1,8p docs/modules/registry/astrocs.phase1.calibration.md -> rc=0：:2 id: MOD-astrocs-phase1-calibration、:3 version: 1.0.0、:4 status: ACTIVE、:6 upstream: [SCI-P1-CAL-001, ALG-P1-CAL-001, API-P1-001]；timeout 30 grep -c 'SCI-P1-CAL-001|ALG-P1-CAL-001' docs/contracts/INDEX.yaml -> rc=1：0；timeout 30 grep -n 'module_version|module_status' lib/algorithms/calibration/module.yaml -> rc=0：:16 module_version: 0.11.0-alpha.2、:20 module_status: CONTRACT_READY；grep -n 'v1.0.0' lib/algorithms/calibration/src/ac_api.cpp -> rc=0：:137 return ""Astro Calibration C++ v1.0.0"";",DOC-001,registry 页引用了 INDEX.yaml 未定义的合同 ID，且版本/状态与 module.yaml、代码三口径并存,registry 页 upstream 改用 INDEX.yaml 已定义的 ID；版本/状态与 module.yaml 单一源对齐,grep registry 页引用的每个 ID 都能在 INDEX.yaml 解析；三处版本串一致,docs/contracts/INDEX.yaml 为合同 ID 唯一事实源 + ENGINEERING_SPEC §8,台账三处证据本轮逐字复现
M3-C-010,ALG-PHOT 曾声明结构体无字段的 zero_point（台账原判 RESOLVED）,FIXED,"timeout 30 grep -rn zero_point docs/algorithms/PHOTOMETRIC_FIT.md lib/algorithms/photometry/README.md -> rc=0：PHOTOMETRIC_FIT.md:9 已改为『输出: PhotometricCalibrationQuality (sigma_mag, sigma_cal_rel) + scale<!-- (P5-SNR 订正…删除无定义式、结构体无字段的 zero_point) -->』；README 0 命中；timeout 30 grep -n zero_point lib/algorithms/noise_snr/cpp/include/snr_estimator.h -> rc=0：仅 zero_point_mag（5σ 深度，另一语义）",DOC-001,-,-,-,修复证据（本轮实跑：声明已删且注明订正依据，结构体与文档逐符号一致）,台账原判即 RESOLVED，本轮复核维持
M3-C-013,头合同 -3 语义在 pc_calibrate_simple 分支不存在；同条件两处不同码,OPEN,"timeout 30 grep -n -- '-3' lib/algorithms/photometry/cpp/include/photometric_calib.h -> rc=0：:102「// -1: 空指针参数, -2: 尺寸无效, -3: 无Gaia星/PSF星(退化scale=1.0),」、:153「// -3: 锥形搜索失败或无光谱星,」；timeout 30 awk 'NR>=38 && NR<=200' lib/algorithms/photometry/cpp/src/pc_api.cpp | grep -c 'return -3' -> rc=1：0（该范围内无 -3 返回）；grep -n 'return -3' 同文件 -> rc=0：:272/:654/:923",DOC-001,头合同列的返回码在对应函数体内不可达，返回码作为唯一机器可读错误通道失真,要么实现 -3 分支，要么从头部合同删除该码并统一同条件返回码,头内每个返回码在同一函数体可 grep 到，且同条件不出现两种码,旧宪章 §14.4（返回码是唯一机器可读错误通道）由 ENGINEERING_SPEC §8/§9 承接；ASTROCS_DESIGN §11.3,台账记头 :102 与 simple 体 38-177 的 0 命中，本轮复核同（范围放宽到 38-200 仍 0）
M3-C-014,CALIBRATION_ALGORITHMS/COSMETIC_ALGORITHMS 把未并行段写成已并行（步骤1 无 pragma；无 reduction）,OPEN,"timeout 30 grep -n 'pragma omp' lib/algorithms/calibration/src/master_generator.cpp -> rc=0：:91/:96/:282（步骤1 区间 196-246 内 0 个）；timeout 30 grep -n '步骤1（每帧 n，OpenMP parallel for）' docs/algorithms/CALIBRATION_ALGORITHMS.md -> rc=0：:81「F2.1  步骤1（每帧 n，OpenMP parallel for）[196-246]:」；timeout 30 grep -c reduction lib/algorithms/calibration/src/cosmetic_corrector.cpp -> rc=1：0；grep -n 'omp parallel + reduction' docs/algorithms/COSMETIC_ALGORITHMS.md -> rc=0：:142「Σ(all_bad && cold_mask)（omp parallel + reduction(+:hot,cold)，」",DOC-001,ALG 行文把未并行段描述为已并行，读者据此无法判断真实并发面,ALG 按源码实况改写（去 OpenMP 声明或注明串行），或在实现侧补并行（另立代码域任务）,ALG 内每处 OpenMP 声明都能对应到源码 pragma,ENGINEERING_SPEC §10（线程预算单一源，模块不得硬编码）+§8（文档与实现一致）,台账以 pragma 缺失立论（不以行号），本轮复核成立
M3-I-001,六处现状断言仍被当前树反证（cosmetic 无源码 / dark_optimizer 未接线 / flat 负 median 未防护）,OPEN,"timeout 30 sed -n 9p docs/algorithms/COSMETIC_ALGORITHMS.md -> rc=0：「> `lib/algorithms/cosmetic/`（落码由 P1-COS-IMPL 执行，尚未存在生产符号）。」；timeout 30 sed -n 8,11p lib/algorithms/cosmetic/README.md -> rc=0：「…`lib/algorithms/cosmetic/` 是 P1-COS 迁移目标目录…当前本目录仅合同文件、无源码」；ls lib/algorithms/cosmetic/src/ -> rc=0：astrocs_p1_cosmetic.def module_entry.cpp module_exports.map；grep -n 'add_subdirectory(lib/algorithms/cosmetic)' CMakeLists.txt -> rc=0：225；grep -n dark_optimizer cli/CMakeLists.txt -> rc=0：180（CAL_SRCS 含 dark_optimizer.cpp）；sed -n 153p lib/algorithms/calibration/README.md -> rc=0：「INTERNAL 死值）；generate_master_flat 负 median 未防护；」；sed -n 276p lib/algorithms/calibration/src/master_generator.cpp -> rc=0：「if (final_med < 0.0f) {」",DOC-001,活动文档的现状断言未随落码/接线/防护修复同步，六处均可被单条命令反证,按现树逐条改写这六处陈述（cosmetic 已有 src+CMake、dark_optimizer 已在 cli、负 median 已有守卫与专测）,grep 上述六处断言与当前树一致（每条都能被命令证实）,ASTROCS_DESIGN §12（未实现/未验收须如实报告，不得用文档声明冒充）+ ENGINEERING_SPEC §7/§8,台账记 tests/unit/CMakeLists.txt:776 add_test(cal_photometry_apply)，本轮实测 :792（行号漂移）
M3-I-003,algorithm.md 以『状态:已实现』充当现行规范且 0.1nm 失实（台账原判 RESOLVED）,FIXED,"timeout 30 sed -n 8,12p lib/algorithms/photometry/docs/algorithm.md -> rc=0：:8「> **ARCHIVED_NON_NORMATIVE**（2026-09-14，负责人授权；依据 PHOTOMETRY_LITERATURE_REVIEW D.2 S9）」、:10「> …生产积分网格为 **1.0 nm**（原文 `0.1 nm` 失实）」；:115「- **步长**：0.1 nm（[ARCHIVED/失实]：生产实现为重叠区 **1.0 nm** 均匀网格…）」；timeout 30 grep -n DISP-PHOT-002 docs/algorithms/PHOTOMETRIC_FIT.md -> rc=0：:161-163 明示 legacy docs 仅存档",DOC-001,-,-,-,修复证据（本轮实跑：文件已加 ARCHIVED_NON_NORMATIVE 抬头并逐条订正 0.1nm→1.0nm，ALG 侧 DISP-PHOT-002 明示仅存档）,台账原判即 RESOLVED，本轮复核维持
M3b-E-01,STAR_DETECTION_ALGORITHMS.md / DATA_SEMANTICS.md 的 sdet_detect_impl 锚 :1599-2353 与 2373 行数均失效,OPEN,timeout 30 grep -n '1599-2353|2373 行' docs/algorithms/STAR_DETECTION_ALGORITHMS.md docs/contracts/DATA_SEMANTICS.md -> rc=0：STAR_DETECTION_ALGORITHMS.md:8「> 唯一权威生产源: lib/algorithms/star_detection/src/sdet_api.cpp（2373 行实测）」、:87/:193 锚 :1599-2353；DATA_SEMANTICS.md:683 同锚；timeout 30 grep -n 'static int sdet_detect_impl' lib/algorithms/star_detection/src/sdet_api.cpp -> rc=0：1749；wc -l 同文件 -> rc=0：2555,DOC-001,两文档共用同一失效行锚（实现 2555 行、函数起点 1749）,行锚改 path::符号；行数断言删除或改带 SHA 的时点声明,grep '1599-2353' 全仓零命中,ENGINEERING_SPEC §8；ASTROCS_DESIGN §12（追踪无断链）,台账另记 csv PSF 行=0，本轮复核 TRACEABILITY.csv 的 PSF 关键词仍 0（见 V6-N-01）
M3b-G-01,限制层与释放状态层零提及「未闭合质心 BLOCKER」，承载它的 gate2_psf_oracle.py 未登记 ci,CRITERION-WRONG,timeout 30 grep -c PSF docs/KNOWN_LIMITATIONS.md → 0；timeout 30 grep -n gate2_psf_oracle ci/checks.json → rc=1（零命中）,DOC-001,-,-,-,R-3 §0（:14）：把三条互不相干的门混为一条——「0.5px」是 ALG-STARDET-001 §11.4 **F4 FP32/u16 量化通道**容差（实测余量 ~90×，可达且未超标），「0.897px」是 plate-solve **外部闭环全帧中位残差**（legacy 工具）。不存在「未闭合质心 BLOCKER」⇒ 原判据前提不成立。真正的缺陷是**端到端坐标契约**（PSF 支路写端 −0.5px），已由 SCI-FIX-PSF 修复。,【人工复核覆盖：原分批复核判 CRITERION-WRONG】台账原判 OPEN/P0（要求把该 BLOCKER 登记进限制层）。
M3b-I-01,sdet 归一化死守卫/NaN 漏检 + 『DPSFFitResult 12 字段』文字错,OPEN,"timeout 30 sed -n 416,424p lib/algorithms/star_detection/src/sdet_api.cpp -> rc=0：:416「// 原实现 `while (fabs(angle_deg) > 90.0) angle_deg ±= 180.0;` 在 GSL LM」… :423「if (!astrocs::star_detector::normalize_angle_deg_bounded(angle_deg, &angle_deg_norm)) {」（死守卫已改为显式失败）；timeout 30 awk '/^typedef struct/,/DPSFFitResult;/' lib/algorithms/psf/include/dynamic_psf.h -> rc=0：成员 status,B,A,cx,cy,sx,sy,theta,fwhm_x,fwhm_y,mad,flux,eccentricity = 13；timeout 30 grep -n '12 字段' lib/algorithms/psf/README.md docs/algorithms/STAR_PSF_ALGORITHMS.md -> rc=0：README.md:114「`DPSFFitResult` 12 字段 {`B,A,cx,cy,sx,sy,theta,fwhm_x,fwhm_y,mad,flux,eccentricity`}」、STAR_PSF_ALGORITHMS.md:186「DPSFFitResult 12 字段 dynamic_psf.h:16-31」",DOC-001,文档字段计数与结构体成员数不符（结构体 13 成员、含 status），且锚 :16-31 未覆盖全部成员,两处写『12 数据字段 + status（13 成员）』或按现文枚举；锚改 path::struct,grep '12 字段' 与结构体成员计数一致,ENGINEERING_SPEC §8（活动文档无陈旧状态冒充）」,子项 1（不可达死守卫/NaN 漏检）本轮已修：:416 注释自述原实现问题、:423 改 normalize_angle_deg_bounded 显式失败；故本行残余仅字段计数文字
M4-E-01,PHASE2_COVERAGE.md 自述『实测』239/60 行与现树 454/168 行不符；§11.1 锚整体漂移,OPEN,"timeout 30 sed -n 10,11p docs/algorithms/PHASE2_COVERAGE.md -> rc=0：「> 唯一权威生产源: lib/algorithms/coverage/src/coverage.cpp（239 行实测）+ 唯一权威签名头」「> lib/algorithms/coverage/include/astro/phase2/coverage.h（60 行）；禁止手抄他版。」；timeout 30 wc -l lib/algorithms/coverage/src/coverage.cpp lib/algorithms/coverage/include/astro/phase2/coverage.h -> rc=0：454 / 168",DOC-001,同 M1a-E-003：把一次性实测行数写进活动合同，源码增长后成失真陈述,合同头改 path::符号 锚；实测值只入带日期的偏差登记,grep 行数断言与 wc -l 一致或不存在,ENGINEERING_SPEC §8「活动文档无陈旧状态冒充」,台账记 +215/+108，本轮复核同量级
M4-E-02,PHASE2_INTEGRATION.md 记 integrate.cpp 76 行（实 81）；PHASE2_SESSION.md 记 p2_session.cpp 282 行（实 298）,OPEN,timeout 30 grep -n '76 行|282 行' docs/algorithms/PHASE2_INTEGRATION.md docs/algorithms/PHASE2_SESSION.md -> rc=0：PHASE2_INTEGRATION.md:4/:49「（76 行，astrocs_phase2 静态库成员…）」「## 3 逐符号锚（integrate.cpp 76 行 / integrate.h 74 行，2026-09-09 实测）」；PHASE2_SESSION.md:21/:354/:362 记 282 行；timeout 30 wc -l lib/algorithms/coverage/src/integrate.cpp lib/phase2_session/p2_session.cpp -> rc=0：81 / 298,DOC-001,同族：活动合同写死实测行数，源码增长后失真,去行数断言，改 path::符号 锚,grep 行数断言与 wc -l 一致或不存在,ENGINEERING_SPEC §8；docs/algorithms/anchors/ANCHOR_CONTRACT.md §2,台账记根 CMake 锚 :336-346 → :396，本轮未逐条重算该子项
M4-G-01,同一 ALG 文档两代权威句并存（『语义权威=本文件 §4.1』 vs 『SCI 权威永远在 docs/science/』）,OPEN,timeout 30 grep -n 语义权威 docs/algorithms/PHASE2_REJECTION.md -> rc=0：:437「禁改；语义权威=本文件 §4.1；澄清归 SCI 修订流程（不在本任务）。」、:544 同句；timeout 30 grep -n '禁止反向|SCI 权威永远' docs/algorithms/PHASE2_REJECTION.md -> rc=0：:628「（禁止反向）。」、:691「SCI 权威永远在 docs/science/（禁止反向）」,DOC-001,同一文档内两代权威声明互斥，级别关系（ALG vs SCI）不可判定,删除遗留的『语义权威=本文件 §4.1』句（或改写为『本文件只在 SCI-REJ-001 授权域内细化』）,grep 语义权威 的命中不含 §0 链外的自我授权表述,ASTROCS_DESIGN §0（docs/science 为公式权威）+§11.1（科学定义先于算法）,台账记 :437/:544/:628/:691，本轮行号一致
M5b-E-01,MODULE_MAP.md 仍引 module_adapters.cpp:4257/:4282/:4309，真实 p1_nodes 已到 :6311,OPEN,"timeout 30 grep -n '4257' docs/architecture/MODULE_MAP.md -> rc=0：:33「…`lib/infrastructure/scheduler/src/module_adapters.cpp`:4257/:4282/:4309；ctest `p1001_real_nodes`…」；:55 亦引 :4257；timeout 30 grep -n 'p1_nodes\[\] = |p3_nodes\[\] = ' lib/infrastructure/scheduler/src/module_adapters.cpp -> rc=0：6311: const std::pair<ModuleDescriptor, P1NodeSpec> p1_nodes[] = { / 6363: p3_nodes[] = {",DOC-001,节点表行锚未随源码增长更新（差 >2000 行）；同锚被 RELEASE_STATUS 等页面复制,全部改 path::符号（p1_nodes/p3_nodes）；行号锚一律禁用于活动文档,grep ':4257' 全仓零命中,ENGINEERING_SPEC §8「删除/重命名无悬空引用」；ANCHOR_CONTRACT.md §2,原判据的『宪章 §F.1』子项已修（MODULE_MAP.md:33 现引 ASTROCS_DESIGN §3.2/§4.2/§5.2，且 grep -c '§F\.1' ASTROCS_PROJECT_CONSTITUTION.md 已随该文件删除而无载体）
M5b-E-02,FROZEN 的 PHASE3_MODULE_ARCH.md 仍以不存在的 lib/phase3 为模块根,OPEN,"timeout 30 grep -n 'lib/phase3' docs/architecture/PHASE3_MODULE_ARCH.md -> rc=0：:6「## 1 模块与数据结构(lib/phase3,四单元单向流)」；timeout 30 ls -d lib/phase3 -> rc=2：没有那个文件或目录（现为 phase3_proj/rsmp/fits/session 拆分，见 ARCH-001 迁移清单 §1 第 6/7/4 项）",DOC-001,架构文档以旧目录名描述现行结构，模块根不可解析,改指 lib/algorithms/projection|resample|fits_output + lib/phase3_session，并声明与 p3_nodes 五节点的对应,文档内每个目录路径均存在,ENGINEERING_SPEC §8；ASTROCS_DESIGN §7.1（顶层结构唯一）,ARCH-001 迁移清单文件头自述当前 HEAD=8f0a4c6b（旧于本树），清单本身亦需重生成
M5b-G-07,"旧宪章 §12.1 要求 docs/owner/{SCIENCE,PHASE,ARCHITECTURE}_OVERVIEW.md 清单，check_l0_docs.py 未校验该清单",CRITERION-WRONG,"timeout 30 sed -n 20,30p tools/check_l0_docs.py -> rc=0：:「B. 现行权威索引 = docs/DOCUMENT_INDEX.yaml（取代已退役的根 REVIEW.md 链接面）：5 份 L0 文档必须在该索引 active 区段以 ACTIVE_* 登记。C. 旧权威回归（必须能红），两级口径：C1 P0（恒红）：docs/review/** 内任一文件在正文头 400 字符声明 ACTIVE_* 且未声明 ARCHIVED…」；timeout 30 ls docs/owner -> rc=0：6 份（ARCHITECTURE_OVERVIEW CHANGE_REVIEW PIPELINE_OVERVIEW PROJECT_SPEC RELEASE_STATUS SCIENCE_OVERVIEW）",DOC-001,-,-,-,原判据（旧宪章 §12.1 的 docs/owner 文件清单）已无载体：现行 L0 口径为 docs/DOCUMENT_INDEX.yaml active 登记 + docs/review C1/C2 回归（tools/check_l0_docs.py:20-30 逐字），docs/ci/01_CHECKS.md §2 的 27 个 CHK-* 亦无 L0 文档清单项；ASTROCS_DESIGN §11.3/§12 均未规定该清单 ⇒ 判据前提不成立，不得按原处方要求补 PHASE_OVERVIEW.md,台账原判即 VOID（与判定词表映射为 CRITERION-WRONG）。另注：tools/check_l0_docs.py 自述当前因 docs/review/CHANGE_REVIEW.md 抬头主张 ACTIVE_INFORMATIVE 而如实判红，属另一对象（docs/review 收口），不在本行判据内
M5b-G-17,L0 自述「当前提交实测绿」，而同仓 CI 基线把 8 族 waivable=false 红灯列为在册 P1,OPEN,"timeout 30 sed -n 38,42p docs/owner/RELEASE_STATUS.md -> rc=0：「…CLI validate/plan/inspect 薄命令面均已落地（当前提交实测绿）」；sed -n 8,9p 同文件 -> rc=0：「收敛基线：DOC-CONV-001，BASE_SHA = da3c4b4aaf64ef9b61039fabd1100ddd1f9b8540…本文执行级证据均为该 BASE 实测」；python3 -c 读 ci/known_failures.json -> rc=0：contract.excluded_by_policy 仍写「本轮 linux-main 其余红灯（AGENTS-GOV/DATA-ARTIFACTS/THREAD-BUDGET/CON-COMMENTS/CON-FULL-INTEGRATION/UT-ARCH/UT-BACKEND/WIN-*/DEEP-*）均为在册 P1（FD-R1-010）」",DOC-001,状态页以完成时口吻宣称当前提交实测绿，而证据锚仍是旧 BASE 且基线表列着同一批在册红灯,把「当前提交实测绿」改为绑定可复核三元组（SHA+命令+rc），或直接改为 NOT_VERIFIED 并指 known_failures.json,文档内不再出现无 SHA/命令/日志指针的「当前提交实测绿」；known_failures 的在册 P1 与状态页口径一致,ASTROCS_DESIGN §12「状态声明须绑定当前提交的证据」+§11.3,行号漂移：台账 :40 现仍落到 :40（同段）
M5b-I-01,docs/RELEASE_STATUS.md 与 docs/owner/RELEASE_STATUS.md 同为活动登记且旧页用 PASS/PENDING 口径,OPEN,timeout 30 grep -n -B1 -A3 'docs/RELEASE_STATUS.md' docs/DOCUMENT_INDEX.yaml -> rc=0：:56-57「- path: `docs/RELEASE_STATUS.md` / status: ACTIVE_INFORMATIVE」（无历史标注），对照 :335-337 docs/owner/RELEASE_STATUS.md status: ACTIVE_NORMATIVE；timeout 30 grep -n 'PRE_RELEASE_ENGINEERING_FOUNDATION|FINAL_REAL_DATA_VALIDATION' docs/RELEASE_STATUS.md -> rc=0：:11/:22，:22 已改写为「历史轮次…不是当前状态，只作追溯」,DOC-001,正文口径已收敛，但登记面仍把一个事实挂在两个活动条目上（旧页 ACTIVE_INFORMATIVE 无历史标注）,在 DOCUMENT_INDEX.yaml:56-57 给旧页加 ARCHIVED/历史标注（或移出活动索引），使 RELEASE_STATUS 只有 owner 版一个活动落点,grep -n 'docs/RELEASE_STATUS.md' docs/DOCUMENT_INDEX.yaml 的条目带历史/归档标注,旧宪章 §15.4「一份事实一个权威落点」由 ASTROCS_DESIGN §11.3/§12 承接,台账两子项中「正文以 PASS 冒充现状」已修，余「登记面双活」
M5b-I-02,README『当前状态』以历史断言（run --phases 已实现并通过 ctest、hidden whole-phase）冒充现状,FIXED,timeout 30 grep -n 当前状态 README.md -> rc=0：:57「## 当前状态（如实；状态词只用 ASTROCS_DESIGN §11.3 词表）」；grep -c '已实现并通过 ctest' README.md -> rc=1：0；grep -c 'hidden whole-phase' README.md -> rc=1：0；:113「…**不是当前状态**：历史只存在于 docs/archive/**」,DOC-001,-,-,-,修复证据（本轮实跑，两处历史断言 0 命中且状态词已收敛）,台账原判即 RESOLVED，本轮复核维持
M5b-I-03,L0 表内重复行与状态词混用（同表同模块两行 verdict 同义）,OPEN,"timeout 30 sed -n 74,86p docs/owner/SCIENCE_OVERVIEW.md -> rc=0：:80/:81 两行同为「| 真实数据（BASS/32R）验证 | `NOT_VERIFIED` | …」；同表 :76 用裸 PASS、:78/:79/:81 用反引号 IMPLEMENTED/NOT_VERIFIED 混排；grep -n Windows docs/owner/ARCHITECTURE_OVERVIEW.md -> rc=0：:35/:36/:37 均 NOT_VERIFIED（与 owner 版 :50-52 一致）",DOC-001,表内重复行未删、状态词裸写与反引号混用，一份事实两个落点,删 :81 重复行；全表状态词统一按 ASTROCS_DESIGN §11.3 词表加反引号,"同表内 (模块, 验收项) 唯一且状态词全部带反引号",旧宪章 §15.4 由 ASTROCS_DESIGN §11.3（状态阶梯唯一口径）承接,行号漂移：台账 :81/:82 现落到 :80/:81
M5b-I-06,V 期审计快照 CSV 仍以活动登记在位，且表内路径（tools/stage2.cpp、docs/history/）当前树 0 命中,OPEN,timeout 30 grep -n docs/audit docs/DOCUMENT_INDEX.yaml -> rc=0：:231 doc_classification.csv / :234 inventory.csv / :237 risk_verification_T012.csv（均在活动区段，无 ARCHIVED 标注）；timeout 30 sed -n 3p docs/audit/risk_verification_T012.csv -> rc=0：表内仍写「tools/stage2.cpp:720-724 weight_mode==2 禁 ACR」；ls lib/algorithms/coverage/tools/stage2.cpp -> rc=0（实际位置在 algorithms/coverage）；ls -d docs/history -> rc=2 不存在；grep -c docs/history docs/audit/doc_classification.csv -> rc=0：15 行,DOC-001,历史审计快照未加归档标注却仍在活动索引，且表内路径已因迁移失效,给三份 CSV 加 ARCHIVED_NON_NORMATIVE（或移出活动索引）；表内路径按 ARCH-001 清单改写并注明时点,DOCUMENT_INDEX 内三份 CSV 带归档标注；表内引用路径全部存在或在时点声明上下文中,ENGINEERING_SPEC §7（根固定条目白名单）+§8（无悬空引用）,台账证据三点本轮逐字复现
M5b-I-07,DOC-004 被多对象占用；API_STANDARD 字段清单与检查器 required 不一致,CRITERION-WRONG,"timeout 30 grep -rn DOC-004 docs tools contracts -> rc=0：DOC-004 现在只作为『任务 ID』出现在测试矩阵/API-001/check_ast_api.py/gen_module_readmes.py 等自述行；timeout 30 grep -c DOC-004 docs/contracts/RT-001.md -> rc=1：0（RT-001 内 0 命中）；timeout 30 cat -n docs/standards/API_STANDARD.md -> rc=0：全文 21 行，:6-7 列『inputs/units、outputs、ownership、failure、thread safety、precision/lifetime』6 项注释要素；:14 已改指 docs/contracts/API_CONTRACTS.csv / docs/traceability/TRACEABILITY_MATRIX.json（旧 docs/TRACEABILITY.csv 追溯门已退役）；timeout 30 grep -n 'required = ' tools/quality/contracts/check_api_contracts.py -> rc=0：:49 required = [""symbol"",""full_signature"",""header"",""linkage""]",DOC-001,-,-,-,判据错在两处：(a)『API_STANDARD 声明 ≥11 项字段』无载体——现行 API_STANDARD 只声明 6 项注释要素，检查器的 4 项 required 是 API_CONTRACTS.csv 的列 schema，两者对象不同，不构成不一致；(b)『DOC-004 与 RT-001 表内同 ID 占用』已被当前树反证（RT-001.md 0 命中）。正确口径：DOC-004 只作为任务号自述，ID 唯一性判据应落在 docs/contracts/INDEX.yaml；附带事实『API_STANDARD 仍把追溯交给旧 CSV』已修（:14 现指 MATRIX.json）,依据：docs/standards/API_STANDARD.md:6-14 现文 + tools/quality/contracts/check_api_contracts.py:49 + grep RT-001 DOC-004 = 0
M6a-C-003,节点表注释称 AIO-002 原子发布内建（hips README 自证无原子发布）；noise 侧仍自称唯一生产实现,OPEN,"timeout 30 sed -n 28p lib/infrastructure/scheduler/src/module_adapters.cpp -> rc=0：「//                write_variance_tile/finalize (AIO-002 原子发布内建;」；timeout 30 sed -n 190,197p lib/algorithms/drizzle/hips/README.md -> rc=0：「与实现不符——部分失败产品残留由调用方/IO-003 层处置）；无原子发布（remove+create 直写 :185-186…DISP-HIPS-004 维持登记）」；timeout 30 grep -n 唯一生产实现 lib/algorithms/noise_snr/memory.md lib/algorithms/noise_snr/README.md -> rc=0：memory.md:35「noise 方差模型唯一生产实现 lib/algorithms/noise_snr/cpp/src/noise_model.cpp」、README.md:7 同（README.md:9 反写『本模块不得再自报唯一生产实现』）；sed -n 14p module_adapters.cpp -> rc=0：「//   noise-snr      → NoiseModel::estimate    (lib/algorithms/noise_snr/wrapper_phase1)」；grep -n 'wrapper_phase1/noise_model.cpp' CMakeLists.txt -> rc=0：:522",DOC-001,节点表注释把目标态写成现状（AIO-002 未内建），snr 侧对『唯一生产实现』的落点与构建图/节点接线不一致,按构建图与 README 自证改写节点表注释与 memory/README 的『唯一生产实现』表述,节点表注释与 CMake 实际收录源一致；同一模块内不再出现互相否定的『唯一生产实现』句,ASTROCS_DESIGN §9（aio 是唯一 FITS/HiPS/manifest 读写边界）+§12（不得用文档声明冒充完成）,台账三处证据本轮逐字复现
M6a-I-005,『唯一/内建/已接线/实测』类免锚现状断言仍在位,OPEN,timeout 30 grep -rn '唯一生产入口|唯一生产调用点|唯一生产实现' lib/algorithms/coverage/README.md lib/algorithms/cosmetic/README.md lib/algorithms/noise_snr/memory.md -> rc=0：coverage/README.md:94「coverage.cpp:144 定义，唯一生产入口）」、cosmetic/README.md:86「唯一生产调用点」、noise_snr/memory.md:35「唯一生产实现」；timeout 30 head -6 lib/phase1_session/README.md -> rc=0：该目录仍在（ARCH-001 §1 记 lib/phase1_session 为 DEFERRED 不迁移删除）,DOC-001,同一族免锚现状断言分散在多份 README/memory，缺可机器核对的锚点,为每条断言补 path::符号/命令锚或删除；DEFERRED 的 session 目录随 INT-001 处置,grep '唯一生产(入口|实现|调用点)' 的每条命中同句含可解析锚,ENGINEERING_SPEC §2（注释禁令：禁把目标态写成现状）+§8,台账自述 38 条抽样中 20 条不符但本轮不重算该抽样数，只复核在位实例；lib/phase2/README.md 已随迁移落至 lib/algorithms/coverage/README.md
M6b-E-001,SPEC 以 JSON 为机器真相而三份路由文档仍把追溯指向旧 docs/TRACEABILITY.csv,FIXED,timeout 30 grep -n TRACEABILITY.csv docs/README-DOCS.md docs/DEVELOPER_GUIDE.md docs/standards/API_STANDARD.md -> rc=0：README-DOCS.md 零命中；DEVELOPER_GUIDE.md:42「追溯：docs/traceability/TRACEABILITY_MATRIX.json（机器真相；旧 docs/TRACEABILITY.csv 追溯门已退役）」；API_STANDARD.md:14「见 docs/contracts/API_CONTRACTS.csv / docs/traceability/TRACEABILITY_MATRIX.json；旧 docs/TRACEABILITY.csv 追溯门已退役」,DOC-001,-,-,-,修复证据（本轮实跑）,残留：docs/DOCUMENT_INDEX.yaml:58-59 仍把 docs/TRACEABILITY.csv 登记为 ACTIVE_NORMATIVE
M6b-E-003,追溯矩阵 ID 与 docs/contracts/INDEX.yaml 无单一登记处（91 个矩阵 ID 不在 INDEX）,OPEN,"timeout 60 python3 -c ""按 science/algorithm/data/api/arch/src/test/evidence id 解析矩阵并比对 INDEX.yaml 的 - id"" -> rc=0：matrix_distinct= 159 INDEX_ids= 114 not_in_INDEX= 92",DOC-001,两个 ID 登记面并存且无包含关系，机器无从判某 ID 是否合法,收敛为单一登记面（矩阵引用必须能在 INDEX.yaml 解析，或把 INDEX.yaml 降为矩阵子集并机器校验）,check_traceability_matrix.py 增加「矩阵 ID ⊆ INDEX.yaml」规则并能红,ENGINEERING_SPEC §8「注册表/合同一致」,台账记 158/114/91，本轮 159/114/92（矩阵有并发增量）
M6b-G-002,四份 RELEASE_STATUS 并存且 docs/RELEASE_STATUS.md 用已废止 PASS 口径；ARCHITECTURE 仍以旧入口为数据流,OPEN,"timeout 30 python3 -c ""import glob;print(glob.glob('docs/**/RELEASE_STATUS.md',recursive=True))"" -> rc=0：4 份（docs/、docs/archive/review/、docs/owner/、docs/review/）；grep -n 'orchestrator.exe|astrocs-stage2' docs/ARCHITECTURE.md -> rc=0：:18/:20 数据流仍写 orchestrator.exe/astrocs-stage2，:53/:54 表内两条旧入口；grep -c REVIEW_PENDING AGENTS.md -> rc=1：0，grep -n REVIEW_PENDING tools/check_agents_gov.py -> rc=1：0（第三子项已消）",DOC-001,登记面 4 份并存未收敛；ACTIVE 架构页仍以已被取代的旧入口描述数据流,把 archive/review 两份移出活动面或加归档标注；docs/ARCHITECTURE.md 的旧入口改为 astrocs 三命令口径并给取代声明,RELEASE_STATUS 活动面唯一；docs/ARCHITECTURE.md 内 orchestrator.exe/astrocs-stage2 仅出现在「已被取代」声明上下文,ASTROCS_DESIGN §0/§11.3,原判据中 §17-12 AGENTS.md 状态机行已修（本轮 0 命中）
M6b-G-003,ACTIVE 文档宣称 S8 gate 本版实测 PASS 9/9，被引检查器在 ci/checks.json 命中 0,OPEN,"timeout 30 grep -n '本版实测|S8 gate|docs_machine_consistency' docs/ARCHITECTURE.md -> rc=0：:116「## 7. Machine Consistency (S8 gate, 本版实测)」、:119「tools/docs_machine_consistency.py PASS 9/9」、:5 同宣称；grep -n docs_machine_consistency docs/README-DOCS.md -> rc=0：:33（规范面引用）；timeout 30 grep -c -e docs_machine_consistency -e config_consistency_check ci/checks.json -> rc=1：0",DOC-001,以完成时口吻宣称机器门实测 PASS，但该检查器从未登记进唯一注册表（无 SHA/命令/时间/日志指针）,要么把该检查器登记进 ci/checks.json 使其成为真门，要么把该节标为历史并删除 PASS 断言,ci/checks.json 含该检查器且文档 PASS 断言绑定 SHA+命令+rc,ASTROCS_DESIGN §11.3+§12（状态声明须绑定当前提交证据）；ENGINEERING_SPEC §8（检查器能红能绿）,台账三点证据本轮逐字复现（行号 :114→:116 漂移）
M6b-G-008,PHASE3_PROJ_IMPL.md 内『不实现 ZEA 等』与『冻结四投影』两版表述并存且与 §5.3 八投影不一致,FIXED,"timeout 30 grep -n '非目标|不实现' docs/algorithms/PHASE3_PROJ_IMPL.md -> rc=0：:25「- 非目标: **生产 alpha 路径仍只走 TAN**（lib/phase3_session/p3_wcs.cpp，」（不再是不实现 ZEA/SIN/CAR/AIT）；timeout 30 grep -n 冻结四投影 docs/algorithms/PHASE3_PROJ_IMPL.md -> rc=0：仅 :377「> **依据订正说明**：本节 v1 版把「首批冻结四投影（TAN/SIN/CAR/AIT）」的唯一依据写成…故该依据作废；投影集合按 DESIGN §5.3 的**八投影**为准。」；timeout 30 sed -n 264,265p ASTROCS_DESIGN.md -> rc=0：「首批冻结 **TAN / SIN / CAR / AIT / STG / MOL / CEA / ZEA**」",DOC-001,-,-,-,修复证据（本轮实跑：旧『不实现 ZEA』句已改写为『生产 alpha 路径仍只走 TAN』的事实陈述，『冻结四投影』只剩订正说明并显式指向 DESIGN §5.3 八投影）,原判据的 registry 实现缺口由 GAP-011/P3-001 承接，不在本行
M7-A-120,GLOSSARY 自称唯一术语权威，但宪章 §4.1 十量中 snr/quality/coverage/validity/rejection_mask/provenance 六条无独立词条,OPEN,"timeout 30 python3 -c ""L=open('docs/GLOSSARY.md',encoding='utf-8').read().split(chr(10));print('rows|_start=',sum(1 for l in L if l.startswith('| ')),[(t,sum(1 for l in L if l.startswith('| '+t+' '))) for t in ['snr','quality','coverage','validity','rejection_mask','provenance']])"" -> rc=0：rows|_start= 19 [('snr',0),('quality',0),('coverage',0),('validity',0),('rejection_mask',0),('provenance',0)]；timeout 30 sed -n 1,30p docs/GLOSSARY.md -> rc=0：:3 本词典是**唯一术语权威**；:16 coverage 仅作 support 的 legacy alias 反向登记",DOC-001,词典自称唯一权威却缺六条核心量的词条出口，读者无法在唯一落点查到同名术语口径,为六条量补词条（或显式登记为 legacy alias 并指向权威锚），并让工具可判『核心术语全覆盖』,python3 统计上述六词独立行数全部 >=1；且 docs_machine_consistency.py 类工具能对缺词条变红,ENGINEERING_SPEC §3/§8；docs/design/UNIFIED_MODEL.md §2（数据对象各处一义）,台账统计口径与本轮完全一致（19 行、六词全 0）；GLOSSARY.md 读时 md5 7c9c51ae7d37 与包内一致
M7-A-121,两份 FROZEN SCI 对同名 quality 给出互斥类型；quality_mode 声明域与实现 (void)mode 不符,OPEN,"timeout 30 sed -n 20p;30p docs/science/PHASE2_UPM.md -> rc=0：「| `quality_factor` | 质量因子（cosmic/geom 质量） | `SCI-UPM-WEIGHT-001` |」/「`quality, control_reliability`：无量纲 [0,1]」；timeout 30 sed -n 38p;60p docs/science/CONTROL_WEIGHT_SNR.md -> rc=0：「| `frame quality` | 每星点 Phase1 SNR 目录质量位（uint32 位掩码） |」/「`frame quality`：**uint32 位掩码**…非浮点标量」；timeout 30 sed -n 186,188p lib/algorithms/coverage/src/upm.cpp -> rc=0：inline double quality_factor(std::uint32_t flags, int mode) { (void)mode;",DOC-001,"同名输入对象在两份 FROZEN SCI 里一为浮点 [0,1]、一为 uint32 位掩码且互不指认；quality_mode 形参被 (void) 丢弃，声明域无实现",统一 quality 的类型口径（或改名区分 quality_factor 与 quality_flags），quality_mode 要么实现要么从签名删除,两份 SCI 对同一字段的类型声明可交叉解析；quality_factor 不再出现 (void)mode,ENGINEERING_SPEC §3「禁止一个字段承载多个含义」；docs/design/UNIFIED_MODEL.md §2,台账记子事实『flags→因子映射无定义』已闭（impl 内 16→0/2→0.1/1→1.0/未知→0.5 可见），本轮复核属实
M7-A-122,NOISE_MODEL.md §2 与同篇量纲表对 ivar 单位互斥（pixel⁻²·ADU⁻² vs ADU⁻²）,FIXED,timeout 30 sed -n 16p;29p docs/science/NOISE_MODEL.md -> rc=0：:16「| `ivar` | `1/variance` (ADU⁻²) | `variance_bg_global` 倒数 / `fill` |」；:29「…`ivar`：`ADU⁻²`…」；timeout 30 grep -n pixel⁻² docs/science/NOISE_MODEL.md -> rc=1 零命中,DOC-001,-,-,-,修复证据（本轮实跑：两处口径已同为 ADU⁻²，pixel⁻² 全篇 0 命中）,台账原判 OPEN；判据对象为同篇两处单位互斥，现文已消除
M7-A-124,词典仍写无覆盖像素=0 / variance=0→ivar=0 单值口径，未同步 DATA-UNC-001 的 §30 NaN 同态双值,OPEN,"timeout 30 grep -n variance docs/GLOSSARY.md -> rc=0：:10「| variance | …无覆盖像素=0 | … | docs/contracts/DATA_SEMANTICS.md#4a |」；:11「| ivar | 逆方差=1/variance;variance=0/缺失 → ivar=0… | ADU⁻² | …#4a |」；timeout 30 sed -n 45,50p docs/contracts/DATA_SEMANTICS.md -> rc=0：「无覆盖值歧义消解（DATA-UNC-001 登记，2026-09-09）…Phase2 合成与 Phase3 传播**输出产品**的无覆盖/无效语义以 §30 为唯一权威（NaN 同态，§30.1/§30.4）；ivar=0 仅保留为 Phase2 读侧…」",DOC-001,词典两行的权威锚仍指 §4a，未同步同一合同 §30 的目标态双值口径，唯一术语权威与合同不一致,词典 variance/ivar 行补『§30 输出态为 NaN 同态双值』并改锚到 §30,词典行与 DATA_SEMANTICS §30 口径一致且可机器比对,ENGINEERING_SPEC §3；docs/design/UNIFIED_MODEL.md §2,DATA_SEMANTICS.md 自述『本文不在此处单方改写（归 Phase1 域）』，故残留属登记未同步
M7-A-211,NOISE_MODEL 自证精度句『差 <1e-12』为可判伪的假命题（实测 5.602e-12）,FIXED,"timeout 30 grep -n '差 <|e-12' docs/science/NOISE_MODEL.md -> rc=0：:94「…与之绝对差 **5.602e-12**、相对差 **3.779e-12**）」（无『差 <1e-12』句）；其余 e-12 命中均为 variance_floor 1e-12（另一对象）；timeout 30 python3 -c ""print(1.482602218505602-1.4826022185, 1/0.6745-1.482602218505602)"" -> rc=0：5.601963337653615e-12 -2.2529847336638653e-05（与文档所记一致）",DOC-001,-,-,-,修复证据（本轮实跑：文档不再主张 <1e-12，改为如实写 5.602e-12，与复算逐位一致）,台账原判 OPEN；本行与 M3-A-008 同源不同缺陷面
M7-A-212,COSMETIC_ALGORITHMS 的『中值对重复计数天然免疫』非普遍成立；label 0 的 size 说明与连通域定义相反,OPEN,timeout 30 grep -n '天然免疫|label 0|out_hot' docs/algorithms/COSMETIC_ALGORITHMS.md -> rc=0：:99「邻域重复计数由中值天然免疫（中值不因重复计数偏移，仅样本数变化）；」、:72「4. 背景 label 0 的 size 记为 `max_size`（cosmetic_corrector.cpp:70），」、:141-144 已显式声明 out_hot/out_cold,DOC-001,"数学断言不普遍成立（同值复制可移动中位数，如 {1,2,3}→{1,2,3,3}）；背景 label 0 无定义 size 的说明与连通域定义相反",把『天然免疫』改为带条件的正确表述（或给出反例边界）；label 0 行改为『不参与 size 统计』,文中不再出现无条件的『天然免疫』；label 0 语义与连通域定义一致,docs/plugins/algorithms_phase1/02_cosmetic.md §4（判定与修正来源须记录、validity 显式、variance 同步）,台账三子项中 out_hot/out_cold 已闭；余两子项在位
M7-A-213,四处以『≪』连接量纲/类别不同项且无各自数值与比较阈，等价性声明不可证伪,OPEN,"timeout 30 grep -rn '≪' docs/algorithms/DRIZZLE_GEOMETRY.md docs/algorithms/UPM_SOLVER.md docs/algorithms/NOISE_ESTIMATION.md docs/algorithms/REJECTION_ALGORITHMS.md -> rc=0：DRIZZLE_GEOMETRY.md:217「- 面积误差预算: float 面积 0.05% ≪ 候选保守性（零漏选）≪ 门禁」；UPM_SOLVER.md:110「误差排序：**数值 FP64(≪1e-12) ≪ 科学/统计容差(k_corr 冻结, 控制噪声) ≪ 门禁**。」；NOISE_ESTIMATION.md:101；REJECTION_ALGORITHMS.md:128 同型",DOC-001,不同量纲/类别项之间用『≪』作不可证伪的定性排序，无各自数值与比较阈,每处给出各项数值、单位与比较阈（或改为可判定的定量不等式）,grep '≪' 的每处同句含数值+单位+阈值，或零命中,docs/design/UNIFIED_MODEL.md §1（简化须说明删去什么并以误差门证明）+ ENGINEERING_SPEC §5.1,台账记 4 处（DRIZZLE :215 → 现 :217），本轮 :110/:101/:128 亦在位
M7-C-201,PHASE3_FITS_IMPL 声明 -64 输出 FP64 精度（台账原判 RESOLVED）,FIXED,timeout 30 grep -n '精度|PF64' docs/algorithms/PHASE3_FITS_IMPL.md -> rc=1：全文 0 命中（既无『精度』字样亦无 PF64）；timeout 30 grep -n bitpix docs/algorithms/PHASE3_FITS_IMPL.md -> rc=0：各命中行只把 -64 当容器位深，:205 明说上游为 f32,DOC-001,-,-,-,修复证据（本轮实跑：文档已删除『-64 输出 FP64 精度』声明，0 命中）,台账原判即 RESOLVED，本轮复核维持
M7-E-201,ASTROMETRY.md 与 DRIZZLE.md 的 ipv_wcs.cpp / spherical_overlap.cpp 行锚整段失效,OPEN,"timeout 30 sed -n 16p docs/science/ASTROMETRY.md -> rc=0：「| `CRPIX1/2` | 参考像素（1-based， `w/2+0.5, h/2+0.5`） | `ipv_wcs.cpp:154,276` |」；timeout 30 sed -n 154p;276p lib/algorithms/platesolve/cpp/ipv/src/ipv_wcs.cpp -> rc=0：:154 为空行、:276 为 result->cd.cd11 = trans.x10 / 3600.0;（均非 CRPIX 语义）；timeout 30 grep -n HP_CIRCUMRADIUS_FACTOR lib/algorithms/drizzle/healpix_drizzle/spherical_overlap.cpp -> rc=0：:42 定义；sed -n 22p;65p;71p docs/science/DRIZZLE.md -> rc=0：三处仍引 spherical_overlap.cpp:40",DOC-001,行号锚在迁移+重写后整段失效（引用行不含所述语义）,一律改 path::符号 锚（如 ipv_wcs.cpp::build_... / spherical_overlap.cpp::HP_CIRCUMRADIUS_FACTOR）,grep 引用的行号锚可解析到所述符号,ENGINEERING_SPEC §8 + docs/ci/01_CHECKS.md §2 CHK-DANGLING,"台账引 :13-16,153-164,274-420,530-576；本轮锚已改写为 :154,276 但仍不中"
M7-E-202,REJECTION.md 行内自引 docs/science/REJECTION.md:16 指向错误行,OPEN,timeout 30 grep -n 'docs/science/REJECTION.md:' docs/science/REJECTION.md -> rc=0：:32「- `n` 为 planning 层 `nominal contributors`，一次解析，禁止 per-pixel effective 路由（`docs/science/REJECTION.md:16`）。」；timeout 30 sed -n 16p docs/science/REJECTION.md -> rc=0：「| `weights[i]` | 科学权重 | 同上 |」（§2 符号表行，不含 nominal contributors 语义）,DOC-001,文档内自引使用绝对行号，正文增删即失效,自引改节名/句锚（如 §4 nominal contributors 段）,grep 文档内自引零行号形,ENGINEERING_SPEC §8；docs/ci/01_CHECKS.md §2 CHK-DANGLING,同篇 :46/:80/:130 同族自引，本轮未逐条重算
M7-G-103,常数『值×因次×适用域×推导源』四元表无载体（docs/standards/SCIENTIFIC_CONSTANTS.md 不存在），四写法并存,FIXED,"timeout 30 ls docs/standards/SCIENTIFIC_CONSTANTS.md -> rc=2：没有那个文件或目录（该路径仍未建）；timeout 30 sed -n 94p;139p docs/science/NOISE_MODEL.md -> rc=0：:94「- FP64 全链路；MAD 常数**唯一权威写法** `1.482602218505602`（= 1/Φ⁻¹(3/4) 的 double 字面量…）」；:139「2. MAD→σ 换算 `1.482602218505602 = 1/Φ⁻¹(3/4)`：标准正态 MAD 分位恒等式（`Φ⁻¹(3/4) = 0.6744897501960817`…）…SCI-PHOT 侧的 4 位写法 `0.6745` 与全精度值相对差 **+1.5196e-05**…不得与本节冻结值互换」；timeout 30 sed -n 50,70p tools/docs_machine_consistency.py -> rc=0：CONST_FAMILIES 含 full/truncated 正则 + authority + decisions",DOC-001,-,-,-,修复证据（本轮实跑：值/因次/适用域/推导源四元已在 docs/science/NOISE_MODEL.md §2/§5/§14 单点冻结，并由 tools/docs_machine_consistency.py 的 CONST_FAMILIES 提供可机器判违规的定义点，替代原判据要求的独立常数表）,残留：该检查器未登记进 ci/checks.json（AT3 grep=0），登记缺口属 CI 域（同 M6b-G-003）
M7-G-105,注册表以工程上界冒充 Górski 条款并记 CONFORMANT；SIP 桥注释错引 FITS paper IV,OPEN,"timeout 30 sed -n 128,152p docs/standards/STANDARDS_REGISTRY.md -> rc=0：healpix 域行「| §5.2/§5.3（order 上限与溢出收口） | order ≤ 29 且越界输入显式拒绝 | CONFORMANT | … | 无（checked 收口，禁静默溢出） |」；timeout 30 sed -n 59,66p lib/algorithms/shared/healpix/healpix_core.h -> rc=0：require_valid_nside 只查「nside==0 或 (nside&(nside-1))!=0」两项，无任何 order/nside 上界；grep -rn 'order > 29|kMaxOrder|1<<29' lib/algorithms/shared/healpix -> rc=1 零命中；grep -n 'paper IV' lib/infrastructure/scheduler/src/module_adapters.cpp -> rc=0：:1903「// SIP 前向修正 (FITS paper IV §2.1: U = dx + A(dx,dy), V = dy + B(dx,dy))」",DOC-001,条款列把项目工程上界写成 Górski §5.2/§5.3 的要求，且实现并无该上界检查，「checked 收口」为假 CONFORMANT,要么删该行的「order ≤ 29」要求并如实标 PROJECT_DEFINED，要么在 require_valid_nside 补上界（代码域另立任务）；SIP 注释改挂 SIP 原始文献或删条款号,check_standards_registry.py 对该行做负向注入时能红，且 require_valid_nside 与条款文字一致,ENGINEERING_SPEC §8「注册表一致、检查器能红能绿」,行号漂移：台账 :136 现落到 :146（healpix 偏差表前一行）
M7-I-101,8 处 ALG 复杂度/内存节与自身伪代码/数据结构不相容（需逐式重推上界并与 benchmark 选点比对）,UNVERIFIABLE,"timeout 30 sed -n 58p docs/algorithms/UPM_SOLVER.md -> rc=0：「## 6 复杂度」；timeout 30 grep -c -e 复杂度 -e 内存 docs/algorithms/{UPM_SOLVER,PHASE2_UPM_IMPL,CALIBRATION_ALGORITHMS,COSMETIC_ALGORITHMS,PHASE2_COVERAGE,DRIZZLE_GEOMETRY,NOISE_ESTIMATION,PLATESOLVE}.md -> rc=0：2/2/3/10/4/2/3/2（8 处节锚全部在位）；timeout 30 grep -n 'DISP-COS-008|无上限防护' docs/algorithms/COSMETIC_ALGORITHMS.md -> rc=0：:82/:285 仍登记『无上限防护』",DOC-001,-,-,-,缺什么：本分片无可执行的『复杂度重推口径』（需按各节伪代码逐式推上界）与对应 benchmark 选点数据（benchmark profile 在当前树未生成、CPU profile 由 benchmark 决定，见 ASTROCS_DESIGN §8）；台账原判即为 UNVERIFIABLE，本轮只复核 8 处节锚在位，未做强判,台账备注：原 finding 只给 path::节 符号锚、未给逐字引文，本轮无法在不重推的情况下判定『不相容』
M7-I-201,SCIENCE_SCOPE 的 FP64 默认与 CALIBRATION 的 FP32 核心在同一入口级精度口径上互斥,OPEN,timeout 30 sed -n 53p docs/science/SCIENCE_SCOPE.md -> rc=0：「默认 FP64 科学计算；FP32 仅显式等价路径（SparseEqualsDense 1e-12 门）。」；timeout 30 sed -n 82p docs/science/CALIBRATION.md -> rc=0：「- 母版算术与校准核心为 FP32（`float`）；FP64 双精度 ABI `*_f64` 在像素级算术路径使用 `double` 不降级…」；:77 仍有『FP32 饱和语义界定』,DOC-001,两份 SCI 页对入口级精度给出互斥默认；且 SCOPE 举例的 1e-12 门是 UPM 专属门，不适用于 CAL 等价路径,由 SCI 层收敛：SCOPE 改为『按域声明默认精度』并回指各域页；CAL 页显式声明其为默认 FP32 的例外域,两份 SCI 页对 calibration 域的默认精度陈述一致（或 SCOPE 不再作全局默认断言）,ASTROCS_DESIGN §11.1（科学不变量验证）+ 权威链（docs/science 为公式权威，冲突须由 SCI 层收敛）,台账三点证据本轮逐字复现
M7-I-205,唯一词典与 SCI 页内同一符号 K 至少三义（order K / calibration_units K / 暗场缩放因子 K）,OPEN,"timeout 30 grep -n 'electron|order K|calibration_units|entrypoint|variance|ivar' docs/GLOSSARY.md -> rc=0：:21「| healpix_ordering | NESTED 是唯一允许 ordering(ring 未迁移);order K,nside=2^K… |」；:25「| calibration_units | t_expo:s;K:无量纲;flat_norm:无量纲… |」；timeout 30 sed -n 17,21p docs/science/CALIBRATION.md -> rc=0：「| `K` | 暗场缩放因子 `K=t_light/t_dark` | `calibrate: k_init` |」；全文无独立 K 词条",DOC-001,词典自述『每个核心术语恰一个含义』，却在同表内用 K 表达 healpix order 与 calibration_units 两义，SCI 页再给第三义，无消歧词条,为 K 增加消歧词条或改用非冲突记号（如 healpix order 写 O、暗场缩放写 k_dark）并同步 SCI/ALG,词典内 K 的每处出现都能由唯一词条判定其义,旧宪章 §4.1 由 docs/GLOSSARY.md 自述条款 + ENGINEERING_SPEC §8 承接,electron 许可域仍只在 GLOSSARY:9 一行标注（本轮同见）
M8-C-003,plate_solve README 称选星为『静态调度』，实现为 schedule(dynamic),OPEN,"timeout 30 grep -n 静态调度 lib/algorithms/platesolve/README.md -> rc=0：:156「投票/选星（整数归并+静态调度，输出 bitwise 与线程数无关，」；timeout 30 grep -n 'schedule(dynamic' lib/algorithms/platesolve/cpp/ipv/src/ipv_triangle.cpp -> rc=0：:203「#pragma omp for schedule(dynamic)」、:310「#pragma omp for schedule(dynamic, 64)」",DOC-001,文档对调度策略的事实性陈述与实现相反（且确定性论证建立在错误的调度描述上）,README 改为 schedule(dynamic) 并重述确定性依据（整数归并可交换）,README 内的调度描述与源码 pragma 一致,ASTROCS_DESIGN §8（资源/线程口径）+ ENGINEERING_SPEC §8,台账路径锚漂移（lib/plate_solve/src → lib/algorithms/platesolve/cpp/ipv/src），本轮按现树取据
M8a-C-004,healpix_db README 把生产真源定性为外部 GitHub 仓的本地副本并被 .gitignore 忽略（实测 0 命中），根 CMake 直接编译该目录,OPEN,timeout 30 grep -n '独立仓库本地副本' lib/infrastructure/aio/healpix_db/README.md -> rc=0：:18「| `healpix_stack/` | 稀疏 HEALPix 堆栈存储（独立仓库本地副本，.gitignore 忽略） | C++ | 活跃（独立仓库） |」、:19 healpix_drizzle 同；timeout 30 grep -c -i healpix .gitignore -> rc=1：0；timeout 30 grep -n 'add_library(astrocs_drizzle STATIC' CMakeLists.txt -> rc=0：:434,DOC-001,README 的治理定性（外部副本/被忽略）与构建事实（仓内编译为 astrocs_drizzle 并交付）相反,README 改为『仓内生产树，随 astrocs_drizzle 构建并交付』；活跃性表按现树重写,README 内不再出现『本地副本/.gitignore 忽略』定性；活跃清单与 CMake 目标一致,ASTROCS_DESIGN §7.1（源码唯一家 lib/）+ ENGINEERING_SPEC §6/§7,台账引根 CMake :408，本轮 :434
M8a-E-002,browser README 三份『设计文档』指向 docs/superpowers/**，该前缀在 docs 下 0 命中,OPEN,"timeout 30 grep -n superpowers lib/infrastructure/hips_browser/healpix_browser_qt/README.md -> rc=0：:127「- 核心算法：`docs/superpowers/specs/2026-07-13-cpp-qt-browser-core-design.md`」、:128 UI、:129 实现计划；timeout 30 python3 -c ""import glob;print('superpowers_paths_in_docs=',len(glob.glob('docs/**/superpowers*',recursive=True)))"" -> rc=0：0",DOC-001,README 引用从未入库（或已删除）的规划文档路径，悬空引用,三处改指现行文档或删除该『设计文档』小节并登记,grep 路径全部存在,ENGINEERING_SPEC §4（每模块必备 README 与合同引用）+§8,台账记 :127-129，本轮同
M8a-E-003,DISP-PSF-007 在四处使用面出现但登记表仍只到 006，无『不予登记/已关闭』声明,OPEN,timeout 30 grep -rn DISP-PSF-007 docs lib HANDOVER.md -> rc=0：docs/archive/HANDOVER.md:42（归档页）、lib/algorithms/psf/module.yaml:136「…即 DISP-PSF-007 候选）」、lib/algorithms/psf/tests/p1psf/p1psf_tests_core.cpp:717、lib/algorithms/psf/README.md:4「（DISP-PSF-007 候选收口）」；timeout 30 grep -n 'DISP-PSF-00' docs/algorithms/STAR_PSF_ALGORITHMS.md -> rc=0：:178「### 11.3 DISP-PSF-001..006（登记不改码…）」表内仅 001..006,DOC-001,偏差号在实现/测试/README 侧被使用，但 L2 登记表未收口也无关闭声明，ABI 边界整改历史不可回溯,在 STAR_PSF_ALGORITHMS.md §11.3 补 DISP-PSF-007 行（或显式声明不登记并给理由）,grep DISP-PSF-007 的每个使用面都能在登记表解析到其状态,ASTROCS_DESIGN §12（追踪无断链、未验收须明确报告）+ ENGINEERING_SPEC §8,台账记 docs 侧 0 命中，本轮 docs/archive/HANDOVER.md 有 1 处（归档面，非活动）
M8a-G-008,README-DOCS 改写 L2 定义并把仓库外 Wiki 置于最高权威之前（与 §0 冲突）,FIXED,"timeout 30 sed -n 6,20p docs/README-DOCS.md -> rc=0：:6「权威链（`ASTROCS_DESIGN.md` §0，唯一）：`ASTROCS_DESIGN.md` → `AGENTS.md` → `ENGINEERING_SPEC.md` → `CONTROL_PACK_SPEC.md` → `docs/ci/` → `docs/plugins/`（23 篇）…与其他文档冲突时以 ASTROCS_DESIGN.md 为准。」；:17「L2 算法规范 docs/algorithms/*.md（输入/输出/前后置/不变量/伪代码/复杂度/oracle；权威）」；timeout 30 grep -c -i wiki docs/README-DOCS.md -> rc=1：0",DOC-001,-,-,-,修复证据（本轮实跑：权威链与 §0 逐级一致、Wiki 0 命中、L2 = docs/algorithms/*.md 与 ASTROCS_DESIGN §0 的『算法推导权威』一致）,台账原判 OPEN；判据对象（Wiki 居首 + L2 被改写）在当前树已不存在
M8a-I-002,5 份模块 README 缺负责人 8 要素中的 4 项，且仍以 INDEX.yaml 内不存在的 ID 携带合同句,OPEN,timeout 30 wc -l lib/algorithms/platesolve/wrapper_phase1/README.md lib/algorithms/noise_snr/wrapper_phase1/README.md lib/algorithms/photometry/wrapper_phase1/README.md lib/algorithms/star_detection/wrapper_phase1/README.md lib/phase3_session/README.md -> rc=0：10 / 73 / 11 / 33 / 15；timeout 30 sed -n 3p lib/algorithms/platesolve/wrapper_phase1/README.md -> rc=0：「- 合同: `P1-004` / SCI-WCS-001 (docs/contracts/INDEX.yaml)」；timeout 30 grep -c P1-004 docs/contracts/INDEX.yaml -> rc=1：0,DOC-001,最薄样本仍缺定位/构建 target/偏差登记/状态词四要素，并以 INDEX.yaml 内不存在的 ID 冒充合同引用,四要素补进 5 份 README；合同句改用 INDEX.yaml 已定义的 ID,5 份 README 含四要素且引用的合同 ID 可在 INDEX.yaml 解析,ENGINEERING_SPEC §7（模块文档与代码共址）+§5；docs/contracts/INDEX.yaml 为合同 ID 注册面,台账记行数 10/73/11/33/15（noise 与 stars 已增长），本轮复核同
M8a-I-004,healpix_core.cpp:6 出处 URL 损坏；THIRD_PARTY_NOTICE 未收录上游 copyright 原文,OPEN,timeout 30 grep -n 'https:// github' lib/algorithms/shared/healpix/healpix_core.cpp -> rc=0：:6「// https:// github.com/astrometry/astrometry.net healpix.c 文件头许可)」（协议与主机名间含空格）；timeout 30 grep -c -i copyright lib/algorithms/shared/healpix/THIRD_PARTY_NOTICE.md -> rc=1：0（全文无上游 copyright 行原文）,DOC-001,BSD-3 条款 1 要求的 copyright notice 保留形式缺失；出处 URL 不可寻址,修 URL；在 NOTICE 粘贴上游 copyright/许可原文并指到具体文件,grep -i copyright 至少 1 命中且 URL 可解析,BSD-3-Clause 条款 1 + ASTROCS_DESIGN 附录 B + ENGINEERING_SPEC §8,台账两点均逐字复现
M8a-I-005,lib/ 内 28 处引用只存在于控制包解压区的 V7 编号标准，条款原文仓内不可核,OPEN,timeout 30 grep -rn 11_MODULE_SOURCE_TEST_STANDARD lib/ -> rc=0：28 处命中；timeout 30 for n in 11_MODULE_SOURCE_TEST_STANDARD.md 15_CPU_PROVIDER_AND_RESOURCE_STANDARD.md 03_TARGET_PRODUCT_AND_ARCHITECTURE.md 10_LINUX_CONTROL_NODE.md 14_RUNTIME_SCHEDULER_AND_TRACE_STANDARD.md; do find . -name $n -not -path './run/*'; done -> rc=0：五个编号标准全仓 0 命中；ls -1 docs/standards/*.md | wc -l -> rc=0：14（均为命名制）,DOC-001,L2 层与 21 份 module.yaml 以仓内不可核的编号标准为字段依据,把这些字段依据改挂现行 docs/standards/<NAME>_STANDARD.md，或把编号标准正式入库,lib/ 内不再出现仓内不可解析的标准编号引用,ENGINEERING_SPEC §8（引用有效条款）+§7（模块字段规范面）,台账记 25 处命中，本轮 28（并发线增量）
M8a-I-006,GLOSSARY 无 entrypoint 词条，唯一机器合同用另一键名 entrypoint_abi，module.yaml 该键值域四分,OPEN,"timeout 30 grep -c entrypoint docs/GLOSSARY.md -> rc=1：0；timeout 30 python3 -c ""import json;d=json.load(open('contracts/config/module_dll_contract.schema.json'));print('required has entrypoint_abi:', 'entrypoint_abi' in d['required'], d['properties']['entrypoint_abi'], 'entrypoint key:', 'entrypoint' in d['properties'])"" -> rc=0：True {'const': 'astrocs_module_query_v1'} entrypoint key: False；timeout 30 grep -h '^entrypoint:' lib/*/module.yaml lib/*/*/module.yaml -> rc=0：MISSING 15 / astrocs_module_query_v1 3 / p1_session_run 1 / astrocs::cli::cmd::run 1；grep -c 'entrypoint=MISSING' docs/contracts/PUBLIC_API.md -> rc=0：5",DOC-001,同一键名在两义间混用（descriptor 未接线 vs ABI 符号名），仓内无值域定义、机器合同用另一键名,在 GLOSSARY 立 entrypoint 词条并给值域；或把 module.yaml 键改名 entrypoint_abi 与 schema 对齐，PUBLIC_API 的 entrypoint=MISSING 改述为未接线状态,module.yaml 的 entrypoint 值全部落在 schema/词典声明的值域内，且自动比对可判真假,ENGINEERING_SPEC §7（模块字段规范面）+§8；ASTROCS_DESIGN §0（术语唯一性）,台账记 entrypoint: MISSING 16 份，本轮 15 份（并发线有改动）
M9-E-1,注册表 §6.3.1 行判 CONFORMANT 而 hips_pixel_scale 单位违规无偏差号；HIPS_WRITER.md 以角秒写规范,OPEN,timeout 30 grep -n '6.3.1|hips_pixel_scale' docs/standards/STANDARDS_REGISTRY.md -> rc=0：:107「| §6.3.1（客户端绘制所需的初始视场/像素尺度元数据） | 提供 `hips_pixel_scale`/`hips_initial_fov` 等客户端键 | CONFORMANT | … | DISP-HIPS-012（FIRSTPIX/LASTPIX 声明性头卡无消费方） |」；timeout 30 grep -rn DISP-HIPS-013 . -> rc=0：仅命中 问题扫描/** 档案，仓内活动面 0 命中；grep -n hips_pixel_scale docs/algorithms/HIPS_WRITER.md -> rc=0：:212「/ hips_hierarchy / **hips_pixel_scale = 3600·180/π·√(π/3)/nside arcsec」；grep -n hips_pixel_scale lib/infrastructure/aio/src/hips/aio_hips_writer.cpp -> rc=0：:1074 同一角秒式 snprintf，:1113 写入键,DOC-001,注册表该行判 CONFORMANT 而偏差列挂的是另一件事（DISP-HIPS-012 FIRSTPIX/LASTPIX），单位口径违规从未获得偏差号；实现与文档同写角秒,新开 DISP-HIPS-013（hips_pixel_scale 单位：实现供角秒、IVOA HiPS 要度）并回挂该行；该行判据文字补单位条件,注册表 §6.3.1 行状态降 PARTIAL 且 DISP-HIPS-013 可 grep 到；check_standards_registry.py 能对「状态值与偏差列不覆盖本条款已知违规」变红,ENGINEERING_SPEC §8（注册表一致、检查器能红能绿）,单位=度的标准原文由包内 M2b-B-03 取回承担，本轮未自取 PDF
SA-N-01,问题扫描/_verify/SA_anchor_repair.json 的 1008 类/3135 次悬空锚未回写（旧裁决 E4/C-18）,OPEN,"timeout 30 python3 -c ""import json;d=json.load(open('问题扫描/_verify/SA_anchor_repair.json',encoding='utf-8'));sp=d['species'];print('species',len(sp),'occ',sum(x['n_occ'] for x in sp))"" -> rc=0：species 1008 occ 3135（与台账逐一一致，未见回写后变化）；timeout 30 python3 -c ""import json;d=json.load(open('问题扫描/_verify/SA_anchor_repair.json',encoding='utf-8'));print({k:sum(x['n_occ'] for x in d['species'] if x['cat']==k) for k in ['A1','A5','C1-产物','C1-外链']})"" -> rc=0：A1 2278 / A5 272 / C1-产物 75 / C1-外链 18",DOC-001,批量回写序列（auto_safe/needs_human/reword/复跑断言）未执行，tracked 档案内锚仍不可解析,按 repair.json 的 action 字段分批回写，或由负责人作历史豁免并登记豁免出处,复跑 repair 脚本的断言：悬空锚计数=0，或存在带出处的历史豁免声明,ENGINEERING_SPEC §8（删除/重命名无悬空引用）；docs/ci/01_CHECKS.md §2 CHK-DANGLING,台账称语料=问题扫描/findings/** 约 296 份；本轮只复核 repair.json 计数未重算语料份数
SA-N-02,虚构符号 build_fits_wcs_from_solution / write_tile_core 仍被 tracked 档案当『实际位置』引用,OPEN,timeout 30 grep -rn build_fits_wcs_from_solution lib cli tests -> rc=1：HEAD 代码面 0 命中；timeout 30 grep -c write_tile_core 问题扫描/_merge/ANCHOR_VERIFY_REPORT.md -> rc=0：2（虚构符号仍留在 tracked 档案宿主）,DOC-001,虚构符号未被清除，历史档案仍以它为凭据，后续读者会据此找不到实现,在档案内把这批符号改述为『零命中+检索口径』，或加档案级豁免声明,grep 虚构符号在 tracked 档案内的命中全部处于『零命中说明』上下文,ASTROCS_DESIGN §12（宣称的证据须可复核，不得以不存在符号充当凭据）；ENGINEERING_SPEC §8,台账记旧口径 4 处宿主今为 2 处，本轮复核为 2
SA-N-03,自指/影子树/gitignored 三类锚（A5 272 / B1 34 / B2 26）未换真宿主,OPEN,"timeout 30 python3 -c ""import json;d=json.load(open('问题扫描/_verify/SA_anchor_repair.json',encoding='utf-8'));print({k:sum(x['n_occ'] for x in d['species'] if x['cat']==k) for k in ['A5','B1','B2']})"" -> rc=0：{'A5': 272, 'B1': 34, 'B2': 26}（与台账逐字一致）；timeout 30 git ls-files lib/snr_estimator/src/ -> rc=0：空（该示例路径已随 ARCH-001 迁移消失，影子实例已转正或不适用）",DOC-001,自指档案与 run/ 区锚仍留在 tracked 档案内，未换真宿主,按 proposed_host 批量回写或作历史豁免；转正类实例从清单移除,回写后 A5/B1/B2 计数为 0 或附豁免声明,ENGINEERING_SPEC §8（clean checkout 可解析）；AGENTS.md §5（run/ 不作登记宿主）,台账称部分实例已自然消解（module_entry 转正、根级 csv 清运），本轮复核 git ls-files lib/snr_estimator/ 为空
SA-N-05,活动文档仍拿不存在文档作 PASS 凭据（SCIENCE_FREEZE.md 引 ACCEPTANCE_GATES.md）,OPEN,timeout 30 git ls-files -- tests/abi/run_abi_checks.sh '*ACCEPTANCE_GATES.md' -> rc=0：空（四件代表均不在 HEAD）；timeout 30 grep -n ACCEPTANCE_GATES docs/validation/SCIENCE_FREEZE.md -> rc=0：:4「> ACCEPTANCE_GATES.md G1-G10 全部 PASS、known P0/P1 = 0，」,DOC-001,活动文档的 PASS 凭据指向已删除文件，宣称不可复核,改指现行可复跑证据（ci 门 rc + 日志）或删除该 PASS 断言,grep 活动文档内的证据文件路径全部存在，或断言改为命令+rc,ENGINEERING_SPEC §8（无悬空引用）；ASTROCS_DESIGN §12（宣称的证据须可复核）,台账称 run_abi_checks.sh 与 PHASE_OVERVIEW.md 两例活动面引用已消失，本轮复核同（两者 0 命中）
V1-N-03,SnrModel 同块内散文（均置 1.0）与字段注释（= median(SNR_F)）互斥；同名字段两值,OPEN,"timeout 30 sed -n 461,466p lib/algorithms/noise_snr/cpp/include/snr_estimator.h -> rc=0：:461「// P5-SNR 重定义 (2026-09-14): 控制点 snr_psf 现为绝对逐源 SNR_F, 故 IDW 重建」:462「// 的全局尺度与归一化基准均置 1.0 (使 snr_phot*IDW/median_snr == IDW(SNR_F))。」:465「double snr_phot; // IDW 全局尺度 [无量纲] = median(SNR_F) (P5-SNR 重定义)」:466 median_snr 同；timeout 30 grep -n 'const double snr_phot = 1.0' lib/algorithms/noise_snr/cpp/src/snr_estimator.cpp -> rc=0：:146、:318",DOC-001,头文件同一块内散文与字段注释对同名字段给出互斥取值口径；snr_estimate 路径用 1.0、extract_model 路径置 median(SNR_F),统一字段语义：或把注释改为『本函数路径置 1.0；extract_model 路径置 median(SNR_F)』并拆名，或在两条路径间收敛取值,头文件内每处 snr_phot/median_snr 的取值口径唯一且与两条实现路径一致,ENGINEERING_SPEC §4 第 3 项（公开头自洽、单一语义）+§3 第 4 条（禁止一个字段承载多个含义）,台账引 :463-467，本轮落 :461-466（漂移 2 行）
V12-N-04,kTrimMeanToSigma 在册 16 位值 0.7316727929211932 第 7 位起即错（正确 0.731673095280613）,OPEN,"timeout 30 python3 -c ""from statistics import NormalDist; nd=NormalDist(); q1=nd.inv_cdf(0.55); q9=nd.inv_cdf(0.95); v=2*(nd.pdf(q1)-nd.pdf(q9))/0.8; print(repr(v), (0.7316727929211932-v)/v)"" -> rc=0：0.731673095280613 -4.132438676152551e-07；timeout 30 grep -rn '0.7316727929211932' lib docs -> rc=0：7 处（noise_model.cpp:37、snr_science.cpp:39、snr_estimator.cpp:53/:74/:99、dpsf_psf.h:8/:9、p1snr_science_test.cpp:45）全部为同一 16 位值；grep -n '0.7316728|0.731673' docs/algorithms/STAR_PSF_ALGORITHMS.md -> rc=0：:57 用 7 位简写 0.731673",DOC-001,代码与文档共用同一失准常数（相对差 -4.13e-07），且文档未声明分母域（另一自然口径 0.5586098711723649，差 24%）,按 SCI 层复核后统一为一个全精度值（并声明分母域），文档与代码同源；常数入 CONST_FAMILIES 类机器判据,全仓该常数只有唯一全精度写法且与等价 Oracle 复算一致,ENGINEERING_SPEC §3（同一常数不得多源、科学精度不可改）；docs/plugins/algorithms_phase1/04_psf.md §8；docs/science/PSF.md §14,台账引第三处文档 PSF_FITTING_VARIANTS.md，本轮复核该文件仍不存在（见 V12-N-14）
V12-N-14,旧判据宿主 PSF_FITTING_VARIANTS.md:205 与 kMoffatBeta*（2.5）三套 β 先验,CRITERION-WRONG,"timeout 30 ls docs/algorithms/PSF_FITTING_VARIANTS.md -> rc=2：没有那个文件或目录；timeout 30 grep -rn 'kMoffatBeta|2.5531628' lib docs tests -> rc=1：零命中（2.5532 仅见于 lib/algorithms/psf/logs/dynamic_psf.log 的拟合值）；timeout 30 awk '/^typedef struct/,/DPSFFitResult;/' lib/algorithms/psf/include/dynamic_psf.h -> rc=0：只有 Moffat4 的 β=4 参数化；grep -n 'β 固定|beta=4|MOFFAT4' docs/science/PSF.md -> rc=0：§10 固定 β=4 为现行口径",DOC-001,-,-,-,判据对象在当前树与全史均无载体（文档不存在、常量 0 命中、结构体无 β 参数），台账复核亦记 REJECT-NEVER-EXISTED ⇒ 属对象错而非待修缺陷；正确口径：Moffat β 由 docs/science/PSF.md §10 固定为 4，任何 β≠4 变更须走 SCI 变更流程（现行无偏差）,依据：ls rc=2 + grep 零命中 + PSF.md §10 现行条款；台账原判即 VOID（映射为 CRITERION-WRONG）
V15-N-12,test_05_registry_implemented 自称验 IMPLEMENTED，实际只断 task_id 含 P3-006，且权威取自一次性 evidence/ 归档,OPEN,"timeout 30 sed -n 133,140p tests/backend/test_p3006_production_pipeline.py -> rc=0：:133 def test_05_registry_implemented(self): :134 docstring「SCI/ALG/MOD 状态 IMPLEMENTED(控制包台账标记)。」:135 ledger = os.path.join(REPO, ""evidence"", ""v6_1_rework"", ""TASK_LEDGER.csv"") :139 self.assertIn(""P3-006"", ids, ""P3-006 应在台账"")；timeout 30 python3 -c ""import os;print('evidence/v6_1_rework/TASK_LEDGER.csv exists:', os.path.exists('evidence/v6_1_rework/TASK_LEDGER.csv'))"" -> rc=0：False（evidence/ 目录整体不存在）；timeout 30 python3 -c ""import csv;rows=list(csv.DictReader(open('reports/REAUDIT_V3/v3_audit/TASK_LEDGER.csv',encoding='utf-8')));print([x for x in rows if x.get('task_id')=='P3-006'])"" -> rc=0：[]（现行台账无 P3-006 行）",DOC-001,测试名/docstring 与断言内容不符（不校验状态），且证据源指向已删除目录，测试实际不可执行,断言改为可复跑的现状证据（module.yaml/ctest rc），或把该测试标为历史并删除；不作为 IMPLEMENTED 凭据,该测试可在干净检出运行且断言的语义与 docstring 一致,ASTROCS_DESIGN §11.3（IMPLEMENTED=生产源码在位且当前提交内实际执行通过）+§12,台账备注所指一次性 evidence/** 归档现整体不在 HEAD（git ls-files evidence/ = 0，R-6 E-26 实测）
V2-N-07,PHOTOMETRY.md 证据锚未覆盖公式站点；ipv_wcs 子项与 0.6745 同源句已修,OPEN,"timeout 30 sed -n 65p docs/science/PHOTOMETRY.md -> rc=0：「与 `lib/algorithms/photometry/cpp/src/star_matcher.cpp:21-27,241-248,435-525,552-559` 及 `lib/algorithms/photometry/cpp/src/pc_api.cpp` 一致。」；timeout 30 grep -n 'sigma_residual = (mad_in' lib/algorithms/photometry/cpp/src/star_matcher.cpp -> rc=0：:621（sigma_residual 的真实赋值点，不在所引 4 段范围内）；sed -n 345p lib/algorithms/platesolve/cpp/ipv/src/ipv_wcs.cpp -> rc=0：result->success = false;（原子项已改为显式失败）；sed -n 139p docs/science/NOISE_MODEL.md -> rc=0：已如实写 0.6745 相对差 +1.5196e-05",DOC-001,文档『与实现一致』的锚段未包含被引公式的实现点（:621 在 4 段之外），锚不可复核,锚改为 path::函数名（star_matcher.cpp::match_psf_to_gaia 等）或补上真实赋值行所属区间,grep 引用的每段区间都含所述语义（或锚改为符号名）,ENGINEERING_SPEC §8（活动文档无悬空引用）,台账三子项：(b) ipv_wcs:345 已显式失败、(c) 0.6745 相对差已如实登记 ⇒ 仅 (a) 锚失真残留
V3-N-01,hp_drizzle_api.cpp 返回 -14，而 PUBLIC_API.md 帧通道未登记该码,OPEN,timeout 30 grep -n -- '-13' docs/contracts/PUBLIC_API.md -> rc=0：:243「-13=直写失败（:1066-1070）——正负两套并存无集中枚举（登记缺陷，迁移整改点）。」；grep -n -- '-14' 同文件（排除日期）-> rc=0：无可解析的 -14 登记行；timeout 30 grep -n 'return -14' lib/algorithms/drizzle/healpix_drizzle/hp_drizzle_api.cpp -> rc=0：:1015（precision_mode=FP64 与 data 块 FLOAT32 不一致时显式拒绝）,DOC-001,生产者新增/使用返回码 -14，登记面未同步，错误码通道不可枚举,PUBLIC_API.md 帧通道补 -14 行（或建立集中枚举）,文档内帧通道返回码集合与实现 return 值集合一致,ENGINEERING_SPEC §8（API 文档与 AST 一致）+§9（统一状态码+结构化诊断）,台账记生产者锚 :992-997 → :1011，本轮实测 :1015
V6-N-01,c3452d48 净删 docs/TRACEABILITY.csv 4 行，check_traceability.py 现下必红（缺 PSF/REJ）,OPEN,"timeout 60 python3 tools/quality/contracts/check_traceability.py --repo . -> rc=1：status=FAIL rows=63 findings=[TRACE-CORE-MISSING PSF, TRACE-CORE-MISSING REJ]；python3 -c 统计 requirement_id 关键词 -> rc=0：UPM 33 ACR 1 INT 1 DRZ 3 CAL 1 PHOT 1 NOISE 15，PSF 0 REJ 0；status 全 63 行 VERIFIED",DOC-001,被删的四行核心 SCI（SCI-PSF-001/SCI-REJ-001/SCI-INT-001/SCI-ACR-EQUIV-001）未恢复，检查器必然红,回滚补回被删行（而非改关键词凑子串），并让 check_traceability.py 进 CI 必跑,check_traceability.py --repo . rc=0,ENGINEERING_SPEC §8「核心合同有独立测试、无悬空引用」,与 V9-N-01 同源同判据（不同 producer），保留原 ID 各自落行
V6-N-02,docs/traceability/TRACEABILITY_MATRIX.csv 在 tracked blob 内注入 BOM，检查器不剥 BOM 即 SCHEMA_VIOLATION 返回,FIXED,"timeout 30 python3 -c ""print(open('docs/traceability/TRACEABILITY_MATRIX.csv','rb').read(3))"" -> rc=0：b'mod'（无 BOM）；timeout 30 git cat-file blob HEAD:docs/traceability/TRACEABILITY_MATRIX.csv | head -c 12 | od -c -> rc=0：m o d u l e _ i d , m o（HEAD blob 亦无 BOM）；timeout 60 python3 tools/traceability/check_traceability_matrix.py -> rc=1：TRACEABILITY_MATRIX_FAIL errors=7，全部为 ID_FORMAT_VIOLATION/DANGLING_REF，无 BOM 引发的 SCHEMA_VIOLATION 缺={module_id} 多={BOM+module_id}",DOC-001,-,-,-,修复证据（本轮实跑，BOM 已从 HEAD 内容层移除）,残留 7 条为下一层缺陷（ID 格式 + DANGLING_REF），不在本行判据内
V6-N-04,FROZEN SCI 文档的推导权威仍指向 gitignored 的 run/ 目录，干净检出不可复核,OPEN,timeout 30 git ls-files run/ -> rc=0：仅 run/.gitkeep（1 条）；timeout 30 grep -n 'run/' docs/science/CONTROL_WEIGHT_SNR.md -> rc=0：:51「- 推导与文献锚见 `run/release-rescue/science-phot/PHOTOMETRY_LITERATURE_REVIEW.md` §C.3.1」；grep -n run .gitignore -> rc=0：:19 run/*,DOC-001,FROZEN 文档把不可检出的工作区路径当权威锚，clean checkout 无法复核,把该文献评审移入被跟踪面（如 docs/references/**）并改锚，或改锚到已入库的等价文档,grep -n 'run/' docs/science/CONTROL_WEIGHT_SNR.md 零命中或锚指向 tracked 文件,ENGINEERING_SPEC §7（run/ 为 gitignore 临时目录）+§8,台账记「本轮新增引用为 50 处级」，本轮未重算全量
V6-N-05,lib/phase1/noise/README.md 自述『未改仓库树』并以 run/perf-fix 补丁路径充当现状（台账原判 RESOLVED）,FIXED,timeout 30 grep -c 未改仓库树 lib/algorithms/noise_snr/wrapper_phase1/README.md -> rc=1：0；timeout 30 grep -n 'P8 越域补丁|P14 落树|perf-fix' lib/algorithms/noise_snr/wrapper_phase1/README.md -> rc=0：:70「**lib/infrastructure/scheduler 接线（P8 越域补丁 → P14 落树）**：p1_op_noise / p1_op_star_psf_impl…」（原矛盾文本与 run/perf-fix 路径均已删除）,DOC-001,-,-,-,修复证据（本轮实跑：原自述文本 0 命中，现文按 P14 落树改写）,台账原判即 RESOLVED，本轮复核维持
V8-N-06,gaia_client.h 注释把契约指向 GAIA_QUERY.md 的 Postconditions/Invariants/并行模型，三个节名在文档内多数零命中,OPEN,timeout 30 sed -n 3p lib/infrastructure/gaia_xpsd_client/src/gaia_client.h -> rc=0：「…契约见 docs/algorithms/GAIA_QUERY.md Postconditions/Invariants/并行模型 与 docs/architecture/CACHE_POLICY.md Gaia查询缓存行。」；timeout 30 grep -c Postconditions docs/algorithms/GAIA_QUERY.md -> rc=1：0；grep -c 并行模型 同文件 -> rc=1：0；grep -nE '^## ' 同文件 -> rc=0：:191「## 4. 并发模型（现状，与源码一致）」、:216 无 Invariants 节名（实为『不变量（properties）』语义段）,DOC-001,公共头以不存在的节名当契约锚，按注释检索必失败,注释改指实际节名（§4 并发模型 / 不变量段），或给文档补同名节,grep 注释中每个节名在 GAIA_QUERY.md 命中,ENGINEERING_SPEC §8（无悬空引用）；docs/algorithms/GAIA_QUERY.md 为算法推导权威,台账记 CACHE_POLICY 半为真，本轮未否证
V9-N-01,同 V6-N-01：净删 4 行后 rows 67→63，PSF/REJ 覆盖为 0,OPEN,timeout 60 python3 tools/quality/contracts/check_traceability.py --repo . -> rc=1：status=FAIL rows=63；python3 -c csv.DictReader -> rc=0：rows= 63 status={'VERIFIED': 63}，PSF 0/REJ 0,DOC-001,同上（被删核心 SCI 行未回滚）,回滚三行并复跑 check_traceability.py,check_traceability.py --repo . rc=0 且 rows>=67,ENGINEERING_SPEC §8,与 V6-N-01 同判据；台账备注自述「正确修法是回滚三行而非补关键词」
V9-N-03,docs/traceability/TRACEABILITY_MATRIX.csv 的 BOM 在 HEAD blob 内（非本机编码脏）,FIXED,"timeout 30 git cat-file blob HEAD:docs/traceability/TRACEABILITY_MATRIX.csv | head -c 12 | od -c -> rc=0：0000000 m o d u l e _ i d , m o（无 EF BB BF）；timeout 30 git status --porcelain docs/traceability/TRACEABILITY_MATRIX.csv -> rc=0：空（工作树=HEAD）",DOC-001,-,-,-,修复证据（git 内容层已去 BOM）,本行与 V6-N-02 同一对象不同判据面
V9-N-05,DOC-LINE-ANCHORS 41 条 bindings 中 13 条 C4 BINDING_VIOLATION，门必红,OPEN,timeout 150 python3 docs/algorithms/anchors/check_doc_line_anchors.py --json-out /tmp/b02_anchors2.json -> rc=0：verdict= FAIL anchors= 842 docs= 38 nerr= 18，18 条全为 C2_anchor_resolved，例如「docs/algorithms/PHASE3_FITS_IMPL.md:41 p3_wcs.h:14 -> untracked lib/algorithms/projection/p3_wcs.h」；时间序对照：本轮早前同一命令曾 rc=0 PASS（842/38/errors=[]），随后并发迁移线把 lib/phase3_session/p3_wcs.* 移到 lib/algorithms/projection/（git status: D+??），门随即转 FAIL,DOC-001,文档行锚指向的源码文件在迁移窗口内被移动/删除，锚解析面未同步（C2_anchor_resolved 指到 untracked 新路径）,迁移收口后同提交更新全部 p3_wcs 相关行锚（改 path::符号）并复跑该门；门应纳入 CI 必跑,check_doc_line_anchors.py rc=0 且 errors 为空,ENGINEERING_SPEC §8（活动文档无陈旧状态冒充）；docs/algorithms/anchors/ANCHOR_CONTRACT.md §2（代码移动即锚失效，须同提交更新）,台账记 808/36/15；本轮窗口内先 PASS(842/38/0) 后 FAIL(842/38/18) —— 本行按复核末次实测判 OPEN，并如实记录门曾一度清零
M5a-I-001,SCI/ALG 两份 ACR_EQUIVALENCE 字面互斥（逐位等价 vs 1e-6/1e-12 容差），缺负责人裁决,CRITERION-WRONG,timeout 10 head -5 docs/science/ACR_EQUIVALENCE.md [rc=0]→状态 FROZEN；head -5 docs/algorithms/ACR_EQUIVALENCE.md [rc=0]→状态 DERIVED 上游 SCI: SCI-ACR-EQUIV-001；grep -n -e 逐位 -e 容差 docs/science/ACR_EQUIVALENCE.md [rc=0]→:41-42 语义级等价（rejection/integrate 逐像素独立）／:84-88 dtype-specific 容差；docs/algorithms/ACR_EQUIVALENCE.md:15/:17；grep -n ACR ASTROCS_DESIGN.md [rc=0]→:68/:410 生产不含 ACR（DORMANT）,FINAL-001,-,-,-,"为什么错：两文档不是同一层判据——SCI §1-§3 定义「legacy launcher 与 per-pixel rejection+integrate 语义等价」，ALG F2/F4 把它落成「分块实现的数值容差」，ALG 明示上游=SCI-ACR-EQUIV-001，属层级别而非契约冲突。正确口径：语义等价由 SCI 定义、数值容差由 ALG F4 定义（float32 max_abs ≤1e-6、float64 ≤1e-12、support/rejection exact），二者叠加构成完整判据；且 ACR 生产不可达（ASTROCS_DESIGN:410），不存在需裁决的生产路由冲突。依据：docs/science/ACR_EQUIVALENCE.md:41-42,84-88 + docs/algorithms/ACR_EQUIVALENCE.md:9,15,17 + ASTROCS_DESIGN.md:68,410。",台账原判 UNVERIFIABLE（缺负责人裁决）；本轮按层级别判定其判据前提不成立
M7-G-001,9 篇 docs/science 以 §15「§11 Oracle 全过」声明为验收，缺判决域/折算因子；成员算术偏离可复现,OPEN,"grep -rc ""Oracle 全过"" docs/science/PSF.md docs/science/DRIZZLE.md [rc=0]→各 1；sed -n '121,126p' docs/science/PSF.md [rc=0]→:123 - §11 Oracle 全过：FWHM 缩放不变量、解析/数值积分一致性、参数拒门；python3 -c 复算 [rc=0]→analytic 1.2303076525901024 vs 冻结 1.230310 delta 2.347409897573982e-06；grep -rc ""判决域\|折算因子"" docs/science/ docs/algorithms/ [rc=0]→全 0",FINAL-001,门文本声明「Oracle 全过」但未声明判决域/折算因子，成员级算术近似无容差归属,为每个模型 Oracle 声明判决域与折算因子（或在 PSF.md 声明 1.230310 的舍入容差），并让门能红,每个近似有 mutation 证明门能红（DESIGN §11.1）,-,家族判词（P0），成员级完整复算不在本批
V7-N-09,旧扫描轴判否负清单（verified_state=NOT_A_DEFECT），旧宪章§12.3-8/§13 判据,CRITERION-WRONG,"grep -n ""missing precision_mode is rejected"" lib/infrastructure/scheduler/src/module_adapters.cpp [rc=0]→:3009；grep -n -e ""projection must be TAN"" -e ""frame must be icrs"" lib/phase3_session/p3_session.cpp [rc=0]→:97 if (proj != ""TAN"") … return ACS_ERR_UNSUPPORTED ／:102 frame must be icrs",FINAL-001,-,-,-,为什么错：本条为旧扫描轴 _verify/V7.md §三「判否负清单」条目（台账 verified_state=NOT_A_DEFECT），原判据出自已下链的旧扫描档案与已废止旧宪章 §12.3-8/§13，本身不构成缺陷判据。正确口径：该组条目作用仅是「各轴不得重报」；现状复核仍非偏差——precision_mode 缺键/错型双拒（module_adapters.cpp:3009）、p3 projection≠TAN 与 frame≠icrs 硬拒（p3_session.cpp:97/:102）。依据：ENGINEERING_SPEC §3 迁移 bitwise 相等+§5.1 边界/错误输入 + ASTROCS_DESIGN §11.1 + 台账 verified_state=NOT_A_DEFECT。,不另立整改机制，保留免重报价值
M1a-B-001,注册表曾写「7×7 网格/与 SCI 冻结一致」判 CONFORMANT，而生产实现为 NB_GRID=41 阶5、NB_GRID_X=81 阶7,FIXED,"timeout 20 grep -n -e ""与 SCI 冻结一致"" -e ""DISP-WCS-006"" docs/standards/STANDARDS_REGISTRY.md rc=1（零命中，旧 ID 已不存在）；timeout 20 sed -n ""55,80p"" 同文件 rc=0 -> 70:SIP §A 行偏差列=DISP-WCS-008（AP/BP 采样网格 ≥7×7，实现 41×41/81×81 + 迭代反演；SCI 已废止 7×7 自证门）；80:DISP-WCS-008 处置 P1-WCS-IMPL；timeout 20 grep -n NB_GRID lib/algorithms/platesolve/cpp/ipv/src/ipv_wcs.cpp rc=0 -> 417/541 实现 41/81 与注册表记述一致",GOV-001,-,-,-,修复证据：登记面已改为 PARTIAL + DISP-WCS-008 并逐字记录实现 41×41/81×81 与「SCI 已废止 7×7 自证门」,台账引用的 DISP-WCS-006 与「7×7/与 SCI 冻结一致」原文在当前注册表全文零命中
M1a-B-002,注册表 Paper II §5 Table 1 四投影行判 CONFORMANT/偏差「无」，而 p3_projection.cpp 的 CAR/AIT 明确不用 CRVAL2 且 CAR 用 Y=−θ、AIT 缺 √2、AIT 域 A<2,OPEN,"timeout 20 sed -n ""20,32p"" lib/algorithms/projection/p3_projection.cpp rc=0 -> 26:本 v1 的 CAR/AIT 偏差（不再修正，仅作对照）: 采用 θ0=+90° 恒等旋转并让 CRVAL2 不进映射，且 CAR 用 Y=−θ、AIT 缺 √2、AIT 域 A<2；timeout 20 sed -n ""190,215p"" 同文件 rc=0 -> car_pix2world: theta=-yd*kRad; ra_out=d->crval_ra_deg+phi*kDeg; *dec_deg=theta*kDeg（dec 不引用 crval_dec_deg）；timeout 20 sed -n ""55,80p"" docs/standards/STANDARDS_REGISTRY.md rc=0 -> 68 行仍 CONFORMANT/偏差=无，而 251 行索引写 DISP-P3PROJ-001 属第 3 行 TRACKED",GOV-001,注册表清单行与偏差索引自相矛盾：第 3 行偏差列写「无」，索引却把 DISP-P3PROJ-001（且其口径只写 PA 未接线）挂在该行；实现侧 CRVAL2/√2/域三处偏离 Paper II Table 1 仍未消除、只被注释自认,要么按实现冻结为 PROJECT_DEFINED 并写明 v1 仅对照/生产走 v6 线，要么把三处偏差并入 DISP-P3PROJ-001 并在第 3 行偏差列给出 ID,注册表机器检查断言「索引行号→清单行偏差列非空」双向一致；CAR/AIT 的 CRVAL2 与 √2 项须有独立解析解 oracle 正负例,"ASTROCS_DESIGN §11.1/§12；FITS WCS Paper II §2.2 fiducial (α0,δ0) 配对",台账行号 :64/:192-209 漂移为 :68/:196-203（lib/phase3_proj→lib/algorithms/projection）
M1a-B-003,注册表 STD-F1 行记「已闭环/CONFORMANT」，同仓测试报告串仍写 registered as finding WCS-003-F1 (owner decision) 且桥接方向写 crpix-1 而代码为 +1,OPEN,"timeout 20 sed -n ""290,306p"" tests/unit/p1wcs/p1wcs_astropy_cross.py rc=0 -> 296:crpix_bridge=[fx[""crpix""][0]+1.0, fx[""crpix""][1]+1.0]；300:report[""semantic_bridge""]=""... bridged via astropy crpix'=crpix-1; registered as finding WCS-003-F1 (domain-external fix, owner decision)""（同文件 +1 与 -1 互斥）；timeout 20 grep -n -e 0-based -e 1-based lib/algorithms/platesolve/cpp/ipv/include/ipv_wcs.h rc=0 -> :64 本函数属 ipv 内部 0-based 口径 / :65 FITS 1-based 桥接唯一责任方=Phase3 导出边界（该腿已修）",GOV-001,报告串与实现方向相反（代码 crpix+1，报告串 crpix-1）且把 owner decision 写进测试输出串；ipv 侧 0-based/1-based 语义已在头文件澄清,改报告串为 crpix+1 并与代码同一常量派生；裁决登记改指现行登记面而非测试串,注入 crpix 桥接符号翻转，p1wcs astropy 交叉必须红；报告串与 crpix_bridge 表达式须同源,FITS WCS Paper I §2.1.1（xp=x+1）；ENGINEERING_SPEC §2 注释/串禁承载裁决与陈旧状态,行号 :296/:300 未变（文件哈希 186fd3c05788 一致）；ipv_wcs.h 的 0-based 标注已随 STD-F1-ADJ 方案 b 修正
M2a-B-1,注册表 D.catalog 位置列行(要求含参考历元 J2016.0)判 CONFORMANT/偏差「无」，而模块内历元词零命中、产品面四处仍称 J2000,OPEN,"timeout 20 sed -n ""200,208p"" docs/standards/STANDARDS_REGISTRY.md rc=0 -> 202:DR3 source 位置列（ra/dec，ICRS，参考历元 J2016.0）| 位置以 ICRS 表达，RA∈[0,360)、Dec∈[-90,90] | CONFORMANT | 无（…）——标准要求列整项丢弃历元维度；timeout 20 grep -c 历元 lib/infrastructure/gaia_xpsd_client/src/gaia_client.c rc=1 -> 0；timeout 20 grep -rn J2000 lib/infrastructure/gaia_xpsd_client/ rc=0 -> gaia_client.h:14 坐标契约: J2000 / integration/*.json:57 ICRS J2000 / types.h:11 / README.md:22,39",GOV-001,登记面把条款标识里的历元维度丢弃后判 CONFORMANT，且无任何历元换算/传播实现（模块代码历元零命中、头文件反称 J2000）,在注册表要求列显式写出历元处理口径（J2016.0 直接采用或传播到 J2000 并给公式），模块侧同步坐标契约或登记偏差 ID,机器检查断言「条款标识含 J2016.0 ⇒ 要求列/证据列必须出现历元处理」；gaia 查询输出须有历元一致性 oracle,ASTROCS_DESIGN §12（未实现/未验收必须明确报告）；Gaia DR3 source ra/dec 参考历元 J2016.0,目标 lib/gaia_xpsd_client → lib/infrastructure/gaia_xpsd_client；gaia_client.c@5e5dd1c992ee
M2a-B-2,同一 D.catalog 判定行第一列含「参考历元 J2016.0」而第二列(被比对命题)把历元整项丢弃仍判 CONFORMANT，登记式与条款面不闭合且无机器判据,OPEN,"timeout 20 sed -n ""200,208p"" docs/standards/STANDARDS_REGISTRY.md rc=0 -> 202 行第一列 DR3 source 位置列（…参考历元 J2016.0）与第二列 位置以 ICRS 表达，RA∈[0,360)、Dec∈[-90,90] 不同构仍判 CONFORMANT；timeout 20 grep -n ""C3_clauses_form"" docs/standards/checks/check_standards_registry.py rc=0 -> 仅断言 CLAUSES 含 § 形态（无「条款号↔主题/要求面」映射表）",GOV-001,检查器只做形态断言，缺「条款标识的每个维度都必须在要求列有对应命题」的机器判据，故条款面与判定面可长期不闭合,为注册表新增 C9 判据：条款标识中的限定词（历元/单位/坐标系/版本）必须逐项出现在要求列，否则 FAIL；并在 §5 合同登记,对 202 行注入「删历元维度」变体，check_standards_registry.py 必须判红（--fault-inject 负例面）,ENGINEERING_SPEC §8（引用有效、能红能绿）；docs/ci/01_CHECKS.md §3/§4,与 M2a-B-1 同对象不同侧面（本条判不闭合/无机器判据，B-1 判历元实现缺失）
M2a-B-4,注册表 D.fits §6 DATASUM/CHECKSUM 行判 CONFORMANT/偏差「无」，而 fits_core.c 写全零 CHECKSUM 占位卡、verify 接受 sum==0，测试对「占位卡×verify=1」组合零覆盖,OPEN,"timeout 20 sed -n ""227,234p"" docs/standards/STANDARDS_REGISTRY.md rc=0 -> 232:§6（DATASUM/CHECKSUM 校验和）| … | CONFORMANT | 无（内容哈希流式重算复核在位）；timeout 20 grep -n -e """"CHECKSUM"""" -e 0xFFFFFFFFUL lib/infrastructure/aio/io/fits_core.c rc=0 -> 1155:fio_card_write(f,""CHECKSUM"",""0000000000000000"",""HDU checksum updated""); 1651:if(sum!=decoded && sum!=0xFFFFFFFFUL && sum!=0UL)（全零被当合法）；timeout 20 grep -n checksum tests/io/test_fits_stream_contract.py rc=0 -> 162:def write_fits(...,checksum=0) 默认 0；286:唯一 CHECKSUM 用例 checksum=1",GOV-001,登记面宣称 CONFORMANT 且「复核在位」，但零占位路径(checksum=0)+verify 组合无用例，且 verify 把全零当通过（静默接受未计算校验和）,补「占位卡×verify」负例/正例；verify 对全零 CHECKSUM 显式区分「未计算/占位」并给独立状态或错误码；注册表 §6 行降级为 PARTIAL 并挂偏差 ID,注入写作 checksum=0 的产物，verify 必须有可判定的红/显式未计算状态；注册表 §6 行状态与测试面一致,FITS 4.0 §4.4.2.5（仓内 docs/algorithms/PHASE3_FITS_IMPL.md:47 同引）+附录 J；ENGINEERING_SPEC §8,注册表 line 232 与台账 :223 同文但行号漂移；单点事实与 M2b-B-09 同源，本条独立面=登记面+测试覆盖
M2a-G-3,三处同值版本字面量(VERSION/module.yaml/types.h)被旧宪章「版本命名空间分离」判为混用,CRITERION-WRONG,"timeout 20 grep -n -A4 ""^## 12"" ASTROCS_DESIGN.md rc=0 -> 511:Alpha 之前：程序与代码中不包含任何版本信息；512:只有可发布时写 0.1alpha；timeout 20 grep -n -e VERSION -e CHANGELOG ENGINEERING_SPEC.md rc=0 -> 115:VERSION/CHANGELOG.md 仅作内部助记，不进入程序与发布产物；timeout 20 grep -n module_version lib/infrastructure/gaia_xpsd_client/module.yaml rc=0 -> 15:module_version: 0.11.0-alpha.2（与 types.h:30 同值）",GOV-001,-,-,-,为什么错：旧宪章 §16.1「module/ABI/schema 版本不得与产品版本混用」已随旧宪章删除，现行权威链(ASTROCS_DESIGN §0/§12、ENGINEERING_SPEC §7)不含「命名空间分离」要求，判据前提不成立；正确口径：Alpha 前程序与代码中根本不应存在版本信息（DESIGN §12:511、SPEC §7:115），该问题形态已由 GAP-017 单列并归 GOV-001/PKG-001 清理，「混用/不分离」不构成独立偏差,台账原判=VOID；本条按 CRITERION-WRONG 结案，不得按「分离命名空间」处方整改
M2b-B-04,注册表 D.hips 条款号错挂(§3/§4.1/§4.2.1/§4.4.1)且以自定 5 键替代 IVOA HiPS 1.0 §4.4.1 的九必填键,OPEN,"timeout 20 grep -n -e obs_bandpass -e hips_tile_width docs/standards/STANDARDS_REGISTRY.md rc=0 -> 95:CLAUSES HiPS 1.0 §3/§4.1/§4.2.1/§4.4.1/§6.3.1；104:§4.2.1（properties 必需键集）=hips_version/hips_order/hips_tile_width/hips_tile_format/hips_frame；114:STD-F4 指 em_min/em_max/obs_bandpass；timeout 20 sed -n ""55,80p"" docs/interfaces/io/IO_002_HIPS_INPUT_INTERFACE.md rc=0 -> §3.1 必填仅 5 键(含 hips_tile_width)；§3.2 把 creator_did/obs_title/hips_status 降为「建议键(存在则校验自洽)」",GOV-001,判定/接口面自定键集替代标准必填集，注册表条款锚与标准节号错挂，偏差指针 STD-F4 又指向「推荐键」缺失——三层口径互不对齐,按 IVOA HiPS 1.0 §4.4.1 九必填键(creator_did/obs_title/dataproduct_type/hips_version/hips_release_date/hips_status/hips_tile_format/hips_order/hips_frame)重写 IO_002 §3.1 与注册表 §4.2.1 行，并修正 CLAUSES 节号,读端对缺任一必填键的 properties 必须拒绝（负例）；注册表 CLAUSES 节号与 IO_002 键集逐项一致,IVOA HiPS 1.0 §4.4.1 必填九键（标准原文）；IO_002 §3.1 现列 5 键,台账 :87/:95 漂移为 :95/:104；obs_bandpass 在注册表命中 2（104/114 行），仓内无第二真源
M2b-B-07,healpix_core.cpp npix 无上界/无 require_valid_nside（nside=2^31 时按模 2^64 回绕），注册表却把标准中不存在的 order≤29 当 Górski 条款判 CONFORMANT,OPEN,"timeout 20 grep -n -A2 ""uint64_t npix"" lib/algorithms/shared/healpix/healpix_core.cpp rc=0 -> 333:uint64_t npix(uint32_t nside){ 334:return 12ULL*uint64_t(nside)*uint64_t(nside);}（无校验/无上界）；timeout 20 grep -n ""order 上限与溢出收口"" docs/standards/STANDARDS_REGISTRY.md rc=0 -> 145:§5.2/§5.3（order 上限与溢出收口）| order ≤ 29 且越界输入显式拒绝 | CONFORMANT | 无（checked 收口，禁静默溢出）；timeout 20 grep -n 31 lib/algorithms/shared/healpix/tests/test_healpix_neighbors.cpp rc=0 -> 222/228 order=31 参与合法往返断言",GOV-001,公共 npix 无 checked 收口（回绕可复现），注册表把非标准条款(order≤29)写成 Górski 依据并判 CONFORMANT，测试还把 order 31 断言为合法,npix/相关入口加显式上界与失败返回（fail-closed），注册表该行改述为 Project-defined 且挂偏差 ID，测试同步为越界必拒,nside=2^31 注入用例必须显式拒绝（非回绕 0）；注册表条款锚不得含标准外条款,Górski et al. 2005 §5/§5.1/§5.2 正文无 order 上限；ENGINEERING_SPEC §8 能红能绿,目标 lib/common/healpix → lib/algorithms/shared/healpix（ARCH-001 #18）；台账 :136 漂移为 :145
M2b-B-08,注册表清单式不闭合：CONFORMANT 行仍挂开放偏差 ID、状态列/机器判据缺失，检查器在 ci/checks.json 零登记,OPEN,"timeout 20 python3 重算注册表清单行 rc=0 -> clause_rows 43 / conformant_rows_with_open_dev 6：(103,DISP-HIPS-006+DISP-HIPS-008)(106,DISP-HIPS-005)(107,DISP-HIPS-012)(108,DISP-HIPS-009)(169,DISP-DRZ-002)(172,DISP-DRZ-004+DISP-DRZ-007)；timeout 20 python3 读 ci/checks.json rc=0 -> STD-REG 已注册（check_standards_registry.py --root .，含 STD-REG-FI-DANGLING/STD-REG-FI-VERSION-DRIFT 负例）⇒ 台账「零登记」一腿已修；STD-F6 状态列已出现 CLOSED",GOV-001,登记式仍不闭合：清单行判 CONFORMANT 却挂 TRACKED 偏差（6 行实测），检查器无「CONFORMANT ⇒ 偏差列为空/仅 CLOSED」判据；仅「零登记」「CLOSED=0」两腿已修,check_standards_registry.py 增加 C9 判据：CONFORMANT 行的偏差列只允许空或 CLOSED ID，TRACKED/OPEN 偏差必须使该行降为 PARTIAL/PROJECT_DEFINED,对 103 行注入「保留 TRACKED 偏差 ID 且判 CONFORMANT」变体，STD-REG 必须判红；43 行清单无 CONFORMANT×开放偏差组合,STD-REG-001 §1.4 符合状态四值/§3.1 闭环纪律；ENGINEERING_SPEC §8（引用有效、能红能绿）,台账口径 37 行/7 行/8 ID 已随注册表改版变化（现 43 行/6 行）；CLOSED=0 一腿已不成立
M2b-B-10,注册表 fits/healpix 条款锚整体错挂（DATASUM/CHECKSUM 挂 §6、SIMPLE/BITPIX 挂 §4.2 等），检查器 C3 只断言节号形态,OPEN,"timeout 20 sed -n ""217,234p"" docs/standards/STANDARDS_REGISTRY.md rc=0 -> 222:CLAUSES §3.1(基本文件结构)/§4.2(SIMPLE/BITPIX/NAXIS)/§4.4(扩展 HDU)/§5(表扩展)/§6(DATASUM/CHECKSUM)；timeout 20 grep -rn -e ""FITS 4.0 §4.4.2"" docs/contracts docs/algorithms rc=0 -> DATA_SEMANTICS.md:2071 记 BSCALE/BZERO=「FITS 4.0 §4.4.2.4」、PHASE3_FITS_IMPL.md:47/195 记 DATASUM/CHECKSUM=「§4.4.2.5」——同仓权威把校验和锚在 §4.4.2.x，注册表却写 §6；timeout 20 grep -n ""C3_clauses_form"" docs/standards/checks/check_standards_registry.py rc=0 -> 仅断言 CLAUSES 含 § 形态",GOV-001,C3 判据无「条款号→主题」映射表，故整域错挂可长期判绿；同仓 DATA_SEMANTICS/PHASE3_FITS_IMPL 已给出正确节号(§4.4.2.4/§4.4.2.5)未被引用,按 FITS 4.0 目录重写 fits CLAUSES（基本文件结构/基本头/扩展 HDU/表扩展/DATASUM-CHECKSUM 对应正确节号），healpix 行同步复核；C3 增加主题-节号映射表,对 CLAUSES 注入错挂节号变体，STD-REG 必须判红；注册表节号与 DATA_SEMANTICS/PHASE3_FITS_IMPL 引用一致,FITS 4.0 §4.4.2.x（校验和）；ENGINEERING_SPEC §8 引用有效,healpix §5.x 主题映射无法仓内自证，本轮仅以「C3 无映射表 + fits 同仓矛盾」成立
M5b-E-05,L0 RELEASE_STATUS 仍把 §1.2/§H/§F.1 写成「宪章」条款，而宪章文件已不存在,OPEN,"timeout 20 sed -n ""9,13p"" docs/owner/RELEASE_STATUS.md rc=0 -> 11:> 最终发布裁定只属项目负责人（宪章 §1.2/§H），本 Agent 至多声明；timeout 20 ls ASTROCS_PROJECT_CONSTITUTION.md rc=2 -> 没有那个文件或目录（grep -cE ""§[A-Z]"" 同 rc=2）",GOV-001,活动 L0 文档引用已不存在的权威文件与其字母节号（§H/§F.1），发布权条款未改指现行权威链,改引 ASTROCS_DESIGN §0/§12（发布权）与 AGENTS.md §8；删除对已删文件的条款引用,文档引用门：活动文档引用的路径/文件必须存在（CHK-DANGLING 覆盖 docs/owner/**），字母节号不得出现在 L0,ASTROCS_DESIGN §0 权威链；ENGINEERING_SPEC §8 活动文档无陈旧状态,台账「宪章全文 §[A-Z] 命中 0」一腿已升级为「宪章文件整体不存在」
M5b-G-09,两份 L0 owner 文档曾把 ARCHIVED_NON_NORMATIVE 的 AstroCS_ENGINEERING_CONSTRAINTS.md 登记为「根权威 ACTIVE_NORMATIVE」,FIXED,timeout 20 grep -c AstroCS_ENGINEERING_CONSTRAINTS docs/owner/ARCHITECTURE_OVERVIEW.md docs/owner/PIPELINE_OVERVIEW.md rc=1 -> 0 与 0（全零命中）；timeout 20 grep -n -e 根权威 -e ACTIVE_NORMATIVE docs/owner/ARCHITECTURE_OVERVIEW.md rc=0 -> 93:| 最高设计（根权威）+ 工程规范 | ASTROCS_DESIGN.md、ENGINEERING_SPEC.md | ACTIVE_NORMATIVE |（已改指现行权威）,GOV-001,-,-,-,修复证据：两份 L0 文档对 AstroCS_ENGINEERING_CONSTRAINTS.md 的引用零命中，根权威登记已改指 ASTROCS_DESIGN.md/ENGINEERING_SPEC.md,台账引用的 L[92]/L[7] 行已随改版重写；行号漂移不影响结论
M5b-I-08,VERSION_NAMESPACES.md 自身 front matter 写「版本: 2」而 doc-revision 行写「本文档 = 1」，且该文件不在检查器 SCAN_FILES 内、豁免按整行匹配,OPEN,"timeout 20 sed -n ""1,20p"" docs/governance/VERSION_NAMESPACES.md rc=0 -> 8:状态: ACTIVE_NORMATIVE 版本: 2；timeout 20 grep -n ""本文档 = 1"" docs/governance/VERSION_NAMESPACES.md rc=0 -> 22:| doc-revision | … | 逐文档独立（本文档 = 1） |（同文件两值并存）；timeout 20 sed -n ""36,50p"" tools/doccheck/check_version_namespaces.py rc=0 -> SCAN_FILES=[VERSION,AGENTS.md,AstroCS_ENGINEERING_CONSTRAINTS.md,README.md,REVIEW.md,HANDOVER.md]（不含本文件）、SCAN_DIRS=[docs/governance,docs/owner]、NAMESPACE_EXEMPT+exempt_line 整行匹配",GOV-001,命名空间定义文件自身未纳入自校范围，doc-revision 值与其 front matter 不一致；检查器仍以文件/整行为豁免粒度,VERSION_NAMESPACES.md 纳入 SCAN_FILES 或加 doc-revision 自校；豁免粒度从整行改为行内标记,对「本文档 = 1」注入与 front matter 不一致变体，VERSION-NAMESPACES 必须判红,ASTROCS_DESIGN §12 版本纪律；ENGINEERING_SPEC §8 能红能绿,SCAN_FILES 中的 AstroCS_ENGINEERING_CONSTRAINTS.md 已不在 HEAD（同族 M5b-E-05/M6a-E-001）
M6a-D-001,ipv_wcs.cpp 注释曾以「需负责人裁决(finding)」承载未登记裁决，且 DISP-WCS-007/008 在 docs/ 零命中,FIXED,"timeout 20 grep -n -e DISP-WCS-00 -e 负责人裁决 -e WCS-002 lib/algorithms/platesolve/cpp/ipv/src/ipv_wcs.cpp rc=0 -> 18/240/397/415 行均写「偏差登记 DISP-WCS-008」，全文无「需负责人裁决/数学不可达」句；timeout 20 grep -rIl -E ""DISP-WCS-00[78]"" docs/ rc=0 -> 4 文件命中：ASTROMETRY.md、PLATESOLVE.md、check_standards_registry.py、STANDARDS_REGISTRY.md；timeout 20 sed -n ""83,86p"" docs/standards/STANDARDS_REGISTRY.md rc=0 -> owner 裁决 WCS-003（2026-09-09，已提回活动登记面）+恢复 1e-4px 冻结门",GOV-001,-,-,-,修复证据：偏差 ID 已在注册表 §3 与域偏差表登记、裁决文本已提回活动登记面，ipv_wcs.cpp 只余 DISP-WCS-008 指针与有出处的 owner 裁决引用,台账行号 :393/:409 漂移为 :397/:413/:530；DISP-WCS-006 已被 DISP-WCS-008 取代
M6a-E-001,module_loader README/secure_loader.h 仍把已废止控制包章节(12_DLL_ABI §6、ENGINEERING_CONSTRAINTS §F3)当权威，清理正则只吃完整 40 位哈希,OPEN,"timeout 20 grep -n -e 12_DLL_ABI -e ENGINEERING_CONSTRAINTS lib/infrastructure/pipeline/module_loader/README.md lib/infrastructure/pipeline/module_loader/secure_loader.h rc=0 -> README.md:14:## 语义(12_DLL_ABI_AND_LOADER_STANDARD.md §6)；secure_loader.h:8: * 12_DLL_ABI_AND_LOADER_STANDARD.md §6 + AstroCS_ENGINEERING_CONSTRAINTS.md §F3）；timeout 20 git ls-files -- ""*12_DLL_ABI_AND_LOADER_STANDARD.md"" ""*15_CPU_PROVIDER_AND_RESOURCE_STANDARD.md"" rc=0 -> 空（两标准文本均不在 HEAD）；timeout 20 sed -n ""70,78p"" tools/quality/v19r4_strip_comments.py rc=0 -> SHA=re.compile(r""[0-9a-fA-F]{40}(?:\.\.\.)?"")",GOV-001,活动面注释/README 把不存在的旧世代标准章节当权威（悬空引用），清理工具对 8+8 截断哈希不设管,改引现行条款（ASTROCS_DESIGN §7.3/docs/contracts/ARC-001.md/ENGINEERING_SPEC §2），清理正则覆盖截断形哈希,活动文档/注释引用的标准文件必须存在于 HEAD（CHK-DANGLING 面）；清理工具对 8+8 形态有负例,ASTROCS_DESIGN §0 权威链；ENGINEERING_SPEC §2 注释禁堆积任务编号/审计流水,目标 runtime/module_loader → lib/infrastructure/pipeline/module_loader（ARCH-001）
M6b-E-006,TRACEABILITY_SPEC 曾把权威上游锚在已出库的控制包 16 号文与已删除的旧约束文件,FIXED,"timeout 20 sed -n ""1,12p"" docs/traceability/TRACEABILITY_SPEC.md rc=0 -> 6:权威顺序与分层语义按 ASTROCS_DESIGN.md §0（权威链）与 ENGINEERING_SPEC.md §8；7:旧控制包标准 16_SCIENCE_DOCUMENT_AND_TRACEABILITY_STANDARD.md 与 AstroCS_ENGINEERING_CONSTRAINTS.md（源 doc_id DOC-GOV-CONSTRAINTS-001）已随 ROOT-007 退役，仅作历史溯源；timeout 20 git ls-files -- ""*AstroCS_ENGINEERING_CONSTRAINTS.md"" ""*ASTROCS_PROJECT_CONSTITUTION.md"" rc=0 -> 空（确认不在 HEAD，退役记述属实）",GOV-001,-,-,-,修复证据：文档第 6-7 行已改引 §0/§8 并把两旧标准标为「已随 ROOT-007 退役，仅作历史溯源」——与台账备注「应改引 ASTROCS_DESIGN §0」的处方一致,台账行号 :6/:7 未漂移
M6b-F-001,追溯门 fail-open 且自身零测试（fixtures 仅结构类，check_traceability 在 tests/ 零引用）,NOT-APPLICABLE,"timeout 20 python3 tools/check_traceability.py rc=2 -> 输出「TRACEABILITY_RETIRED: 本检查项 TRACEABILITY-CODE 已于 2026-09-16 按负责人裁决退役；默认输入 artifacts/prerelease_v5/tables/TRACEABILITY.csv 已随 artifacts/ 删除（b1290525）」；timeout 20 sed -n ""82p"" docs/ci/01_CHECKS.md rc=0 -> §2.1 退役表 TRACEABILITY-CODE 行（依据①本规范无追溯要求②设计/规范零命中③唯一默认输入随 artifacts/ 删除）",GOV-001,-,-,-,退役记录：docs/ci/01_CHECKS.md §2.1 TRACEABILITY-CODE 退役行（2026-09-16）+ 实测该门无参调用打印 TRACEABILITY_RETIRED 并 exit 2（不再回退被删快照、不伪装绿）；能力去向与可复跑用法同表登记,台账引用路径 tools/quality/check_traceability.py 实为 tools/check_traceability.py；tests/traceability 下现有 test_traceability.py/test_traceability_matrix.py（tests/ 引用已非 0）
M6b-G-007,旧宪章 L0 封闭清单缺 docs/owner/PHASE_OVERVIEW.md，docs/README-DOCS.md 的 L0-L5/Wiki 制度作现状描述,NOT-APPLICABLE,"timeout 20 ls docs/README-DOCS.md docs/owner/PHASE_OVERVIEW.md rc=2 -> 两者均「没有那个文件或目录」；timeout 20 grep -n -A4 ""^## 0"" ASTROCS_DESIGN.md rc=0 -> §0 权威链仅 本文>AGENTS>ENGINEERING_SPEC>CONTROL_PACK_SPEC>docs/ci>docs/plugins（无 owner-L0 封闭清单与 Wiki 层）",GOV-001,-,-,-,退役/废止记录：缺陷载体 docs/README-DOCS.md 已删除、被指缺页 docs/owner/PHASE_OVERVIEW.md 亦不存在；该制度随旧宪章下链，现行替代=ASTROCS_DESIGN §0 权威链+AGENTS.md §1 必读清单（设计 §0 已废止世代）,台账原判=VOID；旧治理入口的收敛归 GOV-001/DOC-001（GAP-002 同族）
M6b-I-002,SCIENCE_FREEZE 与 review/RELEASE_STATUS 仍以现在时给出 PASS 结论，其证据指针 ACCEPTANCE_GATES.md 不存在且与 ci/known_failures.json 在册失败并存,OPEN,"timeout 20 ls docs/validation/ACCEPTANCE_GATES.md rc=2 -> 没有那个文件或目录；timeout 20 sed -n ""3,6p"" docs/validation/SCIENCE_FREEZE.md rc=0 -> ACCEPTANCE_GATES.md G1-G10 全部 PASS、known P0/P1 = 0，ASTROCS_FOUNDATION_FINAL_FREEZE = PASS；timeout 20 sed -n ""25,32p"" docs/review/RELEASE_STATUS.md rc=0 -> 29:## 3. 冻结面（PASS，当前提交静态可核）；timeout 20 python3 读 ci/known_failures.json rc=0 -> failures=[p1_noise_adapter]（在册 1 项）",GOV-001,活动验证/发布页沿用已废止的 PASS 口径且证据指针不存在，与在册 known failure 并存 → 结论不可追溯,按现行状态阶梯重述（VERIFIED/PASS 须有在位证据指针），删除不存在指针或补建证据；known failure 未清前不得写 known P0/P1=0,文档引用门：结论句引用的证据路径必须存在；known_failures 与「P0/P1=0」不得并存（可机器判）,ASTROCS_DESIGN §11.3 状态阶梯唯一口径+§12 不得用文档声明冒充,台账「evidence/performance、reports/self_review/round6 不存在」属旧路径沿用，残余面为上述三处
M7-G-102,ALG 文档以自裁口吻出具合规结论（DRIZZLE_GEOMETRY「无差异项（核对通过）」、PHASE3_RSMP_IMPL「五项偏差不构成合同违反」）,OPEN,timeout 20 grep -n 无差异项 docs/algorithms/DRIZZLE_GEOMETRY.md rc=0 -> 236:无差异项（核对通过）: w=a/A_drop、F/D/sumVarNum 公式、HP_CIRCUMRADIUS…；timeout 20 grep -n 不构成合同违反 docs/algorithms/PHASE3_RSMP_IMPL.md rc=0 -> 307:本合同冻结现状实现为合同基线；§11 五项偏差不构成合同违反，,GOV-001,推导文档自行宣告「无差异/不构成违反」而无 SHA/命令/日志证据，属越权结论（Agent 无权放宽或重新解释权威）,改述为「与实现的一致性核对结果+证据(RUN/命令/日志/SHA)」或移交负责人裁决；偏差只登记不自我豁免,文档结论句必须附证据指针（命令+提交 SHA）；机器检查断言「无差异/不构成违反」类句式必须带证据锚,ASTROCS_DESIGN §0（Agent 无权放宽/重新解释）、§12 未验收必须明确报告,两条行号 :236/:307 未漂移
M8a-B-001,REJECTION.md §14 第 4 项仍把 RCR 语义权威锚定为官方 rcr 2.4.7 软件参考（自述「非论文引用」），版本串散在多处,OPEN,"timeout 20 grep -n RCR docs/science/REJECTION.md rc=0 -> 153:RCR=reject-clean-refine 迭代（官方 RCR 2.4.7 oracle 锚定）；164:4. RCR：官方 RCR 2.4.7 软件参考（项目 oracle 锚定 official rcr 2.4.7，见 tools/assemble_v17_review_pkg.py 文献映射），非论文引用；timeout 20 grep -n ""RCR 2.4.7"" lib/algorithms/coverage/include/astro/phase2/rejection.h rc=0 -> 27:ONLY）、RCR 2.4.7 官方固定版本（ORACLE ONLY）",GOV-001,冻结 SCI 文档把语义权威外挂到第三方软件版本（且自述非论文引用），无公式/推导位；版本字面量散落 SCI/头/工具映射,把 RCR 语义锚改为论文/公式位并说明与官方实现的一致性口径；版本字面量收敛到单一登记点,SCI 引用项须为文献或公式锚（引用有效性门可判）；版本字面量单源且可机器比对,ASTROCS_DESIGN §0（docs/science 为公式权威）；ENGINEERING_SPEC §8 引用有效性,台账「2.4.1 互斥」「astropy 冒名」两腿已不成立，本条按残余引用形式成立
SA-N-04,据以判合规的旧控制包标准文本(12_DLL_ABI/11_MODULE_SOURCE_TEST/15_CPU_PROVIDER)对 clean checkout 不存在，而活动面 module.yaml/架构文档仍成簇引用,OPEN,"timeout 20 git ls-files -- ""*12_DLL_ABI_AND_LOADER_STANDARD.md"" ""*11_MODULE_SOURCE_TEST_STANDARD.md"" ""*15_CPU_PROVIDER_AND_RESOURCE_STANDARD.md"" rc=0 -> 空（三件均不在 HEAD）；timeout 20 ls 工程控制/ rc=0 -> 仅 PROJECT-GOVERNANCE-01 与 SCI-RES-01；timeout 20 grep -rln 12_DLL_ABI_AND_LOADER_STANDARD docs lib rc=0 -> 12 文件（gaia_xpsd_client、module_loader(secure_loader.c/.h/README)、module_registry、cpu/common、backend_host/cpu_routing.h、drizzle/hips 等）",GOV-001,活动面引用已出库的控制包标准文本（悬空权威），改述未收敛 → 合规判据不可复核,把活动面引用改述为现行权威条款（ASTROCS_DESIGN §7.3/ENGINEERING_SPEC/docs/contracts）或加归档登记,CHK-DANGLING 面覆盖注释/module.yaml：引用的标准文件必须存在或带归档标记,CONTROL_PACK_SPEC §4 控制包目录唯一模板；ASTROCS_DESIGN §0 权威链不含控制包标准文本,引用簇随 ARCH-001 迁移到 lib/infrastructure 与 lib/algorithms
V13-N-03,reports/v19r2/file_audit_inventory.csv 的 713 行 review_status 全为 VERIFIED（机械铸造），三个铸造工具在 ci/checks.json 零注册，inventory 仍被打进审核包,OPEN,"timeout 20 python3 统计 reports/v19r2/file_audit_inventory.csv rc=0 -> rows 713 {VERIFIED: 713}；timeout 20 grep -c -e update_audit_status -e check_source_inventory ci/checks.json rc=1 -> 0；timeout 20 sed -n ""90,100p"" tools/quality/update_audit_status.py rc=0 -> if typ==""shipping_src"" and shipping==""yes"": … r[idx[""review_status""]]=""VERIFIED""（按类型分支直接铸 VERIFIED）",GOV-001,审计状态由脚本按类型机械铸造（713/713）且无门校验，findings_p0..3=0/7 个 *_ok=PASS 同源 → 用登记掩盖红灯,铸造脚本改为从实际检查结果派生状态（或退役该 inventory），审核包只收机器可复核的清单,审计清单每个状态字段须有可复跑来源（命令+rc）；注入一个失败项，清单状态必须随之变化,ASTROCS_DESIGN §12（P0/P1=0 才可发布）；CONTROL_PACK_SPEC §7.3 不得用 waiver 掩盖红灯,台账行号 :95 漂移为 :95-100 区间
V5-N-02,代码点在 module_entry.c 用 w += snprintf 无 end 容量参数，被旧账本 fix_note 宣称「四个拼接 helper 全部显式带 end 容量」,CRITERION-WRONG,"timeout 20 grep -n ""w += snprintf"" lib/infrastructure/gaia_xpsd_client/src/module_entry.c rc=0 -> 554:w += snprintf(w, (size_t)(buf + sizeof(buf) - w), …)（有界：静态 544B<buf[1024]，无内存缺陷）；timeout 20 grep -rn ""拼接点必须带 end"" ENGINEERING_SPEC.md rc=1 -> 零命中（现行规范无此类条款）",GOV-001,-,-,-,为什么错：①「拼接点必须带 end 容量」在现行权威链（ENGINEERING_SPEC/AGENTS/DESIGN）零条款，判据前提不成立；②代码点静态有界、无当前缺陷；③「修复声明覆盖面不实」的宿主是旧账本 fix_note，而账本已按 问题扫描/REBASE.md 降为历史证据，不再单独作整改依据。正确口径：完成声明面由 CONTROL_PACK_SPEC §3.3（现状可复核）+ASTROCS_DESIGN §12（未验收必须如实报告）约束,台账原判=VOID；本条按 CRITERION-WRONG 结案
V6-N-10,改生产代码的 9 个提交在账本 FIX_LEDGER.csv 的 fix_commit/regression_test 列全部留空（账本机制自身失效面未闭合）,OPEN,"timeout 30 python3 解析 问题扫描/账本/FIX_LEDGER.csv rc=0 -> rows 785，fix_commit 非空 22 行，commit 集 {07eb229b,0e061182,adaeb531,c3452d48,dce8abd4,fbfcfac0}；对 35c85f53/8dc0220e/b858b76d/80c32b19/b0353303/23a7f665/6d74046d/bd4bc23b/c1959436 九提交逐一判定 rc=0 -> 全部 NOT_in_fix_commit（b858b76d/6d74046d 仅在其他文本列出现 3/1 次）",GOV-001,账本的 fix_commit/regression_test 字段与实际改码提交不相交，账本无法作为追溯证据（REBASE_TABLE 785 条基线的可信度来源）,对 9 个提交补登 fix_commit/regression_test，或按 REBASE.md 抬头把账本整体标为历史证据并在新登记面重建追溯,机器检查：账本中每个 fix_commit 非空行必须能 git show；改生产代码的提交须在登记面有条目,CONTROL_PACK_SPEC §3.3 现状须可复核；§7.3 不得用 waiver 掩盖红灯；ENGINEERING_SPEC §8 检查项须可复跑,台账文件现存(问题扫描/账本/FIX_LEDGER.csv)；本轮重算与台账口径一致（785/22/6/九提交交集空）
V8-N-07,PSF-FAST-001 裁决在 CHANGELOG/memory/40_OWNER_DECISIONS.md 等登记面 0 命中，测试与注释据此钉死期望,CRITERION-WRONG,"timeout 20 grep -n -e PSF-FAST-001 -e P17-NSIDE -e 帧头 工程控制/PROJECT-GOVERNANCE-01/OWNER_DECISIONS.md rc=0 -> 仅 37:| **D-17** | 三族「负责人裁决」在登记面 0 命中…（该行本身即登记该缺口的 open item）；timeout 20 sed -n ""70p;508p;513p"" reports/PROJECT-GOVERNANCE-01/research/R-6_门禁正当性总审裁决登记面.md rc=0 -> §1.5「裁决登记面：现行权威链里不存在该机构」；§5.1「唯一推荐结论：裁决存在——不撤销任何测试期望或注释；三族一律补登记面」；§5.1-2 原判据登记面(CHANGELOG.md/memory.md/40_OWNER_DECISIONS.md)在 HEAD 已不存在或非权威",GOV-001,-,-,-,为什么错：原判据要求登记到 CHANGELOG.md/memory.md/问题扫描/40_OWNER_DECISIONS.md，而 CHANGELOG.md 已整体删除、问题扫描/ 自述为「在用待整改台账」非权威链登记面，§0 链上无「负责人裁决登记册」机构（R-6 §1.5/§5.1，工程控制/PROJECT-GOVERNANCE-01/OWNER_DECISIONS.md:37 已把 D-17 登记为 open item）。正确口径：裁决存在⇒不撤销测试期望与注释，改为把三族裁决补登记到 §0 链上文档并新增通用登记形态条款（R-6 §5.1）,台账原判=OPEN；本条按 R-6 权威裁定改判，不得按「撤销测试/在 CHANGELOG 登记」原处方整改
W1-N-06,代码/测试据「负责人裁定（nside 采样率等价 drizzle 1x-2x）」钉死期望，而该裁决在 40_OWNER_DECISIONS.md 无条目,CRITERION-WRONG,"timeout 20 grep -n -e P17-NSIDE -e 帧头 工程控制/PROJECT-GOVERNANCE-01/OWNER_DECISIONS.md rc=0 -> 仅 D-17 行（记录该缺口，非裁决条目）；timeout 20 sed -n ""506,514p"" reports/PROJECT-GOVERNANCE-01/research/R-6_门禁正当性总审裁决登记面.md rc=0 -> §5.1 三族「负责人裁决」登记面：裁决存在⇒补登记面（写入 §0 权威链上的文档），不撤销任何测试期望或注释；原判据登记面在 HEAD 已不存在或非权威",GOV-001,-,-,-,为什么错：与 V8-N-07 同族——原判据的登记面（问题扫描/40_OWNER_DECISIONS.md、CHANGELOG/memory）在现行权威链不存在或非权威（R-6 §1.5/§5.1，OWNER_DECISIONS.md:37 D-17 已登记为 open item）。正确口径：补登记面到 §0 链文档并固定「负责人裁决」登记形态，不得据「登记面命中 0」判偏差或撤销测试,台账原判=OPEN；本条按 R-6 权威裁定改判（同批 V8-N-07）
FD-I-001,旧宪章§16.2：product.json 的 providers/*.so 交付单元与 CMake target 不一致,FIXED,"cd ""/workspace/Astro CS Database"" && timeout 30 grep -n ""astrocs_cpu_baseline"" cmake/install_layout.cmake | head -6; echo RC=$? -> rc=0: :83 if(TARGET astrocs_cpu_baseline) / :84 astrocs_apply_install_rpath(...)（:85 install(TARGETS astrocs_cpu_baseline … 装到 providers/ 子目录）；packaging/astrocs.product.json:17 rel_path=providers/astrocs_cpu_baseline.so 与之同名同路径；timeout 30 ls providers -> 无此目录 rc=2",INT-001,-,-,-,"修复证据：install_layout.cmake:83-85 是唯一 install 规则源且已把 astrocs_cpu_baseline 装入 providers/；旧 providers/cpu/{baseline,avx2,avx512} 源目录本轮实测不存在",台账所指 providers/cpu 源不进 target 的对象已随目录清运消失
M5b-G-05,CON-BUILD-GRAPH 只做子串存在性检查（不读根 CMakeLists/install_layout/File API），文档产品目标名 0 命中,OPEN,"timeout 30 sed -n '20,32p' tools/quality/contracts/check_build_graph.py -> rc=0: for tgt in [""phase2"",""astrocs-stage2"",""calibrated_pair_diag"",""rejection_cli""]: / if tgt not in text:；timeout 30 grep -c -e astrocs_runtime -e astrocs_io -e astrocs_p1_sdet docs/architecture/BUILD_GRAPH.md -> 0 (rc=1)",INT-001,检查器不读根 CMakeLists/install_layout/File API，只做字符串存在性检查；BUILD_GRAPH.md 仍不含实际产品目标名（文档订正反而变红的结构未变）,检查器改为从根 CMake/install_layout 派生目标集合并与文档比对,检查器能红能绿（改目标名即红）；BUILD_GRAPH.md 目标名与构建图一致,ENGINEERING_SPEC §8（检查器须覆盖 manifest/注册表/构建 target/产品清单一致且能红能绿）；ASTROCS_DESIGN §7.1,台账行锚 25-26 → 现 25-27
M8-I-001,README 以现状口吻给确定性/自测结论且无 NOT_BUILT/停用横幅，而目标不在根构建图,FIXED,"timeout 30 sed -n '9,14p' lib/algorithms/noise_snr/README.md -> rc=0: **构建面（实测；本模块不得再自报""唯一生产实现""）**：根 CMake 主图只收 wrapper_phase1/…；cpp/Makefile + build.ps1 产出 snr_estimator.dll，因根 CMakeLists.txt:236 的 add_subdirectory 被注释而**不在根 CMake 主图**；timeout 30 sed -n '24p' lib/algorithms/noise_snr/README.md -> rc=0: | 文档状态 | CONTRACT_READY（实现存在于 …/cpp/，模块化迁移未开始；不声明 IMPLEMENTED）|；timeout 30 grep -n add_subdirectory CMakeLists.txt -> rc=0: :236 注释态",INT-001,-,-,-,修复证据：README 已加构建面/停用横幅与状态降级声明；确定性/自测结论改挂在 §9 合同设计面,构建面事实未变（add_subdirectory 仍注释态），但不可复算的现状口吻已消除
V10-N-08,hips_order 的 atoi 结果直进移位，无范围判定（浏览器面与编排面）,OPEN,"timeout 30 sed -n '157,168p' lib/infrastructure/hips_browser/healpix_browser_qt/core/hips_browser_backend.cpp -> rc=0: order_ = std::atoi(v.c_str()); … leaf_order_ = order_ + kTileShift; / order_ = std::atoi(props.c_str() + p + 11);（该文件零范围判定）；timeout 30 grep -c -e browser_qt -e ""pipeline/orchestrator"" CMakeLists.txt -> 0 (rc=1)",INT-001,同一 hips_order 字段在 aio 读面与 hp_drizzle_api 已夹界（后者越界 return -10），此两面 atoi 结果直进移位；两子树均不在根构建图，补注册即红,补 IVOA HiPS order 值域判定，读侧复用 aio（禁止自带 properties/FITS 解析）,越界 order 输入显式报错；两子树入图后负向注入门能红,ASTROCS_DESIGN §9（aio 是唯一 HiPS 读写边界）/§10.1；docs/plugins/infrastructure/23_hips_browser.md §1/§4/§7；附录 B IVOA HiPS 1.0 order 值域,台账订正：orchestrator 的 A_ORDER 腿现已带 SNR_SIP_MAX_ORDER 界，残余为出界整段静默跳过 SIP
W5-N-09,error_code_registry.csv 不存在但被 orchestrator.h 与 gen_audit_pack.py 引用（悬空权威引用）,OPEN,"timeout 30 grep -n error_code_registry lib/infrastructure/pipeline/orchestrator/cpp/include/orchestrator.h tools/gen_audit_pack.py -> rc=0: orchestrator.h:112 // 与 engineering/contracts/error_code_registry.csv 一致 / gen_audit_pack.py:74 ""error_code_registry.csv"": ""engineering/contracts/error_code_registry.csv""; timeout 30 ls -A engineering | wc -l -> 0 (rc=0)",INT-001,错误码登记事实源文件不存在 ⇒ 悬空权威引用，AstroCsExitCode 与 CLI 码段之间无分配表载体,建 engineering/contracts/error_code_registry.csv 或删除两处引用,引用路径存在且被悬空引用检查覆盖（删除该文件即门变红）,ENGINEERING_SPEC §7（固定目录含 engineering/）；§8（删除/重命名无悬空引用）,engineering/ 目录存在但为空（0 条目）复现
M2a-C-13,旧宪章 §11 稳定状态码/边界可预期 + API-GAIA-001 家族一致错误语义：gaia_client_get_spectrum_params 无 NULL 句柄守卫，契约面仍列为可调用且未声明前置条件,OPEN,"timeout 30 grep -n ""gaia_client_get_spectrum_params"" lib/infrastructure/gaia_xpsd_client/src/gaia_client.c → rc=0：:2684 定义；sed -n 2680,2700p 显示函数体首行即 for (int i = 0; i < client->file_count; i++)，无 if (!client)；timeout 30 grep -c ""if (!client)"" 同文件 → rc=0 计数 6（:1951/2025/2252/2257/2262/2274 同族均有守卫）；timeout 30 grep -n gaia_client_get_spectrum_params lib/infrastructure/gaia_xpsd_client/README.md → rc=0 README:71 仍列该符号",MOD-001,同族 6 处有 NULL 守卫、本函数漏守卫；README:71 与 docs/contracts/PUBLIC_API.md:78、docs/algorithms/GAIA_QUERY.md 三契约面未声明「句柄不得为 NULL」前置条件,函数首行补 if (!client) return 0; 或三契约面同提交声明句柄非 NULL 前置条件,client=NULL 负例返回确定值且不崩（可复跑）；文档路线则三面同改并过 API 家族一致性检查,ENGINEERING_SPEC §8（API 文档与 AST 一致、家族语义一致）,台账行号与现址相同 :2684；读时 md5=0d12c9323623c5daa7e73cf8d0124c8a
M2a-C-4,旧宪章 §12.3-1/-9/-10、§16.2：drizzle README 称本目录无源码、module.yaml entrypoint=MISSING，与已建 SHARED target 相反,OPEN,"timeout 30 grep -n ""仅合同文件、无源码"" lib/algorithms/drizzle/README.md → rc=0 :9；timeout 30 git ls-files lib/algorithms/drizzle/src/ → rc=0 列出 module_entry.cpp、astrocs_p1_drizzle.def、module_exports.map（tracked）；timeout 30 grep -n entrypoint lib/algorithms/drizzle/module.yaml → rc=0 :34 entrypoint: MISSING；timeout 30 grep -n add_library lib/algorithms/drizzle/CMakeLists.txt → rc=0 :61 add_library(astrocs_p1_drizzle SHARED",MOD-001,P1-DRZ-IMPL 已落码（src tracked、CMakeLists:61 SHARED、packaging/astrocs.product.json:13 MOD-P1-DRIZZLE status=IMPLEMENTED），README:9-10 与 module.yaml:21/:34 仍是迁移前稿,README §1 身份表与 module.yaml 的 module_status/entrypoint 同提交订正为实存态（entrypoint=astrocs_module_query_v1）并写清 descriptor 行锚,README/module.yaml/CMake target/product.json 四面 module_id+entrypoint+status 一致，且门能吃负例,ENGINEERING_SPEC §8（模块 manifest/注册表/构建 target/产品清单一致）,路径已 ARCH-001 迁移 lib/drizzle→lib/algorithms/drizzle；台账锚 :9/:24/:34 与现址一致
M2a-C-5,旧宪章 §9、§12.3-2/-10、§16.2 + ALG-GAIA-001 §4：gaia README 四断言（尚未存在/无 CMake target/无可执行测试/无 plan-cancel）与实存相反,OPEN,"timeout 30 grep -n -e 尚未存在 -e 无 CMake target -e astrocs_catalog_gaia lib/infrastructure/gaia_xpsd_client/README.md → rc=0 :13 迁移目标 astrocs_catalog_gaia.dll（CAT-GAIA-IMPL 建立，尚未存在）、:137 无 CMake target；sed -n 126,142p 另见 :130 当前无可执行测试、无 PASS 声明；timeout 30 grep -n ""add_library(astrocs_catalog_gaia"" lib/infrastructure/gaia_xpsd_client/CMakeLists.txt → rc=0 :15 add_library(astrocs_catalog_gaia SHARED；timeout 30 grep -n add_test tests/unit/CMakeLists.txt（gaia 过滤）→ rc=0 :129 gaia_unshuffle 与 :875-888 gaia_cat_unit/properties/worker/negative/truncate/performance/dump；timeout 30 grep -n -e 缺口 -e ThreadLease -e cancel docs/algorithms/GAIA_QUERY.md → rc=0 :183/:186/:200 仍写无 adapter/无取消检查点/无 ThreadLease，而 gaia_client.c:97 gaia_set_worker_lease 实有",MOD-001,CAT-GAIA-IMPL 已建 astrocs_catalog_gaia SHARED target 与 7 项 gaia_cat_* ctest，README:13/:130/:137 与 GAIA_QUERY.md:183/:186/:200 五断言未同步,同提交订正 README §1/§8/§9 与 GAIA_QUERY.md §3.1/§4，删除五处失效负向断言,文档五断言与 CMakeLists/add_test/gaia_client.c 符号三面对账，能红能绿,ENGINEERING_SPEC §8 + ASTROCS_DESIGN §11.3 状态阶梯,packaging/astrocs.product.json:12 MOD-CAT-GAIA 亦标 IMPLEMENTED（读时）
M2a-F-1,旧宪章 §13.1/§13.2-2、§17.2 + SCI-DRZ-001 §11/§13：docs 点名的 drizzle Oracle TU 在构建图零注册，文档以未注册 TU 判 CONFORMANT,OPEN,timeout 30 grep -rl -e candidate_oracle_test -e variance_propagation_test -e drizzle_freeze_test --include=CMakeLists.txt --include=*.cmake --exclude-dir=build --exclude-dir=run --exclude-dir=问题扫描 . → rc=1（构建图 0 注册）；ls 三个 TU → rc=0 均在盘 lib/algorithms/drizzle/healpix_drizzle/tests/；timeout 30 grep -c candidate_oracle_test ci/ctest_baseline.json → rc=1 计数 0；docs/science/DRIZZLE.md:85/:115/:133 rc=0 仍点名 9003 例；docs/standards/STANDARDS_REGISTRY.md:163/:171 rc=0 仍以该 TU 判 CONFORMANT；唯一编译器引用 tools/quality/v19r3_sanitizer.sh:156 用旧路径 healpix_db/...（ls -d healpix_db → rc=2 不存在）且 ci/ 无该脚本接线,MOD-001,docs 点名 TU 在构建图零注册，唯一编译入口用已不存在的旧路径且未接 CI ⇒ 文档证据与可执行面断链,把三个 TU 注册进 CMake/ctest，或删除 docs 点名改引已注册的 p1drz_oracle 组（tests/unit/CMakeLists.txt:493 已 add_subdirectory），并同步 STANDARDS_REGISTRY 证据指针,ctest -N 能列出该 TU；EVIDENCE 指针须出现在 ctest 基线或 discover 之一（能红能绿）,ENGINEERING_SPEC §5.1+§8（独立 Oracle + 每项检查能红能绿）,pack 内哈希 docs/science/DRIZZLE.md@81e769bdd8e7；本条与 STANDARDS_REGISTRY 现仍 tracked 有关
M2b-C-02,旧宪章 §12.2、§12.3-1/-6、§7.2：hips README 称无独立 DLL 产物/全仓库无 astrocs_p1_hips_writer 目标，与 SHARED target 及产品清单相反,OPEN,timeout 30 grep -n -e 无独立 DLL 产物 -e 尚未存在 lib/algorithms/drizzle/hips/README.md → rc=0 :24 现状实现编入 CMake 静态库 astrocs_hips（CMakeLists.txt:298-309，无独立 DLL 产物，全仓库无 astrocs_p1_hips_writer 目标）；迁移目标 ...尚未存在；timeout 30 grep -n add_library lib/algorithms/drizzle/hips/CMakeLists.txt → rc=0 :43 add_library(astrocs_p1_hips_writer SHARED；timeout 30 grep -n entrypoint lib/algorithms/drizzle/hips/module.yaml → rc=0 :39 entrypoint: astrocs_module_query_v1；timeout 30 grep -n hips_writer packaging/astrocs.product.json → rc=0 :16 MOD-P1-HIPSW status=IMPLEMENTED,MOD-001,P1-HIPS-IMPL 已建 SHARED target 且产品清单标 IMPLEMENTED，README:24 与 PUBLIC_API.md:350 的 entrypoint=MISSING 仍是迁移前稿，四处自述互斥,订正 README §1 身份表三断言与 PUBLIC_API 对应段（现状实现=独立 SHARED target astrocs_p1_hips_writer）,README/module.yaml/CMakeLists/product.json 四面 target+status+entrypoint 一致门,ENGINEERING_SPEC §8 + ASTROCS_DESIGN §11.3,module.yaml 已同步（entrypoint 实值），仅 README/PUBLIC_API 残留
M2b-C-03,旧宪章 §12.2、§12.3-1/-6、§7.2：hips CMakeLists 零依赖剔除注释称 aio_hips_reader 不进本 DLL，与同文件更正段及 target_sources 矛盾,OPEN,"timeout 30 sed -n 1,60p lib/algorithms/drizzle/hips/CMakeLists.txt → rc=0：:23 零依赖剔除: aio_fits/aio_log/aio_api/aio_healpix_io/hiss_*/aio_hips_reader/aio_upm 全部不进本 DLL（grep 0 命中; g++ -fsyntax-only 实证通过）；:33-40 更正段称 2026-09-07 的 writer 零依赖剔除实证漏了 aio_hips_tile_ipix 跨 TU 依赖，故纳入最小闭包；:41 ${HIPS_PROD_DIR}/src/hips/aio_hips_reader.cpp 实际进 target_sources",MOD-001,同文件旧结论与 RESCUE-V3 更正段并存，:23 明列 aio_hips_reader 不进 DLL 而 :41 实际纳入 ⇒ 按旧注释精简重构会再次产出未解析符号,删改 :22-24 旧结论、保留更正段为唯一叙述（或标注已由 RESCUE-FD-01 更正）,注释与 target_sources 一致；dlopen 冒烟（undefined symbol 检查）能红能绿,ENGINEERING_SPEC §2（注释只写有效信息，禁陈旧错误结论）,台账命中片段与现址一致（:23）
M2b-C-05,旧宪章 §7.3（科学/算法/接口/代码/测试 ID 同构）+ §12.3-3：hips types.h 的 ALG-HIPS-002..005 语义映射与 ALG 权威页章节整体错位一格,OPEN,"timeout 30 sed -n 28,45p lib/algorithms/drizzle/hips/include/astrocs/hips/types.h → rc=0 :35-36 ALG 面 001..005 中 ... 002..005 同链 (ALG-HIPS-002 variance/ivar, 003 hierarchy 聚合, 004 MOC/UNIQ, 005 SNR Catalogue)；timeout 30 grep -n ALG-HIPS docs/algorithms/HIPS_WRITER.md → rc=0 :28-30 与 :62/:104/:129/:177 显示 §2=ALG-HIPS-002 叶级 tile 信号/支撑归一、§3=003 方差/逆方差、§4=004 层级聚合、§5=005 MOC/properties/SNR/manifest ⇒ types.h 映射错位一格且把 manifest 与 SNR 拆名",MOD-001,类型头注释的 ALG ID↔语义映射比 ALG 权威页整体超前/错位一格（002 被写成 variance 而实为叶级信号归一），005 语义被拆名,按 HIPS_WRITER.md §2-§5 逐条订正 types.h 注释映射（002 叶级 tile 信号/支撑、003 方差、004 hierarchy、005 MOC/properties/SNR/manifest）,ALG-ID↔语义映射逐条对账脚本（types.h 注释表 vs ALG 页章节标题）能红能绿,ENGINEERING_SPEC §8（算法引用有效 SCI/ALG）+ ASTROCS_DESIGN §0 权威链,机械信号签名桶 none；台账所指 types.h:35 现址 :35-36 仍同址
M2b-F-01,旧宪章 §13.1（独立 Oracle 交叉验证、禁自证）、§17.11（禁无证据合规声明）：healpix 注册表宣称 astropy-healpix 百万点/≤1e-12 对拍但仓内无样本,OPEN,"timeout 30 grep -rl test_healpix_oracle --include=CMakeLists.txt --include=*.json ci tests lib → rc=1（未注册任何构建/清单）；git ls-files | grep -i -e oracle.jsonl -e healpix_fullsky → 0 命中（无冻结样本）；timeout 30 grep -n healpix docs/standards/STANDARDS_REGISTRY.md → rc=0 :144 往返 ≤1e-12 deg；astropy-healpix 百万点 oracle 对拍 判 CONFORMANT；sed -n 1,14p lib/algorithms/shared/healpix/healpix_core.h → rc=0 :6-7 同款声明；sed -n 1,50p lib/algorithms/shared/healpix/tests/test_healpix_oracle.cpp → rc=0 :6-7 硬门 mismatch==0 且往返 ≤1.2×hp_res、:41 需外部 argv oracle.jsonl、:88 跳过 |dec|>=89.999999；sed -n 1,20p .../gen_spatial_fuzz.py → rc=0 :2 NON_PRODUCTION_TOOL_ONLY、:17 --order 默认 7",MOD-001,规范面宣称百万点/机器精度级 oracle 对拍，但冻结样本未入库、测试未注册，仓内生成器自标非生产工具且单阶 order 7，测试容差为 1.2×像素角分辨率并跳过极点 ⇒ 声明无证据支撑,二选一：入库 oracle 冻结样本并注册 ctest 真跑（多阶/百万点、容差与声明同口径），或把 STANDARDS_REGISTRY:144 与 healpix_core.h:6-7 声明降级为「设计目标，未闭环」并登记缺口,oracle 样本 tracked + ctest 注册 + 实跑 mismatch=0/往返达标证据进基线；否则声明降级且门能红能绿,ENGINEERING_SPEC §5.1+§8；R-3 已确立的「可达性须实测」口径,path 已迁移 lib/common/healpix→lib/algorithms/shared/healpix；RUBRIC §4 称 registry 已删，实测 docs/standards/STANDARDS_REGISTRY.md 仍在（372 行）
M3-C-008,旧宪章 §12.3-2、§8、§12.3-1：descriptor 用 astrocs.phase1.* 而 module.yaml 用 astrocs.p1.*，同名两拼写并存无归一化登记,OPEN,"timeout 30 grep -n astrocs.phase1.calibration lib/infrastructure/scheduler/src/module_adapters.cpp → rc=0 :563 d.module_id = ""astrocs.phase1.calibration"";；timeout 30 grep -n astrocs.phase1.cosmetic 同文件 → rc=0 :720；timeout 30 grep -n module_id lib/algorithms/calibration/module.yaml → rc=0 :15 module_id: astrocs.p1.calibration；timeout 30 grep -c astrocs.phase1. 同 cpp → rc=0 计数 21（descriptor 全用 phaseN 词表）",MOD-001,descriptor（22 个 astrocs.phaseN.*）与 module.yaml/合同（astrocs.pN.*）两套 module_id 无归一化登记面 ⇒ 任何以 module_id 为键的跨源自动比对必失效,MOD-001 建立 module_id 归一映射（descriptor phaseN ↔ manifest pN）并入机读登记（MODULE_MAP 或 ports registry），或统一改名为单一词表,跨源 module_id 集合对账门：manifest∩descriptor 覆盖全集，差集即红,ENGINEERING_SPEC §8（模块 manifest/注册表一致）,台账锚 :563/:720 与现址一致
M3b-C-01,旧宪章 §1.1、§4.1/§5.3 + SCI-P1-STAR-001 §1：规范层正面宣称「不引入 0.5px 网格量化损失」，而端到端 0.5px 未闭合项只在归档/脚本层,CRITERION-WRONG,timeout 30 grep -n '0.5px' docs/science/STAR_DETECTION.md docs/algorithms/STAR_DETECTION_ALGORITHMS.md → rc=0（STAR_DETECTION.md:13 / ALG:171「不引入 0.5px 网格量化损失」；ALG:274 明注 F4 的 |Δc|≤0.5px **只覆盖** uint16 量化通道）,MOD-001,-,-,-,R-3 §0（:14）：0.5px 不是「未闭合 BLOCKER」而是 F4 量化通道容差 ⇒ 「规范层仍正面宣称无量化损失」与「存在未闭合 BLOCKER」不能同时成立；正确口径=端到端坐标契约（PSF 支路 +0.5px 桥接），已由 SCI-FIX-PSF 落地（OPEN_ITEMS A10）。,【人工复核覆盖：原分批复核判 OPEN】台账原判 OPEN/P0。
M3b-C-02,旧宪章 §12.3、§17.2、§5.2：注册节点 star-psf 仍实装第三套检测器 phase1::StarDetector，mag 用 99.0 哨兵非合同 NaN,OPEN,"timeout 30 grep -n ""StarDetector det"" lib/infrastructure/scheduler/src/module_adapters.cpp → rc=0 :1616 const astrocs::phase1::StarDetector det(5.0);；timeout 30 grep -n 99.0 同文件 → rc=0 :1663 ? -2.5 * std::log10(s.flux) : 99.0;；sed -n 1,12p docs/algorithms/STAR_DETECTION_ALGORITHMS.md → rc=0 :8 唯一权威生产源: lib/algorithms/star_detection/src/sdet_api.cpp（2373 行实测）；timeout 30 grep -n sdet_detect_impl docs/contracts/DATA_SEMANTICS.md → rc=0 :683 生产核心 sdet_detect_impl",MOD-001,生产注册表 star-psf 节点实装第三套检测器（phase1::StarDetector），与 ALG/DATA 宣示的唯一生产源 sdet_api.cpp::sdet_detect_impl 不符；mag 非法值仍用 99.0 哨兵而非合同 NaN,节点改调唯一生产源，或把第三套实装登记为显式偏差并同步「唯一生产源」宣称；mag 缺测光改合同 NaN,注册节点调用图与 ALG 唯一源一致（引用检查）；mag 哨兵负例（缺测光→NaN）测试能红能绿,docs/algorithms/STAR_DETECTION_ALGORITHMS.md:8 + DATA_SEMANTICS §17:683,台账锚 :1616/:1663 与现址一致（modules 目录已迁 scheduler）
M4-G-02,旧宪章 §8.4/§9/§14.3（禁 facade-Session 冒充）+ ASTROCS_DESIGN §7.3：整阶段 P2 会话以 astrocs.phase2.resample 假身份驻留生产注册表,OPEN,"timeout 30 grep -n astrocs.phase2.resample lib/infrastructure/scheduler/src/module_adapters.cpp → rc=0 :582 d.module_id = ""astrocs.phase2.resample"";；sed -n 6260,6272p 同文件 → rc=0 :6262-6269 register_phase_modules 内 register_factory(d2.module_id, [d2]() { return make_session_module<P2Api>(d2); })；timeout 30 ls docs/modules/registry/ → rc=0 astrocs.phase2.resample.md 仍在；grep -n production 该页 → rc=0 :15 Registry production 模块(唯一源=module_adapters.cpp descriptor)、:34 module_id=astrocs.phase2.resample",MOD-001,整阶段 4 段会话仍以 astrocs.phase2.resample 假身份驻留生产注册表并挂 make_session_module<P2Api> 工厂（P3 侧已有 5 节点拆分先例，P2 未拆）,MOD-001 映射门建立时移除该 descriptor，或以真名+有效端口+单节点 operation 重注（对齐 P3-002 拆分先例）,23 模块映射门：每 descriptor 映射唯一真实 operation/entrypoint，session-as-module 形态即红,ASTROCS_DESIGN §7.3（每生产 DAG 节点映射唯一真实 module，多节点不得调同一完整 Session）,台账锚 484-501/5451-5457 → 现 :582/:6262-6269；GAP-004 已登记 Session-as-module 编译驻留面
M5b-C-04,旧宪章 §8.6/§9/§11/§13.2 + ABI_002：lifecycle 承诺 double-destroy 报错与并发语义，但 destroy 返回 void、state 非原子,OPEN,"timeout 30 sed -n 60,80p include/astrocs/abi/lifecycle_v1.h → rc=0 :71-74 调用时序/状态违例（含 execute 期间 destroy、destroy 后访问、double destroy 检测）→ ACS_ERR_STATE + detail ACS_DIAG_ECODE_ILLEGAL_STATE / DOUBLE_DESTROY；sed -n 40,55p 同头 → rc=0 :45-47 同一实例 ... request_cancel 可并发（原子置位）；timeout 30 grep -n destroy include/astrocs/abi/module_api_v1.h → rc=0 :107 void (*destroy)(acs_module_instance_v1* inst);；sed -n 1450,1470p lib/algorithms/calibration/src/module_entry.cpp → rc=0 :1454 cal_destroy 在 state==ACS_LC_STATE_DESTROYED 时直接 return（double → 忽略）；grep -n ""int state;"" 同文件 → rc=0 :612 int state;",MOD-001,ABI 头承诺的 double-destroy 报错在 vtable 层不可实现（destroy 返回 void，模块 API 无诊断回调），实现只能静默忽略；并发「原子置位」与普通 int state 相反,订正 ABI 文本为「double-destroy 幂等忽略、不回报」或给 destroy 增加返回码/host 诊断通道（升 ABI 版本）；并发语义按实际把 state 原子化或明确单线程,ABI 文本与 vtable 能力一致；double-destroy 用例行为与文本一致（探针可复跑）,ASTROCS_DESIGN §7.3（版本化 C ABI、所有权/释放方明确）+ §11.3,grep -n -e diag -e report include/astrocs/abi/module_api_v1.h 无输出（无诊断回调面）
M5b-G-06,旧宪章 §18.4/§17-3/§16.2/§12.3-4 + ASTROCS_DESIGN §11.3：产品清单 10 unit sha256 全 null、根构建面零引用安全 loader,OPEN,"timeout 30 python3 -c ""import json;u=json.load(open('packaging/astrocs.product.json'))['units'];print('units',len(u),'sha256-null',sum(1 for x in u if not x.get('sha256')))"" → rc=0 units 10 sha256-null 10；timeout 30 grep -c -e runtime/registry -e acs_secure_loader CMakeLists.txt → rc=1 计数 0；cli/CMakeLists.txt 同命令 → rc=1 计数 0；ls lib/infrastructure/pipeline/module_loader/ → rc=0 secure_loader.c/secure_loader.h/module_registry.c/README.md（无 CMakeLists.txt），全仓 CMakeLists/cmake/*.cmake grep module_loader|secure_loader 0 命中；ci/checks.json grep mod001|secure_loader 0 命中",MOD-001,INSTALLED 的「CLI/loader 可发现」缺构建面证据：安全 loader 源码在盘但不在构建图（module_loader 无 CMakeLists、根/子 CMake 零引用），10 unit sha256 全 null,把 module_loader 纳入构建图并接线 loader 逐 unit 加载验证（tests/abi/test_mod001_install_load_check.py 包装已在盘可被 discover），sha256 由打包/ABI-004 填充,CI 内 loader 逐 unit 加载 + hash 负例（HASH_MISMATCH 拒绝）能红能绿；sha256 非 null,ASTROCS_DESIGN §1.3/§11.3 + ENGINEERING_SPEC §8（产品清单一致、能红能绿）,台账「文件名不以 test 开头」已部分修复（tests/abi/test_mod001_install_load_check.py 已建）；sha256 与构建面引用仍未解
M5b-G-18,旧宪章 §9/§12.3-1/-2/-4/§13.1/§16.2/§17-4：合同页给未接入产品链路的占位 descriptor 标 production 与「1/N 等价已验」，矩阵同行全 MISSING,OPEN,"timeout 30 sed -n 14,16p;38,42p docs/modules/registry/astrocs.phase3.resample.md → rc=0 :15 Registry production 模块(唯一源=module_adapters.cpp descriptor)、:38-40 确定性=固定顺序输出(1/N 等价已验)；timeout 30 python3 csv 读 docs/traceability/TRACEABILITY_MATRIX.csv → rc=0 行 MOD-astrocs-phase3-resample 24 字段 12 格 MISSING（SRC/TEST/EVIDENCE 全 MISSING）；sed -n 6320,6345p lib/infrastructure/scheduler/src/module_adapters.cpp → rc=0 :6333-6335 顶层 astrocs.phase3.resample 占位 descriptor（P2 模板复制残留）不在本任务触碰, 由 P3-RSMP-INT 处理",MOD-001,占位 descriptor（代码自注 P2 模板复制残留）仍被 registry 页标 production 且写「1/N 等价已验」，追溯矩阵同行 SCI/ALG/SRC/TEST/EVIDENCE 全 MISSING ⇒ 状态声明与实存不符,由 P3-RSMP-INT 处理占位 descriptor（移除或改真名/真 operation）；registry 页 status 从 production 降为占位并同步矩阵行,registry 页 status 与 descriptor 实存一致；追溯矩阵无未解释 MISSING（或显式 DEFERRED）,ASTROCS_DESIGN §11.3/§12 + §7.3,矩阵行号 24（0-based 表头）与台账一致；registry 页 tracked
M5b-G-20,旧宪章 §12.3-1、§15.4、§17-3：DOC-003 门仅 5 条硬编码常量，与 22 份 module.yaml、26 页 registry 无集合对账且实跑 exit 0,OPEN,"timeout 30 grep -n -A 8 ""MODULES = "" tools/check_module_readmes.py → rc=0 :15-21 仍 5 条硬编码（star_detection/wcs/photometry/noise wrapper_phase1 + lib/phase3_session/README.md）；timeout 60 python3 tools/check_module_readmes.py → rc=0 输出 DOC-003_PASS: 5 模块 README 全含 合同/header/source/test 链接；python3 glob lib/**/module.yaml → 22 份、ls docs/modules/registry/*.md | wc -l → 26 页",MOD-001,门只做 5 条常量对的存在性/子串检查（且仍引 DEFERRED 的 lib/phase3_session），与 22 份 module.yaml、26 页 registry 无任何集合对账，实跑恒绿,门改为「lib/**/module.yaml × docs/modules/registry/*.md × descriptor」全量集合对账并加正负例；删除 lib/phase3_session 条目,门对缺失 README/缺 module.yaml/悬空 registry 页必红（positive+negative 双例）,ENGINEERING_SPEC §8（每项检查有正例与负例）+ §4,registry 页 26 与台账一致；module.yaml 台账 21 实测 22（glob lib/**/module.yaml）
M6a-I-004,旧宪章 §14.3/§14.1/§12.2/§16.2：lib/algorithms/calibration/cpp/ 遗留分叉仍无 legacy 声明、含无条件 stderr 日志与默认导出，库存清单仍标 production=yes,OPEN,"timeout 30 sed -n 1,10p lib/algorithms/calibration/cpp/cosmetic_corrector.cpp → rc=0 文件头仅功能/依赖说明，无 legacy/未编译/公式差异声明；timeout 30 grep -c fprintf(stderr 同文件 → rc=0 计数 9；timeout 30 grep -c CC_EXPORT lib/algorithms/calibration/cpp/cosmetic_corrector.h → rc=0 计数 6；timeout 30 grep -n cosmetic_corrector docs/architecture/PRODUCTION_EXECUTION_INVENTORY.csv → rc=0 :90 .../cpp/cosmetic_corrector.cpp,production,yes；timeout 30 sed -n 395,410p CMakeLists.txt → rc=0 :399-403 astrocs_calibration 只编 lib/algorithms/calibration/src/ 四 TU",MOD-001,遗留分叉无 legacy 声明、含 9 处无条件 stderr、头文件 6 处 CC_EXPORT 默认可见性，而库存清单仍标 classification=production/production_reachable=yes，与根 CMake 只编 src/ 三方互斥,三面统一：或在文件头加 legacy/未编译/公式差异声明并把 inventory classification 改为 legacy，或删除该分叉,inventory classification 与构建图源清单一致（脚本比对）能红能绿,ENGINEERING_SPEC §7（唯一实现面）+ §3（同一目标不得两套有效定义）,台账锚 :139/:143/:196/:241 与文件头声明缺失仍复现；根 CMake 锚由 :374-377 漂至 :399-403
M6b-E-007,旧宪章 §12.3-1、§8.5、§14.2：IO_001 §3 清单与树内实存不符，DATA-001 文档字段所指文件不存在,OPEN,"timeout 30 ls modules → rc=2（modules/ 整树已清退，git ls-files -- modules/ 空输出 rc=0）；timeout 30 grep -n DATA-001_ARTIFACT_CONTRACT contracts/data/artifact_types.registry.json → rc=0 :6 doc_ref 指向 docs/interfaces/data/DATA-001_ARTIFACT_CONTRACT.md，ls 该路径 → rc=2 不存在（artifact_manifest.schema.json:5 同引）；sed -n 20,35p docs/interfaces/io/IO_001_FITS_STREAM_INTERFACE.md → rc=0 §2 表列 lib/infrastructure/aio/io/ 的 io 服务模块骨架（README/module.yaml/CMake/占位入口）与 io_module_api_v1.h；timeout 30 ls lib/infrastructure/aio/io/README.md module.yaml CMakeLists.txt → rc=2 三者皆缺（该目录仅 include/src/tests）",MOD-001,modules/ 残体虽已整树清退，但 IO_001 §2/§3 清单仍指不存在的 README/module.yaml/CMake/io_module_api_v1.h，contracts/data 两文件 doc_ref 仍指不存在的 DATA-001_ARTIFACT_CONTRACT.md ⇒ 悬空引用仍在,IO_001 §2/§3 按现树订正（缺项标未建或补骨架）；contracts/data doc_ref 改指唯一事实源（contracts/schemas + docs/contracts/DATA_SEMANTICS.md）,doc_ref/路径引用存在性门（悬空即红）能红能绿,ASTROCS_DESIGN §11.3（状态声明与实存相符）+ ENGINEERING_SPEC §8,"台帐「modules/ 残体」prong 已随 ARCH-001 清退消解，另两 prong 仍在；IO 实现已落 lib/infrastructure/aio/io/{fits_core.c,src/io_adapter.cpp}"
M8-E-001,旧宪章 §17.10（追溯行须指向可解析宿主）、§12.3-12、§16.2：MOD 挂零源目录、宿主是 EXCLUDE_FROM_ALL 工具、README 行锚与行数失实,OPEN,"timeout 30 ls lib/algorithms/coverage/hips_p2 → rc=0 仅 memory.md module.yaml README.md（零源文件）；timeout 30 grep -n -e ""add_executable(astrocs-stage2"" -e EXCLUDE_FROM_ALL lib/algorithms/coverage/CMakeLists.txt → rc=0 :169 add_executable(astrocs-stage2 tools/stage2.cpp)、:176 set_target_properties(... EXCLUDE_FROM_ALL TRUE)；timeout 30 wc -l lib/algorithms/coverage/tools/stage2.cpp → rc=0 1784；sed -n 1,10p lib/algorithms/coverage/hips_p2/README.md → rc=0 :6 仍写 1762 行实测、:7 仍引 CMakeLists.txt:103-110",MOD-001,三事实在新路径原样复现：合同目录零源文件、宿主 astrocs-stage2 仍 EXCLUDE_FROM_ALL 不入默认构建/install、README 行数（1762 vs 1784）与行锚（:103-110 vs :169/:176）双重失实,追溯宿主字段统一写 target 名并符号化锚（禁裸行号）；README 实测行数/行锚同提交订正；零源目录登记为占位或补实现,README 行锚解析门 + 追溯宿主指向可解析 target（能红能绿）,ENGINEERING_SPEC §8（注册表/构建 target 一致、删除重命名无悬空引用）,路径 lib/hips_p2→lib/algorithms/coverage/hips_p2、lib/phase2→lib/algorithms/coverage（ARCH-001 §1 行 31/33）；行数再漂移 1782→1784
M8a-C-002,旧宪章 §12.3-1/§12.3-10/§16.2：cosmetic/hips/calibration 三处 README 状态句与实存 target/源码相反,OPEN,timeout 30 grep -n P1-COS-IMPL lib/algorithms/cosmetic/README.md → rc=0 :9 落码由 P1-COS-IMPL 建立，当前本目录仅合同文件、无源码、:19 迁移目标 astrocs_p1_cosmetic.dll（P1-COS-IMPL 建立，尚未存在）；ls lib/algorithms/cosmetic/src → rc=0 有 module_entry.cpp/def/map；grep -n astrocs_p1_cosmetic lib/algorithms/cosmetic/CMakeLists.txt → rc=0 :50 add_library(astrocs_p1_cosmetic SHARED；grep -n -e 无 astrocs_p1_hips_writer 目标 -e 尚未存在 lib/algorithms/drizzle/hips/README.md → rc=0 :24；grep -n MISSING lib/algorithms/calibration/README.md → rc=0 :163 entrypoint=MISSING（registry 入口未接）而 grep -n entrypoint lib/algorithms/calibration/module.yaml → rc=0 :21 entrypoint: astrocs_module_query_v1,MOD-001,三处 README 状态句停留在迁移前（未建/尚无源码/entrypoint=MISSING），与 src 实存、CMakeLists SHARED target、module.yaml entrypoint 实值相反,三 README 同提交订正为实存状态，并同步 docs/contracts/PUBLIC_API.md 对应段,README 状态句 ↔ CMake target ↔ module.yaml ↔ product.json 四面一致门,ASTROCS_DESIGN §11.3（状态阶梯唯一口径，负向状态如实标注）,calibration README:163 与 module.yaml:21 直接互斥；cosmetic 台账锚 :9 与现址一致
M8a-C-005,旧宪章 §12.3-1：21 份 module.yaml 的 module_id 与 module_adapters.cpp 22 个 descriptor 精确交集 0，跨源自动比对必失效,OPEN,"timeout 30 python3（glob lib/**/module.yaml 提取 module_id vs 正则 d.module_id = ""...""）→ rc=0 yaml files 22 with module_id 22 / descriptor-ids 22 / intersection 0；manifest ids 样本 astrocs.p1.calibration、astrocs.p2.coverage、astrocs.p3.resample、astrocs.catalog.gaia；descriptor 全为 astrocs.phase1/2/3.*",MOD-001,manifest 词表（astrocs.pN.*/catalog.gaia/infrastructure.cli）与 descriptor 词表（astrocs.phaseN.*）精确交集 0，缺归一化登记面,建立 module_id 归一映射（机读）或统一命名，MOD-001 映射门以此为跨源主键,manifest∩descriptor 覆盖全集（差集即红）能红能绿,ENGINEERING_SPEC §8（模块 manifest/注册表/构建 target 一致）,台账报 21/22，现树实测 22/22（新增 lib/infrastructure/cli/module.yaml 等）
M8a-C-008,旧宪章 §12.3-5（AST 导出与 API 文档一致）+ §12.3-1：cpu capability README §5 符号表漏登 acs_cap_classify_v1，状态词 FROZEN 不在 §11.3 阶梯,OPEN,"timeout 30 grep -n acs_cap_ lib/infrastructure/benchmark/cpu/common/README.md → rc=0 :65-70 §5 公共符号表列 6 项（detect/feature_name/os_safe_satisfies/hw_satisfies/os_saves_avx512_state/serialize_json），无 acs_cap_classify_v1；timeout 30 grep -n acs_cap_classify_v1 lib/infrastructure/benchmark/cpu/common/include/astrocs/cpu/capability_v1.h → rc=0 :127 int acs_cap_classify_v1(const acs_cap_result_v1* raw, acs_cap_result_v1* out);；sed -n 1,6p README → rc=0 :1 状态: FROZEN (CPU-001)；sed -n 1,12p docs/RELEASE_STATUS.md → rc=0 :3 状态词唯一口径 ASTROCS_DESIGN §11.3（CONTRACT_READY/IMPLEMENTED/INSTALLED/VERIFIED…FROZEN 不在列）",MOD-001,README §5 公共符号表漏登头文件实有导出 acs_cap_classify_v1（消费方 tests/cpu/dispatch/cpu_capability_matrix_test.c:68 已用），且模块文档状态词 FROZEN 不在 §11.3 唯一阶梯,补登该导出（含单位/所有权），状态词改阶梯内词（IMPLEMENTED/CONTRACT_READY）,头文件导出 ↔ README 符号表族对账门 + 状态词白名单检查（能红能绿）,ENGINEERING_SPEC §4（README+版本化公开头）+ §8；docs/RELEASE_STATUS.md:3 阶梯,path providers/cpu/common→lib/infrastructure/benchmark/cpu/common（ARCH-001）；台账所写消费方文件为旧路径，现为 tests/cpu/**:68
M8a-E-001,旧宪章 §12.3-3/§12.3-1/§1.1：L2 三处引 ALG-P2-COV-001 而 docs 全域 0 命中，L1 登记的是 ALG-COV-001,OPEN,"timeout 30 grep -rn ALG-P2-COV-001 lib docs contracts → rc=0 三处仍在：lib/infrastructure/scheduler/src/module_adapters.cpp:874 d.alg_id = ""ALG-P2-COV-001""、lib/algorithms/coverage/module.yaml:32、lib/algorithms/coverage/README.md:174；timeout 30 grep -n ALG-COV-001 docs/contracts/INDEX.yaml → rc=0 :364 - id: ALG-COV-001（docs 全域无 ALG-P2-COV-001 页）",MOD-001,coverage 域 L2 三面（README:174/module.yaml:32/descriptor:874）引用未登记的 ALG-P2-COV-001，L1 权威登记为 ALG-COV-001 ⇒ 按 alg_id 追溯断链,三处改引 ALG-COV-001，或把 ALG-P2-COV-001 登记入 contracts/INDEX.yaml 并与 ALG-COV-001 显式互引,算法引用有效性门：代码/文档引用的 ALG/SCI ID 必须命中 docs/contracts/INDEX.yaml,ENGINEERING_SPEC §8（算法引用有效 SCI/ALG、删除重命名无悬空引用）,路径 lib/phase2→lib/algorithms/coverage（ARCH-001）；descriptor 行号 :874 与台账一致
M8a-E-004,旧宪章 §12.3-9/§12.3-10：跨目录引用悬空/错位（cosmetic include 路径、ARCH_CONTRACTS.md 缺失仍标 VERIFIED、hips 相对引）,OPEN,timeout 30 grep -n -e astro_calibration.h -e include/ lib/algorithms/cosmetic/README.md → rc=0 :8 唯一权威签名源 include/astro_calibration.h 写在 cosmetic 目录语境，而 ls lib/algorithms/cosmetic/include/astrocs/cosmetic/ → rc=0 仅 types.h（该头真身在 lib/algorithms/calibration/include/）；timeout 30 grep -rn ARCH_CONTRACTS.md docs lib → rc=0 4 文件引用且标 VERIFIED（docs/modules/phase3_proj.md:30、phase3_rsmp.md:33、lib/algorithms/resample/README.md:32、lib/algorithms/projection/README.md:46），ls docs/architecture/cpu/ → rc=0 仅 CPU_001_CAPABILITY_PROBE.md、CPU_003_AVX2_PROVIDER.md；grep -n hiss_write_probe lib/algorithms/drizzle/hips/README.md → rc=0 :172 引 tests/hiss_write_probe.cpp，ls 该相对路径 → rc=2 不存在（真身 lib/algorithms/drizzle/healpix_drizzle/tests/）,MOD-001,ARCH-001 迁移后跨目录引用未改仓根相对全路径、行锚用裸行号，导致四处悬空/错位（含 4 处 ARCH_CONTRACTS.md 标 VERIFIED 的不存在文档）,docs 引用统一仓根相对全路径 + 符号锚；补建或删除 ARCH_CONTRACTS.md 并改写 4 处 VERIFIED 行；cosmetic README 改指真身路径,文档路径/行锚解析门（引用存在性+锚命中）能红能绿,ENGINEERING_SPEC §8（删除/重命名无悬空引用）+ ASTROCS_DESIGN §11.3（不存在的文档不得标 VERIFIED）,台账「cosmetic README:7-8」现址 :8；CMakeLists.txt:321-333 锚亦已漂（现 :399-403）
M8a-G-006,旧宪章 §12.3-1、§8.4（模块必备 README+module.yaml）、§12.3-3：DOC-003 门覆 5 份且放行 wcs README 的 P1-004 错锚,OPEN,timeout 60 python3 tools/check_module_readmes.py → rc=0（DOC-003_PASS: 5 模块 README）；timeout 30 grep -c -e P1-003 -e P1-004 -e P1-005 docs/contracts/INDEX.yaml → rc=1 计数 0（wcs README 所引注册项不在注册表仍放行）；tools/check_module_readmes.py:15-21 MODULES 5 条常量（含 DEFERRED 的 lib/phase3_session/README.md）,MOD-001,门实覆 5 份 README（常量硬编码）且对缺失/错锚无分辨力，仍放行 wcs README 的 P1-004 错锚（注册表内不存在）,门改为全量集合对账 + 正负例；删除 lib/phase3_session 条目（DEFERRED）,门对缺失 README/悬空注册项必红（positive+negative 双例）,ENGINEERING_SPEC §4/§8（每模块必备 README，检查能红能绿）,lib 与 modules 内 README 实测 51 份、module.yaml 22 份，门实覆 5 份
M8a-G-007,旧宪章 §12.3-1/-9、§12.2、§12.3-12：生成器 docstring 谎称被 checker 引用、未接 CI，且无条件覆盖 registry 页,OPEN,"timeout 30 sed -n 1,12p tools/quality/gen_module_readmes.py → rc=0 docstring 仍称 非手工清单, checker 以本生成器输出为源（实际 checker 不读其输出）；timeout 30 grep -c gen_module_readmes ci/checks.json → rc=1 计数 0；grep -rl gen_module_readmes .github → 0 命中；grep -c ""status: ACTIVE"" docs/modules/registry/*.md → 26 页全 ACTIVE（不在 §11.3 阶梯）；module_adapters.cpp:874 ALG-P2-COV-001 与 coverage 页 ALG-COV-001 两名并存",MOD-001,生成器声明与事实相反（无 checker 以其输出为源）、双面 0 接线（CI/pre-commit 均无）、且以 descriptor 为唯一源无条件覆盖 26 页 registry；26 页 status 全为阶梯外 ACTIVE,订正 docstring 或真正接入 CI 作 diff 门（生成物与在盘页不一致即红）；registry status 改阶梯内词或显式标注 GENERATED,CI diff 门 + 生成器/id 一致性（能红能绿）,ENGINEERING_SPEC §8（活动文档无陈旧状态冒充、检查器接线）+ ASTROCS_DESIGN §11.3,"台账锚 :134-143 现为 :142 open(p,""w"")；registry 页 26 与台账一致"
M8a-I-001,旧宪章 §8.4:282、§12.2：docs 以 lib/algorithms/ 为目标源码根而该目录不存在，每子库 README 义务无落点,FIXED,"timeout 30 ls -d lib/algorithms → rc=0（存在）；timeout 30 ls lib/algorithms/ → rc=0 列出 calibration cosmetic coverage drizzle fits_output integration noise_snr photometry platesolve projection psf rejection resample sampling shared star_detection upm；timeout 30 grep -n -A 20 ""^## 7"" ENGINEERING_SPEC.md → rc=0 :97-101 目录规范明列 lib/algorithms/ 与上述模块（并联放置）；timeout 30 grep -rn lib/algorithms docs/plugins/infrastructure/18_cli.md docs/plugins/00_INDEX.md docs/modules/MODULE_MAP.yaml → rc=0 :16/:22/:37 均以 lib/algorithms/ 为目标根，引用现可解析",MOD-001,-,-,-,修复证据（现状命令+rc=0）,台账所称「ls -d lib/algorithms → 不存在」已被 ARCH-001 lib/algorithms 落位消解；本 README 实测 51 份（台账 49）仅计数差异，不构成缺陷；旧宪章已退役（ASTROCS_PROJECT_CONSTITUTION.md ls rc=2 不存在）
V11-N-05,无原条款（判据=6 个 ABI 合同函数生产面零实现零调用）：acs_negotiate_v1 唯一定义仍在测试自带探针,OPEN,timeout 30 grep -rn acs_negotiate_v1 --include=*.c --include=*.cpp lib cli → rc=1（生产面零命中）；timeout 30 grep -c acs_negotiate_v1 tests/abi/abi002_lifecycle_probe.c → rc=0 计数 6；timeout 30 grep -rln acs_negotiate_v1 --include=*.c --include=*.cpp --include=*.h lib cli tests include → rc=0 仅 tests/abi/abi002_lifecycle_probe.c 与 include/astrocs/abi/lifecycle_v1.h,MOD-001,6 个 ABI 协商/自检函数生产面零实现零调用，唯一定义在探针自带副本 ⇒ 断言对象是测试自证，门在自证,把协商/自检函数落到生产 loader/registry（或明确其为测试探针并改判据对象），探针改为调用生产实现,生产面存在定义+调用（生产路径 grep 非零）；探针不再自带副本,ASTROCS_DESIGN §7.3（版本化 C ABI）+ ENGINEERING_SPEC §8（核心合同独立测试、能红能绿）,path runtime/providers/cli 多数已退役；lib/cli 面仍零命中
V12-N-11,旧宪章 §12.3-3（公式/常量唯一实现）：MAX_STARS_RESULT 一处文件私有 #define + 两处独立字面量复制,OPEN,timeout 30 grep -n MAX_STARS_RESULT lib/infrastructure/gaia_xpsd_client/src/gaia_client.c → rc=0 :32 #define MAX_STARS_RESULT 200000（文件私有，不在任何头）；grep -n 200000 lib/infrastructure/gaia_xpsd_client/src/module_entry.c → rc=0 :546 const long long kQueryCacheCap = 64LL * 200000LL * (long long)(sizeof(double) * 3);；grep -n 200000 lib/algorithms/platesolve/cpp/ipv/include/ipv_types.h → rc=0 :260 double m_lim_gaia_cap_per_file = 200000.0;,MOD-001,同一上限以「文件私有 #define + 两处独立字面量」三份并存，缓存预算乘积在 gaia_client.c:143 与 module_entry.c:546 各算一遍，无头级单点权威 ⇒ 改一处不会同步其余,把上限提为头级常量（含单位/语义注释）并让三处引用同一点；ipv 的 m_lim_gaia_cap_per_file 显式写映射说明,常量单点门：同值字面量只允许出现在权威头；跨模块引用检查能红能绿,ENGINEERING_SPEC §3（常数单点权威、禁一字段多义）,ipv 触顶 fmod 判据已修（台账备注）；本条只报常量三份
V14-N-02,无旧条款（判据对象=modules/conformance/noop 自身 status 三处与 README 已知限制）：骨架 NOOP 两清单登记 IMPLEMENTED,OPEN,"timeout 30 grep -n module_status tests/conformance/noop/module.yaml → rc=0 :11 module_status: SKELETON（:6 module_id: astrocs.conformance.noop）；grep -n status packaging/astrocs.product.json → rc=0 :11 {""unit_id"": ""MOD-NOOP"", ... ""status"": ""IMPLEMENTED""}；grep -n conformance packaging/install-tree.contract.json → rc=0 :11 MOD-NOOP required true；grep -n -e SKELETON -e UNSUPPORTED tests/conformance/noop/README.md → rc=0 :1/:3/:17/:76 三处 SKELETON、execute/plan/create 全部返回 ACS_ERR_UNSUPPORTED；grep -c conformance.echo packaging/astrocs.product.json → rc=1 计数 0（真实现动词的 echo 零登记）",MOD-001,骨架 NOOP 自身三处 SKELETON（module.yaml/README/CMake）而产品清单与安装树合同登记 IMPLEMENTED；真正实现动词的 echo（module_status: IMPLEMENTED）在清单零登记 ⇒ 状态声明与实存不符,产品清单 MOD-NOOP status 改 SKELETON（或按 §11.3 负向词如实标注）；按需把 echo 登记入清单,module.yaml module_status ↔ 产品清单 status 一致门；清单 unit 与 module_status 集合对账,ASTROCS_DESIGN §11.3（IMPLEMENTED 定义）+ §12（未实现必须明确报告）,路径 modules/conformance/noop→tests/conformance/noop；台账锚 README:74-78 与现 :76 一致
V14-N-04,旧宪章 §17.2（追溯完整、无悬空引用）、§12.3 + A-36：出厂 kernel_id/alg_id 在登记面零存在，ALG-002 被三模块共用,OPEN,"timeout 30 grep -rn ALG-004 lib docs → rc=0 四处：module_adapters.cpp:808 d.alg_id = ""ALG-004""、lib/infrastructure/benchmark/cpu/baseline/src/baseline_provider.cpp:91、.../baseline_provider_v1.h:89、.../backend_host/backend_table.inc:21；docs 侧 0 命中；timeout 30 grep -n ALG-002 lib/infrastructure/scheduler/src/module_adapters.cpp → rc=0 :750/:769/:789 三模块共用同一 alg_id",MOD-001,出厂 kernel_id/alg_id（ALG-004）在 docs 登记面零存在，且 ALG-002 被 star-psf/wcs/photometry 三模块共用 ⇒ 按 kernel_id/alg_id 追溯必断链,把 ALG-004 登记入 INDEX.yaml（或改引 ALG-NOISE-001..003）；ALG-002 拆分或显式登记共享映射,kernel_id/alg_id 与 contracts INDEX 双向对账门（悬空即红）能红能绿,ENGINEERING_SPEC §8（算法引用有效 SCI/ALG、删除重命名无悬空引用）,path lib/backend_host→lib/infrastructure/benchmark/backend_host、providers/cpu/baseline→lib/infrastructure/benchmark/cpu/baseline
V14-N-07,（V14 三面登记轴）+ ENGINEERING_SPEC §4：header 导出 snr_source_snr_f64 在 module.yaml source_symbols 零登记，字段却自述「源码核对清单」,OPEN,"timeout 30 grep -n snr_source_snr_f64 lib/algorithms/noise_snr/cpp/include/snr_estimator.h → rc=0 :240 SNR_API int snr_source_snr_f64(const SnrSourceParams* params,；timeout 30 grep -c snr_source_snr_f64 lib/algorithms/noise_snr/module.yaml → rc=1 计数 0；timeout 30 grep -n -e exports -e source_symbols lib/algorithms/noise_snr/module.yaml → rc=0 :9 字段遵循 11_MODULE_SOURCE_TEST_STANDARD.md §4；source_symbols 为源码核对清单、:69 exports、:77 source_symbols",MOD-001,header 导出与 module.yaml source_symbols 两登记面互不校验，四枚新导出零登记而字段头注自称源码核对清单 ⇒ 自称与源码不符,补登 module.yaml source_symbols（或删该字段改用机器提取），MOD-001 建立三面（header/yaml/合同视图）一致性门,头文件导出集合 ⊆ module.yaml source_symbols，差集即红,ENGINEERING_SPEC §4（module.yaml 必备字段）+ §8（三面一致）,path lib/snr_estimator→lib/algorithms/noise_snr（ARCH-001 + MOD-001 迁移）
V14-N-08,无旧条款（机制=tools/quality/gen_module_readmes.py:134-143 派生面无条件覆盖）：重跑生成器即蒸发人工修订并钉回占位 ID,OPEN,"timeout 30 grep -n ""open(p, ""w"""" tools/quality/gen_module_readmes.py → rc=0 :142 with open(p, ""w"", encoding=""utf-8"") as f:；timeout 30 grep -c gen_module_readmes ci/checks.json → rc=1 计数 0；grep -rl gen_module_readmes .github → 0 命中；sed -n 134,148p → rc=0 main() 以 module_adapters.cpp descriptor 为唯一源对 docs/modules/registry/ 无条件覆盖",MOD-001,"生成器对 registry 页无条件 open(p,""w"") 覆盖，且 ci/checks.json 与 .github 双面 0 接线（既不进 CI 也不进 pre-commit）⇒ 人工修订无保护、占位 ID 可被钉回 docs 面",生成器加人工区保护或改为生成到临时目录 + diff 门；接入 ci/checks.json,CI diff 门：生成物与在盘页不一致即红（能红能绿）,ENGINEERING_SPEC §8（修改代码/测试后同步订正 ci/checks.json、检查器接线）,与 M8a-G-007 同一对象两行，本行聚焦「覆盖写+零接线」
V20-N-07,无旧条款（判据即现行权威；站点=module_entry.cpp）：build_out_manifest 出参 err 永不填充、describe 未 (void)self、what 被丢弃,OPEN,"timeout 30 python3 切窗统计 lib/algorithms/calibration/src/module_entry.cpp → rc=0：:790-833 build_out_manifest 体内 err 仅签名 :793 一处、唯一出口 :828 return ACS_OK;；:1076 cal_describe 体内 self 仅签名一处，(void)self 仅出现在 :1136/:1179/:1254（同族另 3 函数有）；:778 (void)what;；grep -n ""(void)what"" 同文件 rc=0 :778",MOD-001,build_out_manifest 声明 acs_error_info_v1* err 却永不填充（函数体仅签名一处 err、唯一出口 ACS_OK）；cal_describe 未 (void)self 而同族其余 3 函数有；decode_plane 的 what 被 (void) 丢弃 ⇒ 四平面失败共用同一句话,"build_out_manifest 失败分支补 efill(err,...) 或删该出参；cal_describe 补 (void)self 或使用 self；what 写进诊断 detail",-Wall -Wextra（含未使用参数告警）白名单覆盖 cal/cos/drizzle/hips；err 非空负例测试,docs/ci/01_CHECKS.md §2（编译警告门 P0）+ ENGINEERING_SPEC §5.1（错误输入/边界测试）+ §2（注释禁令）,根 CMakeLists -Wall -Wextra 白名单仍不含 cal/cos/drizzle/hips（其 CMakeLists 只加 -fopenmp）；文件总行数 1496
V21-N-04,无旧条款（判据即现行权威；站点=tests/conformance/echo/src/echo_module.c）：aerr/rerr 只有声明+memset+传址，真实 detail_code 被静态消息覆盖,OPEN,"timeout 30 python3 统计 tests/conformance/echo/src/echo_module.c → rc=0 aerr lines [350, 351, 353] / rerr lines [368, 369, 370] / member access exists: False；sed -n 345,375p 同文件 → rc=0 :353 artifact_open(...,&h,&aerr) 后仅判 st，不读 aerr 成员；:356 efill(err, st, ACS_ERR_DOMAIN_IO, 0, ""echo: artifact open failed"") 用静态消息覆盖真实 detail_code；:370 artifact_read_all(...,&rerr) 同型",MOD-001,aerr/rerr 三态（声明/memset/传址）后从无成员访问，宿主返回的真实 detail_code 被 efill 静态消息覆盖 ⇒ 统一诊断传播在 conformance 面未落地,失败分支读取 aerr/rerr 成员并透传（或删出参）；诊断消息携带真实 detail_code,诊断传播负例：artifact_open/read_all 失败时 err 携带宿主 detail_code（探针可复跑）,ENGINEERING_SPEC §9（错误通过统一状态码+结构化诊断传播）,"path modules/conformance/echo→tests/conformance/echo；台账行号 [350,351,353]/[368,369,370] 与现址逐字一致"
V21-N-13,无旧条款（判据即现行权威；站点=module_adapters.cpp）：14 个 manifest 键零回读，nside_clamped/snr_schema 等无消费者,OPEN,"timeout 30 python3 逐键打印 14 键在 tracked 代码面的全部命中行 → rc=0：module_adapters.cpp:3242 (*man)[""nside_clamped""] = auto_res.clamped != 0;（:3217 为另一文档键）、:2844 (*man)[""snr_schema""] = ""DATA-P1-SNR/2"";（:2699 为 frame 键）、:4804 (*man)[""mosaic_root""] = out_dir;、:5925 (*man)[""writer_artifact""] = json_path;、:5730 (*man)[""band_executed""]、:5935 (*man)[""product_sha256""]；product_sha256 的 :5997 {..., wr.value(""product_sha256"", std::string())} 是从上游 writer 清单拷贝，不构成本节点 manifest 键回读",MOD-001,14 个 manifest 键全为首次写入后无人回读（nside_clamped 触顶无告警、snr_schema 与产物内 schema/schema_version 两键并存无人比对、product_sha256 只被再打包）,为每个自述键指定消费者与告警路径（或删无消费者的键）；nside_clamped 触顶据此告警，snr_schema 与产物内 schema 键统一,manifest 键读写对账门：每键至少一处回读/消费（差集即红）能红能绿,ENGINEERING_SPEC §8（字段与消费者不得悬空）+ ASTROCS_DESIGN §9（manifest 记录生效配置，禁计划值伪装实际值）,台账锚 :2843-2846 现址 :2844 相近；max_forward_cross_deg 数值本身在判定处有绝对门（台账限定保留）
V5-N-01,旧宪章 §4.1 失败语义分离、§14.4 最小充分校验（fail-fast）、§12.3：catalog_dir 长度预算只在 execute 检查，validate/plan/create 放行,OPEN,"timeout 30 grep -n -e ""head\[512\]"" -e head_end -e BUFFER_TOO_SMALL lib/infrastructure/gaia_xpsd_client/src/module_entry.c → rc=0 :786 char head[512];、:788 const char* head_end = head + sizeof(head) - 1;、:828 ""gaia: manifest head buffer too small (catalog_dir too long)"" 均在 execute 内；grep -n -e gaia_validate_config -e gaia_plan -e gaia_create -e gaia_cfg_parse 同文件 → rc=0 validate :500、plan :520、create :601 只调 gaia_cfg_parse(:267)，无路径长度预算检查",MOD-001,catalog_dir 的长度预算（manifest head[512]）只在 execute 内检查，validate_config/plan/create 仅调 gaia_cfg_parse 无预算检查 ⇒ 同一参数能过前三相、到 execute 才 PARAM+BUFFER_TOO_SMALL（用户看到「参数非法」而非路径预算）,把路径长度预算前移到 validate_config（fail-fast），plan/create 复用同一校验；inspect 出口同型守卫收敛到单点,超长 catalog_dir 在 validate 即被拒（负例可复跑）；三相同一错误码与诊断,ENGINEERING_SPEC §9（失败语义分离）/§14.4 最小充分校验（fail-fast）,台账锚 :786/:788/:825-828 与现址一致；inspect 同型守卫 :1004-1011 仍在
W1-N-03,问题扫描 W1-N-03：noise_snr CMakeLists 注释称由根 CMake 注册为假、tests/unit 门卫恒假，适配器代码零编译零测试（原引 :28/:210/:1155）,OPEN,"timeout 30 sed -n 20,30p lib/algorithms/noise_snr/CMakeLists.txt → rc=0 :26 注: 本子目录由根 CMakeLists.txt (hips 之后) 注册。；grep -n noise_snr CMakeLists.txt → rc=0 :236 # F-CI-002-01(CI-002 owner 裁决 2026-09-11): add_subdirectory(lib/algorithms/noise_snr)（被注释）与 :265 注 astrocs_p1_noise 随 snr_estimator 断链解除摘出——target 未入库；grep -n p1noise_under_test tests/unit/CMakeLists.txt → rc=0 :1192 if(TARGET p1noise_under_test AND TARGET astrocs_p1_noise)，而 noise_snr/CMakeLists.txt:35 add_library(astrocs_p1_noise SHARED) 因目录未注册不生效 ⇒ 门卫恒假",MOD-001,子目录注释与在案 F-CI-002-01 裁决相反（根图注册被注释），tests/unit 门卫因 target 不在根图恒假 ⇒ 适配器代码零编译零测试零 CI 采集,订正 CMakeLists:26 注释为「未注册（F-CI-002-01 摘出，待 V7 残留收编）」；收编后恢复注册并让门卫真跑（或在未注册期显式标 SKIP 并计数）,注释与根构建图一致；门卫 target 存在性检查能红能绿,ASTROCS_DESIGN §7.1/§7.3 + ENGINEERING_SPEC §4（每模块必备 CMake target）,文件已 tracked 并迁至 lib/algorithms/noise_snr（台账称 untracked 已不成立）；module_entry.cpp 1574 行量级未复算
M7-A-210,ACR 文档 weight_mode 数值表与名称表不闭合,OPEN,"timeout 30 grep -n -e wmode -e weight_mode docs/science/ACR_EQUIVALENCE.md -> 19 | `wmode` | `weight_mode`（0 legacy / 1 equal / 2 ivar） | 与 33 - `weight_mode∈{auto,ivar,equal,support_x_snr2}`; sed -n '32,34p' 同; grep -rn DORMANT ASTROCS_DESIGN.md -> :68 ACR 仅保留源码 DORMANT；复核: grep -q 'weight_mode∈{auto,ivar,equal,support_x_snr2}' docs/science/ACR_EQUIVALENCE.md -> rc=0(命中)",NEXT-PACK:NP-01,"数值表与名称表无双向映射, 仅禁 mode=2 上 GPU 护栏的覆盖域不可判定; ACR 已 DORMANT 无生产后果",文档补单一映射表(名↔数值)并与 acr_kernels.cpp/stage2_common.cpp 实现对齐,"两表可由同一映射互换(auto/support_x_snr2 均有数值), 或显式声明名称态与数值态各自独立",ENGINEERING_SPEC §2 文档/注释不得自相矛盾; ASTROCS_DESIGN §1.3/§7.1 ACR DORMANT,"wmode 在 lib/algorithms/coverage 内 0 命中(ACR 只 DORMANT 源), 故列 NP-01 文档项"
M7-T-101,SNR≥10 召回≥99% 门无在册可执行用例,FIXED,"timeout 30 grep -n -e 'SNR≥10' -e 召回 docs/algorithms/STAR_DETECTION_ALGORITHMS.md -> :266 完整性: SNR≥10 星召回 ≥99%; grep -rn -i recall lib/algorithms/star_detection/tests/p1star/p1star_tests_core.cpp -> :136-137 recall20/recall10 计算, :149 P1STAR_CHECK(cs, recall20 >= 0.99, ""f1_recall_snr20_ge99""), :150 recall10 >= 0.99 ""f1_recall_snr10_ge99""; grep -rn p1star --include=CMakeLists.txt . -> tests/unit/CMakeLists.txt:1173 add_subdirectory(../../lib/algorithms/star_detection/tests/p1star p1star)；复核: grep -q 'f1_recall_snr10_ge99' p1star_tests_core.cpp -> rc=0(命中, 门已注册)",NEXT-PACK:NP-01,-,-,-,修复证据: 门已有在册用例(p1star_units F1 召回断言)且经 tests/unit/CMakeLists.txt:1173 进构建图; 原报无任何星检测召回门用例在当前树不成立,"包内引文 :257 现漂到 :266; 原判据为空(即现行权威), 未改文档"
M8-H-001,trace->nodes++ 非原子与只原子更新注释矛盾,FIXED,"timeout 30 grep -c 'omp atomic' lib/infrastructure/gaia_xpsd_client/src/gaia_client.c -> 18 rc=0; grep -n -B2 -E 'trace->(nodes|blocks|bytes|decomp|polar_nodes|eq_nodes)[+ ]' 同文件 -> 每个写点前一行均 #pragma omp atomic(:1541-1542,:1547-1548,:1588-1591,:1593-1594,:1670-1671,:1717-1720,:1809-1811); 注释 :58 并行线程只原子更新本查询上下文 ... 无 data race",NEXT-PACK:NP-01,-,-,-,"修复证据: 全部 GaiaTraceCtx 写点均有 omp atomic 保护, 注释所述成立, 缺陷对象(非原子共享计数)在当前树不存在; git log -S 显示 atomic 随 v18r3 per-query trace 引入",账本本行 verified_state=NOT_A_DEFECT 与本轮读码一致; 文件未被并发修改(git status 空)
M9-H-1,越界长度经 memcpy 回读进交付 JSON,FIXED,"timeout 30 grep -n -e json_append_escaped -e json_append_fmt module_entry.c -> :391 带 end 容量参数; sed -n '391,400p' -> 395 if ((size_t)(end - p) < need) return 0;; sed -n '826,836p' -> 触边即 efill(ACS_ERR_PARAM, ACS_DIAG_ECODE_BUFFER_TOO_SMALL) 并整次失败返回；复核: grep -q 'json_append_escaped(char** w, const char* end' module_entry.c -> rc=0(命中)",NEXT-PACK:NP-01,-,-,-,"修复证据: 追加器改为容量参数+返回 0, 触边整次失败, 不再把越界长度经 memcpy 回读进交付 JSON(账本 RESOLVED 在当前树成立)",文件哈希=包内 623da5dcd403
M9-H-2,spectrumCount 自报值作无界分配/memcpy 长度,FIXED,"timeout 30 grep -n -e parse_bounded_int -e WL_COUNT gaia_client.c -> :28 #define WL_COUNT 343 / :1163 定义 / :1284 调用; sed -n '1280,1292p' -> if (!parse_bounded_int(p + 14, WL_COUNT, &xf->spectrum_count)) { close_xpsd_file(xf); return -1; }；复核: grep -q 'parse_bounded_int(p + 14, WL_COUNT' gaia_client.c -> rc=0(命中)",NEXT-PACK:NP-01,-,-,-,"修复证据: spectrumCount 经有界解析(非数字/负数/尾随垃圾/越界即拒), 失败整文件拒绝并释放, 自报值不再作无界分配步长",文件哈希=包内 5e5dd1c992ee
M9-H-3,read_leaf_block 无块区间属于映射区校验,OPEN,"timeout 30 sed -n '1102,1118p' gaia_client.c -> 函数首仅 if (!xf->mmap_data || block_size == 0) return NULL; 随后 1115 const uint8_t *comp = xf->mmap_data + xf->data_position + block_offset; 与 1118 memcpy(scratch, comp, block_size);; grep -n mmap_size 同文件 -> 仅 :256/:294/:1204/:1214/:1219/:1400, 函数体内 0 处; sed -n '1594,1600p' -> read_leaf_block(xf, node->block_offset, node->compressed_size, node->block_size, scratch)；复核: grep -q 'xf->data_position + block_offset' gaia_client.c -> rc=0(命中)",NEXT-PACK:NP-01,"指针相加两侧(data_position/block_offset)与 memcpy 长度全来自文件自报字段(QTNode:157/:159), 函数体内无 mmap_size 边界校验, scratch 尺寸也由自报 global_max_block_size 决定","校验 data_position+block_offset+block_size <= mmap_size 且 scratch 容量 >= block_size, 越界 fail-closed",畸变 shard(超界偏移)用例返回错误而非读越界; ASAN 下干净,ENGINEERING_SPEC §9 失败不得留半成品; 17_aio §7 哈希/格式不匹配→拒绝读取,hiss_reader.cpp 有正对照; 本行只在 gaia 侧成立
V10-N-09,旧轴自设环境变量严格解析口径(strtol/atoi 裸解析),CRITERION-WRONG,"timeout 30 grep -n -B4 'strtol(sleep_ms, nullptr, 10)' lib/infrastructure/cli/commands.cpp -> 3 处(:1037/:1247/:1641), 全在 std::getenv(""ASTROCS_TEST_SLEEP_MS"") 测试钩子内(注释""测试钩子(非用户接口)""); sed -n '14,32p' lib/infrastructure/aio/src/aio_log.cpp -> 20 getenv(""AIO_LOG_LEVEL"") / 22 int v = std::atoi(env); / 23 g_aio_log_level = (v >= 0 && v <= 3) ? v : AIO_LOG_INFO;; aio_log.h:4 AIO_LOG_INFO = 0(默认档)；复核: grep -q 'ASTROCS_TEST_SLEEP_MS' cli/commands.cpp -> rc=0(命中测试钩子)",NEXT-PACK:NP-01,-,-,-,"为什么错: 判据源自旧扫描轴自设""同仓正对照""口径(问题扫描/_verify/V10.md §2, 非权威链文档); 现行 ASTROCS_DESIGN §6.1 只限定 CLI 薄入口职责, 21_observability §5 只要求 log_level 默认 info, 均无""环境变量严格解析""条款; 实测越界值回退默认 INFO(=0) 非静默关闭, strtol 站点全在 ASTROCS_TEST_* 测试钩子(与 V7-N-09 第 9 条同判)。正确口径: 不按严格解析整改; 若要严格化须新立规范并落到 CLI 合同","包内报 4 处, 读时 3 处; AIO_LOG_LEVEL=0 即默认 INFO"
V5-N-03,magnitudeRange 裸 atof → 畸形声明触发剪枝漏星,FIXED,"timeout 30 grep -n -e parse_bounded_double -e has_magnitude_range gaia_client.c -> :1180 定义 / :234 语义注释 / :1244-1245 两分量调用有界解析 / :1251 仅有效才置 has_magnitude_range; sed -n '1229,1245p' -> 头注记载任一校验失败不置 has_magnitude_range + 可见告警, 与实现一致；复核: grep -q 'parse_bounded_double' gaia_client.c -> rc=0(命中)",NEXT-PACK:NP-01,-,-,-,"修复证据: magnitudeRange 分量经 parse_bounded_double(整 token+ERANGE+isfinite+值域窗), 失败不置位并告警 ⇒ 剪枝不再被畸形声明触发(账本 RESOLVED 成立)",文件哈希=包内 5e5dd1c992ee
M7-T-102,截断常数 1.4826 与 rtol 1e-12 解析期望矛盾,FIXED,"timeout 30 grep -n 1.4826 coverage/src/sampler.cpp docs/algorithms/PHASE2_SAMPLER.md coverage/tests/synthetic_gate.cpp -> sampler.cpp:468/:827/:842/:1010 均 1.482602218505602; doc :50/:71/:161/:214/:408 同全精度; synthetic_gate.cpp:3825 EXPECT_NEAR(mad, 1.482602218505602, 1e-12); grep -rn -E '1\.4826([^0-9]|$)' lib/ docs/ -> 仅 archive/legacy/** 与 hips_browser(构建图外)；复核: grep -q '1.482602218505602' coverage/src/sampler.cpp -> rc=0(命中)",NEXT-PACK:NP-02,-,-,-,"修复证据: 采样器/文档/门三处均为全精度 1.482602218505602, 截断值只剩归档遗留与构建图外模块; 常数事实源与门自洽",原报 4 处截断(:460/:809/:824/:992)现为 :468/:827/:842/:1010 全精度; 文件哈希=包内 7fc8fe0ee8db
M7-T-103,冻结测试设计仍以空 filter 静默放行为断言锚,OPEN,"timeout 30 grep -n DISP-COV-003 docs/algorithms/PHASE2_COVERAGE.md -> :63(已关闭) / :301 删除线(已关闭) / :344 F5 扩展: 空 filter 静默放行现状断言为 DISP-COV-003 行为锚（整改后本断言翻转为拒绝——P2-COV-IMPL 同步更新）; grep -rn 'missing obs_filter' lib/ tests/ -> 仅 src coverage.cpp:96, tests 0 命中; sed -n '3615,3622p' synthetic_gate.cpp -> 仅 FilterMismatchRejected(双方非空)；复核: grep -rq 'missing obs_filter' tests/ -> rc=1(tests 内 0 命中)",NEXT-PACK:NP-02,"缺陷侧已 fail-closed 但测试设计仍把旧行为列为断言锚, 且正向断言(空/缺键拒绝)无实体用例",文档 :344 改锚拒绝行为; 补 empty/缺键 filter 的 rc=1+载因用例,grep -rn 'missing obs_filter' tests/ >=1 且用例在册; 文档不再以静默放行为锚,ENGINEERING_SPEC §5.1 负面路径必备; docs/algorithms/PHASE2_COVERAGE.md 冻结测试设计,:301 删除线条目已在; 缺的是正向断言与新锚
M7-T-104,G≠8 路径无负面用例 + 采样器 G 不入 geometry 身份,OPEN,"timeout 30 grep -n control_grid_per_tile coverage/tests/sampler_parallel_consistency_test.cpp coverage/tests/synthetic_gate.cpp -> :51 =8 / :185 =8 / :3757 =8 / :3970 =8; grep -rn -e 'order=' -e 'cell=' -e 'grid=' coverage/src/*.cpp -> upm.cpp:1386-1388 payload += ""order=""+m->info.target_order / ""grid=""+m->grid / ""cell=""+m->cell_side；复核: grep -q 'control_grid_per_tile = 8' synthetic_gate.cpp -> rc=0(命中)",NEXT-PACK:NP-02,"全部用例只取默认 G=8; geometry 身份只含 UPM 自身 order/grid/cell, 采样器实际 G 不入 hash; 已有拒绝分支无测试钉住","补 G∈{1,3,5,16} 正/负用例(含越界拒绝), 并把采样器 G 纳入 geometry 身份或显式声明不入",ctest 内 G≠8 用例 >=1; hash 口径有断言,ENGINEERING_SPEC §5.1 边界/极端参数与独立 Oracle; PHASE2_COVERAGE/PHASE2_SAMPLER 冻结设计,"原报 upm.cpp:1353-1354 锚已漂(该处现为 legacy ablation), 现 payload 在 :1386-1388"
V12-N-10,赤道分支缺锥触极回退 + 三处文本保证强度互斥,OPEN,"timeout 30 sed -n '930,940p;985,996p' gaia_client.c -> 935 if (cos_dec < 0.01) return 1; 936 if (d_ra * cos_dec > radius_deg * 1.2) return 0; AE 分支 if (theta_q > AE_CAP_BOUNDARY_DEG + radius_deg) return 0; / if (theta_q > AE_CAP_BOUNDARY_DEG) return 1;; grep -n -e 85 -e 假阴性 -e 1.2 src/gaia_client.h -> :9 裕量 1.2 保持无假阴性。/ :11 |dec|>85° 仍保守; grep -n -e 1.2 -e 经验 -e 不漏星 docs/algorithms/GAIA_QUERY.md -> :143 经验保守（差分验证），非数学证明 / :166 多查不少查，不漏星；复核: grep -q 'radius_deg \* 1.2' gaia_client.c -> rc=0(命中)",NEXT-PACK:NP-02,头注保持无假阴性与权威文档经验保守，非数学证明互斥; 1.2 裕量所依赖的赤道树赤纬覆盖域无文档数值也无断言; 赤道分支无 AE 分支同款边界回退守卫,头注改经验措辞或补证明; 补赤道覆盖域声明与锥触极回退; 裕量值加断言,三处文本口径一致; 边界(锥跨极/|dec|>85)有用例或显式保守声明,ENGINEERING_SPEC §2 注释须与实现一致; docs/algorithms/GAIA_QUERY.md §2.2 保守谓词,"漏星是否实际发生需运行期+真实 XPSD 树, 本行只判静态三事"
M5a-F-001,"TST-ACR-* 声明无实体无注册, 权威矩阵无 SCI-ACR 行",OPEN,"timeout 30 grep -rn TST-ACR docs/ tests/ ci/ -> 仅 docs/science/ACR_EQUIVALENCE.md:115 与 docs/algorithms/ACR_EQUIVALENCE.md:70(声明), tests/ci 0 命中; grep -rc SCI-ACR docs/traceability/TRACEABILITY_MATRIX.csv -> 0 rc=1; ls tests/api/test_reject_integration_oracle.py -> 在库且 :75 @unittest.skipUnless(g++ and OMP_LIB); grep -rl register_phase2_acr_kernels lib/ -> acr_kernels.cpp/synthetic_gate.cpp 等实存",NEXT-PACK:NP-03,文档声明 TST-ACR-* 但无实体 ID/注册; 权威八层矩阵无 SCI-ACR 行; 最接近用例仍条件跳过,"把 TST-ACR-* 落到 tests 与矩阵, 或按 ACR DORMANT 撤销声明并标 MISSING","矩阵含 SCI-ACR 行且 TEST 列指向可执行用例, 或文档显式标 MISSING",ENGINEERING_SPEC §5.1 独立 Oracle + ASTROCS_DESIGN §1.3 ACR DORMANT; docs/plugins 22 §7,"ci/checks.json:914 有 ACR-DORMANT 项(仅休眠声明, 非等价测试)"
V12-N-17,"缺宿主指针: V12.md §2.17 不存在, 零点常数无落点",UNVERIFIABLE,timeout 30 grep -n 'V12-N-17' 问题扫描/findings/A_SCI_DEF/p2/V12-c.md → rc=0（:18 命中条目本体）；timeout 30 grep -n '2\.17' 问题扫描/findings/A_SCI_DEF/p2/V12.md 问题扫描/findings/A_SCI_DEF/p1/V12.md → rc=1（零命中）；timeout 60 grep -rn -e 20.48 -e 22.5 lib/algorithms/photometry --include=*.cpp --include=*.h → rc=1（零命中）,REAL-001（建议改判归属：需 V12 轴补交宿主）,-,-,-,"缺什么：条目的证据宿主 V12.md §2.17 在 问题扫描/findings/A_SCI_DEF/{p1,p2}/V12*.md 与 _recheck/_work/V12-N-17.md 中均不存在（grep 零命中）；四套零点常数（22.5/20.6/20.48/14.0）在当前树测光域也零命中，无从复算「四套+两处兜底」。",【人工复核覆盖：原分批复核判 UNVERIFIABLE】订正分批复核的定位：条目锚文件是 findings/A_SCI_DEF/p2/V12-c.md:18（不是 p1/V12.md）；缺的是它回指的宿主节。台账 REBASE.md 声称 785/785 有锚标题——本条属「有锚但宿主悬空」的例外，建议 V12 轴补交宿主后重派，或按宿主永久缺失撤销并立新 finding。
M2a-F-2,"GAIA fixture 只造单叶树, 四叉树递归分支零执行",OPEN,"timeout 30 grep -n nodeCount tests/unit/gaia_xpsd_fixture_gen.c -> :353 与 :486 两处 writer 均写 nodeCount=""1""; grep -n -e child_nw lib/infrastructure/gaia_xpsd_client/src/gaia_client.c -> :1351 叶节点四子置 0 / :1356 非叶从 p+32 读子索引 / :1644,:1784,:1921 if (node->child_nw) search_recursive...；复核: grep -n 'nodeCount' tests/unit/gaia_xpsd_fixture_gen.c -> 2 命中 rc=0(:353/:486)",NEXT-PACK:NP-04,"fixture 生成端只产单叶树, 解析与检索的深树/非叶分支无执行载体","fixture_gen 支持多级四叉树(含 child_nw≠0), 新增深树锥查询用例并断言命中非叶分支",fixture 至少一份 nodeCount>1 且含 child_nw≠0; 对应用例在 ctest 中执行,ENGINEERING_SPEC.md §5.1 边界/极端参数必备; ASTROCS_DESIGN §11.1,"GAIA_QUERY.md 已无""深树""字样; gaia_xpsd_fixture_sp_gen.c 已不存在"
M2a-F-3,竞态用例未注册 + 恒零天测列零引用,OPEN,timeout 30 grep -c gaia_race lib/infrastructure/gaia_xpsd_client/CMakeLists.txt -> 0 rc=1; 同式 tests/unit/CMakeLists.txt -> 0 rc=1; ci/checks.json -> 0 rc=1; ls lib/infrastructure/gaia_xpsd_client/test/ -> test_gaia_race.c 与 test_spec_collector_ownership.c 均在库; grep -rn test_gaia_race --include=CMakeLists.txt --include=*.json . (排除 run/build) -> 0 命中; grep -rl parallax tests/ -> 0 命中,NEXT-PACK:NP-04,用例文件在 test/ 但未进任何构建/CI 注册面; 恒零天测列(parallax/pmra/pmdec/source_id)全测试面零引用,把 test_gaia_race.c 注册进 ctest(TSAN 配置)并补恒零列断言,ctest -R gaia_race 可执行且 TSAN 干净; tests/ 内 parallax/pmra 断言 >=1,ENGINEERING_SPEC.md §5.1(1 worker vs N worker 一致)§5.3; docs/ci/01_CHECKS.md §4,gaia_race 在三处注册面 0 命中(本轮复算 rc=1)
L28b-D-001,注释裸行锚(line N)不可定位,OPEN,"cd ""/workspace/Astro CS Database""; timeout 30 grep -n -E '\(line [0-9]+\)' lib/algorithms/star_detection/src/sdet_api.cpp | head -20 -> rc=0, 8 条; timeout 30 grep -c -E '\(line [0-9]+\)' 同文件 -> 8; timeout 30 sed -n '40,52p' -> :46 INV_4_LOG2 / :48 TWO_SQRT_2_LOG2 / :50 struct StarDetectorHandle_s; git ls-files|grep -i star_finder 与 find . -name 'star_finder*' 均 0 命中(rc=1)。当前原文: ""1819: const double SQRT_EXP1 = 1.6487212707; // sqrt(e), 振幅估计 (line 47)"" / ""1820: const double SAT_THRESHOLD_FRAC = 0.7; // 动态范围比例 (line 50)""",NEXT-PACK:NP-DC-01,"常量块把已删除/仓外 star_finder.c 的行号当锚((line 47)落空行, 48 才是 TWO_SQRT_2_LOG2; (line 50)落 struct), 全树无宿主文件","删除 8 处裸行锚, 改为可解析宿主(算法文档 §/符号名), 或把常量块并入单一常量头","grep -c -E '\(line [0-9]+\)' lib/algorithms/star_detection/src/sdet_api.cpp 归零, 或每条锚 grep 可命中被标注符号",ENGINEERING_SPEC.md §8 删除/重命名后无悬空引用; §2 注释只写非显然决定,"包内报 14 处, 本次读时 8 处; 文件哈希=包内 5a41c3851093(sha256 前缀一致)"
L28b-D-002,"ALG-008/009 只在编译面成对, 登记面零行",OPEN,"timeout 30 grep -rn -e 'ALG-008' -e 'ALG-009' docs contracts -> rc=0 仅 4 行且全是 ""V6 ALG-008"" 版本标签; timeout 30 grep -rln 'ALG-008' docs/traceability/ -> 0 命中 rc=1; grep -c -e 'SCI-ACR' -e 'ALG-008' -e 'ALG-009' docs/traceability/TRACEABILITY_MATRIX.csv -> 0 rc=1; grep -rn 'ALG-008' lib/infrastructure/benchmark/backend_host/backend_table.inc -> :29 ACS_KERNEL_ENTRY(""ALG-008"", ""rejection-statistics"", ...); grep -rn 'backend_table.inc' CMakeLists.txt -> :488 与 baseline 共享同一源",NEXT-PACK:NP-DC-01,"kernel 表把 ALG-008/009 编入 astrocs_cpu, 但 docs/traceability 八层矩阵无这两行; docs 内命中全是版本标签而非算法登记","在 TRACEABILITY_MATRIX 登记 ALG-008/009(或改 kernel 表引用已登记 ID), 并把 baseline 头注逐 op 公式迁到 ALG 文档","TRACEABILITY_MATRIX.csv 含 ALG-008/ALG-009 行, 与 backend_table.inc 条目一一对应",ENGINEERING_SPEC.md §8 算法引用有效 SCI/ALG、注册表与构建 target 一致,包内 baseline_provider_v1.h:97/98 现漂到 :98/99(内容未变)
L28b-D-005,占位锚 SCI-xxx/ALG-xxx + 文件级子串门恒通过,OPEN,"timeout 30 grep -rn -e 'SCI-xxx' -e 'ALG-xxx' -e 'DATA-xxx' include/ -> 11 行(module.h:36/37/38, artifact.h:87/99, module_api_v1.h:45/46/117, artifact_store.h:45, checkpoint.h:71); sed -n '124,132p' include/astrocs/common_abi_v1.h -> char science_contract_id[32]; /* 如 ""ALG-P3-003""; NUL 结尾 */; grep -n -e 'SCI-' tools/quality/contracts/check_comments.py -> :46 if ""SCI-"" not in text and ""ALG-"" not in text and ""TRACEABILITY"" not in text; grep -n 'science_contract_id' baseline_provider.cpp -> 仅 :83-84 注释；复核: grep -rq -e 'SCI-xxx' -e 'ALG-xxx' include/ -> rc=0(命中)",NEXT-PACK:NP-DC-01,占位串自带 SCI-/ALG- 前缀使文件级子串门恒绿; 字段真值无注册面校验,门改为按具体 ID 形态与矩阵存在性校验(能红能绿); 头注占位示例改为真实登记 ID 或标注示例,注入 'SCI-xxx' 时 check_comments.py 变红; contract id 字段与 TRACEABILITY_MATRIX 比对脚本在册,ENGINEERING_SPEC.md §8 检查器须含算法引用有效 SCI/ALG; §2 注释不得当语义权威,check_comments.py 已在 ci/checks.json:1411 注册(可复跑)
L28c-D-001,avx2 头注把未登记 ALG-008/009 当权威 + 槽位语义外包,OPEN,"timeout 30 sed -n '40,50p;84,92p' lib/infrastructure/benchmark/cpu/avx2/include/astrocs/cpu/avx2_provider_v1.h -> ""* 槽位语义逐 op 同 baseline_provider_v1.h 头注释 (calibration: 4 入 1 出;"" 与 ""ACS_CPU_AVX2_KIDX_CALIBRATION = 0, /* ALG-001 calibration-pixel-transform */""; grep -n -e 'ALG-0' backend_table.inc -> :20-30 写死 ALG-001..ALG-009 与 ALG-P3-002; grep -rln 'ALG-008' docs/traceability/ -> 0 rc=1",NEXT-PACK:NP-DC-01,唯一逐 op 槽位/公式载体仍是 baseline 头注释(非权威文档); ALG-008/009 矩阵零登记却随 backend_table.inc 进编译单元,槽位/公式迁 docs/algorithms 并在矩阵登记 ALG-008/009; avx2 头注改引用文档 §而非他头文件注释,avx2/baseline 头注不再以另一头注释为权威; TRACEABILITY_MATRIX 含 ALG-008/009,ENGINEERING_SPEC.md §8 算法引用有效 SCI/ALG; §2 注释只写单位/数学原因,包内 avx2:47 现漂到 :48-49(内容仍在)
L28e-D-001,注释范围锚 X-001..0NN 非注册 ID,CRITERION-WRONG,"timeout 60 grep -rIn -E 'SCI-[A-Z0-9]+-?[0-9]+\.\.[0-9]+' lib include tools ci tests | wc -l -> 87 (rc=0); grep -n 'SCI-NOISE-001' docs/science/NOISE_MODEL.md -> ""3:> ID: SCI-NOISE-001  范围: SCI-NOISE-001..015 (legacy SNR-001..015)  状态: FROZEN""; sed -n '1,12p' tools/quality/v19r3_traceability.py -> 每个 contract ID 独立 inventory row（禁止 SCI-NOISE-001..015 范围压行）; ls docs/standards/ -> COMMENT_STANDARD.md 在册, §必须注释 1 要求""变量/单位 + SCI/ALG ID""未禁范围",NEXT-PACK:NP-DC-01,-,-,-,"为什么错: 范围串本身就是登记面声明形式(NOISE_MODEL.md:3 的""范围:""、noise_snr/module.yaml:48/62/92、矩阵 note 的""集合 SCI-REJ-001..008""), 且实注释多带宿主文档名(p1noise_tests_core.cpp:7 写 SCI-NOISE-001..015 (NOISE_MODEL.md, FROZEN T104)) ⇒ ""整串不是任何已注册 ID""前提不成立; v19r3_traceability.py 的禁令只约束 contract inventory 行, 不约束注释。正确口径: 范围锚在现行权威链(ENGINEERING_SPEC §8 + COMMENT_STANDARD §必须注释)下可解析, 不得按原处方批量重写; 若要逐 ID 锚须新立规范。依据: docs/science/NOISE_MODEL.md:3 / tools/quality/v19r3_traceability.py:4-6 / docs/standards/COMMENT_STANDARD.md:8-14","87 为本轮 lib+include+tools+ci+tests 口径, 不复用原报 492/136"
V8-N-01,注释以虚构 :: 测试符号为防清理凭据,OPEN,"timeout 30 grep -rn -F 'test_starpsf_precise_inactive_direct_call' lib/ tests/ -> 0 命中 rc=1; sed -n '1812,1824p' module_adapters.cpp -> 1820 // 直调测试: tests/unit/p1001_real_nodes_test.cpp::test_starpsf_precise_inactive_ / 1821 // direct_call（证明本路径仍可编译且能跑出结果, 防止被当作死代码清理）。; 真实符号 grep -rn test_psf_fast_cap_and_inactive_precise tests/ -> p1001_real_nodes_test.cpp:2108 定义 / :2592 注册",NEXT-PACK:NP-DC-01,注释引用的 :: 符号整体不存在(非行号漂移): 真实用例名为 test_psf_fast_cap_and_inactive_precise,"改注释指向真实符号, 或按注释补直调用例; inactive 精确路径的保留凭据需可 grep",注释内 :: 符号可解析(>=1 命中且已注册),ENGINEERING_SPEC §8 无悬空引用; §2 禁引用不存在宿主,"精确路径保留有负责人裁决 2026-09-14 依据(注释 :1813-1816), 本行只判符号虚构"
V8-N-04,"裸 REPORT.md §N 锚, 根 REPORT.md 不存在",OPEN,timeout 30 ls REPORT.md -> rc=2 无此文件; git ls-files | grep -c REPORT.md -> 13(唯一同名件在 lib/algorithms/platesolve/cpp/ipv/REPORT.md); grep -rn REPORT.md lib/ tests/ | grep -v run/ -> 5 处裸锚: module_adapters.cpp:1604 (§4 耗时 ~4s)、star_detector.cpp:19 (§3 bit-pattern 对照)、dpsf_psf.cpp:112 (§2 ulp 量化)、cli/resource_gate.h:140、astro_sphere_sink.cpp:228,NEXT-PACK:NP-DC-01,"相对锚 REPORT.md §N 指向不存在的根文件, 而承载的恰是最需凭证的宣称(逐字节不变/末位 ulp/耗时)",改为带路径的可解析锚或迁入现行报告; 裸文档名+§N 加入机器门,所有 REPORT.md 引用带可解析路径且目标存在; 注入裸锚时门变红,ENGINEERING_SPEC §8 无悬空引用; §2 禁把外部凭据当结论,本轮同口径重算 lib/ 内 5 处(包内报 3 处)
W1-N-02,注释虚构 p1_op_star_psf_json/p1_op_noise_json 直调钩子,OPEN,timeout 30 grep -rn -e p1_op_star_psf_json -e p1_op_noise_json lib/ tests/ cli/ include/ docs/ -> 仅 2 处注释自身: lib/algorithms/noise_snr/wrapper_phase1/README.md:72 与 tests/unit/p1snr/CMakeLists.txt:36; 全树无定义/声明/导出；复核: grep -rq 'p1_op_noise_json' lib/ tests/ -> rc=0(仅注释命中),NEXT-PACK:NP-DC-01,"两符号全树无定义, 注释虚构的直调形态与测试真实形态(经生产注册表 register_phase_modules 端到端跑节点)互相矛盾","改注释为真实入口形态, 或补直调钩子并在注册面导出",两符号 grep 命中均有定义/导出; 注释与 tests/unit/p1snr 实现一致,ENGINEERING_SPEC §8 无悬空引用; §2 注释不得引用不存在宿主,包内两处注释行号(:72 / :36)未漂
L28b-D-003,"三处 extern ""C"" 自报入口分母不可复算",OPEN,"timeout 30 grep -n -E '^[A-Za-z_][A-Za-z0-9_:<> ]*[ *&]+aio_hips_[a-z0-9_]*\(' reader 计数=13 vs 注释 :264 自报 12; 同式 writer 计数=12 vs 注释 :541 自报 9; grep -c '^AIO_EXPORT' aio_api.cpp=25(与注释 :20 的 25 相符), 另有 :50 extern ""C"" int aio_internal_is_fp64 非导出探针；复核: grep -c -E '^[A-Za-z_][A-Za-z0-9_:<> ]*[ *&]+aio_hips_[a-z0-9_]*\(' aio_hips_writer.cpp -> 12 rc=0",NEXT-PACK:NP-DC-02,reader/writer 异常屏障注释的自报分母与块内实际导出定义数不符(少报 1/少报 3),"分母改由脚本生成或删数字改为""全部导出入口"", 并把计数纳入 CI 断言","新增断言: 注释分母 == 块内列 0 导出定义数, 或注释不再含数字",ENGINEERING_SPEC.md §2 注释须与实现一致,"aio_api.cpp 的 25 与实际 AIO_EXPORT=25 相符(原报""少报 1""不成立)"
L28d-D-001,ipv 单位注释写反: U 角秒 vs 像素互斥,OPEN,"timeout 30 grep -n -e residual_px -e 像素 lib/algorithms/platesolve/cpp/ipv/src/ipv_ransac.cpp -> :942 // 计算一对匹配的残差 (像素) / :943 inline double residual_px( / :1012 // 注: 坐标系为角秒 (StarPoint.x/y 是角秒坐标, 原实现是像素); sed -n '1,14p' -> ""10:// U = 图像侧星点 (角秒坐标, 原点图像中心)""; grep -n -e 坐标系为角秒 -e '// 像素' ipv_select.cpp -> ""947: output.U[i].x = (det_x[idx] - cx); // 像素, 不乘 s0""; ipv_solver.cpp:12 ""U (图像侧): 像素坐标""；复核: grep -q 'U = 图像侧星点 (角秒坐标' ipv_ransac.cpp -> rc=0(命中)",NEXT-PACK:NP-DC-02,"同址单位注释三处互斥: ipv_ransac.cpp:10 把 U 写成角秒, :1012 自述坐标系为角秒, 而 select.cpp:947/solver.cpp:12 实为像素",统一 ipv_ransac.cpp :10/:942/:1012 口径为 U 像素 / W 角秒(与 select/solver 及 MAX_DIST 角秒域一致),"grep -n 'U = 图像侧星点 (角秒坐标' ipv_ransac.cpp 归零, 且 residual 注释域与 s0/MAX_DIST 口径一致",ENGINEERING_SPEC.md §2 注释只写单位/数学原因且须与实现一致; PLATESOLVE.md §11.1 TRANS U(像素)→W(角秒),"原报""有效阈=2 倍""已被台账自身复算推翻, 只计单位注释写反"
M1a-D-001,ipv 缓冲 +0.5 像素契约未在 C 头声明,OPEN,"timeout 30 grep -n -e '+0.5' -e 'center=index' lib/algorithms/platesolve/cpp/ipv/include/ipv_api.h -> 0 命中 rc=1; sed -n '236,244p' -> ""240:// [0] det_x_px - 检测器 x (像素, 图像中心原点, Y 轴向上)""; grep -n '0.5' docs/algorithms/PLATESOLVE.md -> ""150: 消费方对 IpvWcsResult/"" ""151: inlier 缓冲坐标必须按 +0.5 契约解读（CRPIX 1-based 与其自洽）""; grep -n -e '+0.5' -e '像素坐标' ipv_solver.cpp -> :12 U (图像侧): 像素坐标 / :1780 同款",NEXT-PACK:NP-DC-02,"推导权威要求消费方按 +0.5 契约解读缓冲坐标, 但 C 接口头(唯一合同面)只写原点/轴向; 原报""无 +0.5 转换""字样已从 solver 删除, 残余为声明缺失","在 ipv_api.h 缓冲字段表写明 center=index+0.5 与 CRPIX 1-based 的关系, 与 PLATESOLVE §11.2 对齐",grep -n '+0.5' ipv_api.h >=1 且与 PLATESOLVE.md §11.2 措辞一致,docs/algorithms/PLATESOLVE.md §11.1/§11.2 +0.5 契约; ENGINEERING_SPEC.md §2 注释须与实现/合同一致,"原报锚 :203-219 漂到 :236-244; solver 的 (无 +0.5 转换) 已不存在, 结论收窄"
M3-D-001,calibrator.cpp 头注登记不存在的 optimize_dark_scale + 固定16线程,OPEN,"timeout 30 grep -n -e 黄金分割 -e '固定 16 线程' -e optimize_dark_scale -e 不使用优化搜索 lib/algorithms/calibration/src/calibrator.cpp -> :5/:14/:15/:25/:99; grep -rn optimize_dark_scale lib/ include/ -> 仅 :14 注释自身 rc=0(无定义); grep -n optimize_dark_k dark_optimizer.cpp -> :97 float optimize_dark_k(...); grep -rn dark_optimizer --include=CMakeLists.txt . (排除 build/run) -> 仅遗留 ./cli/CMakeLists.txt:180 旧路径, 根 CMakeLists 无注册",NEXT-PACK:NP-DC-02,"文件头保留整改前设计说明, 把不存在的 optimize_dark_scale 登记为""实现函数 3"", 与同文件 :99 互斥; 真实现名 optimize_dark_k 且其 TU 在构建图外",改写 :5/:14/:15/:25 四处头注(删函数名与 16 线程措辞或注明历史设计未接线); 明确 dark_optimizer 归属,grep -n optimize_dark_scale calibrator.cpp 归零 且 头注与 :99 一致(无 16 线程硬编码宣称),ENGINEERING_SPEC.md §2 注释须与实现一致、禁审计流水; §10 不得硬编码 workers,文件哈希=包内 38dfc45e9e68(工作树有并发修改标记但读时哈希一致)
M3-D-002,FP64 总括与细则互斥 + 已登记偏差无落点,OPEN,"timeout 30 sed -n '108,120p' lib/algorithms/calibration/include/astro_calibration.h -> ""112: 双精度 ABI 改造 (R10): FP64 模式下全链路使用 double, 不降级到 float32"" 与 ""117-118: 内部将 double 输入转 float 调用 f32 实现 ... 因此不影响 FP64 全链路精度""; grep -rn -e ac_generate_master_flat_f64 -e ac_correct_frame_f64 -e ac_calibrate_frame_f64 calibration/src/module_entry.cpp cosmetic/src/module_entry.cpp -> :970/:1004/:1026 与 cosmetic :802; grep -c API-CAL docs/contracts/API_CONTRACTS.csv -> 0 rc=1",NEXT-PACK:NP-DC-02,"同一段头注""不降级""总括与""转 float 调用""细则并存; 被声明不受影响的函数恰在生产适配层被实调; 所谓已登记偏差在 docs/contracts 无落点",按实际精度分档改写头注(哪些入口全 double/哪些转 float)并把偏差登记落到 contracts,头注不再自相矛盾; API-CAL-* 在 API_CONTRACTS.csv 有行,ENGINEERING_SPEC.md §3 精度不可修改且不得以措辞掩盖; §2 注释不得与实现/合同矛盾,"docs/architecture/PUBLIC_API.md 已不存在, 原引用面失效"
M3-D-003,"公共头承诺 star_ids 输出通道, 实现显式丢弃",OPEN,"timeout 30 grep -n -e star_ids -e quality_flags -e PsfFitQualityRow lib/algorithms/noise_snr/cpp/include/snr_estimator.h -> ""87:// star_ids / quality_flags 可空 (空则填 0)。""; sed -n '70,95p' -> PsfFitQualityRow 九成员无 star_id; grep -n -e '(void)star_ids' -e quality_flags noise_model.cpp -> :348 quality_flags 有用 / :363 (void)star_ids;；复核: grep -q '(void)star_ids' noise_model.cpp -> rc=0(命中)",NEXT-PACK:NP-DC-02,"公共头文档承诺的参数在实现中被唯一一次使用即丢弃, 结构体无处承载 star_id ⇒ 承诺的输出通道不存在",删除 star_ids 参数或补 star_id 输出字段并接线; 头注同步; 公共头补线程安全/生命周期说明,头注每条语义在实现可复现; 若保留参数则有消费者与断言,ENGINEERING_SPEC.md §2 注释只写前后置/所有权/线程安全/生命周期且须与实现一致,"NaN status→fit_status=1 与头注 1=rejected(status!=0) 字面一致, 本轮不计为缺口"
M4-D-01,upm.h 保留已撤销 SNR-aware 语义 + workers auto 注释与实现相悖,OPEN,timeout 30 grep -n -e SNR-aware -e 'worker 数显式版本' -e omp_get_max_threads coverage/include/astro/phase2/upm.h -> :10 // SNR-aware 权重、图平滑、弱零锚、连通分量）；/ :192 worker 数显式版本（CON-010 并行物化；workers<=0 => auto=omp_get_max_threads）; grep -n 'const int workers' coverage/src/sampler.cpp -> :901 (cfg.cpu_workers > 0) ? cfg.cpu_workers : 1; grep -n 'const int nw' coverage/src/upm.cpp -> :1514 同款；复核: grep -q 'SNR-aware' upm.h -> rc=0(命中),NEXT-PACK:NP-DC-02,公共头注释未随 PHASE2_UPM/REJECTION 定义回写; workers<=0=auto 注释与两处 0→1 实现相反,"删 SNR-aware 措辞; 统一 0 的语义(改实现走 budget 或改注释), 并补 0 值用例",upm.h 无 SNR-aware; 0 值语义头/实现一致且有用例钉住,docs/science/PHASE2_UPM.md §5 连续定义(禁 support×snr² 类生产权重); ENGINEERING_SPEC §2/§10,包内 upm.h:10/:176 现为 :10/:192
M4-D-02,rejection.h 默认值自相矛盾 + profile 注释漏 canonical 名,OPEN,"timeout 30 sed -n '104,110p;176,180p;335,340p' coverage/include/astro/phase2/rejection.h -> 107 double lower; // 低侧因子（默认 4.0）/ 108 upper // 默认 3.0 / 178 const char* profile; // ""wbpp_current""（nullptr=默认）/ 337 linear_fit 5.0/3.5/8; grep -n -e 'linear_fit.lower = 5.0' -e wbpp_2_9_1 coverage/src/rejection.cpp -> :1058 p.linear_fit.lower = 5.0; p.linear_fit.upper = 3.5; / :1040 profile 缺省 ""wbpp_2_9_1""；复核: grep -q '默认 4.0' rejection.h -> rc=0(命中)",NEXT-PACK:NP-DC-02,同一头 :107-108 与 :337 自相矛盾; profile 注释漏列 nullptr 实际解析到的 canonical 名 wbpp_2_9_1,头注改为 5.0/3.5 并补 canonical profile 名; 由阈值冻结断言反向校验注释,头注默认值与 rejection.cpp:1058 及冻结断言一致,docs/science/REJECTION.md §5 阈值冻结锚点; ENGINEERING_SPEC §2/§3,"low_fraction 0.1 与实现 0.2 的半句已登记 DISP-P2REJ-001, 本行不重复计"
M5a-D-001,跨模块公共头 0=auto 与实现 0→1 相反,OPEN,"timeout 30 sed -n '52,56p' coverage/include/astro/phase2/sampler.h -> // CON-004 并行采样 worker 数（0=auto：omp_get_max_threads/hardware_concurrency；1=串行默认）; sed -n '13,17p;24,40p' coverage/include/astro/phase2/execution_options.h -> 15 int cpu_workers = 0; // 0 => max(1, hardware_concurrency) / 28 return e.cpu_workers > 0 ? e.cpu_workers : default_cpu_workers(); grep -n 'const int workers' sampler.cpp -> :901 0→1; upm.cpp :1514 0→1；复核: grep -q '0=auto' sampler.h -> rc=0(命中)",NEXT-PACK:NP-DC-02,"三个公共头把 0 定义为 auto=硬件并发, 两个消费点把 0 释为 1(串行), 语义互斥",统一 0 的单一权威语义: 消费点改用 effective_cpu_workers 或头注改为 0→1,"头注与 sampler/upm 行为一致, 且 0 值有用例钉住","ASTROCS_DESIGN.md §8 一个线程预算源, 模块不得硬编码 workers; ENGINEERING_SPEC §10/§2",sampler.cpp:880-882 自述 OpenMP 条件已移除
M6a-D-002,CAL 头注单线程降级与实现硬 BUDGET 相反,OPEN,"timeout 30 grep -n -e 单线程降级 -e 不私建线程池 calibration/src/module_entry.cpp -> 15 acquire 失败 → 单线程降级 (drizzle 先例, 非致命); 不私建线程池; grep -n -e 重计算禁止单线程 -e ACS_ERR_BUDGET 同文件 -> :930 / :938 / :951 均硬 BUDGET 返回; grep -n 单线程降级 cosmetic/module_entry.cpp -> :19 禁单线程降级 (cpu_heavy; CAL 先例同款; drizzle/module_entry.cpp -> :923 acquire 失败 → 单线程降级执行；复核: grep -q '单线程降级' calibration/src/module_entry.cpp -> rc=0(命中)",NEXT-PACK:NP-DC-02,"CAL 文件头(与其实现相距约 900 行)语义相反; COS 已按 CAL 实现回写, DRZ 仍真降级且无偏差登记",改 CAL 头注为硬 BUDGET; DRZ 降级路径登记偏差或改硬失败,"四适配器头/实现口径一致, DRZ 差异有登记 ID",ENGINEERING_SPEC §10 单一预算源/不得私建降级路径; §2 注释须与实现一致,CAL 头 :15 与实现 :930 相距约 915 行
M6a-D-003,文件头设计说明保留整改前 NB_GRID=7,FIXED,"timeout 30 grep -c 'NB_GRID=7' lib/algorithms/platesolve/cpp/ipv/src/ipv_wcs.cpp -> 0 rc=1; sed -n '15,18p;237,241p' -> 17 // - SIP AP/BP: 采样网格 ≥7×7 反变换法 (实现 AP/BP 41×41 阶 5, / 18 APx/BPx 81×81 阶 7; 偏差登记 DISP-WCS-008) / 239 // 6. SIP AP/BP: 采样网格 ≥7×7 反变换法 (实现 NB_GRID=41 阶 5,; grep -n -e NB_GRID -e APX_ORDER 同文件 -> :417 NB_GRID=41 / :418 AP_FIT_ORDER=5 / :541 NB_GRID_X=81 / :542 APX_ORDER=7",NEXT-PACK:NP-DC-02,-,-,-,"修复证据: 两处设计说明已改写为 ≥7×7(规范下限)+同句给出实现值 41×41/81×81, 与 :417/:418/:541/:542 及 PLATESOLVE.md:7 一致; 'NB_GRID=7' 零命中",同文件头注已与实现闭合; 原报保留 7×7 不再成立
M6a-D-004,R10 历史任务号 + 不影响 FP64 全链路精度前提被推翻,OPEN,"timeout 30 sed -n '108,120p' lib/algorithms/calibration/include/astro_calibration.h -> 112 双精度 ABI 改造 (R10): FP64 模式下全链路使用 double, 不降级到 float32; grep -rn -e ac_generate_master_flat_f64 -e ac_correct_frame_f64 -e ac_calibrate_frame_f64 calibration/src/module_entry.cpp cosmetic/src/module_entry.cpp -> :970/:1004/:1026 与 cosmetic :802 生产适配层实调；复核: grep -q 'R10' astro_calibration.h -> rc=0(命中)",NEXT-PACK:NP-DC-02,"头注以 R10 任务号承载结论, 且""不影响 FP64 全链路精度""所依赖的""仅 orchestrator 旧通道不调用""前提被两条已接线 FP64 生产路径推翻",删除 R10 任务号; 按实际调用面重述精度结论并登记偏差,头注无历史任务号; 精度结论与生产调用面一致(可用 grep 复算调用点),ENGINEERING_SPEC §3 精度不得以措辞掩盖; §2 禁历史任务号堆积,"与 M3-D-002 同址, 两行分别记总括互斥与 R10+结论前提"
M6a-D-005,"用户头把 fill 写成纯函数, 真实语义依赖进程级指针键侧表",OPEN,"timeout 30 grep -n -e variance_floor -e clamp lib/algorithms/noise_snr/cpp/include/snr_estimator.h -> 121 double variance_floor; // ivar 分母下限 (默认 1e-12) / 170 （负预测 clamp 到 variance_floor）；否则全局常量。 冻结。; grep -n -e g_model_floor -e 1e-12 lib/algorithms/noise_snr/cpp/src/noise_model.cpp -> 32 static std::unordered_map<const NoiseWeightModelV1*, double> g_model_floor; / :151 写入 / :443-445 double floor = 1e-12 回退 / :474 erase；复核: grep -q 'g_model_floor' noise_model.cpp -> rc=0(命中)",NEXT-PACK:NP-DC-02,"公共头未写注册表/生命周期/禁拷贝约束; 未登记键静默退 1e-12, 语义依赖 build 期建立的进程级指针键侧表",头注补注册表语义与所有权/生命周期; 未登记路径改 fail-closed 或可见告警,头注含注册表/所有权说明; 未登记路径有用例与告警,ENGINEERING_SPEC §2 注释只写所有权/线程安全/生命周期/边界; §3 variance/ivar 不得含糊,内部头 types.h 的 DISP-NOISE-002 如实登记未见更新
M6a-D-006,module_adapters 头注与实现不符(wcs 已接线/writer 非 aio_write_fits),OPEN,"timeout 30 sed -n '5,20p' lib/infrastructure/scheduler/src/module_adapters.cpp -> :12 真实求解器接线归各 IMPL 任务 / :16 writer → aio_write_fits (lib/infrastructure/aio); grep -n ipv_solve_create module_adapters.cpp -> :2347 ipv = ipv_solve_create(); / :2350 / :2362 实调; sed -n '3255,3262p' -> p1_op_writer 校验 upstream HiPS 产物(signal/properties); grep -n aio_write_fits module_adapters.cpp -> 实调在 :1219 p1_write_fits_atomic; CMakeLists.txt:441-442 注册 hp_drizzle_api.cpp；复核: grep -q '真实求解器接线归各 IMPL 任务' module_adapters.cpp -> rc=0(命中)",NEXT-PACK:NP-DC-02,"头注停留在整改前委托关系: wcs 求解器已接线却写归 IMPL 任务, writer 头注写 aio_write_fits 而其 op 实为校验 hp_drizzle_run_phase1_hips 产物",回写头注三条映射(wcs/drizzle/writer)到当前实现,头注每条映射可用 grep 在实现处复现,ENGINEERING_SPEC §2 注释须与实现一致; §4/§8 注册与委托关系一致,"原报 drizzle 宿主库名错在现树不成立: 符号在 lib/algorithms/drizzle/healpix_drizzle, 头注所指库名正确"
V8-N-02,零本地副本宣称与本地 median_of/2.5*/local_snr 并存,OPEN,"timeout 30 sed -n '1,10p' lib/algorithms/noise_snr/wrapper_phase1/snr_frame_science.cpp -> 3 科学公式零本地副本: 本 TU 的全部数值都来自 P5-SNR 唯一权威实现; grep -n -e snr_moffat4_profile_f64 -e median_of -e '2.5 \* out.sigma_location_se_dex' -e local_snr 同文件 -> :6 仅注释引用 moffat4(零调用) / :30 double median_of( / :86 2.5 * out.sigma_location_se_dex / :155 out.local_snr[i] = ...；复核: grep -q '科学公式零本地副本' snr_frame_science.cpp -> rc=0(命中)",NEXT-PACK:NP-DC-02,"宣称零本地副本/全部数值来自 C ABI 与同 TU 内三处本地数值实现(median_of、2.5*dex→mag、local_snr)互斥, 且列出的权威函数之一零调用",删宣称或把本地副本改为调用 C ABI; README 零公式副本同步,"宣称与实际调用集合一致(可用 grep 复算: 列出的每个权威函数 >=1 调用, 本地副本归零)",ENGINEERING_SPEC §3 同一公式不得多份实现/迁移须 bitwise; §2 注释不得与实现矛盾,包内 :3/:6/:30/:86/:155 行号未漂
M6a-D-010,返回码表缺 -5 + 合同头缺单位/生命周期,OPEN,"timeout 30 sed -n '26,34p' lib/algorithms/calibration/src/photometry_apply.h -> 码表止于 -4: photscal 非有限值 (NaN/Inf); sed -n '44,54p' photometry_apply.cpp -> if (photscal <= 0.0) { ... return -5; }; grep -n -e SDetParams -e sdet_create lib/algorithms/star_detection/include/star_detector.h -> :27 } SDetParams; / :31 SDET_EXPORT StarDetectorHandle sdet_create(const SDetParams *params);；复核: grep -q 'return -5;' photometry_apply.cpp -> rc=0(命中)",NEXT-PACK:NP-DC-03,头注返回码表与实现不一致(缺 -5); 版本化 C ABI 合同头缺单位/默认值/所有权/线程安全说明,补 -5 及语义; 补 SDetParams 单位/值域与 sdet_create 生命周期/所有权/线程安全,头注码表=实现全部分支; star_detector.h 含单位与所有权声明,ENGINEERING_SPEC §2 注释只写单位/所有权/线程安全/生命周期; §4 公开头为版本化合同,"原报 15%/10%/55% 为 20 样本判读, 本轮不作规模结论"
M2a-D-3,任务号/审计流水入注释(含文档行号锚),OPEN,"timeout 30 grep -rn 'P1-DRZ-NONFINITE' lib/algorithms/drizzle/healpix_drizzle/drizzle_engine.cpp -> ""1890: // (P1-DRZ-NONFINITE) 冻结合同 docs/science/DRIZZLE.md §8 :96:""; grep -rn -e 'B2-A8' lib/infrastructure/aio/src/hips/aio_hips_writer.cpp -> :1082 / :1139 // B2-A8: ...; grep -n -e 'B2-A1' -e 'B2-A8' docs/algorithms/DRIZZLE_GEOMETRY.md -> :165 B2-A12 / :173 / :175 B2-A14 / :184 B2-A17；复核: grep -q 'P1-DRZ-NONFINITE' drizzle_engine.cpp -> rc=0(命中)",NEXT-PACK:NP-DC1,整改批次号/审计流水是注释主干且带已漂移的文档行号锚(§8 :96),"按 §2 一次瘦身: 删批次号, 结论改指 SCI/ALG 文档 §锚; B*/P1-*/R10 模式加入机器门",grep -rn -E 'P1-DRZ-|B2-A[0-9]+|ORACLE_HARDENING' lib/algorithms/drizzle lib/infrastructure/aio/src/hips 归零(或仅存历史档案),ENGINEERING_SPEC.md §2 禁止堆积历史版本号/任务编号/审计流水,drizzle_engine.cpp:1890 行号未漂; writer 侧另有 :1139 同簇
M2a-D-4,gaia 头/CMake 注释与实现不符(85°/Haversine/sincos/死数组),OPEN,"timeout 30 grep -n -e 85 -e acos -e sincos lib/infrastructure/gaia_xpsd_client/src/gaia_client.c -> :501 仅哈希常量, acos 在 :1640/:1769/:1908/:2524, sincos 0; grep -c sincos gaia_client.c -> 0 rc=1; src/gaia_client.h:11 ""|dec|>85° 仍保守"" / :17 ""锥形查询为球面角距判定（Haversine 余弦定理）""; CMakeLists.txt:100 gaia_client.c 使用 GNU libm 扩展 sincos; module_entry.c:838-845 tail_keys[6] 赋值后 (void)tail_keys",NEXT-PACK:NP-DC1,头注与 CMake 依赖句描述的实现形态已被 acos 点积式改写却未回写; tail_keys 为死代码残留,回写头注(:11/:17)与 CMakeLists:100 依赖句; 删 tail_keys 并复验构建,grep -c sincos src+CMakeLists 归零且构建通过; |dec|>85 句删除或实现补分支; tail_keys 0 命中,ENGINEERING_SPEC.md §2 注释须与实现一致; §8 无失真引用,tests/unit/gaia_cat_test.c 的 KI-1 打印属另一行(不重复计)
M6a-D-009,任务号/commit 短哈希堆积且无机器门,OPEN,"for d in lib/algorithms/coverage lib/algorithms/star_detection lib/infrastructure lib/algorithms; do grep -rn -E 'CON-0[0-9]|B2-A[0-9]+|P3-0[0-9][0-9]|RT-0[0-9][0-9]|V1[0-9]|B[0-9]+-P[0-9]|B13-R[0-9]+|AIO-0[0-9][0-9]|R10-C|R18' --include=*.cpp --include=*.h --include=*.c $d | wc -l; done -> coverage=90, star_detection=0, infrastructure=403, algorithms=185(含嵌套); grep -n '修复: 原 10 太小' ipv_sip.cpp -> :386; grep -rn -e adf820ac -e 2c065ace -e babe752d cosmetic/ -> module_entry.cpp:3-5; grep -c check_comment_hygiene ci/checks.json -> 0 rc=1(未注册), check_comments.py -> 1 rc=0",NEXT-PACK:NP-DC1,"整改批次号/commit 短哈希仍是注释主干; 仓库有 check_comment_hygiene.py 但未注册进 ci/checks.json, 无在册机器门",一次性瘦身 + 把注释卫生规则注册进 ci/checks.json(能红能绿),ci/checks.json 含注释卫生项且注入样例可令其变红,ENGINEERING_SPEC §2 禁止堆积历史版本号/任务编号/审计流水/代码复述,"本轮数字口径与原报不同(旧路径已迁移), 不复用原报 67/39/43/63/27"
M6a-D-015,浏览器头注与权威映射/自身实现转置+翻转不一致,OPEN,timeout 30 grep -n -e 512 -e fits_index lib/infrastructure/hips_browser/healpix_browser_qt/core/hips_browser_backend.h backend.cpp lib/algorithms/shared/healpix/healpix_core.h -> backend.h:9 // ... FITS 行主序 [y*512+x]。; backend.cpp:9 // fits_index = (511-x)*512 + y ...; healpix_core.h:46 行主序 fits_index = (tile_width-1-x)*tile_width + y; grep -rn hips_browser CMakeLists.txt -> 0 命中 rc=1(不在根构建图),NEXT-PACK:NP-DC1,"头注残留私有线性约定[y*512+x], 与自身实现(511-x)*512+y 及唯一权威映射均为转置+翻转关系; 模块不在根构建图故无产品后果但文本仍错",头注改为与 healpix_core.h 权威映射一致; 或在模块 PENDING/文档标注不维护,backend.h:9 与 healpix_core.h:44-49 口径一致(或模块显式标注不维护),ENGINEERING_SPEC §2 注释须与实现/合同一致; lib/algorithms/shared/healpix/healpix_core.h 唯一权威映射,"ASTROCS_DESIGN.md:380 hips_browser/ 未来 GUI 可视化组件（不进产品 manifest）; 无单独退役记录, 不判 NOT-APPLICABLE"
M9-G-1,校验失败路径无 munmap/CloseHandle 致映射句柄泄漏,OPEN,"timeout 30 sed -n '1190,1225p' gaia_client.c -> 1194 memset(xf, 0, sizeof(*xf)); 与 1219 if (xf->mmap_size < 16 || memcmp(xf->mmap_data, XPSD_MAGIC, 8) != 0) return -1;(此前 mmap/CreateFileMapping 已成功); sed -n '1975,1995p' 与 '1995,2025p' -> 两平台调用方均 if (load_xpsd_file(...) == 0) {...} 才 close_xpsd_file; sed -n '1382,1405p' -> 只有 close_xpsd_file 内做 munmap/UnmapViewOfFile；复核: grep -q 'XPSD_MAGIC, 8) != 0) return -1;' gaia_client.c -> rc=0(命中)",NEXT-PACK:NP-GAIA-01,"失败 return 前无清理路径, memset 使已建立的映射/句柄失联; 调用方仅在 rc==0 时 close ⇒ 泄漏不可回收","load_xpsd_file 统一 fail 标签(先 close_xpsd_file 再 return), 调用方失败分支也 close; 失败路径加用例","注入坏魔数/短头后重复加载 fd 计数不增长(或 LSAN 干净), 用例在册",ENGINEERING_SPEC §9 失败不得留下半成品/资源泄漏; 22_gaia_xpsd_client §7 缓存损坏→拒绝,"包内""函数首行 memset""现为 :1194, 校验失败点 :1219"
M9-G-2,"部分树加载失败仍 return 0, 丢树天区静默为空",OPEN,"timeout 30 grep -n -e 'ti->nodes=malloc' -e 'if (!ti->nodes) break' -e 'tree_count++' gaia_client.c -> 1335 if (!ti->nodes) break; / 1366 xf->tree_count++; sed -n '1374,1385p' -> 函数出口 return 0; awk 抽取 :1240-1382 出口 -> 仅 return -1/return 0, 无失败标记；复核: grep -q 'if (!ti->nodes) break;' gaia_client.c -> rc=0(命中)",NEXT-PACK:NP-GAIA-01,"分配失败 break 跳出的是解析所有 Tree 的循环, 出口仍返回成功; 被丢树天区在锥查询中静默为空, 与""该天区无亮星""不可区分","记录失败树并置错误/告警位, 或按 fail-closed 返回错误; 补部分树失败用例","注入受限配额后查询返回错误或可见告警计数>0, 用例在册",ENGINEERING_SPEC §9 禁宽泛处置后继续/禁吞错; ASTROCS_DESIGN §12 不得用空输出冒充完成,原报 :1333-1334 现漂到 :1334-1335
M9-G-3,json_get_f64_array 计数循环零推进→挂死/溢出 UB,OPEN,"timeout 30 sed -n '179,+30p' module_entry.c -> while (*q && *q != ']') { if (*q == '-' || (*q >= '0' && *q <= '9')) { count++; strtod(q, (char**)&q); } else q++; }; 提取同构循环到 logs/g3_probe.c, gcc -O0 编译 rc=0, timeout 5 ./g3_probe('[-]') -> rc=124(挂死)",NEXT-PACK:NP-GAIA-01,"strtod 未消费字符时 endptr 不前进而 count 仍自增, 计数循环无零推进保护 ⇒ 活性挂死 + int 溢出 UB","检查 endptr 是否前进, 不前进即报错返回; count 改 int64 并加显式上限","输入 '[-]' 的用例返回错误码且不挂死(复跑超时 124→正常退出), 用例在册",ASTROCS_DESIGN §6.3 配置错误 fail-fast; ENGINEERING_SPEC §10 禁无界/无背压,"探针 = 同构循环提取(非整函数), 落 run/PROJECT-GOVERNANCE-01/SCAN-CLEAR/logs/g3_probe.c"
FD-F-002,旧宪章§13.1/§12.3-4：核心合同须有能失败的测试；字面量+find 同串守卫自证,OPEN,"timeout 30 grep -n ""normalized_cpu_100pct_all_allocated_cores"" lib/infrastructure/cli/resource_recorder.h tests/unit/mon001_recorder_test.cpp [rc=0]；观察: resource_recorder.h:290 ""\""normalized_cpu_100pct_all_allocated_cores\"":false,"" ／ mon001_recorder_test.cpp:100 CHECK(js.find(同字面量)!=std::string::npos)",OBS-001,生产侧 fprintf 硬写常量 false、守卫侧 find 同一字面量，生产者与守卫同处，取值不可证伪,该键改由归一化结果（已分配容量分母判定）真实写入；测试改为语义断言（分母=0→false、分母>0→true）或删除该键,翻转归一化结果（负向注入）时 mon001_recorder_test 必红,-,行号随 CLI-001 漂移（台账:287→现:290）
M5a-C-003,资源门输入 iowait/mem_bandwidth/one_worker_ns/progress_stalled 生产零赋值；PSS 只声明不采样,OPEN,timeout 30 grep -rn -e iowait_percent -e mem_bandwidth -e one_worker_ns -e progress_stalled lib/ tests/ [rc=0]→仅 resource_gate.h:171/:178/:179/:202 声明与 tests/unit/*，commands.cpp 零赋值；grep -n pss_bytes lib/infrastructure/cli/monitor.h [rc=0]→:72 仅声明（无 smaps_rollup 读取）；grep -rn resource_timeseries.csv lib/infrastructure/cli/ [rc=0]→命名已统一下划线（D-15 已修）,OBS-001,门配置字段无生产填充点（无采集源），PSS 无 /proc/self/smaps_rollup 读取,或补采集（smaps_rollup Pss、/proc/pressure/io、cpu_profile 单 worker 基线、进度注入），或按 G-RES-01 §8 显式退役未采集字段并登记,每个门输入字段有生产赋值点或以「未采集=不判」显式登记（能红能绿）,-,工件命名半已由 GATE-FIX-RES(D-15) 修复
M5a-G-001,旧宪章§10.5/§18.2 的 80%/75%/50% 阈值表述与权威不一致,OPEN,"ls -la contracts/resource_gate_v1.json && sed -n '1,60p' contracts/resource_gate_v1.json [rc=0]→唯一数值源已落（GATE-FIX-RES/R-4 D-11），CMake configure_file 生成 resource_gate_thresholds_generated.h；grep -n -e ""0\.75"" -e ""0\.50"" lib/infrastructure/cli/resource_gate.h [rc=0]→:121 旧 D.6 的 75%/50% 已在契约中废止, 不得回归 ／:207 U>=0.75 样本占比 ／:208 U<0.50 ／:524 U>=0.75",OBS-001,数值源已收敛到契约（85/60），但字段注释与诊断文案三处仍写已废止的 0.75/0.50,改 :207/:208/:524 注释与文案为契约值（0.85/0.60）或改为不带数值的语义描述,实现/诊断文本中已废止阈值字面量零命中（与契约 85/60 一致）,-,数值源部分已修；残留为文案未同步
M5a-G-002,单核分母直接进 90%/85% 判据，缺已分配容量归一,FIXED,grep -rn cpu_percent_of_allocated_capacity lib/infrastructure/cli/*.h lib/infrastructure/cli/*.cpp [rc=0]→resource_gate.h:288 定义、:409 使用；commands.cpp:809/:811 生产调用点,OBS-001,-,-,-,修复证据：归一函数+生产调用点在位（resource_gate.h:184 注释亦记 M5a-G-002）,分母取义由 R-4 D-12 收敛（granted_workers>0 优先）
M5a-G-003,唯一逐字实现冻结阈值的 Python 门零应用点，重计算面未注册,FIXED,python3 -c 读 ci/checks.json [rc=0]→n=42；gate-required hits 1；requires_monitor 含 RESOURCE-GATE-REAL（waivable=False，命令含 --gate-required --gate-compute-interval 20）；ci/run.py:110-119 monitor_gate_requested 强制 frozen_gate 证据,OBS-001,-,-,-,修复证据：REAL-001 重计算面已注册资源门检查且不可豁免,台账「145 项零应用点」为历史时点（现 42 项含 1 应用点）
M5a-G-004,worker 均衡/队列/进度判据在采样面失去判别力（active=runnable 同值；queue/progress 零调用）,OPEN,"grep -rn -e ""set_workers("" -e ""set_queue("" -e ""set_progress("" lib/infrastructure/cli/*.h lib/infrastructure/cli/*.cpp [rc=0]→commands.cpp:654 recorder.set_workers(planned_start, planned_start) ／:673 recorder.set_workers(eff, eff)；resource_recorder.h:99/:103 定义 set_queue/set_progress，其余零调用点",OBS-001,两形参同值且 queue/progress 无生产填充点,分别传 active/runnable 实测值；queue depth 与 progress 从采样/节点注入接线或以「未采集」显式登记,worker_balance/queue/progress 判据在负向注入（单活跃线程/队列饿死）下能红,-,-
M5b-C-06,provider 写死常量 baseline；run manifest 同列表连取两次秒级时间致 duration 恒 0/1s,OPEN,"grep -c '{""provider"", ""baseline""}' lib/infrastructure/scheduler/src/module_adapters.cpp [rc=0]→4；sed -n '300,320p' lib/infrastructure/cli/commands.cpp [rc=0]→:307 {""started_utc"", astrocs::iso8601_utc_now()} ／:308 {""finished_utc"", astrocs::iso8601_utc_now()}（同一初始化列表、秒级）",OBS-001,provider 未取实际后端；时间戳两次即时取值无真实起止,provider 由实际执行后端填充（catalog/kernel provider id）；started/finished 用真实起止时刻（或删除 duration 语义）,改 provider/暂停 run 的负向注入下 manifest 字段随实际变化,-,-
M5b-E-06,错误阶段词表零产出者、缺 P3、stage 发射自由字符串；:6 括注不存在的 DIAGNOSTICS_STANDARD,OPEN,"grep -c ""P1\.READ"" lib/infrastructure/cli/commands.cpp [rc=0]→0；grep -c ""P3\."" docs/architecture/ERROR_MODEL.md [rc=0]→0；grep -n ""ev.stage("" lib/infrastructure/cli/commands.cpp [rc=0]→:1036 ev.stage(""phase2_session"", true) 等 9 处自由字符串；sed -n '6p' docs/architecture/ERROR_MODEL.md [rc=0]→TIMEOUT / IO / SCIENCE_GATE / INTERNAL（DIAGNOSTICS_STANDARD）",OBS-001,词表与实现无映射关系，无生产者/校验者；文档括注指向不存在的文档名,统一 stage 词表（含 P3）并与事件 schema 绑定校验；修正文档括注为 LOGGING_DIAGNOSTICS_STANDARD,JSONL stage 取值经 schema enum 校验；词表每个 ID 有产出者,-,-
M6a-G-002,三套私有 env 控级+CWD 相对源码树落点；科学路径无条件 fprintf(stderr),OPEN,"grep -n -e DYNAMIC_PSF_LOG_LEVEL -e create_directories lib/algorithms/psf/src/dpsf_log.cpp [rc=0]→:20 getenv(""DYNAMIC_PSF_LOG_LEVEL"")／:39 create_directories(""lib/algorithms/psf/logs"")（CWD 相对）；grep -c stderr lib/algorithms/coverage/src/sampler.cpp [rc=0]→24",OBS-001,模块私有日志通道未收敛到 host logger/JSONL；日志落点相对 CWD,私有 env 与落点收归 host 日志接口（JSONL 事件/文件日志），科学路径 stderr 改结构化诊断,无模块私有 env 控级；日志落点只落 output_dir/run,-,-
V12-N-08,C++ 门与 Python 冻结门判据集合不同（90.0/0.70 vs 0.85）、10 秒边界开闭相反,FIXED,"sed -n '488,545p' tools/monitoring/run_monitored.py [rc=0]→:492-495 阈值唯一数值源=contracts/resource_gate_v1.json（不可读即 RuntimeError）；:523-534 全部阈值由契约派生（P50=90、per-sample=85、pass_fraction=0.70、queue=60）；python3 -c 读契约 [rc=0]→per_sample 85/pass_frac 0.7/queue_low 60/mean 85/p50 90",OBS-001,-,-,-,修复证据：三套判定链收敛为「一个数值源」（R-4 D-13），C++ 侧经 configure_file 同源,台账清单（DEEP-*/145 项）为历史时点
V12-N-09,同一「无界增长」语义在 32.0 边界点两侧相反（RSS 用 >、alloc 用 >=）,FIXED,"sed -n '315,319p' lib/infrastructure/cli/resource_gate.h [rc=0]→:317 g.rss_slope_mb_per_s >= g.memory_growth_limit_mb_per_s；sed -n '460,463p' 同文件 [rc=0]→:462 g.alloc_growth_mb_per_s >= kAllocGrowthUnboundedMbPerS；sed -n '45,55p' lib/infrastructure/cli/memory_report.h [rc=0]→:49 单位 MiB/s（1048576 B/s）, 判据方向 >=；python3 -c 读 memory 契约 [rc=0]→growth_limit_mib_per_s=32, growth_predicate="">=""",OBS-001,-,-,-,修复证据：两侧统一 >=，单位 MiB/s 与方向写入契约与注释,调用方覆盖 limit 现只作用于 RSS 一条（门线 16 vs 32 的设计面）仍待 R-4 §5.1 落地
V15-N-09,资源门测试钉 printf 呈现格式与子串，对阈值零判别,OPEN,"grep -n -e 'find(""0.300000"")' -e 'find(""0.700000"")' -e 'find(""10.000000"")' tests/unit/mon001_gate_test.cpp [rc=0]→:188/:189/:191；grep -n -e 'find(""60"")' -e 'find(""90"")' -e 'find(""32.0"")' tests/unit/mon002_gate_test.cpp [rc=0]→:212/:218",OBS-001,"断言字符串呈现而非门语义，子串匹配无判别力（""1600""/""0.96"" 亦命中）",改断言 GateDiag 枚举/阈值常量/边界行为（如 84.9→FAIL、85.0→非 FAIL）,阈值漂移或边界反转时测试能红,-,-
V15-N-13,joint gate 测试 verdict 非等值于 ok、产物只断 isfile 无行数/覆盖窗口,OPEN,"grep -n -e 'assertIn(g\[""verdict""\]' -e resource_timeseries.csv tests/backend/test_p2007_joint_gate.py [rc=0]→:249-250 assertIn(g[""verdict""], (""ok"",""low_avg_cores"",""single_threaded"",""cpu_p50_low"",…))；:308/:323 for name in (""resource_timeseries.csv"", …)（仅 isfile）",OBS-001,断言弱半边：允许 5 种 verdict、产物仅存在性,verdict 等值断言+产物行数/覆盖窗口断言（如 ≥N 样本、时间跨度≥窗）,空/单样本产物注入下测试能红,-,行号已随 CLI-001 漂移（原 :234-250/:281-284 → 现 :249-253/:323-324）
V20-N-04,--resource-detail timeseries 档 curve_points 恒空数组，build_curve 零生产调用,FIXED,timeout 20 ./build/astrocs normalize --json /nonexistent.json --resource-detail timeseries [rc=2]→astrocs: unknown flag '--resource-detail'；grep -rn curve_points lib/infrastructure/cli/ [rc=0]→commands.cpp:509 分层档 detail 参数与 curve_points 恒空数组已删除／:527 曲线载体显式声明；resource_events.h:3-5 同款说明,OBS-001,-,-,-,修复证据：伪议题对象（不可达旗标+恒空数组键）已按 R-4 D-14 删除，唯一曲线载体=磁盘工件 resource_timeseries.csv,build_curve 名仅命中 lib/infrastructure/acr/tests 无关同名函数
V21-N-03,read_proc_self 的 ok 被 (void)ok 丢弃并无条件 return true，「监控没跑」记成全 0 成功,OPEN,"grep -n -e ""bool ok"" -e ""(void)ok"" -e ""return true"" lib/infrastructure/cli/monitor.h [rc=0]→:162 bool ok = false; ／:222 (void)ok; ／:223 return true;",OBS-001,采集失败信号在返回前被吞，唯一调用者 sample() 亦丢弃返回值,ok=false → 返回 false/降级标记（事件标记 monitoring_degraded），调用方 fail-closed,采样源不可得（负向注入）时门/事件显式标记失败而非全 0 成功,-,-
V21-N-08,system_cpu_pct 全仓仅声明/表头/fprintf 三处，赋值点 0 ⇒ 该列恒 0.00,OPEN,grep -rn system_cpu_pct lib/ [rc=0]→lib/infrastructure/cli/resource_recorder.h:43 double system_cpu_pct = 0.0; // 系统级 CPU 占用(可得时) ／:262 表头 ／:270 fprintf，无赋值点,OBS-001,采样层无系统级 CPU 采集，字段默认 0 冒充实测,补系统级 CPU 采集（/proc/stat）或删除该列并登记,该列由真实观测写入；无采集时显式标记未观测,-,M5a-C-003 未列新站点
V21-N-09,采样层五字段（read_ops/write_ops/sys_mem_avail/sys_swap_free/d_rss_bytes）在映射层零读取,OPEN,grep -n -e read_ops -e write_ops -e sys_mem_avail -e sys_swap_free -e d_rss_bytes lib/infrastructure/cli/monitor.h [rc=0]→:78-81/:96 声明与 :151-152/:158/:184-185/:218-219/:343 生产写入；grep -n -e d_read_bytes -e d_write_bytes lib/infrastructure/cli/resource_recorder.h [rc=0]→:123-124 仅搬 d_read_bytes/d_write_bytes,OBS-001,采样→记录映射丢字段，GateConfig.io_ops/io_bytes 类判据原料不可达,record() 映射补字段或删除无用采样字段；Linux rchar/wchar 挂 read_ops 名需正名（字节 vs 次数）,采样字段在记录产物中有对应列且语义正确（字节/次数不混）,-,-
V21-N-10,RunContext 指标/ticks/checkpoints 全族零生产调用，Metrics::completed_units 恒 0,OPEN,grep -rn -e add_metric -e record_tick -e mark_checkpoint lib/ --include=*.cpp --include=*.h [rc=0]→仅 lib/infrastructure/scheduler/src/context.cpp:42/:47/:93 定义，无生产调用,OBS-001,观测 API 无消费者，host 事件面未接线,在生产节点/调度器接线 work units 上报（或显式退役该 API）,一次真实 run 的 work units 非 0 且与节点实际处理量一致,-,-
V21-N-15,has_stage_annotation/monitor_present 被无条件写 true，两条门分支永不可达,OPEN,grep -n -e has_stage_annotation -e monitor_present lib/infrastructure/cli/commands.cpp [rc=0]→:795 g.has_stage_annotation = true; ／:838 g.monitor_present = true; // ProcessMonitor 采样线程已实际运行并落盘三产物；grep -n -e has_stage_annotation -e monitor_present lib/infrastructure/cli/resource_gate.h [rc=0]→:331/:392 使用点、:415 monitor_present 门；:594 is_stage_priority 为 [[maybe_unused]],OBS-001,判定输入被常量填充，门失去判别力,由真实 stage 标注与监控有效性判定写入（或删除已不可达分支并登记）,负向注入（无标注/无监控）时对应门能红,-,行号已随 CLI-001 重定位（原 912/946 → 现 795/838）
V21-N-16,四分类差异化阈值分支不可达（唯一 kind 写点=Compute），:297 使非 Compute 利用率恒 0,OPEN,"grep -n ""g.kind"" lib/infrastructure/cli/commands.cpp [rc=0]→:784 g.kind = astrocs::ResKind::Compute（CLI 面唯一写点）；grep -n ResKind:: lib/infrastructure/cli/resource_gate.h [rc=0]→:297 if (g.kind != ResKind::Compute) return 0.0 ／:324-390 Mixed/Memory/Io/Unknown 分支",OBS-001,kind 由常量决定，分类阈值面整体死代码；两向都无正确语义,kind 由节点 descriptor（execution_class）注入，或删除未用分类分支,Memory/Io/Mixed 节点跑门时走对应阈值（能红能绿）,-,行号漂移（原 :795 → 现 :784）
W1-N-13,p22 剖面行 out_sort 恒传字面量 0.0，无实测来源,OPEN,"sed -n '2120,2135p' lib/algorithms/drizzle/healpix_drizzle/drizzle_engine.cpp [rc=0]→:2127 ""out_sort=%.3f n_stripes=%u nthreads=%d canontiles=%zu\n"" ／:2129 实参 …, 0.0, (unsigned)n_stripes, num_threads, …（out_sort 位置为字面量 0.0）",OBS-001,剖面字段无计时来源，字面量冒充实测,实测排序耗时或删除该字段（避免运维误读）,字段为实测值或字段删除；剖面输出无字面量占位,-,仅 ASTROCS_DRIZZLE_FINE_PROFILE=1 时输出
W3-R2-003,单例峰值单调不减、无 run/节点复位 ⇒ trace 中本节点并行宽度继承前序峰值,OPEN,"sed -n '95,105p' include/astrocs/core/context.h [rc=0]→:99-103 struct GrantedWorkerObservation { peak_active/peak_lease/acquired_total }（无复位/epoch 面）；grep -n -e peak_lease -e acquired_total lib/infrastructure/scheduler/src/runtime.cpp [rc=0]→:180/:184 acquired_total 差分 ／:188 peak_lease 全局峰值",OBS-001,观测汇为进程单例，缺 epoch/reset；runtime 用全局历史峰值当本节点 workers,每节点/run 边界复位或按 acquired_total 差分计算节点内峰值,连续两节点（窄→宽）trace workers 各自正确（能红）,-,-
W3-R2-006,停采样与 join 之前调用 summary() 读 samples_，与采样线程并发读写同一 vector ⇒ UB,OPEN,"sed -n '725,745p' lib/infrastructure/cli/commands.cpp [rc=0]→:736 const auto s0 = mon.summary(); ／:741 sampling.store(false, std::memory_order_relaxed); ／:742 sampler.join()；grep -c -e mutex -e lock_guard -e unique_lock lib/infrastructure/cli/monitor.h [rc=1]→0（仅 :9 include <atomic>；:370 samples_.push_back、:422/:428 读 samples_）",OBS-001,采样容器无锁，读侧在停止/汇合前访问,在 summary()/push_back 加锁，或先 store(false)+join 再 summary(),TSan 跑 CLI run 无 data race（能红）,-,行号已随 CLI-001 重定位（原 843-853/858-859 → 现 736/741-742）
W5-N-01,抛异常的任务照常计数并写 COMPLETED（error 留空），观测面污染,OPEN,"sed -n '134,155p' lib/infrastructure/scheduler/src/executor.cpp [rc=0]→:137 } catch (...) { // 异常不得杀死 worker；lease 经析构回收 } ／:141 tasks_executed_.fetch_add(1, …) ／:151 e.status = ""COMPLETED""",OBS-001,异常被吞且状态无条件 COMPLETED，无失败传播,捕获后记 FAILED/错误域并传播；失败计数与成功计数分开,注入抛异常任务后 trace 出现 FAILED（能红）,-,IoExecutor（:254 同形 catch）不计数不写 COMPLETED，污染限于 CPU-heavy 路径
W5-N-11,旧 standards 文档要求 error code→source/test 源码行承载，判为偏差,CRITERION-WRONG,sed -n '9p' docs/standards/LOGGING_DIAGNOSTICS_STANDARD.md [rc=0]→- 错误必须可定位：error code → troubleshooting 条目 → source/test。；sed -n '15p' docs/plugins/infrastructure/21_observability.md [rc=0]→输出：JSONL 事件流（schema_version/event_id/run_id/kind…）、run-graph.json、resource_timeseries.csv、resource_summary.json、worker_balance.csv、日志。；timeout 20 grep -rl __FILE__ lib/ --include=*.cpp --include=*.h | wc -l [rc=0]→6,OBS-001,-,-,-,"为什么错：原判据出自 docs/standards/**（已由 §0 权威链下链的旧 standards 注册表）；现行权威对「诊断可定位性」的要求是统一状态码 + JSONL 事件 schema + run-trace（ENGINEERING_SPEC §9 + 21_observability:15,24），不含 __FILE__/__LINE__ 源码行承载机制要求。正确口径：可定位性由退出码唯一源 + 事件 schema + troubleshooting 条目承载；源码行承载不是判据，观测事件字段完善度归 OBS-001 按 21_observability 推进。依据：docs/README-DOCS.md:29 旧体系已删 + ENGINEERING_SPEC §9 + docs/plugins/infrastructure/21_observability.md:15,24。",台账原判 VOID；__FILE__ 命中 6 文件（旧 finding 记 0，口径不同，亦非链上判据）
L28b-D-004,旧宪章 §12.2（注释只写非显然决定且须与权威一致）、§12.3-3；docs/standards/COMMENT_STANDARD.md:15（unusual numeric constant 须给来源）,FIXED,timeout 30 grep -n 'ADAPTIVE_RATIO_THRESH' lib/algorithms/drizzle/healpix_drizzle/drizzle_engine.cpp → rc=0，:370 'static const double ADAPTIVE_RATIO_THRESH = 1.25;  // 尺度比阈值 (max/min > 1.25 触发细分)'（行尾 [] 已删）；timeout 30 grep -n '\[\]' 同文件 → rc=0 仅 lambda/operator[] 三处，无溯源空括号,P1-001,-,-,-,修复证据：注释行尾溯源空括号已移除，行号 369→370 漂移 1 行,路径已按 ARCH-001 迁移；包内哈希 80b3c471d51f
L28d-D-002,旧宪章 §12.2（注释须与实现一致、禁两代口径并存无取代标记）、§12.3-1；docs/algorithms/DRIZZLE_GEOMETRY.md,FIXED,"timeout 30 sed -n '548,575p' lib/algorithms/drizzle/healpix_drizzle/spherical_overlap.cpp → rc=0：:551 '细分阈值取相对值 hp_epsilon = hp_res_rad * 1e-6'；:553 '旧口径 hp_res_rad * 1e-12 … 已废弃'；:575 'double hp_epsilon = hp_res_rad * 1e-6;'",P1-001,-,-,-,修复证据：旧口径块已加显式取代标记「已废弃」，与实现 1e-6 一致，两代口径并存消失,函数上方说明块已重写；MAX_DEPTH=8/256 段现在只作历史因由陈述
L28d-D-003,旧宪章 §12.2（边界条件与非显然决定须写对；注释须与实现一致）、§12.3-1,FIXED,timeout 30 grep -n '指数过渡\|cd_damp_freeze\|~22' lib/algorithms/platesolve/cpp/ipv/src/ipv_robust_refine.cpp → rc=0：:615 '|rel_change| > cd_freeze_threshold → cd_damp_freeze (冻结)'；:623 '1%-3% 指数过渡: 从 cd_damp_base (1e-4) 到 cd_damp_freeze (1e6) 的对数插值'；旧串 '(1e-4 → ~22)' 0 命中,P1-001,-,-,-,修复证据：注释上限已改为真值 cd_damp_freeze=1e6，与 :622/:627 实现一致,行号 615-623 与台账 :615 同段，无漂移
M1a-A-001,旧宪章 §12.3-3（公式唯一实现）、§12.3-15（单位/像素语义显式）、§13.1；SCI-WCS-001 §5/§5a,OPEN,"timeout 30 sed -n '44,52p' docs/science/ASTROMETRY.md → rc=0（:49 主式已按 R-3 改像素域式 (ξ,η) = CD · [ (xp−CRPIX) + SIP_A/B(xp−CRPIX) ]）；timeout 30 sed -n '74,79p' docs/science/ASTROMETRY.md → rc=0（:78 §5a 仍写 中间坐标 (u,v) = CD·(xp − CRPIX) + SIP —— SIP 项漏乘 CD，与 §5 不等价）",P1-001,R-3 要求「§5 及 §5a」一并订正；现状只改了 §5 主式，§5a 的桥接条款仍是漏乘 CD 的简写,把 §5a:78 的简写改为与 §5 等价的显式式（或写 CD·[ (xp−CRPIX) + SIP_A/B(xp−CRPIX) ]），并在该句回指 §5 的符号定义,docs/science/ASTROMETRY.md 内 CD·(xp − CRPIX) + SIP（不含方括号形式）零命中（grep -F + rc=1），且 §5/§5a 两式逐符号一致,R-3 §0（:18）「以实现为准订正 SCI §5（及 §5a）为像素域式」；现状 §5 已改、§5a 未改 ⇒ 判 OPEN（残余）,【人工复核覆盖：原分批复核判 OPEN】台账原判 OPEN/P0。
M1a-A-002,旧宪章 §12.3-4（claim↔evidence 一一对应）、§12.3-12、§13.2、§6.3（禁静默降级）；ALG-WCS-001 F1；SCI-WCS-001 §15,FIXED,"timeout 30 sed -n '195,205p' docs/algorithms/PLATESOLVE.md → rc=0（:199 「**量测域冻结**：本项 rpm_arcsec 定义在 trans 拟合的**内点集**（n_pairs≥12）」）",P1-001,-,-,-,R-3 §0（:15）：保留 0.5″ 门值、**只补量测域**（F1 = 合成/真场、trans 内点域、rms_arcsec、n_pairs≥12），另立外部闭环门；现状 ALG 已补量测域冻结。,【人工复核覆盖：原分批复核判 FIXED】台账原判 OPEN/P0；判据正当，仅缺量测域，现已补。
M1a-A-004,宪章 §12.3-15、§13.1（旧）；SCI-WCS-001 §2/§3/§5/§10,OPEN,"timeout 30 sed -n '15,35p' docs/science/ASTROMETRY.md → rc=0：:19 '| cd_inv | CD^{-1} 线性逆 pixel/arcsec（仅 SIP 换算）|'；:30 '…CD: deg/pixel；cd_inv: pixel/arcsec…'；timeout 30 grep -n '3600' lib/algorithms/platesolve/cpp/ipv/src/ipv_wcs.cpp → rc=0 :276 'result->cd.cd11 = trans.x10 / 3600.0'、:340 '注意: 用 trans 线性项的逆, 不是 result->cd 的逆 (差 3600 倍)'",P1-001,同一符号 cd_inv 既名 CD^{-1}（按同表 CD: deg/pixel ⇒ 应 pixel/deg）又注 pixel/arcsec；实现 inv(trans)≠inv(CD)，相差 3600×，§10:141 只禁反向误写,把该行符号改为 inv(trans)（或 (3600·CD)^{-1}）并保留 pixel/arcsec 单位注；§5a:78 的 CD⁻¹ 逆式同步订正；实现零改动,grep -n 'cd_inv' docs/science/ASTROMETRY.md 中不再出现 'CD^{-1}' 命名；§2 符号表与 §5/§10 单位自洽,ENGINEERING_SPEC §3（一字段一含义）+ ASTROCS_DESIGN §0（docs/science 不得含歧义断言）；量纲复算：CD=trans/3600 ⇒ inv(CD)=3600·inv(trans)≠cd_inv,台账 :19/:29 现漂到 :20/:30
M1a-A-005,宪章 §12.3-3、§13.1（旧）；SCI-WCS-001 §9；ALG-WCS-001 §9/§11.4,OPEN,"timeout 30 grep -n '尺度容差\|0.002\|≤2%' docs/algorithms/PLATESOLVE.md → rc=0：:86 '收敛 0.01"" (pixel/3600), 尺度容差 0.002 (各向异性 0.2%)'；:198 'CD 元素相对误差 ≤2%（§9 尺度容差 0.002 同源）'；timeout 30 grep -n 'good_rms_threshold' lib/algorithms/platesolve/cpp/ipv/include/ipv_types.h → rc=0 :225 '// 足够好解即停阈值(角秒)'，而 ipv_ransac.cpp:485 '(: good_rms_threshold 现在是像素单位)' 且比较 best_RMS(像素)",P1-001,0.002(0.2%) 与 2% 门被写成「同源」（相差 10×，且量类不同：尺度各向异性 vs CD 元素相对误差）；good_rms_threshold 结构注释写角秒、实现按像素比较,§11.4 删除/改写「同源」表述并把 2% 门的标定依据落到 GATES_AND_TOLERANCES.md；ipv_types.h:225 单位注改为「像素」（与 ipv_ransac.cpp:485 一致）；不改门值,grep -n '同源' docs/algorithms/PLATESOLVE.md 无 0.002↔2% 关联；grep -n 'good_rms_threshold' ipv_types.h 单位注与 ipv_ransac.cpp 口径一致,ENGINEERING_SPEC §3（默认容差唯一源、一字段一含义）；0.002 vs 0.02 算术核对 10×,s_min/s_max=0.90/1.10 现只在 ipv_types.h:226-227，PLATESOLVE.md 已无该窗（rc=1）
M1a-A-006,宪章 §4.1/§4.3、§12.3-15（旧）；STANDARDS_REGISTRY D.catalog（非链上）；SCI-WCS-001 §3a/§6,OPEN,timeout 30 grep -n 'ICRS/J2000\|J2016\|历元' docs/science/ASTROMETRY.md → rc=0：:34 '- 天球 frame：**ICRS/J2000**（Gaia DR3 星表同系）'、:132 'ICRS/J2000'；timeout 30 grep -rn 'J2016' docs lib → rc=0 仅 docs/standards/STANDARDS_REGISTRY.md:202 'DR3 source 位置列（ra/dec，ICRS，参考历元 J2016.0）',P1-001,SCI 权威把 Gaia DR3 位置记为 J2000（实为 ICRS@J2016.0），与注册表/上游 DR3 数据模型冲突；全仓无历元/自行/视差传播，ipv 入口无 date_obs,把 §3a/§6 的 ICRS/J2000 改为 ICRS（Gaia DR3 参考历元 J2016.0），并在 §2 单位表注明不传播自行/视差；合同侧同族归 DATA-001,grep -rn 'ICRS/J2000' docs/science/ASTROMETRY.md 零命中；与 STANDARDS_REGISTRY.md:202 表述一致,ASTROCS_DESIGN §0（docs/science 为公式权威且不得含歧义断言）；Gaia DR3 数据模型（STANDARDS_REGISTRY:49/195/202 自述 J2016.0）,台账签发时 STANDARDS_REGISTRY.md 曾被记为已删，实测存在（ls docs/standards rc=0）
M1a-B-004,旧宪章 §12.3-15、§13.1；文件：lib/phase3_session/p3_wcs.cpp::p3_wcs_fits_keywords、lib/phase3_proj/p3_projection.cpp::p3_project…,NOT-APPLICABLE,"timeout 30 grep -n 'CTYPE1= ' lib/phase3_session/p3_wcs.cpp → rc=0 :215；timeout 30 grep -n 'CTYPE1= ' lib/algorithms/projection/p3_projection.cpp → rc=0 :383；退役记录：timeout 30 sed -n '1,34p' lib/algorithms/projection/p3_projection.h → rc=0 :4 '状态: RETIRED（SCI-FIX-PROJ 2026-09-16…）'、:34 'kP3ProjectionRegistryRetired = true'；timeout 30 grep -n phase3_session CMakeLists.txt → rc=0 :615-620（astrocs_phase3_session，ARCH-001 清单 §1 第 46-48 行 DEFERRED「不迁移，删除」，INT-001 待办）；grep -c projection CMakeLists.txt → rc=1（生产构建 0 命中，v1 仅 tests/unit/CMakeLists.txt:1272 测试目标编译）",P1-001,-,-,-,退役记录：cmake/ARCH-001-migration-manifest.md:48（lib/phase3_session DEFERRED）+ p3_projection.h:4/34 RETIRED 头注（SCI-FIX-PROJ 处置）；缺陷对象只存在于待删 Session 模块与 RETIRED v1 库，生产 DLL 不构建,两条目标均在处置面：phase3_session 待 INT-001 删除；p3_projection v1 已 RETIRED（生产零改动，仅单测编译）
M1a-B-005,旧宪章 §12.3-15（坐标系显式）、§4.3（frame 可追溯）；文件：lib/astro_image_io/src/hips/aio_hips_writer.cpp::properties 序列化、lib/phase3_sessi…,OPEN,"timeout 30 grep -n 'hips_frame' lib/infrastructure/aio/src/hips/aio_hips_writer.cpp → rc=0：:1081/:1329 'kv.push_back({""hips_frame"", ""equatorial""})'（活文件在构建图 CMakeLists.txt:379）；timeout 30 grep -n 'equatorial' docs/science/PHASE3_HIPS_TO_FITS.md → rc=0 :63 'hips_frame=icrs?/equatorial'（冻结层仍带未决问号）",P1-001,写出侧写死非标准枚举值 equatorial（IVOA REC-HIPS-1.0 §4.4.1 值域 icrs/galactic/ecliptic）；SCI 冻结文本仍带未决问号，读取侧（phase3_session）放行 equatorial,写侧按实际内部 frame 写 icrs（或按帧映射到标准值域，非法 frame fail-closed）；PHASE3_HIPS_TO_FITS.md §3 去问号并冻结 icrs；读取侧校验随 INT-001 删除,"grep -n 'equatorial' aio_hips_writer.cpp 在 hips_frame 键处零命中；产 properties 的 hips_frame ∈ {icrs,galactic,ecliptic} 有正负例",IVOA REC-HIPS-1.0 §4.4.1 值域；ENGINEERING_SPEC §2（禁把未决项写入冻结层）,HIP-001/AIO-001 未覆盖该键；行号 951→1081（漂移 130）
M1a-B-006,旧宪章 §12.3-15；文件：lib/orchestrator/cpp/src/orchestrator.cpp::run_stage_platesolve（WCS 头写回块，原报 :2069-2095 与 :4226-4227）,OPEN,"timeout 30 grep -n 'CDELT1\|CDELT2' lib/infrastructure/pipeline/orchestrator/cpp/src/orchestrator.cpp → rc=0 :4236-4237 在写 CD1_1..CD2_2（:4231-4234）之后仍按 has_cdelt 写 CDELT1/2；timeout 30 sed -n '2085,2102p' 同文件 → rc=0 :2091-2100 SIP 回写 for i=0..order, j=0..order-i 从 (0,0) 起（含 A_0_0/A_1_0/A_0_1 等 i+j<2 项）",P1-001,同一头面同时写 CD 与 CDELT（FITS WCS Paper I §1.1/§8.1：二者同现行为未定义）；SIP 回写未跳过 i+j<2 的未定义项,写回块在写 CD 时删除/不写 CDELT（读入 passthrough 应在写回前剥离）；SIP 写回从 i+j≥2 起，回读面同步；不改科学值,头面断言 CDi_j 与 CDELTi 不同现（正负例各一）；grep -n 'A_0_0\|A_1_0' orchestrator.cpp 写回块零命中,FITS WCS Paper I §1.1/§8.1（CD/CDELT 互斥）；SIP（Shupe 2005）§3（A_ij/B_ij 仅 i+j≥2 定义）,CDELT 命中 2 处仍在（:4226-4227→:4236-4237），无删除路径
M1a-C-001,旧宪章 §12.3-3（公式唯一实现）、§12.3-4（claim↔evidence）、§13.1、§17.1；SCI-WCS-001 §7/§9/§11,CRITERION-WRONG,"timeout 30 grep -n '逆向拟合采样网格' docs/science/ASTROMETRY.md → rc=0（""≥7×7（实现值：AP/BP 41×41、阶 5；APx/BPx 81×81、阶 7，DISP-WCS-008）""）；timeout 30 grep -n 'NB_GRID' lib/algorithms/platesolve/cpp/ipv/src/ipv_wcs.cpp → rc=0（:417 `NB_GRID=41 // 整改: 7 -> 41`）",P1-001,-,-,-,R-3 §0（R-3_PSF质心科学门与容差.md:19）：7×7 既是**拟合域**又是**检验域** ⇒ 自证门，判据本身错；且「1e-4px 数学不可达」对当前实现不成立（实测 1e-9 级）。正确口径：网格 ≥7×7 + 逆映射以迭代反演为准 + 不变量在**独立密集域**上测（DISP-WCS-008 已登记）。,【人工复核覆盖：原分批复核判 CRITERION-WRONG】台账原判 OPEN/P0；SCI 文本与实现注释均已按正确口径更新。
M1a-C-002,旧宪章 §6.3（禁静默降级）、§14.4（fail-fast）、§12.3-4；SCI-WCS-001 §8；ALG-WCS-001 §11.1,FIXED,timeout 30 grep -n 'det_lin\|success = false\|success = true' lib/algorithms/platesolve/cpp/ipv/src/ipv_wcs.cpp → rc=0：:342-343 det_lin 计算与非有限/|det|<1e-15 判定；:347 'result->success = false'（当场 return）；:220 result.success=true 仅在正常路径；台账原判 RESOLVED 复核维持,P1-001,-,-,-,修复证据：奇异 det 分支显式 fail-closed 并 return，函数恒 success=true 的缺陷对象不存在,行号 341→343 漂移 2 行
M1a-C-003,旧宪章 §12.3-15（像素语义显式）、§12.3-4；FITS WCS Paper I §2.1.1（xp=x+1）；SCI-WCS-001 §10:137,OPEN,"timeout 30 sed -n '2145,2166p' lib/infrastructure/scheduler/src/module_adapters.cpp → rc=0：自检环 'for (int y = 0; y < H; y += step) for (int x = 0; x < W; x += step) pts.emplace_back(x, y)'（0-based 下标）直接喂 wcs.pix2sky（WcsTan 1-based 契约）；:2158-2160 独立参考解同施 'p1_sip_poly(sip, x - wcs.crpix1, y - wcs.crpix2, …)' 与 wcs.pix2sky(x+A,y+B)，两门零判别力",P1-001,像素原点契约（1-based WcsTan vs 0-based 数组下标）无独立参考；自检环与参考解同用 0-based x，原点平移误差在门内不可见,自检环改用 1-based 像素 xp=x+1（或显式声明 WcsTan 接受 0-based 并加原点桥断言）；参考解独立施加 xp−CRPIX，另加一条 x=0 边界断言,新增正例（正确原点）与负例（人为 1px 原点错位必红）；自检环与独立参考解不再共用同一 x,SCI-WCS-001 §7（CRPIX 1-based 冻结公式）+ ENGINEERING_SPEC §5.1（独立 Oracle）；台账 P1-001:P0-OPEN#12 同判,行号 1920→2149/2384 漂移，结构未变；文件域属 scheduler/INT-001
M1a-C-005,旧宪章 §12.3-3、§13.1；ALG-WCS-001 §3/§11.1,OPEN,"timeout 30 sed -n '28,40p' docs/algorithms/PLATESOLVE.md → rc=0 :35 'sip = build_sip(trans) order 2-3, IRLS 15× ε1e-6 Huber 1.345 (ipv_sip.cpp:238-262)'（§3 生产伪代码）；timeout 30 grep -c 'irls_huber_fit' lib/algorithms/platesolve/cpp/ipv/src/ipv_wcs.cpp → rc=1（0 命中）；:169-171 DISP-WCS-003 自述生产走 extract_wcs_sip、IRLS 仅 legacy 入口",P1-001,§3 伪代码仍把 legacy IRLS 路径写成生产 SIP 步并锚 ipv_sip.cpp，与 §11.1 已登记的双路径口径互斥（登记 DISP 不等于订正伪代码）,§3 伪代码改为 'sip = extract_wcs_sip(trans)：TRANS 解析 A/B + 采样网格 ≥7×7 反变换 AP/BP (ipv_wcs.cpp:229)'；legacy IRLS 只在 DISP-WCS-003 段落出现,grep -n 'IRLS' docs/algorithms/PLATESOLVE.md 仅出现在 legacy/DISP 段落；§3 生产流程与 extract_wcs_sip 一致,ENGINEERING_SPEC §8（活动文档无历史状态冒充/算法引用有效）；实码证据 ipv_wcs.cpp 内 0 处 irls_huber_fit,台账 :166-167 → 现 :169-171（漂移 3）
M1a-C-006,旧宪章 §12.3-3、§13.1、§14.4；ALG-WCS-001 §5,OPEN,timeout 30 grep -n 'flux(A) 降序\|mag(box\|升序\|img_n_target' lib/algorithms/platesolve/cpp/ipv/src/ipv_select.cpp lib/algorithms/platesolve/cpp/ipv/include/ipv_types.h docs/algorithms/PLATESOLVE.md → rc=0：ipv_select.cpp:16/:741 已改「按 mag(box 积分) 升序」；但 ipv_types.h:232-233 '自适应扩充 20→40→60…' + 'int img_n_target = 20;'；ipv_solver.cpp:1209/:1515/:1591/:1662 硬编码 60；PLATESOLVE.md:118 仍写 'flux 降序取前 img_n_target',P1-001,三套口径互斥：结构默认 20/注释 20→40→60 vs solver 硬编码 60；文档选星行仍写 flux 降序（实码 mag 升序）,选星行改为 mag(box 积分) 升序；ipv_types.h:233 默认值与 :232 注释同 solver 的 60 对齐（或把 60 提升为 params 字段并在文档登记）；不改排序算法,grep -n 'flux 降序' docs/algorithms/PLATESOLVE.md 零命中；grep -n 'img_n_target' 默认值/注释/调用点三者同值,ENGINEERING_SPEC §3（默认值不可多源）+ §8（活动文档与实现一致）,头注与 :745 排序实现本批实测已改正（台账第一子项 FIXED），残余为默认值/文档两条
M1a-D-002,旧宪章 §12.3-15、§13.1；叶子原锚 lib/phase1/ups/build_upm.cpp（仓内不存在，原报告已按符号重锚）,OPEN,"timeout 30 grep -n '角秒' lib/algorithms/platesolve/cpp/ipv/include/ipv_types.h → rc=0：:26/:28-29 已改 '单位随向量而定: U=像素, W=角秒'；但 :82 'std::vector<StarPoint> U;   // 图像侧星点 (角秒坐标, 50 颗)' 与实现 ipv_select.cpp:948 'output.U[i].x = (det_x[idx] - cx); // 像素, 不乘 s0' 互斥；SIPCoeffs 阶数注「2/3/4」已删除（现 order/ap_order/apx_order）",P1-001,同一结构内 U 向量单位两说（:26 像素 vs :82 角秒），实码为像素；SIPCoeffs 阶数注已修,"把 :82 改为「图像侧星点 (像素, 原点图像中心, Y-up)」；W 保持角秒",grep -n '图像侧星点' ipv_types.h 单位注与 ipv_select.cpp:948 一致,ENGINEERING_SPEC §2/§3（注释与实现一致、一字段一含义）,部分修复：:26 已改对，:82 为同族残余
M1a-F-002,旧宪章 §12.3-4、§13.1、§12.3-15；ALG-WCS-001 §11.4,OPEN,"timeout 30 grep -n '1e-6\|合同' lib/algorithms/platesolve/wrapper_phase1/wcs_tan.h → rc=0 :2 '合同: 已知 WCS 参数往返误差 < 1e-6 deg'；timeout 30 sed -n '38,58p' tests/unit/p1_wcs_phot_test.cpp → rc=0 :50 'if (std::fabs(x2 - x) > 1e-6 || std::fabs(y2 - y) > 1e-6)'（像素域断言，8 点网格）",P1-001,合同文本（deg）与断言（px）不同域：像素域往返恒自洽，不覆盖角域全域误差；无 deg 域 roundtrip 断言,在 p1_wcs_phot_test.cpp 补角域往返断言（sky→pix→sky，|ΔRA·cosDec|、|ΔDec| < 1e-6 deg，含 CRVAL 大角与极区点）；或把 wcs_tan.h 合同改为像素域并说明等价条件,测试含 deg 域断言且注入 1e-5 deg 偏差必红（正负例）；合同单位与断言单位一致,ENGINEERING_SPEC §5.1（独立 Oracle/误差合同）+ ALG-WCS-001 §11.4 F6；台账 P1-001:F-002 同判,行号 50 与台账一致；p1_wcs_phot_test.cpp 使用 WcsTan（w.pix2sky/sky2pix）
M1a-F-003,旧宪章 §12.3-4（claim↔evidence）、§13.2、§17.1；ALG-WCS-001 F1,OPEN,timeout 30 grep -rn '0.1431' tests/ → rc=0 唯一命中 tests/unit/v6_p2_rej/oracle_expected.inc:93 内 0.14312 子串（P2 排异数组，非 WCS 锚）；timeout 30 grep -n 'rms' tests/unit/p1wcs/p1wcs_tests_units.cpp → rc=0 :63-65 只断言 success/n_inliers≥12/rms<=0.5（门），无 0.1431″ 实场锚 fixture,P1-001,PLATESOLVE.md:197 冻结的 Galaxy_Center=0.1431″ 锚无可执行 fixture；端到端仍只断产物存在性,把 0.1431″ 实场锚落为仓内 fixture（真帧子集或冻结期望数组）并在 p1wcs 套件中断言（rtol 按 F1）；无真实数据则登记 UNVERIFIABLE 到 GATES_AND_TOLERANCES 证据列,新增锚用例可复跑且注入 0.5″ 偏差必红；tests/ 内 0.1431 命中不再是无关数组子串,ASTROCS_DESIGN §11.1/§11.2（独立 Oracle、验证层级）+ ENGINEERING_SPEC §5.1,台账「tests 全树 0 命中」已被 1 处子串命中取代，结论不变
M1a-F-005,旧宪章 §12.3-4、§14.4（最小充分校验）、§17.1；母控协调令（_merge/00_COORDINATION.md）,OPEN,timeout 30 grep -rn 'manifest_hash' tests/ --include=*.py → rc=0 仅 tests/artifact/test_production_store.py（artifact store 面，非 p3 节点）；timeout 30 grep -n 'p3n_input_manifest_hash' lib/infrastructure/scheduler/src/module_adapters.cpp → rc=0 :5340 定义、:5854 消费；无 p3 节点/HISTORY 回归断言,P1-001,三处并发修复落在真源（provenance 哈希、IPV 端到端链、选星归一）但无回归断言，追溯面无机器可红点,为 p3n_input_manifest_hash 增节点级回归用例（改输入 manifest → 产物哈希变，未改 → 稳），并覆盖 IPV 端到端链与选星归一的位断,新增用例正例绿/负例（篡改 manifest）必红；cmake/ctest 注册,ENGINEERING_SPEC §5.1 + ASTROCS_DESIGN §12（追踪无断链）,module_adapters.cpp 行号 5338/5852→5340/5854（漂移 2）
M2a-A-1,旧宪章 §4.1（signal/variance/support/coverage 不得混同）、§5.3（Drizzle 须验证能量/面亮度语义）、§7.3、§12.3-3、§13.1；SCI-DRZ-001 §2/§5/§7/§11,OPEN,"timeout 30 sed -n '40p;61p;81p;117p' docs/science/DRIZZLE.md → rc=0：:40 'w_jp = a_jp / A_drop,j'；:61 'x_j=B0×A_pixel_j（随像素面积变化，非每像素常量 ADU），输出 S_p=B0（面亮度）'；:81 '流量守恒：常数场 C 的 S_p=C 全像素 max_abs==0'（三陈述仍并存）；生产默认 pixfrac=0.8",P1-001,三种面亮度陈述（w=a/A_drop、S_p=B0、常数场 S_p=C）在 pixfrac≠1 下不可同真：复算 S_p=B0/pixfrac²，仅 pixfrac=1 等于 §7 的 S_p=B0,SCI 侧冻结唯一定义（面亮度 S_p=B0 且声明 pixfrac 归一），或把 §7 改为含 pixfrac 的守恒式；不改实现（代码逐字落地 §5）,DRIZZLE.md 内三式在 pixfrac=0.8 数值解一致（oracle 复算）+ 文档无互斥断言；走 SCI 变更流程签字,ASTROCS_DESIGN §11.1（扩展源面亮度/通量语义）+ ENGINEERING_SPEC §3（科学定义唯一）；台账 P1-001:OPEN#3 同判（需 SCI 裁决）,需科学裁决（docs/science 只读）；行号 40/61/81/117 与台账逐字一致
M2a-C-2,旧宪章 §4.3、§5.3、§12.3-1/-10；DATA-SEMANTICS §11（DATA-P1-DRZ）,FIXED,timeout 30 grep -n 'precision_mode == 1 && !data_is_f64' lib/algorithms/drizzle/healpix_drizzle/hp_drizzle_api.cpp → rc=0 :1010（非法组合显式拒绝）；timeout 30 grep -n 'drizzle precision consistency' lib/infrastructure/scheduler/src/module_adapters.cpp → rc=0 :3066；ls tests/unit/drizzle_precision_default_test.cpp → rc=0（存在，T8/T9）,P1-001,-,-,-,修复证据（台账原判 RESOLVED 复核维持）：声明精度与产品 dtype 因果绑定，库边界 fail-closed,行号 1006→1010、3066 未漂移
M2a-D-1,旧宪章 §12.3-10（注释不得与实现的单位/精度/边界陈述相反）、§12.2；ALG-DRZ-001 §4,OPEN,timeout 30 python3 -c 'sqrt(pi/3)*(180/pi)*3600' → 211076.28514206142；timeout 30 grep -rn '211034.6\|211076' lib/algorithms/drizzle/healpix_drizzle/drizzle_engine.cpp docs/algorithms/DRIZZLE_GEOMETRY.md → rc=0：代码注释 :616/:618/:620/:683/:685 已改 '≈211076.3'；docs/algorithms/DRIZZLE_GEOMETRY.md:87/:89 仍写 '≈ 211034.6'（ALG 常数表与决策行同错）,P1-001,代码注释已订正，ALG 权威常数表仍写错误值 211034.6（相对偏差 2e-4）；1.25/1.15 双裕量已收敛为 1.25 单系数（1.15 零命中）,DRIZZLE_GEOMETRY.md:87/:89 常数改为 211076.3（或写表达式 sqrt(π/3)·(180/π)·3600），并在 §buffer 说明与 HP_CIRCUMRADIUS_FACTOR=1.25 的关系,docs/algorithms/DRIZZLE_GEOMETRY.md 中 '211034.6' 零命中；常数表值与 drizzle_engine.cpp:685 表达式一致,ALG 文档为推导权威（ASTROCS_DESIGN §0）+ ENGINEERING_SPEC §2（注释/常数准确）,部分修复（代码面 FIXED，文档面 OPEN）；台账 1.25/1.15 双子项已消失
M2a-D-2,旧宪章 §12.3-10（注释不得与实现的单位/精度/所有权/边界陈述相反）,FIXED,"timeout 30 sed -n '60,72p' lib/algorithms/drizzle/healpix_drizzle/drizzle_engine.h → rc=0 'release 叶单元只有 4 个字段: sumFlux/sumArea/sumVarNum(累加量) + nContrib(计数); sumWeight/sumSnrSq 为诊断字段, 已移除.' + struct 四字段（原『20B→12B、只留 3 字段』错文已删）；timeout 30 grep -n 'accumulator_bytes' lib/algorithms/drizzle/src/module_entry.cpp → rc=0 :551 'accumulator_bytes = 12*nside^2 * 8B * 4   (每叶 3 个 f64 累加量 + 1 个 u32 计数,'（原 6 个 f64/像素估算已改）",P1-001,-,-,-,修复证据：header 与迁移面资源估算统一为 4 字段（3×f64+u32，含对齐 32B/叶），三套互斥口径消失,module_entry.cpp 行号 551（台账引 :551）
M2a-H-1,宪章 §5.3,FIXED,timeout 30 grep -n 'precision_mode == 1 && !data_is_f64' lib/algorithms/drizzle/healpix_drizzle/hp_drizzle_api.cpp → rc=0 :1010（pm=1+FP32 块显式拒绝）；timeout 30 grep -n 'drizzle precision consistency' lib/infrastructure/scheduler/src/module_adapters.cpp → rc=0 :3066，提交侧 :3051 'blk_type = AIO_BLOCK_FLOAT64'（邻近）；ls tests/unit/drizzle_precision_default_test.cpp → rc=0,P1-001,-,-,-,修复证据（台账原判 RESOLVED 复核维持）：节点按 precision_mode 选块 dtype 并自检，库边界对非法组合 return -14,行号 1006→1010、3051/3066 未漂移
M2a-H-4,宪章 §5.3/§7.3/§4.1,OPEN,"timeout 30 sed -n '1029,1040p' lib/algorithms/drizzle/healpix_drizzle/hp_drizzle_api.cpp → rc=0 ':1030 const double* vd = static_cast<const double*>(vblk->data);'、':1033 varianceConv[i] = (float)vd[i];'、':1034 variancePtr = varianceConv.data();'（仅 fprintf 日志，不报错不拒绝）",P1-001,variance 块 dtype=FLOAT64 仍被逐元素 static_cast<float> 收进 float 缓冲；signal 侧已强制 dtype 与 precision_mode 一致，两侧口径不对称，FP64 产品方差有效位被砍到约 7 位,方差缓冲按 dtype 选 double/float（或按 precision_mode 分派模板），与 signal 侧同规则；补 FP64 variance 精度用例,pm=1 + FLOAT64 variance 输入下方差累加保持 double（精度断言）；两侧 dtype 规则一致,ASTROCS_DESIGN §2（数据对象禁止互相冒充）+ §3.3（科学模块按声明精度执行）,行号 1026/1030→1030/1033（漂移 3-4）
M2b-B-01,旧宪章 §12.3-10、§19；STD-REG-001 §1.2（禁止按实现反推标准）/§1.4；文件：lib/astro_image_io/src/hips/aio_hips_writer.cpp::tile_rel_path 与 d…,OPEN,"timeout 30 sed -n '203,211p' lib/infrastructure/aio/src/hips/aio_hips_writer.cpp → rc=0 ':204 uint64_t dir = ipix / 10000;'、':205 uint64_t npix = ipix % 10000;'、':207 snprintf(""Norder%d/Dir%llu/Npix%llu%s"")'；timeout 30 grep -n '10000' lib/infrastructure/aio/src/hips/aio_hips_reader.cpp lib/infrastructure/aio/io/hips_core.c → rc=0 reader:41-42 同型、hips_core.c:558-559 'D = ipix / 10000u; N = ipix % 10000u;'；timeout 30 sed -n '102p' docs/standards/STANDARDS_REGISTRY.md → 仍判 CONFORMANT（偏差列写『D=ipix/10000、N=ipix%10000 与读侧同一合同』）",P1-001,生产写/读/runtime 三处把商写入 Dir、余数写入 Npix，与 IVOA §4.1 算式（D=(N/10000)*10000，文件名 NpixN）相反；注册表把该实现算式写成『与读侧同一合同』并判 CONFORMANT,三处按标准改为 Dir=(ipix/10000)*10000、Npix=ipix（文件名带完整 tile 号），保留旧路径读兼容（或一次性迁移）；注册表该行改 PARTIAL + DISP,产出的 tile 路径与 IVOA 示例（10302@order6 → Dir10000/Npix10302.fits）逐字一致；round-trip 读写用例正负例,IVOA REC-HIPS-1.0 §4.1（Tile N in order K 位于 NorderK/DirD/NpixN，D=(N/10000)*10000，文件名带完整 tile 号）,writer:137→204、reader:41、hips_core.c:558；三处同型未修
M2b-B-02,旧宪章 §12.3-10、§17.11；STD-REG-001 §1.2/§1.4；文件：lib/astro_image_io/src/hips/aio_hips_writer.cpp::write_moc_fits 与 docs/sta…,OPEN,timeout 30 grep -n 'write_moc_fits\|MOCORDER\|ORDERING\|COORDSYS\|PIXCOUNT' lib/infrastructure/aio/src/hips/aio_hips_writer.cpp → rc=0 write_moc_fits:360、MOCORDER:380、PIXCOUNT:381；:309-310 的 ORDERING/COORDSYS 属 tile 图 HDU 不在 MOC 函数内；timeout 30 grep -c NUNIQ 同文件 → 0（rc=1）,P1-001,write_moc_fits 只写 TTYPE1=UNIQ 与 MOCORDER/PIXCOUNT，强制键 ORDERING=NUNIQ、COORDSYS=C 缺失（NUNIQ 全文件 0 命中）；注册表 D.hips 该行仍判 CONFORMANT,MOC HDU 补 ORDERING='NUNIQ' 与 COORDSYS='C'（MOC2.0 要求），并在注册表登记/复核；补 Moc.fits 键断言用例,产 Moc.fits 头含 ORDERING=NUNIQ 与 COORDSYS=C（断言）；无该键用例必红,IVOA REC-MOC 2.0 §6 Table 3（ORDERING/COORDSYS 对 MOC1.1 与 MOC2.0 均 mandatory，COORDSYS 值须为 C）+ IVOA HiPS 1.0 §4.4.2,台账 writer:293-314→现 :360-381；注册表 :97→待复核
M2b-B-03,旧宪章 §11（单位不得在接口处丢失/篡改）、§17.11；STD-REG-001 §1.2；文件：lib/astro_image_io/src/hips/aio_hips_writer.cpp::finalize_image_produ…,OPEN,"timeout 30 grep -n 'buf\[\|snprintf(buf' lib/infrastructure/aio/src/hips/aio_hips_writer.cpp → rc=0 :1072 'char buf[64];'、:1073 'std::snprintf(buf, sizeof(buf), ""%.6f"", 3600.0 * 180.0 / kPi() * std::sqrt(kPi() / 3.0) / (double)ps->nside);'、:1113 'kv.push_back({""hips_pixel_scale"", buf});'（含 3600 因子 ⇒ 角秒）",P1-001,hips_pixel_scale 写出值为角度制换算后的角秒数（≈211076.3/nside arcsec），IVOA 同名键单位为度 ⇒ 相差 3600×；注册表未登记该偏差,写侧改为度（去掉 3600 因子，或写 3600*.../3600 的显式换算并注释），并在 standards 注册表登记该键单位；读侧若有反向换算同步,产 properties 的 hips_pixel_scale 与 s_pixel_scale 单位=deg 有断言（对同一 nside 与标准公式复算一致）,IVOA REC-HIPS-1.0 §4.4.1 键表（hips_pixel_scale 与 s_pixel_scale 单位 degrees，示例 8.946E-4）,行号 943→1073（漂移 130）；HIPS_WRITER.md 同口径需一并订正
M2b-B-05,"旧宪章 §11、§17.11；文件：lib/astro_image_io/src/hips/aio_hips_writer.cpp::finalize_snr_product（VOTABLE 头常量串，原报 4 处 ""http:// ""）",OPEN,"timeout 30 grep -n 'http:// ' lib/infrastructure/aio/src/hips/aio_hips_writer.cpp → rc=0 :1382 '<VOTABLE version=""1.3"" xmlns=""http:// www.ivoa.net/xml/VOTable/v1.3""'、:1383 ':1384 同型共 4 处 'http:// '（URI 内字面空格）",P1-001,VOTable 头常量串把命名空间 URI 写成 'http:// www.ivoa.net/...'（含空格），产 metadata.xml 根元素不被识别为 VOTable；注册表 D.hips 未登记,删除 4 处 'http:// ' 中的空格，恢复合法 URI；补一条 metadata.xml 可被 XML 解析器解析的用例（正负例）,python3 xml.etree 解析产出的 metadata.xml 成功（rc=0）；grep -c 'http:// ' aio_hips_writer.cpp = 0,IVOA VOTable 1.3 命名空间（xmlns 须为合法 URI）+ IVOA REC-HIPS-1.0 §4.4.3（Catalogue HiPS metadata.xml 须为完整定义之 VOTable）,行号 1249-1251→1382-1384（漂移 133）
M2b-B-06,旧宪章 §13.1；STD-REG-001 §1.4；文件：lib/astro_image_io/src/hips/aio_hips_writer.cpp::finalize_image_product 与 docs/standards/…,OPEN,"timeout 30 grep -n 'hips_status\|hips_hierarchy' lib/infrastructure/aio/src/hips/aio_hips_writer.cpp → rc=0 :1088/:1333 'kv.push_back({""hips_status"", ""private master""})'（仅两组词，缺 clonable 第三组）、:1112 'kv.push_back({""hips_hierarchy"", ""true""})'（布尔字面量占聚合方法语义位）",P1-001,hips_status 缺第三组克隆策略（受控词表须三组）；hips_hierarchy 用布尔 true 而非聚合方法词（标准示例 mean）,hips_status 补第三组（如 'private master unclonable'）；hips_hierarchy 按实际聚合语义写标准词（或删除该可选键）；更新 standards 注册表 DISP-HIPS-003,产 properties 的 hips_status 三组词、hips_hierarchy 取值在标准词表内，有正负例,IVOA REC-HIPS-1.0 §4.4.1（hips_status 三组受控词表；hips_hierarchy 标准示例 mean）,行号 958/983→1088/1112（漂移 130）
M2b-B-09,旧宪章 §8.3、§17.6（禁结构合法但语义虚假的伪产品）、§17.11；STD-REG-001 §1.2/§1.4；文件：runtime/io/fits_core.c::fio_write_header_block / ::acs_f…,OPEN,"timeout 30 grep -n 'fio_card_write(f, ""CHECKSUM""\|HDU checksum updated' lib/infrastructure/aio/io/fits_core.c → rc=0 :1155 'fio_card_write(f, ""CHECKSUM"", ""0000000000000000"", ""HDU checksum updated"");'（无条件写全零串）；:1651 'if (sum != decoded && sum != 0xFFFFFFFFUL && sum != 0UL)'（verify 侧对 0 豁免）；timeout 30 sed -n '232p' docs/standards/STANDARDS_REGISTRY.md → '§6（DATASUM/CHECKSUM 校验和）… CONFORMANT … 无'",P1-001,头块无条件写 CHECKSUM 全零占位串且注释自称 updated；verify 把 0 当合法值豁免 ⇒ 交付物带未复算校验和仍判 CONFORMANT,写路径仅在 write_checksum=1 时写 CHECKSUM/DATASUM 卡（否则不预留），verify 侧对 0 全零串判失败；注册表该行改为 PARTIAL 并挂 DISP,产出文件 CHECKSUM 可复算（正例）且人为篡改数据后 verify 必红（负例）；注册表条款锚改 §6 + 偏差登记,FITS 4.0 §4.4.2 + 附录 J（全零串只是重算前置占位，非交付校验值）；ENGINEERING_SPEC §8（能红能绿）,runtime/io→lib/infrastructure/aio/io；注册表行 223→232（漂移 9）
M3-A-003,宪章 §1.1/§4.3/§5.3（旧）；SCI-CAL-001 §5/§10,OPEN,"timeout 30 grep -rn 'normalize_flat' lib/algorithms/calibration/ → rc=0 命中 calibrator.cpp:12 注释、:80 定义、README.md:75 '（median→1.0+floor）当前无调用方（DISP-CAL-007）'；timeout 30 grep -n 'flat_norm' docs/science/CALIBRATION.md → rc=0 :18 符号表 'flat_norm … normalize_flat'、:49 'flat_norm = max(flat / median(flat), 0.1)'",P1-001,SCI 符号表把 flat_norm 锚到 normalize_flat，而该函数全仓零调用方（实际归一内联在 master_generator.cpp:284-285）；SCI 未指向真实实现 ⇒ 追溯断链（DISP-CAL-007 只登记偏差未修锚）,SCI §10/符号表把 flat_norm 的实现锚改为 master_generator.cpp:284-285（或把 normalize_flat 接到生产路径）；删除/标注死函数；不改归一语义,docs/science/CALIBRATION.md 的 flat_norm 实现锚有可复跑调用点（grep 到调用方）；DISP-CAL-007 关闭,ENGINEERING_SPEC §8（算法引用有效、无悬空引用）+ §3（每个量有定义与单位）,"生产 calibrate 在 calibrator.cpp:122 只做 max(flat,0.1) 地板；median 归一在母版生成段完成"
M3-A-007,旧宪章 §4.1（不变量须无例外成立或显式声明前提）+ §13.2（测试须覆盖声明的边界）；SCI-CAL-001 §7/§10,OPEN,"timeout 30 sed -n '280,292p' lib/algorithms/calibration/src/master_generator.cpp → rc=0 :284 'float v = out[i] / final_med;'、:285 'if (v < 0.1f) v = 0.1f;'（先除中位数再逐像素夹 0.1）；timeout 30 grep -n '幂等' docs/science/CALIBRATION.md → rc=0 :65 '幂等归一不变量：…（median 已为 1.0，二次归一不变）'（未写前提）",P1-001,先除 median 再逐像素夹 0.1：被夹像素>50% 时 median(once)=0.1，二次归一整体 ×10 ⇒ 幂等不变量在缺前提下不成立；SCI §7 未声明该前提，I3 用例不含该域,二选一：(a) 把夹逼顺序改为先夹后归一，使不变量无前提成立；(b) 在 SCI §7 显式写前提（夹逼像素占比 <50%）并补边界用例（占比>50% 必红）,新增边界用例（夹逼像素>50%）下不变量或显式前提断言可红可绿；SCI §7 前提与实现一致,docs/science/CALIBRATION.md §7（幂等不变量）+ ENGINEERING_SPEC §5.1（边界与极端参数用例必备）,CALIBRATION.md:65 与 master_generator.cpp:284-285 均未变；p1cal_tests_core.cpp:271-289 不含该域
M3-C-005,旧宪章 §14.4、§11、§17.2；SCI-CAL-001 §8,NOT-APPLICABLE,"退役记录：timeout 30 grep -n phase1_session CMakeLists.txt → rc=0 :677/:720（astrocs_phase1_session 仍在构建图）；cmake/ARCH-001-migration-manifest.md:46 'lib/phase1_session |（不迁移，删除）| DEFERRED | §7.3 禁止 Session 型模块；INT-001 卡步骤 1'；缺陷仅在此待删模块：timeout 30 grep -c -e isfinite -e median -e all_zero -e degenerate lib/phase1_session/p1_session.cpp → rc=1（0 命中），:401 ac_correct_frame(..., nullptr, nullptr, ...) 直传；活通道已 fail-closed：grep -n p1_master_flat_valid lib/infrastructure/scheduler/src/module_adapters.cpp → rc=0 :1303 定义、:1384 调用",P1-001,-,-,-,退役记录：cmake/ARCH-001-migration-manifest.md §1 第 46 行 + ARCH-001 §4「仍待 INT-001 处理」；IR 节点通道（module_adapters.cpp:1303/1384）已 fail-closed，缺陷对象只在待删的 lib/phase1_session,phase1_session 仍在构建图但已 DEFERRED（不迁移，删除）；不按原处方在待删文件上整改
M3-C-012,旧宪章 §14.4、§12.3-1、§11、§4.1,OPEN,"timeout 30 grep -n '/\*mag_max\*/' lib/algorithms/photometry/cpp/src/pc_api.cpp → rc=0 :181/:566/:827 三份副本形参均 'double mag_min, double /*mag_max*/'；timeout 30 grep -n 'mag_max_arr' 同文件 → rc=0 :254 'static const double mag_max_arr[] = {12.0, 13.0, 14.0, 15.0, 16.0};'（自适应锥 + n_gaia>=2000），{12..16}/2000 在 SCI/ALG 无定义",P1-001,三份 pc_calibrate_* 全部忽略调用方 mag_max，改用硬编码五级锥；DISP-PHOT-005 只登记在合同/公开 API 表，未覆盖标定依据,把 mag_max 接回（或用 IPVSolverParams 同族字段），阈值 12..16 与 n_gaia>=2000 落 GATES_AND_TOLERANCES.md 标定依据；不改算法数值前先登记,mag_max 入参改变时产物随之改变（行为断言）；阈值表登记且与实现同值,ENGINEERING_SPEC §3（科学参数不可编造、默认容差唯一源）+ §8（算法引用有效 SCI/ALG）,行号 181/566/827 与台账一致；DISP-PHOT-005 已登记（PUBLIC_API.md:456、DATA_SEMANTICS.md:485）
M3-D-004,旧宪章 §12.2（禁任务号/控制包流水充当规范依据）、§12.3-1（锚点必须可定位）,OPEN,"timeout 30 grep -n 'flat_norm\|B13-R13-7' docs/science/CALIBRATION.md lib/algorithms/calibration/src/master_generator.cpp → rc=0：master_generator.cpp:172 已改为 'docs/science/CALIBRATION.md §5 连续定义, flat_norm'（原 §flat_norm 节名锚已修）；但 :224/:232 仍含任务号 'B13-R13-7/DISP-CAL-010'、'B13-R13-7'",P1-001,§flat_norm 不可定位锚已订正；残余为注释中的任务/轮次编号 B13-R13-7（DISP-CAL-010 为合法偏差 ID，可保留）,删除 master_generator.cpp:224/:232 的 B13-R13-7 历史编号，只留 DISP-CAL-010 与 SCI 条款锚,grep -n 'B13-R13-7' lib/ 零命中；注释依据只指向 SCI/ALG/DISP,ENGINEERING_SPEC §2（禁任务编号/审计流水充当规范依据）+ §8（无悬空引用）,部分修复；p1_session.cpp:438 的 P1-001/PROD-P0-001 流水属待删 phase1_session（DEFERRED）
M3-D-005,旧宪章 §12.2、§12.3-1；SCI-CAL-001 §8（修复策略行只登记 median 5×5，未登记 bilinear/IDW）,FIXED,"timeout 30 grep -n 'bilinear\|dirs\[4\]\|8 邻居\|IDW' lib/algorithms/calibration/src/cosmetic_corrector.cpp → rc=0：:160 'method=1 (名义 bilinear, 实为 4 正交方向 1/dist 反比加权, 见 DISP-COS-003)'、:205 'int dirs[4][2] = {{-1,0},{1,0},{0,-1},{0,1}};'；timeout 30 grep -n 'sizes\[0\]' 同文件 → rc=0 :15 'labels[i] > 0 跳过 (sizes[0] 恒为 0)，不会被误当作结构'（原「背景 label 0 的 size 设为 max_size」错文 0 命中）",P1-001,-,-,-,修复证据：8 邻居错文与不存在的 sizes[0] 赋值均已改写为与实现/ALG-COS-003 §8（DISP-COS-003）一致的口径,台账原引 :158/:199 现漂到 :160/:205
M3-D-006,旧宪章 §12.2（禁任务号/审计流水注释）、§12.3-1、§10.4,OPEN,"timeout 30 grep -n 'P12-001\|P12-002\|阶段[0-9]' -c lib/algorithms/photometry/cpp/src/star_matcher.cpp → 18 命中（任务号/阶段流水仍是主干）；timeout 30 grep -n 'OpenMP 16 线程' lib/algorithms/photometry/cpp/src/pc_api.cpp → rc=1（该子项已删）；timeout 30 sed -n '576,581p' star_matcher.cpp → 比较量 'std::fabs(new_location - prev_location)'，而 :26 注释仍写 '收敛阈值 (|scale_new - scale_old| < 1e-6)'",P1-001,两处残余：(a) star_matcher.cpp 收敛注释写 scale 而实现比较 location（注释与实现相反）；(b) 18 处 P12-*/阶段N 任务流水注释,(a) :26 注释改为 'location 变化 < 1e-6'（与 :577-580 一致）；(b) 清 P12-*/阶段号，改为 SCI/ALG 条款锚。不改收敛判据本身,grep -n 'scale_new - scale_old' star_matcher.cpp 零命中；grep -c 'P12-00\|阶段[0-9]' 同文件 = 0,ENGINEERING_SPEC §2（禁任务编号/审计流水；注释与实现一致）+ §10,部分修复：OpenMP 16 线程错文已删；行号 579→577
M3-E-001,旧宪章 §17.2、§12.3-1、§12.3-4、§11,OPEN,"timeout 30 python3 -c 'import csv;r=list(csv.reader(open(""docs/TRACEABILITY.csv"",encoding=""utf-8"")))[19];print(r[9],r[10],r[14],""ac_correct_frame_in_col6="",""ac_correct_frame"" in r[6])' → rc=0 'TEST-CAL-001 lib/algorithms/calibration/tests/test_photometry_apply.cpp VERIFIED ac_correct_frame_in_col6= False'；timeout 30 grep -roE 'TST-(CAL|PHOT|NOISE)-[0-9]+' docs | wc -l → 7 处非法前缀仍在",P1-001,校准科学门 TEST-CAL-001 标 VERIFIED，但 test_path 只指测光比例应用测试、implementation_symbols 列无 ac_correct_frame（实测 False）⇒ 追踪断链（文档声明冒充验收）,把该行 test_path 指向真正覆盖 ac_correct_frame 的用例（或降级状态），并在 TRACEABILITY_MATRIX 重建后同步；非法 TST-* 前缀统一为既有 ID 体系,该行 test_path 中用例实际调用 ac_correct_frame（grep 到符号）；矩阵生成器校验 test_path 可执行且 test_ids 前缀合法,ASTROCS_DESIGN §12（追踪无断链、未验收不得用文档声明冒充）+ ENGINEERING_SPEC §8（核心合同有独立测试）,docs/TRACEABILITY.csv 与 docs/traceability/TRACEABILITY_MATRIX.json 并存（后者为生成物），需一并同步
M3-F-002,旧宪章 §13.1/§13.2、§12.3-4、§14.4（静默放宽）；SCI-CAL-001 §11/§15,OPEN,"timeout 30 grep -n '_approx_list\|1e-3\|2e-3\|3e-3' tests/backend/test_calibration_oracle.py → rc=0 :232/:237 1e-3（MASTER_BIAS/DARK）、:254 3e-3（MASTER_FLAT）、:264/:274 2e-3（CAL0/CAL1）；timeout 30 grep -n 'rtol\|atol' docs/science/CALIBRATION.md → rc=0 :107 'NumPy FP32 rtol=1e-6, atol=1e-7' 逐像素",P1-001,oracle 容差 1e-3~3e-3 比 SCI §11/§15 声明的 rtol=1e-6/atol=1e-7 放宽 3~4 个数量级且改为抽样比对，未登记放宽依据,按 SCI 声明改回逐像素 rtol=1e-6/atol=1e-7（若 FP32 累加确实达不到，走 SCI 变更流程或登记 DISP 并给误差分析）；不得静默放宽,oracle 断言与 SCI §11/§15 数值一致；注入 1e-5 相对偏差必红,"docs/science/CALIBRATION.md §11/§15（现行 SCI：NumPy FP32 rtol=1e-6, atol=1e-7）+ ENGINEERING_SPEC §3/§5.1",行号 232-274 与台账一致
M3-G-001,旧宪章 §16.2（未实现须明确报告为未就绪）/§12.3-10/§17-4；SCI-CAL-001 §8,OPEN,"timeout 30 grep -n 'ac_correct_frame' lib/phase1_session/p1_session.cpp lib/infrastructure/scheduler/src/module_adapters.cpp → rc=0：p1_session.cpp:401-404 与 module_adapters.cpp:1551-1553 两处第 4/5 实参均逐字 'nullptr, nullptr'（master_dark/master_bias）；timeout 30 sed -n '440,450p' p1_session.cpp → rc=0 :444 'status=""partial""' 但 availability 含 {""cosmetic"",""available""}",P1-001,两个通道都给 ac_correct_frame 传 nullptr 母版（hot/cold 恒 0），manifest 仍报 cosmetic available ⇒ 未执行节点冒充可用,cosmetic 节点在 master 缺失时 availability 报 unavailable/status 显式降级（并写 hot/cold 计数为 0 的原因码）；或补 master 路径键接通,无母版时 manifest availability[cosmetic]!=available（负例断言）；配置面出现 master 路径键,ASTROCS_DESIGN §12（未实现须明确报告，不得用占位冒充完成）+ §3.2（cosmetic/validity 为固定节点）,module_adapters.cpp:1551 为活通道；p1_session 属 DEFERRED 待删
M3b-A-01,旧宪章 §12.3（结构一致≠科学正确）、§17.1（SCI 冻结无冲突）；SCI-P1-STAR-001 §1/§3；SCI-PSF-001 §10,CRITERION-WRONG,"timeout 30 sed -n '1,12p' lib/algorithms/star_detection/src/sdet_api.cpp → rc=0（:6 已登记「椭圆高斯 PSF 拟合 … PSF 侧 Moffat4 见 SCI-PSF-001 §5, DISP-STAR-007」）",P1-001,-,-,-,R-3 §0（:16）：**门本身错**——SCI-PSF-001 §10 的禁则适用范围被越界扩张到检测域。正确口径：冻结「检测侧=椭圆高斯 / PSF 侧=Moffat4」双模型，写死不可互换的换算声明并登记 DISP（现已按此登记 DISP-STAR-007）。不得按原处方把检测侧改为 Moffat4。,【人工复核覆盖：原分批复核判 CRITERION-WRONG】台账原判 OPEN/P0（按 SCI 为准改实现）。
M3b-A-03,旧宪章 §5.3（误差传播必须明确）、§4.1（:104 无效/未知语义必须明确）、§6.3；SCI-PSF-001 §9a；DISP-PSF-005,OPEN,timeout 30 grep -n 'row\[4\] = prow' lib/infrastructure/pipeline/orchestrator/cpp/src/orchestrator.cpp → rc=0 :2516 'row[4] = prow[7];  // mad (uncertainty proxy)'、:2475 '[4]=flux_uncertainty (PSF mad proxy)'；timeout 30 grep -n 'flux_uncertainty' docs/contracts/DATA_SEMANTICS.md → rc=0 :586 'flux_uncertainty（PSF mad proxy），[5]=background…',P1-001,dpsf 的 10–90% 截尾平均绝对残差（ADU/像元）被原样写进名为 flux_uncertainty 的积分流量不确定度列，缺 √N_eff 与沿 A/sx/sy 的传播；DISP-PSF-005/PSF §9a 自认无协方差，合同正文却已按科学量定名,合同列名改为 residual_mad（诊断量）或补真实不确定度换算；在 DATA_SEMANTICS 增列语义与量纲；实现按合同二选一，不改拟合数值,列值量纲/统计量与列名一致（负例：把 MAD 当 flux 误差注入 → 门必红）；DATA_SEMANTICS 增列定义与单位,docs/algorithms/STAR_PSF_ALGORITHMS.md §11.3 DISP-PSF-005 + docs/science/PSF.md §9a（q_psf 不是 SNR/不确定度）,行号 2470/2506→2475/2516（漂移 5/10）；装配码在 lib/infrastructure/pipeline/orchestrator
M3b-A-04,SCI-P1-STAR-001 §1/§5；宪章 §5.3、§12.3（旧）,OPEN,"timeout 30 sed -n '1782,1792p' lib/algorithms/star_detection/src/sdet_api.cpp → rc=0 :1783 'T bgnoise = sdet_compute_bgnoise<T>(image, width, height);'（原图）、:1785-1789 img_median 取原图、:1790 'T threshold = img_median + T(5.0) * bgnoise;' 而候选判决在 :1770-1775 的 YvV 平滑图（sigma=2.0）上进行；docs/science/STAR_DETECTION.md:19 'threshold = median(img) + 5.0·bgnoise（5σ 语义）'",P1-001,σ 取自原图、判决作用于 σ_k=2 平滑图：白噪声被降到 0.14105σ_raw ⇒ 等效阈 ~35σ_smooth，5σ 语义与虚警预算不自洽,阈值与判决同域：在平滑图上估 bgnoise（或按核因子折算 5σ→5·0.14105），并在 SCI 写明判决图与噪声域；不改检测流程结构,常数噪声场上实测虚警率与 5σ 名义一致（正例/负例各一）；SCI 明确 bgnoise 取自判决图,ENGINEERING_SPEC §3（阈值语义唯一且与噪声标定量同域）+ ASTROCS_DESIGN §11.1（门自洽可证伪）,行号 1772/1790 与台账一致，未修复
M3b-A-05,SCI-PSF-001 §7/§11；宪章 §13.1（旧）,OPEN,"timeout 30 grep -n 'thetas\[4\]' lib/algorithms/psf/src/dpsf_psf.cpp → rc=0 :411 'double thetas[4] = { theta, M_PI / 2.0 - theta, M_PI / 2.0 + theta, M_PI - theta };'；timeout 30 grep -n '旋转简并' docs/science/PSF.md → rc=0 :65 'θ 四候选…中以 trimmed-mad 最小者消歧后，fwhm_x/y 与方向无关'",P1-001,候选集非 Moffat4 对称群（π−θ 为镜像，π/2−θ 须同换 sx/sy），消歧不换轴且 fwhm 先算 ⇒ SCI 不变量恒真、不可证伪,"候选生成按对称群作用同时变换 (sx,sy) 与 θ；消歧后再算 fwhm；补 mutation 用例（人为轴交换必红）",注入 sx/sy 交换的负例必红；SCI §7 不变量与候选集群作用一致,ASTROCS_DESIGN §11.1（每个近似有 mutation 证明门能红）+ ENGINEERING_SPEC §5.1,行号 411 与台账一致；docs/science 只读
M3b-A-06,SCI-P1-STAR-001 §1/§4；SCI-PSF-001 §6；宪章 §5.3、§12.3（旧）,OPEN,timeout 30 grep -n '块状' docs/science/PSF.md → rc=0 :59 '视场内 PSF 缓变（块状拟合共享假设）；星点不饱和、采样充足'；timeout 30 grep -n 'x += r' lib/algorithms/star_detection/src/sdet_api.cpp → rc=0 :1879 'x += r;  // 跳 r 像素 (star_finder.c:310)'；两页 SCI 无最小源间距/密度条件,P1-001,SCI 无最小源间距/密度有效域，实现含 x+=r 跳步与 0.2R 去重、拟合窗无邻星掩膜；「块状共享」与逐星独立拟合方向相反 ⇒ 有效域未入合同,在 SCI/ALG 写最小源间距、邻星掩膜半径与去重规则的有效域条款；实现按条款加拟合窗邻星掩膜或声明近似误差,密集星场（间距<拟合窗）用例下质心偏差有门且可见；合同写明最小间距前提,ENGINEERING_SPEC §3（有效域须入合同、实现不得与合同相反）+ ASTROCS_DESIGN §11.1,行号 59/1879 与台账一致
M3b-A-07,SCI-P1-STAR-001 §1/§2；SCI-PHOT-001；宪章 §4.1/§5.3/§1.1（旧）,OPEN,timeout 30 grep -n 'log10f((float)\|box_sum' lib/algorithms/star_detection/src/sdet_api.cpp → rc=0 :1548/:1608 'rec.mag = -2.5f*log10f((float)fit_results[i].A)' 与 :2342 'double box_sum = 0.0;'（两条 mag 定义并存）；docs/algorithms/STAR_DETECTION_ALGORITHMS.md:75 '饱和星: mag = −2.5·log10(A_fit)',P1-001,mag 定义链不唯一：A_fit（拟合幅值，饱和支路）与 box_sum（孔径积分，主路径）两式并存，零点/误差未定义，SCI/ALG/DATA 三方不一致,冻结唯一 mag 定义（建议 box_sum 主路径 + 明确 A_fit 支路的适用与换算），在 SCI/ALG/DATA_SEMANTICS 同源登记零点与误差；不改排序实现,同一星两路径 mag 差有明确定义与容差门；grep 三处文档 mag 公式同源,ENGINEERING_SPEC §3（一个字段禁止承载多个含义）+ ASTROCS_DESIGN §11.1（定义先于实现）,行号 1548/1608/2348 与台账一致；台账已更正原判「A_fit 已消失」为「两式并存」
M3b-C-03,旧宪章 §12.2、§12.3；SCI-P1-STAR-001 §1,OPEN,timeout 30 grep -n 'center_x = (double)(xr + xl)\|xx += (xr + xl)\|rec.cx = fit_results' lib/algorithms/star_detection/src/sdet_api.cpp → rc=0 :703 'center_x = (double)(xr + xl) / 2.0;'、:1979 'xx += (xr + xl) / 2;'（整型除法，与 :703 可差 1px）、:1535/:2302 'rec.cx = fit_results[i].cx;'（输出取拟合外推，非 edge-walking 几何中心）；docs/contracts/DATA_SEMANTICS.md:731 'dedup（饱和优先保、正常星 d²≤1.0）',P1-001,三处不一致：输出中心取拟合外推（SCI 说饱和平台中心=edge-walking 几何中心）；同一几何中心两式（浮点 vs 整型除法）；去重阈 DATA d²≤1.0 vs SCI d²<4.0,统一几何中心计算（浮点式），输出按合同取正确中心；DATA §17.3 去重阈与 SCI 对齐（4.0）或 SCI 订正；拟合失败候选写状态而非静默 continue,饱和星中心断言按合同口径；去重边界用例（d²=1.0/4.0）可红可绿；grep 两条几何中心式合一,docs/science/STAR_DETECTION.md §1（饱和平台中心/重叠丢星规则）+ ENGINEERING_SPEC §8（活动文档无历史状态冒充）,行号 703/1979/1535 与台账一致；DATA 去重阈 :720→:731（漂移 11）
M3b-D-01,旧宪章 §12.2（注释只写单位/量纲/数学对象/前后条件/所有权/线程安全/边界/数值假设；禁版本历史、任务编号、审计流水、代码复述）,OPEN,"timeout 30 sed -n '17,26p' lib/algorithms/star_detection/include/star_detector.h → rc=0 SDetParams 9 字段（structureLayers/hotPixelFilterRadius/…/maxAxisRatio）零单位/值域注释；timeout 30 sed -n '1,6p' lib/algorithms/psf/src/dpsf_psf.cpp → rc=0 ':1 Moffat4/PSF 拟合数值契约（B4-14，不改算法，仅文档锚点）'（任务号锚）；timeout 30 sed -n '67,71p' lib/algorithms/psf/include/dynamic_psf.h → rc=0 ':69 // float32 PSF 拟合 API (v1.1 新增,)'（残断）",P1-001,公共头 SDetParams 无单位/值域契约（C ABI 版本化契约面）；dpsf 头含 B4-14 任务号与 v1.1 残断句；原报的『修复: RMSE 系数』『FWHM 上限完全』残句已删,给 SDetParams 每字段补单位/值域注释；删除 B4-14 任务号与 v1.1 残断句，改为 SCI/ALG 条款锚,"star_detector.h 9 字段均有单位/值域；grep -n 'B4-14\|v1.1 新增,' lib/ 零命中",ENGINEERING_SPEC §2（注释白名单/禁任务编号）+ §4 第 3 项（公开头为版本化 C ABI 契约）,部分修复：sdet_api.cpp 内两处残句已删；残余在公共头与 psf 头
M3b-F-01,旧宪章 §13.1（每模块必备独立 Oracle 且验收须覆盖真实配置）、§12.3 末段（结构一致≠科学正确）；SCI-P1-STAR-001 §1（绝对质心误差 ≤0.3px@SNR≥20 为验收项）,OPEN,"timeout 30 grep -c gate2_psf_oracle ci/checks.json → 0（rc=1，零命中=零 CI 登记）；timeout 30 python3 -c 'json.load(open(""lib/algorithms/photometry/cpp/test/gate4_dr3sp_gaiaxpy/evidence/gate2_result.json""))[""gates""][""centroid_p95_le_0.3px_production""]' → rc=0 False（生产门仍红，blocker 自述 PSF-001 未闭合）",P1-001,生产路径 0.3px 质心门在机器面上无覆盖：脚本零 CI 登记 + evidence 生产门=false；脚本内 ROOT 仍硬编码 F:\Astro dev 路径跨节点不可移植,把 gate2 脚本接入 ci/checks.json（可红可绿），去掉跨节点硬编码根，并在 PSF-001 收口后转绿；不作为发布门前保持 blocker 记录,CHK 注册项存在且本地可复跑（rc 可红可绿）；evidence 生产门转 true 有对应提交,ASTROCS_DESIGN §11.1/§11.2 + ENGINEERING_SPEC §5.1/§8（每模块独立 Oracle、验收覆盖真实配置）,ci/** 属 CI-001 文件域；本批只读复核
M3b-F-02,旧宪章 §12.3（声明须有可定位证据、独立 Oracle）、§13.1、§17.2（追溯无断链）；协议 §2 P0「已验证声明无测试/Oracle/证据支撑」,FIXED,timeout 30 ls -la tests/backend/test_psf_moffat_oracle.py → rc=0（13439 B）；文件头自述「不 import 任何本仓 C/C++ 产物」并用 scipy.optimize.curve_fit 复算 Moffat4,P1-001,-,-,-,R-3 §0（:17）：门正当，但「需新依赖」的前提不成立（scipy 已在仓内使用）⇒ 落一个 scipy 第三方 Oracle + 证据 ID；现状已落地。,【人工复核覆盖：原分批复核判 FIXED】台账原判 OPEN/P0；落地后仍建议把 TRACEABILITY 矩阵 test_path 从文档锚改为可执行目标（R-3 §0）。
M3b-F-03,SCI-P1-STAR-001 §1（召回≥99%@SNR≥10、虚警≤0.1/千像素、绝对质心误差 ≤0.3px@SNR≥20）；ALG §11.4 F1-F6 冻结「容差不得放宽」；旧宪章 §13.1/§12.3,OPEN,timeout 30 grep -n 'amp = ' lib/algorithms/star_detection/tests/p1star/p1star_fixtures.hpp → rc=0 :61 'amp = 40.0 + p * 100.0;       // amp 40–55 → SNR 6.7–9.2'（注释已如实，原「SNR≈20」假注已删）、:39 注 '低谱段低于 SCI 冻结的 SNR≥10 召回域'；timeout 30 grep -n '0.5\|if (r.ok()' tests/unit/p1_stars_test.cpp → rc=0 :44 'CHECK(std::fabs(c.sources[0].x - 32.0) < 0.5)'（SCI 门为 0.3px@SNR≥20）、:87 'if (r.ok() && !r.value().sources.empty())'（条件守卫，空真）,P1-001,"注释面已修，但冻结召回域 SNR∈[10,32.5) 仍零样本、质心门用 0.5px（非 SCI 0.3px）且断言包在空真守卫内、F1 统计只计被 1.5px 匹配器接受的星",补 SNR≥10 谱段样本（或按 SCI 变更流程收窄冻结域）；断言改 0.3px 并去条件守卫；漏检进分母,冻结域内样本数>0 且召回/质心门可红可绿；空输入用例显式失败而非 PASS,SCI-P1-STAR-001 §1（召回≥99%@SNR≥10、质心≤0.3px@SNR≥20）+ ENGINEERING_SPEC §5.1,部分修复（注释）；补样本可能转红，需独立任务
M3b-H-01,宪章 §4.1/§12.3,FIXED,timeout 30 sed -n '227p;450p' lib/algorithms/star_detection/src/sdet_api.cpp → rc=0 :227 'if (rmse_ratio > 0.2) return SF_RMSE_TOO_LARGE;' 且 :225-226 用 'fit.mad * 1.482602218505602 / fit.A'；:450 'result->mad = sdet_median_of(deviations);'（真 MAD，未换算）,P1-001,-,-,-,修复证据（台账原判 RESOLVED 复核维持）：MAD 常数 1.482602218505602 冻结 15 位，RMSE 冒充与二次换算消失,行号 227/450 与台账一致；残余「0.2 门出处」归 M3b-A-03 另案
M3b-H-02,宪章 §14.4/§12.3,OPEN,timeout 30 sed -n '195p;207p' lib/algorithms/psf/src/dpsf_psf.cpp → rc=0 :195 'if (x[4] < 0.3) x[4] = 0.3;'（步后硬钳位回填）、:207 'return DPSF_FIT_ITERATION_LIMIT;'；timeout 30 grep -n 'psf_valid' lib/infrastructure/pipeline/orchestrator/cpp/src/orchestrator.cpp → rc=0 :2504 'bool psf_valid = (prow[0] == 0.0 || prow[0] == 3.0) && …'（把迭代耗尽当有效）,P1-001,迭代耗尽（status=3）仍被视为有效 PSF，且步后钳位值被回填；测光侧只取 status=0，两处口径相反；fvec=1e10/λ 无界仍在,psf_valid 仅接受 status=0（或显式把 3 标为降级并写 validity 位）；钳位点在拟合内以边界约束实现而非步后回填；补迭代耗尽负例,迭代耗尽样本下 psf_valid=false（负例必红）；validity 位随残差超门置位,docs/plugins/algorithms_phase1/04_psf.md §7（残差超门→validity 标记，不得当拟合好；候选不足→明确失败或降级）,行号 2493→2504（漂移 11）
M3b-H-03,宪章 §5.3,OPEN,"timeout 30 sed -n '1834p;2341p;2533p' lib/algorithms/star_detection/src/sdet_api.cpp → rc=0 :1834 'const float norm = 65535.0f;  // uint16 归一化值'、:2341 'float local_B = (float)fit_results[i].B;  // 用拟合B)'、:2533 'return sdet_detect_impl<double>(handle, image, width, height, …'；lib/algorithms/star_detection/include/star_detector.h:56 '// FP64 星点检测 (double 图像, 全程 double 不降级 float32)'",P1-001,FP64 入口走同一 impl<double>，但 dynrange/minsatlevel/satrange 仍按 uint16 满值 65535 求，mag 分支把 B 降为 float32 并用 log10f ⇒ 与公开头『全程 double 不降级』字面冲突,FP64 路径的 uint16 归一化按数据类型选满值（或显式声明该标定仅适用 u16），mag 计算保持 double；头注释与实现对齐,FP64 图像下 dynrange/mag 分支无双精度降级（ASSERT/负例）；头注释与实现一致,ASTROCS_DESIGN §3.3（精度显式声明、按声明执行）+ docs/plugins/algorithms_phase1/03_star_detection.md §7,行号 1834/2341/2533 与台账一致
M6a-C-004,旧宪章 §5.3（HiPS 仅 NESTED 语义冻结）；旧宪章 §12.3-1（词表/注释与实现一致）；旧宪章 §14.3（同一合同不得两处不同缺省）,FIXED,"timeout 30 grep -n 'DRZ_CFG_KEY_NESTED' lib/algorithms/drizzle/include/astrocs/drizzle/types.h → rc=0 :55 '#define DRZ_CFG_KEY_NESTED ""nested""  /* 仅 1=NESTED; 0(RING) 被实现硬拒绝 */'（原『0=RING 1=NESTED』词表注释已改，README 面亦已订正）；module_entry.cpp:417-418 缺键→0→引擎硬拒（timeout 30 grep -n 'nested' lib/algorithms/drizzle/module.yaml → rc=1，无冲突缺省声明）",P1-001,-,-,-,修复证据：词表注释与实现硬拒口径一致；缺省 0 为 fail-closed（产品不可达而非错值），且无第二处『0=RING』缺省声明 ⇒ 两处不同缺省消失,残余为 fail-closed 不可达性，已在 README/DISP 面登记；行号 55/417-418
M6a-D-011,ALG-COS-003 §8（DISP-COS-003 已登记实现≠名义）；旧宪章 §12.2、§12.3-1,FIXED,"timeout 30 grep -n '8 邻居\|8邻居\|名义 bilinear\|双线性插值' lib/algorithms/calibration/src/cosmetic_corrector.cpp → rc=0：:160 'method=1 (名义 bilinear, 实为 4 正交方向 1/dist 反比加权, 见 DISP-COS-003)'、:203 '双线性插值：用4个方向最近的好像素做距离反比加权'、:205 'int dirs[4][2] = {{-1,0},{1,0},{0,-1},{0,1}};'；『8 邻居』0 命中",P1-001,-,-,-,修复证据：同函数两处注释已统一为与 ALG-COS-003 §8/DISP-COS-003 一致的 4 方向 IDW 口径,与 M3-D-005 同址（同一次修复）；台账 :158/:201-202 现漂到 :160/:203-205
M6a-E-002,旧宪章 §12.3-9（无悬空引用）、§12.2（注释须可核出处）、§14.2,OPEN,timeout 30 grep -c 'star_finder.c:' lib/algorithms/star_detection/src/sdet_api.cpp → 39；grep -c 'PSF.c:' 同文件 → 1；timeout 30 git ls-files -- '*star_finder.c' '*PSF.c' → rc=0 空输出（两上游 C 文件均不在仓内，无 vendored 副本/版本声明）,P1-001,40 处注释以仓外不存在的上游 C 文件行为作为公式/行为依据，不满足「非显然决定须可核出处」（悬空引用）,把公式出处下沉 docs/algorithms/STAR_DETECTION_ALGORITHMS.md 条款锚（或显式外部化并给版本/URL）；删除裸文件名行号锚,grep -c 'star_finder.c:\|PSF.c:' lib/algorithms/star_detection/src/sdet_api.cpp = 0；每条非显然决定有仓内可解析锚,ENGINEERING_SPEC §2（不可解析的上游行号不满足可核出处）+ §8（无悬空引用）,计数 39+1 与台账一致，两文件仍不在仓内
M7-A-101,无（原判据即现行权威）；旧引宪章 §1.1 尾句/§5.3 已废止,FIXED,"timeout 30 grep -n 'SIP_A/B(u,v)' docs/science/ASTROMETRY.md → rc=1（0 命中，原 :48 式已删）；timeout 30 grep -n 'SIP_A/B' 同文件 → rc=0 :49 '(ξ,η) = CD · [ (xp−CRPIX) + SIP_A/B(xp−CRPIX) ]'（像素域式，自变量=像素偏移）",P1-001,-,-,-,修复证据：§5 主式已按 R-3 §5.4 以实现为准重写为像素域括号式，台账引用的旧式逐字消失,同族 M1a-A-001 另判 OPEN（残余在 §5a:78 冻结合同条款，非本条对象）；docs/science/ASTROMETRY.md 当前 hash=a75493dbc9f6
M7-A-116,无（原判据即现行权威：CALIBRATION §3 量纲表/§4 平场条/§5/§8/§10）,OPEN,"timeout 30 grep -n 'median<=0' docs/science/CALIBRATION.md → rc=0 :38 '非 NULL 时 normalize_flat 将 median<=0 的平场保持原样不归一（避免除零）'、:50 '# median<=0 时不归一，保持原样'、:102 列入不可接受变化（反向）；sed -n '68,80p' 同文件 §8 表 'median(flat)<=0 → normalize_flat 不归一，保持原样'",P1-001,该分支令 flat_norm 回落到 ADU 量纲（与 §3 量纲表『无量纲 median=1』断链），同为平场不可用却与 NULL 跳过分流且无错误码 ⇒ cal 被静默缩放,median<=0 与 NULL 同走显式错误/状态位（或返回未校准标记），并补 §3 量纲断链说明；不改 floor 数值,median<=0 平场用例下输出状态非『正常校准』（负例必红）；§3/§8 量纲与错误码一致,ENGINEERING_SPEC §3（量纲/单位与不可接受变化须唯一自洽）+ ASTROCS_DESIGN §11.1,行号 38/50/102 与台账 :38/:50 一致
M7-A-118,无（原判据即现行权威：PSF §2/§5/§7/§10/§11）,OPEN,python3 -c '2*sqrt(2)*sqrt(2**0.25-1)' → rc=0 1.2303076525901024；timeout 30 grep -c '1.230310' docs/science/PSF.md → rc=0 5 命中（:20/:51/:63 等仍冻结 1.230310）；§11:98 '解析一致性（max_abs==0）',P1-001,解析值 1.2303076 与冻结常数 1.230310 在第 6 位分歧：§7『恒为 1.230310』/§10 禁改/§11『解析一致性 max_abs==0』三语句不可同真,二选一：把冻结常数改为解析值 1.2303076526（走 SCI 变更流程，实现同步 15 位常数），或把 §11 的 max_abs==0 改为按冻结常数舍入后的容差式；不得两存,常数与 Oracle 同一数值、同一个容差式；注入 1e-6 相对偏差必红,ENGINEERING_SPEC §3（冻结常数与 Oracle 精度须一致）+ ASTROCS_DESIGN §11.1（不得以硬编码同值绕过解析门）,行号 20/51/63 与台账一致；需科学裁决
M7-A-128,无（原判据即现行权威：docs/algorithms/STAR_DETECTION_ALGORITHMS.md §11.4 F1）,OPEN,timeout 30 grep -n '召回' docs/algorithms/STAR_DETECTION_ALGORITHMS.md → rc=0 :266 '（SNR≥20）；FWHM 相对误差 ≤10%；完整性: SNR≥10 星召回 ≥99%'（台账 :257，漂移 9）；实现阈值 = 原图 median + 5·σ_raw 而判决在 σ_k=2 平滑图（sdet_api.cpp:1790 vs :1770）,P1-001,判决域用未平滑原图 5·σ_raw，平滑核把白噪声降为 0.14105σ_raw ⇒ 阈等效 35.45σ_smooth；SNR=10 源在判决图峰值上界 10σ_smooth，门数学不可达且无在册用例,在 ALG 写明判决图与噪声域（或把 5σ 折算到平滑域），并补 SNR≥10 可达性用例；不改门值前先做可达性证明,SNR=10 合成源在冻结域内可被检出（正例）；门式与判决域/噪声域同域,ASTROCS_DESIGN §11.1（科学不变量与 Oracle 必须可证伪）+ ENGINEERING_SPEC §5.1,行号 257→266（漂移 9）
M7-A-130,无（原判据即现行权威：docs/algorithms/STAR_PSF_ALGORITHMS.md §F2 与 FWHM 行）,OPEN,"timeout 30 grep -n '1.230310' docs/algorithms/STAR_PSF_ALGORITHMS.md → rc=0 :75 'post: FWHM=1.230310·sx/sy, flux=2πA·sxsy/3'、:151 同式（F2 系数 MOFFAT4_FWHM_FACTOR :24，:54 各向同性 FWHM=1.230310σ）",P1-001,量纲错式：FWHM 随 sy 增大而减小、随 sx 增大而增大，与同篇 F2（各向同性 FWHM=1.230310σ）及 SCI-PSF 解析比值不可同真,把 :75/:151 改为 FWHM_x=1.230310·sx、FWHM_y=1.230310·sy（或按几何平均 sqrt(sx·sy)），与 SCI-PSF 解析式一致；实现不改,ALG 内 FWHM 式各向同性退化为 1.230310σ；grep -n 'sx/sy' docs/algorithms/STAR_PSF_ALGORITHMS.md = 0,ENGINEERING_SPEC §3（PSF 公式不可改，须走 SCI 变更流程）+ ASTROCS_DESIGN §11.1（解析不变量）,行号 75/151 与台账一致
M7-A-131,旧宪章 §13.1 性质/不变量测试 + docs/algorithms/CALIBRATION_ALGORITHMS.md §F4.1,OPEN,"timeout 30 sed -n '145,150p' docs/algorithms/CALIBRATION_ALGORITHMS.md → rc=0 'σ=1.482602218505602·mad；hot = (dark > med + hot_sigma·σ)'；timeout 30 grep -n 'mad=0 时阈值' docs/contracts/DATA_SEMANTICS.md → rc=0 :201 'mad=0 时阈值=±med（σ=0）'",P1-001,MAD=0 ⇒ 阈≡med 的退化分类仍在冻结式内，无『不可判』降级与计数暴露；欠曝/常量母版下必然发生,在 ALG/合同增加 mad=0 的显式分支（判不可判/跳过并计数暴露），或声明该退化下 hot/cold 全帧分类无效；补边界用例,常量母版用例下检测计数与降级状态有断言（可红可绿）；合同写明该退化语义,ASTROCS_DESIGN §11.1 + ENGINEERING_SPEC §5.1（边界/极端参数用例必备）,原『判为良性』表述已不在树；DATA_SEMANTICS:201 未变
M7-A-134,无（原判据即现行权威：docs/algorithms/CALIBRATION_ALGORITHMS.md §F4.1 对照 docs/algorithms/COSMETIC_ALGORITHMS.md §1）,OPEN,"timeout 30 grep -n 'cold = \|med_b' docs/algorithms/CALIBRATION_ALGORITHMS.md docs/algorithms/COSMETIC_ALGORITHMS.md → rc=0：CALIB:149 '冷像素: cold = (bias < med − cold_sigma·σ)'（复用热块 med/σ）、COSMETIC:47 'cold_mask[i] = (bias[i] < med_b − cold_sigma·σ_b)'；实现：cosmetic_corrector.cpp:145 'float med = compute_global_median(bias, n);'（对 bias 独立求统计量）",P1-001,两篇 ALG 对同一 detect_cold_pixels 给互斥符号描述；读码确认 COSMETIC 侧为真，CALIB §F4.1 冷分支错接热块统计量,CALIBRATION_ALGORITHMS.md §F4.1 冷分支改为 med_b/σ_b（bias 独立统计量），与 COSMETIC 及实现一致；不改代码,grep -n 'cold = (bias < med − cold_sigma·σ)' CALIBRATION_ALGORITHMS.md = 0；两篇 ALG 同式,ENGINEERING_SPEC §3（科学定义=算法=代码=测试机器一致）+ ASTROCS_DESIGN §11.1,行号 149/47 与台账一致；读码证据 cosmetic_corrector.cpp:145
M7-A-135,无（原判据即现行权威：docs/algorithms/STAR_DETECTION_ALGORITHMS.md §3 阶段 4 与 §6）,OPEN,"timeout 30 grep -c 'x += 5' lib/algorithms/star_detection/src/sdet_api.cpp → 0（实现已无跳步；:1985 注释记原 x += xr 回写已删）；timeout 30 grep -n 'x+=5\|跳步' docs/algorithms/STAR_DETECTION_ALGORITHMS.md → rc=0 :95 'if not local_max_11x11(smooth,y,x): x+=5; continue'、:150 '命中后 x+=5 跳步 :1734'",P1-001,文档 §3/§6 仍描述 x+=5 跳步，实现已无任何 stride；判据锚 :1715-1734 已失效 ⇒ 文档与实现三方不一致,按现实现重写 §3/§6（无跳步、全像素扫描 + local_max 判决），删除失效 :1715-1734 锚；不改实现,grep -n 'x+=5' docs/algorithms/STAR_DETECTION_ALGORITHMS.md = 0；文档流程与 sdet_api.cpp 扫描循环逐行对应,ENGINEERING_SPEC §8（算法引用有效、无悬空引用）+ ASTROCS_DESIGN §11.1,行号 93/148→95/150（漂移 2）
M7-A-138,docs/standards/STANDARDS_REGISTRY.md D.healpix 五行证据指针（旧冻结注册表，非链上）,OPEN,timeout 30 wc -l docs/algorithms/HEALPIX_MAPPING.md → rc=0 35；timeout 30 grep -c -e ang2pix -e nest2ang docs/algorithms/HEALPIX_MAPPING.md → rc=0 1（无 ang2pix/nest2ang 闭式、无单位与坐标系、无无效值语义）,P1-001,ALG-HEALPIX-* 域无判据落点：全篇只给 tile_shift=9/mask=(1<<18)-1/nested_local_to_xy 三条不变量，缺闭式与无效值语义,补 ang2pix/nest2ang 闭式（含 NESTED/RING 区别）、单位/坐标系与无效输入语义（-1/异常返回）并给独立 Oracle 锚,文档含闭式与边界语义；新增 Oracle 用例（极点/RA 跨 0/非法 nside）可红可绿,ENGINEERING_SPEC §8（检查器覆盖算法引用有效 SCI/ALG 与无悬空引用）+ §4 模块规范,35 行/1 命中与台账一致
M7-A-141,无（原判据即现行权威：docs/algorithms/DRIZZLE_GEOMETRY.md §buffer 块）,OPEN,"timeout 30 sed -n '60,75p' docs/algorithms/DRIZZLE_GEOMETRY.md → rc=0 'quick-reject: lim = max_angle + 1.25·hp_res（HP_CIRCUMRADIUS_FACTOR=1.25，:42；极区实测最坏 1.044×hp_res）'、'query_radius = max_angle + 3.0·hp_res'；1.25 只给「实测最坏」无 sup 推导，1.15/3.0 与 1.25 的关系未声明",P1-001,三系数（1.25/1.15/3.0）关系未论证：1.25 缺 sup(外接半径) 推导，3.0 保守查询圆与 1.15 快速路径畸变系数的读法未声明，任一改动无安全边界可依,在 DRIZZLE_GEOMETRY.md §buffer 补 1.25 的外接半径上界推导（sup）与 3.0/1.15 的来源与相互关系；给零漏选 mutation 门锚,文档给出 1.25≥sup 的推导；改动任一系数时 candidate_oracle_test 必红（mutation）,ENGINEERING_SPEC §3（归约/精度与默认容差不可改，值须可解释）+ ASTROCS_DESIGN §11.1,行号 65-69 与台账一致；1.15 在实码中已 0 命中（同族 M2a-D-1 已收敛）
M7-A-201,旧宪章 §5.3（Drizzle 能量/面亮度语义）、§12.3-1（科学定义须可复算）；L19-004,OPEN,timeout 30 grep -n '1.532\|1.25' docs/science/DRIZZLE.md → rc=0 :65 '缓冲三层 (HP_CIRCUMRADIUS_FACTOR=1.25·hp_res)'、:75 '球面裁剪外接圆半径 1.25·hp_res 覆盖赤道对角线 1.532·res 与极区最坏 1.044·res + 裕量',P1-001,把半径 1.25 与全 φ-对角 1.532 并列作『覆盖』比较，按字面 1.25≥1.532 为假命题且未声明 1.532 的量类（数值行为不改，1.25 实测够用）,改写该句：明确 1.532 是平面像素对角线与球面半径不同量类（或给出 1.25 半径对 1.532 对角的实际覆盖论证）；不改 HP_CIRCUMRADIUS_FACTOR,DRIZZLE.md 无 1.25≥1.532 的字面蕴含；量类声明与 §buffer 推导一致,ENGINEERING_SPEC §3（值须可解释）+ docs/plugins/algorithms_phase1/08_drizzle.md §4（单位/面积不可隐含）,行号 65/75 与台账一致；仅表述缺陷
M7-A-202,旧宪章 §4.1/§13（不变量与测试证据）；L19-005；旧注册表 docs/standards/STANDARDS_REGISTRY.md:162,OPEN,"python3 -c '12*4*5*7*2*2*2, 9003%2, 9003%1680' → '13440 1 603'；timeout 30 grep -n '9003' docs/science/DRIZZLE.md → rc=0 :85 '零漏选不变量：candidate_oracle_test 9003 例全枚举…（12 face×边/角×RA跨0×极区×4 pixfrac×5 尺度×7 nside）'",P1-001,因子笛卡尔积≥12·4·5·7·2·2·2=13440 且为偶，9003=3×3001 为奇且不被 1680 整除 ⇒『全枚举』与所列因子不可同真,二选一：补足/改写因子列表使积=9003（或 9003 为去重后计数并写明去重规则），或把用例数改为真实全枚举值；同步 TEST-DRZ-CAND-001 的门文本,文档因子积与用例数一致（脚本复算 rc=0）；门可复跑且计数自洽,ENGINEERING_SPEC §5.1（科学不变量/性质测试 + 独立 Oracle）+ 08_drizzle.md §4,行号 85/108/115 与台账一致；旧注册表 :162 CONFORMANT 抄录需同步
M7-A-204,旧宪章 §4.1、§13.1；L19-011；SCI-PHOT-001 §4/§5/§10,FIXED,"timeout 30 grep -n 'S = MAD\|scale=1.0\|S=0' docs/science/PHOTOMETRY.md → rc=0 :52 'S = MAD(r_consistent)/0.6744897501960817, location_0 = median(r_consistent)'、:76 'S=0 退化：全体 r 相等时 S=0 ⇒ location=median(r)，不迭代'；'scale=1.0' 0 命中；台账原判 RESOLVED 复核维持",P1-001,-,-,-,修复证据：S 已在 §4/§5 给出闭式并显式声明 S=0 分支；§10 三条不可接受变化无 scale=1.0 声明，全史无该行 ⇒ 原判冲突不成立,行号 52/76（台账 :20/:52/:76）
M7-A-206,旧宪章 §13（性质/不变量测试）、§4.1；L19-017；SCI-PSF-001 §5/§11,OPEN,timeout 30 grep -n 'max_abs\|BUNIT\|相对误差' docs/science/PSF.md → rc=0 仅 :98 '解析解：各向同性 FWHM/σ 与 flux 公式的解析一致性（max_abs==0）'；BUNIT/相对误差 0 命中,P1-001,§11 门侧仍不含 BUNIT/单位断言，px² 抵消的残余覆盖缺口仍在（flux 单位已在 §4:28/§9a:87 声明为 ADU，但门不校验单位）,给 §11 解析门加单位/量纲断言（flux 的 ADU 与 px² 抵消路径各一条），或登记该缺口为 DISP 并给证据面；不改公式,门含单位断言（注入单位错位必红）；PSF.md §11 门表与 GATES_AND_TOLERANCES 同源,ENGINEERING_SPEC §5.1（科学不变量/性质测试 + 独立 Oracle/解析解）+ 04_psf.md §8,行号 98 与台账一致；M7-A-119 面已闭合但本条残余覆盖缺口独立
M7-A-207,旧宪章 §13.1；L19-021；SCI-CAL-001 §4/§8,OPEN,timeout 30 grep -n 'NaN' docs/science/CALIBRATION.md → rc=0 :37 '输入含 NaN 时 median/MAD 跳过 NaN…输出不传播 NaN 为伪有效值'、:109；timeout 30 grep -n '全 NaN' docs/science/CALIBRATION.md → rc=1（§8 退化条件表无「全 NaN 像素」行）；实码 :265-268 tmp.empty() → 记日志并 return AC_ERR_PARAM,P1-001,代码侧已显式拒绝（DISP-CAL-010），但 SCI §8 退化表缺「全 NaN 像素」行、合同未登记该退化路径与计数 ⇒ 文档/合同面缺口仍在,在 SCI §8 表补「全 NaN 像素 → AC_ERR_PARAM（含日志/计数）」行，并在 DATA_SEMANTICS 登记；不改代码,§8 表含全 NaN 行且与实码错误码一致；grep -n '全 NaN' CALIBRATION.md 命中,docs/plugins/algorithms_phase1/01_calibration.md §4/§7 + docs/science/CALIBRATION.md §8（退化条件须逐行显式）,§8 表现 6 行；行号 261-270→265-268（漂移 4）
M7-H-102,无（原判据即现行权威）,OPEN,"timeout 30 sed -n '213,217p' lib/algorithms/drizzle/healpix_drizzle/spherical_overlap.cpp → rc=0 :215 'if (max_ang >= 0.5 * PI - 1e-12) return T(NAN);'；timeout 30 grep -n 'overlap_area < Scalar(1e-20)' lib/algorithms/drizzle/healpix_drizzle/drizzle_engine.cpp → rc=0 :1526（唯一拒绝门），无 isnan 门",P1-001,NAN 哨兵与拒绝判据不匹配：NaN 使 overlap_area<1e-20 与 weight<=0 均为假，NaN 通过两道门进 sumFlux 累加污染整 tile，且无计数暴露（DISP-DRZ-004 只登记值面 NaN）,在面积/权重门加 std::isfinite 检查（NaN/Inf 与 <1e-20 同路拒绝并计数暴露）；同步 DISP-DRZ-004,人为注入 NaN 面积的用例下 tile 不产出污染值且计数增加（负例必红）,docs/algorithms/DRIZZLE_GEOMETRY.md §5（半球检查失败→NAN 面积；A_drop<1e-20 或 w≤0→拒绝）,行号 215/1526 与台账一致；几何面积 NaN 与值面 NaN 为两条
M9-A-1,宪章 §5.3（Drizzle 单位与误差传播必须明确）、§4.1；STD-REG 纪律（无科学依据阈值须经 SCI 裁决或 DISP 登记）；宪章 §12.3（缺陷认定后须回写文档）,OPEN,timeout 30 grep -n 'cos_thresh_60\|THRESH_60ARCSEC' lib/algorithms/drizzle/healpix_drizzle/drizzle_engine.cpp → rc=0 :244 'double cos_thresh_60 = 0.0;   // cos(60 角秒)：边跨度自适应阈值'、:1393 'if (d <= rctx.cos_thresh_60) use_adaptive = true;'、:1770/:1774 定义；timeout 30 grep -c 'cos_thresh\|use_adaptive' docs/algorithms/DRIZZLE_GEOMETRY.md → 0,P1-001,路径切换判据仍用 60″ 阈值且无数学依据/DISP 编号/边界用例，ALG 文档对阈值去向零陈述,在 DRIZZLE_GEOMETRY.md 登记 60″ 阈值来源与适用域（或给解析依据），补 59″/61″ 边界 mutation 用例；不改阈值前先登记 DISP,阈值有 ALG 登记行 + 边界用例可红可绿；grep -c 'cos_thresh' DRIZZLE_GEOMETRY.md > 0,ASTROCS_DESIGN §11.1（科学定义先于算法、每个近似有 mutation 证明门能红）+ ENGINEERING_SPEC §3,行号 244/1770 与台账一致；面积路径已统一 Eriksson，仅阈值未登记
M9-B-1,旧宪章 §4.1（DATA 须写明单位与像素语义）、§5.3（WCS 单位与误差传播须明确）、§12.3（登记与实现一致）；文件：lib/plate_solve/cpp/ipv/src/ipv_wcs.cpp::extract_wcs_s…,OPEN,"timeout 30 sed -n '358,364p' lib/algorithms/platesolve/cpp/ipv/src/ipv_wcs.cpp → rc=0 :364 '注: 这是像素域约定; SIP 标准的 A_ij/B_ij 定义在中间世界坐标(度)上'（注释已如实）；但 timeout 30 grep -n 'FITS paper IV' lib/infrastructure/scheduler/src/module_adapters.cpp → rc=0 :1908 '// SIP 前向修正 (FITS paper IV §2.1: U = dx + A(dx,dy), V = dy + B(dx,dy))'（FITS Paper IV 实为光谱坐标，引用错），写盘仍以标准键 A_i_j/B_i_j 承载像素域系数",P1-001,"残余两处：桥注释引用不存在的 FITS paper IV §2.1（正确出处=SIP, Shupe 2005 §2/§3 或 WCS Paper II）；写盘面仍以标准键承载像素域系数（键语义归科学/合同裁决）",(a) 注释改为 SIP（Shupe 2005）锚；(b) 键语义二选一：写盘前把 A/B 换到中间世界坐标（deg/px^{i+j}）或改键名/加 ASTROCS 私有前缀并在 DATA_SEMANTICS 登记；不改数学,grep -c 'FITS paper IV' module_adapters.cpp = 0；DATA_SEMANTICS 对 A_i_j 数组的单位声明唯一,SIP（Shupe et al. 2005）：A_ij/B_ij 施加于中间世界坐标（度），量纲 deg/px^(i+j)；FITS WCS Paper I：CDi_j 为 deg/px,ipv_wcs.cpp 注释面已修（P1-001 记录），写盘面 :1933/:1948/:3131 未变；行号 361→364
M9-C-3,旧宪章 §4.1/§12.2/§12.3,OPEN,"timeout 30 grep -n 'fov_diag' lib/algorithms/platesolve/cpp/ipv/include/ipv_polygon.h → rc=0 :42 'double fov_diag = 0.0,  // FOV 对角线 (角秒, 0=禁用形状剪枝)'、:87 'r_local = 0.15 * fov_diag'；timeout 30 grep -n 'fov_diag' lib/algorithms/platesolve/cpp/ipv/src/ipv_select.cpp → rc=0 :287 'fov_diag_deg = fov_diag_asec / 3600.0;'；timeout 30 grep -c 'geometric_vote(' .../test/test_synthetic.cpp → 1",P1-001,同名视场量两套口径：polygon/vote 族按角秒、选择器/求解器主链已改度（ipv_types.h:91 fov_diag_deg）；度值若传入 geometric_vote 则 is_wide_fov 永假、r_local 缩 3600 倍；仅测试调用，属接线即复发型,统一为单一单位（建议 deg）并改 polygon/vote 族签名与阈值（3.0*3600、日志 /3600、r_local），或加单位后缀防混用；补单位一致性单测,geometric_vote 与选择器同单位（正例）；混用单位注入必红（负例）,ENGINEERING_SPEC §3（禁止一个字段承载多个含义，数据对象按 UNIFIED_MODEL 区分）+ docs/design/UNIFIED_MODEL.md §1（单位与量纲）,行号 42/287 与台账一致；REPORT.md:335 的 sigma_d_adaptive 公式代码中不存在
M9-D-1,旧宪章 §12.2（注释须解释为什么、须正确说明单位与近似前提）、§5.3（球面/切平面近似误差与适用范围必须明确）,FIXED,"timeout 30 sed -n '483,487p;506,509p' lib/algorithms/drizzle/healpix_drizzle/drizzle_engine.cpp → rc=0 :485-486 '注: gnomonic 切平面坐标 (xi, eta) = tan(θ)·方向, 本身无量纲; 仅在 θ ≪ 1 时数值上等于 θ(rad), 相对偏差 θ²/3'（原「量级为弧度」错文已改）；:508 'double sigma_min = std::sqrt(lambda_min); // 弧度/像素'",P1-001,-,-,-,修复证据：注释已写明 tanθ 无量纲与小角近似前提及 θ²/3 误差量级，与实现/前置条件一致,台账 :485-486/:508 与现文一致；实现结果本正确，原为表述失准
V10-N-01,无（原判据即现行权威；站点＝旧路径 lib/healpix_db/healpix_drizzle/fits_reader.cpp，本会话实测已迁 lib/algorithms/drizzle/healpix_drizzle/）,OPEN,"timeout 30 grep -n '数据读取不完整\|n_pixels = got' lib/algorithms/drizzle/healpix_drizzle/fits_reader.cpp → rc=0 :426 '警告: 数据读取不完整 (%zu/%zu 字节)'、:427 'n_pixels = got / bytes_per_pixel;  // 按实际读取量处理'；timeout 30 sed -n '524,532p' 同文件 → rc=0 :530 'return true;'（仍报成功，宽高取头部 NAXIS）",P1-001,短读只缩 pixels 向量、宽高仍取头部 NAXIS ⇒ 输入面按 y*width+x 索引可越界且函数报成功；输出面另有 pixels.size() 校验但不覆盖输入面,短读时 fail-closed（返回 false/错误码）或把 width/height 同步为实际读入量并在调用点校验；补短读用例,截断文件输入下 fits_reader 返回失败或尺寸自洽（负例必红）；调用点无越界读,ASTROCS_DESIGN §9（阶段间只经磁盘产品交换；aio 唯一 IO 边界）+ ENGINEERING_SPEC §9（失败不得留下可被误认成正式产品的半成品）,行号 425-428/530 与台账一致
V10-N-02,"无（原判据即现行权威；站点＝旧路径 lib/healpix_db/healpix_drizzle/{fits_reader,wcs_sip}）",OPEN,timeout 30 grep -n 'a_order\|ap_order' lib/algorithms/drizzle/healpix_drizzle/fits_reader.cpp → rc=0 :225 声明四 order、:289/:291 解析、:379-381 仅 'A_ORDER(%d) != B_ORDER(%d)' 警告；timeout 30 grep -n 'a_order > \|order > 5\|clamp' 同文件 → rc=1（无范围判定/夹逼）,P1-001,"读侧不夹阶数即以外部件数索引 36 槽固定系数池（a[36]）；同族 KV 边已夹 [0,5]（hp_drizzle_api.cpp:437-441 return -10）⇒ 同一字段两种口径","读侧对 A/B/AP/BP_ORDER 施加 [0,5] 判定，越界 fail-closed（与 hp_drizzle_api 同口径）；补越界用例",A_ORDER=9 的 FITS 输入被拒（负例必红）；两侧阶数口径一致,ASTROCS_DESIGN 附录 B（SIP 阶数有确定值域）+ ENGINEERING_SPEC §5.1（边界/错误输入必备测试）,行号 225/379 与台账一致；wcs_sip.cpp 固定 6×6 布局
V10-N-03,无（原判据即现行权威；站点＝旧路径 lib/gaia_xpsd_client/src/gaia_client.c，已迁 lib/infrastructure/gaia_xpsd_client/src/）,OPEN,"timeout 30 grep -n 'item_size\|parse_bounded_int(p + 14' lib/infrastructure/gaia_xpsd_client/src/gaia_client.c → rc=0 :1269 'xf->item_size = item_sz[0] ? atoi(item_sz) : 0;'（裸 atoi）、:1284 'if (!parse_bounded_int(p + 14, WL_COUNT, &xf->spectrum_count))'（相邻处用带界解析器）",P1-001,同一函数相邻两处：itemSize 用裸 atoi（负值/垃圾值无错误分支），item_size 是解交织步长，进入后续解码,itemSize 改用 parse_bounded_int 并给合法域（>0 且 ≤ 上限），越界显式错误返回,非法 itemSize 输入下解析失败并给出错误码（负例必红）；无未校验 atoi,ASTROCS_DESIGN §3.5（存在 error 时强制阻断运行）+ ENGINEERING_SPEC §9（错误通过统一状态码+结构化诊断传播）,行号 1269/1284 与台账一致
V10-N-06,无（原判据即现行权威；站点＝旧路径 lib/healpix_db/healpix_drizzle/fits_reader.cpp 的 :315-321／:333-342／:419-422）,OPEN,timeout 30 grep -c -e 65535 -e MAX_DIM lib/algorithms/drizzle/healpix_drizzle/fits_reader.cpp → 0；timeout 30 grep -n 'naxis1 <= 0\|uint8_t> raw(data_size)' 同文件 → rc=0 :315 'if (naxis1 <= 0 || naxis2 <= 0)'（仅正数判定）、:422 'std::vector<uint8_t> raw(data_size);'（头部尺寸直乘分配）,P1-001,仅判正数、无上限即把头部尺寸直乘成分配量 ⇒ 恶意/损坏头可触无界内存增长；同族 aio_fits.cpp:554/aio_xisf.cpp:33 已有 65535 上限口径,读侧加维度上限（与 aio_fits parse_fits_header 的 65535 同口径）并 fail-closed；补超限头用例,NAXIS>65535 的输入被拒（负例必红）；三处 FITS 读面口径一致,ASTROCS_DESIGN §8（无界内存增长禁项）+ §12（发布候选清单含无界内存增长）+ ENGINEERING_SPEC §5.1,行号 315/419-420→315/422 与台账一致
V12-N-05,docs/contracts/API_CONTRACTS.csv::compute_initial_mag_cut 行（末列标 VERIFIED，非链上）,OPEN,"timeout 30 grep -rn 'compute_initial_mag_cut' lib tests cli → rc=0 仅 3 命中（:333 注释、:336 定义、ipv_select.h:64 声明）⇒ 零调用者；timeout 30 sed -n '430,440p' lib/algorithms/platesolve/cpp/ipv/src/ipv_select.cpp → rc=0 :437 内联第二份 'm = 6.0 + 1.5*log10(f_safe) + 2.0*log10(t_safe) + params.m_lim_m0_offset'",P1-001,同一式两份字面实现（权威函数零调用者 + 内联副本）；m_lim_m0_offset=-4 ⇒ 两路径同输入差 4.000 mag；13.0 仍非 IPVSolverParams 字段,删除权威函数或把内联副本改为调用同一函数（单一实现）；13.0 上界落 params/文档登记；补两路径一致性断言,grep 调用点=1 且无第二份字面式；两路径同输入同输出（正例）,ENGINEERING_SPEC §3（公式唯一实现、不得双头）+ §4（单一 entrypoint）,行号 333/336/437 与台账一致；API_CONTRACTS.csv 该行末列 VERIFIED 属非链上
V12-N-06,注释所引旧路径 docs/algorithms/IPV_PIPELINE.md（该路径不存在）,FIXED,timeout 30 ls docs/algorithms/IPV_PIPELINE.md → rc=2（不存在）；timeout 30 grep -c 'docs/algorithms/IPV_PIPELINE.md' lib/algorithms/platesolve/cpp/ipv/src/ipv_select.cpp lib/algorithms/platesolve/cpp/ipv/include/ipv_types.h → 0 / 0（原 5 与 1 的悬空引用已整改）,P1-001,-,-,-,修复证据：6 处以不存在路径为『偏差已登记』依据的注释已整改（P1-001 记录『该悬空引用即缺陷本身 → 已整改注释』），同仓仅 lib/algorithms/platesolve/IPV_PIPELINE.md,同批配套：DISP 登记须指向现存 IPV_PIPELINE.md
V12-N-07,旧宪章 §10.4（禁硬编码/单一来源）、§12.3-3；V2-D2③；V12-N-05/11,OPEN,"timeout 30 sed -n '420,432p' lib/algorithms/platesolve/cpp/ipv/src/ipv_select.cpp → rc=0 :424 'safety = (params.m_lim_safety > 0.0) ? params.m_lim_safety : 3.0;'、:425 tol?:0.1、:426 max_q?:4、:427 zero_step?:3.0（alpha?:0.2885 同族）；timeout 30 grep -n 'm_lim_safety\|density_tolerance' lib/algorithms/platesolve/cpp/ipv/include/ipv_types.h → rc=0 :244 0.2885、:249 3.0、:262 0.1 等五对同值双写；:529 'step = min(max(step,-6.0),6.0)' 无 params 字段",P1-001,五对「兜底字面量 vs 结构默认值」各写一遍且互不引用，±6.0 无 params 字段/文档登记/static_assert ⇒ 默认值多源,兜底路径改为直接引用 params 默认值（或 static_assert 同值），±6.0 提升为 params 字段并在 ALG 登记；不改数值,每对同值有 static_assert 或单一定义点；grep 无第二份字面量,docs/plugins/algorithms_phase1/05_platesolve.md §4 + ENGINEERING_SPEC §3（默认容差不可修改、禁止同值多处独立定义）,行号 424-429/244-262 与台账一致；ipv_types.h:211 自记 m_lim_* 配置不可达
V12-N-13,旧宪章 §12.3-3、§10.4；M1a-L01-012；簇 8,OPEN,"timeout 30 sed -n '310,320p' lib/algorithms/platesolve/cpp/ipv/src/ipv_select.cpp → rc=0 :312 注释『宽窄 FOV 统一为 60（与 img_n_target 一致…）』（n_target_cap=60 夹进 [50,60] 同段）；timeout 30 grep -n 'img_n_target' lib/algorithms/platesolve/cpp/ipv/include/ipv_types.h → rc=0 :232-233 '自适应扩充 20→40→60…' + 'int img_n_target = 20;'",P1-001,"三套口径互斥：代码夹进 [50,60]（实际取值域 20% 带宽，60/50 皆裸）/注释写『统一为 60』/结构默认 20 且注释写 20→40→60；原文档锚 PLATESOLVE.md:115 已不含该句",把 50/60 提升为 params 字段并在 ALG 登记，结构默认值与注释同源；补取值域断言,默认值/注释/调用点三者同值且可复算；grep 无裸 50/60 阈值,docs/plugins/algorithms_phase1/05_platesolve.md §4（选星规模须有承载）+ ENGINEERING_SPEC §3（默认值不可多源）,行号 317-318/232-233 未漂移
V12-N-15,旧宪章 §12.3-3；旧路径 lib/healpix_db/healpix_drizzle/hp_drizzle_api.h:53-54（HP_DRIZZLE_MAX_PSF_TERMS=511）与 docs/algorithms/PH…,FIXED,timeout 30 grep -rn 'MAX_PSF_TERMS\|MAX_PARAM_SLOTS' lib/ → rc=1（0 命中）；timeout 30 grep -c 511 docs/plugins/algorithms_phase1/08_drizzle.md → 0；hp_drizzle_api.h/.cpp 仅 error_msg[512] 字符缓冲（非科学常量）,P1-001,-,-,-,修复证据（台账原判 RESOLVED 复核维持）：511/512 字面量与引用文档均已不在当前树，缺陷对象不存在，不再构成偏差,旧 docs/algorithms/PHASE1_HIPS_DRIZZLE.md 亦不存在
V2-N-03,旧宪章 §12.3/§17.2；原判据另引「AGENTS.md 科学定义=算法=接口=代码=测试」（该句在新 AGENTS.md 命中 0）,OPEN,timeout 30 grep -n 'RMSE' docs/algorithms/STAR_DETECTION_ALGORITHMS.md → rc=0 :113 '#   RMSE=mad·1.482602218505602/A≤0.2、FWHM 上限;'；timeout 30 sed -n '227p' lib/algorithms/star_detection/src/sdet_api.cpp → 'if (rmse_ratio > 0.2) return SF_RMSE_TOO_LARGE;'（:225-226 用 fit.mad*1.482602218505602/fit.A）,P1-001,ALG 文档把 RMSE 与 mad·1.4826/A 画等号（RMSE≠1.4826·MAD/A 定义），并写判据 RMSE/A≤0.2；实码按 σ_res=MAD·1.4826 判、result->mad 存未换算 MAD ⇒ 命名/口径不一致,ALG 文档把该量改名为 σ_res/A（或 residual_scale_ratio）并给定义；与 DATA_SEMANTICS 的 mad 语义对齐；不改门值,文档公式定义=实码变量定义（σ_res=MAD·1.4826）；grep -n 'RMSE=mad' doc = 0,ENGINEERING_SPEC §3/§8（科学定义=算法=代码，活动文档与实现一致）,行号 111→113（漂移 2）；原 finding 的第二子锚（README:132）确已不再含该等式
V2-N-04,旧宪章 §11/§8.6/§4.1,OPEN,"timeout 30 grep -n 'r_consistent.size() < 3' lib/algorithms/photometry/cpp/src/star_matcher.cpp → rc=0 :518（库层 NO_DATA 门正确）；timeout 30 grep -n 'photo_stats"", ""STATUS""' lib/infrastructure/pipeline/orchestrator/cpp/src/orchestrator.cpp → rc=0 :2989 'fn_kv_set(frame_, ""photo_stats"", ""STATUS"", ""OK"")'（无条件写 OK，未定标恒等拷贝仍显示成功）",P1-001,库层门正确（size<3→NO_DATA/scale=1.0/return {}），但 pc_api 在 NO_DATA 后仍 return 0、orchestrator 无条件写 STATUS=OK ⇒ 交付头把未定标冒充成功,pc_api 把 NO_DATA 透传为非 0/显式状态；orchestrator 按实际 fit_used/scale 写 STATUS（未定标写 SKIPPED/FAILED）,未定标帧交付头 STATUS≠OK（负例必红）；三处状态链一致,ASTROCS_DESIGN §9/§12（不得用占位/空输出冒充完成）,行号 1112/2979 见台账；本批实测 orchestrator:2989（漂移 10）
V2-N-05,宪章 §14.4（极端/退化条件须有定义）,OPEN,timeout 30 sed -n '227p;450p' lib/algorithms/star_detection/src/sdet_api.cpp → rc=0 :227 'if (rmse_ratio > 0.2) …'（1.4826·MAD/A）、:450 'result->mad = sdet_median_of(deviations);'（未换算真 MAD）,P1-001,对称/量化残差下 MAD 可精确为 0 ⇒ 门 1.4826·MAD/A>0.2 恒不触发（fail-open、无下界判别），SCI/ALG 未描述该退化,给该门加 MAD/A 下界判别（MAD=0 时按残差为 0 的正常态或显式『不可判』分支），并在 SCI/ALG 写退化条件；补对称残差用例,MAD=0 且 A>0 的用例断言明确（可红可绿）；退化条件入文档,ENGINEERING_SPEC §5.1/§8（边界、NaN/Inf、极端参数用例；能红能绿）+ 宪章 §14.4 同义条款,行号 227/450 与台账一致；与 M3b-H-01 同址不同判据
V2-N-09,问题扫描/findings/G_GOV_GATE/p0/V2-D2.md V2-N-09（原引 module_adapters.cpp:1737/1750 写死字面量 fast，锁 p1001_real_nodes_test.cpp:21…,FIXED,"timeout 30 grep -n 'psf_mode' lib/infrastructure/scheduler/src/module_adapters.cpp → rc=0 :1617 注释『P14-N-08: psf_mode 必须是真实模式, 不得为字面量』、:1621 'const std::string psf_mode = (n_fit_limit > 0) ? ""fast"" : …'（由 n_fit_limit 派生）；:1751 与 manifest 共用同一变量",P1-001,-,-,-,修复证据（台账原判 RESOLVED 复核维持）：字面量已由 n_fit_limit 派生，产物与 manifest 共用变量；测试锁改为值断言（max_stars=0→precise/5000→fast）,行号 1614/1793→1621/1751（漂移 7/42）
V2-N-10,问题扫描/findings/G_GOV_GATE/p0/V2-D2.md V2-N-10（原判类别 H_NUMERIC；原引 ipv_select.cpp:518-574 不收敛 fail-open、:974-981 converged/…,FIXED,timeout 30 grep -n 'P14-N-10\|m_lim_capped\|m_lim_converged' lib/algorithms/platesolve/cpp/ipv/src/ipv_select.cpp → rc=0 :391（失效面 fail-closed + 显式报错）、:477-491（弃用 fmod 启发式，触顶 n_ret>=cap_unit、converged=false）、:549（交付面写 m_lim_capped/converged/query_failed）,P1-001,-,-,-,修复证据（台账原判 RESOLVED 复核维持）：三条残余（fail-open 交付面不可分、fmod 猜触顶、converged/query_failed 缺失）全部关闭并补 NaN/alpha_min fail-closed,行号 487/554-560/395-416 见台账，现漂到 477-491/549/391
V20-N-01,无（原判据即现行权威；站点＝旧路径 lib/drizzle/src/module_entry.cpp，已迁 lib/algorithms/drizzle/src/）,OPEN,timeout 30 grep -c -e rev_scale -e rev_ra0 -e rev_dec0 -e rev_proj lib/algorithms/drizzle/src/module_entry.cpp → 7；timeout 30 grep -n 'rev_scale\|rev_ra0' 同文件 → rc=0 :313 'double rev_scale;'（声明）、:456 'c->rev_scale = sc;'（唯一写入），无第三处读取,P1-001,四个反向几何配置键解析后整仓零读取（声明+写入即止）⇒ 用户改这些配置不改产物；反向几何实取输入 manifest 的 crval/crpix/cd,二选一：把 rev_* 接到 op=reverse 路径（或在 manifest 回显生效值），或删除该死配置键并在文档注明,改 rev_* 配置后产物/回显随之改变（行为断言）；或键从合同面消失且无解析代码,ASTROCS_DESIGN §3.3（输入合同字段有确定语义）+ §9（manifest 记录生效科学配置；禁止把计划值伪装成实际值）+ ENGINEERING_SPEC §8（字段与消费者不得悬空）,行号 313/456 与台账一致；文件在 lib/algorithms/drizzle（活）
V21-N-11,无（原判据即现行权威；站点=旧路径 lib/astro_image_io/include/hiss_format.h:352 与 lib/healpix_db/healpix_drizzle/drizzle_engine.cpp:1251…,OPEN,timeout 30 grep -rn --exclude-dir=tests 'n_contrib' lib/ → rc=0 恰 3 命中：lib/infrastructure/aio/include/hiss_format.h:352 声明 'uint32_t n_contrib = 0; // 贡献源像素数 (诊断用)'、drizzle_engine.cpp:1251/:2363 两次写入（非测试读 0）,P1-001,自述『诊断用』字段仍只写不读：生产面 3 处=2 写+1 声明 ⇒ 诊断量无消费者（计划值/诊断位不落交付面）,二选一：把 n_contrib 接入诊断输出/manifest（消费者+测试），或删除该字段并在格式面注明,n_contrib 有读取点并落交付面（断言）；或字段移除且格式兼容性说明,ASTROCS_DESIGN §9（plan 是预期、trace 是实际观测，禁止把计划值伪装成实际值）+ 21_observability.md §4,路径 lib/astro_image_io→lib/infrastructure/aio；本行 解析后目标 为空（批内未给），按符号重锚
V3-N-02,旧宪章 §4.1 失败语义分离；旧宪章 §12.3；原引 AGENTS.md「五处同源」,OPEN,"timeout 30 sed -n '859,866p' lib/algorithms/drizzle/src/module_entry.cpp → rc=0 :862 'int32_t domain = ACS_ERR_DOMAIN_SCIENCE_PRECONDITION;'、:863 'if (code <= -4 && code >= -8) domain = ACS_ERR_DOMAIN_DATA;'、:864 'else if (code == -1 || code == -2 || code == -10) domain = ACS_ERR_DOMAIN_CONFIG;'（-14 落默认 SCIENCE_PRECONDITION）",P1-001,第二出口把精度/数据不匹配（-14）归入科学前置域；行锚由 :862-866 漂到 :862-864，逻辑未变,把 -14（精度/数据不匹配）加入 DATA 或 CONFIG 分支，与库边界 hp_drizzle_api 的 -14 语义一致,-14 输入的错误域=DATA/CONFIG（断言），与 hp_drizzle_api.cpp:1010 口径一致,ENGINEERING_SPEC §9（错误通过统一状态码+结构化诊断传播，不跨 C ABI 抛异常）+ §8（活动文档与实现一致）,行号 862-864 与台账一致
V5-N-04,旧宪章 §17.2（追溯完整）；旧AGENTS.md「科学定义五处同源」；0.25 唯一出处 run/release-rescue/perf-study/MAG_ITER_DESIGN.md（gitignored）,OPEN,timeout 30 grep -c '0.25' docs/algorithms/GAIA_QUERY.md → 0（文档仍无星等剪枝登记行）；timeout 30 ls -la run/release-rescue/perf-study/MAG_ITER_DESIGN.md → rc=0（唯一出处仍在 gitignored run/）；timeout 30 grep -c prune_legal tests/unit/gaia_magnitude_range_bounds_test.c → 1（测试面已补）,P1-001,谓词面已可测（prune_legal+剪枝/不剪 bitwise 一致断言），残余为文档面：GAIA_QUERY.md 无『声明下界+0.25 裕量』登记行、0.25 权威出处不入库（与同文件 bbox 1.2 裕量有登记行不对称）,在 docs/algorithms/GAIA_QUERY.md 补 0.25 星等剪枝裕量的登记行并把出处（设计/推导）落到 docs/algorithms；不改实现,GAIA_QUERY.md 含该阈值登记行且与实现同值；出处可在仓内解析,ASTROCS_DESIGN §11.1（科学定义先于算法）+ ENGINEERING_SPEC §3（阈值源须在 docs 冻结文）；台账侧记『出处未入库』（run/ 为 gitignore）,测试面 :323 已补；本行 P2，随 gaia/normalize 科学同源整改
V6-N-03,旧宪章 §12.3（注释/声明须可机器核验：R-6a 自报可复算、R-6b 锚须有宿主、R-6c 被指为权威须回写 L1）、§17.2,OPEN,"timeout 30 grep -c 'quality_flags' lib/algorithms/photometry/cpp/include/photometric_calib.h → 0（该头无此符号）；timeout 30 sed -n '255,262p' lib/algorithms/photometry/tests/p1phot/p1phot_fixgates.cpp → rc=0 '编译期即证明…' 段实为宏值断言（PC_QF_SATURATED==1<<1 等），非导出位检查",P1-001,star_matcher.h:6-7 把宿主指向无该符号的 photometric_calib.h（真宿主为 star_matcher.h 自身与 snr_estimator.h:412）；测试只断言两行宏值 ⇒ 悬空锚+名不副实门,改注释宿主为 star_matcher.h/snr_estimator.h；把测试改为断言 6 个导出实际带 quality 位（或删除该测试声明）,注释锚可解析（grep 到符号宿主）；测试断言与声明一致（正负例）,ENGINEERING_SPEC §2（注释可核）+ §8（无悬空引用、能红能绿）,行号 258 与台账一致；PC_QF 位定义在 star_matcher.h:10-16
V7-N-01,无（原判据即现行权威；站点=旧路径 lib/core/src/module_adapters.cpp:1140-1158/1524-1535）,OPEN,"timeout 30 grep -n 'hot_sigma"", 5.0\|enabled"", true\|max_structure_size"", 4' lib/infrastructure/scheduler/src/module_adapters.cpp → rc=0 :1530 'if (!p1_has(doc, ""cosmetic"") || !p1_flag(doc[""cosmetic""], ""enabled"", true))'、:1539 p1_num(hot_sigma,5.0)、:1543 p1_int(mss,4)（类型不符静默取默认）；DLL 侧 cosmetic/module_entry.cpp 对 hot_sigma 非有限硬拒（报 103）",P1-001,"IR 侧 p1_flag/p1_num 对错型仍静默取默认（enabled:""false""→dflt=true 开关反向；hot_sigma 非数字→5.0；1e999→inf 过 hot_sigma>0 门 ⇒ 整帧零修复无警告），与 DLL 侧 isfinite 硬拒两通道值域几乎不相交",IR 侧 p1_flag/p1_num 增加类型门（错误显式报错，与 DLL 侧同口径）；hot_sigma 加 isfinite/正域校验；补错型配置用例,"enabled:""false""/hot_sigma:""x""/1e999 三类输入均显式失败（负例必红）；两通道值域一致",ASTROCS_DESIGN §3.5（存在 error 时强制阻断运行，容差基准来自 config/defaults.json）+ ENGINEERING_SPEC §3,行号 1140-1158/1524-1535→1530/1539/1543 漂移 ±6
V7-N-02,无（原判据即现行权威；站点=旧路径 lib/core/src/module_adapters.cpp:1858/2416 区）,OPEN,"timeout 30 grep -n '允许缺省 (全零)|out.present = true' lib/infrastructure/scheduler/src/module_adapters.cpp → rc=0 :1887 'if (!p1_has(sip, k)) return true;  // 允许缺省 (全零)'、:1906 'out.present = true;'（36 系数全 0 仍 present=true）；:1882 阶数门 [0,5] 已在位；:1869-1870 'sip 键非 object → Json::object()' 整段静默丢弃",P1-001,"config.wcs.sip={order:2,ap_order:0} 不带数组时仍 return true（允许缺省全零）、present 置 true 而 36 系数全 0 ⇒ 判别位记声明值不记生效值；sip 键非 object 静默丢弃",present 仅在数组实际提供且非全零时置 true（否则置 false 并显式说明）；sip 键类型错显式报错；补两分支用例,缺数组/全零时 present=false 且 CTYPE 去 -SIP（断言）；类型错必红,ASTROCS_DESIGN §9（plan 是预期、trace 是实际观测）+ §11.3（状态阶梯唯一口径）,"行号 1880/1899→1887/1906（漂移 7）；阶数门 [0,5] 已在位（与 V10-N-02 同一门的另一侧）"
V7-N-04,无（原判据即现行权威；站点＝旧路径 lib/healpix_db/hp_drizzle_api.cpp，现实测在 lib/algorithms/drizzle/healpix_drizzle/hp_drizzle_api.cpp）,OPEN,"timeout 30 sed -n '425,437p' lib/algorithms/drizzle/healpix_drizzle/hp_drizzle_api.cpp → rc=0 :428 'bool has_cd = (cd11 != 0.0 || cd22 != 0.0);'、:431 'if (has_cd) {'、:433 '} else if (has_cdelt && crval1 != 0.0 && crval2 != 0.0) {'（只检对角元）；timeout 30 grep -n isfinite 同文件 → rc=0 :320/:955（仅 photscal，不覆盖 CD/CDELT/SIP 读入面）",P1-001,只检 CD1_1/CD2_2 两角元 ⇒ 反对角或纯旋转 CD（对角为 0、非对角有值）被判『无 CD』并静默改用 CDELT·CROTA2 重建，交付天区几何可整体反转/转置且 rc=0,判据改为 CD 矩阵四元任一非零（或 det≠0）；对 CD/CDELT/SIP 读入加 isfinite 门；补纯旋转 CD 用例,纯旋转 CD 输入下使用 CD 而非 CDELT 重建（正例）+ 非有限 CD 必拒（负例）,FITS WCS Paper I（CD 为任意 2×2）+ ASTROCS_DESIGN §5.3/§11.1 + §3.5（error 必须阻断）,行号 428/433 与台账一致
V7-N-06,无（原判据即现行权威；站点＝旧路径 lib/core/module_adapters.cpp:1392 起，已迁同库新路径）,OPEN,"timeout 30 grep -n 'dark_scale\|dark_optimization\|k_source' lib/infrastructure/scheduler/src/module_adapters.cpp → rc=0 :1398 'const bool dark_opt = doc.value(""dark_optimization"", false);'、:1399 k_fixed、:1501 '{""dark_scale"", dark_opt ? (double)actual_k : (double)k_fixed}'；k_source 0 命中（清单既不写开关也不写 K 来源）",P1-001,同一 per_frame.dark_scale 承载『固定 K』与『实测优化 K』两种含义且无来源标记 ⇒ 交付值 1.0 无法区分『应用了 K=1.0』与『暗优化未执行』,manifest 增写 dark_optimization 开关与 k_source（fixed/optimized），或拆成两个字段；补区分断言,K=1.0 两种来源在清单可区分（断言）；字段语义唯一,ENGINEERING_SPEC §3（一个字段禁止承载多个含义）+ ASTROCS_DESIGN §9（manifest 记录生效值）,行号 1391/1494-1495→1398/1501（漂移 7）
V7-N-07,无（原判据即现行权威；站点＝旧路径 lib/core/module_adapters.cpp:2891，已迁同库新路径并现为 :2966）,OPEN,"timeout 30 grep -n 'p1_int(dj, ""nested""' lib/infrastructure/scheduler/src/module_adapters.cpp → rc=0 :2999 'const int nested = p1_int(dj, ""nested"", 1);'；timeout 30 sed -n '1139,1146p' 同文件 → p1_int 对字符串/浮点分支最终 'return dflt'（类型不符不报错）；同文件 :1867 对其它字段有显式 is_number_integer 类型门",P1-001,"布尔意图字段用整型助手解析 ⇒ 字符串 ""0""/""false"" 落缺省 1=NESTED，交付索引语义被反转且 rc=0；同文件别处已建类型门，纪律不一致",nested 改用布尔/严格整型解析（类型不符显式报错），并加 HEALPix 索引语义断言；不改默认值语义,"nested:""false"" 输入显式失败或正确解析为 0（负例必红）；同文件类型门口径一致",ASTROCS_DESIGN §3.3/§3.5 + ENGINEERING_SPEC §3 + docs/plugins/infrastructure/16_config_defaults.md,行号 2966→2999（漂移 33）
V7-N-10,无（原判据即现行权威；站点=旧路径 lib/drizzle/src/module_entry.cpp:355 与 lib/core/src/module_adapters.cpp:2892 区）,OPEN,"timeout 30 sed -n '355p' lib/algorithms/drizzle/src/module_entry.cpp → rc=0 'if (!found) pixfrac = 1.0;   /* 缺键默认 1.0 (契约只约束 (0,1]) */'（以 API-DRZ-001 为据）；timeout 30 grep -n 'pixfrac' docs/contracts/PUBLIC_API.md → rc=0 :230/:233/:239/:264/:310/:317，其中 :264 '文件通道接受 pixfrac=0.0 而引擎层拒绝（DISP-DRZ-003）'，无 pixfrac 数值默认条款",P1-001,"注释以 API-DRZ-001 作 pixfrac 缺键默认 1.0 的依据，但该节内 pixfrac 只出现在签名与返回码/双轨说明，无默认条款 ⇒ 杜撰锚仍在（权威语义只定 (0,1] 与拒绝）",二选一：在 PUBLIC_API.md/SCI-DRIZZLE 增补 pixfrac 缺省 1.0 的正式条款，或删除该默认（缺键 fail-closed）并把注释锚改为真实条款,注释锚可解析到写明默认值的条款；缺键行为与条款一致（正负例）,ENGINEERING_SPEC §8（无悬空引用）+ §4 第 4 项（配置默认值须与合同一致）,IR 节点 module_adapters.cpp:2967 仍取 1.0，需同步
V8-N-08,旧宪章 §12.3（注释/契约须可机器核验）,OPEN,"timeout 30 grep -n '(-90, 90\]' lib/algorithms/star_detection/src/sdet_angle_guard.h → rc=0 :34/:38 均写『归一化到 (-90, 90]』；timeout 30 sed -n '57,62p' 同文件 → 'while (std::fabs(angle_deg) > 90.0)'（输入 -90 原样返回 -90）；timeout 30 grep -n 'fabs(out) <= 90.0' lib/algorithms/star_detection/test/sdet_angle_guard_test.cpp → rc=0 :70/:111（测试用闭区间）",P1-001,"区间端点应为闭区间 [-90, 90]（-90 可达却被头注释排除）；头注释左开与测试闭区间两处口径不一","头注释改为 [-90, 90]（与实现/测试一致）；不改归一化逻辑","grep -n '(-90, 90]' sdet_angle_guard.h = 0；注释/实现/测试三处端点一致",ENGINEERING_SPEC §2（注释写边界条件）+ §8,行号 34/38/59/70 与台账一致；:34『64 次（≥11610°）』与 :24『有限值逐位不变』复算为真
W1-N-01,无（原判据即现行权威；站点＝旧路径 lib/plate_solve/cpp/ipv/src/ipv_select.cpp，已迁 lib/algorithms/platesolve/cpp/ipv/src/）,OPEN,"timeout 30 grep -n 'sc_arr\[f\]\|sc_arr = ' lib/infrastructure/gaia_xpsd_client/src/gaia_client.c → rc=0 :2099 'calloc(nfiles, sizeof(StarCollector))'、:2124 '&sc_arr[f]'（每文件一份 collector）；timeout 30 sed -n '485,492p' lib/algorithms/platesolve/cpp/ipv/src/ipv_select.cpp → 'const bool capped = (n_ret > 0 && cap_unit > 0.0 && (double)n_ret >= cap_unit)'；timeout 30 grep -n '整数倍' lib/algorithms/platesolve/cpp/ipv/include/ipv_types.h → rc=0 :258 '返回数为其整数倍 => collector 截断'（旧口径仍在）",P1-001,n_ret 是跨文件求和（gaia_cone_search 聚合 count），却与每文件上限同型比较 ⇒ 多文件各未触顶时仍判 capped 并 break（converged=false，丢更紧收敛解）；公开头 :258-260 仍写『返回数为其整数倍』与 :487 实现互斥,触顶判据改为逐文件判定（或 cap_unit×nfiles 聚合口径），公开头注释与实现统一；补多文件用例,多文件各未触顶时 converged 不被误置 false（负例必红）；头注释与实现同口径,ASTROCS_DESIGN §5.3（收敛与极限星等不变量不得因实现细节翻转）+ §9 + ENGINEERING_SPEC §3/§5.1,原判据机制描述（每文件顺序截断）已被现树否证，但判据本身仍不成立；行号 2099/2124 与 :487-488 见台账
W1-N-08,旧宪章 §12.3（自报量须可复算）,OPEN,"python3 复算 run/perf-fix/P1-gaia/evidence/shard_magranges.tsv → rc=0 '36 13.62 25.59 16.59'（36 片合并 high=[13.62,25.59]；GaiaDR3-only 下界 16.59）；timeout 30 sed -n '31,38p' lib/infrastructure/gaia_xpsd_client/src/gaia_client.c → 注释 ② 写 '36 个真实 shard…实测包络: low ∈ [-2.00, 21.05], high ∈ [16.59, 25.59]'（把 DR3-only 下界当合并包络）",P1-001,"注释把 DR3-only 口径（high 下界 16.59）写成 36 片合并包络（实为 13.62）；结论『[-10,40] 完全包含包络』不受影响故 P2","注释改为 high ∈ [13.62, 25.59]（并注明 16.59 为 DR3-only 下界）；出处 TSV 在 gitignored run/，需把结论落 docs/algorithms 或 tests 证据",注释数值与复算一致；出处可在仓内解析（或登记为运行产物引用）,ENGINEERING_SPEC §2（自报量可复算）+ §8（无陈旧/不实自报）,证据 TSV 在 run/（gitignored，仓内不可复核），本轮按盘上文件复算
W1-N-09,旧宪章 §12.3（注释自述须可核验）,OPEN,"timeout 30 sed -n '850,858p' lib/infrastructure/gaia_xpsd_client/src/gaia_client.c → rc=0 头注释『返回值 = 是否取到带引号的属性值 (1=属性存在且闭合引号; 0=缺失/未加引号/无闭合)。magnitudeRange 需区分…』；:872-877 非引号形直接 return 0（与缺失同码）；调用点 :1235 'if (mag_present) {...}'（无 else 告警）",P1-001,"只有空引号形走告警路径；未加引号形 magnitudeRange=10,20 被当属性缺失静默处理（不告警、不计 reject_count）⇒ 行为不等于注释",按注释实现：区分『属性缺失』与『存在但未加引号/畸形』两种返回（或改注释承认未加引号=缺失）；未加引号形至少计 reject_count,未加引号 magnitudeRange 用例产生告警/计数（负例必红）；注释与行为一致,ENGINEERING_SPEC §2（注释如实描述前后置条件/边界）,仓内 writer 恒带引号，按静态口径判『行为≠注释』而非生产可达
W1-N-11,旧宪章 §12.3-10（活动文档/自报不得以历史状态冒充当前状态）、§10.5；M3-G-003（日志合同）,OPEN,"timeout 30 grep -n 'auto_nside\|nside_conflict' lib/infrastructure/scheduler/src/module_adapters.cpp → rc=0 :2989 'const bool auto_nside = (nside_mode == ""auto"") || …'、:2991 nside_source、:3172 欠采样告警段；timeout 30 grep -n 'NSIDE_MAX' lib/algorithms/drizzle/healpix_drizzle/drizzle_engine.cpp → rc=0 :638 'static const int NSIDE_MAX = 4194304;  // 2^22'、:697 nside=NSIDE_MAX、:703 钳位",P1-001,finest<0.0503″/px 时引擎钳位 2^22 使 hp_res 粗于 finest，auto 运行也进欠采样分支并打出 explicit 归因（nside_source=explicit）；建议值 auto_res.nside 等于本次实际采用值（自相矛盾）,欠采样归因按 nside 来源分流：auto 运行写 nside_source=auto（钳位单独记 clamp 位），告警串不再写 explicit；数据面 p1_stack.json 已如实,auto+钳位场景下 nside_source=auto 且告警含 clamp（断言）；建议值≠实际采用值时给冲突标记,ENGINEERING_SPEC §2（诊断如实）+ §9（错误通过统一状态码+结构化诊断传播）,行号 2962/3150/3170/3176→2989/2991/3172 漂移
W2-N-08,docs/algorithms/PHASE2_SAMPLER.md §5.4 K_CORR_DOMAIN（消费该 provenance 选 k_corr 档）,OPEN,"timeout 30 grep -n 'src_pixel_scale_arcsec' lib/algorithms/drizzle/healpix_drizzle/hp_drizzle_api.cpp → rc=0 :1157-1158 'meta.fits_meta[""src_pixel_scale_arcsec""] = std::to_string(std::fabs(img.wcs.cd[0]) * 3600.0);'（只用 CD1_1）",P1-001,旋转下 abs(CD1_1) 不是像素角尺度；同仓另两处定义（orchestrator 0.5·(‖col1‖+‖col2‖)·3600、aio_wcs_pixel_scale √abs(det)·3600）仅 PA=0 时重合 ⇒ 下游 K_CORR_DOMAIN 退回 300″ 饱和档,统一用 √abs(det(CD))·3600（或与另两处同式），三处同源并补旋转场用例（PA≠0 时三式一致）,PA=0/90/45 场下三处像素尺度一致（rtol 1e-6）；K_CORR_DOMAIN 选档正确,FITS WCS Paper I/II 像素尺度语义 + ASTROCS_DESIGN §11.1（误差传播可解释）,台账外部指令『python3 读 testdata/NGC55…』不可复跑（P1-001 已登记），本轮按源码口径判定
W2-N-12,旧宪章 §4.1（同名量必须同单位、单位与像素语义须写明）；M1a-D-001；合同 SCI-WCS §5a,OPEN,"timeout 30 sed -n '33,38p' lib/algorithms/platesolve/wrapper_phase1/wcs_tan.cpp → rc=0 'if (ra_out > M_PI) ra_out -= 2*M_PI; if (ra_out < -M_PI) ra_out += 2*M_PI;'（归一后落 [−180,180)）；timeout 30 sed -n '29p' docs/science/ASTROMETRY.md → 'RA: deg [0,360), Dec: deg [-90,90)'",P1-001,"WcsTan 交付 RA 值域 [−180,180) 与合同 [0,360) 互斥；交叉参考门用同一 wrap 且 p1_angular_sep_deg wrap-safe ⇒ 门在数值上恒不可见","wcs_tan.cpp 归一化改为 [0,360)（ra_out<0 时 +2π）；补 CRVAL1=210° 帧中心用例断言 RA∈[0,360)",帧中心 RA=210° 类用例交付 +210.00033（正例）；RA<0 输出 0 命中,"docs/science/ASTROMETRY.md §3（RA deg [0,360)）+ docs/plugins/algorithms_phase3/14_projection.md §4（经度 wrap 声明）",行号 35-36/29 与台账一致；实现属 wrapper_phase1（活）
W2-N-15,旧宪章 §13（独立 Oracle 不得调用生产实现）、§7.2（科学参数单一权威）；M2a-D-1；M7-G-104,OPEN,"timeout 30 grep -n '210960' lib/infrastructure/aio/tests/hiss_correctness_test.cpp → rc=0 :501-502 '// HEALPix 线性像素尺度 ≈ 210960/nside 角秒'、'double nside_min_real = 210960.0 / finest_arcsec;'、:522/:534 同；timeout 30 sed -n '680,686p' lib/algorithms/drizzle/healpix_drizzle/drizzle_engine.cpp → '移植: HEALPix 特征尺度由像素面积公式一致计算 (禁止魔数 210960/1186.18)…≈ 211076.3 / nside arcsec'",P1-001,『独立参考实现』硬写本仓明令禁止的魔数 210960（相对 −0.0551%），且测试私有上限 2^20 与生产 2^22 不同制；断言容差 hp_res<=finest*1.01 恰好吸收该偏置 ⇒ 差异永不可见,测试改用与生产同源的解析式 sqrt(π/3)·(180/π)·3600（不调用生产 symbol），上限与生产同制，容差收紧到 1e-3 并补边界,测试独立复算值与生产同式同值（rtol 1e-6）；注入 210960 魔数必红,ENGINEERING_SPEC §5.1（不调用生产实现的独立 Oracle 或解析解）+ 08_drizzle.md §4,python3 复算 211076.28514206142（相对 210960 偏 −0.0551%）
W5-N-14,（W5 静默吞错轴）旧宪章 §12.3/§17.x；V10-N-04 同机制旧站已报不重报,OPEN,"timeout 30 sed -n '1147,1151p' lib/algorithms/drizzle/healpix_drizzle/drizzle_engine.cpp → rc=0 'try { hmeta.gain = std::stod(gain_str); } catch (...) {}'（无日志/无计数/不影响 rc）；timeout 30 grep -c 'std::stod(gain_str)' 同文件 → 2（直写与分块两处同型）",P1-001,GAIN 解析失败仍静默保留结构体初值并写出『看似产品事实、实为初值』的头值 ⇒ 交付头假值,解析失败置未设置位/写 NaN 并记日志+计数（或 fail-closed）；头写出只在解析成功时写 GAIN；补非法 GAIN 用例,"GAIN=""abc"" 输入下头不写 GAIN 且计数/告警可见（负例必红）",ASTROCS_DESIGN §9（产品/manifest 记录须真实，禁止把计划值伪装成实际值）+ ENGINEERING_SPEC §9（错误通过统一状态码+结构化诊断传播）,两处锚 :1149/:2275 未漂移；drizzle 属 normalize 产品面
M3-A-001,帧级 SNR 被 (A-B)/residual_scale 冒充（SCI-NOISE 与 CONTROL_WEIGHT_SNR 层间不一致）,FIXED,"timeout 30 grep -n ""逐源科学 SNR|SNR_F = F"" docs/science/CONTROL_WEIGHT_SNR.md -> rc=0: :44 - **逐源科学 SNR**：由逐源通量不确定度 `σ_F` 定义，`SNR_F = F/σ_F`（PSF 加权最优提取，；timeout 30 grep -n sourceSnrFromPsfRow lib/algorithms/noise_snr/cpp/src/snr_estimator.cpp -> rc=0: :57 inline double sourceSnrFromPsfRow / :188 :357 :616 :740 :851 五处调用，:53 注「旧 (A-B)/residual_scale (SNR-008 退休量) 不再进入科学输出」",P1-002,-,-,-,修复证据：SCI-CW §2a 与 NOISE_MODEL §9a 同步重定义；生产改走 Horne 1986 SNR_F，旧式只剩 legacy ABI,台账原判已是 RESOLVED，本轮独立复核成立
M3-A-004,ivar 单位 :16 pixel⁻²·ADU⁻² 与同文 :29/:76 的 ADU⁻² 互斥且随产品外流,FIXED,timeout 30 sed -n '16p;29p' docs/science/NOISE_MODEL.md → rc=0（:16 `| ivar | 1/variance (ADU⁻²) |`；:29 量纲表 `ivar: ADU⁻²`，原 pixel⁻²·ADU⁻² 已消除）,P1-002,-,-,-,R-5 #3（:17）：SCI §2:16 的 ivar 单位 `pixel⁻²·ADU⁻²` → `ADU⁻²`；现状已订正、两处一致。,【人工复核覆盖：原分批复核判 FIXED】台账原判 OPEN/P1。
M3-A-005,无 SCI 出处的 abs(det)>1e-24 阈值仍在且 else 缺失；has_spatial_field 不回退,FIXED,"timeout 30 grep -n ""1e-24|has_spatial_field"" lib/algorithms/noise_snr/cpp/src/noise_model.cpp -> rc=0: :113 // 原绝对阈值 |det|>1e-24 (量纲 px⁴) 已废除: 共线点云 det==0 时它不阻止 / :290 out_model->has_spatial_field = (c.enable_spatial_field && n >= 4 && plane_geometry_ratio(...) >= kPlaneGeomRatio) ? 1 : 0;",P1-002,-,-,-,修复证据：绝对阈值废除，改无量纲几何判据且 build/fill 同一判据（:432 注释同源）,-
M3-A-006,单测解析参照用 signal*gain 与生产诊断式 signal/gain 差 gain²，头注释又漏除 gain²,FIXED,"timeout 30 grep -n ""signal / gain|signal \* gain|analytic_var"" tests/unit/p1_noise_test.cpp lib/algorithms/noise_snr/wrapper_phase1/noise_model.cpp -> rc=0: p1_noise_test.cpp:55 const double mean_e = signal * gain;  // 电子数均值 [e-] / :68-69 const double analytic_var = signal / gain + (read_noise / gain) * (read_noise / gain); / wrapper_phase1/noise_model.cpp:208 double var = signal / gain + read_noise_e * read_noise_e / (gain * gain);",P1-002,-,-,-,修复证据：单测解析参照与生产诊断式同向同量纲（signal/gain + (rn/gain)²）,台账锚 :51/:64/:208 → 现 :55/:68-69/:208
M3-C-001,星数门（绝对值 r_consistent≥3、r_inliers≥2）未按 SCI-PHOT §4/§8 落地,FIXED,"timeout 30 grep -n ""r_consistent.size() < 3|r_inliers.size() >= 2"" lib/algorithms/photometry/cpp/src/star_matcher.cpp -> rc=0: :518 if (r_consistent.size() < 3) { / :616 if (r_inliers.size() >= 2) {",P1-002,-,-,-,修复证据：两条星数门按 SCI-PHOT §4/§8 在位，不足即 NO_DATA/不可估计标记,台账原判已是 RESOLVED
M3-C-002,cleanAndScale 缺 qf 饱和位判据，饱和星未被计 rejected_quality,FIXED,"timeout 30 grep -n ""PC_QF_SATURATED_MASK|quality_flags"" lib/algorithms/photometry/cpp/src/star_matcher.cpp -> rc=0: :395 const uint32_t* quality_flags, double mag_tolerance, / :429 if (quality_flags != nullptr && row >= 0) { / :430 saturated = (quality_flags[row] & PC_QF_SATURATED_MASK) != 0u;",P1-002,-,-,-,修复证据：qf 饱和位判据已落地，cleanAndScale 增 quality_flags 形参,台账原判已是 RESOLVED
M3-C-003,SCI FROZEN 默认 min_samples=5 与代码 64 相差 12.8 倍，ALG『不改 SCI，以代码为准』权威倒置,FIXED,timeout 30 grep -n 'min_samples' docs/science/NOISE_MODEL.md → rc=0（:37「min_samples（patch 样本数阈）默认 64」；:141 记 R-5 §2 EXP-1/2/3/9 的导出依据与复跑脚本）,P1-002,-,-,-,R-5 #1（:15）：方向对但**处方错**——应把 SCI-NOISE-001 §4 默认值 5 升为 64（附 MC 推导），**不改代码**；现状已按此落地 ⇒ 原「权威层级倒置」的处方不再适用。,【人工复核覆盖：原分批复核判 FIXED】台账原判 OPEN/P0；若只看文本冲突（5 vs 64）已消除。
M3-C-011,sigma_residual=0 一值三义、fit_status=2 双义、use_gain_model 生产零读取,OPEN,"timeout 30 grep -n ""sigma_residual = 0.0|mad_in > 0.0"" lib/algorithms/photometry/cpp/src/star_matcher.cpp -> rc=0: :615 double sigma_residual = 0.0; / :621 sigma_residual = (mad_in > 0.0) ? (mad_in / _MAD_SCALE) : 0.0;（另 :405/:478/:529 一致集为空亦写 0.0）；timeout 30 grep -rn use_gain_model lib/algorithms/noise_snr/ -> rc=0: 生产实现零读取（仅 module_entry.cpp:467 填值 + README:118/module.yaml:105 登记 DISP-NOISE-003）",P1-002,同一字段承载多义：0 同时表示「一致集为空 / IRLS 未启动 / mad_in=0」；fit_status=2 同时表示 sigma 非正与 n_eff<3；use_gain_model 字段存在但无读者易误用,公共头登记 0 与 2 的取值语义（或改用具名状态码）；use_gain_model 接线或删除,头文件值域表覆盖 0/2 的全部产生点；use_gain_model 有读取点或被移除（静态可判）,ENGINEERING_SPEC §3（禁止一个字段承载多个含义）,台账行锚 noise_model.cpp:282/:324 → 现 :311/:353
M3-E-002,14 组 claim↔evidence 锚点不命中（行锚错位、行数自述过时）,OPEN,"timeout 30 grep -n ""star_matcher.cpp:35-40"" docs/science/PHOTOMETRY.md -> rc=0: :37 …计 `rejected_quality`（`star_matcher.cpp:35-40`）。；timeout 30 sed -n '35,40p' lib/algorithms/photometry/cpp/src/star_matcher.cpp -> rc=0: :35 static double percentileOf(std::vector<double> vals, double p)（行锚指向百分位函数，非饱和过滤）；timeout 30 wc -l lib/algorithms/noise_snr/cpp/src/noise_model.cpp lib/algorithms/noise_snr/cpp/include/snr_estimator.h -> rc=0: 507 / 526 而 NOISE_ESTIMATION.md:120-121 仍写 466 / 431",P1-002,文档行锚未随实现漂移同步，claim↔evidence 一一对应破裂（至少 PHOTOMETRY.md:37 与 NOISE_ESTIMATION.md:120-121 两处）,逐条重锚到当前符号并纳入锚点门（rc=0 才可提交）,锚点门 rc=0；文档行数自述 == wc -l 实测,ENGINEERING_SPEC §8（活动文档无陈旧状态冒充、无悬空引用）,台账 14 组中 13 组仍不命中的结论本轮复核成立（抽样 2 组）
M3-F-001,test_noise_model_oracle.py 无 numpy；唯一对拍面把生产实现编成临时库 ctypes 调用（同源），整类可 skip,OPEN,"timeout 30 grep -c numpy tests/backend/test_noise_model_oracle.py -> 0 (rc=1)；timeout 30 grep -n skipUnless tests/backend/test_noise_model_oracle.py -> rc=0: :97 @unittest.skipUnless(shutil.which(""g++""), ""需要 g++"")；timeout 30 grep -n ""Python 参考"" docs/science/NOISE_MODEL.md -> rc=0: 仍把 NumPy 复算 variance/ivar（rtol 1e-9）列为验收条件",P1-002,SCI 承诺的独立验收手段无对应实现（全文 0 处 numpy），现有对拍是同源 ctypes；且整类由 g++ 存在性决定可跳过,建 NumPy 独立复算 Oracle，或从 SCI §15 验收条件中移除该承诺,独立 Oracle 存在、非整类 skip，且不调用生产实现,ENGINEERING_SPEC §5.1（不调用生产实现的独立 Oracle）；ASTROCS_DESIGN §11.1/§12,台账澄清仍成立：UT-BACKEND 确以 discover 执行该文件，问题在「承诺的验收手段无实现」
M3-F-003,"以相关性/RMSE 替代 SCI §11 要求的平面场系数 a,b,c 在 10% 内复现",OPEN,"timeout 30 grep -n ""corr >= 0.98|norm_rmse <= 0.05"" lib/algorithms/noise_snr/cpp/test/noise_model_science_test.cpp -> rc=0: :304 CHECK(corr >= 0.98, msg); / :307 CHECK(norm_rmse <= 0.05, msg);（全文件无 a,b,c 系数断言）",P1-002,"公共 API 不输出 a,b,c 三系数，测试只能退化为相关性/RMSE；SCI §11 的系数复现门无可执行面","公共诊断输出 a,b,c，或经内部测试钩子断言系数在 10% 内","平面场恢复 a,b,c 逐项 ≤10% 断言在位且注入扰动可变红","docs/science/NOISE_MODEL.md §11（拟合 a,b,c 在 10% 内复现）；ENGINEERING_SPEC §5.1",台账行锚 :304/:307 复现
M3-F-004,15 行 VERIFIED 全部锚到不被任何目标编译的 noise_model_science_test.cpp,OPEN,"timeout 30 grep -rln noise_model_science_test --include=CMakeLists.txt . -> 0 文件 (rc=1)；python3 -c ""import csv;rows=list(csv.reader(open('docs/TRACEABILITY.csv')));sn=[r for r in rows[1:] if r[0].startswith('SCI-NOISE-0')];print(len(sn),set(r[10] for r in sn),set(r[14] for r in sn))"" -> rc=0: 15 {'lib/algorithms/noise_snr/cpp/test/noise_model_science_test.cpp'} {'VERIFIED'}；timeout 30 grep -n p1noise tests/unit/CMakeLists.txt -> rc=0: :550 if(EXISTS …/lib/algorithms/noise_snr/tests/p1noise/CMakeLists.txt) 条件注册",P1-002,追溯表把 VERIFIED 挂在不被任何 CMake 目标编译的文件上；p1noise 子图仍需 TARGET p1noise_under_test AND astrocs_p1_noise 才建,把 noise_model_science_test 纳入可编译目标，或改锚到在编目标,该文件出现在至少一个 add_executable/add_test 且可跑；TRACEABILITY 行可复跑,ENGINEERING_SPEC §5.1/§5.3；ASTROCS_DESIGN §11.3（VERIFIED 需真实执行）,-
M3-H-001,fill 的 else 分支把 variance_bg_global/ivar_bg_global 原样写出、无 floor；无合格 patch 时整帧 0 且 rc=0,OPEN,"timeout 30 sed -n '451,457p' lib/algorithms/noise_snr/cpp/src/noise_model.cpp -> rc=0: } else { / const double var = m->variance_bg_global; / const double ivar = m->ivar_bg_global; / for (…) { if (out_variance) out_variance[i] = (float)var; if (out_ivar) out_ivar[i] = (float)ivar; } }（对照 :446 空间分支 const double var = std::max(a + b*x + c*y, floor);）",P1-002,空间分支过 floor 而全局兜底分支不过 floor：无合格 patch 时该对量为 0，调用方仍调 fill 即得整帧 variance=0/ivar=0 且 fill 返回 0,全局分支同样经 variance_floor 夹逼，或在退化态让 fill 返回非 0 拒用,任意输入下 fill 输出 variance≥1e-12 且 ivar 有限（含无合格 patch 分支）,docs/science/NOISE_MODEL.md §7（Floor 夹逼不变量）/§8（variance_floor<=0 回退 clamp）,台账行锚 414/419/423 → 现 446/451/455
M3-H-002,scale_law 的 variance 无条件乘 α²，ivar 仅在 α²>0 且有限时改，倒数不变量可破,OPEN,"timeout 30 sed -n '488,494p' lib/algorithms/noise_snr/cpp/src/noise_model.cpp -> rc=0: SNR_API void snr_noise_scale_law(double alpha, double* variance, double* ivar) { if (variance) *variance = (*variance) * alpha * alpha; if (ivar) { const double a2 = alpha * alpha; if (a2 > 0.0 && std::isfinite(*ivar)) *ivar = (*ivar) / a2; } }",P1-002,两侧条件不对称：α=0 得 var=0 而 ivar 保留；α=NaN 得 var=NaN 而 ivar 保留 ⇒ var·ivar≠1,两侧同条件同域处理（NaN/≤0 统一拒或统一传播）,"var·ivar==1 在 α∈{0,NaN,Inf,负} 边界用例下成立",docs/science/NOISE_MODEL.md §7（量纲一致：variance↔ivar 倒数关系精确）,台账行锚 458/461 → 现 490/492-493
M6a-D-007,同一公共头与消费侧并存「status==0 或 3 有效」与「status!=0 全拒」两套互斥口径,FIXED,"timeout 30 grep -n SNR_QF_PSF_OK lib/algorithms/noise_snr/cpp/include/snr_estimator.h lib/infrastructure/pipeline/orchestrator/cpp/src/orchestrator.cpp -> rc=0: snr_estimator.h:412 SNR_QF_PSF_OK = 1u << 0,  // PSF 拟合收敛 (status==0 DPSF_FIT_OK；3=ITERATION_LIMIT 不置位) / orchestrator.cpp:4404 if (psf_status == 0.0) qf |= SNR_QF_PSF_OK;；timeout 30 grep -c ""if (status != 0.0)"" lib/algorithms/noise_snr/cpp/src/snr_estimator.cpp -> 5 (rc=0)",P1-002,-,-,-,修复证据：质量位与逐星剔除统一为 status==0，头注写明 3（ITERATION_LIMIT）不置位，两套口径合一,台账行锚 orchestrator:4392 → 现 :4404，snr_estimator.cpp 五处剔除点不变
M6a-D-008,根构建解除 noise_snr 子图后「现状唯一生产实现」在交付面为假,FIXED,"timeout 30 sed -n '9,14p' lib/algorithms/noise_snr/README.md -> rc=0: **构建面（实测；本模块不得再自报""唯一生产实现""）**：根 CMake 主图只收 wrapper_phase1/noise_model.cpp + wrapper_phase1/snr_frame_science.cpp + cpp/src/snr_science.cpp（目标 astrocs_phase1_noise）；cpp/Makefile + build.ps1 产出 snr_estimator.dll，因根 CMakeLists.txt:236 的 add_subdirectory 被注释而**不在根 CMake 主图**；timeout 30 grep -n add_subdirectory CMakeLists.txt -> :236 注释态",INT-001,-,-,-,修复证据：README 与 memory.md 已如实披露构建面并明令「本模块不得再自报唯一生产实现」；文档状态降为 CONTRACT_READY（不声明 IMPLEMENTED）,memory.md:35 仍保留「唯一生产实现」字样，但同一段紧随其后已声明不在根 CMake 主图（自证限定）
M7-A-103,旧文『ivar=1e12』与『全帧饱和』互斥文本,FIXED,"timeout 30 grep -n ""ivar=1e12|ivar=0|MAD=0|无合格 patch"" docs/science/NOISE_MODEL.md -> rc=0: :77 - **空 support 不传播**：无合格 patch 时 `ivar=0, r=1` 拒绝加权 / :85-86 单一退化决策表（无合格 patch / 全帧 NaN 饱和均 ivar=0,r=1）；1e12 零命中",P1-002,-,-,-,修复证据：§8 已改为单一决策表，旧互斥文本删除（grep 1e12 → 0 命中）,台账原判已是 RESOLVED
M7-A-104,min_samples=5 与满 patch 同权进无权重平面 LS，权重场噪声由最小 patch 主导,FIXED,timeout 30 grep -n 'min_samples' docs/science/NOISE_MODEL.md → rc=0（:37 默认 64；:141 记 R-5 §2 的导出依据）；§5/§6 仍为最小二乘平面（未加权）,P1-002,-,-,-,R-5 #6（:20）：判据正当但**根因不在 LS**——由 min_samples 5→64 一并解决（64 时场误差 0.0105 ≈ 逆方差最优加权 0.0104；5 时为 0.0686），**不需要**把 LS 改为加权。原判「min_samples=5 导致权重场由最小 patch 主导」的前提已随默认值整改消失。,【人工复核覆盖：原分批复核判 FIXED】台账原判 OPEN/P1。
M7-A-105,PHOTOMETRY §11 合成注入的 k 无独立定义、location 仅反演注入值，门的残差不可计算,CRITERION-WRONG,timeout 30 grep -n 'F_instr=k·F_syn' docs/science/PHOTOMETRY.md → rc=0（:107 注入式仍在；:73 零点平移不变量已定义 k 的作用）,P1-002,-,-,-,R-5 #7（:21）：**前提部分失效**——参考量可构造（k 的语义由 :73 零点平移不变量给出），缺的是**实现（测试）**，不是 SCI 定义。正确口径：由 A_SCI_DEF **改归 F_TEST_GAP**，补 PHOTOMETRY §11 合成注入 + NumPy 复算用例；不判 SCI 缺陷。,【人工复核覆盖：原分批复核判 CRITERION-WRONG】台账原判 OPEN/P1。
M7-A-106,sigma_cal_rel = ln10·sigma_residual 把回归散布当均值标准误，1/√n 折算全链缺失,OPEN,timeout 30 grep -n sigma_cal_rel docs/science/PHOTOMETRY.md -> rc=0: :29 `sigma_cal_rel`: 相对误差（`sigma_cal_rel = ln10·sigma_residual`）/ :97 不确定度 `sigma_residual`（dex）→`sigma_mag`（mag）→`sigma_cal_rel`（相对）（无 1/√N 折算）,P1-002,把逐星回归散布 sigma_residual 直接当定标均值标准误（n=100 时约高估 10×），门余量过大不可证伪,SCI 改为 sigma_cal_rel = ln10·sigma_residual/√N，或显式声明其为单星散布并另给均值不确定度,注入已知 scale 的 N=100 场，估计不确定度的覆盖率符合名义值（可证伪）,ENGINEERING_SPEC §3（不确定度定义唯一且可核）；ASTROCS_DESIGN §11.1,-
M7-A-203,"variance_bg_global = max(vmed_or_sig², variance_floor) 上标挂整体名，取 (b) 读法即 ADU⁴",CRITERION-WRONG,"timeout 30 grep -n 'variance_bg_global' docs/science/NOISE_MODEL.md → rc=0（:53 `max(vmed, variance_floor)` 合格 patch 支；:54 `max(sig², variance_floor)` 退役支，已拆分）",P1-002,-,-,-,"R-5 #2（R-5_噪声SNR与统计口径.md:16）：**判据对象写错**——该条是 §5 兜底式记号「两读」，不是 ivar 单位（ivar 单位属 M3-A-004）。正确口径：§5 由 `max(vmed_or_sig², floor)` 拆成两条显式式（已落地）、不改码。",【人工复核覆盖：原分批复核判 CRITERION-WRONG】台账原判 OPEN/P2。
M7-H-104,负预测方差被夹到 1e-12（原判据把该 clamp 当缺陷）,CRITERION-WRONG,"timeout 30 grep -n ""1e-12|clamp|variance_floor"" docs/science/NOISE_MODEL.md -> rc=0: :92 - `variance_floor=1e-12` 保证 `ivar` 有限；平面预测负值 clamp 至 floor。/ :79 variance [ADU²] → ivar [ADU⁻²]；timeout 30 sed -n '446p' lib/algorithms/noise_snr/cpp/src/noise_model.cpp -> rc=0: const double var = std::max(a + b * (double)x + c * (double)y, floor);",P1-002,-,-,-,"为什么错：原判据把「负预测方差夹到 variance_floor」当缺陷，与最新权威相反——SCI §7 要求任意 variance 经 max(…,1e-12)、§9 明文「平面预测负值 clamp 至 floor」，实现即合规；要改为 ivar=0 必须走 ENGINEERING_SPEC §3 科学变更/负责人裁决通道，不属代码偏差；依据 docs/science/NOISE_MODEL.md §7/§9 + 台账原判 VOID 的自证",台账已是 VOID；科学风险异议建议登记为 NEXT-PACK 候选
V1-N-02,.hiss 控制点字段 snr_psf/snr_phot 注释仍是旧物理量，而生产者已改存最优提取值,OPEN,"timeout 30 grep -n ""snr_psf|snr_phot"" lib/infrastructure/aio/include/aio_healpix_io.h -> rc=0: :41 float  snr_psf;  // (A-B)/mad (无量纲) / :64 double   snr_phot;              // 1/(ln10×sigma_residual) 全局标量；timeout 30 grep -n sourceSnrFromPsfRow lib/algorithms/noise_snr/cpp/src/snr_estimator.cpp -> rc=0: :57 helper（Horne 1986 SNR_F）",P1-002,同一二进制标签承载不同物理量：头注释仍是旧 (A-B)/mad 与 1/(ln10·σ)，生产者已改存最优提取 SNR_F；snr_format 无新版本位,更新头注释为现行物理量并加版本位（JSON 面已有 snr_schema=DATA-P1-SNR/2）,头注释与生产赋值语义一致；旧值消费方有版本判别路径,ASTROCS_DESIGN §2（数据对象禁止互相冒充）/§3.4；ENGINEERING_SPEC §3,-
V1-N-04,SCI 称『当前实现不产出 σ_F、不把任何现有标量称为科学 SNR』，与同批接线代码相反,OPEN,"timeout 30 sed -n '44,45p' docs/science/CONTROL_WEIGHT_SNR.md -> rc=0: 或 CCD 方程 + 孔径改正）。当前实现**不产出** `σ_F`，故本合同不把任何现有标量称为科学 SNR。；timeout 30 grep -n ""snr_f|sigma_f_adu"" lib/infrastructure/scheduler/src/module_adapters.cpp -> rc=0: :2823 {""snr_f"", sci.reference_snr_f}, / :2832 {""snr_f"", sci.snr_f[i]},",P1-002,SCI 的否定句未随实现接线更新（文档否定 vs 交付 JSON 逐源写出 snr_f/sigma_f_adu）,SCI §2a 改为「已产出：逐源 snr_f/σ_F，帧级 5σ 深度 m_5」并保留 σ_F 定义,SCI §2a 陈述与 module_adapters 交付键一一对应（可 grep 核）,ASTROCS_DESIGN §3.4（帧级 SNR 与稀疏层输出合同）/§12（不得用文档声明冒充）,台账行锚 2808/2816 → 现 2823/2832
V1-N-06,v1 导出早退路径不写 median_source_snr/frame_depth_*，与头文件 NaN 承诺、v2/v3 的 0.0 构成三套哨兵,OPEN,"timeout 30 sed -n '573,592p' lib/algorithms/noise_snr/cpp/src/snr_estimator.cpp -> rc=0: out_model->n_points = 0; points/snr_phot/median_snr/idw_power 五字段初始化 / if (sigma_residual <= 0.0) { … return 2; } / if (n_stars <= 0) { … return 1; }（均不写 median_source_snr/frame_depth_flux5_adu/frame_depth_m5_mag）；timeout 30 grep -n memset lib/algorithms/noise_snr/cpp/src/snr_estimator.cpp -> rc=0: :713 / :816（v2/v3 有 std::memset(out_model,0,…)）；timeout 30 grep -n median_source_snr lib/algorithms/noise_snr/cpp/include/snr_estimator.h -> rc=0: :430/:448/:469（承诺无 ZP 时 NaN）",P1-002,同一函数三条路径三套哨兵：v1 早退不写（调用方栈值）、v2/v3 置 0、头文件承诺 NaN；输出不可判,入口统一 memset/NaN 初始化全部输出字段（含早退路径）,三条早退路径下 median_source_snr/frame_depth_m5_mag 均为 NaN（isnan 断言可证伪）,ENGINEERING_SPEC §5.1（边界/错误输入必备测试）+ §3（一字段一义）,台账 N-06b 子锚（:1119-1121）本轮实测不存在（文件已缩至 900 余行）
V1-N-07,test_snr_estimator.py 钉旧口径 snr_phot=1/(LN10·σ)、依赖不存在的 python 包目录、无注册执行面,OPEN,"timeout 30 grep -n python lib/algorithms/noise_snr/test/test_snr_estimator.py -> rc=0: :26 sys.path.insert(0, os.path.join(_this_dir, "".."", ""python""))；timeout 30 ls lib/algorithms/noise_snr/ -> rc=0: CMakeLists.txt cpp include memory.md module.yaml README.md src test tests wrapper_phase1（无 python/）；timeout 30 grep -c add_test lib/algorithms/noise_snr/CMakeLists.txt -> 0 (rc=1)",P1-002,在册测试未接执行面（模块 CMakeLists 无 add_test），且依赖不存在的 python 包目录、钉旧物理量口径,退役该脚本，或重写为现行 SNR_F 口径并注册 ctest,该测试被 CMake 注册且 rc=0；或显式退役并在 §9 证据列移除,ENGINEERING_SPEC §5.1（共址可复用测试）/§8,文件头自述 NON_PRODUCTION_TOOL_ONLY 仍在
V1-N-09,内建参考与被测同常数同网格（同构）；宣称的 NumPy oracle 脚本不在盘，run/ 整体 gitignore,OPEN,"timeout 30 ls run/perf-fix/P5-snr/harness/ -> rc=0: extract_real.py make_csv.py make_manifest.py oracle_compare.json patch_manifest.py probe_out.json real_sources.csv real_sources.json run_e2e.sh（无 snr_oracle.py）；timeout 30 grep -n ""kFwhmFactor|refHalf|独立参考实现"" lib/algorithms/noise_snr/tests/p1noise/p1snr_science_test.cpp -> rc=0: :44 constexpr double kFwhmFactor = 1.230310; / :47 int refHalf(double fwhm) { / :54 // 独立参考实现 (暴力逐像素, long double)",P1-002,参考实现与生产共用同一常数（kFwhmFactor 等）与同一网格规则，声称的独立 NumPy oracle 不在盘且 run/ 不入库,建仓内可跑、与被测零共享常数的独立 Oracle,Oracle 脚本入库、与被测零共享常数，且被 ctest/pytest 注册执行,ENGINEERING_SPEC §5.1（不调用生产实现的独立 Oracle）；ASTROCS_DESIGN §11.1,原锚 EVIDENCE_MANIFEST.json 全仓不存在
V1-N-12,snr 科学链五点：整数格点采样、椭率列丢弃、经验 σ 上再加 gain 项、F_5 用参考 σ_F、1.253 用于位置估计,OPEN,"timeout 30 sed -n '50,52p' lib/algorithms/noise_snr/cpp/src/snr_estimator.cpp -> rc=0: // 输入为 PSF 块的一行 [status,B,flux,cx,cy,fwhm,A,mad(residual_scale),ecc]:（实现只读 row[2]/[6]/[7]，ecc 列 8 丢弃）；timeout 30 grep -n ""5.0 \* reference->sigma_f_optimal_adu|1.253"" lib/algorithms/noise_snr/cpp/src/snr_science.cpp -> rc=0: :224 const double f5 = 5.0 * reference->sigma_f_optimal_adu; / :246 return 1.253 * sigma_logflux_dex / std::sqrt((double)n_matches);",P1-002,逐源提取按整数格点像素中心采样（无子像素质心）；椭率列丢弃 ⇒ 仅各向同性适用；F_5 用参考源 σ_F 而非逐源自洽值；gain>0 时在经验 MAD σ 上再叠加 (RN/g)² 与 S/g（SCI §9a:100 判该式仅诊断）,按子像素质心采样并使用 ecc 列；F_5 改用逐源自洽 σ_F；gain 分支与 SCI 诊断口径分离,各向异性 PSF 注入场 SNR_F 偏差 ≤5%；F_5 与逐源 σ_F 自洽；gain 分支有 SCI 出处,ASTROCS_DESIGN §3.4/§11.1（σ_F=1/√W_psf 与实测散度一致）；ENGINEERING_SPEC §3,五点本轮逐条复现（(c) gain 分支见 snr_science.cpp:145-149/:196）
V12-N-03,MAD→σ 常数 0.6745 与 SCI 1.482602218505602『同源』为假（rel −1.5e-5）,FIXED,"timeout 30 grep -n ""_MAD_SCALE = "" lib/algorithms/photometry/cpp/src/star_matcher.cpp -> rc=0: :21 static constexpr double _MAD_SCALE = 0.6744897501960817;（= 1/1.482602218505602，精确倒数）",P1-002,-,-,-,修复证据：倒数式常数由 4 位截断 0.6745 改为冻结值 1.482602218505602 的精确倒数，偏差消除,-
V12-N-16,kLn10 两处独立硬编码且位数不一致（18 位 vs 31 位）,FIXED,"timeout 30 grep -rn kLn10 lib/ --include=*.cpp --include=*.h -> rc=0: noise_model.cpp:34 constexpr double kLn10 = 2.302585092994045684017991454684;（唯一定义点）；timeout 30 grep -n ""本模块唯一定义点"" lib/algorithms/noise_snr/cpp/src/snr_science.cpp -> rc=0: :33 // log10↔ln 换算常数 kLn10: 本模块唯一定义点 = noise_model.cpp (V12-N-16；",P1-002,-,-,-,修复证据：定义点收敛为 1，snr_science.cpp 的重复定义改为引用注释,台账原描述的 sqrt(10)/MAG_PER_LN10 两条腿三向 0 命中，已按复核提示收窄
V15-N-08,一条 check 冒充两个命题，未参与行 local_snr 无 isnan 断言（回填 1.0 仍绿）,FIXED,"timeout 30 grep -n ""local_snr|non-participating"" tests/unit/p1snr/p1snr_linux_test.cpp -> rc=0: :302 check(used_ok, ""C6 participating rows local_snr finite == SNR_F/median""); / :312 check(std::isnan(outm.local_snr.back()), ""C6 non-participating row local_snr must be NaN (no 1.0 fill)""); / :314 check(std::isnan(outm.snr_f.back()), …)",P3-002,-,-,-,修复证据：未参与行已有专门 isnan 断言，未参与行回填 1.0 会使该测试变红,台账锚 :294/:295 → 现 :302/:312-314
V2-N-08,"psf_mode 恒字面量 ""fast""、max_stars 静默截断（原判 RESOLVED）",FIXED,"timeout 30 grep -n psf_mode lib/infrastructure/scheduler/src/module_adapters.cpp -> rc=0: :1617 // ── P14-N-08 (RQS V2-N-08): psf_mode 必须是**真实模式**, 不得为字面量 ── / :1621 const std::string psf_mode = (n_fit_limit > 0) ? std::string(""fast"") : …；timeout 30 grep -c max_stars tests/unit/p1snr/p1snr_frame_parity_test.cpp -> 20 (rc=0)",P1-002,-,-,-,修复证据：psf_mode 由 n_fit_limit 派生并落交付面/manifest；新增 parity 锁覆盖 max_stars=0/5000/2,台账原判已是 RESOLVED
V20-N-03,cfg_present 13 写 0 读、variance_floor_given 死存储,OPEN,"python3 -c ""ls=open('lib/algorithms/noise_snr/src/module_entry.cpp',encoding='utf-8').read().splitlines(); print('cfg_present writes', len([1 for l in ls if 'cfg_present = 1' in l]), 'other refs', [i+1 for i,l in enumerate(ls) if 'cfg_present' in l and 'cfg_present = 1' not in l]); print('variance_floor_given refs', [i+1 for i,l in enumerate(ls) if 'variance_floor_given' in l])"" -> rc=0: cfg_present writes 13 other refs [360] / variance_floor_given refs [361, 472]；timeout 30 git ls-files lib/algorithms/noise_snr/src -> rc=0: astrocs_p1_noise.def / module_entry.cpp / module_exports.map（已入库）",P1-002,死存储：cfg_present 13 写 0 读（唯一其他引用 :360 同段判定），外层 variance_floor 仅 :472 写而唯一读点读内层 cfg.variance_floor,删除死字段或补读取点；接线前不得宣称配置生效,静态扫描 0 写或 0 读的配置字段清零；配置面有正/负用例,ENGINEERING_SPEC §8（模块 manifest/注册表/实现一致）；ASTROCS_DESIGN §9（禁止把计划值伪装成实际值）,台账「该 TU 仍 untracked」部分已消（git ls-files 已入库）；alpha_given/variance_given/ivar_given 仍 read=3 作正对照
V7-N-05,snr 节点非 object 被静默忽略、缺键落 0.0、p1_snr.json 不回显生效科学配置,OPEN,"timeout 30 grep -n ""doc.contains(\""snr\"")|sc.value("" lib/infrastructure/scheduler/src/module_adapters.cpp -> rc=0: :2691 if (doc.contains(""snr"") && doc[""snr""].is_object()) { / :2693 sci_cfg.gain_e_per_adu = sc.value(""gain_e_per_adu"", 0.0);（其后九键同形）；timeout 30 sed -n '2869,2875p' … -> rc=0: Json snr_out = Json{{""schema"",""DATA-P1-SNR""},{""schema_version"",""2""},{""frames"",frames}}; (*man)[""n_frames""]=…; (*man)[""snr_schema""]=""DATA-P1-SNR/2"";（无生效配置回显）",P1-002,snr 节点被写成非 object 则整块静默忽略（不报错不降级）；缺键落 0.0 与显式 0.0 在产物面不可区分；manifest 不回显生效 SNR 科学配置,缺键 fail 或显式标记为 unknown；manifest 增生效 snr 配置块（与 sci_cfg 同源）,缺键/非 object 输入 rc≠0 或产物含显式 unknown 标记；p1_snr.json/manifest 可复算生效配置,ASTROCS_DESIGN §9（manifest 至少记录生效科学配置；禁止把计划值伪装成实际值）/§11.3；ENGINEERING_SPEC §3,台账行锚 2664-2666/2838-2846 → 现 2691-2701/2869-2875
V8-N-03,README『4 处计算』与括号内 5 个名字、唯一直调 1 处三口径互不相等,FIXED,"timeout 30 grep -n ""4 处计算|snr_source_snr_f64|sourceSnrFromPsfRow"" lib/algorithms/noise_snr/README.md -> rc=0: :218 统一经行级 helper `sourceSnrFromPsfRow`（:57）转调 `snr_source_snr_f64`（…）；「4 处计算」零命中；timeout 30 grep -n snr_source_snr_f64 lib/algorithms/noise_snr/cpp/src/snr_estimator.cpp -> rc=0: :76（helper 内唯一 C ABI 调用点）",P1-002,-,-,-,修复证据：不实自报计数已删，改述为「经行级 helper 单点转调 C ABI」，与实现（:57 helper / :76 调用）一致,台账行锚 README:212-214 → 现 :218
W1-N-04,配置字段 JSON double→int 直转无 isfinite/范围夹取（静态 UB）,OPEN,"timeout 30 grep -n ""(int)d"" lib/algorithms/noise_snr/src/module_entry.cpp -> rc=0: :447 c->cfg.patch_grid_x = (int)d; c->cfg_present = 1; } / :449 patch_grid_y / :463 min_patch_samples / :465 max_clip_rounds（均无 isfinite/范围夹取）；同文件 :422 对 h/w 已有 0x7fffffff 上限防护（正对照）",P1-002,JSON 取值面允许 nan/inf 字面量，double→int 在 NaN/超范围时为 UB；台账原四字段（hreadn/dark/full_well/gain）已改 double，但同类无守卫转换仍在四处,四处补 isfinite + 范围夹取，超界拒绝并返回 ACS_ERR_PARAM,注入 nan/inf/1e30 的 patch_grid_x/min_patch_samples 后 rc≠0 且 UBSan 无告警,ENGINEERING_SPEC §5.1（边界、NaN/Inf、极端参数、错误输入必备测试）；ASTROCS_DESIGN §3.3/§3.5,台账原四字段已改 double（不再有 (int)d）；TU 已入库（git ls-files），但仍不在根 CMake 主图
W2-N-01,Photometer 甲式 flux_error 缺天空交叉项且泊松项按 ADU 直加，与同域 CCD 方程互斥,OPEN,"timeout 30 sed -n '94p' lib/algorithms/photometry/wrapper_phase1/photometer.cpp -> rc=0: r.flux_error = std::sqrt(std::max(sum, 0.0) + n_in * sky_sigma * sky_sigma);；timeout 30 sed -n '195p' lib/algorithms/noise_snr/cpp/src/snr_science.cpp -> rc=0: double var_ap = n_pix * sig_sky * sig_sky * (1.0 + n_pix / n_sky);",P1-002,甲式缺 (1+n_ap/n_sky) 天空项且泊松项按 ADU 直加（Photometer 全类无 gain 入参即隐式 gain≡1），与同域冻结 CCD 方程三方互斥,按同一 CCD 方程改写 measure_flux 的 flux_error，或显式声明其为诊断量并登记,同一注入场下 Photometer 与 snr_science 的方差相对差 ≤5%（可证伪）,"docs/science/NOISE_MODEL.md §8（var_ADU = max(signal,0)/gain + (read_noise_e/gain)²）；ENGINEERING_SPEC §3",-
W2-N-04,orchestrator 硬编码 PHOTAPPL=1，不 gate 真实测光 provenance（与模块管线侧两路不一致）,OPEN,"timeout 30 grep -n ""PHOTSCAL|PHOTAPPL"" lib/infrastructure/pipeline/orchestrator/cpp/src/orchestrator.cpp -> rc=0: :3017 fn_kv_set_double(frame_, ""header"", ""PHOTSCAL"", out_scale); / :3018 fn_kv_set(frame_, ""header"", ""PHOTAPPL"", ""1"");；timeout 30 sed -n '3006,3010p' lib/infrastructure/scheduler/src/module_adapters.cpp -> rc=0: B2-A14: PHOTSCAL/PHOTAPPL 由真实测光 provenance 决定（禁硬编码 1）",P1-002,该分支既不 gate out_n_matched>0 也不 gate out_scale≠1.0，退化恒等拷贝同样落此并被声明为已应用测光；模块管线侧已改读 p1_phot.json，两路口径不一致,orchestrator 改读 p1_phot.json provenance（与节点侧同源），删硬编码 1,退化恒等拷贝时 PHOTAPPL=0 且 PHOTDEGRADE=1；两条路径产物一致,docs/contracts/DATA_SEMANTICS.md（PHOTAPPL=1 仅当 provenance 声明已应用）；ENGINEERING_SPEC §3,台账行锚 orchestrator.cpp:3007-3008 → 现 :3017-3018
W2-N-07,父元归约 add_var 显式丢弃 area，协方差交叉项缺失（一 drop 均分 2 子叶低估 2×）,OPEN,"timeout 30 grep -n ""add_var|(void)area"" lib/infrastructure/aio/src/hips/aio_hips_writer.cpp -> rc=0: :465 void add_var(size_t i, double var_num, double area) { / :466 (void)area; / :892 acc.add_var(z, var_n[i], 0.0);",P1-002,只累加 Σvar 分子并显式丢弃 area，等价 Σ_j v_j·Σ_p w_jp²/D² 而非 (Σ_p w_jp)²/D²，差额正是文档要求显式加的交叉项,按文档协方差式累加（保留 area 权重），或显式登记该近似及其适用域,一 drop 均分 2 子叶场景下父元方差与解析式一致（相对差 ≤预设容差）,"docs/science/UNCERTAINTY_AND_COVARIANCE.md §协方差（Cov(S_p,S_q)=Σ_j c_jp c_jq v_j，孔径误差须显式加 Cov 项）；ENGINEERING_SPEC §3",台账行锚 377-379/782 → 现 465-466/892
W2-N-10,5×5 截断和被当总通量并被 f_in 二次惩罚；负残差整流使 flux 恒正而失效判据永不触发,OPEN,"timeout 30 grep -n ""if (v <= 0) continue|s.flux = m00"" lib/algorithms/star_detection/wrapper_phase1/star_detector.cpp -> rc=0: :145 if (v <= 0) continue; / :151 s.flux = m00;；timeout 30 grep -n ""flux_adu|aperture_correction"" lib/algorithms/noise_snr/cpp/include/snr_estimator.h -> rc=0: :211 double flux_adu;            // F: 总通量 [ADU] (>0 必须) / :230 double aperture_correction;    // 1/f_in(r) [无量纲]",P1-002,5×5 窗减背景截断和充当「总通量」并被 f_in 二次惩罚（同字段宣称已改正）；负残差整流使 flux 恒正，失效判据永不触发；与 photometer 整格和/sdet box_sum 三套定义并存,明确 flux 语义（截断和 vs 总通量）并只施加一次孔径改正；保留负残差,已知总通量注入场下 flux 与 f_in 语义自洽；负残差场不产生恒正假象,ENGINEERING_SPEC §3（通量定义唯一、排异/归约不可模糊）；docs/design/UNIFIED_MODEL.md §2,-
M2a-A-2,单位面三方不闭合：SCI 称 px² 与 sr「等价」、DATA 混写 sr/ADU、HiPS tile FITS 头无 BUNIT ⇒ 产品单位不可判定,OPEN,"timeout 30 grep -n 'px²' docs/science/DRIZZLE.md → rc=0:27 `D,a,A_drop: px²（球面立体角等价）`；timeout 30 grep -n -o -m3 'sr（Σa_jp' docs/contracts/DATA_SEMANTICS.md → rc=0:262 `sr（Σa_jp`；timeout 30 grep -n BUNIT lib/infrastructure/aio/src/hips/aio_hips_writer.cpp → rc=1（0 命中）",P2-001（writer 面 AIO-001）,HiPS 写出面从不声明 BUNIT；SCI §3 与 DATA 单位表对 a/A_drop/D 的 px²↔sr 只写「等价」不写换算与产品声明,SCI-DRZ 补 px²↔sr 换算与产品单位声明；AIO 写出面按 FITS 4.0 §4.4.1 写 BUNIT,tile FITS 头含 BUNIT 且与 DATA 单位表逐字一致（grep 命中>0）,-,读时哈希 DRIZZLE.md=2e414f9b8723、DATA_SEMANTICS.md=03b401c8a0ae、aio_hips_writer.cpp=eaf4fa4c6033（包内 81e769bdd8e7/af6883eeb9b3/edd719f3d799）
M2a-F-4,"合法开区间 (0,1) 的 pixfrac 正面数值对拍零覆盖；唯一变化 pf 的用例只喂 0/-0.5/1.5 三拒绝值",OPEN,"timeout 30 grep -n 'make_cfg(' lib/algorithms/drizzle/healpix_drizzle/tests/p1drz/p1drz_tests_core.cpp → rc=0 共 16 处，15 处第 2 实参为 1.0，仅 :466 `make_cfg(NSIDE, pf, 1, true)`；grep -n 'for (double pf' 同文件 → rc=0:464 `for (double pf : {0.0, -0.5, 1.5})`",P2-001,pixfrac 扫描只覆盖拒绝域；pixfrac=1.0 使 1/pixfrac² 因子恒为 1，偏亮缺陷不可见,"p1drz_properties 增 (0,1) 开区间正面扫描（0.3/0.5/0.8）+ 解析 Oracle 比对","ctest -R p1drz_properties 中存在 pf∈(0,1) 且非 1.0 的断言并能对偏亮注入判红",-,行号 464 未漂；「16 处 make_cfg」与台账一致
M2a-F-5,名为 SYN-004 的合成 Oracle 实为平面 kernel 对拍，不覆盖 SCI §15 声明的球面不变量；driver 源路径已失效,OPEN,"timeout 30 grep -c -e healpix -e nside -e ipix -e spherical -e compute_overlap_area_g tests/backend/test_drizzle_oracle.py → rc=1（0）；grep -n HOST 同文件 → rc=0:21 `HOST = os.path.join(REPO, ""lib"", ""backend_host"")`，timeout 30 ls -d lib/backend_host → rc=2（不存在；实体在 lib/infrastructure/benchmark/backend_host）",P2-001,Oracle 只驱动 planar OVERLAP/ACCUM/NORMALIZE，球面链零用例；ARCH-001 迁移后 HOST 常量未更新 ⇒ 该 Oracle 已不可构建,修 HOST 常量并补球面不变量用例（nside/ipix/旋转）,球面链 grep 命中>0 且该 Oracle 能在 CI 复跑判红,-,该文件未在任何 CMake/名单注册（grep test_drizzle_oracle 仅命中问题扫描/**）
M2b-F-02,恒真/析取/伪 hash 三段弱断言仍在（|| true、键集 ||、同路径两次读判等）,OPEN,"timeout 30 sed -n '70,113p' tests/unit/p1_hips_writer_test.cpp → rc=0：:90 `CHECK(tile.find(""XTENSION= 'IMAGE   '"") != std::string::npos || true);`、:80-81 两处析取、:97 `CHECK(a == b);  // 确定性`",P2-001,断言主体非被检对象（恒真析取）；确定性证据为同路径重复读,去 || true、键集改合取、hash 断言改为冻结期望值,删除任一产品键后该测试判红,-,行号 89→90、94-96→97（内容不变）
M2b-F-03,VOTABLE 只判根元素子串；真值夹具为自闭合空表、与生产模板不同构（双侧 to_string 比较已修）,OPEN,"timeout 30 grep -rn VOTABLE lib/infrastructure/aio/tests/p1hips/ → rc=0 units.cpp:419-420 只查 <VOTABLE / </VOTABLE>；grep -n metadata.xml lib/algorithms/coverage/tools/controlled_rejection_truth.py → rc=0:126 `write_text('<?xml version=""1.0""?><VOTABLE version=""1.3""/>')`；grep -n VOTABLE lib/infrastructure/aio/src/hips/aio_hips_writer.cpp → rc=0:1382 生产模板含 xmlns 与多行内容",P2-001,真值夹具与生产模板不同构；断言只看根元素（非法命名空间同样通过）,夹具改用与生产同构内容；断言改 XML 结构解析,非法命名空间/缺 xmlns 时判红,-,p1hips_tests_properties.cpp:228 双侧 std::to_string 比较已修（:231 注释「修复前 …必然分叉」，改共用格式化 + i6 断言）
M4-A-01,台账称 rejection.cpp「N≤4 且全拒→全接受」是 SCI 未授权的临场启发式（FROZEN §7/§8 只有 n≤2）,FIXED,"timeout 30 grep -n 'n <= 4' -B12 -A14 lib/algorithms/coverage/src/rejection.cpp → rc=0:1861 `if (n <= 4) {`；timeout 30 sed -n '63,100p' docs/science/REJECTION.md → rc=0 §5 `全拒容错（域写死 n=4）→ UNDERDETERMINED 全接受 (rejection.cpp:1860-1874)`、§7「**全拒容错域（n=4，SC-005）**…`n ≥5` 全拒 ⇒ `ALL_REJECTED`」、§8 表两行",P2-001,-,-,-,RUBRIC §3.1 R-2 M4-A-01：分支真实存在且可达（auto 路由下全拒只可能 n=4），推荐「保留容错并登记进 SCI、域写死 n≤4」；现行 SCI §5/§7/§8 已按此登记,残余（非本条判据）：tests 侧仅有 UNDERDETERMINED 用例（synthetic_gate.cpp:432/:4462/:4986），无 n=3/4/5/6 全拒边界用例
M4-A-02,"台账引 INTEGRATION.md:58 `max_{valid,W>0}` 与 §7:75 `max(accepted support)` 互斥",FIXED,"timeout 30 grep -n 'max_{accepted}' docs/science/INTEGRATION.md → rc=0（:21/:58/:75 三处均为 max_{accepted}，原 :58 的 max_{valid,W>0} 已订正）",P2-001,-,-,-,R-2 §0（:18）：integrate.cpp 已按 header:17 修好（support=0.9=max(accepted)），残余只是 SCI §5:58 一处文本；现状该文本已订正。,【人工复核覆盖：原分批复核判 FIXED】台账原判 OPEN/P0；R-2 判「门的前提需要改判」。
M4-A-04,SCI 7 方法 / ALG 与实现 10 方法（PERCENTILE/MEDIAN_SIGMA/MINMAX 无 SCI 统计定义）三方计数互斥,OPEN,"timeout 30 grep -n '7 种方法' docs/science/REJECTION.md → rc=0:43；grep -n '10 方法' docs/algorithms/PHASE2_REJECTION.md → rc=0:25/:104；grep -n P2_REJECT_MINMAX lib/algorithms/coverage/include/astro/phase2/rejection.h → rc=0:55 `P2_REJECT_MINMAX = 9,           // astrocs.minmax.v1`",P2-001,SCI §5 只定义 7 方法，实现多出 3 个可选枚举且 config 无背书,SCI 补 3 方法的统计定义，或把 3 方法标 legacy/退役,SCI 方法集与 rejection.h 枚举逐字可对照,-,REJECTION.md 读时哈希 3cb03c033f15、PHASE2_REJECTION.md=4b8c898a3acc（包内 e728a92cb3b9/fde33e3de0b4）
M4-A-05,接缝四项中「法向梯度跳变」「support/weight 连续性」全仓零定义零阈值；容差 3σ/5σ 只冻在测试文件内,OPEN,timeout 30 grep -rn -e 法向 -e 梯度跳变 docs/science docs/algorithms → rc=1（0）；timeout 30 grep -n SIGMA tests/api/test_seam_metric_gate.py → rc=0:24 `SIGMA = 0.05  # 同步 synthetic_gate kNoiseRms`、:79-82 `3.0 * SIGMA` / `5.0 * SIGMA`,P2-001,接缝判据的 SCI 来源缺失，阈值自证于测试文件,在 SCI/ALG 定义接缝指标与阈值，测试改引用冻结常量,SCI 含法向/support 连续性条款且测试阈值可回溯到该条款,-,-
M4-A-06,profile 合法集三方不一致：SCI §4 两值、SCI §5 三值、实现三值且失败返 rc=1（非 INVALID_CONFIGURATION）,OPEN,"timeout 30 grep -n -e profile -e astrocs_adaptive docs/science/REJECTION.md → rc=0:21 `wbpp_2_9_1 / wbpp_current(alias)`、:38「仅 wbpp_2_9_1…否则 INVALID_CONFIGURATION」、:52 `astrocs_adaptive (tunable)`、:99「配置非法 (method/profile) → INVALID_CONFIGURATION」；timeout 30 sed -n '1040,1050p' lib/algorithms/coverage/src/rejection.cpp → rc=0 白名单收三值后 `return 1` + err 文本",P2-001,SCI §4 与 §5 自斥；实现走 rc=1 而非 P2_STATUS_INVALID_CONFIGURATION（:1745/:1752 只覆盖 method×normalization）,统一 SCI 合法集；非法 profile 通道改用 P2_STATUS_INVALID_CONFIGURATION,非法 profile 的返回状态 == SCI 承诺值（新增门判红）,-,行号 1040-1046
M4-C-01,"kcorr_lookup 旧写法 i0=wi*2 把 [0.5,1.0] 均匀映到列区间，pf=0.8 回表外值（+1.5%/+2.1%）",FIXED,"timeout 30 grep -n -e pf_grid -e 'const bool lo' lib/algorithms/coverage/src/sampler.cpp → rc=0:94 `static const double pf_grid[3] = {0.5, 0.8, 1.0};`、:107 `const bool lo = (pf <= pf_grid[1]);`、:110 `const double fx = (pf - pf_grid[c0]) / (pf_grid[c1] - pf_grid[c0]);`",P2-001,-,-,-,修复证据：两段各自归一化分段线性插值，pf=0.8 直接命中冻结表值 1.3925/2.8971,读时哈希 sampler.cpp=6894c69d9a1b（包内 7fc8fe0ee8db）
M4-C-03,tile 级 ivar 读失败未 fail-closed、降级分支无计数无诊断,FIXED,"timeout 30 grep -n -e ivar_tile_fallback_px -e legacy_allow_weight_fallback lib/algorithms/coverage/tools/stage2.cpp → rc=0:566 `if (!cfg.legacy_allow_weight_fallback) { … 拒绝继续`、:607 计数器、:1119 `++ivar_tile_fallback_px; weights[s] = support_v[s];`、:1755 `diag[""ivar_tile_read_fallback_pixels""] = ivar_tile_fallback_px.load();`；grep -n ivar_tile_read_fallback_pixels lib/algorithms/coverage/tests/ivar_wiring_test.cpp → rc=0:489",P2-001,-,-,-,修复证据：默认 false 即 fail-closed，降级逐像素计数并落 diagnostics，测试钉住,stage2.cpp 读时哈希 465c4a86a44f（=包内）
M4-C-04,会话装配 smoothing_lambda=0 且只用 p2_upm_build（无 nodes 形参）⇒ SCI 承诺的 harmonic continuation 在生产不发生,OPEN,"timeout 30 grep -n smoothing_lambda lib/algorithms/coverage/src/upm.cpp → rc=0:234 `cfg.smoothing_lambda = 0.0;`；grep -n p2_upm_build lib/phase2_session/p2_session.cpp → rc=0:204 `rc = p2_upm_build(obs.data(), n_obs, &uc, &model);`（全几何入口 p2_upm_build_geo 在 upm.h:107，未被调用）；grep -n 'harmonic continuation' docs/science/PHASE2_UPM.md → rc=0:109/:161",P2-001,生产装配无自由度（λs=0）也无全几何节点入口 ⇒ 延拓路径不可达,会话装配改走 p2_upm_build_geo，或把 SCI 延拓条款标为未启用路径并登记,单帧区产物与 SCI 延拓声明一致（新增门）,-,upm.cpp 读时哈希 304185bf462b（包内 4051321cde7b）
M4-C-06,gather 对非有限 values/support 只计数剔除、weights 全程不校验且直传 RCR，与 SCI「非有限⇒INVALID_INPUT」相反,FIXED,timeout 30 grep -n isfinite lib/algorithms/coverage/src/rejection.cpp → rc=0:1109 `else if (weights != nullptr && !std::isfinite(weights[i]))`、:1728-1729 ex 入口同时校验 values/weights；grep -n rejection_nonfinite_weights lib/algorithms/coverage/CMakeLists.txt → rc=0:142 `add_executable(phase2_rej_nonfinite_weights tests/rejection_nonfinite_weights_test.cpp)`,P2-001,-,-,-,修复证据：资格层与入口双处校验 weights 有限性，并落地共址回归门（含 NaN/+Inf 负例）,rejection.cpp 读时哈希 41d63fe62a50（包内 9a281a3fb6dd）
M4-C-07,slice ALG 仍把已非生产入口的 stage2.cpp 写成「唯一权威生产源」，与 module_adapters p2_op_* 生产面并存,OPEN,timeout 30 grep -n 实现源 docs/algorithms/PHASE2_MOSAIC_WRITE.md → rc=0:9 `> 实现源（唯一权威生产源）: lib/algorithms/coverage/tools/stage2.cpp（1762 行实测；入口 main :112）。`（实测 1784 行）；timeout 30 grep -n -e LEG-004 -e astrocs-stage2.exe docs/contracts/PUBLIC_API.md → rc=1（:54 自斥句已删）；grep -n 'p2_op_reject\|p2_op_integrate\|p2_op_write' lib/infrastructure/scheduler/src/module_adapters.cpp → rc=0:4002/:4240/:4610,P2-001,PUBLIC_API.md :54 自斥已修，但 ALG slice 的「唯一生产源」表述与真实生产 DAG（module_adapters p2_op_*）仍不一致，且行数实测过期,把 stage2.cpp 标为工具/legacy 入口，生产源锚改指 p2_op_*；同步行数,四份 slice ALG 的生产源锚与 module_adapters 逐一对上,-,「1762 行实测」已过期（现 1784 行）
M4-C-09,ERR-P2-UPM-001 锚点仍指 upm.cpp:~890（实为 model_hash 序列化区，字面量 0 命中）；AIO 接受 v1+v2 而 p2_upm_open 仅 v2,OPEN,timeout 30 grep -rn ERR-P2-UPM-001 docs/ lib/ → rc=0 ERROR_MODEL.md:53「见 `lib/algorithms/coverage/src/upm.cpp:~890` frames 唯一/类型/C 行数校验」、PHASE2_UPM.md:110 锚 aio_upm.cpp，而 lib/algorithms/coverage/src/upm.cpp 内 0 命中；grep -rn 'astrocs-upm-v1\|astrocs-upm-v2' lib/ → rc=0 aio_upm.cpp:75-76/:132-133 双接受，upm.cpp:1045 仅 astrocs-upm-v2,P2-001,错误码 ID 无源码落点；容器接受面与打开器接受面不对称且未登记,把 ERR-P2-UPM-001 落到真实校验点；ALG §10/§15 登记接受面不对称,该 ID 在源码可定位且 ALG 表列双格式接受策略,-,原 :890 现为 model_hash 区，真实 frames 校验在 :1069-1081 一带
M4-D-03,任务编号/审计流水仍在活动文件（SCIENCE_SCOPE.md「# B5-06…本任务不改csv」；34A532A2…B2EB308 残断 token）,OPEN,for f in 5 个目标文件; timeout 30 grep -c -e 34A532A2 -e B2EB308 -e B5-06 -e B4-27 $f → rc=0 前四者 0、docs/science/SCIENCE_SCOPE.md=1（:62 `… # B5-06 同步在 TRACEABILITY.csv 增 SCI-SCOPE-001 行…但本任务不改csv，仅文档。`）；grep -rn -F 34A532A2 lib/algorithms/coverage/ → rc=0 acr_kernels.cpp:3、coverage.cpp:3、stage2.cpp:5、block.h:5、coverage.h:5,P2-001,注释仍以任务号/变更流水作锚,改为契约/条款引用,活动源码与文档中任务号 token 归零,-,台账点名的 upm.cpp「B4-27」与「此前 huber_delta」已清零；残余落在另 5 个 coverage 文件
M4-F-01,SCI §11/§15 把 control_median_mc_test / kcorr_matrix_test 当「Oracle 全过」证据，二者未注册构建,FIXED,"timeout 30 sed -n '170,179p' docs/science/PHASE2_UPM.md → rc=0 §15「**例外**：UPMW-005 的 MC 证据源 `control_median_mc_test` **未注册（MISSING，构建孤儿）** ⇒ …收进 ctest 前不得称""已过""」；grep -rn -e control_median_mc_test -e kcorr_matrix_test ci/ .github/ → rc=1；sed -n '1384,1392p' tests/unit/CMakeLists.txt → rc=0 新增 sci_evidence_registration_quality 门与 --self-test",P2-001,-,-,-,RUBRIC §3.1 R-2 M4-F-01：门应打在「文件存在 ∧ 构建注册 ∧ CI 采集」三合一，先按 (b) 把「已过」改 MISSING；SCI §11/§15 现均显式标 MISSING，并落地机器门,读时哈希 PHASE2_UPM.md=ff6bf3e72e7a（包内 96319b5de137）
M4-F-03,p2_upm_synthetic 是构建内唯一 UPM 命名 ctest，不链接生产库且以 CHECK(true) 冒名不变量门,OPEN,"timeout 30 sed -n '675,700p' tests/unit/CMakeLists.txt → rc=0:694-696 `add_executable(p2_upm_synthetic_test …)` / `target_link_libraries(… PRIVATE astrocs_contracts)` / `add_test(NAME p2_upm_synthetic …)`；grep -n 'CHECK(true)' tests/unit/p2_upm_synthetic_test.cpp → rc=0:125 `CHECK(true);  // 语义: 合成框架无单覆盖污染`",P2-001,测试只链接 contracts、无 astro/phase2 头，断言为空还打印 PASS,链接 astrocs_phase2 并写真实不变量断言，或改名为框架自检,注入 zero-support 生成值后该门判红,-,行号 125（与台账一致）
M4-F-04,test_upm_parallel 仍 skipUnless 静默跳过、OMP_LIB 路径不存在、calibrate_sum 传常量 0.0（csum 算了不用）,OPEN,"timeout 30 sed -n '1,60p' tests/api/test_upm_parallel.py → rc=0:15 `OMP_LIB = os.path.join(REPO, ""build"", ""linux-openmp-on"", ""libphase2.a"")`、:55 `@unittest.skipUnless(shutil.which(""g++"") and os.path.isfile(OMP_LIB), …)`、:49-50 `printf(…calibrate_sum=%.10f…"", workers,(int)nret,forced_hash,0.0,consistent,…)`；timeout 30 ls -d build/linux-openmp-on → 不存在",P2-001,跨 worker 数值等价从未被比较；跳过条件使该测试常态不跑,改用真实构建产物路径、断言 csum，并把 SKIP 纳入 CI 白名单,1T/2T calibrate 数值等价被真实比较并能判红,-,-
M4-F-07,空断言与名不副实节仍在（CHECK(true)、局部字面量非空断言、全零求和）,OPEN,timeout 30 grep -n -e 'CHECK(true)' -e 'TESTS PASS' tests/unit/p2_rejection_test.cpp tests/unit/p2_output_semantics_test.cpp → rc=0 p2_rejection_test.cpp:89 `CHECK(true);`、p2_output_semantics_test.cpp:136 `CHECK(true);`（:140 printf「P2-006 TESTS PASS …」）,P2-001,占位断言充当证据,用真实不变量替换 CHECK(true)（枚举数值序、全零求和等）,删除任一被检行为后对应断言判红,-,行号 89/136 与台账一致
M4-F-08,名义「生产 Oracle」走 COMPAT 弃用接口，且 frame_ids 逐位复制未过 eligibility 掩码映射，无回归门,OPEN,"timeout 30 grep -n COMPAT lib/algorithms/coverage/include/astro/phase2/rejection.h → rc=0:299 `// ---- 旧接口（COMPAT adapter，仅测试/旧调用；生产 Stage2 不再调用） ----`；timeout 30 sed -n '1890,1915p' lib/algorithms/coverage/src/rejection.cpp → rc=0:1906-1907 `if (in->frame_ids != nullptr) for (i < m) fids[i] = in->frame_ids[i];`（m 为资格层输出数，按原下标直取）",P2-001,测试面走 compat 结构体绕开生产 strided 路径；frame_ids 与资格压缩后的样本错位,Oracle 改走生产接口；frame_ids 随资格掩码同步压缩,构造含不合格样本的栈，断言 frame_ids 与 values 同源同位,-,-
M4-H-01,control_by_id 为 std::map，obs.control_id 不在 nodes 中时 operator[] 默认插 0，观测静默并入 control 0,OPEN,"timeout 30 grep -n control_by_id lib/algorithms/coverage/src/upm.cpp → rc=0:71 `std::map<std::uint64_t, std::size_t> control_by_id;`、:434 `const std::size_t ck = m->control_by_id[obs[i].control_id];`（:544/:564/:568/:638/:650/:877 同型）；grep -n 'control_by_id.find' 同文件 → rc=1（0）",P2-001,用 operator[] 隐式建键，无 rc 无告警，污染归一化/gauge/C 行,改 find + 未命中显式 rc,注入未知 control_id ⇒ 显式失败（新增负例判红）,-,行号 425→434
M6a-D-014,同文件注释「禁全局 critical(aio_read)」与实现「全程 g_aio_mu 全局锁」直接对立，两代并行叙述并存,OPEN,timeout 30 grep -n -e CON-010 -e g_aio_mu -e 'critical(aio_read)' -e hotfix lib/algorithms/coverage/src/sampler.cpp → rc=0:165 `// CON-010 复归：cfitsio / aio_hips 并发文件读在本机 gcc 14 上非线程安全`、:701 `// （cfitsio 同句柄并发读非线程安全 => 禁跨线程共享；禁全局 critical(aio_read)）。`、:711-712 `std::lock_guard<std::mutex> lk(g_aio_mu);`、:647 `// 第一遍：…（hotfix：串行；`、:900 `// 生产默认 N-worker 并行(std::thread…`,P2-001,注释未随实现收敛，读者无法判断该锁是必留约束还是待清除临时物,统一并发模型注释：删「禁全局 critical」或把 g_aio_mu 冻结并登记,同文件无自斥并发叙述（review 门）,-,行号 157→165、683→701、689-690→711-712、881→900
M6b-C-002,冻结 ALG 仍以「现状=R3-A 缺陷语义/登记不改码」表述，与同文 §7「B2-A7 闭环、DISP 关闭」自斥,OPEN,timeout 30 grep -n -e '现状=R3-A' -e 现状缺陷清单 docs/algorithms/PHASE2_INTEGRATION.md → rc=0:42 `| sup_max | max(accepted support)（现状=R3-A 缺陷语义，§11.3） | 无量纲 | integrate.cpp:61-61 |`、:233 `### 11.3 现状缺陷清单（DISP-P2INT-001..002，登记不改码…）`；同文 :172 `**support reducer 口径已统一（B2-A7 闭环，DISP-P2INT-001/002 关闭）**`,P2-001,过期登记未清，逐符号锚整体错位,删 :42 括注、§11.3 标 CLOSED 并清逐符号锚,ALG 内无「现状=缺陷」与「已闭环」并存,-,读时哈希 PHASE2_INTEGRATION.md=a1e93858f263（包内 b6f8a4b81d43）
M7-A-108,"percentile 仅给 (low 0.2/high 0.1, scale=median)，参考分布/经验分位型与 tie/边界含入未定义，确定性门不可证伪",OPEN,"timeout 30 grep -n -e 'low 0.2' -e percentile docs/science/REJECTION.md → rc=0:49/:59/:153 只有 `percentile (low 0.2 / high 0.1, scale=|median|)`；同文 :102 §8a 登记判据带与塌缩根因并明写「**未修复**，SC-005」，但 tie/边界含入仍未声明",P2-001,方法核判据带未定义 tie/边界含入，门无法证伪,SCI §5 补 quantile 型/tie/边界含入；按 §8a 另立缺陷裁决 scale,n=3/4 边界栈的判定可由 SCI 文本唯一推出,-,§8a 已由 R-2 M4-A-01 根因登记落地
M7-A-109,SCI 文本载 σ_new = 1.134·wsd 常数（无 SCI 出处）,FIXED,timeout 30 grep -rn 1.134 docs/science/ → rc=1（0 命中）；grep -rn 1.134 docs/algorithms/ → rc=0 仅 docs/algorithms/PHASE2_REJECTION.md:248 `wsd = sqrt(Σ(wcur−med)²/(nc−1));  σ_new = 1.134·wsd     :1318-1322`,P2-001,-,-,-,修复证据：原判据所指 SCI 文本不存在，常数仅存于 ALG 实现锚,-
M7-A-110,输入为加性归零后样本，空背景 median≈0 ⇒ scale=median→0，阈→0（全拒）或跨零不连续，无下限声明,OPEN,"timeout 30 grep -n 'scale=' docs/science/REJECTION.md → rc=0:49 `n < 6 → percentile (low 0.2 / high 0.1, scale=|median|)`；sed -n '100,118p' → §8a「在近零天光像素上 median → 0 ⇒ 带宽塌缩为 0 ⇒ **全部非中位样本被拒**…**未修复**」；grep -n 零底 docs/science/INTEGRATION.md → rc=0:67 `帧间像素已 UPM.calibrate_block 到公共零底`",P2-001,尺度取 |median| 无噪声项与下限，跨零不连续,"按 §8a 裁决改用 max(|median|, MAD) 或显式下限并重标定",近零天光栈的全拒率门（现 73.9%/70.1%）判红,-,REJECTION.md 读时哈希 3cb03c033f15（包内 e728a92cb3b9）
M7-A-126,linear_fit 的 σ 用平均绝对残差（未乘 √(π/2)=1.2533），文档 F4 却写「线性拟合残差 MAD 尺度」，名义 5.0/3.5 阈等效 3.99σ/2.79σ,OPEN,timeout 30 grep -n -A6 'sigma /= ' lib/algorithms/coverage/src/rejection.cpp → rc=0:1451 `sigma += std::fabs(stack[i] - (slope * (double)i + intercept));`、:1452 `sigma /= (double)N;`；grep -n linear_fit docs/algorithms/REJECTION_ALGORITHMS.md → rc=0:17 `F4: linear_fit: 线性拟合残差MAD尺度 5/3.5 8iter`,P2-001,σ 未按估计量闭式换算，文档与代码互斥，拒收率随法漂移,或把 σ 乘 √(π/2)（与 averaged_sigma 同口径），或改文档为「平均绝对残差」并重标定阈值,高斯栈下 linear_fit 的实际等效 σ 阈值与文档一致（可判红）,-,行号 1436-1439→1451-1452；rejection.cpp 读时哈希 41d63fe62a50（包内 9a281a3fb6dd）
M7-A-127,ESD α=0.05 被当冻结统计判据引用，NIST 近似有效性域 n≥15/25 全文 0 命中，无 n<15 降级路径,OPEN,timeout 30 grep -n -e Rosner -e 'alpha=0.05' -e ESD docs/algorithms/REJECTION_ALGORITHMS.md → rc=0:18 `F5: ESD: Rosner α=0.05 max10 双sqrt已修`、:37/:99 同引；timeout 30 grep -c -e 'n≥15' -e 'n>=15' -e 'n ≥ 15' 同文件 → rc=1（0）,P2-001,统计方法的适用域未声明，小 n 无降级,补 n≥15/25 适用域与 n<15 路由（或标近似失效）,n<15 走登记降级路径（新增门）,-,REJECTION_ALGORITHMS.md 读时哈希 4bd56755b392（包内 4f65c3f4d00f）
M7-A-136,percentile 阈按像元值绝对分位（scale=|orig_median|）取、不含噪声尺度 ⇒ 拒收强度随背景绝对电平线性变化,OPEN,timeout 30 grep -n -e orig_median -e reject_percentile_impl docs/algorithms/PHASE2_REJECTION.md → rc=0:93 `| reject_percentile_impl | :1579-1600 | percentile（|median| 尺度；iterations=1） |`、:332 `scale = |orig_median|（原始域中位，MEDIAN_CENTER 工作域下负值安全）:1587`；SCI REJECTION.md §8a 同款登记「未修复」,P2-001,尺度无噪声项，与背景绝对电平耦合；N=4 全拒兜底是其症状,"按 §8a 裁决改用 max(|median|, MAD) 并重标定",背景电平扫描下拒收率恒定（门可判红）,-,PHASE2_REJECTION.md 读时哈希 4b8c898a3acc（包内 fde33e3de0b4）
M7-A-214,常量场门要求 max_abs==0（对一般 C 不可满足，等权 3×0.1 即 1 ulp 失配），与同节 rtol 1e-12 双口径并存,OPEN,"timeout 30 grep -n -e 常量场门 -e 'max_abs==0' -e 'rtol 1e-12' docs/science/INTEGRATION.md → rc=0:102 `- **常量场门**：常数 values=C 的 signal==C（max_abs==0）。`、:106 `…（rtol 1e-12）`；timeout 30 python3 -c ""v=[0.1,0.1,0.1]; s=sum(v); print(repr(s/3), s/3==0.1)"" → rc=0 `0.10000000000000002 False`",P2-001,门对实现无判别力或阻碍正当实现,常量场门改 rtol 1e-12（与 :106 统一）,等权 3×0.1 常量场通过且注入真实偏差判红,-,INTEGRATION.md 读时哈希 92ac00e963d6（包内 c69090065bf3）
M7-C-001,UPM 侧 control grid 为编译期常数 8，与装配传入值可能静默错位,FIXED,"timeout 30 grep -n control_grid_per_tile lib/algorithms/coverage/src/stage2_common.cpp → rc=0:40 `cfg->control_grid_per_tile = m.value(""control_grid_per_tile"", 8);`、:41-43 值域 1..64 校验、:466 `mcfg.grid = cfg.control_grid_per_tile;  // M7-C-001`；grep -n -e 'cfg.grid != 8' -e 'm->grid = cfg.grid' lib/algorithms/coverage/src/upm.cpp → rc=0:254 `if (cfg.grid != 8) return 3;`、:269 `m->grid = cfg.grid;`",P2-001,-,-,-,修复证据：编译期常数改消费装配传入值 + 一致性硬门 + 几何 hash 改用实际 grid,stage2_common.cpp 读时哈希 416b7c849105（包内 37c355bccc82）、upm.cpp=304185bf462b（包内 4051321cde7b）
M7-H-101,伪代码引用从未赋值的符号 s1（全文 s1 赋值 0 处）；rc 表原无「迭代耗尽」态（现已加 p2_upm_convergence）,OPEN,"timeout 30 awk 'FNR==169' docs/algorithms/PHASE2_SAMPLER.md → rc=0 `若 s1 ≤ 0: break                             # :825`；timeout 30 grep -c 's1 =' 同文件 → rc=1（0）；sed -n '306,312p' docs/algorithms/PHASE2_UPM_IMPL.md → rc=0:311 新增 `| p2_upm_convergence | 0/1 | …converged：1=…达 tolerance，0=迭代耗尽或旧文件未记录 |`",P2-001,伪代码符号名与实现不一致（:168 赋值的是 s0）,把 :169 的 s1 改 s0（或补 s1 定义）；① 已修无需再动,伪代码符号可在全文唯一解析,-,① 已由 R-2 M7-H-101 建议落地（新增 p2_upm_convergence），残留仅为 ④
M7-H-103,同一求值接口双哨兵：null model 返回 0.0（与 gauge 合法 C 值不可区分，fail-open），未知 frame_id 返回 NaN,FIXED,"timeout 30 grep -n -e 'model == nullptr' -e quiet_NaN lib/algorithms/coverage/src/upm.cpp → rc=0:1309 `if (model == nullptr) return std::numeric_limits<double>::quiet_NaN();`（原 `return 0.0` 已消失）、:1315 未知 frame 同返 NaN；sed -n '306,312p' docs/algorithms/PHASE2_UPM_IMPL.md → rc=0:310 `p2_upm_evaluate_c | NaN | **未知 frame_id 与 null model 一律返回 NaN**（…禁作哨兵——M7-H-103）`",P2-001,-,-,-,RUBRIC §3.1 R-2 M7-H-103：不可用一律 NaN，并在 ALG §10 表统一——实现与文档均已落地,evaluate_c_field::at() 缺失 cell 仍返 0.0，upm.cpp:163-170 已写明该差异超出本条范围并有冻结门约束
M8-C-002,注释称跨 worker「位精确」，同合同测试实为 1e-6 容差；三处口径互不相同,FIXED,"timeout 30 grep -n 'determinism class D1' lib/algorithms/coverage/src/upm.cpp → rc=1（0 命中，原注释已不存在）；timeout 30 grep -n -e '1T/2T calibrate' -e 'repeat-2T calibrate' lib/algorithms/coverage/tests/synthetic_gate.cpp → rc=0:309 `EXPECT_NEAR(out1[0], out2[0], 1e-12) << ""1T/2T calibrate 差（冻结容差 1e-12）"";`、:324 同 1e-12",P2-001,-,-,-,RUBRIC §3.1 R-2 M8-C-002：门与合同取齐到 1e-12/位精确——容差已由 1e-6 收紧为 1e-12,synthetic_gate.cpp 读时哈希 d7ba42a703ee（包内 3d3ab2d9e353）；phase2_sampler_parallel 的 SKIP 记录属 M8-G-001
M8-F-010,PHOTDEGRADE/uncalibrated_adu_allowed 显式降级开关正反两侧无任何回归用例,OPEN,timeout 30 grep -rn -e PHOTDEGRADE -e uncalibrated_adu_allowed tests/ → rc=0 且 0 行（tests 侧零命中）；timeout 30 grep -rln 同模式 lib/algorithms/drizzle lib/infrastructure/scheduler docs/algorithms → rc=0 5 文件（drizzle_engine.h、hp_drizzle_api.cpp、drizzle_engine.cpp、module_adapters.cpp、DRIZZLE_GEOMETRY.md:178）,P2-001,上游 module_adapters 已发射该 KV，生产可达但无门,p1drz_negative 补「声明=1 放行 + provenance 降级」正例与「缺键/=0 拒绝」反例,两侧行为各 1 例且能判红,-,行号漂移：hp_drizzle_api 读键 :946-949、拒绝语义 drizzle_engine.cpp:1053-1056
M9-F-2,产品与「独立重算」同公式同单位同格式化（%.6f 字符串相等），不可能发现单位错,OPEN,"timeout 30 sed -n '186,212p' lib/infrastructure/aio/tests/p1hips/p1hips_tests_oracle.cpp → rc=0:201 `const double scale = 3600.0 * (180.0 / kPi) * std::sqrt(kPi / 3.0) / 512.0;`、:203 `std::snprintf(want, sizeof(want), ""%.6f"", scale);`、:206 断言 `it->second == want`；grep -n hips_pixel_scale lib/infrastructure/aio/src/hips/aio_hips_writer.cpp → rc=0:1113 `kv.push_back({""hips_pixel_scale"", buf});`（同式，aio_hips.h:92 记 `3600·180/π·sqrt(π/3)/512`）",P2-001,Oracle 与被检实现共用同一表达式/单位/精度，属自证门,Oracle 改由 IVOA HiPS 1.0 的 unit 定义独立推值（或改为度单位对拍）,注入单位/量纲错（如误用 arcsec）后该门判红,-,五套并存数值仍在：tests/io/make_hips_fixture.py:169、lib/algorithms/coverage/tools/controlled_rejection_truth.py:52、hips_browser …/gen_geometry_truth.py:177
V20-N-11,写 -1/不写/写 0 三态折叠为同一 0，产物只留 frame[snr_max_sources]=0 无判别位,OPEN,"timeout 30 grep -n snr_max_sources lib/infrastructure/scheduler/src/module_adapters.cpp → rc=0:2675 `snr_max_sources = sc.value(""max_sources"", 0);`、:2676 `if (snr_max_sources < 0) snr_max_sources = 0;   // <0 非法 -> 视为不限`、:2787 `frame[""snr_max_sources""] = snr_max_sources;`",P2-001,非法值与「不限」「0」共用一个编码，无 provenance 判别位,三态分离（-1 显式拒绝或加 snr_max_sources_source 判别位）,三态在产物中可区分（新增门判红）,-,行号 2675-2676/:2787 与台账一致；module_adapters.cpp 读时哈希 713b9ba2bbfb（包内 10b472f2719e）
V3-N-03,写侧必写、读侧必校验（rc=3/1），但 UPM fit 入口缺 control_grid_per_tile 键静默取 8,OPEN,"timeout 30 grep -n control_grid_per_tile lib/infrastructure/scheduler/src/module_adapters.cpp → rc=0:3644 写侧、:3738 `uc.grid = smp_doc.value(""control_grid_per_tile"", 8);`（fit 入口缺键默认 8）；grep -n 'cfg.grid != 8' lib/algorithms/coverage/src/upm.cpp → rc=0:254 `if (cfg.grid != 8) return 3;`",P2-001,读侧硬门与装配侧静默默认并存，跨版本面可能把不匹配模型当匹配,fit 入口缺键改显式失败（或在 manifest 记 grid 来源）,缺键时显式拒绝（新增负例）,-,module_adapters.cpp 读时哈希 713b9ba2bbfb（包内 10b472f2719e）
W1-N-12,HEALPIX_SCALE_PER_NSIDE_ARCSEC 同式三处重推导，无单一承载层,OPEN,timeout 30 grep -rn 'const double HEALPIX_SCALE_PER_NSIDE_ARCSEC' lib/ --include=*.cpp --include=*.h → rc=0 三处：lib/algorithms/drizzle/healpix_drizzle/drizzle_engine.cpp:684、lib/infrastructure/scheduler/src/module_adapters.cpp:3146、lib/infrastructure/pipeline/orchestrator/cpp/src/orchestrator.cpp:188,P2-001,常数无唯一承载头（文档权威点 docs/algorithms/DRIZZLE_GEOMETRY.md:87，未改）,抽到公共头并让三处引用,全仓该常数定义唯一（grep 计数==1）,-,finding 记 2 处，实测 3 处（与台账复核一致）
W2-N-06,NaN variance 像元不被跳过 ⇒ 面积进分母、方差不进分子（半累加），交付方差系统性偏低；跳过条件缺 isfinite,OPEN,"timeout 30 sed -n '1896,1915p' lib/algorithms/drizzle/healpix_drizzle/drizzle_engine.cpp → rc=0:1912 `if (varianceValue <= 0.0f) continue;  // 合法数据边界, 非掩膜`（NaN 不满足 ⇒ 继续累加 flux/area）；sed -n '1550,1566p' → rc=0:1558-1559 `if (varianceValue > 0.0f) { … acc.sumVarNum += Scalar((double)varianceValue * (double)w2); }`（NaN 不进分子）；grep -n 非有限 docs/contracts/DATA_SEMANTICS.md → rc=0:254「非有限或 ≤0 → 跳过该像素」",P2-001,跳过条件与合同不同集（缺 isfinite），分子分母判据不一致,两处统一为 `!(v>0) || !isfinite(v)` 并同集处理,注入 NaN variance 后交付 variance 与解析值一致（门判红）,-,drizzle_engine.cpp 读时哈希 0a838c49ebca（包内 80b3c471d51f）
M2a-F-6,variance_propagation_test 断言主体仍是 n_pairs>0，mean(ρ)/max(ρ) 只进 msg；该 TU 未挂任何 CMakeLists,OPEN,"timeout 30 grep -n 'CHECK(n_pairs > 0, msg)' lib/algorithms/drizzle/healpix_drizzle/tests/variance_propagation_test.cpp → rc=0:284；timeout 30 grep -rl variance_propagation_test --include=CMakeLists.txt --include=*.cmake . → rc=1（0）；grep -c 0.19 docs/science/UNCERTAINTY_AND_COVARIANCE.md → 4，0.57 → 3",P2-002,文档两处数值无门可红；TU 未注册构建,把 ρ 断言写成 CHECK 并注册进 ctest,ctest -N 含该测试名且注入相关性破坏后判红,-,文档命中数由台账 2/2 变为 4/3（并发线已改）
M3-A-002,台账称 SCI-CW §4 把 support×snr_v² 标为 weight_mode=2，与实现默认 2 及 SCI-UPM 生产禁令三方互斥,FIXED,"timeout 30 sed -n '64,72p' docs/science/CONTROL_WEIGHT_SNR.md → rc=0 现文 `# 像素级相对质量权重（stage2 排异/积分，weight_mode=0 legacy：生产禁用）` 与 `# 2 = 逐样本 ivar 逆方差权重（生产默认，无 fallback…）`；grep -n weight_mode lib/algorithms/coverage/src/stage2_common.cpp → rc=0:378 `cfg->weight_mode = 2;   // 默认 ivar`",P2-002,-,-,-,RUBRIC §3.1 R-2 D-7/D-9：三套「互斥权威」实为 mode 2=逐样本 ivar 与 mode 0=support×snr² legacy，CW §4 把 mode 0 写成 mode 2 是勘误；现文已按 R-2 最小改动路径改为 mode 0 并注「生产禁用」,读时哈希 CONTROL_WEIGHT_SNR.md=b8d2d9f561a8（包内 a45aafd92e19）
M3-F-005,SCI-CW-001..008 整族无测试、无追溯行；TEST-CW 仅 TEST_MATRIX 占位；ALG-CW-001 与 SCI 同文件,OPEN,timeout 30 grep -c SCI-CW docs/TRACEABILITY.csv → rc=1（0）；timeout 30 grep -rn 'TEST-CW-00' docs/ tests/ ci/ → rc=0 仅 docs/contracts/TEST_MATRIX.md:41，路径仍为 `lib/algorithms/coverage/tests/...` 占位；grep -n '^#' docs/science/CONTROL_WEIGHT_SNR.md → rc=0 仅 §1-§8,P2-002,SCI-CW 族无任何可执行 TEST-*；ALG-CW-001 无独立文档（INDEX.yaml 指回同文件）,落 TEST-CW-001..008 并补 TRACEABILITY 行 + 拆出 ALG-CW 文档,TRACEABILITY.csv 含 SCI-CW-001..008 且 TEST 路径为真实文件,-,占位路径由 lib/phase2/tests 漂到 lib/algorithms/coverage/tests（仍为 ... 占位）
M4-A-03,SCI 判 MAD=0 patch「不计 control」，实现垫 1e-12 后照常生成（control_ivar≈1e24）且未登记,OPEN,timeout 30 grep -n 'sigma = (s0 > 0.0)' lib/algorithms/coverage/src/sampler.cpp → rc=0:847 `const double sigma = (s0 > 0.0) ? s0 : 1e-12;`；timeout 30 grep -n '不计 control' docs/science/PHASE2_UPM.md → rc=0:108 `| S=0 (MAD=0) | 该 patch 方差为 0，不计 control | noise_model |`,P2-002,实现以 1e-12 零尺度 floor 绕过「不计 control」语义，SCI 无该 floor 条款、无 DISP 登记,或按 SCI 跳过该 control，或把 floor 写进 SCI 并登记 DISP-P2SMP,MAD=0 patch 的 control_ivar 行为与 SCI 条款逐字一致（新增门判红）,-,行号 829→847
M4-C-02,生产装配未显式赋 zero_anchor_weight，从 uc 空初始化得有效值 0.0，与 SCI §9a FROZEN 1e-3 不符,FIXED,"timeout 30 grep -n zero_anchor_weight lib/algorithms/coverage/src/upm.cpp → rc=0:235 `cfg.zero_anchor_weight = 1e-3;`、:253 `<0 → 1e-3`；timeout 30 grep -n zero_anchor_weight lib/infrastructure/scheduler/src/module_adapters.cpp → rc=0:3738 `uc.sigma_floor = 1e-3; uc.zero_anchor_weight = 1e-3; uc.grid = smp_doc.value(""control_grid_per_tile"", 8);`",P2-002,-,-,-,修复证据：两条生产装配均显式赋 SCI-UPM-001 §9a FROZEN 1e-3,module_adapters.cpp 读时哈希 713b9ba2bbfb（包内 10b472f2719e）
M4-C-08,raw_weight 的 rc=2 在 normalized_weights 被塌缩为 1；calibrate_block 只检三指针，leaf_ipix 空指针未判即解引用,OPEN,"timeout 30 sed -n '1360,1375p' lib/algorithms/coverage/src/upm.cpp → rc=0:1369 `if (p2_upm_raw_weight(&obs[i], cfg, &raw[i]) != 0) return 1;`；sed -n '1270,1300p' → :1278-1279 仅检 model/input_signal/output_signal，:1289 `leaf_ipix[i] >> …` 无判空；sed -n '306,312p' docs/algorithms/PHASE2_UPM_IMPL.md → rc=0:310 `p2_upm_calibrate_block | 0/1 | ok / 参数 null 或 未知 frame_id`",P2-002,错误码在中间层被归一；公共 ABI 参数校验面小于 ALG §10 承诺,原样传播 raw_weight rc；calibrate_block 补 leaf_ipix 判空,缺 control_ivar ⇒ rc=2 直达调用方；leaf_ipix=nullptr ⇒ rc=1 不 UB（各 1 负例）,-,-
M4-F-02,SCI 声称有 NumPy Huber IRLS + control_ivar 复算 θ 的 Python 参考（rtol 1e-9），全仓无此实现,OPEN,timeout 30 grep -n 'Python 参考' docs/science/PHASE2_UPM.md → rc=0:134 `**Python 参考**：NumPy 对同 raw 的 Huber IRLS + control_ivar 权重复算 θ（rtol 1e-9）`；grep -n -i huber tests/backend/test_p2002_parallel_upm.py tests/backend/test_p2003_seam_oracle.py → rc=0 仅 :72/:78/:178 的 huber_delta 配置字面量,P2-002,文档承诺的独立参考实现不存在,落 NumPy Huber IRLS + control_ivar 复算脚本并注册，或把该句降级为计划项,存在 rtol 1e-9 的被采集参考对拍并能判红,-,-
M4-F-05,"SCI 称 UPMW-005 硬门锚 k_corr≈1.3883，实为 [0.98,2.0] 宽区间且该 TU 未挂构建",OPEN,"timeout 30 sed -n '190,232p' lib/algorithms/drizzle/healpix_drizzle/tests/control_median_mc_test.cpp → rc=0:216 `if (!(k_corr >= 0.98 && k_corr <= 2.0)) {`（失败文本「超出科学合理区间 [0.98, 2.0]」），与 :16 头注释「UPMW-005 断言 |k_corr_frozen − k_corr_empirical| 在容差内」相反；grep -rn … --include=CMakeLists.txt → 仅 tests/unit/CMakeLists.txt:1387 注释（非注册）",P2-002,门无判别力（不锚 1.3883/1.4）且未注册，SCI 的「硬门」宣称无可执行证据,门改锚 1.3883/1.4 容差，或按 R-2 收进 ctest 并限时,ctest 采集到该 MC 门且注入 k_corr=0.99 判红,-,drizzle 源目录已迁至 lib/algorithms/drizzle/healpix_drizzle
M6b-C-001,KNOWN_LIMITATIONS §9 与 TROUBLESHOOTING:16 仍把被 §4.3/UNIFIED_MODEL §2 禁止的 support 回退写成既有可接受行为,OPEN,timeout 30 grep -n 'UPM ivar 回退' docs/KNOWN_LIMITATIONS.md → rc=0:13 `9. **UPM ivar 回退**: 输入帧无 ivar 产品时积分权重回退 support`；grep -n 支持回退 docs/TROUBLESHOOTING.md → rc=0:16 `…重跑 Phase1 V19 链; 或接受 support 回退`；grep -n legacy_allow_weight_fallback lib/algorithms/coverage/include/astro/phase2/stage2_common.h → rc=0:94 `bool legacy_allow_weight_fallback = false;`,P2-002,文档未标该路径为 legacy/显式开关（实现默认 fail-closed）,两文档改用「仅 legacy_allow_weight_fallback=true 的显式降级路径，生产禁用」,文档与 §4.3/UNIFIED_MODEL §2 口径一致（lint 门）,-,-
M7-A-001,SCI §5 绝对式 w_UPM 与份额式 raw/Σraw·geom 并存互斥、§3 量纲表只写 ADU⁻²,FIXED,"timeout 30 sed -n '52,56p' docs/science/PHASE2_UPM.md → rc=0 现分两级命名：(1) `绝对式 w_UPM（科学定义，ADU⁻²…）`、(2) `份额式 w_cell（求解器内归一约定，无量纲，per-control；实现消费的就是它）`；sed -n '26,36p' → §3 单位表同时列 `w_UPM: **ADU⁻²（绝对逆方差量）**` 与 `w_cell: **无量纲（份额式…）**`；grep -n 'out_norm\[i\]' lib/algorithms/coverage/src/upm.cpp → rc=0:1377",P2-002,-,-,-,RUBRIC §3.1 R-2 D-8：两式不是互斥而是同一条流水线的两级，推荐分别命名并冻结适用范围（不改码）——现已按此命名并写进 §3/§5,读时哈希 PHASE2_UPM.md=ff6bf3e72e7a（包内 96319b5de137）
M7-A-002,ALG 层以定义式写 weight_mode=2 → ivar_valid?ivar:support，与 SCI-UPM-WEIGHT-001 禁令、SCI-CW §4 对同一枚举三义,FIXED,"timeout 30 sed -n '120,132p' docs/algorithms/PHASE2_INTEGRATION.md → rc=0 现为 `weight_mode=2 = 逐样本 ivar（1/ADU²，逆方差权重），无任何 fallback`、`weight_mode=0 → support×snr²（**legacy/ablation/诊断**…禁入生产，stage2.cpp:1123-1141）`；sed -n '52,56p' docs/science/PHASE2_UPM.md → rc=0 §5 禁令原文仍在",P2-002,-,-,-,RUBRIC §3.1 R-2 D-7：mode 2 = 逐样本 ivar 无 fallback，ALG:125-127 只在 legacy_allow_weight_fallback=true 时可达，不得写成 mode 2 定义——现已改写,读时哈希 PHASE2_INTEGRATION.md=a1e93858f263（包内 b6f8a4b81d43）
M7-A-102,原「snr²≡x²·ivar」恒等式文本,FIXED,timeout 30 grep -n -e 'x²·ivar' docs/science/CONTROL_WEIGHT_SNR.md → rc=1（0 命中）；grep -n -o -m1 w_snr 同文件 → rc=0:40 `| w_snr | 质量权重因子 = snr_v² | 积分/排异权重 |`,P2-002,-,-,-,修复证据：原恒等式文本已删除（grep 零命中）,CONTROL_WEIGHT_SNR.md 读时哈希 b8d2d9f561a8（包内 a45aafd92e19）
M7-A-112,kcorr_lookup 仅 6 表值、域外 clamp、scale 维覆盖未声明、表值与冻结 1.4 无偏差界,FIXED,"timeout 30 grep -n 'k_corr' docs/science/PHASE2_UPM.md → rc=0:22 `定义域 **1 ≤ k_corr**，冻结默认 1.4（标定表 1.2112–2.8971 全在该域内）`、:36-42 记域外回退与 `[sampler] k_corr 域外回退` 标；sed -n '548,580p' lib/algorithms/coverage/src/sampler.cpp → rc=0 域外走冻结默认并打 stderr，注释「（scale 维退役，禁 clamp）」",P2-002,-,-,-,RUBRIC §3.1 R-2 D-10：域外显式回退冻结默认 1.4 并打标、scale 维退役——已落地（另见 PHASE2_SAMPLER.md:190/:409 的 `.domain_fallback_to_frozen_default_not_clamp` 门）,-
M7-A-113,Var(median) ≈ πσ²/(2N) 渐近式进冻结 control_variance，无适用域声明（小 N 低估）,OPEN,timeout 30 grep -n 'Var(median)' docs/science/UNCERTAINTY_AND_COVARIANCE.md → rc=0:42 `- 独立 Gaussian 基线 Var(median) ≈ πσ²/(2N)（UPMW-004 实证 ratio 0.997）；`；timeout 30 grep -n -e 适用域 -e 'N≥30' -e 小样本 docs/science/UNCERTAINTY_AND_COVARIANCE.md → rc=1（0 命中）,P2-002,渐近式无成立域，小 N_retained 时低估,声明适用域并给小 N 降级路径,N 小于域界时走登记路径（新增门）,-,读时哈希 UNCERTAINTY_AND_COVARIANCE.md=918c1032369e（包内 122fcdce4423）
M7-A-115,同节把 k_corr 写成 N_eff（与 k_corr=N_retained/N_eff≈1.4 相差约 130×）,FIXED,"timeout 30 sed -n '30,46p' docs/science/UNCERTAINTY_AND_COVARIANCE.md → rc=0:32 现为 `…经sampler阶段乘k_corr缩放，且 k_corr = N_retained/N_eff ≥ 1（原括注""k_corr=N_eff""为勘误：N_eff ≤ N_retained，见 SCI-UPM §5/§6 与 SCI-FIX-WEIGHT SC-005）`",P2-002,-,-,-,RUBRIC §3.1 R-2 D-10 第 4 条：`k_corr=N_eff` → `k_corr=N_retained/N_eff`（纯勘误）——已订正并显式标注,读时哈希 UNCERTAINTY_AND_COVARIANCE.md=918c1032369e（包内 122fcdce4423）
M7-A-125,ALG 以定义式把退化回退（ivar_valid?ivar:support）写成 weight_mode=2 枚举语义，越权定义 SCI,FIXED,"timeout 30 sed -n '124,132p' docs/algorithms/PHASE2_INTEGRATION.md → rc=0 现为 mode 2 = 逐样本 ivar 无 fallback / mode 0 = support×snr² legacy 禁入生产；grep -n '禁 support 冒充 ivar' docs/contracts/DATA_SEMANTICS.md → rc=0:1073 红线仍在",P2-002,-,-,-,RUBRIC §3.1 R-2 D-7 最小改动路径第 2 条（改写 ALG:125-129 为「仅 legacy_allow_weight_fallback=true 时可达」）——已改写,DATA_SEMANTICS.md 读时哈希 82e3b256f4f4（包内 af6883eeb9b3）
M7-A-205,§4 判 kcorr>0 允许 0<k<1 而 §6 前提 k≥1，k<1 时 control_ivar 高估，§7 缩放不变量在解算面不可观测,FIXED,"timeout 30 grep -n k_corr docs/science/PHASE2_UPM.md → rc=0:22 `定义域 **1 ≤ k_corr**`、:36-38「`p2_upm_control_variance` 与 `p2_upm_ma_build` 对 k_corr<1 显式拒（rc=1/rc=7）」、:89/:92 两条不变量（含份额式内公共因子严格消去）；timeout 30 sed -n '2432,2450p' lib/algorithms/coverage/src/upm.cpp → rc=0:2440 后新增 `if (k_corr < 1.0) return 1;`",P2-002,-,-,-,RUBRIC §3.1 R-2 D-10 第 1 条：k_corr 强制 ≥1 并越界显式拒——文档与实现均已落地,upm.cpp 读时哈希 304185bf462b（包内 4051321cde7b）
M9-A-2,"标定轴 [300,600]″ 与生产真帧 0.9586″/px 不相交，clamp 静默饱和且无日志/状态码/provenance 标记",FIXED,"timeout 30 grep -n -e sc_grid -e 'std::clamp(scale_arcsec' lib/algorithms/coverage/src/sampler.cpp → rc=0:95 `static const double sc_grid[2] = {300.0, 600.0};`、:101 `if (!(scale_arcsec >= sc_grid[0] && scale_arcsec <= sc_grid[1]))`（clamp 已不存在）、:552-560 域外走冻结默认并打 `[sampler] k_corr 域外回退…（scale 维退役，禁 clamp）`；grep -n -e K_CORR_DOMAIN -e 选项B docs/algorithms/PHASE2_SAMPLER.md → rc=0:190「scale 维已退役（SCI-FIX-WEIGHT / SC-005）」、:409 F2 门 `.domain_fallback_to_frozen_default_not_clamp`",P2-002,-,-,-,RUBRIC §3.1 R-2 D-10 第 2 条：域外显式回退冻结默认并打标、scale 维退役——实现/文档/门三面均已落地,sampler.cpp 读时哈希 6894c69d9a1b（包内 7fc8fe0ee8db）
M9-B-2,CROTA2→CD 六行代数在两个 TU 各写一份；标准注册表零 CROTA 声明；无 CROTA2 非零对照用例,OPEN,timeout 30 grep -c CROTA docs/standards/STANDARDS_REGISTRY.md → rc=1（0）；timeout 30 awk 'NR==365' lib/algorithms/drizzle/healpix_drizzle/fits_reader.cpp → rc=0 `cd[0] = cdelt1 * cosr;`；grep -n 'wcs.cd\[1\] = -cdelt2 \* sinr' lib/algorithms/drizzle/healpix_drizzle/hp_drizzle_api.cpp → rc=0:439 `wcs.cd[1] = -cdelt2 * sinr;`；grep -rn CROTA2 tests/ lib/ → rc=0 仅实现侧字面量，无对照用例,P2-002,方向/符号口径只存在于代码，注册表与 DATA_SEMANTICS 未声明；无独立对照,在标准注册表/DATA_SEMANTICS 声明 CDELT+CROTA2 方向与符号；补 CROTA2≠0 对照用例,CROTA2=30° 用例与 FITS WCS Paper I §3 解析值一致,-,docs/standards/STANDARDS_REGISTRY.md 现存在（372 行，权限 600），非退役对象；读时哈希 f404cbf8f58b（包内 c026817d6f93）
W2-N-05,photscal 只乘像素不乘 variance/ivar；唯一 α²/ivar÷α² 实现无生产链调用者,OPEN,timeout 30 grep -n 'pixels\[i\] \* (float)scale' lib/algorithms/photometry/cpp/src/image_corrector.cpp → rc=0:76 `out_pixels[i] = pixels[i] * (float)scale;`（该函数无 variance/ivar 形参，grep out_variance/out_ivar 同文件 0 命中）；timeout 30 grep -rn snr_noise_scale_law lib/ --include=*.cpp → rc=0 仅 lib/algorithms/noise_snr/src/module_entry.cpp:1416（诊断 subop scale_law）与测试,P2-002,乘性标定未同步缩放方差，跨帧 ivar 求和失同单位前提（高标定帧权重少计）,在 scale 路径同步 variance×α²、ivar÷α²（或显式标该路径不产 variance）,标定后 variance/ivar 与 α 的平方律一致（新增门判红）,-,image_corrector.cpp 读时哈希 400f039c3bf9（包内 d10aac8def74）；correctImage 调用者仅 lib/algorithms/photometry/cpp/src/pc_api.cpp:149/:408
M1a-A-003,CAR 取 θ=δ 恒等旋转、CRVAL2 不进映射，CRPIX 处 dec≠CRVAL2；ALG §15.2/§15.5 固化错口径,FIXED,"timeout 30 grep -n ""RETIRED|CRVAL2 不进映射"" lib/algorithms/projection/p3_projection.cpp -> rc=0: :2 ⚠ **RETIRED（SCI-FIX-PROJ 2026-09-16）**：唯一在役 registry = v6 线 / :26 CRVAL2 不进映射…正确口径见 v6 线 v3；timeout 30 sed -n '3,4p' lib/algorithms/projection/p3_proj_v6.cpp -> rc=0: CAR/AIT 按 Paper II §2.2 三 Euler 角把 CRVAL2（含 LONPOLE 标准默认）纳入映射；AIT 域界 A≤1；CAR native 极行 |θ|≥90° fail-closed",P3-001,-,-,-,修复证据：在役 registry 换为 p3_proj_v6.cpp(v3)（Paper II §2.2 三 Euler 角）；legacy v1 自述 RETIRED 并降为 ALG §15.9 legacy 偏差对照门（含机器门 p3_proj_legacy_deviation.py）,台账旧路径 lib/phase3_proj 已迁 lib/algorithms/projection
M1a-A-010,TAN 正向 r≥π/2 与反向 denom>0 有效域不对称（57.5°–90° 环带单侧不可往返），合同仍写「数学等价」,OPEN,"timeout 30 grep -n ""r >= kHalfPi|stheta <= 0.0"" lib/algorithms/projection/p3_proj_v6.cpp -> rc=0: :152 if (r >= kHalfPi) return ProjStatus::kHemisphere; / :194 if (stheta <= 0.0) return ProjStatus::kHemisphere;；timeout 30 grep -n ""数学等价"" docs/contracts/DATA_SEMANTICS.md -> rc=0: :2287 半球界 r<π/2（正映射）与 denom>0（反映射）数学等价",P3-001,在役 v6 沿用 legacy 的 r≥π/2 作半球判据：r=cotθ ⇒ r≥π/2 ⇔ d≥arctan(π/2)=57.519°，而 world2pix 用 stheta>0 ⇔ d<90°，两向有效域不对称，57.52°–90° 成单侧不可往返环带,正向判据改为 θ>0（denom>0）单一口径，或按 Paper II 声明 d<90° 并同步 DATA_SEMANTICS §28 文本,"v6_p3_proj 往返门覆盖 d∈(57.52°,90°) 用例；DATA_SEMANTICS §28 删「数学等价」表述",FITS WCS Paper II §5：gnomonic r=tan d（d 为大圆距），半球界是 d<90° 而 r 界不是；ENGINEERING_SPEC §3 公式须自洽,台账目标 lib/phase3_session/p3_wcs.cpp 属 ARCH-001 DEFERRED(不迁移删除)；本轮在同款缺陷所在的新模块 p3_proj_v6.cpp 取证
M1a-C-004,会话导出面 FOV 仅透传赋值，无范围/一致性校验,NOT-APPLICABLE,"timeout 30 grep -n ""fov_x_deg|fov_y_deg"" lib/phase3_session/p3_v6_export.cpp -> rc=0: :413 out->fov_x_deg = pl.fov_x_deg; / :414 out->fov_y_deg = pl.fov_y_deg;；timeout 30 grep -c fov lib/infrastructure/scheduler/src/module_adapters.cpp -> 0 (rc=1)",INT-001,-,-,-,退役记录：cmake/ARCH-001-migration-manifest.md:48「lib/phase3_session（不迁移，删除）DEFERRED」+ 工程控制/PROJECT-GOVERNANCE-01/OPEN_ITEMS.md:18 A9（INT-001 剩余范围含 3 个 *_session 目录删除）,缺陷对象只在待删会话模块；DATA_SEMANTICS:2286 现行口径「FOV 上限 20°（SCI §9a-12 冻结，超限非错误、由畸变语义约束）」
M1a-F-001,CAR 的 C++/Python 两 oracle 与实现同一推导（CRVAL2 不进期望式），结构上不可证伪,FIXED,timeout 30 ls tests/unit/v6_p3_proj/ -> rc=0: CMakeLists.txt p3_proj_legacy_deviation.py p3_proj_wcs_oracle.py v6_p3_proj_legacy_probe.cpp v6_p3_proj_probe.cpp v6_p3_proj_test.cpp；timeout 30 head -12 tests/unit/v6_p3_proj/p3_proj_wcs_oracle.py -> rc=0: 真值来源（不 import/不链接被测实现）: astropy.wcs（WCSLIB，FITS WCS Paper II 独立实现）做逐点绝对对拍,P3-001,-,-,-,修复证据：在役 v6 线以 astropy 绝对对拍 + legacy 偏差表门替代同源 oracle；旧 oracle 现只服务已 RETIRED 的 legacy registry,ALG §15.6/:527-543 登记两条 oracle 与偏差门
M1a-F-004,test_p3004 文件头 1e-3 与断言 1e-2 相差 10 倍；常数场用 std()<1e-3 而非 max_abs==0,OPEN,"timeout 30 grep -n ""1e-3|1e-2|worst_rel"" tests/backend/test_p3004_spherical_oracle.py -> rc=0: :7 解析球面函数(cos² 场)…独立 reference(1e-3 相对容差) / :157 self.assertLess(worst_rel, 1e-2, f""nearest 解析场最大相对误差 … > 1%(像素粒度量化)"") / :134 self.assertLess(float(fin.std()), 1e-3, ""常数场输出应恒定"")",P3-001,文件头承诺的容差与断言容差相差 10 倍；常数场不变量用 std() 替代 max_abs==0（可被非零但零均值扰动绕过）,统一头注与断言容差并登记依据；常数场改 max_abs==0 断言,头注容差==断言容差；常数场不变量以 max_abs==0 判且注入非零扰动可变红,ENGINEERING_SPEC §5.1（独立 Oracle 与允许误差合同）,-
M1a-G-003,dec≤85 边界在会话层/描述符层/节点参数层三处裸字面量并存，无共享机器源,OPEN,"timeout 30 grep -rn ""85.0|85°"" lib/algorithms/projection/p3_proj_v6.cpp lib/phase3_session/p3_session.cpp lib/phase3_session/p3_wcs.cpp lib/infrastructure/scheduler/src/module_adapters.cpp -> rc=0: p3_proj_v6.cpp:18 constexpr double kMaxAbsDec = 85.0; / p3_session.cpp:107 if (std::fabs(dec) > 85.0) … / p3_wcs.cpp:15 constexpr double kMaxAbsDec = 85.0; / module_adapters.cpp:5313 if (std::fabs(g->dec) > 85.0)","P3-001,CFG-001",同一冻结边界在投影层/会话层/节点参数层各写裸字面量，无共享常数源；新模块 p3_proj_v6.cpp:273-280 registry 再写 4 行 85.0,由 DESIGN §5.3 投影适用域声明 + 配置合同单源派生该边界,全仓 dec≤85 常数定义点 = 1 且改一处即可全局生效,ENGINEERING_SPEC §3（科学公式单一实现）/§8,台账三处 → 本轮 5 处（新增 p3_proj_v6.cpp 常量与 registry 四行）；module_adapters 行号 5311→5313
M1a-I-002,『ASTROCS_P3_MAX_SIDE 编译期可放宽 SCI 冻结上限』的合同表述在位，且口子已在三份源文件复制,OPEN,"timeout 30 grep -n ""ASTROCS_P3_MAX_SIDE|kMaxSide"" lib/algorithms/projection/*.cpp lib/algorithms/projection/*.h lib/phase3_session/*.cpp -> rc=0: p3_projection.cpp:42 #ifndef ASTROCS_P3_MAX_SIDE / p3_proj_v6.cpp:20 同 / p3_wcs.cpp:18 同；timeout 30 grep -n ""ASTROCS_P3_MAX_SIDE|编译期覆盖"" docs/contracts/DATA_SEMANTICS.md -> rc=0: :2239 ∈[1,20000]（:42-43，kMaxSide 默认 20000，ASTROCS_P3_MAX_SIDE 编译期覆盖如实冻结）",P3-001,"合同承认编译期覆盖可放宽 SCI 冻结上限（W/H∈[1,20000]），构建面仍无任何 target 定义该宏，口子在三处源文件复制",合同删「编译期覆盖」表述，或把覆盖入口收归配置合同并走变更流程,该宏在构建面定义点 = 0 且合同不再承认可覆盖（或覆盖入口有登记与门）,ENGINEERING_SPEC §3（SCI 冻结不得放宽）+ docs/science/PHASE3_HIPS_TO_FITS.md §15（收窄不扩大）,原三处 p3_wcs/p3_projection/p3_proj_v6 复现；p3_proj_v6.cpp 为在役新模块
M2a-I-1,跨域常数 C45 住在 DRIZZLE.md 符号表（定义面），drizzle 侧实现 grep 0 命中,OPEN,"timeout 30 grep -n ""C45|Lipschitz"" docs/science/DRIZZLE.md docs/algorithms/GAIA_QUERY.md -> rc=0: DRIZZLE.md:23 | `C=π/2, C45=π/(2√2)` | 极区 Lipschitz 常数 | 极区 prune | / GAIA_QUERY.md:104 C45 = (π/4)/sin(π/4) = π/(2√2) ≈ 1.11072（cone 完全在 θ≤45° 子冠内）",P3-001,常数真实归属域是 GAIA cone 查询（GAIA_QUERY §2.5），仍被登记在 DRIZZLE.md 符号表定义面，域界未清,从 DRIZZLE.md 符号表移除该行并交叉引用 GAIA_QUERY §2.5,drizzle 侧文档对 C45/Lipschitz 零定义；GAIA 侧为唯一定义点,ASTROCS_DESIGN §5.3 + docs/algorithms/GAIA_QUERY.md §2.5（该对常数的真实归属域）,解析后目标 lib/healpix_db/healpix_drizzle 已迁 lib/algorithms/drizzle/healpix_drizzle
M5b-C-07,旧判据「ZEA 未被冻结、ALG 列 ZEA 有误、漏 AIT」,FIXED,"timeout 30 grep -n ""八投影|不实现 SIN/ZEA/CAR/AIT|冻结四投影"" docs/algorithms/PHASE3_PROJ_IMPL.md -> rc=0: :27 八投影（TAN/SIN/CAR/AIT/STG/MOL/CEA/ZEA），v3 已实现 4/8 / :393 **权威冻结集合 = DESIGN §5.3 八投影，顺序冻结**（「不实现 SIN/ZEA/CAR/AIT」「冻结四投影」零命中）",P3-001,-,-,-,原判据被 ASTROCS_DESIGN §5.3 相反要求替换（ZEA 在冻结八投影内、AIT 在列），故不构成偏差,残余真实缺口 registry 4/8 已登记为 GAP-011，不在本条重复开列
M6a-B-001,AIT 逆映射域判据仍为 dsq>0 即 A<2，ALG 写「椭圆域边界 X²/4+Y²=2」，环带被折叠成伪合法输出,FIXED,"timeout 30 grep -n ""A≤1|A<2"" docs/algorithms/PHASE3_PROJ_IMPL.md -> rc=0: :385 ② AIT 域界 `A<2` → **`A≤1`**（A = xp²/4 + yp²；A=1 即 φ=±180° 边界合法）；:592 | D4 | AIT 域判据 A<2（正确 A≤1…）| 冻结对照；timeout 30 grep -n dsq lib/algorithms/projection/p3_proj_v6.cpp -> rc=0: :240 // Paper II AIT 椭圆域: A = xp²/4 + yp² ≤ 1（A=1 即 φ=±180° 边界合法）",P3-001,-,-,-,修复证据：在役 v6 用 A≤1（:243-248），旧 A<2 降为 ALG §15.9 legacy 偏差对照（D4）,-
M6a-C-001,order_sel 仍只写 provenance/manifest，读路径仍按 properties.hips_order 组 tile，ORDERSEL 不反映实际读取层级,OPEN,"timeout 30 grep -n ""p3_order_select|order_sel"" lib/infrastructure/scheduler/src/module_adapters.cpp -> rc=0: :5569 if (p3_order_select(input_order, g.scale, &order_sel) != P3_RS_OK) / :5807 (*man)[""order_sel""] = order_sel; / :5877 prov.order_sel_used = order_sel_str.c_str();；timeout 30 grep -n p3_sampler_open_ex … -> rc=0: :5403 / :5515 / :5591 均按 g.hips_dir 的 properties 打开",P3-002,读路径层级仍由 properties.hips_order 决定，SCI §9a-5 的 leaf_order=order_sel+log2(W) 未实现；provenance 记计划值而非实际读取层级,读路径按 order_sel 计算 leaf_order，或 provenance 明示实际读取层级（二者取一并登记）,变更 hips_order 而 order_sel 不变时，provenance 记录值与实际采样层级一致,docs/science/PHASE3_HIPS_TO_FITS.md §9a-5（ipix=ang2pix(order_sel+9)）/§9a-11（provenance 必写 order_sel）,台账锚 p3_resample:280-281 属 DEFERRED；本行按 module_adapters 侧在役路径取证
M6a-D-012,registry 的 max_abs_crval_dec_deg/max_fov_deg 唯一读取点是 selfcheck 的 >0.0，make 读文件级常量，『声明即守卫』不成立,OPEN,"timeout 30 grep -n ""max_abs_crval_dec_deg > 0.0"" lib/algorithms/projection/p3_proj_v6.cpp -> rc=0: :395 if (!(kRegistry[i].max_abs_crval_dec_deg > 0.0) || :396 !(kRegistry[i].max_fov_deg > 0.0)) return i + 1;；timeout 30 grep -n kMaxAbsDec lib/algorithms/projection/p3_proj_v6.cpp -> rc=0: :18 constexpr double kMaxAbsDec = 85.0; / :415 if (std::fabs(centre_dec_deg) > kMaxAbsDec) return ProjStatus::kParam;",P3-001,两个 spec 字段的唯一读取点是 selfcheck 的 >0.0，make 实际用文件级 kMaxAbsDec ⇒ registry 声明与强制面脱钩（latent 一致性缺陷）,make/validate 改为读 registry spec 字段（max_abs_crval_dec_deg / max_fov_deg）,改 registry 某行 max_abs_crval_dec_deg 后行为随之变化（门能红）,ENGINEERING_SPEC §8（注册表/声明与强制面一致）；ASTROCS_DESIGN §5.3,台账对象 lib/phase3_proj/p3_projection.* 已迁且 RETIRED；同款在新模块 p3_proj_v6.cpp 复现
M6b-C-003,同一 ACTIVE 文档内 §1(:20)/§11(:190) 与 §15(:348) 两版投影集并存，且都不是 §5.3 八投影,FIXED,"timeout 30 grep -n ""八投影|冻结四投影|不实现 SIN/ZEA/CAR/AIT"" docs/algorithms/PHASE3_PROJ_IMPL.md -> rc=0: :10 **V6 ALG-008 订正摘要**：§15 依据改为 ASTROCS_DESIGN §5.3 八投影（删除已废止…）；:377 **依据订正说明**：本节 v1 版把「首批冻结四投影（TAN/SIN/CAR/AIT）」…该依据作废；两处旧文本零命中",P3-001,-,-,-,修复证据：两版旧投影集文本已删，统一按 DESIGN §5.3 八投影（v3 已实现 4/8）,registry 实测 4 行属 GAP-011，不在本条重复开列
M7-A-137,CAR 无投影奇点未排除（δ=±90 整行塌缩为一点）；θ 在 CAR 与 zenithal 间承担两个几何量,FIXED,"timeout 30 grep -n ""native 极行"" docs/algorithms/PHASE3_PROJ_IMPL.md -> rc=0: :386 ③ CAR **native 极行 θ=±90° fail-closed**（整行塌缩：Ω=0、RA 无定义；旧守卫…）/ :467 **`|θ| ≥ 90° → PARAM`（native 极行 fail-closed，v3 收紧…）；timeout 30 grep -n ""theta_deg"" lib/algorithms/projection/p3_proj_v6.cpp -> rc=0: :213 if (std::fabs(theta_deg) >= 90.0) return ProjStatus::kParam;（「CAR 无投影奇点（δ 线性）」原文零命中）",P3-001,-,-,-,修复证据：CAR native 极行已声明 singularity 并以 fail-closed 实现；§15.5 六要素表逐投影显式声明适用天区/奇点/经纬方向,-
M7-G-101,旧判据四投影裁决；SCI 显式拒绝 SIN/CAR，注册表按四投影记 CONFORMANT 且偏差列『无』,OPEN,"timeout 30 grep -n ""四投影|registry v1 恰四行"" docs/standards/STANDARDS_REGISTRY.md -> rc=0: :68 | Paper II §5 Table 1（TAN/SIN/CAR/AIT 四投影） | … | CONFORMANT | … | 无（registry v1 恰四行；T1/T2 往返与独立解析解在位） |；timeout 30 grep -n ""八投影"" docs/algorithms/PHASE3_PROJ_IMPL.md -> rc=0: :393 **权威冻结集合 = DESIGN §5.3 八投影，顺序冻结**",P3-001,注册表仍按四投影登记 CONFORMANT 且偏差列「无」，未登记 DESIGN §5.3 八投影要求与 v3 实测 4/8 的差距（GAP-011）,注册表 D.spherical-projection 行改按八投影重述，并把 4/8 差距登记为偏差指针,注册表投影条款与 DESIGN §5.3/ALG §15 一致；偏差列非「无」,ASTROCS_DESIGN §5.3（八投影冻结）+ §0（冲突以本文为准）；ENGINEERING_SPEC §8,SCI 侧已加「会话仅 TAN 与 registry 八投影不冲突」的收窄声明（PHASE3_HIPS_TO_FITS.md:56-59），残余在注册表
W2-N-13,『四角同半球』守卫对跨极恒真，冻结判据语义上无法表达其意图,NOT-APPLICABLE,"timeout 30 grep -n ""同半球|P3_WCS_OK"" lib/phase3_session/p3_wcs.cpp -> rc=0: :140 // 输出四角同半球守卫(四角 world 变换全部成功) / :147 if (st != P3_WCS_OK) return st;；timeout 30 grep -n ""domain_valid|pole_margin_deg"" lib/algorithms/projection/p3_proj_v6.cpp -> rc=0: :607 out->pole_margin_deg = 90.0 - std::max(std::fabs(dec_min), std::fabs(dec_max)); / :611 out->domain_valid = all_ok && (margin_min > 0.0);",INT-001,-,-,-,退役记录：cmake/ARCH-001-migration-manifest.md:48 + OPEN_ITEMS.md:18 A9（缺陷对象在待删会话模块）；在役 v6 已改用逐边采样 + 极点余量（pole_margin_deg/domain_valid）判定,SCI §5「输出四角与中心同半球」文本仍在（PHASE3_HIPS_TO_FITS.md:69），如要改写属 SCI 变更，需负责人批准
M1a-A-007,ALG 施工伪代码 :22 像素→天球误用 CD^{-1}；:54 写 center.Dec≥5° 与 SCI ≤85° 语义相反,FIXED,"timeout 30 grep -n 'iwc|center.Dec' docs/algorithms/PHASE3_RESAMPLE.md → rc=0（:22 已改 `(iwc1,iwc2) = CD · ((x+1)−CRPIX…)`；:62/:64 已改 `|center.Dec| ≤ 85°`，两处均带「订正（SCI-FIX-PROJ 2026-09-16，M1a-A-007）」注记）",P3-002,-,-,-,R-1 §0（:17）：判据正当、纯文档错（实现两处都正确）⇒ 只改 ALG；现状已改。,【人工复核覆盖：原分批复核判 FIXED】台账原判 OPEN/P1。
M1a-A-008,同一 FROZEN SCI 内 :66「C=1 ⇔ 存在有限 tile 像素」与 :86「C=1，值 NaN」字面互斥,FIXED,"timeout 30 sed -n '88,100p' docs/science/PHASE3_HIPS_TO_FITS.md → rc=0（coverage 段明注「SCI-FIX-PROJ 订正：与 §8「tile 内 NaN」行的互斥解除」，C=1 ⇔ 足迹内存在 tile 像素，并列真值表）",P3-002,-,-,-,R-1 §0（:18）推荐取「足迹内存在 tile 像素（无论 NaN）⇒ C=1」；现状已落地。,【人工复核覆盖：原分批复核判 FIXED】台账原判 OPEN/P1。
M1a-A-009,DATA_SEMANTICS :2435 判 ivar==0→u 无效 与 :2441 判 ivar==0 导出=产品损坏 互斥,FIXED,"timeout 30 sed -n '2462,2482p' docs/contracts/DATA_SEMANTICS.md → rc=0（-1 IVAR==0 ⇒ u 无效=NaN 传播态；-3 删去「含 ivar==0 导出」括注并显式禁止 1/0→Inf；带「订正说明（SCI-FIX-PROJ 2026-09-16，M1a-A-009）」）",P3-002,-,-,-,R-1 §0（:19）推荐 ivar==0 是像素级零权重 ⇒ u=NaN 传播态（非硬错误），从产品损坏条删括注；现状已落地。,【人工复核覆盖：原分批复核判 FIXED】台账原判 OPEN/P1。
M1a-C-007,ALG-P3-RSMP-IMPL 四项失真：行数 58/239、非目标不实现 variance、符号数、§6.5 coverage 恒 1,OPEN,"timeout 30 sed -n '13,14p;24p;54,55p' docs/algorithms/PHASE3_RSMP_IMPL.md -> rc=0: :13 生产源: lib/phase3_session/p3_resample.h（58 行，唯一权威签名头）+ :14 …cpp（239 行），实测 2026-09-12；:24 非目标: 不实现 variance/weight/ivar/support 输入；timeout 30 wc -l lib/phase3_session/p3_resample.h lib/phase3_session/p3_resample.cpp lib/algorithms/resample/*.cpp -> rc=0: 实测 150 / 519；新模块 6 源合计 1830 行",P3-002,合同文档仍以待删会话模块为「生产源」且行数三年未复测；§1 非目标已被 lib/algorithms/resample/p3_rsmp_propagation.cpp、p3_rsmp_covariance.cpp 的实现推翻；新模块 1830 行生产源未登记,更新 PHASE3_RSMP_IMPL.md §1/§3 生产源图与非目标，改指 lib/algorithms/resample/** 与 V6_PHASE3_RSMP_IMPL.md,文档「生产源」声明与 wc -l 实测一致；§1 非目标与生产符号表一致（variance/ivar 路径存在）,ENGINEERING_SPEC §8（活动文档无陈旧状态冒充、无悬空引用）,台账锚 lib/phase3_session 与 ALG 文档并存；本轮以文档侧为缺陷主体
M1a-C-008,会话面 prov.manifest_hash 恒 nullptr、hips_id 常量占位；fits README 引 SCI 中不存在的 §96,NOT-APPLICABLE,"timeout 30 grep -n ""prov.manifest_hash"" lib/phase3_session/p3_session.cpp lib/infrastructure/scheduler/src/module_adapters.cpp -> rc=0: p3_session.cpp:374 prov.manifest_hash = nullptr; / module_adapters.cpp:5870 prov.manifest_hash = input_manifest_hash.c_str();；timeout 30 grep -n ""§96"" lib/algorithms/fits_output/README.md -> rc=0: :51-53 旧引「§96」在该 SCI 文档中不存在——2026-09-16 实测 grep -c '§96' = 0",INT-001,-,-,-,退役记录：ARCH-001 manifest:48（lib/phase3_session 不迁移、删除）+ OPEN_ITEMS:18 A9；残余对象只在该待删会话模块,节点侧 manifest_hash 已写真实值；README 悬空 §96 引用已在 lib/algorithms/fits_output/README.md:51-53 订正
M1a-D-003,会话源码审计流水（B2-A4/A5/A9、STD-F1、R10-C、P3-006/DOC-003）与 ALG 非目标双源,OPEN,"timeout 30 grep -rn -E ""B2-A[0-9]+|STD-F1|R10-C|P3-006/DOC-003"" lib/phase3_session/p3_resample.h lib/phase3_session/p3_wcs.cpp lib/phase3_session/p3_output.cpp -> rc=0: p3_resample.h:43 /* P3-006/DOC-003: 配置 tile cache 容量上限 / p3_wcs.cpp:30 // STD-F1 / 前台裁决 R-02(方案 b) 导出边界桥接；sed -n '24p' docs/algorithms/PHASE3_RSMP_IMPL.md -> rc=0: 非目标: 不实现 variance/weight/ivar/support 输入",P3-002,会话源码侧审计流水随 INT-001 删除即消；文档侧「非目标」与 lib/algorithms/resample 现产源（p3_rsmp_propagation/covariance）相反，双源未订正,ALG §1 非目标按 lib/algorithms/resample 现产源改写；会话文件随 INT-001 删除,ALG §1 与生产符号表一致；ENGINEERING_SPEC §2 审计流水在源码注释中零命中,ENGINEERING_SPEC §2（禁历史版本号/任务编号/审计流水）、§8,会话部分属 DEFERRED；本轮按文档侧残余判 OPEN
M1a-F-006,生产 p3_sample_bilinear_ex 在测试内 0 引用，合同 §12:296 仍列为现有证据,OPEN,"timeout 30 grep -n ""p3_sample_bilinear|static double bilinear"" tests/unit/p3_interp_test.cpp docs/algorithms/PHASE3_RSMP_IMPL.md -> rc=0: p3_interp_test.cpp:18 static double bilinear(const std::vector<double>& tile, int w, int h,（本地参考，无生产符号引用）/ PHASE3_RSMP_IMPL.md:296 （106 行）: 独立参考实现核对插值/覆盖语义",P3-002,测试自造本地参考实现，与生产采样符号无接口对拍；合同仍把该文件列为「现有证据」,合同 §12 证据列改指 v6 线 tests/unit/v6_p3_rsmp/p3_rsmp_oracle.h，或补生产符号对拍,测试内出现生产采样符号引用（grep -c p3_sample_bilinear* > 0）且断言可证伪,ENGINEERING_SPEC §5.1（不调用生产实现的独立 Oracle）,-
M1a-H-001,signal sampler 打开失败仍是裸 return，band_executed 无条件 +1，使「已执行==提交」门算成功,OPEN,"timeout 30 sed -n '5591,5593p' lib/infrastructure/scheduler/src/module_adapters.cpp -> rc=0: if (p3_sampler_open_ex(g.hips_dir.c_str(), &w_samp, nullptr, nullptr, &wserr) != P3_RS_OK) / return;；timeout 30 grep -n band_executed … -> rc=0: :5692 band_executed.fetch_add(1); / :5722 if (band_executed.load() != nw) {",P3-002,worker 内采样器打开失败仅 return，不置 corrupt、不记失败带；band_task 在 worker 返回后无条件 +1，故行带计数门恒过，节点可发布无数据的「成功」产物,失败分支置 corrupt 并让该行带不计入 executed（或直接 fail-closed 中止）,负向注入（HIPS 目录不可读）后 resample 节点 rc≠0 且不产出 p3_resampled.bin/json,docs/plugins/algorithms_phase3/15_resample.md §7（缺 tile/非有限→validity，不以零填充）；ASTROCS_DESIGN §9（失败不得留半成品）,台账行锚 5589/5591/5690 → 现 5591/5593/5692；同函数 uncertainty open 失败置 corrupt=-2（fail-closed 不对称）仍成立
M1a-I-003,fdatasum 三口径（废除/修正说明/仍作成本项）与 manifest_hash「已闭合 vs 恒 nullptr」互斥,OPEN,"timeout 30 grep -n ""fdatasum|manifest_hash"" docs/algorithms/PHASE3_FITS_IMPL.md lib/algorithms/fits_output/README.md docs/modules/phase3_fits.md -> rc=0: PHASE3_FITS_IMPL.md:248 时间 O(W·H)（fits_write_pix 两次全帧 + sha256 全文件 + fdatasum / :344 整改项（B2-A9/A10 已闭合）: (a) prov.manifest_hash 不再恒 nullptr；lib/algorithms/fits_output/README.md:105 provenance.manifest_hash 现状恒 nullptr",P3-002,同一合同族内「已删除/已闭合」与「仍作成本项/现状恒 nullptr」并存，会话路径与节点路径语义未分列声明,逐处标注适用路径（会话 p3_session vs 节点 p3_op_writer），删复杂度段 fdatasum 成本项,三份文档对 fdatasum/manifest_hash 的表述一致且可逐条复跑核,ENGINEERING_SPEC §3（一字段一义）/§8（无悬空引用）,台账锚 lib/phase3_fits/README.md 已迁 lib/algorithms/fits_output/README.md
M6a-A-001,hips_properties.h kMaxOrder=20 注释出处虚假 + 叶数算式错（12·4^n 非 2^(2n)）+ 四层口径互斥,NOT-APPLICABLE,"timeout 30 grep -rn ""kMaxOrder"" lib/ --include=*.cpp --include=*.h -> rc=0: 仅 lib/phase3_session/hips_properties.h:23 static constexpr int kMaxOrder = 20;   // ARCH-P3 §3 内存守卫(2^(2*20) leaf 上限之外拒)、hips_properties.cpp:118、p3_resample.cpp:201（lib/algorithms/** 0 命中）",INT-001,-,-,-,退役记录：cmake/ARCH-001-migration-manifest.md:48（lib/phase3_session 不迁移、删除）+ OPEN_ITEMS.md:18 A9,缺陷对象只在待删会话模块；新模块无同款 kMaxOrder 口径
M6a-C-002,每 worker 无锁 FIFO tile 缓存致 tile 读 N 倍、内存上界少算（原判 RESOLVED）,FIXED,"timeout 30 grep -n ""SharedTileCache|std::mutex mu"" lib/phase3_session/p3_resample.cpp -> rc=0: :59 struct SharedTileCache { / :64 mutable std::mutex mu; / :138 P3SamplerImpl() : cache(std::make_shared<SharedTileCache>())；timeout 30 grep -n ""LRU|共享读+互斥加载"" docs/architecture/PHASE3_MODULE_ARCH.md -> rc=0: :16 LRU(容量=配置 max_tiles) / :29 TileCache 为共享读+互斥加载(未命中加载持锁, 命中读无锁)",P3-002,-,-,-,修复证据：跨 worker 共享有界 LRU + std::mutex + 缺失负缓存，容量=max_tiles 与 worker 数无关；文档 §1/§3 三项与实现一致,台账原判已是 RESOLVED，本轮独立复核成立
M6a-D-013,(void)y1 压制的是实际被使用的变量，ALG §6.5 的冻结叙述与之互相固化,NOT-APPLICABLE,"timeout 30 grep -n ""(void)y1"" lib/phase3_session/p3_resample.cpp -> rc=0: :404 (void)y1;；timeout 30 grep -rn ""(void)y1"" lib/algorithms/resample/ -> 0 命中 (rc=1)",INT-001,-,-,-,退役记录：cmake/ARCH-001-migration-manifest.md:48 + OPEN_ITEMS.md:18 A9（lib/phase3_session 整体删除）,新模块 lib/algorithms/resample/** 无该行；ALG §6.5 叙述随文档订正归 M1a-C-007
M6a-I-001,7 处『实测 N 行』自述全部小于实测值；proj README/memory 仍写『projection 硬编码 TAN』『P3_WCS_UNSUPPORTED 现无产生点』,OPEN,timeout 30 wc -l lib/algorithms/coverage/src/coverage.cpp lib/algorithms/coverage/include/astro/phase2/coverage.h -> rc=0: 454 / 168，而 README:10-11 仍写「239 行」「59 行」；timeout 30 grep -n P3_WCS_UNSUPPORTED lib/algorithms/projection/memory.md -> rc=0: :101 P3_WCS_UNSUPPORTED 枚举现无产生点（备而不用）；timeout 30 grep -n P3_WCS_UNSUPPORTED lib/phase3_session/p3_wcs.cpp -> rc=0: :66 / :72 两处显式产生,P3-002,文档自述行数与状态码产生点未随实现漂移同步，claim↔evidence 破裂（coverage README、projection memory.md 等多处）,逐处重测行数并对状态码产生点重锚；删除「现无产生点」表述,文档自述行数 == wc -l；状态码产生点声明与 grep 结果一致,ASTROCS_DESIGN §11.3（状态阶梯）/§12；ENGINEERING_SPEC §8,-
M6a-I-002,写路径 coverage_ok=1 常量与 verify 路径真值双语义并存，三处自测对写路径恒真断言,NOT-APPLICABLE,timeout 30 grep -n coverage_ok lib/phase3_session/p3_output.cpp lib/phase3_session/p3_output.h docs/algorithms/PHASE3_FITS_IMPL.md -> rc=0: p3_output.cpp:374 result->coverage_ok = 1; / :538 result->coverage_ok = covok; / p3_output.h:33 int coverage_ok;  // 1=coverage 头/数据一致；timeout 30 grep -rn coverage_ok lib/algorithms/ -> 0 命中 (rc=1),INT-001,-,-,-,退役记录：cmake/ARCH-001-migration-manifest.md:48 + OPEN_ITEMS.md:18 A9,缺陷对象只在待删会话模块（p3_output.* 与对它的三处自测）
M7-A-114,冻结式 var_out = Σ_k c_k²·u_k 丢相邻协方差项，同文档自证 mean 相关 ≈0.19,FIXED,timeout 30 grep -n 'var_out' docs/science/UNCERTAINTY_AND_COVARIANCE.md → rc=0（:82 `var_out(i) = [ R C_in Rᵀ ]_ii` 主式；:86 标量对角特例 `Σ c_k² u_k`）,P3-002,-,-,-,R-1 §0（:20）推荐把主式改为 `var_out=[R C_in Rᵀ]_ii`，标量式降为 C_in 对角特例并附偏差界（ρ=0.19 ⇒ 方差低估 36.3%）；现状已按此落地。,【人工复核覆盖：原分批复核判 FIXED】台账原判 OPEN/P1。
M7-A-117,SCI §2 固定 +9 与 §5 一般式 2·log2(W) 冲突（订正建议 +2·log2(W)）,CRITERION-WRONG,timeout 30 grep -n 'leaf_order = order_sel + log2' docs/science/PHASE3_HIPS_TO_FITS.md → rc=0（:40/:80/:85 一般式；:87 明注 `>>(2·log2(W))` 是**索引位移**不是 order 偏移）,P3-002,-,-,-,R-1 §E（reports/PROJECT-GOVERNANCE-01/research/R-1_投影WCS数学正确性.md:328-331）：账本的订正建议 `+2·log2(W)` **多一倍**（W=512 ⇒ +18 ⇒ nside 偏大 512 倍）；正确口径 `leaf_order = order_sel + log2(W)`、`>>2·log2(W)` 是 tile 内索引位移。**不得按原处方整改**；现状 SCI 已按正确口径订正。,【人工复核覆盖：原分批复核判 CRITERION-WRONG】台账原判 OPEN；R-1 判「判据前提对、结论错」。
M7-A-129,跳象限不重归一使 Σ(kept w)<1；文档断言 Σw=1『精确成立』且未声明累加 dtype 与 ±ULP,CRITERION-WRONG,"timeout 30 sed -n '358,378p' lib/phase3_session/p3_resample.cpp → rc=0（缺角象限用最近点填充 :358-371；四角任一 tile 缺失即 coverage=0 fail-closed :373-378）",P3-002,-,-,-,R-1 §F（R-1 报告:333-336）：①「跳象限不重归一 ⇒ Σ(kept w)<1」对实现是**误报**（实现是最近点填充、非丢弃）；②「Σw=1 精确成立」在 FP64 下不是逐位命题（实测 |Σw−1|max=2.22e-16=1 ULP，逐位为 1 的比例 96.1%）⇒ 正确口径「Σw = 1 ± k·ULP」。,【人工复核覆盖：原分批复核判 CRITERION-WRONG】②的文档口径问题已于 docs/algorithms/PHASE3_RESAMPLE.md:43/:96/:110/:115 订正为 ±k·ULP；①无实现改动必要。
M7-A-139,实现仍按全图平面 + 逐 HDU 全帧临时缓冲分配；资源门禁无基准,NOT-APPLICABLE,"timeout 30 grep -n ""std::vector<float> sig|std::vector<float> plane|nelem"" lib/phase3_session/p3_session.cpp lib/phase3_session/p3_output.cpp -> rc=0: p3_session.cpp:228 std::vector<float> sig((size_t)nelem, std::nanf("""")); / p3_output.cpp:469 std::vector<float> sig((size_t)nelem);（两文件均在待删会话模块）",INT-001,-,-,-,退役记录：cmake/ARCH-001-migration-manifest.md:48 + OPEN_ITEMS.md:18 A9（lib/phase3_session 不迁移、删除）,ALG 原「§10 内存块」表述已不在树中
M7-A-209,公式用 s_out_rad 而全文零次 deg→rad 换算，log2 宗量差 57.3 倍,FIXED,timeout 30 grep -n 's_out_rad' docs/science/PHASE3_HIPS_TO_FITS.md → rc=0（:77 `s_out_rad = s_out · π/180`，:78 order_needed 用 s_out_rad）,P3-002,-,-,-,R-1 §0（:23）推荐在 §5 公式内显式 `s_out_rad = s_out·π/180`；现状已落地。,【人工复核覆盖：原分批复核判 FIXED】台账原判 OPEN/P2。
M7-F-201,三处仍以『构造保证/逐值精确』替代数值容差与参照量，FP64 Σw 逐位命题无门固定,OPEN,timeout 30 grep -n 'ULP' docs/algorithms/PHASE3_RESAMPLE.md → rc=0（:43/:96/:110/:115 已改 ±k·ULP 且注明「不作逐位断言（M7-F-201）」）；timeout 30 grep -n '构造保证' docs/algorithms/PHASE3_FITS_IMPL.md → rc=0（:325 仍写「常数场 0（bilinear 权重和=1 构造保证）」）,P3-002,三个点位只改了两处：PHASE3_RESAMPLE.md 已改 ±k·ULP，PHASE3_FITS_IMPL.md:325 仍以「构造保证」充当容差,把 :325 的「构造保证」改为「Σw = 1 ± k·ULP（FP64 累加；不作逐位断言）」并补一条能红的 CTest（常数场 bilinear |Δ| ≤ k·ULP·|C|）,docs/algorithms/** 内 构造保证 零命中（grep + rc=1）且新增 CTest rc=0 能红能绿,R-1 §0（:24）推荐逐处改为数值容差 + dtype 参照并补能红 CTest；现状两处已改、一处残留 ⇒ 判 OPEN（非全修）,【人工复核覆盖：原分批复核判 OPEN】台账原判 OPEN/P2/F_TEST_GAP。
V15-N-14,读回助手恒返回成功（return status == 0 || true），三处写后读回 CHECK 永绿,OPEN,"timeout 30 grep -rn -F ""|| true"" tests/ --include=*.cpp -> rc=0: tests/unit/p3002_uncertainty_test.cpp:275 return status == 0 || true; / tests/unit/p1_resource_test.cpp:78 CHECK(evaluate_gate(g) == astrocs::GateDiag::Ok || true); / tests/unit/p1_hips_writer_test.cpp:90 CHECK(tile.find(""XTENSION= 'IMAGE   '"") != std::string::npos || true);",P3-002,恒真断言使写后读回类 CHECK 永绿，注入故障（ASTROCS_P3002_FAULT=skip_hdu）也不影响助手返回值,删去 || true 并让助手返回真实状态,注入 ASTROCS_P3002_FAULT=skip_hdu 后该测试变红,ENGINEERING_SPEC §5.1；ASTROCS_DESIGN §11.1（科学不变量须可验证）,台账行锚 p3002:275 复现；同形态另两处为 M8-F-007 已立案
V20-N-08,P3nGeom 的 frame/coverage_output 可配域单点、零读者，manifest 记计划值,OPEN,"python3 -c ""ls=open('lib/infrastructure/scheduler/src/module_adapters.cpp',encoding='utf-8').read().splitlines(); print('P3nGeom frame/coverage_output refs', [i+1 for i,l in enumerate(ls) if 'g->frame' in l or 'g->coverage_output' in l or 'g.frame' in l or 'g.coverage_output' in l])"" -> rc=0: P3nGeom frame/coverage_output refs [5334, 5335]（仅写入，无读取）；timeout 30 grep -n ""frame must be icrs|coverage_output must be mask"" lib/phase3_session/p3_session.cpp -> rc=0: :102 s->last_error = ""frame must be icrs""; / :129 if (covout != ""mask"") { … return ACS_ERR_PARAM; }",P3-002,"两个字段可配域为单点（frame∈{icrs,ICRS}、coverage_output=mask）且全仓零读者；manifest 因此记录计划值而非实际观测",删除零读字段，或接线消费并在 manifest 回显实际值,两字段有读取点，或从 P3nGeom 移除；manifest 字段有实际值来源,ASTROCS_DESIGN §9（manifest 至少记录坐标 frame…plan 是预期、trace 是实际观测）/§5.3,台账行锚 5305/5306 → 现 5334/5335
V20-N-12,p3_writer.json 的 18 键不含 module_build_id，p3_verify 读该键缺省空串,OPEN,"timeout 30 sed -n '5931,5952p' lib/infrastructure/scheduler/src/module_adapters.cpp -> rc=0: Json wr{{""schema"",""DATA-P3-WRITER-MANIFEST""},…,{""algorithm_id"",""ALG-P3-004""},{""provider"",""baseline""}};（无 module_build_id）；timeout 30 grep -n module_build_id lib/infrastructure/scheduler/src/module_adapters.cpp -> rc=0: :6028 {""module_build_id"", wr.value(""module_build_id"", std::string())}",P3-002,读键 ⊄ 上游产键集：p3_verify.json 的该 provenance 字段恒空串，5990 附近注释仍自称「透传真实值」,写入侧补 module_build_id（desc_.module_id + ASTROCS_VERSION_STRING，与节点 manifest 同源）,p3_verify.json 的 module_build_id 非空且与节点 manifest 一致（测试断言该键值非空）,ASTROCS_DESIGN §9（manifest 至少记录模块 build ID）；ENGINEERING_SPEC §8（无悬空引用）,台账行锚 5885-5916/5999 → 现 5931-5952/6028；读时并发线在改，module_adapters.cpp 行号本轮内已漂移（md5 79b2b2013ebb2df50169595e707dce04）
W2-N-11,交付帧头同时写 CD 与由 CD 伪造的 CDELT1/2+CROTA2=0，外部读者按 CDELT/CROTA2 解释即得错误几何,OPEN,"timeout 30 grep -n ""CDELT2|CROTA2"" lib/infrastructure/scheduler/src/module_adapters.cpp -> rc=0: :3120 {""CDELT1"", """"}, {""CDELT2"", """"}, {""CROTA1"", ""0""}, {""CROTA2"", ""0""},（与 CD1_1..CD2_2 同表）；:3149 return std::string(b8);  // CDELT2",P3-002,"重构式 diag(CD1_1,CD2_2) ≠ 原 CD（PA=30°/s=1.1e-5 时 abs(det′)/abs(det)=0.7500，等价 CROTA2 应为 150.0° 而非 0）",帧头不再写由 CD 派生的 CDELT/CROTA，或写正确的等价 CROTA2,外部 WCS 库分别按 CD 与按 CDELT/CROTA2 解释得到的几何一致（角距差 ≤1e-9 deg）,FITS WCS Paper I（CD 与 CDELT/CROTA 不得同时生效）；docs/plugins/algorithms_phase3/16_fits_output.md §4,台账行锚 3085-3087/3104-3116 → 现 3120/3149；读时并发线在改，行号本轮内已漂移
M5b-C-02,同一 source_commit 上 Windows 清单模板把 PLATFORM-RUNTIME/PLATFORM-IO 标 IMPLEMENTED，Linux 清单同两 unit 维持 SKELETON,OPEN,"timeout 20 python3 逐 unit 对读两份清单 rc=0 -> WIN:[(PLATFORM-CLI,IMPLEMENTED),(PLATFORM-RUNTIME,IMPLEMENTED),(PLATFORM-IO,IMPLEMENTED),…]；LINUX units:[(PLATFORM-CLI,IMPLEMENTED),(PLATFORM-RUNTIME,SKELETON),(PLATFORM-IO,SKELETON),…]；timeout 20 grep -n PLATFORM-RUNTIME cmake/astrocs.product.windows.json.in packaging/astrocs.product.json rc=0 -> 两清单同两 unit 状态互斥",PKG-001,两平台清单对同一 unit 的状态来源不同步：Windows 模板无条件 IMPLEMENTED，Linux 清单保持 SKELETON 并自述不伪装完成，跨平台无一致性门,把两 unit 状态绑定到同一事实源（生成时按平台实现面派生），并加跨平台清单比对门,新增门：两清单同 unit_id 状态集合断言（除平台限定项外必须一致）；不一致即红,ASTROCS_DESIGN §12（未实现/未验收必须明确报告）+§11.3 状态阶梯唯一口径,GAP-018 登记同证据但不合并（本条保留原 ID）
M5b-G-04,包装面仍有 4+1 份手工版本副本(product/contract/lock/schema/ci --expected)与根 VERSION 漂移，版本门扫描不覆盖 packaging/**,OPEN,"timeout 20 cat VERSION rc=0 -> 0.11.0-alpha.2；timeout 20 python3 读三清单 rc=0 -> product 0.11.0-alpha.1 contract 0.11.0-alpha.1 lock 0.11.0-alpha.1；timeout 20 grep -n ""0.11.0-alpha"" packaging/astrocs.product.json packaging/README.md rc=0 -> product.json:3 alpha.1、README.md:37 alpha.1",PKG-001,产品版本多副本手工维护且与根 VERSION 漂移一档，VERSION-CONSISTENCY 门扫描面不含 packaging/**,packaging/** 版本改为生成期注入（configure_file/模板）或纳入 VERSION-CONSISTENCY 扫描面，禁止手抄字面量,把 packaging/ 任一版本字面量改错，VERSION-CONSISTENCY 必须判红；四份副本与 VERSION 逐字一致,ASTROCS_DESIGN §12（版本单源/Alpha 前零版本信息）；ENGINEERING_SPEC §7,同族 M5b-I-04/V21-N-14 分别记 README 与 contract/schema 面，本条保留 product/contract/lock 面
M5b-I-04,CHANGELOG 已修到 alpha.2，但 packaging 面(product.json 与 README)仍写 alpha.1，版本单源未贯通,OPEN,"timeout 20 grep -n ""0.11.0-alpha"" packaging/astrocs.product.json packaging/README.md rc=0 -> product.json:3 ""product_version"":""0.11.0-alpha.1""；README.md:37 Windows 正式安装树（AstroCS-0.11.0-alpha.1-win-x64/，03_TARGET §4）；timeout 20 cat VERSION rc=0 -> 0.11.0-alpha.2；timeout 20 ls CHANGELOG.md rc=2 -> 没有那个文件或目录（该文件已整体删除）",PKG-001,版本单源未贯通到 packaging 面；台账所依 CHANGELOG 面已随文件删除消失，残余面集中到 packaging,packaging 版本改生成期注入并纳入 VERSION-CONSISTENCY 扫描,packaging/** 版本字面量与根 VERSION 逐字一致（门可红）,ASTROCS_DESIGN §12（Alpha 前零版本信息、版本单源）,CHANGELOG.md 已删 ⇒ 台账「已更新」一腿不可复现，本条改按 packaging 残余面成立
M8a-C-006,发布脚本 NOTICE/SBOM 为脚本内字面量且与实际链接闭包脱钩：cfitsio 被标 BSD（仓内实为 NASA/USG）、SBOM licenseConcluded/downloadLocation=NOASSERTION、许可权威指向已不存在路径,OPEN,"timeout 20 grep -n -e ""cfitsio(BSD)"" -e licenseConcluded tools/make_windows_release.py rc=0 -> 104:静态自带的第三方: cfitsio(BSD), zlib(zlib license), nlohmann/json(MIT)；123:""licenseConcluded"": ""NOASSERTION""；timeout 20 sed -n ""1,3p"" lib/infrastructure/aio/third_party/cfitsio/licenses/License.txt rc=0 -> Copyright (Unpublished--all rights reserved…) NASA；timeout 20 sed -n ""85,92p"" tools/make_linux_release.py rc=0 -> 许可权威指向「工程控制/RELEASE_V5/.../PACKAGE_MANIFEST.md」（该目录已不存在）",PKG-001,许可/来源声明由脚本手写字面量，与仓内实际许可文本和链接闭包不一致；SBOM 关键字段 NOASSERTION；许可权威指针悬空,NOTICE/SBOM 从 dependency-lock 与 third_party 许可文件生成（含哈希），修正 cfitsio 许可名，删除悬空路径,生成物中的许可名/版本/哈希与 dependency-lock+许可文件逐项一致（机器比对）；发布包不含 NOASSERTION,ASTROCS_DESIGN §12（发布包白名单/哈希/版本/provenance 通过）,目标 lib/astro_image_io → lib/infrastructure/aio（ARCH-001 #13）
M8a-C-007,dependency-lock 记「无 ACS_ZLIB_ROOT 时 cfitsio 降级」，但根图 cmake/cfitsio_sources.cmake 无条件把 zcompress.c 列入源清单（无 #ifdef 守卫→编译期硬失败）,OPEN,timeout 20 grep -n zcompress cmake/cfitsio_sources.cmake rc=0 -> 61:lib/infrastructure/aio/third_party/cfitsio/zcompress.c（无 if() 包裹）；timeout 20 grep -n ACS_ZLIB_ROOT packaging/dependency-lock.json CMakeLists.txt cli/CMakeLists.txt rc=0 -> lock:48 降级说明/CMakeLists.txt:313-333 仅 include/link 与 FATAL_ERROR/cli/CMakeLists.txt:221-224 才有「警告+降级」,PKG-001,锁描述的是 cli/ 遗留 compat 工程行为，根图无降级分支：zcompress.c 无条件编译 → 未设 ACS_ZLIB_ROOT 的 MSVC 检出为编译期硬失败,根图补 else 剔除 zcompress.c/zuncompress.c（或显式 FATAL 但同步改锁描述），使锁描述与构建图行为一致,未设 ACS_ZLIB_ROOT 时 MSVC 配置必须按锁描述降级（可配置成功）；锁 policy 文本与构建图分支一一对应,ENGINEERING_SPEC §8（模块 manifest/注册表/构建 target/产品清单一致）；ASTROCS_DESIGN §10.2 双平台构建,本条按静态读入判断，未跑 MSVC 构建
M8a-C-009,test-only oracle 依赖未进锁：tools 导入 astropy_healpix/rcr，锁内 test_only_oracles 仅 astropy/numpy/pytest/astrometry.net（scipy 装了但 tests 零引用）,OPEN,"timeout 20 python3 读 packaging/dependency-lock.json rc=0 -> test_only_oracles 4 条：astropy(>=5)/numpy(system)/pytest(system)/astrometry.net(external tool)；timeout 20 grep -n astropy_healpix lib/algorithms/coverage/tools/satellite_gate_build.py lib/algorithms/coverage/tools/controlled_rejection_truth.py rc=0 -> :27/:21 from astropy_healpix import …；timeout 20 grep -n ""from rcr"" lib/algorithms/coverage/tools/rcr_oracle_compare.py rc=0 -> 14:from rcr import RCR, SS_MEDIAN_DL",PKG-001,实际参与 oracle 的第三方包(astropy-healpix/rcr/scipy)未在依赖锁登记版本，锁内 astropy/numpy/pytest 亦为区间/system → oracle 不可复现,把 tools 实际 import 的测试依赖补入 lock 并锁版本；移除零引用依赖(scipy)或在锁内标注用途,锁内 test_only_oracles 覆盖 tools/** 全部 import（机器扫描 import↔lock 差集为空）,ENGINEERING_SPEC §5.1 独立 Oracle 可复现；ASTROCS_DESIGN §11.1,目标 lib/phase2/tools → lib/algorithms/coverage/tools（ARCH-001 #31）
M8a-G-001,GPL 族 GSL 仍在产品链接闭包(astrocs_p1_sdet PUBLIC gsl→…→cli runtime)，DEPENDENCIES.md 与 dependency-lock.json 对 gsl 零命中，packaging/licenses 无 GSL,OPEN,timeout 20 grep -c gsl DEPENDENCIES.md packaging/dependency-lock.json rc=0 -> 0 与 0（零命中）；timeout 20 grep -n gsl CMakeLists.txt rc=0 -> 596:target_link_libraries(astrocs_p1_sdet PUBLIC gsl gslcblas m)；timeout 20 ls packaging/licenses/ rc=0 -> 仅 CFITSIO_LICENSE.txt/LICENSE-INDEX.txt/nlohmann_json.MIT.txt,PKG-001,copyleft(GPL)依赖进入交付链接闭包却未在任一登记面登记许可与来源，发布 provenance 不成立,在 DEPENDENCIES.md/dependency-lock 登记 gsl(GPL) 并评估再分发义务（或移除依赖换实现）；许可文本补入 packaging/licenses,发布候选门断言链接闭包 ⊆ 登记面（机器扫描 target_link_libraries ↔ lock）；GPL 项有负责人处置结论,ASTROCS_DESIGN §12（发布包白名单/哈希/版本/provenance 通过）+§10.1 交付形态,台账行号 :570 漂移为 CMakeLists.txt:596
M8a-G-003,第三方判定仍为路径段字面量 VENDORED_PARTS={third_party}，真实 vendored/派生集合(ipv/nanoflann/healpix_core)在登记面与豁免面双向缺席,OPEN,"timeout 20 sed -n ""30,40p"" tools/quality/gen_source_index_v61.py rc=0 -> 35:VENDORED_PARTS = {""third_party""}（路径段判定）；timeout 20 ls evidence/v6_1_rework/tasks/R0-002/third_party_sources.csv rc=2 -> 没有那个文件或目录（该证据树已随旧世代删除），工具现存而输入面缺失",PKG-001,vendored 判定用路径段而非来源/许可证据，派生实现(ipv/nanoflann/healpix_core)既不在第三方清单也无豁免登记,改为按来源+许可证据判定并在 lock/NOTICE 登记派生实现；证据落 artifacts/**（现行落位）而非已删 evidence/,机器扫描：链接闭包内每个非自研来源均在登记面有条目（差集为空）,ENGINEERING_SPEC §8 检查器覆盖模块 manifest/注册表/构建 target/产品清单一致；ASTROCS_DESIGN §12,目标 tools/quality/gen_source_index_v61.py 存在（我首轮存在性 sweep 因解析串含「未解析:」误判为缺失，已复核存在）
M8a-G-005,BSD 源经非规范路径编入交付 DLL/SO，许可文本/上游版本锚/哈希四处登记面(DEPENDENCIES/lock/SBOM/安装树)全缺；nanoflann 幻影守卫仍在,OPEN,"timeout 20 ls packaging/licenses/ rc=0 -> 3 文件(无 nanoflann/healpix)；timeout 20 grep -c -e nanoflann -e healpix packaging/dependency-lock.json rc=1 -> 0；timeout 20 sed -n ""94,102p"" lib/algorithms/drizzle/CMakeLists.txt rc=0 -> if(EXISTS .../third_party/nanoflann/include)（仓内 third_party 实树仅 nlohmann/json.hpp）",PKG-001,再分发署名义务的载体（许可文本/版本/哈希）未登记；构建脚本保留指向不存在目录的 if(EXISTS) 幻影守卫,补 nanoflann/healpix 等 BSD 源的许可文本与版本/哈希登记；删除或落实幻影守卫,发布候选门断言：链接闭包内 BSD/MIT 源均有许可文本+哈希（机器可判）,ASTROCS_DESIGN §12 发布候选 provenance；ENGINEERING_SPEC §8,目标 lib/drizzle → lib/algorithms/drizzle（ARCH-001 #9）
M8a-G-010,cfitsio vendored 树 168 个 tracked 文件中 107 个非编译文件无哈希锚，锁把 4.6.4 记为「安全修复版」而上游已发布 4.7.0 且仓内无升级评估登记,OPEN,"timeout 20 git ls-files lib/infrastructure/aio/third_party/cfitsio | wc -l rc=0 -> 168；timeout 20 grep -c third_party/cfitsio cmake/cfitsio_sources.cmake rc=0 -> 60（生产源）；timeout 20 python3 读 lock cfitsio 段 rc=0 -> file_sha256_of=fitsio.h + aggregate_sha256_of=排序后 60 生产源（仅两个锚）、upstream_ref 写 cfitsio 4.6.4 (ChangeLog Version 4.6.4 - Apr 2026, 安全修复版)；web_fetch https://heasarc.gsfc.nasa.gov/fitsio/ status=200 -> 页面现势 Download the latest 4.7.0 version of CFITSIO",PKG-001,vendored 树哈希锚只覆盖编译集（2 个锚），非编译面与上游跟踪/升级评估无登记 → provenance 不完整、上游落后无决策记录,按目录级清单(逐文件 sha256)登记 vendored 树，并对上游 4.7.0 给出升级或暂不跟进的理由登记,发布候选门断言 vendored 树逐文件哈希可复算；上游版本决策有登记条目（可机器查）,ASTROCS_DESIGN §12 发布候选 provenance/§10.1 交付形态,上游版本以本轮 web_fetch 现势为准（与台账 200 复现一致）
V14-N-01,Windows 清单模板与 Linux 清单同两 unit 状态互斥（SKELETON vs IMPLEMENTED），且仓内无跨平台清单比对门,OPEN,"timeout 20 python3 逐 unit 对读两清单 rc=0 -> DIFF: {PLATFORM-RUNTIME: (SKELETON, IMPLEMENTED), PLATFORM-IO: (SKELETON, IMPLEMENTED)}；timeout 20 grep -rc astrocs.product.windows ci/*.py tools/*.py tools/quality/*.py rc=1 -> 全部 0（无 Python 侧比对消费者）",PKG-001,两平台清单状态各自维护、无一致性门；同两 unit 的 SKELETON/IMPLEMENTED 互斥属发布面失真,状态绑定同一事实源并在 CI 加跨平台清单差异门（除平台限定项）,新增门：两清单同 unit 状态集合一致（不一致即红）,ASTROCS_DESIGN §11.3 IMPLEMENTED=生产源码在位且当前提交内实际执行通过；§12,与 M5b-C-02 同证据、独立 ID（本条判「无跨平台门」）
V14-N-05,install_layout.cmake 的 if(TARGET) 门卫使白名单外新增不拦，而按纪律补登记会先让 tests/abi 的 units==10 断言变红（惩罚合规行为）,OPEN,"timeout 20 grep -n ""if(TARGET"" cmake/install_layout.cmake rc=0 -> 65/71/77/83/101(注释自述 target 重新出现时随 if(TARGET) 门卫自动恢复安装)/106:if(TARGET <tgt>)；timeout 20 python3 读 packaging/astrocs.product.json rc=0 -> units 10 项（无 MOD-P1-NOISE）；timeout 20 grep -n ""units=10"" tests/abi/mod001_install_load_check.py rc=0 -> 255:check(""S4 manifest units=10 (5 平台 + 5 科学, F-CI-002-01: noise 摘出)"", len(munits)==10)",PKG-001,安装规则按 if(TARGET) 自动跟随构建图，产品清单/断言却钉死 10 项 → 正向钉在册计数，补登记先破断言,清单与安装规则同源派生（生成期取 target 清单）；断言改为「清单 ⊆ 构建图且每项有 target」的结构判据,新增一个模块 target 后：安装树、清单、断言三者一致且不出现「补登记即红」,ENGINEERING_SPEC §8 模块 manifest/注册表/构建 target/产品清单一致；ASTROCS_DESIGN §11.3,台账「lib/snr_estimator/CMakeLists.txt untracked 而根 CMake 已解除 add_subdirectory」属未现发结构缺陷
V21-N-07,打包脚本无 rc 判定（git() 失败→空串仍打 PACKAGE_OK），三份 build_v19r*_package.py 与已退役 assemble_audit 同型,OPEN,timeout 20 grep -c returncode tools/quality/build_v19r2_package.py tools/quality/build_v19r3_package.py tools/quality/build_v19r4_package.py tools/assemble_audit.py rc=0/1 -> 0/0/0/1（assemble_audit 已按 RETIRE-001 退役：ASSEMBLE_AUDIT_RETIRED+exit 2）；timeout 20 ls scripts/ rc=0 -> 仅 README.md（scripts/package_audit.py 不存在）；timeout 20 grep -c -e package_audit -e build_v19r2 -e assemble_audit ci/checks.json rc=1 -> 0（四脚本在注册表零引用）,PKG-001,打包链无一步校验子进程 rc，失败静默继续；三个 build_v19r* 工具仍可复跑且未按 RETIRE-001 登记退役,要么按 RETIRE-001 给三工具加退役抬头（显式失败），要么补 rc 判定并注册为检查项,打包脚本任一子进程失败必须非 0 退出（可注入 git 失败复现）；未注册工具须有退役或注册二者之一,ASTROCS_DESIGN §12 发布包白名单/哈希/版本/provenance；docs/ci/01_CHECKS.md §2 CHK-PACKAGE(P0)/§2.2 RETIRE-001,台账 scripts/package_audit.py 已不存在，本条按残余三工具成立
V21-N-12,产品清单 units[].sha256 十处恒 null ⇒ 注册表哈希比较分支永不成立、build_id 边被空串短路，测试还把 null 钉成必须,OPEN,timeout 20 python3 读 packaging/astrocs.product.json rc=0 -> units 10，sha256 set {None}；timeout 20 grep -n sha256 packaging/verify_install_tree.py cmake/install_layout.cmake rc=0 -> verify_install_tree.py:14 文档串「sha256 为 null (SKELETON)」、install_layout.cmake 零命中（装配期不填充）,PKG-001,清单哈希面为空，交付物完整性校验（签名清单/哈希比对）在装配与校验两侧都无数据来源,装配期计算各 unit 产物 sha256 写入清单；校验器与 loader 断言非空并与实际产物比对,注入产物篡改，校验必须红；清单 units[].sha256 非空率 100%（除显式 SKELETON 且登记）,ASTROCS_DESIGN §12 发布包哈希通过+§9 阶段间只经磁盘产品+manifest+哈希交换；docs/ci/01_CHECKS.md §2 CHK-PACKAGE/CHK-ABI(P0),订正：loader 侧非空分支现已存在（secure_loader.c:499 判 expected_sha256.size>0），台账「读端无非空分支」一腿不再成立
V21-N-14,install-tree.contract.json 与 schema 的 target_version 同钉 alpha.1 对 VERSION alpha.2 漂移；Windows 生成/Linux 直装使两平台新鲜度不对称,OPEN,"timeout 20 python3 读三文件 rc=0 -> contract target_version 0.11.0-alpha.1 / schema const 0.11.0-alpha.1 / VERSION 0.11.0-alpha.2；timeout 20 grep -n target_version contracts/config/module_dll_contract.schema.json rc=0 -> 23:""const"": ""0.11.0-alpha.2""（同批合同已升，属遗漏非有意）",PKG-001,版本字面量在 packaging 合同/schema 手工钉死且与根 VERSION 漂移；两平台清单生成方式不同导致新鲜度不对称、读端零判定,合同/schema 版本改生成期注入并纳入 VERSION-CONSISTENCY 扫描面；两平台统一生成路径,contract/schema 版本与 VERSION 逐字一致（门可红）；两平台产物版本来源同一,docs/ci/01_CHECKS.md §2 CHK-STALE-DOC（P1）；ASTROCS_DESIGN §12,台账行号 :5/:12 漂移为 install-tree.contract.json 与 schema target_version 段
W4-R2-05,幽灵布局 dist/astrocs-alpha 与三套互斥清单命名并存：对账工具跑真包必红或验错物,OPEN,"timeout 20 ls -d dist rc=2 -> ls: 无法访问 'dist': 没有那个文件或目录；timeout 20 sed -n ""12,16p;29,33p"" tools/check_release_layout.py rc=0 -> DIST = REPO/""dist""/""astrocs-alpha""；:31 cs=(DIST/""checksums.sha256"").read_text(...) 无条件读（缺失先 traceback、missing 分支不可达）；timeout 20 grep -c checksums.sha256 tools/make_linux_release.py rc=1 -> 0（生成侧只出 SHA256SUMS/MANIFEST.json/SBOM.spdx.json）",PKG-001,布局/命名三套并存（dist/astrocs-alpha、SHA256SUMS、SHA256SUMS.txt/AstroCS_Review_*.zip），生成侧与校验侧不同源 → 对账工具必红或验错物,按 ASTROCS_DESIGN §10.1 安装树形态统一布局与清单命名，废弃幽灵路径；生成侧产出校验侧读的文件名,生成→校验闭环：对同一候选包跑 check_release_layout 必须 rc=0；布局字面量单源（可机器比对）,ASTROCS_DESIGN §12 发布包白名单/哈希/版本/provenance；docs/ci/01_CHECKS.md §2 CHK-PACKAGE(P0),本条无门注册与零外部引用系 finding 在册事实，不重报
W4-R2-06,发布脚本 provenance 时间戳为常数、VERSION 缺失时静默兜底旧字面量 0.10.0-alpha.2（落后现行根版本一档）,OPEN,"timeout 20 grep -n -e generated_at_utc -e ""0.10.0-alpha.2"" tools/make_linux_release.py tools/make_windows_release.py rc=0 -> linux:76:""generated_at_utc"":""2026-08-30T10:45:00Z"" / win:90:""2026-08-30T16:00:00Z""（常数）；linux:54 与 win:66 为 VERSION 缺失时兜底字面量 ""0.10.0-alpha.2""；timeout 20 cat VERSION rc=0 -> 0.11.0-alpha.2",PKG-001,provenance 时间戳与版本兜底均为手写常数（同文件另有实时 rev-parse commit 字段自相矛盾），且兜底版本已落后,时间戳改实时生成；版本缺失改显式失败（fail-closed）不兜底；产物按 DESIGN §12 前不携带版本信息,注入 VERSION 缺失，脚本必须非 0 退出；产物 generated_at_utc 与实际运行时间一致（可判）,ASTROCS_DESIGN §12（Alpha 前产物零版本信息/发布候选 provenance）；ENGINEERING_SPEC §7,历史包是否带假时间戳需运行期（台账自注未判），本轮只判当前树常数化
W4-R2-07,gen_audit_pack.py 硬编码 verification 字段(352/352 PASS、31/31、G0-G8 9/9、verdict PASS)并打全量 git bundle、导入即在仓库根造 audit/,OPEN,"timeout 20 sed -n ""130,134p"" tools/gen_audit_pack.py rc=0 -> ""regression_tests"":""352/352 PASS"" / ""tasks_done"":""31/31"" / ""gates_passed"":""G0-G8 (9/9)"" / ""verdict"":""PASS""（无采集来源）；timeout 20 grep -n ""git bundle"" 同文件 rc=0 -> 47-48:生成 git bundle（:50 bundle create --all 全量历史装包）；timeout 20 sed -n ""32,35p"" 同文件 rc=0 -> OUT = REPO/""audit""/""AstroCS-v1.1-audit-pack""；OUT.mkdir(parents=True, exist_ok=True)",PKG-001,死工具仍完整存续无退役标记：一经使用即产自宣 PASS 的假清单且直撞发布白名单（含全量 git 历史）,按 RETIRE-001 口径加退役抬头并改入口为显式失败（exit 2），或重写为从实际检查结果取数的工具,工具无参调用必须显式退役失败或产出可复核数据；产物不得含计划值冒充实际值,ASTROCS_DESIGN §9 禁止把计划值伪装成实际值、§12 发布包白名单；docs/ci/01_CHECKS.md §2.2 RETIRE-001 口径,引用 0 命中系 finding 在册事实，不重报
W6-N-03,安装规则按目录通配(packaging/schemas/*.json)而合同按逐文件白名单(units 16)，两面不同源；唯一闭集校验器 verify_install_tree.py 在注册表零引用,OPEN,"timeout 20 sed -n ""113,118p"" cmake/install_layout.cmake rc=0 -> install(DIRECTORY .../packaging/schemas/ DESTINATION ... FILES_MATCHING PATTERN ""*.json"" PATTERN ""*.schema.json"")；timeout 20 ls packaging/schemas rc=0 -> 4 份(astrocs-product/dependency-lock/install-tree-contract/preset-contract)；timeout 20 python3 读 install-tree.contract.json rc=0 -> units 16；timeout 20 grep -rc verify_install_tree ci/checks.json rc=1 -> 0",PKG-001,装配期通配安装与合同白名单不同源 ⇒ 白名单不闭合（安装树可多装未被合同声明的 schema），唯一闭集校验器无人调用,装配规则改为按合同白名单逐文件安装（或从合同生成安装清单），并把 verify_install_tree 注册为检查项,新增/删除一份 schema：安装树与合同 units 必须同时变化（机器断言差集为空）；校验器在注册表内,ASTROCS_DESIGN §10.1 交付形态+§12 发布包白名单；ENGINEERING_SPEC §8 清单唯一事实源且须机器校验,实际交付树是否多装需一次 cmake --install 实测（本轮未跑），本条只判口径与注册缺失
W6-N-05,ARC-001 导出面合同只有 schema、无实例也无机器消费者；Windows 符号门判据为「非空即过」，Linux 侧零采集，根 CMake 三处开 WINDOWS_EXPORT_ALL_SYMBOLS ON,OPEN,"timeout 20 grep -n module_dll_contract docs/modules/MODULE_MAP.yaml docs/owner/ARCHITECTURE_OVERVIEW.md rc=0 -> 仅 YAML:12/42 与 OVERVIEW:9/33/100 文本提及（无 .py/CMakeLists 消费者）；timeout 20 sed -n ""620,624p"" tools/quality/ci_windows_driver.py rc=0 -> ok = res[""exit_code""] == 0 and bool(exports)（非空即过）；timeout 20 grep -c ""WINDOWS_EXPORT_ALL_SYMBOLS ON"" CMakeLists.txt rc=0 -> 3",PKG-001,导出集由链接器全开(WINDOWS_EXPORT_ALL_SYMBOLS ON)决定，符号门只判非空 ⇒ 导出面白名单合同无判据承载；Linux 侧无采集,按 module_dll_contract 生成/校验导出白名单（Windows dumpbin/Linux nm 双侧），符号门断言集合相等,注入一个计划外导出符号，符号门必须红；导出集与合同白名单差集为空（两平台）,ASTROCS_DESIGN §7.3 模块与 DLL/SO 边界+§12 发布包白名单；docs/ci/01_CHECKS.md §2 CHK-ABI/CHK-PACKAGE(P0),真机导出集是否越界需 Windows x64 dumpbin（本轮无该节点），不另判
M3-I-004,同名异体 p1phot 双副本仍在位：注册副本 lib/algorithms/photometry/tests/p1phot，未注册副本 wrapper_phase1/tests/p1phot（无 CMakeLists）,OPEN,"timeout 20 find lib -path ""*tests/p1phot/*"" -type f rc=0 -> wrapper_phase1/tests/p1phot 4 文件(p1phot_tests_core.cpp 657/p1phot_fixtures.hpp 264/p1phot_oracle.hpp 322/p1phot_test_main.hpp 133)与 lib/algorithms/photometry/tests/p1phot 副本并存（后者含 CMakeLists.txt）；timeout 20 grep -rn p1phot tests/unit/CMakeLists.txt rc=0 -> 534:add_subdirectory(../../lib/algorithms/photometry/tests/p1phot p1phot)（只注册后者）；timeout 20 sed -n ""1,20p"" wrapper_phase1/tests/p1phot/p1phot_fixtures.hpp rc=0 -> 头注「测试面共址 lib/algorithms/photometry/wrapper_phase1/tests/p1phot（…src_path 决策见 CMakeLists.txt 头注）」而该目录无 CMakeLists、注册副本内 grep src_path rc=1 零命中",QA-001,同名异体副本未清理；未注册副本头注指向一份不存在的「CMakeLists.txt 头注」，构成悬空自证；注册面仅一份,删除未注册副本（或明确标 legacy/对照并移出共址目录），头注改指现行共址与注册点,仓内同名测试文件唯一；未注册目录不得出现指向不存在 CMakeLists 的锚,ENGINEERING_SPEC §5 注册测试面为唯一可执行判据；§8 删除/重命名无悬空引用,台账路径 lib/phase1/tests/p1phot 已迁 wrapper_phase1；三份同名文件行数与台账一致
M5a-I-002,ISA_VARIANTS §1.5 尾句称 ISA-004/005 属 Windows 域本机不评估，§1.6 却在 Linux vm-bj 完整评估 AVX512 并给判定，两节互斥,OPEN,"timeout 20 sed -n ""40,80p"" docs/architecture/ISA_VARIANTS.md rc=0 -> §1.5 尾句「ISA-004(AVX512)/ISA-005(BMI2/POPCNT)属 Windows 域, 本机不评估。」；紧接「## 1.6 ISA-004 AVX512 复测与判定(2026-08-28, vm-bj)」并给 NOT_SHIPPED 判定（两节互不引用）",QA-001,同一文档对同一 ISA 的平台归属与证据状态两套口径并存，旧句未随 §1.6 更新,删除/改写 §1.5 尾句并在 §1.6 引用平台职责条款（Windows 复验仍归 WIN-003/WIN-00x）,文档级检查：同一 ISA 在全文的平台归属/状态字面量唯一（可 grep 断言）,ASTROCS_DESIGN §11.2/§11.3 验证层级与状态阶梯（VERIFIED=Windows x64+真实数据）,台账行号 :51/:53/:55/:67 漂移为 §1.5 尾句与 §1.6 段落（同文同义）
M6a-F-001,healpix 1e6 点 oracle 生成器仓内零命中、test_healpix_oracle.cpp 无任何 CMakeLists 注册，而 healpix_core.h 仍以现在完成时宣称 mismatch=0,OPEN,"timeout 20 find lib tests docs tools ci contracts cmake packaging -name healpix_fullsky_oracle.py rc=0 -> 空；timeout 20 grep -rn test_healpix_oracle --include=CMakeLists.txt . rc=1 -> 零命中（tests/unit/CMakeLists.txt 只注册 r9b_healpix_neighbors_test:635）；timeout 20 sed -n ""1,12p"" lib/algorithms/shared/healpix/healpix_core.h rc=0 -> 由 astropy-healpix(BSD-3) 以 1,000,000 全天随机点…交叉验证, mismatch=0（现在完成时）",QA-001,宣称的 1e6 点 oracle 缺生成器与构建注册（测试文件在库但永不编译），宣称无机器证据承载,补生成器（或改述为现存的 snr_hips_spatial_oracle.py/gen_spatial_fuzz.py 路径）并把 test_healpix_oracle.cpp 注册进测试面,ctest 内可见 healpix oracle 用例；healpix_core.h 的宣称与注册测试一一对应,ENGINEERING_SPEC §8 核心合同有独立测试；ASTROCS_DESIGN §11.1/§12,台账路径 lib/common/healpix → lib/algorithms/shared/healpix；同目录现存 gen_spatial_fuzz.py/snr_hips_spatial_oracle.py
M8-F-006,lib/** 与 tests/realdata 的 Python 测试不在任何阻断采集面（18 个 discover 根仅含 lib/infrastructure/gaia_xpsd_client/tests），部分用例以 return 布尔收尾,OPEN,"timeout 20 python3 枚举 ci/checks.json 内含 discover 的 step rc=0 -> 18 根：[ci/tests, lib/infrastructure/gaia_xpsd_client/tests, tests/abi, tests/api, tests/arch, tests/artifact, tests/backend, tests/cli, tests/contracts, tests/glossary, tests/io, tests/monitoring, tests/pipeline, tests/quality, tests/runtime, tests/sciencelint, tests/traceability, tests/version]；timeout 20 find lib -name ""test_*.py"" rc=0 -> 16 处 lib 侧测试（aio/orchestrator/drizzle/photometry/noise_snr 等）不在任何根内",QA-001,检查注册表的 discover 面未覆盖 lib/** 与 tests/realdata，游离测试即便失败也不阻断；未采面在结果面上与通过同形,把 lib/** 与 tests/realdata 纳入 CHK-UNIT 的 discover 根（或显式登记豁免与理由），并修正 return-布尔型用例为 assert,改动 lib/** 下任一 Python 测试使其失败，CHK-UNIT 必须判红（覆盖扫描面断言）,ENGINEERING_SPEC §5.1/§5.2 测试层级；ASTROCS_DESIGN §11.2,lib 侧唯一在册根是 gaia_xpsd_client/tests，其余 15 处零采集
M8-F-011,tests/realdata 的真实数据终验不在任何阻断 profile，且用例为裸 def test_（unittest discover 采 0 例）,OPEN,"timeout 20 ls tests/realdata/ rc=0 -> __init__.py/test_index_v12.py/test_match_plan.py；timeout 20 grep -c ""def test_"" 两文件 rc=0 -> 15 与 21（合计 36）；timeout 20 grep -c unittest 两文件 rc=1 -> 0 与 0；timeout 20 python3 -c 统计 ci/checks.json 的 realdata 命中 rc=0 -> 0 次（不在任何 discover 根）",QA-001,真实数据层既未进阻断 profile，其用例形态又与 unittest discover 不兼容 → 双重静默不执行,把 tests/realdata 纳入 linux-main 的 discover 根并改为 unittest.TestCase（或显式 pytest 门），真实数据不可用时显式 NOT_APPLICABLE 而非静默,对齐真实数据夹具后跑 linux-main，tests/realdata 用例数>0 且失败能红,ASTROCS_DESIGN §11.2/§11.3（Linux 真实数据终验）；ENGINEERING_SPEC §5.2,台账 18 个 discover 根一腿本轮复现（同 M8-F-006 命令）
M8-F-015,tests/unit/*.cpp 中 5 个文件内含 CHECK(true) 作为不变量占位（CHECK(0==0) 为 0 处）,OPEN,"timeout 20 python3 统计 tests/unit/*.cpp rc=0 -> CHECK_true_files 5 [p2_output_semantics_test.cpp, p2_rejection_test.cpp, p2_upm_synthetic_test.cpp, p3_assembly_test.cpp, p3_interp_test.cpp]；CHECK_0eq0_files 0",QA-001,占位断言使门恒绿且以注释/常量冒充不变量（p2_upm_synthetic:125、p3_assembly:127）,把 5 处 CHECK(true) 替换为真实不变量断言（或删除该断言并显式登记未覆盖）,对每处占位注入反例，断言必须能红；tests/unit 内 CHECK(true) 计数为 0,ENGINEERING_SPEC §8 能红能绿；ASTROCS_DESIGN §11.1 每个近似有 mutation 证明门能红,本轮重算口径与台账一致（5 文件 5 处）
V17-N-01,11 族 *_selfcheck.cpp 的父侧元门只判 child_rc==0（17 处），execve 失败 127 与必败验证不可区分；全仓仅 p1drz 一处分类 127,OPEN,timeout 20 python3(git ls-files 枚举 *_selfcheck.cpp) rc=0 -> TU 11 / child_rc==0 计 17 / ==127 计 1，且含 ==127 的文件仅 lib/algorithms/drizzle/healpix_drizzle/tests/p1drz/p1drz_tests_selfcheck.cpp,QA-001,父侧把「子进程返回非 0」一律记为必败验证通过，127(execve 失败) 碰撞不分类 → 元门 fail-open,父侧对 127/信号/超时独立分类并显式报错；统一用显式相位参数而非 rc 值域推断,注入 execve 失败（PATH 破坏）场景，自检必须报元门错误而非「必败验证通过」,ENGINEERING_SPEC §8 每项检查有正例与负例；ASTROCS_DESIGN §12 不得用空输出/命令占位冒充完成,台账 TU=11/17/1 本轮逐字复现（同 git ls-files 口径）
V17-N-04,test_mon003_synthetic 编译失败即 skipTest，unittest skip 判 wasSuccessful=True 退 0，该红时静默,OPEN,"timeout 20 sed -n ""36,52p"" tests/backend/test_mon003_synthetic.py rc=0 -> cls.skip_compile = r.returncode != 0；def test_01: if self.skip_compile: self.skipTest(""编译失败"")；timeout 20 python3 验证 unittest 语义 rc=0 -> wasSuccessful=True skipped=1 RC=0",QA-001,编译非零被降级为 skip（非 fail），而门是 non-waivable 的 linux-main discover ⇒ 环境/编译失败静默转绿,编译失败改 self.fail（或 setUpClass raise），确需跳过时按 §8 显式登记豁免,破坏编译（注入语法错误），UT-BACKEND 必须判红而非 skipped,ENGINEERING_SPEC §8 每项检查有正例与负例、豁免显式登记且只减不增,同仓正对照 tests/backend/test_isa_bit_manip.py:32 用 assert r.returncode == 0
V17-N-05,test_iso_acr_gpu_isolation 的 11 条清单路径缺失即 continue，使禁词/注册断言对空集恒绿；且 test_01/02 被 skipUnless(EXE 存在) 连坐,OPEN,"timeout 20 sed -n ""83,105p"" tests/cli/test_iso_acr_gpu_isolation.py rc=0 -> 85:for rel in PRODUCTION_SOURCES: / 87:if not os.path.isfile(p): continue（缺失即跳过）/ 101:test_02 同型；timeout 20 python3 逐条 isfile rc=0 -> 11 条清单路径当前全在（属结构缺陷、尚未脱扫）",QA-001,扫描面缺失被当「无违规」跳过（fail-open），纯静态文本检查还被运行期产物 skipUnless 门连坐,路径缺失改显式 fail；静态检查与 EXE 存在性解耦（拆成独立用例）,删除任一清单路径，该测试必须红；build/cli/astrocs 不存在时静态检查仍执行,ENGINEERING_SPEC §8 能红能绿；ASTROCS_DESIGN §8 生产构建/加载/路由不含 ACR/CUDA,目标 cli/** → lib/infrastructure/cli/**；lib/phase*_session/* 仍在盘上（DEFERRED，见 ARCH-001 §1）
V17-N-06,tests/io 三站对 lib*_test.so 采用「存在即复用」，无源↔产物新鲜度前置，且 .so 被 .gitignore 排除、CI 无生成步,OPEN,"timeout 20 grep -n ""LIB_SO.exists()"" tests/io/test_hips_input_contract.py tests/io/make_hips_fixture.py tests/io/hips_output_fixture.py rc=0 -> :55/:43/:48；timeout 20 ls -la --time-style=long-iso lib/infrastructure/aio/io/{hips_core.c,fits_core.c,libhips_core_test.so,libfits_core_test.so} rc=0 -> .c=2026-09-16 21:59，.so=2026-09-03 03:05（产物比源旧 13 天）；timeout 20 git check-ignore -v 同 .so rc=0 -> .gitignore:31:*.so",QA-001,测试按存在性复用宿主 .so，无 mtime/哈希新鲜度前置 ⇒ 宿主机可长期对旧产物判绿；台账所引 runtime/io/ 目录已不存在，残余面在 tests/io 的复用逻辑,三站加「源哈希/提交号 ↔ 产物」新鲜度前置或每次强制重建；把生成步纳入 CI,改动 hips_core.c 后不重建，测试必须红（新鲜度断言）；CI 内 .so 由固定步骤生成,ENGINEERING_SPEC §8 能红能绿；ASTROCS_DESIGN §11.3 IMPLEMENTED=当前提交内实际执行通过,台账证据取 runtime/io/*.so（该目录已删），本条以现行 lib/infrastructure/aio/io/ 产物复现同型缺陷
V18-N-01,10 族 test_main.hpp 的宏把注入分支排在 !(cond) 之前，注入命中即短路，cond 根本不求值,OPEN,"timeout 20 python3 逐文件比较 injected(faultname) 与 !(cond) 的先后 rc=0 -> INJECT_FIRST：p1cal/p1cos/p1drz/p1noise/p1phot/p1psf/p1hips/p1sess/aio_abi/p1wcs 共 10 族；timeout 20 sed -n ""84,95p"" lib/algorithms/psf/tests/p1psf/p1psf_test_main.hpp rc=0 -> if((faultname)!=nullptr && injected(faultname)){…} else if(!(cond)){…}",QA-001,注入语义用 else-if 短路替换条件求值（断言失去判据），且无任何门校验分支次序,改为「先求值 cond 并记录，再叠加注入结果」或把注入结果并入失败计数而非短路,注入名命中时 cond 仍须被求值（可用副作用/计数断言）；机器检查断言宏内 !(cond) 在注入支之前,ENGINEERING_SPEC §8 每项检查有正例与负例；docs/ci/01_CHECKS.md §1 唯一注册表,台账行号（p1hips:69 等）随格式化改行，机制不变
V18-N-05,tools/monitoring/check_log_contract.py 的 --selfcheck 用生产 LogEvent().to_jsonl() 造合法行再交自身 validate 判定，函数体内真负例 0 处，schema 单向等于 checker 自身常量,OPEN,"timeout 20 sed -n ""286,316p"" tools/monitoring/check_log_contract.py rc=0 -> 用 lib.infrastructure.observability.logging.log_event.LogEvent 生成 line，再 o=validate_jsonl_line(line,1,schema,errs)（无独立负例）；timeout 20 grep -n bad_ tools/monitoring/check_log_contract.py rc=1 -> 函数体内零命中",QA-001,自检取自被检物自身（循环 oracle），唯一负例在同仓 tests/monitoring 归 UT-MONITORING 门、本门不跑,在 --selfcheck 内加入独立构造的非法行负例（缺字段/坏 seq/超长行），或把该负例纳入本门 steps,--selfcheck 必须包含至少 1 条独立负例且能红；schema 来源不由 checker 自身常量单向定义,ENGINEERING_SPEC §5.1 不调用生产实现的独立 Oracle；§8 能红能绿,台账行号 :288-318 漂移为 :286-316
V18-N-09,p1psf 的注入名全经变量传递（调用点无字面量名），selfcheck 默认名与注册面无静态对齐，无编译期宏,OPEN,"timeout 20 python3 统计 lib/algorithms/psf/tests/p1psf/*.cpp 的 P1PSF_CHECK 调用点 rc=0 -> P1PSF_CHECK_callsites 136；timeout 20 sed -n ""80,95p"" lib/algorithms/psf/tests/p1psf/p1psf_test_main.hpp rc=0 -> 宏第三参 faultname 由调用点变量传入（无字面量可比对）",QA-001,注入名不落在调用点字面量，静态枚举/注册表对齐无从机器校验，自检默认名与注册面可漂移,注入名改为字面量或将名表集中在可机器读取的注册表（数组/JSON），并加集合相等断言,注入名注册表与调用点集合相等（机器断言）；自检默认名必须在注册表内,ENGINEERING_SPEC §8 能红能绿；docs/ci/01_CHECKS.md §4 新增检查项流程,台账口径 133，本轮按去注释后统计得 136（口径差已记）；文件已迁 lib/dynamic_psf→lib/algorithms/psf
V18-N-10,p1drz 的手抄注入清单三处并存：k_injections[] 9 名、注释、实际 CHECK 站点；perf_* 3 名在册却从不被注入遍历,OPEN,"timeout 20 sed -n ""24,34p"" lib/algorithms/drizzle/healpix_drizzle/tests/p1drz/p1drz_tests_selfcheck.cpp rc=0 -> k_injections[] 9 名(flux_closure/uniformity/impulse/nonfinite/determinism/variance/negative_matrix/sip_active/adu_inverse)；timeout 20 grep -rn perf_ 同目录 rc=0 -> p1drz_tests_perf.cpp:65/68/71 另见 perf_run/perf_parity/perf_trend（不在 k_injections）",QA-001,手抄清单与注册表漂移且无集合相等断言 → 3 个注入名「注册但从不驱动」,注入名集中为单一注册表并加集合相等断言（注册集合 == 被驱动集合）,对 k_injections 与调用点做集合断言，差集非空即红,ENGINEERING_SPEC §8 能红能绿；docs/ci/01_CHECKS.md §1 ci/checks.json 为唯一注册表,台账 9 名与 3 名差集本轮复现
V18-N-11,11 族自检父侧只判 child_rc==0，execve 失败(127)计为必败验证通过；p1drz argc>=1 恒真可整门跳过,OPEN,"timeout 20 python3(git ls-files) rc=0 -> TU 11/child_rc==0 17/==127 1；timeout 20 grep -n ""argc >= 1"" lib/algorithms/drizzle/healpix_drizzle/tests/p1drz/p1drz_tests_selfcheck.cpp rc=0 -> 49:if (argc >= 1 && getenv(""ASTROCS_P1DRZ_FAULT"") != nullptr)（argv 恒有 argv[0] ⇒ 判据退化为 env 存在）",QA-001,元门 fail-open：127 与「必败验证通过」同形；重入判据 argv 口径恒真，置空值即跳过两阶段并 PASS,"父侧分类 127/信号；重入判据统一为显式相位参数（如 argv[1]==""inject""）",破坏 execve 或置空注入变量，自检必须报错而非 PASS,ENGINEERING_SPEC §8 能红能绿；ASTROCS_DESIGN §12 不得用命令占位/空输出冒充,与 V17-N-01/V18-N-14 同族，本条独立 ID 保留
V18-N-12,test_isa_avx.py 自写 CSV(decision 列硬编码) → 读回自己刚写的文件 → 循环体仅 continue → 末行 assertTrue(True),OPEN,"timeout 20 grep -n -e ""assertTrue(True)"" -e ""continue #"" -e ""NOT_SHIPPED(avx"" tests/backend/test_isa_avx.py rc=0 -> 87:""NOT_SHIPPED(avx子集,avx2主导)"" if … else """"（decision 硬编码）；107:continue # 由 ISA-001 avx2 vs ISA-002 avx 比值判定(见 LOG)；109:self.assertTrue(True) # 比值断言在 LOG 人工判读",QA-001,门承诺的「AVX 必被 AVX2 严格主导」无断言承载，判据工件自产自读，末行空断言,实现比值断言（读 benchmark 当轮产物），删除自产工件与空断言,注入 avx 优于 avx2 场景门必须红；测试内 assertTrue(True)/空断言计数为 0,ASTROCS_DESIGN §8 ISA 支持由 benchmark 测量决定；§11.1 每个近似有 mutation 证明门能红,与 M8-F-014 同文件不同判据面（本条 P0 记门名承诺的不变量）
V18-N-14,自检重入判据两套并存：p1drz 用 argc>=1（恒真）+env，其他族用 getenv!=nullptr && argc>=2 或 argv 判据,OPEN,"timeout 20 python3 遍历 *_selfcheck.cpp 打印 argc>=1 rc=0 -> 仅 lib/algorithms/drizzle/healpix_drizzle/tests/p1drz/p1drz_tests_selfcheck.cpp:49 if (argc >= 1 && getenv(""ASTROCS_P1DRZ_FAULT"") != nullptr)；timeout 20 grep -rn ""argc >= 2"" lib --include=*_selfcheck.cpp rc=0 -> 其他族为 argc>=2/argv 口径（两套并存）",QA-001,重入判据不统一，argv 口径恒真使 p1drz 退化为「env 存在即注入相」，置空值即跳过并 PASS,"统一为显式相位参数（argv[1]==""inject"" 或 --phase 参数）并加仓级一致性断言",逐站补不得漏：机器检查断言所有 selfcheck TU 使用同一重入判据形态,ENGINEERING_SPEC §8 能红能绿；ASTROCS_DESIGN §12 不得用空输出冒充,台账已实测置空值整门跳过并 exit=0（本轮复核判据文本一致）
V19-N-06,环境守卫使约两成用例静默隐身（tests 下 *.py 含 skipUnless/skipIf 的守卫文件覆盖 204/1118 个 def test_），R11 与 runner 只数采集数/检查级 SKIP,OPEN,timeout 20 python3 重算 tests 下 *.py rc=0 -> def_test 总 1118，落在含 skipUnless/skipIf 文件内的 204；timeout 20 grep -n R11 ci/validate_registry.py rc=0 -> 29:R11 unittest discover 目录采集用例数必须 > 0；138:discover 目录 … 采集 0 用例(门空转)；timeout 20 grep -n skipped ci/run.py rc=0 -> 1035/1039/1040 仅检查级 SKIP 判定，无 unittest 用例级 skipped=N 解析,QA-001,「整类被 skip」与「整类通过」在结果面上同形：R11 只判采集数>0，runner 不解析用例级 skipped,runner/门解析 unittest 的 skipped/failed 计数并对 skip 比例设阈值或要求逐条豁免登记,注入整类 skip，门必须报告 skipped 用例数并判红/要求豁免登记,ENGINEERING_SPEC §8 能红能绿、豁免显式登记且只减不增；ASTROCS_DESIGN §11.3 不得用空输出冒充,台账口径 1005/208(20.7%) 与本轮 1118/204 口径不同，已在证据写明重算值
V2-N-06,p1star_mad_check 自述「断言 4: 生产源不含 4 位截断常数」而正文只有 3 块断言；p1phot_oracle 复刻被测实现式（循环 oracle）,OPEN,"timeout 20 grep -c ""// ── "" lib/algorithms/star_detection/tests/p1star/p1star_mad_check.cpp rc=0 -> 3；timeout 20 grep -n ""断言 4"" 同文件 rc=0 -> 21:本锁以""生产常量来源唯一性""覆盖 (断言 4: 生产源不含…（该断言不存在）；timeout 20 sed -n ""118,128p"" lib/algorithms/photometry/tests/p1phot/p1phot_oracle.hpp rc=0 -> 120:// sigma = median(|r_in − location|) … (同被测)；126:sigma_out = oracle_median_avg(dev) / MAD_SCALE",QA-001,测试自述的断言缺失（文档-实现不符），oracle 直接复刻被测公式并从注释自认「同被测」→ 不是独立 Oracle,补齐或删除自述断言；oracle 改为独立解析解/高精度参考（或明确标为一致性锁而非 oracle）,断言数与自述一致（机器可查）；oracle 不含「同被测」复刻式（评审可判）,ENGINEERING_SPEC §5.1 不调用生产实现的独立 Oracle/解析解；§8 能红能绿,目标已迁 lib/star_detector→lib/algorithms/star_detection、lib/photometric_calib→lib/algorithms/photometry
W1-N-07,test_last_inlier_reset.cpp 在 ipv/test 内零 add_executable，全仓 CMakeLists 零引用（改动落在永不编译面）,OPEN,timeout 20 grep -c test_last_inlier_reset lib/algorithms/platesolve/cpp/ipv/test/CMakeLists.txt rc=1 -> 0；timeout 20 grep -rn test_last_inlier --include=CMakeLists.txt . rc=1 -> 零命中（同目录其余 7 个 ipv 测试已注册）；timeout 20 ls lib/algorithms/platesolve/cpp/ipv/test/test_last_inlier_reset.cpp rc=0 -> 文件在位,QA-001,测试文件未进构建图：修改该文件的回归锁永不执行，同目录其余测试已注册形成正对照,把 test_last_inlier_reset.cpp 注册进 ipv/test/CMakeLists.txt 与 ctest,新增/修改该文件后 ctest 内可见用例；注册面缺失由检查器判红（未注册测试文件扫描）,ENGINEERING_SPEC §5.2 验证层级自单元测试起、测试须在层级内可执行；ASTROCS_DESIGN §11.3,路径 lib/plate_solve → lib/algorithms/platesolve（ARCH-001 #22）
M5b-G-19,图像量化证据+Agent 初审+Owner 终审无机器证据链；视觉验收入口曾指向不存在的 launch/,OPEN,python3 -c 读 ci/checks.json [rc=0]→n=42，visual 命中 []；grep -rln gen_visual_views tools/ ci/ tests/ docs/ [rc=0]→仅 tools/gen_visual_views.py 与 __pycache__，无 CI 注册；ls -d launch [rc=2]→不存在（实际 packaging/launch）；docs/archive/VISUAL_CHECK_README.md:3 ARCHIVED_NON_NORMATIVE（原文所引入口 launch/start_browser.ps1 已不存在）,REAL-001,最高设计 §11.2/§12 的图像终审无机器承载（无检查项、无审核产物 schema/落点）,建立图像量化证据产物 + 审核记录 schema + CI 检查项（证据缺失即红），Owner 终审落 reports/,CI 存在图像审核检查项并能红能绿；发布验收含审核记录路径,-,launch/ 悬空引用已由 GOV-001 归档处置（docs/DOCUMENT_INDEX.yaml:845）
M7-A-208,同表两行隐含像元尺度互斥（1.629e-4 vs 1.375e-4 deg/px，差 18.4%），全表无帧标识/plate scale,OPEN,"sed -n '85,105p' docs/science/ASTROMETRY.md [rc=0]→:94 前向最大偏差 5.7e-14 deg（≈3.5e-10 px）／:100 九宫格 ≤7.7e-14 deg（≤5.6e-10 px）；python3 -c 复算 [rc=0]→1.6285714285714287e-4 / 1.375e-4 / 差 18.44%；grep -n ""deg/px"" docs/science/ASTROMETRY.md [rc=0]→无具体帧尺度（仅:51/:132 单位说明）",REAL-001,两条实测行的折算隐式依赖未写明的 plate scale/帧标识，无法从文内量复推,补帧标识与 CD/plate scale（或直接给 px 偏差），并复核两行数字是否同帧,表中每个 deg 数字可由文内 scale 复推；第三方交叉门 1e-4 px 不变,-,数值为四舍五入近似，仍不可互推
V13-N-08,根目录未跟踪 p8-p15a-files.patch 散落违 §7 白名单,FIXED,"ls -1 *.patch [rc=2]→无该文件；timeout 20 git status --porcelain | grep ""^??"" [rc=0]→根无 *.patch；grep -n ci003_dangling_registration_cleanup ci/root_manifest.json [rc=0]→:144 记录已删除 VISUAL_CHECK_README.md/HANDOVER.md/runtime/providers/modules/p8-p15a-files.patch 等悬空登记",ROOT-001,-,-,-,修复证据：物理残留已清运且登记面同步清理（CI-003）,CHK-ROOT-CLEAN 现存于 ci/checks.json，可承接长效门
V9-N-15,dirty 豁免仍含 astrocs_run_ 与三产物名 ⇒ 根产物对门永久失明,OPEN,"sed -n '1640,1665p' ci/checks.json [rc=0]→dirty_ignore_exact=[resource_samples.csv,resource_summary.json,worker_balance.csv]，dirty_ignore_prefixes 含 astrocs_run_、run/；grep -c astrocs_run_ lib/infrastructure/cli/commands.cpp [rc=0]→:446 final_path = out_dir + ""/astrocs_run_"" + run_id + "".json""；根目录 astrocs_run_*.json 计数 0",ROOT-002,豁免清单替代拦截；且豁免名 resource_samples.csv 已随 D-15 改名失效（豁免对象漂移）,移除豁免改为拦截（根出现 astrocs_run_*/三产物即红），豁免清单与实现名同步,根目录产出 run manifest 时门能红,-,台账「根产物计数 0」不变，缺陷在豁免面
W4-R2-03,p1sess 测试 TMPDIR/TEMP/TMP 三缺回退 CWD；忽略规则使根产物对 dirty 门不可见,OPEN,"grep -n ""tmp_root = (d"" lib/phase1_session/tests/p1sess/*.cpp [rc=0]→units:140、negative:52、perf:55、properties:100 四处 (d ? d : (w ? w : (w2 ? w2 : ""."")))；timeout 20 git grep -n astrocs_p1sess HEAD -- .gitignore [rc=0]→:140 /astrocs_p1sess_*/",ROOT-002,测试 tmp 回退当前目录 + 全局忽略规则，复跑即复现根污染且门不可见,三环境变量全缺即 fail（或改用 output_dir/run 临时目录）；收紧忽略规则,无 tmp env 时测试失败而非落根；CHK-ROOT-CLEAN 能红,-,物理残留已删（根清洁线所为），机制面存续
FD-G-001,旧根 AGENTS.md「单入口」；run/ 影子 AGENTS.md 86 份对 CI/git 不可见,OPEN,"timeout 30 find run -maxdepth 5 -name AGENTS.md | wc -l [rc=0]→88；timeout 20 git ls-files | grep -c AGENTS.md [rc=0]→1；grep -n ""唯一正式入口"" run/reaudit_v3/run001/A/AGENTS.md [rc=0]→:179 .\toolchain.ps1 run <stage1.json>  # 运行 orchestrator（唯一正式入口）",ROOT-003,run/ 为 gitignore 临时面，历史 runbook AGENTS.md 持续复制扩散（86→88），与现行 §6.2 唯一命令树冲突且机器门不可见,清运/归档 run/ 下影子 AGENTS.md；把「agent 指令文件唯一=根 AGENTS.md」落成 CI 检查（root_manifest/dirty 面）,复用 CHK-ROOT-CLEAN 类检查：run/ 下出现 AGENTS.md 即红,-,与 M1a-I-001/V13-N-08 同族临时面污染
M1a-I-001,运行产物/构建残留与源码同层；V4 时代状态与不存在归档路径仍在位,OPEN,"ls -1 lib/algorithms/platesolve/cpp/ipv/ [rc=0]→make_clean_out.txt/make_clean_err.txt/siril_atpmatch_b64.txt 与 src 同层；sed -n '1,14p' lib/algorithms/platesolve/cpp/ipv/REPORT.md [rc=0]→:8 状态: Phase I MVP 完成 + V4.6 鲁棒性改进，20 帧真实数据 100% 成功 ／ :11 归档: …已迁移至 lib/plate_solve_old/v4_archive/；ls -d lib/plate_solve_old [rc=2]→不存在",ROOT-003,旧 V4/V4.6 报告未随 ARCH-001 迁移更新，探针/构建残留未清运,清运三个残留文件；REPORT.md 加 ARCHIVED 标注或改指当前算法目录，删除指向不存在归档的陈述,ipv/ 目录仅含源码/构建脚本/文档；REPORT.md 无失效路径,-,与 V13-N-08 同族
L28c-E-001,旧宪章§12.2/§8：typed_dag_contract.h 零 C++ 消费者/零构建登记却宣称 ABI 冒烟测试锁 layout,OPEN,"timeout 30 grep -rl typed_dag_contract lib tests tools ci | cat [rc=0]→仅 typed_dag.py/.pyc 与头自身；grep -c typed_dag_contract CMakeLists.txt [rc=1]→0；awk 'NR==48||NR==62' lib/infrastructure/pipeline/typed_dag_contract.h [rc=0]→:48 std::string data_schema_id; // ""DATA-xxx"" ／ :62 冻结字段顺序不得重排（ABI 冒烟测试锁定 layout 断言）",RT-001,头为 RT-001 合同骨架未接线执行器；:62 的 ABI 布局断言声明无对应测试（tests/ 仅 py 侧 typed_dag 校验）,或补 C++ 消费者与 ABI layout 冒烟测试并登记构建源，或把 :62 声明降级为「待接线」并标注所有权,ninja -C build 中该头有 TU 依赖 + 布局断言测试存在且能红,-,行号较台账漂移
M2a-C-7,旧宪章§10.4/§10.5 GAIA 块缓存 4GB 上限与实现不一致,FIXED,"grep -n -e ""BlockCacheBudget block_budget"" -e ""block_budget_used"" -e ""客户端级总预算"" lib/infrastructure/gaia_xpsd_client/src/gaia_client.c [rc=0]→:131-134 注释与实现同径（客户端级总预算）／:274 BlockCacheBudget block_budget ／:569 block_budget_used(budget)+data_size>budget->max_memory",RT-001,-,-,-,修复证据：G3b 客户端级共享预算 + 插入前预留已在位，自述与实现同径,-
M2a-C-8,合同§4 自述「按文件分片/块缓存单写者」，实现已加 per-file 锁与多并行轴；lease/cancel 仍文件级 static,OPEN,"grep -n -e ""并发模型"" -e ""单写者"" docs/algorithms/GAIA_QUERY.md [rc=0]→:191 ## 4. 并发模型（现状，与源码一致）／:194 块缓存仅被处理该文件的线程访问（单写者）；grep -n -e ""static int gaia_leased_workers"" -e gaia_cancel_poll_fn lib/infrastructure/gaia_xpsd_client/src/gaia_client.c [rc=0]→:93/:94；grep -n bc_lock 同文件 [rc=0]→:187/:260-264 per-file 锁；grep -n ""pragma omp parallel"" 同文件 [rc=0]→:2103/:2314/:2478/:2618",RT-001,实现演进（per-file 锁+多查询并行轴）未回写合同 §4；lease/cancel 用文件级 static，多实例并发互相覆盖,合同 §4 按现树改写并行轴与锁语义；lease/cancel 改实例域（句柄内）,合同 §4 与 gaia_client.c 并行/锁语义逐条对齐 + 双实例并发测试,-,-
M4-C-05,PHASE2_SAMPLER.md 两处称并行路径不经 g_aio_mu 锁，代码实为全局串行,OPEN,"grep -n -e g_aio_mu -e ""per-worker 独立句柄"" docs/algorithms/PHASE2_SAMPLER.md [rc=0]→:295 g_aio_mu（:161 声明，read_tile_pair :166 加锁；并行路径 per-worker 独立句柄不经此锁）／:387 同款；grep -n g_aio_mu lib/algorithms/coverage/src/sampler.cpp [rc=0]→:169 static std::mutex ／:174 lock_guard ／:711/:712 每 worker 开句柄亦加锁 ／:745 并行体内 read_tile_pair",RT-001,文档按旧实现（per-worker 句柄无锁）写，实现已把所有 cfitsio 读串行化，未回写,改写 :295/:387 为「I/O 段经 g_aio_mu 全局串行」，或实现改为每 worker 独立句柄不共享,文档陈述与 sampler.cpp 锁语义一致；N-worker 数值一致性测试仍绿,-,-
M4-F-06,测试断言依赖 p2_session 日志串，而生产节点链自述不调用 p2_session_run,FIXED,"grep -rn ""stage coverage ok"" lib/ [rc=0]→lib/infrastructure/scheduler/src/module_adapters.cpp:3524 与 :3672 由生产 IR 节点输出实测 stderr 证据（注释 RESCUE-FD-08 恢复观测链，数值来自真实 p2_coverage_build/p2_sample_controls_cached 结果）／lib/phase2_session/p2_session.cpp:148/:177",RT-001,-,-,-,修复证据：生产节点链已产出同名 stage 证据串，测试断言对象可达,p2_session 仍为 ARCH-001 §1 DEFERRED 目录（不迁移待删）
M5a-C-002,FROZEN 架构文档称 sampler 串行，实现已是 std::thread 池,OPEN,"grep -n 串行 docs/architecture/THREADING_MODEL.md [rc=0]→:21 Phase2 sampler：…串行（hotfix 后无任何 OpenMP parallel region）…79 PASS identical；grep -n -e ""生产默认 N-worker 并行"" -e ""std::vector<std::thread> pool"" lib/algorithms/coverage/src/sampler.cpp [rc=0]→:900/:908",RT-001,文档冻结在 hotfix 时点，实现后续改 std::thread 池未回写,THREADING_MODEL.md:21 改写为 std::thread 池（N-worker，OpenMP 条件已移除），并同步 EXECUTION_MODEL,文档与 sampler.cpp 并行实现一致；1 vs N worker 确定性测试仍绿,-,-
M5a-D-002,实现/检查器注释堆积任务号与控制包章节；活动 ARCH 文档写提交哈希与历史 PASS 计数,OPEN,"grep -n HOSTFIX tools/arch/check_thread_budget.py [rc=0]→:89 (HOSTFIX-23③ 同型根因)；grep -n af763de docs/architecture/THREADING_MODEL.md [rc=0]→:21 af763de 已移除…（79 PASS identical）；grep -c -E ""MON-00[0-9]"" lib/infrastructure/cli/commands.cpp [rc=0]→26；grep -n ""MON-002 阈值"" lib/infrastructure/cli/resource_gate.h [rc=1]→0（该处已清）",RT-001,RQS 任务号/提交哈希/历史计数留存在实现注释与活动架构文档,注释改机制描述（去任务号/章节号/哈希/PASS 计数），历史信息归 reports/ 或控制包归档,CHK-STALE-DOC 及 ENGINEERING_SPEC §2 类检查对 lib/ tools/ docs/architecture 的任务号与哈希零命中,-,-
M5a-E-001,THREAD_BUDGET_ARCH.md:32 断言「旧锚点全部有效」，drizzle/upm 行锚已全部失效,OPEN,"awk 'NR==1662||NR==1751||NR==1834||NR==1843' lib/algorithms/drizzle/healpix_drizzle/drizzle_engine.cpp [rc=0]→四行全空；grep -n ""reduction(+"" 同文件 [rc=0]→唯一 :2098；awk 'NR==495' lib/algorithms/coverage/src/upm.cpp [rc=0]→空行（compute_raw 现 :520）；ls 工程控制/schemas/stage2.schema.json [rc=2]→不存在",RT-001,ARCH-001 迁移与后续重构改了行号/文件，文档行锚未随更新，且引用已由 §0 下链的旧文档,行锚改符号锚（函数名/常量名）；删除或补 工程控制/schemas 悬空引用,CHK-DANGLING/CHK-SCI-REF 对文档行锚与路径引用零悬空,-,本行只判文档锚，不重复 GAP-019 计量
M5a-G-005,线程预算检查器只扫 lib/、正则不匹配 std::vector<std::thread>、行级 watchdog 豁免,FIXED,"sed -n '1,25p' tools/arch/check_thread_budget.py [rc=0]→:19-25 SCAN_ROOTS=lib,providers,cli,runtime,include；:109-116 PATTERNS 含 thread_pool(std::vector\s*<\s*std::thread\s*>)；docstring:9-10 行级 watchdog 豁免已删除改路径级登记",RT-001,-,-,-,修复证据：扫描面/PATTERNS/豁免口三项均已整改（docstring 明示 closing 对应 M5a-G-005）,SCAN_ROOTS 中 cli/runtime 顶层目录已随 ARCH-001 不存在（os.path.isdir 跳过），lib 递归覆盖 lib/infrastructure/cli
M5a-G-006,ExecutionOptions 默认取机器总核、ac_api 进程级 omp_set_num_threads，OpenMP 组队与 Runtime 租约互不相干,OPEN,"grep -n hardware_concurrency lib/algorithms/coverage/include/astro/phase2/execution_options.h [rc=0]→:16 cpu_workers=0 => max(1,hardware_concurrency)／:24 const unsigned hc = std::thread::hardware_concurrency()；grep -n omp_set_num_threads lib/algorithms/calibration/src/ac_api.cpp [rc=0]→:130；timeout 25 grep -rn ""#pragma omp parallel"" lib --include=*.cpp | wc -l [rc=0]→106",RT-001,两套并行入口（OpenMP ICV + ThreadLease）无统一预算源,OpenMP 线程数改由 Runtime 预算/profile 注入（或 host 统一设置 OMP_NUM_THREADS 并登记）,ENGINEERING_SPEC §10 单预算源检查（OpenMP 与租约同源）能红能绿,-,-
M5a-G-007,三个遗留 target 的 -fopenmp 仅 UNIX 生效；p1_dpsf/sdet 反依赖测试子图的 OpenMP imported target,OPEN,"sed -n '96,98p' CMakeLists.txt [rc=0]→if(UNIX) find_package(OpenMP QUIET) endif()；grep -n ""OpenMP::OpenMP_CXX"" CMakeLists.txt [rc=0]→:581 astrocs_p1_dpsf、:594 astrocs_p1_sdet 无条件链接；:371/:409/:460/:532/:545 位于 if(UNIX AND OpenMP_CXX_FOUND) 内；grep -n ""find_package(OpenMP"" tests/unit/CMakeLists.txt [rc=0]→:124/:437/:866",RT-001,MSVC 生产构建不探测 OpenMP，遗留 target 静默串行；OpenMP imported target 依赖测试子图,Windows 侧启用 OpenMP（MSVC /openmp）或为 Windows 提供串行等价实现并登记；find_package(OpenMP) 移入产品图,双平台构建 OpenMP 可用性一致（或显式登记降级）；CHK-BUILD-WIN 覆盖,-,-
M8-C-001,THREAD_BUDGET_ARCH §4 仍把 sampler 列为串行锚并称旧锚点全部有效，反证于 sampler 实现,OPEN,"grep -n ""sampler 串行"" docs/architecture/THREAD_BUDGET_ARCH.md [rc=0]→:32 浮点归约顺序冻结(旧 THREADING_MODEL.md §确定性锚点全部有效: upm.cpp:495/sampler 串行/drizzle_engine.cpp:1662,1751,1834,1843)；grep -n -e ""生产默认 N-worker 并行"" -e ""std::vector<std::thread> pool"" lib/algorithms/coverage/src/sampler.cpp [rc=0]→:900/:908",RT-001,同一文档族声明「旧锚点保留有效」，行锚与串行结论均已失效,§4 改符号锚并按现树改写 sampler 并行事实,文档锚点全部命中真实符号；THREAD 类检查能红,-,-
M8-F-012,「逐位一致」退化为 1/997 抽样和；产品 drizzle threadTiles 归约未被该测试执行,OPEN,"grep -n -e ""i+=997"" -e ""def test_02"" tests/backend/test_drizzle_parallel.py [rc=0]→:48 double chk=0; for(uint32_t i=0;i<N;i+=997) chk+=out[i]; ／:92 test_02_bitwise_deterministic_across_budget（docstring 承诺逐位一致）；grep -n baseline_kernels 同文件 [rc=0]→:17 include ""baseline_kernels.h""（provider 演示内核）",RT-001,被测对象是演示内核且只比抽样和，产品 drizzle 归约顺序未被覆盖,对产品 drizzle_engine::threadTiles 做 1 vs N worker 全量逐位对比（或显式登记降级）,产品归约路径的跨 budget 逐位一致测试能红,-,-
V1-N-11,逐源 SNR 聚合单线程长计算（旧宪章§17.6/§10.5）,FIXED,"grep -n ""pragma omp parallel"" lib/algorithms/noise_snr/wrapper_phase1/snr_frame_science.cpp [rc=0]→:112 #pragma omp parallel for schedule(dynamic, 1)；grep -n -B3 -A5 astrocs_phase1_noise CMakeLists.txt [rc=0]→:521-534 target 与 if(UNIX AND OpenMP_CXX_FOUND) 链接 OpenMP",RT-001,-,-,-,修复证据：逐源循环已并行且 CMake 接线在位，原「单线程长计算」前提消失,残余 Windows 侧仅 UNIX 分支链接 → 归 M5a-G-007
V14-N-06,三注册面（descriptor/registry/文档）宣称 cpu_heavy+parallel，实现体零并行轴,OPEN,"python3 -c 统计 p3_op_properties/p3_op_wcs 体（module_adapters.cpp 行 5398-5500）[rc=0]→omp: 0 std::thread: 0 for(: 0；grep -n -e execution_class -e parallel_ok lib/infrastructure/scheduler/src/module_adapters.cpp [rc=0]→:627/:628、:646/:647 d.execution_class=""cpu_heavy""; d.parallel_ok=true",RT-001,元数据与实现脱钩，heavy 租约被单发 JSON 读写节点占用,按实现实际把两节点降为 metadata/io 类，或为 wcs/properties 引入真实并行轴,descriptor.execution_class/parallel_ok 与实现并行轴一致（机器检查）,-,行号随重构漂移（台账 5391-5489 → 现 5398-5499）
V15-N-05,断言只断头文件声明文本，实现写死 <<9/512*512*4 仍全绿,FIXED,"sed -n '495,510p' tests/runtime/test_rt005_plan_estimator.py [rc=0]→新增 test_impl_binds_frozen_constants（docstring 点名 V15-N-05）：assertNotIn(""512u * 512u""/""512 * 512 * 4"") + assertIn(kHipsTileWidthPx/kHipsTileF32Bytes/kHipsMaxOrder) 于实现源",RT-001,-,-,-,修复证据：新增根因面测试，实现复制常数展开式即红,:466 test_frozen_constants_pinned 文本断言仍在（保留为头文件声明钉）
V15-N-06,正则交替集与 _KNOWN_KERNELS 同集故 assertIn 恒真；backend_table.inc 从未被读取,FIXED,"sed -n '474,494p' tests/runtime/test_rt005_plan_estimator.py [rc=0]→新增 test_kernel_whitelist_matches_backend_table 读 backend_table.inc 解析 kernel id 并 assertEqual(_KNOWN_KERNELS, ids)；test_kernel_ids_authoritative 增 assertTrue(hits, 断言空转即 FAIL)",RT-001,-,-,-,修复证据：权威 .inc 成为被读取对象且集合不等即红,-
V20-N-02,hips plan 硬写字面量 min/max_workers=1 且租约恒 acquire(1)，注释「仅作回显」不实,OPEN,"grep -n -e min_workers -e max_workers -e ""acquire(ex->user_data"" lib/algorithms/drizzle/hips/src/module_entry.cpp [rc=0]→:307 uint32_t max_workers; /* 0 = 无 config 上限 (事务恒串行, 仅作回显) */ ／:668 ""\""min_workers\"":1,\""max_workers\"":1,"" ／:846 ex->acquire(ex->user_data, 1)",RT-001,plan 用字面量且租约不随配置变，plan 与实际租约脱钩,plan 的 min/max_workers 由注册表/配置解析结果写入，租约按实际宽度申请（或注释与键显式退役）,用户设 workers=4 时 plan 回显 4 且租约申请一致,-,六模块解析/四模块 want 收缩复核不变
V20-N-09,结构体字段只写不读成簇（cancel_active 1 声明 3 写 0 读；P3nGeom 2 字段 2 写 0 读）,OPEN,"grep -n cancel_active lib/infrastructure/gaia_xpsd_client/src/module_entry.c [rc=0]→:443 声明、:650/:666/:730 三处赋值，无读取点；sed -n '5300,5320p' lib/infrastructure/scheduler/src/module_adapters.cpp [rc=0]→:5312 g->frame=… ／:5313 g->coverage_output=…；grep -rn -e ""->frame"" -e ""->coverage_output"" module_adapters.cpp（排除 g->）[rc=1]→0 读取",RT-001,取消通道/几何字段无消费端，观测与配置面残留,接线消费端（取消检查/投影消费）或删除字段并登记退役,每个字段有读点或显式退役登记（静态检查）,-,取消通道断线另见 W3-R2-002
V21-N-17,内存回压分支永不进入（生产构造不传 memory_limit_bytes、节点内存估算恒 0）,OPEN,"grep -n -e ""make_unique<Scheduler>"" -e estimated_memory_bytes lib/infrastructure/scheduler/src/runtime.cpp [rc=0]→:96 scheduler_ = std::make_unique<Scheduler>(budget_, budget_)（第三参缺省）／:121 spec.estimated_memory_bytes = 0；grep -n -A2 ""Scheduler(uint32_t"" include/astrocs/core/scheduler.h [rc=0]→:46-47 memory_limit_bytes = 0；grep -n memory_limit_bytes_ lib/infrastructure/scheduler/src/scheduler.cpp [rc=0]→:172 if (memory_limit_bytes_ > 0 && active.load() > 0)",RT-001,上限与估算均缺省，回压代码不可达,由 cpu_profile/配置注入 memory_limit_bytes 并填 estimated_memory_bytes,超预算注入下门能红（阻断后续 heavy 调度）,-,站点已随 ARCH-001 由 runtime/runtime.cpp 迁至 lib/infrastructure/scheduler/src/runtime.cpp
W1-N-10,p1drz 输出序规范化零守护（probe 写 .order，两把锁只比 .norm.hiss/.canon）,OPEN,"grep -n ""std::string order"" lib/algorithms/drizzle/healpix_drizzle/tests/p1drz/p1drz_thread_probe.cpp [rc=0]→:110 std::string order = std::string(prefix) + "".order"";；grep -c ""\.order"" 两把锁脚本 [rc=1]→p1drz_merge_pipeline_lock.sh:0、p1drz_taskset_invariance.sh:0",RT-001,顺序产物无比较器，锁只覆盖数值产物,两把锁加入 .order 逐字节比较（或 probe 输出序纳入判定）,打乱 tile 写顺序时 merge/taskset 锁能红,-,p1drz/CMakeLists.txt:95/103 注册两把锁
W3-R2-002,host 取消通道断线（set_cancel 零调用）⇒ 模块级 is_cancelled 永不为真,OPEN,"timeout 30 grep -rn astrocs_host_state_set_cancel lib/ tools/ tests/ [rc=0]→仅 lib/infrastructure/benchmark/backend_host/host_services.cpp:128 定义，零调用点；grep -n ""cancel->is_cancelled"" lib/algorithms/calibration/src/module_entry.cpp [rc=0]→:923-924（cosmetic:741、drizzle:1269、noise_snr:908 同形）",RT-001,host 取消注入面未接线，DESIGN §6.3 协作取消对经 host 的模块不可达,Runtime/CLI 在取消时调用 host set_cancel（并统一 gaia 第二套通道）,Ctrl-C 后模块取消点被触发并 exit 9（能红）,-,原判据第二腿（resample 无取消检查）已被 RunContext 取消安全点补上，不再作依据
W3-R2-004,p1_session 全局改写 OpenMP ICV 无保存/恢复；登记锚仍写漂移前行号,OPEN,"sed -n '255,262p' lib/phase1_session/p1_session.cpp [rc=0]→// 线程预算注入( 迁移整改点): worker 数=预算快照, 禁硬编码 ／ ac_set_num_threads(static_cast<int>(s->host->budget.max_workers));；grep -n ""p1_session.cpp:162-165"" docs/contracts/PUBLIC_API.md [rc=0]→:687 锚仍为 162-165（现调用点 :260）；grep -n omp_set_num_threads lib/algorithms/calibration/src/ac_api.cpp [rc=0]→:130 进程级改写",RT-001,进程级 ICV 改写无作用域恢复；登记锚未随行号更新,改用 ScopedOmpWorkerInjection（同仓 module_adapters.cpp:240-262 已有）或保存/恢复 ICV；订正登记锚,并发调用/嵌套 run 下线程预算不泄漏（能红）,-,合规实现 ScopedOmpWorkerInjection 与 drizzle save/restore 仍在但未迁移到该点
W3-R2-008,executor.cpp 头注称「全仓唯一池、scheduler 不再自建」，scheduler.cpp 仍每 run 造 budget_ 线程,OPEN,"sed -n '15,25p' lib/infrastructure/scheduler/src/executor.cpp [rc=0]→// 无私有池：本文件是全仓唯一 executor 池实现；worker 只在本文件创建，scheduler 不再自建 std::thread 池（RT-004 消灭 per-run 池）；grep -n ""std::vector<std::thread> pool"" lib/infrastructure/scheduler/src/scheduler.cpp [rc=0]→:339",RT-001,注释与同树实现相反，per-run 池仍在（同 run 线程上界≈2×budget）,删除 scheduler per-run 池改走 executor，或订正注释并登记双池预算,同 run 线程数上界 ≤budget（能红）,-,-
W3-R2-011,async_io push/pop 只有无限 wait 谓词，无超时（五判据缺「超时」）,OPEN,"grep -n -e ""not_full_.wait"" -e ""not_empty_.wait"" -e wait_for lib/algorithms/coverage/include/astro/phase2/async_io.h [rc=0]→:46 not_full_.wait(lock, …) ／:58 not_empty_.wait(lock, …)；wait_for 0 命中",RT-001,队列无超时/错误传播返回面，消费者僵死则生产者永久阻塞,加 wait_for + 超时返回（或取消令牌接线）,消费者停摆时 push/pop 按超时返回错误（能红）,-,全仓生产链对该队列仍零接线
W3-R2-012,NodeSpec.max_workers 唯一消费点是 heavy 布尔；租约申请端全员按整份 host budget,OPEN,"grep -n max_workers lib/infrastructure/scheduler/src/scheduler.cpp [rc=0]→:233 budget_ > 0 && nit->second.max_workers >= budget_；grep -n ""acquire_lease(host_workers)"" lib/infrastructure/scheduler/src/module_adapters.cpp [rc=0]→:467/:4930/:5107/:6096",RT-001,申请量语义与节点自报 max_workers 脱钩,租约按节点声明宽度申请（或声明值参与 heavy 判定）,自报 1 的 writer 节点只申请 1（能红）,-,自报 1 的 writer 仍按整份预算申请并持有至 execute 返回
