[2026-07-28 12:13:15] ============================================================
[2026-07-28 12:13:15] P11-004 WCS 重投影诊断启动
[2026-07-28 12:13:15] 输出目录: f:\Astro dev\Astro CS Normalization Database
[2026-07-28 12:13:15] 脚本: f:\Astro dev\Astro CS Normalization Database\lib\plate_solve\python\visualize_reproject.py
[2026-07-28 12:13:15] 待处理帧数: 8
[2026-07-28 12:13:15] ============================================================
[2026-07-28 12:13:15] 
[2026-07-28 12:13:15] [1/8] T2_RED_LDN43
[2026-07-28 12:13:15]   源 FITS: f:\Astro dev\Astro CS Normalization Database\testdata\LDN43_T2素材_flying_dutchman\lights\LDN43_LRGBH_flying_dutchman-20250503@032713-1200S-Red.fts
[2026-07-28 12:13:15]   运行: python visualize_reproject.py --single --input f:\Astro dev\Astro CS Normalization Database\testdata\LDN43_T2素材_flying_dutchman\lights\LDN43_LRGBH_flying_dutchman-20250503@032713-1200S-Red.fts --output-dir f:\Astro dev\Astro CS Normalization Database --save-solved-fits
[2026-07-28 12:13:24]     
[2026-07-28 12:13:24]     ======================================================================
[2026-07-28 12:13:24]     初始化可视化环境
[2026-07-28 12:13:24]     ======================================================================
[2026-07-28 12:13:24]     [1/4] GaiaClient: F:\Astro dev\Astro CS Normalization Database\GaiaDR3SP (db_type=2)
[2026-07-28 12:13:24]     [2/4] StarDetector
[2026-07-28 12:13:24]     [2026-07-28 12:13:16][INFO][SDET] StarDetector created (fitRadius=0, fwhmClipSigma=3.0, maxAxisRatio=2.0)
[2026-07-28 12:13:24]     [3/4] IPVSolver
[2026-07-28 12:13:24]     [4/4] ImageReader
[2026-07-28 12:13:24]     [2026-07-28 12:13:16][INFO][FITS] Reading header only: f:\Astro dev\Astro CS Normalization Database\testdata\LDN43_T2素材_flying_dutchman\lights\LDN43_LRGBH_flying_dutchman-20250503@032713-1200S-Red.fts
[2026-07-28 12:13:24]     [2026-07-28 12:13:16][INFO][FITS] Reading header only: f:\Astro dev\Astro CS Normalization Database\testdata\LDN43_T2素材_flying_dutchman\lights\LDN43_LRGBH_flying_dutchman-20250503@032713-1200S-Red.fts
[2026-07-28 12:13:24]       图像: 4096x4096, FOV=1.10°, LDN43_LRGBH_flying_dutchman
[2026-07-28 12:13:24]     [2026-07-28 12:13:16][INFO][FITS] Reading: f:\Astro dev\Astro CS Normalization Database\testdata\LDN43_T2素材_flying_dutchman\lights\LDN43_LRGBH_flying_dutchman-20250503@032713-1200S-Red.fts
[2026-07-28 12:13:24]       指向: RA=248.6083°, Dec=-15.7597°, fl=1917.5mm, ps=9.0um
[2026-07-28 12:13:24]     [2026-07-28 12:13:16][INFO][FITS] Header: BITPIX=16 NAXIS=2 NAXIS1=4096 NAXIS2=4096 NAXIS3=0 BSCALE=1.0 BZERO=32768.0 keywords=119
[2026-07-28 12:13:24]     [2026-07-28 12:13:16][INFO][FITS] Applying BSCALE=1.000000 BZERO=32768.000000
[2026-07-28 12:13:24]     [2026-07-28 12:13:16][INFO][FITS] Read OK: 4096x4096 1ch BITPIX=16
[2026-07-28 12:13:24]     [2026-07-28 12:13:16][INFO][API] aio_read_fits: 0.034 s
[2026-07-28 12:13:24]       Plate solving...
[2026-07-28 12:13:24]     [2026-07-28 12:13:16][INFO] ==== IPVSolver::solve 开始 (V4.19 统一求解) ====
[2026-07-28 12:13:24]     [2026-07-28 12:13:16][INFO]   image_path=f:\Astro dev\Astro CS Normalization Database\testdata\LDN43_T2素材_flying_dutchman\lights\LDN43_LRGBH_flying_dutchman-20250503@032713-1200S-Red.fts
[2026-07-28 12:13:24]     [2026-07-28 12:13:16][INFO]   ra0=248.608333 deg, dec0=-15.759722 deg
[2026-07-28 12:13:24]     [2026-07-28 12:13:16][INFO]   focal_length=1917.500 mm, pixel_size=9.000 um
[2026-07-28 12:13:24]     [2026-07-28 12:13:16][INFO]   gaia_handle=1339208319120, detector_handle=1338271131584
[2026-07-28 12:13:24]     [2026-07-28 12:13:16][INFO] === ipv_select 启动 ===
[2026-07-28 12:13:24]     [2026-07-28 12:13:16][INFO] ipv_select: 依赖 DLL 全部加载成功
[2026-07-28 12:13:24]     [2026-07-28 12:13:16][INFO] Step 1: 读取图像 f:\Astro dev\Astro CS Normalization Database\testdata\LDN43_T2素材_flying_dutchman\lights\LDN43_LRGBH_flying_dutchman-20250503@032713-1200S-Red.fts
[2026-07-28 12:13:24]     [2026-07-28 12:13:16][INFO][FITS] Reading: f:\Astro dev\Astro CS Normalization Database\testdata\LDN43_T2素材_flying_dutchman\lights\LDN43_LRGBH_flying_dutchman-20250503@032713-1200S-Red.fts
[2026-07-28 12:13:24]     [2026-07-28 12:13:16][INFO][FITS] Header: BITPIX=16 NAXIS=2 NAXIS1=4096 NAXIS2=4096 NAXIS3=0 BSCALE=1.0 BZERO=32768.0 keywords=119
[2026-07-28 12:13:24]     [2026-07-28 12:13:16][INFO][FITS] Applying BSCALE=1.000000 BZERO=32768.000000
[2026-07-28 12:13:24]     [2026-07-28 12:13:16][INFO][FITS] Read OK: 4096x4096 1ch BITPIX=16
[2026-07-28 12:13:24]     [2026-07-28 12:13:16][INFO][API] aio_read_fits: 0.038 s
[2026-07-28 12:13:24]     [2026-07-28 12:13:16][INFO]   图像尺寸: 4096×4096
[2026-07-28 12:13:24]     [2026-07-28 12:13:16][INFO] Step 2: 星点检测
[2026-07-28 12:13:24]     [2026-07-28 12:13:16][INFO][SDET] sdet_detect_ex start: 4096x4096
[2026-07-28 12:13:24]     [2026-07-28 12:13:16][DEBUG][SDET] [1] uint16→float: 28.0 ms
[2026-07-28 12:13:24]     [2026-07-28 12:13:16][DEBUG][SDET] [2] Gaussian YvV smooth (sigma=2.0): 152.6 ms
[2026-07-28 12:13:24]     [2026-07-28 12:13:17][INFO][SDET] peaker: median=2308.0000 bgnoise=33.9392 threshold=2477.6960 (median+5*bgnoise)
[2026-07-28 12:13:24]     [2026-07-28 12:13:17][DEBUG][SDET] [3] Threshold: 337.6 ms
[2026-07-28 12:13:24]     [2026-07-28 12:13:17][INFO][SDET] peaker: bg=2308.0 maxi=65535.0 norm=65535.0 dynrange=63227.0 minsatlevel=44258.9 satrange=6322.7 s_factor=3.7169 locthreshold=169.6961
[2026-07-28 12:13:24]     [2026-07-28 12:13:17][DEBUG][SDET] [4] peaker: 35.2 ms (5475 candidates, full peaker 7-step)
[2026-07-28 12:13:24]     [2026-07-28 12:13:17][INFO][SDET] Candidates: 5475
[2026-07-28 12:13:24]     [2026-07-28 12:13:17][INFO][SDET] Peaker stages: pass_threshold=486626 pass_localmax=8486 pass_count3=6647 pass_boundary=6647 | cond_meanhigh=137 cond_platform=5977 sat_both=59 nonsat=6588
[2026-07-28 12:13:24]     [2026-07-28 12:13:17][INFO][SDET] Auto fitRadius: med_pixels=54 fwhm_est=3.61 auto_radius=10 actual=10
[2026-07-28 12:13:24]     [2026-07-28 12:13:17][INFO][SDET] Task6 candidates sorted by mag_est (desc): maxstars=2000 candidates=5475
[2026-07-28 12:13:24]     [2026-07-28 12:13:17][DEBUG][SDET] [6] Moffat4 fit: 368.3 ms (5398/5475 OK)
[2026-07-28 12:13:24]     [2026-07-28 12:13:17][INFO][SDET] Moffat4 fit: 5398/5475 OK
[2026-07-28 12:13:24]     [2026-07-28 12:13:17][INFO][SDET] === Fit statistics by pixel count ===
[2026-07-28 12:13:24]     [2026-07-28 12:13:17][INFO][SDET]   px[5-9]: total=121 ok=118(97.5%) invalid=0 noconv=3 iterlimit=0
[2026-07-28 12:13:24]     [2026-07-28 12:13:17][INFO][SDET]   px[10-19]: total=478 ok=470(98.3%) invalid=0 noconv=8 iterlimit=0
[2026-07-28 12:13:24]     [2026-07-28 12:13:17][INFO][SDET]   px[20-49]: total=1675 ok=1639(97.9%) invalid=0 noconv=36 iterlimit=0
[2026-07-28 12:13:24]     [2026-07-28 12:13:17][INFO][SDET]   px[50-99]: total=1612 ok=1596(99.0%) invalid=0 noconv=16 iterlimit=0
[2026-07-28 12:13:24]     [2026-07-28 12:13:17][INFO][SDET]   px[100-299]: total=1318 ok=1310(99.4%) invalid=0 noconv=8 iterlimit=0
[2026-07-28 12:13:24]     [2026-07-28 12:13:17][DEBUG][SDET] [7] FWHM stats: 0.5 ms (med=3.1565 mad=0.2723)
[2026-07-28 12:13:24]     [2026-07-28 12:13:17][INFO][SDET] FWHM stats: med=3.1565 mad=0.2723 (from 5398 fitted stars)
[2026-07-28 12:13:24]     [2026-07-28 12:13:17][DEBUG][SDET] [8] Build normal stars: 4.8 ms (4955 stars, fit_fail=77 fwhm=0 round=58 reject=385)
[2026-07-28 12:13:24]     [2026-07-28 12:13:17][INFO][SDET] Normal stars: 4955 (fit_fail=77 fwhm=0 roundness=58 reject=385)
[2026-07-28 12:13:24]     [2026-07-28 12:13:17][DEBUG][SDET] [9] Saturated star detection skipped (V4.52: use A>dynrange from peaker): 0.1 ms
[2026-07-28 12:13:24]     [2026-07-28 12:13:17][DEBUG][SDET] [10a] Dedup: 3.1 ms
[2026-07-28 12:13:24]     [2026-07-28 12:13:17][DEBUG][SDET] [10b] Sort: 0.5 ms
[2026-07-28 12:13:24]     [2026-07-28 12:13:17][INFO][SDET] After dedup+sort: 4955 stars (saturated=140 normal=4815)
[2026-07-28 12:13:24]     [2026-07-28 12:13:17][INFO][SDET] sdet_detect_ex done: 2000 stars (sat=140 normal=4815), 0.931 s
[2026-07-28 12:13:24]     [2026-07-28 12:13:17][INFO]   检测到星点: 2000 颗 (饱和 140, 正常 1860)
[2026-07-28 12:13:24]     [2026-07-28 12:13:17][INFO] Step 3: 图像侧选星
[2026-07-28 12:13:24]     [2026-07-28 12:13:17][INFO] 选星: 按 mag(box积分) 升序取前 60 颗 (含饱和 60 颗)
[2026-07-28 12:13:24]     [2026-07-28 12:13:17][INFO]   U 向量组: 60×2 (s0=0.9681"/px)
[2026-07-28 12:13:24]     [2026-07-28 12:13:17][INFO] Step 4: FOV/密度计算
[2026-07-28 12:13:24]     [2026-07-28 12:13:17][INFO] FOV计算: s0=0.9681"/px, FOV_diag=1.5578°, query_r=0.8568°, img_area=1.21333°², query_area=2.30614°², rho_img=49.45, rho_target=74.18, n_target=60
[2026-07-28 12:13:24]     [2026-07-28 12:13:17][INFO] Step 5: V4.9 密度公式估算极限星等 (替代迭代)
[2026-07-28 12:13:24]     [2026-07-28 12:13:17][INFO] 密度估算极限星等: G=11.051 (n_required=60, area=2.3061°², rho_target=26.02/°²)
[2026-07-28 12:13:24]     [2026-07-28 12:13:17][INFO] Step 6: 用 m_lim=11.051 查询 Gaia 星表
[2026-07-28 12:13:24]     [2026-07-28 12:13:17][WARN] V4.9 补救查询 1: Gaia 返回 36 < n_target=60, 放宽到 m=12.051
[2026-07-28 12:13:24]     [2026-07-28 12:13:17][INFO] Step 7: Gnomonic 投影 + FOV 过滤
[2026-07-28 12:13:24]     [2026-07-28 12:13:17][INFO]   W 向量组: 44×2 (FOV 内 44, 取最亮 44, gaia_ra/dec 已保存)
[2026-07-28 12:13:24]     [2026-07-28 12:13:17][INFO] === ipv_select 完成 ===
[2026-07-28 12:13:24]     [2026-07-28 12:13:17][INFO] === triangle_match 开始: N_U=60, N_W=44, n_A0=60, n_B0=60, tol=0.0020, s0=0.9681 ===
[2026-07-28 12:13:24]     [2026-07-28 12:13:17][INFO] triangle_match: stage=0 nA=60 nB=60 超过实际星数, 停止扩充
[2026-07-28 12:13:24]     [2026-07-28 12:13:17][INFO] triangle_match_single: n_A=60, n_B=44, tol=0.0020, s0=0.9681, scale=[0.8608,1.2912]
[2026-07-28 12:13:24]     [2026-07-28 12:13:17][DEBUG] stars_to_triangles: N=60, expected=34220, valid=34220, skipped_degenerate=0 (并行, 16 线程)
[2026-07-28 12:13:24]     [2026-07-28 12:13:17][DEBUG] stars_to_triangles: prune_triangle_array ba>0.9 剪枝: before=34220, after=24623, pruned=9597
[2026-07-28 12:13:24]     [2026-07-28 12:13:17][DEBUG] stars_to_triangles: N=44, expected=13244, valid=13244, skipped_degenerate=0 (并行, 16 线程)
[2026-07-28 12:13:24]     [2026-07-28 12:13:17][DEBUG] stars_to_triangles: prune_triangle_array ba>0.9 剪枝: before=13244, after=9418, pruned=3826
[2026-07-28 12:13:24]     [2026-07-28 12:13:17][INFO] make_vote_matrix: n_A=24623, n_B=9418, matched_triangles=17933, vote_matrix=60x44, scale_rejected=16444 (range=[0.8608,1.2912]) [并行 16 线程]
[2026-07-28 12:13:24]     [2026-07-28 12:13:17][INFO] top_vote_getters: 矩阵=60x44, 候选对数(vote>=2)=2616, top_n=60
[2026-07-28 12:13:24]     [2026-07-28 12:13:17][INFO] top_vote_getters: V4.25 去重后 top_pairs=44, 去重剔除=2572
[2026-07-28 12:13:24]     [2026-07-28 12:13:17][INFO]   [调试] top[0]: u=26 w=26, votes=612
[2026-07-28 12:13:24]     [2026-07-28 12:13:17][INFO]   [调试] top[1]: u=3 w=4, votes=596
[2026-07-28 12:13:24]     [2026-07-28 12:13:17][INFO]   [调试] top[2]: u=31 w=32, votes=593
[2026-07-28 12:13:24]     [2026-07-28 12:13:17][INFO]   [调试] top[3]: u=12 w=12, votes=591
[2026-07-28 12:13:24]     [2026-07-28 12:13:17][INFO]   [调试] top[4]: u=10 w=9, votes=585
[2026-07-28 12:13:24]     [2026-07-28 12:13:17][INFO]   [调试] top[5]: u=13 w=15, votes=582
[2026-07-28 12:13:24]     [2026-07-28 12:13:17][INFO]   [调试] top[6]: u=27 w=28, votes=569
[2026-07-28 12:13:24]     [2026-07-28 12:13:17][INFO]   [调试] top[7]: u=24 w=24, votes=566
[2026-07-28 12:13:24]     [2026-07-28 12:13:17][INFO]   [调试] top[8]: u=29 w=31, votes=563
[2026-07-28 12:13:24]     [2026-07-28 12:13:17][INFO]   [调试] top[9]: u=4 w=5, votes=562
[2026-07-28 12:13:24]     [2026-07-28 12:13:17][INFO] triangle_match_single 完成: tri_A=24623, tri_B=9418, vote_matrix=60x44, max_vote=612, 候选对数(vote>=2)=2616, top_pairs=44
[2026-07-28 12:13:24]     [2026-07-28 12:13:17][INFO] === triangle_match 结束: tri_A=24623, tri_B=9418, top_pairs=44, max_vote=612, success=1 ===
[2026-07-28 12:13:24]     [2026-07-28 12:13:17][INFO] [V4.22] n_target=60, max_vote=612, threshold=2
[2026-07-28 12:13:24]     [2026-07-28 12:13:17][INFO]   [阶段] triangle_match (n=60): 36.26 ms, max_vote=612, top_pairs=44, success=1
[2026-07-28 12:13:24]     [2026-07-28 12:13:17][INFO] [V4.22] max_vote=612 >= threshold=2, 停止扩充
[2026-07-28 12:13:24]     [2026-07-28 12:13:17][INFO]   [阶段] StarSelector+triangle_match (V4.22 自适应): 1047.99 ms, n_target_used=60
[2026-07-28 12:13:24]     [2026-07-28 12:13:17][INFO]   N_U=60, N_W=44, s0=0.9681 arcsec/px, img=4096x4096, fov_diag=1.5578 deg, n_target_used=60
[2026-07-28 12:13:24]     [2026-07-28 12:13:17][INFO] iter_trans_solve: U=60, W=44, initial_pairs=44, tol=5.00, order=3
[2026-07-28 12:13:24]     [2026-07-28 12:13:17][DEBUG] calc_trans_general: order=3, n_pairs=20, 拟合成功
[2026-07-28 12:13:24]     [2026-07-28 12:13:17][INFO] iter_trans_inner: 初始拟合完成, 初始工作集=20, order=3
[2026-07-28 12:13:24]     [2026-07-28 12:13:17][INFO]   [调试] 初始 TRANS: x00=4.4219 y00=2.1613, x10=0.011539 x01=-0.967033 y10=-0.966700 y01=-0.011618
[2026-07-28 12:13:24]     [2026-07-28 12:13:17][INFO]   [调试] 初始对[0]: u=26 w=26, U=(682.67,-304.72), W=(306.79,-654.10), pred=(306.83,-653.96), dist=0.1498" (dx=0.05 dy=0.14)
[2026-07-28 12:13:24]     [2026-07-28 12:13:17][INFO]   [调试] 初始对[1]: u=3 w=4, U=(-1743.55,680.76), W=(-671.15,1673.44), pred=(-671.28,1673.29), dist=0.2013" (dx=-0.13 dy=-0.16)
[2026-07-28 12:13:24]     [2026-07-28 12:13:17][INFO]   [调试] 初始对[2]: u=31 w=32, U=(816.94,330.01), W=(-305.05,-790.81), pred=(-305.05,-790.91), dist=0.0994" (dx=-0.00 dy=-0.10)
[2026-07-28 12:13:24]     [2026-07-28 12:13:17][INFO]   [调试] 初始对[3]: u=12 w=12, U=(-174.57,-1877.86), W=(1811.82,192.23), pred=(1811.55,191.97), dist=0.3714" (dx=-0.27 dy=-0.26)
[2026-07-28 12:13:24]     [2026-07-28 12:13:17][INFO]   [调试] 初始对[4]: u=10 w=9, U=(447.76,-736.93), W=(721.84,-421.67), pred=(721.71,-421.86), dist=0.2373" (dx=-0.14 dy=-0.19)
[2026-07-28 12:13:24]     [2026-07-28 12:13:17][INFO]   [调试] 初始对[5]: u=13 w=15, U=(1911.95,615.62), W=(-566.47,-1846.52), pred=(-566.38,-1846.43), dist=0.1301" (dx=0.09 dy=0.09)
[2026-07-28 12:13:24]     [2026-07-28 12:13:17][INFO] iter_trans_inner: V4.23 工作集扩展 20->44 (nr=nbright)
[2026-07-28 12:13:24]     [2026-07-28 12:13:17][DEBUG] iter 0: 绝对剔除 nr=44→42, nb=2
[2026-07-28 12:13:24]     [2026-07-28 12:13:17][DEBUG] iter 0: sigma(35%)=0.011937 角秒²
[2026-07-28 12:13:24]     [2026-07-28 12:13:17][DEBUG] iter 0: 相对剔除 nr=32, nb=12, rel_thresh=0.119371
[2026-07-28 12:13:24]     [2026-07-28 12:13:17][DEBUG] calc_trans_general: order=3, n_pairs=32, 拟合成功
[2026-07-28 12:13:24]     [2026-07-28 12:13:17][INFO] iter_trans_inner: 完成, nr=32, sig=0.0128, rms=0.1135, iters=1, success=1
[2026-07-28 12:13:24]     [2026-07-28 12:13:17][INFO] iter_trans_solve: 第一轮 iter_trans 成功, inliers=32, rms=0.1135
[2026-07-28 12:13:24]     [2026-07-28 12:13:17][INFO] at_match_lists: U=60, W=44, tol=5.00", U→W单向=42, W→U单向=42, 双向=42, 去重后=42
[2026-07-28 12:13:24]     [2026-07-28 12:13:17][DEBUG] calc_trans_general: order=3, n_pairs=42, 拟合成功
[2026-07-28 12:13:24]     [2026-07-28 12:13:17][INFO] at_recalc_trans: 二轮 sigma-clip (thresh=0.663", 剔除=3, 保留=39)
[2026-07-28 12:13:24]     [2026-07-28 12:13:17][DEBUG] calc_trans_general: order=3, n_pairs=39, 拟合成功
[2026-07-28 12:13:24]     [2026-07-28 12:13:17][INFO] at_recalc_trans: 二轮完成, n=39, sig=0.0266, sx=0.1162, sy=0.1174, rms=0.1818
[2026-07-28 12:13:24]     [2026-07-28 12:13:17][INFO] at_recalc_trans: n=39, order=3, sig=0.0266, sx=0.1162, sy=0.1174, rms=0.1818
[2026-07-28 12:13:24]     [2026-07-28 12:13:17][INFO] iter_trans_solve: 第一轮 refit 成功, inliers=39, rms=0.1818
[2026-07-28 12:13:24]     [2026-07-28 12:13:17][INFO] at_match_lists: U=60, W=44, tol=5.00", U→W单向=42, W→U单向=42, 双向=42, 去重后=42
[2026-07-28 12:13:24]     [2026-07-28 12:13:17][DEBUG] calc_trans_general: order=3, n_pairs=42, 拟合成功
[2026-07-28 12:13:24]     [2026-07-28 12:13:17][INFO] at_recalc_trans: 二轮 sigma-clip (thresh=0.663", 剔除=3, 保留=39)
[2026-07-28 12:13:24]     [2026-07-28 12:13:17][DEBUG] calc_trans_general: order=3, n_pairs=39, 拟合成功
[2026-07-28 12:13:24]     [2026-07-28 12:13:17][INFO] at_recalc_trans: 二轮完成, n=39, sig=0.0266, sx=0.1162, sy=0.1174, rms=0.1818
[2026-07-28 12:13:24]     [2026-07-28 12:13:17][INFO] at_recalc_trans: n=39, order=3, sig=0.0266, sx=0.1162, sy=0.1174, rms=0.1818
[2026-07-28 12:13:24]     [2026-07-28 12:13:17][INFO] iter_trans_solve: 第二轮 refit 成功, inliers=39, rms=0.1818
[2026-07-28 12:13:24]     [2026-07-28 12:13:17][INFO]   [诊断] it_result 检查: n_inliers=39, inliers.size=39, rms=0.1818, n_iterations=3, success=1, trans.order=3, trans.valid=1
[2026-07-28 12:13:24]     [2026-07-28 12:13:17][INFO]   [诊断] it_result.trans: x00=4.5529 y00=2.0871 x10=0.011443 x01=-0.966858 y10=-0.966775 y01=-0.011748
[2026-07-28 12:13:24]     [2026-07-28 12:13:17][INFO]   [诊断] it_result.inliers 前5对:
[2026-07-28 12:13:24]     [2026-07-28 12:13:17][INFO]     inliers[0]: u=1 w=1
[2026-07-28 12:13:24]     [2026-07-28 12:13:17][INFO]     inliers[1]: u=2 w=3
[2026-07-28 12:13:24]     [2026-07-28 12:13:17][INFO]     inliers[2]: u=3 w=4
[2026-07-28 12:13:24]     [2026-07-28 12:13:17][INFO]     inliers[3]: u=4 w=5
[2026-07-28 12:13:24]     [2026-07-28 12:13:17][INFO]     inliers[4]: u=5 w=6
[2026-07-28 12:13:24]     [2026-07-28 12:13:17][INFO]   [诊断] 准备打印阶段耗时日志...
[2026-07-28 12:13:24]     [2026-07-28 12:13:17][INFO]   [阶段] iter_trans_solve: 0.25 ms, n_inliers=39, rms=0.1818, iters=3, success=1
[2026-07-28 12:13:24]     [2026-07-28 12:13:17][INFO]   iter_trans TRANS: order=3, x00=4.5529 y00=2.0871 (px), x10=0.011443 x01=-0.966858 y10=-0.966775 y01=-0.011748
[2026-07-28 12:13:24]     [2026-07-28 12:13:17][INFO]   [诊断] 准备调用 iterative_reproject...
[2026-07-28 12:13:24]     [2026-07-28 12:13:17][INFO]   [诊断] iterative_reproject 入口: U.size=60, gaia_ra.size=44, gaia_dec.size=44, initial_inliers.size=39, s0=0.9681, img=4096x4096
[2026-07-28 12:13:24]     [2026-07-28 12:13:17][INFO] iterative_reproject: 开始 (N_W=44, n_inliers=39, s0=0.9681"/px, max_iter=5, conv_thresh=0.0100")
[2026-07-28 12:13:24]     [2026-07-28 12:13:17][INFO]   iter 0: ra_cur=248.608333 dec_cur=-15.759722, xi_center=4.5529" eta_center=2.0871", conv=5.0085" (thresh=0.0100")
[2026-07-28 12:13:24]     [2026-07-28 12:13:17][INFO]   iter 0: 新中心 ra=248.609647 dec=-15.759142 (Δra=0.001314° Δdec=0.000580°)
[2026-07-28 12:13:24]     [2026-07-28 12:13:17][DEBUG] calc_trans_general: order=3, n_pairs=39, 拟合成功
[2026-07-28 12:13:24]     [2026-07-28 12:13:17][INFO] at_recalc_trans: 二轮 sigma-clip (thresh=0.490", 剔除=1, 保留=38)
[2026-07-28 12:13:24]     [2026-07-28 12:13:17][DEBUG] calc_trans_general: order=3, n_pairs=38, 拟合成功
[2026-07-28 12:13:24]     [2026-07-28 12:13:17][INFO] at_recalc_trans: 二轮完成, n=38, sig=0.0270, sx=0.1154, sy=0.1128, rms=0.1614
[2026-07-28 12:13:24]     [2026-07-28 12:13:17][INFO] at_recalc_trans: n=38, order=3, sig=0.0270, sx=0.1154, sy=0.1128, rms=0.1614
[2026-07-28 12:13:24]     [2026-07-28 12:13:17][INFO]   iter 0: at_recalc_trans 成功, n=38, sig=0.0270, rms=0.1614, x00=-0.0035 y00=0.0128 (asec)
[2026-07-28 12:13:24]     [2026-07-28 12:13:17][INFO]   iter 1: ra_cur=248.609647 dec_cur=-15.759142, xi_center=-0.0035" eta_center=0.0128", conv=0.0133" (thresh=0.0100")
[2026-07-28 12:13:24]     [2026-07-28 12:13:17][INFO]   iter 1: 新中心 ra=248.609646 dec=-15.759139 (Δra=-0.000001° Δdec=0.000004°)
[2026-07-28 12:13:24]     [2026-07-28 12:13:17][DEBUG] calc_trans_general: order=3, n_pairs=39, 拟合成功
[2026-07-28 12:13:24]     [2026-07-28 12:13:17][INFO] at_recalc_trans: 二轮 sigma-clip (thresh=0.490", 剔除=1, 保留=38)
[2026-07-28 12:13:24]     [2026-07-28 12:13:17][DEBUG] calc_trans_general: order=3, n_pairs=38, 拟合成功
[2026-07-28 12:13:24]     [2026-07-28 12:13:17][INFO] at_recalc_trans: 二轮完成, n=38, sig=0.0270, sx=0.1154, sy=0.1128, rms=0.1614
[2026-07-28 12:13:24]     [2026-07-28 12:13:17][INFO] at_recalc_trans: n=38, order=3, sig=0.0270, sx=0.1154, sy=0.1128, rms=0.1614
[2026-07-28 12:13:24]     [2026-07-28 12:13:17][INFO]   iter 1: at_recalc_trans 成功, n=38, sig=0.0270, rms=0.1614, x00=0.0000 y00=-0.0000 (asec)
[2026-07-28 12:13:24]     [2026-07-28 12:13:17][INFO]   iter 2: 收敛 (TRANS 常数项 = 0.0000" < 0.0100")
[2026-07-28 12:13:24]     [2026-07-28 12:13:17][INFO] iterative_reproject: 完成 (收敛), ra=248.608333→248.609646 dec=-15.759722→-15.759139, n_matched=39 (固定), iters=2, conv=0.0000"
[2026-07-28 12:13:24]     [2026-07-28 12:13:17][INFO]   [诊断] iterative_reproject 返回: success=1, n_matched=39, n_iterations=2, convergence=0.0000, ra0=248.609646, dec0=-15.759139, matched.size=39, trans.order=3
[2026-07-28 12:13:24]     [2026-07-28 12:13:17][INFO]   [阶段] iterative_reproject: 0.86 ms, success=1, ra=248.608333→248.609646, dec=-15.759722→-15.759139, n_matched=39, iters=2, conv=0.0000"
[2026-07-28 12:13:24]     [2026-07-28 12:13:17][INFO] at_match_lists: U=60, W=44, tol=5.00", U→W单向=42, W→U单向=42, 双向=42, 去重后=42
[2026-07-28 12:13:24]     [2026-07-28 12:13:17][INFO]   [阶段] hi_order_rematch iter 0: n_matched=42 (min=10, order=3)
[2026-07-28 12:13:24]     [2026-07-28 12:13:17][DEBUG] calc_trans_general: order=3, n_pairs=42, 拟合成功
[2026-07-28 12:13:24]     [2026-07-28 12:13:17][INFO] at_recalc_trans: 二轮 sigma-clip (thresh=0.663", 剔除=3, 保留=39)
[2026-07-28 12:13:24]     [2026-07-28 12:13:17][DEBUG] calc_trans_general: order=3, n_pairs=39, 拟合成功
[2026-07-28 12:13:24]     [2026-07-28 12:13:17][INFO] at_recalc_trans: 二轮完成, n=39, sig=0.0266, sx=0.1162, sy=0.1174, rms=0.1818
[2026-07-28 12:13:24]     [2026-07-28 12:13:17][INFO] at_recalc_trans: n=39, order=3, sig=0.0266, sx=0.1162, sy=0.1174, rms=0.1818
[2026-07-28 12:13:24]     [2026-07-28 12:13:17][INFO] at_match_lists: U=60, W=44, tol=5.00", U→W单向=42, W→U单向=42, 双向=42, 去重后=42
[2026-07-28 12:13:24]     [2026-07-28 12:13:17][DEBUG] calc_trans_general: order=3, n_pairs=42, 拟合成功
[2026-07-28 12:13:24]     [2026-07-28 12:13:17][INFO] at_recalc_trans: 二轮 sigma-clip (thresh=0.663", 剔除=3, 保留=39)
[2026-07-28 12:13:24]     [2026-07-28 12:13:17][DEBUG] calc_trans_general: order=3, n_pairs=39, 拟合成功
[2026-07-28 12:13:24]     [2026-07-28 12:13:17][INFO] at_recalc_trans: 二轮完成, n=39, sig=0.0266, sx=0.1162, sy=0.1174, rms=0.1818
[2026-07-28 12:13:24]     [2026-07-28 12:13:17][INFO] at_recalc_trans: n=39, order=3, sig=0.0266, sx=0.1162, sy=0.1174, rms=0.1818
[2026-07-28 12:13:24]     [2026-07-28 12:13:17][INFO]   [阶段] hi_order_rematch iter 1: 收敛 (dn=0, drms=0.0000)
[2026-07-28 12:13:24]     [2026-07-28 12:13:17][INFO]   [阶段] hi_order_rematch: 0.11 ms, n_matched=42, trans.order=3
[2026-07-28 12:13:24]     [2026-07-28 12:13:17][INFO] ==== robust_refine_wcs 开始 (V4.30) ====
[2026-07-28 12:13:24]       U_full=2000, mag_full=2000, gaia=44
[2026-07-28 12:13:24]       ra0=248.609646, dec0=-15.759139, s0=0.9681"/px, fov=1.5578°, img=4096x4096
[2026-07-28 12:13:24]       initial_rms=0.0266", trans.order=3
[2026-07-28 12:13:24]     [2026-07-28 12:13:17][INFO]   [robust_refine] 网格采样: FOV=1.558°, G_short=3, N_long=3, n_cells=9, quota=20, narrow_all=0, N_full=2000
[2026-07-28 12:13:24]     [2026-07-28 12:13:17][INFO]   [robust_refine] 网格采样完成: 选中 180 颗 (上限 300, 下限 100)
[2026-07-28 12:13:24]     [2026-07-28 12:13:17][INFO]   [robust_refine] NN 匹配: U=180, W=44, tol=1.000", Lowe通过=42, 双向=42
[2026-07-28 12:13:24]     [2026-07-28 12:13:17][INFO]   [robust_refine] baseline: initial_rms=0.0266" (60星), U_pool RMS=0.2679" (180 星, matched=42)
[2026-07-28 12:13:24]     [2026-07-28 12:13:17][INFO]   [robust_refine] NN 匹配: U=180, W=44, tol=1.000", Lowe通过=42, 双向=42
[2026-07-28 12:13:24]     [2026-07-28 12:13:17][INFO]   [robust_refine] 空间一致性: 3/42 可疑 (K=8, σ=0.117")
[2026-07-28 12:13:24]     [2026-07-28 12:13:17][INFO]   [robust_refine] iter 0: tol=1.000", matched=42, rms=0.2679"→0.2713", cd_Δ=0.1899%, damp=0.00e+00
[2026-07-28 12:13:24]     [2026-07-28 12:13:17][INFO]   [robust_refine] NN 匹配: U=180, W=44, tol=0.500", Lowe通过=38, 双向=38
[2026-07-28 12:13:24]     [2026-07-28 12:13:17][INFO]   [robust_refine] iter 1: tol=0.500", matched=38, rms=0.2713"→0.1456", cd_Δ=0.1529%, damp=0.00e+00
[2026-07-28 12:13:24]     [2026-07-28 12:13:17][INFO]   [robust_refine] NN 匹配: U=180, W=44, tol=0.500", Lowe通过=38, 双向=38
[2026-07-28 12:13:24]     [2026-07-28 12:13:17][INFO]   [robust_refine] 空间一致性: 1/38 可疑 (K=8, σ=0.121")
[2026-07-28 12:13:24]     [2026-07-28 12:13:17][INFO]   [robust_refine] iter 2: tol=0.500", matched=38, rms=0.1456"→0.1556", cd_Δ=0.1388%, damp=0.00e+00
[2026-07-28 12:13:24]     [2026-07-28 12:13:17][INFO]   [robust_refine] NN 匹配: U=180, W=44, tol=0.300", Lowe通过=36, 双向=36
[2026-07-28 12:13:24]     [2026-07-28 12:13:17][INFO]   [robust_refine] 空间一致性: 1/36 可疑 (K=8, σ=0.117")
[2026-07-28 12:13:24]     [2026-07-28 12:13:17][INFO]   [robust_refine] iter 3: tol=0.300", matched=36, rms=0.1556"→0.1197", cd_Δ=0.1508%, damp=0.00e+00
[2026-07-28 12:13:24]     [2026-07-28 12:13:17][INFO]   [robust_refine] NN 匹配: U=180, W=44, tol=0.300", Lowe通过=36, 双向=36
[2026-07-28 12:13:24]     [2026-07-28 12:13:17][INFO]   [robust_refine] 空间一致性: 2/36 可疑 (K=8, σ=0.114")
[2026-07-28 12:13:24]     [2026-07-28 12:13:17][INFO]   [robust_refine] iter 4: tol=0.300", matched=36, rms=0.1197"→0.1279", cd_Δ=0.1893%, damp=0.00e+00
[2026-07-28 12:13:24]     [2026-07-28 12:13:17][INFO]   [robust_refine] NN 匹配: U=180, W=44, tol=0.300", Lowe通过=34, 双向=34
[2026-07-28 12:13:24]     [2026-07-28 12:13:17] [INFO] [MainThread] solve_and_write_wcs: 日志系统初始化完成，日志文件: F:\Astro dev\Astro CS Normalization Database\lib\plate_solve\python\..\logs\solve_and_write_wcs_20260728_121317.log
[2026-07-28 12:13:24]       保存带 WCS 的 FITS: f:\Astro dev\Astro CS Normalization Database\LDN43_LRGBH_flying_dutchman-20250503@032713-1200S-Red_solved.fits
[2026-07-28 12:13:24]     [2026-07-28 12:13:17] [INFO] [MainThread] solve_and_write_wcs: ----------------------------------------
[2026-07-28 12:13:24]     [2026-07-28 12:13:17] [INFO] [MainThread] solve_and_write_wcs: 写入 WCS 关键字到 FITS 文件
[2026-07-28 12:13:24]     [2026-07-28 12:13:17] [INFO] [MainThread] solve_and_write_wcs:   文件: f:\Astro dev\Astro CS Normalization Database\LDN43_LRGBH_flying_dutchman-20250503@032713-1200S-Red_solved.fits
[2026-07-28 12:13:24]     [2026-07-28 12:13:17] [INFO] [MainThread] solve_and_write_wcs:   overwrite=True
[2026-07-28 12:13:24]     [2026-07-28 12:13:17] [INFO] [MainThread] solve_and_write_wcs:   CTYPE1=RA---TAN-SIP, CTYPE2=DEC--TAN-SIP
[2026-07-28 12:13:24]     [2026-07-28 12:13:17] [INFO] [MainThread] solve_and_write_wcs:   CRVAL1=248.60964641, CRVAL2=-15.75913890
[2026-07-28 12:13:24]     [2026-07-28 12:13:17] [INFO] [MainThread] solve_and_write_wcs:   CRPIX1=2048.5000, CRPIX2=2048.5000
[2026-07-28 12:13:24]     [2026-07-28 12:13:17] [INFO] [MainThread] solve_and_write_wcs:   CD1_1=3.1933655342e-06, CD1_2=2.6860261203e-04
[2026-07-28 12:13:24]     [2026-07-28 12:13:17] [INFO] [MainThread] solve_and_write_wcs:   CD2_1=-2.6857129947e-04, CD2_2=3.2621686878e-06
[2026-07-28 12:13:24]     [2026-07-28 12:13:17] [INFO] [MainThread] solve_and_write_wcs:   SIP_ORDER=3
[2026-07-28 12:13:24]     [2026-07-28 12:13:17] [INFO] [MainThread] solve_and_write_wcs:   SIP A/B 系数: 11 个 (order=3)
[2026-07-28 12:13:24]     [2026-07-28 12:13:17] [INFO] [MainThread] solve_and_write_wcs:   SIP AP/BP 系数: 11 个 (order=3)
[2026-07-28 12:13:24]     [2026-07-28 12:13:17] [INFO] [MainThread] solve_and_write_wcs: 已删除 13 个旧 WCS 关键字
[2026-07-28 12:13:24]     [2026-07-28 12:13:18] [INFO] [MainThread] solve_and_write_wcs:   WCS 关键字写入完成
[2026-07-28 12:13:24]       Gaia cone_search: radius=0.83°, mag<=18.0
[2026-07-28 12:13:24]       Gaia 返回: 7578 颗星
[2026-07-28 12:13:24]       图像范围内: 3995 颗星
[2026-07-28 12:13:24]       标记前 1000 颗最亮星 (mag 6.90~15.76)
[2026-07-28 12:13:24]       Siril MTF 拉伸...
[2026-07-28 12:13:24]       渲染 PNG...
[2026-07-28 12:13:24]       => f:\Astro dev\Astro CS Normalization Database\LDN43_LRGBH_flying_dutchman-20250503@032713-1200S-Red_reproject.png (4096x4096)
[2026-07-28 12:13:24]     
[2026-07-28 12:13:24]     结果: success=True, RMS=0.117", n_marked=1000, elapsed=6.7s
[2026-07-28 12:13:24]     [2026-07-28 12:13:17][INFO]   [robust_refine] 空间一致性: 2/34 可疑 (K=8, σ=0.110")
[2026-07-28 12:13:24]     [2026-07-28 12:13:17][INFO]   [robust_refine] iter 5: tol=0.300", matched=34, rms=0.1279"→0.1099", cd_Δ=0.1014%, damp=0.00e+00
[2026-07-28 12:13:24]     [2026-07-28 12:13:17][INFO]   [robust_refine] NN 匹配: U=180, W=44, tol=0.300", Lowe通过=34, 双向=34
[2026-07-28 12:13:24]     [2026-07-28 12:13:17][INFO]   [robust_refine] 空间一致性: 2/34 可疑 (K=8, σ=0.107")
[2026-07-28 12:13:24]     [2026-07-28 12:13:17][INFO]   [robust_refine] iter 6: tol=0.300", matched=34, rms=0.1099"→0.1129", cd_Δ=0.0596%, damp=0.00e+00
[2026-07-28 12:13:24]     [2026-07-28 12:13:17][INFO]   [robust_refine] NN 匹配: U=180, W=44, tol=0.300", Lowe通过=34, 双向=34
[2026-07-28 12:13:24]     [2026-07-28 12:13:17][INFO]   [robust_refine] 空间一致性: 2/34 可疑 (K=8, σ=0.102")
[2026-07-28 12:13:24]     [2026-07-28 12:13:17][INFO]   [robust_refine] iter 7: tol=0.300", matched=34, rms=0.1129"→0.1149", cd_Δ=0.0377%, damp=0.00e+00
[2026-07-28 12:13:24]     [2026-07-28 12:13:17][INFO]   [robust_refine] NN 匹配: U=180, W=44, tol=0.300", Lowe通过=34, 双向=34
[2026-07-28 12:13:24]     [2026-07-28 12:13:17][INFO]   [robust_refine] 空间一致性: 2/34 可疑 (K=8, σ=0.099")
[2026-07-28 12:13:24]     [2026-07-28 12:13:17][INFO]   [robust_refine] iter 8: tol=0.300", matched=34, rms=0.1149"→0.1160", cd_Δ=0.0161%, damp=0.00e+00
[2026-07-28 12:13:24]     [2026-07-28 12:13:17][INFO]   [robust_refine] NN 匹配: U=180, W=44, tol=0.300", Lowe通过=34, 双向=34
[2026-07-28 12:13:24]     [2026-07-28 12:13:17][INFO]   [robust_refine] 空间一致性: 2/34 可疑 (K=8, σ=0.098")
[2026-07-28 12:13:24]     [2026-07-28 12:13:17][INFO]   [robust_refine] iter 9: tol=0.300", matched=34, rms=0.1160"→0.1167", cd_Δ=0.0104%, damp=0.00e+00
[2026-07-28 12:13:24]     [2026-07-28 12:13:17][INFO]   [robust_refine] 达到最大迭代次数 10
[2026-07-28 12:13:24]     [2026-07-28 12:13:17][INFO] ==== robust_refine_wcs 成功 ====
[2026-07-28 12:13:24]       iter=10, matched=34, rms=0.1167" (0.1205 px), cd_Δ=0.1899%, pool=180
[2026-07-28 12:13:24]     [2026-07-28 12:13:17][INFO]   [阶段] robust_refine: 成功, n_matched=34, rms=0.1167", iter=10, pool=180, cd_Δ=0.1899%
[2026-07-28 12:13:24]     [2026-07-28 12:13:17][INFO]   [阶段] robust_refine: 0.75 ms
[2026-07-28 12:13:24]     [2026-07-28 12:13:17][INFO]   [诊断] 准备调用 extract_wcs_sip: W_final.size=44, matched.size=34, U_for_wcs.size=2000 (robust=1)
[2026-07-28 12:13:24]     [2026-07-28 12:13:17][INFO]   [诊断] extract_wcs_sip 入口: trans.order=3, trans.valid=1, ra0=248.609646, dec0=-15.759139, img=4096x4096, s0=0.9681, U.size=2000, W.size=44, matched.size=34
[2026-07-28 12:13:24]     [2026-07-28 12:13:17][INFO]   [V4.22] 清零 trans.x00/y00 (saved: x00=-0.0925, y00=-0.0638)
[2026-07-28 12:13:24]     [2026-07-28 12:13:17][INFO] extract_wcs_sip: SIP A/B 解析公式成功, order=3
[2026-07-28 12:13:24]     [2026-07-28 12:13:17][INFO] extract_wcs_sip: SIP AP/BP 网格反变换成功, ap_order=3, n_inv_coef=10, n_grid=49
[2026-07-28 12:13:24]     [2026-07-28 12:13:17][INFO] extract_wcs_sip: CD=[3.193366e-06 2.686026e-04; -2.685713e-04 3.262169e-06], CRVAL=(248.609646, -15.759139), CRPIX=(2048.5, 2048.5), ctype=[RA---TAN-SIP, DEC--TAN-SIP], n_pairs=34, rms_px=0.1205, rms_arcsec=0.1167, trans_order=3, sip_order=3, ap_order=3
[2026-07-28 12:13:24]     [2026-07-28 12:13:17][INFO]   [阶段] extract_wcs_sip: 0.04 ms, success=1, n_pairs=34, rms_px=0.121, rms_arcsec=0.117, trans_order=3, sip_order=3
[2026-07-28 12:13:24]     [2026-07-28 12:13:17][INFO] ==== IPVSolver::solve 完成 (V4.22) ====
[2026-07-28 12:13:24]     [2026-07-28 12:13:17][INFO]   最终: n_pairs=34, rms_px=0.121, rms_arcsec=0.117, trans_order=3, sip_order=3, success=1
[2026-07-28 12:13:24]     [2026-07-28 12:13:24][INFO][SDET] StarDetector destroyed
[2026-07-28 12:13:24]   PNG: f:\Astro dev\Astro CS Normalization Database\T2_RED_LDN43_reproject.png
[2026-07-28 12:13:24]   FITS: f:\Astro dev\Astro CS Normalization Database\T2_RED_LDN43_solved.fits
[2026-07-28 12:13:24] 
[2026-07-28 12:13:24] [2/8] T2_GREEN_LDN43
[2026-07-28 12:13:24]   源 FITS: f:\Astro dev\Astro CS Normalization Database\testdata\LDN43_T2素材_flying_dutchman\lights\LDN43_LRGBH_flying_dutchman-20250503@034804-1200S-Green.fts
[2026-07-28 12:13:24]   运行: python visualize_reproject.py --single --input f:\Astro dev\Astro CS Normalization Database\testdata\LDN43_T2素材_flying_dutchman\lights\LDN43_LRGBH_flying_dutchman-20250503@034804-1200S-Green.fts --output-dir f:\Astro dev\Astro CS Normalization Database --save-solved-fits
[2026-07-28 12:13:33]     
[2026-07-28 12:13:33]     ======================================================================
[2026-07-28 12:13:33]     初始化可视化环境
[2026-07-28 12:13:33]     ======================================================================
[2026-07-28 12:13:33]     [1/4] GaiaClient: F:\Astro dev\Astro CS Normalization Database\GaiaDR3SP (db_type=2)
[2026-07-28 12:13:33]     [2/4] StarDetector
[2026-07-28 12:13:33]     [2026-07-28 12:13:25][INFO][SDET] StarDetector created (fitRadius=0, fwhmClipSigma=3.0, maxAxisRatio=2.0)
[2026-07-28 12:13:33]     [3/4] IPVSolver
[2026-07-28 12:13:33]     [4/4] ImageReader
[2026-07-28 12:13:33]     [2026-07-28 12:13:25][INFO][FITS] Reading header only: f:\Astro dev\Astro CS Normalization Database\testdata\LDN43_T2素材_flying_dutchman\lights\LDN43_LRGBH_flying_dutchman-20250503@034804-1200S-Green.fts
[2026-07-28 12:13:33]     [2026-07-28 12:13:25][INFO][FITS] Reading header only: f:\Astro dev\Astro CS Normalization Database\testdata\LDN43_T2素材_flying_dutchman\lights\LDN43_LRGBH_flying_dutchman-20250503@034804-1200S-Green.fts
[2026-07-28 12:13:33]       图像: 4096x4096, FOV=1.10°, LDN43_LRGBH_flying_dutchman
[2026-07-28 12:13:33]       指向: RA=248.6083°, Dec=-15.7597°, fl=1917.5mm, ps=9.0um
[2026-07-28 12:13:33]     [2026-07-28 12:13:25][INFO][FITS] Reading: f:\Astro dev\Astro CS Normalization Database\testdata\LDN43_T2素材_flying_dutchman\lights\LDN43_LRGBH_flying_dutchman-20250503@034804-1200S-Green.fts
[2026-07-28 12:13:33]     [2026-07-28 12:13:25][INFO][FITS] Header: BITPIX=16 NAXIS=2 NAXIS1=4096 NAXIS2=4096 NAXIS3=0 BSCALE=1.0 BZERO=32768.0 keywords=119
[2026-07-28 12:13:33]     [2026-07-28 12:13:25][INFO][FITS] Applying BSCALE=1.000000 BZERO=32768.000000
[2026-07-28 12:13:33]     [2026-07-28 12:13:25][INFO][FITS] Read OK: 4096x4096 1ch BITPIX=16
[2026-07-28 12:13:33]     [2026-07-28 12:13:25][INFO][API] aio_read_fits: 0.034 s
[2026-07-28 12:13:33]       Plate solving...
[2026-07-28 12:13:33]     [2026-07-28 12:13:25][INFO] ==== IPVSolver::solve 开始 (V4.19 统一求解) ====
[2026-07-28 12:13:33]     [2026-07-28 12:13:25][INFO]   image_path=f:\Astro dev\Astro CS Normalization Database\testdata\LDN43_T2素材_flying_dutchman\lights\LDN43_LRGBH_flying_dutchman-20250503@034804-1200S-Green.fts
[2026-07-28 12:13:33]     [2026-07-28 12:13:25][INFO]   ra0=248.608333 deg, dec0=-15.759722 deg
[2026-07-28 12:13:33]     [2026-07-28 12:13:25][INFO]   focal_length=1917.500 mm, pixel_size=9.000 um
[2026-07-28 12:13:33]     [2026-07-28 12:13:25][INFO]   gaia_handle=2023947452560, detector_handle=2023010920384
[2026-07-28 12:13:33]     [2026-07-28 12:13:25][INFO] === ipv_select 启动 ===
[2026-07-28 12:13:33]     [2026-07-28 12:13:25][INFO] ipv_select: 依赖 DLL 全部加载成功
[2026-07-28 12:13:33]     [2026-07-28 12:13:25][INFO] Step 1: 读取图像 f:\Astro dev\Astro CS Normalization Database\testdata\LDN43_T2素材_flying_dutchman\lights\LDN43_LRGBH_flying_dutchman-20250503@034804-1200S-Green.fts
[2026-07-28 12:13:33]     [2026-07-28 12:13:25][INFO][FITS] Reading: f:\Astro dev\Astro CS Normalization Database\testdata\LDN43_T2素材_flying_dutchman\lights\LDN43_LRGBH_flying_dutchman-20250503@034804-1200S-Green.fts
[2026-07-28 12:13:33]     [2026-07-28 12:13:25][INFO][FITS] Header: BITPIX=16 NAXIS=2 NAXIS1=4096 NAXIS2=4096 NAXIS3=0 BSCALE=1.0 BZERO=32768.0 keywords=119
[2026-07-28 12:13:33]     [2026-07-28 12:13:25][INFO][FITS] Applying BSCALE=1.000000 BZERO=32768.000000
[2026-07-28 12:13:33]     [2026-07-28 12:13:25][INFO][FITS] Read OK: 4096x4096 1ch BITPIX=16
[2026-07-28 12:13:33]     [2026-07-28 12:13:25][INFO][API] aio_read_fits: 0.034 s
[2026-07-28 12:13:33]     [2026-07-28 12:13:25][INFO]   图像尺寸: 4096×4096
[2026-07-28 12:13:33]     [2026-07-28 12:13:25][INFO] Step 2: 星点检测
[2026-07-28 12:13:33]     [2026-07-28 12:13:25][INFO][SDET] sdet_detect_ex start: 4096x4096
[2026-07-28 12:13:33]     [2026-07-28 12:13:25][DEBUG][SDET] [1] uint16→float: 23.4 ms
[2026-07-28 12:13:33]     [2026-07-28 12:13:25][DEBUG][SDET] [2] Gaussian YvV smooth (sigma=2.0): 142.1 ms
[2026-07-28 12:13:33]     [2026-07-28 12:13:26][INFO][SDET] peaker: median=1908.0000 bgnoise=28.6215 threshold=2051.1074 (median+5*bgnoise)
[2026-07-28 12:13:33]     [2026-07-28 12:13:26][DEBUG][SDET] [3] Threshold: 320.0 ms
[2026-07-28 12:13:33]     [2026-07-28 12:13:26][INFO][SDET] peaker: bg=1908.0 maxi=65535.0 norm=65535.0 dynrange=63627.0 minsatlevel=44538.9 satrange=6362.7 s_factor=3.7169 locthreshold=143.1075
[2026-07-28 12:13:33]     [2026-07-28 12:13:26][DEBUG][SDET] [4] peaker: 35.5 ms (5522 candidates, full peaker 7-step)
[2026-07-28 12:13:33]     [2026-07-28 12:13:26][INFO][SDET] Candidates: 5522
[2026-07-28 12:13:33]     [2026-07-28 12:13:26][INFO][SDET] Peaker stages: pass_threshold=489199 pass_localmax=9216 pass_count3=6883 pass_boundary=6883 | cond_meanhigh=118 cond_platform=6155 sat_both=49 nonsat=6834
[2026-07-28 12:13:33]     [2026-07-28 12:13:26][INFO][SDET] Auto fitRadius: med_pixels=53 fwhm_est=3.57 auto_radius=10 actual=10
[2026-07-28 12:13:33]     [2026-07-28 12:13:26][INFO][SDET] Task6 candidates sorted by mag_est (desc): maxstars=2000 candidates=5522
[2026-07-28 12:13:33]     [2026-07-28 12:13:26][DEBUG][SDET] [6] Moffat4 fit: 367.1 ms (5442/5522 OK)
[2026-07-28 12:13:33]     [2026-07-28 12:13:26][INFO][SDET] Moffat4 fit: 5442/5522 OK
[2026-07-28 12:13:33]     [2026-07-28 12:13:26][INFO][SDET] === Fit statistics by pixel count ===
[2026-07-28 12:13:33]     [2026-07-28 12:13:26][INFO][SDET]   px[5-9]: total=111 ok=109(98.2%) invalid=0 noconv=2 iterlimit=0
[2026-07-28 12:13:33]     [2026-07-28 12:13:26][INFO][SDET]   px[10-19]: total=492 ok=483(98.2%) invalid=0 noconv=9 iterlimit=0
[2026-07-28 12:13:33]     [2026-07-28 12:13:26][INFO][SDET]   px[20-49]: total=1772 ok=1736(98.0%) invalid=0 noconv=36 iterlimit=0
[2026-07-28 12:13:33]     [2026-07-28 12:13:26][INFO][SDET]   px[50-99]: total=1644 ok=1625(98.8%) invalid=0 noconv=19 iterlimit=0
[2026-07-28 12:13:33]     [2026-07-28 12:13:26][INFO][SDET]   px[100-299]: total=1247 ok=1239(99.4%) invalid=0 noconv=8 iterlimit=0
[2026-07-28 12:13:33]     [2026-07-28 12:13:26][DEBUG][SDET] [7] FWHM stats: 0.6 ms (med=2.8869 mad=0.2671)
[2026-07-28 12:13:33]     [2026-07-28 12:13:26][INFO][SDET] FWHM stats: med=2.8869 mad=0.2671 (from 5442 fitted stars)
[2026-07-28 12:13:33]     [2026-07-28 12:13:26][DEBUG][SDET] [8] Build normal stars: 5.5 ms (5000 stars, fit_fail=80 fwhm=0 round=70 reject=372)
[2026-07-28 12:13:33]     [2026-07-28 12:13:26][INFO][SDET] Normal stars: 5000 (fit_fail=80 fwhm=0 roundness=70 reject=372)
[2026-07-28 12:13:33]     [2026-07-28 12:13:26][DEBUG][SDET] [9] Saturated star detection skipped (V4.52: use A>dynrange from peaker): 0.1 ms
[2026-07-28 12:13:33]     [2026-07-28 12:13:26][DEBUG][SDET] [10a] Dedup: 3.9 ms
[2026-07-28 12:13:33]     [2026-07-28 12:13:26][DEBUG][SDET] [10b] Sort: 0.4 ms
[2026-07-28 12:13:33]     [2026-07-28 12:13:26][INFO][SDET] After dedup+sort: 5000 stars (saturated=131 normal=4869)
[2026-07-28 12:13:33]     [2026-07-28 12:13:26][INFO][SDET] sdet_detect_ex done: 2000 stars (sat=131 normal=4869), 0.899 s
[2026-07-28 12:13:33]     [2026-07-28 12:13:26][INFO]   检测到星点: 2000 颗 (饱和 131, 正常 1869)
[2026-07-28 12:13:33]     [2026-07-28 12:13:26][INFO] Step 3: 图像侧选星
[2026-07-28 12:13:33]     [2026-07-28 12:13:26][INFO] 选星: 按 mag(box积分) 升序取前 60 颗 (含饱和 60 颗)
[2026-07-28 12:13:33]     [2026-07-28 12:13:26][INFO]   U 向量组: 60×2 (s0=0.9681"/px)
[2026-07-28 12:13:33]     [2026-07-28 12:13:26][INFO] Step 4: FOV/密度计算
[2026-07-28 12:13:33]     [2026-07-28 12:13:26][INFO] FOV计算: s0=0.9681"/px, FOV_diag=1.5578°, query_r=0.8568°, img_area=1.21333°², query_area=2.30614°², rho_img=49.45, rho_target=74.18, n_target=60
[2026-07-28 12:13:33]     [2026-07-28 12:13:26][INFO] Step 5: V4.9 密度公式估算极限星等 (替代迭代)
[2026-07-28 12:13:33]     [2026-07-28 12:13:26][INFO] 密度估算极限星等: G=11.051 (n_required=60, area=2.3061°², rho_target=26.02/°²)
[2026-07-28 12:13:33]     [2026-07-28 12:13:26][INFO] Step 6: 用 m_lim=11.051 查询 Gaia 星表
[2026-07-28 12:13:33]     [2026-07-28 12:13:26][WARN] V4.9 补救查询 1: Gaia 返回 36 < n_target=60, 放宽到 m=12.051
[2026-07-28 12:13:33]     [2026-07-28 12:13:26][INFO] Step 7: Gnomonic 投影 + FOV 过滤
[2026-07-28 12:13:33]     [2026-07-28 12:13:26][INFO]   W 向量组: 44×2 (FOV 内 44, 取最亮 44, gaia_ra/dec 已保存)
[2026-07-28 12:13:33]     [2026-07-28 12:13:26][INFO] === ipv_select 完成 ===
[2026-07-28 12:13:33]     [2026-07-28 12:13:26][INFO] === triangle_match 开始: N_U=60, N_W=44, n_A0=60, n_B0=60, tol=0.0020, s0=0.9681 ===
[2026-07-28 12:13:33]     [2026-07-28 12:13:26][INFO] triangle_match: stage=0 nA=60 nB=60 超过实际星数, 停止扩充
[2026-07-28 12:13:33]     [2026-07-28 12:13:26][INFO] triangle_match_single: n_A=60, n_B=44, tol=0.0020, s0=0.9681, scale=[0.8608,1.2912]
[2026-07-28 12:13:33]     [2026-07-28 12:13:26][DEBUG] stars_to_triangles: N=60, expected=34220, valid=34220, skipped_degenerate=0 (并行, 16 线程)
[2026-07-28 12:13:33]     [2026-07-28 12:13:26][DEBUG] stars_to_triangles: prune_triangle_array ba>0.9 剪枝: before=34220, after=24446, pruned=9774
[2026-07-28 12:13:33]     [2026-07-28 12:13:26][DEBUG] stars_to_triangles: N=44, expected=13244, valid=13244, skipped_degenerate=0 (并行, 16 线程)
[2026-07-28 12:13:33]     [2026-07-28 12:13:26][DEBUG] stars_to_triangles: prune_triangle_array ba>0.9 剪枝: before=13244, after=9418, pruned=3826
[2026-07-28 12:13:33]     [2026-07-28 12:13:26][INFO] make_vote_matrix: n_A=24446, n_B=9418, matched_triangles=16728, vote_matrix=60x44, scale_rejected=16515 (range=[0.8608,1.2912]) [并行 16 线程]
[2026-07-28 12:13:33]     [2026-07-28 12:13:26][INFO] top_vote_getters: 矩阵=60x44, 候选对数(vote>=2)=2608, top_n=60
[2026-07-28 12:13:33]     [2026-07-28 12:13:26][INFO] top_vote_getters: V4.25 去重后 top_pairs=44, 去重剔除=2564
[2026-07-28 12:13:33]     [2026-07-28 12:13:26][INFO]   [调试] top[0]: u=31 w=26, votes=561
[2026-07-28 12:13:33]     [2026-07-28 12:13:26][INFO]   [调试] top[1]: u=24 w=32, votes=554
[2026-07-28 12:13:33]     [2026-07-28 12:13:26][INFO]   [调试] top[2]: u=4 w=4, votes=550
[2026-07-28 12:13:33]     [2026-07-28 12:13:26][INFO]   [调试] top[3]: u=8 w=9, votes=540
[2026-07-28 12:13:33]     [2026-07-28 12:13:26][INFO]   [调试] top[4]: u=7 w=12, votes=534
[2026-07-28 12:13:33]     [2026-07-28 12:13:26][INFO]   [调试] top[5]: u=19 w=28, votes=525
[2026-07-28 12:13:33]     [2026-07-28 12:13:26][INFO]   [调试] top[6]: u=14 w=15, votes=524
[2026-07-28 12:13:33]     [2026-07-28 12:13:26][INFO]   [调试] top[7]: u=45 w=27, votes=524
[2026-07-28 12:13:33]     [2026-07-28 12:13:26][INFO]   [调试] top[8]: u=29 w=31, votes=520
[2026-07-28 12:13:33]     [2026-07-28 12:13:26][INFO]   [调试] top[9]: u=28 w=24, votes=519
[2026-07-28 12:13:33]     [2026-07-28 12:13:26][INFO] triangle_match_single 完成: tri_A=24446, tri_B=9418, vote_matrix=60x44, max_vote=561, 候选对数(vote>=2)=2608, top_pairs=44
[2026-07-28 12:13:33]     [2026-07-28 12:13:26][INFO] === triangle_match 结束: tri_A=24446, tri_B=9418, top_pairs=44, max_vote=561, success=1 ===
[2026-07-28 12:13:33]     [2026-07-28 12:13:26][INFO] [V4.22] n_target=60, max_vote=561, threshold=2
[2026-07-28 12:13:33]     [2026-07-28 12:13:26][INFO]   [阶段] triangle_match (n=60): 40.09 ms, max_vote=561, top_pairs=44, success=1
[2026-07-28 12:13:33]     [2026-07-28 12:13:26][INFO] [V4.22] max_vote=561 >= threshold=2, 停止扩充
[2026-07-28 12:13:33]     [2026-07-28 12:13:26][INFO]   [阶段] StarSelector+triangle_match (V4.22 自适应): 1006.42 ms, n_target_used=60
[2026-07-28 12:13:33]     [2026-07-28 12:13:26][INFO]   N_U=60, N_W=44, s0=0.9681 arcsec/px, img=4096x4096, fov_diag=1.5578 deg, n_target_used=60
[2026-07-28 12:13:33]     [2026-07-28 12:13:26][INFO] iter_trans_solve: U=60, W=44, initial_pairs=44, tol=5.00, order=3
[2026-07-28 12:13:33]     [2026-07-28 12:13:26][DEBUG] calc_trans_general: order=3, n_pairs=20, 拟合成功
[2026-07-28 12:13:33]     [2026-07-28 12:13:26][INFO] iter_trans_inner: 初始拟合完成, 初始工作集=20, order=3
[2026-07-28 12:13:33]     [2026-07-28 12:13:26][INFO]   [调试] 初始 TRANS: x00=5.0895 y00=1.6072, x10=0.011634 x01=-0.966933 y10=-0.966733 y01=-0.011680
[2026-07-28 12:13:33]     [2026-07-28 12:13:26][INFO]   [调试] 初始对[0]: u=31 w=26, U=(682.09,-304.04), W=(306.79,-654.10), pred=(306.88,-653.94), dist=0.1900" (dx=0.10 dy=0.16)
[2026-07-28 12:13:33]     [2026-07-28 12:13:26][INFO]   [调试] 初始对[1]: u=24 w=32, U=(816.28,330.79), W=(-305.05,-790.81), pred=(-305.08,-790.90), dist=0.0948" (dx=-0.03 dy=-0.09)
[2026-07-28 12:13:33]     [2026-07-28 12:13:26][INFO]   [调试] 初始对[2]: u=4 w=4, U=(-1744.10,681.12), W=(-671.15,1673.44), pred=(-671.20,1673.30), dist=0.1500" (dx=-0.06 dy=-0.14)
[2026-07-28 12:13:33]     [2026-07-28 12:13:26][INFO]   [调试] 初始对[3]: u=8 w=9, U=(447.25,-736.17), W=(721.84,-421.67), pred=(721.58,-421.87), dist=0.3328" (dx=-0.26 dy=-0.21)
[2026-07-28 12:13:33]     [2026-07-28 12:13:26][INFO]   [调试] 初始对[4]: u=7 w=12, U=(-174.90,-1877.09), W=(1811.82,192.23), pred=(1811.57,192.00), dist=0.3383" (dx=-0.25 dy=-0.23)
[2026-07-28 12:13:33]     [2026-07-28 12:13:26][INFO]   [调试] 初始对[5]: u=19 w=28, U=(622.31,-1289.36), W=(1256.52,-583.81), pred=(1256.44,-583.71), dist=0.1309" (dx=-0.08 dy=0.10)
[2026-07-28 12:13:33]     [2026-07-28 12:13:26][INFO] iter_trans_inner: V4.23 工作集扩展 20->44 (nr=nbright)
[2026-07-28 12:13:33]     [2026-07-28 12:13:26][DEBUG] iter 0: 绝对剔除 nr=44→41, nb=3
[2026-07-28 12:13:33]     [2026-07-28 12:13:26][INFO] iter 0: V4.28 tol 预过滤 41→40 (tol=5.00", 剔除中等错配 1 对)
[2026-07-28 12:13:33]     [2026-07-28 12:13:26][DEBUG] iter 0: sigma(35%)=0.027511 角秒²
[2026-07-28 12:13:33]     [2026-07-28 12:13:26][DEBUG] iter 0: 相对剔除 nr=34, nb=10, rel_thresh=0.275106
[2026-07-28 12:13:33]     [2026-07-28 12:13:26][DEBUG] calc_trans_general: order=3, n_pairs=34, 拟合成功
[2026-07-28 12:13:33]     [2026-07-28 12:13:26][INFO] iter_trans_inner: 完成, nr=34, sig=0.0295, rms=0.1832, iters=1, success=1
[2026-07-28 12:13:33]     [2026-07-28 12:13:26][INFO] iter_trans_solve: 第一轮 iter_trans 成功, inliers=34, rms=0.1832
[2026-07-28 12:13:33]     [2026-07-28 12:13:26][INFO] at_match_lists: U=60, W=44, tol=5.00", U→W单向=40, W→U单向=40, 双向=40, 去重后=40
[2026-07-28 12:13:33]     [2026-07-28 12:13:26][DEBUG] calc_trans_general: order=3, n_pairs=40, 拟合成功
[2026-07-28 12:13:33]     [2026-07-28 12:13:26][INFO] at_recalc_trans: 二轮 sigma-clip (thresh=0.766", 剔除=1, 保留=39)
[2026-07-28 12:13:33]     [2026-07-28 12:13:26][DEBUG] calc_trans_general: order=3, n_pairs=39, 拟合成功
[2026-07-28 12:13:33]     [2026-07-28 12:13:26][INFO] at_recalc_trans: 二轮完成, n=39, sig=0.0558, sx=0.1698, sy=0.1352, rms=0.2617
[2026-07-28 12:13:33]     [2026-07-28 12:13:26][INFO] at_recalc_trans: n=39, order=3, sig=0.0558, sx=0.1698, sy=0.1352, rms=0.2617
[2026-07-28 12:13:33]     [2026-07-28 12:13:26][INFO] iter_trans_solve: 第一轮 refit 成功, inliers=39, rms=0.2617
[2026-07-28 12:13:33]     [2026-07-28 12:13:26][INFO] at_match_lists: U=60, W=44, tol=5.00", U→W单向=40, W→U单向=40, 双向=40, 去重后=40
[2026-07-28 12:13:33]     [2026-07-28 12:13:26][DEBUG] calc_trans_general: order=3, n_pairs=40, 拟合成功
[2026-07-28 12:13:33]     [2026-07-28 12:13:26][INFO] at_recalc_trans: 二轮 sigma-clip (thresh=0.766", 剔除=1, 保留=39)
[2026-07-28 12:13:33]     [2026-07-28 12:13:26][DEBUG] calc_trans_general: order=3, n_pairs=39, 拟合成功
[2026-07-28 12:13:33]     [2026-07-28 12:13:26][INFO] at_recalc_trans: 二轮完成, n=39, sig=0.0558, sx=0.1698, sy=0.1352, rms=0.2617
[2026-07-28 12:13:33]     [2026-07-28 12:13:26][INFO] at_recalc_trans: n=39, order=3, sig=0.0558, sx=0.1698, sy=0.1352, rms=0.2617
[2026-07-28 12:13:33]     [2026-07-28 12:13:26][INFO] iter_trans_solve: 第二轮 refit 成功, inliers=39, rms=0.2617
[2026-07-28 12:13:33]     [2026-07-28 12:13:26][INFO]   [诊断] it_result 检查: n_inliers=39, inliers.size=39, rms=0.2617, n_iterations=3, success=1, trans.order=3, trans.valid=1
[2026-07-28 12:13:33]     [2026-07-28 12:13:26][INFO]   [诊断] it_result.trans: x00=5.1081 y00=1.5873 x10=0.011582 x01=-0.966970 y10=-0.966789 y01=-0.011775
[2026-07-28 12:13:33]     [2026-07-28 12:13:26][INFO]   [诊断] it_result.inliers 前5对:
[2026-07-28 12:13:33]     [2026-07-28 12:13:26][INFO]     inliers[0]: u=1 w=3
[2026-07-28 12:13:33]     [2026-07-28 12:13:26][INFO]     inliers[1]: u=2 w=1
[2026-07-28 12:13:33]     [2026-07-28 12:13:26][INFO]     inliers[2]: u=3 w=5
[2026-07-28 12:13:33]     [2026-07-28 12:13:26][INFO]     inliers[3]: u=4 w=4
[2026-07-28 12:13:33]     [2026-07-28 12:13:26][INFO]     inliers[4]: u=5 w=6
[2026-07-28 12:13:33]     [2026-07-28 12:13:26][INFO]   [诊断] 准备打印阶段耗时日志...
[2026-07-28 12:13:33]     [2026-07-28 12:13:26][INFO]   [阶段] iter_trans_solve: 0.27 ms, n_inliers=39, rms=0.2617, iters=3, success=1
[2026-07-28 12:13:33]     [2026-07-28 12:13:26][INFO]   iter_trans TRANS: order=3, x00=5.1081 y00=1.5873 (px), x10=0.011582 x01=-0.966970 y10=-0.966789 y01=-0.011775
[2026-07-28 12:13:33]     [2026-07-28 12:13:26][INFO]   [诊断] 准备调用 iterative_reproject...
[2026-07-28 12:13:33]     [2026-07-28 12:13:26][INFO]   [诊断] iterative_reproject 入口: U.size=60, gaia_ra.size=44, gaia_dec.size=44, initial_inliers.size=39, s0=0.9681, img=4096x4096
[2026-07-28 12:13:33]     [2026-07-28 12:13:26][INFO] iterative_reproject: 开始 (N_W=44, n_inliers=39, s0=0.9681"/px, max_iter=5, conv_thresh=0.0100")
[2026-07-28 12:13:33]     [2026-07-28 12:13:26][INFO]   iter 0: ra_cur=248.608333 dec_cur=-15.759722, xi_center=5.1081" eta_center=1.5873", conv=5.3490" (thresh=0.0100")
[2026-07-28 12:13:33]     [2026-07-28 12:13:26][INFO]   iter 0: 新中心 ra=248.609808 dec=-15.759281 (Δra=0.001474° Δdec=0.000441°)
[2026-07-28 12:13:33]     [2026-07-28 12:13:26][DEBUG] calc_trans_general: order=3, n_pairs=39, 拟合成功
[2026-07-28 12:13:33]     [2026-07-28 12:13:26][INFO] at_recalc_trans: 二轮 sigma-clip (thresh=0.709", 剔除=1, 保留=38)
[2026-07-28 12:13:33]     [2026-07-28 12:13:26][DEBUG] calc_trans_general: order=3, n_pairs=38, 拟合成功
[2026-07-28 12:13:33]     [2026-07-28 12:13:26][INFO] at_recalc_trans: 二轮完成, n=38, sig=0.0437, sx=0.1367, sy=0.1366, rms=0.2272
[2026-07-28 12:13:33]     [2026-07-28 12:13:26][INFO] at_recalc_trans: n=38, order=3, sig=0.0437, sx=0.1367, sy=0.1366, rms=0.2272
[2026-07-28 12:13:33]     [2026-07-28 12:13:26][INFO]   iter 0: at_recalc_trans 成功, n=38, sig=0.0437, rms=0.2272, x00=-0.0009 y00=-0.0000 (asec)
[2026-07-28 12:13:33]     [2026-07-28 12:13:26][INFO]   iter 1: 收敛 (TRANS 常数项 = 0.0009" < 0.0100")
[2026-07-28 12:13:34]     [2026-07-28 12:13:26][INFO] iterative_reproject: 完成 (收敛), ra=248.608333→248.609808 dec=-15.759722→-15.759281, n_matched=39 (固定), iters=1, conv=0.0009"
[2026-07-28 12:13:34]     [2026-07-28 12:13:26][INFO]   [诊断] iterative_reproject 返回: success=1, n_matched=39, n_iterations=1, convergence=0.0009, ra0=248.609808, dec0=-15.759281, matched.size=39, trans.order=3
[2026-07-28 12:13:34]     [2026-07-28 12:13:26][INFO]   [阶段] iterative_reproject: 0.43 ms, success=1, ra=248.608333→248.609808, dec=-15.759722→-15.759281, n_matched=39, iters=1, conv=0.0009"
[2026-07-28 12:13:34]     [2026-07-28 12:13:26][INFO] at_match_lists: U=60, W=44, tol=5.00", U→W单向=40, W→U单向=40, 双向=40, 去重后=40
[2026-07-28 12:13:34]     [2026-07-28 12:13:26][INFO]   [阶段] hi_order_rematch iter 0: n_matched=40 (min=10, order=3)
[2026-07-28 12:13:34]     [2026-07-28 12:13:26][DEBUG] calc_trans_general: order=3, n_pairs=40, 拟合成功
[2026-07-28 12:13:34]     [2026-07-28 12:13:26][INFO] at_recalc_trans: 二轮 sigma-clip (thresh=0.766", 剔除=1, 保留=39)
[2026-07-28 12:13:34]     [2026-07-28 12:13:26][DEBUG] calc_trans_general: order=3, n_pairs=39, 拟合成功
[2026-07-28 12:13:34]     [2026-07-28 12:13:26][INFO] at_recalc_trans: 二轮完成, n=39, sig=0.0558, sx=0.1698, sy=0.1352, rms=0.2617
[2026-07-28 12:13:34]     [2026-07-28 12:13:26][INFO] at_recalc_trans: n=39, order=3, sig=0.0558, sx=0.1698, sy=0.1352, rms=0.2617
[2026-07-28 12:13:34]     [2026-07-28 12:13:26][INFO] at_match_lists: U=60, W=44, tol=5.00", U→W单向=40, W→U单向=40, 双向=40, 去重后=40
[2026-07-28 12:13:34]     [2026-07-28 12:13:26][DEBUG] calc_trans_general: order=3, n_pairs=40, 拟合成功
[2026-07-28 12:13:34]     [2026-07-28 12:13:26][INFO] at_recalc_trans: 二轮 sigma-clip (thresh=0.766", 剔除=1, 保留=39)
[2026-07-28 12:13:34]     [2026-07-28 12:13:26][DEBUG] calc_trans_general: order=3, n_pairs=39, 拟合成功
[2026-07-28 12:13:34]     [2026-07-28 12:13:26][INFO] at_recalc_trans: 二轮完成, n=39, sig=0.0558, sx=0.1698, sy=0.1352, rms=0.2617
[2026-07-28 12:13:34]     [2026-07-28 12:13:26][INFO] at_recalc_trans: n=39, order=3, sig=0.0558, sx=0.1698, sy=0.1352, rms=0.2617
[2026-07-28 12:13:34]     [2026-07-28 12:13:26][INFO]   [阶段] hi_order_rematch iter 1: 收敛 (dn=0, drms=0.0000)
[2026-07-28 12:13:34]     [2026-07-28 12:13:26][INFO]   [阶段] hi_order_rematch: 0.09 ms, n_matched=40, trans.order=3
[2026-07-28 12:13:34]     [2026-07-28 12:13:26][INFO] ==== robust_refine_wcs 开始 (V4.30) ====
[2026-07-28 12:13:34]       U_full=2000, mag_full=2000, gaia=44
[2026-07-28 12:13:34]       ra0=248.609808, dec0=-15.759281, s0=0.9681"/px, fov=1.5578°, img=4096x4096
[2026-07-28 12:13:34]       initial_rms=0.0558", trans.order=3
[2026-07-28 12:13:34]     [2026-07-28 12:13:26][INFO]   [robust_refine] 网格采样: FOV=1.558°, G_short=3, N_long=3, n_cells=9, quota=20, narrow_all=0, N_full=2000
[2026-07-28 12:13:34]     [2026-07-28 12:13:26][INFO]   [robust_refine] 网格采样完成: 选中 180 颗 (上限 300, 下限 100)
[2026-07-28 12:13:34]     [2026-07-28 12:13:26][INFO]   [robust_refine] NN 匹配: U=180, W=44, tol=1.000", Lowe通过=40, 双向=40
[2026-07-28 12:13:34]     [2026-07-28 12:13:26][INFO]   [robust_refine] baseline: initial_rms=0.0558" (60星), U_pool RMS=0.2608" (180 星, matched=40)
[2026-07-28 12:13:34]     [2026-07-28 12:13:26][INFO]   [robust_refine] NN 匹配: U=180, W=44, tol=1.000", Lowe通过=40, 双向=40
[2026-07-28 12:13:34]     [2026-07-28 12:13:26][INFO]   [robust_refine] 空间一致性: 3/40 可疑 (K=8, σ=0.083")
[2026-07-28 12:13:34]     [2026-07-28 12:13:26][INFO]   [robust_refine] iter 0: tol=1.000", matched=40, rms=0.2608"→0.2772", cd_Δ=0.3995%, damp=0.00e+00
[2026-07-28 12:13:34]     [2026-07-28 12:13:26][INFO]   [robust_refine] NN 匹配: U=180, W=44, tol=0.500", Lowe通过=36, 双向=36
[2026-07-28 12:13:34]     [2026-07-28 12:13:26][INFO]   [robust_refine] 空间一致性: 1/36 可疑 (K=8, σ=0.141")
[2026-07-28 12:13:34]     [2026-07-28 12:13:26][INFO]   [robust_refine] iter 1: tol=0.500", matched=36, rms=0.2772"→0.1490", cd_Δ=0.0911%, damp=0.00e+00
[2026-07-28 12:13:34]     [2026-07-28 12:13:26][INFO]   [robust_refine] NN 匹配: U=180, W=44, tol=0.500", Lowe通过=36, 双向=36
[2026-07-28 12:13:34]     [2026-07-28 12:13:26][INFO]   [robust_refine] 空间一致性: 1/36 可疑 (K=8, σ=0.143")
[2026-07-28 12:13:34]     [2026-07-28 12:13:26][INFO]   [robust_refine] iter 2: tol=0.500", matched=36, rms=0.1490"→0.1597", cd_Δ=0.0880%, damp=0.00e+00
[2026-07-28 12:13:34]     [2026-07-28 12:13:26][INFO]   [robust_refine] NN 匹配: U=180, W=44, tol=0.300", Lowe通过=34, 双向=34
[2026-07-28 12:13:34]     [2026-07-28 12:13:26][INFO]   [robust_refine] iter 3: tol=0.300", matched=34, rms=0.1597"→0.1164", cd_Δ=0.0050%, damp=0.00e+00
[2026-07-28 12:13:34]     [2026-07-28 12:13:26][INFO]   [robust_refine] NN 匹配: U=180, W=44, tol=0.300", Lowe通过=34, 双向=34
[2026-07-28 12:13:34]     [2026-07-28 12:13:26][INFO]   [robust_refine] iter 4: tol=0.300", matched=34, rms=0.1164"→0.1171", cd_Δ=0.0290%, damp=0.00e+00
[2026-07-28 12:13:34]     [2026-07-28 12:13:26][INFO]   [robust_refine] NN 匹配: U=180, W=44, tol=0.300", Lowe通过=34, 双向=34
[2026-07-28 12:13:34]     [2026-07-28 12:13:26][INFO]   [robust_refine] iter 5: tol=0.300", matched=34, rms=0.1171"→0.1183", cd_Δ=0.0503%, damp=0.00e+00
[2026-07-28 12:13:34]     [2026-07-28 12:13:26] [INFO] [MainThread] solve_and_write_wcs: 日志系统初始化完成，日志文件: F:\Astro dev\Astro CS Normalization Database\lib\plate_solve\python\..\logs\solve_and_write_wcs_20260728_121326.log
[2026-07-28 12:13:34]       保存带 WCS 的 FITS: f:\Astro dev\Astro CS Normalization Database\LDN43_LRGBH_flying_dutchman-20250503@034804-1200S-Green_solved.fits
[2026-07-28 12:13:34]     [2026-07-28 12:13:26] [INFO] [MainThread] solve_and_write_wcs: ----------------------------------------
[2026-07-28 12:13:34]     [2026-07-28 12:13:26] [INFO] [MainThread] solve_and_write_wcs: 写入 WCS 关键字到 FITS 文件
[2026-07-28 12:13:34]     [2026-07-28 12:13:26] [INFO] [MainThread] solve_and_write_wcs:   文件: f:\Astro dev\Astro CS Normalization Database\LDN43_LRGBH_flying_dutchman-20250503@034804-1200S-Green_solved.fits
[2026-07-28 12:13:34]     [2026-07-28 12:13:26] [INFO] [MainThread] solve_and_write_wcs:   overwrite=True
[2026-07-28 12:13:34]     [2026-07-28 12:13:26] [INFO] [MainThread] solve_and_write_wcs:   CTYPE1=RA---TAN-SIP, CTYPE2=DEC--TAN-SIP
[2026-07-28 12:13:34]     [2026-07-28 12:13:26] [INFO] [MainThread] solve_and_write_wcs:   CRVAL1=248.60980767, CRVAL2=-15.75928129
[2026-07-28 12:13:34]     [2026-07-28 12:13:26] [INFO] [MainThread] solve_and_write_wcs:   CRPIX1=2048.5000, CRPIX2=2048.5000
[2026-07-28 12:13:34]     [2026-07-28 12:13:26] [INFO] [MainThread] solve_and_write_wcs:   CD1_1=3.2123877083e-06, CD1_2=2.6857929336e-04
[2026-07-28 12:13:34]     [2026-07-28 12:13:26] [INFO] [MainThread] solve_and_write_wcs:   CD2_1=-2.6857720594e-04, CD2_2=3.2896042853e-06
[2026-07-28 12:13:34]     [2026-07-28 12:13:26] [INFO] [MainThread] solve_and_write_wcs:   SIP_ORDER=3
[2026-07-28 12:13:34]     [2026-07-28 12:13:26] [INFO] [MainThread] solve_and_write_wcs:   SIP A/B 系数: 11 个 (order=3)
[2026-07-28 12:13:34]     [2026-07-28 12:13:26] [INFO] [MainThread] solve_and_write_wcs:   SIP AP/BP 系数: 11 个 (order=3)
[2026-07-28 12:13:34]     [2026-07-28 12:13:26] [INFO] [MainThread] solve_and_write_wcs: 已删除 13 个旧 WCS 关键字
[2026-07-28 12:13:34]     [2026-07-28 12:13:27] [INFO] [MainThread] solve_and_write_wcs:   WCS 关键字写入完成
[2026-07-28 12:13:34]       Gaia cone_search: radius=0.83°, mag<=18.0
[2026-07-28 12:13:34]       Gaia 返回: 7578 颗星
[2026-07-28 12:13:34]       图像范围内: 3996 颗星
[2026-07-28 12:13:34]       标记前 1000 颗最亮星 (mag 6.90~15.76)
[2026-07-28 12:13:34]       Siril MTF 拉伸...
[2026-07-28 12:13:34]       渲染 PNG...
[2026-07-28 12:13:34]       => f:\Astro dev\Astro CS Normalization Database\LDN43_LRGBH_flying_dutchman-20250503@034804-1200S-Green_reproject.png (4096x4096)
[2026-07-28 12:13:34]     
[2026-07-28 12:13:34]     结果: success=True, RMS=0.100", n_marked=1000, elapsed=7.1s
[2026-07-28 12:13:34]     [2026-07-28 12:13:26][INFO]   [robust_refine] NN 匹配: U=180, W=44, tol=0.300", Lowe通过=34, 双向=34
[2026-07-28 12:13:34]     [2026-07-28 12:13:26][INFO]   [robust_refine] iter 6: tol=0.300", matched=34, rms=0.1183"→0.1201", cd_Δ=0.0575%, damp=0.00e+00
[2026-07-28 12:13:34]     [2026-07-28 12:13:26][INFO]   [robust_refine] NN 匹配: U=180, W=44, tol=0.300", Lowe通过=33, 双向=33
[2026-07-28 12:13:34]     [2026-07-28 12:13:26][INFO]   [robust_refine] iter 7: tol=0.300", matched=33, rms=0.1201"→0.1116", cd_Δ=0.0518%, damp=0.00e+00
[2026-07-28 12:13:34]     [2026-07-28 12:13:26][INFO]   [robust_refine] NN 匹配: U=180, W=44, tol=0.300", Lowe通过=33, 双向=33
[2026-07-28 12:13:34]     [2026-07-28 12:13:26][INFO]   [robust_refine] 空间一致性: 1/33 可疑 (K=8, σ=0.135")
[2026-07-28 12:13:34]     [2026-07-28 12:13:26][INFO]   [robust_refine] iter 8: tol=0.300", matched=33, rms=0.1116"→0.1221", cd_Δ=0.1107%, damp=0.00e+00
[2026-07-28 12:13:34]     [2026-07-28 12:13:26][INFO]   [robust_refine] NN 匹配: U=180, W=44, tol=0.300", Lowe通过=32, 双向=32
[2026-07-28 12:13:34]     [2026-07-28 12:13:26][INFO]   [robust_refine] iter 9: tol=0.300", matched=32, rms=0.1221"→0.0995", cd_Δ=0.0595%, damp=0.00e+00
[2026-07-28 12:13:34]     [2026-07-28 12:13:26][INFO]   [robust_refine] 达到最大迭代次数 10
[2026-07-28 12:13:34]     [2026-07-28 12:13:26][INFO] ==== robust_refine_wcs 成功 ====
[2026-07-28 12:13:34]       iter=10, matched=32, rms=0.0995" (0.1028 px), cd_Δ=0.3995%, pool=180
[2026-07-28 12:13:34]     [2026-07-28 12:13:26][INFO]   [阶段] robust_refine: 成功, n_matched=32, rms=0.0995", iter=10, pool=180, cd_Δ=0.3995%
[2026-07-28 12:13:34]     [2026-07-28 12:13:26][INFO]   [阶段] robust_refine: 0.77 ms
[2026-07-28 12:13:34]     [2026-07-28 12:13:26][INFO]   [诊断] 准备调用 extract_wcs_sip: W_final.size=44, matched.size=32, U_for_wcs.size=2000 (robust=1)
[2026-07-28 12:13:34]     [2026-07-28 12:13:26][INFO]   [诊断] extract_wcs_sip 入口: trans.order=3, trans.valid=1, ra0=248.609808, dec0=-15.759281, img=4096x4096, s0=0.9681, U.size=2000, W.size=44, matched.size=32
[2026-07-28 12:13:34]     [2026-07-28 12:13:26][INFO]   [V4.22] 清零 trans.x00/y00 (saved: x00=-0.0098, y00=-0.0891)
[2026-07-28 12:13:34]     [2026-07-28 12:13:26][INFO] extract_wcs_sip: SIP A/B 解析公式成功, order=3
[2026-07-28 12:13:34]     [2026-07-28 12:13:26][INFO] extract_wcs_sip: SIP AP/BP 网格反变换成功, ap_order=3, n_inv_coef=10, n_grid=49
[2026-07-28 12:13:34]     [2026-07-28 12:13:26][INFO] extract_wcs_sip: CD=[3.212388e-06 2.685793e-04; -2.685772e-04 3.289604e-06], CRVAL=(248.609808, -15.759281), CRPIX=(2048.5, 2048.5), ctype=[RA---TAN-SIP, DEC--TAN-SIP], n_pairs=32, rms_px=0.1028, rms_arcsec=0.0995, trans_order=3, sip_order=3, ap_order=3
[2026-07-28 12:13:34]     [2026-07-28 12:13:26][INFO]   [阶段] extract_wcs_sip: 0.04 ms, success=1, n_pairs=32, rms_px=0.103, rms_arcsec=0.100, trans_order=3, sip_order=3
[2026-07-28 12:13:34]     [2026-07-28 12:13:26][INFO] ==== IPVSolver::solve 完成 (V4.22) ====
[2026-07-28 12:13:34]     [2026-07-28 12:13:26][INFO]   最终: n_pairs=32, rms_px=0.103, rms_arcsec=0.100, trans_order=3, sip_order=3, success=1
[2026-07-28 12:13:34]     [2026-07-28 12:13:33][INFO][SDET] StarDetector destroyed
[2026-07-28 12:13:34]   PNG: f:\Astro dev\Astro CS Normalization Database\T2_GREEN_LDN43_reproject.png
[2026-07-28 12:13:34]   FITS: f:\Astro dev\Astro CS Normalization Database\T2_GREEN_LDN43_solved.fits
[2026-07-28 12:13:34] 
[2026-07-28 12:13:34] [3/8] T2_BLUE_LDN43
[2026-07-28 12:13:34]   源 FITS: f:\Astro dev\Astro CS Normalization Database\testdata\LDN43_T2素材_flying_dutchman\lights\LDN43_LRGBH_flying_dutchman-20250503@040855-1200S-Blue.fts
[2026-07-28 12:13:34]   运行: python visualize_reproject.py --single --input f:\Astro dev\Astro CS Normalization Database\testdata\LDN43_T2素材_flying_dutchman\lights\LDN43_LRGBH_flying_dutchman-20250503@040855-1200S-Blue.fts --output-dir f:\Astro dev\Astro CS Normalization Database --save-solved-fits
[2026-07-28 12:13:42]     
[2026-07-28 12:13:42]     ======================================================================
[2026-07-28 12:13:42]     初始化可视化环境
[2026-07-28 12:13:42]     ======================================================================
[2026-07-28 12:13:42]     [1/4] GaiaClient: F:\Astro dev\Astro CS Normalization Database\GaiaDR3SP (db_type=2)
[2026-07-28 12:13:42]     [2/4] StarDetector
[2026-07-28 12:13:42]     [2026-07-28 12:13:34][INFO][SDET] StarDetector created (fitRadius=0, fwhmClipSigma=3.0, maxAxisRatio=2.0)
[2026-07-28 12:13:42]     [3/4] IPVSolver
[2026-07-28 12:13:42]     [4/4] ImageReader
[2026-07-28 12:13:42]     [2026-07-28 12:13:34][INFO][FITS] Reading header only: f:\Astro dev\Astro CS Normalization Database\testdata\LDN43_T2素材_flying_dutchman\lights\LDN43_LRGBH_flying_dutchman-20250503@040855-1200S-Blue.fts
[2026-07-28 12:13:42]     [2026-07-28 12:13:34][INFO][FITS] Reading header only: f:\Astro dev\Astro CS Normalization Database\testdata\LDN43_T2素材_flying_dutchman\lights\LDN43_LRGBH_flying_dutchman-20250503@040855-1200S-Blue.fts
[2026-07-28 12:13:42]       图像: 4096x4096, FOV=1.10°, LDN43_LRGBH_flying_dutchman
[2026-07-28 12:13:42]     [2026-07-28 12:13:34][INFO][FITS] Reading: f:\Astro dev\Astro CS Normalization Database\testdata\LDN43_T2素材_flying_dutchman\lights\LDN43_LRGBH_flying_dutchman-20250503@040855-1200S-Blue.fts
[2026-07-28 12:13:42]       指向: RA=248.6083°, Dec=-15.7597°, fl=1917.7mm, ps=9.0um
[2026-07-28 12:13:42]     [2026-07-28 12:13:34][INFO][FITS] Header: BITPIX=16 NAXIS=2 NAXIS1=4096 NAXIS2=4096 NAXIS3=0 BSCALE=1.0 BZERO=32768.0 keywords=119
[2026-07-28 12:13:42]     [2026-07-28 12:13:34][INFO][FITS] Applying BSCALE=1.000000 BZERO=32768.000000
[2026-07-28 12:13:42]     [2026-07-28 12:13:34][INFO][FITS] Read OK: 4096x4096 1ch BITPIX=16
[2026-07-28 12:13:42]     [2026-07-28 12:13:34][INFO][API] aio_read_fits: 0.036 s
[2026-07-28 12:13:42]       Plate solving...
[2026-07-28 12:13:42]     [2026-07-28 12:13:34][INFO] ==== IPVSolver::solve 开始 (V4.19 统一求解) ====
[2026-07-28 12:13:42]     [2026-07-28 12:13:34][INFO]   image_path=f:\Astro dev\Astro CS Normalization Database\testdata\LDN43_T2素材_flying_dutchman\lights\LDN43_LRGBH_flying_dutchman-20250503@040855-1200S-Blue.fts
[2026-07-28 12:13:42]     [2026-07-28 12:13:34][INFO]   ra0=248.608333 deg, dec0=-15.759722 deg
[2026-07-28 12:13:42]     [2026-07-28 12:13:34][INFO]   focal_length=1917.700 mm, pixel_size=9.000 um
[2026-07-28 12:13:42]     [2026-07-28 12:13:34][INFO]   gaia_handle=2152975384720, detector_handle=2152037083072
[2026-07-28 12:13:42]     [2026-07-28 12:13:34][INFO] === ipv_select 启动 ===
[2026-07-28 12:13:42]     [2026-07-28 12:13:34][INFO] ipv_select: 依赖 DLL 全部加载成功
[2026-07-28 12:13:42]     [2026-07-28 12:13:34][INFO] Step 1: 读取图像 f:\Astro dev\Astro CS Normalization Database\testdata\LDN43_T2素材_flying_dutchman\lights\LDN43_LRGBH_flying_dutchman-20250503@040855-1200S-Blue.fts
[2026-07-28 12:13:42]     [2026-07-28 12:13:34][INFO][FITS] Reading: f:\Astro dev\Astro CS Normalization Database\testdata\LDN43_T2素材_flying_dutchman\lights\LDN43_LRGBH_flying_dutchman-20250503@040855-1200S-Blue.fts
[2026-07-28 12:13:42]     [2026-07-28 12:13:34][INFO][FITS] Header: BITPIX=16 NAXIS=2 NAXIS1=4096 NAXIS2=4096 NAXIS3=0 BSCALE=1.0 BZERO=32768.0 keywords=119
[2026-07-28 12:13:42]     [2026-07-28 12:13:34][INFO][FITS] Applying BSCALE=1.000000 BZERO=32768.000000
[2026-07-28 12:13:42]     [2026-07-28 12:13:34][INFO][FITS] Read OK: 4096x4096 1ch BITPIX=16
[2026-07-28 12:13:42]     [2026-07-28 12:13:34][INFO][API] aio_read_fits: 0.036 s
[2026-07-28 12:13:42]     [2026-07-28 12:13:34][INFO]   图像尺寸: 4096×4096
[2026-07-28 12:13:42]     [2026-07-28 12:13:34][INFO] Step 2: 星点检测
[2026-07-28 12:13:42]     [2026-07-28 12:13:34][INFO][SDET] sdet_detect_ex start: 4096x4096
[2026-07-28 12:13:42]     [2026-07-28 12:13:34][DEBUG][SDET] [1] uint16→float: 17.4 ms
[2026-07-28 12:13:42]     [2026-07-28 12:13:34][DEBUG][SDET] [2] Gaussian YvV smooth (sigma=2.0): 146.0 ms
[2026-07-28 12:13:42]     [2026-07-28 12:13:35][INFO][SDET] peaker: median=1653.0000 bgnoise=24.5366 threshold=1775.6831 (median+5*bgnoise)
[2026-07-28 12:13:42]     [2026-07-28 12:13:35][DEBUG][SDET] [3] Threshold: 346.9 ms
[2026-07-28 12:13:42]     [2026-07-28 12:13:35][INFO][SDET] peaker: bg=1653.0 maxi=65535.0 norm=65535.0 dynrange=63882.0 minsatlevel=44717.4 satrange=6388.2 s_factor=3.7169 locthreshold=122.6831
[2026-07-28 12:13:42]     [2026-07-28 12:13:35][DEBUG][SDET] [4] peaker: 32.5 ms (4678 candidates, full peaker 7-step)
[2026-07-28 12:13:42]     [2026-07-28 12:13:35][INFO][SDET] Candidates: 4678
[2026-07-28 12:13:42]     [2026-07-28 12:13:35][INFO][SDET] Peaker stages: pass_threshold=428261 pass_localmax=8778 pass_count3=5729 pass_boundary=5729 | cond_meanhigh=74 cond_platform=5289 sat_both=36 nonsat=5693
[2026-07-28 12:13:42]     [2026-07-28 12:13:35][INFO][SDET] Auto fitRadius: med_pixels=52 fwhm_est=3.54 auto_radius=10 actual=10
[2026-07-28 12:13:42]     [2026-07-28 12:13:35][INFO][SDET] Task6 candidates sorted by mag_est (desc): maxstars=2000 candidates=4678
[2026-07-28 12:13:42]     [2026-07-28 12:13:35][DEBUG][SDET] [6] Moffat4 fit: 309.4 ms (4587/4678 OK)
[2026-07-28 12:13:42]     [2026-07-28 12:13:35][INFO][SDET] Moffat4 fit: 4587/4678 OK
[2026-07-28 12:13:42]     [2026-07-28 12:13:35][INFO][SDET] === Fit statistics by pixel count ===
[2026-07-28 12:13:42]     [2026-07-28 12:13:35][INFO][SDET]   px[5-9]: total=87 ok=83(95.4%) invalid=0 noconv=4 iterlimit=0
[2026-07-28 12:13:42]     [2026-07-28 12:13:35][INFO][SDET]   px[10-19]: total=466 ok=450(96.6%) invalid=0 noconv=16 iterlimit=0
[2026-07-28 12:13:42]     [2026-07-28 12:13:35][INFO][SDET]   px[20-49]: total=1504 ok=1471(97.8%) invalid=0 noconv=33 iterlimit=0
[2026-07-28 12:13:42]     [2026-07-28 12:13:35][INFO][SDET]   px[50-99]: total=1393 ok=1373(98.6%) invalid=0 noconv=20 iterlimit=0
[2026-07-28 12:13:42]     [2026-07-28 12:13:35][INFO][SDET]   px[100-299]: total=1015 ok=1002(98.7%) invalid=0 noconv=13 iterlimit=0
[2026-07-28 12:13:42]     [2026-07-28 12:13:35][DEBUG][SDET] [7] FWHM stats: 0.5 ms (med=3.0251 mad=0.2868)
[2026-07-28 12:13:42]     [2026-07-28 12:13:35][INFO][SDET] FWHM stats: med=3.0251 mad=0.2868 (from 4587 fitted stars)
[2026-07-28 12:13:42]     [2026-07-28 12:13:35][DEBUG][SDET] [8] Build normal stars: 7.2 ms (4126 stars, fit_fail=91 fwhm=0 round=69 reject=392)
[2026-07-28 12:13:42]     [2026-07-28 12:13:35][INFO][SDET] Normal stars: 4126 (fit_fail=91 fwhm=0 roundness=69 reject=392)
[2026-07-28 12:13:42]     [2026-07-28 12:13:35][DEBUG][SDET] [9] Saturated star detection skipped (V4.52: use A>dynrange from peaker): 0.1 ms
[2026-07-28 12:13:42]     [2026-07-28 12:13:35][DEBUG][SDET] [10a] Dedup: 2.3 ms
[2026-07-28 12:13:42]     [2026-07-28 12:13:35][DEBUG][SDET] [10b] Sort: 0.4 ms
[2026-07-28 12:13:42]     [2026-07-28 12:13:35][INFO][SDET] After dedup+sort: 4126 stars (saturated=82 normal=4044)
[2026-07-28 12:13:42]     [2026-07-28 12:13:35][INFO][SDET] sdet_detect_ex done: 2000 stars (sat=82 normal=4044), 0.863 s
[2026-07-28 12:13:42]     [2026-07-28 12:13:35][INFO]   检测到星点: 2000 颗 (饱和 82, 正常 1918)
[2026-07-28 12:13:42]     [2026-07-28 12:13:35][INFO] Step 3: 图像侧选星
[2026-07-28 12:13:42]     [2026-07-28 12:13:35][INFO] 选星: 按 mag(box积分) 升序取前 60 颗 (含饱和 59 颗)
[2026-07-28 12:13:42]     [2026-07-28 12:13:35][INFO]   U 向量组: 60×2 (s0=0.9680"/px)
[2026-07-28 12:13:42]     [2026-07-28 12:13:35][INFO] Step 4: FOV/密度计算
[2026-07-28 12:13:42]     [2026-07-28 12:13:35][INFO] FOV计算: s0=0.9680"/px, FOV_diag=1.5576°, query_r=0.8567°, img_area=1.21308°², query_area=2.30566°², rho_img=49.46, rho_target=74.19, n_target=60
[2026-07-28 12:13:42]     [2026-07-28 12:13:35][INFO] Step 5: V4.9 密度公式估算极限星等 (替代迭代)
[2026-07-28 12:13:42]     [2026-07-28 12:13:35][INFO] 密度估算极限星等: G=11.051 (n_required=60, area=2.3057°², rho_target=26.02/°²)
[2026-07-28 12:13:42]     [2026-07-28 12:13:35][INFO] Step 6: 用 m_lim=11.051 查询 Gaia 星表
[2026-07-28 12:13:42]     [2026-07-28 12:13:35][WARN] V4.9 补救查询 1: Gaia 返回 36 < n_target=60, 放宽到 m=12.051
[2026-07-28 12:13:42]     [2026-07-28 12:13:35][INFO] Step 7: Gnomonic 投影 + FOV 过滤
[2026-07-28 12:13:42]     [2026-07-28 12:13:35][INFO]   W 向量组: 44×2 (FOV 内 44, 取最亮 44, gaia_ra/dec 已保存)
[2026-07-28 12:13:42]     [2026-07-28 12:13:35][INFO] === ipv_select 完成 ===
[2026-07-28 12:13:42]     [2026-07-28 12:13:35][INFO] === triangle_match 开始: N_U=60, N_W=44, n_A0=60, n_B0=60, tol=0.0020, s0=0.9680 ===
[2026-07-28 12:13:42]     [2026-07-28 12:13:35][INFO] triangle_match: stage=0 nA=60 nB=60 超过实际星数, 停止扩充
[2026-07-28 12:13:42]     [2026-07-28 12:13:35][INFO] triangle_match_single: n_A=60, n_B=44, tol=0.0020, s0=0.9680, scale=[0.8609,1.2913]
[2026-07-28 12:13:42]     [2026-07-28 12:13:35][DEBUG] stars_to_triangles: N=60, expected=34220, valid=34220, skipped_degenerate=0 (并行, 16 线程)
[2026-07-28 12:13:42]     [2026-07-28 12:13:35][DEBUG] stars_to_triangles: prune_triangle_array ba>0.9 剪枝: before=34220, after=24161, pruned=10059
[2026-07-28 12:13:42]     [2026-07-28 12:13:35][DEBUG] stars_to_triangles: N=44, expected=13244, valid=13244, skipped_degenerate=0 (并行, 16 线程)
[2026-07-28 12:13:42]     [2026-07-28 12:13:35][DEBUG] stars_to_triangles: prune_triangle_array ba>0.9 剪枝: before=13244, after=9418, pruned=3826
[2026-07-28 12:13:42]     [2026-07-28 12:13:35][INFO] make_vote_matrix: n_A=24161, n_B=9418, matched_triangles=15256, vote_matrix=60x44, scale_rejected=16140 (range=[0.8609,1.2913]) [并行 16 线程]
[2026-07-28 12:13:42]     [2026-07-28 12:13:35][INFO] top_vote_getters: 矩阵=60x44, 候选对数(vote>=2)=2605, top_n=60
[2026-07-28 12:13:42]     [2026-07-28 12:13:35][INFO] top_vote_getters: V4.25 去重后 top_pairs=44, 去重剔除=2561
[2026-07-28 12:13:42]     [2026-07-28 12:13:35][INFO]   [调试] top[0]: u=45 w=26, votes=494
[2026-07-28 12:13:42]     [2026-07-28 12:13:35][INFO]   [调试] top[1]: u=21 w=32, votes=490
[2026-07-28 12:13:42]     [2026-07-28 12:13:35][INFO]   [调试] top[2]: u=6 w=4, votes=477
[2026-07-28 12:13:42]     [2026-07-28 12:13:35][INFO]   [调试] top[3]: u=9 w=9, votes=477
[2026-07-28 12:13:42]     [2026-07-28 12:13:35][INFO]   [调试] top[4]: u=7 w=12, votes=467
[2026-07-28 12:13:42]     [2026-07-28 12:13:35][INFO]   [调试] top[5]: u=18 w=15, votes=461
[2026-07-28 12:13:42]     [2026-07-28 12:13:35][INFO]   [调试] top[6]: u=13 w=28, votes=460
[2026-07-28 12:13:42]     [2026-07-28 12:13:35][INFO]   [调试] top[7]: u=34 w=31, votes=457
[2026-07-28 12:13:42]     [2026-07-28 12:13:35][INFO]   [调试] top[8]: u=38 w=24, votes=454
[2026-07-28 12:13:42]     [2026-07-28 12:13:35][INFO]   [调试] top[9]: u=5 w=5, votes=452
[2026-07-28 12:13:42]     [2026-07-28 12:13:35][INFO] triangle_match_single 完成: tri_A=24161, tri_B=9418, vote_matrix=60x44, max_vote=494, 候选对数(vote>=2)=2605, top_pairs=44
[2026-07-28 12:13:42]     [2026-07-28 12:13:35][INFO] === triangle_match 结束: tri_A=24161, tri_B=9418, top_pairs=44, max_vote=494, success=1 ===
[2026-07-28 12:13:42]     [2026-07-28 12:13:35][INFO] [V4.22] n_target=60, max_vote=494, threshold=2
[2026-07-28 12:13:42]     [2026-07-28 12:13:35][INFO]   [阶段] triangle_match (n=60): 38.48 ms, max_vote=494, top_pairs=44, success=1
[2026-07-28 12:13:42]     [2026-07-28 12:13:35][INFO] [V4.22] max_vote=494 >= threshold=2, 停止扩充
[2026-07-28 12:13:42]     [2026-07-28 12:13:35][INFO]   [阶段] StarSelector+triangle_match (V4.22 自适应): 969.49 ms, n_target_used=60
[2026-07-28 12:13:42]     [2026-07-28 12:13:35][INFO]   N_U=60, N_W=44, s0=0.9680 arcsec/px, img=4096x4096, fov_diag=1.5576 deg, n_target_used=60
[2026-07-28 12:13:42]     [2026-07-28 12:13:35][INFO] iter_trans_solve: U=60, W=44, initial_pairs=44, tol=5.00, order=3
[2026-07-28 12:13:42]     [2026-07-28 12:13:35][DEBUG] calc_trans_general: order=3, n_pairs=20, 拟合成功
[2026-07-28 12:13:42]     [2026-07-28 12:13:35][INFO] iter_trans_inner: 初始拟合完成, 初始工作集=20, order=3
[2026-07-28 12:13:42]     [2026-07-28 12:13:35][INFO]   [调试] 初始 TRANS: x00=5.8257 y00=0.7939, x10=0.011805 x01=-0.966435 y10=-0.966667 y01=-0.011826
[2026-07-28 12:13:42]     [2026-07-28 12:13:35][INFO]   [调试] 初始对[0]: u=45 w=26, U=(681.42,-303.31), W=(306.79,-654.10), pred=(306.91,-654.03), dist=0.1427" (dx=0.12 dy=0.08)
[2026-07-28 12:13:42]     [2026-07-28 12:13:35][INFO]   [调试] 初始对[1]: u=21 w=32, U=(815.58,331.76), W=(-305.05,-790.81), pred=(-304.96,-791.00), dist=0.2100" (dx=0.09 dy=-0.19)
[2026-07-28 12:13:42]     [2026-07-28 12:13:35][INFO]   [调试] 初始对[2]: u=6 w=4, U=(-1745.21,681.67), W=(-671.15,1673.44), pred=(-671.08,1673.32), dist=0.1420" (dx=0.07 dy=-0.12)
[2026-07-28 12:13:42]     [2026-07-28 12:13:35][INFO]   [调试] 初始对[3]: u=9 w=9, U=(446.58,-735.43), W=(721.84,-421.67), pred=(721.45,-421.91), dist=0.4601" (dx=-0.39 dy=-0.24)
[2026-07-28 12:13:42]     [2026-07-28 12:13:35][INFO]   [调试] 初始对[4]: u=7 w=12, U=(-175.49,-1876.65), W=(1811.82,192.23), pred=(1811.68,192.09), dist=0.1936" (dx=-0.14 dy=-0.13)
[2026-07-28 12:13:42]     [2026-07-28 12:13:35][INFO]   [调试] 初始对[5]: u=18 w=15, U=(1910.47,617.56), W=(-566.47,-1846.52), pred=(-566.41,-1846.41), dist=0.1304" (dx=0.07 dy=0.11)
[2026-07-28 12:13:42]     [2026-07-28 12:13:35][INFO] iter_trans_inner: V4.23 工作集扩展 20->44 (nr=nbright)
[2026-07-28 12:13:42]     [2026-07-28 12:13:35][DEBUG] iter 0: 绝对剔除 nr=44→37, nb=7
[2026-07-28 12:13:42]     [2026-07-28 12:13:35][DEBUG] iter 0: sigma(35%)=0.020160 角秒²
[2026-07-28 12:13:42]     [2026-07-28 12:13:35][DEBUG] iter 0: 相对剔除 nr=28, nb=16, rel_thresh=0.201598
[2026-07-28 12:13:42]     [2026-07-28 12:13:35][DEBUG] calc_trans_general: order=3, n_pairs=28, 拟合成功
[2026-07-28 12:13:42]     [2026-07-28 12:13:35][INFO] iter_trans_inner: 完成, nr=28, sig=0.0236, rms=0.1594, iters=1, success=1
[2026-07-28 12:13:42]     [2026-07-28 12:13:35][INFO] iter_trans_solve: 第一轮 iter_trans 成功, inliers=28, rms=0.1594
[2026-07-28 12:13:42]     [2026-07-28 12:13:35][INFO] at_match_lists: U=60, W=44, tol=5.00", U→W单向=37, W→U单向=37, 双向=37, 去重后=37
[2026-07-28 12:13:42]     [2026-07-28 12:13:35][DEBUG] calc_trans_general: order=3, n_pairs=37, 拟合成功
[2026-07-28 12:13:42]     [2026-07-28 12:13:35][INFO] at_recalc_trans: 二轮 sigma-clip (thresh=0.955", 剔除=1, 保留=36)
[2026-07-28 12:13:42]     [2026-07-28 12:13:35][DEBUG] calc_trans_general: order=3, n_pairs=36, 拟合成功
[2026-07-28 12:13:42]     [2026-07-28 12:13:35][INFO] at_recalc_trans: 二轮完成, n=36, sig=0.0684, sx=0.1855, sy=0.1329, rms=0.2709
[2026-07-28 12:13:42]     [2026-07-28 12:13:35][INFO] at_recalc_trans: n=36, order=3, sig=0.0684, sx=0.1855, sy=0.1329, rms=0.2709
[2026-07-28 12:13:42]     [2026-07-28 12:13:35][INFO] iter_trans_solve: 第一轮 refit 成功, inliers=36, rms=0.2709
[2026-07-28 12:13:42]     [2026-07-28 12:13:35][INFO] at_match_lists: U=60, W=44, tol=5.00", U→W单向=37, W→U单向=37, 双向=37, 去重后=37
[2026-07-28 12:13:42]     [2026-07-28 12:13:35][DEBUG] calc_trans_general: order=3, n_pairs=37, 拟合成功
[2026-07-28 12:13:42]     [2026-07-28 12:13:35][INFO] at_recalc_trans: 二轮 sigma-clip (thresh=0.955", 剔除=1, 保留=36)
[2026-07-28 12:13:42]     [2026-07-28 12:13:35][DEBUG] calc_trans_general: order=3, n_pairs=36, 拟合成功
[2026-07-28 12:13:42]     [2026-07-28 12:13:35][INFO] at_recalc_trans: 二轮完成, n=36, sig=0.0684, sx=0.1855, sy=0.1329, rms=0.2709
[2026-07-28 12:13:42]     [2026-07-28 12:13:35][INFO] at_recalc_trans: n=36, order=3, sig=0.0684, sx=0.1855, sy=0.1329, rms=0.2709
[2026-07-28 12:13:42]     [2026-07-28 12:13:35][INFO] iter_trans_solve: 第二轮 refit 成功, inliers=36, rms=0.2709
[2026-07-28 12:13:42]     [2026-07-28 12:13:35][INFO]   [诊断] it_result 检查: n_inliers=36, inliers.size=36, rms=0.2709, n_iterations=3, success=1, trans.order=3, trans.valid=1
[2026-07-28 12:13:42]     [2026-07-28 12:13:35][INFO]   [诊断] it_result.trans: x00=5.7745 y00=0.8489 x10=0.011693 x01=-0.966835 y10=-0.966641 y01=-0.011888
[2026-07-28 12:13:42]     [2026-07-28 12:13:35][INFO]   [诊断] it_result.inliers 前5对:
[2026-07-28 12:13:42]     [2026-07-28 12:13:35][INFO]     inliers[0]: u=1 w=3
[2026-07-28 12:13:42]     [2026-07-28 12:13:35][INFO]     inliers[1]: u=2 w=1
[2026-07-28 12:13:42]     [2026-07-28 12:13:35][INFO]     inliers[2]: u=3 w=6
[2026-07-28 12:13:42]     [2026-07-28 12:13:35][INFO]     inliers[3]: u=4 w=7
[2026-07-28 12:13:42]     [2026-07-28 12:13:35][INFO]     inliers[4]: u=5 w=5
[2026-07-28 12:13:42]     [2026-07-28 12:13:35][INFO]   [诊断] 准备打印阶段耗时日志...
[2026-07-28 12:13:42]     [2026-07-28 12:13:35][INFO]   [阶段] iter_trans_solve: 0.40 ms, n_inliers=36, rms=0.2709, iters=3, success=1
[2026-07-28 12:13:42]     [2026-07-28 12:13:35][INFO]   iter_trans TRANS: order=3, x00=5.7745 y00=0.8489 (px), x10=0.011693 x01=-0.966835 y10=-0.966641 y01=-0.011888
[2026-07-28 12:13:42]     [2026-07-28 12:13:35][INFO]   [诊断] 准备调用 iterative_reproject...
[2026-07-28 12:13:42]     [2026-07-28 12:13:35][INFO]   [诊断] iterative_reproject 入口: U.size=60, gaia_ra.size=44, gaia_dec.size=44, initial_inliers.size=36, s0=0.9680, img=4096x4096
[2026-07-28 12:13:42]     [2026-07-28 12:13:35][INFO] iterative_reproject: 开始 (N_W=44, n_inliers=36, s0=0.9680"/px, max_iter=5, conv_thresh=0.0100")
[2026-07-28 12:13:42]     [2026-07-28 12:13:35][INFO]   iter 0: ra_cur=248.608333 dec_cur=-15.759722, xi_center=5.7745" eta_center=0.8489", conv=5.8366" (thresh=0.0100")
[2026-07-28 12:13:42]     [2026-07-28 12:13:35][INFO]   iter 0: 新中心 ra=248.610000 dec=-15.759486 (Δra=0.001667° Δdec=0.000236°)
[2026-07-28 12:13:42]     [2026-07-28 12:13:35][DEBUG] calc_trans_general: order=3, n_pairs=36, 拟合成功
[2026-07-28 12:13:42]     [2026-07-28 12:13:35][INFO] at_recalc_trans: n=36, order=3, sig=0.0684, sx=0.1855, sy=0.1329, rms=0.2709
[2026-07-28 12:13:42]     [2026-07-28 12:13:35][INFO]   iter 0: at_recalc_trans 成功, n=36, sig=0.0684, rms=0.2709, x00=-0.0000 y00=-0.0000 (asec)
[2026-07-28 12:13:42]     [2026-07-28 12:13:35][INFO]   iter 1: 收敛 (TRANS 常数项 = 0.0000" < 0.0100")
[2026-07-28 12:13:42]     [2026-07-28 12:13:35][INFO] iterative_reproject: 完成 (收敛), ra=248.608333→248.610000 dec=-15.759722→-15.759486, n_matched=36 (固定), iters=1, conv=0.0000"
[2026-07-28 12:13:42]     [2026-07-28 12:13:35][INFO]   [诊断] iterative_reproject 返回: success=1, n_matched=36, n_iterations=1, convergence=0.0000, ra0=248.610000, dec0=-15.759486, matched.size=36, trans.order=3
[2026-07-28 12:13:42]     [2026-07-28 12:13:35][INFO]   [阶段] iterative_reproject: 0.47 ms, success=1, ra=248.608333→248.610000, dec=-15.759722→-15.759486, n_matched=36, iters=1, conv=0.0000"
[2026-07-28 12:13:42]     [2026-07-28 12:13:35][INFO] at_match_lists: U=60, W=44, tol=5.00", U→W单向=37, W→U单向=37, 双向=37, 去重后=37
[2026-07-28 12:13:42]     [2026-07-28 12:13:35][INFO]   [阶段] hi_order_rematch iter 0: n_matched=37 (min=10, order=3)
[2026-07-28 12:13:42]     [2026-07-28 12:13:35][DEBUG] calc_trans_general: order=3, n_pairs=37, 拟合成功
[2026-07-28 12:13:42]     [2026-07-28 12:13:35][INFO] at_recalc_trans: 二轮 sigma-clip (thresh=0.955", 剔除=1, 保留=36)
[2026-07-28 12:13:42]     [2026-07-28 12:13:35][DEBUG] calc_trans_general: order=3, n_pairs=36, 拟合成功
[2026-07-28 12:13:42]     [2026-07-28 12:13:35][INFO] at_recalc_trans: 二轮完成, n=36, sig=0.0684, sx=0.1855, sy=0.1329, rms=0.2709
[2026-07-28 12:13:42]     [2026-07-28 12:13:35][INFO] at_recalc_trans: n=36, order=3, sig=0.0684, sx=0.1855, sy=0.1329, rms=0.2709
[2026-07-28 12:13:42]     [2026-07-28 12:13:35][INFO] at_match_lists: U=60, W=44, tol=5.00", U→W单向=37, W→U单向=37, 双向=37, 去重后=37
[2026-07-28 12:13:42]     [2026-07-28 12:13:35][DEBUG] calc_trans_general: order=3, n_pairs=37, 拟合成功
[2026-07-28 12:13:42]     [2026-07-28 12:13:35][INFO] at_recalc_trans: 二轮 sigma-clip (thresh=0.955", 剔除=1, 保留=36)
[2026-07-28 12:13:42]     [2026-07-28 12:13:35][DEBUG] calc_trans_general: order=3, n_pairs=36, 拟合成功
[2026-07-28 12:13:42]     [2026-07-28 12:13:35][INFO] at_recalc_trans: 二轮完成, n=36, sig=0.0684, sx=0.1855, sy=0.1329, rms=0.2709
[2026-07-28 12:13:42]     [2026-07-28 12:13:35][INFO] at_recalc_trans: n=36, order=3, sig=0.0684, sx=0.1855, sy=0.1329, rms=0.2709
[2026-07-28 12:13:42]     [2026-07-28 12:13:35][INFO]   [阶段] hi_order_rematch iter 1: 收敛 (dn=0, drms=0.0000)
[2026-07-28 12:13:42]     [2026-07-28 12:13:35][INFO]   [阶段] hi_order_rematch: 0.09 ms, n_matched=37, trans.order=3
[2026-07-28 12:13:42]     [2026-07-28 12:13:35][INFO] ==== robust_refine_wcs 开始 (V4.30) ====
[2026-07-28 12:13:42]       U_full=2000, mag_full=2000, gaia=44
[2026-07-28 12:13:42]       ra0=248.610000, dec0=-15.759486, s0=0.9680"/px, fov=1.5576°, img=4096x4096
[2026-07-28 12:13:42]       initial_rms=0.0684", trans.order=3
[2026-07-28 12:13:42]     [2026-07-28 12:13:35][INFO]   [robust_refine] 网格采样: FOV=1.558°, G_short=3, N_long=3, n_cells=9, quota=20, narrow_all=0, N_full=2000
[2026-07-28 12:13:42]     [2026-07-28 12:13:35][INFO]   [robust_refine] 网格采样完成: 选中 180 颗 (上限 300, 下限 100)
[2026-07-28 12:13:42]     [2026-07-28 12:13:35][INFO]   [robust_refine] NN 匹配: U=180, W=44, tol=1.000", Lowe通过=40, 双向=40
[2026-07-28 12:13:42]     [2026-07-28 12:13:35][INFO]   [robust_refine] baseline: initial_rms=0.0684" (60星), U_pool RMS=0.2791" (180 星, matched=40)
[2026-07-28 12:13:42]     [2026-07-28 12:13:35][INFO]   [robust_refine] NN 匹配: U=180, W=44, tol=1.000", Lowe通过=40, 双向=40
[2026-07-28 12:13:42]     [2026-07-28 12:13:35][INFO]   [robust_refine] 空间一致性: 2/40 可疑 (K=8, σ=0.135")
[2026-07-28 12:13:42]     [2026-07-28 12:13:35][INFO]   [robust_refine] iter 0: tol=1.000", matched=40, rms=0.2791"→0.2791", cd_Δ=0.5112%, damp=0.00e+00
[2026-07-28 12:13:42]     [2026-07-28 12:13:35][INFO]   [robust_refine] iter 0: 收敛 (conv_dp=0, conv_rms=1)
[2026-07-28 12:13:42]     [2026-07-28 12:13:35][INFO] ==== robust_refine_wcs 成功 ====
[2026-07-28 12:13:42]       iter=1, matched=40, rms=0.2791" (0.2883 px), cd_Δ=0.5112%, pool=180
[2026-07-28 12:13:42]     [2026-07-28 12:13:35][INFO]   [阶段] robust_refine: 成功, n_matched=40, rms=0.2791", iter=1, pool=180, cd_Δ=0.5112%
[2026-07-28 12:13:42]     [2026-07-28 12:13:35][INFO]   [阶段] robust_refine: 0.23 ms
[2026-07-28 12:13:42]     [2026-07-28 12:13:35][INFO]   [诊断] 准备调用 extract_wcs_sip: W_final.size=44, matched.size=40, U_for_wcs.size=2000 (robust=1)
[2026-07-28 12:13:42]     [2026-07-28 12:13:35][INFO]   [诊断] extract_wcs_sip 入口: trans.order=3, trans.valid=1, ra0=248.610000, dec0=-15.759486, img=4096x4096, s0=0.9680, U.size=2000, W.size=44, matched.size=40
[2026-07-28 12:13:42]     [2026-07-28 12:13:35][INFO]   [V4.22] 清零 trans.x00/y00 (saved: x00=0.0103, y00=-0.0554)
[2026-07-28 12:13:42]     [2026-07-28 12:13:35][INFO] extract_wcs_sip: SIP A/B 解析公式成功, order=3
[2026-07-28 12:13:42]     [2026-07-28 12:13:35][INFO] extract_wcs_sip: SIP AP/BP 网格反变换成功, ap_order=3, n_inv_coef=10, n_grid=49
[2026-07-28 12:13:42]     [2026-07-28 12:13:35][INFO] extract_wcs_sip: CD=[3.258610e-06 2.685502e-04; -2.685163e-04 3.321235e-06], CRVAL=(248.610000, -15.759486), CRPIX=(2048.5, 2048.5), ctype=[RA---TAN-SIP, DEC--TAN-SIP], n_pairs=40, rms_px=0.2883, rms_arcsec=0.2791, trans_order=3, sip_order=3, ap_order=3
[2026-07-28 12:13:42]     [2026-07-28 12:13:35] [INFO] [MainThread] solve_and_write_wcs: 日志系统初始化完成，日志文件: F:\Astro dev\Astro CS Normalization Database\lib\plate_solve\python\..\logs\solve_and_write_wcs_20260728_121335.log
[2026-07-28 12:13:42]       保存带 WCS 的 FITS: f:\Astro dev\Astro CS Normalization Database\LDN43_LRGBH_flying_dutchman-20250503@040855-1200S-Blue_solved.fits
[2026-07-28 12:13:42]     [2026-07-28 12:13:35] [INFO] [MainThread] solve_and_write_wcs: ----------------------------------------
[2026-07-28 12:13:42]     [2026-07-28 12:13:35] [INFO] [MainThread] solve_and_write_wcs: 写入 WCS 关键字到 FITS 文件
[2026-07-28 12:13:42]     [2026-07-28 12:13:35] [INFO] [MainThread] solve_and_write_wcs:   文件: f:\Astro dev\Astro CS Normalization Database\LDN43_LRGBH_flying_dutchman-20250503@040855-1200S-Blue_solved.fits
[2026-07-28 12:13:42]     [2026-07-28 12:13:35] [INFO] [MainThread] solve_and_write_wcs:   overwrite=True
[2026-07-28 12:13:42]     [2026-07-28 12:13:36] [INFO] [MainThread] solve_and_write_wcs:   CTYPE1=RA---TAN-SIP, CTYPE2=DEC--TAN-SIP
[2026-07-28 12:13:42]     [2026-07-28 12:13:36] [INFO] [MainThread] solve_and_write_wcs:   CRVAL1=248.61000002, CRVAL2=-15.75948642
[2026-07-28 12:13:42]     [2026-07-28 12:13:36] [INFO] [MainThread] solve_and_write_wcs:   CRPIX1=2048.5000, CRPIX2=2048.5000
[2026-07-28 12:13:42]     [2026-07-28 12:13:36] [INFO] [MainThread] solve_and_write_wcs:   CD1_1=3.2586101535e-06, CD1_2=2.6855021501e-04
[2026-07-28 12:13:42]     [2026-07-28 12:13:36] [INFO] [MainThread] solve_and_write_wcs:   CD2_1=-2.6851634452e-04, CD2_2=3.3212345760e-06
[2026-07-28 12:13:42]     [2026-07-28 12:13:36] [INFO] [MainThread] solve_and_write_wcs:   SIP_ORDER=3
[2026-07-28 12:13:42]     [2026-07-28 12:13:36] [INFO] [MainThread] solve_and_write_wcs:   SIP A/B 系数: 11 个 (order=3)
[2026-07-28 12:13:42]     [2026-07-28 12:13:36] [INFO] [MainThread] solve_and_write_wcs:   SIP AP/BP 系数: 11 个 (order=3)
[2026-07-28 12:13:42]     [2026-07-28 12:13:36] [INFO] [MainThread] solve_and_write_wcs: 已删除 13 个旧 WCS 关键字
[2026-07-28 12:13:42]     [2026-07-28 12:13:36] [INFO] [MainThread] solve_and_write_wcs:   WCS 关键字写入完成
[2026-07-28 12:13:42]       Gaia cone_search: radius=0.83°, mag<=18.0
[2026-07-28 12:13:42]       Gaia 返回: 7578 颗星
[2026-07-28 12:13:42]       图像范围内: 3999 颗星
[2026-07-28 12:13:42]       标记前 1000 颗最亮星 (mag 6.90~15.76)
[2026-07-28 12:13:42]       Siril MTF 拉伸...
[2026-07-28 12:13:42]       渲染 PNG...
[2026-07-28 12:13:42]       => f:\Astro dev\Astro CS Normalization Database\LDN43_LRGBH_flying_dutchman-20250503@040855-1200S-Blue_reproject.png (4096x4096)
[2026-07-28 12:13:42]     
[2026-07-28 12:13:42]     结果: success=True, RMS=0.279", n_marked=1000, elapsed=6.6s
[2026-07-28 12:13:42]     [2026-07-28 12:13:35][INFO]   [阶段] extract_wcs_sip: 0.05 ms, success=1, n_pairs=40, rms_px=0.288, rms_arcsec=0.279, trans_order=3, sip_order=3
[2026-07-28 12:13:42]     [2026-07-28 12:13:35][INFO] ==== IPVSolver::solve 完成 (V4.22) ====
[2026-07-28 12:13:42]     [2026-07-28 12:13:35][INFO]   最终: n_pairs=40, rms_px=0.288, rms_arcsec=0.279, trans_order=3, sip_order=3, success=1
[2026-07-28 12:13:42]     [2026-07-28 12:13:42][INFO][SDET] StarDetector destroyed
[2026-07-28 12:13:42]   PNG: f:\Astro dev\Astro CS Normalization Database\T2_BLUE_LDN43_reproject.png
[2026-07-28 12:13:42]   FITS: f:\Astro dev\Astro CS Normalization Database\T2_BLUE_LDN43_solved.fits
[2026-07-28 12:13:42] 
[2026-07-28 12:13:42] [4/8] T2_HA_LDN43
[2026-07-28 12:13:42]   源 FITS: f:\Astro dev\Astro CS Normalization Database\testdata\LDN43_T2素材_flying_dutchman\lights\LDN43_LRGBH_flying_dutchman-20250503@042947-1200S-H-alpha.fts
[2026-07-28 12:13:42]   运行: python visualize_reproject.py --single --input f:\Astro dev\Astro CS Normalization Database\testdata\LDN43_T2素材_flying_dutchman\lights\LDN43_LRGBH_flying_dutchman-20250503@042947-1200S-H-alpha.fts --output-dir f:\Astro dev\Astro CS Normalization Database --save-solved-fits
[2026-07-28 12:13:50]     
[2026-07-28 12:13:50]     ======================================================================
[2026-07-28 12:13:50]     初始化可视化环境
[2026-07-28 12:13:50]     ======================================================================
[2026-07-28 12:13:50]     [1/4] GaiaClient: F:\Astro dev\Astro CS Normalization Database\GaiaDR3SP (db_type=2)
[2026-07-28 12:13:50]     [2/4] StarDetector
[2026-07-28 12:13:50]     [2026-07-28 12:13:43][INFO][SDET] StarDetector created (fitRadius=0, fwhmClipSigma=3.0, maxAxisRatio=2.0)
[2026-07-28 12:13:50]     [3/4] IPVSolver
[2026-07-28 12:13:50]     [4/4] ImageReader
[2026-07-28 12:13:50]     [2026-07-28 12:13:43][INFO][FITS] Reading header only: f:\Astro dev\Astro CS Normalization Database\testdata\LDN43_T2素材_flying_dutchman\lights\LDN43_LRGBH_flying_dutchman-20250503@042947-1200S-H-alpha.fts
[2026-07-28 12:13:50]     [2026-07-28 12:13:43][INFO][FITS] Reading header only: f:\Astro dev\Astro CS Normalization Database\testdata\LDN43_T2素材_flying_dutchman\lights\LDN43_LRGBH_flying_dutchman-20250503@042947-1200S-H-alpha.fts
[2026-07-28 12:13:50]       图像: 4096x4096, FOV=1.10°, LDN43_LRGBH_flying_dutchman
[2026-07-28 12:13:50]       指向: RA=248.6083°, Dec=-15.7597°, fl=1917.7mm, ps=9.0um
[2026-07-28 12:13:50]     [2026-07-28 12:13:43][INFO][FITS] Reading: f:\Astro dev\Astro CS Normalization Database\testdata\LDN43_T2素材_flying_dutchman\lights\LDN43_LRGBH_flying_dutchman-20250503@042947-1200S-H-alpha.fts
[2026-07-28 12:13:50]     [2026-07-28 12:13:43][INFO][FITS] Header: BITPIX=16 NAXIS=2 NAXIS1=4096 NAXIS2=4096 NAXIS3=0 BSCALE=1.0 BZERO=32768.0 keywords=119
[2026-07-28 12:13:50]     [2026-07-28 12:13:43][INFO][FITS] Applying BSCALE=1.000000 BZERO=32768.000000
[2026-07-28 12:13:50]     [2026-07-28 12:13:43][INFO][FITS] Read OK: 4096x4096 1ch BITPIX=16
[2026-07-28 12:13:50]     [2026-07-28 12:13:43][INFO][API] aio_read_fits: 0.034 s
[2026-07-28 12:13:50]       Plate solving...
[2026-07-28 12:13:50]     [2026-07-28 12:13:43][INFO] ==== IPVSolver::solve 开始 (V4.19 统一求解) ====
[2026-07-28 12:13:50]     [2026-07-28 12:13:43][INFO]   image_path=f:\Astro dev\Astro CS Normalization Database\testdata\LDN43_T2素材_flying_dutchman\lights\LDN43_LRGBH_flying_dutchman-20250503@042947-1200S-H-alpha.fts
[2026-07-28 12:13:50]     [2026-07-28 12:13:43][INFO]   ra0=248.608333 deg, dec0=-15.759722 deg
[2026-07-28 12:13:50]     [2026-07-28 12:13:43][INFO]   focal_length=1917.700 mm, pixel_size=9.000 um
[2026-07-28 12:13:50]     [2026-07-28 12:13:43][INFO]   gaia_handle=2447039479952, detector_handle=2446102751168
[2026-07-28 12:13:50]     [2026-07-28 12:13:43][INFO] === ipv_select 启动 ===
[2026-07-28 12:13:50]     [2026-07-28 12:13:43][INFO] ipv_select: 依赖 DLL 全部加载成功
[2026-07-28 12:13:50]     [2026-07-28 12:13:43][INFO] Step 1: 读取图像 f:\Astro dev\Astro CS Normalization Database\testdata\LDN43_T2素材_flying_dutchman\lights\LDN43_LRGBH_flying_dutchman-20250503@042947-1200S-H-alpha.fts
[2026-07-28 12:13:50]     [2026-07-28 12:13:43][INFO][FITS] Reading: f:\Astro dev\Astro CS Normalization Database\testdata\LDN43_T2素材_flying_dutchman\lights\LDN43_LRGBH_flying_dutchman-20250503@042947-1200S-H-alpha.fts
[2026-07-28 12:13:50]     [2026-07-28 12:13:43][INFO][FITS] Header: BITPIX=16 NAXIS=2 NAXIS1=4096 NAXIS2=4096 NAXIS3=0 BSCALE=1.0 BZERO=32768.0 keywords=119
[2026-07-28 12:13:50]     [2026-07-28 12:13:43][INFO][FITS] Applying BSCALE=1.000000 BZERO=32768.000000
[2026-07-28 12:13:50]     [2026-07-28 12:13:43][INFO][FITS] Read OK: 4096x4096 1ch BITPIX=16
[2026-07-28 12:13:50]     [2026-07-28 12:13:43][INFO][API] aio_read_fits: 0.035 s
[2026-07-28 12:13:50]     [2026-07-28 12:13:43][INFO]   图像尺寸: 4096×4096
[2026-07-28 12:13:50]     [2026-07-28 12:13:43][INFO] Step 2: 星点检测
[2026-07-28 12:13:50]     [2026-07-28 12:13:43][INFO][SDET] sdet_detect_ex start: 4096x4096
[2026-07-28 12:13:50]     [2026-07-28 12:13:43][DEBUG][SDET] [1] uint16→float: 17.2 ms
[2026-07-28 12:13:50]     [2026-07-28 12:13:43][DEBUG][SDET] [2] Gaussian YvV smooth (sigma=2.0): 132.9 ms
[2026-07-28 12:13:50]     [2026-07-28 12:13:43][INFO][SDET] peaker: median=1083.0000 bgnoise=10.8744 threshold=1137.3721 (median+5*bgnoise)
[2026-07-28 12:13:50]     [2026-07-28 12:13:43][DEBUG][SDET] [3] Threshold: 316.3 ms
[2026-07-28 12:13:50]     [2026-07-28 12:13:43][INFO][SDET] peaker: bg=1083.0 maxi=65535.0 norm=65535.0 dynrange=64452.0 minsatlevel=45116.4 satrange=6445.2 s_factor=3.7169 locthreshold=54.3720
[2026-07-28 12:13:50]     [2026-07-28 12:13:43][DEBUG][SDET] [4] peaker: 32.2 ms (1987 candidates, full peaker 7-step)
[2026-07-28 12:13:50]     [2026-07-28 12:13:43][INFO][SDET] Candidates: 1987
[2026-07-28 12:13:50]     [2026-07-28 12:13:43][INFO][SDET] Peaker stages: pass_threshold=321415 pass_localmax=13551 pass_count3=2449 pass_boundary=2449 | cond_meanhigh=11 cond_platform=2394 sat_both=5 nonsat=2444
[2026-07-28 12:13:50]     [2026-07-28 12:13:43][INFO][SDET] Auto fitRadius: med_pixels=51 fwhm_est=3.51 auto_radius=10 actual=10
[2026-07-28 12:13:50]     [2026-07-28 12:13:43][INFO][SDET] Task6 candidates sorted by mag_est (desc): maxstars=2000 candidates=1987
[2026-07-28 12:13:50]     [2026-07-28 12:13:43][DEBUG][SDET] [6] Moffat4 fit: 141.3 ms (1890/1987 OK)
[2026-07-28 12:13:50]     [2026-07-28 12:13:43][INFO][SDET] Moffat4 fit: 1890/1987 OK
[2026-07-28 12:13:50]     [2026-07-28 12:13:43][INFO][SDET] === Fit statistics by pixel count ===
[2026-07-28 12:13:50]     [2026-07-28 12:13:43][INFO][SDET]   px[5-9]: total=31 ok=30(96.8%) invalid=0 noconv=1 iterlimit=0
[2026-07-28 12:13:50]     [2026-07-28 12:13:43][INFO][SDET]   px[10-19]: total=180 ok=166(92.2%) invalid=0 noconv=14 iterlimit=0
[2026-07-28 12:13:50]     [2026-07-28 12:13:43][INFO][SDET]   px[20-49]: total=681 ok=633(93.0%) invalid=0 noconv=48 iterlimit=0
[2026-07-28 12:13:50]     [2026-07-28 12:13:43][INFO][SDET]   px[50-99]: total=556 ok=533(95.9%) invalid=0 noconv=23 iterlimit=0
[2026-07-28 12:13:50]     [2026-07-28 12:13:43][INFO][SDET]   px[100-299]: total=444 ok=440(99.1%) invalid=0 noconv=4 iterlimit=0
[2026-07-28 12:13:50]     [2026-07-28 12:13:43][DEBUG][SDET] [7] FWHM stats: 0.5 ms (med=3.7359 mad=0.3856)
[2026-07-28 12:13:50]     [2026-07-28 12:13:43][INFO][SDET] FWHM stats: med=3.7359 mad=0.3856 (from 1890 fitted stars)
[2026-07-28 12:13:50]     [2026-07-28 12:13:43][DEBUG][SDET] [8] Build normal stars: 1.7 ms (1347 stars, fit_fail=97 fwhm=0 round=56 reject=487)
[2026-07-28 12:13:50]     [2026-07-28 12:13:43][INFO][SDET] Normal stars: 1347 (fit_fail=97 fwhm=0 roundness=56 reject=487)
[2026-07-28 12:13:50]     [2026-07-28 12:13:43][DEBUG][SDET] [9] Saturated star detection skipped (V4.52: use A>dynrange from peaker): 0.1 ms
[2026-07-28 12:13:50]     [2026-07-28 12:13:43][DEBUG][SDET] [10a] Dedup: 0.5 ms
[2026-07-28 12:13:50]     [2026-07-28 12:13:43][DEBUG][SDET] [10b] Sort: 0.1 ms
[2026-07-28 12:13:50]     [2026-07-28 12:13:43][INFO][SDET] After dedup+sort: 1347 stars (saturated=8 normal=1339)
[2026-07-28 12:13:50]     [2026-07-28 12:13:43][INFO][SDET] sdet_detect_ex done: 1347 stars (sat=8 normal=1339), 0.643 s
[2026-07-28 12:13:50]     [2026-07-28 12:13:43][INFO]   检测到星点: 1347 颗 (饱和 8, 正常 1339)
[2026-07-28 12:13:50]     [2026-07-28 12:13:43][INFO] Step 3: 图像侧选星
[2026-07-28 12:13:50]     [2026-07-28 12:13:43][INFO] 选星: 按 mag(box积分) 升序取前 60 颗 (含饱和 8 颗)
[2026-07-28 12:13:50]     [2026-07-28 12:13:43][INFO]   U 向量组: 60×2 (s0=0.9680"/px)
[2026-07-28 12:13:50]     [2026-07-28 12:13:43][INFO] Step 4: FOV/密度计算
[2026-07-28 12:13:50]     [2026-07-28 12:13:43][INFO] FOV计算: s0=0.9680"/px, FOV_diag=1.5576°, query_r=0.8567°, img_area=1.21308°², query_area=2.30566°², rho_img=49.46, rho_target=74.19, n_target=60
[2026-07-28 12:13:50]     [2026-07-28 12:13:43][INFO] Step 5: V4.9 密度公式估算极限星等 (替代迭代)
[2026-07-28 12:13:50]     [2026-07-28 12:13:43][INFO] 密度估算极限星等: G=11.051 (n_required=60, area=2.3057°², rho_target=26.02/°²)
[2026-07-28 12:13:50]     [2026-07-28 12:13:43][INFO] Step 6: 用 m_lim=11.051 查询 Gaia 星表
[2026-07-28 12:13:50]     [2026-07-28 12:13:43][WARN] V4.9 补救查询 1: Gaia 返回 36 < n_target=60, 放宽到 m=12.051
[2026-07-28 12:13:50]     [2026-07-28 12:13:43][INFO] Step 7: Gnomonic 投影 + FOV 过滤
[2026-07-28 12:13:50]     [2026-07-28 12:13:43][INFO]   W 向量组: 44×2 (FOV 内 44, 取最亮 44, gaia_ra/dec 已保存)
[2026-07-28 12:13:50]     [2026-07-28 12:13:43][INFO] === ipv_select 完成 ===
[2026-07-28 12:13:50]     [2026-07-28 12:13:43][INFO] === triangle_match 开始: N_U=60, N_W=44, n_A0=60, n_B0=60, tol=0.0020, s0=0.9680 ===
[2026-07-28 12:13:50]     [2026-07-28 12:13:43][INFO] triangle_match: stage=0 nA=60 nB=60 超过实际星数, 停止扩充
[2026-07-28 12:13:50]     [2026-07-28 12:13:43][INFO] triangle_match_single: n_A=60, n_B=44, tol=0.0020, s0=0.9680, scale=[0.8609,1.2913]
[2026-07-28 12:13:50]     [2026-07-28 12:13:43][DEBUG] stars_to_triangles: N=60, expected=34220, valid=34220, skipped_degenerate=0 (并行, 16 线程)
[2026-07-28 12:13:50]     [2026-07-28 12:13:43][DEBUG] stars_to_triangles: prune_triangle_array ba>0.9 剪枝: before=34220, after=24880, pruned=9340
[2026-07-28 12:13:50]     [2026-07-28 12:13:43][DEBUG] stars_to_triangles: N=44, expected=13244, valid=13244, skipped_degenerate=0 (并行, 16 线程)
[2026-07-28 12:13:50]     [2026-07-28 12:13:43][DEBUG] stars_to_triangles: prune_triangle_array ba>0.9 剪枝: before=13244, after=9418, pruned=3826
[2026-07-28 12:13:50]     [2026-07-28 12:13:44][INFO] make_vote_matrix: n_A=24880, n_B=9418, matched_triangles=18585, vote_matrix=60x44, scale_rejected=16586 (range=[0.8609,1.2913]) [并行 16 线程]
[2026-07-28 12:13:50]     [2026-07-28 12:13:44][INFO] top_vote_getters: 矩阵=60x44, 候选对数(vote>=2)=2611, top_n=60
[2026-07-28 12:13:50]     [2026-07-28 12:13:44][INFO] top_vote_getters: V4.25 去重后 top_pairs=44, 去重剔除=2567
[2026-07-28 12:13:50]     [2026-07-28 12:13:44][INFO]   [调试] top[0]: u=24 w=26, votes=648
[2026-07-28 12:13:50]     [2026-07-28 12:13:44][INFO]   [调试] top[1]: u=32 w=32, votes=637
[2026-07-28 12:13:50]     [2026-07-28 12:13:44][INFO]   [调试] top[2]: u=3 w=4, votes=621
[2026-07-28 12:13:50]     [2026-07-28 12:13:44][INFO]   [调试] top[3]: u=13 w=12, votes=620
[2026-07-28 12:13:50]     [2026-07-28 12:13:44][INFO]   [调试] top[4]: u=10 w=9, votes=615
[2026-07-28 12:13:50]     [2026-07-28 12:13:44][INFO]   [调试] top[5]: u=12 w=15, votes=609
[2026-07-28 12:13:50]     [2026-07-28 12:13:44][INFO]   [调试] top[6]: u=30 w=28, votes=600
[2026-07-28 12:13:50]     [2026-07-28 12:13:44][INFO]   [调试] top[7]: u=23 w=24, votes=594
[2026-07-28 12:13:50]     [2026-07-28 12:13:44][INFO]   [调试] top[8]: u=4 w=5, votes=590
[2026-07-28 12:13:50]     [2026-07-28 12:13:44][INFO]   [调试] top[9]: u=15 w=14, votes=588
[2026-07-28 12:13:50]     [2026-07-28 12:13:44][INFO] triangle_match_single 完成: tri_A=24880, tri_B=9418, vote_matrix=60x44, max_vote=648, 候选对数(vote>=2)=2611, top_pairs=44
[2026-07-28 12:13:50]     [2026-07-28 12:13:44][INFO] === triangle_match 结束: tri_A=24880, tri_B=9418, top_pairs=44, max_vote=648, success=1 ===
[2026-07-28 12:13:50]     [2026-07-28 12:13:44][INFO] [V4.22] n_target=60, max_vote=648, threshold=2
[2026-07-28 12:13:50]     [2026-07-28 12:13:44][INFO]   [阶段] triangle_match (n=60): 37.26 ms, max_vote=648, top_pairs=44, success=1
[2026-07-28 12:13:50]     [2026-07-28 12:13:44][INFO] [V4.22] max_vote=648 >= threshold=2, 停止扩充
[2026-07-28 12:13:50]     [2026-07-28 12:13:44][INFO]   [阶段] StarSelector+triangle_match (V4.22 自适应): 744.40 ms, n_target_used=60
[2026-07-28 12:13:50]     [2026-07-28 12:13:44][INFO]   N_U=60, N_W=44, s0=0.9680 arcsec/px, img=4096x4096, fov_diag=1.5576 deg, n_target_used=60
[2026-07-28 12:13:50]     [2026-07-28 12:13:44][INFO] iter_trans_solve: U=60, W=44, initial_pairs=44, tol=5.00, order=3
[2026-07-28 12:13:50]     [2026-07-28 12:13:44][DEBUG] calc_trans_general: order=3, n_pairs=20, 拟合成功
[2026-07-28 12:13:50]     [2026-07-28 12:13:44][INFO] iter_trans_inner: 初始拟合完成, 初始工作集=20, order=3
[2026-07-28 12:13:50]     [2026-07-28 12:13:44][INFO]   [调试] 初始 TRANS: x00=5.1423 y00=0.4225, x10=0.011934 x01=-0.966849 y10=-0.966620 y01=-0.012026
[2026-07-28 12:13:50]     [2026-07-28 12:13:44][INFO]   [调试] 初始对[0]: u=24 w=26, U=(681.05,-303.75), W=(306.79,-654.10), pred=(306.82,-653.96), dist=0.1512" (dx=0.04 dy=0.15)
[2026-07-28 12:13:50]     [2026-07-28 12:13:44][INFO]   [调试] 初始对[1]: u=32 w=32, U=(815.08,331.15), W=(-305.05,-790.81), pred=(-305.06,-790.93), dist=0.1234" (dx=-0.01 dy=-0.12)
[2026-07-28 12:13:50]     [2026-07-28 12:13:44][INFO]   [调试] 初始对[2]: u=3 w=4, U=(-1745.80,680.83), W=(-671.15,1673.44), pred=(-671.27,1673.33), dist=0.1664" (dx=-0.12 dy=-0.12)
[2026-07-28 12:13:50]     [2026-07-28 12:13:44][INFO]   [调试] 初始对[3]: u=13 w=12, U=(-175.61,-1877.67), W=(1811.82,192.23), pred=(1811.51,192.02), dist=0.3714" (dx=-0.31 dy=-0.21)
[2026-07-28 12:13:50]     [2026-07-28 12:13:44][INFO]   [调试] 初始对[4]: u=10 w=9, U=(446.27,-736.20), W=(721.84,-421.67), pred=(721.71,-421.81), dist=0.1907" (dx=-0.13 dy=-0.14)
[2026-07-28 12:13:50]     [2026-07-28 12:13:44][INFO]   [调试] 初始对[5]: u=12 w=15, U=(1910.07,617.24), W=(-566.47,-1846.52), pred=(-566.36,-1846.53), dist=0.1163" (dx=0.12 dy=-0.01)
[2026-07-28 12:13:50]     [2026-07-28 12:13:44][INFO] iter_trans_inner: V4.23 工作集扩展 20->44 (nr=nbright)
[2026-07-28 12:13:50]     [2026-07-28 12:13:44][DEBUG] iter 0: 绝对剔除 nr=44→43, nb=1
[2026-07-28 12:13:50]     [2026-07-28 12:13:44][DEBUG] iter 0: sigma(35%)=0.022781 角秒²
[2026-07-28 12:13:50]     [2026-07-28 12:13:44][DEBUG] iter 0: 相对剔除 nr=38, nb=6, rel_thresh=0.227810
[2026-07-28 12:13:50]     [2026-07-28 12:13:44][DEBUG] calc_trans_general: order=3, n_pairs=38, 拟合成功
[2026-07-28 12:13:50]     [2026-07-28 12:13:44][INFO] iter_trans_inner: 完成, nr=38, sig=0.0320, rms=0.1788, iters=1, success=1
[2026-07-28 12:13:50]     [2026-07-28 12:13:44][INFO] iter_trans_solve: 第一轮 iter_trans 成功, inliers=38, rms=0.1788
[2026-07-28 12:13:50]     [2026-07-28 12:13:44][INFO] at_match_lists: U=60, W=44, tol=5.00", U→W单向=43, W→U单向=43, 双向=43, 去重后=43
[2026-07-28 12:13:50]     [2026-07-28 12:13:44][DEBUG] calc_trans_general: order=3, n_pairs=43, 拟合成功
[2026-07-28 12:13:50]     [2026-07-28 12:13:44][INFO] at_recalc_trans: 二轮 sigma-clip (thresh=0.675", 剔除=3, 保留=40)
[2026-07-28 12:13:50]     [2026-07-28 12:13:44][DEBUG] calc_trans_general: order=3, n_pairs=40, 拟合成功
[2026-07-28 12:13:50]     [2026-07-28 12:13:44][INFO] at_recalc_trans: 二轮完成, n=40, sig=0.0352, sx=0.1262, sy=0.1158, rms=0.1856
[2026-07-28 12:13:50]     [2026-07-28 12:13:44][INFO] at_recalc_trans: n=40, order=3, sig=0.0352, sx=0.1262, sy=0.1158, rms=0.1856
[2026-07-28 12:13:50]     [2026-07-28 12:13:44][INFO] iter_trans_solve: 第一轮 refit 成功, inliers=40, rms=0.1856
[2026-07-28 12:13:50]     [2026-07-28 12:13:44][INFO] at_match_lists: U=60, W=44, tol=5.00", U→W单向=43, W→U单向=43, 双向=43, 去重后=43
[2026-07-28 12:13:50]     [2026-07-28 12:13:44][DEBUG] calc_trans_general: order=3, n_pairs=43, 拟合成功
[2026-07-28 12:13:50]     [2026-07-28 12:13:44][INFO] at_recalc_trans: 二轮 sigma-clip (thresh=0.675", 剔除=3, 保留=40)
[2026-07-28 12:13:50]     [2026-07-28 12:13:44][DEBUG] calc_trans_general: order=3, n_pairs=40, 拟合成功
[2026-07-28 12:13:50]     [2026-07-28 12:13:44][INFO] at_recalc_trans: 二轮完成, n=40, sig=0.0352, sx=0.1262, sy=0.1158, rms=0.1856
[2026-07-28 12:13:50]     [2026-07-28 12:13:44][INFO] at_recalc_trans: n=40, order=3, sig=0.0352, sx=0.1262, sy=0.1158, rms=0.1856
[2026-07-28 12:13:50]     [2026-07-28 12:13:44][INFO] iter_trans_solve: 第二轮 refit 成功, inliers=40, rms=0.1856
[2026-07-28 12:13:50]     [2026-07-28 12:13:44][INFO]   [诊断] it_result 检查: n_inliers=40, inliers.size=40, rms=0.1856, n_iterations=3, success=1, trans.order=3, trans.valid=1
[2026-07-28 12:13:50]     [2026-07-28 12:13:44][INFO]   [诊断] it_result.trans: x00=5.2291 y00=0.3557 x10=0.011866 x01=-0.966715 y10=-0.966663 y01=-0.012159
[2026-07-28 12:13:50]     [2026-07-28 12:13:44][INFO]   [诊断] it_result.inliers 前5对:
[2026-07-28 12:13:50]     [2026-07-28 12:13:44][INFO]     inliers[0]: u=1 w=1
[2026-07-28 12:13:50]     [2026-07-28 12:13:44][INFO]     inliers[1]: u=2 w=3
[2026-07-28 12:13:50]     [2026-07-28 12:13:44][INFO]     inliers[2]: u=3 w=4
[2026-07-28 12:13:50]     [2026-07-28 12:13:44][INFO]     inliers[3]: u=4 w=5
[2026-07-28 12:13:50]     [2026-07-28 12:13:44][INFO]     inliers[4]: u=5 w=6
[2026-07-28 12:13:50]     [2026-07-28 12:13:44][INFO]   [诊断] 准备打印阶段耗时日志...
[2026-07-28 12:13:50]     [2026-07-28 12:13:44][INFO]   [阶段] iter_trans_solve: 0.38 ms, n_inliers=40, rms=0.1856, iters=3, success=1
[2026-07-28 12:13:50]     [2026-07-28 12:13:44][INFO]   iter_trans TRANS: order=3, x00=5.2291 y00=0.3557 (px), x10=0.011866 x01=-0.966715 y10=-0.966663 y01=-0.012159
[2026-07-28 12:13:50]     [2026-07-28 12:13:44][INFO]   [诊断] 准备调用 iterative_reproject...
[2026-07-28 12:13:50]     [2026-07-28 12:13:44][INFO]   [诊断] iterative_reproject 入口: U.size=60, gaia_ra.size=44, gaia_dec.size=44, initial_inliers.size=40, s0=0.9680, img=4096x4096
[2026-07-28 12:13:50]     [2026-07-28 12:13:44][INFO] iterative_reproject: 开始 (N_W=44, n_inliers=40, s0=0.9680"/px, max_iter=5, conv_thresh=0.0100")
[2026-07-28 12:13:50]     [2026-07-28 12:13:44][INFO]   iter 0: ra_cur=248.608333 dec_cur=-15.759722, xi_center=5.2291" eta_center=0.3557", conv=5.2412" (thresh=0.0100")
[2026-07-28 12:13:50]     [2026-07-28 12:13:44][INFO]   iter 0: 新中心 ra=248.609843 dec=-15.759623 (Δra=0.001509° Δdec=0.000099°)
[2026-07-28 12:13:50]     [2026-07-28 12:13:44][DEBUG] calc_trans_general: order=3, n_pairs=40, 拟合成功
[2026-07-28 12:13:50]     [2026-07-28 12:13:44][INFO] at_recalc_trans: n=40, order=3, sig=0.0352, sx=0.1262, sy=0.1158, rms=0.1856
[2026-07-28 12:13:50]     [2026-07-28 12:13:44][INFO]   iter 0: at_recalc_trans 成功, n=40, sig=0.0352, rms=0.1856, x00=-0.0000 y00=0.0000 (asec)
[2026-07-28 12:13:50]     [2026-07-28 12:13:44][INFO]   iter 1: 收敛 (TRANS 常数项 = 0.0000" < 0.0100")
[2026-07-28 12:13:50]     [2026-07-28 12:13:44][INFO] iterative_reproject: 完成 (收敛), ra=248.608333→248.609843 dec=-15.759722→-15.759623, n_matched=40 (固定), iters=1, conv=0.0000"
[2026-07-28 12:13:50]     [2026-07-28 12:13:44][INFO]   [诊断] iterative_reproject 返回: success=1, n_matched=40, n_iterations=1, convergence=0.0000, ra0=248.609843, dec0=-15.759623, matched.size=40, trans.order=3
[2026-07-28 12:13:50]     [2026-07-28 12:13:44][INFO]   [阶段] iterative_reproject: 0.55 ms, success=1, ra=248.608333→248.609843, dec=-15.759722→-15.759623, n_matched=40, iters=1, conv=0.0000"
[2026-07-28 12:13:50]     [2026-07-28 12:13:44][INFO] at_match_lists: U=60, W=44, tol=5.00", U→W单向=43, W→U单向=43, 双向=43, 去重后=43
[2026-07-28 12:13:50]     [2026-07-28 12:13:44][INFO]   [阶段] hi_order_rematch iter 0: n_matched=43 (min=10, order=3)
[2026-07-28 12:13:50]     [2026-07-28 12:13:44][DEBUG] calc_trans_general: order=3, n_pairs=43, 拟合成功
[2026-07-28 12:13:50]     [2026-07-28 12:13:44][INFO] at_recalc_trans: 二轮 sigma-clip (thresh=0.675", 剔除=3, 保留=40)
[2026-07-28 12:13:50]     [2026-07-28 12:13:44][DEBUG] calc_trans_general: order=3, n_pairs=40, 拟合成功
[2026-07-28 12:13:50]     [2026-07-28 12:13:44][INFO] at_recalc_trans: 二轮完成, n=40, sig=0.0352, sx=0.1262, sy=0.1158, rms=0.1856
[2026-07-28 12:13:50]     [2026-07-28 12:13:44][INFO] at_recalc_trans: n=40, order=3, sig=0.0352, sx=0.1262, sy=0.1158, rms=0.1856
[2026-07-28 12:13:50]     [2026-07-28 12:13:44][INFO] at_match_lists: U=60, W=44, tol=5.00", U→W单向=43, W→U单向=43, 双向=43, 去重后=43
[2026-07-28 12:13:50]     [2026-07-28 12:13:44][DEBUG] calc_trans_general: order=3, n_pairs=43, 拟合成功
[2026-07-28 12:13:50]     [2026-07-28 12:13:44][INFO] at_recalc_trans: 二轮 sigma-clip (thresh=0.675", 剔除=3, 保留=40)
[2026-07-28 12:13:50]     [2026-07-28 12:13:44][DEBUG] calc_trans_general: order=3, n_pairs=40, 拟合成功
[2026-07-28 12:13:50]     [2026-07-28 12:13:44][INFO] at_recalc_trans: 二轮完成, n=40, sig=0.0352, sx=0.1262, sy=0.1158, rms=0.1856
[2026-07-28 12:13:50]     [2026-07-28 12:13:44][INFO] at_recalc_trans: n=40, order=3, sig=0.0352, sx=0.1262, sy=0.1158, rms=0.1856
[2026-07-28 12:13:50]     [2026-07-28 12:13:44][INFO]   [阶段] hi_order_rematch iter 1: 收敛 (dn=0, drms=0.0000)
[2026-07-28 12:13:50]     [2026-07-28 12:13:44][INFO]   [阶段] hi_order_rematch: 0.12 ms, n_matched=43, trans.order=3
[2026-07-28 12:13:50]     [2026-07-28 12:13:44][INFO] ==== robust_refine_wcs 开始 (V4.30) ====
[2026-07-28 12:13:50]       U_full=1347, mag_full=1347, gaia=44
[2026-07-28 12:13:50]       ra0=248.609843, dec0=-15.759623, s0=0.9680"/px, fov=1.5576°, img=4096x4096
[2026-07-28 12:13:50]       initial_rms=0.0352", trans.order=3
[2026-07-28 12:13:50]     [2026-07-28 12:13:44][INFO]   [robust_refine] 网格采样: FOV=1.558°, G_short=3, N_long=3, n_cells=9, quota=20, narrow_all=0, N_full=1347
[2026-07-28 12:13:50]     [2026-07-28 12:13:44][INFO]   [robust_refine] 网格采样完成: 选中 180 颗 (上限 300, 下限 100)
[2026-07-28 12:13:50]     [2026-07-28 12:13:44][INFO]   [robust_refine] NN 匹配: U=180, W=44, tol=1.000", Lowe通过=43, 双向=43
[2026-07-28 12:13:50]     [2026-07-28 12:13:44][INFO]   [robust_refine] baseline: initial_rms=0.0352" (60星), U_pool RMS=0.2573" (180 星, matched=43)
[2026-07-28 12:13:50]     [2026-07-28 12:13:44][INFO]   [robust_refine] NN 匹配: U=180, W=44, tol=1.000", Lowe通过=43, 双向=43
[2026-07-28 12:13:50]     [2026-07-28 12:13:44][INFO]   [robust_refine] 空间一致性: 5/43 可疑 (K=8, σ=0.269")
[2026-07-28 12:13:50]     [2026-07-28 12:13:44][INFO]   [robust_refine] iter 0: tol=1.000", matched=43, rms=0.2573"→0.2629", cd_Δ=0.2849%, damp=0.00e+00
[2026-07-28 12:13:50]     [2026-07-28 12:13:44][INFO]   [robust_refine] NN 匹配: U=180, W=44, tol=0.500", Lowe通过=39, 双向=39
[2026-07-28 12:13:50]     [2026-07-28 12:13:44][INFO]   [robust_refine] 空间一致性: 2/39 可疑 (K=8, σ=0.318")
[2026-07-28 12:13:50]     [2026-07-28 12:13:44][INFO]   [robust_refine] iter 1: tol=0.500", matched=39, rms=0.2629"→0.1632", cd_Δ=0.2179%, damp=0.00e+00
[2026-07-28 12:13:50]     [2026-07-28 12:13:44][INFO]   [robust_refine] NN 匹配: U=180, W=44, tol=0.500", Lowe通过=39, 双向=39
[2026-07-28 12:13:50]     [2026-07-28 12:13:44][INFO]   [robust_refine] 空间一致性: 3/39 可疑 (K=8, σ=0.325")
[2026-07-28 12:13:50]     [2026-07-28 12:13:44][INFO]   [robust_refine] iter 2: tol=0.500", matched=39, rms=0.1632"→0.1759", cd_Δ=0.2145%, damp=0.00e+00
[2026-07-28 12:13:50]     [2026-07-28 12:13:44][INFO]   [robust_refine] NN 匹配: U=180, W=44, tol=0.300", Lowe通过=35, 双向=35
[2026-07-28 12:13:50]     [2026-07-28 12:13:44][INFO]   [robust_refine] 空间一致性: 1/35 可疑 (K=8, σ=0.075")
[2026-07-28 12:13:50]     [2026-07-28 12:13:44][INFO]   [robust_refine] iter 3: tol=0.300", matched=35, rms=0.1759"→0.1172", cd_Δ=0.1752%, damp=0.00e+00
[2026-07-28 12:13:50]     [2026-07-28 12:13:44][INFO]   [robust_refine] NN 匹配: U=180, W=44, tol=0.300", Lowe通过=35, 双向=35
[2026-07-28 12:13:50]     [2026-07-28 12:13:44][INFO]   [robust_refine] 空间一致性: 1/35 可疑 (K=8, σ=0.072")
[2026-07-28 12:13:50]     [2026-07-28 12:13:44][INFO]   [robust_refine] iter 4: tol=0.300", matched=35, rms=0.1172"→0.1222", cd_Δ=0.0540%, damp=0.00e+00
[2026-07-28 12:13:50]     [2026-07-28 12:13:44] [INFO] [MainThread] solve_and_write_wcs: 日志系统初始化完成，日志文件: F:\Astro dev\Astro CS Normalization Database\lib\plate_solve\python\..\logs\solve_and_write_wcs_20260728_121344.log
[2026-07-28 12:13:50]       保存带 WCS 的 FITS: f:\Astro dev\Astro CS Normalization Database\LDN43_LRGBH_flying_dutchman-20250503@042947-1200S-H-alpha_solved.fits
[2026-07-28 12:13:50]     [2026-07-28 12:13:44] [INFO] [MainThread] solve_and_write_wcs: ----------------------------------------
[2026-07-28 12:13:50]     [2026-07-28 12:13:44] [INFO] [MainThread] solve_and_write_wcs: 写入 WCS 关键字到 FITS 文件
[2026-07-28 12:13:50]     [2026-07-28 12:13:44] [INFO] [MainThread] solve_and_write_wcs:   文件: f:\Astro dev\Astro CS Normalization Database\LDN43_LRGBH_flying_dutchman-20250503@042947-1200S-H-alpha_solved.fits
[2026-07-28 12:13:50]     [2026-07-28 12:13:44] [INFO] [MainThread] solve_and_write_wcs:   overwrite=True
[2026-07-28 12:13:50]     [2026-07-28 12:13:44] [INFO] [MainThread] solve_and_write_wcs:   CTYPE1=RA---TAN-SIP, CTYPE2=DEC--TAN-SIP
[2026-07-28 12:13:50]     [2026-07-28 12:13:44] [INFO] [MainThread] solve_and_write_wcs:   CRVAL1=248.60984260, CRVAL2=-15.75962342
[2026-07-28 12:13:50]     [2026-07-28 12:13:44] [INFO] [MainThread] solve_and_write_wcs:   CRPIX1=2048.5000, CRPIX2=2048.5000
[2026-07-28 12:13:50]     [2026-07-28 12:13:44] [INFO] [MainThread] solve_and_write_wcs:   CD1_1=3.3236219417e-06, CD1_2=2.6855525783e-04
[2026-07-28 12:13:50]     [2026-07-28 12:13:44] [INFO] [MainThread] solve_and_write_wcs:   CD2_1=-2.6854440591e-04, CD2_2=3.3736449364e-06
[2026-07-28 12:13:50]     [2026-07-28 12:13:44] [INFO] [MainThread] solve_and_write_wcs:   SIP_ORDER=3
[2026-07-28 12:13:50]     [2026-07-28 12:13:44] [INFO] [MainThread] solve_and_write_wcs:   SIP A/B 系数: 11 个 (order=3)
[2026-07-28 12:13:50]     [2026-07-28 12:13:44] [INFO] [MainThread] solve_and_write_wcs:   SIP AP/BP 系数: 11 个 (order=3)
[2026-07-28 12:13:50]     [2026-07-28 12:13:44] [INFO] [MainThread] solve_and_write_wcs: 已删除 13 个旧 WCS 关键字
[2026-07-28 12:13:50]     [2026-07-28 12:13:44] [INFO] [MainThread] solve_and_write_wcs:   WCS 关键字写入完成
[2026-07-28 12:13:50]       Gaia cone_search: radius=0.83°, mag<=18.0
[2026-07-28 12:13:50]       Gaia 返回: 7578 颗星
[2026-07-28 12:13:50]       图像范围内: 3992 颗星
[2026-07-28 12:13:50]       标记前 1000 颗最亮星 (mag 6.90~15.76)
[2026-07-28 12:13:50]       Siril MTF 拉伸...
[2026-07-28 12:13:50]       渲染 PNG...
[2026-07-28 12:13:50]       => f:\Astro dev\Astro CS Normalization Database\LDN43_LRGBH_flying_dutchman-20250503@042947-1200S-H-alpha_reproject.png (4096x4096)
[2026-07-28 12:13:50]     
[2026-07-28 12:13:50]     结果: success=True, RMS=0.104", n_marked=1000, elapsed=6.3s
[2026-07-28 12:13:50]     [2026-07-28 12:13:44][INFO]   [robust_refine] NN 匹配: U=180, W=44, tol=0.300", Lowe通过=33, 双向=33
[2026-07-28 12:13:50]     [2026-07-28 12:13:44][INFO]   [robust_refine] 空间一致性: 1/33 可疑 (K=8, σ=0.068")
[2026-07-28 12:13:50]     [2026-07-28 12:13:44][INFO]   [robust_refine] iter 5: tol=0.300", matched=33, rms=0.1222"→0.0994", cd_Δ=0.0204%, damp=0.00e+00
[2026-07-28 12:13:50]     [2026-07-28 12:13:44][INFO]   [robust_refine] NN 匹配: U=180, W=44, tol=0.300", Lowe通过=33, 双向=33
[2026-07-28 12:13:50]     [2026-07-28 12:13:44][INFO]   [robust_refine] 空间一致性: 1/33 可疑 (K=8, σ=0.068")
[2026-07-28 12:13:50]     [2026-07-28 12:13:44][INFO]   [robust_refine] iter 6: tol=0.300", matched=33, rms=0.0994"→0.0997", cd_Δ=0.0147%, damp=0.00e+00
[2026-07-28 12:13:50]     [2026-07-28 12:13:44][INFO]   [robust_refine] NN 匹配: U=180, W=44, tol=0.300", Lowe通过=33, 双向=33
[2026-07-28 12:13:50]     [2026-07-28 12:13:44][INFO]   [robust_refine] 空间一致性: 1/33 可疑 (K=8, σ=0.068")
[2026-07-28 12:13:50]     [2026-07-28 12:13:44][INFO]   [robust_refine] iter 7: tol=0.300", matched=33, rms=0.0997"→0.1007", cd_Δ=0.0256%, damp=0.00e+00
[2026-07-28 12:13:50]     [2026-07-28 12:13:44][INFO]   [robust_refine] NN 匹配: U=180, W=44, tol=0.300", Lowe通过=33, 双向=33
[2026-07-28 12:13:50]     [2026-07-28 12:13:44][INFO]   [robust_refine] 空间一致性: 1/33 可疑 (K=8, σ=0.067")
[2026-07-28 12:13:50]     [2026-07-28 12:13:44][INFO]   [robust_refine] iter 8: tol=0.300", matched=33, rms=0.1007"→0.1033", cd_Δ=0.0529%, damp=0.00e+00
[2026-07-28 12:13:50]     [2026-07-28 12:13:44][INFO]   [robust_refine] NN 匹配: U=180, W=44, tol=0.300", Lowe通过=33, 双向=33
[2026-07-28 12:13:50]     [2026-07-28 12:13:44][INFO]   [robust_refine] 空间一致性: 2/33 可疑 (K=8, σ=0.065")
[2026-07-28 12:13:50]     [2026-07-28 12:13:44][INFO]   [robust_refine] iter 9: tol=0.300", matched=33, rms=0.1033"→0.1042", cd_Δ=0.0267%, damp=0.00e+00
[2026-07-28 12:13:50]     [2026-07-28 12:13:44][INFO]   [robust_refine] 达到最大迭代次数 10
[2026-07-28 12:13:50]     [2026-07-28 12:13:44][INFO] ==== robust_refine_wcs 成功 ====
[2026-07-28 12:13:50]       iter=10, matched=33, rms=0.1042" (0.1076 px), cd_Δ=0.2849%, pool=180
[2026-07-28 12:13:50]     [2026-07-28 12:13:44][INFO]   [阶段] robust_refine: 成功, n_matched=33, rms=0.1042", iter=10, pool=180, cd_Δ=0.2849%
[2026-07-28 12:13:50]     [2026-07-28 12:13:44][INFO]   [阶段] robust_refine: 0.98 ms
[2026-07-28 12:13:50]     [2026-07-28 12:13:44][INFO]   [诊断] 准备调用 extract_wcs_sip: W_final.size=44, matched.size=33, U_for_wcs.size=1347 (robust=1)
[2026-07-28 12:13:50]     [2026-07-28 12:13:44][INFO]   [诊断] extract_wcs_sip 入口: trans.order=3, trans.valid=1, ra0=248.609843, dec0=-15.759623, img=4096x4096, s0=0.9680, U.size=1347, W.size=44, matched.size=33
[2026-07-28 12:13:50]     [2026-07-28 12:13:44][INFO]   [V4.22] 清零 trans.x00/y00 (saved: x00=-0.0661, y00=-0.0517)
[2026-07-28 12:13:50]     [2026-07-28 12:13:44][INFO] extract_wcs_sip: SIP A/B 解析公式成功, order=3
[2026-07-28 12:13:50]     [2026-07-28 12:13:44][INFO] extract_wcs_sip: SIP AP/BP 网格反变换成功, ap_order=3, n_inv_coef=10, n_grid=49
[2026-07-28 12:13:50]     [2026-07-28 12:13:44][INFO] extract_wcs_sip: CD=[3.323622e-06 2.685553e-04; -2.685444e-04 3.373645e-06], CRVAL=(248.609843, -15.759623), CRPIX=(2048.5, 2048.5), ctype=[RA---TAN-SIP, DEC--TAN-SIP], n_pairs=33, rms_px=0.1076, rms_arcsec=0.1042, trans_order=3, sip_order=3, ap_order=3
[2026-07-28 12:13:50]     [2026-07-28 12:13:44][INFO]   [阶段] extract_wcs_sip: 0.04 ms, success=1, n_pairs=33, rms_px=0.108, rms_arcsec=0.104, trans_order=3, sip_order=3
[2026-07-28 12:13:50]     [2026-07-28 12:13:44][INFO] ==== IPVSolver::solve 完成 (V4.22) ====
[2026-07-28 12:13:50]     [2026-07-28 12:13:44][INFO]   最终: n_pairs=33, rms_px=0.108, rms_arcsec=0.104, trans_order=3, sip_order=3, success=1
[2026-07-28 12:13:50]     [2026-07-28 12:13:50][INFO][SDET] StarDetector destroyed
[2026-07-28 12:13:50]   PNG: f:\Astro dev\Astro CS Normalization Database\T2_HA_LDN43_reproject.png
[2026-07-28 12:13:50]   FITS: f:\Astro dev\Astro CS Normalization Database\T2_HA_LDN43_solved.fits
[2026-07-28 12:13:50] 
[2026-07-28 12:13:50] [5/8] T3_RED_NGC55
[2026-07-28 12:13:50]   源 FITS: f:\Astro dev\Astro CS Normalization Database\testdata\NGC55_T3_flying_dutchman\lights\NGC55_T3_flying_dutchman-20250701@074114-600S-Red.fts
[2026-07-28 12:13:50]   运行: python visualize_reproject.py --single --input f:\Astro dev\Astro CS Normalization Database\testdata\NGC55_T3_flying_dutchman\lights\NGC55_T3_flying_dutchman-20250701@074114-600S-Red.fts --output-dir f:\Astro dev\Astro CS Normalization Database --save-solved-fits
[2026-07-28 12:13:58]     
[2026-07-28 12:13:58]     ======================================================================
[2026-07-28 12:13:58]     初始化可视化环境
[2026-07-28 12:13:58]     ======================================================================
[2026-07-28 12:13:58]     [1/4] GaiaClient: F:\Astro dev\Astro CS Normalization Database\GaiaDR3SP (db_type=2)
[2026-07-28 12:13:58]     [2/4] StarDetector
[2026-07-28 12:13:58]     [2026-07-28 12:13:51][INFO][SDET] StarDetector created (fitRadius=0, fwhmClipSigma=3.0, maxAxisRatio=2.0)
[2026-07-28 12:13:58]     [3/4] IPVSolver
[2026-07-28 12:13:58]     [4/4] ImageReader
[2026-07-28 12:13:58]     [2026-07-28 12:13:51][INFO][FITS] Reading header only: f:\Astro dev\Astro CS Normalization Database\testdata\NGC55_T3_flying_dutchman\lights\NGC55_T3_flying_dutchman-20250701@074114-600S-Red.fts
[2026-07-28 12:13:58]     [2026-07-28 12:13:51][INFO][FITS] Reading header only: f:\Astro dev\Astro CS Normalization Database\testdata\NGC55_T3_flying_dutchman\lights\NGC55_T3_flying_dutchman-20250701@074114-600S-Red.fts
[2026-07-28 12:13:58]       图像: 4096x4096, FOV=1.13°, NGC55_T3_flying_dutchman
[2026-07-28 12:13:58]     [2026-07-28 12:13:51][INFO][FITS] Reading: f:\Astro dev\Astro CS Normalization Database\testdata\NGC55_T3_flying_dutchman\lights\NGC55_T3_flying_dutchman-20250701@074114-600S-Red.fts
[2026-07-28 12:13:58]       指向: RA=3.7458°, Dec=-39.1967°, fl=1877.0mm, ps=9.0um
[2026-07-28 12:13:58]     [2026-07-28 12:13:51][INFO][FITS] Header: BITPIX=16 NAXIS=2 NAXIS1=4096 NAXIS2=4096 NAXIS3=0 BSCALE=1.0 BZERO=32768.0 keywords=69
[2026-07-28 12:13:58]     [2026-07-28 12:13:51][INFO][FITS] Applying BSCALE=1.000000 BZERO=32768.000000
[2026-07-28 12:13:58]     [2026-07-28 12:13:51][INFO][FITS] Read OK: 4096x4096 1ch BITPIX=16
[2026-07-28 12:13:58]     [2026-07-28 12:13:51][INFO][API] aio_read_fits: 0.034 s
[2026-07-28 12:13:58]       Plate solving...
[2026-07-28 12:13:58]     [2026-07-28 12:13:51][INFO] ==== IPVSolver::solve 开始 (V4.19 统一求解) ====
[2026-07-28 12:13:58]     [2026-07-28 12:13:51][INFO]   image_path=f:\Astro dev\Astro CS Normalization Database\testdata\NGC55_T3_flying_dutchman\lights\NGC55_T3_flying_dutchman-20250701@074114-600S-Red.fts
[2026-07-28 12:13:58]     [2026-07-28 12:13:51][INFO]   ra0=3.745833 deg, dec0=-39.196667 deg
[2026-07-28 12:13:58]     [2026-07-28 12:13:51][INFO]   focal_length=1877.000 mm, pixel_size=9.000 um
[2026-07-28 12:13:58]     [2026-07-28 12:13:51][INFO]   gaia_handle=2115180380304, detector_handle=2114242340800
[2026-07-28 12:13:58]     [2026-07-28 12:13:51][INFO] === ipv_select 启动 ===
[2026-07-28 12:13:58]     [2026-07-28 12:13:51][INFO] ipv_select: 依赖 DLL 全部加载成功
[2026-07-28 12:13:58]     [2026-07-28 12:13:51][INFO] Step 1: 读取图像 f:\Astro dev\Astro CS Normalization Database\testdata\NGC55_T3_flying_dutchman\lights\NGC55_T3_flying_dutchman-20250701@074114-600S-Red.fts
[2026-07-28 12:13:58]     [2026-07-28 12:13:51][INFO][FITS] Reading: f:\Astro dev\Astro CS Normalization Database\testdata\NGC55_T3_flying_dutchman\lights\NGC55_T3_flying_dutchman-20250701@074114-600S-Red.fts
[2026-07-28 12:13:58]     [2026-07-28 12:13:51][INFO][FITS] Header: BITPIX=16 NAXIS=2 NAXIS1=4096 NAXIS2=4096 NAXIS3=0 BSCALE=1.0 BZERO=32768.0 keywords=69
[2026-07-28 12:13:58]     [2026-07-28 12:13:51][INFO][FITS] Applying BSCALE=1.000000 BZERO=32768.000000
[2026-07-28 12:13:58]     [2026-07-28 12:13:51][INFO][FITS] Read OK: 4096x4096 1ch BITPIX=16
[2026-07-28 12:13:58]     [2026-07-28 12:13:51][INFO][API] aio_read_fits: 0.044 s
[2026-07-28 12:13:58]     [2026-07-28 12:13:51][INFO]   图像尺寸: 4096×4096
[2026-07-28 12:13:58]     [2026-07-28 12:13:51][INFO] Step 2: 星点检测
[2026-07-28 12:13:58]     [2026-07-28 12:13:51][INFO][SDET] sdet_detect_ex start: 4096x4096
[2026-07-28 12:13:58]     [2026-07-28 12:13:51][DEBUG][SDET] [1] uint16→float: 17.2 ms
[2026-07-28 12:13:58]     [2026-07-28 12:13:51][DEBUG][SDET] [2] Gaussian YvV smooth (sigma=2.0): 143.2 ms
[2026-07-28 12:13:58]     [2026-07-28 12:13:51][INFO][SDET] peaker: median=1272.0000 bgnoise=17.4297 threshold=1359.1486 (median+5*bgnoise)
[2026-07-28 12:13:58]     [2026-07-28 12:13:51][DEBUG][SDET] [3] Threshold: 279.0 ms
[2026-07-28 12:13:58]     [2026-07-28 12:13:51][INFO][SDET] peaker: bg=1272.0 maxi=65535.0 norm=65535.0 dynrange=64263.0 minsatlevel=44984.1 satrange=6426.3 s_factor=3.7169 locthreshold=87.1485
[2026-07-28 12:13:58]     [2026-07-28 12:13:52][DEBUG][SDET] [4] peaker: 25.5 ms (1058 candidates, full peaker 7-step)
[2026-07-28 12:13:58]     [2026-07-28 12:13:52][INFO][SDET] Candidates: 1058
[2026-07-28 12:13:58]     [2026-07-28 12:13:52][INFO][SDET] Peaker stages: pass_threshold=375165 pass_localmax=4787 pass_count3=1878 pass_boundary=1878 | cond_meanhigh=33 cond_platform=1691 sat_both=14 nonsat=1864
[2026-07-28 12:13:58]     [2026-07-28 12:13:52][INFO][SDET] Auto fitRadius: med_pixels=70 fwhm_est=4.11 auto_radius=12 actual=12
[2026-07-28 12:13:58]     [2026-07-28 12:13:52][INFO][SDET] Task6 candidates sorted by mag_est (desc): maxstars=2000 candidates=1058
[2026-07-28 12:13:58]     [2026-07-28 12:13:52][DEBUG][SDET] [6] Moffat4 fit: 84.0 ms (1028/1058 OK)
[2026-07-28 12:13:58]     [2026-07-28 12:13:52][INFO][SDET] Moffat4 fit: 1028/1058 OK
[2026-07-28 12:13:58]     [2026-07-28 12:13:52][INFO][SDET] === Fit statistics by pixel count ===
[2026-07-28 12:13:58]     [2026-07-28 12:13:52][INFO][SDET]   px[5-9]: total=12 ok=12(100.0%) invalid=0 noconv=0 iterlimit=0
[2026-07-28 12:13:58]     [2026-07-28 12:13:52][INFO][SDET]   px[10-19]: total=79 ok=79(100.0%) invalid=0 noconv=0 iterlimit=0
[2026-07-28 12:13:58]     [2026-07-28 12:13:52][INFO][SDET]   px[20-49]: total=283 ok=277(97.9%) invalid=0 noconv=6 iterlimit=0
[2026-07-28 12:13:58]     [2026-07-28 12:13:52][INFO][SDET]   px[50-99]: total=271 ok=270(99.6%) invalid=0 noconv=1 iterlimit=0
[2026-07-28 12:13:58]     [2026-07-28 12:13:52][INFO][SDET]   px[100-299]: total=381 ok=359(94.2%) invalid=0 noconv=22 iterlimit=0
[2026-07-28 12:13:58]     [2026-07-28 12:13:52][DEBUG][SDET] [7] FWHM stats: 0.2 ms (med=2.6827 mad=0.1517)
[2026-07-28 12:13:58]     [2026-07-28 12:13:52][INFO][SDET] FWHM stats: med=2.6827 mad=0.1517 (from 1028 fitted stars)
[2026-07-28 12:13:58]     [2026-07-28 12:13:52][DEBUG][SDET] [8] Build normal stars: 0.8 ms (948 stars, fit_fail=30 fwhm=0 round=13 reject=67)
[2026-07-28 12:13:58]     [2026-07-28 12:13:52][INFO][SDET] Normal stars: 948 (fit_fail=30 fwhm=0 roundness=13 reject=67)
[2026-07-28 12:13:58]     [2026-07-28 12:13:52][DEBUG][SDET] [9] Saturated star detection skipped (V4.52: use A>dynrange from peaker): 0.0 ms
[2026-07-28 12:13:58]     [2026-07-28 12:13:52][DEBUG][SDET] [10a] Dedup: 0.3 ms
[2026-07-28 12:13:58]     [2026-07-28 12:13:52][DEBUG][SDET] [10b] Sort: 0.1 ms
[2026-07-28 12:13:58]     [2026-07-28 12:13:52][INFO][SDET] After dedup+sort: 948 stars (saturated=38 normal=910)
[2026-07-28 12:13:58]     [2026-07-28 12:13:52][INFO][SDET] sdet_detect_ex done: 948 stars (sat=38 normal=910), 0.550 s
[2026-07-28 12:13:58]     [2026-07-28 12:13:52][INFO]   检测到星点: 948 颗 (饱和 38, 正常 910)
[2026-07-28 12:13:58]     [2026-07-28 12:13:52][INFO] Step 3: 图像侧选星
[2026-07-28 12:13:58]     [2026-07-28 12:13:52][INFO] 选星: 按 mag(box积分) 升序取前 60 颗 (含饱和 38 颗)
[2026-07-28 12:13:58]     [2026-07-28 12:13:52][INFO]   U 向量组: 60×2 (s0=0.9890"/px)
[2026-07-28 12:13:58]     [2026-07-28 12:13:52][INFO] Step 4: FOV/密度计算
[2026-07-28 12:13:58]     [2026-07-28 12:13:52][INFO] FOV计算: s0=0.9890"/px, FOV_diag=1.5914°, query_r=0.8753°, img_area=1.26626°², query_area=2.40673°², rho_img=47.38, rho_target=71.08, n_target=60
[2026-07-28 12:13:58]     [2026-07-28 12:13:52][INFO] Step 5: V4.9 密度公式估算极限星等 (替代迭代)
[2026-07-28 12:13:58]     [2026-07-28 12:13:52][INFO] 密度估算极限星等: G=11.037 (n_required=60, area=2.4067°², rho_target=24.93/°²)
[2026-07-28 12:13:58]     [2026-07-28 12:13:52][INFO] Step 6: 用 m_lim=11.037 查询 Gaia 星表
[2026-07-28 12:13:58]     [2026-07-28 12:13:52][WARN] V4.9 补救查询 1: Gaia 返回 24 < n_target=60, 放宽到 m=12.037
[2026-07-28 12:13:58]     [2026-07-28 12:13:52][WARN] V4.9 补救查询 2: Gaia 返回 52 < n_target=60, 放宽到 m=13.037
[2026-07-28 12:13:58]     [2026-07-28 12:13:52][INFO] Step 7: Gnomonic 投影 + FOV 过滤
[2026-07-28 12:13:58]     [2026-07-28 12:13:52][INFO]   W 向量组: 53×2 (FOV 内 53, 取最亮 53, gaia_ra/dec 已保存)
[2026-07-28 12:13:58]     [2026-07-28 12:13:52][INFO] === ipv_select 完成 ===
[2026-07-28 12:13:58]     [2026-07-28 12:13:52][INFO] === triangle_match 开始: N_U=60, N_W=53, n_A0=60, n_B0=60, tol=0.0020, s0=0.9890 ===
[2026-07-28 12:13:58]     [2026-07-28 12:13:52][INFO] triangle_match: stage=0 nA=60 nB=60 超过实际星数, 停止扩充
[2026-07-28 12:13:58]     [2026-07-28 12:13:52][INFO] triangle_match_single: n_A=60, n_B=53, tol=0.0020, s0=0.9890, scale=[0.8426,1.2639]
[2026-07-28 12:13:58]     [2026-07-28 12:13:52][DEBUG] stars_to_triangles: N=60, expected=34220, valid=34220, skipped_degenerate=0 (并行, 16 线程)
[2026-07-28 12:13:58]     [2026-07-28 12:13:52][DEBUG] stars_to_triangles: prune_triangle_array ba>0.9 剪枝: before=34220, after=25042, pruned=9178
[2026-07-28 12:13:58]     [2026-07-28 12:13:52][DEBUG] stars_to_triangles: N=53, expected=23426, valid=23426, skipped_degenerate=0 (并行, 16 线程)
[2026-07-28 12:13:58]     [2026-07-28 12:13:52][DEBUG] stars_to_triangles: prune_triangle_array ba>0.9 剪枝: before=23426, after=17350, pruned=6076
[2026-07-28 12:13:58]     [2026-07-28 12:13:52][INFO] make_vote_matrix: n_A=25042, n_B=17350, matched_triangles=32086, vote_matrix=60x53, scale_rejected=36582 (range=[0.8426,1.2639]) [并行 16 线程]
[2026-07-28 12:13:58]     [2026-07-28 12:13:52][INFO] top_vote_getters: 矩阵=60x53, 候选对数(vote>=2)=3168, top_n=60
[2026-07-28 12:13:58]     [2026-07-28 12:13:52][INFO] top_vote_getters: V4.25 去重后 top_pairs=53, 去重剔除=3115
[2026-07-28 12:13:58]     [2026-07-28 12:13:52][INFO]   [调试] top[0]: u=12 w=20, votes=913
[2026-07-28 12:13:58]     [2026-07-28 12:13:52][INFO]   [调试] top[1]: u=19 w=23, votes=886
[2026-07-28 12:13:58]     [2026-07-28 12:13:52][INFO]   [调试] top[2]: u=25 w=29, votes=843
[2026-07-28 12:13:58]     [2026-07-28 12:13:52][INFO]   [调试] top[3]: u=15 w=15, votes=841
[2026-07-28 12:13:58]     [2026-07-28 12:13:52][INFO]   [调试] top[4]: u=44 w=46, votes=814
[2026-07-28 12:13:58]     [2026-07-28 12:13:52][INFO]   [调试] top[5]: u=21 w=22, votes=801
[2026-07-28 12:13:58]     [2026-07-28 12:13:52][INFO]   [调试] top[6]: u=35 w=39, votes=799
[2026-07-28 12:13:58]     [2026-07-28 12:13:52][INFO]   [调试] top[7]: u=29 w=32, votes=797
[2026-07-28 12:13:58]     [2026-07-28 12:13:52][INFO]   [调试] top[8]: u=8 w=10, votes=791
[2026-07-28 12:13:58]     [2026-07-28 12:13:52][INFO]   [调试] top[9]: u=9 w=9, votes=791
[2026-07-28 12:13:58]     [2026-07-28 12:13:52][INFO] triangle_match_single 完成: tri_A=25042, tri_B=17350, vote_matrix=60x53, max_vote=913, 候选对数(vote>=2)=3168, top_pairs=53
[2026-07-28 12:13:58]     [2026-07-28 12:13:52][INFO] === triangle_match 结束: tri_A=25042, tri_B=17350, top_pairs=53, max_vote=913, success=1 ===
[2026-07-28 12:13:58]     [2026-07-28 12:13:52][INFO] [V4.22] n_target=60, max_vote=913, threshold=2
[2026-07-28 12:13:58]     [2026-07-28 12:13:52][INFO]   [阶段] triangle_match (n=60): 64.62 ms, max_vote=913, top_pairs=53, success=1
[2026-07-28 12:13:58]     [2026-07-28 12:13:52][INFO] [V4.22] max_vote=913 >= threshold=2, 停止扩充
[2026-07-28 12:13:58]     [2026-07-28 12:13:52][INFO]   [阶段] StarSelector+triangle_match (V4.22 自适应): 683.51 ms, n_target_used=60
[2026-07-28 12:13:58]     [2026-07-28 12:13:52][INFO]   N_U=60, N_W=53, s0=0.9890 arcsec/px, img=4096x4096, fov_diag=1.5914 deg, n_target_used=60
[2026-07-28 12:13:58]     [2026-07-28 12:13:52][INFO] iter_trans_solve: U=60, W=53, initial_pairs=53, tol=5.00, order=3
[2026-07-28 12:13:58]     [2026-07-28 12:13:52][DEBUG] calc_trans_general: order=3, n_pairs=20, 拟合成功
[2026-07-28 12:13:58]     [2026-07-28 12:13:52][INFO] iter_trans_inner: 初始拟合完成, 初始工作集=20, order=3
[2026-07-28 12:13:58]     [2026-07-28 12:13:52][INFO]   [调试] 初始 TRANS: x00=-0.3948 y00=-0.5204, x10=-0.009999 x01=-0.958410 y10=-0.958371 y01=0.009883
[2026-07-28 12:13:58]     [2026-07-28 12:13:52][INFO]   [调试] 初始对[0]: u=12 w=20, U=(175.90,158.04), W=(-153.66,-167.54), pred=(-153.62,-167.53), dist=0.0401" (dx=0.04 dy=0.01)
[2026-07-28 12:13:58]     [2026-07-28 12:13:52][INFO]   [调试] 初始对[1]: u=19 w=23, U=(245.03,-359.19), W=(341.41,-238.80), pred=(341.39,-238.85), dist=0.0617" (dx=-0.02 dy=-0.06)
[2026-07-28 12:13:58]     [2026-07-28 12:13:52][INFO]   [调试] 初始对[2]: u=25 w=29, U=(532.31,62.98), W=(-65.92,-509.86), pred=(-66.06,-509.92), dist=0.1494" (dx=-0.14 dy=-0.06)
[2026-07-28 12:13:58]     [2026-07-28 12:13:52][INFO]   [调试] 初始对[3]: u=15 w=15, U=(48.08,568.33), W=(-545.44,-40.94), pred=(-545.35,-40.98), dist=0.0985" (dx=0.09 dy=-0.04)
[2026-07-28 12:13:58]     [2026-07-28 12:13:52][INFO]   [调试] 初始对[4]: u=44 w=46, U=(666.32,-376.29), W=(353.42,-642.47), pred=(353.46,-642.45), dist=0.0488" (dx=0.05 dy=0.01)
[2026-07-28 12:13:58]     [2026-07-28 12:13:52][INFO]   [调试] 初始对[5]: u=21 w=22, U=(531.03,1596.84), W=(-1531.69,-492.40), pred=(-1531.75,-492.44), dist=0.0767" (dx=-0.06 dy=-0.04)
[2026-07-28 12:13:58]     [2026-07-28 12:13:52][INFO] iter_trans_inner: V4.23 工作集扩展 20->53 (nr=nbright)
[2026-07-28 12:13:58]     [2026-07-28 12:13:52][DEBUG] iter 0: 绝对剔除 nr=53→48, nb=5
[2026-07-28 12:13:58]     [2026-07-28 12:13:52][DEBUG] iter 0: sigma(35%)=0.015608 角秒²
[2026-07-28 12:13:58]     [2026-07-28 12:13:52][DEBUG] iter 0: 相对剔除 nr=29, nb=24, rel_thresh=0.156079
[2026-07-28 12:13:58]     [2026-07-28 12:13:52][DEBUG] calc_trans_general: order=3, n_pairs=29, 拟合成功
[2026-07-28 12:13:58]     [2026-07-28 12:13:52][INFO] iter_trans_inner: 完成, nr=29, sig=0.0141, rms=0.1234, iters=1, success=1
[2026-07-28 12:13:58]     [2026-07-28 12:13:52][INFO] iter_trans_solve: 第一轮 iter_trans 成功, inliers=29, rms=0.1234
[2026-07-28 12:13:58]     [2026-07-28 12:13:52][INFO] at_match_lists: U=60, W=53, tol=5.00", U→W单向=48, W→U单向=48, 双向=48, 去重后=48
[2026-07-28 12:13:58]     [2026-07-28 12:13:52][DEBUG] calc_trans_general: order=3, n_pairs=48, 拟合成功
[2026-07-28 12:13:58]     [2026-07-28 12:13:52][INFO] at_recalc_trans: 二轮 sigma-clip (thresh=0.736", 剔除=1, 保留=47)
[2026-07-28 12:13:58]     [2026-07-28 12:13:52][DEBUG] calc_trans_general: order=3, n_pairs=47, 拟合成功
[2026-07-28 12:13:58]     [2026-07-28 12:13:52][INFO] at_recalc_trans: 二轮完成, n=47, sig=0.0470, sx=0.1931, sy=0.1326, rms=0.2343
[2026-07-28 12:13:58]     [2026-07-28 12:13:52][INFO] at_recalc_trans: n=47, order=3, sig=0.0470, sx=0.1931, sy=0.1326, rms=0.2343
[2026-07-28 12:13:58]     [2026-07-28 12:13:52][INFO] iter_trans_solve: 第一轮 refit 成功, inliers=47, rms=0.2343
[2026-07-28 12:13:58]     [2026-07-28 12:13:52][INFO] at_match_lists: U=60, W=53, tol=5.00", U→W单向=48, W→U单向=48, 双向=48, 去重后=48
[2026-07-28 12:13:58]     [2026-07-28 12:13:52][DEBUG] calc_trans_general: order=3, n_pairs=48, 拟合成功
[2026-07-28 12:13:58]     [2026-07-28 12:13:52][INFO] at_recalc_trans: 二轮 sigma-clip (thresh=0.736", 剔除=1, 保留=47)
[2026-07-28 12:13:58]     [2026-07-28 12:13:52][DEBUG] calc_trans_general: order=3, n_pairs=47, 拟合成功
[2026-07-28 12:13:58]     [2026-07-28 12:13:52][INFO] at_recalc_trans: 二轮完成, n=47, sig=0.0470, sx=0.1931, sy=0.1326, rms=0.2343
[2026-07-28 12:13:58]     [2026-07-28 12:13:52][INFO] at_recalc_trans: n=47, order=3, sig=0.0470, sx=0.1931, sy=0.1326, rms=0.2343
[2026-07-28 12:13:58]     [2026-07-28 12:13:52][INFO] iter_trans_solve: 第二轮 refit 成功, inliers=47, rms=0.2343
[2026-07-28 12:13:58]     [2026-07-28 12:13:52][INFO]   [诊断] it_result 检查: n_inliers=47, inliers.size=47, rms=0.2343, n_iterations=3, success=1, trans.order=3, trans.valid=1
[2026-07-28 12:13:58]     [2026-07-28 12:13:52][INFO]   [诊断] it_result.trans: x00=-0.4258 y00=-0.4529 x10=-0.009855 x01=-0.958691 y10=-0.958416 y01=0.009895
[2026-07-28 12:13:58]     [2026-07-28 12:13:52][INFO]   [诊断] it_result.inliers 前5对:
[2026-07-28 12:13:58]     [2026-07-28 12:13:52][INFO]     inliers[0]: u=0 w=0
[2026-07-28 12:13:58]     [2026-07-28 12:13:52][INFO]     inliers[1]: u=1 w=1
[2026-07-28 12:13:58]     [2026-07-28 12:13:52][INFO]     inliers[2]: u=2 w=2
[2026-07-28 12:13:58]     [2026-07-28 12:13:52][INFO]     inliers[3]: u=3 w=3
[2026-07-28 12:13:58]     [2026-07-28 12:13:52][INFO]     inliers[4]: u=4 w=4
[2026-07-28 12:13:59]     [2026-07-28 12:13:52][INFO]   [诊断] 准备打印阶段耗时日志...
[2026-07-28 12:13:59]     [2026-07-28 12:13:52][INFO]   [阶段] iter_trans_solve: 0.28 ms, n_inliers=47, rms=0.2343, iters=3, success=1
[2026-07-28 12:13:59]     [2026-07-28 12:13:52][INFO]   iter_trans TRANS: order=3, x00=-0.4258 y00=-0.4529 (px), x10=-0.009855 x01=-0.958691 y10=-0.958416 y01=0.009895
[2026-07-28 12:13:59]     [2026-07-28 12:13:52][INFO]   [诊断] 准备调用 iterative_reproject...
[2026-07-28 12:13:59]     [2026-07-28 12:13:52][INFO]   [诊断] iterative_reproject 入口: U.size=60, gaia_ra.size=53, gaia_dec.size=53, initial_inliers.size=47, s0=0.9890, img=4096x4096
[2026-07-28 12:13:59]     [2026-07-28 12:13:52][INFO] iterative_reproject: 开始 (N_W=53, n_inliers=47, s0=0.9890"/px, max_iter=5, conv_thresh=0.0100")
[2026-07-28 12:13:59]     [2026-07-28 12:13:52][INFO]   iter 0: ra_cur=3.745833 dec_cur=-39.196667, xi_center=-0.4258" eta_center=-0.4529", conv=0.6216" (thresh=0.0100")
[2026-07-28 12:13:59]     [2026-07-28 12:13:52][INFO]   iter 0: 新中心 ra=3.745681 dec=-39.196792 (Δra=-0.000153° Δdec=-0.000126°)
[2026-07-28 12:13:59]     [2026-07-28 12:13:52][DEBUG] calc_trans_general: order=3, n_pairs=47, 拟合成功
[2026-07-28 12:13:59]     [2026-07-28 12:13:52][INFO] at_recalc_trans: n=47, order=3, sig=0.0470, sx=0.1931, sy=0.1326, rms=0.2343
[2026-07-28 12:13:59]     [2026-07-28 12:13:52][INFO]   iter 0: at_recalc_trans 成功, n=47, sig=0.0470, rms=0.2343, x00=0.0000 y00=0.0000 (asec)
[2026-07-28 12:13:59]     [2026-07-28 12:13:52][INFO]   iter 1: 收敛 (TRANS 常数项 = 0.0000" < 0.0100")
[2026-07-28 12:13:59]     [2026-07-28 12:13:52][INFO] iterative_reproject: 完成 (收敛), ra=3.745833→3.745681 dec=-39.196667→-39.196792, n_matched=47 (固定), iters=1, conv=0.0000"
[2026-07-28 12:13:59]     [2026-07-28 12:13:52][INFO]   [诊断] iterative_reproject 返回: success=1, n_matched=47, n_iterations=1, convergence=0.0000, ra0=3.745681, dec0=-39.196792, matched.size=47, trans.order=3
[2026-07-28 12:13:59]     [2026-07-28 12:13:52][INFO]   [阶段] iterative_reproject: 0.42 ms, success=1, ra=3.745833→3.745681, dec=-39.196667→-39.196792, n_matched=47, iters=1, conv=0.0000"
[2026-07-28 12:13:59]     [2026-07-28 12:13:52][INFO] at_match_lists: U=60, W=53, tol=5.00", U→W单向=48, W→U单向=48, 双向=48, 去重后=48
[2026-07-28 12:13:59]     [2026-07-28 12:13:52][INFO]   [阶段] hi_order_rematch iter 0: n_matched=48 (min=10, order=3)
[2026-07-28 12:13:59]     [2026-07-28 12:13:52][DEBUG] calc_trans_general: order=3, n_pairs=48, 拟合成功
[2026-07-28 12:13:59]     [2026-07-28 12:13:52][INFO] at_recalc_trans: 二轮 sigma-clip (thresh=0.736", 剔除=1, 保留=47)
[2026-07-28 12:13:59]     [2026-07-28 12:13:52][DEBUG] calc_trans_general: order=3, n_pairs=47, 拟合成功
[2026-07-28 12:13:59]     [2026-07-28 12:13:52][INFO] at_recalc_trans: 二轮完成, n=47, sig=0.0470, sx=0.1931, sy=0.1326, rms=0.2343
[2026-07-28 12:13:59]     [2026-07-28 12:13:52][INFO] at_recalc_trans: n=47, order=3, sig=0.0470, sx=0.1931, sy=0.1326, rms=0.2343
[2026-07-28 12:13:59]     [2026-07-28 12:13:52][INFO] at_match_lists: U=60, W=53, tol=5.00", U→W单向=48, W→U单向=48, 双向=48, 去重后=48
[2026-07-28 12:13:59]     [2026-07-28 12:13:52][DEBUG] calc_trans_general: order=3, n_pairs=48, 拟合成功
[2026-07-28 12:13:59]     [2026-07-28 12:13:52][INFO] at_recalc_trans: 二轮 sigma-clip (thresh=0.736", 剔除=1, 保留=47)
[2026-07-28 12:13:59]     [2026-07-28 12:13:52][DEBUG] calc_trans_general: order=3, n_pairs=47, 拟合成功
[2026-07-28 12:13:59]     [2026-07-28 12:13:52][INFO] at_recalc_trans: 二轮完成, n=47, sig=0.0470, sx=0.1931, sy=0.1326, rms=0.2343
[2026-07-28 12:13:59]     [2026-07-28 12:13:52][INFO] at_recalc_trans: n=47, order=3, sig=0.0470, sx=0.1931, sy=0.1326, rms=0.2343
[2026-07-28 12:13:59]     [2026-07-28 12:13:52][INFO]   [阶段] hi_order_rematch iter 1: 收敛 (dn=0, drms=0.0000)
[2026-07-28 12:13:59]     [2026-07-28 12:13:52][INFO]   [阶段] hi_order_rematch: 0.10 ms, n_matched=48, trans.order=3
[2026-07-28 12:13:59]     [2026-07-28 12:13:52][INFO] ==== robust_refine_wcs 开始 (V4.30) ====
[2026-07-28 12:13:59]       U_full=948, mag_full=948, gaia=53
[2026-07-28 12:13:59]       ra0=3.745681, dec0=-39.196792, s0=0.9890"/px, fov=1.5914°, img=4096x4096
[2026-07-28 12:13:59]       initial_rms=0.0470", trans.order=3
[2026-07-28 12:13:59]     [2026-07-28 12:13:52][INFO]   [robust_refine] 网格采样: FOV=1.591°, G_short=3, N_long=3, n_cells=9, quota=20, narrow_all=0, N_full=948
[2026-07-28 12:13:59]     [2026-07-28 12:13:52][INFO]   [robust_refine] 网格采样完成: 选中 180 颗 (上限 300, 下限 100)
[2026-07-28 12:13:59]     [2026-07-28 12:13:52][INFO]   [robust_refine] NN 匹配: U=180, W=53, tol=1.000", Lowe通过=48, 双向=48
[2026-07-28 12:13:59]     [2026-07-28 12:13:52][INFO]   [robust_refine] baseline: initial_rms=0.0470" (60星), U_pool RMS=0.2609" (180 星, matched=48)
[2026-07-28 12:13:59]     [2026-07-28 12:13:52][INFO]   [robust_refine] NN 匹配: U=180, W=53, tol=1.000", Lowe通过=48, 双向=48
[2026-07-28 12:13:59]     [2026-07-28 12:13:52][INFO]   [robust_refine] 空间一致性: 3/48 可疑 (K=8, σ=0.471")
[2026-07-28 12:13:59]     [2026-07-28 12:13:52][INFO]   [robust_refine] iter 0: tol=1.000", matched=48, rms=0.2609"→0.2667", cd_Δ=0.1886%, damp=0.00e+00
[2026-07-28 12:13:59]     [2026-07-28 12:13:52][INFO]   [robust_refine] NN 匹配: U=180, W=53, tol=0.500", Lowe通过=45, 双向=45
[2026-07-28 12:13:59]     [2026-07-28 12:13:52][INFO]   [robust_refine] 空间一致性: 2/45 可疑 (K=8, σ=0.413")
[2026-07-28 12:13:59]     [2026-07-28 12:13:52][INFO]   [robust_refine] iter 1: tol=0.500", matched=45, rms=0.2667"→0.2097", cd_Δ=0.1004%, damp=0.00e+00
[2026-07-28 12:13:59]     [2026-07-28 12:13:52][INFO]   [robust_refine] NN 匹配: U=180, W=53, tol=0.500", Lowe通过=43, 双向=43
[2026-07-28 12:13:59]     [2026-07-28 12:13:52][INFO]   [robust_refine] 空间一致性: 3/43 可疑 (K=8, σ=0.376")
[2026-07-28 12:13:59]     [2026-07-28 12:13:52][INFO]   [robust_refine] iter 2: tol=0.500", matched=43, rms=0.2097"→0.1845", cd_Δ=0.1015%, damp=0.00e+00
[2026-07-28 12:13:59]     [2026-07-28 12:13:52][INFO]   [robust_refine] NN 匹配: U=180, W=53, tol=0.300", Lowe通过=38, 双向=38
[2026-07-28 12:13:59]     [2026-07-28 12:13:52][INFO]   [robust_refine] iter 3: tol=0.300", matched=38, rms=0.1845"→0.1334", cd_Δ=0.0241%, damp=0.00e+00
[2026-07-28 12:13:59]     [2026-07-28 12:13:52][INFO]   [robust_refine] NN 匹配: U=180, W=53, tol=0.300", Lowe通过=38, 双向=38
[2026-07-28 12:13:59]     [2026-07-28 12:13:52][INFO]   [robust_refine] iter 4: tol=0.300", matched=38, rms=0.1334"→0.1333", cd_Δ=0.0477%, damp=0.00e+00
[2026-07-28 12:13:59]     [2026-07-28 12:13:52][INFO]   [robust_refine] NN 匹配: U=180, W=53, tol=0.300", Lowe通过=38, 双向=38
[2026-07-28 12:13:59]     [2026-07-28 12:13:52][INFO]   [robust_refine] iter 5: tol=0.300", matched=38, rms=0.1333"→0.1333", cd_Δ=0.0204%, damp=0.00e+00
[2026-07-28 12:13:59]     [2026-07-28 12:13:52] [INFO] [MainThread] solve_and_write_wcs: 日志系统初始化完成，日志文件: F:\Astro dev\Astro CS Normalization Database\lib\plate_solve\python\..\logs\solve_and_write_wcs_20260728_121352.log
[2026-07-28 12:13:59]       保存带 WCS 的 FITS: f:\Astro dev\Astro CS Normalization Database\NGC55_T3_flying_dutchman-20250701@074114-600S-Red_solved.fits
[2026-07-28 12:13:59]     [2026-07-28 12:13:52] [INFO] [MainThread] solve_and_write_wcs: ----------------------------------------
[2026-07-28 12:13:59]     [2026-07-28 12:13:52] [INFO] [MainThread] solve_and_write_wcs: 写入 WCS 关键字到 FITS 文件
[2026-07-28 12:13:59]     [2026-07-28 12:13:52] [INFO] [MainThread] solve_and_write_wcs:   文件: f:\Astro dev\Astro CS Normalization Database\NGC55_T3_flying_dutchman-20250701@074114-600S-Red_solved.fits
[2026-07-28 12:13:59]     [2026-07-28 12:13:52] [INFO] [MainThread] solve_and_write_wcs:   overwrite=True
[2026-07-28 12:13:59]     [2026-07-28 12:13:52] [INFO] [MainThread] solve_and_write_wcs:   CTYPE1=RA---TAN-SIP, CTYPE2=DEC--TAN-SIP
[2026-07-28 12:13:59]     [2026-07-28 12:13:52] [INFO] [MainThread] solve_and_write_wcs:   CRVAL1=3.74568072, CRVAL2=-39.19679248
[2026-07-28 12:13:59]     [2026-07-28 12:13:52] [INFO] [MainThread] solve_and_write_wcs:   CRPIX1=2048.5000, CRPIX2=2048.5000
[2026-07-28 12:13:59]     [2026-07-28 12:13:52] [INFO] [MainThread] solve_and_write_wcs:   CD1_1=-2.7378847721e-06, CD1_2=2.6629818554e-04
[2026-07-28 12:13:59]     [2026-07-28 12:13:52] [INFO] [MainThread] solve_and_write_wcs:   CD2_1=-2.6621612069e-04, CD2_2=-2.7552950255e-06
[2026-07-28 12:13:59]     [2026-07-28 12:13:52] [INFO] [MainThread] solve_and_write_wcs:   SIP_ORDER=3
[2026-07-28 12:13:59]     [2026-07-28 12:13:52] [INFO] [MainThread] solve_and_write_wcs:   SIP A/B 系数: 11 个 (order=3)
[2026-07-28 12:13:59]     [2026-07-28 12:13:52] [INFO] [MainThread] solve_and_write_wcs:   SIP AP/BP 系数: 11 个 (order=3)
[2026-07-28 12:13:59]     [2026-07-28 12:13:52] [INFO] [MainThread] solve_and_write_wcs:   WCS 关键字写入完成
[2026-07-28 12:13:59]       Gaia cone_search: radius=0.84°, mag<=18.0
[2026-07-28 12:13:59]       Gaia 返回: 1420 颗星
[2026-07-28 12:13:59]       图像范围内: 727 颗星
[2026-07-28 12:13:59]       标记前 727 颗最亮星 (mag 9.22~18.00)
[2026-07-28 12:13:59]       Siril MTF 拉伸...
[2026-07-28 12:13:59]       渲染 PNG...
[2026-07-28 12:13:59]       => f:\Astro dev\Astro CS Normalization Database\NGC55_T3_flying_dutchman-20250701@074114-600S-Red_reproject.png (4096x4096)
[2026-07-28 12:13:59]     
[2026-07-28 12:13:59]     结果: success=True, RMS=0.133", n_marked=727, elapsed=6.2s
[2026-07-28 12:13:59]     [2026-07-28 12:13:52][INFO]   [robust_refine] iter 5: 收敛 (conv_dp=0, conv_rms=1)
[2026-07-28 12:13:59]     [2026-07-28 12:13:52][INFO] ==== robust_refine_wcs 成功 ====
[2026-07-28 12:13:59]       iter=6, matched=38, rms=0.1333" (0.1348 px), cd_Δ=0.1886%, pool=180
[2026-07-28 12:13:59]     [2026-07-28 12:13:52][INFO]   [阶段] robust_refine: 成功, n_matched=38, rms=0.1333", iter=6, pool=180, cd_Δ=0.1886%
[2026-07-28 12:13:59]     [2026-07-28 12:13:52][INFO]   [阶段] robust_refine: 0.59 ms
[2026-07-28 12:13:59]     [2026-07-28 12:13:52][INFO]   [诊断] 准备调用 extract_wcs_sip: W_final.size=53, matched.size=38, U_for_wcs.size=948 (robust=1)
[2026-07-28 12:13:59]     [2026-07-28 12:13:52][INFO]   [诊断] extract_wcs_sip 入口: trans.order=3, trans.valid=1, ra0=3.745681, dec0=-39.196792, img=4096x4096, s0=0.9890, U.size=948, W.size=53, matched.size=38
[2026-07-28 12:13:59]     [2026-07-28 12:13:52][INFO]   [V4.22] 清零 trans.x00/y00 (saved: x00=0.0086, y00=-0.0504)
[2026-07-28 12:13:59]     [2026-07-28 12:13:52][INFO] extract_wcs_sip: SIP A/B 解析公式成功, order=3
[2026-07-28 12:13:59]     [2026-07-28 12:13:52][INFO] extract_wcs_sip: SIP AP/BP 网格反变换成功, ap_order=3, n_inv_coef=10, n_grid=49
[2026-07-28 12:13:59]     [2026-07-28 12:13:52][INFO] extract_wcs_sip: CD=[-2.737885e-06 2.662982e-04; -2.662161e-04 -2.755295e-06], CRVAL=(3.745681, -39.196792), CRPIX=(2048.5, 2048.5), ctype=[RA---TAN-SIP, DEC--TAN-SIP], n_pairs=38, rms_px=0.1348, rms_arcsec=0.1333, trans_order=3, sip_order=3, ap_order=3
[2026-07-28 12:13:59]     [2026-07-28 12:13:52][INFO]   [阶段] extract_wcs_sip: 0.04 ms, success=1, n_pairs=38, rms_px=0.135, rms_arcsec=0.133, trans_order=3, sip_order=3
[2026-07-28 12:13:59]     [2026-07-28 12:13:52][INFO] ==== IPVSolver::solve 完成 (V4.22) ====
[2026-07-28 12:13:59]     [2026-07-28 12:13:52][INFO]   最终: n_pairs=38, rms_px=0.135, rms_arcsec=0.133, trans_order=3, sip_order=3, success=1
[2026-07-28 12:13:59]     [2026-07-28 12:13:58][INFO][SDET] StarDetector destroyed
[2026-07-28 12:13:59]   PNG: f:\Astro dev\Astro CS Normalization Database\T3_RED_NGC55_reproject.png
[2026-07-28 12:13:59]   FITS: f:\Astro dev\Astro CS Normalization Database\T3_RED_NGC55_solved.fits
[2026-07-28 12:13:59] 
[2026-07-28 12:13:59] [6/8] T3_GREEN_NGC55
[2026-07-28 12:13:59]   源 FITS: f:\Astro dev\Astro CS Normalization Database\testdata\NGC55_T3_flying_dutchman\lights\NGC55_T3_flying_dutchman-20250701@075153-600S-Green.fts
[2026-07-28 12:13:59]   运行: python visualize_reproject.py --single --input f:\Astro dev\Astro CS Normalization Database\testdata\NGC55_T3_flying_dutchman\lights\NGC55_T3_flying_dutchman-20250701@075153-600S-Green.fts --output-dir f:\Astro dev\Astro CS Normalization Database --save-solved-fits
[2026-07-28 12:14:07]     
[2026-07-28 12:14:07]     ======================================================================
[2026-07-28 12:14:07]     初始化可视化环境
[2026-07-28 12:14:07]     ======================================================================
[2026-07-28 12:14:07]     [1/4] GaiaClient: F:\Astro dev\Astro CS Normalization Database\GaiaDR3SP (db_type=2)
[2026-07-28 12:14:07]     [2/4] StarDetector
[2026-07-28 12:14:07]     [2026-07-28 12:13:59][INFO][SDET] StarDetector created (fitRadius=0, fwhmClipSigma=3.0, maxAxisRatio=2.0)
[2026-07-28 12:14:07]     [3/4] IPVSolver
[2026-07-28 12:14:07]     [4/4] ImageReader
[2026-07-28 12:14:07]     [2026-07-28 12:13:59][INFO][FITS] Reading header only: f:\Astro dev\Astro CS Normalization Database\testdata\NGC55_T3_flying_dutchman\lights\NGC55_T3_flying_dutchman-20250701@075153-600S-Green.fts
[2026-07-28 12:14:07]     [2026-07-28 12:13:59][INFO][FITS] Reading header only: f:\Astro dev\Astro CS Normalization Database\testdata\NGC55_T3_flying_dutchman\lights\NGC55_T3_flying_dutchman-20250701@075153-600S-Green.fts
[2026-07-28 12:14:07]       图像: 4096x4096, FOV=1.13°, NGC55_T3_flying_dutchman
[2026-07-28 12:14:07]       指向: RA=3.7458°, Dec=-39.1967°, fl=1877.0mm, ps=9.0um
[2026-07-28 12:14:07]     [2026-07-28 12:13:59][INFO][FITS] Reading: f:\Astro dev\Astro CS Normalization Database\testdata\NGC55_T3_flying_dutchman\lights\NGC55_T3_flying_dutchman-20250701@075153-600S-Green.fts
[2026-07-28 12:14:07]     [2026-07-28 12:13:59][INFO][FITS] Header: BITPIX=16 NAXIS=2 NAXIS1=4096 NAXIS2=4096 NAXIS3=0 BSCALE=1.0 BZERO=32768.0 keywords=69
[2026-07-28 12:14:07]     [2026-07-28 12:13:59][INFO][FITS] Applying BSCALE=1.000000 BZERO=32768.000000
[2026-07-28 12:14:07]     [2026-07-28 12:13:59][INFO][FITS] Read OK: 4096x4096 1ch BITPIX=16
[2026-07-28 12:14:07]     [2026-07-28 12:13:59][INFO][API] aio_read_fits: 0.034 s
[2026-07-28 12:14:07]       Plate solving...
[2026-07-28 12:14:07]     [2026-07-28 12:13:59][INFO] ==== IPVSolver::solve 开始 (V4.19 统一求解) ====
[2026-07-28 12:14:07]     [2026-07-28 12:13:59][INFO]   image_path=f:\Astro dev\Astro CS Normalization Database\testdata\NGC55_T3_flying_dutchman\lights\NGC55_T3_flying_dutchman-20250701@075153-600S-Green.fts
[2026-07-28 12:14:07]     [2026-07-28 12:13:59][INFO]   ra0=3.745833 deg, dec0=-39.196667 deg
[2026-07-28 12:14:07]     [2026-07-28 12:13:59][INFO]   focal_length=1877.000 mm, pixel_size=9.000 um
[2026-07-28 12:14:07]     [2026-07-28 12:13:59][INFO]   gaia_handle=1722704412816, detector_handle=1723914643392
[2026-07-28 12:14:07]     [2026-07-28 12:13:59][INFO] === ipv_select 启动 ===
[2026-07-28 12:14:07]     [2026-07-28 12:13:59][INFO] ipv_select: 依赖 DLL 全部加载成功
[2026-07-28 12:14:07]     [2026-07-28 12:13:59][INFO] Step 1: 读取图像 f:\Astro dev\Astro CS Normalization Database\testdata\NGC55_T3_flying_dutchman\lights\NGC55_T3_flying_dutchman-20250701@075153-600S-Green.fts
[2026-07-28 12:14:07]     [2026-07-28 12:13:59][INFO][FITS] Reading: f:\Astro dev\Astro CS Normalization Database\testdata\NGC55_T3_flying_dutchman\lights\NGC55_T3_flying_dutchman-20250701@075153-600S-Green.fts
[2026-07-28 12:14:07]     [2026-07-28 12:13:59][INFO][FITS] Header: BITPIX=16 NAXIS=2 NAXIS1=4096 NAXIS2=4096 NAXIS3=0 BSCALE=1.0 BZERO=32768.0 keywords=69
[2026-07-28 12:14:07]     [2026-07-28 12:13:59][INFO][FITS] Applying BSCALE=1.000000 BZERO=32768.000000
[2026-07-28 12:14:07]     [2026-07-28 12:13:59][INFO][FITS] Read OK: 4096x4096 1ch BITPIX=16
[2026-07-28 12:14:07]     [2026-07-28 12:13:59][INFO][API] aio_read_fits: 0.034 s
[2026-07-28 12:14:07]     [2026-07-28 12:13:59][INFO]   图像尺寸: 4096×4096
[2026-07-28 12:14:07]     [2026-07-28 12:13:59][INFO] Step 2: 星点检测
[2026-07-28 12:14:07]     [2026-07-28 12:13:59][INFO][SDET] sdet_detect_ex start: 4096x4096
[2026-07-28 12:14:07]     [2026-07-28 12:13:59][DEBUG][SDET] [1] uint16→float: 17.4 ms
[2026-07-28 12:14:07]     [2026-07-28 12:13:59][DEBUG][SDET] [2] Gaussian YvV smooth (sigma=2.0): 146.9 ms
[2026-07-28 12:14:07]     [2026-07-28 12:14:00][INFO][SDET] peaker: median=1225.0000 bgnoise=16.5006 threshold=1307.5029 (median+5*bgnoise)
[2026-07-28 12:14:07]     [2026-07-28 12:14:00][DEBUG][SDET] [3] Threshold: 328.6 ms
[2026-07-28 12:14:07]     [2026-07-28 12:14:00][INFO][SDET] peaker: bg=1225.0 maxi=65535.0 norm=65535.0 dynrange=64310.0 minsatlevel=45017.0 satrange=6431.0 s_factor=3.7169 locthreshold=82.5029
[2026-07-28 12:14:07]     [2026-07-28 12:14:00][DEBUG][SDET] [4] peaker: 26.6 ms (1087 candidates, full peaker 7-step)
[2026-07-28 12:14:07]     [2026-07-28 12:14:00][INFO][SDET] Candidates: 1087
[2026-07-28 12:14:07]     [2026-07-28 12:14:00][INFO][SDET] Peaker stages: pass_threshold=422383 pass_localmax=5144 pass_count3=1945 pass_boundary=1945 | cond_meanhigh=37 cond_platform=1753 sat_both=20 nonsat=1925
[2026-07-28 12:14:07]     [2026-07-28 12:14:00][INFO][SDET] Auto fitRadius: med_pixels=72 fwhm_est=4.16 auto_radius=12 actual=12
[2026-07-28 12:14:07]     [2026-07-28 12:14:00][INFO][SDET] Task6 candidates sorted by mag_est (desc): maxstars=2000 candidates=1087
[2026-07-28 12:14:07]     [2026-07-28 12:14:00][DEBUG][SDET] [6] Moffat4 fit: 88.7 ms (1044/1087 OK)
[2026-07-28 12:14:07]     [2026-07-28 12:14:00][INFO][SDET] Moffat4 fit: 1044/1087 OK
[2026-07-28 12:14:07]     [2026-07-28 12:14:00][INFO][SDET] === Fit statistics by pixel count ===
[2026-07-28 12:14:07]     [2026-07-28 12:14:00][INFO][SDET]   px[5-9]: total=17 ok=16(94.1%) invalid=0 noconv=1 iterlimit=0
[2026-07-28 12:14:07]     [2026-07-28 12:14:00][INFO][SDET]   px[10-19]: total=73 ok=71(97.3%) invalid=0 noconv=2 iterlimit=0
[2026-07-28 12:14:07]     [2026-07-28 12:14:00][INFO][SDET]   px[20-49]: total=286 ok=281(98.3%) invalid=0 noconv=5 iterlimit=0
[2026-07-28 12:14:07]     [2026-07-28 12:14:00][INFO][SDET]   px[50-99]: total=267 ok=265(99.3%) invalid=0 noconv=2 iterlimit=0
[2026-07-28 12:14:07]     [2026-07-28 12:14:00][INFO][SDET]   px[100-299]: total=406 ok=374(92.1%) invalid=0 noconv=32 iterlimit=0
[2026-07-28 12:14:07]     [2026-07-28 12:14:00][DEBUG][SDET] [7] FWHM stats: 0.2 ms (med=2.6690 mad=0.1735)
[2026-07-28 12:14:07]     [2026-07-28 12:14:00][INFO][SDET] FWHM stats: med=2.6690 mad=0.1735 (from 1044 fitted stars)
[2026-07-28 12:14:07]     [2026-07-28 12:14:00][DEBUG][SDET] [8] Build normal stars: 0.8 ms (929 stars, fit_fail=43 fwhm=0 round=15 reject=100)
[2026-07-28 12:14:07]     [2026-07-28 12:14:00][INFO][SDET] Normal stars: 929 (fit_fail=43 fwhm=0 roundness=15 reject=100)
[2026-07-28 12:14:07]     [2026-07-28 12:14:00][DEBUG][SDET] [9] Saturated star detection skipped (V4.52: use A>dynrange from peaker): 0.0 ms
[2026-07-28 12:14:07]     [2026-07-28 12:14:00][DEBUG][SDET] [10a] Dedup: 0.3 ms
[2026-07-28 12:14:07]     [2026-07-28 12:14:00][DEBUG][SDET] [10b] Sort: 0.1 ms
[2026-07-28 12:14:07]     [2026-07-28 12:14:00][INFO][SDET] After dedup+sort: 929 stars (saturated=42 normal=887)
[2026-07-28 12:14:07]     [2026-07-28 12:14:00][INFO][SDET] sdet_detect_ex done: 929 stars (sat=42 normal=887), 0.610 s
[2026-07-28 12:14:07]     [2026-07-28 12:14:00][INFO]   检测到星点: 929 颗 (饱和 42, 正常 887)
[2026-07-28 12:14:07]     [2026-07-28 12:14:00][INFO] Step 3: 图像侧选星
[2026-07-28 12:14:07]     [2026-07-28 12:14:00][INFO] 选星: 按 mag(box积分) 升序取前 60 颗 (含饱和 42 颗)
[2026-07-28 12:14:07]     [2026-07-28 12:14:00][INFO]   U 向量组: 60×2 (s0=0.9890"/px)
[2026-07-28 12:14:07]     [2026-07-28 12:14:00][INFO] Step 4: FOV/密度计算
[2026-07-28 12:14:07]     [2026-07-28 12:14:00][INFO] FOV计算: s0=0.9890"/px, FOV_diag=1.5914°, query_r=0.8753°, img_area=1.26626°², query_area=2.40673°², rho_img=47.38, rho_target=71.08, n_target=60
[2026-07-28 12:14:07]     [2026-07-28 12:14:00][INFO] Step 5: V4.9 密度公式估算极限星等 (替代迭代)
[2026-07-28 12:14:07]     [2026-07-28 12:14:00][INFO] 密度估算极限星等: G=11.037 (n_required=60, area=2.4067°², rho_target=24.93/°²)
[2026-07-28 12:14:07]     [2026-07-28 12:14:00][INFO] Step 6: 用 m_lim=11.037 查询 Gaia 星表
[2026-07-28 12:14:07]     [2026-07-28 12:14:00][WARN] V4.9 补救查询 1: Gaia 返回 24 < n_target=60, 放宽到 m=12.037
[2026-07-28 12:14:07]     [2026-07-28 12:14:00][WARN] V4.9 补救查询 2: Gaia 返回 52 < n_target=60, 放宽到 m=13.037
[2026-07-28 12:14:07]     [2026-07-28 12:14:00][INFO] Step 7: Gnomonic 投影 + FOV 过滤
[2026-07-28 12:14:07]     [2026-07-28 12:14:00][INFO]   W 向量组: 53×2 (FOV 内 53, 取最亮 53, gaia_ra/dec 已保存)
[2026-07-28 12:14:07]     [2026-07-28 12:14:00][INFO] === ipv_select 完成 ===
[2026-07-28 12:14:07]     [2026-07-28 12:14:00][INFO] === triangle_match 开始: N_U=60, N_W=53, n_A0=60, n_B0=60, tol=0.0020, s0=0.9890 ===
[2026-07-28 12:14:07]     [2026-07-28 12:14:00][INFO] triangle_match: stage=0 nA=60 nB=60 超过实际星数, 停止扩充
[2026-07-28 12:14:07]     [2026-07-28 12:14:00][INFO] triangle_match_single: n_A=60, n_B=53, tol=0.0020, s0=0.9890, scale=[0.8426,1.2639]
[2026-07-28 12:14:07]     [2026-07-28 12:14:00][DEBUG] stars_to_triangles: N=60, expected=34220, valid=34220, skipped_degenerate=0 (并行, 16 线程)
[2026-07-28 12:14:07]     [2026-07-28 12:14:00][DEBUG] stars_to_triangles: prune_triangle_array ba>0.9 剪枝: before=34220, after=24563, pruned=9657
[2026-07-28 12:14:07]     [2026-07-28 12:14:00][DEBUG] stars_to_triangles: N=53, expected=23426, valid=23426, skipped_degenerate=0 (并行, 16 线程)
[2026-07-28 12:14:07]     [2026-07-28 12:14:00][DEBUG] stars_to_triangles: prune_triangle_array ba>0.9 剪枝: before=23426, after=17350, pruned=6076
[2026-07-28 12:14:07]     [2026-07-28 12:14:00][INFO] make_vote_matrix: n_A=24563, n_B=17350, matched_triangles=32074, vote_matrix=60x53, scale_rejected=35651 (range=[0.8426,1.2639]) [并行 16 线程]
[2026-07-28 12:14:07]     [2026-07-28 12:14:00][INFO] top_vote_getters: 矩阵=60x53, 候选对数(vote>=2)=3173, top_n=60
[2026-07-28 12:14:07]     [2026-07-28 12:14:00][INFO] top_vote_getters: V4.25 去重后 top_pairs=53, 去重剔除=3120
[2026-07-28 12:14:07]     [2026-07-28 12:14:00][INFO]   [调试] top[0]: u=17 w=20, votes=909
[2026-07-28 12:14:07]     [2026-07-28 12:14:00][INFO]   [调试] top[1]: u=25 w=23, votes=887
[2026-07-28 12:14:07]     [2026-07-28 12:14:00][INFO]   [调试] top[2]: u=12 w=15, votes=862
[2026-07-28 12:14:07]     [2026-07-28 12:14:00][INFO]   [调试] top[3]: u=24 w=29, votes=850
[2026-07-28 12:14:07]     [2026-07-28 12:14:00][INFO]   [调试] top[4]: u=37 w=39, votes=805
[2026-07-28 12:14:07]     [2026-07-28 12:14:00][INFO]   [调试] top[5]: u=13 w=22, votes=802
[2026-07-28 12:14:07]     [2026-07-28 12:14:00][INFO]   [调试] top[6]: u=34 w=46, votes=801
[2026-07-28 12:14:07]     [2026-07-28 12:14:00][INFO]   [调试] top[7]: u=9 w=10, votes=797
[2026-07-28 12:14:07]     [2026-07-28 12:14:00][INFO]   [调试] top[8]: u=8 w=9, votes=794
[2026-07-28 12:14:07]     [2026-07-28 12:14:00][INFO]   [调试] top[9]: u=28 w=32, votes=792
[2026-07-28 12:14:07]     [2026-07-28 12:14:00][INFO] triangle_match_single 完成: tri_A=24563, tri_B=17350, vote_matrix=60x53, max_vote=909, 候选对数(vote>=2)=3173, top_pairs=53
[2026-07-28 12:14:07]     [2026-07-28 12:14:00][INFO] === triangle_match 结束: tri_A=24563, tri_B=17350, top_pairs=53, max_vote=909, success=1 ===
[2026-07-28 12:14:07]     [2026-07-28 12:14:00][INFO] [V4.22] n_target=60, max_vote=909, threshold=2
[2026-07-28 12:14:07]     [2026-07-28 12:14:00][INFO]   [阶段] triangle_match (n=60): 64.38 ms, max_vote=909, top_pairs=53, success=1
[2026-07-28 12:14:07]     [2026-07-28 12:14:00][INFO] [V4.22] max_vote=909 >= threshold=2, 停止扩充
[2026-07-28 12:14:07]     [2026-07-28 12:14:00][INFO]   [阶段] StarSelector+triangle_match (V4.22 自适应): 732.43 ms, n_target_used=60
[2026-07-28 12:14:07]     [2026-07-28 12:14:00][INFO]   N_U=60, N_W=53, s0=0.9890 arcsec/px, img=4096x4096, fov_diag=1.5914 deg, n_target_used=60
[2026-07-28 12:14:07]     [2026-07-28 12:14:00][INFO] iter_trans_solve: U=60, W=53, initial_pairs=53, tol=5.00, order=3
[2026-07-28 12:14:07]     [2026-07-28 12:14:00][DEBUG] calc_trans_general: order=3, n_pairs=20, 拟合成功
[2026-07-28 12:14:07]     [2026-07-28 12:14:00][INFO] iter_trans_inner: 初始拟合完成, 初始工作集=20, order=3
[2026-07-28 12:14:07]     [2026-07-28 12:14:00][INFO]   [调试] 初始 TRANS: x00=0.3205 y00=-0.2142, x10=-0.009892 x01=-0.958714 y10=-0.958459 y01=0.010023
[2026-07-28 12:14:07]     [2026-07-28 12:14:00][INFO]   [调试] 初始对[0]: u=17 w=20, U=(176.17,158.82), W=(-153.66,-167.54), pred=(-153.68,-167.47), dist=0.0744" (dx=-0.02 dy=0.07)
[2026-07-28 12:14:07]     [2026-07-28 12:14:00][INFO]   [调试] 初始对[1]: u=25 w=23, U=(245.34,-358.40), W=(341.41,-238.80), pred=(341.45,-238.88), dist=0.0952" (dx=0.04 dy=-0.09)
[2026-07-28 12:14:07]     [2026-07-28 12:14:00][INFO]   [调试] 初始对[2]: u=12 w=15, U=(48.38,569.14), W=(-545.44,-40.94), pred=(-545.57,-40.87), dist=0.1488" (dx=-0.13 dy=0.07)
[2026-07-28 12:14:07]     [2026-07-28 12:14:00][INFO]   [调试] 初始对[3]: u=24 w=29, U=(532.59,63.89), W=(-65.92,-509.86), pred=(-66.19,-509.91), dist=0.2704" (dx=-0.27 dy=-0.05)
[2026-07-28 12:14:07]     [2026-07-28 12:14:00][INFO]   [调试] 初始对[4]: u=37 w=39, U=(604.76,-159.87), W=(147.58,-581.30), pred=(147.56,-581.21), dist=0.0868" (dx=-0.02 dy=0.08)
[2026-07-28 12:14:07]     [2026-07-28 12:14:00][INFO]   [调试] 初始对[5]: u=13 w=22, U=(531.28,1597.57), W=(-1531.69,-492.40), pred=(-1531.82,-492.40), dist=0.1345" (dx=-0.13 dy=-0.00)
[2026-07-28 12:14:07]     [2026-07-28 12:14:00][INFO] iter_trans_inner: V4.23 工作集扩展 20->53 (nr=nbright)
[2026-07-28 12:14:07]     [2026-07-28 12:14:00][DEBUG] iter 0: 绝对剔除 nr=53→48, nb=5
[2026-07-28 12:14:07]     [2026-07-28 12:14:00][DEBUG] iter 0: sigma(35%)=0.023368 角秒²
[2026-07-28 12:14:07]     [2026-07-28 12:14:00][DEBUG] iter 0: 相对剔除 nr=30, nb=23, rel_thresh=0.233683
[2026-07-28 12:14:07]     [2026-07-28 12:14:00][DEBUG] calc_trans_general: order=3, n_pairs=30, 拟合成功
[2026-07-28 12:14:07]     [2026-07-28 12:14:00][INFO] iter_trans_inner: 完成, nr=30, sig=0.0345, rms=0.1711, iters=1, success=1
[2026-07-28 12:14:07]     [2026-07-28 12:14:00][INFO] iter_trans_solve: 第一轮 iter_trans 成功, inliers=30, rms=0.1711
[2026-07-28 12:14:07]     [2026-07-28 12:14:00][INFO] at_match_lists: U=60, W=53, tol=5.00", U→W单向=48, W→U单向=48, 双向=48, 去重后=48
[2026-07-28 12:14:07]     [2026-07-28 12:14:00][DEBUG] calc_trans_general: order=3, n_pairs=48, 拟合成功
[2026-07-28 12:14:07]     [2026-07-28 12:14:00][INFO] at_recalc_trans: n=48, order=3, sig=0.0890, sx=0.2402, sy=0.1447, rms=0.2804
[2026-07-28 12:14:07]     [2026-07-28 12:14:00][INFO] iter_trans_solve: 第一轮 refit 成功, inliers=48, rms=0.2804
[2026-07-28 12:14:07]     [2026-07-28 12:14:00][INFO] at_match_lists: U=60, W=53, tol=5.00", U→W单向=48, W→U单向=48, 双向=48, 去重后=48
[2026-07-28 12:14:07]     [2026-07-28 12:14:00][DEBUG] calc_trans_general: order=3, n_pairs=48, 拟合成功
[2026-07-28 12:14:07]     [2026-07-28 12:14:00][INFO] at_recalc_trans: n=48, order=3, sig=0.0890, sx=0.2402, sy=0.1447, rms=0.2804
[2026-07-28 12:14:07]     [2026-07-28 12:14:00][INFO] iter_trans_solve: 第二轮 refit 成功, inliers=48, rms=0.2804
[2026-07-28 12:14:07]     [2026-07-28 12:14:00][INFO]   [诊断] it_result 检查: n_inliers=48, inliers.size=48, rms=0.2804, n_iterations=3, success=1, trans.order=3, trans.valid=1
[2026-07-28 12:14:07]     [2026-07-28 12:14:00][INFO]   [诊断] it_result.trans: x00=0.3290 y00=-0.1704 x10=-0.009883 x01=-0.958750 y10=-0.958528 y01=0.009882
[2026-07-28 12:14:07]     [2026-07-28 12:14:00][INFO]   [诊断] it_result.inliers 前5对:
[2026-07-28 12:14:07]     [2026-07-28 12:14:00][INFO]     inliers[0]: u=0 w=1
[2026-07-28 12:14:07]     [2026-07-28 12:14:00][INFO]     inliers[1]: u=1 w=2
[2026-07-28 12:14:07]     [2026-07-28 12:14:00][INFO]     inliers[2]: u=2 w=0
[2026-07-28 12:14:07]     [2026-07-28 12:14:00][INFO]     inliers[3]: u=3 w=3
[2026-07-28 12:14:07]     [2026-07-28 12:14:00][INFO]     inliers[4]: u=4 w=4
[2026-07-28 12:14:07]     [2026-07-28 12:14:00][INFO]   [诊断] 准备打印阶段耗时日志...
[2026-07-28 12:14:07]     [2026-07-28 12:14:00][INFO]   [阶段] iter_trans_solve: 0.38 ms, n_inliers=48, rms=0.2804, iters=3, success=1
[2026-07-28 12:14:07]     [2026-07-28 12:14:00][INFO]   iter_trans TRANS: order=3, x00=0.3290 y00=-0.1704 (px), x10=-0.009883 x01=-0.958750 y10=-0.958528 y01=0.009882
[2026-07-28 12:14:07]     [2026-07-28 12:14:00][INFO]   [诊断] 准备调用 iterative_reproject...
[2026-07-28 12:14:07]     [2026-07-28 12:14:00][INFO]   [诊断] iterative_reproject 入口: U.size=60, gaia_ra.size=53, gaia_dec.size=53, initial_inliers.size=48, s0=0.9890, img=4096x4096
[2026-07-28 12:14:07]     [2026-07-28 12:14:00][INFO] iterative_reproject: 开始 (N_W=53, n_inliers=48, s0=0.9890"/px, max_iter=5, conv_thresh=0.0100")
[2026-07-28 12:14:07]     [2026-07-28 12:14:00][INFO]   iter 0: ra_cur=3.745833 dec_cur=-39.196667, xi_center=0.3290" eta_center=-0.1704", conv=0.3705" (thresh=0.0100")
[2026-07-28 12:14:07]     [2026-07-28 12:14:00][INFO]   iter 0: 新中心 ra=3.745951 dec=-39.196714 (Δra=0.000118° Δdec=-0.000047°)
[2026-07-28 12:14:07]     [2026-07-28 12:14:00][DEBUG] calc_trans_general: order=3, n_pairs=48, 拟合成功
[2026-07-28 12:14:07]     [2026-07-28 12:14:00][INFO] at_recalc_trans: n=48, order=3, sig=0.0890, sx=0.2402, sy=0.1447, rms=0.2804
[2026-07-28 12:14:07]     [2026-07-28 12:14:00][INFO]   iter 0: at_recalc_trans 成功, n=48, sig=0.0890, rms=0.2804, x00=-0.0000 y00=0.0000 (asec)
[2026-07-28 12:14:07]     [2026-07-28 12:14:00][INFO]   iter 1: 收敛 (TRANS 常数项 = 0.0000" < 0.0100")
[2026-07-28 12:14:07]     [2026-07-28 12:14:00][INFO] iterative_reproject: 完成 (收敛), ra=3.745833→3.745951 dec=-39.196667→-39.196714, n_matched=48 (固定), iters=1, conv=0.0000"
[2026-07-28 12:14:07]     [2026-07-28 12:14:00][INFO]   [诊断] iterative_reproject 返回: success=1, n_matched=48, n_iterations=1, convergence=0.0000, ra0=3.745951, dec0=-39.196714, matched.size=48, trans.order=3
[2026-07-28 12:14:07]     [2026-07-28 12:14:00][INFO]   [阶段] iterative_reproject: 0.51 ms, success=1, ra=3.745833→3.745951, dec=-39.196667→-39.196714, n_matched=48, iters=1, conv=0.0000"
[2026-07-28 12:14:07]     [2026-07-28 12:14:00][INFO] at_match_lists: U=60, W=53, tol=5.00", U→W单向=48, W→U单向=48, 双向=48, 去重后=48
[2026-07-28 12:14:07]     [2026-07-28 12:14:00][INFO]   [阶段] hi_order_rematch iter 0: n_matched=48 (min=10, order=3)
[2026-07-28 12:14:07]     [2026-07-28 12:14:00][DEBUG] calc_trans_general: order=3, n_pairs=48, 拟合成功
[2026-07-28 12:14:07]     [2026-07-28 12:14:00][INFO] at_recalc_trans: n=48, order=3, sig=0.0890, sx=0.2402, sy=0.1447, rms=0.2804
[2026-07-28 12:14:07]     [2026-07-28 12:14:00][INFO] at_match_lists: U=60, W=53, tol=5.00", U→W单向=48, W→U单向=48, 双向=48, 去重后=48
[2026-07-28 12:14:07]     [2026-07-28 12:14:00][DEBUG] calc_trans_general: order=3, n_pairs=48, 拟合成功
[2026-07-28 12:14:07]     [2026-07-28 12:14:00][INFO] at_recalc_trans: n=48, order=3, sig=0.0890, sx=0.2402, sy=0.1447, rms=0.2804
[2026-07-28 12:14:07]     [2026-07-28 12:14:00][INFO]   [阶段] hi_order_rematch iter 1: 收敛 (dn=0, drms=0.0000)
[2026-07-28 12:14:07]     [2026-07-28 12:14:00][INFO]   [阶段] hi_order_rematch: 0.06 ms, n_matched=48, trans.order=3
[2026-07-28 12:14:07]     [2026-07-28 12:14:00][INFO] ==== robust_refine_wcs 开始 (V4.30) ====
[2026-07-28 12:14:07]       U_full=929, mag_full=929, gaia=53
[2026-07-28 12:14:07]       ra0=3.745951, dec0=-39.196714, s0=0.9890"/px, fov=1.5914°, img=4096x4096
[2026-07-28 12:14:07]       initial_rms=0.0890", trans.order=3
[2026-07-28 12:14:07]     [2026-07-28 12:14:00][INFO]   [robust_refine] 网格采样: FOV=1.591°, G_short=3, N_long=3, n_cells=9, quota=20, narrow_all=0, N_full=929
[2026-07-28 12:14:07]     [2026-07-28 12:14:00][INFO]   [robust_refine] 网格采样完成: 选中 180 颗 (上限 300, 下限 100)
[2026-07-28 12:14:07]     [2026-07-28 12:14:00][INFO]   [robust_refine] NN 匹配: U=180, W=53, tol=1.000", Lowe通过=48, 双向=48
[2026-07-28 12:14:07]     [2026-07-28 12:14:00][INFO]   [robust_refine] baseline: initial_rms=0.0890" (60星), U_pool RMS=0.2804" (180 星, matched=48)
[2026-07-28 12:14:07]     [2026-07-28 12:14:00][INFO]   [robust_refine] NN 匹配: U=180, W=53, tol=1.000", Lowe通过=48, 双向=48
[2026-07-28 12:14:07]     [2026-07-28 12:14:00][INFO]   [robust_refine] 空间一致性: 1/48 可疑 (K=8, σ=0.565")
[2026-07-28 12:14:07]     [2026-07-28 12:14:00][INFO]   [robust_refine] iter 0: tol=1.000", matched=48, rms=0.2804"→0.2876", cd_Δ=0.6363%, damp=0.00e+00
[2026-07-28 12:14:07]     [2026-07-28 12:14:00][INFO]   [robust_refine] NN 匹配: U=180, W=53, tol=0.500", Lowe通过=42, 双向=42
[2026-07-28 12:14:07]     [2026-07-28 12:14:00][INFO]   [robust_refine] 空间一致性: 1/42 可疑 (K=8, σ=0.206")
[2026-07-28 12:14:07]     [2026-07-28 12:14:00][INFO]   [robust_refine] iter 1: tol=0.500", matched=42, rms=0.2876"→0.1902", cd_Δ=0.2282%, damp=0.00e+00
[2026-07-28 12:14:07]     [2026-07-28 12:14:00][INFO]   [robust_refine] NN 匹配: U=180, W=53, tol=0.500", Lowe通过=42, 双向=42
[2026-07-28 12:14:07]     [2026-07-28 12:14:00][INFO]   [robust_refine] 空间一致性: 1/42 可疑 (K=8, σ=0.121")
[2026-07-28 12:14:07]     [2026-07-28 12:14:00][INFO]   [robust_refine] iter 2: tol=0.500", matched=42, rms=0.1902"→0.1944", cd_Δ=0.1165%, damp=0.00e+00
[2026-07-28 12:14:07]     [2026-07-28 12:14:00][INFO]   [robust_refine] NN 匹配: U=180, W=53, tol=0.300", Lowe通过=37, 双向=37
[2026-07-28 12:14:07]     [2026-07-28 12:14:00][INFO]   [robust_refine] iter 3: tol=0.300", matched=37, rms=0.1944"→0.1455", cd_Δ=0.0973%, damp=0.00e+00
[2026-07-28 12:14:07]     [2026-07-28 12:14:00][INFO]   [robust_refine] NN 匹配: U=180, W=53, tol=0.300", Lowe通过=35, 双向=35
[2026-07-28 12:14:07]     [2026-07-28 12:14:00][INFO]   [robust_refine] 空间一致性: 1/35 可疑 (K=8, σ=0.024")
[2026-07-28 12:14:07]     [2026-07-28 12:14:00][INFO]   [robust_refine] iter 4: tol=0.300", matched=35, rms=0.1455"→0.1307", cd_Δ=0.0603%, damp=0.00e+00
[2026-07-28 12:14:07]     [2026-07-28 12:14:00][INFO]   [robust_refine] NN 匹配: U=180, W=53, tol=0.300", Lowe通过=33, 双向=33
[2026-07-28 12:14:07]     [2026-07-28 12:14:00][INFO]   [robust_refine] iter 5: tol=0.300", matched=33, rms=0.1307"→0.1079", cd_Δ=0.0286%, damp=0.00e+00
[2026-07-28 12:14:07]     [2026-07-28 12:14:00][INFO]   [robust_refine] NN 匹配: U=180, W=53, tol=0.300", Lowe通过=33, 双向=33
[2026-07-28 12:14:07]     [2026-07-28 12:14:00][INFO]   [robust_refine] iter 6: tol=0.300", matched=33, rms=0.1079"→0.1076", cd_Δ=0.0358%, damp=0.00e+00
[2026-07-28 12:14:07]     [2026-07-28 12:14:00][INFO]   [robust_refine] NN 匹配: U=180, W=53, tol=0.300", Lowe通过=33, 双向=33
[2026-07-28 12:14:07]     [2026-07-28 12:14:00][INFO]   [robust_refine] iter 7: tol=0.300", matched=33, rms=0.1076"→0.1076", cd_Δ=0.0281%, damp=0.00e+00
[2026-07-28 12:14:07]     [2026-07-28 12:14:00] [INFO] [MainThread] solve_and_write_wcs: 日志系统初始化完成，日志文件: F:\Astro dev\Astro CS Normalization Database\lib\plate_solve\python\..\logs\solve_and_write_wcs_20260728_121400.log
[2026-07-28 12:14:07]       保存带 WCS 的 FITS: f:\Astro dev\Astro CS Normalization Database\NGC55_T3_flying_dutchman-20250701@075153-600S-Green_solved.fits
[2026-07-28 12:14:07]     [2026-07-28 12:14:00] [INFO] [MainThread] solve_and_write_wcs: ----------------------------------------
[2026-07-28 12:14:07]     [2026-07-28 12:14:00] [INFO] [MainThread] solve_and_write_wcs: 写入 WCS 关键字到 FITS 文件
[2026-07-28 12:14:07]     [2026-07-28 12:14:00] [INFO] [MainThread] solve_and_write_wcs:   文件: f:\Astro dev\Astro CS Normalization Database\NGC55_T3_flying_dutchman-20250701@075153-600S-Green_solved.fits
[2026-07-28 12:14:07]     [2026-07-28 12:14:00] [INFO] [MainThread] solve_and_write_wcs:   overwrite=True
[2026-07-28 12:14:07]     [2026-07-28 12:14:00] [INFO] [MainThread] solve_and_write_wcs:   CTYPE1=RA---TAN-SIP, CTYPE2=DEC--TAN-SIP
[2026-07-28 12:14:07]     [2026-07-28 12:14:00] [INFO] [MainThread] solve_and_write_wcs:   CRVAL1=3.74595126, CRVAL2=-39.19671401
[2026-07-28 12:14:07]     [2026-07-28 12:14:00] [INFO] [MainThread] solve_and_write_wcs:   CRPIX1=2048.5000, CRPIX2=2048.5000
[2026-07-28 12:14:07]     [2026-07-28 12:14:00] [INFO] [MainThread] solve_and_write_wcs:   CD1_1=-2.7194732694e-06, CD1_2=2.6627387870e-04
[2026-07-28 12:14:07]     [2026-07-28 12:14:00] [INFO] [MainThread] solve_and_write_wcs:   CD2_1=-2.6622670507e-04, CD2_2=-2.7591198984e-06
[2026-07-28 12:14:07]     [2026-07-28 12:14:00] [INFO] [MainThread] solve_and_write_wcs:   SIP_ORDER=3
[2026-07-28 12:14:07]     [2026-07-28 12:14:00] [INFO] [MainThread] solve_and_write_wcs:   SIP A/B 系数: 11 个 (order=3)
[2026-07-28 12:14:07]     [2026-07-28 12:14:00] [INFO] [MainThread] solve_and_write_wcs:   SIP AP/BP 系数: 11 个 (order=3)
[2026-07-28 12:14:07]     [2026-07-28 12:14:00] [INFO] [MainThread] solve_and_write_wcs:   WCS 关键字写入完成
[2026-07-28 12:14:07]       Gaia cone_search: radius=0.84°, mag<=18.0
[2026-07-28 12:14:07]       Gaia 返回: 1420 颗星
[2026-07-28 12:14:07]       图像范围内: 727 颗星
[2026-07-28 12:14:07]       标记前 727 颗最亮星 (mag 9.22~18.00)
[2026-07-28 12:14:07]       Siril MTF 拉伸...
[2026-07-28 12:14:07]       渲染 PNG...
[2026-07-28 12:14:07]       => f:\Astro dev\Astro CS Normalization Database\NGC55_T3_flying_dutchman-20250701@075153-600S-Green_reproject.png (4096x4096)
[2026-07-28 12:14:07]     
[2026-07-28 12:14:07]     结果: success=True, RMS=0.108", n_marked=727, elapsed=6.3s
[2026-07-28 12:14:07]     [2026-07-28 12:14:00][INFO]   [robust_refine] iter 7: 收敛 (conv_dp=0, conv_rms=1)
[2026-07-28 12:14:07]     [2026-07-28 12:14:00][INFO] ==== robust_refine_wcs 成功 ====
[2026-07-28 12:14:07]       iter=8, matched=33, rms=0.1076" (0.1088 px), cd_Δ=0.6363%, pool=180
[2026-07-28 12:14:07]     [2026-07-28 12:14:00][INFO]   [阶段] robust_refine: 成功, n_matched=33, rms=0.1076", iter=8, pool=180, cd_Δ=0.6363%
[2026-07-28 12:14:07]     [2026-07-28 12:14:00][INFO]   [阶段] robust_refine: 0.70 ms
[2026-07-28 12:14:07]     [2026-07-28 12:14:00][INFO]   [诊断] 准备调用 extract_wcs_sip: W_final.size=53, matched.size=33, U_for_wcs.size=929 (robust=1)
[2026-07-28 12:14:07]     [2026-07-28 12:14:00][INFO]   [诊断] extract_wcs_sip 入口: trans.order=3, trans.valid=1, ra0=3.745951, dec0=-39.196714, img=4096x4096, s0=0.9890, U.size=929, W.size=53, matched.size=33
[2026-07-28 12:14:07]     [2026-07-28 12:14:00][INFO]   [V4.22] 清零 trans.x00/y00 (saved: x00=0.0257, y00=-0.0415)
[2026-07-28 12:14:07]     [2026-07-28 12:14:00][INFO] extract_wcs_sip: SIP A/B 解析公式成功, order=3
[2026-07-28 12:14:07]     [2026-07-28 12:14:00][INFO] extract_wcs_sip: SIP AP/BP 网格反变换成功, ap_order=3, n_inv_coef=10, n_grid=49
[2026-07-28 12:14:07]     [2026-07-28 12:14:00][INFO] extract_wcs_sip: CD=[-2.719473e-06 2.662739e-04; -2.662267e-04 -2.759120e-06], CRVAL=(3.745951, -39.196714), CRPIX=(2048.5, 2048.5), ctype=[RA---TAN-SIP, DEC--TAN-SIP], n_pairs=33, rms_px=0.1088, rms_arcsec=0.1076, trans_order=3, sip_order=3, ap_order=3
[2026-07-28 12:14:07]     [2026-07-28 12:14:00][INFO]   [阶段] extract_wcs_sip: 0.06 ms, success=1, n_pairs=33, rms_px=0.109, rms_arcsec=0.108, trans_order=3, sip_order=3
[2026-07-28 12:14:07]     [2026-07-28 12:14:00][INFO] ==== IPVSolver::solve 完成 (V4.22) ====
[2026-07-28 12:14:07]     [2026-07-28 12:14:00][INFO]   最终: n_pairs=33, rms_px=0.109, rms_arcsec=0.108, trans_order=3, sip_order=3, success=1
[2026-07-28 12:14:07]     [2026-07-28 12:14:07][INFO][SDET] StarDetector destroyed
[2026-07-28 12:14:07]   PNG: f:\Astro dev\Astro CS Normalization Database\T3_GREEN_NGC55_reproject.png
[2026-07-28 12:14:07]   FITS: f:\Astro dev\Astro CS Normalization Database\T3_GREEN_NGC55_solved.fits
[2026-07-28 12:14:07] 
[2026-07-28 12:14:07] [7/8] T3_BLUE_NGC55
[2026-07-28 12:14:07]   源 FITS: f:\Astro dev\Astro CS Normalization Database\testdata\NGC55_T3_flying_dutchman\lights\NGC55_T3_flying_dutchman-20250701@080333-600S-Blue.fts
[2026-07-28 12:14:07]   运行: python visualize_reproject.py --single --input f:\Astro dev\Astro CS Normalization Database\testdata\NGC55_T3_flying_dutchman\lights\NGC55_T3_flying_dutchman-20250701@080333-600S-Blue.fts --output-dir f:\Astro dev\Astro CS Normalization Database --save-solved-fits
[2026-07-28 12:14:15]     
[2026-07-28 12:14:15]     ======================================================================
[2026-07-28 12:14:15]     初始化可视化环境
[2026-07-28 12:14:15]     ======================================================================
[2026-07-28 12:14:15]     [1/4] GaiaClient: F:\Astro dev\Astro CS Normalization Database\GaiaDR3SP (db_type=2)
[2026-07-28 12:14:15]     [2/4] StarDetector
[2026-07-28 12:14:15]     [2026-07-28 12:14:08][INFO][SDET] StarDetector created (fitRadius=0, fwhmClipSigma=3.0, maxAxisRatio=2.0)
[2026-07-28 12:14:15]     [3/4] IPVSolver
[2026-07-28 12:14:15]     [4/4] ImageReader
[2026-07-28 12:14:15]     [2026-07-28 12:14:08][INFO][FITS] Reading header only: f:\Astro dev\Astro CS Normalization Database\testdata\NGC55_T3_flying_dutchman\lights\NGC55_T3_flying_dutchman-20250701@080333-600S-Blue.fts
[2026-07-28 12:14:15]     [2026-07-28 12:14:08][INFO][FITS] Reading header only: f:\Astro dev\Astro CS Normalization Database\testdata\NGC55_T3_flying_dutchman\lights\NGC55_T3_flying_dutchman-20250701@080333-600S-Blue.fts
[2026-07-28 12:14:15]       图像: 4096x4096, FOV=1.13°, NGC55_T3_flying_dutchman
[2026-07-28 12:14:15]     [2026-07-28 12:14:08][INFO][FITS] Reading: f:\Astro dev\Astro CS Normalization Database\testdata\NGC55_T3_flying_dutchman\lights\NGC55_T3_flying_dutchman-20250701@080333-600S-Blue.fts
[2026-07-28 12:14:15]       指向: RA=3.7458°, Dec=-39.1967°, fl=1877.0mm, ps=9.0um
[2026-07-28 12:14:15]     [2026-07-28 12:14:08][INFO][FITS] Header: BITPIX=16 NAXIS=2 NAXIS1=4096 NAXIS2=4096 NAXIS3=0 BSCALE=1.0 BZERO=32768.0 keywords=69
[2026-07-28 12:14:15]     [2026-07-28 12:14:08][INFO][FITS] Applying BSCALE=1.000000 BZERO=32768.000000
[2026-07-28 12:14:15]     [2026-07-28 12:14:08][INFO][FITS] Read OK: 4096x4096 1ch BITPIX=16
[2026-07-28 12:14:15]     [2026-07-28 12:14:08][INFO][API] aio_read_fits: 0.032 s
[2026-07-28 12:14:15]       Plate solving...
[2026-07-28 12:14:15]     [2026-07-28 12:14:08][INFO] ==== IPVSolver::solve 开始 (V4.19 统一求解) ====
[2026-07-28 12:14:15]     [2026-07-28 12:14:08][INFO]   image_path=f:\Astro dev\Astro CS Normalization Database\testdata\NGC55_T3_flying_dutchman\lights\NGC55_T3_flying_dutchman-20250701@080333-600S-Blue.fts
[2026-07-28 12:14:15]     [2026-07-28 12:14:08][INFO]   ra0=3.745833 deg, dec0=-39.196667 deg
[2026-07-28 12:14:15]     [2026-07-28 12:14:08][INFO]   focal_length=1877.000 mm, pixel_size=9.000 um
[2026-07-28 12:14:15]     [2026-07-28 12:14:08][INFO]   gaia_handle=2550430318736, detector_handle=2549493852096
[2026-07-28 12:14:15]     [2026-07-28 12:14:08][INFO] === ipv_select 启动 ===
[2026-07-28 12:14:15]     [2026-07-28 12:14:08][INFO] ipv_select: 依赖 DLL 全部加载成功
[2026-07-28 12:14:15]     [2026-07-28 12:14:08][INFO] Step 1: 读取图像 f:\Astro dev\Astro CS Normalization Database\testdata\NGC55_T3_flying_dutchman\lights\NGC55_T3_flying_dutchman-20250701@080333-600S-Blue.fts
[2026-07-28 12:14:15]     [2026-07-28 12:14:08][INFO][FITS] Reading: f:\Astro dev\Astro CS Normalization Database\testdata\NGC55_T3_flying_dutchman\lights\NGC55_T3_flying_dutchman-20250701@080333-600S-Blue.fts
[2026-07-28 12:14:15]     [2026-07-28 12:14:08][INFO][FITS] Header: BITPIX=16 NAXIS=2 NAXIS1=4096 NAXIS2=4096 NAXIS3=0 BSCALE=1.0 BZERO=32768.0 keywords=69
[2026-07-28 12:14:15]     [2026-07-28 12:14:08][INFO][FITS] Applying BSCALE=1.000000 BZERO=32768.000000
[2026-07-28 12:14:15]     [2026-07-28 12:14:08][INFO][FITS] Read OK: 4096x4096 1ch BITPIX=16
[2026-07-28 12:14:15]     [2026-07-28 12:14:08][INFO][API] aio_read_fits: 0.032 s
[2026-07-28 12:14:15]     [2026-07-28 12:14:08][INFO]   图像尺寸: 4096×4096
[2026-07-28 12:14:15]     [2026-07-28 12:14:08][INFO] Step 2: 星点检测
[2026-07-28 12:14:15]     [2026-07-28 12:14:08][INFO][SDET] sdet_detect_ex start: 4096x4096
[2026-07-28 12:14:15]     [2026-07-28 12:14:08][DEBUG][SDET] [1] uint16→float: 16.9 ms
[2026-07-28 12:14:15]     [2026-07-28 12:14:08][DEBUG][SDET] [2] Gaussian YvV smooth (sigma=2.0): 131.7 ms
[2026-07-28 12:14:15]     [2026-07-28 12:14:08][INFO][SDET] peaker: median=1166.0000 bgnoise=14.7246 threshold=1239.6233 (median+5*bgnoise)
[2026-07-28 12:14:15]     [2026-07-28 12:14:08][DEBUG][SDET] [3] Threshold: 320.0 ms
[2026-07-28 12:14:15]     [2026-07-28 12:14:08][INFO][SDET] peaker: bg=1166.0 maxi=65535.0 norm=65535.0 dynrange=64369.0 minsatlevel=45058.3 satrange=6436.9 s_factor=3.7169 locthreshold=73.6232
[2026-07-28 12:14:15]     [2026-07-28 12:14:08][DEBUG][SDET] [4] peaker: 30.9 ms (1005 candidates, full peaker 7-step)
[2026-07-28 12:14:15]     [2026-07-28 12:14:08][INFO][SDET] Candidates: 1005
[2026-07-28 12:14:15]     [2026-07-28 12:14:08][INFO][SDET] Peaker stages: pass_threshold=417359 pass_localmax=5590 pass_count3=1815 pass_boundary=1815 | cond_meanhigh=33 cond_platform=1641 sat_both=13 nonsat=1802
[2026-07-28 12:14:15]     [2026-07-28 12:14:08][INFO][SDET] Auto fitRadius: med_pixels=76 fwhm_est=4.28 auto_radius=12 actual=12
[2026-07-28 12:14:15]     [2026-07-28 12:14:08][INFO][SDET] Task6 candidates sorted by mag_est (desc): maxstars=2000 candidates=1005
[2026-07-28 12:14:15]     [2026-07-28 12:14:08][DEBUG][SDET] [6] Moffat4 fit: 75.3 ms (957/1005 OK)
[2026-07-28 12:14:15]     [2026-07-28 12:14:08][INFO][SDET] Moffat4 fit: 957/1005 OK
[2026-07-28 12:14:15]     [2026-07-28 12:14:08][INFO][SDET] === Fit statistics by pixel count ===
[2026-07-28 12:14:15]     [2026-07-28 12:14:08][INFO][SDET]   px[5-9]: total=15 ok=13(86.7%) invalid=0 noconv=2 iterlimit=0
[2026-07-28 12:14:15]     [2026-07-28 12:14:08][INFO][SDET]   px[10-19]: total=63 ok=59(93.7%) invalid=0 noconv=4 iterlimit=0
[2026-07-28 12:14:15]     [2026-07-28 12:14:08][INFO][SDET]   px[20-49]: total=260 ok=250(96.2%) invalid=0 noconv=10 iterlimit=0
[2026-07-28 12:14:15]     [2026-07-28 12:14:08][INFO][SDET]   px[50-99]: total=239 ok=237(99.2%) invalid=0 noconv=2 iterlimit=0
[2026-07-28 12:14:15]     [2026-07-28 12:14:08][INFO][SDET]   px[100-299]: total=395 ok=366(92.7%) invalid=0 noconv=29 iterlimit=0
[2026-07-28 12:14:15]     [2026-07-28 12:14:08][DEBUG][SDET] [7] FWHM stats: 0.2 ms (med=2.6544 mad=0.1298)
[2026-07-28 12:14:15]     [2026-07-28 12:14:08][INFO][SDET] FWHM stats: med=2.6544 mad=0.1298 (from 957 fitted stars)
[2026-07-28 12:14:15]     [2026-07-28 12:14:08][DEBUG][SDET] [8] Build normal stars: 0.8 ms (832 stars, fit_fail=48 fwhm=0 round=26 reject=99)
[2026-07-28 12:14:15]     [2026-07-28 12:14:08][INFO][SDET] Normal stars: 832 (fit_fail=48 fwhm=0 roundness=26 reject=99)
[2026-07-28 12:14:15]     [2026-07-28 12:14:08][DEBUG][SDET] [9] Saturated star detection skipped (V4.52: use A>dynrange from peaker): 0.0 ms
[2026-07-28 12:14:15]     [2026-07-28 12:14:08][DEBUG][SDET] [10a] Dedup: 0.2 ms
[2026-07-28 12:14:15]     [2026-07-28 12:14:08][DEBUG][SDET] [10b] Sort: 0.1 ms
[2026-07-28 12:14:15]     [2026-07-28 12:14:08][INFO][SDET] After dedup+sort: 832 stars (saturated=39 normal=793)
[2026-07-28 12:14:15]     [2026-07-28 12:14:08][INFO][SDET] sdet_detect_ex done: 832 stars (sat=39 normal=793), 0.576 s
[2026-07-28 12:14:15]     [2026-07-28 12:14:08][INFO]   检测到星点: 832 颗 (饱和 39, 正常 793)
[2026-07-28 12:14:15]     [2026-07-28 12:14:08][INFO] Step 3: 图像侧选星
[2026-07-28 12:14:15]     [2026-07-28 12:14:08][INFO] 选星: 按 mag(box积分) 升序取前 60 颗 (含饱和 39 颗)
[2026-07-28 12:14:15]     [2026-07-28 12:14:08][INFO]   U 向量组: 60×2 (s0=0.9890"/px)
[2026-07-28 12:14:15]     [2026-07-28 12:14:08][INFO] Step 4: FOV/密度计算
[2026-07-28 12:14:15]     [2026-07-28 12:14:08][INFO] FOV计算: s0=0.9890"/px, FOV_diag=1.5914°, query_r=0.8753°, img_area=1.26626°², query_area=2.40673°², rho_img=47.38, rho_target=71.08, n_target=60
[2026-07-28 12:14:15]     [2026-07-28 12:14:08][INFO] Step 5: V4.9 密度公式估算极限星等 (替代迭代)
[2026-07-28 12:14:15]     [2026-07-28 12:14:08][INFO] 密度估算极限星等: G=11.037 (n_required=60, area=2.4067°², rho_target=24.93/°²)
[2026-07-28 12:14:15]     [2026-07-28 12:14:08][INFO] Step 6: 用 m_lim=11.037 查询 Gaia 星表
[2026-07-28 12:14:15]     [2026-07-28 12:14:08][WARN] V4.9 补救查询 1: Gaia 返回 24 < n_target=60, 放宽到 m=12.037
[2026-07-28 12:14:15]     [2026-07-28 12:14:08][WARN] V4.9 补救查询 2: Gaia 返回 52 < n_target=60, 放宽到 m=13.037
[2026-07-28 12:14:15]     [2026-07-28 12:14:08][INFO] Step 7: Gnomonic 投影 + FOV 过滤
[2026-07-28 12:14:15]     [2026-07-28 12:14:08][INFO]   W 向量组: 53×2 (FOV 内 53, 取最亮 53, gaia_ra/dec 已保存)
[2026-07-28 12:14:15]     [2026-07-28 12:14:08][INFO] === ipv_select 完成 ===
[2026-07-28 12:14:15]     [2026-07-28 12:14:08][INFO] === triangle_match 开始: N_U=60, N_W=53, n_A0=60, n_B0=60, tol=0.0020, s0=0.9890 ===
[2026-07-28 12:14:15]     [2026-07-28 12:14:08][INFO] triangle_match: stage=0 nA=60 nB=60 超过实际星数, 停止扩充
[2026-07-28 12:14:15]     [2026-07-28 12:14:08][INFO] triangle_match_single: n_A=60, n_B=53, tol=0.0020, s0=0.9890, scale=[0.8426,1.2639]
[2026-07-28 12:14:15]     [2026-07-28 12:14:08][DEBUG] stars_to_triangles: N=60, expected=34220, valid=34220, skipped_degenerate=0 (并行, 16 线程)
[2026-07-28 12:14:15]     [2026-07-28 12:14:08][DEBUG] stars_to_triangles: prune_triangle_array ba>0.9 剪枝: before=34220, after=24998, pruned=9222
[2026-07-28 12:14:15]     [2026-07-28 12:14:08][DEBUG] stars_to_triangles: N=53, expected=23426, valid=23426, skipped_degenerate=0 (并行, 16 线程)
[2026-07-28 12:14:15]     [2026-07-28 12:14:08][DEBUG] stars_to_triangles: prune_triangle_array ba>0.9 剪枝: before=23426, after=17350, pruned=6076
[2026-07-28 12:14:15]     [2026-07-28 12:14:08][INFO] make_vote_matrix: n_A=24998, n_B=17350, matched_triangles=30564, vote_matrix=60x53, scale_rejected=36903 (range=[0.8426,1.2639]) [并行 16 线程]
[2026-07-28 12:14:15]     [2026-07-28 12:14:08][INFO] top_vote_getters: 矩阵=60x53, 候选对数(vote>=2)=3172, top_n=60
[2026-07-28 12:14:15]     [2026-07-28 12:14:08][INFO] top_vote_getters: V4.25 去重后 top_pairs=53, 去重剔除=3119
[2026-07-28 12:14:15]     [2026-07-28 12:14:08][INFO]   [调试] top[0]: u=17 w=20, votes=831
[2026-07-28 12:14:15]     [2026-07-28 12:14:08][INFO]   [调试] top[1]: u=24 w=23, votes=808
[2026-07-28 12:14:15]     [2026-07-28 12:14:08][INFO]   [调试] top[2]: u=10 w=15, votes=800
[2026-07-28 12:14:15]     [2026-07-28 12:14:08][INFO]   [调试] top[3]: u=16 w=29, votes=781
[2026-07-28 12:14:15]     [2026-07-28 12:14:08][INFO]   [调试] top[4]: u=13 w=22, votes=739
[2026-07-28 12:14:15]     [2026-07-28 12:14:08][INFO]   [调试] top[5]: u=36 w=39, votes=739
[2026-07-28 12:14:15]     [2026-07-28 12:14:08][INFO]   [调试] top[6]: u=7 w=9, votes=735
[2026-07-28 12:14:15]     [2026-07-28 12:14:08][INFO]   [调试] top[7]: u=29 w=46, votes=733
[2026-07-28 12:14:15]     [2026-07-28 12:14:08][INFO]   [调试] top[8]: u=11 w=12, votes=727
[2026-07-28 12:14:15]     [2026-07-28 12:14:08][INFO]   [调试] top[9]: u=28 w=32, votes=727
[2026-07-28 12:14:15]     [2026-07-28 12:14:08][INFO] triangle_match_single 完成: tri_A=24998, tri_B=17350, vote_matrix=60x53, max_vote=831, 候选对数(vote>=2)=3172, top_pairs=53
[2026-07-28 12:14:15]     [2026-07-28 12:14:08][INFO] === triangle_match 结束: tri_A=24998, tri_B=17350, top_pairs=53, max_vote=831, success=1 ===
[2026-07-28 12:14:15]     [2026-07-28 12:14:08][INFO] [V4.22] n_target=60, max_vote=831, threshold=2
[2026-07-28 12:14:15]     [2026-07-28 12:14:08][INFO]   [阶段] triangle_match (n=60): 64.77 ms, max_vote=831, top_pairs=53, success=1
[2026-07-28 12:14:15]     [2026-07-28 12:14:08][INFO] [V4.22] max_vote=831 >= threshold=2, 停止扩充
[2026-07-28 12:14:15]     [2026-07-28 12:14:08][INFO]   [阶段] StarSelector+triangle_match (V4.22 自适应): 696.78 ms, n_target_used=60
[2026-07-28 12:14:15]     [2026-07-28 12:14:08][INFO]   N_U=60, N_W=53, s0=0.9890 arcsec/px, img=4096x4096, fov_diag=1.5914 deg, n_target_used=60
[2026-07-28 12:14:15]     [2026-07-28 12:14:08][INFO] iter_trans_solve: U=60, W=53, initial_pairs=53, tol=5.00, order=3
[2026-07-28 12:14:15]     [2026-07-28 12:14:08][DEBUG] calc_trans_general: order=3, n_pairs=20, 拟合成功
[2026-07-28 12:14:15]     [2026-07-28 12:14:08][INFO] iter_trans_inner: 初始拟合完成, 初始工作集=20, order=3
[2026-07-28 12:14:15]     [2026-07-28 12:14:08][INFO]   [调试] 初始 TRANS: x00=0.5937 y00=-0.5940, x10=-0.009805 x01=-0.958611 y10=-0.958327 y01=0.009980
[2026-07-28 12:14:15]     [2026-07-28 12:14:08][INFO]   [调试] 初始对[0]: u=17 w=20, U=(175.83,159.17), W=(-153.66,-167.54), pred=(-153.71,-167.50), dist=0.0637" (dx=-0.05 dy=0.04)
[2026-07-28 12:14:15]     [2026-07-28 12:14:08][INFO]   [调试] 初始对[1]: u=24 w=23, U=(244.97,-358.14), W=(341.41,-238.80), pred=(341.48,-238.86), dist=0.0961" (dx=0.07 dy=-0.06)
[2026-07-28 12:14:15]     [2026-07-28 12:14:08][INFO]   [调试] 初始对[2]: u=10 w=15, U=(48.02,569.55), W=(-545.44,-40.94), pred=(-545.61,-40.91), dist=0.1685" (dx=-0.17 dy=0.03)
[2026-07-28 12:14:15]     [2026-07-28 12:14:08][INFO]   [调试] 初始对[3]: u=16 w=29, U=(532.24,64.25), W=(-65.92,-509.86), pred=(-66.17,-509.89), dist=0.2547" (dx=-0.25 dy=-0.02)
[2026-07-28 12:14:15]     [2026-07-28 12:14:08][INFO]   [调试] 初始对[4]: u=13 w=22, U=(530.98,1598.23), W=(-1531.69,-492.40), pred=(-1531.82,-492.40), dist=0.1317" (dx=-0.13 dy=-0.00)
[2026-07-28 12:14:15]     [2026-07-28 12:14:08][INFO]   [调试] 初始对[5]: u=36 w=39, U=(604.43,-159.54), W=(147.58,-581.30), pred=(147.60,-581.19), dist=0.1039" (dx=0.02 dy=0.10)
[2026-07-28 12:14:15]     [2026-07-28 12:14:08][INFO] iter_trans_inner: V4.23 工作集扩展 20->53 (nr=nbright)
[2026-07-28 12:14:15]     [2026-07-28 12:14:08][DEBUG] iter 0: 绝对剔除 nr=53→46, nb=7
[2026-07-28 12:14:15]     [2026-07-28 12:14:08][DEBUG] iter 0: sigma(35%)=0.020871 角秒²
[2026-07-28 12:14:15]     [2026-07-28 12:14:08][DEBUG] iter 0: 相对剔除 nr=26, nb=27, rel_thresh=0.208706
[2026-07-28 12:14:15]     [2026-07-28 12:14:08][DEBUG] calc_trans_general: order=3, n_pairs=26, 拟合成功
[2026-07-28 12:14:15]     [2026-07-28 12:14:08][INFO] iter_trans_inner: 完成, nr=26, sig=0.0304, rms=0.1621, iters=1, success=1
[2026-07-28 12:14:15]     [2026-07-28 12:14:08][INFO] iter_trans_solve: 第一轮 iter_trans 成功, inliers=26, rms=0.1621
[2026-07-28 12:14:15]     [2026-07-28 12:14:08][INFO] at_match_lists: U=60, W=53, tol=5.00", U→W单向=46, W→U单向=46, 双向=46, 去重后=46
[2026-07-28 12:14:15]     [2026-07-28 12:14:08][DEBUG] calc_trans_general: order=3, n_pairs=46, 拟合成功
[2026-07-28 12:14:15]     [2026-07-28 12:14:08][INFO] at_recalc_trans: 二轮 sigma-clip (thresh=0.690", 剔除=1, 保留=45)
[2026-07-28 12:14:15]     [2026-07-28 12:14:08][DEBUG] calc_trans_general: order=3, n_pairs=45, 拟合成功
[2026-07-28 12:14:15]     [2026-07-28 12:14:08][INFO] at_recalc_trans: 二轮完成, n=45, sig=0.0605, sx=0.2033, sy=0.1404, rms=0.2470
[2026-07-28 12:14:15]     [2026-07-28 12:14:08][INFO] at_recalc_trans: n=45, order=3, sig=0.0605, sx=0.2033, sy=0.1404, rms=0.2470
[2026-07-28 12:14:15]     [2026-07-28 12:14:08][INFO] iter_trans_solve: 第一轮 refit 成功, inliers=45, rms=0.2470
[2026-07-28 12:14:15]     [2026-07-28 12:14:08][INFO] at_match_lists: U=60, W=53, tol=5.00", U→W单向=46, W→U单向=46, 双向=46, 去重后=46
[2026-07-28 12:14:15]     [2026-07-28 12:14:08][DEBUG] calc_trans_general: order=3, n_pairs=46, 拟合成功
[2026-07-28 12:14:15]     [2026-07-28 12:14:08][INFO] at_recalc_trans: 二轮 sigma-clip (thresh=0.690", 剔除=1, 保留=45)
[2026-07-28 12:14:15]     [2026-07-28 12:14:08][DEBUG] calc_trans_general: order=3, n_pairs=45, 拟合成功
[2026-07-28 12:14:15]     [2026-07-28 12:14:08][INFO] at_recalc_trans: 二轮完成, n=45, sig=0.0605, sx=0.2033, sy=0.1404, rms=0.2470
[2026-07-28 12:14:15]     [2026-07-28 12:14:08][INFO] at_recalc_trans: n=45, order=3, sig=0.0605, sx=0.2033, sy=0.1404, rms=0.2470
[2026-07-28 12:14:15]     [2026-07-28 12:14:08][INFO] iter_trans_solve: 第二轮 refit 成功, inliers=45, rms=0.2470
[2026-07-28 12:14:15]     [2026-07-28 12:14:08][INFO]   [诊断] it_result 检查: n_inliers=45, inliers.size=45, rms=0.2470, n_iterations=3, success=1, trans.order=3, trans.valid=1
[2026-07-28 12:14:15]     [2026-07-28 12:14:08][INFO]   [诊断] it_result.trans: x00=0.7000 y00=-0.5229 x10=-0.009831 x01=-0.958595 y10=-0.958343 y01=0.009865
[2026-07-28 12:14:15]     [2026-07-28 12:14:08][INFO]   [诊断] it_result.inliers 前5对:
[2026-07-28 12:14:15]     [2026-07-28 12:14:08][INFO]     inliers[0]: u=0 w=2
[2026-07-28 12:14:15]     [2026-07-28 12:14:08][INFO]     inliers[1]: u=1 w=3
[2026-07-28 12:14:15]     [2026-07-28 12:14:08][INFO]     inliers[2]: u=2 w=1
[2026-07-28 12:14:15]     [2026-07-28 12:14:08][INFO]     inliers[3]: u=3 w=0
[2026-07-28 12:14:15]     [2026-07-28 12:14:08][INFO]     inliers[4]: u=4 w=4
[2026-07-28 12:14:15]     [2026-07-28 12:14:08][INFO]   [诊断] 准备打印阶段耗时日志...
[2026-07-28 12:14:15]     [2026-07-28 12:14:08][INFO]   [阶段] iter_trans_solve: 0.28 ms, n_inliers=45, rms=0.2470, iters=3, success=1
[2026-07-28 12:14:15]     [2026-07-28 12:14:08][INFO]   iter_trans TRANS: order=3, x00=0.7000 y00=-0.5229 (px), x10=-0.009831 x01=-0.958595 y10=-0.958343 y01=0.009865
[2026-07-28 12:14:15]     [2026-07-28 12:14:08][INFO]   [诊断] 准备调用 iterative_reproject...
[2026-07-28 12:14:15]     [2026-07-28 12:14:08][INFO]   [诊断] iterative_reproject 入口: U.size=60, gaia_ra.size=53, gaia_dec.size=53, initial_inliers.size=45, s0=0.9890, img=4096x4096
[2026-07-28 12:14:15]     [2026-07-28 12:14:08][INFO] iterative_reproject: 开始 (N_W=53, n_inliers=45, s0=0.9890"/px, max_iter=5, conv_thresh=0.0100")
[2026-07-28 12:14:15]     [2026-07-28 12:14:08][INFO]   iter 0: ra_cur=3.745833 dec_cur=-39.196667, xi_center=0.7000" eta_center=-0.5229", conv=0.8738" (thresh=0.0100")
[2026-07-28 12:14:15]     [2026-07-28 12:14:08][INFO]   iter 0: 新中心 ra=3.746084 dec=-39.196812 (Δra=0.000251° Δdec=-0.000145°)
[2026-07-28 12:14:15]     [2026-07-28 12:14:08][DEBUG] calc_trans_general: order=3, n_pairs=45, 拟合成功
[2026-07-28 12:14:15]     [2026-07-28 12:14:08][INFO] at_recalc_trans: n=45, order=3, sig=0.0605, sx=0.2033, sy=0.1404, rms=0.2470
[2026-07-28 12:14:15]     [2026-07-28 12:14:08][INFO]   iter 0: at_recalc_trans 成功, n=45, sig=0.0605, rms=0.2470, x00=-0.0000 y00=0.0000 (asec)
[2026-07-28 12:14:15]     [2026-07-28 12:14:08][INFO]   iter 1: 收敛 (TRANS 常数项 = 0.0000" < 0.0100")
[2026-07-28 12:14:15]     [2026-07-28 12:14:08][INFO] iterative_reproject: 完成 (收敛), ra=3.745833→3.746084 dec=-39.196667→-39.196812, n_matched=45 (固定), iters=1, conv=0.0000"
[2026-07-28 12:14:15]     [2026-07-28 12:14:08][INFO]   [诊断] iterative_reproject 返回: success=1, n_matched=45, n_iterations=1, convergence=0.0000, ra0=3.746084, dec0=-39.196812, matched.size=45, trans.order=3
[2026-07-28 12:14:15]     [2026-07-28 12:14:08][INFO]   [阶段] iterative_reproject: 0.46 ms, success=1, ra=3.745833→3.746084, dec=-39.196667→-39.196812, n_matched=45, iters=1, conv=0.0000"
[2026-07-28 12:14:15]     [2026-07-28 12:14:08][INFO] at_match_lists: U=60, W=53, tol=5.00", U→W单向=46, W→U单向=46, 双向=46, 去重后=46
[2026-07-28 12:14:15]     [2026-07-28 12:14:08][INFO]   [阶段] hi_order_rematch iter 0: n_matched=46 (min=10, order=3)
[2026-07-28 12:14:15]     [2026-07-28 12:14:08][DEBUG] calc_trans_general: order=3, n_pairs=46, 拟合成功
[2026-07-28 12:14:15]     [2026-07-28 12:14:08][INFO] at_recalc_trans: 二轮 sigma-clip (thresh=0.690", 剔除=1, 保留=45)
[2026-07-28 12:14:15]     [2026-07-28 12:14:08][DEBUG] calc_trans_general: order=3, n_pairs=45, 拟合成功
[2026-07-28 12:14:15]     [2026-07-28 12:14:08][INFO] at_recalc_trans: 二轮完成, n=45, sig=0.0605, sx=0.2033, sy=0.1404, rms=0.2470
[2026-07-28 12:14:15]     [2026-07-28 12:14:08][INFO] at_recalc_trans: n=45, order=3, sig=0.0605, sx=0.2033, sy=0.1404, rms=0.2470
[2026-07-28 12:14:15]     [2026-07-28 12:14:08][INFO] at_match_lists: U=60, W=53, tol=5.00", U→W单向=46, W→U单向=46, 双向=46, 去重后=46
[2026-07-28 12:14:15]     [2026-07-28 12:14:08][DEBUG] calc_trans_general: order=3, n_pairs=46, 拟合成功
[2026-07-28 12:14:15]     [2026-07-28 12:14:08][INFO] at_recalc_trans: 二轮 sigma-clip (thresh=0.690", 剔除=1, 保留=45)
[2026-07-28 12:14:15]     [2026-07-28 12:14:08][DEBUG] calc_trans_general: order=3, n_pairs=45, 拟合成功
[2026-07-28 12:14:15]     [2026-07-28 12:14:08][INFO] at_recalc_trans: 二轮完成, n=45, sig=0.0605, sx=0.2033, sy=0.1404, rms=0.2470
[2026-07-28 12:14:15]     [2026-07-28 12:14:08][INFO] at_recalc_trans: n=45, order=3, sig=0.0605, sx=0.2033, sy=0.1404, rms=0.2470
[2026-07-28 12:14:15]     [2026-07-28 12:14:08][INFO]   [阶段] hi_order_rematch iter 1: 收敛 (dn=0, drms=0.0000)
[2026-07-28 12:14:15]     [2026-07-28 12:14:08][INFO]   [阶段] hi_order_rematch: 0.12 ms, n_matched=46, trans.order=3
[2026-07-28 12:14:15]     [2026-07-28 12:14:08][INFO] ==== robust_refine_wcs 开始 (V4.30) ====
[2026-07-28 12:14:15]       U_full=832, mag_full=832, gaia=53
[2026-07-28 12:14:15]       ra0=3.746084, dec0=-39.196812, s0=0.9890"/px, fov=1.5914°, img=4096x4096
[2026-07-28 12:14:15]       initial_rms=0.0605", trans.order=3
[2026-07-28 12:14:15]     [2026-07-28 12:14:08][INFO]   [robust_refine] 网格采样: FOV=1.591°, G_short=3, N_long=3, n_cells=9, quota=20, narrow_all=0, N_full=832
[2026-07-28 12:14:15]     [2026-07-28 12:14:08][INFO]   [robust_refine] 网格采样完成: 选中 180 颗 (上限 300, 下限 100)
[2026-07-28 12:14:15]     [2026-07-28 12:14:08][INFO]   [robust_refine] NN 匹配: U=180, W=53, tol=1.000", Lowe通过=47, 双向=47
[2026-07-28 12:14:15]     [2026-07-28 12:14:08][INFO]   [robust_refine] baseline: initial_rms=0.0605" (60星), U_pool RMS=0.2814" (180 星, matched=47)
[2026-07-28 12:14:15]     [2026-07-28 12:14:08][INFO]   [robust_refine] NN 匹配: U=180, W=53, tol=1.000", Lowe通过=47, 双向=47
[2026-07-28 12:14:15]     [2026-07-28 12:14:08][INFO]   [robust_refine] 空间一致性: 2/47 可疑 (K=8, σ=0.501")
[2026-07-28 12:14:15]     [2026-07-28 12:14:08][INFO]   [robust_refine] iter 0: tol=1.000", matched=47, rms=0.2814"→0.2852", cd_Δ=0.3524%, damp=0.00e+00
[2026-07-28 12:14:15]     [2026-07-28 12:14:08][INFO]   [robust_refine] NN 匹配: U=180, W=53, tol=0.500", Lowe通过=43, 双向=43
[2026-07-28 12:14:15]     [2026-07-28 12:14:08][INFO]   [robust_refine] 空间一致性: 3/43 可疑 (K=8, σ=0.477")
[2026-07-28 12:14:15]     [2026-07-28 12:14:08][INFO]   [robust_refine] iter 1: tol=0.500", matched=43, rms=0.2852"→0.2191", cd_Δ=0.0450%, damp=0.00e+00
[2026-07-28 12:14:15]     [2026-07-28 12:14:08][INFO]   [robust_refine] NN 匹配: U=180, W=53, tol=0.500", Lowe通过=41, 双向=41
[2026-07-28 12:14:15]     [2026-07-28 12:14:08][INFO]   [robust_refine] 空间一致性: 3/41 可疑 (K=8, σ=0.475")
[2026-07-28 12:14:15]     [2026-07-28 12:14:08][INFO]   [robust_refine] iter 2: tol=0.500", matched=41, rms=0.2191"→0.1949", cd_Δ=0.0501%, damp=0.00e+00
[2026-07-28 12:14:15]     [2026-07-28 12:14:08][INFO]   [robust_refine] NN 匹配: U=180, W=53, tol=0.300", Lowe通过=37, 双向=37
[2026-07-28 12:14:15]     [2026-07-28 12:14:08][INFO]   [robust_refine] iter 3: tol=0.300", matched=37, rms=0.1949"→0.1420", cd_Δ=0.0284%, damp=0.00e+00
[2026-07-28 12:14:15]     [2026-07-28 12:14:08][INFO]   [robust_refine] NN 匹配: U=180, W=53, tol=0.300", Lowe通过=36, 双向=36
[2026-07-28 12:14:15]     [2026-07-28 12:14:08][INFO]   [robust_refine] iter 4: tol=0.300", matched=36, rms=0.1420"→0.1336", cd_Δ=0.0155%, damp=0.00e+00
[2026-07-28 12:14:15]     [2026-07-28 12:14:08][INFO]   [robust_refine] NN 匹配: U=180, W=53, tol=0.300", Lowe通过=36, 双向=36
[2026-07-28 12:14:15]     [2026-07-28 12:14:08][INFO]   [robust_refine] iter 5: tol=0.300", matched=36, rms=0.1336"→0.1331", cd_Δ=0.0131%, damp=0.00e+00
[2026-07-28 12:14:15]     [2026-07-28 12:14:08] [INFO] [MainThread] solve_and_write_wcs: 日志系统初始化完成，日志文件: F:\Astro dev\Astro CS Normalization Database\lib\plate_solve\python\..\logs\solve_and_write_wcs_20260728_121408.log
[2026-07-28 12:14:15]       保存带 WCS 的 FITS: f:\Astro dev\Astro CS Normalization Database\NGC55_T3_flying_dutchman-20250701@080333-600S-Blue_solved.fits
[2026-07-28 12:14:15]     [2026-07-28 12:14:09] [INFO] [MainThread] solve_and_write_wcs: ----------------------------------------
[2026-07-28 12:14:15]     [2026-07-28 12:14:09] [INFO] [MainThread] solve_and_write_wcs: 写入 WCS 关键字到 FITS 文件
[2026-07-28 12:14:15]     [2026-07-28 12:14:09] [INFO] [MainThread] solve_and_write_wcs:   文件: f:\Astro dev\Astro CS Normalization Database\NGC55_T3_flying_dutchman-20250701@080333-600S-Blue_solved.fits
[2026-07-28 12:14:15]     [2026-07-28 12:14:09] [INFO] [MainThread] solve_and_write_wcs:   overwrite=True
[2026-07-28 12:14:15]     [2026-07-28 12:14:09] [INFO] [MainThread] solve_and_write_wcs:   CTYPE1=RA---TAN-SIP, CTYPE2=DEC--TAN-SIP
[2026-07-28 12:14:15]     [2026-07-28 12:14:09] [INFO] [MainThread] solve_and_write_wcs:   CRVAL1=3.74608424, CRVAL2=-39.19681193
[2026-07-28 12:14:15]     [2026-07-28 12:14:09] [INFO] [MainThread] solve_and_write_wcs:   CRPIX1=2048.5000, CRPIX2=2048.5000
[2026-07-28 12:14:15]     [2026-07-28 12:14:09] [INFO] [MainThread] solve_and_write_wcs:   CD1_1=-2.7422977825e-06, CD1_2=2.6627437240e-04
[2026-07-28 12:14:15]     [2026-07-28 12:14:09] [INFO] [MainThread] solve_and_write_wcs:   CD2_1=-2.6620061294e-04, CD2_2=-2.7425770829e-06
[2026-07-28 12:14:15]     [2026-07-28 12:14:09] [INFO] [MainThread] solve_and_write_wcs:   SIP_ORDER=3
[2026-07-28 12:14:15]     [2026-07-28 12:14:09] [INFO] [MainThread] solve_and_write_wcs:   SIP A/B 系数: 11 个 (order=3)
[2026-07-28 12:14:15]     [2026-07-28 12:14:09] [INFO] [MainThread] solve_and_write_wcs:   SIP AP/BP 系数: 11 个 (order=3)
[2026-07-28 12:14:15]     [2026-07-28 12:14:09] [INFO] [MainThread] solve_and_write_wcs:   WCS 关键字写入完成
[2026-07-28 12:14:15]       Gaia cone_search: radius=0.84°, mag<=18.0
[2026-07-28 12:14:15]       Gaia 返回: 1420 颗星
[2026-07-28 12:14:15]       图像范围内: 727 颗星
[2026-07-28 12:14:15]       标记前 727 颗最亮星 (mag 9.22~18.00)
[2026-07-28 12:14:15]       Siril MTF 拉伸...
[2026-07-28 12:14:15]       渲染 PNG...
[2026-07-28 12:14:15]       => f:\Astro dev\Astro CS Normalization Database\NGC55_T3_flying_dutchman-20250701@080333-600S-Blue_reproject.png (4096x4096)
[2026-07-28 12:14:15]     
[2026-07-28 12:14:15]     结果: success=True, RMS=0.132", n_marked=727, elapsed=6.3s
[2026-07-28 12:14:15]     [2026-07-28 12:14:08][INFO]   [robust_refine] NN 匹配: U=180, W=53, tol=0.300", Lowe通过=36, 双向=36
[2026-07-28 12:14:15]     [2026-07-28 12:14:08][INFO]   [robust_refine] iter 6: tol=0.300", matched=36, rms=0.1331"→0.1327", cd_Δ=0.0110%, damp=0.00e+00
[2026-07-28 12:14:15]     [2026-07-28 12:14:08][INFO]   [robust_refine] NN 匹配: U=180, W=53, tol=0.300", Lowe通过=36, 双向=36
[2026-07-28 12:14:15]     [2026-07-28 12:14:08][INFO]   [robust_refine] iter 7: tol=0.300", matched=36, rms=0.1327"→0.1325", cd_Δ=0.0055%, damp=0.00e+00
[2026-07-28 12:14:15]     [2026-07-28 12:14:08][INFO]   [robust_refine] NN 匹配: U=180, W=53, tol=0.300", Lowe通过=36, 双向=36
[2026-07-28 12:14:15]     [2026-07-28 12:14:08][INFO]   [robust_refine] iter 8: tol=0.300", matched=36, rms=0.1325"→0.1323", cd_Δ=0.0046%, damp=0.00e+00
[2026-07-28 12:14:15]     [2026-07-28 12:14:08][INFO]   [robust_refine] NN 匹配: U=180, W=53, tol=0.300", Lowe通过=36, 双向=36
[2026-07-28 12:14:15]     [2026-07-28 12:14:08][INFO]   [robust_refine] iter 9: tol=0.300", matched=36, rms=0.1323"→0.1322", cd_Δ=0.0037%, damp=0.00e+00
[2026-07-28 12:14:15]     [2026-07-28 12:14:08][INFO]   [robust_refine] 达到最大迭代次数 10
[2026-07-28 12:14:15]     [2026-07-28 12:14:08][INFO] ==== robust_refine_wcs 成功 ====
[2026-07-28 12:14:15]       iter=10, matched=36, rms=0.1322" (0.1336 px), cd_Δ=0.3524%, pool=180
[2026-07-28 12:14:15]     [2026-07-28 12:14:08][INFO]   [阶段] robust_refine: 成功, n_matched=36, rms=0.1322", iter=10, pool=180, cd_Δ=0.3524%
[2026-07-28 12:14:15]     [2026-07-28 12:14:08][INFO]   [阶段] robust_refine: 0.86 ms
[2026-07-28 12:14:15]     [2026-07-28 12:14:08][INFO]   [诊断] 准备调用 extract_wcs_sip: W_final.size=53, matched.size=36, U_for_wcs.size=832 (robust=1)
[2026-07-28 12:14:15]     [2026-07-28 12:14:08][INFO]   [诊断] extract_wcs_sip 入口: trans.order=3, trans.valid=1, ra0=3.746084, dec0=-39.196812, img=4096x4096, s0=0.9890, U.size=832, W.size=53, matched.size=36
[2026-07-28 12:14:15]     [2026-07-28 12:14:08][INFO]   [V4.22] 清零 trans.x00/y00 (saved: x00=0.0087, y00=-0.0518)
[2026-07-28 12:14:15]     [2026-07-28 12:14:08][INFO] extract_wcs_sip: SIP A/B 解析公式成功, order=3
[2026-07-28 12:14:15]     [2026-07-28 12:14:08][INFO] extract_wcs_sip: SIP AP/BP 网格反变换成功, ap_order=3, n_inv_coef=10, n_grid=49
[2026-07-28 12:14:15]     [2026-07-28 12:14:08][INFO] extract_wcs_sip: CD=[-2.742298e-06 2.662744e-04; -2.662006e-04 -2.742577e-06], CRVAL=(3.746084, -39.196812), CRPIX=(2048.5, 2048.5), ctype=[RA---TAN-SIP, DEC--TAN-SIP], n_pairs=36, rms_px=0.1336, rms_arcsec=0.1322, trans_order=3, sip_order=3, ap_order=3
[2026-07-28 12:14:15]     [2026-07-28 12:14:08][INFO]   [阶段] extract_wcs_sip: 0.04 ms, success=1, n_pairs=36, rms_px=0.134, rms_arcsec=0.132, trans_order=3, sip_order=3
[2026-07-28 12:14:15]     [2026-07-28 12:14:08][INFO] ==== IPVSolver::solve 完成 (V4.22) ====
[2026-07-28 12:14:15]     [2026-07-28 12:14:08][INFO]   最终: n_pairs=36, rms_px=0.134, rms_arcsec=0.132, trans_order=3, sip_order=3, success=1
[2026-07-28 12:14:15]     [2026-07-28 12:14:15][INFO][SDET] StarDetector destroyed
[2026-07-28 12:14:15]   PNG: f:\Astro dev\Astro CS Normalization Database\T3_BLUE_NGC55_reproject.png
[2026-07-28 12:14:15]   FITS: f:\Astro dev\Astro CS Normalization Database\T3_BLUE_NGC55_solved.fits
[2026-07-28 12:14:15] 
[2026-07-28 12:14:15] [8/8] T3_LUM_NGC55
[2026-07-28 12:14:15]   源 FITS: f:\Astro dev\Astro CS Normalization Database\testdata\NGC55_T3_flying_dutchman\lights\NGC55_T3_flying_dutchman-20250703@075400-600S-Lum.fts
[2026-07-28 12:14:15]   运行: python visualize_reproject.py --single --input f:\Astro dev\Astro CS Normalization Database\testdata\NGC55_T3_flying_dutchman\lights\NGC55_T3_flying_dutchman-20250703@075400-600S-Lum.fts --output-dir f:\Astro dev\Astro CS Normalization Database --save-solved-fits
[2026-07-28 12:14:23]     
[2026-07-28 12:14:23]     ======================================================================
[2026-07-28 12:14:23]     初始化可视化环境
[2026-07-28 12:14:23]     ======================================================================
[2026-07-28 12:14:23]     [1/4] GaiaClient: F:\Astro dev\Astro CS Normalization Database\GaiaDR3SP (db_type=2)
[2026-07-28 12:14:23]     [2/4] StarDetector
[2026-07-28 12:14:23]     [2026-07-28 12:14:16][INFO][SDET] StarDetector created (fitRadius=0, fwhmClipSigma=3.0, maxAxisRatio=2.0)
[2026-07-28 12:14:23]     [3/4] IPVSolver
[2026-07-28 12:14:23]     [4/4] ImageReader
[2026-07-28 12:14:23]     [2026-07-28 12:14:16][INFO][FITS] Reading header only: f:\Astro dev\Astro CS Normalization Database\testdata\NGC55_T3_flying_dutchman\lights\NGC55_T3_flying_dutchman-20250703@075400-600S-Lum.fts
[2026-07-28 12:14:23]     [2026-07-28 12:14:16][INFO][FITS] Reading header only: f:\Astro dev\Astro CS Normalization Database\testdata\NGC55_T3_flying_dutchman\lights\NGC55_T3_flying_dutchman-20250703@075400-600S-Lum.fts
[2026-07-28 12:14:23]       图像: 4096x4096, FOV=1.09°, NGC55_T3_flying_dutchman
[2026-07-28 12:14:23]       指向: RA=3.7500°, Dec=-39.1942°, fl=1934.7mm, ps=9.0um
[2026-07-28 12:14:23]     [2026-07-28 12:14:16][INFO][FITS] Reading: f:\Astro dev\Astro CS Normalization Database\testdata\NGC55_T3_flying_dutchman\lights\NGC55_T3_flying_dutchman-20250703@075400-600S-Lum.fts
[2026-07-28 12:14:23]     [2026-07-28 12:14:16][INFO][FITS] Header: BITPIX=16 NAXIS=2 NAXIS1=4096 NAXIS2=4096 NAXIS3=0 BSCALE=1.0 BZERO=32768.0 keywords=119
[2026-07-28 12:14:23]     [2026-07-28 12:14:16][INFO][FITS] Applying BSCALE=1.000000 BZERO=32768.000000
[2026-07-28 12:14:23]     [2026-07-28 12:14:16][INFO][FITS] Read OK: 4096x4096 1ch BITPIX=16
[2026-07-28 12:14:23]     [2026-07-28 12:14:16][INFO][API] aio_read_fits: 0.033 s
[2026-07-28 12:14:23]       Plate solving...
[2026-07-28 12:14:23]     [2026-07-28 12:14:16][INFO] ==== IPVSolver::solve 开始 (V4.19 统一求解) ====
[2026-07-28 12:14:23]     [2026-07-28 12:14:16][INFO]   image_path=f:\Astro dev\Astro CS Normalization Database\testdata\NGC55_T3_flying_dutchman\lights\NGC55_T3_flying_dutchman-20250703@075400-600S-Lum.fts
[2026-07-28 12:14:23]     [2026-07-28 12:14:16][INFO]   ra0=3.750000 deg, dec0=-39.194167 deg
[2026-07-28 12:14:23]     [2026-07-28 12:14:16][INFO]   focal_length=1934.700 mm, pixel_size=9.000 um
[2026-07-28 12:14:23]     [2026-07-28 12:14:16][INFO]   gaia_handle=2291347505296, detector_handle=2290778826688
[2026-07-28 12:14:23]     [2026-07-28 12:14:16][INFO] === ipv_select 启动 ===
[2026-07-28 12:14:23]     [2026-07-28 12:14:16][INFO] ipv_select: 依赖 DLL 全部加载成功
[2026-07-28 12:14:23]     [2026-07-28 12:14:16][INFO] Step 1: 读取图像 f:\Astro dev\Astro CS Normalization Database\testdata\NGC55_T3_flying_dutchman\lights\NGC55_T3_flying_dutchman-20250703@075400-600S-Lum.fts
[2026-07-28 12:14:23]     [2026-07-28 12:14:16][INFO][FITS] Reading: f:\Astro dev\Astro CS Normalization Database\testdata\NGC55_T3_flying_dutchman\lights\NGC55_T3_flying_dutchman-20250703@075400-600S-Lum.fts
[2026-07-28 12:14:23]     [2026-07-28 12:14:16][INFO][FITS] Header: BITPIX=16 NAXIS=2 NAXIS1=4096 NAXIS2=4096 NAXIS3=0 BSCALE=1.0 BZERO=32768.0 keywords=119
[2026-07-28 12:14:23]     [2026-07-28 12:14:16][INFO][FITS] Applying BSCALE=1.000000 BZERO=32768.000000
[2026-07-28 12:14:23]     [2026-07-28 12:14:16][INFO][FITS] Read OK: 4096x4096 1ch BITPIX=16
[2026-07-28 12:14:23]     [2026-07-28 12:14:16][INFO][API] aio_read_fits: 0.033 s
[2026-07-28 12:14:23]     [2026-07-28 12:14:16][INFO]   图像尺寸: 4096×4096
[2026-07-28 12:14:23]     [2026-07-28 12:14:16][INFO] Step 2: 星点检测
[2026-07-28 12:14:23]     [2026-07-28 12:14:16][INFO][SDET] sdet_detect_ex start: 4096x4096
[2026-07-28 12:14:23]     [2026-07-28 12:14:16][DEBUG][SDET] [1] uint16→float: 16.9 ms
[2026-07-28 12:14:23]     [2026-07-28 12:14:16][DEBUG][SDET] [2] Gaussian YvV smooth (sigma=2.0): 142.0 ms
[2026-07-28 12:14:23]     [2026-07-28 12:14:16][INFO][SDET] peaker: median=2020.0000 bgnoise=29.9264 threshold=2169.6323 (median+5*bgnoise)
[2026-07-28 12:14:23]     [2026-07-28 12:14:16][DEBUG][SDET] [3] Threshold: 312.3 ms
[2026-07-28 12:14:23]     [2026-07-28 12:14:16][INFO][SDET] peaker: bg=2020.0 maxi=65535.0 norm=65535.0 dynrange=63515.0 minsatlevel=44460.5 satrange=6351.5 s_factor=3.7169 locthreshold=149.6322
[2026-07-28 12:14:23]     [2026-07-28 12:14:16][DEBUG][SDET] [4] peaker: 27.6 ms (1645 candidates, full peaker 7-step)
[2026-07-28 12:14:23]     [2026-07-28 12:14:16][INFO][SDET] Candidates: 1645
[2026-07-28 12:14:23]     [2026-07-28 12:14:16][INFO][SDET] Peaker stages: pass_threshold=594933 pass_localmax=4162 pass_count3=2733 pass_boundary=2733 | cond_meanhigh=95 cond_platform=2352 sat_both=44 nonsat=2689
[2026-07-28 12:14:23]     [2026-07-28 12:14:16][INFO][SDET] Auto fitRadius: med_pixels=80 fwhm_est=4.39 auto_radius=13 actual=13
[2026-07-28 12:14:23]     [2026-07-28 12:14:16][INFO][SDET] Task6 candidates sorted by mag_est (desc): maxstars=2000 candidates=1645
[2026-07-28 12:14:23]     [2026-07-28 12:14:17][DEBUG][SDET] [6] Moffat4 fit: 160.6 ms (1593/1645 OK)
[2026-07-28 12:14:23]     [2026-07-28 12:14:17][INFO][SDET] Moffat4 fit: 1593/1645 OK
[2026-07-28 12:14:23]     [2026-07-28 12:14:17][INFO][SDET] === Fit statistics by pixel count ===
[2026-07-28 12:14:23]     [2026-07-28 12:14:17][INFO][SDET]   px[5-9]: total=22 ok=22(100.0%) invalid=0 noconv=0 iterlimit=0
[2026-07-28 12:14:23]     [2026-07-28 12:14:17][INFO][SDET]   px[10-19]: total=91 ok=90(98.9%) invalid=0 noconv=1 iterlimit=0
[2026-07-28 12:14:23]     [2026-07-28 12:14:17][INFO][SDET]   px[20-49]: total=404 ok=403(99.8%) invalid=0 noconv=1 iterlimit=0
[2026-07-28 12:14:23]     [2026-07-28 12:14:17][INFO][SDET]   px[50-99]: total=403 ok=395(98.0%) invalid=0 noconv=8 iterlimit=0
[2026-07-28 12:14:23]     [2026-07-28 12:14:17][INFO][SDET]   px[100-299]: total=668 ok=628(94.0%) invalid=0 noconv=40 iterlimit=0
[2026-07-28 12:14:23]     [2026-07-28 12:14:17][DEBUG][SDET] [7] FWHM stats: 0.3 ms (med=2.5709 mad=0.2498)
[2026-07-28 12:14:23]     [2026-07-28 12:14:17][INFO][SDET] FWHM stats: med=2.5709 mad=0.2498 (from 1593 fitted stars)
[2026-07-28 12:14:23]     [2026-07-28 12:14:17][DEBUG][SDET] [8] Build normal stars: 1.5 ms (1483 stars, fit_fail=52 fwhm=0 round=25 reject=85)
[2026-07-28 12:14:23]     [2026-07-28 12:14:17][INFO][SDET] Normal stars: 1483 (fit_fail=52 fwhm=0 roundness=25 reject=85)
[2026-07-28 12:14:23]     [2026-07-28 12:14:17][DEBUG][SDET] [9] Saturated star detection skipped (V4.52: use A>dynrange from peaker): 0.1 ms
[2026-07-28 12:14:23]     [2026-07-28 12:14:17][DEBUG][SDET] [10a] Dedup: 0.5 ms
[2026-07-28 12:14:23]     [2026-07-28 12:14:17][DEBUG][SDET] [10b] Sort: 0.2 ms
[2026-07-28 12:14:23]     [2026-07-28 12:14:17][INFO][SDET] After dedup+sort: 1483 stars (saturated=111 normal=1372)
[2026-07-28 12:14:23]     [2026-07-28 12:14:17][INFO][SDET] sdet_detect_ex done: 1483 stars (sat=111 normal=1372), 0.662 s
[2026-07-28 12:14:23]     [2026-07-28 12:14:17][INFO]   检测到星点: 1483 颗 (饱和 111, 正常 1372)
[2026-07-28 12:14:23]     [2026-07-28 12:14:17][INFO] Step 3: 图像侧选星
[2026-07-28 12:14:23]     [2026-07-28 12:14:17][INFO] 选星: 按 mag(box积分) 升序取前 60 颗 (含饱和 60 颗)
[2026-07-28 12:14:23]     [2026-07-28 12:14:17][INFO]   U 向量组: 60×2 (s0=0.9595"/px)
[2026-07-28 12:14:23]     [2026-07-28 12:14:17][INFO] Step 4: FOV/密度计算
[2026-07-28 12:14:23]     [2026-07-28 12:14:17][INFO] FOV计算: s0=0.9595"/px, FOV_diag=1.5439°, query_r=0.8492°, img_area=1.19186°², query_area=2.26532°², rho_img=50.34, rho_target=75.51, n_target=60
[2026-07-28 12:14:23]     [2026-07-28 12:14:17][INFO] Step 5: V4.9 密度公式估算极限星等 (替代迭代)
[2026-07-28 12:14:23]     [2026-07-28 12:14:17][INFO] 密度估算极限星等: G=11.057 (n_required=60, area=2.2653°², rho_target=26.49/°²)
[2026-07-28 12:14:23]     [2026-07-28 12:14:17][INFO] Step 6: 用 m_lim=11.057 查询 Gaia 星表
[2026-07-28 12:14:23]     [2026-07-28 12:14:17][WARN] V4.9 补救查询 1: Gaia 返回 22 < n_target=60, 放宽到 m=12.057
[2026-07-28 12:14:23]     [2026-07-28 12:14:17][WARN] V4.9 补救查询 2: Gaia 返回 49 < n_target=60, 放宽到 m=13.057
[2026-07-28 12:14:23]     [2026-07-28 12:14:17][INFO] Step 7: Gnomonic 投影 + FOV 过滤
[2026-07-28 12:14:23]     [2026-07-28 12:14:17][INFO]   W 向量组: 49×2 (FOV 内 49, 取最亮 49, gaia_ra/dec 已保存)
[2026-07-28 12:14:23]     [2026-07-28 12:14:17][INFO] === ipv_select 完成 ===
[2026-07-28 12:14:23]     [2026-07-28 12:14:17][INFO] === triangle_match 开始: N_U=60, N_W=49, n_A0=60, n_B0=60, tol=0.0020, s0=0.9595 ===
[2026-07-28 12:14:23]     [2026-07-28 12:14:17][INFO] triangle_match: stage=0 nA=60 nB=60 超过实际星数, 停止扩充
[2026-07-28 12:14:23]     [2026-07-28 12:14:17][INFO] triangle_match_single: n_A=60, n_B=49, tol=0.0020, s0=0.9595, scale=[0.8685,1.3027]
[2026-07-28 12:14:23]     [2026-07-28 12:14:17][DEBUG] stars_to_triangles: N=60, expected=34220, valid=34220, skipped_degenerate=0 (并行, 16 线程)
[2026-07-28 12:14:23]     [2026-07-28 12:14:17][DEBUG] stars_to_triangles: prune_triangle_array ba>0.9 剪枝: before=34220, after=24228, pruned=9992
[2026-07-28 12:14:23]     [2026-07-28 12:14:17][DEBUG] stars_to_triangles: N=49, expected=18424, valid=18424, skipped_degenerate=0 (并行, 16 线程)
[2026-07-28 12:14:23]     [2026-07-28 12:14:17][DEBUG] stars_to_triangles: prune_triangle_array ba>0.9 剪枝: before=18424, after=13409, pruned=5015
[2026-07-28 12:14:23]     [2026-07-28 12:14:17][INFO] make_vote_matrix: n_A=24228, n_B=13409, matched_triangles=23095, vote_matrix=60x49, scale_rejected=24949 (range=[0.8685,1.3027]) [并行 16 线程]
[2026-07-28 12:14:23]     [2026-07-28 12:14:17][INFO] top_vote_getters: 矩阵=60x49, 候选对数(vote>=2)=2913, top_n=60
[2026-07-28 12:14:23]     [2026-07-28 12:14:17][INFO] top_vote_getters: V4.25 去重后 top_pairs=49, 去重剔除=2864
[2026-07-28 12:14:23]     [2026-07-28 12:14:17][INFO]   [调试] top[0]: u=11 w=17, votes=703
[2026-07-28 12:14:23]     [2026-07-28 12:14:17][INFO]   [调试] top[1]: u=24 w=20, votes=677
[2026-07-28 12:14:23]     [2026-07-28 12:14:17][INFO]   [调试] top[2]: u=26 w=26, votes=637
[2026-07-28 12:14:23]     [2026-07-28 12:14:17][INFO]   [调试] top[3]: u=12 w=12, votes=636
[2026-07-28 12:14:23]     [2026-07-28 12:14:17][INFO]   [调试] top[4]: u=34 w=36, votes=621
[2026-07-28 12:14:23]     [2026-07-28 12:14:17][INFO]   [调试] top[5]: u=22 w=24, votes=615
[2026-07-28 12:14:23]     [2026-07-28 12:14:17][INFO]   [调试] top[6]: u=8 w=8, votes=607
[2026-07-28 12:14:23]     [2026-07-28 12:14:17][INFO]   [调试] top[7]: u=13 w=19, votes=607
[2026-07-28 12:14:23]     [2026-07-28 12:14:17][INFO]   [调试] top[8]: u=3 w=4, votes=601
[2026-07-28 12:14:23]     [2026-07-28 12:14:17][INFO]   [调试] top[9]: u=15 w=22, votes=596
[2026-07-28 12:14:23]     [2026-07-28 12:14:17][INFO] triangle_match_single 完成: tri_A=24228, tri_B=13409, vote_matrix=60x49, max_vote=703, 候选对数(vote>=2)=2913, top_pairs=49
[2026-07-28 12:14:23]     [2026-07-28 12:14:17][INFO] === triangle_match 结束: tri_A=24228, tri_B=13409, top_pairs=49, max_vote=703, success=1 ===
[2026-07-28 12:14:23]     [2026-07-28 12:14:17][INFO] [V4.22] n_target=60, max_vote=703, threshold=2
[2026-07-28 12:14:23]     [2026-07-28 12:14:17][INFO]   [阶段] triangle_match (n=60): 48.25 ms, max_vote=703, top_pairs=49, success=1
[2026-07-28 12:14:23]     [2026-07-28 12:14:17][INFO] [V4.22] max_vote=703 >= threshold=2, 停止扩充
[2026-07-28 12:14:23]     [2026-07-28 12:14:17][INFO]   [阶段] StarSelector+triangle_match (V4.22 自适应): 768.22 ms, n_target_used=60
[2026-07-28 12:14:23]     [2026-07-28 12:14:17][INFO]   N_U=60, N_W=49, s0=0.9595 arcsec/px, img=4096x4096, fov_diag=1.5439 deg, n_target_used=60
[2026-07-28 12:14:23]     [2026-07-28 12:14:17][INFO] iter_trans_solve: U=60, W=49, initial_pairs=49, tol=5.00, order=3
[2026-07-28 12:14:23]     [2026-07-28 12:14:17][DEBUG] calc_trans_general: order=3, n_pairs=20, 拟合成功
[2026-07-28 12:14:23]     [2026-07-28 12:14:17][INFO] iter_trans_inner: 初始拟合完成, 初始工作集=20, order=3
[2026-07-28 12:14:23]     [2026-07-28 12:14:17][INFO]   [调试] 初始 TRANS: x00=-0.5566 y00=-0.2798, x10=-0.009933 x01=-0.958628 y10=-0.958425 y01=0.010001
[2026-07-28 12:14:23]     [2026-07-28 12:14:17][INFO]   [调试] 初始对[0]: u=11 w=17, U=(185.62,169.83), W=(-165.27,-176.55), pred=(-165.19,-176.47), dist=0.1181" (dx=0.09 dy=0.08)
[2026-07-28 12:14:23]     [2026-07-28 12:14:17][INFO]   [调试] 初始对[1]: u=24 w=20, U=(254.67,-347.36), W=(329.80,-247.78), pred=(329.85,-247.81), dist=0.0624" (dx=0.05 dy=-0.03)
[2026-07-28 12:14:23]     [2026-07-28 12:14:17][INFO]   [调试] 初始对[2]: u=26 w=26, U=(541.92,74.94), W=(-77.52,-518.87), pred=(-77.75,-518.79), dist=0.2359" (dx=-0.22 dy=0.07)
[2026-07-28 12:14:23]     [2026-07-28 12:14:17][INFO]   [调试] 初始对[3]: u=12 w=12, U=(57.84,580.26), W=(-557.07,-49.97), pred=(-557.15,-49.93), dist=0.0914" (dx=-0.08 dy=0.04)
[2026-07-28 12:14:23]     [2026-07-28 12:14:17][INFO]   [调试] 初始对[4]: u=34 w=36, U=(614.09,-148.70), W=(135.98,-590.29), pred=(135.85,-590.13), dist=0.2070" (dx=-0.14 dy=0.15)
[2026-07-28 12:14:23]     [2026-07-28 12:14:17][INFO]   [调试] 初始对[5]: u=22 w=24, U=(-7.36,-905.49), W=(866.73,-2.26), pred=(866.83,-2.32), dist=0.1169" (dx=0.10 dy=-0.06)
[2026-07-28 12:14:23]     [2026-07-28 12:14:17][INFO] iter_trans_inner: V4.23 工作集扩展 20->49 (nr=nbright)
[2026-07-28 12:14:23]     [2026-07-28 12:14:17][DEBUG] iter 0: 绝对剔除 nr=49→42, nb=7
[2026-07-28 12:14:23]     [2026-07-28 12:14:17][DEBUG] iter 0: sigma(35%)=0.016885 角秒²
[2026-07-28 12:14:23]     [2026-07-28 12:14:17][DEBUG] iter 0: 相对剔除 nr=26, nb=23, rel_thresh=0.168851
[2026-07-28 12:14:23]     [2026-07-28 12:14:17][DEBUG] calc_trans_general: order=3, n_pairs=26, 拟合成功
[2026-07-28 12:14:23]     [2026-07-28 12:14:17][INFO] iter_trans_inner: 完成, nr=26, sig=0.0235, rms=0.1497, iters=1, success=1
[2026-07-28 12:14:23]     [2026-07-28 12:14:17][INFO] iter_trans_solve: 第一轮 iter_trans 成功, inliers=26, rms=0.1497
[2026-07-28 12:14:23]     [2026-07-28 12:14:17][INFO] at_match_lists: U=60, W=49, tol=5.00", U→W单向=42, W→U单向=42, 双向=42, 去重后=42
[2026-07-28 12:14:23]     [2026-07-28 12:14:17][DEBUG] calc_trans_general: order=3, n_pairs=42, 拟合成功
[2026-07-28 12:14:23]     [2026-07-28 12:14:17][INFO] at_recalc_trans: n=42, order=3, sig=0.1191, sx=0.2051, sy=0.1843, rms=0.2757
[2026-07-28 12:14:23]     [2026-07-28 12:14:17][INFO] iter_trans_solve: 第一轮 refit 成功, inliers=42, rms=0.2757
[2026-07-28 12:14:23]     [2026-07-28 12:14:17][INFO] at_match_lists: U=60, W=49, tol=5.00", U→W单向=42, W→U单向=42, 双向=42, 去重后=42
[2026-07-28 12:14:23]     [2026-07-28 12:14:17][DEBUG] calc_trans_general: order=3, n_pairs=42, 拟合成功
[2026-07-28 12:14:23]     [2026-07-28 12:14:17][INFO] at_recalc_trans: n=42, order=3, sig=0.1191, sx=0.2051, sy=0.1843, rms=0.2757
[2026-07-28 12:14:23]     [2026-07-28 12:14:17][INFO] iter_trans_solve: 第二轮 refit 成功, inliers=42, rms=0.2757
[2026-07-28 12:14:23]     [2026-07-28 12:14:17][INFO]   [诊断] it_result 检查: n_inliers=42, inliers.size=42, rms=0.2757, n_iterations=3, success=1, trans.order=3, trans.valid=1
[2026-07-28 12:14:23]     [2026-07-28 12:14:17][INFO]   [诊断] it_result.trans: x00=-0.5341 y00=-0.3288 x10=-0.009896 x01=-0.958505 y10=-0.958426 y01=0.009918
[2026-07-28 12:14:23]     [2026-07-28 12:14:17][INFO]   [诊断] it_result.inliers 前5对:
[2026-07-28 12:14:23]     [2026-07-28 12:14:17][INFO]     inliers[0]: u=0 w=1
[2026-07-28 12:14:23]     [2026-07-28 12:14:17][INFO]     inliers[1]: u=1 w=2
[2026-07-28 12:14:23]     [2026-07-28 12:14:17][INFO]     inliers[2]: u=2 w=3
[2026-07-28 12:14:23]     [2026-07-28 12:14:17][INFO]     inliers[3]: u=3 w=4
[2026-07-28 12:14:23]     [2026-07-28 12:14:17][INFO]     inliers[4]: u=4 w=5
[2026-07-28 12:14:23]     [2026-07-28 12:14:17][INFO]   [诊断] 准备打印阶段耗时日志...
[2026-07-28 12:14:23]     [2026-07-28 12:14:17][INFO]   [阶段] iter_trans_solve: 0.22 ms, n_inliers=42, rms=0.2757, iters=3, success=1
[2026-07-28 12:14:23]     [2026-07-28 12:14:17][INFO]   iter_trans TRANS: order=3, x00=-0.5341 y00=-0.3288 (px), x10=-0.009896 x01=-0.958505 y10=-0.958426 y01=0.009918
[2026-07-28 12:14:23]     [2026-07-28 12:14:17][INFO]   [诊断] 准备调用 iterative_reproject...
[2026-07-28 12:14:23]     [2026-07-28 12:14:17][INFO]   [诊断] iterative_reproject 入口: U.size=60, gaia_ra.size=49, gaia_dec.size=49, initial_inliers.size=42, s0=0.9595, img=4096x4096
[2026-07-28 12:14:23]     [2026-07-28 12:14:17][INFO] iterative_reproject: 开始 (N_W=49, n_inliers=42, s0=0.9595"/px, max_iter=5, conv_thresh=0.0100")
[2026-07-28 12:14:23]     [2026-07-28 12:14:17][INFO]   iter 0: ra_cur=3.750000 dec_cur=-39.194167, xi_center=-0.5341" eta_center=-0.3288", conv=0.6272" (thresh=0.0100")
[2026-07-28 12:14:23]     [2026-07-28 12:14:17][INFO]   iter 0: 新中心 ra=3.749809 dec=-39.194258 (Δra=-0.000191° Δdec=-0.000091°)
[2026-07-28 12:14:23]     [2026-07-28 12:14:17][DEBUG] calc_trans_general: order=3, n_pairs=42, 拟合成功
[2026-07-28 12:14:23]     [2026-07-28 12:14:17][INFO] at_recalc_trans: n=42, order=3, sig=0.1191, sx=0.2051, sy=0.1843, rms=0.2757
[2026-07-28 12:14:23]     [2026-07-28 12:14:17][INFO]   iter 0: at_recalc_trans 成功, n=42, sig=0.1191, rms=0.2757, x00=0.0000 y00=0.0000 (asec)
[2026-07-28 12:14:23]     [2026-07-28 12:14:17][INFO]   iter 1: 收敛 (TRANS 常数项 = 0.0000" < 0.0100")
[2026-07-28 12:14:23]     [2026-07-28 12:14:17][INFO] iterative_reproject: 完成 (收敛), ra=3.750000→3.749809 dec=-39.194167→-39.194258, n_matched=42 (固定), iters=1, conv=0.0000"
[2026-07-28 12:14:23]     [2026-07-28 12:14:17][INFO]   [诊断] iterative_reproject 返回: success=1, n_matched=42, n_iterations=1, convergence=0.0000, ra0=3.749809, dec0=-39.194258, matched.size=42, trans.order=3
[2026-07-28 12:14:23]     [2026-07-28 12:14:17][INFO]   [阶段] iterative_reproject: 0.41 ms, success=1, ra=3.750000→3.749809, dec=-39.194167→-39.194258, n_matched=42, iters=1, conv=0.0000"
[2026-07-28 12:14:23]     [2026-07-28 12:14:17][INFO] at_match_lists: U=60, W=49, tol=5.00", U→W单向=42, W→U单向=42, 双向=42, 去重后=42
[2026-07-28 12:14:23]     [2026-07-28 12:14:17][INFO]   [阶段] hi_order_rematch iter 0: n_matched=42 (min=10, order=3)
[2026-07-28 12:14:23]     [2026-07-28 12:14:17][DEBUG] calc_trans_general: order=3, n_pairs=42, 拟合成功
[2026-07-28 12:14:23]     [2026-07-28 12:14:17][INFO] at_recalc_trans: n=42, order=3, sig=0.1191, sx=0.2051, sy=0.1843, rms=0.2757
[2026-07-28 12:14:23]     [2026-07-28 12:14:17][INFO] at_match_lists: U=60, W=49, tol=5.00", U→W单向=42, W→U单向=42, 双向=42, 去重后=42
[2026-07-28 12:14:23]     [2026-07-28 12:14:17][DEBUG] calc_trans_general: order=3, n_pairs=42, 拟合成功
[2026-07-28 12:14:23]     [2026-07-28 12:14:17][INFO] at_recalc_trans: n=42, order=3, sig=0.1191, sx=0.2051, sy=0.1843, rms=0.2757
[2026-07-28 12:14:23]     [2026-07-28 12:14:17][INFO]   [阶段] hi_order_rematch iter 1: 收敛 (dn=0, drms=0.0000)
[2026-07-28 12:14:23]     [2026-07-28 12:14:17][INFO]   [阶段] hi_order_rematch: 0.06 ms, n_matched=42, trans.order=3
[2026-07-28 12:14:23]     [2026-07-28 12:14:17][INFO] ==== robust_refine_wcs 开始 (V4.30) ====
[2026-07-28 12:14:23]       U_full=1483, mag_full=1483, gaia=49
[2026-07-28 12:14:23]       ra0=3.749809, dec0=-39.194258, s0=0.9595"/px, fov=1.5439°, img=4096x4096
[2026-07-28 12:14:23]       initial_rms=0.1191", trans.order=3
[2026-07-28 12:14:23]     [2026-07-28 12:14:17][INFO]   [robust_refine] 网格采样: FOV=1.544°, G_short=3, N_long=3, n_cells=9, quota=20, narrow_all=0, N_full=1483
[2026-07-28 12:14:23]     [2026-07-28 12:14:17][INFO]   [robust_refine] 网格采样完成: 选中 180 颗 (上限 300, 下限 100)
[2026-07-28 12:14:23]     [2026-07-28 12:14:17][INFO]   [robust_refine] NN 匹配: U=180, W=49, tol=1.000", Lowe通过=42, 双向=42
[2026-07-28 12:14:23]     [2026-07-28 12:14:17][INFO]   [robust_refine] baseline: initial_rms=0.1191" (60星), U_pool RMS=0.2757" (180 星, matched=42)
[2026-07-28 12:14:23]     [2026-07-28 12:14:17][INFO]   [robust_refine] NN 匹配: U=180, W=49, tol=1.000", Lowe通过=42, 双向=42
[2026-07-28 12:14:23]     [2026-07-28 12:14:17][INFO]   [robust_refine] 空间一致性: 1/42 可疑 (K=8, σ=0.470")
[2026-07-28 12:14:23]     [2026-07-28 12:14:17][INFO]   [robust_refine] iter 0: tol=1.000", matched=42, rms=0.2757"→0.2780", cd_Δ=0.4336%, damp=0.00e+00
[2026-07-28 12:14:23]     [2026-07-28 12:14:17][INFO]   [robust_refine] NN 匹配: U=180, W=49, tol=0.500", Lowe通过=40, 双向=40
[2026-07-28 12:14:23]     [2026-07-28 12:14:17][INFO]   [robust_refine] 空间一致性: 1/40 可疑 (K=8, σ=0.453")
[2026-07-28 12:14:23]     [2026-07-28 12:14:17][INFO]   [robust_refine] iter 1: tol=0.500", matched=40, rms=0.2780"→0.2496", cd_Δ=0.2741%, damp=0.00e+00
[2026-07-28 12:14:23]     [2026-07-28 12:14:17][INFO]   [robust_refine] NN 匹配: U=180, W=49, tol=0.500", Lowe通过=37, 双向=37
[2026-07-28 12:14:23]     [2026-07-28 12:14:17][INFO]   [robust_refine] iter 2: tol=0.500", matched=37, rms=0.2496"→0.2174", cd_Δ=0.0425%, damp=0.00e+00
[2026-07-28 12:14:23]     [2026-07-28 12:14:17][INFO]   [robust_refine] NN 匹配: U=180, W=49, tol=0.300", Lowe通过=31, 双向=31
[2026-07-28 12:14:23]     [2026-07-28 12:14:17][INFO]   [robust_refine] iter 3: tol=0.300", matched=31, rms=0.2174"→0.1447", cd_Δ=0.1734%, damp=0.00e+00
[2026-07-28 12:14:23]     [2026-07-28 12:14:17][INFO]   [robust_refine] NN 匹配: U=180, W=49, tol=0.300", Lowe通过=29, 双向=29
[2026-07-28 12:14:23]     [2026-07-28 12:14:17][WARN]   [robust_refine] iter 4: matched=29 < 30, 回退
[2026-07-28 12:14:23]     [2026-07-28 12:14:17][INFO] ==== robust_refine_wcs 成功 ====
[2026-07-28 12:14:23]       iter=4, matched=31, rms=0.1447" (0.1508 px), cd_Δ=0.4336%, pool=180
[2026-07-28 12:14:23]     [2026-07-28 12:14:17][INFO]   [阶段] robust_refine: 成功, n_matched=31, rms=0.1447", iter=4, pool=180, cd_Δ=0.4336%
[2026-07-28 12:14:23]     [2026-07-28 12:14:17][INFO]   [阶段] robust_refine: 0.45 ms
[2026-07-28 12:14:23]     [2026-07-28 12:14:17][INFO]   [诊断] 准备调用 extract_wcs_sip: W_final.size=49, matched.size=31, U_for_wcs.size=1483 (robust=1)
[2026-07-28 12:14:23]     [2026-07-28 12:14:17][INFO]   [诊断] extract_wcs_sip 入口: trans.order=3, trans.valid=1, ra0=3.749809, dec0=-39.194258, img=4096x4096, s0=0.9595, U.size=1483, W.size=49, matched.size=31
[2026-07-28 12:14:23]     [2026-07-28 12:14:17][INFO]   [V4.22] 清零 trans.x00/y00 (saved: x00=0.0061, y00=-0.0271)
[2026-07-28 12:14:23]     [2026-07-28 12:14:17][INFO] extract_wcs_sip: SIP A/B 解析公式成功, order=3
[2026-07-28 12:14:23]     [2026-07-28 12:14:17][INFO] extract_wcs_sip: SIP AP/BP 网格反变换成功, ap_order=3, n_inv_coef=10, n_grid=49
[2026-07-28 12:14:23]     [2026-07-28 12:14:17] [INFO] [MainThread] solve_and_write_wcs: 日志系统初始化完成，日志文件: F:\Astro dev\Astro CS Normalization Database\lib\plate_solve\python\..\logs\solve_and_write_wcs_20260728_121417.log
[2026-07-28 12:14:23]       保存带 WCS 的 FITS: f:\Astro dev\Astro CS Normalization Database\NGC55_T3_flying_dutchman-20250703@075400-600S-Lum_solved.fits
[2026-07-28 12:14:23]     [2026-07-28 12:14:17] [INFO] [MainThread] solve_and_write_wcs: ----------------------------------------
[2026-07-28 12:14:23]     [2026-07-28 12:14:17] [INFO] [MainThread] solve_and_write_wcs: 写入 WCS 关键字到 FITS 文件
[2026-07-28 12:14:23]     [2026-07-28 12:14:17] [INFO] [MainThread] solve_and_write_wcs:   文件: f:\Astro dev\Astro CS Normalization Database\NGC55_T3_flying_dutchman-20250703@075400-600S-Lum_solved.fits
[2026-07-28 12:14:23]     [2026-07-28 12:14:17] [INFO] [MainThread] solve_and_write_wcs:   overwrite=True
[2026-07-28 12:14:23]     [2026-07-28 12:14:17] [INFO] [MainThread] solve_and_write_wcs:   CTYPE1=RA---TAN-SIP, CTYPE2=DEC--TAN-SIP
[2026-07-28 12:14:23]     [2026-07-28 12:14:17] [INFO] [MainThread] solve_and_write_wcs:   CRVAL1=3.74980857, CRVAL2=-39.19425801
[2026-07-28 12:14:23]     [2026-07-28 12:14:17] [INFO] [MainThread] solve_and_write_wcs:   CRPIX1=2048.5000, CRPIX2=2048.5000
[2026-07-28 12:14:23]     [2026-07-28 12:14:17] [INFO] [MainThread] solve_and_write_wcs:   CD1_1=-2.7414325992e-06, CD1_2=2.6624020506e-04
[2026-07-28 12:14:23]     [2026-07-28 12:14:17] [INFO] [MainThread] solve_and_write_wcs:   CD2_1=-2.6620908172e-04, CD2_2=-2.7600884449e-06
[2026-07-28 12:14:23]     [2026-07-28 12:14:17] [INFO] [MainThread] solve_and_write_wcs:   SIP_ORDER=3
[2026-07-28 12:14:23]     [2026-07-28 12:14:17] [INFO] [MainThread] solve_and_write_wcs:   SIP A/B 系数: 11 个 (order=3)
[2026-07-28 12:14:23]     [2026-07-28 12:14:17] [INFO] [MainThread] solve_and_write_wcs:   SIP AP/BP 系数: 11 个 (order=3)
[2026-07-28 12:14:23]     [2026-07-28 12:14:17] [INFO] [MainThread] solve_and_write_wcs: 已删除 13 个旧 WCS 关键字
[2026-07-28 12:14:23]     [2026-07-28 12:14:17] [INFO] [MainThread] solve_and_write_wcs:   WCS 关键字写入完成
[2026-07-28 12:14:23]       Gaia cone_search: radius=0.82°, mag<=18.0
[2026-07-28 12:14:23]       Gaia 返回: 1336 颗星
[2026-07-28 12:14:23]       图像范围内: 727 颗星
[2026-07-28 12:14:23]       标记前 727 颗最亮星 (mag 9.22~18.00)
[2026-07-28 12:14:23]       Siril MTF 拉伸...
[2026-07-28 12:14:23]       渲染 PNG...
[2026-07-28 12:14:23]       => f:\Astro dev\Astro CS Normalization Database\NGC55_T3_flying_dutchman-20250703@075400-600S-Lum_reproject.png (4096x4096)
[2026-07-28 12:14:23]     
[2026-07-28 12:14:23]     结果: success=True, RMS=0.145", n_marked=727, elapsed=5.8s
[2026-07-28 12:14:23]     [2026-07-28 12:14:17][INFO] extract_wcs_sip: CD=[-2.741433e-06 2.662402e-04; -2.662091e-04 -2.760088e-06], CRVAL=(3.749809, -39.194258), CRPIX=(2048.5, 2048.5), ctype=[RA---TAN-SIP, DEC--TAN-SIP], n_pairs=31, rms_px=0.1508, rms_arcsec=0.1447, trans_order=3, sip_order=3, ap_order=3
[2026-07-28 12:14:23]     [2026-07-28 12:14:17][INFO]   [阶段] extract_wcs_sip: 0.06 ms, success=1, n_pairs=31, rms_px=0.151, rms_arcsec=0.145, trans_order=3, sip_order=3
[2026-07-28 12:14:23]     [2026-07-28 12:14:17][INFO] ==== IPVSolver::solve 完成 (V4.22) ====
[2026-07-28 12:14:23]     [2026-07-28 12:14:17][INFO]   最终: n_pairs=31, rms_px=0.151, rms_arcsec=0.145, trans_order=3, sip_order=3, success=1
[2026-07-28 12:14:23]     [2026-07-28 12:14:23][INFO][SDET] StarDetector destroyed
[2026-07-28 12:14:23]   PNG: f:\Astro dev\Astro CS Normalization Database\T3_LUM_NGC55_reproject.png
[2026-07-28 12:14:23]   FITS: f:\Astro dev\Astro CS Normalization Database\T3_LUM_NGC55_solved.fits
[2026-07-28 12:14:23] 
[2026-07-28 12:14:23] ============================================================
[2026-07-28 12:14:23] 诊断完成: 8/8 成功
[2026-07-28 12:14:23] 输出文件列表:
[2026-07-28 12:14:23]   [OK] T2_RED_LDN43
[2026-07-28 12:14:23]   [OK] T2_GREEN_LDN43
[2026-07-28 12:14:23]   [OK] T2_BLUE_LDN43
[2026-07-28 12:14:23]   [OK] T2_HA_LDN43
[2026-07-28 12:14:23]   [OK] T3_RED_NGC55
[2026-07-28 12:14:23]   [OK] T3_GREEN_NGC55
[2026-07-28 12:14:23]   [OK] T3_BLUE_NGC55
[2026-07-28 12:14:23]   [OK] T3_LUM_NGC55
[2026-07-28 12:14:23] ============================================================
[2026-07-28 12:14:23] Summary: f:\Astro dev\Astro CS Normalization Database\engineering_v1.2\evidence\P11-004\reports\diagnosis_summary.json
