2026-07-28 15:42:54,200 [INFO] wcs_closure_v3: 批量权威星对诊断: 6 帧
[2026-07-28 15:42:54] [INFO] [MainThread] solve_and_write_wcs: 日志系统初始化完成，日志文件: F:\Astro dev\Astro CS Normalization Database\lib\plate_solve\python\..\logs\solve_and_write_wcs_20260728_154254.log
2026-07-28 15:42:54,213 [INFO] wcs_closure: 初始化 PlateSolve 环境 (project_root=.)
[2026-07-28 15:42:54] [INFO] [MainThread] solve_and_write_wcs: ============================================================
[2026-07-28 15:42:54] [INFO] [MainThread] solve_and_write_wcs: 环境初始化开始
[2026-07-28 15:42:54] [INFO] [MainThread] solve_and_write_wcs: ----------------------------------------
[2026-07-28 15:42:54] [INFO] [MainThread] solve_and_write_wcs: 加载 GaiaClientPy ...
[2026-07-28 15:42:54] [INFO] [MainThread] solve_and_write_wcs: Gaia 数据目录: F:\Astro dev\Astro CS Normalization Database\GaiaDR3SP
[2026-07-28 15:42:54] [INFO] [MainThread] solve_and_write_wcs: GaiaClientPy 创建成功
[2026-07-28 15:42:54] [INFO] [MainThread] solve_and_write_wcs: Gaia 句柄: 1831040598160
[2026-07-28 15:42:54] [INFO] [MainThread] solve_and_write_wcs: ----------------------------------------
[2026-07-28 15:42:54] [INFO] [MainThread] solve_and_write_wcs: 加载 StarDetector ...
[2026-07-28 15:42:54][INFO][SDET] StarDetector created (fitRadius=0, fwhmClipSigma=3.0, maxAxisRatio=2.0)
[2026-07-28 15:42:54] [INFO] [MainThread] solve_and_write_wcs: StarDetector 创建成功 (fitRadius=0)
[2026-07-28 15:42:54] [INFO] [MainThread] solve_and_write_wcs: StarDetector 句柄: 1830105376688
[2026-07-28 15:42:54] [INFO] [MainThread] solve_and_write_wcs: ----------------------------------------
[2026-07-28 15:42:54] [INFO] [MainThread] solve_and_write_wcs: 加载 IPVSolver ...
[2026-07-28 15:42:54] [INFO] [MainThread] solve_and_write_wcs: IPVSolver 创建成功，已设置 Gaia 和 StarDetector 句柄
[2026-07-28 15:42:54] [INFO] [MainThread] solve_and_write_wcs: ----------------------------------------
[2026-07-28 15:42:54] [INFO] [MainThread] solve_and_write_wcs: 环境初始化完成
[2026-07-28 15:42:54] [INFO] [MainThread] solve_and_write_wcs: ============================================================
2026-07-28 15:42:54,545 [INFO] wcs_closure: PlateSolve 环境就绪
2026-07-28 15:42:54,545 [INFO] wcs_closure_v3: ======================================================================
2026-07-28 15:42:54,545 [INFO] wcs_closure_v3: P11-004 v3.0 权威星对诊断: LDN43_LRGBH_flying_dutchman-20250503@032713-1200S-Red
2026-07-28 15:42:54,545 [INFO] wcs_closure_v3: FITS: F:/Astro dev/Astro CS Normalization Database/testdata/LDN43_T2素材_flying_dutchman/lights/LDN43_LRGBH_flying_dutchman-20250503@032713-1200S-Red.fts
2026-07-28 15:42:54,545 [INFO] wcs_closure_v3: MODE: authoritative_pairs (kd-tree rematch DISABLED)
2026-07-28 15:42:54,747 [INFO] wcs_closure: 读取 FITS: F:/Astro dev/Astro CS Normalization Database/testdata/LDN43_T2素材_flying_dutchman/lights/LDN43_LRGBH_flying_dutchman-20250503@032713-1200S-Red.fts
2026-07-28 15:42:54,804 [INFO] wcs_closure: 图像尺寸: 4096x4096
WARNING: FITSFixedWarning: RADECSYS= 'FK5 ' / Equatorial coordinate system 
2026-07-28 15:42:55,128 [WARNING] astropy: FITSFixedWarning: RADECSYS= 'FK5 ' / Equatorial coordinate system 
the RADECSYS keyword is deprecated, use RADESYSa.
the RADECSYS keyword is deprecated, use RADESYSa. [astropy.wcs.wcs]
WARNING: FITSFixedWarning: 'datfix' made the change 'Set MJD-OBS to 60798.143993 from DATE-OBS'. [astropy.wcs.wcs]
2026-07-28 15:42:55,129 [WARNING] astropy: FITSFixedWarning: 'datfix' made the change 'Set MJD-OBS to 60798.143993 from DATE-OBS'.
2026-07-28 15:42:55,130 [INFO] wcs_closure: WCS 构建: has_sip=True sip_order=3 ctype=['RA---TAN-SIP', 'DEC--TAN-SIP'] crpix=(2048.500,2048.500) crval=(248.609646,-15.759139)
[2026-07-28 15:42:55] [INFO] [MainThread] solve_and_write_wcs: ============================================================
[2026-07-28 15:42:55] [INFO] [MainThread] solve_and_write_wcs: 读取 FITS 头: F:/Astro dev/Astro CS Normalization Database/testdata/LDN43_T2素材_flying_dutchman/lights/LDN43_LRGBH_flying_dutchman-20250503@032713-1200S-Red.fts
[2026-07-28 15:42:55] [INFO] [MainThread] solve_and_write_wcs: FITS 头值: OBJCTRA=16 34 26.00, OBJCTDEC=-15 45 35.0, FOCALLEN=1917.5, XPIXSZ=9.0
[2026-07-28 15:42:55] [INFO] [MainThread] solve_and_write_wcs: OBJCTRA=16 34 26.00 -> ra0=248.608333 度
[2026-07-28 15:42:55] [INFO] [MainThread] solve_and_write_wcs: OBJCTDEC=-15 45 35.0 -> dec0=-15.759722 度
[2026-07-28 15:42:55] [INFO] [MainThread] solve_and_write_wcs: 使用传入值 focal_length=1917.50 mm
[2026-07-28 15:42:55] [INFO] [MainThread] solve_and_write_wcs: 使用传入值 pixel_size=9.0000 um
[2026-07-28 15:42:55] [INFO] [MainThread] solve_and_write_wcs: ============================================================
2026-07-28 15:42:55,132 [INFO] wcs_closure_v3: 重跑 PlateSolve 以填充权威 inlier 缓存...
[2026-07-28 15:42:55][INFO] ==== IPVSolver::solve_from_memory_with_callback 开始 (INTERNAL_DETECTION_SHARED_EXPORT) ====
[2026-07-28 15:42:55][INFO]   pixels=4096x4096 (内存数据)
[2026-07-28 15:42:55][INFO]   ra0=248.608333 deg, dec0=-15.759722 deg
[2026-07-28 15:42:55][INFO]   focal_length=1917.500 mm, pixel_size=9.000 um
[2026-07-28 15:42:55][INFO]   callback=ENABLED
[2026-07-28 15:42:55][INFO] === ipv_select_from_memory_with_callback 启动 (INTERNAL_DETECTION_SHARED_EXPORT) ===
[2026-07-28 15:42:55][INFO] ipv_select: 依赖 DLL 全部加载成功
[2026-07-28 15:42:55][INFO] Step 1: 使用内存像素数据 4096×4096
[2026-07-28 15:42:55][INFO] Step 2: 星点检测 (sdet_detect_ex)
[2026-07-28 15:42:55][INFO][SDET] sdet_detect_ex start: 4096x4096
[2026-07-28 15:42:55][DEBUG][SDET] [1] uint16→float: 15.9 ms
[2026-07-28 15:42:55][DEBUG][SDET] [2] Gaussian YvV smooth (sigma=2.0): 123.1 ms
[2026-07-28 15:42:55][INFO][SDET] peaker: median=2308.0000 bgnoise=33.9392 threshold=2477.6960 (median+5*bgnoise)
[2026-07-28 15:42:55][DEBUG][SDET] [3] Threshold: 325.4 ms
[2026-07-28 15:42:55][INFO][SDET] peaker: bg=2308.0 maxi=65535.0 norm=65535.0 dynrange=63227.0 minsatlevel=44258.9 satrange=6322.7 s_factor=3.7169 locthreshold=169.6961
[2026-07-28 15:42:55][DEBUG][SDET] [4] peaker: 41.0 ms (5475 candidates, full peaker 7-step)
[2026-07-28 15:42:55][INFO][SDET] Candidates: 5475
[2026-07-28 15:42:55][INFO][SDET] Peaker stages: pass_threshold=486626 pass_localmax=8486 pass_count3=6647 pass_boundary=6647 | cond_meanhigh=137 cond_platform=5977 sat_both=59 nonsat=6588
[2026-07-28 15:42:55][INFO][SDET] Auto fitRadius: med_pixels=54 fwhm_est=3.61 auto_radius=10 actual=10
[2026-07-28 15:42:55][INFO][SDET] Task6 candidates sorted by mag_est (desc): maxstars=2000 candidates=5475
[2026-07-28 15:42:56][DEBUG][SDET] [6] Moffat4 fit: 356.5 ms (5398/5475 OK)
[2026-07-28 15:42:56][INFO][SDET] Moffat4 fit: 5398/5475 OK
[2026-07-28 15:42:56][INFO][SDET] === Fit statistics by pixel count ===
[2026-07-28 15:42:56][INFO][SDET]   px[5-9]: total=121 ok=118(97.5%) invalid=0 noconv=3 iterlimit=0
[2026-07-28 15:42:56][INFO][SDET]   px[10-19]: total=478 ok=470(98.3%) invalid=0 noconv=8 iterlimit=0
[2026-07-28 15:42:56][INFO][SDET]   px[20-49]: total=1675 ok=1639(97.9%) invalid=0 noconv=36 iterlimit=0
[2026-07-28 15:42:56][INFO][SDET]   px[50-99]: total=1612 ok=1596(99.0%) invalid=0 noconv=16 iterlimit=0
[2026-07-28 15:42:56][INFO][SDET]   px[100-299]: total=1318 ok=1310(99.4%) invalid=0 noconv=8 iterlimit=0
[2026-07-28 15:42:56][DEBUG][SDET] [7] FWHM stats: 0.4 ms (med=3.1565 mad=0.2723)
[2026-07-28 15:42:56][INFO][SDET] FWHM stats: med=3.1565 mad=0.2723 (from 5398 fitted stars)
[2026-07-28 15:42:56][DEBUG][SDET] [8] Build normal stars: 4.8 ms (4955 stars, fit_fail=77 fwhm=0 round=58 reject=385)
[2026-07-28 15:42:56][INFO][SDET] Normal stars: 4955 (fit_fail=77 fwhm=0 roundness=58 reject=385)
[2026-07-28 15:42:56][DEBUG][SDET] [9] Saturated star detection skipped (V4.52: use A>dynrange from peaker): 0.1 ms
[2026-07-28 15:42:56][DEBUG][SDET] [10a] Dedup: 2.0 ms
[2026-07-28 15:42:56][DEBUG][SDET] [10b] Sort: 0.4 ms
[2026-07-28 15:42:56][INFO][SDET] After dedup+sort: 4955 stars (saturated=140 normal=4815)
[2026-07-28 15:42:56][INFO][SDET] sdet_detect_ex done: 2000 stars (sat=140 normal=4815), 0.870 s
[2026-07-28 15:42:56][INFO]   检测到星点: 2000 颗 (饱和 140, 正常 1860)
[2026-07-28 15:42:56][INFO] Step 2.5: 调用 callback 导出 detections (INTERNAL_DETECTION_SHARED_EXPORT)
[2026-07-28 15:42:56][INFO]   callback 完成, 源缓冲区已由 callback 复制
[2026-07-28 15:42:56][INFO] Step 3: 图像侧选星
[2026-07-28 15:42:56][INFO] 选星: 按 mag(box积分) 升序取前 60 颗 (含饱和 60 颗)
[2026-07-28 15:42:56][INFO]   U 向量组: 60×2 (s0=0.9681"/px)
[2026-07-28 15:42:56][INFO] Step 4: FOV/密度计算
[2026-07-28 15:42:56][INFO] FOV计算: s0=0.9681"/px, FOV_diag=1.5578°, query_r=0.8568°, img_area=1.21333°², query_area=2.30614°², rho_img=49.45, rho_target=74.18, n_target=60
[2026-07-28 15:42:56][INFO] Step 5: V4.9 密度公式估算极限星等 (替代迭代)
[2026-07-28 15:42:56][INFO] 密度估算极限星等: G=11.051 (n_required=60, area=2.3061°², rho_target=26.02/°²)
[2026-07-28 15:42:56][INFO] Step 6: 用 m_lim=11.051 查询 Gaia 星表
[2026-07-28 15:42:56][WARN] V4.9 补救查询 1: Gaia 返回 36 < n_target=60, 放宽到 m=12.051
[2026-07-28 15:42:56][INFO] Step 7: Gnomonic 投影 + FOV 过滤
[2026-07-28 15:42:56][INFO]   W 向量组: 44×2 (FOV 内 44, 取最亮 44, gaia_ra/dec 已保存)
[2026-07-28 15:42:56][INFO] === ipv_select_from_memory_with_callback 完成 (INTERNAL_DETECTION_SHARED_EXPORT) ===
[2026-07-28 15:42:56][INFO] === triangle_match 开始: N_U=60, N_W=44, n_A0=60, n_B0=60, tol=0.0020, s0=0.9681 ===
[2026-07-28 15:42:56][INFO] triangle_match: stage=0 nA=60 nB=60 超过实际星数, 停止扩充
[2026-07-28 15:42:56][INFO] triangle_match_single: n_A=60, n_B=44, tol=0.0020, s0=0.9681, scale=[0.8608,1.2912]
[2026-07-28 15:42:56][DEBUG] stars_to_triangles: N=60, expected=34220, valid=34220, skipped_degenerate=0 (并行, 16 线程)
[2026-07-28 15:42:56][DEBUG] stars_to_triangles: prune_triangle_array ba>0.9 剪枝: before=34220, after=24623, pruned=9597
[2026-07-28 15:42:56][DEBUG] stars_to_triangles: N=44, expected=13244, valid=13244, skipped_degenerate=0 (并行, 16 线程)
[2026-07-28 15:42:56][DEBUG] stars_to_triangles: prune_triangle_array ba>0.9 剪枝: before=13244, after=9418, pruned=3826
[2026-07-28 15:42:56][INFO] make_vote_matrix: n_A=24623, n_B=9418, matched_triangles=17933, vote_matrix=60x44, scale_rejected=16444 (range=[0.8608,1.2912]) [并行 16 线程]
[2026-07-28 15:42:56][INFO] top_vote_getters: 矩阵=60x44, 候选对数(vote>=2)=2616, top_n=60
[2026-07-28 15:42:56][INFO] top_vote_getters: V4.25 去重后 top_pairs=44, 去重剔除=2572
[2026-07-28 15:42:56][INFO]   [调试] top[0]: u=26 w=26, votes=612
[2026-07-28 15:42:56][INFO]   [调试] top[1]: u=3 w=4, votes=596
[2026-07-28 15:42:56][INFO]   [调试] top[2]: u=31 w=32, votes=593
[2026-07-28 15:42:56][INFO]   [调试] top[3]: u=12 w=12, votes=591
[2026-07-28 15:42:56][INFO]   [调试] top[4]: u=10 w=9, votes=585
[2026-07-28 15:42:56][INFO]   [调试] top[5]: u=13 w=15, votes=582
[2026-07-28 15:42:56][INFO]   [调试] top[6]: u=27 w=28, votes=569
[2026-07-28 15:42:56][INFO]   [调试] top[7]: u=24 w=24, votes=566
[2026-07-28 15:42:56][INFO]   [调试] top[8]: u=29 w=31, votes=563
[2026-07-28 15:42:56][INFO]   [调试] top[9]: u=4 w=5, votes=562
[2026-07-28 15:42:56][INFO] triangle_match_single 完成: tri_A=24623, tri_B=9418, vote_matrix=60x44, max_vote=612, 候选对数(vote>=2)=2616, top_pairs=44
[2026-07-28 15:42:56][INFO] === triangle_match 结束: tri_A=24623, tri_B=9418, top_pairs=44, max_vote=612, success=1 ===
[2026-07-28 15:42:56][INFO] [P02-002] n_target=60, max_vote=612, threshold=2
[2026-07-28 15:42:56][INFO]   [阶段] triangle_match (n=60): 33.57 ms, max_vote=612, top_pairs=44, success=1
[2026-07-28 15:42:56][INFO]   [阶段] triangle_match: 33.58 ms, n_target_used=60
[2026-07-28 15:42:56][INFO]   N_U=60, N_W=44, s0=0.9681 arcsec/px, img=4096x4096, fov_diag=1.5578 deg
[2026-07-28 15:42:56][INFO] iter_trans_solve: U=60, W=44, initial_pairs=44, tol=5.00, order=3
[2026-07-28 15:42:56][DEBUG] calc_trans_general: order=3, n_pairs=20, 拟合成功
[2026-07-28 15:42:56][INFO] iter_trans_inner: 初始拟合完成, 初始工作集=20, order=3
[2026-07-28 15:42:56][INFO]   [调试] 初始 TRANS: x00=4.4219 y00=2.1613, x10=0.011539 x01=-0.967033 y10=-0.966700 y01=-0.011618
[2026-07-28 15:42:56][INFO]   [调试] 初始对[0]: u=26 w=26, U=(682.67,-304.72), W=(306.79,-654.10), pred=(306.83,-653.96), dist=0.1498" (dx=0.05 dy=0.14)
[2026-07-28 15:42:56][INFO]   [调试] 初始对[1]: u=3 w=4, U=(-1743.55,680.76), W=(-671.15,1673.44), pred=(-671.28,1673.29), dist=0.2013" (dx=-0.13 dy=-0.16)
[2026-07-28 15:42:56][INFO]   [调试] 初始对[2]: u=31 w=32, U=(816.94,330.01), W=(-305.05,-790.81), pred=(-305.05,-790.91), dist=0.0994" (dx=-0.00 dy=-0.10)
[2026-07-28 15:42:56][INFO]   [调试] 初始对[3]: u=12 w=12, U=(-174.57,-1877.86), W=(1811.82,192.23), pred=(1811.55,191.97), dist=0.3714" (dx=-0.27 dy=-0.26)
[2026-07-28 15:42:56][INFO]   [调试] 初始对[4]: u=10 w=9, U=(447.76,-736.93), W=(721.84,-421.67), pred=(721.71,-421.86), dist=0.2373" (dx=-0.14 dy=-0.19)
[2026-07-28 15:42:56][INFO]   [调试] 初始对[5]: u=13 w=15, U=(1911.95,615.62), W=(-566.47,-1846.52), pred=(-566.38,-1846.43), dist=0.1301" (dx=0.09 dy=0.09)
[2026-07-28 15:42:56][INFO] iter_trans_inner: V4.23 工作集扩展 20->44 (nr=nbright)
[2026-07-28 15:42:56][DEBUG] iter 0: 绝对剔除 nr=44→42, nb=2
[2026-07-28 15:42:56][DEBUG] iter 0: sigma(35%)=0.011937 角秒²
[2026-07-28 15:42:56][DEBUG] iter 0: 相对剔除 nr=32, nb=12, rel_thresh=0.119371
[2026-07-28 15:42:56][DEBUG] calc_trans_general: order=3, n_pairs=32, 拟合成功
[2026-07-28 15:42:56][INFO] iter_trans_inner: 完成, nr=32, sig=0.0128, rms=0.1135, iters=1, success=1
[2026-07-28 15:42:56][INFO] iter_trans_solve: 第一轮 iter_trans 成功, inliers=32, rms=0.1135
[2026-07-28 15:42:56][INFO] at_match_lists: U=60, W=44, tol=5.00", U→W单向=42, W→U单向=42, 双向=42, 去重后=42
[2026-07-28 15:42:56][DEBUG] calc_trans_general: order=3, n_pairs=42, 拟合成功
[2026-07-28 15:42:56][INFO] at_recalc_trans: 二轮 sigma-clip (thresh=0.663", 剔除=3, 保留=39)
[2026-07-28 15:42:56][DEBUG] calc_trans_general: order=3, n_pairs=39, 拟合成功
[2026-07-28 15:42:56][INFO] at_recalc_trans: 二轮完成, n=39, sig=0.0266, sx=0.1162, sy=0.1174, rms=0.1818
[2026-07-28 15:42:56][INFO] at_recalc_trans: n=39, order=3, sig=0.0266, sx=0.1162, sy=0.1174, rms=0.1818
[2026-07-28 15:42:56][INFO] iter_trans_solve: 第一轮 refit 成功, inliers=39, rms=0.1818
[2026-07-28 15:42:56][INFO] at_match_lists: U=60, W=44, tol=5.00", U→W单向=42, W→U单向=42, 双向=42, 去重后=42
[2026-07-28 15:42:56][DEBUG] calc_trans_general: order=3, n_pairs=42, 拟合成功
[2026-07-28 15:42:56][INFO] at_recalc_trans: 二轮 sigma-clip (thresh=0.663", 剔除=3, 保留=39)
[2026-07-28 15:42:56][DEBUG] calc_trans_general: order=3, n_pairs=39, 拟合成功
[2026-07-28 15:42:56][INFO] at_recalc_trans: 二轮完成, n=39, sig=0.0266, sx=0.1162, sy=0.1174, rms=0.1818
[2026-07-28 15:42:56][INFO] at_recalc_trans: n=39, order=3, sig=0.0266, sx=0.1162, sy=0.1174, rms=0.1818
[2026-07-28 15:42:56][INFO] iter_trans_solve: 第二轮 refit 成功, inliers=39, rms=0.1818
[2026-07-28 15:42:56][INFO]   [阶段] iter_trans_solve: 0.30 ms, n_inliers=39, rms=0.1818, iters=3, success=1
[2026-07-28 15:42:56][INFO]   [诊断] iterative_reproject 入口: U.size=60, gaia_ra.size=44, gaia_dec.size=44, initial_inliers.size=39, s0=0.9681, img=4096x4096
[2026-07-28 15:42:56][INFO] iterative_reproject: 开始 (N_W=44, n_inliers=39, s0=0.9681"/px, max_iter=5, conv_thresh=0.0100")
[2026-07-28 15:42:56][INFO]   iter 0: ra_cur=248.608333 dec_cur=-15.759722, xi_center=4.5529" eta_center=2.0871", conv=5.0085" (thresh=0.0100")
[2026-07-28 15:42:56][INFO]   iter 0: 新中心 ra=248.609647 dec=-15.759142 (Δra=0.001314° Δdec=0.000580°)
[2026-07-28 15:42:56][DEBUG] calc_trans_general: order=3, n_pairs=39, 拟合成功
[2026-07-28 15:42:56][INFO] at_recalc_trans: 二轮 sigma-clip (thresh=0.490", 剔除=1, 保留=38)
[2026-07-28 15:42:56][DEBUG] calc_trans_general: order=3, n_pairs=38, 拟合成功
[2026-07-28 15:42:56][INFO] at_recalc_trans: 二轮完成, n=38, sig=0.0270, sx=0.1154, sy=0.1128, rms=0.1614
[2026-07-28 15:42:56][INFO] at_recalc_trans: n=38, order=3, sig=0.0270, sx=0.1154, sy=0.1128, rms=0.1614
[2026-07-28 15:42:56][INFO]   iter 0: at_recalc_trans 成功, n=38, sig=0.0270, rms=0.1614, x00=-0.0035 y00=0.0128 (asec)
[2026-07-28 15:42:56][INFO]   iter 1: ra_cur=248.609647 dec_cur=-15.759142, xi_center=-0.0035" eta_center=0.0128", conv=0.0133" (thresh=0.0100")
[2026-07-28 15:42:56][INFO]   iter 1: 新中心 ra=248.609646 dec=-15.759139 (Δra=-0.000001° Δdec=0.000004°)
[2026-07-28 15:42:56][DEBUG] calc_trans_general: order=3, n_pairs=39, 拟合成功
[2026-07-28 15:42:56][INFO] at_recalc_trans: 二轮 sigma-clip (thresh=0.490", 剔除=1, 保留=38)
[2026-07-28 15:42:56][DEBUG] calc_trans_general: order=3, n_pairs=38, 拟合成功
[2026-07-28 15:42:56][INFO] at_recalc_trans: 二轮完成, n=38, sig=0.0270, sx=0.1154, sy=0.1128, rms=0.1614
[2026-07-28 15:42:56][INFO] at_recalc_trans: n=38, order=3, sig=0.0270, sx=0.1154, sy=0.1128, rms=0.1614
[2026-07-28 15:42:56][INFO]   iter 1: at_recalc_trans 成功, n=38, sig=0.0270, rms=0.1614, x00=0.0000 y00=-0.0000 (asec)
[2026-07-28 15:42:56][INFO]   iter 2: 收敛 (TRANS 常数项 = 0.0000" < 0.0100")
[2026-07-28 15:42:56][INFO] iterative_reproject: 完成 (收敛), ra=248.608333→248.609646 dec=-15.759722→-15.759139, n_matched=39 (固定), iters=2, conv=0.0000"
[2026-07-28 15:42:56][INFO]   [阶段] iterative_reproject: 0.37 ms, success=1, ra=248.608333→248.609646, dec=-15.759722→-15.759139, n_matched=39, iters=2, conv=0.0000"
[2026-07-28 15:42:56][INFO] at_match_lists: U=60, W=44, tol=5.00", U→W单向=42, W→U单向=42, 双向=42, 去重后=42
[2026-07-28 15:42:56][INFO]   [阶段] hi_order_rematch iter 0: n_matched=42 (min=10, order=3)
[2026-07-28 15:42:56][DEBUG] calc_trans_general: order=3, n_pairs=42, 拟合成功
[2026-07-28 15:42:56][INFO] at_recalc_trans: 二轮 sigma-clip (thresh=0.663", 剔除=3, 保留=39)
[2026-07-28 15:42:56][DEBUG] calc_trans_general: order=3, n_pairs=39, 拟合成功
[2026-07-28 15:42:56][INFO] at_recalc_trans: 二轮完成, n=39, sig=0.0266, sx=0.1162, sy=0.1174, rms=0.1818
[2026-07-28 15:42:56][INFO] at_recalc_trans: n=39, order=3, sig=0.0266, sx=0.1162, sy=0.1174, rms=0.1818
[2026-07-28 15:42:56][INFO] at_match_lists: U=60, W=44, tol=5.00", U→W单向=42, W→U单向=42, 双向=42, 去重后=42
[2026-07-28 15:42:56][DEBUG] calc_trans_general: order=3, n_pairs=42, 拟合成功
[2026-07-28 15:42:56][INFO] at_recalc_trans: 二轮 sigma-clip (thresh=0.663", 剔除=3, 保留=39)
[2026-07-28 15:42:56][DEBUG] calc_trans_general: order=3, n_pairs=39, 拟合成功
[2026-07-28 15:42:56][INFO] at_recalc_trans: 二轮完成, n=39, sig=0.0266, sx=0.1162, sy=0.1174, rms=0.1818
[2026-07-28 15:42:56][INFO] at_recalc_trans: n=39, order=3, sig=0.0266, sx=0.1162, sy=0.1174, rms=0.1818
[2026-07-28 15:42:56][INFO]   [阶段] hi_order_rematch iter 1: 收敛 (dn=0, drms=0.0000)
[2026-07-28 15:42:56][INFO]   [阶段] hi_order_rematch: 0.09 ms, n_matched=42, trans.order=3
[2026-07-28 15:42:56][INFO] ==== robust_refine_wcs 开始 (V4.30) ====
  U_full=2000, mag_full=2000, gaia=44
  ra0=248.609646, dec0=-15.759139, s0=0.9681"/px, fov=1.5578°, img=4096x4096
  initial_rms=0.0266", trans.order=3
[2026-07-28 15:42:56][INFO]   [robust_refine] 网格采样: FOV=1.558°, G_short=3, N_long=3, n_cells=9, quota=20, narrow_all=0, N_full=2000
[2026-07-28 15:42:56][INFO]   [robust_refine] 网格采样完成: 选中 180 颗 (上限 300, 下限 100)
[2026-07-28 15:42:56][INFO]   [robust_refine] NN 匹配: U=180, W=44, tol=1.000", Lowe通过=42, 双向=42
[2026-07-28 15:42:56][INFO]   [robust_refine] baseline: initial_rms=0.0266" (60星), U_pool RMS=0.2679" (180 星, matched=42)
[2026-07-28 15:42:56][INFO]   [robust_refine] NN 匹配: U=180, W=44, tol=1.000", Lowe通过=42, 双向=42
[2026-07-28 15:42:56][INFO]   [robust_refine] 空间一致性: 3/42 可疑 (K=8, σ=0.117")
[2026-07-28 15:42:56][INFO]   [robust_refine] iter 0: tol=1.000", matched=42, rms=0.2679"→0.2713", cd_Δ=0.1899%, damp=0.00e+00
[2026-07-28 15:42:56][INFO]   [robust_refine] NN 匹配: U=180, W=44, tol=0.500", Lowe通过=38, 双向=38
[2026-07-28 15:42:56][INFO]   [robust_refine] iter 1: tol=0.500", matched=38, rms=0.2713"→0.1456", cd_Δ=0.1529%, damp=0.00e+00
[2026-07-28 15:42:56][INFO]   [robust_refine] NN 匹配: U=180, W=44, tol=0.500", Lowe通过=38, 双向=38
[2026-07-28 15:42:56][INFO]   [robust_refine] 空间一致性: 1/38 可疑 (K=8, σ=0.121")
[2026-07-28 15:42:56][INFO]   [robust_refine] iter 2: tol=0.500", matched=38, rms=0.1456"→0.1556", cd_Δ=0.1388%, damp=0.00e+00
[2026-07-28 15:42:56][INFO]   [robust_refine] NN 匹配: U=180, W=44, tol=0.300", Lowe通过=36, 双向=36
[2026-07-28 15:42:56][INFO]   [robust_refine] 空间一致性: 1/36 可疑 (K=8, σ=0.117")
[2026-07-28 15:42:56][INFO]   [robust_refine] iter 3: tol=0.300", matched=36, rms=0.1556"→0.1197", cd_Δ=0.1508%, damp=0.00e+00
[2026-07-28 15:42:56][INFO]   [robust_refine] NN 匹配: U=180, W=44, tol=0.300", Lowe通过=36, 双向=36
[2026-07-28 15:42:56][INFO]   [robust_refine] 空间一致性: 2/36 可疑 (K=8, σ=0.114")
[2026-07-28 15:42:56][INFO]   [robust_refine] iter 4: tol=0.300", matched=36, rms=0.1197"→0.1279", cd_Δ=0.1893%, damp=0.00e+00
[2026-07-28 15:42:56][INFO]   [robust_refine] NN 匹配: U=180, W=44, tol=0.300", Lowe通过=34, 双向=34
[2026-07-28 15:42:56][INFO]   [robust_refine] 空间一致性: 2/34 可疑 (K=8, σ=0.110")
[2026-07-28 15:42:56][INFO]   [robust_refine] iter 5: tol=0.300", matched=34, rms=0.1279"→0.1099", cd_Δ=0.1014%, damp=0.00e+00
[2026-07-28 15:42:56][INFO]   [robust_refine] NN 匹配: U=180, W=44, tol=0.300", Lowe通过=34, 双向=34
[2026-07-28 15:42:56][INFO]   [robust_refine] 空间一致性: 2/34 可疑 (K=8, σ=0.107")
[2026-07-28 15:42:56][INFO]   [robust_refine] iter 6: tol=0.300", matched=34, rms=0.1099"→0.1129", cd_Δ=0.0596%, damp=0.00e+00
[2026-07-28 15:42:56][INFO]   [robust_refine] NN 匹配: U=180, W=44, tol=0.300", Lowe通过=34, 双向=34
[2026-07-28 15:42:56][INFO]   [robust_refine] 空间一致性: 2/34 可疑 (K=8, σ=0.102")
[2026-07-28 15:42:56][INFO]   [robust_refine] iter 7: tol=0.300", matched=34, rms=0.1129"→0.1149", cd_Δ=0.0377%, damp=0.00e+00
[2026-07-28 15:42:56][INFO]   [robust_refine] NN 匹配: U=180, W=44, tol=0.300", Lowe通过=34, 双向=34
[2026-07-28 15:42:56][INFO]   [robust_refine] 空间一致性: 2/34 可疑 (K=8, σ=0.099")
[2026-07-28 15:42:56][INFO]   [robust_refine] iter 8: tol=0.300", matched=34, rms=0.1149"→0.1160", cd_Δ=0.0161%, damp=0.00e+00
[2026-07-28 15:42:56][INFO]   [robust_refine] NN 匹配: U=180, W=44, tol=0.300", Lowe通过=34, 双向=34
[2026-07-28 15:42:56][INFO]   [robust_refine] 空间一致性: 2/34 可疑 (K=8, σ=0.098")
[2026-07-28 15:42:56][INFO]   [robust_refine] iter 9: tol=0.300", matched=34, rms=0.1160"→0.1167", cd_Δ=0.0104%, damp=0.00e+00
[2026-07-28 15:42:56][INFO]   [robust_refine] 达到最大迭代次数 10
[2026-07-28 15:42:56][INFO] ==== robust_refine_wcs 成功 ====
  iter=10, matched=34, rms=0.1167" (0.1205 px), cd_Δ=0.1899%, pool=180
[2026-07-28 15:42:56][INFO]   [阶段] robust_refine: 成功, n_matched=34, rms=0.1167", iter=10, pool=180, cd_Δ=0.1899%
[2026-07-28 15:42:56][INFO]   [阶段] robust_refine: 1.30 ms
[2026-07-28 15:42:56][INFO]   [诊断] extract_wcs_sip 入口: trans.order=3, trans.valid=1, ra0=248.609646, dec0=-15.759139, img=4096x4096, s0=0.9681, U.size=2000, W.size=44, matched.size=34
[2026-07-28 15:42:56][INFO]   [V4.22] 清零 trans.x00/y00 (saved: x00=-0.0925, y00=-0.0638)
[2026-07-28 15:42:56][INFO] extract_wcs_sip: SIP A/B 解析公式成功, order=3
[2026-07-28 15:42:56][INFO] extract_wcs_sip: SIP AP/BP 网格反变换成功, ap_order=3, n_inv_coef=10, n_grid=49
[2026-07-28 15:42:56][INFO] extract_wcs_sip: CD=[3.193366e-06 2.686026e-04; -2.685713e-04 3.262169e-06], CRVAL=(248.609646, -15.759139), CRPIX=(2048.5, 2048.5), ctype=[RA---TAN-SIP, DEC--TAN-SIP], n_pairs=34, rms_px=0.1205, rms_arcsec=0.1167, trans_order=3, sip_order=3, ap_order=3
2026-07-28 15:42:56,064 [INFO] wcs_closure_v3: 权威 inlier: n=34 (来自 IPVSolver.get_last_inliers)
2026-07-28 15:42:56,064 [INFO] wcs_closure_v3: [A 层 内部 TRANS 预测] n=34, p68=0.0853 px, p90=0.2549 px, p99=0.2925 px
2026-07-28 15:42:56,068 [INFO] wcs_closure_v3: [B 层 预剔除诊断] n=34, CRPIX_0based=(2048.50,2048.50), det_xy range=[47.7,444.3]~[3959.4,3918.3], ext_pred range=[47.8,444.2]~[3959.5,3918.2], ext_dist: median=0.1481 p68=0.1602 p90=0.2242 p99=0.3357 max=0.3536
2026-07-28 15:42:56,068 [INFO] wcs_closure: Siril 迭代剔除完成: 1 次迭代, 保留 34/34, final p68=0.1605 px
2026-07-28 15:42:56,068 [INFO] wcs_closure_v3: Siril 剔除后保留: 34/34 对 (剔除 0)
2026-07-28 15:42:56,068 [INFO] wcs_closure_v3: [B 层 外部 WCS 回投] n=34, p68=0.1605 px, p90=0.2242 px, p99=0.3357 px
2026-07-28 15:42:56,069 [INFO] wcs_closure_v3: [A vs B 预测差] delta_dist: median=2028.8620 px, p90=3753.1440 px, max=4746.2131 px
2026-07-28 15:42:56,076 [INFO] wcs_closure_v3: 权威星对已保存 (JSONL): engineering_v1.3\evidence\P11-004\reports/gate_v2_post_repair\T2_RED_LDN43\matched_pairs_authoritative.jsonl (n=34)
2026-07-28 15:42:56,086 [INFO] wcs_closure_v3: 闭环报告已保存: engineering_v1.3\evidence\P11-004\reports/gate_v2_post_repair\T2_RED_LDN43\closure_report.json
2026-07-28 15:42:56,087 [INFO] wcs_closure_v3: [Gate] p68=0.1605 (<=0.75:True) p90=0.2242 (<=1.5:True) p99=0.3357 (<=3.0:True) n=34 (>=5:True) => PASS
2026-07-28 15:42:57,079 [INFO] wcs_closure: 残差图已保存: engineering_v1.3\evidence\P11-004\reports/gate_v2_post_repair\T2_RED_LDN43\residual_plot.png
2026-07-28 15:42:57,328 [INFO] wcs_closure: 四象限分布图已保存: engineering_v1.3\evidence\P11-004\reports/gate_v2_post_repair\T2_RED_LDN43\quadrant_plot.png
2026-07-28 15:42:57,328 [INFO] wcs_closure_v3: 权威星对诊断完成: LDN43_LRGBH_flying_dutchman-20250503@032713-1200S-Red (耗时 1.53s)
2026-07-28 15:42:57,330 [INFO] wcs_closure_v3: ======================================================================
2026-07-28 15:42:57,330 [INFO] wcs_closure_v3: P11-004 v3.0 权威星对诊断: LDN43_LRGBH_flying_dutchman-20250503@034804-1200S-Green
2026-07-28 15:42:57,330 [INFO] wcs_closure_v3: FITS: F:/Astro dev/Astro CS Normalization Database/testdata/LDN43_T2素材_flying_dutchman/lights/LDN43_LRGBH_flying_dutchman-20250503@034804-1200S-Green.fts
2026-07-28 15:42:57,330 [INFO] wcs_closure_v3: MODE: authoritative_pairs (kd-tree rematch DISABLED)
2026-07-28 15:42:57,330 [INFO] wcs_closure: 读取 FITS: F:/Astro dev/Astro CS Normalization Database/testdata/LDN43_T2素材_flying_dutchman/lights/LDN43_LRGBH_flying_dutchman-20250503@034804-1200S-Green.fts
2026-07-28 15:42:57,445 [INFO] wcs_closure: 图像尺寸: 4096x4096
[2026-07-28 15:42:56][INFO]   [阶段] extract_wcs_sip: 0.04 WARNING: FITSFixedWarning: RADECSYS= 'FK5 ' / Equatorial coordinate system 
2026-07-28 15:42:57,460 [WARNING] astropy: FITSFixedWarning: RADECSYS= 'FK5 ' / Equatorial coordinate system 
the RADECSYS keyword is deprecated, use RADESYSa.
the RADECSYS keyword is deprecated, use RADESYSa. [astropy.wcs.wcs]
WARNING: FITSFixedWarning: 'datfix' made the change 'Set MJD-OBS to 60798.158472 from DATE-OBS'. [astropy.wcs.wcs]
2026-07-28 15:42:57,462 [WARNING] astropy: FITSFixedWarning: 'datfix' made the change 'Set MJD-OBS to 60798.158472 from DATE-OBS'.
2026-07-28 15:42:57,462 [INFO] wcs_closure: WCS 构建: has_sip=True sip_order=3 ctype=['RA---TAN-SIP', 'DEC--TAN-SIP'] crpix=(2048.500,2048.500) crval=(248.609808,-15.759281)
[2026-07-28 15:42:57] [INFO] [MainThread] solve_and_write_wcs: ============================================================
[2026-07-28 15:42:57] [INFO] [MainThread] solve_and_write_wcs: 读取 FITS 头: F:/Astro dev/Astro CS Normalization Database/testdata/LDN43_T2素材_flying_dutchman/lights/LDN43_LRGBH_flying_dutchman-20250503@034804-1200S-Green.fts
[2026-07-28 15:42:57] [INFO] [MainThread] solve_and_write_wcs: FITS 头值: OBJCTRA=16 34 26.00, OBJCTDEC=-15 45 35.0, FOCALLEN=1917.5, XPIXSZ=9.0
[2026-07-28 15:42:57] [INFO] [MainThread] solve_and_write_wcs: OBJCTRA=16 34 26.00 -> ra0=248.608333 度
[2026-07-28 15:42:57] [INFO] [MainThread] solve_and_write_wcs: OBJCTDEC=-15 45 35.0 -> dec0=-15.759722 度
[2026-07-28 15:42:57] [INFO] [MainThread] solve_and_write_wcs: 使用传入值 focal_length=1917.50 mm
[2026-07-28 15:42:57] [INFO] [MainThread] solve_and_write_wcs: 使用传入值 pixel_size=9.0000 um
[2026-07-28 15:42:57] [INFO] [MainThread] solve_and_write_wcs: ============================================================
2026-07-28 15:42:57,465 [INFO] wcs_closure_v3: 重跑 PlateSolve 以填充权威 inlier 缓存...
ms, success=1, n_pairs=34, rms_px=0.121, rms_arcsec=0.117, trans_order=3, sip_order=3
[2026-07-28 15:42:56][INFO]   最终: n_pairs=34, rms_px=0.121, rms_arcsec=0.117, trans_order=3, sip_order=3, success=1
[2026-07-28 15:42:56][INFO]   [cache_last_inliers_] 缓存 34 对 inliers (robust=1, s0=0.9681", U_snap.size=2000, gaia.size=44, trans.order=3, ra0=248.609646, dec0=-15.759139)
[2026-07-28 15:42:56][INFO] ==== IPVSolver::solve_from_memory_with_callback 完成 (INTERNAL_DETECTION_SHARED_EXPORT) ====
[2026-07-28 15:42:57][INFO] ==== IPVSolver::solve_from_memory_with_callback 开始 (INTERNAL_DETECTION_SHARED_EXPORT) ====
[2026-07-28 15:42:57][INFO]   pixels=4096x4096 (内存数据)
[2026-07-28 15:42:57][INFO]   ra0=248.608333 deg, dec0=-15.759722 deg
[2026-07-28 15:42:57][INFO]   focal_length=1917.500 mm, pixel_size=9.000 um
[2026-07-28 15:42:57][INFO]   callback=ENABLED
[2026-07-28 15:42:57][INFO] === ipv_select_from_memory_with_callback 启动 (INTERNAL_DETECTION_SHARED_EXPORT) ===
[2026-07-28 15:42:57][INFO] Step 1: 使用内存像素数据 4096×4096
[2026-07-28 15:42:57][INFO] Step 2: 星点检测 (sdet_detect_ex)
[2026-07-28 15:42:57][INFO][SDET] sdet_detect_ex start: 4096x4096
[2026-07-28 15:42:57][DEBUG][SDET] [1] uint16→float: 16.2 ms
[2026-07-28 15:42:57][DEBUG][SDET] [2] Gaussian YvV smooth (sigma=2.0): 117.5 ms
[2026-07-28 15:42:57][INFO][SDET] peaker: median=1908.0000 bgnoise=28.6215 threshold=2051.1074 (median+5*bgnoise)
[2026-07-28 15:42:57][DEBUG][SDET] [3] Threshold: 341.9 ms
[2026-07-28 15:42:57][INFO][SDET] peaker: bg=1908.0 maxi=65535.0 norm=65535.0 dynrange=63627.0 minsatlevel=44538.9 satrange=6362.7 s_factor=3.7169 locthreshold=143.1075
[2026-07-28 15:42:57][DEBUG][SDET] [4] peaker: 36.4 ms (5522 candidates, full peaker 7-step)
[2026-07-28 15:42:57][INFO][SDET] Candidates: 5522
[2026-07-28 15:42:57][INFO][SDET] Peaker stages: pass_threshold=489199 pass_localmax=9216 pass_count3=6883 pass_boundary=6883 | cond_meanhigh=118 cond_platform=6155 sat_both=49 nonsat=6834
[2026-07-28 15:42:57][INFO][SDET] Auto fitRadius: med_pixels=53 fwhm_est=3.57 auto_radius=10 actual=10
[2026-07-28 15:42:57][INFO][SDET] Task6 candidates sorted by mag_est (desc): maxstars=2000 candidates=5522
[2026-07-28 15:42:58][DEBUG][SDET] [6] Moffat4 fit: 385.2 ms (5442/5522 OK)
[2026-07-28 15:42:58][INFO][SDET] Moffat4 fit: 5442/5522 OK
[2026-07-28 15:42:58][INFO][SDET] === Fit statistics by pixel count ===
[2026-07-28 15:42:58][INFO][SDET]   px[5-9]: total=111 ok=109(98.2%) invalid=0 noconv=2 iterlimit=0
[2026-07-28 15:42:58][INFO][SDET]   px[10-19]: total=492 ok=483(98.2%) invalid=0 noconv=9 iterlimit=0
[2026-07-28 15:42:58][INFO][SDET]   px[20-49]: total=1772 ok=1736(98.0%) invalid=0 noconv=36 iterlimit=0
[2026-07-28 15:42:58][INFO][SDET]   px[50-99]: total=1644 ok=1625(98.8%) invalid=0 noconv=19 iterlimit=0
[2026-07-28 15:42:58][INFO][SDET]   px[100-299]: total=1247 ok=1239(99.4%) invalid=0 noconv=8 iterlimit=0
[2026-07-28 15:42:58][DEBUG][SDET] [7] FWHM stats: 1.4 ms (med=2.8869 mad=0.2671)
[2026-07-28 15:42:58][INFO][SDET] FWHM stats: med=2.8869 mad=0.2671 (from 5442 fitted stars)
[2026-07-28 15:42:58][DEBUG][SDET] [8] Build normal stars: 6.2 ms (5000 stars, fit_fail=80 fwhm=0 round=70 reject=372)
[2026-07-28 15:42:58][INFO][SDET] Normal stars: 5000 (fit_fail=80 fwhm=0 roundness=70 reject=372)
[2026-07-28 15:42:58][DEBUG][SDET] [9] Saturated star detection skipped (V4.52: use A>dynrange from peaker): 8.1 ms
[2026-07-28 15:42:58][DEBUG][SDET] [10a] Dedup: 2.5 ms
[2026-07-28 15:42:58][DEBUG][SDET] [10b] Sort: 0.4 ms
[2026-07-28 15:42:58][INFO][SDET] After dedup+sort: 5000 stars (saturated=131 normal=4869)
[2026-07-28 15:42:58][INFO][SDET] sdet_detect_ex done: 2000 stars (sat=131 normal=4869), 0.916 s
[2026-07-28 15:42:58][INFO]   检测到星点: 2000 颗 (饱和 131, 正常 1869)
[2026-07-28 15:42:58][INFO] Step 2.5: 调用 callback 导出 detections (INTERNAL_DETECTION_SHARED_EXPORT)
[2026-07-28 15:42:58][INFO]   callback 完成, 源缓冲区已由 callback 复制
[2026-07-28 15:42:58][INFO] Step 3: 图像侧选星
[2026-07-28 15:42:58][INFO] 选星: 按 mag(box积分) 升序取前 60 颗 (含饱和 60 颗)
[2026-07-28 15:42:58][INFO]   U 向量组: 60×2 (s0=0.9681"/px)
[2026-07-28 15:42:58][INFO] Step 4: FOV/密度计算
[2026-07-28 15:42:58][INFO] FOV计算: s0=0.9681"/px, FOV_diag=1.5578°, query_r=0.8568°, img_area=1.21333°², query_area=2.30614°², rho_img=49.45, rho_target=74.18, n_target=60
[2026-07-28 15:42:58][INFO] Step 5: V4.9 密度公式估算极限星等 (替代迭代)
[2026-07-28 15:42:58][INFO] 密度估算极限星等: G=11.051 (n_required=60, area=2.3061°², rho_target=26.02/°²)
[2026-07-28 15:42:58][INFO] Step 6: 用 m_lim=11.051 查询 Gaia 星表
[2026-07-28 15:42:58][WARN] V4.9 补救查询 1: Gaia 返回 36 < n_target=60, 放宽到 m=12.051
[2026-07-28 15:42:58][INFO] Step 7: Gnomonic 投影 + FOV 过滤
[2026-07-28 15:42:58][INFO]   W 向量组: 44×2 (FOV 内 44, 取最亮 44, gaia_ra/dec 已保存)
[2026-07-28 15:42:58][INFO] === ipv_select_from_memory_with_callback 完成 (INTERNAL_DETECTION_SHARED_EXPORT) ===
[2026-07-28 15:42:58][INFO] === triangle_match 开始: N_U=60, N_W=44, n_A0=60, n_B0=60, tol=0.0020, s0=0.9681 ===
[2026-07-28 15:42:58][INFO] triangle_match: stage=0 nA=60 nB=60 超过实际星数, 停止扩充
[2026-07-28 15:42:58][INFO] triangle_match_single: n_A=60, n_B=44, tol=0.0020, s0=0.9681, scale=[0.8608,1.2912]
[2026-07-28 15:42:58][DEBUG] stars_to_triangles: N=60, expected=34220, valid=34220, skipped_degenerate=0 (并行, 16 线程)
[2026-07-28 15:42:58][DEBUG] stars_to_triangles: prune_triangle_array ba>0.9 剪枝: before=34220, after=24446, pruned=9774
[2026-07-28 15:42:58][DEBUG] stars_to_triangles: N=44, expected=13244, valid=13244, skipped_degenerate=0 (并行, 16 线程)
[2026-07-28 15:42:58][DEBUG] stars_to_triangles: prune_triangle_array ba>0.9 剪枝: before=13244, after=9418, pruned=3826
[2026-07-28 15:42:58][INFO] make_vote_matrix: n_A=24446, n_B=9418, matched_triangles=16728, vote_matrix=60x44, scale_rejected=16515 (range=[0.8608,1.2912]) [并行 16 线程]
[2026-07-28 15:42:58][INFO] top_vote_getters: 矩阵=60x44, 候选对数(vote>=2)=2608, top_n=60
[2026-07-28 15:42:58][INFO] top_vote_getters: V4.25 去重后 top_pairs=44, 去重剔除=2564
[2026-07-28 15:42:58][INFO]   [调试] top[0]: u=31 w=26, votes=561
[2026-07-28 15:42:58][INFO]   [调试] top[1]: u=24 w=32, votes=554
[2026-07-28 15:42:58][INFO]   [调试] top[2]: u=4 w=4, votes=550
[2026-07-28 15:42:58][INFO]   [调试] top[3]: u=8 w=9, votes=540
[2026-07-28 15:42:58][INFO]   [调试] top[4]: u=7 w=12, votes=534
[2026-07-28 15:42:58][INFO]   [调试] top[5]: u=19 w=28, votes=525
[2026-07-28 15:42:58][INFO]   [调试] top[6]: u=14 w=15, votes=524
[2026-07-28 15:42:58][INFO]   [调试] top[7]: u=45 w=27, votes=524
[2026-07-28 15:42:58][INFO]   [调试] top[8]: u=29 w=31, votes=520
[2026-07-28 15:42:58][INFO]   [调试] top[9]: u=28 w=24, votes=519
[2026-07-28 15:42:58][INFO] triangle_match_single 完成: tri_A=24446, tri_B=9418, vote_matrix=60x44, max_vote=561, 候选对数(vote>=2)=2608, top_pairs=44
[2026-07-28 15:42:58][INFO] === triangle_match 结束: tri_A=24446, tri_B=9418, top_pairs=44, max_vote=561, success=1 ===
[2026-07-28 15:42:58][INFO] [P02-002] n_target=60, max_vote=561, threshold=2
[2026-07-28 15:42:58][INFO]   [阶段] triangle_match (n=60): 31.21 ms, max_vote=561, top_pairs=44, success=1
[2026-07-28 15:42:58][INFO]   [阶段] triangle_match: 31.22 ms, n_target_used=60
[2026-07-28 15:42:58][INFO]   N_U=60, N_W=44, s0=0.9681 arcsec/px, img=4096x4096, fov_diag=1.5578 deg
[2026-07-28 15:42:58][INFO] iter_trans_solve: U=60, W=44, initial_pairs=44, tol=5.00, order=3
[2026-07-28 15:42:58][DEBUG] calc_trans_general: order=3, n_pairs=20, 拟合成功
[2026-07-28 15:42:58][INFO] iter_trans_inner: 初始拟合完成, 初始工作集=20, order=3
[2026-07-28 15:42:58][INFO]   [调试] 初始 TRANS: x00=5.0895 y00=1.6072, x10=0.011634 x01=-0.966933 y10=-0.966733 y01=-0.011680
[2026-07-28 15:42:58][INFO]   [调试] 初始对[0]: u=31 w=26, U=(682.09,-304.04), W=(306.79,-654.10), pred=(306.88,-653.94), dist=0.1900" (dx=0.10 dy=0.16)
[2026-07-28 15:42:58][INFO]   [调试] 初始对[1]: u=24 w=32, U=(816.28,330.79), W=(-305.05,-790.81), pred=(-305.08,-790.90), dist=0.0948" (dx=-0.03 dy=-0.09)
[2026-07-28 15:42:58][INFO]   [调试] 初始对[2]: u=4 w=4, U=(-1744.10,681.12), W=(-671.15,1673.44), pred=(-671.20,1673.30), dist=0.1500" (dx=-0.06 dy=-0.14)
[2026-07-28 15:42:58][INFO]   [调试] 初始对[3]: u=8 w=9, U=(447.25,-736.17), W=(721.84,-421.67), pred=(721.58,-421.87), dist=0.3328" (dx=-0.26 dy=-0.21)
[2026-07-28 15:42:58][INFO]   [调试] 初始对[4]: u=7 w=12, U=(-174.90,-1877.09), W=(1811.82,192.23), pred=(1811.57,192.00), dist=0.3383" (dx=-0.25 dy=-0.23)
[2026-07-28 15:42:58][INFO]   [调试] 初始对[5]: u=19 w=28, U=(622.31,-1289.36), W=(1256.52,-583.81), pred=(1256.44,-583.71), dist=0.1309" (dx=-0.08 dy=0.10)
[2026-07-28 15:42:58][INFO] iter_trans_inner: V4.23 工作集扩展 20->44 (nr=nbright)
[2026-07-28 15:42:58][DEBUG] iter 0: 绝对剔除 nr=44→41, nb=3
[2026-07-28 15:42:58][INFO] iter 0: V4.28 tol 预过滤 41→40 (tol=5.00", 剔除中等错配 1 对)
[2026-07-28 15:42:58][DEBUG] iter 0: sigma(35%)=0.027511 角秒²
[2026-07-28 15:42:58][DEBUG] iter 0: 相对剔除 nr=34, nb=10, rel_thresh=0.275106
[2026-07-28 15:42:58][DEBUG] calc_trans_general: order=3, n_pairs=34, 拟合成功
[2026-07-28 15:42:58][INFO] iter_trans_inner: 完成, nr=34, sig=0.0295, rms=0.1832, iters=1, success=1
[2026-07-28 15:42:58][INFO] iter_trans_solve: 第一轮 iter_trans 成功, inliers=34, rms=0.1832
[2026-07-28 15:42:58][INFO] at_match_lists: U=60, W=44, tol=5.00", U→W单向=40, W→U单向=40, 双向=40, 去重后=40
[2026-07-28 15:42:58][DEBUG] calc_trans_general: order=3, n_pairs=40, 拟合成功
[2026-07-28 15:42:58][INFO] at_recalc_trans: 二轮 sigma-clip (thresh=0.766", 剔除=1, 保留=39)
[2026-07-28 15:42:58][DEBUG] calc_trans_general: order=3, n_pairs=39, 拟合成功
[2026-07-28 15:42:58][INFO] at_recalc_trans: 二轮完成, n=39, sig=0.0558, sx=0.1698, sy=0.1352, rms=0.2617
[2026-07-28 15:42:58][INFO] at_recalc_trans: n=39, order=3, sig=0.0558, sx=0.1698, sy=0.1352, rms=0.2617
[2026-07-28 15:42:58][INFO] iter_trans_solve: 第一轮 refit 成功, inliers=39, rms=0.2617
[2026-07-28 15:42:58][INFO] at_match_lists: U=60, W=44, tol=5.00", U→W单向=40, W→U单向=40, 双向=40, 去重后=40
[2026-07-28 15:42:58][DEBUG] calc_trans_general: order=3, n_pairs=40, 拟合成功
[2026-07-28 15:42:58][INFO] at_recalc_trans: 二轮 sigma-clip (thresh=0.766", 剔除=1, 保留=39)
[2026-07-28 15:42:58][DEBUG] calc_trans_general: order=3, n_pairs=39, 拟合成功
[2026-07-28 15:42:58][INFO] at_recalc_trans: 二轮完成, n=39, sig=0.0558, sx=0.1698, sy=0.1352, rms=0.2617
[2026-07-28 15:42:58][INFO] at_recalc_trans: n=39, order=3, sig=0.0558, sx=0.1698, sy=0.1352, rms=0.2617
[2026-07-28 15:42:58][INFO] iter_trans_solve: 第二轮 refit 成功, inliers=39, rms=0.2617
[2026-07-28 15:42:58][INFO]   [阶段] iter_trans_solve: 0.36 ms, n_inliers=39, rms=0.2617, iters=3, success=1
[2026-07-28 15:42:58][INFO]   [诊断] iterative_reproject 入口: U.size=60, gaia_ra.size=44, gaia_dec.size=44, initial_inliers.size=39, s0=0.9681, img=4096x4096
[2026-07-28 15:42:58][INFO] iterative_reproject: 开始 (N_W=44, n_inliers=39, s0=0.9681"/px, max_iter=5, conv_thresh=0.0100")
[2026-07-28 15:42:58][INFO]   iter 0: ra_cur=248.608333 dec_cur=-15.759722, xi_center=5.1081" eta_center=1.5873", conv=5.3490" (thresh=0.0100")
[2026-07-28 15:42:58][INFO]   iter 0: 新中心 ra=248.609808 dec=-15.759281 (Δra=0.001474° Δdec=0.000441°)
[2026-07-28 15:42:58][DEBUG] calc_trans_general: order=3, n_pairs=39, 拟合成功
[2026-07-28 15:42:58][INFO] at_recalc_trans: 二轮 sigma-clip (thresh=0.709", 剔除=1, 保留=38)
[2026-07-28 15:42:58][DEBUG] calc_trans_general: order=3, n_pairs=38, 拟合成功
[2026-07-28 15:42:58][INFO] at_recalc_trans: 二轮完成, n=38, sig=0.0437, sx=0.1367, sy=0.1366, rms=0.2272
[2026-07-28 15:42:58][INFO] at_recalc_trans: n=38, order=3, sig=0.0437, sx=0.1367, sy=0.1366, rms=0.2272
[2026-07-28 15:42:58][INFO]   iter 0: at_recalc_trans 成功, n=38, sig=0.0437, rms=0.2272, x00=-0.0009 y00=-0.0000 (asec)
[2026-07-28 15:42:58][INFO]   iter 1: 收敛 (TRANS 常数项 = 0.0009" < 0.0100")
[2026-07-28 15:42:58][INFO] iterative_reproject: 完成 (收敛), ra=248.608333→248.609808 dec=-15.759722→-15.759281, n_matched=39 (固定), iters=1, conv=0.0009"
[2026-07-28 15:42:58][INFO]   [阶段] iterative_reproject: 0.26 ms, success=1, ra=248.608333→248.609808, dec=-15.759722→-15.759281, n_matched=39, iters=1, conv=0.0009"
[2026-07-28 15:42:58][INFO] at_match_lists: U=60, W=44, tol=5.00", U→W单向=40, W→U单向=40, 双向=40, 去重后=40
[2026-07-28 15:42:58][INFO]   [阶段] hi_order_rematch iter 0: n_matched=40 (min=10, order=3)
[2026-07-28 15:42:58][DEBUG] calc_trans_general: order=3, n_pairs=40, 拟合成功
[2026-07-28 15:42:58][INFO] at_recalc_trans: 二轮 sigma-clip (thresh=0.766", 剔除=1, 保留=39)
[2026-07-28 15:42:58][DEBUG] calc_trans_general: order=3, n_pairs=39, 拟合成功
[2026-07-28 15:42:58][INFO] at_recalc_trans: 二轮完成, n=39, sig=0.0558, sx=0.1698, sy=0.1352, rms=0.2617
[2026-07-28 15:42:58][INFO] at_recalc_trans: n=39, order=3, sig=0.0558, sx=0.1698, sy=0.1352, rms=0.2617
[2026-07-28 15:42:58][INFO] at_match_lists: U=60, W=44, tol=5.00", U→W单向=40, W→U单向=40, 双向=40, 去重后=40
[2026-07-28 15:42:58][DEBUG] calc_trans_general: order=3, n_pairs=40, 拟合成功
[2026-07-28 15:42:58][INFO] at_recalc_trans: 二轮 sigma-clip (thresh=0.766", 剔除=1, 保留=39)
[2026-07-28 15:42:58][DEBUG] calc_trans_general: order=3, n_pairs=39, 拟合成功
[2026-07-28 15:42:58][INFO] at_recalc_trans: 二轮完成, n=39, sig=0.0558, sx=0.1698, sy=0.1352, rms=0.2617
[2026-07-28 15:42:58][INFO] at_recalc_trans: n=39, order=3, sig=0.0558, sx=0.1698, sy=0.1352, rms=0.2617
[2026-07-28 15:42:58][INFO]   [阶段] hi_order_rematch iter 1: 收敛 (dn=0, drms=0.0000)
[2026-07-28 15:42:58][INFO]   [阶段] hi_order_rematch: 0.15 ms, n_matched=40, trans.order=3
[2026-07-28 15:42:58][INFO] ==== robust_refine_wcs 开始 (V4.30) ====
  U_full=2000, mag_full=2000, gaia=44
  ra0=248.609808, dec0=-15.759281, s0=0.9681"/px, fov=1.5578°, img=4096x4096
  initial_rms=0.0558", trans.order=3
[2026-07-28 15:42:58][INFO]   [robust_refine] 网格采样: FOV=1.558°, G_short=3, N_long=3, n_cells=9, quota=20, narrow_all=0, N_full=2000
[2026-07-28 15:42:58][INFO]   [robust_refine] 网格采样完成: 选中 180 颗 (上限 300, 下限 100)
[2026-07-28 15:42:58][INFO]   [robust_refine] NN 匹配: U=180, W=44, tol=1.000", Lowe通过=40, 双向=40
[2026-07-28 15:42:58][INFO]   [robust_refine] baseline: initial_rms=0.0558" (60星), U_pool RMS=0.2608" (180 星, matched=40)
[2026-07-28 15:42:58][INFO]   [robust_refine] NN 匹配: U=180, W=44, tol=1.000", Lowe通过=40, 双向=40
[2026-07-28 15:42:58][INFO]   [robust_refine] 空间一致性: 3/40 可疑 (K=8, σ=0.083")
[2026-07-28 15:42:58][INFO]   [robust_refine] iter 0: tol=1.000", matched=40, rms=0.2608"→0.2772", cd_Δ=0.3995%, damp=0.00e+00
[2026-07-28 15:42:58][INFO]   [robust_refine] NN 匹配: U=180, W=44, tol=0.500", Lowe通过=36, 双向=36
[2026-07-28 15:42:58][INFO]   [robust_refine] 空间一致性: 1/36 可疑 (K=8, σ=0.141")
[2026-07-28 15:42:58][INFO]   [robust_refine] iter 1: tol=0.500", matched=36, rms=0.2772"→0.1490", cd_Δ=0.0911%, damp=0.00e+00
[2026-07-28 15:42:58][INFO]   [robust_refine] NN 匹配: U=180, W=44, tol=0.500", Lowe通过=36, 双向=36
[2026-07-28 15:42:58][INFO]   [robust_refine] 空间一致性: 1/36 可疑 (K=8, σ=0.143")
[2026-07-28 15:42:58][INFO]   [robust_refine] iter 2: tol=0.500", matched=36, rms=0.1490"→0.1597", cd_Δ=0.0880%, damp=0.00e+00
2026-07-28 15:42:58,433 [INFO] wcs_closure_v3: 权威 inlier: n=32 (来自 IPVSolver.get_last_inliers)
2026-07-28 15:42:58,434 [INFO] wcs_closure_v3: [A 层 内部 TRANS 预测] n=32, p68=0.1085 px, p90=0.1526 px, p99=0.2293 px
2026-07-28 15:42:58,437 [INFO] wcs_closure_v3: [B 层 预剔除诊断] n=32, CRPIX_0based=(2048.50,2048.50), det_xy range=[47.1,444.1]~[3956.3,3917.8], ext_pred range=[47.3,444.1]~[3956.3,3917.8], ext_dist: median=0.1248 p68=0.1481 p90=0.1847 p99=0.2480 max=0.2485
2026-07-28 15:42:58,438 [INFO] wcs_closure: Siril 迭代剔除完成: 1 次迭代, 保留 32/32, final p68=0.1491 px
2026-07-28 15:42:58,438 [INFO] wcs_closure_v3: Siril 剔除后保留: 32/32 对 (剔除 0)
2026-07-28 15:42:58,439 [INFO] wcs_closure_v3: [B 层 外部 WCS 回投] n=32, p68=0.1491 px, p90=0.1847 px, p99=0.2480 px
2026-07-28 15:42:58,439 [INFO] wcs_closure_v3: [A vs B 预测差] delta_dist: median=1685.9681 px, p90=3769.2035 px, max=4746.0977 px
2026-07-28 15:42:58,448 [INFO] wcs_closure_v3: 权威星对已保存 (JSONL): engineering_v1.3\evidence\P11-004\reports/gate_v2_post_repair\T2_GREEN_LDN43\matched_pairs_authoritative.jsonl (n=32)
2026-07-28 15:42:58,450 [INFO] wcs_closure_v3: 闭环报告已保存: engineering_v1.3\evidence\P11-004\reports/gate_v2_post_repair\T2_GREEN_LDN43\closure_report.json
2026-07-28 15:42:58,450 [INFO] wcs_closure_v3: [Gate] p68=0.1491 (<=0.75:True) p90=0.1847 (<=1.5:True) p99=0.2480 (<=3.0:True) n=32 (>=5:True) => PASS
2026-07-28 15:42:59,276 [INFO] wcs_closure: 残差图已保存: engineering_v1.3\evidence\P11-004\reports/gate_v2_post_repair\T2_GREEN_LDN43\residual_plot.png
2026-07-28 15:42:59,493 [INFO] wcs_closure: 四象限分布图已保存: engineering_v1.3\evidence\P11-004\reports/gate_v2_post_repair\T2_GREEN_LDN43\quadrant_plot.png
2026-07-28 15:42:59,493 [INFO] wcs_closure_v3: 权威星对诊断完成: LDN43_LRGBH_flying_dutchman-20250503@034804-1200S-Green (耗时 1.12s)
2026-07-28 15:42:59,495 [INFO] wcs_closure_v3: ======================================================================
2026-07-28 15:42:59,495 [INFO] wcs_closure_v3: P11-004 v3.0 权威星对诊断: LDN43_LRGBH_flying_dutchman-20250503@040855-1200S-Blue
2026-07-28 15:42:59,496 [INFO] wcs_closure_v3: FITS: F:/Astro dev/Astro CS Normalization Database/testdata/LDN43_T2素材_flying_dutchman/lights/LDN43_LRGBH_flying_dutchman-20250503@040855-1200S-Blue.fts
2026-07-28 15:42:59,496 [INFO] wcs_closure_v3: MODE: authoritative_pairs (kd-tree rematch DISABLED)
2026-07-28 15:42:59,496 [INFO] wcs_closure: 读取 FITS: F:/Astro dev/Astro CS Normalization Database/testdata/LDN43_T2素材_flying_dutchman/lights/LDN43_LRGBH_flying_dutchman-20250503@040855-1200S-Blue.fts
2026-07-28 15:42:59,554 [INFO] wcs_closure: 图像尺寸: 4096x4096
[2026-07-28 15:42:58][INFO]   [robust_refine] NN 匹配: U=180, W=44, tol=0.300", Lowe通过WARNING: FITSFixedWarning: 'datfix' made the change 'Set MJD-OBS to 60798.172963 from DATE-OBS'. [astropy.wcs.wcs]
2026-07-28 15:42:59,568 [WARNING] astropy: FITSFixedWarning: 'datfix' made the change 'Set MJD-OBS to 60798.172963 from DATE-OBS'.
2026-07-28 15:42:59,568 [INFO] wcs_closure: WCS 构建: has_sip=True sip_order=3 ctype=['RA---TAN-SIP', 'DEC--TAN-SIP'] crpix=(2048.500,2048.500) crval=(248.610000,-15.759486)
[2026-07-28 15:42:59] [INFO] [MainThread] solve_and_write_wcs: ============================================================
[2026-07-28 15:42:59] [INFO] [MainThread] solve_and_write_wcs: 读取 FITS 头: F:/Astro dev/Astro CS Normalization Database/testdata/LDN43_T2素材_flying_dutchman/lights/LDN43_LRGBH_flying_dutchman-20250503@040855-1200S-Blue.fts
[2026-07-28 15:42:59] [INFO] [MainThread] solve_and_write_wcs: FITS 头值: OBJCTRA=16 34 26.00, OBJCTDEC=-15 45 35.0, FOCALLEN=1917.7, XPIXSZ=9.0
[2026-07-28 15:42:59] [INFO] [MainThread] solve_and_write_wcs: OBJCTRA=16 34 26.00 -> ra0=248.608333 度
[2026-07-28 15:42:59] [INFO] [MainThread] solve_and_write_wcs: OBJCTDEC=-15 45 35.0 -> dec0=-15.759722 度
[2026-07-28 15:42:59] [INFO] [MainThread] solve_and_write_wcs: 使用传入值 focal_length=1917.70 mm
[2026-07-28 15:42:59] [INFO] [MainThread] solve_and_write_wcs: 使用传入值 pixel_size=9.0000 um
[2026-07-28 15:42:59] [INFO] [MainThread] solve_and_write_wcs: ============================================================
2026-07-28 15:42:59,570 [INFO] wcs_closure_v3: 重跑 PlateSolve 以填充权威 inlier 缓存...
=34, 双向=34
[2026-07-28 15:42:58][INFO]   [robust_refine] iter 3: tol=0.300", matched=34, rms=0.1597"→0.1164", cd_Δ=0.0050%, damp=0.00e+00
[2026-07-28 15:42:58][INFO]   [robust_refine] NN 匹配: U=180, W=44, tol=0.300", Lowe通过=34, 双向=34
[2026-07-28 15:42:58][INFO]   [robust_refine] iter 4: tol=0.300", matched=34, rms=0.1164"→0.1171", cd_Δ=0.0290%, damp=0.00e+00
[2026-07-28 15:42:58][INFO]   [robust_refine] NN 匹配: U=180, W=44, tol=0.300", Lowe通过=34, 双向=34
[2026-07-28 15:42:58][INFO]   [robust_refine] iter 5: tol=0.300", matched=34, rms=0.1171"→0.1183", cd_Δ=0.0503%, damp=0.00e+00
[2026-07-28 15:42:58][INFO]   [robust_refine] NN 匹配: U=180, W=44, tol=0.300", Lowe通过=34, 双向=34
[2026-07-28 15:42:58][INFO]   [robust_refine] iter 6: tol=0.300", matched=34, rms=0.1183"→0.1201", cd_Δ=0.0575%, damp=0.00e+00
[2026-07-28 15:42:58][INFO]   [robust_refine] NN 匹配: U=180, W=44, tol=0.300", Lowe通过=33, 双向=33
[2026-07-28 15:42:58][INFO]   [robust_refine] iter 7: tol=0.300", matched=33, rms=0.1201"→0.1116", cd_Δ=0.0518%, damp=0.00e+00
[2026-07-28 15:42:58][INFO]   [robust_refine] NN 匹配: U=180, W=44, tol=0.300", Lowe通过=33, 双向=33
[2026-07-28 15:42:58][INFO]   [robust_refine] 空间一致性: 1/33 可疑 (K=8, σ=0.135")
[2026-07-28 15:42:58][INFO]   [robust_refine] iter 8: tol=0.300", matched=33, rms=0.1116"→0.1221", cd_Δ=0.1107%, damp=0.00e+00
[2026-07-28 15:42:58][INFO]   [robust_refine] NN 匹配: U=180, W=44, tol=0.300", Lowe通过=32, 双向=32
[2026-07-28 15:42:58][INFO]   [robust_refine] iter 9: tol=0.300", matched=32, rms=0.1221"→0.0995", cd_Δ=0.0595%, damp=0.00e+00
[2026-07-28 15:42:58][INFO]   [robust_refine] 达到最大迭代次数 10
[2026-07-28 15:42:58][INFO] ==== robust_refine_wcs 成功 ====
  iter=10, matched=32, rms=0.0995" (0.1028 px), cd_Δ=0.3995%, pool=180
[2026-07-28 15:42:58][INFO]   [阶段] robust_refine: 成功, n_matched=32, rms=0.0995", iter=10, pool=180, cd_Δ=0.3995%
[2026-07-28 15:42:58][INFO]   [阶段] robust_refine: 1.05 ms
[2026-07-28 15:42:58][INFO]   [诊断] extract_wcs_sip 入口: trans.order=3, trans.valid=1, ra0=248.609808, dec0=-15.759281, img=4096x4096, s0=0.9681, U.size=2000, W.size=44, matched.size=32
[2026-07-28 15:42:58][INFO]   [V4.22] 清零 trans.x00/y00 (saved: x00=-0.0098, y00=-0.0891)
[2026-07-28 15:42:58][INFO] extract_wcs_sip: SIP A/B 解析公式成功, order=3
[2026-07-28 15:42:58][INFO] extract_wcs_sip: SIP AP/BP 网格反变换成功, ap_order=3, n_inv_coef=10, n_grid=49
[2026-07-28 15:42:58][INFO] extract_wcs_sip: CD=[3.212388e-06 2.685793e-04; -2.685772e-04 3.289604e-06], CRVAL=(248.609808, -15.759281), CRPIX=(2048.5, 2048.5), ctype=[RA---TAN-SIP, DEC--TAN-SIP], n_pairs=32, rms_px=0.1028, rms_arcsec=0.0995, trans_order=3, sip_order=3, ap_order=3
[2026-07-28 15:42:58][INFO]   [阶段] extract_wcs_sip: 0.06 ms, success=1, n_pairs=32, rms_px=0.103, rms_arcsec=0.100, trans_order=3, sip_order=3
[2026-07-28 15:42:58][INFO]   最终: n_pairs=32, rms_px=0.103, rms_arcsec=0.100, trans_order=3, sip_order=3, success=1
[2026-07-28 15:42:58][INFO]   [cache_last_inliers_] 缓存 32 对 inliers (robust=1, s0=0.9681", U_snap.size=2000, gaia.size=44, trans.order=3, ra0=248.609808, dec0=-15.759281)
[2026-07-28 15:42:58][INFO] ==== IPVSolver::solve_from_memory_with_callback 完成 (INTERNAL_DETECTION_SHARED_EXPORT) ====
[2026-07-28 15:42:59][INFO] ==== IPVSolver::solve_from_memory_with_callback 开始 (INTERNAL_DETECTION_SHARED_EXPORT) ====
[2026-07-28 15:42:59][INFO]   pixels=4096x4096 (内存数据)
[2026-07-28 15:42:59][INFO]   ra0=248.608333 deg, dec0=-15.759722 deg
[2026-07-28 15:42:59][INFO]   focal_length=1917.700 mm, pixel_size=9.000 um
[2026-07-28 15:42:59][INFO]   callback=ENABLED
[2026-07-28 15:42:59][INFO] === ipv_select_from_memory_with_callback 启动 (INTERNAL_DETECTION_SHARED_EXPORT) ===
[2026-07-28 15:42:59][INFO] Step 1: 使用内存像素数据 4096×4096
[2026-07-28 15:42:59][INFO] Step 2: 星点检测 (sdet_detect_ex)
[2026-07-28 15:42:59][INFO][SDET] sdet_detect_ex start: 4096x4096
[2026-07-28 15:42:59][DEBUG][SDET] [1] uint16→float: 16.0 ms
[2026-07-28 15:42:59][DEBUG][SDET] [2] Gaussian YvV smooth (sigma=2.0): 118.1 ms
[2026-07-28 15:43:00][INFO][SDET] peaker: median=1653.0000 bgnoise=24.5366 threshold=1775.6831 (median+5*bgnoise)
[2026-07-28 15:43:00][DEBUG][SDET] [3] Threshold: 329.9 ms
[2026-07-28 15:43:00][INFO][SDET] peaker: bg=1653.0 maxi=65535.0 norm=65535.0 dynrange=63882.0 minsatlevel=44717.4 satrange=6388.2 s_factor=3.7169 locthreshold=122.6831
[2026-07-28 15:43:00][DEBUG][SDET] [4] peaker: 43.6 ms (4678 candidates, full peaker 7-step)
[2026-07-28 15:43:00][INFO][SDET] Candidates: 4678
[2026-07-28 15:43:00][INFO][SDET] Peaker stages: pass_threshold=428261 pass_localmax=8778 pass_count3=5729 pass_boundary=5729 | cond_meanhigh=74 cond_platform=5289 sat_both=36 nonsat=5693
[2026-07-28 15:43:00][INFO][SDET] Auto fitRadius: med_pixels=52 fwhm_est=3.54 auto_radius=10 actual=10
[2026-07-28 15:43:00][INFO][SDET] Task6 candidates sorted by mag_est (desc): maxstars=2000 candidates=4678
[2026-07-28 15:43:00][DEBUG][SDET] [6] Moffat4 fit: 345.4 ms (4587/4678 OK)
[2026-07-28 15:43:00][INFO][SDET] Moffat4 fit: 4587/4678 OK
[2026-07-28 15:43:00][INFO][SDET] === Fit statistics by pixel count ===
[2026-07-28 15:43:00][INFO][SDET]   px[5-9]: total=87 ok=83(95.4%) invalid=0 noconv=4 iterlimit=0
[2026-07-28 15:43:00][INFO][SDET]   px[10-19]: total=466 ok=450(96.6%) invalid=0 noconv=16 iterlimit=0
[2026-07-28 15:43:00][INFO][SDET]   px[20-49]: total=1504 ok=1471(97.8%) invalid=0 noconv=33 iterlimit=0
[2026-07-28 15:43:00][INFO][SDET]   px[50-99]: total=1393 ok=1373(98.6%) invalid=0 noconv=20 iterlimit=0
[2026-07-28 15:43:00][INFO][SDET]   px[100-299]: total=1015 ok=1002(98.7%) invalid=0 noconv=13 iterlimit=0
[2026-07-28 15:43:00][DEBUG][SDET] [7] FWHM stats: 0.4 ms (med=3.0251 mad=0.2868)
[2026-07-28 15:43:00][INFO][SDET] FWHM stats: med=3.0251 mad=0.2868 (from 4587 fitted stars)
[2026-07-28 15:43:00][DEBUG][SDET] [8] Build normal stars: 3.8 ms (4126 stars, fit_fail=91 fwhm=0 round=69 reject=392)
[2026-07-28 15:43:00][INFO][SDET] Normal stars: 4126 (fit_fail=91 fwhm=0 roundness=69 reject=392)
[2026-07-28 15:43:00][DEBUG][SDET] [9] Saturated star detection skipped (V4.52: use A>dynrange from peaker): 0.1 ms
[2026-07-28 15:43:00][DEBUG][SDET] [10a] Dedup: 1.3 ms
[2026-07-28 15:43:00][DEBUG][SDET] [10b] Sort: 0.3 ms
[2026-07-28 15:43:00][INFO][SDET] After dedup+sort: 4126 stars (saturated=82 normal=4044)
[2026-07-28 15:43:00][INFO][SDET] sdet_detect_ex done: 2000 stars (sat=82 normal=4044), 0.859 s
[2026-07-28 15:43:00][INFO]   检测到星点: 2000 颗 (饱和 82, 正常 1918)
[2026-07-28 15:43:00][INFO] Step 2.5: 调用 callback 导出 detections (INTERNAL_DETECTION_SHARED_EXPORT)
[2026-07-28 15:43:00][INFO]   callback 完成, 源缓冲区已由 callback 复制
[2026-07-28 15:43:00][INFO] Step 3: 图像侧选星
[2026-07-28 15:43:00][INFO] 选星: 按 mag(box积分) 升序取前 60 颗 (含饱和 59 颗)
[2026-07-28 15:43:00][INFO]   U 向量组: 60×2 (s0=0.9680"/px)
[2026-07-28 15:43:00][INFO] Step 4: FOV/密度计算
[2026-07-28 15:43:00][INFO] FOV计算: s0=0.9680"/px, FOV_diag=1.5576°, query_r=0.8567°, img_area=1.21308°², query_area=2.30566°², rho_img=49.46, rho_target=74.19, n_target=60
[2026-07-28 15:43:00][INFO] Step 5: V4.9 密度公式估算极限星等 (替代迭代)
[2026-07-28 15:43:00][INFO] 密度估算极限星等: G=11.051 (n_required=60, area=2.3057°², rho_target=26.02/°²)
[2026-07-28 15:43:00][INFO] Step 6: 用 m_lim=11.051 查询 Gaia 星表
[2026-07-28 15:43:00][WARN] V4.9 补救查询 1: Gaia 返回 36 < n_target=60, 放宽到 m=12.051
[2026-07-28 15:43:00][INFO] Step 7: Gnomonic 投影 + FOV 过滤
[2026-07-28 15:43:00][INFO]   W 向量组: 44×2 (FOV 内 44, 取最亮 44, gaia_ra/dec 已保存)
[2026-07-28 15:43:00][INFO] === ipv_select_from_memory_with_callback 完成 (INTERNAL_DETECTION_SHARED_EXPORT) ===
[2026-07-28 15:43:00][INFO] === triangle_match 开始: N_U=60, N_W=44, n_A0=60, n_B0=60, tol=0.0020, s0=0.9680 ===
[2026-07-28 15:43:00][INFO] triangle_match: stage=0 nA=60 nB=60 超过实际星数, 停止扩充
[2026-07-28 15:43:00][INFO] triangle_match_single: n_A=60, n_B=44, tol=0.0020, s0=0.9680, scale=[0.8609,1.2913]
[2026-07-28 15:43:00][DEBUG] stars_to_triangles: N=60, expected=34220, valid=34220, skipped_degenerate=0 (并行, 16 线程)
[2026-07-28 15:43:00][DEBUG] stars_to_triangles: prune_triangle_array ba>0.9 剪枝: before=34220, after=24161, pruned=10059
[2026-07-28 15:43:00][DEBUG] stars_to_triangles: N=44, expected=13244, valid=13244, skipped_degenerate=0 (并行, 16 线程)
[2026-07-28 15:43:00][DEBUG] stars_to_triangles: prune_triangle_array ba>0.9 剪枝: before=13244, after=9418, pruned=3826
[2026-07-28 15:43:00][INFO] make_vote_matrix: n_A=24161, n_B=9418, matched_triangles=15256, vote_matrix=60x44, scale_rejected=16140 (range=[0.8609,1.2913]) [并行 16 线程]
[2026-07-28 15:43:00][INFO] top_vote_getters: 矩阵=60x44, 候选对数(vote>=2)=2605, top_n=60
[2026-07-28 15:43:00][INFO] top_vote_getters: V4.25 去重后 top_pairs=44, 去重剔除=2561
[2026-07-28 15:43:00][INFO]   [调试] top[0]: u=45 w=26, votes=494
[2026-07-28 15:43:00][INFO]   [调试] top[1]: u=21 w=32, votes=490
[2026-07-28 15:43:00][INFO]   [调试] top[2]: u=6 w=4, votes=477
[2026-07-28 15:43:00][INFO]   [调试] top[3]: u=9 w=9, votes=477
[2026-07-28 15:43:00][INFO]   [调试] top[4]: u=7 w=12, votes=467
[2026-07-28 15:43:00][INFO]   [调试] top[5]: u=18 w=15, votes=461
[2026-07-28 15:43:00][INFO]   [调试] top[6]: u=13 w=28, votes=460
[2026-07-28 15:43:00][INFO]   [调试] top[7]: u=34 w=31, votes=457
[2026-07-28 15:43:00][INFO]   [调试] top[8]: u=38 w=24, votes=454
[2026-07-28 15:43:00][INFO]   [调试] top[9]: u=5 w=5, votes=452
[2026-07-28 15:43:00][INFO] triangle_match_single 完成: tri_A=24161, tri_B=9418, vote_matrix=60x44, max_vote=494, 候选对数(vote>=2)=2605, top_pairs=44
[2026-07-28 15:43:00][INFO] === triangle_match 结束: tri_A=24161, tri_B=9418, top_pairs=44, max_vote=494, success=1 ===
[2026-07-28 15:43:00][INFO] [P02-002] n_target=60, max_vote=494, threshold=2
[2026-07-28 15:43:00][INFO]   [阶段] triangle_match (n=60): 26.54 ms, max_vote=494, top_pairs=44, success=1
[2026-07-28 15:43:00][INFO]   [阶段] triangle_match: 26.55 ms, n_target_used=60
[2026-07-28 15:43:00][INFO]   N_U=60, N_W=44, s0=0.9680 arcsec/px, img=4096x4096, fov_diag=1.5576 deg
[2026-07-28 15:43:00][INFO] iter_trans_solve: U=60, W=44, initial_pairs=44, tol=5.00, order=3
[2026-07-28 15:43:00][DEBUG] calc_trans_general: order=3, n_pairs=20, 拟合成功
[2026-07-28 15:43:00][INFO] iter_trans_inner: 初始拟合完成, 初始工作集=20, order=3
[2026-07-28 15:43:00][INFO]   [调试] 初始 TRANS: x00=5.8257 y00=0.7939, x10=0.011805 x01=-0.966435 y10=-0.966667 y01=-0.011826
[2026-07-28 15:43:00][INFO]   [调试] 初始对[0]: u=45 w=26, U=(681.42,-303.31), W=(306.79,-654.10), pred=(306.91,-654.03), dist=0.1427" (dx=0.12 dy=0.08)
[2026-07-28 15:43:00][INFO]   [调试] 初始对[1]: u=21 w=32, U=(815.58,331.76), W=(-305.05,-790.81), pred=(-304.96,-791.00), dist=0.2100" (dx=0.09 dy=-0.19)
[2026-07-28 15:43:00][INFO]   [调试] 初始对[2]: u=6 w=4, U=(-1745.21,681.67), W=(-671.15,1673.44), pred=(-671.08,1673.32), dist=0.1420" (dx=0.07 dy=-0.12)
[2026-07-28 15:43:00][INFO]   [调试] 初始对[3]: u=9 w=9, U=(446.58,-735.43), W=(721.84,-421.67), pred=(721.45,-421.91), dist=0.4601" (dx=-0.39 dy=-0.24)
[2026-07-28 15:43:00][INFO]   [调试] 初始对[4]: u=7 w=12, U=(-175.49,-1876.65), W=(1811.82,192.23), pred=(1811.68,192.09), dist=0.1936" (dx=-0.14 dy=-0.13)
[2026-07-28 15:43:00][INFO]   [调试] 初始对[5]: u=18 w=15, U=(1910.47,617.56), W=(-566.47,-1846.52), pred=(-566.41,-1846.41), dist=0.1304" (dx=0.07 dy=0.11)
[2026-07-28 15:43:00][INFO] iter_trans_inner: V4.23 工作集扩展 20->44 (nr=nbright)
[2026-07-28 15:43:00][DEBUG] iter 0: 绝对剔除 nr=44→37, nb=7
[2026-07-28 15:43:00][DEBUG] iter 0: sigma(35%)=0.020160 角秒²
[2026-07-28 15:43:00][DEBUG] iter 0: 相对剔除 nr=28, nb=16, rel_thresh=0.201598
[2026-07-28 15:43:00][DEBUG] calc_trans_general: order=3, n_pairs=28, 拟合成功
[2026-07-28 15:43:00][INFO] iter_trans_inner: 完成, nr=28, sig=0.0236, rms=0.1594, iters=1, success=1
[2026-07-28 15:43:00][INFO] iter_trans_solve: 第一轮 iter_trans 成功, inliers=28, rms=0.1594
[2026-07-28 15:43:00][INFO] at_match_lists: U=60, W=44, tol=5.00", U→W单向=37, W→U单向=37, 双向=37, 去重后=37
[2026-07-28 15:43:00][DEBUG] calc_trans_general: order=3, n_pairs=37, 拟合成功
[2026-07-28 15:43:00][INFO] at_recalc_trans: 二轮 sigma-clip (thresh=0.955", 剔除=1, 保留=36)
[2026-07-28 15:43:00][DEBUG] calc_trans_general: order=3, n_pairs=36, 拟合成功
[2026-07-28 15:43:00][INFO] at_recalc_trans: 二轮完成, n=36, sig=0.0684, sx=0.1855, sy=0.1329, rms=0.2709
[2026-07-28 15:43:00][INFO] at_recalc_trans: n=36, order=3, sig=0.0684, sx=0.1855, sy=0.1329, rms=0.2709
[2026-07-28 15:43:00][INFO] iter_trans_solve: 第一轮 refit 成功, inliers=36, rms=0.2709
[2026-07-28 15:43:00][INFO] at_match_lists: U=60, W=44, tol=5.00", U→W单向=37, W→U单向=37, 双向=37, 去重后=37
[2026-07-28 15:43:00][DEBUG] calc_trans_general: order=3, n_pairs=37, 拟合成功
[2026-07-28 15:43:00][INFO] at_recalc_trans: 二轮 sigma-clip (thresh=0.955", 剔除=1, 保留=36)
[2026-07-28 15:43:00][DEBUG] calc_trans_general: order=3, n_pairs=36, 拟合成功
[2026-07-28 15:43:00][INFO] at_recalc_trans: 二轮完成, n=36, sig=0.0684, sx=0.1855, sy=0.1329, rms=0.2709
[2026-07-28 15:43:00][INFO] at_recalc_trans: n=36, order=3, sig=0.0684, sx=0.1855, sy=0.1329, rms=0.2709
[2026-07-28 15:43:00][INFO] iter_trans_solve: 第二轮 refit 成功, inliers=36, rms=0.2709
[2026-07-28 15:43:00][INFO]   [阶段] iter_trans_solve: 0.26 ms, n_inliers=36, rms=0.2709, iters=3, success=1
[2026-07-28 15:43:00][INFO]   [诊断] iterative_reproject 入口: U.size=60, gaia_ra.size=44, gaia_dec.size=44, initial_inliers.size=36, s0=0.9680, img=4096x4096
[2026-07-28 15:43:00][INFO] iterative_reproject: 开始 (N_W=44, n_inliers=36, s0=0.9680"/px, max_iter=5, conv_thresh=0.0100")
[2026-07-28 15:43:00][INFO]   iter 0: ra_cur=248.608333 dec_cur=-15.759722, xi_center=5.7745" eta_center=0.8489", conv=5.8366" (thresh=0.0100")
[2026-07-28 15:43:00][INFO]   iter 0: 新中心 ra=248.610000 dec=-15.759486 (Δra=0.001667° Δdec=0.000236°)
[2026-07-28 15:43:00][DEBUG] calc_trans_general: order=3, n_pairs=36, 拟合成功
[2026-07-28 15:43:00][INFO] at_recalc_trans: n=36, order=3, sig=0.0684, sx=0.1855, sy=0.1329, rms=0.2709
[2026-07-28 15:43:00][INFO]   iter 0: at_recalc_trans 成功, n=36, sig=0.0684, rms=0.2709, x00=-0.0000 y00=-0.0000 (asec)
[2026-07-28 15:43:00][INFO]   iter 1: 收敛 (TRANS 常数项 = 0.0000" < 0.0100")
[2026-07-28 15:43:00][INFO] iterative_reproject: 完成 (收敛), ra=248.608333→248.610000 dec=-15.759722→-15.759486, n_matched=36 (固定), iters=1, conv=0.0000"
[2026-07-28 15:43:00][INFO]   [阶段] iterative_reproject: 0.21 ms, success=1, ra=248.608333→248.610000, dec=-15.759722→-15.759486, n_matched=36, iters=1, conv=0.0000"
[2026-07-28 15:43:00][INFO] at_match_lists: U=60, W=44, tol=5.00", U→W单向=37, W→U单向=37, 双向=37, 去重后=37
[2026-07-28 15:43:00][INFO]   [阶段] hi_order_rematch iter 0: n_matched=37 (min=10, order=3)
[2026-07-28 15:43:00][DEBUG] calc_trans_general: order=3, n_pairs=37, 拟合成功
[2026-07-28 15:43:00][INFO] at_recalc_trans: 二轮 sigma-clip (thresh=0.955", 剔除=1, 保留=36)
[2026-07-28 15:43:00][DEBUG] calc_trans_general: order=3, n_pairs=36, 拟合成功
[2026-07-28 15:43:00][INFO] at_recalc_trans: 二轮完成, n=36, sig=0.0684, sx=0.1855, sy=0.1329, rms=0.2709
[2026-07-28 15:43:00][INFO] at_recalc_trans: n=36, order=3, sig=0.0684, sx=0.1855, sy=0.1329, rms=0.2709
[2026-07-28 15:43:00][INFO] at_match_lists: U=60, W=44, tol=5.00", U→W单向=37, W→U单向=37, 双向=37, 去重后=37
[2026-07-28 15:43:00][DEBUG] calc_trans_general: order=3, n_pairs=37, 拟合成功
[2026-07-28 15:43:00][INFO] at_recalc_trans: 二轮 sigma-clip (thresh=0.955", 剔除=1, 保留=36)
[2026-07-28 15:43:00][DEBUG] calc_trans_general: order=3, n_pairs=36, 拟合成功
[2026-07-28 15:43:00][INFO] at_recalc_trans: 二轮完成, n=36, sig=0.0684, sx=0.1855, sy=0.1329, rms=0.2709
[2026-07-28 15:43:00][INFO] at_recalc_trans: n=36, order=3, sig=0.0684, sx=0.1855, sy=0.1329, rms=0.2709
[2026-07-28 15:43:00][INFO]   [阶段] hi_order_rematch iter 1: 收敛 (dn=0, drms=0.0000)
[2026-07-28 15:43:00][INFO]   [阶段] hi_order_rematch: 0.14 ms, n_matched=37, trans.order=3
[2026-07-28 15:43:00][INFO] ==== robust_refine_wcs 开始 (V4.30) ====
  U_full=2000, mag_full=2000, gaia=44
  ra0=248.610000, dec0=-15.759486, s0=0.9680"/px, fov=1.5576°, img=4096x4096
  initial_rms=0.0684", trans.order=3
[2026-07-28 15:43:00][INFO]   [robust_refine] 网格采样: FOV=1.558°, G_short=3, N_long=3, n_cells=9, quota=20, narrow_all=0, N_full=2000
[2026-07-28 15:43:00][INFO]   [robust_refine] 网格采样完成: 选中 180 颗 (上限 300, 下限 100)
[2026-07-28 15:43:00][INFO]   [robust_refine] NN 匹配: U=180, W=44, tol=1.000", Lowe通过=40, 双向=40
[2026-07-28 15:43:00][INFO]   [robust_refine] baseline: initial_rms=0.0684" (60星), U_pool RMS=0.2791" (180 星, matched=40)
[2026-07-28 15:43:00][INFO]   [robust_refine] NN 匹配: U=180, W=44, tol=1.000", Lowe通过=40, 双向=40
[2026-07-28 15:43:00][INFO]   [robust_refine] 空间一致性: 2/40 可疑 (K=8, σ=0.135")
[2026-07-28 15:43:00][INFO]   [robust_refine] iter 0: tol=1.000", matched=40, rms=0.2791"→0.2791", cd_Δ=0.5112%, damp=0.00e+00
[2026-07-28 15:43:00][INFO]   [robust_refine] iter 0: 收敛 (conv_dp=0, conv_rms=1)
[2026-07-28 15:43:00][INFO] ==== robust_refine_wcs 成功 ====
  iter=1, matched=40, rms=0.2791" (0.2883 px), cd_Δ=0.5112%, pool=180
[2026-07-28 15:43:00][INFO]   [阶段] robust_refine: 成功, n_matched=40, rms=0.2791", iter=1, pool=180, cd_Δ=0.5112%
[2026-07-28 15:43:00][INFO]   [阶段] robust_refine: 0.24 ms
[2026-07-28 15:43:00][INFO]   [诊断] extract_wcs_sip 入口: trans.order=3, trans.valid=1, ra0=248.610000, dec0=-15.759486, img=4096x4096, s0=0.9680, U.size=2000, W.size=44, matched.size=40
[2026-07-28 15:43:00][INFO]   [V4.22] 清零 trans.x00/y00 (saved: x00=0.0103, y00=-0.0554)
[2026-07-28 15:43:00][INFO] extract_wcs_sip: SIP A/B 解析公式成功, order=3
[2026-07-28 15:43:00][INFO] extract_wcs_sip: SIP AP/BP 网格反变换成功, ap_order=3, n_inv_coef=10, n_grid=49
2026-07-28 15:43:00,475 [INFO] wcs_closure_v3: 权威 inlier: n=40 (来自 IPVSolver.get_last_inliers)
2026-07-28 15:43:00,475 [INFO] wcs_closure_v3: [A 层 内部 TRANS 预测] n=40, p68=0.2371 px, p90=0.4089 px, p99=0.8230 px
2026-07-28 15:43:00,477 [INFO] wcs_closure_v3: [B 层 预剔除诊断] n=40, CRPIX_0based=(2048.50,2048.50), det_xy range=[45.9,443.7]~[3958.0,3924.2], ext_pred range=[46.1,443.5]~[3958.1,3924.7], ext_dist: median=0.2071 p68=0.2277 p90=0.3895 p99=0.8281 max=0.9204
2026-07-28 15:43:00,478 [INFO] wcs_closure: Siril 迭代剔除完成: 1 次迭代, 保留 40/40, final p68=0.2278 px
2026-07-28 15:43:00,478 [INFO] wcs_closure_v3: Siril 剔除后保留: 40/40 对 (剔除 0)
2026-07-28 15:43:00,478 [INFO] wcs_closure_v3: [B 层 外部 WCS 回投] n=40, p68=0.2278 px, p90=0.3895 px, p99=0.8281 px
2026-07-28 15:43:00,478 [INFO] wcs_closure_v3: [A vs B 预测差] delta_dist: median=1643.4305 px, p90=3778.2119 px, max=4746.6953 px
2026-07-28 15:43:00,500 [INFO] wcs_closure_v3: 权威星对已保存 (JSONL): engineering_v1.3\evidence\P11-004\reports/gate_v2_post_repair\T2_BLUE_LDN43\matched_pairs_authoritative.jsonl (n=40)
2026-07-28 15:43:00,501 [INFO] wcs_closure_v3: 闭环报告已保存: engineering_v1.3\evidence\P11-004\reports/gate_v2_post_repair\T2_BLUE_LDN43\closure_report.json
2026-07-28 15:43:00,501 [INFO] wcs_closure_v3: [Gate] p68=0.2278 (<=0.75:True) p90=0.3895 (<=1.5:True) p99=0.8281 (<=3.0:True) n=40 (>=5:True) => PASS
2026-07-28 15:43:01,236 [INFO] wcs_closure: 残差图已保存: engineering_v1.3\evidence\P11-004\reports/gate_v2_post_repair\T2_BLUE_LDN43\residual_plot.png
2026-07-28 15:43:01,506 [INFO] wcs_closure: 四象限分布图已保存: engineering_v1.3\evidence\P11-004\reports/gate_v2_post_repair\T2_BLUE_LDN43\quadrant_plot.png
2026-07-28 15:43:01,507 [INFO] wcs_closure_v3: 权威星对诊断完成: LDN43_LRGBH_flying_dutchman-20250503@040855-1200S-Blue (耗时 1.00s)
2026-07-28 15:43:01,509 [INFO] wcs_closure_v3: ======================================================================
2026-07-28 15:43:01,509 [INFO] wcs_closure_v3: P11-004 v3.0 权威星对诊断: LDN43_LRGBH_flying_dutchman-20250503@042947-1200S-H-alpha
2026-07-28 15:43:01,509 [INFO] wcs_closure_v3: FITS: F:/Astro dev/Astro CS Normalization Database/testdata/LDN43_T2素材_flying_dutchman/lights/LDN43_LRGBH_flying_dutchman-20250503@042947-1200S-H-alpha.fts
2026-07-28 15:43:01,509 [INFO] wcs_closure_v3: MODE: authoritative_pairs (kd-tree rematch DISABLED)
2026-07-28 15:43:01,509 [INFO] wcs_closure: 读取 FITS: F:/Astro dev/Astro CS Normalization Database/testdata/LDN43_T2素材_flying_dutchman/lights/LDN43_LRGBH_flying_dutchman-20250503@042947-1200S-H-alpha.fts
2026-07-28 15:43:01,591 [INFO] wcs_closure: 图像尺寸: 4096x4096
[2026-07-28 15:43:00][INFO] extract_wcs_sip: CD=[3.258610e-06 2.685502e-04; -2.685163e-04 3.321235e-06], CRVAL=(248.610000, -15.759486), CRPIX=(2048.5, 2048.5), ctype=[RA---TAN-SIP, DEC--TAN-SIP], n_pairs=40, rms_px=0.2883, rms_arcsec=0.2791, trans_order=3, sip_orderWARNING: FITSFixedWarning: 'datfix' made the change 'Set MJD-OBS to 60798.187512 from DATE-OBS'. [astropy.wcs.wcs]
2026-07-28 15:43:01,612 [WARNING] astropy: FITSFixedWarning: 'datfix' made the change 'Set MJD-OBS to 60798.187512 from DATE-OBS'.
2026-07-28 15:43:01,613 [INFO] wcs_closure: WCS 构建: has_sip=True sip_order=3 ctype=['RA---TAN-SIP', 'DEC--TAN-SIP'] crpix=(2048.500,2048.500) crval=(248.609843,-15.759623)
[2026-07-28 15:43:01] [INFO] [MainThread] solve_and_write_wcs: ============================================================
[2026-07-28 15:43:01] [INFO] [MainThread] solve_and_write_wcs: 读取 FITS 头: F:/Astro dev/Astro CS Normalization Database/testdata/LDN43_T2素材_flying_dutchman/lights/LDN43_LRGBH_flying_dutchman-20250503@042947-1200S-H-alpha.fts
[2026-07-28 15:43:01] [INFO] [MainThread] solve_and_write_wcs: FITS 头值: OBJCTRA=16 34 26.00, OBJCTDEC=-15 45 35.0, FOCALLEN=1917.7, XPIXSZ=9.0
[2026-07-28 15:43:01] [INFO] [MainThread] solve_and_write_wcs: OBJCTRA=16 34 26.00 -> ra0=248.608333 度
[2026-07-28 15:43:01] [INFO] [MainThread] solve_and_write_wcs: OBJCTDEC=-15 45 35.0 -> dec0=-15.759722 度
[2026-07-28 15:43:01] [INFO] [MainThread] solve_and_write_wcs: 使用传入值 focal_length=1917.70 mm
[2026-07-28 15:43:01] [INFO] [MainThread] solve_and_write_wcs: 使用传入值 pixel_size=9.0000 um
[2026-07-28 15:43:01] [INFO] [MainThread] solve_and_write_wcs: ============================================================
2026-07-28 15:43:01,619 [INFO] wcs_closure_v3: 重跑 PlateSolve 以填充权威 inlier 缓存...
=3, ap_order=3
[2026-07-28 15:43:00][INFO]   [阶段] extract_wcs_sip: 0.05 ms, success=1, n_pairs=40, rms_px=0.288, rms_arcsec=0.279, trans_order=3, sip_order=3
[2026-07-28 15:43:00][INFO]   最终: n_pairs=40, rms_px=0.288, rms_arcsec=0.279, trans_order=3, sip_order=3, success=1
[2026-07-28 15:43:00][INFO]   [cache_last_inliers_] 缓存 40 对 inliers (robust=1, s0=0.9680", U_snap.size=2000, gaia.size=44, trans.order=3, ra0=248.610000, dec0=-15.759486)
[2026-07-28 15:43:00][INFO] ==== IPVSolver::solve_from_memory_with_callback 完成 (INTERNAL_DETECTION_SHARED_EXPORT) ====
[2026-07-28 15:43:01][INFO] ==== IPVSolver::solve_from_memory_with_callback 开始 (INTERNAL_DETECTION_SHARED_EXPORT) ====
[2026-07-28 15:43:01][INFO]   pixels=4096x4096 (内存数据)
[2026-07-28 15:43:01][INFO]   ra0=248.608333 deg, dec0=-15.759722 deg
[2026-07-28 15:43:01][INFO]   focal_length=1917.700 mm, pixel_size=9.000 um
[2026-07-28 15:43:01][INFO]   callback=ENABLED
[2026-07-28 15:43:01][INFO] === ipv_select_from_memory_with_callback 启动 (INTERNAL_DETECTION_SHARED_EXPORT) ===
[2026-07-28 15:43:01][INFO] Step 1: 使用内存像素数据 4096×4096
[2026-07-28 15:43:01][INFO] Step 2: 星点检测 (sdet_detect_ex)
[2026-07-28 15:43:01][INFO][SDET] sdet_detect_ex start: 4096x4096
[2026-07-28 15:43:01][DEBUG][SDET] [1] uint16→float: 16.2 ms
[2026-07-28 15:43:01][DEBUG][SDET] [2] Gaussian YvV smooth (sigma=2.0): 115.8 ms
[2026-07-28 15:43:02][INFO][SDET] peaker: median=1083.0000 bgnoise=10.8744 threshold=1137.3721 (median+5*bgnoise)
[2026-07-28 15:43:02][DEBUG][SDET] [3] Threshold: 327.2 ms
[2026-07-28 15:43:02][INFO][SDET] peaker: bg=1083.0 maxi=65535.0 norm=65535.0 dynrange=64452.0 minsatlevel=45116.4 satrange=6445.2 s_factor=3.7169 locthreshold=54.3720
[2026-07-28 15:43:02][DEBUG][SDET] [4] peaker: 37.5 ms (1987 candidates, full peaker 7-step)
[2026-07-28 15:43:02][INFO][SDET] Candidates: 1987
[2026-07-28 15:43:02][INFO][SDET] Peaker stages: pass_threshold=321415 pass_localmax=13551 pass_count3=2449 pass_boundary=2449 | cond_meanhigh=11 cond_platform=2394 sat_both=5 nonsat=2444
[2026-07-28 15:43:02][INFO][SDET] Auto fitRadius: med_pixels=51 fwhm_est=3.51 auto_radius=10 actual=10
[2026-07-28 15:43:02][INFO][SDET] Task6 candidates sorted by mag_est (desc): maxstars=2000 candidates=1987
[2026-07-28 15:43:02][DEBUG][SDET] [6] Moffat4 fit: 145.6 ms (1890/1987 OK)
[2026-07-28 15:43:02][INFO][SDET] Moffat4 fit: 1890/1987 OK
[2026-07-28 15:43:02][INFO][SDET] === Fit statistics by pixel count ===
[2026-07-28 15:43:02][INFO][SDET]   px[5-9]: total=31 ok=30(96.8%) invalid=0 noconv=1 iterlimit=0
[2026-07-28 15:43:02][INFO][SDET]   px[10-19]: total=180 ok=166(92.2%) invalid=0 noconv=14 iterlimit=0
[2026-07-28 15:43:02][INFO][SDET]   px[20-49]: total=681 ok=633(93.0%) invalid=0 noconv=48 iterlimit=0
[2026-07-28 15:43:02][INFO][SDET]   px[50-99]: total=556 ok=533(95.9%) invalid=0 noconv=23 iterlimit=0
[2026-07-28 15:43:02][INFO][SDET]   px[100-299]: total=444 ok=440(99.1%) invalid=0 noconv=4 iterlimit=0
[2026-07-28 15:43:02][DEBUG][SDET] [7] FWHM stats: 0.4 ms (med=3.7359 mad=0.3856)
[2026-07-28 15:43:02][INFO][SDET] FWHM stats: med=3.7359 mad=0.3856 (from 1890 fitted stars)
[2026-07-28 15:43:02][DEBUG][SDET] [8] Build normal stars: 1.6 ms (1347 stars, fit_fail=97 fwhm=0 round=56 reject=487)
[2026-07-28 15:43:02][INFO][SDET] Normal stars: 1347 (fit_fail=97 fwhm=0 roundness=56 reject=487)
[2026-07-28 15:43:02][DEBUG][SDET] [9] Saturated star detection skipped (V4.52: use A>dynrange from peaker): 0.1 ms
[2026-07-28 15:43:02][DEBUG][SDET] [10a] Dedup: 0.4 ms
[2026-07-28 15:43:02][DEBUG][SDET] [10b] Sort: 0.1 ms
[2026-07-28 15:43:02][INFO][SDET] After dedup+sort: 1347 stars (saturated=8 normal=1339)
[2026-07-28 15:43:02][INFO][SDET] sdet_detect_ex done: 1347 stars (sat=8 normal=1339), 0.645 s
[2026-07-28 15:43:02][INFO]   检测到星点: 1347 颗 (饱和 8, 正常 1339)
[2026-07-28 15:43:02][INFO] Step 2.5: 调用 callback 导出 detections (INTERNAL_DETECTION_SHARED_EXPORT)
[2026-07-28 15:43:02][INFO]   callback 完成, 源缓冲区已由 callback 复制
[2026-07-28 15:43:02][INFO] Step 3: 图像侧选星
[2026-07-28 15:43:02][INFO] 选星: 按 mag(box积分) 升序取前 60 颗 (含饱和 8 颗)
[2026-07-28 15:43:02][INFO]   U 向量组: 60×2 (s0=0.9680"/px)
[2026-07-28 15:43:02][INFO] Step 4: FOV/密度计算
[2026-07-28 15:43:02][INFO] FOV计算: s0=0.9680"/px, FOV_diag=1.5576°, query_r=0.8567°, img_area=1.21308°², query_area=2.30566°², rho_img=49.46, rho_target=74.19, n_target=60
[2026-07-28 15:43:02][INFO] Step 5: V4.9 密度公式估算极限星等 (替代迭代)
[2026-07-28 15:43:02][INFO] 密度估算极限星等: G=11.051 (n_required=60, area=2.3057°², rho_target=26.02/°²)
[2026-07-28 15:43:02][INFO] Step 6: 用 m_lim=11.051 查询 Gaia 星表
[2026-07-28 15:43:02][WARN] V4.9 补救查询 1: Gaia 返回 36 < n_target=60, 放宽到 m=12.051
[2026-07-28 15:43:02][INFO] Step 7: Gnomonic 投影 + FOV 过滤
[2026-07-28 15:43:02][INFO]   W 向量组: 44×2 (FOV 内 44, 取最亮 44, gaia_ra/dec 已保存)
[2026-07-28 15:43:02][INFO] === ipv_select_from_memory_with_callback 完成 (INTERNAL_DETECTION_SHARED_EXPORT) ===
[2026-07-28 15:43:02][INFO] === triangle_match 开始: N_U=60, N_W=44, n_A0=60, n_B0=60, tol=0.0020, s0=0.9680 ===
[2026-07-28 15:43:02][INFO] triangle_match: stage=0 nA=60 nB=60 超过实际星数, 停止扩充
[2026-07-28 15:43:02][INFO] triangle_match_single: n_A=60, n_B=44, tol=0.0020, s0=0.9680, scale=[0.8609,1.2913]
[2026-07-28 15:43:02][DEBUG] stars_to_triangles: N=60, expected=34220, valid=34220, skipped_degenerate=0 (并行, 16 线程)
[2026-07-28 15:43:02][DEBUG] stars_to_triangles: prune_triangle_array ba>0.9 剪枝: before=34220, after=24880, pruned=9340
[2026-07-28 15:43:02][DEBUG] stars_to_triangles: N=44, expected=13244, valid=13244, skipped_degenerate=0 (并行, 16 线程)
[2026-07-28 15:43:02][DEBUG] stars_to_triangles: prune_triangle_array ba>0.9 剪枝: before=13244, after=9418, pruned=3826
[2026-07-28 15:43:02][INFO] make_vote_matrix: n_A=24880, n_B=9418, matched_triangles=18585, vote_matrix=60x44, scale_rejected=16586 (range=[0.8609,1.2913]) [并行 16 线程]
[2026-07-28 15:43:02][INFO] top_vote_getters: 矩阵=60x44, 候选对数(vote>=2)=2611, top_n=60
[2026-07-28 15:43:02][INFO] top_vote_getters: V4.25 去重后 top_pairs=44, 去重剔除=2567
[2026-07-28 15:43:02][INFO]   [调试] top[0]: u=24 w=26, votes=648
[2026-07-28 15:43:02][INFO]   [调试] top[1]: u=32 w=32, votes=637
[2026-07-28 15:43:02][INFO]   [调试] top[2]: u=3 w=4, votes=621
[2026-07-28 15:43:02][INFO]   [调试] top[3]: u=13 w=12, votes=620
[2026-07-28 15:43:02][INFO]   [调试] top[4]: u=10 w=9, votes=615
[2026-07-28 15:43:02][INFO]   [调试] top[5]: u=12 w=15, votes=609
[2026-07-28 15:43:02][INFO]   [调试] top[6]: u=30 w=28, votes=600
[2026-07-28 15:43:02][INFO]   [调试] top[7]: u=23 w=24, votes=594
[2026-07-28 15:43:02][INFO]   [调试] top[8]: u=4 w=5, votes=590
[2026-07-28 15:43:02][INFO]   [调试] top[9]: u=15 w=14, votes=588
[2026-07-28 15:43:02][INFO] triangle_match_single 完成: tri_A=24880, tri_B=9418, vote_matrix=60x44, max_vote=648, 候选对数(vote>=2)=2611, top_pairs=44
[2026-07-28 15:43:02][INFO] === triangle_match 结束: tri_A=24880, tri_B=9418, top_pairs=44, max_vote=648, success=1 ===
[2026-07-28 15:43:02][INFO] [P02-002] n_target=60, max_vote=648, threshold=2
[2026-07-28 15:43:02][INFO]   [阶段] triangle_match (n=60): 28.12 ms, max_vote=648, top_pairs=44, success=1
[2026-07-28 15:43:02][INFO]   [阶段] triangle_match: 28.12 ms, n_target_used=60
[2026-07-28 15:43:02][INFO]   N_U=60, N_W=44, s0=0.9680 arcsec/px, img=4096x4096, fov_diag=1.5576 deg
[2026-07-28 15:43:02][INFO] iter_trans_solve: U=60, W=44, initial_pairs=44, tol=5.00, order=3
[2026-07-28 15:43:02][DEBUG] calc_trans_general: order=3, n_pairs=20, 拟合成功
[2026-07-28 15:43:02][INFO] iter_trans_inner: 初始拟合完成, 初始工作集=20, order=3
[2026-07-28 15:43:02][INFO]   [调试] 初始 TRANS: x00=5.1423 y00=0.4225, x10=0.011934 x01=-0.966849 y10=-0.966620 y01=-0.012026
[2026-07-28 15:43:02][INFO]   [调试] 初始对[0]: u=24 w=26, U=(681.05,-303.75), W=(306.79,-654.10), pred=(306.82,-653.96), dist=0.1512" (dx=0.04 dy=0.15)
[2026-07-28 15:43:02][INFO]   [调试] 初始对[1]: u=32 w=32, U=(815.08,331.15), W=(-305.05,-790.81), pred=(-305.06,-790.93), dist=0.1234" (dx=-0.01 dy=-0.12)
[2026-07-28 15:43:02][INFO]   [调试] 初始对[2]: u=3 w=4, U=(-1745.80,680.83), W=(-671.15,1673.44), pred=(-671.27,1673.33), dist=0.1664" (dx=-0.12 dy=-0.12)
[2026-07-28 15:43:02][INFO]   [调试] 初始对[3]: u=13 w=12, U=(-175.61,-1877.67), W=(1811.82,192.23), pred=(1811.51,192.02), dist=0.3714" (dx=-0.31 dy=-0.21)
[2026-07-28 15:43:02][INFO]   [调试] 初始对[4]: u=10 w=9, U=(446.27,-736.20), W=(721.84,-421.67), pred=(721.71,-421.81), dist=0.1907" (dx=-0.13 dy=-0.14)
[2026-07-28 15:43:02][INFO]   [调试] 初始对[5]: u=12 w=15, U=(1910.07,617.24), W=(-566.47,-1846.52), pred=(-566.36,-1846.53), dist=0.1163" (dx=0.12 dy=-0.01)
[2026-07-28 15:43:02][INFO] iter_trans_inner: V4.23 工作集扩展 20->44 (nr=nbright)
[2026-07-28 15:43:02][DEBUG] iter 0: 绝对剔除 nr=44→43, nb=1
[2026-07-28 15:43:02][DEBUG] iter 0: sigma(35%)=0.022781 角秒²
[2026-07-28 15:43:02][DEBUG] iter 0: 相对剔除 nr=38, nb=6, rel_thresh=0.227810
[2026-07-28 15:43:02][DEBUG] calc_trans_general: order=3, n_pairs=38, 拟合成功
[2026-07-28 15:43:02][INFO] iter_trans_inner: 完成, nr=38, sig=0.0320, rms=0.1788, iters=1, success=1
[2026-07-28 15:43:02][INFO] iter_trans_solve: 第一轮 iter_trans 成功, inliers=38, rms=0.1788
[2026-07-28 15:43:02][INFO] at_match_lists: U=60, W=44, tol=5.00", U→W单向=43, W→U单向=43, 双向=43, 去重后=43
[2026-07-28 15:43:02][DEBUG] calc_trans_general: order=3, n_pairs=43, 拟合成功
[2026-07-28 15:43:02][INFO] at_recalc_trans: 二轮 sigma-clip (thresh=0.675", 剔除=3, 保留=40)
[2026-07-28 15:43:02][DEBUG] calc_trans_general: order=3, n_pairs=40, 拟合成功
[2026-07-28 15:43:02][INFO] at_recalc_trans: 二轮完成, n=40, sig=0.0352, sx=0.1262, sy=0.1158, rms=0.1856
[2026-07-28 15:43:02][INFO] at_recalc_trans: n=40, order=3, sig=0.0352, sx=0.1262, sy=0.1158, rms=0.1856
[2026-07-28 15:43:02][INFO] iter_trans_solve: 第一轮 refit 成功, inliers=40, rms=0.1856
[2026-07-28 15:43:02][INFO] at_match_lists: U=60, W=44, tol=5.00", U→W单向=43, W→U单向=43, 双向=43, 去重后=43
[2026-07-28 15:43:02][DEBUG] calc_trans_general: order=3, n_pairs=43, 拟合成功
[2026-07-28 15:43:02][INFO] at_recalc_trans: 二轮 sigma-clip (thresh=0.675", 剔除=3, 保留=40)
[2026-07-28 15:43:02][DEBUG] calc_trans_general: order=3, n_pairs=40, 拟合成功
[2026-07-28 15:43:02][INFO] at_recalc_trans: 二轮完成, n=40, sig=0.0352, sx=0.1262, sy=0.1158, rms=0.1856
[2026-07-28 15:43:02][INFO] at_recalc_trans: n=40, order=3, sig=0.0352, sx=0.1262, sy=0.1158, rms=0.1856
[2026-07-28 15:43:02][INFO] iter_trans_solve: 第二轮 refit 成功, inliers=40, rms=0.1856
[2026-07-28 15:43:02][INFO]   [阶段] iter_trans_solve: 0.27 ms, n_inliers=40, rms=0.1856, iters=3, success=1
[2026-07-28 15:43:02][INFO]   [诊断] iterative_reproject 入口: U.size=60, gaia_ra.size=44, gaia_dec.size=44, initial_inliers.size=40, s0=0.9680, img=4096x4096
[2026-07-28 15:43:02][INFO] iterative_reproject: 开始 (N_W=44, n_inliers=40, s0=0.9680"/px, max_iter=5, conv_thresh=0.0100")
[2026-07-28 15:43:02][INFO]   iter 0: ra_cur=248.608333 dec_cur=-15.759722, xi_center=5.2291" eta_center=0.3557", conv=5.2412" (thresh=0.0100")
[2026-07-28 15:43:02][INFO]   iter 0: 新中心 ra=248.609843 dec=-15.759623 (Δra=0.001509° Δdec=0.000099°)
[2026-07-28 15:43:02][DEBUG] calc_trans_general: order=3, n_pairs=40, 拟合成功
[2026-07-28 15:43:02][INFO] at_recalc_trans: n=40, order=3, sig=0.0352, sx=0.1262, sy=0.1158, rms=0.1856
[2026-07-28 15:43:02][INFO]   iter 0: at_recalc_trans 成功, n=40, sig=0.0352, rms=0.1856, x00=-0.0000 y00=0.0000 (asec)
[2026-07-28 15:43:02][INFO]   iter 1: 收敛 (TRANS 常数项 = 0.0000" < 0.0100")
[2026-07-28 15:43:02][INFO] iterative_reproject: 完成 (收敛), ra=248.608333→248.609843 dec=-15.759722→-15.759623, n_matched=40 (固定), iters=1, conv=0.0000"
[2026-07-28 15:43:02][INFO]   [阶段] iterative_reproject: 0.22 ms, success=1, ra=248.608333→248.609843, dec=-15.759722→-15.759623, n_matched=40, iters=1, conv=0.0000"
[2026-07-28 15:43:02][INFO] at_match_lists: U=60, W=44, tol=5.00", U→W单向=43, W→U单向=43, 双向=43, 去重后=43
[2026-07-28 15:43:02][INFO]   [阶段] hi_order_rematch iter 0: n_matched=43 (min=10, order=3)
[2026-07-28 15:43:02][DEBUG] calc_trans_general: order=3, n_pairs=43, 拟合成功
[2026-07-28 15:43:02][INFO] at_recalc_trans: 二轮 sigma-clip (thresh=0.675", 剔除=3, 保留=40)
[2026-07-28 15:43:02][DEBUG] calc_trans_general: order=3, n_pairs=40, 拟合成功
[2026-07-28 15:43:02][INFO] at_recalc_trans: 二轮完成, n=40, sig=0.0352, sx=0.1262, sy=0.1158, rms=0.1856
[2026-07-28 15:43:02][INFO] at_recalc_trans: n=40, order=3, sig=0.0352, sx=0.1262, sy=0.1158, rms=0.1856
[2026-07-28 15:43:02][INFO] at_match_lists: U=60, W=44, tol=5.00", U→W单向=43, W→U单向=43, 双向=43, 去重后=43
[2026-07-28 15:43:02][DEBUG] calc_trans_general: order=3, n_pairs=43, 拟合成功
[2026-07-28 15:43:02][INFO] at_recalc_trans: 二轮 sigma-clip (thresh=0.675", 剔除=3, 保留=40)
[2026-07-28 15:43:02][DEBUG] calc_trans_general: order=3, n_pairs=40, 拟合成功
[2026-07-28 15:43:02][INFO] at_recalc_trans: 二轮完成, n=40, sig=0.0352, sx=0.1262, sy=0.1158, rms=0.1856
[2026-07-28 15:43:02][INFO] at_recalc_trans: n=40, order=3, sig=0.0352, sx=0.1262, sy=0.1158, rms=0.1856
[2026-07-28 15:43:02][INFO]   [阶段] hi_order_rematch iter 1: 收敛 (dn=0, drms=0.0000)
[2026-07-28 15:43:02][INFO]   [阶段] hi_order_rematch: 0.14 ms, n_matched=43, trans.order=3
[2026-07-28 15:43:02][INFO] ==== robust_refine_wcs 开始 (V4.30) ====
  U_full=1347, mag_full=1347, gaia=44
  ra0=248.609843, dec0=-15.759623, s0=0.9680"/px, fov=1.5576°, img=4096x4096
  initial_rms=0.0352", trans.order=3
[2026-07-28 15:43:02][INFO]   [robust_refine] 网格采样: FOV=1.558°, G_short=3, N_long=3, n_cells=9, quota=20, narrow_all=0, N_full=1347
[2026-07-28 15:43:02][INFO]   [robust_refine] 网格采样完成: 选中 180 颗 (上限 300, 下限 100)
[2026-07-28 15:43:02][INFO]   [robust_refine] NN 匹配: U=180, W=44, tol=1.000", Lowe通过=43, 双向=43
[2026-07-28 15:43:02][INFO]   [robust_refine] baseline: initial_rms=0.0352" (60星), U_pool RMS=0.2573" (180 星, matched=43)
[2026-07-28 15:43:02][INFO]   [robust_refine] NN 匹配: U=180, W=44, tol=1.000", Lowe通过=43, 双向=43
[2026-07-28 15:43:02][INFO]   [robust_refine] 空间一致性: 5/43 可疑 (K=8, σ=0.269")
[2026-07-28 15:43:02][INFO]   [robust_refine] iter 0: tol=1.000", matched=43, rms=0.2573"→0.2629", cd_Δ=0.2849%, damp=0.00e+00
[2026-07-28 15:43:02][INFO]   [robust_refine] NN 匹配: U=180, W=44, tol=0.500", Lowe通过=39, 双向=39
[2026-07-28 15:43:02][INFO]   [robust_refine] 空间一致性: 2/39 可疑 (K=8, σ=0.318")
[2026-07-28 15:43:02][INFO]   [robust_refine] iter 1: tol=0.500", matched=39, rms=0.2629"→0.1632", cd_Δ=0.2179%, damp=0.00e+00
[2026-07-28 15:43:02][INFO]   [robust_refine] NN 匹配: U=180, W=44, tol=0.500", Lowe通过=39, 双向=39
[2026-07-28 15:43:02][INFO]   [robust_refine] 空间一致性: 3/39 可疑 (K=8, σ=0.325")
[2026-07-28 15:43:02][INFO]   [robust_refine] iter 2: tol=0.500", matched=39, rms=0.1632"→0.1759", cd_Δ=0.2145%, damp=0.00e+00
[2026-07-28 15:43:02][INFO]   [robust_refine] NN 匹配: U=180, W=44, tol=0.300", Lowe通过=35, 双向=35
[2026-07-28 15:43:02][INFO]   [robust_refine] 空间一致性: 1/35 可疑 (K=8, σ=0.075")
[2026-07-28 15:43:02][INFO]   [robust_refine] iter 3: tol=0.300", matched=35, rms=0.1759"→0.1172", cd_Δ=0.1752%, damp=0.00e+00
[2026-07-28 15:43:02][INFO]   [robust_refine] NN 匹配: U=180, W=44, tol=0.300", Lowe通过=35, 双向=35
2026-07-28 15:43:02,313 [INFO] wcs_closure_v3: 权威 inlier: n=33 (来自 IPVSolver.get_last_inliers)
2026-07-28 15:43:02,314 [INFO] wcs_closure_v3: [A 层 内部 TRANS 预测] n=33, p68=0.0835 px, p90=0.1524 px, p99=0.2827 px
2026-07-28 15:43:02,316 [INFO] wcs_closure_v3: [B 层 预剔除诊断] n=33, CRPIX_0based=(2048.50,2048.50), det_xy range=[45.2,444.3]~[3957.6,3918.6], ext_pred range=[45.3,444.2]~[3957.6,3918.6], ext_dist: median=0.1113 p68=0.1325 p90=0.1833 p99=0.2902 max=0.3254
2026-07-28 15:43:02,317 [INFO] wcs_closure: Siril 迭代剔除完成: 1 次迭代, 保留 33/33, final p68=0.1328 px
2026-07-28 15:43:02,317 [INFO] wcs_closure_v3: Siril 剔除后保留: 33/33 对 (剔除 0)
2026-07-28 15:43:02,318 [INFO] wcs_closure_v3: [B 层 外部 WCS 回投] n=33, p68=0.1328 px, p90=0.1833 px, p99=0.2902 px
2026-07-28 15:43:02,318 [INFO] wcs_closure_v3: [A vs B 预测差] delta_dist: median=1836.0079 px, p90=3669.9522 px, max=4748.3093 px
2026-07-28 15:43:02,327 [INFO] wcs_closure_v3: 权威星对已保存 (JSONL): engineering_v1.3\evidence\P11-004\reports/gate_v2_post_repair\T2_HA_LDN43\matched_pairs_authoritative.jsonl (n=33)
2026-07-28 15:43:02,337 [INFO] wcs_closure_v3: 闭环报告已保存: engineering_v1.3\evidence\P11-004\reports/gate_v2_post_repair\T2_HA_LDN43\closure_report.json
2026-07-28 15:43:02,337 [INFO] wcs_closure_v3: [Gate] p68=0.1328 (<=0.75:True) p90=0.1833 (<=1.5:True) p99=0.2902 (<=3.0:True) n=33 (>=5:True) => PASS
2026-07-28 15:43:03,099 [INFO] wcs_closure: 残差图已保存: engineering_v1.3\evidence\P11-004\reports/gate_v2_post_repair\T2_HA_LDN43\residual_plot.png
2026-07-28 15:43:03,294 [INFO] wcs_closure: 四象限分布图已保存: engineering_v1.3\evidence\P11-004\reports/gate_v2_post_repair\T2_HA_LDN43\quadrant_plot.png
2026-07-28 15:43:03,294 [INFO] wcs_closure_v3: 权威星对诊断完成: LDN43_LRGBH_flying_dutchman-20250503@042947-1200S-H-alpha (耗时 0.82s)
2026-07-28 15:43:03,297 [INFO] wcs_closure_v3: ======================================================================
2026-07-28 15:43:03,297 [INFO] wcs_closure_v3: P11-004 v3.0 权威星对诊断: NGC1727_RGBHO_T2_flying_dutchman-20251031@075259-1800S-OIII
2026-07-28 15:43:03,297 [INFO] wcs_closure_v3: FITS: F:/Astro dev/Astro CS Normalization Database/testdata/NGC1727_T2_flying_dutchman/lights/NGC1727_RGBHO_T2_flying_dutchman-20251031@075259-1800S-OIII.fts
2026-07-28 15:43:03,297 [INFO] wcs_closure_v3: MODE: authoritative_pairs (kd-tree rematch DISABLED)
2026-07-28 15:43:03,297 [INFO] wcs_closure: 读取 FITS: F:/Astro dev/Astro CS Normalization Database/testdata/NGC1727_T2_flying_dutchman/lights/NGC1727_RGBHO_T2_flying_dutchman-20251031@075259-1800S-OIII.fts
2026-07-28 15:43:03,354 [INFO] wcs_closure: 图像尺寸: 4096x4096
2026-07-28 15:43:03,368 [WARNING] astropy: FITSFixedWarning: 'datfix' made the change 'Set MJD-OBS to 60979.329028 from DATE-OBS'.
[2026-07-28 15:43:02][INFO]   [robust_refine] 空间�WARNING: FITSFixedWarning: 'datfix' made the change 'Set MJD-OBS to 60979.329028 from DATE-OBS'. [astropy.wcs.wcs]
2026-07-28 15:43:03,368 [INFO] wcs_closure: WCS 构建: has_sip=True sip_order=3 ctype=['RA---TAN-SIP', 'DEC--TAN-SIP'] crpix=(2048.500,2048.500) crval=(73.093161,-69.589542)
[2026-07-28 15:43:03] [INFO] [MainThread] solve_and_write_wcs: ============================================================
[2026-07-28 15:43:03] [INFO] [MainThread] solve_and_write_wcs: 读取 FITS 头: F:/Astro dev/Astro CS Normalization Database/testdata/NGC1727_T2_flying_dutchman/lights/NGC1727_RGBHO_T2_flying_dutchman-20251031@075259-1800S-OIII.fts
[2026-07-28 15:43:03] [INFO] [MainThread] solve_and_write_wcs: FITS 头值: OBJCTRA=04 52 22.00, OBJCTDEC=-69 35 23.0, FOCALLEN=1917.5, XPIXSZ=9.0
[2026-07-28 15:43:03] [INFO] [MainThread] solve_and_write_wcs: OBJCTRA=04 52 22.00 -> ra0=73.091667 度
[2026-07-28 15:43:03] [INFO] [MainThread] solve_and_write_wcs: OBJCTDEC=-69 35 23.0 -> dec0=-69.589722 度
[2026-07-28 15:43:03] [INFO] [MainThread] solve_and_write_wcs: 使用传入值 focal_length=1917.70 mm
[2026-07-28 15:43:03] [INFO] [MainThread] solve_and_write_wcs: 使用传入值 pixel_size=9.0000 um
[2026-07-28 15:43:03] [INFO] [MainThread] solve_and_write_wcs: ============================================================
2026-07-28 15:43:03,370 [INFO] wcs_closure_v3: 重跑 PlateSolve 以填充权威 inlier 缓存...
��致性: 1/35 可疑 (K=8, σ=0.072")
[2026-07-28 15:43:02][INFO]   [robust_refine] iter 4: tol=0.300", matched=35, rms=0.1172"→0.1222", cd_Δ=0.0540%, damp=0.00e+00
[2026-07-28 15:43:02][INFO]   [robust_refine] NN 匹配: U=180, W=44, tol=0.300", Lowe通过=33, 双向=33
[2026-07-28 15:43:02][INFO]   [robust_refine] 空间一致性: 1/33 可疑 (K=8, σ=0.068")
[2026-07-28 15:43:02][INFO]   [robust_refine] iter 5: tol=0.300", matched=33, rms=0.1222"→0.0994", cd_Δ=0.0204%, damp=0.00e+00
[2026-07-28 15:43:02][INFO]   [robust_refine] NN 匹配: U=180, W=44, tol=0.300", Lowe通过=33, 双向=33
[2026-07-28 15:43:02][INFO]   [robust_refine] 空间一致性: 1/33 可疑 (K=8, σ=0.068")
[2026-07-28 15:43:02][INFO]   [robust_refine] iter 6: tol=0.300", matched=33, rms=0.0994"→0.0997", cd_Δ=0.0147%, damp=0.00e+00
[2026-07-28 15:43:02][INFO]   [robust_refine] NN 匹配: U=180, W=44, tol=0.300", Lowe通过=33, 双向=33
[2026-07-28 15:43:02][INFO]   [robust_refine] 空间一致性: 1/33 可疑 (K=8, σ=0.068")
[2026-07-28 15:43:02][INFO]   [robust_refine] iter 7: tol=0.300", matched=33, rms=0.0997"→0.1007", cd_Δ=0.0256%, damp=0.00e+00
[2026-07-28 15:43:02][INFO]   [robust_refine] NN 匹配: U=180, W=44, tol=0.300", Lowe通过=33, 双向=33
[2026-07-28 15:43:02][INFO]   [robust_refine] 空间一致性: 1/33 可疑 (K=8, σ=0.067")
[2026-07-28 15:43:02][INFO]   [robust_refine] iter 8: tol=0.300", matched=33, rms=0.1007"→0.1033", cd_Δ=0.0529%, damp=0.00e+00
[2026-07-28 15:43:02][INFO]   [robust_refine] NN 匹配: U=180, W=44, tol=0.300", Lowe通过=33, 双向=33
[2026-07-28 15:43:02][INFO]   [robust_refine] 空间一致性: 2/33 可疑 (K=8, σ=0.065")
[2026-07-28 15:43:02][INFO]   [robust_refine] iter 9: tol=0.300", matched=33, rms=0.1033"→0.1042", cd_Δ=0.0267%, damp=0.00e+00
[2026-07-28 15:43:02][INFO]   [robust_refine] 达到最大迭代次数 10
[2026-07-28 15:43:02][INFO] ==== robust_refine_wcs 成功 ====
  iter=10, matched=33, rms=0.1042" (0.1076 px), cd_Δ=0.2849%, pool=180
[2026-07-28 15:43:02][INFO]   [阶段] robust_refine: 成功, n_matched=33, rms=0.1042", iter=10, pool=180, cd_Δ=0.2849%
[2026-07-28 15:43:02][INFO]   [阶段] robust_refine: 0.98 ms
[2026-07-28 15:43:02][INFO]   [诊断] extract_wcs_sip 入口: trans.order=3, trans.valid=1, ra0=248.609843, dec0=-15.759623, img=4096x4096, s0=0.9680, U.size=1347, W.size=44, matched.size=33
[2026-07-28 15:43:02][INFO]   [V4.22] 清零 trans.x00/y00 (saved: x00=-0.0661, y00=-0.0517)
[2026-07-28 15:43:02][INFO] extract_wcs_sip: SIP A/B 解析公式成功, order=3
[2026-07-28 15:43:02][INFO] extract_wcs_sip: SIP AP/BP 网格反变换成功, ap_order=3, n_inv_coef=10, n_grid=49
[2026-07-28 15:43:02][INFO] extract_wcs_sip: CD=[3.323622e-06 2.685553e-04; -2.685444e-04 3.373645e-06], CRVAL=(248.609843, -15.759623), CRPIX=(2048.5, 2048.5), ctype=[RA---TAN-SIP, DEC--TAN-SIP], n_pairs=33, rms_px=0.1076, rms_arcsec=0.1042, trans_order=3, sip_order=3, ap_order=3
[2026-07-28 15:43:02][INFO]   [阶段] extract_wcs_sip: 0.06 ms, success=1, n_pairs=33, rms_px=0.108, rms_arcsec=0.104, trans_order=3, sip_order=3
[2026-07-28 15:43:02][INFO]   最终: n_pairs=33, rms_px=0.108, rms_arcsec=0.104, trans_order=3, sip_order=3, success=1
[2026-07-28 15:43:02][INFO]   [cache_last_inliers_] 缓存 33 对 inliers (robust=1, s0=0.9680", U_snap.size=1347, gaia.size=44, trans.order=3, ra0=248.609843, dec0=-15.759623)
[2026-07-28 15:43:02][INFO] ==== IPVSolver::solve_from_memory_with_callback 完成 (INTERNAL_DETECTION_SHARED_EXPORT) ====
[2026-07-28 15:43:03][INFO] ==== IPVSolver::solve_from_memory_with_callback 开始 (INTERNAL_DETECTION_SHARED_EXPORT) ====
[2026-07-28 15:43:03][INFO]   pixels=4096x4096 (内存数据)
[2026-07-28 15:43:03][INFO]   ra0=73.091667 deg, dec0=-69.589722 deg
[2026-07-28 15:43:03][INFO]   focal_length=1917.700 mm, pixel_size=9.000 um
[2026-07-28 15:43:03][INFO]   callback=ENABLED
[2026-07-28 15:43:03][INFO] === ipv_select_from_memory_with_callback 启动 (INTERNAL_DETECTION_SHARED_EXPORT) ===
[2026-07-28 15:43:03][INFO] Step 1: 使用内存像素数据 4096×4096
[2026-07-28 15:43:03][INFO] Step 2: 星点检测 (sdet_detect_ex)
[2026-07-28 15:43:03][INFO][SDET] sdet_detect_ex start: 4096x4096
[2026-07-28 15:43:03][DEBUG][SDET] [1] uint16→float: 15.5 ms
[2026-07-28 15:43:03][DEBUG][SDET] [2] Gaussian YvV smooth (sigma=2.0): 119.2 ms
[2026-07-28 15:43:03][INFO][SDET] peaker: median=1110.0000 bgnoise=14.5850 threshold=1182.9249 (median+5*bgnoise)
[2026-07-28 15:43:03][DEBUG][SDET] [3] Threshold: 306.6 ms
[2026-07-28 15:43:03][INFO][SDET] peaker: bg=1110.0 maxi=65535.0 norm=65535.0 dynrange=64425.0 minsatlevel=45097.5 satrange=6442.5 s_factor=3.7169 locthreshold=72.9250
[2026-07-28 15:43:03][DEBUG][SDET] [4] peaker: 60.9 ms (9023 candidates, full peaker 7-step)
[2026-07-28 15:43:03][INFO][SDET] Candidates: 9023
[2026-07-28 15:43:03][INFO][SDET] Peaker stages: pass_threshold=1358230 pass_localmax=24926 pass_count3=13844 pass_boundary=13844 | cond_meanhigh=29 cond_platform=13354 sat_both=9 nonsat=13835
[2026-07-28 15:43:03][INFO][SDET] Auto fitRadius: med_pixels=53 fwhm_est=3.57 auto_radius=10 actual=10
[2026-07-28 15:43:03][INFO][SDET] Task6 candidates sorted by mag_est (desc): maxstars=2000 candidates=9023
[2026-07-28 15:43:04][DEBUG][SDET] [6] Moffat4 fit: 641.9 ms (8415/9023 OK)
[2026-07-28 15:43:04][INFO][SDET] Moffat4 fit: 8415/9023 OK
[2026-07-28 15:43:04][INFO][SDET] === Fit statistics by pixel count ===
[2026-07-28 15:43:04][INFO][SDET]   px[5-9]: total=210 ok=192(91.4%) invalid=0 noconv=18 iterlimit=0
[2026-07-28 15:43:04][INFO][SDET]   px[10-19]: total=875 ok=812(92.8%) invalid=0 noconv=63 iterlimit=0
[2026-07-28 15:43:04][INFO][SDET]   px[20-49]: total=2793 ok=2610(93.4%) invalid=0 noconv=183 iterlimit=0
[2026-07-28 15:43:04][INFO][SDET]   px[50-99]: total=2561 ok=2399(93.7%) invalid=0 noconv=162 iterlimit=0
[2026-07-28 15:43:04][INFO][SDET]   px[100-299]: total=2157 ok=2000(92.7%) invalid=0 noconv=157 iterlimit=0
[2026-07-28 15:43:04][DEBUG][SDET] [7] FWHM stats: 0.7 ms (med=2.7958 mad=0.3066)
[2026-07-28 15:43:04][INFO][SDET] FWHM stats: med=2.7958 mad=0.3066 (from 8415 fitted stars)
[2026-07-28 15:43:04][DEBUG][SDET] [8] Build normal stars: 6.7 ms (6104 stars, fit_fail=608 fwhm=0 round=369 reject=1942)
[2026-07-28 15:43:04][INFO][SDET] Normal stars: 6104 (fit_fail=608 fwhm=0 roundness=369 reject=1942)
[2026-07-28 15:43:04][DEBUG][SDET] [9] Saturated star detection skipped (V4.52: use A>dynrange from peaker): 0.1 ms
[2026-07-28 15:43:04][DEBUG][SDET] [10a] Dedup: 2.3 ms
[2026-07-28 15:43:04][DEBUG][SDET] [10b] Sort: 0.4 ms
[2026-07-28 15:43:04][INFO][SDET] After dedup+sort: 6103 stars (saturated=32 normal=6071)
[2026-07-28 15:43:04][INFO][SDET] sdet_detect_ex done: 2000 stars (sat=32 normal=6071), 1.154 s
[2026-07-28 15:43:04][INFO]   检测到星点: 2000 颗 (饱和 32, 正常 1968)
[2026-07-28 15:43:04][INFO] Step 2.5: 调用 callback 导出 detections (INTERNAL_DETECTION_SHARED_EXPORT)
[2026-07-28 15:43:04][INFO]   callback 完成, 源缓冲区已由 callback 复制
[2026-07-28 15:43:04][INFO] Step 3: 图像侧选星
[2026-07-28 15:43:04][INFO] 选星: 按 mag(box积分) 升序取前 60 颗 (含饱和 31 颗)
[2026-07-28 15:43:04][INFO]   U 向量组: 60×2 (s0=0.9680"/px)
[2026-07-28 15:43:04][INFO] Step 4: FOV/密度计算
[2026-07-28 15:43:04][INFO] FOV计算: s0=0.9680"/px, FOV_diag=1.5576°, query_r=0.8567°, img_area=1.21308°², query_area=2.30566°², rho_img=49.46, rho_target=74.19, n_target=60
[2026-07-28 15:43:04][INFO] Step 5: V4.9 密度公式估算极限星等 (替代迭代)
[2026-07-28 15:43:04][INFO] 密度估算极限星等: G=11.051 (n_required=60, area=2.3057°², rho_target=26.02/°²)
[2026-07-28 15:43:04][INFO] Step 6: 用 m_lim=11.051 查询 Gaia 星表
[2026-07-28 15:43:17][WARN] V4.9 补救查询 1: Gaia 返回 51 < n_target=60, 放宽到 m=12.051
[2026-07-28 15:43:18][INFO] Step 7: Gnomonic 投影 + FOV 过滤
[2026-07-28 15:43:18][INFO]   W 向量组: 60×2 (FOV 内 71, 取最亮 60, gaia_ra/dec 已保存)
[2026-07-28 15:43:18][INFO] === ipv_select_from_memory_with_callback 完成 (INTERNAL_DETECTION_SHARED_EXPORT) ===
[2026-07-28 15:43:18][INFO] === triangle_match 开始: N_U=60, N_W=60, n_A0=60, n_B0=60, tol=0.0020, s0=0.9680 ===
[2026-07-28 15:43:18][INFO] triangle_match: stage=0, nA=60, nB=60
[2026-07-28 15:43:18][INFO] triangle_match_single: n_A=60, n_B=60, tol=0.0020, s0=0.9680, scale=[0.8609,1.2913]
[2026-07-28 15:43:18][DEBUG] stars_to_triangles: N=60, expected=34220, valid=34220, skipped_degenerate=0 (并行, 16 线程)
[2026-07-28 15:43:18][DEBUG] stars_to_triangles: prune_triangle_array ba>0.9 剪枝: before=34220, after=25395, pruned=8825
[2026-07-28 15:43:18][DEBUG] stars_to_triangles: N=60, expected=34220, valid=34220, skipped_degenerate=0 (并行, 16 线程)
[2026-07-28 15:43:18][DEBUG] stars_to_triangles: prune_triangle_array ba>0.9 剪枝: before=34220, after=24773, pruned=9447
[2026-07-28 15:43:18][INFO] make_vote_matrix: n_A=25395, n_B=24773, matched_triangles=36748, vote_matrix=60x60, scale_rejected=53755 (range=[0.8609,1.2913]) [并行 16 线程]
[2026-07-28 15:43:18][INFO] top_vote_getters: 矩阵=60x60, 候选对数(vote>=2)=3595, top_n=60
[2026-07-28 15:43:18][INFO] top_vote_getters: V4.25 去重后 top_pairs=60, 去重剔除=3307
[2026-07-28 15:43:18][INFO]   [调试] top[0]: u=31 w=39, votes=721
[2026-07-28 15:43:18][INFO]   [调试] top[1]: u=29 w=25, votes=717
[2026-07-28 15:43:18][INFO]   [调试] top[2]: u=2 w=1, votes=715
[2026-07-28 15:43:18][INFO]   [调试] top[3]: u=30 w=21, votes=707
[2026-07-28 15:43:18][INFO]   [调试] top[4]: u=33 w=23, votes=688
[2026-07-28 15:43:18][INFO]   [调试] top[5]: u=18 w=20, votes=683
[2026-07-28 15:43:18][INFO]   [调试] top[6]: u=47 w=31, votes=678
[2026-07-28 15:43:18][INFO]   [调试] top[7]: u=22 w=12, votes=667
[2026-07-28 15:43:18][INFO]   [调试] top[8]: u=4 w=4, votes=664
[2026-07-28 15:43:18][INFO]   [调试] top[9]: u=39 w=34, votes=663
[2026-07-28 15:43:18][INFO] triangle_match_single 完成: tri_A=25395, tri_B=24773, vote_matrix=60x60, max_vote=721, 候选对数(vote>=2)=3595, top_pairs=60
[2026-07-28 15:43:18][INFO] triangle_match: stage=0 成功 (max_vote=721 >= 3), 停止自适应
[2026-07-28 15:43:18][INFO] === triangle_match 结束: tri_A=25395, tri_B=24773, top_pairs=60, max_vote=721, success=1 ===
[2026-07-28 15:43:18][INFO] [P02-002] n_target=60, max_vote=721, threshold=2
[2026-07-28 15:43:18][INFO]   [阶段] triangle_match (n=60): 65.73 ms, max_vote=721, top_pairs=60, success=1
[2026-07-28 15:43:18][INFO]   [阶段] triangle_match: 65.74 ms, n_target_used=60
[2026-07-28 15:43:18][INFO]   N_U=60, N_W=60, s0=0.9680 arcsec/px, img=4096x4096, fov_diag=1.5576 deg
[2026-07-28 15:43:18][INFO] iter_trans_solve: U=60, W=60, initial_pairs=60, tol=5.00, order=3
[2026-07-28 15:43:18][DEBUG] calc_trans_general: order=3, n_pairs=20, 拟合成功
[2026-07-28 15:43:18][INFO] iter_trans_inner: 初始拟合完成, 初始工作集=20, order=3
[2026-07-28 15:43:18][INFO]   [调试] 初始 TRANS: x00=1.7994 y00=0.7211, x10=-0.025879 x01=0.966356 y10=0.966439 y01=0.026375
[2026-07-28 15:43:18][INFO]   [调试] 初始对[0]: u=31 w=39, U=(-1126.81,1720.90), W=(1687.27,-1038.34), pred=(1687.25,-1038.37), dist=0.0371" (dx=-0.02 dy=-0.03)
[2026-07-28 15:43:18][INFO]   [调试] 初始对[1]: u=29 w=25, U=(60.44,-443.28), W=(-427.70,47.80), pred=(-428.02,47.44), dist=0.4838" (dx=-0.32 dy=-0.36)
[2026-07-28 15:43:18][INFO]   [调试] 初始对[2]: u=2 w=1, U=(691.15,28.53), W=(11.28,669.06), pred=(11.39,669.18), dist=0.1645" (dx=0.11 dy=0.12)
[2026-07-28 15:43:18][INFO]   [调试] 初始对[3]: u=30 w=21, U=(373.88,627.30), W=(598.13,378.54), pred=(598.08,378.43), dist=0.1266" (dx=-0.05 dy=-0.12)
[2026-07-28 15:43:18][INFO]   [调试] 初始对[4]: u=33 w=23, U=(-1335.58,-1348.63), W=(-1261.64,-1320.24), pred=(-1261.71,-1320.31), dist=0.1005" (dx=-0.07 dy=-0.07)
[2026-07-28 15:43:18][INFO]   [调试] 初始对[5]: u=18 w=20, U=(612.04,-115.68), W=(-125.86,589.07), pred=(-125.86,589.00), dist=0.0689" (dx=0.00 dy=-0.07)
[2026-07-28 15:43:18][INFO] iter_trans_inner: V4.23 工作集扩展 20->60 (nr=nbright)
[2026-07-28 15:43:18][DEBUG] iter 0: 绝对剔除 nr=60→45, nb=15
[2026-07-28 15:43:18][DEBUG] iter 0: sigma(35%)=0.016032 角秒²
[2026-07-28 15:43:18][DEBUG] iter 0: 相对剔除 nr=37, nb=23, rel_thresh=0.160316
[2026-07-28 15:43:18][DEBUG] calc_trans_general: order=3, n_pairs=37, 拟合成功
[2026-07-28 15:43:18][INFO] iter_trans_inner: 完成, nr=37, sig=0.0176, rms=0.1316, iters=1, success=1
[2026-07-28 15:43:18][INFO] iter_trans_solve: 第一轮 iter_trans 成功, inliers=37, rms=0.1316
[2026-07-28 15:43:18][INFO] at_match_lists: U=60, W=60, tol=5.00", U→W单向=45, W→U单向=45, 双向=45, 去重后=45
[2026-07-28 15:43:18][DEBUG] calc_trans_general: order=3, n_pairs=45, 拟合成功
[2026-07-28 15:43:18][INFO] at_recalc_trans: 二轮 sigma-clip (thresh=0.489", 剔除=2, 保留=43)
[2026-07-28 15:43:18][DEBUG] calc_trans_general: order=3, n_pairs=43, 拟合成功
[2026-07-28 15:43:18][INFO] at_recalc_trans: 二轮完成, n=43, sig=0.0227, sx=0.0826, sy=0.1126, rms=0.1597
[2026-07-28 15:43:18][INFO] at_recalc_trans: n=43, order=3, sig=0.0227, sx=0.0826, sy=0.1126, rms=0.1597
[2026-07-28 15:43:18][INFO] iter_trans_solve: 第一轮 refit 成功, inliers=43, rms=0.1597
[2026-07-28 15:43:18][INFO] at_match_lists: U=60, W=60, tol=5.00", U→W单向=45, W→U单向=45, 双向=45, 去重后=45
[2026-07-28 15:43:18][DEBUG] calc_trans_general: order=3, n_pairs=45, 拟合成功
[2026-07-28 15:43:18][INFO] at_recalc_trans: 二轮 sigma-clip (thresh=0.489", 剔除=2, 保留=43)
[2026-07-28 15:43:18][DEBUG] calc_trans_general: order=3, n_pairs=43, 拟合成功
[2026-07-28 15:43:18][INFO] at_recalc_trans: 二轮完成, n=43, sig=0.0227, sx=0.0826, sy=0.1126, rms=0.1597
[2026-07-28 15:43:18][INFO] at_recalc_trans: n=43, order=3, sig=0.0227, sx=0.0826, sy=0.1126, rms=0.1597
[2026-07-28 15:43:18][INFO] iter_trans_solve: 第二轮 refit 成功, inliers=43, rms=0.1597
[2026-07-28 15:43:18][INFO]   [阶段] iter_trans_solve: 0.21 ms, n_inliers=43, rms=0.1597, iters=3, success=1
[2026-07-28 15:43:18][INFO]   [诊断] iterative_reproject 入口: U.size=60, gaia_ra.size=60, gaia_dec.size=60, initial_inliers.size=43, s0=0.9680, img=4096x4096
[2026-07-28 15:43:18][INFO] iterative_reproject: 开始 (N_W=60, n_inliers=43, s0=0.9680"/px, max_iter=5, conv_thresh=0.0100")
[2026-07-28 15:43:18][INFO]   iter 0: ra_cur=73.091667 dec_cur=-69.589722, xi_center=1.8756" eta_center=0.6497", conv=1.9849" (thresh=0.0100")
[2026-07-28 15:43:18][INFO]   iter 0: 新中心 ra=73.093161 dec=-69.589542 (Δra=0.001494° Δdec=0.000180°)
[2026-07-28 15:43:18][DEBUG] calc_trans_general: order=3, n_pairs=43, 拟合成功
[2026-07-28 15:43:18][INFO] at_recalc_trans: n=43, order=3, sig=0.0227, sx=0.0826, sy=0.1126, rms=0.1597
[2026-07-28 15:43:18][INFO]   iter 0: at_recalc_trans 成功, n=43, sig=0.0227, rms=0.1597, x00=-0.0000 y00=-0.0000 (asec)
[2026-07-28 15:43:18][INFO]   iter 1: 收敛 (TRANS 常数项 = 0.0000" < 0.0100")
[2026-07-28 15:43:18][INFO] iterative_reproject: 完成 (收敛), ra=73.091667→73.093161 dec=-69.589722→-69.589542, n_matched=43 (固定), iters=1, conv=0.0000"
[2026-07-28 15:43:18][INFO]   [阶段] iterative_reproject: 0.16 ms, success=1, ra=73.091667→73.093161, dec=-69.589722→-69.589542, n_matched=43, iters=1, conv=0.0000"
[2026-07-28 15:43:18][INFO] at_match_lists: U=60, W=60, tol=5.00", U→W单向=45, W→U单向=45, 双向=45, 去重后=45
[2026-07-28 15:43:18][INFO]   [阶段] hi_order_rematch iter 0: n_matched=45 (min=10, order=3)
[2026-07-28 15:43:18][DEBUG] calc_trans_general: order=3, n_pairs=45, 拟合成功
[2026-07-28 15:43:18][INFO] at_recalc_trans: 二轮 sigma-clip (thresh=0.489", 剔除=2, 保留=43)
[2026-07-28 15:43:18][DEBUG] calc_trans_general: order=3, n_pairs=43, 拟合成功
[2026-07-28 15:43:18][INFO] at_recalc_trans: 二轮完成, n=43, sig=0.0227, sx=0.0826, sy=0.1126, rms=0.1597
[2026-07-28 15:43:18][INFO] at_recalc_trans: n=43, order=3, sig=0.0227, sx=0.0826, sy=0.1126, rms=0.1597
[2026-07-28 15:43:18][INFO] at_match_lists: U=60, W=60, tol=5.00", U→W单向=45, W→U单向=45, 双向=45, 去重后=45
[2026-07-28 15:43:18][DEBUG] calc_trans_general: order=3, n_pairs=45, 拟合成功
[2026-07-28 15:43:18][INFO] at_recalc_trans: 二轮 sigma-clip (thresh=0.489", 剔除=2, 保留=43)
[2026-07-28 15:43:18][DEBUG] calc_trans_general: order=3, n_pairs=43, 拟合成功
[2026-07-28 15:43:18][INFO] at_recalc_trans: 二轮完成, n=43, sig=0.0227, sx=0.0826, sy=0.1126, rms=0.1597
[2026-07-28 15:43:18][INFO] at_recalc_trans: n=43, order=3, sig=0.0227, sx=0.0826, sy=0.1126, rms=0.1597
[2026-07-28 15:43:18][INFO]   [阶段] hi_order_rematch iter 1: 收敛 (dn=0, drms=0.0000)
[2026-07-28 15:43:18][INFO]   [阶段] hi_order_rematch: 0.10 ms, n_matched=45, trans.order=3
[2026-07-28 15:43:18][INFO] ==== robust_refine_wcs 开始 (V4.30) ====
  U_full=2000, mag_full=2000, gaia=60
  ra0=73.093161, dec0=-69.589542, s0=0.9680"/px, fov=1.5576°, img=4096x4096
  initial_rms=0.0227", trans.order=3
[2026-07-28 15:43:18][INFO]   [robust_refine] 网格采样: FOV=1.558°, G_short=3, N_long=3, n_cells=9, quota=20, narrow_all=0, N_full=2000
[2026-07-28 15:43:18][INFO]   [robust_refine] 网格采样完成: 选中 180 颗 (上限 300, 下限 100)
[2026-07-28 15:43:18][INFO]   [robust_refine] NN 匹配: U=180, W=60, tol=1.000", Lowe通过=51, 双向=51
[2026-07-28 15:43:18][INFO]   [robust_refine] baseline: initial_rms=0.0227" (60星), U_pool RMS=0.2071" (180 星, matched=51)
[2026-07-28 15:43:18][INFO]   [robust_refine] NN 匹配: U=180, W=60, tol=1.000", Lowe通过=51, 双向=51
[2026-07-28 15:43:18][INFO]   [robust_refine] 空间一致性: 2/51 可疑 (K=8, σ=0.094")
[2026-07-28 15:43:18][INFO]   [robust_refine] iter 0: tol=1.000", matched=51, rms=0.2071"→0.2045", cd_Δ=0.1149%, damp=0.00e+00
[2026-07-28 15:43:18][INFO]   [robust_refine] NN 匹配: U=180, W=60, tol=0.500", Lowe通过=50, 双向=50
[2026-07-28 15:43:18][INFO]   [robust_refine] 空间一致性: 2/50 可疑 (K=8, σ=0.090")
[2026-07-28 15:43:18][INFO]   [robust_refine] iter 1: tol=0.500", matched=50, rms=0.2045"→0.1774", cd_Δ=0.0238%, damp=0.00e+00
[2026-07-28 15:43:18][INFO]   [robust_refine] NN 匹配: U=180, W=60, tol=0.500", Lowe通过=50, 双向=50
[2026-07-28 15:43:18][INFO]   [robust_refine] 空间一致性: 2/50 可疑 (K=8, σ=0.087")
[2026-07-28 15:43:18][INFO]   [robust_refine] iter 2: tol=0.500", matched=50, rms=0.1774"→0.1792", cd_Δ=0.0045%, damp=0.00e+00
[2026-07-28 15:43:18][INFO]   [robust_refine] NN 匹配: U=180, W=60, tol=0.300", Lowe通过=44, 双向=44
[2026-07-28 15:43:18][INFO]   [robust_refine] iter 3: tol=0.300", matched=44, rms=0.1792"→0.1186", cd_Δ=0.0112%, damp=0.00e+00
[2026-07-28 15:43:18][INFO]   [robust_refine] NN 匹配: U=180, W=60, tol=0.300", Lowe通过=44, 双向=44
2026-07-28 15:43:18,863 [INFO] wcs_closure_v3: 权威 inlier: n=45 (来自 IPVSolver.get_last_inliers)
2026-07-28 15:43:18,864 [INFO] wcs_closure_v3: [A 层 内部 TRANS 预测] n=45, p68=0.1321 px, p90=0.2064 px, p99=0.2857 px
2026-07-28 15:43:18,866 [INFO] wcs_closure_v3: [B 层 预剔除诊断] n=45, CRPIX_0based=(2048.50,2048.50), det_xy range=[34.3,326.6]~[3854.1,4011.1], ext_pred range=[34.3,326.5]~[3854.2,4011.1], ext_dist: median=0.1015 p68=0.1399 p90=0.2210 p99=0.2924 max=0.3121
2026-07-28 15:43:18,867 [INFO] wcs_closure: Siril 迭代剔除完成: 1 次迭代, 保留 45/45, final p68=0.1411 px
2026-07-28 15:43:18,867 [INFO] wcs_closure_v3: Siril 剔除后保留: 45/45 对 (剔除 0)
2026-07-28 15:43:18,867 [INFO] wcs_closure_v3: [B 层 外部 WCS 回投] n=45, p68=0.1411 px, p90=0.2210 px, p99=0.2924 px
2026-07-28 15:43:18,867 [INFO] wcs_closure_v3: [A vs B 预测差] delta_dist: median=2023.4832 px, p90=3802.8621 px, max=5144.9478 px
2026-07-28 15:43:18,873 [INFO] wcs_closure_v3: 权威星对已保存 (JSONL): engineering_v1.3\evidence\P11-004\reports/gate_v2_post_repair\T2_OIII_NGC1727\matched_pairs_authoritative.jsonl (n=45)
2026-07-28 15:43:18,873 [INFO] wcs_closure_v3: 闭环报告已保存: engineering_v1.3\evidence\P11-004\reports/gate_v2_post_repair\T2_OIII_NGC1727\closure_report.json
2026-07-28 15:43:18,873 [INFO] wcs_closure_v3: [Gate] p68=0.1411 (<=0.75:True) p90=0.2210 (<=1.5:True) p99=0.2924 (<=3.0:True) n=45 (>=5:True) => PASS
2026-07-28 15:43:19,500 [INFO] wcs_closure: 残差图已保存: engineering_v1.3\evidence\P11-004\reports/gate_v2_post_repair\T2_OIII_NGC1727\residual_plot.png
2026-07-28 15:43:19,688 [INFO] wcs_closure: 四象限分布图已保存: engineering_v1.3\evidence\P11-004\reports/gate_v2_post_repair\T2_OIII_NGC1727\quadrant_plot.png
2026-07-28 15:43:19,688 [INFO] wcs_closure_v3: 权威星对诊断完成: NGC1727_RGBHO_T2_flying_dutchman-20251031@075259-1800S-OIII (耗时 15.58s)
2026-07-28 15:43:19,691 [INFO] wcs_closure_v3: ======================================================================
2026-07-28 15:43:19,691 [INFO] wcs_closure_v3: P11-004 v3.0 权威星对诊断: NGC55_T3_flying_dutchman-20250703@075400-600S-Lum
2026-07-28 15:43:19,691 [INFO] wcs_closure_v3: FITS: F:/Astro dev/Astro CS Normalization Database/testdata/NGC55_T3_flying_dutchman/lights/NGC55_T3_flying_dutchman-20250703@075400-600S-Lum.fts
2026-07-28 15:43:19,691 [INFO] wcs_closure_v3: MODE: authoritative_pairs (kd-tree rematch DISABLED)
2026-07-28 15:43:19,691 [INFO] wcs_closure: 读取 FITS: F:/Astro dev/Astro CS Normalization Database/testdata/NGC55_T3_flying_dutchman/lights/NGC55_T3_flying_dutchman-20250703@075400-600S-Lum.fts
2026-07-28 15:43:19,748 [INFO] wcs_closure: 图像尺寸: 4096x4096
[2026-07-28 15:43:18][INFO]   [robust_refine] iter 4: tol=0.300", matched=44, rms=0.1WARNING: FITSFixedWarning: 'datfix' made the change 'Set MJD-OBS to 60859.329595 from DATE-OBS'. [astropy.wcs.wcs]
2026-07-28 15:43:19,760 [WARNING] astropy: FITSFixedWarning: 'datfix' made the change 'Set MJD-OBS to 60859.329595 from DATE-OBS'.
2026-07-28 15:43:19,761 [INFO] wcs_closure: WCS 构建: has_sip=True sip_order=3 ctype=['RA---TAN-SIP', 'DEC--TAN-SIP'] crpix=(2048.500,2048.500) crval=(3.749809,-39.194258)
[2026-07-28 15:43:19] [INFO] [MainThread] solve_and_write_wcs: ============================================================
[2026-07-28 15:43:19] [INFO] [MainThread] solve_and_write_wcs: 读取 FITS 头: F:/Astro dev/Astro CS Normalization Database/testdata/NGC55_T3_flying_dutchman/lights/NGC55_T3_flying_dutchman-20250703@075400-600S-Lum.fts
[2026-07-28 15:43:19] [INFO] [MainThread] solve_and_write_wcs: FITS 头值: OBJCTRA=00 15 00.00, OBJCTDEC=-39 11 39.0, FOCALLEN=1934.7, XPIXSZ=9.0
[2026-07-28 15:43:19] [INFO] [MainThread] solve_and_write_wcs: OBJCTRA=00 15 00.00 -> ra0=3.750000 度
[2026-07-28 15:43:19] [INFO] [MainThread] solve_and_write_wcs: OBJCTDEC=-39 11 39.0 -> dec0=-39.194167 度
[2026-07-28 15:43:19] [INFO] [MainThread] solve_and_write_wcs: 使用传入值 focal_length=1900.00 mm
[2026-07-28 15:43:19] [INFO] [MainThread] solve_and_write_wcs: 使用传入值 pixel_size=9.0000 um
[2026-07-28 15:43:19] [INFO] [MainThread] solve_and_write_wcs: ============================================================
2026-07-28 15:43:19,764 [INFO] wcs_closure_v3: 重跑 PlateSolve 以填充权威 inlier 缓存...
186"→0.1190", cd_Δ=0.0034%, damp=0.00e+00
[2026-07-28 15:43:18][INFO]   [robust_refine] NN 匹配: U=180, W=60, tol=0.300", Lowe通过=44, 双向=44
[2026-07-28 15:43:18][INFO]   [robust_refine] iter 5: tol=0.300", matched=44, rms=0.1190"→0.1195", cd_Δ=0.0023%, damp=0.00e+00
[2026-07-28 15:43:18][INFO]   [robust_refine] NN 匹配: U=180, W=60, tol=0.300", Lowe通过=44, 双向=44
[2026-07-28 15:43:18][INFO]   [robust_refine] iter 6: tol=0.300", matched=44, rms=0.1195"→0.1198", cd_Δ=0.0019%, damp=0.00e+00
[2026-07-28 15:43:18][INFO]   [robust_refine] NN 匹配: U=180, W=60, tol=0.300", Lowe通过=44, 双向=44
[2026-07-28 15:43:18][INFO]   [robust_refine] iter 7: tol=0.300", matched=44, rms=0.1198"→0.1200", cd_Δ=0.0016%, damp=0.00e+00
[2026-07-28 15:43:18][INFO]   [robust_refine] NN 匹配: U=180, W=60, tol=0.300", Lowe通过=45, 双向=45
[2026-07-28 15:43:18][INFO]   [robust_refine] iter 8: tol=0.300", matched=45, rms=0.1200"→0.1257", cd_Δ=0.0140%, damp=0.00e+00
[2026-07-28 15:43:18][INFO]   [robust_refine] NN 匹配: U=180, W=60, tol=0.300", Lowe通过=45, 双向=45
[2026-07-28 15:43:18][INFO]   [robust_refine] iter 9: tol=0.300", matched=45, rms=0.1257"→0.1259", cd_Δ=0.0145%, damp=0.00e+00
[2026-07-28 15:43:18][INFO]   [robust_refine] 达到最大迭代次数 10
[2026-07-28 15:43:18][INFO] ==== robust_refine_wcs 成功 ====
  iter=10, matched=45, rms=0.1259" (0.1301 px), cd_Δ=0.1149%, pool=180
[2026-07-28 15:43:18][INFO]   [阶段] robust_refine: 成功, n_matched=45, rms=0.1259", iter=10, pool=180, cd_Δ=0.1149%
[2026-07-28 15:43:18][INFO]   [阶段] robust_refine: 0.83 ms
[2026-07-28 15:43:18][INFO]   [诊断] extract_wcs_sip 入口: trans.order=3, trans.valid=1, ra0=73.093161, dec0=-69.589542, img=4096x4096, s0=0.9680, U.size=2000, W.size=60, matched.size=45
[2026-07-28 15:43:18][INFO]   [V4.22] 清零 trans.x00/y00 (saved: x00=0.0163, y00=0.0399)
[2026-07-28 15:43:18][INFO] extract_wcs_sip: SIP A/B 解析公式成功, order=3
[2026-07-28 15:43:18][INFO] extract_wcs_sip: SIP AP/BP 网格反变换成功, ap_order=3, n_inv_coef=10, n_grid=49
[2026-07-28 15:43:18][INFO] extract_wcs_sip: CD=[-7.268203e-06 -2.684714e-04; 2.684935e-04 -7.313307e-06], CRVAL=(73.093161, -69.589542), CRPIX=(2048.5, 2048.5), ctype=[RA---TAN-SIP, DEC--TAN-SIP], n_pairs=45, rms_px=0.1301, rms_arcsec=0.1259, trans_order=3, sip_order=3, ap_order=3
[2026-07-28 15:43:18][INFO]   [阶段] extract_wcs_sip: 0.04 ms, success=1, n_pairs=45, rms_px=0.130, rms_arcsec=0.126, trans_order=3, sip_order=3
[2026-07-28 15:43:18][INFO]   最终: n_pairs=45, rms_px=0.130, rms_arcsec=0.126, trans_order=3, sip_order=3, success=1
[2026-07-28 15:43:18][INFO]   [cache_last_inliers_] 缓存 45 对 inliers (robust=1, s0=0.9680", U_snap.size=2000, gaia.size=60, trans.order=3, ra0=73.093161, dec0=-69.589542)
[2026-07-28 15:43:18][INFO] ==== IPVSolver::solve_from_memory_with_callback 完成 (INTERNAL_DETECTION_SHARED_EXPORT) ====
[2026-07-28 15:43:19][INFO] ==== IPVSolver::solve_from_memory_with_callback 开始 (INTERNAL_DETECTION_SHARED_EXPORT) ====
[2026-07-28 15:43:19][INFO]   pixels=4096x4096 (内存数据)
[2026-07-28 15:43:19][INFO]   ra0=3.750000 deg, dec0=-39.194167 deg
[2026-07-28 15:43:19][INFO]   focal_length=1900.000 mm, pixel_size=9.000 um
[2026-07-28 15:43:19][INFO]   callback=ENABLED
[2026-07-28 15:43:19][INFO] === ipv_select_from_memory_with_callback 启动 (INTERNAL_DETECTION_SHARED_EXPORT) ===
[2026-07-28 15:43:19][INFO] Step 1: 使用内存像素数据 4096×4096
[2026-07-28 15:43:19][INFO] Step 2: 星点检测 (sdet_detect_ex)
[2026-07-28 15:43:19][INFO][SDET] sdet_detect_ex start: 4096x4096
[2026-07-28 15:43:19][DEBUG][SDET] [1] uint16→float: 14.5 ms
[2026-07-28 15:43:19][DEBUG][SDET] [2] Gaussian YvV smooth (sigma=2.0): 113.4 ms
[2026-07-28 15:43:20][INFO][SDET] peaker: median=2020.0000 bgnoise=29.9264 threshold=2169.6323 (median+5*bgnoise)
[2026-07-28 15:43:20][DEBUG][SDET] [3] Threshold: 302.9 ms
[2026-07-28 15:43:20][INFO][SDET] peaker: bg=2020.0 maxi=65535.0 norm=65535.0 dynrange=63515.0 minsatlevel=44460.5 satrange=6351.5 s_factor=3.7169 locthreshold=149.6322
[2026-07-28 15:43:20][DEBUG][SDET] [4] peaker: 27.1 ms (1645 candidates, full peaker 7-step)
[2026-07-28 15:43:20][INFO][SDET] Candidates: 1645
[2026-07-28 15:43:20][INFO][SDET] Peaker stages: pass_threshold=594933 pass_localmax=4162 pass_count3=2733 pass_boundary=2733 | cond_meanhigh=95 cond_platform=2352 sat_both=44 nonsat=2689
[2026-07-28 15:43:20][INFO][SDET] Auto fitRadius: med_pixels=80 fwhm_est=4.39 auto_radius=13 actual=13
[2026-07-28 15:43:20][INFO][SDET] Task6 candidates sorted by mag_est (desc): maxstars=2000 candidates=1645
[2026-07-28 15:43:20][DEBUG][SDET] [6] Moffat4 fit: 148.3 ms (1593/1645 OK)
[2026-07-28 15:43:20][INFO][SDET] Moffat4 fit: 1593/1645 OK
[2026-07-28 15:43:20][INFO][SDET] === Fit statistics by pixel count ===
[2026-07-28 15:43:20][INFO][SDET]   px[5-9]: total=22 ok=22(100.0%) invalid=0 noconv=0 iterlimit=0
[2026-07-28 15:43:20][INFO][SDET]   px[10-19]: total=91 ok=90(98.9%) invalid=0 noconv=1 iterlimit=0
[2026-07-28 15:43:20][INFO][SDET]   px[20-49]: total=404 ok=403(99.8%) invalid=0 noconv=1 iterlimit=0
[2026-07-28 15:43:20][INFO][SDET]   px[50-99]: total=403 ok=395(98.0%) invalid=0 noconv=8 iterlimit=0
[2026-07-28 15:43:20][INFO][SDET]   px[100-299]: total=668 ok=628(94.0%) invalid=0 noconv=40 iterlimit=0
[2026-07-28 15:43:20][DEBUG][SDET] [7] FWHM stats: 0.2 ms (med=2.5709 mad=0.2498)
[2026-07-28 15:43:20][INFO][SDET] FWHM stats: med=2.5709 mad=0.2498 (from 1593 fitted stars)
[2026-07-28 15:43:20][DEBUG][SDET] [8] Build normal stars: 1.4 ms (1483 stars, fit_fail=52 fwhm=0 round=25 reject=85)
[2026-07-28 15:43:20][INFO][SDET] Normal stars: 1483 (fit_fail=52 fwhm=0 roundness=25 reject=85)
[2026-07-28 15:43:20][DEBUG][SDET] [9] Saturated star detection skipped (V4.52: use A>dynrange from peaker): 0.0 ms
[2026-07-28 15:43:20][DEBUG][SDET] [10a] Dedup: 0.4 ms
[2026-07-28 15:43:20][DEBUG][SDET] [10b] Sort: 0.1 ms
[2026-07-28 15:43:20][INFO][SDET] After dedup+sort: 1483 stars (saturated=111 normal=1372)
[2026-07-28 15:43:20][INFO][SDET] sdet_detect_ex done: 1483 stars (sat=111 normal=1372), 0.609 s
[2026-07-28 15:43:20][INFO]   检测到星点: 1483 颗 (饱和 111, 正常 1372)
[2026-07-28 15:43:20][INFO] Step 2.5: 调用 callback 导出 detections (INTERNAL_DETECTION_SHARED_EXPORT)
[2026-07-28 15:43:20][INFO]   callback 完成, 源缓冲区已由 callback 复制
[2026-07-28 15:43:20][INFO] Step 3: 图像侧选星
[2026-07-28 15:43:20][INFO] 选星: 按 mag(box积分) 升序取前 60 颗 (含饱和 60 颗)
[2026-07-28 15:43:20][INFO]   U 向量组: 60×2 (s0=0.9770"/px)
[2026-07-28 15:43:20][INFO] Step 4: FOV/密度计算
[2026-07-28 15:43:20][INFO] FOV计算: s0=0.9770"/px, FOV_diag=1.5721°, query_r=0.8647°, img_area=1.23579°², query_area=2.34882°², rho_img=48.55, rho_target=72.83, n_target=60
[2026-07-28 15:43:20][INFO] Step 5: V4.9 密度公式估算极限星等 (替代迭代)
[2026-07-28 15:43:20][INFO] 密度估算极限星等: G=11.045 (n_required=60, area=2.3488°², rho_target=25.54/°²)
[2026-07-28 15:43:20][INFO] Step 6: 用 m_lim=11.045 查询 Gaia 星表
[2026-07-28 15:43:20][WARN] V4.9 补救查询 1: Gaia 返回 23 < n_target=60, 放宽到 m=12.045
[2026-07-28 15:43:20][WARN] V4.9 补救查询 2: Gaia 返回 52 < n_target=60, 放宽到 m=13.045
[2026-07-28 15:43:20][INFO] Step 7: Gnomonic 投影 + FOV 过滤
[2026-07-28 15:43:20][INFO]   W 向量组: 49×2 (FOV 内 49, 取最亮 49, gaia_ra/dec 已保存)
[2026-07-28 15:43:20][INFO] === ipv_select_from_memory_with_callback 完成 (INTERNAL_DETECTION_SHARED_EXPORT) ===
[2026-07-28 15:43:20][INFO] === triangle_match 开始: N_U=60, N_W=49, n_A0=60, n_B0=60, tol=0.0020, s0=0.9770 ===
[2026-07-28 15:43:20][INFO] triangle_match: stage=0 nA=60 nB=60 超过实际星数, 停止扩充
[2026-07-28 15:43:20][INFO] triangle_match_single: n_A=60, n_B=49, tol=0.0020, s0=0.9770, scale=[0.8529,1.2794]
[2026-07-28 15:43:20][DEBUG] stars_to_triangles: N=60, expected=34220, valid=34220, skipped_degenerate=0 (并行, 16 线程)
[2026-07-28 15:43:20][DEBUG] stars_to_triangles: prune_triangle_array ba>0.9 剪枝: before=34220, after=24228, pruned=9992
[2026-07-28 15:43:20][DEBUG] stars_to_triangles: N=49, expected=18424, valid=18424, skipped_degenerate=0 (并行, 16 线程)
[2026-07-28 15:43:20][DEBUG] stars_to_triangles: prune_triangle_array ba>0.9 剪枝: before=18424, after=13409, pruned=5015
[2026-07-28 15:43:20][INFO] make_vote_matrix: n_A=24228, n_B=13409, matched_triangles=23000, vote_matrix=60x49, scale_rejected=25044 (range=[0.8529,1.2794]) [并行 16 线程]
[2026-07-28 15:43:20][INFO] top_vote_getters: 矩阵=60x49, 候选对数(vote>=2)=2906, top_n=60
[2026-07-28 15:43:20][INFO] top_vote_getters: V4.25 去重后 top_pairs=49, 去重剔除=2857
[2026-07-28 15:43:20][INFO]   [调试] top[0]: u=11 w=17, votes=704
[2026-07-28 15:43:20][INFO]   [调试] top[1]: u=24 w=20, votes=674
[2026-07-28 15:43:20][INFO]   [调试] top[2]: u=12 w=12, votes=636
[2026-07-28 15:43:20][INFO]   [调试] top[3]: u=26 w=26, votes=635
[2026-07-28 15:43:20][INFO]   [调试] top[4]: u=34 w=36, votes=620
[2026-07-28 15:43:20][INFO]   [调试] top[5]: u=22 w=24, votes=614
[2026-07-28 15:43:20][INFO]   [调试] top[6]: u=8 w=8, votes=612
[2026-07-28 15:43:20][INFO]   [调试] top[7]: u=13 w=19, votes=607
[2026-07-28 15:43:20][INFO]   [调试] top[8]: u=3 w=4, votes=601
[2026-07-28 15:43:20][INFO]   [调试] top[9]: u=15 w=22, votes=595
[2026-07-28 15:43:20][INFO] triangle_match_single 完成: tri_A=24228, tri_B=13409, vote_matrix=60x49, max_vote=704, 候选对数(vote>=2)=2906, top_pairs=49
[2026-07-28 15:43:20][INFO] === triangle_match 结束: tri_A=24228, tri_B=13409, top_pairs=49, max_vote=704, success=1 ===
[2026-07-28 15:43:20][INFO] [P02-002] n_target=60, max_vote=704, threshold=2
[2026-07-28 15:43:20][INFO]   [阶段] triangle_match (n=60): 37.70 ms, max_vote=704, top_pairs=49, success=1
[2026-07-28 15:43:20][INFO]   [阶段] triangle_match: 37.71 ms, n_target_used=60
[2026-07-28 15:43:20][INFO]   N_U=60, N_W=49, s0=0.9770 arcsec/px, img=4096x4096, fov_diag=1.5721 deg
[2026-07-28 15:43:20][INFO] iter_trans_solve: U=60, W=49, initial_pairs=49, tol=5.00, order=3
[2026-07-28 15:43:20][DEBUG] calc_trans_general: order=3, n_pairs=20, 拟合成功
[2026-07-28 15:43:20][INFO] iter_trans_inner: 初始拟合完成, 初始工作集=20, order=3
[2026-07-28 15:43:20][INFO]   [调试] 初始 TRANS: x00=-0.5264 y00=-0.3030, x10=-0.009967 x01=-0.958629 y10=-0.958397 y01=0.010002
[2026-07-28 15:43:20][INFO]   [调试] 初始对[0]: u=11 w=17, U=(185.62,169.83), W=(-165.27,-176.55), pred=(-165.16,-176.49), dist=0.1280" (dx=0.11 dy=0.06)
[2026-07-28 15:43:20][INFO]   [调试] 初始对[1]: u=24 w=20, U=(254.67,-347.36), W=(329.80,-247.78), pred=(329.86,-247.82), dist=0.0684" (dx=0.06 dy=-0.03)
[2026-07-28 15:43:20][INFO]   [调试] 初始对[2]: u=12 w=12, U=(57.84,580.26), W=(-557.07,-49.97), pred=(-557.13,-49.94), dist=0.0692" (dx=-0.07 dy=0.02)
[2026-07-28 15:43:20][INFO]   [调试] 初始对[3]: u=26 w=26, U=(541.92,74.94), W=(-77.52,-518.87), pred=(-77.74,-518.80), dist=0.2241" (dx=-0.21 dy=0.07)
[2026-07-28 15:43:20][INFO]   [调试] 初始对[4]: u=34 w=36, U=(614.09,-148.70), W=(135.98,-590.29), pred=(135.84,-590.13), dist=0.2163" (dx=-0.15 dy=0.16)
[2026-07-28 15:43:20][INFO]   [调试] 初始对[5]: u=22 w=24, U=(-7.36,-905.49), W=(866.73,-2.26), pred=(866.84,-2.33), dist=0.1282" (dx=0.11 dy=-0.07)
[2026-07-28 15:43:20][INFO] iter_trans_inner: V4.23 工作集扩展 20->49 (nr=nbright)
[2026-07-28 15:43:20][DEBUG] iter 0: 绝对剔除 nr=49→42, nb=7
[2026-07-28 15:43:20][DEBUG] iter 0: sigma(35%)=0.019340 角秒²
[2026-07-28 15:43:20][DEBUG] iter 0: 相对剔除 nr=30, nb=19, rel_thresh=0.193400
[2026-07-28 15:43:20][DEBUG] calc_trans_general: order=3, n_pairs=30, 拟合成功
[2026-07-28 15:43:20][INFO] iter_trans_inner: 完成, nr=30, sig=0.0356, rms=0.1690, iters=1, success=1
[2026-07-28 15:43:20][INFO] iter_trans_solve: 第一轮 iter_trans 成功, inliers=30, rms=0.1690
[2026-07-28 15:43:20][INFO] at_match_lists: U=60, W=49, tol=5.00", U→W单向=42, W→U单向=42, 双向=42, 去重后=42
[2026-07-28 15:43:20][DEBUG] calc_trans_general: order=3, n_pairs=42, 拟合成功
[2026-07-28 15:43:20][INFO] at_recalc_trans: n=42, order=3, sig=0.1191, sx=0.2051, sy=0.1843, rms=0.2757
[2026-07-28 15:43:20][INFO] iter_trans_solve: 第一轮 refit 成功, inliers=42, rms=0.2757
[2026-07-28 15:43:20][INFO] at_match_lists: U=60, W=49, tol=5.00", U→W单向=42, W→U单向=42, 双向=42, 去重后=42
[2026-07-28 15:43:20][DEBUG] calc_trans_general: order=3, n_pairs=42, 拟合成功
[2026-07-28 15:43:20][INFO] at_recalc_trans: n=42, order=3, sig=0.1191, sx=0.2051, sy=0.1843, rms=0.2757
[2026-07-28 15:43:20][INFO] iter_trans_solve: 第二轮 refit 成功, inliers=42, rms=0.2757
[2026-07-28 15:43:20][INFO]   [阶段] iter_trans_solve: 0.19 ms, n_inliers=42, rms=0.2757, iters=3, success=1
[2026-07-28 15:43:20][INFO]   [诊断] iterative_reproject 入口: U.size=60, gaia_ra.size=49, gaia_dec.size=49, initial_inliers.size=42, s0=0.9770, img=4096x4096
[2026-07-28 15:43:20][INFO] iterative_reproject: 开始 (N_W=49, n_inliers=42, s0=0.9770"/px, max_iter=5, conv_thresh=0.0100")
[2026-07-28 15:43:20][INFO]   iter 0: ra_cur=3.750000 dec_cur=-39.194167, xi_center=-0.5341" eta_center=-0.3288", conv=0.6272" (thresh=0.0100")
[2026-07-28 15:43:20][INFO]   iter 0: 新中心 ra=3.749809 dec=-39.194258 (Δra=-0.000191° Δdec=-0.000091°)
[2026-07-28 15:43:20][DEBUG] calc_trans_general: order=3, n_pairs=42, 拟合成功
[2026-07-28 15:43:20][INFO] at_recalc_trans: n=42, order=3, sig=0.1191, sx=0.2051, sy=0.1843, rms=0.2757
[2026-07-28 15:43:20][INFO]   iter 0: at_recalc_trans 成功, n=42, sig=0.1191, rms=0.2757, x00=0.0000 y00=0.0000 (asec)
[2026-07-28 15:43:20][INFO]   iter 1: 收敛 (TRANS 常数项 = 0.0000" < 0.0100")
[2026-07-28 15:43:20][INFO] iterative_reproject: 完成 (收敛), ra=3.750000→3.749809 dec=-39.194167→-39.194258, n_matched=42 (固定), iters=1, conv=0.0000"
[2026-07-28 15:43:20][INFO]   [阶段] iterative_reproject: 0.17 ms, success=1, ra=3.750000→3.749809, dec=-39.194167→-39.194258, n_matched=42, iters=1, conv=0.0000"
[2026-07-28 15:43:20][INFO] at_match_lists: U=60, W=49, tol=5.00", U→W单向=42, W→U单向=42, 双向=42, 去重后=42
[2026-07-28 15:43:20][INFO]   [阶段] hi_order_rematch iter 0: n_matched=42 (min=10, order=3)
[2026-07-28 15:43:20][DEBUG] calc_trans_general: order=3, n_pairs=42, 拟合成功
[2026-07-28 15:43:20][INFO] at_recalc_trans: n=42, order=3, sig=0.1191, sx=0.2051, sy=0.1843, rms=0.2757
[2026-07-28 15:43:20][INFO] at_match_lists: U=60, W=49, tol=5.00", U→W单向=42, W→U单向=42, 双向=42, 去重后=42
[2026-07-28 15:43:20][DEBUG] calc_trans_general: order=3, n_pairs=42, 拟合成功
[2026-07-28 15:43:20][INFO] at_recalc_trans: n=42, order=3, sig=0.1191, sx=0.2051, sy=0.1843, rms=0.2757
[2026-07-28 15:43:20][INFO]   [阶段] hi_order_rematch iter 1: 收敛 (dn=0, drms=0.0000)
[2026-07-28 15:43:20][INFO]   [阶段] hi_order_rematch: 0.08 ms, n_matched=42, trans.order=3
[2026-07-28 15:43:20][INFO] ==== robust_refine_wcs 开始 (V4.30) ====
  U_full=1483, mag_full=1483, gaia=49
  ra0=3.749809, dec0=-39.194258, s0=0.9770"/px, fov=1.5721°, img=4096x4096
  initial_rms=0.1191", trans.order=3
[2026-07-28 15:43:20][INFO]   [robust_refine] 网格采样: FOV=1.572°, G_short=3, N_long=3, n_cells=9, quota=20, narrow_all=0, N_full=1483
[2026-07-28 15:43:20][INFO]   [robust_refine] 网格采样完成: 选中 180 颗 (上限 300, 下限 100)
[2026-07-28 15:43:20][INFO]   [robust_refine] NN 匹配: U=180, W=49, tol=1.000", Lowe通过=42, 双向=42
[2026-07-28 15:43:20][INFO]   [robust_refine] baseline: initial_rms=0.1191" (60星), U_pool RMS=0.2757" (180 星, matched=42)
[2026-07-28 15:43:20][INFO]   [robust_refine] NN 匹配: U=180, W=49, tol=1.000", Lowe通过=42, 双向=42
[2026-07-28 15:43:20][INFO]   [robust_refine] 空间一致性: 1/42 可疑 (K=8, σ=0.470")
[2026-07-28 15:43:20][INFO]   [robust_refine] iter 0: tol=1.000", matched=42, rms=0.2757"→0.2780", cd_Δ=0.4336%, damp=0.00e+00
[2026-07-28 15:43:20][INFO]   [robust_refine] NN 匹配: U=180, W=49, tol=0.500", Lowe通过=40, 双向=40
[2026-07-28 15:43:20][INFO]   [robust_refine] 空间一致性: 1/40 可疑 (K=8, σ=0.453")
[2026-07-28 15:43:20][INFO]   [robust_refine] iter 1: tol=0.500", matched=40, rms=0.2780"→0.2496", cd_Δ=0.2741%, damp=0.00e+00
[2026-07-28 15:43:20][INFO]   [robust_refine] NN 匹配: U=180, W=49, tol=0.500", Lowe通过=37, 双向=37
[2026-07-28 15:43:20][INFO]   [robust_refine] iter 2: tol=0.500", matched=37, rms=0.2496"→0.2174", cd_Δ=0.0425%, damp=0.00e+00
[2026-07-28 15:43:20][INFO]   [robust_refine] NN 匹配: U=180, W=49, tol=0.300", Lowe通过=31, 双向=31
[2026-07-28 15:43:20][INFO]   [robust_refine] iter 3: tol=0.300", matched=31, rms=0.2174"→0.1447", cd_Δ=0.1734%, damp=0.00e+00
[2026-07-28 15:43:20][INFO]   [robust_refine] NN 匹配: U=180, W=49, tol=0.300", Lowe通过=29, 双向=29
[2026-07-28 15:43:20][WARN]   [robust_refine] iter 4: matched=29 < 30, 回退
[2026-07-28 15:43:20][INFO] ==== robust_refine_wcs 成功 ====
  iter=4, matched=31, rms=0.1447" (0.1481 px), cd_Δ=0.4336%, pool=180
[2026-07-28 15:43:20][INFO]   [阶段] robust_refine: 成功, n_matched=31, rms=0.1447", iter=4, pool=180, cd_Δ=0.4336%
[2026-07-28 15:43:20][INFO]   [阶段] robust_refine: 0.42 ms
[2026-07-28 15:43:20][INFO]   [诊断] extract_wcs_sip 入口: trans.order=3, trans.valid=1, ra0=3.749809, dec0=-39.194258, img=4096x4096, s0=0.9770, U.size=1483, W.size=49, matched.size=31
[2026-07-28 15:43:20][INFO]   [V4.22] 清零 trans.x00/y00 (saved: x00=0.0061, y00=-0.0271)
[2026-07-28 15:43:20][INFO] extract_wcs_sip: SIP A/B 解析公式成功, order=3
[2026-07-28 15:43:20][INFO] extract_wcs_sip: SIP AP/BP 网格反变换成功, ap_order=3, n_inv_coef=10, n_grid=49
[2026-07-28 15:43:20][INFO] extract_wcs_sip: CD=[-2.741433e-06 2.662402e-04; -2.662091e-04 -2.760088e-06], CRVAL=(3.749809, -39.194258), CRPIX=(2048.5, 2048.5), ctype=[RA---TAN-SIP, DEC--TAN-SIP], n_pairs=31, rms_px=0.1481, rms_arcsec=0.1447, trans_order=3, sip_order=3, ap_order=3
[2026-07-28 15:43:20][INFO]   [阶段] extract_wcs_sip: 0.03 ms, success=1, n_pairs=31, rms_px=0.148, rms_arcsec=0.145, trans_order=3, sip_order=3
2026-07-28 15:43:20,432 [INFO] wcs_closure_v3: 权威 inlier: n=31 (来自 IPVSolver.get_last_inliers)
2026-07-28 15:43:20,433 [INFO] wcs_closure_v3: [A 层 内部 TRANS 预测] n=31, p68=0.1327 px, p90=0.2323 px, p99=0.3930 px
2026-07-28 15:43:20,435 [INFO] wcs_closure_v3: [B 层 预剔除诊断] n=31, CRPIX_0based=(2048.50,2048.50), det_xy range=[103.0,41.8]~[4089.0,3936.7], ext_pred range=[103.0,41.8]~[4089.0,3936.7], ext_dist: median=0.0951 p68=0.1374 p90=0.2414 p99=0.3919 max=0.4140
2026-07-28 15:43:20,436 [INFO] wcs_closure: Siril 迭代剔除完成: 1 次迭代, 保留 31/31, final p68=0.1376 px
2026-07-28 15:43:20,436 [INFO] wcs_closure_v3: Siril 剔除后保留: 31/31 对 (剔除 0)
2026-07-28 15:43:20,437 [INFO] wcs_closure_v3: [B 层 外部 WCS 回投] n=31, p68=0.1376 px, p90=0.2414 px, p99=0.3919 px
2026-07-28 15:43:20,437 [INFO] wcs_closure_v3: [A vs B 预测差] delta_dist: median=1271.7390 px, p90=3207.2324 px, max=4531.3039 px
2026-07-28 15:43:20,453 [INFO] wcs_closure_v3: 权威星对已保存 (JSONL): engineering_v1.3\evidence\P11-004\reports/gate_v2_post_repair\T3_LUM_NGC55\matched_pairs_authoritative.jsonl (n=31)
2026-07-28 15:43:20,454 [INFO] wcs_closure_v3: 闭环报告已保存: engineering_v1.3\evidence\P11-004\reports/gate_v2_post_repair\T3_LUM_NGC55\closure_report.json
2026-07-28 15:43:20,454 [INFO] wcs_closure_v3: [Gate] p68=0.1376 (<=0.75:True) p90=0.2414 (<=1.5:True) p99=0.3919 (<=3.0:True) n=31 (>=5:True) => PASS
2026-07-28 15:43:21,070 [INFO] wcs_closure: 残差图已保存: engineering_v1.3\evidence\P11-004\reports/gate_v2_post_repair\T3_LUM_NGC55\residual_plot.png
2026-07-28 15:43:21,320 [INFO] wcs_closure: 四象限分布图已保存: engineering_v1.3\evidence\P11-004\reports/gate_v2_post_repair\T3_LUM_NGC55\quadrant_plot.png
2026-07-28 15:43:21,320 [INFO] wcs_closure_v3: 权威星对诊断完成: NGC55_T3_flying_dutchman-20250703@075400-600S-Lum (耗时 0.76s)
[2026-07-28 15:43:21] [INFO] [MainThread] solve_and_write_wcs: IPVSolver 资源已释放
[2026-07-28 15:43:20][INFO]   最终: n_pairs=31, rms_px=0.148, rms_arcsec=0.145, trans_order=3, sip_order=3, success=1
[2026-07-28 15:43:20][INFO]   [cache_last_inliers_] 缓存 31 对 inliers (robust=1, s0=0.9770", U_snap.size=1483, gaia.size=49, trans.order=3, ra0=3.749809, dec0=-39.194258)
[2026-07-28 15:43:20][INFO] ==== IPVSolver::solve_from_memory_with_callback 完成 (INTERNAL_DETECTION_SHARED_EXPORT) ====
[2026-07-28 15:43:21][INFO][SDET] StarDetector destroyed
[2026-07-28 15:43:21] [INFO] [MainThread] solve_and_write_wcs: StarDetector 资源已释放
[2026-07-28 15:44:04] [INFO] [MainThread] solve_and_write_wcs: GaiaClient 资源已释放
2026-07-28 15:44:04,146 [INFO] wcs_closure: PlateSolve 环境已释放
2026-07-28 15:44:04,156 [INFO] wcs_closure_v3: 批量汇总: engineering_v1.3\evidence\P11-004\reports/gate_v2_post_repair\batch_summary.json (pass=6/6, err=0)
