符号或键,类别,位置集合（全部侧，规范化全路径:行）,现行值,单位,坐标系或归一化,精度要求,有效有限域,来源现状,出处,处置,适用域,是否已复核,冲突标记,来源成稿与条目,多侧默认值预筛（预筛已回：raw/D4-多侧默认值全表.csv）
(无名)·lib/infrastructure/cli/session_commands.h:181,常数,lib/infrastructure/cli/session_commands.h:181；eng/packaging/config/defaults.json:666-667；docs/plugins/algorithms_phase1/08_drizzle.md:49；eng/packaging/config/defaults.json,1.0,1（收缩因子）,drop 边长/源像素边长,未规定,0<pixfrac<=1,A 负责人裁决 + ① 契约侧登记（但本侧取值相反）,唯一数值源 eng/packaging/config/defaults.json:666-667 drizzle.pixfrac=0.8（authority_status=owner_adjudicated）；docs/plugins/algorithms_phase1/08_drizzle.md:49 亦 0.8 并指回该唯一源,文献值,生产可达：CLI `--template` 输出面（用户直接抄用）,否（判读层逐行已判，未过第②层复核）,红（判读层立案 L1｜AUD-402-判读-A3 §2.1／判读-A1 F-2）：drizzle.pixfrac 六侧两组值：CLI --template 骨架取 1.0，而 defaults.json/出厂模板/插件文档/编排器兜底取 0.8；同文件 :109 自订『科学默认值不写进模板，唯一家在 defaults.json』⇒ 自我违约,AUD-402-判读-A3；L1,
additive_mode（seam）,算法,lib/infrastructure/scheduler/src/module_adapters.cpp:10311；lib/infrastructure/scheduler/src/module_adapters.cpp:9820；eng/packaging/config/config_registry.json:1849（补侧·本行出处所列，该侧带值）；docs/modules/phase2_upm.md:75（补侧·本行出处所列，该侧带值）,"代码默认 ""delta""（两处读点一致）；合同面 config_registry declared_default=""delta"" 且 finding=""unregistered""","枚举 {c, delta, both}",多退少补的施加口径,不适用,默认 delta ⇒ sub_c=false ⇒ c_subtracted=false；缺天光面产物时显式降级为 c 并写 additive_mode_degraded,有文献（负责人 GAP §9.67 定案 1；ASTROCS_DESIGN.md:410 calibrated=raw−δ_k 保 B_ref）,module_adapters.cpp:9835-9836/:10311-10312 读点、:10313-10316 校验、:10318-10321 降级、:10524/:10528-10537/:10541-10552 施加链、:10699-10700/:10743-10747 manifest；eng/packaging/config/config_registry.json:1849/:1855/:1856,文献值,创新点③ 加性天光（默认行为正确）,是（第②层复核改判）,红：四处注释/文档与默认打架——:9819-9820「默认 c、δ 从不施加」为假（其自称锚点 :5503 已漂移）；:10298-10300「c = raw − C_k 全减含 B_ref ⇒ 背景被剪掉」为假；docs/modules/phase2_upm.md:75-76 同两处错；符号 C_k 在三层文档为全量、在正本＋实现为帧分量,AUD-203-天光无缝核验 AUD203-10；复核-AUD203 V3；复核注记：是（复核-AUD203 V3：判确认但定性为注释/符号口径缺陷 P2，行为与默认面正确；并把成稿「中置信＋需跑产品」升为静态已判）,预筛已回：全表命中键 additive_mode｜有值侧 1（S6 登记册）
calibration.master_flat_median_range,容差,eng/packaging/config/defaults.json:31；docs/science/CALIBRATION.md:182；docs/algorithms/CALIBRATION_ALGORITHMS.md:57；lib/include/astrocs/core/master_unit_guard.h:34-35；eng/tools/quality/check_master_unit_guard.py,"[0.5, 2.0]",1（无量纲）,已归一 master flat 的中位数判定带；合同值 1.0，带内=视为已归一，带外须显式 master_flat_normalize=median,带内/带外二值判定，无精度要求,"注册：median(flat)∈[0.5,2.0]；schema :214-221 只约束 array 长度 2 与 lower<upper，**不声明 default 也不声明带值**⇒ 带值无合同承载",可公式导出（数量级判带，非科学容差）,"真锚 docs/science/CALIBRATION.md:182（冻结默认 [0.5, 2.0]）+ docs/algorithms/CALIBRATION_ALGORITHMS.md:57；注册件所引 :103 讲的是**平场响应下界 0.1**（与此带无关）⇒ 锚点指向另一常数",文献值,master flat 消费边界（越界 DATA 拒绝 rc=2）,否（判读层逐行已判，未过第②层复核）,红（判读层立案 F-16/X-9｜AUD-402-判读-A1 §2.1 F-16；X-9）：数值三侧闭合且有门背书，但其自述的两条文档锚都不含带值（CALIBRATION.md:101-102 讲响应下界 0.1；ALG 真锚 :57 而非 :56）⇒ 出处链坏；机械层所记代码位点 :31 亦是注释行，常量在 :34-35,AUD-402-判读-A1,预筛已回：全表命中键 master_flat_median_range｜有值侧 1（S1 defaults）
cosmetic.bad_column_enabled,常数,eng/packaging/config/defaults.json:755；docs/contracts/DATA_SEMANTICS.md:316；lib/infrastructure/scheduler/src/module_adapters.cpp:2781；eng/ci/ledgers/config_default_divergences.json,true,bool,列状缺陷路径开关（false 时该路径逐位不生效）,不适用（开关）,"注册 {0,1}；无 schema 承载（cosmetic 块在 schema :223-226 是裸 object，无 properties）；解析层 p1_flag 接受 bool/0/1",文献值（合同条款 + 缺陷形态可分性论证）,真锚 docs/contracts/DATA_SEMANTICS.md:316（§10.4 表『开关』行：列状缺陷路径默认启用，置 false 时本路径逐位不生效）；注册件所引 :304 是 §10.4 小节标题,文献值,Phase1 装饰性校正,否（判读层逐行已判，未过第②层复核）,红（判读层立案 F-10｜AUD-402-判读-A1 §2.1 F-10）：实现侧同节点 11 个配置读取点、defaults.json 只登记 6 个 ⇒ 登记面缺口 5 键（hot_sigma、cold_sigma、max_structure_size、bad_column_max_seg_len、bad_column_science_wide_frac_max）；其中四项直接决定判坏与修复集合,AUD-402-判读-A1,预筛已回：全表命中键 bad_column_enabled｜有值侧 2（S1 defaults、S5 代码兜底）
drizzle.pixfrac,常数,eng/packaging/config/defaults.json:667；docs/science/DRIZZLE.md:26；lib/infrastructure/cli/session_commands.h:181；eng/packaging/config/defaults.json；lib/algorithms/drizzle/src/module_entry.cpp:355；lib/algorithms/drizzle/healpix_drizzle/drizzle_engine.h:27；lib/algorithms/drizzle/healpix_drizzle/reverse_drizzle.h:39；lib/algorithms/drizzle/healpix_drizzle/v6_spherical_overlap.h:35；lib/infrastructure/pipeline/phase1_product.h:130；lib/infrastructure/aio/include/hiss_format.h:53；lib/infrastructure/aio/v6/include/astro/aio/v6_provenance.h:48；lib/algorithms/integration/v6_phase1/src/phase1_product.cpp:1191；lib/infrastructure/pipeline/orchestrator/cpp/include/json_config.h:67；lib/algorithms/coverage/src/sampler.cpp:81；…（另有 4 处同簇位点，见判读成稿）,0.8,1（无量纲）,drop 投影足迹收缩边长比（drop 边长 = pixfrac × 像素边长）,未标注（通量守恒与 pixfrac 无关，由核面积归一保证）,"注册与权威均为 0<pixfrac<=1，非法值显式 NO_DATA 不夹逼；**drizzle 模块的键合同写 [0,1]**（types.h:56 f64 [0,1]、module_entry.cpp:356 校验 pixfrac<0.0 才拒 ⇒ 放行 pixfrac=0）",文献值（负责人裁决 + Fruchter & Hook 2002 核归一）,"docs/science/DRIZZLE.md:26（pixfrac (0,1]，默认 0.8）/:35（值域与 NO_DATA）/:56（核按 drop 面积归一 ⇒ 与 pixfrac 无关）；一手 Fruchter & Hook 2002 PASP 114,157（§7.2；**本仓未登记 DOI，且 :677 note 引的 0.6 下 0.004 mag 实测属该文献适用域而非本仓**）",文献值,Phase1 drizzle 累加,否（判读层逐行已判，未过第②层复核）,红（判读层立案 F-2｜AUD-402-判读-A1 §2.1 F-2；判读-A3 §2.1 L1）：六侧两组值：defaults.json 0.8／出厂模板 0.8／插件文档 0.8／CLI 骨架 1.0／生产代码缺键兜底 1.0／登记册 declared_default=1.0 且 registration=defaults_json、finding=none ⇒ 同一命令按是否显式给键产出 0.8/1.0 两种产品，登记表自称指向 defaults.json 却记相反值且不报冲突 ∥ 红（判读层立案 L1｜AUD-402-判读-A3 §2.1／判读-A1 F-2）：drizzle.pixfrac 六侧两组值：CLI --template 骨架取 1.0，而 defaults.json/出厂模板/插件文档/编排器兜底取 0.8；同文件 :109 自订『科学默认值不写进模板，唯一家在 defaults.json』⇒ 自我违约,AUD-402-判读-A1,预筛已回：全表命中键 pixfrac｜有值侧 6（S1 defaults、S2 出厂模板、S3 CLI骨架、S4 合同schema、S5 代码兜底、S6 登记册）
gate_enforcement（资源门是否影响退出码）,算法,lib/infrastructure/cli/resource_gate.h:268；docs/plugins/infrastructure/21_observability.md:101；eng/contracts/resource_gate_v1.json（补侧·本行出处所列，该侧带值）,恒 RecordOnly,枚举,in_process_hard_fail = retired,不适用,本队列所有阈值只影响记录面与外挂裁决面；exit 10 只属磁盘门,有文献（resource_gate.h:268-270 + 契约 enforcement 段）,resource_gate.h:268-270；eng/contracts/resource_gate_v1.json enforcement.in_process_hard_fail；21_observability.md §8.3 表 ③ 行仍写 enforce→exit 10（陈旧行，与 §8.4:101/:103 自相矛盾）,文献值,资源判据的效力面,否（判读层逐行已判，未过第②层复核）,红（判读层立案 A2 §3.5）：同文档 §8.3 表格为陈旧行，与 §8.4 与契约相反,AUD-402-判读-A2 §3.5；判读-A3 §5 第 6 条,
kEventLineMaxBytes,常数,lib/infrastructure/cli/jsonl.h:55；docs/contracts/LOG_AND_ERROR_CONTRACT.md:35；docs/design/LOG_AND_ERROR_SYSTEM.md:94；docs/architecture/observability/STRUCTURED_LOGGING_CONTRACT.md:122；lib/infrastructure/cli/jsonl.h:54；lib/infrastructure/observability/logging/log_event.py:54；eng/tools/monitoring/check_log_contract.py:38；eng/contracts/schemas/jsonl_event_v1.schema.json（补侧·本行出处所列，该侧带值）,4096,字节（含换行符）,不适用（传输协议行界）,单行 ≤4096 B（含 \n）,运行事件流 stdout（JSONL）与人可读 stderr 双通道,无（值一致，但 4096 本身的依据未登记；载体等级 C）,docs/contracts/LOG_AND_ERROR_CONTRACT.md:35/:55/:151＋docs/design/LOG_AND_ERROR_SYSTEM.md:94＋docs/architecture/observability/STRUCTURED_LOGGING_CONTRACT.md:122（MAX_LINE_BYTES）四处同为 4096；jsonl.h:54 自称与 LOG-001 §6 同口径,文献值,CLI 运行事件流（唯一 schema = jsonl.h＋protocol.h；jsonl.h:10）,否（判读层逐行已判，未过第②层复核）,红（判读层立案 L-07）：不一致项在别处：eng/contracts/schemas/jsonl_event_v1.schema.json **不含**行长约束（maxLength 零命中），故机读合同面无此值，只有散文＋代码,AUD-402-判读-A2；L-07,
kEventLineMaxBytes 的实现越界,容差,lib/infrastructure/cli/jsonl.h:86；lib/infrastructure/cli/jsonl.h:143；eng/contracts/schemas/jsonl_event_v1.schema.json（补侧·本行出处所列，该侧带值）,4096,字节/行,事件行上限（含换行）,不适用,六侧数值一致（jsonl.h:55／log_event.py:54／check_log_contract.py:38／三份文档），但 clip_utf8 是「截到 max_bytes 后再追加 …（U+2026=3 字节）」⇒ human_summary_of 上限实为 4099 B,有文献（LOG_AND_ERROR_CONTRACT.md:35/:55 写「含换行 ≤4096」）,jsonl.h:55/:86-102/:143/:124/:121；eng/contracts/schemas/jsonl_event_v1.schema.json 无 maxLength（正例对照：log_event_v1.schema.json 命中 maxLength 1024）,文献值,日志合同行界,否（判读层逐行已判，未过第②层复核）,红（判读层立案 A2 L-07）：实现未达合同的越界，非阈值取错；且机读合同面不含该值,AUD-402-判读-A2 §3.4 L-07；L-07,
mb_per_s 命名的量纲债,常数,lib/infrastructure/cli/v6_runtime_contract.h:310；lib/infrastructure/cli/memory_report.h:481；eng/contracts/resource_gate_v1.json（补侧·本行出处所列，该侧带值）,rss_growth_mb_per_s 等（值为 MiB、名字写 MB、工件内无单位注记）,MiB/s（1048576 B/s）,契约 memory.unit 明写「禁止再使用 MB/s（1e6 B/s，口径差 4.858%）」,不适用（标注债，数值正确）,C++ 侧标识符 32 处/5 文件、Python 侧键名 24 处/5 文件,有文献（契约）＋命名违禁,eng/contracts/resource_gate_v1.json#memory.unit；memory_report.h:228/:481；v6_runtime_contract.h:310/:329 required_metric_keys()；resource_monitor.py:90 已把旧键名定性为「兼容别名」,文献值,对外冻结字段名与产品工件字段,否（判读层逐行已判，未过第②层复核）,红（判读层立案 A2 L-03／A3 L13）：键名把口径写死而本头不换算 ⇒ 下游按 1e6 解释即差 4.858%；已知未清偿债务，须给清偿时点,AUD-402-判读-A2 §3.4 L-03；判读-A3 §2.4 L13；L-03；L13,
noise.clip_sigma,算法,eng/packaging/config/defaults.json:135；docs/science/NOISE_MODEL.md:63；lib/algorithms/noise_snr/cpp/src/noise_model.cpp:1252；lib/algorithms/coverage/src/sky_plane.cpp:230,5.0,sigma,patch 内 |v-med|>k·sigma 裁剪,无精度陈述,"注册 >=1；schema :262-266 exclusiveMinimum=0 maximum=100；解析层 (0,100]⇒0<k<1 被 schema/代码放行而注册面判违规",文献值（本仓 SCI 冻结，非外部文献）,docs/science/NOISE_MODEL.md:63（稳健裁剪: cosmic/hot 5sigma，<=2 轮；注册件所引 :56 是 gain 行）,文献值,Phase1 patch 稳健裁剪,否（判读层逐行已判，未过第②层复核）,红（判读层立案 F-17｜AUD-402-判读-A1 §2.1 F-17）：同 leaf 名两阶段两值：Phase1 注册 5.0、Phase2 sky_plane.cpp:230 c.clip_sigma=3.0（:251 兜底 3.0），Phase2 的 3.0 无任何注册侧,AUD-402-判读-A1,预筛已回：全表命中键 clip_sigma｜有值侧 3（S1 defaults、S4 合同schema、S5 代码兜底）｜候选档 ①生产兜底在对面
noise.mask_r_min_px,常数,eng/packaging/config/defaults.json:233；docs/science/NOISE_MODEL.md:96；lib/algorithms/noise_snr/cpp/src/noise_model.cpp:1259,1.5,px,"逐星半径下界 r_min=max(1.5 px, 0.75·FWHM_i) 的绝对项",无精度陈述,"注册 constraint 写 >=1 而取值 1.5（两数不同源）；schema :281-285 minimum=**0** maximum=1e4；解析层 [0,1e4]",文献值（本仓 SCI §5a 同式，无外部一手）,"docs/science/NOISE_MODEL.md:96（r_min = max(1.5 px, 0.75·FWHM_i)；符号表 :38 同）；注册件所引 :85 是空行",文献值,Phase1 逐星掩膜半径下界,否（判读层逐行已判，未过第②层复核）,"红（判读层立案 逐侧并列见本行出处与备注引文）：值域两侧不等立案：注册面 >=1、权威式取 max(1.5,·)，但 schema 与解析层都放行 0 ⇒ 填 0 时 schema/代码判合法、使用层 :827 静默改取 1.5 而 noise_cfg_applied 回执记 0（第四侧隐藏默认）",AUD-402-判读-A1,预筛已回：全表命中键 mask_r_min_px｜有值侧 3（S1 defaults、S4 合同schema、S5 代码兜底）
noise.patch_grid,常数,eng/packaging/config/defaults.json:90；docs/science/NOISE_MODEL.md:61；lib/algorithms/noise_snr/cpp/src/noise_model.cpp:1248-1249；lib/algorithms/noise_snr/cpp/include/snr_estimator.h:131；lib/algorithms/noise_snr/README.md；eng/packaging/config/defaults.json,"[8, 8]",patch 格数,"噪声估计 patch 网格行列数 [gx, gy]",整数；实现侧下限钳位 2（NOISE_ESTIMATION.md:180 差异登记）,"注册 >=2x2；schema :254-259 array[2] items integer minimum=2 maximum=4096 default=[8,8]；解析层 [2,4096]（module_adapters.cpp:6454-6455）",文献值（本仓 SCI 冻结定义）,真锚 docs/science/NOISE_MODEL.md:61（§5『patch grid 8x8』）与 :48（§3a 像素域 8x8）；**注册件 source 与 source_ref 都引 :54，该行讲的是平面场启用条件（enable_spatial_field/n_control_points），不含 8x8**,文献值,Phase1 patch 噪声估计,否（判读层逐行已判，未过第②层复核）,红（判读层立案 逐侧并列见本行出处与备注引文）：**耦合未登记立案**：8x8 与 noise.min_patch_samples=64 是同一几何量的两侧（README:117 明写 64=8x8 全格），而两键在 defaults.json 各自独立、代码各自兜底 ⇒ 改 patch_grid 不会联动 min_patch_samples，会,AUD-402-判读-A1,预筛已回：全表命中键 patch_grid｜有值侧 2（S1 defaults、S4 合同schema）
noise.spatial_field_enabled,常数,eng/packaging/config/defaults.json:191；docs/science/NOISE_MODEL.md:54；lib/algorithms/noise_snr/cpp/src/noise_model.cpp:1255,1,bool(0/1),1 且 n_ctrl>=4 且控制点几何张成二维（lambda_lo/lambda_hi>=1/16）走 LS 平面，否则全局中位数兜底,不适用（开关）,"注册 {0,1}；schema :269-272 type=**boolean** default=true；解析层 flag() 同时接受 bool 与整数 0/1",文献值（本仓 SCI 启用条件）,docs/science/NOISE_MODEL.md:54（enable_spatial_field==1 && n_control_points>=4 且几何张成二维；注册件所引 :47 是空行）,文献值,Phase1 空间噪声场,否（判读层逐行已判，未过第②层复核）,红（判读层立案 F-5｜AUD-402-判读-A1 §2.1 F-5）：跨侧类型不一致：注册值是整数 1、schema 声明 type=boolean、实现是 int flag ⇒ 注册值原样写进 phase_config 会判型失败,AUD-402-判读-A1,预筛已回：全表命中键 spatial_field_enabled｜有值侧 2（S1 defaults、S4 合同schema）｜候选档 ⑤仅跨侧异值（含同名异义嫌疑）
paths.gaia_root,算法,eng/packaging/config/defaults.json:744；eng/packaging/config/defaults.json:748；ASTROCS_DESIGN.md；AGENTS.md；lib/infrastructure/cli/session_commands.h:188；lib/infrastructure/scheduler/src/module_adapters.cpp；eng/packaging/config/config_registry.json:446,gaia,path,Gaia 外部只读星表根目录（相对仓库根解析；可用 eng/packaging/config/local.paths.json 覆盖，该文件 .gitignore:172 不入库）,不适用（路径）,注册：存在且可读；无 schema/模板/CLI 以该名承载,文献值（负责人直接指令 2026-09-21）,defaults.json:748 记负责人指令原文（无文档条款号，source_ref=null）；ASTROCS_DESIGN.md 与 AGENTS.md §7 记 gaia/ 为根级只读数据集目录（跟踪数 0，gitignore）⇒ 路径本身有授权，值的语义（相对谁解析）靠 constraint 自述,文献值,Gaia 客户端与星表引导检测,否（判读层逐行已判，未过第②层复核）,红（判读层立案 F-8｜AUD-402-判读-A1 §2.1 F-8）：三处 gaia 两种语义：注册 leaf 在生产零命中，生产键是 wcs.gaia_data_dir / star_detection.gaia_data_dir；registry 里 declared_default=gaia 的 field 名是 catalog（星表标识）⇒ 注册键无消费点,AUD-402-判读-A1,预筛已回：全表命中键 gaia_root｜有值侧 1（S1 defaults）
photometry.mag_tolerance,容差,lib/algorithms/photometry/cpp/src/pc_api.cpp:145；lib/algorithms/photometry/cpp/src/pc_api.cpp:435；eng/packaging/config/defaults.json:541（补侧·抄自判读件按侧登记的位置列）；docs/science/PHOTOMETRY.md:34（补侧·本行出处所列，该侧带值）,3.0,mag,|delta_i − median(delta)| 预过滤阈,未标注,测光星等一致性预过滤；实测 sigma_residual≈0.045 mag ⇒ 3.0 mag=15.85 倍亮度，几乎不滤,有文献（本仓 SCI §5/:191/:202）；登记面为死键（生产无读取点）,docs/science/PHOTOMETRY.md:34（真陈述行，注册件引 :30 偏 +4）；pc_api.cpp:145/:435 字面量 3.0；defaults.json 标 dead_config_key,文献值,测光预过滤,是（第②层独立复核）,红：注册键死＋真值在代码字面量两处；正本 :218 指代码、:220 指配置键，同文档互相指认,AUD-201-测光核验 AUD201-008／AUD201-013／AUD201-017；复核-AUD201 V4/V5；AUD-402-判读-A1 F-15；复核注记：是（复核-AUD201 V4 定 P1：溯源验证机制空转）；F-15,预筛已回：全表命中键 mag_tolerance｜有值侧 2（S1 defaults、S5 代码兜底）
photometry.min_inlier_stars,常数,lib/algorithms/photometry/cpp/src/star_matcher.cpp:616；eng/packaging/config/defaults.json:611（补侧·抄自判读件按侧登记的位置列）；docs/science/PHOTOMETRY.md:191（补侧·本行出处所列，该侧带值）,2,星数,估计 sigma_residual 的最少 inlier,整数,|r_inliers| ≥ 2 才估 sigma_residual，否则置 0,有文献（SCI §4/:191）,docs/science/PHOTOMETRY.md:191（注册件引 :44 偏 +147）；star_matcher.cpp:616 字面量,文献值,测光残差尺度估计,是（第②层独立复核）,红：n=2 时 MAD 无统计意义（判读层判「下限应随稳健尺度估计自由度提高」）＋注册键死,AUD-201-测光核验 AUD201-008；复核-AUD201 V4；AUD-402-判读-A1；复核注记：是,预筛已回：全表命中键 min_inlier_stars｜有值侧 1（S1 defaults）
photometry.min_reference_stars,常数,lib/algorithms/photometry/cpp/src/star_matcher.cpp:518；eng/packaging/config/defaults.json:597（补侧·抄自判读件按侧登记的位置列）；docs/science/PHOTOMETRY.md:191（补侧·本行出处所列，该侧带值）,3,星数,r_consistent 进 IRLS 的最少参考星,整数，无精度,|r_consistent| ≥ 3 才进 IRLS，否则 NO_DATA,有文献（SCI §4/:191）,docs/science/PHOTOMETRY.md:191（真行，注册件引 :44 偏 +147）；star_matcher.cpp:518 字面量,文献值,测光定标入口判据,是（第②层独立复核）,红：注册键死＋日志文案另写一次 3（star_matcher.cpp:519-521）；同为「最少星数」语义的 min_stars_order1=50 无登记侧,AUD-201-测光核验 AUD201-008；复核-AUD201 V4；AUD-402-判读-A1 F-15；复核注记：是；F-15,预筛已回：全表命中键 min_reference_stars｜有值侧 1（S1 defaults）
psf.default_model,算法,eng/packaging/config/defaults.json:62；docs/science/PSF.md:9；docs/science/PSF.md:177；eng/packaging/config/config_registry.json:380,moffat4,枚举 id,点源响应模型标识（椭圆 Moffat4 七参数）,不适用（枚举）,schema :474-479 enum=[moffat4] 单值且**不声明 default**；defaults.json 侧值域『唯一实现值』,文献值（本仓 SCI；模型本身有外部一手 Moffat 1969）,"docs/science/PSF.md:9（点源响应=椭圆 Moffat4，锚正确）；一手 = Moffat 1969 A&A 3,455（PSF.md:177 登记 bibcode，自注『文章级，未逐式核验』）",文献值,PSF 拟合路径,否（判读层逐行已判，未过第②层复核）,红（判读层立案 逐侧并列见本行出处与备注引文）：六侧核对：defaults.json:62=moffat4｜schema :475 enum=[moffat4]（无 default）｜config_registry.json:380 declared_default=moffat4（第三侧同值）｜模板/CLI 骨架无该键｜lib 生产面对 lea,AUD-402-判读-A1,预筛已回：全表命中键 default_model｜有值侧 2（S1 defaults、S6 登记册）
rejection.large_scale.enabled,算法,eng/packaging/config/defaults.json:527；docs/science/REJECTION.md:121；lib/algorithms/noise_snr/cpp/src/rejection.cpp:1261-1263；eng/packaging/config/defaults.json；docs/science/REJECTION.md:231；lib/infrastructure/scheduler/src/module_adapters.cpp:1260（补侧·本行出处所列，该侧带值）,false,bool,空间邻域生长仅 large_scale 结构半径（pixel 域），默认关闭,不适用（开关）,"注册 {0,1}；无 schema 承载",文献值（本仓冻结表）,"docs/science/REJECTION.md:121（large_scale 默认关闭: enabled=0, min_structure=8, low/high grow radius=2）；注册件 source :61（空行）与 source_ref :24（P2RejectionLargeScaleConfig 符号表行）均不含『默认关闭』",文献值,Phase2 空间邻域排异,否（判读层逐行已判，未过第②层复核）,红（判读层立案 F-5｜AUD-402-判读-A1 §2.1 F-5）：注册值是布尔 false、实现是 int flag（module_adapters.cpp:1260）、类型面两侧不等,AUD-402-判读-A1,预筛已回：全表命中键 enabled｜有值侧 1（S5 代码兜底）
rejection.linear_fit.upper_sigma,算法,eng/packaging/config/defaults.json:429；docs/science/REJECTION.md:117；docs/science/REJECTION.md:94,3.5,sigma,linear_fit 高侧阈值,未标注,注册 >0；无 schema 承载,文献值（同族）,docs/science/REJECTION.md:117,文献值,Phase2 排异,否（判读层逐行已判，未过第②层复核）,红（判读层立案 O-4｜AUD-402-判读-A1 §2.3 O-4）：名义值与有效值偏离 1.5–1.9 倍：唯一数值源 REJECTION.md:117 与代码同值 3.5，而 REJECTION.md:94 另记该档有效阈 ≈2.1–2.4·σ_robust、过拒 12.200%,AUD-402-判读-A1,预筛已回：全表命中键 upper_sigma｜有值侧 2（S1 defaults、S5 代码兜底）｜候选档 ⑤仅跨侧异值（含同名异义嫌疑）
snr.path,算法,eng/packaging/config/defaults.json:703；docs/plugins/algorithms_phase1/07_noise_snr.md:186；lib/infrastructure/cli/session_commands.h:230；eng/ci/ledgers/dead_config_keys.json；eng/packaging/config/defaults.json；eng/contracts/schemas/phase_config_mosaic.schema.json:164,sparse_reconstruct,枚举 token,Phase2 消费 Phase1 SNR 层的路径,不适用（枚举）,"枚举三值 {dense, sparse_reconstruct, frame_reconstruct}；schema :166-172 **给 default=sparse_reconstruct**（值域与默认都有承载）",文献值（负责人裁决 + 插件文档）,docs/plugins/algorithms_phase1/07_noise_snr.md:186 附近与 GAP_AUDIT §9.46（负责人：马赛克各帧天光/光污染空间分布不同 ⇒ 帧级标量精度不足）；值域与默认唯一事实源 = phase_config_mosaic.schema.json#/$defs/mosaic_config/properties/snr_path；链路报告侧：eng/contracts/schemas/phase_config_mosaic.schema.json:164-170；eng/ci/ledgers/dead_config_keys.json；AUD-402-判读-A1 X-2,文献值,Phase2 SNR 重建,否（判读层逐行已判，未过第②层复核）,红：默认值仅表意图、未接线 ⇒ 禁按默认判读产品,AUD-402-判读-A1；AUD-402-判读-A1 X-2／U-16,预筛已回：全表命中键 snr.path｜有值侧 5（S1 defaults、S2 出厂模板、S3 CLI骨架、S4 合同schema、S6 登记册）
tolerance / tolerance_relative,容差,lib/infrastructure/scheduler/src/module_adapters.cpp:9571；lib/phase2_session/p2_session.cpp:204；lib/algorithms/coverage/include/astro/phase2/upm.h:113；docs/science/PHASE2_UPM.md:378（补侧·本行出处所列，该侧带值）,tolerance=1e-6 两侧同值；tolerance_relative 适配器侧=1、session 侧未设⇒结构体默认 0,相对（无量纲比例）／绝对（ADU·sr⁻¹）,"IRLS 步长判据 tol = tolerance × max(scale_obs, 1.0)",不适用,生产尺度 scale_obs≈5.262929e13 ⇒ ulp=1.168605e-02；绝对阈 1e-6 = 8.557e-5×ulp（比一个 ulp 小 1.17e4 倍）⇒ 原理不可达；相对阈折回 1.210e-3 ADU/px ⇒ 可达,有文献（docs/science/PHASE2_UPM.md:98 标题行「容差随观测尺度归一，禁绝对容差」、:114-115「生产必须 tolerance_relative=1」）,module_adapters.cpp:9571/:9573（设 1）、:9650-9652（读覆盖键）；p2_session.cpp:204（只设 tolerance）＋:199-212 全列无该键、:212-218 覆盖块只读 max_iterations/huber_delta/smoothing_lambda；upm.h:113 int tolerance_relative=0；upm.cpp:1036-1040 唯一消费处、:1409 持久化,文献值,Phase2 UPM 收敛判定本身（非仅日志）,是（第②层复核改判）,红：同一参数在生产两处入口取不同值（相对 vs 绝对）；session 侧那条路对 upm.tolerance_relative 的覆盖键静默失效；该键在 defaults.json／CLI 白名单／phase_config schema 零登记；两处登记锚（DISP-P2UPM-006、PHASE2_UPM.md:378 §16.3）行号已全部漂移,AUD-203-天光无缝核验 AUD203-09；复核-AUD203 V4；复核注记：是（复核-AUD203 V4 定 P2：生产侧取合规一侧；并订正成稿「设计 §5 明文」为「同一句还带『禁绝对容差』四字 ⇒ session 侧是违禁不是不一致」）,
w_jp 权重分母,公式,lib/algorithms/drizzle/healpix_drizzle/drizzle_engine.cpp:1617；docs/algorithms/DRIZZLE_GEOMETRY.md:48（补侧·本行出处所列，该侧带值）；docs/contracts/DATA_SEMANTICS.md:47（补侧·本行出处所列，该侧带值）,"代码 = a_jp/A_drop,j；两处文档 = a_jp/A_pixel,j",无量纲,drop 归一 vs 像素归一,严格（Σ_p w_jp = 1 只在 drop 归一下成立）,用 A_pixel 分母时 Σ_p w'_jp = pixfrac² ⇒ 同一句「通量守恒」相差 pf²（0.8⇒0.64）,文献值（A：Fruchter & Hook 2002 §7.2 式(7) 的 a 是 the drop 的分数交叠）＋代码为唯一裁判,drizzle_engine.cpp:1617；docs/algorithms/DRIZZLE_GEOMETRY.md:48-50/:332（正确侧）vs :337-346、docs/contracts/DATA_SEMANTICS.md:47、ASTROCS_DESIGN.md:209（冲突侧）,文献值,创新点④ 权重与通量守恒声明,是（第②层独立复核）,红：同一符号在一份文档体系内两种分母，其中两处与代码相反,AUD-204-面积交叠核验 AUD204-09；复核注记：是,
0.85 抄进用户可见诊断串,容差,lib/infrastructure/cli/resource_gate.h:492；eng/contracts/resource_gate_v1.json（补侧·本行出处所列，该侧带值）,0.85（串内字面量）,分数,CPU 均值利用率门的回显,不适用,契约值 compute.mean_utilization_min_percent=85,有文献（契约）＋载体错,resource_gate.h:492；契约 eng/contracts/resource_gate_v1.json,公式导出,用户可见诊断文本,否（判读层逐行已判，未过第②层复核）,红（判读层立案 A3 §2.2）：契约改值即产生假文案，应写 kCpuMeanMinPercent/100,AUD-402-判读-A3 §2.2,
1.253（应为 √(π/2)）,常数,lib/algorithms/noise_snr/cpp/src/snr_science.cpp:279；lib/algorithms/noise_snr/cpp/src/snr_science.cpp:272；eng/tests/unit/p1snr/p1snr_linux_test.cpp:244（补侧·本行出处所列，该侧带值）；docs/science/NOISE_MODEL.md:323（补侧·本行出处所列，该侧带值）,1.253,无量纲（dex→σ 换算）,sigma_logflux_dex 的倍率：return 1.253 * sigma_logflux_dex / sqrt(n),测试以 rtol=1e-15 断言该截断值 ⇒ 把偏差冻结成合同,精确值 1.2533141373155001；截断引入系统性相对偏差 −2.51e-4,公式导出（同文件 :272 注释自己写「1.253 = sqrt(pi/2)」）,snr_science.cpp:279（代码）、:272（自证注释）；p1snr_linux_test.cpp:244（1e-15 断言）；docs/science/NOISE_MODEL.md:323,公式导出,绝对 SNR 的 dex 不确定度换算,否（判读层逐行已判，未过第②层复核）,红（判读层立案 BD1-D1）：仓内已有导出式却被写成三位截断值，且被 1e-15 容差冻结 ⇒ 日后订正必红,AUD-402-判读-BD1 §1.2 D1,
Phase2 逐像素科学权重（臂 A）,公式,lib/infrastructure/scheduler/src/module_adapters.cpp:11936；lib/infrastructure/scheduler/src/module_adapters.cpp:8155；lib/infrastructure/scheduler/src/module_adapters.cpp:12004；docs/science/NOISE_MODEL.md（补侧·本行出处所列，该侧带值）,w_used = 1/σ_bg²（背景面 ivar）；最优 w_opt = 1/(σ_bg² + S_src/g),ADU⁻²,比值 R = w_used/w_opt = 1 + S_src/(g·σ_bg²),"第②层复算倍数表：F=10³→7.6×（σ_bg=5,g=1.3）；F=10⁶→6645×",σ_bg² 只在 S_src≡0 或 S_src/g ≪ σ_bg² 时等于样本方差,公式导出（Cauchy–Schwarz 取等条件 w_i ∝ 1/v_i；photutils calc_total_error σ_tot=√(σ_bkg²+I/g_eff)；Zackay & Ofek 2017 II 标题自带背景主导限定）,ASTROCS_DESIGN.md:156-158/:168-174；docs/science/NOISE_MODEL.md §5b/§5c/§10；module_adapters.cpp:11936/:8155/:12004,公式导出,创新点②③ 叠加权＋产品误差面,是（第②层复核改判）,红：背景方差面冒充逐像素物理总方差场入权；mosaic variance=1/W 使亮源像素误差棒按构造偏小 1–3 个数量级（写入交付产品）,AUD-202-SNR核验 AUD202-001/AUD202-010；复核-AUD202 V1（P0）；复核注记：是（复核-AUD202 V1 定 P0；V3 推翻「两篇 FROZEN 互斥需裁决」，降为 P2 文档订正）,
USER_HZ / _SC_CLK_TCK,常数,lib/infrastructure/cli/monitor.h:257；lib/infrastructure/cli/monitor.h:258；lib/infrastructure/cli/monitor.h:277,100.0（硬编码）,tick/秒,/proc/self/stat 的 utime/stime → 秒,不适用,Linux tick 频率是内核构建期选项（常见 100/250/300/1000）；proc(5) 明示这些字段以 clock tick 计,公式导出（sysconf(_SC_CLK_TCK)）,monitor.h:257/:258（硬编码除 100.0）；反证在同文件 :204-205（iowait）与 :277-278（read_thread_cpu）都已用 sysconf(_SC_CLK_TCK) 并只在返回 ≤0 时兜底 100,公式导出,cpu_seconds → 等效核 → GateConfig,否（判读层逐行已判，未过第②层复核）,红（判读层立案 A2 L-05）：同一物理量三处两套口径；非 100 Hz 内核上同一份报告里 per_thread_cpu_sum_pct 与 cpu_cores_used 相差 hz/100 倍，且现无任何门交叉核对二者（交叉校验实测 0 处）,AUD-402-判读-A2 §3.2 L-05；L-05,
cpu_pct_p50,常数,lib/infrastructure/cli/resource_recorder.h:259；eng/contracts/resource_gate_v1.json；lib/infrastructure/cli/resource_recorder.h:79,0.50 ｜ 0.0,未标注,未标注,未标注,未标注,不适用（结构性常数）,"eng/contracts/resource_gate_v1.json compute.p50_utilization_min_percent 的统计量名=""p50""；—（不进正式链路的观测字段初值：值由调用方在采样后覆盖，本身不承载判据或科学量）",公式导出,送 gate :190 判据⑤,否（判读层逐行已判，未过第②层复核）,红：判读层把同一符号按位点分行登记，取值不等（resource_recorder.h:259=0.50；resource_recorder.h:79=0.0）,AUD-402-判读-A3,
eq,常数,lib/infrastructure/cli/monitor.h:430；lib/infrastructure/cli/commands.cpp:719；lib/infrastructure/cli/resource_recorder.h:128,0.0,等效核,interval_<=0 时的短路值；否则 ΔCPU秒/标称 interval,无,每样本,不适用（结构性常数：短路兜底）——但**同一表达式的非兜底侧**是该模块的核心口径问题,:428-437 与 commands.cpp:719 注释（作者以 0.5 s 标称周期自证「normalized 口径成立」）；对照 :470 的 last_t_ 成员（记录上次采样时刻，全文件零使用）,公式导出,cpu_cores_used 事件、work_core_seconds（⑦ 事实标记）、GateConfig.avg_equivalent_cores,否（判读层逐行已判，未过第②层复核）,红（判读层立案 L-04｜AUD-402-判读-A2 §3.2）：eq = d_cpu_seconds / interval_ 用标称周期作分母；采样被拖慢时按 0.5 s 折算 ⇒ 等效核系统性高估（高估＝利用率好看＝fail-open）。同族 resource_recorder.h:128 亦用标称，而 commands.cpp:782 的窗长又改用实测 elapsed_seconds ⇒ 三处两口径；实测量 last_t_（:470）已备但全文件零使用,AUD-402-判读-A2；L-04,
hips_pixel_scale（浏览器真值件）,常数,lib/infrastructure/hips_browser/healpix_browser_qt/tools/gen_geometry_truth.py:177；lib/infrastructure/aio/src/hips/aio_hips_writer.cpp:1890；eng/tests/unit/p1_hips_writer_test.cpp:158（补侧·抄自判读件按侧登记的位置列）,58.6（写死）,未注释（应为度）,HIPS 像元尺度,不适用,58.632301428350395° 正是 nside=1 基面像元尺度；同文件 :168 声明 hips_order=leaf_order（SHIFT=9 ⇒ nside≥512 ⇒ 应约 0.114516°）,公式导出（IVOA：(180/π)·√(π/3)/nside）,gen_geometry_truth.py:177（写死）、:168/:35（阶数声明）；生产写出路径 aio_hips_writer.cpp:1890 已按式算（不受影响）；本机复算 numerics.txt,公式导出,HiPS 浏览器几何真值文件（非交付产品链）,否（判读层逐行已判，未过第②层复核）,红（判读层立案 BD1-D5）：同一文件内声明阶数与写死尺度差 ≥512×，且无单位注释,AUD-402-判读-BD1 §1.2 D5,
hips_profile=1 的 support 量化,算法,lib/algorithms/drizzle/healpix_drizzle/astro_sphere_sink.cpp:520；lib/infrastructure/aio/src/hips/aio_hips_writer.cpp:1322；lib/algorithms/drizzle/healpix_drizzle/astro_sphere_sink.h:36（补侧·本行出处所列，该侧带值）,q = lround(255·S)；area_buf = (q/255)·a_cell（float32）,无量纲,covered_area 走 uint8 支撑格,包络严格界 |r| ≤ 0.5/q（文档式 1/(510·S) 是一阶近似，S→1 侧偏小 1.7e-5）,S<1/510=1.96078e-3 ⇒ q=0 ⇒ support=0 且 signal=NaN；S=1/510 ⇒ −50%（全映射最坏）；过覆盖 S=1.3 ⇒ +30%（钳到 255，非量化误差）,公式导出（量化映射为确定性算术）,astro_sphere_sink.cpp:186-191（profile=0 直写不量化）/:520-542（profile=1 量化）/:277-285（k=1.0 回退）；aio_hips_writer.cpp:1322-1341/:1212/:1327-1332；astro_sphere_sink.h:36「两末端必须逐字相同，禁止内联第二套分母」,公式导出,创新点④ 产品发布面精度上限,是（第②层复核改判）,红：两末端「同一物理输出」仅在 D_p 恰落 1/255 格点时成立；量化偏差比 FP32 累加噪声大 4 个数量级（第②层独立数 4.1×10³）、比冻结门大 2–3 个数量级；NaN→0 被接缝度量消费者当 0（render_vis.py:458、seam_footprint.py:386）；无 n_coverage_underflow 计数,AUD-204-面积交叠核验 AUD204-11；复核-AUD204 W3；复核注记：是（复核-AUD204 W3 确认并补两条更大分支，并把待裁项「profile=0 在 pf<1 偏移」定案为无偏移）,
k = D_p/N_p（发布因子）,公式,lib/algorithms/drizzle/healpix_drizzle/astro_sphere_sink.h:39；lib/algorithms/drizzle/healpix_drizzle/drizzle_engine.cpp:1617；docs/science/DRIZZLE.md（补侧·本行出处所列，该侧带值）；docs/contracts/DATA_SEMANTICS.md:47（补侧·本行出处所列，该侧带值）；docs/algorithms/DRIZZLE_GEOMETRY.md:337（补侧·本行出处所列，该侧带值）,代码 k = sumArea/sumNorm = pixfrac²·(1+⟨δ⟩)；文档写「= pixfrac²」,无量纲,signal +1 次幂、variance +2 次幂的幂次守恒底数,⟨δ⟩ 按 a_jp 加权：θ=2″ ≤1.8e-10、θ=300″ ≈1.9e-7,sumNorm<=0 → k=1.0 回退,公式导出（等价性已独立复核：S_p 与 variance_p 对两种参数化不变）,astro_sphere_sink.h:26-52（:39 写 =pixfrac²）、:50-52；drizzle_engine.cpp:1617/:1639-1641/:1644/:1646-1650；docs/science/DRIZZLE.md §5:50/:83,公式导出,创新点④ 背景口径与发布面,是（第②层独立复核）,红：文档把 k ≡ pixfrac² 写成严格式，实测含 ⟨δ⟩；三处文档把权重分母写成 A_pixel 与代码 A_drop 相反（DATA_SEMANTICS.md:47、DRIZZLE_GEOMETRY.md:337-346、ASTROCS_DESIGN.md:209）,AUD-204-面积交叠核验 AUD204-09／AUD204-10；复核注记：是（第②层 W1/W3 复核）,
kLimit,常数,eng/tests/backend/mem_wire_test.cpp:223；eng/tests/unit/mem_wire_test.cpp:223（补侧·抄自判读件按侧登记的位置列）,2500,字节/条目上限（无量纲计数）,内存/句柄线上测试的限额,不适用,设计约束写在注释里：2×1000 ≤ 2500 < 3×1000,公式导出（可由 kPerNode 表达成不等式）,mem_wire_test.cpp:223；同注释 :222 给约束式,公式导出,线/内存预算测试,否（判读层逐行已判，未过第②层复核）,红（判读层立案 BD1-D4）：改 kPerNode 会静默失效，仓内无守护断言,AUD-402-判读-BD1 §1.2 D4,
kMoffat4FwhmFactor,常数,eng/tests/unit/p1snr/p1snr_linux_test.cpp:67；docs/algorithms/STAR_PSF_ALGORITHMS.md:62-64；lib/algorithms/psf/src/dpsf_psf.cpp:25；docs/science/ASTROMETRY.md:170；docs/algorithms/STAR_PSF_ALGORITHMS.md:199,1.230310,无量纲（FWHM/σ 比值）,PSF 块各向同性 Moffat β=4,实现值与精确值相对差 +1.91e-6（文档已登记）,仅 β=4；各向异性按轴用同因子,A（解析可导）＋ C（文档镜像）,docs/algorithms/STAR_PSF_ALGORITHMS.md:62-64（推导 FWHM=2√2·σ·√(2^{1/4}−1)=1.230307652590102·σ，并登记实现常量 MOFFAT4_FWHM_FACTOR=1.230310（dpsf_psf.cpp:25）与精确值相对差 +1.91e-6）；SCI 侧 docs/science/ASTROMETRY.md:170,公式导出,PSF 块 FWHM↔sigma 正向换算（禁止反解检测块列）,否（判读层逐行已判，未过第②层复核）,红（判读层立案 逐侧并列见本行出处与备注引文）：本行测试值与生产值同截断 ⇒ 不立案多侧不一致,AUD-402-判读-BD1,
min_sep_px,常数,eng/tests/unit/p1001_real_nodes_test.cpp:1851；docs/algorithms/GATES_AND_TOLERANCES.md:67,0.9（断言下限；变量名 min_unbridged_sep_px）,像素,未桥接（0-based 当 1-based）读法与桥接读法的角距离差,缺（0.9 的余量依据未登记）,仅当像素尺度 ≥ 适用域（本用例 1″/px）时有意义,C（文档给的是 ≥1 px，不给 0.9）,"docs/algorithms/GATES_AND_TOLERANCES.md:67（G-P1-WCS-BRIDGE 负对照条款：""移除或错置 +1 桥接必须 ≥1 px 偏差""）；行内推导注释 :1835-1836（""必须相差 ≥0.9 px，否则本 oracle 无鉴别力(恒真)""）",公式导出,W4-A1 像素原点判别的判别力自证门,否（判读层逐行已判，未过第②层复核）,红（判读层立案 BD1-N2｜AUD-402-判读-BD1 §1.4 N2）：文档条款 ≥1 px（GATES_AND_TOLERANCES.md:67）vs 测试执行 ≥0.9 px ⇒ 10% 松弛未登记；实际分离度经 SIP 项扰动后非严格 1 px，属需标定未标,AUD-402-判读-BD1；G-P1,
node_spacing_deg（生产）／NODE_SPACING_DEG（实验）,常数,lib/algorithms/coverage/src/sky_plane.cpp:454；docs/science/PHASE2_UPM.md（补侧·本行出处所列，该侧带值）,生产 default 0.0（禁默认标定值）；实验单元 NODE_SPACING_DEG=0.0355°,deg,B 样条节点间距,不适用,"生产由 constraining=min(overlap_band_width_deg, pointing_spacing_deg) 导出，upper=0.5·constraining、lower=max(sample_pitch_deg, pixel_scale_deg)，upper<lower ⇒ GEOMETRY_UNSUPPORTED 显式失败",公式导出（ASTROCS_DESIGN.md:413 规定由输入几何导出）,sky_plane.cpp:392-447/:454/:499-511；docs/science/PHASE2_UPM.md §7a 规则 1/2 与 :176-178（0.0355°→129.2 px @0.989″/px）,公式导出,Phase2 平面表示（正例：无标定常数）,是（第②层独立复核）,红：实验网格值与生产导出值同名易误读为生产常数（须分开引用，文档已声明但需登记）,AUD-203-天光无缝核验 AUD203-08；复核注记：是（成立，改法仅措辞登记）,
noise.mask_budget_min_patches,常数,eng/packaging/config/defaults.json:261；docs/science/NOISE_MODEL.md:98；lib/algorithms/noise_snr/cpp/src/noise_model.cpp:1261,8,count,天空预算合格 patch 数下限 n_qualified,无精度陈述,"注册 constraint 写 >=4；取值 8；schema :295-299 minimum=**1** maximum=1e6；解析层 [1,1e6]",可公式导出（下限 4 由平面 LS 可辨识性导出；8=2x 余量无据）,docs/science/NOISE_MODEL.md:98（n_qualified(s) >= 8 且 N_sky >= 9216）；>=4 的来源 = §4 :54 平面场启用条件（3 参数 + 非共线）,公式导出,Phase1 掩膜天空预算,否（判读层逐行已判，未过第②层复核）,红（判读层立案 逐侧并列见本行出处与备注引文）：值域三侧不等：注册 >=4 / schema 1 / 代码 1 ⇒ 填 1..3 时合同与代码都放行，而 SCI 判平面场不可辨识（静默降级为常量场，fail-open）,AUD-402-判读-A1,预筛已回：全表命中键 mask_budget_min_patches｜有值侧 3（S1 defaults、S4 合同schema、S5 代码兜底）
noise.mask_k_sigma,常数,eng/packaging/config/defaults.json:219；docs/science/NOISE_MODEL.md:88；lib/algorithms/noise_snr/cpp/src/noise_model.cpp:1258；artifacts/evidence/governance-01/research/MASK-001_掩膜语义重新推导.md；docs/science/NOISE_MODEL.md:108,0.1,sigma,掩膜边缘残余面亮度系数：源面亮度 = k·sigma_bg 处定半径,污染预算：sigma_bg 偏差 <=0.5%（= 5% oracle 的 1/10 余量）,"注册 >0；schema :274-278 exclusiveMinimum=0 maximum=100；解析层 (0,100]；使用层把 <=0 当 unset",可公式导出（配 SCI §11 源污染 oracle）,docs/science/NOISE_MODEL.md:88 与 :95（k=0.1 ⇒ 残余方差污染 <1%·sigma_bg^2 ⇒ 偏差 <=0.5%；注册件所引 :84 是实现一致性句）,公式导出,Phase1 逐星掩膜半径,否（判读层逐行已判，未过第②层复核）,红（判读层立案 MASK-001｜AUD-402-判读-A1 §2.3 O-5）：NOISE_MODEL.md:108 引的证据件实际跟踪路径在 artifacts/evidence/governance-01/research/，所记 reports/ 路径不存在 ⇒ 掩膜族（k=0.1、rmax=60、9216）的实验支撑锚点路径失效,AUD-402-判读-A1,预筛已回：全表命中键 mask_k_sigma｜有值侧 3（S1 defaults、S4 合同schema、S5 代码兜底）
noise.source_mask_radius_px,常数,eng/packaging/config/defaults.json:107；docs/science/NOISE_MODEL.md:97；lib/algorithms/noise_snr/cpp/src/noise_model.cpp:1250；lib/infrastructure/scheduler/src/module_adapters.cpp:6507-6511；lib/algorithms/noise_snr/README.md:111,10,px,"逐星掩膜硬上界 rmax 的 r0 项（非操作半径）；SCI 另授权 max(1,r0)",无精度陈述（上界参数，整数取值）,"注册面 >=1；schema 与代码解析面均为 [0,1e4]（含 0）","可公式导出（只在 rmax=max(1,r0)·max(1,scale) 里有意义）",docs/science/NOISE_MODEL.md:97（rmax 式；注册件所引 :86 是 §5a 小节空行，真锚在 :97，另 :52 写 rmax=60）,公式导出,Phase1 逐星掩膜半径上界,否（判读层逐行已判，未过第②层复核）,"红（判读层立案 逐侧并列见本行出处与备注引文）：五侧并列：defaults.json:107=10（constraint >=1）｜代码兜底 noise_model.cpp:1250=10.0｜使用层 :824 再写 max(1.0,·)｜schema :323-327 default=10 minimum=**0** maximum=1e4｜解",AUD-402-判读-A1,预筛已回：全表命中键 source_mask_radius_px｜有值侧 3（S1 defaults、S4 合同schema、S5 代码兜底）
photometry.tukey_c,常数,eng/packaging/config/defaults.json:555；docs/science/PHOTOMETRY.md:31；lib/algorithms/photometry/cpp/src/spatial_gain.cpp:40；lib/algorithms/photometry/cpp/src/star_matcher.cpp:23,4.685,1（无量纲）,"Tukey biweight 形状参数 c（w=(1-u^2)^2, u=(r-loc)/(c·S)）",未标注（仅在正态假设下对应 95% 效率）,注册 >0；无 schema 承载,可公式导出（给定效率目标可数值求根）；一手文献未登记,"本仓 docs/science/PHOTOMETRY.md:31（符号表 c 4.685）与 :207（u_i 式, c=4.685）；**注册件 source 引 :21（表头行）、source_ref 引 :24，两条都不含 4.685 且互相矛盾**；一手 = Beaton & Tukey 1978 / Tukey 1975（本仓未登记 DOI/公式号）；链路报告侧：docs/science/PHOTOMETRY.md:31/:207（真陈述行）；正本 :295 引 PMC6768164、:303 Beaton & Tukey 1974 未取回；star_matcher.cpp:23；spatial_gain.cpp:40 kTukeyC（重复定义）",公式导出,测光 IRLS 稳健位置,是（第②层独立复核）,红：登记锚 :24 自始不含该值（复核判定「登记即错，0/8 从未成立」，与其余四条「漂移」不同源）；同值第二处 spatial_gain.cpp:40 无引用关系,AUD-201-测光核验 AUD201-016／AUD201-017；AUD-402-判读-A1；复核注记：判读层已核＋第②层独立复核,预筛已回：全表命中键 tukey_c｜有值侧 2（S1 defaults、S5 代码兜底）
psf.moffat_beta,容差,eng/packaging/config/defaults.json:76；docs/science/PSF.md:23；docs/science/PSF.md:177；docs/science/PSF.md:74；lib/algorithms/noise_snr/cpp/src/snr_estimator.cpp:40；lib/algorithms/noise_snr/cpp/src/snr_science.cpp:54；lib/algorithms/psf/src/dpsf_psf.cpp:25；eng/packaging/config/defaults.json,4.0,1（无量纲）,椭圆 Moffat 形状指数 beta,精确等于 4.0（改动而无 SCI 变更属不可接受变化，PSF.md:152）,注册 beta=4 单值；无 schema/模板/CLI 承载；**lib 生产面不存在 beta 配置读取**（模型是写死的四参数轮廓）,文献值（本仓 SCI 冻结）+ 本仓自认 Project-defined 推导,真锚 docs/science/PSF.md:23/:78/:92/:152/:178（多处 beta=4）；注册件所引 :94 讲的是 r_win/alpha=2.629 与 f_out=2.02e-3（不含 4.0）；PSF.md:177 引 Moffat 1969 仅作**轮廓形式**来源，:178 明确 beta=4 的通量式与 FWHM 因子为 **Project-defined derivation** ⇒ 『文献冻结 beta=4』的说法被本仓文档自己否定,公式导出,Moffat4 PSF 模型,否（判读层逐行已判，未过第②层复核）,红（判读层立案 E-1/X-10｜AUD-402-判读-A1 §2.2 E-1；X-10）：注册了无消费点的 beta=4.0，而 operative 因子是 FWHM/σ=1.230307652590102（PSF.md:74 已给闭式并自证实现常量相对差 +1.91e-6），截断值 1.230310 硬编码三处；且本仓引的是 Moffat 1969（非 1995），PSF.md:178 明写 β=4 的通量式与 FWHM 因子是 Project-defined derivation ⇒ 不得按『文献值』登记,AUD-402-判读-A1,预筛已回：全表命中键 moffat_beta｜有值侧 1（S1 defaults）
rss_growth_mb_per_s,常数,lib/infrastructure/cli/memory_report.h:228；eng/contracts/resource_gate_v1.json；eng/tools/quality/resource_monitor.py:536；lib/infrastructure/cli/memory_report.h:481；lib/infrastructure/cli/v6_runtime_contract.h:310,0.0 ｜ 1024.0,名为 MB/s 实为 **MiB/s**（1048576 B/s）,斜率换算后的判定量,%.3f；判定比较用 >=（契约 growth_predicate）,样本≥kAllocMinCurveSamples 才有值,无（数值口径有唯一源，**名字**与契约禁令冲突）,eng/contracts/resource_gate_v1.json memory.unit 明记『MiB/s（1048576 B/s）；禁止再使用 MB/s（1e6 B/s，口径差 4.858%）』；值：resource_gate_v1.json#memory.growth_limit_mib_per_s=32 与 unit 键「禁止再使用 MB/s（1e6 B/s，口径差 4.858%）」；名：本行与 :52/:54/:255/:260 及 eng/tools/quality/resource_monitor.py:536/:553/:719/:794 的 mb_per_s 键名；契约侧的对应条款 = resource_gate_v1.json#memory.unit「MiB/s（1048576 B/s）」——**数值**与契约完全一致,公式导出,alloc_report.json rss_growth_mb_per_s / thresholds.growth_*_mb_per_s；外挂 judge 判定,否（判读层逐行已判，未过第②层复核）,红：判读层把同一符号按位点分行登记，取值不等（memory_report.h:228=0.0；memory_report.h:481=1024.0；v6_runtime_contract.h:310=0.0）,AUD-402-判读-A2；AUD-402-判读-A3；L-03；L13,
sys_seconds,常数,lib/infrastructure/cli/monitor.h:258；lib/infrastructure/cli/monitor.h:70,100.0 ｜ 0.0,ticks/秒（同上）,/proc/self/stat 第 15 字段 stime 换算为秒,不适用,仅 Linux 分支,无（同 :257）,同 :257 簇（共用一条出处与处置）；同 :68 簇,公式导出,同 :257,否（判读层逐行已判，未过第②层复核）,红：判读层把同一符号按位点分行登记，取值不等（monitor.h:258=100.0；monitor.h:70=0.0）,AUD-402-判读-A2,
user_seconds,常数,lib/infrastructure/cli/monitor.h:257；lib/infrastructure/cli/monitor.h:69；lib/infrastructure/cli/memory_report.h:224-225,100.0 ｜ 0.0,ticks/秒（USER_HZ，即 CONFIG_HZ）,/proc/self/stat 第 14 字段 utime 换算为秒,不适用（换算是精确的，前提是 100 正确）,仅 Linux 分支,无（把「常见值」当「定义值」；Linux proc(5) 明确这些字段以 clock tick 计，tick 频率由 _SC_CLK_TCK 给出，不保证为 100）,反证在同文件内：:204-205（iowait）与 :277-278（read_thread_cpu）**已经**用 sysconf(_SC_CLK_TCK) 并只在返回 <=0 时兜底 100；同一物理量的三处两套口径；同 :68 簇,公式导出,cpu_seconds → ProcessMonitor::summary() 的 avg/peak_equivalent_cores、avg_cpu_percent → resource 事件字段 cpu_cores_used 与契约判据 ①④⑤⑥⑦,否（判读层逐行已判，未过第②层复核）,红：判读层把同一符号按位点分行登记，取值不等（monitor.h:257=100.0；monitor.h:69=0.0）,AUD-402-判读-A2；L-05；L-10,
归一化门阈值（绝对→尺度无关）,容差,lib/algorithms/coverage/src/upm.cpp:654；lib/algorithms/coverage/src/upm.cpp:671；docs/algorithms/PHASE2_UPM_IMPL.md（补侧·本行出处所列，该侧带值）；docs/science/PHASE2_UPM.md（补侧·本行出处所列，该侧带值）,代码：s > 0.0 ∧ isfinite(s)；文档仍写：s > 1e-12,与 sums 同标度,per-control 归一化判据,不适用,旧绝对门在生产 control_ivar 中位 ≈5.6e-22 下把全部 control 判假 ⇒ 100% 权重清零、C 场恒 0、帧间不可比（接缝根因）,公式导出（份额式 w_cell 的定义域 = Σ_cell w_UPM>0 且有限，与尺度无关）,upm.cpp:654-671（FIX-UPMSCALE 注释＋代码）；docs/**/PHASE2_UPM_IMPL.md §F2:179-184 与 §3 符号表滞后；docs/science/PHASE2_UPM.md §7；ASTROCS_DESIGN.md §5.4,公式导出,Phase2 UPM 权重归一,是（第②层独立复核）,红：码已修、文档滞后；且 §3 符号表仍把已于 2026-09-25 删除的 p2_upm_normalized_weights（upm.cpp:1999 RETIRED，全仓零消费者）列为有效导出符号,AUD-203-天光无缝核验 AUD203-04；复核注记：是（CONFIRMED，A 级：代码 vs 文档比对）,
无增益上界解析式 SNR_rep/SNR_true,公式,docs/plugins/algorithms_phase1/07_noise_snr.md:121,文档式 √(1 + F/σ_bg²),文档式非无量纲（ADU⁻¹）,天空受限口径的 SNR 高估倍数,不适用,应为 sqrt(ΣP²/σ_bg² · (ΣP²/(σ_bg²+FP_i/g))⁻¹)，必带 ΣP² 与 1/g 因子,无来源（文档式量纲不齐；41%/347% 两锚点 φ 未定义不可复算）,docs/plugins/algorithms_phase1/07_noise_snr.md:121；AUD-202 复算表 1.028…3.717 倍,公式导出,文档侧误差声明,是（第②层复核改判）,红：式子与它自己给出的数字不属同一对象,AUD-202-SNR核验 AUD202-006；复核-AUD202-补 V5/V6 改判一览；复核注记：是（复核改判：41%/347% 改判为可复算 = 1/√(1−φ)；「1.03–3.72 倍」归因订正＝主项是缺 ΣP² 而非缺 1/g）,
1% 幅度检测读数,常数,实验/additive-sky-seamless/README.md:289；results/c2_multiplicative.json（补侧·本行出处所列，该侧带值）,报告 amp −0.0004 ± 0.038、3σ 检测限 0.069；JSON injected_amp=0.01、detected_at_1pct=false、detection_limit_3sigma=0.069056199,分数（相对天光）,hf_component 支,−0.0004/0.038 在 JSON 中零命中 ⇒ 无落档,结论（未检出、3σ 限 0.069）逐位有落档,实验标定（结论有落档、描述数字无落档）,实验/additive-sky-seamless/README.md:151/:289-290；results/c2_multiplicative.json,实验标定,创新点③ 高频成分检测限,是（第②层独立复核）,红：两个具体字面量无落档（成稿配的机器值 0.6721±0.0230 属口径错配，是 hf_matched_filter 的归一化恢复比，已撤回）,复核-结果层与收口层 R4 第 2 处；复核注记：是（P2）,
PSD 峰位与预期（对外验收表行）,常数,实验/additive-sky-seamless/README.md:369；results/c2_multiplicative.json（补侧·本行出处所列，该侧带值）,报告 1%@24 px／k=4／预期 5.33±2；机器 psd_k_peak=26／psd_k_expected=21.333333／psd_period_peak_px=19.692307／bin=4／injected_period_px=24.0,bin ／ px,高频成分峰位,同文另处（:151）写对（k=26 vs 21.33，±6 bin 内）,psd_peak_at_injected=false,实验标定（机器值落档，报告字面量无落档）,实验/additive-sky-seamless/README.md:369（§9 验收门表）与 :151；results/c2_multiplicative.json:hf_component,实验标定,创新点③ 验收门对外主张,是（第②层独立复核）,红：k 差 22 个 bin、预期差 16，同文两值；:369 是验收门表行＝对外主张,复核-结果层与收口层 R4 第 1 处；复核注记：是（定 P1：一处进对外主张、两处不进）,
noise.min_patch_samples,常数,eng/packaging/config/defaults.json:149；docs/science/NOISE_MODEL.md:52；lib/algorithms/noise_snr/README.md:117；lib/algorithms/noise_snr/cpp/src/noise_model.cpp:1253；lib/infrastructure/scheduler/src/module_adapters.cpp:6599；lib/algorithms/noise_snr/cpp/include/snr_estimator.h:142,64,count,"patch 合格样本数下限；受 §8 收紧为 max(64,9216)",无精度陈述（未给 SE 目标）,"注册 >=1；schema :309-313 [1,1e6]；解析层同",需实验标定（64 无推导；仓内唯一依据是它等于 patch 面积）,docs/science/NOISE_MODEL.md:52（min_samples 默认 64，只陈述不推导）；派生线索在 lib/algorithms/noise_snr/README.md:117『64=8x8 全格』,实验标定,Phase1 patch 噪声估计,否（判读层逐行已判，未过第②层复核）,红（判读层立案 F-12/E-3｜AUD-402-判读-A1 §2.1 F-12、§2.2 E-3）：与 noise.patch_grid 是同一几何量的两侧（README:117 明写 64=8×8 全格），两键却各自独立成值、独立兜底 ⇒ 改网格不联动样本阈,AUD-402-判读-A1,预筛已回：全表命中键 min_patch_samples｜有值侧 3（S1 defaults、S4 合同schema、S5 代码兜底）
noise.saturation_level,常数,eng/packaging/config/defaults.json:177；docs/science/NOISE_MODEL.md:52；eng/packaging/config/defaults.json；lib/infrastructure/scheduler/src/module_adapters.cpp:6383,0,ADU,0/负/非有限 = 未提供电平（unset），>0 = 饱和电平；优先级 显式 cfg > snr.saturation_level > FITS SATURATE > DATAMAX,电平本身是观测量（无精度要求）,注册：0 合法（作 unset）；**schema :343-346 exclusiveMinimum=0 且 default=0 ⇒ 声明的默认落在声明的值域之外**；解析层 module_adapters.cpp:6528-6531 要求 >0（0 即 rc=3 拒绝）,需实验标定（缺失代价已量化，但代价数字不可复核）,docs/science/NOISE_MODEL.md:52（饱和域 claim SC-008/SAT-001）；SAT-001 读数只在 run/PROJECT-GOVERNANCE-01/SAT-001/…（.gitignore:17 run/* ⇒ 不在跟踪集，无法独立复算）,实验标定,Phase1 blank-sky 统计与逐像素权重场,否（判读层逐行已判，未过第②层复核）,红（判读层立案 F-4｜AUD-402-判读-A1 §2.1 F-4）：同一 schema 对象内同时声明 default=0 与 exclusiveMinimum=0 ⇒ 声明的默认落在声明的值域之外；注册值 0（语义 unset）按 schema 写回即 rc=3 拒绝，与 unset 不等价,AUD-402-判读-A1,预筛已回：全表命中键 saturation_level｜有值侧 4（S1 defaults、S4 合同schema、S5 代码兜底、S6 登记册）｜候选档 ②值域自相矛盾
pixfrac 系数表标定前提,算法,lib/algorithms/coverage/src/sampler.cpp:81,"kcorr 系数表列只有 {0.5, 0.8, 1.0}，按 pixfrac=0.8 生产默认做 MC 标定",无量纲,Phase2 kcorr 表,不适用,用户省略 drizzle.pixfrac 时生产实取 1.0 ⇒ 同时偏离唯一数值源与标定前提,实验标定（MC 表）,lib/algorithms/coverage/src/sampler.cpp:81-88；AUD-402-判读-A3 L1,实验标定,创新点④ 权重与 kcorr,否（判读层逐行已判，未过第②层复核）,红：标定前提（0.8）与缺键实取（1.0）不一致,AUD-402-判读-A3 §2.1 L1；L1,
polar 闭合预算最坏值（同页两值）,容差,实验/healpix-polar/docs/EXP-07-POLAR-摘要.md:37；实验/healpix-polar/docs/EXP-07-POLAR-摘要.md:43；docs/EXP-07-POLAR.md:615（补侧·本行出处所列，该侧带值）,1.12e-8（T9，49 配置）／2.789e-8（T13-N4，1089 配置极点栅格）,A_cell 分数,budget_abs = 1e-7·A_drop,36× 门禁余量（门禁值同址未写出）,两值皆真、差在样本面未写,实验标定,实验/healpix-polar/docs/EXP-07-POLAR-摘要.md:37/:43；results/p2_t9.out:3/:5；results/p3_t13.out:65；docs/EXP-07-POLAR.md:615（把 1089 配置的精度与 49 配置的代价拼成同一句）,实验标定,创新点④ 折线近似预算声明,是（第②层独立复核）,红：同一页两个最坏值、同一预算、无口径说明；:615 一句内混源配对,复核-结果层与收口层 R3③；复核注记：是,
sparse_snr.spacing_px,常数,eng/packaging/config/defaults.json:692；eng/packaging/config/defaults.json:694；eng/packaging/config/config_registry.json:1653；eng/packaging/config/defaults.json；eng/ci/ledgers/dead_config_keys.json；eng/packaging/config/defaults.json:699；docs/plugins/algorithms_phase1/07_noise_snr.md:102（补侧·本行出处所列，该侧带值）；docs/science/CONTROL_WEIGHT_SNR.md:215（补侧·本行出处所列，该侧带值）,64,px,稀疏层控制点间隔 Delta,整数 >=1；余量依据 Delta/ell ≈ 1.1-1.6（ell=40.4-57.9 px 实测相关长度）,注册 >=1；schema :462-466 integer minimum=1 default=64（第四侧同值，但 leaf 名不同）,需实验标定（ell 由实验给出）+ 负责人裁决,负责人 2026-09-19 裁决（GAP_AUDIT §9.45『64 可以了』）；ell 区间见 实验/absolute-snr（跟踪件）；**注册件 source_ref=null，schema 侧 :466 描述仍写 ell=48 px ⇒ Delta/ell=1.33 的近临界采样表述，而 defaults.json:694 已记该单点值经 §9.48 作废**；链路报告侧：eng/packaging/config/defaults.json:694；docs/plugins/algorithms_phase1/07_noise_snr.md:102；docs/science/CONTROL_WEIGHT_SNR.md:215 §8b；AUD-402-判读-A1 F-9/E-4/X-（schema 描述仍写 ℓ=48）,实验标定,Phase1 稀疏 SNR 层,是（第②层独立复核）,红（判读层立案 F-9/E-4/AUD202-008｜AUD-402-判读-A1 F-9/E-4；AUD-202-SNR核验 AUD202-008②）：同一裁决三种口径（ℓ=48 作废／40.4–57.9／schema :466 仍写 ℓ=48 且 Δ/ℓ=1.33）；64=512/8 两处独立字面量无派生链断言；该键生产零读取,AUD-202-SNR核验 AUD202-008②；AUD-402-判读-A1；复核注记：判读层已核＋第②层独立复核,预筛已回：全表命中键 spacing_px｜有值侧 3（S1 defaults、S4 合同schema、S6 登记册）
upm.k_corr,常数,eng/packaging/config/defaults.json:639；docs/science/PHASE2_UPM.md:24；lib/algorithms/coverage/src/sampler.cpp:83；eng/packaging/config/defaults.json:649；lib/algorithms/coverage/src/sky_plane.cpp:233；lib/algorithms/coverage/include/astro/phase2/sky_plane.h:98；lib/algorithms/coverage/include/astro/phase2/upm.h:312；lib/algorithms/coverage/src/upm.cpp:2929；lib/algorithms/drizzle/healpix_drizzle/v6_drizzle_science.h:377；lib/infrastructure/scheduler/src/module_adapters.cpp:9335-9338,1.4,1（无量纲）,控制点方差放大因子：control_variance = k_corr·(pi/2)·sigma_bg^2/N_retained,未标注（保守取整的余量方向未量化）,注册 constraint 写 **1 <= k_corr**；权威 docs/science/PHASE2_UPM.md:24 写 **1 < k_corr**（k_corr=1 表示忽略相关，显式拒）⇒ 注册值域比权威宽（多放一个被禁的 1.0）；schema 无承载,需实验标定（支撑实验不可复跑）,docs/science/PHASE2_UPM.md:24（锚正确，含定义域与实现锚 sampler.cpp:83）/:116 保守取整/:131 与 :169 MC k_corr≈1.3883；但 defaults.json:649 自证 control_median_mc_test **未注册/MISSING、不可复跑** ⇒ 1.3883 这个标定读数无法独立复算（标准 02 §1 B 级要求固定 seed＋复现命令＋结果落档）,实验标定,Phase2 UPM 控制点方差,否（判读层逐行已判，未过第②层复核）,红（判读层立案 F-11｜AUD-402-判读-A1 §2.1 F-11）：值域比权威宽：注册 constraint 1<=k_corr，权威 PHASE2_UPM.md:24 是 1<k_corr（=1 显式拒）；另有同名两含义（放大因子 1.4 vs provenance 默认 0 未声明，upm.h:312、v6_drizzle_science.h:377）,AUD-402-判读-A1,预筛已回：全表命中键 k_corr｜有值侧 2（S1 defaults、S5 代码兜底）｜候选档 ①生产兜底在对面
σ_frame（M42 帧级天空 rms）,常数,实验/absolute-snr/results/EXP05_TABLES.md:33；实验/absolute-snr/results/EXP06_TABLES.md:241；docs/EXP-05-ABSOLUTE-SNR.md:363（补侧·本行出处所列，该侧带值）；docs/EXP-06-SNR-PHYS.md:319（补侧·本行出处所列，该侧带值）,EXP-06 表 13.792/14.782/13.318；EXP-05 表 16.1558/59.4153/17.5785（同三帧）,ADU,fam0 全帧 2 轮裁剪 RMS（生产 recipe 镜像）,两侧各自可回溯到源 JSON,差因＝窗口（2048² vs 1024²）×是否含结构（raw 59.4153 → struct_removed 17.4041，structure_boost=3.4139）×每面板代表帧选取规则,实验标定（两值都真，非抄错）,实验/absolute-snr/results/EXP06_TABLES.md:241-243；EXP05_TABLES.md:33/:35/:40；exp06_e3_real.json:/meta/crop=1024；exp05_e3_real.json:/meta；exp05_e6_mechanism.json；docs/EXP-05-ABSOLUTE-SNR.md:363；docs/EXP-06-SNR-PHYS.md:319,实验标定,SCI-B 对外引用面,是（第②层独立复核）,红：同一物理量两值差约 4 倍而两份结果表都不写裁剪口径（表内 crop/2048/1024 零命中）,复核-结果层与收口层 R3①；复核注记：是（确认，但可修性优于成稿判断：差异在仓库内可调和，缺的是口径标注）,
双计偏差头条数 +12.8%/+34.0%,常数,实验/absolute-snr/results/b2_noise_terms.json；docs/science/NOISE_MODEL.md:324（补侧·本行出处所列，该侧带值）；docs/science/CONTROL_WEIGHT_SNR.md:201（补侧·本行出处所列，该侧带值）；docs/plugins/algorithms_phase1/07_noise_snr.md:123（补侧·本行出处所列，该侧带值）,+12.791%（source_flux_e 轴）／+15.922%（read_noise_e 轴，同一物理点）／+33.954%（RN=50）；全证据面最坏 +36.62%,相对偏差,σ_F 因读噪双计的高估量,MC 单次实现值，抽样噪声未随头条数字告示,B2 扫描面内最坏 +34.0%；跨 B1（暗源 B=0）最坏 +36.6%,实验标定（归档 JSON 逐字段可回读，但分母取该 seed 的 MC 经验散度）,实验/absolute-snr/results/b2_noise_terms.json、b1_sky_scan.json:36-38；docs/science/NOISE_MODEL.md:324；docs/science/CONTROL_WEIGHT_SNR.md:201；docs/plugins/algorithms_phase1/07_noise_snr.md:123,实验标定,创新点② 论文主张与豁免条,是（第②层复核改判）,红：正式文档三处取 34.0%、实验与任务书四处取 36.6%，同文两值；把扫描面内极值标成「最坏点」,AUD-202-SNR核验 AUD202-012；复核-AUD202-补 V6 改判一览；复核-结果层与收口层 R3②；复核注记：是（复核改判：成因降级为「引用面选择噪声量」，定 P2；现行正确值 = 最坏 +36.6%）,
星密度指数（旧 1.3 → 实测 0.2885）,常数,lib/algorithms/platesolve/cpp/ipv/src/ipv_select.cpp:360,1.3（旧）→ 实测 α 0.243–0.456、中位 0.2885,dex⁻¹（logN–logS 斜率）,选星密度模型,实测区间已给,PlateSolver 目标星数反解,实验标定（订正只活在代码注释，正本沉默）,ipv_select.cpp:360-365 注释自证「该偏差尚未在 docs/algorithms 登记为 DISP 条目」,实验标定,星表引导选星,否（仅链路成稿，未过第②层复核）,红：旧值使模型高估 4–5 个数量级，订正未登记为 DISP 条目,AUD-201-测光核验 AUD201-012；复核注记：否（仅成稿）,
(无名)·lib/infrastructure/cli/commands.cpp:781,常数,lib/infrastructure/cli/commands.cpp:781；lib/infrastructure/cli/resource_gate.h:126-133,0.50;20.0,分位比; %,first-10s 低 CPU 判据：p50(cpu_pct) < 20.0,不适用（诊断）,>=0,不适用（非科学量），但**阈值无登记侧**：同族门阈有具名单源，本行没有,resource_gate.h:126-133 以 resource_gate_contract 提供 kMon001UtilSampleMinPercent（注释：单样本 >=0.85）、kMon001QueueUtilMinPercent（0.60）、kCpuP50MinPercent/kCpuMeanMinPercent（:943-947 注释记 90%/85%），且 :124 明写『数值源 = 契约 compute.per_sample_* / queue_low_*』；而本行的 **20.0 不走契约**、也不在任何 defaults/schema【缺输入：判读层与第②层均未给保守取值方向】,待确认,CLI 诊断判定,否（判读层逐行已判，未过第②层复核）,红（判读层立案 F-13｜AUD-402-判读-A1 §2.1 F-13）：first-10s 用裸 20%（无登记侧），结束判定用契约 85%/90% ⇒ 同一语义两制、相差 4 倍,AUD-402-判读-A1,
(无名)·lib/infrastructure/cli/resource_gate.h:336,常数,lib/infrastructure/cli/resource_gate.h:336；docs/plugins/algorithms_phase1/07_noise_snr.md；lib/infrastructure/cli/resource_events.h:84,5.0,s,进程 wall 秒,未规定,wall>5.0 且无 stage 标注,无出处（引用指针悬空）,无——注称『07 §1/§3/§4』；跟踪集内唯一 07_*.md 是 docs/plugins/algorithms_phase1/07_noise_snr.md（噪声/SNR 面），git log --diff-filter=D 亦无资源面 07 文档；契约与 §8.3 判据表均无『无标注>5s → P1』,待确认,CLI 生产可达（kind 恒 Compute，本判据在 kind 分派之前）,否（判读层逐行已判，未过第②层复核）,红（判读层立案 CL-5S｜AUD-402-判读-A3 §2.2）：5.0 s 字面量，契约无该键；与 resource_events.h:84、resource_gate.h:397 同值三写 ⇒ 唯一数值源被绕过 ∥ 红（判读层立案 CL-5S｜AUD-402-判读-A3 §2.2）：同一语义两制：契约 applicability 只规定『严格 >10 s』，5.0 s 是契约外第二判定域；三处重复（resource_events.h:84／resource_gate.h:336／:397）,AUD-402-判读-A3；CL-5S,
(无名)·lib/infrastructure/cli/resource_gate.h:363,常数,lib/infrastructure/cli/resource_gate.h:363；docs/plugins/algorithms_phase1/07_noise_snr.md,5.0,s,wall 秒,未规定,wall<5.0 → NotApplicable,无出处,无——注称『07 §1/§3/§4』；跟踪集内唯一 07_*.md 是 docs/plugins/algorithms_phase1/07_noise_snr.md（噪声/SNR 面），git log --diff-filter=D 亦无资源面 07 文档；契约 applicability 只规定『严格>10 s』并明记『C++ 侧原有 wall<5s 静默豁免已废止』【缺输入：判读层与第②层均未给保守取值方向】,待确认,仅 active_window 未提供（<0）的直调/单元路径可达,否（判读层逐行已判，未过第②层复核）,红（判读层立案 CL-5S｜AUD-402-判读-A3 §2.2）：wall<5s → NotApplicable：契约 applicability 只规定严格 >10 s，且明记『C++ 侧原有 wall<5s 静默豁免已废止』⇒ 契约外第二判定域,AUD-402-判读-A3,
(无名)·lib/infrastructure/cli/resource_gate.h:368,常数,lib/infrastructure/cli/resource_gate.h:368；docs/plugins/algorithms_phase1/07_noise_snr.md,20.0;5.0,%；s,单核标度 / iowait,未规定,cpu<20 && iowait<5,无出处,无——注称『07 §1/§3/§4』；跟踪集内唯一 07_*.md 是 docs/plugins/algorithms_phase1/07_noise_snr.md（噪声/SNR 面），git log --diff-filter=D 亦无资源面 07 文档；契约/§8.3 均无『CPU/io/mem 皆低』判据【缺输入：判读层与第②层均未给保守取值方向】,待确认,Compute 分支、active window>=10 s,否（判读层逐行已判，未过第②层复核）,红（判读层立案 CL-ALLOWSLOW｜AUD-402-判读-A3 §2.2／§2.4 L11）：cpu_percent<20.0 ∧ iowait<5.0 皆契约无键的字面量阈值；20.0 用单核刻度而本文件阈值口径要求容量归一；iowait 腿输入恒 0.0（:182 未接线）⇒ 三腿判据退化为单腿,AUD-402-判读-A3,
(无名)·lib/infrastructure/cli/resource_gate.h:369,常数,lib/infrastructure/cli/resource_gate.h:369；docs/plugins/algorithms_phase1/07_noise_snr.md,0.0;15.0,未定（分数或 %）,内存带宽占用,未规定,mem_bw<15,无出处,无——注称『07 §1/§3/§4』；跟踪集内唯一 07_*.md 是 docs/plugins/algorithms_phase1/07_noise_snr.md（噪声/SNR 面），git log --diff-filter=D 亦无资源面 07 文档【缺输入：判读层与第②层均未给保守取值方向】,待确认,Compute 分支同上,否（判读层逐行已判，未过第②层复核）,红（判读层立案 CL-ALLOWSLOW｜AUD-402-判读-A3 §2.2／§2.6）：bandwidth<15.0 契约无键；且输入 mem_bandwidth_percent 默认 -1.0 从未在生产赋值 ⇒ 『皆低』退化为 cpu<20 单腿,AUD-402-判读-A3,
(无名)·lib/infrastructure/cli/resource_gate.h:397,常数,lib/infrastructure/cli/resource_gate.h:397；docs/plugins/algorithms_phase1/07_noise_snr.md,5.0,s,wall 秒,未规定,wall>5.0,无出处（引用指针悬空）,无——注称『07 §1/§3/§4』；跟踪集内唯一 07_*.md 是 docs/plugins/algorithms_phase1/07_noise_snr.md（噪声/SNR 面），git log --diff-filter=D 亦无资源面 07 文档【缺输入：判读层与第②层均未给保守取值方向】,待确认,Unknown kind 分支,否（判读层逐行已判，未过第②层复核）,红（判读层立案 CL-5S｜AUD-402-判读-A3 §2.2）：5.0 s 字面量，契约无该键（同簇第三处）,AUD-402-判读-A3；CL-5S,
(无名)·lib/infrastructure/cli/resource_gate.h:529,常数,lib/infrastructure/cli/resource_gate.h:529,0.75,—,—,不适用,字符串常量,无出处（与契约矛盾的陈旧值）,无——契约是 85/0.70，本串写 0.75；:125 已自述 75% 废止【缺输入：判读层与第②层均未给保守取值方向】,待确认,诊断文本呈现,否（判读层逐行已判，未过第②层复核）,红（判读层立案 L4｜AUD-402-判读-A3 §2.3）：诊断字符串内写 0.75，契约现值 per_sample_utilization_min_percent=85／per_sample_pass_fraction_min=0.7 ⇒ 同一文件同一判据两套数（文本侧是旧 D.6 废止档位的残影，:125 自述『不得回归』）,AUD-402-判读-A3；L4,
(无名)·lib/infrastructure/cli/v6_runtime_contract.h:347,常数,lib/infrastructure/cli/v6_runtime_contract.h:347,0.0,未标注,未标注,未标注,未标注,不适用（结构性常数）,—（谓词，但取值方向与他三行相反）【缺输入：判读层与第②层均未给保守取值方向】,待确认,heavy_metrics_complete,否（判读层逐行已判，未过第②层复核）,红（判读层立案 L14）：而 GateConfig 以 -1 表未提供、并据 <0 走『视为代表性』放行判定 ⇒ 同一字段两侧语义分叉（L14）,AUD-402-判读-A3；L14,
59 条注册字段出处锚的命中率,算法,eng/packaging/config/defaults.json:24；复算/q402-A1/anchor_check.py（补侧·本行出处所列权威锚）,HIT 5（人工复读后 4 条为真）／NO-VALUE 46（其中所引行是空行 11）／DIFF 21／无可用锚 6／文件不在跟踪集 2,条,defaults.json 的 source 与 source_ref 两锚互核,不适用,59 条注册字段中只有 4 条的出处锚指向真正陈述该值的行（6.8%）,有文献（形式上）→ 实质只到 C 级（「文档里也这么写」）,复算/q402-A1/anchor_check.py 与 anchor_check.tsv；典型错锚三形态：指向小节标题、指向空行、指向另一个常数的陈述；defaults.json 的 note 甚至自述「行锚 +6（claim SC-007）」【缺输入：判读层与第②层均未给保守取值方向】,待确认,全仓「常数登记」的出处链可信度,否（判读层逐行已判，未过第②层复核）,红（判读层立案 A1 §2.4／X-14）：噪声 clip_sigma 的 HIT 是短词元假阳（匹配到 §5c 的 5，真锚 :63）,AUD-402-判读-A1 §2.4；§5 X-14；X-14,
CLI 骨架是否在扫描面,算法,lib/infrastructure/cli/session_commands.h:151；eng/tests/cli/test_unified_blocks_templates.py（补侧·本行出处所列，该侧带值）,完全不在扫描面,—,第④侧：--template 输出（session_commands.h:151-318）,不适用,值以字符串常量嵌在聚合初始化里；CFG 系列门不比对 --template 骨架与出厂模板 ⇒ pixfrac 这类分歧今天不可见,不适用（门覆盖面事实）,AUD-402-判读-A1 §1 表第④行；判读-A3 §2.1 修法判据（eng/tests/cli/test_unified_blocks_templates.py 只把 --template 输出对自己的 schema 跑偏差集门）【缺输入：判读层与第②层均未给保守取值方向】,待确认,全部 CLI 骨架默认值,否（判读层逐行已判，未过第②层复核）,红（判读层立案 A1 §1／A3 L1 修法）：该侧在门外面,AUD-402-判读-A1 §1；判读-A3 §2.1；L1,
G4c_pred_vs_measured_mc_max_abs_diff,容差,实验/absolute-snr/results/b2_noise_terms.json,0.070030,绝对相对偏差,解析预测 vs MC 实测的最大偏离,不适用,被算出但无门约束,不适用（记录量，未升为门）,实验/absolute-snr/results/b2_noise_terms.json gates.G4c_pred_vs_measured_mc_max_abs_diff【缺输入：判读层与第②层均未给保守取值方向】,待确认,SCI-B 实验门表,是（第②层独立复核）,红：偏离被算出却无门约束 ⇒ 门卡在不会红的量上,AUD-202-SNR核验 AUD202-012；复核-AUD202-补 V6③；复核注记：是,
P1_PHOT_MAX_SIGMA_DEX,容差,lib/infrastructure/scheduler/src/module_adapters.cpp:5327；lib/infrastructure/scheduler/src/module_adapters.cpp:5747,1.0,dex,帧级测光残差尺度上限,未标注,!isfinite ∥ > 1.0 ⇒ 帧 fail,无来源（代码具名常量，无文档登记）,module_adapters.cpp:5327 定义、:5747-5748 判定；AUD201-011【缺输入：判读层与第②层均未给保守取值方向】,待确认,测光标定退化保护,是（第②层独立复核）,红：只卡上界 ⇒ 与 sigma_residual=0 的假绿同族（缺下界侧判定）,AUD-201-测光核验 AUD201-011；复核注记：是（复核-AUD201 V5）,
Theil-Sen 不可算时返回 0.0,容差,lib/infrastructure/cli/memory_growth.h:55；lib/infrastructure/cli/memory_report.h:330,0.0,斜率,样本不足/有效点对为 0 时的返回值,不适用,生产可达路径为 memory_report 侧（有效样本 ≥4 但全部 dt≤0）⇒「无增长」被当成结论（假绿）,不适用（哨兵语义缺陷）,memory_growth.h:55、memory_report.h:330/:336/:338；U-02 立案,待确认,短 run 内存增长判定,否（判读层逐行已判，未过第②层复核）,红（判读层立案 A2 §4 U-02）：不可算应改判 InsufficientSamples、字段用 -1,AUD-402-判读-A2 §4 U-02；U-02,
arc-chord 面积误差预算,容差,docs/algorithms/DRIZZLE_GEOMETRY.md:313；lib/algorithms/drizzle/healpix_drizzle/spherical_overlap.cpp:543；docs/science/DRIZZLE.md:152（补侧·本行出处所列，该侧带值）；docs/KNOWN_LIMITATIONS.md:139（补侧·本行出处所列权威锚）,1e-6·hp_res（旧 §9/§12 冻结值照抄）,hp_res 倍数,边界矢高预算,不适用,实测矢高 max = 0.08092/0.08094/0.08094（nside=64/256/1024，尺度不变）；极冠 8.094e-2、缝带 6.587e-4、赤道 1.443e-4 倍 hp_res；90.5%@nside1024 的边超阈（99.55% 按第②层口径）,无来源（「旧 §9/§12 冻结值照抄」＝自我引用，非推导亦非标定）,docs/algorithms/DRIZZLE_GEOMETRY.md:313、:558-562；docs/science/DRIZZLE.md:152；spherical_overlap.cpp:543-617 注释（自称「对所有 NSIDE 统一使用自适应边细分」与调用点相反）【缺输入：判读层与第②层均未给保守取值方向】,待确认,创新点④ 逐叶面积精度,是（第②层复核改判）,红：预算被违反 4–5 个数量级（0.0809 是 1e-6 的 8.1e4 倍），且不随 nside 收缩；文档「统一使用自适应」一句为假；docs/KNOWN_LIMITATIONS.md:139 记同一现象但低估（只说与 1e-6 同阶）,AUD-204-面积交叠核验 AUD204-06；复核-AUD204 W2（替换事实并另立 P1）；复核注记：是（复核-AUD204 W2 把成稿的「缝平台 > 1e-6」降级为 P2，同时以更大的一般性违反替换）,
astrocs_process 的 timeout_s 默认,容差,lib/infrastructure/cli/astrocs_process.h:36,0.0,秒,子进程超时；行内 :29 注释「<=0 时不限时（禁止用于生产路径）」,不适用,省略即无超时,无来源（禁令只写在注释，签名仍允许省略，无任何门强制）,astrocs_process.h:36 默认、:29 注释,待确认,CLI 子进程挂死风险,否（判读层逐行已判，未过第②层复核）,红（判读层立案 A1 U-21）：默认值与 AGENTS §3「所有外部命令带 timeout」相悖；改法是删默认或取有限值,AUD-402-判读-A1 §3 U-21；U-21,
closure_rel_tol,容差,eng/tests/integration/v6_p1/v6_p1_integrate_test.cpp:606；lib/algorithms/drizzle/healpix_drizzle/v6_spherical_overlap.h:73-75；lib/algorithms/integration/v6_phase1/include/astrocs/v6/phase1_product.h:131,0.0（本行，负例探针）；生产默认 1e-6,无量纲（相对闭合残差阈值）,逐输出像素几何闭合判据（|closure_rel|>tol 即具名失败）,缺（未见任何精度推导）,判据取绝对值，>0 才有意义,无（生产默认 1e-6 亦无档；本行 0.0 有行内注释说明是故意取零制造必败）,语义锚：lib/algorithms/drizzle/healpix_drizzle/v6_spherical_overlap.h:73-75（定义判据形式）；数值 1e-6 唯一源＝代码默认 lib/algorithms/integration/v6_phase1/include/astrocs/v6/phase1_product.h:131，**docs 侧零登记**（closure_rel_tol 在 docs/** 命中 0）【缺输入：判读层与第②层均未给保守取值方向】,待确认,"drizzle 几何闭合门（通量守恒 Σ_p F_p = Σ_j x_j，docs/science/DRIZZLE.md:97 称之为""严格不变量""）",否（判读层逐行已判，未过第②层复核）,红（判读层立案 BD1-N1｜AUD-402-判读-BD1 §1.4 N1）：科学文档称通量守恒为严格不变量，实现用 1e-6 相对容差放行；生产默认唯一源是代码结构体默认（phase1_product.h:131），docs 侧该键零命中 ⇒ 缺 FP64 累加误差包络推导,AUD-402-判读-BD1；G-P1,
control_ivar 零尺度保护量,容差,lib/algorithms/coverage/src/sampler.cpp:863；lib/algorithms/coverage/src/sampler.cpp:877；docs/science/PHASE2_UPM.md:85（补侧·本行出处所列，该侧带值）；docs/algorithms/PHASE2_SAMPLER.md（补侧·本行出处所列，该侧带值）；lib/algorithms/coverage/src/sky_plane.cpp（补侧·本行出处所列，该侧带值）,1e-12,σ 同标度（ADU）,s0<=0 时的数值替代：sigma = (s0 > 0.0) ? s0 : 1e-12,不适用（数值保护量，非测量值）,常数 patch（≥半数像素同值，median(|v−m0|)=0）走此路径；bfrac、n_retained 门都不拦（clip 阈 m0+3·0=m0）,无来源（数值保护量被平方后当成物理方差发布）,sampler.cpp:863-877；docs/science/PHASE2_UPM.md:85 §8「σ_bg_raw=0 ⇒ control_ivar 必须为 0 且标为无尺度信息（非有限）；禁止以数值保护量生成有限方差发布」；docs/algorithms/PHASE2_SAMPLER.md §11.2 DISP-P2SMP-007,待确认,Phase2 UPM 加性面求解的逐点权,是（第②层独立复核）,红：以 1e-12 生成伪有限方差 7.609e-27、伪 civar 1.314e26 进解，绕过下游 rc=2 的 fail-closed 门并独取该 cell 权重；同型第二处在 sky_plane.cpp,AUD-203-天光无缝核验 AUD203-03；复核-AUD203 V1；复核注记：是（复核-AUD203 V1 定 P1，修好判据＝常数 patch 上 control_ivar==0 且 control_variance 非有限）,
cosmetic.bad_column_neighbor_k,常数,eng/packaging/config/defaults.json:783；docs/contracts/DATA_SEMANTICS.md:315；lib/infrastructure/scheduler/src/module_adapters.cpp:2783,3,列数,每侧参与列统计量估计的列数,未标注,注册 >=1；无 schema 承载；解析层 p1_int 不做值域校验,文献值（合同只规定『由配置键给出』）→ 实为待确认（3 无推导）,docs/contracts/DATA_SEMANTICS.md:315（邻域宽度行：每侧参与统计的列数由配置键给出）⇒ 同样是指针不是出处；3 的取值全仓无任何论证【缺输入：判读层与第②层均未给保守取值方向】,待确认,Phase1 列状缺陷检测,否（判读层逐行已判，未过第②层复核）,红（判读层立案 逐侧并列见本行出处与备注引文）：另代码存在同节点未注册键 bad_column_max_seg_len（:2788 默认 1）⇒ 登记面缺口,AUD-402-判读-A1,预筛已回：全表命中键 bad_column_neighbor_k｜有值侧 2（S1 defaults、S5 代码兜底）
cosmetic.bad_column_sigma,常数,eng/packaging/config/defaults.json:769；docs/contracts/DATA_SEMANTICS.md:313；eng/packaging/config/defaults.json；docs/science/CALIBRATION.md；lib/infrastructure/scheduler/src/module_adapters.cpp:2782；lib/infrastructure/scheduler/src/module_adapters.cpp:2771-2772,5.0,MAD 倍数,列统计量跨列跳变与帧内稳健尺度比对的阈值,未标注（未给误判率/污染预算目标）,注册 >0；无 schema 承载；解析层 p1_num 不做值域校验,待确认（合同只把值委派给配置键，未给数值出处）,docs/contracts/DATA_SEMANTICS.md:313（§10.4 判据行原文：阈值取自列状缺陷的 sigma 配置键）⇒ **合同明文把数值来源指回 defaults.json**，而 defaults.json 又把出处指回合同 ⇒ 循环引用，两侧都不是来源；docs/science/CALIBRATION.md 侧只有缺陷形态可分性论证、无 5.0【缺输入：判读层与第②层均未给保守取值方向】,待确认,Phase1 列状缺陷检测,否（判读层逐行已判，未过第②层复核）,红（判读层立案 F-10）：同族未登记的点状阈值也在代码里：hot_sigma=5.0 与 cold_sigma=5.0（module_adapters.cpp:2771-2772）、max_structure_size=4（:2775）⇒ 同节点 11 个配置读取点只有 6 个进 defaults.json（未登记的 5 个,AUD-402-判读-A1；F-10,预筛已回：全表命中键 bad_column_sigma｜有值侧 2（S1 defaults、S5 代码兜底）
defaults.json 是否进运行路径,算法,eng/packaging/config/defaults.json:1,否——生产代码从不读该文件,—,七侧载体模型的第②侧,不适用,git grep defaults.json -- lib 只命中注释与测试；注册数值在生产上无任何读取点，真正生效的是代码兜底,不适用（结构性事实）,AUD-402-判读-A1 §1 表；后果句：「按文档改配置」与「按文档判读产品」都无效【缺输入：判读层与第②层均未给保守取值方向】,待确认,全部 59 条注册字段,否（判读层逐行已判，未过第②层复核）,红（判读层立案 A1 §1）：defaults.json 是声明不是行为,AUD-402-判读-A1 §1,
detection.threshold_sigma,容差,eng/packaging/config/defaults.json:48；docs/science/STAR_DETECTION.md:65；lib/algorithms/star_detection/src/sdet_api.cpp:1779；lib/algorithms/integration/v6_phase1/src/phase1_product.cpp:448；lib/algorithms/star_detection/src/sdet_api.cpp:472-473；lib/algorithms/star_detection/src/sdet_api.cpp:1771；docs/algorithms/STAR_DETECTION_ALGORITHMS.md:198；eng/packaging/config/defaults.json,5.0,sigma,threshold = median(img) + 5.0·bgnoise（全局检测阈值）,未标注（fp32/fp64 两路各自实现，未要求两路逐位一致）,注册 >0；**无 schema 承载、无 CLI 承载、无解析层读取**（键面在 lib 生产代码零命中）,文献值（本仓 SCI 冻结）但一手实为抄外部实现,docs/science/STAR_DETECTION.md:65（threshold = median(img) + 5.0·bgnoise，单位 ADU；**注册件所引 :21 讲的是 sigma_smooth=2.0 px，与本键无关**）【缺输入：判读层与第②层均未给保守取值方向】,待确认,star detection 全局阈值,否（判读层逐行已判，未过第②层复核）,红（判读层立案 X-8/O-6｜AUD-402-判读-A1 §2.3 O-6；X-8）：四处硬编码（sdet_api.cpp:1779/:1827、phase1_product.cpp:448、:472-473 背景 sigma-clip 同数不同义）而 leaf 名在 lib 配置读取面零命中；一手来源是无项目名无版本号的 star_finder.c（SEXtractor 族）⇒ 只到 C 级，与『SCI 冻结』说法并列时来源叙述不唯一,AUD-402-判读-A1,预筛已回：全表命中键 threshold_sigma｜有值侧 2（S1 defaults、S6 登记册）
doc_fact_authority.json 的 facts 覆盖面,算法,eng/tools/doccheck/doc_fact_authority.json（补侧·本行出处所列权威锚）,facts 仅 1 条（drizzle.pixfrac.default）,条,写法门 D4b 的事实唯一性判据输入,不适用,check_doc_hygiene.py:536-550 只在登记表内的键上查发散,不适用（治理面事实）,eng/tools/doccheck/doc_fact_authority.json；复核-结果层与收口层 R4 末【缺输入：判读层与第②层均未给保守取值方向】,待确认,跨件同名量发散检测,是（第②层独立复核）,红：D4b 对上述发散量零覆盖,复核-结果层与收口层 R4；复核注记：是,
drizzle 面积/闭合冻结门,容差,docs/algorithms/DRIZZLE_GEOMETRY.md:303；eng/ci/checks.json:4722；docs/science/DRIZZLE.md:152（补侧·本行出处所列，该侧带值）；lib/algorithms/drizzle/healpix_drizzle/tests/drizzle_freeze_test.cpp:12（补侧·本行出处所列，该侧带值）；lib/algorithms/drizzle/healpix_drizzle/tests/drizzle_acceptance_test.cpp:74（补侧·本行出处所列，该侧带值）,文档冻结 1e-6（FP64 通量闭合）；逐 leaf 门 FP32/FP64 < 1e-5；可执行门并存 1e-7 与 1e-6 两档,相对偏差,求和型闭合 vs 自洽型逐叶,不适用,1e-6 是求和型守恒门（对逐叶错分零判别力）；1e-5 比的是同一实现两种精度，不是几何真值,有文献（本仓门表）但门与度量类型错配,docs/algorithms/DRIZZLE_GEOMETRY.md §9:303-304/:312-313；docs/science/DRIZZLE.md:152；eng/ci/checks.json:4722（drizzle_freeze）、:4547（drizzle_acceptance）；drizzle_freeze_test.cpp:12/211/235/256/269/282/487/512；acceptance_drizzle.py:37 与 drizzle_acceptance_test.cpp:74 GATE_CLOSURE=1e-7、:250 仍写 1e-6【缺输入：判读层与第②层均未给保守取值方向】,待确认,创新点④ 验收门表,是（第②层独立复核）,红：文档冻结 1e-6 与可执行门 1e-7/1e-6 两档并存；现无任何逐叶几何门约束「面积落在哪一叶」,复核-AUD204 W2（冻结门登记核查）；复核注记：是（第②层只读核查，未跑）,
dt,常数,lib/infrastructure/cli/monitor.h:441；ASTROCS_DESIGN.md；lib/infrastructure/cli/memory_report.h:227；lib/infrastructure/cli/resource_recorder.h:265；lib/infrastructure/cli/memory_report.h,0.001,秒,"rss 斜率分母的下界（max(0.001, n×标称 interval)）",缺（1 ms 从何而来无任何说明）,仅在 n×interval_ < 1 ms 时生效（生产 0.5 s 采样不可能）,无,无——epsilon 未给物理/数值来源（标准 02 §3 要求）；无。反向依据：ASTROCS_DESIGN.md §3.3（:239）明确要求「epsilon 说明物理或数值来源」，本行是该要求的**直接未满足点**【保守方向·回填自判读件】生产不可达（0.5 s×样本数 ≫ 1 ms）⇒ 现时零危害；危害在**未来缩短采样间隔**时：interval 与 0.001 之比即斜率最大失真倍数，而 L-02 已证明 interval 是无登记的 6 处字面量，二者相乘的风险不可从任何文档预见。另注：本行分母是 n×标称（同 :430 口径问题），且结果截断为 int64（:442-444）——B/s 取整对 MiB/s 级斜率无碍，但 ,待确认,ProcessMonitor::summary().rss_slope_bytes_per_s（int64）→resource 工件；亦进 memory_report.h:616 同族比较,否（判读层逐行已判，未过第②层复核）,"红（判读层立案 L-04/L-08｜AUD-402-判读-A2 §3.2／§3.4）：dt = max(0.001, n×interval_) 仍以标称周期为分母；0.001 s 下界无任何说明（ASTROCS_DESIGN.md:239 §3.3 要求 epsilon 给物理或数值来源）",AUD-402-判读-A2；AUD-402-判读-A3；L-02；L-06；L-08,
fwhmClipSigma,算法,eng/tests/unit/ipv_platform_binding_test.cpp:70；lib/algorithms/star_detection/src/sdet_api.cpp:963-975；README.md:119-123；docs/contracts/PUBLIC_API.md:833；docs/algorithms/STAR_DETECTION_ALGORITHMS.md:252,3.0f,σ 倍数（无量纲）,逐星 FWHM 估计裁剪,缺,名义 >0；仅 debug 入口消费,C（默认 3.0 只有文档/代码镜像，无文献或实验锚）,lib/algorithms/star_detection/src/sdet_api.cpp:963-975（默认 3.0f）＋ README.md:119-123 ＋ docs/contracts/PUBLIC_API.md:833；消费面限定见 docs/algorithms/STAR_DETECTION_ALGORITHMS.md:252（fwhmClipSigma 仅 debug 入口消费，impl 阶段8 已移除全局）【缺输入：判读层与第②层均未给保守取值方向】,待确认,SDetParams.fwhmClipSigma,否（判读层逐行已判，未过第②层复核）,红（判读层立案 逐侧并列见本行出处与备注引文）：本行值与登记默认相等（3.0f），故**不立案多侧不一致**,AUD-402-判读-BD1,
interval_seconds,常数,lib/infrastructure/cli/monitor.h:336；docs/plugins/infrastructure/21_observability.md；lib/infrastructure/cli/commands.cpp；eng/contracts/resource_gate_v1.json；eng/packaging/config/defaults.json；eng/packaging/config/runtime_resources.json；lib/infrastructure/cli/resource_recorder.h:97；lib/infrastructure/cli/commands.cpp:720；eng/ci/resource_monitor.py:870；eng/tools/monitoring/run_monitored.py:917；21_observability/defaults.json（补侧·本行出处所列，该侧带值）,0.5 ｜ 0.25,秒,ProcessMonitor 构造参数默认值（采样周期）,缺（文档未给精度，工件按 %.3f 呈现）,仅当调用方不显式传参时生效,无（配置面未登记该默认）,docs/plugins/infrastructure/21_observability.md §5 配置项表:37 有一行 `sampling | —— | —— | 资源采样间隔`——**默认列与单位列都是「——」**（即未登记）；语义权威 §8 全节不复述采样间隔；无——既不在契约，也不在 21_observability/defaults.json；出厂模板与 CLI 骨架亦无该键【缺输入：判读层与第②层均未给保守取值方向】,待确认,生产实际值：commands.cpp:717 显式传 0.5 ⇒ 本默认值在生产路径**未被使用**（默认值只服务测试与未来调用方）；同时 0.5 以字面量再出现于 commands.cpp:720/744/769/782/979 共 6 处,否（判读层逐行已判，未过第②层复核）,红（判读层立案 L7/L-02｜AUD-402-判读-A3 §2.1 L7；判读-A2 §3.1 L-02）：资源采样间隔四侧四值且相差 5×：头默认参数 0.25（生产零调用点）／C++ 生产实取 0.5（四处字面量）／外挂 judge 1.0／冻结门 poll 0.2；文档 §5 配置表有 sampling 行但默认列与单位列都填『——』；契约、defaults.json、CLI 骨架均无该键 ∥ 红（判读层立案 L7/L-02｜AUD-402-判读-A3 §2.1 L7；判读-A2 §3.1 L-02）：资源采样间隔四侧四值且相差 5×：头默认参数 0.25（生产零调用点）／C++ 生产实取 0.5（四处字面量）／外挂 judge 1.0／冻结门 poll 0.2；文档 §5 配置表有 sampling 行但默认列与单位列都填『——』；契约、defaults.json、CLI 骨架均无该键 ∥ 红（判读层立案 L7｜AUD-402-判读-A3 §2.1 L7／§5 第 4 条）：interval_seconds=0.25 一侧在生产零调用点 ⇒ 机械层把未使用的默认参数当成生产值；真缺陷是四侧无唯一源,AUD-402-判读-A2；AUD-402-判读-A3；L-02；L7,
io_wait_high_percent,常数,lib/infrastructure/cli/resource_gate.h:207；eng/tools/quality/resource_monitor.py:895；eng/contracts/resource_gate_v1.json（补侧·本行出处所列，该侧带值）,50.0,%（iowait 占区间）,系统级 iowait×100（含他进程，21_observability §8.7）,未规定,iowait>50 判 IoWaitHigh,无出处,无——契约无 iowait 键、21_observability §8.3 判据表七项亦无『异常 IO 等待』；lib 内注称『07 §3』文档不在跟踪集（详见 md §5）,待确认,CLI 生产面不可达（输入 :182 恒 0.0）,否（判读层逐行已判，未过第②层复核）,红（判读层立案 L3/L2｜AUD-402-判读-BD1 §1.1 L3；判读-A3 §2.1）：io_wait_high_percent=50.0 唯一源是代码字面量；契约 resource_gate_v1.json 内 iowait/io_wait/bandwidth 键零命中、生成头亦无 ⇒ 该 JSON :7 自述『本文件是唯一数值源，实现侧不得再出现字面量阈值』为假；外挂 judge CLI 另有一份 50.0（可配置）⇒ 同值不同源,AUD-402-判读-A3,
iterativeClipSigma,算法,eng/tests/unit/ipv_platform_binding_test.cpp:65；lib/algorithms/star_detection/src/sdet_api.cpp:996；lib/infrastructure/pipeline/orchestrator/cpp/src/orchestrator.cpp:1569；lib/algorithms/star_detection/README.md:119；docs/contracts/PUBLIC_API.md:833；lib/algorithms/star_detection/test/sdet_fp64_test.cpp:54；lib/algorithms/star_detection/test/sdet_saturation_cursor_test.cpp:114；lib/algorithms/star_detection/tests/p1star/p1star_tests_core.cpp:552；实验/absolute-snr/code/b7_recon_driver.cpp:191；lib/infrastructure/scheduler/src/module_adapters.cpp:3959；lib/algorithms/star_detection/tests/p1star/p1star_guided_test.cpp:72；artifacts/evidence/audit-2026-01/FIX_LEDGER.csv:209；artifacts/evidence/audit-2026-01/FIX_LEDGER.c（补侧·本行出处所列，该侧带值）,5.0f（本行）；登记默认 9.0f,σ 倍数（无量纲）,逐候选结构图/迭代裁剪,缺（无精度或收敛要求条目）,名义 >0；实际生产零读取,C（文档登记默认 9.0，无文献/实验锚）＋ 本行 5.0 无登记,值 9.0 唯一源＝代码 lib/algorithms/star_detection/src/sdet_api.cpp:996 与生产调用 lib/infrastructure/pipeline/orchestrator/cpp/src/orchestrator.cpp:1569；文档镜像 lib/algorithms/star_detection/README.md:119、docs/contracts/PUBLIC_API.md:833。值 5.0 无出处【缺输入：判读层与第②层均未给保守取值方向】,待确认,SDetParams 结构图迭代裁剪（当前实现不消费）,否（判读层逐行已判，未过第②层复核）,红（判读层立案 BD1-L1｜AUD-402-判读-BD1 §1.1 L1）：三套取值并存：9.0f（默认＋orchestrator 生产入口＋测试＋实验）vs 5.0f（**同为生产入口**的 module_adapters.cpp:3959 与 :4846）⇒ 两个生产入口对同一参数取不同值，PUBLIC_API.md:833 只登记一侧；已由仓内台账记为 OPEN（FIX_LEDGER.csv:209 M3b-C-05）,AUD-402-判读-BD1,
kAllocGrowthWarnMbPerS,常数,lib/infrastructure/cli/memory_report.h:54；eng/contracts/resource_gate_v1.json；lib/infrastructure/cli/resource_gate.h:105；docs/plugins/infrastructure/21_observability.md:53-54；lib/infrastructure/cli/resource_gate.h；lib/infrastructure/cli/memory_report.h；lib/infrastructure/cli/resource_gate.h:23,2.0,名 mb_per_s、实 MiB/s（同 :228）,RSS Theil-Sen 稳健斜率，与失败线同一被测量,缺（预警灵敏度无任何标定或推导）,"斜率 ∈ (2, 32) MiB/s 时给 Growing；Growing 不阻塞",无（唯一数值源无此键、语义权威文档判据表无此条、生成头无此常量）,无。三件反证：① 本文件 :42/:47 自称「G-RES-01 阈值唯一数值源 = eng/contracts/resource_gate_v1.json（CMake 生成）」；② 同目录 resource_gate.h:105「本文件不再出现字面量阈值：改数值只改契约」且其 8 个阈值全部经 resource_gate_contract:: 取；③ docs/plugins/infrastructure/21_observability.md:53-54「实现侧（C++/Python 冻结门/外挂 judge）的阈值一律从该文件取」「改数值只改契约」,待确认,alloc_report.json 的 growth_verdict=Growing 与 thresholds.growth_warn_mb_per_s（**印进产品工件**）；外挂建议面,否（判读层逐行已判，未过第②层复核）,红（判读层立案 L-01｜AUD-402-判读-A2 §3.1）：kAllocGrowthWarnMbPerS=2.0 契约无键、生成头不生成、文档 §8.3 判据表无预警档，却被 :260 印进产品工件 alloc_report.json 的 thresholds 块，与契约真阈值混在一处无 source 标注,AUD-402-判读-A2；G-RES；L-01,
kAllocMinCurveSamples,常数,lib/infrastructure/cli/memory_report.h:64；docs/plugins/infrastructure/21_observability.md,4,有效样本个数（无量纲计数）,RSS 曲线剔除哨兵后的样本数下限,缺,低于 4 则 growth_verdict=InsufficientSamples（不判）,无（契约与语义权威文档均无「最少样本数」键）,无。契约 applicability 只声明 min_active_window_seconds_exclusive=10 与 min_effective_cpus=2；21_observability.md §8.1 判定域表也只有这两条【缺输入：判读层与第②层均未给保守取值方向】,待确认,alloc_report.json growth_verdict；validate_alloc_report:611 同阈值复算,否（判读层逐行已判，未过第②层复核）,红（判读层立案 L-01｜AUD-402-判读-A2 §3.1）：kAllocMinCurveSamples=4 使 growth 半边在 2 s run 上就出结论，与契约 10 s 域不符,AUD-402-判读-A2；L-01,
kAllocReclaimWindowSeconds,常数,lib/infrastructure/cli/memory_report.h:63,2.0,秒,「峰值落在结尾窗内 = 仍在活跃分配」的逃逸窗,缺,:509 与 :511 两个口径判定；命中则 verdict=PeakInWindow（不判负）,无（契约只有 allocation_reclaim_min_wall_seconds=10 这个**判定域**界，没有逃逸窗这个键）,无。与 :54 同属立案 L-01；本文件的「阈值常量(G-RES-01; 数值唯一源=…)」注释块（:47）把这一行也包在里面，但它并不取自契约【保守方向·回填自判读件】本队列里风险最高的一条：**这是一个能让硬失败变绿的窗**（判据 ③ 要求 growth_requires_unexplained_reclaim=true，PeakInWindow 即「可解释」），窗宽却只有代码字面量。第二层耦合：2 s = 4 个采样周期，实际分辨率由 monitor 的 0.5 s 间隔决定，而那个间隔本身是未登记的默认值（L-02）⇒ 未登记串未登记。:510-512 用,待确认,alloc_report.json reclaim_verdict=PeakInWindow；契约判据 ③ 的回落不可解释判定,否（判读层逐行已判，未过第②层复核）,红（判读层立案 L-01｜AUD-402-判读-A2 §3.1）：kAllocReclaimWindowSeconds=2.0 是能让硬失败变绿的逃逸窗；契约 §8.1 判定域为严格大于 10 s，同工件 reclaim 半边用的正是契约 10 s ⇒ 两个半边两套域,AUD-402-判读-A2；G-RES；L-01；L-02；U-06,
kAllocSlopeMaxPoints,常数,lib/infrastructure/cli/memory_report.h:66,200,点数（无量纲）,Theil-Sen O(n²) 护栏的等距降采样目标点数,缺,样本 >200 时降采样后再算斜率,无（契约无该键）,无（:65 注释自述「O(n²) 内存护栏…（口径呈现）」，是唯一的自证）【保守方向·回填自判读件】这条与前两条的差别要写清：200 **改变了被比较的统计量本身**（降采样曲线的稳健斜率 ≠ 全曲线的稳健斜率），而契约 32 MiB/s 是针对「分配/RSS 稳健斜率」定义的。工件已回显 slope_points（:256）⇒ 消费者可辨「用了 200 点」，但不能复原全曲线口径。另：validate_alloc_report:612 用**同一**降采样复算 ⇒ 该维度自反不可证（能抓篡改/,待确认,alloc_report.json slope_points/rss_slope_bytes_per_s；外挂 judge 与 CI 复算共用的斜率,否（判读层逐行已判，未过第②层复核）,红（判读层立案 L-01｜AUD-402-判读-A2 §3.1）：kAllocSlopeMaxPoints=200 改变被比较的统计量本身（降采样曲线的 Theil-Sen ≠ 全曲线），且 validate_alloc_report:612 用同一降采样复算 ⇒ 该维自反不可证,AUD-402-判读-A2；L-01,
kDiskEstimateMaxEntries,常数,lib/infrastructure/cli/disk_gate.h:87；lib/infrastructure/cli/disk_gate.h:15-17；eng/contracts/resource_gate_v1.json；lib/infrastructure/cli/disk_gate.h:256；lib/infrastructure/cli/subcommand.h:290-292；docs/contracts/LOG_AND_ERROR_CONTRACT.md:72,20000,目录条目计数（无量纲）,不适用（非科学量；仅目录型输入生效）,缺（无任何文档给出该界的要求或推导）,输入路径为目录时的递归扫描上限；超限置 truncated,"无（仅代码；本模块注释自称""不引入魔法字节数/经验系数""）",无（docs/ 与 eng/contracts/ 对 20000 零登记；反向证据见 disk_gate.h:15-17「阈值自由」纪律）【缺输入：判读层与第②层均未给保守取值方向】,待确认,磁盘门预检面（warn 不阻断；fail-closed 面 = 写盘失败）,否（判读层逐行已判，未过第②层复核）,红（判读层立案 逐侧并列见本行出处与备注引文）：多侧并列：代码 20000 / 文档 未登记 / 契约 无该键（resource_gate_v1.json#disk_gate 只有 precheck/runtime 语义，并明写「阈值自由，不引入经验系数」）,AUD-402-判读-A2,
kRealSky,常数,eng/tests/unit/p1snr/p1snr_linux_test.cpp:144；run/RELEASE-02/conform-fix-a/harness/conf1_oracle.py；lib/algorithms/noise_snr/tests/p1noise/p1snr_science_test.cpp:165,260.8590110604006,ADU（天空背景标准差 σ_sky）,真实帧逐像素背景统计,缺（16 位有效数字的抄录值，未登记其精度域）,>0,B（本仓可复现，但结果件不入库）,注释 :145-147：锚值按修复后口径由独立 NumPy oracle 复算（run/RELEASE-02/conform-fix-a/harness/conf1_oracle.py，不调用被测 C++）；来源件 run/ 不入库 ⇒ 仓库内无可复核锚,待确认,真实源 SNR 锚表 kReal[5] 的天空输入,否（判读层逐行已判，未过第②层复核）,红（判读层立案 BD1-1.3｜AUD-402-判读-BD1 §1.3）：同一实测锚 260.8590110604006 逐字重复于两处（p1snr_linux_test.cpp:144 与 p1snr_science_test.cpp:165）⇒ 无唯一数值源、双份复制，任一侧更新即静默分叉；来源 oracle 件在 run/ 不入库,AUD-402-判读-BD1,
kStallPatience / kObjImproveFloor,常数,lib/algorithms/coverage/src/upm.cpp:732；lib/algorithms/coverage/src/upm.cpp:1061；docs/science/PHASE2_UPM.md:105（补侧·本行出处所列，该侧带值）,5 ／ 1e-12,轮 ／ 相对改善,converged=2（stalled）的判据,不适用,函数体内 const（非配置面、非 P2UpmBuildConfig 字段）⇒ 无法用配置把算例逼进 2,无来源（未登记其物理或数值依据）,upm.cpp:732-733 定义、:1061 赋值；docs/science/PHASE2_UPM.md:105【缺输入：判读层与第②层均未给保守取值方向】,待确认,Phase2 UPM 四态收敛状态机,是（第②层独立复核）,"红：跟踪结果件里观测到的收敛态只有 {0,1}，2/3 从未作为实测量出现（22 处结果件、4 个「2」全为图例或叙述）；四态码 d77fd11f(09-22) 晚于归档数据 9a2b5d11(09-21) 一天",AUD-203-天光无缝核验 AUD203-09 需复测第 1 条；复核-AUD203 V5；复核注记：是（复核-AUD203 V5：证据缺口 P2，非代码缺陷）,
leaf 表示选支（弦四边形 vs 真曲线）,算法,lib/algorithms/drizzle/healpix_drizzle/spherical_overlap.cpp:1372,nside>=256 → get_healpix_boundary4（nb=4）；else samples=(nside<=8)?16:1,档,生产 leaf 边界表示,不适用,"生产 nside 钳位 [16, 2^22] 内无任何路径用真曲线边界；9≤nside<256 亦只 4 角",无来源（调用点与同文件注释自述相反）,spherical_overlap.cpp:1372-1382、:506-541、:1283-1296、:543-617【缺输入：判读层与第②层均未给保守取值方向】,待确认,创新点④ 面积分配正确性,是（第②层独立复核）,红：逐叶面积误差 −9.97%…+0.54%（nside 32/64/128/256 全格点实测 −0.09952/−0.09964/−0.09967/−0.09968），不随 nside 收缩；Σ_p 弦面积=4π（0 残差）⇒ 纯「相邻叶错分」，求和型闭合门零判别力,AUD-204-面积交叠核验 AUD204-06；复核-AUD204 W1；复核注记：是（复核 W1 确认恒等式无证据资格）,
m_cut 极限星等初值式,公式,lib/algorithms/platesolve/cpp/ipv/src/ipv_select.cpp:335；lib/algorithms/platesolve/cpp/ipv/src/ipv_select.cpp:343；docs/plugins/algorithms_phase1/03_star_detection.md:25（补侧·本行出处所列，该侧带值）,m_cut = 6.0 + 1.5·log10(f_mm) + 2·log10(t_s),mag,割线迭代初值（estimate_mag_lim_iterative）,只需作种子，常数取歪只多花 Gaia 查询次数,PlateSolver 星表引导选星,无来源（三常数只在源码注释；正本零登记）,ipv_select.cpp:335（注释）/:343-345（代码）；docs/plugins/algorithms_phase1/03_star_detection.md:25 与 phase_config_normalize.schema.json:358 声明派生输入含「画幅」,待确认,星表引导检测的候选完备度,是（第②层独立复核）,红：文档声明输入集（焦距＋画幅＋曝光）与代码输入集（焦距＋曝光）不符；物理核对天光限域应为 1.25、读噪限域 2.5，代码 2.0 两域都不对应,AUD-201-测光核验 AUD201-012；复核注记：是（第②层未单列，成稿独立第一性推导）,
memory-report/v2 工件的 schema 登记,算法,eng/contracts/resource_gate_v1.json（补侧·本行出处所列权威锚）；lib/infrastructure/cli/memory_report.h（补侧·本行出处所列权威锚）,无对应 schema 件,—,eng/contracts/schemas/ 下 54 个跟踪 json（顶层 19＋unified/ 35）,不适用,该工件的字段值域、-1 哨兵、thresholds 块只由代码＋散文注释＋两个单测承载；module.yaml:23-25 的 data_contracts 只登记 jsonl/phase_config 两件,无来源（合同面缺件）,eng/contracts/resource_gate_v1.json readers 数组把 memory_report.h 列为读者而非被约束对象；docs/contracts/ 对 reclaim_frac 零命中,待确认,观测面「唯一数值源＋机读合同」纪律的缺口,否（判读层逐行已判，未过第②层复核）,红（判读层立案 A2 L-14）：L-01 的未登记阈值与 L-03 的 mb 命名都落在这张无合同的工件上,AUD-402-判读-A2 §3.4 L-14；L-01；L-03；L-14,
min_stars_order1 / min_stars_order2,常数,lib/algorithms/photometry/cpp/src/spatial_gain.h:85；lib/algorithms/photometry/cpp/src/frame_photometry_fit.h:76,50 / 200,星数,空间增益升阶的星数门,未标注,spatial_gain.h:85 默认、frame_photometry_fit.h:76/:377 透传,无来源（同为「最少星数」语义，50 无任何登记侧）,AUD-402-判读-A1 F-15；results 侧 N=100/200 聚集档 o2 形状误差 24.36%/21.38%【缺输入：判读层与第②层均未给保守取值方向】,待确认,Phase1 空间增益升阶阶梯,是（第②层独立复核）,红：与已登记的 photometry.min_reference_stars=3 同语义不同档、无横向说明,AUD-402-判读-A1 F-15；复核-测光默认阶数 §一·附；复核注记：是；F-15,
noise.variance_floor,常数,eng/packaging/config/defaults.json:205；docs/science/NOISE_MODEL.md:30；lib/algorithms/noise_snr/cpp/src/noise_model.cpp:1256；lib/include/astrocs/core/variance_floor.h:22；lib/algorithms/drizzle/healpix_drizzle/hp_drizzle_api.cpp:1052；lib/infrastructure/scheduler/src/module_adapters.cpp:6584-6590；lib/algorithms/noise_snr/cpp/src/rejection.cpp:1245；lib/algorithms/noise_snr/tests/p1noise/p1noise_oracle.hpp:112；lib/algorithms/noise_snr/tests/p1noise/p1noise_tests_core.cpp:776,1e-12,ADU^2,"ivar=1/max(var,floor) 的分母下界；纯数值保护（SCI §9 明确不是最小可分辨方差、不是读出噪声下限）",未标注（只说保证 ivar 有限）,注册 >0；schema :337-340 exclusiveMinimum=0（**无上限**）；解析层 >0；SCI :55 要求有限且 >0 否则 SNR_FLOOR_UNBOUND(-10),待确认（数量级拍定，无物理或数值推导）,"docs/science/NOISE_MODEL.md:30（符号表：配置默认 1e-12，单位 ADU^2）与 :55/§7；注册件所引 :23 是符号表 `x` 行【保守方向·回填自判读件】同值多侧：defaults.json:205｜noise_model.cpp:1256｜schema :340 default=1e-12（第四侧，队列未列）；**语义冲突面**：仓内已有按 dtype 导出的地板实现 lib/include/astrocs/core/variance_floor.h:22（生效 floor=max(eps_rel·median(可用方差), dtype 最小正可",待确认,Phase1 variance/ivar 全场,否（判读层逐行已判，未过第②层复核）,"红（判读层立案 E-6｜AUD-402-判读-A1 §2.2 E-6）：已实现尺度无关派生（variance_floor.h:22 生效 floor = max(eps_rel·median(可用方差), dtype 最小正可表示值)），noise 侧仍注册绝对 1e-12（ADU²）；eps_rel=1e-12（hp_drizzle_api.cpp:1052）与 normalization_floor=1e-12（rejection.cpp:1245）四面无登记 ⇒ 同一数字三处三种量纲",AUD-402-判读-A1,预筛已回：全表命中键 variance_floor｜有值侧 3（S1 defaults、S4 合同schema、S5 代码兜底）
photometry.fit.spatial_gain_order / kDefaultSpatialGainOrder,算法,lib/infrastructure/scheduler/src/module_adapters.cpp:5471；lib/infrastructure/scheduler/src/module_adapters.cpp:5489；lib/infrastructure/scheduler/src/module_adapters.cpp:6072；lib/algorithms/photometry/cpp/src/frame_photometry_fit.h:74（补侧·本行出处所列，该侧带值）；lib/algorithms/photometry/cpp/src/spatial_gain.h:80（补侧·本行出处所列，该侧带值）；实验/photometric-magnitude/docs/p1-spatial-gain.md:454（补侧·本行出处所列，该侧带值）,代码兜底 2；算法层结构体默认 0；文档 §6(0)(c) 判「默认保持 0」、同文档 :89 又写「默认 order 1」、:434 写「配置默认 1」,阶（整数）,"Phase1 低阶乘性空间增益 m(x,y) 的请求阶（0=关闭⇒m≡1；>2 钳到 2）",不适用（离散档）,出厂模板无 photometry 段 ⇒ 通道整条不使能；任何显式启用测光通道的运行 ⇒ 实取 2,无来源（六张登记面全空：出厂模板／defaults.json／config_registry／schema properties／合同说明与 CLI 协议／插件文档与 README；另 config_default_divergences watch_keys 亦无）,module_adapters.cpp:5471 constexpr int kDefaultSpatialGainOrder=2、:5472-5476 读取式、:5489 通道使能门、:5708/:5716/:6072-6075 施加链；frame_photometry_fit.h:74=0；spatial_gain.h:80 order_requested=0；实验/photometric-magnitude/docs/p1-spatial-gain.md:454/:89/:434,待确认,"创新点① 产品像素面（逐像素乘 k_photo·m(x,y)）",是（第②层独立复核）,红：同一参数在生产两处入口与三处文档取不同值（0／1／2），且键在六面零登记 ⇒ 操作者无从发现、无从关闭；is_number_integer() 静默兜底使 0.0、「0」、错键名一律回到 2,复核-测光默认阶数（一、四侧对齐表；二、问1-3；三、判定）；AUD-101-DB-18 §1.10；复核注记：是（复核覆盖成稿：定级 P1，并给出升 P0 的唯一触发条件）,
photometry.irls_tolerance_dex,容差,eng/packaging/config/defaults.json:583；docs/science/PHOTOMETRY.md:192；lib/algorithms/photometry/cpp/src/spatial_gain.cpp:43；lib/algorithms/photometry/cpp/src/star_matcher.cpp:27；eng/packaging/config/defaults.json；lib/algorithms/photometry/cpp/src/star_matcher.cpp:26；docs/science/PHOTOMETRY.md:126,1e-06,dex,IRLS **location** 收敛门 |loc_new-loc_old|<1e-6,未标注相对量纲（未定义相对 S 还是相对机器精度）,注册 >0；无 schema 承载,待确认（未给浮点精度或收敛速率推导）,docs/science/PHOTOMETRY.md:192（tol=1e-6）；锚点正确【保守方向·回填自判读件】**部分证伪机械层结论**：队列记作『同一 IRLS 收敛门两处取值差 3 个数量级』，读码后不成立——spatial_gain.cpp:43 注释明确 1e-9 判的是**系数增量**收敛（原文：系数是 dex/单位坐标的量），star_matcher.cpp:27 的 1e-6 判的是标量 location ⇒ 两个不同判据而非同门两值。真问题改档为：(a) 1e-9 这条生产在用的空间增益收,待确认,测光 IRLS 收敛,否（判读层逐行已判，未过第②层复核）,红（判读层立案 X-5/U-4｜AUD-402-判读-A1 X-5）：两条门分别判不同量（spatial_gain.cpp:43 的 1e-9 判系数增量、star_matcher.cpp:27 的 1e-6 判标量 location），1e-9 四面无登记，且文档与代码把 1e-6 记成两个不同的量,AUD-402-判读-A1,预筛已回：全表命中键 irls_tolerance_dex｜有值侧 1（S1 defaults）
pixel_area_power,常数,eng/contracts/schemas/unified/variance.schema.json:103；eng/contracts/data/v6_clause_registry_v1.json:2902；docs/contracts/DATA_SEMANTICS.md:3223（补侧·本行出处所列，该侧带值）；eng/contracts/schemas/product_family_field_constraints.schema.json:242（补侧·本行出处所列，该侧带值）；eng/ci/check_product_contract.py:73（补侧·本行出处所列，该侧带值）；docs/contracts/unified_object_registry.json:25（补侧·本行出处所列，该侧带值）；lib/infrastructure/aio/v6/src/v6_bunit.cpp:242（补侧·本行出处所列，该侧带值）；lib/infrastructure/aio/v6/src/v6_provenance.cpp:167（补侧·本行出处所列，该侧带值）,"A 侧（幂次语义）{-2, -4, +4}：signal_sb=-2、sb_variance_out=-4、sb_ivar_out=+4；B 侧（分类语义）enum [-2, 0]",无量纲幂次,units.pixel_area_power：立体角幂次 vs 内部 px_power 量纲代数,不适用（整数幂次）,"69 个约束位点、其中 8 个 enum 位点全部是同一值集 [-2, 0]",有文献（两侧都是机器合同事实源）,"docs/contracts/DATA_SEMANTICS.md:3223-3225/:3249/:3250；eng/contracts/data/v6_clause_registry_v1.json:2902-2909；eng/contracts/schemas/product_family_field_constraints.schema.json:242-246/:253-257；eng/ci/check_product_contract.py:73-81/:642-645；eng/contracts/schemas/unified/{variance,ivar,signal,depth_m5,frame_snr,source_snr,sparse_snr_layer,point_information}.schema.json:94-109；docs/contracts/unified_object_registry.json:25；lib/infrastructure/aio/v6/src/v6_bunit.cpp:242-253；lib/infrastructure/aio/v6/src/v6_provenance.cpp:167-170【缺输入：判读层与第②层均未给保守取值方向】",待确认,统一对象合同 units 域,是（第②层复核改判）,红：同一键名在两份机器合同里值集不相交（A 侧要求 −4/+4，B 侧 enum 只容 −2/0），任一侧落地必在另一侧判红；另有 5 份 unified schema 把该键 pin 成 const 0，其 allOf 三支 if-then 在自身 properties 约束下永不可满足 ⇒ 文档点名成「机器强制」的出处是死规则且 pin 值与文档所述相反,复核-合同层 W1（覆盖成稿 AUD-101-DB-06-07 A-2/A-3）；复核注记：是（复核-AUD204 W1 定 P1，并订正成稿三处不完整/不实；「取哪一侧」属负责人已登记的像素面积幂次待裁事项）,预筛已回：全表命中键 pixel_area_power｜有值侧 2（S4 合同schema、S5 代码兜底）
planar/spherical 分支阈,容差,lib/algorithms/drizzle/healpix_drizzle/drizzle_engine.cpp:1644,max_angle < 1e-3 rad（= 206.3″）,rad,面积例程选支,不适用,θ≲10″ 时文档 δ 值（1e-11…1e-10）低于球面例程自身的双精度噪声地板约 4 个数量级；θ≳60″ 域内文档二阶式被独立证实（60″ 差 1.6%、300″ 差 0.0012%）,公式导出（二阶式），但选支阈本身无登记,AUD-204 t7_planar_branch_delta.py 表；drizzle_engine.cpp pixel_area 经 polygon_area_consistent 按未收缩四角自判、drop_area 按收缩后自判【缺输入：判读层与第②层均未给保守取值方向】,待确认,创新点④ 面积例程选支,是（第②层独立复核）,红：分支混用 ⇒ pf<1 且 θ_pixel 跨 206.3″ 时 pixel_area 与 drop_area 取自不同例程，sumNorm 的 pixel_area/drop_area 出现 ~9e-8 量级口径跳变（θ=210/pf=0.8 时 δ 由 1.87e-7 换到 9.33e-8）,AUD-204-面积交叠核验 AUD204-09；复核注记：是（本机复算）,
precision.default,容差,eng/packaging/config/defaults.json:625；docs/science/SCIENCE_SCOPE.md:91-93；lib/infrastructure/scheduler/src/module_adapters.cpp:13519；lib/phase3_session/p3_session.cpp:126；lib/infrastructure/scheduler/src/module_adapters.cpp:7507-7520；ASTROCS_DESIGN.md；eng/packaging/config/defaults.json:635；eng/ci/ledgers/dead_config_keys.json；docs/science/SCIENCE_SCOPE.md:94,fp64,"枚举 id {fp32,fp64}",计算精度模式标识,按形态分裂（SCI 真实口径见备注），非单一默认,"注册枚举 {fp32,fp64}；normalize schema 侧是**另一个键** drizzle.precision_mode enum=[0,1] 无 default 且必须显式；mosaic/export schema 侧 precision enum=[fp32,fp64] 无 default 但 required；export 模板**不含 precision**（而 export_config required 含它）",待确认（注册值与权威口径实质不符）,真锚 docs/science/SCIENCE_SCOPE.md:91-93（稠密发布面 FP32、稀疏/元数据全程 FP64、计算与承载分离）；注册件所引 :56 讲的是『污染幅度未被定量确认』，与本键无关 ⇒ 注册值『默认 FP64』是对权威的过度简化【保守方向·回填自判读件】**多侧不一致（本队列最重一条之一）**：注册 fp64｜CLI/模板 normalize 侧 precision_mode=1（=FP64，但必须显式，无默认）｜Phase3 生产实现缺省 bitpix=**-32（FP32）**：module_adapters.cpp:13519、:13726、p3_session.cpp:126、:391 四处写 -32｜lib 对 precision.de,待确认,全链路精度口径,否（判读层逐行已判，未过第②层复核）,红（判读层立案 F-7｜AUD-402-判读-A1 §2.1 F-7；X-12）：四面互不相同：注册 fp64／normalize 面 precision_mode enum 必须显式／mosaic·export 面 precision required 无 default 且 export 模板不含该键／Phase3 实现缺省 bitpix=-32（FP32，四处）／死键台账自认『阶段二当前没有任何被消费的精度键』⇒ 一个声明默认＋一个相反实现缺省＋一个必须显式＋一个死键,AUD-402-判读-A1,
schema 侧 default/min/max 是否被取,算法,,只取 $defs.*_config.properties 的键名，不取 default/minimum/maximum,—,第⑤侧：eng/contracts/schemas/phase_config_*.schema.json,不适用,因此 schema 内部矛盾（default 越出 exclusiveMinimum、enum 与 default 互斥）无人判红,不适用,AUD-402-判读-A1 §1 表第⑤行；F-4/F-6 两案【缺输入：判读层与第②层均未给保守取值方向】,待确认,noise 族 14 键的实际生效值判定,否（判读层逐行已判，未过第②层复核）,红（判读层立案 A1 §1）：schema 断言「default ∈ 值域」缺位（U-19 修法）,AUD-402-判读-A1 §1；§3 U-19；U-19,
sigma_floor,常数,eng/tests/backend/syn008_seam_main.cpp:105；docs/contracts/DATA_SEMANTICS.md:2086；lib/algorithms/coverage/include/astro/phase2/upm.h:83；lib/algorithms/coverage/src/upm.cpp:273；lib/algorithms/coverage/include/astro/phase2/stage2_common.h:60；lib/algorithms/coverage/src/stage2_common.cpp:169；eng/tests/validation/release02/fix_p2a_seam_oracle/p2a_oracle.cpp:134；docs/algorithms/PHASE2_SESSION.md:142；src/upm.cpp:273（补侧·本行出处所列，该侧带值）,0.02（本行）；同符号生产侧 1e-3,ADU（σ 标度，非 ADU²）,与所消费 uncertainty 同标度（帧面标度；photo_scaled_adu 时按 α 换算）,缺（文档只给数值与分工，未给精度/收敛要求）,>0；≤0 时 upm.cpp:292 静默钳回 1e-3,C（合同/算法文档登记 1e-3；本行 0.02 无任何登记）,唯一数值源：docs/contracts/DATA_SEMANTICS.md:2086（冻结 1e-3）＋ lib/algorithms/coverage/include/astro/phase2/upm.h:83、src/upm.cpp:273/:292；测试侧 0.02 = 无,待确认,"UPM 观测降权路径 sigma_eff=max(|unc|,sigma_floor)",否（判读层逐行已判，未过第②层复核）,红（判读层立案 BD1-L2｜AUD-402-判读-BD1 §1.1 L2）：三侧并列 1e-3（docs 冻结＋upm.h:83＋stage2_common.h:60＋5 个 coverage/*.json＋兜底）／0.02（syn008 测试）／1e8（p2a_oracle）；另同符号单位两说（DATA_SEMANTICS:2086『σ（ADU）』vs PHASE2_SESSION.md:142『面亮度 ADU·sr⁻¹』）,AUD-402-判读-BD1,
sigma_residual 的「不可估计」编码,容差,lib/algorithms/photometry/cpp/src/star_matcher.cpp:615；lib/algorithms/photometry/cpp/src/star_matcher.cpp:621；docs/science/PHOTOMETRY.md:191（补侧·本行出处所列，该侧带值）,0.0,dex,两出口：样本不足、mad_in==0,不适用（哨兵，非测量值）,"可达构造：r_inliers={2.0,2.0,5.0} ⇒ median 偏差=0 ⇒ sigma_residual=0 且 fit_ok=true",无来源（0 兼表「完美」与「不可估计」两义，区分只活在注释）,star_matcher.cpp:614 注释自证；docs/science/PHOTOMETRY.md:191/§3/§8 无具名不可估计值【缺输入：判读层与第②层均未给保守取值方向】,待确认,测光标定质量门,是（第②层独立复核）,红：唯一消费门 P1_PHOT_MAX_SIGMA_DEX=1.0 只卡上界与有限性 ⇒ 假绿通道（fail-open）,AUD-201-测光核验 AUD201-011；复核-AUD201 V5；复核注记：是（复核-AUD201 V5）,
sigma_sky_source 的择一（生产写死）,算法,lib/infrastructure/scheduler/src/module_adapters.cpp:7159；docs/plugins/algorithms_phase1/07_noise_snr.md:118（补侧·本行出处所列，该侧带值）；docs/science/NOISE_MODEL.md:223（补侧·本行出处所列，该侧带值）,SNR_SIGMA_SKY_EMPIRICAL_TOTAL_RMS（无条件赋值）,枚举,σ_sky 的口径来源,不适用,决策树分支 1（shot_noise_only 且 gain>0 的散粒口径）从生产不可达；自估增益主路径（NOISE_MODEL §5c 第 1 条 V=σ0²+S/g 斜率–截距回归）未实现,有文献（§4.2a 决策树与 §5c 主路径为本仓 SCI 条文）＋代码接线事实,module_adapters.cpp:7159 赋值、:7151 noise_sigma 入参、:7130-7136 upper_bound_no_gain（此点证真）；docs/plugins/algorithms_phase1/07_noise_snr.md:118-122；docs/science/NOISE_MODEL.md:223-242【缺输入：判读层与第②层均未给保守取值方向】,待确认,跨帧绝对 SNR（创新点②）,是（第②层独立复核）,红：设计本意分支在生产不可达，择一由接线层写死而非由声明面决定,AUD-202-SNR核验 AUD202-005；复核注记：是（CONFIRMED）,
snr.gain_e_per_adu 的默认,常数,lib/infrastructure/scheduler/src/module_adapters.cpp:6794；docs/science/NOISE_MODEL.md:239（补侧·本行出处所列，该侧带值）,0.0（配置缺省⇒未知）,e⁻/ADU,增益,不适用,schema 明文「缺失 = 未知 gain/ZP（天空受限最优提取，m_5 = null）」；M42 真实帧 124 个关键字中 GAIN/RDNOISE/EGAIN 全缺,无来源（defaults.json 与出厂模板均无 snr.gain_e_per_adu 默认值登记 ⇒ 四侧默认缺位形态）,phase_config_normalize.schema.json:229；module_adapters.cpp:6794；docs/science/NOISE_MODEL.md:239-240【缺输入：判读层与第②层均未给保守取值方向】,待确认,SNR 口径选择,是（第②层独立复核）,红：键有语义、有消费点，但无任何默认侧登记,AUD-202-SNR核验 AUD202-005；复核注记：是,
sparse_snr.density,常数,eng/packaging/config/defaults.json:681；docs/plugins/algorithms_phase1/07_noise_snr.md:112-113；ASTROCS_DESIGN.md；eng/packaging/config/defaults.json:688,null,点/度²,启用稀疏层时的控制点密度（按面积密度的表述）,不适用（无值）,未定；无 schema/模板/CLI 承载（值=null）,无来源（GAP-024 显式挂起，禁止编造）,docs/plugins/algorithms_phase1/07_noise_snr.md:112-113 默认列为 ——（合规的无值登记）；ASTROCS_DESIGN.md §3.3 点名该字段应存在；pending_task=SCI-RES-01/R-001,待确认,Phase1 稀疏 SNR 层,否（判读层逐行已判，未过第②层复核）,红（判读层立案 F-9/U-14｜AUD-402-判读-A1 §2.1 F-9）：同一物理量两种表述并存（点/度² 与 px），且 schema 描述仍写已作废的 ℓ=48,AUD-402-判读-A1；R-001,预筛已回：全表命中键 density｜有值侧 1（S4 合同schema）
sys_io_wait_seconds,常数,lib/infrastructure/cli/monitor.h:84；lib/infrastructure/cli/resource_recorder.h:70；lib/infrastructure/cli/commands.cpp:1072；lib/infrastructure/cli/resource_gate.h:182；docs/plugins/infrastructure/21_observability.md:124；lib/infrastructure/cli/monitor.h；lib/infrastructure/cli/resource_gate.h,0.0,秒（系统级 iowait 累计）,/proc/stat 第 5 字段 / hz,无,非 Linux 恒 0（Windows 无对应，:110-160 无 iowait 分支）,不适用（结构性常数：初值）——**但该 0 在生产判定面会被当合法值用**（见备注）,采集 :189-207；消费链 :367-369 → resource_recorder.h:70 → commands.cpp:1072 事件 io_wait_pct【缺输入：判读层与第②层均未给保守取值方向】,待确认,resource 事件 io_wait_pct 与横切判据 io_wait_high（后者因未接线恒不触发）,否（判读层逐行已判，未过第②层复核）,红（判读层立案 L-10/§2.6｜AUD-402-判读-A3 §2.6；判读-A2 §3.1 L-10）：iowait_percent 初值 0.0 在生产侧从未被赋值（lib 内零赋值点）⇒ :326 IoWaitHigh 恒不触发、:368 的 iowait<5 腿恒真；与 21_observability.md:124『证据缺失一律 fail-closed 判 FAIL』相悖；同结构 :183 却如实标 -1 哨兵,AUD-402-判读-A2；L-10,
threshold_seconds,容差,lib/infrastructure/cli/resource_events.h:84；docs/plugins/algorithms_phase1/07_noise_snr.md；lib/infrastructure/cli/resource_gate.h:336,5.0,s,进程 wall 秒,未规定,wall>5.0 且 kind=Unknown,无出处（引用指针悬空）,无——注称『07 §1/§3/§4』；跟踪集内唯一 07_*.md 是 docs/plugins/algorithms_phase1/07_noise_snr.md（噪声/SNR 面），git log --diff-filter=D 亦无资源面 07 文档,待确认,生产可达：commands.cpp:675 is_stage_priority 只传两参 ⇒ 恒取本默认 5.0,否（判读层逐行已判，未过第②层复核）,红（判读层立案 CL-5S｜AUD-402-判读-A3 §2.2）：同一语义两制：契约 applicability 只规定『严格 >10 s』，5.0 s 是契约外第二判定域；三处重复（resource_events.h:84／resource_gate.h:336／:397） ∥ 红（判读层立案 CL-5S｜AUD-402-判读-A3 §2.2）：5.0 s 字面量，契约无该键；与 resource_events.h:84、resource_gate.h:397 同值三写 ⇒ 唯一数值源被绕过,AUD-402-判读-A3,
win,常数,lib/infrastructure/cli/commands.cpp:782；lib/infrastructure/cli/resource_gate.h:241,0.5 ｜ 0.0,s,"判定窗长度下限 win=max(0.5, t_last-t_first)",不适用（除零保护）,>0,不适用（非科学量）；属 epsilon 型保护，按标准 02 §3 须给数值来源,—（比较用的哨兵/零值守卫，不是判据阈值）；无（行内未说明为何取 0.5 而非一个采样周期派生值）【缺输入：判读层与第②层均未给保守取值方向】,待确认,CLI 诊断判定,否（判读层逐行已判，未过第②层复核）,红：判读层把同一符号按位点分行登记，取值不等（commands.cpp:782=0.5；resource_gate.h:241=0.0）,AUD-402-判读-A1；AUD-402-判读-A3,
zero_anchor_weight / rank_rtol / smoothing_lambda,容差,lib/algorithms/coverage/src/sky_plane.cpp:463；docs/science/PHASE2_UPM.md（补侧·本行出处所列，该侧带值）；eng/tests/backend/syn008_seam_main.cpp:103（补侧·本行出处所列，该侧带值）,1e-3 ／ 1e-10 ／ 0.3,无量纲,UPM 锚权重、秩判据容差、平滑λ,未标注,UPM 配置结构体一行五常数（与 sigma_floor、snr 同族）,C（仅仓内文档陈述；三值本身无登记侧）,sky_plane.cpp:463（rank_rtol=τ）；docs/science/PHASE2_UPM.md §5/§7；BD1 同簇合并覆盖 syn008_seam_main.cpp:103-105 的 7 个数值位点【缺输入：判读层与第②层均未给保守取值方向】,待确认,Phase2 UPM 求解,否（判读层逐行已判，未过第②层复核）,红：同簇三常数在 defaults/schema 无登记，仅靠结构体默认,AUD-402-判读-BD1 §3 同簇合并；AUD-203-天光无缝核验 AUD203-09,
§3.5 与 §6.x 权威指针,算法,lib/infrastructure/cli/module.yaml:28；lib/infrastructure/cli/parser.cpp:428；eng/packaging/config/runtime_resources.json:5（补侧·本行出处所列，该侧带值）；eng/contracts/resource_gate_v1.json:76（补侧·本行出处所列，该侧带值）；lib/infrastructure/cli/disk_gate.h:4（补侧·本行出处所列，该侧带值）；lib/infrastructure/cli/jsonl.h:3（补侧·本行出处所列，该侧带值）,写作「ASTROCS_DESIGN.md §3.5」的引用实测 31 处/24 文件；CLI 族 §6.1-6.3 应为 §7.1-7.3,条款号,最高设计章节引用,不适用,§3 只有 3.1/3.2/3.3（实跑 ^### 3\.[45] 命中 0，正例 ^### 3\. 命中 3）；§6 整章是 export；薄入口原句在 :490（§7.1）、退出码表在 :498-509（§7.2）,无来源（指向不存在的节）,三个 phase_config_*.schema.json 的 authority 数组、defaults.json:7/:22、filters.json:7、runtime_resources.json:5、resource_gate_v1.json:76/:89、disk_gate.h:4、module.yaml:3/:28/:34、jsonl.h:3、parser.cpp:428/:487【缺输入：判读层与第②层均未给保守取值方向】,待确认,出处列能否填（合同面含 5 个机器合同文件）,否（判读层逐行已判，未过第②层复核）,红（判读层立案 A2 L-09）：两类错位均已定位到正确号；resource_gate_v1.json:76 同时写 §3.5 与 §6.3 两个错号；parser.cpp 属「号对内容错」第三种形态,AUD-402-判读-A2 §3.4 L-09；L-09,
§8.3 判据表与 evaluate_gate 的判据集合,算法,docs/plugins/infrastructure/21_observability.md:53；lib/infrastructure/cli/resource_gate.h:268,§8.3 列 ①-⑦ 七项；代码另能返回 8 类诊断,条,io_wait_high / compute_io_mem_all_low / unannotated_priority / mixed_unsplit / memory_bandwidth_low / io_missing_evidence / fast_fail_first_10s / global_lock_degradation,不适用,全部既不在 §8.3 也不在契约（其中 4 类恒不触发）,无来源（判据集合不闭合）,docs/plugins/infrastructure/21_observability.md §8.3；resource_gate.h evaluate_gate【缺输入：判读层与第②层均未给保守取值方向】,待确认,资源门可复核性,否（判读层逐行已判，未过第②层复核）,红（判读层立案 A3 §2.5 L18）：§8 判据表与代码的判据集合不闭合,AUD-402-判读-A3 §2.5 L18；L18,
「07 §1..§6」资源判据族,算法,lib/infrastructure/cli/resource_gate.h:1；lib/infrastructure/cli/memory_growth.h:1；lib/infrastructure/cli/resource_events.h:8（补侧·本行出处所列，该侧带值）；lib/infrastructure/cli/commands.cpp:624（补侧·本行出处所列，该侧带值）；lib/infrastructure/cli/monitor.h:2（补侧·本行出处所列，该侧带值）；docs/plugins/infrastructure/21_observability.md（补侧·本行出处所列，该侧带值）,悬空指针（27 处/5 文件）,条款号,CLI 观测面的判据出处,不适用,跟踪集内唯一 07_*.md 是 docs/plugins/algorithms_phase1/07_noise_snr.md（SNR 面，实核 OOM/预热/20 次/内存增长 0 命中）；删除历史里含 07 的路径只有 docs/contracts/v6/data/07_provenance.md 与一批日期命名计划件,无出处（引用指针指向跟踪集里不存在也不曾被跟踪的文档）,resource_gate.h:1/8/15/48/53/174/177/310/328/335/404；resource_events.h:8；commands.cpp:624/726/786/916；monitor.h:2/333/394；memory_growth.h:1/14/20；21_observability.md §8.6 把三面规定为同一判据的等价实现【缺输入：判读层与第②层均未给保守取值方向】,待确认,整条资源判据族的出处,否（判读层逐行已判，未过第②层复核）,红（判读层立案 A3 §2.5 L5／A2 L-13）：该判据族没有任何跟踪中的文档出处，也不在 §8 判据表与契约里；V7 04_CPU_RESOURCE_TASKS 在跟踪集 0 命中,AUD-402-判读-A3 §2.5 L5；判读-A2 §3.4 L-13；L-13；L5,
「活跃线程」定义,算法,lib/infrastructure/cli/resource_gate.h:363,新线程「累计=0 即不算活跃」（:363）,—,与契约判据 ① 的 p50 被测量之间无声明关系,不适用,判据 ①（enforce 三条之一）的前置界,无来源（定义未落文档）,resource_gate.h:363；U-07 立案；契约 compute.min_active_compute_threads【缺输入：判读层与第②层均未给保守取值方向】,待确认,CPU 判据①前置,否（判读层逐行已判，未过第②层复核）,红（判读层立案 CL-5S｜AUD-402-判读-A3 §2.2）：wall<5s → NotApplicable：契约 applicability 只规定严格 >10 s，且明记『C++ 侧原有 wall<5s 静默豁免已废止』⇒ 契约外第二判定域,AUD-402-判读-A2 §4 U-07；U-07,
宪章条款号作为阈值出处（已废止）,常数,lib/infrastructure/cli/v6_runtime_contract.h:22；lib/infrastructure/cli/resource_gate.h:105；docs/DOCUMENT_INDEX.yaml:1065（补侧·本行出处所列，该侧带值）,§18.2 冻结 85%/60%；§10.5 等,条款号（非数值）,v6_runtime_contract.h 与 resource_gate.h 各自自称单一事实源,不适用,两个都自称单一事实源的头文件对「阈值住在哪」给出相反答案,无来源（DOCUMENT_INDEX.yaml:1065 记「原引『冻结宪章』已废止」；resource_gate.h:109-110 自述旧宪章文件已删）,v6_runtime_contract.h:4/:17/:22/:250/:291；resource_gate.h:63/:138/:191/:198/:298；docs/DOCUMENT_INDEX.yaml:1065【缺输入：判读层与第②层均未给保守取值方向】,待确认,权威指针面（决定「出处」列能否填）,否（判读层逐行已判，未过第②层复核）,红（判读层立案 A3 §2.5 L5b）：已废止宪章仍被当阈值出处引用，且 v6_runtime_contract.h:22 与 resource_gate.h:103-105 互相打脸,AUD-402-判读-A3 §2.5 L5b,
工件回显精度低于判定精度,容差,lib/infrastructure/cli/memory_report.h:616；lib/infrastructure/cli/memory_report.h:617,%.2f 回显 min_reclaim_frac；%.1f 回显阈值,—,alloc_report.json 的 thresholds 块,判定用全精度、回显截断,validate_alloc_report 不复算 thresholds 块,不适用（表达层）,memory_report.h:260/:261/:262、:616、:617（0.005 = 10× %.3f 舍入，放大系数 10 无登记）；U-04 立案【缺输入：判读层与第②层均未给保守取值方向】,待确认,契约值一改即出现「工件镜像 ≠ 判定实值」而不可见,否（判读层逐行已判，未过第②层复核）,红（判读层立案 A2 §4 U-04／§3.4 L-08）：ASTROCS_DESIGN.md:239 §3.3 要求 epsilon 给物理或数值来源，三值同批未满足,AUD-402-判读-A2 §4 U-04；§3.4 L-08；L-08；U-04,
无守卫的 uint64 增量减法,算法,lib/infrastructure/cli/monitor.h:344,d_read_bytes / d_write_bytes / d_ctx_switches 无 > 守卫,计数,monitor.h:344-346（对照 :343 的 d_rss_bytes 有守卫）,不适用,sample() 每次新建 ProcSample ⇒ 瞬时打开失败得 0，0−上次值 回绕 ≈1.8e19，经 :433-435 累加进事件,不适用（缺陷形态，非常数）,monitor.h:343（正例对照）、:344-346、:325-331、:433-435【缺输入：判读层与第②层均未给保守取值方向】,待确认,io_read_bytes/io_write_bytes 事件正确性,否（判读层逐行已判，未过第②层复核）,红（判读层立案 A2 L-12）：同段守卫不对称就是判据,AUD-402-判读-A2 §3.4 L-12；L-12,
模板侧门（CHK-CONFIG-DEFAULTS）,算法,eng/packaging/config/templates/normalize.phase_config.json:3,模板侧对键集合与数值比较双双贡献 0，门仍判绿,—,"check_config_defaults.py:80 与 :157 都从 doc.get(""config"") 取模板内容",不适用,三份模板自 §9.68 起是 blocks[] 形态、顶层无 config（templates/normalize:3、mosaic:3、export:3）,不适用（门退化）,AUD-402-判读-A1 §2.1 F-1；修法＝按 blocks[] 与顶层双形态遍历，配正/负例与 --self-test【缺输入：判读层与第②层均未给保守取值方向】,待确认,全部配置键的默认一致性判定,否（判读层逐行已判，未过第②层复核）,红（判读层立案 A1 F-1）：出厂模板侧静默失效 ⇒ 名义在、实际已失效（AGENTS §9 门退化）,AUD-402-判读-A1 §2.1 F-1；F-1,
模板示例值与合法值不可分（crval/scale）,常数,lib/infrastructure/cli/session_commands.h:254；lib/infrastructure/cli/session_commands.h:258,session_commands.h:254 = 0.0；:258 = 0.001；:272 = 512.5,deg；deg/px；px,"export --template 骨架：ICRS 中心 (0,0) 既是合法值又是占位",不适用,schema 只给 exclusiveMinimum 0、无 default ⇒ 无法区分「用户意图」与「示例占位」,有文献（14_projection.md:35/:38 与 schema:247-258）＋载体形态缺陷,session_commands.h:254/:258/:272；phase_config_export.schema.json#/$defs/center、#/$defs/scale_deg_per_px:324-327【缺输入：判读层与第②层均未给保守取值方向】,待确认,export 模板骨架,否（判读层逐行已判，未过第②层复核）,红（判读层立案 A3 §3）：用户照抄即提交；512.5 实为 crpix=(1+W)/2 的派生示例值，机械层当独立常数读,AUD-402-判读-A3 §3、§5 第 1 条,
短 run 峰值族处理,算法,lib/infrastructure/cli/monitor.h:397,peak_equivalent_cores / max_threads 处理不一致,—,samples_>=2 分支的归属,不适用,单样本 run 的 resource 事件读成「峰值零核」,不适用（两族处理不对称）,RESCUE-FD-08 只修了 max_threads；U-01 立案；判读-A2 §6 第 5 条订正了机械层一处位置读数（:397 与符号一致）【缺输入：判读层与第②层均未给保守取值方向】,待确认,短 run 观测事件正确性,否（判读层逐行已判，未过第②层复核）,红（判读层立案 A2 §4 U-01）：峰值族应一律移出 samples_>=2 分支,AUD-402-判读-A2 §4 U-01；§6 第 5 条；U-01,
被正本否定的通量式 ×10^(−0.4·mag_G),公式,,F_syn' = ∫S(λ)T(λ)Q(λ)λ dλ × 10^(−0.4·mag_G),不闭合,星等域与通量域混乘,不适用,任务书／派单文字；正本 §2a.1/:55/§2a.6 显式否定,无来源（被本仓正本否定的写法仍以「非生产通道」存活并被测试覆盖）,AUD-201-测光核验 AUD201-001；复核-AUD201 V1（「被活跃调用」一项经复核改判）,待确认,测光通量式选型（文档＋非生产通道）,是（第②层独立复核）,红：正本与任务书／在库非生产通道两种 F_syn 式并存（AUD201-001；复核-AUD201 V1）,AUD-201-测光核验 AUD201-001／复核-AUD201 V1；复核注记：是（第②层复核覆盖成稿定性）,
裁剪 σ 倍数族（横向口径缺失）,容差,lib/algorithms/star_detection/src/sdet_api.cpp:996；lib/algorithms/star_detection/src/sdet_api.cpp:963；docs/science/NOISE_MODEL.md（补侧·本行出处所列，该侧带值）,cosmic_clip_sigma 5.0 ／ background_clip_sigma 3.0 ／ iterativeClipSigma 9.0 ／ fwhmClipSigma 3.0,MAD 或 σ 倍数,各稳健裁剪路径的截断倍数,未标注,四套倍数各有条款，但无一处文档横向说明「为何不同、何时用哪个」；各倍数未标其统计假设（MAD vs RMS、单侧 vs 双侧）,有文献（各自条款）＋缺横向登记,docs/science/NOISE_MODEL.md §5（cosmic 5σ）；sdet_api.cpp:963-975（fwhmClipSigma 默认 3.0f）；:996（iterativeClipSigma 9.0f）；background_clip_sigma 3.0【缺输入：判读层与第②层均未给保守取值方向】,待确认,Phase1 各稳健裁剪路径,否（判读层逐行已判，未过第②层复核）,红（判读层立案 BD1-N5）：同族四值并存而无对比登记,AUD-402-判读-BD1 §1.4 N5,
键名/符号名不对齐族,算法,eng/ci/check_config_defaults.py:182（补侧·本行出处所列权威锚）,7 例：clip_sigma→cosmic_clip_sigma、spatial_field_enabled→enable_spatial_field、averaged_sigma→p.averaged、irls_max_iterations→kIrlsMaxIter、k_corr→control_k_corr、gaia_root→gaia_data_dir、spacing_px→sparse_snr_spacing_px,例,配置 leaf 名 ↔ 实现符号名,不适用,直接杀死机器门与人工检索（CHK-CONFIG-DEFAULTS 按 leaf 名匹配赋值，键名不对齐即漏）,不适用（治理面事实）,AUD-402-判读-A1 §1 第 3 条；eng/ci/check_config_defaults.py:182-213【缺输入：判读层与第②层均未给保守取值方向】,待确认,全部配置键的默认一致性判定,否（判读层逐行已判，未过第②层复核）,红（判读层立案 A1 §1）：这条轴上没有门 ⇒ 注册值 vs 代码值不一致这一整类缺陷在现有机器门下恒绿,AUD-402-判读-A1 §1、§2.4,
(无名)·lib/infrastructure/acr/schemas/compute_config.example.yaml:20,常数,lib/infrastructure/acr/schemas/compute_config.example.yaml:20；lib/infrastructure/acr/utilization/memory_budget.hpp:23；docs/KNOWN_LIMITATIONS.md:62；eng/packaging/config/runtime_resources.json:18；lib/infrastructure/acr/utilization/memory_budget.hpp:25；lib/infrastructure/acr/utilization/memory_budget.h（补侧·本行出处所列，该侧带值）,0.95,分数（占总物理内存）,"ACR MemoryBudgetController 的 RAM 容量比例（limit = min(total·ratio, total-fixed_reserve)）",不适用（调度准入参数，非科学量）,"(0,1]",不适用（非科学量，载体为示例文件）；其数值本身**待确认**：唯一依据是 memory_budget.hpp:6 注释『ratio 默认 0.95（90% 是旧值，spec §1 用 0.95）』，该 spec 路径未登记 ⇒ 只到 C 级,lib/infrastructure/acr/utilization/memory_budget.hpp:23（ram_ratio 0.95）＋ :3（公式）＋ docs/KNOWN_LIMITATIONS.md:62（登记它与生产口径有意不合并）,不适用,ACR 资源准入（示例配置）,否（判读层逐行已判，未过第②层复核）,红（判读层立案 逐侧并列见本行出处与备注引文）：另 **pinned_ratio=0.95（memory_budget.hpp:25）在示例 yaml 无对应行** ⇒ 示例面比代码少一个参数（登记面缺口）,AUD-402-判读-A1,
(无名)·lib/infrastructure/cli/memory_growth.h:88,常数,lib/infrastructure/cli/memory_growth.h:88；lib/infrastructure/cli/monitor.h:430；lib/infrastructure/cli/resource_recorder.h:128（补侧·本行出处所列，该侧带值）；lib/infrastructure/cli/commands.cpp:782（补侧·本行出处所列，该侧带值）,0.0,字节/轮（承 :87 口径）,除零兜底返回值,不适用,首轮 retained=0 时,不适用（结构性常数：divide-by-zero 兜底，取值本身无物理含义）,不适用,不适用,无生产适用域,否（判读层逐行已判，未过第②层复核）,红（判读层立案 L-04｜AUD-402-判读-A2 §3.2）：eq = d_cpu_seconds / interval_ 用标称周期作分母；采样被拖慢时按 0.5 s 折算 ⇒ 等效核系统性高估（高估＝利用率好看＝fail-open）。同族 resource_recorder.h:128 亦用标称，而 commands.cpp:782 的窗长又改用实测 elapsed_seconds ⇒ 三处两口径；实测量 last_t_（:470）已备但全文件零使用,AUD-402-判读-A2,
"SKY_E+DARK+RN²（σ_sky,e² 声明常数）",常数,实验/absolute-snr/code/b3_domain_map.py:41,300.5,e⁻²,实验侧声明常数,不适用,用于反解成稿权重退化表的隐含 P_0,不适用（实验夹具常数）,实验/absolute-snr/code/b3_domain_map.py:41；复核-AUD202 V1(c) 反解,不适用,SCI-B 实验可复核性,是（第②层独立复核）,红：成稿头条倍数未随文写 P_0/PSF 宽度与 σ_sky 取值 ⇒ 不可独立复核（同一 σ_sky 下 PSF 放宽到 σ_px=2.0 时 ×1058 降到 ×398）,复核-AUD202 V1（与成稿差异第 1 条）；复核注记：是,
active_window_seconds,常数,lib/infrastructure/cli/resource_gate.h:200；lib/infrastructure/cli/v6_runtime_contract.h:321；eng/tests/unit/mon004_enforcement_test.cpp:46；eng/contracts/resource_gate_v1.json；lib/infrastructure/cli/resource_gate.h:147-148,-1.0 ｜ 0.0 ｜ 12.0,s,—,不适用,>=10 才具代表性；<0=未提供,不适用（结构性常数）,—（不进正式链路的观测字段初值：值由调用方在采样后覆盖，本身不承载判据或科学量）；—（初值本身结构性）；被测两量皆有唯一源：适用域 10 s = resource_gate_v1.json `applicability.min_active_window_seconds_exclusive`；工作量下限 10 核·秒 = 同文件 `workload_floor_core_seconds`（→ resource_gate.h:147-148 kMon003MinCoreSeconds）,不适用,仅作为未接线时的占位,否（判读层逐行已判，未过第②层复核）,红：判读层把同一符号按位点分行登记，取值不等（mon004_enforcement_test.cpp:46=12.0；resource_gate.h:200=-1.0；v6_runtime_contract.h:321=0.0）,AUD-402-判读-A3；AUD-402-判读-BD1；L14,
avg_cpu_percent,常数,lib/infrastructure/cli/monitor.h:405；lib/infrastructure/cli/monitor.h:447；lib/infrastructure/cli/resource_gate.h:5；lib/infrastructure/cli/resource_gate.h:106-108；lib/infrastructure/cli/commands.cpp:915；ASTROCS_DESIGN.md,0.0 ｜ 100.0,percent_of_one_core（100% = 1 核满载）,Summary 字段初值,无,:447 赋 cores×100,不适用（结构性常数）,ASTROCS_DESIGN.md §3.3 的「五件事」中「单位/归一化」由 :447 行内注释给出 ✓；但**与 GateConfig 约定冲突**：resource_gate.h:106-108 规定 GateConfig 的 CPU 字段是「已分配容量百分比」且调用方必须先经 cpu_percent_of_allocated_capacity() 归一；monitor.h:447 注释；resource_gate.h:5「采集端 cpu_pct 是 100×等效核」,不适用,GateConfig.cpu_percent（commands.cpp:915）→ resource_gate.h:368 判据 ComputeIoMemAllLow,否（判读层逐行已判，未过第②层复核）,红：判读层把同一符号按位点分行登记，取值不等（monitor.h:405=0.0；monitor.h:447=100.0）,AUD-402-判读-A2；L-11,
cpu_mean_percent,常数,lib/infrastructure/cli/resource_gate.h:191；lib/infrastructure/cli/v6_runtime_contract.h:301；eng/tests/unit/mon001_gate_test.cpp:37；eng/contracts/resource_gate_v1.json,-1.0;18.2 ｜ -1.0 ｜ 90.0,已分配容量百分比,—,不适用,>=0 为已采样,不适用（结构性常数）,—（不进正式链路的观测字段初值：值由调用方在采样后覆盖，本身不承载判据或科学量）；阈值 85 同源 resource_gate_v1.json `mean_utilization_min_percent`,不适用,仅作为未接线时的占位,否（判读层逐行已判，未过第②层复核）,红：判读层把同一符号按位点分行登记，取值不等（mon001_gate_test.cpp:37=90.0；resource_gate.h:191=-1.0;18.2；v6_runtime_contract.h:301=-1.0）,AUD-402-判读-A3；AUD-402-判读-BD1,
cpu_p50_percent,常数,lib/infrastructure/cli/resource_gate.h:190；lib/infrastructure/cli/v6_runtime_contract.h:300；eng/tests/unit/mon001_gate_test.cpp:36；eng/contracts/resource_gate_v1.json,-1.0 ｜ 95.0,已分配容量百分比,—,不适用,>=0 为已采样,不适用（结构性常数）,—（不进正式链路的观测字段初值：值由调用方在采样后覆盖，本身不承载判据或科学量）；阈值 90 唯一源 eng/contracts/resource_gate_v1.json `compute.p50_utilization_min_percent`；适用域 10 s 同源 `applicability.min_active_window_seconds_exclusive`,不适用,仅作为未接线时的占位,否（判读层逐行已判，未过第②层复核）,红：判读层把同一符号按位点分行登记，取值不等（mon001_gate_test.cpp:36=95.0；resource_gate.h:190=-1.0；v6_runtime_contract.h:300=-1.0）,AUD-402-判读-A3；AUD-402-判读-BD1,
cpu_pct,常数,lib/infrastructure/cli/resource_recorder.h:128；lib/infrastructure/cli/resource_recorder.h:5-8；lib/infrastructure/cli/resource_recorder.h:51,0.0;100.0 ｜ 0.0,等效核×100,percent_of_one_core（非容量归一）,不适用,n>=0,不适用（结构性常数）,—（不进正式链路的观测字段初值：值由调用方在采样后覆盖，本身不承载判据或科学量）；—（单位换算/除零守卫）,不适用,逐样本采集,否（判读层逐行已判，未过第②层复核）,红：判读层把同一符号按位点分行登记，取值不等（resource_recorder.h:128=0.0;100.0；resource_recorder.h:51=0.0）,AUD-402-判读-A3,
cpu_pct_p95,常数,lib/infrastructure/cli/resource_recorder.h:260；lib/infrastructure/cli/resource_recorder.h:80,0.95 ｜ 0.0,未标注,未标注,未标注,未标注,不适用（结构性常数）,—（不进正式链路的观测字段初值：值由调用方在采样后覆盖，本身不承载判据或科学量）；—（报告面统计量）,不适用,仅写 resource_summary.json,否（判读层逐行已判，未过第②层复核）,红：判读层把同一符号按位点分行登记，取值不等（resource_recorder.h:260=0.95；resource_recorder.h:80=0.0）,AUD-402-判读-A3,
cpu_percent,常数,lib/infrastructure/cli/resource_gate.h:181；eng/tests/unit/mon001_gate_test.cpp:34；eng/contracts/resource_gate_v1.json；lib/algorithms/platesolve/cpp/ipv/test/CMakeLists.txt:135-154；docs/plugins/infrastructure/21_observability.md,0.0 ｜ 95.0,等效核×100（percent_of_one_core）,单核标度（非容量归一）,不适用,n>=0,不适用（结构性常数）,—（不进正式链路的观测字段初值：值由调用方在采样后覆盖，本身不承载判据或科学量）；被测阈值唯一源：eng/contracts/resource_gate_v1.json `compute.per_sample_utilization_min_percent=85`、`p50=90`、`mean=85`（经 CMakeLists.txt:135-154 生成 resource_gate_thresholds_generated.h）；判据语义权威 docs/plugins/infrastructure/21_observability.md §8,不适用,仅作为未接线时的占位,否（判读层逐行已判，未过第②层复核）,红：判读层把同一符号按位点分行登记，取值不等（mon001_gate_test.cpp:34=95.0；resource_gate.h:181=0.0）,AUD-402-判读-A3；AUD-402-判读-BD1,
d_sys_io_wait_seconds,常数,lib/infrastructure/cli/monitor.h:105；lib/infrastructure/cli/monitor.h:83；lib/infrastructure/cli/resource_recorder.h:70；lib/infrastructure/cli/commands.cpp:1072；lib/infrastructure/cli/resource_gate.h:326；lib/infrastructure/cli/resource_gate.h:207；eng/contracts/resource_gate_v1.json；lib/infrastructure/cli/resource_gate.h:105；lib/infrastructure/cli/resource_gate.h,0.0,秒（系统级 iowait 区间增量）,/proc/stat 第 5 个数值字段之差,无,非 Linux 恒 0；系统级量（非本进程），多进程并发时归因失真,不适用（结构性常数）,monitor.h:83/:189-207 采集；:367-369 钳位；下游 resource_recorder.h:70 io_wait_pct → commands.cpp:1072 事件字段 → resource_gate.h:326 判据,不适用,横切异常 io_wait_high（默认关闭，resource_gate.h:309）,否（判读层逐行已判，未过第②层复核）,红（判读层立案 L3/L2｜AUD-402-判读-BD1 §1.1 L3；判读-A3 §2.1）：io_wait_high_percent=50.0 唯一源是代码字面量；契约 resource_gate_v1.json 内 iowait/io_wait/bandwidth 键零命中、生成头亦无 ⇒ 该 JSON :7 自述『本文件是唯一数值源，实现侧不得再出现字面量阈值』为假；外挂 judge CLI 另有一份 50.0（可配置）⇒ 同值不同源,AUD-402-判读-A2；L-01；L-05；L-10,
drizzle_pf_sb_gate 的 parity 夹具,算法,lib/algorithms/drizzle/healpix_drizzle/tests/drizzle_pf_sb_gate.cpp:104；tests/drizzle_pf_sb_gate.cpp:104（补侧·本行出处所列，该侧带值）,D_p = ((double)q/255.0)*a_cell，q=64；parity 容差 1e-5,无量纲,把被检对象预置在自己的量化格点上,不适用,判据(5)「漏乘 k」有判别力（注入 ASTROCS_DRZ_SB_FAULT 必红）；(2) parity 项对量化误差结构性失明,不适用（恒真门，无证据资格）,tests/drizzle_pf_sb_gate.cpp:104-112/:209-214/:245-251/:253-258；界值推导 1/(510·64/255)=6.1e-3 vs 门 1e-5,不适用,创新点④ 产品级门,是（第②层独立复核）,红：q=64 是浮点巧合（q=163 档就能红）；把 lround 改成 floor 在当前夹具下全档照绿 ⇒ 改错不会被抓到,AUD-204-面积交叠核验 AUD204-12；复核-AUD204 W4；复核注记：是（复核-AUD204 W4 确认）,
iowait_percent,常数,lib/infrastructure/cli/resource_gate.h:182；lib/infrastructure/cli/commands.cpp；eng/tests/unit/mon002_gate_test.cpp:202；lib/infrastructure/cli/resource_gate.h:207；eng/contracts/resource_gate_v1.json；eng/contracts/resource_gate_v1.json:7；docs/plugins/infrastructure/21_observability.md:124（补侧·本行出处所列，该侧带值）,0.0 ｜ 80.0,等效核×100（系统级 iowait）,—,不适用,n>=0,不适用（结构性常数）,—（不进正式链路的观测字段初值：值由调用方在采样后覆盖，本身不承载判据或科学量）；被测阈值 50.0 的唯一源是代码字面量 lib/infrastructure/cli/resource_gate.h:207（`io_wait_high_percent = 50.0`，GateConfig 成员默认）；eng/contracts/resource_gate_v1.json 内 **iowait/io_wait 零命中**，生成头亦无对应键,不适用,仅作为未接线时的占位,否（判读层逐行已判，未过第②层复核）,红（判读层立案 L-10/§2.6｜AUD-402-判读-A3 §2.6；判读-A2 §3.1 L-10）：iowait_percent 初值 0.0 在生产侧从未被赋值（lib 内零赋值点）⇒ :326 IoWaitHigh 恒不触发、:368 的 iowait<5 腿恒真；与 21_observability.md:124『证据缺失一律 fail-closed 判 FAIL』相悖；同结构 :183 却如实标 -1 哨兵 ∥ 红（判读层立案 L3/L2｜AUD-402-判读-BD1 §1.1 L3；判读-A3 §2.1）：io_wait_high_percent=50.0 唯一源是代码字面量；契约 resource_gate_v1.json 内 iowait/io_wait/bandwidth 键零命中、生成头亦无 ⇒ 该 JSON :7 自述『本文件是唯一数值源，实现侧不得再出现字面量阈值』为假；外挂 judge CLI 另有一份 50.0（可配置）⇒ 同值不同源,AUD-402-判读-A3；AUD-402-判读-BD1,
mem_bandwidth_percent,常数,lib/infrastructure/cli/resource_gate.h:183；eng/tests/unit/mon004_enforcement_test.cpp:91；lib/infrastructure/cli/resource_gate.h:369,-1.0 ｜ 90.0,分数/百分比（未定）,—,不适用,>=0 为已测,不适用（结构性常数）,—（不进正式链路的观测字段初值：值由调用方在采样后覆盖，本身不承载判据或科学量）；被测阈值 15.0 唯一源＝代码字面量 resource_gate.h:369；契约 JSON 无带宽键,不适用,仅作为未接线时的占位,否（判读层逐行已判，未过第②层复核）,红（判读层立案 §2.6｜AUD-402-判读-A3 §2.6）：mem_bandwidth_percent 初值 -1.0 无生产填充点 ⇒ :369 的 (<0 ∥ <15) 腿恒真，『皆低』判据退化 ∥ 红（判读层立案 CL-ALLOWSLOW｜AUD-402-判读-A3 §2.2／§2.6）：bandwidth<15.0 契约无键；且输入 mem_bandwidth_percent 默认 -1.0 从未在生产赋值 ⇒ 『皆低』退化为 cpu<20 单腿,AUD-402-判读-A3；AUD-402-判读-BD1,
n_worker_ns,常数,lib/infrastructure/cli/resource_gate.h:176,-1.0,ns,—,不适用,>0 才参与,不适用（结构性常数）,—（不进正式链路的观测字段初值：值由调用方在采样后覆盖，本身不承载判据或科学量）,不适用,仅作为未接线时的占位,否（判读层逐行已判，未过第②层复核）,红（判读层立案 逐侧并列见本行出处与备注引文）：同 :175：两侧都需 >0，判据在 CLI 生产面恒不触发,AUD-402-判读-A3,
node_reproduction_max_abs（「重建误差」）,容差,lib/algorithms/integration/v6/include/astrocs/v6/weight_chain.h:167；lib/algorithms/integration/v6/src/weight_chain.cpp:544（补侧·本行出处所列，该侧带值）；docs/interfaces/data/DATA-002_PHASE_PRODUCT_EXCHANGE.md:99（补侧·本行出处所列，该侧带值）；docs/plugins/algorithms_phase1/07_noise_snr.md:193（补侧·本行出处所列，该侧带值）,0.0（结构体默认；实算恒 0）,与被重建量同单位,控制点自身复现最大绝对残差,不适用,算子被约束为「在控制点处精确复现节点值」⇒ 该量对三个插值算子恒等于 0（构造性质）,不适用（恒真判据，无证据资格）,weight_chain.h:167 声明、weight_chain.cpp:544 赋值；docs/interfaces/data/DATA-002_PHASE_PRODUCT_EXCHANGE.md:99 要求的是「预测方差」（未实现）；docs/plugins/algorithms_phase1/07_noise_snr.md:193 约束③,不适用,Phase2 SNR 重建精度声明,是（第②层独立复核）,红：合同要求的 prediction_variance 未实现，被一个构造恒 0 的量顶替,AUD-202-SNR核验 AUD202-008；复核-AUD202-补 V5（18 组换源自测逐位 0，证据升级）；复核注记：是（复核 CONFIRMED 并加强）,
peak_equivalent_cores,常数,lib/infrastructure/cli/monitor.h:397；lib/infrastructure/cli/resource_events.h:37；lib/infrastructure/cli/monitor.h:430-432；lib/infrastructure/cli/resource_recorder.h:128（补侧·本行出处所列，该侧带值）；lib/infrastructure/cli/commands.cpp:782（补侧·本行出处所列，该侧带值）,0.0,等效核,Summary 字段初值；:432 取各区间 eq 的最大值,无,samples_>=2 才有非零值,不适用（结构性常数）,:426-437；同 :36 簇,不适用,resource_summary/事件呈现；无 enforce 判据直接引用,否（判读层逐行已判，未过第②层复核）,红（判读层立案 L-04｜AUD-402-判读-A2 §3.2）：eq = d_cpu_seconds / interval_ 用标称周期作分母；采样被拖慢时按 0.5 s 折算 ⇒ 等效核系统性高估（高估＝利用率好看＝fail-open）。同族 resource_recorder.h:128 亦用标称，而 commands.cpp:782 的窗长又改用实测 elapsed_seconds ⇒ 三处两口径；实测量 last_t_（:470）已备但全文件零使用,AUD-402-判读-A2；L-04；U-01,
queue_low_run_seconds,常数,lib/infrastructure/cli/resource_gate.h:212,0.50,s,连续窗长,未规定,>=10 s 判 QueueStarvedCpu,不适用（结构性常数）,实际初值 = kMon001NotSampled；机械层报的 0.50 是注释文本,不适用,连续低利用窗，>=0,否（判读层逐行已判，未过第②层复核）,红（判读层立案 L4/机械值不实｜AUD-402-判读-A3 §2.3／§5 第 2 条）：机械层报值 0.50 是注释文本（旧 D.6 废止档位），实际初值 = kMon001NotSampled,AUD-402-判读-A3,
relative_growth_pct,常数,lib/infrastructure/cli/memory_growth.h:47；lib/infrastructure/cli/memory_growth.h:87；lib/infrastructure/cli/monitor.h,0.0 ｜ 100.0,百分数（×100），无量纲,retained_growth/首轮,不适用（结果字段初值）,首轮为 0 时保持 0.0,不适用（结构性常数：同上）,不适用；定义（百分数定义本身）,不适用,无生产适用域,否（判读层逐行已判，未过第②层复核）,红：判读层把同一符号按位点分行登记，取值不等（memory_growth.h:47=0.0；memory_growth.h:87=100.0）,AUD-402-判读-A2；L-03,
util_samples_pass_frac,常数,lib/infrastructure/cli/resource_gate.h:211,.1;0.75,分数 0..1,逐样本占比,未规定,>=0.70 判绿,不适用（结构性常数）,实际初值 = kMon001NotSampled（契约哨兵）；机械层报的 .1/0.75 是注释文本,不适用,逐样本占比输入，0..1,否（判读层逐行已判，未过第②层复核）,红（判读层立案 L4/机械值不实｜AUD-402-判读-A3 §2.3／§5 第 2 条）：机械层报值 0.75 是注释里的废止档位，实际初值 = kMon001NotSampled（契约哨兵）⇒ 现值登记与代码初值不符；注释仍写 U>=0.75 而契约现值 85%/0.7,AUD-402-判读-A3,
workers_p50,常数,lib/infrastructure/cli/resource_gate.h:185；lib/infrastructure/cli/resource_recorder.h:263；eng/contracts/resource_gate_v1.json；lib/infrastructure/cli/resource_recorder.h:83,-1.0 ｜ 0.50 ｜ 0.0,活跃线程数（p50）,—,不适用,>=0 为已采样,不适用（结构性常数）,"eng/contracts/resource_gate_v1.json compute.min_active_compute_threads_statistic=""p50""；—（不进正式链路的观测字段初值：值由调用方在采样后覆盖，本身不承载判据或科学量）",不适用,仅作为未接线时的占位,否（判读层逐行已判，未过第②层复核）,红：判读层把同一符号按位点分行登记，取值不等（resource_gate.h:185=-1.0；resource_recorder.h:263=0.50；resource_recorder.h:83=0.0）,AUD-402-判读-A3；L8,
rss_slope_bytes_per_s,常数,lib/infrastructure/cli/memory_report.h:227；lib/infrastructure/cli/monitor.h:399,0.0,字节/秒（B/s）,Theil-Sen 稳健斜率（降采样曲线）,%.3f（:255）,样本数≥kAllocMinCurveSamples 才有值,不适用（结构性常数：报告字段零初始化）,不适用,不适用,alloc_report.json rss_slope_bytes_per_s；validate_alloc_report 复算对象,否（判读层逐行已判，未过第②层复核）,黄（判读层立案 L-06｜AUD-402-判读-A2 §3.4 L-06）：同名不同物：monitor.h:399 是 int64_t 一阶差分/(n×标称)，memory_report.h:227 是 double Theil-Sen ⇒ 两者都进资源工件族且无人声明差别,AUD-402-判读-A2；L-06,
wall_seconds,常数,lib/infrastructure/cli/memory_report.h:214；docs/plugins/infrastructure/21_observability.md；lib/infrastructure/cli/memory_report.h:446；lib/infrastructure/cli/monitor.h:404；lib/infrastructure/cli/resource_events.h:44；lib/infrastructure/cli/monitor.h:413；lib/infrastructure/cli/resource_gate.h:161；lib/infrastructure/cli/commands.cpp:914；lib/infrastructure/cli/resource_recorder.h:77；lib/infrastructure/cli/v6_runtime_contract.h:320,0.0,秒,run 墙钟（:446 取末样本 t_seconds）,%.3f（:249）,≥0；参与 ShortRunSkipped 判定（<kAllocMinReclaimWallSeconds）,不适用（结构性常数：报告字段零初始化）,:410-414；—（不进正式链路的观测字段初值：值由调用方在采样后覆盖，本身不承载判据或科学量）；不适用；同 :36 簇,不适用,alloc_report.json wall_seconds；判定域输入,否（判读层逐行已判，未过第②层复核）,黄（判读层立案 L-06｜AUD-402-判读-A2 §3.4 L-06）：同名不同物横跨两套工件：resource_events.h:44 ← monitor.h:413（实测 now−t0_）vs memory_report.h:214 ← :446（末样本时刻）⇒ 同一 run 两份工件的 wall_seconds 相差『末 tick 之后的尾巴』，跨工件对账必出不可解释差额,AUD-402-判读-A2；AUD-402-判读-A3；L-04；L-06；U-01,
(无名)·lib/infrastructure/cli/resource_gate.h:295,常数,lib/infrastructure/cli/resource_gate.h:295,0.0,未标注,未标注,未标注,未标注,不适用（结构性常数）,—（除零守卫）,文献值,allocated_capacity_cores==0 时,否（判读层逐行已判，未过第②层复核）,,AUD-402-判读-A3,
(无名)·lib/infrastructure/cli/session_commands.h:269,常数,lib/infrastructure/cli/session_commands.h:269；docs/plugins/algorithms_phase3/14_projection.md:38,0.0,deg,绕 CRVAL 的取向角,未规定,任意实数,C 二手（文档条款，未进机器可读侧）,docs/plugins/algorithms_phase3/14_projection.md:38（经 schema 描述转引：phase_config_export.schema.json:243-246『默认 0』）,文献值,export 模板；键生产消费点未落地（eng/ci/ledgers/dead_config_keys.json 已登记）,否（判读层逐行已判，未过第②层复核）,,AUD-402-判读-A3,
final_gauge / m_full_frame,算法,lib/algorithms/coverage/src/upm.cpp:976,生产 1 ／ 结构体默认 0,布尔旗标,UPM gauge 与全帧标记,不适用,生产 uc.final_gauge=1 ⇒ m->gauge 非空；m_full_frame=1 ⇒ 公共残差场 G≈0（实验量得 0.0037 e⁻）,有文献（PHASE2_UPM.md:96 每分量参考帧=最小 frame_id 冻结）,module_adapters.cpp:9578/:9579；upm.h:283/:304 默认；upm.cpp:976-977/:1104/:1907-1942,文献值,Phase2 加性面 gauge 不变量,是（第②层独立复核）,,AUD-203-天光无缝核验 AUD203-10；复核-AUD203 V3；复核注记：是,
hc（λ 因子闭合用）,常数,,1.986445857e−16,J·nm,物理定义常数（6.62607015e−34 × 2.99792458e8）,定义值，无容差,全链通用,文献值（SI 定义）,AUD-201-测光核验 AUD201-002 推导过程,文献值,量纲闭合论证,是（第②层独立复核）,,AUD-201-测光核验 AUD201-002；复核注记：是,
huber_delta,常数,lib/phase2_session/p2_session.cpp:204,1.345,稳健尺度倍数,UPM 稳健损失,不适用,IRLS Huber 权重,文献值（A 一手：Huber 1964；Hampel & Weninger 1977）,docs/science/PHASE2_UPM.md §5/§7；docs/algorithms/PLATESOLVE.md:193 同值同锚（正例：常数额外登记了「有文献依据——Huber (1964)」）,文献值,Phase2 UPM／PlateSolver 稳健拟合,是（第②层独立复核）,,AUD-203-天光无缝核验 AUD203-09；AUD-201-测光核验 AUD201-012（对照正例）；复核注记：是,
kMinFitStars,常数,lib/algorithms/photometry/cpp/src/frame_photometry_fit.h:89,3,星数,空间增益/测光拟合的最小匹配星,整数,n_matched ≥ 3 即拟合合格；n_matched 就是 Tukey inlier 数,有文献（代码具名常量，无文档条款）,AUD201-011（frame_photometry_fit.h:89）,文献值,测光帧级拟合合格判定,是（第②层独立复核）,,AUD-201-测光核验 AUD201-011；复核注记：是（复核-AUD201 V5 同链）,
m_5 / 极限星等的增益未知侧,算法,,缺失 gain/ZP ⇒ m_5 = null（天空受限最优提取）,mag,SNR 口径降级声明,不适用,snr_caliber = upper_bound_no_gain 已实现（module_adapters.cpp:7130-7136）,有文献（phase_config_normalize.schema.json:229 明文）,AUD202-005（此点证真）,文献值,Phase1 报告面降级声明,是（第②层独立复核）,,AUD-202-SNR核验 AUD202-005；复核注记：是,
noise.max_clip_rounds,算法,eng/packaging/config/defaults.json:163；docs/science/NOISE_MODEL.md:63；lib/algorithms/noise_snr/cpp/src/noise_model.cpp:1254,2,rounds,patch 裁剪迭代轮数上限,无精度陈述,"注册 >=0；schema :316-320 [0,100]；解析层 [0,100]",文献值（本仓 SCI 冻结 <=2 轮）,docs/science/NOISE_MODEL.md:63（<=2 轮；注册件所引 :56 为 gain 行，:126 亦非该陈述）,文献值,Phase1 patch 裁剪,否（判读层逐行已判，未过第②层复核）,,AUD-402-判读-A1,预筛已回：全表命中键 max_clip_rounds｜有值侧 3（S1 defaults、S4 合同schema、S5 代码兜底）
photometry.irls_max_iterations,算法,eng/packaging/config/defaults.json:569；docs/science/PHOTOMETRY.md:192；lib/algorithms/photometry/cpp/src/star_matcher.cpp:25；lib/algorithms/photometry/cpp/src/spatial_gain.cpp:42；lib/algorithms/coverage/include/astro/phase2/stage2_common.h:65,50,iterations,S>0 时 IRLS 迭代上限,未标注（无收敛余量/最坏迭代论证）,注册 >=1；无 schema 承载,文献值（本仓 SCI 冻结）,"docs/science/PHOTOMETRY.md:192（S>0 时 max_iter=50, tol=1e-6；实现锚 star_matcher.cpp:25）与 :53 附近迭代框；锚点正确（本队列少数 source 与 source_ref 一致且命中值的行）",文献值,测光 IRLS,否（判读层逐行已判，未过第②层复核）,,AUD-402-判读-A1,
rejection.averaged_sigma.lower_sigma,算法,eng/packaging/config/defaults.json:373；docs/science/REJECTION.md:116；lib/algorithms/noise_snr/cpp/src/rejection.cpp:1249；eng/packaging/config/defaults.json:299；lib/algorithms/noise_snr/cpp/src/rejection.cpp:1053-1062,4.0,sigma,averaged_sigma 低侧阈值,未标注,注册 >0；无 schema 承载,文献值（三元组共用）,docs/science/REJECTION.md:116,文献值,Phase2 排异,否（判读层逐行已判，未过第②层复核）,,AUD-402-判读-A1,预筛已回：全表命中键 lower_sigma｜有值侧 2（S1 defaults、S5 代码兜底）｜候选档 ⑤仅跨侧异值（含同名异义嫌疑）
rejection.averaged_sigma.max_iterations,算法,eng/packaging/config/defaults.json:401；docs/science/REJECTION.md:116；lib/algorithms/noise_snr/cpp/src/rejection.cpp:1250,8,iterations,averaged_sigma 迭代上限,未标注,注册 >=1；无 schema 承载,文献值（三元组共用）,docs/science/REJECTION.md:116,文献值,Phase2 排异,否（判读层逐行已判，未过第②层复核）,,AUD-402-判读-A1,预筛已回：全表命中键 max_iterations｜有值侧 3（S1 defaults、S4 合同schema、S5 代码兜底）｜候选档 ①生产兜底在对面
rejection.averaged_sigma.upper_sigma,算法,eng/packaging/config/defaults.json:387；docs/science/REJECTION.md:116；lib/algorithms/noise_snr/cpp/src/rejection.cpp:1249,3.0,sigma,averaged_sigma 高侧阈值,未标注,注册 >0；无 schema 承载,文献值（三元组共用）,docs/science/REJECTION.md:116,文献值,Phase2 排异,否（判读层逐行已判，未过第②层复核）,,AUD-402-判读-A1,预筛已回：全表命中键 upper_sigma｜有值侧 2（S1 defaults、S5 代码兜底）｜候选档 ⑤仅跨侧异值（含同名异义嫌疑）
rejection.linear_fit.lower_sigma,算法,eng/packaging/config/defaults.json:415；docs/science/REJECTION.md:117；docs/science/REJECTION.md:286；eng/packaging/config/defaults.json；lib/algorithms/noise_snr/cpp/src/rejection.cpp:1251,5.0,sigma,linear_fit 低侧阈值,未标注,注册 >0；无 schema 承载,文献值（本仓 SCI 冻结表；实现侧另记外部软件来源）,docs/science/REJECTION.md:117（linear_fit: 5.0/3.5/8）；注册件所引 :59 是空行,文献值,Phase2 排异,否（判读层逐行已判，未过第②层复核）,,AUD-402-判读-A1,预筛已回：全表命中键 lower_sigma｜有值侧 2（S1 defaults、S5 代码兜底）｜候选档 ⑤仅跨侧异值（含同名异义嫌疑）
rejection.linear_fit.max_iterations,算法,eng/packaging/config/defaults.json:443；docs/science/REJECTION.md:117；lib/algorithms/noise_snr/cpp/src/rejection.cpp:1252；eng/packaging/config/defaults.json,8,iterations,linear_fit 迭代上限,未标注,注册 >=1；无 schema 承载,文献值（同族）,docs/science/REJECTION.md:117,文献值,Phase2 排异,否（判读层逐行已判，未过第②层复核）,,AUD-402-判读-A1,预筛已回：全表命中键 max_iterations｜有值侧 3（S1 defaults、S4 合同schema、S5 代码兜底）｜候选档 ①生产兜底在对面
rejection.minmax.min_kept,算法,eng/packaging/config/defaults.json:513；docs/science/REJECTION.md:120；lib/algorithms/noise_snr/cpp/src/rejection.cpp:1257-1258；eng/packaging/config/defaults.json；docs/science/REJECTION.md:113,4,count,极值拒保留下限,未标注（与 0.6·n 小 N 判据的关系未写）,注册 >=1；无 schema 承载,文献值（本仓冻结表）,docs/science/REJECTION.md:120（minmax: reject_low 1 / reject_high 1 / min_kept 4）；注册件 source :60（方法名列表行）与 source_ref :166 都不含 min_kept,文献值,Phase2 极值拒,否（判读层逐行已判，未过第②层复核）,,AUD-402-判读-A1,预筛已回：全表命中键 min_kept｜有值侧 2（S1 defaults、S5 代码兜底）
rejection.percentile.high,算法,eng/packaging/config/defaults.json:499；docs/science/REJECTION.md:119；lib/algorithms/noise_snr/cpp/src/rejection.cpp:1254,0.1,1（分位比）,小 N 分位拒高侧分位,未标注,注册 0<high<1；无 schema 承载,文献值（同 :119）,docs/science/REJECTION.md:119,文献值,Phase2 小 N 排异,否（判读层逐行已判，未过第②层复核）,,AUD-402-判读-A1,预筛已回：全表命中键 percentile.high｜有值侧 1（S1 defaults）
rejection.percentile.low,算法,eng/packaging/config/defaults.json:485；docs/science/REJECTION.md:119；lib/algorithms/noise_snr/cpp/src/rejection.cpp:1254；docs/science/REJECTION.md:51,0.2,1（分位比）,小 N 分位拒低侧分位；判据 v < median - 0.2·|median|,未标注,注册 0<low<1；无 schema 承载；代码无值域校验,文献值（本仓冻结表；实现侧注释记外部软件默认）,docs/science/REJECTION.md:119（percentile: low 0.2 / high 0.1）与 :64（4<=n<=5 档路由）；注册件 source 引 :59（空行）而 source_ref 又引 :166（讲 percentile 工作域与单位，不含 0.2）⇒ 两条锚都不含值,文献值,Phase2 小 N 排异（仅 4<=n<=5 档可达）,否（判读层逐行已判，未过第②层复核）,,AUD-402-判读-A1,预筛已回：全表命中键 percentile.low｜有值侧 1（S1 defaults）
rejection.sigma.lower_sigma,算法,eng/packaging/config/defaults.json:289；docs/science/REJECTION.md:116；lib/algorithms/noise_snr/cpp/src/rejection.cpp:1246,4.0,sigma,sigma-clip 低侧阈值（正数）；方向异常：lower(4.0)>upper(3.0),未标注,注册 >0；**schema 侧无承载**（mosaic $defs/reject 与 $defs/upm 均为裸 type=object，无 properties/default/min/max）⇒ 合同面不校验任何排异阈值,文献值（本仓 SCI 阈值冻结表）,docs/science/REJECTION.md:116（sigma/winsorized/averaged: 4.0/3.0/8）；注册件所引 :97 是 WBPP 档界叙述行、source_ref 又写 :68（该处无此值）⇒ source 与 source_ref 互相打架且两者都不含值,文献值,Phase2 多值堆排异,否（判读层逐行已判，未过第②层复核）,,AUD-402-判读-A1,预筛已回：全表命中键 lower_sigma｜有值侧 2（S1 defaults、S5 代码兜底）｜候选档 ⑤仅跨侧异值（含同名异义嫌疑）
rejection.sigma.max_iterations,算法,eng/packaging/config/defaults.json:317；docs/science/REJECTION.md:116；lib/algorithms/noise_snr/cpp/src/rejection.cpp:1246；lib/algorithms/coverage/src/upm.cpp:270；lib/infrastructure/pipeline/orchestrator/cpp/include/json_config.h:50；lib/algorithms/coverage/include/astro/phase2/stage2_common.h:65；lib/algorithms/platesolve/cpp/ipv/include/ipv_robust_refine.h:48；lib/algorithms/coverage/src/sky_plane.cpp:457；eng/ci/ledgers/config_default_divergences.json,8,iterations,sigma-clip 迭代上限,未标注（未给收敛余量）,注册 >=1；无 schema 承载,文献值（同三元组）,docs/science/REJECTION.md:116（第三位 8）,文献值,Phase2 多值堆排异,否（判读层逐行已判，未过第②层复核）,,AUD-402-判读-A1,预筛已回：全表命中键 max_iterations｜有值侧 3（S1 defaults、S4 合同schema、S5 代码兜底）｜候选档 ①生产兜底在对面
rejection.sigma.upper_sigma,算法,eng/packaging/config/defaults.json:303；docs/science/REJECTION.md:116；lib/algorithms/noise_snr/cpp/src/rejection.cpp:1246,3.0,sigma,sigma-clip 高侧阈值（正数）,未标注,注册 >0；无 schema 承载,文献值（同三元组）,docs/science/REJECTION.md:116（同表；注册件 :97/:68 双锚均不含值）,文献值,Phase2 多值堆排异,否（判读层逐行已判，未过第②层复核）,,AUD-402-判读-A1,预筛已回：全表命中键 upper_sigma｜有值侧 2（S1 defaults、S5 代码兜底）｜候选档 ⑤仅跨侧异值（含同名异义嫌疑）
rejection.winsorized.lower_sigma,算法,eng/packaging/config/defaults.json:331；docs/science/REJECTION.md:116；lib/algorithms/noise_snr/cpp/src/rejection.cpp:1247；eng/packaging/config/defaults.json,4.0,sigma,winsorized 低侧阈值,未标注,注册 >0；无 schema 承载,文献值（三元组共用一行事实）,docs/science/REJECTION.md:116,文献值,Phase2 排异,否（判读层逐行已判，未过第②层复核）,,AUD-402-判读-A1,预筛已回：全表命中键 lower_sigma｜有值侧 2（S1 defaults、S5 代码兜底）｜候选档 ⑤仅跨侧异值（含同名异义嫌疑）
rejection.winsorized.max_iterations,算法,eng/packaging/config/defaults.json:359；docs/science/REJECTION.md:116；lib/algorithms/noise_snr/cpp/src/rejection.cpp:1248,8,iterations,winsorized 迭代上限,未标注,注册 >=1；无 schema 承载,文献值（三元组共用）,docs/science/REJECTION.md:116（第三位）,文献值,Phase2 排异,否（判读层逐行已判，未过第②层复核）,,AUD-402-判读-A1,预筛已回：全表命中键 max_iterations｜有值侧 3（S1 defaults、S4 合同schema、S5 代码兜底）｜候选档 ①生产兜底在对面
rejection.winsorized.upper_sigma,算法,eng/packaging/config/defaults.json:345；docs/science/REJECTION.md:116；lib/algorithms/noise_snr/cpp/src/rejection.cpp:1247,3.0,sigma,winsorized 高侧阈值,未标注,注册 >0；无 schema 承载,文献值（三元组共用）,docs/science/REJECTION.md:116,文献值,Phase2 排异,否（判读层逐行已判，未过第②层复核）,,AUD-402-判读-A1,预筛已回：全表命中键 upper_sigma｜有值侧 2（S1 defaults、S5 代码兜底）｜候选档 ⑤仅跨侧异值（含同名异义嫌疑）
util,常数,lib/infrastructure/cli/resource_recorder.h:369,0.0;100.0,%（并行平衡度，非容量利用率）,active+runnable 归一,不适用,denom>0,不适用（结构性常数）,定义性换算（100=百分），但**定义本身与权威口径同名不同义**,文献值,worker_balance.csv 的 utilization_pct 列,否（判读层逐行已判，未过第②层复核）,,AUD-402-判读-A3；L12,
worker_balance,常数,lib/infrastructure/cli/v6_runtime_contract.h:318,.1;0.0,分数 0..1,active/(active+runnable),未规定,0..1,不适用（结构性常数）,—（注释里的值域 0..1 被误切为 .1）,文献值,heavy run 字段,否（判读层逐行已判，未过第②层复核）,,AUD-402-判读-A3；L12,
(无名)·lib/infrastructure/cli/monitor.h:233,常数,lib/infrastructure/cli/monitor.h:233,10000000.0,FILETIME→秒 的换算基数（1 s = 10⁷ 个 100 ns）,Windows GetProcessTimes 的 FILETIME 单位,不适用（定义换算）,仅 _WIN32 分支,①有外部标准定义（Win32 FILETIME = 自 1601-01-01 起的 100 纳秒间隔；1e7 = 1 s / 100 ns）,本仓无文档登记该定义（属外部平台事实，不需仓内出处，但应一句注记以便复核）,公式导出,Windows 正式平台的 user/sys CPU 口径,否（判读层逐行已判，未过第②层复核）,,AUD-402-判读-A2,
(无名)·lib/infrastructure/cli/process.cpp:106,常数,lib/infrastructure/cli/process.cpp:106；eng/packaging/config/runtime_resources.json,1000.0,秒→毫秒换算基数,Windows WaitForSingleObject 的 dwMilliseconds,不适用（定义换算）,timeout_s>0 时；否则 INFINITE,①有外部标准定义（Win32 超时参数单位 = 毫秒）＋②定义换算（1 s = 1000 ms）,仓内无文档登记（外部平台事实）；本仓的时间单位约定见于 resource_events/monitor 用「秒」、runtime_resources.json 用「毫秒」（跨面单位不统一另记 L-14）,公式导出,进程超时（三命令共用的子进程执行面）,否（判读层逐行已判，未过第②层复核）,,AUD-402-判读-A2；L-14,
(无名)·lib/infrastructure/cli/resource_gate.h:492,常数,lib/infrastructure/cli/resource_gate.h:492；eng/contracts/resource_gate_v1.json,0.85,—,—,不适用,字符串常量,C 二手（字符串复写契约值）,eng/contracts/resource_gate_v1.json compute.mean_utilization_min_percent=85（应写成 kCpuMeanMinPercent/100）,公式导出,诊断文本呈现,否（判读层逐行已判，未过第②层复核）,,AUD-402-判读-A3；L4,
(无名)·lib/infrastructure/cli/session_commands.h:272,常数,lib/infrastructure/cli/session_commands.h:272；docs/plugins/algorithms_phase3/14_projection.md:35,512.5,px（1-based）,输出像素帧,0.5 px 语义（像中心）,"[1,W]",② 可由输入几何导出（且已按式算）,导出式 crpix=(1+W)/2（FITS 1-based）配本模板 W=H=1024 ⇒ 512.5；缺省语义 = 中心，出处 14_projection.md:35 + schema:247-258,公式导出,export 模板；键生产零读取（死键台账已登记）,否（判读层逐行已判，未过第②层复核）,,AUD-402-判读-A3,
A_cell（HEALPix 叶面积）,公式,lib/infrastructure/aio/src/hips/aio_hips_writer.cpp:1212,4π/(12·nside²),sr,等面积划分,严格,writer 归约 sup = area/A_cell,公式导出（Górski 等面积式）,aio_hips_writer.cpp:1212；AUD204-02,公式导出,创新点④ 覆盖/支撑通道,是（第②层独立复核）,,AUD-204-面积交叠核验 §1；复核-AUD204 W3；复核注记：是,
F_syn 合成通量积分式,公式,lib/algorithms/photometry/cpp/src/spectrum_integrator.cpp:350；lib/algorithms/photometry/cpp/src/spectrum_integrator.cpp:447,F_syn = ∫ F_λ(λ)·T(λ)·Q(λ)·λ dλ,W·m⁻²·nm,仪器/合成通量域；不含 10^(−0.4·G),由 location 吸收与星无关常数，无独立精度陈述,Gaia XPSD 解码 F_λ 为能量谱辐照度时成立,文献值（A 一手：Gaia DR3 官方 §5.4.1 式(5.41)＋xp_sampled_mean_spectrum 单位声明）＋独立推导,docs/science/PHOTOMETRY.md:44（§2a.1）、:55；AUD-201 §1 与 AUD201-002；hc=1.986445857e−16 J·nm 数值闭合,公式导出,创新点① 测光定标全链,是（第②层独立复核）,,AUD-201-测光核验 §1／AUD201-002；复核注记：是（复核-AUD201 V1/V2 独立复算）,
_MAD_SCALE（1/Φ⁻¹(3/4)）,常数,lib/algorithms/photometry/cpp/src/star_matcher.cpp:21,0.6744897501960817,无量纲,MAD→σ 换算因子,1 ulp（独立解 0.67448975019608182，相对差 −1.646e−16）,高斯模型下 σ=MAD/Φ⁻¹(3/4) 一致估计,公式导出（本审查独立推导复现）,docs/science/PHOTOMETRY.md:34/:296（1.482602218505602 与之差 0）；star_matcher.cpp:21；四位截断 0.6745 偏差 +1.5196382e−05 与正本吻合,公式导出,测光 sigma_residual／Phase1 稳健尺度,是（第②层独立复核）,,AUD-201-测光核验 AUD201-016；复核注记：是（独立推导复现）,
cosmetic.bad_column_variance_kappa,常数,eng/packaging/config/defaults.json:811；docs/contracts/DATA_SEMANTICS.md:330-331；eng/packaging/config/defaults.json:815；lib/infrastructure/scheduler/src/module_adapters.cpp:2812；eng/packaging/config/defaults.json,2.0,1（无量纲）,修复像素方差 = (Σw^2·var)·κ,未标注（但 κ 有导出式）,注册 >= 1/Σw^2，单列两邻算术平均 Σw^2=0.5 ⇒ κ>=2；无 schema 承载,可公式导出（确定性插值不得声称携带多于一次独立测量 ⇒ var>=sigma^2 ⇒ κ>=1/Σw^2=2）,真锚 docs/contracts/DATA_SEMANTICS.md:330-331（§10.5 传播式 var=(Σw^2·var)·κ，单列两邻 Σw^2=1/2，κ>1 补偿插值相关，不做补偿会使修复像素 SNR 系统性偏高量级约 sqrt2）；注册件所引 :328 是 §10.5 小节标题；defaults.json:815 已把推导写全 ⇒ 本队列中出处质量最好的一条,公式导出,Phase1 修复像素方差,否（判读层逐行已判，未过第②层复核）,,AUD-402-判读-A1,预筛已回：全表命中键 bad_column_variance_kappa｜有值侧 2（S1 defaults、S5 代码兜底）
definition 换算常量（正例集）,常数,lib/infrastructure/cli/monitor.h:233；lib/infrastructure/cli/memory_report.h:481；lib/infrastructure/cli/process.cpp:106,10000000.0（FILETIME→s）／1024.0×1024.0（MiB）／1000.0（s→ms）／100.0（百分数）,定义换算,各自的定义式,严格,四者都是被测量单位定义给出的换算核，代码按式算,公式导出（定义式）,monitor.h:233；memory_report.h:481；process.cpp:106；monitor.h:447 与 memory_growth.h:87,公式导出,观测面换算,否（判读层逐行已判，未过第②层复核）,,AUD-402-判读-A2 §3.2 对照行,
expect_zp,公式,eng/tests/unit/p1snr/p1snr_fref_baseline_test.cpp:269；docs/science/PHOTOMETRY.md:355；docs/science/PHOTOMETRY.md,表达式 kZPsyn − 2.5·log10(k_photo)（机械层只记 2.5）,星等（mag）,逐帧零点 ZP_k,与产品值比 1e-9 绝对容差（:270）,有限实数,①定义式（星等↔通量对数关系）,docs/science/PHOTOMETRY.md:355（m = ZP_k − 2.5·log10 F，星等只按表达层现场派生）；同式镜像 :27/:33/:214/:404,公式导出,N2 恒等式断言的期望侧,否（判读层逐行已判，未过第②层复核）,,AUD-402-判读-BD1,
gain_variance,容差,eng/tests/unit/p1_noise/adapter_test.cpp:710；docs/science/NOISE_MODEL.md:32；lib/algorithms/noise_snr/cpp/src/noise_model.cpp,506.25,ADU²（方差）,诊断式输出（逐帧标量）,bitwise/==（精确相等）,≥0,A（标准 CCD 噪声方程）＋ ②可导出,公式锚：docs/science/NOISE_MODEL.md:32（§5c 加权方差面输入）与实现 lib/algorithms/noise_snr/cpp/src/noise_model.cpp（snr_noise_gain_variance = s/g + rn²/g²），同文件 :700 注释亦标 SNR-005,公式导出,D10 gain_variance 数值语义抽查,否（判读层逐行已判，未过第②层复核）,,AUD-402-判读-BD1,
hips.tile_width,常数,eng/packaging/config/defaults.json:653；docs/science/PHASE3_HIPS_TO_FITS.md:17；lib/algorithms/coverage/hips_properties.h:25；lib/include/astrocs/core/plan_estimator.h:42；lib/infrastructure/aio/v6/include/astro/aio/v6_hips_manifest.h:35；lib/algorithms/coverage/hips_properties.h:120；docs/science/PHASE3_HIPS_TO_FITS.md:18,512,px,HiPS tile 边长 W；leaf_order = tile_order + log2(W),整数且必须 2 的幂,注册：2 的幂、默认 512；实现侧**只接受 512**（hips_properties.h:14 恒 512、:25 kHipsTileWidth=512、:120-121 非 512 直接 fail）；产品 schema hips_storage_form.schema.json:103 把 hips_tile_width 列为必需键,有文献（本仓 SCI）但档位错：它不是默认值而是格式约束,docs/science/PHASE3_HIPS_TO_FITS.md:17（符号表 hips_tile_width tile 宽 W 默认 512=2^9）与 :130（properties 必需键）；**注册件所引 :41 是 §4 输入有效域的小节标题，不含 512**,公式导出,HiPS 读写与规划,否（判读层逐行已判，未过第②层复核）,,AUD-402-判读-A1,预筛已回：全表命中键 tile_width｜有值侧 3（S1 defaults、S4 合同schema、S5 代码兜底）｜候选档 ①生产兜底在对面
kGaussFwhmFactor,常数,eng/tests/unit/p1snr/p1snr_linux_test.cpp:64；lib/algorithms/noise_snr/cpp/src/snr_science.cpp:48-50；docs/algorithms/STAR_DETECTION_ALGORITHMS.md:97；docs/science/STAR_DETECTION.md:104,2.3548200450309493,无量纲（FWHM/σ 比值）,检测块椭圆高斯母函数,与双精度机器值一致（无截断）,恒等常数，无适用域限制,A（一手关系：高斯半高全宽定义）＋ 仓内登记一致,2√(2·ln2) 的双精度值（本机复算见 md 命令）；仓内锚 lib/algorithms/noise_snr/cpp/src/snr_science.cpp:48-50 与 :15/:22（同名常数与用途）、docs/algorithms/STAR_DETECTION_ALGORITHMS.md:97（TWO_SQRT_2_LOG2）、docs/science/STAR_DETECTION.md:104,公式导出,检测块 FWHM↔sigma 换算,否（判读层逐行已判，未过第②层复核）,,AUD-402-判读-BD1,
kPxScaleDeg,常数,eng/tests/unit/p1001_real_nodes_test.cpp:1810,0.0002777777777777778,度/像素,WCS CD 矩阵元素（|det CD|^0.5）,缺（oracle 一致性判据为 worst<1e-9，未登记到该常数本身）,>0,B（本仓可复现：值由算式导出且在测试内被用作 oracle 输入）,"数值可核验为 1″/px：1/3600=0.0002777777777777778；行内注释标为 sqrt|det CD| deg/px。同值在 :1829/:1830 以 CD 对角（-s,+s）出现，另 GATES 文档的 0.9″/px 适用域下限为**不同量**（角秒/像素）",公式导出,SIP oracle 桥接回归的像素尺度,否（判读层逐行已判，未过第②层复核）,,AUD-402-判读-BD1,
noise.mask_budget_min_sky,容差,eng/packaging/config/defaults.json:275；docs/science/NOISE_MODEL.md:98-99；lib/algorithms/noise_snr/cpp/src/noise_model.cpp:1262,9216,px,未被掩膜合法像素数下限 N_sky,SE(sigma_hat)/sigma <= 1.5%,"注册 >=1；schema :302-306 [1,1e9]；解析层 [1,1e9]；使用层把 <=0 当 unset",可公式导出（且式已在权威内）,docs/science/NOISE_MODEL.md:98-99（(1.44/0.015)^2=9216；SE≈1.44/sqrt(N) 由 c≈1.152/sqrt(N) 与中位数效率 1.25 导出）；:100-101 另警告该量是相对标准误、不可当 dex 用,公式导出,Phase1 天空预算与 §8 全帧兜底,否（判读层逐行已判，未过第②层复核）,,AUD-402-判读-A1,预筛已回：全表命中键 mask_budget_min_sky｜有值侧 3（S1 defaults、S4 合同schema、S5 代码兜底）
noise.mask_fwhm_floor_scale,常数,eng/packaging/config/defaults.json:247；docs/science/NOISE_MODEL.md:96；lib/algorithms/noise_snr/cpp/src/noise_model.cpp:1260,0.75,1（无量纲）,r_min 的 FWHM 项系数 0.75·FWHM_i,无精度陈述,"注册 >0；schema :288-292 minimum=**0** maximum=1e3；解析层 [0,1e3]；使用层把 <=0 当 unset",文献值但只给结果不给式,docs/science/NOISE_MODEL.md:96（同式一项）；**0.75 与 PSF 核心覆盖的关系全仓无推导**（既未写 0.75·FWHM 覆盖多少能量，也未给 Moffat/Gaussian 的等效半径式）,公式导出,Phase1 逐星掩膜半径下界,否（判读层逐行已判，未过第②层复核）,,AUD-402-判读-A1,预筛已回：全表命中键 mask_fwhm_floor_scale｜有值侧 3（S1 defaults、S4 合同schema、S5 代码兜底）
noise.mask_radius_scale,常数,eng/packaging/config/defaults.json:121；docs/science/NOISE_MODEL.md:97；docs/algorithms/NOISE_ESTIMATION.md:134；lib/algorithms/noise_snr/cpp/src/noise_model.cpp:1251,6,1（无量纲）,rmax 式的倍率项,无精度陈述,"注册 >=1；schema :330-334 minimum=1 maximum=1e4；解析层 [1,1e4] 同",可公式导出（同 rmax 式；权威只给乘积 60）,docs/science/NOISE_MODEL.md:97（=60 的合式），拆分 10·6 的 6 无任何权威陈述（docs/algorithms/NOISE_ESTIMATION.md:134 只是实现锚）,公式导出,Phase1 逐星掩膜半径上界,否（判读层逐行已判，未过第②层复核）,,AUD-402-判读-A1,预筛已回：全表命中键 mask_radius_scale｜有值侧 3（S1 defaults、S4 合同schema、S5 代码兜底）
pred_doublecount_bias（解析值）,常数,实验/absolute-snr/code/b2_noise_terms.py:105,+14.500914%（基准点）／+38.252%（RN=50）,相对偏差,σ_F_from(v_emp)/σ_F_from(v_corr) − 1,纯解析量，与网格 half=12..60 无关（第②层复算恒 14.501%）,seed 无关、可独立复核,公式导出,实验/absolute-snr/code/b2_noise_terms.py:105；AUD202-012 表,公式导出,文档头条数的应取值,是（第②层独立复核）,,AUD-202-SNR核验 AUD202-012；复核-AUD202-补 V6；复核注记：是,
scale_deg,公式,eng/tests/unit/p1_hips_writer_test.cpp:153；lib/infrastructure/aio/src/hips/aio_hips_writer.cpp:1827,表达式 (180/π)·√(π/3)/512（机械层记作 180.0;3.0;512.0）,度,HiPS 叶像素角尺度（nside=512）,%.6f 双侧字符串一致（同 oracle O4）,nside>0,A（一手标准）＋ 可导出,IVOA REC-HIPS-1.0 §4.4.1（hips_pixel_scale 单位=度，见 :151-152 注释与 lib/infrastructure/aio/src/hips/aio_hips_writer.cpp:1827）；解析式=HEALPix 等面积像素立体角 ⇒ scale=(180/π)√(π/3)/nside,公式导出,产品键 hips_pixel_scale 的期望值复算,否（判读层逐行已判，未过第②层复核）,,AUD-402-判读-BD1,
|J| = pi/3（chart→球面面积雅可比）,公式,实验/healpix-polar/code/polar_common.h:136,pi/3,sr/单位方格,HEALPix 基面 chart 两支（赤道支与极冠支）各自 |J|=pi/3 常数,严格解析,唯一失效点：极点 s=0（phi~1/s 发散），是坐标不可逆点而非面积口径失效,公式导出（自行推导＋数值＋独立库三方一致）,实验/healpix-polar/code/polar_common.h:136-196 chart_uv_to_ang；AUD204-02；docs/algorithms/DRIZZLE_GEOMETRY.md,公式导出,创新点④ 平面→球面面积分配,是（第②层独立复核）,,AUD-204-面积交叠核验 AUD204-02；复核注记：是（前提(a) 成立）,
λ 因子的成立前提,公式,,λ ∈ 被积式,nm,能量谱辐照度→光子计数率换算核（E=hc/λ）,严格（差与星无关常数，被 location 吸收）,仅当解码 F_λ 为能量谱辐照度；若容器给光子谱通量 ph·s⁻¹·m⁻²·nm⁻¹ 则必须去掉,文献值（A：Gaia DR3 官方 §5.4.1＋字段单位声明）＋第一性推导,AUD201-002（CONFIRMED，正本无需订正）；前提未显式登记 → AUD201-003,公式导出,XPSD 解码消费边界,是（第②层独立复核）,,AUD-201-测光核验 AUD201-002／AUD201-003；复核注记：是（复核-AUD201 V2 独立复算）,
σ_i² 逐像素噪声组成式,公式,lib/algorithms/noise_snr/cpp/src/snr_science.cpp:200；lib/algorithms/noise_snr/cpp/src/snr_science.cpp:201；lib/algorithms/noise_snr/cpp/src/snr_science.cpp:202,"σ_i² = σ_sky,i² + (RN/g)² + F·P_i/g",ADU²,三项同为 ADU²（读噪只出现一次）,独立 MC 复算 σ_F 两点 ≤3σ（z=+0.35 / −1.75）,Σ_i P_i = 1 在截断网格上成立；half=12→60 时 ΣP² 第 5 位起不动 ⇒ 截断不构成误差源,文献值（A：Horne 1986 PASP 98 609；本仓 NOISE_MODEL.md:324 §9a）＋独立推导＋独立 MC,docs/science/NOISE_MODEL.md:324；docs/plugins/algorithms_phase1/07_noise_snr.md:110；snr_science.cpp:200-202/:198,公式导出,Phase1 逐源 SNR／Phase2 权重,是（第②层复核改判）,,AUD-202-SNR核验 AUD202-011（证真条目）；复核注记：是（第②层复核未推翻，成稿即独立复算）,
cosmetic.bad_column_master_wide_frac_max,常数,eng/packaging/config/defaults.json:825；run/LINDEF-CLOSE-01/REPORT.md:1；eng/packaging/config/defaults.json:829；lib/infrastructure/scheduler/src/module_adapters.cpp:2816-2818；eng/packaging/config/defaults.json,0.001,1（占帧宽）,母版路径『仅标记不修』列数的声明上界；超界整类丢弃并记账,未标注（守卫量，无精度要求）,注册 0<x<=1；无 schema 承载,需实验标定（实测反号配对事故标定）,source_ref=run/LINDEF-CLOSE-01/REPORT.md:1 ⇒ 同 sigma_master：**不在跟踪集**；defaults.json:829 与 :835 记录了标定现象（阈值微调下仅标记列数在 0 与 1419 间跳变；加守卫前真实母版标记 1192 列）——这些读数只在不可复核件里,实验标定,Phase1 母版路径宽列守卫,否（判读层逐行已判，未过第②层复核）,,AUD-402-判读-A1,预筛已回：全表命中键 bad_column_master_wide_frac_max｜有值侧 1（S1 defaults）
cosmetic.bad_column_sigma_master,常数,eng/packaging/config/defaults.json:797；run/LINDEF-CLOSE-01/REPORT.md:1；lib/infrastructure/scheduler/src/module_adapters.cpp:2805；lib/infrastructure/scheduler/src/module_adapters.cpp:2735；eng/packaging/config/defaults.json:835,10.5,MAD 倍数,母版路径（暗/偏置母版）专用列状缺陷阈,未标注（只记标定判据：母版每路已修列数不超过同帧科学帧路径已修列数）,注册 >0，<=0 归一到科学帧阈（向后兼容）；无 schema 承载,需实验标定（标定证据不在跟踪集）,source_ref=run/LINDEF-CLOSE-01/REPORT.md:1 —— run/* 在 .gitignore:17 ⇒ **该文件不在跟踪集**（git ls-files 对 LINDEF 零命中），代码注释 module_adapters.cpp:2805 同引该路径与其 evidence/master_sigma_calibration.json，均不可复核；:2801-2804 给了标定理由（母版 |d-med| 的 p99/p50 ≈ 23 vs 高斯 2.6 ⇒ 同 5sigma 在母版上不是同一松紧度）,实验标定,Phase1 母版路径,否（判读层逐行已判，未过第②层复核）,,AUD-402-判读-A1,预筛已回：全表命中键 bad_column_sigma_master｜有值侧 1（S1 defaults）
sigma_true,常数,eng/tests/unit/p1_stars_test.cpp:209,10.0,ADU（背景噪声真值）,合成图像逐像素（bg_true=1000.0 同域）,判据：σ 相对偏差 ≤2%（case1 实测 +0.27%）、纯噪声面 ≤2%（实测 −0.54%）,>0,B（本仓可复现实验，seed 固定 :215）,无文献锚，也无需——真值由夹具自设（10.0 是 chosen truth）；但**判据阈值 2%/6% 的登记在 :204-206 指向 run/CLEAN-401/third_sigma/**（run/ 不入库 ⇒ 证据不可复核）,实验标定,第三 σ 估计器（裁剪后 RMS = StarCatalog::noise_sigma）回归锁定,否（判读层逐行已判，未过第②层复核）,,AUD-402-判读-BD1,
稀疏/稠密内存读数,常数,实验/additive-sky-seamless/README.md:211,"报告 11,688 kB / 14,568 kB；JSON rss_64block_kb=11744 / rss_full_grid_kb=14520",kB,按需 64² 块 vs 稠密物化 512²,差 −56 kB / +48 kB,E3 门判据是 blk < full 的比较式 ⇒ 用错值不等式仍成立 ⇒ 不翻转门,实验标定（正确值同单元 REPORT_paper.md:265 已给）,实验/additive-sky-seamless/README.md:211（§4.6 E3）；results/c6_sparse_dense.json:upm_memory；gates.rows[2] E3_rss_scales_with_block,实验标定,创新点③ 稀疏表示收益声明,是（第②层独立复核）,,复核-结果层与收口层 R4 第 3 处；复核注记：是（P2）,
(无名)·lib/infrastructure/cli/commands.cpp:560,常数,lib/infrastructure/cli/commands.cpp:560；lib/infrastructure/cli/astrocs_process.h:36,30.0,s,外部渲染器子进程的超时上限,不适用（运维参数）,>0,不适用（非科学量）；取值本身**无量纲依据**（既非公式亦非测量）,唯一说明是同函数上下文（渲染器调用，devnull_stdio=true）；无文档条款、无契约件登记【缺输入：判读层与第②层均未给保守取值方向】,待确认,CLI 外部命令调用,否（判读层逐行已判，未过第②层复核）,,AUD-402-判读-A1,
(无名)·lib/infrastructure/cli/memory_growth.h:104,常数,lib/infrastructure/cli/memory_growth.h:104；eng/tests/cli/test_memory_growth.py:32,0.0;0.5,无量纲（阈值的半宽系数）,不适用（诊断分类内部系数）,缺,仅当 leak_slope_bytes_per_iter>0 时可达,无（0.5 与所在判据整体无出处；且该函数生产零调用）,无（其自称权威「07 §5」在跟踪集内无载体；见立案 L-05）【缺输入：判读层与第②层均未给保守取值方向】,待确认,无生产适用域（eng/tests/cli/test_memory_growth.py 唯一调用者）,否（判读层逐行已判，未过第②层复核）,,AUD-402-判读-A2；L-05,
(无名)·lib/infrastructure/cli/memory_growth.h:105,常数,lib/infrastructure/cli/memory_growth.h:105；eng/packaging/config/runtime_resources.json,0.3,峰谷振幅比（(max-min)/min），无量纲,retained 曲线剔除预热后,缺,同上（默认配置下不可达）,无,无（「07 §6」载体不在跟踪集）【缺输入：判读层与第②层均未给保守取值方向】,待确认,无生产适用域,否（判读层逐行已判，未过第②层复核）,,AUD-402-判读-A2；L-05,
(无名)·lib/infrastructure/cli/memory_growth.h:55,常数,lib/infrastructure/cli/memory_growth.h:55；lib/infrastructure/cli/memory_report.h,0.0,字节/轮,theil_sen_slope 返回值,不适用（短路返回）,n<2,"无（语义上有意义：样本不足时返回 0 = ""无趋势""，与""确无趋势""不可分）",无【缺输入：判读层与第②层均未给保守取值方向】,待确认,无生产适用域,否（判读层逐行已判，未过第②层复核）,,AUD-402-判读-A2；L-05,
(无名)·lib/infrastructure/cli/memory_report.h:338,常数,lib/infrastructure/cli/memory_report.h:338；lib/infrastructure/cli/memory_growth.h,0.0,字节/秒,slopes 空时短路,不适用,slopes.empty(),"无（与 :336 同因，返回 0 = 静默""无趋势""）",无（唯一数值源与文档均未规定斜率不可算时的取值）,待确认,alloc_report.json rss_slope_bytes_per_s,否（判读层逐行已判，未过第②层复核）,,AUD-402-判读-A2；U-02,
(无名)·lib/infrastructure/cli/memory_report.h:617,常数,lib/infrastructure/cli/memory_report.h:617；docs/plugins/infrastructure/21_observability.md,0.005,相对（无量纲）,斜率复算容差,不适用,同上,半可导出：:610 声称依据是 %.3f 打印舍入（截断误差 ≤5e-4），0.005 = 10×该误差；但 10× 这个放大系数无登记,无（同上；契约与 21_observability.md §8 均不复述此复算容差）【缺输入：判读层与第②层均未给保守取值方向】,待确认,报告自校验（CHK 面与审计复算共用）,否（判读层逐行已判，未过第②层复核）,,AUD-402-判读-A2；L-08,
(无名)·lib/infrastructure/cli/resource_recorder.h:221,算法,lib/infrastructure/cli/resource_recorder.h:221,0.0,未标注,未标注,未标注,未标注,不适用（结构性常数）,—（空集守卫）【缺输入：判读层与第②层均未给保守取值方向】,待确认,v 为空,否（判读层逐行已判，未过第②层复核）,,AUD-402-判读-A3；L8,
(无名)·lib/infrastructure/cli/resource_recorder.h:225,算法,lib/infrastructure/cli/resource_recorder.h:225,0.5,未标注,未标注,未标注,未标注,C 二手（规格只写 mean/p50/p95/peak 之名）,无——最近秩变体 idx=round(q*(N-1)) 的定义在 21_observability §8.3 与契约均未登记【缺输入：判读层与第②层均未给保守取值方向】,待确认,样本数>=1,否（判读层逐行已判，未过第②层复核）,,AUD-402-判读-A3；N-1,
(无名)·lib/infrastructure/cli/runtime_client.cpp:118,常数,lib/infrastructure/cli/runtime_client.cpp:118；lib/infrastructure/scheduler/src/pipeline.cpp:89,.0;1.0,—,—,—,IR 标识,不适用（结构性常数）,—（Pipeline IR 版本标识串）【缺输入：判读层与第②层均未给保守取值方向】,待确认,"build_pipeline_ir 产出的 ir[""version""]",否（判读层逐行已判，未过第②层复核）,,AUD-402-判读-A3,
(无名)·lib/infrastructure/cli/session_commands.h:254,常数,lib/infrastructure/cli/session_commands.h:254,0.0,deg,ICRS,未规定,|dec|<=85（TAN 极区排除）,C 二手（示例占位）,phase_config_export.schema.json#/$defs/center 无 default 关键字【缺输入：判读层与第②层均未给保守取值方向】,待确认,export `--template` 的 center 块,否（判读层逐行已判，未过第②层复核）,,AUD-402-判读-A3,
(无名)·lib/infrastructure/cli/session_commands.h:258,常数,lib/infrastructure/cli/session_commands.h:258,0.001,deg/px,输出像元角尺度,未规定,>0,C 二手（示例占位，无默认主张）,schema 只给 exclusiveMinimum 0（#/$defs/scale_deg_per_px:324-327），无 default；出厂模板 export.phase_config.json:11 同值 0.001 ⇒ 两侧一致，不构成多侧分歧【缺输入：判读层与第②层均未给保守取值方向】,待确认,export 模板,否（判读层逐行已判，未过第②层复核）,,AUD-402-判读-A3,
HP_ADAPTIVE_MAX_DEPTH,常数,lib/algorithms/drizzle/healpix_drizzle/spherical_overlap.cpp:543,8,层,真曲线边细分最大深度,不适用,从极冠边偏差 0.0809·hp_res 降到自身阈值 1e-6·hp_res 需 d > log(8.09e4)/log(4) = 8.15 层 ⇒ 极点邻边触底截断,无来源（截断后残差 1.234e-6·hp_res 超阈 23%，且每边 256 段 = 1024 顶点/像素）,spherical_overlap.cpp:543-617 注释与常量【缺输入：判读层与第②层均未给保守取值方向】,待确认,创新点④ 细分代价,是（第②层独立复核）,,AUD-204-面积交叠核验 AUD204-06 改法(i)；复核注记：是,
Pipeline IR 版本串,常数,lib/infrastructure/cli/runtime_client.cpp:118,"""1.0.0""",语义版本,runtime_client 与 scheduler 的 IR 版本协商,不适用,scheduler 只校非空，无合同约束点,无来源（版本面无登记点）,runtime_client.cpp:118；对照 VERSION:1=0.1.0-alpha.1 与 CMakeLists.txt:15 三侧一致（那是包版本，非 IR 版本）【缺输入：判读层与第②层均未给保守取值方向】,待确认,版本治理面,否（判读层逐行已判，未过第②层复核）,,AUD-402-判读-A3 §3,
calibration.dark_light_exposure_tolerance,容差,"eng/packaging/config/defaults.json:20；docs/science/CALIBRATION.md:19,21",5,s,暗场/亮场曝光一致性容差；文档侧只给 K=t_light/t_dark 语义,未标注（未给与母版 SNR 的关系）,注册：未标注（仅预检橘色提示级，不阻断）；schema/CLI 侧无承载,待确认（负责人裁决未落 SCI 条文）,"无（注册件 source 记『负责人裁决 2026-09-16』，source_ref=null；docs/science/CALIBRATION.md:19,21 只有 K 语义无数值，本仓实测该文档内无 5 s）",待确认,normalize 预检与暗场优化建议路径,否（判读层逐行已判，未过第②层复核）,,AUD-402-判读-A1,预筛已回：全表命中键 dark_light_exposure_tolerance｜有值侧 1（S1 defaults）
denom,常数,lib/infrastructure/cli/memory_report.h:616,1.0,字节/秒（与 rs 同量纲的下界）,相对容差的分母下限,不适用,|slope|<1 B/s 时起作用,无（1.0 这个下限无任何依据说明，且它使注释宣称的「0.5% 相对容差」在该区间变成绝对容差 0.005 B/s）,":610 注释「0.5% 相对容差, %.3f 打印误差内」是唯一自述，非外部出处【保守方向·回填自判读件】量纲自洽性核过：分子 |rs-slope| 是 B/s、分母 max(1,|rs|) 若按 1 取值则比值不再是「相对」⇒ **名实不符但不是算错**（B/s 量级实际 ≫1 时二者重合）。本行的可交付信息：这个门在斜率接近 0 时**更严**（绝对 0.005 B/s）而非更松，故不产生假绿，只可能产生假红，方向上属可容忍",待确认,validate_alloc_report 的斜率复算门,否（判读层逐行已判，未过第②层复核）,,AUD-402-判读-A2；L-08,
kMaxSpatialAmplitudeDex,容差,lib/algorithms/photometry/cpp/src/spatial_gain.cpp:49；lib/algorithms/photometry/cpp/src/spatial_gain.cpp:521,1.0,dex（max|log10 m|）,空间增益幅度硬界,实测真值 pp 7%、真机 3 帧 ≈0.1 dex ⇒ 10× 裕度,超限 ⇒ FailKind::kHard 整帧 fail（错误码 PHOT_SPATIAL_GAIN_FIT_FAILED）,无来源（自述「约定值」，与 c=4.685、3× 抽样允差同类）,spatial_gain.cpp:49 定义、:521 判定、:494-497 自述；defaults.json 无该键；UNRESOLVED 台账零命中【缺输入：判读层与第②层均未给保守取值方向】,待确认,Phase1 低阶乘性空间增益,是（第②层独立复核）,,AUD-201-测光核验 AUD201-013；复核-测光默认阶数（影响面第 2 条）；复核注记：是（复核-测光默认阶数：该码全仓零登记）,
kPollIntervalMs,常数,lib/infrastructure/cli/process.cpp:26；docs/plugins/infrastructure/21_observability.md；eng/packaging/config/runtime_resources.json,10.0,毫秒,POSIX waitpid(WNOHANG) 轮询间隔,不适用,POSIX 分支 :196；Windows 分支不用（:29 起走 WaitForSingleObject 阻塞）,无（10 ms 既非定义值也无标定；亦无文档）,无：21_observability.md §5 与 runtime_resources.json 都无子进程轮询间隔键【保守方向·回填自判读件】单位自洽核验：命名 Ms、使用处 :196 `std::chrono::milliseconds(static_cast<long long>(kPollIntervalMs))` ✓ 无二次换算。两平台**语义不等价**已核：Windows 由 WaitForSingleObject 精确到期，POSIX 有最多 10 ms 的检出滞后 ⇒ 同一 --timeout 值在两平台的实际截止相差 ≤,待确认,外部子进程（如 Gaia/XPSD 客户端、打包工具）等待面,否（判读层逐行已判，未过第②层复核）,,AUD-402-判读-A2,
kZPsyn,常数,eng/tests/unit/p1snr/p1snr_fref_baseline_test.cpp:115；eng/tests/unit/p1001_real_nodes_test.cpp:4649,-14.269,星等（mag，零点）,逐帧零点 ZP_syn（Gaia XPSD 拟合同域）,缺,任意实数；本用例只用到其差值,无（注释称取自 L4 t2_m1_red 拟合，但**该拟合值不在跟踪集内**）,"注释 :112（""取自 L4 t2_m1_red 的 Gaia XPSD 拟合量级""）；同族 kK1=6.272203e-17/kK2=5.685037e-17（:113-114）同源，另见 eng/tests/unit/p1001_real_nodes_test.cpp:4649 以""旧断言：帧间 k 散度 0.107 mag（6.272203e-17 vs 5.685037e-17）""引用同一对数值【保守方向·回填自判读件】**按""抄观测值""追查后判定为低风险但须登记**：全仓 `git grep -F 14.269` 只有本行这一条真命中（另一条是无关 CSV 数字），即唯一数值源是**口头注释**而非落档件；`t2_m1_red` 只出现在 eng/tests/validation/release02/phot_verify/debug*.py 的帧名里，无 -14.269 结果件。缓解：本用例是自证恒等式——:",待确认,合成零点/恒等式回归 N2,否（判读层逐行已判，未过第②层复核）,,AUD-402-判读-BD1；L4,
leak_slope_bytes_per_iter,算法,lib/infrastructure/cli/memory_growth.h:37；lib/infrastructure/cli/memory_report.h,0.0,字节/轮（bytes per iteration）,每轮 retained 增量,缺,>0 才启用泄漏与震荡判据,"无（默认 0.0 = 判据关死；单位虽标 bytes/轮但""轮""无定义）","无【保守方向·回填自判读件】默认 0.0 的后果可静态判定：:116-117 的 Leak 分支带 `&& cfg.leak_slope_bytes_per_iter > 0`，:104 的近零界同样短路 ⇒ 默认配置下 Leak/Oscillating 两个枚举值永不出现，只剩 OomPreWarning/Growing/Stable。这不是保守取值""而是**静默降级**（诊断类别少了两档而产物字段不声明）。分母""轮""由调",待确认,无生产适用域,否（判读层逐行已判，未过第②层复核）,,AUD-402-判读-A2；L-05,
max_recip 的真判据 5e-3,容差,eng/tests/unit/p1001_real_nodes_test.cpp:3261,5e-3,无量纲相对偏差,IVAR-002(a)：CHECK_MSG(max_recip < 5e-3),同文件 :3756-3759 对 1e-5 有逐项推导，此处一字未给,float32 互反偏差量级约 1e-7 ⇒ 5e-3 高约 4 个数量级，判据判别力弱,无来源（机械层只登记了累加器 0.0，未登记这条判据）,p1001_real_nodes_test.cpp:3261（判据）、:3241/:3063（同名的两个累加器）【缺输入：判读层与第②层均未给保守取值方向】,待确认,variance×ivar≈1 的互反性门,否（判读层逐行已判，未过第②层复核）,,AUD-402-判读-BD1 §1.4 N3；§6 第 7 条（机械漏判）,
oom_frac,常数,lib/infrastructure/cli/memory_growth.h:38；docs/ci/03_GATES.md:62；docs/ci/CI_SPEC.md:210；docs/contracts/PERF_GATE_CONTRACT.md:12；eng/packaging/config/runtime_resources.json；eng/tests/cli/test_memory_growth.py:33,0.85,分数（峰值/上限），无量纲,peak_bytes/mem_limit_bytes,缺,仅当 mem_limit_bytes>0,无（本仓唯一 0.85 登记是 CPU 利用率门，非内存）,"无。docs 侧 0.85 全部命中 CPU 利用率判据（docs/ci/03_GATES.md:62、CI_SPEC.md:210、PERF_GATE_CONTRACT.md:12）与 PS1 PSF_QF 文献值，均与接近 OOM""无关""【保守方向·回填自判读件】两档来源皆缺：既非契约导出（内存预算侧唯一数值源 runtime_resources.json 登记的是 memory_budget_percent=95 与压力水位 90/75，且带推导），也无实验标定。数值碰撞风险实在：同数 0.85 在本仓另有已登记的物理含义（利用率下限），复读者极易误当同源。多侧并列：代码 0.85 / 文档 无 / 测试 0.85（test_memory_growth.",待确认,无生产适用域,否（判读层逐行已判，未过第②层复核）,,AUD-402-判读-A2；L-05,
rejection.esd.alpha,算法,eng/packaging/config/defaults.json:457；docs/science/REJECTION.md:118；eng/packaging/config/defaults.json；lib/algorithms/noise_snr/cpp/src/rejection.cpp:1253,0.05,1（无量纲）,Generalized ESD 显著性水平,未标注功效/样本量前提（ESD 的 λ 临界值依赖 n 与 alpha）,注册 0<alpha<1；无 schema 承载；代码无值域校验,待确认（本仓 SCI 自己声明『文献不提供该门值』）,"docs/science/REJECTION.md:118（ESD: alpha 0.05 / max_outliers 10）与 :284『alpha=0.05/max_outliers=10 为 Project-defined 采纳值，**文献不提供**这两个门值』；方法学一手 = Rosner 1983 Technometrics 25,165（DOI 10.1080/00401706.1983.10487848，登记于 :296）【保守方向·回填自判读件】**订正机械层与注册件**：队列写『有文献（SCI §5 冻结 0.05）』、defaults.json 也记 authority_status=sourced，但同一文档 :284 明确否认文献提供 ⇒ 该值不得按『文献值』登记；:85 与 :267 已实测级联效应（每步 α=0.05 校准精确 4.95%，但 k=10 级联后总误判率抬到 11.36%）⇒ α 与 max_outliers 耦",待确认,Phase2 排异 ESD 路径,否（判读层逐行已判，未过第②层复核）,,AUD-402-判读-A1,预筛已回：全表命中键 alpha｜有值侧 1（S5 代码兜底）
rejection.esd.max_outliers,算法,eng/packaging/config/defaults.json:471；docs/science/REJECTION.md:118；lib/algorithms/noise_snr/cpp/src/rejection.cpp:1253,10,count,单次 ESD 允许剔除的离群数上限,未标注与堆深度 n 的关系,注册 >=1；无 schema 承载,待确认（同上，本仓自认 Project-defined）,docs/science/REJECTION.md:118/:284【保守方向·回填自判读件】同簇（与 alpha 共用 :118/:284 出处，共 2 行）：10 是绝对数而与 Phase2 典型贡献帧数 n 无关 ⇒ n<10 时该上限完全失效（ESD 会先因样本耗尽停止），n 大时又过松；:85 的 11.36% 实测正是 n=10 档级联代价，说明 10 已被观测数据反证为偏松；代码 rejection.cpp:1253,待确认,Phase2 排异 ESD 路径,否（判读层逐行已判，未过第②层复核）,,AUD-402-判读-A1,预筛已回：全表命中键 max_outliers｜有值侧 2（S1 defaults、S5 代码兜底）
scalar_gate.rd,常数,eng/packaging/config/defaults.json:722；docs/plugins/algorithms_phase1/07_noise_snr.md:61；docs/plugins/algorithms_phase1/07_noise_snr.md:76,null,unspecified,标量降级鲁棒离散门,不适用（无值无单位）,未定；无 schema/模板/CLI 承载,无来源（GAP-024）,docs/plugins/algorithms_phase1/07_noise_snr.md:61 默认列与单位列均为 ——；pending_task=SCI-RES-01/R-002【保守方向·回填自判读件】单位字段写 unspecified 而非留空＝如实（标准 02 §3 要求单位，此处如实承认无单位）；**行为侧缺口**：07_noise_snr.md:76 规定标量门失败须自动升级空间模型 ⇒ 在阈值未定时『判据不成立』永远走兜底路径，实际语义是『门不启用』，而注册面未写这一句 ⇒ 建议把值语义改为『disabled』并显式登记，而非 null（null 会被读成『待填』而仍被下游当阈值用）；,待确认,Phase1 标量 SNR 门,否（判读层逐行已判，未过第②层复核）,,AUD-402-判读-A1；R-002,预筛已回：全表命中键 rd｜有值侧 2（S1 defaults、S6 登记册）
scalar_gate.trend,常数,eng/packaging/config/defaults.json:733；docs/plugins/algorithms_phase1/07_noise_snr.md:62,null,unspecified,标量降级系统趋势门,不适用（无值无单位）,未定；无 schema/模板/CLI 承载,无来源（GAP-024）,docs/plugins/algorithms_phase1/07_noise_snr.md:62（scalar_gate_trend 行，默认与单位列均为 ——）；pending_task=SCI-RES-01/R-002【保守方向·回填自判读件】同簇（与 scalar_gate.rd 共用 R-002 一条出处，共 2 行）：两键合起来使『标量降级路径』目前无任何量化判据；字段名取自插件文档 :62 而非任一生产符号（lib 内 scalar_gate 零命中）⇒ 键名与实现面无对应物，未来实现者可能另起名（本队列已见 4 例键名/符号名不对齐）；建议与 rd 一并改判『disabled 显式登记』,待确认,Phase1 标量 SNR 门,否（判读层逐行已判，未过第②层复核）,,AUD-402-判读-A1；R-002,预筛已回：全表命中键 trend｜有值侧 3（S1 defaults、S5 代码兜底、S6 登记册）
timeout_s,常数,lib/infrastructure/cli/astrocs_process.h:36；lib/infrastructure/cli/commands.cpp:560,0.0,s,子进程超时形参默认值：>0 超时杀进程树，<=0 不限时,不适用（运维参数）,0.0 = 无限等待,不适用（非科学量）；但默认值方向为 **fail-open**（省略形参即静默无超时）,行内 :29 注释『<=0 时不限时（禁止用于生产路径）』⇒ 禁令只写在注释，签名仍允许省略；未见任何门强制 run_process 的 timeout 实参,待确认,CLI 子进程调用（渲染器等）,否（判读层逐行已判，未过第②层复核）,,AUD-402-判读-A1,
tol,容差,eng/tests/unit/p1snr/p1snr_linux_test.cpp:52；docs/standards/NUMERIC_STANDARD.md:68-71,1e-12（比较器绝对地板）,无量纲（绝对误差地板，与 rtol·|期望| 相加）,逐次比较（check_close）,自身即精度要求，但其来源未登记,≥0,无（未见任何文档/注释给该地板的依据）,无。可类比登记：docs/standards/NUMERIC_STANDARD.md:68-71 为 1e-12 做过量纲级论证（variance_floor 与 float32 可表示性），但该论证属**方差地板**，不覆盖比较器【保守方向·回填自判读件】五件事缺 4 件（单位/归一化/精度/域皆未登记）。1e-12 的选择方向可辩护（比 float64 eps 高约 4.4e6 倍，可吸收若干次算术舍入，又不掩盖真实缺陷），但按标准 02 §3 epsilon 须给物理或数值来源 ⇒ 应登记为 C·u64 的倍数或直接引 NUMERIC_STANDARD。同值字面量散落：模式 tol = 1e-12 全仓 tot=7（lib 4/eng 1/实验,待确认,本文件全部 check_close 断言的绝对项,否（判读层逐行已判，未过第②层复核）,,AUD-402-判读-BD1,
峰值时刻定位用相等比较,算法,lib/infrastructure/cli/memory_report.h:510,==,—,逃逸窗的峰值样本定位,不适用,同值多样本全命中 ⇒ 逃逸窗判定偏保守（更易放行）,不适用,memory_report.h:510-512；U-06 立案,待确认,分配逃逸窗判据,否（判读层逐行已判，未过第②层复核）,,AUD-402-判读-A2 §4 U-06；U-06,
带内色项（未建模量）,常数,,0.0107 mag（斜率 ~0.0023 mag/(BP−RP)）,mag,带通内色项,实测,现行「非目标」豁免条只覆盖带通外色项,实验标定（实测数存在，既未建模也未登记）,AUD201-009【缺输入：判读层与第②层均未给保守取值方向】,待确认,测光色项适用域,否（仅链路成稿，未过第②层复核）,,AUD-201-测光核验 AUD201-009；复核注记：否（仅成稿）,
报告自校验对 v2 增量字段,算法,lib/infrastructure/cli/memory_report.h:593,只校验存在、不校验自洽,—,memory-report/v2 的三个新增字段,不适用,v2 增量字段无防篡改,不适用,memory_report.h:593-594；U-05 立案【缺输入：判读层与第②层均未给保守取值方向】,待确认,观测工件自校验强度,否（判读层逐行已判，未过第②层复核）,,AUD-402-判读-A2 §4 U-05；U-05,
观测开销不影响性能预算的承诺,算法,,无对应判据字段,—,21_observability.md:8「不因观测开销影响性能预算」,不适用,iowait「谁除以窗长」在两文件间无一处写明；两个 *_overhead_ms 相加会重复计 private 探针,无来源（承诺无门、责任无文）,docs/plugins/infrastructure/21_observability.md:8；U-08 立案【缺输入：判读层与第②层均未给保守取值方向】,待确认,观测面自证能力,否（判读层逐行已判，未过第②层复核）,,AUD-402-判读-A2 §4 U-08；U-08,
(无名)·lib/infrastructure/acr/schemas/compute_config.example.yaml:21,常数,lib/infrastructure/acr/schemas/compute_config.example.yaml:21；lib/infrastructure/acr/utilization/memory_budget.hpp:24；docs/KNOWN_LIMITATIONS.md:62,0.95,分数（占总显存）,ACR VRAM 容量比例,不适用（调度准入参数）,"(0,1]",不适用（非科学量，同簇合并）,同上一行（memory_budget.hpp:24 ＋ KNOWN_LIMITATIONS.md:62；与 :20 共用一条出处，共 2 行）,不适用,ACR 资源准入（示例配置）,否（判读层逐行已判，未过第②层复核）,,AUD-402-判读-A1,
(无名)·lib/infrastructure/cli/CMakeLists.txt:18,常数,lib/infrastructure/cli/CMakeLists.txt:18,6.2,——（不是数值）,——,——,——,不适用（**机械层误报**：该行不是数值常数）,实读 :18 是注释行『不 install、不产出独立二进制（CLI 只有唯一可执行 acsd，ASTROCS_DESIGN §6.2）』⇒ 命中的 6.2 是**条款号**，非字面量,不适用,——,否（判读层逐行已判，未过第②层复核）,,AUD-402-判读-A1,
(无名)·lib/infrastructure/cli/CMakeLists.txt:19,常数,lib/infrastructure/cli/CMakeLists.txt:19；lib/algorithms/platesolve/cpp/ipv/test/CMakeLists.txt,3.16,CMake 版本号,构建系统最低版本要求（cmake_minimum_required）,不适用（工具版本）,CMAKE_MINIMUM_REQUIRED,不适用（结构性常数：工具链版本下限，非科学量）,根 CMakeLists.txt 的工程版本口径（本队列不判构建一致性）,不适用,构建,否（判读层逐行已判，未过第②层复核）,,AUD-402-判读-A1,
(无名)·lib/infrastructure/cli/commands.cpp:1073,常数,lib/infrastructure/cli/commands.cpp:1073,0.0,——（比较哨兵，非取值）,queue_depth_observed 写面：`g.queue_low_run_seconds >= 0.0 ? 1 : 0`,不适用,哨兵判定,不适用（结构性：非科学量，且 0.0 是**比较阈值**不是初始化值）,确认不进科学语义：观测性 manifest 字段的三态编码（资源判据按 §9.74 裁决 10 只登记诊断事实、不设门、不改退出码，见同文件 :766-767 与 :788-789 注释）,不适用,CLI 观测写面（诊断）,否（判读层逐行已判，未过第②层复核）,,AUD-402-判读-A1,
(无名)·lib/infrastructure/cli/commands.cpp:316,常数,lib/infrastructure/cli/commands.cpp:316；lib/infrastructure/cli/resource_gate.h:121；lib/infrastructure/cli/resource_gate.h:119-120,0.0,核（等效核数）,manifest 字段 cpu_cores_used 的未采集写值,不适用,写面哨兵,不适用（结构性：观测哨兵）,确认不进科学语义：run manifest 的资源观测字段，非科学量,不适用,CLI manifest 写面,否（判读层逐行已判，未过第②层复核）,,AUD-402-判读-A1,
(无名)·lib/infrastructure/cli/commands.cpp:717,常数,lib/infrastructure/cli/commands.cpp:717；lib/infrastructure/cli/commands.cpp；lib/infrastructure/cli/resource_gate.h:138-141,0.5,s,ProcessMonitor 采样周期,不适用（运维参数）,>0,不适用（非科学量）；作为**周期常数**它被多处算术依赖（见备注）,无文档条款；同文件 :979 注释自证耦合『采样周期 0.5s(与 sampler interval 一致)』⇒ 靠注释维持一致性，非具名常量,不适用,CLI 资源采样,否（判读层逐行已判，未过第②层复核）,,AUD-402-判读-A1,
(无名)·lib/infrastructure/cli/commands.cpp:720,常数,lib/infrastructure/cli/commands.cpp:720,0.5,s,ResourceRecorder 采样周期,不适用,>0,不适用（非科学量）,同上（与 :717 同簇）,不适用,CLI 资源采样,否（判读层逐行已判，未过第②层复核）,,AUD-402-判读-A1,
(无名)·lib/infrastructure/cli/commands.cpp:769,常数,lib/infrastructure/cli/commands.cpp:769；eng/packaging/config/defaults.json；eng/packaging/config/runtime_resources.json,0.5;10.0,s;s,first-10s 门触发条件：tick·0.5 >= 10.0（跨过 10 s 边界后首次采样即评估）,不适用（诊断门前置）,>0,不适用（非科学量：§9.74 裁决 10 明确资源判据不设门、不改退出码，:766-767）,同文件 :919 注释记『CPU 判据仅 active window>=10s 时提供（规格前置）』⇒ 10 s 有规格身份但**未登记任何配置面**（既不在 defaults.json 也不在 runtime_resources.json，eng/contracts/schemas/monitor_field_semantics.schema.json 内对该阈值零命中）,不适用,CLI 诊断判定,否（判读层逐行已判，未过第②层复核）,,AUD-402-判读-A1,
(无名)·lib/infrastructure/cli/commands.cpp:925,常数,lib/infrastructure/cli/commands.cpp:925；lib/infrastructure/cli/resource_gate.h:136-141；lib/infrastructure/cli/resource_gate.h:147,10.0,s,CPU 判据的判定域前置：act.wall_seconds >= 10.0 才提供 cpu p50/mean,不适用（诊断前置）,>=0,不适用（非科学量）；**有推导但无登记侧**,推导在 lib/infrastructure/cli/resource_gate.h:136-141（利用率判据只在计算区间超过 10 s 时成立 ⇒ 工作量下限 10 核·秒=10 线程秒），并以契约常量 kMon003MinCoreSeconds=kWorkloadFloorCoreSeconds（:147-148）承载；而本行**又写了一次裸 10.0**,不适用,CLI 诊断判定域,否（判读层逐行已判，未过第②层复核）,,AUD-402-判读-A1,
(无名)·lib/infrastructure/cli/commands.cpp:937,常数,lib/infrastructure/cli/commands.cpp:937,1024.0,字节→MiB 换算因子（1024×1024）,rss_slope 由 bytes/s 换算为 MiB/s 后写报告字段,不适用（单位换算）,固定,不适用（结构性常数：单位换算）,换算本身由二进制前缀定义（MiB=2^20 B，IEC 80000-13；本仓不另找天文出处）；**但目标单位未随字段标注**：机械层记『未标注』，实读该行确无单位注释，字段名是否写 MiB 取决于后续写面,不适用,CLI 报告字段换算,否（判读层逐行已判，未过第②层复核）,,AUD-402-判读-A1,
(无名)·lib/infrastructure/cli/commands.cpp:974,常数,lib/infrastructure/cli/commands.cpp:974；lib/infrastructure/cli/resource_gate.h:126-127,100.0,——（百分数→分数换算）,逐样本 CPU 利用率达标判据：归一值 >= kMon001UtilSampleMinPercent/100.0,不适用（换算）,固定 100,不适用（结构性常数：百分数换算因子）,阈值来源 = resource_gate_contract::kPerSampleUtilizationMinPercent（经 resource_gate.h:126-127 具名引入，注释记 单样本 >=0.85）；:124 并记『旧 D.6 的 75%/50% 已在契约中废止，不得回归』,不适用,CLI 诊断判定,否（判读层逐行已判，未过第②层复核）,,AUD-402-判读-A1,
(无名)·lib/infrastructure/cli/commands.cpp:978,常数,lib/infrastructure/cli/commands.cpp:978；lib/infrastructure/cli/resource_gate.h:132-133,100.0,——（百分数→分数换算）,队列窗口利用率下限判据：>= kMon001QueueUtilMinPercent/100.0,不适用（换算）,固定 100,不适用（结构性常数）,阈值来源 = resource_gate_contract::kQueueLowUtilizationPercent（resource_gate.h:132-133，注释记 0.60）,不适用,CLI 诊断判定,否（判读层逐行已判，未过第②层复核）,,AUD-402-判读-A1,
(无名)·lib/infrastructure/cli/commands.cpp:979,常数,lib/infrastructure/cli/commands.cpp:979,0.5,s,低利用连续时长累加步长：q_low_run += 0.5,不适用（周期）,>0,不适用（非科学量）；作为周期常数**依赖采样周期而不派生**,行内注释『采样周期 0.5s(与 sampler interval 一致)』⇒ 一致性靠注释维持；采样周期的真源是同文件 :717/:720 的构造实参（亦为裸 0.5）,不适用,CLI 诊断统计,否（判读层逐行已判，未过第②层复核）,,AUD-402-判读-A1,
(无名)·lib/infrastructure/cli/memory_report.h:249,常数,lib/infrastructure/cli/memory_report.h:249,.3f,不适用（printf 精度限定符，非数值常数）,alloc_report.json wall_seconds 呈现精度,3 位小数,序列化路径无条件执行,不适用（结构性常数：格式说明符被机械层当浮点值抓了）,不适用,不适用,astrocs.memory-report/v2 的 wall_seconds,否（判读层逐行已判，未过第②层复核）,,AUD-402-判读-A2,
(无名)·lib/infrastructure/cli/memory_report.h:255,容差,lib/infrastructure/cli/memory_report.h:255,.3f,不适用（格式限定符）,rss_slope_bytes_per_s 与 rss_growth_mb_per_s 共用同一精度,3 位小数,同上,不适用（结构性常数）,不适用,不适用,alloc_report.json 两斜率字段,否（判读层逐行已判，未过第②层复核）,,AUD-402-判读-A2,
(无名)·lib/infrastructure/cli/memory_report.h:257,常数,lib/infrastructure/cli/memory_report.h:257,.3f,不适用（格式限定符）,reclaim 双口径比例,3 位小数,"哨兵 -1.0 亦按 %.3f 印出（""-1.000""）",不适用（结构性常数）,不适用,不适用,alloc_report.json reclaim_frac / reclaim_frac_alloc,否（判读层逐行已判，未过第②层复核）,,AUD-402-判读-A2；U-04,
(无名)·lib/infrastructure/cli/memory_report.h:260,常数,lib/infrastructure/cli/memory_report.h:260,.1f,不适用（格式限定符）,阈值回显 growth_unbounded_mb_per_s / growth_warn_mb_per_s,1 位小数,thresholds 块,不适用（结构性常数）,不适用,不适用,alloc_report.json thresholds.*（产品工件内的阈值镜像）,否（判读层逐行已判，未过第②层复核）,,AUD-402-判读-A2；L-01；L-03,
(无名)·lib/infrastructure/cli/memory_report.h:261,常数,lib/infrastructure/cli/memory_report.h:261,.2f,不适用（格式限定符）,阈值回显 min_reclaim_frac,2 位小数,thresholds 块,不适用（结构性常数）,不适用,不适用,alloc_report.json thresholds.min_reclaim_frac,否（判读层逐行已判，未过第②层复核）,,AUD-402-判读-A2；U-04,
(无名)·lib/infrastructure/cli/memory_report.h:262,常数,lib/infrastructure/cli/memory_report.h:262,.3f,不适用（格式限定符）,alloc_sample_overhead_ms,3 位小数,报告末字段,不适用（结构性常数）,不适用,不适用,alloc_report.json,否（判读层逐行已判，未过第②层复核）,,AUD-402-判读-A2,
(无名)·lib/infrastructure/cli/memory_report.h:330,常数,lib/infrastructure/cli/memory_report.h:330；lib/infrastructure/cli/memory_growth.h:55,0.0,字节/秒,theil_sen_slope_xy 样本不足短路,不适用,n<2,"无（语义上有意义，与""确无趋势""同形）",不适用（本模块另有 InsufficientSamples 枚举承载，故不成立为缺陷）,不适用,判定被 :471 valid.size()>=kAllocMinCurveSamples 前置拦住,否（判读层逐行已判，未过第②层复核）,,AUD-402-判读-A2,
(无名)·lib/infrastructure/cli/memory_report.h:336,常数,lib/infrastructure/cli/memory_report.h:336,0.0,秒（时间差>0 的界）,dt>0 才计入点对斜率,不适用,重复时间戳/降采样退化时,不适用（结构性常数：合法域边界 0，非取值）,不适用,不适用,点对斜率构造,否（判读层逐行已判，未过第②层复核）,,AUD-402-判读-A2；U-02,
(无名)·lib/infrastructure/cli/memory_report.h:416,常数,lib/infrastructure/cli/memory_report.h:416,.3f,不适用（printf 精度限定符，非数值常数）,alloc_samples.csv 的 t_seconds 列,3 位小数,曲线每行无条件,不适用（结构性常数：机械层把格式说明符当浮点值抓了）,不适用,不适用,alloc_samples.csv（产品曲线工件）,否（判读层逐行已判，未过第②层复核）,,AUD-402-判读-A2,
(无名)·lib/infrastructure/cli/memory_report.h:599,常数,lib/infrastructure/cli/memory_report.h:599；lib/infrastructure/cli/memory_report.h:6-8；eng/tests/backend/test_p2007_joint_gate.py:266,0.0,无量纲比例的哨兵分界,`frac >= 0.0` 即「必须是合法观测」,不适用,y.empty() 分支,不适用（结构性常数：合法域下界，非取值）——但它是**方向判据**，值域一旦变即失效,哨兵约定（-1 未采样、合法值 0–1）由 :6-8/:78/:82 定义；memory_report.h:6-8/:78/:82；test_p2007_joint_gate.py:266 断言 -1.0 语义,不适用,报告复算,否（判读层逐行已判，未过第②层复核）,,AUD-402-判读-A2,
(无名)·lib/infrastructure/cli/memory_report.h:600,常数,lib/infrastructure/cli/memory_report.h:600,0.0,同上,`frac_alloc >= 0.0 || cache_residual != 0`,不适用,y.empty() 分支,不适用（结构性常数：哨兵分界）,同 :599 簇,不适用,报告复算,否（判读层逐行已判，未过第②层复核）,,AUD-402-判读-A2,
(无名)·lib/infrastructure/cli/memory_report.h:618,常数,lib/infrastructure/cli/memory_report.h:618,0.0,字节/秒,样本不足分支的精确相等比较,不适用,y.size()<kAllocMinCurveSamples,不适用（结构性常数：0 与 JSON「0.000」均精确可表示，浮点相等在此安全）,不适用,不适用,报告自校验,否（判读层逐行已判，未过第②层复核）,,AUD-402-判读-A2,
(无名)·lib/infrastructure/cli/module.yaml:27,常数,lib/infrastructure/cli/module.yaml:27；ASTROCS_DESIGN.md:71,1.2,不适用（文档章节号，非数值常数）,ASTROCS_DESIGN 权威指针,不适用,模块元数据 authority 列表,不适用（结构性常数：机械层把 §号当浮点值抓了）,ASTROCS_DESIGN.md:71 ### 1.2 三个命令，三个独立产品（与括号内自述「三命令平级、禁止隐式串接」相符）,不适用,合同面（模块 authority 声明）,否（判读层逐行已判，未过第②层复核）,,AUD-402-判读-A2,
(无名)·lib/infrastructure/cli/module.yaml:28,常数,lib/infrastructure/cli/module.yaml:28；ASTROCS_DESIGN.md；lib/infrastructure/cli/jsonl.h:3；lib/infrastructure/cli/disk_gate.h:4；lib/infrastructure/cli/resource_gate.h；docs/plugins/infrastructure/21_observability.md:101；eng/packaging/config/runtime_resources.json,6.1;6.2;6.3,不适用（三个文档章节号）,ASTROCS_DESIGN 权威指针,不适用,authority 列表第二条,不适用（结构性常数：章节号）,错位。括号内自述是「薄入口、唯一命令树、退出码」，其载体实为 ASTROCS_DESIGN.md §7.1（:490「CLI 是薄入口…退出码」）与 §7.2（:498 退出码表）；被引的 §6 是 export（Phase3）投影导出命令章（§6.1 使命/§6.2 流程/§6.3 投影算法）,不适用,合同面（模块 authority 声明）,否（判读层逐行已判，未过第②层复核）,,AUD-402-判读-A2；L-09,
(无名)·lib/infrastructure/cli/module.yaml:3,常数,lib/infrastructure/cli/module.yaml:3,6.2,不适用（文档章节号）,文件头注释里的 ASTROCS_DESIGN 指针,不适用,注释（非机读字段）,不适用（结构性常数：章节号）,错位（同 :28）：命令树唯一的载体是 §7.1「命令树（唯一）」，§6.2 是 export 的流程章,不适用,文档注释面,否（判读层逐行已判，未过第②层复核）,,AUD-402-判读-A2；L-09,
(无名)·lib/infrastructure/cli/module.yaml:34,常数,lib/infrastructure/cli/module.yaml:34；lib/infrastructure/cli/jsonl.h:3；lib/infrastructure/cli/parser.cpp；lib/infrastructure/cli/disk_gate.h；lib/infrastructure/cli/module.yaml:3；lib/infrastructure/cli/jsonl.h:147；lib/infrastructure/cli/parser.cpp:428；lib/infrastructure/cli/disk_gate.h:4,6.1,不适用（文档章节号）,notes 段里的 ASTROCS_DESIGN 指针,不适用,notes（非机读字段）,不适用（结构性常数：章节号）,错位（同 :28）：「薄入口」句在 §7.1:490,不适用,文档注释面,否（判读层逐行已判，未过第②层复核）,,AUD-402-判读-A2；L-09,
(无名)·lib/infrastructure/cli/module.yaml:8,常数,lib/infrastructure/cli/module.yaml:8；lib/algorithms/platesolve/cpp/ipv/test/CMakeLists.txt:15；lib/infrastructure/cli/module.yaml；lib/infrastructure/cli/subcommand.h:364,.0;.1;0.1,不适用（语义版本串的三个数字段，非取值常数）,module_version=0.1.0-alpha.1,不适用,模块元数据,不适用（结构性常数：版本标识，不进科学语义；机械层把 semver 的分段点当浮点了）,三侧一致且分工有据：VERSION:1=0.1.0-alpha.1（唯一承载）＋CMakeLists.txt:15 project(acsd VERSION 0.1.0)（CMake 只接受数字三元组，其 :12 注释已声明分工）＋本行,不适用,ABI/发行面（与 abi_version:9=1 并列）,否（判读层逐行已判，未过第②层复核）,,AUD-402-判读-A2,
(无名)·lib/infrastructure/cli/monitor.h:351,常数,lib/infrastructure/cli/monitor.h:351；lib/infrastructure/cli/monitor.h:347-351；lib/infrastructure/cli/memory_report.h:6-8,0.0,秒（负增量钳位值）,区间 d_per_thread_cpu_sum 的 clamp 下界,不适用,cur<last 时（线程退出/新建对齐失配）,不适用（结构性常数：0 是「无增量」的定义值）——但见备注的语义吞并,monitor.h:347-351 算法注释；:88「未观测哨兵」纪律,不适用,ProcessMonitor::tick() 内部，经 :1069-1070 到产品事件,否（判读层逐行已判，未过第②层复核）,,AUD-402-判读-A2,
(无名)·lib/infrastructure/cli/monitor.h:354,常数,lib/infrastructure/cli/monitor.h:354；lib/infrastructure/cli/commands.cpp:1069,0.0,秒（区间单线程 CPU 峰值增量的钳位下界）,负增量→0,不适用,cur<last 时,不适用（结构性常数：0 是「无新增」的定义值）,:347-354 算法；下游 commands.cpp:1069 per_thread_cpu_max_pct,不适用,tick() 内部→resource 事件,否（判读层逐行已判，未过第②层复核）,,AUD-402-判读-A2；L-10,
(无名)·lib/infrastructure/cli/monitor.h:363,常数,lib/infrastructure/cli/monitor.h:363,0.0,秒（活跃判定的 CPU 下界）,新建线程「是否算活跃」的门,不适用,found==false 分支,不适用（结构性常数：>0 是「有过任何 CPU」的定义式）,:355-366,不适用,d_active_compute_threads → 契约判据 ① 的被测量族,否（判读层逐行已判，未过第②层复核）,,AUD-402-判读-A2；U-07,
(无名)·lib/infrastructure/cli/monitor.h:369,常数,lib/infrastructure/cli/monitor.h:369；lib/infrastructure/cli/resource_recorder.h:70；lib/infrastructure/cli/monitor.h,0.0,秒（系统 iowait 区间增量钳位）,负增量→0,不适用,cur<last（系统级量，本进程无法约束其单调性）,不适用（结构性常数）,:367-369；采集 :189-207,不适用,tick() 内部→resource_recorder.h:70 io_wait_pct→事件 io_wait_pct,否（判读层逐行已判，未过第②层复核）,,AUD-402-判读-A2；U-08,
(无名)·lib/infrastructure/cli/parser.cpp:424,常数,lib/infrastructure/cli/parser.cpp:424,9.68,不适用（文档章节号）,GAP_AUDIT §9.68 的引用（normalize 分支文案）,不适用,retired_perframe_form_message() normalize 分支,不适用（结构性常数：章节号）,同 :416（载体不在跟踪集）,不适用,用户可见迁移文案,否（判读层逐行已判，未过第②层复核）,,AUD-402-判读-A2；L-13,
(无名)·lib/infrastructure/cli/parser.cpp:428,常数,lib/infrastructure/cli/parser.cpp:428；ASTROCS_DESIGN.md；docs/contracts/CONFIG_CONTRACT.md:14；docs/contracts/CONFIG_CONTRACT.md,3.3,不适用（文档章节号）,ASTROCS_DESIGN.md §3.3 的引用（文案称「一块 = 共享母版的一组帧」出自 §3.3）,不适用,normalize 分支文案末段,不适用（结构性常数：章节号）——但这是**指针内容错位**而非纯假数值,ASTROCS_DESIGN.md §3.3（:237）实为「科学量与星表」，其正文四条分别是五件事口径、精度归属、HEALPix/帧哈希、星表只本地——**不含块形态**；块形态权威 = §4.3 输入合同（JSON 数据块），且这一归属由 docs/contracts/CONFIG_CONTRACT.md:14 自行声明,不适用,用户可见迁移文案,否（判读层逐行已判，未过第②层复核）,,AUD-402-判读-A2；L-09,
(无名)·lib/infrastructure/cli/parser.cpp:487,常数,lib/infrastructure/cli/parser.cpp:487；ASTROCS_DESIGN.md,3.3;9.68,不适用（两个文档章节号）,blocks 与平铺键混用的报错文案,不适用,session_blocks_errors(),不适用（结构性常数：章节号）,ASTROCS_DESIGN.md §3.3 同 :428（错位）；GAP_AUDIT §9.68 同 :416/:424（载体已删）,不适用,用户可见报错（退出码 3 路径）,否（判读层逐行已判，未过第②层复核）,,AUD-402-判读-A2；L-09；L-13,
(无名)·lib/infrastructure/cli/resource_gate.h:232,常数,lib/infrastructure/cli/resource_gate.h:232,0.0,无量纲,—,不适用,0.0 = 哨兵下界,不适用（结构性常数）,—（比较用的哨兵/零值守卫，不是判据阈值）,不适用,0.0 = 哨兵下界,否（判读层逐行已判，未过第②层复核）,,AUD-402-判读-A3,
(无名)·lib/infrastructure/cli/resource_gate.h:240,常数,lib/infrastructure/cli/resource_gate.h:240,0.0,无量纲,—,不适用,0.0 = 哨兵下界,不适用（结构性常数）,—（比较用的哨兵/零值守卫，不是判据阈值）,不适用,0.0 = 哨兵下界,否（判读层逐行已判，未过第②层复核）,,AUD-402-判读-A3,
(无名)·lib/infrastructure/cli/resource_gate.h:302,常数,lib/infrastructure/cli/resource_gate.h:302,0.0,无量纲,—,不适用,0 = 无阈值,不适用（结构性常数）,—（比较用的哨兵/零值守卫，不是判据阈值）,不适用,0 = 无阈值,否（判读层逐行已判，未过第②层复核）,,AUD-402-判读-A3,
(无名)·lib/infrastructure/cli/resource_gate.h:304,常数,lib/infrastructure/cli/resource_gate.h:304,0.0;100.0,未标注,未标注,未标注,(kCpuMeanMinPercent/100)*m,不适用（结构性常数）,—（百分比→分数换算；100.0 是『百分』定义的一部分）,不适用,Compute 且分母>=1,否（判读层逐行已判，未过第②层复核）,,AUD-402-判读-A3,
(无名)·lib/infrastructure/cli/resource_gate.h:343,常数,lib/infrastructure/cli/resource_gate.h:343,0.0,无量纲,—,不适用,0.0 = 哨兵下界,不适用（结构性常数）,—（比较用的哨兵/零值守卫，不是判据阈值）,不适用,0.0 = 哨兵下界,否（判读层逐行已判，未过第②层复核）,,AUD-402-判读-A3,
(无名)·lib/infrastructure/cli/resource_gate.h:375,常数,lib/infrastructure/cli/resource_gate.h:375,0.0,无量纲,—,不适用,哨兵/合法性判别，非阈值,不适用（结构性常数）,—（比较用的哨兵/零值守卫，不是判据阈值）,不适用,哨兵/合法性判别，非阈值,否（判读层逐行已判，未过第②层复核）,,AUD-402-判读-A3,
(无名)·lib/infrastructure/cli/resource_gate.h:377,常数,lib/infrastructure/cli/resource_gate.h:377,0.0,无量纲,—,不适用,哨兵/合法性判别，非阈值,不适用（结构性常数）,—（比较用的哨兵/零值守卫，不是判据阈值）,不适用,哨兵/合法性判别，非阈值,否（判读层逐行已判，未过第②层复核）,,AUD-402-判读-A3,
(无名)·lib/infrastructure/cli/resource_gate.h:382,常数,lib/infrastructure/cli/resource_gate.h:382,0.0,无量纲,—,不适用,哨兵/合法性判别，非阈值,不适用（结构性常数）,—（比较用的哨兵/零值守卫，不是判据阈值）,不适用,哨兵/合法性判别，非阈值,否（判读层逐行已判，未过第②层复核）,,AUD-402-判读-A3,
(无名)·lib/infrastructure/cli/resource_gate.h:391,常数,lib/infrastructure/cli/resource_gate.h:391,0.0,无量纲,—,不适用,哨兵/合法性判别，非阈值,不适用（结构性常数）,—（比较用的哨兵/零值守卫，不是判据阈值）,不适用,哨兵/合法性判别，非阈值,否（判读层逐行已判，未过第②层复核）,,AUD-402-判读-A3,
(无名)·lib/infrastructure/cli/resource_gate.h:414,常数,lib/infrastructure/cli/resource_gate.h:414,100.0,无量纲换算因子,—,不适用,U∈0..1,不适用（结构性常数）,—（utilization_value 的百分→分数换算，定义性）,不适用,逐样本 U 计算,否（判读层逐行已判，未过第②层复核）,,AUD-402-判读-A3,
(无名)·lib/infrastructure/cli/resource_gate.h:421,常数,lib/infrastructure/cli/resource_gate.h:421,0.0,无量纲,—,不适用,0 = 无样本,不适用（结构性常数）,—（比较用的哨兵/零值守卫，不是判据阈值）,不适用,0 = 无样本,否（判读层逐行已判，未过第②层复核）,,AUD-402-判读-A3,
(无名)·lib/infrastructure/cli/resource_gate.h:460,常数,lib/infrastructure/cli/resource_gate.h:460,0.0,无量纲,—,不适用,0 = 无样本,不适用（结构性常数）,—（比较用的哨兵/零值守卫，不是判据阈值）,不适用,0 = 无样本,否（判读层逐行已判，未过第②层复核）,,AUD-402-判读-A3,
(无名)·lib/infrastructure/cli/resource_gate.h:479,常数,lib/infrastructure/cli/resource_gate.h:479,0.0,无量纲,—,不适用,哨兵/合法性判别，非阈值,不适用（结构性常数）,—（比较用的哨兵/零值守卫，不是判据阈值）,不适用,哨兵/合法性判别，非阈值,否（判读层逐行已判，未过第②层复核）,,AUD-402-判读-A3,
(无名)·lib/infrastructure/cli/resource_gate.h:542,常数,lib/infrastructure/cli/resource_gate.h:542,100.0,无量纲换算因子,—,不适用,百分比→分数,不适用（结构性常数）,—（诊断串里把契约百分值换算成分数的定义性因子）,不适用,diag_message 文本,否（判读层逐行已判，未过第②层复核）,,AUD-402-判读-A3,
(无名)·lib/infrastructure/cli/resource_gate.h:63,常数,lib/infrastructure/cli/resource_gate.h:63；docs/DOCUMENT_INDEX.yaml:1065,0.85;10.5,—,—,—,注释,不适用（结构性常数）,—（枚举行注释里的 0.85 与 §10.5，非字面量）,不适用,注释,否（判读层逐行已判，未过第②层复核）,,AUD-402-判读-A3；L5,
(无名)·lib/infrastructure/cli/resource_recorder.h:155,算法,lib/infrastructure/cli/resource_recorder.h:155,0.0;100.0,等效核×100,percent_of_one_core（非容量归一）,不适用,n>=0,不适用（结构性常数）,—（单位换算/除零守卫）,不适用,逐样本采集,否（判读层逐行已判，未过第②层复核）,,AUD-402-判读-A3,
(无名)·lib/infrastructure/cli/resource_recorder.h:157,算法,lib/infrastructure/cli/resource_recorder.h:157,0.0;100.0,等效核×100,percent_of_one_core（非容量归一）,不适用,n>=0,不适用（结构性常数）,—（单位换算/除零守卫）,不适用,逐样本采集,否（判读层逐行已判，未过第②层复核）,,AUD-402-判读-A3,
(无名)·lib/infrastructure/cli/resource_recorder.h:159,算法,lib/infrastructure/cli/resource_recorder.h:159,0.0;100.0,等效核×100,percent_of_one_core（非容量归一）,不适用,n>=0,不适用（结构性常数）,—（单位换算/除零守卫）,不适用,逐样本采集,否（判读层逐行已判，未过第②层复核）,,AUD-402-判读-A3,
(无名)·lib/infrastructure/cli/resource_recorder.h:295,算法,lib/infrastructure/cli/resource_recorder.h:295；lib/infrastructure/cli/resource_events.h:6-7,.2f;.3f,—,—,见备注,输出格式,不适用（结构性常数）,—（fprintf 精度串，非数值常数）,不适用,产物文本表示,否（判读层逐行已判，未过第②层复核）,,AUD-402-判读-A3,
(无名)·lib/infrastructure/cli/resource_recorder.h:296,算法,lib/infrastructure/cli/resource_recorder.h:296,.2f;.3f,—,—,见备注,输出格式,不适用（结构性常数）,—（fprintf 精度串，非数值常数）,不适用,产物文本表示,否（判读层逐行已判，未过第②层复核）,,AUD-402-判读-A3,
(无名)·lib/infrastructure/cli/resource_recorder.h:319,算法,lib/infrastructure/cli/resource_recorder.h:319,.3f,—,—,见备注,输出格式,不适用（结构性常数）,—（fprintf 精度串，非数值常数）,不适用,产物文本表示,否（判读层逐行已判，未过第②层复核）,,AUD-402-判读-A3,
(无名)·lib/infrastructure/cli/resource_recorder.h:328,算法,lib/infrastructure/cli/resource_recorder.h:328,.2f,—,—,见备注,输出格式,不适用（结构性常数）,—（fprintf 精度串，非数值常数）,不适用,产物文本表示,否（判读层逐行已判，未过第②层复核）,,AUD-402-判读-A3,
(无名)·lib/infrastructure/cli/resource_recorder.h:329,算法,lib/infrastructure/cli/resource_recorder.h:329,.2f,—,—,见备注,输出格式,不适用（结构性常数）,—（fprintf 精度串，非数值常数）,不适用,产物文本表示,否（判读层逐行已判，未过第②层复核）,,AUD-402-判读-A3,
(无名)·lib/infrastructure/cli/resource_recorder.h:330,算法,lib/infrastructure/cli/resource_recorder.h:330,.2f,—,—,见备注,输出格式,不适用（结构性常数）,—（fprintf 精度串，非数值常数）,不适用,产物文本表示,否（判读层逐行已判，未过第②层复核）,,AUD-402-判读-A3,
(无名)·lib/infrastructure/cli/resource_recorder.h:332,算法,lib/infrastructure/cli/resource_recorder.h:332,.2f,—,—,见备注,输出格式,不适用（结构性常数）,—（fprintf 精度串，非数值常数）,不适用,产物文本表示,否（判读层逐行已判，未过第②层复核）,,AUD-402-判读-A3,
(无名)·lib/infrastructure/cli/resource_recorder.h:333,算法,lib/infrastructure/cli/resource_recorder.h:333,.2f,—,—,见备注,输出格式,不适用（结构性常数）,—（fprintf 精度串，非数值常数）,不适用,产物文本表示,否（判读层逐行已判，未过第②层复核）,,AUD-402-判读-A3,
(无名)·lib/infrastructure/cli/resource_recorder.h:335,算法,lib/infrastructure/cli/resource_recorder.h:335,.2f,—,—,见备注,输出格式,不适用（结构性常数）,—（fprintf 精度串，非数值常数）,不适用,产物文本表示,否（判读层逐行已判，未过第②层复核）,,AUD-402-判读-A3,
(无名)·lib/infrastructure/cli/resource_recorder.h:370,算法,lib/infrastructure/cli/resource_recorder.h:370,.2f;.3f,—,—,见备注,输出格式,不适用（结构性常数）,—（fprintf 精度串，非数值常数）,不适用,产物文本表示,否（判读层逐行已判，未过第②层复核）,,AUD-402-判读-A3,
(无名)·lib/infrastructure/cli/session_commands.h:157,常数,lib/infrastructure/cli/session_commands.h:157,9.68,—,—,—,文案,不适用（结构性常数）,—（文案里的 §9.68 条款号）,不适用,注释/文案,否（判读层逐行已判，未过第②层复核）,,AUD-402-判读-A3,
(无名)·lib/infrastructure/cli/session_commands.h:187,常数,lib/infrastructure/cli/session_commands.h:187,9.68,—,—,—,文案,不适用（结构性常数）,—（filter_passband 文案里的 §9.68）,不适用,注释/文案,否（判读层逐行已判，未过第②层复核）,,AUD-402-判读-A3,
(无名)·lib/infrastructure/cli/session_commands.h:202,常数,lib/infrastructure/cli/session_commands.h:202,4.2,—,—,—,文案,不适用（结构性常数）,—（star_detection 文案里的 §4.2）,不适用,注释/文案,否（判读层逐行已判，未过第②层复核）,,AUD-402-判读-A3,
(无名)·lib/infrastructure/cli/session_commands.h:256,常数,lib/infrastructure/cli/session_commands.h:256,.20000,px,—,整数,"[1,20000]",不适用（结构性常数）,—（值域文案 1..20000 被误切为 .20000）,不适用,export 模板,否（判读层逐行已判，未过第②层复核）,,AUD-402-判读-A3,
(无名)·lib/infrastructure/cli/session_commands.h:257,常数,lib/infrastructure/cli/session_commands.h:257,.20000,px,—,整数,"[1,20000]",不适用（结构性常数）,—（同上，height_px）,不适用,export 模板,否（判读层逐行已判，未过第②层复核）,,AUD-402-判读-A3,
(无名)·lib/infrastructure/cli/session_commands.h:302,常数,lib/infrastructure/cli/session_commands.h:302,3.3,—,—,—,文案,不适用（结构性常数）,—（bitpix 文案里的 §3.3:256）,不适用,注释/文案,否（判读层逐行已判，未过第②层复核）,,AUD-402-判读-A3,
(无名)·lib/infrastructure/cli/session_commands.h:380,常数,lib/infrastructure/cli/session_commands.h:380,9.68,—,—,—,文案,不适用（结构性常数）,—（--help 文案里的 §9.68）,不适用,文案,否（判读层逐行已判，未过第②层复核）,,AUD-402-判读-A3,
(无名)·lib/infrastructure/cli/subcommand.h:149,常数,lib/infrastructure/cli/subcommand.h:149；ASTROCS_DESIGN.md,3.5,—,—,—,文案,不适用（结构性常数）,—（error 文案里的『§3.5』条款号）,不适用,预检文案,否（判读层逐行已判，未过第②层复核）,,AUD-402-判读-A3,
(无名)·lib/infrastructure/cli/subcommand.h:175,常数,lib/infrastructure/cli/subcommand.h:175；ASTROCS_DESIGN.md,3.5,—,—,—,文案,不适用（结构性常数）,—（error 文案里的『§3.5』条款号）,不适用,预检文案,否（判读层逐行已判，未过第②层复核）,,AUD-402-判读-A3,
(无名)·lib/infrastructure/cli/subcommand.h:177,常数,lib/infrastructure/cli/subcommand.h:177；ASTROCS_DESIGN.md,3.5,—,—,—,文案,不适用（结构性常数）,—（error 文案里的『§3.5』条款号）,不适用,预检文案,否（判读层逐行已判，未过第②层复核）,,AUD-402-判读-A3,
(无名)·lib/infrastructure/cli/v6_runtime_contract.h:115,常数,lib/infrastructure/cli/v6_runtime_contract.h:115；ASTROCS_DESIGN.md,3.1,—,—,—,文案,不适用（结构性常数）,—（拒绝消息串里的『ASTROCS_DESIGN.md 3.1』条款号）,不适用,拒绝文案,否（判读层逐行已判，未过第②层复核）,,AUD-402-判读-A3,
(无名)·lib/infrastructure/cli/v6_runtime_contract.h:122,常数,lib/infrastructure/cli/v6_runtime_contract.h:122,-004.1,—,—,—,文案,不适用（结构性常数）,—（拒绝消息里的控制项编号 C-004.1）,不适用,拒绝文案,否（判读层逐行已判，未过第②层复核）,,AUD-402-判读-A3,
(无名)·lib/infrastructure/cli/v6_runtime_contract.h:344,常数,lib/infrastructure/cli/v6_runtime_contract.h:344,0.0,未标注,未标注,未标注,未标注,不适用（结构性常数）,—（完备性谓词：>0 即要求正证据，方向 fail-closed）,不适用,heavy_metrics_complete,否（判读层逐行已判，未过第②层复核）,,AUD-402-判读-A3,
(无名)·lib/infrastructure/cli/v6_runtime_contract.h:345,常数,lib/infrastructure/cli/v6_runtime_contract.h:345,0.0,未标注,未标注,未标注,未标注,不适用（结构性常数）,—（同上，单线程峰值）,不适用,heavy_metrics_complete,否（判读层逐行已判，未过第②层复核）,,AUD-402-判读-A3,
(无名)·lib/infrastructure/cli/v6_runtime_contract.h:346,常数,lib/infrastructure/cli/v6_runtime_contract.h:346,0.0,未标注,未标注,未标注,未标注,不适用（结构性常数）,—（同上，wall 必须为正）,不适用,heavy_metrics_complete,否（判读层逐行已判，未过第②层复核）,,AUD-402-判读-A3,
ASTROCS_RES_HAVE_CFITSIO_LOCK_STATS,常数,lib/infrastructure/cli/resource_recorder.h:29,1,—,—,—,预处理,不适用（结构性常数）,—（#if defined 特性宏存在性哨兵）,不适用,__has_include 命中时,否（判读层逐行已判，未过第②层复核）,,AUD-402-判读-A3,
FX_SIGMA,常数,eng/tests/unit/p1_noise/adapter_test.cpp:261；docs/science/NOISE_MODEL.md:345,5.0,ADU（噪声标准差，与 FX_BG=100.0 同域）,逐像素高斯噪声夹具 σ,不适用（激励值）,>0,无（测试激励值）,无,不适用,noise 适配器 f32/f64 影子对拍的输入面,否（判读层逐行已判，未过第②层复核）,,AUD-402-判读-BD1,
ZP_k,常数,eng/tests/unit/p1snr/p1snr_fref_baseline_test.cpp:271,无（2.5 取自 CHECK 消息文本里的字符串）,n/a,n/a,n/a,n/a,无（机械抽取假阳性）,无,不适用,n/a,否（判读层逐行已判，未过第②层复核）,,AUD-402-判读-BD1,
achieved_memory_bandwidth_frac,常数,lib/infrastructure/cli/resource_gate.h:164；lib/infrastructure/cli/commands.cpp:906,-1.0,分数 0..1+,—,不适用,>=0 为已测,不适用（结构性常数）,—（不进正式链路的观测字段初值：值由调用方在采样后覆盖，本身不承载判据或科学量）,不适用,仅作为未接线时的占位,否（判读层逐行已判，未过第②层复核）,,AUD-402-判读-A3,
alloc_sample_overhead_ms,常数,lib/infrastructure/cli/memory_report.h:239；lib/infrastructure/cli/monitor.h:448,0.0,毫秒（每 tick 探针开销均值）,overhead_ns_/样本数,%.3f（:262）,≥0；无样本时保持 0.0,不适用（结构性常数）,不适用,不适用,alloc_report.json alloc_sample_overhead_ms,否（判读层逐行已判，未过第②层复核）,,AUD-402-判读-A2,
amplitude_ratio,常数,lib/infrastructure/cli/memory_growth.h:93,0.0,振幅比 (max-min)/min，无量纲,除零兜底,不适用,umin==0,不适用（结构性常数）,不适用,不适用,无生产适用域,否（判读层逐行已判，未过第②层复核）,,AUD-402-判读-A2,
avg_equivalent_cores,常数,lib/infrastructure/cli/monitor.h:396；lib/infrastructure/cli/resource_events.h:36；lib/infrastructure/cli/resource_gate.h:160；lib/infrastructure/cli/commands.cpp:913；lib/infrastructure/cli/v6_runtime_contract.h:299,0.0,等效核（无因次核数）,Summary 字段初值,呈现口径 cpu_cores_used 直接取值,samples_<2 时保持 0.0,不适用（结构性常数）,:410-450；契约 denominator.unit=equivalent_cores；:55-69（monitor Summary → payload 的逐字段搬运）；—（不进正式链路的观测字段初值：值由调用方在采样后覆盖，本身不承载判据或科学量）,不适用,resource 事件 cpu_cores_used（CLI-004 冻结五字段之一）＋work_core_seconds,否（判读层逐行已判，未过第②层复核）,,AUD-402-判读-A2；AUD-402-判读-A3；L-06,
bias_dark,常数,eng/tests/integration/v6_p1/v6_p1_integrate_test.cpp:151；eng/tests/integration/v6_p2/v6_p2_integrate_test.cpp:120,50.0,ADU,逐像素,不适用（激励值，但与 bias_light 相等是判据前提）,has_bias_dark=true 时参与系数折叠,无（测试激励值）,无,不适用,OI-02 系数折叠精确形式（同文件 :133 注释）,否（判读层逐行已判，未过第②层复核）,,AUD-402-判读-BD1,
block,常数,lib/infrastructure/cli/parser.cpp:416；工程控制/RELEASE-05/GAP_AUDIT.md；lib/infrastructure/cli/parser.cpp；docs/contracts/CONFIG_CONTRACT.md；ASTROCS_DESIGN.md,9.71,不适用（文档章节号，出现在**用户可见错误文案**里）,GAP_AUDIT §9.71 裁决 2 的引用,不适用,retired_perframe_form_message() 的 mosaic/export 分支,不适用（结构性常数：章节号被机械层当浮点值抓了）,载体不在 HEAD 跟踪集：§9.71 属 RELEASE-02/03/04 的 GAP_AUDIT，三份均已在历史中删除（现存唯一副本为 工程控制/RELEASE-05/GAP_AUDIT.md，其内 9.71/9.68/9.74 命中数为 0）；内容仅可从 git 历史恢复（正例对照：ae0f1e63^:工程控制/RELEASE-02/GAP_AUDIT.md 命中「裁决 10」）,不适用,CLI 预检/运行期同文案（:401 自述「唯一实现…同文案、同退出码 3」）,否（判读层逐行已判，未过第②层复核）,,AUD-402-判读-A2；L-13,预筛已回：全表命中键 block｜有值侧 3（S4 合同schema、S5 代码兜底、S6 登记册）｜候选档 ⑤仅跨侧异值（含同名异义嫌疑）
cpu_pct_mean,常数,lib/infrastructure/cli/resource_recorder.h:78,0.0,等效核×100,—,不适用,n>=0,不适用（结构性常数）,—（不进正式链路的观测字段初值：值由调用方在采样后覆盖，本身不承载判据或科学量）,不适用,仅作为未接线时的占位,否（判读层逐行已判，未过第②层复核）,,AUD-402-判读-A3,
cpu_pct_peak,常数,lib/infrastructure/cli/resource_recorder.h:81,0.0,等效核×100,—,不适用,n>=0,不适用（结构性常数）,—（不进正式链路的观测字段初值：值由调用方在采样后覆盖，本身不承载判据或科学量）,不适用,仅作为未接线时的占位,否（判读层逐行已判，未过第②层复核）,,AUD-402-判读-A3,
cpu_seconds,常数,lib/infrastructure/cli/monitor.h:68,0.0,秒（进程 user+sys 累计 CPU）,ProcSample 字段初值,无,:237/:262 覆盖（Windows GetProcessTimes / Linux /proc/self/stat）,不适用（结构性常数）,:67-70 声明；换算链见 :257/:233,不适用,全部 CPU 类被测量的根（eq、per-core 事件、work_core_seconds）,否（判读层逐行已判，未过第②层复核）,,AUD-402-判读-A2,
d_cpu_seconds,常数,lib/infrastructure/cli/monitor.h:95,0.0,秒,区间 CPU 增量初值,无,:342 无条件相减覆盖,不适用（结构性常数）,:342；eq（:430）与 recorder.cpu_pct 的分子,不适用,ProcessMonitor::tick 内部→等效核族,否（判读层逐行已判，未过第②层复核）,,AUD-402-判读-A2；L-12,
d_per_thread_cpu_max_seconds,常数,lib/infrastructure/cli/monitor.h:101；lib/infrastructure/cli/monitor.h:86-91；lib/infrastructure/cli/commands.cpp:1069；lib/infrastructure/cli/resource_gate.h:119-121,0.0,秒（区间内单线程累计 CPU 增量最大值）,相邻两次 sample() 的差,无（呈现字段，未定精度）,Windows 恒 0（无 /proc/self/task 等价物，:88 自陈）,不适用（结构性常数：字段零初始化）——但**它承载 0=未观测 的哨兵语义**，故非纯结构,monitor.h:86-91 注释＋:349-354 区间增量算法；消费点 commands.cpp:1069 per_thread_cpu_max_pct,不适用,resource 事件字段 per_thread_cpu_max_pct（CLI 机器通道，进 stdout JSONL）,否（判读层逐行已判，未过第②层复核）,,AUD-402-判读-A2；L-10,
d_per_thread_cpu_sum_seconds,常数,lib/infrastructure/cli/monitor.h:102,0.0,秒（区间内全部线程 CPU 增量之和 = 等效核秒）,相邻两次 sample() 的差,无,Windows 恒 0；线程退出时负增量被 :350-351 钳 0,不适用（结构性常数）,同上（同簇共用 :101 的判读）,不适用,resource 事件字段 per_thread_cpu_sum_pct；契约判据 ⑦ work_core_seconds 的同类量,否（判读层逐行已判，未过第②层复核）,,AUD-402-判读-A2；L-10,
dark,常数,eng/tests/integration/v6_p1/v6_p1_integrate_test.cpp:145,100.0,ADU,逐像素（CalPixelInput）,不适用（激励值）,has_dark=true 时参与扣减,无（测试激励值）,无,不适用,Phase-1 校准像素输入,否（判读层逐行已判，未过第②层复核）,,AUD-402-判读-BD1,
done_rate,常数,lib/infrastructure/cli/commands.cpp:831,0.0;1.0,1/s,done_rate = wall>0 ? 1.0/wall : 0.0（进度率）,不适用（展示量）,>=0,不适用（非科学量：UI 进度估算）,无（进度条速率估算，不进任何判定）,不适用,CLI 进度显示,否（判读层逐行已判，未过第②层复核）,,AUD-402-判读-A1,
elapsed_seconds,常数,lib/infrastructure/cli/resource_recorder.h:49,0.0,s,—,不适用,n>=0,不适用（结构性常数）,—（不进正式链路的观测字段初值：值由调用方在采样后覆盖，本身不承载判据或科学量）,不适用,仅作为未接线时的占位,否（判读层逐行已判，未过第②层复核）,,AUD-402-判读-A3,
err,常数,lib/infrastructure/cli/v6_runtime_contract.h:250；docs/DOCUMENT_INDEX.yaml:1065,10.4,—,—,—,文案,不适用（结构性常数）,—（错误消息里的『§10.4』条款号）,不适用,拒绝文案,否（判读层逐行已判，未过第②层复核）,,AUD-402-判读-A3；L5,
frac_alloc,常数,lib/infrastructure/cli/memory_report.h:587,0.0,无量纲比例,v2 新增字段的 extract 目标,不适用,解析成功前,不适用（结构性常数）,不适用,不适用,validate_alloc_report 的 v2 必含校验,否（判读层逐行已判，未过第②层复核）,,AUD-402-判读-A2；U-05,
frac_scaled,常数,eng/tests/unit/p1001_real_nodes_test.cpp:3750,−1.0（JSON 缺键哨兵）,无量纲（掩膜像素占比）,逐帧 mask_frac,缺（本队列内未见对它的判据）,"[0,1]；-1=未取到",无（结构性）,无,不适用,同 W3(b) 的标度不变性对照量,否（判读层逐行已判，未过第②层复核）,,AUD-402-判读-BD1,
fwhm_px,公式,eng/tests/unit/p1snr/p1snr_linux_test.cpp:188；lib/algorithms/noise_snr/cpp/include/snr_estimator.h:325；docs/science/STAR_DETECTION.md:104,表达式 1.5 + 0.25·i，i=0..8（机械层记作 0.25;1.5）,像素（检测块高斯 FWHM）,逐源（SnrSourceRow）,不适用（激励值）,>0,无（测试激励值）；单位口径有 A/C 锚,单位与换算口径：lib/algorithms/noise_snr/cpp/include/snr_estimator.h:325（fwhm_px = 检测块高斯 FWHM = 2.3548200450309493·sigma）＋ docs/science/STAR_DETECTION.md:104（与 PSF 块 1.230310 相差 1.9140×，禁止跨块混用 DISP-STAR-007）,不适用,F1 天空受限合成集,否（判读层逐行已判，未过第②层复核）,,AUD-402-判读-BD1,
gain,常数,eng/tests/integration/v6_p1/v6_p1_integrate_test.cpp:99；docs/science/NOISE_MODEL.md:32,2.0,e⁻/ADU,探测器元数据（逐帧标量）,不适用（激励值）,>0（≤0 时诊断方差式返回 0）,无（测试激励值）,单位锚 docs/science/NOISE_MODEL.md:32/§44；数值 2.0 无出处（也不需要）,不适用,DetectorMetadata.gain（has_gain=true）,否（判读层逐行已判，未过第②层复核）,,AUD-402-判读-BD1,预筛已回：全表命中键 gain｜有值侧 2（S5 代码兜底、S6 登记册）
gain_e_per_adu,常数,eng/tests/unit/p1001_real_nodes_test.cpp:91；docs/science/NOISE_MODEL.md:32,1.5,e⁻/ADU,StarField 夹具逐帧标量,不适用（激励值）,>0,无（激励值）；单位与用途有 A/C 锚,"docs/science/NOISE_MODEL.md:32/:44（gain: e-/ADU）；本文件 :94-97 引 §9.41 负责人裁决要求""真实物理噪声过程（电子域 Poisson + 读出 Gaussian + 增益量化到 ADU）""，1.5/5.0 只是使该过程可算的任意正数",不适用,合成帧噪声生成（Poisson 在 e⁻ 域、量化回 ADU）,否（判读层逐行已判，未过第②层复核）,,AUD-402-判读-BD1,
hips_pixel_scale,常数,eng/tests/unit/p1_hips_writer_test.cpp:158；lib/infrastructure/aio/include/aio_hips.h:93-96；docs/algorithms/HIPS_WRITER.md:222；lib/infrastructure/aio/tests/p1hips/p1hips_tests_oracle.cpp:584-598；lib/infrastructure/hips_browser/healpix_browser_qt/tools/gen_geometry_truth.py:177；lib/infrastructure/aio/src/hips/aio_hips_writer.cpp:1890,字符串字面量 412.258369，出现在 **== npos**（必须不存在）的断言里,角秒（该字面量的原口径，即被否证的错值）,HiPS properties 键,n/a（负例断言）,n/a,"无（该值在此处是""必须消失的旧缺陷指纹""）",412.258369 的正当出处＝nside=512 叶像素**角秒**尺度：3600·(180/π)·√(π/3)/512，登记于 lib/infrastructure/aio/include/aio_hips.h:93-96（用于 SCI-DRZ-001 的 1–2× 过采样帧尺度上界）与 docs/algorithms/HIPS_WRITER.md:222,不适用,M2b-B-03 回归锁定（产品键单位）,否（判读层逐行已判，未过第②层复核）,,AUD-402-判读-BD1,
intra_snr（Phase2 帧内项）,算法,lib/infrastructure/scheduler/src/module_adapters.cpp:11534,恒 1.0（in.sparse = nullptr）,无量纲,actual_snr = frame_snr × intra_snr,不适用,稀疏 SNR 层未接入生产数据面 ⇒ 逐帧常数权,不适用（结构性：未接线的降级路径，且已显式声明 uncertainty_available=false、weight_source=frame_snr）,weight_chain.cpp:714 double intra = 1.0、:739、:779；module_adapters.cpp:11534 in.sparse=nullptr,不适用,Phase2 叠加权（臂 B）,是（第②层复核改判）,,AUD-202-SNR核验 AUD202-003；复核-AUD202 V1；复核注记：是（复核改判：臂 B 判为「已声明降级＝非缺陷」，与臂 A 拆开定级）,
io_await_ms,常数,lib/infrastructure/cli/resource_gate.h:169,0.0,ms,—,不适用,n>=0,不适用（结构性常数）,—（不进正式链路的观测字段初值：值由调用方在采样后覆盖，本身不承载判据或科学量）,不适用,仅作为未接线时的占位,否（判读层逐行已判，未过第②层复核）,,AUD-402-判读-A3,
io_wait_pct,常数,lib/infrastructure/cli/resource_recorder.h:70,0.0,等效核×100,—,不适用,n>=0,不适用（结构性常数）,—（不进正式链路的观测字段初值：值由调用方在采样后覆盖，本身不承载判据或科学量）,不适用,仅作为未接线时的占位,否（判读层逐行已判，未过第②层复核）,,AUD-402-判读-A3,
io_wait_pct_mean,常数,lib/infrastructure/cli/resource_recorder.h:91,0.0,等效核×100,—,不适用,n>=0,不适用（结构性常数）,—（不进正式链路的观测字段初值：值由调用方在采样后覆盖，本身不承载判据或科学量）,不适用,仅作为未接线时的占位,否（判读层逐行已判，未过第②层复核）,,AUD-402-判读-A3,
io_wait_percent,常数,lib/infrastructure/cli/v6_runtime_contract.h:314,0.0,%,—,不适用,n>=0,不适用（结构性常数）,—（不进正式链路的观测字段初值：值由调用方在采样后覆盖，本身不承载判据或科学量）,不适用,仅作为未接线时的占位,否（判读层逐行已判，未过第②层复核）,,AUD-402-判读-A3,
kMemoryBudgetPercentMax,常数,eng/packaging/config/runtime_resources_generated.h.in:18；eng/packaging/config/runtime_resources.json:18,100,%（值域端点）,内存预算百分比的合同值域上界,整数,"[1,100]；生成头常量",不适用（结构性常数：百分数值域上界）,同上（与 :17 同一条款、同一消费链；两行合用一条出处）,不适用,调度器内存准入预算值域校验,否（判读层逐行已判，未过第②层复核）,,AUD-402-判读-A1,
kMemoryBudgetPercentMin,常数,eng/packaging/config/runtime_resources_generated.h.in:17；eng/packaging/config/runtime_resources.json:17；lib/algorithms/platesolve/cpp/ipv/test/CMakeLists.txt:162；lib/infrastructure/scheduler/src/memory_budget.cpp；eng/packaging/config/defaults.json；eng/tools/quality/budget_sources.json:26-30,1,%（值域端点）,内存预算百分比的合同值域下界,整数,"[1,100]；生成头常量，非配置键",不适用（结构性常数：百分数值域端点）,确认不进科学语义：只做区间校验端点；唯一消费链 = eng/packaging/config/runtime_resources.json:17（memory_budget_percent=95）→ 根 CMakeLists.txt:162 string(JSON) → :172-173 configure_file → memory_budget.cpp 读 kMemoryBudgetPercentDefault,不适用,调度器内存准入预算值域校验,否（判读层逐行已判，未过第②层复核）,,AUD-402-判读-A1,
kMon001NotSampled,常数,lib/infrastructure/cli/resource_gate.h:121,-1.0,无量纲（哨兵）,—,不适用,v>-1 记为已采样,不适用（结构性常数）,—（不进正式链路的观测字段初值：值由调用方在采样后覆盖，本身不承载判据或科学量）,不适用,仅作为未接线时的占位,否（判读层逐行已判，未过第②层复核）,,AUD-402-判读-A3,
legacy_dex,公式,eng/tests/unit/p1snr/p1snr_linux_test.cpp:296,表达式 1.0/(ln10·0.05)，即 1/(2.302585092994045684·sigma)（机械层记作 1.0）,无量纲（伪 SNR）,逐帧,判据为 >1e-6（必须不等）,>0,无（负例构造）,行内 :292-295 已登记意图：旧构造 1/(ln10·sigma_residual) 是常数、与目录无关，必须被否证,不适用,C2 旧定义否证,否（判读层逐行已判，未过第②层复核）,,AUD-402-判读-BD1,
limit,公式,eng/tests/unit/mem_wire_test.cpp:319,表达式 per_node + per_node/2（机械层记作 1.5）,字节（同 kLimit 域）,调度器上限,不适用,>0,无（结构性，且已是导出式）,"无（行内注释 :319 说明""同时最多 1 个在途（1.5×）""，且 per_node 来自估算器 :317，非硬编码）",不适用,"回压判据的""独立输入""侧",否（判读层逐行已判，未过第②层复核）,,AUD-402-判读-BD1,
max_dev0,容差,eng/tests/unit/p1001_real_nodes_test.cpp:1516,0.0,无量纲（支持度偏差绝对值上确界）,逐像素 max 归约（tile 0）,不适用,非负,无（结构性）,无,不适用,HiPS tile support 面回归,否（判读层逐行已判，未过第②层复核）,,AUD-402-判读-BD1,
max_pt,常数,eng/tests/system/v6_runtime/v6_runtime_resource_record_test.cpp:106；eng/contracts/resource_gate_v1.json；lib/algorithms/platesolve/cpp/ipv/test/CMakeLists.txt:135-154,0.0,无量纲（每线程 CPU 占用百分比的累加上确界）,逐样本 max,不适用,非负,无（结构性）,无,不适用,资源记录回归（per_thread_cpu_max_pct 等 summary 键）,否（判读层逐行已判，未过第②层复核）,,AUD-402-判读-BD1,
max_recip,容差,eng/tests/unit/p1001_real_nodes_test.cpp:3241,0.0,无量纲（|v·w−1| 的上确界，variance×ivar 互反性偏差）,逐像素 max 归约,不适用（累加器初值）,非负,无（结构性）,无,不适用,IVAR-002(a) 互反性判据,否（判读层逐行已判，未过第②层复核）,,AUD-402-判读-BD1,
max_rel,容差,eng/tests/cpu/avx2/provider_avx2_oracle_main.cpp:262,0.0f,无量纲（相对偏差）,逐元素 max 归约,不适用,非负上确界累加器,无（结构性）,无,不适用,AVX2 vs baseline 逐元素最大相对差统计,否（判读层逐行已判，未过第②层复核）,,AUD-402-判读-BD1,
median_throughput_gbps,常数,lib/infrastructure/acr/qualification/profile_schema.hpp:81；lib/infrastructure/acr/qualification/profile_schema.hpp:41；lib/algorithms/platesolve/cpp/ipv/test/CMakeLists.txt:18,0.0,GB/s,聚合统计成员初值（由 aggregate 覆盖）,不适用,构造期哨兵,不适用（结构性常数，同簇合并）,同 throughput_gbps（profile_schema.hpp:41/:81/:82 三行共用一条判定；ACR DORMANT 由根 CMakeLists.txt:18 承载）,不适用,ACR 基准统计（生产不可达）,否（判读层逐行已判，未过第②层复核）,,AUD-402-判读-A1,
one_worker_ns,常数,lib/infrastructure/cli/resource_gate.h:175,-1.0,ns,—,不适用,>0 才参与,不适用（结构性常数）,—（不进正式链路的观测字段初值：值由调用方在采样后覆盖，本身不承载判据或科学量）,不适用,仅作为未接线时的占位,否（判读层逐行已判，未过第②层复核）,,AUD-402-判读-A3,
pass,常数,lib/infrastructure/cli/commands.cpp:966,0.0,count（达标样本数）,pass 计数初始化：逐样本比 kMon001UtilSampleMinPercent/100 后 ++pass,不适用,>=0,不适用（结构性常数）,阈值本身有契约单源（见 :974 行），本行的 0.0 只是累加器初值 ⇒ 无常数待出处,不适用,CLI 诊断统计,否（判读层逐行已判，未过第②层复核）,,AUD-402-判读-A1,
peak,常数,lib/infrastructure/cli/memory_report.h:579,0.0,字节 / 秒 / 比例（同行四变量）,extract_* 失败时的目标变量初值,不适用,解析成功前,不适用（结构性常数）,不适用,不适用,validate_alloc_report 比对基准,否（判读层逐行已判，未过第②层复核）,,AUD-402-判读-A2,
per_thread_cpu_max_pct,常数,lib/infrastructure/cli/resource_recorder.h:68,0.0,等效核×100,—,不适用,n>=0,不适用（结构性常数）,—（不进正式链路的观测字段初值：值由调用方在采样后覆盖，本身不承载判据或科学量）,不适用,仅作为未接线时的占位,否（判读层逐行已判，未过第②层复核）,,AUD-402-判读-A3,
per_thread_cpu_max_pct_peak,常数,lib/infrastructure/cli/resource_recorder.h:88,0.0,等效核×100,—,不适用,n>=0,不适用（结构性常数）,—（不进正式链路的观测字段初值：值由调用方在采样后覆盖，本身不承载判据或科学量）,不适用,仅作为未接线时的占位,否（判读层逐行已判，未过第②层复核）,,AUD-402-判读-A3,
per_thread_cpu_max_seconds,常数,lib/infrastructure/cli/monitor.h:90；lib/infrastructure/cli/commands.cpp:1069；lib/infrastructure/cli/memory_report.h:224-225；lib/infrastructure/cli/v6_runtime_contract.h:305,0.0,秒,单线程累计 CPU 峰值初值,无,Windows 恒 0（:88 自陈无廉价等价物）,不适用（结构性常数）,:316-319 由 thread_cpu 聚合；下游 commands.cpp:1069；—（不进正式链路的观测字段初值：值由调用方在采样后覆盖，本身不承载判据或科学量）,不适用,resource 事件 per_thread_cpu_max_pct,否（判读层逐行已判，未过第②层复核）,,AUD-402-判读-A2；AUD-402-判读-A3；L-10,
per_thread_cpu_sum_pct,常数,lib/infrastructure/cli/resource_recorder.h:69,0.0,等效核×100,—,不适用,n>=0,不适用（结构性常数）,—（不进正式链路的观测字段初值：值由调用方在采样后覆盖，本身不承载判据或科学量）,不适用,仅作为未接线时的占位,否（判读层逐行已判，未过第②层复核）,,AUD-402-判读-A3,
per_thread_cpu_sum_pct_mean,常数,lib/infrastructure/cli/resource_recorder.h:89,0.0,等效核×100,—,不适用,n>=0,不适用（结构性常数）,—（不进正式链路的观测字段初值：值由调用方在采样后覆盖，本身不承载判据或科学量）,不适用,仅作为未接线时的占位,否（判读层逐行已判，未过第②层复核）,,AUD-402-判读-A3,
per_thread_cpu_sum_seconds,常数,lib/infrastructure/cli/monitor.h:91；lib/infrastructure/cli/v6_runtime_contract.h:306,0.0,秒（全部线程累计 CPU 之和 = 等效核秒）,初值,无,Windows 恒 0；Linux 读 /proc/self/task 失败时亦 0,不适用（结构性常数）,:316-320；契约判据 ⑦ work_core_seconds 的同类量；—（不进正式链路的观测字段初值：值由调用方在采样后覆盖，本身不承载判据或科学量）,不适用,resource 事件 per_thread_cpu_sum_pct,否（判读层逐行已判，未过第②层复核）,,AUD-402-判读-A2；AUD-402-判读-A3；L-05；L-10,
period,常数,lib/infrastructure/cli/commands.cpp:744,0.5,s,duration→steady 时钟换算的周期量,不适用,>0,不适用（非科学量）,同上（与 :717 同簇第 3 行）,不适用,CLI 资源采样,否（判读层逐行已判，未过第②层复核）,,AUD-402-判读-A1,
photometric_scale_a,常数,eng/tests/integration/v6_p3/p3_v6_export_e2e_test.cpp:168；docs/science/PHOTOMETRY.md:13；docs/standards/NUMERIC_STANDARD.md；lib/algorithms/resample/p3_rsmp_failclosed.cpp:153,1.5,无量纲（线性标度因子 α）,x′=α·x ⇒ Var′=α²Var、ivar′=ivar/α²（逐帧）,不适用（激励值）,>0 才算 present；0/负 → 缺 a → REJECT,无（测试激励值）,"语义锚：docs/science/PHOTOMETRY.md:13（标度类别 photo_scaled_adu 与 α 换算式，引 docs/standards/NUMERIC_STANDARD.md）；合同侧 fail-closed 锚：eng/contracts/schemas/product_family_field_constraints.schema.json:3999-4005（x-astrocs.fail_closed=""缺光度尺度 a -> REJECT""）＋ lib/algorithms/resample/p3_rsmp_failclosed.cpp:153 门 G-P3-PSF-05",不适用,Phase-3 导出输入的 α；生产默认 0.0（lib/phase3_session/p3_v6_export.h:139）⇒ 不声明即拒,否（判读层逐行已判，未过第②层复核）,,AUD-402-判读-BD1；G-P3,
prev,常数,lib/infrastructure/cli/monitor.h:358；lib/infrastructure/cli/commands.cpp:1070-1071,0.0,秒,prev：本次快照线程在上一次快照的累计 CPU，未命中时的初值,不适用,线程新建（last_ 中无此 tid）,不适用（结构性常数：查表未命中初值）,:355-366 循环,不适用,d_active_compute_threads 计算,否（判读层逐行已判，未过第②层复核）,,AUD-402-判读-A2,
process_cpu_seconds,常数,lib/infrastructure/cli/v6_runtime_contract.h:298,0.0,s,—,不适用,n>=0,不适用（结构性常数）,—（不进正式链路的观测字段初值：值由调用方在采样后覆盖，本身不承载判据或科学量）,不适用,仅作为未接线时的占位,否（判读层逐行已判，未过第②层复核）,,AUD-402-判读-A3,
progress,常数,lib/infrastructure/cli/resource_recorder.h:64,.1;0.0,分数 0..1,—,不适用,0..1,不适用（结构性常数）,—（不进正式链路的观测字段初值：值由调用方在采样后覆盖，本身不承载判据或科学量）,不适用,仅作为未接线时的占位,否（判读层逐行已判，未过第②层复核）,,AUD-402-判读-A3,
progress_,常数,lib/infrastructure/cli/resource_recorder.h:208,0.0,分数 0..1,—,不适用,0..1,不适用（结构性常数）,—（不进正式链路的观测字段初值：值由调用方在采样后覆盖，本身不承载判据或科学量）,不适用,仅作为未接线时的占位,否（判读层逐行已判，未过第②层复核）,,AUD-402-判读-A3,
q_low_run,常数,lib/infrastructure/cli/commands.cpp:967；lib/infrastructure/cli/resource_gate.h:130-133；lib/infrastructure/cli/commands.cpp:982；lib/algorithms/platesolve/cpp/ipv/test/CMakeLists.txt:18,0.0,s（q_low_run）/ 无量纲（q_low_best）,队列低利用连续时长与历史最优值初始化,不适用,>=0,不适用（结构性常数）,同上（同簇）；其后续判据的阈值有契约单源（kMon001QueueWindowSeconds、kMon001QueueUtilMinPercent，resource_gate.h:130-133）；无（复位语义，无常数待出处）,不适用,CLI 诊断统计,否（判读层逐行已判，未过第②层复核）,,AUD-402-判读-A1,
r_scaled,常数,eng/tests/unit/p1001_real_nodes_test.cpp:3749；docs/science/NOISE_MODEL.md:97；docs/algorithms/NOISE_ESTIMATION.md:144；eng/packaging/config/defaults.json:109-111,−1.0（JSON 缺键哨兵）；被测值来自 mask_radius_p50,像素,逐帧掩膜半径 p50（α 标度面上）,判据 rel≤1e-5（:3763，推导注释 :3756-3759）,≥0 为有效；<0 = 未取到,无（哨兵）；被测判据有推导注释,"半径硬上界 60 px 的唯一源链：docs/science/NOISE_MODEL.md:97/:368（rmax=max(1,r0)·max(1,scale)=60 px，MASK-002 导出链）→ docs/algorithms/NOISE_ESTIMATION.md:144/167 → eng/packaging/config/defaults.json:109-111（source_ref 三段登记）",不适用,W3(b) 标度不变性（ADU 面 vs 光标面半径须不变）,否（判读层逐行已判，未过第②层复核）,,AUD-402-判读-BD1,
read_noise_e,常数,eng/tests/integration/v6_p1/v6_p1_integrate_test.cpp:101；docs/science/NOISE_MODEL.md:44；docs/algorithms/NOISE_ESTIMATION.md:198,5.0,e⁻,探测器元数据（逐帧标量）,不适用（激励值）,≥0；与 gain 同域进方差式,无（测试激励值）,单位与语义有 A/C 锚：docs/science/NOISE_MODEL.md:44（read_noise_e: e-）、§5c 方差式；数值 5.0 本身无出处,不适用,DetectorMetadata.read_noise_e,否（判读层逐行已判，未过第②层复核）,,AUD-402-判读-BD1,
reclaim_frac,常数,lib/infrastructure/cli/memory_report.h:120；lib/infrastructure/cli/memory_report.h:6-8；lib/infrastructure/cli/resource_gate.h:119-121；eng/tests/backend/test_p2007_joint_gate.py:266；lib/infrastructure/cli/memory_report.h:232；lib/infrastructure/cli/memory_report.h:453；lib/infrastructure/cli/memory_report.h:497,-1.0,无量纲比例 (peak-last)/peak,回落比例（0=未回落，1=全回落）,呈现精度 %.3f（:257）,合法 0–1；-1 = 未采样/不可算,不适用（哨兵约定，非测量值；结构性）,:120 哨兵簇；:120 哨兵簇（本行是**赋值点**之一，另两处 :497 与初值 :232）；memory_report.h:6-8（哨兵纪律）＋:78/:82 枚举注释＋resource_gate.h:119-121 kMon001NotSampled=-1.0 同源＋eng/tests/backend/test_p2007_joint_gate.py:266（-1.0 未采样哨兵语义断言，载体在 HEAD 跟踪集）；同 :120 簇（memory_report.h:6-8 纪律＋resource_gate.h:119-121＋test_p2007_joint_gate.py:266）,不适用,alloc_report.json 字段 reclaim_frac；validate_alloc_report:599 依赖其方向,否（判读层逐行已判，未过第②层复核）,,AUD-402-判读-A2；L-04,
reclaim_frac_alloc,常数,lib/infrastructure/cli/memory_report.h:121；lib/infrastructure/cli/memory_report.h:236；lib/infrastructure/cli/resource_gate.h:119,-1.0,无量纲比例（allocator 实占口径）,回落比例,(peak_alloc-last_alloc)/peak_alloc,0–1；-1 = 探针不可用/不可算,不适用（哨兵约定）,"同 :121 簇；同上（同簇 :120；另 :137-141 定义""探针可用且峰值≥残差容差""才可算）",不适用,alloc_report.json reclaim_frac_alloc；F-14 被测量选择,否（判读层逐行已判，未过第②层复核）,,AUD-402-判读-A2；U-03,
recs,常数,lib/infrastructure/cli/commands.cpp:771；lib/infrastructure/cli/resource_gate.h:138-141,10.0,s,records_upto(10.0) 的取窗长度,不适用,>0,不适用（非科学量）,同上（与 :769 同簇；10 s 判定域见 resource_gate.h:138-141 的 thread-seconds 推导）,不适用,CLI 诊断判定,否（判读层逐行已判，未过第②层复核）,,AUD-402-判读-A1,
required_memory_bandwidth_frac,常数,lib/infrastructure/cli/resource_gate.h:165,0.0,分数 0..1+,—,不适用,n>=0,不适用（结构性常数）,—（不进正式链路的观测字段初值：值由调用方在采样后覆盖，本身不承载判据或科学量）,不适用,仅作为未接线时的占位,否（判读层逐行已判，未过第②层复核）,,AUD-402-判读-A3,
robust_slope_bytes_per_iter,算法,lib/infrastructure/cli/memory_growth.h:44；lib/infrastructure/cli/resource_gate.h:119-121；lib/infrastructure/cli/memory_report.h:7-8,0.0,字节/轮,Theil-Sen 中位数斜率,不适用（结果字段初值）,n<2 时保持 0.0,不适用（结构性常数：结果结构体零初始化，不进科学语义；且所属函数生产零调用）,不适用,不适用,无生产适用域,否（判读层逐行已判，未过第②层复核）,,AUD-402-判读-A2,
rss_slope_mb_per_s,常数,lib/infrastructure/cli/resource_gate.h:194；lib/infrastructure/cli/commands.cpp:936,0.0,MiB/s（1048576 B/s）,—,不适用,可正可负,不适用（结构性常数）,—（不进正式链路的观测字段初值：值由调用方在采样后覆盖，本身不承载判据或科学量）,不适用,仅作为未接线时的占位,否（判读层逐行已判，未过第②层复核）,,AUD-402-判读-A3,
s,常数,lib/infrastructure/cli/resource_recorder.h:327,.3f,—,—,见备注,输出格式,不适用（结构性常数）,—（fprintf 精度串，非数值常数）,不适用,产物文本表示,否（判读层逐行已判，未过第②层复核）,,AUD-402-判读-A3,
sample_overhead_ms,常数,lib/infrastructure/cli/monitor.h:406；lib/infrastructure/cli/memory_report.h:239；docs/plugins/infrastructure/21_observability.md；lib/infrastructure/cli/resource_events.h:45,0.0,毫秒（每样本均值）,Summary 字段初值,%.3f 级呈现（:448 用 /1e6 ns→ms）,n_==0 时保持 0.0,不适用（结构性常数）,:448；语义权威=「07 §1 采样开销测量」（载体不在跟踪集）；同 :36 簇,不适用,资源摘要呈现；观测开销不得影响性能预算（21_observability.md:8）,否（判读层逐行已判，未过第②层复核）,,AUD-402-判读-A2；L-01；L-02；U-08,
scale,公式,eng/tests/system/v6_runtime/v6_runtime_determinism_test.cpp:56,表达式 (i%17)+1.0（机械层只记 1.0）,无量纲（幅度分层倍数）,合成向量逐元素,不适用,取值域 1..17,无（结构性）,无,不适用,确定性回归的输入幅度打散,否（判读层逐行已判，未过第②层复核）,,AUD-402-判读-BD1,预筛已回：全表命中键 correlation_kernel.scale｜有值侧 1（S4 合同schema）
scale_deg_per_px,常数,eng/tests/unit/mem_wire_test.cpp:312；docs/algorithms/PHASE2_SAMPLER.md:78,0.001,度/像素,PlanInputMetadata（规划估算输入）,不适用（激励值）,>0；参与 n_side/面积估算,无（测试激励值）,无,不适用,estimate_plan 的内存峰值估算输入,否（判读层逐行已判，未过第②层复核）,,AUD-402-判读-BD1,预筛已回：全表命中键 scale_deg_per_px｜有值侧 4（S2 出厂模板、S3 CLI骨架、S4 合同schema、S5 代码兜底）｜候选档 ③哨兵不一致
sigma,常数,eng/tests/unit/p1_stars_test.cpp:227,无（.6f 是 printf 格式串片段）,n/a,n/a,n/a,n/a,无（机械抽取假阳性）,无,不适用,n/a,否（判读层逐行已判，未过第②层复核）,,AUD-402-判读-BD1,
sigma_f,常数,eng/tests/unit/p1snr/p1snr_linux_test.cpp:89；docs/science/NOISE_MODEL.md:44,0.0（结构体成员默认）,ADU（通量不确定度）,独立参考实现 Ref 的逐源输出,不适用,≥0,无（结构性）,单位锚 docs/science/NOISE_MODEL.md:44（σ 类量 ADU）；本行不携带,不适用,ref_source σ_F 累加输出,否（判读层逐行已判，未过第②层复核）,,AUD-402-判读-BD1,
sigma_logflux_dex,常数,eng/tests/unit/p1snr/p1snr_linux_test.cpp:241；docs/science/NOISE_MODEL.md:323；docs/references/PHOTOMETRY_LITERATURE_REVIEW_ARCHIVE.md:58；lib/algorithms/noise_snr/cpp/src/snr_science.cpp:279,0.05,dex（log10 通量的逐星定标散度）,逐帧定标残差统计量,不适用（激励值）；被测式用 1e-15 rtol,≥0,无（激励值）；但被测常数 1.253 有档且实现有问题,语义与单位：docs/science/NOISE_MODEL.md:323（sigma_location_se_dex ≈ 1.253·sigma_residual/√N_eff，1.253=√(π/2)）；docs/references/PHOTOMETRY_LITERATURE_REVIEW_ARCHIVE.md:58（同一式的综述锚，写约 1.253）；实现 lib/algorithms/noise_snr/cpp/src/snr_science.cpp:279,不适用,F3 零点标准误公式核对,否（判读层逐行已判，未过第②层复核）,,AUD-402-判读-BD1,
sigma_sky_adu,常数,eng/tests/unit/p1snr/p1snr_linux_test.cpp:192；docs/science/NOISE_MODEL.md:44,40.0,ADU,逐帧天空背景标准差（标量）,不适用（激励值）,>0；≤0 触发无效（out.valid=false）路径,无（测试激励值）,单位锚 docs/science/NOISE_MODEL.md:44（σ_bg: ADU）；数值 40.0 无出处（无需）,不适用,SnrFrameScienceConfig 天空受限分支,否（判读层逐行已判，未过第②层复核）,,AUD-402-判读-BD1,
snr,常数,eng/tests/backend/syn008_seam_main.cpp:96；docs/algorithms/PHASE2_UPM_IMPL.md:166,100.0,无量纲（观测信噪比）,逐控制观测（per-control），无归一化,不适用（激励值）,权重式要求 snr≥0；snr²/(1+snr²) 单调,无（测试激励值，非科学量）,无（作为激励值无需出处；权重式见 docs/algorithms/PHASE2_UPM_IMPL.md:166）,不适用,P2ControlObservation.snr → raw_w 权重因子,否（判读层逐行已判，未过第②层复核）,,AUD-402-判读-BD1,预筛已回：全表命中键 snr｜有值侧 3（S3 CLI骨架、S4 合同schema、S5 代码兜底）｜候选档 ③哨兵不一致
snr_optimal,常数,eng/tests/unit/p1snr/p1snr_linux_test.cpp:88,0.0（结构体成员默认）,无量纲,独立参考实现 Ref 的逐源输出,不适用,≥0,无（结构性）,无,不适用,ref_source 暴力参考实现,否（判读层逐行已判，未过第②层复核）,,AUD-402-判读-BD1,
snrf,常数,eng/tests/unit/p1snr/p1snr_fref_baseline_test.cpp:267,0.0（JSON 缺键兜底）,无量纲（SNR_F）,读取产品字段 snr_f,判据在同用例后续行（本行不承载）,≥0,无（结构性兜底）,无,不适用,N2/N4 逐帧 SNR 恒等式核对,否（判读层逐行已判，未过第②层复核）,,AUD-402-判读-BD1,
stddev_kernel_ns,常数,lib/infrastructure/acr/qualification/profile_schema.hpp:82,0.0,ns,核时间标准差成员初值（稳定性指标）,不适用,构造期哨兵,不适用（结构性常数，同簇合并）,同上（同簇第 3 行）,不适用,ACR 基准统计（生产不可达）,否（判读层逐行已判，未过第②层复核）,,AUD-402-判读-A1,
sum_cpu,常数,lib/infrastructure/cli/resource_recorder.h:241,0.0,等效核×100 累加,—,不适用,n>=0,不适用（结构性常数）,—（不进正式链路的观测字段初值：值由调用方在采样后覆盖，本身不承载判据或科学量）,不适用,仅作为未接线时的占位,否（判读层逐行已判，未过第②层复核）,,AUD-402-判读-A3,
sum_eq,常数,lib/infrastructure/cli/monitor.h:427,0.0,等效核（求和累加器）,均值分子,不适用,samples_>=2 分支内,不适用（结构性常数：累加器初值）,不适用,不适用,avg_equivalent_cores,否（判读层逐行已判，未过第②层复核）,,AUD-402-判读-A2；L-06,
sum_tcpu,常数,lib/infrastructure/cli/resource_recorder.h:242,0.0,等效核×100 累加,—,不适用,n>=0,不适用（结构性常数）,—（不进正式链路的观测字段初值：值由调用方在采样后覆盖，本身不承载判据或科学量）,不适用,仅作为未接线时的占位,否（判读层逐行已判，未过第②层复核）,,AUD-402-判读-A3,
system_cpu_pct,常数,lib/infrastructure/cli/resource_recorder.h:53,0.0,等效核×100,—,不适用,n>=0,不适用（结构性常数）,—（不进正式链路的观测字段初值：值由调用方在采样后覆盖，本身不承载判据或科学量）,不适用,仅作为未接线时的占位,否（判读层逐行已判，未过第②层复核）,,AUD-402-判读-A3,
t_seconds,常数,lib/infrastructure/cli/memory_report.h:196；lib/infrastructure/cli/jsonl.h:31,0.0,秒（相对记录器 t0_ 的单调时刻）,SteadyClock 相对时间,呈现 %.3f（:416 CSV 列）,≥0；由 observe(t) 注入（生产 :389 自动取真实单调钟）,不适用（结构性常数：样本结构体零初始化）,不适用,不适用,alloc_samples.csv 首列 t_seconds；Theil-Sen 自变量,否（判读层逐行已判，未过第②层复核）,,AUD-402-判读-A2,
throughput_gbps,常数,lib/infrastructure/acr/qualification/profile_schema.hpp:41；lib/algorithms/platesolve/cpp/ipv/test/CMakeLists.txt:18,0.0,GB/s（行内注释已标）,CPU/GPU 吞吐统计成员初值,不适用（浮点零初始化）,构造期哨兵（未采集）,不适用（结构性常数：聚合统计字段零初始化，非科学量）,确认不进科学语义：ACR 资质基准观测量，且整棵 ACR 树默认不构建——根 CMakeLists.txt:18 的 option ASTROCS_ENABLE_ACR 默认 OFF、描述为 dormant/production exclusion,不适用,ACR 基准统计（生产不可达）,否（判读层逐行已判，未过第②层复核）,,AUD-402-判读-A1,
ts,常数,lib/infrastructure/cli/memory_report.h:549,0.0,秒,validate_alloc_report 的 sscanf 目标变量初值,不适用,单次解析,不适用（结构性常数：解析目标初始化，随后被 sscanf 覆盖）,不适用,不适用,报告复算路径,否（判读层逐行已判，未过第②层复核）,,AUD-402-判读-A2,
util_samples_measured,常数,lib/infrastructure/cli/commands.cpp:962,0.0,count（样本数，却用 double）,util_samples_measured 累加器初始化,不适用,>=0,不适用（结构性常数）,确认不进科学语义：诊断统计计数,不适用,CLI 诊断统计,否（判读层逐行已判，未过第②层复核）,,AUD-402-判读-A1,
work_core_seconds,常数,lib/infrastructure/cli/resource_gate.h:225；lib/infrastructure/cli/commands.cpp:944,-1.0,线程秒（等效核·秒）,—,不适用,>=0 为已提供,不适用（结构性常数）,—（不进正式链路的观测字段初值：值由调用方在采样后覆盖，本身不承载判据或科学量）,不适用,仅作为未接线时的占位,否（判读层逐行已判，未过第②层复核）,,AUD-402-判读-A3,
work_win,常数,lib/infrastructure/cli/commands.cpp:942；lib/infrastructure/cli/resource_gate.h:136-141,0.0,——（比较哨兵）,work_win 回退：active_window_seconds > 0.0 则用之，否则回退整段 wall,不适用,>=0,不适用（结构性：哨兵比较，非取值决策）,确认不进科学语义：工作量分子（:935 work_core_seconds = avg_equivalent_cores × work_win）的窗口选择,不适用,CLI 工作量估算,否（判读层逐行已判，未过第②层复核）,,AUD-402-判读-A1,
workers_mean,常数,lib/infrastructure/cli/resource_recorder.h:82,0.0,线程数,—,不适用,n>=0,不适用（结构性常数）,—（不进正式链路的观测字段初值：值由调用方在采样后覆盖，本身不承载判据或科学量）,不适用,仅作为未接线时的占位,否（判读层逐行已判，未过第②层复核）,,AUD-402-判读-A3,
workers_peak,常数,lib/infrastructure/cli/resource_recorder.h:84,0.0,线程数,—,不适用,n>=0,不适用（结构性常数）,—（不进正式链路的观测字段初值：值由调用方在采样后覆盖，本身不承载判据或科学量）,不适用,仅作为未接线时的占位,否（判读层逐行已判，未过第②层复核）,,AUD-402-判读-A3,
zpk,容差,eng/tests/unit/p1snr/p1snr_fref_baseline_test.cpp:264,0.0（JSON 缺键兜底）,星等（mag）,读取产品字段 frame_zero_point_mag,判据 |zpk−expect_zp|<1e-9（:270）,有限实数,无（结构性兜底）,无,不适用,N2 恒等式断言的观测侧,否（判读层逐行已判，未过第②层复核）,,AUD-402-判读-BD1,
cfg.reference_flux_adu（F_ref 逐帧参考通量）,常数,lib/algorithms/integration/v6/include/astrocs/v6/weight_chain.h:315；lib/algorithms/photometry/cpp/src/pc_api.cpp:961；lib/algorithms/photometry/cpp/src/pc_api.cpp:1019；lib/algorithms/photometry/cpp/src/pc_api.cpp:1133；lib/algorithms/noise_snr/cpp/src/snr_science.cpp:201；lib/algorithms/noise_snr/wrapper_phase1/snr_frame_science.cpp:189-201；lib/infrastructure/scheduler/src/module_adapters.cpp:7168-7182；docs/plugins/algorithms_phase1/07_noise_snr.md（插件表 reference_flux 行）,"结构体侧默认 0.0（weight_chain.h:315、pc_api.cpp:961/1019/1133 行内默认）；生产实际值 F_ref,k = 10^(−0.4(m_ref − ZP_k))",ADU,逐帧，与该帧 ZP_k 同帧配对（链路间口径对表 §1）,未规定（数值正确性依赖测光链 ZP 精度）,F_ref > 0；frame_snr = F_ref/σ_F(ref profile),公式导出（由 m_ref 与 ZP_k 导出）；m_ref 侧出处未登记（共同缺口）,"SNR链路核验报告.md:29（frame_snr = F_ref/σ_F(ref profile)，F_ref,k = 10^(−0.4(m_ref − ZP_k))，m_ref = 6.0）、:149 DEV-03、:168-169；复核-AUD202.md:35 V1(a) 臂 B（snr_science.cpp:201 var_i = σ_sky²+rn+F·P_i/g，F 恒等于 cfg.reference_flux_adu）；链路间口径对表.md:23；D4-多侧默认值候选.csv ⑤仅跨侧异值（reference_flux：插件表登记面 vs 结构体字段面）",待确认,创新点② 跨帧绝对 SNR 权重链（臂 B）与稀疏控制点换算；影响面 = 逐帧权重与 SNR 头条数随该数平移,是（第②层独立复核）,"红（复核-AUD202 V1(a) 臂 B）：F 恒等于 cfg.reference_flux_adu ⇒ frame_snr 是""在固定参考通量处求值""的帧常数，与像素 (x,y) 无关；另 AUD202-004：生产写入的分子是逐源 F_i 而非合同 const 要求的 F_ref ⇒ 换算恒等式 w = SNR²/F_ref² ≡ 1/σ_F² 的前提被破坏",复核-AUD202 V1(a)/V4；AUD-202-SNR核验 AUD202-003／AUD202-004；SNR链路核验报告 DEV-03,预筛已回：候选档 ⑤仅跨侧异值（键 reference_flux）
m_ref（参考星等档）,常数,SNR链路核验报告.md:29；SNR链路核验报告.md:168-169；SNR链路核验报告.md:201；eng/tests/unit/p1snr/p1snr_fref_baseline_test.cpp:256；lib/algorithms/platesolve/cpp/ipv/src/ipv_select.cpp:343（另一裸 6.0，角色不同）；链路间口径对表.md:32,6.0,mag（星等）,与 ZP_k 同帧配对的固定星等档,未规定,实数；F_ref 随 ZP_k 指数变化,无来源（SNR 链路成稿与第②层复核、四条链路取证面均未登记该常数的出处）,SNR链路核验报告.md:169『m_ref = 6.0 的常数出处四条链路的取证面均未登记（不判错，登记为共同缺口）』、:201（诚实边界表行「m_ref = 6.0 的出处｜四链取证面均未登记｜常数登记」）、:218（DEV-13 论证缺口）；链路间口径对表.md:32（与 ipv_select.cpp:343 极限星等初值式里的裸 6.0 角色不同，文档未区分）,待确认,"创新点② 的 F_ref 数值面；影响面 = 登记面（不改变运行行为），但在补登记前不得把 F_ref 写成""已溯源常数""",是（第②层沿用成稿登记为共同缺口，未单列定级）,红（链路间口径对表 §1 共同缺口）：两处不同角色使用同一裸值 6.0（参考星等档 vs 极限星等初值系数），文档未区分 ⇒ 同名值歧义,SNR链路核验报告 DEV-13／诚实边界；链路间口径对表 §1；复核-AUD202（沿用）,预筛：未成键（行内裸字面量，非配置键）
"snr_noise_model_v1 背景方差场式 var(x,y)=a+b·x+c·y（场幂次=1）",公式,lib/algorithms/noise_snr/cpp/include/snr_estimator.h:116（头注）；lib/infrastructure/scheduler/src/module_adapters.cpp:8100；lib/infrastructure/scheduler/src/module_adapters.cpp:8155；docs/science/NOISE_MODEL.md:54,"var(x,y) = a + b·x + c·y（一阶平面场）",ADU²,"像素平面 (x,y)；控制点来自星点掩膜外 patch",未规定,启用条件：noise.spatial_field_enabled=1 ∧ n_control_points>=4 ∧ 几何张成二维（lambda_lo/lambda_hi>=1/16），否则退回全局中位数（该门已在 noise.spatial_field_enabled 行登记）,文献值（本仓 SCI 定义）；结构事实：自变量只有位置 ⇒ 按构造不含源通量项,"复核-AUD202.md:35 V1(a) 表「A 的方差来源」行（snr_estimator.h:116 头注 = ""source-masked blank-sky 稳健方差""，场是 var(x,y)=a+b·x+c·y——自变量只有位置，源通量不在这张面的表达式里）；链路间口径对表.md:42；docs/science/NOISE_MODEL.md:54",待确认,"臂 A 逐样本 ivar 的方差来源面；影响面 = 该场被用作 Phase2 逐像素权重 ⇒ ""权重在信号维退化为常数""的根因载体（复核-AUD202 V1 臂 A 定 P0）",是（第②层独立复核）,红（复核-AUD202 V1 臂 A）：权重面按构造不含源光子散粒项 ⇒ w = 1/σ_bg² 而非 1/(σ_bg²+S_src/g)，最优权比 R = 1 + S_src/(g·σ_bg²) 无界,复核-AUD202 V1(a)；AUD-202-SNR核验 AUD202-005；SNR链路核验报告 DEV-07/DEV-12,不适用（非配置键，公式形态条目）
snr_estimator.cpp 逐源通量缺失兜底式 2πAσ²/3,公式,lib/algorithms/noise_snr/cpp/src/snr_estimator.cpp:75；lib/algorithms/noise_snr/cpp/src/snr_estimator.cpp:65-91；lib/algorithms/noise_snr/cpp/src/snr_science.cpp:215；lib/algorithms/drizzle/healpix_drizzle/drizzle_engine.cpp:2504,缺失时 p.flux_adu = 2πAσ²/3,ADU,高斯近似下的等效通量,未规定,仅当 row[2] 缺失时生效,无来源（成稿登记为兜底式，未登记该式的导出出处）,"AUD-202-SNR核验.md:124（:80 p.flux_adu = F（F = row[2] 即该星自己的通量；:75 缺失时用 2πAσ²/3 兜底））；SNR链路核验报告.md:149 DEV-03（snr_estimator.cpp:65-91,:80,:90→snr_science.cpp:215→drizzle_engine.cpp:2504）",待确认,"稀疏/星表 SNR 层；影响面 = DEV-03 定性为""该产出的没产出、已产出的语义与消费侧算子不匹配""的组成部分",是（第②层复核覆盖成稿 AUD202-004）,"红（AUD-202-SNR核验 AUD202-004／SNR报告 DEV-03）：合同 const 语义要求控制点值 = F_ref/σ_F(x,y)，实现存逐源 F_i/σ_i ⇒ 若按 w = SNR²/F_ref² 换算得 F_i²/(σ_i²F_ref²)，亮星过权、暗星欠权",AUD-202-SNR核验 AUD202-004；复核-AUD202 V4；SNR链路核验报告 DEV-03,不适用（非配置键，兜底公式条目）
出厂接缝门判据 max_e|rel_step| ≤ 1e-2,容差,"eng/tools/e2e/seam_footprint.py:300-376（edge_metric）；eng/tools/e2e/seam_footprint.py:317-329；eng/tools/e2e/seam_footprint.py:354-376；eng/tools/e2e/seam_footprint.py:67-99（检测限与适用域）；docs/science/PHASE2_UPM.md:474,:478（正本读数 7.2561e−3 = 门的 72.6%）",1e-2,无量纲（有符号电平差 / 局部背景电平）,rel_step = step/bg，step = median(img(p+n·d) − img(p−n·d))，d=2；仅两侧都在数据内部的边界计入,未规定,0 < |rel_step|；反号梯度可相消,无来源（标定证据与标定脚本均未入库：天光报告 DEV-03 明记 1e−2 门限的标定证据在 gitignore 的临时目录下）,天光无缝核验报告.md:53（判据式与门值）、:87 T10（取证面）、:160 DEV-03（标定证据未入库）、:190（M42 侧唯一历史读数 7.2561e−3 = 门的 72.6%）；复核-AUD203.md:61 V2；AUD-203-天光无缝核验,待确认,出厂 E2E 接缝门（生产可达：验收判据面）；影响面 = 声明的漏检面下限在真实结构场上不成立,是（第②层复核-AUD203 V2 定 P1）,红（复核-AUD203 V2）：判据含可正可负的法向梯度项 2d·∂I/∂n，相干结构读数可达门限 72.6%，反号梯度可把 1.005%–1.7% 的真台阶静默判绿 ⇒ 门禁判据非符号定界；另 天光无缝核验报告.md:249：docstring 的 78% 与正本 72.6% 同一处两写法未同步,复核-AUD203 V2；AUD-203-天光无缝核验；天光无缝核验报告 DEV-02/DEV-03,不适用（门脚本内常数，非配置键）
REQUIRED_SELFTEST_CASES（出厂接缝门自检用例清单 S1–S9）,常数,eng/tools/e2e/seam_footprint.py:163-173（清单）；eng/tools/e2e/seam_footprint.py:782-973（S1–S9 九例）,九例（缺一条即失败）,例数,门自测用例集,不适用,整数 >=1,有出处（本仓自订清单，登记在册）,"天光无缝核验报告.md:135（门自检用例 S1–S9｜REQUIRED_SELFTEST_CASES:163-173 缺一条即失败｜S5 注入 0 ⇒ 与基线逐条一致；S2 注入已知台阶⇒红；S3 旧 V4 同输入不动；S6 两侧噪声差 57× 无电平⇒绿；S8/S9 平行同幅阶跃⇒必须红；""能红能绿；但九例中没有'相干梯度无台阶必须绿'这一例""）；复核-AUD203.md:95,:218 V2 修向",待确认,出厂接缝门的判据自检面；影响面 = 门的漏检面下限声明（§17.3 漏检面条目与 docstring/§17.4 的 78% vs 72.6%）,是（第②层复核-AUD203 V2）,"红（复核-AUD203 V2 定 P1）：自检集合缺""相干梯度无台阶必须绿""这一例 ⇒ 已声明的漏检面下限无判据保护。保守方向（判读件原文）：改门自检用例＋同步订正 §17.3 漏检面条目与 docstring/§17.4 的 78% vs 72.6%，不动门限",复核-AUD203 V2；天光无缝核验报告 §门自检用例/DEV-02,不适用（脚本内清单常量，非配置键）
实验接缝判据窗口常数 base_win=64 / 挖除 ±(halfwin+2) / 基线 order=2,常数,实验/additive-sky-seamless/code/sci_c_common.py:356-374（_step_at）；实验/additive-sky-seamless/code/sci_c_common.py:377-410（seam_steps）,base_win = 64；挖除 ±(halfwin+2)；基线拟合 order = 2,px；阶,沿接缝剖面的一维窗口，profile 取 nanmedian_y,未规定,step = median(右 halfwin 残差) − median(左 halfwin 残差)；excess = step(xb) − median(step(xb+delta)),实验标定（实验单元内自洽，未与出厂门对齐）,"复核-AUD203.md:62 V2（逐式转录）；天光无缝核验报告.md:159 DEV-02（sci_c_common.py:356-374,:377-410 去趋势＋off-locus）",待确认,"实验判据臂（验收主张""天体结构假阳性可区分""的实际作证量）；影响面 = 主张与出厂门之间的证据归属",是（第②层复核-AUD203 V2）,红（复核-AUD203 V2／天光无缝核验报告 DEV-02）：出厂门 v2 已主动移除 off-locus（seam_footprint.py:36-53 载明理由 = 修 P0-7 周期盲区）⇒ 主张与证据不同源、不同统计量。保守方向（报告原文）：两条独立的证据链各自作证，验收主张改挂实验判据，不得由出厂门自证,复核-AUD203 V2；AUD-203-天光无缝核验 AUD203-09；天光无缝核验报告 DEV-02,不适用（实验夹具内常数，非配置键）
off-locus excess 判据 D = excess,算法,实验/additive-sky-seamless/code/c4_seam_criterion.py:5-16；实验/additive-sky-seamless/README.md:181（N5 假阳性 0.0）；实验/additive-sky-seamless/REPORT_paper.md:236；eng/tools/e2e/seam_footprint.py:36-53（出厂门 v2 主动移除 off-locus）,D = excess（去趋势 + off-locus）；delta 位移取 median(step(xb+delta)),无量纲,相对局部位形的超额台阶,未规定,严格线性斜坡下 step = excess = −2.274e−13（浮点零）⇒ 线性梯度不构成该判据的正例,有出处（实验单元内定义），但与出厂门判据不同统计量,"复核-AUD203.md:86,:91 V2（全仓 git grep 假阳性 只命中 README.md:181 与 REPORT_paper.md:236，那里的判据 D = excess；3e−5 不可能来自线性梯度）；天光无缝核验报告.md:159 DEV-02、:248（配对不成立 ⇒ 撤该对照）",待确认,"对外验收主张""天体结构假阳性可区分""的证据面；影响面 = 该主张的证据资格（不在出厂门上）",是（第②层复核-AUD203 V2）,红（天光无缝核验报告 DEV-02）：验收主张由 C4 N5/C7 的 off-locus excess 口径作证，而出货门 v2 已主动移除 off-locus ⇒ 主张与证据不同源；另成稿的 7.3e−3 vs 3e−5 配对不成立（两数各自可复现）,复核-AUD203 V2；天光无缝核验报告 DEV-02；AUD-203-天光无缝核验 AUD203-09,不适用（实验判据定义，非配置键）
rmse_log_rho（σ 场实验度量，两侧中位数归一）,公式,实验/absolute-snr/code/sci_b_common.py:363；实验/absolute-snr/code/sci_b_common.py:277（sigma_field_fast = 逐 P×P 块 1.4826×MAD）,rmse_log_rho = RMSE(log10(σ̂/med σ̂) − log10(σ_true/med σ_true)),dex（log10 比值的 RMSE）,两侧各按自身中位数归一 ⇒ 幅度信息被归一掉,未规定,三臂 est 全部为分母侧 σ 场估计器（sparse = Δ 网格 σ 场经 bilinear_upsample 再取块中值；frame_* = 常数 σ）,有出处（实验单元内定义），但度量对象 ≠ 合同交付量,"复核-AUD202.md:333-334 V2/V5（度量定义与三臂来源面）；:350-354（被测物理量 = σ̂/σ 的相对形状，合同口径的交付量 = SNR_c = F_ref/σ_F,c（分子固定）；frame_median ≠ frame_reconstruct）",待确认,创新点② 的三臂重建选型实验（§8b 适用域结论的实际承载）；影响面 = §8b 结论的适用对象指称,是（第②层复核-AUD202 V2）,"红（复核-AUD202 V2）：合同口径要求""三口径产出同一物理量 F_ref/σ_F 的稠密表示""，实验三臂全为 σ 场估计器 ⇒ 适用域指称越界，须补一组以 F_ref 为分子的 SNR 场臂，或把结论显式改挂到""σ 场估计器选型""",复核-AUD202 V2；AUD-202-SNR核验 AUD202-011；SNR链路核验报告 DEV-04/DEV-10,不适用（实验度量定义，非配置键）
reference_overlap 逐叶独立蒙特卡洛 oracle 容差,容差,"lib/algorithms/drizzle/healpix_drizzle/tests/reference_overlap.cpp:636,:644,:676；lib/algorithms/drizzle/healpix_drizzle/tests/CMakeLists.txt:255-268；lib/algorithms/drizzle/healpix_drizzle/tests/CMakeLists.txt:261-266",主判据 1% tol；三条红灯实测：3.4e-19（tol 3.0e-20）、2.6e-6（tol 4.1e-13）、rel_err 1.04e-6（tol 1e-6）,无量纲 / 立体角相对偏差,Σ(support·A_p) = A_drop，support = a_jp/a_p,未定（容差与断言属科学判据面）,逐像素独立蒙特卡洛参照；不含求和型恒等,无来源（容差未定；证据件 run/WIRING-W34-01/evidence/reference_overlap.txt 跟踪面已不存在）,"复核-AUD204.md:401（唯一逐像素独立蒙特卡洛 oracle，1% tol；不注册 ctest；登记文字与三条红灯值）、:422,:428；面积交叠核验报告.md:139、:245、:196-197；UNRESOLVED清单 裁-9（容差取多少）",待确认,"创新点④（HEALPix 面积交叠）逐叶分配的在册覆盖；影响面 = 面积链对外主张只能到""总量闭合与完备性""一档",是（第②层复核-AUD204 W1/W4）,红（复核-AUD204 W1／面积交叠核验报告 DEV-07）：该件因 3 条红灯被明文不注册 ⇒ 逐叶分配无任何在册门；保守方向（UNRESOLVED 裁-9 原文）：先注册完成度那条（对分错格敏感、对表示法误差不敏感），参照式定容差后再入；不裁则不得把构造闭当作逐叶正确性证据,复核-AUD204 W1/W4；AUD-204-面积交叠核验；面积交叠核验报告 DEV-07/DEV-12；UNRESOLVED 裁-9,不适用（测试件容差，非配置键）
drizzle_science_completion_test 质心判据 ≤0.01 px（= 0.063″）,容差,lib/algorithms/drizzle/healpix_drizzle/tests/drizzle_science_completion_test.cpp:386-401；lib/algorithms/drizzle/healpix_drizzle/tests/CMakeLists.txt:157-173（DRZ_EXTRA_TESTS 编入但不注册）,0.01 px（0.063 角秒）,px / 角秒,点源质心位移,未规定,点源分布形状（球面孔径/质心/二阶矩/PSF）,无来源（判据值在测试源内，未登记进合同或门表；且该件不在册）,复核-AUD204.md:402（drizzle_science_completion_test（质心 ≤0.01 px = 0.063″，源文件 :386-401）｜否（在 DRZ_EXTRA_TESTS，:157-173 编入但不注册）｜点源的分布形状｜是（质心对错分敏感）——但不在册）；面积交叠核验报告.md:139、:245,待确认,"创新点④ 逐叶/形状正确性的在册覆盖；影响面 = 修复动作性质从""新建门""变为""定容差＋注册＋收红灯""",是（第②层复核-AUD204 W4）,"红（复核-AUD204 W4／面积交叠核验报告:245）：能抓逐叶错分的两件可执行件（本件与 reference_overlap）均被 tests/CMakeLists.txt 明文决定不注册 ⇒ 措辞""没有任何门""须精确为""没有任何在册门""。保守方向（UNRESOLVED 裁-9 原文）：先注册完成度这条",复核-AUD204 W4；AUD-204-面积交叠核验；面积交叠核验报告 DEV-12；UNRESOLVED 裁-9,不适用（测试件判据，非配置键）
<!-- PROGRESS: 已完成 410 / 预计 410 行（判读层 354 行全覆盖；第②层复核条目补入 11 行）-->
