path,lines,ext,layer,tier,slice,reason
docs/ACSD_DESIGN.md,682,md,DOC-ROOT,HUMAN,TAIL-DOC-001,默认保留（非产出面或非数据形态）
docs/DOCUMENT_INDEX.yaml,992,yaml,DOC-ROOT,HUMAN,TAIL-DOC-001,默认保留（非产出面或非数据形态）
docs/GLOSSARY.md,30,md,DOC-ROOT,HUMAN,TAIL-DOC-001,默认保留（非产出面或非数据形态）
docs/README.md,12,md,DOC-ROOT,HUMAN,TAIL-DOC-001,默认保留（非产出面或非数据形态）
docs/detail/00_INDEX.md,81,md,DOC-DET,HUMAN,DOC-DET-001,默认保留（非产出面或非数据形态）
docs/detail/LOG_AND_ERROR_SYSTEM.md,214,md,DOC-DET,HUMAN,DOC-DET-001,默认保留（非产出面或非数据形态）
docs/detail/PHASE1_DETAILED_DESIGN.md,227,md,DOC-DET,HUMAN,DOC-DET-001,默认保留（非产出面或非数据形态）
docs/detail/PHASE2_DETAILED_DESIGN.md,145,md,DOC-DET,HUMAN,DOC-DET-001,默认保留（非产出面或非数据形态）
docs/detail/PHASE3_DETAILED_DESIGN.md,173,md,DOC-DET,HUMAN,DOC-DET-001,默认保留（非产出面或非数据形态）
docs/detail/PRODUCT_STORAGE_FORM.md,259,md,DOC-DET,HUMAN,DOC-DET-001,默认保留（非产出面或非数据形态）
docs/detail/README.md,3,md,DOC-DET,HUMAN,DOC-DET-001,默认保留（非产出面或非数据形态）
docs/detail/STAR_DETECTION_IMPL_DESIGN.md,449,md,DOC-DET,HUMAN,DOC-DET-001,默认保留（非产出面或非数据形态）
docs/detail/UNIFIED_MODEL.md,76,md,DOC-DET,HUMAN,DOC-DET-001,默认保留（非产出面或非数据形态）
docs/detail/anchors/ANCHOR_CONTRACT.md,151,md,DOC-DET,HUMAN,DOC-DET-001,默认保留（非产出面或非数据形态）
docs/detail/anchors/README.md,3,md,DOC-DET,HUMAN,DOC-DET-001,默认保留（非产出面或非数据形态）
docs/detail/common.md,71,md,DOC-DET,HUMAN,DOC-DET-001,默认保留（非产出面或非数据形态）
docs/detail/infrastructure/17_aio.md,175,md,DOC-DET,HUMAN,DOC-DET-001,默认保留（非产出面或非数据形态）
docs/detail/infrastructure/18_cli.md,67,md,DOC-DET,HUMAN,DOC-DET-001,默认保留（非产出面或非数据形态）
docs/detail/infrastructure/19_runtime.md,171,md,DOC-DET,HUMAN,DOC-DET-001,默认保留（非产出面或非数据形态）
docs/detail/infrastructure/20_benchmark.md,53,md,DOC-DET,HUMAN,DOC-DET-001,默认保留（非产出面或非数据形态）
docs/detail/infrastructure/21_observability.md,177,md,DOC-DET,HUMAN,DOC-DET-001,默认保留（非产出面或非数据形态）
docs/detail/infrastructure/22_gaia_xpsd_client.md,139,md,DOC-DET,HUMAN,DOC-DET-001,默认保留（非产出面或非数据形态）
docs/detail/infrastructure/23_hips_browser.md,98,md,DOC-DET,HUMAN,DOC-DET-001,默认保留（非产出面或非数据形态）
docs/detail/infrastructure/README.md,2,md,DOC-DET,HUMAN,DOC-DET-001,默认保留（非产出面或非数据形态）
docs/detail/infrastructure/acr.md,65,md,DOC-DET,HUMAN,DOC-DET-001,默认保留（非产出面或非数据形态）
docs/detail/merged_TROUBLESHOOTING.md,101,md,DOC-DET,HUMAN,DOC-DET-001,默认保留（非产出面或非数据形态）
docs/detail/registry/README.md,3,md,DOC-DET,HUMAN,DOC-DET-001,默认保留（非产出面或非数据形态）
docs/detail/registry/acsd.phase1.calibration.md,163,md,DOC-DET,HUMAN,DOC-DET-001,默认保留（非产出面或非数据形态）
docs/detail/registry/acsd.phase1.cosmetic.md,138,md,DOC-DET,HUMAN,DOC-DET-001,默认保留（非产出面或非数据形态）
docs/detail/registry/acsd.phase1.drizzle.md,232,md,DOC-DET,HUMAN,DOC-DET-001,默认保留（非产出面或非数据形态）
docs/detail/registry/acsd.phase1.hips-writer.md,94,md,DOC-DET,HUMAN,DOC-DET-001,默认保留（非产出面或非数据形态）
docs/detail/registry/acsd.phase1.noise-snr.md,474,md,DOC-DET,HUMAN,DOC-DET-001,默认保留（非产出面或非数据形态）
docs/detail/registry/acsd.phase1.photometry.md,221,md,DOC-DET,HUMAN,DOC-DET-001,默认保留（非产出面或非数据形态）
docs/detail/registry/acsd.phase1.session.md,98,md,DOC-DET,HUMAN,DOC-DET-001,默认保留（非产出面或非数据形态）
docs/detail/registry/acsd.phase1.star-detection.md,248,md,DOC-DET,HUMAN,DOC-DET-001,默认保留（非产出面或非数据形态）
docs/detail/registry/acsd.phase1.star-psf.md,143,md,DOC-DET,HUMAN,DOC-DET-001,默认保留（非产出面或非数据形态）
docs/detail/registry/acsd.phase1.wcs-platesolve.md,156,md,DOC-DET,HUMAN,DOC-DET-001,默认保留（非产出面或非数据形态）
docs/detail/registry/acsd.phase1.writer.md,51,md,DOC-DET,HUMAN,DOC-DET-001,默认保留（非产出面或非数据形态）
docs/detail/registry/acsd.phase2.coverage.md,151,md,DOC-DET,HUMAN,DOC-DET-001,默认保留（非产出面或非数据形态）
docs/detail/registry/acsd.phase2.integrate.md,224,md,DOC-DET,HUMAN,DOC-DET-001,默认保留（非产出面或非数据形态）
docs/detail/registry/acsd.phase2.reject.md,229,md,DOC-DET,HUMAN,DOC-DET-001,默认保留（非产出面或非数据形态）
docs/detail/registry/acsd.phase2.resample.md,54,md,DOC-DET,HUMAN,DOC-DET-001,默认保留（非产出面或非数据形态）
docs/detail/registry/acsd.phase2.sample.md,226,md,DOC-DET,HUMAN,DOC-DET-001,默认保留（非产出面或非数据形态）
docs/detail/registry/acsd.phase2.session.md,49,md,DOC-DET,HUMAN,DOC-DET-001,默认保留（非产出面或非数据形态）
docs/detail/registry/acsd.phase2.upm-apply.md,179,md,DOC-DET,HUMAN,DOC-DET-001,默认保留（非产出面或非数据形态）
docs/detail/registry/acsd.phase2.upm-fit.md,344,md,DOC-DET,HUMAN,DOC-DET-001,默认保留（非产出面或非数据形态）
docs/detail/registry/acsd.phase2.write.md,178,md,DOC-DET,HUMAN,DOC-DET-001,默认保留（非产出面或非数据形态）
docs/detail/registry/acsd.phase3.properties.md,56,md,DOC-DET,HUMAN,DOC-DET-001,默认保留（非产出面或非数据形态）
docs/detail/registry/acsd.phase3.resample2.md,238,md,DOC-DET,HUMAN,DOC-DET-001,默认保留（非产出面或非数据形态）
docs/detail/registry/acsd.phase3.verify.md,58,md,DOC-DET,HUMAN,DOC-DET-001,默认保留（非产出面或非数据形态）
docs/detail/registry/acsd.phase3.wcs.md,214,md,DOC-DET,HUMAN,DOC-DET-001,默认保留（非产出面或非数据形态）
docs/detail/registry/acsd.phase3.writer.md,237,md,DOC-DET,HUMAN,DOC-DET-001,默认保留（非产出面或非数据形态）
docs/engineering/02_PIPELINE.md,62,md,DOC-ENG,HUMAN,DOC-ENG-001,默认保留（非产出面或非数据形态）
docs/engineering/04_ARTIFACTS.md,40,md,DOC-ENG,HUMAN,DOC-ENG-002,默认保留（非产出面或非数据形态）
docs/engineering/API-001.md,101,md,DOC-ENG,HUMAN,DOC-ENG-001,默认保留（非产出面或非数据形态）
docs/engineering/ARCH-001.md,198,md,DOC-ENG,HUMAN,DOC-ENG-002,默认保留（非产出面或非数据形态）
docs/engineering/ASYNC_IO_CONTRACT.md,79,md,DOC-ENG,HUMAN,DOC-ENG-001,默认保留（非产出面或非数据形态）
docs/engineering/BASELINE.md,46,md,DOC-ENG,HUMAN,DOC-ENG-001,默认保留（非产出面或非数据形态）
docs/engineering/BENCHMARK_STANDARD.md,8,md,DOC-ENG,HUMAN,DOC-ENG-001,默认保留（非产出面或非数据形态）
docs/engineering/BUILD_GRAPH.md,127,md,DOC-ENG,HUMAN,DOC-ENG-002,默认保留（非产出面或非数据形态）
docs/engineering/CACHE_POLICY.md,31,md,DOC-ENG,HUMAN,DOC-ENG-002,默认保留（非产出面或非数据形态）
docs/engineering/CLI_PROTOCOL_V1.md,168,md,DOC-ENG,HUMAN,DOC-ENG-002,默认保留（非产出面或非数据形态）
docs/engineering/CODE_STANDARD.md,86,md,DOC-ENG,HUMAN,DOC-ENG-001,默认保留（非产出面或非数据形态）
docs/engineering/CODE_STYLE.md,13,md,DOC-ENG,HUMAN,DOC-ENG-002,默认保留（非产出面或非数据形态）
docs/engineering/COMMENT_STANDARD.md,46,md,DOC-ENG,HUMAN,DOC-ENG-001,默认保留（非产出面或非数据形态）
docs/engineering/COMMON_ABI_V1.md,99,md,DOC-ENG,HUMAN,DOC-ENG-001,默认保留（非产出面或非数据形态）
docs/engineering/COMPATIBILITY_POLICY.md,22,md,DOC-ENG,HUMAN,DOC-ENG-001,默认保留（非产出面或非数据形态）
docs/engineering/COMPRESSION_CODEC_RESEARCH_PACK.md,681,md,DOC-ENG,HUMAN,DOC-ENG-002,默认保留（非产出面或非数据形态）
docs/engineering/CONCURRENCY_STANDARD.md,36,md,DOC-ENG,HUMAN,DOC-ENG-001,默认保留（非产出面或非数据形态）
docs/engineering/CONFIG_CONTRACT.md,230,md,DOC-ENG,HUMAN,DOC-ENG-001,默认保留（非产出面或非数据形态）
docs/engineering/CONFIG_SCHEMA.md,156,md,DOC-ENG,HUMAN,DOC-ENG-001,默认保留（非产出面或非数据形态）
docs/engineering/CPU_BACKEND_ARCH.md,51,md,DOC-ENG,HUMAN,DOC-ENG-001,默认保留（非产出面或非数据形态）
docs/engineering/CRITERION_QUALITY.md,457,md,DOC-ENG,HUMAN,DOC-ENG-002,默认保留（非产出面或非数据形态）
docs/engineering/DATA_ARTIFACTS.md,124,md,DOC-ENG,HUMAN,DOC-ENG-001,默认保留（非产出面或非数据形态）
docs/engineering/DATA_FLOW.md,60,md,DOC-ENG,HUMAN,DOC-ENG-002,默认保留（非产出面或非数据形态）
docs/engineering/DEPENDENCY_RULES.md,34,md,DOC-ENG,HUMAN,DOC-ENG-002,默认保留（非产出面或非数据形态）
docs/engineering/DEVELOPER_GUIDE.md,38,md,DOC-ENG,HUMAN,DOC-ENG-002,默认保留（非产出面或非数据形态）
docs/engineering/DOCUMENTATION_STANDARD.md,47,md,DOC-ENG,HUMAN,DOC-ENG-002,默认保留（非产出面或非数据形态）
docs/engineering/DOCUMENT_GOVERNANCE.md,237,md,DOC-ENG,HUMAN,DOC-ENG-002,默认保留（非产出面或非数据形态）
docs/engineering/DUAL_LINE_CONTRACT.md,81,md,DOC-ENG,HUMAN,DOC-ENG-002,默认保留（非产出面或非数据形态）
docs/engineering/ERROR_HANDLING_STANDARD.md,145,md,DOC-ENG,HUMAN,DOC-ENG-002,默认保留（非产出面或非数据形态）
docs/engineering/EXECUTION_MODEL.md,216,md,DOC-ENG,HUMAN,DOC-ENG-002,默认保留（非产出面或非数据形态）
docs/engineering/FROZEN_GATE_INVENTORY.md,74,md,DOC-ENG,HUMAN,DOC-ENG-002,默认保留（非产出面或非数据形态）
docs/engineering/HIPS_STORAGE_FORM_CONTRACT.md,274,md,DOC-ENG,HUMAN,DOC-ENG-001,默认保留（非产出面或非数据形态）
docs/engineering/ISA_BIT_MANIP_VARIANTS.md,51,md,DOC-ENG,HUMAN,DOC-ENG-002,默认保留（非产出面或非数据形态）
docs/engineering/ISA_VARIANTS.md,181,md,DOC-ENG,HUMAN,DOC-ENG-002,默认保留（非产出面或非数据形态）
docs/engineering/LOG_AND_ERROR_CONTRACT.md,176,md,DOC-ENG,HUMAN,DOC-ENG-001,默认保留（非产出面或非数据形态）
docs/engineering/MANIFEST_VERIFY_V1.md,109,md,DOC-ENG,HUMAN,DOC-ENG-002,默认保留（非产出面或非数据形态）
docs/engineering/MODULE_MAP.md,162,md,DOC-ENG,HUMAN,DOC-ENG-002,默认保留（非产出面或非数据形态）
docs/engineering/NUMERIC_STANDARD.md,132,md,DOC-ENG,HUMAN,DOC-ENG-001,默认保留（非产出面或非数据形态）
docs/engineering/OPTIMIZATION.md,17,md,DOC-ENG,HUMAN,DOC-ENG-002,默认保留（非产出面或非数据形态）
docs/engineering/OWNERSHIP_AND_LIFETIME.md,24,md,DOC-ENG,HUMAN,DOC-ENG-002,默认保留（非产出面或非数据形态）
docs/engineering/PERFORMANCE_MODEL.md,128,md,DOC-ENG,HUMAN,DOC-ENG-002,默认保留（非产出面或非数据形态）
docs/engineering/PERF_GATE_CONTRACT.md,49,md,DOC-ENG,HUMAN,DOC-ENG-002,默认保留（非产出面或非数据形态）
docs/engineering/PHASE1_API_V1.md,50,md,DOC-ENG,HUMAN,DOC-ENG-001,默认保留（非产出面或非数据形态）
docs/engineering/PHASE2_API_V1.md,55,md,DOC-ENG,HUMAN,DOC-ENG-002,默认保留（非产出面或非数据形态）
docs/engineering/PHASE3_API_V1.md,73,md,DOC-ENG,HUMAN,DOC-ENG-002,默认保留（非产出面或非数据形态）
docs/engineering/PHASE3_MODULE_ARCH.md,62,md,DOC-ENG,HUMAN,DOC-ENG-001,默认保留（非产出面或非数据形态）
docs/engineering/PIPELINE_BLOCK_CONTRACT.md,110,md,DOC-ENG,HUMAN,DOC-ENG-001,默认保留（非产出面或非数据形态）
docs/engineering/PROJECT_SPEC.md,86,md,DOC-ENG,HUMAN,DOC-ENG-001,默认保留（非产出面或非数据形态）
docs/engineering/PUBLIC_API.md,2064,md,DOC-ENG,HUMAN,DOC-ENG-002,默认保留（非产出面或非数据形态）
docs/engineering/README.md,3,md,DOC-ENG,HUMAN,DOC-ENG-001,默认保留（非产出面或非数据形态）
docs/engineering/RELEASE_STANDARD.md,16,md,DOC-ENG,HUMAN,DOC-ENG-001,默认保留（非产出面或非数据形态）
docs/engineering/RELEASE_STATUS.md,162,md,DOC-ENG,HUMAN,DOC-ENG-002,默认保留（非产出面或非数据形态）
docs/engineering/RT-001.md,56,md,DOC-ENG,HUMAN,DOC-ENG-001,默认保留（非产出面或非数据形态）
docs/engineering/SCHEDULER_CONTRACT.md,70,md,DOC-ENG,HUMAN,DOC-ENG-001,默认保留（非产出面或非数据形态）
docs/engineering/SCIENCE_FREEZE.md,80,md,DOC-ENG,HUMAN,DOC-ENG-001,默认保留（非产出面或非数据形态）
docs/engineering/SCIENTIFIC_REFERENCES.md,184,md,DOC-ENG,HUMAN,DOC-ENG-001,默认保留（非产出面或非数据形态）
docs/engineering/STANDARDS_REGISTRY.md,400,md,DOC-ENG,HUMAN,DOC-ENG-002,默认保留（非产出面或非数据形态）
docs/engineering/TEST_MATRIX.md,82,md,DOC-ENG,HUMAN,DOC-ENG-002,默认保留（非产出面或非数据形态）
docs/engineering/TEST_STANDARD.md,159,md,DOC-ENG,HUMAN,DOC-ENG-001,默认保留（非产出面或非数据形态）
docs/engineering/TOOLCHAIN_AGENT_HOST.md,91,md,DOC-ENG,HUMAN,DOC-ENG-002,默认保留（非产出面或非数据形态）
docs/engineering/TRACEABILITY_SPEC.md,338,md,DOC-ENG,HUMAN,DOC-ENG-002,默认保留（非产出面或非数据形态）
docs/engineering/UNIFIED_OBJECTS.md,137,md,DOC-ENG,HUMAN,DOC-ENG-002,默认保留（非产出面或非数据形态）
docs/engineering/UNRESOLVED_REGISTER.md,4178,md,DOC-ENG,HUMAN,DOC-ENG-001,默认保留（非产出面或非数据形态）
docs/engineering/VALIDATION_EVIDENCE_STANDARD.md,561,md,DOC-ENG,HUMAN,DOC-ENG-002,默认保留（非产出面或非数据形态）
docs/engineering/VERSIONING.md,67,md,DOC-ENG,HUMAN,DOC-ENG-002,默认保留（非产出面或非数据形态）
docs/engineering/WINDOWS_BUILD_NODE.md,93,md,DOC-ENG,HUMAN,DOC-ENG-002,默认保留（非产出面或非数据形态）
docs/engineering/abi/ABI_003_SECURE_LOADER.md,111,md,DOC-ENG,HUMAN,DOC-ENG-001,默认保留（非产出面或非数据形态）
docs/engineering/abi/README.md,3,md,DOC-ENG,HUMAN,DOC-ENG-001,默认保留（非产出面或非数据形态）
docs/engineering/complexity_baseline_v1.md,34,md,DOC-ENG,HUMAN,DOC-ENG-001,默认保留（非产出面或非数据形态）
docs/engineering/coverage_baseline_v1.md,31,md,DOC-ENG,HUMAN,DOC-ENG-001,默认保留（非产出面或非数据形态）
docs/engineering/cpu/CPU_001_CAPABILITY_PROBE.md,100,md,DOC-ENG,HUMAN,DOC-ENG-002,默认保留（非产出面或非数据形态）
docs/engineering/cpu/CPU_003_AVX2_PROVIDER.md,128,md,DOC-ENG,HUMAN,DOC-ENG-001,默认保留（非产出面或非数据形态）
docs/engineering/cpu/README.md,3,md,DOC-ENG,HUMAN,DOC-ENG-002,默认保留（非产出面或非数据形态）
docs/engineering/data/DATA-002_PHASE_PRODUCT_EXCHANGE.md,329,md,DOC-ENG,HUMAN,DOC-ENG-001,默认保留（非产出面或非数据形态）
docs/engineering/data/DATA-003_PRODUCTION_ARTIFACT_STORE.md,118,md,DOC-ENG,HUMAN,DOC-ENG-002,默认保留（非产出面或非数据形态）
docs/engineering/data/DATA-004_PRODUCT_PROVENANCE.md,171,md,DOC-ENG,HUMAN,DOC-ENG-002,默认保留（非产出面或非数据形态）
docs/engineering/data/README.md,3,md,DOC-ENG,HUMAN,DOC-ENG-001,默认保留（非产出面或非数据形态）
docs/engineering/execution_options_contract.md,325,md,DOC-ENG,HUMAN,DOC-ENG-002,默认保留（非产出面或非数据形态）
docs/engineering/io/IO_003_ATOMIC_OUTPUT_PUBLISH.md,274,md,DOC-ENG,HUMAN,DOC-ENG-001,默认保留（非产出面或非数据形态）
docs/engineering/io/README.md,3,md,DOC-ENG,HUMAN,DOC-ENG-002,默认保留（非产出面或非数据形态）
docs/engineering/observability/README.md,3,md,DOC-ENG,HUMAN,DOC-ENG-001,默认保留（非产出面或非数据形态）
docs/engineering/observability/RESOURCE_MONITORING_CONTRACT.md,182,md,DOC-ENG,HUMAN,DOC-ENG-001,默认保留（非产出面或非数据形态）
docs/engineering/observability/RUN_GRAPH_CONTRACT.md,164,md,DOC-ENG,HUMAN,DOC-ENG-001,默认保留（非产出面或非数据形态）
docs/engineering/observability/STRUCTURED_LOGGING_CONTRACT.md,169,md,DOC-ENG,HUMAN,DOC-ENG-001,默认保留（非产出面或非数据形态）
docs/science/ACR_EQUIVALENCE.md,177,md,DOC-SCI,HUMAN,DOC-SCI-002,默认保留（非产出面或非数据形态）
docs/science/ASTROMETRY.md,284,md,DOC-SCI,HUMAN,DOC-SCI-001,默认保留（非产出面或非数据形态）
docs/science/CALIBRATION.md,488,md,DOC-SCI,HUMAN,DOC-SCI-001,默认保留（非产出面或非数据形态）
docs/science/CCD_LINEAR_DEFECT_LITERATURE.md,310,md,DOC-SCI,HUMAN,DOC-SCI-001,默认保留（非产出面或非数据形态）
docs/science/CONTROL_WEIGHT_SNR.md,270,md,DOC-SCI,HUMAN,DOC-SCI-001,默认保留（非产出面或非数据形态）
docs/science/DATA_SEMANTICS.md,3416,md,DOC-SCI,HUMAN,DOC-SCI-001,默认保留（非产出面或非数据形态）
docs/science/DISPUTE_RESOLUTION.md,351,md,DOC-SCI,HUMAN,DOC-SCI-002,默认保留（非产出面或非数据形态）
docs/science/DRIZZLE.md,255,md,DOC-SCI,HUMAN,DOC-SCI-002,默认保留（非产出面或非数据形态）
docs/science/INTEGRATION.md,174,md,DOC-SCI,HUMAN,DOC-SCI-001,默认保留（非产出面或非数据形态）
docs/science/IO_001_FITS_STREAM_INTERFACE.md,212,md,DOC-SCI,HUMAN,DOC-SCI-002,默认保留（非产出面或非数据形态）
docs/science/IO_002_HIPS_INPUT_INTERFACE.md,297,md,DOC-SCI,HUMAN,DOC-SCI-001,默认保留（非产出面或非数据形态）
docs/science/IVOA_HIPS_TILE_FORMAT_RESEARCH_PACK.md,610,md,DOC-SCI,HUMAN,DOC-SCI-002,默认保留（非产出面或非数据形态）
docs/science/NOISE_MODEL.md,403,md,DOC-SCI,HUMAN,DOC-SCI-001,默认保留（非产出面或非数据形态）
docs/science/PHASE2_UPM.md,554,md,DOC-SCI,HUMAN,DOC-SCI-001,默认保留（非产出面或非数据形态）
docs/science/PHASE3_HIPS_TO_FITS.md,224,md,DOC-SCI,HUMAN,DOC-SCI-001,默认保留（非产出面或非数据形态）
docs/science/PHOTOMETRY.md,407,md,DOC-SCI,HUMAN,DOC-SCI-001,默认保留（非产出面或非数据形态）
docs/science/PHOTOMETRY_RESEARCH_PACK.md,205,md,DOC-SCI,HUMAN,DOC-SCI-002,默认保留（非产出面或非数据形态）
docs/science/PSF.md,240,md,DOC-SCI,HUMAN,DOC-SCI-001,默认保留（非产出面或非数据形态）
docs/science/PSF_SIGNAL_WEIGHT.md,150,md,DOC-SCI,HUMAN,DOC-SCI-001,默认保留（非产出面或非数据形态）
docs/science/README.md,3,md,DOC-SCI,HUMAN,DOC-SCI-002,默认保留（非产出面或非数据形态）
docs/science/REJECTION.md,362,md,DOC-SCI,HUMAN,DOC-SCI-002,默认保留（非产出面或非数据形态）
docs/science/SCIENCE_SCOPE.md,121,md,DOC-SCI,HUMAN,DOC-SCI-002,默认保留（非产出面或非数据形态）
docs/science/STAR_DETECTION.md,168,md,DOC-SCI,HUMAN,DOC-SCI-002,默认保留（非产出面或非数据形态）
docs/science/UNCERTAINTY_AND_COVARIANCE.md,163,md,DOC-SCI,HUMAN,DOC-SCI-001,默认保留（非产出面或非数据形态）
docs/science/UNIFIED_SCIENCE_MODEL.md,137,md,DOC-SCI,HUMAN,DOC-SCI-002,默认保留（非产出面或非数据形态）
docs/science/algorithms/ACR_EQUIVALENCE_ALGORITHMS.md,82,md,DOC-SCI,HUMAN,DOC-SCI-001,默认保留（非产出面或非数据形态）
docs/science/algorithms/CALIBRATION_ALGORITHMS.md,640,md,DOC-SCI,HUMAN,DOC-SCI-002,默认保留（非产出面或非数据形态）
docs/science/algorithms/COSMETIC_ALGORITHMS.md,519,md,DOC-SCI,HUMAN,DOC-SCI-002,默认保留（非产出面或非数据形态）
docs/science/algorithms/DRIZZLE_GEOMETRY.md,462,md,DOC-SCI,HUMAN,DOC-SCI-002,默认保留（非产出面或非数据形态）
docs/science/algorithms/GAIA_QUERY.md,288,md,DOC-SCI,HUMAN,DOC-SCI-002,默认保留（非产出面或非数据形态）
docs/science/algorithms/GATES_AND_TOLERANCES.md,124,md,DOC-SCI,HUMAN,DOC-SCI-001,默认保留（非产出面或非数据形态）
docs/science/algorithms/HEALPIX_MAPPING.md,95,md,DOC-SCI,HUMAN,DOC-SCI-001,默认保留（非产出面或非数据形态）
docs/science/algorithms/HIPS_WRITER.md,422,md,DOC-SCI,HUMAN,DOC-SCI-002,默认保留（非产出面或非数据形态）
docs/science/algorithms/NOISE_ESTIMATION.md,294,md,DOC-SCI,HUMAN,DOC-SCI-002,默认保留（非产出面或非数据形态）
docs/science/algorithms/PHASE2_COVERAGE.md,402,md,DOC-SCI,HUMAN,DOC-SCI-002,默认保留（非产出面或非数据形态）
docs/science/algorithms/PHASE2_INTEGRATION.md,361,md,DOC-SCI,HUMAN,DOC-SCI-001,默认保留（非产出面或非数据形态）
docs/science/algorithms/PHASE2_MOSAIC_WRITE.md,521,md,DOC-SCI,HUMAN,DOC-SCI-001,默认保留（非产出面或非数据形态）
docs/science/algorithms/PHASE2_REJECTION.md,833,md,DOC-SCI,HUMAN,DOC-SCI-002,默认保留（非产出面或非数据形态）
docs/science/algorithms/PHASE2_SAMPLER.md,675,md,DOC-SCI,HUMAN,DOC-SCI-002,默认保留（非产出面或非数据形态）
docs/science/algorithms/PHASE2_SESSION.md,405,md,DOC-SCI,HUMAN,DOC-SCI-002,默认保留（非产出面或非数据形态）
docs/science/algorithms/PHASE2_UPM_IMPL.md,543,md,DOC-SCI,HUMAN,DOC-SCI-002,默认保留（非产出面或非数据形态）
docs/science/algorithms/PHASE3_FITS_IMPL.md,449,md,DOC-SCI,HUMAN,DOC-SCI-002,默认保留（非产出面或非数据形态）
docs/science/algorithms/PHASE3_PROJ_IMPL.md,740,md,DOC-SCI,HUMAN,DOC-SCI-002,默认保留（非产出面或非数据形态）
docs/science/algorithms/PHASE3_RESAMPLE.md,210,md,DOC-SCI,HUMAN,DOC-SCI-001,默认保留（非产出面或非数据形态）
docs/science/algorithms/PHASE3_RSMP_IMPL.md,433,md,DOC-SCI,HUMAN,DOC-SCI-001,默认保留（非产出面或非数据形态）
docs/science/algorithms/PHOTOMETRIC_FIT.md,306,md,DOC-SCI,HUMAN,DOC-SCI-002,默认保留（非产出面或非数据形态）
docs/science/algorithms/PLATESOLVE.md,371,md,DOC-SCI,HUMAN,DOC-SCI-001,默认保留（非产出面或非数据形态）
docs/science/algorithms/README.md,3,md,DOC-SCI,HUMAN,DOC-SCI-002,默认保留（非产出面或非数据形态）
docs/science/algorithms/STAR_DETECTION_ALGORITHMS.md,453,md,DOC-SCI,HUMAN,DOC-SCI-001,默认保留（非产出面或非数据形态）
docs/science/algorithms/STAR_PSF_ALGORITHMS.md,265,md,DOC-SCI,HUMAN,DOC-SCI-002,默认保留（非产出面或非数据形态）
docs/science/algorithms/UPM_SOLVER.md,132,md,DOC-SCI,HUMAN,DOC-SCI-002,默认保留（非产出面或非数据形态）
eng/README.md,23,md,ENG-ROOT,HUMAN,TAIL-ENG-001,默认保留（非产出面或非数据形态）
eng/build/README.md,17,md,ENG-build,HUMAN,TAIL-ENG-001,默认保留（非产出面或非数据形态）
eng/build/build.sh,54,sh,ENG-build,HUMAN,TAIL-ENG-001,默认保留（非产出面或非数据形态）
eng/build/toolchain.ps1,91,ps1,ENG-build,HUMAN,TAIL-ENG-001,默认保留（非产出面或非数据形态）
eng/cmake/ARCH-001-migration-manifest.md,140,md,ENG-cmake,HUMAN,TAIL-ENG-001,默认保留（非产出面或非数据形态）
eng/cmake/README.md,21,md,ENG-cmake,HUMAN,TAIL-ENG-001,默认保留（非产出面或非数据形态）
eng/cmake/acsd.product.windows.json.in,26,in,ENG-cmake,HUMAN,TAIL-ENG-001,默认保留（非产出面或非数据形态）
eng/cmake/cfitsio_platform.cmake,224,cmake,ENG-cmake,HUMAN,TAIL-ENG-001,默认保留（非产出面或非数据形态）
eng/cmake/cfitsio_sources.cmake,64,cmake,ENG-cmake,HUMAN,TAIL-ENG-001,默认保留（非产出面或非数据形态）
eng/cmake/install_layout.cmake,215,cmake,ENG-cmake,HUMAN,TAIL-ENG-001,默认保留（非产出面或非数据形态）
eng/cmake/qa_coverage_report.sh,36,sh,ENG-cmake,HUMAN,TAIL-ENG-001,默认保留（非产出面或非数据形态）
eng/cmake/win32_pthread_shim/pthread.h,95,h,ENG-cmake,HUMAN,TAIL-ENG-001,默认保留（非产出面或非数据形态）
eng/cmake/win32_pthread_shim/unistd.h,6,h,ENG-cmake,HUMAN,TAIL-ENG-001,默认保留（非产出面或非数据形态）
eng/contracts/README.md,21,md,ENG-contracts,HUMAN,ENG-contracts-001,默认保留（非产出面或非数据形态）
eng/contracts/anchors/anchor_contract.json,466,json,ENG-contracts,HUMAN,ENG-contracts-002,默认保留（非产出面或非数据形态）
eng/contracts/anchors/unresolved_registry.json,125,json,ENG-contracts,HUMAN,ENG-contracts-003,默认保留（非产出面或非数据形态）
eng/contracts/block_flow/conformance_deviations.json,55,json,ENG-contracts,HUMAN,ENG-contracts-003,默认保留（非产出面或非数据形态）
eng/contracts/block_flow/stage_block_flow.json,689,json,ENG-contracts,GENERATED,,A1 裁定（采 GEN-2）: 本件自带 generated_by: eng/tools/quality/gen_block_flow_spec.py 与 derived_from: lib/infrastructure/pipeline/module_ports.registry.json ⇒ 可再产出。G1 的 P1 未覆盖 eng/contracts/block_flow/、P3 也未命中 ⇒ 漏判。
eng/contracts/config/cli_modules_list.schema.json,35,json,ENG-contracts,HUMAN,ENG-contracts-002,P3 手写面豁免: ^eng/contracts/(schemas|data|config)/
eng/contracts/config/cli_selftest.schema.json,27,json,ENG-contracts,HUMAN,ENG-contracts-003,P3 手写面豁免: ^eng/contracts/(schemas|data|config)/
eng/contracts/config/module_dll_contract.schema.json,267,json,ENG-contracts,HUMAN,ENG-contracts-003,P3 手写面豁免: ^eng/contracts/(schemas|data|config)/
eng/contracts/config/module_lifecycle_contract.schema.json,95,json,ENG-contracts,HUMAN,ENG-contracts-002,P3 手写面豁免: ^eng/contracts/(schemas|data|config)/
eng/contracts/data/aio_abi_contract_v1.json,169,json,ENG-contracts,HUMAN,ENG-contracts-003,P3 手写面豁免: ^eng/contracts/(schemas|data|config)/
eng/contracts/data/artifact_manifest.schema.json,149,json,ENG-contracts,HUMAN,ENG-contracts-003,P3 手写面豁免: ^eng/contracts/(schemas|data|config)/
eng/contracts/data/artifact_types.registry.json,42,json,ENG-contracts,HUMAN,ENG-contracts-001,P3 手写面豁免: ^eng/contracts/(schemas|data|config)/
eng/contracts/data/clause_registry.json,4159,json,ENG-contracts,HUMAN,ENG-contracts-001,P3 手写面豁免: ^eng/contracts/(schemas|data|config)/
eng/contracts/data/config_separation_anchors.json,224,json,ENG-contracts,HUMAN,ENG-contracts-002,A1 裁定（采 G1）: 本件的 produced_by / not_produced_by(:18,:22,:72,:75,:133,:136) 声明的是「哪个配置 schema 拥有哪段字段命名空间」，not_produced_by 更是显式否认产出；本件另有 owner 与 authority(:6-9) 指向 docs 正本⇒ 人维护的锚点注册表。GEN-2 的 G2 是按键名匹配无判语义，此处为假阳性。
eng/contracts/data/contract_index.yaml,1005,yaml,ENG-contracts,HUMAN,ENG-contracts-003,P3 手写面豁免: ^eng/contracts/(schemas|data|config)/
eng/contracts/data/examples/covariance.example.json,51,json,ENG-contracts,HUMAN,ENG-contracts-002,P3 手写面豁免: ^eng/contracts/(schemas|data|config)/
eng/contracts/data/examples/effective-psf.example.json,17,json,ENG-contracts,HUMAN,ENG-contracts-003,P3 手写面豁免: ^eng/contracts/(schemas|data|config)/
eng/contracts/data/examples/external_fixture_hips.example.json,41,json,ENG-contracts,HUMAN,ENG-contracts-003,P3 手写面豁免: ^eng/contracts/(schemas|data|config)/
eng/contracts/data/examples/frame_hips_manifest.example.json,25,json,ENG-contracts,HUMAN,ENG-contracts-003,P3 手写面豁免: ^eng/contracts/(schemas|data|config)/
eng/contracts/data/examples/phase1_product_v1.example.json,44,json,ENG-contracts,HUMAN,ENG-contracts-002,P3 手写面豁免: ^eng/contracts/(schemas|data|config)/
eng/contracts/data/examples/phase2_mosaic_v1.example.json,44,json,ENG-contracts,HUMAN,ENG-contracts-002,P3 手写面豁免: ^eng/contracts/(schemas|data|config)/
eng/contracts/data/examples/phase3.example.json,31,json,ENG-contracts,HUMAN,ENG-contracts-001,P3 手写面豁免: ^eng/contracts/(schemas|data|config)/
eng/contracts/data/examples/phase3_planar_fits_v1.example.json,43,json,ENG-contracts,HUMAN,ENG-contracts-001,P3 手写面豁免: ^eng/contracts/(schemas|data|config)/
eng/contracts/data/examples/point-information.example.json,29,json,ENG-contracts,HUMAN,ENG-contracts-002,P3 手写面豁免: ^eng/contracts/(schemas|data|config)/
eng/contracts/data/examples/provenance.example.json,32,json,ENG-contracts,HUMAN,ENG-contracts-001,P3 手写面豁免: ^eng/contracts/(schemas|data|config)/
eng/contracts/data/examples/psf.example.json,43,json,ENG-contracts,HUMAN,ENG-contracts-003,P3 手写面豁免: ^eng/contracts/(schemas|data|config)/
eng/contracts/data/examples/psfsw.example.json,134,json,ENG-contracts,HUMAN,ENG-contracts-002,P3 手写面豁免: ^eng/contracts/(schemas|data|config)/
eng/contracts/data/examples/signal.example.json,25,json,ENG-contracts,HUMAN,ENG-contracts-002,P3 手写面豁免: ^eng/contracts/(schemas|data|config)/
eng/contracts/data/examples/units.example.json,123,json,ENG-contracts,HUMAN,ENG-contracts-002,P3 手写面豁免: ^eng/contracts/(schemas|data|config)/
eng/contracts/data/examples/weight-mode.example.json,41,json,ENG-contracts,HUMAN,ENG-contracts-001,P3 手写面豁免: ^eng/contracts/(schemas|data|config)/
eng/contracts/data/phase2_uncertainty_rejection_provenance_v1.json,119,json,ENG-contracts,HUMAN,ENG-contracts-003,P3 手写面豁免: ^eng/contracts/(schemas|data|config)/
eng/contracts/data/phase_product_exchange.schema.json,247,json,ENG-contracts,HUMAN,ENG-contracts-002,P3 手写面豁免: ^eng/contracts/(schemas|data|config)/
eng/contracts/data/phase_product_exchange_matrix.json,141,json,ENG-contracts,HUMAN,ENG-contracts-001,P3 手写面豁免: ^eng/contracts/(schemas|data|config)/
eng/contracts/data/unified_object_compatibility_map_v1.json,381,json,ENG-contracts,HUMAN,ENG-contracts-002,P3 手写面豁免: ^eng/contracts/(schemas|data|config)/
eng/contracts/data/unified_object_registry.json,681,json,ENG-contracts,HUMAN,ENG-contracts-003,P3 手写面豁免: ^eng/contracts/(schemas|data|config)/
eng/contracts/ledgers/dead_config_keys.json,173,json,ENG-contracts,GENERATED,,A1 裁定（采 G1）: 本件是「CHK-CONFIG-CONSUMED 显式台账」，每条记录生产代码零命中的死键并附推导位置，由源码扫描派生；eng/contracts/ledgers/ 本就是机读台账面。GEN-2 无 ledgers 面 ⇒ 漏判。
eng/contracts/ledgers/ledger_schema.py,76,py,ENG-contracts,HUMAN,ENG-contracts-002,默认保留（非产出面或非数据形态）
eng/contracts/resource_gate_v1.json,97,json,ENG-contracts,HUMAN,ENG-contracts-001,默认保留（非产出面或非数据形态）
eng/contracts/schemas/contract_index.schema.json,53,json,ENG-contracts,HUMAN,ENG-contracts-001,P3 手写面豁免: ^eng/contracts/(schemas|data|config)/
eng/contracts/schemas/cpu_profile.schema.json,905,json,ENG-contracts,HUMAN,ENG-contracts-003,P3 手写面豁免: ^eng/contracts/(schemas|data|config)/
eng/contracts/schemas/dual_line_file_domain.schema.json,62,json,ENG-contracts,HUMAN,ENG-contracts-002,P3 手写面豁免: ^eng/contracts/(schemas|data|config)/
eng/contracts/schemas/hardware_inspect.schema.json,150,json,ENG-contracts,HUMAN,ENG-contracts-001,P3 手写面豁免: ^eng/contracts/(schemas|data|config)/
eng/contracts/schemas/hips_storage_form.schema.json,527,json,ENG-contracts,HUMAN,ENG-contracts-003,P3 手写面豁免: ^eng/contracts/(schemas|data|config)/
eng/contracts/schemas/jsonl_event_v1.schema.json,491,json,ENG-contracts,HUMAN,ENG-contracts-001,P3 手写面豁免: ^eng/contracts/(schemas|data|config)/
eng/contracts/schemas/monitor_field_semantics.schema.json,56,json,ENG-contracts,HUMAN,ENG-contracts-001,P3 手写面豁免: ^eng/contracts/(schemas|data|config)/
eng/contracts/schemas/perf_gate_criteria.schema.json,78,json,ENG-contracts,HUMAN,ENG-contracts-003,P3 手写面豁免: ^eng/contracts/(schemas|data|config)/
eng/contracts/schemas/phase_config_export.schema.json,648,json,ENG-contracts,HUMAN,ENG-contracts-003,P3 手写面豁免: ^eng/contracts/(schemas|data|config)/
eng/contracts/schemas/phase_config_mosaic.schema.json,341,json,ENG-contracts,HUMAN,ENG-contracts-001,P3 手写面豁免: ^eng/contracts/(schemas|data|config)/
eng/contracts/schemas/phase_config_normalize.schema.json,731,json,ENG-contracts,HUMAN,ENG-contracts-003,P3 手写面豁免: ^eng/contracts/(schemas|data|config)/
eng/contracts/schemas/pipeline_block.schema.json,88,json,ENG-contracts,HUMAN,ENG-contracts-001,P3 手写面豁免: ^eng/contracts/(schemas|data|config)/
eng/contracts/schemas/product_family_field_constraints.schema.json,4050,json,ENG-contracts,HUMAN,ENG-contracts-002,P3 手写面豁免: ^eng/contracts/(schemas|data|config)/
eng/contracts/schemas/projection_registry.schema.json,70,json,ENG-contracts,HUMAN,ENG-contracts-001,P3 手写面豁免: ^eng/contracts/(schemas|data|config)/
eng/contracts/schemas/run_manifest.schema.json,124,json,ENG-contracts,HUMAN,ENG-contracts-001,P3 手写面豁免: ^eng/contracts/(schemas|data|config)/
eng/contracts/schemas/scheduler_probe_event.schema.json,70,json,ENG-contracts,HUMAN,ENG-contracts-003,P3 手写面豁免: ^eng/contracts/(schemas|data|config)/
eng/contracts/schemas/task_result.schema.json,41,json,ENG-contracts,HUMAN,ENG-contracts-002,P3 手写面豁免: ^eng/contracts/(schemas|data|config)/
eng/contracts/schemas/traceability_matrix.schema.json,61,json,ENG-contracts,HUMAN,ENG-contracts-002,P3 手写面豁免: ^eng/contracts/(schemas|data|config)/
eng/contracts/schemas/unified/coverage.schema.json,331,json,ENG-contracts,HUMAN,ENG-contracts-003,P3 手写面豁免: ^eng/contracts/(schemas|data|config)/
eng/contracts/schemas/unified/depth_m5.schema.json,323,json,ENG-contracts,HUMAN,ENG-contracts-003,P3 手写面豁免: ^eng/contracts/(schemas|data|config)/
eng/contracts/schemas/unified/examples/coverage.example.json,35,json,ENG-contracts,HUMAN,ENG-contracts-003,P3 手写面豁免: ^eng/contracts/(schemas|data|config)/
eng/contracts/schemas/unified/examples/depth_m5.example.json,36,json,ENG-contracts,HUMAN,ENG-contracts-002,P3 手写面豁免: ^eng/contracts/(schemas|data|config)/
eng/contracts/schemas/unified/examples/frame_snr.example.json,35,json,ENG-contracts,HUMAN,ENG-contracts-001,P3 手写面豁免: ^eng/contracts/(schemas|data|config)/
eng/contracts/schemas/unified/examples/ivar.example.json,36,json,ENG-contracts,HUMAN,ENG-contracts-003,P3 手写面豁免: ^eng/contracts/(schemas|data|config)/
eng/contracts/schemas/unified/examples/point_information.example.json,37,json,ENG-contracts,HUMAN,ENG-contracts-001,P3 手写面豁免: ^eng/contracts/(schemas|data|config)/
eng/contracts/schemas/unified/examples/provenance.example.json,42,json,ENG-contracts,HUMAN,ENG-contracts-003,P3 手写面豁免: ^eng/contracts/(schemas|data|config)/
eng/contracts/schemas/unified/examples/rejection.example.json,39,json,ENG-contracts,HUMAN,ENG-contracts-003,P3 手写面豁免: ^eng/contracts/(schemas|data|config)/
eng/contracts/schemas/unified/examples/signal.example.json,35,json,ENG-contracts,HUMAN,ENG-contracts-002,P3 手写面豁免: ^eng/contracts/(schemas|data|config)/
eng/contracts/schemas/unified/examples/signal_flux.example.json,35,json,ENG-contracts,HUMAN,ENG-contracts-003,P3 手写面豁免: ^eng/contracts/(schemas|data|config)/
eng/contracts/schemas/unified/examples/source_snr.example.json,36,json,ENG-contracts,HUMAN,ENG-contracts-002,P3 手写面豁免: ^eng/contracts/(schemas|data|config)/
eng/contracts/schemas/unified/examples/sparse_snr_layer.example.json,52,json,ENG-contracts,HUMAN,ENG-contracts-003,P3 手写面豁免: ^eng/contracts/(schemas|data|config)/
eng/contracts/schemas/unified/examples/support.example.json,34,json,ENG-contracts,HUMAN,ENG-contracts-002,P3 手写面豁免: ^eng/contracts/(schemas|data|config)/
eng/contracts/schemas/unified/examples/validity.example.json,34,json,ENG-contracts,HUMAN,ENG-contracts-003,P3 手写面豁免: ^eng/contracts/(schemas|data|config)/
eng/contracts/schemas/unified/examples/variance.example.json,42,json,ENG-contracts,HUMAN,ENG-contracts-001,P3 手写面豁免: ^eng/contracts/(schemas|data|config)/
eng/contracts/schemas/unified/frame_snr.schema.json,390,json,ENG-contracts,HUMAN,ENG-contracts-003,P3 手写面豁免: ^eng/contracts/(schemas|data|config)/
eng/contracts/schemas/unified/ivar.schema.json,498,json,ENG-contracts,HUMAN,ENG-contracts-002,P3 手写面豁免: ^eng/contracts/(schemas|data|config)/
eng/contracts/schemas/unified/negative/EXPECTED.json,50,json,ENG-contracts,HUMAN,ENG-contracts-003,P3 手写面豁免: ^eng/contracts/(schemas|data|config)/
eng/contracts/schemas/unified/negative/n1_bare_weight.schema-violation.json,36,json,ENG-contracts,HUMAN,ENG-contracts-003,P3 手写面豁免: ^eng/contracts/(schemas|data|config)/
eng/contracts/schemas/unified/negative/n2_source_snr_as_variance.schema-violation.json,36,json,ENG-contracts,HUMAN,ENG-contracts-001,P3 手写面豁免: ^eng/contracts/(schemas|data|config)/
eng/contracts/schemas/unified/negative/n3_coverage_as_rejection.schema-violation.json,35,json,ENG-contracts,HUMAN,ENG-contracts-001,P3 手写面豁免: ^eng/contracts/(schemas|data|config)/
eng/contracts/schemas/unified/negative/n4_source_snr_into_variance_port.schema-violation.json,42,json,ENG-contracts,HUMAN,ENG-contracts-002,P3 手写面豁免: ^eng/contracts/(schemas|data|config)/
eng/contracts/schemas/unified/negative/n5_retired_psfsw_robust_weight.schema-violation.json,43,json,ENG-contracts,HUMAN,ENG-contracts-002,P3 手写面豁免: ^eng/contracts/(schemas|data|config)/
eng/contracts/schemas/unified/negative/n6_sparse_snr_relative_semantics.schema-violation.json,46,json,ENG-contracts,HUMAN,ENG-contracts-001,P3 手写面豁免: ^eng/contracts/(schemas|data|config)/
eng/contracts/schemas/unified/point_information.schema.json,320,json,ENG-contracts,HUMAN,ENG-contracts-002,P3 手写面豁免: ^eng/contracts/(schemas|data|config)/
eng/contracts/schemas/unified/port_contract.schema.json,597,json,ENG-contracts,HUMAN,ENG-contracts-002,P3 手写面豁免: ^eng/contracts/(schemas|data|config)/
eng/contracts/schemas/unified/provenance.schema.json,470,json,ENG-contracts,HUMAN,ENG-contracts-003,P3 手写面豁免: ^eng/contracts/(schemas|data|config)/
eng/contracts/schemas/unified/rejection.schema.json,335,json,ENG-contracts,HUMAN,ENG-contracts-001,P3 手写面豁免: ^eng/contracts/(schemas|data|config)/
eng/contracts/schemas/unified/signal.schema.json,572,json,ENG-contracts,HUMAN,ENG-contracts-001,P3 手写面豁免: ^eng/contracts/(schemas|data|config)/
eng/contracts/schemas/unified/source_snr.schema.json,329,json,ENG-contracts,HUMAN,ENG-contracts-002,P3 手写面豁免: ^eng/contracts/(schemas|data|config)/
eng/contracts/schemas/unified/sparse_snr_layer.schema.json,399,json,ENG-contracts,HUMAN,ENG-contracts-001,P3 手写面豁免: ^eng/contracts/(schemas|data|config)/
eng/contracts/schemas/unified/support.schema.json,324,json,ENG-contracts,HUMAN,ENG-contracts-001,P3 手写面豁免: ^eng/contracts/(schemas|data|config)/
eng/contracts/schemas/unified/validity.schema.json,314,json,ENG-contracts,HUMAN,ENG-contracts-001,P3 手写面豁免: ^eng/contracts/(schemas|data|config)/
eng/contracts/schemas/unified/variance.schema.json,618,json,ENG-contracts,HUMAN,ENG-contracts-003,P3 手写面豁免: ^eng/contracts/(schemas|data|config)/
eng/contracts/schemas/version.schema.json,20,json,ENG-contracts,HUMAN,ENG-contracts-001,P3 手写面豁免: ^eng/contracts/(schemas|data|config)/
eng/packaging/README.md,46,md,ENG-packaging,HUMAN,ENG-packaging-001,默认保留（非产出面或非数据形态）
eng/packaging/acsd.product.json,26,json,ENG-packaging,HUMAN,ENG-packaging-001,默认保留（非产出面或非数据形态）
eng/packaging/config/config_registry.json,2814,json,ENG-packaging,HUMAN,ENG-packaging-001,P3 手写面豁免: ^eng/packaging/config/
eng/packaging/config/defaults.json,995,json,ENG-packaging,HUMAN,ENG-packaging-001,P3 手写面豁免: ^eng/packaging/config/
eng/packaging/config/filters.json,14962,json,ENG-packaging,GENERATED,,A1 裁定（采 GEN-2）: 本件自带 transcription{source_path: lib/algorithms/photometry/data/response_curves/filters.json, mode: verbatim}；docs/engineering/CONFIG_CONTRACT.md:104 记「逐字转录…未重采样、未插值、未改数值」且机器门 TestFiltersLibrary::test_verbatim_transcription 逐条与源件比对 ⇒ 内容可再产出。G1 的 P3 ^eng/packaging/config/ 把它当手写面豁免，误。
eng/packaging/config/runtime_resources.json,75,json,ENG-packaging,HUMAN,ENG-packaging-001,P3 手写面豁免: ^eng/packaging/config/
eng/packaging/config/runtime_resources_generated.h.in,70,in,ENG-packaging,HUMAN,ENG-packaging-001,P3 手写面豁免: ^eng/packaging/config/
eng/packaging/config/templates/export.phase_config.json,17,json,ENG-packaging,HUMAN,ENG-packaging-001,P3 手写面豁免: ^eng/packaging/config/
eng/packaging/config/templates/mosaic.phase_config.json,11,json,ENG-packaging,HUMAN,ENG-packaging-001,P3 手写面豁免: ^eng/packaging/config/
eng/packaging/config/templates/normalize.phase_config.json,27,json,ENG-packaging,HUMAN,ENG-packaging-001,P3 手写面豁免: ^eng/packaging/config/
eng/packaging/dependency-lock.json,202,json,ENG-packaging,HUMAN,ENG-packaging-001,默认保留（非产出面或非数据形态）
eng/packaging/install-tree.contract.json,34,json,ENG-packaging,HUMAN,ENG-packaging-001,默认保留（非产出面或非数据形态）
eng/packaging/launch/demo_gc.json,46,json,ENG-packaging,HUMAN,ENG-packaging-001,默认保留（非产出面或非数据形态）
eng/packaging/launch/start_browser.ps1,156,ps1,ENG-packaging,HUMAN,ENG-packaging-001,默认保留（非产出面或非数据形态）
eng/packaging/licenses/CFITSIO_LICENSE.txt,25,txt,ENG-packaging,HUMAN,ENG-packaging-001,默认保留（非产出面或非数据形态）
eng/packaging/licenses/LICENSE-INDEX.txt,23,txt,ENG-packaging,HUMAN,ENG-packaging-001,默认保留（非产出面或非数据形态）
eng/packaging/licenses/nlohmann_json.MIT.txt,9,txt,ENG-packaging,HUMAN,ENG-packaging-001,默认保留（非产出面或非数据形态）
eng/packaging/schemas/acsd-product.schema.json,32,json,ENG-packaging,HUMAN,ENG-packaging-001,默认保留（非产出面或非数据形态）
eng/packaging/schemas/dependency-lock.schema.json,61,json,ENG-packaging,HUMAN,ENG-packaging-001,默认保留（非产出面或非数据形态）
eng/packaging/schemas/install-tree-contract.schema.json,34,json,ENG-packaging,HUMAN,ENG-packaging-001,默认保留（非产出面或非数据形态）
eng/packaging/schemas/preset-contract.json,64,json,ENG-packaging,HUMAN,ENG-packaging-001,默认保留（非产出面或非数据形态）
eng/packaging/windows/.vsconfig,12,vsconfig,ENG-packaging,HUMAN,ENG-packaging-001,默认保留（非产出面或非数据形态）
eng/packaging/windows/README.md,47,md,ENG-packaging,HUMAN,ENG-packaging-001,默认保留（非产出面或非数据形态）
eng/tests/README.md,24,md,ENG-tests,HUMAN,ENG-tests-004,默认保留（非产出面或非数据形态）
eng/tests/__init__.py,0,py,ENG-tests,HUMAN,ENG-tests-007,默认保留（非产出面或非数据形态）
eng/tests/abi/abi002_lifecycle_probe.c,297,c,ENG-tests,HUMAN,ENG-tests-011,默认保留（非产出面或非数据形态）
eng/tests/abi/abi003_loader_probe.c,150,c,ENG-tests,HUMAN,ENG-tests-008,默认保留（非产出面或非数据形态）
eng/tests/abi/abi004_registry_probe.c,150,c,ENG-tests,HUMAN,ENG-tests-009,默认保留（非产出面或非数据形态）
eng/tests/abi/mod001_install_load_check.py,395,py,ENG-tests,HUMAN,ENG-tests-003,默认保留（非产出面或非数据形态）
eng/tests/abi/test_abi002_lifecycle.py,360,py,ENG-tests,HUMAN,ENG-tests-004,默认保留（非产出面或非数据形态）
eng/tests/abi/test_abi005_echo.py,382,py,ENG-tests,HUMAN,ENG-tests-002,默认保留（非产出面或非数据形态）
eng/tests/abi/test_mod001_install_load_check.py,47,py,ENG-tests,HUMAN,ENG-tests-002,默认保留（非产出面或非数据形态）
eng/tests/abi/test_module_registry.py,416,py,ENG-tests,HUMAN,ENG-tests-005,默认保留（非产出面或非数据形态）
eng/tests/abi/test_secure_loader.py,518,py,ENG-tests,HUMAN,ENG-tests-007,默认保留（非产出面或非数据形态）
eng/tests/api/__init__.py,0,py,ENG-tests,HUMAN,ENG-tests-007,默认保留（非产出面或非数据形态）
eng/tests/api/test_cli_protocol.py,192,py,ENG-tests,HUMAN,ENG-tests-011,默认保留（非产出面或非数据形态）
eng/tests/api/test_common_abi.py,51,py,ENG-tests,HUMAN,ENG-tests-007,默认保留（非产出面或非数据形态）
eng/tests/api/test_p1_api.py,91,py,ENG-tests,HUMAN,ENG-tests-009,默认保留（非产出面或非数据形态）
eng/tests/api/test_p2_api.py,52,py,ENG-tests,HUMAN,ENG-tests-012,默认保留（非产出面或非数据形态）
eng/tests/api/test_p3_api.py,47,py,ENG-tests,HUMAN,ENG-tests-003,默认保留（非产出面或非数据形态）
eng/tests/api/test_reject_integration_oracle.py,162,py,ENG-tests,HUMAN,ENG-tests-004,默认保留（非产出面或非数据形态）
eng/tests/api/test_reject_parallel.py,126,py,ENG-tests,HUMAN,ENG-tests-001,默认保留（非产出面或非数据形态）
eng/tests/api/test_seam_metric_gate.py,100,py,ENG-tests,HUMAN,ENG-tests-010,默认保留（非产出面或非数据形态）
eng/tests/api/test_upm_parallel.py,114,py,ENG-tests,HUMAN,ENG-tests-006,默认保留（非产出面或非数据形态）
eng/tests/api/test_upm_recovery_oracle.py,137,py,ENG-tests,HUMAN,ENG-tests-006,默认保留（非产出面或非数据形态）
eng/tests/arch/__init__.py,0,py,ENG-tests,HUMAN,ENG-tests-007,默认保留（非产出面或非数据形态）
eng/tests/arch/test_backend_arch.py,35,py,ENG-tests,HUMAN,ENG-tests-006,默认保留（非产出面或非数据形态）
eng/tests/arch/test_budget_contract.py,92,py,ENG-tests,HUMAN,ENG-tests-011,默认保留（非产出面或非数据形态）
eng/tests/arch/test_phase3_module_arch.py,38,py,ENG-tests,HUMAN,ENG-tests-002,默认保留（非产出面或非数据形态）
eng/tests/artifact/test_manifest_schema_negative.py,151,py,ENG-tests,HUMAN,ENG-tests-003,默认保留（非产出面或非数据形态）
eng/tests/artifact/test_phase_product_exchange.py,306,py,ENG-tests,HUMAN,ENG-tests-006,默认保留（非产出面或非数据形态）
eng/tests/artifact/test_production_store.py,475,py,ENG-tests,HUMAN,ENG-tests-002,默认保留（非产出面或非数据形态）
eng/tests/artifact/test_provenance.py,680,py,ENG-tests,HUMAN,ENG-tests-005,默认保留（非产出面或非数据形态）
eng/tests/backend/__init__.py,0,py,ENG-tests,HUMAN,ENG-tests-007,默认保留（非产出面或非数据形态）
eng/tests/backend/abi_selftest_main.cpp,86,cpp,ENG-tests,HUMAN,ENG-tests-001,默认保留（非产出面或非数据形态）
eng/tests/backend/bench_candidates_main.cpp,107,cpp,ENG-tests,HUMAN,ENG-tests-011,默认保留（非产出面或非数据形态）
eng/tests/backend/bench_harness_main.cpp,120,cpp,ENG-tests,HUMAN,ENG-tests-008,默认保留（非产出面或非数据形态）
eng/tests/backend/candidates_probe_main.cpp,18,cpp,ENG-tests,HUMAN,ENG-tests-002,默认保留（非产出面或非数据形态）
eng/tests/backend/cheat_backend.cpp,64,cpp,ENG-tests,HUMAN,ENG-tests-005,默认保留（非产出面或非数据形态）
eng/tests/backend/fixture_backend.cpp,45,cpp,ENG-tests,HUMAN,ENG-tests-008,默认保留（非产出面或非数据形态）
eng/tests/backend/fixture_common.py,185,py,ENG-tests,HUMAN,ENG-tests-006,默认保留（非产出面或非数据形态）
eng/tests/backend/hips_properties_probe_main.cpp,45,cpp,ENG-tests,HUMAN,ENG-tests-010,默认保留（非产出面或非数据形态）
eng/tests/backend/kernel_bench_main.cpp,150,cpp,ENG-tests,HUMAN,ENG-tests-012,默认保留（非产出面或非数据形态）
eng/tests/backend/kernel_oracle_main.cpp,143,cpp,ENG-tests,HUMAN,ENG-tests-009,默认保留（非产出面或非数据形态）
eng/tests/backend/loader_probe_main.cpp,58,cpp,ENG-tests,HUMAN,ENG-tests-011,默认保留（非产出面或非数据形态）
eng/tests/backend/mon003_synthetic_main.cpp,203,cpp,ENG-tests,HUMAN,ENG-tests-008,默认保留（非产出面或非数据形态）
eng/tests/backend/p3_output_fsync_interposer.cpp,112,cpp,ENG-tests,HUMAN,ENG-tests-002,默认保留（非产出面或非数据形态）
eng/tests/backend/p3_output_fsync_probe.cpp,102,cpp,ENG-tests,HUMAN,ENG-tests-012,默认保留（非产出面或非数据形态）
eng/tests/backend/p3_output_probe_main.cpp,83,cpp,ENG-tests,HUMAN,ENG-tests-005,默认保留（非产出面或非数据形态）
eng/tests/backend/p3_publish_order_negative.py,248,py,ENG-tests,HUMAN,ENG-tests-005,默认保留（非产出面或非数据形态）
eng/tests/backend/p3_session_probe.cpp,71,cpp,ENG-tests,HUMAN,ENG-tests-008,默认保留（非产出面或非数据形态）
eng/tests/backend/phase1_fixture_main.cpp,191,cpp,ENG-tests,HUMAN,ENG-tests-012,默认保留（非产出面或非数据形态）
eng/tests/backend/phase2_fixture_main.cpp,318,cpp,ENG-tests,HUMAN,ENG-tests-007,默认保留（非产出面或非数据形态）
eng/tests/backend/profile_gen_main.cpp,28,cpp,ENG-tests,HUMAN,ENG-tests-011,默认保留（非产出面或非数据形态）
eng/tests/backend/syn008_seam_main.cpp,153,cpp,ENG-tests,HUMAN,ENG-tests-011,默认保留（非产出面或非数据形态）
eng/tests/backend/test_abi_kernels.py,170,py,ENG-tests,HUMAN,ENG-tests-005,默认保留（非产出面或非数据形态）
eng/tests/backend/test_abi_loader.py,202,py,ENG-tests,HUMAN,ENG-tests-004,默认保留（非产出面或非数据形态）
eng/tests/backend/test_abi_v1.py,110,py,ENG-tests,HUMAN,ENG-tests-008,默认保留（非产出面或非数据形态）
eng/tests/backend/test_bench_candidates.py,108,py,ENG-tests,HUMAN,ENG-tests-007,默认保留（非产出面或非数据形态）
eng/tests/backend/test_bench_harness.py,94,py,ENG-tests,HUMAN,ENG-tests-004,默认保留（非产出面或非数据形态）
eng/tests/backend/test_calibration_oracle.py,303,py,ENG-tests,HUMAN,ENG-tests-005,默认保留（非产出面或非数据形态）
eng/tests/backend/test_cpu_profile.py,262,py,ENG-tests,HUMAN,ENG-tests-011,默认保留（非产出面或非数据形态）
eng/tests/backend/test_cpuprov_isa_variants.py,199,py,ENG-tests,HUMAN,ENG-tests-006,默认保留（非产出面或非数据形态）
eng/tests/backend/test_cpuprov_manifest.py,169,py,ENG-tests,HUMAN,ENG-tests-002,默认保留（非产出面或非数据形态）
eng/tests/backend/test_drizzle_oracle.py,190,py,ENG-tests,HUMAN,ENG-tests-001,默认保留（非产出面或非数据形态）
eng/tests/backend/test_drizzle_parallel.py,108,py,ENG-tests,HUMAN,ENG-tests-008,默认保留（非产出面或非数据形态）
eng/tests/backend/test_fix402_phase3_semantic_guard.py,335,py,ENG-tests,HUMAN,ENG-tests-001,默认保留（非产出面或非数据形态）
eng/tests/backend/test_hardware_inspect.py,205,py,ENG-tests,HUMAN,ENG-tests-003,默认保留（非产出面或非数据形态）
eng/tests/backend/test_hips_properties.py,135,py,ENG-tests,HUMAN,ENG-tests-002,默认保留（非产出面或非数据形态）
eng/tests/backend/test_isa_avx.py,157,py,ENG-tests,HUMAN,ENG-tests-001,默认保留（非产出面或非数据形态）
eng/tests/backend/test_isa_avx2_fma.py,96,py,ENG-tests,HUMAN,ENG-tests-011,默认保留（非产出面或非数据形态）
eng/tests/backend/test_isa_avx512.py,100,py,ENG-tests,HUMAN,ENG-tests-002,默认保留（非产出面或非数据形态）
eng/tests/backend/test_isa_bit_manip.py,102,py,ENG-tests,HUMAN,ENG-tests-003,默认保留（非产出面或非数据形态）
eng/tests/backend/test_isa_variants.py,157,py,ENG-tests,HUMAN,ENG-tests-012,默认保留（非产出面或非数据形态）
eng/tests/backend/test_manifest_isa_declaration.py,116,py,ENG-tests,HUMAN,ENG-tests-006,默认保留（非产出面或非数据形态）
eng/tests/backend/test_mon003_synthetic.py,81,py,ENG-tests,HUMAN,ENG-tests-010,默认保留（非产出面或非数据形态）
eng/tests/backend/test_noise_model_oracle.py,198,py,ENG-tests,HUMAN,ENG-tests-004,默认保留（非产出面或非数据形态）
eng/tests/backend/test_p1002_gaps.py,596,py,ENG-tests,HUMAN,ENG-tests-012,默认保留（非产出面或非数据形态）
eng/tests/backend/test_p1004_joint_gate.py,198,py,ENG-tests,HUMAN,ENG-tests-007,默认保留（非产出面或非数据形态）
eng/tests/backend/test_p2001_parallel_sampler.py,157,py,ENG-tests,HUMAN,ENG-tests-010,默认保留（非产出面或非数据形态）
eng/tests/backend/test_p2002_parallel_upm.py,152,py,ENG-tests,HUMAN,ENG-tests-005,默认保留（非产出面或非数据形态）
eng/tests/backend/test_p2003_seam_oracle.py,300,py,ENG-tests,HUMAN,ENG-tests-006,默认保留（非产出面或非数据形态）
eng/tests/backend/test_p2004_reject_integrate.py,176,py,ENG-tests,HUMAN,ENG-tests-003,默认保留（非产出面或非数据形态）
eng/tests/backend/test_p2005_block_io.py,131,py,ENG-tests,HUMAN,ENG-tests-011,默认保留（非产出面或非数据形态）
eng/tests/backend/test_p2006_canonical_pipeline.py,141,py,ENG-tests,HUMAN,ENG-tests-012,默认保留（非产出面或非数据形态）
eng/tests/backend/test_p2007_joint_gate.py,364,py,ENG-tests,HUMAN,ENG-tests-001,默认保留（非产出面或非数据形态）
eng/tests/backend/test_p3001_science_freeze.py,70,py,ENG-tests,HUMAN,ENG-tests-005,默认保留（非产出面或非数据形态）
eng/tests/backend/test_p3002_properties_order_unit.py,68,py,ENG-tests,HUMAN,ENG-tests-002,默认保留（非产出面或非数据形态）
eng/tests/backend/test_p3003_parallel_resampler.py,141,py,ENG-tests,HUMAN,ENG-tests-001,默认保留（非产出面或非数据形态）
eng/tests/backend/test_p3004_spherical_oracle.py,214,py,ENG-tests,HUMAN,ENG-tests-001,默认保留（非产出面或非数据形态）
eng/tests/backend/test_p3005_fits_output.py,97,py,ENG-tests,HUMAN,ENG-tests-003,默认保留（非产出面或非数据形态）
eng/tests/backend/test_p3006_production_pipeline.py,172,py,ENG-tests,HUMAN,ENG-tests-012,默认保留（非产出面或非数据形态）
eng/tests/backend/test_p3_output.py,424,py,ENG-tests,HUMAN,ENG-tests-010,默认保留（非产出面或非数据形态）
eng/tests/backend/test_p3_projection_oracle.py,345,py,ENG-tests,HUMAN,ENG-tests-010,默认保留（非产出面或非数据形态）
eng/tests/backend/test_p3_resample.py,164,py,ENG-tests,HUMAN,ENG-tests-008,默认保留（非产出面或非数据形态）
eng/tests/backend/test_phase1_hotspot.py,108,py,ENG-tests,HUMAN,ENG-tests-009,默认保留（非产出面或非数据形态）
eng/tests/backend/test_phase3_reproject_oracle.py,330,py,ENG-tests,HUMAN,ENG-tests-003,默认保留（非产出面或非数据形态）
eng/tests/backend/test_psf_moffat_oracle.py,274,py,ENG-tests,HUMAN,ENG-tests-008,默认保留（非产出面或非数据形态）
eng/tests/backend/test_public_header_layering.py,200,py,ENG-tests,HUMAN,ENG-tests-002,默认保留（非产出面或非数据形态）
eng/tests/backend/test_wcs_psf_oracle.py,166,py,ENG-tests,HUMAN,ENG-tests-008,默认保留（非产出面或非数据形态）
eng/tests/backend/variant_build.py,153,py,ENG-tests,HUMAN,ENG-tests-002,默认保留（非产出面或非数据形态）
eng/tests/cli/__init__.py,0,py,ENG-tests,HUMAN,ENG-tests-007,默认保留（非产出面或非数据形态）
eng/tests/cli/cli_fixture.py,185,py,ENG-tests,HUMAN,ENG-tests-007,默认保留（非产出面或非数据形态）
eng/tests/cli/cli_test_hygiene.py,42,py,ENG-tests,HUMAN,ENG-tests-007,默认保留（非产出面或非数据形态）
eng/tests/cli/test_bench_cli.py,200,py,ENG-tests,HUMAN,ENG-tests-010,默认保留（非产出面或非数据形态）
eng/tests/cli/test_cli001_vpi.py,166,py,ENG-tests,HUMAN,ENG-tests-009,默认保留（非产出面或非数据形态）
eng/tests/cli/test_cli004_process_protocol.py,469,py,ENG-tests,HUMAN,ENG-tests-004,默认保留（非产出面或非数据形态）
eng/tests/cli/test_cli_build.py,279,py,ENG-tests,HUMAN,ENG-tests-003,默认保留（非产出面或非数据形态）
eng/tests/cli/test_cli_protocol.py,441,py,ENG-tests,HUMAN,ENG-tests-011,默认保留（非产出面或非数据形态）
eng/tests/cli/test_cli_single_install.py,112,py,ENG-tests,HUMAN,ENG-tests-010,默认保留（非产出面或非数据形态）
eng/tests/cli/test_cli_v7_surface.py,147,py,ENG-tests,HUMAN,ENG-tests-005,默认保留（非产出面或非数据形态）
eng/tests/cli/test_command_tree.py,324,py,ENG-tests,HUMAN,ENG-tests-008,默认保留（非产出面或非数据形态）
eng/tests/cli/test_cpu_profile_source_policy.py,386,py,ENG-tests,HUMAN,ENG-tests-002,默认保留（非产出面或非数据形态）
eng/tests/cli/test_fix203_promoted_keys.py,183,py,ENG-tests,HUMAN,ENG-tests-009,默认保留（非产出面或非数据形态）
eng/tests/cli/test_fix208_disk_gate.py,568,py,ENG-tests,HUMAN,ENG-tests-005,默认保留（非产出面或非数据形态）
eng/tests/cli/test_fix208_event_stream_default.py,385,py,ENG-tests,HUMAN,ENG-tests-004,默认保留（非产出面或非数据形态）
eng/tests/cli/test_fix210_block_key_parity.py,229,py,ENG-tests,HUMAN,ENG-tests-002,默认保留（非产出面或非数据形态）
eng/tests/cli/test_fix401_hips_atomic.py,349,py,ENG-tests,HUMAN,ENG-tests-011,默认保留（非产出面或非数据形态）
eng/tests/cli/test_fix406_sigterm_cancel.py,519,py,ENG-tests,HUMAN,ENG-tests-009,默认保留（非产出面或非数据形态）
eng/tests/cli/test_iso_acr_gpu_isolation.py,193,py,ENG-tests,HUMAN,ENG-tests-001,默认保留（非产出面或非数据形态）
eng/tests/cli/test_memory_growth.py,123,py,ENG-tests,HUMAN,ENG-tests-005,默认保留（非产出面或非数据形态）
eng/tests/cli/test_monitor.py,111,py,ENG-tests,HUMAN,ENG-tests-004,默认保留（非产出面或非数据形态）
eng/tests/cli/test_monitor_events.py,209,py,ENG-tests,HUMAN,ENG-tests-005,默认保留（非产出面或非数据形态）
eng/tests/cli/test_multiblock_normalize.py,259,py,ENG-tests,HUMAN,ENG-tests-005,默认保留（非产出面或非数据形态）
eng/tests/cli/test_p1003_drizzle_path.py,105,py,ENG-tests,HUMAN,ENG-tests-006,默认保留（非产出面或非数据形态）
eng/tests/cli/test_parallel_queue.py,164,py,ENG-tests,HUMAN,ENG-tests-009,默认保留（非产出面或非数据形态）
eng/tests/cli/test_phase123_pipeline.py,783,py,ENG-tests,HUMAN,ENG-tests-009,默认保留（非产出面或非数据形态）
eng/tests/cli/test_phase1_inprocess.py,428,py,ENG-tests,HUMAN,ENG-tests-006,默认保留（非产出面或非数据形态）
eng/tests/cli/test_phase2_inprocess.py,249,py,ENG-tests,HUMAN,ENG-tests-003,默认保留（非产出面或非数据形态）
eng/tests/cli/test_phase3_inprocess.py,431,py,ENG-tests,HUMAN,ENG-tests-004,默认保留（非产出面或非数据形态）
eng/tests/cli/test_preflight_matrix.py,215,py,ENG-tests,HUMAN,ENG-tests-011,默认保留（非产出面或非数据形态）
eng/tests/cli/test_resource_gate.py,130,py,ENG-tests,HUMAN,ENG-tests-006,默认保留（非产出面或非数据形态）
eng/tests/cli/test_unified_blocks_templates.py,291,py,ENG-tests,HUMAN,ENG-tests-007,默认保留（非产出面或非数据形态）
eng/tests/common/jsonschema_min.py,173,py,ENG-tests,HUMAN,ENG-tests-006,默认保留（非产出面或非数据形态）
eng/tests/config/cfg_anchors.py,141,py,ENG-tests,HUMAN,ENG-tests-002,默认保留（非产出面或非数据形态）
eng/tests/config/cfg_common.py,106,py,ENG-tests,HUMAN,ENG-tests-003,默认保留（非产出面或非数据形态）
eng/tests/config/check_cfg002_registry.py,1624,py,ENG-tests,HUMAN,ENG-tests-004,默认保留（非产出面或非数据形态）
eng/tests/config/fixtures/negative/cpu_profile_v1_bad_kernel.json,46,json,ENG-tests,HUMAN,ENG-tests-002,P3 手写面豁免: (^|/)fixtures(/|$)
eng/tests/config/fixtures/negative/cpu_profile_v1_missing_required.json,41,json,ENG-tests,HUMAN,ENG-tests-009,P3 手写面豁免: (^|/)fixtures(/|$)
eng/tests/config/fixtures/negative/cpu_profile_v2_bad_kernel.json,48,json,ENG-tests,HUMAN,ENG-tests-004,P3 手写面豁免: (^|/)fixtures(/|$)
eng/tests/config/fixtures/negative/cpu_profile_v2_bad_os_abi.json,48,json,ENG-tests,HUMAN,ENG-tests-005,P3 手写面豁免: (^|/)fixtures(/|$)
eng/tests/config/fixtures/negative/export_block_phase_name.phase_config.json,13,json,ENG-tests,HUMAN,ENG-tests-003,P3 手写面豁免: (^|/)fixtures(/|$)
eng/tests/config/fixtures/negative/export_blocks_mixed_flat.phase_config.json,16,json,ENG-tests,HUMAN,ENG-tests-008,P3 手写面豁免: (^|/)fixtures(/|$)
eng/tests/config/fixtures/negative/hardware_fields_in_phase_config.json,25,json,ENG-tests,HUMAN,ENG-tests-004,P3 手写面豁免: (^|/)fixtures(/|$)
eng/tests/config/fixtures/negative/missing_output_dir.phase_config.json,15,json,ENG-tests,HUMAN,ENG-tests-006,P3 手写面豁免: (^|/)fixtures(/|$)
eng/tests/config/fixtures/negative/mosaic_block_weight_mode.phase_config.json,13,json,ENG-tests,HUMAN,ENG-tests-004,P3 手写面豁免: (^|/)fixtures(/|$)
eng/tests/config/fixtures/negative/mosaic_blocks_mixed_flat.phase_config.json,16,json,ENG-tests,HUMAN,ENG-tests-009,P3 手写面豁免: (^|/)fixtures(/|$)
eng/tests/config/fixtures/negative/normalize_block_unknown_key.phase_config.json,14,json,ENG-tests,HUMAN,ENG-tests-010,P3 手写面豁免: (^|/)fixtures(/|$)
eng/tests/config/fixtures/negative/normalize_mixed_forms.phase_config.json,20,json,ENG-tests,HUMAN,ENG-tests-005,P3 手写面豁免: (^|/)fixtures(/|$)
eng/tests/config/fixtures/negative/normalize_perframe_inputs.phase_config.json,16,json,ENG-tests,HUMAN,ENG-tests-010,P3 手写面豁免: (^|/)fixtures(/|$)
eng/tests/config/fixtures/negative/precision_out_of_domain.phase_config.json,21,json,ENG-tests,HUMAN,ENG-tests-005,P3 手写面豁免: (^|/)fixtures(/|$)
eng/tests/config/fixtures/negative/run_manifest_hardware_field.json,21,json,ENG-tests,HUMAN,ENG-tests-011,P3 手写面豁免: (^|/)fixtures(/|$)
eng/tests/config/fixtures/negative/unknown_filter.phase_config.json,16,json,ENG-tests,HUMAN,ENG-tests-003,P3 手写面豁免: (^|/)fixtures(/|$)
eng/tests/config/fixtures/positive/cpu_profile_v1_legacy.json,46,json,ENG-tests,HUMAN,ENG-tests-003,P3 手写面豁免: (^|/)fixtures(/|$)
eng/tests/config/fixtures/positive/cpu_profile_v2.json,48,json,ENG-tests,HUMAN,ENG-tests-006,P3 手写面豁免: (^|/)fixtures(/|$)
eng/tests/config/fixtures/positive/export_blocks.phase_config.json,39,json,ENG-tests,HUMAN,ENG-tests-008,P3 手写面豁免: (^|/)fixtures(/|$)
eng/tests/config/fixtures/positive/export_flat.phase_config.json,15,json,ENG-tests,HUMAN,ENG-tests-006,P3 手写面豁免: (^|/)fixtures(/|$)
eng/tests/config/fixtures/positive/export_legacy_contract.phase_config.json,23,json,ENG-tests,HUMAN,ENG-tests-009,P3 手写面豁免: (^|/)fixtures(/|$)
eng/tests/config/fixtures/positive/mosaic_blocks.phase_config.json,21,json,ENG-tests,HUMAN,ENG-tests-012,P3 手写面豁免: (^|/)fixtures(/|$)
eng/tests/config/fixtures/positive/mosaic_flat.phase_config.json,7,json,ENG-tests,HUMAN,ENG-tests-002,P3 手写面豁免: (^|/)fixtures(/|$)
eng/tests/config/fixtures/positive/mosaic_legacy_contract.phase_config.json,18,json,ENG-tests,HUMAN,ENG-tests-007,P3 手写面豁免: (^|/)fixtures(/|$)
eng/tests/config/fixtures/positive/normalize_blocks.phase_config.json,44,json,ENG-tests,HUMAN,ENG-tests-011,P3 手写面豁免: (^|/)fixtures(/|$)
eng/tests/config/fixtures/positive/normalize_flat.phase_config.json,19,json,ENG-tests,HUMAN,ENG-tests-001,P3 手写面豁免: (^|/)fixtures(/|$)
eng/tests/config/fixtures/positive/run_manifest.example.json,20,json,ENG-tests,HUMAN,ENG-tests-011,P3 手写面豁免: (^|/)fixtures(/|$)
eng/tests/config/gate_assertions.py,116,py,ENG-tests,HUMAN,ENG-tests-007,默认保留（非产出面或非数据形态）
eng/tests/config/run_validation.py,46,py,ENG-tests,HUMAN,ENG-tests-004,默认保留（非产出面或非数据形态）
eng/tests/config/test_cfg001_contracts.py,402,py,ENG-tests,HUMAN,ENG-tests-008,默认保留（非产出面或非数据形态）
eng/tests/config/test_cfg001_negative.py,191,py,ENG-tests,HUMAN,ENG-tests-005,默认保留（非产出面或非数据形态）
eng/tests/config/test_cfg002_registry.py,70,py,ENG-tests,HUMAN,ENG-tests-008,默认保留（非产出面或非数据形态）
eng/tests/config/test_cfg003_multiblock.py,124,py,ENG-tests,HUMAN,ENG-tests-004,默认保留（非产出面或非数据形态）
eng/tests/config/test_cfg004_unified_contract.py,469,py,ENG-tests,HUMAN,ENG-tests-003,默认保留（非产出面或非数据形态）
eng/tests/config/test_export_crop_contract.py,133,py,ENG-tests,HUMAN,ENG-tests-011,默认保留（非产出面或非数据形态）
eng/tests/conformance/echo/CMakeLists.txt,50,txt,ENG-tests,HUMAN,ENG-tests-005,默认保留（非产出面或非数据形态）
eng/tests/conformance/echo/README.md,117,md,ENG-tests,HUMAN,ENG-tests-011,默认保留（非产出面或非数据形态）
eng/tests/conformance/echo/include/acsd/echo/types.h,62,h,ENG-tests,HUMAN,ENG-tests-002,默认保留（非产出面或非数据形态）
eng/tests/conformance/echo/module.yaml,28,yaml,ENG-tests,HUMAN,ENG-tests-011,默认保留（非产出面或非数据形态）
eng/tests/conformance/echo/src/echo_module.c,635,c,ENG-tests,HUMAN,ENG-tests-008,默认保留（非产出面或非数据形态）
eng/tests/conformance/echo/tests/unit/echo_host_callback_test.c,850,c,ENG-tests,HUMAN,ENG-tests-007,默认保留（非产出面或非数据形态）
eng/tests/conformance/noop/CMakeLists.txt,56,txt,ENG-tests,HUMAN,ENG-tests-008,默认保留（非产出面或非数据形态）
eng/tests/conformance/noop/README.md,78,md,ENG-tests,HUMAN,ENG-tests-004,默认保留（非产出面或非数据形态）
eng/tests/conformance/noop/include/acsd/noop/types.h,27,h,ENG-tests,HUMAN,ENG-tests-012,默认保留（非产出面或非数据形态）
eng/tests/conformance/noop/module.yaml,28,yaml,ENG-tests,HUMAN,ENG-tests-001,默认保留（非产出面或非数据形态）
eng/tests/conformance/noop/src/noop_module.c,163,c,ENG-tests,HUMAN,ENG-tests-006,默认保留（非产出面或非数据形态）
eng/tests/conformance/noop/tests/unit/noop_handshake_test.c,117,c,ENG-tests,HUMAN,ENG-tests-002,默认保留（非产出面或非数据形态）
eng/tests/contracts/check_data_semantics_anchors.py,189,py,ENG-tests,HUMAN,ENG-tests-012,默认保留（非产出面或非数据形态）
eng/tests/contracts/data_semantics_anchor_fixlist.json,122,json,ENG-tests,HUMAN,ENG-tests-003,默认保留（非产出面或非数据形态）
eng/tests/contracts/product_family/__init__.py,1,py,ENG-tests,HUMAN,ENG-tests-003,默认保留（非产出面或非数据形态）
eng/tests/contracts/product_family/field_constraints_oracle.py,1005,py,ENG-tests,HUMAN,ENG-tests-007,默认保留（非产出面或非数据形态）
eng/tests/contracts/product_family/test_field_constraints_integration.py,288,py,ENG-tests,HUMAN,ENG-tests-008,默认保留（非产出面或非数据形态）
eng/tests/contracts/product_family/test_field_constraints_mutations.py,239,py,ENG-tests,HUMAN,ENG-tests-001,默认保留（非产出面或非数据形态）
eng/tests/contracts/test_unified_object_contract.py,868,py,ENG-tests,HUMAN,ENG-tests-009,默认保留（非产出面或非数据形态）
eng/tests/cpu/avx2/provider_avx2_capability_gate_test.c,131,c,ENG-tests,HUMAN,ENG-tests-002,默认保留（非产出面或非数据形态）
eng/tests/cpu/avx2/provider_avx2_handshake_test.c,222,c,ENG-tests,HUMAN,ENG-tests-006,默认保留（非产出面或非数据形态）
eng/tests/cpu/avx2/provider_avx2_oracle_main.cpp,280,cpp,ENG-tests,HUMAN,ENG-tests-005,默认保留（非产出面或非数据形态）
eng/tests/cpu/avx2/provider_avx2_so_load_test.c,190,c,ENG-tests,HUMAN,ENG-tests-010,默认保留（非产出面或非数据形态）
eng/tests/cpu/avx2/run_provider_avx2_checks.py,257,py,ENG-tests,HUMAN,ENG-tests-001,默认保留（非产出面或非数据形态）
eng/tests/cpu/avx512/check_avx512_illegal_instr.py,261,py,ENG-tests,HUMAN,ENG-tests-001,默认保留（非产出面或非数据形态）
eng/tests/cpu/avx512/provider_avx512_capability_gate_test.c,151,c,ENG-tests,HUMAN,ENG-tests-001,默认保留（非产出面或非数据形态）
eng/tests/cpu/avx512/provider_avx512_handshake_test.c,237,c,ENG-tests,HUMAN,ENG-tests-007,默认保留（非产出面或非数据形态）
eng/tests/cpu/avx512/provider_avx512_oracle_main.cpp,298,cpp,ENG-tests,HUMAN,ENG-tests-012,默认保留（非产出面或非数据形态）
eng/tests/cpu/avx512/provider_avx512_so_load_test.c,209,c,ENG-tests,HUMAN,ENG-tests-011,默认保留（非产出面或非数据形态）
eng/tests/cpu/avx512/run_provider_avx512_checks.py,375,py,ENG-tests,HUMAN,ENG-tests-006,默认保留（非产出面或非数据形态）
eng/tests/cpu/baseline/provider_capability_gate_test.c,97,c,ENG-tests,HUMAN,ENG-tests-006,默认保留（非产出面或非数据形态）
eng/tests/cpu/baseline/provider_handshake_test.c,200,c,ENG-tests,HUMAN,ENG-tests-005,默认保留（非产出面或非数据形态）
eng/tests/cpu/baseline/provider_kernel_oracle_main.cpp,256,cpp,ENG-tests,HUMAN,ENG-tests-009,默认保留（非产出面或非数据形态）
eng/tests/cpu/baseline/provider_so_load_test.c,184,c,ENG-tests,HUMAN,ENG-tests-008,默认保留（非产出面或非数据形态）
eng/tests/cpu/baseline/run_cpu_baseline_checks.py,133,py,ENG-tests,HUMAN,ENG-tests-008,默认保留（非产出面或非数据形态）
eng/tests/cpu/baseline/run_provider_oracle_checks.py,231,py,ENG-tests,HUMAN,ENG-tests-008,默认保留（非产出面或非数据形态）
eng/tests/cpu/dispatch/cpu005_route_decision_test.cpp,366,cpp,ENG-tests,HUMAN,ENG-tests-007,默认保留（非产出面或非数据形态）
eng/tests/cpu/dispatch/cpu_capability_matrix_test.c,176,c,ENG-tests,HUMAN,ENG-tests-002,默认保留（非产出面或非数据形态）
eng/tests/cpu/dispatch/cpu_capability_probe_main.c,56,c,ENG-tests,HUMAN,ENG-tests-001,默认保留（非产出面或非数据形态）
eng/tests/cpu/dispatch/run_cpu005_route_checks.py,288,py,ENG-tests,HUMAN,ENG-tests-002,默认保留（非产出面或非数据形态）
eng/tests/cpu/dispatch/run_cpu_capability_checks.py,225,py,ENG-tests,HUMAN,ENG-tests-003,默认保留（非产出面或非数据形态）
eng/tests/integration/p1_integrate/CMakeLists.txt,41,txt,ENG-tests,HUMAN,ENG-tests-009,默认保留（非产出面或非数据形态）
eng/tests/integration/p1_integrate/EVIDENCE.md,105,md,ENG-tests,HUMAN,ENG-tests-012,默认保留（非产出面或非数据形态）
eng/tests/integration/p1_integrate/README.md,32,md,ENG-tests,HUMAN,ENG-tests-004,默认保留（非产出面或非数据形态）
eng/tests/integration/p1_integrate/oracle/p1_reopen_oracle.py,331,py,ENG-tests,HUMAN,ENG-tests-005,默认保留（非产出面或非数据形态）
eng/tests/integration/p1_integrate/p1_integrate_test.cpp,647,cpp,ENG-tests,HUMAN,ENG-tests-010,默认保留（非产出面或非数据形态）
eng/tests/integration/p2_integrate/CMakeLists.txt,76,txt,ENG-tests,HUMAN,ENG-tests-006,默认保留（非产出面或非数据形态）
eng/tests/integration/p2_integrate/EVIDENCE.md,94,md,ENG-tests,HUMAN,ENG-tests-007,默认保留（非产出面或非数据形态）
eng/tests/integration/p2_integrate/README.md,29,md,ENG-tests,HUMAN,ENG-tests-001,默认保留（非产出面或非数据形态）
eng/tests/integration/p2_integrate/oracle/p2_oracle.py,399,py,ENG-tests,HUMAN,ENG-tests-006,默认保留（非产出面或非数据形态）
eng/tests/integration/p2_integrate/oracle/p2_pixel_weight_wiring.py,145,py,ENG-tests,HUMAN,ENG-tests-008,默认保留（非产出面或非数据形态）
eng/tests/integration/p2_integrate/p2_integrate_test.cpp,530,cpp,ENG-tests,HUMAN,ENG-tests-006,默认保留（非产出面或非数据形态）
eng/tests/integration/p2_integrate/p2_pixel_weight_test.cpp,263,cpp,ENG-tests,HUMAN,ENG-tests-007,默认保留（非产出面或非数据形态）
eng/tests/integration/p2_integrate/p2_weight_token_gate_negative_test.cpp,224,cpp,ENG-tests,HUMAN,ENG-tests-003,默认保留（非产出面或非数据形态）
eng/tests/integration/p3_export/CMakeLists.txt,81,txt,ENG-tests,HUMAN,ENG-tests-008,默认保留（非产出面或非数据形态）
eng/tests/integration/p3_export/EVIDENCE.md,86,md,ENG-tests,HUMAN,ENG-tests-002,默认保留（非产出面或非数据形态）
eng/tests/integration/p3_export/p3_export_e2e_test.cpp,584,cpp,ENG-tests,HUMAN,ENG-tests-006,默认保留（非产出面或非数据形态）
eng/tests/integration/p3_export/p3_export_oracle.py,376,py,ENG-tests,HUMAN,ENG-tests-009,默认保留（非产出面或非数据形态）
eng/tests/io/hips_output_fixture.py,137,py,ENG-tests,HUMAN,ENG-tests-012,默认保留（非产出面或非数据形态）
eng/tests/io/make_hips_fixture.py,235,py,ENG-tests,HUMAN,ENG-tests-012,默认保留（非产出面或非数据形态）
eng/tests/io/test_fits_stream_contract.py,375,py,ENG-tests,HUMAN,ENG-tests-008,默认保留（非产出面或非数据形态）
eng/tests/io/test_hips_input_contract.py,478,py,ENG-tests,HUMAN,ENG-tests-003,默认保留（非产出面或非数据形态）
eng/tests/io/test_hips_output_contract.py,419,py,ENG-tests,HUMAN,ENG-tests-007,默认保留（非产出面或非数据形态）
eng/tests/monitoring/__init__.py,1,py,ENG-tests,HUMAN,ENG-tests-004,默认保留（非产出面或非数据形态）
eng/tests/monitoring/test_frozen_gate.py,352,py,ENG-tests,HUMAN,ENG-tests-009,默认保留（非产出面或非数据形态）
eng/tests/monitoring/test_log_contract.py,199,py,ENG-tests,HUMAN,ENG-tests-009,默认保留（非产出面或非数据形态）
eng/tests/monitoring/test_monitor_contract.py,426,py,ENG-tests,HUMAN,ENG-tests-011,默认保留（非产出面或非数据形态）
eng/tests/monitoring/test_run_graph_render.py,405,py,ENG-tests,HUMAN,ENG-tests-011,默认保留（非产出面或非数据形态）
eng/tests/oracle/gaia_oracle.py,170,py,ENG-tests,HUMAN,ENG-tests-003,默认保留（非产出面或非数据形态）
eng/tests/pipeline/__init__.py,0,py,ENG-tests,HUMAN,ENG-tests-007,默认保留（非产出面或非数据形态）
eng/tests/pipeline/test_typed_dag_plan.py,186,py,ENG-tests,HUMAN,ENG-tests-004,默认保留（非产出面或非数据形态）
eng/tests/quality/fixtures/docchk002_claims_fixture.csv,12,csv,ENG-tests,HUMAN,ENG-tests-002,P3 手写面豁免: (^|/)fixtures(/|$)
eng/tests/quality/test_compare_products.py,176,py,ENG-tests,HUMAN,ENG-tests-009,默认保留（非产出面或非数据形态）
eng/tests/quality/test_linux_release.py,175,py,ENG-tests,HUMAN,ENG-tests-008,默认保留（非产出面或非数据形态）
eng/tests/quality/test_pack_audit_exclusion.py,82,py,ENG-tests,HUMAN,ENG-tests-011,默认保留（非产出面或非数据形态）
eng/tests/quality/test_resource_monitor.py,175,py,ENG-tests,HUMAN,ENG-tests-011,默认保留（非产出面或非数据形态）
eng/tests/realdata/__init__.py,0,py,ENG-tests,HUMAN,ENG-tests-007,默认保留（非产出面或非数据形态）
eng/tests/realdata/test_index_v12.py,201,py,ENG-tests,HUMAN,ENG-tests-006,默认保留（非产出面或非数据形态）
eng/tests/realdata/test_match_plan.py,309,py,ENG-tests,HUMAN,ENG-tests-009,默认保留（非产出面或非数据形态）
eng/tests/runtime/__init__.py,0,py,ENG-tests,HUMAN,ENG-tests-007,默认保留（非产出面或非数据形态）
eng/tests/runtime/integration/test_rt003_budget_wiring.py,314,py,ENG-tests,HUMAN,ENG-tests-011,默认保留（非产出面或非数据形态）
eng/tests/runtime/integration/test_rt004_executor.py,866,py,ENG-tests,HUMAN,ENG-tests-008,默认保留（非产出面或非数据形态）
eng/tests/runtime/integration/test_rt006_trace.py,927,py,ENG-tests,HUMAN,ENG-tests-012,默认保留（非产出面或非数据形态）
eng/tests/runtime/integration/test_rt007_cancel_resume.py,436,py,ENG-tests,HUMAN,ENG-tests-012,默认保留（非产出面或非数据形态）
eng/tests/runtime/test_phase_lifecycle.py,272,py,ENG-tests,HUMAN,ENG-tests-004,默认保留（非产出面或非数据形态）
eng/tests/runtime/test_rt005_plan_estimator.py,555,py,ENG-tests,HUMAN,ENG-tests-012,默认保留（非产出面或非数据形态）
eng/tests/runtime/test_typed_dag_negative.py,371,py,ENG-tests,HUMAN,ENG-tests-011,默认保留（非产出面或非数据形态）
eng/tests/support/acsd_test_posix_compat.h,263,h,ENG-tests,HUMAN,ENG-tests-012,默认保留（非产出面或非数据形态）
eng/tests/system/runtime/CMakeLists.txt,99,txt,ENG-tests,HUMAN,ENG-tests-005,默认保留（非产出面或非数据形态）
eng/tests/system/runtime/README.md,34,md,ENG-tests,HUMAN,ENG-tests-006,默认保留（非产出面或非数据形态）
eng/tests/system/runtime/runtime_contract_test.cpp,221,cpp,ENG-tests,HUMAN,ENG-tests-008,默认保留（非产出面或非数据形态）
eng/tests/system/runtime/runtime_determinism_test.cpp,206,cpp,ENG-tests,HUMAN,ENG-tests-001,默认保留（非产出面或非数据形态）
eng/tests/system/runtime/runtime_event_stream_test.cpp,216,cpp,ENG-tests,HUMAN,ENG-tests-007,默认保留（非产出面或非数据形态）
eng/tests/system/runtime/runtime_resource_record_test.cpp,151,cpp,ENG-tests,HUMAN,ENG-tests-006,默认保留（非产出面或非数据形态）
eng/tests/test_index.csv,25,csv,ENG-tests,HUMAN,ENG-tests-006,默认保留（非产出面或非数据形态）
eng/tests/testkit/examples/check_constant.py,21,py,ENG-tests,HUMAN,ENG-tests-001,默认保留（非产出面或非数据形态）
eng/tests/testkit/examples/fixture_hash.py,28,py,ENG-tests,HUMAN,ENG-tests-007,默认保留（非产出面或非数据形态）
eng/tests/testkit/examples/negative_bad_input.py,36,py,ENG-tests,HUMAN,ENG-tests-005,默认保留（非产出面或非数据形态）
eng/tests/testkit/examples/oracle_sum.py,31,py,ENG-tests,HUMAN,ENG-tests-002,默认保留（非产出面或非数据形态）
eng/tests/testkit/examples/perf_linear.py,31,py,ENG-tests,HUMAN,ENG-tests-003,默认保留（非产出面或非数据形态）
eng/tests/testkit/examples/property_invariant.py,21,py,ENG-tests,HUMAN,ENG-tests-002,默认保留（非产出面或非数据形态）
eng/tests/testkit/examples/registry.example.json,110,json,ENG-tests,HUMAN,ENG-tests-012,默认保留（非产出面或非数据形态）
eng/tests/testkit/fixtures/demo_fixture.txt,0,txt,ENG-tests,HUMAN,ENG-tests-007,P3 手写面豁免: (^|/)fixtures(/|$)
eng/tests/testkit/registry.json,110,json,ENG-tests,HUMAN,ENG-tests-005,默认保留（非产出面或非数据形态）
eng/tests/testkit/schemas/test_metadata.schema.json,34,json,ENG-tests,HUMAN,ENG-tests-005,默认保留（非产出面或非数据形态）
eng/tests/testkit/testkit.spec.md,139,md,ENG-tests,HUMAN,ENG-tests-007,默认保留（非产出面或非数据形态）
eng/tests/unit/CMakeLists.txt,1873,txt,ENG-tests,HUMAN,ENG-tests-003,默认保留（非产出面或非数据形态）
eng/tests/unit/ahpx_hips_format_test.cpp,282,cpp,ENG-tests,HUMAN,ENG-tests-001,默认保留（非产出面或非数据形态）
eng/tests/unit/aio/CMakeLists.txt,130,txt,ENG-tests,HUMAN,ENG-tests-007,默认保留（非产出面或非数据形态）
eng/tests/unit/aio/aio_test.cpp,786,cpp,ENG-tests,HUMAN,ENG-tests-011,默认保留（非产出面或非数据形态）
eng/tests/unit/aio/atomic_durability_probe.cpp,166,cpp,ENG-tests,HUMAN,ENG-tests-011,默认保留（非产出面或非数据形态）
eng/tests/unit/aio/check_atomic_durability.py,180,py,ENG-tests,HUMAN,ENG-tests-003,默认保留（非产出面或非数据形态）
eng/tests/unit/aio/check_verify_order.py,129,py,ENG-tests,HUMAN,ENG-tests-008,默认保留（非产出面或非数据形态）
eng/tests/unit/aio/corrupt_after_rename_interposer.cpp,59,cpp,ENG-tests,HUMAN,ENG-tests-006,默认保留（非产出面或非数据形态）
eng/tests/unit/aio/fsync_dir_fail_interposer.cpp,61,cpp,ENG-tests,HUMAN,ENG-tests-003,默认保留（非产出面或非数据形态）
eng/tests/unit/aio/mutations/durability_mutation_and_check.py,100,py,ENG-tests,HUMAN,ENG-tests-004,默认保留（非产出面或非数据形态）
eng/tests/unit/aio/mutations/mutate_and_check.py,151,py,ENG-tests,HUMAN,ENG-tests-007,默认保留（非产出面或非数据形态）
eng/tests/unit/aio/mutations/tmp_path_tsan_negative.py,107,py,ENG-tests,HUMAN,ENG-tests-001,默认保留（非产出面或非数据形态）
eng/tests/unit/aio/oracle/aio_oracle.py,25,py,ENG-tests,HUMAN,ENG-tests-009,默认保留（非产出面或非数据形态）
eng/tests/unit/aio/oracle/aio_oracle_lib.py,467,py,ENG-tests,HUMAN,ENG-tests-008,默认保留（非产出面或非数据形态）
eng/tests/unit/aio/oracle/aio_oracle_negative.py,181,py,ENG-tests,HUMAN,ENG-tests-002,默认保留（非产出面或非数据形态）
eng/tests/unit/aio/tmp_path_uniqueness_probe.cpp,48,cpp,ENG-tests,HUMAN,ENG-tests-011,默认保留（非产出面或非数据形态）
eng/tests/unit/aio/verify_order_probe.cpp,82,cpp,ENG-tests,HUMAN,ENG-tests-012,默认保留（非产出面或非数据形态）
eng/tests/unit/aio_abi_omp.hpp,50,hpp,ENG-tests,HUMAN,ENG-tests-002,默认保留（非产出面或非数据形态）
eng/tests/unit/aio_abi_selfcheck.cpp,233,cpp,ENG-tests,HUMAN,ENG-tests-006,默认保留（非产出面或非数据形态）
eng/tests/unit/aio_abi_test_main.hpp,155,hpp,ENG-tests,HUMAN,ENG-tests-006,默认保留（非产出面或非数据形态）
eng/tests/unit/aio_abi_tests.cpp,496,cpp,ENG-tests,HUMAN,ENG-tests-008,默认保留（非产出面或非数据形态）
eng/tests/unit/block_flow_test.cpp,571,cpp,ENG-tests,HUMAN,ENG-tests-002,默认保留（非产出面或非数据形态）
eng/tests/unit/calibration_adapter_test.cpp,810,cpp,ENG-tests,HUMAN,ENG-tests-004,默认保留（非产出面或非数据形态）
eng/tests/unit/calibration_integration_test.cpp,982,cpp,ENG-tests,HUMAN,ENG-tests-009,默认保留（非产出面或非数据形态）
eng/tests/unit/cli_bench_verdict_test.cpp,170,cpp,ENG-tests,HUMAN,ENG-tests-004,默认保留（非产出面或非数据形态）
eng/tests/unit/cli_process_test.cpp,158,cpp,ENG-tests,HUMAN,ENG-tests-005,默认保留（非产出面或非数据形态）
eng/tests/unit/cli_wideconv_test.cpp,110,cpp,ENG-tests,HUMAN,ENG-tests-002,默认保留（非产出面或非数据形态）
eng/tests/unit/core_artifact_test.cpp,93,cpp,ENG-tests,HUMAN,ENG-tests-005,默认保留（非产出面或非数据形态）
eng/tests/unit/core_block_frame_test.cpp,211,cpp,ENG-tests,HUMAN,ENG-tests-009,默认保留（非产出面或非数据形态）
eng/tests/unit/core_checkpoint_test.cpp,84,cpp,ENG-tests,HUMAN,ENG-tests-006,默认保留（非产出面或非数据形态）
eng/tests/unit/core_context_test.cpp,110,cpp,ENG-tests,HUMAN,ENG-tests-004,默认保留（非产出面或非数据形态）
eng/tests/unit/core_contracts_test.cpp,92,cpp,ENG-tests,HUMAN,ENG-tests-001,默认保留（非产出面或非数据形态）
eng/tests/unit/core_logging_test.cpp,96,cpp,ENG-tests,HUMAN,ENG-tests-001,默认保留（非产出面或非数据形态）
eng/tests/unit/core_module_test.cpp,90,cpp,ENG-tests,HUMAN,ENG-tests-010,默认保留（非产出面或非数据形态）
eng/tests/unit/core_pipeline_test.cpp,429,cpp,ENG-tests,HUMAN,ENG-tests-003,默认保留（非产出面或非数据形态）
eng/tests/unit/core_scheduler_test.cpp,259,cpp,ENG-tests,HUMAN,ENG-tests-007,默认保留（非产出面或非数据形态）
eng/tests/unit/cosmetic_adapter_test.cpp,734,cpp,ENG-tests,HUMAN,ENG-tests-008,默认保留（非产出面或非数据形态）
eng/tests/unit/cosmetic_integration_test.cpp,1086,cpp,ENG-tests,HUMAN,ENG-tests-006,默认保留（非产出面或非数据形态）
eng/tests/unit/cpu001_negative_test.cpp,102,cpp,ENG-tests,HUMAN,ENG-tests-011,默认保留（非产出面或非数据形态）
eng/tests/unit/cpu001_provider_selftest.cpp,139,cpp,ENG-tests,HUMAN,ENG-tests-005,默认保留（非产出面或非数据形态）
eng/tests/unit/cpu003_profile_v2_test.cpp,424,cpp,ENG-tests,HUMAN,ENG-tests-008,默认保留（非产出面或非数据形态）
eng/tests/unit/cpu004_routing_test.cpp,147,cpp,ENG-tests,HUMAN,ENG-tests-010,默认保留（非产出面或非数据形态）
eng/tests/unit/cpu006_bench_report_test.cpp,285,cpp,ENG-tests,HUMAN,ENG-tests-003,默认保留（非产出面或非数据形态）
eng/tests/unit/cpu007_profile_store_test.cpp,349,cpp,ENG-tests,HUMAN,ENG-tests-012,默认保留（非产出面或非数据形态）
eng/tests/unit/cpu008_worker_advisor_test.cpp,352,cpp,ENG-tests,HUMAN,ENG-tests-006,默认保留（非产出面或非数据形态）
eng/tests/unit/cpu_abi_test.cpp,92,cpp,ENG-tests,HUMAN,ENG-tests-002,默认保留（非产出面或非数据形态）
eng/tests/unit/cpu_backend_exception_test.cpp,172,cpp,ENG-tests,HUMAN,ENG-tests-001,默认保留（非产出面或非数据形态）
eng/tests/unit/cpu_bench_test.cpp,98,cpp,ENG-tests,HUMAN,ENG-tests-012,默认保留（非产出面或非数据形态）
eng/tests/unit/cpu_fallback_test.cpp,149,cpp,ENG-tests,HUMAN,ENG-tests-004,默认保留（非产出面或非数据形态）
eng/tests/unit/cpu_features_test.cpp,72,cpp,ENG-tests,HUMAN,ENG-tests-001,默认保留（非产出面或非数据形态）
eng/tests/unit/cpu_lease_test.cpp,122,cpp,ENG-tests,HUMAN,ENG-tests-001,默认保留（非产出面或非数据形态）
eng/tests/unit/cpu_monitor_test.cpp,102,cpp,ENG-tests,HUMAN,ENG-tests-001,默认保留（非产出面或非数据形态）
eng/tests/unit/cpu_profile_test.cpp,74,cpp,ENG-tests,HUMAN,ENG-tests-011,默认保留（非产出面或非数据形态）
eng/tests/unit/cpu_provider_test.cpp,96,cpp,ENG-tests,HUMAN,ENG-tests-002,默认保留（非产出面或非数据形态）
eng/tests/unit/drizzle_adapter_impl.cpp,386,cpp,ENG-tests,HUMAN,ENG-tests-005,默认保留（非产出面或非数据形态）
eng/tests/unit/drizzle_adapter_test.cpp,180,cpp,ENG-tests,HUMAN,ENG-tests-005,默认保留（非产出面或非数据形态）
eng/tests/unit/drizzle_precision_default_test.cpp,327,cpp,ENG-tests,HUMAN,ENG-tests-002,默认保留（非产出面或非数据形态）
eng/tests/unit/executor_provider_race_test.cpp,76,cpp,ENG-tests,HUMAN,ENG-tests-007,默认保留（非产出面或非数据形态）
eng/tests/unit/export_stream_test.cpp,256,cpp,ENG-tests,HUMAN,ENG-tests-010,默认保留（非产出面或非数据形态）
eng/tests/unit/fixtures/core_pipeline/README.md,24,md,ENG-tests,HUMAN,ENG-tests-006,P3 手写面豁免: (^|/)fixtures(/|$)
eng/tests/unit/fixtures/core_pipeline/invalid_pipeline_serial_heavy.json,15,json,ENG-tests,HUMAN,ENG-tests-008,P3 手写面豁免: (^|/)fixtures(/|$)
eng/tests/unit/fixtures/core_pipeline/valid_pipeline.json,15,json,ENG-tests,HUMAN,ENG-tests-009,P3 手写面豁免: (^|/)fixtures(/|$)
eng/tests/unit/gaia_adapter_test.c,883,c,ENG-tests,HUMAN,ENG-tests-011,默认保留（非产出面或非数据形态）
eng/tests/unit/gaia_cat_test.c,999,c,ENG-tests,HUMAN,ENG-tests-008,默认保留（非产出面或非数据形态）
eng/tests/unit/gaia_integration_test.c,844,c,ENG-tests,HUMAN,ENG-tests-006,默认保留（非产出面或非数据形态）
eng/tests/unit/gaia_magnitude_range_bounds_test.c,414,c,ENG-tests,HUMAN,ENG-tests-004,默认保留（非产出面或非数据形态）
eng/tests/unit/gaia_module_manifest_bounds_test.c,198,c,ENG-tests,HUMAN,ENG-tests-008,默认保留（非产出面或非数据形态）
eng/tests/unit/gaia_shard_coverage_gate_test.c,435,c,ENG-tests,HUMAN,ENG-tests-002,默认保留（非产出面或非数据形态）
eng/tests/unit/gaia_unshuffle_test.c,78,c,ENG-tests,HUMAN,ENG-tests-007,默认保留（非产出面或非数据形态）
eng/tests/unit/gaia_xpsd_fixture_gen.c,700,c,ENG-tests,HUMAN,ENG-tests-002,默认保留（非产出面或非数据形态）
eng/tests/unit/io_adapter_test.cpp,252,cpp,ENG-tests,HUMAN,ENG-tests-008,默认保留（非产出面或非数据形态）
eng/tests/unit/io_ownership_test.cpp,138,cpp,ENG-tests,HUMAN,ENG-tests-007,默认保留（非产出面或非数据形态）
eng/tests/unit/io_reentrant_test.cpp,125,cpp,ENG-tests,HUMAN,ENG-tests-003,默认保留（非产出面或非数据形态）
eng/tests/unit/ipv_platform_binding_test.cpp,140,cpp,ENG-tests,HUMAN,ENG-tests-006,默认保留（非产出面或非数据形态）
eng/tests/unit/master_flat_median_test.cpp,148,cpp,ENG-tests,HUMAN,ENG-tests-010,默认保留（非产出面或非数据形态）
eng/tests/unit/mem_wire_test.cpp,481,cpp,ENG-tests,HUMAN,ENG-tests-010,默认保留（非产出面或非数据形态）
eng/tests/unit/memory_pressure_test.cpp,413,cpp,ENG-tests,HUMAN,ENG-tests-010,默认保留（非产出面或非数据形态）
eng/tests/unit/mon001_gate_test.cpp,297,cpp,ENG-tests,HUMAN,ENG-tests-010,默认保留（非产出面或非数据形态）
eng/tests/unit/mon001_recorder_test.cpp,116,cpp,ENG-tests,HUMAN,ENG-tests-005,默认保留（非产出面或非数据形态）
eng/tests/unit/mon002_alloc_test.cpp,312,cpp,ENG-tests,HUMAN,ENG-tests-012,默认保留（非产出面或非数据形态）
eng/tests/unit/mon002_gate_test.cpp,419,cpp,ENG-tests,HUMAN,ENG-tests-009,默认保留（非产出面或非数据形态）
eng/tests/unit/mon004_enforcement_test.cpp,103,cpp,ENG-tests,HUMAN,ENG-tests-006,默认保留（非产出面或非数据形态）
eng/tests/unit/mosaic_window_test.cpp,264,cpp,ENG-tests,HUMAN,ENG-tests-006,默认保留（非产出面或非数据形态）
eng/tests/unit/normalize_workflow_test.cpp,434,cpp,ENG-tests,HUMAN,ENG-tests-005,默认保留（非产出面或非数据形态）
eng/tests/unit/p1001_modules_test.cpp,87,cpp,ENG-tests,HUMAN,ENG-tests-011,默认保留（非产出面或非数据形态）
eng/tests/unit/p1001_real_nodes_test.cpp,5071,cpp,ENG-tests,HUMAN,ENG-tests-001,默认保留（非产出面或非数据形态）
eng/tests/unit/p15_artifact_collect_test.cpp,111,cpp,ENG-tests,HUMAN,ENG-tests-009,默认保留（非产出面或非数据形态）
eng/tests/unit/p1_cal/CMakeLists.txt,38,txt,ENG-tests,HUMAN,ENG-tests-003,默认保留（非产出面或非数据形态）
eng/tests/unit/p1_cal/cal_covariance_test.cpp,755,cpp,ENG-tests,HUMAN,ENG-tests-012,默认保留（非产出面或非数据形态）
eng/tests/unit/p1_cal/cal_oracle.hpp,135,hpp,ENG-tests,HUMAN,ENG-tests-009,默认保留（非产出面或非数据形态）
eng/tests/unit/p1_cal/cal_test_support.hpp,70,hpp,ENG-tests,HUMAN,ENG-tests-001,默认保留（非产出面或非数据形态）
eng/tests/unit/p1_calibration_test.cpp,123,cpp,ENG-tests,HUMAN,ENG-tests-004,默认保留（非产出面或非数据形态）
eng/tests/unit/p1_drz/CMakeLists.txt,44,txt,ENG-tests,HUMAN,ENG-tests-012,默认保留（非产出面或非数据形态）
eng/tests/unit/p1_drz/p1_drz_oracle.hpp,166,hpp,ENG-tests,HUMAN,ENG-tests-005,默认保留（非产出面或非数据形态）
eng/tests/unit/p1_drz/p1_drz_test.cpp,778,cpp,ENG-tests,HUMAN,ENG-tests-007,默认保留（非产出面或非数据形态）
eng/tests/unit/p1_hips/adapter_entry_impl.cpp,12,cpp,ENG-tests,HUMAN,ENG-tests-007,默认保留（非产出面或非数据形态）
eng/tests/unit/p1_hips/adapter_test.c,952,c,ENG-tests,HUMAN,ENG-tests-011,默认保留（非产出面或非数据形态）
eng/tests/unit/p1_hips/publish_atomic_test.c,705,c,ENG-tests,HUMAN,ENG-tests-006,默认保留（非产出面或非数据形态）
eng/tests/unit/p1_hips_writer_test.cpp,205,cpp,ENG-tests,HUMAN,ENG-tests-007,默认保留（非产出面或非数据形态）
eng/tests/unit/p1_ir_facade_test.cpp,89,cpp,ENG-tests,HUMAN,ENG-tests-008,默认保留（非产出面或非数据形态）
eng/tests/unit/p1_noise/adapter_entry_impl.cpp,10,cpp,ENG-tests,HUMAN,ENG-tests-005,默认保留（非产出面或非数据形态）
eng/tests/unit/p1_noise/adapter_test.cpp,979,cpp,ENG-tests,HUMAN,ENG-tests-010,默认保留（非产出面或非数据形态）
eng/tests/unit/p1_noise_test.cpp,201,cpp,ENG-tests,HUMAN,ENG-tests-009,默认保留（非产出面或非数据形态）
eng/tests/unit/p1_nside_test.cpp,90,cpp,ENG-tests,HUMAN,ENG-tests-005,默认保留（非产出面或非数据形态）
eng/tests/unit/p1_psfw/CMakeLists.txt,67,txt,ENG-tests,HUMAN,ENG-tests-011,默认保留（非产出面或非数据形态）
eng/tests/unit/p1_psfw/p1psfw_fixtures.hpp,133,hpp,ENG-tests,HUMAN,ENG-tests-004,默认保留（非产出面或非数据形态）
eng/tests/unit/p1_psfw/p1psfw_oracle.hpp,258,hpp,ENG-tests,HUMAN,ENG-tests-011,默认保留（非产出面或非数据形态）
eng/tests/unit/p1_psfw/p1psfw_test_main.hpp,94,hpp,ENG-tests,HUMAN,ENG-tests-008,默认保留（非产出面或非数据形态）
eng/tests/unit/p1_psfw/p1psfw_tests_anea.cpp,99,cpp,ENG-tests,HUMAN,ENG-tests-010,默认保留（非产出面或非数据形态）
eng/tests/unit/p1_psfw/p1psfw_tests_gates.cpp,128,cpp,ENG-tests,HUMAN,ENG-tests-012,默认保留（非产出面或非数据形态）
eng/tests/unit/p1_psfw/p1psfw_tests_negative.cpp,163,cpp,ENG-tests,HUMAN,ENG-tests-002,默认保留（非产出面或非数据形态）
eng/tests/unit/p1_psfw/p1psfw_tests_oracle.cpp,129,cpp,ENG-tests,HUMAN,ENG-tests-009,默认保留（非产出面或非数据形态）
eng/tests/unit/p1_psfw/p1psfw_tests_psfsw.cpp,171,cpp,ENG-tests,HUMAN,ENG-tests-004,默认保留（非产出面或非数据形态）
eng/tests/unit/p1_psfw/p1psfw_tests_record.cpp,194,cpp,ENG-tests,HUMAN,ENG-tests-010,默认保留（非产出面或非数据形态）
eng/tests/unit/p1_psfw/p1psfw_tests_winfo.cpp,152,cpp,ENG-tests,HUMAN,ENG-tests-011,默认保留（非产出面或非数据形态）
eng/tests/unit/p1_psfw/tests_main.cpp,25,cpp,ENG-tests,HUMAN,ENG-tests-005,默认保留（非产出面或非数据形态）
eng/tests/unit/p1_resource_test.cpp,105,cpp,ENG-tests,HUMAN,ENG-tests-005,默认保留（非产出面或非数据形态）
eng/tests/unit/p1_stars_test.cpp,319,cpp,ENG-tests,HUMAN,ENG-tests-010,默认保留（非产出面或非数据形态）
eng/tests/unit/p1_wcs_phot_test.cpp,132,cpp,ENG-tests,HUMAN,ENG-tests-010,默认保留（非产出面或非数据形态）
eng/tests/unit/p1snr/CMakeLists.txt,89,txt,ENG-tests,HUMAN,ENG-tests-009,默认保留（非产出面或非数据形态）
eng/tests/unit/p1snr/p1snr_frame_parity_test.cpp,337,cpp,ENG-tests,HUMAN,ENG-tests-003,默认保留（非产出面或非数据形态）
eng/tests/unit/p1snr/p1snr_fref_baseline_test.cpp,302,cpp,ENG-tests,HUMAN,ENG-tests-004,默认保留（非产出面或非数据形态）
eng/tests/unit/p1snr/p1snr_linux_test.cpp,594,cpp,ENG-tests,HUMAN,ENG-tests-011,默认保留（非产出面或非数据形态）
eng/tests/unit/p1snr/p1snr_noise_cfg_wiring_test.cpp,300,cpp,ENG-tests,HUMAN,ENG-tests-009,默认保留（非产出面或非数据形态）
eng/tests/unit/p1wcs/CMakeLists.txt,214,txt,ENG-tests,HUMAN,ENG-tests-010,默认保留（非产出面或非数据形态）
eng/tests/unit/p1wcs/p1wcs_astropy_cross.py,395,py,ENG-tests,HUMAN,ENG-tests-009,默认保留（非产出面或非数据形态）
eng/tests/unit/p1wcs/p1wcs_clip_consistency_test.cpp,168,cpp,ENG-tests,HUMAN,ENG-tests-006,默认保留（非产出面或非数据形态）
eng/tests/unit/p1wcs/p1wcs_fixtures.hpp,378,hpp,ENG-tests,HUMAN,ENG-tests-012,默认保留（非产出面或非数据形态）
eng/tests/unit/p1wcs/p1wcs_oracle.hpp,348,hpp,ENG-tests,HUMAN,ENG-tests-007,默认保留（非产出面或非数据形态）
eng/tests/unit/p1wcs/p1wcs_std_f1_bridge_cross.py,467,py,ENG-tests,HUMAN,ENG-tests-009,默认保留（非产出面或非数据形态）
eng/tests/unit/p1wcs/p1wcs_test_main.hpp,245,hpp,ENG-tests,HUMAN,ENG-tests-010,默认保留（非产出面或非数据形态）
eng/tests/unit/p1wcs/p1wcs_tests_apbp.cpp,738,cpp,ENG-tests,HUMAN,ENG-tests-010,默认保留（非产出面或非数据形态）
eng/tests/unit/p1wcs/p1wcs_tests_main.cpp,21,cpp,ENG-tests,HUMAN,ENG-tests-007,默认保留（非产出面或非数据形态）
eng/tests/unit/p1wcs/p1wcs_tests_negative.cpp,364,cpp,ENG-tests,HUMAN,ENG-tests-005,默认保留（非产出面或非数据形态）
eng/tests/unit/p1wcs/p1wcs_tests_oracle.cpp,424,cpp,ENG-tests,HUMAN,ENG-tests-012,默认保留（非产出面或非数据形态）
eng/tests/unit/p1wcs/p1wcs_tests_perf.cpp,97,cpp,ENG-tests,HUMAN,ENG-tests-009,默认保留（非产出面或非数据形态）
eng/tests/unit/p1wcs/p1wcs_tests_properties.cpp,253,cpp,ENG-tests,HUMAN,ENG-tests-004,默认保留（非产出面或非数据形态）
eng/tests/unit/p1wcs/p1wcs_tests_selfcheck.cpp,232,cpp,ENG-tests,HUMAN,ENG-tests-004,默认保留（非产出面或非数据形态）
eng/tests/unit/p1wcs/p1wcs_tests_units.cpp,209,cpp,ENG-tests,HUMAN,ENG-tests-012,默认保留（非产出面或非数据形态）
eng/tests/unit/p2001_real_nodes_test.cpp,1477,cpp,ENG-tests,HUMAN,ENG-tests-005,默认保留（非产出面或非数据形态）
eng/tests/unit/p2002_unc_rej_prov_test.cpp,2032,cpp,ENG-tests,HUMAN,ENG-tests-002,默认保留（非产出面或非数据形态）
eng/tests/unit/p2_block_plan_test.cpp,108,cpp,ENG-tests,HUMAN,ENG-tests-010,默认保留（非产出面或非数据形态）
eng/tests/unit/p2_identifiability/CMakeLists.txt,9,txt,ENG-tests,HUMAN,ENG-tests-011,默认保留（非产出面或非数据形态）
eng/tests/unit/p2_identifiability/p2_identifiability_test.cpp,445,cpp,ENG-tests,HUMAN,ENG-tests-006,默认保留（非产出面或非数据形态）
eng/tests/unit/p2_ir_facade_test.cpp,78,cpp,ENG-tests,HUMAN,ENG-tests-005,默认保留（非产出面或非数据形态）
eng/tests/unit/p2_output_semantics_test.cpp,200,cpp,ENG-tests,HUMAN,ENG-tests-002,默认保留（非产出面或非数据形态）
eng/tests/unit/p2_rej/CMakeLists.txt,30,txt,ENG-tests,HUMAN,ENG-tests-007,默认保留（非产出面或非数据形态）
eng/tests/unit/p2_rej/oracle_expected.inc,164,inc,ENG-tests,HUMAN,ENG-tests-011,默认保留（非产出面或非数据形态）
eng/tests/unit/p2_rej/oracle_rej.py,411,py,ENG-tests,HUMAN,ENG-tests-007,默认保留（非产出面或非数据形态）
eng/tests/unit/p2_rej/p2_rej_test.cpp,931,cpp,ENG-tests,HUMAN,ENG-tests-012,默认保留（非产出面或非数据形态）
eng/tests/unit/p2_rejection_test.cpp,469,cpp,ENG-tests,HUMAN,ENG-tests-010,默认保留（非产出面或非数据形态）
eng/tests/unit/p2_samp/CMakeLists.txt,66,txt,ENG-tests,HUMAN,ENG-tests-003,默认保留（非产出面或非数据形态）
eng/tests/unit/p2_samp/p2_samp_test.cpp,811,cpp,ENG-tests,HUMAN,ENG-tests-005,默认保留（非产出面或非数据形态）
eng/tests/unit/p2_seam_gate_test.cpp,102,cpp,ENG-tests,HUMAN,ENG-tests-007,默认保留（非产出面或非数据形态）
eng/tests/unit/p2_sky/CMakeLists.txt,63,txt,ENG-tests,HUMAN,ENG-tests-010,默认保留（非产出面或非数据形态）
eng/tests/unit/p2_sky/p2_sky_geometry_test.cpp,246,cpp,ENG-tests,HUMAN,ENG-tests-009,默认保留（非产出面或非数据形态）
eng/tests/unit/p2_sky/p2_sky_node_adapt_test.cpp,538,cpp,ENG-tests,HUMAN,ENG-tests-011,默认保留（非产出面或非数据形态）
eng/tests/unit/p2_sky/p2_sky_test.cpp,593,cpp,ENG-tests,HUMAN,ENG-tests-007,默认保留（非产出面或非数据形态）
eng/tests/unit/p2_sky_kappa/CMakeLists.txt,9,txt,ENG-tests,HUMAN,ENG-tests-012,默认保留（非产出面或非数据形态）
eng/tests/unit/p2_sky_kappa/p2_sky_kappa_test.cpp,343,cpp,ENG-tests,HUMAN,ENG-tests-008,默认保留（非产出面或非数据形态）
eng/tests/unit/p2_upm/CMakeLists.txt,50,txt,ENG-tests,HUMAN,ENG-tests-010,默认保留（非产出面或非数据形态）
eng/tests/unit/p2_upm/oracle/anchors.json,457,json,ENG-tests,HUMAN,ENG-tests-007,默认保留（非产出面或非数据形态）
eng/tests/unit/p2_upm/oracle/upm_ma_oracle.py,419,py,ENG-tests,HUMAN,ENG-tests-002,默认保留（非产出面或非数据形态）
eng/tests/unit/p2_upm/p2_upm_geo_diag_test.cpp,331,cpp,ENG-tests,HUMAN,ENG-tests-004,默认保留（非产出面或非数据形态）
eng/tests/unit/p2_upm/p2_upm_ma_test.cpp,659,cpp,ENG-tests,HUMAN,ENG-tests-003,默认保留（非产出面或非数据形态）
eng/tests/unit/p2_upm_synthetic_test.cpp,146,cpp,ENG-tests,HUMAN,ENG-tests-004,默认保留（非产出面或非数据形态）
eng/tests/unit/p2_workers_test.cpp,152,cpp,ENG-tests,HUMAN,ENG-tests-002,默认保留（非产出面或非数据形态）
eng/tests/unit/p3002_real_nodes_test.cpp,474,cpp,ENG-tests,HUMAN,ENG-tests-005,默认保留（非产出面或非数据形态）
eng/tests/unit/p3002_uncertainty_test.cpp,881,cpp,ENG-tests,HUMAN,ENG-tests-010,默认保留（非产出面或非数据形态）
eng/tests/unit/p3_assembly_test.cpp,171,cpp,ENG-tests,HUMAN,ENG-tests-010,默认保留（非产出面或非数据形态）
eng/tests/unit/p3_coverage_test.cpp,224,cpp,ENG-tests,HUMAN,ENG-tests-002,默认保留（非产出面或非数据形态）
eng/tests/unit/p3_export_stream_prod_test.cpp,586,cpp,ENG-tests,HUMAN,ENG-tests-009,默认保留（非产出面或非数据形态）
eng/tests/unit/p3_interp_test.cpp,137,cpp,ENG-tests,HUMAN,ENG-tests-001,默认保留（非产出面或非数据形态）
eng/tests/unit/p3_output_test.cpp,568,cpp,ENG-tests,HUMAN,ENG-tests-004,默认保留（非产出面或非数据形态）
eng/tests/unit/p3_proj/CMakeLists.txt,55,txt,ENG-tests,HUMAN,ENG-tests-008,默认保留（非产出面或非数据形态）
eng/tests/unit/p3_proj/p3_proj_legacy_deviation.py,217,py,ENG-tests,HUMAN,ENG-tests-012,默认保留（非产出面或非数据形态）
eng/tests/unit/p3_proj/p3_proj_legacy_probe.cpp,53,cpp,ENG-tests,HUMAN,ENG-tests-001,默认保留（非产出面或非数据形态）
eng/tests/unit/p3_proj/p3_proj_probe.cpp,199,cpp,ENG-tests,HUMAN,ENG-tests-003,默认保留（非产出面或非数据形态）
eng/tests/unit/p3_proj/p3_proj_test.cpp,715,cpp,ENG-tests,HUMAN,ENG-tests-003,默认保留（非产出面或非数据形态）
eng/tests/unit/p3_proj/p3_proj_wcs_oracle.py,339,py,ENG-tests,HUMAN,ENG-tests-002,默认保留（非产出面或非数据形态）
eng/tests/unit/p3_proj/sin_roundtrip_gate.py,153,py,ENG-tests,HUMAN,ENG-tests-003,默认保留（非产出面或非数据形态）
eng/tests/unit/p3_projection_test.cpp,660,cpp,ENG-tests,HUMAN,ENG-tests-004,默认保留（非产出面或非数据形态）
eng/tests/unit/p3_rsmp/CMakeLists.txt,65,txt,ENG-tests,HUMAN,ENG-tests-009,默认保留（非产出面或非数据形态）
eng/tests/unit/p3_rsmp/p3_rsmp_core_test.cpp,394,cpp,ENG-tests,HUMAN,ENG-tests-012,默认保留（非产出面或非数据形态）
eng/tests/unit/p3_rsmp/p3_rsmp_gate_test.cpp,365,cpp,ENG-tests,HUMAN,ENG-tests-010,默认保留（非产出面或非数据形态）
eng/tests/unit/p3_rsmp/p3_rsmp_oracle.h,261,h,ENG-tests,HUMAN,ENG-tests-010,默认保留（非产出面或非数据形态）
eng/tests/unit/p3_rsmp/p3_rsmp_oracle_test.cpp,159,cpp,ENG-tests,HUMAN,ENG-tests-001,默认保留（非产出面或非数据形态）
eng/tests/unit/p3_rsmp/p3_rsmp_scenarios.h,72,h,ENG-tests,HUMAN,ENG-tests-002,默认保留（非产出面或非数据形态）
eng/tests/unit/p3_rsmp/p3_rsmp_test_util.h,75,h,ENG-tests,HUMAN,ENG-tests-003,默认保留（非产出面或非数据形态）
eng/tests/unit/p3_rsmp/run_mutations.py,253,py,ENG-tests,HUMAN,ENG-tests-002,默认保留（非产出面或非数据形态）
eng/tests/unit/p3_rsmp/run_verification.sh,30,sh,ENG-tests,HUMAN,ENG-tests-008,默认保留（非产出面或非数据形态）
eng/tests/unit/p3_rsmp/write_evidence.py,88,py,ENG-tests,HUMAN,ENG-tests-010,默认保留（非产出面或非数据形态）
eng/tests/unit/p3_sampler_cache_test.cpp,306,cpp,ENG-tests,HUMAN,ENG-tests-001,默认保留（非产出面或非数据形态）
eng/tests/unit/rt001_abi_test.cpp,112,cpp,ENG-tests,HUMAN,ENG-tests-003,默认保留（非产出面或非数据形态）
eng/tests/unit/rt001_unique_executor_test.cpp,382,cpp,ENG-tests,HUMAN,ENG-tests-003,默认保留（非产出面或非数据形态）
eng/tests/unit/rt002_budget_test.cpp,166,cpp,ENG-tests,HUMAN,ENG-tests-007,默认保留（非产出面或非数据形态）
eng/tests/unit/rt003_context_test.cpp,119,cpp,ENG-tests,HUMAN,ENG-tests-009,默认保留（非产出面或非数据形态）
eng/tests/unit/rt005_registry_test.cpp,173,cpp,ENG-tests,HUMAN,ENG-tests-007,默认保留（非产出面或非数据形态）
eng/tests/unit/rt006_scheduler_test.cpp,225,cpp,ENG-tests,HUMAN,ENG-tests-005,默认保留（非产出面或非数据形态）
eng/tests/unit/rt007_artifact_store_test.cpp,167,cpp,ENG-tests,HUMAN,ENG-tests-007,默认保留（非产出面或非数据形态）
eng/tests/unit/rt008_runtime_client_test.cpp,187,cpp,ENG-tests,HUMAN,ENG-tests-011,默认保留（非产出面或非数据形态）
eng/tests/unit/rt009_node_trace_test.cpp,83,cpp,ENG-tests,HUMAN,ENG-tests-006,默认保留（非产出面或非数据形态）
eng/tests/unit/variance_floor_test.cpp,237,cpp,ENG-tests,HUMAN,ENG-tests-011,默认保留（非产出面或非数据形态）
eng/tests/unit/xpsd_spectrum_count_bounds_test.c,122,c,ENG-tests,HUMAN,ENG-tests-012,默认保留（非产出面或非数据形态）
eng/tests/validation/release02/README.md,170,md,ENG-tests,HUMAN,ENG-tests-010,默认保留（非产出面或非数据形态）
eng/tests/validation/release02/__init__.py,0,py,ENG-tests,HUMAN,ENG-tests-007,默认保留（非产出面或非数据形态）
eng/tests/validation/release02/c_delta_composition/Ck_robust.py,50,py,ENG-tests,HUMAN,ENG-tests-009,默认保留（非产出面或非数据形态）
eng/tests/validation/release02/c_delta_composition/Ck_vs_M.py,40,py,ENG-tests,HUMAN,ENG-tests-012,默认保留（非产出面或非数据形态）
eng/tests/validation/release02/c_delta_composition/c_delta_comp.json,4,json,ENG-tests,GENERATED,,P1 产出面 ^eng/tests/validation/ ∧ P2 数据形态 .json
eng/tests/validation/release02/c_delta_composition/c_delta_comp.py,44,py,ENG-tests,HUMAN,ENG-tests-001,默认保留（非产出面或非数据形态）
eng/tests/validation/release02/c_delta_composition/check_renders.py,10,py,ENG-tests,HUMAN,ENG-tests-011,默认保留（非产出面或非数据形态）
eng/tests/validation/release02/c_delta_composition/controls_rank1.py,90,py,ENG-tests,HUMAN,ENG-tests-004,默认保留（非产出面或非数据形态）
eng/tests/validation/release02/c_delta_composition/convergence.py,68,py,ENG-tests,HUMAN,ENG-tests-012,默认保留（非产出面或非数据形态）
eng/tests/validation/release02/c_delta_composition/convergence_trend.py,46,py,ENG-tests,HUMAN,ENG-tests-005,默认保留（非产出面或非数据形态）
eng/tests/validation/release02/c_delta_composition/corrected_pairs.py,46,py,ENG-tests,HUMAN,ENG-tests-006,默认保留（非产出面或非数据形态）
eng/tests/validation/release02/c_delta_composition/counterfactual_gk.json,5,json,ENG-tests,GENERATED,,P1 产出面 ^eng/tests/validation/ ∧ P2 数据形态 .json
eng/tests/validation/release02/c_delta_composition/counterfactual_gk.py,49,py,ENG-tests,HUMAN,ENG-tests-012,默认保留（非产出面或非数据形态）
eng/tests/validation/release02/c_delta_composition/delta_seam_cause.py,59,py,ENG-tests,HUMAN,ENG-tests-007,默认保留（非产出面或非数据形态）
eng/tests/validation/release02/c_delta_composition/delta_vs_C.py,76,py,ENG-tests,HUMAN,ENG-tests-009,默认保留（非产出面或非数据形态）
eng/tests/validation/release02/c_delta_composition/gk_est.json,103,json,ENG-tests,GENERATED,,P1 产出面 ^eng/tests/validation/ ∧ P2 数据形态 .json
eng/tests/validation/release02/c_delta_composition/map_test.py,30,py,ENG-tests,HUMAN,ENG-tests-010,默认保留（非产出面或非数据形态）
eng/tests/validation/release02/c_delta_composition/map_test2.py,39,py,ENG-tests,HUMAN,ENG-tests-010,默认保留（非产出面或非数据形态）
eng/tests/validation/release02/c_delta_composition/mult_test1.py,75,py,ENG-tests,HUMAN,ENG-tests-010,默认保留（非产出面或非数据形态）
eng/tests/validation/release02/c_delta_composition/mult_test2.py,47,py,ENG-tests,HUMAN,ENG-tests-008,默认保留（非产出面或非数据形态）
eng/tests/validation/release02/c_delta_composition/mult_test3.py,93,py,ENG-tests,HUMAN,ENG-tests-004,默认保留（非产出面或非数据形态）
eng/tests/validation/release02/c_delta_composition/pair_fits.json,18985,json,ENG-tests,GENERATED,,P1 产出面 ^eng/tests/validation/ ∧ P2 数据形态 .json
eng/tests/validation/release02/c_delta_composition/parse_model.py,28,py,ENG-tests,HUMAN,ENG-tests-008,默认保留（非产出面或非数据形态）
eng/tests/validation/release02/c_delta_composition/seam_fixed.py,47,py,ENG-tests,HUMAN,ENG-tests-010,默认保留（非产出面或非数据形态）
eng/tests/validation/release02/c_delta_composition/seam_measure.py,85,py,ENG-tests,HUMAN,ENG-tests-003,默认保留（非产出面或非数据形态）
eng/tests/validation/release02/c_delta_composition/seam_meta.json,6,json,ENG-tests,GENERATED,,P1 产出面 ^eng/tests/validation/ ∧ P2 数据形态 .json
eng/tests/validation/release02/c_delta_composition/seam_vs_bg.json,2689,json,ENG-tests,GENERATED,,P1 产出面 ^eng/tests/validation/ ∧ P2 数据形态 .json
eng/tests/validation/release02/c_delta_composition/seam_vs_bg.py,65,py,ENG-tests,HUMAN,ENG-tests-010,默认保留（非产出面或非数据形态）
eng/tests/validation/release02/c_delta_composition/verify_corr.py,52,py,ENG-tests,HUMAN,ENG-tests-006,默认保留（非产出面或非数据形态）
eng/tests/validation/release02/c_delta_composition/which_correction.py,50,py,ENG-tests,HUMAN,ENG-tests-007,默认保留（非产出面或非数据形态）
eng/tests/validation/release02/fix_p1_photometry_apply/l4_photometry_fit_snippet.json,15,json,ENG-tests,GENERATED,,P1 产出面 ^eng/tests/validation/ ∧ P2 数据形态 .json
eng/tests/validation/release02/fix_p1_photometry_apply/ma_cmd.txt,1,txt,ENG-tests,GENERATED,,A1 裁定（采 GEN-2）: eng/tests/validation/release02/README.md:3「可复跑实验资产」、:5「由 run/RELEASE-02/<name>/ 收集而来」、:6「大体积中间数组…可由脚本重新生成」⇒ 面内读数为可再产出。G1 的 P2 白名单无 .txt/.sha256 ⇒ 漏判。
eng/tests/validation/release02/fix_p1_photometry_apply/oracle_build.log,0,log,ENG-tests,GENERATED,,P1 产出面 ^eng/tests/validation/ ∧ P2 数据形态 .log
eng/tests/validation/release02/fix_p1_photometry_apply/oracle_output.txt,19,txt,ENG-tests,GENERATED,,A1 裁定（采 GEN-2）: eng/tests/validation/release02/README.md:3「可复跑实验资产」、:5「由 run/RELEASE-02/<name>/ 收集而来」、:6「大体积中间数组…可由脚本重新生成」⇒ 面内读数为可再产出。G1 的 P2 白名单无 .txt/.sha256 ⇒ 漏判。
eng/tests/validation/release02/fix_p1_photometry_apply/oracle_stderr.txt,14,txt,ENG-tests,GENERATED,,A1 裁定（采 GEN-2）: eng/tests/validation/release02/README.md:3「可复跑实验资产」、:5「由 run/RELEASE-02/<name>/ 收集而来」、:6「大体积中间数组…可由脚本重新生成」⇒ 面内读数为可再产出。G1 的 P2 白名单无 .txt/.sha256 ⇒ 漏判。
eng/tests/validation/release02/fix_p1_photometry_apply/p1001_cmd.txt,1,txt,ENG-tests,GENERATED,,A1 裁定（采 GEN-2）: eng/tests/validation/release02/README.md:3「可复跑实验资产」、:5「由 run/RELEASE-02/<name>/ 收集而来」、:6「大体积中间数组…可由脚本重新生成」⇒ 面内读数为可再产出。G1 的 P2 白名单无 .txt/.sha256 ⇒ 漏判。
eng/tests/validation/release02/fix_p1_photometry_apply/p1_apply_oracle.cpp,160,cpp,ENG-tests,HUMAN,ENG-tests-012,默认保留（非产出面或非数据形态）
eng/tests/validation/release02/fix_p1_photometry_apply/p1_photscale_example.json,7,json,ENG-tests,GENERATED,,P1 产出面 ^eng/tests/validation/ ∧ P2 数据形态 .json
eng/tests/validation/release02/fix_p1_photometry_apply/p1_qf_oracle.cpp,161,cpp,ENG-tests,HUMAN,ENG-tests-010,默认保留（非产出面或非数据形态）
eng/tests/validation/release02/fix_p1_photometry_apply/qf_oracle_build.log,0,log,ENG-tests,GENERATED,,P1 产出面 ^eng/tests/validation/ ∧ P2 数据形态 .log
eng/tests/validation/release02/fix_p1_photometry_apply/qf_oracle_output.txt,11,txt,ENG-tests,GENERATED,,A1 裁定（采 GEN-2）: eng/tests/validation/release02/README.md:3「可复跑实验资产」、:5「由 run/RELEASE-02/<name>/ 收集而来」、:6「大体积中间数组…可由脚本重新生成」⇒ 面内读数为可再产出。G1 的 P2 白名单无 .txt/.sha256 ⇒ 漏判。
eng/tests/validation/release02/fix_p1_photometry_apply/qf_oracle_stderr.txt,139,txt,ENG-tests,GENERATED,,A1 裁定（采 GEN-2）: eng/tests/validation/release02/README.md:3「可复跑实验资产」、:5「由 run/RELEASE-02/<name>/ 收集而来」、:6「大体积中间数组…可由脚本重新生成」⇒ 面内读数为可再产出。G1 的 P2 白名单无 .txt/.sha256 ⇒ 漏判。
eng/tests/validation/release02/fix_p1_photometry_apply/syntax_frame_fit.log,0,log,ENG-tests,GENERATED,,P1 产出面 ^eng/tests/validation/ ∧ P2 数据形态 .log
eng/tests/validation/release02/fix_p1_photometry_apply/syntax_module_adapters.log,0,log,ENG-tests,GENERATED,,P1 产出面 ^eng/tests/validation/ ∧ P2 数据形态 .log
eng/tests/validation/release02/fix_p1_photometry_apply/syntax_p1001_test.log,0,log,ENG-tests,GENERATED,,P1 产出面 ^eng/tests/validation/ ∧ P2 数据形态 .log
eng/tests/validation/release02/fix_p1_photometry_apply/syntax_pc_api.log,0,log,ENG-tests,GENERATED,,P1 产出面 ^eng/tests/validation/ ∧ P2 数据形态 .log
eng/tests/validation/release02/fix_p2a_seam_oracle/build.sh,20,sh,ENG-tests,HUMAN,ENG-tests-012,默认保留（非产出面或非数据形态）
eng/tests/validation/release02/fix_p2a_seam_oracle/ma_syntax.log,504,log,ENG-tests,GENERATED,,P1 产出面 ^eng/tests/validation/ ∧ P2 数据形态 .log
eng/tests/validation/release02/fix_p2a_seam_oracle/oracle_out.txt,13,txt,ENG-tests,GENERATED,,A1 裁定（采 GEN-2）: eng/tests/validation/release02/README.md:3「可复跑实验资产」、:5「由 run/RELEASE-02/<name>/ 收集而来」、:6「大体积中间数组…可由脚本重新生成」⇒ 面内读数为可再产出。G1 的 P2 白名单无 .txt/.sha256 ⇒ 漏判。
eng/tests/validation/release02/fix_p2a_seam_oracle/p2a_oracle.cpp,273,cpp,ENG-tests,HUMAN,ENG-tests-002,默认保留（非产出面或非数据形态）
eng/tests/validation/release02/fix_p2a_seam_oracle/test_syntax.log,0,log,ENG-tests,GENERATED,,P1 产出面 ^eng/tests/validation/ ∧ P2 数据形态 .log
eng/tests/validation/release02/fix_p2a_seam_oracle/upm_syntax.log,0,log,ENG-tests,GENERATED,,P1 产出面 ^eng/tests/validation/ ∧ P2 数据形态 .log
eng/tests/validation/release02/fix_p2b_variance_oracle/build_oracle.sh,26,sh,ENG-tests,HUMAN,ENG-tests-003,默认保留（非产出面或非数据形态）
eng/tests/validation/release02/fix_p2b_variance_oracle/oracle_build.log,0,log,ENG-tests,GENERATED,,P1 产出面 ^eng/tests/validation/ ∧ P2 数据形态 .log
eng/tests/validation/release02/fix_p2b_variance_oracle/oracle_output.txt,39,txt,ENG-tests,GENERATED,,A1 裁定（采 GEN-2）: eng/tests/validation/release02/README.md:3「可复跑实验资产」、:5「由 run/RELEASE-02/<name>/ 收集而来」、:6「大体积中间数组…可由脚本重新生成」⇒ 面内读数为可再产出。G1 的 P2 白名单无 .txt/.sha256 ⇒ 漏判。
eng/tests/validation/release02/fix_p2b_variance_oracle/oracle_output_red.txt,39,txt,ENG-tests,GENERATED,,A1 裁定（采 GEN-2）: eng/tests/validation/release02/README.md:3「可复跑实验资产」、:5「由 run/RELEASE-02/<name>/ 收集而来」、:6「大体积中间数组…可由脚本重新生成」⇒ 面内读数为可再产出。G1 的 P2 白名单无 .txt/.sha256 ⇒ 漏判。
eng/tests/validation/release02/fix_p2b_variance_oracle/patch_apply2.py,49,py,ENG-tests,HUMAN,ENG-tests-001,默认保留（非产出面或非数据形态）
eng/tests/validation/release02/fix_p2b_variance_oracle/patch_integrate.py,129,py,ENG-tests,HUMAN,ENG-tests-010,默认保留（非产出面或非数据形态）
eng/tests/validation/release02/fix_p2b_variance_oracle/patch_integrate2.py,51,py,ENG-tests,HUMAN,ENG-tests-003,默认保留（非产出面或非数据形态）
eng/tests/validation/release02/fix_p2b_variance_oracle/realdata_evidence.py,101,py,ENG-tests,HUMAN,ENG-tests-009,默认保留（非产出面或非数据形态）
eng/tests/validation/release02/fix_p2b_variance_oracle/realdata_evidence.txt,24,txt,ENG-tests,GENERATED,,A1 裁定（采 GEN-2）: eng/tests/validation/release02/README.md:3「可复跑实验资产」、:5「由 run/RELEASE-02/<name>/ 收集而来」、:6「大体积中间数组…可由脚本重新生成」⇒ 面内读数为可再产出。G1 的 P2 白名单无 .txt/.sha256 ⇒ 漏判。
eng/tests/validation/release02/fix_p2b_variance_oracle/run_wc_selfcheck.sh,16,sh,ENG-tests,HUMAN,ENG-tests-004,默认保留（非产出面或非数据形态）
eng/tests/validation/release02/fix_p2b_variance_oracle/syntax_check.sh,12,sh,ENG-tests,HUMAN,ENG-tests-001,默认保留（非产出面或非数据形态）
eng/tests/validation/release02/fix_p2b_variance_oracle/syntax_check2.sh,21,sh,ENG-tests,HUMAN,ENG-tests-008,默认保留（非产出面或非数据形态）
eng/tests/validation/release02/fix_p2b_variance_oracle/variance_oracle.cpp,221,cpp,ENG-tests,HUMAN,ENG-tests-004,默认保留（非产出面或非数据形态）
eng/tests/validation/release02/fix_p2b_variance_oracle/wc_selfcheck.txt,62,txt,ENG-tests,GENERATED,,A1 裁定（采 GEN-2）: eng/tests/validation/release02/README.md:3「可复跑实验资产」、:5「由 run/RELEASE-02/<name>/ 收集而来」、:6「大体积中间数组…可由脚本重新生成」⇒ 面内读数为可再产出。G1 的 P2 白名单无 .txt/.sha256 ⇒ 漏判。
eng/tests/validation/release02/fix_p2b_variance_oracle/wc_selfcheck_build.log,0,log,ENG-tests,GENERATED,,P1 产出面 ^eng/tests/validation/ ∧ P2 数据形态 .log
eng/tests/validation/release02/phot_verify/debug2.py,10,py,ENG-tests,HUMAN,ENG-tests-012,默认保留（非产出面或非数据形态）
eng/tests/validation/release02/phot_verify/debug3.py,10,py,ENG-tests,HUMAN,ENG-tests-005,默认保留（非产出面或非数据形态）
eng/tests/validation/release02/phot_verify/debug_m1m2.py,23,py,ENG-tests,HUMAN,ENG-tests-003,默认保留（非产出面或非数据形态）
eng/tests/validation/release02/phot_verify/evidence_summary.json,1092,json,ENG-tests,GENERATED,,P1 产出面 ^eng/tests/validation/ ∧ P2 数据形态 .json
eng/tests/validation/release02/phot_verify/evidence_wiring.txt,102,txt,ENG-tests,GENERATED,,A1 裁定（采 GEN-2）: eng/tests/validation/release02/README.md:3「可复跑实验资产」、:5「由 run/RELEASE-02/<name>/ 收集而来」、:6「大体积中间数组…可由脚本重新生成」⇒ 面内读数为可再产出。G1 的 P2 白名单无 .txt/.sha256 ⇒ 漏判。
eng/tests/validation/release02/phot_verify/make_summary.py,21,py,ENG-tests,HUMAN,ENG-tests-010,默认保留（非产出面或非数据形态）
eng/tests/validation/release02/phot_verify/pair_probe.json,281,json,ENG-tests,GENERATED,,P1 产出面 ^eng/tests/validation/ ∧ P2 数据形态 .json
eng/tests/validation/release02/phot_verify/pair_ratio.py,155,py,ENG-tests,HUMAN,ENG-tests-008,默认保留（非产出面或非数据形态）
eng/tests/validation/release02/phot_verify/pair_results.json,8992,json,ENG-tests,GENERATED,,P1 产出面 ^eng/tests/validation/ ∧ P2 数据形态 .json
eng/tests/validation/release02/phot_verify/pixel_measure.py,147,py,ENG-tests,HUMAN,ENG-tests-003,默认保留（非产出面或非数据形态）
eng/tests/validation/release02/phot_verify/pixel_results.json,4247,json,ENG-tests,GENERATED,,P1 产出面 ^eng/tests/validation/ ∧ P2 数据形态 .json
eng/tests/validation/release02/phot_verify/probe_pairs.py,28,py,ENG-tests,HUMAN,ENG-tests-010,默认保留（非产出面或非数据形态）
eng/tests/validation/release02/phot_verify/radius_test.py,32,py,ENG-tests,HUMAN,ENG-tests-009,默认保留（非产出面或非数据形态）
eng/tests/validation/release02/phot_verify/run_all_pairs.py,64,py,ENG-tests,HUMAN,ENG-tests-009,默认保留（非产出面或非数据形态）
eng/tests/validation/release02/phot_verify/run_pixel.py,37,py,ENG-tests,HUMAN,ENG-tests-004,默认保留（非产出面或非数据形态）
eng/tests/validation/release02/phot_verify/sky_vignette.json,733,json,ENG-tests,GENERATED,,P1 产出面 ^eng/tests/validation/ ∧ P2 数据形态 .json
eng/tests/validation/release02/phot_verify/sky_vignette.py,65,py,ENG-tests,HUMAN,ENG-tests-004,默认保留（非产出面或非数据形态）
eng/tests/validation/release02/phot_verify/summarize.py,27,py,ENG-tests,HUMAN,ENG-tests-002,默认保留（非产出面或非数据形态）
eng/tests/validation/release02/phot_verify/vignette_test.json,199,json,ENG-tests,GENERATED,,P1 产出面 ^eng/tests/validation/ ∧ P2 数据形态 .json
eng/tests/validation/release02/phot_verify/vignette_test.py,53,py,ENG-tests,HUMAN,ENG-tests-004,默认保留（非产出面或非数据形态）
eng/tests/validation/release02/phot_verify/wcs_lib.py,93,py,ENG-tests,HUMAN,ENG-tests-007,默认保留（非产出面或非数据形态）
eng/tests/validation/release02/q1_photometry_gradient/real_data.json,12313,json,ENG-tests,GENERATED,,P1 产出面 ^eng/tests/validation/ ∧ P2 数据形态 .json
eng/tests/validation/release02/q1_photometry_gradient/real_data2.json,19316,json,ENG-tests,GENERATED,,P1 产出面 ^eng/tests/validation/ ∧ P2 数据形态 .json
eng/tests/validation/release02/q1_photometry_gradient/spatial_calib.json,65,json,ENG-tests,GENERATED,,P1 产出面 ^eng/tests/validation/ ∧ P2 数据形态 .json
eng/tests/validation/release02/q1_photometry_gradient/src/real_data.py,132,py,ENG-tests,HUMAN,ENG-tests-003,默认保留（非产出面或非数据形态）
eng/tests/validation/release02/q1_photometry_gradient/src/real_data2.py,91,py,ENG-tests,HUMAN,ENG-tests-012,默认保留（非产出面或非数据形态）
eng/tests/validation/release02/q1_photometry_gradient/src/spatial_calib.py,156,py,ENG-tests,HUMAN,ENG-tests-004,默认保留（非产出面或非数据形态）
eng/tests/validation/release02/q1_photometry_gradient/src/star_precision.py,79,py,ENG-tests,HUMAN,ENG-tests-009,默认保留（非产出面或非数据形态）
eng/tests/validation/release02/q1_photometry_gradient/src/star_residual.py,92,py,ENG-tests,HUMAN,ENG-tests-003,默认保留（非产出面或非数据形态）
eng/tests/validation/release02/q1_photometry_gradient/src/synth_core.py,170,py,ENG-tests,HUMAN,ENG-tests-012,默认保留（非产出面或非数据形态）
eng/tests/validation/release02/q1_photometry_gradient/star_precision.json,115,json,ENG-tests,GENERATED,,P1 产出面 ^eng/tests/validation/ ∧ P2 数据形态 .json
eng/tests/validation/release02/q1_photometry_gradient/star_residual.json,331,json,ENG-tests,GENERATED,,P1 产出面 ^eng/tests/validation/ ∧ P2 数据形态 .json
eng/tests/validation/release02/q1_photometry_gradient/synth_core.json,635,json,ENG-tests,GENERATED,,P1 产出面 ^eng/tests/validation/ ∧ P2 数据形态 .json
eng/tests/validation/release02/q2_snr_smoothness/debug_gs.py,41,py,ENG-tests,HUMAN,ENG-tests-007,默认保留（非产出面或非数据形态）
eng/tests/validation/release02/q2_snr_smoothness/pollution_q2.py,113,py,ENG-tests,HUMAN,ENG-tests-007,默认保留（非产出面或非数据形态）
eng/tests/validation/release02/q2_snr_smoothness/pollution_results.json,55,json,ENG-tests,GENERATED,,P1 产出面 ^eng/tests/validation/ ∧ P2 数据形态 .json
eng/tests/validation/release02/q2_snr_smoothness/realdata/loci.json,61,json,ENG-tests,GENERATED,,P1 产出面 ^eng/tests/validation/ ∧ P2 数据形态 .json
eng/tests/validation/release02/q2_snr_smoothness/realdata/realdata_seam.log,853,log,ENG-tests,GENERATED,,P1 产出面 ^eng/tests/validation/ ∧ P2 数据形态 .log
eng/tests/validation/release02/q2_snr_smoothness/realdata/stageAB.log,94,log,ENG-tests,GENERATED,,P1 产出面 ^eng/tests/validation/ ∧ P2 数据形态 .log
eng/tests/validation/release02/q2_snr_smoothness/realdata/stageAB_nmap_loci.py,83,py,ENG-tests,HUMAN,ENG-tests-003,默认保留（非产出面或非数据形态）
eng/tests/validation/release02/q2_snr_smoothness/realdata/stageB.log,73,log,ENG-tests,GENERATED,,P1 产出面 ^eng/tests/validation/ ∧ P2 数据形态 .log
eng/tests/validation/release02/q2_snr_smoothness/realdata/stageB_loci.py,90,py,ENG-tests,HUMAN,ENG-tests-007,默认保留（非产出面或非数据形态）
eng/tests/validation/release02/q2_snr_smoothness/realdata/stageC.log,65,log,ENG-tests,GENERATED,,P1 产出面 ^eng/tests/validation/ ∧ P2 数据形态 .log
eng/tests/validation/release02/q2_snr_smoothness/realdata/stageC2.log,139,log,ENG-tests,GENERATED,,P1 产出面 ^eng/tests/validation/ ∧ P2 数据形态 .log
eng/tests/validation/release02/q2_snr_smoothness/realdata/stageC2_profile.py,30,py,ENG-tests,HUMAN,ENG-tests-012,默认保留（非产出面或非数据形态）
eng/tests/validation/release02/q2_snr_smoothness/realdata/stageC_steps.json,1521,json,ENG-tests,GENERATED,,P1 产出面 ^eng/tests/validation/ ∧ P2 数据形态 .json
eng/tests/validation/release02/q2_snr_smoothness/realdata/stageC_steps.py,170,py,ENG-tests,HUMAN,ENG-tests-001,默认保留（非产出面或非数据形态）
eng/tests/validation/release02/q2_snr_smoothness/realdata/stageD.log,72,log,ENG-tests,GENERATED,,P1 产出面 ^eng/tests/validation/ ∧ P2 数据形态 .log
eng/tests/validation/release02/q2_snr_smoothness/realdata/stageD2.log,80,log,ENG-tests,GENERATED,,P1 产出面 ^eng/tests/validation/ ∧ P2 数据形态 .log
eng/tests/validation/release02/q2_snr_smoothness/realdata/stageD2_frames.py,47,py,ENG-tests,HUMAN,ENG-tests-009,默认保留（非产出面或非数据形态）
eng/tests/validation/release02/q2_snr_smoothness/realdata/stageD_samples.py,132,py,ENG-tests,HUMAN,ENG-tests-005,默认保留（非产出面或非数据形态）
eng/tests/validation/release02/q2_snr_smoothness/realdata/stageE.log,52,log,ENG-tests,GENERATED,,P1 产出面 ^eng/tests/validation/ ∧ P2 数据形态 .log
eng/tests/validation/release02/q2_snr_smoothness/realdata/stageE2.log,101,log,ENG-tests,GENERATED,,P1 产出面 ^eng/tests/validation/ ∧ P2 数据形态 .log
eng/tests/validation/release02/q2_snr_smoothness/realdata/stageE2_nosearch.json,502,json,ENG-tests,GENERATED,,P1 产出面 ^eng/tests/validation/ ∧ P2 数据形态 .json
eng/tests/validation/release02/q2_snr_smoothness/realdata/stageE2_nosearch.py,78,py,ENG-tests,HUMAN,ENG-tests-004,默认保留（非产出面或非数据形态）
eng/tests/validation/release02/q2_snr_smoothness/realdata/stageE_final.py,155,py,ENG-tests,HUMAN,ENG-tests-009,默认保留（非产出面或非数据形态）
eng/tests/validation/release02/q2_snr_smoothness/realdata/stageF_assemble.py,87,py,ENG-tests,HUMAN,ENG-tests-012,默认保留（非产出面或非数据形态）
eng/tests/validation/release02/q2_snr_smoothness/realdata/stageG_patch.py,73,py,ENG-tests,HUMAN,ENG-tests-012,默认保留（非产出面或非数据形态）
eng/tests/validation/release02/q2_snr_smoothness/realdata/stageH_log.py,92,py,ENG-tests,HUMAN,ENG-tests-006,默认保留（非产出面或非数据形态）
eng/tests/validation/release02/q2_snr_smoothness/realdata_formulation.json,42,json,ENG-tests,GENERATED,,P1 产出面 ^eng/tests/validation/ ∧ P2 数据形态 .json
eng/tests/validation/release02/q2_snr_smoothness/realdata_q2.py,113,py,ENG-tests,HUMAN,ENG-tests-011,默认保留（非产出面或非数据形态）
eng/tests/validation/release02/q2_snr_smoothness/synth_q2.py,263,py,ENG-tests,HUMAN,ENG-tests-009,默认保留（非产出面或非数据形态）
eng/tests/validation/release02/q2_snr_smoothness/synth_q2_v2.py,258,py,ENG-tests,HUMAN,ENG-tests-012,默认保留（非产出面或非数据形态）
eng/tests/validation/release02/q2_snr_smoothness/synth_q2_v3.py,259,py,ENG-tests,HUMAN,ENG-tests-006,默认保留（非产出面或非数据形态）
eng/tests/validation/release02/q2_snr_smoothness/synth_results.json,535,json,ENG-tests,GENERATED,,P1 产出面 ^eng/tests/validation/ ∧ P2 数据形态 .json
eng/tests/validation/release02/q2_snr_smoothness/synth_results_v3.json,764,json,ENG-tests,GENERATED,,P1 产出面 ^eng/tests/validation/ ∧ P2 数据形态 .json
eng/tests/validation/release02/q2_snr_smoothness/synth_v3.log,135,log,ENG-tests,GENERATED,,P1 产出面 ^eng/tests/validation/ ∧ P2 数据形态 .log
eng/tests/validation/release02/q2_snr_smoothness/weight_consistency.json,73,json,ENG-tests,GENERATED,,P1 产出面 ^eng/tests/validation/ ∧ P2 数据形态 .json
eng/tests/validation/release02/q2_snr_smoothness/weight_consistency_q2.py,41,py,ENG-tests,HUMAN,ENG-tests-011,默认保留（非产出面或非数据形态）
eng/tests/validation/release02/q3_additive_truth/data/alpha_final.json,280,json,ENG-tests,GENERATED,,P1 产出面 ^eng/tests/validation/ ∧ P2 数据形态 .json
eng/tests/validation/release02/q3_additive_truth/data/apflux.json,113,json,ENG-tests,GENERATED,,P1 产出面 ^eng/tests/validation/ ∧ P2 数据形态 .json
eng/tests/validation/release02/q3_additive_truth/data/pair_detail.json,2815,json,ENG-tests,GENERATED,,P1 产出面 ^eng/tests/validation/ ∧ P2 数据形态 .json
eng/tests/validation/release02/q3_additive_truth/data/pairs_star.json,5444,json,ENG-tests,GENERATED,,P1 产出面 ^eng/tests/validation/ ∧ P2 数据形态 .json
eng/tests/validation/release02/q3_additive_truth/data/pairs_wcs.json,20386,json,ENG-tests,GENERATED,,P1 产出面 ^eng/tests/validation/ ∧ P2 数据形态 .json
eng/tests/validation/release02/q3_additive_truth/data/ratio_vs_signal.json,175,json,ENG-tests,GENERATED,,P1 产出面 ^eng/tests/validation/ ∧ P2 数据形态 .json
eng/tests/validation/release02/q3_additive_truth/data/summary.json,243,json,ENG-tests,GENERATED,,P1 产出面 ^eng/tests/validation/ ∧ P2 数据形态 .json
eng/tests/validation/release02/q3_additive_truth/src/q3core.py,163,py,ENG-tests,HUMAN,ENG-tests-003,默认保留（非产出面或非数据形态）
eng/tests/validation/release02/q3_additive_truth/src/q3hp.py,40,py,ENG-tests,HUMAN,ENG-tests-001,默认保留（非产出面或非数据形态）
eng/tests/validation/release02/q3_additive_truth/src/q3lib.py,102,py,ENG-tests,HUMAN,ENG-tests-008,默认保留（非产出面或非数据形态）
eng/tests/validation/release02/q3_additive_truth/src/step10_figs.py,93,py,ENG-tests,HUMAN,ENG-tests-008,默认保留（非产出面或非数据形态）
eng/tests/validation/release02/q3_additive_truth/src/step2_alpha.py,57,py,ENG-tests,HUMAN,ENG-tests-004,默认保留（非产出面或非数据形态）
eng/tests/validation/release02/q3_additive_truth/src/step3_starphot.py,53,py,ENG-tests,HUMAN,ENG-tests-011,默认保留（非产出面或非数据形态）
eng/tests/validation/release02/q3_additive_truth/src/step4_allpairs.py,66,py,ENG-tests,HUMAN,ENG-tests-006,默认保留（非产出面或非数据形态）
eng/tests/validation/release02/q3_additive_truth/src/step4b_wcs.py,58,py,ENG-tests,HUMAN,ENG-tests-012,默认保留（非产出面或非数据形态）
eng/tests/validation/release02/q3_additive_truth/src/step5_pairdetail.py,153,py,ENG-tests,HUMAN,ENG-tests-007,默认保留（非产出面或非数据形态）
eng/tests/validation/release02/q3_additive_truth/src/step6_synth.py,83,py,ENG-tests,HUMAN,ENG-tests-001,默认保留（非产出面或非数据形态）
eng/tests/validation/release02/q3_additive_truth/src/step7_apflux.py,83,py,ENG-tests,HUMAN,ENG-tests-002,默认保留（非产出面或非数据形态）
eng/tests/validation/release02/q3_additive_truth/src/step8_alpha_final.py,118,py,ENG-tests,HUMAN,ENG-tests-010,默认保留（非产出面或非数据形态）
eng/tests/validation/release02/q3_additive_truth/src/step9_summary.py,111,py,ENG-tests,HUMAN,ENG-tests-001,默认保留（非产出面或非数据形态）
eng/tests/validation/release02/unc_propagation/audit_evidence.py,143,py,ENG-tests,HUMAN,ENG-tests-011,默认保留（非产出面或非数据形态）
eng/tests/validation/release02/unc_propagation/build.log,0,log,ENG-tests,GENERATED,,P1 产出面 ^eng/tests/validation/ ∧ P2 数据形态 .log
eng/tests/validation/release02/unc_propagation/code_facts_and_realdata.log,98,log,ENG-tests,GENERATED,,P1 产出面 ^eng/tests/validation/ ∧ P2 数据形态 .log
eng/tests/validation/release02/unc_propagation/oracle_output.txt,75,txt,ENG-tests,GENERATED,,A1 裁定（采 GEN-2）: eng/tests/validation/release02/README.md:3「可复跑实验资产」、:5「由 run/RELEASE-02/<name>/ 收集而来」、:6「大体积中间数组…可由脚本重新生成」⇒ 面内读数为可再产出。G1 的 P2 白名单无 .txt/.sha256 ⇒ 漏判。
eng/tests/version/__init__.py,0,py,ENG-tests,HUMAN,ENG-tests-007,默认保留（非产出面或非数据形态）
eng/tests/version/test_version_consistency.py,66,py,ENG-tests,HUMAN,ENG-tests-007,默认保留（非产出面或非数据形态）
eng/tools/CONTINUE.md,45,md,ENG-tools,HUMAN,ENG-tools-002,P3 手写面豁免: ^eng/tools/
eng/tools/HANDOVER.md,284,md,ENG-tools,HUMAN,ENG-tools-003,P3 手写面豁免: ^eng/tools/
eng/tools/README.md,115,md,ENG-tools,HUMAN,ENG-tools-002,P3 手写面豁免: ^eng/tools/
eng/tools/acceptance/fixtures/tier_verdict_real_bad.json,146,json,ENG-tools,HUMAN,ENG-tools-002,P3 手写面豁免: (^|/)fixtures(/|$)
eng/tools/acceptance/fixtures/tier_verdict_real_good.json,144,json,ENG-tools,HUMAN,ENG-tools-002,P3 手写面豁免: (^|/)fixtures(/|$)
eng/tools/acceptance/rel790_checklist.json,591,json,ENG-tools,HUMAN,ENG-tools-003,P3 手写面豁免: ^eng/tools/
eng/tools/acsd_diagnose.py,225,py,ENG-tools,HUMAN,ENG-tools-001,P3 手写面豁免: ^eng/tools/
eng/tools/arch/README.md,19,md,ENG-tools,HUMAN,ENG-tools-002,P3 手写面豁免: ^eng/tools/
eng/tools/arch/cmake_graph.py,417,py,ENG-tools,HUMAN,ENG-tools-003,P3 手写面豁免: ^eng/tools/
eng/tools/arch/gen_build_graph_doc.py,186,py,ENG-tools,HUMAN,ENG-tools-001,P3 手写面豁免: ^eng/tools/
eng/tools/assemble_audit.py,296,py,ENG-tools,HUMAN,ENG-tools-003,P3 手写面豁免: ^eng/tools/
eng/tools/assemble_v17_review_pkg.py,365,py,ENG-tools,HUMAN,ENG-tools-003,P3 手写面豁免: ^eng/tools/
eng/tools/astro_toolkit.py,517,py,ENG-tools,HUMAN,ENG-tools-002,P3 手写面豁免: ^eng/tools/
eng/tools/astrometry/README.md,18,md,ENG-tools,HUMAN,ENG-tools-003,P3 手写面豁免: ^eng/tools/
eng/tools/astrometry/closure_metric.py,658,py,ENG-tools,HUMAN,ENG-tools-001,P3 手写面豁免: ^eng/tools/
eng/tools/astrometry_oracle/README.md,20,md,ENG-tools,HUMAN,ENG-tools-003,P3 手写面豁免: ^eng/tools/
eng/tools/astrometry_oracle/compare_astrometry.py,178,py,ENG-tools,HUMAN,ENG-tools-001,P3 手写面豁免: ^eng/tools/
eng/tools/astrometry_oracle/gen_synthetic_from_axy.py,107,py,ENG-tools,HUMAN,ENG-tools-003,P3 手写面豁免: ^eng/tools/
eng/tools/astrometry_oracle/make_acsd_ref.py,63,py,ENG-tools,HUMAN,ENG-tools-001,P3 手写面豁免: ^eng/tools/
eng/tools/audit_intake.py,139,py,ENG-tools,HUMAN,ENG-tools-001,P3 手写面豁免: ^eng/tools/
eng/tools/canonical_product_hash.py,844,py,ENG-tools,HUMAN,ENG-tools-002,P3 手写面豁免: ^eng/tools/
eng/tools/diagnose_drizzle_gaps.py,182,py,ENG-tools,HUMAN,ENG-tools-003,P3 手写面豁免: ^eng/tools/
eng/tools/e2e/README.md,22,md,ENG-tools,HUMAN,ENG-tools-002,P3 手写面豁免: ^eng/tools/
eng/tools/e2e/make_e2e_configs.py,131,py,ENG-tools,HUMAN,ENG-tools-003,P3 手写面豁免: ^eng/tools/
eng/tools/e2e/make_vis_configs.py,129,py,ENG-tools,HUMAN,ENG-tools-003,P3 手写面豁免: ^eng/tools/
eng/tools/e2e/render_vis.py,543,py,ENG-tools,HUMAN,ENG-tools-001,P3 手写面豁免: ^eng/tools/
eng/tools/e2e/run_e2e_chain.py,290,py,ENG-tools,HUMAN,ENG-tools-002,P3 手写面豁免: ^eng/tools/
eng/tools/e2e/seam_footprint.py,1118,py,ENG-tools,HUMAN,ENG-tools-002,P3 手写面豁免: ^eng/tools/
eng/tools/fatduck_ps.sh,8,sh,ENG-tools,HUMAN,ENG-tools-002,P3 手写面豁免: ^eng/tools/
eng/tools/fatduck_put.sh,19,sh,ENG-tools,HUMAN,ENG-tools-001,P3 手写面豁免: ^eng/tools/
eng/tools/file_audit.py,197,py,ENG-tools,HUMAN,ENG-tools-002,P3 手写面豁免: ^eng/tools/
eng/tools/gen_audit_pack.py,212,py,ENG-tools,HUMAN,ENG-tools-001,P3 手写面豁免: ^eng/tools/
eng/tools/gen_backends_manifest.py,60,py,ENG-tools,HUMAN,ENG-tools-003,P3 手写面豁免: ^eng/tools/
eng/tools/gen_build_stamp.py,386,py,ENG-tools,HUMAN,ENG-tools-001,P3 手写面豁免: ^eng/tools/
eng/tools/gen_cfitsio_list.py,95,py,ENG-tools,HUMAN,ENG-tools-002,P3 手写面豁免: ^eng/tools/
eng/tools/gen_provider_manifests.py,345,py,ENG-tools,HUMAN,ENG-tools-001,P3 手写面豁免: ^eng/tools/
eng/tools/gen_repo_source_manifest.py,161,py,ENG-tools,HUMAN,ENG-tools-001,P3 手写面豁免: ^eng/tools/
eng/tools/gen_v19_evidence.py,237,py,ENG-tools,HUMAN,ENG-tools-002,P3 手写面豁免: ^eng/tools/
eng/tools/gen_v19_source_snapshot.py,87,py,ENG-tools,HUMAN,ENG-tools-003,P3 手写面豁免: ^eng/tools/
eng/tools/gen_version.py,203,py,ENG-tools,HUMAN,ENG-tools-001,P3 手写面豁免: ^eng/tools/
eng/tools/gen_visual_views.py,59,py,ENG-tools,HUMAN,ENG-tools-002,P3 手写面豁免: ^eng/tools/
eng/tools/graph/README.md,18,md,ENG-tools,HUMAN,ENG-tools-002,P3 手写面豁免: ^eng/tools/
eng/tools/graph/render_run_graph.py,942,py,ENG-tools,HUMAN,ENG-tools-001,P3 手写面豁免: ^eng/tools/
eng/tools/hipsform/README.md,18,md,ENG-tools,HUMAN,ENG-tools-001,P3 手写面豁免: ^eng/tools/
eng/tools/isa_feature_bits.py,142,py,ENG-tools,HUMAN,ENG-tools-002,P3 手写面豁免: ^eng/tools/
eng/tools/isa_sites.py,83,py,ENG-tools,HUMAN,ENG-tools-002,P3 手写面豁免: ^eng/tools/
eng/tools/l4_rebuild/README.md,24,md,ENG-tools,HUMAN,ENG-tools-001,P3 手写面豁免: ^eng/tools/
eng/tools/l4_rebuild/hotspots.py,63,py,ENG-tools,HUMAN,ENG-tools-003,P3 手写面豁免: ^eng/tools/
eng/tools/l4_rebuild/merge_products.py,54,py,ENG-tools,HUMAN,ENG-tools-003,P3 手写面豁免: ^eng/tools/
eng/tools/l4_rebuild/render_fits.py,83,py,ENG-tools,HUMAN,ENG-tools-001,P3 手写面豁免: ^eng/tools/
eng/tools/l4_rebuild/run_timed.sh,84,sh,ENG-tools,HUMAN,ENG-tools-003,P3 手写面豁免: ^eng/tools/
eng/tools/l4_rebuild/stage_cpu.py,149,py,ENG-tools,HUMAN,ENG-tools-003,P3 手写面豁免: ^eng/tools/
eng/tools/l4_rebuild/stage_profile.py,94,py,ENG-tools,HUMAN,ENG-tools-001,P3 手写面豁免: ^eng/tools/
eng/tools/l4_rebuild/sysmon.py,490,py,ENG-tools,HUMAN,ENG-tools-002,P3 手写面豁免: ^eng/tools/
eng/tools/ledger/ledger.py,264,py,ENG-tools,HUMAN,ENG-tools-003,P3 手写面豁免: ^eng/tools/
eng/tools/make_capsule.py,86,py,ENG-tools,HUMAN,ENG-tools-001,P3 手写面豁免: ^eng/tools/
eng/tools/make_linux_release.py,170,py,ENG-tools,HUMAN,ENG-tools-003,P3 手写面豁免: ^eng/tools/
eng/tools/make_rev2_capsule.py,193,py,ENG-tools,HUMAN,ENG-tools-002,P3 手写面豁免: ^eng/tools/
eng/tools/make_windows_release.py,184,py,ENG-tools,HUMAN,ENG-tools-002,P3 手写面豁免: ^eng/tools/
eng/tools/migrate_stage2_config.py,71,py,ENG-tools,HUMAN,ENG-tools-002,P3 手写面豁免: ^eng/tools/
eng/tools/migration/README.md,17,md,ENG-tools,HUMAN,ENG-tools-002,P3 手写面豁免: ^eng/tools/
eng/tools/migration/rewrite_refs.py,81,py,ENG-tools,HUMAN,ENG-tools-002,P3 手写面豁免: ^eng/tools/
eng/tools/monitoring/README.md,24,md,ENG-tools,HUMAN,ENG-tools-001,P3 手写面豁免: ^eng/tools/
eng/tools/monitoring/concurrency_sweep.py,545,py,ENG-tools,HUMAN,ENG-tools-002,P3 手写面豁免: ^eng/tools/
eng/tools/monitoring/mem_guard.py,220,py,ENG-tools,HUMAN,ENG-tools-003,P3 手写面豁免: ^eng/tools/
eng/tools/monitoring/node_waterfall.py,323,py,ENG-tools,HUMAN,ENG-tools-002,P3 手写面豁免: ^eng/tools/
eng/tools/monitoring/resource_probe.py,422,py,ENG-tools,HUMAN,ENG-tools-002,P3 手写面豁免: ^eng/tools/
eng/tools/monitoring/run_monitored.py,1028,py,ENG-tools,HUMAN,ENG-tools-003,P3 手写面豁免: ^eng/tools/
eng/tools/pack_audit_package.py,186,py,ENG-tools,HUMAN,ENG-tools-001,P3 手写面豁免: ^eng/tools/
eng/tools/perf/README.md,117,md,ENG-tools,HUMAN,ENG-tools-001,P3 手写面豁免: ^eng/tools/
eng/tools/perf/run_perf_synth_chain.py,1802,py,ENG-tools,HUMAN,ENG-tools-001,P3 手写面豁免: ^eng/tools/
eng/tools/phase1_e2e_bench.py,141,py,ENG-tools,HUMAN,ENG-tools-003,P3 手写面豁免: ^eng/tools/
eng/tools/quality/README.md,25,md,ENG-tools,HUMAN,ENG-tools-002,P3 手写面豁免: ^eng/tools/
eng/tools/quality/budget_sources.json,81,json,ENG-tools,HUMAN,ENG-tools-001,P3 手写面豁免: ^eng/tools/
eng/tools/quality/build_v19r2_package.py,207,py,ENG-tools,HUMAN,ENG-tools-003,P3 手写面豁免: ^eng/tools/
eng/tools/quality/build_v19r3_package.py,316,py,ENG-tools,HUMAN,ENG-tools-003,P3 手写面豁免: ^eng/tools/
eng/tools/quality/build_v19r4_package.py,426,py,ENG-tools,HUMAN,ENG-tools-001,P3 手写面豁免: ^eng/tools/
eng/tools/quality/compare_products.py,502,py,ENG-tools,HUMAN,ENG-tools-003,P3 手写面豁免: ^eng/tools/
eng/tools/quality/conclusion_snapshots.json,38,json,ENG-tools,HUMAN,ENG-tools-003,P3 手写面豁免: ^eng/tools/
eng/tools/quality/conclusion_vocabulary.json,37,json,ENG-tools,HUMAN,ENG-tools-003,P3 手写面豁免: ^eng/tools/
eng/tools/quality/contracts/fixtures/generate_report/invalid_stability.json,1,json,ENG-tools,HUMAN,ENG-tools-001,P3 手写面豁免: (^|/)fixtures(/|$)
eng/tools/quality/contracts/fixtures/generate_report/valid_input.json,1,json,ENG-tools,HUMAN,ENG-tools-001,P3 手写面豁免: (^|/)fixtures(/|$)
eng/tools/quality/contracts/generate_contract_report.py,87,py,ENG-tools,HUMAN,ENG-tools-003,P3 手写面豁免: ^eng/tools/
eng/tools/quality/contracts/symbol_dimension_registry.json,207,json,ENG-tools,HUMAN,ENG-tools-002,P3 手写面豁免: ^eng/tools/
eng/tools/quality/coverage_claims.json,41,json,ENG-tools,HUMAN,ENG-tools-001,P3 手写面豁免: ^eng/tools/
eng/tools/quality/extract_cpp_api.py,278,py,ENG-tools,HUMAN,ENG-tools-001,P3 手写面豁免: ^eng/tools/
eng/tools/quality/fits_cross_reader.c,158,c,ENG-tools,HUMAN,ENG-tools-001,P3 手写面豁免: ^eng/tools/
eng/tools/quality/fixtures/build_coverage/complete.json,13,json,ENG-tools,HUMAN,ENG-tools-002,P3 手写面豁免: (^|/)fixtures(/|$)
eng/tools/quality/fixtures/build_coverage/gap.json,8,json,ENG-tools,HUMAN,ENG-tools-003,P3 手写面豁免: (^|/)fixtures(/|$)
eng/tools/quality/fixtures/build_coverage/partial.json,17,json,ENG-tools,HUMAN,ENG-tools-001,P3 手写面豁免: (^|/)fixtures(/|$)
eng/tools/quality/fixtures/build_coverage/restored.json,11,json,ENG-tools,HUMAN,ENG-tools-001,P3 手写面豁免: (^|/)fixtures(/|$)
eng/tools/quality/fixtures/extract_cpp_api/invalid_missing_export.hpp,2,hpp,ENG-tools,HUMAN,ENG-tools-003,P3 手写面豁免: (^|/)fixtures(/|$)
eng/tools/quality/fixtures/extract_cpp_api/invalid_sig_mismatch.hpp,3,hpp,ENG-tools,HUMAN,ENG-tools-002,P3 手写面豁免: (^|/)fixtures(/|$)
eng/tools/quality/fixtures/extract_cpp_api/lib/test/include/invalid_sig_mismatch.hpp,3,hpp,ENG-tools,HUMAN,ENG-tools-002,P3 手写面豁免: (^|/)fixtures(/|$)
eng/tools/quality/fixtures/extract_cpp_api/lib/test/include/valid_min.hpp,4,hpp,ENG-tools,HUMAN,ENG-tools-001,P3 手写面豁免: (^|/)fixtures(/|$)
eng/tools/quality/fixtures/extract_cpp_api/valid_min.hpp,4,hpp,ENG-tools,HUMAN,ENG-tools-003,P3 手写面豁免: (^|/)fixtures(/|$)
eng/tools/quality/fixtures/warning_budget/baseline.json,16,json,ENG-tools,HUMAN,ENG-tools-003,P3 手写面豁免: (^|/)fixtures(/|$)
eng/tools/quality/fixtures/warning_budget/clean.log,5,log,ENG-tools,HUMAN,ENG-tools-002,P3 手写面豁免: (^|/)fixtures(/|$)
eng/tools/quality/fixtures/warning_budget/dirty.log,11,log,ENG-tools,HUMAN,ENG-tools-003,P3 手写面豁免: (^|/)fixtures(/|$)
eng/tools/quality/fixtures/warning_budget/regressed.log,4,log,ENG-tools,HUMAN,ENG-tools-001,P3 手写面豁免: (^|/)fixtures(/|$)
eng/tools/quality/frame_qc_grid.py,1093,py,ENG-tools,HUMAN,ENG-tools-003,P3 手写面豁免: ^eng/tools/
eng/tools/quality/gen_block_flow_spec.py,113,py,ENG-tools,HUMAN,ENG-tools-001,P3 手写面豁免: ^eng/tools/
eng/tools/quality/gen_commits_csv.py,169,py,ENG-tools,HUMAN,ENG-tools-002,P3 手写面豁免: ^eng/tools/
eng/tools/quality/gen_module_readmes.py,483,py,ENG-tools,HUMAN,ENG-tools-003,P3 手写面豁免: ^eng/tools/
eng/tools/quality/gen_run_graphs.py,313,py,ENG-tools,HUMAN,ENG-tools-001,P3 手写面豁免: ^eng/tools/
eng/tools/quality/gen_source_index_v61.py,306,py,ENG-tools,HUMAN,ENG-tools-003,P3 手写面豁免: ^eng/tools/
eng/tools/quality/isa_sites.json,196,json,ENG-tools,HUMAN,ENG-tools-003,P3 手写面豁免: ^eng/tools/
eng/tools/quality/plane_chunks.py,114,py,ENG-tools,HUMAN,ENG-tools-002,P3 手写面豁免: ^eng/tools/
eng/tools/quality/plane_stretch.py,134,py,ENG-tools,HUMAN,ENG-tools-002,P3 手写面豁免: ^eng/tools/
eng/tools/quality/remote_pe_isa_manifest.json,199,json,ENG-tools,HUMAN,ENG-tools-003,P3 手写面豁免: ^eng/tools/
eng/tools/quality/remote_pe_isa_run.py,217,py,ENG-tools,HUMAN,ENG-tools-003,P3 手写面豁免: ^eng/tools/
eng/tools/quality/resource_monitor.py,974,py,ENG-tools,HUMAN,ENG-tools-002,P3 手写面豁免: ^eng/tools/
eng/tools/quality/sparse_punch_probe.cpp,245,cpp,ENG-tools,HUMAN,ENG-tools-002,P3 手写面豁免: ^eng/tools/
eng/tools/quality/strip_version_comments.py,170,py,ENG-tools,HUMAN,ENG-tools-003,P3 手写面豁免: ^eng/tools/
eng/tools/quality/sweep_test_tmp.py,144,py,ENG-tools,HUMAN,ENG-tools-003,P3 手写面豁免: ^eng/tools/
eng/tools/quality/tsan/cfitsio.supp,9,supp,ENG-tools,HUMAN,ENG-tools-001,P3 手写面豁免: ^eng/tools/
eng/tools/quality/update_audit_status.py,217,py,ENG-tools,HUMAN,ENG-tools-002,P3 手写面豁免: ^eng/tools/
eng/tools/quality/v19r3_audit.py,302,py,ENG-tools,HUMAN,ENG-tools-002,P3 手写面豁免: ^eng/tools/
eng/tools/quality/v19r3_sanitizer.sh,208,sh,ENG-tools,HUMAN,ENG-tools-001,P3 手写面豁免: ^eng/tools/
eng/tools/quality/v19r3_static.py,297,py,ENG-tools,HUMAN,ENG-tools-002,P3 手写面豁免: ^eng/tools/
eng/tools/quality/v19r3_strip_comments.py,173,py,ENG-tools,HUMAN,ENG-tools-002,P3 手写面豁免: ^eng/tools/
eng/tools/quality/v19r3_traceability.py,494,py,ENG-tools,HUMAN,ENG-tools-001,P3 手写面豁免: ^eng/tools/
eng/tools/quality/v19r4_strip_comments.py,144,py,ENG-tools,HUMAN,ENG-tools-001,P3 手写面豁免: ^eng/tools/
eng/tools/quality/validate_task_ledger.py,295,py,ENG-tools,HUMAN,ENG-tools-001,P3 手写面豁免: ^eng/tools/
eng/tools/realdata/README.md,52,md,ENG-tools,HUMAN,ENG-tools-001,P3 手写面豁免: ^eng/tools/
eng/tools/realdata/match_plan.py,806,py,ENG-tools,HUMAN,ENG-tools-003,P3 手写面豁免: ^eng/tools/
eng/tools/redteam_v19.py,268,py,ENG-tools,HUMAN,ENG-tools-001,P3 手写面豁免: ^eng/tools/
eng/tools/round_start.sh,85,sh,ENG-tools,HUMAN,ENG-tools-002,P3 手写面豁免: ^eng/tools/
eng/tools/run_forward_drizzle.py,62,py,ENG-tools,HUMAN,ENG-tools-001,P3 手写面豁免: ^eng/tools/
eng/tools/run_gc.py,370,py,ENG-tools,HUMAN,ENG-tools-002,P3 手写面豁免: ^eng/tools/
eng/tools/run_keep.txt,83,txt,ENG-tools,HUMAN,ENG-tools-003,P3 手写面豁免: ^eng/tools/
eng/tools/source_scan.py,43,py,ENG-tools,HUMAN,ENG-tools-002,P3 手写面豁免: ^eng/tools/
eng/tools/testkit/README.md,18,md,ENG-tools,HUMAN,ENG-tools-003,P3 手写面豁免: ^eng/tools/
eng/tools/validate_cpu_profile.py,130,py,ENG-tools,HUMAN,ENG-tools-001,P3 手写面豁免: ^eng/tools/
lib/README.md,25,md,LIB-OTH,HUMAN,LIB-OTH-001,默认保留（非产出面或非数据形态）
lib/algorithms/calibration/.gitignore,20,gitignore,ALG-calibration,HUMAN,ALG-calibration-001,默认保留（非产出面或非数据形态）
lib/algorithms/calibration/CALIBRATION_COVARIANCE.md,54,md,ALG-calibration,HUMAN,ALG-calibration-001,默认保留（非产出面或非数据形态）
lib/algorithms/calibration/CALIBRATION_PROCESS.md,128,md,ALG-calibration,HUMAN,ALG-calibration-001,默认保留（非产出面或非数据形态）
lib/algorithms/calibration/CMakeLists.txt,91,txt,ALG-calibration,HUMAN,ALG-calibration-001,默认保留（非产出面或非数据形态）
lib/algorithms/calibration/Makefile,18,,ALG-calibration,HUMAN,ALG-calibration-001,默认保留（非产出面或非数据形态）
lib/algorithms/calibration/README.md,172,md,ALG-calibration,HUMAN,ALG-calibration-001,默认保留（非产出面或非数据形态）
lib/algorithms/calibration/batch_config.json,28,json,ALG-calibration,HUMAN,ALG-calibration-001,默认保留（非产出面或非数据形态）
lib/algorithms/calibration/build.ps1,70,ps1,ALG-calibration,HUMAN,ALG-calibration-001,默认保留（非产出面或非数据形态）
lib/algorithms/calibration/cpp/cosmetic_corrector.cpp,338,cpp,ALG-calibration,HUMAN,ALG-calibration-001,默认保留（非产出面或非数据形态）
lib/algorithms/calibration/cpp/cosmetic_corrector.h,62,h,ALG-calibration,HUMAN,ALG-calibration-001,默认保留（非产出面或非数据形态）
lib/algorithms/calibration/include/acsd/calibration/calibration_covariance.h,304,h,ALG-calibration,HUMAN,ALG-calibration-001,默认保留（非产出面或非数据形态）
lib/algorithms/calibration/include/acsd/calibration/types.h,109,h,ALG-calibration,HUMAN,ALG-calibration-001,默认保留（非产出面或非数据形态）
lib/algorithms/calibration/include/astro_calibration.h,411,h,ALG-calibration,HUMAN,ALG-calibration-001,默认保留（非产出面或非数据形态）
lib/algorithms/calibration/integration/acsd_p1_calibration.integration.json,174,json,ALG-calibration,HUMAN,ALG-calibration-001,默认保留（非产出面或非数据形态）
lib/algorithms/calibration/memory.md,257,md,ALG-calibration,HUMAN,ALG-calibration-001,默认保留（非产出面或非数据形态）
lib/algorithms/calibration/module.yaml,80,yaml,ALG-calibration,HUMAN,ALG-calibration-001,默认保留（非产出面或非数据形态）
lib/algorithms/calibration/src/ac_api.cpp,437,cpp,ALG-calibration,HUMAN,ALG-calibration-001,默认保留（非产出面或非数据形态）
lib/algorithms/calibration/src/acsd_p1_calibration.def,3,def,ALG-calibration,HUMAN,ALG-calibration-001,默认保留（非产出面或非数据形态）
lib/algorithms/calibration/src/calibration_covariance.cpp,745,cpp,ALG-calibration,HUMAN,ALG-calibration-001,默认保留（非产出面或非数据形态）
lib/algorithms/calibration/src/calibrator.cpp,191,cpp,ALG-calibration,HUMAN,ALG-calibration-001,默认保留（非产出面或非数据形态）
lib/algorithms/calibration/src/cosmetic_corrector.cpp,788,cpp,ALG-calibration,HUMAN,ALG-calibration-001,默认保留（非产出面或非数据形态）
lib/algorithms/calibration/src/dark_optimizer.cpp,366,cpp,ALG-calibration,HUMAN,ALG-calibration-001,默认保留（非产出面或非数据形态）
lib/algorithms/calibration/src/master_generator.cpp,297,cpp,ALG-calibration,HUMAN,ALG-calibration-001,默认保留（非产出面或非数据形态）
lib/algorithms/calibration/src/module_entry.cpp,1503,cpp,ALG-calibration,HUMAN,ALG-calibration-001,默认保留（非产出面或非数据形态）
lib/algorithms/calibration/src/module_exports.map,6,map,ALG-calibration,HUMAN,ALG-calibration-001,默认保留（非产出面或非数据形态）
lib/algorithms/calibration/src/photometry_apply.cpp,147,cpp,ALG-calibration,HUMAN,ALG-calibration-001,默认保留（非产出面或非数据形态）
lib/algorithms/calibration/src/photometry_apply.h,115,h,ALG-calibration,HUMAN,ALG-calibration-001,默认保留（非产出面或非数据形态）
lib/algorithms/calibration/tests/p1cal/CMakeLists.txt,70,txt,ALG-calibration,HUMAN,ALG-calibration-001,默认保留（非产出面或非数据形态）
lib/algorithms/calibration/tests/p1cal/bias_influence_harness.cpp,147,cpp,ALG-calibration,HUMAN,ALG-calibration-001,默认保留（非产出面或非数据形态）
lib/algorithms/calibration/tests/p1cal/check_bias_influence.py,139,py,ALG-calibration,HUMAN,ALG-calibration-001,默认保留（非产出面或非数据形态）
lib/algorithms/calibration/tests/p1cal/p1cal_fixtures.hpp,198,hpp,ALG-calibration,HUMAN,ALG-calibration-001,默认保留（非产出面或非数据形态）
lib/algorithms/calibration/tests/p1cal/p1cal_oracle.hpp,295,hpp,ALG-calibration,HUMAN,ALG-calibration-001,默认保留（非产出面或非数据形态）
lib/algorithms/calibration/tests/p1cal/p1cal_test_main.hpp,143,hpp,ALG-calibration,HUMAN,ALG-calibration-001,默认保留（非产出面或非数据形态）
lib/algorithms/calibration/tests/p1cal/p1cal_tests_core.cpp,673,cpp,ALG-calibration,HUMAN,ALG-calibration-001,默认保留（非产出面或非数据形态）
lib/algorithms/calibration/tests/p1cal/p1cal_tests_main.cpp,9,cpp,ALG-calibration,HUMAN,ALG-calibration-001,默认保留（非产出面或非数据形态）
lib/algorithms/calibration/tests/p1cal/p1cal_tests_perf.cpp,118,cpp,ALG-calibration,HUMAN,ALG-calibration-001,默认保留（非产出面或非数据形态）
lib/algorithms/calibration/tests/p1cal/p1cal_tests_selfcheck.cpp,166,cpp,ALG-calibration,HUMAN,ALG-calibration-001,默认保留（非产出面或非数据形态）
lib/algorithms/calibration/tests/test_photometry_apply.cpp,404,cpp,ALG-calibration,HUMAN,ALG-calibration-001,默认保留（非产出面或非数据形态）
lib/algorithms/cosmetic/CMakeLists.txt,112,txt,ALG-cosmetic,HUMAN,ALG-cosmetic-001,默认保留（非产出面或非数据形态）
lib/algorithms/cosmetic/README.md,196,md,ALG-cosmetic,HUMAN,ALG-cosmetic-001,默认保留（非产出面或非数据形态）
lib/algorithms/cosmetic/include/acsd/cosmetic/types.h,74,h,ALG-cosmetic,HUMAN,ALG-cosmetic-001,默认保留（非产出面或非数据形态）
lib/algorithms/cosmetic/integration/acsd_p1_cosmetic.integration.json,152,json,ALG-cosmetic,HUMAN,ALG-cosmetic-001,默认保留（非产出面或非数据形态）
lib/algorithms/cosmetic/memory.md,71,md,ALG-cosmetic,HUMAN,ALG-cosmetic-001,默认保留（非产出面或非数据形态）
lib/algorithms/cosmetic/module.yaml,68,yaml,ALG-cosmetic,HUMAN,ALG-cosmetic-001,默认保留（非产出面或非数据形态）
lib/algorithms/cosmetic/src/acsd_p1_cosmetic.def,3,def,ALG-cosmetic,HUMAN,ALG-cosmetic-001,默认保留（非产出面或非数据形态）
lib/algorithms/cosmetic/src/module_entry.cpp,1266,cpp,ALG-cosmetic,HUMAN,ALG-cosmetic-001,默认保留（非产出面或非数据形态）
lib/algorithms/cosmetic/src/module_exports.map,6,map,ALG-cosmetic,HUMAN,ALG-cosmetic-001,默认保留（非产出面或非数据形态）
lib/algorithms/cosmetic/tests/p1cos/CMakeLists.txt,80,txt,ALG-cosmetic,HUMAN,ALG-cosmetic-001,默认保留（非产出面或非数据形态）
lib/algorithms/cosmetic/tests/p1cos/p1cos_fixtures.hpp,359,hpp,ALG-cosmetic,HUMAN,ALG-cosmetic-001,默认保留（非产出面或非数据形态）
lib/algorithms/cosmetic/tests/p1cos/p1cos_oracle.hpp,248,hpp,ALG-cosmetic,HUMAN,ALG-cosmetic-001,默认保留（非产出面或非数据形态）
lib/algorithms/cosmetic/tests/p1cos/p1cos_test_main.hpp,148,hpp,ALG-cosmetic,HUMAN,ALG-cosmetic-001,默认保留（非产出面或非数据形态）
lib/algorithms/cosmetic/tests/p1cos/p1cos_tests_badcol.cpp,694,cpp,ALG-cosmetic,HUMAN,ALG-cosmetic-001,默认保留（非产出面或非数据形态）
lib/algorithms/cosmetic/tests/p1cos/p1cos_tests_core.cpp,545,cpp,ALG-cosmetic,HUMAN,ALG-cosmetic-001,默认保留（非产出面或非数据形态）
lib/algorithms/cosmetic/tests/p1cos/p1cos_tests_main.cpp,12,cpp,ALG-cosmetic,HUMAN,ALG-cosmetic-001,默认保留（非产出面或非数据形态）
lib/algorithms/cosmetic/tests/p1cos/p1cos_tests_perf.cpp,117,cpp,ALG-cosmetic,HUMAN,ALG-cosmetic-001,默认保留（非产出面或非数据形态）
lib/algorithms/cosmetic/tests/p1cos/p1cos_tests_selfcheck.cpp,156,cpp,ALG-cosmetic,HUMAN,ALG-cosmetic-001,默认保留（非产出面或非数据形态）
lib/algorithms/coverage/CMakeLists.txt,252,txt,ALG-coverage,HUMAN,ALG-coverage-001,默认保留（非产出面或非数据形态）
lib/algorithms/coverage/README.md,236,md,ALG-coverage,HUMAN,ALG-coverage-001,默认保留（非产出面或非数据形态）
lib/algorithms/coverage/configs/stage2_full.example.json,41,json,ALG-coverage,HUMAN,ALG-coverage-003,默认保留（非产出面或非数据形态）
lib/algorithms/coverage/configs/stage2_gc_3panel_red.json,88,json,ALG-coverage,HUMAN,ALG-coverage-002,默认保留（非产出面或非数据形态）
lib/algorithms/coverage/configs/stage2_overlap.example.json,40,json,ALG-coverage,HUMAN,ALG-coverage-001,默认保留（非产出面或非数据形态）
lib/algorithms/coverage/configs/stage2_real_3frame.json,43,json,ALG-coverage,HUMAN,ALG-coverage-001,默认保留（非产出面或非数据形态）
lib/algorithms/coverage/configs/stage2_real_overlap.json,42,json,ALG-coverage,HUMAN,ALG-coverage-002,默认保留（非产出面或非数据形态）
lib/algorithms/coverage/configs/stage2_real_overlap_cpu.json,43,json,ALG-coverage,HUMAN,ALG-coverage-003,默认保留（非产出面或非数据形态）
lib/algorithms/coverage/configs/stage2_t4_true_overlap.json,43,json,ALG-coverage,HUMAN,ALG-coverage-001,默认保留（非产出面或非数据形态）
lib/algorithms/coverage/configs/stage2_tiny_memory.example.json,40,json,ALG-coverage,HUMAN,ALG-coverage-002,默认保留（非产出面或非数据形态）
lib/algorithms/coverage/hips_p2/README.md,185,md,ALG-coverage,HUMAN,ALG-coverage-001,默认保留（非产出面或非数据形态）
lib/algorithms/coverage/hips_p2/memory.md,96,md,ALG-coverage,HUMAN,ALG-coverage-001,默认保留（非产出面或非数据形态）
lib/algorithms/coverage/hips_p2/module.yaml,115,yaml,ALG-coverage,HUMAN,ALG-coverage-002,默认保留（非产出面或非数据形态）
lib/algorithms/coverage/hips_properties.cpp,177,cpp,ALG-coverage,HUMAN,ALG-coverage-003,默认保留（非产出面或非数据形态）
lib/algorithms/coverage/hips_properties.h,47,h,ALG-coverage,HUMAN,ALG-coverage-002,默认保留（非产出面或非数据形态）
lib/algorithms/coverage/include/astro/phase2/acr_kernels.h,12,h,ALG-coverage,HUMAN,ALG-coverage-003,默认保留（非产出面或非数据形态）
lib/algorithms/coverage/include/astro/phase2/async_io.h,116,h,ALG-coverage,HUMAN,ALG-coverage-001,默认保留（非产出面或非数据形态）
lib/algorithms/coverage/include/astro/phase2/block.h,48,h,ALG-coverage,HUMAN,ALG-coverage-001,默认保留（非产出面或非数据形态）
lib/algorithms/coverage/include/astro/phase2/coverage.h,172,h,ALG-coverage,HUMAN,ALG-coverage-001,默认保留（非产出面或非数据形态）
lib/algorithms/coverage/include/astro/phase2/execution_options.h,49,h,ALG-coverage,HUMAN,ALG-coverage-002,默认保留（非产出面或非数据形态）
lib/algorithms/coverage/include/astro/phase2/identifiability.h,165,h,ALG-coverage,HUMAN,ALG-coverage-002,默认保留（非产出面或非数据形态）
lib/algorithms/coverage/include/astro/phase2/integrate.h,83,h,ALG-coverage,HUMAN,ALG-coverage-003,默认保留（非产出面或非数据形态）
lib/algorithms/coverage/include/astro/phase2/rejection.h,603,h,ALG-coverage,HUMAN,ALG-coverage-002,默认保留（非产出面或非数据形态）
lib/algorithms/coverage/include/astro/phase2/sampler.h,275,h,ALG-coverage,HUMAN,ALG-coverage-003,默认保留（非产出面或非数据形态）
lib/algorithms/coverage/include/astro/phase2/sky_plane.h,520,h,ALG-coverage,HUMAN,ALG-coverage-002,默认保留（非产出面或非数据形态）
lib/algorithms/coverage/include/astro/phase2/stage2_common.h,581,h,ALG-coverage,HUMAN,ALG-coverage-002,默认保留（非产出面或非数据形态）
lib/algorithms/coverage/include/astro/phase2/upm.h,460,h,ALG-coverage,HUMAN,ALG-coverage-002,默认保留（非产出面或非数据形态）
lib/algorithms/coverage/memory.md,302,md,ALG-coverage,HUMAN,ALG-coverage-001,默认保留（非产出面或非数据形态）
lib/algorithms/coverage/module.yaml,93,yaml,ALG-coverage,HUMAN,ALG-coverage-001,默认保留（非产出面或非数据形态）
lib/algorithms/coverage/src/acr_kernels.cpp,368,cpp,ALG-coverage,HUMAN,ALG-coverage-001,默认保留（非产出面或非数据形态）
lib/algorithms/coverage/src/async_io.cpp,3,cpp,ALG-coverage,HUMAN,ALG-coverage-001,默认保留（非产出面或非数据形态）
lib/algorithms/coverage/src/block.cpp,78,cpp,ALG-coverage,HUMAN,ALG-coverage-002,默认保留（非产出面或非数据形态）
lib/algorithms/coverage/src/coverage.cpp,455,cpp,ALG-coverage,HUMAN,ALG-coverage-003,默认保留（非产出面或非数据形态）
lib/algorithms/coverage/src/cuda_bridge_stub.cpp,14,cpp,ALG-coverage,HUMAN,ALG-coverage-003,默认保留（非产出面或非数据形态）
lib/algorithms/coverage/src/identifiability.cpp,288,cpp,ALG-coverage,HUMAN,ALG-coverage-002,默认保留（非产出面或非数据形态）
lib/algorithms/coverage/src/integrate.cpp,89,cpp,ALG-coverage,HUMAN,ALG-coverage-003,默认保留（非产出面或非数据形态）
lib/algorithms/coverage/src/rejection.cpp,2959,cpp,ALG-coverage,HUMAN,ALG-coverage-003,默认保留（非产出面或非数据形态）
lib/algorithms/coverage/src/sampler.cpp,1503,cpp,ALG-coverage,HUMAN,ALG-coverage-003,默认保留（非产出面或非数据形态）
lib/algorithms/coverage/src/sky_plane.cpp,2030,cpp,ALG-coverage,HUMAN,ALG-coverage-003,默认保留（非产出面或非数据形态）
lib/algorithms/coverage/src/stage2_common.cpp,554,cpp,ALG-coverage,HUMAN,ALG-coverage-001,默认保留（非产出面或非数据形态）
lib/algorithms/coverage/src/upm.cpp,2981,cpp,ALG-coverage,HUMAN,ALG-coverage-002,默认保留（非产出面或非数据形态）
lib/algorithms/coverage/tests/async_io_test.cpp,232,cpp,ALG-coverage,HUMAN,ALG-coverage-002,默认保留（非产出面或非数据形态）
lib/algorithms/coverage/tests/execution_options_test.cpp,87,cpp,ALG-coverage,HUMAN,ALG-coverage-001,默认保留（非产出面或非数据形态）
lib/algorithms/coverage/tests/ivar_wiring_test.cpp,493,cpp,ALG-coverage,HUMAN,ALG-coverage-003,默认保留（非产出面或非数据形态）
lib/algorithms/coverage/tests/kcorr_lookup_test.cpp,77,cpp,ALG-coverage,HUMAN,ALG-coverage-003,默认保留（非产出面或非数据形态）
lib/algorithms/coverage/tests/rejection_nonfinite_weights_test.cpp,189,cpp,ALG-coverage,HUMAN,ALG-coverage-003,默认保留（非产出面或非数据形态）
lib/algorithms/coverage/tests/retired_object_reject_negative_test.cpp,151,cpp,ALG-coverage,HUMAN,ALG-coverage-002,默认保留（非产出面或非数据形态）
lib/algorithms/coverage/tests/routing_test.cpp,108,cpp,ALG-coverage,HUMAN,ALG-coverage-002,默认保留（非产出面或非数据形态）
lib/algorithms/coverage/tests/sampler_parallel_consistency_test.cpp,462,cpp,ALG-coverage,HUMAN,ALG-coverage-001,默认保留（非产出面或非数据形态）
lib/algorithms/coverage/tests/sanitize_driver.cpp,245,cpp,ALG-coverage,HUMAN,ALG-coverage-002,默认保留（非产出面或非数据形态）
lib/algorithms/coverage/tests/synthetic_gate.cpp,6078,cpp,ALG-coverage,HUMAN,ALG-coverage-001,默认保留（非产出面或非数据形态）
lib/algorithms/coverage/tests/weight_mode_retire_negative_test.cpp,144,cpp,ALG-coverage,HUMAN,ALG-coverage-001,默认保留（非产出面或非数据形态）
lib/algorithms/coverage/tools/calibrated_pair_diag.cpp,377,cpp,ALG-coverage,HUMAN,ALG-coverage-003,默认保留（非产出面或非数据形态）
lib/algorithms/coverage/tools/config_smoke.py,96,py,ALG-coverage,HUMAN,ALG-coverage-003,默认保留（非产出面或非数据形态）
lib/algorithms/coverage/tools/controlled_rejection_metrics.py,421,py,ALG-coverage,HUMAN,ALG-coverage-002,默认保留（非产出面或非数据形态）
lib/algorithms/coverage/tools/controlled_rejection_truth.py,183,py,ALG-coverage,HUMAN,ALG-coverage-002,默认保留（非产出面或非数据形态）
lib/algorithms/coverage/tools/hips_compare.py,452,py,ALG-coverage,HUMAN,ALG-coverage-001,默认保留（非产出面或非数据形态）
lib/algorithms/coverage/tools/linear_fit_oracle.py,194,py,ALG-coverage,HUMAN,ALG-coverage-001,默认保留（非产出面或非数据形态）
lib/algorithms/coverage/tools/memory_acr_compare.py,124,py,ALG-coverage,HUMAN,ALG-coverage-003,默认保留（非产出面或非数据形态）
lib/algorithms/coverage/tools/overlap_photometry.py,367,py,ALG-coverage,HUMAN,ALG-coverage-002,默认保留（非产出面或非数据形态）
lib/algorithms/coverage/tools/rcr_oracle_compare.py,221,py,ALG-coverage,HUMAN,ALG-coverage-003,默认保留（非产出面或非数据形态）
lib/algorithms/coverage/tools/rejection_cli.cpp,244,cpp,ALG-coverage,HUMAN,ALG-coverage-003,默认保留（非产出面或非数据形态）
lib/algorithms/coverage/tools/rejection_matrix.py,162,py,ALG-coverage,HUMAN,ALG-coverage-003,默认保留（非产出面或非数据形态）
lib/algorithms/coverage/tools/rejection_oracle_compare.py,319,py,ALG-coverage,HUMAN,ALG-coverage-003,默认保留（非产出面或非数据形态）
lib/algorithms/coverage/tools/satellite_gate_build.py,216,py,ALG-coverage,HUMAN,ALG-coverage-001,默认保留（非产出面或非数据形态）
lib/algorithms/coverage/tools/satellite_gate_metrics.py,191,py,ALG-coverage,HUMAN,ALG-coverage-002,默认保留（非产出面或非数据形态）
lib/algorithms/coverage/tools/satellite_gate_real_metrics.py,207,py,ALG-coverage,HUMAN,ALG-coverage-003,默认保留（非产出面或非数据形态）
lib/algorithms/coverage/tools/stage2.cpp,2019,cpp,ALG-coverage,HUMAN,ALG-coverage-002,默认保留（非产出面或非数据形态）
lib/algorithms/coverage/tools/weight_runtime_gate.py,208,py,ALG-coverage,HUMAN,ALG-coverage-002,默认保留（非产出面或非数据形态）
lib/algorithms/drizzle/CMakeLists.txt,163,txt,ALG-drizzle,HUMAN,ALG-drizzle-004,默认保留（非产出面或非数据形态）
lib/algorithms/drizzle/README.md,188,md,ALG-drizzle,HUMAN,ALG-drizzle-004,默认保留（非产出面或非数据形态）
lib/algorithms/drizzle/healpix_drizzle/.gitignore,18,gitignore,ALG-drizzle,HUMAN,ALG-drizzle-001,默认保留（非产出面或非数据形态）
lib/algorithms/drizzle/healpix_drizzle/Makefile,78,,ALG-drizzle,HUMAN,ALG-drizzle-001,默认保留（非产出面或非数据形态）
lib/algorithms/drizzle/healpix_drizzle/README.md,60,md,ALG-drizzle,HUMAN,ALG-drizzle-003,默认保留（非产出面或非数据形态）
lib/algorithms/drizzle/healpix_drizzle/astro_sphere_sink.cpp,634,cpp,ALG-drizzle,HUMAN,ALG-drizzle-004,默认保留（非产出面或非数据形态）
lib/algorithms/drizzle/healpix_drizzle/astro_sphere_sink.h,116,h,ALG-drizzle,HUMAN,ALG-drizzle-004,默认保留（非产出面或非数据形态）
lib/algorithms/drizzle/healpix_drizzle/drizzle_engine.cpp,2699,cpp,ALG-drizzle,HUMAN,ALG-drizzle-002,默认保留（非产出面或非数据形态）
lib/algorithms/drizzle/healpix_drizzle/drizzle_engine.h,361,h,ALG-drizzle,HUMAN,ALG-drizzle-001,默认保留（非产出面或非数据形态）
lib/algorithms/drizzle/healpix_drizzle/drizzle_science.cpp,657,cpp,ALG-drizzle,HUMAN,ALG-drizzle-002,默认保留（非产出面或非数据形态）
lib/algorithms/drizzle/healpix_drizzle/drizzle_science.h,394,h,ALG-drizzle,HUMAN,ALG-drizzle-003,默认保留（非产出面或非数据形态）
lib/algorithms/drizzle/healpix_drizzle/fits_reader.cpp,532,cpp,ALG-drizzle,HUMAN,ALG-drizzle-001,默认保留（非产出面或非数据形态）
lib/algorithms/drizzle/healpix_drizzle/fits_reader.h,55,h,ALG-drizzle,HUMAN,ALG-drizzle-002,默认保留（非产出面或非数据形态）
lib/algorithms/drizzle/healpix_drizzle/healpix_core.cpp,16,cpp,ALG-drizzle,HUMAN,ALG-drizzle-001,默认保留（非产出面或非数据形态）
lib/algorithms/drizzle/healpix_drizzle/healpix_core.h,120,h,ALG-drizzle,HUMAN,ALG-drizzle-003,默认保留（非产出面或非数据形态）
lib/algorithms/drizzle/healpix_drizzle/hp_drizzle_api.cpp,1431,cpp,ALG-drizzle,HUMAN,ALG-drizzle-004,默认保留（非产出面或非数据形态）
lib/algorithms/drizzle/healpix_drizzle/hp_drizzle_api.h,227,h,ALG-drizzle,HUMAN,ALG-drizzle-002,默认保留（非产出面或非数据形态）
lib/algorithms/drizzle/healpix_drizzle/hp_drizzle_hips_api.cpp,97,cpp,ALG-drizzle,HUMAN,ALG-drizzle-003,默认保留（非产出面或非数据形态）
lib/algorithms/drizzle/healpix_drizzle/hp_drizzle_internal.h,46,h,ALG-drizzle,HUMAN,ALG-drizzle-004,默认保留（非产出面或非数据形态）
lib/algorithms/drizzle/healpix_drizzle/memory.md,220,md,ALG-drizzle,HUMAN,ALG-drizzle-003,默认保留（非产出面或非数据形态）
lib/algorithms/drizzle/healpix_drizzle/nanoflann.hpp,4091,hpp,ALG-drizzle,HUMAN,ALG-drizzle-001,默认保留（非产出面或非数据形态）
lib/algorithms/drizzle/healpix_drizzle/poly_clip.cpp,287,cpp,ALG-drizzle,HUMAN,ALG-drizzle-004,默认保留（非产出面或非数据形态）
lib/algorithms/drizzle/healpix_drizzle/poly_clip.h,67,h,ALG-drizzle,HUMAN,ALG-drizzle-001,默认保留（非产出面或非数据形态）
lib/algorithms/drizzle/healpix_drizzle/reverse_drizzle.cpp,379,cpp,ALG-drizzle,HUMAN,ALG-drizzle-002,默认保留（非产出面或非数据形态）
lib/algorithms/drizzle/healpix_drizzle/reverse_drizzle.h,74,h,ALG-drizzle,HUMAN,ALG-drizzle-003,默认保留（非产出面或非数据形态）
lib/algorithms/drizzle/healpix_drizzle/snr_evaluator.cpp,384,cpp,ALG-drizzle,HUMAN,ALG-drizzle-004,默认保留（非产出面或非数据形态）
lib/algorithms/drizzle/healpix_drizzle/snr_evaluator.h,119,h,ALG-drizzle,HUMAN,ALG-drizzle-001,默认保留（非产出面或非数据形态）
lib/algorithms/drizzle/healpix_drizzle/spherical_overlap.cpp,1940,cpp,ALG-drizzle,HUMAN,ALG-drizzle-003,默认保留（非产出面或非数据形态）
lib/algorithms/drizzle/healpix_drizzle/spherical_overlap.h,427,h,ALG-drizzle,HUMAN,ALG-drizzle-004,默认保留（非产出面或非数据形态）
lib/algorithms/drizzle/healpix_drizzle/spherical_overlap_science.cpp,207,cpp,ALG-drizzle,HUMAN,ALG-drizzle-001,默认保留（非产出面或非数据形态）
lib/algorithms/drizzle/healpix_drizzle/spherical_overlap_science.h,99,h,ALG-drizzle,HUMAN,ALG-drizzle-002,默认保留（非产出面或非数据形态）
lib/algorithms/drizzle/healpix_drizzle/tests/CMakeLists.txt,395,txt,ALG-drizzle,HUMAN,ALG-drizzle-002,默认保留（非产出面或非数据形态）
lib/algorithms/drizzle/healpix_drizzle/tests/acceptance_drizzle.py,362,py,ALG-drizzle,HUMAN,ALG-drizzle-003,默认保留（非产出面或非数据形态）
lib/algorithms/drizzle/healpix_drizzle/tests/bench_drizzle.cpp,127,cpp,ALG-drizzle,HUMAN,ALG-drizzle-002,默认保留（非产出面或非数据形态）
lib/algorithms/drizzle/healpix_drizzle/tests/bench_write.cpp,104,cpp,ALG-drizzle,HUMAN,ALG-drizzle-004,默认保留（非产出面或非数据形态）
lib/algorithms/drizzle/healpix_drizzle/tests/candidate_oracle_test.cpp,263,cpp,ALG-drizzle,HUMAN,ALG-drizzle-002,默认保留（非产出面或非数据形态）
lib/algorithms/drizzle/healpix_drizzle/tests/concurrency_cache_test.cpp,146,cpp,ALG-drizzle,HUMAN,ALG-drizzle-002,默认保留（非产出面或非数据形态）
lib/algorithms/drizzle/healpix_drizzle/tests/control_median_mc_test.cpp,284,cpp,ALG-drizzle,HUMAN,ALG-drizzle-002,默认保留（非产出面或非数据形态）
lib/algorithms/drizzle/healpix_drizzle/tests/drizzle_acceptance_test.cpp,494,cpp,ALG-drizzle,HUMAN,ALG-drizzle-004,默认保留（非产出面或非数据形态）
lib/algorithms/drizzle/healpix_drizzle/tests/drizzle_freeze_test.cpp,638,cpp,ALG-drizzle,HUMAN,ALG-drizzle-001,默认保留（非产出面或非数据形态）
lib/algorithms/drizzle/healpix_drizzle/tests/drizzle_l0_test.cpp,160,cpp,ALG-drizzle,HUMAN,ALG-drizzle-002,默认保留（非产出面或非数据形态）
lib/algorithms/drizzle/healpix_drizzle/tests/drizzle_l2_test.cpp,146,cpp,ALG-drizzle,HUMAN,ALG-drizzle-003,默认保留（非产出面或非数据形态）
lib/algorithms/drizzle/healpix_drizzle/tests/drizzle_l3_full_fp32.cpp,110,cpp,ALG-drizzle,HUMAN,ALG-drizzle-003,默认保留（非产出面或非数据形态）
lib/algorithms/drizzle/healpix_drizzle/tests/drizzle_nonfinite_test.cpp,301,cpp,ALG-drizzle,HUMAN,ALG-drizzle-003,默认保留（非产出面或非数据形态）
lib/algorithms/drizzle/healpix_drizzle/tests/drizzle_pf_sb_gate.cpp,275,cpp,ALG-drizzle,HUMAN,ALG-drizzle-001,默认保留（非产出面或非数据形态）
lib/algorithms/drizzle/healpix_drizzle/tests/drizzle_science_completion_test.cpp,490,cpp,ALG-drizzle,HUMAN,ALG-drizzle-002,默认保留（非产出面或非数据形态）
lib/algorithms/drizzle/healpix_drizzle/tests/drizzle_science_matrix_test.cpp,481,cpp,ALG-drizzle,HUMAN,ALG-drizzle-001,默认保留（非产出面或非数据形态）
lib/algorithms/drizzle/healpix_drizzle/tests/drizzle_trace_concurrency_test.cpp,191,cpp,ALG-drizzle,HUMAN,ALG-drizzle-001,默认保留（非产出面或非数据形态）
lib/algorithms/drizzle/healpix_drizzle/tests/hiss_write_probe.cpp,82,cpp,ALG-drizzle,HUMAN,ALG-drizzle-004,默认保留（非产出面或非数据形态）
lib/algorithms/drizzle/healpix_drizzle/tests/kcorr_matrix_test.cpp,296,cpp,ALG-drizzle,HUMAN,ALG-drizzle-001,默认保留（非产出面或非数据形态）
lib/algorithms/drizzle/healpix_drizzle/tests/mini_sip1000.cpp,33,cpp,ALG-drizzle,HUMAN,ALG-drizzle-003,默认保留（非产出面或非数据形态）
lib/algorithms/drizzle/healpix_drizzle/tests/oracle_edge_crossing_test.cpp,276,cpp,ALG-drizzle,HUMAN,ALG-drizzle-003,默认保留（非产出面或非数据形态）
lib/algorithms/drizzle/healpix_drizzle/tests/oracle_independent_test.cpp,272,cpp,ALG-drizzle,HUMAN,ALG-drizzle-004,默认保留（非产出面或非数据形态）
lib/algorithms/drizzle/healpix_drizzle/tests/p0_sip_order_guard_test.cpp,166,cpp,ALG-drizzle,HUMAN,ALG-drizzle-003,默认保留（非产出面或非数据形态）
lib/algorithms/drizzle/healpix_drizzle/tests/p1drz/CMakeLists.txt,141,txt,ALG-drizzle,HUMAN,ALG-drizzle-001,默认保留（非产出面或非数据形态）
lib/algorithms/drizzle/healpix_drizzle/tests/p1drz/p1drz_disp009_gate.cpp,266,cpp,ALG-drizzle,HUMAN,ALG-drizzle-003,默认保留（非产出面或非数据形态）
lib/algorithms/drizzle/healpix_drizzle/tests/p1drz/p1drz_fixtures.hpp,264,hpp,ALG-drizzle,HUMAN,ALG-drizzle-004,默认保留（非产出面或非数据形态）
lib/algorithms/drizzle/healpix_drizzle/tests/p1drz/p1drz_geom.hpp,266,hpp,ALG-drizzle,HUMAN,ALG-drizzle-001,默认保留（非产出面或非数据形态）
lib/algorithms/drizzle/healpix_drizzle/tests/p1drz/p1drz_merge_pipeline_lock.sh,69,sh,ALG-drizzle,HUMAN,ALG-drizzle-003,默认保留（非产出面或非数据形态）
lib/algorithms/drizzle/healpix_drizzle/tests/p1drz/p1drz_oracle.hpp,394,hpp,ALG-drizzle,HUMAN,ALG-drizzle-001,默认保留（非产出面或非数据形态）
lib/algorithms/drizzle/healpix_drizzle/tests/p1drz/p1drz_taskset_invariance.sh,61,sh,ALG-drizzle,HUMAN,ALG-drizzle-001,默认保留（非产出面或非数据形态）
lib/algorithms/drizzle/healpix_drizzle/tests/p1drz/p1drz_test_main.hpp,164,hpp,ALG-drizzle,HUMAN,ALG-drizzle-001,默认保留（非产出面或非数据形态）
lib/algorithms/drizzle/healpix_drizzle/tests/p1drz/p1drz_tests_core.cpp,641,cpp,ALG-drizzle,HUMAN,ALG-drizzle-003,默认保留（非产出面或非数据形态）
lib/algorithms/drizzle/healpix_drizzle/tests/p1drz/p1drz_tests_main.cpp,8,cpp,ALG-drizzle,HUMAN,ALG-drizzle-001,默认保留（非产出面或非数据形态）
lib/algorithms/drizzle/healpix_drizzle/tests/p1drz/p1drz_tests_perf.cpp,80,cpp,ALG-drizzle,HUMAN,ALG-drizzle-002,默认保留（非产出面或非数据形态）
lib/algorithms/drizzle/healpix_drizzle/tests/p1drz/p1drz_tests_selfcheck.cpp,198,cpp,ALG-drizzle,HUMAN,ALG-drizzle-002,默认保留（非产出面或非数据形态）
lib/algorithms/drizzle/healpix_drizzle/tests/p1drz/p1drz_thread_probe.cpp,150,cpp,ALG-drizzle,HUMAN,ALG-drizzle-001,默认保留（非产出面或非数据形态）
lib/algorithms/drizzle/healpix_drizzle/tests/p3_conservation_gate.cpp,436,cpp,ALG-drizzle,HUMAN,ALG-drizzle-003,默认保留（非产出面或非数据形态）
lib/algorithms/drizzle/healpix_drizzle/tests/probe_reverse_steps.cpp,192,cpp,ALG-drizzle,HUMAN,ALG-drizzle-003,默认保留（非产出面或非数据形态）
lib/algorithms/drizzle/healpix_drizzle/tests/reference_overlap.cpp,838,cpp,ALG-drizzle,HUMAN,ALG-drizzle-004,默认保留（非产出面或非数据形态）
lib/algorithms/drizzle/healpix_drizzle/tests/representative_probe.cpp,110,cpp,ALG-drizzle,HUMAN,ALG-drizzle-001,默认保留（非产出面或非数据形态）
lib/algorithms/drizzle/healpix_drizzle/tests/reverse_api_test.cpp,204,cpp,ALG-drizzle,HUMAN,ALG-drizzle-004,默认保留（非产出面或非数据形态）
lib/algorithms/drizzle/healpix_drizzle/tests/reverse_drizzle_science_test.cpp,667,cpp,ALG-drizzle,HUMAN,ALG-drizzle-004,默认保留（非产出面或非数据形态）
lib/algorithms/drizzle/healpix_drizzle/tests/reverse_drizzle_test.cpp,170,cpp,ALG-drizzle,HUMAN,ALG-drizzle-002,默认保留（非产出面或非数据形态）
lib/algorithms/drizzle/healpix_drizzle/tests/test_drizzle.py,774,py,ALG-drizzle,HUMAN,ALG-drizzle-003,默认保留（非产出面或非数据形态）
lib/algorithms/drizzle/healpix_drizzle/tests/test_nside_pixfrac.cpp,565,cpp,ALG-drizzle,HUMAN,ALG-drizzle-003,默认保留（非产出面或非数据形态）
lib/algorithms/drizzle/healpix_drizzle/tests/test_pipeline_adapter.py,247,py,ALG-drizzle,HUMAN,ALG-drizzle-003,默认保留（非产出面或非数据形态）
lib/algorithms/drizzle/healpix_drizzle/tests/test_spherical_overlap.cpp,1388,cpp,ALG-drizzle,HUMAN,ALG-drizzle-004,默认保留（非产出面或非数据形态）
lib/algorithms/drizzle/healpix_drizzle/tests/trace_g4_validate.py,272,py,ALG-drizzle,HUMAN,ALG-drizzle-002,默认保留（非产出面或非数据形态）
lib/algorithms/drizzle/healpix_drizzle/tests/variance_propagation_test.cpp,570,cpp,ALG-drizzle,HUMAN,ALG-drizzle-002,默认保留（非产出面或非数据形态）
lib/algorithms/drizzle/healpix_drizzle/tests/verify_bench.cpp,63,cpp,ALG-drizzle,HUMAN,ALG-drizzle-002,默认保留（非产出面或非数据形态）
lib/algorithms/drizzle/healpix_drizzle/wcs_sip.cpp,348,cpp,ALG-drizzle,HUMAN,ALG-drizzle-004,默认保留（非产出面或非数据形态）
lib/algorithms/drizzle/healpix_drizzle/wcs_sip.h,73,h,ALG-drizzle,HUMAN,ALG-drizzle-004,默认保留（非产出面或非数据形态）
lib/algorithms/drizzle/hips/CMakeLists.txt,132,txt,ALG-drizzle,HUMAN,ALG-drizzle-004,默认保留（非产出面或非数据形态）
lib/algorithms/drizzle/hips/README.md,231,md,ALG-drizzle,HUMAN,ALG-drizzle-004,默认保留（非产出面或非数据形态）
lib/algorithms/drizzle/hips/include/acsd/hips/publish.h,149,h,ALG-drizzle,HUMAN,ALG-drizzle-004,默认保留（非产出面或非数据形态）
lib/algorithms/drizzle/hips/include/acsd/hips/types.h,156,h,ALG-drizzle,HUMAN,ALG-drizzle-003,默认保留（非产出面或非数据形态）
lib/algorithms/drizzle/hips/memory.md,305,md,ALG-drizzle,HUMAN,ALG-drizzle-002,默认保留（非产出面或非数据形态）
lib/algorithms/drizzle/hips/module.yaml,88,yaml,ALG-drizzle,HUMAN,ALG-drizzle-001,默认保留（非产出面或非数据形态）
lib/algorithms/drizzle/hips/src/acsd_p1_hips_writer.def,3,def,ALG-drizzle,HUMAN,ALG-drizzle-004,默认保留（非产出面或非数据形态）
lib/algorithms/drizzle/hips/src/aio_publish.cpp,245,cpp,ALG-drizzle,HUMAN,ALG-drizzle-001,默认保留（非产出面或非数据形态）
lib/algorithms/drizzle/hips/src/module_entry.cpp,1173,cpp,ALG-drizzle,HUMAN,ALG-drizzle-002,默认保留（非产出面或非数据形态）
lib/algorithms/drizzle/hips/src/module_exports.map,12,map,ALG-drizzle,HUMAN,ALG-drizzle-003,默认保留（非产出面或非数据形态）
lib/algorithms/drizzle/include/acsd/drizzle/types.h,114,h,ALG-drizzle,HUMAN,ALG-drizzle-002,默认保留（非产出面或非数据形态）
lib/algorithms/drizzle/memory.md,71,md,ALG-drizzle,HUMAN,ALG-drizzle-002,默认保留（非产出面或非数据形态）
lib/algorithms/drizzle/module.yaml,67,yaml,ALG-drizzle,HUMAN,ALG-drizzle-004,默认保留（非产出面或非数据形态）
lib/algorithms/drizzle/src/acsd_p1_drizzle.def,3,def,ALG-drizzle,HUMAN,ALG-drizzle-001,默认保留（非产出面或非数据形态）
lib/algorithms/drizzle/src/module_entry.cpp,1342,cpp,ALG-drizzle,HUMAN,ALG-drizzle-003,默认保留（非产出面或非数据形态）
lib/algorithms/drizzle/src/module_exports.map,6,map,ALG-drizzle,HUMAN,ALG-drizzle-004,默认保留（非产出面或非数据形态）
lib/algorithms/fits_output/CMakeLists.txt,27,txt,ALG-fits_output,HUMAN,TAIL-LIB-001,默认保留（非产出面或非数据形态）
lib/algorithms/fits_output/README.md,126,md,ALG-fits_output,HUMAN,TAIL-LIB-001,默认保留（非产出面或非数据形态）
lib/algorithms/fits_output/memory.md,157,md,ALG-fits_output,HUMAN,TAIL-LIB-001,默认保留（非产出面或非数据形态）
lib/algorithms/fits_output/module.yaml,134,yaml,ALG-fits_output,HUMAN,TAIL-LIB-001,默认保留（非产出面或非数据形态）
lib/algorithms/fits_output/p3_output.cpp,1270,cpp,ALG-fits_output,HUMAN,TAIL-LIB-001,默认保留（非产出面或非数据形态）
lib/algorithms/fits_output/p3_output.h,178,h,ALG-fits_output,HUMAN,TAIL-LIB-001,默认保留（非产出面或非数据形态）
lib/algorithms/integration/README.md,84,md,ALG-integration,HUMAN,ALG-integration-001,默认保留（非产出面或非数据形态）
lib/algorithms/integration/memory.md,81,md,ALG-integration,HUMAN,ALG-integration-001,默认保留（非产出面或非数据形态）
lib/algorithms/integration/module.yaml,91,yaml,ALG-integration,HUMAN,ALG-integration-001,默认保留（非产出面或非数据形态）
lib/algorithms/integration/phase1_product/CMakeLists.txt,58,txt,ALG-integration,HUMAN,ALG-integration-001,默认保留（非产出面或非数据形态）
lib/algorithms/integration/phase1_product/README.md,73,md,ALG-integration,HUMAN,ALG-integration-001,默认保留（非产出面或非数据形态）
lib/algorithms/integration/phase1_product/include/acsd/phase1_product.h,244,h,ALG-integration,HUMAN,ALG-integration-001,默认保留（非产出面或非数据形态）
lib/algorithms/integration/phase1_product/src/phase1_product.cpp,1327,cpp,ALG-integration,HUMAN,ALG-integration-001,默认保留（非产出面或非数据形态）
lib/algorithms/integration/phase2_integrate/CMakeLists.txt,125,txt,ALG-integration,HUMAN,ALG-integration-001,默认保留（非产出面或非数据形态）
lib/algorithms/integration/phase2_integrate/README.md,63,md,ALG-integration,HUMAN,ALG-integration-001,默认保留（非产出面或非数据形态）
lib/algorithms/integration/phase2_integrate/include/acsd/phase2_integrate.h,247,h,ALG-integration,HUMAN,ALG-integration-001,默认保留（非产出面或非数据形态）
lib/algorithms/integration/phase2_integrate/include/acsd/variance_propagation.h,86,h,ALG-integration,HUMAN,ALG-integration-001,默认保留（非产出面或非数据形态）
lib/algorithms/integration/phase2_integrate/include/acsd/weight_chain.h,466,h,ALG-integration,HUMAN,ALG-integration-001,默认保留（非产出面或非数据形态）
lib/algorithms/integration/phase2_integrate/oracle/CMakeLists.txt,41,txt,ALG-integration,HUMAN,ALG-integration-001,默认保留（非产出面或非数据形态）
lib/algorithms/integration/phase2_integrate/oracle/recon_contract_gate.py,106,py,ALG-integration,HUMAN,ALG-integration-001,默认保留（非产出面或非数据形态）
lib/algorithms/integration/phase2_integrate/oracle/recon_dump.cpp,134,cpp,ALG-integration,HUMAN,ALG-integration-001,默认保留（非产出面或非数据形态）
lib/algorithms/integration/phase2_integrate/oracle/recon_exp04_parity.py,398,py,ALG-integration,HUMAN,ALG-integration-001,默认保留（非产出面或非数据形态）
lib/algorithms/integration/phase2_integrate/oracle/recon_negative_injections.py,183,py,ALG-integration,HUMAN,ALG-integration-001,默认保留（非产出面或非数据形态）
lib/algorithms/integration/phase2_integrate/oracle/weight_chain_oracle.py,569,py,ALG-integration,HUMAN,ALG-integration-001,默认保留（非产出面或非数据形态）
lib/algorithms/integration/phase2_integrate/oracle/weight_chain_selfcheck.cpp,1000,cpp,ALG-integration,HUMAN,ALG-integration-001,默认保留（非产出面或非数据形态）
lib/algorithms/integration/phase2_integrate/src/phase2_integrate.cpp,1576,cpp,ALG-integration,HUMAN,ALG-integration-001,默认保留（非产出面或非数据形态）
lib/algorithms/integration/phase2_integrate/src/variance_propagation.cpp,222,cpp,ALG-integration,HUMAN,ALG-integration-001,默认保留（非产出面或非数据形态）
lib/algorithms/integration/phase2_integrate/src/weight_chain.cpp,984,cpp,ALG-integration,HUMAN,ALG-integration-001,默认保留（非产出面或非数据形态）
lib/algorithms/noise_snr/.gitignore,21,gitignore,ALG-noise_snr,HUMAN,ALG-noise_snr-002,默认保留（非产出面或非数据形态）
lib/algorithms/noise_snr/CMakeLists.txt,97,txt,ALG-noise_snr,HUMAN,ALG-noise_snr-002,默认保留（非产出面或非数据形态）
lib/algorithms/noise_snr/README.md,248,md,ALG-noise_snr,HUMAN,ALG-noise_snr-002,默认保留（非产出面或非数据形态）
lib/algorithms/noise_snr/cpp/Makefile,16,,ALG-noise_snr,HUMAN,ALG-noise_snr-002,默认保留（非产出面或非数据形态）
lib/algorithms/noise_snr/cpp/build.ps1,58,ps1,ALG-noise_snr,HUMAN,ALG-noise_snr-001,默认保留（非产出面或非数据形态）
lib/algorithms/noise_snr/cpp/include/snr_estimator.h,647,h,ALG-noise_snr,HUMAN,ALG-noise_snr-001,默认保留（非产出面或非数据形态）
lib/algorithms/noise_snr/cpp/src/information_weight.cpp,320,cpp,ALG-noise_snr,HUMAN,ALG-noise_snr-001,默认保留（非产出面或非数据形态）
lib/algorithms/noise_snr/cpp/src/noise_model.cpp,1482,cpp,ALG-noise_snr,HUMAN,ALG-noise_snr-002,默认保留（非产出面或非数据形态）
lib/algorithms/noise_snr/cpp/src/snr_estimator.cpp,932,cpp,ALG-noise_snr,HUMAN,ALG-noise_snr-001,默认保留（非产出面或非数据形态）
lib/algorithms/noise_snr/cpp/src/snr_science.cpp,282,cpp,ALG-noise_snr,HUMAN,ALG-noise_snr-001,默认保留（非产出面或非数据形态）
lib/algorithms/noise_snr/cpp/test/noise_model_science_test.cpp,603,cpp,ALG-noise_snr,HUMAN,ALG-noise_snr-001,默认保留（非产出面或非数据形态）
lib/algorithms/noise_snr/cpp/test/snr_reconcile_test.cpp,117,cpp,ALG-noise_snr,HUMAN,ALG-noise_snr-002,默认保留（非产出面或非数据形态）
lib/algorithms/noise_snr/include/acsd/information_weight.h,127,h,ALG-noise_snr,HUMAN,ALG-noise_snr-002,默认保留（非产出面或非数据形态）
lib/algorithms/noise_snr/include/acsd/noise/saturation_policy.h,70,h,ALG-noise_snr,HUMAN,ALG-noise_snr-002,默认保留（非产出面或非数据形态）
lib/algorithms/noise_snr/include/acsd/noise/types.h,204,h,ALG-noise_snr,HUMAN,ALG-noise_snr-001,默认保留（非产出面或非数据形态）
lib/algorithms/noise_snr/include/acsd/noise/variance_plane_policy.h,139,h,ALG-noise_snr,HUMAN,ALG-noise_snr-002,默认保留（非产出面或非数据形态）
lib/algorithms/noise_snr/memory.md,146,md,ALG-noise_snr,HUMAN,ALG-noise_snr-001,默认保留（非产出面或非数据形态）
lib/algorithms/noise_snr/module.yaml,119,yaml,ALG-noise_snr,HUMAN,ALG-noise_snr-001,默认保留（非产出面或非数据形态）
lib/algorithms/noise_snr/src/acsd_p1_noise.def,6,def,ALG-noise_snr,HUMAN,ALG-noise_snr-001,默认保留（非产出面或非数据形态）
lib/algorithms/noise_snr/src/module_entry.cpp,1635,cpp,ALG-noise_snr,HUMAN,ALG-noise_snr-001,默认保留（非产出面或非数据形态）
lib/algorithms/noise_snr/src/module_exports.map,13,map,ALG-noise_snr,HUMAN,ALG-noise_snr-001,默认保留（非产出面或非数据形态）
lib/algorithms/noise_snr/test/test_snr_estimator.py,305,py,ALG-noise_snr,HUMAN,ALG-noise_snr-002,默认保留（非产出面或非数据形态）
lib/algorithms/noise_snr/tests/p1noise/CMakeLists.txt,191,txt,ALG-noise_snr,HUMAN,ALG-noise_snr-002,默认保留（非产出面或非数据形态）
lib/algorithms/noise_snr/tests/p1noise/check_saturation_wiring.py,135,py,ALG-noise_snr,HUMAN,ALG-noise_snr-001,默认保留（非产出面或非数据形态）
lib/algorithms/noise_snr/tests/p1noise/check_snr_caliber.py,166,py,ALG-noise_snr,HUMAN,ALG-noise_snr-001,默认保留（非产出面或非数据形态）
lib/algorithms/noise_snr/tests/p1noise/noise_model_numpy_oracle.py,610,py,ALG-noise_snr,HUMAN,ALG-noise_snr-002,默认保留（非产出面或非数据形态）
lib/algorithms/noise_snr/tests/p1noise/p1noise_abi_layout_check.py,141,py,ALG-noise_snr,HUMAN,ALG-noise_snr-002,默认保留（非产出面或非数据形态）
lib/algorithms/noise_snr/tests/p1noise/p1noise_abi_layout_lock.json,41,json,ALG-noise_snr,HUMAN,ALG-noise_snr-001,默认保留（非产出面或非数据形态）
lib/algorithms/noise_snr/tests/p1noise/p1noise_abi_layout_probe.cpp,77,cpp,ALG-noise_snr,HUMAN,ALG-noise_snr-002,默认保留（非产出面或非数据形态）
lib/algorithms/noise_snr/tests/p1noise/p1noise_fixtures.hpp,408,hpp,ALG-noise_snr,HUMAN,ALG-noise_snr-002,默认保留（非产出面或非数据形态）
lib/algorithms/noise_snr/tests/p1noise/p1noise_oracle.hpp,505,hpp,ALG-noise_snr,HUMAN,ALG-noise_snr-002,默认保留（非产出面或非数据形态）
lib/algorithms/noise_snr/tests/p1noise/p1noise_saturation_test.cpp,277,cpp,ALG-noise_snr,HUMAN,ALG-noise_snr-001,默认保留（非产出面或非数据形态）
lib/algorithms/noise_snr/tests/p1noise/p1noise_test_main.hpp,147,hpp,ALG-noise_snr,HUMAN,ALG-noise_snr-002,默认保留（非产出面或非数据形态）
lib/algorithms/noise_snr/tests/p1noise/p1noise_tests_core.cpp,1603,cpp,ALG-noise_snr,HUMAN,ALG-noise_snr-002,默认保留（非产出面或非数据形态）
lib/algorithms/noise_snr/tests/p1noise/p1noise_tests_main.cpp,12,cpp,ALG-noise_snr,HUMAN,ALG-noise_snr-002,默认保留（非产出面或非数据形态）
lib/algorithms/noise_snr/tests/p1noise/p1noise_tests_perf.cpp,125,cpp,ALG-noise_snr,HUMAN,ALG-noise_snr-001,默认保留（非产出面或非数据形态）
lib/algorithms/noise_snr/tests/p1noise/p1noise_tests_selfcheck.cpp,265,cpp,ALG-noise_snr,HUMAN,ALG-noise_snr-002,默认保留（非产出面或非数据形态）
lib/algorithms/noise_snr/tests/p1noise/p1snr_science_test.cpp,484,cpp,ALG-noise_snr,HUMAN,ALG-noise_snr-001,默认保留（非产出面或非数据形态）
lib/algorithms/noise_snr/wrapper_phase1/README.md,79,md,ALG-noise_snr,HUMAN,ALG-noise_snr-001,默认保留（非产出面或非数据形态）
lib/algorithms/noise_snr/wrapper_phase1/snr_frame_science.cpp,214,cpp,ALG-noise_snr,HUMAN,ALG-noise_snr-001,默认保留（非产出面或非数据形态）
lib/algorithms/noise_snr/wrapper_phase1/snr_frame_science.h,96,h,ALG-noise_snr,HUMAN,ALG-noise_snr-001,默认保留（非产出面或非数据形态）
lib/algorithms/photometry/.gitignore,8,gitignore,ALG-photometry,HUMAN,ALG-photometry-004,默认保留（非产出面或非数据形态）
lib/algorithms/photometry/README.md,215,md,ALG-photometry,HUMAN,ALG-photometry-004,默认保留（非产出面或非数据形态）
lib/algorithms/photometry/cpp/Makefile,38,,ALG-photometry,HUMAN,ALG-photometry-002,默认保留（非产出面或非数据形态）
lib/algorithms/photometry/cpp/build.ps1,83,ps1,ALG-photometry,HUMAN,ALG-photometry-002,默认保留（非产出面或非数据形态）
lib/algorithms/photometry/cpp/include/log_macros.h,20,h,ALG-photometry,HUMAN,ALG-photometry-002,默认保留（非产出面或非数据形态）
lib/algorithms/photometry/cpp/include/photometric_calib.h,278,h,ALG-photometry,HUMAN,ALG-photometry-002,默认保留（非产出面或非数据形态）
lib/algorithms/photometry/cpp/src/filter_curve_json.h,479,h,ALG-photometry,HUMAN,ALG-photometry-004,默认保留（非产出面或非数据形态）
lib/algorithms/photometry/cpp/src/frame_photometry_fit.cpp,394,cpp,ALG-photometry,HUMAN,ALG-photometry-003,默认保留（非产出面或非数据形态）
lib/algorithms/photometry/cpp/src/frame_photometry_fit.h,176,h,ALG-photometry,HUMAN,ALG-photometry-004,默认保留（非产出面或非数据形态）
lib/algorithms/photometry/cpp/src/image_corrector.cpp,82,cpp,ALG-photometry,HUMAN,ALG-photometry-004,默认保留（非产出面或非数据形态）
lib/algorithms/photometry/cpp/src/image_corrector.h,35,h,ALG-photometry,HUMAN,ALG-photometry-004,默认保留（非产出面或非数据形态）
lib/algorithms/photometry/cpp/src/pc_api.cpp,1336,cpp,ALG-photometry,HUMAN,ALG-photometry-004,默认保留（非产出面或非数据形态）
lib/algorithms/photometry/cpp/src/pc_api_qf.h,50,h,ALG-photometry,HUMAN,ALG-photometry-002,默认保留（非产出面或非数据形态）
lib/algorithms/photometry/cpp/src/psfsw.cpp,954,cpp,ALG-photometry,HUMAN,ALG-photometry-003,默认保留（非产出面或非数据形态）
lib/algorithms/photometry/cpp/src/spatial_gain.cpp,645,cpp,ALG-photometry,HUMAN,ALG-photometry-003,默认保留（非产出面或非数据形态）
lib/algorithms/photometry/cpp/src/spatial_gain.h,173,h,ALG-photometry,HUMAN,ALG-photometry-003,默认保留（非产出面或非数据形态）
lib/algorithms/photometry/cpp/src/spectrum_integrator.cpp,465,cpp,ALG-photometry,HUMAN,ALG-photometry-004,默认保留（非产出面或非数据形态）
lib/algorithms/photometry/cpp/src/spectrum_integrator.h,135,h,ALG-photometry,HUMAN,ALG-photometry-004,默认保留（非产出面或非数据形态）
lib/algorithms/photometry/cpp/src/star_matcher.cpp,704,cpp,ALG-photometry,HUMAN,ALG-photometry-004,默认保留（非产出面或非数据形态）
lib/algorithms/photometry/cpp/src/star_matcher.h,131,h,ALG-photometry,HUMAN,ALG-photometry-003,默认保留（非产出面或非数据形态）
lib/algorithms/photometry/cpp/src/wcs_transform.cpp,261,cpp,ALG-photometry,HUMAN,ALG-photometry-003,默认保留（非产出面或非数据形态）
lib/algorithms/photometry/cpp/src/wcs_transform.h,66,h,ALG-photometry,HUMAN,ALG-photometry-003,默认保留（非产出面或非数据形态）
lib/algorithms/photometry/cpp/test/filter_qe_provenance.json,689,json,ALG-photometry,HUMAN,ALG-photometry-003,默认保留（非产出面或非数据形态）
lib/algorithms/photometry/cpp/test/gate4_dr3sp_gaiaxpy/DR3SP_SCHEMA_AUDIT.md,95,md,ALG-photometry,HUMAN,ALG-photometry-003,默认保留（非产出面或非数据形态）
lib/algorithms/photometry/cpp/test/gate4_dr3sp_gaiaxpy/GaiaEDR3_passband.dat,781,dat,ALG-photometry,HUMAN,ALG-photometry-004,默认保留（非产出面或非数据形态）
lib/algorithms/photometry/cpp/test/gate4_dr3sp_gaiaxpy/download_xp_sample.py,202,py,ALG-photometry,HUMAN,ALG-photometry-002,默认保留（非产出面或非数据形态）
lib/algorithms/photometry/cpp/test/gate4_dr3sp_gaiaxpy/evidence/gate2_result.json,43,json,ALG-photometry,HUMAN,ALG-photometry-004,默认保留（非产出面或非数据形态）
lib/algorithms/photometry/cpp/test/gate4_dr3sp_gaiaxpy/evidence/gate4_compare_per_star_1050.csv,1051,csv,ALG-photometry,HUMAN,ALG-photometry-004,默认保留（非产出面或非数据形态）
lib/algorithms/photometry/cpp/test/gate4_dr3sp_gaiaxpy/evidence/gate4_result_full_1050.json,60,json,ALG-photometry,HUMAN,ALG-photometry-004,默认保留（非产出面或非数据形态）
lib/algorithms/photometry/cpp/test/gate4_dr3sp_gaiaxpy/fsyn_acsd.py,143,py,ALG-photometry,HUMAN,ALG-photometry-004,默认保留（非产出面或非数据形态）
lib/algorithms/photometry/cpp/test/gate4_dr3sp_gaiaxpy/fsyn_export.cpp,105,cpp,ALG-photometry,HUMAN,ALG-photometry-004,默认保留（非产出面或非数据形态）
lib/algorithms/photometry/cpp/test/gate4_dr3sp_gaiaxpy/gate1_psf_final_test.py,333,py,ALG-photometry,HUMAN,ALG-photometry-004,默认保留（非产出面或非数据形态）
lib/algorithms/photometry/cpp/test/gate4_dr3sp_gaiaxpy/gate2_psf_oracle.py,346,py,ALG-photometry,HUMAN,ALG-photometry-003,默认保留（非产出面或非数据形态）
lib/algorithms/photometry/cpp/test/gate4_dr3sp_gaiaxpy/gate3_wcs_oracle.py,99,py,ALG-photometry,HUMAN,ALG-photometry-002,默认保留（非产出面或非数据形态）
lib/algorithms/photometry/cpp/test/gate4_dr3sp_gaiaxpy/gate4_gaiaxpy_compare.py,250,py,ALG-photometry,HUMAN,ALG-photometry-003,默认保留（非产出面或非数据形态）
lib/algorithms/photometry/cpp/test/gate4_dr3sp_gaiaxpy/gate7_hips_validate.py,245,py,ALG-photometry,HUMAN,ALG-photometry-002,默认保留（非产出面或非数据形态）
lib/algorithms/photometry/cpp/test/gate4_dr3sp_gaiaxpy/gate8_trace_check.py,124,py,ALG-photometry,HUMAN,ALG-photometry-002,默认保留（非产出面或非数据形态）
lib/algorithms/photometry/cpp/test/gate4_dr3sp_gaiaxpy/xpsd_cpp_crosscheck.py,209,py,ALG-photometry,HUMAN,ALG-photometry-003,默认保留（非产出面或非数据形态）
lib/algorithms/photometry/cpp/test/gate4_dr3sp_gaiaxpy/xpsd_production_validation.py,277,py,ALG-photometry,HUMAN,ALG-photometry-004,默认保留（非产出面或非数据形态）
lib/algorithms/photometry/cpp/test/test_energy_conservation.py,510,py,ALG-photometry,HUMAN,ALG-photometry-003,默认保留（非产出面或非数据形态）
lib/algorithms/photometry/cpp/test/test_p0_pc_api_exception_barrier.cpp,158,cpp,ALG-photometry,HUMAN,ALG-photometry-002,默认保留（非产出面或非数据形态）
lib/algorithms/photometry/cpp/test/test_p0_sip_order_guard.cpp,136,cpp,ALG-photometry,HUMAN,ALG-photometry-002,默认保留（非产出面或非数据形态）
lib/algorithms/photometry/cpp/test/test_photometric_calib.py,414,py,ALG-photometry,HUMAN,ALG-photometry-003,默认保留（非产出面或非数据形态）
lib/algorithms/photometry/cpp/test/test_spectrum_integrator.cpp,242,cpp,ALG-photometry,HUMAN,ALG-photometry-004,默认保留（非产出面或非数据形态）
lib/algorithms/photometry/cpp/test/test_spectrum_integrator_golden.py,714,py,ALG-photometry,HUMAN,ALG-photometry-003,默认保留（非产出面或非数据形态）
lib/algorithms/photometry/cpp/test/test_spectrum_integrator_golden_results.json,1860,json,ALG-photometry,HUMAN,ALG-photometry-003,默认保留（非产出面或非数据形态）
lib/algorithms/photometry/data/response_curves/filters.json,14079,json,ALG-photometry,HUMAN,ALG-photometry-001,A1 裁定（采 GEN-2）: docs 证据：lib/algorithms/photometry/docs/algorithm.md:140-141 把本件列为 P1 的**输入**「滤光片透过率 T(λ)」「CCD QE 曲线 Q(λ)」（与 eng/packaging/config/filters.json 并列同表），非输出；且 eng/packaging/config/filters.json 的 transcription.source_path 指向本件 ⇒ 本件是**原件**；algorithm.md:140 记 provenance.status 当前 unverified（GAP-025）⇒ 未决科学缺口，正需人工审。G1 把该目录列作产出面，但 G1 自己的注释写的是「仪器响应实测数据表」，自相矛盾。
lib/algorithms/photometry/data/response_curves/qe_curves.json,6472,json,ALG-photometry,HUMAN,ALG-photometry-002,A1 裁定（采 GEN-2）: docs 证据：lib/algorithms/photometry/docs/algorithm.md:140-141 把本件列为 P1 的**输入**「滤光片透过率 T(λ)」「CCD QE 曲线 Q(λ)」（与 eng/packaging/config/filters.json 并列同表），非输出；且 eng/packaging/config/filters.json 的 transcription.source_path 指向本件 ⇒ 本件是**原件**；algorithm.md:140 记 provenance.status 当前 unverified（GAP-025）⇒ 未决科学缺口，正需人工审。G1 把该目录列作产出面，但 G1 自己的注释写的是「仪器响应实测数据表」，自相矛盾。
lib/algorithms/photometry/docs/algorithm.md,402,md,ALG-photometry,HUMAN,ALG-photometry-004,默认保留（非产出面或非数据形态）
lib/algorithms/photometry/docs/architecture.md,254,md,ALG-photometry,HUMAN,ALG-photometry-002,默认保留（非产出面或非数据形态）
lib/algorithms/photometry/include/acsd/psfsw.h,407,h,ALG-photometry,HUMAN,ALG-photometry-002,默认保留（非产出面或非数据形态）
lib/algorithms/photometry/memory.md,468,md,ALG-photometry,HUMAN,ALG-photometry-004,默认保留（非产出面或非数据形态）
lib/algorithms/photometry/module.yaml,141,yaml,ALG-photometry,HUMAN,ALG-photometry-003,默认保留（非产出面或非数据形态）
lib/algorithms/photometry/tests/p1phot/CMakeLists.txt,177,txt,ALG-photometry,HUMAN,ALG-photometry-002,默认保留（非产出面或非数据形态）
lib/algorithms/photometry/tests/p1phot/p1phot_field_stub.hpp,61,hpp,ALG-photometry,HUMAN,ALG-photometry-002,默认保留（非产出面或非数据形态）
lib/algorithms/photometry/tests/p1phot/p1phot_fixgates.cpp,286,cpp,ALG-photometry,HUMAN,ALG-photometry-003,默认保留（非产出面或非数据形态）
lib/algorithms/photometry/tests/p1phot/p1phot_fixtures.hpp,252,hpp,ALG-photometry,HUMAN,ALG-photometry-004,默认保留（非产出面或非数据形态）
lib/algorithms/photometry/tests/p1phot/p1phot_gaia_stub.cpp,98,cpp,ALG-photometry,HUMAN,ALG-photometry-004,默认保留（非产出面或非数据形态）
lib/algorithms/photometry/tests/p1phot/p1phot_gaia_stub.hpp,57,hpp,ALG-photometry,HUMAN,ALG-photometry-003,默认保留（非产出面或非数据形态）
lib/algorithms/photometry/tests/p1phot/p1phot_oracle.hpp,468,hpp,ALG-photometry,HUMAN,ALG-photometry-003,默认保留（非产出面或非数据形态）
lib/algorithms/photometry/tests/p1phot/p1phot_test_main.hpp,198,hpp,ALG-photometry,HUMAN,ALG-photometry-004,默认保留（非产出面或非数据形态）
lib/algorithms/photometry/tests/p1phot/p1phot_tests_determinism.cpp,476,cpp,ALG-photometry,HUMAN,ALG-photometry-003,默认保留（非产出面或非数据形态）
lib/algorithms/photometry/tests/p1phot/p1phot_tests_main.cpp,32,cpp,ALG-photometry,HUMAN,ALG-photometry-003,默认保留（非产出面或非数据形态）
lib/algorithms/photometry/tests/p1phot/p1phot_tests_negative.cpp,365,cpp,ALG-photometry,HUMAN,ALG-photometry-002,默认保留（非产出面或非数据形态）
lib/algorithms/photometry/tests/p1phot/p1phot_tests_oracle.cpp,359,cpp,ALG-photometry,HUMAN,ALG-photometry-004,默认保留（非产出面或非数据形态）
lib/algorithms/photometry/tests/p1phot/p1phot_tests_perf.cpp,196,cpp,ALG-photometry,HUMAN,ALG-photometry-003,默认保留（非产出面或非数据形态）
lib/algorithms/photometry/tests/p1phot/p1phot_tests_properties.cpp,346,cpp,ALG-photometry,HUMAN,ALG-photometry-002,默认保留（非产出面或非数据形态）
lib/algorithms/photometry/tests/p1phot/p1phot_tests_selfcheck.cpp,234,cpp,ALG-photometry,HUMAN,ALG-photometry-003,默认保留（非产出面或非数据形态）
lib/algorithms/photometry/tests/p1phot/p1phot_tests_spatial.cpp,628,cpp,ALG-photometry,HUMAN,ALG-photometry-004,默认保留（非产出面或非数据形态）
lib/algorithms/photometry/tests/p1phot/p1phot_tests_units.cpp,660,cpp,ALG-photometry,HUMAN,ALG-photometry-004,默认保留（非产出面或非数据形态）
lib/algorithms/photometry/tools/diag_gradient_report.py,232,py,ALG-photometry,HUMAN,ALG-photometry-002,默认保留（非产出面或非数据形态）
lib/algorithms/photometry/wrapper_phase1/README.md,11,md,ALG-photometry,HUMAN,ALG-photometry-004,默认保留（非产出面或非数据形态）
lib/algorithms/photometry/wrapper_phase1/photometer.cpp,100,cpp,ALG-photometry,HUMAN,ALG-photometry-003,默认保留（非产出面或非数据形态）
lib/algorithms/photometry/wrapper_phase1/photometer.h,40,h,ALG-photometry,HUMAN,ALG-photometry-003,默认保留（非产出面或非数据形态）
lib/algorithms/platesolve/.gitignore,47,gitignore,ALG-platesolve,HUMAN,ALG-platesolve-002,默认保留（非产出面或非数据形态）
lib/algorithms/platesolve/IPV_PIPELINE.md,331,md,ALG-platesolve,HUMAN,ALG-platesolve-001,默认保留（非产出面或非数据形态）
lib/algorithms/platesolve/LICENSE,21,,ALG-platesolve,HUMAN,ALG-platesolve-001,默认保留（非产出面或非数据形态）
lib/algorithms/platesolve/README.md,168,md,ALG-platesolve,HUMAN,ALG-platesolve-003,默认保留（非产出面或非数据形态）
lib/algorithms/platesolve/cpp/ipv/Makefile,74,,ALG-platesolve,HUMAN,ALG-platesolve-003,默认保留（非产出面或非数据形态）
lib/algorithms/platesolve/cpp/ipv/REPORT.md,1154,md,ALG-platesolve,HUMAN,ALG-platesolve-002,默认保留（非产出面或非数据形态）
lib/algorithms/platesolve/cpp/ipv/SIRIL_COMPARISON.md,578,md,ALG-platesolve,HUMAN,ALG-platesolve-001,默认保留（非产出面或非数据形态）
lib/algorithms/platesolve/cpp/ipv/build.ps1,90,ps1,ALG-platesolve,HUMAN,ALG-platesolve-001,默认保留（非产出面或非数据形态）
lib/algorithms/platesolve/cpp/ipv/include/ipv_angle.h,53,h,ALG-platesolve,HUMAN,ALG-platesolve-002,默认保留（非产出面或非数据形态）
lib/algorithms/platesolve/cpp/ipv/include/ipv_api.h,314,h,ALG-platesolve,HUMAN,ALG-platesolve-002,默认保留（非产出面或非数据形态）
lib/algorithms/platesolve/cpp/ipv/include/ipv_distortion.h,71,h,ALG-platesolve,HUMAN,ALG-platesolve-003,默认保留（非产出面或非数据形态）
lib/algorithms/platesolve/cpp/ipv/include/ipv_itertrans.h,163,h,ALG-platesolve,HUMAN,ALG-platesolve-002,默认保留（非产出面或非数据形态）
lib/algorithms/platesolve/cpp/ipv/include/ipv_kvector.h,56,h,ALG-platesolve,HUMAN,ALG-platesolve-001,默认保留（非产出面或非数据形态）
lib/algorithms/platesolve/cpp/ipv/include/ipv_log.h,165,h,ALG-platesolve,HUMAN,ALG-platesolve-001,默认保留（非产出面或非数据形态）
lib/algorithms/platesolve/cpp/ipv/include/ipv_polygon.h,132,h,ALG-platesolve,HUMAN,ALG-platesolve-003,默认保留（非产出面或非数据形态）
lib/algorithms/platesolve/cpp/ipv/include/ipv_ransac.h,101,h,ALG-platesolve,HUMAN,ALG-platesolve-003,默认保留（非产出面或非数据形态）
lib/algorithms/platesolve/cpp/ipv/include/ipv_robust_refine.h,135,h,ALG-platesolve,HUMAN,ALG-platesolve-003,默认保留（非产出面或非数据形态）
lib/algorithms/platesolve/cpp/ipv/include/ipv_select.h,291,h,ALG-platesolve,HUMAN,ALG-platesolve-003,默认保留（非产出面或非数据形态）
lib/algorithms/platesolve/cpp/ipv/include/ipv_sip.h,57,h,ALG-platesolve,HUMAN,ALG-platesolve-003,默认保留（非产出面或非数据形态）
lib/algorithms/platesolve/cpp/ipv/include/ipv_solver.h,294,h,ALG-platesolve,HUMAN,ALG-platesolve-003,默认保留（非产出面或非数据形态）
lib/algorithms/platesolve/cpp/ipv/include/ipv_triangle.h,96,h,ALG-platesolve,HUMAN,ALG-platesolve-002,默认保留（非产出面或非数据形态）
lib/algorithms/platesolve/cpp/ipv/include/ipv_types.h,285,h,ALG-platesolve,HUMAN,ALG-platesolve-002,默认保留（非产出面或非数据形态）
lib/algorithms/platesolve/cpp/ipv/include/ipv_wcs.h,86,h,ALG-platesolve,HUMAN,ALG-platesolve-002,默认保留（非产出面或非数据形态）
lib/algorithms/platesolve/cpp/ipv/make_clean_err.txt,3,txt,ALG-platesolve,HUMAN,ALG-platesolve-001,默认保留（非产出面或非数据形态）
lib/algorithms/platesolve/cpp/ipv/make_clean_out.txt,0,txt,ALG-platesolve,HUMAN,ALG-platesolve-001,默认保留（非产出面或非数据形态）
lib/algorithms/platesolve/cpp/ipv/siril_atpmatch_b64.txt,1,txt,ALG-platesolve,HUMAN,ALG-platesolve-001,默认保留（非产出面或非数据形态）
lib/algorithms/platesolve/cpp/ipv/src/ipv_angle.cpp,198,cpp,ALG-platesolve,HUMAN,ALG-platesolve-003,默认保留（非产出面或非数据形态）
lib/algorithms/platesolve/cpp/ipv/src/ipv_distortion.cpp,373,cpp,ALG-platesolve,HUMAN,ALG-platesolve-002,默认保留（非产出面或非数据形态）
lib/algorithms/platesolve/cpp/ipv/src/ipv_entry.cpp,808,cpp,ALG-platesolve,HUMAN,ALG-platesolve-001,默认保留（非产出面或非数据形态）
lib/algorithms/platesolve/cpp/ipv/src/ipv_itertrans.cpp,1057,cpp,ALG-platesolve,HUMAN,ALG-platesolve-002,默认保留（非产出面或非数据形态）
lib/algorithms/platesolve/cpp/ipv/src/ipv_kvector.cpp,123,cpp,ALG-platesolve,HUMAN,ALG-platesolve-001,默认保留（非产出面或非数据形态）
lib/algorithms/platesolve/cpp/ipv/src/ipv_log_sink.h,62,h,ALG-platesolve,HUMAN,ALG-platesolve-001,默认保留（非产出面或非数据形态）
lib/algorithms/platesolve/cpp/ipv/src/ipv_polygon.cpp,806,cpp,ALG-platesolve,HUMAN,ALG-platesolve-003,默认保留（非产出面或非数据形态）
lib/algorithms/platesolve/cpp/ipv/src/ipv_ransac.cpp,1504,cpp,ALG-platesolve,HUMAN,ALG-platesolve-003,默认保留（非产出面或非数据形态）
lib/algorithms/platesolve/cpp/ipv/src/ipv_robust_refine.cpp,1131,cpp,ALG-platesolve,HUMAN,ALG-platesolve-001,默认保留（非产出面或非数据形态）
lib/algorithms/platesolve/cpp/ipv/src/ipv_select.cpp,2243,cpp,ALG-platesolve,HUMAN,ALG-platesolve-001,默认保留（非产出面或非数据形态）
lib/algorithms/platesolve/cpp/ipv/src/ipv_sip.cpp,515,cpp,ALG-platesolve,HUMAN,ALG-platesolve-001,默认保留（非产出面或非数据形态）
lib/algorithms/platesolve/cpp/ipv/src/ipv_solver.cpp,1836,cpp,ALG-platesolve,HUMAN,ALG-platesolve-002,默认保留（非产出面或非数据形态）
lib/algorithms/platesolve/cpp/ipv/src/ipv_triangle.cpp,744,cpp,ALG-platesolve,HUMAN,ALG-platesolve-002,默认保留（非产出面或非数据形态）
lib/algorithms/platesolve/cpp/ipv/src/ipv_wcs.cpp,1015,cpp,ALG-platesolve,HUMAN,ALG-platesolve-003,默认保留（非产出面或非数据形态）
lib/algorithms/platesolve/cpp/ipv/test/CMakeLists.txt,197,txt,ALG-platesolve,HUMAN,ALG-platesolve-002,默认保留（非产出面或非数据形态）
lib/algorithms/platesolve/cpp/ipv/test/ipv_abi_layout_lock.py,210,py,ALG-platesolve,HUMAN,ALG-platesolve-001,默认保留（非产出面或非数据形态）
lib/algorithms/platesolve/cpp/ipv/test/ipv_abi_layout_probe.cpp,151,cpp,ALG-platesolve,HUMAN,ALG-platesolve-002,默认保留（非产出面或非数据形态）
lib/algorithms/platesolve/cpp/ipv/test/ipv_dead_params_lock.py,375,py,ALG-platesolve,HUMAN,ALG-platesolve-003,默认保留（非产出面或非数据形态）
lib/algorithms/platesolve/cpp/ipv/test/ipv_dead_params_manifest.json,1513,json,ALG-platesolve,HUMAN,ALG-platesolve-003,默认保留（非产出面或非数据形态）
lib/algorithms/platesolve/cpp/ipv/test/ipv_dead_params_selfcheck.py,159,py,ALG-platesolve,HUMAN,ALG-platesolve-003,默认保留（非产出面或非数据形态）
lib/algorithms/platesolve/cpp/ipv/test/ipv_params_abi_failclosed_test.cpp,132,cpp,ALG-platesolve,HUMAN,ALG-platesolve-002,默认保留（非产出面或非数据形态）
lib/algorithms/platesolve/cpp/ipv/test/test_error_utf8.cpp,238,cpp,ALG-platesolve,HUMAN,ALG-platesolve-001,默认保留（非产出面或非数据形态）
lib/algorithms/platesolve/cpp/ipv/test/test_extract_wcs_sip_failclosed.cpp,143,cpp,ALG-platesolve,HUMAN,ALG-platesolve-002,默认保留（非产出面或非数据形态）
lib/algorithms/platesolve/cpp/ipv/test/test_kvector.cpp,347,cpp,ALG-platesolve,HUMAN,ALG-platesolve-003,默认保留（非产出面或非数据形态）
lib/algorithms/platesolve/cpp/ipv/test/test_last_inlier_reset.cpp,152,cpp,ALG-platesolve,HUMAN,ALG-platesolve-001,默认保留（非产出面或非数据形态）
lib/algorithms/platesolve/cpp/ipv/test/test_mag_iter.cpp,351,cpp,ALG-platesolve,HUMAN,ALG-platesolve-003,默认保留（非产出面或非数据形态）
lib/algorithms/platesolve/cpp/ipv/test/test_mag_iter_delivery.cpp,118,cpp,ALG-platesolve,HUMAN,ALG-platesolve-001,默认保留（非产出面或非数据形态）
lib/algorithms/platesolve/cpp/ipv/test/test_select_domain.cpp,350,cpp,ALG-platesolve,HUMAN,ALG-platesolve-002,默认保留（非产出面或非数据形态）
lib/algorithms/platesolve/cpp/ipv/test/test_synthetic.cpp,293,cpp,ALG-platesolve,HUMAN,ALG-platesolve-001,默认保留（非产出面或非数据形态）
lib/algorithms/platesolve/cpp/ipv/test/test_triangle_budget.cpp,94,cpp,ALG-platesolve,HUMAN,ALG-platesolve-001,默认保留（非产出面或非数据形态）
lib/algorithms/platesolve/memory.md,113,md,ALG-platesolve,HUMAN,ALG-platesolve-002,默认保留（非产出面或非数据形态）
lib/algorithms/platesolve/module.yaml,150,yaml,ALG-platesolve,HUMAN,ALG-platesolve-001,默认保留（非产出面或非数据形态）
lib/algorithms/platesolve/tools/diag_gaia_psf_projection.py,393,py,ALG-platesolve,HUMAN,ALG-platesolve-002,默认保留（非产出面或非数据形态）
lib/algorithms/platesolve/tools/diag_projection_plot.py,351,py,ALG-platesolve,HUMAN,ALG-platesolve-001,默认保留（非产出面或非数据形态）
lib/algorithms/platesolve/tools/ipv_abi_mirror.py,115,py,ALG-platesolve,HUMAN,ALG-platesolve-003,默认保留（非产出面或非数据形态）
lib/algorithms/platesolve/wrapper_phase1/README.md,10,md,ALG-platesolve,HUMAN,ALG-platesolve-003,默认保留（非产出面或非数据形态）
lib/algorithms/platesolve/wrapper_phase1/wcs_tan.cpp,66,cpp,ALG-platesolve,HUMAN,ALG-platesolve-002,默认保留（非产出面或非数据形态）
lib/algorithms/platesolve/wrapper_phase1/wcs_tan.h,22,h,ALG-platesolve,HUMAN,ALG-platesolve-003,默认保留（非产出面或非数据形态）
lib/algorithms/projection/CMakeLists.txt,42,txt,ALG-projection,HUMAN,ALG-projection-001,默认保留（非产出面或非数据形态）
lib/algorithms/projection/README.md,133,md,ALG-projection,HUMAN,ALG-projection-001,默认保留（非产出面或非数据形态）
lib/algorithms/projection/memory.md,168,md,ALG-projection,HUMAN,ALG-projection-001,默认保留（非产出面或非数据形态）
lib/algorithms/projection/module.yaml,152,yaml,ALG-projection,HUMAN,ALG-projection-001,默认保留（非产出面或非数据形态）
lib/algorithms/projection/p3_proj.cpp,781,cpp,ALG-projection,HUMAN,ALG-projection-001,默认保留（非产出面或非数据形态）
lib/algorithms/projection/p3_proj.h,266,h,ALG-projection,HUMAN,ALG-projection-001,默认保留（非产出面或非数据形态）
lib/algorithms/projection/p3_projection.cpp,407,cpp,ALG-projection,HUMAN,ALG-projection-001,默认保留（非产出面或非数据形态）
lib/algorithms/projection/p3_projection.h,116,h,ALG-projection,HUMAN,ALG-projection-001,默认保留（非产出面或非数据形态）
lib/algorithms/projection/p3_projection_registry.h,312,h,ALG-projection,HUMAN,ALG-projection-001,默认保留（非产出面或非数据形态）
lib/algorithms/projection/p3_wcs.cpp,593,cpp,ALG-projection,HUMAN,ALG-projection-001,默认保留（非产出面或非数据形态）
lib/algorithms/projection/p3_wcs.h,373,h,ALG-projection,HUMAN,ALG-projection-001,默认保留（非产出面或非数据形态）
lib/algorithms/projection/tests/p3wcs/CMakeLists.txt,36,txt,ALG-projection,HUMAN,ALG-projection-001,默认保留（非产出面或非数据形态）
lib/algorithms/projection/tests/p3wcs/p3_projection_registry_test.cpp,719,cpp,ALG-projection,HUMAN,ALG-projection-001,默认保留（非产出面或非数据形态）
lib/algorithms/projection/tests/p3wcs/p3_projection_unsupported_cli.py,93,py,ALG-projection,HUMAN,ALG-projection-001,默认保留（非产出面或非数据形态）
lib/algorithms/projection/tests/p3wcs/p3_wcs_main.cpp,65,cpp,ALG-projection,HUMAN,ALG-projection-001,默认保留（非产出面或非数据形态）
lib/algorithms/projection/tests/p3wcs/p3_wcs_test.cpp,474,cpp,ALG-projection,HUMAN,ALG-projection-001,默认保留（非产出面或非数据形态）
lib/algorithms/projection/tests/p3wcs/test_p3_wcs.py,169,py,ALG-projection,HUMAN,ALG-projection-001,默认保留（非产出面或非数据形态）
lib/algorithms/psf/.gitignore,6,gitignore,ALG-psf,HUMAN,ALG-psf-001,默认保留（非产出面或非数据形态）
lib/algorithms/psf/Makefile,23,,ALG-psf,HUMAN,ALG-psf-001,默认保留（非产出面或非数据形态）
lib/algorithms/psf/README.md,248,md,ALG-psf,HUMAN,ALG-psf-001,默认保留（非产出面或非数据形态）
lib/algorithms/psf/include/acsd/psf_information.h,95,h,ALG-psf,HUMAN,ALG-psf-001,默认保留（非产出面或非数据形态）
lib/algorithms/psf/include/dynamic_psf.h,215,h,ALG-psf,HUMAN,ALG-psf-001,默认保留（非产出面或非数据形态）
lib/algorithms/psf/memory.md,74,md,ALG-psf,HUMAN,ALG-psf-001,默认保留（非产出面或非数据形态）
lib/algorithms/psf/module.yaml,174,yaml,ALG-psf,HUMAN,ALG-psf-001,默认保留（非产出面或非数据形态）
lib/algorithms/psf/src/dpsf_image.cpp,431,cpp,ALG-psf,HUMAN,ALG-psf-001,默认保留（非产出面或非数据形态）
lib/algorithms/psf/src/dpsf_image.h,28,h,ALG-psf,HUMAN,ALG-psf-001,默认保留（非产出面或非数据形态）
lib/algorithms/psf/src/dpsf_log.cpp,94,cpp,ALG-psf,HUMAN,ALG-psf-001,默认保留（非产出面或非数据形态）
lib/algorithms/psf/src/dpsf_log.h,10,h,ALG-psf,HUMAN,ALG-psf-001,默认保留（非产出面或非数据形态）
lib/algorithms/psf/src/dpsf_psf.cpp,1433,cpp,ALG-psf,HUMAN,ALG-psf-001,默认保留（非产出面或非数据形态）
lib/algorithms/psf/src/dpsf_psf.h,37,h,ALG-psf,HUMAN,ALG-psf-001,默认保留（非产出面或非数据形态）
lib/algorithms/psf/src/psf_information.cpp,189,cpp,ALG-psf,HUMAN,ALG-psf-001,默认保留（非产出面或非数据形态）
lib/algorithms/psf/test/test_dpsf_nan_sort.cpp,136,cpp,ALG-psf,HUMAN,ALG-psf-001,默认保留（非产出面或非数据形态）
lib/algorithms/psf/tests/p1psf/CMakeLists.txt,260,txt,ALG-psf,HUMAN,ALG-psf-001,默认保留（非产出面或非数据形态）
lib/algorithms/psf/tests/p1psf/p1psf_center_contract_astropy.py,114,py,ALG-psf,HUMAN,ALG-psf-001,默认保留（非产出面或非数据形态）
lib/algorithms/psf/tests/p1psf/p1psf_center_contract_gate.cpp,297,cpp,ALG-psf,HUMAN,ALG-psf-001,默认保留（非产出面或非数据形态）
lib/algorithms/psf/tests/p1psf/p1psf_centroid_gate.cpp,327,cpp,ALG-psf,HUMAN,ALG-psf-001,默认保留（非产出面或非数据形态）
lib/algorithms/psf/tests/p1psf/p1psf_fitcost_probe.cpp,296,cpp,ALG-psf,HUMAN,ALG-psf-001,默认保留（非产出面或非数据形态）
lib/algorithms/psf/tests/p1psf/p1psf_fixtures.hpp,239,hpp,ALG-psf,HUMAN,ALG-psf-001,默认保留（非产出面或非数据形态）
lib/algorithms/psf/tests/p1psf/p1psf_oracle.hpp,158,hpp,ALG-psf,HUMAN,ALG-psf-001,默认保留（非产出面或非数据形态）
lib/algorithms/psf/tests/p1psf/p1psf_prodpath_check.cpp,146,cpp,ALG-psf,HUMAN,ALG-psf-001,默认保留（非产出面或非数据形态）
lib/algorithms/psf/tests/p1psf/p1psf_stall_equiv.cpp,305,cpp,ALG-psf,HUMAN,ALG-psf-001,默认保留（非产出面或非数据形态）
lib/algorithms/psf/tests/p1psf/p1psf_test_main.hpp,196,hpp,ALG-psf,HUMAN,ALG-psf-001,默认保留（非产出面或非数据形态）
lib/algorithms/psf/tests/p1psf/p1psf_tests_core.cpp,1126,cpp,ALG-psf,HUMAN,ALG-psf-001,默认保留（非产出面或非数据形态）
lib/algorithms/psf/tests/p1psf/p1psf_tests_main.cpp,14,cpp,ALG-psf,HUMAN,ALG-psf-001,默认保留（非产出面或非数据形态）
lib/algorithms/psf/tests/p1psf/p1psf_tests_perf.cpp,142,cpp,ALG-psf,HUMAN,ALG-psf-001,默认保留（非产出面或非数据形态）
lib/algorithms/psf/tests/p1psf/p1psf_tests_selfcheck.cpp,156,cpp,ALG-psf,HUMAN,ALG-psf-001,默认保留（非产出面或非数据形态）
lib/algorithms/rejection/CLASSIFY_V1_PROFILE.md,113,md,ALG-rejection,HUMAN,TAIL-LIB-001,默认保留（非产出面或非数据形态）
lib/algorithms/rejection/README.md,121,md,ALG-rejection,HUMAN,TAIL-LIB-001,默认保留（非产出面或非数据形态）
lib/algorithms/rejection/memory.md,119,md,ALG-rejection,HUMAN,TAIL-LIB-001,默认保留（非产出面或非数据形态）
lib/algorithms/rejection/module.yaml,106,yaml,ALG-rejection,HUMAN,TAIL-LIB-001,默认保留（非产出面或非数据形态）
lib/algorithms/resample/CMakeLists.txt,44,txt,ALG-resample,HUMAN,ALG-resample-001,默认保留（非产出面或非数据形态）
lib/algorithms/resample/PHASE3_RSMP_IMPL.md,60,md,ALG-resample,HUMAN,ALG-resample-001,默认保留（非产出面或非数据形态）
lib/algorithms/resample/README.md,113,md,ALG-resample,HUMAN,ALG-resample-001,默认保留（非产出面或非数据形态）
lib/algorithms/resample/memory.md,144,md,ALG-resample,HUMAN,ALG-resample-001,默认保留（非产出面或非数据形态）
lib/algorithms/resample/module.yaml,144,yaml,ALG-resample,HUMAN,ALG-resample-001,默认保留（非产出面或非数据形态）
lib/algorithms/resample/p3_resample.cpp,582,cpp,ALG-resample,HUMAN,ALG-resample-001,默认保留（非产出面或非数据形态）
lib/algorithms/resample/p3_resample.h,202,h,ALG-resample,HUMAN,ALG-resample-001,默认保留（非产出面或非数据形态）
lib/algorithms/resample/p3_rsmp.h,501,h,ALG-resample,HUMAN,ALG-resample-001,默认保留（非产出面或非数据形态）
lib/algorithms/resample/p3_rsmp_covariance.cpp,151,cpp,ALG-resample,HUMAN,ALG-resample-001,默认保留（非产出面或非数据形态）
lib/algorithms/resample/p3_rsmp_failclosed.cpp,248,cpp,ALG-resample,HUMAN,ALG-resample-001,默认保留（非产出面或非数据形态）
lib/algorithms/resample/p3_rsmp_kernel_registry.cpp,251,cpp,ALG-resample,HUMAN,ALG-resample-001,默认保留（非产出面或非数据形态）
lib/algorithms/resample/p3_rsmp_operator.cpp,294,cpp,ALG-resample,HUMAN,ALG-resample-001,默认保留（非产出面或非数据形态）
lib/algorithms/resample/p3_rsmp_propagation.cpp,256,cpp,ALG-resample,HUMAN,ALG-resample-001,默认保留（非产出面或非数据形态）
lib/algorithms/resample/p3_rsmp_units.cpp,209,cpp,ALG-resample,HUMAN,ALG-resample-001,默认保留（非产出面或非数据形态）
lib/algorithms/resample/tests/p3rsmp/p3_nan_mask_test.cpp,437,cpp,ALG-resample,HUMAN,ALG-resample-001,默认保留（非产出面或非数据形态）
lib/algorithms/resample/tests/p3rsmp/p3_resample_probe_main.cpp,68,cpp,ALG-resample,HUMAN,ALG-resample-001,默认保留（非产出面或非数据形态）
lib/algorithms/sampling/README.md,125,md,ALG-sampling,HUMAN,TAIL-LIB-001,默认保留（非产出面或非数据形态）
lib/algorithms/sampling/memory.md,119,md,ALG-sampling,HUMAN,TAIL-LIB-001,默认保留（非产出面或非数据形态）
lib/algorithms/sampling/module.yaml,113,yaml,ALG-sampling,HUMAN,TAIL-LIB-001,默认保留（非产出面或非数据形态）
lib/algorithms/shared/.gitignore,14,gitignore,ALG-shared,HUMAN,TAIL-LIB-001,默认保留（非产出面或非数据形态）
lib/algorithms/shared/Makefile,49,,ALG-shared,HUMAN,TAIL-LIB-001,默认保留（非产出面或非数据形态）
lib/algorithms/shared/README.md,23,md,ALG-shared,HUMAN,TAIL-LIB-001,默认保留（非产出面或非数据形态）
lib/algorithms/shared/crypto/sha256.cpp,120,cpp,ALG-shared,HUMAN,TAIL-LIB-001,默认保留（非产出面或非数据形态）
lib/algorithms/shared/crypto/sha256.h,36,h,ALG-shared,HUMAN,TAIL-LIB-001,默认保留（非产出面或非数据形态）
lib/algorithms/shared/dirent_win.h,73,h,ALG-shared,HUMAN,TAIL-LIB-001,默认保留（非产出面或非数据形态）
lib/algorithms/shared/healpix/THIRD_PARTY_NOTICE.md,31,md,ALG-shared,HUMAN,TAIL-LIB-001,默认保留（非产出面或非数据形态）
lib/algorithms/shared/healpix/healpix_core.cpp,516,cpp,ALG-shared,HUMAN,TAIL-LIB-001,默认保留（非产出面或非数据形态）
lib/algorithms/shared/healpix/healpix_core.h,114,h,ALG-shared,HUMAN,TAIL-LIB-001,默认保留（非产出面或非数据形态）
lib/algorithms/shared/healpix/tests/gen_spatial_fuzz.py,56,py,ALG-shared,HUMAN,TAIL-LIB-001,默认保留（非产出面或非数据形态）
lib/algorithms/shared/healpix/tests/snr_hips_spatial_oracle.py,75,py,ALG-shared,HUMAN,TAIL-LIB-001,默认保留（非产出面或非数据形态）
lib/algorithms/shared/healpix/tests/test_healpix_neighbors.cpp,245,cpp,ALG-shared,HUMAN,TAIL-LIB-001,默认保留（非产出面或非数据形态）
lib/algorithms/shared/healpix/tests/test_healpix_oracle.cpp,118,cpp,ALG-shared,HUMAN,TAIL-LIB-001,默认保留（非产出面或非数据形态）
lib/algorithms/shared/healpix/tests/test_hips_tile_mapping.cpp,88,cpp,ALG-shared,HUMAN,TAIL-LIB-001,默认保留（非产出面或非数据形态）
lib/algorithms/shared/include/astro_scalar.h,138,h,ALG-shared,HUMAN,TAIL-LIB-001,默认保留（非产出面或非数据形态）
lib/algorithms/shared/include/precision_context.h,57,h,ALG-shared,HUMAN,TAIL-LIB-001,默认保留（非产出面或非数据形态）
lib/algorithms/shared/tests/test_precision.cpp,141,cpp,ALG-shared,HUMAN,TAIL-LIB-001,默认保留（非产出面或非数据形态）
lib/algorithms/star_detection/.gitignore,29,gitignore,ALG-star_detection,HUMAN,ALG-star_detection-001,默认保留（非产出面或非数据形态）
lib/algorithms/star_detection/CHANGELOG.md,156,md,ALG-star_detection,HUMAN,ALG-star_detection-001,默认保留（非产出面或非数据形态）
lib/algorithms/star_detection/Makefile,75,,ALG-star_detection,HUMAN,ALG-star_detection-001,默认保留（非产出面或非数据形态）
lib/algorithms/star_detection/README.md,203,md,ALG-star_detection,HUMAN,ALG-star_detection-001,默认保留（非产出面或非数据形态）
lib/algorithms/star_detection/include/star_detector.h,145,h,ALG-star_detection,HUMAN,ALG-star_detection-001,默认保留（非产出面或非数据形态）
lib/algorithms/star_detection/memory.md,110,md,ALG-star_detection,HUMAN,ALG-star_detection-001,默认保留（非产出面或非数据形态）
lib/algorithms/star_detection/module.yaml,171,yaml,ALG-star_detection,HUMAN,ALG-star_detection-001,默认保留（非产出面或非数据形态）
lib/algorithms/star_detection/src/nls_lm.cpp,464,cpp,ALG-star_detection,HUMAN,ALG-star_detection-001,默认保留（非产出面或非数据形态）
lib/algorithms/star_detection/src/nls_lm.h,130,h,ALG-star_detection,HUMAN,ALG-star_detection-001,默认保留（非产出面或非数据形态）
lib/algorithms/star_detection/src/sdet_angle_guard.h,70,h,ALG-star_detection,HUMAN,ALG-star_detection-001,默认保留（非产出面或非数据形态）
lib/algorithms/star_detection/src/sdet_api.cpp,2491,cpp,ALG-star_detection,HUMAN,ALG-star_detection-001,默认保留（非产出面或非数据形态）
lib/algorithms/star_detection/src/sdet_image.cpp,864,cpp,ALG-star_detection,HUMAN,ALG-star_detection-001,默认保留（非产出面或非数据形态）
lib/algorithms/star_detection/src/sdet_image.h,43,h,ALG-star_detection,HUMAN,ALG-star_detection-001,默认保留（非产出面或非数据形态）
lib/algorithms/star_detection/src/sdet_log.cpp,89,cpp,ALG-star_detection,HUMAN,ALG-star_detection-001,默认保留（非产出面或非数据形态）
lib/algorithms/star_detection/src/sdet_log.h,10,h,ALG-star_detection,HUMAN,ALG-star_detection-001,默认保留（非产出面或非数据形态）
lib/algorithms/star_detection/src/sdet_test_probe.h,26,h,ALG-star_detection,HUMAN,ALG-star_detection-001,默认保留（非产出面或非数据形态）
lib/algorithms/star_detection/test/sdet_angle_guard_test.cpp,133,cpp,ALG-star_detection,HUMAN,ALG-star_detection-001,默认保留（非产出面或非数据形态）
lib/algorithms/star_detection/test/sdet_deblend_contrast_oracle_test.cpp,193,cpp,ALG-star_detection,HUMAN,ALG-star_detection-001,默认保留（非产出面或非数据形态）
lib/algorithms/star_detection/test/sdet_fp64_test.cpp,102,cpp,ALG-star_detection,HUMAN,ALG-star_detection-001,默认保留（非产出面或非数据形态）
lib/algorithms/star_detection/test/sdet_saturation_cursor_test.cpp,252,cpp,ALG-star_detection,HUMAN,ALG-star_detection-001,默认保留（非产出面或非数据形态）
lib/algorithms/star_detection/tests/p1star/CMakeLists.txt,346,txt,ALG-star_detection,HUMAN,ALG-star_detection-001,默认保留（非产出面或非数据形态）
lib/algorithms/star_detection/tests/p1star/p1star_fixtures.hpp,364,hpp,ALG-star_detection,HUMAN,ALG-star_detection-001,默认保留（非产出面或非数据形态）
lib/algorithms/star_detection/tests/p1star/p1star_guided_test.cpp,310,cpp,ALG-star_detection,HUMAN,ALG-star_detection-001,默认保留（非产出面或非数据形态）
lib/algorithms/star_detection/tests/p1star/p1star_mad_check.cpp,125,cpp,ALG-star_detection,HUMAN,ALG-star_detection-001,默认保留（非产出面或非数据形态）
lib/algorithms/star_detection/tests/p1star/p1star_nls_lm_test.cpp,394,cpp,ALG-star_detection,HUMAN,ALG-star_detection-001,默认保留（非产出面或非数据形态）
lib/algorithms/star_detection/tests/p1star/p1star_oracle.hpp,97,hpp,ALG-star_detection,HUMAN,ALG-star_detection-001,默认保留（非产出面或非数据形态）
lib/algorithms/star_detection/tests/p1star/p1star_psf_shape_gate_test.cpp,292,cpp,ALG-star_detection,HUMAN,ALG-star_detection-001,默认保留（非产出面或非数据形态）
lib/algorithms/star_detection/tests/p1star/p1star_reject_gate_test.cpp,237,cpp,ALG-star_detection,HUMAN,ALG-star_detection-001,默认保留（非产出面或非数据形态）
lib/algorithms/star_detection/tests/p1star/p1star_test_main.hpp,103,hpp,ALG-star_detection,HUMAN,ALG-star_detection-001,默认保留（非产出面或非数据形态）
lib/algorithms/star_detection/tests/p1star/p1star_tests_core.cpp,1014,cpp,ALG-star_detection,HUMAN,ALG-star_detection-001,默认保留（非产出面或非数据形态）
lib/algorithms/star_detection/tests/p1star/p1star_tests_main.cpp,37,cpp,ALG-star_detection,HUMAN,ALG-star_detection-001,默认保留（非产出面或非数据形态）
lib/algorithms/star_detection/tests/p1star/p1star_tests_perf.cpp,123,cpp,ALG-star_detection,HUMAN,ALG-star_detection-001,默认保留（非产出面或非数据形态）
lib/algorithms/star_detection/tests/p1star/p1star_tests_selfcheck.cpp,143,cpp,ALG-star_detection,HUMAN,ALG-star_detection-001,默认保留（非产出面或非数据形态）
lib/algorithms/star_detection/tests/p1star/p1stardet_node_gate_test.cpp,583,cpp,ALG-star_detection,HUMAN,ALG-star_detection-001,默认保留（非产出面或非数据形态）
lib/algorithms/star_detection/tests/p1star/sdet_oom_interposer.c,96,c,ALG-star_detection,HUMAN,ALG-star_detection-001,默认保留（非产出面或非数据形态）
lib/algorithms/star_detection/wrapper_phase1/README.md,33,md,ALG-star_detection,HUMAN,ALG-star_detection-001,默认保留（非产出面或非数据形态）
lib/algorithms/star_detection/wrapper_phase1/star_detector.cpp,292,cpp,ALG-star_detection,HUMAN,ALG-star_detection-001,默认保留（非产出面或非数据形态）
lib/algorithms/star_detection/wrapper_phase1/star_detector.h,64,h,ALG-star_detection,HUMAN,ALG-star_detection-001,默认保留（非产出面或非数据形态）
lib/algorithms/upm/README.md,220,md,ALG-upm,HUMAN,TAIL-LIB-001,默认保留（非产出面或非数据形态）
lib/algorithms/upm/memory.md,165,md,ALG-upm,HUMAN,TAIL-LIB-001,默认保留（非产出面或非数据形态）
lib/algorithms/upm/module.yaml,143,yaml,ALG-upm,HUMAN,TAIL-LIB-001,默认保留（非产出面或非数据形态）
lib/include/acsd/README.md,21,md,LIB-OTH,HUMAN,LIB-OTH-001,默认保留（非产出面或非数据形态）
lib/include/acsd/abi/artifact_api_v1.h,106,h,LIB-OTH,HUMAN,LIB-OTH-001,默认保留（非产出面或非数据形态）
lib/include/acsd/abi/host_api_v1.h,101,h,LIB-OTH,HUMAN,LIB-OTH-001,默认保留（非产出面或非数据形态）
lib/include/acsd/abi/lifecycle_v1.h,299,h,LIB-OTH,HUMAN,LIB-OTH-001,默认保留（非产出面或非数据形态）
lib/include/acsd/abi/module_api_v1.h,151,h,LIB-OTH,HUMAN,LIB-OTH-001,默认保留（非产出面或非数据形态）
lib/include/acsd/abi/status_codes.h,217,h,LIB-OTH,HUMAN,LIB-OTH-001,默认保留（非产出面或非数据形态）
lib/include/acsd/common_abi_v1.h,181,h,LIB-OTH,HUMAN,LIB-OTH-001,默认保留（非产出面或非数据形态）
lib/include/acsd/contracts/artifact_abi_v1.h,91,h,LIB-OTH,HUMAN,LIB-OTH-001,默认保留（非产出面或非数据形态）
lib/include/acsd/core/artifact.h,117,h,LIB-OTH,HUMAN,LIB-OTH-001,默认保留（非产出面或非数据形态）
lib/include/acsd/core/artifact_store.h,108,h,LIB-OTH,HUMAN,LIB-OTH-001,默认保留（非产出面或非数据形态）
lib/include/acsd/core/block_flow.h,114,h,LIB-OTH,HUMAN,LIB-OTH-001,默认保留（非产出面或非数据形态）
lib/include/acsd/core/block_frame.h,157,h,LIB-OTH,HUMAN,LIB-OTH-001,默认保留（非产出面或非数据形态）
lib/include/acsd/core/build_stamp.h,36,h,LIB-OTH,HUMAN,LIB-OTH-001,默认保留（非产出面或非数据形态）
lib/include/acsd/core/canonical_hash.h,43,h,LIB-OTH,HUMAN,LIB-OTH-001,默认保留（非产出面或非数据形态）
lib/include/acsd/core/checkpoint.h,80,h,LIB-OTH,HUMAN,LIB-OTH-001,默认保留（非产出面或非数据形态）
lib/include/acsd/core/context.h,266,h,LIB-OTH,HUMAN,LIB-OTH-001,默认保留（非产出面或非数据形态）
lib/include/acsd/core/contracts.h,231,h,LIB-OTH,HUMAN,LIB-OTH-001,默认保留（非产出面或非数据形态）
lib/include/acsd/core/executor.h,160,h,LIB-OTH,HUMAN,LIB-OTH-001,默认保留（非产出面或非数据形态）
lib/include/acsd/core/export_stream.h,183,h,LIB-OTH,HUMAN,LIB-OTH-001,默认保留（非产出面或非数据形态）
lib/include/acsd/core/logging.h,103,h,LIB-OTH,HUMAN,LIB-OTH-001,默认保留（非产出面或非数据形态）
lib/include/acsd/core/master_unit_guard.h,179,h,LIB-OTH,HUMAN,LIB-OTH-001,默认保留（非产出面或非数据形态）
lib/include/acsd/core/memory_budget.h,73,h,LIB-OTH,HUMAN,LIB-OTH-001,默认保留（非产出面或非数据形态）
lib/include/acsd/core/memory_pressure.h,259,h,LIB-OTH,HUMAN,LIB-OTH-001,默认保留（非产出面或非数据形态）
lib/include/acsd/core/module.h,120,h,LIB-OTH,HUMAN,LIB-OTH-001,默认保留（非产出面或非数据形态）
lib/include/acsd/core/module_adapters.h,39,h,LIB-OTH,HUMAN,LIB-OTH-001,默认保留（非产出面或非数据形态）
lib/include/acsd/core/mosaic_window.h,151,h,LIB-OTH,HUMAN,LIB-OTH-001,默认保留（非产出面或非数据形态）
lib/include/acsd/core/normalize_workflow.h,220,h,LIB-OTH,HUMAN,LIB-OTH-001,默认保留（非产出面或非数据形态）
lib/include/acsd/core/pipeline.h,74,h,LIB-OTH,HUMAN,LIB-OTH-001,默认保留（非产出面或非数据形态）
lib/include/acsd/core/plan_estimator.h,146,h,LIB-OTH,HUMAN,LIB-OTH-001,默认保留（非产出面或非数据形态）
lib/include/acsd/core/runtime.h,134,h,LIB-OTH,HUMAN,LIB-OTH-001,默认保留（非产出面或非数据形态）
lib/include/acsd/core/scheduler.h,123,h,LIB-OTH,HUMAN,LIB-OTH-001,默认保留（非产出面或非数据形态）
lib/include/acsd/core/trace.h,95,h,LIB-OTH,HUMAN,LIB-OTH-001,默认保留（非产出面或非数据形态）
lib/include/acsd/core/variance_floor.h,162,h,LIB-OTH,HUMAN,LIB-OTH-001,默认保留（非产出面或非数据形态）
lib/include/acsd/core/wcs_degrade_policy.h,183,h,LIB-OTH,HUMAN,LIB-OTH-001,默认保留（非产出面或非数据形态）
lib/include/acsd/io/aio_abi_v1.h,167,h,LIB-OTH,HUMAN,LIB-OTH-001,默认保留（非产出面或非数据形态）
lib/include/acsd/io/io_adapter.h,74,h,LIB-OTH,HUMAN,LIB-OTH-001,默认保留（非产出面或非数据形态）
lib/infrastructure/acr/.gitignore,4,gitignore,INF-acr,HUMAN,INF-acr-002,默认保留（非产出面或非数据形态）
lib/infrastructure/acr/CMakeLists.txt,253,txt,INF-acr,HUMAN,INF-acr-001,默认保留（非产出面或非数据形态）
lib/infrastructure/acr/README.md,93,md,INF-acr,HUMAN,INF-acr-003,默认保留（非产出面或非数据形态）
lib/infrastructure/acr/api/CMakeLists.txt,9,txt,INF-acr,HUMAN,INF-acr-005,默认保留（非产出面或非数据形态）
lib/infrastructure/acr/api/event.cpp,79,cpp,INF-acr,HUMAN,INF-acr-003,默认保留（非产出面或非数据形态）
lib/infrastructure/acr/api/kernel_registry.cpp,110,cpp,INF-acr,HUMAN,INF-acr-003,默认保留（非产出面或非数据形态）
lib/infrastructure/acr/backends/classic/CMakeLists.txt,11,txt,INF-acr,HUMAN,INF-acr-002,默认保留（非产出面或非数据形态）
lib/infrastructure/acr/backends/classic/classic_kernels.cpp,227,cpp,INF-acr,HUMAN,INF-acr-002,默认保留（非产出面或非数据形态）
lib/infrastructure/acr/backends/classic/classic_kernels.hpp,29,hpp,INF-acr,HUMAN,INF-acr-005,默认保留（非产出面或非数据形态）
lib/infrastructure/acr/backends/cpu/CMakeLists.txt,18,txt,INF-acr,HUMAN,INF-acr-001,默认保留（非产出面或非数据形态）
lib/infrastructure/acr/backends/cpu/isa/avx.cpp,43,cpp,INF-acr,HUMAN,INF-acr-004,默认保留（非产出面或非数据形态）
lib/infrastructure/acr/backends/cpu/isa/avx2.cpp,45,cpp,INF-acr,HUMAN,INF-acr-003,默认保留（非产出面或非数据形态）
lib/infrastructure/acr/backends/cpu/isa/avx512.cpp,49,cpp,INF-acr,HUMAN,INF-acr-001,默认保留（非产出面或非数据形态）
lib/infrastructure/acr/backends/cpu/isa/dispatch.cpp,17,cpp,INF-acr,HUMAN,INF-acr-005,默认保留（非产出面或非数据形态）
lib/infrastructure/acr/backends/cpu/isa/isa_kernels.hpp,43,hpp,INF-acr,HUMAN,INF-acr-005,默认保留（非产出面或非数据形态）
lib/infrastructure/acr/backends/cpu/isa/scalar.cpp,13,cpp,INF-acr,HUMAN,INF-acr-003,默认保留（非产出面或非数据形态）
lib/infrastructure/acr/backends/cpu/isa/sse.cpp,44,cpp,INF-acr,HUMAN,INF-acr-001,默认保留（非产出面或非数据形态）
lib/infrastructure/acr/backends/cuda/CMakeLists.txt,78,txt,INF-acr,HUMAN,INF-acr-002,默认保留（非产出面或非数据形态）
lib/infrastructure/acr/backends/cuda/bridge/acr_cuda_bridge.h,242,h,INF-acr,HUMAN,INF-acr-004,默认保留（非产出面或非数据形态）
lib/infrastructure/acr/backends/cuda/bridge/acr_cuda_bridge_host.cpp,1065,cpp,INF-acr,HUMAN,INF-acr-005,默认保留（非产出面或非数据形态）
lib/infrastructure/acr/backends/cuda/bridge/acr_cuda_bridge_kernels.cu,361,cu,INF-acr,HUMAN,INF-acr-003,默认保留（非产出面或非数据形态）
lib/infrastructure/acr/backends/cuda/bridge/cuda_bridge_api.hpp,103,hpp,INF-acr,HUMAN,INF-acr-003,默认保留（非产出面或非数据形态）
lib/infrastructure/acr/backends/cuda/cuda_backend.cu,207,cu,INF-acr,HUMAN,INF-acr-001,默认保留（非产出面或非数据形态）
lib/infrastructure/acr/backends/cuda/cuda_backend.hpp,125,hpp,INF-acr,HUMAN,INF-acr-002,默认保留（非产出面或非数据形态）
lib/infrastructure/acr/backends/cuda/cuda_bridge_loader.cpp,388,cpp,INF-acr,HUMAN,INF-acr-004,默认保留（非产出面或非数据形态）
lib/infrastructure/acr/backends/cuda/cuda_buffer.cpp,18,cpp,INF-acr,HUMAN,INF-acr-002,默认保留（非产出面或非数据形态）
lib/infrastructure/acr/backends/cuda/cuda_buffer.hpp,164,hpp,INF-acr,HUMAN,INF-acr-001,默认保留（非产出面或非数据形态）
lib/infrastructure/acr/backends/cuda/cuda_executor.cpp,185,cpp,INF-acr,HUMAN,INF-acr-002,默认保留（非产出面或非数据形态）
lib/infrastructure/acr/backends/cuda/cuda_executor.hpp,79,hpp,INF-acr,HUMAN,INF-acr-004,默认保留（非产出面或非数据形态）
lib/infrastructure/acr/ci/sha256_utf8.py,218,py,INF-acr,HUMAN,INF-acr-002,默认保留（非产出面或非数据形态）
lib/infrastructure/acr/core/CMakeLists.txt,13,txt,INF-acr,HUMAN,INF-acr-001,默认保留（非产出面或非数据形态）
lib/infrastructure/acr/core/runtime.cpp,839,cpp,INF-acr,HUMAN,INF-acr-005,默认保留（非产出面或非数据形态）
lib/infrastructure/acr/core/task_descriptor.cpp,40,cpp,INF-acr,HUMAN,INF-acr-004,默认保留（非产出面或非数据形态）
lib/infrastructure/acr/core/task_descriptor.hpp,136,hpp,INF-acr,HUMAN,INF-acr-001,默认保留（非产出面或非数据形态）
lib/infrastructure/acr/cost/CMakeLists.txt,18,txt,INF-acr,HUMAN,INF-acr-004,默认保留（非产出面或非数据形态）
lib/infrastructure/acr/cost/cost_estimator.cpp,658,cpp,INF-acr,HUMAN,INF-acr-002,默认保留（非产出面或非数据形态）
lib/infrastructure/acr/cost/cost_estimator.hpp,188,hpp,INF-acr,HUMAN,INF-acr-003,默认保留（非产出面或非数据形态）
lib/infrastructure/acr/diagnostics/CMakeLists.txt,9,txt,INF-acr,HUMAN,INF-acr-005,默认保留（非产出面或非数据形态）
lib/infrastructure/acr/diagnostics/hardware_report.cpp,82,cpp,INF-acr,HUMAN,INF-acr-004,默认保留（非产出面或非数据形态）
lib/infrastructure/acr/docs/ADR-001-alpaka.md,69,md,INF-acr,HUMAN,INF-acr-002,默认保留（非产出面或非数据形态）
lib/infrastructure/acr/docs/ADR-002-oneTBB.md,74,md,INF-acr,HUMAN,INF-acr-003,默认保留（非产出面或非数据形态）
lib/infrastructure/acr/docs/ADR-003-hwloc.md,70,md,INF-acr,HUMAN,INF-acr-001,默认保留（非产出面或非数据形态）
lib/infrastructure/acr/docs/ADR-004-cpu_features.md,76,md,INF-acr,HUMAN,INF-acr-001,默认保留（非产出面或非数据形态）
lib/infrastructure/acr/docs/ADR-005-google-benchmark.md,80,md,INF-acr,HUMAN,INF-acr-002,默认保留（非产出面或非数据形态）
lib/infrastructure/acr/docs/ADR-006-googletest.md,77,md,INF-acr,HUMAN,INF-acr-004,默认保留（非产出面或非数据形态）
lib/infrastructure/acr/docs/ADR-007-starpu-optional.md,86,md,INF-acr,HUMAN,INF-acr-002,默认保留（非产出面或非数据形态）
lib/infrastructure/acr/docs/ADR-008-cmake-fetchcontent.md,82,md,INF-acr,HUMAN,INF-acr-001,默认保留（非产出面或非数据形态）
lib/infrastructure/acr/docs/ADR-009-cpu-only-build-gate.md,79,md,INF-acr,HUMAN,INF-acr-003,默认保留（非产出面或非数据形态）
lib/infrastructure/acr/docs/ADR-010-delete-per-kernel-routing.md,57,md,INF-acr,HUMAN,INF-acr-002,默认保留（非产出面或非数据形态）
lib/infrastructure/acr/docs/audit-report.md,83,md,INF-acr,HUMAN,INF-acr-005,默认保留（非产出面或非数据形态）
lib/infrastructure/acr/docs/dependency-lock.json,196,json,INF-acr,HUMAN,INF-acr-004,A1 裁定（采 G1）: 每条依赖含 purpose 散文、license_spdx、compiled_into_binary / header_only / optional / platforms 等**人工法务与治理判断**；本件是 05_OPEN_SOURCE_REUSE_PLAN.md §11 的开源复用管控正本。generated_at 只是落款时间戳，不构成「内容可再产出」的证据。
lib/infrastructure/acr/docs/forbidden-paths.md,50,md,INF-acr,HUMAN,INF-acr-002,默认保留（非产出面或非数据形态）
lib/infrastructure/acr/examples/CMakeLists.txt,16,txt,INF-acr,HUMAN,INF-acr-001,默认保留（非产出面或非数据形态）
lib/infrastructure/acr/examples/cuda_axpy.cu,93,cu,INF-acr,HUMAN,INF-acr-001,默认保留（非产出面或非数据形态）
lib/infrastructure/acr/examples/legacy_chunk_adapter.cpp,66,cpp,INF-acr,HUMAN,INF-acr-004,默认保留（非产出面或非数据形态）
lib/infrastructure/acr/examples/minimal_parallel_for.cpp,62,cpp,INF-acr,HUMAN,INF-acr-005,默认保留（非产出面或非数据形态）
lib/infrastructure/acr/examples/weighted_integration/CMakeLists.txt,56,txt,INF-acr,HUMAN,INF-acr-005,默认保留（非产出面或非数据形态）
lib/infrastructure/acr/examples/weighted_integration/route_profile_calibration.cpp,1546,cpp,INF-acr,HUMAN,INF-acr-003,默认保留（非产出面或非数据形态）
lib/infrastructure/acr/examples/weighted_integration/route_profile_calibration.hpp,86,hpp,INF-acr,HUMAN,INF-acr-003,默认保留（非产出面或非数据形态）
lib/infrastructure/acr/examples/weighted_integration/weighted_integration_benchmark.cpp,1596,cpp,INF-acr,HUMAN,INF-acr-002,默认保留（非产出面或非数据形态）
lib/infrastructure/acr/examples/weighted_integration/weighted_integration_common.hpp,127,hpp,INF-acr,HUMAN,INF-acr-004,默认保留（非产出面或非数据形态）
lib/infrastructure/acr/examples/weighted_integration/weighted_integration_kernels.cpp,164,cpp,INF-acr,HUMAN,INF-acr-002,默认保留（非产出面或非数据形态）
lib/infrastructure/acr/examples/weighted_integration/weighted_integration_kernels.hpp,20,hpp,INF-acr,HUMAN,INF-acr-001,默认保留（非产出面或非数据形态）
lib/infrastructure/acr/include/astro/compute/acr.hpp,497,hpp,INF-acr,HUMAN,INF-acr-004,默认保留（非产出面或非数据形态）
lib/infrastructure/acr/include/astro/compute/hardware_profile.hpp,401,hpp,INF-acr,HUMAN,INF-acr-005,默认保留（非产出面或非数据形态）
lib/infrastructure/acr/include/astro/compute/kernel_registry.hpp,231,hpp,INF-acr,HUMAN,INF-acr-005,默认保留（非产出面或非数据形态）
lib/infrastructure/acr/include/astro/compute/runtime_internal.h,57,h,INF-acr,HUMAN,INF-acr-001,默认保留（非产出面或非数据形态）
lib/infrastructure/acr/include/astro/compute/task_traits.hpp,202,hpp,INF-acr,HUMAN,INF-acr-004,默认保留（非产出面或非数据形态）
lib/infrastructure/acr/include/astro/compute/topology.hpp,108,hpp,INF-acr,HUMAN,INF-acr-002,默认保留（非产出面或非数据形态）
lib/infrastructure/acr/memory.md,767,md,INF-acr,HUMAN,INF-acr-002,默认保留（非产出面或非数据形态）
lib/infrastructure/acr/profile/CMakeLists.txt,19,txt,INF-acr,HUMAN,INF-acr-003,默认保留（非产出面或非数据形态）
lib/infrastructure/acr/profile/profile_reader.cpp,610,cpp,INF-acr,HUMAN,INF-acr-001,默认保留（非产出面或非数据形态）
lib/infrastructure/acr/profile/profile_reader.hpp,76,hpp,INF-acr,HUMAN,INF-acr-001,默认保留（非产出面或非数据形态）
lib/infrastructure/acr/qualification/CMakeLists.txt,119,txt,INF-acr,HUMAN,INF-acr-004,默认保留（非产出面或非数据形态）
lib/infrastructure/acr/qualification/benchmark_driver.cpp,801,cpp,INF-acr,HUMAN,INF-acr-003,默认保留（非产出面或非数据形态）
lib/infrastructure/acr/qualification/benchmark_driver.hpp,132,hpp,INF-acr,HUMAN,INF-acr-002,默认保留（非产出面或非数据形态）
lib/infrastructure/acr/qualification/benchmarks/arithmetic_benchmark.cpp,505,cpp,INF-acr,HUMAN,INF-acr-005,默认保留（非产出面或非数据形态）
lib/infrastructure/acr/qualification/benchmarks/atomic_benchmark.cpp,179,cpp,INF-acr,HUMAN,INF-acr-003,默认保留（非产出面或非数据形态）
lib/infrastructure/acr/qualification/benchmarks/benchmark_common.hpp,332,hpp,INF-acr,HUMAN,INF-acr-001,默认保留（非产出面或非数据形态）
lib/infrastructure/acr/qualification/benchmarks/benchmark_main.cpp,102,cpp,INF-acr,HUMAN,INF-acr-004,默认保留（非产出面或非数据形态）
lib/infrastructure/acr/qualification/benchmarks/branch_benchmark.cpp,193,cpp,INF-acr,HUMAN,INF-acr-003,默认保留（非产出面或非数据形态）
lib/infrastructure/acr/qualification/benchmarks/convolution_benchmark.cpp,142,cpp,INF-acr,HUMAN,INF-acr-004,默认保留（非产出面或非数据形态）
lib/infrastructure/acr/qualification/benchmarks/irregular_benchmark.cpp,183,cpp,INF-acr,HUMAN,INF-acr-005,默认保留（非产出面或非数据形态）
lib/infrastructure/acr/qualification/benchmarks/numa_benchmark.cpp,334,cpp,INF-acr,HUMAN,INF-acr-002,默认保留（非产出面或非数据形态）
lib/infrastructure/acr/qualification/benchmarks/overhead_benchmark.cpp,137,cpp,INF-acr,HUMAN,INF-acr-005,默认保留（非产出面或非数据形态）
lib/infrastructure/acr/qualification/benchmarks/reduction_benchmark.cpp,266,cpp,INF-acr,HUMAN,INF-acr-003,默认保留（非产出面或非数据形态）
lib/infrastructure/acr/qualification/benchmarks/stream_benchmark.cpp,372,cpp,INF-acr,HUMAN,INF-acr-005,默认保留（非产出面或非数据形态）
lib/infrastructure/acr/qualification/benchmarks/thread_curve_benchmark.cpp,135,cpp,INF-acr,HUMAN,INF-acr-003,默认保留（非产出面或非数据形态）
lib/infrastructure/acr/qualification/benchmarks/transfer_benchmark.cpp,190,cpp,INF-acr,HUMAN,INF-acr-001,默认保留（非产出面或非数据形态）
lib/infrastructure/acr/qualification/focused/acr_benchmark_focused_main.cpp,107,cpp,INF-acr,HUMAN,INF-acr-005,默认保留（非产出面或非数据形态）
lib/infrastructure/acr/qualification/focused/focused_benchmark.cpp,679,cpp,INF-acr,HUMAN,INF-acr-004,默认保留（非产出面或非数据形态）
lib/infrastructure/acr/qualification/focused/focused_benchmark.hpp,81,hpp,INF-acr,HUMAN,INF-acr-005,默认保留（非产出面或非数据形态）
lib/infrastructure/acr/qualification/focused/focused_operations.cpp,652,cpp,INF-acr,HUMAN,INF-acr-005,默认保留（非产出面或非数据形态）
lib/infrastructure/acr/qualification/focused/focused_operations.hpp,128,hpp,INF-acr,HUMAN,INF-acr-001,默认保留（非产出面或非数据形态）
lib/infrastructure/acr/qualification/focused/operation_profile.cpp,316,cpp,INF-acr,HUMAN,INF-acr-005,默认保留（非产出面或非数据形态）
lib/infrastructure/acr/qualification/focused/operation_profile.hpp,112,hpp,INF-acr,HUMAN,INF-acr-001,默认保留（非产出面或非数据形态）
lib/infrastructure/acr/qualification/profile_generator.cpp,734,cpp,INF-acr,HUMAN,INF-acr-005,默认保留（非产出面或非数据形态）
lib/infrastructure/acr/qualification/profile_generator.hpp,72,hpp,INF-acr,HUMAN,INF-acr-003,默认保留（非产出面或非数据形态）
lib/infrastructure/acr/qualification/profile_schema.hpp,113,hpp,INF-acr,HUMAN,INF-acr-005,默认保留（非产出面或非数据形态）
lib/infrastructure/acr/routing/CMakeLists.txt,15,txt,INF-acr,HUMAN,INF-acr-003,默认保留（非产出面或非数据形态）
lib/infrastructure/acr/routing/benchmark_route_estimator.cpp,610,cpp,INF-acr,HUMAN,INF-acr-004,默认保留（非产出面或非数据形态）
lib/infrastructure/acr/routing/benchmark_route_estimator.hpp,89,hpp,INF-acr,HUMAN,INF-acr-002,默认保留（非产出面或非数据形态）
lib/infrastructure/acr/routing/route_profile_v2.cpp,664,cpp,INF-acr,HUMAN,INF-acr-003,默认保留（非产出面或非数据形态）
lib/infrastructure/acr/routing/route_profile_v2.hpp,292,hpp,INF-acr,HUMAN,INF-acr-002,默认保留（非产出面或非数据形态）
lib/infrastructure/acr/scheduler/CMakeLists.txt,40,txt,INF-acr,HUMAN,INF-acr-001,默认保留（非产出面或非数据形态）
lib/infrastructure/acr/scheduler/current_state.cpp,165,cpp,INF-acr,HUMAN,INF-acr-005,默认保留（非产出面或非数据形态）
lib/infrastructure/acr/scheduler/current_state.hpp,125,hpp,INF-acr,HUMAN,INF-acr-003,默认保留（非产出面或非数据形态）
lib/infrastructure/acr/scheduler/device_executor.cpp,173,cpp,INF-acr,HUMAN,INF-acr-005,默认保留（非产出面或非数据形态）
lib/infrastructure/acr/scheduler/device_executor.hpp,181,hpp,INF-acr,HUMAN,INF-acr-002,默认保留（非产出面或非数据形态）
lib/infrastructure/acr/scheduler/dispatcher.cpp,2640,cpp,INF-acr,HUMAN,INF-acr-001,默认保留（非产出面或非数据形态）
lib/infrastructure/acr/scheduler/dispatcher.hpp,287,hpp,INF-acr,HUMAN,INF-acr-004,默认保留（非产出面或非数据形态）
lib/infrastructure/acr/scheduler/fallback.cpp,65,cpp,INF-acr,HUMAN,INF-acr-004,默认保留（非产出面或非数据形态）
lib/infrastructure/acr/scheduler/fallback.hpp,57,hpp,INF-acr,HUMAN,INF-acr-004,默认保留（非产出面或非数据形态）
lib/infrastructure/acr/scheduler/mixed_route_planner.cpp,139,cpp,INF-acr,HUMAN,INF-acr-003,默认保留（非产出面或非数据形态）
lib/infrastructure/acr/scheduler/mixed_route_planner.hpp,75,hpp,INF-acr,HUMAN,INF-acr-002,默认保留（非产出面或非数据形态）
lib/infrastructure/acr/scheduler/mixed_runner.cpp,121,cpp,INF-acr,HUMAN,INF-acr-003,默认保留（非产出面或非数据形态）
lib/infrastructure/acr/scheduler/mixed_runner.hpp,77,hpp,INF-acr,HUMAN,INF-acr-005,默认保留（非产出面或非数据形态）
lib/infrastructure/acr/scheduler/partitioner.cpp,132,cpp,INF-acr,HUMAN,INF-acr-005,默认保留（非产出面或非数据形态）
lib/infrastructure/acr/scheduler/partitioner.hpp,84,hpp,INF-acr,HUMAN,INF-acr-001,默认保留（非产出面或非数据形态）
lib/infrastructure/acr/scheduler/queue_aware.cpp,61,cpp,INF-acr,HUMAN,INF-acr-002,默认保留（非产出面或非数据形态）
lib/infrastructure/acr/scheduler/queue_aware.hpp,57,hpp,INF-acr,HUMAN,INF-acr-003,默认保留（非产出面或非数据形态）
lib/infrastructure/acr/scheduler/reduction_merger.cpp,58,cpp,INF-acr,HUMAN,INF-acr-005,默认保留（非产出面或非数据形态）
lib/infrastructure/acr/scheduler/reduction_merger.hpp,49,hpp,INF-acr,HUMAN,INF-acr-004,默认保留（非产出面或非数据形态）
lib/infrastructure/acr/scheduler/residency_manager.cpp,224,cpp,INF-acr,HUMAN,INF-acr-004,默认保留（非产出面或非数据形态）
lib/infrastructure/acr/scheduler/residency_manager.hpp,124,hpp,INF-acr,HUMAN,INF-acr-001,默认保留（非产出面或非数据形态）
lib/infrastructure/acr/scheduler/shared_work_pool.cpp,459,cpp,INF-acr,HUMAN,INF-acr-003,默认保留（非产出面或非数据形态）
lib/infrastructure/acr/scheduler/shared_work_pool.hpp,276,hpp,INF-acr,HUMAN,INF-acr-002,默认保留（非产出面或非数据形态）
lib/infrastructure/acr/schemas/compute_config.example.yaml,36,yaml,INF-acr,HUMAN,INF-acr-002,默认保留（非产出面或非数据形态）
lib/infrastructure/acr/schemas/evidence_manifest.schema.json,104,json,INF-acr,HUMAN,INF-acr-001,默认保留（非产出面或非数据形态）
lib/infrastructure/acr/schemas/hardware_profile.example.json,162,json,INF-acr,HUMAN,INF-acr-003,默认保留（非产出面或非数据形态）
lib/infrastructure/acr/schemas/hardware_profile.schema.json,252,json,INF-acr,HUMAN,INF-acr-005,默认保留（非产出面或非数据形态）
lib/infrastructure/acr/schemas/task_descriptor.schema.json,145,json,INF-acr,HUMAN,INF-acr-002,默认保留（非产出面或非数据形态）
lib/infrastructure/acr/tests/CMakeLists.txt,11,txt,INF-acr,HUMAN,INF-acr-004,默认保留（非产出面或非数据形态）
lib/infrastructure/acr/tests/classic/CMakeLists.txt,66,txt,INF-acr,HUMAN,INF-acr-005,默认保留（非产出面或非数据形态）
lib/infrastructure/acr/tests/classic/classic_common.hpp,300,hpp,INF-acr,HUMAN,INF-acr-002,默认保留（非产出面或非数据形态）
lib/infrastructure/acr/tests/classic/classic_main.cpp,61,cpp,INF-acr,HUMAN,INF-acr-001,默认保留（非产出面或非数据形态）
lib/infrastructure/acr/tests/classic/cpu_partition_coverage.cpp,245,cpp,INF-acr,HUMAN,INF-acr-003,默认保留（非产出面或非数据形态）
lib/infrastructure/acr/tests/classic/e01_memory.cpp,155,cpp,INF-acr,HUMAN,INF-acr-005,默认保留（非产出面或非数据形态）
lib/infrastructure/acr/tests/classic/e02_axpy.cpp,133,cpp,INF-acr,HUMAN,INF-acr-004,默认保留（非产出面或非数据形态）
lib/infrastructure/acr/tests/classic/e03_dot.cpp,178,cpp,INF-acr,HUMAN,INF-acr-004,默认保留（非产出面或非数据形态）
lib/infrastructure/acr/tests/classic/e04_transpose.cpp,220,cpp,INF-acr,HUMAN,INF-acr-001,默认保留（非产出面或非数据形态）
lib/infrastructure/acr/tests/classic/e05_convolution.cpp,392,cpp,INF-acr,HUMAN,INF-acr-003,默认保留（非产出面或非数据形态）
lib/infrastructure/acr/tests/classic/e06_resample.cpp,348,cpp,INF-acr,HUMAN,INF-acr-005,默认保留（非产出面或非数据形态）
lib/infrastructure/acr/tests/classic/e07_histogram.cpp,275,cpp,INF-acr,HUMAN,INF-acr-003,默认保留（非产出面或非数据形态）
lib/infrastructure/acr/tests/classic/e08_scan.cpp,284,cpp,INF-acr,HUMAN,INF-acr-001,默认保留（非产出面或非数据形态）
lib/infrastructure/acr/tests/classic/e09_gather_scatter.cpp,302,cpp,INF-acr,HUMAN,INF-acr-004,默认保留（非产出面或非数据形态）
lib/infrastructure/acr/tests/classic/e10_mandelbrot.cpp,184,cpp,INF-acr,HUMAN,INF-acr-001,默认保留（非产出面或非数据形态）
lib/infrastructure/acr/tests/classic/e11_gemm.cpp,214,cpp,INF-acr,HUMAN,INF-acr-003,默认保留（非产出面或非数据形态）
lib/infrastructure/acr/tests/classic/e12_fft.cpp,317,cpp,INF-acr,HUMAN,INF-acr-002,默认保留（非产出面或非数据形态）
lib/infrastructure/acr/tests/classic/e15_failure.cpp,203,cpp,INF-acr,HUMAN,INF-acr-003,默认保留（非产出面或非数据形态）
lib/infrastructure/acr/tests/classic/e16_concurrency.cpp,309,cpp,INF-acr,HUMAN,INF-acr-003,默认保留（非产出面或非数据形态）
lib/infrastructure/acr/tests/classic/e17_model_fit.cpp,337,cpp,INF-acr,HUMAN,INF-acr-001,默认保留（非产出面或非数据形态）
lib/infrastructure/acr/tests/classic/e18_workpool.cpp,321,cpp,INF-acr,HUMAN,INF-acr-004,默认保留（非产出面或非数据形态）
lib/infrastructure/acr/tests/classic/e20_fault_fallback.cpp,277,cpp,INF-acr,HUMAN,INF-acr-004,默认保留（非产出面或非数据形态）
lib/infrastructure/acr/tests/classic/e21_persistence_concurrency.cpp,273,cpp,INF-acr,HUMAN,INF-acr-004,默认保留（非产出面或非数据形态）
lib/infrastructure/acr/tests/fault/CMakeLists.txt,76,txt,INF-acr,HUMAN,INF-acr-004,默认保留（非产出面或非数据形态）
lib/infrastructure/acr/tests/fault/exit_safe.hpp,19,hpp,INF-acr,HUMAN,INF-acr-003,默认保留（非产出面或非数据形态）
lib/infrastructure/acr/tests/fault/fault_injection.cpp,113,cpp,INF-acr,HUMAN,INF-acr-005,默认保留（非产出面或非数据形态）
lib/infrastructure/acr/tests/fault/lifecycle_smoke.cpp,209,cpp,INF-acr,HUMAN,INF-acr-005,默认保留（非产出面或非数据形态）
lib/infrastructure/acr/tests/fault/persistence.cpp,166,cpp,INF-acr,HUMAN,INF-acr-002,默认保留（非产出面或非数据形态）
lib/infrastructure/acr/tests/fault/sanitizer_actual.cpp,190,cpp,INF-acr,HUMAN,INF-acr-005,默认保留（非产出面或非数据形态）
lib/infrastructure/acr/tests/integration/CMakeLists.txt,25,txt,INF-acr,HUMAN,INF-acr-002,默认保留（非产出面或非数据形态）
lib/infrastructure/acr/tests/integration/test_weighted_integration.cpp,427,cpp,INF-acr,HUMAN,INF-acr-001,默认保留（非产出面或非数据形态）
lib/infrastructure/acr/tests/sanitizer/CMakeLists.txt,41,txt,INF-acr,HUMAN,INF-acr-003,默认保留（非产出面或非数据形态）
lib/infrastructure/acr/tests/sanitizer/msvc_asan_main.cpp,226,cpp,INF-acr,HUMAN,INF-acr-003,默认保留（非产出面或非数据形态）
lib/infrastructure/acr/tests/sanitizer/run_acr_sanitizers.ps1,197,ps1,INF-acr,HUMAN,INF-acr-001,默认保留（非产出面或非数据形态）
lib/infrastructure/acr/tests/unit/CMakeLists.txt,299,txt,INF-acr,HUMAN,INF-acr-001,默认保留（非产出面或非数据形态）
lib/infrastructure/acr/tests/unit/test_api.cpp,361,cpp,INF-acr,HUMAN,INF-acr-002,默认保留（非产出面或非数据形态）
lib/infrastructure/acr/tests/unit/test_api_traits.cpp,314,cpp,INF-acr,HUMAN,INF-acr-001,默认保留（非产出面或非数据形态）
lib/infrastructure/acr/tests/unit/test_buffer.cpp,173,cpp,INF-acr,HUMAN,INF-acr-003,默认保留（非产出面或非数据形态）
lib/infrastructure/acr/tests/unit/test_cost.cpp,336,cpp,INF-acr,HUMAN,INF-acr-003,默认保留（非产出面或非数据形态）
lib/infrastructure/acr/tests/unit/test_cpu_profile.cpp,335,cpp,INF-acr,HUMAN,INF-acr-004,默认保留（非产出面或非数据形态）
lib/infrastructure/acr/tests/unit/test_cuda.cpp,564,cpp,INF-acr,HUMAN,INF-acr-002,默认保留（非产出面或非数据形态）
lib/infrastructure/acr/tests/unit/test_cuda_bridge.cpp,300,cpp,INF-acr,HUMAN,INF-acr-005,默认保留（非产出面或非数据形态）
lib/infrastructure/acr/tests/unit/test_cuda_bridge_chunk.cpp,176,cpp,INF-acr,HUMAN,INF-acr-001,默认保留（非产出面或非数据形态）
lib/infrastructure/acr/tests/unit/test_device_executor.cpp,200,cpp,INF-acr,HUMAN,INF-acr-002,默认保留（非产出面或非数据形态）
lib/infrastructure/acr/tests/unit/test_dispatcher_bdr.cpp,825,cpp,INF-acr,HUMAN,INF-acr-004,默认保留（非产出面或非数据形态）
lib/infrastructure/acr/tests/unit/test_focused_mixed.cpp,491,cpp,INF-acr,HUMAN,INF-acr-002,默认保留（非产出面或非数据形态）
lib/infrastructure/acr/tests/unit/test_focused_operation.cpp,255,cpp,INF-acr,HUMAN,INF-acr-002,默认保留（非产出面或非数据形态）
lib/infrastructure/acr/tests/unit/test_hardware_profile.cpp,323,cpp,INF-acr,HUMAN,INF-acr-003,默认保留（非产出面或非数据形态）
lib/infrastructure/acr/tests/unit/test_invocation_dispatch.cpp,574,cpp,INF-acr,HUMAN,INF-acr-003,默认保留（非产出面或非数据形态）
lib/infrastructure/acr/tests/unit/test_kernel_registry.cpp,274,cpp,INF-acr,HUMAN,INF-acr-001,默认保留（非产出面或非数据形态）
lib/infrastructure/acr/tests/unit/test_mixed_route.cpp,298,cpp,INF-acr,HUMAN,INF-acr-003,默认保留（非产出面或非数据形态）
lib/infrastructure/acr/tests/unit/test_profile_holdout.cpp,214,cpp,INF-acr,HUMAN,INF-acr-004,默认保留（非产出面或非数据形态）
lib/infrastructure/acr/tests/unit/test_qualification.cpp,169,cpp,INF-acr,HUMAN,INF-acr-004,默认保留（非产出面或非数据形态）
lib/infrastructure/acr/tests/unit/test_residency.cpp,197,cpp,INF-acr,HUMAN,INF-acr-002,默认保留（非产出面或非数据形态）
lib/infrastructure/acr/tests/unit/test_resource_control.cpp,353,cpp,INF-acr,HUMAN,INF-acr-004,默认保留（非产出面或非数据形态）
lib/infrastructure/acr/tests/unit/test_route_calibration.cpp,155,cpp,INF-acr,HUMAN,INF-acr-001,默认保留（非产出面或非数据形态）
lib/infrastructure/acr/tests/unit/test_route_estimator.cpp,368,cpp,INF-acr,HUMAN,INF-acr-001,默认保留（非产出面或非数据形态）
lib/infrastructure/acr/tests/unit/test_runtime_shutdown_reduce_concurrency.cpp,199,cpp,INF-acr,HUMAN,INF-acr-005,默认保留（非产出面或非数据形态）
lib/infrastructure/acr/tests/unit/test_scheduler.cpp,1462,cpp,INF-acr,HUMAN,INF-acr-004,默认保留（非产出面或非数据形态）
lib/infrastructure/acr/tests/unit/test_task_descriptor.cpp,187,cpp,INF-acr,HUMAN,INF-acr-004,默认保留（非产出面或非数据形态）
lib/infrastructure/acr/tests/unit/test_topology.cpp,252,cpp,INF-acr,HUMAN,INF-acr-002,默认保留（非产出面或非数据形态）
lib/infrastructure/acr/tests/unit/test_utilization.cpp,383,cpp,INF-acr,HUMAN,INF-acr-002,默认保留（非产出面或非数据形态）
lib/infrastructure/acr/tests/unit/test_work_pool.cpp,286,cpp,INF-acr,HUMAN,INF-acr-005,默认保留（非产出面或非数据形态）
lib/infrastructure/acr/tools/acr_benchmark/CMakeLists.txt,15,txt,INF-acr,HUMAN,INF-acr-002,默认保留（非产出面或非数据形态）
lib/infrastructure/acr/tools/acr_benchmark/main.cpp,111,cpp,INF-acr,HUMAN,INF-acr-004,默认保留（非产出面或非数据形态）
lib/infrastructure/acr/tools/acr_classic_runner/CMakeLists.txt,22,txt,INF-acr,HUMAN,INF-acr-004,默认保留（非产出面或非数据形态）
lib/infrastructure/acr/tools/acr_classic_runner/main.cpp,326,cpp,INF-acr,HUMAN,INF-acr-005,默认保留（非产出面或非数据形态）
lib/infrastructure/acr/tools/acr_report/CMakeLists.txt,14,txt,INF-acr,HUMAN,INF-acr-005,默认保留（非产出面或非数据形态）
lib/infrastructure/acr/tools/acr_report/main.cpp,92,cpp,INF-acr,HUMAN,INF-acr-005,默认保留（非产出面或非数据形态）
lib/infrastructure/acr/tools/acr_status/CMakeLists.txt,15,txt,INF-acr,HUMAN,INF-acr-004,默认保留（非产出面或非数据形态）
lib/infrastructure/acr/tools/acr_status/main.cpp,76,cpp,INF-acr,HUMAN,INF-acr-005,默认保留（非产出面或非数据形态）
lib/infrastructure/acr/topology/CMakeLists.txt,31,txt,INF-acr,HUMAN,INF-acr-005,默认保留（非产出面或非数据形态）
lib/infrastructure/acr/topology/cpu_features.cpp,122,cpp,INF-acr,HUMAN,INF-acr-002,默认保留（非产出面或非数据形态）
lib/infrastructure/acr/topology/hwloc_topo.cpp,223,cpp,INF-acr,HUMAN,INF-acr-005,默认保留（非产出面或非数据形态）
lib/infrastructure/acr/utilization/CMakeLists.txt,46,txt,INF-acr,HUMAN,INF-acr-003,默认保留（非产出面或非数据形态）
lib/infrastructure/acr/utilization/actual_tracker.cpp,274,cpp,INF-acr,HUMAN,INF-acr-005,默认保留（非产出面或非数据形态）
lib/infrastructure/acr/utilization/actual_tracker.hpp,108,hpp,INF-acr,HUMAN,INF-acr-002,默认保留（非产出面或非数据形态）
lib/infrastructure/acr/utilization/config_hot_read.cpp,164,cpp,INF-acr,HUMAN,INF-acr-004,默认保留（非产出面或非数据形态）
lib/infrastructure/acr/utilization/config_hot_read.hpp,99,hpp,INF-acr,HUMAN,INF-acr-004,默认保留（非产出面或非数据形态）
lib/infrastructure/acr/utilization/memory_budget.cpp,237,cpp,INF-acr,HUMAN,INF-acr-001,默认保留（非产出面或非数据形态）
lib/infrastructure/acr/utilization/memory_budget.hpp,123,hpp,INF-acr,HUMAN,INF-acr-005,默认保留（非产出面或非数据形态）
lib/infrastructure/acr/utilization/staging_ledger.cpp,61,cpp,INF-acr,HUMAN,INF-acr-003,默认保留（非产出面或非数据形态）
lib/infrastructure/acr/utilization/staging_ledger.hpp,44,hpp,INF-acr,HUMAN,INF-acr-002,默认保留（非产出面或非数据形态）
lib/infrastructure/acr/utilization/system_metrics.cpp,532,cpp,INF-acr,HUMAN,INF-acr-001,默认保留（非产出面或非数据形态）
lib/infrastructure/acr/utilization/system_metrics.hpp,117,hpp,INF-acr,HUMAN,INF-acr-001,默认保留（非产出面或非数据形态）
lib/infrastructure/aio/.gitignore,9,gitignore,INF-aio,HUMAN,INF-aio-003,默认保留（非产出面或非数据形态）
lib/infrastructure/aio/Makefile,84,,INF-aio,HUMAN,INF-aio-003,默认保留（非产出面或非数据形态）
lib/infrastructure/aio/README.md,249,md,INF-aio,HUMAN,INF-aio-005,默认保留（非产出面或非数据形态）
lib/infrastructure/aio/aio_build_config.full.json,11,json,INF-aio,HUMAN,INF-aio-004,默认保留（非产出面或非数据形态）
lib/infrastructure/aio/aio_build_config.healpix.json,11,json,INF-aio,HUMAN,INF-aio-005,默认保留（非产出面或非数据形态）
lib/infrastructure/aio/aio_build_config.json,11,json,INF-aio,HUMAN,INF-aio-006,默认保留（非产出面或非数据形态）
lib/infrastructure/aio/aio_build_config.minimal.json,11,json,INF-aio,HUMAN,INF-aio-004,默认保留（非产出面或非数据形态）
lib/infrastructure/aio/build.ps1,204,ps1,INF-aio,HUMAN,INF-aio-005,默认保留（非产出面或非数据形态）
lib/infrastructure/aio/docs/HEALPIX_FORMAT_SPEC.md,380,md,INF-aio,HUMAN,INF-aio-003,默认保留（非产出面或非数据形态）
lib/infrastructure/aio/healpix_db/.gitignore,22,gitignore,INF-aio,HUMAN,INF-aio-007,默认保留（非产出面或非数据形态）
lib/infrastructure/aio/healpix_db/README.md,113,md,INF-aio,HUMAN,INF-aio-002,默认保留（非产出面或非数据形态）
lib/infrastructure/aio/healpix_db/archive/legacy/healpix_stack/.gitignore,14,gitignore,INF-aio,HUMAN,INF-aio-003,默认保留（非产出面或非数据形态）
lib/infrastructure/aio/healpix_db/archive/legacy/healpix_stack/Makefile,53,,INF-aio,HUMAN,INF-aio-004,默认保留（非产出面或非数据形态）
lib/infrastructure/aio/healpix_db/archive/legacy/healpix_stack/README.md,79,md,INF-aio,HUMAN,INF-aio-007,默认保留（非产出面或非数据形态）
lib/infrastructure/aio/healpix_db/archive/legacy/healpix_stack/ahps_format.h,69,h,INF-aio,HUMAN,INF-aio-002,默认保留（非产出面或非数据形态）
lib/infrastructure/aio/healpix_db/archive/legacy/healpix_stack/ahps_reader.cpp,453,cpp,INF-aio,HUMAN,INF-aio-002,默认保留（非产出面或非数据形态）
lib/infrastructure/aio/healpix_db/archive/legacy/healpix_stack/ahps_reader.h,84,h,INF-aio,HUMAN,INF-aio-004,默认保留（非产出面或非数据形态）
lib/infrastructure/aio/healpix_db/archive/legacy/healpix_stack/ahps_writer.cpp,407,cpp,INF-aio,HUMAN,INF-aio-001,默认保留（非产出面或非数据形态）
lib/infrastructure/aio/healpix_db/archive/legacy/healpix_stack/ahps_writer.h,83,h,INF-aio,HUMAN,INF-aio-002,默认保留（非产出面或非数据形态）
lib/infrastructure/aio/healpix_db/archive/legacy/healpix_stack/build.ps1,151,ps1,INF-aio,HUMAN,INF-aio-005,默认保留（非产出面或非数据形态）
lib/infrastructure/aio/healpix_db/archive/legacy/healpix_stack/gradient/corrected_stacker.cpp,384,cpp,INF-aio,HUMAN,INF-aio-004,默认保留（非产出面或非数据形态）
lib/infrastructure/aio/healpix_db/archive/legacy/healpix_stack/gradient/corrected_stacker.h,129,h,INF-aio,HUMAN,INF-aio-001,默认保留（非产出面或非数据形态）
lib/infrastructure/aio/healpix_db/archive/legacy/healpix_stack/gradient/gradient_fitter.cpp,289,cpp,INF-aio,HUMAN,INF-aio-001,默认保留（非产出面或非数据形态）
lib/infrastructure/aio/healpix_db/archive/legacy/healpix_stack/gradient/gradient_fitter.h,147,h,INF-aio,HUMAN,INF-aio-002,默认保留（非产出面或非数据形态）
lib/infrastructure/aio/healpix_db/archive/legacy/healpix_stack/gradient/gradient_sampler.cpp,612,cpp,INF-aio,HUMAN,INF-aio-003,默认保留（非产出面或非数据形态）
lib/infrastructure/aio/healpix_db/archive/legacy/healpix_stack/gradient/gradient_sampler.h,128,h,INF-aio,HUMAN,INF-aio-002,默认保留（非产出面或非数据形态）
lib/infrastructure/aio/healpix_db/archive/legacy/healpix_stack/gradient/nanoflann.hpp,4091,hpp,INF-aio,HUMAN,INF-aio-001,默认保留（非产出面或非数据形态）
lib/infrastructure/aio/healpix_db/archive/legacy/healpix_stack/gradient/snr_evaluator.cpp,369,cpp,INF-aio,HUMAN,INF-aio-002,默认保留（非产出面或非数据形态）
lib/infrastructure/aio/healpix_db/archive/legacy/healpix_stack/gradient/snr_evaluator.h,118,h,INF-aio,HUMAN,INF-aio-003,默认保留（非产出面或非数据形态）
lib/infrastructure/aio/healpix_db/archive/legacy/healpix_stack/gradient/spherical_spline.cpp,289,cpp,INF-aio,HUMAN,INF-aio-007,默认保留（非产出面或非数据形态）
lib/infrastructure/aio/healpix_db/archive/legacy/healpix_stack/gradient/spherical_spline.h,173,h,INF-aio,HUMAN,INF-aio-007,默认保留（非产出面或非数据形态）
lib/infrastructure/aio/healpix_db/archive/legacy/healpix_stack/gradient/test_gradient_sampler.cpp,58,cpp,INF-aio,HUMAN,INF-aio-003,默认保留（非产出面或非数据形态）
lib/infrastructure/aio/healpix_db/archive/legacy/healpix_stack/gradient/test_snr_evaluator.cpp,229,cpp,INF-aio,HUMAN,INF-aio-001,默认保留（非产出面或非数据形态）
lib/infrastructure/aio/healpix_db/archive/legacy/healpix_stack/healpix_core.cpp,679,cpp,INF-aio,HUMAN,INF-aio-006,默认保留（非产出面或非数据形态）
lib/infrastructure/aio/healpix_db/archive/legacy/healpix_stack/healpix_core.h,98,h,INF-aio,HUMAN,INF-aio-007,默认保留（非产出面或非数据形态）
lib/infrastructure/aio/healpix_db/archive/legacy/healpix_stack/hp_stack_api.cpp,829,cpp,INF-aio,HUMAN,INF-aio-006,默认保留（非产出面或非数据形态）
lib/infrastructure/aio/healpix_db/archive/legacy/healpix_stack/hp_stack_api.h,145,h,INF-aio,HUMAN,INF-aio-007,默认保留（非产出面或非数据形态）
lib/infrastructure/aio/healpix_db/archive/legacy/healpix_stack/hp_stack_hiss.cpp,387,cpp,INF-aio,HUMAN,INF-aio-005,默认保留（非产出面或非数据形态）
lib/infrastructure/aio/healpix_db/archive/legacy/healpix_stack/hp_stack_hiss.h,45,h,INF-aio,HUMAN,INF-aio-006,默认保留（非产出面或非数据形态）
lib/infrastructure/aio/healpix_db/archive/legacy/healpix_stack/memory.md,79,md,INF-aio,HUMAN,INF-aio-002,默认保留（非产出面或非数据形态）
lib/infrastructure/aio/healpix_db/archive/legacy/healpix_stack/simple_test.cpp,1,cpp,INF-aio,HUMAN,INF-aio-001,默认保留（非产出面或非数据形态）
lib/infrastructure/aio/healpix_db/archive/legacy/healpix_stack/stack_db.cpp,412,cpp,INF-aio,HUMAN,INF-aio-001,默认保留（非产出面或非数据形态）
lib/infrastructure/aio/healpix_db/archive/legacy/healpix_stack/stack_db.h,78,h,INF-aio,HUMAN,INF-aio-005,默认保留（非产出面或非数据形态）
lib/infrastructure/aio/healpix_db/archive/legacy/healpix_stack/stack_engine.cpp,392,cpp,INF-aio,HUMAN,INF-aio-006,默认保留（非产出面或非数据形态）
lib/infrastructure/aio/healpix_db/archive/legacy/healpix_stack/stack_engine.h,97,h,INF-aio,HUMAN,INF-aio-006,默认保留（非产出面或非数据形态）
lib/infrastructure/aio/healpix_db/archive/legacy/healpix_stack/tests/test_gradient_synthetic.py,495,py,INF-aio,HUMAN,INF-aio-004,默认保留（非产出面或非数据形态）
lib/infrastructure/aio/healpix_db/archive/legacy/healpix_stack/tests/test_healpix_stack.py,509,py,INF-aio,HUMAN,INF-aio-007,默认保留（非产出面或非数据形态）
lib/infrastructure/aio/healpix_db/archive/legacy/healpix_stack/tests/test_hp_stack_hiss.py,434,py,INF-aio,HUMAN,INF-aio-005,默认保留（非产出面或非数据形态）
lib/infrastructure/aio/healpix_db/docs/healpix_drizzle_overview.md,72,md,INF-aio,HUMAN,INF-aio-006,默认保留（非产出面或非数据形态）
lib/infrastructure/aio/healpix_db/healpix_io/ARCHIVED.md,26,md,INF-aio,HUMAN,INF-aio-001,默认保留（非产出面或非数据形态）
lib/infrastructure/aio/healpix_db/memory.md,299,md,INF-aio,HUMAN,INF-aio-005,默认保留（非产出面或非数据形态）
lib/infrastructure/aio/include/aio_ahpx_format.h,71,h,INF-aio,HUMAN,INF-aio-007,默认保留（非产出面或非数据形态）
lib/infrastructure/aio/include/aio_healpix_io.h,262,h,INF-aio,HUMAN,INF-aio-001,默认保留（非产出面或非数据形态）
lib/infrastructure/aio/include/aio_hips.h,384,h,INF-aio,HUMAN,INF-aio-007,默认保留（非产出面或非数据形态）
lib/infrastructure/aio/include/aio_hips_reader.h,92,h,INF-aio,HUMAN,INF-aio-003,默认保留（非产出面或非数据形态）
lib/infrastructure/aio/include/aio_pipeline.h,348,h,INF-aio,HUMAN,INF-aio-005,默认保留（非产出面或非数据形态）
lib/infrastructure/aio/include/aio_pipeline_engine.h,99,h,INF-aio,HUMAN,INF-aio-005,默认保留（非产出面或非数据形态）
lib/infrastructure/aio/include/aio_sysinfo.h,83,h,INF-aio,HUMAN,INF-aio-003,默认保留（非产出面或非数据形态）
lib/infrastructure/aio/include/aio_upm.h,122,h,INF-aio,HUMAN,INF-aio-003,默认保留（非产出面或非数据形态）
lib/infrastructure/aio/include/astro_image_io.h,173,h,INF-aio,HUMAN,INF-aio-001,默认保留（非产出面或非数据形态）
lib/infrastructure/aio/include/hiss_format.h,621,h,INF-aio,HUMAN,INF-aio-005,默认保留（非产出面或非数据形态）
lib/infrastructure/aio/io/fits_core.c,1745,c,INF-aio,HUMAN,INF-aio-005,默认保留（非产出面或非数据形态）
lib/infrastructure/aio/io/fits_verify.py,431,py,INF-aio,HUMAN,INF-aio-007,默认保留（非产出面或非数据形态）
lib/infrastructure/aio/io/hips_core.c,1011,c,INF-aio,HUMAN,INF-aio-007,默认保留（非产出面或非数据形态）
lib/infrastructure/aio/io/hips_output_store.py,696,py,INF-aio,HUMAN,INF-aio-003,默认保留（非产出面或非数据形态）
lib/infrastructure/aio/io/include/acsd/io/fits_stream_v1.h,227,h,INF-aio,HUMAN,INF-aio-004,默认保留（非产出面或非数据形态）
lib/infrastructure/aio/io/include/acsd/io/hips_input_v1.h,145,h,INF-aio,HUMAN,INF-aio-001,默认保留（非产出面或非数据形态）
lib/infrastructure/aio/io/src/io_adapter.cpp,207,cpp,INF-aio,HUMAN,INF-aio-003,默认保留（非产出面或非数据形态）
lib/infrastructure/aio/io/tests/fits_core_selftest.c,658,c,INF-aio,HUMAN,INF-aio-001,默认保留（非产出面或非数据形态）
lib/infrastructure/aio/io/tests/hips_core_selftest.c,213,c,INF-aio,HUMAN,INF-aio-002,默认保留（非产出面或非数据形态）
lib/infrastructure/aio/memory.md,304,md,INF-aio,HUMAN,INF-aio-001,默认保留（非产出面或非数据形态）
lib/infrastructure/aio/product_io/CMakeLists.txt,36,txt,INF-aio,HUMAN,INF-aio-006,默认保留（非产出面或非数据形态）
lib/infrastructure/aio/product_io/README.md,73,md,INF-aio,HUMAN,INF-aio-005,默认保留（非产出面或非数据形态）
lib/infrastructure/aio/product_io/include/astro/aio/atomic_publish.h,168,h,INF-aio,HUMAN,INF-aio-005,默认保留（非产出面或非数据形态）
lib/infrastructure/aio/product_io/include/astro/aio/bunit.h,88,h,INF-aio,HUMAN,INF-aio-007,默认保留（非产出面或非数据形态）
lib/infrastructure/aio/product_io/include/astro/aio/fits.h,161,h,INF-aio,HUMAN,INF-aio-004,默认保留（非产出面或非数据形态）
lib/infrastructure/aio/product_io/include/astro/aio/hips_manifest.h,76,h,INF-aio,HUMAN,INF-aio-001,默认保留（非产出面或非数据形态）
lib/infrastructure/aio/product_io/include/astro/aio/product_io.h,48,h,INF-aio,HUMAN,INF-aio-007,默认保留（非产出面或非数据形态）
lib/infrastructure/aio/product_io/include/astro/aio/provenance.h,162,h,INF-aio,HUMAN,INF-aio-006,默认保留（非产出面或非数据形态）
lib/infrastructure/aio/product_io/include/astro/aio/sha256.h,43,h,INF-aio,HUMAN,INF-aio-004,默认保留（非产出面或非数据形态）
lib/infrastructure/aio/product_io/include/astro/aio/validation.h,49,h,INF-aio,HUMAN,INF-aio-002,默认保留（非产出面或非数据形态）
lib/infrastructure/aio/product_io/src/atomic_publish.cpp,641,cpp,INF-aio,HUMAN,INF-aio-003,默认保留（非产出面或非数据形态）
lib/infrastructure/aio/product_io/src/bunit.cpp,269,cpp,INF-aio,HUMAN,INF-aio-004,默认保留（非产出面或非数据形态）
lib/infrastructure/aio/product_io/src/fits.cpp,708,cpp,INF-aio,HUMAN,INF-aio-002,默认保留（非产出面或非数据形态）
lib/infrastructure/aio/product_io/src/hips_manifest.cpp,218,cpp,INF-aio,HUMAN,INF-aio-006,默认保留（非产出面或非数据形态）
lib/infrastructure/aio/product_io/src/product_io.cpp,93,cpp,INF-aio,HUMAN,INF-aio-004,默认保留（非产出面或非数据形态）
lib/infrastructure/aio/product_io/src/provenance.cpp,362,cpp,INF-aio,HUMAN,INF-aio-004,默认保留（非产出面或非数据形态）
lib/infrastructure/aio/product_io/src/sha256.cpp,123,cpp,INF-aio,HUMAN,INF-aio-004,默认保留（非产出面或非数据形态）
lib/infrastructure/aio/pyproject.toml,21,toml,INF-aio,HUMAN,INF-aio-002,默认保留（非产出面或非数据形态）
lib/infrastructure/aio/runtime/artifact_store/artifact_abi_v1.c,633,c,INF-aio,HUMAN,INF-aio-001,默认保留（非产出面或非数据形态）
lib/infrastructure/aio/runtime/artifact_store/artifact_manifest_validator.py,287,py,INF-aio,HUMAN,INF-aio-005,默认保留（非产出面或非数据形态）
lib/infrastructure/aio/runtime/artifact_store/phase_product_exchange_validator.py,304,py,INF-aio,HUMAN,INF-aio-007,默认保留（非产出面或非数据形态）
lib/infrastructure/aio/runtime/artifact_store/production_store.py,884,py,INF-aio,HUMAN,INF-aio-003,默认保留（非产出面或非数据形态）
lib/infrastructure/aio/runtime/artifact_store/provenance.py,769,py,INF-aio,HUMAN,INF-aio-004,默认保留（非产出面或非数据形态）
lib/infrastructure/aio/src/ahpx/DEPRECATED.md,8,md,INF-aio,HUMAN,INF-aio-007,默认保留（非产出面或非数据形态）
lib/infrastructure/aio/src/ahpx/aio_ahpx_api.cpp,293,cpp,INF-aio,HUMAN,INF-aio-002,默认保留（非产出面或非数据形态）
lib/infrastructure/aio/src/ahpx/aio_ahpx_reader.cpp,635,cpp,INF-aio,HUMAN,INF-aio-004,默认保留（非产出面或非数据形态）
lib/infrastructure/aio/src/ahpx/aio_ahpx_reader.h,97,h,INF-aio,HUMAN,INF-aio-002,默认保留（非产出面或非数据形态）
lib/infrastructure/aio/src/ahpx/aio_ahpx_writer.cpp,494,cpp,INF-aio,HUMAN,INF-aio-005,默认保留（非产出面或非数据形态）
lib/infrastructure/aio/src/ahpx/aio_ahpx_writer.h,88,h,INF-aio,HUMAN,INF-aio-005,默认保留（非产出面或非数据形态）
lib/infrastructure/aio/src/aio_abi.cpp,210,cpp,INF-aio,HUMAN,INF-aio-002,默认保留（非产出面或非数据形态）
lib/infrastructure/aio/src/aio_api.cpp,441,cpp,INF-aio,HUMAN,INF-aio-004,默认保留（非产出面或非数据形态）
lib/infrastructure/aio/src/aio_atomic_file.h,620,h,INF-aio,HUMAN,INF-aio-006,默认保留（非产出面或非数据形态）
lib/infrastructure/aio/src/aio_cfitsio_mutex.h,114,h,INF-aio,HUMAN,INF-aio-006,默认保留（非产出面或非数据形态）
lib/infrastructure/aio/src/aio_compressor.cpp,285,cpp,INF-aio,HUMAN,INF-aio-006,默认保留（非产出面或非数据形态）
lib/infrastructure/aio/src/aio_compressor.h,49,h,INF-aio,HUMAN,INF-aio-001,默认保留（非产出面或非数据形态）
lib/infrastructure/aio/src/aio_disk_full.h,117,h,INF-aio,HUMAN,INF-aio-004,默认保留（非产出面或非数据形态）
lib/infrastructure/aio/src/aio_file_io.h,257,h,INF-aio,HUMAN,INF-aio-003,默认保留（非产出面或非数据形态）
lib/infrastructure/aio/src/aio_fits.cpp,1236,cpp,INF-aio,HUMAN,INF-aio-004,默认保留（非产出面或非数据形态）
lib/infrastructure/aio/src/aio_fits.h,45,h,INF-aio,HUMAN,INF-aio-005,默认保留（非产出面或非数据形态）
lib/infrastructure/aio/src/aio_log.cpp,109,cpp,INF-aio,HUMAN,INF-aio-001,默认保留（非产出面或非数据形态）
lib/infrastructure/aio/src/aio_log.h,10,h,INF-aio,HUMAN,INF-aio-005,默认保留（非产出面或非数据形态）
lib/infrastructure/aio/src/aio_pipeline.cpp,1512,cpp,INF-aio,HUMAN,INF-aio-007,默认保留（非产出面或非数据形态）
lib/infrastructure/aio/src/aio_pipeline_engine.cpp,629,cpp,INF-aio,HUMAN,INF-aio-007,默认保留（非产出面或非数据形态）
lib/infrastructure/aio/src/aio_sparse_punch.h,682,h,INF-aio,HUMAN,INF-aio-005,默认保留（非产出面或非数据形态）
lib/infrastructure/aio/src/aio_sysinfo.cpp,312,cpp,INF-aio,HUMAN,INF-aio-003,默认保留（非产出面或非数据形态）
lib/infrastructure/aio/src/aio_upm.cpp,586,cpp,INF-aio,HUMAN,INF-aio-004,默认保留（非产出面或非数据形态）
lib/infrastructure/aio/src/aio_util.h,28,h,INF-aio,HUMAN,INF-aio-007,默认保留（非产出面或非数据形态）
lib/infrastructure/aio/src/aio_xisf.cpp,746,cpp,INF-aio,HUMAN,INF-aio-005,默认保留（非产出面或非数据形态）
lib/infrastructure/aio/src/aio_xisf.h,10,h,INF-aio,HUMAN,INF-aio-006,默认保留（非产出面或非数据形态）
lib/infrastructure/aio/src/healpix/aio_healpix_io.cpp,2201,cpp,INF-aio,HUMAN,INF-aio-003,默认保留（非产出面或非数据形态）
lib/infrastructure/aio/src/hips/aio_hips_reader.cpp,695,cpp,INF-aio,HUMAN,INF-aio-004,默认保留（非产出面或非数据形态）
lib/infrastructure/aio/src/hips/aio_hips_writer.cpp,2935,cpp,INF-aio,HUMAN,INF-aio-002,默认保留（非产出面或非数据形态）
lib/infrastructure/aio/src/hiss_codec.cpp,460,cpp,INF-aio,HUMAN,INF-aio-003,默认保留（非产出面或非数据形态）
lib/infrastructure/aio/src/hiss_common.cpp,293,cpp,INF-aio,HUMAN,INF-aio-003,默认保留（非产出面或非数据形态）
lib/infrastructure/aio/src/hiss_reader.cpp,1790,cpp,INF-aio,HUMAN,INF-aio-004,默认保留（非产出面或非数据形态）
lib/infrastructure/aio/src/hiss_stream_writer.cpp,746,cpp,INF-aio,HUMAN,INF-aio-001,默认保留（非产出面或非数据形态）
lib/infrastructure/aio/src/hiss_stream_writer.h,84,h,INF-aio,HUMAN,INF-aio-006,默认保留（非产出面或非数据形态）
lib/infrastructure/aio/src/hiss_tile_model.cpp,167,cpp,INF-aio,HUMAN,INF-aio-003,默认保留（非产出面或非数据形态）
lib/infrastructure/aio/src/hiss_tile_model.h,105,h,INF-aio,HUMAN,INF-aio-005,默认保留（非产出面或非数据形态）
lib/infrastructure/aio/src/hiss_transform.cpp,569,cpp,INF-aio,HUMAN,INF-aio-001,默认保留（非产出面或非数据形态）
lib/infrastructure/aio/src/hiss_transform.h,132,h,INF-aio,HUMAN,INF-aio-007,默认保留（非产出面或非数据形态）
lib/infrastructure/aio/src/hiss_writer.cpp,1173,cpp,INF-aio,HUMAN,INF-aio-003,默认保留（非产出面或非数据形态）
lib/infrastructure/aio/tests/CMakeLists.txt,50,txt,INF-aio,HUMAN,INF-aio-003,默认保留（非产出面或非数据形态）
lib/infrastructure/aio/tests/abi/CMakeLists.txt,32,txt,INF-aio,HUMAN,INF-aio-002,默认保留（非产出面或非数据形态）
lib/infrastructure/aio/tests/abi/aio_abi_layout_lock.py,239,py,INF-aio,HUMAN,INF-aio-003,默认保留（非产出面或非数据形态）
lib/infrastructure/aio/tests/abi/aio_abi_layout_probe.cpp,211,cpp,INF-aio,HUMAN,INF-aio-007,默认保留（非产出面或非数据形态）
lib/infrastructure/aio/tests/dataflow_fuzz.cpp,362,cpp,INF-aio,HUMAN,INF-aio-006,默认保留（非产出面或非数据形态）
lib/infrastructure/aio/tests/gaia_sanitize_driver.c,33,c,INF-aio,HUMAN,INF-aio-005,默认保留（非产出面或非数据形态）
lib/infrastructure/aio/tests/hips_direct_smoke.py,124,py,INF-aio,HUMAN,INF-aio-006,默认保留（非产出面或非数据形态）
lib/infrastructure/aio/tests/hips_mapping_oracle.py,156,py,INF-aio,HUMAN,INF-aio-006,默认保留（非产出面或非数据形态）
lib/infrastructure/aio/tests/hips_robust_sanitize_driver.cpp,223,cpp,INF-aio,HUMAN,INF-aio-005,默认保留（非产出面或非数据形态）
lib/infrastructure/aio/tests/hips_sanitize_driver.cpp,83,cpp,INF-aio,HUMAN,INF-aio-004,默认保留（非产出面或非数据形态）
lib/infrastructure/aio/tests/hiss_benchmark.cpp,1546,cpp,INF-aio,HUMAN,INF-aio-006,默认保留（非产出面或非数据形态）
lib/infrastructure/aio/tests/hiss_correctness_test.cpp,1339,cpp,INF-aio,HUMAN,INF-aio-005,默认保留（非产出面或非数据形态）
lib/infrastructure/aio/tests/hiss_experiment_suite.cpp,1408,cpp,INF-aio,HUMAN,INF-aio-006,默认保留（非产出面或非数据形态）
lib/infrastructure/aio/tests/hiss_experiments.cpp,1495,cpp,INF-aio,HUMAN,INF-aio-007,默认保留（非产出面或非数据形态）
lib/infrastructure/aio/tests/hiss_writer_smoke.cpp,153,cpp,INF-aio,HUMAN,INF-aio-003,默认保留（非产出面或非数据形态）
lib/infrastructure/aio/tests/p1hips/CMakeLists.txt,98,txt,INF-aio,HUMAN,INF-aio-001,默认保留（非产出面或非数据形态）
lib/infrastructure/aio/tests/p1hips/p1hips_digest_verify.cpp,306,cpp,INF-aio,HUMAN,INF-aio-001,默认保留（非产出面或非数据形态）
lib/infrastructure/aio/tests/p1hips/p1hips_fixtures.hpp,298,hpp,INF-aio,HUMAN,INF-aio-004,默认保留（非产出面或非数据形态）
lib/infrastructure/aio/tests/p1hips/p1hips_oracle.hpp,388,hpp,INF-aio,HUMAN,INF-aio-002,默认保留（非产出面或非数据形态）
lib/infrastructure/aio/tests/p1hips/p1hips_test_main.hpp,246,hpp,INF-aio,HUMAN,INF-aio-006,默认保留（非产出面或非数据形态）
lib/infrastructure/aio/tests/p1hips/p1hips_tests_diag_prov.cpp,986,cpp,INF-aio,HUMAN,INF-aio-005,默认保留（非产出面或非数据形态）
lib/infrastructure/aio/tests/p1hips/p1hips_tests_main.cpp,25,cpp,INF-aio,HUMAN,INF-aio-001,默认保留（非产出面或非数据形态）
lib/infrastructure/aio/tests/p1hips/p1hips_tests_negative.cpp,687,cpp,INF-aio,HUMAN,INF-aio-002,默认保留（非产出面或非数据形态）
lib/infrastructure/aio/tests/p1hips/p1hips_tests_oracle.cpp,1037,cpp,INF-aio,HUMAN,INF-aio-006,默认保留（非产出面或非数据形态）
lib/infrastructure/aio/tests/p1hips/p1hips_tests_perf.cpp,157,cpp,INF-aio,HUMAN,INF-aio-004,默认保留（非产出面或非数据形态）
lib/infrastructure/aio/tests/p1hips/p1hips_tests_properties.cpp,583,cpp,INF-aio,HUMAN,INF-aio-007,默认保留（非产出面或非数据形态）
lib/infrastructure/aio/tests/p1hips/p1hips_tests_selfcheck.cpp,206,cpp,INF-aio,HUMAN,INF-aio-004,默认保留（非产出面或非数据形态）
lib/infrastructure/aio/tests/p1hips/p1hips_tests_units.cpp,519,cpp,INF-aio,HUMAN,INF-aio-006,默认保留（非产出面或非数据形态）
lib/infrastructure/aio/tests/p2hips/CMakeLists.txt,51,txt,INF-aio,HUMAN,INF-aio-004,默认保留（非产出面或非数据形态）
lib/infrastructure/aio/tests/p2hips/p2hips_test_main.hpp,70,hpp,INF-aio,HUMAN,INF-aio-001,默认保留（非产出面或非数据形态）
lib/infrastructure/aio/tests/p2hips/p2hips_unc_prov_test.cpp,669,cpp,INF-aio,HUMAN,INF-aio-007,默认保留（非产出面或非数据形态）
lib/infrastructure/aio/tests/pipeline_frame_contract_test.cpp,103,cpp,INF-aio,HUMAN,INF-aio-007,默认保留（非产出面或非数据形态）
lib/infrastructure/aio/tests/results/dq001_codec_comparison.csv,106,csv,INF-aio,GENERATED,,A1 裁定（采 G1）: tests/results/ 下为实测基准表（如 dq001_codec_comparison.csv 列 compress_us_median / decompress_us_median 等时延读数）⇒ 运行读数。GEN-2 的产出面只覆盖 实验/ 与 eng/tests/validation/，漏掉 lib/**/tests/results/ ⇒ 漏判。
lib/infrastructure/aio/tests/results/dq002_occupancy_mode.csv,5,csv,INF-aio,GENERATED,,A1 裁定（采 G1）: tests/results/ 下为实测基准表（如 dq001_codec_comparison.csv 列 compress_us_median / decompress_us_median 等时延读数）⇒ 运行读数。GEN-2 的产出面只覆盖 实验/ 与 eng/tests/validation/，漏掉 lib/**/tests/results/ ⇒ 漏判。
lib/infrastructure/aio/tests/results/dq003_random_read_latency.csv,3,csv,INF-aio,GENERATED,,A1 裁定（采 G1）: tests/results/ 下为实测基准表（如 dq001_codec_comparison.csv 列 compress_us_median / decompress_us_median 等时延读数）⇒ 运行读数。GEN-2 的产出面只覆盖 实验/ 与 eng/tests/validation/，漏掉 lib/**/tests/results/ ⇒ 漏判。
lib/infrastructure/aio/tests/results/dq004_drizzle_profile.csv,2,csv,INF-aio,GENERATED,,A1 裁定（采 G1）: tests/results/ 下为实测基准表（如 dq001_codec_comparison.csv 列 compress_us_median / decompress_us_median 等时延读数）⇒ 运行读数。GEN-2 的产出面只覆盖 实验/ 与 eng/tests/validation/，漏掉 lib/**/tests/results/ ⇒ 漏判。
lib/infrastructure/aio/tests/results/dq005_writer_memory.csv,4,csv,INF-aio,GENERATED,,A1 裁定（采 G1）: tests/results/ 下为实测基准表（如 dq001_codec_comparison.csv 列 compress_us_median / decompress_us_median 等时延读数）⇒ 运行读数。GEN-2 的产出面只覆盖 实验/ 与 eng/tests/validation/，漏掉 lib/**/tests/results/ ⇒ 漏判。
lib/infrastructure/aio/tests/results/dq006_auto_nside.csv,4,csv,INF-aio,GENERATED,,A1 裁定（采 G1）: tests/results/ 下为实测基准表（如 dq001_codec_comparison.csv 列 compress_us_median / decompress_us_median 等时延读数）⇒ 运行读数。GEN-2 的产出面只覆盖 实验/ 与 eng/tests/validation/，漏掉 lib/**/tests/results/ ⇒ 漏判。
lib/infrastructure/aio/tests/results/dq007_signal_support_semantics.csv,4,csv,INF-aio,GENERATED,,A1 裁定（采 G1）: tests/results/ 下为实测基准表（如 dq001_codec_comparison.csv 列 compress_us_median / decompress_us_median 等时延读数）⇒ 运行读数。GEN-2 的产出面只覆盖 实验/ 与 eng/tests/validation/，漏掉 lib/**/tests/results/ ⇒ 漏判。
lib/infrastructure/aio/tests/results/performance_report.md,261,md,INF-aio,HUMAN,INF-aio-007,默认保留（非产出面或非数据形态）
lib/infrastructure/aio/tests/sanitize_wsl.sh,39,sh,INF-aio,HUMAN,INF-aio-003,默认保留（非产出面或非数据形态）
lib/infrastructure/aio/tests/sanitize_wsl_v4.sh,78,sh,INF-aio,HUMAN,INF-aio-006,默认保留（非产出面或非数据形态）
lib/infrastructure/aio/tests/sanitize_wsl_v5.sh,88,sh,INF-aio,HUMAN,INF-aio-001,默认保留（非产出面或非数据形态）
lib/infrastructure/aio/tests/test_checksum.cpp,523,cpp,INF-aio,HUMAN,INF-aio-001,默认保留（非产出面或非数据形态）
lib/infrastructure/aio/tests/test_drizzle_integration.cpp,607,cpp,INF-aio,HUMAN,INF-aio-002,默认保留（非产出面或非数据形态）
lib/infrastructure/aio/tests/test_export_fits_fix.py,282,py,INF-aio,HUMAN,INF-aio-002,默认保留（非产出面或非数据形态）
lib/infrastructure/aio/tests/test_fits_bscale_parse.cpp,212,cpp,INF-aio,HUMAN,INF-aio-001,默认保留（非产出面或非数据形态）
lib/infrastructure/aio/tests/test_healpix_io.py,451,py,INF-aio,HUMAN,INF-aio-003,默认保留（非产出面或非数据形态）
lib/infrastructure/aio/tests/test_healpix_io_py.py,466,py,INF-aio,HUMAN,INF-aio-002,默认保留（非产出面或非数据形态）
lib/infrastructure/aio/tests/test_hips_atomic_publish.cpp,589,cpp,INF-aio,HUMAN,INF-aio-006,默认保留（非产出面或非数据形态）
lib/infrastructure/aio/tests/test_output.txt,300,txt,INF-aio,HUMAN,INF-aio-003,默认保留（非产出面或非数据形态）
lib/infrastructure/aio/tests/test_p0_io_hardening.cpp,248,cpp,INF-aio,HUMAN,INF-aio-002,默认保留（非产出面或非数据形态）
lib/infrastructure/aio/tests/test_p1_io_hardening.cpp,294,cpp,INF-aio,HUMAN,INF-aio-006,默认保留（非产出面或非数据形态）
lib/infrastructure/aio/tests/test_pipeline_blocks.py,537,py,INF-aio,HUMAN,INF-aio-003,默认保留（非产出面或非数据形态）
lib/infrastructure/aio/tests/test_precision_dual.cpp,613,cpp,INF-aio,HUMAN,INF-aio-002,默认保留（非产出面或非数据形态）
lib/infrastructure/aio/tests/test_psf_fit_handler.py,208,py,INF-aio,HUMAN,INF-aio-006,默认保留（非产出面或非数据形态）
lib/infrastructure/aio/tests/test_query_pixel.cpp,1170,cpp,INF-aio,HUMAN,INF-aio-002,默认保留（非产出面或非数据形态）
lib/infrastructure/aio/tests/test_report.md,127,md,INF-aio,HUMAN,INF-aio-005,默认保留（非产出面或非数据形态）
lib/infrastructure/aio/tests/test_snr_unknown_block.cpp,598,cpp,INF-aio,HUMAN,INF-aio-005,默认保留（非产出面或非数据形态）
lib/infrastructure/aio/tests/test_tile_model.cpp,411,cpp,INF-aio,HUMAN,INF-aio-006,默认保留（非产出面或非数据形态）
lib/infrastructure/aio/tests/test_transform.cpp,999,cpp,INF-aio,HUMAN,INF-aio-004,默认保留（非产出面或非数据形态）
lib/infrastructure/aio/tests/test_wph_cli_browser.cpp,252,cpp,INF-aio,HUMAN,INF-aio-004,默认保留（非产出面或非数据形态）
lib/infrastructure/aio/tests/test_writer_integration.cpp,810,cpp,INF-aio,HUMAN,INF-aio-007,默认保留（非产出面或非数据形态）
lib/infrastructure/aio/tests/v5_maptile_oracle.py,313,py,INF-aio,HUMAN,INF-aio-007,默认保留（非产出面或非数据形态）
lib/infrastructure/aio/tests/v5_snr_precision_roundtrip.py,170,py,INF-aio,HUMAN,INF-aio-002,默认保留（非产出面或非数据形态）
lib/infrastructure/aio/third_party/cfitsio/.gitattributes,0,gitattributes,INF-aio,VENDOR,,P0 vendor 目录: third_party
lib/infrastructure/aio/third_party/cfitsio/.github/workflows/ci.yml,70,yml,INF-aio,VENDOR,,P0 vendor 目录: third_party
lib/infrastructure/aio/third_party/cfitsio/.github/workflows/codeql.yml,72,yml,INF-aio,VENDOR,,P0 vendor 目录: third_party
lib/infrastructure/aio/third_party/cfitsio/.github/workflows/documentation.yml,116,yml,INF-aio,VENDOR,,P0 vendor 目录: third_party
lib/infrastructure/aio/third_party/cfitsio/.gitignore,93,gitignore,INF-aio,VENDOR,,P0 vendor 目录: third_party
lib/infrastructure/aio/third_party/cfitsio/CMakeLists.txt,431,txt,INF-aio,VENDOR,,P0 vendor 目录: third_party
lib/infrastructure/aio/third_party/cfitsio/ChangeLog,4918,,INF-aio,VENDOR,,P0 vendor 目录: third_party
lib/infrastructure/aio/third_party/cfitsio/INSTALL,368,,INF-aio,VENDOR,,P0 vendor 目录: third_party
lib/infrastructure/aio/third_party/cfitsio/Makefile.am,226,am,INF-aio,VENDOR,,P0 vendor 目录: third_party
lib/infrastructure/aio/third_party/cfitsio/Makefile.in,2617,in,INF-aio,VENDOR,,P0 vendor 目录: third_party
lib/infrastructure/aio/third_party/cfitsio/README.MacOS,69,macos,INF-aio,VENDOR,,P0 vendor 目录: third_party
lib/infrastructure/aio/third_party/cfitsio/README.md,103,md,INF-aio,VENDOR,,P0 vendor 目录: third_party
lib/infrastructure/aio/third_party/cfitsio/README.win,211,win,INF-aio,VENDOR,,P0 vendor 目录: third_party
lib/infrastructure/aio/third_party/cfitsio/README_OLD.win,83,win,INF-aio,VENDOR,,P0 vendor 目录: third_party
lib/infrastructure/aio/third_party/cfitsio/SECURITY.md,16,md,INF-aio,VENDOR,,P0 vendor 目录: third_party
lib/infrastructure/aio/third_party/cfitsio/aclocal.m4,1358,m4,INF-aio,VENDOR,,P0 vendor 目录: third_party
lib/infrastructure/aio/third_party/cfitsio/buffers.c,1377,c,INF-aio,VENDOR,,P0 vendor 目录: third_party
lib/infrastructure/aio/third_party/cfitsio/cfileio.c,8079,c,INF-aio,VENDOR,,P0 vendor 目录: third_party
lib/infrastructure/aio/third_party/cfitsio/cfitsio.pc.cmake,12,cmake,INF-aio,VENDOR,,P0 vendor 目录: third_party
lib/infrastructure/aio/third_party/cfitsio/cfitsio.pc.in,12,in,INF-aio,VENDOR,,P0 vendor 目录: third_party
lib/infrastructure/aio/third_party/cfitsio/cfitsio.spec,152,spec,INF-aio,VENDOR,,P0 vendor 目录: third_party
lib/infrastructure/aio/third_party/cfitsio/cfitsio.xcodeproj/project.pbxproj,120,pbxproj,INF-aio,VENDOR,,P0 vendor 目录: third_party
lib/infrastructure/aio/third_party/cfitsio/cfortran.h,2599,h,INF-aio,VENDOR,,P0 vendor 目录: third_party
lib/infrastructure/aio/third_party/cfitsio/checksum.c,508,c,INF-aio,VENDOR,,P0 vendor 目录: third_party
lib/infrastructure/aio/third_party/cfitsio/cmake/cfitsioConfig.cmake,1,cmake,INF-aio,VENDOR,,P0 vendor 目录: third_party
lib/infrastructure/aio/third_party/cfitsio/cmake/portfile.cmake,68,cmake,INF-aio,VENDOR,,P0 vendor 目录: third_party
lib/infrastructure/aio/third_party/cfitsio/cmake/vcpkg.json,17,json,INF-aio,VENDOR,,P0 vendor 目录: third_party
lib/infrastructure/aio/third_party/cfitsio/config/compile,364,,INF-aio,VENDOR,,P0 vendor 目录: third_party
lib/infrastructure/aio/third_party/cfitsio/config/config.guess,1815,guess,INF-aio,VENDOR,,P0 vendor 目录: third_party
lib/infrastructure/aio/third_party/cfitsio/config/config.sub,2354,sub,INF-aio,VENDOR,,P0 vendor 目录: third_party
lib/infrastructure/aio/third_party/cfitsio/config/depcomp,792,,INF-aio,VENDOR,,P0 vendor 目录: third_party
lib/infrastructure/aio/third_party/cfitsio/config/install-sh,541,,INF-aio,VENDOR,,P0 vendor 目录: third_party
lib/infrastructure/aio/third_party/cfitsio/config/ltmain.sh,11524,sh,INF-aio,VENDOR,,P0 vendor 目录: third_party
lib/infrastructure/aio/third_party/cfitsio/config/missing,236,,INF-aio,VENDOR,,P0 vendor 目录: third_party
lib/infrastructure/aio/third_party/cfitsio/config/test-driver,160,,INF-aio,VENDOR,,P0 vendor 目录: third_party
lib/infrastructure/aio/third_party/cfitsio/configure,25537,,INF-aio,VENDOR,,P0 vendor 目录: third_party
lib/infrastructure/aio/third_party/cfitsio/configure.ac,639,ac,INF-aio,VENDOR,,P0 vendor 目录: third_party
lib/infrastructure/aio/third_party/cfitsio/docs/cfitsio.pdf,19911,pdf,INF-aio,VENDOR,,P0 vendor 目录: third_party
lib/infrastructure/aio/third_party/cfitsio/docs/cfitsio.tex,11415,tex,INF-aio,VENDOR,,P0 vendor 目录: third_party
lib/infrastructure/aio/third_party/cfitsio/docs/cfortran.doc,2088,doc,INF-aio,VENDOR,,P0 vendor 目录: third_party
lib/infrastructure/aio/third_party/cfitsio/docs/fitsio.pdf,7544,pdf,INF-aio,VENDOR,,P0 vendor 目录: third_party
lib/infrastructure/aio/third_party/cfitsio/docs/fitsio.tex,7933,tex,INF-aio,VENDOR,,P0 vendor 目录: third_party
lib/infrastructure/aio/third_party/cfitsio/docs/fpackguide.md,763,md,INF-aio,VENDOR,,P0 vendor 目录: third_party
lib/infrastructure/aio/third_party/cfitsio/docs/fpackguide.pdf,1301,pdf,INF-aio,VENDOR,,P0 vendor 目录: third_party
lib/infrastructure/aio/third_party/cfitsio/docs/quick.pdf,2542,pdf,INF-aio,VENDOR,,P0 vendor 目录: third_party
lib/infrastructure/aio/third_party/cfitsio/docs/quick.tex,2157,tex,INF-aio,VENDOR,,P0 vendor 目录: third_party
lib/infrastructure/aio/third_party/cfitsio/drvrfile.c,1149,c,INF-aio,VENDOR,,P0 vendor 目录: third_party
lib/infrastructure/aio/third_party/cfitsio/drvrgsiftp.c,538,c,INF-aio,VENDOR,,P0 vendor 目录: third_party
lib/infrastructure/aio/third_party/cfitsio/drvrgsiftp.h,21,h,INF-aio,VENDOR,,P0 vendor 目录: third_party
lib/infrastructure/aio/third_party/cfitsio/drvrmem.c,1344,c,INF-aio,VENDOR,,P0 vendor 目录: third_party
lib/infrastructure/aio/third_party/cfitsio/drvrnet.c,4521,c,INF-aio,VENDOR,,P0 vendor 目录: third_party
lib/infrastructure/aio/third_party/cfitsio/drvrsmem.c,974,c,INF-aio,VENDOR,,P0 vendor 目录: third_party
lib/infrastructure/aio/third_party/cfitsio/drvrsmem.h,179,h,INF-aio,VENDOR,,P0 vendor 目录: third_party
lib/infrastructure/aio/third_party/cfitsio/editcol.c,3226,c,INF-aio,VENDOR,,P0 vendor 目录: third_party
lib/infrastructure/aio/third_party/cfitsio/edithdu.c,924,c,INF-aio,VENDOR,,P0 vendor 目录: third_party
lib/infrastructure/aio/third_party/cfitsio/eval.l,627,l,INF-aio,VENDOR,,P0 vendor 目录: third_party
lib/infrastructure/aio/third_party/cfitsio/eval.y,6503,y,INF-aio,VENDOR,,P0 vendor 目录: third_party
lib/infrastructure/aio/third_party/cfitsio/eval_defs.h,208,h,INF-aio,VENDOR,,P0 vendor 目录: third_party
lib/infrastructure/aio/third_party/cfitsio/eval_f.c,2972,c,INF-aio,VENDOR,,P0 vendor 目录: third_party
lib/infrastructure/aio/third_party/cfitsio/eval_l.c,3030,c,INF-aio,VENDOR,,P0 vendor 目录: third_party
lib/infrastructure/aio/third_party/cfitsio/eval_tab.h,130,h,INF-aio,VENDOR,,P0 vendor 目录: third_party
lib/infrastructure/aio/third_party/cfitsio/eval_y.c,8741,c,INF-aio,VENDOR,,P0 vendor 目录: third_party
lib/infrastructure/aio/third_party/cfitsio/f77.inc,31,inc,INF-aio,VENDOR,,P0 vendor 目录: third_party
lib/infrastructure/aio/third_party/cfitsio/f77_wrap.h,289,h,INF-aio,VENDOR,,P0 vendor 目录: third_party
lib/infrastructure/aio/third_party/cfitsio/f77_wrap1.c,362,c,INF-aio,VENDOR,,P0 vendor 目录: third_party
lib/infrastructure/aio/third_party/cfitsio/f77_wrap2.c,734,c,INF-aio,VENDOR,,P0 vendor 目录: third_party
lib/infrastructure/aio/third_party/cfitsio/f77_wrap3.c,860,c,INF-aio,VENDOR,,P0 vendor 目录: third_party
lib/infrastructure/aio/third_party/cfitsio/f77_wrap4.c,572,c,INF-aio,VENDOR,,P0 vendor 目录: third_party
lib/infrastructure/aio/third_party/cfitsio/fits_hcompress.c,1872,c,INF-aio,VENDOR,,P0 vendor 目录: third_party
lib/infrastructure/aio/third_party/cfitsio/fits_hdecompress.c,2637,c,INF-aio,VENDOR,,P0 vendor 目录: third_party
lib/infrastructure/aio/third_party/cfitsio/fitscore.c,9932,c,INF-aio,VENDOR,,P0 vendor 目录: third_party
lib/infrastructure/aio/third_party/cfitsio/fitsio.h,2086,h,INF-aio,VENDOR,,P0 vendor 目录: third_party
lib/infrastructure/aio/third_party/cfitsio/fitsio2.h,1349,h,INF-aio,VENDOR,,P0 vendor 目录: third_party
lib/infrastructure/aio/third_party/cfitsio/getcol.c,1221,c,INF-aio,VENDOR,,P0 vendor 目录: third_party
lib/infrastructure/aio/third_party/cfitsio/getcolb.c,2046,c,INF-aio,VENDOR,,P0 vendor 目录: third_party
lib/infrastructure/aio/third_party/cfitsio/getcold.c,1721,c,INF-aio,VENDOR,,P0 vendor 目录: third_party
lib/infrastructure/aio/third_party/cfitsio/getcole.c,1789,c,INF-aio,VENDOR,,P0 vendor 目录: third_party
lib/infrastructure/aio/third_party/cfitsio/getcoli.c,1962,c,INF-aio,VENDOR,,P0 vendor 目录: third_party
lib/infrastructure/aio/third_party/cfitsio/getcolj.c,3855,c,INF-aio,VENDOR,,P0 vendor 目录: third_party
lib/infrastructure/aio/third_party/cfitsio/getcolk.c,1955,c,INF-aio,VENDOR,,P0 vendor 目录: third_party
lib/infrastructure/aio/third_party/cfitsio/getcoll.c,621,c,INF-aio,VENDOR,,P0 vendor 目录: third_party
lib/infrastructure/aio/third_party/cfitsio/getcols.c,992,c,INF-aio,VENDOR,,P0 vendor 目录: third_party
lib/infrastructure/aio/third_party/cfitsio/getcolsb.c,2045,c,INF-aio,VENDOR,,P0 vendor 目录: third_party
lib/infrastructure/aio/third_party/cfitsio/getcolui.c,1967,c,INF-aio,VENDOR,,P0 vendor 目录: third_party
lib/infrastructure/aio/third_party/cfitsio/getcoluj.c,3882,c,INF-aio,VENDOR,,P0 vendor 目录: third_party
lib/infrastructure/aio/third_party/cfitsio/getcoluk.c,1975,c,INF-aio,VENDOR,,P0 vendor 目录: third_party
lib/infrastructure/aio/third_party/cfitsio/getkey.c,3745,c,INF-aio,VENDOR,,P0 vendor 目录: third_party
lib/infrastructure/aio/third_party/cfitsio/group.c,6749,c,INF-aio,VENDOR,,P0 vendor 目录: third_party
lib/infrastructure/aio/third_party/cfitsio/group.h,68,h,INF-aio,VENDOR,,P0 vendor 目录: third_party
lib/infrastructure/aio/third_party/cfitsio/grparser.c,1357,c,INF-aio,VENDOR,,P0 vendor 目录: third_party
lib/infrastructure/aio/third_party/cfitsio/grparser.h,183,h,INF-aio,VENDOR,,P0 vendor 目录: third_party
lib/infrastructure/aio/third_party/cfitsio/histo.c,3278,c,INF-aio,VENDOR,,P0 vendor 目录: third_party
lib/infrastructure/aio/third_party/cfitsio/imcompress.c,9946,c,INF-aio,VENDOR,,P0 vendor 目录: third_party
lib/infrastructure/aio/third_party/cfitsio/iraffits.c,2098,c,INF-aio,VENDOR,,P0 vendor 目录: third_party
lib/infrastructure/aio/third_party/cfitsio/iter_a.c,147,c,INF-aio,VENDOR,,P0 vendor 目录: third_party
lib/infrastructure/aio/third_party/cfitsio/iter_a.f,224,f,INF-aio,VENDOR,,P0 vendor 目录: third_party
lib/infrastructure/aio/third_party/cfitsio/iter_b.c,114,c,INF-aio,VENDOR,,P0 vendor 目录: third_party
lib/infrastructure/aio/third_party/cfitsio/iter_b.f,193,f,INF-aio,VENDOR,,P0 vendor 目录: third_party
lib/infrastructure/aio/third_party/cfitsio/iter_c.c,171,c,INF-aio,VENDOR,,P0 vendor 目录: third_party
lib/infrastructure/aio/third_party/cfitsio/iter_c.f,347,f,INF-aio,VENDOR,,P0 vendor 目录: third_party
lib/infrastructure/aio/third_party/cfitsio/licenses/License.txt,25,txt,INF-aio,VENDOR,,P0 vendor 目录: third_party
lib/infrastructure/aio/third_party/cfitsio/longnam.h,631,h,INF-aio,VENDOR,,P0 vendor 目录: third_party
lib/infrastructure/aio/third_party/cfitsio/m4/ax_cfitsio.m4,156,m4,INF-aio,VENDOR,,P0 vendor 目录: third_party
lib/infrastructure/aio/third_party/cfitsio/m4/libtool.m4,8488,m4,INF-aio,VENDOR,,P0 vendor 目录: third_party
lib/infrastructure/aio/third_party/cfitsio/m4/ltoptions.m4,467,m4,INF-aio,VENDOR,,P0 vendor 目录: third_party
lib/infrastructure/aio/third_party/cfitsio/m4/ltsugar.m4,124,m4,INF-aio,VENDOR,,P0 vendor 目录: third_party
lib/infrastructure/aio/third_party/cfitsio/m4/ltversion.m4,24,m4,INF-aio,VENDOR,,P0 vendor 目录: third_party
lib/infrastructure/aio/third_party/cfitsio/m4/lt~obsolete.m4,99,m4,INF-aio,VENDOR,,P0 vendor 目录: third_party
lib/infrastructure/aio/third_party/cfitsio/modkey.c,1828,c,INF-aio,VENDOR,,P0 vendor 目录: third_party
lib/infrastructure/aio/third_party/cfitsio/pliocomp.c,331,c,INF-aio,VENDOR,,P0 vendor 目录: third_party
lib/infrastructure/aio/third_party/cfitsio/putcol.c,2207,c,INF-aio,VENDOR,,P0 vendor 目录: third_party
lib/infrastructure/aio/third_party/cfitsio/putcolb.c,1045,c,INF-aio,VENDOR,,P0 vendor 目录: third_party
lib/infrastructure/aio/third_party/cfitsio/putcold.c,1089,c,INF-aio,VENDOR,,P0 vendor 目录: third_party
lib/infrastructure/aio/third_party/cfitsio/putcole.c,1102,c,INF-aio,VENDOR,,P0 vendor 目录: third_party
lib/infrastructure/aio/third_party/cfitsio/putcoli.c,1007,c,INF-aio,VENDOR,,P0 vendor 目录: third_party
lib/infrastructure/aio/third_party/cfitsio/putcolj.c,2038,c,INF-aio,VENDOR,,P0 vendor 目录: third_party
lib/infrastructure/aio/third_party/cfitsio/putcolk.c,1038,c,INF-aio,VENDOR,,P0 vendor 目录: third_party
lib/infrastructure/aio/third_party/cfitsio/putcoll.c,372,c,INF-aio,VENDOR,,P0 vendor 目录: third_party
lib/infrastructure/aio/third_party/cfitsio/putcols.c,304,c,INF-aio,VENDOR,,P0 vendor 目录: third_party
lib/infrastructure/aio/third_party/cfitsio/putcolsb.c,994,c,INF-aio,VENDOR,,P0 vendor 目录: third_party
lib/infrastructure/aio/third_party/cfitsio/putcolu.c,629,c,INF-aio,VENDOR,,P0 vendor 目录: third_party
lib/infrastructure/aio/third_party/cfitsio/putcolui.c,987,c,INF-aio,VENDOR,,P0 vendor 目录: third_party
lib/infrastructure/aio/third_party/cfitsio/putcoluj.c,1974,c,INF-aio,VENDOR,,P0 vendor 目录: third_party
lib/infrastructure/aio/third_party/cfitsio/putcoluk.c,1012,c,INF-aio,VENDOR,,P0 vendor 目录: third_party
lib/infrastructure/aio/third_party/cfitsio/putkey.c,3482,c,INF-aio,VENDOR,,P0 vendor 目录: third_party
lib/infrastructure/aio/third_party/cfitsio/quantize.c,3945,c,INF-aio,VENDOR,,P0 vendor 目录: third_party
lib/infrastructure/aio/third_party/cfitsio/region.c,1809,c,INF-aio,VENDOR,,P0 vendor 目录: third_party
lib/infrastructure/aio/third_party/cfitsio/region.h,82,h,INF-aio,VENDOR,,P0 vendor 目录: third_party
lib/infrastructure/aio/third_party/cfitsio/ricecomp.c,1366,c,INF-aio,VENDOR,,P0 vendor 目录: third_party
lib/infrastructure/aio/third_party/cfitsio/run-testprog,13,,INF-aio,VENDOR,,P0 vendor 目录: third_party
lib/infrastructure/aio/third_party/cfitsio/sample.tpl,120,tpl,INF-aio,VENDOR,,P0 vendor 目录: third_party
lib/infrastructure/aio/third_party/cfitsio/scalnull.c,229,c,INF-aio,VENDOR,,P0 vendor 目录: third_party
lib/infrastructure/aio/third_party/cfitsio/simplerng.c,461,c,INF-aio,VENDOR,,P0 vendor 目录: third_party
lib/infrastructure/aio/third_party/cfitsio/simplerng.h,27,h,INF-aio,VENDOR,,P0 vendor 目录: third_party
lib/infrastructure/aio/third_party/cfitsio/swapproc.c,247,c,INF-aio,VENDOR,,P0 vendor 目录: third_party
lib/infrastructure/aio/third_party/cfitsio/testf77.std,47,std,INF-aio,VENDOR,,P0 vendor 目录: third_party
lib/infrastructure/aio/third_party/cfitsio/testprog.std,47,std,INF-aio,VENDOR,,P0 vendor 目录: third_party
lib/infrastructure/aio/third_party/cfitsio/testprog.tpt,12,tpt,INF-aio,VENDOR,,P0 vendor 目录: third_party
lib/infrastructure/aio/third_party/cfitsio/utilities/cookbook.c,573,c,INF-aio,VENDOR,,P0 vendor 目录: third_party
lib/infrastructure/aio/third_party/cfitsio/utilities/cookbook.f,772,f,INF-aio,VENDOR,,P0 vendor 目录: third_party
lib/infrastructure/aio/third_party/cfitsio/utilities/fitscopy.c,60,c,INF-aio,VENDOR,,P0 vendor 目录: third_party
lib/infrastructure/aio/third_party/cfitsio/utilities/fitsverify.c,267,c,INF-aio,VENDOR,,P0 vendor 目录: third_party
lib/infrastructure/aio/third_party/cfitsio/utilities/fpack.c,453,c,INF-aio,VENDOR,,P0 vendor 目录: third_party
lib/infrastructure/aio/third_party/cfitsio/utilities/fpack.h,189,h,INF-aio,VENDOR,,P0 vendor 目录: third_party
lib/infrastructure/aio/third_party/cfitsio/utilities/fpackutil.c,2431,c,INF-aio,VENDOR,,P0 vendor 目录: third_party
lib/infrastructure/aio/third_party/cfitsio/utilities/ftverify.c,466,c,INF-aio,VENDOR,,P0 vendor 目录: third_party
lib/infrastructure/aio/third_party/cfitsio/utilities/funpack.c,174,c,INF-aio,VENDOR,,P0 vendor 目录: third_party
lib/infrastructure/aio/third_party/cfitsio/utilities/fverify.h,214,h,INF-aio,VENDOR,,P0 vendor 目录: third_party
lib/infrastructure/aio/third_party/cfitsio/utilities/fvrf_data.c,890,c,INF-aio,VENDOR,,P0 vendor 目录: third_party
lib/infrastructure/aio/third_party/cfitsio/utilities/fvrf_file.c,289,c,INF-aio,VENDOR,,P0 vendor 目录: third_party
lib/infrastructure/aio/third_party/cfitsio/utilities/fvrf_head.c,3347,c,INF-aio,VENDOR,,P0 vendor 目录: third_party
lib/infrastructure/aio/third_party/cfitsio/utilities/fvrf_key.c,730,c,INF-aio,VENDOR,,P0 vendor 目录: third_party
lib/infrastructure/aio/third_party/cfitsio/utilities/fvrf_misc.c,337,c,INF-aio,VENDOR,,P0 vendor 目录: third_party
lib/infrastructure/aio/third_party/cfitsio/utilities/imcopy.c,233,c,INF-aio,VENDOR,,P0 vendor 目录: third_party
lib/infrastructure/aio/third_party/cfitsio/utilities/iter_image.c,85,c,INF-aio,VENDOR,,P0 vendor 目录: third_party
lib/infrastructure/aio/third_party/cfitsio/utilities/iter_var.c,93,c,INF-aio,VENDOR,,P0 vendor 目录: third_party
lib/infrastructure/aio/third_party/cfitsio/utilities/smem.c,77,c,INF-aio,VENDOR,,P0 vendor 目录: third_party
lib/infrastructure/aio/third_party/cfitsio/utilities/speed.c,589,c,INF-aio,VENDOR,,P0 vendor 目录: third_party
lib/infrastructure/aio/third_party/cfitsio/utilities/testf77.f,2488,f,INF-aio,VENDOR,,P0 vendor 目录: third_party
lib/infrastructure/aio/third_party/cfitsio/utilities/testprog.c,2589,c,INF-aio,VENDOR,,P0 vendor 目录: third_party
lib/infrastructure/aio/third_party/cfitsio/vmsieee.c,130,c,INF-aio,VENDOR,,P0 vendor 目录: third_party
lib/infrastructure/aio/third_party/cfitsio/wcssub.c,1043,c,INF-aio,VENDOR,,P0 vendor 目录: third_party
lib/infrastructure/aio/third_party/cfitsio/wcsutil.c,502,c,INF-aio,VENDOR,,P0 vendor 目录: third_party
lib/infrastructure/aio/third_party/cfitsio/winDumpExts.mak,191,mak,INF-aio,VENDOR,,P0 vendor 目录: third_party
lib/infrastructure/aio/third_party/cfitsio/win_compat/unistd.h,52,h,INF-aio,VENDOR,,P0 vendor 目录: third_party
lib/infrastructure/aio/third_party/cfitsio/windumpexts.c,504,c,INF-aio,VENDOR,,P0 vendor 目录: third_party
lib/infrastructure/aio/third_party/cfitsio/zcompress.c,549,c,INF-aio,VENDOR,,P0 vendor 目录: third_party
lib/infrastructure/aio/third_party/cfitsio/zuncompress.c,603,c,INF-aio,VENDOR,,P0 vendor 目录: third_party
lib/infrastructure/aio/tools/aio_abi_mirror.py,229,py,INF-aio,HUMAN,INF-aio-007,默认保留（非产出面或非数据形态）
lib/infrastructure/benchmark/PENDING.md,13,md,INF-benchmark,HUMAN,INF-benchmark-001,默认保留（非产出面或非数据形态）
lib/infrastructure/benchmark/README.md,18,md,INF-benchmark,HUMAN,INF-benchmark-001,默认保留（非产出面或非数据形态）
lib/infrastructure/benchmark/backend_host/avx2_backend.cpp,37,cpp,INF-benchmark,HUMAN,INF-benchmark-001,默认保留（非产出面或非数据形态）
lib/infrastructure/benchmark/backend_host/avx2_backend_kernels.cpp,50,cpp,INF-benchmark,HUMAN,INF-benchmark-001,默认保留（非产出面或非数据形态）
lib/infrastructure/benchmark/backend_host/avx512_backend.cpp,52,cpp,INF-benchmark,HUMAN,INF-benchmark-001,默认保留（非产出面或非数据形态）
lib/infrastructure/benchmark/backend_host/avx512_backend_kernels.cpp,43,cpp,INF-benchmark,HUMAN,INF-benchmark-001,默认保留（非产出面或非数据形态）
lib/infrastructure/benchmark/backend_host/avx_backend.cpp,42,cpp,INF-benchmark,HUMAN,INF-benchmark-001,默认保留（非产出面或非数据形态）
lib/infrastructure/benchmark/backend_host/backend_loader.cpp,203,cpp,INF-benchmark,HUMAN,INF-benchmark-001,默认保留（非产出面或非数据形态）
lib/infrastructure/benchmark/backend_host/backend_loader.h,55,h,INF-benchmark,HUMAN,INF-benchmark-001,默认保留（非产出面或非数据形态）
lib/infrastructure/benchmark/backend_host/backend_table.inc,121,inc,INF-benchmark,HUMAN,INF-benchmark-001,默认保留（非产出面或非数据形态）
lib/infrastructure/benchmark/backend_host/backend_variant_kernels.h,36,h,INF-benchmark,HUMAN,INF-benchmark-001,默认保留（非产出面或非数据形态）
lib/infrastructure/benchmark/backend_host/baseline_backend.cpp,55,cpp,INF-benchmark,HUMAN,INF-benchmark-001,默认保留（非产出面或非数据形态）
lib/infrastructure/benchmark/backend_host/baseline_kernels.h,51,h,INF-benchmark,HUMAN,INF-benchmark-001,默认保留（非产出面或非数据形态）
lib/infrastructure/benchmark/backend_host/baseline_kernels_impl.inc,314,inc,INF-benchmark,HUMAN,INF-benchmark-001,默认保留（非产出面或非数据形态）
lib/infrastructure/benchmark/backend_host/bench_harness.cpp,240,cpp,INF-benchmark,HUMAN,INF-benchmark-001,默认保留（非产出面或非数据形态）
lib/infrastructure/benchmark/backend_host/bench_harness.h,77,h,INF-benchmark,HUMAN,INF-benchmark-001,默认保留（非产出面或非数据形态）
lib/infrastructure/benchmark/backend_host/bench_report.cpp,423,cpp,INF-benchmark,HUMAN,INF-benchmark-001,默认保留（非产出面或非数据形态）
lib/infrastructure/benchmark/backend_host/bench_report.h,116,h,INF-benchmark,HUMAN,INF-benchmark-001,默认保留（非产出面或非数据形态）
lib/infrastructure/benchmark/backend_host/cpu_features.cpp,132,cpp,INF-benchmark,HUMAN,INF-benchmark-001,默认保留（非产出面或非数据形态）
lib/infrastructure/benchmark/backend_host/cpu_features.h,43,h,INF-benchmark,HUMAN,INF-benchmark-001,默认保留（非产出面或非数据形态）
lib/infrastructure/benchmark/backend_host/cpu_routing.cpp,612,cpp,INF-benchmark,HUMAN,INF-benchmark-001,默认保留（非产出面或非数据形态）
lib/infrastructure/benchmark/backend_host/cpu_routing.h,156,h,INF-benchmark,HUMAN,INF-benchmark-001,默认保留（非产出面或非数据形态）
lib/infrastructure/benchmark/backend_host/hardware_inspect.cpp,363,cpp,INF-benchmark,HUMAN,INF-benchmark-001,默认保留（非产出面或非数据形态）
lib/infrastructure/benchmark/backend_host/hardware_inspect.h,19,h,INF-benchmark,HUMAN,INF-benchmark-001,默认保留（非产出面或非数据形态）
lib/infrastructure/benchmark/backend_host/host_services.cpp,152,cpp,INF-benchmark,HUMAN,INF-benchmark-001,默认保留（非产出面或非数据形态）
lib/infrastructure/benchmark/backend_host/profile_gen.cpp,152,cpp,INF-benchmark,HUMAN,INF-benchmark-001,默认保留（非产出面或非数据形态）
lib/infrastructure/benchmark/backend_host/profile_gen.h,145,h,INF-benchmark,HUMAN,INF-benchmark-001,默认保留（非产出面或非数据形态）
lib/infrastructure/benchmark/backend_host/profile_gen_v2.cpp,966,cpp,INF-benchmark,HUMAN,INF-benchmark-001,默认保留（非产出面或非数据形态）
lib/infrastructure/benchmark/backend_host/profile_store.cpp,425,cpp,INF-benchmark,HUMAN,INF-benchmark-001,默认保留（非产出面或非数据形态）
lib/infrastructure/benchmark/backend_host/profile_store.h,117,h,INF-benchmark,HUMAN,INF-benchmark-001,默认保留（非产出面或非数据形态）
lib/infrastructure/benchmark/backend_host/worker_advisor.cpp,315,cpp,INF-benchmark,HUMAN,INF-benchmark-001,默认保留（非产出面或非数据形态）
lib/infrastructure/benchmark/backend_host/worker_advisor.h,127,h,INF-benchmark,HUMAN,INF-benchmark-001,默认保留（非产出面或非数据形态）
lib/infrastructure/benchmark/cpu/avx2/include/acsd/cpu/avx2_provider_v1.h,108,h,INF-benchmark,HUMAN,INF-benchmark-001,默认保留（非产出面或非数据形态）
lib/infrastructure/benchmark/cpu/avx2/src/avx2_kernels.cpp,90,cpp,INF-benchmark,HUMAN,INF-benchmark-001,默认保留（非产出面或非数据形态）
lib/infrastructure/benchmark/cpu/avx2/src/avx2_provider.cpp,368,cpp,INF-benchmark,HUMAN,INF-benchmark-001,默认保留（非产出面或非数据形态）
lib/infrastructure/benchmark/cpu/avx512/include/acsd/cpu/avx512_provider_v1.h,115,h,INF-benchmark,HUMAN,INF-benchmark-001,默认保留（非产出面或非数据形态）
lib/infrastructure/benchmark/cpu/avx512/src/avx512_kernels.cpp,84,cpp,INF-benchmark,HUMAN,INF-benchmark-001,默认保留（非产出面或非数据形态）
lib/infrastructure/benchmark/cpu/avx512/src/avx512_provider.cpp,382,cpp,INF-benchmark,HUMAN,INF-benchmark-001,默认保留（非产出面或非数据形态）
lib/infrastructure/benchmark/cpu/baseline/include/acsd/cpu/baseline_provider_v1.h,149,h,INF-benchmark,HUMAN,INF-benchmark-001,默认保留（非产出面或非数据形态）
lib/infrastructure/benchmark/cpu/baseline/src/baseline_provider.cpp,619,cpp,INF-benchmark,HUMAN,INF-benchmark-001,默认保留（非产出面或非数据形态）
lib/infrastructure/benchmark/cpu/common/README.md,111,md,INF-benchmark,HUMAN,INF-benchmark-001,默认保留（非产出面或非数据形态）
lib/infrastructure/benchmark/cpu/common/include/acsd/cpu/capability_v1.h,159,h,INF-benchmark,HUMAN,INF-benchmark-001,默认保留（非产出面或非数据形态）
lib/infrastructure/benchmark/cpu/common/include/acsd/cpu/cpuprov_kernels_v1.h,61,h,INF-benchmark,HUMAN,INF-benchmark-001,默认保留（非产出面或非数据形态）
lib/infrastructure/benchmark/cpu/common/schemas/cpu_capability.schema.json,86,json,INF-benchmark,HUMAN,INF-benchmark-001,默认保留（非产出面或非数据形态）
lib/infrastructure/benchmark/cpu/common/src/capability_detect.c,387,c,INF-benchmark,HUMAN,INF-benchmark-001,默认保留（非产出面或非数据形态）
lib/infrastructure/cli/CMakeLists.txt,41,txt,INF-cli,HUMAN,INF-cli-001,默认保留（非产出面或非数据形态）
lib/infrastructure/cli/README.md,45,md,INF-cli,HUMAN,INF-cli-001,默认保留（非产出面或非数据形态）
lib/infrastructure/cli/acsd_process.h,45,h,INF-cli,HUMAN,INF-cli-001,默认保留（非产出面或非数据形态）
lib/infrastructure/cli/cancel_token.h,41,h,INF-cli,HUMAN,INF-cli-001,默认保留（非产出面或非数据形态）
lib/infrastructure/cli/cli_common.h,151,h,INF-cli,HUMAN,INF-cli-001,默认保留（非产出面或非数据形态）
lib/infrastructure/cli/command_tree.h,166,h,INF-cli,HUMAN,INF-cli-001,默认保留（非产出面或非数据形态）
lib/infrastructure/cli/commands.cpp,2734,cpp,INF-cli,HUMAN,INF-cli-001,默认保留（非产出面或非数据形态）
lib/infrastructure/cli/disk_gate.h,274,h,INF-cli,HUMAN,INF-cli-001,默认保留（非产出面或非数据形态）
lib/infrastructure/cli/exit_codes.h,21,h,INF-cli,HUMAN,INF-cli-001,默认保留（非产出面或非数据形态）
lib/infrastructure/cli/export/export.h,18,h,INF-cli,HUMAN,INF-cli-001,默认保留（非产出面或非数据形态）
lib/infrastructure/cli/jsonl.h,330,h,INF-cli,HUMAN,INF-cli-001,默认保留（非产出面或非数据形态）
lib/infrastructure/cli/main.cpp,114,cpp,INF-cli,HUMAN,INF-cli-001,默认保留（非产出面或非数据形态）
lib/infrastructure/cli/memory_growth.h,136,h,INF-cli,HUMAN,INF-cli-001,默认保留（非产出面或非数据形态）
lib/infrastructure/cli/memory_report.h,624,h,INF-cli,HUMAN,INF-cli-001,默认保留（非产出面或非数据形态）
lib/infrastructure/cli/mode_gate.h,98,h,INF-cli,HUMAN,INF-cli-001,默认保留（非产出面或非数据形态）
lib/infrastructure/cli/module.yaml,35,yaml,INF-cli,HUMAN,INF-cli-001,默认保留（非产出面或非数据形态）
lib/infrastructure/cli/monitor.h,476,h,INF-cli,HUMAN,INF-cli-001,默认保留（非产出面或非数据形态）
lib/infrastructure/cli/mosaic/mosaic.h,18,h,INF-cli,HUMAN,INF-cli-001,默认保留（非产出面或非数据形态）
lib/infrastructure/cli/normalize/normalize.h,18,h,INF-cli,HUMAN,INF-cli-001,默认保留（非产出面或非数据形态）
lib/infrastructure/cli/parser.cpp,705,cpp,INF-cli,HUMAN,INF-cli-001,默认保留（非产出面或非数据形态）
lib/infrastructure/cli/process.cpp,215,cpp,INF-cli,HUMAN,INF-cli-001,默认保留（非产出面或非数据形态）
lib/infrastructure/cli/profile_store_bridge.h,48,h,INF-cli,HUMAN,INF-cli-001,默认保留（非产出面或非数据形态）
lib/infrastructure/cli/protocol.h,152,h,INF-cli,HUMAN,INF-cli-001,默认保留（非产出面或非数据形态）
lib/infrastructure/cli/resource_events.h,88,h,INF-cli,HUMAN,INF-cli-001,默认保留（非产出面或非数据形态）
lib/infrastructure/cli/resource_gate.h,561,h,INF-cli,HUMAN,INF-cli-001,默认保留（非产出面或非数据形态）
lib/infrastructure/cli/resource_gate_thresholds_generated.h.in,44,in,INF-cli,HUMAN,INF-cli-001,默认保留（非产出面或非数据形态）
lib/infrastructure/cli/resource_recorder.h,378,h,INF-cli,HUMAN,INF-cli-001,默认保留（非产出面或非数据形态）
lib/infrastructure/cli/runtime_client.cpp,583,cpp,INF-cli,HUMAN,INF-cli-001,默认保留（非产出面或非数据形态）
lib/infrastructure/cli/runtime_client.h,73,h,INF-cli,HUMAN,INF-cli-001,默认保留（非产出面或非数据形态）
lib/infrastructure/cli/runtime_contract.h,406,h,INF-cli,HUMAN,INF-cli-001,默认保留（非产出面或非数据形态）
lib/infrastructure/cli/session_commands.h,429,h,INF-cli,HUMAN,INF-cli-001,默认保留（非产出面或非数据形态）
lib/infrastructure/cli/subcommand.h,518,h,INF-cli,HUMAN,INF-cli-001,默认保留（非产出面或非数据形态）
lib/infrastructure/cli/version_generated.h.in,3,in,INF-cli,HUMAN,INF-cli-001,默认保留（非产出面或非数据形态）
lib/infrastructure/gaia_xpsd_client/.gitignore,10,gitignore,INF-gaia_xpsd_client,HUMAN,INF-gaia_xpsd_client-001,默认保留（非产出面或非数据形态）
lib/infrastructure/gaia_xpsd_client/CMakeLists.txt,142,txt,INF-gaia_xpsd_client,HUMAN,INF-gaia_xpsd_client-001,默认保留（非产出面或非数据形态）
lib/infrastructure/gaia_xpsd_client/Makefile,28,,INF-gaia_xpsd_client,HUMAN,INF-gaia_xpsd_client-001,默认保留（非产出面或非数据形态）
lib/infrastructure/gaia_xpsd_client/README.md,160,md,INF-gaia_xpsd_client,HUMAN,INF-gaia_xpsd_client-001,默认保留（非产出面或非数据形态）
lib/infrastructure/gaia_xpsd_client/example/demo.c,40,c,INF-gaia_xpsd_client,HUMAN,INF-gaia_xpsd_client-001,默认保留（非产出面或非数据形态）
lib/infrastructure/gaia_xpsd_client/include/acsd/gaia/types.h,78,h,INF-gaia_xpsd_client,HUMAN,INF-gaia_xpsd_client-001,默认保留（非产出面或非数据形态）
lib/infrastructure/gaia_xpsd_client/integration/acsd_catalog_gaia.integration.json,119,json,INF-gaia_xpsd_client,HUMAN,INF-gaia_xpsd_client-001,默认保留（非产出面或非数据形态）
lib/infrastructure/gaia_xpsd_client/memory.md,84,md,INF-gaia_xpsd_client,HUMAN,INF-gaia_xpsd_client-001,默认保留（非产出面或非数据形态）
lib/infrastructure/gaia_xpsd_client/module.yaml,60,yaml,INF-gaia_xpsd_client,HUMAN,INF-gaia_xpsd_client-001,默认保留（非产出面或非数据形态）
lib/infrastructure/gaia_xpsd_client/src/gaia_client.c,3171,c,INF-gaia_xpsd_client,HUMAN,INF-gaia_xpsd_client-001,默认保留（非产出面或非数据形态）
lib/infrastructure/gaia_xpsd_client/src/gaia_client.h,213,h,INF-gaia_xpsd_client,HUMAN,INF-gaia_xpsd_client-001,默认保留（非产出面或非数据形态）
lib/infrastructure/gaia_xpsd_client/src/module_entry.c,1066,c,INF-gaia_xpsd_client,HUMAN,INF-gaia_xpsd_client-001,默认保留（非产出面或非数据形态）
lib/infrastructure/gaia_xpsd_client/test/test_gaia_race.c,268,c,INF-gaia_xpsd_client,HUMAN,INF-gaia_xpsd_client-001,默认保留（非产出面或非数据形态）
lib/infrastructure/gaia_xpsd_client/test/test_spec_collector_ownership.c,156,c,INF-gaia_xpsd_client,HUMAN,INF-gaia_xpsd_client-001,默认保留（非产出面或非数据形态）
lib/infrastructure/gaia_xpsd_client/tests/test_gaia_zlib_configure_contract.py,426,py,INF-gaia_xpsd_client,HUMAN,INF-gaia_xpsd_client-001,默认保留（非产出面或非数据形态）
lib/infrastructure/hips_browser/PENDING.md,8,md,INF-hips_browser,HUMAN,INF-hips_browser-001,默认保留（非产出面或非数据形态）
lib/infrastructure/hips_browser/README.md,16,md,INF-hips_browser,HUMAN,INF-hips_browser-001,默认保留（非产出面或非数据形态）
lib/infrastructure/hips_browser/healpix_browser_qt/CMakeLists.txt,182,txt,INF-hips_browser,HUMAN,INF-hips_browser-002,默认保留（非产出面或非数据形态）
lib/infrastructure/hips_browser/healpix_browser_qt/Makefile,54,,INF-hips_browser,HUMAN,INF-hips_browser-002,默认保留（非产出面或非数据形态）
lib/infrastructure/hips_browser/healpix_browser_qt/README.md,128,md,INF-hips_browser,HUMAN,INF-hips_browser-001,默认保留（非产出面或非数据形态）
lib/infrastructure/hips_browser/healpix_browser_qt/app/browser_cli.cpp,1348,cpp,INF-hips_browser,HUMAN,INF-hips_browser-002,默认保留（非产出面或非数据形态）
lib/infrastructure/hips_browser/healpix_browser_qt/app/main.cpp,152,cpp,INF-hips_browser,HUMAN,INF-hips_browser-001,默认保留（非产出面或非数据形态）
lib/infrastructure/hips_browser/healpix_browser_qt/app/main_window.cpp,1096,cpp,INF-hips_browser,HUMAN,INF-hips_browser-002,默认保留（非产出面或非数据形态）
lib/infrastructure/hips_browser/healpix_browser_qt/app/main_window.h,147,h,INF-hips_browser,HUMAN,INF-hips_browser-002,默认保留（非产出面或非数据形态）
lib/infrastructure/hips_browser/healpix_browser_qt/app/stf_bar.cpp,204,cpp,INF-hips_browser,HUMAN,INF-hips_browser-001,默认保留（非产出面或非数据形态）
lib/infrastructure/hips_browser/healpix_browser_qt/app/stf_bar.h,72,h,INF-hips_browser,HUMAN,INF-hips_browser-001,默认保留（非产出面或非数据形态）
lib/infrastructure/hips_browser/healpix_browser_qt/app/stf_panel.cpp,56,cpp,INF-hips_browser,HUMAN,INF-hips_browser-002,默认保留（非产出面或非数据形态）
lib/infrastructure/hips_browser/healpix_browser_qt/app/stf_panel.h,52,h,INF-hips_browser,HUMAN,INF-hips_browser-001,默认保留（非产出面或非数据形态）
lib/infrastructure/hips_browser/healpix_browser_qt/core/browser_backend.cpp,1043,cpp,INF-hips_browser,HUMAN,INF-hips_browser-001,默认保留（非产出面或非数据形态）
lib/infrastructure/hips_browser/healpix_browser_qt/core/browser_backend.h,236,h,INF-hips_browser,HUMAN,INF-hips_browser-001,默认保留（非产出面或非数据形态）
lib/infrastructure/hips_browser/healpix_browser_qt/core/gl_renderer.cpp,2062,cpp,INF-hips_browser,HUMAN,INF-hips_browser-001,默认保留（非产出面或非数据形态）
lib/infrastructure/hips_browser/healpix_browser_qt/core/gl_renderer.h,227,h,INF-hips_browser,HUMAN,INF-hips_browser-002,默认保留（非产出面或非数据形态）
lib/infrastructure/hips_browser/healpix_browser_qt/core/healpix_math.cpp,110,cpp,INF-hips_browser,HUMAN,INF-hips_browser-002,默认保留（非产出面或非数据形态）
lib/infrastructure/hips_browser/healpix_browser_qt/core/healpix_math.h,48,h,INF-hips_browser,HUMAN,INF-hips_browser-002,默认保留（非产出面或非数据形态）
lib/infrastructure/hips_browser/healpix_browser_qt/core/hips_browser_backend.cpp,359,cpp,INF-hips_browser,HUMAN,INF-hips_browser-001,默认保留（非产出面或非数据形态）
lib/infrastructure/hips_browser/healpix_browser_qt/core/hips_browser_backend.h,91,h,INF-hips_browser,HUMAN,INF-hips_browser-001,默认保留（非产出面或非数据形态）
lib/infrastructure/hips_browser/healpix_browser_qt/core/hips_sky_view.cpp,536,cpp,INF-hips_browser,HUMAN,INF-hips_browser-002,默认保留（非产出面或非数据形态）
lib/infrastructure/hips_browser/healpix_browser_qt/core/hips_sky_view.h,158,h,INF-hips_browser,HUMAN,INF-hips_browser-002,默认保留（非产出面或非数据形态）
lib/infrastructure/hips_browser/healpix_browser_qt/core/logger.h,86,h,INF-hips_browser,HUMAN,INF-hips_browser-001,默认保留（非产出面或非数据形态）
lib/infrastructure/hips_browser/healpix_browser_qt/core/stf_engine.cpp,180,cpp,INF-hips_browser,HUMAN,INF-hips_browser-002,默认保留（非产出面或非数据形态）
lib/infrastructure/hips_browser/healpix_browser_qt/core/stf_engine.h,104,h,INF-hips_browser,HUMAN,INF-hips_browser-002,默认保留（非产出面或非数据形态）
lib/infrastructure/hips_browser/healpix_browser_qt/deploy.ps1,98,ps1,INF-hips_browser,HUMAN,INF-hips_browser-002,默认保留（非产出面或非数据形态）
lib/infrastructure/hips_browser/healpix_browser_qt/include/healpix_browser_core.h,16,h,INF-hips_browser,HUMAN,INF-hips_browser-001,默认保留（非产出面或非数据形态）
lib/infrastructure/hips_browser/healpix_browser_qt/memory.md,330,md,INF-hips_browser,HUMAN,INF-hips_browser-001,默认保留（非产出面或非数据形态）
lib/infrastructure/hips_browser/healpix_browser_qt/run_healpix.bat,5,bat,INF-hips_browser,HUMAN,INF-hips_browser-002,默认保留（非产出面或非数据形态）
lib/infrastructure/hips_browser/healpix_browser_qt/tests/gen_hips_browser_test.py,139,py,INF-hips_browser,HUMAN,INF-hips_browser-001,默认保留（非产出面或非数据形态）
lib/infrastructure/hips_browser/healpix_browser_qt/tests/test_browser_backend.cpp,100,cpp,INF-hips_browser,HUMAN,INF-hips_browser-001,默认保留（非产出面或非数据形态）
lib/infrastructure/hips_browser/healpix_browser_qt/tests/test_browser_dual_dtype.cpp,94,cpp,INF-hips_browser,HUMAN,INF-hips_browser-002,默认保留（非产出面或非数据形态）
lib/infrastructure/hips_browser/healpix_browser_qt/tests/test_geometry_truth.cpp,240,cpp,INF-hips_browser,HUMAN,INF-hips_browser-002,默认保留（非产出面或非数据形态）
lib/infrastructure/hips_browser/healpix_browser_qt/tests/test_healpix_math.cpp,98,cpp,INF-hips_browser,HUMAN,INF-hips_browser-001,默认保留（非产出面或非数据形态）
lib/infrastructure/hips_browser/healpix_browser_qt/tests/test_hips_browser_backend.cpp,172,cpp,INF-hips_browser,HUMAN,INF-hips_browser-001,默认保留（非产出面或非数据形态）
lib/infrastructure/hips_browser/healpix_browser_qt/tests/test_stf_engine.cpp,82,cpp,INF-hips_browser,HUMAN,INF-hips_browser-002,默认保留（非产出面或非数据形态）
lib/infrastructure/hips_browser/healpix_browser_qt/tools/gen_geometry_truth.py,260,py,INF-hips_browser,HUMAN,INF-hips_browser-002,默认保留（非产出面或非数据形态）
lib/infrastructure/hips_browser/healpix_browser_qt/tools/gen_ref_source.py,134,py,INF-hips_browser,HUMAN,INF-hips_browser-002,默认保留（非产出面或非数据形态）
lib/infrastructure/hips_browser/healpix_browser_qt/tools/hips_tile_oracle.py,250,py,INF-hips_browser,HUMAN,INF-hips_browser-001,默认保留（非产出面或非数据形态）
lib/infrastructure/hips_browser/healpix_browser_qt/widgets/abstract_view.cpp,287,cpp,INF-hips_browser,HUMAN,INF-hips_browser-002,默认保留（非产出面或非数据形态）
lib/infrastructure/hips_browser/healpix_browser_qt/widgets/abstract_view.h,91,h,INF-hips_browser,HUMAN,INF-hips_browser-002,默认保留（非产出面或非数据形态）
lib/infrastructure/hips_browser/healpix_browser_qt/widgets/hips_view.cpp,210,cpp,INF-hips_browser,HUMAN,INF-hips_browser-001,默认保留（非产出面或非数据形态）
lib/infrastructure/hips_browser/healpix_browser_qt/widgets/hips_view.h,76,h,INF-hips_browser,HUMAN,INF-hips_browser-001,默认保留（非产出面或非数据形态）
lib/infrastructure/hips_browser/healpix_browser_qt/widgets/sphere_view.cpp,502,cpp,INF-hips_browser,HUMAN,INF-hips_browser-002,默认保留（非产出面或非数据形态）
lib/infrastructure/hips_browser/healpix_browser_qt/widgets/sphere_view.h,138,h,INF-hips_browser,HUMAN,INF-hips_browser-001,默认保留（非产出面或非数据形态）
lib/infrastructure/observability/PENDING.md,15,md,INF-observability,HUMAN,INF-observability-001,默认保留（非产出面或非数据形态）
lib/infrastructure/observability/README.md,18,md,INF-observability,HUMAN,INF-observability-001,默认保留（非产出面或非数据形态）
lib/infrastructure/observability/logging/README.md,42,md,INF-observability,HUMAN,INF-observability-001,默认保留（非产出面或非数据形态）
lib/infrastructure/observability/logging/log_event.py,248,py,INF-observability,HUMAN,INF-observability-001,默认保留（非产出面或非数据形态）
lib/infrastructure/observability/logging/log_event_v1.schema.json,162,json,INF-observability,HUMAN,INF-observability-001,默认保留（非产出面或非数据形态）
lib/infrastructure/observability/monitoring/__init__.py,19,py,INF-observability,HUMAN,INF-observability-001,默认保留（非产出面或非数据形态）
lib/infrastructure/observability/monitoring/linux_procfs.py,254,py,INF-observability,HUMAN,INF-observability-001,默认保留（非产出面或非数据形态）
lib/infrastructure/observability/monitoring/monitor.py,706,py,INF-observability,HUMAN,INF-observability-001,默认保留（非产出面或非数据形态）
lib/infrastructure/observability/monitoring/runner.py,181,py,INF-observability,HUMAN,INF-observability-001,默认保留（非产出面或非数据形态）
lib/infrastructure/observability/monitoring/trace_feed.py,163,py,INF-observability,HUMAN,INF-observability-001,默认保留（非产出面或非数据形态）
lib/infrastructure/observability/monitoring/windows_pdh_etw.py,41,py,INF-observability,HUMAN,INF-observability-001,默认保留（非产出面或非数据形态）
lib/infrastructure/observability/probes/README.md,64,md,INF-observability,HUMAN,INF-observability-001,默认保留（非产出面或非数据形态）
lib/infrastructure/observability/probes/include/acsd/probe.h,183,h,INF-observability,HUMAN,INF-observability-001,默认保留（非产出面或非数据形态）
lib/infrastructure/observability/probes/src/probe.cpp,372,cpp,INF-observability,HUMAN,INF-observability-001,默认保留（非产出面或非数据形态）
lib/infrastructure/pipeline/PENDING.md,15,md,INF-pipeline,HUMAN,INF-pipeline-003,默认保留（非产出面或非数据形态）
lib/infrastructure/pipeline/README.md,23,md,INF-pipeline,HUMAN,INF-pipeline-002,默认保留（非产出面或非数据形态）
lib/infrastructure/pipeline/fixtures/phase2_typed_dag.json,151,json,INF-pipeline,HUMAN,INF-pipeline-001,P3 手写面豁免: (^|/)fixtures(/|$)
lib/infrastructure/pipeline/module_loader/README.md,58,md,INF-pipeline,HUMAN,INF-pipeline-003,默认保留（非产出面或非数据形态）
lib/infrastructure/pipeline/module_loader/module_registry.c,987,c,INF-pipeline,HUMAN,INF-pipeline-003,默认保留（非产出面或非数据形态）
lib/infrastructure/pipeline/module_loader/module_registry.h,178,h,INF-pipeline,HUMAN,INF-pipeline-001,默认保留（非产出面或非数据形态）
lib/infrastructure/pipeline/module_loader/secure_loader.c,725,c,INF-pipeline,HUMAN,INF-pipeline-002,默认保留（非产出面或非数据形态）
lib/infrastructure/pipeline/module_loader/secure_loader.h,180,h,INF-pipeline,HUMAN,INF-pipeline-002,默认保留（非产出面或非数据形态）
lib/infrastructure/pipeline/module_ports.registry.json,2197,json,INF-pipeline,HUMAN,INF-pipeline-002,默认保留（非产出面或非数据形态）
lib/infrastructure/pipeline/orchestrator/.gitignore,9,gitignore,INF-pipeline,HUMAN,INF-pipeline-002,默认保留（非产出面或非数据形态）
lib/infrastructure/pipeline/orchestrator/README.md,103,md,INF-pipeline,HUMAN,INF-pipeline-002,默认保留（非产出面或非数据形态）
lib/infrastructure/pipeline/orchestrator/configs/stage1.schema.json,475,json,INF-pipeline,HUMAN,INF-pipeline-002,默认保留（非产出面或非数据形态）
lib/infrastructure/pipeline/orchestrator/configs/stage1.template.json,73,json,INF-pipeline,HUMAN,INF-pipeline-001,默认保留（非产出面或非数据形态）
lib/infrastructure/pipeline/orchestrator/configs/stage1_gc_panel1_Red.json,73,json,INF-pipeline,HUMAN,INF-pipeline-003,默认保留（非产出面或非数据形态）
lib/infrastructure/pipeline/orchestrator/configs/stage1_gc_panel2_Red.json,73,json,INF-pipeline,HUMAN,INF-pipeline-001,默认保留（非产出面或非数据形态）
lib/infrastructure/pipeline/orchestrator/configs/stage1_gc_panel3_Red.json,73,json,INF-pipeline,HUMAN,INF-pipeline-003,默认保留（非产出面或非数据形态）
lib/infrastructure/pipeline/orchestrator/cpp/.gitignore,5,gitignore,INF-pipeline,HUMAN,INF-pipeline-003,默认保留（非产出面或非数据形态）
lib/infrastructure/pipeline/orchestrator/cpp/CMakeLists.txt,109,txt,INF-pipeline,HUMAN,INF-pipeline-002,默认保留（非产出面或非数据形态）
lib/infrastructure/pipeline/orchestrator/cpp/Makefile,250,,INF-pipeline,HUMAN,INF-pipeline-002,默认保留（非产出面或非数据形态）
lib/infrastructure/pipeline/orchestrator/cpp/include/admission_controller.h,213,h,INF-pipeline,HUMAN,INF-pipeline-003,默认保留（非产出面或非数据形态）
lib/infrastructure/pipeline/orchestrator/cpp/include/checkpoint.h,107,h,INF-pipeline,HUMAN,INF-pipeline-001,默认保留（非产出面或非数据形态）
lib/infrastructure/pipeline/orchestrator/cpp/include/cli_command.h,54,h,INF-pipeline,HUMAN,INF-pipeline-002,默认保留（非产出面或非数据形态）
lib/infrastructure/pipeline/orchestrator/cpp/include/dll_loader.h,126,h,INF-pipeline,HUMAN,INF-pipeline-001,默认保留（非产出面或非数据形态）
lib/infrastructure/pipeline/orchestrator/cpp/include/json_config.h,114,h,INF-pipeline,HUMAN,INF-pipeline-003,默认保留（非产出面或非数据形态）
lib/infrastructure/pipeline/orchestrator/cpp/include/logger.h,116,h,INF-pipeline,HUMAN,INF-pipeline-003,默认保留（非产出面或非数据形态）
lib/infrastructure/pipeline/orchestrator/cpp/include/orchestrator.h,542,h,INF-pipeline,HUMAN,INF-pipeline-002,默认保留（非产出面或非数据形态）
lib/infrastructure/pipeline/orchestrator/cpp/include/resource_monitor.h,214,h,INF-pipeline,HUMAN,INF-pipeline-002,默认保留（非产出面或非数据形态）
lib/infrastructure/pipeline/orchestrator/cpp/include/spill_manager.h,211,h,INF-pipeline,HUMAN,INF-pipeline-001,默认保留（非产出面或非数据形态）
lib/infrastructure/pipeline/orchestrator/cpp/include/star_coord_contract.h,61,h,INF-pipeline,HUMAN,INF-pipeline-001,默认保留（非产出面或非数据形态）
lib/infrastructure/pipeline/orchestrator/cpp/src/checkpoint.cpp,802,cpp,INF-pipeline,HUMAN,INF-pipeline-003,默认保留（非产出面或非数据形态）
lib/infrastructure/pipeline/orchestrator/cpp/src/cli_command.cpp,190,cpp,INF-pipeline,HUMAN,INF-pipeline-003,默认保留（非产出面或非数据形态）
lib/infrastructure/pipeline/orchestrator/cpp/src/dll_loader.cpp,539,cpp,INF-pipeline,HUMAN,INF-pipeline-001,默认保留（非产出面或非数据形态）
lib/infrastructure/pipeline/orchestrator/cpp/src/json_config.cpp,840,cpp,INF-pipeline,HUMAN,INF-pipeline-002,默认保留（非产出面或非数据形态）
lib/infrastructure/pipeline/orchestrator/cpp/src/logger.cpp,308,cpp,INF-pipeline,HUMAN,INF-pipeline-003,默认保留（非产出面或非数据形态）
lib/infrastructure/pipeline/orchestrator/cpp/src/main.cpp,398,cpp,INF-pipeline,HUMAN,INF-pipeline-001,默认保留（非产出面或非数据形态）
lib/infrastructure/pipeline/orchestrator/cpp/src/orchestrator.cpp,5538,cpp,INF-pipeline,HUMAN,INF-pipeline-001,默认保留（非产出面或非数据形态）
lib/infrastructure/pipeline/orchestrator/cpp/tests/CMakeLists.txt,178,txt,INF-pipeline,HUMAN,INF-pipeline-003,默认保留（非产出面或非数据形态）
lib/infrastructure/pipeline/orchestrator/cpp/tests/fixtures/filters_provenance_name_not_in_library.json,34,json,INF-pipeline,HUMAN,INF-pipeline-003,P3 手写面豁免: (^|/)fixtures(/|$)
lib/infrastructure/pipeline/orchestrator/cpp/tests/gate/gate_module_snr_extract_spy.cpp,54,cpp,INF-pipeline,HUMAN,INF-pipeline-001,默认保留（非产出面或非数据形态）
lib/infrastructure/pipeline/orchestrator/cpp/tests/gate/orchestrator_saturation_wiring_gate.cpp,357,cpp,INF-pipeline,HUMAN,INF-pipeline-003,默认保留（非产出面或非数据形态）
lib/infrastructure/pipeline/orchestrator/cpp/tests/test_checkpoint.cpp,667,cpp,INF-pipeline,HUMAN,INF-pipeline-002,默认保留（非产出面或非数据形态）
lib/infrastructure/pipeline/orchestrator/cpp/tests/test_dll_loader.cpp,370,cpp,INF-pipeline,HUMAN,INF-pipeline-002,默认保留（非产出面或非数据形态）
lib/infrastructure/pipeline/orchestrator/cpp/tests/test_logger.cpp,545,cpp,INF-pipeline,HUMAN,INF-pipeline-003,默认保留（非产出面或非数据形态）
lib/infrastructure/pipeline/orchestrator/cpp/tests/test_orchestrator_cli.cpp,1968,cpp,INF-pipeline,HUMAN,INF-pipeline-003,默认保留（非产出面或非数据形态）
lib/infrastructure/pipeline/orchestrator/cpp/tests/test_p1_batchB_fixes.cpp,229,cpp,INF-pipeline,HUMAN,INF-pipeline-001,默认保留（非产出面或非数据形态）
lib/infrastructure/pipeline/orchestrator/cpp/tests/test_p1_batchH_star_coord.cpp,205,cpp,INF-pipeline,HUMAN,INF-pipeline-002,默认保留（非产出面或非数据形态）
lib/infrastructure/pipeline/orchestrator/cpp/tests/test_p1phot_passband_identity.cpp,228,cpp,INF-pipeline,HUMAN,INF-pipeline-001,默认保留（非产出面或非数据形态）
lib/infrastructure/pipeline/orchestrator/cpp/tests/test_photometry_curve_resolve.cpp,655,cpp,INF-pipeline,HUMAN,INF-pipeline-002,默认保留（非产出面或非数据形态）
lib/infrastructure/pipeline/orchestrator/cpp/third_party/json-schema-validator/CMakeLists.txt,64,txt,INF-pipeline,VENDOR,,P0 vendor 目录: third_party
lib/infrastructure/pipeline/orchestrator/cpp/third_party/json-schema-validator/json-patch.cpp,115,cpp,INF-pipeline,VENDOR,,P0 vendor 目录: third_party
lib/infrastructure/pipeline/orchestrator/cpp/third_party/json-schema-validator/json-patch.hpp,41,hpp,INF-pipeline,VENDOR,,P0 vendor 目录: third_party
lib/infrastructure/pipeline/orchestrator/cpp/third_party/json-schema-validator/json-schema-draft7.json.cpp,185,cpp,INF-pipeline,VENDOR,,P0 vendor 目录: third_party
lib/infrastructure/pipeline/orchestrator/cpp/third_party/json-schema-validator/json-uri.cpp,159,cpp,INF-pipeline,VENDOR,,P0 vendor 目录: third_party
lib/infrastructure/pipeline/orchestrator/cpp/third_party/json-schema-validator/json-validator.cpp,1520,cpp,INF-pipeline,VENDOR,,P0 vendor 目录: third_party
lib/infrastructure/pipeline/orchestrator/cpp/third_party/json-schema-validator/nlohmann/json-schema.hpp,198,hpp,INF-pipeline,VENDOR,,P0 vendor 目录: third_party
lib/infrastructure/pipeline/orchestrator/cpp/third_party/json-schema-validator/smtp-address-validator.cpp,792,cpp,INF-pipeline,VENDOR,,P0 vendor 目录: third_party
lib/infrastructure/pipeline/orchestrator/cpp/third_party/json-schema-validator/smtp-address-validator.hpp,34,hpp,INF-pipeline,VENDOR,,P0 vendor 目录: third_party
lib/infrastructure/pipeline/orchestrator/cpp/third_party/json-schema-validator/string-format-check.cpp,414,cpp,INF-pipeline,VENDOR,,P0 vendor 目录: third_party
lib/infrastructure/pipeline/orchestrator/docs/architecture.md,128,md,INF-pipeline,HUMAN,INF-pipeline-003,默认保留（非产出面或非数据形态）
lib/infrastructure/pipeline/orchestrator/memory.md,693,md,INF-pipeline,HUMAN,INF-pipeline-003,默认保留（非产出面或非数据形态）
lib/infrastructure/pipeline/orchestrator/tests/__init__.py,8,py,INF-pipeline,HUMAN,INF-pipeline-002,默认保留（非产出面或非数据形态）
lib/infrastructure/pipeline/orchestrator/tests/test_orchestrator_e2e.py,485,py,INF-pipeline,HUMAN,INF-pipeline-003,默认保留（非产出面或非数据形态）
lib/infrastructure/pipeline/trace_replay.py,153,py,INF-pipeline,HUMAN,INF-pipeline-002,默认保留（非产出面或非数据形态）
lib/infrastructure/pipeline/typed_dag.py,624,py,INF-pipeline,HUMAN,INF-pipeline-003,默认保留（非产出面或非数据形态）
lib/infrastructure/pipeline/typed_dag.schema.json,65,json,INF-pipeline,HUMAN,INF-pipeline-002,默认保留（非产出面或非数据形态）
lib/infrastructure/pipeline/typed_dag_contract.h,122,h,INF-pipeline,HUMAN,INF-pipeline-002,默认保留（非产出面或非数据形态）
lib/infrastructure/scheduler/README.md,35,md,INF-scheduler,HUMAN,INF-scheduler-003,默认保留（非产出面或非数据形态）
lib/infrastructure/scheduler/budget.py,641,py,INF-scheduler,HUMAN,INF-scheduler-003,默认保留（非产出面或非数据形态）
lib/infrastructure/scheduler/core/phase_lifecycle.README.md,70,md,INF-scheduler,HUMAN,INF-scheduler-003,默认保留（非产出面或非数据形态）
lib/infrastructure/scheduler/core/phase_lifecycle.py,259,py,INF-scheduler,HUMAN,INF-scheduler-002,默认保留（非产出面或非数据形态）
lib/infrastructure/scheduler/src/artifact.cpp,190,cpp,INF-scheduler,HUMAN,INF-scheduler-003,默认保留（非产出面或非数据形态）
lib/infrastructure/scheduler/src/artifact_store.cpp,178,cpp,INF-scheduler,HUMAN,INF-scheduler-002,默认保留（非产出面或非数据形态）
lib/infrastructure/scheduler/src/block_flow.cpp,327,cpp,INF-scheduler,HUMAN,INF-scheduler-003,默认保留（非产出面或非数据形态）
lib/infrastructure/scheduler/src/block_frame.cpp,260,cpp,INF-scheduler,HUMAN,INF-scheduler-002,默认保留（非产出面或非数据形态）
lib/infrastructure/scheduler/src/build_stamp.cpp,21,cpp,INF-scheduler,HUMAN,INF-scheduler-002,默认保留（非产出面或非数据形态）
lib/infrastructure/scheduler/src/canonical_hash.cpp,516,cpp,INF-scheduler,HUMAN,INF-scheduler-003,默认保留（非产出面或非数据形态）
lib/infrastructure/scheduler/src/checkpoint.cpp,134,cpp,INF-scheduler,HUMAN,INF-scheduler-003,默认保留（非产出面或非数据形态）
lib/infrastructure/scheduler/src/context.cpp,554,cpp,INF-scheduler,HUMAN,INF-scheduler-002,默认保留（非产出面或非数据形态）
lib/infrastructure/scheduler/src/cpu_budget.cpp,66,cpp,INF-scheduler,HUMAN,INF-scheduler-002,默认保留（非产出面或非数据形态）
lib/infrastructure/scheduler/src/cpu_budget.h,41,h,INF-scheduler,HUMAN,INF-scheduler-002,默认保留（非产出面或非数据形态）
lib/infrastructure/scheduler/src/executor.cpp,342,cpp,INF-scheduler,HUMAN,INF-scheduler-002,默认保留（非产出面或非数据形态）
lib/infrastructure/scheduler/src/executor_runtime.h,39,h,INF-scheduler,HUMAN,INF-scheduler-002,默认保留（非产出面或非数据形态）
lib/infrastructure/scheduler/src/export_stream.cpp,688,cpp,INF-scheduler,HUMAN,INF-scheduler-002,默认保留（非产出面或非数据形态）
lib/infrastructure/scheduler/src/logging.cpp,120,cpp,INF-scheduler,HUMAN,INF-scheduler-002,默认保留（非产出面或非数据形态）
lib/infrastructure/scheduler/src/memory_budget.cpp,57,cpp,INF-scheduler,HUMAN,INF-scheduler-003,默认保留（非产出面或非数据形态）
lib/infrastructure/scheduler/src/memory_pressure.cpp,656,cpp,INF-scheduler,HUMAN,INF-scheduler-003,默认保留（非产出面或非数据形态）
lib/infrastructure/scheduler/src/module.cpp,179,cpp,INF-scheduler,HUMAN,INF-scheduler-003,默认保留（非产出面或非数据形态）
lib/infrastructure/scheduler/src/module_adapters.cpp,16260,cpp,INF-scheduler,HUMAN,INF-scheduler-001,默认保留（非产出面或非数据形态）
lib/infrastructure/scheduler/src/mosaic_window.cpp,369,cpp,INF-scheduler,HUMAN,INF-scheduler-003,默认保留（非产出面或非数据形态）
lib/infrastructure/scheduler/src/normalize_workflow.cpp,503,cpp,INF-scheduler,HUMAN,INF-scheduler-003,默认保留（非产出面或非数据形态）
lib/infrastructure/scheduler/src/pipeline.cpp,349,cpp,INF-scheduler,HUMAN,INF-scheduler-003,默认保留（非产出面或非数据形态）
lib/infrastructure/scheduler/src/plan_estimator.cpp,573,cpp,INF-scheduler,HUMAN,INF-scheduler-002,默认保留（非产出面或非数据形态）
lib/infrastructure/scheduler/src/runtime.cpp,490,cpp,INF-scheduler,HUMAN,INF-scheduler-002,默认保留（非产出面或非数据形态）
lib/infrastructure/scheduler/src/scheduler.cpp,409,cpp,INF-scheduler,HUMAN,INF-scheduler-002,默认保留（非产出面或非数据形态）
lib/phase1_session/README.md,268,md,LIB-OTH,HUMAN,LIB-OTH-001,默认保留（非产出面或非数据形态）
lib/phase1_session/memory.md,124,md,LIB-OTH,HUMAN,LIB-OTH-001,默认保留（非产出面或非数据形态）
lib/phase1_session/module.yaml,137,yaml,LIB-OTH,HUMAN,LIB-OTH-001,默认保留（非产出面或非数据形态）
lib/phase1_session/p1_session.cpp,580,cpp,LIB-OTH,HUMAN,LIB-OTH-001,默认保留（非产出面或非数据形态）
lib/phase1_session/p1_session.h,40,h,LIB-OTH,HUMAN,LIB-OTH-001,默认保留（非产出面或非数据形态）
lib/phase1_session/tests/p1sess/CMakeLists.txt,86,txt,LIB-OTH,HUMAN,LIB-OTH-001,默认保留（非产出面或非数据形态）
lib/phase1_session/tests/p1sess/p1sess_fixtures.hpp,193,hpp,LIB-OTH,HUMAN,LIB-OTH-001,默认保留（非产出面或非数据形态）
lib/phase1_session/tests/p1sess/p1sess_oracle.hpp,130,hpp,LIB-OTH,HUMAN,LIB-OTH-001,默认保留（非产出面或非数据形态）
lib/phase1_session/tests/p1sess/p1sess_test_main.hpp,192,hpp,LIB-OTH,HUMAN,LIB-OTH-001,默认保留（非产出面或非数据形态）
lib/phase1_session/tests/p1sess/p1sess_tests_main.cpp,23,cpp,LIB-OTH,HUMAN,LIB-OTH-001,默认保留（非产出面或非数据形态）
lib/phase1_session/tests/p1sess/p1sess_tests_negative.cpp,165,cpp,LIB-OTH,HUMAN,LIB-OTH-001,默认保留（非产出面或非数据形态）
lib/phase1_session/tests/p1sess/p1sess_tests_perf.cpp,115,cpp,LIB-OTH,HUMAN,LIB-OTH-001,默认保留（非产出面或非数据形态）
lib/phase1_session/tests/p1sess/p1sess_tests_properties.cpp,317,cpp,LIB-OTH,HUMAN,LIB-OTH-001,默认保留（非产出面或非数据形态）
lib/phase1_session/tests/p1sess/p1sess_tests_selfcheck.cpp,199,cpp,LIB-OTH,HUMAN,LIB-OTH-001,默认保留（非产出面或非数据形态）
lib/phase1_session/tests/p1sess/p1sess_tests_units.cpp,463,cpp,LIB-OTH,HUMAN,LIB-OTH-001,默认保留（非产出面或非数据形态）
lib/phase1_session/tests/test_p1_session_manifest.cpp,305,cpp,LIB-OTH,HUMAN,LIB-OTH-001,默认保留（非产出面或非数据形态）
lib/phase2_session/README.md,115,md,LIB-OTH,HUMAN,LIB-OTH-001,默认保留（非产出面或非数据形态）
lib/phase2_session/memory.md,78,md,LIB-OTH,HUMAN,LIB-OTH-001,默认保留（非产出面或非数据形态）
lib/phase2_session/module.yaml,109,yaml,LIB-OTH,HUMAN,LIB-OTH-001,默认保留（非产出面或非数据形态）
lib/phase2_session/p2_session.cpp,318,cpp,LIB-OTH,HUMAN,LIB-OTH-001,默认保留（非产出面或非数据形态）
lib/phase2_session/p2_session.h,39,h,LIB-OTH,HUMAN,LIB-OTH-001,默认保留（非产出面或非数据形态）
lib/phase3_session/README.md,19,md,LIB-OTH,HUMAN,LIB-OTH-001,默认保留（非产出面或非数据形态）
lib/phase3_session/p3_export.cpp,907,cpp,LIB-OTH,HUMAN,LIB-OTH-001,默认保留（非产出面或非数据形态）
lib/phase3_session/p3_export.h,256,h,LIB-OTH,HUMAN,LIB-OTH-001,默认保留（非产出面或非数据形态）
lib/phase3_session/p3_session.cpp,441,cpp,LIB-OTH,HUMAN,LIB-OTH-001,默认保留（非产出面或非数据形态）
lib/phase3_session/p3_session.h,40,h,LIB-OTH,HUMAN,LIB-OTH-001,默认保留（非产出面或非数据形态）
lib/third_party/nlohmann/json.hpp,27031,hpp,LIB-OTH,VENDOR,,P0 vendor 目录: third_party
实验/README.md,29,md,EXP-ROOT,HUMAN,TAIL-EXP-001,默认保留（非产出面或非数据形态）
实验/TAUTOLOGY_REGISTER.md,547,md,EXP-ROOT,HUMAN,TAIL-EXP-001,默认保留（非产出面或非数据形态）
实验/absolute-snr/README.md,107,md,EXP-absolute-snr,HUMAN,EXP-absolute-snr-002,默认保留（非产出面或非数据形态）
实验/absolute-snr/REPORT_experiment.md,183,md,EXP-absolute-snr,HUMAN,EXP-absolute-snr-005,默认保留（非产出面或非数据形态）
实验/absolute-snr/REPORT_paper.md,206,md,EXP-absolute-snr,HUMAN,EXP-absolute-snr-001,默认保留（非产出面或非数据形态）
实验/absolute-snr/code/audit/README.md,102,md,EXP-absolute-snr,HUMAN,EXP-absolute-snr-004,默认保留（非产出面或非数据形态）
实验/absolute-snr/code/audit/results/route1/exp01_robust_statistics_constants.json,51,json,EXP-absolute-snr,GENERATED,,P1 产出面 (^|/)results(/|$) ∧ P2 数据形态 .json
实验/absolute-snr/code/audit/results/route1/exp02_moffat4_constant.json,40,json,EXP-absolute-snr,GENERATED,,P1 产出面 (^|/)results(/|$) ∧ P2 数据形态 .json
实验/absolute-snr/code/audit/results/route1/exp03_sky_budget_constant.json,36,json,EXP-absolute-snr,GENERATED,,P1 产出面 (^|/)results(/|$) ∧ P2 数据形态 .json
实验/absolute-snr/code/audit/results/route1/exp04_double_count_bias.json,152,json,EXP-absolute-snr,GENERATED,,P1 产出面 (^|/)results(/|$) ∧ P2 数据形态 .json
实验/absolute-snr/code/audit/results/route1/exp05_mref_and_reference_flux.json,129,json,EXP-absolute-snr,GENERATED,,P1 产出面 (^|/)results(/|$) ∧ P2 数据形态 .json
实验/absolute-snr/code/audit/results/route1/exp06_sky_monotonicity.json,40,json,EXP-absolute-snr,GENERATED,,P1 产出面 (^|/)results(/|$) ∧ P2 数据形态 .json
实验/absolute-snr/code/audit/results/route1/exp07_weight_and_coadd_identities.json,20,json,EXP-absolute-snr,GENERATED,,P1 产出面 (^|/)results(/|$) ∧ P2 数据形态 .json
实验/absolute-snr/code/audit/results/route1/exp08_profile_window_sensitivity.json,69,json,EXP-absolute-snr,GENERATED,,P1 产出面 (^|/)results(/|$) ∧ P2 数据形态 .json
实验/absolute-snr/code/audit/results/route1/exp09_reconstruction_cv_and_clamp.json,38,json,EXP-absolute-snr,GENERATED,,P1 产出面 (^|/)results(/|$) ∧ P2 数据形态 .json
实验/absolute-snr/code/audit/results/route1/exp10_covariance_diagonal_approx.json,48,json,EXP-absolute-snr,GENERATED,,P1 产出面 (^|/)results(/|$) ∧ P2 数据形态 .json
实验/absolute-snr/code/audit/results/route1/exp11_mask_radius_bias.json,80,json,EXP-absolute-snr,GENERATED,,P1 产出面 (^|/)results(/|$) ∧ P2 数据形态 .json
实验/absolute-snr/code/audit/results/route1/exp12_gamma_weight_scale.json,16,json,EXP-absolute-snr,GENERATED,,P1 产出面 (^|/)results(/|$) ∧ P2 数据形态 .json
实验/absolute-snr/code/audit/results/route1/exp13_normtol_and_conditioning.json,60,json,EXP-absolute-snr,GENERATED,,P1 产出面 (^|/)results(/|$) ∧ P2 数据形态 .json
实验/absolute-snr/code/audit/results/route1/exp14_kcorr_inflation.json,124,json,EXP-absolute-snr,GENERATED,,P1 产出面 (^|/)results(/|$) ∧ P2 数据形态 .json
实验/absolute-snr/code/audit/results/route2/exp01_mag_scale_identities.json,54,json,EXP-absolute-snr,GENERATED,,P1 产出面 (^|/)results(/|$) ∧ P2 数据形态 .json
实验/absolute-snr/code/audit/results/route2/exp02_robust_scale_mad.json,39,json,EXP-absolute-snr,GENERATED,,P1 产出面 (^|/)results(/|$) ∧ P2 数据形态 .json
实验/absolute-snr/code/audit/results/route2/exp03_closed_form_constants.json,35,json,EXP-absolute-snr,GENERATED,,P1 产出面 (^|/)results(/|$) ∧ P2 数据形态 .json
实验/absolute-snr/code/audit/results/route2/exp04_moffat4_sigma.json,37,json,EXP-absolute-snr,GENERATED,,P1 产出面 (^|/)results(/|$) ∧ P2 数据形态 .json
实验/absolute-snr/code/audit/results/route2/exp05_float_tolerances.json,40,json,EXP-absolute-snr,GENERATED,,P1 产出面 (^|/)results(/|$) ∧ P2 数据形态 .json
实验/absolute-snr/code/audit/results/route2/exp06_doublecount_bias.json,148,json,EXP-absolute-snr,GENERATED,,P1 产出面 (^|/)results(/|$) ∧ P2 数据形态 .json
实验/absolute-snr/code/audit/results/route2/exp07_correlation_diagonal.json,262,json,EXP-absolute-snr,GENERATED,,P1 产出面 (^|/)results(/|$) ∧ P2 数据形态 .json
实验/absolute-snr/code/audit/results/route2/exp08_mask_radius.json,71,json,EXP-absolute-snr,GENERATED,,P1 产出面 (^|/)results(/|$) ∧ P2 数据形态 .json
实验/absolute-snr/code/audit/results/route2/exp09_geometry_plane.json,49,json,EXP-absolute-snr,GENERATED,,P1 产出面 (^|/)results(/|$) ∧ P2 数据形态 .json
实验/absolute-snr/code/audit/results/route2/exp10_truncation_window.json,496,json,EXP-absolute-snr,GENERATED,,P1 产出面 (^|/)results(/|$) ∧ P2 数据形态 .json
实验/absolute-snr/code/audit/results/route2/exp11_idw_reconstruction.json,189,json,EXP-absolute-snr,GENERATED,,P1 产出面 (^|/)results(/|$) ∧ P2 数据形态 .json
实验/absolute-snr/code/audit/results/route2/exp12_weight_gamma.json,72,json,EXP-absolute-snr,GENERATED,,P1 产出面 (^|/)results(/|$) ∧ P2 数据形态 .json
实验/absolute-snr/code/audit/results/route3/exp01_mad_sigma_budget.json,58,json,EXP-absolute-snr,GENERATED,,P1 产出面 (^|/)results(/|$) ∧ P2 数据形态 .json
实验/absolute-snr/code/audit/results/route3/exp02_profile_constants.json,37,json,EXP-absolute-snr,GENERATED,,P1 产出面 (^|/)results(/|$) ∧ P2 数据形态 .json
实验/absolute-snr/code/audit/results/route3/exp03_median_se_identity.json,72,json,EXP-absolute-snr,GENERATED,,P1 产出面 (^|/)results(/|$) ∧ P2 数据形态 .json
实验/absolute-snr/code/audit/results/route3/exp04_refmag_chain.json,230,json,EXP-absolute-snr,GENERATED,,P1 产出面 (^|/)results(/|$) ∧ P2 数据形态 .json
实验/absolute-snr/code/audit/results/route3/exp05_doublecount_corr.json,140,json,EXP-absolute-snr,GENERATED,,P1 产出面 (^|/)results(/|$) ∧ P2 数据形态 .json
实验/absolute-snr/code/audit/results/route3/exp06_mask_window_cond.json,119,json,EXP-absolute-snr,GENERATED,,P1 产出面 (^|/)results(/|$) ∧ P2 数据形态 .json
实验/absolute-snr/code/audit/results/route3/exp11_frozen_operator_transfer.json,4149,json,EXP-absolute-snr,GENERATED,,P1 产出面 (^|/)results(/|$) ∧ P2 数据形态 .json
实验/absolute-snr/code/audit/results/supplement_control_variance/finiteN_control_variance.json,766,json,EXP-absolute-snr,GENERATED,,P1 产出面 (^|/)results(/|$) ∧ P2 数据形态 .json
实验/absolute-snr/code/audit/results/supplement_control_variance/production_chain_control_variance.json,95,json,EXP-absolute-snr,GENERATED,,P1 产出面 (^|/)results(/|$) ∧ P2 数据形态 .json
实验/absolute-snr/code/audit/results/supplement_control_variance/spotcheck_independent_seed.json,128,json,EXP-absolute-snr,GENERATED,,P1 产出面 (^|/)results(/|$) ∧ P2 数据形态 .json
实验/absolute-snr/code/audit/route1/exp01_robust_statistics_constants.py,155,py,EXP-absolute-snr,HUMAN,EXP-absolute-snr-003,默认保留（非产出面或非数据形态）
实验/absolute-snr/code/audit/route1/exp02_moffat4_constant.py,109,py,EXP-absolute-snr,HUMAN,EXP-absolute-snr-004,默认保留（非产出面或非数据形态）
实验/absolute-snr/code/audit/route1/exp03_sky_budget_constant.py,98,py,EXP-absolute-snr,HUMAN,EXP-absolute-snr-005,默认保留（非产出面或非数据形态）
实验/absolute-snr/code/audit/route1/exp04_double_count_bias.py,138,py,EXP-absolute-snr,HUMAN,EXP-absolute-snr-005,默认保留（非产出面或非数据形态）
实验/absolute-snr/code/audit/route1/exp05_mref_and_reference_flux.py,165,py,EXP-absolute-snr,HUMAN,EXP-absolute-snr-003,默认保留（非产出面或非数据形态）
实验/absolute-snr/code/audit/route1/exp06_sky_monotonicity.py,68,py,EXP-absolute-snr,HUMAN,EXP-absolute-snr-005,默认保留（非产出面或非数据形态）
实验/absolute-snr/code/audit/route1/exp07_weight_and_coadd_identities.py,57,py,EXP-absolute-snr,HUMAN,EXP-absolute-snr-003,默认保留（非产出面或非数据形态）
实验/absolute-snr/code/audit/route1/exp08_profile_window_sensitivity.py,70,py,EXP-absolute-snr,HUMAN,EXP-absolute-snr-002,默认保留（非产出面或非数据形态）
实验/absolute-snr/code/audit/route1/exp09_reconstruction_cv_and_clamp.py,196,py,EXP-absolute-snr,HUMAN,EXP-absolute-snr-002,默认保留（非产出面或非数据形态）
实验/absolute-snr/code/audit/route1/exp10_covariance_diagonal_approx.py,98,py,EXP-absolute-snr,HUMAN,EXP-absolute-snr-002,默认保留（非产出面或非数据形态）
实验/absolute-snr/code/audit/route1/exp11_mask_radius_bias.py,98,py,EXP-absolute-snr,HUMAN,EXP-absolute-snr-001,默认保留（非产出面或非数据形态）
实验/absolute-snr/code/audit/route1/exp12_gamma_weight_scale.py,55,py,EXP-absolute-snr,HUMAN,EXP-absolute-snr-003,默认保留（非产出面或非数据形态）
实验/absolute-snr/code/audit/route1/exp13_normtol_and_conditioning.py,95,py,EXP-absolute-snr,HUMAN,EXP-absolute-snr-002,默认保留（非产出面或非数据形态）
实验/absolute-snr/code/audit/route1/exp14_kcorr_inflation.py,68,py,EXP-absolute-snr,HUMAN,EXP-absolute-snr-004,默认保留（非产出面或非数据形态）
实验/absolute-snr/code/audit/route2/exp01_mag_scale_identities.py,89,py,EXP-absolute-snr,HUMAN,EXP-absolute-snr-001,默认保留（非产出面或非数据形态）
实验/absolute-snr/code/audit/route2/exp02_robust_scale_mad.py,129,py,EXP-absolute-snr,HUMAN,EXP-absolute-snr-004,默认保留（非产出面或非数据形态）
实验/absolute-snr/code/audit/route2/exp03_closed_form_constants.py,132,py,EXP-absolute-snr,HUMAN,EXP-absolute-snr-003,默认保留（非产出面或非数据形态）
实验/absolute-snr/code/audit/route2/exp04_moffat4_sigma.py,80,py,EXP-absolute-snr,HUMAN,EXP-absolute-snr-003,默认保留（非产出面或非数据形态）
实验/absolute-snr/code/audit/route2/exp05_float_tolerances.py,142,py,EXP-absolute-snr,HUMAN,EXP-absolute-snr-005,默认保留（非产出面或非数据形态）
实验/absolute-snr/code/audit/route2/exp06_doublecount_bias.py,104,py,EXP-absolute-snr,HUMAN,EXP-absolute-snr-001,默认保留（非产出面或非数据形态）
实验/absolute-snr/code/audit/route2/exp07_correlation_diagonal.py,125,py,EXP-absolute-snr,HUMAN,EXP-absolute-snr-003,默认保留（非产出面或非数据形态）
实验/absolute-snr/code/audit/route2/exp08_mask_radius.py,165,py,EXP-absolute-snr,HUMAN,EXP-absolute-snr-001,默认保留（非产出面或非数据形态）
实验/absolute-snr/code/audit/route2/exp09_geometry_plane.py,106,py,EXP-absolute-snr,HUMAN,EXP-absolute-snr-005,默认保留（非产出面或非数据形态）
实验/absolute-snr/code/audit/route2/exp10_truncation_window.py,115,py,EXP-absolute-snr,HUMAN,EXP-absolute-snr-002,默认保留（非产出面或非数据形态）
实验/absolute-snr/code/audit/route2/exp11_idw_reconstruction.py,107,py,EXP-absolute-snr,HUMAN,EXP-absolute-snr-001,默认保留（非产出面或非数据形态）
实验/absolute-snr/code/audit/route2/exp12_weight_gamma.py,77,py,EXP-absolute-snr,HUMAN,EXP-absolute-snr-004,默认保留（非产出面或非数据形态）
实验/absolute-snr/code/audit/route3/exp01_mad_sigma_budget.py,140,py,EXP-absolute-snr,HUMAN,EXP-absolute-snr-002,默认保留（非产出面或非数据形态）
实验/absolute-snr/code/audit/route3/exp02_profile_constants.py,160,py,EXP-absolute-snr,HUMAN,EXP-absolute-snr-003,默认保留（非产出面或非数据形态）
实验/absolute-snr/code/audit/route3/exp03_median_se_identity.py,89,py,EXP-absolute-snr,HUMAN,EXP-absolute-snr-003,默认保留（非产出面或非数据形态）
实验/absolute-snr/code/audit/route3/exp04_refmag_chain.py,296,py,EXP-absolute-snr,HUMAN,EXP-absolute-snr-003,默认保留（非产出面或非数据形态）
实验/absolute-snr/code/audit/route3/exp05_doublecount_corr.py,172,py,EXP-absolute-snr,HUMAN,EXP-absolute-snr-004,默认保留（非产出面或非数据形态）
实验/absolute-snr/code/audit/route3/exp06_mask_window_cond.py,158,py,EXP-absolute-snr,HUMAN,EXP-absolute-snr-002,默认保留（非产出面或非数据形态）
实验/absolute-snr/code/audit/route3/exp11_frozen_operator_transfer.py,1193,py,EXP-absolute-snr,HUMAN,EXP-absolute-snr-002,默认保留（非产出面或非数据形态）
实验/absolute-snr/code/audit/run_all.sh,31,sh,EXP-absolute-snr,HUMAN,EXP-absolute-snr-002,默认保留（非产出面或非数据形态）
实验/absolute-snr/code/audit/supplement_control_variance/finiteN_control_variance.py,242,py,EXP-absolute-snr,HUMAN,EXP-absolute-snr-002,默认保留（非产出面或非数据形态）
实验/absolute-snr/code/audit/supplement_control_variance/production_chain_control_variance.py,129,py,EXP-absolute-snr,HUMAN,EXP-absolute-snr-001,默认保留（非产出面或非数据形态）
实验/absolute-snr/code/audit/supplement_control_variance/spotcheck_independent_seed.py,62,py,EXP-absolute-snr,HUMAN,EXP-absolute-snr-003,默认保留（非产出面或非数据形态）
实验/absolute-snr/code/b1_sky_scan.py,418,py,EXP-absolute-snr,HUMAN,EXP-absolute-snr-004,默认保留（非产出面或非数据形态）
实验/absolute-snr/code/b2_noise_terms.py,242,py,EXP-absolute-snr,HUMAN,EXP-absolute-snr-005,默认保留（非产出面或非数据形态）
实验/absolute-snr/code/b3_domain_map.py,342,py,EXP-absolute-snr,HUMAN,EXP-absolute-snr-001,默认保留（非产出面或非数据形态）
实验/absolute-snr/code/b4_integration.py,433,py,EXP-absolute-snr,HUMAN,EXP-absolute-snr-001,默认保留（非产出面或非数据形态）
实验/absolute-snr/code/b5_phase3_transfer.py,150,py,EXP-absolute-snr,HUMAN,EXP-absolute-snr-004,默认保留（非产出面或非数据形态）
实验/absolute-snr/code/b6_gates_audit.py,222,py,EXP-absolute-snr,HUMAN,EXP-absolute-snr-004,默认保留（非产出面或非数据形态）
实验/absolute-snr/code/b7_absolute_snr_recon.py,966,py,EXP-absolute-snr,HUMAN,EXP-absolute-snr-004,默认保留（非产出面或非数据形态）
实验/absolute-snr/code/b7_build_driver.sh,31,sh,EXP-absolute-snr,HUMAN,EXP-absolute-snr-002,默认保留（非产出面或非数据形态）
实验/absolute-snr/code/b7_recon_driver.cpp,734,cpp,EXP-absolute-snr,HUMAN,EXP-absolute-snr-002,默认保留（非产出面或非数据形态）
实验/absolute-snr/code/b7_run.sh,20,sh,EXP-absolute-snr,HUMAN,EXP-absolute-snr-001,默认保留（非产出面或非数据形态）
实验/absolute-snr/code/build_prod_driver.sh,14,sh,EXP-absolute-snr,HUMAN,EXP-absolute-snr-004,默认保留（非产出面或非数据形态）
实验/absolute-snr/code/diag_highN.py,28,py,EXP-absolute-snr,HUMAN,EXP-absolute-snr-004,默认保留（非产出面或非数据形态）
实验/absolute-snr/code/diag_noise_terms.py,58,py,EXP-absolute-snr,HUMAN,EXP-absolute-snr-005,默认保留（非产出面或非数据形态）
实验/absolute-snr/code/exp01/exp01_common.py,295,py,EXP-absolute-snr,HUMAN,EXP-absolute-snr-005,默认保留（非产出面或非数据形态）
实验/absolute-snr/code/exp01/hst_sim.py,97,py,EXP-absolute-snr,HUMAN,EXP-absolute-snr-003,默认保留（非产出面或非数据形态）
实验/absolute-snr/code/exp01/negatives_selftest.py,203,py,EXP-absolute-snr,HUMAN,EXP-absolute-snr-005,默认保留（非产出面或非数据形态）
实验/absolute-snr/code/exp01/q1_delta_budget.py,546,py,EXP-absolute-snr,HUMAN,EXP-absolute-snr-005,默认保留（非产出面或非数据形态）
实验/absolute-snr/code/exp01/q2a_estimator_pairing.py,428,py,EXP-absolute-snr,HUMAN,EXP-absolute-snr-003,默认保留（非产出面或非数据形态）
实验/absolute-snr/code/exp01/q2b_estimator_data.py,318,py,EXP-absolute-snr,HUMAN,EXP-absolute-snr-002,默认保留（非产出面或非数据形态）
实验/absolute-snr/code/exp01/real_products.py,138,py,EXP-absolute-snr,HUMAN,EXP-absolute-snr-003,默认保留（非产出面或非数据形态）
实验/absolute-snr/code/exp01/run_all.sh,35,sh,EXP-absolute-snr,HUMAN,EXP-absolute-snr-005,默认保留（非产出面或非数据形态）
实验/absolute-snr/code/exp02/e1_analytic_scan.py,242,py,EXP-absolute-snr,HUMAN,EXP-absolute-snr-003,默认保留（非产出面或非数据形态）
实验/absolute-snr/code/exp02/e2_hst_scan.py,304,py,EXP-absolute-snr,HUMAN,EXP-absolute-snr-001,默认保留（非产出面或非数据形态）
实验/absolute-snr/code/exp02/e3_real_data.py,161,py,EXP-absolute-snr,HUMAN,EXP-absolute-snr-005,默认保留（非产出面或非数据形态）
实验/absolute-snr/code/exp02/e4_gates_selftest.py,258,py,EXP-absolute-snr,HUMAN,EXP-absolute-snr-003,默认保留（非产出面或非数据形态）
实验/absolute-snr/code/exp02/exp02_common.py,510,py,EXP-absolute-snr,HUMAN,EXP-absolute-snr-003,默认保留（非产出面或非数据形态）
实验/absolute-snr/code/exp02/make_tables.py,210,py,EXP-absolute-snr,HUMAN,EXP-absolute-snr-004,默认保留（非产出面或非数据形态）
实验/absolute-snr/code/exp02/run_all.sh,52,sh,EXP-absolute-snr,HUMAN,EXP-absolute-snr-001,默认保留（非产出面或非数据形态）
实验/absolute-snr/code/exp03/_explore_scale.py,41,py,EXP-absolute-snr,HUMAN,EXP-absolute-snr-002,默认保留（非产出面或非数据形态）
实验/absolute-snr/code/exp03/e1_analytic.py,296,py,EXP-absolute-snr,HUMAN,EXP-absolute-snr-004,默认保留（非产出面或非数据形态）
实验/absolute-snr/code/exp03/e2_real_premise.py,371,py,EXP-absolute-snr,HUMAN,EXP-absolute-snr-005,默认保留（非产出面或非数据形态）
实验/absolute-snr/code/exp03/e3_hst.py,230,py,EXP-absolute-snr,HUMAN,EXP-absolute-snr-004,默认保留（非产出面或非数据形态）
实验/absolute-snr/code/exp03/e4_gates_selftest.py,360,py,EXP-absolute-snr,HUMAN,EXP-absolute-snr-003,默认保留（非产出面或非数据形态）
实验/absolute-snr/code/exp03/exp03_common.py,702,py,EXP-absolute-snr,HUMAN,EXP-absolute-snr-004,默认保留（非产出面或非数据形态）
实验/absolute-snr/code/exp03/make_tables.py,350,py,EXP-absolute-snr,HUMAN,EXP-absolute-snr-002,默认保留（非产出面或非数据形态）
实验/absolute-snr/code/exp03/run_all.sh,36,sh,EXP-absolute-snr,HUMAN,EXP-absolute-snr-004,默认保留（非产出面或非数据形态）
实验/absolute-snr/code/exp04/driver.py,128,py,EXP-absolute-snr,HUMAN,EXP-absolute-snr-004,默认保留（非产出面或非数据形态）
实验/absolute-snr/code/exp04/e1_analytic.py,148,py,EXP-absolute-snr,HUMAN,EXP-absolute-snr-004,默认保留（非产出面或非数据形态）
实验/absolute-snr/code/exp04/e2_hst.py,69,py,EXP-absolute-snr,HUMAN,EXP-absolute-snr-005,默认保留（非产出面或非数据形态）
实验/absolute-snr/code/exp04/e3_real.py,69,py,EXP-absolute-snr,HUMAN,EXP-absolute-snr-002,默认保留（非产出面或非数据形态）
实验/absolute-snr/code/exp04/e4_gates.py,165,py,EXP-absolute-snr,HUMAN,EXP-absolute-snr-004,默认保留（非产出面或非数据形态）
实验/absolute-snr/code/exp04/e5_cost.py,103,py,EXP-absolute-snr,HUMAN,EXP-absolute-snr-003,默认保留（非产出面或非数据形态）
实验/absolute-snr/code/exp04/e6_boundary.py,123,py,EXP-absolute-snr,HUMAN,EXP-absolute-snr-002,默认保留（非产出面或非数据形态）
实验/absolute-snr/code/exp04/e7_crossframe.py,123,py,EXP-absolute-snr,HUMAN,EXP-absolute-snr-003,默认保留（非产出面或非数据形态）
实验/absolute-snr/code/exp04/e8_review_b3.py,188,py,EXP-absolute-snr,HUMAN,EXP-absolute-snr-005,默认保留（非产出面或非数据形态）
实验/absolute-snr/code/exp04/e9_clip.py,157,py,EXP-absolute-snr,HUMAN,EXP-absolute-snr-001,默认保留（非产出面或非数据形态）
实验/absolute-snr/code/exp04/exp04_common.py,241,py,EXP-absolute-snr,HUMAN,EXP-absolute-snr-001,默认保留（非产出面或非数据形态）
实验/absolute-snr/code/exp04/make_tables.py,215,py,EXP-absolute-snr,HUMAN,EXP-absolute-snr-003,默认保留（非产出面或非数据形态）
实验/absolute-snr/code/exp04/operators.py,549,py,EXP-absolute-snr,HUMAN,EXP-absolute-snr-001,默认保留（非产出面或非数据形态）
实验/absolute-snr/code/exp04/rss_guard.py,46,py,EXP-absolute-snr,HUMAN,EXP-absolute-snr-001,默认保留（非产出面或非数据形态）
实验/absolute-snr/code/exp04/run_all.sh,56,sh,EXP-absolute-snr,HUMAN,EXP-absolute-snr-004,默认保留（非产出面或非数据形态）
实验/absolute-snr/code/exp04/selftest_operators.py,157,py,EXP-absolute-snr,HUMAN,EXP-absolute-snr-002,默认保留（非产出面或非数据形态）
实验/absolute-snr/code/exp04/summarize.py,178,py,EXP-absolute-snr,HUMAN,EXP-absolute-snr-004,默认保留（非产出面或非数据形态）
实验/absolute-snr/code/exp05/e1_analytic.py,244,py,EXP-absolute-snr,HUMAN,EXP-absolute-snr-001,默认保留（非产出面或非数据形态）
实验/absolute-snr/code/exp05/e2_hst.py,214,py,EXP-absolute-snr,HUMAN,EXP-absolute-snr-001,默认保留（非产出面或非数据形态）
实验/absolute-snr/code/exp05/e3_real.py,190,py,EXP-absolute-snr,HUMAN,EXP-absolute-snr-002,默认保留（非产出面或非数据形态）
实验/absolute-snr/code/exp05/e4_weight.py,210,py,EXP-absolute-snr,HUMAN,EXP-absolute-snr-003,默认保留（非产出面或非数据形态）
实验/absolute-snr/code/exp05/e5_gates.py,455,py,EXP-absolute-snr,HUMAN,EXP-absolute-snr-003,默认保留（非产出面或非数据形态）
实验/absolute-snr/code/exp05/e6_mechanism.py,97,py,EXP-absolute-snr,HUMAN,EXP-absolute-snr-005,默认保留（非产出面或非数据形态）
实验/absolute-snr/code/exp05/exp05_common.py,456,py,EXP-absolute-snr,HUMAN,EXP-absolute-snr-004,默认保留（非产出面或非数据形态）
实验/absolute-snr/code/exp05/make_tables.py,198,py,EXP-absolute-snr,HUMAN,EXP-absolute-snr-003,默认保留（非产出面或非数据形态）
实验/absolute-snr/code/exp05/run_all.sh,27,sh,EXP-absolute-snr,HUMAN,EXP-absolute-snr-003,默认保留（非产出面或非数据形态）
实验/absolute-snr/code/exp06/e1_analytic.py,155,py,EXP-absolute-snr,HUMAN,EXP-absolute-snr-005,默认保留（非产出面或非数据形态）
实验/absolute-snr/code/exp06/e2_hst.py,207,py,EXP-absolute-snr,HUMAN,EXP-absolute-snr-002,默认保留（非产出面或非数据形态）
实验/absolute-snr/code/exp06/e3_real.py,224,py,EXP-absolute-snr,HUMAN,EXP-absolute-snr-001,默认保留（非产出面或非数据形态）
实验/absolute-snr/code/exp06/e4_gates.py,393,py,EXP-absolute-snr,HUMAN,EXP-absolute-snr-004,默认保留（非产出面或非数据形态）
实验/absolute-snr/code/exp06/e5_scope.py,138,py,EXP-absolute-snr,HUMAN,EXP-absolute-snr-001,默认保留（非产出面或非数据形态）
实验/absolute-snr/code/exp06/e6_ablation.py,166,py,EXP-absolute-snr,HUMAN,EXP-absolute-snr-002,默认保留（非产出面或非数据形态）
实验/absolute-snr/code/exp06/exp06_common.py,907,py,EXP-absolute-snr,HUMAN,EXP-absolute-snr-005,默认保留（非产出面或非数据形态）
实验/absolute-snr/code/exp06/make_tables.py,282,py,EXP-absolute-snr,HUMAN,EXP-absolute-snr-002,默认保留（非产出面或非数据形态）
实验/absolute-snr/code/exp06/run_all.sh,58,sh,EXP-absolute-snr,HUMAN,EXP-absolute-snr-002,默认保留（非产出面或非数据形态）
实验/absolute-snr/code/exp11_build_driver.sh,15,sh,EXP-absolute-snr,HUMAN,EXP-absolute-snr-001,默认保留（非产出面或非数据形态）
实验/absolute-snr/code/exp11_recon_driver.cpp,247,cpp,EXP-absolute-snr,HUMAN,EXP-absolute-snr-004,默认保留（非产出面或非数据形态）
实验/absolute-snr/code/fetch_evidence.py,105,py,EXP-absolute-snr,HUMAN,EXP-absolute-snr-004,默认保留（非产出面或非数据形态）
实验/absolute-snr/code/make_figures.py,113,py,EXP-absolute-snr,HUMAN,EXP-absolute-snr-004,默认保留（非产出面或非数据形态）
实验/absolute-snr/code/make_tables.py,111,py,EXP-absolute-snr,HUMAN,EXP-absolute-snr-005,默认保留（非产出面或非数据形态）
实验/absolute-snr/code/prod_snr_driver.cpp,45,cpp,EXP-absolute-snr,HUMAN,EXP-absolute-snr-001,默认保留（非产出面或非数据形态）
实验/absolute-snr/code/redteam/rt_sigma_hat_applicability.py,88,py,EXP-absolute-snr,HUMAN,EXP-absolute-snr-001,默认保留（非产出面或非数据形态）
实验/absolute-snr/code/reverse_verify/f_instr/README.md,47,md,EXP-absolute-snr,HUMAN,EXP-absolute-snr-005,默认保留（非产出面或非数据形态）
实验/absolute-snr/code/reverse_verify/f_instr/exp0_scene_and_noise.py,187,py,EXP-absolute-snr,HUMAN,EXP-absolute-snr-001,默认保留（非产出面或非数据形态）
实验/absolute-snr/code/reverse_verify/f_instr/exp1_recovery.py,145,py,EXP-absolute-snr,HUMAN,EXP-absolute-snr-003,默认保留（非产出面或非数据形态）
实验/absolute-snr/code/reverse_verify/f_instr/exp2_aperture_dependence.py,119,py,EXP-absolute-snr,HUMAN,EXP-absolute-snr-001,默认保留（非产出面或非数据形态）
实验/absolute-snr/code/reverse_verify/f_instr/exp3_seeing_null.py,127,py,EXP-absolute-snr,HUMAN,EXP-absolute-snr-001,默认保留（非产出面或非数据形态）
实验/absolute-snr/code/reverse_verify/f_instr/exp4_gain_recovery.py,137,py,EXP-absolute-snr,HUMAN,EXP-absolute-snr-004,默认保留（非产出面或非数据形态）
实验/absolute-snr/code/reverse_verify/f_instr/exp5_psf_shape.py,107,py,EXP-absolute-snr,HUMAN,EXP-absolute-snr-003,默认保留（非产出面或非数据形态）
实验/absolute-snr/code/reverse_verify/f_instr/f_instr_lib.py,405,py,EXP-absolute-snr,HUMAN,EXP-absolute-snr-002,默认保留（非产出面或非数据形态）
实验/absolute-snr/code/reverse_verify/f_instr/run_all.sh,15,sh,EXP-absolute-snr,HUMAN,EXP-absolute-snr-005,默认保留（非产出面或非数据形态）
实验/absolute-snr/code/reverse_verify/frame_snr/README.md,56,md,EXP-absolute-snr,HUMAN,EXP-absolute-snr-001,默认保留（非产出面或非数据形态）
实验/absolute-snr/code/reverse_verify/frame_snr/branch_discriminator.py,191,py,EXP-absolute-snr,HUMAN,EXP-absolute-snr-003,默认保留（非产出面或非数据形态）
实验/absolute-snr/code/reverse_verify/frame_snr/cpp/p1snr_probe.cpp,36,cpp,EXP-absolute-snr,HUMAN,EXP-absolute-snr-004,默认保留（非产出面或非数据形态）
实验/absolute-snr/code/reverse_verify/frame_snr/crosscheck_photutils.py,192,py,EXP-absolute-snr,HUMAN,EXP-absolute-snr-001,默认保留（非产出面或非数据形态）
实验/absolute-snr/code/reverse_verify/frame_snr/frame_snr_canon.py,188,py,EXP-absolute-snr,HUMAN,EXP-absolute-snr-004,默认保留（非产出面或非数据形态）
实验/absolute-snr/code/reverse_verify/frame_snr/frame_snr_physical.py,208,py,EXP-absolute-snr,HUMAN,EXP-absolute-snr-005,默认保留（非产出面或非数据形态）
实验/absolute-snr/code/reverse_verify/frame_snr/inventory_p1_snr.py,204,py,EXP-absolute-snr,HUMAN,EXP-absolute-snr-004,默认保留（非产出面或非数据形态）
实验/absolute-snr/code/reverse_verify/frame_snr/run_all.sh,53,sh,EXP-absolute-snr,HUMAN,EXP-absolute-snr-002,默认保留（非产出面或非数据形态）
实验/absolute-snr/code/reverse_verify/frame_snr/run_redlines.py,410,py,EXP-absolute-snr,HUMAN,EXP-absolute-snr-005,默认保留（非产出面或非数据形态）
实验/absolute-snr/code/reverse_verify/frame_snr/run_redlines_physical.py,726,py,EXP-absolute-snr,HUMAN,EXP-absolute-snr-001,默认保留（非产出面或非数据形态）
实验/absolute-snr/code/reverse_verify/p7_noise/exp1_injection_recovery.py,380,py,EXP-absolute-snr,HUMAN,EXP-absolute-snr-003,默认保留（非产出面或非数据形态）
实验/absolute-snr/code/reverse_verify/p7_noise/exp2_snr_calibration.py,187,py,EXP-absolute-snr,HUMAN,EXP-absolute-snr-002,默认保留（非产出面或非数据形态）
实验/absolute-snr/code/reverse_verify/p7_noise/exp3_sky_scan.py,361,py,EXP-absolute-snr,HUMAN,EXP-absolute-snr-005,默认保留（非产出面或非数据形态）
实验/absolute-snr/code/reverse_verify/p7_noise/exp4_scatter_sp0.py,262,py,EXP-absolute-snr,HUMAN,EXP-absolute-snr-001,默认保留（非产出面或非数据形态）
实验/absolute-snr/code/reverse_verify/p7_noise/make_figures.py,246,py,EXP-absolute-snr,HUMAN,EXP-absolute-snr-002,默认保留（非产出面或非数据形态）
实验/absolute-snr/code/reverse_verify/p7_noise/p7lib.py,321,py,EXP-absolute-snr,HUMAN,EXP-absolute-snr-003,默认保留（非产出面或非数据形态）
实验/absolute-snr/code/reverse_verify/snr_design/README.md,60,md,EXP-absolute-snr,HUMAN,EXP-absolute-snr-001,默认保留（非产出面或非数据形态）
实验/absolute-snr/code/reverse_verify/snr_design/audit/audit_exp1245.json,621,json,EXP-absolute-snr,GENERATED,,A1 裁定（采 GEN-2）: 文件内带墙钟键 elapsed_s/runtime_s；实验/README.md:12 定墙钟类字段为「运行时事实」⇒ 运行读数。
实验/absolute-snr/code/reverse_verify/snr_design/audit/audit_exp1245.py,449,py,EXP-absolute-snr,HUMAN,EXP-absolute-snr-005,默认保留（非产出面或非数据形态）
实验/absolute-snr/code/reverse_verify/snr_design/audit/audit_exp3_physical.json,1076,json,EXP-absolute-snr,GENERATED,,A1 裁定（采 GEN-2）: 文件内带墙钟键 elapsed_s（如 audit_exp3_physical.json:1076）；实验/README.md:12 定墙钟类字段为「运行时事实…重型验证的成本证据」⇒ 运行读数。
实验/absolute-snr/code/reverse_verify/snr_design/audit/audit_exp3_physical.py,437,py,EXP-absolute-snr,HUMAN,EXP-absolute-snr-002,默认保留（非产出面或非数据形态）
实验/absolute-snr/code/reverse_verify/snr_design/audit/audit_mosaic_shape.json,387,json,EXP-absolute-snr,GENERATED,,A1 裁定（采 GEN-2）: 文件内带墙钟键 elapsed_s/runtime_s；实验/README.md:12 定墙钟类字段为「运行时事实」⇒ 运行读数。
实验/absolute-snr/code/reverse_verify/snr_design/audit/audit_mosaic_shape.py,229,py,EXP-absolute-snr,HUMAN,EXP-absolute-snr-005,默认保留（非产出面或非数据形态）
实验/absolute-snr/code/reverse_verify/snr_design/audit/audit_sim_validation.json,431,json,EXP-absolute-snr,GENERATED,,A1 裁定（采 GEN-2）: 文件内带墙钟键 elapsed_s/runtime_s；实验/README.md:12 定墙钟类字段为「运行时事实」⇒ 运行读数。
实验/absolute-snr/code/reverse_verify/snr_design/audit/audit_sim_validation.py,356,py,EXP-absolute-snr,HUMAN,EXP-absolute-snr-004,默认保留（非产出面或非数据形态）
实验/absolute-snr/code/reverse_verify/snr_design/audit/audit_sp0.json,222,json,EXP-absolute-snr,GENERATED,,A1 裁定（采 GEN-2）: 文件内带墙钟键 elapsed_s/runtime_s；实验/README.md:12 定墙钟类字段为「运行时事实」⇒ 运行读数。
实验/absolute-snr/code/reverse_verify/snr_design/audit/audit_sp0.py,243,py,EXP-absolute-snr,HUMAN,EXP-absolute-snr-004,默认保留（非产出面或非数据形态）
实验/absolute-snr/code/reverse_verify/snr_design/audit/physnoise.py,369,py,EXP-absolute-snr,HUMAN,EXP-absolute-snr-002,默认保留（非产出面或非数据形态）
实验/absolute-snr/code/reverse_verify/snr_design/audit/run_all_audit.sh,36,sh,EXP-absolute-snr,HUMAN,EXP-absolute-snr-003,默认保留（非产出面或非数据形态）
实验/absolute-snr/code/reverse_verify/snr_design/exp1_weight_penalty.json,221,json,EXP-absolute-snr,HUMAN,EXP-absolute-snr-005,默认保留（非产出面或非数据形态）
实验/absolute-snr/code/reverse_verify/snr_design/exp1_weight_penalty.py,147,py,EXP-absolute-snr,HUMAN,EXP-absolute-snr-001,默认保留（非产出面或非数据形态）
实验/absolute-snr/code/reverse_verify/snr_design/exp2_sparse_snr_reconstruction.json,362,json,EXP-absolute-snr,GENERATED,,A1 裁定（采 GEN-2）: 带墙钟键；实验/README.md:12 ⇒ 运行读数。
实验/absolute-snr/code/reverse_verify/snr_design/exp2_sparse_snr_reconstruction.py,368,py,EXP-absolute-snr,HUMAN,EXP-absolute-snr-001,默认保留（非产出面或非数据形态）
实验/absolute-snr/code/reverse_verify/snr_design/exp3_multiframe_weight_penalty.json,185,json,EXP-absolute-snr,GENERATED,,A1 裁定（采 GEN-2）: 带墙钟键；实验/README.md:12 ⇒ 运行读数。
实验/absolute-snr/code/reverse_verify/snr_design/exp3_multiframe_weight_penalty.py,245,py,EXP-absolute-snr,HUMAN,EXP-absolute-snr-005,默认保留（非产出面或非数据形态）
实验/absolute-snr/code/reverse_verify/snr_design/exp4_kriging_scaling.json,221,json,EXP-absolute-snr,HUMAN,EXP-absolute-snr-002,默认保留（非产出面或非数据形态）
实验/absolute-snr/code/reverse_verify/snr_design/exp4_kriging_scaling.py,136,py,EXP-absolute-snr,HUMAN,EXP-absolute-snr-002,默认保留（非产出面或非数据形态）
实验/absolute-snr/code/reverse_verify/snr_design/exp5_error_budget.json,137,json,EXP-absolute-snr,HUMAN,EXP-absolute-snr-005,默认保留（非产出面或非数据形态）
实验/absolute-snr/code/reverse_verify/snr_design/exp5_error_budget.py,187,py,EXP-absolute-snr,HUMAN,EXP-absolute-snr-003,默认保留（非产出面或非数据形态）
实验/absolute-snr/code/reverse_verify/snr_design/run_all.sh,51,sh,EXP-absolute-snr,HUMAN,EXP-absolute-snr-003,默认保留（非产出面或非数据形态）
实验/absolute-snr/code/run_all.sh,34,sh,EXP-absolute-snr,HUMAN,EXP-absolute-snr-001,默认保留（非产出面或非数据形态）
实验/absolute-snr/code/sci_b_common.py,402,py,EXP-absolute-snr,HUMAN,EXP-absolute-snr-001,默认保留（非产出面或非数据形态）
实验/absolute-snr/data/README.md,38,md,EXP-absolute-snr,HUMAN,EXP-absolute-snr-003,默认保留（非产出面或非数据形态）
实验/absolute-snr/docs/DERIVATIONS_P2.md,51,md,EXP-absolute-snr,HUMAN,EXP-absolute-snr-004,默认保留（非产出面或非数据形态）
实验/absolute-snr/docs/DISPUTES.md,110,md,EXP-absolute-snr,HUMAN,EXP-absolute-snr-005,默认保留（非产出面或非数据形态）
实验/absolute-snr/docs/EXP-01-DELTA-AND-ESTIMATOR.md,782,md,EXP-absolute-snr,HUMAN,EXP-absolute-snr-004,默认保留（非产出面或非数据形态）
实验/absolute-snr/docs/EXP-02-STRUCTURE-CONTAMINATION.md,762,md,EXP-absolute-snr,HUMAN,EXP-absolute-snr-003,默认保留（非产出面或非数据形态）
实验/absolute-snr/docs/EXP-03-REGIONAL-SIGMA.md,973,md,EXP-absolute-snr,HUMAN,EXP-absolute-snr-003,默认保留（非产出面或非数据形态）
实验/absolute-snr/docs/EXP-04-RECONSTRUCTION.md,901,md,EXP-absolute-snr,HUMAN,EXP-absolute-snr-005,默认保留（非产出面或非数据形态）
实验/absolute-snr/docs/EXP-05-ABSOLUTE-SNR.md,710,md,EXP-absolute-snr,HUMAN,EXP-absolute-snr-003,默认保留（非产出面或非数据形态）
实验/absolute-snr/docs/EXP-06-SNR-PHYS.md,631,md,EXP-absolute-snr,HUMAN,EXP-absolute-snr-005,默认保留（非产出面或非数据形态）
实验/absolute-snr/docs/EXP-06-SUMMARY.md,52,md,EXP-absolute-snr,HUMAN,EXP-absolute-snr-002,默认保留（非产出面或非数据形态）
实验/absolute-snr/docs/LEDGER_CORRECTIONS_P2.md,22,md,EXP-absolute-snr,HUMAN,EXP-absolute-snr-005,默认保留（非产出面或非数据形态）
实验/absolute-snr/docs/README.md,43,md,EXP-absolute-snr,HUMAN,EXP-absolute-snr-005,默认保留（非产出面或非数据形态）
实验/absolute-snr/docs/SNR_WEIGHT_RESEARCH_PACK.md,229,md,EXP-absolute-snr,HUMAN,EXP-absolute-snr-003,默认保留（非产出面或非数据形态）
实验/absolute-snr/docs/f-instr-canon.md,504,md,EXP-absolute-snr,HUMAN,EXP-absolute-snr-004,默认保留（非产出面或非数据形态）
实验/absolute-snr/docs/frame-snr-canon.md,608,md,EXP-absolute-snr,HUMAN,EXP-absolute-snr-002,默认保留（非产出面或非数据形态）
实验/absolute-snr/docs/snr-propagation-design.md,1539,md,EXP-absolute-snr,HUMAN,EXP-absolute-snr-001,默认保留（非产出面或非数据形态）
实验/absolute-snr/docs/surveys/f-instr-survey.md,501,md,EXP-absolute-snr,HUMAN,EXP-absolute-snr-002,默认保留（非产出面或非数据形态）
实验/absolute-snr/docs/surveys/frame-snr-survey.md,473,md,EXP-absolute-snr,HUMAN,EXP-absolute-snr-001,默认保留（非产出面或非数据形态）
实验/absolute-snr/refs.md,89,md,EXP-absolute-snr,HUMAN,EXP-absolute-snr-004,默认保留（非产出面或非数据形态）
实验/absolute-snr/results/AUDIT_KEY_RESULTS.json,306,json,EXP-absolute-snr,GENERATED,,P1 产出面 (^|/)results(/|$) ∧ P2 数据形态 .json
实验/absolute-snr/results/COMPARISON_TABLES.md,168,md,EXP-absolute-snr,HUMAN,EXP-absolute-snr-005,默认保留（非产出面或非数据形态）
实验/absolute-snr/results/DOC_CORRECTIONS.md,106,md,EXP-absolute-snr,HUMAN,EXP-absolute-snr-002,默认保留（非产出面或非数据形态）
实验/absolute-snr/results/EXP02_TABLES.md,124,md,EXP-absolute-snr,HUMAN,EXP-absolute-snr-005,默认保留（非产出面或非数据形态）
实验/absolute-snr/results/EXP03_TABLES.md,177,md,EXP-absolute-snr,HUMAN,EXP-absolute-snr-001,默认保留（非产出面或非数据形态）
实验/absolute-snr/results/EXP04_TABLES.md,322,md,EXP-absolute-snr,HUMAN,EXP-absolute-snr-004,默认保留（非产出面或非数据形态）
实验/absolute-snr/results/EXP05_TABLES.md,141,md,EXP-absolute-snr,HUMAN,EXP-absolute-snr-002,默认保留（非产出面或非数据形态）
实验/absolute-snr/results/EXP06_TABLES.md,331,md,EXP-absolute-snr,HUMAN,EXP-absolute-snr-005,默认保留（非产出面或非数据形态）
实验/absolute-snr/results/REVERSE_VERIFY_CANON.md,53,md,EXP-absolute-snr,HUMAN,EXP-absolute-snr-004,默认保留（非产出面或非数据形态）
实验/absolute-snr/results/REVIEW.md,239,md,EXP-absolute-snr,HUMAN,EXP-absolute-snr-002,默认保留（非产出面或非数据形态）
实验/absolute-snr/results/b1_sky_scan.json,1359,json,EXP-absolute-snr,GENERATED,,P1 产出面 (^|/)results(/|$) ∧ P2 数据形态 .json
实验/absolute-snr/results/b2_noise_terms.json,1713,json,EXP-absolute-snr,GENERATED,,P1 产出面 (^|/)results(/|$) ∧ P2 数据形态 .json
实验/absolute-snr/results/b3_domain_map.json,12743,json,EXP-absolute-snr,GENERATED,,P1 产出面 (^|/)results(/|$) ∧ P2 数据形态 .json
实验/absolute-snr/results/b4_integration.json,574,json,EXP-absolute-snr,GENERATED,,P1 产出面 (^|/)results(/|$) ∧ P2 数据形态 .json
实验/absolute-snr/results/b5_phase3_transfer.json,38,json,EXP-absolute-snr,GENERATED,,P1 产出面 (^|/)results(/|$) ∧ P2 数据形态 .json
实验/absolute-snr/results/b6_gates_audit.json,139,json,EXP-absolute-snr,GENERATED,,P1 产出面 (^|/)results(/|$) ∧ P2 数据形态 .json
实验/absolute-snr/results/b7_absolute_snr_recon.json,1985,json,EXP-absolute-snr,GENERATED,,P1 产出面 (^|/)results(/|$) ∧ P2 数据形态 .json
实验/absolute-snr/results/b7_absolute_snr_recon_seed20260922.json,1985,json,EXP-absolute-snr,GENERATED,,P1 产出面 (^|/)results(/|$) ∧ P2 数据形态 .json
实验/absolute-snr/results/ctest_evidence.md,55,md,EXP-absolute-snr,HUMAN,EXP-absolute-snr-005,默认保留（非产出面或非数据形态）
实验/absolute-snr/results/evidence_web.json,322,json,EXP-absolute-snr,GENERATED,,P1 产出面 (^|/)results(/|$) ∧ P2 数据形态 .json
实验/absolute-snr/results/exp01_negatives_selftest.json,125,json,EXP-absolute-snr,GENERATED,,P1 产出面 (^|/)results(/|$) ∧ P2 数据形态 .json
实验/absolute-snr/results/exp01_q1_delta.json,2719,json,EXP-absolute-snr,GENERATED,,P1 产出面 (^|/)results(/|$) ∧ P2 数据形态 .json
实验/absolute-snr/results/exp01_q2a_pairing.json,1075,json,EXP-absolute-snr,GENERATED,,P1 产出面 (^|/)results(/|$) ∧ P2 数据形态 .json
实验/absolute-snr/results/exp01_q2b_data.json,1034,json,EXP-absolute-snr,GENERATED,,P1 产出面 (^|/)results(/|$) ∧ P2 数据形态 .json
实验/absolute-snr/results/exp02_e1_analytic.json,6228,json,EXP-absolute-snr,GENERATED,,P1 产出面 (^|/)results(/|$) ∧ P2 数据形态 .json
实验/absolute-snr/results/exp02_e1_analytic_quick.json,4548,json,EXP-absolute-snr,GENERATED,,P1 产出面 (^|/)results(/|$) ∧ P2 数据形态 .json
实验/absolute-snr/results/exp02_e2_hst.json,987,json,EXP-absolute-snr,GENERATED,,P1 产出面 (^|/)results(/|$) ∧ P2 数据形态 .json
实验/absolute-snr/results/exp02_e3_real.json,1266,json,EXP-absolute-snr,GENERATED,,P1 产出面 (^|/)results(/|$) ∧ P2 数据形态 .json
实验/absolute-snr/results/exp02_e4_gates.json,836,json,EXP-absolute-snr,GENERATED,,P1 产出面 (^|/)results(/|$) ∧ P2 数据形态 .json
实验/absolute-snr/results/exp03_e1_analytic.json,1441,json,EXP-absolute-snr,GENERATED,,P1 产出面 (^|/)results(/|$) ∧ P2 数据形态 .json
实验/absolute-snr/results/exp03_e2_real.json,2660,json,EXP-absolute-snr,GENERATED,,P1 产出面 (^|/)results(/|$) ∧ P2 数据形态 .json
实验/absolute-snr/results/exp03_e3_hst.json,828,json,EXP-absolute-snr,GENERATED,,P1 产出面 (^|/)results(/|$) ∧ P2 数据形态 .json
实验/absolute-snr/results/exp03_e4_gates.json,389,json,EXP-absolute-snr,GENERATED,,P1 产出面 (^|/)results(/|$) ∧ P2 数据形态 .json
实验/absolute-snr/results/exp04_e1_analytic.json,44371,json,EXP-absolute-snr,GENERATED,,P1 产出面 (^|/)results(/|$) ∧ P2 数据形态 .json
实验/absolute-snr/results/exp04_e2_hst.json,4015,json,EXP-absolute-snr,GENERATED,,P1 产出面 (^|/)results(/|$) ∧ P2 数据形态 .json
实验/absolute-snr/results/exp04_e3_real.json,5402,json,EXP-absolute-snr,GENERATED,,P1 产出面 (^|/)results(/|$) ∧ P2 数据形态 .json
实验/absolute-snr/results/exp04_e4_gates.json,404,json,EXP-absolute-snr,GENERATED,,P1 产出面 (^|/)results(/|$) ∧ P2 数据形态 .json
实验/absolute-snr/results/exp04_e5_cost.json,944,json,EXP-absolute-snr,GENERATED,,P1 产出面 (^|/)results(/|$) ∧ P2 数据形态 .json
实验/absolute-snr/results/exp04_e6_boundary.json,460,json,EXP-absolute-snr,GENERATED,,P1 产出面 (^|/)results(/|$) ∧ P2 数据形态 .json
实验/absolute-snr/results/exp04_e7_crossframe.json,292,json,EXP-absolute-snr,GENERATED,,P1 产出面 (^|/)results(/|$) ∧ P2 数据形态 .json
实验/absolute-snr/results/exp04_e8_review_b3.json,382,json,EXP-absolute-snr,GENERATED,,P1 产出面 (^|/)results(/|$) ∧ P2 数据形态 .json
实验/absolute-snr/results/exp04_e9_clip.json,3172,json,EXP-absolute-snr,GENERATED,,P1 产出面 (^|/)results(/|$) ∧ P2 数据形态 .json
实验/absolute-snr/results/exp05_e1_analytic.json,1005,json,EXP-absolute-snr,GENERATED,,P1 产出面 (^|/)results(/|$) ∧ P2 数据形态 .json
实验/absolute-snr/results/exp05_e2_hst.json,390,json,EXP-absolute-snr,GENERATED,,P1 产出面 (^|/)results(/|$) ∧ P2 数据形态 .json
实验/absolute-snr/results/exp05_e3_real.json,791,json,EXP-absolute-snr,GENERATED,,P1 产出面 (^|/)results(/|$) ∧ P2 数据形态 .json
实验/absolute-snr/results/exp05_e4_weight.json,238,json,EXP-absolute-snr,GENERATED,,P1 产出面 (^|/)results(/|$) ∧ P2 数据形态 .json
实验/absolute-snr/results/exp05_e5_gates.json,248,json,EXP-absolute-snr,GENERATED,,P1 产出面 (^|/)results(/|$) ∧ P2 数据形态 .json
实验/absolute-snr/results/exp05_e6_mechanism.json,93,json,EXP-absolute-snr,GENERATED,,P1 产出面 (^|/)results(/|$) ∧ P2 数据形态 .json
实验/absolute-snr/results/exp06_e1_analytic.json,29719,json,EXP-absolute-snr,GENERATED,,P1 产出面 (^|/)results(/|$) ∧ P2 数据形态 .json
实验/absolute-snr/results/exp06_e2_hst.json,10062,json,EXP-absolute-snr,GENERATED,,P1 产出面 (^|/)results(/|$) ∧ P2 数据形态 .json
实验/absolute-snr/results/exp06_e3_real.json,420,json,EXP-absolute-snr,GENERATED,,P1 产出面 (^|/)results(/|$) ∧ P2 数据形态 .json
实验/absolute-snr/results/exp06_e4_gates.json,637,json,EXP-absolute-snr,GENERATED,,P1 产出面 (^|/)results(/|$) ∧ P2 数据形态 .json
实验/absolute-snr/results/exp06_e5_scope.json,19931,json,EXP-absolute-snr,GENERATED,,P1 产出面 (^|/)results(/|$) ∧ P2 数据形态 .json
实验/absolute-snr/results/exp06_e6_ablation.json,459,json,EXP-absolute-snr,GENERATED,,P1 产出面 (^|/)results(/|$) ∧ P2 数据形态 .json
实验/additive-sky-seamless/README.md,721,md,EXP-additive-sky-seamless,HUMAN,EXP-additive-sky-seamless-001,默认保留（非产出面或非数据形态）
实验/additive-sky-seamless/REPORT_experiment.md,297,md,EXP-additive-sky-seamless,HUMAN,EXP-additive-sky-seamless-001,默认保留（非产出面或非数据形态）
实验/additive-sky-seamless/REPORT_paper.md,265,md,EXP-additive-sky-seamless,HUMAN,EXP-additive-sky-seamless-001,默认保留（非产出面或非数据形态）
实验/additive-sky-seamless/code/audit_rework/GATE_DISCLOSURE.json,132,json,EXP-additive-sky-seamless,HUMAN,EXP-additive-sky-seamless-001,默认保留（非产出面或非数据形态）
实验/additive-sky-seamless/code/audit_rework/README.md,38,md,EXP-additive-sky-seamless,HUMAN,EXP-additive-sky-seamless-001,默认保留（非产出面或非数据形态）
实验/additive-sky-seamless/code/audit_rework/results/.gitignore,6,gitignore,EXP-additive-sky-seamless,HUMAN,EXP-additive-sky-seamless-002,A1 裁定（采 G1）: .gitignore 是人手写的版本控制声明，不是运行读数载体；GEN-2 的 O1 面按目录命中把它判成生成物，属误报。
实验/additive-sky-seamless/code/audit_rework/rollup.py,212,py,EXP-additive-sky-seamless,HUMAN,EXP-additive-sky-seamless-001,默认保留（非产出面或非数据形态）
实验/additive-sky-seamless/code/audit_rework/route1/c10_anchor_forensics.py,137,py,EXP-additive-sky-seamless,HUMAN,EXP-additive-sky-seamless-001,默认保留（非产出面或非数据形态）
实验/additive-sky-seamless/code/audit_rework/route1/c1_median_variance.py,152,py,EXP-additive-sky-seamless,HUMAN,EXP-additive-sky-seamless-001,默认保留（非产出面或非数据形态）
实验/additive-sky-seamless/code/audit_rework/route1/c2_kcorr_drizzle.py,140,py,EXP-additive-sky-seamless,HUMAN,EXP-additive-sky-seamless-002,默认保留（非产出面或非数据形态）
实验/additive-sky-seamless/code/audit_rework/route1/c3_seam_gate.py,147,py,EXP-additive-sky-seamless,HUMAN,EXP-additive-sky-seamless-002,默认保留（非产出面或非数据形态）
实验/additive-sky-seamless/code/audit_rework/route1/c4_variance_ratio.py,91,py,EXP-additive-sky-seamless,HUMAN,EXP-additive-sky-seamless-002,默认保留（非产出面或非数据形态）
实验/additive-sky-seamless/code/audit_rework/route1/c5_huber_efficiency.py,92,py,EXP-additive-sky-seamless,HUMAN,EXP-additive-sky-seamless-002,默认保留（非产出面或非数据形态）
实验/additive-sky-seamless/code/audit_rework/route1/c6_identifiability_dof.py,139,py,EXP-additive-sky-seamless,HUMAN,EXP-additive-sky-seamless-002,默认保留（非产出面或非数据形态）
实验/additive-sky-seamless/code/audit_rework/route1/c7_share_vs_abs_weight.py,98,py,EXP-additive-sky-seamless,HUMAN,EXP-additive-sky-seamless-002,默认保留（非产出面或非数据形态）
实验/additive-sky-seamless/code/audit_rework/route1/c8_scale_tolerance.py,81,py,EXP-additive-sky-seamless,HUMAN,EXP-additive-sky-seamless-002,默认保留（非产出面或非数据形态）
实验/additive-sky-seamless/code/audit_rework/route1/c9_representation_boundary.py,99,py,EXP-additive-sky-seamless,HUMAN,EXP-additive-sky-seamless-001,默认保留（非产出面或非数据形态）
实验/additive-sky-seamless/code/audit_rework/route1/run_all.sh,11,sh,EXP-additive-sky-seamless,HUMAN,EXP-additive-sky-seamless-001,默认保留（非产出面或非数据形态）
实验/additive-sky-seamless/code/audit_rework/route2/e10_sigma_floor_crossscale.py,80,py,EXP-additive-sky-seamless,HUMAN,EXP-additive-sky-seamless-001,默认保留（非产出面或非数据形态）
实验/additive-sky-seamless/code/audit_rework/route2/e1_control_variance_median.py,114,py,EXP-additive-sky-seamless,HUMAN,EXP-additive-sky-seamless-002,默认保留（非产出面或非数据形态）
实验/additive-sky-seamless/code/audit_rework/route2/e2_kcorr_drizzle_mc.py,105,py,EXP-additive-sky-seamless,HUMAN,EXP-additive-sky-seamless-002,默认保留（非产出面或非数据形态）
实验/additive-sky-seamless/code/audit_rework/route2/e3_seam_gate_1e-2.py,122,py,EXP-additive-sky-seamless,HUMAN,EXP-additive-sky-seamless-001,默认保留（非产出面或非数据形态）
实验/additive-sky-seamless/code/audit_rework/route2/e4_variance_ratio_blindness.py,108,py,EXP-additive-sky-seamless,HUMAN,EXP-additive-sky-seamless-001,默认保留（非产出面或非数据形态）
实验/additive-sky-seamless/code/audit_rework/route2/e5_huber_delta_1345.py,97,py,EXP-additive-sky-seamless,HUMAN,EXP-additive-sky-seamless-001,默认保留（非产出面或非数据形态）
实验/additive-sky-seamless/code/audit_rework/route2/e6_quality_factor_share_weights.py,99,py,EXP-additive-sky-seamless,HUMAN,EXP-additive-sky-seamless-001,默认保留（非产出面或非数据形态）
实验/additive-sky-seamless/code/audit_rework/route2/e7_smoothing_lambda_biasvariance.py,121,py,EXP-additive-sky-seamless,HUMAN,EXP-additive-sky-seamless-002,默认保留（非产出面或非数据形态）
实验/additive-sky-seamless/code/audit_rework/route2/e8_identifiability_rank_rtol.py,109,py,EXP-additive-sky-seamless,HUMAN,EXP-additive-sky-seamless-001,默认保留（非产出面或非数据形态）
实验/additive-sky-seamless/code/audit_rework/route2/e9_node_spacing_representation.py,105,py,EXP-additive-sky-seamless,HUMAN,EXP-additive-sky-seamless-002,默认保留（非产出面或非数据形态）
实验/additive-sky-seamless/code/audit_rework/route3/exp01_seam_gate.py,171,py,EXP-additive-sky-seamless,HUMAN,EXP-additive-sky-seamless-001,默认保留（非产出面或非数据形态）
实验/additive-sky-seamless/code/audit_rework/route3/exp02_variance_ratio.py,62,py,EXP-additive-sky-seamless,HUMAN,EXP-additive-sky-seamless-001,默认保留（非产出面或非数据形态）
实验/additive-sky-seamless/code/audit_rework/route3/exp03_median_variance.py,127,py,EXP-additive-sky-seamless,HUMAN,EXP-additive-sky-seamless-002,默认保留（非产出面或非数据形态）
实验/additive-sky-seamless/code/audit_rework/route3/exp04_kcorr_mc.py,115,py,EXP-additive-sky-seamless,HUMAN,EXP-additive-sky-seamless-002,默认保留（非产出面或非数据形态）
实验/additive-sky-seamless/code/audit_rework/route3/exp05_huber_efficiency.py,136,py,EXP-additive-sky-seamless,HUMAN,EXP-additive-sky-seamless-002,默认保留（非产出面或非数据形态）
实验/additive-sky-seamless/code/audit_rework/route3/exp06_dof_rankeff.py,85,py,EXP-additive-sky-seamless,HUMAN,EXP-additive-sky-seamless-001,默认保留（非产出面或非数据形态）
实验/additive-sky-seamless/code/audit_rework/route3/exp07_rank_rtol.py,140,py,EXP-additive-sky-seamless,HUMAN,EXP-additive-sky-seamless-001,默认保留（非产出面或非数据形态）
实验/additive-sky-seamless/code/audit_rework/route3/exp08_node_spacing.py,93,py,EXP-additive-sky-seamless,HUMAN,EXP-additive-sky-seamless-001,默认保留（非产出面或非数据形态）
实验/additive-sky-seamless/code/audit_rework/route3/exp09_zero_anchor.py,85,py,EXP-additive-sky-seamless,HUMAN,EXP-additive-sky-seamless-002,默认保留（非产出面或非数据形态）
实验/additive-sky-seamless/code/audit_rework/route3/exp10_weight_arms.py,158,py,EXP-additive-sky-seamless,HUMAN,EXP-additive-sky-seamless-002,默认保留（非产出面或非数据形态）
实验/additive-sky-seamless/code/audit_rework/route3/exp11_scale_invariance.py,100,py,EXP-additive-sky-seamless,HUMAN,EXP-additive-sky-seamless-002,默认保留（非产出面或非数据形态）
实验/additive-sky-seamless/code/audit_rework/route3/exp12_quality_factor.py,79,py,EXP-additive-sky-seamless,HUMAN,EXP-additive-sky-seamless-002,默认保留（非产出面或非数据形态）
实验/additive-sky-seamless/code/audit_rework/run_all.sh,78,sh,EXP-additive-sky-seamless,HUMAN,EXP-additive-sky-seamless-002,默认保留（非产出面或非数据形态）
实验/additive-sky-seamless/code/audit_rework/supp_507_relstep/ea_507_scale_scan.py,133,py,EXP-additive-sky-seamless,HUMAN,EXP-additive-sky-seamless-002,默认保留（非产出面或非数据形态）
实验/additive-sky-seamless/code/audit_rework/supp_507_relstep/eb_relstep_calibration.py,272,py,EXP-additive-sky-seamless,HUMAN,EXP-additive-sky-seamless-001,默认保留（非产出面或非数据形态）
实验/additive-sky-seamless/code/audit_rework/supp_507_relstep/p5c_common.py,337,py,EXP-additive-sky-seamless,HUMAN,EXP-additive-sky-seamless-002,默认保留（非产出面或非数据形态）
实验/additive-sky-seamless/code/audit_rework/supp_control_variance/finiteN_control_variance.py,242,py,EXP-additive-sky-seamless,HUMAN,EXP-additive-sky-seamless-001,默认保留（非产出面或非数据形态）
实验/additive-sky-seamless/code/audit_rework/supp_control_variance/production_chain_control_variance.py,129,py,EXP-additive-sky-seamless,HUMAN,EXP-additive-sky-seamless-002,默认保留（非产出面或非数据形态）
实验/additive-sky-seamless/code/audit_rework/supp_control_variance/spotcheck_independent_seed.py,62,py,EXP-additive-sky-seamless,HUMAN,EXP-additive-sky-seamless-001,默认保留（非产出面或非数据形态）
实验/additive-sky-seamless/code/build_probes.sh,49,sh,EXP-additive-sky-seamless,HUMAN,EXP-additive-sky-seamless-001,默认保留（非产出面或非数据形态）
实验/additive-sky-seamless/code/c1_additive.py,475,py,EXP-additive-sky-seamless,HUMAN,EXP-additive-sky-seamless-002,默认保留（非产出面或非数据形态）
实验/additive-sky-seamless/code/c2_multiplicative.py,489,py,EXP-additive-sky-seamless,HUMAN,EXP-additive-sky-seamless-002,默认保留（非产出面或非数据形态）
实验/additive-sky-seamless/code/c3_public_plane.py,181,py,EXP-additive-sky-seamless,HUMAN,EXP-additive-sky-seamless-002,默认保留（非产出面或非数据形态）
实验/additive-sky-seamless/code/c4_seam_criterion.py,166,py,EXP-additive-sky-seamless,HUMAN,EXP-additive-sky-seamless-002,默认保留（非产出面或非数据形态）
实验/additive-sky-seamless/code/c5_weights.py,279,py,EXP-additive-sky-seamless,HUMAN,EXP-additive-sky-seamless-002,默认保留（非产出面或非数据形态）
实验/additive-sky-seamless/code/c6_sparse_dense.py,120,py,EXP-additive-sky-seamless,HUMAN,EXP-additive-sky-seamless-001,默认保留（非产出面或非数据形态）
实验/additive-sky-seamless/code/c7_realdata.py,303,py,EXP-additive-sky-seamless,HUMAN,EXP-additive-sky-seamless-002,默认保留（非产出面或非数据形态）
实验/additive-sky-seamless/code/g08_defect_probe.py,194,py,EXP-additive-sky-seamless,HUMAN,EXP-additive-sky-seamless-001,默认保留（非产出面或非数据形态）
实验/additive-sky-seamless/code/make_figures.py,175,py,EXP-additive-sky-seamless,HUMAN,EXP-additive-sky-seamless-001,默认保留（非产出面或非数据形态）
实验/additive-sky-seamless/code/production_e2e_record_check.py,142,py,EXP-additive-sky-seamless,HUMAN,EXP-additive-sky-seamless-001,默认保留（非产出面或非数据形态）
实验/additive-sky-seamless/code/reverse_verify/data_matrix/dtmlib.py,299,py,EXP-additive-sky-seamless,HUMAN,EXP-additive-sky-seamless-002,默认保留（非产出面或非数据形态）
实验/additive-sky-seamless/code/reverse_verify/data_matrix/exp1_sky_poisson_snr.py,265,py,EXP-additive-sky-seamless,HUMAN,EXP-additive-sky-seamless-002,默认保留（非产出面或非数据形态）
实验/additive-sky-seamless/code/reverse_verify/data_matrix/exp2_mosaic_shape_difference.py,271,py,EXP-additive-sky-seamless,HUMAN,EXP-additive-sky-seamless-002,默认保留（非产出面或非数据形态）
实验/additive-sky-seamless/code/reverse_verify/data_matrix/exp3_variance_closure.py,215,py,EXP-additive-sky-seamless,HUMAN,EXP-additive-sky-seamless-002,默认保留（非产出面或非数据形态）
实验/additive-sky-seamless/code/reverse_verify/m16_sampling/run_reconstruct.py,330,py,EXP-additive-sky-seamless,HUMAN,EXP-additive-sky-seamless-001,默认保留（非产出面或非数据形态）
实验/additive-sky-seamless/code/reverse_verify/m16_scene/README.md,58,md,EXP-additive-sky-seamless,HUMAN,EXP-additive-sky-seamless-002,默认保留（非产出面或非数据形态）
实验/additive-sky-seamless/code/reverse_verify/m16_scene/exp_a6_seeing_aperture.py,294,py,EXP-additive-sky-seamless,HUMAN,EXP-additive-sky-seamless-002,默认保留（非产出面或非数据形态）
实验/additive-sky-seamless/code/reverse_verify/m16_scene/exp_realbase_consistency.py,149,py,EXP-additive-sky-seamless,HUMAN,EXP-additive-sky-seamless-001,默认保留（非产出面或非数据形态）
实验/additive-sky-seamless/code/reverse_verify/m16_scene/exp_variance_closure.py,180,py,EXP-additive-sky-seamless,HUMAN,EXP-additive-sky-seamless-002,默认保留（非产出面或非数据形态）
实验/additive-sky-seamless/code/reverse_verify/smooth_lambda/CRITERIA.md,36,md,EXP-additive-sky-seamless,HUMAN,EXP-additive-sky-seamless-002,默认保留（非产出面或非数据形态）
实验/additive-sky-seamless/code/reverse_verify/smooth_lambda/adaptive.py,105,py,EXP-additive-sky-seamless,HUMAN,EXP-additive-sky-seamless-001,默认保留（非产出面或非数据形态）
实验/additive-sky-seamless/code/reverse_verify/smooth_lambda/analyze.py,238,py,EXP-additive-sky-seamless,HUMAN,EXP-additive-sky-seamless-001,默认保留（非产出面或非数据形态）
实验/additive-sky-seamless/code/reverse_verify/smooth_lambda/build.sh,20,sh,EXP-additive-sky-seamless,HUMAN,EXP-additive-sky-seamless-002,默认保留（非产出面或非数据形态）
实验/additive-sky-seamless/code/reverse_verify/smooth_lambda/convert_real.py,44,py,EXP-additive-sky-seamless,HUMAN,EXP-additive-sky-seamless-002,默认保留（非产出面或非数据形态）
实验/additive-sky-seamless/code/reverse_verify/smooth_lambda/describe_real.py,53,py,EXP-additive-sky-seamless,HUMAN,EXP-additive-sky-seamless-002,默认保留（非产出面或非数据形态）
实验/additive-sky-seamless/code/reverse_verify/smooth_lambda/gen_all.sh,27,sh,EXP-additive-sky-seamless,HUMAN,EXP-additive-sky-seamless-001,默认保留（非产出面或非数据形态）
实验/additive-sky-seamless/code/reverse_verify/smooth_lambda/gen_synth.py,207,py,EXP-additive-sky-seamless,HUMAN,EXP-additive-sky-seamless-002,默认保留（非产出面或非数据形态）
实验/additive-sky-seamless/code/reverse_verify/smooth_lambda/probe_real.py,71,py,EXP-additive-sky-seamless,HUMAN,EXP-additive-sky-seamless-002,默认保留（非产出面或非数据形态）
实验/additive-sky-seamless/code/reverse_verify/smooth_lambda/real_fidelity.py,67,py,EXP-additive-sky-seamless,HUMAN,EXP-additive-sky-seamless-002,默认保留（非产出面或非数据形态）
实验/additive-sky-seamless/code/reverse_verify/smooth_lambda/report.py,86,py,EXP-additive-sky-seamless,HUMAN,EXP-additive-sky-seamless-001,默认保留（非产出面或非数据形态）
实验/additive-sky-seamless/code/reverse_verify/smooth_lambda/run_mosaic_ls.sh,28,sh,EXP-additive-sky-seamless,HUMAN,EXP-additive-sky-seamless-001,默认保留（非产出面或非数据形态）
实验/additive-sky-seamless/code/reverse_verify/smooth_lambda/seam_compare.py,57,py,EXP-additive-sky-seamless,HUMAN,EXP-additive-sky-seamless-001,默认保留（非产出面或非数据形态）
实验/additive-sky-seamless/code/reverse_verify/smooth_lambda/seam_product.py,51,py,EXP-additive-sky-seamless,HUMAN,EXP-additive-sky-seamless-001,默认保留（非产出面或非数据形态）
实验/additive-sky-seamless/code/reverse_verify/smooth_lambda/sweep_all.sh,19,sh,EXP-additive-sky-seamless,HUMAN,EXP-additive-sky-seamless-002,默认保留（非产出面或非数据形态）
实验/additive-sky-seamless/code/reverse_verify/smooth_lambda/upm_sweep.cpp,290,cpp,EXP-additive-sky-seamless,HUMAN,EXP-additive-sky-seamless-001,默认保留（非产出面或非数据形态）
实验/additive-sky-seamless/code/run_all.sh,130,sh,EXP-additive-sky-seamless,HUMAN,EXP-additive-sky-seamless-001,默认保留（非产出面或非数据形态）
实验/additive-sky-seamless/code/sci_c_common.py,480,py,EXP-additive-sky-seamless,HUMAN,EXP-additive-sky-seamless-001,默认保留（非产出面或非数据形态）
实验/additive-sky-seamless/code/seam_gate_coverage.py,572,py,EXP-additive-sky-seamless,HUMAN,EXP-additive-sky-seamless-002,默认保留（非产出面或非数据形态）
实验/additive-sky-seamless/code/seam_gate_gradient_scan.py,227,py,EXP-additive-sky-seamless,HUMAN,EXP-additive-sky-seamless-002,默认保留（非产出面或非数据形态）
实验/additive-sky-seamless/code/sky_plane_zero_negative.py,379,py,EXP-additive-sky-seamless,HUMAN,EXP-additive-sky-seamless-001,默认保留（非产出面或非数据形态）
实验/additive-sky-seamless/code/sky_probe.cpp,174,cpp,EXP-additive-sky-seamless,HUMAN,EXP-additive-sky-seamless-002,默认保留（非产出面或非数据形态）
实验/additive-sky-seamless/code/upm_probe.cpp,302,cpp,EXP-additive-sky-seamless,HUMAN,EXP-additive-sky-seamless-001,默认保留（非产出面或非数据形态）
实验/additive-sky-seamless/data/README.md,55,md,EXP-additive-sky-seamless,HUMAN,EXP-additive-sky-seamless-002,默认保留（非产出面或非数据形态）
实验/additive-sky-seamless/docs/DISPUTES.md,123,md,EXP-additive-sky-seamless,HUMAN,EXP-additive-sky-seamless-001,默认保留（非产出面或非数据形态）
实验/additive-sky-seamless/docs/README.md,15,md,EXP-additive-sky-seamless,HUMAN,EXP-additive-sky-seamless-001,默认保留（非产出面或非数据形态）
实验/additive-sky-seamless/docs/control-variance-adjudication.md,98,md,EXP-additive-sky-seamless,HUMAN,EXP-additive-sky-seamless-002,默认保留（非产出面或非数据形态）
实验/additive-sky-seamless/docs/seam-gate-floor.md,76,md,EXP-additive-sky-seamless,HUMAN,EXP-additive-sky-seamless-001,默认保留（非产出面或非数据形态）
实验/additive-sky-seamless/docs/smooth-lambda.md,163,md,EXP-additive-sky-seamless,HUMAN,EXP-additive-sky-seamless-001,默认保留（非产出面或非数据形态）
实验/additive-sky-seamless/refs.md,73,md,EXP-additive-sky-seamless,HUMAN,EXP-additive-sky-seamless-001,默认保留（非产出面或非数据形态）
实验/additive-sky-seamless/results/REVERSE_VERIFY_CANON.md,41,md,EXP-additive-sky-seamless,HUMAN,EXP-additive-sky-seamless-002,默认保留（非产出面或非数据形态）
实验/additive-sky-seamless/results/REVIEW.md,204,md,EXP-additive-sky-seamless,HUMAN,EXP-additive-sky-seamless-001,默认保留（非产出面或非数据形态）
实验/additive-sky-seamless/results/audit_rework/p3_kcorr/g1_canonical.json,190,json,EXP-additive-sky-seamless,GENERATED,,P1 产出面 (^|/)results(/|$) ∧ P2 数据形态 .json
实验/additive-sky-seamless/results/audit_rework/p3_kcorr/g2_decomposition.json,29,json,EXP-additive-sky-seamless,GENERATED,,P1 产出面 (^|/)results(/|$) ∧ P2 数据形态 .json
实验/additive-sky-seamless/results/audit_rework/p3_kcorr/g3_nscan.json,298,json,EXP-additive-sky-seamless,GENERATED,,P1 产出面 (^|/)results(/|$) ∧ P2 数据形态 .json
实验/additive-sky-seamless/results/audit_rework/p3_kcorr/g4_geometry_scan.json,325,json,EXP-additive-sky-seamless,GENERATED,,P1 产出面 (^|/)results(/|$) ∧ P2 数据形态 .json
实验/additive-sky-seamless/results/audit_rework/p3_kcorr/g6_fit.json,40,json,EXP-additive-sky-seamless,GENERATED,,P1 产出面 (^|/)results(/|$) ∧ P2 数据形态 .json
实验/additive-sky-seamless/results/audit_rework/p3_kcorr/summary.csv,36,csv,EXP-additive-sky-seamless,GENERATED,,P1 产出面 (^|/)results(/|$) ∧ P2 数据形态 .csv
实验/additive-sky-seamless/results/audit_rework/p3_kcorr/tables.md,85,md,EXP-additive-sky-seamless,HUMAN,EXP-additive-sky-seamless-001,默认保留（非产出面或非数据形态）
实验/additive-sky-seamless/results/audit_rework/route1/c10_anchor_forensics.json,501,json,EXP-additive-sky-seamless,GENERATED,,P1 产出面 (^|/)results(/|$) ∧ P2 数据形态 .json
实验/additive-sky-seamless/results/audit_rework/route1/c1_median_variance.json,96,json,EXP-additive-sky-seamless,GENERATED,,P1 产出面 (^|/)results(/|$) ∧ P2 数据形态 .json
实验/additive-sky-seamless/results/audit_rework/route1/c2_kcorr_drizzle.json,81,json,EXP-additive-sky-seamless,GENERATED,,P1 产出面 (^|/)results(/|$) ∧ P2 数据形态 .json
实验/additive-sky-seamless/results/audit_rework/route1/c3_seam_gate.json,161,json,EXP-additive-sky-seamless,GENERATED,,P1 产出面 (^|/)results(/|$) ∧ P2 数据形态 .json
实验/additive-sky-seamless/results/audit_rework/route1/c4_variance_ratio.json,50,json,EXP-additive-sky-seamless,GENERATED,,P1 产出面 (^|/)results(/|$) ∧ P2 数据形态 .json
实验/additive-sky-seamless/results/audit_rework/route1/c5_huber_efficiency.json,50,json,EXP-additive-sky-seamless,GENERATED,,P1 产出面 (^|/)results(/|$) ∧ P2 数据形态 .json
实验/additive-sky-seamless/results/audit_rework/route1/c6_identifiability_dof.json,64,json,EXP-additive-sky-seamless,GENERATED,,P1 产出面 (^|/)results(/|$) ∧ P2 数据形态 .json
实验/additive-sky-seamless/results/audit_rework/route1/c7_share_vs_abs_weight.json,27,json,EXP-additive-sky-seamless,GENERATED,,P1 产出面 (^|/)results(/|$) ∧ P2 数据形态 .json
实验/additive-sky-seamless/results/audit_rework/route1/c8_scale_tolerance.json,20,json,EXP-additive-sky-seamless,GENERATED,,P1 产出面 (^|/)results(/|$) ∧ P2 数据形态 .json
实验/additive-sky-seamless/results/audit_rework/route1/c9_representation_boundary.json,69,json,EXP-additive-sky-seamless,GENERATED,,P1 产出面 (^|/)results(/|$) ∧ P2 数据形态 .json
实验/additive-sky-seamless/results/audit_rework/route2/e10_sigma_floor_crossscale.json,41,json,EXP-additive-sky-seamless,GENERATED,,P1 产出面 (^|/)results(/|$) ∧ P2 数据形态 .json
实验/additive-sky-seamless/results/audit_rework/route2/e1_control_variance_median.json,156,json,EXP-additive-sky-seamless,GENERATED,,P1 产出面 (^|/)results(/|$) ∧ P2 数据形态 .json
实验/additive-sky-seamless/results/audit_rework/route2/e2_kcorr_drizzle_mc.json,39,json,EXP-additive-sky-seamless,GENERATED,,P1 产出面 (^|/)results(/|$) ∧ P2 数据形态 .json
实验/additive-sky-seamless/results/audit_rework/route2/e3_seam_gate_1e-2.json,188,json,EXP-additive-sky-seamless,GENERATED,,P1 产出面 (^|/)results(/|$) ∧ P2 数据形态 .json
实验/additive-sky-seamless/results/audit_rework/route2/e4_variance_ratio_blindness.json,45,json,EXP-additive-sky-seamless,GENERATED,,P1 产出面 (^|/)results(/|$) ∧ P2 数据形态 .json
实验/additive-sky-seamless/results/audit_rework/route2/e5_huber_delta_1345.json,25,json,EXP-additive-sky-seamless,GENERATED,,P1 产出面 (^|/)results(/|$) ∧ P2 数据形态 .json
实验/additive-sky-seamless/results/audit_rework/route2/e6_quality_factor_share_weights.json,28,json,EXP-additive-sky-seamless,GENERATED,,P1 产出面 (^|/)results(/|$) ∧ P2 数据形态 .json
实验/additive-sky-seamless/results/audit_rework/route2/e7_smoothing_lambda_biasvariance.json,62,json,EXP-additive-sky-seamless,GENERATED,,P1 产出面 (^|/)results(/|$) ∧ P2 数据形态 .json
实验/additive-sky-seamless/results/audit_rework/route2/e8_identifiability_rank_rtol.json,55,json,EXP-additive-sky-seamless,GENERATED,,P1 产出面 (^|/)results(/|$) ∧ P2 数据形态 .json
实验/additive-sky-seamless/results/audit_rework/route2/e9_node_spacing_representation.json,41,json,EXP-additive-sky-seamless,GENERATED,,P1 产出面 (^|/)results(/|$) ∧ P2 数据形态 .json
实验/additive-sky-seamless/results/audit_rework/route3/q10_weight_arms.json,67,json,EXP-additive-sky-seamless,GENERATED,,P1 产出面 (^|/)results(/|$) ∧ P2 数据形态 .json
实验/additive-sky-seamless/results/audit_rework/route3/q11_scale_invariance.json,64,json,EXP-additive-sky-seamless,GENERATED,,P1 产出面 (^|/)results(/|$) ∧ P2 数据形态 .json
实验/additive-sky-seamless/results/audit_rework/route3/q12_quality_factor.json,39,json,EXP-additive-sky-seamless,GENERATED,,P1 产出面 (^|/)results(/|$) ∧ P2 数据形态 .json
实验/additive-sky-seamless/results/audit_rework/route3/q1_seam_gate.json,139,json,EXP-additive-sky-seamless,GENERATED,,P1 产出面 (^|/)results(/|$) ∧ P2 数据形态 .json
实验/additive-sky-seamless/results/audit_rework/route3/q2_variance_ratio.json,39,json,EXP-additive-sky-seamless,GENERATED,,P1 产出面 (^|/)results(/|$) ∧ P2 数据形态 .json
实验/additive-sky-seamless/results/audit_rework/route3/q3_median_variance.json,65,json,EXP-additive-sky-seamless,GENERATED,,P1 产出面 (^|/)results(/|$) ∧ P2 数据形态 .json
实验/additive-sky-seamless/results/audit_rework/route3/q4_kcorr_mc.json,116,json,EXP-additive-sky-seamless,GENERATED,,P1 产出面 (^|/)results(/|$) ∧ P2 数据形态 .json
实验/additive-sky-seamless/results/audit_rework/route3/q5_huber_efficiency.json,57,json,EXP-additive-sky-seamless,GENERATED,,P1 产出面 (^|/)results(/|$) ∧ P2 数据形态 .json
实验/additive-sky-seamless/results/audit_rework/route3/q6_dof_rankeff.json,28,json,EXP-additive-sky-seamless,GENERATED,,P1 产出面 (^|/)results(/|$) ∧ P2 数据形态 .json
实验/additive-sky-seamless/results/audit_rework/route3/q7_rank_rtol.json,49,json,EXP-additive-sky-seamless,GENERATED,,P1 产出面 (^|/)results(/|$) ∧ P2 数据形态 .json
实验/additive-sky-seamless/results/audit_rework/route3/q8_node_spacing.json,75,json,EXP-additive-sky-seamless,GENERATED,,P1 产出面 (^|/)results(/|$) ∧ P2 数据形态 .json
实验/additive-sky-seamless/results/audit_rework/route3/q9_zero_anchor.json,54,json,EXP-additive-sky-seamless,GENERATED,,P1 产出面 (^|/)results(/|$) ∧ P2 数据形态 .json
实验/additive-sky-seamless/results/audit_rework/supp_507_relstep/ea_507_scale_scan.json,192,json,EXP-additive-sky-seamless,GENERATED,,P1 产出面 (^|/)results(/|$) ∧ P2 数据形态 .json
实验/additive-sky-seamless/results/audit_rework/supp_507_relstep/eb_relstep_calibration.json,499,json,EXP-additive-sky-seamless,GENERATED,,P1 产出面 (^|/)results(/|$) ∧ P2 数据形态 .json
实验/additive-sky-seamless/results/audit_rework/supp_control_variance/finiteN_control_variance.json,766,json,EXP-additive-sky-seamless,GENERATED,,P1 产出面 (^|/)results(/|$) ∧ P2 数据形态 .json
实验/additive-sky-seamless/results/audit_rework/supp_control_variance/production_chain_control_variance.json,95,json,EXP-additive-sky-seamless,GENERATED,,P1 产出面 (^|/)results(/|$) ∧ P2 数据形态 .json
实验/additive-sky-seamless/results/audit_rework/supp_control_variance/spotcheck_independent_seed.json,128,json,EXP-additive-sky-seamless,GENERATED,,P1 产出面 (^|/)results(/|$) ∧ P2 数据形态 .json
实验/additive-sky-seamless/results/audit_rework_summary.json,132,json,EXP-additive-sky-seamless,GENERATED,,P1 产出面 (^|/)results(/|$) ∧ P2 数据形态 .json
实验/additive-sky-seamless/results/c1_additive.json,562,json,EXP-additive-sky-seamless,GENERATED,,P1 产出面 (^|/)results(/|$) ∧ P2 数据形态 .json
实验/additive-sky-seamless/results/c2_multiplicative.json,578,json,EXP-additive-sky-seamless,GENERATED,,P1 产出面 (^|/)results(/|$) ∧ P2 数据形态 .json
实验/additive-sky-seamless/results/c3_public_plane.json,153,json,EXP-additive-sky-seamless,GENERATED,,P1 产出面 (^|/)results(/|$) ∧ P2 数据形态 .json
实验/additive-sky-seamless/results/c4_seam_criterion.json,243,json,EXP-additive-sky-seamless,GENERATED,,P1 产出面 (^|/)results(/|$) ∧ P2 数据形态 .json
实验/additive-sky-seamless/results/c5_weights.json,241,json,EXP-additive-sky-seamless,GENERATED,,P1 产出面 (^|/)results(/|$) ∧ P2 数据形态 .json
实验/additive-sky-seamless/results/c6_sparse_dense.json,71,json,EXP-additive-sky-seamless,GENERATED,,P1 产出面 (^|/)results(/|$) ∧ P2 数据形态 .json
实验/additive-sky-seamless/results/c7_realdata.json,379,json,EXP-additive-sky-seamless,GENERATED,,P1 产出面 (^|/)results(/|$) ∧ P2 数据形态 .json
实验/additive-sky-seamless/results/evidence_code.json,502,json,EXP-additive-sky-seamless,GENERATED,,P1 产出面 (^|/)results(/|$) ∧ P2 数据形态 .json
实验/additive-sky-seamless/results/evidence_lit.json,186,json,EXP-additive-sky-seamless,GENERATED,,P1 产出面 (^|/)results(/|$) ∧ P2 数据形态 .json
实验/additive-sky-seamless/results/g08_defect_probe.json,253,json,EXP-additive-sky-seamless,GENERATED,,P1 产出面 (^|/)results(/|$) ∧ P2 数据形态 .json
实验/additive-sky-seamless/results/production_e2e_seam_record.json,105,json,EXP-additive-sky-seamless,GENERATED,,P1 产出面 (^|/)results(/|$) ∧ P2 数据形态 .json
实验/additive-sky-seamless/results/seam_gate_coverage.json,1122,json,EXP-additive-sky-seamless,GENERATED,,P1 产出面 (^|/)results(/|$) ∧ P2 数据形态 .json
实验/additive-sky-seamless/results/seam_gate_gradient_scan.json,272,json,EXP-additive-sky-seamless,GENERATED,,P1 产出面 (^|/)results(/|$) ∧ P2 数据形态 .json
实验/additive-sky-seamless/results/sky_plane_zero_negative.json,269,json,EXP-additive-sky-seamless,GENERATED,,P1 产出面 (^|/)results(/|$) ∧ P2 数据形态 .json
实验/cone-search-constants/REPORT_paper.md,642,md,EXP-cone-search-constants,HUMAN,TAIL-EXP-001,默认保留（非产出面或非数据形态）
实验/dense-snr-reconstruct/README.md,58,md,EXP-dense-snr-reconstruct,HUMAN,EXP-dense-snr-reconstruct-001,默认保留（非产出面或非数据形态）
实验/dense-snr-reconstruct/REPORT_experiment.md,269,md,EXP-dense-snr-reconstruct,HUMAN,EXP-dense-snr-reconstruct-001,默认保留（非产出面或非数据形态）
实验/dense-snr-reconstruct/REPORT_paper.md,282,md,EXP-dense-snr-reconstruct,HUMAN,EXP-dense-snr-reconstruct-001,默认保留（非产出面或非数据形态）
实验/dense-snr-reconstruct/code/SEEDS.md,11,md,EXP-dense-snr-reconstruct,HUMAN,EXP-dense-snr-reconstruct-001,默认保留（非产出面或非数据形态）
实验/dense-snr-reconstruct/code/calibers/exp_P4CAL_01_three_calibers.py,240,py,EXP-dense-snr-reconstruct,HUMAN,EXP-dense-snr-reconstruct-001,默认保留（非产出面或非数据形态）
实验/dense-snr-reconstruct/code/calibers/exp_P4CAL_02_three_calibers_guarded.py,272,py,EXP-dense-snr-reconstruct,HUMAN,EXP-dense-snr-reconstruct-001,默认保留（非产出面或非数据形态）
实验/dense-snr-reconstruct/code/fix/fix01_metric_E_and_gates.py,258,py,EXP-dense-snr-reconstruct,HUMAN,EXP-dense-snr-reconstruct-001,默认保留（非产出面或非数据形态）
实验/dense-snr-reconstruct/code/fix/fix02_boundaries_estimator_phase.py,189,py,EXP-dense-snr-reconstruct,HUMAN,EXP-dense-snr-reconstruct-001,默认保留（非产出面或非数据形态）
实验/dense-snr-reconstruct/code/fix/p4_delta_guard.py,54,py,EXP-dense-snr-reconstruct,HUMAN,EXP-dense-snr-reconstruct-001,默认保留（非产出面或非数据形态）
实验/dense-snr-reconstruct/code/realdata/exp_P4RD_01_real_hst_m16.py,212,py,EXP-dense-snr-reconstruct,HUMAN,EXP-dense-snr-reconstruct-001,默认保留（非产出面或非数据形态）
实验/dense-snr-reconstruct/code/redteam/rt06_reconstruction_redteam.py,670,py,EXP-dense-snr-reconstruct,HUMAN,EXP-dense-snr-reconstruct-001,默认保留（非产出面或非数据形态）
实验/dense-snr-reconstruct/code/redteam/rt_intra_cell_source.py,64,py,EXP-dense-snr-reconstruct,HUMAN,EXP-dense-snr-reconstruct-001,默认保留（非产出面或非数据形态）
实验/dense-snr-reconstruct/code/route1/exp_p4_01_weight_optimality.py,105,py,EXP-dense-snr-reconstruct,HUMAN,EXP-dense-snr-reconstruct-001,默认保留（非产出面或非数据形态）
实验/dense-snr-reconstruct/code/route1/exp_p4_02_interpolators.py,367,py,EXP-dense-snr-reconstruct,HUMAN,EXP-dense-snr-reconstruct-001,默认保留（非产出面或非数据形态）
实验/dense-snr-reconstruct/code/route1/exp_p4_03_plane_geometry.py,182,py,EXP-dense-snr-reconstruct,HUMAN,EXP-dense-snr-reconstruct-001,默认保留（非产出面或非数据形态）
实验/dense-snr-reconstruct/code/route1/exp_p4_04_brightness_forward.py,865,py,EXP-dense-snr-reconstruct,HUMAN,EXP-dense-snr-reconstruct-001,默认保留（非产出面或非数据形态）
实验/dense-snr-reconstruct/code/route2/exp_P4R2_01_weight_identity_gamma.py,123,py,EXP-dense-snr-reconstruct,HUMAN,EXP-dense-snr-reconstruct-001,默认保留（非产出面或非数据形态）
实验/dense-snr-reconstruct/code/route2/exp_P4R2_02_idw_params.py,133,py,EXP-dense-snr-reconstruct,HUMAN,EXP-dense-snr-reconstruct-001,默认保留（非产出面或非数据形态）
实验/dense-snr-reconstruct/code/route2/exp_P4R2_03_delta_grid.py,92,py,EXP-dense-snr-reconstruct,HUMAN,EXP-dense-snr-reconstruct-001,默认保留（非产出面或非数据形态）
实验/dense-snr-reconstruct/code/route2/exp_P4R2_04_plane_conditioning.py,101,py,EXP-dense-snr-reconstruct,HUMAN,EXP-dense-snr-reconstruct-001,默认保留（非产出面或非数据形态）
实验/dense-snr-reconstruct/code/route2/exp_P4R2_05_whiteness_variance_map.py,146,py,EXP-dense-snr-reconstruct,HUMAN,EXP-dense-snr-reconstruct-001,默认保留（非产出面或非数据形态）
实验/dense-snr-reconstruct/code/route2/exp_P4R2_06_criterion_arms.py,109,py,EXP-dense-snr-reconstruct,HUMAN,EXP-dense-snr-reconstruct-001,默认保留（非产出面或非数据形态）
实验/dense-snr-reconstruct/code/route2/exp_P4R2_07_luminance_chain.py,195,py,EXP-dense-snr-reconstruct,HUMAN,EXP-dense-snr-reconstruct-001,默认保留（非产出面或非数据形态）
实验/dense-snr-reconstruct/code/route2/exp_P4R2_08_mad_sigma_budget.py,122,py,EXP-dense-snr-reconstruct,HUMAN,EXP-dense-snr-reconstruct-001,默认保留（非产出面或非数据形态）
实验/dense-snr-reconstruct/code/route2/exp_P4R2_09_moffat4_factor.py,138,py,EXP-dense-snr-reconstruct,HUMAN,EXP-dense-snr-reconstruct-001,默认保留（非产出面或非数据形态）
实验/dense-snr-reconstruct/code/route3/exp01_weight_identity_gamma_optimality.py,137,py,EXP-dense-snr-reconstruct,HUMAN,EXP-dense-snr-reconstruct-001,默认保留（非产出面或非数据形态）
实验/dense-snr-reconstruct/code/route3/exp02_metric_E_properties.py,117,py,EXP-dense-snr-reconstruct,HUMAN,EXP-dense-snr-reconstruct-001,默认保留（非产出面或非数据形态）
实验/dense-snr-reconstruct/code/route3/exp03_sparse_dense_reconstruction.py,264,py,EXP-dense-snr-reconstruct,HUMAN,EXP-dense-snr-reconstruct-001,默认保留（非产出面或非数据形态）
实验/dense-snr-reconstruct/code/route3/exp04_idw_parameters.py,160,py,EXP-dense-snr-reconstruct,HUMAN,EXP-dense-snr-reconstruct-001,默认保留（非产出面或非数据形态）
实验/dense-snr-reconstruct/code/route3/exp05_operator_axioms.py,202,py,EXP-dense-snr-reconstruct,HUMAN,EXP-dense-snr-reconstruct-001,默认保留（非产出面或非数据形态）
实验/dense-snr-reconstruct/code/route3/exp06_white_noise_and_purity.py,159,py,EXP-dense-snr-reconstruct,HUMAN,EXP-dense-snr-reconstruct-001,默认保留（非产出面或非数据形态）
实验/dense-snr-reconstruct/code/run_all.sh,43,sh,EXP-dense-snr-reconstruct,HUMAN,EXP-dense-snr-reconstruct-001,默认保留（非产出面或非数据形态）
实验/dense-snr-reconstruct/code/sim/exp_sim01_m16_forward_snr_truth.py,486,py,EXP-dense-snr-reconstruct,HUMAN,EXP-dense-snr-reconstruct-001,默认保留（非产出面或非数据形态）
实验/dense-snr-reconstruct/docs/DISPUTES.md,87,md,EXP-dense-snr-reconstruct,HUMAN,EXP-dense-snr-reconstruct-001,默认保留（非产出面或非数据形态）
实验/dense-snr-reconstruct/docs/TAUTOLOGY_REGISTER.md,23,md,EXP-dense-snr-reconstruct,HUMAN,EXP-dense-snr-reconstruct-001,默认保留（非产出面或非数据形态）
实验/dense-snr-reconstruct/docs/derivations.md,111,md,EXP-dense-snr-reconstruct,HUMAN,EXP-dense-snr-reconstruct-001,默认保留（非产出面或非数据形态）
实验/dense-snr-reconstruct/refs.md,37,md,EXP-dense-snr-reconstruct,HUMAN,EXP-dense-snr-reconstruct-001,默认保留（非产出面或非数据形态）
实验/dense-snr-reconstruct/results/calibers/exp_P4CAL_01_three_calibers.json,133,json,EXP-dense-snr-reconstruct,GENERATED,,P1 产出面 (^|/)results(/|$) ∧ P2 数据形态 .json
实验/dense-snr-reconstruct/results/calibers/exp_P4CAL_02_three_calibers_guarded.json,240,json,EXP-dense-snr-reconstruct,GENERATED,,P1 产出面 (^|/)results(/|$) ∧ P2 数据形态 .json
实验/dense-snr-reconstruct/results/fix/fix01_metric_E_and_gates.json,150,json,EXP-dense-snr-reconstruct,GENERATED,,P1 产出面 (^|/)results(/|$) ∧ P2 数据形态 .json
实验/dense-snr-reconstruct/results/fix/fix02_boundaries_estimator_phase.json,118,json,EXP-dense-snr-reconstruct,GENERATED,,P1 产出面 (^|/)results(/|$) ∧ P2 数据形态 .json
实验/dense-snr-reconstruct/results/realdata/exp_P4RD_01_real_hst_m16.json,89,json,EXP-dense-snr-reconstruct,GENERATED,,P1 产出面 (^|/)results(/|$) ∧ P2 数据形态 .json
实验/dense-snr-reconstruct/results/route1/exp_p4_01_weight_optimality.json,59,json,EXP-dense-snr-reconstruct,GENERATED,,P1 产出面 (^|/)results(/|$) ∧ P2 数据形态 .json
实验/dense-snr-reconstruct/results/route1/exp_p4_02_interpolators.json,322,json,EXP-dense-snr-reconstruct,GENERATED,,P1 产出面 (^|/)results(/|$) ∧ P2 数据形态 .json
实验/dense-snr-reconstruct/results/route1/exp_p4_03_plane_geometry.json,167,json,EXP-dense-snr-reconstruct,GENERATED,,P1 产出面 (^|/)results(/|$) ∧ P2 数据形态 .json
实验/dense-snr-reconstruct/results/route1/exp_p4_04_brightness_forward.json,165,json,EXP-dense-snr-reconstruct,GENERATED,,P1 产出面 (^|/)results(/|$) ∧ P2 数据形态 .json
实验/dense-snr-reconstruct/results/route2/exp01_weight_identity_gamma.json,47,json,EXP-dense-snr-reconstruct,GENERATED,,P1 产出面 (^|/)results(/|$) ∧ P2 数据形态 .json
实验/dense-snr-reconstruct/results/route2/exp02_idw_params.json,302,json,EXP-dense-snr-reconstruct,GENERATED,,P1 产出面 (^|/)results(/|$) ∧ P2 数据形态 .json
实验/dense-snr-reconstruct/results/route2/exp03_delta_grid.json,112,json,EXP-dense-snr-reconstruct,GENERATED,,P1 产出面 (^|/)results(/|$) ∧ P2 数据形态 .json
实验/dense-snr-reconstruct/results/route2/exp04_plane_conditioning.json,45,json,EXP-dense-snr-reconstruct,GENERATED,,P1 产出面 (^|/)results(/|$) ∧ P2 数据形态 .json
实验/dense-snr-reconstruct/results/route2/exp05_whiteness_variance_map.json,45,json,EXP-dense-snr-reconstruct,GENERATED,,P1 产出面 (^|/)results(/|$) ∧ P2 数据形态 .json
实验/dense-snr-reconstruct/results/route2/exp06_criterion_arms.json,33,json,EXP-dense-snr-reconstruct,GENERATED,,P1 产出面 (^|/)results(/|$) ∧ P2 数据形态 .json
实验/dense-snr-reconstruct/results/route2/exp07_luminance_chain_negative.json,43,json,EXP-dense-snr-reconstruct,GENERATED,,P1 产出面 (^|/)results(/|$) ∧ P2 数据形态 .json
实验/dense-snr-reconstruct/results/route2/exp08_mad_sigma_budget.json,40,json,EXP-dense-snr-reconstruct,GENERATED,,P1 产出面 (^|/)results(/|$) ∧ P2 数据形态 .json
实验/dense-snr-reconstruct/results/route2/exp09_moffat4_factor.json,55,json,EXP-dense-snr-reconstruct,GENERATED,,P1 产出面 (^|/)results(/|$) ∧ P2 数据形态 .json
实验/dense-snr-reconstruct/results/route3/exp01_weight_identity.json,63,json,EXP-dense-snr-reconstruct,GENERATED,,P1 产出面 (^|/)results(/|$) ∧ P2 数据形态 .json
实验/dense-snr-reconstruct/results/route3/exp02_metric_E_properties.json,31,json,EXP-dense-snr-reconstruct,GENERATED,,P1 产出面 (^|/)results(/|$) ∧ P2 数据形态 .json
实验/dense-snr-reconstruct/results/route3/exp03_sparse_dense_reconstruction.json,373,json,EXP-dense-snr-reconstruct,GENERATED,,P1 产出面 (^|/)results(/|$) ∧ P2 数据形态 .json
实验/dense-snr-reconstruct/results/route3/exp04_idw_parameters.json,155,json,EXP-dense-snr-reconstruct,GENERATED,,P1 产出面 (^|/)results(/|$) ∧ P2 数据形态 .json
实验/dense-snr-reconstruct/results/route3/exp05_operator_axioms.json,43,json,EXP-dense-snr-reconstruct,GENERATED,,P1 产出面 (^|/)results(/|$) ∧ P2 数据形态 .json
实验/dense-snr-reconstruct/results/route3/exp06_white_noise_and_purity.json,64,json,EXP-dense-snr-reconstruct,GENERATED,,P1 产出面 (^|/)results(/|$) ∧ P2 数据形态 .json
实验/dense-snr-reconstruct/results/sim/exp_sim01_m16_forward_snr_truth.json,277,json,EXP-dense-snr-reconstruct,GENERATED,,P1 产出面 (^|/)results(/|$) ∧ P2 数据形态 .json
实验/dense-snr-reconstruct/results/summary.json,303,json,EXP-dense-snr-reconstruct,GENERATED,,P1 产出面 (^|/)results(/|$) ∧ P2 数据形态 .json
实验/engineering-evidence/README.md,40,md,EXP-engineering-evidence,HUMAN,EXP-engineering-evidence-001,默认保留（非产出面或非数据形态）
实验/engineering-evidence/audit-2026-01/FIX_LEDGER.csv,786,csv,EXP-engineering-evidence,HUMAN,EXP-engineering-evidence-001,A1 裁定（采 G1）: 本件列含 owner_decision / evidence / clause / fix_state / verified_by / verified_date / fix_note 等**人工裁决与条款引用**（例：FD-F-003、M1a-A-001 两行整行为裁决记录），无法由任何运行器再产出；与同面 tiles_index.json / MEASUREMENTS.csv / *.sha256 这类实测读数性质不同。GEN-2 的 O2 面把它按目录一刀切，属过宽。
实验/engineering-evidence/audit-2026-01/OWNER_DECISIONS.md,196,md,EXP-engineering-evidence,HUMAN,EXP-engineering-evidence-001,默认保留（非产出面或非数据形态）
实验/engineering-evidence/audit-2026-01/README.md,16,md,EXP-engineering-evidence,HUMAN,EXP-engineering-evidence-001,默认保留（非产出面或非数据形态）
实验/engineering-evidence/audit-2026-01/ROOT_CAUSES.md,211,md,EXP-engineering-evidence,HUMAN,EXP-engineering-evidence-001,默认保留（非产出面或非数据形态）
实验/engineering-evidence/compress-01/COMPRESSION_CODEC_RESEARCH_PACK_TABLES.md,810,md,EXP-engineering-evidence,HUMAN,EXP-engineering-evidence-001,默认保留（非产出面或非数据形态）
实验/engineering-evidence/compress-01/MANIFEST.sha256,28,sha256,EXP-engineering-evidence,GENERATED,,A1 裁定（采 GEN-2）: 实验/README.md:8 定 engineering-evidence/ 为「测量结果 / 基准数值 / 质量实测 / 审计时点证据」留档面。
实验/engineering-evidence/compress-01/acc_roundtrip.json,7701,json,EXP-engineering-evidence,GENERATED,,P1 产出面 ^实验/engineering-evidence/compress-01/ ∧ P2 数据形态 .json
实验/engineering-evidence/compress-01/code/acc_roundtrip.py,192,py,EXP-engineering-evidence,HUMAN,EXP-engineering-evidence-001,默认保留（非产出面或非数据形态）
实验/engineering-evidence/compress-01/code/analyze.py,137,py,EXP-engineering-evidence,HUMAN,EXP-engineering-evidence-001,默认保留（非产出面或非数据形态）
实验/engineering-evidence/compress-01/code/build.sh,11,sh,EXP-engineering-evidence,HUMAN,EXP-engineering-evidence-001,默认保留（非产出面或非数据形态）
实验/engineering-evidence/compress-01/code/diag_cfitsio.c,49,c,EXP-engineering-evidence,HUMAN,EXP-engineering-evidence-001,默认保留（非产出面或非数据形态）
实验/engineering-evidence/compress-01/code/disk_bench.sh,22,sh,EXP-engineering-evidence,HUMAN,EXP-engineering-evidence-001,默认保留（非产出面或非数据形态）
实验/engineering-evidence/compress-01/code/extract_corpus.py,96,py,EXP-engineering-evidence,HUMAN,EXP-engineering-evidence-001,默认保留（非产出面或非数据形态）
实验/engineering-evidence/compress-01/code/fill_scan.py,55,py,EXP-engineering-evidence,HUMAN,EXP-engineering-evidence-001,默认保留（非产出面或非数据形态）
实验/engineering-evidence/compress-01/code/fits_bench.c,159,c,EXP-engineering-evidence,HUMAN,EXP-engineering-evidence-001,默认保留（非产出面或非数据形态）
实验/engineering-evidence/compress-01/code/fits_loss.c,63,c,EXP-engineering-evidence,HUMAN,EXP-engineering-evidence-001,默认保留（非产出面或非数据形态）
实验/engineering-evidence/compress-01/code/make_filelist.py,25,py,EXP-engineering-evidence,HUMAN,EXP-engineering-evidence-001,默认保留（非产出面或非数据形态）
实验/engineering-evidence/compress-01/code/product_level.py,69,py,EXP-engineering-evidence,HUMAN,EXP-engineering-evidence-001,默认保留（非产出面或非数据形态）
实验/engineering-evidence/compress-01/code/py_bench.py,41,py,EXP-engineering-evidence,HUMAN,EXP-engineering-evidence-001,默认保留（非产出面或非数据形态）
实验/engineering-evidence/compress-01/code/rt_diff.c,62,c,EXP-engineering-evidence,HUMAN,EXP-engineering-evidence-001,默认保留（非产出面或非数据形态）
实验/engineering-evidence/compress-01/code/run_bench.sh,34,sh,EXP-engineering-evidence,HUMAN,EXP-engineering-evidence-001,默认保留（非产出面或非数据形态）
实验/engineering-evidence/compress-01/code/run_bench2.sh,28,sh,EXP-engineering-evidence,HUMAN,EXP-engineering-evidence-001,默认保留（非产出面或非数据形态）
实验/engineering-evidence/compress-01/code/run_bench3.sh,23,sh,EXP-engineering-evidence,HUMAN,EXP-engineering-evidence-001,默认保留（非产出面或非数据形态）
实验/engineering-evidence/compress-01/code/trim_scan.py,53,py,EXP-engineering-evidence,HUMAN,EXP-engineering-evidence-001,默认保留（非产出面或非数据形态）
实验/engineering-evidence/compress-01/code/zstd_bench.c,111,c,EXP-engineering-evidence,HUMAN,EXP-engineering-evidence-001,默认保留（非产出面或非数据形态）
实验/engineering-evidence/compress-01/fill_scan.json,39313,json,EXP-engineering-evidence,GENERATED,,P1 产出面 ^实验/engineering-evidence/compress-01/ ∧ P2 数据形态 .json
实验/engineering-evidence/compress-01/final_numbers.json,139,json,EXP-engineering-evidence,GENERATED,,P1 产出面 ^实验/engineering-evidence/compress-01/ ∧ P2 数据形态 .json
实验/engineering-evidence/compress-01/product_level.json,746,json,EXP-engineering-evidence,GENERATED,,P1 产出面 ^实验/engineering-evidence/compress-01/ ∧ P2 数据形态 .json
实验/engineering-evidence/compress-01/trim_scan.json,21169,json,EXP-engineering-evidence,GENERATED,,P1 产出面 ^实验/engineering-evidence/compress-01/ ∧ P2 数据形态 .json
实验/engineering-evidence/compress-01/verify/final_numbers.py,116,py,EXP-engineering-evidence,HUMAN,EXP-engineering-evidence-001,默认保留（非产出面或非数据形态）
实验/engineering-evidence/l2_performance/README.md,106,md,EXP-engineering-evidence,HUMAN,EXP-engineering-evidence-001,默认保留（非产出面或非数据形态）
实验/engineering-evidence/l2_performance/ab2f_ab.json,115,json,EXP-engineering-evidence,GENERATED,,P1 产出面 ^实验/engineering-evidence/l2_performance/ ∧ P2 数据形态 .json
实验/engineering-evidence/l2_performance/alloc_reports/fix2f_w16_alloc_report.json,1,json,EXP-engineering-evidence,GENERATED,,P1 产出面 ^实验/engineering-evidence/l2_performance/ ∧ P2 数据形态 .json
实验/engineering-evidence/l2_performance/alloc_reports/fix2f_w1_alloc_report.json,1,json,EXP-engineering-evidence,GENERATED,,P1 产出面 ^实验/engineering-evidence/l2_performance/ ∧ P2 数据形态 .json
实验/engineering-evidence/l2_performance/alloc_reports/fix2f_w4_alloc_report.json,1,json,EXP-engineering-evidence,GENERATED,,P1 产出面 ^实验/engineering-evidence/l2_performance/ ∧ P2 数据形态 .json
实验/engineering-evidence/l2_performance/alloc_reports/real16_lock1_w16_alloc_report.json,1,json,EXP-engineering-evidence,GENERATED,,P1 产出面 ^实验/engineering-evidence/l2_performance/ ∧ P2 数据形态 .json
实验/engineering-evidence/l2_performance/alloc_reports/real16_w16_alloc_report.json,1,json,EXP-engineering-evidence,GENERATED,,P1 产出面 ^实验/engineering-evidence/l2_performance/ ∧ P2 数据形态 .json
实验/engineering-evidence/l2_performance/alloc_reports/real16_w1_alloc_report.json,1,json,EXP-engineering-evidence,GENERATED,,P1 产出面 ^实验/engineering-evidence/l2_performance/ ∧ P2 数据形态 .json
实验/engineering-evidence/l2_performance/alloc_reports/real16_w4_alloc_report.json,1,json,EXP-engineering-evidence,GENERATED,,P1 产出面 ^实验/engineering-evidence/l2_performance/ ∧ P2 数据形态 .json
实验/engineering-evidence/l2_performance/alloc_reports/real4_w16_alloc_report.json,1,json,EXP-engineering-evidence,GENERATED,,P1 产出面 ^实验/engineering-evidence/l2_performance/ ∧ P2 数据形态 .json
实验/engineering-evidence/l2_performance/alloc_reports/real8_w16_alloc_report.json,1,json,EXP-engineering-evidence,GENERATED,,P1 产出面 ^实验/engineering-evidence/l2_performance/ ∧ P2 数据形态 .json
实验/engineering-evidence/l2_performance/alloc_reports/v1b2f_w16_alloc_report.json,1,json,EXP-engineering-evidence,GENERATED,,P1 产出面 ^实验/engineering-evidence/l2_performance/ ∧ P2 数据形态 .json
实验/engineering-evidence/l2_performance/alloc_reports/v1locked2f_w16_alloc_report.json,1,json,EXP-engineering-evidence,GENERATED,,P1 产出面 ^实验/engineering-evidence/l2_performance/ ∧ P2 数据形态 .json
实验/engineering-evidence/l2_performance/gaia_external_requests.json,27,json,EXP-engineering-evidence,GENERATED,,P1 产出面 ^实验/engineering-evidence/l2_performance/ ∧ P2 数据形态 .json
实验/engineering-evidence/l2_performance/gates/fix2f_w16_gate.json,2614,json,EXP-engineering-evidence,GENERATED,,P1 产出面 (^|/)gates(/|$) ∧ P2 数据形态 .json
实验/engineering-evidence/l2_performance/gates/fix2f_w1_gate.json,4171,json,EXP-engineering-evidence,GENERATED,,P1 产出面 (^|/)gates(/|$) ∧ P2 数据形态 .json
实验/engineering-evidence/l2_performance/gates/fix2f_w4_gate.json,3263,json,EXP-engineering-evidence,GENERATED,,P1 产出面 (^|/)gates(/|$) ∧ P2 数据形态 .json
实验/engineering-evidence/l2_performance/gates/real16_lock1_w16_gate.json,18366,json,EXP-engineering-evidence,GENERATED,,P1 产出面 (^|/)gates(/|$) ∧ P2 数据形态 .json
实验/engineering-evidence/l2_performance/gates/real16_w16_gate.json,18729,json,EXP-engineering-evidence,GENERATED,,P1 产出面 (^|/)gates(/|$) ∧ P2 数据形态 .json
实验/engineering-evidence/l2_performance/gates/real16_w1_gate.json,47497,json,EXP-engineering-evidence,GENERATED,,P1 产出面 (^|/)gates(/|$) ∧ P2 数据形态 .json
实验/engineering-evidence/l2_performance/gates/real16_w4_gate.json,25560,json,EXP-engineering-evidence,GENERATED,,P1 产出面 (^|/)gates(/|$) ∧ P2 数据形态 .json
实验/engineering-evidence/l2_performance/gates/real4_w16_gate.json,4407,json,EXP-engineering-evidence,GENERATED,,P1 产出面 (^|/)gates(/|$) ∧ P2 数据形态 .json
实验/engineering-evidence/l2_performance/gates/real8_w16_gate.json,8785,json,EXP-engineering-evidence,GENERATED,,P1 产出面 (^|/)gates(/|$) ∧ P2 数据形态 .json
实验/engineering-evidence/l2_performance/gates/v1b2f_w16_gate.json,2196,json,EXP-engineering-evidence,GENERATED,,P1 产出面 (^|/)gates(/|$) ∧ P2 数据形态 .json
实验/engineering-evidence/l2_performance/gates/v1locked2f_w16_gate.json,2317,json,EXP-engineering-evidence,GENERATED,,P1 产出面 (^|/)gates(/|$) ∧ P2 数据形态 .json
实验/engineering-evidence/l2_performance/machine_fingerprint.json,8,json,EXP-engineering-evidence,GENERATED,,P1 产出面 ^实验/engineering-evidence/l2_performance/ ∧ P2 数据形态 .json
实验/engineering-evidence/l2_performance/probes/fix2f_w1.probe.jsonl,474,jsonl,EXP-engineering-evidence,GENERATED,,P1 产出面 (^|/)probes(/|$) ∧ P2 数据形态 .jsonl
实验/engineering-evidence/l2_performance/probes/fix2f_w16.probe.jsonl,487,jsonl,EXP-engineering-evidence,GENERATED,,P1 产出面 (^|/)probes(/|$) ∧ P2 数据形态 .jsonl
实验/engineering-evidence/l2_performance/probes/fix2f_w4.probe.jsonl,475,jsonl,EXP-engineering-evidence,GENERATED,,P1 产出面 (^|/)probes(/|$) ∧ P2 数据形态 .jsonl
实验/engineering-evidence/l2_performance/probes/real16_lock1_w16.probe.jsonl,2969,jsonl,EXP-engineering-evidence,GENERATED,,P1 产出面 (^|/)probes(/|$) ∧ P2 数据形态 .jsonl
实验/engineering-evidence/l2_performance/probes/real16_w1.probe.jsonl,2932,jsonl,EXP-engineering-evidence,GENERATED,,P1 产出面 (^|/)probes(/|$) ∧ P2 数据形态 .jsonl
实验/engineering-evidence/l2_performance/probes/real16_w16.probe.jsonl,2969,jsonl,EXP-engineering-evidence,GENERATED,,P1 产出面 (^|/)probes(/|$) ∧ P2 数据形态 .jsonl
实验/engineering-evidence/l2_performance/probes/real16_w4.probe.jsonl,2942,jsonl,EXP-engineering-evidence,GENERATED,,P1 产出面 (^|/)probes(/|$) ∧ P2 数据形态 .jsonl
实验/engineering-evidence/l2_performance/probes/real4_w16.probe.jsonl,888,jsonl,EXP-engineering-evidence,GENERATED,,P1 产出面 (^|/)probes(/|$) ∧ P2 数据形态 .jsonl
实验/engineering-evidence/l2_performance/probes/real8_w16.probe.jsonl,1550,jsonl,EXP-engineering-evidence,GENERATED,,P1 产出面 (^|/)probes(/|$) ∧ P2 数据形态 .jsonl
实验/engineering-evidence/l2_performance/probes/v1locked2f_w16.probe.jsonl,487,jsonl,EXP-engineering-evidence,GENERATED,,P1 产出面 (^|/)probes(/|$) ∧ P2 数据形态 .jsonl
实验/engineering-evidence/l2_performance/real16_bitwise_bitwise.json,34,json,EXP-engineering-evidence,GENERATED,,P1 产出面 ^实验/engineering-evidence/l2_performance/ ∧ P2 数据形态 .json
实验/engineering-evidence/l2_performance/real16_bitwise_cmp/compare_report.json,3277,json,EXP-engineering-evidence,GENERATED,,P1 产出面 (^|/)real16_bitwise_cmp(/|$) ∧ P2 数据形态 .json
实验/engineering-evidence/l2_performance/real16_bitwise_cmp/compare_summary.md,70,md,EXP-engineering-evidence,HUMAN,EXP-engineering-evidence-001,默认保留（非产出面或非数据形态）
实验/engineering-evidence/l2_performance/real16_bitwise_verdict.json,35,json,EXP-engineering-evidence,GENERATED,,P1 产出面 ^实验/engineering-evidence/l2_performance/ ∧ P2 数据形态 .json
实验/engineering-evidence/l2_performance/resource_summaries/fix2f_w1.json,1,json,EXP-engineering-evidence,GENERATED,,P1 产出面 ^实验/engineering-evidence/l2_performance/ ∧ P2 数据形态 .json
实验/engineering-evidence/l2_performance/resource_summaries/fix2f_w16.json,1,json,EXP-engineering-evidence,GENERATED,,P1 产出面 ^实验/engineering-evidence/l2_performance/ ∧ P2 数据形态 .json
实验/engineering-evidence/l2_performance/resource_summaries/fix2f_w4.json,1,json,EXP-engineering-evidence,GENERATED,,P1 产出面 ^实验/engineering-evidence/l2_performance/ ∧ P2 数据形态 .json
实验/engineering-evidence/l2_performance/resource_summaries/real16_lock1_w16.json,1,json,EXP-engineering-evidence,GENERATED,,P1 产出面 ^实验/engineering-evidence/l2_performance/ ∧ P2 数据形态 .json
实验/engineering-evidence/l2_performance/resource_summaries/real16_w1.json,1,json,EXP-engineering-evidence,GENERATED,,P1 产出面 ^实验/engineering-evidence/l2_performance/ ∧ P2 数据形态 .json
实验/engineering-evidence/l2_performance/resource_summaries/real16_w16.json,1,json,EXP-engineering-evidence,GENERATED,,P1 产出面 ^实验/engineering-evidence/l2_performance/ ∧ P2 数据形态 .json
实验/engineering-evidence/l2_performance/resource_summaries/real16_w4.json,1,json,EXP-engineering-evidence,GENERATED,,P1 产出面 ^实验/engineering-evidence/l2_performance/ ∧ P2 数据形态 .json
实验/engineering-evidence/l2_performance/resource_summaries/real4_w16.json,1,json,EXP-engineering-evidence,GENERATED,,P1 产出面 ^实验/engineering-evidence/l2_performance/ ∧ P2 数据形态 .json
实验/engineering-evidence/l2_performance/resource_summaries/real8_w16.json,1,json,EXP-engineering-evidence,GENERATED,,P1 产出面 ^实验/engineering-evidence/l2_performance/ ∧ P2 数据形态 .json
实验/engineering-evidence/l2_performance/resource_summaries/v1b2f_w16.json,1,json,EXP-engineering-evidence,GENERATED,,P1 产出面 ^实验/engineering-evidence/l2_performance/ ∧ P2 数据形态 .json
实验/engineering-evidence/l2_performance/resource_summaries/v1locked2f_w16.json,1,json,EXP-engineering-evidence,GENERATED,,P1 产出面 ^实验/engineering-evidence/l2_performance/ ∧ P2 数据形态 .json
实验/engineering-evidence/l2_performance/summary.json,440,json,EXP-engineering-evidence,GENERATED,,P1 产出面 ^实验/engineering-evidence/l2_performance/ ∧ P2 数据形态 .json
实验/engineering-evidence/l2_performance/timeseries/fix2f_w16_resource_timeseries.csv,81,csv,EXP-engineering-evidence,GENERATED,,P1 产出面 (^|/)timeseries(/|$) ∧ P2 数据形态 .csv
实验/engineering-evidence/l2_performance/timeseries/fix2f_w1_resource_timeseries.csv,104,csv,EXP-engineering-evidence,GENERATED,,P1 产出面 (^|/)timeseries(/|$) ∧ P2 数据形态 .csv
实验/engineering-evidence/l2_performance/timeseries/fix2f_w4_resource_timeseries.csv,92,csv,EXP-engineering-evidence,GENERATED,,P1 产出面 (^|/)timeseries(/|$) ∧ P2 数据形态 .csv
实验/engineering-evidence/l2_performance/timeseries/real16_lock1_w16_resource_timeseries.csv,669,csv,EXP-engineering-evidence,GENERATED,,P1 产出面 (^|/)timeseries(/|$) ∧ P2 数据形态 .csv
实验/engineering-evidence/l2_performance/timeseries/real16_w16_resource_timeseries.csv,681,csv,EXP-engineering-evidence,GENERATED,,P1 产出面 (^|/)timeseries(/|$) ∧ P2 数据形态 .csv
实验/engineering-evidence/l2_performance/timeseries/real16_w1_resource_timeseries.csv,1511,csv,EXP-engineering-evidence,GENERATED,,P1 产出面 (^|/)timeseries(/|$) ∧ P2 数据形态 .csv
实验/engineering-evidence/l2_performance/timeseries/real16_w4_resource_timeseries.csv,848,csv,EXP-engineering-evidence,GENERATED,,P1 产出面 (^|/)timeseries(/|$) ∧ P2 数据形态 .csv
实验/engineering-evidence/l2_performance/timeseries/real4_w16_resource_timeseries.csv,154,csv,EXP-engineering-evidence,GENERATED,,P1 产出面 (^|/)timeseries(/|$) ∧ P2 数据形态 .csv
实验/engineering-evidence/l2_performance/timeseries/real8_w16_resource_timeseries.csv,318,csv,EXP-engineering-evidence,GENERATED,,P1 产出面 (^|/)timeseries(/|$) ∧ P2 数据形态 .csv
实验/engineering-evidence/l2_performance/timeseries/v1b2f_w16_resource_timeseries.csv,70,csv,EXP-engineering-evidence,GENERATED,,P1 产出面 (^|/)timeseries(/|$) ∧ P2 数据形态 .csv
实验/engineering-evidence/l2_performance/timeseries/v1locked2f_w16_resource_timeseries.csv,76,csv,EXP-engineering-evidence,GENERATED,,P1 产出面 (^|/)timeseries(/|$) ∧ P2 数据形态 .csv
实验/engineering-evidence/l2_performance/worker_balance/fix2f_w16_worker_balance.csv,81,csv,EXP-engineering-evidence,GENERATED,,P1 产出面 (^|/)worker_balance(/|$) ∧ P2 数据形态 .csv
实验/engineering-evidence/l2_performance/worker_balance/fix2f_w1_worker_balance.csv,104,csv,EXP-engineering-evidence,GENERATED,,P1 产出面 (^|/)worker_balance(/|$) ∧ P2 数据形态 .csv
实验/engineering-evidence/l2_performance/worker_balance/fix2f_w4_worker_balance.csv,92,csv,EXP-engineering-evidence,GENERATED,,P1 产出面 (^|/)worker_balance(/|$) ∧ P2 数据形态 .csv
实验/engineering-evidence/l2_performance/worker_balance/real16_lock1_w16_worker_balance.csv,669,csv,EXP-engineering-evidence,GENERATED,,P1 产出面 (^|/)worker_balance(/|$) ∧ P2 数据形态 .csv
实验/engineering-evidence/l2_performance/worker_balance/real16_w16_worker_balance.csv,681,csv,EXP-engineering-evidence,GENERATED,,P1 产出面 (^|/)worker_balance(/|$) ∧ P2 数据形态 .csv
实验/engineering-evidence/l2_performance/worker_balance/real16_w1_worker_balance.csv,1511,csv,EXP-engineering-evidence,GENERATED,,P1 产出面 (^|/)worker_balance(/|$) ∧ P2 数据形态 .csv
实验/engineering-evidence/l2_performance/worker_balance/real16_w4_worker_balance.csv,848,csv,EXP-engineering-evidence,GENERATED,,P1 产出面 (^|/)worker_balance(/|$) ∧ P2 数据形态 .csv
实验/engineering-evidence/l2_performance/worker_balance/real4_w16_worker_balance.csv,154,csv,EXP-engineering-evidence,GENERATED,,P1 产出面 (^|/)worker_balance(/|$) ∧ P2 数据形态 .csv
实验/engineering-evidence/l2_performance/worker_balance/real8_w16_worker_balance.csv,318,csv,EXP-engineering-evidence,GENERATED,,P1 产出面 (^|/)worker_balance(/|$) ∧ P2 数据形态 .csv
实验/engineering-evidence/l2_performance/worker_balance/v1b2f_w16_worker_balance.csv,70,csv,EXP-engineering-evidence,GENERATED,,P1 产出面 (^|/)worker_balance(/|$) ∧ P2 数据形态 .csv
实验/engineering-evidence/l2_performance/worker_balance/v1locked2f_w16_worker_balance.csv,76,csv,EXP-engineering-evidence,GENERATED,,P1 产出面 (^|/)worker_balance(/|$) ∧ P2 数据形态 .csv
实验/engineering-evidence/prerelease-v5/ISA-001/MEASUREMENTS.csv,7,csv,EXP-engineering-evidence,GENERATED,,A1 裁定（采 GEN-2）: 实验/README.md:8 定 engineering-evidence/ 为「测量结果 / 基准数值 / 质量实测 / 审计时点证据」留档面。
实验/engineering-evidence/prerelease-v5/ISA-002/MEASUREMENTS.csv,7,csv,EXP-engineering-evidence,GENERATED,,A1 裁定（采 GEN-2）: 实验/README.md:8 定 engineering-evidence/ 为「测量结果 / 基准数值 / 质量实测 / 审计时点证据」留档面。
实验/engineering-evidence/prerelease-v5/ISA-003/MEASUREMENTS.csv,7,csv,EXP-engineering-evidence,GENERATED,,A1 裁定（采 GEN-2）: 实验/README.md:8 定 engineering-evidence/ 为「测量结果 / 基准数值 / 质量实测 / 审计时点证据」留档面。
实验/engineering-evidence/reaudit-v3/v3_exec/CON006_blocker.md,23,md,EXP-engineering-evidence,HUMAN,EXP-engineering-evidence-001,默认保留（非产出面或非数据形态）
实验/engineering-evidence/reaudit-v3/v3_exec/CON009_tsan_finding.md,20,md,EXP-engineering-evidence,HUMAN,EXP-engineering-evidence-001,默认保留（非产出面或非数据形态）
实验/engineering-evidence/reaudit-v3/v3_exec/CON010_runtime_gate.md,165,md,EXP-engineering-evidence,HUMAN,EXP-engineering-evidence-001,默认保留（非产出面或非数据形态）
实验/engineering-evidence/release-01/VIS-001/l3/gc_stretch.json,14,json,EXP-engineering-evidence,GENERATED,,A1 裁定（采 GEN-2）: 实验/README.md:8 定 engineering-evidence/ 为「测量结果 / 基准数值 / 质量实测 / 审计时点证据」留档面。
实验/engineering-evidence/release-01/VIS-001/l3/m42_stretch.json,13,json,EXP-engineering-evidence,GENERATED,,A1 裁定（采 GEN-2）: 实验/README.md:8 定 engineering-evidence/ 为「测量结果 / 基准数值 / 质量实测 / 审计时点证据」留档面。
实验/engineering-evidence/release-01/VIS-001/l4/chunks_gc/tiles_index.json,156,json,EXP-engineering-evidence,GENERATED,,A1 裁定（采 GEN-2）: 实验/README.md:8 定 engineering-evidence/ 为「测量结果 / 基准数值 / 质量实测 / 审计时点证据」留档面。
实验/engineering-evidence/release-01/VIS-001/l4/chunks_m42/tiles_index.json,156,json,EXP-engineering-evidence,GENERATED,,A1 裁定（采 GEN-2）: 实验/README.md:8 定 engineering-evidence/ 为「测量结果 / 基准数值 / 质量实测 / 审计时点证据」留档面。
实验/engineering-evidence/release-01/VIS-001/l4/gc_stretch.json,14,json,EXP-engineering-evidence,GENERATED,,A1 裁定（采 GEN-2）: 实验/README.md:8 定 engineering-evidence/ 为「测量结果 / 基准数值 / 质量实测 / 审计时点证据」留档面。
实验/engineering-evidence/release-01/VIS-001/l4/m42_stretch.json,14,json,EXP-engineering-evidence,GENERATED,,A1 裁定（采 GEN-2）: 实验/README.md:8 定 engineering-evidence/ 为「测量结果 / 基准数值 / 质量实测 / 审计时点证据」留档面。
实验/engineering-evidence/release-01/VIS-001/l4/profile2.py,14,py,EXP-engineering-evidence,HUMAN,EXP-engineering-evidence-001,默认保留（非产出面或非数据形态）
实验/engineering-evidence/release-01/VIS-001/l4/profile_and_crop.py,27,py,EXP-engineering-evidence,HUMAN,EXP-engineering-evidence-001,默认保留（非产出面或非数据形态）
实验/engineering-evidence/release-01/science/exp_math.py,81,py,EXP-engineering-evidence,HUMAN,EXP-engineering-evidence-001,默认保留（非产出面或非数据形态）
实验/engineering-evidence/release-05/AUDIT_PACKAGE.md,81,md,EXP-engineering-evidence,HUMAN,EXP-engineering-evidence-001,默认保留（非产出面或非数据形态）
实验/engineering-evidence/release-05/D-14_STALE_PATH_CLEANUP.md,53,md,EXP-engineering-evidence,HUMAN,EXP-engineering-evidence-001,默认保留（非产出面或非数据形态）
实验/engineering-evidence/release-05/FAILCLOSED_SURVEY.md,247,md,EXP-engineering-evidence,HUMAN,EXP-engineering-evidence-001,默认保留（非产出面或非数据形态）
实验/engineering-evidence/release-05/G2-9_CI_INCREMENTAL_STATUS.md,39,md,EXP-engineering-evidence,HUMAN,EXP-engineering-evidence-001,默认保留（非产出面或非数据形态）
实验/engineering-evidence/release-05/GATE-501_VERIFICATION.md,73,md,EXP-engineering-evidence,HUMAN,EXP-engineering-evidence-001,默认保留（非产出面或非数据形态）
实验/engineering-evidence/science/kcorr_matrix.json,19,json,EXP-engineering-evidence,GENERATED,,A1 裁定（采 GEN-2）: 实验/README.md:8 定 engineering-evidence/ 为「测量结果 / 基准数值 / 质量实测 / 审计时点证据」留档面。
实验/engineering-evidence/v19r7-quality/audit_findings.md,232,md,EXP-engineering-evidence,HUMAN,EXP-engineering-evidence-001,默认保留（非产出面或非数据形态）
实验/engineering-evidence/v19r7-quality/audit_findings_architecture.md,57,md,EXP-engineering-evidence,HUMAN,EXP-engineering-evidence-001,默认保留（非产出面或非数据形态）
实验/engineering-evidence/v19r7-quality/audit_findings_drizzle.md,52,md,EXP-engineering-evidence,HUMAN,EXP-engineering-evidence-001,默认保留（非产出面或非数据形态）
实验/engineering-evidence/v19r7-quality/audit_findings_io.md,53,md,EXP-engineering-evidence,HUMAN,EXP-engineering-evidence-001,默认保留（非产出面或非数据形态）
实验/engineering-evidence/v19r7-quality/audit_findings_noise.md,87,md,EXP-engineering-evidence,HUMAN,EXP-engineering-evidence-001,默认保留（非产出面或非数据形态）
实验/engineering-evidence/v19r7-quality/audit_findings_phase2.md,49,md,EXP-engineering-evidence,HUMAN,EXP-engineering-evidence-001,默认保留（非产出面或非数据形态）
实验/engineering-evidence/v19r7-quality/audit_findings_science.md,78,md,EXP-engineering-evidence,HUMAN,EXP-engineering-evidence-001,默认保留（非产出面或非数据形态）
实验/engineering-evidence/v19r7-quality/audit_findings_standards.md,67,md,EXP-engineering-evidence,HUMAN,EXP-engineering-evidence-001,默认保留（非产出面或非数据形态）
实验/engineering-evidence/v19r7-quality/audit_stats.json,113,json,EXP-engineering-evidence,GENERATED,,P1 产出面 ^实验/engineering-evidence/v19r7-quality/ ∧ P2 数据形态 .json
实验/engineering-evidence/v19r7-quality/broken_before.log,10,log,EXP-engineering-evidence,GENERATED,,P1 产出面 ^实验/engineering-evidence/v19r7-quality/ ∧ P2 数据形态 .log
实验/engineering-evidence/v19r7-quality/checkpoints/round32_machine_consistency.json,52,json,EXP-engineering-evidence,GENERATED,,P1 产出面 ^实验/engineering-evidence/v19r7-quality/ ∧ P2 数据形态 .json
实验/engineering-evidence/v19r7-quality/checkpoints/round35_status.json,12,json,EXP-engineering-evidence,GENERATED,,P1 产出面 ^实验/engineering-evidence/v19r7-quality/ ∧ P2 数据形态 .json
实验/engineering-evidence/v19r7-quality/checkpoints/round42_status.json,14,json,EXP-engineering-evidence,GENERATED,,P1 产出面 ^实验/engineering-evidence/v19r7-quality/ ∧ P2 数据形态 .json
实验/engineering-evidence/v19r7-quality/evidence/QA-V19R7-A1-01/EVIDENCE_INDEX.md,43,md,EXP-engineering-evidence,HUMAN,EXP-engineering-evidence-001,默认保留（非产出面或非数据形态）
实验/engineering-evidence/v19r7-quality/evidence/QA-V19R7-A1-01/REVIEW_REPORT.md,3,md,EXP-engineering-evidence,HUMAN,EXP-engineering-evidence-001,默认保留（非产出面或非数据形态）
实验/engineering-evidence/v19r7-quality/evidence/QA-V19R7-A1-01/TASK_REPORT.md,7,md,EXP-engineering-evidence,HUMAN,EXP-engineering-evidence-001,默认保留（非产出面或非数据形态）
实验/engineering-evidence/v19r7-quality/evidence/QA-V19R7-A1-01/TEST_REPORT.md,3,md,EXP-engineering-evidence,HUMAN,EXP-engineering-evidence-001,默认保留（非产出面或非数据形态）
实验/engineering-evidence/v19r7-quality/evidence/QA-V19R7-A1-02/EVIDENCE_INDEX.md,34,md,EXP-engineering-evidence,HUMAN,EXP-engineering-evidence-001,默认保留（非产出面或非数据形态）
实验/engineering-evidence/v19r7-quality/evidence/QA-V19R7-A1-02/REVIEW_REPORT.md,3,md,EXP-engineering-evidence,HUMAN,EXP-engineering-evidence-001,默认保留（非产出面或非数据形态）
实验/engineering-evidence/v19r7-quality/evidence/QA-V19R7-A1-02/TASK_REPORT.md,7,md,EXP-engineering-evidence,HUMAN,EXP-engineering-evidence-001,默认保留（非产出面或非数据形态）
实验/engineering-evidence/v19r7-quality/evidence/QA-V19R7-A1-02/TEST_REPORT.md,3,md,EXP-engineering-evidence,HUMAN,EXP-engineering-evidence-001,默认保留（非产出面或非数据形态）
实验/engineering-evidence/v19r7-quality/evidence/QA-V19R7-A2-05/EVIDENCE_INDEX.md,40,md,EXP-engineering-evidence,HUMAN,EXP-engineering-evidence-001,默认保留（非产出面或非数据形态）
实验/engineering-evidence/v19r7-quality/evidence/QA-V19R7-A2-06/EVIDENCE_INDEX.md,43,md,EXP-engineering-evidence,HUMAN,EXP-engineering-evidence-001,默认保留（非产出面或非数据形态）
实验/engineering-evidence/v19r7-quality/evidence/QA-V19R7-A2-07/EVIDENCE_INDEX.md,45,md,EXP-engineering-evidence,HUMAN,EXP-engineering-evidence-001,默认保留（非产出面或非数据形态）
实验/engineering-evidence/v19r7-quality/evidence/QA-V19R7-A2-08/EVIDENCE_INDEX.md,68,md,EXP-engineering-evidence,HUMAN,EXP-engineering-evidence-001,默认保留（非产出面或非数据形态）
实验/engineering-evidence/v19r7-quality/file_audit_before.json,1012,json,EXP-engineering-evidence,GENERATED,,P1 产出面 ^实验/engineering-evidence/v19r7-quality/ ∧ P2 数据形态 .json
实验/engineering-evidence/v19r7-quality/machine_consistency_before.json,52,json,EXP-engineering-evidence,GENERATED,,P1 产出面 ^实验/engineering-evidence/v19r7-quality/ ∧ P2 数据形态 .json
实验/engineering-evidence/v19r7-quality/standards_violations.json,175,json,EXP-engineering-evidence,GENERATED,,P1 产出面 ^实验/engineering-evidence/v19r7-quality/ ∧ P2 数据形态 .json
实验/engineering-evidence/v19r7-quality/traceability_broken.json,25,json,EXP-engineering-evidence,GENERATED,,P1 产出面 ^实验/engineering-evidence/v19r7-quality/ ∧ P2 数据形态 .json
实验/engineering-evidence/v6/contract-review/03_SUPERSEDED_SCI_SECTIONS.md,92,md,EXP-engineering-evidence,HUMAN,EXP-engineering-evidence-001,默认保留（非产出面或非数据形态）
实验/engineering-evidence/v6/contract-review/04_OPEN_ITEMS_AND_SIGNOFF.md,67,md,EXP-engineering-evidence,HUMAN,EXP-engineering-evidence-001,默认保留（非产出面或非数据形态）
实验/engineering-evidence/v6/performance/PERF-SCALE-001.md,276,md,EXP-engineering-evidence,HUMAN,EXP-engineering-evidence-001,默认保留（非产出面或非数据形态）
实验/engineering-evidence/v6/qa-design/SUMMARY.md,86,md,EXP-engineering-evidence,HUMAN,EXP-engineering-evidence-001,默认保留（非产出面或非数据形态）
实验/engineering-evidence/v6/qa-design/case_ledger.json,535,json,EXP-engineering-evidence,GENERATED,,P1 产出面 ^实验/engineering-evidence/v6/ ∧ P2 数据形态 .json
实验/engineering-evidence/v6/qa-design/data/baseline_matrix.json,353,json,EXP-engineering-evidence,GENERATED,,P1 产出面 ^实验/engineering-evidence/v6/ ∧ P2 数据形态 .json
实验/engineering-evidence/v6/qa-design/data/gates_analytic.json,709,json,EXP-engineering-evidence,GENERATED,,P1 产出面 ^实验/engineering-evidence/v6/ ∧ P2 数据形态 .json
实验/engineering-evidence/v6/qa-design/data/gates_inj.json,491,json,EXP-engineering-evidence,GENERATED,,P1 产出面 ^实验/engineering-evidence/v6/ ∧ P2 数据形态 .json
实验/engineering-evidence/v6/qa-design/data/gates_mc.json,496,json,EXP-engineering-evidence,GENERATED,,P1 产出面 ^实验/engineering-evidence/v6/ ∧ P2 数据形态 .json
实验/engineering-evidence/v6/qa-design/data/gates_realdata_baseline_p0.json,949,json,EXP-engineering-evidence,GENERATED,,P1 产出面 ^实验/engineering-evidence/v6/ ∧ P2 数据形态 .json
实验/engineering-evidence/v6/qa-design/data/meta.json,130,json,EXP-engineering-evidence,GENERATED,,P1 产出面 ^实验/engineering-evidence/v6/ ∧ P2 数据形态 .json
实验/engineering-evidence/v6/qa-design/data/mutations.json,758,json,EXP-engineering-evidence,GENERATED,,P1 产出面 ^实验/engineering-evidence/v6/ ∧ P2 数据形态 .json
实验/engineering-evidence/v6/qa-design/evidence/mutations.json,667,json,EXP-engineering-evidence,GENERATED,,P1 产出面 ^实验/engineering-evidence/v6/ ∧ P2 数据形态 .json
实验/engineering-evidence/v6/qa-design/evidence/oracle_baseline.json,405,json,EXP-engineering-evidence,GENERATED,,P1 产出面 ^实验/engineering-evidence/v6/ ∧ P2 数据形态 .json
实验/engineering-evidence/v6/qa-design/evidence/rc_summary.json,35,json,EXP-engineering-evidence,GENERATED,,P1 产出面 ^实验/engineering-evidence/v6/ ∧ P2 数据形态 .json
实验/engineering-evidence/v6/qa-design/oracle/assemble.py,68,py,EXP-engineering-evidence,HUMAN,EXP-engineering-evidence-001,默认保留（非产出面或非数据形态）
实验/engineering-evidence/v6/qa-design/oracle/check_docs.py,80,py,EXP-engineering-evidence,HUMAN,EXP-engineering-evidence-001,默认保留（非产出面或非数据形态）
实验/engineering-evidence/v6/qa-design/oracle/qa_oracle.py,576,py,EXP-engineering-evidence,HUMAN,EXP-engineering-evidence-001,默认保留（非产出面或非数据形态）
实验/engineering-evidence/v6/qa-design/oracle/render_docs.py,167,py,EXP-engineering-evidence,HUMAN,EXP-engineering-evidence-001,默认保留（非产出面或非数据形态）
实验/engineering-evidence/v6/qa-design/oracle/run_all.py,115,py,EXP-engineering-evidence,HUMAN,EXP-engineering-evidence-001,默认保留（非产出面或非数据形态）
实验/engineering-evidence/v6/qa-design/oracle/run_mutations.py,101,py,EXP-engineering-evidence,HUMAN,EXP-engineering-evidence-001,默认保留（非产出面或非数据形态）
实验/engineering-evidence/v6/qa-design/oracle/validate_spec.py,304,py,EXP-engineering-evidence,HUMAN,EXP-engineering-evidence-001,默认保留（非产出面或非数据形态）
实验/engineering-evidence/v6/qa-design/qa_matrix.json,3208,json,EXP-engineering-evidence,GENERATED,,P1 产出面 ^实验/engineering-evidence/v6/ ∧ P2 数据形态 .json
实验/engineering-evidence/v6/real-science/REAL-SCIENCE-001_REPORT.md,297,md,EXP-engineering-evidence,HUMAN,EXP-engineering-evidence-001,默认保留（非产出面或非数据形态）
实验/engineering-evidence/v6/real-science/REPRODUCE.md,44,md,EXP-engineering-evidence,HUMAN,EXP-engineering-evidence-001,默认保留（非产出面或非数据形态）
实验/engineering-evidence/v6/release-review/01_CONVERGENCE_CORRECTIONS.md,69,md,EXP-engineering-evidence,HUMAN,EXP-engineering-evidence-001,默认保留（非产出面或非数据形态）
实验/engineering-evidence/v6/review-audit/00_导读.md,44,md,EXP-engineering-evidence,HUMAN,EXP-engineering-evidence-001,默认保留（非产出面或非数据形态）
实验/engineering-evidence/v6/review-audit/01_覆盖关系总表.md,114,md,EXP-engineering-evidence,HUMAN,EXP-engineering-evidence-001,默认保留（非产出面或非数据形态）
实验/engineering-evidence/v6/review-audit/02_V3_V4_V5_V6_裁决对照.md,82,md,EXP-engineering-evidence,HUMAN,EXP-engineering-evidence-001,默认保留（非产出面或非数据形态）
实验/engineering-evidence/v6/review-audit/03_缺陷账本_重开清单.md,69,md,EXP-engineering-evidence,HUMAN,EXP-engineering-evidence-001,默认保留（非产出面或非数据形态）
实验/engineering-evidence/v6/review-audit/04_覆盖缺口与文档冲突.md,78,md,EXP-engineering-evidence,HUMAN,EXP-engineering-evidence-001,默认保留（非产出面或非数据形态）
实验/engineering-evidence/v6/review-audit/05_未决风险与控制器裁决事项.md,45,md,EXP-engineering-evidence,HUMAN,EXP-engineering-evidence-001,默认保留（非产出面或非数据形态）
实验/engineering-evidence/v6/review-audit/06_方法与复现.md,130,md,EXP-engineering-evidence,HUMAN,EXP-engineering-evidence-001,默认保留（非产出面或非数据形态）
实验/engineering-evidence/v6/science-adjudication/SUMMARY.md,121,md,EXP-engineering-evidence,HUMAN,EXP-engineering-evidence-001,默认保留（非产出面或非数据形态）
实验/engineering-evidence/v6/science-adjudication/adjudications.json,144,json,EXP-engineering-evidence,GENERATED,,P1 产出面 ^实验/engineering-evidence/v6/ ∧ P2 数据形态 .json
实验/healpix-polar/README.md,105,md,EXP-healpix-polar,HUMAN,EXP-healpix-polar-002,默认保留（非产出面或非数据形态）
实验/healpix-polar/REPORT_experiment.md,242,md,EXP-healpix-polar,HUMAN,EXP-healpix-polar-001,默认保留（非产出面或非数据形态）
实验/healpix-polar/REPORT_paper.md,262,md,EXP-healpix-polar,HUMAN,EXP-healpix-polar-002,默认保留（非产出面或非数据形态）
实验/healpix-polar/code/audit/kcorr/direct_char.py,45,py,EXP-healpix-polar,HUMAN,EXP-healpix-polar-001,默认保留（非产出面或非数据形态）
实验/healpix-polar/code/audit/kcorr/mc_kcorr.py,313,py,EXP-healpix-polar,HUMAN,EXP-healpix-polar-002,默认保留（非产出面或非数据形态）
实验/healpix-polar/code/audit/kcorr/read_summary.py,46,py,EXP-healpix-polar,HUMAN,EXP-healpix-polar-001,默认保留（非产出面或非数据形态）
实验/healpix-polar/code/audit/kcorr/read_tables.py,76,py,EXP-healpix-polar,HUMAN,EXP-healpix-polar-001,默认保留（非产出面或非数据形态）
实验/healpix-polar/code/audit/kcorr/run_extra.py,91,py,EXP-healpix-polar,HUMAN,EXP-healpix-polar-001,默认保留（非产出面或非数据形态）
实验/healpix-polar/code/audit/kcorr/run_scan.py,229,py,EXP-healpix-polar,HUMAN,EXP-healpix-polar-002,默认保留（非产出面或非数据形态）
实验/healpix-polar/code/audit/route1/e1_leaf_area_and_scale.py,287,py,EXP-healpix-polar,HUMAN,EXP-healpix-polar-001,默认保留（非产出面或非数据形态）
实验/healpix-polar/code/audit/route1/e2_polar_pixel_limit.py,250,py,EXP-healpix-polar,HUMAN,EXP-healpix-polar-001,默认保留（非产出面或非数据形态）
实验/healpix-polar/code/audit/route1/e3_circumradius_scan.py,178,py,EXP-healpix-polar,HUMAN,EXP-healpix-polar-002,默认保留（非产出面或非数据形态）
实验/healpix-polar/code/audit/route1/e4_flux_conservation.py,216,py,EXP-healpix-polar,HUMAN,EXP-healpix-polar-002,默认保留（非产出面或非数据形态）
实验/healpix-polar/code/audit/route1/e5_projection_budgets.py,217,py,EXP-healpix-polar,HUMAN,EXP-healpix-polar-001,默认保留（非产出面或非数据形态）
实验/healpix-polar/code/audit/route1/e6_lhuilier_vos.py,164,py,EXP-healpix-polar,HUMAN,EXP-healpix-polar-002,默认保留（非产出面或非数据形态）
实验/healpix-polar/code/audit/route2/exp01_leaf_area.py,80,py,EXP-healpix-polar,HUMAN,EXP-healpix-polar-002,默认保留（非产出面或非数据形态）
实验/healpix-polar/code/audit/route2/exp02_polar_pixel.py,123,py,EXP-healpix-polar,HUMAN,EXP-healpix-polar-001,默认保留（非产出面或非数据形态）
实验/healpix-polar/code/audit/route2/exp03_flux_conservation.py,192,py,EXP-healpix-polar,HUMAN,EXP-healpix-polar-002,默认保留（非产出面或非数据形态）
实验/healpix-polar/code/audit/route2/exp04_area_operators.py,111,py,EXP-healpix-polar,HUMAN,EXP-healpix-polar-001,默认保留（非产出面或非数据形态）
实验/healpix-polar/code/audit/route2/exp05_projection_budgets.py,169,py,EXP-healpix-polar,HUMAN,EXP-healpix-polar-001,默认保留（非产出面或非数据形态）
实验/healpix-polar/code/audit/route2/exp06_circumradius_margin.py,121,py,EXP-healpix-polar,HUMAN,EXP-healpix-polar-002,默认保留（非产出面或非数据形态）
实验/healpix-polar/code/audit/route2/exp07_polar_sagitta_ladder.py,147,py,EXP-healpix-polar,HUMAN,EXP-healpix-polar-002,默认保留（非产出面或非数据形态）
实验/healpix-polar/code/audit/route2/exp08_coverage_quantization.py,146,py,EXP-healpix-polar,HUMAN,EXP-healpix-polar-001,默认保留（非产出面或非数据形态）
实验/healpix-polar/code/audit/route2/exp09_sum_vs_per_leaf_criteria.py,131,py,EXP-healpix-polar,HUMAN,EXP-healpix-polar-001,默认保留（非产出面或非数据形态）
实验/healpix-polar/code/audit/route2/exp10_chain_usecase.py,250,py,EXP-healpix-polar,HUMAN,EXP-healpix-polar-002,默认保留（非产出面或非数据形态）
实验/healpix-polar/code/audit/route2/p3lib.py,236,py,EXP-healpix-polar,HUMAN,EXP-healpix-polar-002,默认保留（非产出面或非数据形态）
实验/healpix-polar/code/audit/route3/edge_geom.py,83,py,EXP-healpix-polar,HUMAN,EXP-healpix-polar-002,默认保留（非产出面或非数据形态）
实验/healpix-polar/code/audit/route3/exp01_leaf_area.py,136,py,EXP-healpix-polar,HUMAN,EXP-healpix-polar-002,默认保留（非产出面或非数据形态）
实验/healpix-polar/code/audit/route3/exp02_polar_limit.py,72,py,EXP-healpix-polar,HUMAN,EXP-healpix-polar-001,默认保留（非产出面或非数据形态）
实验/healpix-polar/code/audit/route3/exp03_weight_conservation.py,482,py,EXP-healpix-polar,HUMAN,EXP-healpix-polar-001,默认保留（非产出面或非数据形态）
实验/healpix-polar/code/audit/route3/exp04_circumradius.py,96,py,EXP-healpix-polar,HUMAN,EXP-healpix-polar-002,默认保留（非产出面或非数据形态）
实验/healpix-polar/code/audit/route3/exp05_sagitta_subdiv.py,175,py,EXP-healpix-polar,HUMAN,EXP-healpix-polar-001,默认保留（非产出面或非数据形态）
实验/healpix-polar/code/audit/route3/exp06_projection_budget.py,99,py,EXP-healpix-polar,HUMAN,EXP-healpix-polar-001,默认保留（非产出面或非数据形态）
实验/healpix-polar/code/audit/route3/exp07_quantization.py,91,py,EXP-healpix-polar,HUMAN,EXP-healpix-polar-002,默认保留（非产出面或非数据形态）
实验/healpix-polar/code/audit/route3/exp08_scale_constant.py,64,py,EXP-healpix-polar,HUMAN,EXP-healpix-polar-001,默认保留（非产出面或非数据形态）
实验/healpix-polar/code/audit/run_all.sh,90,sh,EXP-healpix-polar,HUMAN,EXP-healpix-polar-001,默认保留（非产出面或非数据形态）
实验/healpix-polar/code/audit/sim/exp_sim01_m16_forward_conservation.py,831,py,EXP-healpix-polar,HUMAN,EXP-healpix-polar-002,默认保留（非产出面或非数据形态）
实验/healpix-polar/code/chart_native.h,368,h,EXP-healpix-polar,HUMAN,EXP-healpix-polar-001,默认保留（非产出面或非数据形态）
实验/healpix-polar/code/p0_selftest.cpp,23,cpp,EXP-healpix-polar,HUMAN,EXP-healpix-polar-002,默认保留（非产出面或非数据形态）
实验/healpix-polar/code/p10_seam.cpp,63,cpp,EXP-healpix-polar,HUMAN,EXP-healpix-polar-001,默认保留（非产出面或非数据形态）
实验/healpix-polar/code/p1_rootcause.cpp,381,cpp,EXP-healpix-polar,HUMAN,EXP-healpix-polar-002,默认保留（非产出面或非数据形态）
实验/healpix-polar/code/p2_algorithms.cpp,234,cpp,EXP-healpix-polar,HUMAN,EXP-healpix-polar-001,默认保留（非产出面或非数据形态）
实验/healpix-polar/code/p3_sweep_neg.cpp,361,cpp,EXP-healpix-polar,HUMAN,EXP-healpix-polar-001,默认保留（非产出面或非数据形态）
实验/healpix-polar/code/p4_hst.cpp,94,cpp,EXP-healpix-polar,HUMAN,EXP-healpix-polar-001,默认保留（非产出面或非数据形态）
实验/healpix-polar/code/p4_hst3d.cpp,103,cpp,EXP-healpix-polar,HUMAN,EXP-healpix-polar-002,默认保留（非产出面或非数据形态）
实验/healpix-polar/code/p5_extent.cpp,53,cpp,EXP-healpix-polar,HUMAN,EXP-healpix-polar-002,默认保留（非产出面或非数据形态）
实验/healpix-polar/code/p6_leafmap.cpp,117,cpp,EXP-healpix-polar,HUMAN,EXP-healpix-polar-001,默认保留（非产出面或非数据形态）
实验/healpix-polar/code/p7_wcs3d.cpp,42,cpp,EXP-healpix-polar,HUMAN,EXP-healpix-polar-002,默认保留（非产出面或非数据形态）
实验/healpix-polar/code/p8_hstgrid.cpp,27,cpp,EXP-healpix-polar,HUMAN,EXP-healpix-polar-001,默认保留（非产出面或非数据形态）
实验/healpix-polar/code/p9_review.cpp,205,cpp,EXP-healpix-polar,HUMAN,EXP-healpix-polar-001,默认保留（非产出面或非数据形态）
实验/healpix-polar/code/polar_common.h,506,h,EXP-healpix-polar,HUMAN,EXP-healpix-polar-002,默认保留（非产出面或非数据形态）
实验/healpix-polar/code/variants.h,290,h,EXP-healpix-polar,HUMAN,EXP-healpix-polar-002,默认保留（非产出面或非数据形态）
实验/healpix-polar/docs/DERIVATIONS-P3.md,203,md,EXP-healpix-polar,HUMAN,EXP-healpix-polar-001,默认保留（非产出面或非数据形态）
实验/healpix-polar/docs/DISPUTES.md,117,md,EXP-healpix-polar,HUMAN,EXP-healpix-polar-002,默认保留（非产出面或非数据形态）
实验/healpix-polar/docs/EXP-07-POLAR-摘要.md,64,md,EXP-healpix-polar,HUMAN,EXP-healpix-polar-002,默认保留（非产出面或非数据形态）
实验/healpix-polar/docs/EXP-07-POLAR.md,859,md,EXP-healpix-polar,HUMAN,EXP-healpix-polar-001,默认保留（非产出面或非数据形态）
实验/healpix-polar/refs.md,83,md,EXP-healpix-polar,HUMAN,EXP-healpix-polar-001,默认保留（非产出面或非数据形态）
实验/healpix-polar/results/SNAPSHOT.sha256,47,sha256,EXP-healpix-polar,GENERATED,,A1 裁定（采 GEN-2）: results/ 是实验结果面（实验/README.md:7「结果与判据表（results/）」）；本件是面内读数，G1 的 P2 白名单无 .txt/.sha256 ⇒ 漏判。
实验/healpix-polar/results/audit/KEY_RESULTS.md,59,md,EXP-healpix-polar,HUMAN,EXP-healpix-polar-002,默认保留（非产出面或非数据形态）
实验/healpix-polar/results/audit/kcorr/direct_char.json,30,json,EXP-healpix-polar,GENERATED,,P1 产出面 (^|/)results(/|$) ∧ P2 数据形态 .json
实验/healpix-polar/results/audit/kcorr/g0_sanity.json,72,json,EXP-healpix-polar,GENERATED,,P1 产出面 (^|/)results(/|$) ∧ P2 数据形态 .json
实验/healpix-polar/results/audit/kcorr/g0b_sanity_fixed.json,47,json,EXP-healpix-polar,GENERATED,,P1 产出面 (^|/)results(/|$) ∧ P2 数据形态 .json
实验/healpix-polar/results/audit/kcorr/g1_canonical.json,190,json,EXP-healpix-polar,GENERATED,,P1 产出面 (^|/)results(/|$) ∧ P2 数据形态 .json
实验/healpix-polar/results/audit/kcorr/g2_decomposition.json,29,json,EXP-healpix-polar,GENERATED,,P1 产出面 (^|/)results(/|$) ∧ P2 数据形态 .json
实验/healpix-polar/results/audit/kcorr/g3_nscan.json,298,json,EXP-healpix-polar,GENERATED,,P1 产出面 (^|/)results(/|$) ∧ P2 数据形态 .json
实验/healpix-polar/results/audit/kcorr/g3b_gauss_ref.json,60,json,EXP-healpix-polar,GENERATED,,P1 产出面 (^|/)results(/|$) ∧ P2 数据形态 .json
实验/healpix-polar/results/audit/kcorr/g3b_n5_hiprec.json,31,json,EXP-healpix-polar,GENERATED,,P1 产出面 (^|/)results(/|$) ∧ P2 数据形态 .json
实验/healpix-polar/results/audit/kcorr/g4_geometry_scan.json,325,json,EXP-healpix-polar,GENERATED,,P1 产出面 (^|/)results(/|$) ∧ P2 数据形态 .json
实验/healpix-polar/results/audit/kcorr/g5_frames.json,50,json,EXP-healpix-polar,GENERATED,,P1 产出面 (^|/)results(/|$) ∧ P2 数据形态 .json
实验/healpix-polar/results/audit/kcorr/g6_fit.json,40,json,EXP-healpix-polar,GENERATED,,P1 产出面 (^|/)results(/|$) ∧ P2 数据形态 .json
实验/healpix-polar/results/audit/kcorr/g7_fh_ratio.json,10,json,EXP-healpix-polar,GENERATED,,P1 产出面 (^|/)results(/|$) ∧ P2 数据形态 .json
实验/healpix-polar/results/audit/kcorr/summary.csv,36,csv,EXP-healpix-polar,GENERATED,,P1 产出面 (^|/)results(/|$) ∧ P2 数据形态 .csv
实验/healpix-polar/results/audit/kcorr/tables.md,85,md,EXP-healpix-polar,HUMAN,EXP-healpix-polar-002,默认保留（非产出面或非数据形态）
实验/healpix-polar/results/audit/route1/e1_leaf_area_and_scale.json,85,json,EXP-healpix-polar,GENERATED,,P1 产出面 (^|/)results(/|$) ∧ P2 数据形态 .json
实验/healpix-polar/results/audit/route1/e1_leaf_area_and_scale.txt,23,txt,EXP-healpix-polar,GENERATED,,A1 裁定（采 GEN-2）: results/ 是实验结果面（实验/README.md:7「结果与判据表（results/）」）；本件是面内读数，G1 的 P2 白名单无 .txt/.sha256 ⇒ 漏判。
实验/healpix-polar/results/audit/route1/e2_polar_pixel_limit.json,114,json,EXP-healpix-polar,GENERATED,,P1 产出面 (^|/)results(/|$) ∧ P2 数据形态 .json
实验/healpix-polar/results/audit/route1/e2_polar_pixel_limit.txt,24,txt,EXP-healpix-polar,GENERATED,,A1 裁定（采 GEN-2）: results/ 是实验结果面（实验/README.md:7「结果与判据表（results/）」）；本件是面内读数，G1 的 P2 白名单无 .txt/.sha256 ⇒ 漏判。
实验/healpix-polar/results/audit/route1/e3_circumradius_scan.json,33,json,EXP-healpix-polar,GENERATED,,P1 产出面 (^|/)results(/|$) ∧ P2 数据形态 .json
实验/healpix-polar/results/audit/route1/e3_circumradius_scan.txt,13,txt,EXP-healpix-polar,GENERATED,,A1 裁定（采 GEN-2）: results/ 是实验结果面（实验/README.md:7「结果与判据表（results/）」）；本件是面内读数，G1 的 P2 白名单无 .txt/.sha256 ⇒ 漏判。
实验/healpix-polar/results/audit/route1/e4_flux_conservation.json,111,json,EXP-healpix-polar,GENERATED,,P1 产出面 (^|/)results(/|$) ∧ P2 数据形态 .json
实验/healpix-polar/results/audit/route1/e4_flux_conservation.txt,20,txt,EXP-healpix-polar,GENERATED,,A1 裁定（采 GEN-2）: results/ 是实验结果面（实验/README.md:7「结果与判据表（results/）」）；本件是面内读数，G1 的 P2 白名单无 .txt/.sha256 ⇒ 漏判。
实验/healpix-polar/results/audit/route1/e5_projection_budgets.json,176,json,EXP-healpix-polar,GENERATED,,P1 产出面 (^|/)results(/|$) ∧ P2 数据形态 .json
实验/healpix-polar/results/audit/route1/e5_projection_budgets.txt,29,txt,EXP-healpix-polar,GENERATED,,A1 裁定（采 GEN-2）: results/ 是实验结果面（实验/README.md:7「结果与判据表（results/）」）；本件是面内读数，G1 的 P2 白名单无 .txt/.sha256 ⇒ 漏判。
实验/healpix-polar/results/audit/route1/e6_lhuilier_vos.json,37,json,EXP-healpix-polar,GENERATED,,P1 产出面 (^|/)results(/|$) ∧ P2 数据形态 .json
实验/healpix-polar/results/audit/route1/e6_lhuilier_vos.txt,11,txt,EXP-healpix-polar,GENERATED,,A1 裁定（采 GEN-2）: results/ 是实验结果面（实验/README.md:7「结果与判据表（results/）」）；本件是面内读数，G1 的 P2 白名单无 .txt/.sha256 ⇒ 漏判。
实验/healpix-polar/results/audit/route2/exp01_leaf_area.json,53,json,EXP-healpix-polar,GENERATED,,P1 产出面 (^|/)results(/|$) ∧ P2 数据形态 .json
实验/healpix-polar/results/audit/route2/exp02_polar_pixel.json,76,json,EXP-healpix-polar,GENERATED,,P1 产出面 (^|/)results(/|$) ∧ P2 数据形态 .json
实验/healpix-polar/results/audit/route2/exp03_flux_conservation.json,25,json,EXP-healpix-polar,GENERATED,,P1 产出面 (^|/)results(/|$) ∧ P2 数据形态 .json
实验/healpix-polar/results/audit/route2/exp04_area_operators.json,72,json,EXP-healpix-polar,GENERATED,,P1 产出面 (^|/)results(/|$) ∧ P2 数据形态 .json
实验/healpix-polar/results/audit/route2/exp05_projection_budgets.json,104,json,EXP-healpix-polar,GENERATED,,P1 产出面 (^|/)results(/|$) ∧ P2 数据形态 .json
实验/healpix-polar/results/audit/route2/exp06_circumradius_margin.json,70,json,EXP-healpix-polar,GENERATED,,P1 产出面 (^|/)results(/|$) ∧ P2 数据形态 .json
实验/healpix-polar/results/audit/route2/exp07_polar_sagitta_ladder.json,102,json,EXP-healpix-polar,GENERATED,,P1 产出面 (^|/)results(/|$) ∧ P2 数据形态 .json
实验/healpix-polar/results/audit/route2/exp08_coverage_quantization.json,62,json,EXP-healpix-polar,GENERATED,,P1 产出面 (^|/)results(/|$) ∧ P2 数据形态 .json
实验/healpix-polar/results/audit/route2/exp09_sum_vs_per_leaf_criteria.json,105,json,EXP-healpix-polar,GENERATED,,P1 产出面 (^|/)results(/|$) ∧ P2 数据形态 .json
实验/healpix-polar/results/audit/route2/exp10_chain_usecase.json,34,json,EXP-healpix-polar,GENERATED,,P1 产出面 (^|/)results(/|$) ∧ P2 数据形态 .json
实验/healpix-polar/results/audit/route3/exp01_leaf_area.json,80,json,EXP-healpix-polar,GENERATED,,P1 产出面 (^|/)results(/|$) ∧ P2 数据形态 .json
实验/healpix-polar/results/audit/route3/exp02_polar_limit.json,149,json,EXP-healpix-polar,GENERATED,,P1 产出面 (^|/)results(/|$) ∧ P2 数据形态 .json
实验/healpix-polar/results/audit/route3/exp03_weight_conservation.json,94,json,EXP-healpix-polar,GENERATED,,P1 产出面 (^|/)results(/|$) ∧ P2 数据形态 .json
实验/healpix-polar/results/audit/route3/exp04_circumradius.json,70,json,EXP-healpix-polar,GENERATED,,P1 产出面 (^|/)results(/|$) ∧ P2 数据形态 .json
实验/healpix-polar/results/audit/route3/exp05_sagitta_subdiv.json,90,json,EXP-healpix-polar,GENERATED,,P1 产出面 (^|/)results(/|$) ∧ P2 数据形态 .json
实验/healpix-polar/results/audit/route3/exp06_projection_budget.json,98,json,EXP-healpix-polar,GENERATED,,P1 产出面 (^|/)results(/|$) ∧ P2 数据形态 .json
实验/healpix-polar/results/audit/route3/exp07_quantization.json,61,json,EXP-healpix-polar,GENERATED,,P1 产出面 (^|/)results(/|$) ∧ P2 数据形态 .json
实验/healpix-polar/results/audit/route3/exp08_scale_constant.json,74,json,EXP-healpix-polar,GENERATED,,P1 产出面 (^|/)results(/|$) ∧ P2 数据形态 .json
实验/healpix-polar/results/audit/sim/exp_sim01_m16_forward_conservation.json,2661,json,EXP-healpix-polar,GENERATED,,P1 产出面 (^|/)results(/|$) ∧ P2 数据形态 .json
实验/healpix-polar/results/p0_selftest.out,42,out,EXP-healpix-polar,GENERATED,,P1 产出面 (^|/)results(/|$) ∧ P2 数据形态 .out
实验/healpix-polar/results/p10_seam.out,33,out,EXP-healpix-polar,GENERATED,,P1 产出面 (^|/)results(/|$) ∧ P2 数据形态 .out
实验/healpix-polar/results/p1_t1.out,28,out,EXP-healpix-polar,GENERATED,,P1 产出面 (^|/)results(/|$) ∧ P2 数据形态 .out
实验/healpix-polar/results/p1_t2.out,41,out,EXP-healpix-polar,GENERATED,,P1 产出面 (^|/)results(/|$) ∧ P2 数据形态 .out
实验/healpix-polar/results/p1_t3.out,33,out,EXP-healpix-polar,GENERATED,,P1 产出面 (^|/)results(/|$) ∧ P2 数据形态 .out
实验/healpix-polar/results/p1_t4_pole_full.out,9,out,EXP-healpix-polar,GENERATED,,P1 产出面 (^|/)results(/|$) ∧ P2 数据形态 .out
实验/healpix-polar/results/p1_t5_eq17.out,9,out,EXP-healpix-polar,GENERATED,,P1 产出面 (^|/)results(/|$) ∧ P2 数据形态 .out
实验/healpix-polar/results/p1_t5_eqc.out,9,out,EXP-healpix-polar,GENERATED,,P1 产出面 (^|/)results(/|$) ∧ P2 数据形态 .out
实验/healpix-polar/results/p1_t5_tri.out,9,out,EXP-healpix-polar,GENERATED,,P1 产出面 (^|/)results(/|$) ∧ P2 数据形态 .out
实验/healpix-polar/results/p1_t7.out,30,out,EXP-healpix-polar,GENERATED,,P1 产出面 (^|/)results(/|$) ∧ P2 数据形态 .out
实验/healpix-polar/results/p2_t10.out,10,out,EXP-healpix-polar,GENERATED,,P1 产出面 (^|/)results(/|$) ∧ P2 数据形态 .out
实验/healpix-polar/results/p2_t8a.out,24,out,EXP-healpix-polar,GENERATED,,P1 产出面 (^|/)results(/|$) ∧ P2 数据形态 .out
实验/healpix-polar/results/p2_t8b.out,32,out,EXP-healpix-polar,GENERATED,,P1 产出面 (^|/)results(/|$) ∧ P2 数据形态 .out
实验/healpix-polar/results/p2_t9.out,28,out,EXP-healpix-polar,GENERATED,,P1 产出面 (^|/)results(/|$) ∧ P2 数据形态 .out
实验/healpix-polar/results/p3_t11.out,47,out,EXP-healpix-polar,GENERATED,,P1 产出面 (^|/)results(/|$) ∧ P2 数据形态 .out
实验/healpix-polar/results/p3_t12.out,40,out,EXP-healpix-polar,GENERATED,,P1 产出面 (^|/)results(/|$) ∧ P2 数据形态 .out
实验/healpix-polar/results/p3_t13.out,67,out,EXP-healpix-polar,GENERATED,,P1 产出面 (^|/)results(/|$) ∧ P2 数据形态 .out
实验/healpix-polar/results/p4_hst.out,56,out,EXP-healpix-polar,GENERATED,,P1 产出面 (^|/)results(/|$) ∧ P2 数据形态 .out
实验/healpix-polar/results/p4_hst_n23.out,62,out,EXP-healpix-polar,GENERATED,,P1 产出面 (^|/)results(/|$) ∧ P2 数据形态 .out
实验/healpix-polar/results/p5_t17.out,42,out,EXP-healpix-polar,GENERATED,,P1 产出面 (^|/)results(/|$) ∧ P2 数据形态 .out
实验/healpix-polar/results/p6_leafmap.out,88,out,EXP-healpix-polar,GENERATED,,P1 产出面 (^|/)results(/|$) ∧ P2 数据形态 .out
实验/healpix-polar/results/p7_wcs3d.out,46,out,EXP-healpix-polar,GENERATED,,P1 产出面 (^|/)results(/|$) ∧ P2 数据形态 .out
实验/healpix-polar/results/p8_hstgrid.out,15,out,EXP-healpix-polar,GENERATED,,P1 产出面 (^|/)results(/|$) ∧ P2 数据形态 .out
实验/healpix-polar/results/p9_review.out,65,out,EXP-healpix-polar,GENERATED,,P1 产出面 (^|/)results(/|$) ∧ P2 数据形态 .out
实验/healpix-polar/results/p9_t28.out,44,out,EXP-healpix-polar,GENERATED,,P1 产出面 (^|/)results(/|$) ∧ P2 数据形态 .out
实验/healpix-polar/results/p9_t29.out,30,out,EXP-healpix-polar,GENERATED,,P1 产出面 (^|/)results(/|$) ∧ P2 数据形态 .out
实验/healpix-polar/results/t12_sweep.csv,15,csv,EXP-healpix-polar,GENERATED,,P1 产出面 (^|/)results(/|$) ∧ P2 数据形态 .csv
实验/healpix-polar/results/t17_extent.csv,258,csv,EXP-healpix-polar,GENERATED,,P1 产出面 (^|/)results(/|$) ∧ P2 数据形态 .csv
实验/healpix-polar/results/t4_pole_full.csv,1090,csv,EXP-healpix-polar,GENERATED,,P1 产出面 (^|/)results(/|$) ∧ P2 数据形态 .csv
实验/healpix-polar/results/t5_eq17.csv,1090,csv,EXP-healpix-polar,GENERATED,,P1 产出面 (^|/)results(/|$) ∧ P2 数据形态 .csv
实验/healpix-polar/results/t5_eqc.csv,1090,csv,EXP-healpix-polar,GENERATED,,P1 产出面 (^|/)results(/|$) ∧ P2 数据形态 .csv
实验/healpix-polar/results/t5_tri.csv,1090,csv,EXP-healpix-polar,GENERATED,,P1 产出面 (^|/)results(/|$) ∧ P2 数据形态 .csv
实验/healpix-polar/results/t7_prod_cross.csv,1090,csv,EXP-healpix-polar,GENERATED,,P1 产出面 (^|/)results(/|$) ∧ P2 数据形态 .csv
实验/healpix-polar/run_all.sh,73,sh,EXP-healpix-polar,HUMAN,EXP-healpix-polar-002,默认保留（非产出面或非数据形态）
实验/m42-realdata/README.md,248,md,EXP-m42-realdata,HUMAN,EXP-m42-realdata-001,默认保留（非产出面或非数据形态）
实验/m42-realdata/REPORT_paper.md,215,md,EXP-m42-realdata,HUMAN,EXP-m42-realdata-001,默认保留（非产出面或非数据形态）
实验/m42-realdata/code/c1_photometry.py,430,py,EXP-m42-realdata,HUMAN,EXP-m42-realdata-001,默认保留（非产出面或非数据形态）
实验/m42-realdata/code/c2_absolute_snr.py,456,py,EXP-m42-realdata,HUMAN,EXP-m42-realdata-001,默认保留（非产出面或非数据形态）
实验/m42-realdata/code/c3_seam_additive.py,383,py,EXP-m42-realdata,HUMAN,EXP-m42-realdata-001,默认保留（非产出面或非数据形态）
实验/m42-realdata/code/c4_leaf_allocation.py,327,py,EXP-m42-realdata,HUMAN,EXP-m42-realdata-001,默认保留（非产出面或非数据形态）
实验/m42-realdata/code/m42_common.py,251,py,EXP-m42-realdata,HUMAN,EXP-m42-realdata-001,默认保留（非产出面或非数据形态）
实验/m42-realdata/code/run_all.sh,25,sh,EXP-m42-realdata,HUMAN,EXP-m42-realdata-001,默认保留（非产出面或非数据形态）
实验/m42-realdata/code/seam_criterion.py,105,py,EXP-m42-realdata,HUMAN,EXP-m42-realdata-001,默认保留（非产出面或非数据形态）
实验/m42-realdata/docs/CRITERIA.md,314,md,EXP-m42-realdata,HUMAN,EXP-m42-realdata-001,默认保留（非产出面或非数据形态）
实验/m42-realdata/docs/DATA-SOURCES.md,60,md,EXP-m42-realdata,HUMAN,EXP-m42-realdata-001,默认保留（非产出面或非数据形态）
实验/m42-realdata/results/SNAPSHOT.sha256,15,sha256,EXP-m42-realdata,GENERATED,,A1 裁定（采 GEN-2）: results/ 是实验结果面（实验/README.md:7「结果与判据表（results/）」）；本件是面内读数，G1 的 P2 白名单无 .txt/.sha256 ⇒ 漏判。
实验/m42-realdata/results/c1_photometry.json,1849,json,EXP-m42-realdata,GENERATED,,P1 产出面 (^|/)results(/|$) ∧ P2 数据形态 .json
实验/m42-realdata/results/c2_absolute_snr.json,629,json,EXP-m42-realdata,GENERATED,,P1 产出面 (^|/)results(/|$) ∧ P2 数据形态 .json
实验/m42-realdata/results/c3_seam_additive.json,1315,json,EXP-m42-realdata,GENERATED,,P1 产出面 (^|/)results(/|$) ∧ P2 数据形态 .json
实验/m42-realdata/results/c4_leaf_allocation.json,682,json,EXP-m42-realdata,GENERATED,,P1 产出面 (^|/)results(/|$) ∧ P2 数据形态 .json
实验/photometric-magnitude/README.md,609,md,EXP-photometric-magnitude,HUMAN,EXP-photometric-magnitude-002,默认保留（非产出面或非数据形态）
实验/photometric-magnitude/REPORT_experiment.md,225,md,EXP-photometric-magnitude,HUMAN,EXP-photometric-magnitude-001,默认保留（非产出面或非数据形态）
实验/photometric-magnitude/REPORT_paper.md,241,md,EXP-photometric-magnitude,HUMAN,EXP-photometric-magnitude-001,默认保留（非产出面或非数据形态）
实验/photometric-magnitude/RESOLUTION_m42_curve_resolve.md,300,md,EXP-photometric-magnitude,HUMAN,EXP-photometric-magnitude-001,默认保留（非产出面或非数据形态）
实验/photometric-magnitude/code/.gitignore,2,gitignore,EXP-photometric-magnitude,HUMAN,EXP-photometric-magnitude-001,默认保留（非产出面或非数据形态）
实验/photometric-magnitude/code/README.md,86,md,EXP-photometric-magnitude,HUMAN,EXP-photometric-magnitude-002,默认保留（非产出面或非数据形态）
实验/photometric-magnitude/code/gaia_xp_dump.c,55,c,EXP-photometric-magnitude,HUMAN,EXP-photometric-magnitude-002,默认保留（非产出面或非数据形态）
实验/photometric-magnitude/code/redo/README.md,14,md,EXP-photometric-magnitude,HUMAN,EXP-photometric-magnitude-002,默认保留（非产出面或非数据形态）
实验/photometric-magnitude/code/redo/route1/REPORT_route1.md,343,md,EXP-photometric-magnitude,HUMAN,EXP-photometric-magnitude-002,默认保留（非产出面或非数据形态）
实验/photometric-magnitude/code/redo/route1/exp1_robust_constants.py,194,py,EXP-photometric-magnitude,HUMAN,EXP-photometric-magnitude-002,默认保留（非产出面或非数据形态）
实验/photometric-magnitude/code/redo/route1/exp2_mag_window_match.py,180,py,EXP-photometric-magnitude,HUMAN,EXP-photometric-magnitude-001,默认保留（非产出面或非数据形态）
实验/photometric-magnitude/code/redo/route1/exp3_fov_ladder.py,149,py,EXP-photometric-magnitude,HUMAN,EXP-photometric-magnitude-001,默认保留（非产出面或非数据形态）
实验/photometric-magnitude/code/redo/route1/exp4_spatial_gain.py,121,py,EXP-photometric-magnitude,HUMAN,EXP-photometric-magnitude-001,默认保留（非产出面或非数据形态）
实验/photometric-magnitude/code/redo/route1/exp5_integration_gates.py,195,py,EXP-photometric-magnitude,HUMAN,EXP-photometric-magnitude-002,默认保留（非产出面或非数据形态）
实验/photometric-magnitude/code/redo/route2/REPORT_route2.md,274,md,EXP-photometric-magnitude,HUMAN,EXP-photometric-magnitude-002,默认保留（非产出面或非数据形态）
实验/photometric-magnitude/code/redo/route2/exp1_robust_constants.py,210,py,EXP-photometric-magnitude,HUMAN,EXP-photometric-magnitude-001,默认保留（非产出面或非数据形态）
实验/photometric-magnitude/code/redo/route2/exp2_mag_prefilter.py,154,py,EXP-photometric-magnitude,HUMAN,EXP-photometric-magnitude-002,默认保留（非产出面或非数据形态）
实验/photometric-magnitude/code/redo/route2/exp3_adaptive_ladder.py,115,py,EXP-photometric-magnitude,HUMAN,EXP-photometric-magnitude-001,默认保留（非产出面或非数据形态）
实验/photometric-magnitude/code/redo/route2/exp4_fov_geometry.py,137,py,EXP-photometric-magnitude,HUMAN,EXP-photometric-magnitude-001,默认保留（非产出面或非数据形态）
实验/photometric-magnitude/code/redo/route2/exp5_match_radius.py,111,py,EXP-photometric-magnitude,HUMAN,EXP-photometric-magnitude-001,默认保留（非产出面或非数据形态）
实验/photometric-magnitude/code/redo/route2/exp6_sigma_kappa.py,88,py,EXP-photometric-magnitude,HUMAN,EXP-photometric-magnitude-001,默认保留（非产出面或非数据形态）
实验/photometric-magnitude/code/redo/route2/exp7_spatial_bound.py,89,py,EXP-photometric-magnitude,HUMAN,EXP-photometric-magnitude-002,默认保留（非产出面或非数据形态）
实验/photometric-magnitude/code/redo/route2/exp8_fsyn_forward.py,175,py,EXP-photometric-magnitude,HUMAN,EXP-photometric-magnitude-002,默认保留（非产出面或非数据形态）
实验/photometric-magnitude/code/redo/route3/REPORT_route3.md,233,md,EXP-photometric-magnitude,HUMAN,EXP-photometric-magnitude-001,默认保留（非产出面或非数据形态）
实验/photometric-magnitude/code/redo/route3/exp_S00_anchor_verification.py,110,py,EXP-photometric-magnitude,HUMAN,EXP-photometric-magnitude-002,默认保留（非产出面或非数据形态）
实验/photometric-magnitude/code/redo/route3/exp_S01_tukey_c.py,131,py,EXP-photometric-magnitude,HUMAN,EXP-photometric-magnitude-002,默认保留（非产出面或非数据形态）
实验/photometric-magnitude/code/redo/route3/exp_S02_mad_consistency.py,102,py,EXP-photometric-magnitude,HUMAN,EXP-photometric-magnitude-002,默认保留（非产出面或非数据形态）
实验/photometric-magnitude/code/redo/route3/exp_S03_irls_convergence.py,118,py,EXP-photometric-magnitude,HUMAN,EXP-photometric-magnitude-001,默认保留（非产出面或非数据形态）
实验/photometric-magnitude/code/redo/route3/exp_S04_mag_tolerance.py,132,py,EXP-photometric-magnitude,HUMAN,EXP-photometric-magnitude-001,默认保留（非产出面或非数据形态）
实验/photometric-magnitude/code/redo/route3/exp_S05_gates_inlier.py,123,py,EXP-photometric-magnitude,HUMAN,EXP-photometric-magnitude-001,默认保留（非产出面或非数据形态）
实验/photometric-magnitude/code/redo/route3/exp_S06_fsyn_lambda_simpson.py,150,py,EXP-photometric-magnitude,HUMAN,EXP-photometric-magnitude-002,默认保留（非产出面或非数据形态）
实验/photometric-magnitude/code/redo/route3/exp_S07_fov_constants.py,97,py,EXP-photometric-magnitude,HUMAN,EXP-photometric-magnitude-001,默认保留（非产出面或非数据形态）
实验/photometric-magnitude/code/redo/route3/exp_S08_ladder.py,161,py,EXP-photometric-magnitude,HUMAN,EXP-photometric-magnitude-002,默认保留（非产出面或非数据形态）
实验/photometric-magnitude/code/redo/route3/exp_S09_mag_minmax.py,100,py,EXP-photometric-magnitude,HUMAN,EXP-photometric-magnitude-002,默认保留（非产出面或非数据形态）
实验/photometric-magnitude/code/redo/route3/exp_S10_match_radius.py,94,py,EXP-photometric-magnitude,HUMAN,EXP-photometric-magnitude-001,默认保留（非产出面或非数据形态）
实验/photometric-magnitude/code/redo/route3/exp_S11_zp_sample_floor.py,93,py,EXP-photometric-magnitude,HUMAN,EXP-photometric-magnitude-002,默认保留（非产出面或非数据形态）
实验/photometric-magnitude/code/redo/route3/exp_S12_dex_bound.py,90,py,EXP-photometric-magnitude,HUMAN,EXP-photometric-magnitude-002,默认保留（非产出面或非数据形态）
实验/photometric-magnitude/code/redo/run_all.sh,29,sh,EXP-photometric-magnitude,HUMAN,EXP-photometric-magnitude-002,默认保留（非产出面或非数据形态）
实验/photometric-magnitude/code/redteam/rt_gate_attribution.py,83,py,EXP-photometric-magnitude,HUMAN,EXP-photometric-magnitude-001,默认保留（非产出面或非数据形态）
实验/photometric-magnitude/code/reverse_verify/p1_spatial_gain/README.md,70,md,EXP-photometric-magnitude,HUMAN,EXP-photometric-magnitude-001,默认保留（非产出面或非数据形态）
实验/photometric-magnitude/code/reverse_verify/p1_spatial_gain/build_oracle.sh,16,sh,EXP-photometric-magnitude,HUMAN,EXP-photometric-magnitude-001,默认保留（非产出面或非数据形态）
实验/photometric-magnitude/code/reverse_verify/p1_spatial_gain/cpp/p1sg_oracle.cpp,518,cpp,EXP-photometric-magnitude,HUMAN,EXP-photometric-magnitude-001,默认保留（非产出面或非数据形态）
实验/photometric-magnitude/code/reverse_verify/p1_spatial_gain/src/analyze_real.py,118,py,EXP-photometric-magnitude,HUMAN,EXP-photometric-magnitude-002,默认保留（非产出面或非数据形态）
实验/photometric-magnitude/code/reverse_verify/p1_spatial_gain/src/aperture_probe.py,94,py,EXP-photometric-magnitude,HUMAN,EXP-photometric-magnitude-001,默认保留（非产出面或非数据形态）
实验/photometric-magnitude/code/reverse_verify/p1_spatial_gain/src/real_gain.py,515,py,EXP-photometric-magnitude,HUMAN,EXP-photometric-magnitude-002,默认保留（非产出面或非数据形态）
实验/photometric-magnitude/code/reverse_verify/p1_spatial_gain/src/real_pixel_check.py,177,py,EXP-photometric-magnitude,HUMAN,EXP-photometric-magnitude-001,默认保留（非产出面或非数据形态）
实验/photometric-magnitude/code/reverse_verify/p1_spatial_gain/src/real_ridge.py,163,py,EXP-photometric-magnitude,HUMAN,EXP-photometric-magnitude-001,默认保留（非产出面或非数据形态）
实验/photometric-magnitude/code/reverse_verify/p1_spatial_gain/src/wcs_lib.py,93,py,EXP-photometric-magnitude,HUMAN,EXP-photometric-magnitude-001,默认保留（非产出面或非数据形态）
实验/photometric-magnitude/code/run_all.sh,56,sh,EXP-photometric-magnitude,HUMAN,EXP-photometric-magnitude-002,默认保留（非产出面或非数据形态）
实验/photometric-magnitude/code/scia_calib.py,285,py,EXP-photometric-magnitude,HUMAN,EXP-photometric-magnitude-001,默认保留（非产出面或非数据形态）
实验/photometric-magnitude/code/scia_common.py,706,py,EXP-photometric-magnitude,HUMAN,EXP-photometric-magnitude-001,默认保留（非产出面或非数据形态）
实验/photometric-magnitude/code/scia_gaia.py,114,py,EXP-photometric-magnitude,HUMAN,EXP-photometric-magnitude-002,默认保留（非产出面或非数据形态）
实验/photometric-magnitude/code/scia_pipeline.py,109,py,EXP-photometric-magnitude,HUMAN,EXP-photometric-magnitude-001,默认保留（非产出面或非数据形态）
实验/photometric-magnitude/code/scia_sim.py,310,py,EXP-photometric-magnitude,HUMAN,EXP-photometric-magnitude-001,默认保留（非产出面或非数据形态）
实验/photometric-magnitude/code/step0_fetch_refs.sh,33,sh,EXP-photometric-magnitude,HUMAN,EXP-photometric-magnitude-001,默认保留（非产出面或非数据形态）
实验/photometric-magnitude/code/step1_analytic.py,235,py,EXP-photometric-magnitude,HUMAN,EXP-photometric-magnitude-002,默认保留（非产出面或非数据形态）
实验/photometric-magnitude/code/step2_hst_sim.py,184,py,EXP-photometric-magnitude,HUMAN,EXP-photometric-magnitude-001,默认保留（非产出面或非数据形态）
实验/photometric-magnitude/code/step3_forward_vs_photflam.py,293,py,EXP-photometric-magnitude,HUMAN,EXP-photometric-magnitude-002,默认保留（非产出面或非数据形态）
实验/photometric-magnitude/code/step4_guided_vs_blind.py,121,py,EXP-photometric-magnitude,HUMAN,EXP-photometric-magnitude-002,默认保留（非产出面或非数据形态）
实验/photometric-magnitude/code/step5_calibration_gate.py,231,py,EXP-photometric-magnitude,HUMAN,EXP-photometric-magnitude-002,默认保留（非产出面或非数据形态）
实验/photometric-magnitude/code/step6_apply_and_units.py,208,py,EXP-photometric-magnitude,HUMAN,EXP-photometric-magnitude-002,默认保留（非产出面或非数据形态）
实验/photometric-magnitude/code/step7_negatives.py,355,py,EXP-photometric-magnitude,HUMAN,EXP-photometric-magnitude-001,默认保留（非产出面或非数据形态）
实验/photometric-magnitude/code/step8_real_frame.py,201,py,EXP-photometric-magnitude,HUMAN,EXP-photometric-magnitude-001,默认保留（非产出面或非数据形态）
实验/photometric-magnitude/code/step9_collect.py,395,py,EXP-photometric-magnitude,HUMAN,EXP-photometric-magnitude-002,默认保留（非产出面或非数据形态）
实验/photometric-magnitude/docs/DISPUTES.md,137,md,EXP-photometric-magnitude,HUMAN,EXP-photometric-magnitude-002,默认保留（非产出面或非数据形态）
实验/photometric-magnitude/docs/PHOTOMETRY_LITERATURE_REVIEW_ARCHIVE.md,242,md,EXP-photometric-magnitude,HUMAN,EXP-photometric-magnitude-002,默认保留（非产出面或非数据形态）
实验/photometric-magnitude/docs/derivation_robust_weights.md,96,md,EXP-photometric-magnitude,HUMAN,EXP-photometric-magnitude-002,默认保留（非产出面或非数据形态）
实验/photometric-magnitude/docs/fsyn_convention.md,158,md,EXP-photometric-magnitude,HUMAN,EXP-photometric-magnitude-001,默认保留（非产出面或非数据形态）
实验/photometric-magnitude/docs/p1-spatial-gain.md,500,md,EXP-photometric-magnitude,HUMAN,EXP-photometric-magnitude-001,默认保留（非产出面或非数据形态）
实验/photometric-magnitude/refs.md,129,md,EXP-photometric-magnitude,HUMAN,EXP-photometric-magnitude-002,默认保留（非产出面或非数据形态）
实验/photometric-magnitude/results/DOC_CORRECTIONS.md,180,md,EXP-photometric-magnitude,HUMAN,EXP-photometric-magnitude-002,默认保留（非产出面或非数据形态）
实验/photometric-magnitude/results/GATES.md,17,md,EXP-photometric-magnitude,HUMAN,EXP-photometric-magnitude-002,默认保留（非产出面或非数据形态）
实验/photometric-magnitude/results/REVERSE_VERIFY_CANON.md,40,md,EXP-photometric-magnitude,HUMAN,EXP-photometric-magnitude-001,默认保留（非产出面或非数据形态）
实验/photometric-magnitude/results/REVIEW.md,541,md,EXP-photometric-magnitude,HUMAN,EXP-photometric-magnitude-002,默认保留（非产出面或非数据形态）
实验/photometric-magnitude/results/gates.json,98,json,EXP-photometric-magnitude,GENERATED,,P1 产出面 (^|/)results(/|$) ∧ P2 数据形态 .json
实验/photometric-magnitude/results/redo/route1/exp1_robust_constants.json,116,json,EXP-photometric-magnitude,GENERATED,,P1 产出面 (^|/)results(/|$) ∧ P2 数据形态 .json
实验/photometric-magnitude/results/redo/route1/exp2_mag_window_match.json,272,json,EXP-photometric-magnitude,GENERATED,,P1 产出面 (^|/)results(/|$) ∧ P2 数据形态 .json
实验/photometric-magnitude/results/redo/route1/exp3_fov_ladder.json,164,json,EXP-photometric-magnitude,GENERATED,,P1 产出面 (^|/)results(/|$) ∧ P2 数据形态 .json
实验/photometric-magnitude/results/redo/route1/exp4_spatial_gain.json,121,json,EXP-photometric-magnitude,GENERATED,,P1 产出面 (^|/)results(/|$) ∧ P2 数据形态 .json
实验/photometric-magnitude/results/redo/route1/exp5_integration_gates.json,123,json,EXP-photometric-magnitude,GENERATED,,P1 产出面 (^|/)results(/|$) ∧ P2 数据形态 .json
实验/photometric-magnitude/results/redo/route2/exp1_robust_constants.json,129,json,EXP-photometric-magnitude,GENERATED,,P1 产出面 (^|/)results(/|$) ∧ P2 数据形态 .json
实验/photometric-magnitude/results/redo/route2/exp2_mag_prefilter.json,57,json,EXP-photometric-magnitude,GENERATED,,P1 产出面 (^|/)results(/|$) ∧ P2 数据形态 .json
实验/photometric-magnitude/results/redo/route2/exp3_adaptive_ladder.json,153,json,EXP-photometric-magnitude,GENERATED,,P1 产出面 (^|/)results(/|$) ∧ P2 数据形态 .json
实验/photometric-magnitude/results/redo/route2/exp4_fov_geometry.json,82,json,EXP-photometric-magnitude,GENERATED,,P1 产出面 (^|/)results(/|$) ∧ P2 数据形态 .json
实验/photometric-magnitude/results/redo/route2/exp5_match_radius.json,67,json,EXP-photometric-magnitude,GENERATED,,P1 产出面 (^|/)results(/|$) ∧ P2 数据形态 .json
实验/photometric-magnitude/results/redo/route2/exp6_sigma_kappa.json,56,json,EXP-photometric-magnitude,GENERATED,,P1 产出面 (^|/)results(/|$) ∧ P2 数据形态 .json
实验/photometric-magnitude/results/redo/route2/exp7_spatial_bound.json,50,json,EXP-photometric-magnitude,GENERATED,,P1 产出面 (^|/)results(/|$) ∧ P2 数据形态 .json
实验/photometric-magnitude/results/redo/route2/exp8_fsyn_forward.json,46,json,EXP-photometric-magnitude,GENERATED,,P1 产出面 (^|/)results(/|$) ∧ P2 数据形态 .json
实验/photometric-magnitude/results/redo/route3/exp_S00_anchor_verification.json,206,json,EXP-photometric-magnitude,GENERATED,,P1 产出面 (^|/)results(/|$) ∧ P2 数据形态 .json
实验/photometric-magnitude/results/redo/route3/exp_S01_tukey_c.json,45,json,EXP-photometric-magnitude,GENERATED,,P1 产出面 (^|/)results(/|$) ∧ P2 数据形态 .json
实验/photometric-magnitude/results/redo/route3/exp_S02_mad_consistency.json,55,json,EXP-photometric-magnitude,GENERATED,,P1 产出面 (^|/)results(/|$) ∧ P2 数据形态 .json
实验/photometric-magnitude/results/redo/route3/exp_S03_irls_convergence.json,40,json,EXP-photometric-magnitude,GENERATED,,P1 产出面 (^|/)results(/|$) ∧ P2 数据形态 .json
实验/photometric-magnitude/results/redo/route3/exp_S04_mag_tolerance.json,63,json,EXP-photometric-magnitude,GENERATED,,P1 产出面 (^|/)results(/|$) ∧ P2 数据形态 .json
实验/photometric-magnitude/results/redo/route3/exp_S05_gates_inlier.json,44,json,EXP-photometric-magnitude,GENERATED,,P1 产出面 (^|/)results(/|$) ∧ P2 数据形态 .json
实验/photometric-magnitude/results/redo/route3/exp_S06_fsyn_lambda_simpson.json,61,json,EXP-photometric-magnitude,GENERATED,,P1 产出面 (^|/)results(/|$) ∧ P2 数据形态 .json
实验/photometric-magnitude/results/redo/route3/exp_S07_fov_constants.json,251,json,EXP-photometric-magnitude,GENERATED,,P1 产出面 (^|/)results(/|$) ∧ P2 数据形态 .json
实验/photometric-magnitude/results/redo/route3/exp_S08_ladder.json,73,json,EXP-photometric-magnitude,GENERATED,,P1 产出面 (^|/)results(/|$) ∧ P2 数据形态 .json
实验/photometric-magnitude/results/redo/route3/exp_S09_mag_minmax.json,32,json,EXP-photometric-magnitude,GENERATED,,P1 产出面 (^|/)results(/|$) ∧ P2 数据形态 .json
实验/photometric-magnitude/results/redo/route3/exp_S10_match_radius.json,316,json,EXP-photometric-magnitude,GENERATED,,P1 产出面 (^|/)results(/|$) ∧ P2 数据形态 .json
实验/photometric-magnitude/results/redo/route3/exp_S11_zp_sample_floor.json,54,json,EXP-photometric-magnitude,GENERATED,,P1 产出面 (^|/)results(/|$) ∧ P2 数据形态 .json
实验/photometric-magnitude/results/redo/route3/exp_S12_dex_bound.json,49,json,EXP-photometric-magnitude,GENERATED,,P1 产出面 (^|/)results(/|$) ∧ P2 数据形态 .json
实验/photometric-magnitude/results/redo_summary.json,36,json,EXP-photometric-magnitude,GENERATED,,P1 产出面 (^|/)results(/|$) ∧ P2 数据形态 .json
实验/photometric-magnitude/results/reverse_verify/p1_spatial_gain/data/aperture_probe.json,107,json,EXP-photometric-magnitude,GENERATED,,P1 产出面 (^|/)results(/|$) ∧ P2 数据形态 .json
实验/photometric-magnitude/results/reverse_verify/p1_spatial_gain/data/real_analysis.json,1148,json,EXP-photometric-magnitude,GENERATED,,P1 产出面 (^|/)results(/|$) ∧ P2 数据形态 .json
实验/photometric-magnitude/results/reverse_verify/p1_spatial_gain/data/real_gain.json,40486,json,EXP-photometric-magnitude,GENERATED,,P1 产出面 (^|/)results(/|$) ∧ P2 数据形态 .json
实验/photometric-magnitude/results/reverse_verify/p1_spatial_gain/data/real_pixel_check.json,365,json,EXP-photometric-magnitude,GENERATED,,P1 产出面 (^|/)results(/|$) ∧ P2 数据形态 .json
实验/photometric-magnitude/results/reverse_verify/p1_spatial_gain/data/real_ridge.json,16039,json,EXP-photometric-magnitude,GENERATED,,P1 产出面 (^|/)results(/|$) ∧ P2 数据形态 .json
实验/photometric-magnitude/results/reverse_verify/p1_spatial_gain/data/synth_results.json,9196,json,EXP-photometric-magnitude,GENERATED,,P1 产出面 (^|/)results(/|$) ∧ P2 数据形态 .json
实验/photometric-magnitude/results/step1_analytic.json,230,json,EXP-photometric-magnitude,GENERATED,,P1 产出面 (^|/)results(/|$) ∧ P2 数据形态 .json
实验/photometric-magnitude/results/step2_hst_sim.json,113,json,EXP-photometric-magnitude,GENERATED,,P1 产出面 (^|/)results(/|$) ∧ P2 数据形态 .json
实验/photometric-magnitude/results/step3_forward_vs_photflam.json,2363,json,EXP-photometric-magnitude,GENERATED,,P1 产出面 (^|/)results(/|$) ∧ P2 数据形态 .json
实验/photometric-magnitude/results/step4_guided_vs_blind.json,331,json,EXP-photometric-magnitude,GENERATED,,P1 产出面 (^|/)results(/|$) ∧ P2 数据形态 .json
实验/photometric-magnitude/results/step5_calibration_gate.json,524,json,EXP-photometric-magnitude,GENERATED,,P1 产出面 (^|/)results(/|$) ∧ P2 数据形态 .json
实验/photometric-magnitude/results/step6_apply_and_units.json,99,json,EXP-photometric-magnitude,GENERATED,,P1 产出面 (^|/)results(/|$) ∧ P2 数据形态 .json
实验/photometric-magnitude/results/step7_negatives.json,321,json,EXP-photometric-magnitude,GENERATED,,P1 产出面 (^|/)results(/|$) ∧ P2 数据形态 .json
实验/photometric-magnitude/results/step8_real_frame.json,1032,json,EXP-photometric-magnitude,GENERATED,,P1 产出面 (^|/)results(/|$) ∧ P2 数据形态 .json
实验/shared/REVERSE_VERIFY_MIGRATION.md,104,md,EXP-shared,HUMAN,EXP-shared-001,默认保留（非产出面或非数据形态）
实验/shared/data/README.md,84,md,EXP-shared,HUMAN,EXP-shared-001,默认保留（非产出面或非数据形态）
实验/shared/data/real/README.md,117,md,EXP-shared,HUMAN,EXP-shared-001,默认保留（非产出面或非数据形态）
实验/shared/data/real/m16_scene_index.json,754,json,EXP-shared,GENERATED,,A1 裁定（采 GEN-2）: 本件自带 generated_by: [实验/shared/synthetic/m16_mask.py, m16_scene.py, exp_a6_seeing_aperture.py] 与 generated_at ⇒ 内容可由具名脚本再产出。
实验/shared/data/synthetic/before_stackn32/CHANGES.md,44,md,EXP-shared,HUMAN,EXP-shared-001,默认保留（非产出面或非数据形态）
实验/shared/data/synthetic/before_stackn32/scenes/m16_band_matrix.json,117,json,EXP-shared,HUMAN,EXP-shared-001,默认保留（非产出面或非数据形态）
实验/shared/data/synthetic/before_stackn32/scenes/m16_dark_lowsnr.json,93,json,EXP-shared,HUMAN,EXP-shared-001,默认保留（非产出面或非数据形态）
实验/shared/data/synthetic/before_stackn32/scenes/m16_nebula_core.json,93,json,EXP-shared,HUMAN,EXP-shared-001,默认保留（非产出面或非数据形态）
实验/shared/data/synthetic/before_stackn32/scenes/m16_starfield.json,93,json,EXP-shared,HUMAN,EXP-shared-001,默认保留（非产出面或非数据形态）
实验/shared/data/synthetic/datasets.json,234,json,EXP-shared,HUMAN,EXP-shared-001,默认保留（非产出面或非数据形态）
实验/shared/data/synthetic/generate.py,105,py,EXP-shared,HUMAN,EXP-shared-001,默认保留（非产出面或非数据形态）
实验/shared/references/REVERSE_VERIFY_BIBLIOGRAPHY.md,333,md,EXP-shared,HUMAN,EXP-shared-001,默认保留（非产出面或非数据形态）
实验/shared/references/reverse_verify_bibliography.bib,501,bib,EXP-shared,HUMAN,EXP-shared-001,默认保留（非产出面或非数据形态）
实验/shared/synthetic/.gitkeep,0,gitkeep,EXP-shared,HUMAN,EXP-shared-001,默认保留（非产出面或非数据形态）
实验/shared/synthetic/README.md,120,md,EXP-shared,HUMAN,EXP-shared-001,默认保留（非产出面或非数据形态）
实验/shared/synthetic/gainlib.py,241,py,EXP-shared,HUMAN,EXP-shared-001,默认保留（非产出面或非数据形态）
实验/shared/synthetic/m16_mask.py,592,py,EXP-shared,HUMAN,EXP-shared-001,默认保留（非产出面或非数据形态）
实验/shared/synthetic/m16_sampling.py,1484,py,EXP-shared,HUMAN,EXP-shared-001,默认保留（非产出面或非数据形态）
实验/shared/synthetic/m16_scene.py,897,py,EXP-shared,HUMAN,EXP-shared-001,默认保留（非产出面或非数据形态）
实验/shared/synthetic/noise_model.py,520,py,EXP-shared,HUMAN,EXP-shared-001,默认保留（非产出面或非数据形态）
实验/shared/synthetic/noise_selftest.py,1323,py,EXP-shared,HUMAN,EXP-shared-001,默认保留（非产出面或非数据形态）
实验/shared/synthetic/render.py,634,py,EXP-shared,HUMAN,EXP-shared-001,默认保留（非产出面或非数据形态）
实验/shared/synthetic/run_selftests.sh,91,sh,EXP-shared,HUMAN,EXP-shared-001,默认保留（非产出面或非数据形态）
实验/shared/synthetic/scenes/common_mode_overlap.json,81,json,EXP-shared,HUMAN,EXP-shared-001,P3 手写面豁免: (^|/)synthetic/scenes(/|$)
实验/shared/synthetic/scenes/high_sky_low_snr.json,59,json,EXP-shared,HUMAN,EXP-shared-001,P3 手写面豁免: (^|/)synthetic/scenes(/|$)
实验/shared/synthetic/scenes/hst_m16_realbase.json,86,json,EXP-shared,HUMAN,EXP-shared-001,P3 手写面豁免: (^|/)synthetic/scenes(/|$)
实验/shared/synthetic/scenes/m16_band_matrix.json,118,json,EXP-shared,HUMAN,EXP-shared-001,P3 手写面豁免: (^|/)synthetic/scenes(/|$)
实验/shared/synthetic/scenes/m16_dark_lowsnr.json,94,json,EXP-shared,HUMAN,EXP-shared-001,P3 手写面豁免: (^|/)synthetic/scenes(/|$)
实验/shared/synthetic/scenes/m16_nebula_core.json,94,json,EXP-shared,HUMAN,EXP-shared-001,P3 手写面豁免: (^|/)synthetic/scenes(/|$)
实验/shared/synthetic/scenes/m16_sampling_mosaic_diff_pointing.json,162,json,EXP-shared,HUMAN,EXP-shared-001,P3 手写面豁免: (^|/)synthetic/scenes(/|$)
实验/shared/synthetic/scenes/m16_sampling_mosaic_rotated.json,122,json,EXP-shared,HUMAN,EXP-shared-001,P3 手写面豁免: (^|/)synthetic/scenes(/|$)
实验/shared/synthetic/scenes/m16_sampling_overlap_common.json,121,json,EXP-shared,HUMAN,EXP-shared-001,P3 手写面豁免: (^|/)synthetic/scenes(/|$)
实验/shared/synthetic/scenes/m16_sampling_overlap_varying.json,150,json,EXP-shared,HUMAN,EXP-shared-001,P3 手写面豁免: (^|/)synthetic/scenes(/|$)
实验/shared/synthetic/scenes/m16_starfield.json,94,json,EXP-shared,HUMAN,EXP-shared-001,P3 手写面豁免: (^|/)synthetic/scenes(/|$)
实验/shared/synthetic/scenes/mosaic_diff_pointing_analytic.json,192,json,EXP-shared,HUMAN,EXP-shared-001,P3 手写面豁免: (^|/)synthetic/scenes(/|$)
实验/shared/synthetic/scenes/mosaic_diff_pointing_highsky.json,252,json,EXP-shared,HUMAN,EXP-shared-001,P3 手写面豁免: (^|/)synthetic/scenes(/|$)
实验/shared/synthetic/scenes/mosaic_diff_pointing_realbase.json,158,json,EXP-shared,HUMAN,EXP-shared-001,P3 手写面豁免: (^|/)synthetic/scenes(/|$)
实验/shared/synthetic/scenes/nebula_core_m42_analytic.json,122,json,EXP-shared,HUMAN,EXP-shared-001,P3 手写面豁免: (^|/)synthetic/scenes(/|$)
实验/shared/synthetic/scenes/nebula_core_m42_realbase.json,67,json,EXP-shared,HUMAN,EXP-shared-001,P3 手写面豁免: (^|/)synthetic/scenes(/|$)
实验/shared/synthetic/scenes/sparse_field.json,52,json,EXP-shared,HUMAN,EXP-shared-001,P3 手写面豁免: (^|/)synthetic/scenes(/|$)
实验/shared/synthetic/scenes/starfield_general.json,53,json,EXP-shared,HUMAN,EXP-shared-001,P3 手写面豁免: (^|/)synthetic/scenes(/|$)
实验/shared/synthetic/scenes/sweep_band.json,174,json,EXP-shared,HUMAN,EXP-shared-001,P3 手写面豁免: (^|/)synthetic/scenes(/|$)
实验/shared/synthetic/scenes/sweep_exposure.json,69,json,EXP-shared,HUMAN,EXP-shared-001,P3 手写面豁免: (^|/)synthetic/scenes(/|$)
实验/shared/synthetic/scenes/sweep_instrument.json,117,json,EXP-shared,HUMAN,EXP-shared-001,P3 手写面豁免: (^|/)synthetic/scenes(/|$)
实验/shared/synthetic/scenes/sweep_seeing.json,106,json,EXP-shared,HUMAN,EXP-shared-001,P3 手写面豁免: (^|/)synthetic/scenes(/|$)
实验/shared/synthetic/scenes/sweep_sky.json,107,json,EXP-shared,HUMAN,EXP-shared-001,P3 手写面豁免: (^|/)synthetic/scenes(/|$)
实验/shared/synthetic/synth_gain.py,386,py,EXP-shared,HUMAN,EXP-shared-001,默认保留（非产出面或非数据形态）
实验/裁决台账.md,425,md,EXP-ROOT,HUMAN,TAIL-EXP-001,默认保留（非产出面或非数据形态）
