类型,符号或键,位点,现行值,登记单位,机判档,条文命中
具名,calibration.dark_light_exposure_tolerance,eng/packaging/config/defaults.json:20,5,s,③未见于条文面,
具名,noise.variance_floor,eng/packaging/config/defaults.json:205,1e-12,ADU^2,③未见于条文面,
具名,photometry.irls_tolerance_dex,eng/packaging/config/defaults.json:583,1e-06,dex,③未见于条文面,
具名,sparse_snr.density,eng/packaging/config/defaults.json:681,null,点/度²,③未见于条文面,
具名,scalar_gate.rd,eng/packaging/config/defaults.json:722,null,unspecified,③未见于条文面,
具名,scalar_gate.trend,eng/packaging/config/defaults.json:733,null,unspecified,③未见于条文面,
具名,PTHREAD_MUTEX_RECURSIVE,eng/cmake/win32_pthread_shim/pthread.h:23,1,未标注,③未见于条文面,
具名,kMemoryBudgetPercentMin,eng/packaging/config/runtime_resources_generated.h.in:17,1,未标注,③未见于条文面,
具名,kMemoryBudgetPercentMax,eng/packaging/config/runtime_resources_generated.h.in:18,100,未标注,③未见于条文面,
具名,blk,eng/tools/quality/sparse_punch_probe.cpp:93,4096,未标注,③未见于条文面,
具名,AC_COMBINE_MEAN,lib/algorithms/calibration/include/astro_calibration.h:20,0,未标注,①条文含值,docs/algorithms/CALIBRATION_ALGORITHMS.md:102 combine==AC_COMBINE_MEAN(0):   cnt=|非 NaN|;
具名,AC_COMBINE_MEDIAN,lib/algorithms/calibration/include/astro_calibration.h:21,1,未标注,①条文含值,docs/algorithms/CALIBRATION_ALGORITHMS.md:101 combine==AC_COMBINE_MEDIAN(1): out = median(非 NaN)；全 NaN → NaN
具名,AC_METHOD_MEDIAN,lib/algorithms/calibration/include/astro_calibration.h:23,0,未标注,①条文含值,docs/algorithms/CALIBRATION_ALGORITHMS.md:238 method==AC_METHOD_MEDIAN(0): 5×5 邻域镜像反射索引（nx<0→−nx;
具名,AC_METHOD_BILINEAR,lib/algorithms/calibration/include/astro_calibration.h:24,1,未标注,①条文含值,docs/algorithms/CALIBRATION_ALGORITHMS.md:241 method==AC_METHOD_BILINEAR(1): **实际为 4 方向（上/下/左/右）最近
具名,AC_OK,lib/algorithms/calibration/include/astro_calibration.h:26,0,未标注,①条文含值,docs/algorithms/CALIBRATION_ALGORITHMS.md:317 | 错误码 | AC_OK=0、AC_ERR_PARAM=−1、AC_ERR_MEMORY=−2、AC_ERR_INTERNAL=−3；**
具名,AC_ERR_PARAM,lib/algorithms/calibration/include/astro_calibration.h:27,-1,未标注,②条文有名无值,"docs/algorithms/CALIBRATION_ALGORITHMS.md:121 tmp 空（全 NaN 帧）→ 返回 AC_ERR_PARAM, out 不写         # [219-221]"
具名,AC_ERR_MEMORY,lib/algorithms/calibration/include/astro_calibration.h:28,-2,未标注,①条文含值,docs/algorithms/COSMETIC_ALGORITHMS.md:227 `AC_ERR_PARAM(-1)`，否则恒 `AC_OK(0)`；`AC_ERR_MEMORY(-2)/
具名,AC_ERR_INTERNAL,lib/algorithms/calibration/include/astro_calibration.h:29,-3,未标注,①条文含值,"docs/algorithms/COSMETIC_ALGORITHMS.md:228 AC_ERR_INTERNAL(-3)` **定义但从未返回**（无 extern ""C"" 异常屏障，"
具名,AC_COLSTAT_OK,lib/algorithms/calibration/include/astro_calibration.h:33,0,未标注,③未见于条文面,
具名,AC_COLSTAT_SCALE_DEGENERATE,lib/algorithms/calibration/include/astro_calibration.h:34,1,未标注,③未见于条文面,
具名,AC_COLSTAT_FRAME_TOO_SMALL,lib/algorithms/calibration/include/astro_calibration.h:35,2,未标注,③未见于条文面,
具名,AC_COLSTAT_EDGE_ONE_SIDED,lib/algorithms/calibration/include/astro_calibration.h:36,4,未标注,③未见于条文面,
具名,AC_COLSTAT_NO_ANCHOR,lib/algorithms/calibration/include/astro_calibration.h:37,8,未标注,③未见于条文面,
具名,AC_COLSTAT_MASK_CLEAN,lib/algorithms/calibration/include/astro_calibration.h:49,0,未标注,③未见于条文面,
具名,AC_COLSTAT_MASK_REPAIRED,lib/algorithms/calibration/include/astro_calibration.h:50,1,未标注,③未见于条文面,
具名,AC_COLSTAT_MASK_WIDE,lib/algorithms/calibration/include/astro_calibration.h:51,2,未标注,③未见于条文面,
具名,AC_COLSTAT_SRC_SCIENCE,lib/algorithms/calibration/include/astro_calibration.h:191,1u,未标注,③未见于条文面,
具名,AC_COLSTAT_SRC_DARK,lib/algorithms/calibration/include/astro_calibration.h:192,2u,未标注,③未见于条文面,
具名,AC_COLSTAT_SRC_BIAS,lib/algorithms/calibration/include/astro_calibration.h:193,4u,未标注,③未见于条文面,
具名,AC_COLSTAT_CONF_HIGH,lib/algorithms/calibration/include/astro_calibration.h:195,3u,未标注,③未见于条文面,
具名,AC_COLSTAT_CONF_MEDIUM,lib/algorithms/calibration/include/astro_calibration.h:196,2u,未标注,③未见于条文面,
具名,AC_COLSTAT_CONF_LOW,lib/algorithms/calibration/include/astro_calibration.h:197,1u,未标注,③未见于条文面,
具名,ASTROCS_CAL_ABI_VERSION,lib/algorithms/calibration/include/astrocs/calibration/types.h:21,1u,未标注,③未见于条文面,
具名,ASTROCS_CAL_PLAN_VERSION,lib/algorithms/calibration/include/astrocs/calibration/types.h:28,1,未标注,③未见于条文面,
具名,ASTROCS_CAL_CONFIG_SCHEMA_VER,lib/algorithms/calibration/include/astrocs/calibration/types.h:29,1,未标注,③未见于条文面,
具名,ASTROCS_CAL_ECODE_NONE,lib/algorithms/calibration/include/astrocs/calibration/types.h:96,0u,未标注,③未见于条文面,
具名,ASTROCS_CAL_ECODE_OP_UNKNOWN,lib/algorithms/calibration/include/astrocs/calibration/types.h:97,100u,未标注,③未见于条文面,
具名,ASTROCS_CAL_ECODE_PARAM_MISSING,lib/algorithms/calibration/include/astrocs/calibration/types.h:98,101u,未标注,③未见于条文面,
具名,ASTROCS_CAL_ECODE_PARAM_TYPE,lib/algorithms/calibration/include/astrocs/calibration/types.h:99,102u,未标注,③未见于条文面,
具名,ASTROCS_CAL_ECODE_PARAM_RANGE,lib/algorithms/calibration/include/astrocs/calibration/types.h:100,103u,未标注,③未见于条文面,
具名,ASTROCS_CAL_ECODE_PLAN_FAIL,lib/algorithms/calibration/include/astrocs/calibration/types.h:101,104u,未标注,③未见于条文面,
具名,ASTROCS_CAL_ECODE_EXECUTOR_MISSING,lib/algorithms/calibration/include/astrocs/calibration/types.h:102,105u,未标注,③未见于条文面,
具名,ASTROCS_CAL_ECODE_MANIFEST_MISSING,lib/algorithms/calibration/include/astrocs/calibration/types.h:103,110u,未标注,③未见于条文面,
具名,ASTROCS_CAL_ECODE_MANIFEST_DIMS,lib/algorithms/calibration/include/astrocs/calibration/types.h:104,111u,未标注,③未见于条文面,
具名,ASTROCS_CAL_ECODE_B64_INVALID,lib/algorithms/calibration/include/astrocs/calibration/types.h:105,112u,未标注,③未见于条文面,
具名,ASTROCS_CAL_ECODE_LEGACY_REJECT,lib/algorithms/calibration/include/astrocs/calibration/types.h:106,120u,未标注,③未见于条文面,
具名,ASTROCS_CAL_ECODE_EXCEPTION,lib/algorithms/calibration/include/astrocs/calibration/types.h:107,130u,未标注,③未见于条文面,
具名,AC_COLSTAT_OK,lib/algorithms/calibration/src/cosmetic_corrector.cpp:287,0,未标注,③未见于条文面,
具名,AC_COLSTAT_SCALE_DEGENERATE,lib/algorithms/calibration/src/cosmetic_corrector.cpp:288,1,未标注,③未见于条文面,
具名,AC_COLSTAT_FRAME_TOO_SMALL,lib/algorithms/calibration/src/cosmetic_corrector.cpp:289,2,未标注,③未见于条文面,
具名,AC_COLSTAT_EDGE_ONE_SIDED,lib/algorithms/calibration/src/cosmetic_corrector.cpp:290,4,未标注,③未见于条文面,
具名,AC_COLSTAT_NO_ANCHOR,lib/algorithms/calibration/src/cosmetic_corrector.cpp:291,8,未标注,③未见于条文面,
具名,AC_COLSTAT_MIN_NEIGHBORS,lib/algorithms/calibration/src/cosmetic_corrector.cpp:294,2,未标注,③未见于条文面,
具名,sigma_d,lib/algorithms/calibration/src/cosmetic_corrector.cpp:369,1.482602218505602,未标注,②条文有名无值,"docs/contracts/API_CONTRACTS.csv:317 API-collect_candidates,collect_candidates,lib/algorithms/platesolve/cp"
具名,inv,lib/algorithms/calibration/src/cosmetic_corrector.cpp:498,1.0,未标注,③未见于条文面,
具名,thr,lib/algorithms/calibration/src/dark_optimizer.cpp:138,3.0,未标注,③未见于条文面,
具名,GRID,lib/algorithms/calibration/src/dark_optimizer.cpp:147,8,未标注,①条文含值,docs/algorithms/NOISE_ESTIMATION.md:36 grid 8×8 patches
具名,PER_CELL,lib/algorithms/calibration/src/dark_optimizer.cpp:148,1000,未标注,③未见于条文面,
具名,MAX_TOTAL,lib/algorithms/calibration/src/dark_optimizer.cpp:149,50000,未标注,③未见于条文面,
具名,thr,lib/algorithms/calibration/src/dark_optimizer.cpp:285,3.0,未标注,③未见于条文面,
具名,k_sigma,lib/algorithms/calibration/src/master_generator.cpp:76,1.482602218505602,未标注,①条文含值,docs/algorithms/CALIBRATION_ALGORITHMS.md:87 σ    = 1.482602218505602·mad                        # k_sigma [76]
具名,ACS_CAL_MAX_STACK,lib/algorithms/calibration/src/module_entry.cpp:300,64,未标注,③未见于条文面,
具名,kFlatFloor,lib/algorithms/calibration/src/v6_calibration_covariance.cpp:64,0.1,未标注,③未见于条文面,
具名,kSharedDetectionEps,lib/algorithms/calibration/src/v6_calibration_covariance.cpp:66,1e-9,未标注,③未见于条文面,
具名,j_r,lib/algorithms/calibration/src/v6_calibration_covariance.cpp:318,1.0,未标注,③未见于条文面,
具名,ASTROCS_COS_ABI_VERSION,lib/algorithms/cosmetic/include/astrocs/cosmetic/types.h:23,1u,未标注,③未见于条文面,
具名,ASTROCS_COS_PLAN_VERSION,lib/algorithms/cosmetic/include/astrocs/cosmetic/types.h:30,1,未标注,③未见于条文面,
具名,ASTROCS_COS_CONFIG_SCHEMA_VER,lib/algorithms/cosmetic/include/astrocs/cosmetic/types.h:31,1,未标注,③未见于条文面,
具名,kMinOrder,lib/algorithms/coverage/hips_properties.h:24,0,未标注,③未见于条文面,
具名,kHipsTileWidth,lib/algorithms/coverage/hips_properties.h:25,512,未标注,③未见于条文面,
具名,P2_REJECT_CLASS_COUNT,lib/algorithms/coverage/include/astro/phase2/rejection.h:479,7,未标注,③未见于条文面,
具名,P2_REJ_CALIB_BINMIN,lib/algorithms/coverage/include/astro/phase2/rejection.h:497,50u,未标注,③未见于条文面,
具名,P2_REJ_CALIB_ABS,lib/algorithms/coverage/include/astro/phase2/rejection.h:498,0.10,未标注,③未见于条文面,
具名,P2_REJ_CALIB_BSS_MIN,lib/algorithms/coverage/include/astro/phase2/rejection.h:499,0.10,未标注,③未见于条文面,
具名,P2_REJ_PROFILE_MOTION_MIN_PX,lib/algorithms/coverage/include/astro/phase2/rejection.h:504,0.5,未标注,③未见于条文面,
具名,P2_REJ_PROFILE_PSF_ANOMALY_MIN,lib/algorithms/coverage/include/astro/phase2/rejection.h:505,0.2,未标注,③未见于条文面,
具名,P2_REJ_PROFILE_CONTAM_PRIOR,lib/algorithms/coverage/include/astro/phase2/rejection.h:506,0.05,未标注,③未见于条文面,
具名,P2_REJ_PROFILE_OUTLIER_KAPPA,lib/algorithms/coverage/include/astro/phase2/rejection.h:507,4.0,未标注,③未见于条文面,
具名,P2_REJ_PROFILE_BIN_COUNT,lib/algorithms/coverage/include/astro/phase2/rejection.h:508,10u,未标注,③未见于条文面,
具名,P2_SMOOTHING_LAMBDA_AUTO,lib/algorithms/coverage/include/astro/phase2/stage2_common.h:30,0.1,未标注,③未见于条文面,
具名,grid,lib/algorithms/coverage/src/acr_kernels.cpp:148,8,未标注,①条文含值,docs/algorithms/NOISE_ESTIMATION.md:36 grid 8×8 patches
具名,fpmin,lib/algorithms/coverage/src/rejection.cpp:33,1e-300,未标注,③未见于条文面,
具名,m2,lib/algorithms/coverage/src/rejection.cpp:43,2,未标注,③未见于条文面,
具名,mid,lib/algorithms/coverage/src/rejection.cpp:92,0.5,未标注,③未见于条文面,
具名,plow,lib/algorithms/coverage/src/rejection.cpp:125,0.02425,未标注,②条文有名无值,docs/algorithms/PHASE2_REJECTION.md:51 | `plow/phigh` | percentile 判据带分数 | 无量纲（0.2 低 / 0.1 高），带宽 = 分数 × \|med
具名,r2,lib/algorithms/coverage/src/rejection.cpp:152,1.0,未标注,③未见于条文面,
具名,kRcrPi,lib/algorithms/coverage/src/rejection.cpp:173,3.1415926535897932384626434,未标注,③未见于条文面,
具名,total,lib/algorithms/coverage/src/rejection.cpp:752,0.682689,未标注,②条文有名无值,"docs/contracts/unified_object_registry.json:355 ""total"": 7,"
具名,span,lib/algorithms/coverage/src/rejection.cpp:758,0.317311,未标注,②条文有名无值,docs/algorithms/PHASE2_SESSION.md:112 2. **p2_session_validate**（:69-98）：纯读无 IO；span 空/null → PARAM
具名,sigma_new,lib/algorithms/coverage/src/rejection.cpp:1572,1.134,未标注,③未见于条文面,
具名,p,lib/algorithms/coverage/src/rejection.cpp:1776,1.0,未标注,③未见于条文面,
具名,kTileWidth,lib/algorithms/coverage/src/sampler.cpp:76,512,未标注,①条文含值,docs/algorithms/PHASE2_SAMPLER.md:47 | cell_side | tile 边长/G=64（kTileWidth=512） | leaf 像素 | sampler.cpp:76/
具名,kTileShift,lib/algorithms/coverage/src/sampler.cpp:77,9,未标注,①条文含值,docs/algorithms/PHASE2_SAMPLER.md:106 | kTileWidth/kTileShift | :75-76 | 512×512 tile，shift=log2(512)=9 |
具名,kSnrCatalogMax,lib/algorithms/coverage/src/sampler.cpp:78,1,未标注,②条文有名无值,docs/algorithms/PHASE2_SAMPLER.md:107 | kSnrCatalogMax | :78 | SNR catalogue 上限 65536 |
具名,kControlCorrDefault,lib/algorithms/coverage/src/sampler.cpp:83,1.4,未标注,①条文含值,docs/algorithms/PHASE2_SAMPLER.md:108 | kControlCorrDefault | :83 | k_corr 冻结保守默认 1.4 |
具名,kPiHalf,lib/algorithms/coverage/src/sampler.cpp:84,1.57079632679489661923,未标注,①条文含值,docs/algorithms/PHASE2_SAMPLER.md:305 - 常数权威：kPiHalf=1.57079632679489661923（:84）；k_corr 默认 1.4（:83）；
具名,w0,lib/algorithms/coverage/src/sampler.cpp:111,1.0,未标注,③未见于条文面,
具名,maxn,lib/algorithms/coverage/src/sampler.cpp:406,1,未标注,③未见于条文面,
具名,leaf_shift,lib/algorithms/coverage/src/sampler.cpp:546,9,未标注,③未见于条文面,
具名,s1,lib/algorithms/coverage/src/sampler.cpp:859,1.482602218505602,未标注,③未见于条文面,
具名,S,lib/algorithms/coverage/src/sampler.cpp:1040,1.482602218505602,未标注,③未见于条文面,
具名,kPi,lib/algorithms/coverage/src/sky_plane.cpp:50,3.14159265358979323846,未标注,③未见于条文面,
具名,kMadToSigma,lib/algorithms/coverage/src/sky_plane.cpp:51,1.482602218505602,未标注,③未见于条文面,
具名,kPiHalf,lib/algorithms/coverage/src/sky_plane.cpp:52,1.57079632679489661923,未标注,①条文含值,docs/algorithms/PHASE2_SAMPLER.md:305 - 常数权威：kPiHalf=1.57079632679489661923（:84）；k_corr 默认 1.4（:83）；
具名,upper,lib/algorithms/coverage/src/sky_plane.cpp:419,0.5,未标注,②条文有名无值,docs/algorithms/PHASE2_MOSAIC_WRITE.md:119 underdetermined_n、sigma lower/upper/max_iterations、chunk 偏移 p0、
具名,c,lib/algorithms/coverage/src/sky_plane.cpp:636,0.5,未标注,③未见于条文面,
具名,c,lib/algorithms/coverage/src/sky_plane.cpp:637,0.5,未标注,③未见于条文面,
具名,support_floor,lib/algorithms/coverage/src/sky_plane.cpp:715,1e-9,未标注,③未见于条文面,
具名,eps,lib/algorithms/coverage/src/sky_plane.cpp:1553,1e-9,未标注,③未见于条文面,
具名,eps,lib/algorithms/coverage/src/sky_plane.cpp:1620,1e-9,未标注,③未见于条文面,
具名,kRankRtolFrozen,lib/algorithms/coverage/src/upm.cpp:61,1e-10,未标注,③未见于条文面,
具名,tile_shift,lib/algorithms/coverage/src/upm.cpp:321,9,未标注,①条文含值,docs/algorithms/HEALPIX_MAPPING.md:25 tile_shift=9；mask=(1<<18)-1；nested_local_to_xy 单调。
具名,max_cg,lib/algorithms/coverage/src/upm.cpp:680,200,未标注,①条文含值,"docs/algorithms/PHASE2_UPM_IMPL.md:198 C 更新（固定 M，逐帧 CG）: cg_solve_frame (:663-720, max_cg=200 :667)"
具名,kStallPatience,lib/algorithms/coverage/src/upm.cpp:732,5,未标注,①条文含值,docs/algorithms/PHASE2_UPM_IMPL.md:402 `kStallPatience=5`（upm.cpp:719）、`kObjImproveFloor=1e-12`（upm.cpp:720）。
具名,kObjImproveFloor,lib/algorithms/coverage/src/upm.cpp:733,1e-12,未标注,①条文含值,docs/algorithms/PHASE2_UPM_IMPL.md:402 `kStallPatience=5`（upm.cpp:719）、`kObjImproveFloor=1e-12`（upm.cpp:720）。
具名,tile_shift,lib/algorithms/coverage/src/upm.cpp:1921,9,未标注,①条文含值,docs/algorithms/HEALPIX_MAPPING.md:25 tile_shift=9；mask=(1<<18)-1；nested_local_to_xy 单调。
具名,tile_shift,lib/algorithms/coverage/src/upm.cpp:1955,9,未标注,①条文含值,docs/algorithms/HEALPIX_MAPPING.md:25 tile_shift=9；mask=(1<<18)-1；nested_local_to_xy 单调。
具名,tile_shift,lib/algorithms/coverage/src/upm.cpp:2060,9,未标注,①条文含值,docs/algorithms/HEALPIX_MAPPING.md:25 tile_shift=9；mask=(1<<18)-1；nested_local_to_xy 单调。
具名,kLeafPx,lib/algorithms/coverage/src/upm.cpp:2061,512,未标注,①条文含值,docs/algorithms/PHASE2_UPM_IMPL.md:401 `kLeafPx=512²`、跨 tile 邻接 link_rad=1.6×cell_dist、dense/sparse 等价 1e-12、
具名,kChunk,lib/algorithms/coverage/src/upm.cpp:2062,16,未标注,①条文含值,docs/algorithms/PHASE2_UPM_IMPL.md:262 - **materialize 固定块结构**：kChunk=16（:1407），frame 外层升序 +
具名,kMaPiHalf,lib/algorithms/coverage/src/upm.cpp:2232,1.57079632679489661923132169163975144209858469968755,未标注,③未见于条文面,
具名,kMaKCcorrFrozenInDomain,lib/algorithms/coverage/src/upm.cpp:2233,1.4,未标注,③未见于条文面,
具名,max_sweeps,lib/algorithms/coverage/src/upm.cpp:2266,200,未标注,③未见于条文面,
具名,c,lib/algorithms/coverage/src/upm.cpp:2284,1.0,未标注,③未见于条文面,
具名,kTileWidth,lib/algorithms/coverage/tools/calibrated_pair_diag.cpp:40,512,未标注,①条文含值,docs/algorithms/PHASE2_SAMPLER.md:47 | cell_side | tile 边长/G=64（kTileWidth=512） | leaf 像素 | sampler.cpp:76/
具名,kTileShift,lib/algorithms/coverage/tools/calibrated_pair_diag.cpp:41,9,未标注,①条文含值,docs/algorithms/PHASE2_SAMPLER.md:106 | kTileWidth/kTileShift | :75-76 | 512×512 tile，shift=log2(512)=9 |
具名,kLeafOrder,lib/algorithms/coverage/tools/calibrated_pair_diag.cpp:42,7,未标注,③未见于条文面,
具名,kSeamBandDeg,lib/algorithms/coverage/tools/calibrated_pair_diag.cpp:43,0.25,未标注,③未见于条文面,
具名,kSmallFloor,lib/algorithms/coverage/tools/calibrated_pair_diag.cpp:44,1e-5,未标注,③未见于条文面,
具名,bin_deg,lib/algorithms/coverage/tools/calibrated_pair_diag.cpp:86,0.5,未标注,③未见于条文面,
具名,kAcrWeightModeIvar,lib/algorithms/coverage/tools/stage2.cpp:67,2,未标注,③未见于条文面,
具名,maxn,lib/algorithms/coverage/tools/stage2.cpp:88,1,未标注,③未见于条文面,
具名,nside,lib/algorithms/coverage/tools/stage2.cpp:752,1,未标注,①条文含值,docs/algorithms/DRIZZLE_GEOMETRY.md:117 exp_c_realdata.json` C3 段：nside=512/1024 × 181 档纬度扫描，最坏 1.0441/1.0442，
具名,grid,lib/algorithms/coverage/tools/stage2.cpp:1105,8,未标注,①条文含值,docs/algorithms/NOISE_ESTIMATION.md:36 grid 8×8 patches
具名,n_leaf,lib/algorithms/drizzle/healpix_drizzle/astro_sphere_sink.cpp:104,512,未标注,①条文含值,docs/algorithms/PHASE2_MOSAIC_WRITE.md:71 `n_leaf = 512×512 = 262144`（:526）；
具名,n_leaf,lib/algorithms/drizzle/healpix_drizzle/astro_sphere_sink.cpp:329,512,未标注,①条文含值,docs/algorithms/PHASE2_MOSAIC_WRITE.md:71 `n_leaf = 512×512 = 262144`（:526）；
具名,std_parent_count,lib/algorithms/drizzle/healpix_drizzle/astro_sphere_sink.cpp:334,12,未标注,③未见于条文面,
具名,M_PI,lib/algorithms/drizzle/healpix_drizzle/drizzle_engine.cpp:28,3.14159265358979323846,未标注,③未见于条文面,
具名,kMaxTraceLeaves,lib/algorithms/drizzle/healpix_drizzle/drizzle_engine.cpp:163,20000,未标注,③未见于条文面,
具名,D2R,lib/algorithms/drizzle/healpix_drizzle/drizzle_engine.cpp:348,0.017453292519943295769,未标注,③未见于条文面,
具名,ADAPTIVE_MAX_DEPTH,lib/algorithms/drizzle/healpix_drizzle/drizzle_engine.cpp:394,5,未标注,③未见于条文面,
具名,ADAPTIVE_RATIO_THRESH,lib/algorithms/drizzle/healpix_drizzle/drizzle_engine.cpp:395,1.25,未标注,③未见于条文面,
具名,ADAPTIVE_MIN_CELL_PX,lib/algorithms/drizzle/healpix_drizzle/drizzle_engine.cpp:396,4.0,未标注,③未见于条文面,
具名,NSIDE_MIN,lib/algorithms/drizzle/healpix_drizzle/drizzle_engine.cpp:662,16,未标注,①条文含值,"docs/algorithms/DRIZZLE_GEOMETRY.md:158 → 0 由调用方兜底（:697-701）；钳位 `[NSIDE_MIN, NSIDE_MAX] = [16, 4194304=2^22]`"
具名,NSIDE_MAX,lib/algorithms/drizzle/healpix_drizzle/drizzle_engine.cpp:663,4194304,未标注,①条文含值,"docs/algorithms/DRIZZLE_GEOMETRY.md:158 → 0 由调用方兜底（:697-701）；钳位 `[NSIDE_MIN, NSIDE_MAX] = [16, 4194304=2^22]`"
具名,margin,lib/algorithms/drizzle/healpix_drizzle/drizzle_engine.cpp:680,0.5,未标注,③未见于条文面,
具名,dh,lib/algorithms/drizzle/healpix_drizzle/drizzle_engine.cpp:681,0.5,未标注,③未见于条文面,
具名,SQRT_SQRT3,lib/algorithms/drizzle/healpix_drizzle/drizzle_engine.cpp:1035,1.3160740129524924,未标注,③未见于条文面,
具名,D_EW_HALF_FACTOR,lib/algorithms/drizzle/healpix_drizzle/drizzle_engine.cpp:1037,1.0,未标注,③未见于条文面,
具名,kMinRows,lib/algorithms/drizzle/healpix_drizzle/drizzle_engine.cpp:1688,16,未标注,③未见于条文面,
具名,kMaxStripes,lib/algorithms/drizzle/healpix_drizzle/drizzle_engine.cpp:1689,256,未标注,③未见于条文面,
具名,THRESH_60ARCSEC,lib/algorithms/drizzle/healpix_drizzle/drizzle_engine.cpp:1897,60.0,未标注,③未见于条文面,
具名,tid,lib/algorithms/drizzle/healpix_drizzle/drizzle_engine.cpp:1928,0,未标注,③未见于条文面,
具名,t,lib/algorithms/drizzle/healpix_drizzle/drizzle_engine.cpp:2259,0,未标注,③未见于条文面,
具名,FITS_BLOCK_SIZE,lib/algorithms/drizzle/healpix_drizzle/fits_reader.cpp:21,2880,未标注,③未见于条文面,
具名,FITS_CARD_SIZE,lib/algorithms/drizzle/healpix_drizzle/fits_reader.cpp:22,80,未标注,③未见于条文面,
具名,DEG2RAD,lib/algorithms/drizzle/healpix_drizzle/fits_reader.cpp:361,0.017453292519943295769,未标注,③未见于条文面,
具名,HP_MAX_SNR_POINTS,lib/algorithms/drizzle/healpix_drizzle/hp_drizzle_api.cpp:37,10000000,未标注,③未见于条文面,
具名,DEG2RAD,lib/algorithms/drizzle/healpix_drizzle/hp_drizzle_api.cpp:439,0.017453292519943295769,未标注,③未见于条文面,
具名,NANOFLANN_NODE_ALIGNMENT,lib/algorithms/drizzle/healpix_drizzle/nanoflann.hpp:129,16,未标注,③未见于条文面,
具名,WORDSIZE,lib/algorithms/drizzle/healpix_drizzle/nanoflann.hpp:897,16,未标注,③未见于条文面,
具名,BLOCKSIZE,lib/algorithms/drizzle/healpix_drizzle/nanoflann.hpp:898,8192,未标注,③未见于条文面,
具名,count,lib/algorithms/drizzle/healpix_drizzle/nanoflann.hpp:1000,1,未标注,①条文含值,docs/algorithms/HIPS_WRITER.md:386 | DISP-HIPS-011 | 低 | hierarchy 空 acc（count 全 0 的父 cell）照写全 NaN tile（:
具名,UNROLL,lib/algorithms/drizzle/healpix_drizzle/nanoflann.hpp:1499,4,未标注,③未见于条文面,
具名,SAVE_MAGIC,lib/algorithms/drizzle/healpix_drizzle/nanoflann.hpp:1639,0,未标注,③未见于条文面,
具名,kMinBalanceRebuild,lib/algorithms/drizzle/healpix_drizzle/nanoflann.hpp:2831,4,未标注,③未见于条文面,
具名,kBulkInsertFraction,lib/algorithms/drizzle/healpix_drizzle/nanoflann.hpp:2834,0.5,未标注,③未见于条文面,
具名,rebuild_growth,lib/algorithms/drizzle/healpix_drizzle/nanoflann.hpp:3710,1.3,未标注,③未见于条文面,
具名,max_leaf,lib/algorithms/drizzle/healpix_drizzle/nanoflann.hpp:3960,10,未标注,③未见于条文面,
具名,leaf_max_size,lib/algorithms/drizzle/healpix_drizzle/nanoflann.hpp:3997,10,未标注,③未见于条文面,
具名,M_PI,lib/algorithms/drizzle/healpix_drizzle/poly_clip.cpp:8,3.14159265358979323846,未标注,③未见于条文面,
具名,BIG,lib/algorithms/drizzle/healpix_drizzle/poly_clip.cpp:63,1e6,未标注,③未见于条文面,
具名,area,lib/algorithms/drizzle/healpix_drizzle/poly_clip.cpp:282,0.5,未标注,②条文有名无值,docs/algorithms/DRIZZLE_GEOMETRY.md:96 aio_hips_writer finalize_tile（variance = var_num_sum/area²，
具名,kBound,lib/algorithms/drizzle/healpix_drizzle/reverse_drizzle.cpp:198,1e9,未标注,③未见于条文面,
具名,npix_total,lib/algorithms/drizzle/healpix_drizzle/reverse_drizzle.cpp:330,12,未标注,③未见于条文面,
具名,src_scale_rad,lib/algorithms/drizzle/healpix_drizzle/reverse_drizzle.cpp:362,0.5,未标注,③未见于条文面,
具名,M_PI,lib/algorithms/drizzle/healpix_drizzle/snr_evaluator.cpp:20,3.14159265358979323846,未标注,③未见于条文面,
具名,D2R,lib/algorithms/drizzle/healpix_drizzle/snr_evaluator.cpp:28,0.017453292519943295769,未标注,③未见于条文面,
具名,R2D,lib/algorithms/drizzle/healpix_drizzle/snr_evaluator.cpp:29,57.2957795130823208768,未标注,③未见于条文面,
具名,DEFAULT_KNN,lib/algorithms/drizzle/healpix_drizzle/snr_evaluator.h:113,16,未标注,③未见于条文面,
具名,HP_CIRCUMRADIUS_FACTOR,lib/algorithms/drizzle/healpix_drizzle/spherical_overlap.cpp:42,1.25,未标注,①条文含值,docs/algorithms/DRIZZLE_GEOMETRY.md:114 （HP_CIRCUMRADIUS_FACTOR=1.25，:42）。**系数依据（可判定上界）**：HEALPix 单元的
具名,PI,lib/algorithms/drizzle/healpix_drizzle/spherical_overlap.cpp:80,3.14159265358979323846,未标注,③未见于条文面,
具名,TWO_PI,lib/algorithms/drizzle/healpix_drizzle/spherical_overlap.cpp:81,2.0,未标注,③未见于条文面,
具名,RAD2DEG,lib/algorithms/drizzle/healpix_drizzle/spherical_overlap.cpp:84,180.0,未标注,③未见于条文面,
具名,RAD_TO_ARCSEC,lib/algorithms/drizzle/healpix_drizzle/spherical_overlap.cpp:86,180.0,未标注,③未见于条文面,
具名,HP_ADAPTIVE_MAX_DEPTH,lib/algorithms/drizzle/healpix_drizzle/spherical_overlap.cpp:558,8,未标注,③未见于条文面,
具名,WCS_ADAPTIVE_MAX_DEPTH,lib/algorithms/drizzle/healpix_drizzle/spherical_overlap.cpp:859,12,未标注,③未见于条文面,
具名,inside_tol,lib/algorithms/drizzle/healpix_drizzle/spherical_overlap.cpp:1227,1e-12,未标注,③未见于条文面,
具名,kArcsecToRad,lib/algorithms/drizzle/healpix_drizzle/v6_spherical_overlap.cpp:19,3.14159265358979323846,未标注,③未见于条文面,
具名,kMaxInvalidAreaHits,lib/algorithms/drizzle/healpix_drizzle/v6_spherical_overlap.h:62,0,未标注,③未见于条文面,
具名,M_PI,lib/algorithms/drizzle/healpix_drizzle/wcs_sip.cpp:9,3.14159265358979323846,未标注,③未见于条文面,
具名,R2D,lib/algorithms/drizzle/healpix_drizzle/wcs_sip.cpp:18,180.0,未标注,③未见于条文面,
具名,ASTROCS_HIPS_PUBLISH_ABI_VERSION,lib/algorithms/drizzle/hips/include/astrocs/hips/publish.h:42,1u,未标注,③未见于条文面,
具名,ASTROCS_HIPS_MODULE_VERSION,lib/algorithms/drizzle/hips/include/astrocs/hips/types.h:28,1u,未标注,③未见于条文面,
具名,ASTROCS_HIPS_ABI_VERSION,lib/algorithms/drizzle/hips/include/astrocs/hips/types.h:29,1u,未标注,③未见于条文面,
具名,ASTROCS_HIPS_CONFIG_SCHEMA_VER,lib/algorithms/drizzle/hips/include/astrocs/hips/types.h:42,1u,未标注,③未见于条文面,
具名,ASTROCS_HIPS_PLAN_VERSION,lib/algorithms/drizzle/hips/include/astrocs/hips/types.h:45,1u,未标注,③未见于条文面,
具名,PUBLISH_PATH_MAX,lib/algorithms/drizzle/hips/src/aio_publish.cpp:38,1024,未标注,③未见于条文面,
具名,_POSIX_C_SOURCE,lib/algorithms/drizzle/hips/src/module_entry.cpp:28,200809L,未标注,③未见于条文面,
具名,count,lib/algorithms/drizzle/hips/src/module_entry.cpp:210,0,未标注,①条文含值,"docs/algorithms/GAIA_QUERY.md:141 spectrum_start/step/count 取自 XPSD XML <Data parameters=""..."">（缺省 0，"
具名,ASTROCS_DRIZZLE_MODULE_VERSION,lib/algorithms/drizzle/include/astrocs/drizzle/types.h:24,1u,未标注,③未见于条文面,
具名,ASTROCS_DRIZZLE_ABI_VERSION,lib/algorithms/drizzle/include/astrocs/drizzle/types.h:25,1u,未标注,③未见于条文面,
具名,ASTROCS_DRIZZLE_CONFIG_SCHEMA_VER,lib/algorithms/drizzle/include/astrocs/drizzle/types.h:34,1u,未标注,③未见于条文面,
具名,ASTROCS_DRIZZLE_PLAN_VERSION,lib/algorithms/drizzle/include/astrocs/drizzle/types.h:37,1u,未标注,③未见于条文面,
具名,_POSIX_C_SOURCE,lib/algorithms/drizzle/src/module_entry.cpp:22,200809L,未标注,③未见于条文面,
具名,count,lib/algorithms/drizzle/src/module_entry.cpp:198,0,未标注,①条文含值,"docs/algorithms/GAIA_QUERY.md:141 spectrum_start/step/count 取自 XPSD XML <Data parameters=""..."">（缺省 0，"
具名,DRZ_SIP_ORDER_MAX,lib/algorithms/drizzle/src/module_entry.cpp:721,5,未标注,③未见于条文面,
具名,kEpsPixivar,lib/algorithms/integration/v6/include/astrocs/v6/phase2_integrate.h:64,0.05,未标注,③未见于条文面,
具名,kEpsPixivarSup,lib/algorithms/integration/v6/include/astrocs/v6/phase2_integrate.h:65,0.20,未标注,③未见于条文面,
具名,kIdentRtol,lib/algorithms/integration/v6/include/astrocs/v6/phase2_integrate.h:66,1e-9,未标注,③未见于条文面,
具名,kSnrIdentRtol,lib/algorithms/integration/v6/include/astrocs/v6/phase2_integrate.h:67,1e-9,未标注,③未见于条文面,
具名,kCorrRatioMin,lib/algorithms/integration/v6/include/astrocs/v6/phase2_integrate.h:68,1.05,未标注,③未见于条文面,
具名,kEpsfRtol,lib/algorithms/integration/v6/include/astrocs/v6/phase2_integrate.h:69,1e-12,未标注,③未见于条文面,
具名,kCommonMin,lib/algorithms/integration/v6/include/astrocs/v6/phase2_integrate.h:70,3,未标注,③未见于条文面,
具名,kKCorrFrozen,lib/algorithms/integration/v6/include/astrocs/v6/phase2_integrate.h:71,1.4,未标注,③未见于条文面,
具名,kPi,lib/algorithms/integration/v6/src/phase2_integrate.cpp:43,3.14159265358979323846,未标注,③未见于条文面,
具名,var_f,lib/algorithms/integration/v6/src/phase2_integrate.cpp:917,1.0,未标注,③未见于条文面,
具名,n,lib/algorithms/integration/v6/src/phase2_integrate.cpp:1363,4,未标注,③未见于条文面,
具名,p_ii,lib/algorithms/integration/v6/src/variance_propagation.cpp:78,1.0,未标注,③未见于条文面,
具名,w,lib/algorithms/integration/v6/src/variance_propagation.cpp:203,1.0,未标注,③未见于条文面,
具名,correct,lib/algorithms/integration/v6/src/variance_propagation.cpp:215,1.0,未标注,②条文有名无值,ACCEPTANCE_SPEC.md:194 | 可行性 | 三命令退出码均为 0；阶段间只通过磁盘产品 + manifest + 哈希交接（唯一正本 = `ASTROCS_DESIGN
具名,naive,lib/algorithms/integration/v6/src/variance_propagation.cpp:216,1.0,未标注,③未见于条文面,
具名,kNodeReproductionTol,lib/algorithms/integration/v6/src/weight_chain.cpp:17,1e-9,未标注,③未见于条文面,
具名,w,lib/algorithms/integration/v6/src/weight_chain.cpp:107,1.0,未标注,③未见于条文面,
具名,b0,lib/algorithms/integration/v6/src/weight_chain.cpp:212,4.0,未标注,③未见于条文面,
具名,denom,lib/algorithms/integration/v6/src/weight_chain.cpp:216,4.0,未标注,②条文有名无值,docs/algorithms/CALIBRATION_ALGORITHMS.md:269 (denom<=1e-12)、RESIDUAL_NAN、RESIDUAL_ABNORMAL(残差σ≥yσ)、
具名,rhs,lib/algorithms/integration/v6/src/weight_chain.cpp:218,6.0,未标注,③未见于条文面,
具名,kStackCap,lib/algorithms/integration/v6/src/weight_chain.cpp:634,512,未标注,③未见于条文面,
具名,SNR_NOISE_CONFIG_ABI_VERSION,lib/algorithms/noise_snr/cpp/include/snr_estimator.h:23,1u,未标注,③未见于条文面,
具名,SNR_NOISE_MODEL_ABI_VERSION,lib/algorithms/noise_snr/cpp/include/snr_estimator.h:28,2u,未标注,③未见于条文面,
具名,SNR_SIGMA_SKY_UNSPECIFIED,lib/algorithms/noise_snr/cpp/include/snr_estimator.h:318,0,未标注,③未见于条文面,
具名,SNR_SIGMA_SKY_SHOT_ONLY,lib/algorithms/noise_snr/cpp/include/snr_estimator.h:319,1,未标注,③未见于条文面,
具名,SNR_SIGMA_SKY_EMPIRICAL_TOTAL_RMS,lib/algorithms/noise_snr/cpp/include/snr_estimator.h:320,2,未标注,③未见于条文面,
具名,SNR_SIP_MAX_ORDER,lib/algorithms/noise_snr/cpp/include/snr_estimator.h:427,5,未标注,③未见于条文面,
具名,SNR_SIP_COEFF_SIZE,lib/algorithms/noise_snr/cpp/include/snr_estimator.h:428,36,未标注,③未见于条文面,
具名,SNR_DROP_REASON_COUNT,lib/algorithms/noise_snr/cpp/include/snr_estimator.h:469,256,未标注,③未见于条文面,
具名,dinv,lib/algorithms/noise_snr/cpp/src/information_weight.cpp:158,1.0,未标注,③未见于条文面,
具名,M_PI,lib/algorithms/noise_snr/cpp/src/noise_model.cpp:28,3.14159265358979323846,未标注,③未见于条文面,
具名,kPlaneGeomRatio,lib/algorithms/noise_snr/cpp/src/noise_model.cpp:183,0.0625,未标注,①条文含值,docs/algorithms/NOISE_ESTIMATION.md:205 | DISP-NOISE-010 | 平面场启用判据 = **无量纲点云相对条件数**（中心化点云 Gram 特征值比 `λlo/λhi ≥
具名,lam_hi,lib/algorithms/noise_snr/cpp/src/noise_model.cpp:197,0.5,未标注,③未见于条文面,
具名,lam_lo,lib/algorithms/noise_snr/cpp/src/noise_model.cpp:198,0.5,未标注,③未见于条文面,
具名,kFitEpsScale,lib/algorithms/noise_snr/cpp/src/noise_model.cpp:324,8.0,未标注,③未见于条文面,
具名,f,lib/algorithms/noise_snr/cpp/src/noise_model.cpp:349,2.0,未标注,③未见于条文面,
具名,f,lib/algorithms/noise_snr/cpp/src/noise_model.cpp:354,2.0,未标注,③未见于条文面,
具名,kMaskDegraded,lib/algorithms/noise_snr/cpp/src/noise_model.cpp:644,2,未标注,③未见于条文面,
具名,mid,lib/algorithms/noise_snr/cpp/src/noise_model.cpp:901,0.5,未标注,③未见于条文面,
具名,ivar,lib/algorithms/noise_snr/cpp/src/noise_model.cpp:1387,1.0,未标注,②条文有名无值,ASTROCS_DESIGN.md:223 - signal / variance / ivar / source_snr / depth_m5 / frame_snr / point
具名,M_PI,lib/algorithms/noise_snr/cpp/src/snr_estimator.cpp:30,3.14159265358979323846,未标注,③未见于条文面,
具名,kMoffat4FwhmFactor,lib/algorithms/noise_snr/cpp/src/snr_estimator.cpp:40,1.230310,未标注,③未见于条文面,
具名,snr_phot,lib/algorithms/noise_snr/cpp/src/snr_estimator.cpp:161,1.0,未标注,②条文有名无值,docs/algorithms/GATES_AND_TOLERANCES.md:28 - **R5 SNR 统一**：凡门引用 SNR，必须使用 §2 已登记的定义（`SNR_peak` / `SNR_det`；`SNR_ph
具名,EPS2,lib/algorithms/noise_snr/cpp/src/snr_estimator.cpp:249,1e-6,未标注,③未见于条文面,
具名,snr_phot,lib/algorithms/noise_snr/cpp/src/snr_estimator.cpp:333,1.0,未标注,②条文有名无值,docs/algorithms/GATES_AND_TOLERANCES.md:28 - **R5 SNR 统一**：凡门引用 SNR，必须使用 §2 已登记的定义（`SNR_peak` / `SNR_det`；`SNR_ph
具名,EPS2,lib/algorithms/noise_snr/cpp/src/snr_estimator.cpp:418,1e-6,未标注,③未见于条文面,
具名,D2R,lib/algorithms/noise_snr/cpp/src/snr_estimator.cpp:510,0.017453292519943295769,未标注,③未见于条文面,
具名,R2D,lib/algorithms/noise_snr/cpp/src/snr_estimator.cpp:511,57.295779513082320877,未标注,③未见于条文面,
具名,kPi,lib/algorithms/noise_snr/cpp/src/snr_science.cpp:47,3.14159265358979323846,未标注,③未见于条文面,
具名,kGaussFwhmFactor,lib/algorithms/noise_snr/cpp/src/snr_science.cpp:50,2.3548200450309493,未标注,③未见于条文面,
具名,kMoffat4FwhmFactor,lib/algorithms/noise_snr/cpp/src/snr_science.cpp:54,1.230310,未标注,③未见于条文面,
具名,kTrimMeanToSigma,lib/algorithms/noise_snr/cpp/src/snr_science.cpp:56,0.7316727929211932,未标注,①条文含值,"docs/algorithms/STAR_PSF_ALGORITHMS.md:70 (kTrimMeanToSigma=0.7316727929211932, E[trimmed mean |r|]=0.731673σ, G"
具名,alpha2,lib/algorithms/noise_snr/cpp/src/snr_science.cpp:72,2.0,未标注,③未见于条文面,
具名,t,lib/algorithms/noise_snr/cpp/src/snr_science.cpp:80,1.0,未标注,③未见于条文面,
具名,v,lib/algorithms/noise_snr/cpp/src/snr_science.cpp:82,1.0,未标注,③未见于条文面,
具名,alpha2,lib/algorithms/noise_snr/cpp/src/snr_science.cpp:174,2.0,未标注,③未见于条文面,
具名,t,lib/algorithms/noise_snr/cpp/src/snr_science.cpp:189,1.0,未标注,③未见于条文面,
具名,val,lib/algorithms/noise_snr/cpp/src/snr_science.cpp:191,1.0,未标注,③未见于条文面,
具名,alpha2,lib/algorithms/noise_snr/cpp/src/snr_science.cpp:222,2.0,未标注,③未见于条文面,
具名,u,lib/algorithms/noise_snr/cpp/src/snr_science.cpp:223,1.0,未标注,③未见于条文面,
具名,f_in,lib/algorithms/noise_snr/cpp/src/snr_science.cpp:224,1.0,未标注,③未见于条文面,
具名,f5,lib/algorithms/noise_snr/cpp/src/snr_science.cpp:257,5.0,未标注,③未见于条文面,
具名,W,lib/algorithms/noise_snr/cpp/test/noise_model_science_test.cpp:41,256,未标注,③未见于条文面,
具名,fwhm,lib/algorithms/noise_snr/cpp/test/noise_model_science_test.cpp:59,3.0,未标注,②条文有名无值,ASTROCS_DESIGN.md:228 - PSF 拟合质量代理（FWHM、残差尺度等）只作诊断。
具名,r0,lib/algorithms/noise_snr/cpp/test/noise_model_science_test.cpp:62,12,未标注,③未见于条文面,
具名,alpha,lib/algorithms/noise_snr/cpp/test/noise_model_science_test.cpp:146,2.0,未标注,②条文有名无值,ACCEPTANCE_SPEC.md:33 三个创新点（最高设计 §2）各立一个自包含实验单元，alpha 发布前必须全部跑通并经独立审稿。**实验单元目录结构与报告八要素的唯一正本 
具名,W4,lib/algorithms/noise_snr/cpp/test/noise_model_science_test.cpp:208,512,未标注,③未见于条文面,
具名,gain,lib/algorithms/noise_snr/cpp/test/noise_model_science_test.cpp:243,1.5,未标注,②条文有名无值,ASTROCS_DESIGN.md:161 分离需要额外支撑先验（暗帧、平场对/光子转移曲线、可信 `GAIN`、多曝光）；秩的代数依据见
具名,sigma0,lib/algorithms/noise_snr/cpp/test/noise_model_science_test.cpp:277,3.0,未标注,③未见于条文面,
具名,W6,lib/algorithms/noise_snr/cpp/test/noise_model_science_test.cpp:279,512,未标注,③未见于条文面,
具名,expect,lib/algorithms/noise_snr/cpp/test/noise_model_science_test.cpp:356,5000.0,未标注,②条文有名无值,docs/ci/01_CHECKS.md:124 | CHK-TEST-DISCRIMINATIVE | 质量 | 空断言静态门：Python AST 扫 test_* 与 C++ 剥注释扫
具名,s1,lib/algorithms/noise_snr/cpp/test/noise_model_science_test.cpp:403,1.0,未标注,③未见于条文面,
具名,var_opt,lib/algorithms/noise_snr/cpp/test/noise_model_science_test.cpp:405,1.0,未标注,②条文有名无值,docs/contracts/DATA_SEMANTICS.md:551 | source / has_spatial_field / degenerate | uint8 标志 | — | source=0（em
具名,w1,lib/algorithms/noise_snr/cpp/test/noise_model_science_test.cpp:414,1.0,未标注,③未见于条文面,
具名,W,lib/algorithms/noise_snr/cpp/test/noise_model_science_test.cpp:521,256,未标注,③未见于条文面,
具名,n_stars,lib/algorithms/noise_snr/cpp/test/snr_reconcile_test.cpp:71,120,未标注,②条文有名无值,docs/algorithms/NOISE_ESTIMATION.md:201 | DISP-NOISE-006 | `source_mask` 与 `star_x/y` 掩膜通道互斥：source_mask 非 NUL
具名,sigma_residual,lib/algorithms/noise_snr/cpp/test/snr_reconcile_test.cpp:75,0.168,未标注,②条文有名无值,"docs/algorithms/PHOTOMETRIC_FIT.md:19 F4: sigma_residual = median_i(|r_i − location|)/0.6744897501960817, r_"
具名,ASTROCS_NOISE_MODULE_VERSION,lib/algorithms/noise_snr/include/astrocs/noise/types.h:31,1u,未标注,③未见于条文面,
具名,ASTROCS_NOISE_ABI_VERSION,lib/algorithms/noise_snr/include/astrocs/noise/types.h:32,1u,未标注,③未见于条文面,
具名,ASTROCS_NOISE_CONFIG_SCHEMA_VER,lib/algorithms/noise_snr/include/astrocs/noise/types.h:46,1u,未标注,③未见于条文面,
具名,ASTROCS_NOISE_PLAN_VERSION,lib/algorithms/noise_snr/include/astrocs/noise/types.h:49,1u,未标注,③未见于条文面,
具名,kQwRelTol,lib/algorithms/noise_snr/include/astrocs/v6/information_weight.h:30,1e-9,未标注,③未见于条文面,
具名,_POSIX_C_SOURCE,lib/algorithms/noise_snr/src/module_entry.cpp:40,200809L,未标注,③未见于条文面,
具名,kMinFitStars,lib/algorithms/photometry/cpp/src/frame_photometry_fit.h:89,3,未标注,③未见于条文面,
具名,avg,lib/algorithms/photometry/cpp/src/psfsw.cpp:115,0.5,未标注,③未见于条文面,
具名,kTukeyC,lib/algorithms/photometry/cpp/src/spatial_gain.cpp:40,4.685,未标注,③未见于条文面,
具名,kMadScale,lib/algorithms/photometry/cpp/src/spatial_gain.cpp:41,0.6744897501960817,未标注,③未见于条文面,
具名,kIrlsMaxIter,lib/algorithms/photometry/cpp/src/spatial_gain.cpp:42,50,未标注,③未见于条文面,
具名,kIrlsConverge,lib/algorithms/photometry/cpp/src/spatial_gain.cpp:44,1e-9,未标注,③未见于条文面,
具名,kMaxSpatialAmplitudeDex,lib/algorithms/photometry/cpp/src/spatial_gain.cpp:49,1.0,未标注,③未见于条文面,
具名,kFrameGridMaxSamples,lib/algorithms/photometry/cpp/src/spatial_gain.cpp:51,2000000,未标注,③未见于条文面,
具名,wl_step,lib/algorithms/photometry/cpp/src/spectrum_integrator.cpp:250,1.0,未标注,③未见于条文面,
具名,fill,lib/algorithms/photometry/cpp/src/spectrum_integrator.h:44,0.0,未标注,②条文有名无值,docs/algorithms/NOISE_ESTIMATION.md:45 for fill: 预测=a+b·x+c·y
具名,_MAD_SCALE,lib/algorithms/photometry/cpp/src/star_matcher.cpp:21,0.6744897501960817,未标注,①条文含值,docs/algorithms/PHOTOMETRIC_FIT.md:157 | 常量 | _MAD_SCALE=0.6744897501960817 / _TUKEY_C=4.685 / _IRLS_MAX_ITER
具名,_TUKEY_C,lib/algorithms/photometry/cpp/src/star_matcher.cpp:23,4.685,未标注,①条文含值,docs/algorithms/PHOTOMETRIC_FIT.md:157 | 常量 | _MAD_SCALE=0.6744897501960817 / _TUKEY_C=4.685 / _IRLS_MAX_ITER
具名,_IRLS_MAX_ITER,lib/algorithms/photometry/cpp/src/star_matcher.cpp:25,50,未标注,①条文含值,docs/algorithms/PHOTOMETRIC_FIT.md:135 **未收敛时的行为**：达 `_IRLS_MAX_ITER=50` 仍未收敛时按最后一次迭代值发布 `location`/`scale`（`
具名,_IRLS_CONVERGE,lib/algorithms/photometry/cpp/src/star_matcher.cpp:27,1e-6,未标注,①条文含值,docs/algorithms/PHOTOMETRIC_FIT.md:133 - location tol `1e-6`（IRLS 收敛判据 `_IRLS_CONVERGE`；定义 `star_matcher.cpp:
具名,M_PI,lib/algorithms/photometry/cpp/src/wcs_transform.cpp:13,3.14159265358979323846,未标注,③未见于条文面,
具名,R2D,lib/algorithms/photometry/cpp/src/wcs_transform.cpp:19,180.0,未标注,③未见于条文面,
具名,kSpectrumCount,lib/algorithms/photometry/cpp/test/gate4_dr3sp_gaiaxpy/fsyn_export.cpp:74,343,未标注,③未见于条文面,
具名,W,lib/algorithms/photometry/cpp/test/test_p0_pc_api_exception_barrier.cpp:44,8,未标注,③未见于条文面,
具名,kPlanckH,lib/algorithms/photometry/cpp/test/test_spectrum_integrator.cpp:47,6.62607015e-34,未标注,③未见于条文面,
具名,kSpeedC,lib/algorithms/photometry/cpp/test/test_spectrum_integrator.cpp:48,2.99792458e8,未标注,③未见于条文面,
具名,kBoltzK,lib/algorithms/photometry/cpp/test/test_spectrum_integrator.cpp:49,1.380649e-23,未标注,③未见于条文面,
具名,n_points,lib/algorithms/photometry/cpp/test/test_spectrum_integrator.cpp:72,343,未标注,②条文有名无值,docs/contracts/CONFIG_CONTRACT.md:81 | normalize（多块） | `eng/packaging/config/templates/normalize.phase_conf
具名,wl_start,lib/algorithms/photometry/cpp/test/test_spectrum_integrator.cpp:73,336.0,未标注,③未见于条文面,
具名,wl_step,lib/algorithms/photometry/cpp/test/test_spectrum_integrator.cpp:74,2.0,未标注,③未见于条文面,
具名,kMadToSigma,lib/algorithms/photometry/include/astrocs/v6/psfsw.h:42,1.482602218505602,未标注,③未见于条文面,
具名,kDepthMaxRelDev,lib/algorithms/photometry/include/astrocs/v6/psfsw.h:43,0.05,未标注,③未见于条文面,
具名,kDepthMinScanPoints,lib/algorithms/photometry/include/astrocs/v6/psfsw.h:44,5,未标注,③未见于条文面,
具名,kDepthMinSpanMag,lib/algorithms/photometry/include/astrocs/v6/psfsw.h:45,1.0,未标注,③未见于条文面,
具名,kDepthMaxAbsRho,lib/algorithms/photometry/include/astrocs/v6/psfsw.h:46,0.8,未标注,③未见于条文面,
具名,kNCommonMin,lib/algorithms/photometry/include/astrocs/v6/psfsw.h:47,3,未标注,③未见于条文面,
具名,kNCommonRobust,lib/algorithms/photometry/include/astrocs/v6/psfsw.h:48,10,未标注,③未见于条文面,
具名,kNCommonPreferred,lib/algorithms/photometry/include/astrocs/v6/psfsw.h:49,30,未标注,③未见于条文面,
具名,kNonuniformityMax,lib/algorithms/photometry/include/astrocs/v6/psfsw.h:50,0.30,未标注,③未见于条文面,
具名,kNonuniformityMaxLow,lib/algorithms/photometry/include/astrocs/v6/psfsw.h:51,0.20,未标注,③未见于条文面,
具名,kSpatialTrendMax,lib/algorithms/photometry/include/astrocs/v6/psfsw.h:52,0.10,未标注,③未见于条文面,
具名,kPowerLossMax,lib/algorithms/photometry/include/astrocs/v6/psfsw.h:53,0.05,未标注,③未见于条文面,
具名,kFluxBiasMax,lib/algorithms/photometry/include/astrocs/v6/psfsw.h:54,0.01,未标注,③未见于条文面,
具名,kWeightRangeMax,lib/algorithms/photometry/include/astrocs/v6/psfsw.h:55,100.0,未标注,③未见于条文面,
具名,kComponentFloor,lib/algorithms/photometry/include/astrocs/v6/psfsw.h:56,1e-12,未标注,③未见于条文面,
具名,kCompositeAlpha,lib/algorithms/photometry/include/astrocs/v6/psfsw.h:57,2.0,未标注,③未见于条文面,
具名,kCompositeBeta,lib/algorithms/photometry/include/astrocs/v6/psfsw.h:58,1.0,未标注,③未见于条文面,
具名,kCompositeGamma,lib/algorithms/photometry/include/astrocs/v6/psfsw.h:59,2.0,未标注,③未见于条文面,
具名,kCompositeDelta,lib/algorithms/photometry/include/astrocs/v6/psfsw.h:60,1.0,未标注,③未见于条文面,
具名,kCompositeCNorm,lib/algorithms/photometry/include/astrocs/v6/psfsw.h:61,1.0,未标注,③未见于条文面,
具名,kCompositeMedianRtol,lib/algorithms/photometry/include/astrocs/v6/psfsw.h:62,1e-9,未标注,③未见于条文面,
具名,kGroupMedianTarget,lib/algorithms/photometry/include/astrocs/v6/psfsw.h:63,1.0,未标注,③未见于条文面,
具名,IPV_PARAMS_ABI_VERSION,lib/algorithms/platesolve/cpp/ipv/include/ipv_api.h:76,2u,未标注,③未见于条文面,
具名,AT_MATCH_MINVOTES,lib/algorithms/platesolve/cpp/ipv/include/ipv_triangle.h:28,2,未标注,③未见于条文面,
具名,TWO_PI,lib/algorithms/platesolve/cpp/ipv/src/ipv_angle.cpp:45,2.0,未标注,③未见于条文面,
具名,TWO_PI,lib/algorithms/platesolve/cpp/ipv/src/ipv_angle.cpp:55,2.0,未标注,③未见于条文面,
具名,TWO_PI,lib/algorithms/platesolve/cpp/ipv/src/ipv_angle.cpp:70,2.0,未标注,③未见于条文面,
具名,RAD2DEG,lib/algorithms/platesolve/cpp/ipv/src/ipv_angle.cpp:188,180.0,未标注,③未见于条文面,
具名,inv_s,lib/algorithms/platesolve/cpp/ipv/src/ipv_distortion.cpp:97,1.0,未标注,③未见于条文面,
具名,max_irls_iter,lib/algorithms/platesolve/cpp/ipv/src/ipv_distortion.cpp:203,15,未标注,③未见于条文面,
具名,AT_MATCH_REQUIRE_LINEAR,lib/algorithms/platesolve/cpp/ipv/src/ipv_itertrans.cpp:42,3,未标注,③未见于条文面,
具名,AT_MATCH_STARTN_LINEAR,lib/algorithms/platesolve/cpp/ipv/src/ipv_itertrans.cpp:43,6,未标注,③未见于条文面,
具名,AT_MATCH_REQUIRE_QUADRATIC,lib/algorithms/platesolve/cpp/ipv/src/ipv_itertrans.cpp:44,6,未标注,③未见于条文面,
具名,AT_MATCH_STARTN_QUADRATIC,lib/algorithms/platesolve/cpp/ipv/src/ipv_itertrans.cpp:45,12,未标注,③未见于条文面,
具名,AT_MATCH_REQUIRE_CUBIC,lib/algorithms/platesolve/cpp/ipv/src/ipv_itertrans.cpp:46,10,未标注,③未见于条文面,
具名,AT_MATCH_STARTN_CUBIC,lib/algorithms/platesolve/cpp/ipv/src/ipv_itertrans.cpp:47,20,未标注,③未见于条文面,
具名,AT_MATCH_PERCENTILE,lib/algorithms/platesolve/cpp/ipv/src/ipv_itertrans.cpp:48,0.35,未标注,③未见于条文面,
具名,AT_MATCH_NSIGMA,lib/algorithms/platesolve/cpp/ipv/src/ipv_itertrans.cpp:49,10.0,未标注,③未见于条文面,
具名,AT_MATCH_MAXDIST,lib/algorithms/platesolve/cpp/ipv/src/ipv_itertrans.cpp:50,50.0,未标注,③未见于条文面,
具名,ONE_STDEV_PERCENTILE,lib/algorithms/platesolve/cpp/ipv/src/ipv_itertrans.cpp:51,0.683,未标注,③未见于条文面,
具名,RECALC_YES,lib/algorithms/platesolve/cpp/ipv/src/ipv_itertrans.cpp:52,1,未标注,③未见于条文面,
具名,RECALC_NO,lib/algorithms/platesolve/cpp/ipv/src/ipv_itertrans.cpp:53,0,未标注,③未见于条文面,
具名,min_dist_threshold,lib/algorithms/platesolve/cpp/ipv/src/ipv_polygon.cpp:108,0.02,未标注,③未见于条文面,
具名,max_dist_ratio,lib/algorithms/platesolve/cpp/ipv/src/ipv_polygon.cpp:109,3.0,未标注,③未见于条文面,
具名,min_angle_deg,lib/algorithms/platesolve/cpp/ipv/src/ipv_polygon.cpp:110,15.0,未标注,③未见于条文面,
具名,RAD2DEG,lib/algorithms/platesolve/cpp/ipv/src/ipv_polygon.cpp:111,180.0,未标注,③未见于条文面,
具名,alpha,lib/algorithms/platesolve/cpp/ipv/src/ipv_polygon.cpp:406,0.5,未标注,②条文有名无值,ACCEPTANCE_SPEC.md:33 三个创新点（最高设计 §2）各立一个自包含实验单元，alpha 发布前必须全部跑通并经独立审稿。**实验单元目录结构与报告八要素的唯一正本 
具名,K1,lib/algorithms/platesolve/cpp/ipv/src/ipv_polygon.cpp:486,5,未标注,③未见于条文面,
具名,K2,lib/algorithms/platesolve/cpp/ipv/src/ipv_polygon.cpp:487,2,未标注,③未见于条文面,
具名,K_w,lib/algorithms/platesolve/cpp/ipv/src/ipv_polygon.cpp:743,3,未标注,③未见于条文面,
具名,deg,lib/algorithms/platesolve/cpp/ipv/src/ipv_ransac.cpp:373,57.295779513082323,未标注,③未见于条文面,
具名,MAX_ITERS,lib/algorithms/platesolve/cpp/ipv/src/ipv_ransac.cpp:1014,5,未标注,③未见于条文面,
具名,PERCENTILE,lib/algorithms/platesolve/cpp/ipv/src/ipv_ransac.cpp:1015,0.35,未标注,②条文有名无值,ASTROCS_DESIGN.md:423 - 生产排异算法集为 none / percentile / winsorized / linear fit；min/max 极值法不用于生
具名,SIGMA_CLIP_FACTOR,lib/algorithms/platesolve/cpp/ipv/src/ipv_ransac.cpp:1016,10.0,未标注,③未见于条文面,
具名,MAX_DIST,lib/algorithms/platesolve/cpp/ipv/src/ipv_ransac.cpp:1017,100.0,未标注,③未见于条文面,
具名,HALT_SIGMA,lib/algorithms/platesolve/cpp/ipv/src/ipv_ransac.cpp:1018,0.1,未标注,③未见于条文面,
具名,REQUIRED_PAIRS,lib/algorithms/platesolve/cpp/ipv/src/ipv_ransac.cpp:1019,3,未标注,③未见于条文面,
具名,N_START,lib/algorithms/platesolve/cpp/ipv/src/ipv_ransac.cpp:1020,6,未标注,③未见于条文面,
具名,ABS_CLIP_FACTOR,lib/algorithms/platesolve/cpp/ipv/src/ipv_ransac.cpp:1021,5.0,未标注,③未见于条文面,
具名,N_GROUPS,lib/algorithms/platesolve/cpp/ipv/src/ipv_ransac.cpp:1293,3,未标注,③未见于条文面,
具名,N_START,lib/algorithms/platesolve/cpp/ipv/src/ipv_ransac.cpp:1294,6,未标注,③未见于条文面,
具名,RR_PI,lib/algorithms/platesolve/cpp/ipv/src/ipv_robust_refine.cpp:48,3.14159265358979323846,未标注,③未见于条文面,
具名,RR_ASEC_PER_RAD,lib/algorithms/platesolve/cpp/ipv/src/ipv_robust_refine.cpp:50,206264.80624709636,未标注,③未见于条文面,
具名,NUMERIC_DIFF_STEP,lib/algorithms/platesolve/cpp/ipv/src/ipv_robust_refine.cpp:53,1e-6,未标注,③未见于条文面,
具名,TRANS_ORDER,lib/algorithms/platesolve/cpp/ipv/src/ipv_robust_refine.cpp:56,3,未标注,①条文含值,docs/contracts/DATA_SEMANTICS.md:992 | trans_order | int | 1/2/3 | 失败时 trans_order=0（fail_result，ipv_solver
具名,N_PARAMS_PER_AXIS,lib/algorithms/platesolve/cpp/ipv/src/ipv_robust_refine.cpp:57,10,未标注,③未见于条文面,
具名,N_PARAMS_TOTAL,lib/algorithms/platesolve/cpp/ipv/src/ipv_robust_refine.cpp:58,20,未标注,③未见于条文面,
具名,IPV_PI,lib/algorithms/platesolve/cpp/ipv/src/ipv_select.cpp:56,3.14159265358979323846,未标注,③未见于条文面,
具名,IPV_ARCSEC_PER_UM_PER_MM,lib/algorithms/platesolve/cpp/ipv/src/ipv_select.cpp:58,206.265,未标注,①条文含值,docs/contracts/DATA_SEMANTICS.md:1056 `s0=206.265·pixel_um/focal_mm`（ipv_select.cpp:57 `IPV_ARCSEC_PER_UM_PE
具名,IPV_RADTODEG,lib/algorithms/platesolve/cpp/ipv/src/ipv_select.cpp:60,180.0,未标注,③未见于条文面,
具名,IPV_ASEC_PER_RAD,lib/algorithms/platesolve/cpp/ipv/src/ipv_select.cpp:62,206264.80624709636,未标注,③未见于条文面,
具名,IPV_PI,lib/algorithms/platesolve/cpp/ipv/src/ipv_solver.cpp:51,3.14159265358979323846,未标注,③未见于条文面,
具名,IPV_RADTODEG,lib/algorithms/platesolve/cpp/ipv/src/ipv_solver.cpp:53,180.0,未标注,③未见于条文面,
具名,IPV_ASEC_PER_RAD,lib/algorithms/platesolve/cpp/ipv/src/ipv_solver.cpp:54,206264.80624709636,未标注,③未见于条文面,
具名,n_target,lib/algorithms/platesolve/cpp/ipv/src/ipv_solver.cpp:1210,60,未标注,①条文含值,"docs/algorithms/PLATESOLVE.md:96 - `n_target` 由 `rho_img`、查询锥面积与密度比导出，且**必须**落在闭区间 `[50, 60]`。"
具名,MIN_VOTES_THRESHOLD,lib/algorithms/platesolve/cpp/ipv/src/ipv_triangle.cpp:654,3,未标注,③未见于条文面,
具名,M_PI,lib/algorithms/platesolve/cpp/ipv/src/ipv_wcs.cpp:40,3.14159265358979323846,未标注,③未见于条文面,
具名,inv_det_lin,lib/algorithms/platesolve/cpp/ipv/src/ipv_wcs.cpp:356,1.0,未标注,③未见于条文面,
具名,NB_GRID,lib/algorithms/platesolve/cpp/ipv/src/ipv_wcs.cpp:418,41,未标注,①条文含值,docs/algorithms/PLATESOLVE.md:308 41×41 网格（`NB_GRID=41`）、APx/BPx 用 81×81（`NB_GRID_X=81`，阶 7）；SCI
具名,AP_FIT_ORDER,lib/algorithms/platesolve/cpp/ipv/src/ipv_wcs.cpp:419,5,未标注,③未见于条文面,
具名,NB_GRID_X,lib/algorithms/platesolve/cpp/ipv/src/ipv_wcs.cpp:542,81,未标注,①条文含值,docs/algorithms/PLATESOLVE.md:308 41×41 网格（`NB_GRID=41`）、APx/BPx 用 81×81（`NB_GRID_X=81`，阶 7）；SCI
具名,APX_ORDER,lib/algorithms/platesolve/cpp/ipv/src/ipv_wcs.cpp:543,7,未标注,③未见于条文面,
具名,APX_STRIDE,lib/algorithms/platesolve/cpp/ipv/src/ipv_wcs.cpp:544,10,未标注,③未见于条文面,
具名,guard,lib/algorithms/platesolve/cpp/ipv/src/ipv_wcs.cpp:929,1e6,未标注,②条文有名无值,docs/algorithms/PHASE2_REJECTION.md:289 guard (int)nc − r ≤ 4 → break（保底 4 样本，本外层剩余冻结接受）
具名,j11v,lib/algorithms/platesolve/cpp/ipv/src/ipv_wcs.cpp:974,1.0,未标注,③未见于条文面,
具名,W,lib/algorithms/platesolve/cpp/ipv/test/ipv_params_abi_failclosed_test.cpp:59,32,未标注,③未见于条文面,
具名,u,lib/algorithms/platesolve/cpp/ipv/test/test_extract_wcs_sip_failclosed.cpp:64,-50.0,未标注,③未见于条文面,
具名,v,lib/algorithms/platesolve/cpp/ipv/test/test_extract_wcs_sip_failclosed.cpp:67,0.7,未标注,③未见于条文面,
具名,W_IMG,lib/algorithms/platesolve/cpp/ipv/test/test_extract_wcs_sip_failclosed.cpp:80,1024,未标注,③未见于条文面,
具名,RA0,lib/algorithms/platesolve/cpp/ipv/test/test_extract_wcs_sip_failclosed.cpp:81,150.0,未标注,③未见于条文面,
具名,N_W,lib/algorithms/platesolve/cpp/ipv/test/test_kvector.cpp:77,80,未标注,③未见于条文面,
具名,N_W,lib/algorithms/platesolve/cpp/ipv/test/test_kvector.cpp:314,80,未标注,③未见于条文面,
具名,REGION,lib/algorithms/platesolve/cpp/ipv/test/test_kvector.cpp:315,4000.0,未标注,②条文有名无值,docs/algorithms/STAR_DETECTION_ALGORITHMS.md:95 GSL trust-region LM，7 参数）:
具名,W,lib/algorithms/platesolve/cpp/ipv/test/test_last_inlier_reset.cpp:70,260,未标注,③未见于条文面,
具名,N_target,lib/algorithms/platesolve/cpp/ipv/test/test_mag_iter.cpp:90,60.0,未标注,②条文有名无值,"docs/algorithms/PLATESOLVE.md:96 - `n_target` 由 `rho_img`、查询锥面积与密度比导出，且**必须**落在闭区间 `[50, 60]`。"
具名,M_PI,lib/algorithms/platesolve/cpp/ipv/test/test_synthetic.cpp:38,3.14159265358979323846,未标注,③未见于条文面,
具名,s0,lib/algorithms/platesolve/cpp/ipv/test/test_triangle_budget.cpp:43,0.9890161182738412,未标注,③未见于条文面,
具名,r2d,lib/algorithms/platesolve/wrapper_phase1/wcs_tan.cpp:56,180.0,未标注,③未见于条文面,
具名,kDeg,lib/algorithms/projection/p3_proj_v6.cpp:51,180.0,未标注,③未见于条文面,
具名,kMaxAbsDec,lib/algorithms/projection/p3_proj_v6.cpp:53,85.0,未标注,①条文含值,docs/algorithms/PHASE3_PROJ_IMPL.md:158 |centre_dec_deg|≤85.0°（:40，kMaxAbsDec :15，SCI/API/session 单一
具名,kMaxSide,lib/algorithms/projection/p3_proj_v6.cpp:56,20000,未标注,①条文含值,docs/algorithms/PHASE3_PROJ_IMPL.md:160 kMaxSide=20000 默认，可 ASTROCS_P3_MAX_SIDE 编译期覆盖 :18-22，
具名,kSqrt2,lib/algorithms/projection/p3_proj_v6.cpp:60,1.41421356237309504880168872420969808,未标注,③未见于条文面,
具名,dsq,lib/algorithms/projection/p3_proj_v6.cpp:278,2.0,未标注,③未见于条文面,
具名,phi,lib/algorithms/projection/p3_proj_v6.cpp:284,2.0,未标注,③未见于条文面,
具名,X,lib/algorithms/projection/p3_proj_v6.cpp:300,2.0,未标注,③未见于条文面,
具名,den,lib/algorithms/projection/p3_proj_v6.cpp:336,1.0,未标注,③未见于条文面,
具名,dsq,lib/algorithms/projection/p3_proj_v6.cpp:372,2.0,未标注,③未见于条文面,
具名,h,lib/algorithms/projection/p3_proj_v6.cpp:543,1e-3,未标注,③未见于条文面,
具名,circ_span,lib/algorithms/projection/p3_proj_v6.cpp:638,360.0,未标注,③未见于条文面,
具名,kProjectionRegistryVersion,lib/algorithms/projection/p3_proj_v6.h:93,3,未标注,①条文含值,docs/algorithms/PHASE3_PROJ_IMPL.md:426 `kProjectionRegistryVersion = 3`。
具名,kFrozenProjectionCount,lib/algorithms/projection/p3_proj_v6.h:104,8,未标注,③未见于条文面,
具名,kDeg,lib/algorithms/projection/p3_projection.cpp:38,180.0,未标注,③未见于条文面,
具名,kMaxAbsDec,lib/algorithms/projection/p3_projection.cpp:40,85.0,未标注,①条文含值,docs/algorithms/PHASE3_PROJ_IMPL.md:158 |centre_dec_deg|≤85.0°（:40，kMaxAbsDec :15，SCI/API/session 单一
具名,kMaxSide,lib/algorithms/projection/p3_projection.cpp:43,20000,未标注,①条文含值,docs/algorithms/PHASE3_PROJ_IMPL.md:160 kMaxSide=20000 默认，可 ASTROCS_P3_MAX_SIDE 编译期覆盖 :18-22，
具名,dsq,lib/algorithms/projection/p3_projection.cpp:233,2.0,未标注,③未见于条文面,
具名,phi,lib/algorithms/projection/p3_projection.cpp:240,2.0,未标注,③未见于条文面,
具名,X,lib/algorithms/projection/p3_projection.cpp:260,2.0,未标注,③未见于条文面,
具名,kP3ProjectionRegistryVersion,lib/algorithms/projection/p3_projection.h:33,1,未标注,①条文含值,docs/algorithms/PHASE3_PROJ_IMPL.md:428 `kP3ProjectionRegistryVersion = 1`，`kP3ProjectionRegistryRetired = tru
具名,kDeg,lib/algorithms/projection/p3_wcs.cpp:18,180.0,未标注,③未见于条文面,
具名,kMaxAbsDec,lib/algorithms/projection/p3_wcs.cpp:20,85.0,未标注,①条文含值,docs/algorithms/PHASE3_PROJ_IMPL.md:158 |centre_dec_deg|≤85.0°（:40，kMaxAbsDec :15，SCI/API/session 单一
具名,kMaxSide,lib/algorithms/projection/p3_wcs.cpp:24,20000,未标注,①条文含值,docs/algorithms/PHASE3_PROJ_IMPL.md:160 kMaxSide=20000 默认，可 ASTROCS_P3_MAX_SIDE 编译期覆盖 :18-22，
具名,kUnitRoundoff,lib/algorithms/projection/p3_wcs.cpp:225,1.1102230246251565e-16,未标注,③未见于条文面,
具名,kArcsecPerRad,lib/algorithms/projection/p3_wcs.cpp:227,206264.80624709636,未标注,③未见于条文面,
具名,kArcsecPerDeg,lib/algorithms/projection/p3_wcs.cpp:228,3600.0,未标注,③未见于条文面,
具名,half_fov_rad,lib/algorithms/projection/p3_wcs.cpp:260,0.5,未标注,③未见于条文面,
具名,sec2,lib/algorithms/projection/p3_wcs.cpp:261,1.0,未标注,③未见于条文面,
具名,kDenseGridMaxSide,lib/algorithms/projection/p3_wcs.cpp:333,128,未标注,③未见于条文面,
具名,kDenseEdgeSamples,lib/algorithms/projection/p3_wcs.cpp:334,64,未标注,③未见于条文面,
具名,kDenseRandomSamples,lib/algorithms/projection/p3_wcs.cpp:335,1024,未标注,③未见于条文面,
具名,kP3CropEdgeSamples,lib/algorithms/projection/p3_wcs.h:205,257,未标注,③未见于条文面,
具名,kPsfNormRtol,lib/algorithms/psf/include/astrocs/v6/psf_information.h:28,1e-9,未标注,③未见于条文面,
具名,DPSF_FIT_OK,lib/algorithms/psf/include/dynamic_psf.h:33,0,未标注,①条文含值,docs/algorithms/STAR_PSF_ALGORITHMS.md:186 | 0 | DPSF_FIT_OK | 收敛 :163 且过验证链一~三 | 全参数回填 :391-403 | 计入 out_n_valid
具名,DPSF_FIT_NO_CONVERGENCE,lib/algorithms/psf/include/dynamic_psf.h:34,1,未标注,①条文含值,docs/algorithms/STAR_PSF_ALGORITHMS.md:187 | 1 | DPSF_FIT_NO_CONVERGENCE | 验证链一 :336-338 / 二 :341-346 / 三 :349-35
具名,DPSF_FIT_INVALID_PARAMS,lib/algorithms/psf/include/dynamic_psf.h:35,2,未标注,①条文含值,docs/algorithms/STAR_PSF_ALGORITHMS.md:109 | 图像含 NaN/Inf | **逐像素**跳过（采样阶段 `isfinite` 过滤，`:284-304`），其余像素正常拟合；**整窗
具名,DPSF_FIT_ITERATION_LIMIT,lib/algorithms/psf/include/dynamic_psf.h:36,3,未标注,①条文含值,docs/algorithms/STAR_PSF_ALGORITHMS.md:189 | 3 | DPSF_FIT_ITERATION_LIMIT | max_iter=200 耗尽 :187 | 仍回填当前最优参数 :391
具名,DPSF_PSF_STATUS_OK,lib/algorithms/psf/include/dynamic_psf.h:117,0,未标注,①条文含值,docs/contracts/PUBLIC_API.md:635 按**检测下标**报告逐星真值（`DPSF_PSF_STATUS_OK`=0 成功；1=拟合失败/未收敛；
具名,DPSF_PSF_STATUS_FIT_FAILED,lib/algorithms/psf/include/dynamic_psf.h:118,1,未标注,③未见于条文面,
具名,DPSF_PSF_STATUS_RECT_EMPTY,lib/algorithms/psf/include/dynamic_psf.h:119,2,未标注,③未见于条文面,
具名,DPSF_PSF_STATUS_ALLOC_FAILED,lib/algorithms/psf/include/dynamic_psf.h:120,3,未标注,③未见于条文面,
具名,MOFFAT4_FWHM_FACTOR,lib/algorithms/psf/src/dpsf_psf.cpp:25,1.230310,未标注,①条文含值,docs/algorithms/STAR_DETECTION_ALGORITHMS.md:300 （`MOFFAT4_FWHM_FACTOR=1.230310`）；同 sx 下 FWHM 报值相差 **1.9140×**，
具名,NPARAMS,lib/algorithms/psf/src/dpsf_psf.cpp:26,7,未标注,③未见于条文面,
具名,t,lib/algorithms/psf/src/dpsf_psf.cpp:113,1.0,未标注,③未见于条文面,
具名,t,lib/algorithms/psf/src/dpsf_psf.cpp:241,1.0,未标注,③未见于条文面,
具名,M_PI,lib/algorithms/psf/src/dpsf_psf.h:20,3.14159265358979323846,未标注,③未见于条文面,
具名,M_PI,lib/algorithms/psf/test/test_dpsf_nan_sort.cpp:25,3.14159265358979323846,未标注,③未见于条文面,
具名,W,lib/algorithms/psf/test/test_dpsf_nan_sort.cpp:50,64,未标注,③未见于条文面,
具名,kTileWidth,lib/algorithms/resample/p3_resample.cpp:48,512,未标注,①条文含值,docs/algorithms/PHASE2_SAMPLER.md:47 | cell_side | tile 边长/G=64（kTileWidth=512） | leaf 像素 | sampler.cpp:76/
具名,kReaderBuf,lib/algorithms/resample/p3_resample.cpp:49,512,未标注,①条文含值,docs/algorithms/PHASE3_RSMP_IMPL.md:72 §9a-1 tile 宽冻结一致）；:19 `kReaderBuf=512*512`（FITS 读缓冲）；
具名,kHotSlots,lib/algorithms/resample/p3_resample.cpp:52,8,未标注,①条文含值,docs/algorithms/PHASE3_RSMP_IMPL.md:288 每 sampler 另有 `kHotSlots=8` 前端热缓存（命中不取共享锁）。
具名,signal_sb,lib/algorithms/resample/p3_rsmp_units.cpp:95,1,未标注,①条文含值,docs/contracts/DATA_SEMANTICS.md:1233 | signal/NorderK/DirD/NpixN.fits | float32（precision=0 默认）/float64（=1）
具名,pixel_variance_in,lib/algorithms/resample/p3_rsmp_units.cpp:96,2,未标注,①条文含值,docs/contracts/DATA_SEMANTICS.md:43 - `v_j` = 输入源像素逐像素方差，量纲 `ADU^2`（§31.1 `pixel_variance_in`），
具名,sb_variance_out,lib/algorithms/resample/p3_rsmp_units.cpp:97,2,未标注,①条文含值,docs/contracts/DATA_SEMANTICS.md:52 - `variance_p` 量纲 `ADU^2/sr^2`（§31.1 `sb_variance_out`，标度类别 `surface_b
具名,sb_ivar_out,lib/algorithms/resample/p3_rsmp_units.cpp:98,-2,未标注,①条文含值,docs/contracts/DATA_SEMANTICS.md:65 `sr^2/ADU^2`（§31.1 `sb_ivar_out`）、像素域帧内块 `ADU^-2`（§11.1）。`ivar = 1/var
具名,w_info,lib/algorithms/resample/p3_rsmp_units.cpp:99,-2,未标注,①条文含值,docs/contracts/DATA_SEMANTICS.md:3128 | `W_info` | `ADU^-2` | 点源信息权重 = 1/Var(F_hat) | — | — | `FZ-UNIT-WINFO
具名,q_stat,lib/algorithms/resample/p3_rsmp_units.cpp:100,-1,未标注,③未见于条文面,
具名,flux,lib/algorithms/resample/p3_rsmp_units.cpp:101,1,未标注,①条文含值,docs/algorithms/GAIA_QUERY.md:136 float32 fluxMin @32 + float32 fluxMul @36 + uint8 flux[343] @40 + 1B 填
具名,psfsw,lib/algorithms/resample/p3_rsmp_units.cpp:102,0,未标注,①条文含值,docs/contracts/DATA_ARTIFACTS.md:56 | DATA-OBJ-PSFSW-ROBUST-WEIGHT-001 | **已退役**（14→13；变更 claim `CHG-2026-
具名,kPi,lib/algorithms/shared/healpix/healpix_core.cpp:26,3.14159265358979323846264338327950288,未标注,③未见于条文面,
具名,kTwoPi,lib/algorithms/shared/healpix/healpix_core.cpp:27,2.0,未标注,③未见于条文面,
具名,kHalfPi,lib/algorithms/shared/healpix/healpix_core.cpp:28,0.5,未标注,③未见于条文面,
具名,kTwoThird,lib/algorithms/shared/healpix/healpix_core.cpp:29,2.0,未标注,③未见于条文面,
具名,kRoot3,lib/algorithms/shared/healpix/healpix_core.cpp:30,1.73205080756887729352744634150587237,未标注,③未见于条文面,
具名,bits,lib/algorithms/shared/healpix/healpix_core.cpp:319,2,未标注,②条文有名无值,"docs/algorithms/PHASE3_RSMP_IMPL.md:211 local_x,y  = tile_to_leaf_nest 反交织    # leaf local 坐标（NESTED 18 bits）"
具名,t1,lib/algorithms/shared/healpix/healpix_core.cpp:430,1.0,未标注,③未见于条文面,
具名,zb,lib/algorithms/shared/healpix/healpix_core.cpp:431,1.0,未标注,③未见于条文面,
具名,ntotal,lib/algorithms/shared/healpix/healpix_core.cpp:453,12,未标注,③未见于条文面,
具名,sdist,lib/algorithms/shared/healpix/healpix_core.cpp:493,2,未标注,③未见于条文面,
具名,bits,lib/algorithms/shared/healpix/healpix_core.h:95,2,未标注,②条文有名无值,"docs/algorithms/PHASE3_RSMP_IMPL.md:211 local_x,y  = tile_to_leaf_nest 反交织    # leaf local 坐标（NESTED 18 bits）"
具名,size,lib/algorithms/shared/include/astro_scalar.h:51,4,未标注,①条文含值,docs/algorithms/CALIBRATION_ALGORITHMS.md:235 F4.2  结构过滤 [61-113]: 8 连通 BFS 标记；size(label)>=max_size 的连通域
具名,size,lib/algorithms/shared/include/astro_scalar.h:59,8,未标注,①条文含值,docs/algorithms/CALIBRATION_ALGORITHMS.md:235 F4.2  结构过滤 [61-113]: 8 连通 BFS 标记；size(label)>=max_size 的连通域
具名,kAcceptRho,lib/algorithms/star_detection/src/nls_lm.cpp:65,1e-4,未标注,③未见于条文面,
具名,kGoodRho,lib/algorithms/star_detection/src/nls_lm.cpp:66,0.75,未标注,③未见于条文面,
具名,kPoorRho,lib/algorithms/star_detection/src/nls_lm.cpp:67,0.25,未标注,③未见于条文面,
具名,kMaxInnerRetry,lib/algorithms/star_detection/src/nls_lm.cpp:68,60,未标注,③未见于条文面,
具名,kMaxLambdaIter,lib/algorithms/star_detection/src/nls_lm.cpp:69,50,未标注,③未见于条文面,
具名,kLambdaSeedTau,lib/algorithms/star_detection/src/nls_lm.cpp:70,1e-3,未标注,③未见于条文面,
具名,psi,lib/algorithms/star_detection/src/nls_lm.cpp:209,1.0,未标注,③未见于条文面,
具名,t,lib/algorithms/star_detection/src/nls_lm.cpp:397,2.0,未标注,③未见于条文面,
具名,kMaxAngleHalfTurns,lib/algorithms/star_detection/src/sdet_angle_guard.h:36,64,未标注,③未见于条文面,
具名,M_PI,lib/algorithms/star_detection/src/sdet_api.cpp:34,3.14159265358979323846,未标注,③未见于条文面,
具名,LM_XTOL,lib/algorithms/star_detection/src/sdet_api.cpp:38,1e-3,未标注,③未见于条文面,
具名,LM_GTOL,lib/algorithms/star_detection/src/sdet_api.cpp:39,1e-3,未标注,③未见于条文面,
具名,LM_FTOL,lib/algorithms/star_detection/src/sdet_api.cpp:47,1e-3,未标注,③未见于条文面,
具名,LM_MAX_ITER_ANGLE,lib/algorithms/star_detection/src/sdet_api.cpp:48,20,未标注,②条文有名无值,docs/algorithms/STAR_DETECTION_ALGORITHMS.md:104 clip 后中位（:530-567）；`max_iter=LM_MAX_ITER_ANGLE·(饱和?3:1)`。
具名,LM_MIN_HALF_RADIUS,lib/algorithms/star_detection/src/sdet_api.cpp:49,1,未标注,③未见于条文面,
具名,LM_MIN_LARGE_SAMPLING,lib/algorithms/star_detection/src/sdet_api.cpp:50,3,未标注,③未见于条文面,
具名,INV_4_LOG2,lib/algorithms/star_detection/src/sdet_api.cpp:52,0.36067376022224075,未标注,③未见于条文面,
具名,TWO_SQRT_2_LOG2,lib/algorithms/star_detection/src/sdet_api.cpp:54,2.3548200450309493,未标注,②条文有名无值,docs/algorithms/STAR_DETECTION_ALGORITHMS.md:97 `r=0.5·(cos fr+1)`，`sx=√(SX/2)`，`sy=sx·r`，`fwhm=2.3548·σ`（TWO_SQRT_2_L
具名,GAUSSIAN_FWHM_FACTOR,lib/algorithms/star_detection/src/sdet_api.cpp:63,2.3548200450309493,未标注,③未见于条文面,
具名,NPARAMS,lib/algorithms/star_detection/src/sdet_api.cpp:64,7,未标注,③未见于条文面,
具名,SDET_FIT_OK,lib/algorithms/star_detection/src/sdet_api.cpp:66,0,未标注,③未见于条文面,
具名,SDET_FIT_NO_CONVERGENCE,lib/algorithms/star_detection/src/sdet_api.cpp:67,1,未标注,③未见于条文面,
具名,SDET_FIT_INVALID_PARAMS,lib/algorithms/star_detection/src/sdet_api.cpp:68,2,未标注,③未见于条文面,
具名,SDET_FIT_ITERATION_LIMIT,lib/algorithms/star_detection/src/sdet_api.cpp:69,3,未标注,③未见于条文面,
具名,_2_SQRT_2_LOG2,lib/algorithms/star_detection/src/sdet_api.cpp:243,2.3548200450309493,未标注,③未见于条文面,
具名,KERNEL_SIZE,lib/algorithms/star_detection/src/sdet_api.cpp:244,2.0,未标注,③未见于条文面,
具名,p,lib/algorithms/star_detection/src/sdet_api.cpp:296,7,未标注,③未见于条文面,
具名,grid_sz,lib/algorithms/star_detection/src/sdet_api.cpp:862,2,未标注,③未见于条文面,
具名,grid_sz,lib/algorithms/star_detection/src/sdet_api.cpp:1236,2,未标注,③未见于条文面,
具名,SQRT_EXP1,lib/algorithms/star_detection/src/sdet_api.cpp:1808,1.6487212707,未标注,②条文有名无值,docs/algorithms/STAR_DETECTION_ALGORITHMS.md:85 `SQRT_EXP1=√e`（:1674）。
具名,SAT_THRESHOLD_FRAC,lib/algorithms/star_detection/src/sdet_api.cpp:1809,0.7,未标注,③未见于条文面,
具名,SAT_DETECTION_RANGE_FRAC,lib/algorithms/star_detection/src/sdet_api.cpp:1810,0.1,未标注,③未见于条文面,
具名,DENSITY_THRESHOLD,lib/algorithms/star_detection/src/sdet_api.cpp:1811,0.001,未标注,③未见于条文面,
具名,MAX_BOX_RADIUS,lib/algorithms/star_detection/src/sdet_api.cpp:1813,200,未标注,①条文含值,"docs/algorithms/STAR_DETECTION_ALGORITHMS.md:87 `R=max(ceil(3.7172·Sr), ceil(3.7172·Sc), r)`，钳位 `R≤200`（MAX_BOX_RADIUS"
具名,MAX_RADIUS_RATIO_DUP,lib/algorithms/star_detection/src/sdet_api.cpp:1814,0.2,未标注,③未见于条文面,
具名,r,lib/algorithms/star_detection/src/sdet_api.cpp:1816,5,未标注,③未见于条文面,
具名,norm,lib/algorithms/star_detection/src/sdet_api.cpp:1823,65535.0,未标注,②条文有名无值,"docs/algorithms/CALIBRATION_ALGORITHMS.md:127 F2.2  步骤2: generate_master(norm, …, AC_COMBINE_MEAN)   # [250-251]"
具名,locthreshold,lib/algorithms/star_detection/src/sdet_api.cpp:1827,5.0,未标注,①条文含值,docs/algorithms/STAR_DETECTION_ALGORITHMS.md:64 `satrange=0.1·dynrange`，`locthreshold=5·bgnoise`；`norm = 65535.0f` 字面量
具名,norm,lib/algorithms/star_detection/src/sdet_api.cpp:2562,65535.0,未标注,②条文有名无值,"docs/algorithms/CALIBRATION_ALGORITHMS.md:127 F2.2  步骤2: generate_master(norm, …, AC_COMBINE_MEAN)   # [250-251]"
具名,MAX_BOX_RADIUS,lib/algorithms/star_detection/src/sdet_api.cpp:2568,200,未标注,①条文含值,"docs/algorithms/STAR_DETECTION_ALGORITHMS.md:87 `R=max(ceil(3.7172·Sr), ceil(3.7172·Sc), r)`，钳位 `R≤200`（MAX_BOX_RADIUS"
具名,r,lib/algorithms/star_detection/src/sdet_api.cpp:2569,5,未标注,③未见于条文面,
具名,SEX_BIG,lib/algorithms/star_detection/src/sdet_background.cpp:20,1e30f,未标注,③未见于条文面,
具名,SEX_QUANTIF_NSIGMA,lib/algorithms/star_detection/src/sdet_background.cpp:21,5,未标注,③未见于条文面,
具名,SEX_QUANTIF_NMAXLEVELS,lib/algorithms/star_detection/src/sdet_background.cpp:22,4096,未标注,③未见于条文面,
具名,SEX_QUANTIF_AMIN,lib/algorithms/star_detection/src/sdet_background.cpp:23,4,未标注,③未见于条文面,
具名,SEX_BACK_MINGOODFRAC,lib/algorithms/star_detection/src/sdet_background.cpp:24,0.5f,未标注,③未见于条文面,
具名,EPS,lib/algorithms/star_detection/src/sdet_background.cpp:152,1e-4,未标注,③未见于条文面,
具名,SDET_PI_OVER_4,lib/algorithms/star_detection/src/sdet_detector.cpp:12,0.7853981633974483,未标注,③未见于条文面,
具名,grid_size,lib/algorithms/star_detection/src/sdet_detector.cpp:381,2,未标注,③未见于条文面,
具名,W,lib/algorithms/star_detection/test/sdet_fp64_test.cpp:23,512,未标注,③未见于条文面,
具名,NSTAR,lib/algorithms/star_detection/test/sdet_fp64_test.cpp:24,20,未标注,②条文有名无值,docs/science/NOISE_MODEL.md:397 - PCL 2.10.4 `PSFSignalEstimator.h` 的 `NStar()` 默认取 `NStar_Sn`（2.03636
具名,W,lib/algorithms/star_detection/test/sdet_saturation_cursor_test.cpp:80,256,未标注,③未见于条文面,
具名,BG,lib/algorithms/star_detection/test/sdet_saturation_cursor_test.cpp:81,800.0,未标注,③未见于条文面,
具名,s,lib/algorithms/star_detection/wrapper_phase1/star_detector.cpp:105,1.482602218505602,未标注,③未见于条文面,
具名,minsatlevel,lib/algorithms/star_detection/wrapper_phase1/star_detector.cpp:156,0.7,未标注,①条文含值,"docs/algorithms/STAR_DETECTION_ALGORITHMS.md:63 `dynrange=min(maxi,65535)−bg`，`minsatlevel=0.7·dynrange`，"
具名,satrange,lib/algorithms/star_detection/wrapper_phase1/star_detector.cpp:157,0.1,未标注,①条文含值,docs/algorithms/STAR_DETECTION_ALGORITHMS.md:64 `satrange=0.1·dynrange`，`locthreshold=5·bgnoise`；`norm = 65535.0f` 字面量
具名,theta,lib/algorithms/star_detection/wrapper_phase1/star_detector.cpp:231,0.5,未标注,①条文含值,"docs/algorithms/STAR_DETECTION_ALGORITHMS.md:99 `theta=−alpha` 归一到 (−90°,90°]。残差坐标 `dx=x+0.5−cx`（像素中心=索引+0.5，"
具名,ACS_ABI_MAJOR_V1,lib/include/astrocs/abi/lifecycle_v1.h:110,1u,未标注,③未见于条文面,
具名,ACS_ABI_MINOR_V1,lib/include/astrocs/abi/lifecycle_v1.h:111,0u,未标注,③未见于条文面,
具名,ACS_DIAG_MAX_UTF8,lib/include/astrocs/abi/lifecycle_v1.h:200,4096u,未标注,③未见于条文面,
具名,ACS_ABI_PTR_BITS,lib/include/astrocs/abi/status_codes.h:76,64,未标注,③未见于条文面,
具名,ACS_ABI_PTR_BITS,lib/include/astrocs/abi/status_codes.h:78,32,未标注,③未见于条文面,
具名,ACS_ABI_VERSION_V1,lib/include/astrocs/abi/status_codes.h:87,1u,未标注,②条文有名无值,docs/algorithms/PHASE2_SESSION.md:108 abi_version≠ACS_ABI_VERSION_V1 → ACS_ERR_ABI_MISMATCH（:57-59）；
具名,ACS_ABI_VERSION_V1,lib/include/astrocs/common_abi_v1.h:16,1u,未标注,②条文有名无值,docs/algorithms/PHASE2_SESSION.md:108 abi_version≠ACS_ABI_VERSION_V1 → ACS_ERR_ABI_MISMATCH（:57-59）；
具名,ACS_ARTIFACT_ABI_VERSION_V1,lib/include/astrocs/contracts/artifact_abi_v1.h:28,1u,未标注,③未见于条文面,
具名,kFlatMedianBandLo,lib/include/astrocs/core/master_unit_guard.h:34,0.5,未标注,③未见于条文面,
具名,kFlatMedianBandHi,lib/include/astrocs/core/master_unit_guard.h:35,2.0,未标注,③未见于条文面,
具名,kNormalizedDomainCeiling,lib/include/astrocs/core/master_unit_guard.h:38,1.0,未标注,③未见于条文面,
具名,kAduDomainFloor,lib/include/astrocs/core/master_unit_guard.h:39,1.0,未标注,③未见于条文面,
具名,noexcept,lib/include/astrocs/core/module.h:70,0,未标注,③未见于条文面,
具名,kHipsTileWidthPx,lib/include/astrocs/core/plan_estimator.h:42,512,未标注,③未见于条文面,
具名,kHipsMaxOrder,lib/include/astrocs/core/plan_estimator.h:44,20,未标注,③未见于条文面,
具名,kPeakTilesCacheDefault,lib/include/astrocs/core/plan_estimator.h:45,8,未标注,③未见于条文面,
具名,const,lib/include/astrocs/core/runtime.h:59,0,未标注,①条文含值,"docs/algorithms/COSMETIC_ALGORITHMS.md:248 - `compute_global_mad(const float*, int, float med)`（:50-54）: 复制"
具名,const,lib/include/astrocs/core/runtime.h:63,0,未标注,①条文含值,"docs/algorithms/COSMETIC_ALGORITHMS.md:248 - `compute_global_mad(const float*, int, float med)`（:50-54）: 复制"
具名,const,lib/include/astrocs/core/runtime.h:84,0,未标注,①条文含值,"docs/algorithms/COSMETIC_ALGORITHMS.md:248 - `compute_global_mad(const float*, int, float med)`（:50-54）: 复制"
具名,const,lib/include/astrocs/core/runtime.h:87,0,未标注,①条文含值,"docs/algorithms/COSMETIC_ALGORITHMS.md:248 - `compute_global_mad(const float*, int, float med)`（:50-54）: 复制"
具名,const,lib/include/astrocs/core/runtime.h:89,0,未标注,①条文含值,"docs/algorithms/COSMETIC_ALGORITHMS.md:248 - `compute_global_mad(const float*, int, float med)`（:50-54）: 复制"
具名,AIO_ABI_VERSION_V1,lib/include/astrocs/io/aio_abi_v1.h:34,1u,未标注,③未见于条文面,
具名,AIO_HASH_ALGORITHM_SHA256,lib/include/astrocs/io/aio_abi_v1.h:39,1u,未标注,③未见于条文面,
具名,AIO_DIGEST_HEX_LEN,lib/include/astrocs/io/aio_abi_v1.h:40,64u,未标注,③未见于条文面,
具名,AIO_HASH_FILE_CHUNK,lib/include/astrocs/io/aio_abi_v1.h:43,32768u,未标注,③未见于条文面,
具名,const,lib/include/astrocs/io/io_adapter.h:55,0,未标注,①条文含值,"docs/algorithms/COSMETIC_ALGORITHMS.md:248 - `compute_global_mad(const float*, int, float med)`（:50-54）: 复制"
具名,const,lib/include/astrocs/io/io_adapter.h:56,0,未标注,①条文含值,"docs/algorithms/COSMETIC_ALGORITHMS.md:248 - `compute_global_mad(const float*, int, float med)`（:50-54）: 复制"
具名,const,lib/include/astrocs/io/io_adapter.h:57,0,未标注,①条文含值,"docs/algorithms/COSMETIC_ALGORITHMS.md:248 - `compute_global_mad(const float*, int, float med)`（:50-54）: 复制"
具名,const,lib/include/astrocs/io/io_adapter.h:58,0,未标注,①条文含值,"docs/algorithms/COSMETIC_ALGORITHMS.md:248 - `compute_global_mad(const float*, int, float med)`（:50-54）: 复制"
具名,const,lib/include/astrocs/io/io_adapter.h:61,0,未标注,①条文含值,"docs/algorithms/COSMETIC_ALGORITHMS.md:248 - `compute_global_mad(const float*, int, float med)`（:50-54）: 复制"
具名,kReduceBlocks,lib/infrastructure/acr/backends/classic/classic_kernels.hpp:24,1024,未标注,③未见于条文面,
具名,ACR_X86_AVX,lib/infrastructure/acr/backends/cpu/isa/avx.cpp:8,1,未标注,③未见于条文面,
具名,ACR_X86_AVX2,lib/infrastructure/acr/backends/cpu/isa/avx2.cpp:8,1,未标注,③未见于条文面,
具名,ACR_X86_AVX512,lib/infrastructure/acr/backends/cpu/isa/avx512.cpp:9,1,未标注,③未见于条文面,
具名,ACR_X86_SSE,lib/infrastructure/acr/backends/cpu/isa/sse.cpp:8,1,未标注,③未见于条文面,
具名,kReduceBlocks,lib/infrastructure/acr/backends/cuda/bridge/acr_cuda_bridge_host.cpp:136,256,未标注,③未见于条文面,
具名,block,lib/infrastructure/acr/backends/cuda/cuda_backend.hpp:113,256,未标注,②条文有名无值,"ASTROCS_DESIGN.md:347 E -->|是| BLOCK[""阻断运行，报出全部原因<br/>-y / -yes 不可越过""]"
具名,kCpuDeviceId,lib/infrastructure/acr/core/task_descriptor.hpp:26,0,未标注,③未见于条文面,
具名,kInvalidDeviceId,lib/infrastructure/acr/core/task_descriptor.hpp:27,-1,未标注,③未见于条文面,
具名,kDefaultMinChunk,lib/infrastructure/acr/cost/cost_estimator.hpp:133,1024,未标注,③未见于条文面,
具名,kDefaultRecommendedChunk,lib/infrastructure/acr/cost/cost_estimator.hpp:134,65536,未标注,③未见于条文面,
具名,kMinComputeToLaunchRatio,lib/infrastructure/acr/cost/cost_estimator.hpp:135,10.0,未标注,③未见于条文面,
具名,kTargetComputeRatio,lib/infrastructure/acr/cost/cost_estimator.hpp:136,50.0,未标注,③未见于条文面,
具名,kTransferGainRatio,lib/infrastructure/acr/cost/cost_estimator.hpp:137,0.5,未标注,③未见于条文面,
具名,kCpuFallbackBandwidthGbps,lib/infrastructure/acr/cost/cost_estimator.hpp:138,20.0,未标注,③未见于条文面,
具名,kGpuFallbackBandwidthGbps,lib/infrastructure/acr/cost/cost_estimator.hpp:139,500.0,未标注,③未见于条文面,
具名,kGpuFallbackPcieGbps,lib/infrastructure/acr/cost/cost_estimator.hpp:140,12.0,未标注,③未见于条文面,
具名,kCpuFallbackLaunchNs,lib/infrastructure/acr/cost/cost_estimator.hpp:141,1000.0,未标注,③未见于条文面,
具名,kGpuFallbackLaunchNs,lib/infrastructure/acr/cost/cost_estimator.hpp:142,5000.0,未标注,③未见于条文面,
具名,N,lib/infrastructure/acr/examples/legacy_chunk_adapter.cpp:35,1,未标注,③未见于条文面,
具名,chunk_size,lib/infrastructure/acr/examples/legacy_chunk_adapter.cpp:36,1024,未标注,③未见于条文面,
具名,N,lib/infrastructure/acr/examples/minimal_parallel_for.cpp:26,1,未标注,③未见于条文面,
具名,kWarmup,lib/infrastructure/acr/examples/weighted_integration/route_profile_calibration.cpp:80,2,未标注,③未见于条文面,
具名,kRepeats,lib/infrastructure/acr/examples/weighted_integration/route_profile_calibration.cpp:81,5,未标注,③未见于条文面,
具名,kProfileFrames,lib/infrastructure/acr/examples/weighted_integration/weighted_integration_benchmark.cpp:77,16,未标注,③未见于条文面,
具名,kCandidateFrames,lib/infrastructure/acr/examples/weighted_integration/weighted_integration_benchmark.cpp:80,8,未标注,③未见于条文面,
具名,observed_max_in_flight,lib/infrastructure/acr/examples/weighted_integration/weighted_integration_benchmark.cpp:640,1,未标注,③未见于条文面,
具名,mx_pixels,lib/infrastructure/acr/examples/weighted_integration/weighted_integration_benchmark.cpp:932,1,未标注,③未见于条文面,
具名,mx_frames,lib/infrastructure/acr/examples/weighted_integration/weighted_integration_benchmark.cpp:933,8,未标注,③未见于条文面,
具名,kHwCpuDeviceId,lib/infrastructure/acr/include/astro/compute/hardware_profile.hpp:29,0,未标注,③未见于条文面,
具名,kHwInvalidDeviceId,lib/infrastructure/acr/include/astro/compute/hardware_profile.hpp:30,-1,未标注,③未见于条文面,
具名,a,lib/infrastructure/acr/qualification/benchmark_driver.cpp:176,2.0,未标注,③未见于条文面,
具名,a,lib/infrastructure/acr/qualification/benchmark_driver.cpp:193,3.14,未标注,③未见于条文面,
具名,chunk,lib/infrastructure/acr/qualification/benchmark_driver.cpp:230,4096,未标注,②条文有名无值,docs/algorithms/PHASE2_INTEGRATION.md:145 :1141/:1402 → p2_integrate_pixel 三调用点：chunk 并行路径
具名,ks,lib/infrastructure/acr/qualification/benchmark_driver.cpp:282,3,未标注,③未见于条文面,
具名,chunk,lib/infrastructure/acr/qualification/benchmark_driver.cpp:314,4096,未标注,②条文有名无值,docs/algorithms/PHASE2_INTEGRATION.md:145 :1141/:1402 → p2_integrate_pixel 三调用点：chunk 并行路径
具名,max_iter,lib/infrastructure/acr/qualification/benchmark_driver.cpp:457,256,未标注,②条文有名无值,docs/algorithms/CALIBRATION_ALGORITHMS.md:83 F1.3  sigma-clip 迭代 iter=0..max_iter-1 [104-133]:
具名,kMandelbrotMaxIter,lib/infrastructure/acr/qualification/benchmarks/branch_benchmark.cpp:23,256,未标注,③未见于条文面,
具名,ACR_BENCH_HAVE_HWLOC,lib/infrastructure/acr/qualification/benchmarks/numa_benchmark.cpp:27,1,未标注,③未见于条文面,
具名,n,lib/infrastructure/acr/qualification/benchmarks/overhead_benchmark.cpp:94,16,未标注,③未见于条文面,
具名,kThreadCurveN,lib/infrastructure/acr/qualification/benchmarks/thread_curve_benchmark.cpp:24,1,未标注,③未见于条文面,
具名,kUnroll,lib/infrastructure/acr/qualification/benchmarks/transfer_benchmark.cpp:42,8,未标注,③未见于条文面,
具名,kWarmup,lib/infrastructure/acr/qualification/focused/focused_benchmark.cpp:21,3,未标注,③未见于条文面,
具名,kRepeats,lib/infrastructure/acr/qualification/focused/focused_benchmark.cpp:22,7,未标注,③未见于条文面,
具名,kMedianLimit,lib/infrastructure/acr/qualification/focused/focused_benchmark.cpp:341,0.30,未标注,③未见于条文面,
具名,kP95Limit,lib/infrastructure/acr/qualification/focused/focused_benchmark.cpp:342,0.60,未标注,③未见于条文面,
具名,chunk,lib/infrastructure/acr/qualification/focused/focused_operations.cpp:132,4096,未标注,②条文有名无值,docs/algorithms/PHASE2_INTEGRATION.md:145 :1141/:1402 → p2_integrate_pixel 三调用点：chunk 并行路径
具名,chunk,lib/infrastructure/acr/qualification/focused/focused_operations.cpp:154,4096,未标注,②条文有名无值,docs/algorithms/PHASE2_INTEGRATION.md:145 :1141/:1402 → p2_integrate_pixel 三调用点：chunk 并行路径
具名,const,lib/infrastructure/acr/scheduler/device_executor.hpp:60,0,未标注,①条文含值,"docs/algorithms/COSMETIC_ALGORITHMS.md:248 - `compute_global_mad(const float*, int, float med)`（:50-54）: 复制"
具名,const,lib/infrastructure/acr/scheduler/device_executor.hpp:62,0,未标注,①条文含值,"docs/algorithms/COSMETIC_ALGORITHMS.md:248 - `compute_global_mad(const float*, int, float med)`（:50-54）: 复制"
具名,const,lib/infrastructure/acr/scheduler/device_executor.hpp:64,0,未标注,①条文含值,"docs/algorithms/COSMETIC_ALGORITHMS.md:248 - `compute_global_mad(const float*, int, float med)`（:50-54）: 复制"
具名,const,lib/infrastructure/acr/scheduler/device_executor.hpp:66,0,未标注,①条文含值,"docs/algorithms/COSMETIC_ALGORITHMS.md:248 - `compute_global_mad(const float*, int, float med)`（:50-54）: 复制"
具名,const,lib/infrastructure/acr/scheduler/device_executor.hpp:68,0,未标注,①条文含值,"docs/algorithms/COSMETIC_ALGORITHMS.md:248 - `compute_global_mad(const float*, int, float med)`（:50-54）: 复制"
具名,const,lib/infrastructure/acr/scheduler/device_executor.hpp:70,0,未标注,①条文含值,"docs/algorithms/COSMETIC_ALGORITHMS.md:248 - `compute_global_mad(const float*, int, float med)`（:50-54）: 复制"
具名,const,lib/infrastructure/acr/scheduler/device_executor.hpp:72,0,未标注,①条文含值,"docs/algorithms/COSMETIC_ALGORITHMS.md:248 - `compute_global_mad(const float*, int, float med)`（:50-54）: 复制"
具名,const,lib/infrastructure/acr/scheduler/device_executor.hpp:124,0,未标注,①条文含值,"docs/algorithms/COSMETIC_ALGORITHMS.md:248 - `compute_global_mad(const float*, int, float med)`（:50-54）: 复制"
具名,kBdrCacheMax,lib/infrastructure/acr/scheduler/dispatcher.cpp:216,128,未标注,③未见于条文面,
具名,kMaxAttempts,lib/infrastructure/acr/scheduler/dispatcher.cpp:344,4,未标注,③未见于条文面,
具名,kMaxAttempts,lib/infrastructure/acr/scheduler/dispatcher.cpp:457,4,未标注,③未见于条文面,
具名,kMaxAttempts,lib/infrastructure/acr/scheduler/dispatcher.cpp:1091,4,未标注,③未见于条文面,
具名,kAttemptShift,lib/infrastructure/acr/scheduler/shared_work_pool.hpp:74,2,未标注,③未见于条文面,
具名,ACR_HAVE_CPU_FEATURES_LIB,lib/infrastructure/acr/topology/cpu_features.cpp:18,1,未标注,③未见于条文面,
具名,ACR_HAVE_HWLOC,lib/infrastructure/acr/topology/hwloc_topo.cpp:19,1,未标注,③未见于条文面,
具名,NVML_SUCCESS,lib/infrastructure/acr/utilization/system_metrics.cpp:36,0,未标注,③未见于条文面,
具名,NVML_ERROR_UNINITIALIZED,lib/infrastructure/acr/utilization/system_metrics.cpp:37,2,未标注,③未见于条文面,
具名,NVML_ERROR_NO_PERMISSION,lib/infrastructure/acr/utilization/system_metrics.cpp:38,5,未标注,③未见于条文面,
具名,NVML_ERROR_NOT_FOUND,lib/infrastructure/acr/utilization/system_metrics.cpp:39,7,未标注,③未见于条文面,
具名,NVML_ERROR_NOT_SUPPORTED,lib/infrastructure/acr/utilization/system_metrics.cpp:40,8,未标注,③未见于条文面,
具名,NVML_ERROR_GPU_IS_LOST,lib/infrastructure/acr/utilization/system_metrics.cpp:41,13,未标注,③未见于条文面,
具名,NVML_ERROR_UNKNOWN,lib/infrastructure/acr/utilization/system_metrics.cpp:42,999,未标注,③未见于条文面,
具名,VERSION,lib/infrastructure/aio/include/aio_ahpx_format.h:12,1,未标注,①条文含值,ACCEPTANCE_SPEC.md:271 8. 版本纪律满足（发布版本号取自根 `VERSION` 单源，见 `ASTROCS_DESIGN.md` §13；alpha 阶段前程序与
具名,HEADER_FIXED_SIZE,lib/infrastructure/aio/include/aio_ahpx_format.h:16,18,未标注,③未见于条文面,
具名,AIO_HIPS_TILE_VIEW_ABI_VERSION,lib/infrastructure/aio/include/aio_hips.h:77,1u,未标注,③未见于条文面,
具名,AIO_HIPS_SNR_POINT_ABI_VERSION,lib/infrastructure/aio/include/aio_hips.h:78,1u,未标注,③未见于条文面,
具名,AIO_HIPS_DIAG_TILE_VIEW_ABI_VERSION,lib/infrastructure/aio/include/aio_hips.h:79,1u,未标注,③未见于条文面,
具名,AIO_HIPS_TILE_ABI_VERSION,lib/infrastructure/aio/include/aio_hips.h:80,1u,未标注,③未见于条文面,
具名,AIO_HIPS_VERIFY_REPORT_ABI_VERSION,lib/infrastructure/aio/include/aio_hips.h:81,1u,未标注,③未见于条文面,
具名,ACS_HIPS_MAX_FRAME_SCALE_ARCSEC,lib/infrastructure/aio/include/aio_hips.h:100,824.5167388361774,未标注,①条文含值,"docs/algorithms/HIPS_WRITER.md:219 scale 必须有限且 ∈(0, ACS_HIPS_MAX_FRAME_SCALE_ARCSEC=824.5167388361774″]"
具名,AIO_CACHE_MAX_BLOCKS,lib/infrastructure/aio/include/aio_pipeline.h:62,65536,未标注,③未见于条文面,
具名,AIO_CACHE_MAX_DIMS,lib/infrastructure/aio/include/aio_pipeline.h:63,4,未标注,③未见于条文面,
具名,AIO_CACHE_MAX_STR_LEN,lib/infrastructure/aio/include/aio_pipeline.h:66,65535,未标注,③未见于条文面,
具名,AIO_BLOCK_NAME_MAX,lib/infrastructure/aio/include/aio_pipeline.h:67,63,未标注,③未见于条文面,
具名,AIO_KEYWORD_NAME_MAX,lib/infrastructure/aio/include/astro_image_io.h:17,72,未标注,③未见于条文面,
具名,AIO_KEYWORD_VALUE_MAX,lib/infrastructure/aio/include/astro_image_io.h:18,72,未标注,③未见于条文面,
具名,AIO_KEYWORD_COMMENT_MAX,lib/infrastructure/aio/include/astro_image_io.h:19,72,未标注,③未见于条文面,
具名,AIO_PATH_MAX,lib/infrastructure/aio/include/astro_image_io.h:20,512,未标注,③未见于条文面,
具名,AIO_CTYPE_MAX,lib/infrastructure/aio/include/astro_image_io.h:21,32,未标注,③未见于条文面,
具名,AIO_RADESYS_MAX,lib/infrastructure/aio/include/astro_image_io.h:22,32,未标注,③未见于条文面,
具名,AIO_FILTER_MAX,lib/infrastructure/aio/include/astro_image_io.h:23,64,未标注,③未见于条文面,
具名,AIO_FRAME_TYPE_MAX,lib/infrastructure/aio/include/astro_image_io.h:24,32,未标注,③未见于条文面,
具名,AIO_BUNIT_MAX,lib/infrastructure/aio/include/astro_image_io.h:25,32,未标注,③未见于条文面,
具名,AIO_OBJECT_MAX,lib/infrastructure/aio/include/astro_image_io.h:26,128,未标注,③未见于条文面,
具名,AIO_OBSERVAT_MAX,lib/infrastructure/aio/include/astro_image_io.h:27,64,未标注,③未见于条文面,
具名,AIO_DATE_MAX,lib/infrastructure/aio/include/astro_image_io.h:28,64,未标注,③未见于条文面,
具名,HISS_OK,lib/infrastructure/aio/include/hiss_format.h:241,0,未标注,③未见于条文面,
具名,HISS_ERR_INVALID_ARG,lib/infrastructure/aio/include/hiss_format.h:242,-1,未标注,③未见于条文面,
具名,HISS_ERR_INVALID_STATE,lib/infrastructure/aio/include/hiss_format.h:243,-2,未标注,③未见于条文面,
具名,HISS_ERR_IO,lib/infrastructure/aio/include/hiss_format.h:244,-3,未标注,③未见于条文面,
具名,HISS_ERR_CHECKSUM,lib/infrastructure/aio/include/hiss_format.h:245,-4,未标注,③未见于条文面,
具名,HISS_ERR_FORMAT,lib/infrastructure/aio/include/hiss_format.h:246,-5,未标注,③未见于条文面,
具名,HISS_ERR_UNSUPPORTED,lib/infrastructure/aio/include/hiss_format.h:247,-6,未标注,③未见于条文面,
具名,HISS_ERR_FORMAT_VIOLATION,lib/infrastructure/aio/include/hiss_format.h:249,-8,未标注,③未见于条文面,
具名,HISS_SIGNATURE_SIZE,lib/infrastructure/aio/include/hiss_format.h:258,16,未标注,③未见于条文面,
具名,HISS_SUBBLOCK_DESC_DISK_SIZE,lib/infrastructure/aio/include/hiss_format.h:278,42,未标注,③未见于条文面,
具名,ACS_FIO_ABI_VERSION_V1,lib/infrastructure/aio/io/include/astrocs/io/fits_stream_v1.h:27,1u,未标注,③未见于条文面,
具名,ACS_FIO_HEADER_MAX_CARDS,lib/infrastructure/aio/io/include/astrocs/io/fits_stream_v1.h:28,1024,未标注,③未见于条文面,
具名,ACS_FIO_KEYWORD_NAME_MAX,lib/infrastructure/aio/io/include/astrocs/io/fits_stream_v1.h:29,9,未标注,③未见于条文面,
具名,ACS_FIO_KEYWORD_VALUE_MAX,lib/infrastructure/aio/io/include/astrocs/io/fits_stream_v1.h:30,72,未标注,③未见于条文面,
具名,ACS_FIO_KEYWORD_COMMENT_MAX,lib/infrastructure/aio/io/include/astrocs/io/fits_stream_v1.h:31,72,未标注,③未见于条文面,
具名,ACS_FIO_BUNIT_MAX,lib/infrastructure/aio/io/include/astrocs/io/fits_stream_v1.h:32,32,未标注,③未见于条文面,
具名,ACS_FIO_PATH_MAX,lib/infrastructure/aio/io/include/astrocs/io/fits_stream_v1.h:33,512,未标注,③未见于条文面,
具名,ACS_FIO_ERR_TEXT_MAX,lib/infrastructure/aio/io/include/astrocs/io/fits_stream_v1.h:34,96,未标注,③未见于条文面,
具名,ACS_FIO_NAXIS_MAX,lib/infrastructure/aio/io/include/astrocs/io/fits_stream_v1.h:35,3,未标注,③未见于条文面,
具名,ACS_FIO_DATASUM_LEN,lib/infrastructure/aio/io/include/astrocs/io/fits_stream_v1.h:36,16,未标注,③未见于条文面,
具名,ACS_HIPS_ABI_VERSION_V1,lib/infrastructure/aio/io/include/astrocs/io/hips_input_v1.h:30,1u,未标注,③未见于条文面,
具名,ACS_HIPS_ORDER_MAX,lib/infrastructure/aio/io/include/astrocs/io/hips_input_v1.h:31,29,未标注,③未见于条文面,
具名,ACS_HIPS_ORDER_MIN,lib/infrastructure/aio/io/include/astrocs/io/hips_input_v1.h:32,0,未标注,③未见于条文面,
具名,ACS_HIPS_TILE_WIDTH_MAX,lib/infrastructure/aio/io/include/astrocs/io/hips_input_v1.h:33,16384,未标注,③未见于条文面,
具名,ACS_HIPS_PROP_KEY_MAX,lib/infrastructure/aio/io/include/astrocs/io/hips_input_v1.h:34,40,未标注,③未见于条文面,
具名,ACS_HIPS_PROP_VALUE_MAX,lib/infrastructure/aio/io/include/astrocs/io/hips_input_v1.h:35,256,未标注,③未见于条文面,
具名,ACS_HIPS_PROP_MAX,lib/infrastructure/aio/io/include/astrocs/io/hips_input_v1.h:36,128,未标注,③未见于条文面,
具名,ACS_HIPS_ERR_TEXT_MAX,lib/infrastructure/aio/io/include/astrocs/io/hips_input_v1.h:37,96,未标注,③未见于条文面,
具名,ACS_HIPS_PATH_MAX,lib/infrastructure/aio/io/include/astrocs/io/hips_input_v1.h:38,1024,未标注,③未见于条文面,
具名,startPos,lib/infrastructure/aio/src/ahpx/aio_ahpx_reader.cpp:66,0,未标注,③未见于条文面,
具名,HEADER_READ_MAX,lib/infrastructure/aio/src/ahpx/aio_ahpx_reader.cpp:239,16,未标注,③未见于条文面,
具名,O_DIRECTORY,lib/infrastructure/aio/src/aio_atomic_file.h:50,0,未标注,③未见于条文面,
具名,z,lib/infrastructure/aio/src/aio_file_io.h:185,0,未标注,③未见于条文面,
具名,FITS_BLOCK_SIZE,lib/infrastructure/aio/src/aio_fits.cpp:28,2880,未标注,③未见于条文面,
具名,FITS_CARD_SIZE,lib/infrastructure/aio/src/aio_fits.cpp:29,80,未标注,③未见于条文面,
具名,def,lib/infrastructure/aio/src/aio_fits.cpp:386,0.0,未标注,③未见于条文面,
具名,AIO_BLOCK_REGISTERED_MAX,lib/infrastructure/aio/src/aio_pipeline.cpp:148,32,未标注,③未见于条文面,
具名,AIO_CACHE_VERSION,lib/infrastructure/aio/src/aio_pipeline.cpp:872,1,未标注,③未见于条文面,
具名,kDenseHeaderBytes,lib/infrastructure/aio/src/aio_upm.cpp:40,512,未标注,③未见于条文面,
具名,tile_shift,lib/infrastructure/aio/src/aio_upm.cpp:524,9,未标注,①条文含值,docs/algorithms/HEALPIX_MAPPING.md:25 tile_shift=9；mask=(1<<18)-1；nested_local_to_xy 单调。
具名,XISF_MAX_XML_HEADER_BYTES,lib/infrastructure/aio/src/aio_xisf.cpp:29,64,未标注,③未见于条文面,
具名,XISF_MAX_DIM,lib/infrastructure/aio/src/aio_xisf.cpp:33,65535,未标注,③未见于条文面,
具名,def,lib/infrastructure/aio/src/aio_xisf.cpp:383,0.0,未标注,③未见于条文面,
具名,N_LEAVES,lib/infrastructure/aio/src/healpix/aio_healpix_io.cpp:41,49152,未标注,③未见于条文面,
具名,LEAF_INDEX_SIZE,lib/infrastructure/aio/src/healpix/aio_healpix_io.cpp:42,49152,未标注,③未见于条文面,
具名,ZSTD_LEVEL,lib/infrastructure/aio/src/healpix/aio_healpix_io.cpp:45,5,未标注,②条文有名无值,"docs/contracts/API_CONTRACTS.csv:79 API-aio_ahpx_write,aio_ahpx_write,lib/infrastructure/aio/include/astro"
具名,HCSD_MAX_JSON_BYTES,lib/infrastructure/aio/src/healpix/aio_healpix_io.cpp:51,64,未标注,③未见于条文面,
具名,HIO_OK,lib/infrastructure/aio/src/healpix/aio_healpix_io.cpp:54,0,未标注,③未见于条文面,
具名,HIO_ERR_PARAM,lib/infrastructure/aio/src/healpix/aio_healpix_io.cpp:55,-1,未标注,③未见于条文面,
具名,HIO_ERR_FILE,lib/infrastructure/aio/src/healpix/aio_healpix_io.cpp:56,-2,未标注,③未见于条文面,
具名,HIO_ERR_MAGIC,lib/infrastructure/aio/src/healpix/aio_healpix_io.cpp:57,-3,未标注,③未见于条文面,
具名,HIO_ERR_ZSTD,lib/infrastructure/aio/src/healpix/aio_healpix_io.cpp:58,-4,未标注,③未见于条文面,
具名,HIO_ERR_JSON,lib/infrastructure/aio/src/healpix/aio_healpix_io.cpp:59,-5,未标注,③未见于条文面,
具名,HIO_ERR_MEM,lib/infrastructure/aio/src/healpix/aio_healpix_io.cpp:60,-6,未标注,③未见于条文面,
具名,HIO_ERR_BOUNDS,lib/infrastructure/aio/src/healpix/aio_healpix_io.cpp:61,-7,未标注,③未见于条文面,
具名,HIO_ERR_INTERNAL,lib/infrastructure/aio/src/healpix/aio_healpix_io.cpp:64,-8,未标注,③未见于条文面,
具名,kPi,lib/infrastructure/aio/src/healpix/aio_healpix_io.cpp:339,3.14159265358979323846,未标注,③未见于条文面,
具名,kMaxHCsdNPix,lib/infrastructure/aio/src/healpix/aio_healpix_io.cpp:1662,12,未标注,③未见于条文面,
具名,order_uniq_base,lib/infrastructure/aio/src/hips/aio_hips_reader.cpp:294,4,未标注,③未见于条文面,
具名,kSide,lib/infrastructure/aio/src/hips/aio_hips_writer.cpp:742,64,未标注,③未见于条文面,
具名,kShift,lib/infrastructure/aio/src/hips/aio_hips_writer.cpp:744,12,未标注,③未见于条文面,
具名,kPerAxis,lib/infrastructure/aio/src/hips/aio_hips_writer.cpp:746,512,未标注,③未见于条文面,
具名,nside_k,lib/infrastructure/aio/src/hips/aio_hips_writer.cpp:960,1,未标注,①条文含值,docs/algorithms/HIPS_WRITER.md:164 A_cell_k=4π/(12·nside_k²)；cell 归一 signal=Σflux/Σarea、
具名,A_cell_k,lib/infrastructure/aio/src/hips/aio_hips_writer.cpp:961,4.0,未标注,②条文有名无值,docs/algorithms/HIPS_WRITER.md:164 A_cell_k=4π/(12·nside_k²)；cell 归一 signal=Σflux/Σarea、
具名,n,lib/infrastructure/aio/src/hips/aio_hips_writer.cpp:979,512,未标注,③未见于条文面,
具名,nside_k,lib/infrastructure/aio/src/hips/aio_hips_writer.cpp:980,1,未标注,①条文含值,docs/algorithms/HIPS_WRITER.md:164 A_cell_k=4π/(12·nside_k²)；cell 归一 signal=Σflux/Σarea、
具名,A_cell_k,lib/infrastructure/aio/src/hips/aio_hips_writer.cpp:981,4.0,未标注,②条文有名无值,docs/algorithms/HIPS_WRITER.md:164 A_cell_k=4π/(12·nside_k²)；cell 归一 signal=Σflux/Σarea、
具名,shift,lib/infrastructure/aio/src/hips/aio_hips_writer.cpp:1112,2,未标注,①条文含值,docs/algorithms/PHASE2_COVERAGE.md:62 `lib/algorithms/shared/healpix/healpix_core.h:40-48` 的 `tile_width = 2
具名,shift,lib/infrastructure/aio/src/hips/aio_hips_writer.cpp:1137,2,未标注,①条文含值,docs/algorithms/PHASE2_COVERAGE.md:62 `lib/algorithms/shared/healpix/healpix_core.h:40-48` 的 `tile_width = 2
具名,npix_order,lib/infrastructure/aio/src/hips/aio_hips_writer.cpp:1274,12,未标注,③未见于条文面,
具名,n,lib/infrastructure/aio/src/hips/aio_hips_writer.cpp:1279,512,未标注,③未见于条文面,
具名,zsh,lib/infrastructure/aio/src/hips/aio_hips_writer.cpp:1422,2,未标注,③未见于条文面,
具名,npix_order,lib/infrastructure/aio/src/hips/aio_hips_writer.cpp:1494,12,未标注,③未见于条文面,
具名,n,lib/infrastructure/aio/src/hips/aio_hips_writer.cpp:1499,512,未标注,③未见于条文面,
具名,zsh,lib/infrastructure/aio/src/hips/aio_hips_writer.cpp:1638,2,未标注,③未见于条文面,
具名,npix_order,lib/infrastructure/aio/src/hips/aio_hips_writer.cpp:1686,12,未标注,③未见于条文面,
具名,n,lib/infrastructure/aio/src/hips/aio_hips_writer.cpp:1698,512,未标注,③未见于条文面,
具名,A_cell,lib/infrastructure/aio/src/hips/aio_hips_writer.cpp:2809,4.0,未标注,②条文有名无值,docs/algorithms/DRIZZLE_GEOMETRY.md:73 :1629；**绝对球面面积**，非无量纲覆盖分数；support = D_p/A_cell 无量纲，语义不变）。
具名,n,lib/infrastructure/aio/src/hips/aio_hips_writer.cpp:2820,512,未标注,③未见于条文面,
具名,kZstdDefaultLevel,lib/infrastructure/aio/src/hiss_codec.cpp:115,3,未标注,③未见于条文面,
具名,eps,lib/infrastructure/aio/src/hiss_common.cpp:146,1e-4,未标注,③未见于条文面,
具名,kGridSpecSize,lib/infrastructure/aio/src/hiss_reader.cpp:75,24,未标注,③未见于条文面,
具名,kTileHeaderSize,lib/infrastructure/aio/src/hiss_reader.cpp:79,15,未标注,③未见于条文面,
具名,kTlvHeaderSize,lib/infrastructure/aio/src/hiss_reader.cpp:82,7,未标注,③未见于条文面,
具名,kPi,lib/infrastructure/aio/src/hiss_reader.cpp:148,3.14159265358979323846,未标注,③未见于条文面,
具名,kTwoPi,lib/infrastructure/aio/src/hiss_reader.cpp:149,2.0,未标注,③未见于条文面,
具名,kTwoThirds,lib/infrastructure/aio/src/hiss_reader.cpp:151,2.0,未标注,③未见于条文面,
具名,element_size,lib/infrastructure/aio/src/hiss_reader.cpp:289,1,未标注,③未见于条文面,
具名,HISS_TILE_DIR_PREFIX_SIZE,lib/infrastructure/aio/src/hiss_stream_writer.cpp:65,15,未标注,③未见于条文面,
具名,HISS_TLV_HEADER_SIZE,lib/infrastructure/aio/src/hiss_stream_writer.cpp:68,7,未标注,③未见于条文面,
具名,COPY_BUF_SIZE,lib/infrastructure/aio/src/hiss_stream_writer.cpp:80,4,未标注,③未见于条文面,
具名,room,lib/infrastructure/aio/v6/src/v6_fits.cpp:78,80,未标注,③未见于条文面,
具名,offset,lib/infrastructure/aio/v6/src/v6_fits.cpp:133,0,未标注,①条文含值,docs/contracts/DATA_ARTIFACTS.md:35 | DATA-P2-REJ-001 | Phase2 rejection 产品 nused/nrej + 逐样本接受掩码 sample_ma
具名,kBenchWarmup,lib/infrastructure/benchmark/backend_host/bench_report.h:40,3,未标注,③未见于条文面,
具名,kBenchSamples,lib/infrastructure/benchmark/backend_host/bench_report.h:41,7,未标注,③未见于条文面,
具名,kMadMedianRelMax,lib/infrastructure/benchmark/backend_host/bench_report.h:42,0.35,未标注,③未见于条文面,
具名,W,lib/infrastructure/benchmark/backend_host/profile_gen.cpp:104,512,未标注,③未见于条文面,
具名,kOracleRelTol,lib/infrastructure/benchmark/backend_host/profile_gen_v2.cpp:55,2e-4,未标注,③未见于条文面,
具名,nnz,lib/infrastructure/benchmark/backend_host/profile_gen_v2.cpp:241,3,未标注,③未见于条文面,
具名,ACS_CPU_AVX2_PARAMS_VERSION,lib/infrastructure/benchmark/cpu/avx2/include/astrocs/cpu/avx2_provider_v1.h:62,1u,未标注,③未见于条文面,
具名,ACS_CPU_AVX2_KERNEL_COUNT,lib/infrastructure/benchmark/cpu/avx2/include/astrocs/cpu/avx2_provider_v1.h:63,2u,未标注,③未见于条文面,
具名,ACS_CPU_AVX2_MAX_IN_SLOTS,lib/infrastructure/benchmark/cpu/avx2/include/astrocs/cpu/avx2_provider_v1.h:64,4u,未标注,③未见于条文面,
具名,ACS_CPU_AVX2_MAX_OUT_SLOTS,lib/infrastructure/benchmark/cpu/avx2/include/astrocs/cpu/avx2_provider_v1.h:65,2u,未标注,③未见于条文面,
具名,ASTROCS_ABI_EXPORTS,lib/infrastructure/benchmark/cpu/avx2/src/avx2_provider.cpp:59,1,未标注,③未见于条文面,
具名,ACS_CPU_AVX512_PARAMS_VERSION,lib/infrastructure/benchmark/cpu/avx512/include/astrocs/cpu/avx512_provider_v1.h:74,1u,未标注,③未见于条文面,
具名,ACS_CPU_AVX512_KERNEL_COUNT,lib/infrastructure/benchmark/cpu/avx512/include/astrocs/cpu/avx512_provider_v1.h:75,1u,未标注,③未见于条文面,
具名,ACS_CPU_AVX512_MAX_IN_SLOTS,lib/infrastructure/benchmark/cpu/avx512/include/astrocs/cpu/avx512_provider_v1.h:76,4u,未标注,③未见于条文面,
具名,ACS_CPU_AVX512_MAX_OUT_SLOTS,lib/infrastructure/benchmark/cpu/avx512/include/astrocs/cpu/avx512_provider_v1.h:77,2u,未标注,③未见于条文面,
具名,ASTROCS_ABI_EXPORTS,lib/infrastructure/benchmark/cpu/avx512/src/avx512_provider.cpp:59,1,未标注,③未见于条文面,
具名,ACS_CPU_BASELINE_PARAMS_VERSION,lib/infrastructure/benchmark/cpu/baseline/include/astrocs/cpu/baseline_provider_v1.h:63,1u,未标注,③未见于条文面,
具名,ACS_CPU_BASELINE_KERNEL_COUNT,lib/infrastructure/benchmark/cpu/baseline/include/astrocs/cpu/baseline_provider_v1.h:64,12u,未标注,③未见于条文面,
具名,ACS_CPU_BASELINE_MAX_IN_SLOTS,lib/infrastructure/benchmark/cpu/baseline/include/astrocs/cpu/baseline_provider_v1.h:65,4u,未标注,③未见于条文面,
具名,ACS_CPU_BASELINE_MAX_OUT_SLOTS,lib/infrastructure/benchmark/cpu/baseline/include/astrocs/cpu/baseline_provider_v1.h:66,2u,未标注,③未见于条文面,
具名,ASTROCS_ABI_EXPORTS,lib/infrastructure/benchmark/cpu/baseline/src/baseline_provider.cpp:48,1,未标注,③未见于条文面,
具名,ACS_CAP_ABI_VERSION_V1,lib/infrastructure/benchmark/cpu/common/include/astrocs/cpu/capability_v1.h:40,1u,未标注,③未见于条文面,
具名,ACS_CAP_BRAND_MAX,lib/infrastructure/benchmark/cpu/common/include/astrocs/cpu/capability_v1.h:41,64,未标注,③未见于条文面,
具名,ACS_CAP_VENDOR_MAX,lib/infrastructure/benchmark/cpu/common/include/astrocs/cpu/capability_v1.h:42,16,未标注,③未见于条文面,
具名,ACS_CAP_ERR_TEXT_MAX,lib/infrastructure/benchmark/cpu/common/include/astrocs/cpu/capability_v1.h:43,160,未标注,③未见于条文面,
具名,ACS_CAP_SCHEMA_VER,lib/infrastructure/benchmark/cpu/common/include/astrocs/cpu/capability_v1.h:44,1u,未标注,③未见于条文面,
具名,kDiskEstimateMaxEntries,lib/infrastructure/cli/disk_gate.h:87,20000,未标注,③未见于条文面,
具名,kEventLineMaxBytes,lib/infrastructure/cli/jsonl.h:55,4096,未标注,③未见于条文面,
具名,kAllocGrowthWarnMbPerS,lib/infrastructure/cli/memory_report.h:54,2.0,未标注,③未见于条文面,
具名,kAllocReclaimWindowSeconds,lib/infrastructure/cli/memory_report.h:63,2.0,未标注,③未见于条文面,
具名,kAllocMinCurveSamples,lib/infrastructure/cli/memory_report.h:64,4,未标注,③未见于条文面,
具名,kAllocSlopeMaxPoints,lib/infrastructure/cli/memory_report.h:66,200,未标注,③未见于条文面,
具名,kPollIntervalMs,lib/infrastructure/cli/process.cpp:26,10.0,未标注,③未见于条文面,
具名,kMon001NotSampled,lib/infrastructure/cli/resource_gate.h:121,-1.0,未标注,③未见于条文面,
具名,ASTROCS_RES_HAVE_CFITSIO_LOCK_STATS,lib/infrastructure/cli/resource_recorder.h:29,1,未标注,③未见于条文面,
具名,ASTROCS_GAIA_ABI_VERSION,lib/infrastructure/gaia_xpsd_client/include/astrocs/gaia/types.h:31,1u,未标注,③未见于条文面,
具名,ASTROCS_GAIA_PLAN_VERSION,lib/infrastructure/gaia_xpsd_client/include/astrocs/gaia/types.h:61,1,未标注,③未见于条文面,
具名,kTileDim,lib/infrastructure/hips_browser/healpix_browser_qt/app/browser_cli.cpp:152,512,未标注,③未见于条文面,
具名,dec,lib/infrastructure/hips_browser/healpix_browser_qt/app/browser_cli.cpp:251,-89.0,未标注,③未见于条文面,
具名,mad,lib/infrastructure/hips_browser/healpix_browser_qt/app/browser_cli.cpp:340,1.4826,未标注,③未见于条文面,
具名,kPi,lib/infrastructure/hips_browser/healpix_browser_qt/app/browser_cli.cpp:790,3.14159265358979323846,未标注,③未见于条文面,
具名,v,lib/infrastructure/hips_browser/healpix_browser_qt/app/browser_cli.cpp:835,1.0,未标注,③未见于条文面,
具名,u,lib/infrastructure/hips_browser/healpix_browser_qt/app/browser_cli.cpp:837,2.0,未标注,③未见于条文面,
具名,v,lib/infrastructure/hips_browser/healpix_browser_qt/app/browser_cli.cpp:881,1.0,未标注,③未见于条文面,
具名,u,lib/infrastructure/hips_browser/healpix_browser_qt/app/browser_cli.cpp:883,2.0,未标注,③未见于条文面,
具名,mid,lib/infrastructure/hips_browser/healpix_browser_qt/app/stf_bar.cpp:32,0.5,未标注,③未见于条文面,
具名,bar_h,lib/infrastructure/hips_browser/healpix_browser_qt/app/stf_bar.cpp:70,12,未标注,③未见于条文面,
具名,kPad,lib/infrastructure/hips_browser/healpix_browser_qt/app/stf_bar.h:67,10,未标注,③未见于条文面,
具名,kMinWindow,lib/infrastructure/hips_browser/healpix_browser_qt/app/stf_bar.h:68,0.05,未标注,③未见于条文面,
具名,kMidLo,lib/infrastructure/hips_browser/healpix_browser_qt/app/stf_bar.h:69,0.001,未标注,③未见于条文面,
具名,M_PI,lib/infrastructure/hips_browser/healpix_browser_qt/core/gl_renderer.cpp:29,3.14159265358979323846,未标注,③未见于条文面,
具名,MAX_SEGMENTS,lib/infrastructure/hips_browser/healpix_browser_qt/core/gl_renderer.cpp:832,2048,未标注,③未见于条文面,
具名,MAX_SHIFT,lib/infrastructure/hips_browser/healpix_browser_qt/core/gl_renderer.cpp:1243,4,未标注,③未见于条文面,
具名,MAX_PIX_FOR_MESH,lib/infrastructure/hips_browser/healpix_browser_qt/core/gl_renderer.cpp:1338,4000000,未标注,③未见于条文面,
具名,TEX_SIZE,lib/infrastructure/hips_browser/healpix_browser_qt/core/gl_renderer.cpp:1676,1024,未标注,③未见于条文面,
具名,RA_SEGMENTS,lib/infrastructure/hips_browser/healpix_browser_qt/core/gl_renderer.cpp:1914,180,未标注,③未见于条文面,
具名,DEC_SEGMENTS,lib/infrastructure/hips_browser/healpix_browser_qt/core/gl_renderer.cpp:1915,360,未标注,③未见于条文面,
具名,total,lib/infrastructure/hips_browser/healpix_browser_qt/core/healpix_math.cpp:47,12,未标注,②条文有名无值,"docs/contracts/unified_object_registry.json:355 ""total"": 7,"
具名,bit_shift,lib/infrastructure/hips_browser/healpix_browser_qt/core/healpix_math.cpp:82,2,未标注,③未见于条文面,
具名,kTileShift,lib/infrastructure/hips_browser/healpix_browser_qt/core/hips_browser_backend.cpp:33,9,未标注,①条文含值,docs/algorithms/PHASE2_SAMPLER.md:106 | kTileWidth/kTileShift | :75-76 | 512×512 tile，shift=log2(512)=9 |
具名,kTileDim,lib/infrastructure/hips_browser/healpix_browser_qt/core/hips_browser_backend.cpp:35,512,未标注,③未见于条文面,
具名,max,lib/infrastructure/hips_browser/healpix_browser_qt/core/hips_browser_backend.cpp:346,100000,未标注,③未见于条文面,
具名,kPi,lib/infrastructure/hips_browser/healpix_browser_qt/core/hips_sky_view.cpp:22,3.14159265358979323846,未标注,③未见于条文面,
具名,kTileShift,lib/infrastructure/hips_browser/healpix_browser_qt/core/hips_sky_view.cpp:25,9,未标注,①条文含值,docs/algorithms/PHASE2_SAMPLER.md:106 | kTileWidth/kTileShift | :75-76 | 512×512 tile，shift=log2(512)=9 |
具名,mad,lib/infrastructure/hips_browser/healpix_browser_qt/core/hips_sky_view.cpp:54,1.4826,未标注,③未见于条文面,
具名,v,lib/infrastructure/hips_browser/healpix_browser_qt/core/hips_sky_view.cpp:323,1.0,未标注,③未见于条文面,
具名,u,lib/infrastructure/hips_browser/healpix_browser_qt/core/hips_sky_view.cpp:325,2.0,未标注,③未见于条文面,
具名,MAX_LOG_BUFFER,lib/infrastructure/hips_browser/healpix_browser_qt/core/logger.h:29,50000,未标注,③未见于条文面,
具名,MAX_SAMPLE,lib/infrastructure/hips_browser/healpix_browser_qt/widgets/abstract_view.cpp:90,100000,未标注,③未见于条文面,
具名,MAX_SAMPLE,lib/infrastructure/hips_browser/healpix_browser_qt/widgets/abstract_view.cpp:223,100000,未标注,③未见于条文面,
具名,const,lib/infrastructure/hips_browser/healpix_browser_qt/widgets/abstract_view.h:40,0,未标注,①条文含值,"docs/algorithms/COSMETIC_ALGORITHMS.md:248 - `compute_global_mad(const float*, int, float med)`（:50-54）: 复制"
具名,kPi,lib/infrastructure/hips_browser/healpix_browser_qt/widgets/hips_view.cpp:17,3.14159265358979323846,未标注,③未见于条文面,
具名,u,lib/infrastructure/hips_browser/healpix_browser_qt/widgets/hips_view.cpp:130,2.0,未标注,③未见于条文面,
具名,v,lib/infrastructure/hips_browser/healpix_browser_qt/widgets/hips_view.cpp:131,1.0,未标注,③未见于条文面,
具名,M_PI,lib/infrastructure/hips_browser/healpix_browser_qt/widgets/sphere_view.cpp:25,3.14159265358979323846,未标注,③未见于条文面,
具名,MIN_FOV,lib/infrastructure/hips_browser/healpix_browser_qt/widgets/sphere_view.h:102,0.01,未标注,③未见于条文面,
具名,MAX_FOV,lib/infrastructure/hips_browser/healpix_browser_qt/widgets/sphere_view.h:103,50.0,未标注,③未见于条文面,
具名,FOV_SPEED,lib/infrastructure/hips_browser/healpix_browser_qt/widgets/sphere_view.h:105,0.0015,未标注,③未见于条文面,
具名,DRAG_RATIO,lib/infrastructure/hips_browser/healpix_browser_qt/widgets/sphere_view.h:107,0.003,未标注,③未见于条文面,
具名,ARROW_RATIO,lib/infrastructure/hips_browser/healpix_browser_qt/widgets/sphere_view.h:109,0.1,未标注,③未见于条文面,
具名,FOV_STEP,lib/infrastructure/hips_browser/healpix_browser_qt/widgets/sphere_view.h:111,1.2,未标注,③未见于条文面,
具名,kMaxTags,lib/infrastructure/observability/probes/include/astrocs/probe.h:111,8,未标注,③未见于条文面,
具名,ACS_REGISTRY_VERSION_V1,lib/infrastructure/pipeline/module_loader/module_registry.h:40,1u,未标注,③未见于条文面,
具名,ACS_SECURE_LOADER_VERSION_V1,lib/infrastructure/pipeline/module_loader/secure_loader.h:52,1u,未标注,③未见于条文面,
具名,LOAD_HIGH_THRESHOLD,lib/infrastructure/pipeline/orchestrator/cpp/include/admission_controller.h:114,90.0,未标注,③未见于条文面,
具名,LOAD_THROTTLE_THRESHOLD,lib/infrastructure/pipeline/orchestrator/cpp/include/admission_controller.h:115,70.0,未标注,③未见于条文面,
具名,LOAD_FULL_SPEED_THRESHOLD,lib/infrastructure/pipeline/orchestrator/cpp/include/admission_controller.h:116,60.0,未标注,③未见于条文面,
具名,HISTORY_MAX,lib/infrastructure/pipeline/orchestrator/cpp/include/admission_controller.h:142,20,未标注,③未见于条文面,
具名,SUCCESS,lib/infrastructure/pipeline/orchestrator/cpp/include/orchestrator.h:144,0,未标注,①条文含值,docs/algorithms/PLATESOLVE.md:155 - **失败面**：`success == 0` 时 `error_msg` **必须**非空；错误串的内容**必须**点名失败面
具名,GENERIC_ERROR,lib/infrastructure/pipeline/orchestrator/cpp/include/orchestrator.h:145,1,未标注,③未见于条文面,
具名,DLL_LOAD_FAILED,lib/infrastructure/pipeline/orchestrator/cpp/include/orchestrator.h:146,2,未标注,③未见于条文面,
具名,BLOCK_MISSING,lib/infrastructure/pipeline/orchestrator/cpp/include/orchestrator.h:147,3,未标注,①条文含值,docs/algorithms/PLATESOLVE.md:268 :1832；过滤后 0 星 → BLOCK_MISSING :1896；求解失败 → PLATESOLVE_FAILED
具名,CALIBRATE_FAILED,lib/infrastructure/pipeline/orchestrator/cpp/include/orchestrator.h:148,4,未标注,③未见于条文面,
具名,PLATESOLVE_FAILED,lib/infrastructure/pipeline/orchestrator/cpp/include/orchestrator.h:149,5,未标注,②条文有名无值,docs/algorithms/PLATESOLVE.md:254 | orchestrator 调用与写回 | orchestrator.cpp:1967-2049 | 求解调用 :1967；失败 → PL
具名,DRIZZLE_FAILED,lib/infrastructure/pipeline/orchestrator/cpp/include/orchestrator.h:150,6,未标注,③未见于条文面,
具名,CONFIG_ERROR,lib/infrastructure/pipeline/orchestrator/cpp/include/orchestrator.h:151,7,未标注,③未见于条文面,
具名,FILE_IO_ERROR,lib/infrastructure/pipeline/orchestrator/cpp/include/orchestrator.h:152,8,未标注,③未见于条文面,
具名,TIMEOUT,lib/infrastructure/pipeline/orchestrator/cpp/include/orchestrator.h:153,9,未标注,①条文含值,docs/ci/01_CHECKS.md:96 | CHK-REALDATA-E2E | 科学 | 真实数据 E2E（slow/heavy，linux-deep） | `python3 e
具名,CANCELLED,lib/infrastructure/pipeline/orchestrator/cpp/include/orchestrator.h:154,10,未标注,②条文有名无值,"docs/algorithms/PHASE2_SESSION.md:228 stage 标 ""cancelled"" + 返回 ACS_ERR_CANCELLED。"
具名,STAR_DETECT_FAILED,lib/infrastructure/pipeline/orchestrator/cpp/include/orchestrator.h:157,20,未标注,②条文有名无值,docs/algorithms/STAR_DETECTION_ALGORITHMS.md:159 det_count≤0 → STAR_DETECT_FAILED）。
具名,PSF_FAILED,lib/infrastructure/pipeline/orchestrator/cpp/include/orchestrator.h:158,21,未标注,③未见于条文面,
具名,PHOTOMETRIC_FAILED,lib/infrastructure/pipeline/orchestrator/cpp/include/orchestrator.h:159,22,未标注,③未见于条文面,
具名,SNR_FAILED,lib/infrastructure/pipeline/orchestrator/cpp/include/orchestrator.h:160,23,未标注,③未见于条文面,
具名,STACK_FAILED,lib/infrastructure/pipeline/orchestrator/cpp/include/orchestrator.h:161,24,未标注,③未见于条文面,
具名,HISS_INVALID,lib/infrastructure/pipeline/orchestrator/cpp/include/orchestrator.h:162,25,未标注,③未见于条文面,
具名,HCSD_INVALID,lib/infrastructure/pipeline/orchestrator/cpp/include/orchestrator.h:163,26,未标注,③未见于条文面,
具名,MODULE_ABI_UNSUPPORTED,lib/infrastructure/pipeline/orchestrator/cpp/include/orchestrator.h:164,27,未标注,③未见于条文面,
具名,INPUT_INVALID,lib/infrastructure/pipeline/orchestrator/cpp/include/orchestrator.h:165,28,未标注,③未见于条文面,
具名,MODULE_SPECIFIC_BASE,lib/infrastructure/pipeline/orchestrator/cpp/include/orchestrator.h:166,100,未标注,③未见于条文面,
具名,DEFAULT_WINDOW_SEC,lib/infrastructure/pipeline/orchestrator/cpp/include/resource_monitor.h:100,60.0,未标注,③未见于条文面,
具名,DEFAULT_SAMPLE_INTERVAL,lib/infrastructure/pipeline/orchestrator/cpp/include/resource_monitor.h:101,0.5,未标注,③未见于条文面,
具名,PROMOTE_AFTER_DEFERS,lib/infrastructure/pipeline/orchestrator/cpp/include/spill_manager.h:66,3,未标注,③未见于条文面,
具名,MAX_DEFER_SEC,lib/infrastructure/pipeline/orchestrator/cpp/include/spill_manager.h:67,300.0,未标注,③未见于条文面,
具名,default_val,lib/infrastructure/pipeline/orchestrator/cpp/src/checkpoint.cpp:141,0,未标注,③未见于条文面,
具名,default_val,lib/infrastructure/pipeline/orchestrator/cpp/src/checkpoint.cpp:171,0.0,未标注,③未见于条文面,
具名,kSmCols,lib/infrastructure/pipeline/orchestrator/cpp/src/orchestrator.cpp:2424,15,未标注,③未见于条文面,
具名,want,lib/infrastructure/pipeline/orchestrator/cpp/src/orchestrator.cpp:3120,1024,未标注,③未见于条文面,
具名,nside_leaf,lib/infrastructure/pipeline/orchestrator/cpp/src/orchestrator.cpp:3956,1,未标注,①条文含值,"docs/algorithms/PHASE3_RSMP_IMPL.md:226 `ang2pix(nside_leaf)` → 精确 cell（tile=leaf>>18, local 如 §6.4）。"
具名,a_cell,lib/infrastructure/pipeline/orchestrator/cpp/src/orchestrator.cpp:3957,4.0,未标注,②条文有名无值,docs/algorithms/DRIZZLE_GEOMETRY.md:73 :1629；**绝对球面面积**，非无量纲覆盖分数；support = D_p/A_cell 无量纲，语义不变）。
具名,n_pix,lib/infrastructure/pipeline/orchestrator/cpp/src/orchestrator.cpp:3958,512,未标注,②条文有名无值,docs/algorithms/CALIBRATION_ALGORITHMS.md:324 | 内存 | 输出缓冲调用方分配；模块内 std::vector RAII。峰值额外内存: generate_master O(n_fram
具名,kMaxSamples,lib/infrastructure/pipeline/orchestrator/cpp/src/orchestrator.cpp:5016,128,未标注,③未见于条文面,
具名,kMinWorkers,lib/infrastructure/scheduler/src/export_stream.cpp:43,1,未标注,③未见于条文面,
具名,cap,lib/infrastructure/scheduler/src/export_stream.cpp:113,2,未标注,③未见于条文面,
具名,kP1D2R,lib/infrastructure/scheduler/src/module_adapters.cpp:467,0.01745329251994329577,未标注,③未见于条文面,
具名,kP1R2D,lib/infrastructure/scheduler/src/module_adapters.cpp:468,57.29577951308232087680,未标注,③未见于条文面,
具名,kP1FitsPixelOrigin,lib/infrastructure/scheduler/src/module_adapters.cpp:470,1.0,未标注,③未见于条文面,
具名,inv,lib/infrastructure/scheduler/src/module_adapters.cpp:1744,1.0,未标注,③未见于条文面,
具名,kTotal,lib/infrastructure/scheduler/src/module_adapters.cpp:1874,8,未标注,③未见于条文面,
具名,kMaxReruns,lib/infrastructure/scheduler/src/module_adapters.cpp:2011,8,未标注,③未见于条文面,
具名,kGateSleepMs,lib/infrastructure/scheduler/src/module_adapters.cpp:2012,50,未标注,③未见于条文面,
具名,kP1FrameMemSafetyFrac,lib/infrastructure/scheduler/src/module_adapters.cpp:2236,0.75,未标注,③未见于条文面,
具名,kP1BadcolMasterSigmaDefault,lib/infrastructure/scheduler/src/module_adapters.cpp:2735,10.5,未标注,③未见于条文面,
具名,kP1BadcolMasterWideFracMax,lib/infrastructure/scheduler/src/module_adapters.cpp:2746,1e-3,未标注,③未见于条文面,
具名,kP1GuidedMaxStarsLo,lib/infrastructure/scheduler/src/module_adapters.cpp:3298,20000,未标注,③未见于条文面,
具名,kP1GuidedMaxStarsHi,lib/infrastructure/scheduler/src/module_adapters.cpp:3299,50000,未标注,③未见于条文面,
具名,kP1GuidedAsecPerUmPerMm,lib/infrastructure/scheduler/src/module_adapters.cpp:3302,206.265,未标注,③未见于条文面,
具名,cd0_12,lib/infrastructure/scheduler/src/module_adapters.cpp:3558,0.0,未标注,③未见于条文面,
具名,kP9AsecPerUmPerMm,lib/infrastructure/scheduler/src/module_adapters.cpp:4506,206.265,未标注,③未见于条文面,
具名,P1_PHOT_MAX_SIGMA_DEX,lib/infrastructure/scheduler/src/module_adapters.cpp:5327,1.0,未标注,②条文有名无值,docs/design/PHASE1_DETAILED_DESIGN.md:68 `k_photo` 非物理、帧内残差散度超 `P1_PHOT_MAX_SIGMA_DEX`）⇒ **该帧 fail，其余帧照常完成**：
具名,P1_PHOT_MAX_SPREAD_DEX,lib/infrastructure/scheduler/src/module_adapters.cpp:5328,0.02,未标注,③未见于条文面,
具名,kDefaultSpatialGainOrder,lib/infrastructure/scheduler/src/module_adapters.cpp:5471,2,未标注,③未见于条文面,
具名,int64_t,lib/infrastructure/scheduler/src/module_adapters.cpp:5612,0,未标注,②条文有名无值,"docs/contracts/API_CONTRACTS.csv:21 API-aio_hips_read_snr_catalog,aio_hips_read_snr_catalog,lib/infrastruc"
具名,kP2TileLeafSpan,lib/infrastructure/scheduler/src/module_adapters.cpp:9036,512,未标注,③未见于条文面,
具名,kP2TileShift,lib/infrastructure/scheduler/src/module_adapters.cpp:9037,9,未标注,③未见于条文面,
具名,px_scale,lib/infrastructure/scheduler/src/module_adapters.cpp:9893,0.0,未标注,③未见于条文面,
具名,kHalf,lib/infrastructure/scheduler/src/module_adapters.cpp:10772,15,未标注,③未见于条文面,
具名,kTw,lib/infrastructure/scheduler/src/module_adapters.cpp:10773,512,未标注,③未见于条文面,
具名,kMinValid,lib/infrastructure/scheduler/src/module_adapters.cpp:10774,9,未标注,③未见于条文面,
具名,sigma,lib/infrastructure/scheduler/src/module_adapters.cpp:10807,1.4826,未标注,②条文有名无值,docs/algorithms/CALIBRATION_ALGORITHMS.md:22 - 负责: master bias/dark/flat 生成（sigma-clip 合并）、单帧校准算术、
具名,prior_unavailable_pixels,lib/infrastructure/scheduler/src/module_adapters.cpp:11179,0,未标注,③未见于条文面,
具名,kP3DefaultSubBlockPx,lib/infrastructure/scheduler/src/module_adapters.cpp:13552,256,未标注,③未见于条文面,
具名,kP3MinSubBlockPx,lib/infrastructure/scheduler/src/module_adapters.cpp:13553,16,未标注,③未见于条文面,
具名,kP3MaxSubBlockPx,lib/infrastructure/scheduler/src/module_adapters.cpp:13554,1024,未标注,③未见于条文面,
具名,kP3DefaultQueueDepth,lib/infrastructure/scheduler/src/module_adapters.cpp:13555,4,未标注,③未见于条文面,
具名,per_tile,lib/infrastructure/scheduler/src/module_adapters.cpp:14220,512,未标注,③未见于条文面,
具名,snr,lib/infrastructure/scheduler/src/mosaic_window.cpp:46,10.0,未标注,③未见于条文面,
具名,value,lib/infrastructure/scheduler/src/mosaic_window.cpp:47,100.0,未标注,②条文有名无值,docs/algorithms/HIPS_WRITER.md:202 - (5b) properties（write_properties :285-293 裸 `key=value\n` 直写，fopen
具名,kMinWorkers,lib/infrastructure/scheduler/src/mosaic_window.cpp:60,1,未标注,③未见于条文面,
具名,kPixelsPerTile,lib/infrastructure/scheduler/src/mosaic_window.cpp:187,64,未标注,③未见于条文面,
具名,kPixelsPerTile,lib/infrastructure/scheduler/src/mosaic_window.cpp:298,64,未标注,③未见于条文面,
具名,ptr_vecs,lib/infrastructure/scheduler/src/mosaic_window.cpp:301,2,未标注,③未见于条文面,
具名,kMinWorkers,lib/infrastructure/scheduler/src/normalize_workflow.cpp:188,1,未标注,③未见于条文面,
具名,kMaxUsefulWorkers,lib/infrastructure/scheduler/src/plan_estimator.cpp:30,1024,未标注,③未见于条文面,
具名,kRowBandRows,lib/infrastructure/scheduler/src/plan_estimator.cpp:33,16,未标注,③未见于条文面,
具名,kTinyOutputPixels,lib/infrastructure/scheduler/src/plan_estimator.cpp:35,128,未标注,③未见于条文面,
具名,kF32Bytes,lib/infrastructure/scheduler/src/plan_estimator.cpp:37,4,未标注,③未见于条文面,
具名,kF64Bytes,lib/infrastructure/scheduler/src/plan_estimator.cpp:38,8,未标注,③未见于条文面,
具名,kPi,lib/infrastructure/scheduler/src/plan_estimator.cpp:81,3.14159265358979323846264338327950288,未标注,③未见于条文面,
具名,leaf_nside,lib/infrastructure/scheduler/src/plan_estimator.cpp:179,512,未标注,③未见于条文面,
具名,const_margin,lib/infrastructure/scheduler/src/plan_estimator.cpp:534,2,未标注,③未见于条文面,
具名,kRowsPerBand,lib/phase3_session/p3_v6_export.cpp:124,2,未标注,③未见于条文面,
具名,product_version,eng/cmake/install_layout.cmake:153,.1,未标注,③未见于条文面,
具名,source_commit,eng/cmake/install_layout.cmake:154,.2,未标注,②条文有名无值,docs/contracts/CONFIG_CONTRACT.md:133 - **绑定**：CPU（`host.vendor/family/model/stepping/xcr0`）· OS（`host.os_ab
具名,std_val,lib/algorithms/calibration/cpp/cosmetic_corrector.cpp:228,1.482602218505602,未标注,③未见于条文面,
具名,sum,lib/algorithms/calibration/cpp/cosmetic_corrector.cpp:230,0.0,未标注,③未见于条文面,
具名,std_val,lib/algorithms/calibration/cpp/cosmetic_corrector.cpp:236,0.0,未标注,③未见于条文面,
具名,median,lib/algorithms/calibration/cpp/cosmetic_corrector.cpp:241,.1f;.4f,未标注,②条文有名无值,ACCEPTANCE_SPEC.md:233 | 无接缝 | 帧间、块间无亮度/灰度阶跃，无重影、错位与重复星点。**可执行门槛（机器门 `CHK-L4-SEAM-FOOTPRINT`）
具名,std_val,lib/algorithms/calibration/cpp/cosmetic_corrector.cpp:298,1.482602218505602,未标注,③未见于条文面,
具名,sum,lib/algorithms/calibration/cpp/cosmetic_corrector.cpp:300,0.0,未标注,③未见于条文面,
具名,std_val,lib/algorithms/calibration/cpp/cosmetic_corrector.cpp:306,0.0,未标注,③未见于条文面,
具名,median,lib/algorithms/calibration/cpp/cosmetic_corrector.cpp:311,.1f;.4f,未标注,②条文有名无值,ACCEPTANCE_SPEC.md:233 | 无接缝 | 帧间、块间无亮度/灰度阶跃，无重影、错位与重复星点。**可执行门槛（机器门 `CHK-L4-SEAM-FOOTPRINT`）
具名,sigma_col,lib/algorithms/calibration/include/astro_calibration.h:150,1.482602218505602,未标注,③未见于条文面,
具名,bias²,lib/algorithms/calibration/include/astro_calibration.h:292,1.5e-4,未标注,③未见于条文面,
具名,version,lib/algorithms/calibration/include/astrocs/calibration/types.h:10,.0;.1;0.1,未标注,②条文有名无值,"ACCEPTANCE_SPEC.md:13 REL[""发布预览版<br/>版本号取自仓库根 VERSION<br/>负责人决定""]"
具名,dark_opt,lib/algorithms/calibration/include/astrocs/calibration/v6_calibration_covariance.h:8,0.1,未标注,①条文含值,docs/algorithms/CALIBRATION_ALGORITHMS.md:14 （dark_opt 双分支 + flat_norm median=1.0 / floor 0.1）、§9a 专属问题
具名,dark_opt,lib/algorithms/calibration/include/astrocs/calibration/v6_calibration_covariance.h:9,0.1,未标注,①条文含值,docs/algorithms/CALIBRATION_ALGORITHMS.md:14 （dark_opt 双分支 + flat_norm median=1.0 / floor 0.1）、§9a 专属问题
具名,gain,lib/algorithms/calibration/include/astrocs/calibration/v6_calibration_covariance.h:84,0.0,未标注,②条文有名无值,ASTROCS_DESIGN.md:161 分离需要额外支撑先验（暗帧、平场对/光子转移曲线、可信 `GAIN`、多曝光）；秩的代数依据见
具名,read_noise_e,lib/algorithms/calibration/include/astrocs/calibration/v6_calibration_covariance.h:86,0.0,未标注,②条文有名无值,docs/algorithms/NOISE_ESTIMATION.md:198 | DISP-NOISE-003 | `SnrNoiseModelConfig.gain_e_per_adu/read_noise_e/us
具名,q_adu,lib/algorithms/calibration/include/astrocs/calibration/v6_calibration_covariance.h:88,1.0,未标注,③未见于条文面,
具名,v_single_frame,lib/algorithms/calibration/include/astrocs/calibration/v6_calibration_covariance.h:100,0.0,未标注,③未见于条文面,
具名,common_mode_variance,lib/algorithms/calibration/include/astrocs/calibration/v6_calibration_covariance.h:102,0.0,未标注,③未见于条文面,
具名,read_noise,lib/algorithms/calibration/include/astrocs/calibration/v6_calibration_covariance.h:109,0.0,未标注,②条文有名无值,docs/contracts/PUBLIC_API.md:454 gain e⁻/ADU、read_noise e⁻。逐字段语义见 DATA_SEMANTICS §13
具名,photon_light,lib/algorithms/calibration/include/astrocs/calibration/v6_calibration_covariance.h:110,0.0,未标注,③未见于条文面,
具名,quantization,lib/algorithms/calibration/include/astrocs/calibration/v6_calibration_covariance.h:111,0.0,未标注,①条文含值,docs/algorithms/PHOTOMETRIC_FIT.md:223 **量化误差（真实数据实测，4 000 颗星）**：逐样本相对半步步长 `0.5·flux_mul/F` 的中位 **0.27%**、p90
具名,dark_photon,lib/algorithms/calibration/include/astrocs/calibration/v6_calibration_covariance.h:112,0.0,未标注,③未见于条文面,
具名,scale,lib/algorithms/calibration/include/astrocs/calibration/v6_calibration_covariance.h:130,0.0,未标注,②条文有名无值,docs/algorithms/CALIBRATION_ALGORITHMS.md:61 U1 亮场域 ≫ 1 ADU 而 bias/dark 中位数 ≤ 1.0 且未声明 normalized+scale ⇒ 拒；
具名,alpha_m,lib/algorithms/calibration/include/astrocs/calibration/v6_calibration_covariance.h:135,0.0,未标注,③未见于条文面,
具名,master_variance,lib/algorithms/calibration/include/astrocs/calibration/v6_calibration_covariance.h:136,0.0,未标注,③未见于条文面,
具名,system_error_budget_variance,lib/algorithms/calibration/include/astrocs/calibration/v6_calibration_covariance.h:145,0.0,未标注,③未见于条文面,
具名,r,lib/algorithms/calibration/include/astrocs/calibration/v6_calibration_covariance.h:154,0.0,未标注,③未见于条文面,
具名,bias_light,lib/algorithms/calibration/include/astrocs/calibration/v6_calibration_covariance.h:156,0.0,未标注,③未见于条文面,
具名,bias_dark,lib/algorithms/calibration/include/astrocs/calibration/v6_calibration_covariance.h:158,0.0,未标注,③未见于条文面,
具名,dark,lib/algorithms/calibration/include/astrocs/calibration/v6_calibration_covariance.h:160,0.0,未标注,②条文有名无值,ACCEPTANCE_SPEC.md:181 **数据**：从 `testdata/` 抽取小批量帧（每个滤镜组少量亮场 + 对应 bias/dark/flat，构成完整数据块），覆盖至
具名,flat,lib/algorithms/calibration/include/astrocs/calibration/v6_calibration_covariance.h:162,1.0,未标注,②条文有名无值,ACCEPTANCE_SPEC.md:181 **数据**：从 `testdata/` 抽取小批量帧（每个滤镜组少量亮场 + 对应 bias/dark/flat，构成完整数据块），覆盖至
具名,empirical_variance,lib/algorithms/calibration/include/astrocs/calibration/v6_calibration_covariance.h:164,0.0,未标注,③未见于条文面,
具名,alpha,lib/algorithms/calibration/include/astrocs/calibration/v6_calibration_covariance.h:169,1.0,未标注,②条文有名无值,ACCEPTANCE_SPEC.md:33 三个创新点（最高设计 §2）各立一个自包含实验单元，alpha 发布前必须全部跑通并经独立审稿。**实验单元目录结构与报告八要素的唯一正本 
具名,self_variance,lib/algorithms/calibration/include/astrocs/calibration/v6_calibration_covariance.h:183,0.0,未标注,③未见于条文面,
具名,y,lib/algorithms/calibration/include/astrocs/calibration/v6_calibration_covariance.h:190,0.0,未标注,③未见于条文面,
具名,v_cal,lib/algorithms/calibration/include/astrocs/calibration/v6_calibration_covariance.h:198,0.0,未标注,③未见于条文面,
具名,v_cal_independent,lib/algorithms/calibration/include/astrocs/calibration/v6_calibration_covariance.h:199,0.0,未标注,③未见于条文面,
具名,v_cal_shared_diagonal,lib/algorithms/calibration/include/astrocs/calibration/v6_calibration_covariance.h:200,0.0,未标注,③未见于条文面,
具名,sigma_cal,lib/algorithms/calibration/include/astrocs/calibration/v6_calibration_covariance.h:201,0.0,未标注,③未见于条文面,
具名,shared_variance,lib/algorithms/calibration/include/astrocs/calibration/v6_calibration_covariance.h:231,0.0,未标注,③未见于条文面,
具名,naive_variance,lib/algorithms/calibration/include/astrocs/calibration/v6_calibration_covariance.h:232,0.0,未标注,③未见于条文面,
具名,joint_variance,lib/algorithms/calibration/include/astrocs/calibration/v6_calibration_covariance.h:233,0.0,未标注,③未见于条文面,
具名,ratio,lib/algorithms/calibration/include/astrocs/calibration/v6_calibration_covariance.h:234,1.0,未标注,②条文有名无值,docs/algorithms/UPM_SOLVER.md:127 - var(median)≈πσ²/(2N)：Hoaglin et al. 1983；UPMW-004 实证 ratio 0.997（SCI
具名,sig_col_f32,lib/algorithms/calibration/src/ac_api.cpp:345,0.0f,未标注,③未见于条文面,
具名,inv,lib/algorithms/calibration/src/calibrator.cpp:93,1.0f,未标注,③未见于条文面,
具名,v,lib/algorithms/calibration/src/calibrator.cpp:97,0.1f,未标注,③未见于条文面,
具名,sigma,lib/algorithms/calibration/src/cosmetic_corrector.cpp:126,1.482602218505602f,未标注,②条文有名无值,docs/algorithms/CALIBRATION_ALGORITHMS.md:22 - 负责: master bias/dark/flat 生成（sigma-clip 合并）、单帧校准算术、
具名,sigma,lib/algorithms/calibration/src/cosmetic_corrector.cpp:147,1.482602218505602f,未标注,②条文有名无值,docs/algorithms/CALIBRATION_ALGORITHMS.md:22 - 负责: master bias/dark/flat 生成（sigma-clip 合并）、单帧校准算术、
具名,sum_wv,lib/algorithms/calibration/src/cosmetic_corrector.cpp:204,0.0f,未标注,③未见于条文面,
具名,weight,lib/algorithms/calibration/src/cosmetic_corrector.cpp:214,1.0f,未标注,②条文有名无值,ASTROCS_DESIGN.md:187 - 方法学对标 PixInsight 公开文档中的 PSFSNR（功率比信噪比）；PixInsight 的 PSF Signal Weigh
具名,out_sigma_col,lib/algorithms/calibration/src/cosmetic_corrector.cpp:330,0.0f,未标注,③未见于条文面,
具名,out_sigma_col,lib/algorithms/calibration/src/cosmetic_corrector.cpp:525,0.0f,未标注,③未见于条文面,
具名,out_sigma_col,lib/algorithms/calibration/src/cosmetic_corrector.cpp:608,0.0f,未标注,③未见于条文面,
具名,out_sigma_col_dark,lib/algorithms/calibration/src/cosmetic_corrector.cpp:609,0.0f,未标注,③未见于条文面,
具名,out_sigma_col_bias,lib/algorithms/calibration/src/cosmetic_corrector.cpp:610,0.0f,未标注,③未见于条文面,
具名,m_sigma_raw,lib/algorithms/calibration/src/cosmetic_corrector.cpp:616,0.0f,未标注,③未见于条文面,
具名,sig_sci,lib/algorithms/calibration/src/cosmetic_corrector.cpp:625,0.0f,未标注,③未见于条文面,
具名,out_w2_mean,lib/algorithms/calibration/src/cosmetic_corrector.cpp:731,0.0f,未标注,③未见于条文面,
具名,w2_acc,lib/algorithms/calibration/src/cosmetic_corrector.cpp:736,0.0,未标注,③未见于条文面,
具名,inv,lib/algorithms/calibration/src/cosmetic_corrector.cpp:754,0.0f;1.0f,未标注,③未见于条文面,
具名,w2,lib/algorithms/calibration/src/cosmetic_corrector.cpp:762,1.0f,未标注,③未见于条文面,
具名,lsigma,lib/algorithms/calibration/src/dark_optimizer.cpp:131,1.482602218505602f,未标注,②条文有名无值,docs/algorithms/REJECTION_ALGORITHMS.md:192 `mclip=yes`/`lsigma=3.`/`hsigma=3.`/`pclip=-0.5`/`sigscale=0.1`/`grow=
具名,c_est,lib/algorithms/calibration/src/dark_optimizer.cpp:223,0.0f,未标注,②条文有名无值,"docs/science/NOISE_MODEL.md:324 - **σ_sky 入参口径与 c_est 单位（SCI-B 定案，防双计）**：① 逐像素噪声组合 `σ_i² = σ_sky,i² + "
具名,sx,lib/algorithms/calibration/src/dark_optimizer.cpp:227,0.0,未标注,③未见于条文面,
具名,rsigma,lib/algorithms/calibration/src/dark_optimizer.cpp:276,1.482602218505602f,未标注,③未见于条文面,
具名,ysigma,lib/algorithms/calibration/src/dark_optimizer.cpp:329,1.482602218505602f,未标注,③未见于条文面,
具名,rsigma,lib/algorithms/calibration/src/dark_optimizer.cpp:334,1.482602218505602f,未标注,③未见于条文面,
具名,k,lib/algorithms/calibration/src/dark_optimizer.cpp:360,.4f,未标注,③未见于条文面,
具名,n_frames,lib/algorithms/calibration/src/master_generator.cpp:71,.2f,未标注,②条文有名无值,docs/algorithms/CALIBRATION_ALGORITHMS.md:70 源码锚: `master_generator.cpp:67-164`。输入 `stack[n_frames][h][w]` float32
具名,sum,lib/algorithms/calibration/src/master_generator.cpp:149,0.0f,未标注,③未见于条文面,
具名,n_frames,lib/algorithms/calibration/src/master_generator.cpp:182,.2f,未标注,②条文有名无值,docs/algorithms/CALIBRATION_ALGORITHMS.md:70 源码锚: `master_generator.cpp:67-164`。输入 `stack[n_frames][h][w]` float32
具名,frame_med,lib/algorithms/calibration/src/master_generator.cpp:231,0.0f;1.0f,未标注,②条文有名无值,docs/algorithms/CALIBRATION_ALGORITHMS.md:122 frame_med = median(tmp)                                  # [223]
具名,v,lib/algorithms/calibration/src/master_generator.cpp:243,0.1f,未标注,③未见于条文面,
具名,final_med,lib/algorithms/calibration/src/master_generator.cpp:273,0.0f;1.0f,未标注,②条文有名无值,docs/algorithms/CALIBRATION_ALGORITHMS.md:131 final_med = median(tmp)                                  # [267]
具名,v,lib/algorithms/calibration/src/master_generator.cpp:285,0.1f,未标注,③未见于条文面,
具名,median,lib/algorithms/calibration/src/master_generator.cpp:289,1.0,未标注,①条文含值,docs/algorithms/CALIBRATION_ALGORITHMS.md:14 （dark_opt 双分支 + flat_norm median=1.0 / floor 0.1）、§9a 专属问题
具名,d,lib/algorithms/calibration/src/module_entry.cpp:438,0.0,未标注,③未见于条文面,
具名,f,lib/algorithms/calibration/src/module_entry.cpp:641,0.0,未标注,③未见于条文面,
具名,actual_k,lib/algorithms/calibration/src/module_entry.cpp:958,0.0,未标注,②条文有名无值,docs/algorithms/CALIBRATION_ALGORITHMS.md:167 （flat==NULL 时跳过除法）；actual_k = k_init
具名,ak,lib/algorithms/calibration/src/module_entry.cpp:1003,0.0,未标注,③未见于条文面,
具名,ak,lib/algorithms/calibration/src/module_entry.cpp:1013,0.0f,未标注,③未见于条文面,
具名,photscal,lib/algorithms/calibration/src/photometry_apply.cpp:54,.6f,未标注,②条文有名无值,ASTROCS_DESIGN.md:276 - **测光归一化落到像素（photometry 一步完成，不设独立节点）**：同一节点内把 `I_photo = k_photo · m(
具名,w,lib/algorithms/calibration/src/photometry_apply.cpp:60,.6f,未标注,③未见于条文面,
具名,photscal,lib/algorithms/calibration/src/photometry_apply.cpp:71,.6f,未标注,②条文有名无值,ASTROCS_DESIGN.md:276 - **测光归一化落到像素（photometry 一步完成，不设独立节点）**：同一节点内把 `I_photo = k_photo · m(
具名,photscal,lib/algorithms/calibration/src/photometry_apply.cpp:113,.6f,未标注,②条文有名无值,ASTROCS_DESIGN.md:276 - **测光归一化落到像素（photometry 一步完成，不设独立节点）**：同一节点内把 `I_photo = k_photo · m(
具名,w,lib/algorithms/calibration/src/photometry_apply.cpp:131,.6f,未标注,③未见于条文面,
具名,x_ref,lib/algorithms/calibration/src/photometry_apply.h:66,0.0,未标注,③未见于条文面,
具名,x_scale,lib/algorithms/calibration/src/photometry_apply.h:67,1.0,未标注,③未见于条文面,
具名,s,lib/algorithms/calibration/src/photometry_apply.h:94,0.0,未标注,③未见于条文面,
具名,v,lib/algorithms/calibration/src/v6_calibration_covariance.cpp:125,0.0,未标注,③未见于条文面,
具名,q_adu,lib/algorithms/calibration/src/v6_calibration_covariance.cpp:146,1.0,未标注,③未见于条文面,
具名,quantization,lib/algorithms/calibration/src/v6_calibration_covariance.cpp:147,12.0,未标注,②条文有名无值,docs/algorithms/PHOTOMETRIC_FIT.md:223 **量化误差（真实数据实测，4 000 颗星）**：逐样本相对半步步长 `0.5·flux_mul/F` 的中位 **0.27%**、p90
具名,quantization,lib/algorithms/calibration/src/v6_calibration_covariance.cpp:149,0.0,未标注,①条文含值,docs/algorithms/PHOTOMETRIC_FIT.md:223 **量化误差（真实数据实测，4 000 颗星）**：逐样本相对半步步长 `0.5·flux_mul/F` 的中位 **0.27%**、p90
具名,photon_light,lib/algorithms/calibration/src/v6_calibration_covariance.cpp:156,0.0,未标注,③未见于条文面,
具名,dark_photon,lib/algorithms/calibration/src/v6_calibration_covariance.cpp:157,0.0,未标注,③未见于条文面,
具名,denom,lib/algorithms/calibration/src/v6_calibration_covariance.cpp:207,1.0,未标注,②条文有名无值,docs/algorithms/CALIBRATION_ALGORITHMS.md:269 (denom<=1e-12)、RESIDUAL_NAN、RESIDUAL_ABNORMAL(残差σ≥yσ)、
具名,gain_ok,lib/algorithms/calibration/src/v6_calibration_covariance.cpp:255,0.0,未标注,③未见于条文面,
具名,y,lib/algorithms/calibration/src/v6_calibration_covariance.cpp:279,0.0,未标注,③未见于条文面,
具名,d,lib/algorithms/calibration/src/v6_calibration_covariance.cpp:286,0.0,未标注,③未见于条文面,
具名,d,lib/algorithms/calibration/src/v6_calibration_covariance.cpp:294,0.0,未标注,③未见于条文面,
具名,b,lib/algorithms/calibration/src/v6_calibration_covariance.cpp:295,0.0,未标注,③未见于条文面,
具名,y,lib/algorithms/calibration/src/v6_calibration_covariance.cpp:299,0.0,未标注,③未见于条文面,
具名,j_b_folded,lib/algorithms/calibration/src/v6_calibration_covariance.cpp:319,0.0,未标注,③未见于条文面,
具名,j_b_light,lib/algorithms/calibration/src/v6_calibration_covariance.cpp:320,0.0,未标注,③未见于条文面,
具名,j_b_dark,lib/algorithms/calibration/src/v6_calibration_covariance.cpp:321,0.0,未标注,③未见于条文面,
具名,j_b_folded,lib/algorithms/calibration/src/v6_calibration_covariance.cpp:324,1.0,未标注,③未见于条文面,
具名,j_b_light,lib/algorithms/calibration/src/v6_calibration_covariance.cpp:326,-1.0,未标注,③未见于条文面,
具名,j_b_light,lib/algorithms/calibration/src/v6_calibration_covariance.cpp:331,-1.0,未标注,③未见于条文面,
具名,j_d,lib/algorithms/calibration/src/v6_calibration_covariance.cpp:334,0.0,未标注,③未见于条文面,
具名,j_f,lib/algorithms/calibration/src/v6_calibration_covariance.cpp:335,0.0,未标注,③未见于条文面,
具名,v_b_light,lib/algorithms/calibration/src/v6_calibration_covariance.cpp:354,0.0,未标注,③未见于条文面,
具名,v_cal,lib/algorithms/calibration/src/v6_calibration_covariance.cpp:389,0.0,未标注,③未见于条文面,
具名,v,lib/algorithms/calibration/src/v6_calibration_covariance.cpp:468,0.0,未标注,③未见于条文面,
具名,total,lib/algorithms/calibration/src/v6_calibration_covariance.cpp:482,0.0,未标注,②条文有名无值,"docs/contracts/unified_object_registry.json:355 ""total"": 7,"
具名,acc,lib/algorithms/calibration/src/v6_calibration_covariance.cpp:484,0.0,未标注,③未见于条文面,
具名,acc,lib/algorithms/calibration/src/v6_calibration_covariance.cpp:500,0.0,未标注,③未见于条文面,
具名,qf,lib/algorithms/calibration/src/v6_calibration_covariance.cpp:515,0.0,未标注,③未见于条文面,
具名,naive_variance,lib/algorithms/calibration/src/v6_calibration_covariance.cpp:534,0.0,未标注,③未见于条文面,
具名,ratio,lib/algorithms/calibration/src/v6_calibration_covariance.cpp:536,1.0,未标注,②条文有名无值,docs/algorithms/UPM_SOLVER.md:127 - var(median)≈πσ²/(2N)：Hoaglin et al. 1983；UPMW-004 实证 ratio 0.997（SCI
具名,shared_variance,lib/algorithms/calibration/src/v6_calibration_covariance.cpp:548,0.0,未标注,③未见于条文面,
具名,ratio,lib/algorithms/calibration/src/v6_calibration_covariance.cpp:550,1.0,未标注,②条文有名无值,docs/algorithms/UPM_SOLVER.md:127 - var(median)≈πσ²/(2N)：Hoaglin et al. 1983；UPMW-004 实证 ratio 0.997（SCI
具名,shared_variance,lib/algorithms/calibration/src/v6_calibration_covariance.cpp:556,0.0,未标注,③未见于条文面,
具名,shared_variance,lib/algorithms/calibration/src/v6_calibration_covariance.cpp:574,-1.0,未标注,③未见于条文面,
具名,shared_variance,lib/algorithms/calibration/src/v6_calibration_covariance.cpp:578,0.0,未标注,③未见于条文面,
具名,representable,lib/algorithms/calibration/src/v6_calibration_covariance.cpp:581,0.0,未标注,②条文有名无值,docs/science/CALIBRATION.md:59 浮点实型图像 **必须** 带 `bounds`，其语义由 **§8.5.5「Representable Range」**定义
具名,shared_variance,lib/algorithms/calibration/src/v6_calibration_covariance.cpp:591,0.0,未标注,③未见于条文面,
具名,ratio,lib/algorithms/calibration/src/v6_calibration_covariance.cpp:598,0.0,未标注,②条文有名无值,docs/algorithms/UPM_SOLVER.md:127 - var(median)≈πσ²/(2N)：Hoaglin et al. 1983；UPMW-004 实证 ratio 0.997（SCI
具名,version,lib/algorithms/cosmetic/include/astrocs/cosmetic/types.h:11,.0;.1;0.1,未标注,②条文有名无值,"ACCEPTANCE_SPEC.md:13 REL[""发布预览版<br/>版本号取自仓库根 VERSION<br/>负责人决定""]"
具名,d,lib/algorithms/cosmetic/src/module_entry.cpp:405,0.0,未标注,③未见于条文面,
具名,f,lib/algorithms/cosmetic/src/module_entry.cpp:552,0.0,未标注,③未见于条文面,
具名,snr_search_radius_deg,lib/algorithms/coverage/include/astro/phase2/stage2_common.h:42,0.05,未标注,①条文含值,docs/algorithms/PHASE2_SAMPLER.md:120 `patch_radius_leaf=2`/`min_samples=5`/`snr_search_radius_deg=0.05`/
具名,background_clip_sigma,lib/algorithms/coverage/include/astro/phase2/stage2_common.h:45,3.0,未标注,①条文含值,docs/algorithms/PHASE2_SAMPLER.md:121 `background_patch_radius=8`/`background_clip_sigma=3.0`/
具名,background_max_contamination,lib/algorithms/coverage/include/astro/phase2/stage2_common.h:47,0.20,未标注,①条文含值,docs/algorithms/PHASE2_SAMPLER.md:122 `background_clip_iters=3`/`background_max_contamination=0.20`/
具名,background_contamination_sigma,lib/algorithms/coverage/include/astro/phase2/stage2_common.h:48,3.0,未标注,①条文含值,docs/algorithms/PHASE2_SAMPLER.md:123 `background_contamination_sigma=3.0`/
具名,background_min_retained_fraction,lib/algorithms/coverage/include/astro/phase2/stage2_common.h:49,0.60,未标注,①条文含值,docs/algorithms/PHASE2_SAMPLER.md:124 `background_min_retained_fraction=0.60`/`background_tolerance=3.0`/
具名,background_tolerance,lib/algorithms/coverage/include/astro/phase2/stage2_common.h:50,3.0,未标注,①条文含值,docs/algorithms/PHASE2_SAMPLER.md:124 `background_min_retained_fraction=0.60`/`background_tolerance=3.0`/
具名,huber_delta,lib/algorithms/coverage/include/astro/phase2/stage2_common.h:55,1.345,未标注,①条文含值,docs/algorithms/PHASE2_SESSION.md:133 huber_delta=1.345（**无量纲**；高斯参考分布下渐近效率 95% 的 Huber 阈值，
具名,support_power,lib/algorithms/coverage/include/astro/phase2/stage2_common.h:61,1.0,未标注,①条文含值,docs/algorithms/PHASE2_SESSION.md:144 见 `docs/science/PHASE2_UPM.md` §7）、support_power=1.0、use_ivar_weight=1
具名,sky_plane_node_spacing_deg,lib/algorithms/coverage/include/astro/phase2/stage2_common.h:81,0.0,未标注,③未见于条文面,
具名,sky_plane_pixel_scale_arcsec,lib/algorithms/coverage/include/astro/phase2/stage2_common.h:87,0.0,未标注,③未见于条文面,
具名,sigma_lower,lib/algorithms/coverage/include/astro/phase2/stage2_common.h:127,4.0,未标注,①条文含值,docs/science/ACR_EQUIVALENCE.md:42 - **缺省与符号约定**：`method=1u`、`underdetermined_n=2u`、`max_iterations=8`、`p
具名,sigma_upper,lib/algorithms/coverage/include/astro/phase2/stage2_common.h:128,3.0,未标注,②条文有名无值,docs/science/ACR_EQUIVALENCE.md:42 - **缺省与符号约定**：`method=1u`、`underdetermined_n=2u`、`max_iterations=8`、`p
具名,winsor_lower,lib/algorithms/coverage/include/astro/phase2/stage2_common.h:130,4.0,未标注,③未见于条文面,
具名,winsor_upper,lib/algorithms/coverage/include/astro/phase2/stage2_common.h:131,3.0,未标注,③未见于条文面,
具名,avg_lower,lib/algorithms/coverage/include/astro/phase2/stage2_common.h:133,4.0,未标注,③未见于条文面,
具名,avg_upper,lib/algorithms/coverage/include/astro/phase2/stage2_common.h:134,3.0,未标注,③未见于条文面,
具名,linfit_lower,lib/algorithms/coverage/include/astro/phase2/stage2_common.h:136,5.0,未标注,③未见于条文面,
具名,linfit_upper,lib/algorithms/coverage/include/astro/phase2/stage2_common.h:137,3.5,未标注,③未见于条文面,
具名,esd_alpha,lib/algorithms/coverage/include/astro/phase2/stage2_common.h:139,0.05,未标注,③未见于条文面,
具名,pct_low_fraction,lib/algorithms/coverage/include/astro/phase2/stage2_common.h:141,0.2,未标注,③未见于条文面,
具名,pct_high_fraction,lib/algorithms/coverage/include/astro/phase2/stage2_common.h:142,0.1,未标注,③未见于条文面,
具名,medsig_lower,lib/algorithms/coverage/include/astro/phase2/stage2_common.h:143,4.0,未标注,③未见于条文面,
具名,medsig_upper,lib/algorithms/coverage/include/astro/phase2/stage2_common.h:144,3.0,未标注,③未见于条文面,
具名,pixel_scale_arcsec,lib/algorithms/coverage/include/astro/phase2/stage2_common.h:232,0.0,未标注,③未见于条文面,
具名,frame_separation_fence_deg,lib/algorithms/coverage/include/astro/phase2/stage2_common.h:241,0.0,未标注,③未见于条文面,
具名,frame_extent_median_deg,lib/algorithms/coverage/include/astro/phase2/stage2_common.h:242,0.0,未标注,③未见于条文面,
具名,pointing_spacing_deg,lib/algorithms/coverage/include/astro/phase2/stage2_common.h:243,0.0,未标注,③未见于条文面,
具名,pointing_spacing_min_deg,lib/algorithms/coverage/include/astro/phase2/stage2_common.h:244,0.0,未标注,③未见于条文面,
具名,pointing_spacing_max_deg,lib/algorithms/coverage/include/astro/phase2/stage2_common.h:245,0.0,未标注,③未见于条文面,
具名,overlap_band_trimmed_deg,lib/algorithms/coverage/include/astro/phase2/stage2_common.h:246,0.0,未标注,③未见于条文面,
具名,overlap_band_full_deg,lib/algorithms/coverage/include/astro/phase2/stage2_common.h:247,0.0,未标注,③未见于条文面,
具名,sample_pitch_deg,lib/algorithms/coverage/include/astro/phase2/stage2_common.h:249,0.0,未标注,③未见于条文面,
具名,u_deg,lib/algorithms/coverage/include/astro/phase2/stage2_common.h:270,0.0,未标注,③未见于条文面,
具名,u,lib/algorithms/coverage/include/astro/phase2/stage2_common.h:378,0.0,未标注,③未见于条文面,
具名,fence,lib/algorithms/coverage/include/astro/phase2/stage2_common.h:399,0.0,未标注,③未见于条文面,
具名,pointing_spacing,lib/algorithms/coverage/include/astro/phase2/stage2_common.h:449,0.0,未标注,③未见于条文面,
具名,best,lib/algorithms/coverage/include/astro/phase2/stage2_common.h:453,-1.0,未标注,②条文有名无值,"docs/algorithms/PLATESOLVE.md:40 best = min rms, rank by n_matches + rms"
具名,best,lib/algorithms/coverage/include/astro/phase2/stage2_common.h:457,0.0,未标注,②条文有名无值,"docs/algorithms/PLATESOLVE.md:40 best = min rms, rank by n_matches + rms"
具名,pointing_spacing,lib/algorithms/coverage/include/astro/phase2/stage2_common.h:466,0.0,未标注,③未见于条文面,
具名,dec0,lib/algorithms/coverage/include/astro/phase2/stage2_common.h:492,-1.0;1.0,未标注,②条文有名无值,docs/algorithms/PHASE3_PROJ_IMPL.md:556 容差 ≤1e-8 deg（实测 ≤6.854e-13°），**必须含 dec0≠0 用例**（CRVAL2 只在
具名,u1,lib/algorithms/coverage/include/astro/phase2/stage2_common.h:494,0.0,未标注,③未见于条文面,
具名,u,lib/algorithms/coverage/include/astro/phase2/stage2_common.h:504,0.0,未标注,③未见于条文面,
具名,lo,lib/algorithms/coverage/include/astro/phase2/stage2_common.h:510,0.02,未标注,③未见于条文面,
具名,hi,lib/algorithms/coverage/include/astro/phase2/stage2_common.h:511,0.98,未标注,③未见于条文面,
具名,best,lib/algorithms/coverage/include/astro/phase2/stage2_common.h:543,-1.0,未标注,②条文有名无值,"docs/algorithms/PLATESOLVE.md:40 best = min rms, rank by n_matches + rms"
具名,best,lib/algorithms/coverage/include/astro/phase2/stage2_common.h:550,0.0,未标注,②条文有名无值,"docs/algorithms/PLATESOLVE.md:40 best = min rms, rank by n_matches + rms"
具名,sample_pitch,lib/algorithms/coverage/include/astro/phase2/stage2_common.h:561,0.0,未标注,③未见于条文面,
具名,gs_damping,lib/algorithms/coverage/include/astro/phase2/upm.h:102,1.0,未标注,①条文含值,docs/algorithms/PHASE2_UPM_IMPL.md:395 | gs_damping | 1.0（legacy）；生产 0.5 | upm.h:102；upm.cpp:268/:289 |
具名,lo_v,lib/algorithms/coverage/src/acr_kernels.cpp:90,-4.0,未标注,③未见于条文面,
具名,hi_v,lib/algorithms/coverage/src/acr_kernels.cpp:91,3.0,未标注,③未见于条文面,
具名,support_threshold,lib/algorithms/coverage/src/acr_kernels.cpp:128,0.0,未标注,①条文含值,docs/algorithms/PHASE2_REJECTION.md:459 support_threshold=0.0 :1093）→ p2_reject_stack_ex（:1184）→
具名,wgt_v,lib/algorithms/coverage/src/acr_kernels.cpp:146,1.0,未标注,③未见于条文面,
具名,bytes_per_sample,lib/algorithms/coverage/src/block.cpp:19,4.0;8.0,未标注,③未见于条文面,
具名,sf,lib/algorithms/coverage/src/block.cpp:20,0.0;0.75,未标注,③未见于条文面,
具名,num,lib/algorithms/coverage/src/identifiability.cpp:69,0.0,未标注,③未见于条文面,
具名,ax,lib/algorithms/coverage/src/identifiability.cpp:71,0.0,未标注,③未见于条文面,
具名,prev,lib/algorithms/coverage/src/identifiability.cpp:84,0.0,未标注,③未见于条文面,
具名,s,lib/algorithms/coverage/src/identifiability.cpp:87,0.0,未标注,③未见于条文面,
具名,norm,lib/algorithms/coverage/src/identifiability.cpp:92,0.0,未标注,②条文有名无值,"docs/algorithms/CALIBRATION_ALGORITHMS.md:127 F2.2  步骤2: generate_master(norm, …, AC_COMBINE_MEAN)   # [250-251]"
具名,norm,lib/algorithms/coverage/src/identifiability.cpp:115,0.0,未标注,②条文有名无值,"docs/algorithms/CALIBRATION_ALGORITHMS.md:127 F2.2  步骤2: generate_master(norm, …, AC_COMBINE_MEAN)   # [250-251]"
具名,tau,lib/algorithms/coverage/src/identifiability.cpp:175,0.0,未标注,③未见于条文面,
具名,lambda_max,lib/algorithms/coverage/src/identifiability.cpp:204,0.0,未标注,③未见于条文面,
具名,lambda_min,lib/algorithms/coverage/src/identifiability.cpp:205,0.0,未标注,③未见于条文面,
具名,equilibrate_min,lib/algorithms/coverage/src/identifiability.cpp:210,0.0,未标注,③未见于条文面,
具名,equilibrate_max,lib/algorithms/coverage/src/identifiability.cpp:211,0.0,未标注,③未见于条文面,
具名,dmax,lib/algorithms/coverage/src/identifiability.cpp:220,0.0,未标注,③未见于条文面,
具名,lambda_min,lib/algorithms/coverage/src/identifiability.cpp:248,0.0,未标注,③未见于条文面,
具名,lam_min,lib/algorithms/coverage/src/identifiability.cpp:256,0.0,未标注,③未见于条文面,
具名,lam_min,lib/algorithms/coverage/src/identifiability.cpp:258,0.0,未标注,③未见于条文面,
具名,kappa,lib/algorithms/coverage/src/identifiability.cpp:262,0.0,未标注,②条文有名无值,docs/ci/01_CHECKS.md:123 | CHK-SCI502-SKY-KAPPA | 科学 | 天光面 κ 专项：κ 可观测、门控 κ 取**求解矩阵**（λ=0 判红 / 生
具名,scale,lib/algorithms/coverage/src/identifiability.cpp:275,1.0,未标注,①条文含值,docs/algorithms/CALIBRATION_ALGORITHMS.md:61 U1 亮场域 ≫ 1 ADU 而 bias/dark 中位数 ≤ 1.0 且未声明 normalized+scale ⇒ 拒；
具名,below,lib/algorithms/coverage/src/identifiability.cpp:276,64.0,未标注,③未见于条文面,
具名,wsum,lib/algorithms/coverage/src/integrate.cpp:31,0.0,未标注,②条文有名无值,docs/algorithms/ACR_EQUIVALENCE.md:51 - per-pixel独立无跨pixel归约；split按p0 固定顺序concat；归约仅 per-pixel vs/wsum FP64固
具名,w,lib/algorithms/coverage/src/integrate.cpp:51,1.0,未标注,③未见于条文面,
具名,invalid_input,lib/algorithms/coverage/src/integrate.cpp:55,0.0,未标注,②条文有名无值,docs/algorithms/ACR_EQUIVALENCE.md:47 | non-finite candidate | INVALID_INPUT一致 |
具名,support,lib/algorithms/coverage/src/integrate.cpp:80,1.0,未标注,②条文有名无值,ASTROCS_DESIGN.md:223 - signal / variance / ivar / source_snr / depth_m5 / frame_snr / point
具名,support,lib/algorithms/coverage/src/integrate.cpp:84,1.0,未标注,②条文有名无值,ASTROCS_DESIGN.md:223 - signal / variance / ivar / source_snr / depth_m5 / frame_snr / point
具名,qap,lib/algorithms/coverage/src/rejection.cpp:35,1.0,未标注,③未见于条文面,
具名,qam,lib/algorithms/coverage/src/rejection.cpp:36,1.0,未标注,③未见于条文面,
具名,c,lib/algorithms/coverage/src/rejection.cpp:37,1.0,未标注,③未见于条文面,
具名,d,lib/algorithms/coverage/src/rejection.cpp:38,1.0,未标注,③未见于条文面,
具名,d,lib/algorithms/coverage/src/rejection.cpp:40,1.0,未标注,③未见于条文面,
具名,d,lib/algorithms/coverage/src/rejection.cpp:46,1.0,未标注,③未见于条文面,
具名,c,lib/algorithms/coverage/src/rejection.cpp:48,1.0,未标注,③未见于条文面,
具名,d,lib/algorithms/coverage/src/rejection.cpp:50,1.0,未标注,③未见于条文面,
具名,d,lib/algorithms/coverage/src/rejection.cpp:54,1.0,未标注,③未见于条文面,
具名,c,lib/algorithms/coverage/src/rejection.cpp:56,1.0,未标注,③未见于条文面,
具名,d,lib/algorithms/coverage/src/rejection.cpp:58,1.0,未标注,③未见于条文面,
具名,lo,lib/algorithms/coverage/src/rejection.cpp:90,0.0;40.0,未标注,③未见于条文面,
具名,x,lib/algorithms/coverage/src/rejection.cpp:126,0.0,未标注,③未见于条文面,
具名,q,lib/algorithms/coverage/src/rejection.cpp:128,-2.0,未标注,③未见于条文面,
具名,q,lib/algorithms/coverage/src/rejection.cpp:133,0.5,未标注,③未见于条文面,
具名,q,lib/algorithms/coverage/src/rejection.cpp:140,-2.0;1.0,未标注,③未见于条文面,
具名,e,lib/algorithms/coverage/src/rejection.cpp:147,0.0,未标注,③未见于条文面,
具名,u,lib/algorithms/coverage/src/rejection.cpp:150,2.0;3.14159265358979323846,未标注,③未见于条文面,
具名,a,lib/algorithms/coverage/src/rejection.cpp:337,0.0,未标注,③未见于条文面,
具名,high,lib/algorithms/coverage/src/rejection.cpp:360,2.0,未标注,②条文有名无值,docs/algorithms/GATES_AND_TOLERANCES.md:70 | G-P1-WCS-RT-APBP | APx/BPx 多项式逆**一步直加表示残差** `max‖UV + APx(UV) − u*‖`
具名,total,lib/algorithms/coverage/src/rejection.cpp:374,0.0,未标注,②条文有名无值,"docs/contracts/unified_object_registry.json:355 ""total"": 7,"
具名,running,lib/algorithms/coverage/src/rejection.cpp:377,0.5,未标注,②条文有名无值,docs/contracts/DATA_SEMANTICS.md:845 | stages[].status | string | running → ok / fail / cancelled |
具名,span,lib/algorithms/coverage/src/rejection.cpp:383,0.5,未标注,②条文有名无值,docs/algorithms/PHASE2_SESSION.md:112 2. **p2_session_validate**（:69-98）：纯读无 IO；span 空/null → PARAM
具名,x,lib/algorithms/coverage/src/rejection.cpp:391,1.0,未标注,③未见于条文面,
具名,s,lib/algorithms/coverage/src/rejection.cpp:403,0.682689,未标注,③未见于条文面,
具名,inv,lib/algorithms/coverage/src/rejection.cpp:418,0.0;1.0,未标注,③未见于条文面,
具名,s,lib/algorithms/coverage/src/rejection.cpp:419,0.682689,未标注,③未见于条文面,
具名,xy,lib/algorithms/coverage/src/rejection.cpp:439,0.0,未标注,③未见于条文面,
具名,xy,lib/algorithms/coverage/src/rejection.cpp:451,0.0,未标注,③未见于条文面,
具名,min_error,lib/algorithms/coverage/src/rejection.cpp:465,999999.0,未标注,③未见于条文面,
具名,min_error,lib/algorithms/coverage/src/rejection.cpp:514,999999.0,未标注,③未见于条文面,
具名,mean,lib/algorithms/coverage/src/rejection.cpp:603,0.0,未标注,②条文有名无值,docs/algorithms/CALIBRATION_ALGORITHMS.md:114 源码锚: `master_generator.cpp:178-295`。无 combine 参数，合并固定 mean
具名,sd,lib/algorithms/coverage/src/rejection.cpp:606,0.0,未标注,③未见于条文面,
具名,f,lib/algorithms/coverage/src/rejection.cpp:626,10.0,未标注,③未见于条文面,
具名,b1,lib/algorithms/coverage/src/rejection.cpp:628,-0.3556,未标注,③未见于条文面,
具名,a1,lib/algorithms/coverage/src/rejection.cpp:634,0.2313,未标注,③未见于条文面,
具名,f,lib/algorithms/coverage/src/rejection.cpp:642,10.0,未标注,③未见于条文面,
具名,f,lib/algorithms/coverage/src/rejection.cpp:646,-999999.0,未标注,③未见于条文面,
具名,dl_err,lib/algorithms/coverage/src/rejection.cpp:676,0.0,未标注,③未见于条文面,
具名,sigma,lib/algorithms/coverage/src/rejection.cpp:692,0.0000000001,未标注,②条文有名无值,docs/algorithms/CALIBRATION_ALGORITHMS.md:22 - 负责: master bias/dark/flat 生成（sigma-clip 合并）、单帧校准算术、
具名,dl_err,lib/algorithms/coverage/src/rejection.cpp:725,0.0,未标注,③未见于条文面,
具名,sigma,lib/algorithms/coverage/src/rejection.cpp:741,0.0000000001,未标注,②条文有名无值,docs/algorithms/CALIBRATION_ALGORITHMS.md:22 - 负责: master bias/dark/flat 生成（sigma-clip 合并）、单帧校准算术、
具名,running,lib/algorithms/coverage/src/rejection.cpp:751,0.682689,未标注,②条文有名无值,docs/contracts/DATA_SEMANTICS.md:845 | stages[].status | string | running → ok / fail / cancelled |
具名,total,lib/algorithms/coverage/src/rejection.cpp:775,0.0,未标注,②条文有名无值,"docs/contracts/unified_object_registry.json:355 ""total"": 7,"
具名,running,lib/algorithms/coverage/src/rejection.cpp:778,0.682689,未标注,②条文有名无值,docs/contracts/DATA_SEMANTICS.md:845 | stages[].status | string | running → ok / fail / cancelled |
具名,span,lib/algorithms/coverage/src/rejection.cpp:784,0.317311;0.682689,未标注,②条文有名无值,docs/algorithms/PHASE2_SESSION.md:112 2. **p2_session_validate**（:69-98）：纯读无 IO；span 空/null → PARAM
具名,mean,lib/algorithms/coverage/src/rejection.cpp:798,0.0,未标注,②条文有名无值,docs/algorithms/CALIBRATION_ALGORITHMS.md:114 源码锚: `master_generator.cpp:178-295`。无 combine 参数，合并固定 mean
具名,sd,lib/algorithms/coverage/src/rejection.cpp:801,0.0,未标注,③未见于条文面,
具名,y1,lib/algorithms/coverage/src/rejection.cpp:811,1.0,未标注,③未见于条文面,
具名,b1,lib/algorithms/coverage/src/rejection.cpp:817,0.273907084639124,未标注,③未见于条文面,
具名,a1,lib/algorithms/coverage/src/rejection.cpp:818,-3.15279135630884,未标注,③未见于条文面,
具名,cf,lib/algorithms/coverage/src/rejection.cpp:819,10.0,未标注,③未见于条文面,
具名,b1,lib/algorithms/coverage/src/rejection.cpp:821,0.448654915529039,未标注,③未见于条文面,
具名,a1,lib/algorithms/coverage/src/rejection.cpp:822,-1.19134294551807,未标注,③未见于条文面,
具名,cf,lib/algorithms/coverage/src/rejection.cpp:823,10.0,未标注,③未见于条文面,
具名,b1,lib/algorithms/coverage/src/rejection.cpp:825,3.38253309393705,未标注,③未见于条文面,
具名,a1,lib/algorithms/coverage/src/rejection.cpp:826,-1.05087405984868,未标注,③未见于条文面,
具名,cf,lib/algorithms/coverage/src/rejection.cpp:827,10.0,未标注,③未见于条文面,
具名,b1,lib/algorithms/coverage/src/rejection.cpp:829,0.118507989164207,未标注,③未见于条文面,
具名,a1,lib/algorithms/coverage/src/rejection.cpp:830,-1.41453721585464,未标注,③未见于条文面,
具名,cf,lib/algorithms/coverage/src/rejection.cpp:831,10.0,未标注,③未见于条文面,
具名,b1,lib/algorithms/coverage/src/rejection.cpp:833,0.1196;4.5073,未标注,③未见于条文面,
具名,a1,lib/algorithms/coverage/src/rejection.cpp:834,-0.7914;0.0243,未标注,③未见于条文面,
具名,cf,lib/algorithms/coverage/src/rejection.cpp:835,10.0,未标注,③未见于条文面,
具名,x,lib/algorithms/coverage/src/rejection.cpp:842,2.0,未标注,③未见于条文面,
具名,mu,lib/algorithms/coverage/src/rejection.cpp:872,0.0,未标注,③未见于条文面,
具名,s,lib/algorithms/coverage/src/rejection.cpp:893,0.0,未标注,③未见于条文面,
具名,ws,lib/algorithms/coverage/src/rejection.cpp:895,0.0,未标注,③未见于条文面,
具名,mu,lib/algorithms/coverage/src/rejection.cpp:900,0.0,未标注,③未见于条文面,
具名,max_hold,lib/algorithms/coverage/src/rejection.cpp:906,-99999.0,未标注,③未见于条文面,
具名,st_dev,lib/algorithms/coverage/src/rejection.cpp:936,0.0,未标注,②条文有名无值,docs/algorithms/PHASE2_REJECTION.md:368 σ = st_dev · single_dl_cf(n)（官方修正因子表插值 :790-793/:807-838）
具名,ss,lib/algorithms/coverage/src/rejection.cpp:955,0.0,未标注,③未见于条文面,
具名,st_dev,lib/algorithms/coverage/src/rejection.cpp:962,1.0,未标注,②条文有名无值,docs/algorithms/PHASE2_REJECTION.md:368 σ = st_dev · single_dl_cf(n)（官方修正因子表插值 :790-793/:807-838）
具名,lower_sigma,lib/algorithms/coverage/src/rejection.cpp:1246,3.0;4.0,未标注,②条文有名无值,docs/science/ACR_EQUIVALENCE.md:42 - **缺省与符号约定**：`method=1u`、`underdetermined_n=2u`、`max_iterations=8`、`p
具名,lower_sigma,lib/algorithms/coverage/src/rejection.cpp:1247,3.0;4.0,未标注,②条文有名无值,docs/science/ACR_EQUIVALENCE.md:42 - **缺省与符号约定**：`method=1u`、`underdetermined_n=2u`、`max_iterations=8`、`p
具名,lower_sigma,lib/algorithms/coverage/src/rejection.cpp:1249,3.0;4.0,未标注,②条文有名无值,docs/science/ACR_EQUIVALENCE.md:42 - **缺省与符号约定**：`method=1u`、`underdetermined_n=2u`、`max_iterations=8`、`p
具名,lower,lib/algorithms/coverage/src/rejection.cpp:1251,3.5;5.0,未标注,②条文有名无值,docs/algorithms/PHASE2_MOSAIC_WRITE.md:119 underdetermined_n、sigma lower/upper/max_iterations、chunk 偏移 p0、
具名,alpha,lib/algorithms/coverage/src/rejection.cpp:1253,0.05,未标注,②条文有名无值,ACCEPTANCE_SPEC.md:33 三个创新点（最高设计 §2）各立一个自包含实验单元，alpha 发布前必须全部跑通并经独立审稿。**实验单元目录结构与报告八要素的唯一正本 
具名,low_fraction,lib/algorithms/coverage/src/rejection.cpp:1254,0.1;0.2,未标注,②条文有名无值,docs/algorithms/PHASE2_REJECTION.md:123 | typed params | :121-151 | P2SigmaParams :121-125/P2LinearFitParams :
具名,lower_sigma,lib/algorithms/coverage/src/rejection.cpp:1255,3.0;4.0,未标注,②条文有名无值,docs/science/ACR_EQUIVALENCE.md:42 - **缺省与符号约定**：`method=1u`、`underdetermined_n=2u`、`max_iterations=8`、`p
具名,alpha,lib/algorithms/coverage/src/rejection.cpp:1264,0.05,未标注,②条文有名无值,ACCEPTANCE_SPEC.md:33 三个创新点（最高设计 §2）各立一个自包含实验单元，alpha 发布前必须全部跑通并经独立审稿。**实验单元目录结构与报告八要素的唯一正本 
具名,prior_sigma,lib/algorithms/coverage/src/rejection.cpp:1265,0.0,未标注,①条文含值,"docs/algorithms/PHASE2_REJECTION.md:206 extreme_prior = (alpha 0.05, prior_sigma 0=未提供, prior_sky NaN, center_"
具名,m,lib/algorithms/coverage/src/rejection.cpp:1502,0.0,未标注,③未见于条文面,
具名,med,lib/algorithms/coverage/src/rejection.cpp:1547,0.0,未标注,③未见于条文面,
具名,s0,lib/algorithms/coverage/src/rejection.cpp:1557,0.0,未标注,③未见于条文面,
具名,wlo,lib/algorithms/coverage/src/rejection.cpp:1564,1.5,未标注,③未见于条文面,
具名,whi,lib/algorithms/coverage/src/rejection.cpp:1565,1.5,未标注,③未见于条文面,
具名,wsd,lib/algorithms/coverage/src/rejection.cpp:1568,0.0,未标注,③未见于条文面,
具名,mean,lib/algorithms/coverage/src/rejection.cpp:1606,0.0,未标注,②条文有名无值,docs/algorithms/CALIBRATION_ALGORITHMS.md:114 源码锚: `master_generator.cpp:178-295`。无 combine 参数，合并固定 mean
具名,sum,lib/algorithms/coverage/src/rejection.cpp:1608,0.0,未标注,③未见于条文面,
具名,s,lib/algorithms/coverage/src/rejection.cpp:1613,0.0,未标注,③未见于条文面,
具名,s,lib/algorithms/coverage/src/rejection.cpp:1616,2.0;3.14159265358979323846,未标注,③未见于条文面,
具名,m_x,lib/algorithms/coverage/src/rejection.cpp:1652,0.5,未标注,③未见于条文面,
具名,m_dx2,lib/algorithms/coverage/src/rejection.cpp:1653,0.0,未标注,②条文有名无值,docs/algorithms/PHASE2_REJECTION.md:311 xf[j] = 1/(j+1);  m_dx2 = 1/Σ dx²·xf  (Welford 风格)      :1633-1639
具名,m_dx2,lib/algorithms/coverage/src/rejection.cpp:1659,1.0,未标注,②条文有名无值,docs/algorithms/PHASE2_REJECTION.md:311 xf[j] = 1/(j+1);  m_dx2 = 1/Σ dx²·xf  (Welford 风格)      :1633-1639
具名,m_dxdy,lib/algorithms/coverage/src/rejection.cpp:1677,0.0,未标注,②条文有名无值,"docs/algorithms/PHASE2_REJECTION.md:317 m_dxdy = Welford（dx=j−m_x, dy=stack[i]−m_y）;             :1657-1662"
具名,i,lib/algorithms/coverage/src/rejection.cpp:1679,1.0,未标注,③未见于条文面,
具名,sigma,lib/algorithms/coverage/src/rejection.cpp:1685,0.0,未标注,②条文有名无值,docs/algorithms/CALIBRATION_ALGORITHMS.md:22 - 负责: master bias/dark/flat 生成（sigma-clip 合并）、单帧校准算术、
具名,alpha,lib/algorithms/coverage/src/rejection.cpp:1740,0.0;0.05,未标注,②条文有名无值,ACCEPTANCE_SPEC.md:33 三个创新点（最高设计 §2）各立一个自包含实验单元，alpha 发布前必须全部跑通并经独立审稿。**实验单元目录结构与报告八要素的唯一正本 
具名,mean,lib/algorithms/coverage/src/rejection.cpp:1749,0.0,未标注,②条文有名无值,docs/algorithms/CALIBRATION_ALGORITHMS.md:114 源码锚: `master_generator.cpp:178-295`。无 combine 参数，合并固定 mean
具名,s,lib/algorithms/coverage/src/rejection.cpp:1754,0.0,未标注,③未见于条文面,
具名,max_r,lib/algorithms/coverage/src/rejection.cpp:1760,0.0,未标注,②条文有名无值,docs/algorithms/PHASE2_REJECTION.md:342 tie-break: |rv−max_r| ≤ 1e-15 时取 frame_id 较小者       :1747-1748
具名,nu,lib/algorithms/coverage/src/rejection.cpp:1775,1.0,未标注,③未见于条文面,
具名,med,lib/algorithms/coverage/src/rejection.cpp:1864,0.0,未标注,③未见于条文面,
具名,sd,lib/algorithms/coverage/src/rejection.cpp:1875,0.0,未标注,③未见于条文面,
具名,alpha,lib/algorithms/coverage/src/rejection.cpp:1942,0.0;0.05;1.0,未标注,②条文有名无值,ACCEPTANCE_SPEC.md:33 三个创新点（最高设计 §2）各立一个自包含实验单元，alpha 发布前必须全部跑通并经独立审稿。**实验单元目录结构与报告八要素的唯一正本 
具名,k,lib/algorithms/coverage/src/rejection.cpp:1946,1.0;2.0,未标注,③未见于条文面,
具名,stack_med,lib/algorithms/coverage/src/rejection.cpp:1961,0.0,未标注,③未见于条文面,
具名,orig_median,lib/algorithms/coverage/src/rejection.cpp:2113,0.0,未标注,②条文有名无值,docs/algorithms/PHASE2_REJECTION.md:250 norm != NONE: orig_median = median(values)                  :2093-2097
具名,log_out,lib/algorithms/coverage/src/rejection.cpp:2497,2.0,未标注,③未见于条文面,
具名,log_clean,lib/algorithms/coverage/src/rejection.cpp:2498,2.0,未标注,③未见于条文面,
具名,lc,lib/algorithms/coverage/src/rejection.cpp:2500,1.0,未标注,③未见于条文面,
具名,i,lib/algorithms/coverage/src/rejection.cpp:2520,0.0,未标注,③未见于条文面,
具名,i,lib/algorithms/coverage/src/rejection.cpp:2522,0.0,未标注,③未见于条文面,
具名,i,lib/algorithms/coverage/src/rejection.cpp:2524,0.0,未标注,③未见于条文面,
具名,recall,lib/algorithms/coverage/src/rejection.cpp:2532,0.0,未标注,①条文含值,docs/algorithms/GATES_AND_TOLERANCES.md:58 | G-P1-STAR-RECALL | 召回率 = 检出真星数 / 注入真星数 | 合成星场；**域 = 按 σ_psf 分档的逐档 99
具名,code,lib/algorithms/coverage/src/rejection.cpp:2572,.9;2.5,未标注,②条文有名无值,ACCEPTANCE_SPEC.md:251 | 创新点实验 | `实验/SCI-A`、`SCI-B`、`SCI-C` | 报告、code、results、data、审稿记录 |
具名,code,lib/algorithms/coverage/src/rejection.cpp:2579,.9;2.5,未标注,②条文有名无值,ACCEPTANCE_SPEC.md:251 | 创新点实验 | `实验/SCI-A`、`SCI-B`、`SCI-C` | 报告、code、results、data、审稿记录 |
具名,code,lib/algorithms/coverage/src/rejection.cpp:2599,.9;2.5,未标注,②条文有名无值,ACCEPTANCE_SPEC.md:251 | 创新点实验 | `实验/SCI-A`、`SCI-B`、`SCI-C` | 报告、code、results、data、审稿记录 |
具名,psf_anom,lib/algorithms/coverage/src/rejection.cpp:2815,0.0,未标注,③未见于条文面,
具名,psf_anom,lib/algorithms/coverage/src/rejection.cpp:2818,0.0,未标注,③未见于条文面,
具名,wsum,lib/algorithms/coverage/src/rejection.cpp:2826,0.0,未标注,②条文有名无值,docs/algorithms/ACR_EQUIVALENCE.md:51 - per-pixel独立无跨pixel归约；split按p0 固定顺序concat；归约仅 per-pixel vs/wsum FP64固
具名,best,lib/algorithms/coverage/src/rejection.cpp:2829,-1.0,未标注,②条文有名无值,"docs/algorithms/PLATESOLVE.md:40 best = min rms, rank by n_matches + rms"
具名,bs,lib/algorithms/coverage/src/rejection.cpp:2889,0.0,未标注,③未见于条文面,
具名,bsref,lib/algorithms/coverage/src/rejection.cpp:2902,0.0,未标注,③未见于条文面,
具名,bss,lib/algorithms/coverage/src/rejection.cpp:2908,0.0;1.0,未标注,③未见于条文面,
具名,max_dev,lib/algorithms/coverage/src/rejection.cpp:2911,0.0,未标注,③未见于条文面,
具名,sp,lib/algorithms/coverage/src/rejection.cpp:2920,0.0,未标注,③未见于条文面,
具名,pf,lib/algorithms/coverage/src/sampler.cpp:103,0.5;1.0,未标注,③未见于条文面,
具名,pixfrac,lib/algorithms/coverage/src/sampler.cpp:122,0.0,未标注,②条文有名无值,"ASTROCS_DESIGN.md:295 ""drizzle"": { ""nested"": 1, ""pixfrac"": 0.8, ""precision_mode"": 0 },  // 默"
具名,scale_arcsec,lib/algorithms/coverage/src/sampler.cpp:123,0.0,未标注,②条文有名无值,"docs/contracts/API_CONTRACTS.csv:11 API-aio_hips_set_drizzle_provenance,aio_hips_set_drizzle_provenance,li"
具名,pixfrac,lib/algorithms/coverage/src/sampler.cpp:137,0.0;1.0,未标注,②条文有名无值,"ASTROCS_DESIGN.md:295 ""drizzle"": { ""nested"": 1, ""pixfrac"": 0.8, ""precision_mode"": 0 },  // 默"
具名,scale_arcsec,lib/algorithms/coverage/src/sampler.cpp:140,0.0,未标注,②条文有名无值,"docs/contracts/API_CONTRACTS.csv:11 API-aio_hips_set_drizzle_provenance,aio_hips_set_drizzle_provenance,li"
具名,dra,lib/algorithms/coverage/src/sampler.cpp:260,180.0;360.0,未标注,③未见于条文面,
具名,dra,lib/algorithms/coverage/src/sampler.cpp:286,180.0;360.0,未标注,③未见于条文面,
具名,snr_search_radius_deg,lib/algorithms/coverage/src/sampler.cpp:307,0.05,未标注,①条文含值,docs/algorithms/PHASE2_SAMPLER.md:120 `patch_radius_leaf=2`/`min_samples=5`/`snr_search_radius_deg=0.05`/
具名,background_clip_sigma,lib/algorithms/coverage/src/sampler.cpp:309,3.0,未标注,①条文含值,docs/algorithms/PHASE2_SAMPLER.md:121 `background_patch_radius=8`/`background_clip_sigma=3.0`/
具名,background_max_contamination,lib/algorithms/coverage/src/sampler.cpp:311,0.20,未标注,①条文含值,docs/algorithms/PHASE2_SAMPLER.md:122 `background_clip_iters=3`/`background_max_contamination=0.20`/
具名,background_contamination_sigma,lib/algorithms/coverage/src/sampler.cpp:312,3.0,未标注,①条文含值,docs/algorithms/PHASE2_SAMPLER.md:123 `background_contamination_sigma=3.0`/
具名,background_min_retained_fraction,lib/algorithms/coverage/src/sampler.cpp:313,0.60,未标注,①条文含值,docs/algorithms/PHASE2_SAMPLER.md:124 `background_min_retained_fraction=0.60`/`background_tolerance=3.0`/
具名,background_tolerance,lib/algorithms/coverage/src/sampler.cpp:314,3.0,未标注,①条文含值,docs/algorithms/PHASE2_SAMPLER.md:124 `background_min_retained_fraction=0.60`/`background_tolerance=3.0`/
具名,star_mask_snr_factor,lib/algorithms/coverage/src/sampler.cpp:318,10.0,未标注,①条文含值,docs/algorithms/PHASE2_SAMPLER.md:387 thr = cfg.star_mask_snr_factor × frame_snr_med[frame]   # :849/:1149（默
具名,star_mask_radius_deg,lib/algorithms/coverage/src/sampler.cpp:319,0.012,未标注,①条文含值,docs/algorithms/PHASE2_SAMPLER.md:388 rad = cfg.star_mask_radius_deg           # :514 默认 0.012°（度；已入配置面，DISP
具名,background_clip_sigma,lib/algorithms/coverage/src/sampler.cpp:504,0.0;3.0,未标注,②条文有名无值,docs/algorithms/PHASE2_SAMPLER.md:121 `background_patch_radius=8`/`background_clip_sigma=3.0`/
具名,background_max_contamination,lib/algorithms/coverage/src/sampler.cpp:507,0.20,未标注,①条文含值,docs/algorithms/PHASE2_SAMPLER.md:122 `background_clip_iters=3`/`background_max_contamination=0.20`/
具名,background_contamination_sigma,lib/algorithms/coverage/src/sampler.cpp:509,3.0,未标注,①条文含值,docs/algorithms/PHASE2_SAMPLER.md:123 `background_contamination_sigma=3.0`/
具名,background_min_retained_fraction,lib/algorithms/coverage/src/sampler.cpp:511,0.60,未标注,①条文含值,docs/algorithms/PHASE2_SAMPLER.md:124 `background_min_retained_fraction=0.60`/`background_tolerance=3.0`/
具名,background_tolerance,lib/algorithms/coverage/src/sampler.cpp:512,0.0;3.0,未标注,②条文有名无值,docs/algorithms/PHASE2_SAMPLER.md:124 `background_min_retained_fraction=0.60`/`background_tolerance=3.0`/
具名,star_mask_snr_factor,lib/algorithms/coverage/src/sampler.cpp:513,0.0;10.0,未标注,②条文有名无值,docs/algorithms/PHASE2_SAMPLER.md:387 thr = cfg.star_mask_snr_factor × frame_snr_med[frame]   # :849/:1149（默
具名,star_mask_radius_deg,lib/algorithms/coverage/src/sampler.cpp:514,0.0;0.012,未标注,②条文有名无值,docs/algorithms/PHASE2_SAMPLER.md:388 rad = cfg.star_mask_radius_deg           # :514 默认 0.012°（度；已入配置面，DISP
具名,snr_search_radius_deg,lib/algorithms/coverage/src/sampler.cpp:522,0.0;0.05,未标注,②条文有名无值,docs/algorithms/PHASE2_SAMPLER.md:120 `patch_radius_leaf=2`/`min_samples=5`/`snr_search_radius_deg=0.05`/
具名,pf,lib/algorithms/coverage/src/sampler.cpp:572,0.0,未标注,③未见于条文面,
具名,in_domain,lib/algorithms/coverage/src/sampler.cpp:574,300.0;600.0,未标注,③未见于条文面,
具名,src_pixel_scale,lib/algorithms/coverage/src/sampler.cpp:580,.6f,未标注,③未见于条文面,
具名,ra_deg,lib/algorithms/coverage/src/sampler.cpp:776,0.0,未标注,②条文有名无值,"docs/algorithms/HIPS_WRITER.md:244 （:888）；点 (ra_deg,dec_deg) 经共享 HEALPix 权威"
具名,sup_sum,lib/algorithms/coverage/src/sampler.cpp:808,0.0,未标注,②条文有名无值,docs/algorithms/PHASE2_SAMPLER.md:187 - 累计 ：787-789：vals.push(s)、sup_sum+=sp、n_valid++；
具名,s0,lib/algorithms/coverage/src/sampler.cpp:839,0.0,未标注,③未见于条文面,
具名,s0,lib/algorithms/coverage/src/sampler.cpp:844,1.482602218505602,未标注,③未见于条文面,
具名,sigma,lib/algorithms/coverage/src/sampler.cpp:864,0.0,未标注,②条文有名无值,docs/algorithms/CALIBRATION_ALGORITHMS.md:22 - 负责: master bias/dark/flat 生成（sigma-clip 合并）、单帧校准算术、
具名,n_ret,lib/algorithms/coverage/src/sampler.cpp:873,1.0,未标注,①条文含值,"docs/algorithms/PHASE2_SAMPLER.md:507 代码中的 `n_ret = max(N_retained, 1.0)`（:873）是**死分支**（防御性写法），"
具名,kcorr_f,lib/algorithms/coverage/src/sampler.cpp:874,0.0,未标注,②条文有名无值,docs/contracts/DATA_SEMANTICS.md:1764 | control_variance | f64 | ADU²（`k_corr × (π/2) × σ_bg² / N_retained`；
具名,snr_val,lib/algorithms/coverage/src/sampler.cpp:897,1.0,未标注,②条文有名无值,docs/algorithms/PHASE2_SAMPLER.md:396 snr_search_radius_deg) 收集半径内星 SNR → 中位数为 snr_val 且
具名,snr_val,lib/algorithms/coverage/src/sampler.cpp:905,0.0,未标注,②条文有名无值,docs/algorithms/PHASE2_SAMPLER.md:396 snr_search_radius_deg) 收集半径内星 SNR → 中位数为 snr_val 且
具名,snr,lib/algorithms/coverage/src/sampler.cpp:1087,0.0,未标注,③未见于条文面,
具名,ivar,lib/algorithms/coverage/src/sampler.cpp:1122,0.0,未标注,②条文有名无值,ASTROCS_DESIGN.md:223 - signal / variance / ivar / source_snr / depth_m5 / frame_snr / point
具名,v,lib/algorithms/coverage/src/sampler.cpp:1128,0.0f,未标注,③未见于条文面,
具名,v,lib/algorithms/coverage/src/sampler.cpp:1354,1.0,未标注,③未见于条文面,
具名,idx,lib/algorithms/coverage/src/sampler.cpp:1398,0.0,未标注,③未见于条文面,
具名,p05,lib/algorithms/coverage/src/sampler.cpp:1405,0.05,未标注,③未见于条文面,
具名,p50,lib/algorithms/coverage/src/sampler.cpp:1406,0.50,未标注,③未见于条文面,
具名,p95,lib/algorithms/coverage/src/sampler.cpp:1407,0.95,未标注,③未见于条文面,
具名,maxdev,lib/algorithms/coverage/src/sampler.cpp:1408,0.0,未标注,①条文含值,docs/algorithms/PHASE2_UPM_IMPL.md:342 evalrel(f)≈0.5f、maxdev<0.05（eng/tests/api/test_upm_recovery_oracle.py
具名,sse,lib/algorithms/coverage/src/sampler.cpp:1409,0.0,未标注,③未见于条文面,
具名,d2r,lib/algorithms/coverage/src/sky_plane.cpp:78,180.0,未标注,③未见于条文面,
具名,saved,lib/algorithms/coverage/src/sky_plane.cpp:111,0.0,未标注,③未见于条文面,
具名,temp,lib/algorithms/coverage/src/sky_plane.cpp:114,0.0,未标注,③未见于条文面,
具名,ra0_deg,lib/algorithms/coverage/src/sky_plane.cpp:191,0.0,未标注,②条文有名无值,"docs/contracts/API_CONTRACTS.csv:333 API-gnomonic_forward_proj,gnomonic_forward_proj,lib/algorithms/plateso"
具名,t0u,lib/algorithms/coverage/src/sky_plane.cpp:192,0.0;1.0,未标注,③未见于条文面,
具名,gauge_shift,lib/algorithms/coverage/src/sky_plane.cpp:198,0.0,未标注,③未见于条文面,
具名,u_min,lib/algorithms/coverage/src/sky_plane.cpp:199,0.0,未标注,③未见于条文面,
具名,du_min,lib/algorithms/coverage/src/sky_plane.cpp:200,0.0,未标注,③未见于条文面,
具名,uc,lib/algorithms/coverage/src/sky_plane.cpp:201,0.0;1.0,未标注,③未见于条文面,
具名,clip_sigma,lib/algorithms/coverage/src/sky_plane.cpp:230,3.0,未标注,①条文含值,"docs/algorithms/PHASE2_SAMPLER.md:231 的 `gauss+sampler_clip` 行）⇒ ""单侧剪裁使 MAD 系统性偏"" 在 clip_sigma=3.0 配置下"
具名,contamination_sigma,lib/algorithms/coverage/src/sky_plane.cpp:231,3.0,未标注,②条文有名无值,docs/algorithms/PHASE2_SAMPLER.md:367 bfrac = #{v > y + contamination_sigma·σ} / n_total     # :865-867
具名,min_retained_fraction,lib/algorithms/coverage/src/sky_plane.cpp:232,0.60,未标注,②条文有名无值,docs/algorithms/PHASE2_SAMPLER.md:369 若 N_retained < min_retained_fraction × n_total: reason=2，++rejected_in
具名,k_corr,lib/algorithms/coverage/src/sky_plane.cpp:233,1.4,未标注,①条文含值,docs/algorithms/PHASE2_SAMPLER.md:108 | kControlCorrDefault | :83 | k_corr 冻结保守默认 1.4 |
具名,clip_sigma,lib/algorithms/coverage/src/sky_plane.cpp:251,0.0;3.0,未标注,②条文有名无值,docs/algorithms/NOISE_ESTIMATION.md:202 | DISP-NOISE-007 | 参数下限静默钳位无返回码区分：patch_grid<2→2、clip_sigma<1→1、min_pa
具名,contamination_sigma,lib/algorithms/coverage/src/sky_plane.cpp:252,0.0;3.0,未标注,②条文有名无值,docs/algorithms/PHASE2_SAMPLER.md:367 bfrac = #{v > y + contamination_sigma·σ} / n_total     # :865-867
具名,min_retained_fraction,lib/algorithms/coverage/src/sky_plane.cpp:253,0.0,未标注,②条文有名无值,docs/algorithms/PHASE2_SAMPLER.md:369 若 N_retained < min_retained_fraction × n_total: reason=2，++rejected_in
具名,k_corr,lib/algorithms/coverage/src/sky_plane.cpp:254,0.0;1.4,未标注,②条文有名无值,"docs/algorithms/HIPS_WRITER.md:223 该界是物理/表示域，**不是** k_corr 查表域 [300,600]″）/ obs_regime"
具名,sigma,lib/algorithms/coverage/src/sky_plane.cpp:296,0.0,未标注,②条文有名无值,docs/algorithms/CALIBRATION_ALGORITHMS.md:22 - 负责: master bias/dark/flat 生成（sigma-clip 合并）、单帧校准算术、
具名,n_ret,lib/algorithms/coverage/src/sky_plane.cpp:305,1.0,未标注,①条文含值,"docs/algorithms/PHASE2_SAMPLER.md:507 代码中的 `n_ret = max(N_retained, 1.0)`（:873）是**死分支**（防御性写法），"
具名,ivar,lib/algorithms/coverage/src/sky_plane.cpp:307,0.0;1.0,未标注,②条文有名无值,ASTROCS_DESIGN.md:223 - signal / variance / ivar / source_snr / depth_m5 / frame_snr / point
具名,n_retained,lib/algorithms/coverage/src/sky_plane.cpp:312,.2f,未标注,②条文有名无值,"docs/algorithms/PHASE2_SAMPLER.md:53 | N_retained | clipping 后保留样本数；域 [min_samples, (2·background_patch_rad"
具名,bright_fraction,lib/algorithms/coverage/src/sky_plane.cpp:318,.3f,未标注,③未见于条文面,
具名,d2r,lib/algorithms/coverage/src/sky_plane.cpp:353,180.0,未标注,③未见于条文面,
具名,c,lib/algorithms/coverage/src/sky_plane.cpp:360,-1.0;1.0,未标注,③未见于条文面,
具名,overlap_band_width_deg,lib/algorithms/coverage/src/sky_plane.cpp:398,.6,未标注,③未见于条文面,
具名,pointing_spacing_deg,lib/algorithms/coverage/src/sky_plane.cpp:399,.6,未标注,③未见于条文面,
具名,pixel_deg,lib/algorithms/coverage/src/sky_plane.cpp:420,3600.0,未标注,③未见于条文面,
具名,scale,lib/algorithms/coverage/src/sky_plane.cpp:429,.6,未标注,②条文有名无值,docs/algorithms/CALIBRATION_ALGORITHMS.md:61 U1 亮场域 ≫ 1 ADU 而 bias/dark 中位数 ≤ 1.0 且未声明 normalized+scale ⇒ 拒；
具名,scale,lib/algorithms/coverage/src/sky_plane.cpp:430,.6,未标注,②条文有名无值,docs/algorithms/CALIBRATION_ALGORITHMS.md:61 U1 亮场域 ≫ 1 ADU 而 bias/dark 中位数 ≤ 1.0 且未声明 normalized+scale ⇒ 拒；
具名,representable_scale_deg,lib/algorithms/coverage/src/sky_plane.cpp:439,2.0,未标注,③未见于条文面,
具名,node_spacing_px,lib/algorithms/coverage/src/sky_plane.cpp:441,3600.0,未标注,③未见于条文面,
具名,representable_scale_px,lib/algorithms/coverage/src/sky_plane.cpp:442,2.0,未标注,③未见于条文面,
具名,lower_px,lib/algorithms/coverage/src/sky_plane.cpp:443,3600.0,未标注,③未见于条文面,
具名,node_spacing_deg,lib/algorithms/coverage/src/sky_plane.cpp:454,0.0,未标注,②条文有名无值,docs/contracts/DATA_SEMANTICS.md:2859 | `solvers.sky_plane.node_spacing_deg` / `node_spacing_source` / `node
具名,huber_delta,lib/algorithms/coverage/src/sky_plane.cpp:456,1.345,未标注,①条文含值,docs/algorithms/PHASE2_SESSION.md:133 huber_delta=1.345（**无量纲**；高斯参考分布下渐近效率 95% 的 Huber 阈值，
具名,max_extrapolation_deg,lib/algorithms/coverage/src/sky_plane.cpp:468,0.0,未标注,③未见于条文面,
具名,node_spacing_upper_deg,lib/algorithms/coverage/src/sky_plane.cpp:488,0.0,未标注,②条文有名无值,docs/contracts/DATA_SEMANTICS.md:2859 | `solvers.sky_plane.node_spacing_deg` / `node_spacing_source` / `node
具名,node_spacing_lower_deg,lib/algorithms/coverage/src/sky_plane.cpp:489,0.0,未标注,②条文有名无值,docs/contracts/DATA_SEMANTICS.md:2859 | `solvers.sky_plane.node_spacing_deg` / `node_spacing_source` / `node
具名,huber_delta,lib/algorithms/coverage/src/sky_plane.cpp:516,0.0;1.345,未标注,②条文有名无值,docs/algorithms/PHASE2_SESSION.md:133 huber_delta=1.345（**无量纲**；高斯参考分布下渐近效率 95% 的 Huber 阈值，
具名,tolerance,lib/algorithms/coverage/src/sky_plane.cpp:518,0.0,未标注,②条文有名无值,docs/algorithms/ACR_EQUIVALENCE.md:34 assert split科学输出 ≡ cpu_only(inv) within tolerance
具名,rank_rtol,lib/algorithms/coverage/src/sky_plane.cpp:519,0.0,未标注,②条文有名无值,"docs/contracts/DATA_SEMANTICS.md:2224 > `rank_rtol`（地板 `max(m,n)·eps`），`identifiable ⟺ rank_eff == n_params "
具名,max_extrapolation_deg,lib/algorithms/coverage/src/sky_plane.cpp:525,0.0,未标注,③未见于条文面,
具名,d2r,lib/algorithms/coverage/src/sky_plane.cpp:601,180.0,未标注,③未见于条文面,
具名,dec0_deg,lib/algorithms/coverage/src/sky_plane.cpp:610,-1.0;1.0;180.0,未标注,②条文有名无值,"docs/contracts/API_CONTRACTS.csv:333 API-gnomonic_forward_proj,gnomonic_forward_proj,lib/algorithms/plateso"
具名,ra0_deg,lib/algorithms/coverage/src/sky_plane.cpp:611,180.0,未标注,②条文有名无值,"docs/contracts/API_CONTRACTS.csv:333 API-gnomonic_forward_proj,gnomonic_forward_proj,lib/algorithms/plateso"
具名,uc,lib/algorithms/coverage/src/sky_plane.cpp:659,0.5,未标注,③未见于条文面,
具名,vc,lib/algorithms/coverage/src/sky_plane.cpp:660,0.5,未标注,③未见于条文面,
具名,us,lib/algorithms/coverage/src/sky_plane.cpp:661,0.5,未标注,③未见于条文面,
具名,vs,lib/algorithms/coverage/src/sky_plane.cpp:662,0.5,未标注,③未见于条文面,
具名,max_node_weight,lib/algorithms/coverage/src/sky_plane.cpp:710,0.0,未标注,③未见于条文面,
具名,orig,lib/algorithms/coverage/src/sky_plane.cpp:755,0.0,未标注,②条文有名无值,docs/algorithms/PHASE2_MOSAIC_WRITE.md:143 生产权重 = 逐样本 ivar `weights[s] = ivarv[orig×chunk_pixels+i]`
具名,d,lib/algorithms/coverage/src/sky_plane.cpp:759,0.0,未标注,③未见于条文面,
具名,nrm,lib/algorithms/coverage/src/sky_plane.cpp:765,0.0,未标注,③未见于条文面,
具名,lam,lib/algorithms/coverage/src/sky_plane.cpp:790,0.0,未标注,③未见于条文面,
具名,s,lib/algorithms/coverage/src/sky_plane.cpp:862,0.0,未标注,③未见于条文面,
具名,s,lib/algorithms/coverage/src/sky_plane.cpp:878,0.0,未标注,③未见于条文面,
具名,mean_diag,lib/algorithms/coverage/src/sky_plane.cpp:892,0.0,未标注,③未见于条文面,
具名,mean_diag,lib/algorithms/coverage/src/sky_plane.cpp:894,0.0,未标注,③未见于条文面,
具名,lam,lib/algorithms/coverage/src/sky_plane.cpp:895,0.0,未标注,③未见于条文面,
具名,alpha,lib/algorithms/coverage/src/sky_plane.cpp:946,0.0,未标注,②条文有名无值,ACCEPTANCE_SPEC.md:33 三个创新点（最高设计 §2）各立一个自包含实验单元，alpha 发布前必须全部跑通并经独立审稿。**实验单元目录结构与报告八要素的唯一正本 
具名,s,lib/algorithms/coverage/src/sky_plane.cpp:955,0.0,未标注,③未见于条文面,
具名,s,lib/algorithms/coverage/src/sky_plane.cpp:973,0.0,未标注,③未见于条文面,
具名,s,lib/algorithms/coverage/src/sky_plane.cpp:982,0.0,未标注,③未见于条文面,
具名,s,lib/algorithms/coverage/src/sky_plane.cpp:990,0.0,未标注,③未见于条文面,
具名,s,lib/algorithms/coverage/src/sky_plane.cpp:1003,0.0,未标注,③未见于条文面,
具名,db,lib/algorithms/coverage/src/sky_plane.cpp:1020,0.0,未标注,③未见于条文面,
具名,s,lib/algorithms/coverage/src/sky_plane.cpp:1032,0.0,未标注,③未见于条文面,
具名,fit,lib/algorithms/coverage/src/sky_plane.cpp:1046,0.0,未标注,③未见于条文面,
具名,sigma,lib/algorithms/coverage/src/sky_plane.cpp:1053,1.0,未标注,①条文含值,docs/algorithms/CALIBRATION_ALGORITHMS.md:422 （默认 1.0，即 k_init=t_light/t_dark 由调用方算出）；sigma-clip 族参数
具名,z,lib/algorithms/coverage/src/sky_plane.cpp:1055,0.0,未标注,③未见于条文面,
具名,directions,lib/algorithms/coverage/src/sky_plane.cpp:1131,.3,未标注,③未见于条文面,
具名,lambda_numerical,lib/algorithms/coverage/src/sky_plane.cpp:1132,.3,未标注,②条文有名无值,docs/contracts/DATA_SEMANTICS.md:2860 | `solvers.sky_plane.adaptive.*` | 自适应回路记录：`n_attempts` / `node_adapti
具名,gauge_shift,lib/algorithms/coverage/src/sky_plane.cpp:1140,0.0,未标注,③未见于条文面,
具名,c,lib/algorithms/coverage/src/sky_plane.cpp:1142,0.0,未标注,③未见于条文面,
具名,sw,lib/algorithms/coverage/src/sky_plane.cpp:1150,0.0,未标注,③未见于条文面,
具名,fit,lib/algorithms/coverage/src/sky_plane.cpp:1155,0.0,未标注,③未见于条文面,
具名,rms_weighted,lib/algorithms/coverage/src/sky_plane.cpp:1199,0.0,未标注,②条文有名无值,docs/contracts/DATA_SEMANTICS.md:2857 | `solvers.sky_plane.chi2_red` / `rms_weighted` / `iterations` / `mode
具名,chi2_red,lib/algorithms/coverage/src/sky_plane.cpp:1208,0.0,未标注,②条文有名无值,docs/contracts/DATA_SEMANTICS.md:2241 | `chi2_red` | f64 / **null** | `chi2/dof_eff`；`dof_eff <= 0` ⇒ **无定义 
具名,residual_improve_ratio,lib/algorithms/coverage/src/sky_plane.cpp:1267,0.5,未标注,②条文有名无值,docs/contracts/DATA_SEMANTICS.md:2860 | `solvers.sky_plane.adaptive.*` | 自适应回路记录：`n_attempts` / `node_adapti
具名,residual_improve_ratio,lib/algorithms/coverage/src/sky_plane.cpp:1296,0.5,未标注,②条文有名无值,docs/contracts/DATA_SEMANTICS.md:2860 | `solvers.sky_plane.adaptive.*` | 自适应回路记录：`n_attempts` / `node_adapti
具名,h,lib/algorithms/coverage/src/sky_plane.cpp:1419,2.0,未标注,③未见于条文面,
具名,rc,lib/algorithms/coverage/src/sky_plane.cpp:1428,.6,未标注,③未见于条文面,
具名,upper,lib/algorithms/coverage/src/sky_plane.cpp:1429,.6,未标注,①条文含值,docs/science/ACR_EQUIVALENCE.md:76 1/1.482602218505602 = 0.6744897501960817，故在缺省 |lower|=4.0/upper=3.0 下数
具名,h_next,lib/algorithms/coverage/src/sky_plane.cpp:1436,0.5,未标注,③未见于条文面,
具名,improved,lib/algorithms/coverage/src/sky_plane.cpp:1451,0.0,未标注,③未见于条文面,
具名,dv,lib/algorithms/coverage/src/sky_plane.cpp:1572,0.0,未标注,③未见于条文面,
具名,val,lib/algorithms/coverage/src/sky_plane.cpp:1589,0.0,未标注,③未见于条文面,
具名,dv,lib/algorithms/coverage/src/sky_plane.cpp:1629,0.0,未标注,③未见于条文面,
具名,val,lib/algorithms/coverage/src/sky_plane.cpp:1646,0.0,未标注,③未见于条文面,
具名,w,lib/algorithms/coverage/src/sky_plane.cpp:1687,0.0,未标注,③未见于条文面,
具名,w,lib/algorithms/coverage/src/sky_plane.cpp:1688,1.0,未标注,③未见于条文面,
具名,val,lib/algorithms/coverage/src/sky_plane.cpp:1690,0.0,未标注,③未见于条文面,
具名,out_rms_weighted,lib/algorithms/coverage/src/sky_plane.cpp:1697,0.0,未标注,③未见于条文面,
具名,out_rms_unweighted,lib/algorithms/coverage/src/sky_plane.cpp:1698,0.0,未标注,③未见于条文面,
具名,pointing_spacing_deg,lib/algorithms/coverage/src/sky_plane.cpp:1869,0.0,未标注,③未见于条文面,
具名,sample_pitch_deg,lib/algorithms/coverage/src/sky_plane.cpp:1870,0.0,未标注,③未见于条文面,
具名,pixel_scale_arcsec,lib/algorithms/coverage/src/sky_plane.cpp:1871,0.0,未标注,③未见于条文面,
具名,kappa,lib/algorithms/coverage/src/sky_plane.cpp:1888,0.0,未标注,②条文有名无值,docs/ci/01_CHECKS.md:123 | CHK-SCI502-SKY-KAPPA | 科学 | 天光面 κ 专项：κ 可观测、门控 κ 取**求解矩阵**（λ=0 判红 / 生
具名,lambda_numerical,lib/algorithms/coverage/src/sky_plane.cpp:1899,0.0,未标注,②条文有名无值,docs/contracts/DATA_SEMANTICS.md:2860 | `solvers.sky_plane.adaptive.*` | 自适应回路记录：`n_attempts` / `node_adapti
具名,lambda_max,lib/algorithms/coverage/src/sky_plane.cpp:1900,0.0,未标注,③未见于条文面,
具名,lambda_min,lib/algorithms/coverage/src/sky_plane.cpp:1901,0.0,未标注,③未见于条文面,
具名,dof_eff,lib/algorithms/coverage/src/sky_plane.cpp:1903,0.0,未标注,②条文有名无值,docs/contracts/DATA_SEMANTICS.md:2240 | `dof_eff` | f64 | `n_obs − rank_eff`（Andrae et al. 2010 式 (9)） |
具名,node_spacing_upper_deg,lib/algorithms/coverage/src/sky_plane.cpp:1906,0.0,未标注,②条文有名无值,docs/contracts/DATA_SEMANTICS.md:2859 | `solvers.sky_plane.node_spacing_deg` / `node_spacing_source` / `node
具名,node_spacing_lower_deg,lib/algorithms/coverage/src/sky_plane.cpp:1907,0.0,未标注,②条文有名无值,docs/contracts/DATA_SEMANTICS.md:2859 | `solvers.sky_plane.node_spacing_deg` / `node_spacing_source` / `node
具名,rms_weighted,lib/algorithms/coverage/src/sky_plane.cpp:1908,0.0,未标注,②条文有名无值,docs/contracts/DATA_SEMANTICS.md:2857 | `solvers.sky_plane.chi2_red` / `rms_weighted` / `iterations` / `mode
具名,rms_unweighted,lib/algorithms/coverage/src/sky_plane.cpp:1909,0.0,未标注,③未见于条文面,
具名,chi2_red,lib/algorithms/coverage/src/sky_plane.cpp:1910,0.0,未标注,②条文有名无值,docs/contracts/DATA_SEMANTICS.md:2241 | `chi2_red` | f64 / **null** | `chi2/dof_eff`；`dof_eff <= 0` ⇒ **无定义 
具名,constraining_scale_deg,lib/algorithms/coverage/src/sky_plane.cpp:1938,0.0,未标注,②条文有名无值,docs/contracts/DATA_SEMANTICS.md:2860 | `solvers.sky_plane.adaptive.*` | 自适应回路记录：`n_attempts` / `node_adapti
具名,node_spacing_upper_deg,lib/algorithms/coverage/src/sky_plane.cpp:1939,0.0,未标注,②条文有名无值,docs/contracts/DATA_SEMANTICS.md:2859 | `solvers.sky_plane.node_spacing_deg` / `node_spacing_source` / `node
具名,node_spacing_lower_deg,lib/algorithms/coverage/src/sky_plane.cpp:1940,0.0,未标注,②条文有名无值,docs/contracts/DATA_SEMANTICS.md:2859 | `solvers.sky_plane.node_spacing_deg` / `node_spacing_source` / `node
具名,node_spacing_deg,lib/algorithms/coverage/src/sky_plane.cpp:1941,0.0,未标注,②条文有名无值,docs/contracts/DATA_SEMANTICS.md:2859 | `solvers.sky_plane.node_spacing_deg` / `node_spacing_source` / `node
具名,lambda_numerical,lib/algorithms/coverage/src/sky_plane.cpp:1942,0.0,未标注,②条文有名无值,docs/contracts/DATA_SEMANTICS.md:2860 | `solvers.sky_plane.adaptive.*` | 自适应回路记录：`n_attempts` / `node_adapti
具名,chi2_red,lib/algorithms/coverage/src/sky_plane.cpp:1950,0.0,未标注,②条文有名无值,docs/contracts/DATA_SEMANTICS.md:2241 | `chi2_red` | f64 / **null** | `chi2/dof_eff`；`dof_eff <= 0` ⇒ **无定义 
具名,residual_improve_ratio,lib/algorithms/coverage/src/sky_plane.cpp:1951,0.0,未标注,②条文有名无值,docs/contracts/DATA_SEMANTICS.md:2860 | `solvers.sky_plane.adaptive.*` | 自适应回路记录：`n_attempts` / `node_adapti
具名,node_spacing_deg,lib/algorithms/coverage/src/sky_plane.cpp:1962,0.0,未标注,②条文有名无值,docs/contracts/DATA_SEMANTICS.md:2859 | `solvers.sky_plane.node_spacing_deg` / `node_spacing_source` / `node
具名,lambda_numerical,lib/algorithms/coverage/src/sky_plane.cpp:1963,0.0,未标注,②条文有名无值,docs/contracts/DATA_SEMANTICS.md:2860 | `solvers.sky_plane.adaptive.*` | 自适应回路记录：`n_attempts` / `node_adapti
具名,chi2_red,lib/algorithms/coverage/src/sky_plane.cpp:1970,0.0,未标注,②条文有名无值,docs/contracts/DATA_SEMANTICS.md:2241 | `chi2_red` | f64 / **null** | `chi2/dof_eff`；`dof_eff <= 0` ⇒ **无定义 
具名,rms_weighted,lib/algorithms/coverage/src/sky_plane.cpp:1971,0.0,未标注,②条文有名无值,docs/contracts/DATA_SEMANTICS.md:2857 | `solvers.sky_plane.chi2_red` / `rms_weighted` / `iterations` / `mode
具名,out_g,lib/algorithms/coverage/src/sky_plane.cpp:2004,1.0,未标注,③未见于条文面,
具名,num,lib/algorithms/coverage/src/sky_plane.cpp:2013,0.0,未标注,③未见于条文面,
具名,err,lib/algorithms/coverage/src/stage2_common.cpp:30,.29,未标注,③未见于条文面,
具名,err,lib/algorithms/coverage/src/stage2_common.cpp:43,.64,未标注,③未见于条文面,
具名,err,lib/algorithms/coverage/src/stage2_common.cpp:59,.64,未标注,③未见于条文面,
具名,huber_delta,lib/algorithms/coverage/src/stage2_common.cpp:127,1.345,未标注,①条文含值,docs/algorithms/PHASE2_SESSION.md:133 huber_delta=1.345（**无量纲**；高斯参考分布下渐近效率 95% 的 Huber 阈值，
具名,support_power,lib/algorithms/coverage/src/stage2_common.cpp:174,1.0,未标注,①条文含值,docs/algorithms/PHASE2_SESSION.md:144 见 `docs/science/PHASE2_UPM.md` §7）、support_power=1.0、use_ivar_weight=1
具名,sigma_lower,lib/algorithms/coverage/src/stage2_common.cpp:372,4.0,未标注,①条文含值,docs/science/ACR_EQUIVALENCE.md:42 - **缺省与符号约定**：`method=1u`、`underdetermined_n=2u`、`max_iterations=8`、`p
具名,sigma_upper,lib/algorithms/coverage/src/stage2_common.cpp:373,3.0,未标注,②条文有名无值,docs/science/ACR_EQUIVALENCE.md:42 - **缺省与符号约定**：`method=1u`、`underdetermined_n=2u`、`max_iterations=8`、`p
具名,winsor_lower,lib/algorithms/coverage/src/stage2_common.cpp:379,4.0,未标注,③未见于条文面,
具名,winsor_upper,lib/algorithms/coverage/src/stage2_common.cpp:380,3.0,未标注,③未见于条文面,
具名,avg_lower,lib/algorithms/coverage/src/stage2_common.cpp:386,4.0,未标注,③未见于条文面,
具名,avg_upper,lib/algorithms/coverage/src/stage2_common.cpp:387,3.0,未标注,③未见于条文面,
具名,linfit_lower,lib/algorithms/coverage/src/stage2_common.cpp:393,5.0,未标注,③未见于条文面,
具名,linfit_upper,lib/algorithms/coverage/src/stage2_common.cpp:394,3.5,未标注,③未见于条文面,
具名,esd_alpha,lib/algorithms/coverage/src/stage2_common.cpp:400,0.05,未标注,③未见于条文面,
具名,medsig_lower,lib/algorithms/coverage/src/stage2_common.cpp:412,4.0,未标注,③未见于条文面,
具名,medsig_upper,lib/algorithms/coverage/src/stage2_common.cpp:413,3.0,未标注,③未见于条文面,
具名,err,lib/algorithms/coverage/src/stage2_common.cpp:448,9.73,未标注,③未见于条文面,
具名,err,lib/algorithms/coverage/src/stage2_common.cpp:460,9.73,未标注,③未见于条文面,
具名,err,lib/algorithms/coverage/src/stage2_common.cpp:486,.1024,未标注,③未见于条文面,
具名,err,lib/algorithms/coverage/src/stage2_common.cpp:491,.1024,未标注,③未见于条文面,
具名,control_reliability,lib/algorithms/coverage/src/stage2_common.cpp:543,1.0,未标注,①条文含值,docs/algorithms/PHASE2_SAMPLER.md:464 | per-control `control_reliability`（`geometric_reliability` 为**禁用**旧名）
具名,M,lib/algorithms/coverage/src/upm.cpp:65,0.0,未标注,③未见于条文面,
具名,ra_deg,lib/algorithms/coverage/src/upm.cpp:69,0.0,未标注,②条文有名无值,"docs/algorithms/HIPS_WRITER.md:244 （:888）；点 (ra_deg,dec_deg) 经共享 HEALPix 权威"
具名,dec_deg,lib/algorithms/coverage/src/upm.cpp:70,0.0,未标注,②条文有名无值,"docs/algorithms/HIPS_WRITER.md:244 （:888）；点 (ra_deg,dec_deg) 经共享 HEALPix 权威"
具名,reliability,lib/algorithms/coverage/src/upm.cpp:72,1.0,未标注,①条文含值,docs/algorithms/PHASE2_UPM_IMPL.md:184 reliability 来源: cfg.control_reliability（默认 1.0，upm.cpp:288-289）
具名,objective,lib/algorithms/coverage/src/upm.cpp:104,0.0,未标注,②条文有名无值,docs/algorithms/PHASE2_UPM_IMPL.md:106 | IRLS 主循环 | :601-873 | 每轮 raw→w→M→C→objective/收敛 |
具名,scale_obs,lib/algorithms/coverage/src/upm.cpp:115,0.0,未标注,②条文有名无值,"docs/algorithms/PHASE2_SESSION.md:139 tolerance=1e-6（**相对量**：判据 `max_dM/max(scale_obs,eps) < tol_step`，"
具名,rel_improve,lib/algorithms/coverage/src/upm.cpp:116,0.0,未标注,②条文有名无值,"docs/algorithms/PHASE2_UPM_IMPL.md:412 rel_improve = |obj − obj_prev| / max(|obj_prev|, 1e-300)         # :10"
具名,tx,lib/algorithms/coverage/src/upm.cpp:208,0.0,未标注,③未见于条文面,
具名,ty,lib/algorithms/coverage/src/upm.cpp:209,0.0,未标注,③未见于条文面,
具名,huber_delta,lib/algorithms/coverage/src/upm.cpp:267,1.345,未标注,①条文含值,docs/algorithms/PHASE2_SESSION.md:133 huber_delta=1.345（**无量纲**；高斯参考分布下渐近效率 95% 的 Huber 阈值，
具名,smoothing_lambda,lib/algorithms/coverage/src/upm.cpp:268,0.0,未标注,①条文含值,docs/algorithms/PHASE2_UPM_IMPL.md:390 | smoothing_lambda（λs） | 0.0（默认关闭平滑） | upm.h:75；upm.cpp:255/:286 |
具名,support_power,lib/algorithms/coverage/src/upm.cpp:274,1.0,未标注,①条文含值,docs/algorithms/PHASE2_SESSION.md:144 见 `docs/science/PHASE2_UPM.md` §7）、support_power=1.0、use_ivar_weight=1
具名,control_reliability,lib/algorithms/coverage/src/upm.cpp:277,1.0,未标注,①条文含值,docs/algorithms/PHASE2_SAMPLER.md:464 | per-control `control_reliability`（`geometric_reliability` 为**禁用**旧名）
具名,gs_damping,lib/algorithms/coverage/src/upm.cpp:281,1.0,未标注,①条文含值,docs/algorithms/PHASE2_UPM_IMPL.md:395 | gs_damping | 1.0（legacy）；生产 0.5 | upm.h:102；upm.cpp:268/:289 |
具名,huber_delta,lib/algorithms/coverage/src/upm.cpp:286,0.0;1.345,未标注,②条文有名无值,docs/algorithms/PHASE2_SESSION.md:133 huber_delta=1.345（**无量纲**；高斯参考分布下渐近效率 95% 的 Huber 阈值，
具名,tolerance,lib/algorithms/coverage/src/upm.cpp:291,0.0,未标注,②条文有名无值,docs/algorithms/ACR_EQUIVALENCE.md:34 assert split科学输出 ≡ cpu_only(inv) within tolerance
具名,sigma_floor,lib/algorithms/coverage/src/upm.cpp:292,0.0,未标注,②条文有名无值,docs/algorithms/PHASE2_SESSION.md:142 sigma_floor=1e-3（**量纲 = 面亮度 ADU·sr⁻¹**，与 `uncertainty` 同标度；
具名,support_power,lib/algorithms/coverage/src/upm.cpp:293,0.0;1.0,未标注,②条文有名无值,docs/algorithms/PHASE2_SESSION.md:144 见 `docs/science/PHASE2_UPM.md` §7）、support_power=1.0、use_ivar_weight=1
具名,control_reliability,lib/algorithms/coverage/src/upm.cpp:296,0.0;1.0,未标注,②条文有名无值,docs/algorithms/PHASE2_SAMPLER.md:464 | per-control `control_reliability`（`geometric_reliability` 为**禁用**旧名）
具名,zero_anchor_weight,lib/algorithms/coverage/src/upm.cpp:297,0.0,未标注,②条文有名无值,docs/algorithms/PHASE2_SESSION.md:295 | DISP-P2SES-005 | :184-194 | UPM 首版常量硬编码且仅 max_iterations/huber_delta
具名,smoothing_lambda,lib/algorithms/coverage/src/upm.cpp:299,0.0,未标注,①条文含值,docs/algorithms/PHASE2_UPM_IMPL.md:390 | smoothing_lambda（λs） | 0.0（默认关闭平滑） | upm.h:75；upm.cpp:255/:286 |
具名,gs_damping,lib/algorithms/coverage/src/upm.cpp:302,0.0;1.0,未标注,②条文有名无值,docs/algorithms/PHASE2_UPM_IMPL.md:395 | gs_damping | 1.0（legacy）；生产 0.5 | upm.h:102；upm.cpp:268/:289 |
具名,nside,lib/algorithms/coverage/src/upm.cpp:440,1.0,未标注,①条文含值,docs/algorithms/DRIZZLE_GEOMETRY.md:117 exp_c_realdata.json` C3 段：nside=512/1024 × 181 档纬度扫描，最坏 1.0441/1.0442，
具名,pix_rad,lib/algorithms/coverage/src/upm.cpp:441,3.141592653589793;4.0,未标注,③未见于条文面,
具名,link_rad,lib/algorithms/coverage/src/upm.cpp:444,1.6,未标注,①条文含值,docs/algorithms/PHASE2_UPM_IMPL.md:401 `kLeafPx=512²`、跨 tile 邻接 link_rad=1.6×cell_dist、dense/sparse 等价 1e-12、
具名,link_deg,lib/algorithms/coverage/src/upm.cpp:445,180.0;3.141592653589793,未标注,③未见于条文面,
具名,anchor,lib/algorithms/coverage/src/upm.cpp:564,0.0,未标注,②条文有名无值,docs/algorithms/PHASE2_UPM_IMPL.md:236 payload = version|target_order|cfg(smoothing/anchor/sigma_floor/
具名,lambda_s,lib/algorithms/coverage/src/upm.cpp:565,0.0,未标注,③未见于条文面,
具名,num,lib/algorithms/coverage/src/upm.cpp:582,0.0,未标注,③未见于条文面,
具名,lp,lib/algorithms/coverage/src/upm.cpp:689,0.0,未标注,③未见于条文面,
具名,pAp,lib/algorithms/coverage/src/upm.cpp:694,0.0,未标注,③未见于条文面,
具名,rs_new,lib/algorithms/coverage/src/upm.cpp:701,0.0,未标注,②条文有名无值,docs/algorithms/PHASE2_UPM_IMPL.md:399 **数值常数**：CG max_cg=200、CG 早停 pAp≤1e-30 / rs_new<1e-24、
具名,scale_obs,lib/algorithms/coverage/src/upm.cpp:729,0.0,未标注,②条文有名无值,"docs/algorithms/PHASE2_SESSION.md:139 tolerance=1e-6（**相对量**：判据 `max_dM/max(scale_obs,eps) < tol_step`，"
具名,max_dM,lib/algorithms/coverage/src/upm.cpp:786,0.0,未标注,②条文有名无值,"docs/algorithms/PHASE2_SESSION.md:139 tolerance=1e-6（**相对量**：判据 `max_dM/max(scale_obs,eps) < tol_step`，"
具名,lmax,lib/algorithms/coverage/src/upm.cpp:800,0.0,未标注,③未见于条文面,
具名,num,lib/algorithms/coverage/src/upm.cpp:802,0.0,未标注,③未见于条文面,
具名,num,lib/algorithms/coverage/src/upm.cpp:855,0.0,未标注,③未见于条文面,
具名,max_dC,lib/algorithms/coverage/src/upm.cpp:904,0.0,未标注,②条文有名无值,docs/algorithms/PHASE2_UPM_IMPL.md:127 objective += raw·huber_rho(z); max_dM/tol && max_dC/tol → break  # :85
具名,lmax,lib/algorithms/coverage/src/upm.cpp:922,0.0,未标注,③未见于条文面,
具名,k,lib/algorithms/coverage/src/upm.cpp:929,0.0,未标注,③未见于条文面,
具名,k,lib/algorithms/coverage/src/upm.cpp:977,0.0,未标注,③未见于条文面,
具名,objective,lib/algorithms/coverage/src/upm.cpp:1015,0.0,未标注,②条文有名无值,docs/algorithms/PHASE2_UPM_IMPL.md:106 | IRLS 主循环 | :601-873 | 每轮 raw→w→M→C→objective/收敛 |
具名,s_eff,lib/algorithms/coverage/src/upm.cpp:1037,1.0,未标注,③未见于条文面,
具名,s,lib/algorithms/coverage/src/upm.cpp:1086,0.0,未标注,③未见于条文面,
具名,num,lib/algorithms/coverage/src/upm.cpp:1120,0.0,未标注,③未见于条文面,
具名,s,lib/algorithms/coverage/src/upm.cpp:1141,0.0,未标注,③未见于条文面,
具名,coupling_assembled,lib/algorithms/coverage/src/upm.cpp:1225,0.0,未标注,②条文有名无值,docs/contracts/DATA_SEMANTICS.md:2245 | `coupling_assembled` | bool | `false` = `smoothing_lambda > 0` 时块间耦合
具名,kappa,lib/algorithms/coverage/src/upm.cpp:1230,0.0,未标注,②条文有名无值,docs/ci/01_CHECKS.md:123 | CHK-SCI502-SKY-KAPPA | 科学 | 天光面 κ 专项：κ 可观测、门控 κ 取**求解矩阵**（λ=0 判红 / 生
具名,chi2,lib/algorithms/coverage/src/upm.cpp:1234,0.0,未标注,②条文有名无值,docs/contracts/DATA_SEMANTICS.md:2239 | `chi2` | f64 | `Σ (r/σ_eff)²`（标准化残差平方和） |
具名,iterations,lib/algorithms/coverage/src/upm.cpp:1351,.6,未标注,②条文有名无值,docs/algorithms/PHASE2_REJECTION.md:53 | `iterations` | 外层迭代计数（kernel 计量） | 无量纲 u32 | rejection.h:388 |
具名,huber_delta,lib/algorithms/coverage/src/upm.cpp:1542,1.345,未标注,①条文含值,docs/algorithms/PHASE2_SESSION.md:133 huber_delta=1.345（**无量纲**；高斯参考分布下渐近效率 95% 的 Huber 阈值，
具名,smoothing_lambda,lib/algorithms/coverage/src/upm.cpp:1543,0.0,未标注,①条文含值,docs/algorithms/PHASE2_UPM_IMPL.md:390 | smoothing_lambda（λs） | 0.0（默认关闭平滑） | upm.h:75；upm.cpp:255/:286 |
具名,support_power,lib/algorithms/coverage/src/upm.cpp:1548,1.0,未标注,①条文含值,docs/algorithms/PHASE2_SESSION.md:144 见 `docs/science/PHASE2_UPM.md` §7）、support_power=1.0、use_ivar_weight=1
具名,gs_damping,lib/algorithms/coverage/src/upm.cpp:1550,1.0,未标注,①条文含值,docs/algorithms/PHASE2_UPM_IMPL.md:395 | gs_damping | 1.0（legacy）；生产 0.5 | upm.h:102；upm.cpp:268/:289 |
具名,objective,lib/algorithms/coverage/src/upm.cpp:1562,0.0,未标注,②条文有名无值,docs/algorithms/PHASE2_UPM_IMPL.md:106 | IRLS 主循环 | :601-873 | 每轮 raw→w→M→C→objective/收敛 |
具名,scale_obs,lib/algorithms/coverage/src/upm.cpp:1565,0.0,未标注,②条文有名无值,"docs/algorithms/PHASE2_SESSION.md:139 tolerance=1e-6（**相对量**：判据 `max_dM/max(scale_obs,eps) < tol_step`，"
具名,rel_improve,lib/algorithms/coverage/src/upm.cpp:1566,0.0,未标注,②条文有名无值,"docs/algorithms/PHASE2_UPM_IMPL.md:412 rel_improve = |obj − obj_prev| / max(|obj_prev|, 1e-300)         # :10"
具名,chi2,lib/algorithms/coverage/src/upm.cpp:1586,0.0,未标注,②条文有名无值,docs/contracts/DATA_SEMANTICS.md:2239 | `chi2` | f64 | `Σ (r/σ_eff)²`（标准化残差平方和） |
具名,dof_eff,lib/algorithms/coverage/src/upm.cpp:1587,0.0,未标注,②条文有名无值,docs/contracts/DATA_SEMANTICS.md:2240 | `dof_eff` | f64 | `n_obs − rank_eff`（Andrae et al. 2010 式 (9)） |
具名,objective,lib/algorithms/coverage/src/upm.cpp:1592,0.0,未标注,②条文有名无值,docs/algorithms/PHASE2_UPM_IMPL.md:106 | IRLS 主循环 | :601-873 | 每轮 raw→w→M→C→objective/收敛 |
具名,rel_improve,lib/algorithms/coverage/src/upm.cpp:1595,0.0,未标注,②条文有名无值,"docs/algorithms/PHASE2_UPM_IMPL.md:412 rel_improve = |obj − obj_prev| / max(|obj_prev|, 1e-300)         # :10"
具名,reliability,lib/algorithms/coverage/src/upm.cpp:1667,1.0,未标注,①条文含值,docs/algorithms/PHASE2_UPM_IMPL.md:184 reliability 来源: cfg.control_reliability（默认 1.0，upm.cpp:288-289）
具名,any,lib/algorithms/coverage/src/upm.cpp:1774,0.0,未标注,③未见于条文面,
具名,g,lib/algorithms/coverage/src/upm.cpp:1935,0.0,未标注,③未见于条文面,
具名,support_power,lib/algorithms/coverage/src/upm.cpp:1974,1.0,未标注,①条文含值,docs/algorithms/PHASE2_SESSION.md:144 见 `docs/science/PHASE2_UPM.md` §7）、support_power=1.0、use_ivar_weight=1
具名,sigma_floor,lib/algorithms/coverage/src/upm.cpp:1978,0.0,未标注,②条文有名无值,docs/algorithms/PHASE2_SESSION.md:142 sigma_floor=1e-3（**量纲 = 面亮度 ADU·sr⁻¹**，与 `uncertainty` 同标度；
具名,support_power,lib/algorithms/coverage/src/upm.cpp:1979,0.0;1.0,未标注,②条文有名无值,docs/algorithms/PHASE2_SESSION.md:144 见 `docs/science/PHASE2_UPM.md` §7）、support_power=1.0、use_ivar_weight=1
具名,sp,lib/algorithms/coverage/src/upm.cpp:1990,0.0;1.0,未标注,③未见于条文面,
具名,i,lib/algorithms/coverage/src/upm.cpp:2264,1.0,未标注,③未见于条文面,
具名,off,lib/algorithms/coverage/src/upm.cpp:2268,0.0,未标注,③未见于条文面,
具名,theta,lib/algorithms/coverage/src/upm.cpp:2281,2.0,未标注,②条文有名无值,"docs/algorithms/STAR_DETECTION_ALGORITHMS.md:99 `theta=−alpha` 归一到 (−90°,90°]。残差坐标 `dx=x+0.5−cx`（像素中心=索引+0.5，"
具名,sgn,lib/algorithms/coverage/src/upm.cpp:2282,-1.0;0.0;1.0,未标注,③未见于条文面,
具名,t,lib/algorithms/coverage/src/upm.cpp:2283,1.0,未标注,③未见于条文面,
具名,ok,lib/algorithms/coverage/src/upm.cpp:2334,0.0,未标注,③未见于条文面,
具名,scale,lib/algorithms/coverage/src/upm.cpp:2358,0.0,未标注,②条文有名无值,docs/algorithms/CALIBRATION_ALGORITHMS.md:61 U1 亮场域 ≫ 1 ADU 而 bias/dark 中位数 ≤ 1.0 且未声明 normalized+scale ⇒ 拒；
具名,jit,lib/algorithms/coverage/src/upm.cpp:2361,0.0;1.0,未标注,③未见于条文面,
具名,kappa,lib/algorithms/coverage/src/upm.cpp:2391,0.0,未标注,②条文有名无值,docs/ci/01_CHECKS.md:123 | CHK-SCI502-SKY-KAPPA | 科学 | 天光面 κ 专项：κ 可观测、门控 κ 取**求解矩阵**（λ=0 判红 / 生
具名,obj,lib/algorithms/coverage/src/upm.cpp:2433,0.0,未标注,③未见于条文面,
具名,sigma_eff,lib/algorithms/coverage/src/upm.cpp:2438,1.0,未标注,②条文有名无值,docs/algorithms/PHASE2_SESSION.md:136 适用域=标准化残差 z=r/sigma_eff 且 sigma_eff 由观测标度主导，见
具名,rank_rtol,lib/algorithms/coverage/src/upm.cpp:2458,0.0,未标注,②条文有名无值,"docs/contracts/DATA_SEMANTICS.md:2224 > `rank_rtol`（地板 `max(m,n)·eps`），`identifiable ⟺ rank_eff == n_params "
具名,huber_delta,lib/algorithms/coverage/src/upm.cpp:2459,0.0;1.345,未标注,②条文有名无值,docs/algorithms/PHASE2_SESSION.md:133 huber_delta=1.345（**无量纲**；高斯参考分布下渐近效率 95% 的 Huber 阈值，
具名,tolerance,lib/algorithms/coverage/src/upm.cpp:2461,0.0,未标注,②条文有名无值,docs/algorithms/ACR_EQUIVALENCE.md:34 assert split科学输出 ≡ cpu_only(inv) within tolerance
具名,sigma_floor,lib/algorithms/coverage/src/upm.cpp:2462,0.0,未标注,②条文有名无值,docs/algorithms/PHASE2_SESSION.md:142 sigma_floor=1e-3（**量纲 = 面亮度 ADU·sr⁻¹**，与 `uncertainty` 同标度；
具名,zero_anchor_weight,lib/algorithms/coverage/src/upm.cpp:2463,0.0,未标注,②条文有名无值,docs/algorithms/PHASE2_SESSION.md:295 | DISP-P2SES-005 | :184-194 | UPM 首版常量硬编码且仅 max_iterations/huber_delta
具名,k,lib/algorithms/coverage/src/upm.cpp:2604,1.0,未标注,③未见于条文面,
具名,sw,lib/algorithms/coverage/src/upm.cpp:2606,0.0,未标注,③未见于条文面,
具名,sigma_eff,lib/algorithms/coverage/src/upm.cpp:2636,1.0,未标注,②条文有名无值,docs/algorithms/PHASE2_SESSION.md:136 适用域=标准化残差 z=r/sigma_eff 且 sigma_eff 由观测标度主导，见
具名,maxstep,lib/algorithms/coverage/src/upm.cpp:2662,0.0,未标注,③未见于条文面,
具名,lambda,lib/algorithms/coverage/src/upm.cpp:2672,0.3,未标注,②条文有名无值,docs/algorithms/PHASE2_COVERAGE.md:51 trim（lambda :32-37）；重复键后值覆盖前值（`kv[k]=v` :38）。
具名,sigma_eff,lib/algorithms/coverage/src/upm.cpp:2691,1.0,未标注,②条文有名无值,docs/algorithms/PHASE2_SESSION.md:136 适用域=标准化残差 z=r/sigma_eff 且 sigma_eff 由观测标度主导，见
具名,maxstep,lib/algorithms/coverage/src/upm.cpp:2710,0.0,未标注,③未见于条文面,
具名,sum,lib/algorithms/coverage/src/upm.cpp:2754,0.0,未标注,③未见于条文面,
具名,inv_ok,lib/algorithms/coverage/src/upm.cpp:2757,0.0,未标注,③未见于条文面,
具名,out_control_ivar,lib/algorithms/coverage/src/upm.cpp:2976,1.0,未标注,③未见于条文面,
具名,idx,lib/algorithms/coverage/tools/calibrated_pair_diag.cpp:68,0.95,未标注,③未见于条文面,
具名,m,lib/algorithms/coverage/tools/calibrated_pair_diag.cpp:74,0.0,未标注,③未见于条文面,
具名,p95_abs,lib/algorithms/coverage/tools/calibrated_pair_diag.cpp:80,0.0,未标注,③未见于条文面,
具名,max_abs,lib/algorithms/coverage/tools/calibrated_pair_diag.cpp:81,0.0,未标注,②条文有名无值,"docs/algorithms/ACR_EQUIVALENCE.md:19 F4: 容差: float32 max_abs ≤1e-6, float64 ≤1e-12; support/rejection exact"
具名,boundary_dec,lib/algorithms/coverage/tools/calibrated_pair_diag.cpp:108,0.0,未标注,③未见于条文面,
具名,flr,lib/algorithms/coverage/tools/calibrated_pair_diag.cpp:139,0.05,未标注,③未见于条文面,
具名,lf_ok,lib/algorithms/coverage/tools/calibrated_pair_diag.cpp:141,1.05,未标注,③未见于条文面,
具名,shared,lib/algorithms/coverage/tools/calibrated_pair_diag.cpp:326,.4f,未标注,②条文有名无值,ASTROCS_DESIGN.md:626 │   ├── fits_output  shared/
具名,raw_med,lib/algorithms/coverage/tools/calibrated_pair_diag.cpp:327,.3,未标注,③未见于条文面,
具名,v,lib/algorithms/coverage/tools/rejection_cli.cpp:34,0.0,未标注,③未见于条文面,
具名,v,lib/algorithms/coverage/tools/rejection_cli.cpp:79,0.0,未标注,③未见于条文面,
具名,lower_sigma,lib/algorithms/coverage/tools/rejection_cli.cpp:207,4.0,未标注,①条文含值,docs/science/ACR_EQUIVALENCE.md:42 - **缺省与符号约定**：`method=1u`、`underdetermined_n=2u`、`max_iterations=8`、`p
具名,upper_sigma,lib/algorithms/coverage/tools/rejection_cli.cpp:208,3.0,未标注,②条文有名无值,docs/science/ACR_EQUIVALENCE.md:42 - **缺省与符号约定**：`method=1u`、`underdetermined_n=2u`、`max_iterations=8`、`p
具名,lower_sigma,lib/algorithms/coverage/tools/rejection_cli.cpp:210,4.0,未标注,①条文含值,docs/science/ACR_EQUIVALENCE.md:42 - **缺省与符号约定**：`method=1u`、`underdetermined_n=2u`、`max_iterations=8`、`p
具名,upper_sigma,lib/algorithms/coverage/tools/rejection_cli.cpp:211,3.0,未标注,②条文有名无值,docs/science/ACR_EQUIVALENCE.md:42 - **缺省与符号约定**：`method=1u`、`underdetermined_n=2u`、`max_iterations=8`、`p
具名,lower_sigma,lib/algorithms/coverage/tools/rejection_cli.cpp:213,4.0,未标注,①条文含值,docs/science/ACR_EQUIVALENCE.md:42 - **缺省与符号约定**：`method=1u`、`underdetermined_n=2u`、`max_iterations=8`、`p
具名,upper_sigma,lib/algorithms/coverage/tools/rejection_cli.cpp:214,3.0,未标注,②条文有名无值,docs/science/ACR_EQUIVALENCE.md:42 - **缺省与符号约定**：`method=1u`、`underdetermined_n=2u`、`max_iterations=8`、`p
具名,lower,lib/algorithms/coverage/tools/rejection_cli.cpp:216,5.0,未标注,②条文有名无值,docs/algorithms/PHASE2_MOSAIC_WRITE.md:119 underdetermined_n、sigma lower/upper/max_iterations、chunk 偏移 p0、
具名,upper,lib/algorithms/coverage/tools/rejection_cli.cpp:217,3.5,未标注,②条文有名无值,docs/algorithms/PHASE2_MOSAIC_WRITE.md:119 underdetermined_n、sigma lower/upper/max_iterations、chunk 偏移 p0、
具名,alpha,lib/algorithms/coverage/tools/rejection_cli.cpp:219,0.05,未标注,②条文有名无值,ACCEPTANCE_SPEC.md:33 三个创新点（最高设计 §2）各立一个自包含实验单元，alpha 发布前必须全部跑通并经独立审稿。**实验单元目录结构与报告八要素的唯一正本 
具名,low_fraction,lib/algorithms/coverage/tools/rejection_cli.cpp:221,0.2,未标注,①条文含值,"docs/algorithms/PHASE2_REJECTION.md:496 10%"" 与实现 plan_resolve 默认 low_fraction=0.2（:1237）、SCI 权威"
具名,lower_sigma,lib/algorithms/coverage/tools/rejection_cli.cpp:224,4.0,未标注,①条文含值,docs/science/ACR_EQUIVALENCE.md:42 - **缺省与符号约定**：`method=1u`、`underdetermined_n=2u`、`max_iterations=8`、`p
具名,upper_sigma,lib/algorithms/coverage/tools/rejection_cli.cpp:225,3.0,未标注,②条文有名无值,docs/science/ACR_EQUIVALENCE.md:42 - **缺省与符号约定**：`method=1u`、`underdetermined_n=2u`、`max_iterations=8`、`p
具名,lo,lib/algorithms/coverage/tools/rejection_cli.cpp:235,-4.0;3.0,未标注,③未见于条文面,
具名,med,lib/algorithms/coverage/tools/stage2.cpp:86,1.0,未标注,③未见于条文面,
具名,local_ivar_map,lib/algorithms/coverage/tools/stage2.cpp:421,9.73,未标注,②条文有名无值,docs/algorithms/PHASE2_MOSAIC_WRITE.md:109 - weight_compact 8×8 网格（:864-899）: 逐样本 ivar 权重 → local_ivar_map
具名,snr,lib/algorithms/coverage/tools/stage2.cpp:466,0.0,未标注,③未见于条文面,
具名,geo_ok,lib/algorithms/coverage/tools/stage2.cpp:490,0.0,未标注,③未见于条文面,
具名,px_scale,lib/algorithms/coverage/tools/stage2.cpp:502,0.0,未标注,③未见于条文面,
具名,px_scale,lib/algorithms/coverage/tools/stage2.cpp:503,0.0,未标注,③未见于条文面,
具名,g,lib/algorithms/coverage/tools/stage2.cpp:632,1.0,未标注,③未见于条文面,
具名,second,lib/algorithms/coverage/tools/stage2.cpp:647,1.0,未标注,②条文有名无值,"docs/algorithms/PHASE3_RSMP_IMPL.md:279 `lru.splice(lru.begin(), lru, it->second.it)` ⇒ **访问序更新（真 LRU）**，"
具名,g_dc,lib/algorithms/coverage/tools/stage2.cpp:648,0.0,未标注,③未见于条文面,
具名,second,lib/algorithms/coverage/tools/stage2.cpp:653,1.0,未标注,②条文有名无值,"docs/algorithms/PHASE3_RSMP_IMPL.md:279 `lru.splice(lru.begin(), lru, it->second.it)` ⇒ **访问序更新（真 LRU）**，"
具名,second,lib/algorithms/coverage/tools/stage2.cpp:662,1.0,未标注,②条文有名无值,"docs/algorithms/PHASE3_RSMP_IMPL.md:279 `lru.splice(lru.begin(), lru, it->second.it)` ⇒ **访问序更新（真 LRU）**，"
具名,safety_factor,lib/algorithms/coverage/tools/stage2.cpp:735,0.75,未标注,①条文含值,docs/algorithms/PHASE2_MOSAIC_WRITE.md:103 memory_limit_bytes=cfg.memory_limit_mb :783、safety_factor=0.75 :784、
具名,dbg_reject_px,lib/algorithms/coverage/tools/stage2.cpp:834,9.73,未标注,③未见于条文面,
具名,safety_factor,lib/algorithms/coverage/tools/stage2.cpp:1011,0.75,未标注,①条文含值,docs/algorithms/PHASE2_MOSAIC_WRITE.md:103 memory_limit_bytes=cfg.memory_limit_mb :783、safety_factor=0.75 :784、
具名,v,lib/algorithms/coverage/tools/stage2.cpp:1123,0.0;1.0,未标注,③未见于条文面,
具名,gain,lib/algorithms/coverage/tools/stage2.cpp:1166,1.0,未标注,②条文有名无值,ASTROCS_DESIGN.md:161 分离需要额外支撑先验（暗帧、平场对/光子转移曲线、可信 `GAIN`、多曝光）；秩的代数依据见
具名,dk,lib/algorithms/coverage/tools/stage2.cpp:1174,0.0,未标注,③未见于条文面,
具名,ok,lib/algorithms/coverage/tools/stage2.cpp:1250,0.0f,未标注,③未见于条文面,
具名,support_threshold,lib/algorithms/coverage/tools/stage2.cpp:1350,0.0,未标注,①条文含值,docs/algorithms/PHASE2_REJECTION.md:459 support_threshold=0.0 :1093）→ p2_reject_stack_ex（:1184）→
具名,signal_out,lib/algorithms/coverage/tools/stage2.cpp:1412,0.0,未标注,②条文有名无值,docs/algorithms/PHASE2_MOSAIC_WRITE.md:158 `signal_out=pr.signal`、`support_out=pr.support`（:1524-1527）。
具名,area,lib/algorithms/coverage/tools/stage2.cpp:1471,0.0,未标注,②条文有名无值,docs/algorithms/DRIZZLE_GEOMETRY.md:96 aio_hips_writer finalize_tile（variance = var_num_sum/area²，
具名,flux,lib/algorithms/coverage/tools/stage2.cpp:1472,0.0,未标注,②条文有名无值,docs/algorithms/GAIA_QUERY.md:136 float32 fluxMin @32 + float32 fluxMul @36 + uint8 flux[343] @40 + 1B 填
具名,gain,lib/algorithms/coverage/tools/stage2.cpp:1522,1.0,未标注,②条文有名无值,ASTROCS_DESIGN.md:161 分离需要额外支撑先验（暗帧、平场对/光子转移曲线、可信 `GAIN`、多曝光）；秩的代数依据见
具名,dk,lib/algorithms/coverage/tools/stage2.cpp:1530,0.0,未标注,③未见于条文面,
具名,support_threshold,lib/algorithms/coverage/tools/stage2.cpp:1602,0.0,未标注,①条文含值,docs/algorithms/PHASE2_REJECTION.md:459 support_threshold=0.0 :1093）→ p2_reject_stack_ex（:1184）→
具名,signal_out,lib/algorithms/coverage/tools/stage2.cpp:1680,0.0,未标注,②条文有名无值,docs/algorithms/PHASE2_MOSAIC_WRITE.md:158 `signal_out=pr.signal`、`support_out=pr.support`（:1524-1527）。
具名,area,lib/algorithms/coverage/tools/stage2.cpp:1779,0.0,未标注,②条文有名无值,docs/algorithms/DRIZZLE_GEOMETRY.md:96 aio_hips_writer finalize_tile（variance = var_num_sum/area²，
具名,flux,lib/algorithms/coverage/tools/stage2.cpp:1780,0.0,未标注,②条文有名无值,docs/algorithms/GAIA_QUERY.md:136 float32 fluxMin @32 + float32 fluxMul @36 + uint8 flux[343] @40 + 1B 填
具名,area,lib/algorithms/coverage/tools/stage2.cpp:1836,0.0,未标注,②条文有名无值,docs/algorithms/DRIZZLE_GEOMETRY.md:96 aio_hips_writer finalize_tile（variance = var_num_sum/area²，
具名,flux,lib/algorithms/coverage/tools/stage2.cpp:1837,0.0,未标注,②条文有名无值,docs/algorithms/GAIA_QUERY.md:136 float32 fluxMin @32 + float32 fluxMul @36 + uint8 flux[343] @40 + 1B 填
具名,scale_arcsec,lib/algorithms/drizzle/healpix_drizzle/astro_sphere_sink.cpp:130,0.0,未标注,②条文有名无值,"docs/contracts/API_CONTRACTS.csv:11 API-aio_hips_set_drizzle_provenance,aio_hips_set_drizzle_provenance,li"
具名,prof_transform,lib/algorithms/drizzle/healpix_drizzle/astro_sphere_sink.cpp:162,0.0,未标注,②条文有名无值,docs/algorithms/HIPS_WRITER.md:390 nested_local_to_fits_index（:464，prof_transform 热点段之一，性能优化归
具名,snr_points,lib/algorithms/drizzle/healpix_drizzle/astro_sphere_sink.cpp:259,.3f,未标注,②条文有名无值,"docs/contracts/API_CONTRACTS.csv:12 API-aio_hips_write,aio_hips_write,lib/infrastructure/aio/include/aio_h"
具名,k,lib/algorithms/drizzle/healpix_drizzle/astro_sphere_sink.cpp:282,1.0,未标注,③未见于条文面,
具名,transform,lib/algorithms/drizzle/healpix_drizzle/astro_sphere_sink.cpp:286,.3f,未标注,②条文有名无值,"docs/contracts/API_CONTRACTS.csv:356 API-build_wcs,build_wcs,lib/algorithms/platesolve/cpp/ipv/include/ipv_"
具名,finalize,lib/algorithms/drizzle/healpix_drizzle/astro_sphere_sink.cpp:287,.3f,未标注,②条文有名无值,docs/algorithms/DRIZZLE_GEOMETRY.md:26 - S_p=F_p/D_p 面亮度归一与 variance/ivar finalize 属 astro_image_io
具名,a_cell,lib/algorithms/drizzle/healpix_drizzle/astro_sphere_sink.cpp:331,3.14159265358979323846;4.0,未标注,②条文有名无值,docs/algorithms/DRIZZLE_GEOMETRY.md:73 :1629；**绝对球面面积**，非无量纲覆盖分数；support = D_p/A_cell 无量纲，语义不变）。
具名,group_fref,lib/algorithms/drizzle/healpix_drizzle/astro_sphere_sink.cpp:422,0.0,未标注,③未见于条文面,
具名,snr,lib/algorithms/drizzle/healpix_drizzle/astro_sphere_sink.cpp:450,0.0,未标注,③未见于条文面,
具名,snr,lib/algorithms/drizzle/healpix_drizzle/astro_sphere_sink.cpp:453,0.0,未标注,③未见于条文面,
具名,fref,lib/algorithms/drizzle/healpix_drizzle/astro_sphere_sink.cpp:454,0.0,未标注,②条文有名无值,docs/contracts/DATA_SEMANTICS.md:564 ### 13.4 p1_snr.json 帧级科学 SNR 交付字段（DATA-P1-SNR/3，P14 样本真实性 + FREF-BASE
具名,frame,lib/algorithms/drizzle/healpix_drizzle/astro_sphere_sink.cpp:469,.10,未标注,②条文有名无值,ACCEPTANCE_SPEC.md:60 | 稀疏层与重建 | 稀疏**绝对**场（控制点层存**绝对 SNR**，与帧级同口径同 `F_ref`；不以帧级 SNR 为尺度基准）+ 
具名,prof_transform,lib/algorithms/drizzle/healpix_drizzle/astro_sphere_sink.cpp:502,0.0,未标注,②条文有名无值,docs/algorithms/HIPS_WRITER.md:390 nested_local_to_fits_index（:464，prof_transform 热点段之一，性能优化归
具名,S,lib/algorithms/drizzle/healpix_drizzle/astro_sphere_sink.cpp:522,0.0,未标注,③未见于条文面,
具名,S,lib/algorithms/drizzle/healpix_drizzle/astro_sphere_sink.cpp:523,1.0,未标注,③未见于条文面,
具名,q,lib/algorithms/drizzle/healpix_drizzle/astro_sphere_sink.cpp:524,255.0,未标注,③未见于条文面,
具名,transform,lib/algorithms/drizzle/healpix_drizzle/astro_sphere_sink.cpp:617,.3f,未标注,②条文有名无值,"docs/contracts/API_CONTRACTS.csv:356 API-build_wcs,build_wcs,lib/algorithms/platesolve/cpp/ipv/include/ipv_"
具名,finalize,lib/algorithms/drizzle/healpix_drizzle/astro_sphere_sink.cpp:618,.3f,未标注,②条文有名无值,docs/algorithms/DRIZZLE_GEOMETRY.md:26 - S_p=F_p/D_p 面亮度归一与 variance/ivar finalize 属 astro_image_io
具名,px,lib/algorithms/drizzle/healpix_drizzle/drizzle_engine.cpp:51,0.0,未标注,③未见于条文面,
具名,value,lib/algorithms/drizzle/healpix_drizzle/drizzle_engine.cpp:52,0.0,未标注,②条文有名无值,docs/algorithms/HIPS_WRITER.md:202 - (5b) properties（write_properties :285-293 裸 `key=value\n` 直写，fopen
具名,drop_area,lib/algorithms/drizzle/healpix_drizzle/drizzle_engine.cpp:53,0.0,未标注,②条文有名无值,docs/algorithms/DRIZZLE_GEOMETRY.md:40 `build_drop_geometry_into` / `DropGeometryT::drop_area`）。
具名,pixfrac,lib/algorithms/drizzle/healpix_drizzle/drizzle_engine.cpp:54,0.0,未标注,②条文有名无值,"ASTROCS_DESIGN.md:295 ""drizzle"": { ""nested"": 1, ""pixfrac"": 0.8, ""precision_mode"": 0 },  // 默"
具名,sum_contribution,lib/algorithms/drizzle/healpix_drizzle/drizzle_engine.cpp:55,0.0,未标注,③未见于条文面,
具名,sumFlux,lib/algorithms/drizzle/healpix_drizzle/drizzle_engine.cpp:65,0.0,未标注,②条文有名无值,docs/algorithms/DRIZZLE_GEOMETRY.md:64 w 无量纲；`acc.sumFlux += Scalar(pixelValue * weight)`，:1628）。
具名,sumArea,lib/algorithms/drizzle/healpix_drizzle/drizzle_engine.cpp:66,0.0,未标注,②条文有名无值,docs/algorithms/DRIZZLE_GEOMETRY.md:68 `pixfrac==1` 时 `pixel_area` 与 `drop_area` 是同一变量 ⇒ 比值恒 1.0 ⇒ `sumNorm ≡
具名,sumNorm,lib/algorithms/drizzle/healpix_drizzle/drizzle_engine.cpp:67,0.0,未标注,②条文有名无值,"docs/algorithms/DRIZZLE_GEOMETRY.md:51 **归一分母（口径不可替换）**：`N_p = Σ_j w_jp·A_pixel,j`（`acc.sumNorm`，:1629 前后）。"
具名,hp_res_rad,lib/algorithms/drizzle/healpix_drizzle/drizzle_engine.cpp:261,0.0,未标注,③未见于条文面,
具名,cos_thresh_60,lib/algorithms/drizzle/healpix_drizzle/drizzle_engine.cpp:262,0.0,未标注,③未见于条文面,
具名,g_tl_prof_cand,lib/algorithms/drizzle/healpix_drizzle/drizzle_engine.cpp:342,0.0,未标注,③未见于条文面,
具名,g_tl_prof_overlap,lib/algorithms/drizzle/healpix_drizzle/drizzle_engine.cpp:343,0.0,未标注,③未见于条文面,
具名,ra,lib/algorithms/drizzle/healpix_drizzle/drizzle_engine.cpp:416,180.0,未标注,③未见于条文面,
具名,dec,lib/algorithms/drizzle/healpix_drizzle/drizzle_engine.cpp:417,180.0,未标注,③未见于条文面,
具名,east_z,lib/algorithms/drizzle/healpix_drizzle/drizzle_engine.cpp:432,0.0,未标注,③未见于条文面,
具名,east_x,lib/algorithms/drizzle/healpix_drizzle/drizzle_engine.cpp:438,0.0;1.0,未标注,③未见于条文面,
具名,east_x,lib/algorithms/drizzle/healpix_drizzle/drizzle_engine.cpp:440,0.0;1.0,未标注,③未见于条文面,
具名,eta,lib/algorithms/drizzle/healpix_drizzle/drizzle_engine.cpp:469,0.0,未标注,③未见于条文面,
具名,disc,lib/algorithms/drizzle/healpix_drizzle/drizzle_engine.cpp:530,4.0,未标注,③未见于条文面,
具名,disc,lib/algorithms/drizzle/healpix_drizzle/drizzle_engine.cpp:531,0.0,未标注,③未见于条文面,
具名,lambda_min,lib/algorithms/drizzle/healpix_drizzle/drizzle_engine.cpp:532,0.5,未标注,③未见于条文面,
具名,lambda_min,lib/algorithms/drizzle/healpix_drizzle/drizzle_engine.cpp:533,0.0,未标注,③未见于条文面,
具名,local_scale,lib/algorithms/drizzle/healpix_drizzle/drizzle_engine.cpp:537,180.0;3600.0,未标注,③未见于条文面,
具名,xm_cell,lib/algorithms/drizzle/healpix_drizzle/drizzle_engine.cpp:556,0.5,未标注,③未见于条文面,
具名,ym_cell,lib/algorithms/drizzle/healpix_drizzle/drizzle_engine.cpp:557,0.5,未标注,③未见于条文面,
具名,local_min,lib/algorithms/drizzle/healpix_drizzle/drizzle_engine.cpp:570,0.0,未标注,③未见于条文面,
具名,step_px,lib/algorithms/drizzle/healpix_drizzle/drizzle_engine.cpp:593,2.0,未标注,③未见于条文面,
具名,no_data,lib/algorithms/drizzle/healpix_drizzle/drizzle_engine.cpp:615,0.0,未标注,②条文有名无值,ASTROCS_DESIGN.md:274 - **测光标定不设星数门槛**：任何可解析帧都执行测光标定并出产品，精度按**本帧自身**实测的匹配星数与误差预算如实标注，不套用他帧口径
具名,xm,lib/algorithms/drizzle/healpix_drizzle/drizzle_engine.cpp:623,0.5,未标注,③未见于条文面,
具名,x1,lib/algorithms/drizzle/healpix_drizzle/drizzle_engine.cpp:691,1.0,未标注,③未见于条文面,
具名,y1,lib/algorithms/drizzle/healpix_drizzle/drizzle_engine.cpp:692,1.0,未标注,③未见于条文面,
具名,nside_min_real,lib/algorithms/drizzle/healpix_drizzle/drizzle_engine.cpp:715,1.0,未标注,③未见于条文面,
具名,finest,lib/algorithms/drizzle/healpix_drizzle/drizzle_engine.cpp:737,.6f,未标注,②条文有名无值,"docs/algorithms/DRIZZLE_GEOMETRY.md:153 `finest ∈ (211034.6/2^k, 211076.285/2^k)` 窗口内**少取一阶**"
具名,nside_min,lib/algorithms/drizzle/healpix_drizzle/drizzle_engine.cpp:738,.4f;.6f,未标注,②条文有名无值,"docs/algorithms/DRIZZLE_GEOMETRY.md:158 → 0 由调用方兜底（:697-701）；钳位 `[NSIDE_MIN, NSIDE_MAX] = [16, 4194304=2^22]`"
具名,nside,lib/algorithms/drizzle/healpix_drizzle/drizzle_engine.cpp:839,.2f,未标注,②条文有名无值,docs/algorithms/DRIZZLE_GEOMETRY.md:117 exp_c_realdata.json` C3 段：nside=512/1024 × 181 档纬度扫描，最坏 1.0441/1.0442，
具名,photometry_applied_upstream,lib/algorithms/drizzle/healpix_drizzle/drizzle_engine.cpp:850,.6f,未标注,③未见于条文面,
具名,sumWeight,lib/algorithms/drizzle/healpix_drizzle/drizzle_engine.cpp:876,0.0,未标注,③未见于条文面,
具名,sumSnrSq,lib/algorithms/drizzle/healpix_drizzle/drizzle_engine.cpp:877,0.0,未标注,③未见于条文面,
具名,nside,lib/algorithms/drizzle/healpix_drizzle/drizzle_engine.cpp:964,.2f,未标注,②条文有名无值,docs/algorithms/DRIZZLE_GEOMETRY.md:117 exp_c_realdata.json` C3 段：nside=512/1024 × 181 档纬度扫描，最坏 1.0441/1.0442，
具名,apply,lib/algorithms/drizzle/healpix_drizzle/drizzle_engine.cpp:969,.6f,未标注,②条文有名无值,"ACCEPTANCE_SPEC.md:45 | apply photometry | 归一化真正落到像素（含低阶空间增益 m(x,y)），下游消费归一化像素；未启用时产品显式 degr"
具名,sumWeight,lib/algorithms/drizzle/healpix_drizzle/drizzle_engine.cpp:995,0.0,未标注,③未见于条文面,
具名,sumSnrSq,lib/algorithms/drizzle/healpix_drizzle/drizzle_engine.cpp:996,0.0,未标注,③未见于条文面,
具名,res_deg,lib/algorithms/drizzle/healpix_drizzle/drizzle_engine.cpp:1032,3600.0,未标注,②条文有名无值,docs/science/PHASE3_HIPS_TO_FITS.md:235 另登记：`p3_order_select`（`p3_resample.cpp:206-218`）在无 `k ≤ max_order` 满足 
具名,D_NS_HALF_FACTOR,lib/algorithms/drizzle/healpix_drizzle/drizzle_engine.cpp:1036,0.658;2.0,未标注,③未见于条文面,
具名,A_p,lib/algorithms/drizzle/healpix_drizzle/drizzle_engine.cpp:1099,12.0;4.0,未标注,③未见于条文面,
具名,nside,lib/algorithms/drizzle/healpix_drizzle/drizzle_engine.cpp:1102,.6,未标注,②条文有名无值,docs/algorithms/DRIZZLE_GEOMETRY.md:117 exp_c_realdata.json` C3 段：nside=512/1024 × 181 档纬度扫描，最坏 1.0441/1.0442，
具名,n_source,lib/algorithms/drizzle/healpix_drizzle/drizzle_engine.cpp:1180,.3f,未标注,②条文有名无值,docs/algorithms/DRIZZLE_GEOMETRY.md:241 - 时间: O(n_source · avg_candidates)，avg≈3.5（小图实测，9003 例
具名,idx,lib/algorithms/drizzle/healpix_drizzle/drizzle_engine.cpp:1224,.4f;.6f,未标注,③未见于条文面,
具名,half,lib/algorithms/drizzle/healpix_drizzle/drizzle_engine.cpp:1359,0.5,未标注,①条文含值,"docs/algorithms/DRIZZLE_GEOMETRY.md:105 - drop 四角: `half = 0.5·pixfrac`，`(x±half, y±half)` 经 WCS/SIP"
具名,d,lib/algorithms/drizzle/healpix_drizzle/drizzle_engine.cpp:1447,-1.0;1.0,未标注,③未见于条文面,
具名,max_edge_rad,lib/algorithms/drizzle/healpix_drizzle/drizzle_engine.cpp:1451,0.0,未标注,③未见于条文面,
具名,tr_sum,lib/algorithms/drizzle/healpix_drizzle/drizzle_engine.cpp:1572,0.0,未标注,③未见于条文面,
具名,nside,lib/algorithms/drizzle/healpix_drizzle/drizzle_engine.cpp:1796,.2f,未标注,②条文有名无值,docs/algorithms/DRIZZLE_GEOMETRY.md:117 exp_c_realdata.json` C3 段：nside=512/1024 × 181 档纬度扫描，最坏 1.0441/1.0442，
具名,profP_par_wall,lib/algorithms/drizzle/healpix_drizzle/drizzle_engine.cpp:1835,0.0,未标注,③未见于条文面,
具名,hp_res_rad,lib/algorithms/drizzle/healpix_drizzle/drizzle_engine.cpp:1900,180.0;3600.0,未标注,③未见于条文面,
具名,shared_vertices,lib/algorithms/drizzle/healpix_drizzle/drizzle_engine.cpp:1911,1.0,未标注,①条文含值,docs/algorithms/DRIZZLE_GEOMETRY.md:223 （`shared_vertices = (config.pixfrac == 1.0)`）。
具名,g_tl_prof_cand,lib/algorithms/drizzle/healpix_drizzle/drizzle_engine.cpp:1939,0.0,未标注,③未见于条文面,
具名,g_tl_prof_overlap,lib/algorithms/drizzle/healpix_drizzle/drizzle_engine.cpp:1940,0.0,未标注,③未见于条文面,
具名,snrValue,lib/algorithms/drizzle/healpix_drizzle/drizzle_engine.cpp:2045,1.0f,未标注,③未见于条文面,
具名,weightValue,lib/algorithms/drizzle/healpix_drizzle/drizzle_engine.cpp:2050,1.0f,未标注,③未见于条文面,
具名,varianceValue,lib/algorithms/drizzle/healpix_drizzle/drizzle_engine.cpp:2059,0.0f,未标注,②条文有名无值,docs/contracts/DATA_SEMANTICS.md:391 | sumVarNum → variance/ivar 产品 | 同上 | ADU²；ivar=1/variance | 仅当 varian
具名,varianceValue,lib/algorithms/drizzle/healpix_drizzle/drizzle_engine.cpp:2075,0.0f,未标注,②条文有名无值,docs/contracts/DATA_SEMANTICS.md:391 | sumVarNum → variance/ivar 产品 | 同上 | ADU²；ivar=1/variance | 仅当 varian
具名,prof_geom_s,lib/algorithms/drizzle/healpix_drizzle/drizzle_engine.cpp:2250,0.0,未标注,③未见于条文面,
具名,g_tl_prof_cand,lib/algorithms/drizzle/healpix_drizzle/drizzle_engine.cpp:2266,0.0,未标注,③未见于条文面,
具名,g_tl_prof_overlap,lib/algorithms/drizzle/healpix_drizzle/drizzle_engine.cpp:2267,0.0,未标注,③未见于条文面,
具名,p22_accum,lib/algorithms/drizzle/healpix_drizzle/drizzle_engine.cpp:2292,0.0,未标注,③未见于条文面,
具名,par_wall,lib/algorithms/drizzle/healpix_drizzle/drizzle_engine.cpp:2306,.3f,未标注,③未见于条文面,
具名,merge_work_cpu,lib/algorithms/drizzle/healpix_drizzle/drizzle_engine.cpp:2307,.3f,未标注,③未见于条文面,
具名,out_sort,lib/algorithms/drizzle/healpix_drizzle/drizzle_engine.cpp:2308,.3f,未标注,③未见于条文面,
具名,wcs,lib/algorithms/drizzle/healpix_drizzle/drizzle_engine.cpp:2314,.3f,未标注,③未见于条文面,
具名,threads,lib/algorithms/drizzle/healpix_drizzle/drizzle_engine.cpp:2316,.1f,未标注,②条文有名无值,docs/algorithms/DRIZZLE_GEOMETRY.md:218 stripe 索引。worker 数唯一来自 `config.threads`（>0）否则
具名,cand_eff,lib/algorithms/drizzle/healpix_drizzle/drizzle_engine.cpp:2331,.3f,未标注,③未见于条文面,
具名,A_p,lib/algorithms/drizzle/healpix_drizzle/drizzle_engine.cpp:2410,12.0;4.0,未标注,③未见于条文面,
具名,A_p,lib/algorithms/drizzle/healpix_drizzle/drizzle_engine.cpp:2422,.6,未标注,③未见于条文面,
具名,n_source,lib/algorithms/drizzle/healpix_drizzle/drizzle_engine.cpp:2461,.3f,未标注,②条文有名无值,docs/algorithms/DRIZZLE_GEOMETRY.md:241 - 时间: O(n_source · avg_candidates)，avg≈3.5（小图实测，9003 例
具名,pixfrac,lib/algorithms/drizzle/healpix_drizzle/drizzle_engine.h:27,1.0,未标注,②条文有名无值,"ASTROCS_DESIGN.md:295 ""drizzle"": { ""nested"": 1, ""pixfrac"": 0.8, ""precision_mode"": 0 },  // 默"
具名,photscal,lib/algorithms/drizzle/healpix_drizzle/drizzle_engine.h:31,1.0,未标注,②条文有名无值,ASTROCS_DESIGN.md:276 - **测光归一化落到像素（photometry 一步完成，不设独立节点）**：同一节点内把 `I_photo = k_photo · m(
具名,sumFlux,lib/algorithms/drizzle/healpix_drizzle/drizzle_engine.h:49,0.0,未标注,②条文有名无值,docs/algorithms/DRIZZLE_GEOMETRY.md:64 w 无量纲；`acc.sumFlux += Scalar(pixelValue * weight)`，:1628）。
具名,sumWeight,lib/algorithms/drizzle/healpix_drizzle/drizzle_engine.h:50,0.0,未标注,③未见于条文面,
具名,sumSnrSq,lib/algorithms/drizzle/healpix_drizzle/drizzle_engine.h:51,0.0,未标注,③未见于条文面,
具名,sumArea,lib/algorithms/drizzle/healpix_drizzle/drizzle_engine.h:52,0.0,未标注,②条文有名无值,docs/algorithms/DRIZZLE_GEOMETRY.md:68 `pixfrac==1` 时 `pixel_area` 与 `drop_area` 是同一变量 ⇒ 比值恒 1.0 ⇒ `sumNorm ≡
具名,sumNorm,lib/algorithms/drizzle/healpix_drizzle/drizzle_engine.h:54,0.0,未标注,②条文有名无值,"docs/algorithms/DRIZZLE_GEOMETRY.md:51 **归一分母（口径不可替换）**：`N_p = Σ_j w_jp·A_pixel,j`（`acc.sumNorm`，:1629 前后）。"
具名,sumVarNum,lib/algorithms/drizzle/healpix_drizzle/drizzle_engine.h:57,0.0,未标注,②条文有名无值,docs/algorithms/DRIZZLE_GEOMETRY.md:80 ⇒ `variance_p → α²·variance_p`（sumVarNum 对 v_j 线性、D_p 与 v 无关），
具名,finest_arcsec,lib/algorithms/drizzle/healpix_drizzle/drizzle_engine.h:109,0.0,未标注,②条文有名无值,docs/algorithms/DRIZZLE_GEOMETRY.md:156 - 决策: 最小 2 次幂 ≥ 211076.28514206142/finest_arcsec（判据式
具名,hp_res_arcsec,lib/algorithms/drizzle/healpix_drizzle/drizzle_engine.h:110,0.0,未标注,②条文有名无值,docs/algorithms/DRIZZLE_GEOMETRY.md:157 `hp_res_arcsec = C/nside ≤ finest_arcsec`，:710-724）；无效输入（finest≤0 等）
具名,oversample,lib/algorithms/drizzle/healpix_drizzle/drizzle_engine.h:111,0.0;0.5,未标注,②条文有名无值,docs/algorithms/DRIZZLE_GEOMETRY.md:161 此时 `oversample = hp_res/finest > 1`（欠采样）——消费方必须读 `oversample` 字段判欠采样，
具名,nside_min_real,lib/algorithms/drizzle/healpix_drizzle/drizzle_engine.h:113,0.0,未标注,③未见于条文面,
具名,elapsedSec,lib/algorithms/drizzle/healpix_drizzle/drizzle_engine.h:133,0.0,未标注,③未见于条文面,
具名,exposure_s,lib/algorithms/drizzle/healpix_drizzle/drizzle_engine.h:166,0.0,未标注,②条文有名无值,"docs/contracts/API_CONTRACTS.csv:10 API-aio_hips_product_begin,aio_hips_product_begin,lib/infrastructure/a"
具名,bzero,lib/algorithms/drizzle/healpix_drizzle/fits_reader.cpp:178,0.0,未标注,②条文有名无值,"docs/algorithms/CALIBRATION_ALGORITHMS.md:55 | FITS 整数（`BITPIX=16`, `BZERO=32768`） | `BSCALE/BZERO` ⇒ 物理值 | 无（已 ADU"
具名,bscale,lib/algorithms/drizzle/healpix_drizzle/fits_reader.cpp:179,1.0,未标注,①条文含值,"docs/algorithms/CALIBRATION_ALGORITHMS.md:56 | XISF `Float32` `bounds=""0:1""` | **可表示域**（黑/白点），非物理单位（XISF 1.0 §Image"
具名,bzero,lib/algorithms/drizzle/healpix_drizzle/fits_reader.cpp:203,0.0;1.0,未标注,②条文有名无值,"docs/algorithms/CALIBRATION_ALGORITHMS.md:55 | FITS 整数（`BITPIX=16`, `BZERO=32768`） | `BSCALE/BZERO` ⇒ 物理值 | 无（已 ADU"
具名,photscal,lib/algorithms/drizzle/healpix_drizzle/fits_reader.cpp:205,0.0,未标注,②条文有名无值,ASTROCS_DESIGN.md:276 - **测光归一化落到像素（photometry 一步完成，不设独立节点）**：同一节点内把 `I_photo = k_photo · m(
具名,BITPIX,lib/algorithms/drizzle/healpix_drizzle/fits_reader.cpp:346,.6,未标注,②条文有名无值,"docs/algorithms/CALIBRATION_ALGORITHMS.md:55 | FITS 整数（`BITPIX=16`, `BZERO=32768`） | `BSCALE/BZERO` ⇒ 物理值 | 无（已 ADU"
具名,CRVAL,lib/algorithms/drizzle/healpix_drizzle/fits_reader.cpp:401,.3f;.6f,未标注,②条文有名无值,ACCEPTANCE_SPEC.md:96 | 独立 Oracle 对拍 | 每模块有不调用生产实现的独立 Oracle 或解析解；投影与 Astropy/WCSLIB 独立对拍（正反
具名,CD,lib/algorithms/drizzle/healpix_drizzle/fits_reader.cpp:402,.3,未标注,③未见于条文面,
具名,BZERO,lib/algorithms/drizzle/healpix_drizzle/fits_reader.cpp:492,.6,未标注,②条文有名无值,"docs/algorithms/CALIBRATION_ALGORITHMS.md:55 | FITS 整数（`BITPIX=16`, `BZERO=32768`） | `BSCALE/BZERO` ⇒ 物理值 | 无（已 ADU"
具名,photscal,lib/algorithms/drizzle/healpix_drizzle/fits_reader.cpp:519,0.0,未标注,②条文有名无值,ASTROCS_DESIGN.md:276 - **测光归一化落到像素（photometry 一步完成，不设独立节点）**：同一节点内把 `I_photo = k_photo · m(
具名,bzero,lib/algorithms/drizzle/healpix_drizzle/fits_reader.h:42,0.0,未标注,②条文有名无值,"docs/algorithms/CALIBRATION_ALGORITHMS.md:55 | FITS 整数（`BITPIX=16`, `BZERO=32768`） | `BSCALE/BZERO` ⇒ 物理值 | 无（已 ADU"
具名,bscale,lib/algorithms/drizzle/healpix_drizzle/fits_reader.h:43,1.0,未标注,①条文含值,"docs/algorithms/CALIBRATION_ALGORITHMS.md:56 | XISF `Float32` `bounds=""0:1""` | **可表示域**（黑/白点），非物理单位（XISF 1.0 §Image"
具名,photscal,lib/algorithms/drizzle/healpix_drizzle/fits_reader.h:45,0.0,未标注,②条文有名无值,ASTROCS_DESIGN.md:276 - **测光归一化落到像素（photometry 一步完成，不设独立节点）**：同一节点内把 `I_photo = k_photo · m(
具名,dec,lib/algorithms/drizzle/healpix_drizzle/healpix_core.h:52,180.0;3.14159265358979323846;90.0,未标注,③未见于条文面,
具名,ra,lib/algorithms/drizzle/healpix_drizzle/healpix_core.h:53,180.0;3.14159265358979323846,未标注,③未见于条文面,
具名,ra,lib/algorithms/drizzle/healpix_drizzle/healpix_core.h:55,360.0,未标注,③未见于条文面,
具名,phi_rad,lib/algorithms/drizzle/healpix_drizzle/healpix_core.h:62,180.0;3.14159265358979323846,未标注,③未见于条文面,
具名,theta_rad,lib/algorithms/drizzle/healpix_drizzle/healpix_core.h:63,180.0;3.14159265358979323846;90.0,未标注,③未见于条文面,
具名,pixfrac,lib/algorithms/drizzle/healpix_drizzle/hp_drizzle_api.cpp:219,.4f;0.0;1.0,未标注,②条文有名无值,"ASTROCS_DESIGN.md:295 ""drizzle"": { ""nested"": 1, ""pixfrac"": 0.8, ""precision_mode"": 0 },  // 默"
具名,fits,lib/algorithms/drizzle/healpix_drizzle/hp_drizzle_api.cpp:230,.4f,未标注,②条文有名无值,ACCEPTANCE_SPEC.md:116 | **解压后合法（硬证据）** | `zstd -dc <name>.hips.zst` 管道给 `tar -xf -` 的产物与裸形态*
具名,photscal,lib/algorithms/drizzle/healpix_drizzle/hp_drizzle_api.cpp:333,.6f,未标注,②条文有名无值,ASTROCS_DESIGN.md:276 - **测光归一化落到像素（photometry 一步完成，不设独立节点）**：同一节点内把 `I_photo = k_photo · m(
具名,crval1,lib/algorithms/drizzle/healpix_drizzle/hp_drizzle_api.cpp:404,0.0,未标注,②条文有名无值,docs/algorithms/PHASE3_FITS_IMPL.md:43 | CRVAL1/2 | f64 deg | ICRS 中心 | p3_wcs.h:15-16 / p3_output.cpp:265-26
具名,crval2,lib/algorithms/drizzle/healpix_drizzle/hp_drizzle_api.cpp:405,0.0,未标注,②条文有名无值,docs/algorithms/PHASE3_PROJ_IMPL.md:12 > registry v3（CRVAL2 进映射 / AIT A≤1 / CAR 极行 fail-closed）+ v1 偏差表；
具名,crpix1,lib/algorithms/drizzle/healpix_drizzle/hp_drizzle_api.cpp:406,0.0,未标注,②条文有名无值,docs/algorithms/PHASE3_FITS_IMPL.md:42 | CRPIX1/2 | f64 px | FITS 1-based pixel-center | p3_wcs.h:17-18 / p3_
具名,crpix2,lib/algorithms/drizzle/healpix_drizzle/hp_drizzle_api.cpp:407,0.0,未标注,②条文有名无值,"docs/algorithms/PHASE3_PROJ_IMPL.md:167 CRPIX1=(W+1)/2, CRPIX2=(H+1)/2, CRVAL=center            # :45-48"
具名,cd11,lib/algorithms/drizzle/healpix_drizzle/hp_drizzle_api.cpp:408,0.0,未标注,②条文有名无值,"docs/algorithms/PHASE3_PROJ_IMPL.md:246 线性解 CD·δp = (ξ,η) (deg): det=CD11·CD22−CD12·CD21           # :136"
具名,cd12,lib/algorithms/drizzle/healpix_drizzle/hp_drizzle_api.cpp:409,0.0,未标注,②条文有名无值,"docs/algorithms/PHASE3_PROJ_IMPL.md:246 线性解 CD·δp = (ξ,η) (deg): det=CD11·CD22−CD12·CD21           # :136"
具名,cd21,lib/algorithms/drizzle/healpix_drizzle/hp_drizzle_api.cpp:410,0.0,未标注,②条文有名无值,"docs/algorithms/PHASE3_PROJ_IMPL.md:246 线性解 CD·δp = (ξ,η) (deg): det=CD11·CD22−CD12·CD21           # :136"
具名,cd22,lib/algorithms/drizzle/healpix_drizzle/hp_drizzle_api.cpp:411,0.0,未标注,②条文有名无值,"docs/algorithms/PHASE3_PROJ_IMPL.md:246 线性解 CD·δp = (ξ,η) (deg): det=CD11·CD22−CD12·CD21           # :136"
具名,cdelt1,lib/algorithms/drizzle/healpix_drizzle/hp_drizzle_api.cpp:412,0.0,未标注,②条文有名无值,"docs/contracts/DATA_SEMANTICS.md:372 | ""header"" KV: CD1_1..CD2_2 或 CDELT1/2+CRVAL1/2+CRPIX1/2 | double | 度/"
具名,cdelt2,lib/algorithms/drizzle/healpix_drizzle/hp_drizzle_api.cpp:413,0.0,未标注,③未见于条文面,
具名,crota2,lib/algorithms/drizzle/healpix_drizzle/hp_drizzle_api.cpp:414,0.0,未标注,②条文有名无值,docs/algorithms/DRIZZLE_GEOMETRY.md:194 | 缺 WCS（CD 与 CDELT+CROTA2 均无） | 拒绝（帧通道返回 -9） | api.cpp:541-545 |
具名,has_cd,lib/algorithms/drizzle/healpix_drizzle/hp_drizzle_api.cpp:432,0.0,未标注,③未见于条文面,
具名,has_cdelt,lib/algorithms/drizzle/healpix_drizzle/hp_drizzle_api.cpp:433,0.0,未标注,③未见于条文面,
具名,prof_parse,lib/algorithms/drizzle/healpix_drizzle/hp_drizzle_api.cpp:543,0.0,未标注,③未见于条文面,
具名,prof_hips,lib/algorithms/drizzle/healpix_drizzle/hp_drizzle_api.cpp:544,0.0,未标注,③未见于条文面,
具名,pixfrac,lib/algorithms/drizzle/healpix_drizzle/hp_drizzle_api.cpp:569,.4f;0.0;1.0,未标注,②条文有名无值,"ASTROCS_DESIGN.md:295 ""drizzle"": { ""nested"": 1, ""pixfrac"": 0.8, ""precision_mode"": 0 },  // 默"
具名,nside,lib/algorithms/drizzle/healpix_drizzle/hp_drizzle_api.cpp:581,.4f,未标注,②条文有名无值,docs/algorithms/DRIZZLE_GEOMETRY.md:117 exp_c_realdata.json` C3 段：nside=512/1024 × 181 档纬度扫描，最坏 1.0441/1.0442，
具名,bzero,lib/algorithms/drizzle/healpix_drizzle/hp_drizzle_api.cpp:650,0.0,未标注,②条文有名无值,"docs/algorithms/CALIBRATION_ALGORITHMS.md:55 | FITS 整数（`BITPIX=16`, `BZERO=32768`） | `BSCALE/BZERO` ⇒ 物理值 | 无（已 ADU"
具名,bscale,lib/algorithms/drizzle/healpix_drizzle/hp_drizzle_api.cpp:651,1.0,未标注,①条文含值,"docs/algorithms/CALIBRATION_ALGORITHMS.md:56 | XISF `Float32` `bounds=""0:1""` | **可表示域**（黑/白点），非物理单位（XISF 1.0 §Image"
具名,CRVAL,lib/algorithms/drizzle/healpix_drizzle/hp_drizzle_api.cpp:667,.3;.3f;.6f,未标注,②条文有名无值,ACCEPTANCE_SPEC.md:96 | 独立 Oracle 对拍 | 每模块有不调用生产实现的独立 Oracle 或解析解；投影与 Astropy/WCSLIB 独立对拍（正反
具名,snr_phot,lib/algorithms/drizzle/healpix_drizzle/hp_drizzle_api.cpp:844,.2f;.4f,未标注,②条文有名无值,docs/algorithms/GATES_AND_TOLERANCES.md:28 - **R5 SNR 统一**：凡门引用 SNR，必须使用 §2 已登记的定义（`SNR_peak` / `SNR_det`；`SNR_ph
具名,snr,lib/algorithms/drizzle/healpix_drizzle/hp_drizzle_api.cpp:899,1.0,未标注,③未见于条文面,
具名,photscal,lib/algorithms/drizzle/healpix_drizzle/hp_drizzle_api.cpp:951,0.0,未标注,②条文有名无值,ASTROCS_DESIGN.md:276 - **测光归一化落到像素（photometry 一步完成，不设独立节点）**：同一节点内把 `I_photo = k_photo · m(
具名,photscal,lib/algorithms/drizzle/healpix_drizzle/hp_drizzle_api.cpp:971,.6f,未标注,②条文有名无值,ASTROCS_DESIGN.md:276 - **测光归一化落到像素（photometry 一步完成，不设独立节点）**：同一节点内把 `I_photo = k_photo · m(
具名,filter,lib/algorithms/drizzle/healpix_drizzle/hp_drizzle_api.cpp:1149,.1f,未标注,②条文有名无值,"docs/algorithms/HIPS_WRITER.md:100 OBJECT/FILTER/EXPTIME/DATE-OBS :197-204 + NSIDE/FIRSTPIX=""0""/"
具名,parse_frame,lib/algorithms/drizzle/healpix_drizzle/hp_drizzle_api.cpp:1278,.3f,未标注,③未见于条文面,
具名,drizzle_run,lib/algorithms/drizzle/healpix_drizzle/hp_drizzle_api.cpp:1279,.3f,未标注,③未见于条文面,
具名,nside,lib/algorithms/drizzle/healpix_drizzle/hp_drizzle_api.cpp:1415,.6f,未标注,②条文有名无值,docs/algorithms/DRIZZLE_GEOMETRY.md:117 exp_c_realdata.json` C3 段：nside=512/1024 × 181 档纬度扫描，最坏 1.0441/1.0442，
具名,hp_res,lib/algorithms/drizzle/healpix_drizzle/hp_drizzle_api.cpp:1416,.4f;.6f,未标注,②条文有名无值,docs/algorithms/DRIZZLE_GEOMETRY.md:113 1. quick-reject: `lim = max_angle + 1.25·hp_res`
具名,EPS,lib/algorithms/drizzle/healpix_drizzle/nanoflann.hpp:1474,0.00001,未标注,③未见于条文面,
具名,alpha_balance_,lib/algorithms/drizzle/healpix_drizzle/nanoflann.hpp:2720,0.5f;0.75f,未标注,③未见于条文面,
具名,alphaBal_,lib/algorithms/drizzle/healpix_drizzle/nanoflann.hpp:2828,0.75f,未标注,③未见于条文面,
具名,alphaDel_,lib/algorithms/drizzle/healpix_drizzle/nanoflann.hpp:2829,0.5f,未标注,③未见于条文面,
具名,sign_x,lib/algorithms/drizzle/healpix_drizzle/poly_clip.cpp:66,-1.0;0.0;1.0,未标注,③未见于条文面,
具名,sign_y,lib/algorithms/drizzle/healpix_drizzle/poly_clip.cpp:67,-1.0;0.0;1.0,未标注,③未见于条文面,
具名,sin_dec_clamped,lib/algorithms/drizzle/healpix_drizzle/poly_clip.cpp:115,1.0,未标注,③未见于条文面,
具名,sin_dec_clamped,lib/algorithms/drizzle/healpix_drizzle/poly_clip.cpp:116,-1.0,未标注,③未见于条文面,
具名,t,lib/algorithms/drizzle/healpix_drizzle/poly_clip.cpp:174,0.5,未标注,③未见于条文面,
具名,s_inside,lib/algorithms/drizzle/healpix_drizzle/poly_clip.cpp:230,0.0,未标注,③未见于条文面,
具名,e_inside,lib/algorithms/drizzle/healpix_drizzle/poly_clip.cpp:231,0.0,未标注,③未见于条文面,
具名,sum,lib/algorithms/drizzle/healpix_drizzle/poly_clip.cpp:275,0.0,未标注,③未见于条文面,
具名,d,lib/algorithms/drizzle/healpix_drizzle/reverse_drizzle.cpp:43,-1.0;1.0,未标注,③未见于条文面,
具名,s0,lib/algorithms/drizzle/healpix_drizzle/reverse_drizzle.cpp:52,1.0,未标注,③未见于条文面,
具名,c,lib/algorithms/drizzle/healpix_drizzle/reverse_drizzle.cpp:66,0.0,未标注,③未见于条文面,
具名,total,lib/algorithms/drizzle/healpix_drizzle/reverse_drizzle.cpp:70,0.0,未标注,②条文有名无值,"docs/contracts/unified_object_registry.json:355 ""total"": 7,"
具名,m,lib/algorithms/drizzle/healpix_drizzle/reverse_drizzle.cpp:76,3.0,未标注,③未见于条文面,
具名,n,lib/algorithms/drizzle/healpix_drizzle/reverse_drizzle.cpp:87,0.0,未标注,③未见于条文面,
具名,max_r,lib/algorithms/drizzle/healpix_drizzle/reverse_drizzle.cpp:102,0.0,未标注,②条文有名无值,docs/algorithms/PHASE2_REJECTION.md:342 tie-break: |rv−max_r| ≤ 1e-15 时取 frame_id 较小者       :1747-1748
具名,support,lib/algorithms/drizzle/healpix_drizzle/reverse_drizzle.cpp:153,1.0,未标注,②条文有名无值,ASTROCS_DESIGN.md:223 - signal / variance / ivar / source_snr / depth_m5 / frame_snr / point
具名,m,lib/algorithms/drizzle/healpix_drizzle/reverse_drizzle.cpp:195,2.0,未标注,③未见于条文面,
具名,s,lib/algorithms/drizzle/healpix_drizzle/reverse_drizzle.cpp:235,0.0,未标注,③未见于条文面,
具名,c,lib/algorithms/drizzle/healpix_drizzle/reverse_drizzle.cpp:237,1.0,未标注,③未见于条文面,
具名,c,lib/algorithms/drizzle/healpix_drizzle/reverse_drizzle.cpp:240,0.0,未标注,③未见于条文面,
具名,nside,lib/algorithms/drizzle/healpix_drizzle/reverse_drizzle.h:28,.2,未标注,②条文有名无值,docs/algorithms/DRIZZLE_GEOMETRY.md:117 exp_c_realdata.json` C3 段：nside=512/1024 × 181 档纬度扫描，最坏 1.0441/1.0442，
具名,pixfrac,lib/algorithms/drizzle/healpix_drizzle/reverse_drizzle.h:39,1.0,未标注,②条文有名无值,"ASTROCS_DESIGN.md:295 ""drizzle"": { ""nested"": 1, ""pixfrac"": 0.8, ""precision_mode"": 0 },  // 默"
具名,total_signal_in,lib/algorithms/drizzle/healpix_drizzle/reverse_drizzle.h:55,0.0,未标注,③未见于条文面,
具名,total_signal_out,lib/algorithms/drizzle/healpix_drizzle/reverse_drizzle.h:56,0.0,未标注,③未见于条文面,
具名,total_covered_area_in,lib/algorithms/drizzle/healpix_drizzle/reverse_drizzle.h:57,0.0,未标注,③未见于条文面,
具名,total_covered_area_out,lib/algorithms/drizzle/healpix_drizzle/reverse_drizzle.h:58,0.0,未标注,③未见于条文面,
具名,x,lib/algorithms/drizzle/healpix_drizzle/snr_evaluator.cpp:58,-1.0;1.0,未标注,③未见于条文面,
具名,median_snr_,lib/algorithms/drizzle/healpix_drizzle/snr_evaluator.cpp:198,0.0;1.0,未标注,③未见于条文面,
具名,idw_power_,lib/algorithms/drizzle/healpix_drizzle/snr_evaluator.cpp:199,0.0;2.0,未标注,③未见于条文面,
具名,snr_phot,lib/algorithms/drizzle/healpix_drizzle/snr_evaluator.cpp:203,.2f;.4f,未标注,②条文有名无值,docs/algorithms/GATES_AND_TOLERANCES.md:28 - **R5 SNR 统一**：凡门引用 SNR，必须使用 §2 已登记的定义（`SNR_peak` / `SNR_det`；`SNR_ph
具名,median_snr_,lib/algorithms/drizzle/healpix_drizzle/snr_evaluator.cpp:254,0.0;1.0,未标注,③未见于条文面,
具名,idw_power_,lib/algorithms/drizzle/healpix_drizzle/snr_evaluator.cpp:255,0.0;2.0,未标注,③未见于条文面,
具名,w_sum,lib/algorithms/drizzle/healpix_drizzle/snr_evaluator.cpp:281,0.0,未标注,③未见于条文面,
具名,ws_sum,lib/algorithms/drizzle/healpix_drizzle/snr_evaluator.cpp:282,0.0,未标注,③未见于条文面,
具名,w,lib/algorithms/drizzle/healpix_drizzle/snr_evaluator.cpp:296,1.0,未标注,③未见于条文面,
具名,w_sum,lib/algorithms/drizzle/healpix_drizzle/snr_evaluator.cpp:342,0.0,未标注,③未见于条文面,
具名,ws_sum,lib/algorithms/drizzle/healpix_drizzle/snr_evaluator.cpp:343,0.0,未标注,③未见于条文面,
具名,w_sum,lib/algorithms/drizzle/healpix_drizzle/snr_evaluator.cpp:353,1.0,未标注,③未见于条文面,
具名,w,lib/algorithms/drizzle/healpix_drizzle/snr_evaluator.cpp:357,1.0,未标注,③未见于条文面,
具名,snr_phot_,lib/algorithms/drizzle/healpix_drizzle/snr_evaluator.h:107,0.0,未标注,③未见于条文面,
具名,median_snr_,lib/algorithms/drizzle/healpix_drizzle/snr_evaluator.h:108,0.0,未标注,③未见于条文面,
具名,idw_power_,lib/algorithms/drizzle/healpix_drizzle/snr_evaluator.h:109,2.0,未标注,③未见于条文面,
具名,HALF_PI,lib/algorithms/drizzle/healpix_drizzle/spherical_overlap.cpp:82,2.0,未标注,③未见于条文面,
具名,DEG2RAD,lib/algorithms/drizzle/healpix_drizzle/spherical_overlap.cpp:83,180.0,未标注,③未见于条文面,
具名,ARCSEC_TO_RAD,lib/algorithms/drizzle/healpix_drizzle/spherical_overlap.cpp:85,180.0;3600.0,未标注,③未见于条文面,
具名,inv,lib/algorithms/drizzle/healpix_drizzle/spherical_overlap.cpp:126,1.0,未标注,③未见于条文面,
具名,inv,lib/algorithms/drizzle/healpix_drizzle/spherical_overlap.cpp:142,1.0,未标注,③未见于条文面,
具名,dec,lib/algorithms/drizzle/healpix_drizzle/spherical_overlap.cpp:144,-1.0;1.0,未标注,③未见于条文面,
具名,d,lib/algorithms/drizzle/healpix_drizzle/spherical_overlap.cpp:155,-1.0;1.0,未标注,③未见于条文面,
具名,cx,lib/algorithms/drizzle/healpix_drizzle/spherical_overlap.cpp:206,0.0,未标注,③未见于条文面,
具名,inv,lib/algorithms/drizzle/healpix_drizzle/spherical_overlap.cpp:214,1.0,未标注,③未见于条文面,
具名,max_ang,lib/algorithms/drizzle/healpix_drizzle/spherical_overlap.cpp:215,0.0,未标注,②条文有名无值,docs/algorithms/DRIZZLE_GEOMETRY.md:130 （max_ang ≥ π/2−1e-12 → NAN，:186-239）。本模块面积算法的唯一命名 =
具名,d,lib/algorithms/drizzle/healpix_drizzle/spherical_overlap.cpp:220,-1.0;1.0,未标注,③未见于条文面,
具名,total_area,lib/algorithms/drizzle/healpix_drizzle/spherical_overlap.cpp:231,0.0,未标注,③未见于条文面,
具名,denom,lib/algorithms/drizzle/healpix_drizzle/spherical_overlap.cpp:247,1.0,未标注,②条文有名无值,docs/algorithms/CALIBRATION_ALGORITHMS.md:269 (denom<=1e-12)、RESIDUAL_NAN、RESIDUAL_ABNORMAL(残差σ≥yσ)、
具名,tri_area,lib/algorithms/drizzle/healpix_drizzle/spherical_overlap.cpp:253,2.0,未标注,③未见于条文面,
具名,total_area,lib/algorithms/drizzle/healpix_drizzle/spherical_overlap.cpp:263,4.0,未标注,③未见于条文面,
具名,total_area,lib/algorithms/drizzle/healpix_drizzle/spherical_overlap.cpp:267,0.0,未标注,③未见于条文面,
具名,hp_res_rad,lib/algorithms/drizzle/healpix_drizzle/spherical_overlap.cpp:582,3.0,未标注,③未见于条文面,
具名,xm,lib/algorithms/drizzle/healpix_drizzle/spherical_overlap.cpp:586,0.5,未标注,③未见于条文面,
具名,ym,lib/algorithms/drizzle/healpix_drizzle/spherical_overlap.cpp:587,0.5,未标注,③未见于条文面,
具名,dev_cos,lib/algorithms/drizzle/healpix_drizzle/spherical_overlap.cpp:604,-1.0;1.0,未标注,③未见于条文面,
具名,zfactor,lib/algorithms/drizzle/healpix_drizzle/spherical_overlap.cpp:718,1.0,未标注,③未见于条文面,
具名,zfactor,lib/algorithms/drizzle/healpix_drizzle/spherical_overlap.cpp:721,1.0,未标注,③未见于条文面,
具名,zfactor,lib/algorithms/drizzle/healpix_drizzle/spherical_overlap.cpp:724,-1.0,未标注,③未见于条文面,
具名,zoff,lib/algorithms/drizzle/healpix_drizzle/spherical_overlap.cpp:729,0.0,未标注,③未见于条文面,
具名,phioff,lib/algorithms/drizzle/healpix_drizzle/spherical_overlap.cpp:732,1.0,未标注,③未见于条文面,
具名,zoff,lib/algorithms/drizzle/healpix_drizzle/spherical_overlap.cpp:734,-1.0,未标注,③未见于条文面,
具名,phioff,lib/algorithms/drizzle/healpix_drizzle/spherical_overlap.cpp:737,1.0,未标注,③未见于条文面,
具名,zoff,lib/algorithms/drizzle/healpix_drizzle/spherical_overlap.cpp:738,-2.0,未标注,③未见于条文面,
具名,z,lib/algorithms/drizzle/healpix_drizzle/spherical_overlap.cpp:741,2.0;3.0,未标注,③未见于条文面,
具名,ph,lib/algorithms/drizzle/healpix_drizzle/spherical_overlap.cpp:742,2.0;4.0,未标注,③未见于条文面,
具名,phi_t,lib/algorithms/drizzle/healpix_drizzle/spherical_overlap.cpp:752,0.0,未标注,③未见于条文面,
具名,phi_t,lib/algorithms/drizzle/healpix_drizzle/spherical_overlap.cpp:754,2.0,未标注,③未见于条文面,
具名,z,lib/algorithms/drizzle/healpix_drizzle/spherical_overlap.cpp:757,1.0;2.0,未标注,③未见于条文面,
具名,z,lib/algorithms/drizzle/healpix_drizzle/spherical_overlap.cpp:760,1.0;2.0,未标注,③未见于条文面,
具名,z,lib/algorithms/drizzle/healpix_drizzle/spherical_overlap.cpp:770,1.0,未标注,③未见于条文面,
具名,z,lib/algorithms/drizzle/healpix_drizzle/spherical_overlap.cpp:771,-1.0,未标注,③未见于条文面,
具名,half,lib/algorithms/drizzle/healpix_drizzle/spherical_overlap.cpp:805,0.5,未标注,①条文含值,"docs/algorithms/DRIZZLE_GEOMETRY.md:105 - drop 四角: `half = 0.5·pixfrac`，`(x±half, y±half)` 经 WCS/SIP"
具名,xm,lib/algorithms/drizzle/healpix_drizzle/spherical_overlap.cpp:871,0.5,未标注,③未见于条文面,
具名,ym,lib/algorithms/drizzle/healpix_drizzle/spherical_overlap.cpp:872,0.5,未标注,③未见于条文面,
具名,d,lib/algorithms/drizzle/healpix_drizzle/spherical_overlap.cpp:888,1.0,未标注,③未见于条文面,
具名,d,lib/algorithms/drizzle/healpix_drizzle/spherical_overlap.cpp:889,-1.0,未标注,③未见于条文面,
具名,half,lib/algorithms/drizzle/healpix_drizzle/spherical_overlap.cpp:916,0.5,未标注,①条文含值,"docs/algorithms/DRIZZLE_GEOMETRY.md:105 - drop 四角: `half = 0.5·pixfrac`，`(x±half, y±half)` 经 WCS/SIP"
具名,sum,lib/algorithms/drizzle/healpix_drizzle/spherical_overlap.cpp:1016,0.0,未标注,③未见于条文面,
具名,cx0,lib/algorithms/drizzle/healpix_drizzle/spherical_overlap.cpp:1081,0.0,未标注,③未见于条文面,
具名,ang0,lib/algorithms/drizzle/healpix_drizzle/spherical_overlap.cpp:1085,0.0,未标注,③未见于条文面,
具名,d,lib/algorithms/drizzle/healpix_drizzle/spherical_overlap.cpp:1088,-1.0;1.0,未标注,③未见于条文面,
具名,cxx,lib/algorithms/drizzle/healpix_drizzle/spherical_overlap.cpp:1098,0.0,未标注,③未见于条文面,
具名,inv,lib/algorithms/drizzle/healpix_drizzle/spherical_overlap.cpp:1105,1.0,未标注,③未见于条文面,
具名,max_angle,lib/algorithms/drizzle/healpix_drizzle/spherical_overlap.cpp:1114,0.0,未标注,②条文有名无值,docs/algorithms/DRIZZLE_GEOMETRY.md:113 1. quick-reject: `lim = max_angle + 1.25·hp_res`
具名,d,lib/algorithms/drizzle/healpix_drizzle/spherical_overlap.cpp:1118,-1.0;1.0,未标注,③未见于条文面,
具名,d,lib/algorithms/drizzle/healpix_drizzle/spherical_overlap.cpp:1125,-1.0;1.0,未标注,③未见于条文面,
具名,nlen,lib/algorithms/drizzle/healpix_drizzle/spherical_overlap.cpp:1151,1.0,未标注,③未见于条文面,
具名,d_c,lib/algorithms/drizzle/healpix_drizzle/spherical_overlap.cpp:1203,-1.0;1.0,未标注,③未见于条文面,
具名,total_overlap,lib/algorithms/drizzle/healpix_drizzle/spherical_overlap.cpp:1279,0.0,未标注,③未见于条文面,
具名,d_c,lib/algorithms/drizzle/healpix_drizzle/spherical_overlap.cpp:1362,-1.0;1.0,未标注,③未见于条文面,
具名,max_angle,lib/algorithms/drizzle/healpix_drizzle/spherical_overlap.cpp:1510,0.0,未标注,②条文有名无值,docs/algorithms/DRIZZLE_GEOMETRY.md:113 1. quick-reject: `lim = max_angle + 1.25·hp_res`
具名,buffer_rad,lib/algorithms/drizzle/healpix_drizzle/spherical_overlap.cpp:1524,3.0,未标注,③未见于条文面,
具名,vx,lib/algorithms/drizzle/healpix_drizzle/spherical_overlap.cpp:1565,0.0,未标注,③未见于条文面,
具名,cx_,lib/algorithms/drizzle/healpix_drizzle/spherical_overlap.cpp:1599,0.0,未标注,③未见于条文面,
具名,ci_,lib/algorithms/drizzle/healpix_drizzle/spherical_overlap.cpp:1604,1.0,未标注,③未见于条文面,
具名,max_angle,lib/algorithms/drizzle/healpix_drizzle/spherical_overlap.cpp:1606,0.0,未标注,②条文有名无值,docs/algorithms/DRIZZLE_GEOMETRY.md:113 1. quick-reject: `lim = max_angle + 1.25·hp_res`
具名,d,lib/algorithms/drizzle/healpix_drizzle/spherical_overlap.cpp:1609,-1.0;1.0,未标注,③未见于条文面,
具名,delta,lib/algorithms/drizzle/healpix_drizzle/spherical_overlap.cpp:1680,1.15,未标注,①条文含值,docs/algorithms/DRIZZLE_GEOMETRY.md:126 3. fast 路径: 面 delta×1.15 面内畸变系数 + 极冠/跨 face 边界回退
具名,cx0,lib/algorithms/drizzle/healpix_drizzle/spherical_overlap.cpp:1877,0.0,未标注,③未见于条文面,
具名,ang0,lib/algorithms/drizzle/healpix_drizzle/spherical_overlap.cpp:1885,0.0,未标注,③未见于条文面,
具名,d,lib/algorithms/drizzle/healpix_drizzle/spherical_overlap.cpp:1889,-1.0;1.0,未标注,③未见于条文面,
具名,max_angle,lib/algorithms/drizzle/healpix_drizzle/spherical_overlap.h:264,0.0,未标注,②条文有名无值,docs/algorithms/DRIZZLE_GEOMETRY.md:113 1. quick-reject: `lim = max_angle + 1.25·hp_res`
具名,drop_area,lib/algorithms/drizzle/healpix_drizzle/spherical_overlap.h:267,0.0,未标注,②条文有名无值,docs/algorithms/DRIZZLE_GEOMETRY.md:40 `build_drop_geometry_into` / `DropGeometryT::drop_area`）。
具名,center,lib/algorithms/drizzle/healpix_drizzle/spherical_overlap.h:316,0.0,未标注,②条文有名无值,"ACCEPTANCE_SPEC.md:12 L4[""L4 真实数据端到端视觉验收<br/>M42 + Galaxy Center · 负责人目检""]"
具名,s,lib/algorithms/drizzle/healpix_drizzle/v6_drizzle_science.cpp:280,0.0,未标注,③未见于条文面,
具名,acc,lib/algorithms/drizzle/healpix_drizzle/v6_drizzle_science.cpp:286,0.0,未标注,③未见于条文面,
具名,acc,lib/algorithms/drizzle/healpix_drizzle/v6_drizzle_science.cpp:300,0.0,未标注,③未见于条文面,
具名,phi,lib/algorithms/drizzle/healpix_drizzle/v6_drizzle_science.cpp:318,0.0,未标注,③未见于条文面,
具名,row,lib/algorithms/drizzle/healpix_drizzle/v6_drizzle_science.cpp:320,0.0,未标注,③未见于条文面,
具名,exact,lib/algorithms/drizzle/healpix_drizzle/v6_drizzle_science.cpp:336,0.0,未标注,②条文有名无值,"docs/algorithms/ACR_EQUIVALENCE.md:19 F4: 容差: float32 max_abs ≤1e-6, float64 ≤1e-12; support/rejection exact"
具名,diag,lib/algorithms/drizzle/healpix_drizzle/v6_drizzle_science.cpp:340,0.0,未标注,②条文有名无值,docs/algorithms/HIPS_WRITER.md:359 ⇒ 入口 rc=−9 且 last_error 点名 ABI（view/variance/diag/snr 数组逐元素/
具名,sumD,lib/algorithms/drizzle/healpix_drizzle/v6_drizzle_science.cpp:350,0.0,未标注,③未见于条文面,
具名,exact,lib/algorithms/drizzle/healpix_drizzle/v6_drizzle_science.cpp:359,0.0,未标注,②条文有名无值,"docs/algorithms/ACR_EQUIVALENCE.md:19 F4: 容差: float32 max_abs ≤1e-6, float64 ≤1e-12; support/rejection exact"
具名,sumD,lib/algorithms/drizzle/healpix_drizzle/v6_drizzle_science.cpp:365,0.0,未标注,③未见于条文面,
具名,diag,lib/algorithms/drizzle/healpix_drizzle/v6_drizzle_science.cpp:368,0.0,未标注,②条文有名无值,docs/algorithms/HIPS_WRITER.md:359 ⇒ 入口 rc=−9 且 last_error 点名 ABI（view/variance/diag/snr 数组逐元素/
具名,ref,lib/algorithms/drizzle/healpix_drizzle/v6_drizzle_science.cpp:396,0.0,未标注,③未见于条文面,
具名,s,lib/algorithms/drizzle/healpix_drizzle/v6_drizzle_science.cpp:429,0.0,未标注,③未见于条文面,
具名,ref,lib/algorithms/drizzle/healpix_drizzle/v6_drizzle_science.cpp:457,0.0,未标注,③未见于条文面,
具名,base,lib/algorithms/drizzle/healpix_drizzle/v6_drizzle_science.cpp:483,0.0,未标注,②条文有名无值,"docs/algorithms/PHASE2_COVERAGE.md:316 - DISP-COV-002 frame_id 取基名截断: `base.find_last_of(""/\\"")` 后"
具名,ref,lib/algorithms/drizzle/healpix_drizzle/v6_drizzle_science.cpp:506,0.0,未标注,③未见于条文面,
具名,diag,lib/algorithms/drizzle/healpix_drizzle/v6_drizzle_science.cpp:515,0.0,未标注,②条文有名无值,docs/algorithms/HIPS_WRITER.md:359 ⇒ 入口 rc=−9 且 last_error 点名 ABI（view/variance/diag/snr 数组逐元素/
具名,tol,lib/algorithms/drizzle/healpix_drizzle/v6_drizzle_science.cpp:518,1.0,未标注,③未见于条文面,
具名,sum_x,lib/algorithms/drizzle/healpix_drizzle/v6_drizzle_science.cpp:541,0.0,未标注,③未见于条文面,
具名,a_jp,lib/algorithms/drizzle/healpix_drizzle/v6_drizzle_science.h:199,0.0,未标注,②条文有名无值,ASTROCS_DESIGN.md:207 2. **绝对立体角口径下的构造闭合**：Σ_p a_jp = (π/3)·|D ∩ face| 由裁剪与鞋带公式的代数结构直接成立，不依赖
具名,w_sb,lib/algorithms/drizzle/healpix_drizzle/v6_drizzle_science.h:200,0.0,未标注,③未见于条文面,
具名,c,lib/algorithms/drizzle/healpix_drizzle/v6_drizzle_science.h:201,0.0,未标注,③未见于条文面,
具名,A_pixel,lib/algorithms/drizzle/healpix_drizzle/v6_drizzle_science.h:205,0.0,未标注,②条文有名无值,ASTROCS_DESIGN.md:210 5. **任意 WCS footprint 与权重/variance 链的整合**：drop 由任意 WCS（含 SIP 畸变）的源像素足迹
具名,pixfrac_,lib/algorithms/drizzle/healpix_drizzle/v6_drizzle_science.h:263,1.0,未标注,③未见于条文面,
具名,deficit,lib/algorithms/drizzle/healpix_drizzle/v6_drizzle_science.h:336,0.0,未标注,②条文有名无值,docs/contracts/DATA_SEMANTICS.md:3346 `CF-T-CONST-SB-TOL`、`FZ-AP1-DEFICIT-THRESH`、`FZ-AP2PT-CORR-RATIO-MIN`、
具名,owner_signed_threshold,lib/algorithms/drizzle/healpix_drizzle/v6_drizzle_science.h:337,0.0,未标注,③未见于条文面,
具名,flux_conservation_factor,lib/algorithms/drizzle/healpix_drizzle/v6_drizzle_science.h:375,0.0,未标注,②条文有名无值,docs/contracts/DATA_SEMANTICS.md:3285 ~~`weight_mode_version`~~（键不存在，§9.73 A44）、`correlation_summary`、`flux_
具名,k_corr,lib/algorithms/drizzle/healpix_drizzle/v6_drizzle_science.h:377,0.0,未标注,②条文有名无值,"docs/algorithms/HIPS_WRITER.md:223 该界是物理/表示域，**不是** k_corr 查表域 [300,600]″）/ obs_regime"
具名,A_pixel,lib/algorithms/drizzle/healpix_drizzle/v6_spherical_overlap.cpp:61,0.0,未标注,②条文有名无值,ASTROCS_DESIGN.md:210 5. **任意 WCS footprint 与权重/variance 链的整合**：drop 由任意 WCS（含 SIP 畸变）的源像素足迹
具名,sum,lib/algorithms/drizzle/healpix_drizzle/v6_spherical_overlap.cpp:73,0.0,未标注,③未见于条文面,
具名,sum,lib/algorithms/drizzle/healpix_drizzle/v6_spherical_overlap.cpp:111,0.0,未标注,③未见于条文面,
具名,closure_rel,lib/algorithms/drizzle/healpix_drizzle/v6_spherical_overlap.cpp:116,0.0,未标注,③未见于条文面,
具名,rel,lib/algorithms/drizzle/healpix_drizzle/v6_spherical_overlap.cpp:164,0.0,未标注,③未见于条文面,
具名,px,lib/algorithms/drizzle/healpix_drizzle/v6_spherical_overlap.h:33,0.0,未标注,③未见于条文面,
具名,py,lib/algorithms/drizzle/healpix_drizzle/v6_spherical_overlap.h:34,0.0,未标注,③未见于条文面,
具名,pixfrac,lib/algorithms/drizzle/healpix_drizzle/v6_spherical_overlap.h:35,1.0,未标注,②条文有名无值,"ASTROCS_DESIGN.md:295 ""drizzle"": { ""nested"": 1, ""pixfrac"": 0.8, ""precision_mode"": 0 },  // 默"
具名,A_pixel,lib/algorithms/drizzle/healpix_drizzle/v6_spherical_overlap.h:36,0.0,未标注,②条文有名无值,ASTROCS_DESIGN.md:210 5. **任意 WCS footprint 与权重/variance 链的整合**：drop 由任意 WCS（含 SIP 畸变）的源像素足迹
具名,a_jp,lib/algorithms/drizzle/healpix_drizzle/v6_spherical_overlap.h:42,0.0,未标注,②条文有名无值,ASTROCS_DESIGN.md:207 2. **绝对立体角口径下的构造闭合**：Σ_p a_jp = (π/3)·|D ∩ face| 由裁剪与鞋带公式的代数结构直接成立，不依赖
具名,drop_area,lib/algorithms/drizzle/healpix_drizzle/v6_spherical_overlap.h:46,0.0,未标注,②条文有名无值,docs/algorithms/DRIZZLE_GEOMETRY.md:40 `build_drop_geometry_into` / `DropGeometryT::drop_area`）。
具名,A_pixel,lib/algorithms/drizzle/healpix_drizzle/v6_spherical_overlap.h:47,0.0,未标注,②条文有名无值,ASTROCS_DESIGN.md:210 5. **任意 WCS footprint 与权重/variance 链的整合**：drop 由任意 WCS（含 SIP 畸变）的源像素足迹
具名,sum_a_jp,lib/algorithms/drizzle/healpix_drizzle/v6_spherical_overlap.h:48,0.0,未标注,③未见于条文面,
具名,closure_rel,lib/algorithms/drizzle/healpix_drizzle/v6_spherical_overlap.h:49,0.0,未标注,③未见于条文面,
具名,max_abs_closure_rel,lib/algorithms/drizzle/healpix_drizzle/v6_spherical_overlap.h:69,0.0,未标注,③未见于条文面,
具名,D2R,lib/algorithms/drizzle/healpix_drizzle/wcs_sip.cpp:17,180.0,未标注,③未见于条文面,
具名,m_cdDet,lib/algorithms/drizzle/healpix_drizzle/wcs_sip.cpp:37,0.0,未标注,③未见于条文面,
具名,det,lib/algorithms/drizzle/healpix_drizzle/wcs_sip.cpp:49,.3,未标注,③未见于条文面,
具名,CRVAL,lib/algorithms/drizzle/healpix_drizzle/wcs_sip.cpp:60,.3f;.6f,未标注,②条文有名无值,ACCEPTANCE_SPEC.md:96 | 独立 Oracle 对拍 | 每模块有不调用生产实现的独立 Oracle 或解析解；投影与 Astropy/WCSLIB 独立对拍（正反
具名,CD,lib/algorithms/drizzle/healpix_drizzle/wcs_sip.cpp:61,.3,未标注,③未见于条文面,
具名,dx,lib/algorithms/drizzle/healpix_drizzle/wcs_sip.cpp:250,1.0,未标注,③未见于条文面,
具名,dy,lib/algorithms/drizzle/healpix_drizzle/wcs_sip.cpp:251,1.0,未标注,③未见于条文面,
具名,x,lib/algorithms/drizzle/healpix_drizzle/wcs_sip.cpp:290,0.0,未标注,③未见于条文面,
具名,y,lib/algorithms/drizzle/healpix_drizzle/wcs_sip.cpp:291,0.0,未标注,③未见于条文面,
具名,x,lib/algorithms/drizzle/healpix_drizzle/wcs_sip.cpp:315,1.0,未标注,③未见于条文面,
具名,y,lib/algorithms/drizzle/healpix_drizzle/wcs_sip.cpp:316,1.0,未标注,③未见于条文面,
具名,status,lib/algorithms/drizzle/hips/include/astrocs/hips/publish.h:9,19.94,未标注,②条文有名无值,"docs/algorithms/ACR_EQUIVALENCE.md:11 - 输出: {signal, support, rejection_count, status} per-pixel, 与CPU refer"
具名,scientific_change,lib/algorithms/drizzle/hips/include/astrocs/hips/types.h:8,.005,未标注,③未见于条文面,
具名,found,lib/algorithms/drizzle/hips/src/module_entry.cpp:192,0.0,未标注,③未见于条文面,
具名,exposure_s,lib/algorithms/drizzle/hips/src/module_entry.cpp:378,0.0,未标注,②条文有名无值,"docs/contracts/API_CONTRACTS.csv:10 API-aio_hips_product_begin,aio_hips_product_begin,lib/infrastructure/a"
具名,found,lib/algorithms/drizzle/src/module_entry.cpp:171,0.0,未标注,③未见于条文面,
具名,found,lib/algorithms/drizzle/src/module_entry.cpp:179,-2147483648.0;2147483647.0,未标注,③未见于条文面,
具名,pixfrac,lib/algorithms/drizzle/src/module_entry.cpp:355,1.0,未标注,②条文有名无值,"ASTROCS_DESIGN.md:295 ""drizzle"": { ""nested"": 1, ""pixfrac"": 0.8, ""precision_mode"": 0 },  // 默"
具名,prec,lib/algorithms/drizzle/src/module_entry.cpp:364,-1.0,未标注,②条文有名无值,docs/algorithms/HIPS_WRITER.md:250 photometric_status，**SNR-PREC-001 精度合同：FP32 %.9g、FP64 %.17g
具名,nested,lib/algorithms/drizzle/src/module_entry.cpp:418,0.0,未标注,②条文有名无值,ASTROCS_DESIGN.md:209 4. **首次落地到天文 HEALPix drizzle 场景**：把该分配方式用于源像素 drop × NESTED leaf 的权重累加
具名,out_fp64,lib/algorithms/drizzle/src/module_entry.cpp:1054,0.0;1.0,未标注,③未见于条文面,
具名,no_data_as_zero,lib/algorithms/drizzle/src/module_entry.cpp:1056,1.0,未标注,③未见于条文面,
具名,sig_is_f64,lib/algorithms/drizzle/src/module_entry.cpp:1095,0.5,未标注,③未见于条文面,
具名,out_b,lib/algorithms/drizzle/src/module_entry.cpp:1142,0.5,未标注,③未见于条文面,
具名,nested,lib/algorithms/drizzle/src/module_entry.cpp:1153,0.0,未标注,②条文有名无值,ASTROCS_DESIGN.md:209 4. **首次落地到天文 HEALPix drizzle 场景**：把该分配方式用于源像素 drop × NESTED leaf 的权重累加
具名,output_fp64,lib/algorithms/drizzle/src/module_entry.cpp:1157,0.5,未标注,②条文有名无值,docs/contracts/PUBLIC_API.md:292 由调用方分配（width×height，output_fp64 决定 double/float 视图）；
具名,no_data_as_zero,lib/algorithms/drizzle/src/module_entry.cpp:1168,0.0,未标注,③未见于条文面,
具名,bscale,lib/algorithms/fits_output/p3_output.cpp:278,0.0;1.0,未标注,②条文有名无值,"docs/algorithms/CALIBRATION_ALGORITHMS.md:55 | FITS 整数（`BITPIX=16`, `BZERO=32768`） | `BSCALE/BZERO` ⇒ 物理值 | 无（已 ADU"
具名,i,lib/algorithms/fits_output/p3_output.cpp:437,0.5f,未标注,③未见于条文面,
具名,got,lib/algorithms/fits_output/p3_output.cpp:521,0.0,未标注,③未见于条文面,
具名,covok,lib/algorithms/fits_output/p3_output.cpp:556,0.5f,未标注,①条文含值,docs/algorithms/PHASE3_FITS_IMPL.md:158 (cov[i]>0.5f)!=(coverage[i]>0.5f) → covok=0                           
具名,i,lib/algorithms/fits_output/p3_output.cpp:605,0.5f,未标注,③未见于条文面,
具名,bscale,lib/algorithms/fits_output/p3_output.cpp:716,0.0;1.0,未标注,②条文有名无值,"docs/algorithms/CALIBRATION_ALGORITHMS.md:55 | FITS 整数（`BITPIX=16`, `BZERO=32768`） | `BSCALE/BZERO` ⇒ 物理值 | 无（已 ADU"
具名,got,lib/algorithms/fits_output/p3_output.cpp:948,0.0,未标注,③未见于条文面,
具名,covok,lib/algorithms/fits_output/p3_output.cpp:1038,0.5f,未标注,①条文含值,docs/algorithms/PHASE3_FITS_IMPL.md:158 (cov[i]>0.5f)!=(coverage[i]>0.5f) → covok=0                           
具名,i,lib/algorithms/fits_output/p3_output.cpp:1040,0.5f,未标注,③未见于条文面,
具名,w,lib/algorithms/integration/v6/include/astrocs/v6/phase2_integrate.h:18,3.1,未标注,③未见于条文面,
具名,a,lib/algorithms/integration/v6/include/astrocs/v6/phase2_integrate.h:96,1.0,未标注,③未见于条文面,
具名,rho_mean,lib/algorithms/integration/v6/include/astrocs/v6/phase2_integrate.h:122,0.0,未标注,③未见于条文面,
具名,rho_max,lib/algorithms/integration/v6/include/astrocs/v6/phase2_integrate.h:123,0.0,未标注,③未见于条文面,
具名,q,lib/algorithms/integration/v6/include/astrocs/v6/phase2_integrate.h:159,0.0,未标注,③未见于条文面,
具名,w_info,lib/algorithms/integration/v6/include/astrocs/v6/phase2_integrate.h:160,0.0,未标注,②条文有名无值,docs/contracts/DATA_SEMANTICS.md:2687 - Phase3 **消费**上游 `W_info`，不重算、不替换；无量纲相对复合权重**的落点 = 诊断面**；
具名,flux,lib/algorithms/integration/v6/include/astrocs/v6/phase2_integrate.h:161,0.0,未标注,②条文有名无值,docs/algorithms/GAIA_QUERY.md:136 float32 fluxMin @32 + float32 fluxMul @36 + uint8 flux[343] @40 + 1B 填
具名,flux_variance,lib/algorithms/integration/v6/include/astrocs/v6/phase2_integrate.h:162,0.0,未标注,③未见于条文面,
具名,x_hat,lib/algorithms/integration/v6/include/astrocs/v6/phase2_integrate.h:163,0.0,未标注,②条文有名无值,docs/contracts/PUBLIC_API.md:2195 两套既有权重词表（SCI-PSFW `weight_kind`/`weight_units`/`normalization.scope` 与
具名,var_gls,lib/algorithms/integration/v6/include/astrocs/v6/phase2_integrate.h:164,0.0,未标注,③未见于条文面,
具名,var_approx,lib/algorithms/integration/v6/include/astrocs/v6/phase2_integrate.h:165,0.0,未标注,③未见于条文面,
具名,rho,lib/algorithms/integration/v6/include/astrocs/v6/phase2_integrate.h:166,0.0,未标注,③未见于条文面,
具名,rho_p05,lib/algorithms/integration/v6/include/astrocs/v6/phase2_integrate.h:167,0.0,未标注,③未见于条文面,
具名,naive_variance,lib/algorithms/integration/v6/include/astrocs/v6/phase2_integrate.h:168,0.0,未标注,③未见于条文面,
具名,joint_variance,lib/algorithms/integration/v6/include/astrocs/v6/phase2_integrate.h:169,0.0,未标注,③未见于条文面,
具名,corr_ratio,lib/algorithms/integration/v6/include/astrocs/v6/phase2_integrate.h:170,0.0,未标注,③未见于条文面,
具名,median_wt,lib/algorithms/integration/v6/include/astrocs/v6/phase2_integrate.h:171,0.0,未标注,③未见于条文面,
具名,effective_psf_fwhm,lib/algorithms/integration/v6/include/astrocs/v6/phase2_integrate.h:176,0.0,未标注,③未见于条文面,
具名,kappa,lib/algorithms/integration/v6/include/astrocs/v6/phase2_integrate.h:221,0.0,未标注,②条文有名无值,docs/ci/01_CHECKS.md:123 | CHK-SCI502-SKY-KAPPA | 科学 | 天光面 κ 专项：κ 可观测、门控 κ 取**求解矩阵**（λ=0 判红 / 生
具名,control_variance,lib/algorithms/integration/v6/include/astrocs/v6/phase2_integrate.h:225,0.0,未标注,②条文有名无值,docs/algorithms/PHASE2_SAMPLER.md:10 > 辅助 SCI: SCI-UPM-WEIGHT-001（control_variance 公式权威）、
具名,sigma_eff2,lib/algorithms/integration/v6/include/astrocs/v6/phase2_integrate.h:226,0.0,未标注,③未见于条文面,
具名,z,lib/algorithms/integration/v6/include/astrocs/v6/phase2_integrate.h:227,0.0,未标注,③未见于条文面,
具名,spatial_p05,lib/algorithms/integration/v6/include/astrocs/v6/phase2_integrate.h:231,0.0,未标注,③未见于条文面,
具名,spatial_max_dev,lib/algorithms/integration/v6/include/astrocs/v6/phase2_integrate.h:232,0.0,未标注,③未见于条文面,
具名,N,lib/algorithms/integration/v6/include/astrocs/v6/variance_propagation.h:22,1.2857,未标注,③未见于条文面,
具名,k,lib/algorithms/integration/v6/include/astrocs/v6/weight_chain.h:41,0.4,未标注,③未见于条文面,
具名,weight_mode,lib/algorithms/integration/v6/include/astrocs/v6/weight_chain.h:43,9.49,未标注,②条文有名无值,"docs/contracts/API_CONTRACTS.csv:79 API-aio_ahpx_write,aio_ahpx_write,lib/infrastructure/aio/include/astro"
具名,x,lib/algorithms/integration/v6/include/astrocs/v6/weight_chain.h:80,0.0,未标注,③未见于条文面,
具名,y,lib/algorithms/integration/v6/include/astrocs/v6/weight_chain.h:81,0.0,未标注,③未见于条文面,
具名,snr,lib/algorithms/integration/v6/include/astrocs/v6/weight_chain.h:82,0.0,未标注,③未见于条文面,
具名,min,lib/algorithms/integration/v6/include/astrocs/v6/weight_chain.h:92,0.5585;2.48e4,未标注,③未见于条文面,
具名,x0,lib/algorithms/integration/v6/include/astrocs/v6/weight_chain.h:151,0.0;1.0,未标注,③未见于条文面,
具名,max_radius_px,lib/algorithms/integration/v6/include/astrocs/v6/weight_chain.h:153,-1.0,未标注,③未见于条文面,
具名,grid_origin_x,lib/algorithms/integration/v6/include/astrocs/v6/weight_chain.h:159,0.0,未标注,③未见于条文面,
具名,grid_origin_y,lib/algorithms/integration/v6/include/astrocs/v6/weight_chain.h:160,0.0,未标注,③未见于条文面,
具名,node_reproduction_max_abs,lib/algorithms/integration/v6/include/astrocs/v6/weight_chain.h:167,0.0,未标注,③未见于条文面,
具名,clip_low,lib/algorithms/integration/v6/include/astrocs/v6/weight_chain.h:173,0.0,未标注,③未见于条文面,
具名,cell_center_offset_max_abs,lib/algorithms/integration/v6/include/astrocs/v6/weight_chain.h:174,0.0,未标注,③未见于条文面,
具名,x0_,lib/algorithms/integration/v6/include/astrocs/v6/weight_chain.h:209,0.0;1.0,未标注,③未见于条文面,
具名,grid_origin_x_,lib/algorithms/integration/v6/include/astrocs/v6/weight_chain.h:210,0.0,未标注,③未见于条文面,
具名,max_radius_px_,lib/algorithms/integration/v6/include/astrocs/v6/weight_chain.h:211,-1.0,未标注,③未见于条文面,
具名,clip_low_,lib/algorithms/integration/v6/include/astrocs/v6/weight_chain.h:217,0.0,未标注,③未见于条文面,
具名,node_residual_,lib/algorithms/integration/v6/include/astrocs/v6/weight_chain.h:218,0.0,未标注,③未见于条文面,
具名,cell_center_offset_,lib/algorithms/integration/v6/include/astrocs/v6/weight_chain.h:219,0.0,未标注,③未见于条文面,
具名,frame_snr,lib/algorithms/integration/v6/include/astrocs/v6/weight_chain.h:258,0.0,未标注,②条文有名无值,ASTROCS_DESIGN.md:152 （`frame_snr`）与**帧内稀疏控制点层**（`sparse_snr_layer`，存控制点处的绝对 SNR）两个对象承载。
具名,k,lib/algorithms/integration/v6/include/astrocs/v6/weight_chain.h:262,0.4,未标注,③未见于条文面,
具名,ref_flux,lib/algorithms/integration/v6/include/astrocs/v6/weight_chain.h:270,0.0,未标注,③未见于条文面,
具名,x,lib/algorithms/integration/v6/include/astrocs/v6/weight_chain.h:272,0.0,未标注,③未见于条文面,
具名,reference_flux,lib/algorithms/integration/v6/include/astrocs/v6/weight_chain.h:315,0.0,未标注,③未见于条文面,
具名,i,lib/algorithms/integration/v6/src/phase2_integrate.cpp:54,1.0,未标注,③未见于条文面,
具名,i,lib/algorithms/integration/v6/src/phase2_integrate.cpp:172,0.0,未标注,③未见于条文面,
具名,sum,lib/algorithms/integration/v6/src/phase2_integrate.cpp:185,0.0,未标注,③未见于条文面,
具名,d,lib/algorithms/integration/v6/src/phase2_integrate.cpp:285,0.0,未标注,③未见于条文面,
具名,a,lib/algorithms/integration/v6/src/phase2_integrate.cpp:330,1.0,未标注,③未见于条文面,
具名,eff_psf_fwhm,lib/algorithms/integration/v6/src/phase2_integrate.cpp:368,1.0,未标注,③未见于条文面,
具名,q,lib/algorithms/integration/v6/src/phase2_integrate.cpp:378,0.0,未标注,③未见于条文面,
具名,corr_ratio,lib/algorithms/integration/v6/src/phase2_integrate.cpp:381,0.0,未标注,③未见于条文面,
具名,naive_variance,lib/algorithms/integration/v6/src/phase2_integrate.cpp:382,0.0,未标注,③未见于条文面,
具名,snr_identity_rel_err,lib/algorithms/integration/v6/src/phase2_integrate.cpp:383,0.0,未标注,③未见于条文面,
具名,x_hat,lib/algorithms/integration/v6/src/phase2_integrate.cpp:386,0.0,未标注,②条文有名无值,docs/contracts/PUBLIC_API.md:2195 两套既有权重词表（SCI-PSFW `weight_kind`/`weight_units`/`normalization.scope` 与
具名,rho_p05,lib/algorithms/integration/v6/src/phase2_integrate.cpp:389,0.0,未标注,③未见于条文面,
具名,median_wt,lib/algorithms/integration/v6/src/phase2_integrate.cpp:392,0.0,未标注,③未见于条文面,
具名,correlation_scale,lib/algorithms/integration/v6/src/phase2_integrate.cpp:399,0.0,未标注,③未见于条文面,
具名,weight_value,lib/algorithms/integration/v6/src/phase2_integrate.cpp:409,0.0,未标注,②条文有名无值,docs/contracts/PUBLIC_API.md:2194 `weight.kind` / `weight.units` / `weight.group_normalized` / `weight.n
具名,target_pixel_area,lib/algorithms/integration/v6/src/phase2_integrate.cpp:427,1.0,未标注,②条文有名无值,docs/contracts/DATA_SEMANTICS.md:3250 机器强制（canonical 对象层）：`eng/contracts/schemas/unified/provenance.schema.j
具名,flux_conservation_factor,lib/algorithms/integration/v6/src/phase2_integrate.cpp:455,1.0,未标注,②条文有名无值,docs/contracts/DATA_SEMANTICS.md:3285 ~~`weight_mode_version`~~（键不存在，§9.73 A44）、`correlation_summary`、`flux_
具名,pixfrac,lib/algorithms/integration/v6/src/phase2_integrate.cpp:459,0.8,未标注,①条文含值,"ASTROCS_DESIGN.md:295 ""drizzle"": { ""nested"": 1, ""pixfrac"": 0.8, ""precision_mode"": 0 },  // 默"
具名,PIXIVAR,lib/algorithms/integration/v6/src/phase2_integrate.cpp:618,0.05,未标注,②条文有名无值,docs/contracts/DATA_SEMANTICS.md:3295 | 产品族记录层 | `https://astrocs.local/schemas/product_family/field_constra
具名,deficit,lib/algorithms/integration/v6/src/phase2_integrate.cpp:625,0.0,未标注,②条文有名无值,docs/contracts/DATA_SEMANTICS.md:3346 `CF-T-CONST-SB-TOL`、`FZ-AP1-DEFICIT-THRESH`、`FZ-AP2PT-CORR-RATIO-MIN`、
具名,q_sum,lib/algorithms/integration/v6/src/phase2_integrate.cpp:834,0.0,未标注,③未见于条文面,
具名,error,lib/algorithms/integration/v6/src/phase2_integrate.cpp:836,0.0,未标注,②条文有名无值,ACCEPTANCE_SPEC.md:194 | 可行性 | 三命令退出码均为 0；阶段间只通过磁盘产品 + manifest + 哈希交接（唯一正本 = `ASTROCS_DESIGN
具名,s,lib/algorithms/integration/v6/src/phase2_integrate.cpp:869,0.0,未标注,③未见于条文面,
具名,wj,lib/algorithms/integration/v6/src/phase2_integrate.cpp:873,0.0,未标注,③未见于条文面,
具名,s,lib/algorithms/integration/v6/src/phase2_integrate.cpp:875,0.0,未标注,③未见于条文面,
具名,qj,lib/algorithms/integration/v6/src/phase2_integrate.cpp:879,0.0,未标注,③未见于条文面,
具名,w_naive,lib/algorithms/integration/v6/src/phase2_integrate.cpp:884,0.0,未标注,③未见于条文面,
具名,s,lib/algorithms/integration/v6/src/phase2_integrate.cpp:895,0.0,未标注,③未见于条文面,
具名,naive_variance,lib/algorithms/integration/v6/src/phase2_integrate.cpp:902,0.0;1.0,未标注,③未见于条文面,
具名,joint_variance,lib/algorithms/integration/v6/src/phase2_integrate.cpp:903,0.0;1.0,未标注,③未见于条文面,
具名,corr_ratio,lib/algorithms/integration/v6/src/phase2_integrate.cpp:904,0.0,未标注,③未见于条文面,
具名,snr_rel,lib/algorithms/integration/v6/src/phase2_integrate.cpp:918,0.0,未标注,③未见于条文面,
具名,sum_w,lib/algorithms/integration/v6/src/phase2_integrate.cpp:920,0.0,未标注,②条文有名无值,docs/algorithms/COSMETIC_ALGORITHMS.md:158 - `out[i] = Σ(w_d·data[n_d]) / Σ w_d`（cosmetic_corrector.cpp:219-220；`
具名,snr_rel,lib/algorithms/integration/v6/src/phase2_integrate.cpp:922,0.0,未标注,③未见于条文面,
具名,s,lib/algorithms/integration/v6/src/phase2_integrate.cpp:940,0.0,未标注,③未见于条文面,
具名,ca,lib/algorithms/integration/v6/src/phase2_integrate.cpp:942,0.0,未标注,③未见于条文面,
具名,fwhm,lib/algorithms/integration/v6/src/phase2_integrate.cpp:951,0.0,未标注,①条文含值,docs/algorithms/GATES_AND_TOLERANCES.md:54 | G-P1-CENTROID-1 | `median\|astro_det − truth\| ≤ 0.1 ∧ p95 ≤ 0.3 ∧ \
具名,algorithm_ids,lib/algorithms/integration/v6/src/phase2_integrate.cpp:976,.1;.6,未标注,②条文有名无值,docs/contracts/DATA_SEMANTICS.md:3284 `algorithm_ids`、`module`、`provider`、`approximations`、`degradations`（含 
具名,correlation_scale,lib/algorithms/integration/v6/src/phase2_integrate.cpp:983,1.0,未标注,③未见于条文面,
具名,asum,lib/algorithms/integration/v6/src/phase2_integrate.cpp:988,0.0,未标注,③未见于条文面,
具名,bc,lib/algorithms/integration/v6/src/phase2_integrate.cpp:1085,0.0,未标注,③未见于条文面,
具名,w_info,lib/algorithms/integration/v6/src/phase2_integrate.cpp:1189,0.0,未标注,②条文有名无值,docs/contracts/DATA_SEMANTICS.md:2687 - Phase3 **消费**上游 `W_info`，不重算、不替换；无量纲相对复合权重**的落点 = 诊断面**；
具名,var_f,lib/algorithms/integration/v6/src/phase2_integrate.cpp:1190,0.0,未标注,③未见于条文面,
具名,sigma_bg,lib/algorithms/integration/v6/src/phase2_integrate.cpp:1221,0.0,未标注,②条文有名无值,docs/algorithms/GATES_AND_TOLERANCES.md:35 | `SNR_peak` | `A_fit / sigma_bg` | 无量纲 | 检测侧: `A_fit` = 椭圆高斯拟合峰值振幅（st
具名,p,lib/algorithms/integration/v6/src/phase2_integrate.cpp:1223,0.0,未标注,③未见于条文面,
具名,error,lib/algorithms/integration/v6/src/phase2_integrate.cpp:1225,0.0,未标注,②条文有名无值,ACCEPTANCE_SPEC.md:194 | 可行性 | 三命令退出码均为 0；阶段间只通过磁盘产品 + manifest + 哈希交接（唯一正本 = `ASTROCS_DESIGN
具名,cv,lib/algorithms/integration/v6/src/phase2_integrate.cpp:1226,0.0,未标注,③未见于条文面,
具名,error,lib/algorithms/integration/v6/src/phase2_integrate.cpp:1233,0.0,未标注,②条文有名无值,ACCEPTANCE_SPEC.md:194 | 可行性 | 三命令退出码均为 0；阶段间只通过磁盘产品 + manifest + 哈希交接（唯一正本 = `ASTROCS_DESIGN
具名,huber_delta,lib/algorithms/integration/v6/src/phase2_integrate.cpp:1273,1.345,未标注,①条文含值,docs/algorithms/PHASE2_SESSION.md:133 huber_delta=1.345（**无量纲**；高斯参考分布下渐近效率 95% 的 Huber 阈值，
具名,zero_anchor_weight,lib/algorithms/integration/v6/src/phase2_integrate.cpp:1277,0.0,未标注,②条文有名无值,docs/algorithms/PHASE2_SESSION.md:295 | DISP-P2SES-005 | :184-194 | UPM 首版常量硬编码且仅 max_iterations/huber_delta
具名,flux_conservation_factor,lib/algorithms/integration/v6/src/phase2_integrate.cpp:1281,1.0,未标注,②条文有名无值,docs/contracts/DATA_SEMANTICS.md:3285 ~~`weight_mode_version`~~（键不存在，§9.73 A44）、`correlation_summary`、`flux_
具名,g,lib/algorithms/integration/v6/src/phase2_integrate.cpp:1291,0.0,未标注,③未见于条文面,
具名,s,lib/algorithms/integration/v6/src/phase2_integrate.cpp:1296,0.0,未标注,③未见于条文面,
具名,s_ref,lib/algorithms/integration/v6/src/phase2_integrate.cpp:1336,0.0,未标注,③未见于条文面,
具名,jcj,lib/algorithms/integration/v6/src/phase2_integrate.cpp:1339,0.0,未标注,③未见于条文面,
具名,s0,lib/algorithms/integration/v6/src/phase2_integrate.cpp:1368,0.0,未标注,③未见于条文面,
具名,pred,lib/algorithms/integration/v6/src/phase2_integrate.cpp:1369,0.0,未标注,③未见于条文面,
具名,y0,lib/algorithms/integration/v6/src/phase2_integrate.cpp:1370,0.0,未标注,③未见于条文面,
具名,ra0_deg,lib/algorithms/integration/v6/src/phase2_integrate.cpp:1407,0.0,未标注,②条文有名无值,"docs/contracts/API_CONTRACTS.csv:333 API-gnomonic_forward_proj,gnomonic_forward_proj,lib/algorithms/plateso"
具名,erc,lib/algorithms/integration/v6/src/phase2_integrate.cpp:1420,0.0,未标注,③未见于条文面,
具名,residual_trend_max,lib/algorithms/integration/v6/src/phase2_integrate.cpp:1435,0.10,未标注,③未见于条文面,
具名,power_loss_max,lib/algorithms/integration/v6/src/phase2_integrate.cpp:1436,0.05,未标注,③未见于条文面,
具名,spatial_residual_p95,lib/algorithms/integration/v6/src/phase2_integrate.cpp:1439,0.0,未标注,③未见于条文面,
具名,spatial_trend,lib/algorithms/integration/v6/src/phase2_integrate.cpp:1440,0.0,未标注,③未见于条文面,
具名,power_loss,lib/algorithms/integration/v6/src/phase2_integrate.cpp:1441,0.0,未标注,③未见于条文面,
具名,components,lib/algorithms/integration/v6/src/phase2_integrate.cpp:1477,.2,未标注,②条文有名无值,docs/algorithms/UPM_SOLVER.md:12 - 输出: Model C[frame][control] + frame_index + frame_id_by_index + comp
具名,wsum,lib/algorithms/integration/v6/src/variance_propagation.cpp:131,0.0,未标注,②条文有名无值,docs/algorithms/ACR_EQUIVALENCE.md:51 - per-pixel独立无跨pixel归约；split按p0 固定顺序concat；归约仅 per-pixel vs/wsum FP64固
具名,data_var,lib/algorithms/integration/v6/src/variance_propagation.cpp:186,0.0,未标注,③未见于条文面,
具名,i,lib/algorithms/integration/v6/src/weight_chain.cpp:207,0.0,未标注,③未见于条文面,
具名,h,lib/algorithms/integration/v6/src/weight_chain.cpp:238,0.0,未标注,③未见于条文面,
具名,h,lib/algorithms/integration/v6/src/weight_chain.cpp:239,1.0,未标注,③未见于条文面,
具名,b,lib/algorithms/integration/v6/src/weight_chain.cpp:244,2.0;6.0,未标注,③未见于条文面,
具名,filter_size,lib/algorithms/integration/v6/src/weight_chain.cpp:254,.0;2.2,未标注,③未见于条文面,
具名,sum,lib/algorithms/integration/v6/src/weight_chain.cpp:313,0.0,未标注,③未见于条文面,
具名,clip_low,lib/algorithms/integration/v6/src/weight_chain.cpp:345,0.0,未标注,③未见于条文面,
具名,clip_high,lib/algorithms/integration/v6/src/weight_chain.cpp:346,0.0,未标注,③未见于条文面,
具名,clip_low_,lib/algorithms/integration/v6/src/weight_chain.cpp:361,0.0,未标注,③未见于条文面,
具名,clip_high_,lib/algorithms/integration/v6/src/weight_chain.cpp:362,0.0,未标注,③未见于条文面,
具名,node_residual_,lib/algorithms/integration/v6/src/weight_chain.cpp:363,0.0,未标注,③未见于条文面,
具名,cell_center_offset_,lib/algorithms/integration/v6/src/weight_chain.cpp:364,0.0,未标注,③未见于条文面,
具名,tol_,lib/algorithms/integration/v6/src/weight_chain.cpp:379,0.0,未标注,③未见于条文面,
具名,cc_off,lib/algorithms/integration/v6/src/weight_chain.cpp:455,0.0,未标注,③未见于条文面,
具名,cx,lib/algorithms/integration/v6/src/weight_chain.cpp:473,1.0;2.0,未标注,③未见于条文面,
具名,cy,lib/algorithms/integration/v6/src/weight_chain.cpp:474,1.0;2.0,未标注,③未见于条文面,
具名,max_resid,lib/algorithms/integration/v6/src/weight_chain.cpp:530,0.0,未标注,③未见于条文面,
具名,vv,lib/algorithms/integration/v6/src/weight_chain.cpp:534,0.0,未标注,③未见于条文面,
具名,best_v,lib/algorithms/integration/v6/src/weight_chain.cpp:567,0.0,未标注,③未见于条文面,
具名,dom_lo_x,lib/algorithms/integration/v6/src/weight_chain.cpp:601,0.5,未标注,③未见于条文面,
具名,dom_hi_x,lib/algorithms/integration/v6/src/weight_chain.cpp:602,0.5,未标注,③未见于条文面,
具名,dom_lo_y,lib/algorithms/integration/v6/src/weight_chain.cpp:603,0.5,未标注,③未见于条文面,
具名,dom_hi_y,lib/algorithms/integration/v6/src/weight_chain.cpp:604,0.5,未标注,③未见于条文面,
具名,cx,lib/algorithms/integration/v6/src/weight_chain.cpp:614,0.0,未标注,③未见于条文面,
具名,cy,lib/algorithms/integration/v6/src/weight_chain.cpp:615,0.0,未标注,③未见于条文面,
具名,v,lib/algorithms/integration/v6/src/weight_chain.cpp:617,0.0,未标注,③未见于条文面,
具名,v,lib/algorithms/integration/v6/src/weight_chain.cpp:630,1.0,未标注,③未见于条文面,
具名,intra,lib/algorithms/integration/v6/src/weight_chain.cpp:714,1.0,未标注,③未见于条文面,
具名,v,lib/algorithms/integration/v6/src/weight_chain.cpp:716,0.0,未标注,③未见于条文面,
具名,actual,lib/algorithms/integration/v6/src/weight_chain.cpp:737,0.0,未标注,②条文有名无值,"docs/design/PRODUCT_STORAGE_FORM.md:23 > ""The actual implementation of HiPS as directories and files is not a"
具名,g,lib/algorithms/integration/v6/src/weight_chain.cpp:748,1.0,未标注,③未见于条文面,
具名,f_ref_k,lib/algorithms/integration/v6/src/weight_chain.cpp:770,0.0,未标注,③未见于条文面,
具名,w,lib/algorithms/integration/v6/src/weight_chain.cpp:777,0.0,未标注,③未见于条文面,
具名,group_normalized,lib/algorithms/integration/v6_phase1/include/astrocs/v6/phase1_product.h:49,1.0,未标注,②条文有名无值,docs/contracts/DATA_SEMANTICS.md:3275 | 归一域 | `normalization.scope` | `group_normalized` | `weight.group_nor
具名,a,lib/algorithms/integration/v6_phase1/include/astrocs/v6/phase1_product.h:96,1.0,未标注,③未见于条文面,
具名,a_nea,lib/algorithms/integration/v6_phase1/include/astrocs/v6/phase1_product.h:108,0.0,未标注,②条文有名无值,docs/contracts/DATA_SEMANTICS.md:3303 **`concentration` 单位以 `component_flux_unit/px^2` 为唯一权威**（`A_NEA = 1/ΣP
具名,a_ref,lib/algorithms/integration/v6_phase1/include/astrocs/v6/phase1_product.h:109,0.0,未标注,②条文有名无值,docs/science/PSF_SIGNAL_WEIGHT.md:55 > **Astro Celestial Sphere Database（ACSD） 实现披露（`lib/algorithms/photome
具名,background_robust_mean,lib/algorithms/integration/v6_phase1/include/astrocs/v6/phase1_product.h:110,0.0,未标注,③未见于条文面,
具名,pixfrac,lib/algorithms/integration/v6_phase1/include/astrocs/v6/phase1_product.h:130,1.0,未标注,②条文有名无值,"ASTROCS_DESIGN.md:295 ""drizzle"": { ""nested"": 1, ""pixfrac"": 0.8, ""precision_mode"": 0 },  // 默"
具名,w_info,lib/algorithms/integration/v6_phase1/include/astrocs/v6/phase1_product.h:181,0.0,未标注,②条文有名无值,docs/contracts/DATA_SEMANTICS.md:2687 - Phase3 **消费**上游 `W_info`，不重算、不替换；无量纲相对复合权重**的落点 = 诊断面**；
具名,norm_median_target,lib/algorithms/integration/v6_phase1/include/astrocs/v6/phase1_product.h:189,0.0,未标注,③未见于条文面,
具名,weight_value,lib/algorithms/integration/v6_phase1/include/astrocs/v6/phase1_product.h:191,0.0,未标注,②条文有名无值,docs/contracts/PUBLIC_API.md:2194 `weight.kind` / `weight.units` / `weight.group_normalized` / `weight.n
具名,unnormalized_wt,lib/algorithms/integration/v6_phase1/include/astrocs/v6/phase1_product.h:200,0.0,未标注,③未见于条文面,
具名,median_wt,lib/algorithms/integration/v6_phase1/include/astrocs/v6/phase1_product.h:232,0.0,未标注,③未见于条文面,
具名,flux_conservation_factor,lib/algorithms/integration/v6_phase1/src/phase1_product.cpp:300,1.0,未标注,②条文有名无值,docs/contracts/DATA_SEMANTICS.md:3285 ~~`weight_mode_version`~~（键不存在，§9.73 A44）、`correlation_summary`、`flux_
具名,value,lib/algorithms/integration/v6_phase1/src/phase1_product.cpp:302,1.4,未标注,②条文有名无值,docs/algorithms/HIPS_WRITER.md:202 - (5b) properties（write_properties :285-293 裸 `key=value\n` 直写，fopen
具名,a_nea,lib/algorithms/integration/v6_phase1/src/phase1_product.cpp:411,0.0,未标注,②条文有名无值,docs/contracts/DATA_SEMANTICS.md:3303 **`concentration` 单位以 `component_flux_unit/px^2` 为唯一权威**（`A_NEA = 1/ΣP
具名,mag_min,lib/algorithms/integration/v6_phase1/src/phase1_product.cpp:446,8.0,未标注,②条文有名无值,"docs/contracts/API_CONTRACTS.csv:286 API-pc_calibrate_simple_with_gaia,pc_calibrate_simple_with_gaia,lib/al"
具名,mag_max,lib/algorithms/integration/v6_phase1/src/phase1_product.cpp:447,20.0,未标注,②条文有名无值,docs/algorithms/PHOTOMETRIC_FIT.md:225 覆盖 mag_max 入参（DISP-PHOT-005）。
具名,detection_threshold_sigma,lib/algorithms/integration/v6_phase1/src/phase1_product.cpp:448,5.0,未标注,③未见于条文面,
具名,matching_radius_arcsec,lib/algorithms/integration/v6_phase1/src/phase1_product.cpp:449,1.0,未标注,③未见于条文面,
具名,corr_scale,lib/algorithms/integration/v6_phase1/src/phase1_product.cpp:480,1.0,未标注,③未见于条文面,
具名,rho_mean,lib/algorithms/integration/v6_phase1/src/phase1_product.cpp:484,0.0,未标注,③未见于条文面,
具名,A_pixel_out,lib/algorithms/integration/v6_phase1/src/phase1_product.cpp:485,1.0,未标注,③未见于条文面,
具名,px,lib/algorithms/integration/v6_phase1/src/phase1_product.cpp:503,0.5,未标注,③未见于条文面,
具名,py,lib/algorithms/integration/v6_phase1/src/phase1_product.cpp:504,0.5,未标注,③未见于条文面,
具名,A_pixel,lib/algorithms/integration/v6_phase1/src/phase1_product.cpp:506,0.0,未标注,②条文有名无值,ASTROCS_DESIGN.md:210 5. **任意 WCS footprint 与权重/variance 链的整合**：drop 由任意 WCS（含 SIP 畸变）的源像素足迹
具名,max_abs_cov,lib/algorithms/integration/v6_phase1/src/phase1_product.cpp:533,0.0,未标注,③未见于条文面,
具名,deficit,lib/algorithms/integration/v6_phase1/src/phase1_product.cpp:789,0.0,未标注,②条文有名无值,docs/contracts/DATA_SEMANTICS.md:3346 `CF-T-CONST-SB-TOL`、`FZ-AP1-DEFICIT-THRESH`、`FZ-AP2PT-CORR-RATIO-MIN`、
具名,s,lib/algorithms/integration/v6_phase1/src/phase1_product.cpp:883,0.0,未标注,③未见于条文面,
具名,p05,lib/algorithms/integration/v6_phase1/src/phase1_product.cpp:1150,0.0,未标注,③未见于条文面,
具名,p50,lib/algorithms/integration/v6_phase1/src/phase1_product.cpp:1151,0.0,未标注,③未见于条文面,
具名,p95,lib/algorithms/integration/v6_phase1/src/phase1_product.cpp:1152,0.0,未标注,③未见于条文面,
具名,w_info,lib/algorithms/integration/v6_phase1/src/phase1_product.cpp:1171,0.0,未标注,②条文有名无值,docs/contracts/DATA_SEMANTICS.md:2687 - Phase3 **消费**上游 `W_info`，不重算、不替换；无量纲相对复合权重**的落点 = 诊断面**；
具名,var_f,lib/algorithms/integration/v6_phase1/src/phase1_product.cpp:1172,0.0,未标注,③未见于条文面,
具名,pixfrac,lib/algorithms/integration/v6_phase1/src/phase1_product.cpp:1191,1.0,未标注,②条文有名无值,"ASTROCS_DESIGN.md:295 ""drizzle"": { ""nested"": 1, ""pixfrac"": 0.8, ""precision_mode"": 0 },  // 默"
具名,q,lib/algorithms/integration/v6_phase1/src/phase1_product.cpp:1228,0.0,未标注,③未见于条文面,
具名,flux,lib/algorithms/integration/v6_phase1/src/phase1_product.cpp:1229,0.0,未标注,②条文有名无值,docs/algorithms/GAIA_QUERY.md:136 float32 fluxMin @32 + float32 fluxMul @36 + uint8 flux[343] @40 + 1B 填
具名,norm_median_target,lib/algorithms/integration/v6_phase1/src/phase1_product.cpp:1238,0.0,未标注,③未见于条文面,
具名,weight_value,lib/algorithms/integration/v6_phase1/src/phase1_product.cpp:1242,0.0,未标注,②条文有名无值,docs/contracts/PUBLIC_API.md:2194 `weight.kind` / `weight.units` / `weight.group_normalized` / `weight.n
具名,unnormalized_wt,lib/algorithms/integration/v6_phase1/src/phase1_product.cpp:1252,0.0,未标注,③未见于条文面,
具名,ptx,lib/algorithms/noise_snr/cpp/src/information_weight.cpp:97,0.0,未标注,③未见于条文面,
具名,alpha,lib/algorithms/noise_snr/cpp/src/information_weight.cpp:165,1.0,未标注,②条文有名无值,ACCEPTANCE_SPEC.md:33 三个创新点（最高设计 §2）各立一个自包含实验单元，alpha 发布前必须全部跑通并经独立审稿。**实验单元目录结构与报告八要素的唯一正本 
具名,corr,lib/algorithms/noise_snr/cpp/src/information_weight.cpp:170,0.0,未标注,②条文有名无值,docs/contracts/DATA_SEMANTICS.md:3346 `CF-T-CONST-SB-TOL`、`FZ-AP1-DEFICIT-THRESH`、`FZ-AP2PT-CORR-RATIO-MIN`、
具名,sum,lib/algorithms/noise_snr/cpp/src/information_weight.cpp:218,0.0,未标注,③未见于条文面,
具名,a_nea,lib/algorithms/noise_snr/cpp/src/information_weight.cpp:231,1.0,未标注,②条文有名无值,docs/contracts/DATA_SEMANTICS.md:3303 **`concentration` 单位以 `component_flux_unit/px^2` 为唯一权威**（`A_NEA = 1/ΣP
具名,ideal_inv_w,lib/algorithms/noise_snr/cpp/src/information_weight.cpp:259,1.0,未标注,③未见于条文面,
具名,quad,lib/algorithms/noise_snr/cpp/src/information_weight.cpp:261,0.0,未标注,②条文有名无值,docs/science/PSF.md:186 - **β=4 解析通量 flux=2πA·sxsy/3 与 FWHM/σ=1.230310**：**Project-defined 解析积
具名,s,lib/algorithms/noise_snr/cpp/src/information_weight.cpp:277,0.0,未标注,③未见于条文面,
具名,var_f,lib/algorithms/noise_snr/cpp/src/information_weight.cpp:313,1.0,未标注,③未见于条文面,
具名,med,lib/algorithms/noise_snr/cpp/src/noise_model.cpp:107,0.5,未标注,③未见于条文面,
具名,mx,lib/algorithms/noise_snr/cpp/src/noise_model.cpp:186,0.0,未标注,③未见于条文面,
具名,sxx,lib/algorithms/noise_snr/cpp/src/noise_model.cpp:189,0.0,未标注,③未见于条文面,
具名,disc,lib/algorithms/noise_snr/cpp/src/noise_model.cpp:196,4.0,未标注,③未见于条文面,
具名,v,lib/algorithms/noise_snr/cpp/src/noise_model.cpp:247,0.0,未标注,③未见于条文面,
具名,u,lib/algorithms/noise_snr/cpp/src/noise_model.cpp:250,0.0,未标注,③未见于条文面,
具名,u,lib/algorithms/noise_snr/cpp/src/noise_model.cpp:254,0.0,未标注,③未见于条文面,
具名,out_fence_ln,lib/algorithms/noise_snr/cpp/src/noise_model.cpp:286,0.0,未标注,③未见于条文面,
具名,out_fence_ln,lib/algorithms/noise_snr/cpp/src/noise_model.cpp:294,2.0,未标注,③未见于条文面,
具名,norm,lib/algorithms/noise_snr/cpp/src/noise_model.cpp:336,0.0,未标注,②条文有名无值,"docs/algorithms/CALIBRATION_ALGORITHMS.md:127 F2.2  步骤2: generate_master(norm, …, AC_COMBINE_MEAN)   # [250-251]"
具名,alpha,lib/algorithms/noise_snr/cpp/src/noise_model.cpp:340,0.0,未标注,②条文有名无值,ACCEPTANCE_SPEC.md:33 三个创新点（最高设计 §2）各立一个自包含实验单元，alpha 发布前必须全部跑通并经独立审稿。**实验单元目录结构与报告八要素的唯一正本 
具名,vv,lib/algorithms/noise_snr/cpp/src/noise_model.cpp:341,0.0,未标注,③未见于条文面,
具名,dot,lib/algorithms/noise_snr/cpp/src/noise_model.cpp:347,0.0,未标注,③未见于条文面,
具名,dot,lib/algorithms/noise_snr/cpp/src/noise_model.cpp:352,0.0,未标注,③未见于条文面,
具名,j,lib/algorithms/noise_snr/cpp/src/noise_model.cpp:372,0.0;1.0,未标注,③未见于条文面,
具名,r,lib/algorithms/noise_snr/cpp/src/noise_model.cpp:383,0.0,未标注,③未见于条文面,
具名,s,lib/algorithms/noise_snr/cpp/src/noise_model.cpp:458,0.0,未标注,③未见于条文面,
具名,mx,lib/algorithms/noise_snr/cpp/src/noise_model.cpp:473,0.0,未标注,③未见于条文面,
具名,L,lib/algorithms/noise_snr/cpp/src/noise_model.cpp:476,0.0,未标注,③未见于条文面,
具名,f,lib/algorithms/noise_snr/cpp/src/noise_model.cpp:503,0.0,未标注,③未见于条文面,
具名,s,lib/algorithms/noise_snr/cpp/src/noise_model.cpp:541,0.0,未标注,③未见于条文面,
具名,bestf,lib/algorithms/noise_snr/cpp/src/noise_model.cpp:568,0.0,未标注,③未见于条文面,
具名,worst_p,lib/algorithms/noise_snr/cpp/src/noise_model.cpp:618,0.0,未标注,③未见于条文面,
具名,alpha,lib/algorithms/noise_snr/cpp/src/noise_model.cpp:650,1.0;2.0,未标注,②条文有名无值,ACCEPTANCE_SPEC.md:33 三个创新点（最高设计 §2）各立一个自包含实验单元，alpha 发布前必须全部跑通并经独立审稿。**实验单元目录结构与报告八要素的唯一正本 
具名,num,lib/algorithms/noise_snr/cpp/src/noise_model.cpp:651,1.0,未标注,③未见于条文面,
具名,q,lib/algorithms/noise_snr/cpp/src/noise_model.cpp:654,1.0,未标注,③未见于条文面,
具名,r,lib/algorithms/noise_snr/cpp/src/noise_model.cpp:656,1.0,未标注,③未见于条文面,
具名,frac,lib/algorithms/noise_snr/cpp/src/noise_model.cpp:697,0.0,未标注,②条文有名无值,"docs/contracts/HIPS_STORAGE_FORM_CONTRACT.md:101 | `blocks[].frames[]` | array | `{f, frac}`；`f` ∈ `frames[]`；`frac` ∈ "
具名,frac,lib/algorithms/noise_snr/cpp/src/noise_model.cpp:727,0.0,未标注,②条文有名无值,"docs/contracts/HIPS_STORAGE_FORM_CONTRACT.md:101 | `blocks[].frames[]` | array | `{f, frac}`；`f` ∈ `frames[]`；`frac` ∈ "
具名,radius_p50,lib/algorithms/noise_snr/cpp/src/noise_model.cpp:737,0.0,未标注,③未见于条文面,
具名,frac,lib/algorithms/noise_snr/cpp/src/noise_model.cpp:738,0.0,未标注,②条文有名无值,"docs/contracts/HIPS_STORAGE_FORM_CONTRACT.md:101 | `blocks[].frames[]` | array | `{f, frac}`；`f` ∈ `frames[]`；`frac` ∈ "
具名,shrink,lib/algorithms/noise_snr/cpp/src/noise_model.cpp:739,1.0,未标注,③未见于条文面,
具名,ok,lib/algorithms/noise_snr/cpp/src/noise_model.cpp:775,0.0,未标注,③未见于条文面,
具名,ok,lib/algorithms/noise_snr/cpp/src/noise_model.cpp:777,0.0,未标注,③未见于条文面,
具名,clip_sigma,lib/algorithms/noise_snr/cpp/src/noise_model.cpp:815,1.0,未标注,②条文有名无值,docs/algorithms/NOISE_ESTIMATION.md:202 | DISP-NOISE-007 | 参数下限静默钳位无返回码区分：patch_grid<2→2、clip_sigma<1→1、min_pa
具名,r0,lib/algorithms/noise_snr/cpp/src/noise_model.cpp:824,1.0,未标注,③未见于条文面,
具名,rmax,lib/algorithms/noise_snr/cpp/src/noise_model.cpp:825,1.0,未标注,②条文有名无值,"docs/algorithms/NOISE_ESTIMATION.md:38 mask 逐星半径 r_i=clip(r_local(F_i,FWHM_i,k·σ_bg), r_min, rmax)，再按天空预算收缩"
具名,k_sigma,lib/algorithms/noise_snr/cpp/src/noise_model.cpp:826,0.0;0.1,未标注,②条文有名无值,docs/algorithms/CALIBRATION_ALGORITHMS.md:87 σ    = 1.482602218505602·mad                        # k_sigma [76]
具名,r_min_default,lib/algorithms/noise_snr/cpp/src/noise_model.cpp:827,0.0;1.5,未标注,③未见于条文面,
具名,fwhm_floor,lib/algorithms/noise_snr/cpp/src/noise_model.cpp:828,0.0;0.75,未标注,②条文有名无值,docs/algorithms/NOISE_ESTIMATION.md:144 | ALG-NOISE-001 | `snr_noise_model_v1_default_config` | noise_model.cp
具名,f,lib/algorithms/noise_snr/cpp/src/noise_model.cpp:840,0.0,未标注,③未见于条文面,
具名,wf,lib/algorithms/noise_snr/cpp/src/noise_model.cpp:841,0.0,未标注,③未见于条文面,
具名,has_w,lib/algorithms/noise_snr/cpp/src/noise_model.cpp:842,0.0,未标注,③未见于条文面,
具名,r,lib/algorithms/noise_snr/cpp/src/noise_model.cpp:858,0.0;4.0,未标注,③未见于条文面,
具名,r,lib/algorithms/noise_snr/cpp/src/noise_model.cpp:875,0.0,未标注,③未见于条文面,
具名,r,lib/algorithms/noise_snr/cpp/src/noise_model.cpp:879,4.0,未标注,③未见于条文面,
具名,r,lib/algorithms/noise_snr/cpp/src/noise_model.cpp:882,0.0,未标注,③未见于条文面,
具名,lo,lib/algorithms/noise_snr/cpp/src/noise_model.cpp:899,0.0;1.0,未标注,③未见于条文面,
具名,clip_lo,lib/algorithms/noise_snr/cpp/src/noise_model.cpp:950,0.0,未标注,③未见于条文面,
具名,fence_ln,lib/algorithms/noise_snr/cpp/src/noise_model.cpp:997,0.0,未标注,③未见于条文面,
具名,ivar_bg_global,lib/algorithms/noise_snr/cpp/src/noise_model.cpp:1042,1.0,未标注,②条文有名无值,"docs/algorithms/NOISE_ESTIMATION.md:153 完全退化（ivar_bg_global=0.0，调用方拒绝加权，noise_model.cpp:483-486,566-578）；"
具名,ivar_bg_global,lib/algorithms/noise_snr/cpp/src/noise_model.cpp:1076,1.0,未标注,②条文有名无值,"docs/algorithms/NOISE_ESTIMATION.md:153 完全退化（ivar_bg_global=0.0，调用方拒绝加权，noise_model.cpp:483-486,566-578）；"
具名,plane_a,lib/algorithms/noise_snr/cpp/src/noise_model.cpp:1111,0.0,未标注,②条文有名无值,docs/contracts/DATA_SEMANTICS.md:619 | `plane_a` / `plane_b` / `plane_c` | f64 | ADU²（本模型数组标度） | 拟合平面 `var(
具名,hull_min_pred,lib/algorithms/noise_snr/cpp/src/noise_model.cpp:1137,0.0,未标注,②条文有名无值,docs/contracts/DATA_SEMANTICS.md:642 `hull_min_pred`（凸包内最小平面预测）、`schema` / `clause` / `status` / `reason` /
具名,area_hull,lib/algorithms/noise_snr/cpp/src/noise_model.cpp:1146,0.0,未标注,③未见于条文面,
具名,frac,lib/algorithms/noise_snr/cpp/src/noise_model.cpp:1149,1.0,未标注,②条文有名无值,"docs/contracts/HIPS_STORAGE_FORM_CONTRACT.md:101 | `blocks[].frames[]` | array | `{f, frac}`；`f` ∈ `frames[]`；`frac` ∈ "
具名,frac,lib/algorithms/noise_snr/cpp/src/noise_model.cpp:1150,0.0,未标注,②条文有名无值,"docs/contracts/HIPS_STORAGE_FORM_CONTRACT.md:101 | `blocks[].frames[]` | array | `{f, frac}`；`f` ∈ `frames[]`；`frac` ∈ "
具名,frac,lib/algorithms/noise_snr/cpp/src/noise_model.cpp:1151,1.0,未标注,②条文有名无值,"docs/contracts/HIPS_STORAGE_FORM_CONTRACT.md:101 | `blocks[].frames[]` | array | `{f, frac}`；`f` ∈ `frames[]`；`frac` ∈ "
具名,ctrl_variance_range,lib/algorithms/noise_snr/cpp/src/noise_model.cpp:1163,0.0,未标注,②条文有名无值,docs/contracts/DATA_SEMANTICS.md:618 | `ctrl_variance_range` | f64 | 无量纲（比值） | 控制点方差动态范围 `max/min`（拟合输入，剔除后
具名,sigma_mag,lib/algorithms/noise_snr/cpp/src/noise_model.cpp:1187,2.5,未标注,①条文含值,"docs/algorithms/PHOTOMETRIC_FIT.md:20 F5: sigma_mag = 2.5·sigma_residual, sigma_cal_rel = ln10·sigma_residua"
具名,sigma_location_se_mag,lib/algorithms/noise_snr/cpp/src/noise_model.cpp:1196,2.5,未标注,②条文有名无值,docs/science/NOISE_MODEL.md:323 - **sigma_cal_rel / 零点标准误（消费侧口径，SCI-PHOT 引用）**：`sigma_cal_rel = ln10·s
具名,source_mask_radius_px,lib/algorithms/noise_snr/cpp/src/noise_model.cpp:1250,10.0,未标注,②条文有名无值,"docs/algorithms/NOISE_ESTIMATION.md:166 （`n_qualified ≥ 8` 且 `N_sky ≥ 9216`）；`rmax = max(1, source_mask_radius"
具名,mask_radius_scale,lib/algorithms/noise_snr/cpp/src/noise_model.cpp:1251,6.0,未标注,②条文有名无值,"docs/algorithms/NOISE_ESTIMATION.md:167 max(1, mask_radius_scale)` = 默认 10·6 = **60 px 是硬上界**，不是操作默认半径；"
具名,cosmic_clip_sigma,lib/algorithms/noise_snr/cpp/src/noise_model.cpp:1252,5.0,未标注,②条文有名无值,docs/contracts/DATA_SEMANTICS.md:542 | cfg（SnrNoiseModelConfig） | 结构体按 snr_estimator.h:108-122 | — | 可 NULL
具名,mask_k_sigma,lib/algorithms/noise_snr/cpp/src/noise_model.cpp:1258,0.1;0.5,未标注,②条文有名无值,docs/contracts/CONFIG_CONTRACT.md:47 | noise（噪声模型默认配置） | 14 | `docs/science/NOISE_MODEL.md` §4/§5/§5a/§6 陈述
具名,mask_r_min_px,lib/algorithms/noise_snr/cpp/src/noise_model.cpp:1259,0.75;1.5,未标注,②条文有名无值,docs/contracts/CONFIG_CONTRACT.md:47 | noise（噪声模型默认配置） | 14 | `docs/science/NOISE_MODEL.md` §4/§5/§5a/§6 陈述
具名,mask_fwhm_floor_scale,lib/algorithms/noise_snr/cpp/src/noise_model.cpp:1260,0.75,未标注,①条文含值,"docs/science/NOISE_MODEL.md:96 r_min = max(1.5 px, 0.75·FWHM_i)   # noise.mask_r_min_px / noise.mask_"
具名,mask_budget_min_sky,lib/algorithms/noise_snr/cpp/src/noise_model.cpp:1262,1.5,未标注,②条文有名无值,docs/contracts/CONFIG_CONTRACT.md:47 | noise（噪声模型默认配置） | 14 | `docs/science/NOISE_MODEL.md` §4/§5/§5a/§6 陈述
具名,a,lib/algorithms/noise_snr/cpp/src/noise_model.cpp:1335,0.0,未标注,③未见于条文面,
具名,floor,lib/algorithms/noise_snr/cpp/src/noise_model.cpp:1361,0.0,未标注,②条文有名无值,docs/algorithms/CALIBRATION_ALGORITHMS.md:14 （dark_opt 双分支 + flat_norm median=1.0 / floor 0.1）、§9a 专属问题
具名,v_out,lib/algorithms/noise_snr/cpp/src/noise_model.cpp:1384,0.0f,未标注,③未见于条文面,
具名,ivar,lib/algorithms/noise_snr/cpp/src/noise_model.cpp:1468,0.0,未标注,②条文有名无值,ASTROCS_DESIGN.md:223 - signal / variance / ivar / source_snr / depth_m5 / frame_snr / point
具名,s,lib/algorithms/noise_snr/cpp/src/noise_model.cpp:1476,0.0,未标注,③未见于条文面,
具名,med,lib/algorithms/noise_snr/cpp/src/snr_estimator.cpp:51,0.5,未标注,③未见于条文面,
具名,fwhm,lib/algorithms/noise_snr/cpp/src/snr_estimator.cpp:71,0.0,未标注,①条文含值,docs/algorithms/GATES_AND_TOLERANCES.md:54 | G-P1-CENTROID-1 | `median\|astro_det − truth\| ≤ 0.1 ∧ p95 ≤ 0.3 ∧ \
具名,F,lib/algorithms/noise_snr/cpp/src/snr_estimator.cpp:75,2.0;3.0,未标注,③未见于条文面,
具名,fwhm_px,lib/algorithms/noise_snr/cpp/src/snr_estimator.cpp:81,0.0,未标注,②条文有名无值,"docs/contracts/DATA_SEMANTICS.md:579 | snr_sample | string | — | **样本定义**：全部测光有效 sources（flux>0, fwhm_px>0）"
具名,sigma_sky_adu,lib/algorithms/noise_snr/cpp/src/snr_estimator.cpp:83,0.7316727929211932,未标注,②条文有名无值,docs/algorithms/STAR_DETECTION_ALGORITHMS.md:430 - **第三 σ 估计器的定义与消费面（量纲 ADU）**：`estimate_background` 的返回值 = 2 轮 `median
具名,out_flux5,lib/algorithms/noise_snr/cpp/src/snr_estimator.cpp:97,0.0,未标注,③未见于条文面,
具名,f,lib/algorithms/noise_snr/cpp/src/snr_estimator.cpp:109,0.0,未标注,③未见于条文面,
具名,sum_p2,lib/algorithms/noise_snr/cpp/src/snr_estimator.cpp:117,0.0,未标注,③未见于条文面,
具名,out_flux5,lib/algorithms/noise_snr/cpp/src/snr_estimator.cpp:123,5.0,未标注,③未见于条文面,
具名,sigma_residual,lib/algorithms/noise_snr/cpp/src/snr_estimator.cpp:149,1.0,未标注,①条文含值,docs/algorithms/PHOTOMETRIC_FIT.md:64 | `\|r_consistent\|<3` | NO_DATA 拟合失败：`scale=1.0`、`fit_used=0`、`sigma_
具名,sigma_residual,lib/algorithms/noise_snr/cpp/src/snr_estimator.cpp:162,.1f;.6f,未标注,②条文有名无值,"docs/algorithms/PHOTOMETRIC_FIT.md:19 F4: sigma_residual = median_i(|r_i − location|)/0.6744897501960817, r_"
具名,n_stars,lib/algorithms/noise_snr/cpp/src/snr_estimator.cpp:167,.1f,未标注,②条文有名无值,docs/algorithms/NOISE_ESTIMATION.md:201 | DISP-NOISE-006 | `source_mask` 与 `star_x/y` 掩膜通道互斥：source_mask 非 NUL
具名,SNR_phot,lib/algorithms/noise_snr/cpp/src/snr_estimator.cpp:219,.6f,未标注,②条文有名无值,docs/algorithms/GATES_AND_TOLERANCES.md:28 - **R5 SNR 统一**：凡门引用 SNR，必须使用 §2 已登记的定义（`SNR_peak` / `SNR_det`；`SNR_ph
具名,n_valid,lib/algorithms/noise_snr/cpp/src/snr_estimator.cpp:230,.6f,未标注,②条文有名无值,docs/algorithms/NOISE_ESTIMATION.md:42 if n_valid <4 or !spatial_field or 几何退化(λlo/λhi<1/16) → global_median 
具名,power,lib/algorithms/noise_snr/cpp/src/snr_estimator.cpp:245,.2f;2.0,未标注,②条文有名无值,"docs/algorithms/PHASE2_REJECTION.md:787 - **Tukey biweight**：Beaton, A. E. & Tukey, J. W. 1974, *The Fitting o"
具名,sum_w,lib/algorithms/noise_snr/cpp/src/snr_estimator.cpp:257,0.0,未标注,②条文有名无值,docs/algorithms/COSMETIC_ALGORITHMS.md:158 - `out[i] = Σ(w_d·data[n_d]) / Σ w_d`（cosmetic_corrector.cpp:219-220；`
具名,sum_v,lib/algorithms/noise_snr/cpp/src/snr_estimator.cpp:258,0.0,未标注,③未见于条文面,
具名,sum_w,lib/algorithms/noise_snr/cpp/src/snr_estimator.cpp:268,1.0,未标注,②条文有名无值,docs/algorithms/COSMETIC_ALGORITHMS.md:158 - `out[i] = Σ(w_d·data[n_d]) / Σ w_d`（cosmetic_corrector.cpp:219-220；`
具名,wgt,lib/algorithms/noise_snr/cpp/src/snr_estimator.cpp:273,1.0,未标注,③未见于条文面,
具名,SNR,lib/algorithms/noise_snr/cpp/src/snr_estimator.cpp:292,.6f,未标注,③未见于条文面,
具名,sigma_residual,lib/algorithms/noise_snr/cpp/src/snr_estimator.cpp:323,1.0,未标注,①条文含值,docs/algorithms/PHOTOMETRIC_FIT.md:64 | `\|r_consistent\|<3` | NO_DATA 拟合失败：`scale=1.0`、`fit_used=0`、`sigma_
具名,sigma_residual,lib/algorithms/noise_snr/cpp/src/snr_estimator.cpp:334,.1f;.6f,未标注,②条文有名无值,"docs/algorithms/PHOTOMETRIC_FIT.md:19 F4: sigma_residual = median_i(|r_i − location|)/0.6744897501960817, r_"
具名,n_stars,lib/algorithms/noise_snr/cpp/src/snr_estimator.cpp:339,.1f,未标注,②条文有名无值,docs/algorithms/NOISE_ESTIMATION.md:201 | DISP-NOISE-006 | `source_mask` 与 `star_x/y` 掩膜通道互斥：source_mask 非 NUL
具名,SNR_phot,lib/algorithms/noise_snr/cpp/src/snr_estimator.cpp:388,.6f,未标注,②条文有名无值,docs/algorithms/GATES_AND_TOLERANCES.md:28 - **R5 SNR 统一**：凡门引用 SNR，必须使用 §2 已登记的定义（`SNR_peak` / `SNR_det`；`SNR_ph
具名,n_valid,lib/algorithms/noise_snr/cpp/src/snr_estimator.cpp:399,.6f,未标注,②条文有名无值,docs/algorithms/NOISE_ESTIMATION.md:42 if n_valid <4 or !spatial_field or 几何退化(λlo/λhi<1/16) → global_median 
具名,power,lib/algorithms/noise_snr/cpp/src/snr_estimator.cpp:414,.2f;2.0,未标注,②条文有名无值,"docs/algorithms/PHASE2_REJECTION.md:787 - **Tukey biweight**：Beaton, A. E. & Tukey, J. W. 1974, *The Fitting o"
具名,sum_w,lib/algorithms/noise_snr/cpp/src/snr_estimator.cpp:426,0.0,未标注,②条文有名无值,docs/algorithms/COSMETIC_ALGORITHMS.md:158 - `out[i] = Σ(w_d·data[n_d]) / Σ w_d`（cosmetic_corrector.cpp:219-220；`
具名,sum_v,lib/algorithms/noise_snr/cpp/src/snr_estimator.cpp:427,0.0,未标注,③未见于条文面,
具名,sum_w,lib/algorithms/noise_snr/cpp/src/snr_estimator.cpp:436,1.0,未标注,②条文有名无值,docs/algorithms/COSMETIC_ALGORITHMS.md:158 - `out[i] = Σ(w_d·data[n_d]) / Σ w_d`（cosmetic_corrector.cpp:219-220；`
具名,wgt,lib/algorithms/noise_snr/cpp/src/snr_estimator.cpp:441,1.0,未标注,③未见于条文面,
具名,SNR,lib/algorithms/noise_snr/cpp/src/snr_estimator.cpp:460,.6f,未标注,③未见于条文面,
具名,result,lib/algorithms/noise_snr/cpp/src/snr_estimator.cpp:478,0.0,未标注,②条文有名无值,docs/algorithms/INTEGRATION_ALGORITHMS.md:41 来源: `integrate.cpp:10-79` `integrate.h: P2PixelStack/Result`
具名,dx,lib/algorithms/noise_snr/cpp/src/snr_estimator.cpp:514,1.0,未标注,③未见于条文面,
具名,dy,lib/algorithms/noise_snr/cpp/src/snr_estimator.cpp:515,1.0,未标注,③未见于条文面,
具名,sin_dec,lib/algorithms/noise_snr/cpp/src/snr_estimator.cpp:558,1.0,未标注,③未见于条文面,
具名,sin_dec,lib/algorithms/noise_snr/cpp/src/snr_estimator.cpp:559,-1.0,未标注,③未见于条文面,
具名,snr_phot,lib/algorithms/noise_snr/cpp/src/snr_estimator.cpp:591,0.0,未标注,②条文有名无值,docs/algorithms/GATES_AND_TOLERANCES.md:28 - **R5 SNR 统一**：凡门引用 SNR，必须使用 §2 已登记的定义（`SNR_peak` / `SNR_det`；`SNR_ph
具名,median_snr,lib/algorithms/noise_snr/cpp/src/snr_estimator.cpp:592,0.0,未标注,②条文有名无值,"docs/contracts/DATA_SEMANTICS.md:376 | ""snr_model"" 块（可选；**标准块定义表已登记**，见本节首注） | 稀疏控制点（ra/dec/snr_psf + snr_p"
具名,idw_power,lib/algorithms/noise_snr/cpp/src/snr_estimator.cpp:593,2.0,未标注,②条文有名无值,"docs/contracts/DATA_SEMANTICS.md:376 | ""snr_model"" 块（可选；**标准块定义表已登记**，见本节首注） | 稀疏控制点（ra/dec/snr_psf + snr_p"
具名,F5,lib/algorithms/noise_snr/cpp/src/snr_estimator.cpp:658,.4;.6;.6f,未标注,③未见于条文面,
具名,ra,lib/algorithms/noise_snr/cpp/src/snr_estimator.cpp:689,.6f,未标注,③未见于条文面,
具名,snr_psf,lib/algorithms/noise_snr/cpp/src/snr_estimator.cpp:690,.2f;.4f,未标注,②条文有名无值,"docs/contracts/DATA_SEMANTICS.md:376 | ""snr_model"" 块（可选；**标准块定义表已登记**，见本节首注） | 稀疏控制点（ra/dec/snr_psf + snr_p"
具名,n_points,lib/algorithms/noise_snr/cpp/src/snr_estimator.cpp:695,.6f;2.0,未标注,②条文有名无值,docs/contracts/CONFIG_CONTRACT.md:81 | normalize（多块） | `eng/packaging/config/templates/normalize.phase_conf
具名,idw_power,lib/algorithms/noise_snr/cpp/src/snr_estimator.cpp:730,2.0,未标注,②条文有名无值,"docs/contracts/DATA_SEMANTICS.md:376 | ""snr_model"" 块（可选；**标准块定义表已登记**，见本节首注） | 稀疏控制点（ra/dec/snr_psf + snr_p"
具名,n_points,lib/algorithms/noise_snr/cpp/src/snr_estimator.cpp:800,.6f,未标注,②条文有名无值,docs/contracts/CONFIG_CONTRACT.md:81 | normalize（多块） | `eng/packaging/config/templates/normalize.phase_conf
具名,idw_power,lib/algorithms/noise_snr/cpp/src/snr_estimator.cpp:833,2.0,未标注,②条文有名无值,"docs/contracts/DATA_SEMANTICS.md:376 | ""snr_model"" 块（可选；**标准块定义表已登记**，见本节首注） | 稀疏控制点（ra/dec/snr_psf + snr_p"
具名,n_points,lib/algorithms/noise_snr/cpp/src/snr_estimator.cpp:920,.6f,未标注,②条文有名无值,docs/contracts/CONFIG_CONTRACT.md:81 | normalize（多块） | `eng/packaging/config/templates/normalize.phase_conf
具名,sum,lib/algorithms/noise_snr/cpp/src/snr_science.cpp:74,0.0,未标注,③未见于条文面,
具名,sum2,lib/algorithms/noise_snr/cpp/src/snr_science.cpp:75,0.0,未标注,③未见于条文面,
具名,center,lib/algorithms/noise_snr/cpp/src/snr_science.cpp:76,0.0,未标注,②条文有名无值,"ACCEPTANCE_SPEC.md:12 L4[""L4 真实数据端到端视觉验收<br/>M42 + Galaxy Center · 负责人目检""]"
具名,out_sum_p2,lib/algorithms/noise_snr/cpp/src/snr_science.cpp:89,0.0,未标注,③未见于条文面,
具名,out_p_center,lib/algorithms/noise_snr/cpp/src/snr_science.cpp:90,0.0,未标注,③未见于条文面,
具名,h,lib/algorithms/noise_snr/cpp/src/snr_science.cpp:99,12.0,未标注,③未见于条文面,
具名,sigma,lib/algorithms/noise_snr/cpp/src/snr_science.cpp:118,0.0,未标注,②条文有名无值,docs/algorithms/CALIBRATION_ALGORITHMS.md:22 - 负责: master bias/dark/flat 生成（sigma-clip 合并）、单帧校准算术、
具名,out_sum_p2,lib/algorithms/noise_snr/cpp/src/snr_science.cpp:120,0.0,未标注,③未见于条文面,
具名,out_p_center,lib/algorithms/noise_snr/cpp/src/snr_science.cpp:121,0.0,未标注,③未见于条文面,
具名,sigma,lib/algorithms/noise_snr/cpp/src/snr_science.cpp:157,0.0,未标注,②条文有名无值,docs/algorithms/CALIBRATION_ALGORITHMS.md:22 - 负责: master bias/dark/flat 生成（sigma-clip 合并）、单帧校准算术、
具名,var_f,lib/algorithms/noise_snr/cpp/src/snr_science.cpp:170,0.0,未标注,③未见于条文面,
具名,sum_p2,lib/algorithms/noise_snr/cpp/src/snr_science.cpp:171,0.0,未标注,③未见于条文面,
具名,p_center,lib/algorithms/noise_snr/cpp/src/snr_science.cpp:172,0.0,未标注,③未见于条文面,
具名,rn_term,lib/algorithms/noise_snr/cpp/src/snr_science.cpp:178,0.0,未标注,③未见于条文面,
具名,sum,lib/algorithms/noise_snr/cpp/src/snr_science.cpp:183,0.0,未标注,③未见于条文面,
具名,var_f,lib/algorithms/noise_snr/cpp/src/snr_science.cpp:206,0.0;1.0,未标注,③未见于条文面,
具名,var_f,lib/algorithms/noise_snr/cpp/src/snr_science.cpp:209,0.0,未标注,③未见于条文面,
具名,flux5_adu,lib/algorithms/noise_snr/cpp/src/snr_science.cpp:217,5.0,未标注,③未见于条文面,
具名,r,lib/algorithms/noise_snr/cpp/src/snr_science.cpp:220,0.0,未标注,③未见于条文面,
具名,n_sky,lib/algorithms/noise_snr/cpp/src/snr_science.cpp:226,0.0,未标注,②条文有名无值,"ASTROCS_DESIGN.md:135 I = O + N_e/g + N_read,      N_e = N_src + N_sky + N_dark"
具名,var_ap,lib/algorithms/noise_snr/cpp/src/snr_science.cpp:228,1.0,未标注,③未见于条文面,
具名,aperture_correction,lib/algorithms/noise_snr/cpp/src/snr_science.cpp:232,0.0;1.0,未标注,③未见于条文面,
具名,sigma_f_aperture_adu,lib/algorithms/noise_snr/cpp/src/snr_science.cpp:234,0.0,未标注,③未见于条文面,
具名,m5_mag,lib/algorithms/noise_snr/cpp/src/snr_science.cpp:241,2.5,未标注,③未见于条文面,
具名,out_m5_mag,lib/algorithms/noise_snr/cpp/src/snr_science.cpp:261,2.5,未标注,③未见于条文面,
具名,star_amp_scale,lib/algorithms/noise_snr/cpp/test/noise_model_science_test.cpp:47,1.0,未标注,③未见于条文面,
具名,sigma2,lib/algorithms/noise_snr/cpp/test/noise_model_science_test.cpp:60,2.3548200450309493,未标注,③未见于条文面,
具名,sigma_gradient,lib/algorithms/noise_snr/cpp/test/noise_model_science_test.cpp:78,0.0,未标注,③未见于条文面,
具名,rel,lib/algorithms/noise_snr/cpp/test/noise_model_science_test.cpp:133,.2;.4f,未标注,③未见于条文面,
具名,rel,lib/algorithms/noise_snr/cpp/test/noise_model_science_test.cpp:161,.2;.3f,未标注,③未见于条文面,
具名,rel,lib/algorithms/noise_snr/cpp/test/noise_model_science_test.cpp:169,.2;.3,未标注,③未见于条文面,
具名,rel,lib/algorithms/noise_snr/cpp/test/noise_model_science_test.cpp:197,.2;.4f,未标注,③未见于条文面,
具名,bias,lib/algorithms/noise_snr/cpp/test/noise_model_science_test.cpp:215,5.0,未标注,②条文有名无值,ACCEPTANCE_SPEC.md:181 **数据**：从 `testdata/` 抽取小批量帧（每个滤镜组少量亮场 + 对应 bias/dark/flat，构成完整数据块），覆盖至
具名,bias,lib/algorithms/noise_snr/cpp/test/noise_model_science_test.cpp:218,.3f;.4f;5.0,未标注,②条文有名无值,ACCEPTANCE_SPEC.md:181 **数据**：从 `testdata/` 抽取小批量帧（每个滤镜组少量亮场 + 对应 bias/dark/flat，构成完整数据块），覆盖至
具名,rp,lib/algorithms/noise_snr/cpp/test/noise_model_science_test.cpp:224,5.0,未标注,③未见于条文面,
具名,u,lib/algorithms/noise_snr/cpp/test/noise_model_science_test.cpp:232,.1f,未标注,③未见于条文面,
具名,rel,lib/algorithms/noise_snr/cpp/test/noise_model_science_test.cpp:263,.1f;.2f,未标注,③未见于条文面,
具名,corr,lib/algorithms/noise_snr/cpp/test/noise_model_science_test.cpp:303,.4f;0.98,未标注,②条文有名无值,docs/contracts/DATA_SEMANTICS.md:3346 `CF-T-CONST-SB-TOL`、`FZ-AP1-DEFICIT-THRESH`、`FZ-AP2PT-CORR-RATIO-MIN`、
具名,RMSE,lib/algorithms/noise_snr/cpp/test/noise_model_science_test.cpp:305,.3f,未标注,②条文有名无值,docs/algorithms/PHOTOMETRIC_FIT.md:40 - **F7 适用域**：窗口作用于 `Δ−median(Δ)`，故对 `F_instr` 的**整体乘性标度严格不变**（合成实验：`k=
具名,r,lib/algorithms/noise_snr/cpp/test/noise_model_science_test.cpp:315,0.1,未标注,③未见于条文面,
具名,sigma_mag,lib/algorithms/noise_snr/cpp/test/noise_model_science_test.cpp:319,.4f;0.2500;2.5,未标注,②条文有名无值,"docs/algorithms/PHOTOMETRIC_FIT.md:11 - 输出: `PhotometricCalibrationQuality` (sigma_mag, sigma_cal_rel) + sca"
具名,sigma_cal_rel,lib/algorithms/noise_snr/cpp/test/noise_model_science_test.cpp:322,.4f;0.2303,未标注,②条文有名无值,"docs/algorithms/PHOTOMETRIC_FIT.md:11 - 输出: `PhotometricCalibrationQuality` (sigma_mag, sigma_cal_rel) + sca"
具名,q1,lib/algorithms/noise_snr/cpp/test/noise_model_science_test.cpp:352,.2;.4f,未标注,③未见于条文面,
具名,q_psf,lib/algorithms/noise_snr/cpp/test/noise_model_science_test.cpp:357,.4f,未标注,②条文有名无值,docs/algorithms/NOISE_ESTIMATION.md:150 | （同头三层其余） | `snr_phot_cal_quality`（dex/mag/rel 换算 `noise_model.cpp:63
具名,crval1,lib/algorithms/noise_snr/cpp/test/noise_model_science_test.cpp:377,10.0;20.0,未标注,②条文有名无值,docs/algorithms/PHASE3_FITS_IMPL.md:43 | CRVAL1/2 | f64 deg | ICRS 中心 | p3_wcs.h:15-16 / p3_output.cpp:265-26
具名,crpix1,lib/algorithms/noise_snr/cpp/test/noise_model_science_test.cpp:378,1.0,未标注,②条文有名无值,docs/algorithms/PHASE3_FITS_IMPL.md:42 | CRPIX1/2 | f64 px | FITS 1-based pixel-center | p3_wcs.h:17-18 / p3_
具名,rc_leg,lib/algorithms/noise_snr/cpp/test/noise_model_science_test.cpp:382,0.1,未标注,③未见于条文面,
具名,want,lib/algorithms/noise_snr/cpp/test/noise_model_science_test.cpp:385,1000.0;120.0;5000.0,未标注,③未见于条文面,
具名,snr_psf,lib/algorithms/noise_snr/cpp/test/noise_model_science_test.cpp:387,.6f,未标注,②条文有名无值,"docs/contracts/DATA_SEMANTICS.md:376 | ""snr_model"" 块（可选；**标准块定义表已登记**，见本节首注） | 稀疏控制点（ra/dec/snr_psf + snr_p"
具名,var_eq,lib/algorithms/noise_snr/cpp/test/noise_model_science_test.cpp:407,4.0,未标注,③未见于条文面,
具名,var_opt,lib/algorithms/noise_snr/cpp/test/noise_model_science_test.cpp:410,.4f,未标注,②条文有名无值,docs/contracts/DATA_SEMANTICS.md:551 | source / has_spatial_field / degenerate | uint8 标志 | — | source=0（em
具名,q,lib/algorithms/noise_snr/cpp/test/noise_model_science_test.cpp:465,.1f,未标注,③未见于条文面,
具名,gain_e_per_adu,lib/algorithms/noise_snr/cpp/test/noise_model_science_test.cpp:488,0.0,未标注,②条文有名无值,docs/algorithms/NOISE_ESTIMATION.md:198 | DISP-NOISE-003 | `SnrNoiseModelConfig.gain_e_per_adu/read_noise_e/us
具名,read_noise_e,lib/algorithms/noise_snr/cpp/test/noise_model_science_test.cpp:489,0.0,未标注,②条文有名无值,docs/algorithms/NOISE_ESTIMATION.md:198 | DISP-NOISE-003 | `SnrNoiseModelConfig.gain_e_per_adu/read_noise_e/us
具名,r,lib/algorithms/noise_snr/cpp/test/noise_model_science_test.cpp:495,.4f,未标注,③未见于条文面,
具名,gain_e_per_adu,lib/algorithms/noise_snr/cpp/test/noise_model_science_test.cpp:541,0.0,未标注,②条文有名无值,docs/algorithms/NOISE_ESTIMATION.md:198 | DISP-NOISE-003 | `SnrNoiseModelConfig.gain_e_per_adu/read_noise_e/us
具名,read_noise_e,lib/algorithms/noise_snr/cpp/test/noise_model_science_test.cpp:542,0.0,未标注,②条文有名无值,docs/algorithms/NOISE_ESTIMATION.md:198 | DISP-NOISE-003 | `SnrNoiseModelConfig.gain_e_per_adu/read_noise_e/us
具名,sigma,lib/algorithms/noise_snr/cpp/test/noise_model_science_test.cpp:562,.10,未标注,②条文有名无值,docs/algorithms/CALIBRATION_ALGORITHMS.md:22 - 负责: master bias/dark/flat 生成（sigma-clip 合并）、单帧校准算术、
具名,cx,lib/algorithms/noise_snr/cpp/test/snr_reconcile_test.cpp:36,0.173;400.0;50.0,未标注,③未见于条文面,
具名,cy,lib/algorithms/noise_snr/cpp/test/snr_reconcile_test.cpp:37,0.421;400.0;50.0,未标注,③未见于条文面,
具名,fB,lib/algorithms/noise_snr/cpp/test/snr_reconcile_test.cpp:39,0.5f;1200.0f,未标注,③未见于条文面,
具名,fA,lib/algorithms/noise_snr/cpp/test/snr_reconcile_test.cpp:40,5000.0f;7.0f,未标注,③未见于条文面,
具名,fmad,lib/algorithms/noise_snr/cpp/test/snr_reconcile_test.cpp:41,120.0f;3.0f,未标注,③未见于条文面,
具名,ffwhm,lib/algorithms/noise_snr/cpp/test/snr_reconcile_test.cpp:42,0.1f;4.5f,未标注,③未见于条文面,
具名,dB,lib/algorithms/noise_snr/cpp/test/snr_reconcile_test.cpp:44,0.5;1200.0,未标注,③未见于条文面,
具名,dA,lib/algorithms/noise_snr/cpp/test/snr_reconcile_test.cpp:45,5000.0;7.0,未标注,③未见于条文面,
具名,dmad,lib/algorithms/noise_snr/cpp/test/snr_reconcile_test.cpp:46,120.0;3.0,未标注,③未见于条文面,
具名,dfwhm,lib/algorithms/noise_snr/cpp/test/snr_reconcile_test.cpp:47,0.1;4.5,未标注,③未见于条文面,
具名,crval1,lib/algorithms/noise_snr/cpp/test/snr_reconcile_test.cpp:58,272.886466,未标注,②条文有名无值,docs/algorithms/PHASE3_FITS_IMPL.md:43 | CRVAL1/2 | f64 deg | ICRS 中心 | p3_wcs.h:15-16 / p3_output.cpp:265-26
具名,crval2,lib/algorithms/noise_snr/cpp/test/snr_reconcile_test.cpp:59,-23.253959,未标注,②条文有名无值,docs/algorithms/PHASE3_PROJ_IMPL.md:12 > registry v3（CRVAL2 进映射 / AIT A≤1 / CAR 极行 fail-closed）+ v1 偏差表；
具名,crpix1,lib/algorithms/noise_snr/cpp/test/snr_reconcile_test.cpp:60,512.5,未标注,②条文有名无值,docs/algorithms/PHASE3_FITS_IMPL.md:42 | CRPIX1/2 | f64 px | FITS 1-based pixel-center | p3_wcs.h:17-18 / p3_
具名,crpix2,lib/algorithms/noise_snr/cpp/test/snr_reconcile_test.cpp:61,512.5,未标注,②条文有名无值,"docs/algorithms/PHASE3_PROJ_IMPL.md:167 CRPIX1=(W+1)/2, CRPIX2=(H+1)/2, CRVAL=center            # :45-48"
具名,max_rel_snr,lib/algorithms/noise_snr/cpp/test/snr_reconcile_test.cpp:89,0.0,未标注,③未见于条文面,
具名,n,lib/algorithms/noise_snr/cpp/test/snr_reconcile_test.cpp:99,.3,未标注,③未见于条文面,
具名,scientific_change,lib/algorithms/noise_snr/include/astrocs/noise/types.h:9,.003,未标注,③未见于条文面,
具名,q,lib/algorithms/noise_snr/include/astrocs/v6/information_weight.h:51,0.0,未标注,③未见于条文面,
具名,w_info,lib/algorithms/noise_snr/include/astrocs/v6/information_weight.h:52,0.0,未标注,②条文有名无值,docs/contracts/DATA_SEMANTICS.md:2687 - Phase3 **消费**上游 `W_info`，不重算、不替换；无量纲相对复合权重**的落点 = 诊断面**；
具名,w_info,lib/algorithms/noise_snr/include/astrocs/v6/information_weight.h:84,0.0,未标注,②条文有名无值,docs/contracts/DATA_SEMANTICS.md:2687 - Phase3 **消费**上游 `W_info`，不重算、不替换；无量纲相对复合权重**的落点 = 诊断面**；
具名,a_nea,lib/algorithms/noise_snr/include/astrocs/v6/information_weight.h:85,0.0,未标注,②条文有名无值,docs/contracts/DATA_SEMANTICS.md:3303 **`concentration` 单位以 `component_flux_unit/px^2` 为唯一权威**（`A_NEA = 1/ΣP
具名,c_tilde_C_c_tilde,lib/algorithms/noise_snr/include/astrocs/v6/information_weight.h:99,0.0,未标注,③未见于条文面,
具名,ideal_inv_w,lib/algorithms/noise_snr/include/astrocs/v6/information_weight.h:100,0.0,未标注,③未见于条文面,
具名,variance_ratio,lib/algorithms/noise_snr/include/astrocs/v6/information_weight.h:101,0.0,未标注,③未见于条文面,
具名,f_hat,lib/algorithms/noise_snr/include/astrocs/v6/information_weight.h:115,0.0,未标注,②条文有名无值,docs/contracts/DATA_ARTIFACTS.md:52 | DATA-OBJ-SOURCE-SNR-001 | source_snr（UNIFIED_MODEL §2 对象；可否作权重：不直接作帧
具名,var_f,lib/algorithms/noise_snr/include/astrocs/v6/information_weight.h:116,0.0,未标注,③未见于条文面,
具名,sum_q,lib/algorithms/noise_snr/include/astrocs/v6/information_weight.h:117,0.0,未标注,③未见于条文面,
具名,sum_w,lib/algorithms/noise_snr/include/astrocs/v6/information_weight.h:118,0.0,未标注,②条文有名无值,docs/algorithms/COSMETIC_ALGORITHMS.md:158 - `out[i] = Σ(w_d·data[n_d]) / Σ w_d`（cosmetic_corrector.cpp:219-220；`
具名,cfg_present,lib/algorithms/noise_snr/src/module_entry.cpp:467,0.0,未标注,③未见于条文面,
具名,cfg_present,lib/algorithms/noise_snr/src/module_entry.cpp:469,0.0,未标注,③未见于条文面,
具名,parallel_ok,lib/algorithms/noise_snr/src/module_entry.cpp:702,.3,未标注,②条文有名无值,docs/algorithms/CALIBRATION_ALGORITHMS.md:409 字段 module_id/sci_id/alg_id/api_id/execution_class/parallel_ok）与
具名,floor_cfg,lib/algorithms/noise_snr/src/module_entry.cpp:1322,0.0,未标注,③未见于条文面,
具名,sigma_px,lib/algorithms/noise_snr/wrapper_phase1/snr_frame_science.cpp:49,0.0,未标注,③未见于条文面,
具名,sigma_location_se_mag,lib/algorithms/noise_snr/wrapper_phase1/snr_frame_science.cpp:87,2.5,未标注,②条文有名无值,docs/science/NOISE_MODEL.md:323 - **sigma_cal_rel / 零点标准误（消费侧口径，SCI-PHOT 引用）**：`sigma_cal_rel = ln10·s
具名,flux_adu,lib/algorithms/noise_snr/wrapper_phase1/snr_frame_science.h:38,0.0,未标注,③未见于条文面,
具名,fwhm_px,lib/algorithms/noise_snr/wrapper_phase1/snr_frame_science.h:43,0.0,未标注,②条文有名无值,"docs/contracts/DATA_SEMANTICS.md:579 | snr_sample | string | — | **样本定义**：全部测光有效 sources（flux>0, fwhm_px>0）"
具名,sigma_sky_adu,lib/algorithms/noise_snr/wrapper_phase1/snr_frame_science.h:48,0.0,未标注,②条文有名无值,docs/algorithms/STAR_DETECTION_ALGORITHMS.md:430 - **第三 σ 估计器的定义与消费面（量纲 ADU）**：`estimate_background` 的返回值 = 2 轮 `median
具名,gain_e_per_adu,lib/algorithms/noise_snr/wrapper_phase1/snr_frame_science.h:49,0.0,未标注,②条文有名无值,docs/algorithms/NOISE_ESTIMATION.md:198 | DISP-NOISE-003 | `SnrNoiseModelConfig.gain_e_per_adu/read_noise_e/us
具名,read_noise_e,lib/algorithms/noise_snr/wrapper_phase1/snr_frame_science.h:50,0.0,未标注,②条文有名无值,docs/algorithms/NOISE_ESTIMATION.md:198 | DISP-NOISE-003 | `SnrNoiseModelConfig.gain_e_per_adu/read_noise_e/us
具名,zero_point_mag,lib/algorithms/noise_snr/wrapper_phase1/snr_frame_science.h:51,0.0,未标注,②条文有名无值,"docs/algorithms/PHOTOMETRIC_FIT.md:204 `zero_point_mag = median_i(magG_i + 2.5·log10 F_syn,i)` 由上式**逐位复现** ——"
具名,aperture_radius_px,lib/algorithms/noise_snr/wrapper_phase1/snr_frame_science.h:52,0.0;1.5,未标注,③未见于条文面,
具名,n_sky,lib/algorithms/noise_snr/wrapper_phase1/snr_frame_science.h:53,0.0,未标注,②条文有名无值,"ASTROCS_DESIGN.md:135 I = O + N_e/g + N_read,      N_e = N_src + N_sky + N_dark"
具名,sigma_logflux_dex,lib/algorithms/noise_snr/wrapper_phase1/snr_frame_science.h:55,0.0,未标注,②条文有名无值,"docs/contracts/API_CONTRACTS.csv:372 API-snr_phot_cal_quality,snr_phot_cal_quality,lib/algorithms/noise_snr"
具名,reference_flux_adu,lib/algorithms/noise_snr/wrapper_phase1/snr_frame_science.h:59,0.0,未标注,②条文有名无值,docs/contracts/DATA_SEMANTICS.md:593 | reference_baseline.reference_flux_common_unit | string | — | 公共锚单位（现
具名,median_snr,lib/algorithms/noise_snr/wrapper_phase1/snr_frame_science.h:74,0.0,未标注,②条文有名无值,"docs/contracts/DATA_SEMANTICS.md:376 | ""snr_model"" 块（可选；**标准块定义表已登记**，见本节首注） | 稀疏控制点（ra/dec/snr_psf + snr_p"
具名,snr_phot,lib/algorithms/noise_snr/wrapper_phase1/snr_frame_science.h:75,0.0,未标注,②条文有名无值,docs/algorithms/GATES_AND_TOLERANCES.md:28 - **R5 SNR 统一**：凡门引用 SNR，必须使用 §2 已登记的定义（`SNR_peak` / `SNR_det`；`SNR_ph
具名,median_source_snr,lib/algorithms/noise_snr/wrapper_phase1/snr_frame_science.h:76,0.0,未标注,②条文有名无值,docs/contracts/DATA_SEMANTICS.md:574 | snr_phot / median_snr / median_source_snr | f64 | [1] | 三者同一值 = medi
具名,frame_depth_flux5_adu,lib/algorithms/noise_snr/wrapper_phase1/snr_frame_science.h:77,0.0,未标注,②条文有名无值,docs/contracts/DATA_SEMANTICS.md:575 | frame_depth_flux5_adu | f64 | ADU | F_5 = 5·sigma_F(ref)；参考轮廓 = 目录中位
具名,frame_depth_m5_mag,lib/algorithms/noise_snr/wrapper_phase1/snr_frame_science.h:78,0.0,未标注,②条文有名无值,docs/contracts/DATA_SEMANTICS.md:576 | frame_depth_m5_mag | f64/null | mag | m_5 = ZP − 2.5·log10(F_5)；无 ZP
具名,sigma_location_se_dex,lib/algorithms/noise_snr/wrapper_phase1/snr_frame_science.h:79,0.0;1.253,未标注,②条文有名无值,docs/science/NOISE_MODEL.md:323 - **sigma_cal_rel / 零点标准误（消费侧口径，SCI-PHOT 引用）**：`sigma_cal_rel = ln10·s
具名,sigma_location_se_mag,lib/algorithms/noise_snr/wrapper_phase1/snr_frame_science.h:80,0.0;2.5,未标注,②条文有名无值,docs/science/NOISE_MODEL.md:323 - **sigma_cal_rel / 零点标准误（消费侧口径，SCI-PHOT 引用）**：`sigma_cal_rel = ln10·s
具名,reference_flux_adu,lib/algorithms/noise_snr/wrapper_phase1/snr_frame_science.h:83,0.0,未标注,②条文有名无值,docs/contracts/DATA_SEMANTICS.md:593 | reference_baseline.reference_flux_common_unit | string | — | 公共锚单位（现
具名,reference_fwhm_px,lib/algorithms/noise_snr/wrapper_phase1/snr_frame_science.h:84,0.0,未标注,③未见于条文面,
具名,reference_snr_f,lib/algorithms/noise_snr/wrapper_phase1/snr_frame_science.h:85,0.0,未标注,③未见于条文面,
具名,reference_sigma_f_adu,lib/algorithms/noise_snr/wrapper_phase1/snr_frame_science.h:86,0.0,未标注,③未见于条文面,
具名,scale,lib/algorithms/photometry/cpp/src/filter_curve_json.h:192,1.0,未标注,①条文含值,docs/algorithms/CALIBRATION_ALGORITHMS.md:61 U1 亮场域 ≫ 1 ADU 而 bias/dark 中位数 ≤ 1.0 且未声明 normalized+scale ⇒ 拒；
具名,n_points_field,lib/algorithms/photometry/cpp/src/filter_curve_json.h:221,0.0,未标注,③未见于条文面,
具名,s_npts,lib/algorithms/photometry/cpp/src/filter_curve_json.h:257,0.0,未标注,③未见于条文面,
具名,s_wlsum,lib/algorithms/photometry/cpp/src/filter_curve_json.h:258,0.0,未标注,③未见于条文面,
具名,n_points,lib/algorithms/photometry/cpp/src/filter_curve_json.h:290,.0f,未标注,②条文有名无值,docs/contracts/CONFIG_CONTRACT.md:81 | normalize（多块） | `eng/packaging/config/templates/normalize.phase_conf
具名,wl_sum,lib/algorithms/photometry/cpp/src/filter_curve_json.h:312,0.0,未标注,②条文有名无值,docs/contracts/CONFIG_CONTRACT.md:109 - **曲线身份核对（装配期 fail-closed，冻结）**：`resolve(name)` 命中键后，装载器**必须**再核对「取到的
具名,wl_sum,lib/algorithms/photometry/cpp/src/filter_curve_json.h:320,.6f,未标注,②条文有名无值,docs/contracts/CONFIG_CONTRACT.md:109 - **曲线身份核对（装配期 fail-closed，冻结）**：`resolve(name)` 命中键后，装载器**必须**再核对「取到的
具名,val_sum,lib/algorithms/photometry/cpp/src/filter_curve_json.h:328,.9f,未标注,②条文有名无值,docs/contracts/CONFIG_CONTRACT.md:109 - **曲线身份核对（装配期 fail-closed，冻结）**：`resolve(name)` 命中键后，装载器**必须**再核对「取到的
具名,val_sumsq,lib/algorithms/photometry/cpp/src/filter_curve_json.h:336,.9f,未标注,②条文有名无值,docs/contracts/CONFIG_CONTRACT.md:109 - **曲线身份核对（装配期 fail-closed，冻结）**：`resolve(name)` 命中键后，装载器**必须**再核对「取到的
具名,v,lib/algorithms/photometry/cpp/src/filter_curve_json.h:429,0.0,未标注,③未见于条文面,
具名,pixel_scale_deg,lib/algorithms/photometry/cpp/src/frame_photometry_fit.cpp:167,0.0,未标注,③未见于条文面,
具名,fov_radius_deg,lib/algorithms/photometry/cpp/src/frame_photometry_fit.cpp:173,1.0;10.0,未标注,③未见于条文面,
具名,scale,lib/algorithms/photometry/cpp/src/frame_photometry_fit.cpp:201,1.0,未标注,①条文含值,docs/algorithms/CALIBRATION_ALGORITHMS.md:61 U1 亮场域 ≫ 1 ADU 而 bias/dark 中位数 ≤ 1.0 且未声明 normalized+scale ⇒ 拒；
具名,sigma_residual,lib/algorithms/photometry/cpp/src/frame_photometry_fit.cpp:202,0.0,未标注,②条文有名无值,"docs/algorithms/PHOTOMETRIC_FIT.md:19 F4: sigma_residual = median_i(|r_i − location|)/0.6744897501960817, r_"
具名,z,lib/algorithms/photometry/cpp/src/frame_photometry_fit.cpp:273,2.5,未标注,③未见于条文面,
具名,zero_point_scatter_mag,lib/algorithms/photometry/cpp/src/frame_photometry_fit.cpp:292,1.4826,未标注,③未见于条文面,
具名,k_photo,lib/algorithms/photometry/cpp/src/frame_photometry_fit.cpp:320,1.0,未标注,②条文有名无值,ACCEPTANCE_SPEC.md:31 **判据的名词口径一律照最高设计的冻结语句，本节不复述、不改写**（「口径唯一、不在下层复述」）：① 星等属**表达层**——`k_phot
具名,k_photo,lib/algorithms/photometry/cpp/src/frame_photometry_fit.cpp:327,1.0,未标注,②条文有名无值,ACCEPTANCE_SPEC.md:31 **判据的名词口径一律照最高设计的冻结语句，本节不复述、不改写**（「口径唯一、不在下层复述」）：① 星等属**表达层**——`k_phot
具名,k_photo,lib/algorithms/photometry/cpp/src/frame_photometry_fit.cpp:335,1.0,未标注,②条文有名无值,ACCEPTANCE_SPEC.md:31 **判据的名词口径一律照最高设计的冻结语句，本节不复述、不改写**（「口径唯一、不在下层复述」）：① 星等属**表达层**——`k_phot
具名,crval1,lib/algorithms/photometry/cpp/src/frame_photometry_fit.h:52,0.0,未标注,②条文有名无值,docs/algorithms/PHASE3_FITS_IMPL.md:43 | CRVAL1/2 | f64 deg | ICRS 中心 | p3_wcs.h:15-16 / p3_output.cpp:265-26
具名,cd11,lib/algorithms/photometry/cpp/src/frame_photometry_fit.h:53,0.0,未标注,②条文有名无值,"docs/algorithms/PHASE3_PROJ_IMPL.md:246 线性解 CD·δp = (ξ,η) (deg): det=CD11·CD22−CD12·CD21           # :136"
具名,mag_min,lib/algorithms/photometry/cpp/src/frame_photometry_fit.h:69,6.0,未标注,②条文有名无值,"docs/contracts/API_CONTRACTS.csv:286 API-pc_calibrate_simple_with_gaia,pc_calibrate_simple_with_gaia,lib/al"
具名,mag_max,lib/algorithms/photometry/cpp/src/frame_photometry_fit.h:70,16.0,未标注,②条文有名无值,docs/algorithms/PHOTOMETRIC_FIT.md:225 覆盖 mag_max 入参（DISP-PHOT-005）。
具名,spatial_gain_coverage_min_bbox_frac,lib/algorithms/photometry/cpp/src/frame_photometry_fit.h:81,0.5,未标注,③未见于条文面,
具名,k_photo,lib/algorithms/photometry/cpp/src/frame_photometry_fit.h:112,1.0,未标注,②条文有名无值,ACCEPTANCE_SPEC.md:31 **判据的名词口径一律照最高设计的冻结语句，本节不复述、不改写**（「口径唯一、不在下层复述」）：① 星等属**表达层**——`k_phot
具名,sigma_residual_dex,lib/algorithms/photometry/cpp/src/frame_photometry_fit.h:124,0.0,未标注,①条文含值,docs/science/PHOTOMETRY.md:126 - **判据参照**：本仓 49 帧 M42 真实数据的逐帧 `2.5·sigma_residual_dex` 中位由（误取通带）**0.4
具名,zero_point_mag,lib/algorithms/photometry/cpp/src/frame_photometry_fit.h:140,0.0,未标注,②条文有名无值,"docs/algorithms/PHOTOMETRIC_FIT.md:204 `zero_point_mag = median_i(magG_i + 2.5·log10 F_syn,i)` 由上式**逐位复现** ——"
具名,zero_point_scatter_mag,lib/algorithms/photometry/cpp/src/frame_photometry_fit.h:142,0.0;1.4826,未标注,③未见于条文面,
具名,filter_wl_min_nm,lib/algorithms/photometry/cpp/src/frame_photometry_fit.h:156,0.0,未标注,③未见于条文面,
具名,filter_wl_max_nm,lib/algorithms/photometry/cpp/src/frame_photometry_fit.h:157,0.0,未标注,③未见于条文面,
具名,filter_val_min,lib/algorithms/photometry/cpp/src/frame_photometry_fit.h:158,0.0,未标注,③未见于条文面,
具名,filter_val_max,lib/algorithms/photometry/cpp/src/frame_photometry_fit.h:159,0.0,未标注,③未见于条文面,
具名,scale,lib/algorithms/photometry/cpp/src/image_corrector.cpp:54,.6,未标注,②条文有名无值,docs/algorithms/CALIBRATION_ALGORITHMS.md:61 U1 亮场域 ≫ 1 ADU 而 bias/dark 中位数 ≤ 1.0 且未声明 normalized+scale ⇒ 拒；
具名,scale,lib/algorithms/photometry/cpp/src/image_corrector.cpp:66,.6,未标注,②条文有名无值,docs/algorithms/CALIBRATION_ALGORITHMS.md:61 U1 亮场域 ≫ 1 ADU 而 bias/dark 中位数 ≤ 1.0 且未声明 normalized+scale ⇒ 拒；
具名,out_scale_factor,lib/algorithms/photometry/cpp/src/pc_api.cpp:90,1.0,未标注,②条文有名无值,"docs/contracts/API_CONTRACTS.csv:284 API-pc_calibrate_simple,pc_calibrate_simple,lib/algorithms/photometry/"
具名,out_sigma_residual,lib/algorithms/photometry/cpp/src/pc_api.cpp:92,0.0,未标注,②条文有名无值,"docs/contracts/API_CONTRACTS.csv:284 API-pc_calibrate_simple,pc_calibrate_simple,lib/algorithms/photometry/"
具名,scale,lib/algorithms/photometry/cpp/src/pc_api.cpp:97,1.0,未标注,①条文含值,docs/algorithms/CALIBRATION_ALGORITHMS.md:61 U1 亮场域 ≫ 1 ADU 而 bias/dark 中位数 ≤ 1.0 且未声明 normalized+scale ⇒ 拒；
具名,out_scale_factor,lib/algorithms/photometry/cpp/src/pc_api.cpp:103,1.0,未标注,②条文有名无值,"docs/contracts/API_CONTRACTS.csv:284 API-pc_calibrate_simple,pc_calibrate_simple,lib/algorithms/photometry/"
具名,out_sigma_residual,lib/algorithms/photometry/cpp/src/pc_api.cpp:105,0.0,未标注,②条文有名无值,"docs/contracts/API_CONTRACTS.csv:284 API-pc_calibrate_simple,pc_calibrate_simple,lib/algorithms/photometry/"
具名,scale,lib/algorithms/photometry/cpp/src/pc_api.cpp:110,1.0,未标注,①条文含值,docs/algorithms/CALIBRATION_ALGORITHMS.md:61 U1 亮场域 ≫ 1 ADU 而 bias/dark 中位数 ≤ 1.0 且未声明 normalized+scale ⇒ 拒；
具名,scale,lib/algorithms/photometry/cpp/src/pc_api.cpp:132,1.0,未标注,①条文含值,docs/algorithms/CALIBRATION_ALGORITHMS.md:61 U1 亮场域 ≫ 1 ADU 而 bias/dark 中位数 ≤ 1.0 且未声明 normalized+scale ⇒ 拒；
具名,sigma_residual,lib/algorithms/photometry/cpp/src/pc_api.cpp:133,0.0,未标注,②条文有名无值,"docs/algorithms/PHOTOMETRIC_FIT.md:19 F4: sigma_residual = median_i(|r_i − location|)/0.6744897501960817, r_"
具名,scale,lib/algorithms/photometry/cpp/src/pc_api.cpp:151,.6;.6f,未标注,②条文有名无值,docs/algorithms/CALIBRATION_ALGORITHMS.md:61 U1 亮场域 ≫ 1 ADU 而 bias/dark 中位数 ≤ 1.0 且未声明 normalized+scale ⇒ 拒；
具名,n_matched,lib/algorithms/photometry/cpp/src/pc_api.cpp:162,.6;.6f,未标注,②条文有名无值,docs/algorithms/GATES_AND_TOLERANCES.md:62 | G-P1-WCS-CLOSURE | `median{d_i : d_i ≤ 1.0″}`（角秒；像素换算 `median_px = m
具名,scale,lib/algorithms/photometry/cpp/src/pc_api.cpp:274,1.0,未标注,①条文含值,docs/algorithms/CALIBRATION_ALGORITHMS.md:61 U1 亮场域 ≫ 1 ADU 而 bias/dark 中位数 ≤ 1.0 且未声明 normalized+scale ⇒ 拒；
具名,out_scale_factor,lib/algorithms/photometry/cpp/src/pc_api.cpp:275,1.0,未标注,②条文有名无值,"docs/contracts/API_CONTRACTS.csv:284 API-pc_calibrate_simple,pc_calibrate_simple,lib/algorithms/photometry/"
具名,out_sigma_residual,lib/algorithms/photometry/cpp/src/pc_api.cpp:277,0.0,未标注,②条文有名无值,"docs/contracts/API_CONTRACTS.csv:284 API-pc_calibrate_simple,pc_calibrate_simple,lib/algorithms/photometry/"
具名,ra,lib/algorithms/photometry/cpp/src/pc_api.cpp:285,.1f;.3f;.4f,未标注,③未见于条文面,
具名,mag_max,lib/algorithms/photometry/cpp/src/pc_api.cpp:299,.1f,未标注,②条文有名无值,docs/algorithms/PHOTOMETRIC_FIT.md:225 覆盖 mag_max 入参（DISP-PHOT-005）。
具名,rc,lib/algorithms/photometry/cpp/src/pc_api.cpp:306,.1f,未标注,③未见于条文面,
具名,mag_max,lib/algorithms/photometry/cpp/src/pc_api.cpp:312,.1f,未标注,②条文有名无值,docs/algorithms/PHOTOMETRIC_FIT.md:225 覆盖 mag_max 入参（DISP-PHOT-005）。
具名,mag_max,lib/algorithms/photometry/cpp/src/pc_api.cpp:316,.1f,未标注,②条文有名无值,docs/algorithms/PHOTOMETRIC_FIT.md:225 覆盖 mag_max 入参（DISP-PHOT-005）。
具名,n_gaia,lib/algorithms/photometry/cpp/src/pc_api.cpp:326,1.0,未标注,②条文有名无值,docs/algorithms/PHOTOMETRIC_FIT.md:277 - 负面矩阵: 空指针/h·w=0/n_gaia=0/PSF 全 status≠0/锥搜失败(rc=−3)/
具名,out_scale_factor,lib/algorithms/photometry/cpp/src/pc_api.cpp:327,1.0,未标注,②条文有名无值,"docs/contracts/API_CONTRACTS.csv:284 API-pc_calibrate_simple,pc_calibrate_simple,lib/algorithms/photometry/"
具名,out_sigma_residual,lib/algorithms/photometry/cpp/src/pc_api.cpp:329,0.0,未标注,②条文有名无值,"docs/contracts/API_CONTRACTS.csv:284 API-pc_calibrate_simple,pc_calibrate_simple,lib/algorithms/photometry/"
具名,scale,lib/algorithms/photometry/cpp/src/pc_api.cpp:362,1.0,未标注,①条文含值,docs/algorithms/CALIBRATION_ALGORITHMS.md:61 U1 亮场域 ≫ 1 ADU 而 bias/dark 中位数 ≤ 1.0 且未声明 normalized+scale ⇒ 拒；
具名,out_scale_factor,lib/algorithms/photometry/cpp/src/pc_api.cpp:363,1.0,未标注,②条文有名无值,"docs/contracts/API_CONTRACTS.csv:284 API-pc_calibrate_simple,pc_calibrate_simple,lib/algorithms/photometry/"
具名,out_sigma_residual,lib/algorithms/photometry/cpp/src/pc_api.cpp:365,0.0,未标注,②条文有名无值,"docs/contracts/API_CONTRACTS.csv:284 API-pc_calibrate_simple,pc_calibrate_simple,lib/algorithms/photometry/"
具名,scale,lib/algorithms/photometry/cpp/src/pc_api.cpp:421,1.0,未标注,①条文含值,docs/algorithms/CALIBRATION_ALGORITHMS.md:61 U1 亮场域 ≫ 1 ADU 而 bias/dark 中位数 ≤ 1.0 且未声明 normalized+scale ⇒ 拒；
具名,sigma_residual,lib/algorithms/photometry/cpp/src/pc_api.cpp:422,0.0,未标注,②条文有名无值,"docs/algorithms/PHOTOMETRIC_FIT.md:19 F4: sigma_residual = median_i(|r_i − location|)/0.6744897501960817, r_"
具名,scale,lib/algorithms/photometry/cpp/src/pc_api.cpp:441,.6;.6f,未标注,②条文有名无值,docs/algorithms/CALIBRATION_ALGORITHMS.md:61 U1 亮场域 ≫ 1 ADU 而 bias/dark 中位数 ≤ 1.0 且未声明 normalized+scale ⇒ 拒；
具名,n_matched,lib/algorithms/photometry/cpp/src/pc_api.cpp:456,.6;.6f,未标注,②条文有名无值,docs/algorithms/GATES_AND_TOLERANCES.md:62 | G-P1-WCS-CLOSURE | `median{d_i : d_i ≤ 1.0″}`（角秒；像素换算 `median_px = m
具名,out_scale_factor,lib/algorithms/photometry/cpp/src/pc_api.cpp:550,1.0,未标注,②条文有名无值,"docs/contracts/API_CONTRACTS.csv:284 API-pc_calibrate_simple,pc_calibrate_simple,lib/algorithms/photometry/"
具名,out_sigma_residual,lib/algorithms/photometry/cpp/src/pc_api.cpp:552,0.0,未标注,②条文有名无值,"docs/contracts/API_CONTRACTS.csv:284 API-pc_calibrate_simple,pc_calibrate_simple,lib/algorithms/photometry/"
具名,scale,lib/algorithms/photometry/cpp/src/pc_api.cpp:557,1.0,未标注,①条文含值,docs/algorithms/CALIBRATION_ALGORITHMS.md:61 U1 亮场域 ≫ 1 ADU 而 bias/dark 中位数 ≤ 1.0 且未声明 normalized+scale ⇒ 拒；
具名,out_scale_factor,lib/algorithms/photometry/cpp/src/pc_api.cpp:563,1.0,未标注,②条文有名无值,"docs/contracts/API_CONTRACTS.csv:284 API-pc_calibrate_simple,pc_calibrate_simple,lib/algorithms/photometry/"
具名,out_sigma_residual,lib/algorithms/photometry/cpp/src/pc_api.cpp:565,0.0,未标注,②条文有名无值,"docs/contracts/API_CONTRACTS.csv:284 API-pc_calibrate_simple,pc_calibrate_simple,lib/algorithms/photometry/"
具名,scale,lib/algorithms/photometry/cpp/src/pc_api.cpp:570,1.0,未标注,①条文含值,docs/algorithms/CALIBRATION_ALGORITHMS.md:61 U1 亮场域 ≫ 1 ADU 而 bias/dark 中位数 ≤ 1.0 且未声明 normalized+scale ⇒ 拒；
具名,scale,lib/algorithms/photometry/cpp/src/pc_api.cpp:587,1.0,未标注,①条文含值,docs/algorithms/CALIBRATION_ALGORITHMS.md:61 U1 亮场域 ≫ 1 ADU 而 bias/dark 中位数 ≤ 1.0 且未声明 normalized+scale ⇒ 拒；
具名,sigma_residual,lib/algorithms/photometry/cpp/src/pc_api.cpp:588,0.0,未标注,②条文有名无值,"docs/algorithms/PHOTOMETRIC_FIT.md:19 F4: sigma_residual = median_i(|r_i − location|)/0.6744897501960817, r_"
具名,scale,lib/algorithms/photometry/cpp/src/pc_api.cpp:601,.6;.6f,未标注,②条文有名无值,docs/algorithms/CALIBRATION_ALGORITHMS.md:61 U1 亮场域 ≫ 1 ADU 而 bias/dark 中位数 ≤ 1.0 且未声明 normalized+scale ⇒ 拒；
具名,n_matched,lib/algorithms/photometry/cpp/src/pc_api.cpp:615,.6;.6f,未标注,②条文有名无值,docs/algorithms/GATES_AND_TOLERANCES.md:62 | G-P1-WCS-CLOSURE | `median{d_i : d_i ≤ 1.0″}`（角秒；像素换算 `median_px = m
具名,scale,lib/algorithms/photometry/cpp/src/pc_api.cpp:693,1.0,未标注,①条文含值,docs/algorithms/CALIBRATION_ALGORITHMS.md:61 U1 亮场域 ≫ 1 ADU 而 bias/dark 中位数 ≤ 1.0 且未声明 normalized+scale ⇒ 拒；
具名,out_scale_factor,lib/algorithms/photometry/cpp/src/pc_api.cpp:694,1.0,未标注,②条文有名无值,"docs/contracts/API_CONTRACTS.csv:284 API-pc_calibrate_simple,pc_calibrate_simple,lib/algorithms/photometry/"
具名,out_sigma_residual,lib/algorithms/photometry/cpp/src/pc_api.cpp:696,0.0,未标注,②条文有名无值,"docs/contracts/API_CONTRACTS.csv:284 API-pc_calibrate_simple,pc_calibrate_simple,lib/algorithms/photometry/"
具名,ra,lib/algorithms/photometry/cpp/src/pc_api.cpp:704,.1f;.3f;.4f,未标注,③未见于条文面,
具名,mag_max,lib/algorithms/photometry/cpp/src/pc_api.cpp:716,.1f,未标注,②条文有名无值,docs/algorithms/PHOTOMETRIC_FIT.md:225 覆盖 mag_max 入参（DISP-PHOT-005）。
具名,rc,lib/algorithms/photometry/cpp/src/pc_api.cpp:723,.1f,未标注,③未见于条文面,
具名,mag_max,lib/algorithms/photometry/cpp/src/pc_api.cpp:729,.1f,未标注,②条文有名无值,docs/algorithms/PHOTOMETRIC_FIT.md:225 覆盖 mag_max 入参（DISP-PHOT-005）。
具名,mag_max,lib/algorithms/photometry/cpp/src/pc_api.cpp:732,.1f,未标注,②条文有名无值,docs/algorithms/PHOTOMETRIC_FIT.md:225 覆盖 mag_max 入参（DISP-PHOT-005）。
具名,n_gaia,lib/algorithms/photometry/cpp/src/pc_api.cpp:741,1.0,未标注,②条文有名无值,docs/algorithms/PHOTOMETRIC_FIT.md:277 - 负面矩阵: 空指针/h·w=0/n_gaia=0/PSF 全 status≠0/锥搜失败(rc=−3)/
具名,out_scale_factor,lib/algorithms/photometry/cpp/src/pc_api.cpp:742,1.0,未标注,②条文有名无值,"docs/contracts/API_CONTRACTS.csv:284 API-pc_calibrate_simple,pc_calibrate_simple,lib/algorithms/photometry/"
具名,out_sigma_residual,lib/algorithms/photometry/cpp/src/pc_api.cpp:744,0.0,未标注,②条文有名无值,"docs/contracts/API_CONTRACTS.csv:284 API-pc_calibrate_simple,pc_calibrate_simple,lib/algorithms/photometry/"
具名,scale,lib/algorithms/photometry/cpp/src/pc_api.cpp:774,1.0,未标注,①条文含值,docs/algorithms/CALIBRATION_ALGORITHMS.md:61 U1 亮场域 ≫ 1 ADU 而 bias/dark 中位数 ≤ 1.0 且未声明 normalized+scale ⇒ 拒；
具名,out_scale_factor,lib/algorithms/photometry/cpp/src/pc_api.cpp:775,1.0,未标注,②条文有名无值,"docs/contracts/API_CONTRACTS.csv:284 API-pc_calibrate_simple,pc_calibrate_simple,lib/algorithms/photometry/"
具名,out_sigma_residual,lib/algorithms/photometry/cpp/src/pc_api.cpp:777,0.0,未标注,②条文有名无值,"docs/contracts/API_CONTRACTS.csv:284 API-pc_calibrate_simple,pc_calibrate_simple,lib/algorithms/photometry/"
具名,scale,lib/algorithms/photometry/cpp/src/pc_api.cpp:829,1.0,未标注,①条文含值,docs/algorithms/CALIBRATION_ALGORITHMS.md:61 U1 亮场域 ≫ 1 ADU 而 bias/dark 中位数 ≤ 1.0 且未声明 normalized+scale ⇒ 拒；
具名,sigma_residual,lib/algorithms/photometry/cpp/src/pc_api.cpp:830,0.0,未标注,②条文有名无值,"docs/algorithms/PHOTOMETRIC_FIT.md:19 F4: sigma_residual = median_i(|r_i − location|)/0.6744897501960817, r_"
具名,scale,lib/algorithms/photometry/cpp/src/pc_api.cpp:844,.6;.6f,未标注,②条文有名无值,docs/algorithms/CALIBRATION_ALGORITHMS.md:61 U1 亮场域 ≫ 1 ADU 而 bias/dark 中位数 ≤ 1.0 且未声明 normalized+scale ⇒ 拒；
具名,n_matched,lib/algorithms/photometry/cpp/src/pc_api.cpp:861,.6;.6f,未标注,②条文有名无值,docs/algorithms/GATES_AND_TOLERANCES.md:62 | G-P1-WCS-CLOSURE | `median{d_i : d_i ≤ 1.0″}`（角秒；像素换算 `median_px = m
具名,qra,lib/algorithms/photometry/cpp/src/pc_api.cpp:885,10000.0,未标注,③未见于条文面,
具名,qdec,lib/algorithms/photometry/cpp/src/pc_api.cpp:886,10000.0,未标注,③未见于条文面,
具名,scale,lib/algorithms/photometry/cpp/src/pc_api.cpp:953,1.0,未标注,①条文含值,docs/algorithms/CALIBRATION_ALGORITHMS.md:61 U1 亮场域 ≫ 1 ADU 而 bias/dark 中位数 ≤ 1.0 且未声明 normalized+scale ⇒ 拒；
具名,out_scale_factor,lib/algorithms/photometry/cpp/src/pc_api.cpp:954,1.0,未标注,②条文有名无值,"docs/contracts/API_CONTRACTS.csv:284 API-pc_calibrate_simple,pc_calibrate_simple,lib/algorithms/photometry/"
具名,out_sigma_residual,lib/algorithms/photometry/cpp/src/pc_api.cpp:956,0.0,未标注,②条文有名无值,"docs/contracts/API_CONTRACTS.csv:284 API-pc_calibrate_simple,pc_calibrate_simple,lib/algorithms/photometry/"
具名,reference_flux,lib/algorithms/photometry/cpp/src/pc_api.cpp:961,0.0,未标注,③未见于条文面,
具名,ra,lib/algorithms/photometry/cpp/src/pc_api.cpp:974,.1f;.3f;.4f,未标注,③未见于条文面,
具名,mag_max,lib/algorithms/photometry/cpp/src/pc_api.cpp:986,.1f,未标注,②条文有名无值,docs/algorithms/PHOTOMETRIC_FIT.md:225 覆盖 mag_max 入参（DISP-PHOT-005）。
具名,rc,lib/algorithms/photometry/cpp/src/pc_api.cpp:993,.1f,未标注,③未见于条文面,
具名,mag_max,lib/algorithms/photometry/cpp/src/pc_api.cpp:999,.1f,未标注,②条文有名无值,docs/algorithms/PHOTOMETRIC_FIT.md:225 覆盖 mag_max 入参（DISP-PHOT-005）。
具名,mag_max,lib/algorithms/photometry/cpp/src/pc_api.cpp:1002,.1f,未标注,②条文有名无值,docs/algorithms/PHOTOMETRIC_FIT.md:225 覆盖 mag_max 入参（DISP-PHOT-005）。
具名,n_gaia,lib/algorithms/photometry/cpp/src/pc_api.cpp:1011,1.0,未标注,②条文有名无值,docs/algorithms/PHOTOMETRIC_FIT.md:277 - 负面矩阵: 空指针/h·w=0/n_gaia=0/PSF 全 status≠0/锥搜失败(rc=−3)/
具名,out_scale_factor,lib/algorithms/photometry/cpp/src/pc_api.cpp:1012,1.0,未标注,②条文有名无值,"docs/contracts/API_CONTRACTS.csv:284 API-pc_calibrate_simple,pc_calibrate_simple,lib/algorithms/photometry/"
具名,out_sigma_residual,lib/algorithms/photometry/cpp/src/pc_api.cpp:1014,0.0,未标注,②条文有名无值,"docs/contracts/API_CONTRACTS.csv:284 API-pc_calibrate_simple,pc_calibrate_simple,lib/algorithms/photometry/"
具名,reference_flux,lib/algorithms/photometry/cpp/src/pc_api.cpp:1019,0.0,未标注,③未见于条文面,
具名,scale,lib/algorithms/photometry/cpp/src/pc_api.cpp:1054,1.0,未标注,①条文含值,docs/algorithms/CALIBRATION_ALGORITHMS.md:61 U1 亮场域 ≫ 1 ADU 而 bias/dark 中位数 ≤ 1.0 且未声明 normalized+scale ⇒ 拒；
具名,out_scale_factor,lib/algorithms/photometry/cpp/src/pc_api.cpp:1055,1.0,未标注,②条文有名无值,"docs/contracts/API_CONTRACTS.csv:284 API-pc_calibrate_simple,pc_calibrate_simple,lib/algorithms/photometry/"
具名,out_sigma_residual,lib/algorithms/photometry/cpp/src/pc_api.cpp:1057,0.0,未标注,②条文有名无值,"docs/contracts/API_CONTRACTS.csv:284 API-pc_calibrate_simple,pc_calibrate_simple,lib/algorithms/photometry/"
具名,scale,lib/algorithms/photometry/cpp/src/pc_api.cpp:1108,1.0,未标注,①条文含值,docs/algorithms/CALIBRATION_ALGORITHMS.md:61 U1 亮场域 ≫ 1 ADU 而 bias/dark 中位数 ≤ 1.0 且未声明 normalized+scale ⇒ 拒；
具名,sigma_residual,lib/algorithms/photometry/cpp/src/pc_api.cpp:1109,0.0,未标注,②条文有名无值,"docs/algorithms/PHOTOMETRIC_FIT.md:19 F4: sigma_residual = median_i(|r_i − location|)/0.6744897501960817, r_"
具名,scale,lib/algorithms/photometry/cpp/src/pc_api.cpp:1124,.6;.6f,未标注,②条文有名无值,docs/algorithms/CALIBRATION_ALGORITHMS.md:61 U1 亮场域 ≫ 1 ADU 而 bias/dark 中位数 ≤ 1.0 且未声明 normalized+scale ⇒ 拒；
具名,reference_flux,lib/algorithms/photometry/cpp/src/pc_api.cpp:1133,0.0,未标注,③未见于条文面,
具名,n_matched,lib/algorithms/photometry/cpp/src/pc_api.cpp:1183,.6;.6f,未标注,②条文有名无值,docs/algorithms/GATES_AND_TOLERANCES.md:62 | G-P1-WCS-CLOSURE | `median{d_i : d_i ≤ 1.0″}`（角秒；像素换算 `median_px = m
具名,out_median,lib/algorithms/photometry/cpp/src/psfsw.cpp:79,0.0,未标注,②条文有名无值,docs/algorithms/PHASE2_SAMPLER.md:98 | p2_stats_mad | :104-105 | :449-461 | 共享 MAD×1.482602218505602（out_me
具名,mx,lib/algorithms/photometry/cpp/src/psfsw.cpp:128,0.0,未标注,③未见于条文面,
具名,sxy,lib/algorithms/photometry/cpp/src/psfsw.cpp:132,0.0,未标注,③未见于条文面,
具名,valid_area_fraction,lib/algorithms/photometry/cpp/src/psfsw.cpp:162,1.0,未标注,③未见于条文面,
具名,spatial_spread_rel,lib/algorithms/photometry/cpp/src/psfsw.cpp:163,0.0,未标注,③未见于条文面,
具名,linear_trend_max_rel,lib/algorithms/photometry/cpp/src/psfsw.cpp:164,0.0,未标注,③未见于条文面,
具名,p05,lib/algorithms/photometry/cpp/src/psfsw.cpp:168,0.05,未标注,③未见于条文面,
具名,p50,lib/algorithms/photometry/cpp/src/psfsw.cpp:169,0.50,未标注,③未见于条文面,
具名,p95,lib/algorithms/photometry/cpp/src/psfsw.cpp:170,0.95,未标注,③未见于条文面,
具名,spatial_spread_rel,lib/algorithms/photometry/cpp/src/psfsw.cpp:174,0.0,未标注,③未见于条文面,
具名,trend,lib/algorithms/photometry/cpp/src/psfsw.cpp:176,0.0,未标注,②条文有名无值,docs/contracts/CONFIG_CONTRACT.md:63 | `scalar_gate.trend` | unspecified | SCI-RES-01/R-002 + 负责人批准 | 同上（`0
具名,sx,lib/algorithms/photometry/cpp/src/psfsw.cpp:179,0.0,未标注,③未见于条文面,
具名,s,lib/algorithms/photometry/cpp/src/psfsw.cpp:233,0.0,未标注,③未见于条文面,
具名,a_ref,lib/algorithms/photometry/cpp/src/psfsw.cpp:237,0.0,未标注,②条文有名无值,docs/science/PSF_SIGNAL_WEIGHT.md:55 > **Astro Celestial Sphere Database（ACSD） 实现披露（`lib/algorithms/photome
具名,num_ok,lib/algorithms/photometry/cpp/src/psfsw.cpp:261,0.0,未标注,③未见于条文面,
具名,den_ok,lib/algorithms/photometry/cpp/src/psfsw.cpp:262,0.0,未标注,③未见于条文面,
具名,dev,lib/algorithms/photometry/cpp/src/psfsw.cpp:342,0.0,未标注,③未见于条文面,
具名,worst_dev,lib/algorithms/photometry/cpp/src/psfsw.cpp:465,0.0,未标注,③未见于条文面,
具名,p05,lib/algorithms/photometry/cpp/src/psfsw.cpp:508,0.05,未标注,③未见于条文面,
具名,p95,lib/algorithms/photometry/cpp/src/psfsw.cpp:509,0.95,未标注,③未见于条文面,
具名,p50,lib/algorithms/photometry/cpp/src/psfsw.cpp:510,0.50,未标注,③未见于条文面,
具名,spread,lib/algorithms/photometry/cpp/src/psfsw.cpp:511,0.0,未标注,②条文有名无值,docs/algorithms/DRIZZLE_GEOMETRY.md:139 spread 位交织（spherical_overlap.cpp:1639-1653）；shim
具名,spread,lib/algorithms/photometry/cpp/src/psfsw.cpp:513,0.0,未标注,②条文有名无值,docs/algorithms/DRIZZLE_GEOMETRY.md:139 spread 位交织（spherical_overlap.cpp:1639-1653）；shim
具名,fit_dev,lib/algorithms/photometry/cpp/src/psfsw.cpp:517,0.0,未标注,③未见于条文面,
具名,sx,lib/algorithms/photometry/cpp/src/psfsw.cpp:519,0.0,未标注,③未见于条文面,
具名,p50,lib/algorithms/photometry/cpp/src/psfsw.cpp:534,0.50,未标注,③未见于条文面,
具名,trend,lib/algorithms/photometry/cpp/src/psfsw.cpp:535,0.0,未标注,②条文有名无值,docs/contracts/CONFIG_CONTRACT.md:63 | `scalar_gate.trend` | unspecified | SCI-RES-01/R-002 + 负责人批准 | 同上（`0
具名,sum,lib/algorithms/photometry/cpp/src/psfsw.cpp:568,0.0,未标注,③未见于条文面,
具名,range,lib/algorithms/photometry/cpp/src/psfsw.cpp:575,0.0,未标注,②条文有名无值,docs/algorithms/PHASE2_SAMPLER.md:542 range（:657-664）、pairs resize failed（lambda :721；并行 err :909-912；串行 err
具名,concentration,lib/algorithms/photometry/cpp/src/psfsw.cpp:576,0.0,未标注,②条文有名无值,docs/contracts/DATA_SEMANTICS.md:3299 ### 31.7 PSFSW 四分量与 concentration 单位唯一权威（`FZ-FIELD-PSFSW-4COMP`，FROZEN
具名,denom,lib/algorithms/photometry/cpp/src/psfsw.cpp:602,0.0,未标注,②条文有名无值,docs/algorithms/CALIBRATION_ALGORITHMS.md:269 (denom<=1e-12)、RESIDUAL_NAN、RESIDUAL_ABNORMAL(残差σ≥yσ)、
具名,acc,lib/algorithms/photometry/cpp/src/psfsw.cpp:606,0.0,未标注,③未见于条文面,
具名,v,lib/algorithms/photometry/cpp/src/psfsw.cpp:631,0.0,未标注,③未见于条文面,
具名,sw,lib/algorithms/photometry/cpp/src/spatial_gain.cpp:80,0.0,未标注,③未见于条文面,
具名,sigma_spatial_dex,lib/algorithms/photometry/cpp/src/spatial_gain.cpp:157,0.0,未标注,③未见于条文面,
具名,max_dc,lib/algorithms/photometry/cpp/src/spatial_gain.cpp:199,0.0,未标注,②条文有名无值,docs/algorithms/PHASE2_UPM_IMPL.md:127 objective += raw·huber_rho(z); max_dM/tol && max_dC/tol → break  # :85
具名,s,lib/algorithms/photometry/cpp/src/spatial_gain.cpp:207,0.0,未标注,③未见于条文面,
具名,i,lib/algorithms/photometry/cpp/src/spatial_gain.cpp:254,0.0,未标注,③未见于条文面,
具名,sigma_global_dex,lib/algorithms/photometry/cpp/src/spatial_gain.cpp:310,0.0,未标注,③未见于条文面,
具名,x_ref,lib/algorithms/photometry/cpp/src/spatial_gain.cpp:316,0.5,未标注,③未见于条文面,
具名,y_ref,lib/algorithms/photometry/cpp/src/spatial_gain.cpp:317,0.5,未标注,③未见于条文面,
具名,x_scale,lib/algorithms/photometry/cpp/src/spatial_gain.cpp:318,0.5;1.0,未标注,③未见于条文面,
具名,y_scale,lib/algorithms/photometry/cpp/src/spatial_gain.cpp:319,0.5;1.0,未标注,③未见于条文面,
具名,blocks,lib/algorithms/photometry/cpp/src/spatial_gain.cpp:431,.4f,未标注,②条文有名无值,ASTROCS_DESIGN.md:282 **两种形态互斥**：一个 JSON 可写多个数据块（`blocks[]`）；只有一块时可用平铺单块简写；同一顶层同时出现两种形态时报错。
具名,amax,lib/algorithms/photometry/cpp/src/spatial_gain.cpp:503,0.0,未标注,③未见于条文面,
具名,lm,lib/algorithms/photometry/cpp/src/spatial_gain.cpp:514,0.0,未标注,③未见于条文面,
具名,j,lib/algorithms/photometry/cpp/src/spatial_gain.cpp:546,0.0,未标注,③未见于条文面,
具名,lmin,lib/algorithms/photometry/cpp/src/spatial_gain.cpp:581,0.0,未标注,③未见于条文面,
具名,sum_v,lib/algorithms/photometry/cpp/src/spatial_gain.cpp:582,0.0,未标注,③未见于条文面,
具名,lm,lib/algorithms/photometry/cpp/src/spatial_gain.cpp:595,0.0,未标注,③未见于条文面,
具名,v,lib/algorithms/photometry/cpp/src/spatial_gain.cpp:600,0.0,未标注,③未见于条文面,
具名,var_lm,lib/algorithms/photometry/cpp/src/spatial_gain.cpp:618,0.0,未标注,③未见于条文面,
具名,noise_floor_dex,lib/algorithms/photometry/cpp/src/spatial_gain.cpp:621,0.0,未标注,③未见于条文面,
具名,noise_floor_max_dex,lib/algorithms/photometry/cpp/src/spatial_gain.cpp:622,0.0,未标注,③未见于条文面,
具名,x,lib/algorithms/photometry/cpp/src/spatial_gain.h:73,0.0,未标注,③未见于条文面,
具名,y,lib/algorithms/photometry/cpp/src/spatial_gain.h:74,0.0,未标注,③未见于条文面,
具名,r,lib/algorithms/photometry/cpp/src/spatial_gain.h:75,0.0,未标注,③未见于条文面,
具名,location_dex,lib/algorithms/photometry/cpp/src/spatial_gain.h:81,0.0,未标注,③未见于条文面,
具名,coverage_min_bbox_frac,lib/algorithms/photometry/cpp/src/spatial_gain.h:90,0.5,未标注,③未见于条文面,
具名,x_ref,lib/algorithms/photometry/cpp/src/spatial_gain.h:105,0.0;1.0,未标注,③未见于条文面,
具名,rank_rtol_eff,lib/algorithms/photometry/cpp/src/spatial_gain.h:119,0.0,未标注,③未见于条文面,
具名,kappa,lib/algorithms/photometry/cpp/src/spatial_gain.h:120,0.0,未标注,②条文有名无值,docs/ci/01_CHECKS.md:123 | CHK-SCI502-SKY-KAPPA | 科学 | 天光面 κ 专项：κ 可观测、门控 κ 取**求解矩阵**（λ=0 判红 / 生
具名,coverage_bbox_frac,lib/algorithms/photometry/cpp/src/spatial_gain.h:124,0.0,未标注,③未见于条文面,
具名,sigma_global_dex,lib/algorithms/photometry/cpp/src/spatial_gain.h:127,0.0,未标注,③未见于条文面,
具名,tukey_scale_dex,lib/algorithms/photometry/cpp/src/spatial_gain.h:128,0.0;0.6745,未标注,③未见于条文面,
具名,sigma_spatial_dex,lib/algorithms/photometry/cpp/src/spatial_gain.h:129,0.0;0.6745,未标注,③未见于条文面,
具名,field_ptp_dex,lib/algorithms/photometry/cpp/src/spatial_gain.h:130,0.0,未标注,③未见于条文面,
具名,field_rms_dex,lib/algorithms/photometry/cpp/src/spatial_gain.h:131,0.0,未标注,③未见于条文面,
具名,noise_floor_dex,lib/algorithms/photometry/cpp/src/spatial_gain.h:135,0.0,未标注,③未见于条文面,
具名,noise_floor_max_dex,lib/algorithms/photometry/cpp/src/spatial_gain.h:136,0.0,未标注,③未见于条文面,
具名,dx,lib/algorithms/photometry/cpp/src/spatial_gain.h:165,1.0,未标注,③未见于条文面,
具名,dx,lib/algorithms/photometry/cpp/src/spectrum_integrator.cpp:63,.6,未标注,③未见于条文面,
具名,h00,lib/algorithms/photometry/cpp/src/spectrum_integrator.cpp:118,1.0;2.0;3.0,未标注,③未见于条文面,
具名,h10,lib/algorithms/photometry/cpp/src/spectrum_integrator.cpp:119,1.0;2.0,未标注,③未见于条文面,
具名,h01,lib/algorithms/photometry/cpp/src/spectrum_integrator.cpp:120,-2.0;3.0,未标注,③未见于条文面,
具名,h11,lib/algorithms/photometry/cpp/src/spectrum_integrator.cpp:121,1.0,未标注,③未见于条文面,
具名,sum,lib/algorithms/photometry/cpp/src/spectrum_integrator.cpp:137,0.0,未标注,③未见于条文面,
具名,sum,lib/algorithms/photometry/cpp/src/spectrum_integrator.cpp:156,3.0,未标注,③未见于条文面,
具名,mag_factor,lib/algorithms/photometry/cpp/src/spectrum_integrator.cpp:202,-0.4;10.0,未标注,③未见于条文面,
具名,s_grid,lib/algorithms/photometry/cpp/src/spectrum_integrator.cpp:262,0.0,未标注,③未见于条文面,
具名,t_grid,lib/algorithms/photometry/cpp/src/spectrum_integrator.cpp:263,0.0,未标注,③未见于条文面,
具名,q_grid,lib/algorithms/photometry/cpp/src/spectrum_integrator.cpp:266,0.0,未标注,③未见于条文面,
具名,q,lib/algorithms/photometry/cpp/src/spectrum_integrator.cpp:272,1.0,未标注,③未见于条文面,
具名,mag_g,lib/algorithms/photometry/cpp/src/spectrum_integrator.cpp:280,.1f;.3f;.6,未标注,③未见于条文面,
具名,filter_trans,lib/algorithms/photometry/cpp/src/spectrum_integrator.cpp:339,0.0,未标注,②条文有名无值,"docs/contracts/API_CONTRACTS.csv:286 API-pc_calibrate_simple_with_gaia,pc_calibrate_simple_with_gaia,lib/al"
具名,qe_trans,lib/algorithms/photometry/cpp/src/spectrum_integrator.cpp:343,0.0,未标注,②条文有名无值,"docs/contracts/API_CONTRACTS.csv:284 API-pc_calibrate_simple,pc_calibrate_simple,lib/algorithms/photometry/"
具名,q,lib/algorithms/photometry/cpp/src/spectrum_integrator.cpp:349,1.0,未标注,③未见于条文面,
具名,mag_factor,lib/algorithms/photometry/cpp/src/spectrum_integrator.cpp:393,-0.4;10.0,未标注,③未见于条文面,
具名,mag_g,lib/algorithms/photometry/cpp/src/spectrum_integrator.cpp:406,.3f;.6,未标注,③未见于条文面,
具名,flux_min,lib/algorithms/photometry/cpp/src/spectrum_integrator.cpp:452,.4;.6,未标注,②条文有名无值,docs/algorithms/GAIA_QUERY.md:139 F(λ_j) = byte_j × flux_mul + flux_min     单位 W·m⁻²·nm⁻¹
具名,scale_factor,lib/algorithms/photometry/cpp/src/star_matcher.cpp:60,0.0,未标注,②条文有名无值,docs/contracts/PUBLIC_API.md:562 SCALE_FACTOR/SIGMA_RESIDUAL + diag 17 字段）。
具名,sigma_residual,lib/algorithms/photometry/cpp/src/star_matcher.cpp:61,0.0,未标注,②条文有名无值,"docs/algorithms/PHOTOMETRIC_FIT.md:19 F4: sigma_residual = median_i(|r_i − location|)/0.6744897501960817, r_"
具名,r_median,lib/algorithms/photometry/cpp/src/star_matcher.cpp:62,0.0,未标注,②条文有名无值,"docs/algorithms/PHOTOMETRIC_FIT.md:166 | diag 填充 | r_median/p90/max, rejected_quality | :646-668 |"
具名,match_distance_median,lib/algorithms/photometry/cpp/src/star_matcher.cpp:63,0.0,未标注,③未见于条文面,
具名,dist,lib/algorithms/photometry/cpp/src/star_matcher.cpp:329,.2f;.3f;.4,未标注,②条文有名无值,ENGINEERING_SPEC.md:263 | 8 | 注册目录名与发布/审核产物名 | 根目录名 `AstroCS.wiki/`；`dist/AstroCS-CLI-v1/…`、`A
具名,match_distance_median,lib/algorithms/photometry/cpp/src/star_matcher.cpp:354,0.5,未标注,③未见于条文面,
具名,match_distance_p90,lib/algorithms/photometry/cpp/src/star_matcher.cpp:355,0.9,未标注,③未见于条文面,
具名,median,lib/algorithms/photometry/cpp/src/star_matcher.cpp:359,.4f,未标注,②条文有名无值,ACCEPTANCE_SPEC.md:233 | 无接缝 | 帧间、块间无亮度/灰度阶跃，无重影、错位与重复星点。**可执行门槛（机器门 `CHK-L4-SEAM-FOOTPRINT`）
具名,out_scale_factor,lib/algorithms/photometry/cpp/src/star_matcher.cpp:404,1.0,未标注,②条文有名无值,"docs/contracts/API_CONTRACTS.csv:284 API-pc_calibrate_simple,pc_calibrate_simple,lib/algorithms/photometry/"
具名,out_sigma_residual,lib/algorithms/photometry/cpp/src/star_matcher.cpp:405,0.0,未标注,②条文有名无值,"docs/contracts/API_CONTRACTS.csv:284 API-pc_calibrate_simple,pc_calibrate_simple,lib/algorithms/photometry/"
具名,mag_inst,lib/algorithms/photometry/cpp/src/star_matcher.cpp:457,-2.5,未标注,③未见于条文面,
具名,scale_factor,lib/algorithms/photometry/cpp/src/star_matcher.cpp:477,1.0,未标注,①条文含值,docs/science/PHOTOMETRY.md:245 | 星等一致性后参考星 `<3` | `NO_DATA`：`fit_used=0`、`scale_factor=1.0`、`sigma_re
具名,sigma_residual,lib/algorithms/photometry/cpp/src/star_matcher.cpp:478,0.0,未标注,②条文有名无值,"docs/algorithms/PHOTOMETRIC_FIT.md:19 F4: sigma_residual = median_i(|r_i − location|)/0.6744897501960817, r_"
具名,median_delta,lib/algorithms/photometry/cpp/src/star_matcher.cpp:510,.2f;.4f,未标注,②条文有名无值,docs/algorithms/PHOTOMETRIC_FIT.md:160 | 星等预过滤 | delta−median_delta 阈值 mag_tolerance | :486-501 |
具名,scale_factor,lib/algorithms/photometry/cpp/src/star_matcher.cpp:528,1.0,未标注,①条文含值,docs/science/PHOTOMETRY.md:245 | 星等一致性后参考星 `<3` | `NO_DATA`：`fit_used=0`、`scale_factor=1.0`、`sigma_re
具名,sigma_residual,lib/algorithms/photometry/cpp/src/star_matcher.cpp:529,0.0,未标注,②条文有名无值,"docs/algorithms/PHOTOMETRIC_FIT.md:19 F4: sigma_residual = median_i(|r_i − location|)/0.6744897501960817, r_"
具名,S,lib/algorithms/photometry/cpp/src/star_matcher.cpp:545,0.0,未标注,③未见于条文面,
具名,location,lib/algorithms/photometry/cpp/src/star_matcher.cpp:546,.6f,未标注,②条文有名无值,"ASTROCS_DESIGN.md:126 - **数据形态（架构口径，勿读成""数据变成星等""）**：`k_photo = 10^{−location}`（单位 [F_syn 单位]/"
具名,sum_wr,lib/algorithms/photometry/cpp/src/star_matcher.cpp:557,0.0,未标注,③未见于条文面,
具名,w,lib/algorithms/photometry/cpp/src/star_matcher.cpp:564,0.0,未标注,③未见于条文面,
具名,tmp,lib/algorithms/photometry/cpp/src/star_matcher.cpp:566,1.0,未标注,③未见于条文面,
具名,location,lib/algorithms/photometry/cpp/src/star_matcher.cpp:579,.2;.6f,未标注,②条文有名无值,"ASTROCS_DESIGN.md:126 - **数据形态（架构口径，勿读成""数据变成星等""）**：`k_photo = 10^{−location}`（单位 [F_syn 单位]/"
具名,location,lib/algorithms/photometry/cpp/src/star_matcher.cpp:581,.6f,未标注,②条文有名无值,"ASTROCS_DESIGN.md:126 - **数据形态（架构口径，勿读成""数据变成星等""）**：`k_photo = 10^{−location}`（单位 [F_syn 单位]/"
具名,scale,lib/algorithms/photometry/cpp/src/star_matcher.cpp:589,10.0,未标注,②条文有名无值,docs/algorithms/CALIBRATION_ALGORITHMS.md:61 U1 亮场域 ≫ 1 ADU 而 bias/dark 中位数 ≤ 1.0 且未声明 normalized+scale ⇒ 拒；
具名,cS,lib/algorithms/photometry/cpp/src/star_matcher.cpp:597,0.0;1.0,未标注,③未见于条文面,
具名,u,lib/algorithms/photometry/cpp/src/star_matcher.cpp:601,0.0,未标注,③未见于条文面,
具名,sigma_residual,lib/algorithms/photometry/cpp/src/star_matcher.cpp:615,0.0,未标注,②条文有名无值,"docs/algorithms/PHOTOMETRIC_FIT.md:19 F4: sigma_residual = median_i(|r_i − location|)/0.6744897501960817, r_"
具名,sigma_residual,lib/algorithms/photometry/cpp/src/star_matcher.cpp:621,0.0,未标注,②条文有名无值,"docs/algorithms/PHOTOMETRIC_FIT.md:19 F4: sigma_residual = median_i(|r_i − location|)/0.6744897501960817, r_"
具名,scale,lib/algorithms/photometry/cpp/src/star_matcher.cpp:634,.6;.6f,未标注,②条文有名无值,docs/algorithms/CALIBRATION_ALGORITHMS.md:61 U1 亮场域 ≫ 1 ADU 而 bias/dark 中位数 ≤ 1.0 且未声明 normalized+scale ⇒ 拒；
具名,S,lib/algorithms/photometry/cpp/src/star_matcher.cpp:635,.6f,未标注,③未见于条文面,
具名,dex,lib/algorithms/photometry/cpp/src/star_matcher.cpp:639,.3f;.6f,未标注,③未见于条文面,
具名,r_median,lib/algorithms/photometry/cpp/src/star_matcher.cpp:656,0.5,未标注,②条文有名无值,"docs/algorithms/PHOTOMETRIC_FIT.md:166 | diag 填充 | r_median/p90/max, rejected_quality | :646-668 |"
具名,r_p90,lib/algorithms/photometry/cpp/src/star_matcher.cpp:657,0.9,未标注,③未见于条文面,
具名,robust_iterations,lib/algorithms/photometry/cpp/src/star_matcher.cpp:662,.6;.6f,未标注,②条文有名无值,docs/algorithms/PHOTOMETRIC_FIT.md:62 | `MAD==0`（S=0） | 跳过 IRLS 取 `location=median(r_consistent)`；`robust_it
具名,median,lib/algorithms/photometry/cpp/src/star_matcher.cpp:669,.6f,未标注,②条文有名无值,ACCEPTANCE_SPEC.md:233 | 无接缝 | 帧间、块间无亮度/灰度阶跃，无重影、错位与重复星点。**可执行门槛（机器门 `CHK-L4-SEAM-FOOTPRINT`）
具名,match_radius_px,lib/algorithms/photometry/cpp/src/star_matcher.h:71,2.0,未标注,①条文含值,docs/contracts/DATA_SEMANTICS.md:675 | match_radius_px | double | px | 合同值 2.0（DISP-PHOT-002：旧文档 3px 失实） |
具名,mag_tolerance,lib/algorithms/photometry/cpp/src/star_matcher.h:72,3.0,未标注,①条文含值,"docs/algorithms/PHOTOMETRIC_FIT.md:9 - 上游: `SCI-PHOT-001` (r=log10(F_instr/F_syn) IRLS Tukey c=4.685, mag_t"
具名,D2R,lib/algorithms/photometry/cpp/src/wcs_transform.cpp:18,180.0,未标注,③未见于条文面,
具名,det,lib/algorithms/photometry/cpp/src/wcs_transform.cpp:55,.3,未标注,③未见于条文面,
具名,CRVAL,lib/algorithms/photometry/cpp/src/wcs_transform.cpp:81,.3f;.6f,未标注,②条文有名无值,ACCEPTANCE_SPEC.md:96 | 独立 Oracle 对拍 | 每模块有不调用生产实现的独立 Oracle 或解析解；投影与 Astropy/WCSLIB 独立对拍（正反
具名,CD,lib/algorithms/photometry/cpp/src/wcs_transform.cpp:82,.3,未标注,③未见于条文面,
具名,result,lib/algorithms/photometry/cpp/src/wcs_transform.cpp:95,0.0,未标注,②条文有名无值,docs/algorithms/INTEGRATION_ALGORITHMS.md:41 来源: `integrate.cpp:10-79` `integrate.h: P2PixelStack/Result`
具名,sin_dec,lib/algorithms/photometry/cpp/src/wcs_transform.cpp:130,1.0,未标注,③未见于条文面,
具名,sin_dec,lib/algorithms/photometry/cpp/src/wcs_transform.cpp:131,-1.0,未标注,③未见于条文面,
具名,dx,lib/algorithms/photometry/cpp/src/wcs_transform.cpp:190,1.0,未标注,③未见于条文面,
具名,dy,lib/algorithms/photometry/cpp/src/wcs_transform.cpp:191,1.0,未标注,③未见于条文面,
具名,x,lib/algorithms/photometry/cpp/src/wcs_transform.cpp:257,1.0,未标注,③未见于条文面,
具名,y,lib/algorithms/photometry/cpp/src/wcs_transform.cpp:258,1.0,未标注,③未见于条文面,
具名,mag_g,lib/algorithms/photometry/cpp/test/gate4_dr3sp_gaiaxpy/fsyn_export.cpp:66,0.0,未标注,③未见于条文面,
具名,flux_min,lib/algorithms/photometry/cpp/test/gate4_dr3sp_gaiaxpy/fsyn_export.cpp:67,0.0,未标注,②条文有名无值,docs/algorithms/GAIA_QUERY.md:139 F(λ_j) = byte_j × flux_mul + flux_min     单位 W·m⁻²·nm⁻¹
具名,psf_cx,lib/algorithms/photometry/cpp/test/test_p0_pc_api_exception_barrier.cpp:67,100.0;150.0;50.0,未标注,②条文有名无值,docs/algorithms/PHOTOMETRIC_FIT.md:81 | **PSF 星表序**（`psf_cx/cy/flux/status` 的数组序） | 允许，且**它就是样本序本身**：匹配与 IRL
具名,scale,lib/algorithms/photometry/cpp/test/test_p0_pc_api_exception_barrier.cpp:78,-999.0,未标注,②条文有名无值,docs/algorithms/CALIBRATION_ALGORITHMS.md:61 U1 亮场域 ≫ 1 ADU 而 bias/dark 中位数 ≤ 1.0 且未声明 normalized+scale ⇒ 拒；
具名,ra,lib/algorithms/photometry/cpp/test/test_p0_sip_order_guard.cpp:104,0.0,未标注,③未见于条文面,
具名,ra,lib/algorithms/photometry/cpp/test/test_p0_sip_order_guard.cpp:121,-1.0;0.0,未标注,③未见于条文面,
具名,denom,lib/algorithms/photometry/cpp/test/test_spectrum_integrator.cpp:61,1.0,未标注,②条文有名无值,docs/algorithms/CALIBRATION_ALGORITHMS.md:269 (denom<=1e-12)、RESIDUAL_NAN、RESIDUAL_ABNORMAL(残差σ≥yσ)、
具名,b_max,lib/algorithms/photometry/cpp/test/test_spectrum_integrator.cpp:78,0.0,未标注,③未见于条文面,
具名,norm,lib/algorithms/photometry/cpp/test/test_spectrum_integrator.cpp:91,255.0,未标注,②条文有名无值,"docs/algorithms/CALIBRATION_ALGORITHMS.md:127 F2.2  步骤2: generate_master(norm, …, AC_COMBINE_MEAN)   # [250-251]"
具名,norm,lib/algorithms/photometry/cpp/test/test_spectrum_integrator.cpp:92,0.0,未标注,②条文有名无值,"docs/algorithms/CALIBRATION_ALGORITHMS.md:127 F2.2  步骤2: generate_master(norm, …, AC_COMBINE_MEAN)   # [250-251]"
具名,norm,lib/algorithms/photometry/cpp/test/test_spectrum_integrator.cpp:93,255.0,未标注,②条文有名无值,"docs/algorithms/CALIBRATION_ALGORITHMS.md:127 F2.2  步骤2: generate_master(norm, …, AC_COMBINE_MEAN)   # [250-251]"
具名,T,lib/algorithms/photometry/cpp/test/test_spectrum_integrator.cpp:212,.0f,未标注,③未见于条文面,
具名,median_target,lib/algorithms/photometry/include/astrocs/v6/psfsw.h:13,1.0,未标注,②条文有名无值,docs/contracts/DATA_SEMANTICS.md:3276 | 组内 median 目标 | `normalization.median_target` | `group_normalized=tru
具名,value,lib/algorithms/photometry/include/astrocs/v6/psfsw.h:104,0.0,未标注,②条文有名无值,docs/algorithms/HIPS_WRITER.md:202 - (5b) properties（write_properties :285-293 裸 `key=value\n` 直写，fopen
具名,p05,lib/algorithms/photometry/include/astrocs/v6/psfsw.h:105,0.0,未标注,③未见于条文面,
具名,valid_area_fraction,lib/algorithms/photometry/include/astrocs/v6/psfsw.h:106,1.0,未标注,③未见于条文面,
具名,spatial_spread_rel,lib/algorithms/photometry/include/astrocs/v6/psfsw.h:107,0.0,未标注,③未见于条文面,
具名,linear_trend_max_rel,lib/algorithms/photometry/include/astrocs/v6/psfsw.h:108,0.0,未标注,③未见于条文面,
具名,a_nea,lib/algorithms/photometry/include/astrocs/v6/psfsw.h:116,0.0,未标注,②条文有名无值,docs/contracts/DATA_SEMANTICS.md:3303 **`concentration` 单位以 `component_flux_unit/px^2` 为唯一权威**（`A_NEA = 1/ΣP
具名,background_robust_mean,lib/algorithms/photometry/include/astrocs/v6/psfsw.h:119,0.0,未标注,③未见于条文面,
具名,a_ref,lib/algorithms/photometry/include/astrocs/v6/psfsw.h:120,0.0,未标注,②条文有名无值,docs/science/PSF_SIGNAL_WEIGHT.md:55 > **Astro Celestial Sphere Database（ACSD） 实现披露（`lib/algorithms/photome
具名,s,lib/algorithms/photometry/include/astrocs/v6/psfsw.h:133,0.0,未标注,③未见于条文面,
具名,S_k,lib/algorithms/photometry/include/astrocs/v6/psfsw.h:137,1.482602218505602,未标注,③未见于条文面,
具名,s,lib/algorithms/photometry/include/astrocs/v6/psfsw.h:155,0.0,未标注,③未见于条文面,
具名,median_wt,lib/algorithms/photometry/include/astrocs/v6/psfsw.h:164,0.0,未标注,③未见于条文面,
具名,median_w_psfsw,lib/algorithms/photometry/include/astrocs/v6/psfsw.h:165,0.0,未标注,③未见于条文面,
具名,mag_min,lib/algorithms/photometry/include/astrocs/v6/psfsw.h:206,0.0,未标注,②条文有名无值,"docs/contracts/API_CONTRACTS.csv:286 API-pc_calibrate_simple_with_gaia,pc_calibrate_simple_with_gaia,lib/al"
具名,detection_threshold_sigma,lib/algorithms/photometry/include/astrocs/v6/psfsw.h:207,0.0,未标注,③未见于条文面,
具名,matching_radius_arcsec,lib/algorithms/photometry/include/astrocs/v6/psfsw.h:208,0.0,未标注,③未见于条文面,
具名,mag_limit,lib/algorithms/photometry/include/astrocs/v6/psfsw.h:238,0.0,未标注,③未见于条文面,
具名,span_mag,lib/algorithms/photometry/include/astrocs/v6/psfsw.h:248,0.0,未标注,③未见于条文面,
具名,max_rel_dev,lib/algorithms/photometry/include/astrocs/v6/psfsw.h:249,0.0,未标注,③未见于条文面,
具名,max_abs_rho,lib/algorithms/photometry/include/astrocs/v6/psfsw.h:250,0.0,未标注,③未见于条文面,
具名,W_,lib/algorithms/photometry/include/astrocs/v6/psfsw.h:255,0.05,未标注,③未见于条文面,
具名,W_,lib/algorithms/photometry/include/astrocs/v6/psfsw.h:256,0.8,未标注,③未见于条文面,
具名,spread,lib/algorithms/photometry/include/astrocs/v6/psfsw.h:265,0.0,未标注,②条文有名无值,docs/algorithms/DRIZZLE_GEOMETRY.md:139 spread 位交织（spherical_overlap.cpp:1639-1653）；shim
具名,trend,lib/algorithms/photometry/include/astrocs/v6/psfsw.h:266,0.0,未标注,②条文有名无值,docs/contracts/CONFIG_CONTRACT.md:63 | `scalar_gate.trend` | unspecified | SCI-RES-01/R-002 + 负责人批准 | 同上（`0
具名,range,lib/algorithms/photometry/include/astrocs/v6/psfsw.h:286,0.0,未标注,②条文有名无值,docs/algorithms/PHASE2_SAMPLER.md:542 range（:657-664）、pairs resize failed（lambda :721；并行 err :909-912；串行 err
具名,concentration,lib/algorithms/photometry/include/astrocs/v6/psfsw.h:287,0.0,未标注,②条文有名无值,docs/contracts/DATA_SEMANTICS.md:3299 ### 31.7 PSFSW 四分量与 concentration 单位唯一权威（`FZ-FIELD-PSFSW-4COMP`，FROZEN
具名,depth_max_rel_dev,lib/algorithms/photometry/include/astrocs/v6/psfsw.h:359,0.0,未标注,③未见于条文面,
具名,depth_max_abs_rho,lib/algorithms/photometry/include/astrocs/v6/psfsw.h:360,0.0,未标注,③未见于条文面,
具名,weight_value,lib/algorithms/photometry/include/astrocs/v6/psfsw.h:369,0.0,未标注,②条文有名无值,docs/contracts/PUBLIC_API.md:2194 `weight.kind` / `weight.units` / `weight.group_normalized` / `weight.n
具名,power_loss,lib/algorithms/photometry/include/astrocs/v6/psfsw.h:382,0.0,未标注,③未见于条文面,
具名,flux_bias,lib/algorithms/photometry/include/astrocs/v6/psfsw.h:383,0.0,未标注,③未见于条文面,
具名,baseline_confidence,lib/algorithms/photometry/include/astrocs/v6/psfsw.h:393,0.0,未标注,③未见于条文面,
具名,mag_max_arr,lib/algorithms/photometry/module.yaml:129,.16,未标注,①条文含值,docs/contracts/DATA_SEMANTICS.md:674 | mag_max | double | mag | 声明但被自适应 mag_max_arr{12..16} 覆盖（DISP-PHOT-00
具名,sky_sigma,lib/algorithms/photometry/wrapper_phase1/photometer.cpp:92,1.482602218505602,未标注,③未见于条文面,
具名,flux_error,lib/algorithms/photometry/wrapper_phase1/photometer.cpp:94,0.0,未标注,②条文有名无值,docs/algorithms/PHOTOMETRIC_FIT.md:210 **aperture 测光非生产符号**（lib/algorithms/photometry/wrapper_phase1/photomet
具名,snr,lib/algorithms/photometry/wrapper_phase1/photometer.cpp:95,0.0,未标注,③未见于条文面,
具名,flux,lib/algorithms/photometry/wrapper_phase1/photometer.h:15,0.0,未标注,②条文有名无值,docs/algorithms/GAIA_QUERY.md:136 float32 fluxMin @32 + float32 fluxMul @36 + uint8 flux[343] @40 + 1B 填
具名,flux_error,lib/algorithms/photometry/wrapper_phase1/photometer.h:16,0.0,未标注,②条文有名无值,docs/algorithms/PHOTOMETRIC_FIT.md:210 **aperture 测光非生产符号**（lib/algorithms/photometry/wrapper_phase1/photomet
具名,background,lib/algorithms/photometry/wrapper_phase1/photometer.h:17,0.0,未标注,②条文有名无值,"ASTROCS_DESIGN.md:260 CS --> BN[""background/noise 背景与噪声""]"
具名,snr,lib/algorithms/photometry/wrapper_phase1/photometer.h:18,0.0,未标注,③未见于条文面,
具名,aperture_radius_px,lib/algorithms/photometry/wrapper_phase1/photometer.h:26,4.0,未标注,③未见于条文面,
具名,sky_annulus_inner,lib/algorithms/photometry/wrapper_phase1/photometer.h:27,6.0,未标注,③未见于条文面,
具名,sky_annulus_outer,lib/algorithms/photometry/wrapper_phase1/photometer.h:28,10.0,未标注,③未见于条文面,
具名,angle_tol_deg,lib/algorithms/platesolve/cpp/ipv/include/ipv_angle.h:49,5.0,未标注,②条文有名无值,"docs/contracts/API_CONTRACTS.csv:290 API-angle_cyclic_verify,angle_cyclic_verify,lib/algorithms/platesolve/"
具名,k1,lib/algorithms/platesolve/cpp/ipv/include/ipv_distortion.h:27,0.0,未标注,③未见于条文面,
具名,k2,lib/algorithms/platesolve/cpp/ipv/include/ipv_distortion.h:28,0.0,未标注,③未见于条文面,
具名,fit_rms_px,lib/algorithms/platesolve/cpp/ipv/include/ipv_distortion.h:29,0.0,未标注,③未见于条文面,
具名,r_squared,lib/algorithms/platesolve/cpp/ipv/include/ipv_distortion.h:30,0.0,未标注,③未见于条文面,
具名,tau_match,lib/algorithms/platesolve/cpp/ipv/include/ipv_distortion.h:53,15.0,未标注,②条文有名无值,"docs/contracts/API_CONTRACTS.csv:304 API-estimate_radial_distortion,estimate_radial_distortion,lib/algorith"
具名,sig,lib/algorithms/platesolve/cpp/ipv/include/ipv_itertrans.h:60,68.3,未标注,③未见于条文面,
具名,tolerance_arcsec,lib/algorithms/platesolve/cpp/ipv/include/ipv_itertrans.h:99,5.0,未标注,②条文有名无值,"docs/contracts/API_CONTRACTS.csv:306 API-at_match_lists,at_match_lists,lib/algorithms/platesolve/cpp/ipv/in"
具名,tx,lib/algorithms/platesolve/cpp/ipv/include/ipv_itertrans.h:124,0.0,未标注,③未见于条文面,
具名,tolerance_arcsec,lib/algorithms/platesolve/cpp/ipv/include/ipv_itertrans.h:156,5.0,未标注,②条文有名无值,"docs/contracts/API_CONTRACTS.csv:306 API-at_match_lists,at_match_lists,lib/algorithms/platesolve/cpp/ipv/in"
具名,d_min,lib/algorithms/platesolve/cpp/ipv/include/ipv_kvector.h:34,0.0,未标注,③未见于条文面,
具名,d_max,lib/algorithms/platesolve/cpp/ipv/include/ipv_kvector.h:35,0.0,未标注,③未见于条文面,
具名,r_local,lib/algorithms/platesolve/cpp/ipv/include/ipv_polygon.h:41,0.0,未标注,②条文有名无值,"docs/algorithms/NOISE_ESTIMATION.md:38 mask 逐星半径 r_i=clip(r_local(F_i,FWHM_i,k·σ_bg), r_min, rmax)，再按天空预算收缩"
具名,fov_diag,lib/algorithms/platesolve/cpp/ipv/include/ipv_polygon.h:42,0.0,未标注,②条文有名无值,"docs/contracts/API_CONTRACTS.csv:316 API-build_hex_descriptor,build_hex_descriptor,lib/algorithms/platesolv"
具名,tukey_c,lib/algorithms/platesolve/cpp/ipv/include/ipv_robust_refine.h:49,4.685,未标注,③未见于条文面,
具名,converge_rms_rel,lib/algorithms/platesolve/cpp/ipv/include/ipv_robust_refine.h:51,0.001;0.1,未标注,③未见于条文面,
具名,cd_free_threshold,lib/algorithms/platesolve/cpp/ipv/include/ipv_robust_refine.h:54,0.01,未标注,③未见于条文面,
具名,cd_freeze_threshold,lib/algorithms/platesolve/cpp/ipv/include/ipv_robust_refine.h:55,0.03,未标注,③未见于条文面,
具名,tol_factor_init,lib/algorithms/platesolve/cpp/ipv/include/ipv_robust_refine.h:60,2.0,未标注,③未见于条文面,
具名,tol_factor_mid,lib/algorithms/platesolve/cpp/ipv/include/ipv_robust_refine.h:61,1.5,未标注,③未见于条文面,
具名,tol_factor_final,lib/algorithms/platesolve/cpp/ipv/include/ipv_robust_refine.h:62,1.0,未标注,③未见于条文面,
具名,tol_floor_init,lib/algorithms/platesolve/cpp/ipv/include/ipv_robust_refine.h:63,1.0,未标注,③未见于条文面,
具名,tol_floor_mid,lib/algorithms/platesolve/cpp/ipv/include/ipv_robust_refine.h:64,0.5,未标注,③未见于条文面,
具名,tol_floor_final,lib/algorithms/platesolve/cpp/ipv/include/ipv_robust_refine.h:65,0.3,未标注,③未见于条文面,
具名,lowe_ratio,lib/algorithms/platesolve/cpp/ipv/include/ipv_robust_refine.h:69,0.75,未标注,③未见于条文面,
具名,lowe_abs_threshold,lib/algorithms/platesolve/cpp/ipv/include/ipv_robust_refine.h:70,0.5,未标注,③未见于条文面,
具名,spatial_consistency_sigma,lib/algorithms/platesolve/cpp/ipv/include/ipv_robust_refine.h:71,3.0,未标注,③未见于条文面,
具名,spatial_weight_factor,lib/algorithms/platesolve/cpp/ipv/include/ipv_robust_refine.h:72,0.1,未标注,③未见于条文面,
具名,diverge_rms_increase,lib/algorithms/platesolve/cpp/ipv/include/ipv_robust_refine.h:74,0.10,未标注,③未见于条文面,
具名,diverge_match_drop,lib/algorithms/platesolve/cpp/ipv/include/ipv_robust_refine.h:75,0.50,未标注,③未见于条文面,
具名,final_rms_tolerance,lib/algorithms/platesolve/cpp/ipv/include/ipv_robust_refine.h:76,1.5,未标注,③未见于条文面,
具名,m_lim_final,lib/algorithms/platesolve/cpp/ipv/include/ipv_select.h:84,0.0,未标注,③未见于条文面,
具名,n_target_eff,lib/algorithms/platesolve/cpp/ipv/include/ipv_select.h:88,0.0,未标注,③未见于条文面,
具名,alpha_final,lib/algorithms/platesolve/cpp/ipv/include/ipv_select.h:93,0.0,未标注,③未见于条文面,
具名,m_sweep_first,lib/algorithms/platesolve/cpp/ipv/include/ipv_select.h:97,0.0,未标注,②条文有名无值,"docs/algorithms/PLATESOLVE.md:113 `[m_sweep_first, m_sweep_last]`、空结果次数 `n_zero_queries`、是否空扫描 `empty_sw"
具名,m_sweep_last,lib/algorithms/platesolve/cpp/ipv/include/ipv_select.h:98,0.0,未标注,②条文有名无值,"docs/algorithms/PLATESOLVE.md:113 `[m_sweep_first, m_sweep_last]`、空结果次数 `n_zero_queries`、是否空扫描 `empty_sw"
具名,ra0,lib/algorithms/platesolve/cpp/ipv/include/ipv_solver.h:19,0.0,未标注,③未见于条文面,
具名,dec0,lib/algorithms/platesolve/cpp/ipv/include/ipv_solver.h:20,0.0,未标注,②条文有名无值,docs/algorithms/PHASE3_PROJ_IMPL.md:556 容差 ≤1e-8 deg（实测 ≤6.854e-13°），**必须含 dec0≠0 用例**（CRVAL2 只在
具名,convergence,lib/algorithms/platesolve/cpp/ipv/include/ipv_solver.h:23,0.0,未标注,②条文有名无值,docs/contracts/DATA_SEMANTICS.md:3376 `FZ-UNIT-SIGNAL-SB`、`FZ-UNIT-WINFO`、`FZ-UPM-CONVERGENCE`
具名,s0,lib/algorithms/platesolve/cpp/ipv/include/ipv_solver.h:125,0.0,未标注,③未见于条文面,
具名,ra0,lib/algorithms/platesolve/cpp/ipv/include/ipv_solver.h:126,0.0,未标注,③未见于条文面,
具名,dec0,lib/algorithms/platesolve/cpp/ipv/include/ipv_solver.h:127,0.0,未标注,②条文有名无值,docs/algorithms/PHASE3_PROJ_IMPL.md:556 容差 ≤1e-8 deg（实测 ≤6.854e-13°），**必须含 dec0≠0 用例**（CRVAL2 只在
具名,tolerance,lib/algorithms/platesolve/cpp/ipv/include/ipv_triangle.h:88,0.001;0.002,未标注,②条文有名无值,docs/algorithms/ACR_EQUIVALENCE.md:34 assert split科学输出 ≡ cpu_only(inv) within tolerance
具名,s0,lib/algorithms/platesolve/cpp/ipv/include/ipv_triangle.h:89,0.0,未标注,③未见于条文面,
具名,sigma_d_arcsec,lib/algorithms/platesolve/cpp/ipv/include/ipv_types.h:235,0.0,未标注,③未见于条文面,
具名,ransac_inlier_threshold_arcsec,lib/algorithms/platesolve/cpp/ipv/include/ipv_types.h:240,3.0,未标注,③未见于条文面,
具名,good_rms_threshold,lib/algorithms/platesolve/cpp/ipv/include/ipv_types.h:241,1.5,未标注,③未见于条文面,
具名,s_min,lib/algorithms/platesolve/cpp/ipv/include/ipv_types.h:242,0.90,未标注,②条文有名无值,docs/science/PSF.md:21 | `e` | 离心率 `√(1−(s_min/s_max)²)` | 椭率 |
具名,s_max,lib/algorithms/platesolve/cpp/ipv/include/ipv_types.h:243,1.10,未标注,②条文有名无值,docs/science/PSF.md:21 | `e` | 离心率 `√(1−(s_min/s_max)²)` | 椭率 |
具名,gaia_density_ratio,lib/algorithms/platesolve/cpp/ipv/include/ipv_types.h:250,1.5,未标注,②条文有名无值,"docs/contracts/API_CONTRACTS.csv:328 API-compute_fov_density,compute_fov_density,lib/algorithms/platesolve/"
具名,gaia_query_radius_factor,lib/algorithms/platesolve/cpp/ipv/include/ipv_types.h:251,0.55,未标注,②条文有名无值,"docs/contracts/API_CONTRACTS.csv:328 API-compute_fov_density,compute_fov_density,lib/algorithms/platesolve/"
具名,m_lim_alpha_prior,lib/algorithms/platesolve/cpp/ipv/include/ipv_types.h:260,0.2885,未标注,③未见于条文面,
具名,m_lim_alpha_max,lib/algorithms/platesolve/cpp/ipv/include/ipv_types.h:262,100.0,未标注,③未见于条文面,
具名,m_lim_safety,lib/algorithms/platesolve/cpp/ipv/include/ipv_types.h:265,3.0,未标注,③未见于条文面,
具名,m_lim_m0_exposure_s,lib/algorithms/platesolve/cpp/ipv/include/ipv_types.h:268,180.0,未标注,③未见于条文面,
具名,m_lim_m0_offset,lib/algorithms/platesolve/cpp/ipv/include/ipv_types.h:269,-4.0,未标注,③未见于条文面,
具名,m_lim_clamp_lo,lib/algorithms/platesolve/cpp/ipv/include/ipv_types.h:270,6.0,未标注,③未见于条文面,
具名,m_lim_clamp_hi,lib/algorithms/platesolve/cpp/ipv/include/ipv_types.h:271,22.0,未标注,③未见于条文面,
具名,m_lim_zero_step,lib/algorithms/platesolve/cpp/ipv/include/ipv_types.h:272,3.0,未标注,②条文有名无值,docs/algorithms/PLATESOLVE.md:108 空结果的处置 = 按 `m_lim_zero_step` 向更暗步进并重试，直至查询次数上界。
具名,m_lim_gaia_cap_per_file,lib/algorithms/platesolve/cpp/ipv/include/ipv_types.h:276,200000.0,未标注,③未见于条文面,
具名,density_tolerance,lib/algorithms/platesolve/cpp/ipv/include/ipv_types.h:278,0.1,未标注,③未见于条文面,
具名,r,lib/algorithms/platesolve/cpp/ipv/src/ipv_angle.cpp:56,3.14159265358979323846,未标注,③未见于条文面,
具名,sum_sin,lib/algorithms/platesolve/cpp/ipv/src/ipv_angle.cpp:71,0.0,未标注,③未见于条文面,
具名,ang2,lib/algorithms/platesolve/cpp/ipv/src/ipv_angle.cpp:75,2.0,未标注,③未见于条文面,
具名,circular_std_rad,lib/algorithms/platesolve/cpp/ipv/src/ipv_angle.cpp:82,-2.0,未标注,③未见于条文面,
具名,circular_std_rad,lib/algorithms/platesolve/cpp/ipv/src/ipv_angle.cpp:85,3.14159265358979323846,未标注,③未见于条文面,
具名,circular_mean_rad,lib/algorithms/platesolve/cpp/ipv/src/ipv_angle.cpp:93,2.0,未标注,③未见于条文面,
具名,thresh,lib/algorithms/platesolve/cpp/ipv/src/ipv_angle.cpp:167,3.0,未标注,②条文有名无值,docs/contracts/DATA_SEMANTICS.md:3346 `CF-T-CONST-SB-TOL`、`FZ-AP1-DEFICIT-THRESH`、`FZ-AP2PT-CORR-RATIO-MIN`、
具名,consistency,lib/algorithms/platesolve/cpp/ipv/src/ipv_angle.cpp:192,1.0,未标注,②条文有名无值,ACCEPTANCE_SPEC.md:125 | **逐层口径一致（机器化）** | `CHK-HIPS-STORAGE-FORM --doc-consistency`：每层文档必须出现
具名,consistency,lib/algorithms/platesolve/cpp/ipv/src/ipv_angle.cpp:193,0.0,未标注,②条文有名无值,ACCEPTANCE_SPEC.md:125 | **逐层口径一致（机器化）** | `CHK-HIPS-STORAGE-FORM --doc-consistency`：每层文档必须出现
具名,consistency,lib/algorithms/platesolve/cpp/ipv/src/ipv_angle.cpp:194,1.0,未标注,②条文有名无值,ACCEPTANCE_SPEC.md:125 | **逐层口径一致（机器化）** | `CHK-HIPS-STORAGE-FORM --doc-consistency`：每层文档必须出现
具名,half_w,lib/algorithms/platesolve/cpp/ipv/src/ipv_distortion.cpp:31,2.0,未标注,③未见于条文面,
具名,half_h,lib/algorithms/platesolve/cpp/ipv/src/ipv_distortion.cpp:32,2.0,未标注,③未见于条文面,
具名,delta_mad,lib/algorithms/platesolve/cpp/ipv/src/ipv_distortion.cpp:151,1.482602218505602,未标注,③未见于条文面,
具名,delta_mad,lib/algorithms/platesolve/cpp/ipv/src/ipv_distortion.cpp:152,1.0,未标注,③未见于条文面,
具名,raw_mean,lib/algorithms/platesolve/cpp/ipv/src/ipv_distortion.cpp:184,0.0,未标注,③未见于条文面,
具名,raw_var,lib/algorithms/platesolve/cpp/ipv/src/ipv_distortion.cpp:187,0.0,未标注,③未见于条文面,
具名,k1,lib/algorithms/platesolve/cpp/ipv/src/ipv_distortion.cpp:202,0.0,未标注,③未见于条文面,
具名,mad,lib/algorithms/platesolve/cpp/ipv/src/ipv_distortion.cpp:220,1.482602218505602,未标注,③未见于条文面,
具名,mad,lib/algorithms/platesolve/cpp/ipv/src/ipv_distortion.cpp:221,1.0,未标注,③未见于条文面,
具名,delta,lib/algorithms/platesolve/cpp/ipv/src/ipv_distortion.cpp:222,1.345,未标注,①条文含值,docs/algorithms/PLATESOLVE.md:197 `ipv_sip.cpp:242`：`delta = 1.345 × median_abs_r`。
具名,w,lib/algorithms/platesolve/cpp/ipv/src/ipv_distortion.cpp:228,1.0,未标注,③未见于条文面,
具名,k1,lib/algorithms/platesolve/cpp/ipv/src/ipv_distortion.cpp:268,.6f,未标注,③未见于条文面,
具名,sum_sq_res,lib/algorithms/platesolve/cpp/ipv/src/ipv_distortion.cpp:271,0.0,未标注,③未见于条文面,
具名,r_squared,lib/algorithms/platesolve/cpp/ipv/src/ipv_distortion.cpp:281,0.0;1.0,未标注,③未见于条文面,
具名,R²,lib/algorithms/platesolve/cpp/ipv/src/ipv_distortion.cpp:287,.3f,未标注,③未见于条文面,
具名,k2,lib/algorithms/platesolve/cpp/ipv/src/ipv_distortion.cpp:304,0.0,未标注,③未见于条文面,
具名,sum_sq_res_single,lib/algorithms/platesolve/cpp/ipv/src/ipv_distortion.cpp:306,0.0,未标注,③未见于条文面,
具名,k2,lib/algorithms/platesolve/cpp/ipv/src/ipv_distortion.cpp:315,.3f;.6f,未标注,③未见于条文面,
具名,valid,lib/algorithms/platesolve/cpp/ipv/src/ipv_distortion.cpp:324,0.1;5.0,未标注,②条文有名无值,docs/algorithms/COSMETIC_ALGORITHMS.md:222 （no fabrication of valid coverage：不做假修复；检测生效需接线母版）。
具名,k1,lib/algorithms/platesolve/cpp/ipv/src/ipv_distortion.cpp:327,.3f;.4f,未标注,③未见于条文面,
具名,k1,lib/algorithms/platesolve/cpp/ipv/src/ipv_distortion.cpp:366,.4f,未标注,③未见于条文面,
具名,index,lib/algorithms/platesolve/cpp/ipv/src/ipv_itertrans.cpp:80,0.5,未标注,①条文含值,docs/algorithms/GATES_AND_TOLERANCES.md:71 | G-P1-CENTROID-BRANCH-ORDER | `star_measurements` 写端契约：PSF 支路**恒等**（d
具名,v,lib/algorithms/platesolve/cpp/ipv/src/ipv_itertrans.cpp:155,1.0,未标注,③未见于条文面,
具名,mean,lib/algorithms/platesolve/cpp/ipv/src/ipv_itertrans.cpp:279,0.0,未标注,②条文有名无值,docs/algorithms/CALIBRATION_ALGORITHMS.md:114 源码锚: `master_generator.cpp:178-295`。无 combine 参数，合并固定 mean
具名,var,lib/algorithms/platesolve/cpp/ipv/src/ipv_itertrans.cpp:283,0.0,未标注,③未见于条文面,
具名,clipped_sum,lib/algorithms/platesolve/cpp/ipv/src/ipv_itertrans.cpp:294,0.0,未标注,③未见于条文面,
具名,clipped_var,lib/algorithms/platesolve/cpp/ipv/src/ipv_itertrans.cpp:305,0.0,未标注,③未见于条文面,
具名,x00,lib/algorithms/platesolve/cpp/ipv/src/ipv_itertrans.cpp:407,.4f;.6f,未标注,③未见于条文面,
具名,u,lib/algorithms/platesolve/cpp/ipv/src/ipv_itertrans.cpp:417,.2f,未标注,③未见于条文面,
具名,pred,lib/algorithms/platesolve/cpp/ipv/src/ipv_itertrans.cpp:418,.2f;.4f,未标注,③未见于条文面,
具名,nr,lib/algorithms/platesolve/cpp/ipv/src/ipv_itertrans.cpp:431,4.23,未标注,③未见于条文面,
具名,tol,lib/algorithms/platesolve/cpp/ipv/src/ipv_itertrans.cpp:514,.2f;4.28,未标注,③未见于条文面,
具名,sigma,lib/algorithms/platesolve/cpp/ipv/src/ipv_itertrans.cpp:528,0.0,未标注,②条文有名无值,docs/algorithms/CALIBRATION_ALGORITHMS.md:22 - 负责: master bias/dark/flat 生成（sigma-clip 合并）、单帧校准算术、
具名,tol,lib/algorithms/platesolve/cpp/ipv/src/ipv_itertrans.cpp:543,.2f;.6f;4.28,未标注,③未见于条文面,
具名,nr,lib/algorithms/platesolve/cpp/ipv/src/ipv_itertrans.cpp:571,.6f,未标注,③未见于条文面,
具名,sum_d2,lib/algorithms/platesolve/cpp/ipv/src/ipv_itertrans.cpp:605,0.0,未标注,③未见于条文面,
具名,sig,lib/algorithms/platesolve/cpp/ipv/src/ipv_itertrans.cpp:637,0.0,未标注,③未见于条文面,
具名,rms,lib/algorithms/platesolve/cpp/ipv/src/ipv_itertrans.cpp:649,0.0,未标注,③未见于条文面,
具名,nr,lib/algorithms/platesolve/cpp/ipv/src/ipv_itertrans.cpp:654,.4f,未标注,③未见于条文面,
具名,best_d2,lib/algorithms/platesolve/cpp/ipv/src/ipv_itertrans.cpp:710,-1.0,未标注,③未见于条文面,
具名,best_d2,lib/algorithms/platesolve/cpp/ipv/src/ipv_itertrans.cpp:733,-1.0,未标注,③未见于条文面,
具名,U,lib/algorithms/platesolve/cpp/ipv/src/ipv_itertrans.cpp:779,.2f,未标注,③未见于条文面,
具名,sum_d2,lib/algorithms/platesolve/cpp/ipv/src/ipv_itertrans.cpp:831,0.0,未标注,③未见于条文面,
具名,sig,lib/algorithms/platesolve/cpp/ipv/src/ipv_itertrans.cpp:864,0.0,未标注,③未见于条文面,
具名,sx,lib/algorithms/platesolve/cpp/ipv/src/ipv_itertrans.cpp:867,3.0,未标注,③未见于条文面,
具名,sy,lib/algorithms/platesolve/cpp/ipv/src/ipv_itertrans.cpp:868,3.0,未标注,③未见于条文面,
具名,clip_thresh,lib/algorithms/platesolve/cpp/ipv/src/ipv_itertrans.cpp:874,3.0,未标注,③未见于条文面,
具名,thresh,lib/algorithms/platesolve/cpp/ipv/src/ipv_itertrans.cpp:887,.3f,未标注,②条文有名无值,docs/contracts/DATA_SEMANTICS.md:3346 `CF-T-CONST-SB-TOL`、`FZ-AP1-DEFICIT-THRESH`、`FZ-AP2PT-CORR-RATIO-MIN`、
具名,sum_d2_2,lib/algorithms/platesolve/cpp/ipv/src/ipv_itertrans.cpp:900,0.0,未标注,③未见于条文面,
具名,sig,lib/algorithms/platesolve/cpp/ipv/src/ipv_itertrans.cpp:924,0.0,未标注,③未见于条文面,
具名,sx,lib/algorithms/platesolve/cpp/ipv/src/ipv_itertrans.cpp:925,3.0,未标注,③未见于条文面,
具名,sy,lib/algorithms/platesolve/cpp/ipv/src/ipv_itertrans.cpp:926,3.0,未标注,③未见于条文面,
具名,rms,lib/algorithms/platesolve/cpp/ipv/src/ipv_itertrans.cpp:934,0.0,未标注,③未见于条文面,
具名,n,lib/algorithms/platesolve/cpp/ipv/src/ipv_itertrans.cpp:938,.4f,未标注,③未见于条文面,
具名,rms,lib/algorithms/platesolve/cpp/ipv/src/ipv_itertrans.cpp:953,0.0,未标注,③未见于条文面,
具名,n,lib/algorithms/platesolve/cpp/ipv/src/ipv_itertrans.cpp:959,.4f,未标注,③未见于条文面,
具名,U,lib/algorithms/platesolve/cpp/ipv/src/ipv_itertrans.cpp:985,.2f,未标注,③未见于条文面,
具名,inliers,lib/algorithms/platesolve/cpp/ipv/src/ipv_itertrans.cpp:1009,.4f,未标注,②条文有名无值,docs/algorithms/PHOTOMETRIC_FIT.md:165 | inliers/sigma_residual | `|u|<1`; median(|r−location|)/0.67448975019
具名,inliers,lib/algorithms/platesolve/cpp/ipv/src/ipv_itertrans.cpp:1029,.4f,未标注,②条文有名无值,docs/algorithms/PHOTOMETRIC_FIT.md:165 | inliers/sigma_residual | `|u|<1`; median(|r−location|)/0.67448975019
具名,inliers,lib/algorithms/platesolve/cpp/ipv/src/ipv_itertrans.cpp:1038,.4f,未标注,②条文有名无值,docs/algorithms/PHOTOMETRIC_FIT.md:165 | inliers/sigma_residual | `|u|<1`; median(|r−location|)/0.67448975019
具名,inliers,lib/algorithms/platesolve/cpp/ipv/src/ipv_itertrans.cpp:1052,.4f,未标注,②条文有名无值,docs/algorithms/PHOTOMETRIC_FIT.md:165 | inliers/sigma_residual | `|u|<1`; median(|r−location|)/0.67448975019
具名,min_selected_dist,lib/algorithms/platesolve/cpp/ipv/src/ipv_polygon.cpp:115,0.0,未标注,③未见于条文面,
具名,tol,lib/algorithms/platesolve/cpp/ipv/src/ipv_polygon.cpp:215,3.0,未标注,③未见于条文面,
具名,d_lo,lib/algorithms/platesolve/cpp/ipv/src/ipv_polygon.cpp:224,0.0,未标注,②条文有名无值,"docs/contracts/API_CONTRACTS.csv:311 API-kvector_query,kvector_query,lib/algorithms/platesolve/cpp/ipv/incl"
具名,tol,lib/algorithms/platesolve/cpp/ipv/src/ipv_polygon.cpp:277,3.0,未标注,③未见于条文面,
具名,d_ref_w,lib/algorithms/platesolve/cpp/ipv/src/ipv_polygon.cpp:291,0.0,未标注,③未见于条文面,
具名,d_lo,lib/algorithms/platesolve/cpp/ipv/src/ipv_polygon.cpp:315,0.0,未标注,②条文有名无值,"docs/contracts/API_CONTRACTS.csv:311 API-kvector_query,kvector_query,lib/algorithms/platesolve/cpp/ipv/incl"
具名,max_vote,lib/algorithms/platesolve/cpp/ipv/src/ipv_polygon.cpp:355,0.0,未标注,③未见于条文面,
具名,N_U,lib/algorithms/platesolve/cpp/ipv/src/ipv_polygon.cpp:368,.3f,未标注,③未见于条文面,
具名,hex,lib/algorithms/platesolve/cpp/ipv/src/ipv_polygon.cpp:376,0.0,未标注,③未见于条文面,
具名,max_v,lib/algorithms/platesolve/cpp/ipv/src/ipv_polygon.cpp:418,0.0,未标注,③未见于条文面,
具名,success,lib/algorithms/platesolve/cpp/ipv/src/ipv_polygon.cpp:423,0.0,未标注,②条文有名无值,docs/algorithms/PLATESOLVE.md:155 - **失败面**：`success == 0` 时 `error_msg` **必须**非空；错误串的内容**必须**点名失败面
具名,n_passed,lib/algorithms/platesolve/cpp/ipv/src/ipv_polygon.cpp:426,.2f,未标注,③未见于条文面,
具名,max_vote,lib/algorithms/platesolve/cpp/ipv/src/ipv_polygon.cpp:462,0.0,未标注,③未见于条文面,
具名,r_local,lib/algorithms/platesolve/cpp/ipv/src/ipv_polygon.cpp:476,0.15,未标注,②条文有名无值,"docs/algorithms/NOISE_ESTIMATION.md:38 mask 逐星半径 r_i=clip(r_local(F_i,FWHM_i,k·σ_bg), r_min, rmax)，再按天空预算收缩"
具名,sigma_d,lib/algorithms/platesolve/cpp/ipv/src/ipv_polygon.cpp:479,.1f;.2f;.3f,未标注,②条文有名无值,"docs/contracts/API_CONTRACTS.csv:317 API-collect_candidates,collect_candidates,lib/algorithms/platesolve/cp"
具名,max_v,lib/algorithms/platesolve/cpp/ipv/src/ipv_polygon.cpp:535,0.0,未标注,③未见于条文面,
具名,max_v,lib/algorithms/platesolve/cpp/ipv/src/ipv_polygon.cpp:589,0.0,未标注,③未见于条文面,
具名,success,lib/algorithms/platesolve/cpp/ipv/src/ipv_polygon.cpp:594,0.0,未标注,②条文有名无值,docs/algorithms/PLATESOLVE.md:155 - **失败面**：`success == 0` 时 `error_msg` **必须**非空；错误串的内容**必须**点名失败面
具名,max_vote,lib/algorithms/platesolve/cpp/ipv/src/ipv_polygon.cpp:598,.2f,未标注,③未见于条文面,
具名,is_wide_fov,lib/algorithms/platesolve/cpp/ipv/src/ipv_polygon.cpp:634,3.0;3600.0,未标注,③未见于条文面,
具名,sigma_d_default,lib/algorithms/platesolve/cpp/ipv/src/ipv_polygon.cpp:647,3.0,未标注,③未见于条文面,
具名,tol,lib/algorithms/platesolve/cpp/ipv/src/ipv_polygon.cpp:651,3.0,未标注,③未见于条文面,
具名,tol,lib/algorithms/platesolve/cpp/ipv/src/ipv_polygon.cpp:653,2.0;6.0,未标注,③未见于条文面,
具名,d_lo_win,lib/algorithms/platesolve/cpp/ipv/src/ipv_polygon.cpp:660,0.1,未标注,③未见于条文面,
具名,d_hi_win,lib/algorithms/platesolve/cpp/ipv/src/ipv_polygon.cpp:661,0.9,未标注,③未见于条文面,
具名,q_lo,lib/algorithms/platesolve/cpp/ipv/src/ipv_polygon.cpp:682,0.0,未标注,③未见于条文面,
具名,N_U,lib/algorithms/platesolve/cpp/ipv/src/ipv_polygon.cpp:704,.2f,未标注,③未见于条文面,
具名,second_vote,lib/algorithms/platesolve/cpp/ipv/src/ipv_polygon.cpp:767,0.0,未标注,③未见于条文面,
具名,confidence,lib/algorithms/platesolve/cpp/ipv/src/ipv_polygon.cpp:768,1.0,未标注,③未见于条文面,
具名,secondary_threshold,lib/algorithms/platesolve/cpp/ipv/src/ipv_polygon.cpp:778,2.0,未标注,③未见于条文面,
具名,conf_k,lib/algorithms/platesolve/cpp/ipv/src/ipv_polygon.cpp:783,1.0,未标注,③未见于条文面,
具名,disc,lib/algorithms/platesolve/cpp/ipv/src/ipv_ransac.cpp:74,4.0,未标注,③未见于条文面,
具名,lam0,lib/algorithms/platesolve/cpp/ipv/src/ipv_ransac.cpp:75,2.0,未标注,③未见于条文面,
具名,lam1,lib/algorithms/platesolve/cpp/ipv/src/ipv_ransac.cpp:76,2.0,未标注,③未见于条文面,
具名,v0x,lib/algorithms/platesolve/cpp/ipv/src/ipv_ransac.cpp:89,0.0;1.0,未标注,③未见于条文面,
具名,v0x,lib/algorithms/platesolve/cpp/ipv/src/ipv_ransac.cpp:90,0.0;1.0,未标注,③未见于条文面,
具名,v0x,lib/algorithms/platesolve/cpp/ipv/src/ipv_ransac.cpp:93,0.0;1.0,未标注,③未见于条文面,
具名,result,lib/algorithms/platesolve/cpp/ipv/src/ipv_ransac.cpp:136,0.0;1.0,未标注,②条文有名无值,docs/algorithms/INTEGRATION_ALGORITHMS.md:41 来源: `integrate.cpp:10-79` `integrate.h: P2PixelStack/Result`
具名,result,lib/algorithms/platesolve/cpp/ipv/src/ipv_ransac.cpp:198,0.0;1.0,未标注,②条文有名无值,docs/algorithms/INTEGRATION_ALGORITHMS.md:41 来源: `integrate.cpp:10-79` `integrate.h: P2PixelStack/Result`
具名,mu_Ux,lib/algorithms/platesolve/cpp/ipv/src/ipv_ransac.cpp:207,0.0,未标注,③未见于条文面,
具名,mu_Wx,lib/algorithms/platesolve/cpp/ipv/src/ipv_ransac.cpp:208,0.0,未标注,③未见于条文面,
具名,var_U,lib/algorithms/platesolve/cpp/ipv/src/ipv_ransac.cpp:220,0.0,未标注,③未见于条文面,
具名,n,lib/algorithms/platesolve/cpp/ipv/src/ipv_ransac.cpp:288,.4f;.6f,未标注,③未见于条文面,
具名,transform,lib/algorithms/platesolve/cpp/ipv/src/ipv_ransac.cpp:318,0.0;1.0,未标注,②条文有名无值,"docs/contracts/API_CONTRACTS.csv:356 API-build_wcs,build_wcs,lib/algorithms/platesolve/cpp/ipv/include/ipv_"
具名,score,lib/algorithms/platesolve/cpp/ipv/src/ipv_ransac.cpp:322,0.0,未标注,②条文有名无值,docs/design/PHASE2_DETAILED_DESIGN.md:94 - detection statistic / score map；
具名,M,lib/algorithms/platesolve/cpp/ipv/src/ipv_ransac.cpp:331,.2f;.3f,未标注,③未见于条文面,
具名,tau_tight,lib/algorithms/platesolve/cpp/ipv/src/ipv_ransac.cpp:342,0.5;1.5,未标注,③未见于条文面,
具名,tau_wide,lib/algorithms/platesolve/cpp/ipv/src/ipv_ransac.cpp:343,.2f,未标注,③未见于条文面,
具名,best_transform,lib/algorithms/platesolve/cpp/ipv/src/ipv_ransac.cpp:362,0.0;1.0,未标注,③未见于条文面,
具名,s,lib/algorithms/platesolve/cpp/ipv/src/ipv_ransac.cpp:409,.1f;.2f;.4f,未标注,③未见于条文面,
具名,sum_sq,lib/algorithms/platesolve/cpp/ipv/src/ipv_ransac.cpp:436,0.0,未标注,③未见于条文面,
具名,tight_sum_sq,lib/algorithms/platesolve/cpp/ipv/src/ipv_ransac.cpp:459,0.0,未标注,③未见于条文面,
具名,s,lib/algorithms/platesolve/cpp/ipv/src/ipv_ransac.cpp:482,.4f,未标注,③未见于条文面,
具名,n_inliers,lib/algorithms/platesolve/cpp/ipv/src/ipv_ransac.cpp:488,.2f;.4f,未标注,③未见于条文面,
具名,sum_sq,lib/algorithms/platesolve/cpp/ipv/src/ipv_ransac.cpp:530,0.0,未标注,③未见于条文面,
具名,tight_sum_sq,lib/algorithms/platesolve/cpp/ipv/src/ipv_ransac.cpp:552,0.0,未标注,③未见于条文面,
具名,s,lib/algorithms/platesolve/cpp/ipv/src/ipv_ransac.cpp:575,.4f,未标注,③未见于条文面,
具名,n_inliers,lib/algorithms/platesolve/cpp/ipv/src/ipv_ransac.cpp:581,.2f;.4f,未标注,③未见于条文面,
具名,sum_sq,lib/algorithms/platesolve/cpp/ipv/src/ipv_ransac.cpp:640,0.0,未标注,③未见于条文面,
具名,tight_sum_sq,lib/algorithms/platesolve/cpp/ipv/src/ipv_ransac.cpp:662,0.0,未标注,③未见于条文面,
具名,iter,lib/algorithms/platesolve/cpp/ipv/src/ipv_ransac.cpp:688,.4f,未标注,②条文有名无值,docs/algorithms/CALIBRATION_ALGORITHMS.md:83 F1.3  sigma-clip 迭代 iter=0..max_iter-1 [104-133]:
具名,n_inliers,lib/algorithms/platesolve/cpp/ipv/src/ipv_ransac.cpp:715,.2f;.4f,未标注,③未见于条文面,
具名,n_iter,lib/algorithms/platesolve/cpp/ipv/src/ipv_ransac.cpp:723,.4f,未标注,③未见于条文面,
具名,sum_sq,lib/algorithms/platesolve/cpp/ipv/src/ipv_ransac.cpp:733,0.0,未标注,③未见于条文面,
具名,s,lib/algorithms/platesolve/cpp/ipv/src/ipv_ransac.cpp:745,.4f;.6f,未标注,③未见于条文面,
具名,score,lib/algorithms/platesolve/cpp/ipv/src/ipv_ransac.cpp:757,1.0,未标注,②条文有名无值,docs/design/PHASE2_DETAILED_DESIGN.md:94 - detection statistic / score map；
具名,success,lib/algorithms/platesolve/cpp/ipv/src/ipv_ransac.cpp:758,5.0,未标注,②条文有名无值,docs/algorithms/PLATESOLVE.md:155 - **失败面**：`success == 0` 时 `error_msg` **必须**非空；错误串的内容**必须**点名失败面
具名,n_inliers,lib/algorithms/platesolve/cpp/ipv/src/ipv_ransac.cpp:761,.4f,未标注,③未见于条文面,
具名,N_U,lib/algorithms/platesolve/cpp/ipv/src/ipv_ransac.cpp:837,.2f,未标注,③未见于条文面,
具名,lt,lib/algorithms/platesolve/cpp/ipv/src/ipv_ransac.cpp:904,0.0;1.0,未标注,③未见于条文面,
具名,lt,lib/algorithms/platesolve/cpp/ipv/src/ipv_ransac.cpp:1010,0.0;1.0,未标注,③未见于条文面,
具名,recalc,lib/algorithms/platesolve/cpp/ipv/src/ipv_ransac.cpp:1042,.2f,未标注,③未见于条文面,
具名,iter,lib/algorithms/platesolve/cpp/ipv/src/ipv_ransac.cpp:1092,.1f,未标注,②条文有名无值,docs/algorithms/CALIBRATION_ALGORITHMS.md:83 F1.3  sigma-clip 迭代 iter=0..max_iter-1 [104-133]:
具名,iter,lib/algorithms/platesolve/cpp/ipv/src/ipv_ransac.cpp:1109,.1f;.6f,未标注,②条文有名无值,docs/algorithms/CALIBRATION_ALGORITHMS.md:83 F1.3  sigma-clip 迭代 iter=0..max_iter-1 [104-133]:
具名,iter,lib/algorithms/platesolve/cpp/ipv/src/ipv_ransac.cpp:1127,.6f,未标注,②条文有名无值,docs/algorithms/CALIBRATION_ALGORITHMS.md:83 F1.3  sigma-clip 迭代 iter=0..max_iter-1 [104-133]:
具名,clip_thresh,lib/algorithms/platesolve/cpp/ipv/src/ipv_ransac.cpp:1128,.1f;.4f,未标注,③未见于条文面,
具名,is_ok,lib/algorithms/platesolve/cpp/ipv/src/ipv_ransac.cpp:1172,.6f,未标注,③未见于条文面,
具名,sigma,lib/algorithms/platesolve/cpp/ipv/src/ipv_ransac.cpp:1183,.6f,未标注,②条文有名无值,docs/algorithms/CALIBRATION_ALGORITHMS.md:22 - 负责: master bias/dark/flat 生成（sigma-clip 合并）、单帧校准算术、
具名,N_U,lib/algorithms/platesolve/cpp/ipv/src/ipv_ransac.cpp:1255,.2f,未标注,③未见于条文面,
具名,transform,lib/algorithms/platesolve/cpp/ipv/src/ipv_ransac.cpp:1270,0.0;1.0,未标注,②条文有名无值,"docs/contracts/API_CONTRACTS.csv:356 API-build_wcs,build_wcs,lib/algorithms/platesolve/cpp/ipv/include/ipv_"
具名,score,lib/algorithms/platesolve/cpp/ipv/src/ipv_ransac.cpp:1274,0.0,未标注,②条文有名无值,docs/design/PHASE2_DETAILED_DESIGN.md:94 - detection statistic / score map；
具名,M,lib/algorithms/platesolve/cpp/ipv/src/ipv_ransac.cpp:1296,.2f;.3f,未标注,③未见于条文面,
具名,vote,lib/algorithms/platesolve/cpp/ipv/src/ipv_ransac.cpp:1321,.2f,未标注,③未见于条文面,
具名,inliers,lib/algorithms/platesolve/cpp/ipv/src/ipv_ransac.cpp:1344,.6f,未标注,②条文有名无值,docs/algorithms/PHOTOMETRIC_FIT.md:165 | inliers/sigma_residual | `|u|<1`; median(|r−location|)/0.67448975019
具名,inliers,lib/algorithms/platesolve/cpp/ipv/src/ipv_ransac.cpp:1353,.6f,未标注,②条文有名无值,docs/algorithms/PHOTOMETRIC_FIT.md:165 | inliers/sigma_residual | `|u|<1`; median(|r−location|)/0.67448975019
具名,has_best,lib/algorithms/platesolve/cpp/ipv/src/ipv_ransac.cpp:1359,.6f,未标注,③未见于条文面,
具名,vote,lib/algorithms/platesolve/cpp/ipv/src/ipv_ransac.cpp:1388,100.0,未标注,③未见于条文面,
具名,confidence,lib/algorithms/platesolve/cpp/ipv/src/ipv_ransac.cpp:1389,1.0,未标注,③未见于条文面,
具名,sigma,lib/algorithms/platesolve/cpp/ipv/src/ipv_ransac.cpp:1402,.6f,未标注,②条文有名无值,docs/algorithms/CALIBRATION_ALGORITHMS.md:22 - 负责: master bias/dark/flat 生成（sigma-clip 合并）、单帧校准算术、
具名,s,lib/algorithms/platesolve/cpp/ipv/src/ipv_ransac.cpp:1452,.6f,未标注,③未见于条文面,
具名,theta,lib/algorithms/platesolve/cpp/ipv/src/ipv_ransac.cpp:1453,.4f,未标注,②条文有名无值,"docs/algorithms/STAR_DETECTION_ALGORITHMS.md:99 `theta=−alpha` 归一到 (−90°,90°]。残差坐标 `dx=x+0.5−cx`（像素中心=索引+0.5，"
具名,sum_sq,lib/algorithms/platesolve/cpp/ipv/src/ipv_ransac.cpp:1468,0.0,未标注,③未见于条文面,
具名,score,lib/algorithms/platesolve/cpp/ipv/src/ipv_ransac.cpp:1486,0.0;1.0,未标注,②条文有名无值,docs/design/PHASE2_DETAILED_DESIGN.md:94 - detection statistic / score map；
具名,success,lib/algorithms/platesolve/cpp/ipv/src/ipv_ransac.cpp:1487,50.0,未标注,②条文有名无值,docs/algorithms/PLATESOLVE.md:155 - **失败面**：`success == 0` 时 `error_msg` **必须**非空；错误串的内容**必须**点名失败面
具名,inliers,lib/algorithms/platesolve/cpp/ipv/src/ipv_ransac.cpp:1489,.4f,未标注,②条文有名无值,docs/algorithms/PHOTOMETRIC_FIT.md:165 | inliers/sigma_residual | `|u|<1`; median(|r−location|)/0.67448975019
具名,s,lib/algorithms/platesolve/cpp/ipv/src/ipv_ransac.cpp:1490,.2f;.4f,未标注,③未见于条文面,
具名,n_iter,lib/algorithms/platesolve/cpp/ipv/src/ipv_ransac.cpp:1491,.6f,未标注,③未见于条文面,
具名,score,lib/algorithms/platesolve/cpp/ipv/src/ipv_ransac.cpp:1492,.4f,未标注,②条文有名无值,docs/design/PHASE2_DETAILED_DESIGN.md:94 - detection statistic / score map；
具名,RR_DEGTORAD,lib/algorithms/platesolve/cpp/ipv/src/ipv_robust_refine.cpp:49,180.0,未标注,③未见于条文面,
具名,cosc_safe,lib/algorithms/platesolve/cpp/ipv/src/ipv_robust_refine.cpp:90,1.0,未标注,③未见于条文面,
具名,xi_asec,lib/algorithms/platesolve/cpp/ipv/src/ipv_robust_refine.cpp:96,0.0,未标注,②条文有名无值,"docs/contracts/API_CONTRACTS.csv:333 API-gnomonic_forward_proj,gnomonic_forward_proj,lib/algorithms/plateso"
具名,eta_asec,lib/algorithms/platesolve/cpp/ipv/src/ipv_robust_refine.cpp:97,0.0,未标注,②条文有名无值,"docs/contracts/API_CONTRACTS.csv:333 API-gnomonic_forward_proj,gnomonic_forward_proj,lib/algorithms/plateso"
具名,v,lib/algorithms/platesolve/cpp/ipv/src/ipv_robust_refine.cpp:128,1.0,未标注,③未见于条文面,
具名,wx,lib/algorithms/platesolve/cpp/ipv/src/ipv_robust_refine.cpp:140,0.0,未标注,③未见于条文面,
具名,G_short,lib/algorithms/platesolve/cpp/ipv/src/ipv_robust_refine.cpp:231,1.0,未标注,③未见于条文面,
具名,G_short,lib/algorithms/platesolve/cpp/ipv/src/ipv_robust_refine.cpp:232,3.0,未标注,③未见于条文面,
具名,aspect,lib/algorithms/platesolve/cpp/ipv/src/ipv_robust_refine.cpp:236,1.0,未标注,③未见于条文面,
具名,narrow_fov_all,lib/algorithms/platesolve/cpp/ipv/src/ipv_robust_refine.cpp:244,1.0,未标注,③未见于条文面,
具名,FOV,lib/algorithms/platesolve/cpp/ipv/src/ipv_robust_refine.cpp:252,.3f,未标注,③未见于条文面,
具名,half_W,lib/algorithms/platesolve/cpp/ipv/src/ipv_robust_refine.cpp:260,2.0,未标注,③未见于条文面,
具名,half_H,lib/algorithms/platesolve/cpp/ipv/src/ipv_robust_refine.cpp:261,2.0,未标注,③未见于条文面,
具名,cell_w,lib/algorithms/platesolve/cpp/ipv/src/ipv_robust_refine.cpp:262,2.0,未标注,③未见于条文面,
具名,cell_h,lib/algorithms/platesolve/cpp/ipv/src/ipv_robust_refine.cpp:263,2.0,未标注,③未见于条文面,
具名,best_d2,lib/algorithms/platesolve/cpp/ipv/src/ipv_robust_refine.cpp:374,-1.0,未标注,③未见于条文面,
具名,best_d2,lib/algorithms/platesolve/cpp/ipv/src/ipv_robust_refine.cpp:406,-1.0,未标注,③未见于条文面,
具名,U,lib/algorithms/platesolve/cpp/ipv/src/ipv_robust_refine.cpp:435,.3f,未标注,③未见于条文面,
具名,K,lib/algorithms/platesolve/cpp/ipv/src/ipv_robust_refine.cpp:538,.3f,未标注,③未见于条文面,
具名,sum,lib/algorithms/platesolve/cpp/ipv/src/ipv_robust_refine.cpp:580,0.0,未标注,③未见于条文面,
具名,t,lib/algorithms/platesolve/cpp/ipv/src/ipv_robust_refine.cpp:596,1.0,未标注,③未见于条文面,
具名,median,lib/algorithms/platesolve/cpp/ipv/src/ipv_robust_refine.cpp:609,2.0,未标注,②条文有名无值,ACCEPTANCE_SPEC.md:233 | 无接缝 | 帧间、块间无亮度/灰度阶跃，无重影、错位与重复星点。**可执行门槛（机器门 `CHK-L4-SEAM-FOOTPRINT`）
具名,ra0,lib/algorithms/platesolve/cpp/ipv/src/ipv_robust_refine.cpp:886,.4f;.6f,未标注,③未见于条文面,
具名,initial_rms,lib/algorithms/platesolve/cpp/ipv/src/ipv_robust_refine.cpp:887,.4f,未标注,③未见于条文面,
具名,flux,lib/algorithms/platesolve/cpp/ipv/src/ipv_robust_refine.cpp:927,0.0,未标注,②条文有名无值,docs/algorithms/GAIA_QUERY.md:136 float32 fluxMin @32 + float32 fluxMul @36 + uint8 flux[343] @40 + 1B 填
具名,initial_rms,lib/algorithms/platesolve/cpp/ipv/src/ipv_robust_refine.cpp:959,.4f,未标注,③未见于条文面,
具名,RMS,lib/algorithms/platesolve/cpp/ipv/src/ipv_robust_refine.cpp:960,.4f,未标注,③未见于条文面,
具名,tol,lib/algorithms/platesolve/cpp/ipv/src/ipv_robust_refine.cpp:1022,.3f;.4f,未标注,③未见于条文面,
具名,cd_Δ,lib/algorithms/platesolve/cpp/ipv/src/ipv_robust_refine.cpp:1023,.2;.4f,未标注,③未见于条文面,
具名,initial,lib/algorithms/platesolve/cpp/ipv/src/ipv_robust_refine.cpp:1093,.4f,未标注,③未见于条文面,
具名,iter,lib/algorithms/platesolve/cpp/ipv/src/ipv_robust_refine.cpp:1123,.4f,未标注,②条文有名无值,docs/algorithms/CALIBRATION_ALGORITHMS.md:83 F1.3  sigma-clip 迭代 iter=0..max_iter-1 [104-133]:
具名,IPV_DEGTORAD,lib/algorithms/platesolve/cpp/ipv/src/ipv_select.cpp:59,180.0,未标注,③未见于条文面,
具名,s0,lib/algorithms/platesolve/cpp/ipv/src/ipv_select.cpp:273,0.0,未标注,③未见于条文面,
具名,query_area_sqdeg,lib/algorithms/platesolve/cpp/ipv/src/ipv_select.cpp:274,0.0,未标注,②条文有名无值,"docs/contracts/API_CONTRACTS.csv:328 API-compute_fov_density,compute_fov_density,lib/algorithms/platesolve/"
具名,rho_img,lib/algorithms/platesolve/cpp/ipv/src/ipv_select.cpp:275,0.0,未标注,②条文有名无值,docs/algorithms/PLATESOLVE.md:91 - `rho_img` 的分子**必须**是**实际进入 `U` 样本的成员数**（4a.1 的样本基数），
具名,fov_diag_deg,lib/algorithms/platesolve/cpp/ipv/src/ipv_select.cpp:288,3600.0,未标注,②条文有名无值,"docs/contracts/API_CONTRACTS.csv:328 API-compute_fov_density,compute_fov_density,lib/algorithms/platesolve/"
具名,img_area_sqdeg,lib/algorithms/platesolve/cpp/ipv/src/ipv_select.cpp:295,3600.0,未标注,②条文有名无值,"docs/contracts/API_CONTRACTS.csv:328 API-compute_fov_density,compute_fov_density,lib/algorithms/platesolve/"
具名,img_area_sqdeg,lib/algorithms/platesolve/cpp/ipv/src/ipv_select.cpp:296,0.0,未标注,②条文有名无值,"docs/contracts/API_CONTRACTS.csv:328 API-compute_fov_density,compute_fov_density,lib/algorithms/platesolve/"
具名,rho_img,lib/algorithms/platesolve/cpp/ipv/src/ipv_select.cpp:299,0.0,未标注,②条文有名无值,docs/algorithms/PLATESOLVE.md:91 - `rho_img` 的分子**必须**是**实际进入 `U` 样本的成员数**（4a.1 的样本基数），
具名,s0,lib/algorithms/platesolve/cpp/ipv/src/ipv_select.cpp:324,.4f,未标注,③未见于条文面,
具名,img_area,lib/algorithms/platesolve/cpp/ipv/src/ipv_select.cpp:325,.2f;.5f,未标注,②条文有名无值,docs/algorithms/PLATESOLVE.md:238 | 密度/目标星数 | ipv_select.cpp:260-330（`compute_fov_density`，rho_img 分子 = 
具名,f_safe,lib/algorithms/platesolve/cpp/ipv/src/ipv_select.cpp:341,1.0,未标注,③未见于条文面,
具名,t_safe,lib/algorithms/platesolve/cpp/ipv/src/ipv_select.cpp:342,0.1,未标注,③未见于条文面,
具名,m_cut,lib/algorithms/platesolve/cpp/ipv/src/ipv_select.cpp:343,6.0,未标注,③未见于条文面,
具名,m_cut,lib/algorithms/platesolve/cpp/ipv/src/ipv_select.cpp:350,.2f;.4f,未标注,③未见于条文面,
具名,m0_hi,lib/algorithms/platesolve/cpp/ipv/src/ipv_select.cpp:424,13.0,未标注,③未见于条文面,
具名,safety,lib/algorithms/platesolve/cpp/ipv/src/ipv_select.cpp:425,0.0;3.0,未标注,②条文有名无值,docs/contracts/API-001.md:60 - 公共对象 thread-safety 在 header 注释声明；所有权（borrow/shared/unique/persisted）
具名,tol,lib/algorithms/platesolve/cpp/ipv/src/ipv_select.cpp:426,0.0;0.1,未标注,③未见于条文面,
具名,zero_step,lib/algorithms/platesolve/cpp/ipv/src/ipv_select.cpp:428,0.0;3.0,未标注,③未见于条文面,
具名,alpha,lib/algorithms/platesolve/cpp/ipv/src/ipv_select.cpp:430,0.0;0.2885,未标注,②条文有名无值,ACCEPTANCE_SPEC.md:33 三个创新点（最高设计 §2）各立一个自包含实验单元，alpha 发布前必须全部跑通并经独立审稿。**实验单元目录结构与报告八要素的唯一正本 
具名,f_safe,lib/algorithms/platesolve/cpp/ipv/src/ipv_select.cpp:436,1.0,未标注,③未见于条文面,
具名,t_safe,lib/algorithms/platesolve/cpp/ipv/src/ipv_select.cpp:437,0.1,未标注,③未见于条文面,
具名,m,lib/algorithms/platesolve/cpp/ipv/src/ipv_select.cpp:438,1.5;2.0;6.0,未标注,③未见于条文面,
具名,m0,lib/algorithms/platesolve/cpp/ipv/src/ipv_select.cpp:445,.1f;.2f;.3f,未标注,③未见于条文面,
具名,N_target,lib/algorithms/platesolve/cpp/ipv/src/ipv_select.cpp:446,.1f;.3f;.4f,未标注,②条文有名无值,"docs/algorithms/PLATESOLVE.md:96 - `n_target` 由 `rho_img`、查询锥面积与密度比导出，且**必须**落在闭区间 `[50, 60]`。"
具名,m_prev,lib/algorithms/platesolve/cpp/ipv/src/ipv_select.cpp:451,0.0,未标注,③未见于条文面,
具名,m_last_ok,lib/algorithms/platesolve/cpp/ipv/src/ipv_select.cpp:453,0.0,未标注,③未见于条文面,
具名,m,lib/algorithms/platesolve/cpp/ipv/src/ipv_select.cpp:473,.3f,未标注,③未见于条文面,
具名,capped,lib/algorithms/platesolve/cpp/ipv/src/ipv_select.cpp:498,0.0,未标注,②条文有名无值,docs/algorithms/PLATESOLVE.md:104 （每文件返回上限造成的顺序截断区间除外，该情形单列为 `capped`）。
具名,m,lib/algorithms/platesolve/cpp/ipv/src/ipv_select.cpp:506,.0f;.3f,未标注,③未见于条文面,
具名,iter,lib/algorithms/platesolve/cpp/ipv/src/ipv_select.cpp:517,.1f;.4f,未标注,②条文有名无值,docs/algorithms/CALIBRATION_ALGORITHMS.md:83 F1.3  sigma-clip 迭代 iter=0..max_iter-1 [104-133]:
具名,logN,lib/algorithms/platesolve/cpp/ipv/src/ipv_select.cpp:533,0.5,未标注,③未见于条文面,
具名,step,lib/algorithms/platesolve/cpp/ipv/src/ipv_select.cpp:542,0.0,未标注,②条文有名无值,docs/algorithms/DRIZZLE_GEOMETRY.md:342 （`processPixelTiled` 的 Step 2b）补 4 次未收缩四角 `pixelToSky`；
具名,step,lib/algorithms/platesolve/cpp/ipv/src/ipv_select.cpp:543,-6.0;6.0,未标注,②条文有名无值,docs/algorithms/DRIZZLE_GEOMETRY.md:342 （`processPixelTiled` 的 Step 2b）补 4 次未收缩四角 `pixelToSky`；
具名,m,lib/algorithms/platesolve/cpp/ipv/src/ipv_select.cpp:559,.3f,未标注,③未见于条文面,
具名,m,lib/algorithms/platesolve/cpp/ipv/src/ipv_select.cpp:565,.1f;.3f,未标注,③未见于条文面,
具名,ok_m,lib/algorithms/platesolve/cpp/ipv/src/ipv_select.cpp:615,0.0,未标注,③未见于条文面,
具名,gaia_query_ms,lib/algorithms/platesolve/cpp/ipv/src/ipv_select.cpp:618,0.0,未标注,③未见于条文面,
具名,m_lim,lib/algorithms/platesolve/cpp/ipv/src/ipv_select.cpp:654,.3f,未标注,②条文有名无值,"docs/algorithms/PLATESOLVE.md:102 - 星表查询的星等窗是闭区间 `[-1.5, m_lim]`（`gaia_client_cone_search_for_solver` 的"
具名,cap_per_file,lib/algorithms/platesolve/cpp/ipv/src/ipv_select.cpp:655,.0f,未标注,③未见于条文面,
具名,m,lib/algorithms/platesolve/cpp/ipv/src/ipv_select.cpp:667,.3f,未标注,③未见于条文面,
具名,ra,lib/algorithms/platesolve/cpp/ipv/src/ipv_select.cpp:668,.4f;.6f,未标注,③未见于条文面,
具名,N_returned,lib/algorithms/platesolve/cpp/ipv/src/ipv_select.cpp:674,.3f,未标注,③未见于条文面,
具名,n_lo,lib/algorithms/platesolve/cpp/ipv/src/ipv_select.cpp:716,1.0,未标注,③未见于条文面,
具名,n_hi,lib/algorithms/platesolve/cpp/ipv/src/ipv_select.cpp:717,1.0,未标注,③未见于条文面,
具名,ra,lib/algorithms/platesolve/cpp/ipv/src/ipv_select.cpp:726,.4f,未标注,③未见于条文面,
具名,tol,lib/algorithms/platesolve/cpp/ipv/src/ipv_select.cpp:727,.1f;.2f;.3f,未标注,③未见于条文面,
具名,step,lib/algorithms/platesolve/cpp/ipv/src/ipv_select.cpp:737,0.5,未标注,②条文有名无值,docs/algorithms/DRIZZLE_GEOMETRY.md:342 （`processPixelTiled` 的 Step 2b）补 4 次未收缩四角 `pixelToSky`；
具名,iter,lib/algorithms/platesolve/cpp/ipv/src/ipv_select.cpp:742,.1f;.3f,未标注,②条文有名无值,docs/algorithms/CALIBRATION_ALGORITHMS.md:83 F1.3  sigma-clip 迭代 iter=0..max_iter-1 [104-133]:
具名,m_final,lib/algorithms/platesolve/cpp/ipv/src/ipv_select.cpp:767,.3f,未标注,③未见于条文面,
具名,cosc_safe,lib/algorithms/platesolve/cpp/ipv/src/ipv_select.cpp:974,1.0,未标注,③未见于条文面,
具名,xi_asec,lib/algorithms/platesolve/cpp/ipv/src/ipv_select.cpp:982,0.0,未标注,②条文有名无值,"docs/contracts/API_CONTRACTS.csv:333 API-gnomonic_forward_proj,gnomonic_forward_proj,lib/algorithms/plateso"
具名,eta_asec,lib/algorithms/platesolve/cpp/ipv/src/ipv_select.cpp:983,0.0,未标注,②条文有名无值,"docs/contracts/API_CONTRACTS.csv:333 API-gnomonic_forward_proj,gnomonic_forward_proj,lib/algorithms/plateso"
具名,v,lib/algorithms/platesolve/cpp/ipv/src/ipv_select.cpp:1061,0.0f,未标注,③未见于条文面,
具名,v,lib/algorithms/platesolve/cpp/ipv/src/ipv_select.cpp:1062,65535.0f,未标注,③未见于条文面,
具名,cx,lib/algorithms/platesolve/cpp/ipv/src/ipv_select.cpp:1121,2.0,未标注,③未见于条文面,
具名,s0,lib/algorithms/platesolve/cpp/ipv/src/ipv_select.cpp:1151,.4f,未标注,③未见于条文面,
具名,m_lim_final,lib/algorithms/platesolve/cpp/ipv/src/ipv_select.cpp:1178,0.0,未标注,③未见于条文面,
具名,gaia_query_ms,lib/algorithms/platesolve/cpp/ipv/src/ipv_select.cpp:1184,0.0,未标注,③未见于条文面,
具名,m_lim_final,lib/algorithms/platesolve/cpp/ipv/src/ipv_select.cpp:1201,.3f,未标注,③未见于条文面,
具名,capped,lib/algorithms/platesolve/cpp/ipv/src/ipv_select.cpp:1202,.1f;.4f,未标注,②条文有名无值,docs/algorithms/PLATESOLVE.md:104 （每文件返回上限造成的顺序截断区间除外，该情形单列为 `capped`）。
具名,fov_half_w,lib/algorithms/platesolve/cpp/ipv/src/ipv_select.cpp:1216,2.0,未标注,③未见于条文面,
具名,fov_half_h,lib/algorithms/platesolve/cpp/ipv/src/ipv_select.cpp:1217,2.0,未标注,③未见于条文面,
具名,xi,lib/algorithms/platesolve/cpp/ipv/src/ipv_select.cpp:1228,0.0,未标注,③未见于条文面,
具名,flux,lib/algorithms/platesolve/cpp/ipv/src/ipv_select.cpp:1279,0.0,未标注,②条文有名无值,docs/algorithms/GAIA_QUERY.md:136 float32 fluxMin @32 + float32 fluxMul @36 + uint8 flux[343] @40 + 1B 填
具名,v,lib/algorithms/platesolve/cpp/ipv/src/ipv_select.cpp:1370,0.0f,未标注,③未见于条文面,
具名,v,lib/algorithms/platesolve/cpp/ipv/src/ipv_select.cpp:1371,65535.0f,未标注,③未见于条文面,
具名,cx,lib/algorithms/platesolve/cpp/ipv/src/ipv_select.cpp:1426,2.0,未标注,③未见于条文面,
具名,s0,lib/algorithms/platesolve/cpp/ipv/src/ipv_select.cpp:1455,.4f,未标注,③未见于条文面,
具名,m_lim_final,lib/algorithms/platesolve/cpp/ipv/src/ipv_select.cpp:1482,0.0,未标注,③未见于条文面,
具名,gaia_query_ms,lib/algorithms/platesolve/cpp/ipv/src/ipv_select.cpp:1488,0.0,未标注,③未见于条文面,
具名,m_lim_final,lib/algorithms/platesolve/cpp/ipv/src/ipv_select.cpp:1505,.3f,未标注,③未见于条文面,
具名,capped,lib/algorithms/platesolve/cpp/ipv/src/ipv_select.cpp:1506,.1f;.4f,未标注,②条文有名无值,docs/algorithms/PLATESOLVE.md:104 （每文件返回上限造成的顺序截断区间除外，该情形单列为 `capped`）。
具名,fov_half_w,lib/algorithms/platesolve/cpp/ipv/src/ipv_select.cpp:1520,2.0,未标注,③未见于条文面,
具名,fov_half_h,lib/algorithms/platesolve/cpp/ipv/src/ipv_select.cpp:1521,2.0,未标注,③未见于条文面,
具名,xi,lib/algorithms/platesolve/cpp/ipv/src/ipv_select.cpp:1528,0.0,未标注,③未见于条文面,
具名,flux,lib/algorithms/platesolve/cpp/ipv/src/ipv_select.cpp:1574,0.0,未标注,②条文有名无值,docs/algorithms/GAIA_QUERY.md:136 float32 fluxMin @32 + float32 fluxMul @36 + uint8 flux[343] @40 + 1B 填
具名,cx,lib/algorithms/platesolve/cpp/ipv/src/ipv_select.cpp:1707,2.0,未标注,③未见于条文面,
具名,s0,lib/algorithms/platesolve/cpp/ipv/src/ipv_select.cpp:1732,.4f,未标注,③未见于条文面,
具名,m_lim_final,lib/algorithms/platesolve/cpp/ipv/src/ipv_select.cpp:1759,0.0,未标注,③未见于条文面,
具名,gaia_query_ms,lib/algorithms/platesolve/cpp/ipv/src/ipv_select.cpp:1765,0.0,未标注,③未见于条文面,
具名,m_lim_final,lib/algorithms/platesolve/cpp/ipv/src/ipv_select.cpp:1782,.3f,未标注,③未见于条文面,
具名,capped,lib/algorithms/platesolve/cpp/ipv/src/ipv_select.cpp:1783,.1f;.4f,未标注,②条文有名无值,docs/algorithms/PLATESOLVE.md:104 （每文件返回上限造成的顺序截断区间除外，该情形单列为 `capped`）。
具名,fov_half_w,lib/algorithms/platesolve/cpp/ipv/src/ipv_select.cpp:1797,2.0,未标注,③未见于条文面,
具名,fov_half_h,lib/algorithms/platesolve/cpp/ipv/src/ipv_select.cpp:1798,2.0,未标注,③未见于条文面,
具名,xi,lib/algorithms/platesolve/cpp/ipv/src/ipv_select.cpp:1805,0.0,未标注,③未见于条文面,
具名,flux,lib/algorithms/platesolve/cpp/ipv/src/ipv_select.cpp:1851,0.0,未标注,②条文有名无值,docs/algorithms/GAIA_QUERY.md:136 float32 fluxMin @32 + float32 fluxMul @36 + uint8 flux[343] @40 + 1B 填
具名,v,lib/algorithms/platesolve/cpp/ipv/src/ipv_select.cpp:1948,0.0f,未标注,③未见于条文面,
具名,v,lib/algorithms/platesolve/cpp/ipv/src/ipv_select.cpp:1949,65535.0f,未标注,③未见于条文面,
具名,cx,lib/algorithms/platesolve/cpp/ipv/src/ipv_select.cpp:2037,2.0,未标注,③未见于条文面,
具名,s0,lib/algorithms/platesolve/cpp/ipv/src/ipv_select.cpp:2066,.4f,未标注,③未见于条文面,
具名,m_lim_final,lib/algorithms/platesolve/cpp/ipv/src/ipv_select.cpp:2093,0.0,未标注,③未见于条文面,
具名,gaia_query_ms,lib/algorithms/platesolve/cpp/ipv/src/ipv_select.cpp:2099,0.0,未标注,③未见于条文面,
具名,m_lim_final,lib/algorithms/platesolve/cpp/ipv/src/ipv_select.cpp:2116,.3f,未标注,③未见于条文面,
具名,capped,lib/algorithms/platesolve/cpp/ipv/src/ipv_select.cpp:2117,.1f;.4f,未标注,②条文有名无值,docs/algorithms/PLATESOLVE.md:104 （每文件返回上限造成的顺序截断区间除外，该情形单列为 `capped`）。
具名,fov_half_w,lib/algorithms/platesolve/cpp/ipv/src/ipv_select.cpp:2131,2.0,未标注,③未见于条文面,
具名,fov_half_h,lib/algorithms/platesolve/cpp/ipv/src/ipv_select.cpp:2132,2.0,未标注,③未见于条文面,
具名,xi,lib/algorithms/platesolve/cpp/ipv/src/ipv_select.cpp:2139,0.0,未标注,③未见于条文面,
具名,flux,lib/algorithms/platesolve/cpp/ipv/src/ipv_select.cpp:2185,0.0,未标注,②条文有名无值,docs/algorithms/GAIA_QUERY.md:136 float32 fluxMin @32 + float32 fluxMul @36 + uint8 flux[343] @40 + 1B 填
具名,xi,lib/algorithms/platesolve/cpp/ipv/src/ipv_sip.cpp:81,1.0,未标注,③未见于条文面,
具名,pred,lib/algorithms/platesolve/cpp/ipv/src/ipv_sip.cpp:217,0.0,未标注,③未见于条文面,
具名,max_delta,lib/algorithms/platesolve/cpp/ipv/src/ipv_sip.cpp:223,0.0,未标注,③未见于条文面,
具名,median_abs_r,lib/algorithms/platesolve/cpp/ipv/src/ipv_sip.cpp:240,0.5,未标注,②条文有名无值,docs/algorithms/PLATESOLVE.md:197 `ipv_sip.cpp:242`：`delta = 1.345 × median_abs_r`。
具名,delta,lib/algorithms/platesolve/cpp/ipv/src/ipv_sip.cpp:242,1.345,未标注,①条文含值,docs/algorithms/PLATESOLVE.md:197 `ipv_sip.cpp:242`：`delta = 1.345 × median_abs_r`。
具名,cx,lib/algorithms/platesolve/cpp/ipv/src/ipv_sip.cpp:333,2.0,未标注,③未见于条文面,
具名,cy,lib/algorithms/platesolve/cpp/ipv/src/ipv_sip.cpp:334,2.0,未标注,③未见于条文面,
具名,scale,lib/algorithms/platesolve/cpp/ipv/src/ipv_sip.cpp:335,2.0,未标注,②条文有名无值,docs/algorithms/CALIBRATION_ALGORITHMS.md:61 U1 亮场域 ≫ 1 ADU 而 bias/dark 中位数 ≤ 1.0 且未声明 normalized+scale ⇒ 拒；
具名,eff_order,lib/algorithms/platesolve/cpp/ipv/src/ipv_sip.cpp:381,.4f,未标注,③未见于条文面,
具名,max_coeff,lib/algorithms/platesolve/cpp/ipv/src/ipv_sip.cpp:432,0.0,未标注,③未见于条文面,
具名,max_coeff,lib/algorithms/platesolve/cpp/ipv/src/ipv_sip.cpp:439,.3f,未标注,③未见于条文面,
具名,sum_wa,lib/algorithms/platesolve/cpp/ipv/src/ipv_sip.cpp:447,0.0,未标注,③未见于条文面,
具名,sum_wb,lib/algorithms/platesolve/cpp/ipv/src/ipv_sip.cpp:448,0.0,未标注,③未见于条文面,
具名,rms_x,lib/algorithms/platesolve/cpp/ipv/src/ipv_sip.cpp:455,0.0,未标注,③未见于条文面,
具名,rms_y,lib/algorithms/platesolve/cpp/ipv/src/ipv_sip.cpp:456,0.0,未标注,③未见于条文面,
具名,total_rms,lib/algorithms/platesolve/cpp/ipv/src/ipv_sip.cpp:461,.3f,未标注,③未见于条文面,
具名,max_coeff_orig,lib/algorithms/platesolve/cpp/ipv/src/ipv_sip.cpp:493,0.0,未标注,③未见于条文面,
具名,order,lib/algorithms/platesolve/cpp/ipv/src/ipv_sip.cpp:500,.3f,未标注,②条文有名无值,docs/algorithms/DRIZZLE_GEOMETRY.md:282 `p1_wcs.json`（DATA-P1-WCS §18）读回 `wcs.sip`（order/ap_order/a/b/ap/bp，
具名,IPV_DEGTORAD,lib/algorithms/platesolve/cpp/ipv/src/ipv_solver.cpp:52,180.0,未标注,③未见于条文面,
具名,cosc_safe,lib/algorithms/platesolve/cpp/ipv/src/ipv_solver.cpp:124,1.0,未标注,③未见于条文面,
具名,xi_asec,lib/algorithms/platesolve/cpp/ipv/src/ipv_solver.cpp:130,0.0,未标注,②条文有名无值,"docs/contracts/API_CONTRACTS.csv:333 API-gnomonic_forward_proj,gnomonic_forward_proj,lib/algorithms/plateso"
具名,eta_asec,lib/algorithms/platesolve/cpp/ipv/src/ipv_solver.cpp:131,0.0,未标注,②条文有名无值,"docs/contracts/API_CONTRACTS.csv:333 API-gnomonic_forward_proj,gnomonic_forward_proj,lib/algorithms/plateso"
具名,size,lib/algorithms/platesolve/cpp/ipv/src/ipv_solver.cpp:169,.4f,未标注,②条文有名无值,docs/algorithms/CALIBRATION_ALGORITHMS.md:235 F4.2  结构过滤 [61-113]: 8 连通 BFS 标记；size(label)>=max_size 的连通域
具名,N_W,lib/algorithms/platesolve/cpp/ipv/src/ipv_solver.cpp:204,.4f,未标注,③未见于条文面,
具名,max_iter,lib/algorithms/platesolve/cpp/ipv/src/ipv_solver.cpp:205,.4f,未标注,②条文有名无值,docs/algorithms/CALIBRATION_ALGORITHMS.md:83 F1.3  sigma-clip 迭代 iter=0..max_iter-1 [104-133]:
具名,ra_cur,lib/algorithms/platesolve/cpp/ipv/src/ipv_solver.cpp:233,.4f;.6f,未标注,③未见于条文面,
具名,conv,lib/algorithms/platesolve/cpp/ipv/src/ipv_solver.cpp:234,.4f,未标注,②条文有名无值,"docs/algorithms/PLATESOLVE.md:36 trans = iterative_reproject(matches) conv 0.01"" max5 (ipv_solver.cpp)"
具名,ra,lib/algorithms/platesolve/cpp/ipv/src/ipv_solver.cpp:248,.6f,未标注,③未见于条文面,
具名,flux,lib/algorithms/platesolve/cpp/ipv/src/ipv_solver.cpp:275,0.0,未标注,②条文有名无值,docs/algorithms/GAIA_QUERY.md:136 float32 fluxMin @32 + float32 fluxMul @36 + uint8 flux[343] @40 + 1B 填
具名,n,lib/algorithms/platesolve/cpp/ipv/src/ipv_solver.cpp:309,.4f,未标注,③未见于条文面,
具名,x00,lib/algorithms/platesolve/cpp/ipv/src/ipv_solver.cpp:310,.4f,未标注,③未见于条文面,
具名,conv,lib/algorithms/platesolve/cpp/ipv/src/ipv_solver.cpp:335,.4f,未标注,②条文有名无值,"docs/algorithms/PLATESOLVE.md:36 trans = iterative_reproject(matches) conv 0.01"" max5 (ipv_solver.cpp)"
具名,ra,lib/algorithms/platesolve/cpp/ipv/src/ipv_solver.cpp:352,.6f,未标注,③未见于条文面,
具名,n_matched,lib/algorithms/platesolve/cpp/ipv/src/ipv_solver.cpp:353,.4f,未标注,②条文有名无值,docs/algorithms/GATES_AND_TOLERANCES.md:62 | G-P1-WCS-CLOSURE | `median{d_i : d_i ≤ 1.0″}`（角秒；像素换算 `median_px = m
具名,ra0,lib/algorithms/platesolve/cpp/ipv/src/ipv_solver.cpp:424,.6f,未标注,③未见于条文面,
具名,focal_length,lib/algorithms/platesolve/cpp/ipv/src/ipv_solver.cpp:425,.3f,未标注,②条文有名无值,docs/contracts/DATA_SEMANTICS.md:975 | ra0/dec0（OBJCTRA/OBJCTDEC，header 必需；config 可覆盖 initial_ra/initial_de
具名,n_target,lib/algorithms/platesolve/cpp/ipv/src/ipv_solver.cpp:451,4.22,未标注,②条文有名无值,"docs/algorithms/PLATESOLVE.md:96 - `n_target` 由 `rho_img`、查询锥面积与密度比导出，且**必须**落在闭区间 `[50, 60]`。"
具名,n_target,lib/algorithms/platesolve/cpp/ipv/src/ipv_solver.cpp:462,4.22,未标注,②条文有名无值,"docs/algorithms/PLATESOLVE.md:96 - `n_target` 由 `rho_img`、查询锥面积与密度比导出，且**必须**落在闭区间 `[50, 60]`。"
具名,n,lib/algorithms/platesolve/cpp/ipv/src/ipv_solver.cpp:464,.2f,未标注,③未见于条文面,
具名,max_vote,lib/algorithms/platesolve/cpp/ipv/src/ipv_solver.cpp:472,4.22,未标注,③未见于条文面,
具名,max_vote,lib/algorithms/platesolve/cpp/ipv/src/ipv_solver.cpp:476,4.22,未标注,③未见于条文面,
具名,n_target_used,lib/algorithms/platesolve/cpp/ipv/src/ipv_solver.cpp:480,.2f;4.22,未标注,③未见于条文面,
具名,ret,lib/algorithms/platesolve/cpp/ipv/src/ipv_solver.cpp:485,.4f,未标注,③未见于条文面,
具名,N_U,lib/algorithms/platesolve/cpp/ipv/src/ipv_solver.cpp:502,.4f,未标注,③未见于条文面,
具名,n_inliers,lib/algorithms/platesolve/cpp/ipv/src/ipv_solver.cpp:548,.4f,未标注,③未见于条文面,
具名,x00,lib/algorithms/platesolve/cpp/ipv/src/ipv_solver.cpp:553,.4f;.6f,未标注,③未见于条文面,
具名,n_inliers,lib/algorithms/platesolve/cpp/ipv/src/ipv_solver.cpp:566,.2f;.4f,未标注,③未见于条文面,
具名,order,lib/algorithms/platesolve/cpp/ipv/src/ipv_solver.cpp:581,.4f,未标注,②条文有名无值,docs/algorithms/DRIZZLE_GEOMETRY.md:282 `p1_wcs.json`（DATA-P1-WCS §18）读回 `wcs.sip`（order/ap_order/a/b/ap/bp，
具名,x10,lib/algorithms/platesolve/cpp/ipv/src/ipv_solver.cpp:582,.6f,未标注,③未见于条文面,
具名,n_iterations,lib/algorithms/platesolve/cpp/ipv/src/ipv_solver.cpp:598,.4f;.6f,未标注,③未见于条文面,
具名,success,lib/algorithms/platesolve/cpp/ipv/src/ipv_solver.cpp:605,.2f,未标注,②条文有名无值,docs/algorithms/PLATESOLVE.md:155 - **失败面**：`success == 0` 时 `error_msg` **必须**非空；错误串的内容**必须**点名失败面
具名,ra,lib/algorithms/platesolve/cpp/ipv/src/ipv_solver.cpp:606,.4f;.6f,未标注,③未见于条文面,
具名,flux,lib/algorithms/platesolve/cpp/ipv/src/ipv_solver.cpp:641,0.0,未标注,②条文有名无值,docs/algorithms/GAIA_QUERY.md:136 float32 fluxMin @32 + float32 fluxMul @36 + uint8 flux[343] @40 + 1B 填
具名,dn,lib/algorithms/platesolve/cpp/ipv/src/ipv_solver.cpp:687,.4f,未标注,③未见于条文面,
具名,n_matched,lib/algorithms/platesolve/cpp/ipv/src/ipv_solver.cpp:691,.4f,未标注,②条文有名无值,docs/algorithms/GATES_AND_TOLERANCES.md:62 | G-P1-WCS-CLOSURE | `median{d_i : d_i ≤ 1.0″}`（角秒；像素换算 `median_px = m
具名,n_matched,lib/algorithms/platesolve/cpp/ipv/src/ipv_solver.cpp:701,.2f,未标注,②条文有名无值,docs/algorithms/GATES_AND_TOLERANCES.md:62 | G-P1-WCS-CLOSURE | `median{d_i : d_i ≤ 1.0″}`（角秒；像素换算 `median_px = m
具名,initial_rms_arcsec,lib/algorithms/platesolve/cpp/ipv/src/ipv_solver.cpp:714,1.0,未标注,③未见于条文面,
具名,n_matched,lib/algorithms/platesolve/cpp/ipv/src/ipv_solver.cpp:731,.4f,未标注,②条文有名无值,docs/algorithms/GATES_AND_TOLERANCES.md:62 | G-P1-WCS-CLOSURE | `median{d_i : d_i ≤ 1.0″}`（角秒；像素换算 `median_px = m
具名,iter,lib/algorithms/platesolve/cpp/ipv/src/ipv_solver.cpp:732,.4f,未标注,②条文有名无值,docs/algorithms/CALIBRATION_ALGORITHMS.md:83 F1.3  sigma-clip 迭代 iter=0..max_iter-1 [104-133]:
具名,success,lib/algorithms/platesolve/cpp/ipv/src/ipv_solver.cpp:765,.2f,未标注,②条文有名无值,docs/algorithms/PLATESOLVE.md:155 - **失败面**：`success == 0` 时 `error_msg` **必须**非空；错误串的内容**必须**点名失败面
具名,rms_px,lib/algorithms/platesolve/cpp/ipv/src/ipv_solver.cpp:766,.3f,未标注,②条文有名无值,docs/algorithms/GATES_AND_TOLERANCES.md:87 | 帧（真实数据） | s0（″/px） | 内部解 rms_px / rms_arcsec（n_pairs） | 外部闭环 **solve
具名,n_pairs,lib/algorithms/platesolve/cpp/ipv/src/ipv_solver.cpp:786,.3f,未标注,②条文有名无值,docs/algorithms/GATES_AND_TOLERANCES.md:61 | G-P1-WCS-F1 | `rms_arcsec`（″） | **trans 拟合内点集（n_pairs ≥ 12）+ 合成线性场（o
具名,ra0,lib/algorithms/platesolve/cpp/ipv/src/ipv_solver.cpp:835,.6f,未标注,③未见于条文面,
具名,focal_length,lib/algorithms/platesolve/cpp/ipv/src/ipv_solver.cpp:836,.3f,未标注,②条文有名无值,docs/contracts/DATA_SEMANTICS.md:975 | ra0/dec0（OBJCTRA/OBJCTDEC，header 必需；config 可覆盖 initial_ra/initial_de
具名,n_target,lib/algorithms/platesolve/cpp/ipv/src/ipv_solver.cpp:858,4.22,未标注,②条文有名无值,"docs/algorithms/PLATESOLVE.md:96 - `n_target` 由 `rho_img`、查询锥面积与密度比导出，且**必须**落在闭区间 `[50, 60]`。"
具名,n_target,lib/algorithms/platesolve/cpp/ipv/src/ipv_solver.cpp:868,4.22,未标注,②条文有名无值,"docs/algorithms/PLATESOLVE.md:96 - `n_target` 由 `rho_img`、查询锥面积与密度比导出，且**必须**落在闭区间 `[50, 60]`。"
具名,n,lib/algorithms/platesolve/cpp/ipv/src/ipv_solver.cpp:870,.2f,未标注,③未见于条文面,
具名,max_vote,lib/algorithms/platesolve/cpp/ipv/src/ipv_solver.cpp:878,4.22,未标注,③未见于条文面,
具名,max_vote,lib/algorithms/platesolve/cpp/ipv/src/ipv_solver.cpp:882,4.22,未标注,③未见于条文面,
具名,n_target_used,lib/algorithms/platesolve/cpp/ipv/src/ipv_solver.cpp:886,.2f;4.22,未标注,③未见于条文面,
具名,ret,lib/algorithms/platesolve/cpp/ipv/src/ipv_solver.cpp:891,.4f,未标注,③未见于条文面,
具名,N_U,lib/algorithms/platesolve/cpp/ipv/src/ipv_solver.cpp:908,.4f,未标注,③未见于条文面,
具名,n_inliers,lib/algorithms/platesolve/cpp/ipv/src/ipv_solver.cpp:949,.4f,未标注,③未见于条文面,
具名,x00,lib/algorithms/platesolve/cpp/ipv/src/ipv_solver.cpp:954,.4f;.6f,未标注,③未见于条文面,
具名,n_inliers,lib/algorithms/platesolve/cpp/ipv/src/ipv_solver.cpp:966,.2f;.4f,未标注,③未见于条文面,
具名,order,lib/algorithms/platesolve/cpp/ipv/src/ipv_solver.cpp:981,.4f,未标注,②条文有名无值,docs/algorithms/DRIZZLE_GEOMETRY.md:282 `p1_wcs.json`（DATA-P1-WCS §18）读回 `wcs.sip`（order/ap_order/a/b/ap/bp，
具名,x10,lib/algorithms/platesolve/cpp/ipv/src/ipv_solver.cpp:982,.6f,未标注,③未见于条文面,
具名,n_iterations,lib/algorithms/platesolve/cpp/ipv/src/ipv_solver.cpp:998,.4f;.6f,未标注,③未见于条文面,
具名,success,lib/algorithms/platesolve/cpp/ipv/src/ipv_solver.cpp:1005,.2f,未标注,②条文有名无值,docs/algorithms/PLATESOLVE.md:155 - **失败面**：`success == 0` 时 `error_msg` **必须**非空；错误串的内容**必须**点名失败面
具名,ra,lib/algorithms/platesolve/cpp/ipv/src/ipv_solver.cpp:1006,.4f;.6f,未标注,③未见于条文面,
具名,flux,lib/algorithms/platesolve/cpp/ipv/src/ipv_solver.cpp:1040,0.0,未标注,②条文有名无值,docs/algorithms/GAIA_QUERY.md:136 float32 fluxMin @32 + float32 fluxMul @36 + uint8 flux[343] @40 + 1B 填
具名,dn,lib/algorithms/platesolve/cpp/ipv/src/ipv_solver.cpp:1081,.4f,未标注,③未见于条文面,
具名,n_matched,lib/algorithms/platesolve/cpp/ipv/src/ipv_solver.cpp:1085,.4f,未标注,②条文有名无值,docs/algorithms/GATES_AND_TOLERANCES.md:62 | G-P1-WCS-CLOSURE | `median{d_i : d_i ≤ 1.0″}`（角秒；像素换算 `median_px = m
具名,n_matched,lib/algorithms/platesolve/cpp/ipv/src/ipv_solver.cpp:1094,.2f,未标注,②条文有名无值,docs/algorithms/GATES_AND_TOLERANCES.md:62 | G-P1-WCS-CLOSURE | `median{d_i : d_i ≤ 1.0″}`（角秒；像素换算 `median_px = m
具名,initial_rms_arcsec,lib/algorithms/platesolve/cpp/ipv/src/ipv_solver.cpp:1104,1.0,未标注,③未见于条文面,
具名,n_matched,lib/algorithms/platesolve/cpp/ipv/src/ipv_solver.cpp:1121,.4f,未标注,②条文有名无值,docs/algorithms/GATES_AND_TOLERANCES.md:62 | G-P1-WCS-CLOSURE | `median{d_i : d_i ≤ 1.0″}`（角秒；像素换算 `median_px = m
具名,iter,lib/algorithms/platesolve/cpp/ipv/src/ipv_solver.cpp:1122,.4f,未标注,②条文有名无值,docs/algorithms/CALIBRATION_ALGORITHMS.md:83 F1.3  sigma-clip 迭代 iter=0..max_iter-1 [104-133]:
具名,success,lib/algorithms/platesolve/cpp/ipv/src/ipv_solver.cpp:1153,.2f,未标注,②条文有名无值,docs/algorithms/PLATESOLVE.md:155 - **失败面**：`success == 0` 时 `error_msg` **必须**非空；错误串的内容**必须**点名失败面
具名,rms_px,lib/algorithms/platesolve/cpp/ipv/src/ipv_solver.cpp:1154,.3f,未标注,②条文有名无值,docs/algorithms/GATES_AND_TOLERANCES.md:87 | 帧（真实数据） | s0（″/px） | 内部解 rms_px / rms_arcsec（n_pairs） | 外部闭环 **solve
具名,n_pairs,lib/algorithms/platesolve/cpp/ipv/src/ipv_solver.cpp:1174,.3f,未标注,②条文有名无值,docs/algorithms/GATES_AND_TOLERANCES.md:61 | G-P1-WCS-F1 | `rms_arcsec`（″） | **trans 拟合内点集（n_pairs ≥ 12）+ 合成线性场（o
具名,n,lib/algorithms/platesolve/cpp/ipv/src/ipv_solver.cpp:1219,.2f,未标注,③未见于条文面,
具名,n_target_used,lib/algorithms/platesolve/cpp/ipv/src/ipv_solver.cpp:1225,.2f,未标注,③未见于条文面,
具名,N_U,lib/algorithms/platesolve/cpp/ipv/src/ipv_solver.cpp:1243,.4f,未标注,③未见于条文面,
具名,n_inliers,lib/algorithms/platesolve/cpp/ipv/src/ipv_solver.cpp:1284,.2f;.4f,未标注,③未见于条文面,
具名,success,lib/algorithms/platesolve/cpp/ipv/src/ipv_solver.cpp:1304,.2f,未标注,②条文有名无值,docs/algorithms/PLATESOLVE.md:155 - **失败面**：`success == 0` 时 `error_msg` **必须**非空；错误串的内容**必须**点名失败面
具名,ra,lib/algorithms/platesolve/cpp/ipv/src/ipv_solver.cpp:1305,.4f;.6f,未标注,③未见于条文面,
具名,flux,lib/algorithms/platesolve/cpp/ipv/src/ipv_solver.cpp:1337,0.0,未标注,②条文有名无值,docs/algorithms/GAIA_QUERY.md:136 float32 fluxMin @32 + float32 fluxMul @36 + uint8 flux[343] @40 + 1B 填
具名,dn,lib/algorithms/platesolve/cpp/ipv/src/ipv_solver.cpp:1378,.4f,未标注,③未见于条文面,
具名,n_matched,lib/algorithms/platesolve/cpp/ipv/src/ipv_solver.cpp:1382,.4f,未标注,②条文有名无值,docs/algorithms/GATES_AND_TOLERANCES.md:62 | G-P1-WCS-CLOSURE | `median{d_i : d_i ≤ 1.0″}`（角秒；像素换算 `median_px = m
具名,n_matched,lib/algorithms/platesolve/cpp/ipv/src/ipv_solver.cpp:1391,.2f,未标注,②条文有名无值,docs/algorithms/GATES_AND_TOLERANCES.md:62 | G-P1-WCS-CLOSURE | `median{d_i : d_i ≤ 1.0″}`（角秒；像素换算 `median_px = m
具名,initial_rms_arcsec,lib/algorithms/platesolve/cpp/ipv/src/ipv_solver.cpp:1401,1.0,未标注,③未见于条文面,
具名,n_matched,lib/algorithms/platesolve/cpp/ipv/src/ipv_solver.cpp:1418,.4f,未标注,②条文有名无值,docs/algorithms/GATES_AND_TOLERANCES.md:62 | G-P1-WCS-CLOSURE | `median{d_i : d_i ≤ 1.0″}`（角秒；像素换算 `median_px = m
具名,iter,lib/algorithms/platesolve/cpp/ipv/src/ipv_solver.cpp:1419,.4f,未标注,②条文有名无值,docs/algorithms/CALIBRATION_ALGORITHMS.md:83 F1.3  sigma-clip 迭代 iter=0..max_iter-1 [104-133]:
具名,success,lib/algorithms/platesolve/cpp/ipv/src/ipv_solver.cpp:1443,.2f,未标注,②条文有名无值,docs/algorithms/PLATESOLVE.md:155 - **失败面**：`success == 0` 时 `error_msg` **必须**非空；错误串的内容**必须**点名失败面
具名,rms_px,lib/algorithms/platesolve/cpp/ipv/src/ipv_solver.cpp:1444,.3f,未标注,②条文有名无值,docs/algorithms/GATES_AND_TOLERANCES.md:87 | 帧（真实数据） | s0（″/px） | 内部解 rms_px / rms_arcsec（n_pairs） | 外部闭环 **solve
具名,n_pairs,lib/algorithms/platesolve/cpp/ipv/src/ipv_solver.cpp:1449,.3f,未标注,②条文有名无值,docs/algorithms/GATES_AND_TOLERANCES.md:61 | G-P1-WCS-F1 | `rms_arcsec`（″） | **trans 拟合内点集（n_pairs ≥ 12）+ 合成线性场（o
具名,ra0,lib/algorithms/platesolve/cpp/ipv/src/ipv_solver.cpp:1510,.6f,未标注,③未见于条文面,
具名,focal_length,lib/algorithms/platesolve/cpp/ipv/src/ipv_solver.cpp:1511,.3f,未标注,②条文有名无值,docs/contracts/DATA_SEMANTICS.md:975 | ra0/dec0（OBJCTRA/OBJCTDEC，header 必需；config 可覆盖 initial_ra/initial_de
具名,ra0,lib/algorithms/platesolve/cpp/ipv/src/ipv_solver.cpp:1585,.6f,未标注,③未见于条文面,
具名,focal_length,lib/algorithms/platesolve/cpp/ipv/src/ipv_solver.cpp:1586,.3f,未标注,②条文有名无值,docs/contracts/DATA_SEMANTICS.md:975 | ra0/dec0（OBJCTRA/OBJCTDEC，header 必需；config 可覆盖 initial_ra/initial_de
具名,ra0,lib/algorithms/platesolve/cpp/ipv/src/ipv_solver.cpp:1657,.6f,未标注,③未见于条文面,
具名,focal_length,lib/algorithms/platesolve/cpp/ipv/src/ipv_solver.cpp:1658,.3f,未标注,②条文有名无值,docs/contracts/DATA_SEMANTICS.md:975 | ra0/dec0（OBJCTRA/OBJCTDEC，header 必需；config 可覆盖 initial_ra/initial_de
具名,valid,lib/algorithms/platesolve/cpp/ipv/src/ipv_solver.cpp:1722,0.0,未标注,②条文有名无值,docs/algorithms/COSMETIC_ALGORITHMS.md:222 （no fabrication of valid coverage：不做假修复；检测生效需接线母版）。
具名,robust,lib/algorithms/platesolve/cpp/ipv/src/ipv_solver.cpp:1726,.4f,未标注,②条文有名无值,"docs/algorithms/COSMETIC_ALGORITHMS.md:423 - 稳健尺度（median/MAD 换算）：Hoaglin, Mosteller & Tukey (eds.) 1983, Understa"
具名,order,lib/algorithms/platesolve/cpp/ipv/src/ipv_solver.cpp:1727,.6f,未标注,②条文有名无值,docs/algorithms/DRIZZLE_GEOMETRY.md:282 `p1_wcs.json`（DATA-P1-WCS §18）读回 `wcs.sip`（order/ap_order/a/b/ap/bp，
具名,empty,lib/algorithms/platesolve/cpp/ipv/src/ipv_solver.cpp:1732,.4f,未标注,②条文有名无值,"docs/algorithms/PHASE2_COVERAGE.md:124 if path NULL/空: error=""empty path at index %llu"", rc=1  # :165-170"
具名,xi_actual_asec,lib/algorithms/platesolve/cpp/ipv/src/ipv_solver.cpp:1786,0.0,未标注,③未见于条文面,
具名,xi_pred_asec,lib/algorithms/platesolve/cpp/ipv/src/ipv_solver.cpp:1792,0.0,未标注,③未见于条文面,
具名,ba,lib/algorithms/platesolve/cpp/ipv/src/ipv_triangle.cpp:162,1.0,未标注,③未见于条文面,
具名,ca,lib/algorithms/platesolve/cpp/ipv/src/ipv_triangle.cpp:163,1.0,未标注,③未见于条文面,
具名,before,lib/algorithms/platesolve/cpp/ipv/src/ipv_triangle.cpp:250,0.9,未标注,③未见于条文面,
具名,scale_min,lib/algorithms/platesolve/cpp/ipv/src/ipv_triangle.cpp:277,-1.0,未标注,③未见于条文面,
具名,scale_max,lib/algorithms/platesolve/cpp/ipv/src/ipv_triangle.cpp:278,-1.0,未标注,③未见于条文面,
具名,use_scale,lib/algorithms/platesolve/cpp/ipv/src/ipv_triangle.cpp:283,0.0,未标注,③未见于条文面,
具名,scale_rejected,lib/algorithms/platesolve/cpp/ipv/src/ipv_triangle.cpp:385,.4f,未标注,③未见于条文面,
具名,top_pairs,lib/algorithms/platesolve/cpp/ipv/src/ipv_triangle.cpp:478,4.25,未标注,③未见于条文面,
具名,u,lib/algorithms/platesolve/cpp/ipv/src/ipv_triangle.cpp:484,.0f,未标注,③未见于条文面,
具名,s0,lib/algorithms/platesolve/cpp/ipv/src/ipv_triangle.cpp:517,0.0,未标注,③未见于条文面,
具名,scale_min,lib/algorithms/platesolve/cpp/ipv/src/ipv_triangle.cpp:569,-1.0,未标注,③未见于条文面,
具名,expected_ratio,lib/algorithms/platesolve/cpp/ipv/src/ipv_triangle.cpp:571,1.0,未标注,③未见于条文面,
具名,scale_min,lib/algorithms/platesolve/cpp/ipv/src/ipv_triangle.cpp:572,1.2,未标注,③未见于条文面,
具名,scale_max,lib/algorithms/platesolve/cpp/ipv/src/ipv_triangle.cpp:573,0.8,未标注,③未见于条文面,
具名,n_A,lib/algorithms/platesolve/cpp/ipv/src/ipv_triangle.cpp:576,.4f,未标注,③未见于条文面,
具名,s0,lib/algorithms/platesolve/cpp/ipv/src/ipv_triangle.cpp:577,.4f,未标注,③未见于条文面,
具名,n_A0,lib/algorithms/platesolve/cpp/ipv/src/ipv_triangle.cpp:648,.4f,未标注,③未见于条文面,
具名,v,lib/algorithms/platesolve/cpp/ipv/src/ipv_wcs.cpp:52,1.0,未标注,③未见于条文面,
具名,scale,lib/algorithms/platesolve/cpp/ipv/src/ipv_wcs.cpp:138,3600.0,未标注,②条文有名无值,docs/algorithms/CALIBRATION_ALGORITHMS.md:61 U1 亮场域 ≫ 1 ADU 而 bias/dark 中位数 ≤ 1.0 且未声明 normalized+scale ⇒ 拒；
具名,sign_x,lib/algorithms/platesolve/cpp/ipv/src/ipv_wcs.cpp:142,+1.0,未标注,③未见于条文面,
具名,sign_x,lib/algorithms/platesolve/cpp/ipv/src/ipv_wcs.cpp:144,+1.0,未标注,③未见于条文面,
具名,sign_x,lib/algorithms/platesolve/cpp/ipv/src/ipv_wcs.cpp:145,+1.0;-1.0,未标注,③未见于条文面,
具名,sign_x,lib/algorithms/platesolve/cpp/ipv/src/ipv_wcs.cpp:146,+1.0;-1.0,未标注,③未见于条文面,
具名,sign_x,lib/algorithms/platesolve/cpp/ipv/src/ipv_wcs.cpp:147,-1.0,未标注,③未见于条文面,
具名,sign_x,lib/algorithms/platesolve/cpp/ipv/src/ipv_wcs.cpp:148,+1.0,未标注,③未见于条文面,
具名,cx,lib/algorithms/platesolve/cpp/ipv/src/ipv_wcs.cpp:159,2.0,未标注,③未见于条文面,
具名,cy,lib/algorithms/platesolve/cpp/ipv/src/ipv_wcs.cpp:160,2.0,未标注,③未见于条文面,
具名,sum_r2,lib/algorithms/platesolve/cpp/ipv/src/ipv_wcs.cpp:189,0.0,未标注,③未见于条文面,
具名,rms_arcsec,lib/algorithms/platesolve/cpp/ipv/src/ipv_wcs.cpp:212,0.0,未标注,①条文含值,docs/algorithms/PLATESOLVE.md:318 n_pairs≥12；rms_arcsec ≤0.5″；CD 元素相对误差 ≤2%（§9 尺度容差 0.002 同源）；
具名,rms_px,lib/algorithms/platesolve/cpp/ipv/src/ipv_wcs.cpp:213,0.0,未标注,①条文含值,docs/contracts/DATA_SEMANTICS.md:990 | rms_px / rms_arcsec | double | pixel / arcsec | n_pairs=0 时 =0.0（:51
具名,ra0,lib/algorithms/platesolve/cpp/ipv/src/ipv_wcs.cpp:265,.4f;.6f,未标注,③未见于条文面,
具名,cd11,lib/algorithms/platesolve/cpp/ipv/src/ipv_wcs.cpp:277,3600.0,未标注,②条文有名无值,"docs/algorithms/PHASE3_PROJ_IMPL.md:246 线性解 CD·δp = (ξ,η) (deg): det=CD11·CD22−CD12·CD21           # :136"
具名,cd12,lib/algorithms/platesolve/cpp/ipv/src/ipv_wcs.cpp:278,3600.0,未标注,②条文有名无值,"docs/algorithms/PHASE3_PROJ_IMPL.md:246 线性解 CD·δp = (ξ,η) (deg): det=CD11·CD22−CD12·CD21           # :136"
具名,cd21,lib/algorithms/platesolve/cpp/ipv/src/ipv_wcs.cpp:279,3600.0,未标注,②条文有名无值,"docs/algorithms/PHASE3_PROJ_IMPL.md:246 线性解 CD·δp = (ξ,η) (deg): det=CD11·CD22−CD12·CD21           # :136"
具名,cd22,lib/algorithms/platesolve/cpp/ipv/src/ipv_wcs.cpp:280,3600.0,未标注,②条文有名无值,"docs/algorithms/PHASE3_PROJ_IMPL.md:246 线性解 CD·δp = (ξ,η) (deg): det=CD11·CD22−CD12·CD21           # :136"
具名,x00,lib/algorithms/platesolve/cpp/ipv/src/ipv_wcs.cpp:333,.4f;4.22,未标注,③未见于条文面,
具名,x00,lib/algorithms/platesolve/cpp/ipv/src/ipv_wcs.cpp:336,0.0,未标注,③未见于条文面,
具名,y00,lib/algorithms/platesolve/cpp/ipv/src/ipv_wcs.cpp:337,0.0,未标注,③未见于条文面,
具名,det_lin,lib/algorithms/platesolve/cpp/ipv/src/ipv_wcs.cpp:350,.3,未标注,③未见于条文面,
具名,u_range,lib/algorithms/platesolve/cpp/ipv/src/ipv_wcs.cpp:433,2.0,未标注,③未见于条文面,
具名,v_range,lib/algorithms/platesolve/cpp/ipv/src/ipv_wcs.cpp:434,2.0,未标注,③未见于条文面,
具名,R_u,lib/algorithms/platesolve/cpp/ipv/src/ipv_wcs.cpp:437,0.0;1.0,未标注,③未见于条文面,
具名,R_v,lib/algorithms/platesolve/cpp/ipv/src/ipv_wcs.cpp:438,0.0;1.0,未标注,③未见于条文面,
具名,u,lib/algorithms/platesolve/cpp/ipv/src/ipv_wcs.cpp:449,2.0,未标注,③未见于条文面,
具名,v,lib/algorithms/platesolve/cpp/ipv/src/ipv_wcs.cpp:450,2.0,未标注,③未见于条文面,
具名,u,lib/algorithms/platesolve/cpp/ipv/src/ipv_wcs.cpp:558,2.0,未标注,③未见于条文面,
具名,v,lib/algorithms/platesolve/cpp/ipv/src/ipv_wcs.cpp:559,2.0,未标注,③未见于条文面,
具名,sum_r2,lib/algorithms/platesolve/cpp/ipv/src/ipv_wcs.cpp:622,0.0,未标注,③未见于条文面,
具名,rms_px,lib/algorithms/platesolve/cpp/ipv/src/ipv_wcs.cpp:646,0.0,未标注,①条文含值,docs/contracts/DATA_SEMANTICS.md:990 | rms_px / rms_arcsec | double | pixel / arcsec | n_pairs=0 时 =0.0（:51
具名,rms_arcsec,lib/algorithms/platesolve/cpp/ipv/src/ipv_wcs.cpp:647,0.0,未标注,①条文含值,docs/algorithms/PLATESOLVE.md:318 n_pairs≥12；rms_arcsec ≤0.5″；CD 元素相对误差 ≤2%（§9 尺度容差 0.002 同源）；
具名,sign_in,lib/algorithms/platesolve/cpp/ipv/src/ipv_wcs.cpp:681,-1.0;1.0,未标注,③未见于条文面,
具名,sign_in,lib/algorithms/platesolve/cpp/ipv/src/ipv_wcs.cpp:694,-1.0;1.0,未标注,③未见于条文面,
具名,sign_in,lib/algorithms/platesolve/cpp/ipv/src/ipv_wcs.cpp:707,-1.0;1.0,未标注,③未见于条文面,
具名,scale_arcsec,lib/algorithms/platesolve/cpp/ipv/src/ipv_wcs.cpp:736,3600.0,未标注,②条文有名无值,"docs/contracts/API_CONTRACTS.csv:11 API-aio_hips_set_drizzle_provenance,aio_hips_set_drizzle_provenance,li"
具名,rms_px,lib/algorithms/platesolve/cpp/ipv/src/ipv_wcs.cpp:757,.4f;0.5,未标注,②条文有名无值,docs/algorithms/GATES_AND_TOLERANCES.md:87 | 帧（真实数据） | s0（″/px） | 内部解 rms_px / rms_arcsec（n_pairs） | 外部闭环 **solve
具名,CD,lib/algorithms/platesolve/cpp/ipv/src/ipv_wcs.cpp:775,.6;.6f,未标注,③未见于条文面,
具名,CRPIX,lib/algorithms/platesolve/cpp/ipv/src/ipv_wcs.cpp:776,.1f;.4f,未标注,②条文有名无值,ACCEPTANCE_SPEC.md:96 | 独立 Oracle 对拍 | 每模块有不调用生产实现的独立 Oracle 或解析解；投影与 Astropy/WCSLIB 独立对拍（正反
具名,rms_arcsec,lib/algorithms/platesolve/cpp/ipv/src/ipv_wcs.cpp:777,.4f,未标注,②条文有名无值,docs/algorithms/GATES_AND_TOLERANCES.md:61 | G-P1-WCS-F1 | `rms_arcsec`（″） | **trans 拟合内点集（n_pairs ≥ 12）+ 合成线性场（o
具名,ra_rad,lib/algorithms/platesolve/cpp/ipv/src/ipv_wcs.cpp:803,180.0,未标注,③未见于条文面,
具名,dec_rad,lib/algorithms/platesolve/cpp/ipv/src/ipv_wcs.cpp:804,180.0,未标注,③未见于条文面,
具名,ra0_rad,lib/algorithms/platesolve/cpp/ipv/src/ipv_wcs.cpp:805,180.0,未标注,③未见于条文面,
具名,dec0_rad,lib/algorithms/platesolve/cpp/ipv/src/ipv_wcs.cpp:806,180.0,未标注,③未见于条文面,
具名,xi,lib/algorithms/platesolve/cpp/ipv/src/ipv_wcs.cpp:820,180.0,未标注,③未见于条文面,
具名,eta,lib/algorithms/platesolve/cpp/ipv/src/ipv_wcs.cpp:821,180.0,未标注,③未见于条文面,
具名,ax,lib/algorithms/platesolve/cpp/ipv/src/ipv_wcs.cpp:828,0.0,未标注,③未见于条文面,
具名,ax,lib/algorithms/platesolve/cpp/ipv/src/ipv_wcs.cpp:893,0.0,未标注,③未见于条文面,
具名,ax,lib/algorithms/platesolve/cpp/ipv/src/ipv_wcs.cpp:906,0.0,未标注,③未见于条文面,
具名,d11,lib/algorithms/platesolve/cpp/ipv/src/ipv_wcs.cpp:952,0.0,未标注,③未见于条文面,
具名,lambda,lib/algorithms/platesolve/cpp/ipv/src/ipv_wcs.cpp:982,1.0,未标注,②条文有名无值,docs/algorithms/PHASE2_COVERAGE.md:51 trim（lambda :32-37）；重复键后值覆盖前值（`kv[k]=v` :38）。
具名,nu,lib/algorithms/platesolve/cpp/ipv/src/ipv_wcs.cpp:983,0.0,未标注,③未见于条文面,
具名,rc,lib/algorithms/platesolve/cpp/ipv/test/ipv_params_abi_failclosed_test.cpp:81,0.0;180.0,未标注,③未见于条文面,
具名,rc,lib/algorithms/platesolve/cpp/ipv/test/ipv_params_abi_failclosed_test.cpp:86,0.0;180.0;3.45;800.0,未标注,③未见于条文面,
具名,rc,lib/algorithms/platesolve/cpp/ipv/test/ipv_params_abi_failclosed_test.cpp:90,0.0;180.0;800.0,未标注,③未见于条文面,
具名,rc,lib/algorithms/platesolve/cpp/ipv/test/ipv_params_abi_failclosed_test.cpp:96,180.0,未标注,③未见于条文面,
具名,rc,lib/algorithms/platesolve/cpp/ipv/test/ipv_params_abi_failclosed_test.cpp:103,180.0,未标注,③未见于条文面,
具名,rc,lib/algorithms/platesolve/cpp/ipv/test/ipv_params_abi_failclosed_test.cpp:111,0.0;180.0;800.0,未标注,③未见于条文面,
具名,rc,lib/algorithms/platesolve/cpp/ipv/test/ipv_params_abi_failclosed_test.cpp:117,0.0;180.0;800.0,未标注,③未见于条文面,
具名,x10,lib/algorithms/platesolve/cpp/ipv/test/test_extract_wcs_sip_failclosed.cpp:108,0.0,未标注,③未见于条文面,
具名,y10,lib/algorithms/platesolve/cpp/ipv/test/test_extract_wcs_sip_failclosed.cpp:109,0.0,未标注,③未见于条文面,
具名,x10,lib/algorithms/platesolve/cpp/ipv/test/test_extract_wcs_sip_failclosed.cpp:127,0.0;2.0,未标注,③未见于条文面,
具名,y10,lib/algorithms/platesolve/cpp/ipv/test/test_extract_wcs_sip_failclosed.cpp:128,0.0;2.0,未标注,③未见于条文面,
具名,x00,lib/algorithms/platesolve/cpp/ipv/test/test_extract_wcs_sip_failclosed.cpp:129,-1.0;5.0,未标注,③未见于条文面,
具名,n_stars,lib/algorithms/platesolve/cpp/ipv/test/test_kvector.cpp:132,.4f,未标注,②条文有名无值,docs/algorithms/NOISE_ESTIMATION.md:201 | DISP-NOISE-006 | `source_mask` 与 `star_x/y` 掩膜通道互斥：source_mask 非 NUL
具名,result,lib/algorithms/platesolve/cpp/ipv/test/test_kvector.cpp:141,1.0;10.0,未标注,②条文有名无值,docs/algorithms/INTEGRATION_ALGORITHMS.md:41 来源: `integrate.cpp:10-79` `integrate.h: P2PixelStack/Result`
具名,d,lib/algorithms/platesolve/cpp/ipv/test/test_kvector.cpp:168,.6f,未标注,③未见于条文面,
具名,d,lib/algorithms/platesolve/cpp/ipv/test/test_kvector.cpp:180,.4f,未标注,③未见于条文面,
具名,d_lo,lib/algorithms/platesolve/cpp/ipv/test/test_kvector.cpp:191,10.0,未标注,②条文有名无值,"docs/contracts/API_CONTRACTS.csv:311 API-kvector_query,kvector_query,lib/algorithms/platesolve/cpp/ipv/incl"
具名,d_hi,lib/algorithms/platesolve/cpp/ipv/test/test_kvector.cpp:192,100.0,未标注,②条文有名无值,"docs/contracts/API_CONTRACTS.csv:311 API-kvector_query,kvector_query,lib/algorithms/platesolve/cpp/ipv/incl"
具名,d,lib/algorithms/platesolve/cpp/ipv/test/test_kvector.cpp:199,.4f,未标注,③未见于条文面,
具名,result,lib/algorithms/platesolve/cpp/ipv/test/test_kvector.cpp:265,100.0;50.0,未标注,②条文有名无值,docs/algorithms/INTEGRATION_ALGORITHMS.md:41 来源: `integrate.cpp:10-79` `integrate.h: P2PixelStack/Result`
具名,r,lib/algorithms/platesolve/cpp/ipv/test/test_kvector.cpp:287,0.0;100.0,未标注,③未见于条文面,
具名,single,lib/algorithms/platesolve/cpp/ipv/test/test_kvector.cpp:295,1.0;2.0,未标注,②条文有名无值,"docs/algorithms/COSMETIC_ALGORITHMS.md:420 - **宇宙线剔除（单帧）**：van Dokkum 2001, PASP **113, 1420**（LA Cosmic，DOI 10.1"
具名,sigma,lib/algorithms/platesolve/cpp/ipv/test/test_last_inlier_reset.cpp:41,1.4;3000.0,未标注,②条文有名无值,docs/algorithms/CALIBRATION_ALGORITHMS.md:22 - 负责: master bias/dark/flat 生成（sigma-clip 合并）、单帧校准算术、
具名,i,lib/algorithms/platesolve/cpp/ipv/test/test_last_inlier_reset.cpp:132,-123.456,未标注,③未见于条文面,
具名,untouched,lib/algorithms/platesolve/cpp/ipv/test/test_last_inlier_reset.cpp:135,-123.456,未标注,③未见于条文面,
具名,alpha,lib/algorithms/platesolve/cpp/ipv/test/test_mag_iter.cpp:50,0.2885,未标注,②条文有名无值,ACCEPTANCE_SPEC.md:33 三个创新点（最高设计 §2）各立一个自包含实验单元，alpha 发布前必须全部跑通并经独立审稿。**实验单元目录结构与报告八要素的唯一正本 
具名,m_star,lib/algorithms/platesolve/cpp/ipv/test/test_mag_iter.cpp:51,12.0,未标注,③未见于条文面,
具名,N_star,lib/algorithms/platesolve/cpp/ipv/test/test_mag_iter.cpp:52,180.0,未标注,②条文有名无值,"docs/algorithms/NOISE_ESTIMATION.md:94 - 输入校准图 `float32[H×W]` 行主序连续（就地, 不复制整图）；`star_x/y`：`double[n_star]`。"
具名,n0,lib/algorithms/platesolve/cpp/ipv/test/test_mag_iter.cpp:53,0.0,未标注,③未见于条文面,
具名,cap_value,lib/algorithms/platesolve/cpp/ipv/test/test_mag_iter.cpp:54,-1.0,未标注,③未见于条文面,
具名,n,lib/algorithms/platesolve/cpp/ipv/test/test_mag_iter.cpp:64,10.0,未标注,③未见于条文面,
具名,n,lib/algorithms/platesolve/cpp/ipv/test/test_mag_iter.cpp:65,0.0,未标注,③未见于条文面,
具名,focal_mm,lib/algorithms/platesolve/cpp/ipv/test/test_mag_iter.cpp:72,1877.0;300.0,未标注,②条文有名无值,docs/algorithms/PLATESOLVE.md:237 | 选星 + U 构建 | ipv_select.cpp:787-837（`select_image_stars`：非饱和候选按 mag(b
具名,m_star,lib/algorithms/platesolve/cpp/ipv/test/test_mag_iter.cpp:88,14.0,未标注,③未见于条文面,
具名,alpha,lib/algorithms/platesolve/cpp/ipv/test/test_mag_iter.cpp:95,.4f,未标注,②条文有名无值,ACCEPTANCE_SPEC.md:33 三个创新点（最高设计 §2）各立一个自包含实验单元，alpha 发布前必须全部跑通并经独立审稿。**实验单元目录结构与报告八要素的唯一正本 
具名,alpha,lib/algorithms/platesolve/cpp/ipv/test/test_mag_iter.cpp:101,.4f,未标注,②条文有名无值,ACCEPTANCE_SPEC.md:33 三个创新点（最高设计 §2）各立一个自包含实验单元，alpha 发布前必须全部跑通并经独立审稿。**实验单元目录结构与报告八要素的唯一正本 
具名,N_star,lib/algorithms/platesolve/cpp/ipv/test/test_mag_iter.cpp:112,13.0;180.0,未标注,②条文有名无值,"docs/algorithms/NOISE_ESTIMATION.md:94 - 输入校准图 `float32[H×W]` 行主序连续（就地, 不复制整图）；`star_x/y`：`double[n_star]`。"
具名,N_star,lib/algorithms/platesolve/cpp/ipv/test/test_mag_iter.cpp:113,13.0;180.0,未标注,②条文有名无值,"docs/algorithms/NOISE_ESTIMATION.md:94 - 输入校准图 `float32[H×W]` 行主序连续（就地, 不复制整图）；`star_x/y`：`double[n_star]`。"
具名,m_lim_final,lib/algorithms/platesolve/cpp/ipv/test/test_mag_iter.cpp:123,.10f,未标注,③未见于条文面,
具名,alpha_final,lib/algorithms/platesolve/cpp/ipv/test/test_mag_iter.cpp:124,.10f,未标注,③未见于条文面,
具名,N_star,lib/algorithms/platesolve/cpp/ipv/test/test_mag_iter.cpp:142,180.0;20.0,未标注,②条文有名无值,"docs/algorithms/NOISE_ESTIMATION.md:94 - 输入校准图 `float32[H×W]` 行主序连续（就地, 不复制整图）；`star_x/y`：`double[n_star]`。"
具名,m_lim_final,lib/algorithms/platesolve/cpp/ipv/test/test_mag_iter.cpp:144,.10f,未标注,③未见于条文面,
具名,N_star,lib/algorithms/platesolve/cpp/ipv/test/test_mag_iter.cpp:161,200000.0,未标注,②条文有名无值,"docs/algorithms/NOISE_ESTIMATION.md:94 - 输入校准图 `float32[H×W]` 行主序连续（就地, 不复制整图）；`star_x/y`：`double[n_star]`。"
具名,N_star,lib/algorithms/platesolve/cpp/ipv/test/test_mag_iter.cpp:173,600000.0,未标注,②条文有名无值,"docs/algorithms/NOISE_ESTIMATION.md:94 - 输入校准图 `float32[H×W]` 行主序连续（就地, 不复制整图）；`star_x/y`：`double[n_star]`。"
具名,N_star,lib/algorithms/platesolve/cpp/ipv/test/test_mag_iter.cpp:180,12.0;180.0,未标注,②条文有名无值,"docs/algorithms/NOISE_ESTIMATION.md:94 - 输入校准图 `float32[H×W]` 行主序连续（就地, 不复制整图）；`star_x/y`：`double[n_star]`。"
具名,N_star,lib/algorithms/platesolve/cpp/ipv/test/test_mag_iter.cpp:188,250000.0,未标注,②条文有名无值,"docs/algorithms/NOISE_ESTIMATION.md:94 - 输入校准图 `float32[H×W]` 行主序连续（就地, 不复制整图）；`star_x/y`：`double[n_star]`。"
具名,N_star,lib/algorithms/platesolve/cpp/ipv/test/test_mag_iter.cpp:202,11.0;180.0,未标注,②条文有名无值,"docs/algorithms/NOISE_ESTIMATION.md:94 - 输入校准图 `float32[H×W]` 行主序连续（就地, 不复制整图）；`star_x/y`：`double[n_star]`。"
具名,N,lib/algorithms/platesolve/cpp/ipv/test/test_mag_iter.cpp:207,3.0,未标注,③未见于条文面,
具名,N_star,lib/algorithms/platesolve/cpp/ipv/test/test_mag_iter.cpp:216,1.0;30.0,未标注,②条文有名无值,"docs/algorithms/NOISE_ESTIMATION.md:94 - 输入校准图 `float32[H×W]` 行主序连续（就地, 不复制整图）；`star_x/y`：`double[n_star]`。"
具名,N_star,lib/algorithms/platesolve/cpp/ipv/test/test_mag_iter.cpp:217,1.0,未标注,②条文有名无值,"docs/algorithms/NOISE_ESTIMATION.md:94 - 输入校准图 `float32[H×W]` 行主序连续（就地, 不复制整图）；`star_x/y`：`double[n_star]`。"
具名,N_star,lib/algorithms/platesolve/cpp/ipv/test/test_mag_iter.cpp:231,16.0;300.0,未标注,②条文有名无值,"docs/algorithms/NOISE_ESTIMATION.md:94 - 输入校准图 `float32[H×W]` 行主序连续（就地, 不复制整图）；`star_x/y`：`double[n_star]`。"
具名,m_lim_safety,lib/algorithms/platesolve/cpp/ipv/test/test_mag_iter.cpp:233,5.0,未标注,③未见于条文面,
具名,safety,lib/algorithms/platesolve/cpp/ipv/test/test_mag_iter.cpp:237,.1f,未标注,②条文有名无值,docs/contracts/API-001.md:60 - 公共对象 thread-safety 在 header 注释声明；所有权（borrow/shared/unique/persisted）
具名,m_lim_clamp_hi,lib/algorithms/platesolve/cpp/ipv/test/test_mag_iter.cpp:242,15.0,未标注,③未见于条文面,
具名,N_star,lib/algorithms/platesolve/cpp/ipv/test/test_mag_iter.cpp:243,1.0,未标注,②条文有名无值,"docs/algorithms/NOISE_ESTIMATION.md:94 - 输入校准图 `float32[H×W]` 行主序连续（就地, 不复制整图）；`star_x/y`：`double[n_star]`。"
具名,m_lim_clamp_hi,lib/algorithms/platesolve/cpp/ipv/test/test_mag_iter.cpp:245,15.0,未标注,③未见于条文面,
具名,m_lim_alpha_prior,lib/algorithms/platesolve/cpp/ipv/test/test_mag_iter.cpp:248,0.05,未标注,③未见于条文面,
具名,N_star,lib/algorithms/platesolve/cpp/ipv/test/test_mag_iter.cpp:249,16.0;180.0,未标注,②条文有名无值,"docs/algorithms/NOISE_ESTIMATION.md:94 - 输入校准图 `float32[H×W]` 行主序连续（就地, 不复制整图）；`star_x/y`：`double[n_star]`。"
具名,N_star,lib/algorithms/platesolve/cpp/ipv/test/test_mag_iter.cpp:260,180.0,未标注,②条文有名无值,"docs/algorithms/NOISE_ESTIMATION.md:94 - 输入校准图 `float32[H×W]` 行主序连续（就地, 不复制整图）；`star_x/y`：`double[n_star]`。"
具名,oe,lib/algorithms/platesolve/cpp/ipv/test/test_mag_iter.cpp:265,1877.0;300.0,未标注,③未见于条文面,
具名,N_star,lib/algorithms/platesolve/cpp/ipv/test/test_mag_iter.cpp:268,14.0;180.0,未标注,②条文有名无值,"docs/algorithms/NOISE_ESTIMATION.md:94 - 输入校准图 `float32[H×W]` 行主序连续（就地, 不复制整图）；`star_x/y`：`double[n_star]`。"
具名,N_star,lib/algorithms/platesolve/cpp/ipv/test/test_mag_iter.cpp:288,180.0,未标注,②条文有名无值,"docs/algorithms/NOISE_ESTIMATION.md:94 - 输入校准图 `float32[H×W]` 行主序连续（就地, 不复制整图）；`star_x/y`：`double[n_star]`。"
具名,o,lib/algorithms/platesolve/cpp/ipv/test/test_mag_iter.cpp:289,300.0,未标注,③未见于条文面,
具名,focal,lib/algorithms/platesolve/cpp/ipv/test/test_mag_iter.cpp:292,13.0,未标注,②条文有名无值,"docs/science/PSF.md:177 1. Moffat, A. F. J. 1969, A&A 3, 455（""A Theoretical Investigation of F"
具名,N_star,lib/algorithms/platesolve/cpp/ipv/test/test_mag_iter.cpp:296,180.0,未标注,②条文有名无值,"docs/algorithms/NOISE_ESTIMATION.md:94 - 输入校准图 `float32[H×W]` 行主序连续（就地, 不复制整图）；`star_x/y`：`double[n_star]`。"
具名,o,lib/algorithms/platesolve/cpp/ipv/test/test_mag_iter.cpp:297,1877.0,未标注,③未见于条文面,
具名,N_star,lib/algorithms/platesolve/cpp/ipv/test/test_mag_iter.cpp:303,180.0,未标注,②条文有名无值,"docs/algorithms/NOISE_ESTIMATION.md:94 - 输入校准图 `float32[H×W]` 行主序连续（就地, 不复制整图）；`star_x/y`：`double[n_star]`。"
具名,o,lib/algorithms/platesolve/cpp/ipv/test/test_mag_iter.cpp:304,0.0;300.0,未标注,③未见于条文面,
具名,N_star,lib/algorithms/platesolve/cpp/ipv/test/test_mag_iter.cpp:309,180.0,未标注,②条文有名无值,"docs/algorithms/NOISE_ESTIMATION.md:94 - 输入校准图 `float32[H×W]` 行主序连续（就地, 不复制整图）；`star_x/y`：`double[n_star]`。"
具名,o,lib/algorithms/platesolve/cpp/ipv/test/test_mag_iter.cpp:310,0.0;1877.0,未标注,③未见于条文面,
具名,m_lim_alpha_min,lib/algorithms/platesolve/cpp/ipv/test/test_mag_iter.cpp:315,0.0,未标注,③未见于条文面,
具名,N_star,lib/algorithms/platesolve/cpp/ipv/test/test_mag_iter.cpp:316,180.0,未标注,②条文有名无值,"docs/algorithms/NOISE_ESTIMATION.md:94 - 输入校准图 `float32[H×W]` 行主序连续（就地, 不复制整图）；`star_x/y`：`double[n_star]`。"
具名,N_star,lib/algorithms/platesolve/cpp/ipv/test/test_mag_iter.cpp:323,180.0,未标注,②条文有名无值,"docs/algorithms/NOISE_ESTIMATION.md:94 - 输入校准图 `float32[H×W]` 行主序连续（就地, 不复制整图）；`star_x/y`：`double[n_star]`。"
具名,N_star,lib/algorithms/platesolve/cpp/ipv/test/test_mag_iter.cpp:330,13.0;180.0,未标注,②条文有名无值,"docs/algorithms/NOISE_ESTIMATION.md:94 - 输入校准图 `float32[H×W]` 行主序连续（就地, 不复制整图）；`star_x/y`：`double[n_star]`。"
具名,m_lim_final,lib/algorithms/platesolve/cpp/ipv/test/test_mag_iter_delivery.cpp:47,12.9850849855,未标注,③未见于条文面,
具名,alpha_final,lib/algorithms/platesolve/cpp/ipv/test/test_mag_iter_delivery.cpp:55,0.2885,未标注,③未见于条文面,
具名,m_lim_final,lib/algorithms/platesolve/cpp/ipv/test/test_mag_iter_delivery.cpp:74,13.0,未标注,③未见于条文面,
具名,m_lim_final,lib/algorithms/platesolve/cpp/ipv/test/test_mag_iter_delivery.cpp:93,11.5,未标注,③未见于条文面,
具名,n_after,lib/algorithms/platesolve/cpp/ipv/test/test_select_domain.cpp:204,180.0,未标注,③未见于条文面,
具名,empty_sweep,lib/algorithms/platesolve/cpp/ipv/test/test_select_domain.cpp:229,.3f,未标注,②条文有名无值,"docs/algorithms/PLATESOLVE.md:113 `[m_sweep_first, m_sweep_last]`、空结果次数 `n_zero_queries`、是否空扫描 `empty_sw"
具名,n_after,lib/algorithms/platesolve/cpp/ipv/test/test_select_domain.cpp:264,180.0,未标注,③未见于条文面,
具名,k,lib/algorithms/platesolve/cpp/ipv/test/test_select_domain.cpp:290,0.01f;5.0f,未标注,③未见于条文面,
具名,n_sat,lib/algorithms/platesolve/cpp/ipv/test/test_select_domain.cpp:317,.60,未标注,②条文有名无值,docs/algorithms/PLATESOLVE.md:138 - **退化性（无回归）**：`n_sat = 0` 时 `r_i = i`、`n_depth = |U|`，
具名,s,lib/algorithms/platesolve/cpp/ipv/test/test_synthetic.cpp:66,1.0,未标注,③未见于条文面,
具名,theta,lib/algorithms/platesolve/cpp/ipv/test/test_synthetic.cpp:67,6.0,未标注,②条文有名无值,"docs/algorithms/STAR_DETECTION_ALGORITHMS.md:99 `theta=−alpha` 归一到 (−90°,90°]。残差坐标 `dx=x+0.5−cx`（像素中心=索引+0.5，"
具名,tx,lib/algorithms/platesolve/cpp/ipv/test/test_synthetic.cpp:68,500.0,未标注,③未见于条文面,
具名,ty,lib/algorithms/platesolve/cpp/ipv/test/test_synthetic.cpp:69,300.0,未标注,③未见于条文面,
具名,x,lib/algorithms/platesolve/cpp/ipv/test/test_synthetic.cpp:107,1.0,未标注,③未见于条文面,
具名,y,lib/algorithms/platesolve/cpp/ipv/test/test_synthetic.cpp:108,1.0,未标注,③未见于条文面,
具名,RMS,lib/algorithms/platesolve/cpp/ipv/test/test_synthetic.cpp:152,0.1,未标注,③未见于条文面,
具名,RMS,lib/algorithms/platesolve/cpp/ipv/test/test_synthetic.cpp:155,0.1,未标注,③未见于条文面,
具名,pass,lib/algorithms/platesolve/cpp/ipv/test/test_synthetic.cpp:185,0.01,未标注,②条文有名无值,ENGINEERING_SPEC.md:170 - 控制包收口（任务全 PASS、结论沉淀进文档）后，其目录按 CONTROL_PACK_SPEC §9 清理，过程留 git 历史，不长期
具名,pass,lib/algorithms/platesolve/cpp/ipv/test/test_synthetic.cpp:186,0.01,未标注,②条文有名无值,ENGINEERING_SPEC.md:170 - 控制包收口（任务全 PASS、结论沉淀进文档）后，其目录按 CONTROL_PACK_SPEC §9 清理，过程留 git 历史，不长期
具名,pass,lib/algorithms/platesolve/cpp/ipv/test/test_synthetic.cpp:187,1.0,未标注,②条文有名无值,ENGINEERING_SPEC.md:170 - 控制包收口（任务全 PASS、结论沉淀进文档）后，其目录按 CONTROL_PACK_SPEC §9 清理，过程留 git 历史，不长期
具名,pass,lib/algorithms/platesolve/cpp/ipv/test/test_synthetic.cpp:188,1.0,未标注,②条文有名无值,ENGINEERING_SPEC.md:170 - 控制包收口（任务全 PASS、结论沉淀进文档）后，其目录按 CONTROL_PACK_SPEC §9 清理，过程留 git 历史，不长期
具名,sigma_d,lib/algorithms/platesolve/cpp/ipv/test/test_synthetic.cpp:227,1.0,未标注,②条文有名无值,"docs/contracts/API_CONTRACTS.csv:317 API-collect_candidates,collect_candidates,lib/algorithms/platesolve/cp"
具名,fov_diag,lib/algorithms/platesolve/cpp/ipv/test/test_synthetic.cpp:235,2.0;4000.0,未标注,②条文有名无值,"docs/contracts/API_CONTRACTS.csv:316 API-build_hex_descriptor,build_hex_descriptor,lib/algorithms/platesolv"
具名,max_vote_after,lib/algorithms/platesolve/cpp/ipv/test/test_synthetic.cpp:239,0.0,未标注,③未见于条文面,
具名,r1,lib/algorithms/platesolve/cpp/ipv/test/test_triangle_budget.cpp:48,0.002,未标注,③未见于条文面,
具名,r2,lib/algorithms/platesolve/cpp/ipv/test/test_triangle_budget.cpp:49,0.002,未标注,③未见于条文面,
具名,n,lib/algorithms/platesolve/cpp/ipv/test/test_triangle_budget.cpp:59,.1f,未标注,③未见于条文面,
具名,rb,lib/algorithms/platesolve/cpp/ipv/test/test_triangle_budget.cpp:68,0.002,未标注,③未见于条文面,
具名,n,lib/algorithms/platesolve/cpp/ipv/test/test_triangle_budget.cpp:75,500.0,未标注,③未见于条文面,
具名,n,lib/algorithms/platesolve/cpp/ipv/test/test_triangle_budget.cpp:76,.3f,未标注,③未见于条文面,
具名,rc,lib/algorithms/platesolve/cpp/ipv/test/test_triangle_budget.cpp:83,0.002,未标注,③未见于条文面,
具名,n,lib/algorithms/platesolve/cpp/ipv/test/test_triangle_budget.cpp:89,500.0,未标注,③未见于条文面,
具名,n,lib/algorithms/platesolve/cpp/ipv/test/test_triangle_budget.cpp:90,.3f,未标注,③未见于条文面,
具名,center,lib/algorithms/platesolve/module.yaml:146,+0.5,未标注,②条文有名无值,"ACCEPTANCE_SPEC.md:12 L4[""L4 真实数据端到端视觉验收<br/>M42 + Galaxy Center · 负责人目检""]"
具名,d2r,lib/algorithms/platesolve/wrapper_phase1/wcs_tan.cpp:17,180.0,未标注,③未见于条文面,
具名,dec0,lib/algorithms/platesolve/wrapper_phase1/wcs_tan.cpp:21,180.0,未标注,②条文有名无值,docs/algorithms/PHASE3_PROJ_IMPL.md:556 容差 ≤1e-8 deg（实测 ≤6.854e-13°），**必须含 dec0≠0 用例**（CRVAL2 只在
具名,ra0,lib/algorithms/platesolve/wrapper_phase1/wcs_tan.cpp:22,180.0,未标注,③未见于条文面,
具名,dec,lib/algorithms/platesolve/wrapper_phase1/wcs_tan.cpp:37,180.0,未标注,③未见于条文面,
具名,ra,lib/algorithms/platesolve/wrapper_phase1/wcs_tan.cpp:38,180.0,未标注,③未见于条文面,
具名,dec0,lib/algorithms/platesolve/wrapper_phase1/wcs_tan.cpp:42,180.0,未标注,②条文有名无值,docs/algorithms/PHASE3_PROJ_IMPL.md:556 容差 ≤1e-8 deg（实测 ≤6.854e-13°），**必须含 dec0≠0 用例**（CRVAL2 只在
具名,dra,lib/algorithms/platesolve/wrapper_phase1/wcs_tan.cpp:43,180.0,未标注,③未见于条文面,
具名,ddec,lib/algorithms/platesolve/wrapper_phase1/wcs_tan.cpp:46,180.0,未标注,③未见于条文面,
具名,ASTROCS_BUILD_TESTS,lib/algorithms/projection/CMakeLists.txt:29,4.6,未标注,③未见于条文面,
具名,kProjectionRegistryVersion,lib/algorithms/projection/module.yaml:53,2.2,未标注,②条文有名无值,docs/algorithms/PHASE3_PROJ_IMPL.md:426 `kProjectionRegistryVersion = 3`。
具名,kRad,lib/algorithms/projection/p3_proj_v6.cpp:52,180.0,未标注,②条文有名无值,"docs/algorithms/PHASE3_PROJ_IMPL.md:200 `R = {(x,y) : |CD·((x,y)+1−CRPIX)|·kRad < π/2}` 是仿射映射 `CD` 下**圆盘的原像**"
具名,kHalfPi,lib/algorithms/projection/p3_proj_v6.cpp:54,2.0,未标注,③未见于条文面,
具名,ra,lib/algorithms/projection/p3_proj_v6.cpp:63,360.0,未标注,③未见于条文面,
具名,sgn_x,lib/algorithms/projection/p3_proj_v6.cpp:71,-1.0;1.0,未标注,②条文有名无值,"docs/algorithms/PHASE3_PROJ_IMPL.md:172 CD = R(−PA)·diag(sgn_x·s, sgn_y·s),  R(−PA)=[[cosPA, sinPA], [−sinPA, "
具名,dx,lib/algorithms/projection/p3_proj_v6.cpp:83,1.0,未标注,③未见于条文面,
具名,dy,lib/algorithms/projection/p3_proj_v6.cpp:84,1.0,未标注,③未见于条文面,
具名,x,lib/algorithms/projection/p3_proj_v6.cpp:95,1.0,未标注,③未见于条文面,
具名,y,lib/algorithms/projection/p3_proj_v6.cpp:96,1.0,未标注,③未见于条文面,
具名,phip,lib/algorithms/projection/p3_proj_v6.cpp:141,0.0,未标注,③未见于条文面,
具名,cos_dp,lib/algorithms/projection/p3_proj_v6.cpp:143,1.0,未标注,③未见于条文面,
具名,cos_dp,lib/algorithms/projection/p3_proj_v6.cpp:144,-1.0,未标注,③未见于条文面,
具名,sth,lib/algorithms/projection/p3_proj_v6.cpp:169,1.0,未标注,③未见于条文面,
具名,sth,lib/algorithms/projection/p3_proj_v6.cpp:170,-1.0,未标注,③未见于条文面,
具名,ph,lib/algorithms/projection/p3_proj_v6.cpp:174,2.0,未标注,③未见于条文面,
具名,theta,lib/algorithms/projection/p3_proj_v6.cpp:188,1.0,未标注,②条文有名无值,"docs/algorithms/STAR_DETECTION_ALGORITHMS.md:99 `theta=−alpha` 归一到 (−90°,90°]。残差坐标 `dx=x+0.5−cx`（像素中心=索引+0.5，"
具名,ctheta,lib/algorithms/projection/p3_proj_v6.cpp:230,0.0;1.0,未标注,②条文有名无值,docs/algorithms/PHASE3_PROJ_IMPL.md:649 - **不在本节范围（已知偏差，现行）**：v6 SIN 内核用 `ctheta = sqrt(1 − stheta²)` 反算，存在**灾
具名,a_ell,lib/algorithms/projection/p3_proj_v6.cpp:276,4.0,未标注,③未见于条文面,
具名,half,lib/algorithms/projection/p3_proj_v6.cpp:283,1.0;2.0,未标注,②条文有名无值,"docs/algorithms/DRIZZLE_GEOMETRY.md:105 - drop 四角: `half = 0.5·pixfrac`，`(x±half, y±half)` 经 WCS/SIP"
具名,dq,lib/algorithms/projection/p3_proj_v6.cpp:297,1.0;2.0,未标注,③未见于条文面,
具名,st,lib/algorithms/projection/p3_proj_v6.cpp:360,1.0,未标注,③未见于条文面,
具名,st,lib/algorithms/projection/p3_proj_v6.cpp:366,90.0,未标注,③未见于条文面,
具名,a_ell,lib/algorithms/projection/p3_proj_v6.cpp:371,4.0,未标注,③未见于条文面,
具名,sth,lib/algorithms/projection/p3_proj_v6.cpp:373,0.0,未标注,③未见于条文面,
具名,st,lib/algorithms/projection/p3_proj_v6.cpp:374,1.0,未标注,③未见于条文面,
具名,crpix_x,lib/algorithms/projection/p3_proj_v6.cpp:460,2.0,未标注,②条文有名无值,docs/algorithms/PHASE3_PROJ_IMPL.md:88 double crpix_x;         // FITS 1-based pixel-center
具名,crpix_y,lib/algorithms/projection/p3_proj_v6.cpp:461,2.0,未标注,②条文有名无值,docs/algorithms/PHASE3_PROJ_IMPL.md:89 double crpix_y;         // FITS 1-based pixel-center
具名,CRPIX1,lib/algorithms/projection/p3_proj_v6.cpp:510,.10f,未标注,②条文有名无值,docs/algorithms/PHASE3_FITS_IMPL.md:42 | CRPIX1/2 | f64 px | FITS 1-based pixel-center | p3_wcs.h:17-18 / p3_
具名,CRPIX2,lib/algorithms/projection/p3_proj_v6.cpp:511,.10f,未标注,①条文含值,docs/algorithms/PHASE3_PROJ_IMPL.md:270 `CRPIX1/CRPIX2`（%.10f）、`CRVAL1/CRVAL2`（%.10f）、
具名,CRVAL1,lib/algorithms/projection/p3_proj_v6.cpp:512,.10f,未标注,①条文含值,docs/algorithms/PHASE3_PROJ_IMPL.md:270 `CRPIX1/CRPIX2`（%.10f）、`CRVAL1/CRVAL2`（%.10f）、
具名,CRVAL2,lib/algorithms/projection/p3_proj_v6.cpp:513,.10f,未标注,①条文含值,docs/algorithms/PHASE3_PROJ_IMPL.md:270 `CRPIX1/CRPIX2`（%.10f）、`CRVAL1/CRVAL2`（%.10f）、
具名,CD1_1,lib/algorithms/projection/p3_proj_v6.cpp:514,.12,未标注,②条文有名无值,docs/algorithms/PHASE3_FITS_IMPL.md:44 | CD1_1..CD2_2 | f64 deg/px | FITS 顺序 CD[i][j] | p3_wcs.h:19 / p3_outp
具名,CD1_2,lib/algorithms/projection/p3_proj_v6.cpp:515,.12,未标注,②条文有名无值,docs/algorithms/PHASE3_PROJ_IMPL.md:174 CD1_1 = sgn_x·s·cosPA;  CD1_2 = sgn_y·s·sinPA
具名,CD2_1,lib/algorithms/projection/p3_proj_v6.cpp:516,.12,未标注,②条文有名无值,docs/algorithms/PHASE3_PROJ_IMPL.md:175 CD2_1 = −sgn_x·s·sinPA; CD2_2 = sgn_y·s·cosPA      # :75-78 实现行
具名,CD2_2,lib/algorithms/projection/p3_proj_v6.cpp:517,.12,未标注,②条文有名无值,docs/algorithms/PHASE3_FITS_IMPL.md:44 | CD1_1..CD2_2 | f64 deg/px | FITS 顺序 CD[i][j] | p3_wcs.h:19 / p3_outp
具名,st,lib/algorithms/projection/p3_proj_v6.cpp:526,0.5,未标注,③未见于条文面,
具名,st,lib/algorithms/projection/p3_proj_v6.cpp:528,0.5,未标注,③未见于条文面,
具名,st,lib/algorithms/projection/p3_proj_v6.cpp:530,0.5,未标注,③未见于条文面,
具名,st,lib/algorithms/projection/p3_proj_v6.cpp:532,0.5,未标注,③未见于条文面,
具名,area,lib/algorithms/projection/p3_proj_v6.cpp:555,4.0,未标注,②条文有名无值,docs/algorithms/DRIZZLE_GEOMETRY.md:96 aio_hips_writer finalize_tile（variance = var_num_sum/area²，
具名,dec_min,lib/algorithms/projection/p3_proj_v6.cpp:599,-90.0;90.0,未标注,②条文有名无值,"docs/algorithms/GAIA_QUERY.md:94 节点 bbox `[ra_min,ra_max]×[dec_min,dec_max]`（由节点平面坐标 + center_ra 恢复）："
具名,om_max,lib/algorithms/projection/p3_proj_v6.cpp:602,0.0,未标注,③未见于条文面,
具名,y,lib/algorithms/projection/p3_proj_v6.cpp:607,0.0,未标注,③未见于条文面,
具名,x,lib/algorithms/projection/p3_proj_v6.cpp:609,0.0,未标注,③未见于条文面,
具名,max_gap,lib/algorithms/projection/p3_proj_v6.cpp:635,360.0,未标注,③未见于条文面,
具名,pole_margin_deg,lib/algorithms/projection/p3_proj_v6.cpp:642,90.0,未标注,③未见于条文面,
具名,crosses_ra_wrap,lib/algorithms/projection/p3_proj_v6.cpp:645,180.0,未标注,③未见于条文面,
具名,domain_valid,lib/algorithms/projection/p3_proj_v6.cpp:646,0.0,未标注,③未见于条文面,
具名,omega_max_min_ratio,lib/algorithms/projection/p3_proj_v6.cpp:653,0.0,未标注,③未见于条文面,
具名,i,lib/algorithms/projection/p3_proj_v6.cpp:696,0.0,未标注,③未见于条文面,
具名,s,lib/algorithms/projection/p3_proj_v6.cpp:750,0.0,未标注,③未见于条文面,
具名,j,lib/algorithms/projection/p3_proj_v6.cpp:759,0.0,未标注,③未见于条文面,
具名,kRad,lib/algorithms/projection/p3_projection.cpp:39,180.0,未标注,②条文有名无值,"docs/algorithms/PHASE3_PROJ_IMPL.md:200 `R = {(x,y) : |CD·((x,y)+1−CRPIX)|·kRad < π/2}` 是仿射映射 `CD` 下**圆盘的原像**"
具名,ra,lib/algorithms/projection/p3_projection.cpp:49,360.0,未标注,③未见于条文面,
具名,sgn_x,lib/algorithms/projection/p3_projection.cpp:61,-1.0;1.0,未标注,②条文有名无值,"docs/algorithms/PHASE3_PROJ_IMPL.md:172 CD = R(−PA)·diag(sgn_x·s, sgn_y·s),  R(−PA)=[[cosPA, sinPA], [−sinPA, "
具名,dx,lib/algorithms/projection/p3_projection.cpp:75,1.0,未标注,③未见于条文面,
具名,dy,lib/algorithms/projection/p3_projection.cpp:76,1.0,未标注,③未见于条文面,
具名,x,lib/algorithms/projection/p3_projection.cpp:88,1.0,未标注,③未见于条文面,
具名,y,lib/algorithms/projection/p3_projection.cpp:89,1.0,未标注,③未见于条文面,
具名,theta,lib/algorithms/projection/p3_projection.cpp:139,1.0,未标注,②条文有名无值,"docs/algorithms/STAR_DETECTION_ALGORITHMS.md:99 `theta=−alpha` 归一到 (−90°,90°]。残差坐标 `dx=x+0.5−cx`（像素中心=索引+0.5，"
具名,ctheta,lib/algorithms/projection/p3_projection.cpp:183,0.0;1.0,未标注,②条文有名无值,docs/algorithms/PHASE3_PROJ_IMPL.md:649 - **不在本节范围（已知偏差，现行）**：v6 SIN 内核用 `ctheta = sqrt(1 − stheta²)` 反算，存在**灾
具名,dra,lib/algorithms/projection/p3_projection.cpp:214,360.0,未标注,③未见于条文面,
具名,half,lib/algorithms/projection/p3_projection.cpp:239,1.0;2.0,未标注,②条文有名无值,"docs/algorithms/DRIZZLE_GEOMETRY.md:105 - drop 四角: `half = 0.5·pixfrac`，`(x±half, y±half)` 经 WCS/SIP"
具名,dra,lib/algorithms/projection/p3_projection.cpp:253,360.0,未标注,③未见于条文面,
具名,dq,lib/algorithms/projection/p3_projection.cpp:258,1.0;2.0,未标注,③未见于条文面,
具名,crpix_x,lib/algorithms/projection/p3_projection.cpp:338,2.0,未标注,②条文有名无值,docs/algorithms/PHASE3_PROJ_IMPL.md:88 double crpix_x;         // FITS 1-based pixel-center
具名,crpix_y,lib/algorithms/projection/p3_projection.cpp:339,2.0,未标注,②条文有名无值,docs/algorithms/PHASE3_PROJ_IMPL.md:89 double crpix_y;         // FITS 1-based pixel-center
具名,CRPIX1,lib/algorithms/projection/p3_projection.cpp:389,.10f,未标注,②条文有名无值,docs/algorithms/PHASE3_FITS_IMPL.md:42 | CRPIX1/2 | f64 px | FITS 1-based pixel-center | p3_wcs.h:17-18 / p3_
具名,CRPIX2,lib/algorithms/projection/p3_projection.cpp:390,.10f,未标注,①条文含值,docs/algorithms/PHASE3_PROJ_IMPL.md:270 `CRPIX1/CRPIX2`（%.10f）、`CRVAL1/CRVAL2`（%.10f）、
具名,CRVAL1,lib/algorithms/projection/p3_projection.cpp:391,.10f,未标注,①条文含值,docs/algorithms/PHASE3_PROJ_IMPL.md:270 `CRPIX1/CRPIX2`（%.10f）、`CRVAL1/CRVAL2`（%.10f）、
具名,CRVAL2,lib/algorithms/projection/p3_projection.cpp:392,.10f,未标注,①条文含值,docs/algorithms/PHASE3_PROJ_IMPL.md:270 `CRPIX1/CRPIX2`（%.10f）、`CRVAL1/CRVAL2`（%.10f）、
具名,CD1_1,lib/algorithms/projection/p3_projection.cpp:393,.12,未标注,②条文有名无值,docs/algorithms/PHASE3_FITS_IMPL.md:44 | CD1_1..CD2_2 | f64 deg/px | FITS 顺序 CD[i][j] | p3_wcs.h:19 / p3_outp
具名,CD1_2,lib/algorithms/projection/p3_projection.cpp:394,.12,未标注,②条文有名无值,docs/algorithms/PHASE3_PROJ_IMPL.md:174 CD1_1 = sgn_x·s·cosPA;  CD1_2 = sgn_y·s·sinPA
具名,CD2_1,lib/algorithms/projection/p3_projection.cpp:395,.12,未标注,②条文有名无值,docs/algorithms/PHASE3_PROJ_IMPL.md:175 CD2_1 = −sgn_x·s·sinPA; CD2_2 = sgn_y·s·cosPA      # :75-78 实现行
具名,CD2_2,lib/algorithms/projection/p3_projection.cpp:396,.12,未标注,②条文有名无值,docs/algorithms/PHASE3_FITS_IMPL.md:44 | CD1_1..CD2_2 | f64 deg/px | FITS 顺序 CD[i][j] | p3_wcs.h:19 / p3_outp
具名,max_err_px,lib/algorithms/projection/p3_projection_registry.h:225,0.0,未标注,③未见于条文面,
具名,kRad,lib/algorithms/projection/p3_wcs.cpp:19,180.0,未标注,②条文有名无值,"docs/algorithms/PHASE3_PROJ_IMPL.md:200 `R = {(x,y) : |CD·((x,y)+1−CRPIX)|·kRad < π/2}` 是仿射映射 `CD` 下**圆盘的原像**"
具名,ra,lib/algorithms/projection/p3_wcs.cpp:30,360.0,未标注,③未见于条文面,
具名,crpix_x,lib/algorithms/projection/p3_wcs.cpp:114,2.0,未标注,②条文有名无值,docs/algorithms/PHASE3_PROJ_IMPL.md:88 double crpix_x;         // FITS 1-based pixel-center
具名,crpix_y,lib/algorithms/projection/p3_wcs.cpp:115,2.0,未标注,②条文有名无值,docs/algorithms/PHASE3_PROJ_IMPL.md:89 double crpix_y;         // FITS 1-based pixel-center
具名,sgn_x,lib/algorithms/projection/p3_wcs.cpp:138,-1.0;1.0,未标注,②条文有名无值,"docs/algorithms/PHASE3_PROJ_IMPL.md:172 CD = R(−PA)·diag(sgn_x·s, sgn_y·s),  R(−PA)=[[cosPA, sinPA], [−sinPA, "
具名,c_env,lib/algorithms/projection/p3_wcs.cpp:256,0.0,未标注,②条文有名无值,docs/algorithms/GATES_AND_TOLERANCES.md:67 | G-P1-WCS-BRIDGE | 九宫格（中心 1 + 四角 4 + 四边中点 4，两 parity 共 18 格）逐像素 round
具名,tol_px,lib/algorithms/projection/p3_wcs.cpp:289,0.0,未标注,③未见于条文面,
具名,margin,lib/algorithms/projection/p3_wcs.cpp:291,0.0,未标注,③未见于条文面,
具名,worst,lib/algorithms/projection/p3_wcs.cpp:304,0.0,未标注,②条文有名无值,docs/algorithms/PHASE2_REJECTION.md:341 worst = argmax_{accept} |work−mean|/s                     :1739-1753
具名,ra,lib/algorithms/projection/p3_wcs.cpp:308,0.0,未标注,③未见于条文面,
具名,worst,lib/algorithms/projection/p3_wcs.cpp:359,0.0,未标注,②条文有名无值,docs/algorithms/PHASE2_REJECTION.md:341 worst = argmax_{accept} |work−mean|/s                     :1739-1753
具名,ra,lib/algorithms/projection/p3_wcs.cpp:364,0.0,未标注,③未见于条文面,
具名,x,lib/algorithms/projection/p3_wcs.cpp:380,1.0,未标注,③未见于条文面,
具名,y,lib/algorithms/projection/p3_wcs.cpp:383,1.0,未标注,③未见于条文面,
具名,x,lib/algorithms/projection/p3_wcs.cpp:414,1.0,未标注,③未见于条文面,
具名,y,lib/algorithms/projection/p3_wcs.cpp:415,1.0,未标注,③未见于条文面,
具名,cx,lib/algorithms/projection/p3_wcs.cpp:464,2.0,未标注,③未见于条文面,
具名,cy,lib/algorithms/projection/p3_wcs.cpp:465,2.0,未标注,③未见于条文面,
具名,err,lib/algorithms/projection/p3_wcs.cpp:492,0.0,未标注,③未见于条文面,
具名,theta,lib/algorithms/projection/p3_wcs.cpp:527,1.0,未标注,②条文有名无值,"docs/algorithms/STAR_DETECTION_ALGORITHMS.md:99 `theta=−alpha` 归一到 (−90°,90°]。残差坐标 `dx=x+0.5−cx`（像素中心=索引+0.5，"
具名,CRPIX1,lib/algorithms/projection/p3_wcs.cpp:582,.10f,未标注,②条文有名无值,docs/algorithms/PHASE3_FITS_IMPL.md:42 | CRPIX1/2 | f64 px | FITS 1-based pixel-center | p3_wcs.h:17-18 / p3_
具名,CRPIX2,lib/algorithms/projection/p3_wcs.cpp:583,.10f,未标注,①条文含值,docs/algorithms/PHASE3_PROJ_IMPL.md:270 `CRPIX1/CRPIX2`（%.10f）、`CRVAL1/CRVAL2`（%.10f）、
具名,CRVAL1,lib/algorithms/projection/p3_wcs.cpp:584,.10f,未标注,①条文含值,docs/algorithms/PHASE3_PROJ_IMPL.md:270 `CRPIX1/CRPIX2`（%.10f）、`CRVAL1/CRVAL2`（%.10f）、
具名,CRVAL2,lib/algorithms/projection/p3_wcs.cpp:585,.10f,未标注,①条文含值,docs/algorithms/PHASE3_PROJ_IMPL.md:270 `CRPIX1/CRPIX2`（%.10f）、`CRVAL1/CRVAL2`（%.10f）、
具名,CD1_1,lib/algorithms/projection/p3_wcs.cpp:586,.12,未标注,②条文有名无值,docs/algorithms/PHASE3_FITS_IMPL.md:44 | CD1_1..CD2_2 | f64 deg/px | FITS 顺序 CD[i][j] | p3_wcs.h:19 / p3_outp
具名,CD1_2,lib/algorithms/projection/p3_wcs.cpp:587,.12,未标注,②条文有名无值,docs/algorithms/PHASE3_PROJ_IMPL.md:174 CD1_1 = sgn_x·s·cosPA;  CD1_2 = sgn_y·s·sinPA
具名,CD2_1,lib/algorithms/projection/p3_wcs.cpp:588,.12,未标注,②条文有名无值,docs/algorithms/PHASE3_PROJ_IMPL.md:175 CD2_1 = −sgn_x·s·sinPA; CD2_2 = sgn_y·s·cosPA      # :75-78 实现行
具名,CD2_2,lib/algorithms/projection/p3_wcs.cpp:589,.12,未标注,②条文有名无值,docs/algorithms/PHASE3_FITS_IMPL.md:44 | CD1_1..CD2_2 | f64 deg/px | FITS 顺序 CD[i][j] | p3_wcs.h:19 / p3_outp
具名,xmin,lib/algorithms/projection/p3_wcs.h:280,0.0,未标注,③未见于条文面,
具名,x,lib/algorithms/projection/p3_wcs.h:284,0.0,未标注,③未见于条文面,
具名,sum_p,lib/algorithms/psf/include/astrocs/v6/psf_information.h:41,0.0,未标注,③未见于条文面,
具名,sum_p2,lib/algorithms/psf/include/astrocs/v6/psf_information.h:42,0.0,未标注,③未见于条文面,
具名,a_nea,lib/algorithms/psf/include/astrocs/v6/psf_information.h:43,0.0,未标注,②条文有名无值,docs/contracts/DATA_SEMANTICS.md:3303 **`concentration` 单位以 `component_flux_unit/px^2` 为唯一权威**（`A_NEA = 1/ΣP
具名,norm_abs_error,lib/algorithms/psf/include/astrocs/v6/psf_information.h:44,0.0,未标注,③未见于条文面,
具名,fwhm,lib/algorithms/psf/include/astrocs/v6/psf_information.h:68,0.0,未标注,①条文含值,docs/algorithms/GATES_AND_TOLERANCES.md:54 | G-P1-CENTROID-1 | `median\|astro_det − truth\| ≤ 0.1 ∧ p95 ≤ 0.3 ∧ \
具名,ee_r1,lib/algorithms/psf/include/astrocs/v6/psf_information.h:69,0.0,未标注,③未见于条文面,
具名,ee_r2,lib/algorithms/psf/include/astrocs/v6/psf_information.h:70,0.0,未标注,③未见于条文面,
具名,MOFFAT4_FWHM_FACTOR,lib/algorithms/psf/module.yaml:127,1.230310,未标注,①条文含值,docs/algorithms/STAR_DETECTION_ALGORITHMS.md:300 （`MOFFAT4_FWHM_FACTOR=1.230310`）；同 sx 下 FWHM 报值相差 **1.9140×**，
具名,DPSF_FIT_OK,lib/algorithms/psf/module.yaml:145,11.2,未标注,②条文有名无值,docs/algorithms/STAR_PSF_ALGORITHMS.md:186 | 0 | DPSF_FIT_OK | 收敛 :163 且过验证链一~三 | 全参数回填 :391-403 | 计入 out_n_valid
具名,DPSF_FIT_INVALID_PARAMS,lib/algorithms/psf/module.yaml:148,0.01;0.5,未标注,②条文有名无值,docs/algorithms/STAR_PSF_ALGORITHMS.md:109 | 图像含 NaN/Inf | **逐像素**跳过（采样阶段 `isfinite` 过滤，`:284-304`），其余像素正常拟合；**整窗
具名,FWHM,lib/algorithms/psf/module.yaml:161,1.230310,未标注,②条文有名无值,ASTROCS_DESIGN.md:228 - PSF 拟合质量代理（FWHM、残差尺度等）只作诊断。
具名,radius,lib/algorithms/psf/src/dpsf_image.cpp:29,3.0,未标注,②条文有名无值,docs/algorithms/GAIA_QUERY.md:121 radius < 0                    → 不剪枝（防御）
具名,sum,lib/algorithms/psf/src/dpsf_image.cpp:32,0.0,未标注,③未见于条文面,
具名,val,lib/algorithms/psf/src/dpsf_image.cpp:44,0.0,未标注,③未见于条文面,
具名,val,lib/algorithms/psf/src/dpsf_image.cpp:54,0.0,未标注,③未见于条文面,
具名,i,lib/algorithms/psf/src/dpsf_image.cpp:195,0.0f,未标注,③未见于条文面,
具名,sum,lib/algorithms/psf/src/dpsf_image.cpp:279,0.0,未标注,③未见于条文面,
具名,top,lib/algorithms/psf/src/dpsf_image.cpp:313,1.0f,未标注,③未见于条文面,
具名,bot,lib/algorithms/psf/src/dpsf_image.cpp:314,1.0f,未标注,③未见于条文面,
具名,val,lib/algorithms/psf/src/dpsf_image.cpp:328,0.0,未标注,③未见于条文面,
具名,val,lib/algorithms/psf/src/dpsf_image.cpp:339,0.0,未标注,③未见于条文面,
具名,out_med,lib/algorithms/psf/src/dpsf_image.cpp:353,0.0f,未标注,③未见于条文面,
具名,out_mad,lib/algorithms/psf/src/dpsf_image.cpp:354,0.0f,未标注,③未见于条文面,
具名,med,lib/algorithms/psf/src/dpsf_image.cpp:363,.6f,未标注,③未见于条文面,
具名,med,lib/algorithms/psf/src/dpsf_image.cpp:389,.1f;.6f,未标注,③未见于条文面,
具名,med_change,lib/algorithms/psf/src/dpsf_image.cpp:397,.4f,未标注,③未见于条文面,
具名,max_rounds,lib/algorithms/psf/src/dpsf_image.cpp:409,.6f,未标注,③未见于条文面,
具名,h,lib/algorithms/psf/src/dpsf_psf.cpp:4,0.3,未标注,③未见于条文面,
具名,sin2t,lib/algorithms/psf/src/dpsf_psf.cpp:96,2.0,未标注,③未见于条文面,
具名,inv_sx2,lib/algorithms/psf/src/dpsf_psf.cpp:97,1.0;2.0,未标注,③未见于条文面,
具名,inv_sy2,lib/algorithms/psf/src/dpsf_psf.cpp:98,1.0;2.0,未标注,③未见于条文面,
具名,p2,lib/algorithms/psf/src/dpsf_psf.cpp:100,4.0,未标注,③未见于条文面,
具名,Q,lib/algorithms/psf/src/dpsf_psf.cpp:106,2.0,未标注,③未见于条文面,
具名,cost,lib/algorithms/psf/src/dpsf_psf.cpp:184,.6f,未标注,②条文有名无值,"docs/algorithms/STAR_PSF_ALGORITHMS.md:113 | 平坦星 `‖∇‖→0` | LM 奇异 → iter limit, cost 阈校验 fail (169-170) |"
具名,cost,lib/algorithms/psf/src/dpsf_psf.cpp:206,.6f,未标注,②条文有名无值,"docs/algorithms/STAR_PSF_ALGORITHMS.md:113 | 平坦星 `‖∇‖→0` | LM 奇异 → iter limit, cost 阈校验 fail (169-170) |"
具名,sin2t,lib/algorithms/psf/src/dpsf_psf.cpp:228,2.0,未标注,③未见于条文面,
具名,inv_sx2,lib/algorithms/psf/src/dpsf_psf.cpp:229,1.0;2.0,未标注,③未见于条文面,
具名,inv_sy2,lib/algorithms/psf/src/dpsf_psf.cpp:230,1.0;2.0,未标注,③未见于条文面,
具名,p2,lib/algorithms/psf/src/dpsf_psf.cpp:232,4.0,未标注,③未见于条文面,
具名,Q,lib/algorithms/psf/src/dpsf_psf.cpp:239,2.0,未标注,③未见于条文面,
具名,lo,lib/algorithms/psf/src/dpsf_psf.cpp:248,0.1,未标注,③未见于条文面,
具名,hi,lib/algorithms/psf/src/dpsf_psf.cpp:249,0.9,未标注,③未见于条文面,
具名,center,lib/algorithms/psf/src/dpsf_psf.cpp:313,.2f,未标注,②条文有名无值,"ACCEPTANCE_SPEC.md:12 L4[""L4 真实数据端到端视觉验收<br/>M42 + Galaxy Center · 负责人目检""]"
具名,threshold,lib/algorithms/psf/src/dpsf_psf.cpp:343,1.482602218505602;2.0,未标注,②条文有名无值,docs/algorithms/COSMETIC_ALGORITHMS.md:276 含 NaN，`data[i] > threshold` 等比较为 false → NaN 不判坏，
具名,A,lib/algorithms/psf/src/dpsf_psf.cpp:364,.2f,未标注,③未见于条文面,
具名,sx0,lib/algorithms/psf/src/dpsf_psf.cpp:368,0.15,未标注,③未见于条文面,
具名,B,lib/algorithms/psf/src/dpsf_psf.cpp:371,.2f,未标注,③未见于条文面,
具名,status,lib/algorithms/psf/src/dpsf_psf.cpp:377,.2f;.4f,未标注,②条文有名无值,"docs/algorithms/ACR_EQUIVALENCE.md:11 - 输出: {signal, support, rejection_count, status} per-pixel, 与CPU refer"
具名,finite,lib/algorithms/psf/src/dpsf_psf.cpp:387,.2f;.4f,未标注,②条文有名无值,docs/algorithms/ACR_EQUIVALENCE.md:47 | non-finite candidate | INVALID_INPUT一致 |
具名,fwhm_x,lib/algorithms/psf/src/dpsf_psf.cpp:397,.2f,未标注,②条文有名无值,docs/algorithms/STAR_PSF_ALGORITHMS.md:37 （全图 0-based px）、[5]=fwhm（(fwhm_x+fwhm_y)/2 平均）、[6]=A、[7]=mad
具名,bkg_range,lib/algorithms/psf/src/dpsf_psf.cpp:403,0.01,未标注,③未见于条文面,
具名,B,lib/algorithms/psf/src/dpsf_psf.cpp:405,.4f,未标注,③未见于条文面,
具名,theta,lib/algorithms/psf/src/dpsf_psf.cpp:417,.4f,未标注,②条文有名无值,"docs/algorithms/STAR_DETECTION_ALGORITHMS.md:99 `theta=−alpha` 归一到 (−90°,90°]。残差坐标 `dx=x+0.5−cx`（像素中心=索引+0.5，"
具名,flux,lib/algorithms/psf/src/dpsf_psf.cpp:429,2.0;3.0,未标注,②条文有名无值,docs/algorithms/GAIA_QUERY.md:136 float32 fluxMin @32 + float32 fluxMul @36 + uint8 flux[343] @40 + 1B 填
具名,eccentricity,lib/algorithms/psf/src/dpsf_psf.cpp:432,1.0,未标注,②条文有名无值,"docs/algorithms/STAR_PSF_ALGORITHMS.md:29 `[N,9]` (status, B, flux, cx, cy, fwhm, A, mad, eccentricity)"
具名,status,lib/algorithms/psf/src/dpsf_psf.cpp:441,.1f;.2f;.4f,未标注,②条文有名无值,"docs/algorithms/ACR_EQUIVALENCE.md:11 - 输出: {signal, support, rejection_count, status} per-pixel, 与CPU refer"
具名,cx,lib/algorithms/psf/src/dpsf_psf.cpp:500,.2f,未标注,③未见于条文面,
具名,cx,lib/algorithms/psf/src/dpsf_psf.cpp:517,.2f,未标注,③未见于条文面,
具名,cx,lib/algorithms/psf/src/dpsf_psf.cpp:894,.2f,未标注,③未见于条文面,
具名,status,lib/algorithms/psf/src/dpsf_psf.cpp:938,.2f,未标注,②条文有名无值,"docs/algorithms/ACR_EQUIVALENCE.md:11 - 输出: {signal, support, rejection_count, status} per-pixel, 与CPU refer"
具名,schema,lib/algorithms/psf/src/dpsf_psf.cpp:977,.3f,未标注,②条文有名无值,ACCEPTANCE_SPEC.md:49 **SCI-A 口径锚**：`k_photo` 是线性乘性标度、`I_photo = k_photo·I_cal`；星等只按 `m = ZP
具名,cx,lib/algorithms/psf/src/dpsf_psf.cpp:1065,.2f,未标注,③未见于条文面,
具名,status,lib/algorithms/psf/src/dpsf_psf.cpp:1106,.2f,未标注,②条文有名无值,"docs/algorithms/ACR_EQUIVALENCE.md:11 - 输出: {signal, support, rejection_count, status} per-pixel, 与CPU refer"
具名,schema,lib/algorithms/psf/src/dpsf_psf.cpp:1142,.3f,未标注,②条文有名无值,ACCEPTANCE_SPEC.md:49 **SCI-A 口径锚**：`k_photo` 是线性乘性标度、`I_photo = k_photo·I_cal`；星等只按 `m = ZP
具名,MOFFAT4_FWHM_FACTOR,lib/algorithms/psf/src/dpsf_psf.h:4,1.230310,未标注,①条文含值,docs/algorithms/STAR_DETECTION_ALGORITHMS.md:300 （`MOFFAT4_FWHM_FACTOR=1.230310`）；同 sx 下 FWHM 报值相差 **1.9140×**，
具名,robust_residual_sigma,lib/algorithms/psf/src/dpsf_psf.h:8,0.7316727929211932,未标注,①条文含值,docs/algorithms/STAR_PSF_ALGORITHMS.md:45 单位 ADU），**不是**中位绝对偏差；`robust_residual_sigma = [7]/0.7316727929211932`
具名,sum,lib/algorithms/psf/src/psf_information.cpp:23,0.0,未标注,③未见于条文面,
具名,negative,lib/algorithms/psf/src/psf_information.cpp:31,0.0,未标注,②条文有名无值,"docs/algorithms/GAIA_QUERY.md:104 false-negative=0 是工程保守性结论（V18R3 差分 18 查询 683,297 星一致），"
具名,norm_abs_error,lib/algorithms/psf/src/psf_information.cpp:49,1.0,未标注,③未见于条文面,
具名,a_nea,lib/algorithms/psf/src/psf_information.cpp:54,1.0,未标注,②条文有名无值,docs/contracts/DATA_SEMANTICS.md:3303 **`concentration` 单位以 `component_flux_unit/px^2` 为唯一权威**（`A_NEA = 1/ΣP
具名,half,lib/algorithms/psf/src/psf_information.cpp:75,2.0,未标注,②条文有名无值,"docs/algorithms/DRIZZLE_GEOMETRY.md:105 - drop 四角: `half = 0.5·pixfrac`，`(x±half, y±half)` 经 WCS/SIP"
具名,left,lib/algorithms/psf/src/psf_information.cpp:77,0.0,未标注,②条文有名无值,docs/science/PSF_SIGNAL_WEIGHT.md:50 >   `\textup{SNR}_{PSF} = \frac{c_3\left(\sum_{j=1}^n f_j\right)^2}{c_
具名,t,lib/algorithms/psf/src/psf_information.cpp:82,0.0,未标注,③未见于条文面,
具名,t,lib/algorithms/psf/src/psf_information.cpp:91,0.0,未标注,③未见于条文面,
具名,total,lib/algorithms/psf/src/psf_information.cpp:114,0.0,未标注,②条文有名无值,"docs/contracts/unified_object_registry.json:355 ""total"": 7,"
具名,denom_peak,lib/algorithms/psf/src/psf_information.cpp:146,0.0,未标注,③未见于条文面,
具名,total,lib/algorithms/psf/src/psf_information.cpp:166,0.0,未标注,②条文有名无值,"docs/contracts/unified_object_registry.json:355 ""total"": 7,"
具名,ee_r2,lib/algorithms/psf/src/psf_information.cpp:180,2.0,未标注,③未见于条文面,
具名,bkg,lib/algorithms/psf/test/test_dpsf_nan_sort.cpp:37,10.0,未标注,③未见于条文面,
具名,rc,lib/algorithms/psf/test/test_dpsf_nan_sort.cpp:58,32.0,未标注,③未见于条文面,
具名,expect_fwhm,lib/algorithms/psf/test/test_dpsf_nan_sort.cpp:62,2.0;2.5,未标注,③未见于条文面,
具名,rc,lib/algorithms/psf/test/test_dpsf_nan_sort.cpp:77,32.0,未标注,③未见于条文面,
具名,rc,lib/algorithms/psf/test/test_dpsf_nan_sort.cpp:98,32.0,未标注,③未见于条文面,
具名,rc,lib/algorithms/psf/test/test_dpsf_nan_sort.cpp:110,32.0,未标注,③未见于条文面,
具名,rc,lib/algorithms/psf/test/test_dpsf_nan_sort.cpp:128,32.0,未标注,③未见于条文面,
具名,d0r,lib/algorithms/resample/p3_resample.cpp:354,180.0,未标注,③未见于条文面,
具名,ar,lib/algorithms/resample/p3_resample.cpp:359,180.0,未标注,③未见于条文面,
具名,u,lib/algorithms/resample/p3_resample.cpp:413,0.0,未标注,③未见于条文面,
具名,v,lib/algorithms/resample/p3_resample.cpp:414,0.0,未标注,③未见于条文面,
具名,u,lib/algorithms/resample/p3_resample.cpp:415,0.0;1.0,未标注,③未见于条文面,
具名,v,lib/algorithms/resample/p3_resample.cpp:416,0.0;1.0,未标注,③未见于条文面,
具名,wsum,lib/algorithms/resample/p3_resample.cpp:425,0.0,未标注,②条文有名无值,docs/algorithms/ACR_EQUIVALENCE.md:51 - per-pixel独立无跨pixel归约；split按p0 固定顺序concat；归约仅 per-pixel vs/wsum FP64固
具名,zero_eligible,lib/algorithms/resample/p3_resample.cpp:438,0.0,未标注,③未见于条文面,
具名,val,lib/algorithms/resample/p3_resample.cpp:447,0.0,未标注,③未见于条文面,
具名,out,lib/algorithms/resample/p3_resample.cpp:539,1.0,未标注,③未见于条文面,
具名,acc,lib/algorithms/resample/p3_resample.cpp:554,0.0;30.4,未标注,③未见于条文面,
具名,w,lib/algorithms/resample/p3_resample.cpp:558,1.0,未标注,③未见于条文面,
具名,_k,lib/algorithms/resample/p3_resample.h:141,0.0,未标注,③未见于条文面,
具名,overlap_sr,lib/algorithms/resample/p3_rsmp.h:185,0.0,未标注,③未见于条文面,
具名,out_origin_x,lib/algorithms/resample/p3_rsmp.h:258,0.0,未标注,③未见于条文面,
具名,out_origin_y,lib/algorithms/resample/p3_rsmp.h:259,0.0,未标注,③未见于条文面,
具名,out_step,lib/algorithms/resample/p3_rsmp.h:260,1.0,未标注,③未见于条文面,
具名,a,lib/algorithms/resample/p3_rsmp.h:369,0.0,未标注,③未见于条文面,
具名,psf_sum,lib/algorithms/resample/p3_rsmp.h:445,1.0,未标注,③未见于条文面,
具名,i,lib/algorithms/resample/p3_rsmp_covariance.cpp:12,1.0,未标注,③未见于条文面,
具名,mx,lib/algorithms/resample/p3_rsmp_covariance.cpp:80,0.0,未标注,③未见于条文面,
具名,max_interp_err,lib/algorithms/resample/p3_rsmp_kernel_registry.cpp:192,0.027395522883651657,未标注,③未见于条文面,
具名,analytic_bound,lib/algorithms/resample/p3_rsmp_kernel_registry.cpp:193,0.0277777;1.0;36.0,未标注,③未见于条文面,
具名,err_over_bound,lib/algorithms/resample/p3_rsmp_kernel_registry.cpp:194,0.9862388238114597,未标注,③未见于条文面,
具名,max_weight_sum_dev,lib/algorithms/resample/p3_rsmp_kernel_registry.cpp:195,0.0,未标注,③未见于条文面,
具名,zero_fill_error,lib/algorithms/resample/p3_rsmp_kernel_registry.cpp:197,1.3223,未标注,③未见于条文面,
具名,max_interp_err,lib/algorithms/resample/p3_rsmp_kernel_registry.cpp:220,0.0,未标注,③未见于条文面,
具名,analytic_bound,lib/algorithms/resample/p3_rsmp_kernel_registry.cpp:221,0.0,未标注,③未见于条文面,
具名,err_over_bound,lib/algorithms/resample/p3_rsmp_kernel_registry.cpp:222,1.0,未标注,③未见于条文面,
具名,max_weight_sum_dev,lib/algorithms/resample/p3_rsmp_kernel_registry.cpp:223,0.0,未标注,③未见于条文面,
具名,zero_fill_error,lib/algorithms/resample/p3_rsmp_kernel_registry.cpp:225,0.0,未标注,③未见于条文面,
具名,w,lib/algorithms/resample/p3_rsmp_operator.cpp:65,0.0,未标注,③未见于条文面,
具名,area,lib/algorithms/resample/p3_rsmp_operator.cpp:118,0.0,未标注,②条文有名无值,docs/algorithms/DRIZZLE_GEOMETRY.md:96 aio_hips_writer finalize_tile（variance = var_num_sum/area²，
具名,area,lib/algorithms/resample/p3_rsmp_operator.cpp:154,0.0,未标注,②条文有名无值,docs/algorithms/DRIZZLE_GEOMETRY.md:96 aio_hips_writer finalize_tile（variance = var_num_sum/area²，
具名,w,lib/algorithms/resample/p3_rsmp_operator.cpp:207,0.0,未标注,③未见于条文面,
具名,u,lib/algorithms/resample/p3_rsmp_operator.cpp:240,0.5,未标注,③未见于条文面,
具名,v,lib/algorithms/resample/p3_rsmp_operator.cpp:241,0.5,未标注,③未见于条文面,
具名,w00,lib/algorithms/resample/p3_rsmp_operator.cpp:246,1.0,未标注,③未见于条文面,
具名,w10,lib/algorithms/resample/p3_rsmp_operator.cpp:247,1.0,未标注,③未见于条文面,
具名,w01,lib/algorithms/resample/p3_rsmp_operator.cpp:248,1.0,未标注,③未见于条文面,
具名,psf_sum,lib/algorithms/resample/p3_rsmp_propagation.cpp:119,0.0,未标注,③未见于条文面,
具名,pi_sum,lib/algorithms/resample/p3_rsmp_propagation.cpp:207,0.0,未标注,③未见于条文面,
具名,pi_cinv_pi,lib/algorithms/resample/p3_rsmp_propagation.cpp:240,0.0,未标注,③未见于条文面,
具名,pi_cinv_f,lib/algorithms/resample/p3_rsmp_propagation.cpp:241,0.0,未标注,③未见于条文面,
具名,F_hat,lib/algorithms/resample/p3_rsmp_propagation.cpp:248,0.0,未标注,②条文有名无值,docs/contracts/DATA_ARTIFACTS.md:52 | DATA-OBJ-SOURCE-SNR-001 | source_snr（UNIFIED_MODEL §2 对象；可否作权重：不直接作帧
具名,var_F_hat,lib/algorithms/resample/p3_rsmp_propagation.cpp:249,0.0;1.0,未标注,③未见于条文面,
具名,z,lib/algorithms/shared/healpix/healpix_core.cpp:69,1.0,未标注,③未见于条文面,
具名,z,lib/algorithms/shared/healpix/healpix_core.cpp:70,-1.0,未标注,③未见于条文面,
具名,kx,lib/algorithms/shared/healpix/healpix_core.cpp:92,1.0,未标注,③未见于条文面,
具名,ky,lib/algorithms/shared/healpix/healpix_core.cpp:94,1.0;2.0,未标注,③未见于条文面,
具名,zunits,lib/algorithms/shared/healpix/healpix_core.cpp:113,3.0;4.0,未标注,③未见于条文面,
具名,u2,lib/algorithms/shared/healpix/healpix_core.cpp:116,1.0,未标注,③未见于条文面,
具名,zfactor,lib/algorithms/shared/healpix/healpix_core.cpp:162,1.0,未标注,③未见于条文面,
具名,zfactor,lib/algorithms/shared/healpix/healpix_core.cpp:166,1.0,未标注,③未见于条文面,
具名,zfactor,lib/algorithms/shared/healpix/healpix_core.cpp:170,-1.0,未标注,③未见于条文面,
具名,zoff,lib/algorithms/shared/healpix/healpix_core.cpp:176,0.0,未标注,③未见于条文面,
具名,phioff,lib/algorithms/shared/healpix/healpix_core.cpp:180,1.0,未标注,③未见于条文面,
具名,zoff,lib/algorithms/shared/healpix/healpix_core.cpp:182,-1.0,未标注,③未见于条文面,
具名,phioff,lib/algorithms/shared/healpix/healpix_core.cpp:185,1.0,未标注,③未见于条文面,
具名,zoff,lib/algorithms/shared/healpix/healpix_core.cpp:186,-2.0,未标注,③未见于条文面,
具名,phi,lib/algorithms/shared/healpix/healpix_core.cpp:190,2.0;4.0,未标注,③未见于条文面,
具名,rad,lib/algorithms/shared/healpix/healpix_core.cpp:191,1.0,未标注,③未见于条文面,
具名,phi_t,lib/algorithms/shared/healpix/healpix_core.cpp:203,0.0,未标注,③未见于条文面,
具名,phi_t,lib/algorithms/shared/healpix/healpix_core.cpp:205,2.0,未标注,③未见于条文面,
具名,vv,lib/algorithms/shared/healpix/healpix_core.cpp:209,2.0,未标注,③未见于条文面,
具名,vv,lib/algorithms/shared/healpix/healpix_core.cpp:211,2.0,未标注,③未见于条文面,
具名,z,lib/algorithms/shared/healpix/healpix_core.cpp:213,1.0,未标注,③未见于条文面,
具名,rad,lib/algorithms/shared/healpix/healpix_core.cpp:214,1.0,未标注,③未见于条文面,
具名,ra_deg,lib/algorithms/shared/healpix/healpix_core.cpp:249,0.0,未标注,②条文有名无值,"docs/algorithms/HIPS_WRITER.md:244 （:888）；点 (ra_deg,dec_deg) 经共享 HEALPix 权威"
具名,dec_deg,lib/algorithms/shared/healpix/healpix_core.cpp:250,0.0,未标注,②条文有名无值,"docs/algorithms/HIPS_WRITER.md:244 （:888）；点 (ra_deg,dec_deg) 经共享 HEALPix 权威"
具名,ra_rad,lib/algorithms/shared/healpix/healpix_core.cpp:263,0.0,未标注,③未见于条文面,
具名,ra_deg,lib/algorithms/shared/healpix/healpix_core.cpp:265,180.0,未标注,②条文有名无值,"docs/algorithms/HIPS_WRITER.md:244 （:888）；点 (ra_deg,dec_deg) 经共享 HEALPix 权威"
具名,dec_deg,lib/algorithms/shared/healpix/healpix_core.cpp:266,180.0,未标注,②条文有名无值,"docs/algorithms/HIPS_WRITER.md:244 （:888）；点 (ra_deg,dec_deg) 经共享 HEALPix 权威"
具名,d1,lib/algorithms/shared/healpix/healpix_core.cpp:305,180.0,未标注,③未见于条文面,
具名,d2,lib/algorithms/shared/healpix/healpix_core.cpp:306,180.0,未标注,③未见于条文面,
具名,dra,lib/algorithms/shared/healpix/healpix_core.cpp:307,180.0,未标注,③未见于条文面,
具名,c,lib/algorithms/shared/healpix/healpix_core.cpp:309,1.0,未标注,③未见于条文面,
具名,c,lib/algorithms/shared/healpix/healpix_core.cpp:310,-1.0,未标注,③未见于条文面,
具名,area,lib/algorithms/shared/healpix/healpix_core.cpp:329,12.0;4.0,未标注,②条文有名无值,docs/algorithms/DRIZZLE_GEOMETRY.md:96 aio_hips_writer finalize_tile（variance = var_num_sum/area²，
具名,phi_a,lib/algorithms/shared/healpix/healpix_core.cpp:429,4.0,未标注,③未见于条文面,
具名,dot,lib/algorithms/shared/healpix/healpix_core.cpp:432,1.0,未标注,③未见于条文面,
具名,radius_rad,lib/algorithms/shared/healpix/healpix_core.cpp:443,180.0;3600.0,未标注,③未见于条文面,
具名,decR,lib/algorithms/shared/healpix/healpix_core.cpp:444,180.0,未标注,③未见于条文面,
具名,raR,lib/algorithms/shared/healpix/healpix_core.cpp:445,180.0,未标注,③未见于条文面,
具名,ra_c,lib/algorithms/shared/healpix/healpix_core.cpp:477,0.0,未标注,③未见于条文面,
具名,z,lib/algorithms/shared/healpix/healpix_core.cpp:479,180.0,未标注,③未见于条文面,
具名,phi,lib/algorithms/shared/healpix/healpix_core.cpp:480,180.0,未标注,③未见于条文面,
具名,cangdist,lib/algorithms/shared/healpix/healpix_core.cpp:484,1.0,未标注,③未见于条文面,
具名,cangdist,lib/algorithms/shared/healpix/healpix_core.cpp:485,-1.0,未标注,③未见于条文面,
具名,avmax,lib/algorithms/star_detection/src/nls_lm.cpp:21,0.75,未标注,③未见于条文面,
具名,s,lib/algorithms/star_detection/src/nls_lm.cpp:73,0.0,未标注,③未见于条文面,
具名,s,lib/algorithms/star_detection/src/nls_lm.cpp:111,0.0,未标注,③未见于条文面,
具名,max_diag,lib/algorithms/star_detection/src/nls_lm.cpp:144,0.0,未标注,③未见于条文面,
具名,max_diag,lib/algorithms/star_detection/src/nls_lm.cpp:146,0.0;1.0,未标注,③未见于条文面,
具名,lam0,lib/algorithms/star_detection/src/nls_lm.cpp:151,0.0,未标注,③未见于条文面,
具名,ok0,lib/algorithms/star_detection/src/nls_lm.cpp:152,0.0,未标注,③未见于条文面,
具名,lam0,lib/algorithms/star_detection/src/nls_lm.cpp:155,10.0,未标注,③未见于条文面,
具名,psi_lo,lib/algorithms/star_detection/src/nls_lm.cpp:169,0.0,未标注,③未见于条文面,
具名,seed,lib/algorithms/star_detection/src/nls_lm.cpp:174,0.0,未标注,②条文有名无值,ASTROCS_DESIGN.md:760 - 实验单元目录结构：`实验/<单元>/` 下含 README 实验报告、`code/`（固定 seed、可复跑）、`results/`、`
具名,psi_hi,lib/algorithms/star_detection/src/nls_lm.cpp:184,1.0,未标注,③未见于条文面,
具名,lam,lib/algorithms/star_detection/src/nls_lm.cpp:204,0.5,未标注,③未见于条文面,
具名,next,lib/algorithms/star_detection/src/nls_lm.cpp:217,0.5,未标注,②条文有名无值,docs/algorithms/PHASE2_REJECTION.md:323 收缩到 kept 集，next iteration                             :1688-1701
具名,delta,lib/algorithms/star_detection/src/nls_lm.cpp:293,0.0,未标注,①条文含值,docs/algorithms/PHASE2_UPM_IMPL.md:363 | T1 | 恒等/线性面恢复：线性真值 k·f → evalrel(f) | \|evalrel(f)−0.5f\|≤0.05（delta
具名,mu,lib/algorithms/star_detection/src/nls_lm.cpp:294,0.0,未标注,③未见于条文面,
具名,nu,lib/algorithms/star_detection/src/nls_lm.cpp:295,2.0,未标注,③未见于条文面,
具名,s,lib/algorithms/star_detection/src/nls_lm.cpp:303,0.0,未标注,③未见于条文面,
具名,s,lib/algorithms/star_detection/src/nls_lm.cpp:315,0.0,未标注,③未见于条文面,
具名,sg,lib/algorithms/star_detection/src/nls_lm.cpp:320,0.0,未标注,③未见于条文面,
具名,rho,lib/algorithms/star_detection/src/nls_lm.cpp:326,-1.0;0.0,未标注,③未见于条文面,
具名,dhnorm,lib/algorithms/star_detection/src/nls_lm.cpp:327,0.0,未标注,③未见于条文面,
具名,hgh,lib/algorithms/star_detection/src/nls_lm.cpp:349,0.0,未标注,③未见于条文面,
具名,s,lib/algorithms/star_detection/src/nls_lm.cpp:352,0.0,未标注,③未见于条文面,
具名,prered,lib/algorithms/star_detection/src/nls_lm.cpp:356,-2.0,未标注,③未见于条文面,
具名,rho,lib/algorithms/star_detection/src/nls_lm.cpp:357,-1.0;0.0,未标注,③未见于条文面,
具名,mu,lib/algorithms/star_detection/src/nls_lm.cpp:370,0.0,未标注,③未见于条文面,
具名,nu,lib/algorithms/star_detection/src/nls_lm.cpp:371,2.0,未标注,③未见于条文面,
具名,factor,lib/algorithms/star_detection/src/nls_lm.cpp:398,1.0,未标注,②条文有名无值,"docs/algorithms/DRIZZLE_GEOMETRY.md:88 `I = Σ_i d_i·a_i·w_i·s² / Σ_i a_i·w_i`（""a factor of s² is introduced t"
具名,factor,lib/algorithms/star_detection/src/nls_lm.cpp:399,1.0;3.0,未标注,②条文有名无值,"docs/algorithms/DRIZZLE_GEOMETRY.md:88 `I = Σ_i d_i·a_i·w_i·s² / Σ_i a_i·w_i`（""a factor of s² is introduced t"
具名,nu,lib/algorithms/star_detection/src/nls_lm.cpp:401,2.0,未标注,③未见于条文面,
具名,scale,lib/algorithms/star_detection/src/nls_lm.cpp:423,0.0;1.0,未标注,②条文有名无值,docs/algorithms/CALIBRATION_ALGORITHMS.md:61 U1 亮场域 ≫ 1 ADU 而 bias/dark 中位数 ≤ 1.0 且未声明 normalized+scale ⇒ 拒；
具名,ginf,lib/algorithms/star_detection/src/nls_lm.cpp:432,0.0,未标注,③未见于条文面,
具名,factor_up,lib/algorithms/star_detection/src/nls_lm.h:54,0.75,未标注,③未见于条文面,
具名,xtol_abs,lib/algorithms/star_detection/src/nls_lm.h:60,3.1,未标注,③未见于条文面,
具名,factor_up,lib/algorithms/star_detection/src/nls_lm.h:61,3.0,未标注,③未见于条文面,
具名,factor_down,lib/algorithms/star_detection/src/nls_lm.h:62,2.0,未标注,③未见于条文面,
具名,avmax,lib/algorithms/star_detection/src/nls_lm.h:63,0.75,未标注,③未见于条文面,
具名,cost,lib/algorithms/star_detection/src/nls_lm.h:78,0.0,未标注,②条文有名无值,"docs/algorithms/STAR_PSF_ALGORITHMS.md:113 | 平坦星 `‖∇‖→0` | LM 奇异 → iter limit, cost 阈校验 fail (169-170) |"
具名,rms,lib/algorithms/star_detection/src/nls_lm.h:79,0.0,未标注,③未见于条文面,
具名,mu,lib/algorithms/star_detection/src/nls_lm.h:80,0.0,未标注,③未见于条文面,
具名,delta,lib/algorithms/star_detection/src/nls_lm.h:81,0.0,未标注,①条文含值,docs/algorithms/PHASE2_UPM_IMPL.md:363 | T1 | 恒等/线性面恢复：线性真值 k·f → evalrel(f) | \|evalrel(f)−0.5f\|≤0.05（delta
具名,over,lib/algorithms/star_detection/src/sdet_angle_guard.h:49,90.0,未标注,②条文有名无值,"docs/science/CALIBRATION.md:219 whole columns with the sigma level set appropriately""，""Reject over col"
具名,required,lib/algorithms/star_detection/src/sdet_angle_guard.h:51,180.0,未标注,②条文有名无值,"docs/algorithms/PHASE2_COVERAGE.md:79 → rc=1 ""unsupported hips_ordering=%s (NESTED required)""（fail-closed）；本"
具名,r,lib/algorithms/star_detection/src/sdet_api.cpp:127,0.5;1.0,未标注,③未见于条文面,
具名,sumres,lib/algorithms/star_detection/src/sdet_api.cpp:131,0.0,未标注,③未见于条文面,
具名,r,lib/algorithms/star_detection/src/sdet_api.cpp:170,0.5;1.0,未标注,③未见于条文面,
具名,tmpd,lib/algorithms/star_detection/src/sdet_api.cpp:184,2.0,未标注,③未见于条文面,
具名,tmpd,lib/algorithms/star_detection/src/sdet_api.cpp:186,2.0,未标注,③未见于条文面,
具名,tmpd,lib/algorithms/star_detection/src/sdet_api.cpp:192,1.0;2.0,未标注,③未见于条文面,
具名,rmse_ratio,lib/algorithms/star_detection/src/sdet_api.cpp:231,1.482602218505602,未标注,③未见于条文面,
具名,fwhm_limit,lib/algorithms/star_detection/src/sdet_api.cpp:248,0.5;1.0,未标注,③未见于条文面,
具名,rmse,lib/algorithms/star_detection/src/sdet_api.cpp:310,0.0,未标注,②条文有名无值,docs/algorithms/PHOTOMETRIC_FIT.md:40 - **F7 适用域**：窗口作用于 `Δ−median(Δ)`，故对 `F_instr` 的**整体乘性标度严格不变**（合成实验：`k=
具名,halfA,lib/algorithms/star_detection/src/sdet_api.cpp:320,0.5,未标注,②条文有名无值,docs/algorithms/STAR_DETECTION_ALGORITHMS.md:101 - 初始化（:289-346）: halfA 边界搜索（`max_val=A0+B0`，沿中心行列向外走到
具名,x0_init,lib/algorithms/star_detection/src/sdet_api.cpp:355,2.0,未标注,③未见于条文面,
具名,y0_init,lib/algorithms/star_detection/src/sdet_api.cpp:356,2.0,未标注,③未见于条文面,
具名,FWHM,lib/algorithms/star_detection/src/sdet_api.cpp:362,1.0,未标注,②条文有名无值,ASTROCS_DESIGN.md:228 - PSF 拟合质量代理（FWHM、残差尺度等）只作诊断。
具名,roundness,lib/algorithms/star_detection/src/sdet_api.cpp:364,1.0,未标注,②条文有名无值,docs/algorithms/STAR_DETECTION_ALGORITHMS.md:103 `fr_init=acos(2·roundness−1)`、`alpha_init=0`；`bkg0`=拟合窗内下半像素截尾 MAD
具名,roundness,lib/algorithms/star_detection/src/sdet_api.cpp:365,1.0,未标注,②条文有名无值,docs/algorithms/STAR_DETECTION_ALGORITHMS.md:103 `fr_init=acos(2·roundness−1)`、`alpha_init=0`；`bkg0`=拟合窗内下半像素截尾 MAD
具名,roundness,lib/algorithms/star_detection/src/sdet_api.cpp:366,0.01,未标注,②条文有名无值,docs/algorithms/STAR_DETECTION_ALGORITHMS.md:103 `fr_init=acos(2·roundness−1)`、`alpha_init=0`；`bkg0`=拟合窗内下半像素截尾 MAD
具名,roundness,lib/algorithms/star_detection/src/sdet_api.cpp:367,0.9;0.999,未标注,②条文有名无值,docs/algorithms/STAR_DETECTION_ALGORITHMS.md:103 `fr_init=acos(2·roundness−1)`、`alpha_init=0`；`bkg0`=拟合窗内下半像素截尾 MAD
具名,fr_init,lib/algorithms/star_detection/src/sdet_api.cpp:370,1.0;2.0,未标注,②条文有名无值,docs/algorithms/STAR_DETECTION_ALGORITHMS.md:103 `fr_init=acos(2·roundness−1)`、`alpha_init=0`；`bkg0`=拟合窗内下半像素截尾 MAD
具名,alpha_init,lib/algorithms/star_detection/src/sdet_api.cpp:371,0.0,未标注,②条文有名无值,docs/algorithms/STAR_DETECTION_ALGORITHMS.md:103 `fr_init=acos(2·roundness−1)`、`alpha_init=0`；`bkg0`=拟合窗内下半像素截尾 MAD
具名,sx,lib/algorithms/star_detection/src/sdet_api.cpp:400,0.5,未标注,③未见于条文面,
具名,r,lib/algorithms/star_detection/src/sdet_api.cpp:401,0.5;1.0,未标注,③未见于条文面,
具名,angle_deg,lib/algorithms/star_detection/src/sdet_api.cpp:412,180.0,未标注,③未见于条文面,
具名,angle_deg_norm,lib/algorithms/star_detection/src/sdet_api.cpp:413,0.0,未标注,③未见于条文面,
具名,theta,lib/algorithms/star_detection/src/sdet_api.cpp:420,180.0,未标注,②条文有名无值,"docs/algorithms/STAR_DETECTION_ALGORITHMS.md:99 `theta=−alpha` 归一到 (−90°,90°]。残差坐标 `dx=x+0.5−cx`（像素中心=索引+0.5，"
具名,lo,lib/algorithms/star_detection/src/sdet_api.cpp:472,5.0,未标注,③未见于条文面,
具名,hi,lib/algorithms/star_detection/src/sdet_api.cpp:473,5.0,未标注,③未见于条文面,
具名,sum,lib/algorithms/star_detection/src/sdet_api.cpp:489,0.0,未标注,③未见于条文面,
具名,var,lib/algorithms/star_detection/src/sdet_api.cpp:492,0.0,未标注,③未见于条文面,
具名,sat_threshold,lib/algorithms/star_detection/src/sdet_api.cpp:513,0.0,未标注,②条文有名无值,docs/algorithms/STAR_DETECTION_ALGORITHMS.md:105 - 饱和像素 mask（:505-506）: 拟合采样排除 `val ≥ sat_threshold`；
具名,double,lib/algorithms/star_detection/src/sdet_api.cpp:514,0.0,未标注,②条文有名无值,docs/algorithms/CALIBRATION_ALGORITHMS.md:162 （double，逻辑逐行一致）。OpenMP parallel for schedule(static)。
具名,dx,lib/algorithms/star_detection/src/sdet_api.cpp:537,0.5,未标注,③未见于条文面,
具名,dy,lib/algorithms/star_detection/src/sdet_api.cpp:538,0.5,未标注,③未见于条文面,
具名,threshold,lib/algorithms/star_detection/src/sdet_api.cpp:579,1.482602218505602;2.0,未标注,②条文有名无值,docs/algorithms/COSMETIC_ALGORITHMS.md:276 含 NaN，`data[i] > threshold` 等比较为 false → NaN 不判坏，
具名,has_saturated,lib/algorithms/star_detection/src/sdet_api.cpp:614,0.0,未标注,②条文有名无值,"docs/algorithms/STAR_DETECTION_ALGORITHMS.md:21 - 输出: 逐星 `(cx,cy,flux,mag,saturated,has_saturated)` 十数组（`double*/float"
具名,center_x,lib/algorithms/star_detection/src/sdet_api.cpp:692,2.0,未标注,③未见于条文面,
具名,center_y,lib/algorithms/star_detection/src/sdet_api.cpp:693,2.0,未标注,③未见于条文面,
具名,minsatlevel,lib/algorithms/star_detection/src/sdet_api.cpp:726,0.7f,未标注,②条文有名无值,"docs/algorithms/STAR_DETECTION_ALGORITHMS.md:63 `dynrange=min(maxi,65535)−bg`，`minsatlevel=0.7·dynrange`，"
具名,satrange,lib/algorithms/star_detection/src/sdet_api.cpp:728,0.1f,未标注,②条文有名无值,docs/algorithms/STAR_DETECTION_ALGORITHMS.md:64 `satrange=0.1·dynrange`，`locthreshold=5·bgnoise`；`norm = 65535.0f` 字面量
具名,bg,lib/algorithms/star_detection/src/sdet_api.cpp:732,.1f,未标注,③未见于条文面,
具名,start_x,lib/algorithms/star_detection/src/sdet_api.cpp:785,0.5,未标注,③未见于条文面,
具名,start_y,lib/algorithms/star_detection/src/sdet_api.cpp:786,0.5,未标注,③未见于条文面,
具名,iterativeClipSigma,lib/algorithms/star_detection/src/sdet_api.cpp:996,9.0f,未标注,②条文有名无值,docs/algorithms/STAR_DETECTION_ALGORITHMS.md:253 FWHM clip :2140）；structureLayers/hotPixelFilterRadius/iterativeClipSig
具名,fwhmClipSigma,lib/algorithms/star_detection/src/sdet_api.cpp:1001,3.0f,未标注,②条文有名无值,docs/algorithms/STAR_DETECTION_ALGORITHMS.md:252 :2039）；fwhmClipSigma 仅 debug 入口消费（:1450-1452，impl 阶段8 已移除全局
具名,maxAxisRatio,lib/algorithms/star_detection/src/sdet_api.cpp:1002,2.0f,未标注,②条文有名无值,"docs/algorithms/STAR_DETECTION_ALGORITHMS.md:145 if max(sx,sy)/min(sx,sy) > maxAxisRatio: drop # :2143-2145"
具名,fitRadius,lib/algorithms/star_detection/src/sdet_api.cpp:1010,.1f,未标注,②条文有名无值,docs/algorithms/STAR_DETECTION_ALGORITHMS.md:251 fitRadius 仅驱动 auto 半径日志推导（:2024-2026，阶段6 实际用 per-candidate R
具名,cx,lib/algorithms/star_detection/src/sdet_api.cpp:1085,2.0,未标注,③未见于条文面,
具名,cy,lib/algorithms/star_detection/src/sdet_api.cpp:1086,2.0,未标注,③未见于条文面,
具名,fwhm_est,lib/algorithms/star_detection/src/sdet_api.cpp:1112,0.87f;3.14159265f,未标注,③未见于条文面,
具名,auto_fit_radius,lib/algorithms/star_detection/src/sdet_api.cpp:1113,3.0f,未标注,③未见于条文面,
具名,med_pixels,lib/algorithms/star_detection/src/sdet_api.cpp:1121,.2f,未标注,③未见于条文面,
具名,rate,lib/algorithms/star_detection/src/sdet_api.cpp:1182,100.0f,未标注,③未见于条文面,
具名,total,lib/algorithms/star_detection/src/sdet_api.cpp:1183,.1f,未标注,②条文有名无值,"docs/contracts/unified_object_registry.json:355 ""total"": 7,"
具名,avg_fwhm,lib/algorithms/star_detection/src/sdet_api.cpp:1192,2.0,未标注,③未见于条文面,
具名,fwhm_med,lib/algorithms/star_detection/src/sdet_api.cpp:1197,0.0f,未标注,③未见于条文面,
具名,med,lib/algorithms/star_detection/src/sdet_api.cpp:1203,.4f,未标注,③未见于条文面,
具名,avg_fwhm,lib/algorithms/star_detection/src/sdet_api.cpp:1212,2.0,未标注,③未见于条文面,
具名,cx,lib/algorithms/star_detection/src/sdet_api.cpp:1420,2.0,未标注,③未见于条文面,
具名,cy,lib/algorithms/star_detection/src/sdet_api.cpp:1421,2.0,未标注,③未见于条文面,
具名,fwhm_est,lib/algorithms/star_detection/src/sdet_api.cpp:1449,0.87f;3.14159265f,未标注,③未见于条文面,
具名,auto_fit_radius,lib/algorithms/star_detection/src/sdet_api.cpp:1450,3.0f,未标注,③未见于条文面,
具名,med_pixels,lib/algorithms/star_detection/src/sdet_api.cpp:1456,.2f,未标注,③未见于条文面,
具名,avg_fwhm,lib/algorithms/star_detection/src/sdet_api.cpp:1490,2.0,未标注,③未见于条文面,
具名,fwhm_med,lib/algorithms/star_detection/src/sdet_api.cpp:1495,0.0f,未标注,③未见于条文面,
具名,med,lib/algorithms/star_detection/src/sdet_api.cpp:1501,.4f,未标注,③未见于条文面,
具名,avg_fwhm,lib/algorithms/star_detection/src/sdet_api.cpp:1510,2.0,未标注,③未见于条文面,
具名,r,lib/algorithms/star_detection/src/sdet_api.cpp:1535,0.0f,未标注,③未见于条文面,
具名,cand_R,lib/algorithms/star_detection/src/sdet_api.cpp:1536,0.0f,未标注,③未见于条文面,
具名,mag,lib/algorithms/star_detection/src/sdet_api.cpp:1537,-2.5f;0.0,未标注,③未见于条文面,
具名,sat_threshold,lib/algorithms/star_detection/src/sdet_api.cpp:1547,0.0f,未标注,②条文有名无值,docs/algorithms/STAR_DETECTION_ALGORITHMS.md:105 - 饱和像素 mask（:505-506）: 拟合采样排除 `val ≥ sat_threshold`；
具名,img_median,lib/algorithms/star_detection/src/sdet_api.cpp:1548,0.0f,未标注,③未见于条文面,
具名,mag,lib/algorithms/star_detection/src/sdet_api.cpp:1597,-2.5f;0.0,未标注,③未见于条文面,
具名,flux,lib/algorithms/star_detection/src/sdet_api.cpp:1601,0.0f,未标注,②条文有名无值,docs/algorithms/GAIA_QUERY.md:136 float32 fluxMin @32 + float32 fluxMul @36 + uint8 flux[343] @40 + 1B 填
具名,fwhm_x,lib/algorithms/star_detection/src/sdet_api.cpp:1602,0.0f,未标注,②条文有名无值,docs/algorithms/STAR_PSF_ALGORITHMS.md:37 （全图 0-based px）、[5]=fwhm（(fwhm_x+fwhm_y)/2 平均）、[6]=A、[7]=mad
具名,fwhm_y,lib/algorithms/star_detection/src/sdet_api.cpp:1603,0.0f,未标注,②条文有名无值,docs/algorithms/STAR_PSF_ALGORITHMS.md:37 （全图 0-based px）、[5]=fwhm（(fwhm_x+fwhm_y)/2 平均）、[6]=A、[7]=mad
具名,sx,lib/algorithms/star_detection/src/sdet_api.cpp:1604,0.0f,未标注,③未见于条文面,
具名,sy,lib/algorithms/star_detection/src/sdet_api.cpp:1605,0.0f,未标注,③未见于条文面,
具名,theta,lib/algorithms/star_detection/src/sdet_api.cpp:1606,0.0f,未标注,①条文含值,docs/algorithms/STAR_DETECTION_ALGORITHMS.md:165 - 饱和星拟合失败: flux/fwhm/sx/sy/theta/background/amplitude 全 0.0f 哨兵 +
具名,background,lib/algorithms/star_detection/src/sdet_api.cpp:1607,0.0f,未标注,②条文有名无值,"ASTROCS_DESIGN.md:260 CS --> BN[""background/noise 背景与噪声""]"
具名,amplitude,lib/algorithms/star_detection/src/sdet_api.cpp:1608,0.0f,未标注,①条文含值,docs/algorithms/STAR_DETECTION_ALGORITHMS.md:165 - 饱和星拟合失败: flux/fwhm/sx/sy/theta/background/amplitude 全 0.0f 哨兵 +
具名,sigma,lib/algorithms/star_detection/src/sdet_api.cpp:1766,.1f;2.0,未标注,②条文有名无值,docs/algorithms/CALIBRATION_ALGORITHMS.md:22 - 负责: master bias/dark/flat 生成（sigma-clip 合并）、单帧校准算术、
具名,threshold,lib/algorithms/star_detection/src/sdet_api.cpp:1779,5.0,未标注,①条文含值,docs/algorithms/GATES_AND_TOLERANCES.md:40 `threshold = median(img) + 5.0·bgnoise`（`sdet_api.cpp:1790`，阈值语义锚 `:17
具名,median,lib/algorithms/star_detection/src/sdet_api.cpp:1780,.4f,未标注,②条文有名无值,ACCEPTANCE_SPEC.md:233 | 无接缝 | 帧间、块间无亮度/灰度阶跃，无重影、错位与重复星点。**可执行门槛（机器门 `CHK-L4-SEAM-FOOTPRINT`）
具名,s_factor,lib/algorithms/star_detection/src/sdet_api.cpp:1812,-2.0;3.7172,未标注,②条文有名无值,docs/algorithms/STAR_DETECTION_ALGORITHMS.md:86 - 拟合盒半径（:1920-1931）: `s_factor=√(−2·ln 0.001)=3.7172`（:1678）；
具名,maxi,lib/algorithms/star_detection/src/sdet_api.cpp:1819,0.0,未标注,②条文有名无值,docs/algorithms/STAR_DETECTION_ALGORITHMS.md:62 - 动态范围与饱和水平（:1834-1838）: `bg=median(img)`，`maxi=max(img)`，
具名,bg,lib/algorithms/star_detection/src/sdet_api.cpp:1829,.1f,未标注,③未见于条文面,
具名,minsatlevel,lib/algorithms/star_detection/src/sdet_api.cpp:1830,.1f;.4f,未标注,②条文有名无值,"docs/algorithms/STAR_DETECTION_ALGORITHMS.md:63 `dynrange=min(maxi,65535)−bg`，`minsatlevel=0.7·dynrange`，"
具名,meanhigh,lib/algorithms/star_detection/src/sdet_api.cpp:1874,0.0,未标注,②条文有名无值,docs/algorithms/STAR_DETECTION_ALGORITHMS.md:75 - 候选饱和判定（:1768-1773）: 3×3 邻域超阈值像素 `meanhigh`、`minhigh`；
具名,r0,lib/algorithms/star_detection/src/sdet_api.cpp:1916,-0.5,未标注,③未见于条文面,
具名,c0,lib/algorithms/star_detection/src/sdet_api.cpp:1917,-0.5,未标注,③未见于条文面,
具名,r0,lib/algorithms/star_detection/src/sdet_api.cpp:1970,-0.5f,未标注,③未见于条文面,
具名,c0,lib/algorithms/star_detection/src/sdet_api.cpp:1971,-0.5f,未标注,③未见于条文面,
具名,Sr,lib/algorithms/star_detection/src/sdet_api.cpp:2054,0.5,未标注,③未见于条文面,
具名,Ar,lib/algorithms/star_detection/src/sdet_api.cpp:2055,0.5,未标注,③未见于条文面,
具名,Sc,lib/algorithms/star_detection/src/sdet_api.cpp:2056,0.5,未标注,③未见于条文面,
具名,Ac,lib/algorithms/star_detection/src/sdet_api.cpp:2057,0.5,未标注,③未见于条文面,
具名,fwhm_est,lib/algorithms/star_detection/src/sdet_api.cpp:2155,0.87f;3.14159265f,未标注,③未见于条文面,
具名,auto_fit_radius,lib/algorithms/star_detection/src/sdet_api.cpp:2156,3.0f,未标注,③未见于条文面,
具名,med_pixels,lib/algorithms/star_detection/src/sdet_api.cpp:2162,.2f,未标注,③未见于条文面,
具名,rate,lib/algorithms/star_detection/src/sdet_api.cpp:2240,100.0f,未标注,③未见于条文面,
具名,total,lib/algorithms/star_detection/src/sdet_api.cpp:2241,.1f,未标注,②条文有名无值,"docs/contracts/unified_object_registry.json:355 ""total"": 7,"
具名,avg_fwhm,lib/algorithms/star_detection/src/sdet_api.cpp:2251,2.0,未标注,③未见于条文面,
具名,fwhm_med,lib/algorithms/star_detection/src/sdet_api.cpp:2256,0.0f,未标注,③未见于条文面,
具名,med,lib/algorithms/star_detection/src/sdet_api.cpp:2262,.1f;.4f,未标注,③未见于条文面,
具名,med,lib/algorithms/star_detection/src/sdet_api.cpp:2266,.4f,未标注,③未见于条文面,
具名,r,lib/algorithms/star_detection/src/sdet_api.cpp:2306,0.0f,未标注,③未见于条文面,
具名,box_sum,lib/algorithms/star_detection/src/sdet_api.cpp:2331,0.0,未标注,②条文有名无值,"docs/algorithms/STAR_DETECTION_ALGORITHMS.md:108 (2R+1)² 用候选 R（钳 [5,200]）与候选中心；`box_sum≤0 → mag=NaN`。"
具名,mag,lib/algorithms/star_detection/src/sdet_api.cpp:2337,-2.5f;0.0,未标注,③未见于条文面,
具名,fit_fail,lib/algorithms/star_detection/src/sdet_api.cpp:2346,.1f,未标注,③未见于条文面,
具名,sat,lib/algorithms/star_detection/src/sdet_api.cpp:2480,.3f,未标注,③未见于条文面,
具名,threshold,lib/algorithms/star_detection/src/sdet_api.cpp:2556,5.0,未标注,①条文含值,docs/algorithms/GATES_AND_TOLERANCES.md:40 `threshold = median(img) + 5.0·bgnoise`（`sdet_api.cpp:1790`，阈值语义锚 `:17
具名,maxi,lib/algorithms/star_detection/src/sdet_api.cpp:2558,0.0,未标注,②条文有名无值,docs/algorithms/STAR_DETECTION_ALGORITHMS.md:62 - 动态范围与饱和水平（:1834-1838）: `bg=median(img)`，`maxi=max(img)`，
具名,minsatlevel,lib/algorithms/star_detection/src/sdet_api.cpp:2564,0.7,未标注,①条文含值,"docs/algorithms/STAR_DETECTION_ALGORITHMS.md:63 `dynrange=min(maxi,65535)−bg`，`minsatlevel=0.7·dynrange`，"
具名,satrange,lib/algorithms/star_detection/src/sdet_api.cpp:2565,0.1,未标注,①条文含值,docs/algorithms/STAR_DETECTION_ALGORITHMS.md:64 `satrange=0.1·dynrange`，`locthreshold=5·bgnoise`；`norm = 65535.0f` 字面量
具名,s_factor,lib/algorithms/star_detection/src/sdet_api.cpp:2567,-2.0;0.001;3.7172,未标注,②条文有名无值,docs/algorithms/STAR_DETECTION_ALGORITHMS.md:86 - 拟合盒半径（:1920-1931）: `s_factor=√(−2·ln 0.001)=3.7172`（:1678）；
具名,median,lib/algorithms/star_detection/src/sdet_api.cpp:2571,.1f;.4f,未标注,②条文有名无值,ACCEPTANCE_SPEC.md:233 | 无接缝 | 帧间、块间无亮度/灰度阶跃，无重影、错位与重复星点。**可执行门槛（机器门 `CHK-L4-SEAM-FOOTPRINT`）
具名,sx,lib/algorithms/star_detection/src/sdet_api.cpp:2596,0.5,未标注,③未见于条文面,
具名,m00,lib/algorithms/star_detection/src/sdet_api.cpp:2598,0.0,未标注,③未见于条文面,
具名,dx,lib/algorithms/star_detection/src/sdet_api.cpp:2603,0.5,未标注,③未见于条文面,
具名,dy,lib/algorithms/star_detection/src/sdet_api.cpp:2604,0.5,未标注,③未见于条文面,
具名,sx,lib/algorithms/star_detection/src/sdet_api.cpp:2609,0.0;0.5,未标注,③未见于条文面,
具名,vx,lib/algorithms/star_detection/src/sdet_api.cpp:2612,0.0;0.25,未标注,③未见于条文面,
具名,vy,lib/algorithms/star_detection/src/sdet_api.cpp:2613,0.0;0.25,未标注,③未见于条文面,
具名,hw_next,lib/algorithms/star_detection/src/sdet_api.cpp:2616,3.0,未标注,③未见于条文面,
具名,sx_out,lib/algorithms/star_detection/src/sdet_api.cpp:2621,0.5,未标注,③未见于条文面,
具名,sy_out,lib/algorithms/star_detection/src/sdet_api.cpp:2622,0.5,未标注,③未见于条文面,
具名,meanhigh,lib/algorithms/star_detection/src/sdet_api.cpp:2638,0.0,未标注,②条文有名无值,docs/algorithms/STAR_DETECTION_ALGORITHMS.md:75 - 候选饱和判定（:1768-1773）: 3×3 邻域超阈值像素 `meanhigh`、`minhigh`；
具名,Sr,lib/algorithms/star_detection/src/sdet_api.cpp:2660,0.5,未标注,③未见于条文面,
具名,r,lib/algorithms/star_detection/src/sdet_api.cpp:2766,0.0f,未标注,③未见于条文面,
具名,box_sum,lib/algorithms/star_detection/src/sdet_api.cpp:2779,0.0,未标注,②条文有名无值,"docs/algorithms/STAR_DETECTION_ALGORITHMS.md:108 (2R+1)² 用候选 R（钳 [5,200]）与候选中心；`box_sum≤0 → mag=NaN`。"
具名,mag,lib/algorithms/star_detection/src/sdet_api.cpp:2785,-2.5f;0.0,未标注,③未见于条文面,
具名,pred,lib/algorithms/star_detection/src/sdet_api.cpp:2878,.3f,未标注,③未见于条文面,
具名,mean,lib/algorithms/star_detection/src/sdet_background.cpp:59,0.0,未标注,②条文有名无值,docs/algorithms/CALIBRATION_ALGORITHMS.md:114 源码锚: `master_generator.cpp:178-295`。无 combine 参数，合并固定 mean
具名,sigma,lib/algorithms/star_detection/src/sdet_background.cpp:78,0.0,未标注,②条文有名无值,docs/algorithms/CALIBRATION_ALGORITHMS.md:22 - 负责: master bias/dark/flat 生成（sigma-clip 合并）、单帧校准算术、
具名,lcut,lib/algorithms/star_detection/src/sdet_background.cpp:80,2.0,未标注,③未见于条文面,
具名,hcut,lib/algorithms/star_detection/src/sdet_background.cpp:81,2.0,未标注,③未见于条文面,
具名,mean,lib/algorithms/star_detection/src/sdet_background.cpp:83,0.0,未标注,②条文有名无值,docs/algorithms/CALIBRATION_ALGORITHMS.md:114 源码锚: `master_generator.cpp:178-295`。无 combine 参数，合并固定 mean
具名,sigma,lib/algorithms/star_detection/src/sdet_background.cpp:84,0.0,未标注,②条文有名无值,docs/algorithms/CALIBRATION_ALGORITHMS.md:22 - 负责: master bias/dark/flat 生成（sigma-clip 合并）、单帧校准算术、
具名,sigma,lib/algorithms/star_detection/src/sdet_background.cpp:99,0.0,未标注,②条文有名无值,docs/algorithms/CALIBRATION_ALGORITHMS.md:22 - 负责: master bias/dark/flat 生成（sigma-clip 合并）、单帧校准算术、
具名,step,lib/algorithms/star_detection/src/sdet_background.cpp:106,2.0;3.14159265359,未标注,②条文有名无值,docs/algorithms/DRIZZLE_GEOMETRY.md:342 （`processPixelTiled` 的 Step 2b）补 4 次未收缩四角 `pixelToSky`；
具名,qscale,lib/algorithms/star_detection/src/sdet_background.cpp:109,0.0f;1.0f;2.0f,未标注,③未见于条文面,
具名,cste,lib/algorithms/star_detection/src/sdet_background.cpp:128,0.499999f,未标注,③未见于条文面,
具名,sig,lib/algorithms/star_detection/src/sdet_background.cpp:162,10.0,未标注,③未见于条文面,
具名,sig1,lib/algorithms/star_detection/src/sdet_background.cpp:163,1.0,未标注,③未见于条文面,
具名,n,lib/algorithms/star_detection/src/sdet_background.cpp:167,0.1;1.0,未标注,③未见于条文面,
具名,sum,lib/algorithms/star_detection/src/sdet_background.cpp:169,0.0,未标注,③未见于条文面,
具名,sig,lib/algorithms/star_detection/src/sdet_background.cpp:194,0.0,未标注,③未见于条文面,
具名,lcut,lib/algorithms/star_detection/src/sdet_background.cpp:196,3.0,未标注,③未见于条文面,
具名,hcut,lib/algorithms/star_detection/src/sdet_background.cpp:197,3.0,未标注,③未见于条文面,
具名,mean,lib/algorithms/star_detection/src/sdet_background.cpp:321,.2f,未标注,②条文有名无值,docs/algorithms/CALIBRATION_ALGORITHMS.md:114 源码锚: `master_generator.cpp:178-295`。无 combine 参数，合并固定 mean
具名,dx,lib/algorithms/star_detection/src/sdet_background.cpp:336,0.5,未标注,③未见于条文面,
具名,dy,lib/algorithms/star_detection/src/sdet_background.cpp:337,0.5,未标注,③未见于条文面,
具名,xl,lib/algorithms/star_detection/src/sdet_background.cpp:344,1.0,未标注,③未见于条文面,
具名,xl,lib/algorithms/star_detection/src/sdet_background.cpp:345,1.0,未标注,③未见于条文面,
具名,yl,lib/algorithms/star_detection/src/sdet_background.cpp:347,1.0,未标注,③未见于条文面,
具名,yl,lib/algorithms/star_detection/src/sdet_background.cpp:348,1.0,未标注,③未见于条文面,
具名,cdx,lib/algorithms/star_detection/src/sdet_background.cpp:351,1.0,未标注,③未见于条文面,
具名,dx,lib/algorithms/star_detection/src/sdet_background.cpp:368,0.5,未标注,③未见于条文面,
具名,dy,lib/algorithms/star_detection/src/sdet_background.cpp:369,0.5,未标注,③未见于条文面,
具名,xl,lib/algorithms/star_detection/src/sdet_background.cpp:376,1.0,未标注,③未见于条文面,
具名,xl,lib/algorithms/star_detection/src/sdet_background.cpp:377,1.0,未标注,③未见于条文面,
具名,yl,lib/algorithms/star_detection/src/sdet_background.cpp:379,1.0,未标注,③未见于条文面,
具名,yl,lib/algorithms/star_detection/src/sdet_background.cpp:380,1.0,未标注,③未见于条文面,
具名,cdx,lib/algorithms/star_detection/src/sdet_background.cpp:383,1.0,未标注,③未见于条文面,
具名,radius,lib/algorithms/star_detection/src/sdet_detector.cpp:26,.1f,未标注,②条文有名无值,docs/algorithms/GAIA_QUERY.md:121 radius < 0                    → 不剪枝（防御）
具名,max_val,lib/algorithms/star_detection/src/sdet_detector.cpp:44,0.0f;1.0f,未标注,②条文有名无值,docs/algorithms/STAR_DETECTION_ALGORITHMS.md:101 - 初始化（:289-346）: halfA 边界搜索（`max_val=A0+B0`，沿中心行列向外走到
具名,bkg,lib/algorithms/star_detection/src/sdet_detector.cpp:185,0.0f,未标注,③未见于条文面,
具名,sigma,lib/algorithms/star_detection/src/sdet_detector.cpp:219,0.0f,未标注,②条文有名无值,docs/algorithms/CALIBRATION_ALGORITHMS.md:22 - 负责: master bias/dark/flat 生成（sigma-clip 合并）、单帧校准算术、
具名,sum_wx,lib/algorithms/star_detection/src/sdet_detector.cpp:221,0.0,未标注,③未见于条文面,
具名,threshold,lib/algorithms/star_detection/src/sdet_detector.cpp:222,1.5;1.5f,未标注,②条文有名无值,docs/algorithms/COSMETIC_ALGORITHMS.md:276 含 NaN，`data[i] > threshold` 等比较为 false → NaN 不判坏，
具名,cx,lib/algorithms/star_detection/src/sdet_detector.cpp:240,0.5,未标注,③未见于条文面,
具名,cy,lib/algorithms/star_detection/src/sdet_detector.cpp:241,0.5,未标注,③未见于条文面,
具名,peak,lib/algorithms/star_detection/src/sdet_detector.cpp:244,0.0f,未标注,②条文有名无值,docs/algorithms/GATES_AND_TOLERANCES.md:37 | `SNR_det` | `(peak − background) / noise_sigma` | 无量纲 | 检出目录列（`p1_so
具名,sum_top,lib/algorithms/star_detection/src/sdet_detector.cpp:256,0.0f,未标注,③未见于条文面,
具名,kurtosis,lib/algorithms/star_detection/src/sdet_detector.cpp:262,0.0f,未标注,③未见于条文面,
具名,m2,lib/algorithms/star_detection/src/sdet_detector.cpp:264,0.0,未标注,③未见于条文面,
具名,flux,lib/algorithms/star_detection/src/sdet_detector.cpp:281,0.0f,未标注,②条文有名无值,docs/algorithms/GAIA_QUERY.md:136 float32 fluxMin @32 + float32 fluxMul @36 + uint8 flux[343] @40 + 1B 填
具名,snr,lib/algorithms/star_detection/src/sdet_detector.cpp:287,0.0f,未标注,③未见于条文面,
具名,bandwidth,lib/algorithms/star_detection/src/sdet_detector.cpp:354,1.0f,未标注,③未见于条文面,
具名,radius,lib/algorithms/star_detection/src/sdet_image.cpp:31,3.0,未标注,②条文有名无值,docs/algorithms/GAIA_QUERY.md:121 radius < 0                    → 不剪枝（防御）
具名,sum,lib/algorithms/star_detection/src/sdet_image.cpp:34,0.0,未标注,③未见于条文面,
具名,val,lib/algorithms/star_detection/src/sdet_image.cpp:48,0.0,未标注,③未见于条文面,
具名,val,lib/algorithms/star_detection/src/sdet_image.cpp:55,0.0,未标注,③未见于条文面,
具名,val,lib/algorithms/star_detection/src/sdet_image.cpp:62,0.0,未标注,③未见于条文面,
具名,val,lib/algorithms/star_detection/src/sdet_image.cpp:74,0.0,未标注,③未见于条文面,
具名,val,lib/algorithms/star_detection/src/sdet_image.cpp:82,0.0,未标注,③未见于条文面,
具名,q,lib/algorithms/star_detection/src/sdet_image.cpp:101,0.26891;1.0;3.97156;4.14554,未标注,③未见于条文面,
具名,q,lib/algorithms/star_detection/src/sdet_image.cpp:103,0.96330;0.98711,未标注,③未见于条文面,
具名,b0,lib/algorithms/star_detection/src/sdet_image.cpp:105,0.422205;1.4281;1.57825;2.44413,未标注,③未见于条文面,
具名,b1,lib/algorithms/star_detection/src/sdet_image.cpp:106,1.26661;2.44413;2.85619,未标注,③未见于条文面,
具名,b2,lib/algorithms/star_detection/src/sdet_image.cpp:107,-1.4281;1.26661,未标注,③未见于条文面,
具名,b3,lib/algorithms/star_detection/src/sdet_image.cpp:108,0.422205,未标注,③未见于条文面,
具名,B,lib/algorithms/star_detection/src/sdet_image.cpp:109,1.0,未标注,③未见于条文面,
具名,q,lib/algorithms/star_detection/src/sdet_image.cpp:207,0.26891;1.0;3.97156;4.14554,未标注,③未见于条文面,
具名,q,lib/algorithms/star_detection/src/sdet_image.cpp:209,0.96330;0.98711,未标注,③未见于条文面,
具名,b0,lib/algorithms/star_detection/src/sdet_image.cpp:211,0.422205;1.4281;1.57825;2.44413,未标注,③未见于条文面,
具名,b1,lib/algorithms/star_detection/src/sdet_image.cpp:212,1.26661;2.44413;2.85619,未标注,③未见于条文面,
具名,b2,lib/algorithms/star_detection/src/sdet_image.cpp:213,-1.4281;1.26661,未标注,③未见于条文面,
具名,b3,lib/algorithms/star_detection/src/sdet_image.cpp:214,0.422205,未标注,③未见于条文面,
具名,B,lib/algorithms/star_detection/src/sdet_image.cpp:215,1.0,未标注,③未见于条文面,
具名,i,lib/algorithms/star_detection/src/sdet_image.cpp:427,0.0f,未标注,③未见于条文面,
具名,sum,lib/algorithms/star_detection/src/sdet_image.cpp:545,0.0,未标注,③未见于条文面,
具名,top,lib/algorithms/star_detection/src/sdet_image.cpp:579,1.0f,未标注,③未见于条文面,
具名,bot,lib/algorithms/star_detection/src/sdet_image.cpp:580,1.0f,未标注,③未见于条文面,
具名,val,lib/algorithms/star_detection/src/sdet_image.cpp:596,0.0,未标注,③未见于条文面,
具名,val,lib/algorithms/star_detection/src/sdet_image.cpp:604,0.0,未标注,③未见于条文面,
具名,val,lib/algorithms/star_detection/src/sdet_image.cpp:612,0.0,未标注,③未见于条文面,
具名,val,lib/algorithms/star_detection/src/sdet_image.cpp:625,0.0,未标注,③未见于条文面,
具名,val,lib/algorithms/star_detection/src/sdet_image.cpp:634,0.0,未标注,③未见于条文面,
具名,out_med,lib/algorithms/star_detection/src/sdet_image.cpp:649,0.0f,未标注,③未见于条文面,
具名,out_mad,lib/algorithms/star_detection/src/sdet_image.cpp:650,0.0f,未标注,③未见于条文面,
具名,med,lib/algorithms/star_detection/src/sdet_image.cpp:660,.6f,未标注,③未见于条文面,
具名,val,lib/algorithms/star_detection/src/sdet_image.cpp:706,0.0,未标注,③未见于条文面,
具名,val,lib/algorithms/star_detection/src/sdet_image.cpp:714,0.0,未标注,③未见于条文面,
具名,val,lib/algorithms/star_detection/src/sdet_image.cpp:722,0.0,未标注,③未见于条文面,
具名,val,lib/algorithms/star_detection/src/sdet_image.cpp:735,0.0,未标注,③未见于条文面,
具名,val,lib/algorithms/star_detection/src/sdet_image.cpp:744,0.0,未标注,③未见于条文面,
具名,out_med,lib/algorithms/star_detection/src/sdet_image.cpp:791,0.0f,未标注,③未见于条文面,
具名,out_mad,lib/algorithms/star_detection/src/sdet_image.cpp:792,0.0f,未标注,③未见于条文面,
具名,block,lib/algorithms/star_detection/src/sdet_image.cpp:827,.2f,未标注,②条文有名无值,"ASTROCS_DESIGN.md:347 E -->|是| BLOCK[""阻断运行，报出全部原因<br/>-y / -yes 不可越过""]"
具名,is_normal,lib/algorithms/star_detection/src/sdet_image.cpp:865,0.707;1.0,未标注,③未见于条文面,
具名,val,lib/algorithms/star_detection/src/sdet_image.cpp:961,0.0,未标注,③未见于条文面,
具名,cnt,lib/algorithms/star_detection/src/sdet_image.cpp:962,0.0;1.0,未标注,③未见于条文面,
具名,sum_left,lib/algorithms/star_detection/src/sdet_image.cpp:963,0.0,未标注,③未见于条文面,
具名,cnt_left,lib/algorithms/star_detection/src/sdet_image.cpp:964,0.0,未标注,③未见于条文面,
具名,sum_up,lib/algorithms/star_detection/src/sdet_image.cpp:965,0.0,未标注,③未见于条文面,
具名,cnt_up,lib/algorithms/star_detection/src/sdet_image.cpp:966,0.0,未标注,③未见于条文面,
具名,sum_diag,lib/algorithms/star_detection/src/sdet_image.cpp:967,0.0,未标注,③未见于条文面,
具名,cnt_diag,lib/algorithms/star_detection/src/sdet_image.cpp:968,0.0,未标注,③未见于条文面,
具名,out,lib/algorithms/star_detection/test/sdet_angle_guard_test.cpp:58,42.0,未标注,③未见于条文面,
具名,out,lib/algorithms/star_detection/test/sdet_angle_guard_test.cpp:65,42.0,未标注,③未见于条文面,
具名,out,lib/algorithms/star_detection/test/sdet_angle_guard_test.cpp:108,0.0,未标注,③未见于条文面,
具名,ok,lib/algorithms/star_detection/test/sdet_angle_guard_test.cpp:109,180.0;64.0;90.0,未标注,③未见于条文面,
具名,sink,lib/algorithms/star_detection/test/sdet_angle_guard_test.cpp:118,0.0,未标注,②条文有名无值,docs/algorithms/HIPS_WRITER.md:128 （显式失败，不静默产空 tile；调用方须自行预判跳过——sink 侧对 −5 跳过
具名,out,lib/algorithms/star_detection/test/sdet_angle_guard_test.cpp:120,0.0,未标注,③未见于条文面,
具名,cx,lib/algorithms/star_detection/test/sdet_fp64_test.cpp:29,0.37;100.0;50.0,未标注,③未见于条文面,
具名,cy,lib/algorithms/star_detection/test/sdet_fp64_test.cpp:30,0.61;100.0;50.0,未标注,③未见于条文面,
具名,A,lib/algorithms/star_detection/test/sdet_fp64_test.cpp:31,300.0;3000.0,未标注,③未见于条文面,
具名,dx,lib/algorithms/star_detection/test/sdet_fp64_test.cpp:36,0.5,未标注,③未见于条文面,
具名,v,lib/algorithms/star_detection/test/sdet_fp64_test.cpp:37,2.0;3.0;800.0,未标注,③未见于条文面,
具名,iterativeClipSigma,lib/algorithms/star_detection/test/sdet_fp64_test.cpp:54,9.0f,未标注,②条文有名无值,docs/algorithms/STAR_DETECTION_ALGORITHMS.md:253 FWHM clip :2140）；structureLayers/hotPixelFilterRadius/iterativeClipSig
具名,fwhmClipSigma,lib/algorithms/star_detection/test/sdet_fp64_test.cpp:59,3.0f,未标注,②条文有名无值,docs/algorithms/STAR_DETECTION_ALGORITHMS.md:252 :2039）；fwhmClipSigma 仅 debug 入口消费（:1450-1452，impl 阶段8 已移除全局
具名,maxAxisRatio,lib/algorithms/star_detection/test/sdet_fp64_test.cpp:60,2.0f,未标注,②条文有名无值,"docs/algorithms/STAR_DETECTION_ALGORITHMS.md:145 if max(sx,sy)/min(sx,sy) > maxAxisRatio: drop # :2143-2145"
具名,dx,lib/algorithms/star_detection/test/sdet_fp64_test.cpp:91,.3f;1.0,未标注,③未见于条文面,
具名,dx,lib/algorithms/star_detection/test/sdet_saturation_cursor_test.cpp:60,0.5,未标注,③未见于条文面,
具名,v,lib/algorithms/star_detection/test/sdet_saturation_cursor_test.cpp:61,2.0,未标注,③未见于条文面,
具名,iterativeClipSigma,lib/algorithms/star_detection/test/sdet_saturation_cursor_test.cpp:114,9.0f,未标注,②条文有名无值,docs/algorithms/STAR_DETECTION_ALGORITHMS.md:253 FWHM clip :2140）；structureLayers/hotPixelFilterRadius/iterativeClipSig
具名,fwhmClipSigma,lib/algorithms/star_detection/test/sdet_saturation_cursor_test.cpp:119,3.0f,未标注,②条文有名无值,docs/algorithms/STAR_DETECTION_ALGORITHMS.md:252 :2039）；fwhmClipSigma 仅 debug 入口消费（:1450-1452，impl 阶段8 已移除全局
具名,maxAxisRatio,lib/algorithms/star_detection/test/sdet_saturation_cursor_test.cpp:120,2.0f,未标注,②条文有名无值,"docs/algorithms/STAR_DETECTION_ALGORITHMS.md:145 if max(sx,sy)/min(sx,sy) > maxAxisRatio: drop # :2143-2145"
具名,found_c,lib/algorithms/star_detection/test/sdet_saturation_cursor_test.cpp:137,2.5;200.5;60.5,未标注,③未见于条文面,
具名,found_b,lib/algorithms/star_detection/test/sdet_saturation_cursor_test.cpp:159,101.5;135.5;2.5,未标注,③未见于条文面,
具名,found_c,lib/algorithms/star_detection/test/sdet_saturation_cursor_test.cpp:164,2.5;200.5;60.5,未标注,③未见于条文面,
具名,sigma,lib/algorithms/star_detection/wrapper_phase1/star_detector.cpp:125,0.0,未标注,②条文有名无值,docs/algorithms/CALIBRATION_ALGORITHMS.md:22 - 负责: master bias/dark/flat 生成（sigma-clip 合并）、单帧校准算术、
具名,maxi,lib/algorithms/star_detection/wrapper_phase1/star_detector.cpp:148,0.0,未标注,②条文有名无值,docs/algorithms/STAR_DETECTION_ALGORITHMS.md:62 - 动态范围与饱和水平（:1834-1838）: `bg=median(img)`，`maxi=max(img)`，
具名,fwhm_px,lib/algorithms/star_detection/wrapper_phase1/star_detector.cpp:237,0.5;2.3548,未标注,②条文有名无值,"docs/contracts/DATA_SEMANTICS.md:579 | snr_sample | string | — | **样本定义**：全部测光有效 sources（flux>0, fwhm_px>0）"
具名,ellipticity,lib/algorithms/star_detection/wrapper_phase1/star_detector.cpp:238,1.0,未标注,③未见于条文面,
具名,meanhigh,lib/algorithms/star_detection/wrapper_phase1/star_detector.cpp:247,0.0,未标注,②条文有名无值,docs/algorithms/STAR_DETECTION_ALGORITHMS.md:75 - 候选饱和判定（:1768-1773）: 3×3 邻域超阈值像素 `meanhigh`、`minhigh`；
具名,minhigh,lib/algorithms/star_detection/wrapper_phase1/star_detector.cpp:248,0.0,未标注,②条文有名无值,docs/algorithms/STAR_DETECTION_ALGORITHMS.md:75 - 候选饱和判定（:1768-1773）: 3×3 邻域超阈值像素 `meanhigh`、`minhigh`；
具名,x,lib/algorithms/star_detection/wrapper_phase1/star_detector.h:15,0.0,未标注,③未见于条文面,
具名,y,lib/algorithms/star_detection/wrapper_phase1/star_detector.h:16,0.0,未标注,③未见于条文面,
具名,flux,lib/algorithms/star_detection/wrapper_phase1/star_detector.h:17,0.0,未标注,②条文有名无值,docs/algorithms/GAIA_QUERY.md:136 float32 fluxMin @32 + float32 fluxMul @36 + uint8 flux[343] @40 + 1B 填
具名,fwhm_px,lib/algorithms/star_detection/wrapper_phase1/star_detector.h:18,0.0,未标注,②条文有名无值,"docs/contracts/DATA_SEMANTICS.md:579 | snr_sample | string | — | **样本定义**：全部测光有效 sources（flux>0, fwhm_px>0）"
具名,ellipticity,lib/algorithms/star_detection/wrapper_phase1/star_detector.h:19,0.0,未标注,③未见于条文面,
具名,snr,lib/algorithms/star_detection/wrapper_phase1/star_detector.h:20,0.0,未标注,③未见于条文面,
具名,background,lib/algorithms/star_detection/wrapper_phase1/star_detector.h:27,0.0,未标注,②条文有名无值,"ASTROCS_DESIGN.md:260 CS --> BN[""background/noise 背景与噪声""]"
具名,noise_sigma,lib/algorithms/star_detection/wrapper_phase1/star_detector.h:28,0.0,未标注,②条文有名无值,docs/algorithms/GATES_AND_TOLERANCES.md:37 | `SNR_det` | `(peak − background) / noise_sigma` | 无量纲 | 检出目录列（`p1_so
具名,detection_sigma,lib/algorithms/star_detection/wrapper_phase1/star_detector.h:38,5.0,未标注,③未见于条文面,
具名,wall_seconds,lib/include/astrocs/core/block_flow.h:75,0.0,未标注,③未见于条文面,
具名,cpu_ms,lib/include/astrocs/core/contracts.h:219,0.0,未标注,③未见于条文面,
具名,wall_ms,lib/include/astrocs/core/contracts.h:220,0.0,未标注,③未见于条文面,
具名,wall_seconds,lib/include/astrocs/core/export_stream.h:95,0.0,未标注,③未见于条文面,
具名,progress,lib/include/astrocs/core/logging.h:28,-1.0,未标注,②条文有名无值,ASTROCS_DESIGN.md:496 - 机器输出：`--json` 时 stdout 恰为一个 JSON 文档；运行事件默认走 JSONL 事件流（唯一 schema，含 pr
具名,progress,lib/include/astrocs/core/logging.h:51,-1.0,未标注,②条文有名无值,ASTROCS_DESIGN.md:496 - 机器输出：`--json` 时 stdout 恰为一个 JSON 文档；运行事件默认走 JSONL 事件流（唯一 schema，含 pr
具名,scale,lib/include/astrocs/core/master_unit_guard.h:46,1.0,未标注,①条文含值,docs/algorithms/CALIBRATION_ALGORITHMS.md:61 U1 亮场域 ≫ 1 ADU 而 bias/dark 中位数 ≤ 1.0 且未声明 normalized+scale ⇒ 拒；
具名,median,lib/include/astrocs/core/master_unit_guard.h:62,0.0,未标注,②条文有名无值,ACCEPTANCE_SPEC.md:233 | 无接缝 | 帧间、块间无亮度/灰度阶跃，无重影、错位与重复星点。**可执行门槛（机器门 `CHK-L4-SEAM-FOOTPRINT`）
具名,min_v,lib/include/astrocs/core/master_unit_guard.h:63,0.0,未标注,③未见于条文面,
具名,max_v,lib/include/astrocs/core/master_unit_guard.h:64,0.0,未标注,③未见于条文面,
具名,median,lib/include/astrocs/core/master_unit_guard.h:170,1.0,未标注,①条文含值,docs/algorithms/CALIBRATION_ALGORITHMS.md:14 （dark_opt 双分支 + flat_norm median=1.0 / floor 0.1）、§9a 专属问题
具名,ts,lib/include/astrocs/core/memory_pressure.h:121,0.0,未标注,③未见于条文面,
具名,claimed_at,lib/include/astrocs/core/memory_pressure.h:136,0.0,未标注,③未见于条文面,
具名,wall_seconds,lib/include/astrocs/core/mosaic_window.h:73,0.0,未标注,③未见于条文面,
具名,ts,lib/include/astrocs/core/normalize_workflow.h:53,0.0,未标注,③未见于条文面,
具名,value,lib/include/astrocs/core/normalize_workflow.h:59,0.0,未标注,②条文有名无值,docs/algorithms/HIPS_WRITER.md:202 - (5b) properties（write_properties :285-293 裸 `key=value\n` 直写，fopen
具名,wall_seconds,lib/include/astrocs/core/normalize_workflow.h:159,0.0,未标注,③未见于条文面,
具名,input_order,lib/include/astrocs/core/plan_estimator.h:96,.20,未标注,③未见于条文面,
具名,scale_deg_per_px,lib/include/astrocs/core/plan_estimator.h:101,0.0,未标注,②条文有名无值,"docs/algorithms/PHASE3_PROJ_IMPL.md:108 double scale_deg_per_px, int width_px, int height_px,"
具名,duration_ms,lib/include/astrocs/core/runtime.h:74,0.0,未标注,②条文有名无值,"docs/contracts/API_CONTRACTS.csv:154 API-output_jsonl_event_ex,output_jsonl_event_ex,lib/infrastructure/pip"
具名,wall_ms,lib/include/astrocs/core/trace.h:72,0.0,未标注,③未见于条文面,
具名,value,lib/include/astrocs/core/variance_floor.h:90,0.0,未标注,②条文有名无值,docs/algorithms/HIPS_WRITER.md:202 - (5b) properties（write_properties :285-293 裸 `key=value\n` 直写，fopen
具名,frame_median_variance,lib/include/astrocs/core/variance_floor.h:91,0.0,未标注,③未见于条文面,
具名,dtype_min_positive,lib/include/astrocs/core/variance_floor.h:92,0.0,未标注,③未见于条文面,
具名,eps_rel,lib/include/astrocs/core/variance_floor.h:93,0.0,未标注,③未见于条文面,
具名,eps_rel,lib/include/astrocs/core/variance_floor.h:106,0.0,未标注,③未见于条文面,
具名,AIO_STATUS_COUNT,lib/include/astrocs/io/aio_abi_v1.h:65,.15,未标注,③未见于条文面,
具名,sum,lib/infrastructure/acr/backends/classic/classic_kernels.cpp:52,0.0,未标注,③未见于条文面,
具名,acc,lib/infrastructure/acr/backends/classic/classic_kernels.cpp:82,0.0f,未标注,③未见于条文面,
具名,ms,lib/infrastructure/acr/backends/cuda/bridge/acr_cuda_bridge_host.cpp:159,0.0f,未标注,③未见于条文面,
具名,last_error,lib/infrastructure/acr/backends/cuda/bridge/acr_cuda_bridge_host.cpp:1023,.3,未标注,②条文有名无值,docs/algorithms/HIPS_WRITER.md:56 （:403）；违规 → 返回 NULL + last_error。
具名,load,lib/infrastructure/acr/backends/cuda/cuda_bridge_loader.cpp:188,0.0;1.0,未标注,②条文有名无值,"docs/contracts/API_CONTRACTS.csv:147 API-load,load,lib/infrastructure/pipeline/orchestrator/cpp/include/che"
具名,ms,lib/infrastructure/acr/backends/cuda/cuda_buffer.hpp:148,0.0f,未标注,③未见于条文面,
具名,load,lib/infrastructure/acr/backends/cuda/cuda_executor.cpp:87,0.0;1.0,未标注,②条文有名无值,"docs/contracts/API_CONTRACTS.csv:147 API-load,load,lib/infrastructure/pipeline/orchestrator/cpp/include/che"
具名,devices,lib/infrastructure/acr/core/runtime.cpp:522,50.0,未标注,②条文有名无值,"docs/science/CALIBRATION.md:60 （""the range of pixel sample values that can be represented on display "
具名,curve_cost,lib/infrastructure/acr/cost/cost_estimator.cpp:127,0.0,未标注,③未见于条文面,
具名,cost_ns,lib/infrastructure/acr/cost/cost_estimator.cpp:222,0.0,未标注,③未见于条文面,
具名,cost_ns,lib/infrastructure/acr/cost/cost_estimator.cpp:273,0.0,未标注,③未见于条文面,
具名,compute_per_elem_ns,lib/infrastructure/acr/cost/cost_estimator.cpp:354,1.0,未标注,③未见于条文面,
具名,compute_per_elem_ns,lib/infrastructure/acr/cost/cost_estimator.cpp:363,1024.0,未标注,③未见于条文面,
具名,compute_per_elem_ns,lib/infrastructure/acr/cost/cost_estimator.cpp:366,0.0;1.0,未标注,③未见于条文面,
具名,compute_per_elem_ns,lib/infrastructure/acr/cost/cost_estimator.cpp:417,1.0,未标注,③未见于条文面,
具名,compute_per_elem_ns,lib/infrastructure/acr/cost/cost_estimator.cpp:424,0.0;1024.0,未标注,③未见于条文面,
具名,transfer_cost_ns,lib/infrastructure/acr/cost/cost_estimator.cpp:511,0.0,未标注,③未见于条文面,
具名,merge_cost_ns,lib/infrastructure/acr/cost/cost_estimator.cpp:513,0.0;200.0,未标注,③未见于条文面,
具名,total_cost_ns,lib/infrastructure/acr/cost/cost_estimator.hpp:44,0.0,未标注,③未见于条文面,
具名,compute_cost_ns,lib/infrastructure/acr/cost/cost_estimator.hpp:45,0.0,未标注,③未见于条文面,
具名,transfer_cost_ns,lib/infrastructure/acr/cost/cost_estimator.hpp:46,0.0,未标注,③未见于条文面,
具名,launch_cost_ns,lib/infrastructure/acr/cost/cost_estimator.hpp:47,0.0,未标注,③未见于条文面,
具名,merge_cost_ns,lib/infrastructure/acr/cost/cost_estimator.hpp:48,0.0,未标注,③未见于条文面,
具名,queue_wait_ns,lib/infrastructure/acr/cost/cost_estimator.hpp:49,0.0,未标注,③未见于条文面,
具名,predicted_throughput_gbps,lib/infrastructure/acr/cost/cost_estimator.hpp:64,0.0,未标注,③未见于条文面,
具名,ok,lib/infrastructure/acr/examples/legacy_chunk_adapter.cpp:55,3.0f,未标注,③未见于条文面,
具名,Range1D,lib/infrastructure/acr/examples/minimal_parallel_for.cpp:37,0.0f,未标注,③未见于条文面,
具名,ref_sum,lib/infrastructure/acr/examples/minimal_parallel_for.cpp:44,0.0f,未标注,③未见于条文面,
具名,rel_err,lib/infrastructure/acr/examples/minimal_parallel_for.cpp:49,0.0f,未标注,③未见于条文面,
具名,sum,lib/infrastructure/acr/examples/minimal_parallel_for.cpp:55,.6f,未标注,③未见于条文面,
具名,sum,lib/infrastructure/acr/examples/minimal_parallel_for.cpp:56,.6f,未标注,③未见于条文面,
具名,error,lib/infrastructure/acr/examples/minimal_parallel_for.cpp:57,.3,未标注,②条文有名无值,ACCEPTANCE_SPEC.md:194 | 可行性 | 三命令退出码均为 0；阶段间只通过磁盘产品 + manifest + 哈希交接（唯一正本 = `ASTROCS_DESIGN
具名,elapsed,lib/infrastructure/acr/examples/minimal_parallel_for.cpp:58,.3f,未标注,②条文有名无值,docs/design/LOG_AND_ERROR_SYSTEM.md:74 | `log_event` | 单行结构化日志事件（run/task/node/module/phase/commit/host/level
具名,median_ms,lib/infrastructure/acr/examples/weighted_integration/route_profile_calibration.cpp:167,0.0,未标注,③未见于条文面,
具名,p90_ms,lib/infrastructure/acr/examples/weighted_integration/route_profile_calibration.cpp:168,0.0,未标注,③未见于条文面,
具名,devices,lib/infrastructure/acr/examples/weighted_integration/route_profile_calibration.cpp:391,50.0,未标注,②条文有名无值,"docs/science/CALIBRATION.md:60 （""the range of pixel sample values that can be represented on display "
具名,openmp_ms,lib/infrastructure/acr/examples/weighted_integration/route_profile_calibration.cpp:787,0.0,未标注,③未见于条文面,
具名,gpu_ms,lib/infrastructure/acr/examples/weighted_integration/route_profile_calibration.cpp:788,0.0,未标注,③未见于条文面,
具名,mixed_ms,lib/infrastructure/acr/examples/weighted_integration/route_profile_calibration.cpp:789,0.0,未标注,③未见于条文面,
具名,m,lib/infrastructure/acr/examples/weighted_integration/route_profile_calibration.cpp:829,0.0,未标注,③未见于条文面,
具名,guard,lib/infrastructure/acr/examples/weighted_integration/route_profile_calibration.cpp:847,0.0,未标注,②条文有名无值,docs/algorithms/PHASE2_REJECTION.md:289 guard (int)nc − r ≤ 4 → break（保底 4 样本，本外层剩余冻结接受）
具名,regret,lib/infrastructure/acr/examples/weighted_integration/route_profile_calibration.cpp:934,0.0,未标注,③未见于条文面,
具名,regret,lib/infrastructure/acr/examples/weighted_integration/route_profile_calibration.cpp:963,.3f,未标注,③未见于条文面,
具名,worst_err,lib/infrastructure/acr/examples/weighted_integration/route_profile_calibration.cpp:976,0.0,未标注,③未见于条文面,
具名,err,lib/infrastructure/acr/examples/weighted_integration/route_profile_calibration.cpp:1004,.3f,未标注,③未见于条文面,
具名,m,lib/infrastructure/acr/examples/weighted_integration/route_profile_calibration.cpp:1033,0.0,未标注,③未见于条文面,
具名,mixed_fixed_overhead_ms,lib/infrastructure/acr/examples/weighted_integration/route_profile_calibration.cpp:1145,0.0,未标注,③未见于条文面,
具名,mixed_per_token_ms,lib/infrastructure/acr/examples/weighted_integration/route_profile_calibration.cpp:1146,0.0,未标注,③未见于条文面,
具名,max_slowdown,lib/infrastructure/acr/examples/weighted_integration/route_profile_calibration.cpp:1421,1.0,未标注,③未见于条文面,
具名,within,lib/infrastructure/acr/examples/weighted_integration/route_profile_calibration.cpp:1457,1.10,未标注,②条文有名无值,docs/algorithms/ACR_EQUIVALENCE.md:34 assert split科学输出 ≡ cpu_only(inv) within tolerance
具名,median,lib/infrastructure/acr/examples/weighted_integration/route_profile_calibration.hpp:60,0.0,未标注,②条文有名无值,ACCEPTANCE_SPEC.md:233 | 无接缝 | 帧间、块间无亮度/灰度阶跃，无重影、错位与重复星点。**可执行门槛（机器门 `CHK-L4-SEAM-FOOTPRINT`）
具名,max,lib/infrastructure/acr/examples/weighted_integration/route_profile_calibration.hpp:61,0.0,未标注,③未见于条文面,
具名,worst_error,lib/infrastructure/acr/examples/weighted_integration/route_profile_calibration.hpp:64,0.0,未标注,③未见于条文面,
具名,total_median_ms,lib/infrastructure/acr/examples/weighted_integration/weighted_integration_benchmark.cpp:254,0.0,未标注,③未见于条文面,
具名,total_min_ms,lib/infrastructure/acr/examples/weighted_integration/weighted_integration_benchmark.cpp:255,0.0,未标注,③未见于条文面,
具名,total_p90_ms,lib/infrastructure/acr/examples/weighted_integration/weighted_integration_benchmark.cpp:256,0.0,未标注,③未见于条文面,
具名,openmp_single_median,lib/infrastructure/acr/examples/weighted_integration/weighted_integration_benchmark.cpp:725,0.0,未标注,③未见于条文面,
具名,devices,lib/infrastructure/acr/examples/weighted_integration/weighted_integration_benchmark.cpp:826,50.0,未标注,②条文有名无值,"docs/science/CALIBRATION.md:60 （""the range of pixel sample values that can be represented on display "
具名,devices,lib/infrastructure/acr/examples/weighted_integration/weighted_integration_benchmark.cpp:948,50.0,未标注,②条文有名无值,"docs/science/CALIBRATION.md:60 （""the range of pixel sample values that can be represented on display "
具名,devices,lib/infrastructure/acr/examples/weighted_integration/weighted_integration_benchmark.cpp:1002,50.0,未标注,②条文有名无值,"docs/science/CALIBRATION.md:60 （""the range of pixel sample values that can be represented on display "
具名,worst_ratio,lib/infrastructure/acr/examples/weighted_integration/weighted_integration_benchmark.cpp:1311,1.0,未标注,③未见于条文面,
具名,best,lib/infrastructure/acr/examples/weighted_integration/weighted_integration_benchmark.cpp:1320,0.0,未标注,②条文有名无值,"docs/algorithms/PLATESOLVE.md:40 best = min rms, rank by n_matches + rms"
具名,best,lib/infrastructure/acr/examples/weighted_integration/weighted_integration_benchmark.cpp:1331,0.0,未标注,②条文有名无值,"docs/algorithms/PLATESOLVE.md:40 best = min rms, rank by n_matches + rms"
具名,omp,lib/infrastructure/acr/examples/weighted_integration/weighted_integration_benchmark.cpp:1359,0.0,未标注,③未见于条文面,
具名,perf_reason,lib/infrastructure/acr/examples/weighted_integration/weighted_integration_benchmark.cpp:1379,1.05,未标注,③未见于条文面,
具名,numerator,lib/infrastructure/acr/examples/weighted_integration/weighted_integration_common.hpp:37,0.0,未标注,③未见于条文面,
具名,denominator,lib/infrastructure/acr/examples/weighted_integration/weighted_integration_common.hpp:38,0.0,未标注,②条文有名无值,docs/ci/CI_SPEC.md:223 常规监控证据按契约 `denominator.zero_denominator_effect` 记入 recorded。
具名,max_abs,lib/infrastructure/acr/examples/weighted_integration/weighted_integration_common.hpp:112,0.0,未标注,②条文有名无值,"docs/algorithms/ACR_EQUIVALENCE.md:19 F4: 容差: float32 max_abs ≤1e-6, float64 ≤1e-12; support/rejection exact"
具名,median,lib/infrastructure/acr/include/astro/compute/hardware_profile.hpp:107,0.0,未标注,②条文有名无值,ACCEPTANCE_SPEC.md:233 | 无接缝 | 帧间、块间无亮度/灰度阶跃，无重影、错位与重复星点。**可执行门槛（机器门 `CHK-L4-SEAM-FOOTPRINT`）
具名,p95,lib/infrastructure/acr/include/astro/compute/hardware_profile.hpp:108,0.0,未标注,③未见于条文面,
具名,mad,lib/infrastructure/acr/include/astro/compute/hardware_profile.hpp:109,0.0,未标注,③未见于条文面,
具名,confidence,lib/infrastructure/acr/include/astro/compute/hardware_profile.hpp:112,.1;0.0,未标注,③未见于条文面,
具名,median_ns,lib/infrastructure/acr/include/astro/compute/hardware_profile.hpp:159,0.0,未标注,③未见于条文面,
具名,p95_ns,lib/infrastructure/acr/include/astro/compute/hardware_profile.hpp:160,0.0,未标注,③未见于条文面,
具名,cold_start_ns,lib/infrastructure/acr/include/astro/compute/hardware_profile.hpp:161,0.0,未标注,③未见于条文面,
具名,warm_ns,lib/infrastructure/acr/include/astro/compute/hardware_profile.hpp:162,0.0,未标注,③未见于条文面,
具名,peak_bandwidth_gbps,lib/infrastructure/acr/include/astro/compute/hardware_profile.hpp:198,0.0,未标注,③未见于条文面,
具名,active_fraction_hint,lib/infrastructure/acr/include/astro/compute/task_traits.hpp:145,0.01;0.5;1.0,未标注,③未见于条文面,
具名,peak_bandwidth_gbps,lib/infrastructure/acr/profile/profile_reader.cpp:386,0.0,未标注,③未见于条文面,
具名,median_ns,lib/infrastructure/acr/profile/profile_reader.cpp:390,1000.0,未标注,③未见于条文面,
具名,warm_ns,lib/infrastructure/acr/profile/profile_reader.cpp:391,500.0,未标注,③未见于条文面,
具名,cold_start_ns,lib/infrastructure/acr/profile/profile_reader.cpp:392,100000.0,未标注,③未见于条文面,
具名,median_ns,lib/infrastructure/acr/profile/profile_reader.cpp:396,100.0,未标注,③未见于条文面,
具名,warm_ns,lib/infrastructure/acr/profile/profile_reader.cpp:397,50.0,未标注,③未见于条文面,
具名,median_ns,lib/infrastructure/acr/profile/profile_reader.cpp:401,200.0,未标注,③未见于条文面,
具名,median_ns,lib/infrastructure/acr/profile/profile_reader.cpp:405,500.0,未标注,③未见于条文面,
具名,median_ns,lib/infrastructure/acr/profile/profile_reader.cpp:409,200.0,未标注,③未见于条文面,
具名,sink,lib/infrastructure/acr/qualification/benchmark_driver.cpp:183,0.0f,未标注,②条文有名无值,docs/algorithms/HIPS_WRITER.md:128 （显式失败，不静默产空 tile；调用方须自行预判跳过——sink 侧对 −5 跳过
具名,sink,lib/infrastructure/acr/qualification/benchmark_driver.cpp:199,0.0f,未标注,②条文有名无值,docs/algorithms/HIPS_WRITER.md:128 （显式失败，不静默产空 tile；调用方须自行预判跳过——sink 侧对 −5 跳过
具名,sink,lib/infrastructure/acr/qualification/benchmark_driver.cpp:213,0.0f,未标注,②条文有名无值,docs/algorithms/HIPS_WRITER.md:128 （显式失败，不静默产空 tile；调用方须自行预判跳过——sink 侧对 −5 跳过
具名,local,lib/infrastructure/acr/qualification/benchmark_driver.cpp:238,0.0,未标注,②条文有名无值,docs/algorithms/DRIZZLE_GEOMETRY.md:138 `local = ipix & (4^d − 1)` 位分解（:1515-1516）；候选枚举 Morton
具名,dot,lib/infrastructure/acr/qualification/benchmark_driver.cpp:253,0.0,未标注,③未见于条文面,
具名,ref,lib/infrastructure/acr/qualification/benchmark_driver.cpp:257,0.0,未标注,③未见于条文面,
具名,dot,lib/infrastructure/acr/qualification/benchmark_driver.cpp:267,.3;.9f,未标注,③未见于条文面,
具名,sum,lib/infrastructure/acr/qualification/benchmark_driver.cpp:292,0.0f,未标注,③未见于条文面,
具名,bin,lib/infrastructure/acr/qualification/benchmark_driver.cpp:317,1.0f;128.0f,未标注,③未见于条文面,
具名,cre,lib/infrastructure/acr/qualification/benchmark_driver.cpp:463,-2.0;3.0,未标注,③未见于条文面,
具名,cim,lib/infrastructure/acr/qualification/benchmark_driver.cpp:464,-1.5;3.0,未标注,③未见于条文面,
具名,zr,lib/infrastructure/acr/qualification/benchmark_driver.cpp:465,0.0,未标注,③未见于条文面,
具名,zi,lib/infrastructure/acr/qualification/benchmark_driver.cpp:469,2.0,未标注,③未见于条文面,
具名,throughput_gbps,lib/infrastructure/acr/qualification/benchmark_driver.cpp:557,0.0,未标注,③未见于条文面,
具名,rc,lib/infrastructure/acr/qualification/benchmark_driver.cpp:752,2.0f,未标注,③未见于条文面,
具名,i,lib/infrastructure/acr/qualification/benchmarks/arithmetic_benchmark.cpp:35,1.0,未标注,③未见于条文面,
具名,v,lib/infrastructure/acr/qualification/benchmarks/arithmetic_benchmark.cpp:323,0.01,未标注,③未见于条文面,
具名,v,lib/infrastructure/acr/qualification/benchmarks/arithmetic_benchmark.cpp:324,0.01,未标注,③未见于条文面,
具名,a,lib/infrastructure/acr/qualification/benchmarks/arithmetic_benchmark.cpp:350,1.0,未标注,③未见于条文面,
具名,v,lib/infrastructure/acr/qualification/benchmarks/arithmetic_benchmark.cpp:374,3.14159265f,未标注,③未见于条文面,
具名,bin,lib/infrastructure/acr/qualification/benchmarks/atomic_benchmark.cpp:28,256.0f,未标注,③未见于条文面,
具名,median,lib/infrastructure/acr/qualification/benchmarks/benchmark_common.hpp:192,0.0,未标注,②条文有名无值,ACCEPTANCE_SPEC.md:233 | 无接缝 | 帧间、块间无亮度/灰度阶跃，无重影、错位与重复星点。**可执行门槛（机器门 `CHK-L4-SEAM-FOOTPRINT`）
具名,p95,lib/infrastructure/acr/qualification/benchmarks/benchmark_common.hpp:193,0.0,未标注,③未见于条文面,
具名,mad,lib/infrastructure/acr/qualification/benchmarks/benchmark_common.hpp:194,0.0,未标注,③未见于条文面,
具名,cv,lib/infrastructure/acr/qualification/benchmarks/benchmark_common.hpp:195,0.0,未标注,③未见于条文面,
具名,median,lib/infrastructure/acr/qualification/benchmarks/benchmark_common.hpp:205,0.5,未标注,②条文有名无值,ACCEPTANCE_SPEC.md:233 | 无接缝 | 帧间、块间无亮度/灰度阶跃，无重影、错位与重复星点。**可执行门槛（机器门 `CHK-L4-SEAM-FOOTPRINT`）
具名,idx,lib/infrastructure/acr/qualification/benchmarks/benchmark_common.hpp:210,0.95,未标注,③未见于条文面,
具名,p95,lib/infrastructure/acr/qualification/benchmarks/benchmark_common.hpp:214,1.0,未标注,③未见于条文面,
具名,mad,lib/infrastructure/acr/qualification/benchmarks/benchmark_common.hpp:221,0.5,未标注,③未见于条文面,
具名,mean,lib/infrastructure/acr/qualification/benchmarks/benchmark_common.hpp:223,0.0,未标注,②条文有名无值,docs/algorithms/CALIBRATION_ALGORITHMS.md:114 源码锚: `master_generator.cpp:178-295`。无 combine 参数，合并固定 mean
具名,sq_sum,lib/infrastructure/acr/qualification/benchmarks/benchmark_common.hpp:224,0.0,未标注,③未见于条文面,
具名,cv,lib/infrastructure/acr/qualification/benchmarks/benchmark_common.hpp:227,0.0,未标注,③未见于条文面,
具名,sign,lib/infrastructure/acr/qualification/benchmarks/benchmark_common.hpp:267,-1.0;1.0,未标注,②条文有名无值,docs/algorithms/PLATESOLVE.md:49 apply Y-down sign flips
具名,mag,lib/infrastructure/acr/qualification/benchmarks/benchmark_common.hpp:278,-3.0;10.0;6.0,未标注,③未见于条文面,
具名,sign,lib/infrastructure/acr/qualification/benchmarks/benchmark_common.hpp:279,-1.0;1.0,未标注,②条文有名无值,docs/algorithms/PLATESOLVE.md:49 apply Y-down sign flips
具名,zr,lib/infrastructure/acr/qualification/benchmarks/branch_benchmark.cpp:35,0.0,未标注,③未见于条文面,
具名,zi,lib/infrastructure/acr/qualification/benchmarks/branch_benchmark.cpp:36,0.0,未标注,③未见于条文面,
具名,zi,lib/infrastructure/acr/qualification/benchmarks/branch_benchmark.cpp:42,2.0,未标注,③未见于条文面,
具名,zr,lib/infrastructure/acr/qualification/benchmarks/branch_benchmark.cpp:58,0.0,未标注,③未见于条文面,
具名,zi,lib/infrastructure/acr/qualification/benchmarks/branch_benchmark.cpp:59,0.0,未标注,③未见于条文面,
具名,zi,lib/infrastructure/acr/qualification/benchmarks/branch_benchmark.cpp:67,2.0,未标注,③未见于条文面,
具名,sum,lib/infrastructure/acr/qualification/benchmarks/convolution_benchmark.cpp:33,0.0f,未标注,③未见于条文面,
具名,bin,lib/infrastructure/acr/qualification/benchmarks/irregular_benchmark.cpp:54,256.0f,未标注,③未见于条文面,
具名,a,lib/infrastructure/acr/qualification/benchmarks/numa_benchmark.cpp:206,3.14f,未标注,③未见于条文面,
具名,a,lib/infrastructure/acr/qualification/benchmarks/numa_benchmark.cpp:267,3.14f,未标注,③未见于条文面,
具名,Range1D,lib/infrastructure/acr/qualification/benchmarks/overhead_benchmark.cpp:98,0.0f,未标注,③未见于条文面,
具名,Range1D,lib/infrastructure/acr/qualification/benchmarks/overhead_benchmark.cpp:104,0.0f,未标注,③未见于条文面,
具名,acc,lib/infrastructure/acr/qualification/benchmarks/reduction_benchmark.cpp:64,0.0,未标注,③未见于条文面,
具名,mean,lib/infrastructure/acr/qualification/benchmarks/reduction_benchmark.cpp:100,0.0,未标注,②条文有名无值,docs/algorithms/CALIBRATION_ALGORITHMS.md:114 源码锚: `master_generator.cpp:178-295`。无 combine 参数，合并固定 mean
具名,sq,lib/infrastructure/acr/qualification/benchmarks/reduction_benchmark.cpp:103,0.0,未标注,③未见于条文面,
具名,max_abs,lib/infrastructure/acr/qualification/benchmarks/reduction_benchmark.cpp:163,0.0,未标注,②条文有名无值,"docs/algorithms/ACR_EQUIVALENCE.md:19 F4: 容差: float32 max_abs ≤1e-6, float64 ≤1e-12; support/rejection exact"
具名,max_rel,lib/infrastructure/acr/qualification/benchmarks/reduction_benchmark.cpp:164,0.0,未标注,②条文有名无值,docs/science/ACR_EQUIVALENCE.md:118 - `signal`（FP32 承载面）：`max_abs ≤ 8·ulp_fp32(s)`，即**相对容差** `max_rel ≤ 1e
具名,max_rel,lib/infrastructure/acr/qualification/benchmarks/reduction_benchmark.cpp:171,0.0,未标注,②条文有名无值,docs/science/ACR_EQUIVALENCE.md:118 - `signal`（FP32 承载面）：`max_abs ≤ 8·ulp_fp32(s)`，即**相对容差** `max_rel ≤ 1e
具名,Range1D,lib/infrastructure/acr/qualification/benchmarks/reduction_benchmark.cpp:218,0.0f,未标注,③未见于条文面,
具名,a,lib/infrastructure/acr/qualification/benchmarks/stream_benchmark.cpp:205,3.14,未标注,③未见于条文面,
具名,a,lib/infrastructure/acr/qualification/benchmarks/stream_benchmark.cpp:349,3.14,未标注,③未见于条文面,
具名,a,lib/infrastructure/acr/qualification/benchmarks/thread_curve_benchmark.cpp:34,3.14,未标注,③未见于条文面,
具名,val,lib/infrastructure/acr/qualification/benchmarks/transfer_benchmark.cpp:95,3.14,未标注,③未见于条文面,
具名,sx,lib/infrastructure/acr/qualification/focused/focused_benchmark.cpp:34,0.0,未标注,③未见于条文面,
具名,sy,lib/infrastructure/acr/qualification/focused/focused_benchmark.cpp:50,0.0,未标注,③未见于条文面,
具名,h2d_fixed_us,lib/infrastructure/acr/qualification/focused/focused_benchmark.cpp:514,0.0,未标注,③未见于条文面,
具名,d2h_fixed_us,lib/infrastructure/acr/qualification/focused/focused_benchmark.cpp:534,0.0,未标注,③未见于条文面,
具名,h2d_gbps,lib/infrastructure/acr/qualification/focused/focused_benchmark.cpp:540,1.0,未标注,③未见于条文面,
具名,d2h_gbps,lib/infrastructure/acr/qualification/focused/focused_benchmark.cpp:541,1.0,未标注,③未见于条文面,
具名,h2d_fixed_us,lib/infrastructure/acr/qualification/focused/focused_benchmark.cpp:542,100.0,未标注,③未见于条文面,
具名,d2h_fixed_us,lib/infrastructure/acr/qualification/focused/focused_benchmark.cpp:543,100.0,未标注,③未见于条文面,
具名,fixed_us,lib/infrastructure/acr/qualification/focused/focused_benchmark.cpp:559,0.0;1000.0,未标注,③未见于条文面,
具名,best,lib/infrastructure/acr/qualification/focused/focused_benchmark.cpp:572,0.95,未标注,②条文有名无值,"docs/algorithms/PLATESOLVE.md:40 best = min rms, rank by n_matches + rms"
具名,fixed_us,lib/infrastructure/acr/qualification/focused/focused_benchmark.cpp:593,0.0;1000.0,未标注,③未见于条文面,
具名,best,lib/infrastructure/acr/qualification/focused/focused_benchmark.cpp:606,0.95,未标注,②条文有名无值,"docs/algorithms/PLATESOLVE.md:40 best = min rms, rank by n_matches + rms"
具名,nstar,lib/infrastructure/acr/qualification/focused/focused_benchmark.cpp:648,0.0;1.0,未标注,②条文有名无值,docs/science/NOISE_MODEL.md:397 - PCL 2.10.4 `PSFSignalEstimator.h` 的 `NStar()` 默认取 `NStar_Sn`（2.03636
具名,nstar,lib/infrastructure/acr/qualification/focused/focused_benchmark.cpp:657,0.0;1.0,未标注,②条文有名无值,docs/science/NOISE_MODEL.md:397 - PCL 2.10.4 `PSFSignalEstimator.h` 的 `NStar()` 默认取 `NStar_Sn`（2.03636
具名,ns_per_item,lib/infrastructure/acr/qualification/focused/focused_benchmark.cpp:664,1.0;10.0,未标注,③未见于条文面,
具名,fixed_us,lib/infrastructure/acr/qualification/focused/focused_benchmark.cpp:665,100.0,未标注,③未见于条文面,
具名,acc,lib/infrastructure/acr/qualification/focused/focused_operations.cpp:139,0.0,未标注,③未见于条文面,
具名,total,lib/infrastructure/acr/qualification/focused/focused_operations.cpp:147,0.0,未标注,②条文有名无值,"docs/contracts/unified_object_registry.json:355 ""total"": 7,"
具名,rc,lib/infrastructure/acr/qualification/focused/focused_operations.cpp:221,1.0f,未标注,③未见于条文面,
具名,total,lib/infrastructure/acr/qualification/focused/focused_operations.cpp:235,0.0,未标注,②条文有名无值,"docs/contracts/unified_object_registry.json:355 ""total"": 7,"
具名,total,lib/infrastructure/acr/qualification/focused/focused_operations.cpp:300,0.0,未标注,②条文有名无值,"docs/contracts/unified_object_registry.json:355 ""total"": 7,"
具名,acc,lib/infrastructure/acr/qualification/focused/focused_operations.cpp:336,0.0,未标注,③未见于条文面,
具名,i,lib/infrastructure/acr/qualification/focused/focused_operations.cpp:355,1.0f;2.0f,未标注,③未见于条文面,
具名,sum,lib/infrastructure/acr/qualification/focused/focused_operations.cpp:391,0.0,未标注,③未见于条文面,
具名,sum,lib/infrastructure/acr/qualification/focused/focused_operations.cpp:464,0.0,未标注,③未见于条文面,
具名,slot,lib/infrastructure/acr/qualification/focused/focused_operations.cpp:468,0.0,未标注,②条文有名无值,docs/algorithms/PHASE2_MOSAIC_WRITE.md:134 `ivar_valid[depth]` per-frame-slot（:1066）；逐帧
具名,sum,lib/infrastructure/acr/qualification/focused/focused_operations.cpp:544,0.0,未标注,③未见于条文面,
具名,slot,lib/infrastructure/acr/qualification/focused/focused_operations.cpp:550,0.0,未标注,②条文有名无值,docs/algorithms/PHASE2_MOSAIC_WRITE.md:134 `ivar_valid[depth]` per-frame-slot（:1066）；逐帧
具名,total,lib/infrastructure/acr/qualification/focused/focused_operations.cpp:638,0.0,未标注,②条文有名无值,"docs/contracts/unified_object_registry.json:355 ""total"": 7,"
具名,fixed_us,lib/infrastructure/acr/qualification/focused/operation_profile.hpp:35,0.0,未标注,③未见于条文面,
具名,ns_per_item,lib/infrastructure/acr/qualification/focused/operation_profile.hpp:36,0.0,未标注,③未见于条文面,
具名,median_error_ratio,lib/infrastructure/acr/qualification/focused/operation_profile.hpp:39,0.0,未标注,③未见于条文面,
具名,p95_error_ratio,lib/infrastructure/acr/qualification/focused/operation_profile.hpp:40,0.0,未标注,③未见于条文面,
具名,launch_us,lib/infrastructure/acr/qualification/focused/operation_profile.hpp:59,0.0,未标注,③未见于条文面,
具名,h2d_fixed_us,lib/infrastructure/acr/qualification/focused/operation_profile.hpp:68,0.0,未标注,③未见于条文面,
具名,h2d_gbps,lib/infrastructure/acr/qualification/focused/operation_profile.hpp:69,0.0,未标注,③未见于条文面,
具名,d2h_fixed_us,lib/infrastructure/acr/qualification/focused/operation_profile.hpp:70,0.0,未标注,③未见于条文面,
具名,d2h_gbps,lib/infrastructure/acr/qualification/focused/operation_profile.hpp:71,0.0,未标注,③未见于条文面,
具名,host_bytes_per_item,lib/infrastructure/acr/qualification/focused/operation_profile.hpp:75,0.0,未标注,③未见于条文面,
具名,device_bytes_per_item,lib/infrastructure/acr/qualification/focused/operation_profile.hpp:76,0.0,未标注,③未见于条文面,
具名,mean,lib/infrastructure/acr/qualification/profile_generator.cpp:158,0.0,未标注,②条文有名无值,docs/algorithms/CALIBRATION_ALGORITHMS.md:114 源码锚: `master_generator.cpp:178-295`。无 combine 参数，合并固定 mean
具名,var,lib/infrastructure/acr/qualification/profile_generator.cpp:161,0.0,未标注,③未见于条文面,
具名,peak_bandwidth_gbps,lib/infrastructure/acr/qualification/profile_generator.cpp:340,0.0,未标注,③未见于条文面,
具名,peak_bandwidth_gbps,lib/infrastructure/acr/qualification/profile_generator.cpp:352,0.0,未标注,③未见于条文面,
具名,mad,lib/infrastructure/acr/qualification/profile_generator.cpp:396,0.6744897501960817,未标注,③未见于条文面,
具名,median_ns,lib/infrastructure/acr/qualification/profile_generator.cpp:497,1100.0;8500.0,未标注,③未见于条文面,
具名,p95_ns,lib/infrastructure/acr/qualification/profile_generator.cpp:498,1800.0;9200.0,未标注,③未见于条文面,
具名,cold_start_ns,lib/infrastructure/acr/qualification/profile_generator.cpp:499,450000.0;95000.0,未标注,③未见于条文面,
具名,warm_ns,lib/infrastructure/acr/qualification/profile_generator.cpp:500,600.0;6500.0,未标注,③未见于条文面,
具名,median_ns,lib/infrastructure/acr/qualification/profile_generator.cpp:505,120.0;7800.0,未标注,③未见于条文面,
具名,p95_ns,lib/infrastructure/acr/qualification/profile_generator.cpp:506,200.0;8500.0,未标注,③未见于条文面,
具名,cold_start_ns,lib/infrastructure/acr/qualification/profile_generator.cpp:507,8000.0;95000.0,未标注,③未见于条文面,
具名,warm_ns,lib/infrastructure/acr/qualification/profile_generator.cpp:508,6200.0;80.0,未标注,③未见于条文面,
具名,median_ns,lib/infrastructure/acr/qualification/profile_generator.cpp:512,1200.0;220.0,未标注,③未见于条文面,
具名,p95_ns,lib/infrastructure/acr/qualification/profile_generator.cpp:513,1500.0;320.0,未标注,③未见于条文面,
具名,cold_start_ns,lib/infrastructure/acr/qualification/profile_generator.cpp:514,5000.0;8000.0,未标注,③未见于条文面,
具名,warm_ns,lib/infrastructure/acr/qualification/profile_generator.cpp:515,1000.0;180.0,未标注,③未见于条文面,
具名,median_ns,lib/infrastructure/acr/qualification/profile_generator.cpp:519,350000.0;580.0,未标注,③未见于条文面,
具名,p95_ns,lib/infrastructure/acr/qualification/profile_generator.cpp:520,380000.0;950.0,未标注,③未见于条文面,
具名,cold_start_ns,lib/infrastructure/acr/qualification/profile_generator.cpp:521,1200000.0;50000.0,未标注,③未见于条文面,
具名,warm_ns,lib/infrastructure/acr/qualification/profile_generator.cpp:522,280000.0;350.0,未标注,③未见于条文面,
具名,median_ns,lib/infrastructure/acr/qualification/profile_generator.cpp:526,240.0;850.0,未标注,③未见于条文面,
具名,p95_ns,lib/infrastructure/acr/qualification/profile_generator.cpp:527,1100.0;380.0,未标注,③未见于条文面,
具名,cold_start_ns,lib/infrastructure/acr/qualification/profile_generator.cpp:528,12000.0;5200.0,未标注,③未见于条文面,
具名,warm_ns,lib/infrastructure/acr/qualification/profile_generator.cpp:529,200.0;720.0,未标注,③未见于条文面,
具名,throughput_gbps,lib/infrastructure/acr/qualification/profile_schema.hpp:41,0.0,未标注,③未见于条文面,
具名,median_throughput_gbps,lib/infrastructure/acr/qualification/profile_schema.hpp:81,0.0,未标注,③未见于条文面,
具名,stddev_kernel_ns,lib/infrastructure/acr/qualification/profile_schema.hpp:82,0.0,未标注,③未见于条文面,
具名,m0,lib/infrastructure/acr/routing/benchmark_route_estimator.cpp:195,0.0,未标注,③未见于条文面,
具名,m1,lib/infrastructure/acr/routing/benchmark_route_estimator.cpp:254,0.0,未标注,③未见于条文面,
具名,m,lib/infrastructure/acr/routing/benchmark_route_estimator.cpp:290,0.0,未标注,③未见于条文面,
具名,m,lib/infrastructure/acr/routing/benchmark_route_estimator.cpp:302,0.0,未标注,③未见于条文面,
具名,m0,lib/infrastructure/acr/routing/benchmark_route_estimator.cpp:317,0.0,未标注,③未见于条文面,
具名,ms,lib/infrastructure/acr/routing/benchmark_route_estimator.cpp:344,0.0,未标注,③未见于条文面,
具名,med,lib/infrastructure/acr/routing/benchmark_route_estimator.cpp:478,0.0,未标注,③未见于条文面,
具名,med,lib/infrastructure/acr/routing/benchmark_route_estimator.cpp:502,0.0,未标注,③未见于条文面,
具名,base,lib/infrastructure/acr/routing/benchmark_route_estimator.cpp:548,0.0,未标注,②条文有名无值,"docs/algorithms/PHASE2_COVERAGE.md:316 - DISP-COV-002 frame_id 取基名截断: `base.find_last_of(""/\\"")` 后"
具名,queue_delay_ms,lib/infrastructure/acr/routing/benchmark_route_estimator.cpp:569,0.0,未标注,③未见于条文面,
具名,score_ms,lib/infrastructure/acr/routing/benchmark_route_estimator.cpp:570,1.0,未标注,③未见于条文面,
具名,cpu_delay_ms,lib/infrastructure/acr/routing/route_profile_v2.hpp:51,0.0,未标注,③未见于条文面,
具名,gpu_delay_ms,lib/infrastructure/acr/routing/route_profile_v2.hpp:52,0.0,未标注,③未见于条文面,
具名,predicted_ms,lib/infrastructure/acr/routing/route_profile_v2.hpp:79,0.0,未标注,③未见于条文面,
具名,error_bound_ms,lib/infrastructure/acr/routing/route_profile_v2.hpp:80,0.0,未标注,③未见于条文面,
具名,queue_delay_ms,lib/infrastructure/acr/routing/route_profile_v2.hpp:81,0.0,未标注,③未见于条文面,
具名,score_ms,lib/infrastructure/acr/routing/route_profile_v2.hpp:82,0.0,未标注,③未见于条文面,
具名,median_ms,lib/infrastructure/acr/routing/route_profile_v2.hpp:109,0.0,未标注,③未见于条文面,
具名,p90_ms,lib/infrastructure/acr/routing/route_profile_v2.hpp:110,0.0,未标注,③未见于条文面,
具名,median_error_ratio,lib/infrastructure/acr/routing/route_profile_v2.hpp:150,0.0,未标注,③未见于条文面,
具名,max_error_ratio,lib/infrastructure/acr/routing/route_profile_v2.hpp:151,0.0,未标注,③未见于条文面,
具名,final_median_error_ratio,lib/infrastructure/acr/routing/route_profile_v2.hpp:157,0.0,未标注,③未见于条文面,
具名,final_max_error_ratio,lib/infrastructure/acr/routing/route_profile_v2.hpp:158,0.0,未标注,③未见于条文面,
具名,p95_error_ratio,lib/infrastructure/acr/routing/route_profile_v2.hpp:159,0.0,未标注,③未见于条文面,
具名,chosen_actual_ms,lib/infrastructure/acr/routing/route_profile_v2.hpp:171,0.0,未标注,③未见于条文面,
具名,actual_best_ms,lib/infrastructure/acr/routing/route_profile_v2.hpp:172,0.0,未标注,③未见于条文面,
具名,predicted_ms,lib/infrastructure/acr/routing/route_profile_v2.hpp:173,0.0,未标注,③未见于条文面,
具名,route_replay_max_slowdown_ratio,lib/infrastructure/acr/routing/route_profile_v2.hpp:199,1.0,未标注,③未见于条文面,
具名,median_service_ms,lib/infrastructure/acr/routing/route_profile_v2.hpp:207,0.0,未标注,③未见于条文面,
具名,p90_service_ms,lib/infrastructure/acr/routing/route_profile_v2.hpp:208,0.0,未标注,③未见于条文面,
具名,mixed_fixed_overhead_ms,lib/infrastructure/acr/routing/route_profile_v2.hpp:221,0.0,未标注,③未见于条文面,
具名,mixed_per_token_ms,lib/infrastructure/acr/routing/route_profile_v2.hpp:222,0.0,未标注,③未见于条文面,
具名,load,lib/infrastructure/acr/scheduler/device_executor.cpp:66,0.0;1.0,未标注,②条文有名无值,"docs/contracts/API_CONTRACTS.csv:147 API-load,load,lib/infrastructure/pipeline/orchestrator/cpp/include/che"
具名,load,lib/infrastructure/acr/scheduler/device_executor.hpp:29,0.0,未标注,②条文有名无值,"docs/contracts/API_CONTRACTS.csv:147 API-load,load,lib/infrastructure/pipeline/orchestrator/cpp/include/che"
具名,cpu_skip,lib/infrastructure/acr/scheduler/dispatcher.cpp:1127,0.35,未标注,③未见于条文面,
具名,other_measured_ns,lib/infrastructure/acr/scheduler/dispatcher.cpp:1350,0.0,未标注,③未见于条文面,
具名,fixed_tail_threshold,lib/infrastructure/acr/scheduler/dispatcher.hpp:56,0.7,未标注,③未见于条文面,
具名,cpu_measured_ns_per_item,lib/infrastructure/acr/scheduler/dispatcher.hpp:76,0.0,未标注,③未见于条文面,
具名,gpu_measured_ns_per_item,lib/infrastructure/acr/scheduler/dispatcher.hpp:77,0.0,未标注,③未见于条文面,
具名,benchmark_predicted_ms,lib/infrastructure/acr/scheduler/dispatcher.hpp:194,0.0,未标注,③未见于条文面,
具名,cpu_fixed_ns,lib/infrastructure/acr/scheduler/mixed_route_planner.cpp:46,1000.0,未标注,③未见于条文面,
具名,gpu_fixed_ns,lib/infrastructure/acr/scheduler/mixed_route_planner.cpp:48,1000.0,未标注,③未见于条文面,
具名,has_measured,lib/infrastructure/acr/scheduler/mixed_route_planner.cpp:102,0.0,未标注,③未见于条文面,
具名,other_per_item,lib/infrastructure/acr/scheduler/mixed_route_planner.cpp:117,0.0,未标注,③未见于条文面,
具名,cpu_ns_per_item,lib/infrastructure/acr/scheduler/mixed_route_planner.hpp:30,0.0,未标注,③未见于条文面,
具名,gpu_ns_per_item,lib/infrastructure/acr/scheduler/mixed_route_planner.hpp:31,0.0,未标注,③未见于条文面,
具名,gpu_fixed_ns,lib/infrastructure/acr/scheduler/mixed_route_planner.hpp:32,0.0,未标注,③未见于条文面,
具名,cpu_fixed_ns,lib/infrastructure/acr/scheduler/mixed_route_planner.hpp:33,0.0,未标注,③未见于条文面,
具名,transfer_s,lib/infrastructure/acr/scheduler/queue_aware.cpp:18,0.0,未标注,③未见于条文面,
具名,gpu_transfer_s,lib/infrastructure/acr/scheduler/queue_aware.cpp:51,0.0,未标注,③未见于条文面,
具名,bandwidth_gbps,lib/infrastructure/acr/scheduler/queue_aware.hpp:22,0.0,未标注,③未见于条文面,
具名,compute_per_chunk_ns,lib/infrastructure/acr/scheduler/queue_aware.hpp:30,0.0,未标注,③未见于条文面,
具名,merge_per_chunk_ns,lib/infrastructure/acr/scheduler/queue_aware.hpp:31,0.0,未标注,③未见于条文面,
具名,pass_rate,lib/infrastructure/acr/tools/acr_classic_runner/main.cpp:189,0.0,未标注,③未见于条文面,
具名,sum_actual,lib/infrastructure/acr/utilization/actual_tracker.cpp:124,0.0,未标注,③未见于条文面,
具名,sum_error,lib/infrastructure/acr/utilization/actual_tracker.cpp:125,0.0,未标注,③未见于条文面,
具名,p95_actual,lib/infrastructure/acr/utilization/actual_tracker.cpp:154,0.95,未标注,③未见于条文面,
具名,average_p95_error,lib/infrastructure/acr/utilization/actual_tracker.cpp:155,0.95,未标注,③未见于条文面,
具名,sum_actual,lib/infrastructure/acr/utilization/actual_tracker.cpp:193,0.0,未标注,③未见于条文面,
具名,p95_actual,lib/infrastructure/acr/utilization/actual_tracker.cpp:220,0.95,未标注,③未见于条文面,
具名,average_p95_error,lib/infrastructure/acr/utilization/actual_tracker.cpp:221,0.95,未标注,③未见于条文面,
具名,actual_ratio,lib/infrastructure/acr/utilization/actual_tracker.hpp:24,0.0,未标注,③未见于条文面,
具名,target_ratio,lib/infrastructure/acr/utilization/actual_tracker.hpp:25,0.0,未标注,③未见于条文面,
具名,error_ratio,lib/infrastructure/acr/utilization/actual_tracker.hpp:26,0.0,未标注,③未见于条文面,
具名,average_actual,lib/infrastructure/acr/utilization/actual_tracker.hpp:48,0.0,未标注,③未见于条文面,
具名,p95_actual,lib/infrastructure/acr/utilization/actual_tracker.hpp:49,0.0,未标注,③未见于条文面,
具名,max_actual,lib/infrastructure/acr/utilization/actual_tracker.hpp:50,0.0,未标注,③未见于条文面,
具名,min_actual,lib/infrastructure/acr/utilization/actual_tracker.hpp:51,0.0,未标注,③未见于条文面,
具名,average_error,lib/infrastructure/acr/utilization/actual_tracker.hpp:52,0.0,未标注,③未见于条文面,
具名,max_error,lib/infrastructure/acr/utilization/actual_tracker.hpp:53,0.0,未标注,③未见于条文面,
具名,min_error,lib/infrastructure/acr/utilization/actual_tracker.hpp:54,0.0,未标注,③未见于条文面,
具名,average_p95_error,lib/infrastructure/acr/utilization/actual_tracker.hpp:55,0.0,未标注,③未见于条文面,
具名,ram_ratio,lib/infrastructure/acr/utilization/config_hot_read.cpp:17,0.95,未标注,③未见于条文面,
具名,vram_ratio,lib/infrastructure/acr/utilization/config_hot_read.cpp:18,0.95,未标注,③未见于条文面,
具名,ram_ratio,lib/infrastructure/acr/utilization/config_hot_read.hpp:35,0.95,未标注,③未见于条文面,
具名,vram_ratio,lib/infrastructure/acr/utilization/config_hot_read.hpp:36,0.95,未标注,③未见于条文面,
具名,r,lib/infrastructure/acr/utilization/memory_budget.cpp:60,0.0,未标注,③未见于条文面,
具名,r,lib/infrastructure/acr/utilization/memory_budget.cpp:61,1.0,未标注,③未见于条文面,
具名,ram_ratio,lib/infrastructure/acr/utilization/memory_budget.hpp:23,0.95,未标注,③未见于条文面,
具名,vram_ratio,lib/infrastructure/acr/utilization/memory_budget.hpp:24,0.95,未标注,③未见于条文面,
具名,pinned_ratio,lib/infrastructure/acr/utilization/memory_budget.hpp:25,0.95,未标注,③未见于条文面,
具名,r,lib/infrastructure/acr/utilization/system_metrics.cpp:228,0.0,未标注,③未见于条文面,
具名,r,lib/infrastructure/acr/utilization/system_metrics.cpp:229,1.0,未标注,③未见于条文面,
具名,ratio,lib/infrastructure/acr/utilization/system_metrics.cpp:290,0.0,未标注,②条文有名无值,docs/algorithms/UPM_SOLVER.md:127 - var(median)≈πσ²/(2N)：Hoaglin et al. 1983；UPMW-004 实证 ratio 0.997（SCI
具名,ratio,lib/infrastructure/acr/utilization/system_metrics.cpp:294,0.0,未标注,②条文有名无值,docs/algorithms/UPM_SOLVER.md:127 - var(median)≈πσ²/(2N)：Hoaglin et al. 1983；UPMW-004 实证 ratio 0.997（SCI
具名,ratio,lib/infrastructure/acr/utilization/system_metrics.cpp:295,1.0,未标注,②条文有名无值,docs/algorithms/UPM_SOLVER.md:127 - var(median)≈πσ²/(2N)：Hoaglin et al. 1983；UPMW-004 实证 ratio 0.997（SCI
具名,ratio,lib/infrastructure/acr/utilization/system_metrics.cpp:346,100.0,未标注,②条文有名无值,docs/algorithms/UPM_SOLVER.md:127 - var(median)≈πσ²/(2N)：Hoaglin et al. 1983；UPMW-004 实证 ratio 0.997（SCI
具名,ratio,lib/infrastructure/acr/utilization/system_metrics.cpp:347,0.0,未标注,②条文有名无值,docs/algorithms/UPM_SOLVER.md:127 - var(median)≈πσ²/(2N)：Hoaglin et al. 1983；UPMW-004 实证 ratio 0.997（SCI
具名,ratio,lib/infrastructure/acr/utilization/system_metrics.cpp:348,1.0,未标注,②条文有名无值,docs/algorithms/UPM_SOLVER.md:127 - var(median)≈πσ²/(2N)：Hoaglin et al. 1983；UPMW-004 实证 ratio 0.997（SCI
具名,ratio,lib/infrastructure/acr/utilization/system_metrics.hpp:26,-1.0;0.0,未标注,②条文有名无值,docs/algorithms/UPM_SOLVER.md:127 - var(median)≈πσ²/(2N)：Hoaglin et al. 1983；UPMW-004 实证 ratio 0.997（SCI
具名,ratio,lib/infrastructure/acr/utilization/system_metrics.hpp:34,-1.0;0.0,未标注,②条文有名无值,docs/algorithms/UPM_SOLVER.md:127 - var(median)≈πσ²/(2N)：Hoaglin et al. 1983；UPMW-004 实证 ratio 0.997（SCI
具名,pixfrac,lib/infrastructure/aio/include/hiss_format.h:53,1.0,未标注,②条文有名无值,"ASTROCS_DESIGN.md:295 ""drizzle"": { ""nested"": 1, ""pixfrac"": 0.8, ""precision_mode"": 0 },  // 默"
具名,sampling_scale,lib/infrastructure/aio/include/hiss_format.h:225,0.0f,未标注,③未见于条文面,
具名,sampling_scale,lib/infrastructure/aio/include/hiss_format.h:232,0.0f,未标注,③未见于条文面,
具名,pixfrac,lib/infrastructure/aio/include/hiss_format.h:297,1.0,未标注,②条文有名无值,"ASTROCS_DESIGN.md:295 ""drizzle"": { ""nested"": 1, ""pixfrac"": 0.8, ""precision_mode"": 0 },  // 默"
具名,photscal,lib/infrastructure/aio/include/hiss_format.h:300,1.0,未标注,②条文有名无值,ASTROCS_DESIGN.md:276 - **测光归一化落到像素（photometry 一步完成，不设独立节点）**：同一节点内把 `I_photo = k_photo · m(
具名,darkscl,lib/infrastructure/aio/include/hiss_format.h:311,1.0,未标注,③未见于条文面,
具名,exptime,lib/infrastructure/aio/include/hiss_format.h:316,0.0,未标注,②条文有名无值,docs/algorithms/CALIBRATION_ALGORITHMS.md:26 EXPTIME 得出后传入）、噪声方差/SNR 估计（snr_estimator）、天光背景扣除
具名,gain,lib/infrastructure/aio/include/hiss_format.h:320,0.0,未标注,②条文有名无值,ASTROCS_DESIGN.md:161 分离需要额外支撑先验（暗帧、平场对/光子转移曲线、可信 `GAIN`、多曝光）；秩的代数依据见
具名,sum_flux,lib/infrastructure/aio/include/hiss_format.h:353,0.0,未标注,③未见于条文面,
具名,sum_area,lib/infrastructure/aio/include/hiss_format.h:354,0.0,未标注,③未见于条文面,
具名,pixel_area,lib/infrastructure/aio/include/hiss_format.h:364,1.0,未标注,①条文含值,docs/algorithms/DRIZZLE_GEOMETRY.md:68 `pixfrac==1` 时 `pixel_area` 与 `drop_area` 是同一变量 ⇒ 比值恒 1.0 ⇒ `sumNorm ≡
具名,out,lib/infrastructure/aio/io/include/astrocs/io/hips_input_v1.h:74,3.1,未标注,③未见于条文面,
具名,bscale,lib/infrastructure/aio/src/aio_fits.cpp:117,1.0,未标注,①条文含值,"docs/algorithms/CALIBRATION_ALGORITHMS.md:56 | XISF `Float32` `bounds=""0:1""` | **可表示域**（黑/白点），非物理单位（XISF 1.0 §Image"
具名,bzero,lib/infrastructure/aio/src/aio_fits.cpp:118,0.0,未标注,②条文有名无值,"docs/algorithms/CALIBRATION_ALGORITHMS.md:55 | FITS 整数（`BITPIX=16`, `BZERO=32768`） | `BSCALE/BZERO` ⇒ 物理值 | 无（已 ADU"
具名,equinox,lib/infrastructure/aio/src/aio_fits.cpp:428,2000.0,未标注,①条文含值,docs/contracts/DATA_SEMANTICS.md:998 EQUINOX=2000.0；sip_order>0 时 A_ORDER/B_ORDER + A_i_j/B_i_j；
具名,equinox,lib/infrastructure/aio/src/aio_fits.cpp:429,2000.0,未标注,①条文含值,docs/contracts/DATA_SEMANTICS.md:998 EQUINOX=2000.0；sip_order>0 时 A_ORDER/B_ORDER + A_i_j/B_i_j；
具名,gain,lib/infrastructure/aio/src/aio_fits.cpp:483,1.0,未标注,②条文有名无值,ASTROCS_DESIGN.md:161 分离需要额外支撑先验（暗帧、平场对/光子转移曲线、可信 `GAIN`、多曝光）；秩的代数依据见
具名,ccd_temp,lib/infrastructure/aio/src/aio_fits.cpp:491,0.0,未标注,③未见于条文面,
具名,bscale,lib/infrastructure/aio/src/aio_fits.cpp:738,1.0,未标注,①条文含值,"docs/algorithms/CALIBRATION_ALGORITHMS.md:56 | XISF `Float32` `bounds=""0:1""` | **可表示域**（黑/白点），非物理单位（XISF 1.0 §Image"
具名,bzero,lib/infrastructure/aio/src/aio_fits.cpp:739,0.0,未标注,②条文有名无值,"docs/algorithms/CALIBRATION_ALGORITHMS.md:55 | FITS 整数（`BITPIX=16`, `BZERO=32768`） | `BSCALE/BZERO` ⇒ 物理值 | 无（已 ADU"
具名,dval,lib/infrastructure/aio/src/aio_fits.cpp:740,0.0,未标注,③未见于条文面,
具名,BITPIX,lib/infrastructure/aio/src/aio_fits.cpp:809,.1f,未标注,②条文有名无值,"docs/algorithms/CALIBRATION_ALGORITHMS.md:55 | FITS 整数（`BITPIX=16`, `BZERO=32768`） | `BSCALE/BZERO` ⇒ 物理值 | 无（已 ADU"
具名,BSCALE,lib/infrastructure/aio/src/aio_fits.cpp:854,.6f,未标注,②条文有名无值,"docs/algorithms/CALIBRATION_ALGORITHMS.md:55 | FITS 整数（`BITPIX=16`, `BZERO=32768`） | `BSCALE/BZERO` ⇒ 物理值 | 无（已 ADU"
具名,BSCALE,lib/infrastructure/aio/src/aio_fits.cpp:887,.6f,未标注,②条文有名无值,"docs/algorithms/CALIBRATION_ALGORITHMS.md:55 | FITS 整数（`BITPIX=16`, `BZERO=32768`） | `BSCALE/BZERO` ⇒ 物理值 | 无（已 ADU"
具名,version,lib/infrastructure/aio/src/aio_pipeline.cpp:1291,1.0,未标注,②条文有名无值,"ACCEPTANCE_SPEC.md:13 REL[""发布预览版<br/>版本号取自仓库根 VERSION<br/>负责人决定""]"
具名,version,lib/infrastructure/aio/src/aio_pipeline.cpp:1330,1.0,未标注,②条文有名无值,"ACCEPTANCE_SPEC.md:13 REL[""发布预览版<br/>版本号取自仓库根 VERSION<br/>负责人决定""]"
具名,bzero,lib/infrastructure/aio/src/aio_pipeline.cpp:1410,0.0,未标注,②条文有名无值,"docs/algorithms/CALIBRATION_ALGORITHMS.md:55 | FITS 整数（`BITPIX=16`, `BZERO=32768`） | `BSCALE/BZERO` ⇒ 物理值 | 无（已 ADU"
具名,i,lib/infrastructure/aio/src/aio_xisf.cpp:190,0.0f,未标注,③未见于条文面,
具名,i,lib/infrastructure/aio/src/aio_xisf.cpp:289,0.0,未标注,③未见于条文面,
具名,equinox,lib/infrastructure/aio/src/aio_xisf.cpp:412,2000.0,未标注,①条文含值,docs/contracts/DATA_SEMANTICS.md:998 EQUINOX=2000.0；sip_order>0 时 A_ORDER/B_ORDER + A_i_j/B_i_j；
具名,equinox,lib/infrastructure/aio/src/aio_xisf.cpp:413,2000.0,未标注,①条文含值,docs/contracts/DATA_SEMANTICS.md:998 EQUINOX=2000.0；sip_order>0 时 A_ORDER/B_ORDER + A_i_j/B_i_j；
具名,gain,lib/infrastructure/aio/src/aio_xisf.cpp:431,1.0,未标注,②条文有名无值,ASTROCS_DESIGN.md:161 分离需要额外支撑先验（暗帧、平场对/光子转移曲线、可信 `GAIN`、多曝光）；秩的代数依据见
具名,pixfrac,lib/infrastructure/aio/src/healpix/aio_healpix_io.cpp:323,1.0,未标注,②条文有名无值,"ASTROCS_DESIGN.md:295 ""drizzle"": { ""nested"": 1, ""pixfrac"": 0.8, ""precision_mode"": 0 },  // 默"
具名,A_p,lib/infrastructure/aio/src/healpix/aio_healpix_io.cpp:340,12.0;4.0,未标注,③未见于条文面,
具名,pixfrac,lib/infrastructure/aio/src/healpix/aio_healpix_io.cpp:362,1.0,未标注,②条文有名无值,"ASTROCS_DESIGN.md:295 ""drizzle"": { ""nested"": 1, ""pixfrac"": 0.8, ""precision_mode"": 0 },  // 默"
具名,pixfrac,lib/infrastructure/aio/src/healpix/aio_healpix_io.cpp:369,1.0,未标注,②条文有名无值,"ASTROCS_DESIGN.md:295 ""drizzle"": { ""nested"": 1, ""pixfrac"": 0.8, ""precision_mode"": 0 },  // 默"
具名,signal,lib/infrastructure/aio/src/healpix/aio_healpix_io.cpp:1123,0.0f,未标注,②条文有名无值,ACCEPTANCE_SPEC.md:31 **判据的名词口径一律照最高设计的冻结语句，本节不复述、不改写**（「口径唯一、不在下层复述」）：① 星等属**表达层**——`k_phot
具名,ret,lib/infrastructure/aio/src/healpix/aio_healpix_io.cpp:1134,.4f,未标注,③未见于条文面,
具名,signal,lib/infrastructure/aio/src/healpix/aio_healpix_io.cpp:1163,0.0,未标注,②条文有名无值,ACCEPTANCE_SPEC.md:31 **判据的名词口径一律照最高设计的冻结语句，本节不复述、不改写**（「口径唯一、不在下层复述」）：① 星等属**表达层**——`k_phot
具名,ret,lib/infrastructure/aio/src/healpix/aio_healpix_io.cpp:1174,.4f,未标注,③未见于条文面,
具名,n_points,lib/infrastructure/aio/src/healpix/aio_healpix_io.cpp:2149,.2f;.4f,未标注,②条文有名无值,docs/contracts/CONFIG_CONTRACT.md:81 | normalize（多块） | `eng/packaging/config/templates/normalize.phase_conf
具名,v,lib/infrastructure/aio/src/hips/aio_hips_reader.cpp:344,0.0f,未标注,③未见于条文面,
具名,v,lib/infrastructure/aio/src/hips/aio_hips_reader.cpp:351,0.0,未标注,③未见于条文面,
具名,s,lib/infrastructure/aio/src/hips/aio_hips_writer.cpp:157,0.0,未标注,③未见于条文面,
具名,mjd,lib/infrastructure/aio/src/hips/aio_hips_writer.cpp:163,40587.0,未标注,③未见于条文面,
具名,drizzle_pixfrac,lib/infrastructure/aio/src/hips/aio_hips_writer.cpp:895,0.0,未标注,③未见于条文面,
具名,drizzle_scale_arcsec,lib/infrastructure/aio/src/hips/aio_hips_writer.cpp:896,0.0,未标注,③未见于条文面,
具名,frame_snr,lib/infrastructure/aio/src/hips/aio_hips_writer.cpp:899,0.0,未标注,②条文有名无值,ASTROCS_DESIGN.md:152 （`frame_snr`）与**帧内稀疏控制点层**（`sparse_snr_layer`，存控制点处的绝对 SNR）两个对象承载。
具名,reference_flux,lib/infrastructure/aio/src/hips/aio_hips_writer.cpp:900,0.0,未标注,③未见于条文面,
具名,A_cell,lib/infrastructure/aio/src/hips/aio_hips_writer.cpp:918,0.0,未标注,②条文有名无值,docs/algorithms/DRIZZLE_GEOMETRY.md:73 :1629；**绝对球面面积**，非无量纲覆盖分数；support = D_p/A_cell 无量纲，语义不变）。
具名,exposure,lib/infrastructure/aio/src/hips/aio_hips_writer.cpp:920,0.0,未标注,②条文有名无值,"docs/algorithms/CALIBRATION_ALGORITHMS.md:528 ""has been bias-subtracted so that it can be scaled by exposure time""，顺"
具名,moc_area_sr,lib/infrastructure/aio/src/hips/aio_hips_writer.cpp:927,0.0,未标注,②条文有名无值,docs/algorithms/HIPS_WRITER.md:108 MOC 叶级 cell（moc_cells.insert :528-529）、moc_area_sr += A_cell(K)
具名,covered_area_sr,lib/infrastructure/aio/src/hips/aio_hips_writer.cpp:928,0.0,未标注,②条文有名无值,docs/algorithms/HIPS_WRITER.md:109 （:530）、covered_area_sr += tile_covered（:532）、leaf_ipix_list 追加
具名,prof_transform,lib/infrastructure/aio/src/hips/aio_hips_writer.cpp:935,0.0,未标注,②条文有名无值,docs/algorithms/HIPS_WRITER.md:390 nested_local_to_fits_index（:464，prof_transform 热点段之一，性能优化归
具名,prof_fits_write,lib/infrastructure/aio/src/hips/aio_hips_writer.cpp:936,0.0,未标注,③未见于条文面,
具名,prof_hierarchy_accum,lib/infrastructure/aio/src/hips/aio_hips_writer.cpp:937,0.0,未标注,③未见于条文面,
具名,prof_finalize_products,lib/infrastructure/aio/src/hips/aio_hips_writer.cpp:938,0.0,未标注,③未见于条文面,
具名,prof_hierarchy_write,lib/infrastructure/aio/src/hips/aio_hips_writer.cpp:939,0.0,未标注,③未见于条文面,
具名,prof_finalize_snr,lib/infrastructure/aio/src/hips/aio_hips_writer.cpp:940,0.0,未标注,③未见于条文面,
具名,sig,lib/infrastructure/aio/src/hips/aio_hips_writer.cpp:998,0.0,未标注,③未见于条文面,
具名,covered,lib/infrastructure/aio/src/hips/aio_hips_writer.cpp:1002,0.0,未标注,②条文有名无值,docs/algorithms/PHASE2_UPM_IMPL.md:211 tile 最外缘线性外推（前两/后两 covered nodes）；外推锚点限于本
具名,sup,lib/infrastructure/aio/src/hips/aio_hips_writer.cpp:1005,1.0,未标注,③未见于条文面,
具名,iv,lib/infrastructure/aio/src/hips/aio_hips_writer.cpp:1070,1.0,未标注,③未见于条文面,
具名,var,lib/infrastructure/aio/src/hips/aio_hips_writer.cpp:1072,0.0,未标注,③未见于条文面,
具名,iv,lib/infrastructure/aio/src/hips/aio_hips_writer.cpp:1073,0.0,未标注,③未见于条文面,
具名,A_cell,lib/infrastructure/aio/src/hips/aio_hips_writer.cpp:1212,12.0;4.0,未标注,②条文有名无值,docs/algorithms/DRIZZLE_GEOMETRY.md:73 :1629；**绝对球面面积**，非无量纲覆盖分数；support = D_p/A_cell 无量纲，语义不变）。
具名,tile_covered,lib/infrastructure/aio/src/hips/aio_hips_writer.cpp:1305,0.0,未标注,②条文有名无值,docs/algorithms/HIPS_WRITER.md:109 （:530）、covered_area_sr += tile_covered（:532）、leaf_ipix_list 追加
具名,flux,lib/infrastructure/aio/src/hips/aio_hips_writer.cpp:1310,0.0,未标注,②条文有名无值,docs/algorithms/GAIA_QUERY.md:136 float32 fluxMin @32 + float32 fluxMul @36 + uint8 flux[343] @40 + 1B 填
具名,sig,lib/infrastructure/aio/src/hips/aio_hips_writer.cpp:1318,0.0,未标注,③未见于条文面,
具名,covered,lib/infrastructure/aio/src/hips/aio_hips_writer.cpp:1326,0.0,未标注,②条文有名无值,docs/algorithms/PHASE2_UPM_IMPL.md:211 tile 最外缘线性外推（前两/后两 covered nodes）；外推锚点限于本
具名,sup,lib/infrastructure/aio/src/hips/aio_hips_writer.cpp:1331,1.0,未标注,③未见于条文面,
具名,vnum,lib/infrastructure/aio/src/hips/aio_hips_writer.cpp:1524,0.0,未标注,②条文有名无值,docs/algorithms/HIPS_WRITER.md:120 - (3a) 归一：条件 `valid && area>0 && vnum>0 && isfinite(area) &&
具名,rc,lib/infrastructure/aio/src/hips/aio_hips_writer.cpp:1543,12.4,未标注,③未见于条文面,
具名,covered,lib/infrastructure/aio/src/hips/aio_hips_writer.cpp:1546,0.0,未标注,②条文有名无值,docs/algorithms/PHASE2_UPM_IMPL.md:211 tile 最外缘线性外推（前两/后两 covered nodes）；外推锚点限于本
具名,iv,lib/infrastructure/aio/src/hips/aio_hips_writer.cpp:1557,1.0,未标注,③未见于条文面,
具名,var,lib/infrastructure/aio/src/hips/aio_hips_writer.cpp:1559,0.0,未标注,③未见于条文面,
具名,iv,lib/infrastructure/aio/src/hips/aio_hips_writer.cpp:1560,0.0,未标注,③未见于条文面,
具名,t0,lib/infrastructure/aio/src/hips/aio_hips_writer.cpp:1924,0.0,未标注,③未见于条文面,
具名,snr_fmt,lib/infrastructure/aio/src/hips/aio_hips_writer.cpp:2009,.17;.9,未标注,③未见于条文面,
具名,t0,lib/infrastructure/aio/src/hips/aio_hips_writer.cpp:2045,0.0,未标注,③未见于条文面,
具名,version,lib/infrastructure/aio/src/hips/aio_hips_writer.cpp:2082,1.0,未标注,②条文有名无值,"ACCEPTANCE_SPEC.md:13 REL[""发布预览版<br/>版本号取自仓库根 VERSION<br/>负责人决定""]"
具名,version,lib/infrastructure/aio/src/hips/aio_hips_writer.cpp:2085,1.3,未标注,②条文有名无值,"ACCEPTANCE_SPEC.md:13 REL[""发布预览版<br/>版本号取自仓库根 VERSION<br/>负责人决定""]"
具名,schemaLocation,lib/infrastructure/aio/src/hips/aio_hips_writer.cpp:2087,1.3,未标注,③未见于条文面,
具名,moc_frac,lib/infrastructure/aio/src/hips/aio_hips_writer.cpp:2277,4.0,未标注,③未见于条文面,
具名,cov_frac,lib/infrastructure/aio/src/hips/aio_hips_writer.cpp:2278,4.0,未标注,③未见于条文面,
具名,transform,lib/infrastructure/aio/src/hips/aio_hips_writer.cpp:2356,.3f,未标注,②条文有名无值,"docs/contracts/API_CONTRACTS.csv:356 API-build_wcs,build_wcs,lib/algorithms/platesolve/cpp/ipv/include/ipv_"
具名,hierarchy_accum,lib/infrastructure/aio/src/hips/aio_hips_writer.cpp:2357,.3f,未标注,③未见于条文面,
具名,snr,lib/infrastructure/aio/src/hips/aio_hips_writer.cpp:2358,.3f,未标注,③未见于条文面,
具名,sfrac,lib/infrastructure/aio/src/hips/aio_hips_writer.cpp:2826,1.0;255.0,未标注,③未见于条文面,
具名,sfrac,lib/infrastructure/aio/src/hips/aio_hips_writer.cpp:2837,1.0;255.0,未标注,③未见于条文面,
具名,A_p,lib/infrastructure/aio/src/hiss_common.cpp:125,0.0;1.0,未标注,③未见于条文面,
具名,S,lib/infrastructure/aio/src/hiss_common.cpp:130,0.0,未标注,③未见于条文面,
具名,S,lib/infrastructure/aio/src/hiss_common.cpp:131,1.0,未标注,③未见于条文面,
具名,v,lib/infrastructure/aio/src/hiss_common.cpp:132,255.0,未标注,③未见于条文面,
具名,v,lib/infrastructure/aio/src/hiss_common.cpp:262,0.0,未标注,③未见于条文面,
具名,kHalfPi,lib/infrastructure/aio/src/hiss_reader.cpp:150,2.0,未标注,③未见于条文面,
具名,zfactor,lib/infrastructure/aio/src/hiss_reader.cpp:175,-1.0;1.0,未标注,③未见于条文面,
具名,root1,lib/infrastructure/aio/src/hiss_reader.cpp:177,1.0;3.0,未标注,③未见于条文面,
具名,kx,lib/infrastructure/aio/src/hiss_reader.cpp:179,0.0,未标注,③未见于条文面,
具名,root2,lib/infrastructure/aio/src/hiss_reader.cpp:180,1.0;3.0,未标注,③未见于条文面,
具名,ky,lib/infrastructure/aio/src/hiss_reader.cpp:182,0.0,未标注,③未见于条文面,
具名,zunits,lib/infrastructure/aio/src/hiss_reader.cpp:197,3.0;4.0,未标注,③未见于条文面,
具名,u2,lib/infrastructure/aio/src/hiss_reader.cpp:200,1.0,未标注,③未见于条文面,
具名,theta,lib/infrastructure/aio/src/hiss_reader.cpp:244,180.0,未标注,②条文有名无值,"docs/algorithms/STAR_DETECTION_ALGORITHMS.md:99 `theta=−alpha` 归一到 (−90°,90°]。残差坐标 `dx=x+0.5−cx`（像素中心=索引+0.5，"
具名,phi,lib/infrastructure/aio/src/hiss_reader.cpp:245,180.0,未标注,③未见于条文面,
具名,nside,lib/infrastructure/aio/src/hiss_reader.cpp:743,.3f,未标注,②条文有名无值,docs/algorithms/DRIZZLE_GEOMETRY.md:117 exp_c_realdata.json` C3 段：nside=512/1024 × 181 档纬度扫描，最坏 1.0441/1.0442，
具名,object,lib/infrastructure/aio/src/hiss_reader.cpp:746,.16;.1f;.32,未标注,②条文有名无值,ASTROCS_DESIGN.md:673 - 一个进程一个资源调度器与线程预算源：可用 CPU = 亲和性 ∩ cgroup ∩ Job Object；worker 数只来自 pro
具名,signal,lib/infrastructure/aio/src/hiss_reader.cpp:1513,0.0f,未标注,②条文有名无值,ACCEPTANCE_SPEC.md:31 **判据的名词口径一律照最高设计的冻结语句，本节不复述、不改写**（「口径唯一、不在下层复述」）：① 星等属**表达层**——`k_phot
具名,signal,lib/infrastructure/aio/src/hiss_reader.cpp:1532,0.0f,未标注,②条文有名无值,ACCEPTANCE_SPEC.md:31 **判据的名词口径一律照最高设计的冻结语句，本节不复述、不改写**（「口径唯一、不在下层复述」）：① 星等属**表达层**——`k_phot
具名,signal,lib/infrastructure/aio/src/hiss_reader.cpp:1545,0.0f,未标注,②条文有名无值,ACCEPTANCE_SPEC.md:31 **判据的名词口径一律照最高设计的冻结语句，本节不复述、不改写**（「口径唯一、不在下层复述」）：① 星等属**表达层**——`k_phot
具名,signal,lib/infrastructure/aio/src/hiss_reader.cpp:1557,0.0f,未标注,②条文有名无值,ACCEPTANCE_SPEC.md:31 **判据的名词口径一律照最高设计的冻结语句，本节不复述、不改写**（「口径唯一、不在下层复述」）：① 星等属**表达层**——`k_phot
具名,signal,lib/infrastructure/aio/src/hiss_reader.cpp:1563,0.0f,未标注,②条文有名无值,ACCEPTANCE_SPEC.md:31 **判据的名词口径一律照最高设计的冻结语句，本节不复述、不改写**（「口径唯一、不在下层复述」）：① 星等属**表达层**——`k_phot
具名,signal,lib/infrastructure/aio/src/hiss_reader.cpp:1572,0.0f,未标注,②条文有名无值,ACCEPTANCE_SPEC.md:31 **判据的名词口径一律照最高设计的冻结语句，本节不复述、不改写**（「口径唯一、不在下层复述」）：① 星等属**表达层**——`k_phot
具名,signal,lib/infrastructure/aio/src/hiss_reader.cpp:1583,0.0f,未标注,②条文有名无值,ACCEPTANCE_SPEC.md:31 **判据的名词口径一律照最高设计的冻结语句，本节不复述、不改写**（「口径唯一、不在下层复述」）：① 星等属**表达层**——`k_phot
具名,signal,lib/infrastructure/aio/src/hiss_reader.cpp:1609,0.0f,未标注,②条文有名无值,ACCEPTANCE_SPEC.md:31 **判据的名词口径一律照最高设计的冻结语句，本节不复述、不改写**（「口径唯一、不在下层复述」）：① 星等属**表达层**——`k_phot
具名,signal,lib/infrastructure/aio/src/hiss_reader.cpp:1620,0.0f,未标注,②条文有名无值,ACCEPTANCE_SPEC.md:31 **判据的名词口径一律照最高设计的冻结语句，本节不复述、不改写**（「口径唯一、不在下层复述」）：① 星等属**表达层**——`k_phot
具名,signal,lib/infrastructure/aio/src/hiss_reader.cpp:1624,0.0f,未标注,②条文有名无值,ACCEPTANCE_SPEC.md:31 **判据的名词口径一律照最高设计的冻结语句，本节不复述、不改写**（「口径唯一、不在下层复述」）：① 星等属**表达层**——`k_phot
具名,signal,lib/infrastructure/aio/src/hiss_reader.cpp:1667,0.0,未标注,②条文有名无值,ACCEPTANCE_SPEC.md:31 **判据的名词口径一律照最高设计的冻结语句，本节不复述、不改写**（「口径唯一、不在下层复述」）：① 星等属**表达层**——`k_phot
具名,signal,lib/infrastructure/aio/src/hiss_reader.cpp:1686,0.0,未标注,②条文有名无值,ACCEPTANCE_SPEC.md:31 **判据的名词口径一律照最高设计的冻结语句，本节不复述、不改写**（「口径唯一、不在下层复述」）：① 星等属**表达层**——`k_phot
具名,signal,lib/infrastructure/aio/src/hiss_reader.cpp:1696,0.0,未标注,②条文有名无值,ACCEPTANCE_SPEC.md:31 **判据的名词口径一律照最高设计的冻结语句，本节不复述、不改写**（「口径唯一、不在下层复述」）：① 星等属**表达层**——`k_phot
具名,signal,lib/infrastructure/aio/src/hiss_reader.cpp:1707,0.0,未标注,②条文有名无值,ACCEPTANCE_SPEC.md:31 **判据的名词口径一律照最高设计的冻结语句，本节不复述、不改写**（「口径唯一、不在下层复述」）：① 星等属**表达层**——`k_phot
具名,signal,lib/infrastructure/aio/src/hiss_reader.cpp:1713,0.0,未标注,②条文有名无值,ACCEPTANCE_SPEC.md:31 **判据的名词口径一律照最高设计的冻结语句，本节不复述、不改写**（「口径唯一、不在下层复述」）：① 星等属**表达层**——`k_phot
具名,signal,lib/infrastructure/aio/src/hiss_reader.cpp:1720,0.0,未标注,②条文有名无值,ACCEPTANCE_SPEC.md:31 **判据的名词口径一律照最高设计的冻结语句，本节不复述、不改写**（「口径唯一、不在下层复述」）：① 星等属**表达层**——`k_phot
具名,signal,lib/infrastructure/aio/src/hiss_reader.cpp:1730,0.0,未标注,②条文有名无值,ACCEPTANCE_SPEC.md:31 **判据的名词口径一律照最高设计的冻结语句，本节不复述、不改写**（「口径唯一、不在下层复述」）：① 星等属**表达层**——`k_phot
具名,signal,lib/infrastructure/aio/src/hiss_reader.cpp:1752,0.0,未标注,②条文有名无值,ACCEPTANCE_SPEC.md:31 **判据的名词口径一律照最高设计的冻结语句，本节不复述、不改写**（「口径唯一、不在下层复述」）：① 星等属**表达层**——`k_phot
具名,signal,lib/infrastructure/aio/src/hiss_reader.cpp:1762,0.0,未标注,②条文有名无值,ACCEPTANCE_SPEC.md:31 **判据的名词口径一律照最高设计的冻结语句，本节不复述、不改写**（「口径唯一、不在下层复述」）：① 星等属**表达层**——`k_phot
具名,signal,lib/infrastructure/aio/src/hiss_reader.cpp:1765,0.0,未标注,②条文有名无值,ACCEPTANCE_SPEC.md:31 **判据的名词口径一律照最高设计的冻结语句，本节不复述、不改写**（「口径唯一、不在下层复述」）：① 星等属**表达层**——`k_phot
具名,fwrite,lib/infrastructure/aio/src/hiss_stream_writer.cpp:324,.2f,未标注,③未见于条文面,
具名,in,lib/infrastructure/aio/src/hiss_writer.cpp:195,.2f,未标注,③未见于条文面,
具名,BUNIT,lib/infrastructure/aio/src/hiss_writer.cpp:358,31.1,未标注,②条文有名无值,docs/algorithms/DRIZZLE_GEOMETRY.md:275 `PHOTDEGRADE=1`，引擎在显式声明时降级写 BUNIT=ADU（photappl=0），
具名,PHOTSCAL,lib/infrastructure/aio/src/hiss_writer.cpp:368,.6f,未标注,②条文有名无值,ASTROCS_DESIGN.md:276 - **测光归一化落到像素（photometry 一步完成，不设独立节点）**：同一节点内把 `I_photo = k_photo · m(
具名,n_valid,lib/infrastructure/aio/src/hiss_writer.cpp:621,.2f,未标注,②条文有名无值,docs/algorithms/NOISE_ESTIMATION.md:42 if n_valid <4 or !spatial_field or 几何退化(λlo/λhi<1/16) → global_median 
具名,parent,lib/infrastructure/aio/src/hiss_writer.cpp:629,.4f,未标注,②条文有名无值,docs/algorithms/DRIZZLE_GEOMETRY.md:137 - HEALPix 地址: 仅 NESTED；`parent = ipix >> 2·d`、
具名,mode,lib/infrastructure/aio/src/hiss_writer.cpp:677,.2f,未标注,②条文有名无值,docs/algorithms/ACR_EQUIVALENCE.md:45 | ivar mode | CPU禁用 |
具名,parent,lib/infrastructure/aio/src/hiss_writer.cpp:837,.4f,未标注,②条文有名无值,docs/algorithms/DRIZZLE_GEOMETRY.md:137 - HEALPix 地址: 仅 NESTED；`parent = ipix >> 2·d`、
具名,hips_version,lib/infrastructure/aio/v6/include/astro/aio/v6_hips_manifest.h:27,1.4,未标注,①条文含值,"docs/algorithms/HIPS_WRITER.md:205 ""ACSD""（:710）/ **hips_version=""1.4""** / hips_order=K /"
具名,initial_ra,lib/infrastructure/aio/v6/include/astro/aio/v6_hips_manifest.h:38,0.0,未标注,②条文有名无值,docs/contracts/DATA_SEMANTICS.md:975 | ra0/dec0（OBJCTRA/OBJCTDEC，header 必需；config 可覆盖 initial_ra/initial_de
具名,initial_dec,lib/infrastructure/aio/v6/include/astro/aio/v6_hips_manifest.h:39,0.0,未标注,②条文有名无值,docs/contracts/DATA_SEMANTICS.md:975 | ra0/dec0（OBJCTRA/OBJCTDEC，header 必需；config 可覆盖 initial_ra/initial_de
具名,initial_fov,lib/infrastructure/aio/v6/include/astro/aio/v6_hips_manifest.h:40,0.0,未标注,③未见于条文面,
具名,target_pixel_area,lib/infrastructure/aio/v6/include/astro/aio/v6_provenance.h:42,0.0,未标注,②条文有名无值,docs/contracts/DATA_SEMANTICS.md:3250 机器强制（canonical 对象层）：`eng/contracts/schemas/unified/provenance.schema.j
具名,pixfrac,lib/infrastructure/aio/v6/include/astro/aio/v6_provenance.h:48,1.0,未标注,②条文有名无值,"ASTROCS_DESIGN.md:295 ""drizzle"": { ""nested"": 1, ""pixfrac"": 0.8, ""precision_mode"": 0 },  // 默"
具名,p05,lib/infrastructure/aio/v6/include/astro/aio/v6_provenance.h:59,0.0,未标注,③未见于条文面,
具名,max_systematic_deviation,lib/infrastructure/aio/v6/include/astro/aio/v6_provenance.h:60,0.0,未标注,③未见于条文面,
具名,sampling_coverage,lib/infrastructure/aio/v6/include/astro/aio/v6_provenance.h:61,0.0,未标注,③未见于条文面,
具名,model_error,lib/infrastructure/aio/v6/include/astro/aio/v6_provenance.h:62,0.0,未标注,③未见于条文面,
具名,scale,lib/infrastructure/aio/v6/include/astro/aio/v6_provenance.h:72,0.0,未标注,②条文有名无值,docs/algorithms/CALIBRATION_ALGORITHMS.md:61 U1 亮场域 ≫ 1 ADU 而 bias/dark 中位数 ≤ 1.0 且未声明 normalized+scale ⇒ 拒；
具名,mean_abs_rho,lib/infrastructure/aio/v6/include/astro/aio/v6_provenance.h:74,0.0,未标注,③未见于条文面,
具名,max_abs_rho,lib/infrastructure/aio/v6/include/astro/aio/v6_provenance.h:76,0.0,未标注,③未见于条文面,
具名,alpha_m,lib/infrastructure/aio/v6/include/astro/aio/v6_provenance.h:80,0.0,未标注,③未见于条文面,
具名,pixfrac,lib/infrastructure/aio/v6/include/astro/aio/v6_provenance.h:85,0.0,未标注,②条文有名无值,"ASTROCS_DESIGN.md:295 ""drizzle"": { ""nested"": 1, ""pixfrac"": 0.8, ""precision_mode"": 0 },  // 默"
具名,value,lib/infrastructure/aio/v6/include/astro/aio/v6_provenance.h:99,0.0,未标注,②条文有名无值,docs/algorithms/HIPS_WRITER.md:202 - (5b) properties（write_properties :285-293 裸 `key=value\n` 直写，fopen
具名,flux_conservation_factor,lib/infrastructure/aio/v6/include/astro/aio/v6_provenance.h:127,0.0,未标注,②条文有名无值,docs/contracts/DATA_SEMANTICS.md:3285 ~~`weight_mode_version`~~（键不存在，§9.73 A44）、`correlation_summary`、`flux_
具名,pixfrac,lib/infrastructure/aio/v6/src/v6_provenance.cpp:252,1.0,未标注,②条文有名无值,"ASTROCS_DESIGN.md:295 ""drizzle"": { ""nested"": 1, ""pixfrac"": 0.8, ""precision_mode"": 0 },  // 默"
具名,value,lib/infrastructure/aio/v6/src/v6_provenance.cpp:276,0.0,未标注,②条文有名无值,docs/algorithms/HIPS_WRITER.md:202 - (5b) properties（write_properties :285-293 裸 `key=value\n` 直写，fopen
具名,median_ns,lib/infrastructure/benchmark/backend_host/bench_harness.cpp:83,0.5,未标注,③未见于条文面,
具名,p05_ns,lib/infrastructure/benchmark/backend_host/bench_harness.cpp:87,0.05,未标注,③未见于条文面,
具名,p95_ns,lib/infrastructure/benchmark/backend_host/bench_harness.cpp:88,0.95,未标注,③未见于条文面,
具名,i,lib/infrastructure/benchmark/backend_host/bench_harness.cpp:176,1.25f,未标注,③未见于条文面,
具名,triad32_gbs,lib/infrastructure/benchmark/backend_host/bench_harness.cpp:207,3.0,未标注,③未见于条文面,
具名,triad64_gbs,lib/infrastructure/benchmark/backend_host/bench_harness.cpp:208,3.0,未标注,③未见于条文面,
具名,med,lib/infrastructure/benchmark/backend_host/cpu_routing.cpp:336,-1.0,未标注,③未见于条文面,
具名,mad,lib/infrastructure/benchmark/backend_host/cpu_routing.cpp:337,-1.0,未标注,③未见于条文面,
具名,prof_med,lib/infrastructure/benchmark/backend_host/cpu_routing.cpp:485,0.0,未标注,③未见于条文面,
具名,base_med,lib/infrastructure/benchmark/backend_host/cpu_routing.cpp:525,-1.0,未标注,③未见于条文面,
具名,median_ns,lib/infrastructure/benchmark/backend_host/cpu_routing.h:46,0.0,未标注,③未见于条文面,
具名,gain_rel,lib/infrastructure/benchmark/backend_host/cpu_routing.h:47,0.0,未标注,③未见于条文面,
具名,median_ns,lib/infrastructure/benchmark/backend_host/cpu_routing.h:66,0.0,未标注,③未见于条文面,
具名,mad_ns,lib/infrastructure/benchmark/backend_host/cpu_routing.h:67,0.0,未标注,③未见于条文面,
具名,gain_rel,lib/infrastructure/benchmark/backend_host/cpu_routing.h:99,0.0,未标注,③未见于条文面,
具名,cgroup_limit,lib/infrastructure/benchmark/backend_host/hardware_inspect.cpp:181,0.999,未标注,③未见于条文面,
具名,cgroup_limit,lib/infrastructure/benchmark/backend_host/hardware_inspect.cpp:191,0.999,未标注,③未见于条文面,
具名,k,lib/infrastructure/benchmark/backend_host/profile_gen.cpp:117,2.0f,未标注,③未见于条文面,
具名,wx,lib/infrastructure/benchmark/backend_host/profile_gen_v2.cpp:124,0.0;1.0,未标注,③未见于条文面,
具名,wy,lib/infrastructure/benchmark/backend_host/profile_gen_v2.cpp:125,0.0;1.0,未标注,③未见于条文面,
具名,mad,lib/infrastructure/benchmark/backend_host/profile_gen_v2.cpp:165,1.482602218505602,未标注,③未见于条文面,
具名,fx,lib/infrastructure/benchmark/backend_host/profile_gen_v2.cpp:196,0.0;1.0,未标注,③未见于条文面,
具名,fy,lib/infrastructure/benchmark/backend_host/profile_gen_v2.cpp:197,0.0;1.0,未标注,③未见于条文面,
具名,i,lib/infrastructure/benchmark/backend_host/profile_gen_v2.cpp:236,0.0f;0.1f,未标注,③未见于条文面,
具名,fx,lib/infrastructure/benchmark/cpu/avx2/src/avx2_provider.cpp:213,0.0f;1.0f,未标注,③未见于条文面,
具名,fy,lib/infrastructure/benchmark/cpu/avx2/src/avx2_provider.cpp:214,0.0f;1.0f,未标注,③未见于条文面,
具名,fx,lib/infrastructure/benchmark/cpu/avx512/src/avx512_provider.cpp:213,0.0f;1.0f,未标注,③未见于条文面,
具名,fy,lib/infrastructure/benchmark/cpu/avx512/src/avx512_provider.cpp:214,0.0f;1.0f,未标注,③未见于条文面,
具名,wx,lib/infrastructure/benchmark/cpu/baseline/src/baseline_provider.cpp:258,0.0f;1.0f,未标注,③未见于条文面,
具名,wy,lib/infrastructure/benchmark/cpu/baseline/src/baseline_provider.cpp:259,0.0f;1.0f,未标注,③未见于条文面,
具名,acc,lib/infrastructure/benchmark/cpu/baseline/src/baseline_provider.cpp:268,0.0f,未标注,③未见于条文面,
具名,acc,lib/infrastructure/benchmark/cpu/baseline/src/baseline_provider.cpp:288,0.0f,未标注,③未见于条文面,
具名,th,lib/infrastructure/benchmark/cpu/baseline/src/baseline_provider.cpp:335,1.482602218505602f,未标注,③未见于条文面,
具名,acc,lib/infrastructure/benchmark/cpu/baseline/src/baseline_provider.cpp:349,0.0f,未标注,③未见于条文面,
具名,fx,lib/infrastructure/benchmark/cpu/baseline/src/baseline_provider.cpp:372,0.0f;1.0f,未标注,③未见于条文面,
具名,fy,lib/infrastructure/benchmark/cpu/baseline/src/baseline_provider.cpp:373,0.0f;1.0f,未标注,③未见于条文面,
具名,timeout_s,lib/infrastructure/cli/astrocs_process.h:36,0.0,未标注,③未见于条文面,
具名,period,lib/infrastructure/cli/commands.cpp:744,0.5,未标注,③未见于条文面,
具名,recs,lib/infrastructure/cli/commands.cpp:771,10.0,未标注,③未见于条文面,
具名,win,lib/infrastructure/cli/commands.cpp:782,0.5,未标注,③未见于条文面,
具名,done_rate,lib/infrastructure/cli/commands.cpp:831,0.0;1.0,未标注,③未见于条文面,
具名,work_win,lib/infrastructure/cli/commands.cpp:942,0.0,未标注,③未见于条文面,
具名,util_samples_measured,lib/infrastructure/cli/commands.cpp:962,0.0,未标注,③未见于条文面,
具名,pass,lib/infrastructure/cli/commands.cpp:966,0.0,未标注,②条文有名无值,ENGINEERING_SPEC.md:170 - 控制包收口（任务全 PASS、结论沉淀进文档）后，其目录按 CONTROL_PACK_SPEC §9 清理，过程留 git 历史，不长期
具名,q_low_run,lib/infrastructure/cli/commands.cpp:967,0.0,未标注,③未见于条文面,
具名,q_low_run,lib/infrastructure/cli/commands.cpp:982,0.0,未标注,③未见于条文面,
具名,leak_slope_bytes_per_iter,lib/infrastructure/cli/memory_growth.h:37,0.0,未标注,③未见于条文面,
具名,oom_frac,lib/infrastructure/cli/memory_growth.h:38,0.85,未标注,③未见于条文面,
具名,robust_slope_bytes_per_iter,lib/infrastructure/cli/memory_growth.h:44,0.0,未标注,③未见于条文面,
具名,relative_growth_pct,lib/infrastructure/cli/memory_growth.h:47,0.0,未标注,③未见于条文面,
具名,relative_growth_pct,lib/infrastructure/cli/memory_growth.h:87,100.0,未标注,③未见于条文面,
具名,amplitude_ratio,lib/infrastructure/cli/memory_growth.h:93,0.0,未标注,③未见于条文面,
具名,reclaim_frac,lib/infrastructure/cli/memory_report.h:120,-1.0,未标注,③未见于条文面,
具名,reclaim_frac_alloc,lib/infrastructure/cli/memory_report.h:121,-1.0,未标注,③未见于条文面,
具名,t_seconds,lib/infrastructure/cli/memory_report.h:196,0.0,未标注,③未见于条文面,
具名,wall_seconds,lib/infrastructure/cli/memory_report.h:214,0.0,未标注,③未见于条文面,
具名,rss_slope_bytes_per_s,lib/infrastructure/cli/memory_report.h:227,0.0,未标注,③未见于条文面,
具名,rss_growth_mb_per_s,lib/infrastructure/cli/memory_report.h:228,0.0,未标注,③未见于条文面,
具名,reclaim_frac,lib/infrastructure/cli/memory_report.h:232,-1.0,未标注,③未见于条文面,
具名,reclaim_frac_alloc,lib/infrastructure/cli/memory_report.h:236,-1.0,未标注,③未见于条文面,
具名,alloc_sample_overhead_ms,lib/infrastructure/cli/memory_report.h:239,0.0,未标注,③未见于条文面,
具名,wall_seconds,lib/infrastructure/cli/memory_report.h:446,0.0,未标注,③未见于条文面,
具名,reclaim_frac,lib/infrastructure/cli/memory_report.h:453,-1.0,未标注,③未见于条文面,
具名,rss_growth_mb_per_s,lib/infrastructure/cli/memory_report.h:481,1024.0,未标注,③未见于条文面,
具名,reclaim_frac,lib/infrastructure/cli/memory_report.h:497,-1.0,未标注,③未见于条文面,
具名,ts,lib/infrastructure/cli/memory_report.h:549,0.0,未标注,③未见于条文面,
具名,peak,lib/infrastructure/cli/memory_report.h:579,0.0,未标注,②条文有名无值,docs/algorithms/GATES_AND_TOLERANCES.md:37 | `SNR_det` | `(peak − background) / noise_sigma` | 无量纲 | 检出目录列（`p1_so
具名,frac_alloc,lib/infrastructure/cli/memory_report.h:587,0.0,未标注,③未见于条文面,
具名,denom,lib/infrastructure/cli/memory_report.h:616,1.0,未标注,②条文有名无值,docs/algorithms/CALIBRATION_ALGORITHMS.md:269 (denom<=1e-12)、RESIDUAL_NAN、RESIDUAL_ABNORMAL(残差σ≥yσ)、
具名,cpu_seconds,lib/infrastructure/cli/monitor.h:68,0.0,未标注,③未见于条文面,
具名,user_seconds,lib/infrastructure/cli/monitor.h:69,0.0,未标注,③未见于条文面,
具名,sys_seconds,lib/infrastructure/cli/monitor.h:70,0.0,未标注,③未见于条文面,
具名,sys_io_wait_seconds,lib/infrastructure/cli/monitor.h:84,0.0,未标注,③未见于条文面,
具名,per_thread_cpu_max_seconds,lib/infrastructure/cli/monitor.h:90,0.0,未标注,③未见于条文面,
具名,per_thread_cpu_sum_seconds,lib/infrastructure/cli/monitor.h:91,0.0,未标注,③未见于条文面,
具名,d_cpu_seconds,lib/infrastructure/cli/monitor.h:95,0.0,未标注,③未见于条文面,
具名,d_per_thread_cpu_max_seconds,lib/infrastructure/cli/monitor.h:101,0.0,未标注,③未见于条文面,
具名,d_per_thread_cpu_sum_seconds,lib/infrastructure/cli/monitor.h:102,0.0,未标注,③未见于条文面,
具名,d_sys_io_wait_seconds,lib/infrastructure/cli/monitor.h:105,0.0,未标注,③未见于条文面,
具名,user_seconds,lib/infrastructure/cli/monitor.h:257,100.0,未标注,③未见于条文面,
具名,sys_seconds,lib/infrastructure/cli/monitor.h:258,100.0,未标注,③未见于条文面,
具名,interval_seconds,lib/infrastructure/cli/monitor.h:336,0.5,未标注,③未见于条文面,
具名,prev,lib/infrastructure/cli/monitor.h:358,0.0,未标注,③未见于条文面,
具名,avg_equivalent_cores,lib/infrastructure/cli/monitor.h:396,0.0,未标注,③未见于条文面,
具名,peak_equivalent_cores,lib/infrastructure/cli/monitor.h:397,0.0,未标注,③未见于条文面,
具名,wall_seconds,lib/infrastructure/cli/monitor.h:404,0.0,未标注,③未见于条文面,
具名,avg_cpu_percent,lib/infrastructure/cli/monitor.h:405,0.0,未标注,③未见于条文面,
具名,sample_overhead_ms,lib/infrastructure/cli/monitor.h:406,0.0,未标注,③未见于条文面,
具名,sum_eq,lib/infrastructure/cli/monitor.h:427,0.0,未标注,③未见于条文面,
具名,eq,lib/infrastructure/cli/monitor.h:430,0.0,未标注,③未见于条文面,
具名,dt,lib/infrastructure/cli/monitor.h:441,0.001,未标注,③未见于条文面,
具名,avg_cpu_percent,lib/infrastructure/cli/monitor.h:447,100.0,未标注,③未见于条文面,
具名,block,lib/infrastructure/cli/parser.cpp:416,9.71,未标注,②条文有名无值,"ASTROCS_DESIGN.md:347 E -->|是| BLOCK[""阻断运行，报出全部原因<br/>-y / -yes 不可越过""]"
具名,avg_equivalent_cores,lib/infrastructure/cli/resource_events.h:36,0.0,未标注,③未见于条文面,
具名,peak_equivalent_cores,lib/infrastructure/cli/resource_events.h:37,0.0,未标注,③未见于条文面,
具名,wall_seconds,lib/infrastructure/cli/resource_events.h:44,0.0,未标注,③未见于条文面,
具名,sample_overhead_ms,lib/infrastructure/cli/resource_events.h:45,0.0,未标注,③未见于条文面,
具名,threshold_seconds,lib/infrastructure/cli/resource_events.h:84,5.0,未标注,③未见于条文面,
具名,avg_equivalent_cores,lib/infrastructure/cli/resource_gate.h:160,0.0,未标注,③未见于条文面,
具名,wall_seconds,lib/infrastructure/cli/resource_gate.h:161,0.0,未标注,③未见于条文面,
具名,achieved_memory_bandwidth_frac,lib/infrastructure/cli/resource_gate.h:164,-1.0,未标注,③未见于条文面,
具名,required_memory_bandwidth_frac,lib/infrastructure/cli/resource_gate.h:165,0.0,未标注,③未见于条文面,
具名,io_await_ms,lib/infrastructure/cli/resource_gate.h:169,0.0,未标注,③未见于条文面,
具名,one_worker_ns,lib/infrastructure/cli/resource_gate.h:175,-1.0,未标注,③未见于条文面,
具名,n_worker_ns,lib/infrastructure/cli/resource_gate.h:176,-1.0,未标注,③未见于条文面,
具名,cpu_percent,lib/infrastructure/cli/resource_gate.h:181,0.0,未标注,②条文有名无值,"docs/contracts/API_CONTRACTS.csv:136 API-update_load,update_load,lib/infrastructure/pipeline/orchestrator/c"
具名,iowait_percent,lib/infrastructure/cli/resource_gate.h:182,0.0,未标注,③未见于条文面,
具名,mem_bandwidth_percent,lib/infrastructure/cli/resource_gate.h:183,-1.0,未标注,③未见于条文面,
具名,workers_p50,lib/infrastructure/cli/resource_gate.h:185,-1.0,未标注,③未见于条文面,
具名,cpu_p50_percent,lib/infrastructure/cli/resource_gate.h:190,-1.0,未标注,③未见于条文面,
具名,cpu_mean_percent,lib/infrastructure/cli/resource_gate.h:191,-1.0;18.2,未标注,③未见于条文面,
具名,rss_slope_mb_per_s,lib/infrastructure/cli/resource_gate.h:194,0.0,未标注,③未见于条文面,
具名,active_window_seconds,lib/infrastructure/cli/resource_gate.h:200,-1.0,未标注,③未见于条文面,
具名,io_wait_high_percent,lib/infrastructure/cli/resource_gate.h:207,50.0,未标注,③未见于条文面,
具名,util_samples_pass_frac,lib/infrastructure/cli/resource_gate.h:211,.1;0.75,未标注,③未见于条文面,
具名,queue_low_run_seconds,lib/infrastructure/cli/resource_gate.h:212,0.50,未标注,③未见于条文面,
具名,work_core_seconds,lib/infrastructure/cli/resource_gate.h:225,-1.0,未标注,③未见于条文面,
具名,win,lib/infrastructure/cli/resource_gate.h:241,0.0,未标注,③未见于条文面,
具名,elapsed_seconds,lib/infrastructure/cli/resource_recorder.h:49,0.0,未标注,③未见于条文面,
具名,cpu_pct,lib/infrastructure/cli/resource_recorder.h:51,0.0,未标注,③未见于条文面,
具名,system_cpu_pct,lib/infrastructure/cli/resource_recorder.h:53,0.0,未标注,③未见于条文面,
具名,progress,lib/infrastructure/cli/resource_recorder.h:64,.1;0.0,未标注,②条文有名无值,ASTROCS_DESIGN.md:496 - 机器输出：`--json` 时 stdout 恰为一个 JSON 文档；运行事件默认走 JSONL 事件流（唯一 schema，含 pr
具名,per_thread_cpu_max_pct,lib/infrastructure/cli/resource_recorder.h:68,0.0,未标注,③未见于条文面,
具名,per_thread_cpu_sum_pct,lib/infrastructure/cli/resource_recorder.h:69,0.0,未标注,③未见于条文面,
具名,io_wait_pct,lib/infrastructure/cli/resource_recorder.h:70,0.0,未标注,③未见于条文面,
具名,wall_seconds,lib/infrastructure/cli/resource_recorder.h:77,0.0,未标注,③未见于条文面,
具名,cpu_pct_mean,lib/infrastructure/cli/resource_recorder.h:78,0.0,未标注,③未见于条文面,
具名,cpu_pct_p50,lib/infrastructure/cli/resource_recorder.h:79,0.0,未标注,③未见于条文面,
具名,cpu_pct_p95,lib/infrastructure/cli/resource_recorder.h:80,0.0,未标注,③未见于条文面,
具名,cpu_pct_peak,lib/infrastructure/cli/resource_recorder.h:81,0.0,未标注,③未见于条文面,
具名,workers_mean,lib/infrastructure/cli/resource_recorder.h:82,0.0,未标注,③未见于条文面,
具名,workers_p50,lib/infrastructure/cli/resource_recorder.h:83,0.0,未标注,③未见于条文面,
具名,workers_peak,lib/infrastructure/cli/resource_recorder.h:84,0.0,未标注,③未见于条文面,
具名,per_thread_cpu_max_pct_peak,lib/infrastructure/cli/resource_recorder.h:88,0.0,未标注,③未见于条文面,
具名,per_thread_cpu_sum_pct_mean,lib/infrastructure/cli/resource_recorder.h:89,0.0,未标注,③未见于条文面,
具名,io_wait_pct_mean,lib/infrastructure/cli/resource_recorder.h:91,0.0,未标注,③未见于条文面,
具名,interval_seconds,lib/infrastructure/cli/resource_recorder.h:97,0.25,未标注,③未见于条文面,
具名,cpu_pct,lib/infrastructure/cli/resource_recorder.h:128,0.0;100.0,未标注,③未见于条文面,
具名,progress_,lib/infrastructure/cli/resource_recorder.h:208,0.0,未标注,③未见于条文面,
具名,sum_cpu,lib/infrastructure/cli/resource_recorder.h:241,0.0,未标注,③未见于条文面,
具名,sum_tcpu,lib/infrastructure/cli/resource_recorder.h:242,0.0,未标注,③未见于条文面,
具名,cpu_pct_p50,lib/infrastructure/cli/resource_recorder.h:259,0.50,未标注,③未见于条文面,
具名,cpu_pct_p95,lib/infrastructure/cli/resource_recorder.h:260,0.95,未标注,③未见于条文面,
具名,workers_p50,lib/infrastructure/cli/resource_recorder.h:263,0.50,未标注,③未见于条文面,
具名,dt,lib/infrastructure/cli/resource_recorder.h:265,0.001,未标注,③未见于条文面,
具名,s,lib/infrastructure/cli/resource_recorder.h:327,.3f,未标注,③未见于条文面,
具名,util,lib/infrastructure/cli/resource_recorder.h:369,0.0;100.0,未标注,③未见于条文面,
具名,err,lib/infrastructure/cli/v6_runtime_contract.h:250,10.4,未标注,③未见于条文面,
具名,process_cpu_seconds,lib/infrastructure/cli/v6_runtime_contract.h:298,0.0,未标注,③未见于条文面,
具名,avg_equivalent_cores,lib/infrastructure/cli/v6_runtime_contract.h:299,0.0,未标注,③未见于条文面,
具名,cpu_p50_percent,lib/infrastructure/cli/v6_runtime_contract.h:300,-1.0,未标注,③未见于条文面,
具名,cpu_mean_percent,lib/infrastructure/cli/v6_runtime_contract.h:301,-1.0,未标注,③未见于条文面,
具名,per_thread_cpu_max_seconds,lib/infrastructure/cli/v6_runtime_contract.h:305,0.0,未标注,③未见于条文面,
具名,per_thread_cpu_sum_seconds,lib/infrastructure/cli/v6_runtime_contract.h:306,0.0,未标注,③未见于条文面,
具名,rss_growth_mb_per_s,lib/infrastructure/cli/v6_runtime_contract.h:310,0.0,未标注,③未见于条文面,
具名,io_wait_percent,lib/infrastructure/cli/v6_runtime_contract.h:314,0.0,未标注,③未见于条文面,
具名,worker_balance,lib/infrastructure/cli/v6_runtime_contract.h:318,.1;0.0,未标注,②条文有名无值,ACCEPTANCE_SPEC.md:168 | 线程扩展 | 多个 worker 档位测量吞吐与加速比，档位取自 `benchmark` 生成的 `cpu_profile`（`docs
具名,wall_seconds,lib/infrastructure/cli/v6_runtime_contract.h:320,0.0,未标注,③未见于条文面,
具名,active_window_seconds,lib/infrastructure/cli/v6_runtime_contract.h:321,0.0,未标注,③未见于条文面,
具名,q,lib/infrastructure/hips_browser/healpix_browser_qt/app/browser_cli.cpp:243,.6f,未标注,③未见于条文面,
具名,ra,lib/infrastructure/hips_browser/healpix_browser_qt/app/browser_cli.cpp:250,10.0,未标注,③未见于条文面,
具名,tiles,lib/infrastructure/hips_browser/healpix_browser_qt/app/browser_cli.cpp:358,.1f,未标注,②条文有名无值,docs/algorithms/DRIZZLE_GEOMETRY.md:226 sumFlux→sumArea→sumVarNum→nContrib）；输出 `tiles` 按 `parent_ipix` 排序
具名,p1,lib/infrastructure/hips_browser/healpix_browser_qt/app/browser_cli.cpp:359,.6,未标注,③未见于条文面,
具名,ra,lib/infrastructure/hips_browser/healpix_browser_qt/app/browser_cli.cpp:375,8.0,未标注,③未见于条文面,
具名,recompute_p50,lib/infrastructure/hips_browser/healpix_browser_qt/app/browser_cli.cpp:432,.2f,未标注,③未见于条文面,
具名,stretch_only_p50,lib/infrastructure/hips_browser/healpix_browser_qt/app/browser_cli.cpp:433,.2f,未标注,③未见于条文面,
具名,ra,lib/infrastructure/hips_browser/healpix_browser_qt/app/browser_cli.cpp:447,8.0,未标注,③未见于条文面,
具名,ra2,lib/infrastructure/hips_browser/healpix_browser_qt/app/browser_cli.cpp:472,3.0;360.0,未标注,③未见于条文面,
具名,dec2,lib/infrastructure/hips_browser/healpix_browser_qt/app/browser_cli.cpp:473,0.5,未标注,③未见于条文面,
具名,fov2,lib/infrastructure/hips_browser/healpix_browser_qt/app/browser_cli.cpp:474,0.8,未标注,③未见于条文面,
具名,lo0,lib/infrastructure/hips_browser/healpix_browser_qt/app/browser_cli.cpp:521,.6,未标注,③未见于条文面,
具名,ra,lib/infrastructure/hips_browser/healpix_browser_qt/app/browser_cli.cpp:537,8.0,未标注,③未见于条文面,
具名,shadows,lib/infrastructure/hips_browser/healpix_browser_qt/app/browser_cli.cpp:566,0.0f,未标注,③未见于条文面,
具名,highlights,lib/infrastructure/hips_browser/healpix_browser_qt/app/browser_cli.cpp:567,1.0f,未标注,③未见于条文面,
具名,midtones,lib/infrastructure/hips_browser/healpix_browser_qt/app/browser_cli.cpp:568,0.05f,未标注,③未见于条文面,
具名,compression,lib/infrastructure/hips_browser/healpix_browser_qt/app/browser_cli.cpp:569,0.5f,未标注,③未见于条文面,
具名,shadows,lib/infrastructure/hips_browser/healpix_browser_qt/app/browser_cli.cpp:575,0.0f,未标注,③未见于条文面,
具名,highlights,lib/infrastructure/hips_browser/healpix_browser_qt/app/browser_cli.cpp:576,1.0f,未标注,③未见于条文面,
具名,midtones,lib/infrastructure/hips_browser/healpix_browser_qt/app/browser_cli.cpp:577,0.95f,未标注,③未见于条文面,
具名,compression,lib/infrastructure/hips_browser/healpix_browser_qt/app/browser_cli.cpp:578,0.5f,未标注,③未见于条文面,
具名,pass,lib/infrastructure/hips_browser/healpix_browser_qt/app/browser_cli.cpp:583,0.5,未标注,②条文有名无值,ENGINEERING_SPEC.md:170 - 控制包收口（任务全 PASS、结论沉淀进文档）后，其目录按 CONTROL_PACK_SPEC §9 清理，过程留 git 历史，不长期
具名,m,lib/infrastructure/hips_browser/healpix_browser_qt/app/browser_cli.cpp:588,.3f;0.05;0.95,未标注,③未见于条文面,
具名,ra,lib/infrastructure/hips_browser/healpix_browser_qt/app/browser_cli.cpp:603,8.0,未标注,③未见于条文面,
具名,c_ra,lib/infrastructure/hips_browser/healpix_browser_qt/app/browser_cli.cpp:630,0.7;360.0,未标注,③未见于条文面,
具名,c_dec,lib/infrastructure/hips_browser/healpix_browser_qt/app/browser_cli.cpp:632,0.35,未标注,③未见于条文面,
具名,c_dec,lib/infrastructure/hips_browser/healpix_browser_qt/app/browser_cli.cpp:633,85.0,未标注,③未见于条文面,
具名,c_dec,lib/infrastructure/hips_browser/healpix_browser_qt/app/browser_cli.cpp:634,-85.0,未标注,③未见于条文面,
具名,bounded,lib/infrastructure/hips_browser/healpix_browser_qt/app/browser_cli.cpp:655,512.0,未标注,②条文有名无值,docs/algorithms/DRIZZLE_GEOMETRY.md:244 :1525 注释）；target 缓存 per-thread bounded 8192 LRU；单交集
具名,seconds,lib/infrastructure/hips_browser/healpix_browser_qt/app/browser_cli.cpp:672,.0f,未标注,②条文有名无值,docs/ci/01_CHECKS.md:83 | RESOURCE-GATE-REAL-NEG | 资源 | 上项的可执行负例面（串行注入 ⇒ 门必须判红） | `python3 eng
具名,ram_median,lib/infrastructure/hips_browser/healpix_browser_qt/app/browser_cli.cpp:673,.0f,未标注,③未见于条文面,
具名,ra,lib/infrastructure/hips_browser/healpix_browser_qt/app/browser_cli.cpp:696,8.0,未标注,③未见于条文面,
具名,cold_start,lib/infrastructure/hips_browser/healpix_browser_qt/app/browser_cli.cpp:718,.2f,未标注,③未见于条文面,
具名,c_ra,lib/infrastructure/hips_browser/healpix_browser_qt/app/browser_cli.cpp:725,2.0;360.0,未标注,③未见于条文面,
具名,z_fov,lib/infrastructure/hips_browser/healpix_browser_qt/app/browser_cli.cpp:733,0.1;30.0,未标注,③未见于条文面,
具名,pan_p50,lib/infrastructure/hips_browser/healpix_browser_qt/app/browser_cli.cpp:764,.1f,未标注,③未见于条文面,
具名,decode_p95,lib/infrastructure/hips_browser/healpix_browser_qt/app/browser_cli.cpp:765,.1f;.3f,未标注,③未见于条文面,
具名,ra,lib/infrastructure/hips_browser/healpix_browser_qt/app/browser_cli.cpp:784,8.0,未标注,③未见于条文面,
具名,tan_half,lib/infrastructure/hips_browser/healpix_browser_qt/app/browser_cli.cpp:791,360.0,未标注,③未见于条文面,
具名,r0,lib/infrastructure/hips_browser/healpix_browser_qt/app/browser_cli.cpp:792,180.0,未标注,③未见于条文面,
具名,d0,lib/infrastructure/hips_browser/healpix_browser_qt/app/browser_cli.cpp:793,180.0,未标注,③未见于条文面,
具名,dmin,lib/infrastructure/hips_browser/healpix_browser_qt/app/browser_cli.cpp:831,0.0f;1.0f,未标注,③未见于条文面,
具名,rar,lib/infrastructure/hips_browser/healpix_browser_qt/app/browser_cli.cpp:854,2.0,未标注,③未见于条文面,
具名,dmin,lib/infrastructure/hips_browser/healpix_browser_qt/app/browser_cli.cpp:867,0.005,未标注,③未见于条文面,
具名,dmax,lib/infrastructure/hips_browser/healpix_browser_qt/app/browser_cli.cpp:868,0.995,未标注,③未见于条文面,
具名,dmax,lib/infrastructure/hips_browser/healpix_browser_qt/app/browser_cli.cpp:869,1.0f,未标注,③未见于条文面,
具名,rar,lib/infrastructure/hips_browser/healpix_browser_qt/app/browser_cli.cpp:900,2.0,未标注,③未见于条文面,
具名,s,lib/infrastructure/hips_browser/healpix_browser_qt/app/browser_cli.cpp:914,0.0;1.0,未标注,③未见于条文面,
具名,px,lib/infrastructure/hips_browser/healpix_browser_qt/app/browser_cli.cpp:927,.1f,未标注,③未见于条文面,
具名,tiles,lib/infrastructure/hips_browser/healpix_browser_qt/app/browser_cli.cpp:935,.1f,未标注,②条文有名无值,docs/algorithms/DRIZZLE_GEOMETRY.md:226 sumFlux→sumArea→sumVarNum→nContrib）；输出 `tiles` 按 `parent_ipix` 排序
具名,layer,lib/infrastructure/hips_browser/healpix_browser_qt/app/browser_cli.cpp:942,.4f,未标注,②条文有名无值,ACCEPTANCE_SPEC.md:25 每层验收由 agent 先行自修到位后提交，提交时附完整证据（日志、产品、报告落 `artifacts/acceptance/<layer>
具名,center,lib/infrastructure/hips_browser/healpix_browser_qt/app/browser_cli.cpp:1180,.4f,未标注,②条文有名无值,"ACCEPTANCE_SPEC.md:12 L4[""L4 真实数据端到端视觉验收<br/>M42 + Galaxy Center · 负责人目检""]"
具名,n_pix,lib/infrastructure/hips_browser/healpix_browser_qt/app/browser_cli.cpp:1204,.1f,未标注,②条文有名无值,docs/algorithms/CALIBRATION_ALGORITHMS.md:324 | 内存 | 输出缓冲调用方分配；模块内 std::vector RAII。峰值额外内存: generate_master O(n_fram
具名,graded,lib/infrastructure/hips_browser/healpix_browser_qt/app/browser_cli.cpp:1211,0.0f;1.0f,未标注,③未见于条文面,
具名,n_pix,lib/infrastructure/hips_browser/healpix_browser_qt/app/browser_cli.cpp:1214,.1f,未标注,②条文有名无值,docs/algorithms/CALIBRATION_ALGORITHMS.md:324 | 内存 | 输出缓冲调用方分配；模块内 std::vector RAII。峰值额外内存: generate_master O(n_fram
具名,zoom,lib/infrastructure/hips_browser/healpix_browser_qt/app/browser_cli.cpp:1225,1.0,未标注,③未见于条文面,
具名,fov_deg,lib/infrastructure/hips_browser/healpix_browser_qt/app/browser_cli.cpp:1226,60.0,未标注,③未见于条文面,
具名,zoom,lib/infrastructure/hips_browser/healpix_browser_qt/app/browser_cli.cpp:1268,1.0,未标注,③未见于条文面,
具名,fov_deg,lib/infrastructure/hips_browser/healpix_browser_qt/app/browser_cli.cpp:1269,60.0,未标注,③未见于条文面,
具名,phase,lib/infrastructure/hips_browser/healpix_browser_qt/app/browser_cli.cpp:1280,2.0,未标注,②条文有名无值,ASTROCS_DESIGN.md:489 - `phase1/2/3` 仅为内部指代：命令名与 CLI 子目录使用 normalize/mosaic/export；**会话层目录可用
具名,zoom,lib/infrastructure/hips_browser/healpix_browser_qt/app/browser_cli.cpp:1281,1.0;4.5,未标注,③未见于条文面,
具名,fov_deg,lib/infrastructure/hips_browser/healpix_browser_qt/app/browser_cli.cpp:1282,60.0,未标注,③未见于条文面,
具名,phase,lib/infrastructure/hips_browser/healpix_browser_qt/app/browser_cli.cpp:1285,2.0,未标注,②条文有名无值,ASTROCS_DESIGN.md:489 - `phase1/2/3` 仅为内部指代：命令名与 CLI 子目录使用 normalize/mosaic/export；**会话层目录可用
具名,center_ra,lib/infrastructure/hips_browser/healpix_browser_qt/app/browser_cli.cpp:1286,5.0,未标注,②条文有名无值,docs/algorithms/GAIA_QUERY.md:66 RA_s  = center_ra + x
具名,center_dec,lib/infrastructure/hips_browser/healpix_browser_qt/app/browser_cli.cpp:1287,3.0,未标注,②条文有名无值,"docs/algorithms/GAIA_QUERY.md:76 r < 1e-15  → RA_s = center_ra, Dec_s = center_dec   # 投影中心（极点）"
具名,zoom,lib/infrastructure/hips_browser/healpix_browser_qt/app/browser_cli.cpp:1312,.1f;.2f,未标注,③未见于条文面,
具名,ra,lib/infrastructure/hips_browser/healpix_browser_qt/app/main.cpp:129,8.0,未标注,③未见于条文面,
具名,signal,lib/infrastructure/hips_browser/healpix_browser_qt/app/main_window.cpp:387,0.0,未标注,②条文有名无值,ACCEPTANCE_SPEC.md:31 **判据的名词口径一律照最高设计的冻结语句，本节不复述、不改写**（「口径唯一、不在下层复述」）：① 星等属**表达层**——`k_phot
具名,signal,lib/infrastructure/hips_browser/healpix_browser_qt/app/main_window.cpp:395,0.0f,未标注,②条文有名无值,ACCEPTANCE_SPEC.md:31 **判据的名词口径一律照最高设计的冻结语句，本节不复述、不改写**（「口径唯一、不在下层复述」）：① 星等属**表达层**——`k_phot
具名,range,lib/infrastructure/hips_browser/healpix_browser_qt/app/main_window.cpp:442,1.0f,未标注,②条文有名无值,docs/algorithms/PHASE2_SAMPLER.md:542 range（:657-664）、pairs resize failed（lambda :721；并行 err :909-912；串行 err
具名,v,lib/infrastructure/hips_browser/healpix_browser_qt/app/main_window.cpp:452,0.0f,未标注,③未见于条文面,
具名,norm,lib/infrastructure/hips_browser/healpix_browser_qt/app/main_window.cpp:460,0.0f,未标注,②条文有名无值,"docs/algorithms/CALIBRATION_ALGORITHMS.md:127 F2.2  步骤2: generate_master(norm, …, AC_COMBINE_MEAN)   # [250-251]"
具名,norm,lib/infrastructure/hips_browser/healpix_browser_qt/app/main_window.cpp:461,1.0f,未标注,②条文有名无值,"docs/algorithms/CALIBRATION_ALGORITHMS.md:127 F2.2  步骤2: generate_master(norm, …, AC_COMBINE_MEAN)   # [250-251]"
具名,dmin,lib/infrastructure/hips_browser/healpix_browser_qt/app/main_window.cpp:560,0.0f;1.0f,未标注,③未见于条文面,
具名,fov,lib/infrastructure/hips_browser/healpix_browser_qt/app/main_window.cpp:733,100.0,未标注,③未见于条文面,
具名,layer,lib/infrastructure/hips_browser/healpix_browser_qt/app/main_window.cpp:734,100.0,未标注,②条文有名无值,ACCEPTANCE_SPEC.md:25 每层验收由 agent 先行自修到位后提交，提交时附完整证据（日志、产品、报告落 `artifacts/acceptance/<layer>
具名,idx,lib/infrastructure/hips_browser/healpix_browser_qt/app/main_window.cpp:735,.2f,未标注,③未见于条文面,
具名,ra_h,lib/infrastructure/hips_browser/healpix_browser_qt/app/main_window.cpp:764,15.0,未标注,③未见于条文面,
具名,mm,lib/infrastructure/hips_browser/healpix_browser_qt/app/main_window.cpp:766,60.0,未标注,③未见于条文面,
具名,ss,lib/infrastructure/hips_browser/healpix_browser_qt/app/main_window.cpp:768,60.0,未标注,③未见于条文面,
具名,dm,lib/infrastructure/hips_browser/healpix_browser_qt/app/main_window.cpp:770,60.0,未标注,③未见于条文面,
具名,dss,lib/infrastructure/hips_browser/healpix_browser_qt/app/main_window.cpp:772,60.0,未标注,③未见于条文面,
具名,ra,lib/infrastructure/hips_browser/healpix_browser_qt/app/main_window.cpp:817,.2f;.3f,未标注,③未见于条文面,
具名,shadows,lib/infrastructure/hips_browser/healpix_browser_qt/app/main_window.cpp:1073,0.0f,未标注,③未见于条文面,
具名,highlights,lib/infrastructure/hips_browser/healpix_browser_qt/app/main_window.cpp:1074,1.0f,未标注,③未见于条文面,
具名,dmax_,lib/infrastructure/hips_browser/healpix_browser_qt/app/stf_bar.cpp:17,1.0f,未标注,③未见于条文面,
具名,shadows_,lib/infrastructure/hips_browser/healpix_browser_qt/app/stf_bar.cpp:22,0.0f;1.0f,未标注,③未见于条文面,
具名,highlights_,lib/infrastructure/hips_browser/healpix_browser_qt/app/stf_bar.cpp:24,0.0f;1.0f,未标注,③未见于条文面,
具名,shadows_,lib/infrastructure/hips_browser/healpix_browser_qt/app/stf_bar.cpp:33,0.0f;0.5f;1.0f,未标注,③未见于条文面,
具名,compression,lib/infrastructure/hips_browser/healpix_browser_qt/app/stf_bar.cpp:46,0.0f,未标注,③未见于条文面,
具名,win_x0,lib/infrastructure/hips_browser/healpix_browser_qt/app/stf_bar.cpp:74,0.0f,未标注,③未见于条文面,
具名,win_x1,lib/infrastructure/hips_browser/healpix_browser_qt/app/stf_bar.cpp:75,0.0f,未标注,③未见于条文面,
具名,pos,lib/infrastructure/hips_browser/healpix_browser_qt/app/stf_bar.cpp:95,4.0f,未标注,③未见于条文面,
具名,factor,lib/infrastructure/hips_browser/healpix_browser_qt/app/stf_bar.cpp:182,0.7f;1.35f,未标注,②条文有名无值,"docs/algorithms/DRIZZLE_GEOMETRY.md:88 `I = Σ_i d_i·a_i·w_i·s² / Σ_i a_i·w_i`（""a factor of s² is introduced t"
具名,w,lib/infrastructure/hips_browser/healpix_browser_qt/app/stf_bar.cpp:183,1.0f,未标注,③未见于条文面,
具名,view_lo_,lib/infrastructure/hips_browser/healpix_browser_qt/app/stf_bar.cpp:192,0.0f,未标注,③未见于条文面,
具名,view_hi_,lib/infrastructure/hips_browser/healpix_browser_qt/app/stf_bar.cpp:193,1.0f,未标注,③未见于条文面,
具名,shadows_,lib/infrastructure/hips_browser/healpix_browser_qt/app/stf_bar.h:59,0.0f,未标注,③未见于条文面,
具名,midtones_,lib/infrastructure/hips_browser/healpix_browser_qt/app/stf_bar.h:60,0.5f,未标注,③未见于条文面,
具名,highlights_,lib/infrastructure/hips_browser/healpix_browser_qt/app/stf_bar.h:61,1.0f,未标注,③未见于条文面,
具名,view_lo_,lib/infrastructure/hips_browser/healpix_browser_qt/app/stf_bar.h:62,0.0f,未标注,③未见于条文面,
具名,view_hi_,lib/infrastructure/hips_browser/healpix_browser_qt/app/stf_bar.h:63,1.0f,未标注,③未见于条文面,
具名,dmin_,lib/infrastructure/hips_browser/healpix_browser_qt/app/stf_bar.h:64,0.0f,未标注,③未见于条文面,
具名,dmax_,lib/infrastructure/hips_browser/healpix_browser_qt/app/stf_bar.h:65,1.0f,未标注,③未见于条文面,
具名,ra,lib/infrastructure/hips_browser/healpix_browser_qt/core/browser_backend.cpp:354,0.0,未标注,③未见于条文面,
具名,dec,lib/infrastructure/hips_browser/healpix_browser_qt/core/browser_backend.cpp:355,0.0,未标注,③未见于条文面,
具名,half_fov,lib/infrastructure/hips_browser/healpix_browser_qt/core/browser_backend.cpp:383,0.75;1.0,未标注,③未见于条文面,
具名,fov_deg,lib/infrastructure/hips_browser/healpix_browser_qt/core/browser_backend.cpp:441,0.01;60.0,未标注,③未见于条文面,
具名,fov_deg,lib/infrastructure/hips_browser/healpix_browser_qt/core/browser_backend.cpp:442,170.0,未标注,③未见于条文面,
具名,nside_ideal,lib/infrastructure/hips_browser/healpix_browser_qt/core/browser_backend.cpp:452,58.6,未标注,③未见于条文面,
具名,fov,lib/infrastructure/hips_browser/healpix_browser_qt/core/browser_backend.cpp:474,.2f;.4f,未标注,③未见于条文面,
具名,nside_ideal,lib/infrastructure/hips_browser/healpix_browser_qt/core/browser_backend.cpp:475,.1f,未标注,③未见于条文面,
具名,range,lib/infrastructure/hips_browser/healpix_browser_qt/core/browser_backend.cpp:616,1.0,未标注,①条文含值,docs/science/CALIBRATION.md:441 6. **XISF Version 1.0 Specification**（PixInsight/Pleiades Astrophoto；<
具名,inv_range,lib/infrastructure/hips_browser/healpix_browser_qt/core/browser_backend.cpp:617,255.0,未标注,③未见于条文面,
具名,normalized,lib/infrastructure/hips_browser/healpix_browser_qt/core/browser_backend.cpp:653,0.0,未标注,②条文有名无值,"docs/algorithms/CALIBRATION_ALGORITHMS.md:56 | XISF `Float32` `bounds=""0:1""` | **可表示域**（黑/白点），非物理单位（XISF 1.0 §Image"
具名,normalized,lib/infrastructure/hips_browser/healpix_browser_qt/core/browser_backend.cpp:654,255.0,未标注,②条文有名无值,"docs/algorithms/CALIBRATION_ALGORITHMS.md:56 | XISF `Float32` `bounds=""0:1""` | **可表示域**（黑/白点），非物理单位（XISF 1.0 §Image"
具名,min_ra,lib/infrastructure/hips_browser/healpix_browser_qt/core/browser_backend.cpp:715,-90.0;0.0;360.0;90.0,未标注,③未见于条文面,
具名,center_ra,lib/infrastructure/hips_browser/healpix_browser_qt/core/browser_backend.cpp:726,0.5,未标注,②条文有名无值,docs/algorithms/GAIA_QUERY.md:66 RA_s  = center_ra + x
具名,center_dec,lib/infrastructure/hips_browser/healpix_browser_qt/core/browser_backend.cpp:727,0.5,未标注,②条文有名无值,"docs/algorithms/GAIA_QUERY.md:76 r < 1e-15  → RA_s = center_ra, Dec_s = center_dec   # 投影中心（极点）"
具名,center,lib/infrastructure/hips_browser/healpix_browser_qt/core/browser_backend.cpp:734,.4f,未标注,②条文有名无值,"ACCEPTANCE_SPEC.md:12 L4[""L4 真实数据端到端视觉验收<br/>M42 + Galaxy Center · 负责人目检""]"
具名,min_ra,lib/infrastructure/hips_browser/healpix_browser_qt/core/browser_backend.cpp:741,-90.0;0.0;360.0;90.0,未标注,③未见于条文面,
具名,center_ra,lib/infrastructure/hips_browser/healpix_browser_qt/core/browser_backend.cpp:750,0.5,未标注,②条文有名无值,docs/algorithms/GAIA_QUERY.md:66 RA_s  = center_ra + x
具名,center_dec,lib/infrastructure/hips_browser/healpix_browser_qt/core/browser_backend.cpp:751,0.5,未标注,②条文有名无值,"docs/algorithms/GAIA_QUERY.md:76 r < 1e-15  → RA_s = center_ra, Dec_s = center_dec   # 投影中心（极点）"
具名,margin,lib/infrastructure/hips_browser/healpix_browser_qt/core/browser_backend.cpp:756,1.0,未标注,③未见于条文面,
具名,center,lib/infrastructure/hips_browser/healpix_browser_qt/core/browser_backend.cpp:760,.4f,未标注,②条文有名无值,"ACCEPTANCE_SPEC.md:12 L4[""L4 真实数据端到端视觉验收<br/>M42 + Galaxy Center · 负责人目检""]"
具名,min_ra,lib/infrastructure/hips_browser/healpix_browser_qt/core/browser_backend.cpp:765,-90.0;0.0;360.0;90.0,未标注,③未见于条文面,
具名,center_ra,lib/infrastructure/hips_browser/healpix_browser_qt/core/browser_backend.cpp:775,0.5,未标注,②条文有名无值,docs/algorithms/GAIA_QUERY.md:66 RA_s  = center_ra + x
具名,center_dec,lib/infrastructure/hips_browser/healpix_browser_qt/core/browser_backend.cpp:776,0.5,未标注,②条文有名无值,"docs/algorithms/GAIA_QUERY.md:76 r < 1e-15  → RA_s = center_ra, Dec_s = center_dec   # 投影中心（极点）"
具名,center,lib/infrastructure/hips_browser/healpix_browser_qt/core/browser_backend.cpp:779,.4f,未标注,②条文有名无值,"ACCEPTANCE_SPEC.md:12 L4[""L4 真实数据端到端视觉验收<br/>M42 + Galaxy Center · 负责人目检""]"
具名,center_ra,lib/infrastructure/hips_browser/healpix_browser_qt/core/browser_backend.cpp:784,0.0,未标注,②条文有名无值,docs/algorithms/GAIA_QUERY.md:66 RA_s  = center_ra + x
具名,center_dec,lib/infrastructure/hips_browser/healpix_browser_qt/core/browser_backend.cpp:785,0.0,未标注,②条文有名无值,"docs/algorithms/GAIA_QUERY.md:76 r < 1e-15  → RA_s = center_ra, Dec_s = center_dec   # 投影中心（极点）"
具名,width_deg,lib/infrastructure/hips_browser/healpix_browser_qt/core/browser_backend.cpp:786,360.0,未标注,③未见于条文面,
具名,height_deg,lib/infrastructure/hips_browser/healpix_browser_qt/core/browser_backend.cpp:787,180.0,未标注,③未见于条文面,
具名,signal,lib/infrastructure/hips_browser/healpix_browser_qt/core/browser_backend.cpp:978,0.0f,未标注,②条文有名无值,ACCEPTANCE_SPEC.md:31 **判据的名词口径一律照最高设计的冻结语句，本节不复述、不改写**（「口径唯一、不在下层复述」）：① 星等属**表达层**——`k_phot
具名,ret,lib/infrastructure/hips_browser/healpix_browser_qt/core/browser_backend.cpp:982,.4f,未标注,③未见于条文面,
具名,signal,lib/infrastructure/hips_browser/healpix_browser_qt/core/browser_backend.cpp:1024,0.0,未标注,②条文有名无值,ACCEPTANCE_SPEC.md:31 **判据的名词口径一律照最高设计的冻结语句，本节不复述、不改写**（「口径唯一、不在下层复述」）：① 星等属**表达层**——`k_phot
具名,ret,lib/infrastructure/hips_browser/healpix_browser_qt/core/browser_backend.cpp:1028,.4f,未标注,③未见于条文面,
具名,forward_x,lib/infrastructure/hips_browser/healpix_browser_qt/core/browser_backend.h:29,1.0,未标注,③未见于条文面,
具名,forward_y,lib/infrastructure/hips_browser/healpix_browser_qt/core/browser_backend.h:30,0.0,未标注,③未见于条文面,
具名,forward_z,lib/infrastructure/hips_browser/healpix_browser_qt/core/browser_backend.h:31,0.0,未标注,③未见于条文面,
具名,up_x,lib/infrastructure/hips_browser/healpix_browser_qt/core/browser_backend.h:32,0.0,未标注,③未见于条文面,
具名,up_y,lib/infrastructure/hips_browser/healpix_browser_qt/core/browser_backend.h:33,0.0,未标注,③未见于条文面,
具名,up_z,lib/infrastructure/hips_browser/healpix_browser_qt/core/browser_backend.h:34,1.0,未标注,③未见于条文面,
具名,data_min,lib/infrastructure/hips_browser/healpix_browser_qt/core/browser_backend.h:128,0.0f;1.0f,未标注,③未见于条文面,
具名,data_min_,lib/infrastructure/hips_browser/healpix_browser_qt/core/browser_backend.h:224,0.0f,未标注,③未见于条文面,
具名,data_max_,lib/infrastructure/hips_browser/healpix_browser_qt/core/browser_backend.h:225,1.0f,未标注,③未见于条文面,
具名,gl_Position,lib/infrastructure/hips_browser/healpix_browser_qt/core/gl_renderer.cpp:228,1.0,未标注,③未见于条文面,
具名,denom,lib/infrastructure/hips_browser/healpix_browser_qt/core/gl_renderer.cpp:245,1.0;2.0,未标注,②条文有名无值,docs/algorithms/CALIBRATION_ALGORITHMS.md:269 (denom<=1e-12)、RESIDUAL_NAN、RESIDUAL_ABNORMAL(残差σ≥yσ)、
具名,r,lib/infrastructure/hips_browser/healpix_browser_qt/core/gl_renderer.cpp:247,1.0,未标注,③未见于条文面,
具名,scale,lib/infrastructure/hips_browser/healpix_browser_qt/core/gl_renderer.cpp:253,1.0,未标注,①条文含值,docs/algorithms/CALIBRATION_ALGORITHMS.md:61 U1 亮场域 ≫ 1 ADU 而 bias/dark 中位数 ≤ 1.0 且未声明 normalized+scale ⇒ 拒；
具名,yv,lib/infrastructure/hips_browser/healpix_browser_qt/core/gl_renderer.cpp:255,1.0,未标注,③未见于条文面,
具名,r,lib/infrastructure/hips_browser/healpix_browser_qt/core/gl_renderer.cpp:256,1.0,未标注,③未见于条文面,
具名,FragColor,lib/infrastructure/hips_browser/healpix_browser_qt/core/gl_renderer.cpp:262,0.0;1.0,未标注,③未见于条文面,
具名,range,lib/infrastructure/hips_browser/healpix_browser_qt/core/gl_renderer.cpp:266,1.0,未标注,①条文含值,docs/science/CALIBRATION.md:441 6. **XISF Version 1.0 Specification**（PixInsight/Pleiades Astrophoto；<
具名,x,lib/infrastructure/hips_browser/healpix_browser_qt/core/gl_renderer.cpp:268,0.0;1.0,未标注,③未见于条文面,
具名,result,lib/infrastructure/hips_browser/healpix_browser_qt/core/gl_renderer.cpp:273,0.5;255.0,未标注,②条文有名无值,docs/algorithms/INTEGRATION_ALGORITHMS.md:41 来源: `integrate.cpp:10-79` `integrate.h: P2PixelStack/Result`
具名,FragColor,lib/infrastructure/hips_browser/healpix_browser_qt/core/gl_renderer.cpp:274,1.0,未标注,③未见于条文面,
具名,gl_Position,lib/infrastructure/hips_browser/healpix_browser_qt/core/gl_renderer.cpp:286,0.0;1.0,未标注,③未见于条文面,
具名,denom,lib/infrastructure/hips_browser/healpix_browser_qt/core/gl_renderer.cpp:304,1.0;2.0,未标注,②条文有名无值,docs/algorithms/CALIBRATION_ALGORITHMS.md:269 (denom<=1e-12)、RESIDUAL_NAN、RESIDUAL_ABNORMAL(残差σ≥yσ)、
具名,r,lib/infrastructure/hips_browser/healpix_browser_qt/core/gl_renderer.cpp:306,1.0,未标注,③未见于条文面,
具名,scale,lib/infrastructure/hips_browser/healpix_browser_qt/core/gl_renderer.cpp:312,1.0,未标注,①条文含值,docs/algorithms/CALIBRATION_ALGORITHMS.md:61 U1 亮场域 ≫ 1 ADU 而 bias/dark 中位数 ≤ 1.0 且未声明 normalized+scale ⇒ 拒；
具名,yv,lib/infrastructure/hips_browser/healpix_browser_qt/core/gl_renderer.cpp:314,1.0,未标注,③未见于条文面,
具名,r,lib/infrastructure/hips_browser/healpix_browser_qt/core/gl_renderer.cpp:315,1.0,未标注,③未见于条文面,
具名,FragColor,lib/infrastructure/hips_browser/healpix_browser_qt/core/gl_renderer.cpp:322,0.0;1.0,未标注,③未见于条文面,
具名,range,lib/infrastructure/hips_browser/healpix_browser_qt/core/gl_renderer.cpp:326,1.0,未标注,①条文含值,docs/science/CALIBRATION.md:441 6. **XISF Version 1.0 Specification**（PixInsight/Pleiades Astrophoto；<
具名,x,lib/infrastructure/hips_browser/healpix_browser_qt/core/gl_renderer.cpp:328,0.0;1.0,未标注,③未见于条文面,
具名,result,lib/infrastructure/hips_browser/healpix_browser_qt/core/gl_renderer.cpp:333,0.5;255.0,未标注,②条文有名无值,docs/algorithms/INTEGRATION_ALGORITHMS.md:41 来源: `integrate.cpp:10-79` `integrate.h: P2PixelStack/Result`
具名,FragColor,lib/infrastructure/hips_browser/healpix_browser_qt/core/gl_renderer.cpp:334,1.0,未标注,③未见于条文面,
具名,gl_Position,lib/infrastructure/hips_browser/healpix_browser_qt/core/gl_renderer.cpp:344,1.0,未标注,③未见于条文面,
具名,center,lib/infrastructure/hips_browser/healpix_browser_qt/core/gl_renderer.cpp:614,.4f,未标注,②条文有名无值,"ACCEPTANCE_SPEC.md:12 L4[""L4 真实数据端到端视觉验收<br/>M42 + Galaxy Center · 负责人目检""]"
具名,lat,lib/infrastructure/hips_browser/healpix_browser_qt/core/gl_renderer.cpp:712,2.0,未标注,③未见于条文面,
具名,dec,lib/infrastructure/hips_browser/healpix_browser_qt/core/gl_renderer.cpp:713,180.0,未标注,③未见于条文面,
具名,lon,lib/infrastructure/hips_browser/healpix_browser_qt/core/gl_renderer.cpp:717,2.0,未标注,③未见于条文面,
具名,ra,lib/infrastructure/hips_browser/healpix_browser_qt/core/gl_renderer.cpp:718,180.0,未标注,③未见于条文面,
具名,fov_deg,lib/infrastructure/hips_browser/healpix_browser_qt/core/gl_renderer.cpp:810,0.01;60.0,未标注,③未见于条文面,
具名,fov_deg,lib/infrastructure/hips_browser/healpix_browser_qt/core/gl_renderer.cpp:811,170.0,未标注,③未见于条文面,
具名,render_fov_ver,lib/infrastructure/hips_browser/healpix_browser_qt/core/gl_renderer.cpp:819,1.2,未标注,③未见于条文面,
具名,render_fov_hor,lib/infrastructure/hips_browser/healpix_browser_qt/core/gl_renderer.cpp:820,1.2,未标注,③未见于条文面,
具名,theta_screen,lib/infrastructure/hips_browser/healpix_browser_qt/core/gl_renderer.cpp:824,2.0,未标注,③未见于条文面,
具名,theta_screen,lib/infrastructure/hips_browser/healpix_browser_qt/core/gl_renderer.cpp:825,0.01,未标注,③未见于条文面,
具名,fov,lib/infrastructure/hips_browser/healpix_browser_qt/core/gl_renderer.cpp:836,.2f;.4f,未标注,③未见于条文面,
具名,segments,lib/infrastructure/hips_browser/healpix_browser_qt/core/gl_renderer.cpp:837,.2f,未标注,③未见于条文面,
具名,dec_min,lib/infrastructure/hips_browser/healpix_browser_qt/core/gl_renderer.cpp:852,2.0,未标注,②条文有名无值,"docs/algorithms/GAIA_QUERY.md:94 节点 bbox `[ra_min,ra_max]×[dec_min,dec_max]`（由节点平面坐标 + center_ra 恢复）："
具名,dec_max,lib/infrastructure/hips_browser/healpix_browser_qt/core/gl_renderer.cpp:853,2.0,未标注,②条文有名无值,"docs/algorithms/GAIA_QUERY.md:94 节点 bbox `[ra_min,ra_max]×[dec_min,dec_max]`（由节点平面坐标 + center_ra 恢复）："
具名,cos_dec,lib/infrastructure/hips_browser/healpix_browser_qt/core/gl_renderer.cpp:855,180.0,未标注,③未见于条文面,
具名,cos_dec,lib/infrastructure/hips_browser/healpix_browser_qt/core/gl_renderer.cpp:856,0.01,未标注,③未见于条文面,
具名,ra_min,lib/infrastructure/hips_browser/healpix_browser_qt/core/gl_renderer.cpp:858,2.0,未标注,②条文有名无值,"docs/algorithms/GAIA_QUERY.md:94 节点 bbox `[ra_min,ra_max]×[dec_min,dec_max]`（由节点平面坐标 + center_ra 恢复）："
具名,dec_rad,lib/infrastructure/hips_browser/healpix_browser_qt/core/gl_renderer.cpp:863,180.0,未标注,③未见于条文面,
具名,ra_rad,lib/infrastructure/hips_browser/healpix_browser_qt/core/gl_renderer.cpp:869,180.0,未标注,③未见于条文面,
具名,fov_ratio,lib/infrastructure/hips_browser/healpix_browser_qt/core/gl_renderer.cpp:957,1.0,未标注,③未见于条文面,
具名,half_fov,lib/infrastructure/hips_browser/healpix_browser_qt/core/gl_renderer.cpp:967,2.0,未标注,③未见于条文面,
具名,dr,lib/infrastructure/hips_browser/healpix_browser_qt/core/gl_renderer.cpp:969,180.0;360.0,未标注,③未见于条文面,
具名,fov_deg,lib/infrastructure/hips_browser/healpix_browser_qt/core/gl_renderer.cpp:1092,0.01;60.0,未标注,③未见于条文面,
具名,fov_deg,lib/infrastructure/hips_browser/healpix_browser_qt/core/gl_renderer.cpp:1093,170.0,未标注,③未见于条文面,
具名,center_ra_rad,lib/infrastructure/hips_browser/healpix_browser_qt/core/gl_renderer.cpp:1096,180.0,未标注,③未见于条文面,
具名,center_dec_rad,lib/infrastructure/hips_browser/healpix_browser_qt/core/gl_renderer.cpp:1097,180.0,未标注,③未见于条文面,
具名,eye_x,lib/infrastructure/hips_browser/healpix_browser_qt/core/gl_renderer.cpp:1103,0.0,未标注,③未见于条文面,
具名,up_z,lib/infrastructure/hips_browser/healpix_browser_qt/core/gl_renderer.cpp:1111,1.0,未标注,③未见于条文面,
具名,up_x,lib/infrastructure/hips_browser/healpix_browser_qt/core/gl_renderer.cpp:1115,0.0;1.0,未标注,③未见于条文面,
具名,value,lib/infrastructure/hips_browser/healpix_browser_qt/core/gl_renderer.cpp:1258,255.0f,未标注,②条文有名无值,docs/algorithms/HIPS_WRITER.md:202 - (5b) properties（write_properties :285-293 裸 `key=value\n` 直写，fopen
具名,min_ra,lib/infrastructure/hips_browser/healpix_browser_qt/core/gl_renderer.cpp:1383,-90.0;0.0;360.0;90.0,未标注,③未见于条文面,
具名,pix_size,lib/infrastructure/hips_browser/healpix_browser_qt/core/gl_renderer.cpp:1389,180.0;3.0,未标注,③未见于条文面,
具名,n_pix,lib/infrastructure/hips_browser/healpix_browser_qt/core/gl_renderer.cpp:1390,.6f,未标注,②条文有名无值,docs/algorithms/CALIBRATION_ALGORITHMS.md:324 | 内存 | 输出缓冲调用方分配；模块内 std::vector RAII。峰值额外内存: generate_master O(n_fram
具名,ra_rad,lib/infrastructure/hips_browser/healpix_browser_qt/core/gl_renderer.cpp:1417,180.0,未标注,③未见于条文面,
具名,dec_rad,lib/infrastructure/hips_browser/healpix_browser_qt/core/gl_renderer.cpp:1418,180.0,未标注,③未见于条文面,
具名,ez,lib/infrastructure/hips_browser/healpix_browser_qt/core/gl_renderer.cpp:1431,0.0,未标注,③未见于条文面,
具名,h,lib/infrastructure/hips_browser/healpix_browser_qt/core/gl_renderer.cpp:1444,1.02;6.0,未标注,③未见于条文面,
具名,hiss_center_ra_,lib/infrastructure/hips_browser/healpix_browser_qt/core/gl_renderer.cpp:1470,0.5,未标注,③未见于条文面,
具名,hiss_center_dec_,lib/infrastructure/hips_browser/healpix_browser_qt/core/gl_renderer.cpp:1471,0.5,未标注,③未见于条文面,
具名,center,lib/infrastructure/hips_browser/healpix_browser_qt/core/gl_renderer.cpp:1474,.4f,未标注,②条文有名无值,"ACCEPTANCE_SPEC.md:12 L4[""L4 真实数据端到端视觉验收<br/>M42 + Galaxy Center · 负责人目检""]"
具名,fov_deg,lib/infrastructure/hips_browser/healpix_browser_qt/core/gl_renderer.cpp:1533,0.01;60.0,未标注,③未见于条文面,
具名,fov_deg,lib/infrastructure/hips_browser/healpix_browser_qt/core/gl_renderer.cpp:1534,170.0,未标注,③未见于条文面,
具名,fx,lib/infrastructure/hips_browser/healpix_browser_qt/core/gl_renderer.cpp:1543,0.0;1.0,未标注,③未见于条文面,
具名,ex,lib/infrastructure/hips_browser/healpix_browser_qt/core/gl_renderer.cpp:1549,0.0,未标注,③未见于条文面,
具名,up_x,lib/infrastructure/hips_browser/healpix_browser_qt/core/gl_renderer.cpp:1561,0.0;1.0,未标注,③未见于条文面,
具名,fov,lib/infrastructure/hips_browser/healpix_browser_qt/core/gl_renderer.cpp:1602,.3f;.4f,未标注,③未见于条文面,
具名,min_ra,lib/infrastructure/hips_browser/healpix_browser_qt/core/gl_renderer.cpp:1629,-90.0;0.0;360.0;90.0,未标注,③未见于条文面,
具名,sf_center_ra_,lib/infrastructure/hips_browser/healpix_browser_qt/core/gl_renderer.cpp:1642,2.0,未标注,③未见于条文面,
具名,sf_center_dec_,lib/infrastructure/hips_browser/healpix_browser_qt/core/gl_renderer.cpp:1643,2.0,未标注,③未见于条文面,
具名,sf_width_deg_,lib/infrastructure/hips_browser/healpix_browser_qt/core/gl_renderer.cpp:1646,1.0,未标注,③未见于条文面,
具名,sf_height_deg_,lib/infrastructure/hips_browser/healpix_browser_qt/core/gl_renderer.cpp:1647,1.0,未标注,③未见于条文面,
具名,center,lib/infrastructure/hips_browser/healpix_browser_qt/core/gl_renderer.cpp:1649,.4f,未标注,②条文有名无值,"ACCEPTANCE_SPEC.md:12 L4[""L4 真实数据端到端视觉验收<br/>M42 + Galaxy Center · 负责人目检""]"
具名,proj_ra,lib/infrastructure/hips_browser/healpix_browser_qt/core/gl_renderer.cpp:1663,0.0,未标注,③未见于条文面,
具名,proj_dec,lib/infrastructure/hips_browser/healpix_browser_qt/core/gl_renderer.cpp:1665,0.0,未标注,③未见于条文面,
具名,ra0,lib/infrastructure/hips_browser/healpix_browser_qt/core/gl_renderer.cpp:1679,180.0,未标注,③未见于条文面,
具名,dec0,lib/infrastructure/hips_browser/healpix_browser_qt/core/gl_renderer.cpp:1680,180.0,未标注,②条文有名无值,docs/algorithms/PHASE3_PROJ_IMPL.md:556 容差 ≤1e-8 deg（实测 ≤6.854e-13°），**必须含 dec0≠0 用例**（CRVAL2 只在
具名,view_width,lib/infrastructure/hips_browser/healpix_browser_qt/core/gl_renderer.cpp:1685,0.001,未标注,③未见于条文面,
具名,view_height,lib/infrastructure/hips_browser/healpix_browser_qt/core/gl_renderer.cpp:1686,0.001,未标注,③未见于条文面,
具名,half_w_rad,lib/infrastructure/hips_browser/healpix_browser_qt/core/gl_renderer.cpp:1687,360.0,未标注,③未见于条文面,
具名,half_h_rad,lib/infrastructure/hips_browser/healpix_browser_qt/core/gl_renderer.cpp:1688,360.0,未标注,③未见于条文面,
具名,y,lib/infrastructure/hips_browser/healpix_browser_qt/core/gl_renderer.cpp:1692,1.0;2.0,未标注,③未见于条文面,
具名,x,lib/infrastructure/hips_browser/healpix_browser_qt/core/gl_renderer.cpp:1695,1.0;2.0,未标注,③未见于条文面,
具名,ra_deg,lib/infrastructure/hips_browser/healpix_browser_qt/core/gl_renderer.cpp:1715,180.0,未标注,②条文有名无值,"docs/algorithms/HIPS_WRITER.md:244 （:888）；点 (ra_deg,dec_deg) 经共享 HEALPix 权威"
具名,dec_deg,lib/infrastructure/hips_browser/healpix_browser_qt/core/gl_renderer.cpp:1716,180.0,未标注,②条文有名无值,"docs/algorithms/HIPS_WRITER.md:244 （:888）；点 (ra_deg,dec_deg) 经共享 HEALPix 权威"
具名,proj,lib/infrastructure/hips_browser/healpix_browser_qt/core/gl_renderer.cpp:1750,.3f;.4f,未标注,②条文有名无值,docs/algorithms/PHASE3_FITS_IMPL.md:274 （p3_wcs.h:29；判据语义见 ALG-P3-PROJ-IMPL-001 §6.4/§9：r=tanρ<π/2 即
具名,i,lib/infrastructure/hips_browser/healpix_browser_qt/core/gl_renderer.cpp:1804,0.0f,未标注,③未见于条文面,
具名,fov_rad,lib/infrastructure/hips_browser/healpix_browser_qt/core/gl_renderer.cpp:1806,180.0,未标注,②条文有名无值,docs/science/PHASE3_HIPS_TO_FITS.md:104 **包络式**：`envelope_px = C_env·u·sec²Δ/s_rad`，`u = 2⁻⁵³`、`C_env = 128`（一
具名,f,lib/infrastructure/hips_browser/healpix_browser_qt/core/gl_renderer.cpp:1807,1.0;2.0,未标注,③未见于条文面,
具名,sum,lib/infrastructure/hips_browser/healpix_browser_qt/core/gl_renderer.cpp:1889,0.0f,未标注,③未见于条文面,
具名,DEG2RAD,lib/infrastructure/hips_browser/healpix_browser_qt/core/gl_renderer.cpp:1916,180.0,未标注,③未见于条文面,
具名,ra,lib/infrastructure/hips_browser/healpix_browser_qt/core/gl_renderer.cpp:1920,30.0,未标注,③未见于条文面,
具名,dec1,lib/infrastructure/hips_browser/healpix_browser_qt/core/gl_renderer.cpp:1924,-90.0;180.0,未标注,③未见于条文面,
具名,dec2,lib/infrastructure/hips_browser/healpix_browser_qt/core/gl_renderer.cpp:1925,-90.0;180.0,未标注,③未见于条文面,
具名,dec,lib/infrastructure/hips_browser/healpix_browser_qt/core/gl_renderer.cpp:1942,30.0,未标注,③未见于条文面,
具名,ra1,lib/infrastructure/hips_browser/healpix_browser_qt/core/gl_renderer.cpp:1946,360.0,未标注,③未见于条文面,
具名,ra2,lib/infrastructure/hips_browser/healpix_browser_qt/core/gl_renderer.cpp:1947,360.0,未标注,③未见于条文面,
具名,fov_deg,lib/infrastructure/hips_browser/healpix_browser_qt/core/gl_renderer.cpp:2004,0.01;60.0,未标注,③未见于条文面,
具名,fov_deg,lib/infrastructure/hips_browser/healpix_browser_qt/core/gl_renderer.cpp:2005,170.0,未标注,③未见于条文面,
具名,fx,lib/infrastructure/hips_browser/healpix_browser_qt/core/gl_renderer.cpp:2012,0.0;1.0,未标注,③未见于条文面,
具名,ex,lib/infrastructure/hips_browser/healpix_browser_qt/core/gl_renderer.cpp:2017,0.0,未标注,③未见于条文面,
具名,up_x,lib/infrastructure/hips_browser/healpix_browser_qt/core/gl_renderer.cpp:2026,0.0;1.0,未标注,③未见于条文面,
具名,hiss_center_ra_,lib/infrastructure/hips_browser/healpix_browser_qt/core/gl_renderer.h:123,0.0,未标注,③未见于条文面,
具名,hiss_center_dec_,lib/infrastructure/hips_browser/healpix_browser_qt/core/gl_renderer.h:124,0.0,未标注,③未见于条文面,
具名,hiss_width_deg_,lib/infrastructure/hips_browser/healpix_browser_qt/core/gl_renderer.h:125,0.0,未标注,③未见于条文面,
具名,hiss_height_deg_,lib/infrastructure/hips_browser/healpix_browser_qt/core/gl_renderer.h:126,0.0,未标注,③未见于条文面,
具名,cache_center_ra_,lib/infrastructure/hips_browser/healpix_browser_qt/core/gl_renderer.h:185,-999.0,未标注,③未见于条文面,
具名,cache_center_dec_,lib/infrastructure/hips_browser/healpix_browser_qt/core/gl_renderer.h:186,-999.0,未标注,③未见于条文面,
具名,cache_fov_,lib/infrastructure/hips_browser/healpix_browser_qt/core/gl_renderer.h:187,-999.0,未标注,③未见于条文面,
具名,mesh_center_ra_,lib/infrastructure/hips_browser/healpix_browser_qt/core/gl_renderer.h:190,-999.0,未标注,③未见于条文面,
具名,mesh_center_dec_,lib/infrastructure/hips_browser/healpix_browser_qt/core/gl_renderer.h:191,-999.0,未标注,③未见于条文面,
具名,mesh_fov_,lib/infrastructure/hips_browser/healpix_browser_qt/core/gl_renderer.h:192,-999.0,未标注,③未见于条文面,
具名,support,lib/infrastructure/hips_browser/healpix_browser_qt/core/hips_browser_backend.cpp:214,0.0,未标注,②条文有名无值,ASTROCS_DESIGN.md:223 - signal / variance / ivar / source_snr / depth_m5 / frame_snr / point
具名,p1,lib/infrastructure/hips_browser/healpix_browser_qt/core/hips_sky_view.cpp:55,0.01,未标注,③未见于条文面,
具名,p99,lib/infrastructure/hips_browser/healpix_browser_qt/core/hips_sky_view.cpp:56,0.99,未标注,③未见于条文面,
具名,cut,lib/infrastructure/hips_browser/healpix_browser_qt/core/hips_sky_view.cpp:59,12.0f,未标注,③未见于条文面,
具名,hi,lib/infrastructure/hips_browser/healpix_browser_qt/core/hips_sky_view.cpp:72,0.99,未标注,③未见于条文面,
具名,dmax,lib/infrastructure/hips_browser/healpix_browser_qt/core/hips_sky_view.cpp:77,1.0f,未标注,③未见于条文面,
具名,ra0_,lib/infrastructure/hips_browser/healpix_browser_qt/core/hips_sky_view.cpp:97,360.0,未标注,③未见于条文面,
具名,dec0_,lib/infrastructure/hips_browser/healpix_browser_qt/core/hips_sky_view.cpp:99,-89.9f;89.9f,未标注,③未见于条文面,
具名,fov_,lib/infrastructure/hips_browser/healpix_browser_qt/core/hips_sky_view.cpp:100,0.05f;60.0f,未标注,③未见于条文面,
具名,aspect_,lib/infrastructure/hips_browser/healpix_browser_qt/core/hips_sky_view.cpp:101,0.01,未标注,③未见于条文面,
具名,hi_,lib/infrastructure/hips_browser/healpix_browser_qt/core/hips_sky_view.cpp:129,1.0f,未标注,③未见于条文面,
具名,black,lib/infrastructure/hips_browser/healpix_browser_qt/core/hips_sky_view.cpp:136,0.0f;1.0f,未标注,②条文有名无值,docs/science/CALIBRATION.md:441 6. **XISF Version 1.0 Specification**（PixInsight/Pleiades Astrophoto；<
具名,white,lib/infrastructure/hips_browser/healpix_browser_qt/core/hips_sky_view.cpp:137,0.0f;1.0f,未标注,②条文有名无值,docs/science/CALIBRATION.md:441 6. **XISF Version 1.0 Specification**（PixInsight/Pleiades Astrophoto；<
具名,white,lib/infrastructure/hips_browser/healpix_browser_qt/core/hips_sky_view.cpp:139,0.05f,未标注,②条文有名无值,docs/science/CALIBRATION.md:441 6. **XISF Version 1.0 Specification**（PixInsight/Pleiades Astrophoto；<
具名,midtones,lib/infrastructure/hips_browser/healpix_browser_qt/core/hips_sky_view.cpp:140,0.001f;0.999f,未标注,③未见于条文面,
具名,o,lib/infrastructure/hips_browser/healpix_browser_qt/core/hips_sky_view.cpp:156,0.1;1.84;7.0,未标注,③未见于条文面,
具名,tan_half,lib/infrastructure/hips_browser/healpix_browser_qt/core/hips_sky_view.cpp:295,360.0,未标注,③未见于条文面,
具名,r0,lib/infrastructure/hips_browser/healpix_browser_qt/core/hips_sky_view.cpp:296,180.0,未标注,③未见于条文面,
具名,d0,lib/infrastructure/hips_browser/healpix_browser_qt/core/hips_sky_view.cpp:297,180.0,未标注,③未见于条文面,
具名,ra,lib/infrastructure/hips_browser/healpix_browser_qt/core/hips_sky_view.cpp:342,2.0,未标注,③未见于条文面,
具名,range,lib/infrastructure/hips_browser/healpix_browser_qt/core/hips_sky_view.cpp:468,1.0f,未标注,②条文有名无值,docs/algorithms/PHASE2_SAMPLER.md:542 range（:657-664）、pairs resize failed（lambda :721；并行 err :909-912；串行 err
具名,x,lib/infrastructure/hips_browser/healpix_browser_qt/core/hips_sky_view.cpp:512,0.0f;1.0f,未标注,③未见于条文面,
具名,s,lib/infrastructure/hips_browser/healpix_browser_qt/core/hips_sky_view.cpp:521,0.0f;1.0f,未标注,③未见于条文面,
具名,color,lib/infrastructure/hips_browser/healpix_browser_qt/core/hips_sky_view.cpp:524,0.0f,未标注,②条文有名无值,docs/science/PHOTOMETRY.md:316 - 容器来源（可核验一手）：PixInsight 官方文档 *Spectrophotometry-based Color Calibrati
具名,frame_ms,lib/infrastructure/hips_browser/healpix_browser_qt/core/hips_sky_view.h:94,0.0,未标注,③未见于条文面,
具名,decode_ms,lib/infrastructure/hips_browser/healpix_browser_qt/core/hips_sky_view.h:95,0.0,未标注,③未见于条文面,
具名,data_min,lib/infrastructure/hips_browser/healpix_browser_qt/core/hips_sky_view.h:96,0.0f,未标注,③未见于条文面,
具名,data_max,lib/infrastructure/hips_browser/healpix_browser_qt/core/hips_sky_view.h:97,1.0f,未标注,③未见于条文面,
具名,ra0_,lib/infrastructure/hips_browser/healpix_browser_qt/core/hips_sky_view.h:135,0.0;1.0;8.0,未标注,③未见于条文面,
具名,lo_,lib/infrastructure/hips_browser/healpix_browser_qt/core/hips_sky_view.h:145,0.0f;1.0f,未标注,③未见于条文面,
具名,display_min_,lib/infrastructure/hips_browser/healpix_browser_qt/core/hips_sky_view.h:146,0.0f;1.0f,未标注,③未见于条文面,
具名,cache_ra0_,lib/infrastructure/hips_browser/healpix_browser_qt/core/hips_sky_view.h:149,0.0,未标注,③未见于条文面,
具名,black,lib/infrastructure/hips_browser/healpix_browser_qt/core/stf_engine.cpp:21,0.0f;0.999f,未标注,②条文有名无值,docs/science/CALIBRATION.md:441 6. **XISF Version 1.0 Specification**（PixInsight/Pleiades Astrophoto；<
具名,white,lib/infrastructure/hips_browser/healpix_browser_qt/core/stf_engine.cpp:22,0.001f;1.0f,未标注,②条文有名无值,docs/science/CALIBRATION.md:441 6. **XISF Version 1.0 Specification**（PixInsight/Pleiades Astrophoto；<
具名,white,lib/infrastructure/hips_browser/healpix_browser_qt/core/stf_engine.cpp:23,0.05f;1.0f,未标注,②条文有名无值,docs/science/CALIBRATION.md:441 6. **XISF Version 1.0 Specification**（PixInsight/Pleiades Astrophoto；<
具名,midtones,lib/infrastructure/hips_browser/healpix_browser_qt/core/stf_engine.cpp:24,0.001f;0.999f,未标注,③未见于条文面,
具名,compression,lib/infrastructure/hips_browser/healpix_browser_qt/core/stf_engine.cpp:25,0.0f;1.0f,未标注,③未见于条文面,
具名,midtones,lib/infrastructure/hips_browser/healpix_browser_qt/core/stf_engine.cpp:66,0.5f,未标注,③未见于条文面,
具名,compression,lib/infrastructure/hips_browser/healpix_browser_qt/core/stf_engine.cpp:67,0.0f,未标注,③未见于条文面,
具名,midtones,lib/infrastructure/hips_browser/healpix_browser_qt/core/stf_engine.cpp:70,0.25f,未标注,③未见于条文面,
具名,compression,lib/infrastructure/hips_browser/healpix_browser_qt/core/stf_engine.cpp:71,0.0f,未标注,③未见于条文面,
具名,midtones,lib/infrastructure/hips_browser/healpix_browser_qt/core/stf_engine.cpp:74,0.25f,未标注,③未见于条文面,
具名,compression,lib/infrastructure/hips_browser/healpix_browser_qt/core/stf_engine.cpp:75,0.5f,未标注,③未见于条文面,
具名,midtones,lib/infrastructure/hips_browser/healpix_browser_qt/core/stf_engine.cpp:78,0.15f,未标注,③未见于条文面,
具名,compression,lib/infrastructure/hips_browser/healpix_browser_qt/core/stf_engine.cpp:79,0.8f,未标注,③未见于条文面,
具名,midtones,lib/infrastructure/hips_browser/healpix_browser_qt/core/stf_engine.cpp:82,0.5f,未标注,③未见于条文面,
具名,compression,lib/infrastructure/hips_browser/healpix_browser_qt/core/stf_engine.cpp:83,0.0f,未标注,③未见于条文面,
具名,denom,lib/infrastructure/hips_browser/healpix_browser_qt/core/stf_engine.cpp:94,1.0f;2.0f,未标注,②条文有名无值,docs/algorithms/CALIBRATION_ALGORITHMS.md:269 (denom<=1e-12)、RESIDUAL_NAN、RESIDUAL_ABNORMAL(残差σ≥yσ)、
具名,r,lib/infrastructure/hips_browser/healpix_browser_qt/core/stf_engine.cpp:96,1.0f,未标注,③未见于条文面,
具名,r,lib/infrastructure/hips_browser/healpix_browser_qt/core/stf_engine.cpp:98,0.0f,未标注,③未见于条文面,
具名,r,lib/infrastructure/hips_browser/healpix_browser_qt/core/stf_engine.cpp:99,1.0f,未标注,③未见于条文面,
具名,lo_idx,lib/infrastructure/hips_browser/healpix_browser_qt/core/stf_engine.cpp:129,0.005,未标注,③未见于条文面,
具名,hi_idx,lib/infrastructure/hips_browser/healpix_browser_qt/core/stf_engine.cpp:130,0.995,未标注,③未见于条文面,
具名,range,lib/infrastructure/hips_browser/healpix_browser_qt/core/stf_engine.cpp:146,1.0f,未标注,②条文有名无值,docs/algorithms/PHASE2_SAMPLER.md:542 range（:657-664）、pairs resize failed（lambda :721；并行 err :909-912；串行 err
具名,midtones,lib/infrastructure/hips_browser/healpix_browser_qt/core/stf_engine.cpp:150,0.01f;0.99f,未标注,③未见于条文面,
具名,compression,lib/infrastructure/hips_browser/healpix_browser_qt/core/stf_engine.cpp:152,0.8f,未标注,③未见于条文面,
具名,median,lib/infrastructure/hips_browser/healpix_browser_qt/core/stf_engine.cpp:154,.4f;0.5;99.5,未标注,②条文有名无值,ACCEPTANCE_SPEC.md:233 | 无接缝 | 帧间、块间无亮度/灰度阶跃，无重影、错位与重复星点。**可执行门槛（机器门 `CHK-L4-SEAM-FOOTPRINT`）
具名,shadows,lib/infrastructure/hips_browser/healpix_browser_qt/core/stf_engine.cpp:176,.4f,未标注,③未见于条文面,
具名,black,lib/infrastructure/hips_browser/healpix_browser_qt/core/stf_engine.h:37,0.0f,未标注,②条文有名无值,docs/science/CALIBRATION.md:441 6. **XISF Version 1.0 Specification**（PixInsight/Pleiades Astrophoto；<
具名,white,lib/infrastructure/hips_browser/healpix_browser_qt/core/stf_engine.h:38,1.0f,未标注,②条文有名无值,docs/science/CALIBRATION.md:441 6. **XISF Version 1.0 Specification**（PixInsight/Pleiades Astrophoto；<
具名,midtones,lib/infrastructure/hips_browser/healpix_browser_qt/core/stf_engine.h:39,0.5;0.5f,未标注,③未见于条文面,
具名,compression,lib/infrastructure/hips_browser/healpix_browser_qt/core/stf_engine.h:41,0.8f,未标注,③未见于条文面,
具名,no_data_value,lib/infrastructure/hips_browser/healpix_browser_qt/core/stf_engine.h:86,0.0f,未标注,③未见于条文面,
具名,no_data_value,lib/infrastructure/hips_browser/healpix_browser_qt/core/stf_engine.h:101,0.0f,未标注,③未见于条文面,
具名,center_ra,lib/infrastructure/hips_browser/healpix_browser_qt/widgets/abstract_view.cpp:109,0.0,未标注,②条文有名无值,docs/algorithms/GAIA_QUERY.md:66 RA_s  = center_ra + x
具名,center_dec,lib/infrastructure/hips_browser/healpix_browser_qt/widgets/abstract_view.cpp:110,0.0,未标注,②条文有名无值,"docs/algorithms/GAIA_QUERY.md:76 r < 1e-15  → RA_s = center_ra, Dec_s = center_dec   # 投影中心（极点）"
具名,zoom,lib/infrastructure/hips_browser/healpix_browser_qt/widgets/abstract_view.cpp:111,1.0,未标注,③未见于条文面,
具名,fov_deg,lib/infrastructure/hips_browser/healpix_browser_qt/widgets/abstract_view.cpp:112,180.0,未标注,③未见于条文面,
具名,center_ra,lib/infrastructure/hips_browser/healpix_browser_qt/widgets/abstract_view.cpp:237,0.0,未标注,②条文有名无值,docs/algorithms/GAIA_QUERY.md:66 RA_s  = center_ra + x
具名,center_dec,lib/infrastructure/hips_browser/healpix_browser_qt/widgets/abstract_view.cpp:238,0.0,未标注,②条文有名无值,"docs/algorithms/GAIA_QUERY.md:76 r < 1e-15  → RA_s = center_ra, Dec_s = center_dec   # 投影中心（极点）"
具名,zoom,lib/infrastructure/hips_browser/healpix_browser_qt/widgets/abstract_view.cpp:239,1.0,未标注,③未见于条文面,
具名,fov_deg,lib/infrastructure/hips_browser/healpix_browser_qt/widgets/abstract_view.cpp:240,180.0,未标注,③未见于条文面,
具名,data_min_,lib/infrastructure/hips_browser/healpix_browser_qt/widgets/abstract_view.cpp:260,0.0f,未标注,③未见于条文面,
具名,data_max_,lib/infrastructure/hips_browser/healpix_browser_qt/widgets/abstract_view.cpp:261,1.0f,未标注,③未见于条文面,
具名,lo,lib/infrastructure/hips_browser/healpix_browser_qt/widgets/abstract_view.cpp:266,0.005,未标注,③未见于条文面,
具名,hi,lib/infrastructure/hips_browser/healpix_browser_qt/widgets/abstract_view.cpp:267,0.995,未标注,③未见于条文面,
具名,tan_half,lib/infrastructure/hips_browser/healpix_browser_qt/widgets/hips_view.cpp:132,360.0,未标注,③未见于条文面,
具名,r0,lib/infrastructure/hips_browser/healpix_browser_qt/widgets/hips_view.cpp:135,180.0,未标注,③未见于条文面,
具名,d0,lib/infrastructure/hips_browser/healpix_browser_qt/widgets/hips_view.cpp:136,180.0,未标注,③未见于条文面,
具名,ra_r,lib/infrastructure/hips_browser/healpix_browser_qt/widgets/hips_view.cpp:151,2.0,未标注,③未见于条文面,
具名,ra,lib/infrastructure/hips_browser/healpix_browser_qt/widgets/hips_view.cpp:153,180.0,未标注,③未见于条文面,
具名,dec,lib/infrastructure/hips_browser/healpix_browser_qt/widgets/hips_view.cpp:154,180.0,未标注,③未见于条文面,
具名,cursor_ra_,lib/infrastructure/hips_browser/healpix_browser_qt/widgets/hips_view.h:71,0.0,未标注,③未见于条文面,
具名,center_ra_,lib/infrastructure/hips_browser/healpix_browser_qt/widgets/sphere_view.cpp:55,0.0,未标注,③未见于条文面,
具名,center_dec_,lib/infrastructure/hips_browser/healpix_browser_qt/widgets/sphere_view.cpp:56,0.0,未标注,③未见于条文面,
具名,fov_deg_,lib/infrastructure/hips_browser/healpix_browser_qt/widgets/sphere_view.cpp:61,50.0,未标注,③未见于条文面,
具名,fov_deg_,lib/infrastructure/hips_browser/healpix_browser_qt/widgets/sphere_view.cpp:63,50.0,未标注,③未见于条文面,
具名,center,lib/infrastructure/hips_browser/healpix_browser_qt/widgets/sphere_view.cpp:67,.1f;.3f,未标注,②条文有名无值,"ACCEPTANCE_SPEC.md:12 L4[""L4 真实数据端到端视觉验收<br/>M42 + Galaxy Center · 负责人目检""]"
具名,ra,lib/infrastructure/hips_browser/healpix_browser_qt/widgets/sphere_view.cpp:78,0.0,未标注,③未见于条文面,
具名,fov_deg_,lib/infrastructure/hips_browser/healpix_browser_qt/widgets/sphere_view.cpp:101,0.85,未标注,③未见于条文面,
具名,fov_deg_,lib/infrastructure/hips_browser/healpix_browser_qt/widgets/sphere_view.cpp:103,60.0,未标注,③未见于条文面,
具名,center,lib/infrastructure/hips_browser/healpix_browser_qt/widgets/sphere_view.cpp:107,.3f;.4f,未标注,②条文有名无值,"ACCEPTANCE_SPEC.md:12 L4[""L4 真实数据端到端视觉验收<br/>M42 + Galaxy Center · 负责人目检""]"
具名,zoom,lib/infrastructure/hips_browser/healpix_browser_qt/widgets/sphere_view.cpp:134,1.0,未标注,③未见于条文面,
具名,step,lib/infrastructure/hips_browser/healpix_browser_qt/widgets/sphere_view.cpp:205,0.5,未标注,②条文有名无值,docs/algorithms/DRIZZLE_GEOMETRY.md:342 （`processPixelTiled` 的 Step 2b）补 4 次未收缩四角 `pixelToSky`；
具名,last_touch_dist_,lib/infrastructure/hips_browser/healpix_browser_qt/widgets/sphere_view.cpp:294,0.0,未标注,③未见于条文面,
具名,last_touch_dist_,lib/infrastructure/hips_browser/healpix_browser_qt/widgets/sphere_view.cpp:324,0.0,未标注,③未见于条文面,
具名,zoom,lib/infrastructure/hips_browser/healpix_browser_qt/widgets/sphere_view.cpp:336,1.0,未标注,③未见于条文面,
具名,dpr,lib/infrastructure/hips_browser/healpix_browser_qt/widgets/sphere_view.cpp:351,1.0,未标注,③未见于条文面,
具名,ra,lib/infrastructure/hips_browser/healpix_browser_qt/widgets/sphere_view.cpp:366,180.0,未标注,③未见于条文面,
具名,dec,lib/infrastructure/hips_browser/healpix_browser_qt/widgets/sphere_view.cpp:367,180.0,未标注,③未见于条文面,
具名,up_x_,lib/infrastructure/hips_browser/healpix_browser_qt/widgets/sphere_view.cpp:382,0.0;1.0,未标注,③未见于条文面,
具名,center_dec_,lib/infrastructure/hips_browser/healpix_browser_qt/widgets/sphere_view.cpp:415,89.9,未标注,③未见于条文面,
具名,center_dec_,lib/infrastructure/hips_browser/healpix_browser_qt/widgets/sphere_view.cpp:416,-89.9,未标注,③未见于条文面,
具名,dx,lib/infrastructure/hips_browser/healpix_browser_qt/widgets/sphere_view.cpp:425,.4f,未标注,③未见于条文面,
具名,fz,lib/infrastructure/hips_browser/healpix_browser_qt/widgets/sphere_view.cpp:438,1.0,未标注,③未见于条文面,
具名,fz,lib/infrastructure/hips_browser/healpix_browser_qt/widgets/sphere_view.cpp:439,-1.0,未标注,③未见于条文面,
具名,center_dec_,lib/infrastructure/hips_browser/healpix_browser_qt/widgets/sphere_view.cpp:443,180.0,未标注,③未见于条文面,
具名,center_ra_,lib/infrastructure/hips_browser/healpix_browser_qt/widgets/sphere_view.cpp:444,180.0,未标注,③未见于条文面,
具名,dx,lib/infrastructure/hips_browser/healpix_browser_qt/widgets/sphere_view.cpp:480,2.0,未标注,③未见于条文面,
具名,dy,lib/infrastructure/hips_browser/healpix_browser_qt/widgets/sphere_view.cpp:481,2.0,未标注,③未见于条文面,
具名,cos_dec,lib/infrastructure/hips_browser/healpix_browser_qt/widgets/sphere_view.cpp:488,180.0,未标注,③未见于条文面,
具名,dec,lib/infrastructure/hips_browser/healpix_browser_qt/widgets/sphere_view.cpp:500,-90.0,未标注,③未见于条文面,
具名,dec,lib/infrastructure/hips_browser/healpix_browser_qt/widgets/sphere_view.cpp:501,90.0,未标注,③未见于条文面,
具名,forward_x_,lib/infrastructure/hips_browser/healpix_browser_qt/widgets/sphere_view.h:74,1.0,未标注,③未见于条文面,
具名,forward_y_,lib/infrastructure/hips_browser/healpix_browser_qt/widgets/sphere_view.h:75,0.0,未标注,③未见于条文面,
具名,forward_z_,lib/infrastructure/hips_browser/healpix_browser_qt/widgets/sphere_view.h:76,0.0,未标注,③未见于条文面,
具名,up_x_,lib/infrastructure/hips_browser/healpix_browser_qt/widgets/sphere_view.h:77,0.0,未标注,③未见于条文面,
具名,up_y_,lib/infrastructure/hips_browser/healpix_browser_qt/widgets/sphere_view.h:78,0.0,未标注,③未见于条文面,
具名,up_z_,lib/infrastructure/hips_browser/healpix_browser_qt/widgets/sphere_view.h:79,1.0,未标注,③未见于条文面,
具名,d,lib/infrastructure/observability/probes/include/astrocs/probe.h:108,0.0,未标注,③未见于条文面,
具名,last,lib/infrastructure/observability/probes/src/probe.cpp:149,0.0,未标注,②条文有名无值,"docs/algorithms/STAR_DETECTION_ALGORITHMS.md:151 dedup(stars); sort_by_mag_asc(stars, NaN last); 截断 maxStars   # 阶段10 :"
具名,min,lib/infrastructure/observability/probes/src/probe.cpp:150,0.0,未标注,③未见于条文面,
具名,max,lib/infrastructure/observability/probes/src/probe.cpp:151,0.0,未标注,③未见于条文面,
具名,uncertainty_factor,lib/infrastructure/pipeline/orchestrator/cpp/include/admission_controller.h:76,1.0,未标注,②条文有名无值,"docs/contracts/API_CONTRACTS.csv:129 API-MemoryBudgetManager,MemoryBudgetManager,lib/infrastructure/pipelin"
具名,progress,lib/infrastructure/pipeline/orchestrator/cpp/include/cli_command.h:46,-1.0,未标注,②条文有名无值,ASTROCS_DESIGN.md:496 - 机器输出：`--json` 时 stdout 恰为一个 JSON 文档；运行事件默认走 JSONL 事件流（唯一 schema，含 pr
具名,duration_ms,lib/infrastructure/pipeline/orchestrator/cpp/include/cli_command.h:51,-1.0,未标注,②条文有名无值,"docs/contracts/API_CONTRACTS.csv:154 API-output_jsonl_event_ex,output_jsonl_event_ex,lib/infrastructure/pip"
具名,schema_version,lib/infrastructure/pipeline/orchestrator/cpp/include/json_config.h:22,1.1,未标注,②条文有名无值,"ASTROCS_DESIGN.md:286 ""schema_version"": ""1"","
具名,light_exposure_s,lib/infrastructure/pipeline/orchestrator/cpp/include/json_config.h:36,0.0,未标注,③未见于条文面,
具名,dark_exposure_s,lib/infrastructure/pipeline/orchestrator/cpp/include/json_config.h:37,0.0,未标注,③未见于条文面,
具名,initial_ra_deg,lib/infrastructure/pipeline/orchestrator/cpp/include/json_config.h:44,-999.0,未标注,③未见于条文面,
具名,initial_dec_deg,lib/infrastructure/pipeline/orchestrator/cpp/include/json_config.h:45,-999.0,未标注,③未见于条文面,
具名,sampling_scale,lib/infrastructure/pipeline/orchestrator/cpp/include/json_config.h:62,1.0,未标注,③未见于条文面,
具名,pixfrac,lib/infrastructure/pipeline/orchestrator/cpp/include/json_config.h:67,0.8,未标注,①条文含值,"ASTROCS_DESIGN.md:295 ""drizzle"": { ""nested"": 1, ""pixfrac"": 0.8, ""precision_mode"": 0 },  // 默"
具名,pixel_scale_arcsec,lib/infrastructure/pipeline/orchestrator/cpp/include/resource_monitor.h:154,1.0,未标注,③未见于条文面,
具名,duration_sec,lib/infrastructure/pipeline/orchestrator/cpp/src/checkpoint.cpp:420,0.0,未标注,③未见于条文面,
具名,pixel_scale_arcsec,lib/infrastructure/pipeline/orchestrator/cpp/src/orchestrator.cpp:164,0.5;3600.0,未标注,③未见于条文面,
具名,drizzle_factor,lib/infrastructure/pipeline/orchestrator/cpp/src/orchestrator.cpp:182,1.5,未标注,③未见于条文面,
具名,drizzle_factor,lib/infrastructure/pipeline/orchestrator/cpp/src/orchestrator.cpp:184,1.0,未标注,③未见于条文面,
具名,drizzle_factor,lib/infrastructure/pipeline/orchestrator/cpp/src/orchestrator.cpp:186,2.0,未标注,③未见于条文面,
具名,drizzle_factor,lib/infrastructure/pipeline/orchestrator/cpp/src/orchestrator.cpp:188,1.5,未标注,③未见于条文面,
具名,strategy,lib/infrastructure/pipeline/orchestrator/cpp/src/orchestrator.cpp:190,1.5,未标注,③未见于条文面,
具名,drizzle_factor,lib/infrastructure/pipeline/orchestrator/cpp/src/orchestrator.cpp:191,1.5,未标注,③未见于条文面,
具名,PI,lib/infrastructure/pipeline/orchestrator/cpp/src/orchestrator.cpp:196,-1.0,未标注,③未见于条文面,
具名,pixel_scale,lib/infrastructure/pipeline/orchestrator/cpp/src/orchestrator.cpp:214,.3f,未标注,③未见于条文面,
具名,sum,lib/infrastructure/pipeline/orchestrator/cpp/src/orchestrator.cpp:276,0.0,未标注,③未见于条文面,
具名,sum_sq,lib/infrastructure/pipeline/orchestrator/cpp/src/orchestrator.cpp:296,0.0,未标注,③未见于条文面,
具名,sum,lib/infrastructure/pipeline/orchestrator/cpp/src/orchestrator.cpp:308,0.0,未标注,③未见于条文面,
具名,sum_sq,lib/infrastructure/pipeline/orchestrator/cpp/src/orchestrator.cpp:326,0.0,未标注,③未见于条文面,
具名,cfg_threads,lib/infrastructure/pipeline/orchestrator/cpp/src/orchestrator.cpp:599,0.0,未标注,③未见于条文面,
具名,frame_exptime,lib/infrastructure/pipeline/orchestrator/cpp/src/orchestrator.cpp:938,0.0,未标注,③未见于条文面,
具名,frame_ccd_temp,lib/infrastructure/pipeline/orchestrator/cpp/src/orchestrator.cpp:942,0.0,未标注,③未见于条文面,
具名,frame_ccd_temp,lib/infrastructure/pipeline/orchestrator/cpp/src/orchestrator.cpp:945,0.0,未标注,③未见于条文面,
具名,exposure_tol,lib/infrastructure/pipeline/orchestrator/cpp/src/orchestrator.cpp:962,0.5,未标注,③未见于条文面,
具名,temp_tol,lib/infrastructure/pipeline/orchestrator/cpp/src/orchestrator.cpp:964,1.0,未标注,③未见于条文面,
具名,dark_k,lib/infrastructure/pipeline/orchestrator/cpp/src/orchestrator.cpp:967,1.0,未标注,③未见于条文面,
具名,dark_exptime,lib/infrastructure/pipeline/orchestrator/cpp/src/orchestrator.cpp:1006,-1.0,未标注,③未见于条文面,
具名,dark_temp,lib/infrastructure/pipeline/orchestrator/cpp/src/orchestrator.cpp:1007,0.0,未标注,③未见于条文面,
具名,actual_k_f32,lib/infrastructure/pipeline/orchestrator/cpp/src/orchestrator.cpp:1168,0.0f,未标注,③未见于条文面,
具名,actual_k_f64,lib/infrastructure/pipeline/orchestrator/cpp/src/orchestrator.cpp:1169,0.0,未标注,③未见于条文面,
具名,bias_mean,lib/infrastructure/pipeline/orchestrator/cpp/src/orchestrator.cpp:1211,0.0,未标注,③未见于条文面,
具名,dark_mean,lib/infrastructure/pipeline/orchestrator/cpp/src/orchestrator.cpp:1212,0.0,未标注,③未见于条文面,
具名,flat_mean,lib/infrastructure/pipeline/orchestrator/cpp/src/orchestrator.cpp:1213,0.0,未标注,③未见于条文面,
具名,bias_mean,lib/infrastructure/pipeline/orchestrator/cpp/src/orchestrator.cpp:1222,0.0,未标注,③未见于条文面,
具名,dark_mean,lib/infrastructure/pipeline/orchestrator/cpp/src/orchestrator.cpp:1223,0.0,未标注,③未见于条文面,
具名,flat_mean,lib/infrastructure/pipeline/orchestrator/cpp/src/orchestrator.cpp:1224,0.0,未标注,③未见于条文面,
具名,sign,lib/infrastructure/pipeline/orchestrator/cpp/src/orchestrator.cpp:1326,1.0,未标注,②条文有名无值,docs/algorithms/PLATESOLVE.md:49 apply Y-down sign flips
具名,sign,lib/infrastructure/pipeline/orchestrator/cpp/src/orchestrator.cpp:1330,-1.0,未标注,②条文有名无值,docs/algorithms/PLATESOLVE.md:49 apply Y-down sign flips
具名,crval1,lib/infrastructure/pipeline/orchestrator/cpp/src/orchestrator.cpp:1439,0.0,未标注,②条文有名无值,docs/algorithms/PHASE3_FITS_IMPL.md:43 | CRVAL1/2 | f64 deg | ICRS 中心 | p3_wcs.h:15-16 / p3_output.cpp:265-26
具名,crval2,lib/infrastructure/pipeline/orchestrator/cpp/src/orchestrator.cpp:1440,0.0,未标注,②条文有名无值,docs/algorithms/PHASE3_PROJ_IMPL.md:12 > registry v3（CRVAL2 进映射 / AIT A≤1 / CAR 极行 fail-closed）+ v1 偏差表；
具名,crpix1,lib/infrastructure/pipeline/orchestrator/cpp/src/orchestrator.cpp:1441,0.0,未标注,②条文有名无值,docs/algorithms/PHASE3_FITS_IMPL.md:42 | CRPIX1/2 | f64 px | FITS 1-based pixel-center | p3_wcs.h:17-18 / p3_
具名,crpix2,lib/infrastructure/pipeline/orchestrator/cpp/src/orchestrator.cpp:1442,0.0,未标注,②条文有名无值,"docs/algorithms/PHASE3_PROJ_IMPL.md:167 CRPIX1=(W+1)/2, CRPIX2=(H+1)/2, CRVAL=center            # :45-48"
具名,cd11,lib/infrastructure/pipeline/orchestrator/cpp/src/orchestrator.cpp:1443,0.0,未标注,②条文有名无值,"docs/algorithms/PHASE3_PROJ_IMPL.md:246 线性解 CD·δp = (ξ,η) (deg): det=CD11·CD22−CD12·CD21           # :136"
具名,cd12,lib/infrastructure/pipeline/orchestrator/cpp/src/orchestrator.cpp:1444,0.0,未标注,②条文有名无值,"docs/algorithms/PHASE3_PROJ_IMPL.md:246 线性解 CD·δp = (ξ,η) (deg): det=CD11·CD22−CD12·CD21           # :136"
具名,cd21,lib/infrastructure/pipeline/orchestrator/cpp/src/orchestrator.cpp:1445,0.0,未标注,②条文有名无值,"docs/algorithms/PHASE3_PROJ_IMPL.md:246 线性解 CD·δp = (ξ,η) (deg): det=CD11·CD22−CD12·CD21           # :136"
具名,cd22,lib/infrastructure/pipeline/orchestrator/cpp/src/orchestrator.cpp:1446,0.0,未标注,②条文有名无值,"docs/algorithms/PHASE3_PROJ_IMPL.md:246 线性解 CD·δp = (ξ,η) (deg): det=CD11·CD22−CD12·CD21           # :136"
具名,iterativeClipSigma,lib/infrastructure/pipeline/orchestrator/cpp/src/orchestrator.cpp:1569,9.0f,未标注,②条文有名无值,docs/algorithms/STAR_DETECTION_ALGORITHMS.md:253 FWHM clip :2140）；structureLayers/hotPixelFilterRadius/iterativeClipSig
具名,fwhmClipSigma,lib/infrastructure/pipeline/orchestrator/cpp/src/orchestrator.cpp:1577,3.0f,未标注,②条文有名无值,docs/algorithms/STAR_DETECTION_ALGORITHMS.md:252 :2039）；fwhmClipSigma 仅 debug 入口消费（:1450-1452，impl 阶段8 已移除全局
具名,maxAxisRatio,lib/infrastructure/pipeline/orchestrator/cpp/src/orchestrator.cpp:1578,2.0f,未标注,②条文有名无值,"docs/algorithms/STAR_DETECTION_ALGORITHMS.md:145 if max(sx,sy)/min(sx,sy) > maxAxisRatio: drop # :2143-2145"
具名,qx,lib/infrastructure/pipeline/orchestrator/cpp/src/orchestrator.cpp:1685,1024.0,未标注,③未见于条文面,
具名,qy,lib/infrastructure/pipeline/orchestrator/cpp/src/orchestrator.cpp:1686,1024.0,未标注,③未见于条文面,
具名,ok,lib/infrastructure/pipeline/orchestrator/cpp/src/orchestrator.cpp:1756,0.0;3.0,未标注,③未见于条文面,
具名,sat_bad,lib/infrastructure/pipeline/orchestrator/cpp/src/orchestrator.cpp:1758,0.0,未标注,③未见于条文面,
具名,fwhm_bad,lib/infrastructure/pipeline/orchestrator/cpp/src/orchestrator.cpp:1759,0.5;20.0,未标注,③未见于条文面,
具名,focal_length,lib/infrastructure/pipeline/orchestrator/cpp/src/orchestrator.cpp:1922,0.0,未标注,②条文有名无值,docs/contracts/DATA_SEMANTICS.md:975 | ra0/dec0（OBJCTRA/OBJCTDEC，header 必需；config 可覆盖 initial_ra/initial_de
具名,pixel_size,lib/infrastructure/pipeline/orchestrator/cpp/src/orchestrator.cpp:1923,0.0,未标注,②条文有名无值,docs/contracts/DATA_SEMANTICS.md:975 | ra0/dec0（OBJCTRA/OBJCTDEC，header 必需；config 可覆盖 initial_ra/initial_de
具名,v,lib/infrastructure/pipeline/orchestrator/cpp/src/orchestrator.cpp:2204,0.0f,未标注,③未见于条文面,
具名,v,lib/infrastructure/pipeline/orchestrator/cpp/src/orchestrator.cpp:2205,65535.0f,未标注,③未见于条文面,
具名,max_compat_rel,lib/infrastructure/pipeline/orchestrator/cpp/src/orchestrator.cpp:2232,0.0,未标注,③未见于条文面,
具名,tolerance,lib/infrastructure/pipeline/orchestrator/cpp/src/orchestrator.cpp:2294,0.0,未标注,②条文有名无值,docs/algorithms/ACR_EQUIVALENCE.md:34 assert split科学输出 ≡ cpu_only(inv) within tolerance
具名,fitRadius,lib/infrastructure/pipeline/orchestrator/cpp/src/orchestrator.cpp:2325,.1,未标注,②条文有名无值,docs/algorithms/STAR_DETECTION_ALGORITHMS.md:251 fitRadius 仅驱动 auto 半径日志推导（:2024-2026，阶段6 实际用 per-candidate R
具名,fitRadius,lib/infrastructure/pipeline/orchestrator/cpp/src/orchestrator.cpp:2348,.1,未标注,②条文有名无值,docs/algorithms/STAR_DETECTION_ALGORITHMS.md:251 fitRadius 仅驱动 auto 半径日志推导（:2024-2026，阶段6 实际用 per-candidate R
具名,psf_valid,lib/infrastructure/pipeline/orchestrator/cpp/src/orchestrator.cpp:2446,0.0;3.0,未标注,②条文有名无值,docs/science/PHOTOMETRY.md:218 与 `lib/algorithms/photometry/cpp/src/star_matcher.cpp:21-27`（常数 `_MAD_
具名,pixel_scale_deg,lib/infrastructure/pipeline/orchestrator/cpp/src/orchestrator.cpp:2721,0.0,未标注,③未见于条文面,
具名,fov_radius_deg,lib/infrastructure/pipeline/orchestrator/cpp/src/orchestrator.cpp:2726,1.0;10.0,未标注,③未见于条文面,
具名,mag_min,lib/infrastructure/pipeline/orchestrator/cpp/src/orchestrator.cpp:2731,6.0,未标注,②条文有名无值,"docs/contracts/API_CONTRACTS.csv:286 API-pc_calibrate_simple_with_gaia,pc_calibrate_simple_with_gaia,lib/al"
具名,mag_max,lib/infrastructure/pipeline/orchestrator/cpp/src/orchestrator.cpp:2732,16.0,未标注,②条文有名无值,docs/algorithms/PHOTOMETRIC_FIT.md:225 覆盖 mag_max 入参（DISP-PHOT-005）。
具名,out_scale,lib/infrastructure/pipeline/orchestrator/cpp/src/orchestrator.cpp:2738,0.0,未标注,③未见于条文面,
具名,mag_min,lib/infrastructure/pipeline/orchestrator/cpp/src/orchestrator.cpp:2780,.1f;.3f,未标注,②条文有名无值,"docs/contracts/API_CONTRACTS.csv:286 API-pc_calibrate_simple_with_gaia,pc_calibrate_simple_with_gaia,lib/al"
具名,mag_min,lib/infrastructure/pipeline/orchestrator/cpp/src/orchestrator.cpp:2855,.1f;.3f,未标注,②条文有名无值,"docs/contracts/API_CONTRACTS.csv:286 API-pc_calibrate_simple_with_gaia,pc_calibrate_simple_with_gaia,lib/al"
具名,cd11,lib/infrastructure/pipeline/orchestrator/cpp/src/orchestrator.cpp:3327,0.0,未标注,②条文有名无值,"docs/algorithms/PHASE3_PROJ_IMPL.md:246 线性解 CD·δp = (ξ,η) (deg): det=CD11·CD22−CD12·CD21           # :136"
具名,cd11,lib/infrastructure/pipeline/orchestrator/cpp/src/orchestrator.cpp:3329,0.0,未标注,②条文有名无值,"docs/algorithms/PHASE3_PROJ_IMPL.md:246 线性解 CD·δp = (ξ,η) (deg): det=CD11·CD22−CD12·CD21           # :136"
具名,cd12,lib/infrastructure/pipeline/orchestrator/cpp/src/orchestrator.cpp:3330,0.0,未标注,②条文有名无值,"docs/algorithms/PHASE3_PROJ_IMPL.md:246 线性解 CD·δp = (ξ,η) (deg): det=CD11·CD22−CD12·CD21           # :136"
具名,cd21,lib/infrastructure/pipeline/orchestrator/cpp/src/orchestrator.cpp:3331,0.0,未标注,②条文有名无值,"docs/algorithms/PHASE3_PROJ_IMPL.md:246 线性解 CD·δp = (ξ,η) (deg): det=CD11·CD22−CD12·CD21           # :136"
具名,cd22,lib/infrastructure/pipeline/orchestrator/cpp/src/orchestrator.cpp:3332,0.0,未标注,②条文有名无值,"docs/algorithms/PHASE3_PROJ_IMPL.md:246 线性解 CD·δp = (ξ,η) (deg): det=CD11·CD22−CD12·CD21           # :136"
具名,nside,lib/infrastructure/pipeline/orchestrator/cpp/src/orchestrator.cpp:3357,.3f;.6f,未标注,②条文有名无值,docs/algorithms/DRIZZLE_GEOMETRY.md:117 exp_c_realdata.json` C3 段：nside=512/1024 × 181 档纬度扫描，最坏 1.0441/1.0442，
具名,val,lib/infrastructure/pipeline/orchestrator/cpp/src/orchestrator.cpp:3548,-1.0,未标注,③未见于条文面,
具名,tile_signal_nonzero,lib/infrastructure/pipeline/orchestrator/cpp/src/orchestrator.cpp:3702,0.0,未标注,③未见于条文面,
具名,tile_signal_nonzero,lib/infrastructure/pipeline/orchestrator/cpp/src/orchestrator.cpp:3728,0.0f,未标注,③未见于条文面,
具名,hips_version,lib/infrastructure/pipeline/orchestrator/cpp/src/orchestrator.cpp:3911,1.4,未标注,①条文含值,"docs/algorithms/HIPS_WRITER.md:205 ""ACSD""（:710）/ **hips_version=""1.4""** / hips_order=K /"
具名,error_msg,lib/infrastructure/pipeline/orchestrator/cpp/src/orchestrator.cpp:3912,1.4,未标注,②条文有名无值,docs/algorithms/PLATESOLVE.md:147 - `IpvWcsResult.error_msg` 与内部 `WcsFitResult.error` 是**对外可见**的失败信息载体，
具名,sigma_residual,lib/infrastructure/pipeline/orchestrator/cpp/src/orchestrator.cpp:4392,0.1,未标注,②条文有名无值,"docs/algorithms/PHOTOMETRIC_FIT.md:19 F4: sigma_residual = median_i(|r_i − location|)/0.6744897501960817, r_"
具名,sigma_residual,lib/infrastructure/pipeline/orchestrator/cpp/src/orchestrator.cpp:4402,0.1,未标注,②条文有名无值,"docs/algorithms/PHOTOMETRIC_FIT.md:19 F4: sigma_residual = median_i(|r_i − location|)/0.6744897501960817, r_"
具名,crval1,lib/infrastructure/pipeline/orchestrator/cpp/src/orchestrator.cpp:4413,0.0,未标注,②条文有名无值,docs/algorithms/PHASE3_FITS_IMPL.md:43 | CRVAL1/2 | f64 deg | ICRS 中心 | p3_wcs.h:15-16 / p3_output.cpp:265-26
具名,crval2,lib/infrastructure/pipeline/orchestrator/cpp/src/orchestrator.cpp:4414,0.0,未标注,②条文有名无值,docs/algorithms/PHASE3_PROJ_IMPL.md:12 > registry v3（CRVAL2 进映射 / AIT A≤1 / CAR 极行 fail-closed）+ v1 偏差表；
具名,crpix1,lib/infrastructure/pipeline/orchestrator/cpp/src/orchestrator.cpp:4415,0.0,未标注,②条文有名无值,docs/algorithms/PHASE3_FITS_IMPL.md:42 | CRPIX1/2 | f64 px | FITS 1-based pixel-center | p3_wcs.h:17-18 / p3_
具名,crpix2,lib/infrastructure/pipeline/orchestrator/cpp/src/orchestrator.cpp:4416,0.0,未标注,②条文有名无值,"docs/algorithms/PHASE3_PROJ_IMPL.md:167 CRPIX1=(W+1)/2, CRPIX2=(H+1)/2, CRVAL=center            # :45-48"
具名,cd11,lib/infrastructure/pipeline/orchestrator/cpp/src/orchestrator.cpp:4900,0.0,未标注,②条文有名无值,"docs/algorithms/PHASE3_PROJ_IMPL.md:246 线性解 CD·δp = (ξ,η) (deg): det=CD11·CD22−CD12·CD21           # :136"
具名,cd12,lib/infrastructure/pipeline/orchestrator/cpp/src/orchestrator.cpp:4901,0.0,未标注,②条文有名无值,"docs/algorithms/PHASE3_PROJ_IMPL.md:246 线性解 CD·δp = (ξ,η) (deg): det=CD11·CD22−CD12·CD21           # :136"
具名,cd21,lib/infrastructure/pipeline/orchestrator/cpp/src/orchestrator.cpp:4902,0.0,未标注,②条文有名无值,"docs/algorithms/PHASE3_PROJ_IMPL.md:246 线性解 CD·δp = (ξ,η) (deg): det=CD11·CD22−CD12·CD21           # :136"
具名,cd22,lib/infrastructure/pipeline/orchestrator/cpp/src/orchestrator.cpp:4903,0.0,未标注,②条文有名无值,"docs/algorithms/PHASE3_PROJ_IMPL.md:246 线性解 CD·δp = (ξ,η) (deg): det=CD11·CD22−CD12·CD21           # :136"
具名,vf,lib/infrastructure/pipeline/orchestrator/cpp/src/orchestrator.cpp:5035,0.0f,未标注,③未见于条文面,
具名,vd,lib/infrastructure/pipeline/orchestrator/cpp/src/orchestrator.cpp:5036,0.0,未标注,③未见于条文面,
具名,duration_sec,lib/infrastructure/pipeline/orchestrator/cpp/src/orchestrator.cpp:5187,0.0,未标注,③未见于条文面,
具名,timeout_sec,lib/infrastructure/pipeline/orchestrator/cpp/src/orchestrator.cpp:5198,0.0,未标注,③未见于条文面,
具名,duration_sec,lib/infrastructure/pipeline/orchestrator/cpp/src/orchestrator.cpp:5318,0.0,未标注,③未见于条文面,
具名,value,lib/infrastructure/scheduler/src/block_flow.cpp:222,1.0,未标注,②条文有名无值,docs/algorithms/HIPS_WRITER.md:202 - (5b) properties（write_properties :285-293 裸 `key=value\n` 直写，fopen
具名,wall_ms,lib/infrastructure/scheduler/src/context.cpp:464,0.0,未标注,③未见于条文面,
具名,wall_ms,lib/infrastructure/scheduler/src/context.cpp:500,0.0,未标注,③未见于条文面,
具名,sample_interval,lib/infrastructure/scheduler/src/memory_pressure.cpp:118,0.0,未标注,③未见于条文面,
具名,last_sample_ts,lib/infrastructure/scheduler/src/memory_pressure.cpp:119,0.0,未标注,③未见于条文面,
具名,sample_interval,lib/infrastructure/scheduler/src/memory_pressure.cpp:269,0.0,未标注,③未见于条文面,
具名,now,lib/infrastructure/scheduler/src/memory_pressure.cpp:273,0.0,未标注,③未见于条文面,
具名,sdec,lib/infrastructure/scheduler/src/module_adapters.cpp:503,-1.0;1.0,未标注,③未见于条文面,
具名,sh,lib/infrastructure/scheduler/src/module_adapters.cpp:517,2.0,未标注,③未见于条文面,
具名,sn,lib/infrastructure/scheduler/src/module_adapters.cpp:518,2.0,未标注,③未见于条文面,
具名,s,lib/infrastructure/scheduler/src/module_adapters.cpp:520,1.0,未标注,③未见于条文面,
具名,s,lib/infrastructure/scheduler/src/module_adapters.cpp:521,0.0,未标注,③未见于条文面,
具名,version,lib/infrastructure/scheduler/src/module_adapters.cpp:695,.0;1.0,未标注,②条文有名无值,"ACCEPTANCE_SPEC.md:13 REL[""发布预览版<br/>版本号取自仓库根 VERSION<br/>负责人决定""]"
具名,version,lib/infrastructure/scheduler/src/module_adapters.cpp:714,.0;1.0,未标注,②条文有名无值,"ACCEPTANCE_SPEC.md:13 REL[""发布预览版<br/>版本号取自仓库根 VERSION<br/>负责人决定""]"
具名,version,lib/infrastructure/scheduler/src/module_adapters.cpp:733,.0;1.0,未标注,②条文有名无值,"ACCEPTANCE_SPEC.md:13 REL[""发布预览版<br/>版本号取自仓库根 VERSION<br/>负责人决定""]"
具名,version,lib/infrastructure/scheduler/src/module_adapters.cpp:756,.0;1.0,未标注,②条文有名无值,"ACCEPTANCE_SPEC.md:13 REL[""发布预览版<br/>版本号取自仓库根 VERSION<br/>负责人决定""]"
具名,version,lib/infrastructure/scheduler/src/module_adapters.cpp:775,.0;1.0,未标注,②条文有名无值,"ACCEPTANCE_SPEC.md:13 REL[""发布预览版<br/>版本号取自仓库根 VERSION<br/>负责人决定""]"
具名,version,lib/infrastructure/scheduler/src/module_adapters.cpp:794,.0;1.0,未标注,②条文有名无值,"ACCEPTANCE_SPEC.md:13 REL[""发布预览版<br/>版本号取自仓库根 VERSION<br/>负责人决定""]"
具名,version,lib/infrastructure/scheduler/src/module_adapters.cpp:814,.0;1.0,未标注,②条文有名无值,"ACCEPTANCE_SPEC.md:13 REL[""发布预览版<br/>版本号取自仓库根 VERSION<br/>负责人决定""]"
具名,version,lib/infrastructure/scheduler/src/module_adapters.cpp:833,.0;1.0,未标注,②条文有名无值,"ACCEPTANCE_SPEC.md:13 REL[""发布预览版<br/>版本号取自仓库根 VERSION<br/>负责人决定""]"
具名,version,lib/infrastructure/scheduler/src/module_adapters.cpp:852,.0;1.0,未标注,②条文有名无值,"ACCEPTANCE_SPEC.md:13 REL[""发布预览版<br/>版本号取自仓库根 VERSION<br/>负责人决定""]"
具名,version,lib/infrastructure/scheduler/src/module_adapters.cpp:871,.0;1.0,未标注,②条文有名无值,"ACCEPTANCE_SPEC.md:13 REL[""发布预览版<br/>版本号取自仓库根 VERSION<br/>负责人决定""]"
具名,version,lib/infrastructure/scheduler/src/module_adapters.cpp:898,.0;1.0,未标注,②条文有名无值,"ACCEPTANCE_SPEC.md:13 REL[""发布预览版<br/>版本号取自仓库根 VERSION<br/>负责人决定""]"
具名,version,lib/infrastructure/scheduler/src/module_adapters.cpp:920,.0;1.0,未标注,②条文有名无值,"ACCEPTANCE_SPEC.md:13 REL[""发布预览版<br/>版本号取自仓库根 VERSION<br/>负责人决定""]"
具名,version,lib/infrastructure/scheduler/src/module_adapters.cpp:959,.0;1.0,未标注,②条文有名无值,"ACCEPTANCE_SPEC.md:13 REL[""发布预览版<br/>版本号取自仓库根 VERSION<br/>负责人决定""]"
具名,version,lib/infrastructure/scheduler/src/module_adapters.cpp:987,.0;1.0,未标注,②条文有名无值,"ACCEPTANCE_SPEC.md:13 REL[""发布预览版<br/>版本号取自仓库根 VERSION<br/>负责人决定""]"
具名,version,lib/infrastructure/scheduler/src/module_adapters.cpp:1025,.0;1.0,未标注,②条文有名无值,"ACCEPTANCE_SPEC.md:13 REL[""发布预览版<br/>版本号取自仓库根 VERSION<br/>负责人决定""]"
具名,version,lib/infrastructure/scheduler/src/module_adapters.cpp:1049,.0;1.0,未标注,②条文有名无值,"ACCEPTANCE_SPEC.md:13 REL[""发布预览版<br/>版本号取自仓库根 VERSION<br/>负责人决定""]"
具名,version,lib/infrastructure/scheduler/src/module_adapters.cpp:1068,.0;1.0,未标注,②条文有名无值,"ACCEPTANCE_SPEC.md:13 REL[""发布预览版<br/>版本号取自仓库根 VERSION<br/>负责人决定""]"
具名,version,lib/infrastructure/scheduler/src/module_adapters.cpp:1087,.0;1.0,未标注,②条文有名无值,"ACCEPTANCE_SPEC.md:13 REL[""发布预览版<br/>版本号取自仓库根 VERSION<br/>负责人决定""]"
具名,version,lib/infrastructure/scheduler/src/module_adapters.cpp:1106,.0;1.0,未标注,②条文有名无值,"ACCEPTANCE_SPEC.md:13 REL[""发布预览版<br/>版本号取自仓库根 VERSION<br/>负责人决定""]"
具名,version,lib/infrastructure/scheduler/src/module_adapters.cpp:1126,.0;1.0,未标注,②条文有名无值,"ACCEPTANCE_SPEC.md:13 REL[""发布预览版<br/>版本号取自仓库根 VERSION<br/>负责人决定""]"
具名,version,lib/infrastructure/scheduler/src/module_adapters.cpp:1145,.0;1.0,未标注,②条文有名无值,"ACCEPTANCE_SPEC.md:13 REL[""发布预览版<br/>版本号取自仓库根 VERSION<br/>负责人决定""]"
具名,version,lib/infrastructure/scheduler/src/module_adapters.cpp:1165,.0;1.0,未标注,②条文有名无值,"ACCEPTANCE_SPEC.md:13 REL[""发布预览版<br/>版本号取自仓库根 VERSION<br/>负责人决定""]"
具名,saturate,lib/infrastructure/scheduler/src/module_adapters.cpp:1294,0.0,未标注,①条文含值,docs/science/NOISE_MODEL.md:346 - **饱和域 oracle（SAT-001）**：校准后饱和平台不是常数——平台电平 `SAT` 经平场除法带响应残差 `ε`（相对 1%
具名,datamax,lib/infrastructure/scheduler/src/module_adapters.cpp:1295,0.0,未标注,①条文含值,docs/science/NOISE_MODEL.md:346 - **饱和域 oracle（SAT-001）**：校准后饱和平台不是常数——平台电平 `SAT` 经平场除法带响应残差 `ε`（相对 1%
具名,v,lib/infrastructure/scheduler/src/module_adapters.cpp:1320,0.0,未标注,③未见于条文面,
具名,v,lib/infrastructure/scheduler/src/module_adapters.cpp:1323,0.0,未标注,③未见于条文面,
具名,mn,lib/infrastructure/scheduler/src/module_adapters.cpp:1687,0.0,未标注,③未见于条文面,
具名,med,lib/infrastructure/scheduler/src/module_adapters.cpp:1716,0.5,未标注,③未见于条文面,
具名,all_zero,lib/infrastructure/scheduler/src/module_adapters.cpp:1769,0.0f,未标注,③未见于条文面,
具名,med,lib/infrastructure/scheduler/src/module_adapters.cpp:1779,0.5f,未标注,③未见于条文面,
具名,why,lib/infrastructure/scheduler/src/module_adapters.cpp:1781,0.0f,未标注,③未见于条文面,
具名,gated,lib/infrastructure/scheduler/src/module_adapters.cpp:1853,8.3,未标注,③未见于条文面,
具名,abandoned,lib/infrastructure/scheduler/src/module_adapters.cpp:1854,8.3,未标注,③未见于条文面,
具名,reruns,lib/infrastructure/scheduler/src/module_adapters.cpp:1855,8.3,未标注,③未见于条文面,
具名,mu_flat_med_before,lib/infrastructure/scheduler/src/module_adapters.cpp:2428,0.0,未标注,③未见于条文面,
具名,k_fixed,lib/infrastructure/scheduler/src/module_adapters.cpp:2469,1.0f,未标注,③未见于条文面,
具名,dark_exptime,lib/infrastructure/scheduler/src/module_adapters.cpp:2477,0.0,未标注,③未见于条文面,
具名,actual_k,lib/infrastructure/scheduler/src/module_adapters.cpp:2539,0.0f,未标注,②条文有名无值,docs/algorithms/CALIBRATION_ALGORITHMS.md:167 （flat==NULL 时跳过除法）；actual_k = k_init
具名,cfg_k,lib/infrastructure/scheduler/src/module_adapters.cpp:2558,1.0,未标注,③未见于条文面,
具名,hot_sigma,lib/infrastructure/scheduler/src/module_adapters.cpp:2771,5.0,未标注,②条文有名无值,docs/algorithms/CALIBRATION_ALGORITHMS.md:228 σ=1.482602218505602·mad；hot = (dark > med + hot_sigma·σ)
具名,cold_sigma,lib/infrastructure/scheduler/src/module_adapters.cpp:2772,5.0,未标注,②条文有名无值,docs/algorithms/CALIBRATION_ALGORITHMS.md:229 冷像素 [139-155]: cold = (bias < med − cold_sigma·σ)
具名,col_sigma,lib/infrastructure/scheduler/src/module_adapters.cpp:2782,5.0,未标注,③未见于条文面,
具名,col_kappa,lib/infrastructure/scheduler/src/module_adapters.cpp:2812,2.0,未标注,③未见于条文面,
具名,sigcol,lib/infrastructure/scheduler/src/module_adapters.cpp:2954,0.0f,未标注,③未见于条文面,
具名,rotation_deg,lib/infrastructure/scheduler/src/module_adapters.cpp:3313,0.0,未标注,①条文含值,"docs/contracts/CONFIG_CONTRACT.md:98 - **模板示例值声明**：模板中的 `path/to/...` 路径、`filter: ""Baader R""`、export 的 `cen"
具名,crval1,lib/infrastructure/scheduler/src/module_adapters.cpp:3380,0.0,未标注,②条文有名无值,docs/algorithms/PHASE3_FITS_IMPL.md:43 | CRVAL1/2 | f64 deg | ICRS 中心 | p3_wcs.h:15-16 / p3_output.cpp:265-26
具名,crval2,lib/infrastructure/scheduler/src/module_adapters.cpp:3381,0.0,未标注,②条文有名无值,docs/algorithms/PHASE3_PROJ_IMPL.md:12 > registry v3（CRVAL2 进映射 / AIT A≤1 / CAR 极行 fail-closed）+ v1 偏差表；
具名,cd11,lib/infrastructure/scheduler/src/module_adapters.cpp:3382,0.0,未标注,②条文有名无值,"docs/algorithms/PHASE3_PROJ_IMPL.md:246 线性解 CD·δp = (ξ,η) (deg): det=CD11·CD22−CD12·CD21           # :136"
具名,cd12,lib/infrastructure/scheduler/src/module_adapters.cpp:3383,0.0,未标注,②条文有名无值,"docs/algorithms/PHASE3_PROJ_IMPL.md:246 线性解 CD·δp = (ξ,η) (deg): det=CD11·CD22−CD12·CD21           # :136"
具名,cd21,lib/infrastructure/scheduler/src/module_adapters.cpp:3384,0.0,未标注,②条文有名无值,"docs/algorithms/PHASE3_PROJ_IMPL.md:246 线性解 CD·δp = (ξ,η) (deg): det=CD11·CD22−CD12·CD21           # :136"
具名,cd22,lib/infrastructure/scheduler/src/module_adapters.cpp:3385,0.0,未标注,②条文有名无值,"docs/algorithms/PHASE3_PROJ_IMPL.md:246 线性解 CD·δp = (ξ,η) (deg): det=CD11·CD22−CD12·CD21           # :136"
具名,rotation_deg,lib/infrastructure/scheduler/src/module_adapters.cpp:3396,0.0,未标注,①条文含值,"docs/contracts/CONFIG_CONTRACT.md:98 - **模板示例值声明**：模板中的 `path/to/...` 路径、`filter: ""Baader R""`、export 的 `cen"
具名,crpix1,lib/infrastructure/scheduler/src/module_adapters.cpp:3478,0.5,未标注,②条文有名无值,docs/algorithms/PHASE3_FITS_IMPL.md:42 | CRPIX1/2 | f64 px | FITS 1-based pixel-center | p3_wcs.h:17-18 / p3_
具名,crpix2,lib/infrastructure/scheduler/src/module_adapters.cpp:3479,0.5,未标注,②条文有名无值,"docs/algorithms/PHASE3_PROJ_IMPL.md:167 CRPIX1=(W+1)/2, CRPIX2=(H+1)/2, CRVAL=center            # :45-48"
具名,s0,lib/infrastructure/scheduler/src/module_adapters.cpp:3482,3600.0,未标注,③未见于条文面,
具名,pixel_um,lib/infrastructure/scheduler/src/module_adapters.cpp:3487,1.0,未标注,②条文有名无值,docs/algorithms/PLATESOLVE.md:237 | 选星 + U 构建 | ipv_select.cpp:787-837（`select_image_stars`：非饱和候选按 mag(b
具名,s0,lib/infrastructure/scheduler/src/module_adapters.cpp:3500,3600.0,未标注,③未见于条文面,
具名,pixel_um,lib/infrastructure/scheduler/src/module_adapters.cpp:3505,1.0,未标注,②条文有名无值,docs/algorithms/PLATESOLVE.md:237 | 选星 + U 构建 | ipv_select.cpp:787-837（`select_image_stars`：非饱和候选按 mag(b
具名,why,lib/infrastructure/scheduler/src/module_adapters.cpp:3548,206.265,未标注,③未见于条文面,
具名,s_deg,lib/infrastructure/scheduler/src/module_adapters.cpp:3551,3600.0,未标注,③未见于条文面,
具名,th,lib/infrastructure/scheduler/src/module_adapters.cpp:3555,180.0,未标注,③未见于条文面,
具名,par,lib/infrastructure/scheduler/src/module_adapters.cpp:3557,-1.0;1.0,未标注,③未见于条文面,
具名,crpix1,lib/infrastructure/scheduler/src/module_adapters.cpp:3559,0.5,未标注,②条文有名无值,docs/algorithms/PHASE3_FITS_IMPL.md:42 | CRPIX1/2 | f64 px | FITS 1-based pixel-center | p3_wcs.h:17-18 / p3_
具名,crpix2,lib/infrastructure/scheduler/src/module_adapters.cpp:3560,0.5,未标注,②条文有名无值,"docs/algorithms/PHASE3_PROJ_IMPL.md:167 CRPIX1=(W+1)/2, CRPIX2=(H+1)/2, CRVAL=center            # :45-48"
具名,src,lib/infrastructure/scheduler/src/module_adapters.cpp:3570,206.265,未标注,③未见于条文面,
具名,s0,lib/infrastructure/scheduler/src/module_adapters.cpp:3595,0.0,未标注,③未见于条文面,
具名,img_area,lib/infrastructure/scheduler/src/module_adapters.cpp:3596,0.0,未标注,②条文有名无值,docs/algorithms/PLATESOLVE.md:238 | 密度/目标星数 | ipv_select.cpp:260-330（`compute_fov_density`，rho_img 分子 = 
具名,m_lim,lib/infrastructure/scheduler/src/module_adapters.cpp:3611,0.0,未标注,②条文有名无值,"docs/algorithms/PLATESOLVE.md:102 - 星表查询的星等窗是闭区间 `[-1.5, m_lim]`（`gaia_client_cone_search_for_solver` 的"
具名,x,lib/infrastructure/scheduler/src/module_adapters.cpp:3685,0.0,未标注,③未见于条文面,
具名,xi,lib/infrastructure/scheduler/src/module_adapters.cpp:3688,1.0,未标注,③未见于条文面,
具名,yi,lib/infrastructure/scheduler/src/module_adapters.cpp:3689,1.0,未标注,③未见于条文面,
具名,g_focal,lib/infrastructure/scheduler/src/module_adapters.cpp:3929,0.0,未标注,③未见于条文面,
具名,g_bg,lib/infrastructure/scheduler/src/module_adapters.cpp:3946,0.0,未标注,③未见于条文面,
具名,iterativeClipSigma,lib/infrastructure/scheduler/src/module_adapters.cpp:3959,5.0f,未标注,②条文有名无值,docs/algorithms/STAR_DETECTION_ALGORITHMS.md:253 FWHM clip :2140）；structureLayers/hotPixelFilterRadius/iterativeClipSig
具名,fwhmClipSigma,lib/infrastructure/scheduler/src/module_adapters.cpp:3964,3.0f,未标注,②条文有名无值,docs/algorithms/STAR_DETECTION_ALGORITHMS.md:252 :2039）；fwhmClipSigma 仅 debug 入口消费（:1450-1452，impl 阶段8 已移除全局
具名,maxAxisRatio,lib/infrastructure/scheduler/src/module_adapters.cpp:3965,2.0f,未标注,②条文有名无值,"docs/algorithms/STAR_DETECTION_ALGORITHMS.md:145 if max(sx,sy)/min(sx,sy) > maxAxisRatio: drop # :2143-2145"
具名,fwhm_px,lib/infrastructure/scheduler/src/module_adapters.cpp:4012,0.5,未标注,②条文有名无值,"docs/contracts/DATA_SEMANTICS.md:579 | snr_sample | string | — | **样本定义**：全部测光有效 sources（flux>0, fwhm_px>0）"
具名,ellipticity,lib/infrastructure/scheduler/src/module_adapters.cpp:4016,0.0;1.0,未标注,③未见于条文面,
具名,det,lib/infrastructure/scheduler/src/module_adapters.cpp:4409,0.0,未标注,③未见于条文面,
具名,acc,lib/infrastructure/scheduler/src/module_adapters.cpp:4416,0.0,未标注,③未见于条文面,
具名,A,lib/infrastructure/scheduler/src/module_adapters.cpp:4432,0.0,未标注,③未见于条文面,
具名,x,lib/infrastructure/scheduler/src/module_adapters.cpp:4537,0.0,未标注,③未见于条文面,
具名,mag,lib/infrastructure/scheduler/src/module_adapters.cpp:4540,0.0;1.0,未标注,③未见于条文面,
具名,neg,lib/infrastructure/scheduler/src/module_adapters.cpp:4542,0.0,未标注,③未见于条文面,
具名,deg,lib/infrastructure/scheduler/src/module_adapters.cpp:4547,15.0,未标注,③未见于条文面,
具名,deg,lib/infrastructure/scheduler/src/module_adapters.cpp:4549,360.0,未标注,③未见于条文面,
具名,ra,lib/infrastructure/scheduler/src/module_adapters.cpp:4581,0.0,未标注,③未见于条文面,
具名,s0,lib/infrastructure/scheduler/src/module_adapters.cpp:4591,206.265,未标注,③未见于条文面,
具名,crpix1,lib/infrastructure/scheduler/src/module_adapters.cpp:4631,0.0,未标注,②条文有名无值,docs/algorithms/PHASE3_FITS_IMPL.md:42 | CRPIX1/2 | f64 px | FITS 1-based pixel-center | p3_wcs.h:17-18 / p3_
具名,crval1,lib/infrastructure/scheduler/src/module_adapters.cpp:4632,0.0,未标注,②条文有名无值,docs/algorithms/PHASE3_FITS_IMPL.md:43 | CRVAL1/2 | f64 deg | ICRS 中心 | p3_wcs.h:15-16 / p3_output.cpp:265-26
具名,cd11,lib/infrastructure/scheduler/src/module_adapters.cpp:4633,0.0,未标注,②条文有名无值,"docs/algorithms/PHASE3_PROJ_IMPL.md:246 线性解 CD·δp = (ξ,η) (deg): det=CD11·CD22−CD12·CD21           # :136"
具名,cd21,lib/infrastructure/scheduler/src/module_adapters.cpp:4634,0.0,未标注,②条文有名无值,"docs/algorithms/PHASE3_PROJ_IMPL.md:246 线性解 CD·δp = (ξ,η) (deg): det=CD11·CD22−CD12·CD21           # :136"
具名,max_rt,lib/infrastructure/scheduler/src/module_adapters.cpp:4666,0.0,未标注,③未见于条文面,
具名,max_cross_deg,lib/infrastructure/scheduler/src/module_adapters.cpp:4667,0.0,未标注,③未见于条文面,
具名,ra,lib/infrastructure/scheduler/src/module_adapters.cpp:4679,0.0,未标注,③未见于条文面,
具名,A,lib/infrastructure/scheduler/src/module_adapters.cpp:4681,0.0,未标注,③未见于条文面,
具名,ra_ref,lib/infrastructure/scheduler/src/module_adapters.cpp:4694,0.0,未标注,③未见于条文面,
具名,iterativeClipSigma,lib/infrastructure/scheduler/src/module_adapters.cpp:4846,5.0f,未标注,②条文有名无值,docs/algorithms/STAR_DETECTION_ALGORITHMS.md:253 FWHM clip :2140）；structureLayers/hotPixelFilterRadius/iterativeClipSig
具名,fwhmClipSigma,lib/infrastructure/scheduler/src/module_adapters.cpp:4851,3.0f,未标注,②条文有名无值,docs/algorithms/STAR_DETECTION_ALGORITHMS.md:252 :2039）；fwhmClipSigma 仅 debug 入口消费（:1450-1452，impl 阶段8 已移除全局
具名,maxAxisRatio,lib/infrastructure/scheduler/src/module_adapters.cpp:4852,2.0f,未标注,②条文有名无值,"docs/algorithms/STAR_DETECTION_ALGORITHMS.md:145 if max(sx,sy)/min(sx,sy) > maxAxisRatio: drop # :2143-2145"
具名,max_rt,lib/infrastructure/scheduler/src/module_adapters.cpp:4998,0.0,未标注,③未见于条文面,
具名,max_cross_deg,lib/infrastructure/scheduler/src/module_adapters.cpp:4999,0.0,未标注,③未见于条文面,
具名,ra,lib/infrastructure/scheduler/src/module_adapters.cpp:5005,0.0,未标注,③未见于条文面,
具名,ra_ref,lib/infrastructure/scheduler/src/module_adapters.cpp:5011,0.0,未标注,③未见于条文面,
具名,cx,lib/infrastructure/scheduler/src/module_adapters.cpp:5217,0.0,未标注,③未见于条文面,
具名,cx,lib/infrastructure/scheduler/src/module_adapters.cpp:5236,0.0,未标注,③未见于条文面,
具名,sigma_residual_dex,lib/infrastructure/scheduler/src/module_adapters.cpp:5340,0.0,未标注,①条文含值,docs/science/PHOTOMETRY.md:126 - **判据参照**：本仓 49 帧 M42 真实数据的逐帧 `2.5·sigma_residual_dex` 中位由（误取通带）**0.4
具名,k_photo,lib/infrastructure/scheduler/src/module_adapters.cpp:5344,1.0,未标注,②条文有名无值,ACCEPTANCE_SPEC.md:31 **判据的名词口径一律照最高设计的冻结语句，本节不复述、不改写**（「口径唯一、不在下层复述」）：① 星等属**表达层**——`k_phot
具名,sigma_residual_dex,lib/infrastructure/scheduler/src/module_adapters.cpp:5346,0.0,未标注,①条文含值,docs/science/PHOTOMETRY.md:126 - **判据参照**：本仓 49 帧 M42 真实数据的逐帧 `2.5·sigma_residual_dex` 中位由（误取通带）**0.4
具名,zero_point_mag,lib/infrastructure/scheduler/src/module_adapters.cpp:5356,0.0,未标注,②条文有名无值,"docs/algorithms/PHOTOMETRIC_FIT.md:204 `zero_point_mag = median_i(magG_i + 2.5·log10 F_syn,i)` 由上式**逐位复现** ——"
具名,zero_point_scatter_mag,lib/infrastructure/scheduler/src/module_adapters.cpp:5358,0.0,未标注,③未见于条文面,
具名,filter_wl_min_nm,lib/infrastructure/scheduler/src/module_adapters.cpp:5366,0.0,未标注,③未见于条文面,
具名,filter_wl_max_nm,lib/infrastructure/scheduler/src/module_adapters.cpp:5367,0.0,未标注,③未见于条文面,
具名,m_x_ref,lib/infrastructure/scheduler/src/module_adapters.cpp:5381,0.0;1.0,未标注,③未见于条文面,
具名,m_kappa,lib/infrastructure/scheduler/src/module_adapters.cpp:5384,0.0,未标注,③未见于条文面,
具名,m_coverage_bbox_frac,lib/infrastructure/scheduler/src/module_adapters.cpp:5387,0.0,未标注,③未见于条文面,
具名,m_sigma_spatial_dex,lib/infrastructure/scheduler/src/module_adapters.cpp:5388,0.0,未标注,③未见于条文面,
具名,m_field_rms_dex,lib/infrastructure/scheduler/src/module_adapters.cpp:5389,0.0,未标注,③未见于条文面,
具名,passband_identity_wl_min_nm,lib/infrastructure/scheduler/src/module_adapters.cpp:5456,0.0,未标注,③未见于条文面,
具名,passband_identity_wl_max_nm,lib/infrastructure/scheduler/src/module_adapters.cpp:5457,0.0,未标注,③未见于条文面,
具名,passband_identity_val_min,lib/infrastructure/scheduler/src/module_adapters.cpp:5458,0.0,未标注,③未见于条文面,
具名,passband_identity_val_max,lib/infrastructure/scheduler/src/module_adapters.cpp:5459,0.0,未标注,③未见于条文面,
具名,x,lib/infrastructure/scheduler/src/module_adapters.cpp:5585,0.0,未标注,③未见于条文面,
具名,x,lib/infrastructure/scheduler/src/module_adapters.cpp:5595,0.0,未标注,③未见于条文面,
具名,y,lib/infrastructure/scheduler/src/module_adapters.cpp:5596,0.0,未标注,③未见于条文面,
具名,flux,lib/infrastructure/scheduler/src/module_adapters.cpp:5598,0.0,未标注,②条文有名无值,docs/algorithms/GAIA_QUERY.md:136 float32 fluxMin @32 + float32 fluxMul @36 + uint8 flux[343] @40 + 1B 填
具名,flux,lib/infrastructure/scheduler/src/module_adapters.cpp:5603,0.0,未标注,②条文有名无值,docs/algorithms/GAIA_QUERY.md:136 float32 fluxMin @32 + float32 fluxMul @36 + uint8 flux[343] @40 + 1B 填
具名,crval1,lib/infrastructure/scheduler/src/module_adapters.cpp:5691,0.0,未标注,②条文有名无值,docs/algorithms/PHASE3_FITS_IMPL.md:43 | CRVAL1/2 | f64 deg | ICRS 中心 | p3_wcs.h:15-16 / p3_output.cpp:265-26
具名,crpix1,lib/infrastructure/scheduler/src/module_adapters.cpp:5692,0.0,未标注,②条文有名无值,docs/algorithms/PHASE3_FITS_IMPL.md:42 | CRPIX1/2 | f64 px | FITS 1-based pixel-center | p3_wcs.h:17-18 / p3_
具名,cd11,lib/infrastructure/scheduler/src/module_adapters.cpp:5693,0.0,未标注,②条文有名无值,"docs/algorithms/PHASE3_PROJ_IMPL.md:246 线性解 CD·δp = (ξ,η) (deg): det=CD11·CD22−CD12·CD21           # :136"
具名,cd21,lib/infrastructure/scheduler/src/module_adapters.cpp:5694,0.0,未标注,②条文有名无值,"docs/algorithms/PHASE3_PROJ_IMPL.md:246 线性解 CD·δp = (ξ,η) (deg): det=CD11·CD22−CD12·CD21           # :136"
具名,k,lib/infrastructure/scheduler/src/module_adapters.cpp:5874,0.0,未标注,③未见于条文面,
具名,sigma_residual_dex,lib/infrastructure/scheduler/src/module_adapters.cpp:5915,0.0,未标注,①条文含值,docs/science/PHOTOMETRY.md:126 - **判据参照**：本仓 49 帧 M42 真实数据的逐帧 `2.5·sigma_residual_dex` 中位由（误取通带）**0.4
具名,photscale_spread_dex,lib/infrastructure/scheduler/src/module_adapters.cpp:5980,0.0,未标注,③未见于条文面,
具名,kmin,lib/infrastructure/scheduler/src/module_adapters.cpp:5985,0.0,未标注,③未见于条文面,
具名,photscale_spread_dex,lib/infrastructure/scheduler/src/module_adapters.cpp:6009,0.0,未标注,③未见于条文面,
具名,photscal_rep,lib/infrastructure/scheduler/src/module_adapters.cpp:6019,1.0,未标注,③未见于条文面,
具名,photscal_rep,lib/infrastructure/scheduler/src/module_adapters.cpp:6138,1.0,未标注,③未见于条文面,
具名,saturation_level,lib/infrastructure/scheduler/src/module_adapters.cpp:6383,0.0,未标注,②条文有名无值,docs/algorithms/NOISE_ESTIMATION.md:176 显式 `cfg.saturation_level>0` > 帧元数据 `SATURATE` > `DATAMAX`（解析实现
具名,d,lib/infrastructure/scheduler/src/module_adapters.cpp:6445,0.0,未标注,③未见于条文面,
具名,rmax_cap,lib/infrastructure/scheduler/src/module_adapters.cpp:6621,2.0;4.0,未标注,③未见于条文面,
具名,gain_e_per_adu,lib/infrastructure/scheduler/src/module_adapters.cpp:6643,0.0,未标注,②条文有名无值,docs/algorithms/NOISE_ESTIMATION.md:198 | DISP-NOISE-003 | `SnrNoiseModelConfig.gain_e_per_adu/read_noise_e/us
具名,read_noise_e,lib/infrastructure/scheduler/src/module_adapters.cpp:6644,0.0,未标注,②条文有名无值,docs/algorithms/NOISE_ESTIMATION.md:198 | DISP-NOISE-003 | `SnrNoiseModelConfig.gain_e_per_adu/read_noise_e/us
具名,sat_level,lib/infrastructure/scheduler/src/module_adapters.cpp:6647,0.0,未标注,②条文有名无值,"docs/algorithms/STAR_DETECTION_ALGORITHMS.md:134 else:  sat=1; (r0,c0)=edge_walking(smooth,xx,yy,sat_level)  # :1784-18"
具名,sat_level,lib/infrastructure/scheduler/src/module_adapters.cpp:6660,0.0,未标注,②条文有名无值,"docs/algorithms/STAR_DETECTION_ALGORITHMS.md:134 else:  sat=1; (r0,c0)=edge_walking(smooth,xx,yy,sat_level)  # :1784-18"
具名,fl,lib/infrastructure/scheduler/src/module_adapters.cpp:6682,0.0,未标注,③未见于条文面,
具名,fw,lib/infrastructure/scheduler/src/module_adapters.cpp:6683,0.0,未标注,③未见于条文面,
具名,configured_ref_flux,lib/infrastructure/scheduler/src/module_adapters.cpp:6790,0.0,未标注,③未见于条文面,
具名,gain_e_per_adu,lib/infrastructure/scheduler/src/module_adapters.cpp:6794,0.0,未标注,②条文有名无值,docs/algorithms/NOISE_ESTIMATION.md:198 | DISP-NOISE-003 | `SnrNoiseModelConfig.gain_e_per_adu/read_noise_e/us
具名,read_noise_e,lib/infrastructure/scheduler/src/module_adapters.cpp:6795,0.0,未标注,②条文有名无值,docs/algorithms/NOISE_ESTIMATION.md:198 | DISP-NOISE-003 | `SnrNoiseModelConfig.gain_e_per_adu/read_noise_e/us
具名,zero_point_mag,lib/infrastructure/scheduler/src/module_adapters.cpp:6796,0.0,未标注,②条文有名无值,"docs/algorithms/PHOTOMETRIC_FIT.md:204 `zero_point_mag = median_i(magG_i + 2.5·log10 F_syn,i)` 由上式**逐位复现** ——"
具名,aperture_radius_px,lib/infrastructure/scheduler/src/module_adapters.cpp:6797,0.0,未标注,③未见于条文面,
具名,n_sky,lib/infrastructure/scheduler/src/module_adapters.cpp:6798,0.0,未标注,②条文有名无值,"ASTROCS_DESIGN.md:135 I = O + N_e/g + N_read,      N_e = N_src + N_sky + N_dark"
具名,sigma_logflux_dex,lib/infrastructure/scheduler/src/module_adapters.cpp:6800,0.0,未标注,②条文有名无值,"docs/contracts/API_CONTRACTS.csv:372 API-snr_phot_cal_quality,snr_phot_cal_quality,lib/algorithms/noise_snr"
具名,configured_ref_flux,lib/infrastructure/scheduler/src/module_adapters.cpp:6806,0.0,未标注,③未见于条文面,
具名,flux_adu,lib/infrastructure/scheduler/src/module_adapters.cpp:6855,0.0,未标注,③未见于条文面,
具名,fwhm_px,lib/infrastructure/scheduler/src/module_adapters.cpp:6856,0.0,未标注,②条文有名无值,"docs/contracts/DATA_SEMANTICS.md:579 | snr_sample | string | — | **样本定义**：全部测光有效 sources（flux>0, fwhm_px>0）"
具名,ref_mag,lib/infrastructure/scheduler/src/module_adapters.cpp:6941,6.0,未标注,③未见于条文面,
具名,ref_mag,lib/infrastructure/scheduler/src/module_adapters.cpp:6943,6.0,未标注,③未见于条文面,
具名,ref_mag_usable,lib/infrastructure/scheduler/src/module_adapters.cpp:6944,-30.0;60.0,未标注,③未见于条文面,
具名,kp,lib/infrastructure/scheduler/src/module_adapters.cpp:6966,0.0,未标注,③未见于条文面,
具名,zps,lib/infrastructure/scheduler/src/module_adapters.cpp:6967,0.0,未标注,③未见于条文面,
具名,f0,lib/infrastructure/scheduler/src/module_adapters.cpp:6993,-0.4;10.0,未标注,③未见于条文面,
具名,nm_sigma,lib/infrastructure/scheduler/src/module_adapters.cpp:7086,0.0,未标注,③未见于条文面,
具名,nm_variance,lib/infrastructure/scheduler/src/module_adapters.cpp:7087,0.0,未标注,③未见于条文面,
具名,nm_ivar,lib/infrastructure/scheduler/src/module_adapters.cpp:7088,0.0,未标注,③未见于条文面,
具名,sigma_sky_adu,lib/infrastructure/scheduler/src/module_adapters.cpp:7151,0.0,未标注,②条文有名无值,docs/algorithms/STAR_DETECTION_ALGORITHMS.md:430 - **第三 σ 估计器的定义与消费面（量纲 ADU）**：`estimate_background` 的返回值 = 2 轮 `median
具名,fref,lib/infrastructure/scheduler/src/module_adapters.cpp:7174,-0.4;10.0,未标注,②条文有名无值,docs/contracts/DATA_SEMANTICS.md:564 ### 13.4 p1_snr.json 帧级科学 SNR 交付字段（DATA-P1-SNR/3，P14 样本真实性 + FREF-BASE
具名,reference_flux_adu,lib/infrastructure/scheduler/src/module_adapters.cpp:7180,0.0,未标注,②条文有名无值,docs/contracts/DATA_SEMANTICS.md:593 | reference_baseline.reference_flux_common_unit | string | — | 公共锚单位（现
具名,pixfrac,lib/infrastructure/scheduler/src/module_adapters.cpp:7506,1.0,未标注,②条文有名无值,"ASTROCS_DESIGN.md:295 ""drizzle"": { ""nested"": 1, ""pixfrac"": 0.8, ""precision_mode"": 0 },  // 默"
具名,photscal,lib/infrastructure/scheduler/src/module_adapters.cpp:7537,1.0,未标注,②条文有名无值,ASTROCS_DESIGN.md:276 - **测光归一化落到像素（photometry 一步完成，不设独立节点）**：同一节点内把 `I_photo = k_photo · m(
具名,photscal,lib/infrastructure/scheduler/src/module_adapters.cpp:7558,1.0,未标注,②条文有名无值,ASTROCS_DESIGN.md:276 - **测光归一化落到像素（photometry 一步完成，不设独立节点）**：同一节点内把 `I_photo = k_photo · m(
具名,fmt,lib/infrastructure/scheduler/src/module_adapters.cpp:7800,.17,未标注,③未见于条文面,
具名,nm_data_scale,lib/infrastructure/scheduler/src/module_adapters.cpp:7979,1.0,未标注,②条文有名无值,"docs/science/NOISE_MODEL.md:290 - **产品 dtype 成对不变量**：产品面 `(variance, ivar)` 必须落在两态之一——**可用** `variance"
具名,hull_nonpositive_frac_eff,lib/infrastructure/scheduler/src/module_adapters.cpp:8049,1.0,未标注,③未见于条文面,
具名,finest_input_arcsec,lib/infrastructure/scheduler/src/module_adapters.cpp:8257,0.0,未标注,③未见于条文面,
具名,under,lib/infrastructure/scheduler/src/module_adapters.cpp:8265,0.0,未标注,②条文有名无值,docs/algorithms/PHASE2_REJECTION.md:76 | rcr_fit_sl(/_w) | :583-586 / :588-592 | 单线拟合（under≤1） |
具名,hp_res,lib/infrastructure/scheduler/src/module_adapters.cpp:8269,.2f;.4f,未标注,②条文有名无值,docs/algorithms/DRIZZLE_GEOMETRY.md:113 1. quick-reject: `lim = max_angle + 1.25·hp_res`
具名,err,lib/infrastructure/scheduler/src/module_adapters.cpp:9266,.64,未标注,③未见于条文面,
具名,err,lib/infrastructure/scheduler/src/module_adapters.cpp:9282,.64,未标注,③未见于条文面,
具名,ra_deg,lib/infrastructure/scheduler/src/module_adapters.cpp:9525,0.0,未标注,②条文有名无值,"docs/algorithms/HIPS_WRITER.md:244 （:888）；点 (ra_deg,dec_deg) 经共享 HEALPix 权威"
具名,dec_deg,lib/infrastructure/scheduler/src/module_adapters.cpp:9526,0.0,未标注,②条文有名无值,"docs/algorithms/HIPS_WRITER.md:244 （:888）；点 (ra_deg,dec_deg) 经共享 HEALPix 权威"
具名,value,lib/infrastructure/scheduler/src/module_adapters.cpp:9527,0.0,未标注,②条文有名无值,docs/algorithms/HIPS_WRITER.md:202 - (5b) properties（write_properties :285-293 裸 `key=value\n` 直写，fopen
具名,uncertainty,lib/infrastructure/scheduler/src/module_adapters.cpp:9528,0.0,未标注,②条文有名无值,docs/algorithms/PHASE2_SAMPLER.md:59 **单位约束（正向）**：value / uncertainty / σ_bg / y_ik = 面亮度 **ADU·sr⁻¹**；
具名,snr,lib/infrastructure/scheduler/src/module_adapters.cpp:9529,0.0,未标注,③未见于条文面,
具名,ivar,lib/infrastructure/scheduler/src/module_adapters.cpp:9530,0.0,未标注,②条文有名无值,ASTROCS_DESIGN.md:223 - signal / variance / ivar / source_snr / depth_m5 / frame_snr / point
具名,control_variance,lib/infrastructure/scheduler/src/module_adapters.cpp:9531,0.0,未标注,②条文有名无值,docs/algorithms/PHASE2_SAMPLER.md:10 > 辅助 SCI: SCI-UPM-WEIGHT-001（control_variance 公式权威）、
具名,control_ivar,lib/infrastructure/scheduler/src/module_adapters.cpp:9532,0.0,未标注,②条文有名无值,ACCEPTANCE_SPEC.md:75 | 采样权重 | 天光采样点 control_ivar 权重下，真实信号加权 RMS 最小（与候选权重对照） |
具名,support,lib/infrastructure/scheduler/src/module_adapters.cpp:9534,0.0,未标注,②条文有名无值,ASTROCS_DESIGN.md:223 - signal / variance / ivar / source_snr / depth_m5 / frame_snr / point
具名,ra_deg,lib/infrastructure/scheduler/src/module_adapters.cpp:9546,0.0,未标注,②条文有名无值,"docs/algorithms/HIPS_WRITER.md:244 （:888）；点 (ra_deg,dec_deg) 经共享 HEALPix 权威"
具名,dec_deg,lib/infrastructure/scheduler/src/module_adapters.cpp:9547,0.0,未标注,②条文有名无值,"docs/algorithms/HIPS_WRITER.md:244 （:888）；点 (ra_deg,dec_deg) 经共享 HEALPix 权威"
具名,huber_delta,lib/infrastructure/scheduler/src/module_adapters.cpp:9555,1.345,未标注,①条文含值,docs/algorithms/PHASE2_SESSION.md:133 huber_delta=1.345（**无量纲**；高斯参考分布下渐近效率 95% 的 Huber 阈值，
具名,gs_damping,lib/infrastructure/scheduler/src/module_adapters.cpp:9577,0.5,未标注,①条文含值,docs/algorithms/PHASE2_UPM_IMPL.md:395 | gs_damping | 1.0（legacy）；生产 0.5 | upm.h:102；upm.cpp:268/:289 |
具名,support_power,lib/infrastructure/scheduler/src/module_adapters.cpp:9584,1.0,未标注,①条文含值,docs/algorithms/PHASE2_SESSION.md:144 见 `docs/science/PHASE2_UPM.md` §7）、support_power=1.0、use_ivar_weight=1
具名,control_reliability,lib/infrastructure/scheduler/src/module_adapters.cpp:9586,1.0,未标注,①条文含值,docs/algorithms/PHASE2_SAMPLER.md:464 | per-control `control_reliability`（`geometric_reliability` 为**禁用**旧名）
具名,upm_objective,lib/infrastructure/scheduler/src/module_adapters.cpp:9689,0.0,未标注,③未见于条文面,
具名,upm_objective,lib/infrastructure/scheduler/src/module_adapters.cpp:9694,0.0,未标注,③未见于条文面,
具名,objective,lib/infrastructure/scheduler/src/module_adapters.cpp:9771,.6,未标注,②条文有名无值,docs/algorithms/PHASE2_UPM_IMPL.md:106 | IRLS 主循环 | :601-873 | 每轮 raw→w→M→C→objective/收敛 |
具名,snr,lib/infrastructure/scheduler/src/module_adapters.cpp:9863,0.0,未标注,③未见于条文面,
具名,px_scale,lib/infrastructure/scheduler/src/module_adapters.cpp:9882,0.0,未标注,③未见于条文面,
具名,px_scale,lib/infrastructure/scheduler/src/module_adapters.cpp:9892,0.0,未标注,③未见于条文面,
具名,n_used,lib/infrastructure/scheduler/src/module_adapters.cpp:10119,.6,未标注,②条文有名无值,"docs/algorithms/INTEGRATION_ALGORITHMS.md:11 - 输出: `P2PixelResult` (signal, support, n_used, n_candidates/accepted/"
具名,wj,lib/infrastructure/scheduler/src/module_adapters.cpp:10213,0.0,未标注,③未见于条文面,
具名,ref_flux_spread_rel,lib/infrastructure/scheduler/src/module_adapters.cpp:11470,0.0,未标注,③未见于条文面,
具名,ref_flux,lib/infrastructure/scheduler/src/module_adapters.cpp:11517,0.0,未标注,③未见于条文面,
具名,fsnr,lib/infrastructure/scheduler/src/module_adapters.cpp:11522,0.0,未标注,③未见于条文面,
具名,x,lib/infrastructure/scheduler/src/module_adapters.cpp:11535,0.0,未标注,③未见于条文面,
具名,y,lib/infrastructure/scheduler/src/module_adapters.cpp:11536,0.0,未标注,③未见于条文面,
具名,legacy_allow_weight_fallback,lib/infrastructure/scheduler/src/module_adapters.cpp:11579,9.73,未标注,②条文有名无值,docs/algorithms/PHASE2_INTEGRATION.md:133 `ivar_valid?ivar:support` 是降级键 `legacy_allow_weight_fallback=true`
具名,w,lib/infrastructure/scheduler/src/module_adapters.cpp:11889,1.0,未标注,③未见于条文面,
具名,wsum,lib/infrastructure/scheduler/src/module_adapters.cpp:11975,0.0,未标注,②条文有名无值,docs/algorithms/ACR_EQUIVALENCE.md:51 - per-pixel独立无跨pixel归约；split按p0 固定顺序concat；归约仅 per-pixel vs/wsum FP64固
具名,wsum,lib/infrastructure/scheduler/src/module_adapters.cpp:11996,0.0,未标注,②条文有名无值,docs/algorithms/ACR_EQUIVALENCE.md:51 - per-pixel独立无跨pixel归约；split按p0 固定顺序concat；归约仅 per-pixel vs/wsum FP64固
具名,a_cell,lib/infrastructure/scheduler/src/module_adapters.cpp:12502,3.14159265358979323846;4.0,未标注,②条文有名无值,docs/algorithms/DRIZZLE_GEOMETRY.md:73 :1629；**绝对球面面积**，非无量纲覆盖分数；support = D_p/A_cell 无量纲，语义不变）。
具名,cov,lib/infrastructure/scheduler/src/module_adapters.cpp:12768,0.0,未标注,③未见于条文面,
具名,scale,lib/infrastructure/scheduler/src/module_adapters.cpp:13721,0.0,未标注,②条文有名无值,docs/algorithms/CALIBRATION_ALGORITHMS.md:61 U1 亮场域 ≫ 1 ADU 而 bias/dark 中位数 ≤ 1.0 且未声明 normalized+scale ⇒ 拒；
具名,crval_ra_deg,lib/infrastructure/scheduler/src/module_adapters.cpp:13790,0.0,未标注,②条文有名无值,"docs/algorithms/PHASE3_PROJ_IMPL.md:86 double crval_ra_deg;    // 中心 RA (deg, ICRS)"
具名,crval_dec_deg,lib/infrastructure/scheduler/src/module_adapters.cpp:13791,0.0,未标注,②条文有名无值,"docs/algorithms/PHASE3_PROJ_IMPL.md:87 double crval_dec_deg;   // 中心 Dec (deg, ICRS)"
具名,crpix_x,lib/infrastructure/scheduler/src/module_adapters.cpp:13792,0.0,未标注,②条文有名无值,docs/algorithms/PHASE3_PROJ_IMPL.md:88 double crpix_x;         // FITS 1-based pixel-center
具名,crpix_y,lib/infrastructure/scheduler/src/module_adapters.cpp:13793,0.0,未标注,②条文有名无值,docs/algorithms/PHASE3_PROJ_IMPL.md:89 double crpix_y;         // FITS 1-based pixel-center
具名,reason,lib/infrastructure/scheduler/src/module_adapters.cpp:13958,6.3,未标注,②条文有名无值,ACCEPTANCE_SPEC.md:141 | 降级不 fail-closed | 卷不支持稀疏（`EOPNOTSUPP` 等）⇒ 跳过打洞、产品保持完整可读、provenance 记
具名,corrupt,lib/infrastructure/scheduler/src/module_adapters.cpp:14273,30.4,未标注,③未见于条文面,
具名,i,lib/infrastructure/scheduler/src/module_adapters.cpp:14792,0.5f,未标注,③未见于条文面,
具名,num,lib/infrastructure/scheduler/src/mosaic_window.cpp:43,0.0,未标注,③未见于条文面,
具名,residency,lib/infrastructure/scheduler/src/mosaic_window.cpp:361,8.3,未标注,③未见于条文面,
具名,s,lib/infrastructure/scheduler/src/normalize_workflow.cpp:93,0.0,未标注,③未见于条文面,
具名,waited,lib/infrastructure/scheduler/src/normalize_workflow.cpp:388,0.0,未标注,③未见于条文面,
具名,has_scale,lib/infrastructure/scheduler/src/plan_estimator.cpp:127,0.0,未标注,③未见于条文面,
具名,leaf_deg,lib/infrastructure/scheduler/src/plan_estimator.cpp:186,0.0;1.0,未标注,③未见于条文面,
具名,tile_deg,lib/infrastructure/scheduler/src/plan_estimator.cpp:187,512.0,未标注,③未见于条文面,
具名,module_reported_memory,lib/infrastructure/scheduler/src/runtime.cpp:183,8.3,未标注,③未见于条文面,
具名,k_fixed,lib/phase1_session/p1_session.cpp:354,1.0f,未标注,③未见于条文面,
具名,hot_sigma,lib/phase1_session/p1_session.cpp:444,5.0f,未标注,②条文有名无值,docs/algorithms/CALIBRATION_ALGORITHMS.md:228 σ=1.482602218505602·mad；hot = (dark > med + hot_sigma·σ)
具名,cold_sigma,lib/phase1_session/p1_session.cpp:445,5.0f,未标注,②条文有名无值,docs/algorithms/CALIBRATION_ALGORITHMS.md:229 冷像素 [139-155]: cold = (bias < med − cold_sigma·σ)
具名,huber_delta,lib/phase2_session/p2_session.cpp:202,1.345,未标注,①条文含值,docs/algorithms/PHASE2_SESSION.md:133 huber_delta=1.345（**无量纲**；高斯参考分布下渐近效率 95% 的 Huber 阈值，
具名,support_power,lib/phase2_session/p2_session.cpp:208,1.0,未标注,①条文含值,docs/algorithms/PHASE2_SESSION.md:144 见 `docs/science/PHASE2_UPM.md` §7）、support_power=1.0、use_ivar_weight=1
具名,control_reliability,lib/phase2_session/p2_session.cpp:210,1.0,未标注,①条文含值,docs/algorithms/PHASE2_SAMPLER.md:464 | per-control `control_reliability`（`geometric_reliability` 为**禁用**旧名）
具名,last_error,lib/phase3_session/p3_session.cpp:107,85.0,未标注,②条文有名无值,docs/algorithms/HIPS_WRITER.md:56 （:403）；违规 → 返回 NULL + last_error。
具名,scale,lib/phase3_session/p3_session.cpp:108,0.0,未标注,②条文有名无值,docs/algorithms/CALIBRATION_ALGORITHMS.md:61 U1 亮场域 ≫ 1 ADU 而 bias/dark 中位数 ≤ 1.0 且未声明 normalized+scale ⇒ 拒；
具名,last_error,lib/phase3_session/p3_session.cpp:109,0.0,未标注,②条文有名无值,docs/algorithms/HIPS_WRITER.md:56 （:403）；违规 → 返回 NULL + last_error。
具名,scale,lib/phase3_session/p3_session.cpp:152,0.0,未标注,②条文有名无值,docs/algorithms/CALIBRATION_ALGORITHMS.md:61 U1 亮场域 ≫ 1 ADU 而 bias/dark 中位数 ≤ 1.0 且未声明 normalized+scale ⇒ 拒；
具名,wst,lib/phase3_session/p3_session.cpp:160,0.0,未标注,③未见于条文面,
具名,missing_px,lib/phase3_session/p3_session.cpp:236,30.4,未标注,③未见于条文面,
具名,corrupt_at,lib/phase3_session/p3_session.cpp:237,30.4,未标注,③未见于条文面,
具名,i,lib/phase3_session/p3_session.cpp:407,0.5f,未标注,③未见于条文面,
具名,target_pixel_area,lib/phase3_session/p3_v6_export.cpp:267,1.0,未标注,②条文有名无值,docs/contracts/DATA_SEMANTICS.md:3250 机器强制（canonical 对象层）：`eng/contracts/schemas/unified/provenance.schema.j
具名,flux_conservation_factor,lib/phase3_session/p3_v6_export.cpp:290,1.0,未标注,②条文有名无值,docs/contracts/DATA_SEMANTICS.md:3285 ~~`weight_mode_version`~~（键不存在，§9.73 A44）、`correlation_summary`、`flux_
具名,pixfrac,lib/phase3_session/p3_v6_export.cpp:294,1.0,未标注,②条文有名无值,"ASTROCS_DESIGN.md:295 ""drizzle"": { ""nested"": 1, ""pixfrac"": 0.8, ""precision_mode"": 0 },  // 默"
具名,photometric_scale_present,lib/phase3_session/p3_v6_export.cpp:647,0.0,未标注,③未见于条文面,
具名,fov_x_deg,lib/phase3_session/p3_v6_export.h:108,0.0,未标注,③未见于条文面,
具名,fov_y_deg,lib/phase3_session/p3_v6_export.h:109,0.0,未标注,③未见于条文面,
具名,omega_min_sr,lib/phase3_session/p3_v6_export.h:110,0.0,未标注,③未见于条文面,
具名,omega_max_sr,lib/phase3_session/p3_v6_export.h:111,0.0,未标注,③未见于条文面,
具名,photometric_scale_a,lib/phase3_session/p3_v6_export.h:139,0.0,未标注,③未见于条文面,
具名,correlation_scale,lib/phase3_session/p3_v6_export.h:170,1.0,未标注,③未见于条文面,
具名,k_corr_value,lib/phase3_session/p3_v6_export.h:171,1.4,未标注,③未见于条文面,
具名,out_origin_x,lib/phase3_session/p3_v6_export.h:188,0.0,未标注,③未见于条文面,
具名,out_origin_y,lib/phase3_session/p3_v6_export.h:189,0.0,未标注,③未见于条文面,
具名,out_step,lib/phase3_session/p3_v6_export.h:190,1.0,未标注,③未见于条文面,
行内,,eng/cmake/install_layout.cmake:20,8.4,未标注,④-待人工·行内值,
行内,,eng/cmake/install_layout.cmake:90,8.4,未标注,④-待人工·行内值,
行内,,eng/cmake/install_layout.cmake:97,18.4,未标注,④-待人工·行内值,
行内,,lib/algorithms/calibration/include/astro_calibration.h:44,10.4,未标注,④-待人工·行内值,
行内,,lib/algorithms/calibration/include/astro_calibration.h:146,1.482602218505602,未标注,④-待人工·行内值,
行内,,lib/algorithms/calibration/include/astro_calibration.h:222,2.6,未标注,④-待人工·行内值,
行内,,lib/algorithms/calibration/include/astro_calibration.h:267,10.3,未标注,④-待人工·行内值,
行内,,lib/algorithms/calibration/include/astro_calibration.h:281,10.5,未标注,④-待人工·行内值,
行内,,lib/algorithms/calibration/include/astro_calibration.h:285,2.0,未标注,④-待人工·行内值,
行内,,lib/algorithms/calibration/include/astro_calibration.h:290,0.5502,未标注,④-待人工·行内值,
行内,,lib/algorithms/calibration/include/astro_calibration.h:295,10.5,未标注,④-待人工·行内值,
行内,,lib/algorithms/calibration/include/astro_calibration.h:299,2.0,未标注,④-待人工·行内值,
行内,,lib/algorithms/calibration/include/astrocs/calibration/v6_calibration_covariance.h:28,31.6,未标注,④-待人工·行内值,
行内,,lib/algorithms/calibration/include/astrocs/calibration/v6_calibration_covariance.h:93,2.3,未标注,④-待人工·行内值,
行内,,lib/algorithms/calibration/include/astrocs/calibration/v6_calibration_covariance.h:203,0.0,未标注,④-待人工·行内值,
行内,,lib/algorithms/calibration/src/calibrator.cpp:173,0.1,未标注,④-待人工·行内值,
行内,,lib/algorithms/calibration/src/calibrator.cpp:183,0.1,未标注,④-待人工·行内值,
行内,,lib/algorithms/calibration/src/module_entry.cpp:682,0.0,未标注,④-待人工·行内值,
行内,,lib/algorithms/calibration/src/photometry_apply.cpp:53,0.0,未标注,④-待人工·行内值,
行内,,lib/algorithms/calibration/src/photometry_apply.cpp:112,0.0,未标注,④-待人工·行内值,
行内,,lib/algorithms/calibration/src/photometry_apply.cpp:118,0.0,未标注,④-待人工·行内值,
行内,,lib/algorithms/calibration/src/photometry_apply.h:64,0.0,未标注,④-待人工·行内值,
行内,,lib/algorithms/calibration/src/photometry_apply.h:65,0.0,未标注,④-待人工·行内值,
行内,,lib/algorithms/calibration/src/photometry_apply.h:89,0.0,未标注,④-待人工·行内值,
行内,,lib/algorithms/calibration/src/photometry_apply.h:92,0.0,未标注,④-待人工·行内值,
行内,,lib/algorithms/calibration/src/photometry_apply.h:101,1.0,未标注,④-待人工·行内值,
行内,,lib/algorithms/calibration/src/photometry_apply.h:102,10.0,未标注,④-待人工·行内值,
行内,,lib/algorithms/calibration/src/v6_calibration_covariance.cpp:55,3.1,未标注,④-待人工·行内值,
行内,,lib/algorithms/calibration/src/v6_calibration_covariance.cpp:117,0.0,未标注,④-待人工·行内值,
行内,,lib/algorithms/calibration/src/v6_calibration_covariance.cpp:118,-1.0,未标注,④-待人工·行内值,
行内,,lib/algorithms/calibration/src/v6_calibration_covariance.cpp:121,2.3,未标注,④-待人工·行内值,
行内,,lib/algorithms/calibration/src/v6_calibration_covariance.cpp:122,0.0,未标注,④-待人工·行内值,
行内,,lib/algorithms/calibration/src/v6_calibration_covariance.cpp:123,-1.0,未标注,④-待人工·行内值,
行内,,lib/algorithms/calibration/src/v6_calibration_covariance.cpp:151,0.0,未标注,④-待人工·行内值,
行内,,lib/algorithms/calibration/src/v6_calibration_covariance.cpp:177,0.0,未标注,④-待人工·行内值,
行内,,lib/algorithms/calibration/src/v6_calibration_covariance.cpp:180,0.0,未标注,④-待人工·行内值,
行内,,lib/algorithms/calibration/src/v6_calibration_covariance.cpp:210,0.0,未标注,④-待人工·行内值,
行内,,lib/algorithms/calibration/src/v6_calibration_covariance.cpp:260,0.0,未标注,④-待人工·行内值,
行内,,lib/algorithms/calibration/src/v6_calibration_covariance.cpp:266,0.0,未标注,④-待人工·行内值,
行内,,lib/algorithms/calibration/src/v6_calibration_covariance.cpp:271,0.0,未标注,④-待人工·行内值,
行内,,lib/algorithms/calibration/src/v6_calibration_covariance.cpp:284,0.0,未标注,④-待人工·行内值,
行内,,lib/algorithms/calibration/src/v6_calibration_covariance.cpp:298,0.0,未标注,④-待人工·行内值,
行内,,lib/algorithms/calibration/src/v6_calibration_covariance.cpp:302,100.0,未标注,④-待人工·行内值,
行内,,lib/algorithms/calibration/src/v6_calibration_covariance.cpp:310,0.0,未标注,④-待人工·行内值,
行内,,lib/algorithms/calibration/src/v6_calibration_covariance.cpp:357,0.0,未标注,④-待人工·行内值,
行内,,lib/algorithms/calibration/src/v6_calibration_covariance.cpp:365,0.0,未标注,④-待人工·行内值,
行内,,lib/algorithms/calibration/src/v6_calibration_covariance.cpp:373,0.0,未标注,④-待人工·行内值,
行内,,lib/algorithms/calibration/src/v6_calibration_covariance.cpp:381,0.0,未标注,④-待人工·行内值,
行内,,lib/algorithms/calibration/src/v6_calibration_covariance.cpp:397,1.0,未标注,④-待人工·行内值,
行内,,lib/algorithms/calibration/src/v6_calibration_covariance.cpp:467,-1.0,未标注,④-待人工·行内值,
行内,,lib/algorithms/calibration/src/v6_calibration_covariance.cpp:477,-1.0,未标注,④-待人工·行内值,
行内,,lib/algorithms/calibration/src/v6_calibration_covariance.cpp:478,-1.0,未标注,④-待人工·行内值,
行内,,lib/algorithms/calibration/src/v6_calibration_covariance.cpp:480,-1.0,未标注,④-待人工·行内值,
行内,,lib/algorithms/calibration/src/v6_calibration_covariance.cpp:498,-1.0,未标注,④-待人工·行内值,
行内,,lib/algorithms/calibration/src/v6_calibration_covariance.cpp:511,-1.0,未标注,④-待人工·行内值,
行内,,lib/algorithms/calibration/src/v6_calibration_covariance.cpp:513,-1.0,未标注,④-待人工·行内值,
行内,,lib/algorithms/calibration/src/v6_calibration_covariance.cpp:601,1.0,未标注,④-待人工·行内值,
行内,,lib/algorithms/calibration/src/v6_calibration_covariance.cpp:708,3.1,未标注,④-待人工·行内值,
行内,,lib/algorithms/coverage/CMakeLists.txt:11,3.24,未标注,④-待人工·行内值,
行内,,lib/algorithms/coverage/CMakeLists.txt:140,11.3,未标注,④-待人工·行内值,
行内,,lib/algorithms/coverage/include/astro/phase2/stage2_common.h:255,57.29577951308232,未标注,④-待人工·行内值,
行内,,lib/algorithms/coverage/include/astro/phase2/stage2_common.h:278,0.0,未标注,④-待人工·行内值,
行内,,lib/algorithms/coverage/include/astro/phase2/stage2_common.h:281,0.5,未标注,④-待人工·行内值,
行内,,lib/algorithms/coverage/include/astro/phase2/stage2_common.h:288,0.0,未标注,④-待人工·行内值,
行内,,lib/algorithms/coverage/include/astro/phase2/stage2_common.h:327,0.0,未标注,④-待人工·行内值,
行内,,lib/algorithms/coverage/include/astro/phase2/stage2_common.h:352,0.0,未标注,④-待人工·行内值,
行内,,lib/algorithms/coverage/include/astro/phase2/stage2_common.h:360,0.0,未标注,④-待人工·行内值,
行内,,lib/algorithms/coverage/include/astro/phase2/stage2_common.h:363,0.0,未标注,④-待人工·行内值,
行内,,lib/algorithms/coverage/include/astro/phase2/stage2_common.h:374,0.0,未标注,④-待人工·行内值,
行内,,lib/algorithms/coverage/include/astro/phase2/stage2_common.h:432,0.0,未标注,④-待人工·行内值,
行内,,lib/algorithms/coverage/include/astro/phase2/stage2_common.h:439,0.0,未标注,④-待人工·行内值,
行内,,lib/algorithms/coverage/include/astro/phase2/stage2_common.h:442,0.0,未标注,④-待人工·行内值,
行内,,lib/algorithms/coverage/include/astro/phase2/stage2_common.h:451,0.0,未标注,④-待人工·行内值,
行内,,lib/algorithms/coverage/include/astro/phase2/stage2_common.h:459,0.0,未标注,④-待人工·行内值,
行内,,lib/algorithms/coverage/include/astro/phase2/stage2_common.h:493,2.0,未标注,④-待人工·行内值,
行内,,lib/algorithms/coverage/include/astro/phase2/stage2_common.h:499,0.0,未标注,④-待人工·行内值,
行内,,lib/algorithms/coverage/include/astro/phase2/stage2_common.h:521,0.0,未标注,④-待人工·行内值,
行内,,lib/algorithms/coverage/include/astro/phase2/stage2_common.h:552,0.0,未标注,④-待人工·行内值,
行内,,lib/algorithms/coverage/include/astro/phase2/stage2_common.h:562,0.0,未标注,④-待人工·行内值,
行内,,lib/algorithms/coverage/include/astro/phase2/stage2_common.h:563,0.0,未标注,④-待人工·行内值,
行内,,lib/algorithms/coverage/include/astro/phase2/stage2_common.h:564,0.0,未标注,④-待人工·行内值,
行内,,lib/algorithms/coverage/module.yaml:27,11.3,未标注,④-待人工·行内值,
行内,,lib/algorithms/coverage/src/acr_kernels.cpp:329,4.0,未标注,④-待人工·行内值,
行内,,lib/algorithms/coverage/src/acr_kernels.cpp:330,3.0,未标注,④-待人工·行内值,
行内,,lib/algorithms/coverage/src/block.cpp:51,0.0,未标注,④-待人工·行内值,
行内,,lib/algorithms/coverage/src/coverage.cpp:434,3.1,未标注,④-待人工·行内值,
行内,,lib/algorithms/coverage/src/identifiability.cpp:32,0.0,未标注,④-待人工·行内值,
行内,,lib/algorithms/coverage/src/identifiability.cpp:40,0.0,未标注,④-待人工·行内值,
行内,,lib/algorithms/coverage/src/identifiability.cpp:44,0.0,未标注,④-待人工·行内值,
行内,,lib/algorithms/coverage/src/identifiability.cpp:53,0.0,未标注,④-待人工·行内值,
行内,,lib/algorithms/coverage/src/identifiability.cpp:77,0.0,未标注,④-待人工·行内值,
行内,,lib/algorithms/coverage/src/identifiability.cpp:82,1.0,未标注,④-待人工·行内值,
行内,,lib/algorithms/coverage/src/identifiability.cpp:83,0.0,未标注,④-待人工·行内值,
行内,,lib/algorithms/coverage/src/identifiability.cpp:96,0.0,未标注,④-待人工·行内值,
行内,,lib/algorithms/coverage/src/identifiability.cpp:100,1.0,未标注,④-待人工·行内值,
行内,,lib/algorithms/coverage/src/identifiability.cpp:111,1.0,未标注,④-待人工·行内值,
行内,,lib/algorithms/coverage/src/identifiability.cpp:119,0.0,未标注,④-待人工·行内值,
行内,,lib/algorithms/coverage/src/identifiability.cpp:131,0.0,未标注,④-待人工·行内值,
行内,,lib/algorithms/coverage/src/identifiability.cpp:189,0.0,未标注,④-待人工·行内值,
行内,,lib/algorithms/coverage/src/identifiability.cpp:191,0.0,未标注,④-待人工·行内值,
行内,,lib/algorithms/coverage/src/identifiability.cpp:218,0.0,未标注,④-待人工·行内值,
行内,,lib/algorithms/coverage/src/identifiability.cpp:228,0.0,未标注,④-待人工·行内值,
行内,,lib/algorithms/coverage/src/identifiability.cpp:238,0.5,未标注,④-待人工·行内值,
行内,,lib/algorithms/coverage/src/identifiability.cpp:247,0.0,未标注,④-待人工·行内值,
行内,,lib/algorithms/coverage/src/integrate.cpp:14,0.0,未标注,④-待人工·行内值,
行内,,lib/algorithms/coverage/src/integrate.cpp:39,0.0,未标注,④-待人工·行内值,
行内,,lib/algorithms/coverage/src/integrate.cpp:56,0.0,未标注,④-待人工·行内值,
行内,,lib/algorithms/coverage/src/rejection.cpp:61,1.0,未标注,④-待人工·行内值,
行内,,lib/algorithms/coverage/src/rejection.cpp:67,0.0,未标注,④-待人工·行内值,
行内,,lib/algorithms/coverage/src/rejection.cpp:68,1.0,未标注,④-待人工·行内值,
行内,,lib/algorithms/coverage/src/rejection.cpp:71,1.0,未标注,④-待人工·行内值,
行内,,lib/algorithms/coverage/src/rejection.cpp:75,1.0,未标注,④-待人工·行内值,
行内,,lib/algorithms/coverage/src/rejection.cpp:88,0.0,未标注,④-待人工·行内值,
行内,,lib/algorithms/coverage/src/rejection.cpp:96,0.5,未标注,④-待人工·行内值,
行内,,lib/algorithms/coverage/src/rejection.cpp:108,0.0,未标注,④-待人工·行内值,
行内,,lib/algorithms/coverage/src/rejection.cpp:109,1.0,未标注,④-待人工·行内值,
行内,,lib/algorithms/coverage/src/rejection.cpp:131,1.0,未标注,④-待人工·行内值,
行内,,lib/algorithms/coverage/src/rejection.cpp:138,1.0,未标注,④-待人工·行内值,
行内,,lib/algorithms/coverage/src/rejection.cpp:143,1.0,未标注,④-待人工·行内值,
行内,,lib/algorithms/coverage/src/rejection.cpp:151,0.5,未标注,④-待人工·行内值,
行内,,lib/algorithms/coverage/src/rejection.cpp:320,1.87937,未标注,④-待人工·行内值,
行内,,lib/algorithms/coverage/src/rejection.cpp:358,0.0,未标注,④-待人工·行内值,
行内,,lib/algorithms/coverage/src/rejection.cpp:373,0.0,未标注,④-待人工·行内值,
行内,,lib/algorithms/coverage/src/rejection.cpp:378,0.5,未标注,④-待人工·行内值,
行内,,lib/algorithms/coverage/src/rejection.cpp:380,0.5,未标注,④-待人工·行内值,
行内,,lib/algorithms/coverage/src/rejection.cpp:385,0.5,未标注,④-待人工·行内值,
行内,,lib/algorithms/coverage/src/rejection.cpp:392,2.0,未标注,④-待人工·行内值,
行内,,lib/algorithms/coverage/src/rejection.cpp:394,2.0,未标注,④-待人工·行内值,
行内,,lib/algorithms/coverage/src/rejection.cpp:395,0.5,未标注,④-待人工·行内值,
行内,,lib/algorithms/coverage/src/rejection.cpp:396,2.0,未标注,④-待人工·行内值,
行内,,lib/algorithms/coverage/src/rejection.cpp:406,1.0,未标注,④-待人工·行内值,
行内,,lib/algorithms/coverage/src/rejection.cpp:430,1.0,未标注,④-待人工·行内值,
行内,,lib/algorithms/coverage/src/rejection.cpp:432,1.0,未标注,④-待人工·行内值,
行内,,lib/algorithms/coverage/src/rejection.cpp:444,0.0,未标注,④-待人工·行内值,
行内,,lib/algorithms/coverage/src/rejection.cpp:457,0.0,未标注,④-待人工·行内值,
行内,,lib/algorithms/coverage/src/rejection.cpp:483,0.0,未标注,④-待人工·行内值,
行内,,lib/algorithms/coverage/src/rejection.cpp:507,6.36,未标注,④-待人工·行内值,
行内,,lib/algorithms/coverage/src/rejection.cpp:546,0.0,未标注,④-待人工·行内值,
行内,,lib/algorithms/coverage/src/rejection.cpp:570,6.36,未标注,④-待人工·行内值,
行内,,lib/algorithms/coverage/src/rejection.cpp:602,0.0,未标注,④-待人工·行内值,
行内,,lib/algorithms/coverage/src/rejection.cpp:620,1.8688,未标注,④-待人工·行内值,
行内,,lib/algorithms/coverage/src/rejection.cpp:621,0.0,未标注,④-待人工·行内值,
行内,,lib/algorithms/coverage/src/rejection.cpp:629,3.7036,未标注,④-待人工·行内值,
行内,,lib/algorithms/coverage/src/rejection.cpp:630,14.932,未标注,④-待人工·行内值,
行内,,lib/algorithms/coverage/src/rejection.cpp:631,29.176,未标注,④-待人工·行内值,
行内,,lib/algorithms/coverage/src/rejection.cpp:632,28.81,未标注,④-待人工·行内值,
行内,,lib/algorithms/coverage/src/rejection.cpp:635,3.02,未标注,④-待人工·行内值,
行内,,lib/algorithms/coverage/src/rejection.cpp:636,15.997,未标注,④-待人工·行内值,
行内,,lib/algorithms/coverage/src/rejection.cpp:637,43.713,未标注,④-待人工·行内值,
行内,,lib/algorithms/coverage/src/rejection.cpp:638,64.629,未标注,④-待人工·行内值,
行内,,lib/algorithms/coverage/src/rejection.cpp:641,-0.471,未标注,④-待人工·行内值,
行内,,lib/algorithms/coverage/src/rejection.cpp:749,0.0,未标注,④-待人工·行内值,
行内,,lib/algorithms/coverage/src/rejection.cpp:767,0.0,未标注,④-待人工·行内值,
行内,,lib/algorithms/coverage/src/rejection.cpp:779,0.682689,未标注,④-待人工·行内值,
行内,,lib/algorithms/coverage/src/rejection.cpp:786,0.682689,未标注,④-待人工·行内值,
行内,,lib/algorithms/coverage/src/rejection.cpp:791,1.0,未标注,④-待人工·行内值,
行内,,lib/algorithms/coverage/src/rejection.cpp:797,0.0,未标注,④-待人工·行内值,
行内,,lib/algorithms/coverage/src/rejection.cpp:813,-0.942,未标注,④-待人工·行内值,
行内,,lib/algorithms/coverage/src/rejection.cpp:814,0.0,未标注,④-待人工·行内值,
行内,,lib/algorithms/coverage/src/rejection.cpp:843,1.0,未标注,④-待人工·行内值,
行内,,lib/algorithms/coverage/src/rejection.cpp:845,0.0422820123,未标注,④-待人工·行内值,
行内,,lib/algorithms/coverage/src/rejection.cpp:846,0.0092705272,未标注,④-待人工·行内值,
行内,,lib/algorithms/coverage/src/rejection.cpp:847,0.0001520143,未标注,④-待人工·行内值,
行内,,lib/algorithms/coverage/src/rejection.cpp:848,0.0002765672,未标注,④-待人工·行内值,
行内,,lib/algorithms/coverage/src/rejection.cpp:849,0.0000430638,未标注,④-待人工·行内值,
行内,,lib/algorithms/coverage/src/rejection.cpp:973,0.5,未标注,④-待人工·行内值,
行内,,lib/algorithms/coverage/src/rejection.cpp:1061,0.0,未标注,④-待人工·行内值,
行内,,lib/algorithms/coverage/src/rejection.cpp:1067,0.5,未标注,④-待人工·行内值,
行内,,lib/algorithms/coverage/src/rejection.cpp:1072,1.482602218505602,未标注,④-待人工·行内值,
行内,,lib/algorithms/coverage/src/rejection.cpp:1656,1.0,未标注,④-待人工·行内值,
行内,,lib/algorithms/coverage/src/rejection.cpp:1779,1.0,未标注,④-待人工·行内值,
行内,,lib/algorithms/coverage/src/rejection.cpp:1997,0.0,未标注,④-待人工·行内值,
行内,,lib/algorithms/coverage/src/rejection.cpp:2001,0.0,未标注,④-待人工·行内值,
行内,,lib/algorithms/coverage/src/rejection.cpp:2250,0.0,未标注,④-待人工·行内值,
行内,,lib/algorithms/coverage/src/rejection.cpp:2260,0.0,未标注,④-待人工·行内值,
行内,,lib/algorithms/coverage/src/rejection.cpp:2282,0.0,未标注,④-待人工·行内值,
行内,,lib/algorithms/coverage/src/rejection.cpp:2291,0.0,未标注,④-待人工·行内值,
行内,,lib/algorithms/coverage/src/rejection.cpp:2325,0.0,未标注,④-待人工·行内值,
行内,,lib/algorithms/coverage/src/rejection.cpp:2468,5.0,未标注,④-待人工·行内值,
行内,,lib/algorithms/coverage/src/rejection.cpp:2469,3.5,未标注,④-待人工·行内值,
行内,,lib/algorithms/coverage/src/rejection.cpp:2472,0.05,未标注,④-待人工·行内值,
行内,,lib/algorithms/coverage/src/rejection.cpp:2473,0.2,未标注,④-待人工·行内值,
行内,,lib/algorithms/coverage/src/rejection.cpp:2474,0.1,未标注,④-待人工·行内值,
行内,,lib/algorithms/coverage/src/rejection.cpp:2483,0.05,未标注,④-待人工·行内值,
行内,,lib/algorithms/coverage/src/rejection.cpp:2504,1.0,未标注,④-待人工·行内值,
行内,,lib/algorithms/coverage/src/rejection.cpp:2528,0.0,未标注,④-待人工·行内值,
行内,,lib/algorithms/coverage/src/rejection.cpp:2744,0.0,未标注,④-待人工·行内值,
行内,,lib/algorithms/coverage/src/rejection.cpp:2749,0.0,未标注,④-待人工·行内值,
行内,,lib/algorithms/coverage/src/rejection.cpp:2794,0.0,未标注,④-待人工·行内值,
行内,,lib/algorithms/coverage/src/rejection.cpp:2804,0.0,未标注,④-待人工·行内值,
行内,,lib/algorithms/coverage/src/rejection.cpp:2805,0.0,未标注,④-待人工·行内值,
行内,,lib/algorithms/coverage/src/rejection.cpp:2828,0.0,未标注,④-待人工·行内值,
行内,,lib/algorithms/coverage/src/rejection.cpp:2909,0.0,未标注,④-待人工·行内值,
行内,,lib/algorithms/coverage/src/rejection.cpp:2944,0.0,未标注,④-待人工·行内值,
行内,,lib/algorithms/coverage/src/sampler.cpp:116,1.0,未标注,④-待人工·行内值,
行内,,lib/algorithms/coverage/src/sampler.cpp:200,0.0,未标注,④-待人工·行内值,
行内,,lib/algorithms/coverage/src/sampler.cpp:211,0.5,未标注,④-待人工·行内值,
行内,,lib/algorithms/coverage/src/sampler.cpp:247,0.0,未标注,④-待人工·行内值,
行内,,lib/algorithms/coverage/src/sampler.cpp:273,0.0,未标注,④-待人工·行内值,
行内,,lib/algorithms/coverage/src/sampler.cpp:451,0.0,未标注,④-待人工·行内值,
行内,,lib/algorithms/coverage/src/sampler.cpp:461,0.0,未标注,④-待人工·行内值,
行内,,lib/algorithms/coverage/src/sampler.cpp:466,0.0,未标注,④-待人工·行内值,
行内,,lib/algorithms/coverage/src/sampler.cpp:470,1.482602218505602,未标注,④-待人工·行内值,
行内,,lib/algorithms/coverage/src/sampler.cpp:506,0.0,未标注,④-待人工·行内值,
行内,,lib/algorithms/coverage/src/sampler.cpp:508,0.0,未标注,④-待人工·行内值,
行内,,lib/algorithms/coverage/src/sampler.cpp:510,0.0,未标注,④-待人工·行内值,
行内,,lib/algorithms/coverage/src/sampler.cpp:517,0.0,未标注,④-待人工·行内值,
行内,,lib/algorithms/coverage/src/sampler.cpp:575,0.0,未标注,④-待人工·行内值,
行内,,lib/algorithms/coverage/src/sampler.cpp:577,0.0,未标注,④-待人工·行内值,
行内,,lib/algorithms/coverage/src/sampler.cpp:650,0.0,未标注,④-待人工·行内值,
行内,,lib/algorithms/coverage/src/sampler.cpp:651,0.0,未标注,④-待人工·行内值,
行内,,lib/algorithms/coverage/src/sampler.cpp:860,0.0,未标注,④-待人工·行内值,
行内,,lib/algorithms/coverage/src/sampler.cpp:879,0.0,未标注,④-待人工·行内值,
行内,,lib/algorithms/coverage/src/sampler.cpp:883,0.0,未标注,④-待人工·行内值,
行内,,lib/algorithms/coverage/src/sampler.cpp:1109,0.0,未标注,④-待人工·行内值,
行内,,lib/algorithms/coverage/src/sampler.cpp:1111,0.0,未标注,④-待人工·行内值,
行内,,lib/algorithms/coverage/src/sampler.cpp:1124,0.0,未标注,④-待人工·行内值,
行内,,lib/algorithms/coverage/src/sampler.cpp:1293,0.0,未标注,④-待人工·行内值,
行内,,lib/algorithms/coverage/src/sampler.cpp:1316,0.0,未标注,④-待人工·行内值,
行内,,lib/algorithms/coverage/src/sampler.cpp:1317,0.0,未标注,④-待人工·行内值,
行内,,lib/algorithms/coverage/src/sampler.cpp:1327,1.0,未标注,④-待人工·行内值,
行内,,lib/algorithms/coverage/src/sampler.cpp:1329,1.0,未标注,④-待人工·行内值,
行内,,lib/algorithms/coverage/src/sampler.cpp:1355,1.0,未标注,④-待人工·行内值,
行内,,lib/algorithms/coverage/src/sampler.cpp:1356,1.0,未标注,④-待人工·行内值,
行内,,lib/algorithms/coverage/src/sampler.cpp:1440,0.0,未标注,④-待人工·行内值,
行内,,lib/algorithms/coverage/src/sampler.cpp:1441,0.0,未标注,④-待人工·行内值,
行内,,lib/algorithms/coverage/src/sampler.cpp:1457,0.0,未标注,④-待人工·行内值,
行内,,lib/algorithms/coverage/src/sampler.cpp:1458,1.0,未标注,④-待人工·行内值,
行内,,lib/algorithms/coverage/src/sampler.cpp:1462,0.0,未标注,④-待人工·行内值,
行内,,lib/algorithms/coverage/src/sampler.cpp:1466,0.0,未标注,④-待人工·行内值,
行内,,lib/algorithms/coverage/src/sky_plane.cpp:54,0.0,未标注,④-待人工·行内值,
行内,,lib/algorithms/coverage/src/sky_plane.cpp:58,1.0,未标注,④-待人工·行内值,
行内,,lib/algorithms/coverage/src/sky_plane.cpp:64,0.0,未标注,④-待人工·行内值,
行内,,lib/algorithms/coverage/src/sky_plane.cpp:72,0.5,未标注,④-待人工·行内值,
行内,,lib/algorithms/coverage/src/sky_plane.cpp:82,2.0,未标注,④-待人工·行内值,
行内,,lib/algorithms/coverage/src/sky_plane.cpp:83,2.0,未标注,④-待人工·行内值,
行内,,lib/algorithms/coverage/src/sky_plane.cpp:107,1.0,未标注,④-待人工·行内值,
行内,,lib/algorithms/coverage/src/sky_plane.cpp:143,0.0,未标注,④-待人工·行内值,
行内,,lib/algorithms/coverage/src/sky_plane.cpp:151,0.0,未标注,④-待人工·行内值,
行内,,lib/algorithms/coverage/src/sky_plane.cpp:155,0.0,未标注,④-待人工·行内值,
行内,,lib/algorithms/coverage/src/sky_plane.cpp:164,0.0,未标注,④-待人工·行内值,
行内,,lib/algorithms/coverage/src/sky_plane.cpp:292,0.0,未标注,④-待人工·行内值,
行内,,lib/algorithms/coverage/src/sky_plane.cpp:316,0.20,未标注,④-待人工·行内值,
行内,,lib/algorithms/coverage/src/sky_plane.cpp:332,0.0,未标注,④-待人工·行内值,
行内,,lib/algorithms/coverage/src/sky_plane.cpp:401,0.0,未标注,④-待人工·行内值,
行内,,lib/algorithms/coverage/src/sky_plane.cpp:402,0.0,未标注,④-待人工·行内值,
行内,,lib/algorithms/coverage/src/sky_plane.cpp:403,0.0,未标注,④-待人工·行内值,
行内,,lib/algorithms/coverage/src/sky_plane.cpp:404,0.0,未标注,④-待人工·行内值,
行内,,lib/algorithms/coverage/src/sky_plane.cpp:499,0.0,未标注,④-待人工·行内值,
行内,,lib/algorithms/coverage/src/sky_plane.cpp:500,0.0,未标注,④-待人工·行内值,
行内,,lib/algorithms/coverage/src/sky_plane.cpp:608,0.0,未标注,④-待人工·行内值,
行内,,lib/algorithms/coverage/src/sky_plane.cpp:668,0.0,未标注,④-待人工·行内值,
行内,,lib/algorithms/coverage/src/sky_plane.cpp:669,0.0,未标注,④-待人工·行内值,
行内,,lib/algorithms/coverage/src/sky_plane.cpp:673,0.0,未标注,④-待人工·行内值,
行内,,lib/algorithms/coverage/src/sky_plane.cpp:676,1.0,未标注,④-待人工·行内值,
行内,,lib/algorithms/coverage/src/sky_plane.cpp:692,0.0,未标注,④-待人工·行内值,
行内,,lib/algorithms/coverage/src/sky_plane.cpp:693,0.0,未标注,④-待人工·行内值,
行内,,lib/algorithms/coverage/src/sky_plane.cpp:747,0.0,未标注,④-待人工·行内值,
行内,,lib/algorithms/coverage/src/sky_plane.cpp:753,1.0,未标注,④-待人工·行内值,
行内,,lib/algorithms/coverage/src/sky_plane.cpp:768,0.0,未标注,④-待人工·行内值,
行内,,lib/algorithms/coverage/src/sky_plane.cpp:774,0.0,未标注,④-待人工·行内值,
行内,,lib/algorithms/coverage/src/sky_plane.cpp:783,0.0,未标注,④-待人工·行内值,
行内,,lib/algorithms/coverage/src/sky_plane.cpp:784,0.0,未标注,④-待人工·行内值,
行内,,lib/algorithms/coverage/src/sky_plane.cpp:786,0.0,未标注,④-待人工·行内值,
行内,,lib/algorithms/coverage/src/sky_plane.cpp:788,0.0,未标注,④-待人工·行内值,
行内,,lib/algorithms/coverage/src/sky_plane.cpp:794,0.0,未标注,④-待人工·行内值,
行内,,lib/algorithms/coverage/src/sky_plane.cpp:795,0.0,未标注,④-待人工·行内值,
行内,,lib/algorithms/coverage/src/sky_plane.cpp:800,0.0,未标注,④-待人工·行内值,
行内,,lib/algorithms/coverage/src/sky_plane.cpp:801,0.0,未标注,④-待人工·行内值,
行内,,lib/algorithms/coverage/src/sky_plane.cpp:802,0.0,未标注,④-待人工·行内值,
行内,,lib/algorithms/coverage/src/sky_plane.cpp:814,0.0,未标注,④-待人工·行内值,
行内,,lib/algorithms/coverage/src/sky_plane.cpp:868,0.0,未标注,④-待人工·行内值,
行内,,lib/algorithms/coverage/src/sky_plane.cpp:899,0.0,未标注,④-待人工·行内值,
行内,,lib/algorithms/coverage/src/sky_plane.cpp:913,0.0,未标注,④-待人工·行内值,
行内,,lib/algorithms/coverage/src/sky_plane.cpp:917,1.0,未标注,④-待人工·行内值,
行内,,lib/algorithms/coverage/src/sky_plane.cpp:922,0.0,未标注,④-待人工·行内值,
行内,,lib/algorithms/coverage/src/sky_plane.cpp:926,1.0,未标注,④-待人工·行内值,
行内,,lib/algorithms/coverage/src/sky_plane.cpp:952,0.0,未标注,④-待人工·行内值,
行内,,lib/algorithms/coverage/src/sky_plane.cpp:969,0.0,未标注,④-待人工·行内值,
行内,,lib/algorithms/coverage/src/sky_plane.cpp:979,0.0,未标注,④-待人工·行内值,
行内,,lib/algorithms/coverage/src/sky_plane.cpp:988,0.0,未标注,④-待人工·行内值,
行内,,lib/algorithms/coverage/src/sky_plane.cpp:1028,0.0,未标注,④-待人工·行内值,
行内,,lib/algorithms/coverage/src/sky_plane.cpp:1057,5.0,未标注,④-待人工·行内值,
行内,,lib/algorithms/coverage/src/sky_plane.cpp:1059,1.0,未标注,④-待人工·行内值,
行内,,lib/algorithms/coverage/src/sky_plane.cpp:1063,0.0,未标注,④-待人工·行内值,
行内,,lib/algorithms/coverage/src/sky_plane.cpp:1077,0.0,未标注,④-待人工·行内值,
行内,,lib/algorithms/coverage/src/sky_plane.cpp:1318,0.0,未标注,④-待人工·行内值,
行内,,lib/algorithms/coverage/src/sky_plane.cpp:1569,0.0,未标注,④-待人工·行内值,
行内,,lib/algorithms/coverage/src/sky_plane.cpp:1592,0.0,未标注,④-待人工·行内值,
行内,,lib/algorithms/coverage/src/sky_plane.cpp:1626,0.0,未标注,④-待人工·行内值,
行内,,lib/algorithms/coverage/src/sky_plane.cpp:1649,0.0,未标注,④-待人工·行内值,
行内,,lib/algorithms/coverage/src/sky_plane.cpp:1868,0.0,未标注,④-待人工·行内值,
行内,,lib/algorithms/coverage/src/sky_plane.cpp:2022,0.0,未标注,④-待人工·行内值,
行内,,lib/algorithms/coverage/src/sky_plane.cpp:2026,0.0,未标注,④-待人工·行内值,
行内,,lib/algorithms/coverage/src/stage2_common.cpp:73,0.05,未标注,④-待人工·行内值,
行内,,lib/algorithms/coverage/src/stage2_common.cpp:74,0.0,未标注,④-待人工·行内值,
行内,,lib/algorithms/coverage/src/stage2_common.cpp:86,3.0,未标注,④-待人工·行内值,
行内,,lib/algorithms/coverage/src/stage2_common.cpp:87,0.0,未标注,④-待人工·行内值,
行内,,lib/algorithms/coverage/src/stage2_common.cpp:98,0.20,未标注,④-待人工·行内值,
行内,,lib/algorithms/coverage/src/stage2_common.cpp:99,0.0,未标注,④-待人工·行内值,
行内,,lib/algorithms/coverage/src/stage2_common.cpp:100,1.0,未标注,④-待人工·行内值,
行内,,lib/algorithms/coverage/src/stage2_common.cpp:105,3.0,未标注,④-待人工·行内值,
行内,,lib/algorithms/coverage/src/stage2_common.cpp:107,0.60,未标注,④-待人工·行内值,
行内,,lib/algorithms/coverage/src/stage2_common.cpp:108,0.0,未标注,④-待人工·行内值,
行内,,lib/algorithms/coverage/src/stage2_common.cpp:109,1.0,未标注,④-待人工·行内值,
行内,,lib/algorithms/coverage/src/stage2_common.cpp:114,3.0,未标注,④-待人工·行内值,
行内,,lib/algorithms/coverage/src/stage2_common.cpp:115,0.0,未标注,④-待人工·行内值,
行内,,lib/algorithms/coverage/src/stage2_common.cpp:128,0.0,未标注,④-待人工·行内值,
行内,,lib/algorithms/coverage/src/stage2_common.cpp:143,0.0,未标注,④-待人工·行内值,
行内,,lib/algorithms/coverage/src/stage2_common.cpp:170,0.0,未标注,④-待人工·行内值,
行内,,lib/algorithms/coverage/src/stage2_common.cpp:175,0.0,未标注,④-待人工·行内值,
行内,,lib/algorithms/coverage/src/stage2_common.cpp:406,0.2,未标注,④-待人工·行内值,
行内,,lib/algorithms/coverage/src/stage2_common.cpp:408,0.1,未标注,④-待人工·行内值,
行内,,lib/algorithms/coverage/src/stage2_common.cpp:449,3.1,未标注,④-待人工·行内值,
行内,,lib/algorithms/coverage/src/stage2_common.cpp:462,3.1,未标注,④-待人工·行内值,
行内,,lib/algorithms/coverage/src/stage2_common.cpp:463,3.1,未标注,④-待人工·行内值,
行内,,lib/algorithms/coverage/src/upm.cpp:201,0.0,未标注,④-待人工·行内值,
行内,,lib/algorithms/coverage/src/upm.cpp:224,0.0,未标注,④-待人工·行内值,
行内,,lib/algorithms/coverage/src/upm.cpp:225,0.1,未标注,④-待人工·行内值,
行内,,lib/algorithms/coverage/src/upm.cpp:226,1.0,未标注,④-待人工·行内值,
行内,,lib/algorithms/coverage/src/upm.cpp:227,0.5,未标注,④-待人工·行内值,
行内,,lib/algorithms/coverage/src/upm.cpp:228,0.5,未标注,④-待人工·行内值,
行内,,lib/algorithms/coverage/src/upm.cpp:241,0.5,未标注,④-待人工·行内值,
行内,,lib/algorithms/coverage/src/upm.cpp:242,0.5,未标注,④-待人工·行内值,
行内,,lib/algorithms/coverage/src/upm.cpp:247,1.0,未标注,④-待人工·行内值,
行内,,lib/algorithms/coverage/src/upm.cpp:342,0.0,未标注,④-待人工·行内值,
行内,,lib/algorithms/coverage/src/upm.cpp:408,0.0,未标注,④-待人工·行内值,
行内,,lib/algorithms/coverage/src/upm.cpp:409,0.0,未标注,④-待人工·行内值,
行内,,lib/algorithms/coverage/src/upm.cpp:442,12.0,未标注,④-待人工·行内值,
行内,,lib/algorithms/coverage/src/upm.cpp:563,0.0,未标注,④-待人工·行内值,
行内,,lib/algorithms/coverage/src/upm.cpp:604,0.0,未标注,④-待人工·行内值,
行内,,lib/algorithms/coverage/src/upm.cpp:606,0.0,未标注,④-待人工·行内值,
行内,,lib/algorithms/coverage/src/upm.cpp:617,0.0,未标注,④-待人工·行内值,
行内,,lib/algorithms/coverage/src/upm.cpp:668,0.0,未标注,④-待人工·行内值,
行内,,lib/algorithms/coverage/src/upm.cpp:671,0.0,未标注,④-待人工·行内值,
行内,,lib/algorithms/coverage/src/upm.cpp:682,0.0,未标注,④-待人工·行内值,
行内,,lib/algorithms/coverage/src/upm.cpp:687,0.0,未标注,④-待人工·行内值,
行内,,lib/algorithms/coverage/src/upm.cpp:716,0.0,未标注,④-待人工·行内值,
行内,,lib/algorithms/coverage/src/upm.cpp:793,0.0,未标注,④-待人工·行内值,
行内,,lib/algorithms/coverage/src/upm.cpp:915,0.0,未标注,④-待人工·行内值,
行内,,lib/algorithms/coverage/src/upm.cpp:933,0.0,未标注,④-待人工·行内值,
行内,,lib/algorithms/coverage/src/upm.cpp:943,0.0,未标注,④-待人工·行内值,
行内,,lib/algorithms/coverage/src/upm.cpp:956,1.0,未标注,④-待人工·行内值,
行内,,lib/algorithms/coverage/src/upm.cpp:959,1.0,未标注,④-待人工·行内值,
行内,,lib/algorithms/coverage/src/upm.cpp:981,0.0,未标注,④-待人工·行内值,
行内,,lib/algorithms/coverage/src/upm.cpp:991,0.0,未标注,④-待人工·行内值,
行内,,lib/algorithms/coverage/src/upm.cpp:1002,1.0,未标注,④-待人工·行内值,
行内,,lib/algorithms/coverage/src/upm.cpp:1005,1.0,未标注,④-待人工·行内值,
行内,,lib/algorithms/coverage/src/upm.cpp:1045,1.0,未标注,④-待人工·行内值,
行内,,lib/algorithms/coverage/src/upm.cpp:1117,0.0,未标注,④-待人工·行内值,
行内,,lib/algorithms/coverage/src/upm.cpp:1127,0.0,未标注,④-待人工·行内值,
行内,,lib/algorithms/coverage/src/upm.cpp:1240,0.0,未标注,④-待人工·行内值,
行内,,lib/algorithms/coverage/src/upm.cpp:1245,0.0,未标注,④-待人工·行内值,
行内,,lib/algorithms/coverage/src/upm.cpp:1300,0.0,未标注,④-待人工·行内值,
行内,,lib/algorithms/coverage/src/upm.cpp:1301,0.0,未标注,④-待人工·行内值,
行内,,lib/algorithms/coverage/src/upm.cpp:1303,0.0,未标注,④-待人工·行内值,
行内,,lib/algorithms/coverage/src/upm.cpp:1304,1.0,未标注,④-待人工·行内值,
行内,,lib/algorithms/coverage/src/upm.cpp:1305,1.0,未标注,④-待人工·行内值,
行内,,lib/algorithms/coverage/src/upm.cpp:1333,0.0,未标注,④-待人工·行内值,
行内,,lib/algorithms/coverage/src/upm.cpp:1486,0.0,未标注,④-待人工·行内值,
行内,,lib/algorithms/coverage/src/upm.cpp:1497,0.0,未标注,④-待人工·行内值,
行内,,lib/algorithms/coverage/src/upm.cpp:1726,0.0,未标注,④-待人工·行内值,
行内,,lib/algorithms/coverage/src/upm.cpp:1755,0.0,未标注,④-待人工·行内值,
行内,,lib/algorithms/coverage/src/upm.cpp:1985,0.0,未标注,④-待人工·行内值,
行内,,lib/algorithms/coverage/src/upm.cpp:1995,1.0,未标注,④-待人工·行内值,
行内,,lib/algorithms/coverage/src/upm.cpp:2082,0.0,未标注,④-待人工·行内值,
行内,,lib/algorithms/coverage/src/upm.cpp:2114,0.0,未标注,④-待人工·行内值,
行内,,lib/algorithms/coverage/src/upm.cpp:2127,0.0,未标注,④-待人工·行内值,
行内,,lib/algorithms/coverage/src/upm.cpp:2130,0.0,未标注,④-待人工·行内值,
行内,,lib/algorithms/coverage/src/upm.cpp:2260,0.0,未标注,④-待人工·行内值,
行内,,lib/algorithms/coverage/src/upm.cpp:2263,0.0,未标注,④-待人工·行内值,
行内,,lib/algorithms/coverage/src/upm.cpp:2274,0.0,未标注,④-待人工·行内值,
行内,,lib/algorithms/coverage/src/upm.cpp:2309,0.0,未标注,④-待人工·行内值,
行内,,lib/algorithms/coverage/src/upm.cpp:2310,0.0,未标注,④-待人工·行内值,
行内,,lib/algorithms/coverage/src/upm.cpp:2325,0.0,未标注,④-待人工·行内值,
行内,,lib/algorithms/coverage/src/upm.cpp:2343,0.0,未标注,④-待人工·行内值,
行内,,lib/algorithms/coverage/src/upm.cpp:2405,0.0,未标注,④-待人工·行内值,
行内,,lib/algorithms/coverage/src/upm.cpp:2417,1.0,未标注,④-待人工·行内值,
行内,,lib/algorithms/coverage/src/upm.cpp:2471,0.0,未标注,④-待人工·行内值,
行内,,lib/algorithms/coverage/src/upm.cpp:2481,0.0,未标注,④-待人工·行内值,
行内,,lib/algorithms/coverage/src/upm.cpp:2484,1.0,未标注,④-待人工·行内值,
行内,,lib/algorithms/coverage/src/upm.cpp:2485,1.0,未标注,④-待人工·行内值,
行内,,lib/algorithms/coverage/src/upm.cpp:2603,0.0,未标注,④-待人工·行内值,
行内,,lib/algorithms/coverage/src/upm.cpp:2612,0.0,未标注,④-待人工·行内值,
行内,,lib/algorithms/coverage/src/upm.cpp:2617,0.0,未标注,④-待人工·行内值,
行内,,lib/algorithms/coverage/src/upm.cpp:2629,0.0,未标注,④-待人工·行内值,
行内,,lib/algorithms/coverage/src/upm.cpp:2630,0.0,未标注,④-待人工·行内值,
行内,,lib/algorithms/coverage/src/upm.cpp:2646,1.0,未标注,④-待人工·行内值,
行内,,lib/algorithms/coverage/src/upm.cpp:2654,1.0,未标注,④-待人工·行内值,
行内,,lib/algorithms/coverage/src/upm.cpp:2657,10.0,未标注,④-待人工·行内值,
行内,,lib/algorithms/coverage/src/upm.cpp:2676,10.0,未标注,④-待人工·行内值,
行内,,lib/algorithms/coverage/src/upm.cpp:2684,0.0,未标注,④-待人工·行内值,
行内,,lib/algorithms/coverage/src/upm.cpp:2685,0.0,未标注,④-待人工·行内值,
行内,,lib/algorithms/coverage/src/upm.cpp:2701,1.0,未标注,④-待人工·行内值,
行内,,lib/algorithms/coverage/src/upm.cpp:2750,0.0,未标注,④-待人工·行内值,
行内,,lib/algorithms/coverage/src/upm.cpp:2758,1.0,未标注,④-待人工·行内值,
行内,,lib/algorithms/coverage/src/upm.cpp:2882,0.0,未标注,④-待人工·行内值,
行内,,lib/algorithms/coverage/src/upm.cpp:2928,0.0,未标注,④-待人工·行内值,
行内,,lib/algorithms/coverage/src/upm.cpp:2961,0.0,未标注,④-待人工·行内值,
行内,,lib/algorithms/coverage/src/upm.cpp:2962,0.0,未标注,④-待人工·行内值,
行内,,lib/algorithms/coverage/src/upm.cpp:2966,1.0,未标注,④-待人工·行内值,
行内,,lib/algorithms/coverage/src/upm.cpp:2967,1.0,未标注,④-待人工·行内值,
行内,,lib/algorithms/coverage/src/upm.cpp:2974,0.0,未标注,④-待人工·行内值,
行内,,lib/algorithms/coverage/tools/calibrated_pair_diag.cpp:47,0.0,未标注,④-待人工·行内值,
行内,,lib/algorithms/coverage/tools/calibrated_pair_diag.cpp:60,1.482602218505602,未标注,④-待人工·行内值,
行内,,lib/algorithms/coverage/tools/calibrated_pair_diag.cpp:64,0.0,未标注,④-待人工·行内值,
行内,,lib/algorithms/coverage/tools/rejection_cli.cpp:223,0.1,未标注,④-待人工·行内值,
行内,,lib/algorithms/coverage/tools/stage2.cpp:411,0.0,未标注,④-待人工·行内值,
行内,,lib/algorithms/coverage/tools/stage2.cpp:491,0.0,未标注,④-待人工·行内值,
行内,,lib/algorithms/coverage/tools/stage2.cpp:492,0.0,未标注,④-待人工·行内值,
行内,,lib/algorithms/coverage/tools/stage2.cpp:493,0.0,未标注,④-待人工·行内值,
行内,,lib/algorithms/coverage/tools/stage2.cpp:496,0.0,未标注,④-待人工·行内值,
行内,,lib/algorithms/coverage/tools/stage2.cpp:635,0.0,未标注,④-待人工·行内值,
行内,,lib/algorithms/coverage/tools/stage2.cpp:657,0.01,未标注,④-待人工·行内值,
行内,,lib/algorithms/coverage/tools/stage2.cpp:800,9.73,未标注,④-待人工·行内值,
行内,,lib/algorithms/coverage/tools/stage2.cpp:823,0.0,未标注,④-待人工·行内值,
行内,,lib/algorithms/coverage/tools/stage2.cpp:1095,0.0,未标注,④-待人工·行内值,
行内,,lib/algorithms/coverage/tools/stage2.cpp:1096,0.0,未标注,④-待人工·行内值,
行内,,lib/algorithms/coverage/tools/stage2.cpp:1097,0.0,未标注,④-待人工·行内值,
行内,,lib/algorithms/coverage/tools/stage2.cpp:1171,1.0,未标注,④-待人工·行内值,
行内,,lib/algorithms/coverage/tools/stage2.cpp:1253,0.0,未标注,④-待人工·行内值,
行内,,lib/algorithms/coverage/tools/stage2.cpp:1255,0.0,未标注,④-待人工·行内值,
行内,,lib/algorithms/coverage/tools/stage2.cpp:1527,1.0,未标注,④-待人工·行内值,
行内,,lib/algorithms/drizzle/healpix_drizzle/astro_sphere_sink.cpp:134,0.0,未标注,④-待人工·行内值,
行内,,lib/algorithms/drizzle/healpix_drizzle/astro_sphere_sink.cpp:180,0.0,未标注,④-待人工·行内值,
行内,,lib/algorithms/drizzle/healpix_drizzle/astro_sphere_sink.cpp:187,1.0,未标注,④-待人工·行内值,
行内,,lib/algorithms/drizzle/healpix_drizzle/astro_sphere_sink.cpp:332,12.0,未标注,④-待人工·行内值,
行内,,lib/algorithms/drizzle/healpix_drizzle/astro_sphere_sink.cpp:366,0.0,未标注,④-待人工·行内值,
行内,,lib/algorithms/drizzle/healpix_drizzle/astro_sphere_sink.cpp:429,0.0,未标注,④-待人工·行内值,
行内,,lib/algorithms/drizzle/healpix_drizzle/astro_sphere_sink.cpp:430,0.0,未标注,④-待人工·行内值,
行内,,lib/algorithms/drizzle/healpix_drizzle/astro_sphere_sink.cpp:456,0.0,未标注,④-待人工·行内值,
行内,,lib/algorithms/drizzle/healpix_drizzle/astro_sphere_sink.cpp:457,0.0,未标注,④-待人工·行内值,
行内,,lib/algorithms/drizzle/healpix_drizzle/astro_sphere_sink.cpp:542,255.0,未标注,④-待人工·行内值,
行内,,lib/algorithms/drizzle/healpix_drizzle/astro_sphere_sink.cpp:613,12.2,未标注,④-待人工·行内值,
行内,,lib/algorithms/drizzle/healpix_drizzle/drizzle_engine.cpp:437,0.9,未标注,④-待人工·行内值,
行内,,lib/algorithms/drizzle/healpix_drizzle/drizzle_engine.cpp:521,-1.0,未标注,④-待人工·行内值,
行内,,lib/algorithms/drizzle/healpix_drizzle/drizzle_engine.cpp:538,0.0,未标注,④-待人工·行内值,
行内,,lib/algorithms/drizzle/healpix_drizzle/drizzle_engine.cpp:539,-1.0,未标注,④-待人工·行内值,
行内,,lib/algorithms/drizzle/healpix_drizzle/drizzle_engine.cpp:600,0.0,未标注,④-待人工·行内值,
行内,,lib/algorithms/drizzle/healpix_drizzle/drizzle_engine.cpp:700,0.0,未标注,④-待人工·行内值,
行内,,lib/algorithms/drizzle/healpix_drizzle/drizzle_engine.cpp:1116,0.0,未标注,④-待人工·行内值,
行内,,lib/algorithms/drizzle/healpix_drizzle/drizzle_engine.cpp:1387,1.0,未标注,④-待人工·行内值,
行内,,lib/algorithms/drizzle/healpix_drizzle/drizzle_engine.cpp:1389,0.5,未标注,④-待人工·行内值,
行内,,lib/algorithms/drizzle/healpix_drizzle/drizzle_engine.cpp:1390,0.5,未标注,④-待人工·行内值,
行内,,lib/algorithms/drizzle/healpix_drizzle/drizzle_engine.cpp:1391,0.5,未标注,④-待人工·行内值,
行内,,lib/algorithms/drizzle/healpix_drizzle/drizzle_engine.cpp:1392,0.5,未标注,④-待人工·行内值,
行内,,lib/algorithms/drizzle/healpix_drizzle/drizzle_engine.cpp:1827,0.0,未标注,④-待人工·行内值,
行内,,lib/algorithms/drizzle/healpix_drizzle/drizzle_engine.cpp:1828,0.0,未标注,④-待人工·行内值,
行内,,lib/algorithms/drizzle/healpix_drizzle/drizzle_engine.cpp:1830,0.0,未标注,④-待人工·行内值,
行内,,lib/algorithms/drizzle/healpix_drizzle/drizzle_engine.cpp:1831,0.0,未标注,④-待人工·行内值,
行内,,lib/algorithms/drizzle/healpix_drizzle/drizzle_engine.cpp:1832,0.0,未标注,④-待人工·行内值,
行内,,lib/algorithms/drizzle/healpix_drizzle/drizzle_engine.cpp:2010,0.5,未标注,④-待人工·行内值,
行内,,lib/algorithms/drizzle/healpix_drizzle/drizzle_engine.cpp:2011,0.5,未标注,④-待人工·行内值,
行内,,lib/algorithms/drizzle/healpix_drizzle/drizzle_engine.cpp:2252,0.0,未标注,④-待人工·行内值,
行内,,lib/algorithms/drizzle/healpix_drizzle/drizzle_engine.cpp:2253,0.0,未标注,④-待人工·行内值,
行内,,lib/algorithms/drizzle/healpix_drizzle/drizzle_engine.cpp:2311,0.0,未标注,④-待人工·行内值,
行内,,lib/algorithms/drizzle/healpix_drizzle/drizzle_engine.cpp:2323,0.0,未标注,④-待人工·行内值,
行内,,lib/algorithms/drizzle/healpix_drizzle/drizzle_engine.cpp:2326,0.0,未标注,④-待人工·行内值,
行内,,lib/algorithms/drizzle/healpix_drizzle/fits_reader.cpp:68,0.0,未标注,④-待人工·行内值,
行内,,lib/algorithms/drizzle/healpix_drizzle/fits_reader.cpp:355,0.0,未标注,④-待人工·行内值,
行内,,lib/algorithms/drizzle/healpix_drizzle/fits_reader.cpp:356,0.0,未标注,④-待人工·行内值,
行内,,lib/algorithms/drizzle/healpix_drizzle/healpix_core.h:54,360.0,未标注,④-待人工·行内值,
行内,,lib/algorithms/drizzle/healpix_drizzle/hp_drizzle_api.cpp:324,0.0,未标注,④-待人工·行内值,
行内,,lib/algorithms/drizzle/healpix_drizzle/hp_drizzle_api.cpp:437,0.0,未标注,④-待人工·行内值,
行内,,lib/algorithms/drizzle/healpix_drizzle/hp_drizzle_api.cpp:963,0.0,未标注,④-待人工·行内值,
行内,,lib/algorithms/drizzle/healpix_drizzle/hp_drizzle_api.cpp:991,5.3,未标注,④-待人工·行内值,
行内,,lib/algorithms/drizzle/healpix_drizzle/hp_drizzle_api.cpp:1186,3600.0,未标注,④-待人工·行内值,
行内,,lib/algorithms/drizzle/healpix_drizzle/hp_drizzle_api.cpp:1225,0.0,未标注,④-待人工·行内值,
行内,,lib/algorithms/drizzle/healpix_drizzle/hp_drizzle_api.cpp:1258,0.0,未标注,④-待人工·行内值,
行内,,lib/algorithms/drizzle/healpix_drizzle/nanoflann.hpp:141,3.14159265358979323846,未标注,④-待人工·行内值,
行内,,lib/algorithms/drizzle/healpix_drizzle/poly_clip.cpp:16,180.0,未标注,④-待人工·行内值,
行内,,lib/algorithms/drizzle/healpix_drizzle/poly_clip.cpp:17,180.0,未标注,④-待人工·行内值,
行内,,lib/algorithms/drizzle/healpix_drizzle/poly_clip.cpp:125,2.0,未标注,④-待人工·行内值,
行内,,lib/algorithms/drizzle/healpix_drizzle/poly_clip.cpp:272,0.0,未标注,④-待人工·行内值,
行内,,lib/algorithms/drizzle/healpix_drizzle/reverse_drizzle.cpp:65,0.0,未标注,④-待人工·行内值,
行内,,lib/algorithms/drizzle/healpix_drizzle/reverse_drizzle.cpp:77,3.0,未标注,④-待人工·行内值,
行内,,lib/algorithms/drizzle/healpix_drizzle/reverse_drizzle.cpp:78,3.0,未标注,④-待人工·行内值,
行内,,lib/algorithms/drizzle/healpix_drizzle/reverse_drizzle.cpp:105,1.0,未标注,④-待人工·行内值,
行内,,lib/algorithms/drizzle/healpix_drizzle/reverse_drizzle.cpp:170,1.0,未标注,④-待人工·行内值,
行内,,lib/algorithms/drizzle/healpix_drizzle/reverse_drizzle.cpp:173,0.0,未标注,④-待人工·行内值,
行内,,lib/algorithms/drizzle/healpix_drizzle/reverse_drizzle.cpp:180,0.0,未标注,④-待人工·行内值,
行内,,lib/algorithms/drizzle/healpix_drizzle/reverse_drizzle.cpp:210,1.0,未标注,④-待人工·行内值,
行内,,lib/algorithms/drizzle/healpix_drizzle/reverse_drizzle.cpp:217,0.0,未标注,④-待人工·行内值,
行内,,lib/algorithms/drizzle/healpix_drizzle/reverse_drizzle.cpp:298,1.0,未标注,④-待人工·行内值,
行内,,lib/algorithms/drizzle/healpix_drizzle/reverse_drizzle.cpp:349,0.0,未标注,④-待人工·行内值,
行内,,lib/algorithms/drizzle/healpix_drizzle/reverse_drizzle.cpp:350,0.0,未标注,④-待人工·行内值,
行内,,lib/algorithms/drizzle/healpix_drizzle/snr_evaluator.cpp:362,0.0,未标注,④-待人工·行内值,
行内,,lib/algorithms/drizzle/healpix_drizzle/spherical_overlap.cpp:146,0.0,未标注,④-待人工·行内值,
行内,,lib/algorithms/drizzle/healpix_drizzle/spherical_overlap.cpp:224,0.5,未标注,④-待人工·行内值,
行内,,lib/algorithms/drizzle/healpix_drizzle/spherical_overlap.cpp:262,2.0,未标注,④-待人工·行内值,
行内,,lib/algorithms/drizzle/healpix_drizzle/spherical_overlap.cpp:593,360.0,未标注,④-待人工·行内值,
行内,,lib/algorithms/drizzle/healpix_drizzle/spherical_overlap.cpp:685,360.0,未标注,④-待人工·行内值,
行内,,lib/algorithms/drizzle/healpix_drizzle/spherical_overlap.cpp:745,-1.0,未标注,④-待人工·行内值,
行内,,lib/algorithms/drizzle/healpix_drizzle/spherical_overlap.cpp:756,4.0,未标注,④-待人工·行内值,
行内,,lib/algorithms/drizzle/healpix_drizzle/spherical_overlap.cpp:768,0.0,未标注,④-待人工·行内值,
行内,,lib/algorithms/drizzle/healpix_drizzle/spherical_overlap.cpp:1008,0.0,未标注,④-待人工·行内值,
行内,,lib/algorithms/drizzle/healpix_drizzle/spherical_overlap.cpp:1014,0.0,未标注,④-待人工·行内值,
行内,,lib/algorithms/drizzle/healpix_drizzle/spherical_overlap.cpp:1030,0.5,未标注,④-待人工·行内值,
行内,,lib/algorithms/drizzle/healpix_drizzle/spherical_overlap.cpp:1147,0.0,未标注,④-待人工·行内值,
行内,,lib/algorithms/drizzle/healpix_drizzle/spherical_overlap.cpp:1242,3.0,未标注,④-待人工·行内值,
行内,,lib/algorithms/drizzle/healpix_drizzle/spherical_overlap.cpp:1261,0.0,未标注,④-待人工·行内值,
行内,,lib/algorithms/drizzle/healpix_drizzle/spherical_overlap.cpp:1876,0.0,未标注,④-待人工·行内值,
行内,,lib/algorithms/drizzle/healpix_drizzle/v6_drizzle_science.cpp:27,0.0,未标注,④-待人工·行内值,
行内,,lib/algorithms/drizzle/healpix_drizzle/v6_drizzle_science.cpp:119,3.1,未标注,④-待人工·行内值,
行内,,lib/algorithms/drizzle/healpix_drizzle/v6_drizzle_science.cpp:145,1.0,未标注,④-待人工·行内值,
行内,,lib/algorithms/drizzle/healpix_drizzle/v6_drizzle_science.cpp:195,0.0,未标注,④-待人工·行内值,
行内,,lib/algorithms/drizzle/healpix_drizzle/v6_drizzle_science.cpp:230,0.0,未标注,④-待人工·行内值,
行内,,lib/algorithms/drizzle/healpix_drizzle/v6_drizzle_science.cpp:233,0.0,未标注,④-待人工·行内值,
行内,,lib/algorithms/drizzle/healpix_drizzle/v6_drizzle_science.cpp:234,0.0,未标注,④-待人工·行内值,
行内,,lib/algorithms/drizzle/healpix_drizzle/v6_drizzle_science.cpp:242,0.0,未标注,④-待人工·行内值,
行内,,lib/algorithms/drizzle/healpix_drizzle/v6_drizzle_science.cpp:251,0.0,未标注,④-待人工·行内值,
行内,,lib/algorithms/drizzle/healpix_drizzle/v6_drizzle_science.cpp:258,0.0,未标注,④-待人工·行内值,
行内,,lib/algorithms/drizzle/healpix_drizzle/v6_drizzle_science.cpp:330,0.0,未标注,④-待人工·行内值,
行内,,lib/algorithms/drizzle/healpix_drizzle/v6_drizzle_science.cpp:333,0.0,未标注,④-待人工·行内值,
行内,,lib/algorithms/drizzle/healpix_drizzle/v6_drizzle_science.cpp:352,0.0,未标注,④-待人工·行内值,
行内,,lib/algorithms/drizzle/healpix_drizzle/v6_drizzle_science.cpp:353,0.0,未标注,④-待人工·行内值,
行内,,lib/algorithms/drizzle/healpix_drizzle/v6_drizzle_science.cpp:356,0.0,未标注,④-待人工·行内值,
行内,,lib/algorithms/drizzle/healpix_drizzle/v6_drizzle_science.cpp:367,0.0,未标注,④-待人工·行内值,
行内,,lib/algorithms/drizzle/healpix_drizzle/v6_drizzle_science.cpp:378,0.0,未标注,④-待人工·行内值,
行内,,lib/algorithms/drizzle/healpix_drizzle/v6_drizzle_science.cpp:431,0.0,未标注,④-待人工·行内值,
行内,,lib/algorithms/drizzle/healpix_drizzle/v6_drizzle_science.cpp:435,1.0,未标注,④-待人工·行内值,
行内,,lib/algorithms/drizzle/healpix_drizzle/v6_drizzle_science.cpp:639,1.0,未标注,④-待人工·行内值,
行内,,lib/algorithms/drizzle/healpix_drizzle/v6_drizzle_science.cpp:640,1.0,未标注,④-待人工·行内值,
行内,,lib/algorithms/drizzle/healpix_drizzle/v6_spherical_overlap.cpp:22,0.0,未标注,④-待人工·行内值,
行内,,lib/algorithms/drizzle/healpix_drizzle/v6_spherical_overlap.cpp:44,0.0,未标注,④-待人工·行内值,
行内,,lib/algorithms/drizzle/healpix_drizzle/v6_spherical_overlap.cpp:58,0.0,未标注,④-待人工·行内值,
行内,,lib/algorithms/drizzle/healpix_drizzle/v6_spherical_overlap.cpp:64,0.0,未标注,④-待人工·行内值,
行内,,lib/algorithms/drizzle/healpix_drizzle/v6_spherical_overlap.cpp:90,0.0,未标注,④-待人工·行内值,
行内,,lib/algorithms/drizzle/healpix_drizzle/v6_spherical_overlap.cpp:94,0.0,未标注,④-待人工·行内值,
行内,,lib/algorithms/drizzle/healpix_drizzle/wcs_sip.cpp:35,0.0,未标注,④-待人工·行内值,
行内,,lib/algorithms/drizzle/healpix_drizzle/wcs_sip.cpp:36,0.0,未标注,④-待人工·行内值,
行内,,lib/algorithms/drizzle/healpix_drizzle/wcs_sip.cpp:50,0.0,未标注,④-待人工·行内值,
行内,,lib/algorithms/drizzle/healpix_drizzle/wcs_sip.cpp:51,0.0,未标注,④-待人工·行内值,
行内,,lib/algorithms/drizzle/healpix_drizzle/wcs_sip.cpp:163,2.0,未标注,④-待人工·行内值,
行内,,lib/algorithms/drizzle/healpix_drizzle/wcs_sip.cpp:164,2.0,未标注,④-待人工·行内值,
行内,,lib/algorithms/drizzle/healpix_drizzle/wcs_sip.cpp:211,0.0,未标注,④-待人工·行内值,
行内,,lib/algorithms/drizzle/hips/src/aio_publish.cpp:8,9.73,未标注,④-待人工·行内值,
行内,,lib/algorithms/drizzle/hips/src/module_entry.cpp:68,1.0,未标注,④-待人工·行内值,
行内,,lib/algorithms/drizzle/hips/src/module_entry.cpp:174,0.0,未标注,④-待人工·行内值,
行内,,lib/algorithms/drizzle/hips/src/module_entry.cpp:178,0.0,未标注,④-待人工·行内值,
行内,,lib/algorithms/drizzle/hips/src/module_entry.cpp:181,0.0,未标注,④-待人工·行内值,
行内,,lib/algorithms/drizzle/hips/src/module_entry.cpp:184,0.0,未标注,④-待人工·行内值,
行内,,lib/algorithms/drizzle/hips/src/module_entry.cpp:379,0.0,未标注,④-待人工·行内值,
行内,,lib/algorithms/drizzle/hips/src/module_entry.cpp:1152,1.1,未标注,④-待人工·行内值,
行内,,lib/algorithms/drizzle/src/module_entry.cpp:60,1.0,未标注,④-待人工·行内值,
行内,,lib/algorithms/drizzle/src/module_entry.cpp:153,0.0,未标注,④-待人工·行内值,
行内,,lib/algorithms/drizzle/src/module_entry.cpp:157,0.0,未标注,④-待人工·行内值,
行内,,lib/algorithms/drizzle/src/module_entry.cpp:160,0.0,未标注,④-待人工·行内值,
行内,,lib/algorithms/drizzle/src/module_entry.cpp:163,0.0,未标注,④-待人工·行内值,
行内,,lib/algorithms/drizzle/src/module_entry.cpp:437,1.0,未标注,④-待人工·行内值,
行内,,lib/algorithms/drizzle/src/module_entry.cpp:438,2147483647.0,未标注,④-待人工·行内值,
行内,,lib/algorithms/drizzle/src/module_entry.cpp:450,0.0,未标注,④-待人工·行内值,
行内,,lib/algorithms/drizzle/src/module_entry.cpp:701,1.0,未标注,④-待人工·行内值,
行内,,lib/algorithms/drizzle/src/module_entry.cpp:780,1.0,未标注,④-待人工·行内值,
行内,,lib/algorithms/drizzle/src/module_entry.cpp:781,2147483647.0,未标注,④-待人工·行内值,
行内,,lib/algorithms/drizzle/src/module_entry.cpp:1037,1.0,未标注,④-待人工·行内值,
行内,,lib/algorithms/drizzle/src/module_entry.cpp:1038,4294967295.0,未标注,④-待人工·行内值,
行内,,lib/algorithms/drizzle/src/module_entry.cpp:1323,1.1,未标注,④-待人工·行内值,
行内,,lib/algorithms/fits_output/CMakeLists.txt:9,7.1,未标注,④-待人工·行内值,
行内,,lib/algorithms/fits_output/p3_output.h:101,8.3,未标注,④-待人工·行内值,
行内,,lib/algorithms/integration/v6/CMakeLists.txt:4,-004.4,未标注,④-待人工·行内值,
行内,,lib/algorithms/integration/v6/CMakeLists.txt:7,3.16,未标注,④-待人工·行内值,
行内,,lib/algorithms/integration/v6/include/astrocs/v6/phase2_integrate.h:21,3.1,未标注,④-待人工·行内值,
行内,,lib/algorithms/integration/v6/include/astrocs/v6/phase2_integrate.h:29,1.05,未标注,④-待人工·行内值,
行内,,lib/algorithms/integration/v6/include/astrocs/v6/phase2_integrate.h:35,-004.2,未标注,④-待人工·行内值,
行内,,lib/algorithms/integration/v6/include/astrocs/v6/variance_propagation.h:8,4.1,未标注,④-待人工·行内值,
行内,,lib/algorithms/integration/v6/include/astrocs/v6/weight_chain.h:4,4.3,未标注,④-待人工·行内值,
行内,,lib/algorithms/integration/v6/include/astrocs/v6/weight_chain.h:6,3.4,未标注,④-待人工·行内值,
行内,,lib/algorithms/integration/v6/include/astrocs/v6/weight_chain.h:8,4.1,未标注,④-待人工·行内值,
行内,,lib/algorithms/integration/v6/include/astrocs/v6/weight_chain.h:10,4.0,未标注,④-待人工·行内值,
行内,,lib/algorithms/integration/v6/include/astrocs/v6/weight_chain.h:20,3.4,未标注,④-待人工·行内值,
行内,,lib/algorithms/integration/v6/include/astrocs/v6/weight_chain.h:94,9.3,未标注,④-待人工·行内值,
行内,,lib/algorithms/integration/v6/include/astrocs/v6/weight_chain.h:120,4.5,未标注,④-待人工·行内值,
行内,,lib/algorithms/integration/v6/include/astrocs/v6/weight_chain.h:136,31.5,未标注,④-待人工·行内值,
行内,,lib/algorithms/integration/v6/include/astrocs/v6/weight_chain.h:138,0.5,未标注,④-待人工·行内值,
行内,,lib/algorithms/integration/v6/include/astrocs/v6/weight_chain.h:139,0.5,未标注,④-待人工·行内值,
行内,,lib/algorithms/integration/v6/include/astrocs/v6/weight_chain.h:260,9.49,未标注,④-待人工·行内值,
行内,,lib/algorithms/integration/v6/include/astrocs/v6/weight_chain.h:266,9.49,未标注,④-待人工·行内值,
行内,,lib/algorithms/integration/v6/src/phase2_integrate.cpp:53,0.0,未标注,④-待人工·行内值,
行内,,lib/algorithms/integration/v6/src/phase2_integrate.cpp:62,0.0,未标注,④-待人工·行内值,
行内,,lib/algorithms/integration/v6/src/phase2_integrate.cpp:77,0.0,未标注,④-待人工·行内值,
行内,,lib/algorithms/integration/v6/src/phase2_integrate.cpp:168,0.0,未标注,④-待人工·行内值,
行内,,lib/algorithms/integration/v6/src/phase2_integrate.cpp:197,3.1,未标注,④-待人工·行内值,
行内,,lib/algorithms/integration/v6/src/phase2_integrate.cpp:206,3.1,未标注,④-待人工·行内值,
行内,,lib/algorithms/integration/v6/src/phase2_integrate.cpp:346,1.0,未标注,④-待人工·行内值,
行内,,lib/algorithms/integration/v6/src/phase2_integrate.cpp:502,0.0,未标注,④-待人工·行内值,
行内,,lib/algorithms/integration/v6/src/phase2_integrate.cpp:564,1.0,未标注,④-待人工·行内值,
行内,,lib/algorithms/integration/v6/src/phase2_integrate.cpp:688,1.0,未标注,④-待人工·行内值,
行内,,lib/algorithms/integration/v6/src/phase2_integrate.cpp:708,4.71,未标注,④-待人工·行内值,
行内,,lib/algorithms/integration/v6/src/phase2_integrate.cpp:712,3.14,未标注,④-待人工·行内值,
行内,,lib/algorithms/integration/v6/src/phase2_integrate.cpp:855,0.0,未标注,④-待人工·行内值,
行内,,lib/algorithms/integration/v6/src/phase2_integrate.cpp:867,0.0,未标注,④-待人工·行内值,
行内,,lib/algorithms/integration/v6/src/phase2_integrate.cpp:887,0.0,未标注,④-待人工·行内值,
行内,,lib/algorithms/integration/v6/src/phase2_integrate.cpp:930,0.0,未标注,④-待人工·行内值,
行内,,lib/algorithms/integration/v6/src/phase2_integrate.cpp:936,0.0,未标注,④-待人工·行内值,
行内,,lib/algorithms/integration/v6/src/phase2_integrate.cpp:989,0.0,未标注,④-待人工·行内值,
行内,,lib/algorithms/integration/v6/src/phase2_integrate.cpp:1303,0.0,未标注,④-待人工·行内值,
行内,,lib/algorithms/integration/v6/src/phase2_integrate.cpp:1333,0.0,未标注,④-待人工·行内值,
行内,,lib/algorithms/integration/v6/src/phase2_integrate.cpp:1338,1.0,未标注,④-待人工·行内值,
行内,,lib/algorithms/integration/v6/src/phase2_integrate.cpp:1372,0.3,未标注,④-待人工·行内值,
行内,,lib/algorithms/integration/v6/src/phase2_integrate.cpp:1374,0.0,未标注,④-待人工·行内值,
行内,,lib/algorithms/integration/v6/src/phase2_integrate.cpp:1409,0.0,未标注,④-待人工·行内值,
行内,,lib/algorithms/integration/v6/src/variance_propagation.cpp:17,0.0,未标注,④-待人工·行内值,
行内,,lib/algorithms/integration/v6/src/variance_propagation.cpp:27,0.0,未标注,④-待人工·行内值,
行内,,lib/algorithms/integration/v6/src/variance_propagation.cpp:72,0.0,未标注,④-待人工·行内值,
行内,,lib/algorithms/integration/v6/src/variance_propagation.cpp:85,0.0,未标注,④-待人工·行内值,
行内,,lib/algorithms/integration/v6/src/variance_propagation.cpp:105,0.0,未标注,④-待人工·行内值,
行内,,lib/algorithms/integration/v6/src/variance_propagation.cpp:116,0.0,未标注,④-待人工·行内值,
行内,,lib/algorithms/integration/v6/src/variance_propagation.cpp:133,0.0,未标注,④-待人工·行内值,
行内,,lib/algorithms/integration/v6/src/variance_propagation.cpp:162,0.0,未标注,④-待人工·行内值,
行内,,lib/algorithms/integration/v6/src/variance_propagation.cpp:182,0.0,未标注,④-待人工·行内值,
行内,,lib/algorithms/integration/v6/src/weight_chain.cpp:19,0.0,未标注,④-待人工·行内值,
行内,,lib/algorithms/integration/v6/src/weight_chain.cpp:44,1.0,未标注,④-待人工·行内值,
行内,,lib/algorithms/integration/v6/src/weight_chain.cpp:210,0.0,未标注,④-待人工·行内值,
行内,,lib/algorithms/integration/v6/src/weight_chain.cpp:211,0.0,未标注,④-待人工·行内值,
行内,,lib/algorithms/integration/v6/src/weight_chain.cpp:213,1.0,未标注,④-待人工·行内值,
行内,,lib/algorithms/integration/v6/src/weight_chain.cpp:217,1.0,未标注,④-待人工·行内值,
行内,,lib/algorithms/integration/v6/src/weight_chain.cpp:256,0.0,未标注,④-待人工·行内值,
行内,,lib/algorithms/integration/v6/src/weight_chain.cpp:454,0.0,未标注,④-待人工·行内值,
行内,,lib/algorithms/integration/v6/src/weight_chain.cpp:511,0.0,未标注,④-待人工·行内值,
行内,,lib/algorithms/integration/v6/src/weight_chain.cpp:512,0.0,未标注,④-待人工·行内值,
行内,,lib/algorithms/integration/v6/src/weight_chain.cpp:513,0.0,未标注,④-待人工·行内值,
行内,,lib/algorithms/integration/v6/src/weight_chain.cpp:580,1.0,未标注,④-待人工·行内值,
行内,,lib/algorithms/integration/v6/src/weight_chain.cpp:596,0.5,未标注,④-待人工·行内值,
行内,,lib/algorithms/integration/v6/src/weight_chain.cpp:631,1.0,未标注,④-待人工·行内值,
行内,,lib/algorithms/integration/v6/src/weight_chain.cpp:682,1.0,未标注,④-待人工·行内值,
行内,,lib/algorithms/integration/v6/src/weight_chain.cpp:683,0.0,未标注,④-待人工·行内值,
行内,,lib/algorithms/integration/v6/src/weight_chain.cpp:684,0.0,未标注,④-待人工·行内值,
行内,,lib/algorithms/integration/v6/src/weight_chain.cpp:686,0.0,未标注,④-待人工·行内值,
行内,,lib/algorithms/integration/v6/src/weight_chain.cpp:687,1.0,未标注,④-待人工·行内值,
行内,,lib/algorithms/integration/v6/src/weight_chain.cpp:767,9.49,未标注,④-待人工·行内值,
行内,,lib/algorithms/integration/v6/src/weight_chain.cpp:810,1.0,未标注,④-待人工·行内值,
行内,,lib/algorithms/integration/v6/src/weight_chain.cpp:811,1.0,未标注,④-待人工·行内值,
行内,,lib/algorithms/integration/v6/src/weight_chain.cpp:812,0.0,未标注,④-待人工·行内值,
行内,,lib/algorithms/integration/v6/src/weight_chain.cpp:813,1.0,未标注,④-待人工·行内值,
行内,,lib/algorithms/integration/v6/src/weight_chain.cpp:815,0.0,未标注,④-待人工·行内值,
行内,,lib/algorithms/integration/v6_phase1/CMakeLists.txt:4,-004.4,未标注,④-待人工·行内值,
行内,,lib/algorithms/integration/v6_phase1/CMakeLists.txt:7,3.16,未标注,④-待人工·行内值,
行内,,lib/algorithms/integration/v6_phase1/include/astrocs/v6/phase1_product.h:22,3.1,未标注,④-待人工·行内值,
行内,,lib/algorithms/integration/v6_phase1/include/astrocs/v6/phase1_product.h:42,-004.2,未标注,④-待人工·行内值,
行内,,lib/algorithms/integration/v6_phase1/include/astrocs/v6/phase1_product.h:222,3.1,未标注,④-待人工·行内值,
行内,,lib/algorithms/integration/v6_phase1/src/phase1_product.cpp:61,3.1,未标注,④-待人工·行内值,
行内,,lib/algorithms/integration/v6_phase1/src/phase1_product.cpp:82,3.1,未标注,④-待人工·行内值,
行内,,lib/algorithms/integration/v6_phase1/src/phase1_product.cpp:113,-004.2,未标注,④-待人工·行内值,
行内,,lib/algorithms/integration/v6_phase1/src/phase1_product.cpp:276,1.4,未标注,④-待人工·行内值,
行内,,lib/algorithms/integration/v6_phase1/src/phase1_product.cpp:295,7.2,未标注,④-待人工·行内值,
行内,,lib/algorithms/integration/v6_phase1/src/phase1_product.cpp:359,1.0,未标注,④-待人工·行内值,
行内,,lib/algorithms/integration/v6_phase1/src/phase1_product.cpp:540,0.0,未标注,④-待人工·行内值,
行内,,lib/algorithms/integration/v6_phase1/src/phase1_product.cpp:548,0.0,未标注,④-待人工·行内值,
行内,,lib/algorithms/integration/v6_phase1/src/phase1_product.cpp:566,1.0,未标注,④-待人工·行内值,
行内,,lib/algorithms/integration/v6_phase1/src/phase1_product.cpp:623,31.1,未标注,④-待人工·行内值,
行内,,lib/algorithms/integration/v6_phase1/src/phase1_product.cpp:769,0.0,未标注,④-待人工·行内值,
行内,,lib/algorithms/integration/v6_phase1/src/phase1_product.cpp:827,1.0,未标注,④-待人工·行内值,
行内,,lib/algorithms/integration/v6_phase1/src/phase1_product.cpp:1044,0.0,未标注,④-待人工·行内值,
行内,,lib/algorithms/integration/v6_phase1/src/phase1_product.cpp:1129,1.0,未标注,④-待人工·行内值,
行内,,lib/algorithms/integration/v6_phase1/src/phase1_product.cpp:1173,0.0,未标注,④-待人工·行内值,
行内,,lib/algorithms/integration/v6_phase1/src/phase1_product.cpp:1174,1.0,未标注,④-待人工·行内值,
行内,,lib/algorithms/integration/v6_phase1/src/phase1_product.cpp:1197,0.0,未标注,④-待人工·行内值,
行内,,lib/algorithms/integration/v6_phase1/src/phase1_product.cpp:1199,1.0,未标注,④-待人工·行内值,
行内,,lib/algorithms/integration/v6_phase1/src/phase1_product.cpp:1279,3.1,未标注,④-待人工·行内值,
行内,,lib/algorithms/noise_snr/CMakeLists.txt:28,9.67,未标注,④-待人工·行内值,
行内,,lib/algorithms/noise_snr/cpp/include/snr_estimator.h:592,-2.5,未标注,④-待人工·行内值,
行内,,lib/algorithms/noise_snr/cpp/src/information_weight.cpp:3,3.4,未标注,④-待人工·行内值,
行内,,lib/algorithms/noise_snr/cpp/src/information_weight.cpp:31,0.0,未标注,④-待人工·行内值,
行内,,lib/algorithms/noise_snr/cpp/src/information_weight.cpp:37,0.0,未标注,④-待人工·行内值,
行内,,lib/algorithms/noise_snr/cpp/src/information_weight.cpp:50,0.0,未标注,④-待人工·行内值,
行内,,lib/algorithms/noise_snr/cpp/src/information_weight.cpp:56,0.0,未标注,④-待人工·行内值,
行内,,lib/algorithms/noise_snr/cpp/src/information_weight.cpp:67,0.0,未标注,④-待人工·行内值,
行内,,lib/algorithms/noise_snr/cpp/src/information_weight.cpp:75,0.0,未标注,④-待人工·行内值,
行内,,lib/algorithms/noise_snr/cpp/src/information_weight.cpp:82,0.0,未标注,④-待人工·行内值,
行内,,lib/algorithms/noise_snr/cpp/src/information_weight.cpp:105,0.0,未标注,④-待人工·行内值,
行内,,lib/algorithms/noise_snr/cpp/src/information_weight.cpp:122,0.0,未标注,④-待人工·行内值,
行内,,lib/algorithms/noise_snr/cpp/src/information_weight.cpp:123,0.0,未标注,④-待人工·行内值,
行内,,lib/algorithms/noise_snr/cpp/src/information_weight.cpp:150,0.0,未标注,④-待人工·行内值,
行内,,lib/algorithms/noise_snr/cpp/src/information_weight.cpp:152,0.0,未标注,④-待人工·行内值,
行内,,lib/algorithms/noise_snr/cpp/src/information_weight.cpp:156,0.0,未标注,④-待人工·行内值,
行内,,lib/algorithms/noise_snr/cpp/src/information_weight.cpp:168,0.0,未标注,④-待人工·行内值,
行内,,lib/algorithms/noise_snr/cpp/src/information_weight.cpp:210,0.0,未标注,④-待人工·行内值,
行内,,lib/algorithms/noise_snr/cpp/src/information_weight.cpp:220,0.0,未标注,④-待人工·行内值,
行内,,lib/algorithms/noise_snr/cpp/src/information_weight.cpp:233,0.0,未标注,④-待人工·行内值,
行内,,lib/algorithms/noise_snr/cpp/src/information_weight.cpp:255,0.0,未标注,④-待人工·行内值,
行内,,lib/algorithms/noise_snr/cpp/src/information_weight.cpp:283,0.0,未标注,④-待人工·行内值,
行内,,lib/algorithms/noise_snr/cpp/src/information_weight.cpp:308,0.0,未标注,④-待人工·行内值,
行内,,lib/algorithms/noise_snr/cpp/src/noise_model.cpp:72,0.0,未标注,④-待人工·行内值,
行内,,lib/algorithms/noise_snr/cpp/src/noise_model.cpp:101,0.0,未标注,④-待人工·行内值,
行内,,lib/algorithms/noise_snr/cpp/src/noise_model.cpp:114,0.0,未标注,④-待人工·行内值,
行内,,lib/algorithms/noise_snr/cpp/src/noise_model.cpp:119,1.482602218505602,未标注,④-待人工·行内值,
行内,,lib/algorithms/noise_snr/cpp/src/noise_model.cpp:124,0.0,未标注,④-待人工·行内值,
行内,,lib/algorithms/noise_snr/cpp/src/noise_model.cpp:160,0.0,未标注,④-待人工·行内值,
行内,,lib/algorithms/noise_snr/cpp/src/noise_model.cpp:185,0.0,未标注,④-待人工·行内值,
行内,,lib/algorithms/noise_snr/cpp/src/noise_model.cpp:199,0.0,未标注,④-待人工·行内值,
行内,,lib/algorithms/noise_snr/cpp/src/noise_model.cpp:259,0.0,未标注,④-待人工·行内值,
行内,,lib/algorithms/noise_snr/cpp/src/noise_model.cpp:261,0.0,未标注,④-待人工·行内值,
行内,,lib/algorithms/noise_snr/cpp/src/noise_model.cpp:262,2.0,未标注,④-待人工·行内值,
行内,,lib/algorithms/noise_snr/cpp/src/noise_model.cpp:334,0.0,未标注,④-待人工·行内值,
行内,,lib/algorithms/noise_snr/cpp/src/noise_model.cpp:339,0.0,未标注,④-待人工·行内值,
行内,,lib/algorithms/noise_snr/cpp/src/noise_model.cpp:345,0.0,未标注,④-待人工·行内值,
行内,,lib/algorithms/noise_snr/cpp/src/noise_model.cpp:361,0.0,未标注,④-待人工·行内值,
行内,,lib/algorithms/noise_snr/cpp/src/noise_model.cpp:379,0.0,未标注,④-待人工·行内值,
行内,,lib/algorithms/noise_snr/cpp/src/noise_model.cpp:426,0.0,未标注,④-待人工·行内值,
行内,,lib/algorithms/noise_snr/cpp/src/noise_model.cpp:430,0.0,未标注,④-待人工·行内值,
行内,,lib/algorithms/noise_snr/cpp/src/noise_model.cpp:441,0.0,未标注,④-待人工·行内值,
行内,,lib/algorithms/noise_snr/cpp/src/noise_model.cpp:449,0.0,未标注,④-待人工·行内值,
行内,,lib/algorithms/noise_snr/cpp/src/noise_model.cpp:450,0.0,未标注,④-待人工·行内值,
行内,,lib/algorithms/noise_snr/cpp/src/noise_model.cpp:457,0.0,未标注,④-待人工·行内值,
行内,,lib/algorithms/noise_snr/cpp/src/noise_model.cpp:463,0.5,未标注,④-待人工·行内值,
行内,,lib/algorithms/noise_snr/cpp/src/noise_model.cpp:481,0.0,未标注,④-待人工·行内值,
行内,,lib/algorithms/noise_snr/cpp/src/noise_model.cpp:485,0.0,未标注,④-待人工·行内值,
行内,,lib/algorithms/noise_snr/cpp/src/noise_model.cpp:496,1.0,未标注,④-待人工·行内值,
行内,,lib/algorithms/noise_snr/cpp/src/noise_model.cpp:529,0.0,未标注,④-待人工·行内值,
行内,,lib/algorithms/noise_snr/cpp/src/noise_model.cpp:538,0.0,未标注,④-待人工·行内值,
行内,,lib/algorithms/noise_snr/cpp/src/noise_model.cpp:565,0.0,未标注,④-待人工·行内值,
行内,,lib/algorithms/noise_snr/cpp/src/noise_model.cpp:571,0.0,未标注,④-待人工·行内值,
行内,,lib/algorithms/noise_snr/cpp/src/noise_model.cpp:574,1.0,未标注,④-待人工·行内值,
行内,,lib/algorithms/noise_snr/cpp/src/noise_model.cpp:647,0.0,未标注,④-待人工·行内值,
行内,,lib/algorithms/noise_snr/cpp/src/noise_model.cpp:648,0.0,未标注,④-待人工·行内值,
行内,,lib/algorithms/noise_snr/cpp/src/noise_model.cpp:653,0.0,未标注,④-待人工·行内值,
行内,,lib/algorithms/noise_snr/cpp/src/noise_model.cpp:657,0.0,未标注,④-待人工·行内值,
行内,,lib/algorithms/noise_snr/cpp/src/noise_model.cpp:662,0.0,未标注,④-待人工·行内值,
行内,,lib/algorithms/noise_snr/cpp/src/noise_model.cpp:672,0.0,未标注,④-待人工·行内值,
行内,,lib/algorithms/noise_snr/cpp/src/noise_model.cpp:761,0.0,未标注,④-待人工·行内值,
行内,,lib/algorithms/noise_snr/cpp/src/noise_model.cpp:778,0.0,未标注,④-待人工·行内值,
行内,,lib/algorithms/noise_snr/cpp/src/noise_model.cpp:805,0.0,未标注,④-待人工·行内值,
行内,,lib/algorithms/noise_snr/cpp/src/noise_model.cpp:845,0.0,未标注,④-待人工·行内值,
行内,,lib/algorithms/noise_snr/cpp/src/noise_model.cpp:846,0.0,未标注,④-待人工·行内值,
行内,,lib/algorithms/noise_snr/cpp/src/noise_model.cpp:849,0.0,未标注,④-待人工·行内值,
行内,,lib/algorithms/noise_snr/cpp/src/noise_model.cpp:861,1.0,未标注,④-待人工·行内值,
行内,,lib/algorithms/noise_snr/cpp/src/noise_model.cpp:866,0.0,未标注,④-待人工·行内值,
行内,,lib/algorithms/noise_snr/cpp/src/noise_model.cpp:876,0.0,未标注,④-待人工·行内值,
行内,,lib/algorithms/noise_snr/cpp/src/noise_model.cpp:878,0.0,未标注,④-待人工·行内值,
行内,,lib/algorithms/noise_snr/cpp/src/noise_model.cpp:895,1.0,未标注,④-待人工·行内值,
行内,,lib/algorithms/noise_snr/cpp/src/noise_model.cpp:896,0.0,未标注,④-待人工·行内值,
行内,,lib/algorithms/noise_snr/cpp/src/noise_model.cpp:959,0.0,未标注,④-待人工·行内值,
行内,,lib/algorithms/noise_snr/cpp/src/noise_model.cpp:969,0.5,未标注,④-待人工·行内值,
行内,,lib/algorithms/noise_snr/cpp/src/noise_model.cpp:970,0.5,未标注,④-待人工·行内值,
行内,,lib/algorithms/noise_snr/cpp/src/noise_model.cpp:971,0.0,未标注,④-待人工·行内值,
行内,,lib/algorithms/noise_snr/cpp/src/noise_model.cpp:987,0.0,未标注,④-待人工·行内值,
行内,,lib/algorithms/noise_snr/cpp/src/noise_model.cpp:1067,0.0,未标注,④-待人工·行内值,
行内,,lib/algorithms/noise_snr/cpp/src/noise_model.cpp:1104,1.0,未标注,④-待人工·行内值,
行内,,lib/algorithms/noise_snr/cpp/src/noise_model.cpp:1148,0.0,未标注,④-待人工·行内值,
行内,,lib/algorithms/noise_snr/cpp/src/noise_model.cpp:1182,0.0,未标注,④-待人工·行内值,
行内,,lib/algorithms/noise_snr/cpp/src/noise_model.cpp:1222,0.0,未标注,④-待人工·行内值,
行内,,lib/algorithms/noise_snr/cpp/src/noise_model.cpp:1226,0.0,未标注,④-待人工·行内值,
行内,,lib/algorithms/noise_snr/cpp/src/noise_model.cpp:1231,0.0,未标注,④-待人工·行内值,
行内,,lib/algorithms/noise_snr/cpp/src/noise_model.cpp:1385,0.0,未标注,④-待人工·行内值,
行内,,lib/algorithms/noise_snr/cpp/src/noise_model.cpp:1433,0.0,未标注,④-待人工·行内值,
行内,,lib/algorithms/noise_snr/cpp/src/noise_model.cpp:1475,0.0,未标注,④-待人工·行内值,
行内,,lib/algorithms/noise_snr/cpp/src/snr_estimator.cpp:44,0.0,未标注,④-待人工·行内值,
行内,,lib/algorithms/noise_snr/cpp/src/snr_estimator.cpp:70,0.0,未标注,④-待人工·行内值,
行内,,lib/algorithms/noise_snr/cpp/src/snr_estimator.cpp:74,0.0,未标注,④-待人工·行内值,
行内,,lib/algorithms/noise_snr/cpp/src/snr_estimator.cpp:77,0.0,未标注,④-待人工·行内值,
行内,,lib/algorithms/noise_snr/cpp/src/snr_estimator.cpp:88,0.0,未标注,④-待人工·行内值,
行内,,lib/algorithms/noise_snr/cpp/src/snr_estimator.cpp:89,0.0,未标注,④-待人工·行内值,
行内,,lib/algorithms/noise_snr/cpp/src/snr_estimator.cpp:105,0.0,未标注,④-待人工·行内值,
行内,,lib/algorithms/noise_snr/cpp/src/snr_estimator.cpp:107,0.0,未标注,④-待人工·行内值,
行内,,lib/algorithms/noise_snr/cpp/src/snr_estimator.cpp:111,0.7316727929211932,未标注,④-待人工·行内值,
行内,,lib/algorithms/noise_snr/cpp/src/snr_estimator.cpp:116,0.0,未标注,④-待人工·行内值,
行内,,lib/algorithms/noise_snr/cpp/src/snr_estimator.cpp:120,0.0,未标注,④-待人工·行内值,
行内,,lib/algorithms/noise_snr/cpp/src/snr_estimator.cpp:122,0.0,未标注,④-待人工·行内值,
行内,,lib/algorithms/noise_snr/cpp/src/snr_estimator.cpp:148,0.0,未标注,④-待人工·行内值,
行内,,lib/algorithms/noise_snr/cpp/src/snr_estimator.cpp:198,0.0,未标注,④-待人工·行内值,
行内,,lib/algorithms/noise_snr/cpp/src/snr_estimator.cpp:200,0.0,未标注,④-待人工·行内值,
行内,,lib/algorithms/noise_snr/cpp/src/snr_estimator.cpp:204,0.0,未标注,④-待人工·行内值,
行内,,lib/algorithms/noise_snr/cpp/src/snr_estimator.cpp:232,0.0,未标注,④-待人工·行内值,
行内,,lib/algorithms/noise_snr/cpp/src/snr_estimator.cpp:322,0.0,未标注,④-待人工·行内值,
行内,,lib/algorithms/noise_snr/cpp/src/snr_estimator.cpp:367,0.0,未标注,④-待人工·行内值,
行内,,lib/algorithms/noise_snr/cpp/src/snr_estimator.cpp:369,0.0,未标注,④-待人工·行内值,
行内,,lib/algorithms/noise_snr/cpp/src/snr_estimator.cpp:373,0.0,未标注,④-待人工·行内值,
行内,,lib/algorithms/noise_snr/cpp/src/snr_estimator.cpp:401,0.0,未标注,④-待人工·行内值,
行内,,lib/algorithms/noise_snr/cpp/src/snr_estimator.cpp:475,0.0,未标注,④-待人工·行内值,
行内,,lib/algorithms/noise_snr/cpp/src/snr_estimator.cpp:476,0.0,未标注,④-待人工·行内值,
行内,,lib/algorithms/noise_snr/cpp/src/snr_estimator.cpp:477,0.0,未标注,④-待人工·行内值,
行内,,lib/algorithms/noise_snr/cpp/src/snr_estimator.cpp:482,1.0,未标注,④-待人工·行内值,
行内,,lib/algorithms/noise_snr/cpp/src/snr_estimator.cpp:483,1.0,未标注,④-待人工·行内值,
行内,,lib/algorithms/noise_snr/cpp/src/snr_estimator.cpp:569,2.0,未标注,④-待人工·行内值,
行内,,lib/algorithms/noise_snr/cpp/src/snr_estimator.cpp:596,0.0,未标注,④-待人工·行内值,
行内,,lib/algorithms/noise_snr/cpp/src/snr_estimator.cpp:626,0.0,未标注,④-待人工·行内值,
行内,,lib/algorithms/noise_snr/cpp/src/snr_estimator.cpp:628,0.0,未标注,④-待人工·行内值,
行内,,lib/algorithms/noise_snr/cpp/src/snr_estimator.cpp:632,0.0,未标注,④-待人工·行内值,
行内,,lib/algorithms/noise_snr/cpp/src/snr_estimator.cpp:661,0.0,未标注,④-待人工·行内值,
行内,,lib/algorithms/noise_snr/cpp/src/snr_estimator.cpp:732,0.0,未标注,④-待人工·行内值,
行内,,lib/algorithms/noise_snr/cpp/src/snr_estimator.cpp:751,0.0,未标注,④-待人工·行内值,
行内,,lib/algorithms/noise_snr/cpp/src/snr_estimator.cpp:753,0.0,未标注,④-待人工·行内值,
行内,,lib/algorithms/noise_snr/cpp/src/snr_estimator.cpp:756,0.0,未标注,④-待人工·行内值,
行内,,lib/algorithms/noise_snr/cpp/src/snr_estimator.cpp:772,0.0,未标注,④-待人工·行内值,
行内,,lib/algorithms/noise_snr/cpp/src/snr_estimator.cpp:835,0.0,未标注,④-待人工·行内值,
行内,,lib/algorithms/noise_snr/cpp/src/snr_estimator.cpp:860,0.0,未标注,④-待人工·行内值,
行内,,lib/algorithms/noise_snr/cpp/src/snr_estimator.cpp:862,0.0,未标注,④-待人工·行内值,
行内,,lib/algorithms/noise_snr/cpp/src/snr_estimator.cpp:867,0.0,未标注,④-待人工·行内值,
行内,,lib/algorithms/noise_snr/cpp/src/snr_estimator.cpp:887,0.0,未标注,④-待人工·行内值,
行内,,lib/algorithms/noise_snr/cpp/src/snr_science.cpp:88,0.0,未标注,④-待人工·行内值,
行内,,lib/algorithms/noise_snr/cpp/src/snr_science.cpp:119,0.0,未标注,④-待人工·行内值,
行内,,lib/algorithms/noise_snr/cpp/src/snr_science.cpp:158,0.0,未标注,④-待人工·行内值,
行内,,lib/algorithms/noise_snr/cpp/src/snr_science.cpp:159,0.0,未标注,④-待人工·行内值,
行内,,lib/algorithms/noise_snr/cpp/src/snr_science.cpp:160,0.0,未标注,④-待人工·行内值,
行内,,lib/algorithms/noise_snr/cpp/src/snr_science.cpp:173,0.0,未标注,④-待人工·行内值,
行内,,lib/algorithms/noise_snr/cpp/src/snr_science.cpp:181,0.0,未标注,④-待人工·行内值,
行内,,lib/algorithms/noise_snr/cpp/src/snr_science.cpp:196,0.0,未标注,④-待人工·行内值,
行内,,lib/algorithms/noise_snr/cpp/src/snr_science.cpp:201,0.0,未标注,④-待人工·行内值,
行内,,lib/algorithms/noise_snr/cpp/src/snr_science.cpp:212,0.0,未标注,④-待人工·行内值,
行内,,lib/algorithms/noise_snr/cpp/src/snr_science.cpp:221,1.5,未标注,④-待人工·行内值,
行内,,lib/algorithms/noise_snr/cpp/src/snr_science.cpp:229,0.0,未标注,④-待人工·行内值,
行内,,lib/algorithms/noise_snr/cpp/src/snr_science.cpp:233,0.0,未标注,④-待人工·行内值,
行内,,lib/algorithms/noise_snr/cpp/src/snr_science.cpp:239,0.0,未标注,④-待人工·行内值,
行内,,lib/algorithms/noise_snr/cpp/src/snr_science.cpp:240,0.0,未标注,④-待人工·行内值,
行内,,lib/algorithms/noise_snr/cpp/src/snr_science.cpp:260,0.0,未标注,④-待人工·行内值,
行内,,lib/algorithms/noise_snr/cpp/src/snr_science.cpp:277,0.0,未标注,④-待人工·行内值,
行内,,lib/algorithms/noise_snr/cpp/src/snr_science.cpp:278,0.0,未标注,④-待人工·行内值,
行内,,lib/algorithms/noise_snr/cpp/src/snr_science.cpp:279,1.253,未标注,④-待人工·行内值,
行内,,lib/algorithms/noise_snr/cpp/test/noise_model_science_test.cpp:49,0.0,未标注,④-待人工·行内值,
行内,,lib/algorithms/noise_snr/cpp/test/noise_model_science_test.cpp:53,30.0,未标注,④-待人工·行内值,
行内,,lib/algorithms/noise_snr/cpp/test/noise_model_science_test.cpp:61,2.3548200450309493,未标注,④-待人工·行内值,
行内,,lib/algorithms/noise_snr/cpp/test/noise_model_science_test.cpp:70,2.0,未标注,④-待人工·行内值,
行内,,lib/algorithms/noise_snr/cpp/test/noise_model_science_test.cpp:84,0.0,未标注,④-待人工·行内值,
行内,,lib/algorithms/noise_snr/cpp/test/noise_model_science_test.cpp:91,2.0,未标注,④-待人工·行内值,
行内,,lib/algorithms/noise_snr/cpp/test/noise_model_science_test.cpp:135,0.01,未标注,④-待人工·行内值,
行内,,lib/algorithms/noise_snr/cpp/test/noise_model_science_test.cpp:163,0.02,未标注,④-待人工·行内值,
行内,,lib/algorithms/noise_snr/cpp/test/noise_model_science_test.cpp:171,0.02,未标注,④-待人工·行内值,
行内,,lib/algorithms/noise_snr/cpp/test/noise_model_science_test.cpp:199,0.02,未标注,④-待人工·行内值,
行内,,lib/algorithms/noise_snr/cpp/test/noise_model_science_test.cpp:219,100.0,未标注,④-待人工·行内值,
行内,,lib/algorithms/noise_snr/cpp/test/noise_model_science_test.cpp:220,0.02,未标注,④-待人工·行内值,
行内,,lib/algorithms/noise_snr/cpp/test/noise_model_science_test.cpp:230,0.0,未标注,④-待人工·行内值,
行内,,lib/algorithms/noise_snr/cpp/test/noise_model_science_test.cpp:233,100.0,未标注,④-待人工·行内值,
行内,,lib/algorithms/noise_snr/cpp/test/noise_model_science_test.cpp:234,0.95,未标注,④-待人工·行内值,
行内,,lib/algorithms/noise_snr/cpp/test/noise_model_science_test.cpp:264,100.0,未标注,④-待人工·行内值,
行内,,lib/algorithms/noise_snr/cpp/test/noise_model_science_test.cpp:265,0.05,未标注,④-待人工·行内值,
行内,,lib/algorithms/noise_snr/cpp/test/noise_model_science_test.cpp:280,1200.0,未标注,④-待人工·行内值,
行内,,lib/algorithms/noise_snr/cpp/test/noise_model_science_test.cpp:304,0.98,未标注,④-待人工·行内值,
行内,,lib/algorithms/noise_snr/cpp/test/noise_model_science_test.cpp:306,100.0,未标注,④-待人工·行内值,
行内,,lib/algorithms/noise_snr/cpp/test/noise_model_science_test.cpp:307,0.05,未标注,④-待人工·行内值,
行内,,lib/algorithms/noise_snr/cpp/test/noise_model_science_test.cpp:320,0.25,未标注,④-待人工·行内值,
行内,,lib/algorithms/noise_snr/cpp/test/noise_model_science_test.cpp:324,0.2302585,未标注,④-待人工·行内值,
行内,,lib/algorithms/noise_snr/cpp/test/noise_model_science_test.cpp:327,0.0,未标注,④-待人工·行内值,
行内,,lib/algorithms/noise_snr/cpp/test/noise_model_science_test.cpp:330,0.1,未标注,④-待人工·行内值,
行内,,lib/algorithms/noise_snr/cpp/test/noise_model_science_test.cpp:368,120.0,未标注,④-待人工·行内值,
行内,,lib/algorithms/noise_snr/cpp/test/noise_model_science_test.cpp:420,0.03,未标注,④-待人工·行内值,
行内,,lib/algorithms/noise_snr/cpp/test/noise_model_science_test.cpp:448,0.02,未标注,④-待人工·行内值,
行内,,lib/algorithms/noise_snr/cpp/test/noise_model_science_test.cpp:466,5.0,未标注,④-待人工·行内值,
行内,,lib/algorithms/noise_snr/cpp/test/noise_model_science_test.cpp:497,0.0,未标注,④-待人工·行内值,
行内,,lib/algorithms/noise_snr/cpp/test/noise_model_science_test.cpp:504,0.0,未标注,④-待人工·行内值,
行内,,lib/algorithms/noise_snr/cpp/test/snr_reconcile_test.cpp:50,3.0,未标注,④-待人工·行内值,
行内,,lib/algorithms/noise_snr/include/astrocs/noise/saturation_policy.h:27,0.0,未标注,④-待人工·行内值,
行内,,lib/algorithms/noise_snr/include/astrocs/noise/saturation_policy.h:30,0.0,未标注,④-待人工·行内值,
行内,,lib/algorithms/noise_snr/include/astrocs/noise/saturation_policy.h:31,0.0,未标注,④-待人工·行内值,
行内,,lib/algorithms/noise_snr/include/astrocs/noise/saturation_policy.h:32,0.0,未标注,④-待人工·行内值,
行内,,lib/algorithms/noise_snr/include/astrocs/noise/saturation_policy.h:39,0.0,未标注,④-待人工·行内值,
行内,,lib/algorithms/noise_snr/include/astrocs/noise/saturation_policy.h:47,0.0,未标注,④-待人工·行内值,
行内,,lib/algorithms/noise_snr/include/astrocs/noise/saturation_policy.h:55,0.0,未标注,④-待人工·行内值,
行内,,lib/algorithms/noise_snr/include/astrocs/noise/saturation_policy.h:56,0.0,未标注,④-待人工·行内值,
行内,,lib/algorithms/noise_snr/include/astrocs/noise/saturation_policy.h:57,0.0,未标注,④-待人工·行内值,
行内,,lib/algorithms/noise_snr/include/astrocs/noise/saturation_policy.h:64,0.0,未标注,④-待人工·行内值,
行内,,lib/algorithms/noise_snr/include/astrocs/noise/types.h:6,1.482602218505602,未标注,④-待人工·行内值,
行内,,lib/algorithms/noise_snr/include/astrocs/noise/variance_plane_policy.h:89,0.0,未标注,④-待人工·行内值,
行内,,lib/algorithms/noise_snr/src/module_entry.cpp:23,1.482602218505602,未标注,④-待人工·行内值,
行内,,lib/algorithms/noise_snr/src/module_entry.cpp:62,1.0,未标注,④-待人工·行内值,
行内,,lib/algorithms/noise_snr/src/module_entry.cpp:176,0.0,未标注,④-待人工·行内值,
行内,,lib/algorithms/noise_snr/src/module_entry.cpp:180,0.0,未标注,④-待人工·行内值,
行内,,lib/algorithms/noise_snr/src/module_entry.cpp:185,0.0,未标注,④-待人工·行内值,
行内,,lib/algorithms/noise_snr/src/module_entry.cpp:204,0.0,未标注,④-待人工·行内值,
行内,,lib/algorithms/noise_snr/src/module_entry.cpp:474,0.0,未标注,④-待人工·行内值,
行内,,lib/algorithms/noise_snr/src/module_entry.cpp:1617,1.1,未标注,④-待人工·行内值,
行内,,lib/algorithms/noise_snr/wrapper_phase1/snr_frame_science.cpp:36,0.5,未标注,④-待人工·行内值,
行内,,lib/algorithms/noise_snr/wrapper_phase1/snr_frame_science.cpp:42,0.0,未标注,④-待人工·行内值,
行内,,lib/algorithms/noise_snr/wrapper_phase1/snr_frame_science.cpp:43,0.0,未标注,④-待人工·行内值,
行内,,lib/algorithms/noise_snr/wrapper_phase1/snr_frame_science.cpp:61,0.0,未标注,④-待人工·行内值,
行内,,lib/algorithms/noise_snr/wrapper_phase1/snr_frame_science.cpp:89,0.0,未标注,④-待人工·行内值,
行内,,lib/algorithms/noise_snr/wrapper_phase1/snr_frame_science.cpp:141,0.0,未标注,④-待人工·行内值,
行内,,lib/algorithms/noise_snr/wrapper_phase1/snr_frame_science.cpp:176,0.0,未标注,④-待人工·行内值,
行内,,lib/algorithms/noise_snr/wrapper_phase1/snr_frame_science.cpp:185,0.0,未标注,④-待人工·行内值,
行内,,lib/algorithms/photometry/cpp/src/filter_curve_json.h:372,8.5,未标注,④-待人工·行内值,
行内,,lib/algorithms/photometry/cpp/src/frame_photometry_fit.cpp:198,0.0,未标注,④-待人工·行内值,
行内,,lib/algorithms/photometry/cpp/src/frame_photometry_fit.cpp:271,0.0,未标注,④-待人工·行内值,
行内,,lib/algorithms/photometry/cpp/src/frame_photometry_fit.cpp:281,0.5,未标注,④-待人工·行内值,
行内,,lib/algorithms/photometry/cpp/src/frame_photometry_fit.cpp:289,0.5,未标注,④-待人工·行内值,
行内,,lib/algorithms/photometry/cpp/src/frame_photometry_fit.cpp:325,0.0,未标注,④-待人工·行内值,
行内,,lib/algorithms/photometry/cpp/src/image_corrector.cpp:29,1.0,未标注,④-待人工·行内值,
行内,,lib/algorithms/photometry/cpp/src/image_corrector.cpp:30,1.0,未标注,④-待人工·行内值,
行内,,lib/algorithms/photometry/cpp/src/image_corrector.cpp:37,0.0,未标注,④-待人工·行内值,
行内,,lib/algorithms/photometry/cpp/src/image_corrector.cpp:46,1.0,未标注,④-待人工·行内值,
行内,,lib/algorithms/photometry/cpp/src/image_corrector.cpp:47,1.0,未标注,④-待人工·行内值,
行内,,lib/algorithms/photometry/cpp/src/pc_api.cpp:145,3.0,未标注,④-待人工·行内值,
行内,,lib/algorithms/photometry/cpp/src/pc_api.cpp:378,0.0,未标注,④-待人工·行内值,
行内,,lib/algorithms/photometry/cpp/src/pc_api.cpp:389,0.0,未标注,④-待人工·行内值,
行内,,lib/algorithms/photometry/cpp/src/pc_api.cpp:435,3.0,未标注,④-待人工·行内值,
行内,,lib/algorithms/photometry/cpp/src/pc_api.cpp:592,2.0,未标注,④-待人工·行内值,
行内,,lib/algorithms/photometry/cpp/src/pc_api.cpp:597,3.0,未标注,④-待人工·行内值,
行内,,lib/algorithms/photometry/cpp/src/pc_api.cpp:790,0.0,未标注,④-待人工·行内值,
行内,,lib/algorithms/photometry/cpp/src/pc_api.cpp:799,0.0,未标注,④-待人工·行内值,
行内,,lib/algorithms/photometry/cpp/src/pc_api.cpp:835,2.0,未标注,④-待人工·行内值,
行内,,lib/algorithms/photometry/cpp/src/pc_api.cpp:840,3.0,未标注,④-待人工·行内值,
行内,,lib/algorithms/photometry/cpp/src/pc_api.cpp:1070,0.0,未标注,④-待人工·行内值,
行内,,lib/algorithms/photometry/cpp/src/pc_api.cpp:1079,0.0,未标注,④-待人工·行内值,
行内,,lib/algorithms/photometry/cpp/src/pc_api.cpp:1115,2.0,未标注,④-待人工·行内值,
行内,,lib/algorithms/photometry/cpp/src/pc_api.cpp:1120,3.0,未标注,④-待人工·行内值,
行内,,lib/algorithms/photometry/cpp/src/pc_api.cpp:1154,0.0,未标注,④-待人工·行内值,
行内,,lib/algorithms/photometry/cpp/src/psfsw.cpp:71,0.0,未标注,④-待人工·行内值,
行内,,lib/algorithms/photometry/cpp/src/psfsw.cpp:75,0.5,未标注,④-待人工·行内值,
行内,,lib/algorithms/photometry/cpp/src/psfsw.cpp:89,0.0,未标注,④-待人工·行内值,
行内,,lib/algorithms/photometry/cpp/src/psfsw.cpp:91,0.0,未标注,④-待人工·行内值,
行内,,lib/algorithms/photometry/cpp/src/psfsw.cpp:92,1.0,未标注,④-待人工·行内值,
行内,,lib/algorithms/photometry/cpp/src/psfsw.cpp:98,1.0,未标注,④-待人工·行内值,
行内,,lib/algorithms/photometry/cpp/src/psfsw.cpp:110,0.0,未标注,④-待人工·行内值,
行内,,lib/algorithms/photometry/cpp/src/psfsw.cpp:124,0.0,未标注,④-待人工·行内值,
行内,,lib/algorithms/photometry/cpp/src/psfsw.cpp:137,0.0,未标注,④-待人工·行内值,
行内,,lib/algorithms/photometry/cpp/src/psfsw.cpp:185,0.0,未标注,④-待人工·行内值,
行内,,lib/algorithms/photometry/cpp/src/psfsw.cpp:194,0.0,未标注,④-待人工·行内值,
行内,,lib/algorithms/photometry/cpp/src/psfsw.cpp:204,0.0,未标注,④-待人工·行内值,
行内,,lib/algorithms/photometry/cpp/src/psfsw.cpp:260,0.0,未标注,④-待人工·行内值,
行内,,lib/algorithms/photometry/cpp/src/psfsw.cpp:269,0.0,未标注,④-待人工·行内值,
行内,,lib/algorithms/photometry/cpp/src/psfsw.cpp:270,0.0,未标注,④-待人工·行内值,
行内,,lib/algorithms/photometry/cpp/src/psfsw.cpp:287,0.0,未标注,④-待人工·行内值,
行内,,lib/algorithms/photometry/cpp/src/psfsw.cpp:294,0.0,未标注,④-待人工·行内值,
行内,,lib/algorithms/photometry/cpp/src/psfsw.cpp:300,0.0,未标注,④-待人工·行内值,
行内,,lib/algorithms/photometry/cpp/src/psfsw.cpp:362,0.0,未标注,④-待人工·行内值,
行内,,lib/algorithms/photometry/cpp/src/psfsw.cpp:363,0.0,未标注,④-待人工·行内值,
行内,,lib/algorithms/photometry/cpp/src/psfsw.cpp:467,0.0,未标注,④-待人工·行内值,
行内,,lib/algorithms/photometry/cpp/src/psfsw.cpp:473,0.0,未标注,④-待人工·行内值,
行内,,lib/algorithms/photometry/cpp/src/psfsw.cpp:525,0.0,未标注,④-待人工·行内值,
行内,,lib/algorithms/photometry/cpp/src/psfsw.cpp:598,0.0,未标注,④-待人工·行内值,
行内,,lib/algorithms/photometry/cpp/src/psfsw.cpp:599,0.0,未标注,④-待人工·行内值,
行内,,lib/algorithms/photometry/cpp/src/psfsw.cpp:605,0.0,未标注,④-待人工·行内值,
行内,,lib/algorithms/photometry/cpp/src/psfsw.cpp:629,0.0,未标注,④-待人工·行内值,
行内,,lib/algorithms/photometry/cpp/src/psfsw.cpp:633,0.0,未标注,④-待人工·行内值,
行内,,lib/algorithms/photometry/cpp/src/psfsw.cpp:668,3.1,未标注,④-待人工·行内值,
行内,,lib/algorithms/photometry/cpp/src/psfsw.cpp:685,3.1,未标注,④-待人工·行内值,
行内,,lib/algorithms/photometry/cpp/src/psfsw.cpp:861,0.0,未标注,④-待人工·行内值,
行内,,lib/algorithms/photometry/cpp/src/psfsw.cpp:871,0.0,未标注,④-待人工·行内值,
行内,,lib/algorithms/photometry/cpp/src/psfsw.cpp:941,0.95,未标注,④-待人工·行内值,
行内,,lib/algorithms/photometry/cpp/src/spatial_gain.cpp:57,0.5,未标注,④-待人工·行内值,
行内,,lib/algorithms/photometry/cpp/src/spatial_gain.cpp:61,0.0,未标注,④-待人工·行内值,
行内,,lib/algorithms/photometry/cpp/src/spatial_gain.cpp:67,0.0,未标注,④-待人工·行内值,
行内,,lib/algorithms/photometry/cpp/src/spatial_gain.cpp:78,0.0,未标注,④-待人工·行内值,
行内,,lib/algorithms/photometry/cpp/src/spatial_gain.cpp:79,0.0,未标注,④-待人工·行内值,
行内,,lib/algorithms/photometry/cpp/src/spatial_gain.cpp:81,0.0,未标注,④-待人工·行内值,
行内,,lib/algorithms/photometry/cpp/src/spatial_gain.cpp:88,0.0,未标注,④-待人工·行内值,
行内,,lib/algorithms/photometry/cpp/src/spatial_gain.cpp:107,0.0,未标注,④-待人工·行内值,
行内,,lib/algorithms/photometry/cpp/src/spatial_gain.cpp:119,0.0,未标注,④-待人工·行内值,
行内,,lib/algorithms/photometry/cpp/src/spatial_gain.cpp:123,0.0,未标注,④-待人工·行内值,
行内,,lib/algorithms/photometry/cpp/src/spatial_gain.cpp:125,0.0,未标注,④-待人工·行内值,
行内,,lib/algorithms/photometry/cpp/src/spatial_gain.cpp:146,0.0,未标注,④-待人工·行内值,
行内,,lib/algorithms/photometry/cpp/src/spatial_gain.cpp:171,1.0,未标注,④-待人工·行内值,
行内,,lib/algorithms/photometry/cpp/src/spatial_gain.cpp:172,0.0,未标注,④-待人工·行内值,
行内,,lib/algorithms/photometry/cpp/src/spatial_gain.cpp:173,0.0,未标注,④-待人工·行内值,
行内,,lib/algorithms/photometry/cpp/src/spatial_gain.cpp:174,0.0,未标注,④-待人工·行内值,
行内,,lib/algorithms/photometry/cpp/src/spatial_gain.cpp:175,0.0,未标注,④-待人工·行内值,
行内,,lib/algorithms/photometry/cpp/src/spatial_gain.cpp:176,0.0,未标注,④-待人工·行内值,
行内,,lib/algorithms/photometry/cpp/src/spatial_gain.cpp:178,0.0,未标注,④-待人工·行内值,
行内,,lib/algorithms/photometry/cpp/src/spatial_gain.cpp:186,0.0,未标注,④-待人工·行内值,
行内,,lib/algorithms/photometry/cpp/src/spatial_gain.cpp:189,0.0,未标注,④-待人工·行内值,
行内,,lib/algorithms/photometry/cpp/src/spatial_gain.cpp:228,0.0,未标注,④-待人工·行内值,
行内,,lib/algorithms/photometry/cpp/src/spatial_gain.cpp:262,0.0,未标注,④-待人工·行内值,
行内,,lib/algorithms/photometry/cpp/src/spatial_gain.cpp:266,0.0,未标注,④-待人工·行内值,
行内,,lib/algorithms/photometry/cpp/src/spatial_gain.cpp:389,1.0,未标注,④-待人工·行内值,
行内,,lib/algorithms/photometry/cpp/src/spatial_gain.cpp:445,0.0,未标注,④-待人工·行内值,
行内,,lib/algorithms/photometry/cpp/src/spatial_gain.cpp:512,0.0,未标注,④-待人工·行内值,
行内,,lib/algorithms/photometry/cpp/src/spatial_gain.cpp:536,0.0,未标注,④-待人工·行内值,
行内,,lib/algorithms/photometry/cpp/src/spatial_gain.cpp:553,0.0,未标注,④-待人工·行内值,
行内,,lib/algorithms/photometry/cpp/src/spatial_gain.cpp:565,0.0,未标注,④-待人工·行内值,
行内,,lib/algorithms/photometry/cpp/src/spatial_gain.cpp:568,0.0,未标注,④-待人工·行内值,
行内,,lib/algorithms/photometry/cpp/src/spatial_gain.cpp:569,0.0,未标注,④-待人工·行内值,
行内,,lib/algorithms/photometry/cpp/src/spatial_gain.cpp:570,1.0,未标注,④-待人工·行内值,
行内,,lib/algorithms/photometry/cpp/src/spatial_gain.cpp:592,0.0,未标注,④-待人工·行内值,
行内,,lib/algorithms/photometry/cpp/src/spatial_gain.cpp:594,0.0,未标注,④-待人工·行内值,
行内,,lib/algorithms/photometry/cpp/src/spatial_gain.cpp:626,0.0,未标注,④-待人工·行内值,
行内,,lib/algorithms/photometry/cpp/src/spatial_gain.h:107,0.0,未标注,④-待人工·行内值,
行内,,lib/algorithms/photometry/cpp/src/spatial_gain.h:110,0.0,未标注,④-待人工·行内值,
行内,,lib/algorithms/photometry/cpp/src/spatial_gain.h:138,0.0,未标注,④-待人工·行内值,
行内,,lib/algorithms/photometry/cpp/src/spectrum_integrator.cpp:59,0.0,未标注,④-待人工·行内值,
行内,,lib/algorithms/photometry/cpp/src/spectrum_integrator.cpp:62,0.0,未标注,④-待人工·行内值,
行内,,lib/algorithms/photometry/cpp/src/spectrum_integrator.cpp:73,0.0,未标注,④-待人工·行内值,
行内,,lib/algorithms/photometry/cpp/src/spectrum_integrator.cpp:75,2.0,未标注,④-待人工·行内值,
行内,,lib/algorithms/photometry/cpp/src/spectrum_integrator.cpp:78,2.0,未标注,④-待人工·行内值,
行内,,lib/algorithms/photometry/cpp/src/spectrum_integrator.cpp:83,0.0,未标注,④-待人工·行内值,
行内,,lib/algorithms/photometry/cpp/src/spectrum_integrator.cpp:91,0.0,未标注,④-待人工·行内值,
行内,,lib/algorithms/photometry/cpp/src/spectrum_integrator.cpp:92,0.5,未标注,④-待人工·行内值,
行内,,lib/algorithms/photometry/cpp/src/spectrum_integrator.cpp:132,0.0,未标注,④-待人工·行内值,
行内,,lib/algorithms/photometry/cpp/src/spectrum_integrator.cpp:145,3.0,未标注,④-待人工·行内值,
行内,,lib/algorithms/photometry/cpp/src/spectrum_integrator.cpp:164,0.5,未标注,④-待人工·行内值,
行内,,lib/algorithms/photometry/cpp/src/spectrum_integrator.cpp:182,0.0,未标注,④-待人工·行内值,
行内,,lib/algorithms/photometry/cpp/src/spectrum_integrator.cpp:187,0.0,未标注,④-待人工·行内值,
行内,,lib/algorithms/photometry/cpp/src/spectrum_integrator.cpp:192,0.0,未标注,④-待人工·行内值,
行内,,lib/algorithms/photometry/cpp/src/spectrum_integrator.cpp:197,0.0,未标注,④-待人工·行内值,
行内,,lib/algorithms/photometry/cpp/src/spectrum_integrator.cpp:205,0.0,未标注,④-待人工·行内值,
行内,,lib/algorithms/photometry/cpp/src/spectrum_integrator.cpp:220,0.0,未标注,④-待人工·行内值,
行内,,lib/algorithms/photometry/cpp/src/spectrum_integrator.cpp:246,0.0,未标注,④-待人工·行内值,
行内,,lib/algorithms/photometry/cpp/src/spectrum_integrator.cpp:254,0.0,未标注,④-待人工·行内值,
行内,,lib/algorithms/photometry/cpp/src/spectrum_integrator.cpp:270,0.0,未标注,④-待人工·行内值,
行内,,lib/algorithms/photometry/cpp/src/spectrum_integrator.cpp:347,0.0,未标注,④-待人工·行内值,
行内,,lib/algorithms/photometry/cpp/src/spectrum_integrator.cpp:376,0.0,未标注,④-待人工·行内值,
行内,,lib/algorithms/photometry/cpp/src/spectrum_integrator.cpp:384,0.0,未标注,④-待人工·行内值,
行内,,lib/algorithms/photometry/cpp/src/spectrum_integrator.cpp:389,0.0,未标注,④-待人工·行内值,
行内,,lib/algorithms/photometry/cpp/src/spectrum_integrator.cpp:397,0.0,未标注,④-待人工·行内值,
行内,,lib/algorithms/photometry/cpp/src/spectrum_integrator.cpp:423,0.0,未标注,④-待人工·行内值,
行内,,lib/algorithms/photometry/cpp/src/spectrum_integrator.cpp:431,0.0,未标注,④-待人工·行内值,
行内,,lib/algorithms/photometry/cpp/src/spectrum_integrator.cpp:436,0.0,未标注,④-待人工·行内值,
行内,,lib/algorithms/photometry/cpp/src/spectrum_integrator.cpp:438,0.0,未标注,④-待人工·行内值,
行内,,lib/algorithms/photometry/cpp/src/spectrum_integrator.cpp:440,0.0,未标注,④-待人工·行内值,
行内,,lib/algorithms/photometry/cpp/src/spectrum_integrator.cpp:444,0.0,未标注,④-待人工·行内值,
行内,,lib/algorithms/photometry/cpp/src/star_matcher.cpp:33,0.0,未标注,④-待人工·行内值,
行内,,lib/algorithms/photometry/cpp/src/star_matcher.cpp:41,1.0,未标注,④-待人工·行内值,
行内,,lib/algorithms/photometry/cpp/src/star_matcher.cpp:166,0.0,未标注,④-待人工·行内值,
行内,,lib/algorithms/photometry/cpp/src/star_matcher.cpp:169,0.5,未标注,④-待人工·行内值,
行内,,lib/algorithms/photometry/cpp/src/star_matcher.cpp:213,0.0,未标注,④-待人工·行内值,
行内,,lib/algorithms/photometry/cpp/src/star_matcher.cpp:214,0.0,未标注,④-待人工·行内值,
行内,,lib/algorithms/photometry/cpp/src/star_matcher.cpp:267,0.0,未标注,④-待人工·行内值,
行内,,lib/algorithms/photometry/cpp/src/star_matcher.cpp:454,0.0,未标注,④-待人工·行内值,
行内,,lib/algorithms/photometry/cpp/src/star_matcher.cpp:549,0.0,未标注,④-待人工·行内值,
行内,,lib/algorithms/photometry/cpp/src/star_matcher.cpp:563,1.0,未标注,④-待人工·行内值,
行内,,lib/algorithms/photometry/cpp/src/star_matcher.cpp:572,0.0,未标注,④-待人工·行内值,
行内,,lib/algorithms/photometry/cpp/src/star_matcher.cpp:640,2.5,未标注,④-待人工·行内值,
行内,,lib/algorithms/photometry/cpp/src/wcs_transform.cpp:56,0.0,未标注,④-待人工·行内值,
行内,,lib/algorithms/photometry/cpp/src/wcs_transform.cpp:57,0.0,未标注,④-待人工·行内值,
行内,,lib/algorithms/photometry/cpp/src/wcs_transform.cpp:68,0.0,未标注,④-待人工·行内值,
行内,,lib/algorithms/photometry/cpp/src/wcs_transform.cpp:69,0.0,未标注,④-待人工·行内值,
行内,,lib/algorithms/photometry/cpp/src/wcs_transform.cpp:70,0.0,未标注,④-待人工·行内值,
行内,,lib/algorithms/photometry/cpp/src/wcs_transform.cpp:71,0.0,未标注,④-待人工·行内值,
行内,,lib/algorithms/photometry/cpp/src/wcs_transform.cpp:94,0.0,未标注,④-待人工·行内值,
行内,,lib/algorithms/photometry/cpp/src/wcs_transform.cpp:141,2.0,未标注,④-待人工·行内值,
行内,,lib/algorithms/photometry/cpp/test/test_p0_pc_api_exception_barrier.cpp:66,1000.0,未标注,④-待人工·行内值,
行内,,lib/algorithms/photometry/cpp/test/test_p0_pc_api_exception_barrier.cpp:68,1000.0,未标注,④-待人工·行内值,
行内,,lib/algorithms/photometry/cpp/test/test_p0_pc_api_exception_barrier.cpp:69,0.0,未标注,④-待人工·行内值,
行内,,lib/algorithms/photometry/cpp/test/test_p0_pc_api_exception_barrier.cpp:138,0.0,未标注,④-待人工·行内值,
行内,,lib/algorithms/photometry/cpp/test/test_p0_sip_order_guard.cpp:52,0.0,未标注,④-待人工·行内值,
行内,,lib/algorithms/photometry/cpp/test/test_p0_sip_order_guard.cpp:53,0.0,未标注,④-待人工·行内值,
行内,,lib/algorithms/photometry/cpp/test/test_p0_sip_order_guard.cpp:55,1.0e-3,未标注,④-待人工·行内值,
行内,,lib/algorithms/photometry/cpp/test/test_p0_sip_order_guard.cpp:56,2.0e-3,未标注,④-待人工·行内值,
行内,,lib/algorithms/photometry/cpp/test/test_p0_sip_order_guard.cpp:57,1.5e-3,未标注,④-待人工·行内值,
行内,,lib/algorithms/photometry/cpp/test/test_p0_sip_order_guard.cpp:58,2.5e-3,未标注,④-待人工·行内值,
行内,,lib/algorithms/photometry/cpp/test/test_p0_sip_order_guard.cpp:66,0.0,未标注,④-待人工·行内值,
行内,,lib/algorithms/photometry/cpp/test/test_p0_sip_order_guard.cpp:109,100.0,未标注,④-待人工·行内值,
行内,,lib/algorithms/photometry/cpp/test/test_p0_sip_order_guard.cpp:119,1.0e-2,未标注,④-待人工·行内值,
行内,,lib/algorithms/photometry/cpp/test/test_p0_sip_order_guard.cpp:126,100.0,未标注,④-待人工·行内值,
行内,,lib/algorithms/photometry/cpp/test/test_spectrum_integrator.cpp:62,0.0,未标注,④-待人工·行内值,
行内,,lib/algorithms/photometry/cpp/test/test_spectrum_integrator.cpp:63,2.0,未标注,④-待人工·行内值,
行内,,lib/algorithms/photometry/cpp/test/test_spectrum_integrator.cpp:89,0.0,未标注,④-待人工·行内值,
行内,,lib/algorithms/photometry/cpp/test/test_spectrum_integrator.cpp:176,1.0,未标注,④-待人工·行内值,
行内,,lib/algorithms/photometry/include/astrocs/v6/psfsw.h:254,1.0,未标注,④-待人工·行内值,
行内,,lib/algorithms/platesolve/cpp/ipv/include/ipv_api.h:101,-4.0,未标注,④-待人工·行内值,
行内,,lib/algorithms/platesolve/cpp/ipv/src/ipv_angle.cpp:47,0.0,未标注,④-待人工·行内值,
行内,,lib/algorithms/platesolve/cpp/ipv/src/ipv_angle.cpp:57,0.0,未标注,④-待人工·行内值,
行内,,lib/algorithms/platesolve/cpp/ipv/src/ipv_angle.cpp:58,3.14159265358979323846,未标注,④-待人工·行内值,
行内,,lib/algorithms/platesolve/cpp/ipv/src/ipv_angle.cpp:114,0.5,未标注,④-待人工·行内值,
行内,,lib/algorithms/platesolve/cpp/ipv/src/ipv_angle.cpp:150,0.5,未标注,④-待人工·行内值,
行内,,lib/algorithms/platesolve/cpp/ipv/src/ipv_distortion.cpp:51,0.0,未标注,④-待人工·行内值,
行内,,lib/algorithms/platesolve/cpp/ipv/src/ipv_distortion.cpp:54,2.0,未标注,④-待人工·行内值,
行内,,lib/algorithms/platesolve/cpp/ipv/src/ipv_distortion.cpp:157,5.0,未标注,④-待人工·行内值,
行内,,lib/algorithms/platesolve/cpp/ipv/src/ipv_distortion.cpp:286,0.0,未标注,④-待人工·行内值,
行内,,lib/algorithms/platesolve/cpp/ipv/src/ipv_itertrans.cpp:79,0.0,未标注,④-待人工·行内值,
行内,,lib/algorithms/platesolve/cpp/ipv/src/ipv_itertrans.cpp:117,0.0,未标注,④-待人工·行内值,
行内,,lib/algorithms/platesolve/cpp/ipv/src/ipv_itertrans.cpp:216,0.0,未标注,④-待人工·行内值,
行内,,lib/algorithms/platesolve/cpp/ipv/src/ipv_itertrans.cpp:217,0.0,未标注,④-待人工·行内值,
行内,,lib/algorithms/platesolve/cpp/ipv/src/ipv_itertrans.cpp:275,0.0,未标注,④-待人工·行内值,
行内,,lib/algorithms/platesolve/cpp/ipv/src/ipv_itertrans.cpp:288,0.0,未标注,④-待人工·行内值,
行内,,lib/algorithms/platesolve/cpp/ipv/src/ipv_itertrans.cpp:454,0.0,未标注,④-待人工·行内值,
行内,,lib/algorithms/platesolve/cpp/ipv/src/ipv_itertrans.cpp:455,0.0,未标注,④-待人工·行内值,
行内,,lib/algorithms/platesolve/cpp/ipv/src/ipv_itertrans.cpp:614,0.0,未标注,④-待人工·行内值,
行内,,lib/algorithms/platesolve/cpp/ipv/src/ipv_itertrans.cpp:615,0.0,未标注,④-待人工·行内值,
行内,,lib/algorithms/platesolve/cpp/ipv/src/ipv_itertrans.cpp:616,0.0,未标注,④-待人工·行内值,
行内,,lib/algorithms/platesolve/cpp/ipv/src/ipv_itertrans.cpp:840,0.0,未标注,④-待人工·行内值,
行内,,lib/algorithms/platesolve/cpp/ipv/src/ipv_itertrans.cpp:841,0.0,未标注,④-待人工·行内值,
行内,,lib/algorithms/platesolve/cpp/ipv/src/ipv_itertrans.cpp:842,0.0,未标注,④-待人工·行内值,
行内,,lib/algorithms/platesolve/cpp/ipv/src/ipv_itertrans.cpp:904,0.0,未标注,④-待人工·行内值,
行内,,lib/algorithms/platesolve/cpp/ipv/src/ipv_itertrans.cpp:905,0.0,未标注,④-待人工·行内值,
行内,,lib/algorithms/platesolve/cpp/ipv/src/ipv_itertrans.cpp:906,0.0,未标注,④-待人工·行内值,
行内,,lib/algorithms/platesolve/cpp/ipv/src/ipv_itertrans.cpp:999,0.0,未标注,④-待人工·行内值,
行内,,lib/algorithms/platesolve/cpp/ipv/src/ipv_polygon.cpp:71,-1.0,未标注,④-待人工·行内值,
行内,,lib/algorithms/platesolve/cpp/ipv/src/ipv_polygon.cpp:91,0.0,未标注,④-待人工·行内值,
行内,,lib/algorithms/platesolve/cpp/ipv/src/ipv_polygon.cpp:92,0.0,未标注,④-待人工·行内值,
行内,,lib/algorithms/platesolve/cpp/ipv/src/ipv_polygon.cpp:103,0.0,未标注,④-待人工·行内值,
行内,,lib/algorithms/platesolve/cpp/ipv/src/ipv_polygon.cpp:220,0.0,未标注,④-待人工·行内值,
行内,,lib/algorithms/platesolve/cpp/ipv/src/ipv_polygon.cpp:283,0.0,未标注,④-待人工·行内值,
行内,,lib/algorithms/platesolve/cpp/ipv/src/ipv_polygon.cpp:309,0.0,未标注,④-待人工·行内值,
行内,,lib/algorithms/platesolve/cpp/ipv/src/ipv_polygon.cpp:408,5.0,未标注,④-待人工·行内值,
行内,,lib/algorithms/platesolve/cpp/ipv/src/ipv_polygon.cpp:481,3600.0,未标注,④-待人工·行内值,
行内,,lib/algorithms/platesolve/cpp/ipv/src/ipv_polygon.cpp:505,0.0,未标注,④-待人工·行内值,
行内,,lib/algorithms/platesolve/cpp/ipv/src/ipv_polygon.cpp:539,5.0,未标注,④-待人工·行内值,
行内,,lib/algorithms/platesolve/cpp/ipv/src/ipv_polygon.cpp:553,0.0,未标注,④-待人工·行内值,
行内,,lib/algorithms/platesolve/cpp/ipv/src/ipv_polygon.cpp:648,0.0,未标注,④-待人工·行内值,
行内,,lib/algorithms/platesolve/cpp/ipv/src/ipv_ransac.cpp:78,0.0,未标注,④-待人工·行内值,
行内,,lib/algorithms/platesolve/cpp/ipv/src/ipv_ransac.cpp:79,0.0,未标注,④-待人工·行内值,
行内,,lib/algorithms/platesolve/cpp/ipv/src/ipv_ransac.cpp:219,0.0,未标注,④-待人工·行内值,
行内,,lib/algorithms/platesolve/cpp/ipv/src/ipv_ransac.cpp:289,57.295779513082323,未标注,④-待人工·行内值,
行内,,lib/algorithms/platesolve/cpp/ipv/src/ipv_ransac.cpp:392,10.0,未标注,④-待人工·行内值,
行内,,lib/algorithms/platesolve/cpp/ipv/src/ipv_ransac.cpp:515,10.0,未标注,④-待人工·行内值,
行内,,lib/algorithms/platesolve/cpp/ipv/src/ipv_ransac.cpp:617,10.0,未标注,④-待人工·行内值,
行内,,lib/algorithms/platesolve/cpp/ipv/src/ipv_ransac.cpp:746,57.295779513082323,未标注,④-待人工·行内值,
行内,,lib/algorithms/platesolve/cpp/ipv/src/ipv_ransac.cpp:925,1.0,未标注,④-待人工·行内值,
行内,,lib/algorithms/platesolve/cpp/ipv/src/ipv_ransac.cpp:1099,0.5,未标注,④-待人工·行内值,
行内,,lib/algorithms/platesolve/cpp/ipv/src/ipv_ransac.cpp:1352,5.0,未标注,④-待人工·行内值,
行内,,lib/algorithms/platesolve/cpp/ipv/src/ipv_ransac.cpp:1361,-1.0,未标注,④-待人工·行内值,
行内,,lib/algorithms/platesolve/cpp/ipv/src/ipv_ransac.cpp:1455,57.295779513082323,未标注,④-待人工·行内值,
行内,,lib/algorithms/platesolve/cpp/ipv/src/ipv_ransac.cpp:1456,57.295779513082323,未标注,④-待人工·行内值,
行内,,lib/algorithms/platesolve/cpp/ipv/src/ipv_ransac.cpp:1495,57.295779513082323,未标注,④-待人工·行内值,
行内,,lib/algorithms/platesolve/cpp/ipv/src/ipv_robust_refine.cpp:173,0.0,未标注,④-待人工·行内值,
行内,,lib/algorithms/platesolve/cpp/ipv/src/ipv_robust_refine.cpp:370,0.0,未标注,④-待人工·行内值,
行内,,lib/algorithms/platesolve/cpp/ipv/src/ipv_robust_refine.cpp:475,1.0,未标注,④-待人工·行内值,
行内,,lib/algorithms/platesolve/cpp/ipv/src/ipv_robust_refine.cpp:579,0.0,未标注,④-待人工·行内值,
行内,,lib/algorithms/platesolve/cpp/ipv/src/ipv_robust_refine.cpp:593,1.0,未标注,④-待人工·行内值,
行内,,lib/algorithms/platesolve/cpp/ipv/src/ipv_robust_refine.cpp:605,1.0,未标注,④-待人工·行内值,
行内,,lib/algorithms/platesolve/cpp/ipv/src/ipv_robust_refine.cpp:610,1.482602218505602,未标注,④-待人工·行内值,
行内,,lib/algorithms/platesolve/cpp/ipv/src/ipv_robust_refine.cpp:622,0.0,未标注,④-待人工·行内值,
行内,,lib/algorithms/platesolve/cpp/ipv/src/ipv_robust_refine.cpp:630,10.0,未标注,④-待人工·行内值,
行内,,lib/algorithms/platesolve/cpp/ipv/src/ipv_robust_refine.cpp:730,0.0,未标注,④-待人工·行内值,
行内,,lib/algorithms/platesolve/cpp/ipv/src/ipv_robust_refine.cpp:754,0.0,未标注,④-待人工·行内值,
行内,,lib/algorithms/platesolve/cpp/ipv/src/ipv_robust_refine.cpp:755,0.0,未标注,④-待人工·行内值,
行内,,lib/algorithms/platesolve/cpp/ipv/src/ipv_robust_refine.cpp:884,4.30,未标注,④-待人工·行内值,
行内,,lib/algorithms/platesolve/cpp/ipv/src/ipv_robust_refine.cpp:1034,1.0,未标注,④-待人工·行内值,
行内,,lib/algorithms/platesolve/cpp/ipv/src/ipv_select.cpp:277,0.0,未标注,④-待人工·行内值,
行内,,lib/algorithms/platesolve/cpp/ipv/src/ipv_select.cpp:301,0.0,未标注,④-待人工·行内值,
行内,,lib/algorithms/platesolve/cpp/ipv/src/ipv_select.cpp:344,1.5,未标注,④-待人工·行内值,
行内,,lib/algorithms/platesolve/cpp/ipv/src/ipv_select.cpp:345,2.0,未标注,④-待人工·行内值,
行内,,lib/algorithms/platesolve/cpp/ipv/src/ipv_select.cpp:398,0.0,未标注,④-待人工·行内值,
行内,,lib/algorithms/platesolve/cpp/ipv/src/ipv_select.cpp:403,0.0,未标注,④-待人工·行内值,
行内,,lib/algorithms/platesolve/cpp/ipv/src/ipv_select.cpp:409,0.0,未标注,④-待人工·行内值,
行内,,lib/algorithms/platesolve/cpp/ipv/src/ipv_select.cpp:518,100.0,未标注,④-待人工·行内值,
行内,,lib/algorithms/platesolve/cpp/ipv/src/ipv_select.cpp:566,100.0,未标注,④-待人工·行内值,
行内,,lib/algorithms/platesolve/cpp/ipv/src/ipv_select.cpp:624,1000.0,未标注,④-待人工·行内值,
行内,,lib/algorithms/platesolve/cpp/ipv/src/ipv_select.cpp:1003,0.0,未标注,④-待人工·行内值,
行内,,lib/algorithms/platesolve/cpp/ipv/src/ipv_select.cpp:1007,0.0,未标注,④-待人工·行内值,
行内,,lib/algorithms/platesolve/cpp/ipv/src/ipv_select.cpp:1245,1.5,未标注,④-待人工·行内值,
行内,,lib/algorithms/platesolve/cpp/ipv/src/ipv_select.cpp:1249,1.5,未标注,④-待人工·行内值,
行内,,lib/algorithms/platesolve/cpp/ipv/src/ipv_select.cpp:1323,0.0,未标注,④-待人工·行内值,
行内,,lib/algorithms/platesolve/cpp/ipv/src/ipv_select.cpp:1327,0.0,未标注,④-待人工·行内值,
行内,,lib/algorithms/platesolve/cpp/ipv/src/ipv_select.cpp:1544,1.5,未标注,④-待人工·行内值,
行内,,lib/algorithms/platesolve/cpp/ipv/src/ipv_select.cpp:1548,1.5,未标注,④-待人工·行内值,
行内,,lib/algorithms/platesolve/cpp/ipv/src/ipv_select.cpp:1619,0.0,未标注,④-待人工·行内值,
行内,,lib/algorithms/platesolve/cpp/ipv/src/ipv_select.cpp:1623,0.0,未标注,④-待人工·行内值,
行内,,lib/algorithms/platesolve/cpp/ipv/src/ipv_select.cpp:1676,0.0,未标注,④-待人工·行内值,
行内,,lib/algorithms/platesolve/cpp/ipv/src/ipv_select.cpp:1677,0.0,未标注,④-待人工·行内值,
行内,,lib/algorithms/platesolve/cpp/ipv/src/ipv_select.cpp:1821,1.5,未标注,④-待人工·行内值,
行内,,lib/algorithms/platesolve/cpp/ipv/src/ipv_select.cpp:1825,1.5,未标注,④-待人工·行内值,
行内,,lib/algorithms/platesolve/cpp/ipv/src/ipv_select.cpp:1899,0.0,未标注,④-待人工·行内值,
行内,,lib/algorithms/platesolve/cpp/ipv/src/ipv_select.cpp:1903,0.0,未标注,④-待人工·行内值,
行内,,lib/algorithms/platesolve/cpp/ipv/src/ipv_select.cpp:1999,2.5,未标注,④-待人工·行内值,
行内,,lib/algorithms/platesolve/cpp/ipv/src/ipv_select.cpp:2155,1.5,未标注,④-待人工·行内值,
行内,,lib/algorithms/platesolve/cpp/ipv/src/ipv_select.cpp:2159,1.5,未标注,④-待人工·行内值,
行内,,lib/algorithms/platesolve/cpp/ipv/src/ipv_sip.cpp:125,0.0,未标注,④-待人工·行内值,
行内,,lib/algorithms/platesolve/cpp/ipv/src/ipv_sip.cpp:133,0.0,未标注,④-待人工·行内值,
行内,,lib/algorithms/platesolve/cpp/ipv/src/ipv_sip.cpp:171,1.0,未标注,④-待人工·行内值,
行内,,lib/algorithms/platesolve/cpp/ipv/src/ipv_sip.cpp:172,0.0,未标注,④-待人工·行内值,
行内,,lib/algorithms/platesolve/cpp/ipv/src/ipv_sip.cpp:173,0.0,未标注,④-待人工·行内值,
行内,,lib/algorithms/platesolve/cpp/ipv/src/ipv_sip.cpp:176,0.0,未标注,④-待人工·行内值,
行内,,lib/algorithms/platesolve/cpp/ipv/src/ipv_sip.cpp:182,0.0,未标注,④-待人工·行内值,
行内,,lib/algorithms/platesolve/cpp/ipv/src/ipv_sip.cpp:186,0.0,未标注,④-待人工·行内值,
行内,,lib/algorithms/platesolve/cpp/ipv/src/ipv_sip.cpp:190,0.0,未标注,④-待人工·行内值,
行内,,lib/algorithms/platesolve/cpp/ipv/src/ipv_sip.cpp:214,0.0,未标注,④-待人工·行内值,
行内,,lib/algorithms/platesolve/cpp/ipv/src/ipv_sip.cpp:249,1.0,未标注,④-待人工·行内值,
行内,,lib/algorithms/platesolve/cpp/ipv/src/ipv_sip.cpp:283,0.0,未标注,④-待人工·行内值,
行内,,lib/algorithms/platesolve/cpp/ipv/src/ipv_sip.cpp:284,0.0,未标注,④-待人工·行内值,
行内,,lib/algorithms/platesolve/cpp/ipv/src/ipv_sip.cpp:336,0.0,未标注,④-待人工·行内值,
行内,,lib/algorithms/platesolve/cpp/ipv/src/ipv_sip.cpp:392,0.0,未标注,④-待人工·行内值,
行内,,lib/algorithms/platesolve/cpp/ipv/src/ipv_sip.cpp:437,100.0,未标注,④-待人工·行内值,
行内,,lib/algorithms/platesolve/cpp/ipv/src/ipv_sip.cpp:459,10.0,未标注,④-待人工·行内值,
行内,,lib/algorithms/platesolve/cpp/ipv/src/ipv_solver.cpp:101,360.0,未标注,④-待人工·行内值,
行内,,lib/algorithms/platesolve/cpp/ipv/src/ipv_solver.cpp:422,4.19,未标注,④-待人工·行内值,
行内,,lib/algorithms/platesolve/cpp/ipv/src/ipv_solver.cpp:459,0.002,未标注,④-待人工·行内值,
行内,,lib/algorithms/platesolve/cpp/ipv/src/ipv_solver.cpp:534,5.0,未标注,④-待人工·行内值,
行内,,lib/algorithms/platesolve/cpp/ipv/src/ipv_solver.cpp:660,5.0,未标注,④-待人工·行内值,
行内,,lib/algorithms/platesolve/cpp/ipv/src/ipv_solver.cpp:670,5.0,未标注,④-待人工·行内值,
行内,,lib/algorithms/platesolve/cpp/ipv/src/ipv_solver.cpp:681,0.01,未标注,④-待人工·行内值,
行内,,lib/algorithms/platesolve/cpp/ipv/src/ipv_solver.cpp:785,4.22,未标注,④-待人工·行内值,
行内,,lib/algorithms/platesolve/cpp/ipv/src/ipv_solver.cpp:833,4.19,未标注,④-待人工·行内值,
行内,,lib/algorithms/platesolve/cpp/ipv/src/ipv_solver.cpp:865,0.002,未标注,④-待人工·行内值,
行内,,lib/algorithms/platesolve/cpp/ipv/src/ipv_solver.cpp:936,5.0,未标注,④-待人工·行内值,
行内,,lib/algorithms/platesolve/cpp/ipv/src/ipv_solver.cpp:1056,5.0,未标注,④-待人工·行内值,
行内,,lib/algorithms/platesolve/cpp/ipv/src/ipv_solver.cpp:1065,5.0,未标注,④-待人工·行内值,
行内,,lib/algorithms/platesolve/cpp/ipv/src/ipv_solver.cpp:1075,0.01,未标注,④-待人工·行内值,
行内,,lib/algorithms/platesolve/cpp/ipv/src/ipv_solver.cpp:1173,4.22,未标注,④-待人工·行内值,
行内,,lib/algorithms/platesolve/cpp/ipv/src/ipv_solver.cpp:1214,0.002,未标注,④-待人工·行内值,
行内,,lib/algorithms/platesolve/cpp/ipv/src/ipv_solver.cpp:1271,5.0,未标注,④-待人工·行内值,
行内,,lib/algorithms/platesolve/cpp/ipv/src/ipv_solver.cpp:1353,5.0,未标注,④-待人工·行内值,
行内,,lib/algorithms/platesolve/cpp/ipv/src/ipv_solver.cpp:1362,5.0,未标注,④-待人工·行内值,
行内,,lib/algorithms/platesolve/cpp/ipv/src/ipv_solver.cpp:1372,0.01,未标注,④-待人工·行内值,
行内,,lib/algorithms/platesolve/cpp/ipv/src/ipv_triangle.cpp:89,0.0,未标注,④-待人工·行内值,
行内,,lib/algorithms/platesolve/cpp/ipv/src/ipv_triangle.cpp:157,0.0,未标注,④-待人工·行内值,
行内,,lib/algorithms/platesolve/cpp/ipv/src/ipv_triangle.cpp:245,0.9,未标注,④-待人工·行内值,
行内,,lib/algorithms/platesolve/cpp/ipv/src/ipv_triangle.cpp:389,-1.0,未标注,④-待人工·行内值,
行内,,lib/algorithms/platesolve/cpp/ipv/src/ipv_triangle.cpp:390,-1.0,未标注,④-待人工·行内值,
行内,,lib/algorithms/platesolve/cpp/ipv/src/ipv_triangle.cpp:570,0.0,未标注,④-待人工·行内值,
行内,,lib/algorithms/platesolve/cpp/ipv/src/ipv_wcs.cpp:80,0.0,未标注,④-待人工·行内值,
行内,,lib/algorithms/platesolve/cpp/ipv/src/ipv_wcs.cpp:162,0.5,未标注,④-待人工·行内值,
行内,,lib/algorithms/platesolve/cpp/ipv/src/ipv_wcs.cpp:163,0.5,未标注,④-待人工·行内值,
行内,,lib/algorithms/platesolve/cpp/ipv/src/ipv_wcs.cpp:169,0.0,未标注,④-待人工·行内值,
行内,,lib/algorithms/platesolve/cpp/ipv/src/ipv_wcs.cpp:170,0.0,未标注,④-待人工·行内值,
行内,,lib/algorithms/platesolve/cpp/ipv/src/ipv_wcs.cpp:175,0.0,未标注,④-待人工·行内值,
行内,,lib/algorithms/platesolve/cpp/ipv/src/ipv_wcs.cpp:176,0.0,未标注,④-待人工·行内值,
行内,,lib/algorithms/platesolve/cpp/ipv/src/ipv_wcs.cpp:312,0.0,未标注,④-待人工·行内值,
行内,,lib/algorithms/platesolve/cpp/ipv/src/ipv_wcs.cpp:313,0.0,未标注,④-待人工·行内值,
行内,,lib/algorithms/platesolve/cpp/ipv/src/ipv_wcs.cpp:314,0.0,未标注,④-待人工·行内值,
行内,,lib/algorithms/platesolve/cpp/ipv/src/ipv_wcs.cpp:315,0.0,未标注,④-待人工·行内值,
行内,,lib/algorithms/platesolve/cpp/ipv/src/ipv_wcs.cpp:318,0.0,未标注,④-待人工·行内值,
行内,,lib/algorithms/platesolve/cpp/ipv/src/ipv_wcs.cpp:319,0.0,未标注,④-待人工·行内值,
行内,,lib/algorithms/platesolve/cpp/ipv/src/ipv_wcs.cpp:351,11.1,未标注,④-待人工·行内值,
行内,,lib/algorithms/platesolve/cpp/ipv/src/ipv_wcs.cpp:442,0.0,未标注,④-待人工·行内值,
行内,,lib/algorithms/platesolve/cpp/ipv/src/ipv_wcs.cpp:443,0.0,未标注,④-待人工·行内值,
行内,,lib/algorithms/platesolve/cpp/ipv/src/ipv_wcs.cpp:505,1.0,未标注,④-待人工·行内值,
行内,,lib/algorithms/platesolve/cpp/ipv/src/ipv_wcs.cpp:507,1.0,未标注,④-待人工·行内值,
行内,,lib/algorithms/platesolve/cpp/ipv/src/ipv_wcs.cpp:513,1.0,未标注,④-待人工·行内值,
行内,,lib/algorithms/platesolve/cpp/ipv/src/ipv_wcs.cpp:514,1.0,未标注,④-待人工·行内值,
行内,,lib/algorithms/platesolve/cpp/ipv/src/ipv_wcs.cpp:554,0.0,未标注,④-待人工·行内值,
行内,,lib/algorithms/platesolve/cpp/ipv/src/ipv_wcs.cpp:555,0.0,未标注,④-待人工·行内值,
行内,,lib/algorithms/platesolve/cpp/ipv/src/ipv_wcs.cpp:587,1.0,未标注,④-待人工·行内值,
行内,,lib/algorithms/platesolve/cpp/ipv/src/ipv_wcs.cpp:589,1.0,未标注,④-待人工·行内值,
行内,,lib/algorithms/platesolve/cpp/ipv/src/ipv_wcs.cpp:593,1.0,未标注,④-待人工·行内值,
行内,,lib/algorithms/platesolve/cpp/ipv/src/ipv_wcs.cpp:594,1.0,未标注,④-待人工·行内值,
行内,,lib/algorithms/platesolve/cpp/ipv/src/ipv_wcs.cpp:735,0.0,未标注,④-待人工·行内值,
行内,,lib/algorithms/platesolve/cpp/ipv/src/ipv_wcs.cpp:754,0.5,未标注,④-待人工·行内值,
行内,,lib/algorithms/platesolve/cpp/ipv/src/ipv_wcs.cpp:861,0.0,未标注,④-待人工·行内值,
行内,,lib/algorithms/platesolve/cpp/ipv/src/ipv_wcs.cpp:1000,0.5,未标注,④-待人工·行内值,
行内,,lib/algorithms/platesolve/cpp/ipv/test/CMakeLists.txt:38,10.4,未标注,④-待人工·行内值,
行内,,lib/algorithms/platesolve/cpp/ipv/test/CMakeLists.txt:120,8.6,未标注,④-待人工·行内值,
行内,,lib/algorithms/platesolve/cpp/ipv/test/CMakeLists.txt:164,0.002,未标注,④-待人工·行内值,
行内,,lib/algorithms/platesolve/cpp/ipv/test/ipv_abi_layout_probe.cpp:24,8.6,未标注,④-待人工·行内值,
行内,,lib/algorithms/platesolve/cpp/ipv/test/ipv_abi_layout_probe.cpp:26,8.6,未标注,④-待人工·行内值,
行内,,lib/algorithms/platesolve/cpp/ipv/test/ipv_params_abi_failclosed_test.cpp:61,1.0,未标注,④-待人工·行内值,
行内,,lib/algorithms/platesolve/cpp/ipv/test/ipv_params_abi_failclosed_test.cpp:91,3.45,未标注,④-待人工·行内值,
行内,,lib/algorithms/platesolve/cpp/ipv/test/ipv_params_abi_failclosed_test.cpp:112,3.45,未标注,④-待人工·行内值,
行内,,lib/algorithms/platesolve/cpp/ipv/test/ipv_params_abi_failclosed_test.cpp:118,3.45,未标注,④-待人工·行内值,
行内,,lib/algorithms/platesolve/cpp/ipv/test/test_error_utf8.cpp:200,0.0,未标注,④-待人工·行内值,
行内,,lib/algorithms/platesolve/cpp/ipv/test/test_error_utf8.cpp:202,0.0,未标注,④-待人工·行内值,
行内,,lib/algorithms/platesolve/cpp/ipv/test/test_error_utf8.cpp:222,0.0,未标注,④-待人工·行内值,
行内,,lib/algorithms/platesolve/cpp/ipv/test/test_extract_wcs_sip_failclosed.cpp:132,2.0,未标注,④-待人工·行内值,
行内,,lib/algorithms/platesolve/cpp/ipv/test/test_kvector.cpp:237,500.5,未标注,④-待人工·行内值,
行内,,lib/algorithms/platesolve/cpp/ipv/test/test_kvector.cpp:317,2.0,未标注,④-待人工·行内值,
行内,,lib/algorithms/platesolve/cpp/ipv/test/test_kvector.cpp:322,1.0,未标注,④-待人工·行内值,
行内,,lib/algorithms/platesolve/cpp/ipv/test/test_last_inlier_reset.cpp:116,5.0,未标注,④-待人工·行内值,
行内,,lib/algorithms/platesolve/cpp/ipv/test/test_mag_iter.cpp:79,10.0,未标注,④-待人工·行内值,
行内,,lib/algorithms/platesolve/cpp/ipv/test/test_mag_iter.cpp:130,12.9850849855,未标注,④-待人工·行内值,
行内,,lib/algorithms/platesolve/cpp/ipv/test/test_mag_iter.cpp:131,12.9850849855,未标注,④-待人工·行内值,
行内,,lib/algorithms/platesolve/cpp/ipv/test/test_mag_iter.cpp:238,300.0,未标注,④-待人工·行内值,
行内,,lib/algorithms/platesolve/cpp/ipv/test/test_mag_iter_delivery.cpp:106,11.5,未标注,④-待人工·行内值,
行内,,lib/algorithms/platesolve/cpp/ipv/test/test_select_domain.cpp:87,1.0e6,未标注,④-待人工·行内值,
行内,,lib/algorithms/platesolve/cpp/ipv/test/test_select_domain.cpp:92,1.0e4,未标注,④-待人工·行内值,
行内,,lib/algorithms/platesolve/cpp/ipv/test/test_select_domain.cpp:147,1.0,未标注,④-待人工·行内值,
行内,,lib/algorithms/platesolve/cpp/ipv/test/test_select_domain.cpp:239,11.4348,未标注,④-待人工·行内值,
行内,,lib/algorithms/platesolve/cpp/ipv/test/test_select_domain.cpp:245,3.0,未标注,④-待人工·行内值,
行内,,lib/algorithms/platesolve/cpp/ipv/test/test_synthetic.cpp:151,0.1,未标注,④-待人工·行内值,
行内,,lib/algorithms/platesolve/cpp/ipv/test/test_synthetic.cpp:169,0.01,未标注,④-待人工·行内值,
行内,,lib/algorithms/platesolve/cpp/ipv/test/test_synthetic.cpp:171,180.0,未标注,④-待人工·行内值,
行内,,lib/algorithms/platesolve/cpp/ipv/test/test_synthetic.cpp:173,180.0,未标注,④-待人工·行内值,
行内,,lib/algorithms/platesolve/cpp/ipv/test/test_synthetic.cpp:175,0.01,未标注,④-待人工·行内值,
行内,,lib/algorithms/platesolve/cpp/ipv/test/test_synthetic.cpp:179,1.0,未标注,④-待人工·行内值,
行内,,lib/algorithms/platesolve/cpp/ipv/test/test_synthetic.cpp:183,1.0,未标注,④-待人工·行内值,
行内,,lib/algorithms/platesolve/cpp/ipv/test/test_synthetic.cpp:207,180.0,未标注,④-待人工·行内值,
行内,,lib/algorithms/platesolve/cpp/ipv/test/test_synthetic.cpp:268,180.0,未标注,④-待人工·行内值,
行内,,lib/algorithms/platesolve/cpp/ipv/test/test_synthetic.cpp:278,1.5,未标注,④-待人工·行内值,
行内,,lib/algorithms/platesolve/module.yaml:147,18.1,未标注,④-待人工·行内值,
行内,,lib/algorithms/projection/CMakeLists.txt:9,7.1,未标注,④-待人工·行内值,
行内,,lib/algorithms/projection/module.yaml:5,7.1,未标注,④-待人工·行内值,
行内,,lib/algorithms/projection/module.yaml:9,0.0,未标注,④-待人工·行内值,
行内,,lib/algorithms/projection/module.yaml:51,5.3,未标注,④-待人工·行内值,
行内,,lib/algorithms/projection/module.yaml:59,15.9,未标注,④-待人工·行内值,
行内,,lib/algorithms/projection/p3_proj_v6.cpp:64,360.0,未标注,④-待人工·行内值,
行内,,lib/algorithms/projection/p3_proj_v6.cpp:124,0.0,未标注,④-待人工·行内值,
行内,,lib/algorithms/projection/p3_proj_v6.cpp:212,1.0,未标注,④-待人工·行内值,
行内,,lib/algorithms/projection/p3_proj_v6.cpp:229,0.0,未标注,④-待人工·行内值,
行内,,lib/algorithms/projection/p3_proj_v6.cpp:248,90.0,未标注,④-待人工·行内值,
行内,,lib/algorithms/projection/p3_proj_v6.cpp:257,90.0,未标注,④-待人工·行内值,
行内,,lib/algorithms/projection/p3_proj_v6.cpp:277,1.0,未标注,④-待人工·行内值,
行内,,lib/algorithms/projection/p3_proj_v6.cpp:281,1.0,未标注,④-待人工·行内值,
行内,,lib/algorithms/projection/p3_proj_v6.cpp:293,90.0,未标注,④-待人工·行内值,
行内,,lib/algorithms/projection/p3_proj_v6.cpp:298,0.0,未标注,④-待人工·行内值,
行内,,lib/algorithms/projection/p3_proj_v6.cpp:337,2.0,未标注,④-待人工·行内值,
行内,,lib/algorithms/projection/p3_proj_v6.cpp:361,1.0,未标注,④-待人工·行内值,
行内,,lib/algorithms/projection/p3_proj_v6.cpp:376,1.0,未标注,④-待人工·行内值,
行内,,lib/algorithms/projection/p3_proj_v6.cpp:430,0.0,未标注,④-待人工·行内值,
行内,,lib/algorithms/projection/p3_proj_v6.cpp:431,0.0,未标注,④-待人工·行内值,
行内,,lib/algorithms/projection/p3_proj_v6.cpp:453,0.0,未标注,④-待人工·行内值,
行内,,lib/algorithms/projection/p3_proj_v6.cpp:535,0.0,未标注,④-待人工·行内值,
行内,,lib/algorithms/projection/p3_proj_v6.cpp:556,0.0,未标注,④-待人工·行内值,
行内,,lib/algorithms/projection/p3_proj_v6.cpp:691,0.0,未标注,④-待人工·行内值,
行内,,lib/algorithms/projection/p3_proj_v6.cpp:708,0.0,未标注,④-待人工·行内值,
行内,,lib/algorithms/projection/p3_proj_v6.cpp:723,0.0,未标注,④-待人工·行内值,
行内,,lib/algorithms/projection/p3_proj_v6.cpp:739,0.0,未标注,④-待人工·行内值,
行内,,lib/algorithms/projection/p3_projection.cpp:50,360.0,未标注,④-待人工·行内值,
行内,,lib/algorithms/projection/p3_projection.cpp:122,0.0,未标注,④-待人工·行内值,
行内,,lib/algorithms/projection/p3_projection.cpp:138,2.0,未标注,④-待人工·行内值,
行内,,lib/algorithms/projection/p3_projection.cpp:165,1.0,未标注,④-待人工·行内值,
行内,,lib/algorithms/projection/p3_projection.cpp:182,0.0,未标注,④-待人工·行内值,
行内,,lib/algorithms/projection/p3_projection.cpp:201,2.0,未标注,④-待人工·行内值,
行内,,lib/algorithms/projection/p3_projection.cpp:213,90.0,未标注,④-待人工·行内值,
行内,,lib/algorithms/projection/p3_projection.cpp:234,0.0,未标注,④-待人工·行内值,
行内,,lib/algorithms/projection/p3_projection.cpp:237,1.0,未标注,④-待人工·行内值,
行内,,lib/algorithms/projection/p3_projection.cpp:252,90.0,未标注,④-待人工·行内值,
行内,,lib/algorithms/projection/p3_projection.cpp:259,0.0,未标注,④-待人工·行内值,
行内,,lib/algorithms/projection/p3_projection.cpp:309,0.0,未标注,④-待人工·行内值,
行内,,lib/algorithms/projection/p3_projection.cpp:310,0.0,未标注,④-待人工·行内值,
行内,,lib/algorithms/projection/p3_projection.cpp:332,0.0,未标注,④-待人工·行内值,
行内,,lib/algorithms/projection/p3_projection_registry.h:188,5.3,未标注,④-待人工·行内值,
行内,,lib/algorithms/projection/p3_projection_registry.h:240,0.0,未标注,④-待人工·行内值,
行内,,lib/algorithms/projection/p3_wcs.cpp:31,360.0,未标注,④-待人工·行内值,
行内,,lib/algorithms/projection/p3_wcs.cpp:106,0.0,未标注,④-待人工·行内值,
行内,,lib/algorithms/projection/p3_wcs.cpp:214,85.0,未标注,④-待人工·行内值,
行内,,lib/algorithms/projection/p3_wcs.cpp:215,20.0,未标注,④-待人工·行内值,
行内,,lib/algorithms/projection/p3_wcs.cpp:221,128.0,未标注,④-待人工·行内值,
行内,,lib/algorithms/projection/p3_wcs.cpp:246,-1.0,未标注,④-待人工·行内值,
行内,,lib/algorithms/projection/p3_wcs.cpp:254,0.0,未标注,④-待人工·行内值,
行内,,lib/algorithms/projection/p3_wcs.cpp:257,0.0,未标注,④-待人工·行内值,
行内,,lib/algorithms/projection/p3_wcs.cpp:273,0.0,未标注,④-待人工·行内值,
行内,,lib/algorithms/projection/p3_wcs.cpp:292,0.0,未标注,④-待人工·行内值,
行内,,lib/algorithms/projection/p3_wcs.cpp:401,0.0,未标注,④-待人工·行内值,
行内,,lib/algorithms/projection/p3_wcs.cpp:404,1.0,未标注,④-待人工·行内值,
行内,,lib/algorithms/projection/p3_wcs.cpp:451,0.0,未标注,④-待人工·行内值,
行内,,lib/algorithms/projection/p3_wcs.cpp:526,2.0,未标注,④-待人工·行内值,
行内,,lib/algorithms/projection/p3_wcs.cpp:552,0.0,未标注,④-待人工·行内值,
行内,,lib/algorithms/projection/p3_wcs.h:64,5.3,未标注,④-待人工·行内值,
行内,,lib/algorithms/projection/p3_wcs.h:74,1.79e-3,未标注,④-待人工·行内值,
行内,,lib/algorithms/projection/p3_wcs.h:75,2.93e-3,未标注,④-待人工·行内值,
行内,,lib/algorithms/projection/p3_wcs.h:76,0.9586,未标注,④-待人工·行内值,
行内,,lib/algorithms/projection/p3_wcs.h:123,0.0,未标注,④-待人工·行内值,
行内,,lib/algorithms/projection/p3_wcs.h:274,85.0,未标注,④-待人工·行内值,
行内,,lib/algorithms/projection/p3_wcs.h:279,360.0,未标注,④-待人工·行内值,
行内,,lib/algorithms/psf/module.yaml:129,0.3,未标注,④-待人工·行内值,
行内,,lib/algorithms/psf/module.yaml:147,0.3,未标注,④-待人工·行内值,
行内,,lib/algorithms/psf/module.yaml:158,0.3,未标注,④-待人工·行内值,
行内,,lib/algorithms/psf/src/dpsf_image.cpp:24,0.5,未标注,④-待人工·行内值,
行内,,lib/algorithms/psf/src/dpsf_image.cpp:35,-0.5,未标注,④-待人工·行内值,
行内,,lib/algorithms/psf/src/dpsf_image.cpp:391,100.0,未标注,④-待人工·行内值,
行内,,lib/algorithms/psf/src/dpsf_psf.cpp:5,0.5,未标注,④-待人工·行内值,
行内,,lib/algorithms/psf/src/dpsf_psf.cpp:171,10.0,未标注,④-待人工·行内值,
行内,,lib/algorithms/psf/src/dpsf_psf.cpp:195,0.3,未标注,④-待人工·行内值,
行内,,lib/algorithms/psf/src/dpsf_psf.cpp:196,0.3,未标注,④-待人工·行内值,
行内,,lib/algorithms/psf/src/dpsf_psf.cpp:197,0.0,未标注,④-待人工·行内值,
行内,,lib/algorithms/psf/src/dpsf_psf.cpp:200,0.1,未标注,④-待人工·行内值,
行内,,lib/algorithms/psf/src/dpsf_psf.cpp:202,10.0,未标注,④-待人工·行内值,
行内,,lib/algorithms/psf/src/dpsf_psf.cpp:321,2.0,未标注,④-待人工·行内值,
行内,,lib/algorithms/psf/src/dpsf_psf.cpp:333,2.0,未标注,④-待人工·行内值,
行内,,lib/algorithms/psf/src/dpsf_psf.cpp:340,2.0,未标注,④-待人工·行内值,
行内,,lib/algorithms/psf/src/dpsf_psf.cpp:355,2.0,未标注,④-待人工·行内值,
行内,,lib/algorithms/psf/src/dpsf_psf.cpp:369,0.0,未标注,④-待人工·行内值,
行内,,lib/algorithms/psf/src/dpsf_psf.cpp:386,0.3,未标注,④-待人工·行内值,
行内,,lib/algorithms/psf/src/dpsf_psf.cpp:404,0.5,未标注,④-待人工·行内值,
行内,,lib/algorithms/psf/src/dpsf_psf.cpp:411,2.0,未标注,④-待人工·行内值,
行内,,lib/algorithms/psf/src/dpsf_psf.h:6,0.3,未标注,④-待人工·行内值,
行内,,lib/algorithms/psf/src/dpsf_psf.h:9,0.7316727929211932,未标注,④-待人工·行内值,
行内,,lib/algorithms/psf/src/psf_information.cpp:43,0.0,未标注,④-待人工·行内值,
行内,,lib/algorithms/psf/src/psf_information.cpp:61,0.0,未标注,④-待人工·行内值,
行内,,lib/algorithms/psf/src/psf_information.cpp:69,0.0,未标注,④-待人工·行内值,
行内,,lib/algorithms/psf/src/psf_information.cpp:74,0.0,未标注,④-待人工·行内值,
行内,,lib/algorithms/psf/src/psf_information.cpp:97,0.0,未标注,④-待人工·行内值,
行内,,lib/algorithms/psf/src/psf_information.cpp:106,0.0,未标注,④-待人工·行内值,
行内,,lib/algorithms/psf/src/psf_information.cpp:112,0.0,未标注,④-待人工·行内值,
行内,,lib/algorithms/psf/src/psf_information.cpp:117,0.0,未标注,④-待人工·行内值,
行内,,lib/algorithms/psf/src/psf_information.cpp:121,0.0,未标注,④-待人工·行内值,
行内,,lib/algorithms/psf/src/psf_information.cpp:145,0.0,未标注,④-待人工·行内值,
行内,,lib/algorithms/psf/src/psf_information.cpp:162,0.0,未标注,④-待人工·行内值,
行内,,lib/algorithms/psf/src/psf_information.cpp:168,0.0,未标注,④-待人工·行内值,
行内,,lib/algorithms/psf/test/test_dpsf_nan_sort.cpp:43,2.0,未标注,④-待人工·行内值,
行内,,lib/algorithms/psf/test/test_dpsf_nan_sort.cpp:60,0.0,未标注,④-待人工·行内值,
行内,,lib/algorithms/rejection/module.yaml:39,11.5,未标注,④-待人工·行内值,
行内,,lib/algorithms/resample/CMakeLists.txt:13,7.1,未标注,④-待人工·行内值,
行内,,lib/algorithms/resample/p3_resample.cpp:210,3600.0,未标注,④-待人工·行内值,
行内,,lib/algorithms/resample/p3_resample.cpp:445,0.0,未标注,④-待人工·行内值,
行内,,lib/algorithms/resample/p3_resample.cpp:535,0.0,未标注,④-待人工·行内值,
行内,,lib/algorithms/resample/p3_resample.cpp:567,0.0,未标注,④-待人工·行内值,
行内,,lib/algorithms/resample/p3_resample.h:39,31.1,未标注,④-待人工·行内值,
行内,,lib/algorithms/resample/p3_resample.h:59,10.5,未标注,④-待人工·行内值,
行内,,lib/algorithms/resample/p3_resample.h:102,30.4,未标注,④-待人工·行内值,
行内,,lib/algorithms/resample/p3_resample.h:113,30.4,未标注,④-待人工·行内值,
行内,,lib/algorithms/resample/p3_resample.h:194,30.4,未标注,④-待人工·行内值,
行内,,lib/algorithms/resample/p3_rsmp.h:281,0.0,未标注,④-待人工·行内值,
行内,,lib/algorithms/resample/p3_rsmp_covariance.cpp:52,0.0,未标注,④-待人工·行内值,
行内,,lib/algorithms/resample/p3_rsmp_covariance.cpp:60,0.0,未标注,④-待人工·行内值,
行内,,lib/algorithms/resample/p3_rsmp_covariance.cpp:63,0.0,未标注,④-待人工·行内值,
行内,,lib/algorithms/resample/p3_rsmp_covariance.cpp:71,0.0,未标注,④-待人工·行内值,
行内,,lib/algorithms/resample/p3_rsmp_covariance.cpp:107,0.0,未标注,④-待人工·行内值,
行内,,lib/algorithms/resample/p3_rsmp_covariance.cpp:135,0.0,未标注,④-待人工·行内值,
行内,,lib/algorithms/resample/p3_rsmp_covariance.cpp:141,0.0,未标注,④-待人工·行内值,
行内,,lib/algorithms/resample/p3_rsmp_failclosed.cpp:36,3.1,未标注,④-待人工·行内值,
行内,,lib/algorithms/resample/p3_rsmp_failclosed.cpp:139,1.0,未标注,④-待人工·行内值,
行内,,lib/algorithms/resample/p3_rsmp_failclosed.cpp:151,0.0,未标注,④-待人工·行内值,
行内,,lib/algorithms/resample/p3_rsmp_operator.cpp:22,0.0,未标注,④-待人工·行内值,
行内,,lib/algorithms/resample/p3_rsmp_operator.cpp:26,0.0,未标注,④-待人工·行内值,
行内,,lib/algorithms/resample/p3_rsmp_operator.cpp:34,0.0,未标注,④-待人工·行内值,
行内,,lib/algorithms/resample/p3_rsmp_operator.cpp:44,1.0,未标注,④-待人工·行内值,
行内,,lib/algorithms/resample/p3_rsmp_operator.cpp:59,0.0,未标注,④-待人工·行内值,
行内,,lib/algorithms/resample/p3_rsmp_operator.cpp:60,0.0,未标注,④-待人工·行内值,
行内,,lib/algorithms/resample/p3_rsmp_operator.cpp:64,0.0,未标注,④-待人工·行内值,
行内,,lib/algorithms/resample/p3_rsmp_operator.cpp:69,0.0,未标注,④-待人工·行内值,
行内,,lib/algorithms/resample/p3_rsmp_operator.cpp:74,0.0,未标注,④-待人工·行内值,
行内,,lib/algorithms/resample/p3_rsmp_operator.cpp:86,0.0,未标注,④-待人工·行内值,
行内,,lib/algorithms/resample/p3_rsmp_operator.cpp:111,0.0,未标注,④-待人工·行内值,
行内,,lib/algorithms/resample/p3_rsmp_operator.cpp:117,0.0,未标注,④-待人工·行内值,
行内,,lib/algorithms/resample/p3_rsmp_operator.cpp:120,0.0,未标注,④-待人工·行内值,
行内,,lib/algorithms/resample/p3_rsmp_operator.cpp:122,0.0,未标注,④-待人工·行内值,
行内,,lib/algorithms/resample/p3_rsmp_operator.cpp:127,0.0,未标注,④-待人工·行内值,
行内,,lib/algorithms/resample/p3_rsmp_operator.cpp:148,0.0,未标注,④-待人工·行内值,
行内,,lib/algorithms/resample/p3_rsmp_operator.cpp:153,0.0,未标注,④-待人工·行内值,
行内,,lib/algorithms/resample/p3_rsmp_operator.cpp:156,0.0,未标注,④-待人工·行内值,
行内,,lib/algorithms/resample/p3_rsmp_operator.cpp:158,0.0,未标注,④-待人工·行内值,
行内,,lib/algorithms/resample/p3_rsmp_operator.cpp:163,0.0,未标注,④-待人工·行内值,
行内,,lib/algorithms/resample/p3_rsmp_operator.cpp:165,0.0,未标注,④-待人工·行内值,
行内,,lib/algorithms/resample/p3_rsmp_operator.cpp:177,0.0,未标注,④-待人工·行内值,
行内,,lib/algorithms/resample/p3_rsmp_operator.cpp:191,0.0,未标注,④-待人工·行内值,
行内,,lib/algorithms/resample/p3_rsmp_operator.cpp:282,1.0,未标注,④-待人工·行内值,
行内,,lib/algorithms/resample/p3_rsmp_propagation.cpp:180,0.0,未标注,④-待人工·行内值,
行内,,lib/algorithms/resample/p3_rsmp_propagation.cpp:209,1.0,未标注,④-待人工·行内值,
行内,,lib/algorithms/sampling/module.yaml:45,11.4,未标注,④-待人工·行内值,
行内,,lib/algorithms/shared/healpix/healpix_core.cpp:67,0.0,未标注,④-待人工·行内值,
行内,,lib/algorithms/shared/healpix/healpix_core.cpp:80,0.0,未标注,④-待人工·行内值,
行内,,lib/algorithms/shared/healpix/healpix_core.cpp:93,2.0,未标注,④-待人工·行内值,
行内,,lib/algorithms/shared/healpix/healpix_core.cpp:197,-1.0,未标注,④-待人工·行内值,
行内,,lib/algorithms/shared/healpix/healpix_core.cpp:208,4.0,未标注,④-待人工·行内值,
行内,,lib/algorithms/shared/healpix/healpix_core.cpp:221,0.0,未标注,④-待人工·行内值,
行内,,lib/algorithms/shared/healpix/healpix_core.cpp:238,180.0,未标注,④-待人工·行内值,
行内,,lib/algorithms/shared/healpix/healpix_core.cpp:262,0.5,未标注,④-待人工·行内值,
行内,,lib/algorithms/shared/healpix/healpix_core.cpp:311,180.0,未标注,④-待人工·行内值,
行内,,lib/algorithms/shared/healpix/healpix_core.cpp:328,0.0,未标注,④-待人工·行内值,
行内,,lib/algorithms/shared/healpix/healpix_core.cpp:447,0.0,未标注,④-待人工·行内值,
行内,,lib/algorithms/shared/healpix/healpix_core.cpp:464,-1.0,未标注,④-待人工·行内值,
行内,,lib/algorithms/star_detection/module.yaml:33,11.3,未标注,④-待人工·行内值,
行内,,lib/algorithms/star_detection/module.yaml:149,11.2,未标注,④-待人工·行内值,
行内,,lib/algorithms/star_detection/module.yaml:156,0.7,未标注,④-待人工·行内值,
行内,,lib/algorithms/star_detection/module.yaml:157,0.1,未标注,④-待人工·行内值,
行内,,lib/algorithms/star_detection/module.yaml:158,4.0,未标注,④-待人工·行内值,
行内,,lib/algorithms/star_detection/module.yaml:175,11.3,未标注,④-待人工·行内值,
行内,,lib/algorithms/star_detection/src/nls_lm.cpp:13,3.2,未标注,④-待人工·行内值,
行内,,lib/algorithms/star_detection/src/nls_lm.cpp:16,3.1,未标注,④-待人工·行内值,
行内,,lib/algorithms/star_detection/src/nls_lm.cpp:18,3.4,未标注,④-待人工·行内值,
行内,,lib/algorithms/star_detection/src/nls_lm.cpp:23,0.75,未标注,④-待人工·行内值,
行内,,lib/algorithms/star_detection/src/nls_lm.cpp:24,0.25,未标注,④-待人工·行内值,
行内,,lib/algorithms/star_detection/src/nls_lm.cpp:25,0.25,未标注,④-待人工·行内值,
行内,,lib/algorithms/star_detection/src/nls_lm.cpp:27,3.2,未标注,④-待人工·行内值,
行内,,lib/algorithms/star_detection/src/nls_lm.cpp:42,3.1,未标注,④-待人工·行内值,
行内,,lib/algorithms/star_detection/src/nls_lm.cpp:85,0.0,未标注,④-待人工·行内值,
行内,,lib/algorithms/star_detection/src/nls_lm.cpp:161,0.0,未标注,④-待人工·行内值,
行内,,lib/algorithms/star_detection/src/nls_lm.cpp:180,0.0,未标注,④-待人工·行内值,
行内,,lib/algorithms/star_detection/src/nls_lm.cpp:188,10.0,未标注,④-待人工·行内值,
行内,,lib/algorithms/star_detection/src/nls_lm.cpp:192,0.0,未标注,④-待人工·行内值,
行内,,lib/algorithms/star_detection/src/nls_lm.cpp:237,0.0,未标注,④-待人工·行内值,
行内,,lib/algorithms/star_detection/src/nls_lm.cpp:238,0.0,未标注,④-待人工·行内值,
行内,,lib/algorithms/star_detection/src/nls_lm.cpp:239,0.0,未标注,④-待人工·行内值,
行内,,lib/algorithms/star_detection/src/nls_lm.cpp:240,0.0,未标注,④-待人工·行内值,
行内,,lib/algorithms/star_detection/src/nls_lm.cpp:241,0.0,未标注,④-待人工·行内值,
行内,,lib/algorithms/star_detection/src/nls_lm.cpp:242,0.0,未标注,④-待人工·行内值,
行内,,lib/algorithms/star_detection/src/nls_lm.cpp:243,0.0,未标注,④-待人工·行内值,
行内,,lib/algorithms/star_detection/src/nls_lm.cpp:244,0.0,未标注,④-待人工·行内值,
行内,,lib/algorithms/star_detection/src/nls_lm.cpp:245,0.0,未标注,④-待人工·行内值,
行内,,lib/algorithms/star_detection/src/nls_lm.cpp:246,0.0,未标注,④-待人工·行内值,
行内,,lib/algorithms/star_detection/src/nls_lm.cpp:247,0.0,未标注,④-待人工·行内值,
行内,,lib/algorithms/star_detection/src/nls_lm.cpp:365,0.0,未标注,④-待人工·行内值,
行内,,lib/algorithms/star_detection/src/nls_lm.cpp:424,0.0,未标注,④-待人工·行内值,
行内,,lib/algorithms/star_detection/src/nls_lm.h:5,8.4,未标注,④-待人工·行内值,
行内,,lib/algorithms/star_detection/src/nls_lm.h:7,8.5,未标注,④-待人工·行内值,
行内,,lib/algorithms/star_detection/src/nls_lm.h:9,8.5,未标注,④-待人工·行内值,
行内,,lib/algorithms/star_detection/src/sdet_angle_guard.h:50,0.0,未标注,④-待人工·行内值,
行内,,lib/algorithms/star_detection/src/sdet_angle_guard.h:58,90.0,未标注,④-待人工·行内值,
行内,,lib/algorithms/star_detection/src/sdet_api.cpp:103,0.0,未标注,④-待人工·行内值,
行内,,lib/algorithms/star_detection/src/sdet_api.cpp:109,0.5,未标注,④-待人工·行内值,
行内,,lib/algorithms/star_detection/src/sdet_api.cpp:182,1.0,未标注,④-待人工·行内值,
行内,,lib/algorithms/star_detection/src/sdet_api.cpp:217,0.0,未标注,④-待人工·行内值,
行内,,lib/algorithms/star_detection/src/sdet_api.cpp:219,0.5,未标注,④-待人工·行内值,
行内,,lib/algorithms/star_detection/src/sdet_api.cpp:226,0.5,未标注,④-待人工·行内值,
行内,,lib/algorithms/star_detection/src/sdet_api.cpp:230,0.0,未标注,④-待人工·行内值,
行内,,lib/algorithms/star_detection/src/sdet_api.cpp:232,0.2,未标注,④-待人工·行内值,
行内,,lib/algorithms/star_detection/src/sdet_api.cpp:319,0.0,未标注,④-待人工·行内值,
行内,,lib/algorithms/star_detection/src/sdet_api.cpp:503,0.70710678,未标注,④-待人工·行内值,
行内,,lib/algorithms/star_detection/src/sdet_api.cpp:531,0.0,未标注,④-待人工·行内值,
行内,,lib/algorithms/star_detection/src/sdet_api.cpp:546,0.0,未标注,④-待人工·行内值,
行内,,lib/algorithms/star_detection/src/sdet_api.cpp:557,2.0,未标注,④-待人工·行内值,
行内,,lib/algorithms/star_detection/src/sdet_api.cpp:569,2.0,未标注,④-待人工·行内值,
行内,,lib/algorithms/star_detection/src/sdet_api.cpp:576,2.0,未标注,④-待人工·行内值,
行内,,lib/algorithms/star_detection/src/sdet_api.cpp:591,2.0,未标注,④-待人工·行内值,
行内,,lib/algorithms/star_detection/src/sdet_api.cpp:629,0.0,未标注,④-待人工·行内值,
行内,,lib/algorithms/star_detection/src/sdet_api.cpp:888,4.0,未标注,④-待人工·行内值,
行内,,lib/algorithms/star_detection/src/sdet_api.cpp:920,4.0,未标注,④-待人工·行内值,
行内,,lib/algorithms/star_detection/src/sdet_api.cpp:949,1.0,未标注,④-待人工·行内值,
行内,,lib/algorithms/star_detection/src/sdet_api.cpp:1218,0.001,未标注,④-待人工·行内值,
行内,,lib/algorithms/star_detection/src/sdet_api.cpp:1258,1.0,未标注,④-待人工·行内值,
行内,,lib/algorithms/star_detection/src/sdet_api.cpp:1517,0.001,未标注,④-待人工·行内值,
行内,,lib/algorithms/star_detection/src/sdet_api.cpp:1761,2.0,未标注,④-待人工·行内值,
行内,,lib/algorithms/star_detection/src/sdet_api.cpp:1763,2.0,未标注,④-待人工·行内值,
行内,,lib/algorithms/star_detection/src/sdet_api.cpp:2283,0.001,未标注,④-待人工·行内值,
行内,,lib/algorithms/star_detection/src/sdet_api.cpp:2543,2.0,未标注,④-待人工·行内值,
行内,,lib/algorithms/star_detection/src/sdet_api.cpp:2545,2.0,未标注,④-待人工·行内值,
行内,,lib/algorithms/star_detection/src/sdet_api.cpp:2602,0.0,未标注,④-待人工·行内值,
行内,,lib/algorithms/star_detection/src/sdet_api.cpp:2744,0.001,未标注,④-待人工·行内值,
行内,,lib/algorithms/star_detection/src/sdet_background.cpp:188,0.0,未标注,④-待人工·行内值,
行内,,lib/algorithms/star_detection/src/sdet_background.cpp:358,1.0,未标注,④-待人工·行内值,
行内,,lib/algorithms/star_detection/src/sdet_background.cpp:390,1.0,未标注,④-待人工·行内值,
行内,,lib/algorithms/star_detection/src/sdet_detector.cpp:236,0.0,未标注,④-待人工·行内值,
行内,,lib/algorithms/star_detection/src/sdet_detector.cpp:274,0.0,未标注,④-待人工·行内值,
行内,,lib/algorithms/star_detection/src/sdet_detector.cpp:424,1.0,未标注,④-待人工·行内值,
行内,,lib/algorithms/star_detection/src/sdet_image.cpp:26,0.5,未标注,④-待人工·行内值,
行内,,lib/algorithms/star_detection/src/sdet_image.cpp:37,-0.5,未标注,④-待人工·行内值,
行内,,lib/algorithms/star_detection/src/sdet_image.cpp:93,0.5,未标注,④-待人工·行内值,
行内,,lib/algorithms/star_detection/src/sdet_image.cpp:100,2.5,未标注,④-待人工·行内值,
行内,,lib/algorithms/star_detection/src/sdet_image.cpp:116,1.0,未标注,④-待人工·行内值,
行内,,lib/algorithms/star_detection/src/sdet_image.cpp:120,1.0,未标注,④-待人工·行内值,
行内,,lib/algorithms/star_detection/src/sdet_image.cpp:121,1.0,未标注,④-待人工·行内值,
行内,,lib/algorithms/star_detection/src/sdet_image.cpp:129,1.0,未标注,④-待人工·行内值,
行内,,lib/algorithms/star_detection/src/sdet_image.cpp:130,1.0,未标注,④-待人工·行内值,
行内,,lib/algorithms/star_detection/src/sdet_image.cpp:199,0.5,未标注,④-待人工·行内值,
行内,,lib/algorithms/star_detection/src/sdet_image.cpp:206,2.5,未标注,④-待人工·行内值,
行内,,lib/algorithms/star_detection/src/sdet_image.cpp:221,1.0,未标注,④-待人工·行内值,
行内,,lib/algorithms/star_detection/src/sdet_image.cpp:225,1.0,未标注,④-待人工·行内值,
行内,,lib/algorithms/star_detection/src/sdet_image.cpp:226,1.0,未标注,④-待人工·行内值,
行内,,lib/algorithms/star_detection/src/sdet_image.cpp:233,1.0,未标注,④-待人工·行内值,
行内,,lib/algorithms/star_detection/src/sdet_image.cpp:234,1.0,未标注,④-待人工·行内值,
行内,,lib/algorithms/star_detection/src/sdet_image.cpp:502,0.0,未标注,④-待人工·行内值,
行内,,lib/algorithms/star_detection/src/sdet_image.cpp:510,0.5,未标注,④-待人工·行内值,
行内,,lib/algorithms/star_detection/src/sdet_image.cpp:516,0.0,未标注,④-待人工·行内值,
行内,,lib/algorithms/star_detection/src/sdet_image.cpp:524,1.482602218505602,未标注,④-待人工·行内值,
行内,,lib/algorithms/star_detection/src/sdet_image.cpp:1004,0.5,未标注,④-待人工·行内值,
行内,,lib/algorithms/star_detection/test/sdet_angle_guard_test.cpp:50,90.0,未标注,④-待人工·行内值,
行内,,lib/algorithms/star_detection/test/sdet_angle_guard_test.cpp:52,180.0,未标注,④-待人工·行内值,
行内,,lib/algorithms/star_detection/test/sdet_angle_guard_test.cpp:61,42.0,未标注,④-待人工·行内值,
行内,,lib/algorithms/star_detection/test/sdet_angle_guard_test.cpp:70,90.0,未标注,④-待人工·行内值,
行内,,lib/algorithms/star_detection/test/sdet_angle_guard_test.cpp:111,90.0,未标注,④-待人工·行内值,
行内,,lib/algorithms/star_detection/test/sdet_angle_guard_test.cpp:115,0.0,未标注,④-待人工·行内值,
行内,,lib/algorithms/star_detection/test/sdet_angle_guard_test.cpp:126,100.0,未标注,④-待人工·行内值,
行内,,lib/algorithms/star_detection/test/sdet_fp64_test.cpp:27,800.0,未标注,④-待人工·行内值,
行内,,lib/algorithms/star_detection/test/sdet_fp64_test.cpp:92,1.0,未标注,④-待人工·行内值,
行内,,lib/algorithms/star_detection/test/sdet_fp64_test.cpp:94,1000.0,未标注,④-待人工·行内值,
行内,,lib/algorithms/star_detection/wrapper_phase1/star_detector.cpp:110,3.0,未标注,④-待人工·行内值,
行内,,lib/include/astrocs/abi/host_api_v1.h:6,1.3,未标注,④-待人工·行内值,
行内,,lib/include/astrocs/abi/module_api_v1.h:7,1.1,未标注,④-待人工·行内值,
行内,,lib/include/astrocs/abi/module_api_v1.h:12,1.1,未标注,④-待人工·行内值,
行内,,lib/include/astrocs/abi/module_api_v1.h:110,1.2,未标注,④-待人工·行内值,
行内,,lib/include/astrocs/core/master_unit_guard.h:100,0.0,未标注,④-待人工·行内值,
行内,,lib/include/astrocs/core/variance_floor.h:61,0.0,未标注,④-待人工·行内值,
行内,,lib/include/astrocs/core/variance_floor.h:63,0.0,未标注,④-待人工·行内值,
行内,,lib/include/astrocs/core/variance_floor.h:70,0.5,未标注,④-待人工·行内值,
行内,,lib/include/astrocs/core/variance_floor.h:108,0.0,未标注,④-待人工·行内值,
行内,,lib/include/astrocs/core/variance_floor.h:109,0.0,未标注,④-待人工·行内值,
行内,,lib/include/astrocs/core/variance_floor.h:112,0.0,未标注,④-待人工·行内值,
行内,,lib/include/astrocs/core/variance_floor.h:124,0.0,未标注,④-待人工·行内值,
行内,,lib/include/astrocs/io/aio_abi_v1.h:8,8.3,未标注,④-待人工·行内值,
行内,,lib/include/astrocs/io/aio_abi_v1.h:11,8.6,未标注,④-待人工·行内值,
行内,,lib/infrastructure/acr/CMakeLists.txt:1,3.24,未标注,④-待人工·行内值,
行内,,lib/infrastructure/acr/CMakeLists.txt:64,11.8,未标注,④-待人工·行内值,
行内,,lib/infrastructure/acr/backends/classic/CMakeLists.txt:3,1.4,未标注,④-待人工·行内值,
行内,,lib/infrastructure/acr/backends/cpu/isa/sse.cpp:16,4.1,未标注,④-待人工·行内值,
行内,,lib/infrastructure/acr/backends/cuda/CMakeLists.txt:37,11.8,未标注,④-待人工·行内值,
行内,,lib/infrastructure/acr/cost/cost_estimator.cpp:123,0.0,未标注,④-待人工·行内值,
行内,,lib/infrastructure/acr/cost/cost_estimator.cpp:195,0.0,未标注,④-待人工·行内值,
行内,,lib/infrastructure/acr/cost/cost_estimator.cpp:214,0.0,未标注,④-待人工·行内值,
行内,,lib/infrastructure/acr/cost/cost_estimator.cpp:231,0.0,未标注,④-待人工·行内值,
行内,,lib/infrastructure/acr/cost/cost_estimator.cpp:235,0.0,未标注,④-待人工·行内值,
行内,,lib/infrastructure/acr/cost/cost_estimator.cpp:265,0.0,未标注,④-待人工·行内值,
行内,,lib/infrastructure/acr/cost/cost_estimator.cpp:280,0.0,未标注,④-待人工·行内值,
行内,,lib/infrastructure/acr/cost/cost_estimator.cpp:281,0.0,未标注,④-待人工·行内值,
行内,,lib/infrastructure/acr/cost/cost_estimator.cpp:291,0.0,未标注,④-待人工·行内值,
行内,,lib/infrastructure/acr/cost/cost_estimator.cpp:293,0.0,未标注,④-待人工·行内值,
行内,,lib/infrastructure/acr/cost/cost_estimator.cpp:294,0.0,未标注,④-待人工·行内值,
行内,,lib/infrastructure/acr/cost/cost_estimator.cpp:295,200.0,未标注,④-待人工·行内值,
行内,,lib/infrastructure/acr/cost/cost_estimator.cpp:349,0.0,未标注,④-待人工·行内值,
行内,,lib/infrastructure/acr/cost/cost_estimator.cpp:362,0.0,未标注,④-待人工·行内值,
行内,,lib/infrastructure/acr/cost/cost_estimator.cpp:426,0.0,未标注,④-待人工·行内值,
行内,,lib/infrastructure/acr/cost/cost_estimator.cpp:520,0.0,未标注,④-待人工·行内值,
行内,,lib/infrastructure/acr/cost/cost_estimator.cpp:583,0.0,未标注,④-待人工·行内值,
行内,,lib/infrastructure/acr/examples/weighted_integration/route_profile_calibration.cpp:194,0.9,未标注,④-待人工·行内值,
行内,,lib/infrastructure/acr/examples/weighted_integration/route_profile_calibration.cpp:347,0.0,未标注,④-待人工·行内值,
行内,,lib/infrastructure/acr/examples/weighted_integration/route_profile_calibration.cpp:354,0.95,未标注,④-待人工·行内值,
行内,,lib/infrastructure/acr/examples/weighted_integration/route_profile_calibration.cpp:392,500.0,未标注,④-待人工·行内值,
行内,,lib/infrastructure/acr/examples/weighted_integration/route_profile_calibration.cpp:411,0.0,未标注,④-待人工·行内值,
行内,,lib/infrastructure/acr/examples/weighted_integration/route_profile_calibration.cpp:610,0.9,未标注,④-待人工·行内值,
行内,,lib/infrastructure/acr/examples/weighted_integration/route_profile_calibration.cpp:719,0.9,未标注,④-待人工·行内值,
行内,,lib/infrastructure/acr/examples/weighted_integration/route_profile_calibration.cpp:765,0.9,未标注,④-待人工·行内值,
行内,,lib/infrastructure/acr/examples/weighted_integration/route_profile_calibration.cpp:832,-1.0,未标注,④-待人工·行内值,
行内,,lib/infrastructure/acr/examples/weighted_integration/route_profile_calibration.cpp:844,-1.0,未标注,④-待人工·行内值,
行内,,lib/infrastructure/acr/examples/weighted_integration/route_profile_calibration.cpp:850,1.0,未标注,④-待人工·行内值,
行内,,lib/infrastructure/acr/examples/weighted_integration/route_profile_calibration.cpp:857,0.0,未标注,④-待人工·行内值,
行内,,lib/infrastructure/acr/examples/weighted_integration/route_profile_calibration.cpp:861,0.0,未标注,④-待人工·行内值,
行内,,lib/infrastructure/acr/examples/weighted_integration/route_profile_calibration.cpp:873,0.0,未标注,④-待人工·行内值,
行内,,lib/infrastructure/acr/examples/weighted_integration/route_profile_calibration.cpp:947,0.0,未标注,④-待人工·行内值,
行内,,lib/infrastructure/acr/examples/weighted_integration/route_profile_calibration.cpp:949,1.05,未标注,④-待人工·行内值,
行内,,lib/infrastructure/acr/examples/weighted_integration/route_profile_calibration.cpp:1035,-1.0,未标注,④-待人工·行内值,
行内,,lib/infrastructure/acr/examples/weighted_integration/route_profile_calibration.cpp:1060,0.0,未标注,④-待人工·行内值,
行内,,lib/infrastructure/acr/examples/weighted_integration/route_profile_calibration.cpp:1078,0.0,未标注,④-待人工·行内值,
行内,,lib/infrastructure/acr/examples/weighted_integration/route_profile_calibration.cpp:1093,0.95,未标注,④-待人工·行内值,
行内,,lib/infrastructure/acr/examples/weighted_integration/route_profile_calibration.cpp:1111,0.0,未标注,④-待人工·行内值,
行内,,lib/infrastructure/acr/examples/weighted_integration/weighted_integration_benchmark.cpp:278,0.9,未标注,④-待人工·行内值,
行内,,lib/infrastructure/acr/examples/weighted_integration/weighted_integration_benchmark.cpp:305,0.0,未标注,④-待人工·行内值,
行内,,lib/infrastructure/acr/examples/weighted_integration/weighted_integration_benchmark.cpp:313,0.0,未标注,④-待人工·行内值,
行内,,lib/infrastructure/acr/examples/weighted_integration/weighted_integration_benchmark.cpp:320,0.0,未标注,④-待人工·行内值,
行内,,lib/infrastructure/acr/examples/weighted_integration/weighted_integration_benchmark.cpp:529,0.0,未标注,④-待人工·行内值,
行内,,lib/infrastructure/acr/examples/weighted_integration/weighted_integration_benchmark.cpp:541,0.0,未标注,④-待人工·行内值,
行内,,lib/infrastructure/acr/examples/weighted_integration/weighted_integration_benchmark.cpp:542,0.0,未标注,④-待人工·行内值,
行内,,lib/infrastructure/acr/examples/weighted_integration/weighted_integration_benchmark.cpp:601,0.0,未标注,④-待人工·行内值,
行内,,lib/infrastructure/acr/examples/weighted_integration/weighted_integration_benchmark.cpp:708,1.3,未标注,④-待人工·行内值,
行内,,lib/infrastructure/acr/examples/weighted_integration/weighted_integration_benchmark.cpp:749,-1.0,未标注,④-待人工·行内值,
行内,,lib/infrastructure/acr/examples/weighted_integration/weighted_integration_benchmark.cpp:858,-1.0,未标注,④-待人工·行内值,
行内,,lib/infrastructure/acr/examples/weighted_integration/weighted_integration_benchmark.cpp:949,500.0,未标注,④-待人工·行内值,
行内,,lib/infrastructure/acr/examples/weighted_integration/weighted_integration_benchmark.cpp:987,-1.0,未标注,④-待人工·行内值,
行内,,lib/infrastructure/acr/examples/weighted_integration/weighted_integration_benchmark.cpp:1003,500.0,未标注,④-待人工·行内值,
行内,,lib/infrastructure/acr/examples/weighted_integration/weighted_integration_benchmark.cpp:1093,0.9,未标注,④-待人工·行内值,
行内,,lib/infrastructure/acr/examples/weighted_integration/weighted_integration_benchmark.cpp:1143,0.9,未标注,④-待人工·行内值,
行内,,lib/infrastructure/acr/examples/weighted_integration/weighted_integration_benchmark.cpp:1217,0.9,未标注,④-待人工·行内值,
行内,,lib/infrastructure/acr/examples/weighted_integration/weighted_integration_benchmark.cpp:1267,0.0,未标注,④-待人工·行内值,
行内,,lib/infrastructure/acr/examples/weighted_integration/weighted_integration_benchmark.cpp:1369,0.0,未标注,④-待人工·行内值,
行内,,lib/infrastructure/acr/examples/weighted_integration/weighted_integration_benchmark.cpp:1370,1.05,未标注,④-待人工·行内值,
行内,,lib/infrastructure/acr/examples/weighted_integration/weighted_integration_benchmark.cpp:1377,1.05,未标注,④-待人工·行内值,
行内,,lib/infrastructure/acr/examples/weighted_integration/weighted_integration_benchmark.cpp:1431,0.0,未标注,④-待人工·行内值,
行内,,lib/infrastructure/acr/examples/weighted_integration/weighted_integration_common.hpp:44,0.0,未标注,④-待人工·行内值,
行内,,lib/infrastructure/acr/include/astro/compute/hardware_profile.hpp:125,0.0,未标注,④-待人工·行内值,
行内,,lib/infrastructure/acr/include/astro/compute/hardware_profile.hpp:150,0.0,未标注,④-待人工·行内值,
行内,,lib/infrastructure/acr/include/astro/compute/hardware_profile.hpp:229,0.0,未标注,④-待人工·行内值,
行内,,lib/infrastructure/acr/include/astro/compute/hardware_profile.hpp:235,0.0,未标注,④-待人工·行内值,
行内,,lib/infrastructure/acr/include/astro/compute/hardware_profile.hpp:242,0.0,未标注,④-待人工·行内值,
行内,,lib/infrastructure/acr/include/astro/compute/hardware_profile.hpp:248,0.0,未标注,④-待人工·行内值,
行内,,lib/infrastructure/acr/include/astro/compute/hardware_profile.hpp:254,0.0,未标注,④-待人工·行内值,
行内,,lib/infrastructure/acr/qualification/benchmark_driver.cpp:232,0.0,未标注,④-待人工·行内值,
行内,,lib/infrastructure/acr/qualification/benchmark_driver.cpp:467,4.0,未标注,④-待人工·行内值,
行内,,lib/infrastructure/acr/qualification/benchmark_driver.cpp:559,0.0,未标注,④-待人工·行内值,
行内,,lib/infrastructure/acr/qualification/benchmark_driver.cpp:762,0.0,未标注,④-待人工·行内值,
行内,,lib/infrastructure/acr/qualification/benchmark_driver.cpp:794,4.2,未标注,④-待人工·行内值,
行内,,lib/infrastructure/acr/qualification/benchmarks/arithmetic_benchmark.cpp:503,5.0,未标注,④-待人工·行内值,
行内,,lib/infrastructure/acr/qualification/benchmarks/benchmark_common.hpp:234,0.0,未标注,④-待人工·行内值,
行内,,lib/infrastructure/acr/qualification/benchmarks/benchmark_common.hpp:240,0.0,未标注,④-待人工·行内值,
行内,,lib/infrastructure/acr/qualification/benchmarks/benchmark_common.hpp:268,0.5,未标注,④-待人工·行内值,
行内,,lib/infrastructure/acr/qualification/benchmarks/branch_benchmark.cpp:66,4.0,未标注,④-待人工·行内值,
行内,,lib/infrastructure/acr/qualification/benchmarks/branch_benchmark.cpp:100,1.5,未标注,④-待人工·行内值,
行内,,lib/infrastructure/acr/qualification/benchmarks/overhead_benchmark.cpp:128,1.0,未标注,④-待人工·行内值,
行内,,lib/infrastructure/acr/qualification/benchmarks/reduction_benchmark.cpp:70,0.0,未标注,④-待人工·行内值,
行内,,lib/infrastructure/acr/qualification/benchmarks/reduction_benchmark.cpp:111,0.0,未标注,④-待人工·行内值,
行内,,lib/infrastructure/acr/qualification/focused/focused_benchmark.cpp:33,0.0,未标注,④-待人工·行内值,
行内,,lib/infrastructure/acr/qualification/focused/focused_benchmark.cpp:42,0.0,未标注,④-待人工·行内值,
行内,,lib/infrastructure/acr/qualification/focused/focused_benchmark.cpp:49,0.0,未标注,④-待人工·行内值,
行内,,lib/infrastructure/acr/qualification/focused/focused_benchmark.cpp:150,0.0,未标注,④-待人工·行内值,
行内,,lib/infrastructure/acr/qualification/focused/focused_benchmark.cpp:160,0.0,未标注,④-待人工·行内值,
行内,,lib/infrastructure/acr/qualification/focused/focused_benchmark.cpp:178,0.0,未标注,④-待人工·行内值,
行内,,lib/infrastructure/acr/qualification/focused/focused_benchmark.cpp:194,0.0,未标注,④-待人工·行内值,
行内,,lib/infrastructure/acr/qualification/focused/focused_benchmark.cpp:224,0.0,未标注,④-待人工·行内值,
行内,,lib/infrastructure/acr/qualification/focused/focused_benchmark.cpp:228,0.0,未标注,④-待人工·行内值,
行内,,lib/infrastructure/acr/qualification/focused/focused_benchmark.cpp:241,0.0,未标注,④-待人工·行内值,
行内,,lib/infrastructure/acr/qualification/focused/focused_benchmark.cpp:315,0.0,未标注,④-待人工·行内值,
行内,,lib/infrastructure/acr/qualification/focused/focused_benchmark.cpp:365,0.0,未标注,④-待人工·行内值,
行内,,lib/infrastructure/acr/qualification/focused/focused_benchmark.cpp:374,0.95,未标注,④-待人工·行内值,
行内,,lib/infrastructure/acr/qualification/focused/focused_benchmark.cpp:394,0.0,未标注,④-待人工·行内值,
行内,,lib/infrastructure/acr/qualification/focused/focused_benchmark.cpp:403,0.95,未标注,④-待人工·行内值,
行内,,lib/infrastructure/acr/qualification/focused/focused_benchmark.cpp:504,0.0,未标注,④-待人工·行内值,
行内,,lib/infrastructure/acr/qualification/focused/focused_benchmark.cpp:512,1000.0,未标注,④-待人工·行内值,
行内,,lib/infrastructure/acr/qualification/focused/focused_benchmark.cpp:513,0.0,未标注,④-待人工·行内值,
行内,,lib/infrastructure/acr/qualification/focused/focused_benchmark.cpp:524,0.0,未标注,④-待人工·行内值,
行内,,lib/infrastructure/acr/qualification/focused/focused_benchmark.cpp:532,1000.0,未标注,④-待人工·行内值,
行内,,lib/infrastructure/acr/qualification/focused/focused_benchmark.cpp:533,0.0,未标注,④-待人工·行内值,
行内,,lib/infrastructure/acr/qualification/focused/focused_benchmark.cpp:558,0.0,未标注,④-待人工·行内值,
行内,,lib/infrastructure/acr/qualification/focused/focused_benchmark.cpp:573,1.05,未标注,④-待人工·行内值,
行内,,lib/infrastructure/acr/qualification/focused/focused_benchmark.cpp:607,1.05,未标注,④-待人工·行内值,
行内,,lib/infrastructure/acr/qualification/focused/focused_benchmark.cpp:628,0.0,未标注,④-待人工·行内值,
行内,,lib/infrastructure/acr/qualification/focused/focused_benchmark.cpp:631,0.0,未标注,④-待人工·行内值,
行内,,lib/infrastructure/acr/qualification/focused/focused_benchmark.cpp:634,1.0,未标注,④-待人工·行内值,
行内,,lib/infrastructure/acr/qualification/focused/focused_benchmark.cpp:640,0.0,未标注,④-待人工·行内值,
行内,,lib/infrastructure/acr/qualification/focused/focused_benchmark.cpp:641,1000.0,未标注,④-待人工·行内值,
行内,,lib/infrastructure/acr/qualification/focused/focused_benchmark.cpp:642,1000.0,未标注,④-待人工·行内值,
行内,,lib/infrastructure/acr/qualification/focused/focused_operations.cpp:134,0.0,未标注,④-待人工·行内值,
行内,,lib/infrastructure/acr/qualification/focused/focused_operations.cpp:157,0.0,未标注,④-待人工·行内值,
行内,,lib/infrastructure/acr/qualification/focused/focused_operations.cpp:162,0.0,未标注,④-待人工·行内值,
行内,,lib/infrastructure/acr/qualification/focused/focused_operations.cpp:231,0.0,未标注,④-待人工·行内值,
行内,,lib/infrastructure/acr/qualification/focused/focused_operations.cpp:296,0.0,未标注,④-待人工·行内值,
行内,,lib/infrastructure/acr/qualification/focused/focused_operations.cpp:346,0.0,未标注,④-待人工·行内值,
行内,,lib/infrastructure/acr/qualification/focused/focused_operations.cpp:396,0.0,未标注,④-待人工·行内值,
行内,,lib/infrastructure/acr/qualification/focused/focused_operations.cpp:459,0.0,未标注,④-待人工·行内值,
行内,,lib/infrastructure/acr/qualification/focused/focused_operations.cpp:540,0.0,未标注,④-待人工·行内值,
行内,,lib/infrastructure/acr/qualification/focused/operation_profile.cpp:268,0.0,未标注,④-待人工·行内值,
行内,,lib/infrastructure/acr/qualification/focused/operation_profile.cpp:277,0.0,未标注,④-待人工·行内值,
行内,,lib/infrastructure/acr/qualification/focused/operation_profile.cpp:286,0.0,未标注,④-待人工·行内值,
行内,,lib/infrastructure/acr/qualification/profile_generator.cpp:395,2.0,未标注,④-待人工·行内值,
行内,,lib/infrastructure/acr/qualification/profile_generator.cpp:402,0.0,未标注,④-待人工·行内值,
行内,,lib/infrastructure/acr/routing/benchmark_route_estimator.cpp:58,0.0,未标注,④-待人工·行内值,
行内,,lib/infrastructure/acr/routing/benchmark_route_estimator.cpp:169,0.0,未标注,④-待人工·行内值,
行内,,lib/infrastructure/acr/routing/benchmark_route_estimator.cpp:259,0.0,未标注,④-待人工·行内值,
行内,,lib/infrastructure/acr/routing/benchmark_route_estimator.cpp:260,0.50,未标注,④-待人工·行内值,
行内,,lib/infrastructure/acr/routing/benchmark_route_estimator.cpp:338,0.0,未标注,④-待人工·行内值,
行内,,lib/infrastructure/acr/routing/benchmark_route_estimator.cpp:346,-1.0,未标注,④-待人工·行内值,
行内,,lib/infrastructure/acr/routing/benchmark_route_estimator.cpp:365,-1.0,未标注,④-待人工·行内值,
行内,,lib/infrastructure/acr/routing/benchmark_route_estimator.cpp:386,0.0,未标注,④-待人工·行内值,
行内,,lib/infrastructure/acr/routing/benchmark_route_estimator.cpp:406,-1.0,未标注,④-待人工·行内值,
行内,,lib/infrastructure/acr/routing/benchmark_route_estimator.cpp:470,0.0,未标注,④-待人工·行内值,
行内,,lib/infrastructure/acr/routing/benchmark_route_estimator.cpp:487,1.0,未标注,④-待人工·行内值,
行内,,lib/infrastructure/acr/routing/benchmark_route_estimator.cpp:521,1.0,未标注,④-待人工·行内值,
行内,,lib/infrastructure/acr/routing/benchmark_route_estimator.cpp:556,0.0,未标注,④-待人工·行内值,
行内,,lib/infrastructure/acr/routing/benchmark_route_estimator.cpp:564,0.0,未标注,④-待人工·行内值,
行内,,lib/infrastructure/acr/routing/benchmark_route_estimator.cpp:567,0.0,未标注,④-待人工·行内值,
行内,,lib/infrastructure/acr/routing/route_profile_v2.cpp:414,0.0,未标注,④-待人工·行内值,
行内,,lib/infrastructure/acr/routing/route_profile_v2.cpp:416,0.0,未标注,④-待人工·行内值,
行内,,lib/infrastructure/acr/routing/route_profile_v2.cpp:418,0.0,未标注,④-待人工·行内值,
行内,,lib/infrastructure/acr/routing/route_profile_v2.cpp:435,0.0,未标注,④-待人工·行内值,
行内,,lib/infrastructure/acr/routing/route_profile_v2.cpp:436,0.0,未标注,④-待人工·行内值,
行内,,lib/infrastructure/acr/routing/route_profile_v2.cpp:442,0.0,未标注,④-待人工·行内值,
行内,,lib/infrastructure/acr/routing/route_profile_v2.cpp:443,0.0,未标注,④-待人工·行内值,
行内,,lib/infrastructure/acr/routing/route_profile_v2.cpp:462,0.0,未标注,④-待人工·行内值,
行内,,lib/infrastructure/acr/routing/route_profile_v2.cpp:463,0.0,未标注,④-待人工·行内值,
行内,,lib/infrastructure/acr/routing/route_profile_v2.cpp:472,0.0,未标注,④-待人工·行内值,
行内,,lib/infrastructure/acr/routing/route_profile_v2.cpp:473,0.0,未标注,④-待人工·行内值,
行内,,lib/infrastructure/acr/routing/route_profile_v2.cpp:480,0.0,未标注,④-待人工·行内值,
行内,,lib/infrastructure/acr/routing/route_profile_v2.cpp:482,0.0,未标注,④-待人工·行内值,
行内,,lib/infrastructure/acr/routing/route_profile_v2.cpp:581,0.0,未标注,④-待人工·行内值,
行内,,lib/infrastructure/acr/scheduler/current_state.cpp:99,0.0,未标注,④-待人工·行内值,
行内,,lib/infrastructure/acr/scheduler/dispatcher.cpp:1346,0.0,未标注,④-待人工·行内值,
行内,,lib/infrastructure/acr/scheduler/dispatcher.cpp:2290,1.0,未标注,④-待人工·行内值,
行内,,lib/infrastructure/acr/scheduler/dispatcher.cpp:2309,0.0,未标注,④-待人工·行内值,
行内,,lib/infrastructure/acr/scheduler/dispatcher.cpp:2310,0.0,未标注,④-待人工·行内值,
行内,,lib/infrastructure/acr/scheduler/mixed_route_planner.cpp:49,1000.0,未标注,④-待人工·行内值,
行内,,lib/infrastructure/acr/scheduler/mixed_route_planner.cpp:116,10.0,未标注,④-待人工·行内值,
行内,,lib/infrastructure/acr/scheduler/mixed_route_planner.cpp:118,10.0,未标注,④-待人工·行内值,
行内,,lib/infrastructure/acr/scheduler/mixed_route_planner.cpp:131,0.0,未标注,④-待人工·行内值,
行内,,lib/infrastructure/acr/scheduler/queue_aware.cpp:19,0.0,未标注,④-待人工·行内值,
行内,,lib/infrastructure/acr/scheduler/queue_aware.cpp:52,0.0,未标注,④-待人工·行内值,
行内,,lib/infrastructure/acr/scheduler/queue_aware.cpp:58,0.5,未标注,④-待人工·行内值,
行内,,lib/infrastructure/acr/schemas/compute_config.example.yaml:20,0.95,未标注,④-待人工·行内值,
行内,,lib/infrastructure/acr/schemas/compute_config.example.yaml:21,0.95,未标注,④-待人工·行内值,
行内,,lib/infrastructure/acr/topology/cpu_features.cpp:39,4.1,未标注,④-待人工·行内值,
行内,,lib/infrastructure/acr/topology/cpu_features.cpp:40,4.2,未标注,④-待人工·行内值,
行内,,lib/infrastructure/acr/utilization/actual_tracker.cpp:24,0.0,未标注,④-待人工·行内值,
行内,,lib/infrastructure/acr/utilization/actual_tracker.cpp:33,1.0,未标注,④-待人工·行内值,
行内,,lib/infrastructure/acr/utilization/memory_budget.cpp:73,0.05,未标注,④-待人工·行内值,
行内,,lib/infrastructure/acr/utilization/memory_budget.cpp:76,0.15,未标注,④-待人工·行内值,
行内,,lib/infrastructure/acr/utilization/memory_budget.cpp:79,0.30,未标注,④-待人工·行内值,
行内,,lib/infrastructure/acr/utilization/memory_budget.cpp:82,0.50,未标注,④-待人工·行内值,
行内,,lib/infrastructure/acr/utilization/system_metrics.cpp:225,0.0,未标注,④-待人工·行内值,
行内,,lib/infrastructure/acr/utilization/system_metrics.cpp:226,0.0,未标注,④-待人工·行内值,
行内,,lib/infrastructure/aio/include/aio_pipeline.h:29,7.1,未标注,④-待人工·行内值,
行内,,lib/infrastructure/aio/include/aio_pipeline.h:324,11.1,未标注,④-待人工·行内值,
行内,,lib/infrastructure/aio/include/aio_pipeline.h:332,11.1,未标注,④-待人工·行内值,
行内,,lib/infrastructure/aio/src/ahpx/aio_ahpx_reader.cpp:132,0.0,未标注,④-待人工·行内值,
行内,,lib/infrastructure/aio/src/aio_api.cpp:382,0.0,未标注,④-待人工·行内值,
行内,,lib/infrastructure/aio/src/aio_api.cpp:386,0.0,未标注,④-待人工·行内值,
行内,,lib/infrastructure/aio/src/aio_api.cpp:387,3600.0,未标注,④-待人工·行内值,
行内,,lib/infrastructure/aio/src/aio_api.cpp:389,0.0,未标注,④-待人工·行内值,
行内,,lib/infrastructure/aio/src/aio_api.cpp:394,0.0,未标注,④-待人工·行内值,
行内,,lib/infrastructure/aio/src/aio_api.cpp:398,0.0,未标注,④-待人工·行内值,
行内,,lib/infrastructure/aio/src/aio_api.cpp:401,0.0,未标注,④-待人工·行内值,
行内,,lib/infrastructure/aio/src/aio_pipeline.cpp:232,-1.0,未标注,④-待人工·行内值,
行内,,lib/infrastructure/aio/src/aio_pipeline.cpp:1469,0.0,未标注,④-待人工·行内值,
行内,,lib/infrastructure/aio/src/aio_pipeline_engine.cpp:212,1048576.0,未标注,④-待人工·行内值,
行内,,lib/infrastructure/aio/src/aio_pipeline_engine.cpp:213,1048576.0,未标注,④-待人工·行内值,
行内,,lib/infrastructure/aio/src/hips/aio_hips_writer.cpp:142,-1.0,未标注,④-待人工·行内值,
行内,,lib/infrastructure/aio/src/hips/aio_hips_writer.cpp:351,0.0,未标注,④-待人工·行内值,
行内,,lib/infrastructure/aio/src/hips/aio_hips_writer.cpp:762,0.0,未标注,④-待人工·行内值,
行内,,lib/infrastructure/aio/src/hips/aio_hips_writer.cpp:1053,0.0,未标注,④-待人工·行内值,
行内,,lib/infrastructure/aio/src/hips/aio_hips_writer.cpp:1058,12.4,未标注,④-待人工·行内值,
行内,,lib/infrastructure/aio/src/hips/aio_hips_writer.cpp:1067,0.0,未标注,④-待人工·行内值,
行内,,lib/infrastructure/aio/src/hips/aio_hips_writer.cpp:1068,0.0,未标注,④-待人工·行内值,
行内,,lib/infrastructure/aio/src/hips/aio_hips_writer.cpp:1330,1.0,未标注,④-待人工·行内值,
行内,,lib/infrastructure/aio/src/hips/aio_hips_writer.cpp:1433,0.0,未标注,④-待人工·行内值,
行内,,lib/infrastructure/aio/src/hips/aio_hips_writer.cpp:1539,0.0,未标注,④-待人工·行内值,
行内,,lib/infrastructure/aio/src/hips/aio_hips_writer.cpp:1555,0.0,未标注,④-待人工·行内值,
行内,,lib/infrastructure/aio/src/hips/aio_hips_writer.cpp:1565,0.0,未标注,④-待人工·行内值,
行内,,lib/infrastructure/aio/src/hips/aio_hips_writer.cpp:1568,0.0,未标注,④-待人工·行内值,
行内,,lib/infrastructure/aio/src/hips/aio_hips_writer.cpp:1641,0.0,未标注,④-待人工·行内值,
行内,,lib/infrastructure/aio/src/hips/aio_hips_writer.cpp:1835,1.4,未标注,④-待人工·行内值,
行内,,lib/infrastructure/aio/src/hips/aio_hips_writer.cpp:1921,0.0,未标注,④-待人工·行内值,
行内,,lib/infrastructure/aio/src/hips/aio_hips_writer.cpp:2023,1.4,未标注,④-待人工·行内值,
行内,,lib/infrastructure/aio/src/hips/aio_hips_writer.cpp:2056,4.0,未标注,④-待人工·行内值,
行内,,lib/infrastructure/aio/src/hips/aio_hips_writer.cpp:2131,0.0,未标注,④-待人工·行内值,
行内,,lib/infrastructure/aio/src/hips/aio_hips_writer.cpp:2137,412.258369,未标注,④-待人工·行内值,
行内,,lib/infrastructure/aio/src/hips/aio_hips_writer.cpp:2138,824.5167388361774,未标注,④-待人工·行内值,
行内,,lib/infrastructure/aio/src/hips/aio_hips_writer.cpp:2163,0.0,未标注,④-待人工·行内值,
行内,,lib/infrastructure/aio/src/hips/aio_hips_writer.cpp:2168,0.0,未标注,④-待人工·行内值,
行内,,lib/infrastructure/aio/src/hips/aio_hips_writer.cpp:2214,20.3,未标注,④-待人工·行内值,
行内,,lib/infrastructure/aio/src/hips/aio_hips_writer.cpp:2222,30.1,未标注,④-待人工·行内值,
行内,,lib/infrastructure/aio/src/hips/aio_hips_writer.cpp:2267,30.1,未标注,④-待人工·行内值,
行内,,lib/infrastructure/aio/src/hips/aio_hips_writer.cpp:2272,30.1,未标注,④-待人工·行内值,
行内,,lib/infrastructure/aio/src/hips/aio_hips_writer.cpp:2325,0.0,未标注,④-待人工·行内值,
行内,,lib/infrastructure/aio/src/hips/aio_hips_writer.cpp:2332,0.0,未标注,④-待人工·行内值,
行内,,lib/infrastructure/aio/src/hips/aio_hips_writer.cpp:2396,1.4,未标注,④-待人工·行内值,
行内,,lib/infrastructure/aio/src/hips/aio_hips_writer.cpp:2595,30.3,未标注,④-待人工·行内值,
行内,,lib/infrastructure/aio/src/hips/aio_hips_writer.cpp:2636,30.1,未标注,④-待人工·行内值,
行内,,lib/infrastructure/aio/src/hips/aio_hips_writer.cpp:2642,30.1,未标注,④-待人工·行内值,
行内,,lib/infrastructure/aio/src/hips/aio_hips_writer.cpp:2699,30.2,未标注,④-待人工·行内值,
行内,,lib/infrastructure/aio/src/hips/aio_hips_writer.cpp:2704,30.2,未标注,④-待人工·行内值,
行内,,lib/infrastructure/aio/src/hips/aio_hips_writer.cpp:2710,30.2,未标注,④-待人工·行内值,
行内,,lib/infrastructure/aio/src/hips/aio_hips_writer.cpp:2722,30.2,未标注,④-待人工·行内值,
行内,,lib/infrastructure/aio/src/hips/aio_hips_writer.cpp:2753,30.3,未标注,④-待人工·行内值,
行内,,lib/infrastructure/aio/src/hips/aio_hips_writer.cpp:2758,30.3,未标注,④-待人工·行内值,
行内,,lib/infrastructure/aio/src/hips/aio_hips_writer.cpp:2807,0.0,未标注,④-待人工·行内值,
行内,,lib/infrastructure/aio/src/hiss_common.cpp:148,0.0,未标注,④-待人工·行内值,
行内,,lib/infrastructure/aio/src/hiss_common.cpp:157,1.0,未标注,④-待人工·行内值,
行内,,lib/infrastructure/aio/src/hiss_reader.cpp:167,0.0,未标注,④-待人工·行内值,
行内,,lib/infrastructure/aio/src/hiss_reader.cpp:178,2.0,未标注,④-待人工·行内值,
行内,,lib/infrastructure/aio/src/hiss_reader.cpp:181,2.0,未标注,④-待人工·行内值,
行内,,lib/infrastructure/aio/src/hiss_reader.cpp:1255,0.0,未标注,④-待人工·行内值,
行内,,lib/infrastructure/aio/src/hiss_writer.cpp:343,31.2,未标注,④-待人工·行内值,
行内,,lib/infrastructure/aio/src/hiss_writer.cpp:352,31.1,未标注,④-待人工·行内值,
行内,,lib/infrastructure/aio/src/hiss_writer.cpp:615,0.0,未标注,④-待人工·行内值,
行内,,lib/infrastructure/aio/src/hiss_writer.cpp:632,0.0,未标注,④-待人工·行内值,
行内,,lib/infrastructure/aio/src/hiss_writer.cpp:828,0.0,未标注,④-待人工·行内值,
行内,,lib/infrastructure/aio/src/hiss_writer.cpp:840,0.0,未标注,④-待人工·行内值,
行内,,lib/infrastructure/aio/src/hiss_writer.cpp:997,0.0,未标注,④-待人工·行内值,
行内,,lib/infrastructure/aio/v6/CMakeLists.txt:3,-004.4,未标注,④-待人工·行内值,
行内,,lib/infrastructure/aio/v6/CMakeLists.txt:6,3.16,未标注,④-待人工·行内值,
行内,,lib/infrastructure/aio/v6/include/astro/aio/v6_hips_manifest.h:6,1.0,未标注,④-待人工·行内值,
行内,,lib/infrastructure/aio/v6/include/astro/aio/v6_product_io.h:5,7.4,未标注,④-待人工·行内值,
行内,,lib/infrastructure/aio/v6/include/astro/aio/v6_sha256.h:4,4.3,未标注,④-待人工·行内值,
行内,,lib/infrastructure/aio/v6/src/v6_bunit.cpp:230,0.0,未标注,④-待人工·行内值,
行内,,lib/infrastructure/aio/v6/src/v6_provenance.cpp:258,1.0,未标注,④-待人工·行内值,
行内,,lib/infrastructure/aio/v6/src/v6_provenance.cpp:262,0.0,未标注,④-待人工·行内值,
行内,,lib/infrastructure/aio/v6/src/v6_provenance.cpp:266,0.0,未标注,④-待人工·行内值,
行内,,lib/infrastructure/aio/v6/src/v6_provenance.cpp:267,1.0,未标注,④-待人工·行内值,
行内,,lib/infrastructure/aio/v6/src/v6_provenance.cpp:280,0.0,未标注,④-待人工·行内值,
行内,,lib/infrastructure/aio/v6/src/v6_provenance.cpp:282,1.0,未标注,④-待人工·行内值,
行内,,lib/infrastructure/aio/v6/src/v6_provenance.cpp:331,0.0,未标注,④-待人工·行内值,
行内,,lib/infrastructure/aio/v6/src/v6_provenance.cpp:332,0.0,未标注,④-待人工·行内值,
行内,,lib/infrastructure/benchmark/backend_host/bench_harness.cpp:54,1.0,未标注,④-待人工·行内值,
行内,,lib/infrastructure/benchmark/backend_host/bench_harness.cpp:142,0.0,未标注,④-待人工·行内值,
行内,,lib/infrastructure/benchmark/backend_host/bench_harness.cpp:158,1.5,未标注,④-待人工·行内值,
行内,,lib/infrastructure/benchmark/backend_host/bench_report.cpp:85,0.35,未标注,④-待人工·行内值,
行内,,lib/infrastructure/benchmark/backend_host/bench_report.cpp:137,1.0,未标注,④-待人工·行内值,
行内,,lib/infrastructure/benchmark/backend_host/bench_report.cpp:228,0.03,未标注,④-待人工·行内值,
行内,,lib/infrastructure/benchmark/backend_host/bench_report.cpp:229,0.03,未标注,④-待人工·行内值,
行内,,lib/infrastructure/benchmark/backend_host/bench_report.cpp:380,-1.0,未标注,④-待人工·行内值,
行内,,lib/infrastructure/benchmark/backend_host/bench_report.cpp:397,0.0,未标注,④-待人工·行内值,
行内,,lib/infrastructure/benchmark/backend_host/cpu_features.cpp:40,4.1,未标注,④-待人工·行内值,
行内,,lib/infrastructure/benchmark/backend_host/cpu_routing.cpp:338,0.0,未标注,④-待人工·行内值,
行内,,lib/infrastructure/benchmark/backend_host/cpu_routing.cpp:342,0.0,未标注,④-待人工·行内值,
行内,,lib/infrastructure/benchmark/backend_host/cpu_routing.cpp:355,0.0,未标注,④-待人工·行内值,
行内,,lib/infrastructure/benchmark/backend_host/cpu_routing.cpp:356,0.0,未标注,④-待人工·行内值,
行内,,lib/infrastructure/benchmark/backend_host/cpu_routing.cpp:496,0.0,未标注,④-待人工·行内值,
行内,,lib/infrastructure/benchmark/backend_host/cpu_routing.cpp:528,0.0,未标注,④-待人工·行内值,
行内,,lib/infrastructure/benchmark/backend_host/profile_gen.cpp:112,2.0,未标注,④-待人工·行内值,
行内,,lib/infrastructure/benchmark/backend_host/profile_gen_v2.cpp:97,0.0,未标注,④-待人工·行内值,
行内,,lib/infrastructure/benchmark/backend_host/profile_gen_v2.cpp:118,0.5,未标注,④-待人工·行内值,
行内,,lib/infrastructure/benchmark/backend_host/profile_gen_v2.cpp:139,0.0,未标注,④-待人工·行内值,
行内,,lib/infrastructure/benchmark/backend_host/profile_gen_v2.cpp:180,0.0,未标注,④-待人工·行内值,
行内,,lib/infrastructure/benchmark/backend_host/profile_gen_v2.cpp:508,0.03,未标注,④-待人工·行内值,
行内,,lib/infrastructure/benchmark/backend_host/profile_gen_v2.cpp:522,0.03,未标注,④-待人工·行内值,
行内,,lib/infrastructure/benchmark/backend_host/profile_gen_v2.cpp:701,0.0,未标注,④-待人工·行内值,
行内,,lib/infrastructure/benchmark/backend_host/profile_gen_v2.cpp:702,-1.0,未标注,④-待人工·行内值,
行内,,lib/infrastructure/benchmark/backend_host/worker_advisor.cpp:65,1024.0,未标注,④-待人工·行内值,
行内,,lib/infrastructure/benchmark/backend_host/worker_advisor.cpp:66,1024.0,未标注,④-待人工·行内值,
行内,,lib/infrastructure/benchmark/backend_host/worker_advisor.cpp:67,1024.0,未标注,④-待人工·行内值,
行内,,lib/infrastructure/benchmark/cpu/avx2/include/astrocs/cpu/avx2_provider_v1.h:7,1.2,未标注,④-待人工·行内值,
行内,,lib/infrastructure/benchmark/cpu/avx2/include/astrocs/cpu/avx2_provider_v1.h:11,10.1,未标注,④-待人工·行内值,
行内,,lib/infrastructure/benchmark/cpu/avx2/include/astrocs/cpu/avx2_provider_v1.h:34,0.0,未标注,④-待人工·行内值,
行内,,lib/infrastructure/benchmark/cpu/avx2/include/astrocs/cpu/avx2_provider_v1.h:79,10.1,未标注,④-待人工·行内值,
行内,,lib/infrastructure/benchmark/cpu/avx2/include/astrocs/cpu/avx2_provider_v1.h:94,10.1,未标注,④-待人工·行内值,
行内,,lib/infrastructure/benchmark/cpu/avx2/src/avx2_provider.cpp:185,10.1,未标注,④-待人工·行内值,
行内,,lib/infrastructure/benchmark/cpu/avx512/include/astrocs/cpu/avx512_provider_v1.h:8,1.2,未标注,④-待人工·行内值,
行内,,lib/infrastructure/benchmark/cpu/avx512/include/astrocs/cpu/avx512_provider_v1.h:17,1.6,未标注,④-待人工·行内值,
行内,,lib/infrastructure/benchmark/cpu/avx512/include/astrocs/cpu/avx512_provider_v1.h:26,0.0,未标注,④-待人工·行内值,
行内,,lib/infrastructure/benchmark/cpu/avx512/include/astrocs/cpu/avx512_provider_v1.h:97,22.5,未标注,④-待人工·行内值,
行内,,lib/infrastructure/benchmark/cpu/baseline/include/astrocs/cpu/baseline_provider_v1.h:7,1.2,未标注,④-待人工·行内值,
行内,,lib/infrastructure/benchmark/cpu/common/include/astrocs/cpu/capability_v1.h:85,7.0,未标注,④-待人工·行内值,
行内,,lib/infrastructure/benchmark/cpu/common/include/astrocs/cpu/capability_v1.h:86,7.0,未标注,④-待人工·行内值,
行内,,lib/infrastructure/benchmark/cpu/common/include/astrocs/cpu/capability_v1.h:87,7.0,未标注,④-待人工·行内值,
行内,,lib/infrastructure/cli/CMakeLists.txt:18,6.2,未标注,④-待人工·行内值,
行内,,lib/infrastructure/cli/CMakeLists.txt:19,3.16,未标注,④-待人工·行内值,
行内,,lib/infrastructure/cli/commands.cpp:316,0.0,未标注,④-待人工·行内值,
行内,,lib/infrastructure/cli/commands.cpp:560,30.0,未标注,④-待人工·行内值,
行内,,lib/infrastructure/cli/commands.cpp:717,0.5,未标注,④-待人工·行内值,
行内,,lib/infrastructure/cli/commands.cpp:720,0.5,未标注,④-待人工·行内值,
行内,,lib/infrastructure/cli/commands.cpp:925,10.0,未标注,④-待人工·行内值,
行内,,lib/infrastructure/cli/commands.cpp:937,1024.0,未标注,④-待人工·行内值,
行内,,lib/infrastructure/cli/commands.cpp:974,100.0,未标注,④-待人工·行内值,
行内,,lib/infrastructure/cli/commands.cpp:978,100.0,未标注,④-待人工·行内值,
行内,,lib/infrastructure/cli/commands.cpp:979,0.5,未标注,④-待人工·行内值,
行内,,lib/infrastructure/cli/commands.cpp:1073,0.0,未标注,④-待人工·行内值,
行内,,lib/infrastructure/cli/memory_growth.h:55,0.0,未标注,④-待人工·行内值,
行内,,lib/infrastructure/cli/memory_growth.h:88,0.0,未标注,④-待人工·行内值,
行内,,lib/infrastructure/cli/memory_growth.h:105,0.3,未标注,④-待人工·行内值,
行内,,lib/infrastructure/cli/memory_report.h:330,0.0,未标注,④-待人工·行内值,
行内,,lib/infrastructure/cli/memory_report.h:336,0.0,未标注,④-待人工·行内值,
行内,,lib/infrastructure/cli/memory_report.h:338,0.0,未标注,④-待人工·行内值,
行内,,lib/infrastructure/cli/memory_report.h:599,0.0,未标注,④-待人工·行内值,
行内,,lib/infrastructure/cli/memory_report.h:600,0.0,未标注,④-待人工·行内值,
行内,,lib/infrastructure/cli/memory_report.h:617,0.005,未标注,④-待人工·行内值,
行内,,lib/infrastructure/cli/memory_report.h:618,0.0,未标注,④-待人工·行内值,
行内,,lib/infrastructure/cli/module.yaml:3,6.2,未标注,④-待人工·行内值,
行内,,lib/infrastructure/cli/module.yaml:27,1.2,未标注,④-待人工·行内值,
行内,,lib/infrastructure/cli/module.yaml:34,6.1,未标注,④-待人工·行内值,
行内,,lib/infrastructure/cli/monitor.h:233,10000000.0,未标注,④-待人工·行内值,
行内,,lib/infrastructure/cli/monitor.h:351,0.0,未标注,④-待人工·行内值,
行内,,lib/infrastructure/cli/monitor.h:354,0.0,未标注,④-待人工·行内值,
行内,,lib/infrastructure/cli/monitor.h:363,0.0,未标注,④-待人工·行内值,
行内,,lib/infrastructure/cli/monitor.h:369,0.0,未标注,④-待人工·行内值,
行内,,lib/infrastructure/cli/parser.cpp:424,9.68,未标注,④-待人工·行内值,
行内,,lib/infrastructure/cli/parser.cpp:428,3.3,未标注,④-待人工·行内值,
行内,,lib/infrastructure/cli/process.cpp:106,1000.0,未标注,④-待人工·行内值,
行内,,lib/infrastructure/cli/resource_gate.h:232,0.0,未标注,④-待人工·行内值,
行内,,lib/infrastructure/cli/resource_gate.h:240,0.0,未标注,④-待人工·行内值,
行内,,lib/infrastructure/cli/resource_gate.h:295,0.0,未标注,④-待人工·行内值,
行内,,lib/infrastructure/cli/resource_gate.h:302,0.0,未标注,④-待人工·行内值,
行内,,lib/infrastructure/cli/resource_gate.h:336,5.0,未标注,④-待人工·行内值,
行内,,lib/infrastructure/cli/resource_gate.h:343,0.0,未标注,④-待人工·行内值,
行内,,lib/infrastructure/cli/resource_gate.h:363,5.0,未标注,④-待人工·行内值,
行内,,lib/infrastructure/cli/resource_gate.h:375,0.0,未标注,④-待人工·行内值,
行内,,lib/infrastructure/cli/resource_gate.h:377,0.0,未标注,④-待人工·行内值,
行内,,lib/infrastructure/cli/resource_gate.h:382,0.0,未标注,④-待人工·行内值,
行内,,lib/infrastructure/cli/resource_gate.h:391,0.0,未标注,④-待人工·行内值,
行内,,lib/infrastructure/cli/resource_gate.h:397,5.0,未标注,④-待人工·行内值,
行内,,lib/infrastructure/cli/resource_gate.h:414,100.0,未标注,④-待人工·行内值,
行内,,lib/infrastructure/cli/resource_gate.h:421,0.0,未标注,④-待人工·行内值,
行内,,lib/infrastructure/cli/resource_gate.h:460,0.0,未标注,④-待人工·行内值,
行内,,lib/infrastructure/cli/resource_gate.h:479,0.0,未标注,④-待人工·行内值,
行内,,lib/infrastructure/cli/resource_gate.h:492,0.85,未标注,④-待人工·行内值,
行内,,lib/infrastructure/cli/resource_gate.h:529,0.75,未标注,④-待人工·行内值,
行内,,lib/infrastructure/cli/resource_gate.h:542,100.0,未标注,④-待人工·行内值,
行内,,lib/infrastructure/cli/resource_recorder.h:221,0.0,未标注,④-待人工·行内值,
行内,,lib/infrastructure/cli/resource_recorder.h:225,0.5,未标注,④-待人工·行内值,
行内,,lib/infrastructure/cli/session_commands.h:157,9.68,未标注,④-待人工·行内值,
行内,,lib/infrastructure/cli/session_commands.h:181,1.0,未标注,④-待人工·行内值,
行内,,lib/infrastructure/cli/session_commands.h:187,9.68,未标注,④-待人工·行内值,
行内,,lib/infrastructure/cli/session_commands.h:202,4.2,未标注,④-待人工·行内值,
行内,,lib/infrastructure/cli/session_commands.h:254,0.0,未标注,④-待人工·行内值,
行内,,lib/infrastructure/cli/session_commands.h:258,0.001,未标注,④-待人工·行内值,
行内,,lib/infrastructure/cli/session_commands.h:269,0.0,未标注,④-待人工·行内值,
行内,,lib/infrastructure/cli/session_commands.h:272,512.5,未标注,④-待人工·行内值,
行内,,lib/infrastructure/cli/session_commands.h:302,3.3,未标注,④-待人工·行内值,
行内,,lib/infrastructure/cli/session_commands.h:380,9.68,未标注,④-待人工·行内值,
行内,,lib/infrastructure/cli/subcommand.h:149,3.5,未标注,④-待人工·行内值,
行内,,lib/infrastructure/cli/subcommand.h:175,3.5,未标注,④-待人工·行内值,
行内,,lib/infrastructure/cli/subcommand.h:177,3.5,未标注,④-待人工·行内值,
行内,,lib/infrastructure/cli/v6_runtime_contract.h:115,3.1,未标注,④-待人工·行内值,
行内,,lib/infrastructure/cli/v6_runtime_contract.h:122,-004.1,未标注,④-待人工·行内值,
行内,,lib/infrastructure/cli/v6_runtime_contract.h:344,0.0,未标注,④-待人工·行内值,
行内,,lib/infrastructure/cli/v6_runtime_contract.h:345,0.0,未标注,④-待人工·行内值,
行内,,lib/infrastructure/cli/v6_runtime_contract.h:346,0.0,未标注,④-待人工·行内值,
行内,,lib/infrastructure/cli/v6_runtime_contract.h:347,0.0,未标注,④-待人工·行内值,
行内,,lib/infrastructure/gaia_xpsd_client/CMakeLists.txt:13,3.16,未标注,④-待人工·行内值,
行内,,lib/infrastructure/gaia_xpsd_client/CMakeLists.txt:67,3.16,未标注,④-待人工·行内值,
行内,,lib/infrastructure/gaia_xpsd_client/CMakeLists.txt:103,8.4,未标注,④-待人工·行内值,
行内,,lib/infrastructure/gaia_xpsd_client/include/astrocs/gaia/types.h:7,3.1,未标注,④-待人工·行内值,
行内,,lib/infrastructure/gaia_xpsd_client/src/gaia_client.h:8,0.01,未标注,④-待人工·行内值,
行内,,lib/infrastructure/gaia_xpsd_client/src/gaia_client.h:9,1.2,未标注,④-待人工·行内值,
行内,,lib/infrastructure/gaia_xpsd_client/src/gaia_client.h:162,1.2,未标注,④-待人工·行内值,
行内,,lib/infrastructure/hips_browser/healpix_browser_qt/CMakeLists.txt:8,3.16,未标注,④-待人工·行内值,
行内,,lib/infrastructure/hips_browser/healpix_browser_qt/CMakeLists.txt:33,3.3,未标注,④-待人工·行内值,
行内,,lib/infrastructure/hips_browser/healpix_browser_qt/app/browser_cli.cpp:348,0.005,未标注,④-待人工·行内值,
行内,,lib/infrastructure/hips_browser/healpix_browser_qt/app/browser_cli.cpp:349,0.01,未标注,④-待人工·行内值,
行内,,lib/infrastructure/hips_browser/healpix_browser_qt/app/browser_cli.cpp:352,0.95,未标注,④-待人工·行内值,
行内,,lib/infrastructure/hips_browser/healpix_browser_qt/app/browser_cli.cpp:353,0.98,未标注,④-待人工·行内值,
行内,,lib/infrastructure/hips_browser/healpix_browser_qt/app/browser_cli.cpp:354,0.99,未标注,④-待人工·行内值,
行内,,lib/infrastructure/hips_browser/healpix_browser_qt/app/browser_cli.cpp:355,0.995,未标注,④-待人工·行内值,
行内,,lib/infrastructure/hips_browser/healpix_browser_qt/app/browser_cli.cpp:356,0.999,未标注,④-待人工·行内值,
行内,,lib/infrastructure/hips_browser/healpix_browser_qt/app/browser_cli.cpp:361,0.01,未标注,④-待人工·行内值,
行内,,lib/infrastructure/hips_browser/healpix_browser_qt/app/browser_cli.cpp:362,0.99,未标注,④-待人工·行内值,
行内,,lib/infrastructure/hips_browser/healpix_browser_qt/app/browser_cli.cpp:416,0.50,未标注,④-待人工·行内值,
行内,,lib/infrastructure/hips_browser/healpix_browser_qt/app/browser_cli.cpp:417,0.95,未标注,④-待人工·行内值,
行内,,lib/infrastructure/hips_browser/healpix_browser_qt/app/browser_cli.cpp:419,0.0,未标注,④-待人工·行内值,
行内,,lib/infrastructure/hips_browser/healpix_browser_qt/app/browser_cli.cpp:422,0.50,未标注,④-待人工·行内值,
行内,,lib/infrastructure/hips_browser/healpix_browser_qt/app/browser_cli.cpp:423,0.95,未标注,④-待人工·行内值,
行内,,lib/infrastructure/hips_browser/healpix_browser_qt/app/browser_cli.cpp:425,0.0,未标注,④-待人工·行内值,
行内,,lib/infrastructure/hips_browser/healpix_browser_qt/app/browser_cli.cpp:435,0.95,未标注,④-待人工·行内值,
行内,,lib/infrastructure/hips_browser/healpix_browser_qt/app/browser_cli.cpp:562,0.0,未标注,④-待人工·行内值,
行内,,lib/infrastructure/hips_browser/healpix_browser_qt/app/browser_cli.cpp:641,5.0,未标注,④-待人工·行内值,
行内,,lib/infrastructure/hips_browser/healpix_browser_qt/app/browser_cli.cpp:656,8.0,未标注,④-待人工·行内值,
行内,,lib/infrastructure/hips_browser/healpix_browser_qt/app/browser_cli.cpp:657,256.0,未标注,④-待人工·行内值,
行内,,lib/infrastructure/hips_browser/healpix_browser_qt/app/browser_cli.cpp:686,0.0,未标注,④-待人工·行内值,
行内,,lib/infrastructure/hips_browser/healpix_browser_qt/app/browser_cli.cpp:732,0.92,未标注,④-待人工·行内值,
行内,,lib/infrastructure/hips_browser/healpix_browser_qt/app/browser_cli.cpp:743,0.0,未标注,④-待人工·行内值,
行内,,lib/infrastructure/hips_browser/healpix_browser_qt/app/browser_cli.cpp:748,0.50,未标注,④-待人工·行内值,
行内,,lib/infrastructure/hips_browser/healpix_browser_qt/app/browser_cli.cpp:749,0.95,未标注,④-待人工·行内值,
行内,,lib/infrastructure/hips_browser/healpix_browser_qt/app/browser_cli.cpp:750,0.0,未标注,④-待人工·行内值,
行内,,lib/infrastructure/hips_browser/healpix_browser_qt/app/browser_cli.cpp:754,0.50,未标注,④-待人工·行内值,
行内,,lib/infrastructure/hips_browser/healpix_browser_qt/app/browser_cli.cpp:755,0.95,未标注,④-待人工·行内值,
行内,,lib/infrastructure/hips_browser/healpix_browser_qt/app/browser_cli.cpp:756,0.50,未标注,④-待人工·行内值,
行内,,lib/infrastructure/hips_browser/healpix_browser_qt/app/browser_cli.cpp:757,0.95,未标注,④-待人工·行内值,
行内,,lib/infrastructure/hips_browser/healpix_browser_qt/app/browser_cli.cpp:857,180.0,未标注,④-待人工·行内值,
行内,,lib/infrastructure/hips_browser/healpix_browser_qt/app/browser_cli.cpp:904,180.0,未标注,④-待人工·行内值,
行内,,lib/infrastructure/hips_browser/healpix_browser_qt/app/browser_cli.cpp:1036,1.0,未标注,④-待人工·行内值,
行内,,lib/infrastructure/hips_browser/healpix_browser_qt/app/browser_cli.cpp:1306,1000.0,未标注,④-待人工·行内值,
行内,,lib/infrastructure/hips_browser/healpix_browser_qt/app/main.cpp:26,1.0,未标注,④-待人工·行内值,
行内,,lib/infrastructure/hips_browser/healpix_browser_qt/app/main_window.cpp:165,1.2,未标注,④-待人工·行内值,
行内,,lib/infrastructure/hips_browser/healpix_browser_qt/app/main_window.cpp:172,1.2,未标注,④-待人工·行内值,
行内,,lib/infrastructure/hips_browser/healpix_browser_qt/app/main_window.cpp:539,0.0,未标注,④-待人工·行内值,
行内,,lib/infrastructure/hips_browser/healpix_browser_qt/app/main_window.cpp:694,100.0,未标注,④-待人工·行内值,
行内,,lib/infrastructure/hips_browser/healpix_browser_qt/app/main_window.cpp:709,100.0,未标注,④-待人工·行内值,
行内,,lib/infrastructure/hips_browser/healpix_browser_qt/app/main_window.cpp:713,6000.0,未标注,④-待人工·行内值,
行内,,lib/infrastructure/hips_browser/healpix_browser_qt/app/stf_bar.cpp:85,0.0,未标注,④-待人工·行内值,
行内,,lib/infrastructure/hips_browser/healpix_browser_qt/app/stf_bar.cpp:86,0.5,未标注,④-待人工·行内值,
行内,,lib/infrastructure/hips_browser/healpix_browser_qt/app/stf_bar.cpp:87,1.0,未标注,④-待人工·行内值,
行内,,lib/infrastructure/hips_browser/healpix_browser_qt/core/browser_backend.cpp:655,0.5,未标注,④-待人工·行内值,
行内,,lib/infrastructure/hips_browser/healpix_browser_qt/core/browser_backend.cpp:731,1.0,未标注,④-待人工·行内值,
行内,,lib/infrastructure/hips_browser/healpix_browser_qt/core/browser_backend.cpp:732,1.0,未标注,④-待人工·行内值,
行内,,lib/infrastructure/hips_browser/healpix_browser_qt/core/gl_renderer.cpp:164,1.2,未标注,④-待人工·行内值,
行内,,lib/infrastructure/hips_browser/healpix_browser_qt/core/gl_renderer.cpp:211,1.2,未标注,④-待人工·行内值,
行内,,lib/infrastructure/hips_browser/healpix_browser_qt/core/gl_renderer.cpp:244,0.5,未标注,④-待人工·行内值,
行内,,lib/infrastructure/hips_browser/healpix_browser_qt/core/gl_renderer.cpp:303,0.5,未标注,④-待人工·行内值,
行内,,lib/infrastructure/hips_browser/healpix_browser_qt/core/gl_renderer.cpp:432,0.0,未标注,④-待人工·行内值,
行内,,lib/infrastructure/hips_browser/healpix_browser_qt/core/gl_renderer.cpp:433,0.0,未标注,④-待人工·行内值,
行内,,lib/infrastructure/hips_browser/healpix_browser_qt/core/gl_renderer.cpp:719,360.0,未标注,④-待人工·行内值,
行内,,lib/infrastructure/hips_browser/healpix_browser_qt/core/gl_renderer.cpp:814,1.0,未标注,④-待人工·行内值,
行内,,lib/infrastructure/hips_browser/healpix_browser_qt/core/gl_renderer.cpp:867,360.0,未标注,④-待人工·行内值,
行内,,lib/infrastructure/hips_browser/healpix_browser_qt/core/gl_renderer.cpp:958,0.20,未标注,④-待人工·行内值,
行内,,lib/infrastructure/hips_browser/healpix_browser_qt/core/gl_renderer.cpp:963,0.10,未标注,④-待人工·行内值,
行内,,lib/infrastructure/hips_browser/healpix_browser_qt/core/gl_renderer.cpp:971,0.5,未标注,④-待人工·行内值,
行内,,lib/infrastructure/hips_browser/healpix_browser_qt/core/gl_renderer.cpp:1626,0.0,未标注,④-待人工·行内值,
行内,,lib/infrastructure/hips_browser/healpix_browser_qt/core/gl_renderer.cpp:1719,360.0,未标注,④-待人工·行内值,
行内,,lib/infrastructure/hips_browser/healpix_browser_qt/core/gl_renderer.cpp:1813,2.0,未标注,④-待人工·行内值,
行内,,lib/infrastructure/hips_browser/healpix_browser_qt/core/hips_browser_backend.cpp:260,0.0,未标注,④-待人工·行内值,
行内,,lib/infrastructure/hips_browser/healpix_browser_qt/core/hips_sky_view.cpp:346,180.0,未标注,④-待人工·行内值,
行内,,lib/infrastructure/hips_browser/healpix_browser_qt/core/stf_engine.cpp:145,1.0,未标注,④-待人工·行内值,
行内,,lib/infrastructure/hips_browser/healpix_browser_qt/widgets/sphere_view.cpp:34,0.0,未标注,④-待人工·行内值,
行内,,lib/infrastructure/hips_browser/healpix_browser_qt/widgets/sphere_view.cpp:35,0.0,未标注,④-待人工·行内值,
行内,,lib/infrastructure/hips_browser/healpix_browser_qt/widgets/sphere_view.cpp:36,60.0,未标注,④-待人工·行内值,
行内,,lib/infrastructure/hips_browser/healpix_browser_qt/widgets/sphere_view.cpp:41,0.0,未标注,④-待人工·行内值,
行内,,lib/infrastructure/hips_browser/healpix_browser_qt/widgets/sphere_view.cpp:42,0.0,未标注,④-待人工·行内值,
行内,,lib/infrastructure/hips_browser/healpix_browser_qt/widgets/sphere_view.cpp:43,0.0,未标注,④-待人工·行内值,
行内,,lib/infrastructure/hips_browser/healpix_browser_qt/widgets/sphere_view.cpp:84,0.0,未标注,④-待人工·行内值,
行内,,lib/infrastructure/hips_browser/healpix_browser_qt/widgets/sphere_view.cpp:100,0.001,未标注,④-待人工·行内值,
行内,,lib/infrastructure/hips_browser/healpix_browser_qt/widgets/sphere_view.cpp:123,0.0,未标注,④-待人工·行内值,
行内,,lib/infrastructure/hips_browser/healpix_browser_qt/widgets/sphere_view.cpp:420,360.0,未标注,④-待人工·行内值,
行内,,lib/infrastructure/hips_browser/healpix_browser_qt/widgets/sphere_view.cpp:447,360.0,未标注,④-待人工·行内值,
行内,,lib/infrastructure/hips_browser/healpix_browser_qt/widgets/sphere_view.cpp:499,360.0,未标注,④-待人工·行内值,
行内,,lib/infrastructure/pipeline/orchestrator/cpp/CMakeLists.txt:9,7.1,未标注,④-待人工·行内值,
行内,,lib/infrastructure/pipeline/orchestrator/cpp/CMakeLists.txt:16,7.1,未标注,④-待人工·行内值,
行内,,lib/infrastructure/pipeline/orchestrator/cpp/CMakeLists.txt:91,6.2,未标注,④-待人工·行内值,
行内,,lib/infrastructure/pipeline/orchestrator/cpp/CMakeLists.txt:94,7.1,未标注,④-待人工·行内值,
行内,,lib/infrastructure/pipeline/orchestrator/cpp/include/star_coord_contract.h:43,0.5,未标注,④-待人工·行内值,
行内,,lib/infrastructure/pipeline/orchestrator/cpp/include/star_coord_contract.h:56,0.5,未标注,④-待人工·行内值,
行内,,lib/infrastructure/pipeline/orchestrator/cpp/src/cli_command.cpp:164,0.0,未标注,④-待人工·行内值,
行内,,lib/infrastructure/pipeline/orchestrator/cpp/src/cli_command.cpp:170,0.0,未标注,④-待人工·行内值,
行内,,lib/infrastructure/pipeline/orchestrator/cpp/src/json_config.cpp:34,-1.1,未标注,④-待人工·行内值,
行内,,lib/infrastructure/pipeline/orchestrator/cpp/src/json_config.cpp:58,1.1,未标注,④-待人工·行内值,
行内,,lib/infrastructure/pipeline/orchestrator/cpp/src/json_config.cpp:257,0.8,未标注,④-待人工·行内值,
行内,,lib/infrastructure/pipeline/orchestrator/cpp/src/json_config.cpp:258,0.8,未标注,④-待人工·行内值,
行内,,lib/infrastructure/pipeline/orchestrator/cpp/src/json_config.cpp:713,0.8,未标注,④-待人工·行内值,
行内,,lib/infrastructure/pipeline/orchestrator/cpp/src/json_config.cpp:782,-999.0,未标注,④-待人工·行内值,
行内,,lib/infrastructure/pipeline/orchestrator/cpp/src/json_config.cpp:783,-999.0,未标注,④-待人工·行内值,
行内,,lib/infrastructure/pipeline/orchestrator/cpp/src/main.cpp:74,2.0,未标注,④-待人工·行内值,
行内,,lib/infrastructure/pipeline/orchestrator/cpp/src/main.cpp:322,-1.0,未标注,④-待人工·行内值,
行内,,lib/infrastructure/pipeline/orchestrator/cpp/src/main.cpp:326,-1.0,未标注,④-待人工·行内值,
行内,,lib/infrastructure/pipeline/orchestrator/cpp/src/main.cpp:362,1.0,未标注,④-待人工·行内值,
行内,,lib/infrastructure/pipeline/orchestrator/cpp/src/main.cpp:368,-1.0,未标注,④-待人工·行内值,
行内,,lib/infrastructure/pipeline/orchestrator/cpp/src/main.cpp:377,-1.0,未标注,④-待人工·行内值,
行内,,lib/infrastructure/pipeline/orchestrator/cpp/src/main.cpp:379,-1.0,未标注,④-待人工·行内值,
行内,,lib/infrastructure/pipeline/orchestrator/cpp/src/orchestrator.cpp:167,0.0,未标注,④-待人工·行内值,
行内,,lib/infrastructure/pipeline/orchestrator/cpp/src/orchestrator.cpp:261,-1.0,未标注,④-待人工·行内值,
行内,,lib/infrastructure/pipeline/orchestrator/cpp/src/orchestrator.cpp:264,-1.0,未标注,④-待人工·行内值,
行内,,lib/infrastructure/pipeline/orchestrator/cpp/src/orchestrator.cpp:269,-1.0,未标注,④-待人工·行内值,
行内,,lib/infrastructure/pipeline/orchestrator/cpp/src/orchestrator.cpp:275,0.0,未标注,④-待人工·行内值,
行内,,lib/infrastructure/pipeline/orchestrator/cpp/src/orchestrator.cpp:283,0.0,未标注,④-待人工·行内值,
行内,,lib/infrastructure/pipeline/orchestrator/cpp/src/orchestrator.cpp:295,0.0,未标注,④-待人工·行内值,
行内,,lib/infrastructure/pipeline/orchestrator/cpp/src/orchestrator.cpp:307,0.0,未标注,④-待人工·行内值,
行内,,lib/infrastructure/pipeline/orchestrator/cpp/src/orchestrator.cpp:314,0.0,未标注,④-待人工·行内值,
行内,,lib/infrastructure/pipeline/orchestrator/cpp/src/orchestrator.cpp:321,0.5,未标注,④-待人工·行内值,
行内,,lib/infrastructure/pipeline/orchestrator/cpp/src/orchestrator.cpp:325,0.0,未标注,④-待人工·行内值,
行内,,lib/infrastructure/pipeline/orchestrator/cpp/src/orchestrator.cpp:1307,0.0,未标注,④-待人工·行内值,
行内,,lib/infrastructure/pipeline/orchestrator/cpp/src/orchestrator.cpp:1320,0.0,未标注,④-待人工·行内值,
行内,,lib/infrastructure/pipeline/orchestrator/cpp/src/orchestrator.cpp:1324,0.0,未标注,④-待人工·行内值,
行内,,lib/infrastructure/pipeline/orchestrator/cpp/src/orchestrator.cpp:1343,0.0,未标注,④-待人工·行内值,
行内,,lib/infrastructure/pipeline/orchestrator/cpp/src/orchestrator.cpp:1448,0.0,未标注,④-待人工·行内值,
行内,,lib/infrastructure/pipeline/orchestrator/cpp/src/orchestrator.cpp:1449,0.0,未标注,④-待人工·行内值,
行内,,lib/infrastructure/pipeline/orchestrator/cpp/src/orchestrator.cpp:1467,0.0,未标注,④-待人工·行内值,
行内,,lib/infrastructure/pipeline/orchestrator/cpp/src/orchestrator.cpp:1779,0.0,未标注,④-待人工·行内值,
行内,,lib/infrastructure/pipeline/orchestrator/cpp/src/orchestrator.cpp:1788,0.5,未标注,④-待人工·行内值,
行内,,lib/infrastructure/pipeline/orchestrator/cpp/src/orchestrator.cpp:1928,-999.0,未标注,④-待人工·行内值,
行内,,lib/infrastructure/pipeline/orchestrator/cpp/src/orchestrator.cpp:1931,-999.0,未标注,④-待人工·行内值,
行内,,lib/infrastructure/pipeline/orchestrator/cpp/src/orchestrator.cpp:2015,2000.0,未标注,④-待人工·行内值,
行内,,lib/infrastructure/pipeline/orchestrator/cpp/src/orchestrator.cpp:2370,100.0,未标注,④-待人工·行内值,
行内,,lib/infrastructure/pipeline/orchestrator/cpp/src/orchestrator.cpp:2392,0.5,未标注,④-待人工·行内值,
行内,,lib/infrastructure/pipeline/orchestrator/cpp/src/orchestrator.cpp:2425,0.0,未标注,④-待人工·行内值,
行内,,lib/infrastructure/pipeline/orchestrator/cpp/src/orchestrator.cpp:3549,0.0,未标注,④-待人工·行内值,
行内,,lib/infrastructure/pipeline/orchestrator/cpp/src/orchestrator.cpp:3974,0.0,未标注,④-待人工·行内值,
行内,,lib/infrastructure/pipeline/orchestrator/cpp/src/orchestrator.cpp:3977,0.0,未标注,④-待人工·行内值,
行内,,lib/infrastructure/pipeline/orchestrator/cpp/src/orchestrator.cpp:4370,0.0,未标注,④-待人工·行内值,
行内,,lib/infrastructure/pipeline/orchestrator/cpp/src/orchestrator.cpp:4371,0.0,未标注,④-待人工·行内值,
行内,,lib/infrastructure/pipeline/orchestrator/cpp/src/orchestrator.cpp:4372,0.0,未标注,④-待人工·行内值,
行内,,lib/infrastructure/pipeline/orchestrator/cpp/src/orchestrator.cpp:4378,0.0,未标注,④-待人工·行内值,
行内,,lib/infrastructure/pipeline/orchestrator/cpp/src/orchestrator.cpp:4379,1.0,未标注,④-待人工·行内值,
行内,,lib/infrastructure/pipeline/orchestrator/cpp/src/orchestrator.cpp:4380,2.0,未标注,④-待人工·行内值,
行内,,lib/infrastructure/pipeline/orchestrator/cpp/src/orchestrator.cpp:4406,0.1,未标注,④-待人工·行内值,
行内,,lib/infrastructure/pipeline/orchestrator/cpp/src/orchestrator.cpp:4417,0.0,未标注,④-待人工·行内值,
行内,,lib/infrastructure/pipeline/orchestrator/cpp/src/orchestrator.cpp:4418,0.0,未标注,④-待人工·行内值,
行内,,lib/infrastructure/pipeline/orchestrator/cpp/src/orchestrator.cpp:4419,0.0,未标注,④-待人工·行内值,
行内,,lib/infrastructure/pipeline/orchestrator/cpp/src/orchestrator.cpp:4420,0.0,未标注,④-待人工·行内值,
行内,,lib/infrastructure/pipeline/orchestrator/cpp/src/orchestrator.cpp:4532,0.0,未标注,④-待人工·行内值,
行内,,lib/infrastructure/pipeline/orchestrator/cpp/src/orchestrator.cpp:4536,0.0,未标注,④-待人工·行内值,
行内,,lib/infrastructure/pipeline/orchestrator/cpp/src/orchestrator.cpp:4722,0.0,未标注,④-待人工·行内值,
行内,,lib/infrastructure/pipeline/orchestrator/cpp/src/orchestrator.cpp:4730,0.0,未标注,④-待人工·行内值,
行内,,lib/infrastructure/pipeline/orchestrator/cpp/src/orchestrator.cpp:4905,0.0,未标注,④-待人工·行内值,
行内,,lib/infrastructure/pipeline/orchestrator/cpp/src/orchestrator.cpp:5203,0.0,未标注,④-待人工·行内值,
行内,,lib/infrastructure/scheduler/src/context.cpp:272,0.0,未标注,④-待人工·行内值,
行内,,lib/infrastructure/scheduler/src/context.cpp:310,0.0,未标注,④-待人工·行内值,
行内,,lib/infrastructure/scheduler/src/context.cpp:311,0.0,未标注,④-待人工·行内值,
行内,,lib/infrastructure/scheduler/src/context.cpp:543,0.0,未标注,④-待人工·行内值,
行内,,lib/infrastructure/scheduler/src/export_stream.cpp:182,0.0,未标注,④-待人工·行内值,
行内,,lib/infrastructure/scheduler/src/export_stream.cpp:419,0.0,未标注,④-待人工·行内值,
行内,,lib/infrastructure/scheduler/src/export_stream.cpp:421,0.0,未标注,④-待人工·行内值,
行内,,lib/infrastructure/scheduler/src/export_stream.cpp:463,0.0,未标注,④-待人工·行内值,
行内,,lib/infrastructure/scheduler/src/logging.cpp:42,0.0,未标注,④-待人工·行内值,
行内,,lib/infrastructure/scheduler/src/memory_pressure.cpp:231,1000.0,未标注,④-待人工·行内值,
行内,,lib/infrastructure/scheduler/src/memory_pressure.cpp:418,0.0,未标注,④-待人工·行内值,
行内,,lib/infrastructure/scheduler/src/memory_pressure.cpp:440,0.0,未标注,④-待人工·行内值,
行内,,lib/infrastructure/scheduler/src/memory_pressure.cpp:539,8.3,未标注,④-待人工·行内值,
行内,,lib/infrastructure/scheduler/src/module_adapters.cpp:498,0.0,未标注,④-待人工·行内值,
行内,,lib/infrastructure/scheduler/src/module_adapters.cpp:522,2.0,未标注,④-待人工·行内值,
行内,,lib/infrastructure/scheduler/src/module_adapters.cpp:1293,0.0,未标注,④-待人工·行内值,
行内,,lib/infrastructure/scheduler/src/module_adapters.cpp:1305,0.0,未标注,④-待人工·行内值,
行内,,lib/infrastructure/scheduler/src/module_adapters.cpp:1315,0.0,未标注,④-待人工·行内值,
行内,,lib/infrastructure/scheduler/src/module_adapters.cpp:1316,0.0,未标注,④-待人工·行内值,
行内,,lib/infrastructure/scheduler/src/module_adapters.cpp:1317,0.0,未标注,④-待人工·行内值,
行内,,lib/infrastructure/scheduler/src/module_adapters.cpp:1319,0.0,未标注,④-待人工·行内值,
行内,,lib/infrastructure/scheduler/src/module_adapters.cpp:1322,0.0,未标注,④-待人工·行内值,
行内,,lib/infrastructure/scheduler/src/module_adapters.cpp:1328,0.0,未标注,④-待人工·行内值,
行内,,lib/infrastructure/scheduler/src/module_adapters.cpp:1366,0.0,未标注,④-待人工·行内值,
行内,,lib/infrastructure/scheduler/src/module_adapters.cpp:1739,0.0,未标注,④-待人工·行内值,
行内,,lib/infrastructure/scheduler/src/module_adapters.cpp:2265,0.0,未标注,④-待人工·行内值,
行内,,lib/infrastructure/scheduler/src/module_adapters.cpp:2269,1.0,未标注,④-待人工·行内值,
行内,,lib/infrastructure/scheduler/src/module_adapters.cpp:2270,1024.0,未标注,④-待人工·行内值,
行内,,lib/infrastructure/scheduler/src/module_adapters.cpp:2482,0.0,未标注,④-待人工·行内值,
行内,,lib/infrastructure/scheduler/src/module_adapters.cpp:2544,0.0,未标注,④-待人工·行内值,
行内,,lib/infrastructure/scheduler/src/module_adapters.cpp:2550,0.0,未标注,④-待人工·行内值,
行内,,lib/infrastructure/scheduler/src/module_adapters.cpp:2559,1.0,未标注,④-待人工·行内值,
行内,,lib/infrastructure/scheduler/src/module_adapters.cpp:2657,0.0,未标注,④-待人工·行内值,
行内,,lib/infrastructure/scheduler/src/module_adapters.cpp:3351,4.2,未标注,④-待人工·行内值,
行内,,lib/infrastructure/scheduler/src/module_adapters.cpp:3389,0.0,未标注,④-待人工·行内值,
行内,,lib/infrastructure/scheduler/src/module_adapters.cpp:3483,0.0,未标注,④-待人工·行内值,
行内,,lib/infrastructure/scheduler/src/module_adapters.cpp:3501,0.0,未标注,④-待人工·行内值,
行内,,lib/infrastructure/scheduler/src/module_adapters.cpp:3523,0.0,未标注,④-待人工·行内值,
行内,,lib/infrastructure/scheduler/src/module_adapters.cpp:3547,0.0,未标注,④-待人工·行内值,
行内,,lib/infrastructure/scheduler/src/module_adapters.cpp:3588,0.0,未标注,④-待人工·行内值,
行内,,lib/infrastructure/scheduler/src/module_adapters.cpp:3599,1.5,未标注,④-待人工·行内值,
行内,,lib/infrastructure/scheduler/src/module_adapters.cpp:3602,0.0,未标注,④-待人工·行内值,
行内,,lib/infrastructure/scheduler/src/module_adapters.cpp:3811,4.2,未标注,④-待人工·行内值,
行内,,lib/infrastructure/scheduler/src/module_adapters.cpp:3820,4.2,未标注,④-待人工·行内值,
行内,,lib/infrastructure/scheduler/src/module_adapters.cpp:3882,5.0,未标注,④-待人工·行内值,
行内,,lib/infrastructure/scheduler/src/module_adapters.cpp:4053,0.0,未标注,④-待人工·行内值,
行内,,lib/infrastructure/scheduler/src/module_adapters.cpp:4089,0.0,未标注,④-待人工·行内值,
行内,,lib/infrastructure/scheduler/src/module_adapters.cpp:4095,0.0,未标注,④-待人工·行内值,
行内,,lib/infrastructure/scheduler/src/module_adapters.cpp:4102,0.0,未标注,④-待人工·行内值,
行内,,lib/infrastructure/scheduler/src/module_adapters.cpp:4226,0.0,未标注,④-待人工·行内值,
行内,,lib/infrastructure/scheduler/src/module_adapters.cpp:4229,0.5,未标注,④-待人工·行内值,
行内,,lib/infrastructure/scheduler/src/module_adapters.cpp:4401,0.0,未标注,④-待人工·行内值,
行内,,lib/infrastructure/scheduler/src/module_adapters.cpp:4544,60.0,未标注,④-待人工·行内值,
行内,,lib/infrastructure/scheduler/src/module_adapters.cpp:4589,0.0,未标注,④-待人工·行内值,
行内,,lib/infrastructure/scheduler/src/module_adapters.cpp:4642,0.0,未标注,④-待人工·行内值,
行内,,lib/infrastructure/scheduler/src/module_adapters.cpp:4957,0.0,未标注,④-待人工·行内值,
行内,,lib/infrastructure/scheduler/src/module_adapters.cpp:5378,0.0,未标注,④-待人工·行内值,
行内,,lib/infrastructure/scheduler/src/module_adapters.cpp:5380,0.0,未标注,④-待人工·行内值,
行内,,lib/infrastructure/scheduler/src/module_adapters.cpp:5488,0.5,未标注,④-待人工·行内值,
行内,,lib/infrastructure/scheduler/src/module_adapters.cpp:5599,0.0,未标注,④-待人工·行内值,
行内,,lib/infrastructure/scheduler/src/module_adapters.cpp:5742,0.0,未标注,④-待人工·行内值,
行内,,lib/infrastructure/scheduler/src/module_adapters.cpp:5876,0.0,未标注,④-待人工·行内值,
行内,,lib/infrastructure/scheduler/src/module_adapters.cpp:6007,0.0,未标注,④-待人工·行内值,
行内,,lib/infrastructure/scheduler/src/module_adapters.cpp:6034,0.0,未标注,④-待人工·行内值,
行内,,lib/infrastructure/scheduler/src/module_adapters.cpp:6262,1.0,未标注,④-待人工·行内值,
行内,,lib/infrastructure/scheduler/src/module_adapters.cpp:6279,9.49,未标注,④-待人工·行内值,
行内,,lib/infrastructure/scheduler/src/module_adapters.cpp:6332,1.0,未标注,④-待人工·行内值,
行内,,lib/infrastructure/scheduler/src/module_adapters.cpp:6337,9.49,未标注,④-待人工·行内值,
行内,,lib/infrastructure/scheduler/src/module_adapters.cpp:6522,0.0,未标注,④-待人工·行内值,
行内,,lib/infrastructure/scheduler/src/module_adapters.cpp:6529,0.0,未标注,④-待人工·行内值,
行内,,lib/infrastructure/scheduler/src/module_adapters.cpp:6623,1.0,未标注,④-待人工·行内值,
行内,,lib/infrastructure/scheduler/src/module_adapters.cpp:6624,0.0,未标注,④-待人工·行内值,
行内,,lib/infrastructure/scheduler/src/module_adapters.cpp:6650,0.0,未标注,④-待人工·行内值,
行内,,lib/infrastructure/scheduler/src/module_adapters.cpp:6656,0.0,未标注,④-待人工·行内值,
行内,,lib/infrastructure/scheduler/src/module_adapters.cpp:6662,0.0,未标注,④-待人工·行内值,
行内,,lib/infrastructure/scheduler/src/module_adapters.cpp:6685,0.0,未标注,④-待人工·行内值,
行内,,lib/infrastructure/scheduler/src/module_adapters.cpp:6703,0.0,未标注,④-待人工·行内值,
行内,,lib/infrastructure/scheduler/src/module_adapters.cpp:6711,0.0,未标注,④-待人工·行内值,
行内,,lib/infrastructure/scheduler/src/module_adapters.cpp:6712,1.0,未标注,④-待人工·行内值,
行内,,lib/infrastructure/scheduler/src/module_adapters.cpp:6807,0.0,未标注,④-待人工·行内值,
行内,,lib/infrastructure/scheduler/src/module_adapters.cpp:6837,0.5,未标注,④-待人工·行内值,
行内,,lib/infrastructure/scheduler/src/module_adapters.cpp:6857,0.0,未标注,④-待人工·行内值,
行内,,lib/infrastructure/scheduler/src/module_adapters.cpp:6858,0.0,未标注,④-待人工·行内值,
行内,,lib/infrastructure/scheduler/src/module_adapters.cpp:6908,0.0,未标注,④-待人工·行内值,
行内,,lib/infrastructure/scheduler/src/module_adapters.cpp:6911,0.0,未标注,④-待人工·行内值,
行内,,lib/infrastructure/scheduler/src/module_adapters.cpp:6917,0.0,未标注,④-待人工·行内值,
行内,,lib/infrastructure/scheduler/src/module_adapters.cpp:6968,0.0,未标注,④-待人工·行内值,
行内,,lib/infrastructure/scheduler/src/module_adapters.cpp:6971,2.5,未标注,④-待人工·行内值,
行内,,lib/infrastructure/scheduler/src/module_adapters.cpp:6992,0.5,未标注,④-待人工·行内值,
行内,,lib/infrastructure/scheduler/src/module_adapters.cpp:6994,0.0,未标注,④-待人工·行内值,
行内,,lib/infrastructure/scheduler/src/module_adapters.cpp:7060,1.0,未标注,④-待人工·行内值,
行内,,lib/infrastructure/scheduler/src/module_adapters.cpp:7126,0.0,未标注,④-待人工·行内值,
行内,,lib/infrastructure/scheduler/src/module_adapters.cpp:7176,0.0,未标注,④-待人工·行内值,
行内,,lib/infrastructure/scheduler/src/module_adapters.cpp:7227,0.0,未标注,④-待人工·行内值,
行内,,lib/infrastructure/scheduler/src/module_adapters.cpp:7559,0.0,未标注,④-待人工·行内值,
行内,,lib/infrastructure/scheduler/src/module_adapters.cpp:7569,0.0,未标注,④-待人工·行内值,
行内,,lib/infrastructure/scheduler/src/module_adapters.cpp:7802,0.0,未标注,④-待人工·行内值,
行内,,lib/infrastructure/scheduler/src/module_adapters.cpp:7803,0.0,未标注,④-待人工·行内值,
行内,,lib/infrastructure/scheduler/src/module_adapters.cpp:7804,0.0,未标注,④-待人工·行内值,
行内,,lib/infrastructure/scheduler/src/module_adapters.cpp:7805,0.0,未标注,④-待人工·行内值,
行内,,lib/infrastructure/scheduler/src/module_adapters.cpp:7806,0.0,未标注,④-待人工·行内值,
行内,,lib/infrastructure/scheduler/src/module_adapters.cpp:7807,0.0,未标注,④-待人工·行内值,
行内,,lib/infrastructure/scheduler/src/module_adapters.cpp:7808,0.0,未标注,④-待人工·行内值,
行内,,lib/infrastructure/scheduler/src/module_adapters.cpp:7809,0.0,未标注,④-待人工·行内值,
行内,,lib/infrastructure/scheduler/src/module_adapters.cpp:7964,11.1,未标注,④-待人工·行内值,
行内,,lib/infrastructure/scheduler/src/module_adapters.cpp:8069,8.2,未标注,④-待人工·行内值,
行内,,lib/infrastructure/scheduler/src/module_adapters.cpp:8159,11.1,未标注,④-待人工·行内值,
行内,,lib/infrastructure/scheduler/src/module_adapters.cpp:8258,0.0,未标注,④-待人工·行内值,
行内,,lib/infrastructure/scheduler/src/module_adapters.cpp:8266,0.0,未标注,④-待人工·行内值,
行内,,lib/infrastructure/scheduler/src/module_adapters.cpp:8480,3.4,未标注,④-待人工·行内值,
行内,,lib/infrastructure/scheduler/src/module_adapters.cpp:8541,4.4,未标注,④-待人工·行内值,
行内,,lib/infrastructure/scheduler/src/module_adapters.cpp:8649,12.2,未标注,④-待人工·行内值,
行内,,lib/infrastructure/scheduler/src/module_adapters.cpp:8739,12.4,未标注,④-待人工·行内值,
行内,,lib/infrastructure/scheduler/src/module_adapters.cpp:8931,3.4,未标注,④-待人工·行内值,
行内,,lib/infrastructure/scheduler/src/module_adapters.cpp:9293,0.0,未标注,④-待人工·行内值,
行内,,lib/infrastructure/scheduler/src/module_adapters.cpp:9301,0.0,未标注,④-待人工·行内值,
行内,,lib/infrastructure/scheduler/src/module_adapters.cpp:9309,0.0,未标注,④-待人工·行内值,
行内,,lib/infrastructure/scheduler/src/module_adapters.cpp:9310,1.0,未标注,④-待人工·行内值,
行内,,lib/infrastructure/scheduler/src/module_adapters.cpp:9314,0.0,未标注,④-待人工·行内值,
行内,,lib/infrastructure/scheduler/src/module_adapters.cpp:9318,0.0,未标注,④-待人工·行内值,
行内,,lib/infrastructure/scheduler/src/module_adapters.cpp:9319,1.0,未标注,④-待人工·行内值,
行内,,lib/infrastructure/scheduler/src/module_adapters.cpp:9323,0.0,未标注,④-待人工·行内值,
行内,,lib/infrastructure/scheduler/src/module_adapters.cpp:9336,0.0,未标注,④-待人工·行内值,
行内,,lib/infrastructure/scheduler/src/module_adapters.cpp:9340,0.0,未标注,④-待人工·行内值,
行内,,lib/infrastructure/scheduler/src/module_adapters.cpp:9344,0.0,未标注,④-待人工·行内值,
行内,,lib/infrastructure/scheduler/src/module_adapters.cpp:9620,0.0,未标注,④-待人工·行内值,
行内,,lib/infrastructure/scheduler/src/module_adapters.cpp:9628,0.0,未标注,④-待人工·行内值,
行内,,lib/infrastructure/scheduler/src/module_adapters.cpp:9643,0.0,未标注,④-待人工·行内值,
行内,,lib/infrastructure/scheduler/src/module_adapters.cpp:9883,0.0,未标注,④-待人工·行内值,
行内,,lib/infrastructure/scheduler/src/module_adapters.cpp:10202,0.0,未标注,④-待人工·行内值,
行内,,lib/infrastructure/scheduler/src/module_adapters.cpp:10203,0.0,未标注,④-待人工·行内值,
行内,,lib/infrastructure/scheduler/src/module_adapters.cpp:10210,0.0,未标注,④-待人工·行内值,
行内,,lib/infrastructure/scheduler/src/module_adapters.cpp:10512,0.0,未标注,④-待人工·行内值,
行内,,lib/infrastructure/scheduler/src/module_adapters.cpp:10542,0.0,未标注,④-待人工·行内值,
行内,,lib/infrastructure/scheduler/src/module_adapters.cpp:10562,0.0,未标注,④-待人工·行内值,
行内,,lib/infrastructure/scheduler/src/module_adapters.cpp:10578,0.0,未标注,④-待人工·行内值,
行内,,lib/infrastructure/scheduler/src/module_adapters.cpp:10583,0.0,未标注,④-待人工·行内值,
行内,,lib/infrastructure/scheduler/src/module_adapters.cpp:10808,0.0,未标注,④-待人工·行内值,
行内,,lib/infrastructure/scheduler/src/module_adapters.cpp:11075,0.0,未标注,④-待人工·行内值,
行内,,lib/infrastructure/scheduler/src/module_adapters.cpp:11412,9.73,未标注,④-待人工·行内值,
行内,,lib/infrastructure/scheduler/src/module_adapters.cpp:11413,3.1,未标注,④-待人工·行内值,
行内,,lib/infrastructure/scheduler/src/module_adapters.cpp:11424,9.73,未标注,④-待人工·行内值,
行内,,lib/infrastructure/scheduler/src/module_adapters.cpp:11425,3.1,未标注,④-待人工·行内值,
行内,,lib/infrastructure/scheduler/src/module_adapters.cpp:11426,3.1,未标注,④-待人工·行内值,
行内,,lib/infrastructure/scheduler/src/module_adapters.cpp:11516,1.0,未标注,④-待人工·行内值,
行内,,lib/infrastructure/scheduler/src/module_adapters.cpp:11524,0.0,未标注,④-待人工·行内值,
行内,,lib/infrastructure/scheduler/src/module_adapters.cpp:11526,0.0,未标注,④-待人工·行内值,
行内,,lib/infrastructure/scheduler/src/module_adapters.cpp:11539,1.0,未标注,④-待人工·行内值,
行内,,lib/infrastructure/scheduler/src/module_adapters.cpp:11569,0.0,未标注,④-待人工·行内值,
行内,,lib/infrastructure/scheduler/src/module_adapters.cpp:11578,30.1,未标注,④-待人工·行内值,
行内,,lib/infrastructure/scheduler/src/module_adapters.cpp:11603,9.73,未标注,④-待人工·行内值,
行内,,lib/infrastructure/scheduler/src/module_adapters.cpp:11650,30.2,未标注,④-待人工·行内值,
行内,,lib/infrastructure/scheduler/src/module_adapters.cpp:11863,0.0,未标注,④-待人工·行内值,
行内,,lib/infrastructure/scheduler/src/module_adapters.cpp:11883,0.0,未标注,④-待人工·行内值,
行内,,lib/infrastructure/scheduler/src/module_adapters.cpp:11885,0.0,未标注,④-待人工·行内值,
行内,,lib/infrastructure/scheduler/src/module_adapters.cpp:11894,0.0,未标注,④-待人工·行内值,
行内,,lib/infrastructure/scheduler/src/module_adapters.cpp:11920,0.0,未标注,④-待人工·行内值,
行内,,lib/infrastructure/scheduler/src/module_adapters.cpp:11937,0.0,未标注,④-待人工·行内值,
行内,,lib/infrastructure/scheduler/src/module_adapters.cpp:11942,30.1,未标注,④-待人工·行内值,
行内,,lib/infrastructure/scheduler/src/module_adapters.cpp:11977,0.0,未标注,④-待人工·行内值,
行内,,lib/infrastructure/scheduler/src/module_adapters.cpp:11981,0.0,未标注,④-待人工·行内值,
行内,,lib/infrastructure/scheduler/src/module_adapters.cpp:12071,9.49,未标注,④-待人工·行内值,
行内,,lib/infrastructure/scheduler/src/module_adapters.cpp:12108,9.49,未标注,④-待人工·行内值,
行内,,lib/infrastructure/scheduler/src/module_adapters.cpp:12290,31.1,未标注,④-待人工·行内值,
行内,,lib/infrastructure/scheduler/src/module_adapters.cpp:12413,0.0,未标注,④-待人工·行内值,
行内,,lib/infrastructure/scheduler/src/module_adapters.cpp:12414,0.0,未标注,④-待人工·行内值,
行内,,lib/infrastructure/scheduler/src/module_adapters.cpp:12415,0.0,未标注,④-待人工·行内值,
行内,,lib/infrastructure/scheduler/src/module_adapters.cpp:12478,30.1,未标注,④-待人工·行内值,
行内,,lib/infrastructure/scheduler/src/module_adapters.cpp:12499,30.1,未标注,④-待人工·行内值,
行内,,lib/infrastructure/scheduler/src/module_adapters.cpp:12503,12.0,未标注,④-待人工·行内值,
行内,,lib/infrastructure/scheduler/src/module_adapters.cpp:12731,0.0,未标注,④-待人工·行内值,
行内,,lib/infrastructure/scheduler/src/module_adapters.cpp:12789,0.0,未标注,④-待人工·行内值,
行内,,lib/infrastructure/scheduler/src/module_adapters.cpp:12791,0.0,未标注,④-待人工·行内值,
行内,,lib/infrastructure/scheduler/src/module_adapters.cpp:12793,0.0,未标注,④-待人工·行内值,
行内,,lib/infrastructure/scheduler/src/module_adapters.cpp:12989,30.2,未标注,④-待人工·行内值,
行内,,lib/infrastructure/scheduler/src/module_adapters.cpp:12994,30.3,未标注,④-待人工·行内值,
行内,,lib/infrastructure/scheduler/src/module_adapters.cpp:13324,9.73,未标注,④-待人工·行内值,
行内,,lib/infrastructure/scheduler/src/module_adapters.cpp:13325,3.1,未标注,④-待人工·行内值,
行内,,lib/infrastructure/scheduler/src/module_adapters.cpp:13330,9.73,未标注,④-待人工·行内值,
行内,,lib/infrastructure/scheduler/src/module_adapters.cpp:13331,3.1,未标注,④-待人工·行内值,
行内,,lib/infrastructure/scheduler/src/module_adapters.cpp:13734,0.0,未标注,④-待人工·行内值,
行内,,lib/infrastructure/scheduler/src/module_adapters.cpp:13737,85.0,未标注,④-待人工·行内值,
行内,,lib/infrastructure/scheduler/src/module_adapters.cpp:13794,0.0,未标注,④-待人工·行内值,
行内,,lib/infrastructure/scheduler/src/module_adapters.cpp:13795,0.0,未标注,④-待人工·行内值,
行内,,lib/infrastructure/scheduler/src/module_adapters.cpp:13796,0.0,未标注,④-待人工·行内值,
行内,,lib/infrastructure/scheduler/src/module_adapters.cpp:13797,0.0,未标注,④-待人工·行内值,
行内,,lib/infrastructure/scheduler/src/module_adapters.cpp:13943,6.3,未标注,④-待人工·行内值,
行内,,lib/infrastructure/scheduler/src/module_adapters.cpp:14066,0.0,未标注,④-待人工·行内值,
行内,,lib/infrastructure/scheduler/src/module_adapters.cpp:14692,4.3,未标注,④-待人工·行内值,
行内,,lib/infrastructure/scheduler/src/module_adapters.cpp:14698,4.3,未标注,④-待人工·行内值,
行内,,lib/infrastructure/scheduler/src/module_adapters.cpp:15236,0.0,未标注,④-待人工·行内值,
行内,,lib/infrastructure/scheduler/src/module_adapters.cpp:15381,4.3,未标注,④-待人工·行内值,
行内,,lib/infrastructure/scheduler/src/mosaic_window.cpp:52,0.0,未标注,④-待人工·行内值,
行内,,lib/infrastructure/scheduler/src/mosaic_window.cpp:121,0.0,未标注,④-待人工·行内值,
行内,,lib/infrastructure/scheduler/src/mosaic_window.cpp:137,0.0,未标注,④-待人工·行内值,
行内,,lib/infrastructure/scheduler/src/normalize_workflow.cpp:359,0.0,未标注,④-待人工·行内值,
行内,,lib/infrastructure/scheduler/src/plan_estimator.cpp:89,180.0,未标注,④-待人工·行内值,
行内,,lib/infrastructure/scheduler/src/plan_estimator.cpp:195,1.0,未标注,④-待人工·行内值,
行内,,lib/infrastructure/scheduler/src/plan_estimator.cpp:197,1.0,未标注,④-待人工·行内值,
行内,,lib/phase1_session/module.yaml:126,1.4,未标注,④-待人工·行内值,
行内,,lib/phase1_session/module.yaml:133,1.0,未标注,④-待人工·行内值,
行内,,lib/phase1_session/p1_session.cpp:85,0.0,未标注,④-待人工·行内值,
行内,,lib/phase2_session/module.yaml:11,11.5,未标注,④-待人工·行内值,
行内,,lib/phase3_session/p3_v6_export.cpp:223,0.0,未标注,④-待人工·行内值,
行内,,lib/phase3_session/p3_v6_export.cpp:237,1.0,未标注,④-待人工·行内值,
行内,,lib/phase3_session/p3_v6_export.cpp:238,1.0,未标注,④-待人工·行内值,
行内,,lib/phase3_session/p3_v6_export.cpp:446,0.0,未标注,④-待人工·行内值,
行内,,lib/phase3_session/p3_v6_export.cpp:458,0.0,未标注,④-待人工·行内值,
行内,,lib/phase3_session/p3_v6_export.cpp:701,1.0,未标注,④-待人工·行内值,
