dx,dy,adrop,s0_4c_acos,s1_4c_stbl,s3_curve128_acos,s2_curve8,s2_curve32,s2_curve128,s2_curve512,oracle,r0,r1,r3,r2k8,r2k32,r2k128,r2k512,roracle,leafmax_err
-8.00,-8.00,9.401772e-13,9.401772e-13,9.401772e-13,9.401772e-13,9.401772e-13,9.401772e-13,9.401772e-13,9.401772e-13,9.401772e-13,1.286e-09,1.286e-09,1.143e-09,6.950e-10,1.344e-09,1.143e-09,8.998e-10,8.694e-10,3.362e-09
-8.00,-7.50,9.401772e-13,9.401772e-13,9.401772e-13,9.401772e-13,9.401772e-13,9.401772e-13,9.401772e-13,9.401772e-13,9.401772e-13,5.067e-10,5.067e-10,2.199e-10,7.315e-11,1.007e-10,2.199e-10,2.588e-10,4.137e-11,4.309e-09
-8.00,-7.00,9.401772e-13,9.401772e-13,9.401772e-13,9.401772e-13,9.401772e-13,9.401772e-13,9.401772e-13,9.401772e-13,9.401772e-13,2.112e-11,2.112e-11,7.576e-10,8.031e-10,7.557e-10,7.576e-10,6.589e-10,1.713e-10,5.223e-09
-8.00,-6.50,9.401772e-13,9.401772e-13,9.401772e-13,9.401772e-13,9.401772e-13,9.401772e-13,9.401772e-13,9.401772e-13,9.401772e-13,5.950e-10,5.950e-10,5.405e-10,6.375e-10,5.397e-10,5.405e-10,4.294e-10,9.663e-11,1.989e-09
-8.00,-6.00,9.401772e-13,9.401772e-13,9.401772e-13,9.401772e-13,9.401772e-13,9.401772e-13,9.401772e-13,9.401772e-13,9.401772e-13,4.302e-10,4.302e-10,4.442e-10,1.232e-10,3.604e-10,4.442e-10,2.497e-10,1.123e-10,2.006e-09
-8.00,-5.50,9.401772e-13,9.401772e-13,9.401772e-13,9.401772e-13,9.401772e-13,9.401772e-13,9.401772e-13,9.401772e-13,9.401772e-13,7.044e-10,7.044e-10,9.284e-10,6.380e-10,1.006e-09,9.284e-10,1.068e-09,8.538e-10,1.947e-09
-8.00,-5.00,9.401772e-13,9.401772e-13,9.401772e-13,9.401772e-13,9.401772e-13,9.401772e-13,9.401772e-13,9.401772e-13,9.401772e-13,7.309e-10,7.309e-10,1.202e-10,3.102e-10,2.815e-10,1.202e-10,3.655e-10,7.466e-10,1.626e-09
-8.00,-4.50,9.401772e-13,9.401772e-13,9.401772e-13,9.401772e-13,9.401772e-13,9.401772e-13,9.401772e-13,9.401772e-13,9.401772e-13,1.177e-09,1.177e-09,1.035e-09,1.388e-09,9.436e-10,1.035e-09,7.769e-10,1.331e-09,3.096e-09
-8.00,-4.00,9.401772e-13,9.401772e-13,9.401772e-13,9.401772e-13,9.401772e-13,9.401772e-13,9.401772e-13,9.401772e-13,9.401772e-13,8.668e-10,8.668e-10,7.089e-10,6.865e-10,1.263e-09,7.089e-10,6.733e-10,1.138e-09,1.411e-09
-8.00,-3.50,9.401772e-13,9.401772e-13,9.401772e-13,9.401772e-13,9.401772e-13,9.401772e-13,9.401772e-13,9.401772e-13,9.401772e-13,1.150e-09,1.240e-09,1.326e-09,1.023e-09,4.805e-10,1.357e-09,8.598e-10,8.828e-10,3.145e-09
-8.00,-3.00,9.401772e-13,9.401772e-13,9.401772e-13,9.401772e-13,9.401772e-13,9.401772e-13,9.401772e-13,9.401772e-13,9.401772e-13,1.651e-09,1.553e-09,1.226e-09,1.949e-09,1.519e-09,1.165e-09,1.708e-09,1.466e-09,2.817e-09
-8.00,-2.50,9.401772e-13,9.401772e-13,9.401772e-13,9.401772e-13,9.401772e-13,9.401772e-13,9.401772e-13,9.401772e-13,9.401772e-13,2.885e-10,5.764e-10,8.838e-10,7.197e-10,3.701e-10,7.509e-10,5.421e-10,7.859e-10,3.527e-09
-8.00,-2.00,9.401772e-13,9.401772e-13,9.401772e-13,9.401772e-13,9.401772e-13,9.401772e-13,9.401772e-13,9.401772e-13,9.401772e-13,1.073e-09,8.514e-10,1.081e-09,8.033e-10,9.604e-10,1.053e-09,1.034e-09,1.062e-09,2.288e-09
-8.00,-1.50,9.401772e-13,9.401772e-13,9.401772e-13,9.401772e-13,9.401772e-13,9.401772e-13,9.401772e-13,9.401772e-13,9.401772e-13,2.929e-10,1.973e-10,3.276e-11,4.657e-11,3.990e-10,1.793e-10,1.889e-10,3.856e-10,2.085e-09
-8.00,-1.00,9.401772e-13,9.401772e-13,9.401772e-13,9.401772e-13,9.401772e-13,9.401772e-13,9.401772e-13,9.401772e-13,9.401772e-13,7.021e-12,7.805e-11,1.323e-10,2.280e-10,7.289e-11,7.730e-12,3.555e-10,1.651e-10,2.228e-09
-8.00,-0.50,9.401772e-13,9.401772e-13,9.401772e-13,9.401772e-13,9.401772e-13,9.401772e-13,9.401772e-13,9.401772e-13,9.401772e-13,4.748e-10,4.515e-10,4.559e-10,4.880e-10,4.962e-10,7.597e-10,7.880e-11,6.555e-10,2.521e-09
-8.00,0.00,9.401772e-13,9.401772e-13,9.401772e-13,9.401772e-13,9.401772e-13,9.401772e-13,9.401772e-13,9.401772e-13,9.401772e-13,7.826e-10,3.340e-10,6.611e-10,4.928e-10,3.387e-10,4.829e-10,1.314e-09,1.350e-09,1.792e-09
-8.00,0.50,9.401772e-13,9.401772e-13,9.401772e-13,9.401772e-13,9.401772e-13,9.401772e-13,9.401772e-13,9.401772e-13,9.401772e-13,1.582e-10,1.204e-10,1.644e-10,7.112e-11,1.353e-10,2.368e-10,3.332e-10,2.140e-10,3.229e-09
-8.00,1.00,9.401772e-13,9.401772e-13,9.401772e-13,9.401772e-13,9.401772e-13,9.401772e-13,9.401772e-13,9.401772e-13,9.401772e-13,1.220e-09,1.223e-09,1.378e-09,1.220e-09,1.191e-09,1.278e-09,7.747e-10,1.160e-09,3.095e-09
-8.00,1.50,9.401772e-13,9.401772e-13,9.401772e-13,9.401772e-13,9.401772e-13,9.401772e-13,9.401772e-13,9.401772e-13,9.401772e-13,3.453e-10,6.646e-10,4.348e-10,1.328e-10,4.997e-10,5.840e-10,4.661e-10,6.073e-10,1.557e-09
-8.00,2.00,9.401772e-13,9.401772e-13,9.401772e-13,9.401772e-13,9.401772e-13,9.401772e-13,9.401772e-13,9.401772e-13,9.401772e-13,1.175e-09,1.151e-09,8.481e-10,9.585e-10,9.566e-10,8.753e-10,2.429e-10,5.946e-10,2.307e-09
-8.00,2.50,9.401772e-13,9.401772e-13,9.401772e-13,9.401772e-13,9.401772e-13,9.401772e-13,9.401772e-13,9.401772e-13,9.401772e-13,7.896e-10,8.601e-10,6.778e-10,4.265e-10,5.630e-10,2.655e-10,3.168e-10,6.421e-10,1.245e-09
-8.00,3.00,9.401772e-13,9.401772e-13,9.401772e-13,9.401772e-13,9.401772e-13,9.401772e-13,9.401772e-13,9.401772e-13,9.401772e-13,1.472e-10,6.779e-12,1.332e-10,9.478e-11,1.176e-10,1.574e-10,9.836e-11,2.153e-10,4.715e-09
-8.00,3.50,9.401772e-13,9.401772e-13,9.401772e-13,9.401772e-13,9.401772e-13,9.401772e-13,9.401772e-13,9.401772e-13,9.401772e-13,1.542e-09,1.248e-09,1.043e-09,6.858e-10,8.126e-10,7.817e-10,8.648e-10,1.248e-09,3.472e-09
-8.00,4.00,9.401772e-13,9.401772e-13,9.401772e-13,9.401772e-13,9.401772e-13,9.401772e-13,9.401772e-13,9.401772e-13,9.401772e-13,2.522e-10,5.758e-10,6.416e-10,1.671e-10,2.605e-10,2.024e-10,2.333e-10,6.326e-11,1.867e-09
-8.00,4.50,9.401772e-13,9.401772e-13,9.401772e-13,9.401772e-13,9.401772e-13,9.401772e-13,9.401772e-13,9.401772e-13,9.401772e-13,1.590e-10,7.784e-12,1.075e-11,9.895e-11,1.587e-10,8.520e-11,3.358e-10,3.025e-10,1.034e-09
-8.00,5.00,9.401772e-13,9.401772e-13,9.401772e-13,9.401772e-13,9.401772e-13,9.401772e-13,9.401772e-13,9.401772e-13,9.401772e-13,1.100e-09,1.296e-09,1.207e-09,8.101e-10,8.467e-10,8.920e-10,9.622e-10,4.730e-10,3.297e-09
-8.00,5.50,9.401772e-13,9.401772e-13,9.401772e-13,9.401772e-13,9.401772e-13,9.401772e-13,9.401772e-13,9.401772e-13,9.401772e-13,7.240e-10,4.376e-10,6.683e-10,8.180e-10,8.255e-10,6.554e-10,3.187e-10,4.966e-10,2.039e-09
-8.00,6.00,9.401772e-13,9.401772e-13,9.401772e-13,9.401772e-13,9.401772e-13,9.401772e-13,9.401772e-13,9.401772e-13,9.401772e-13,5.808e-10,5.659e-10,5.299e-10,4.709e-10,3.638e-10,3.574e-10,5.415e-10,5.306e-10,1.392e-09
-8.00,6.50,9.401772e-13,9.401772e-13,9.401772e-13,9.401772e-13,9.401772e-13,9.401772e-13,9.401772e-13,9.401772e-13,9.401772e-13,3.997e-10,1.970e-10,5.010e-10,4.681e-10,3.564e-10,7.127e-10,3.456e-10,2.487e-11,1.375e-09
-8.00,7.00,9.401772e-13,9.401772e-13,9.401772e-13,9.401772e-13,9.401772e-13,9.401772e-13,9.401772e-13,9.401772e-13,9.401772e-13,8.291e-10,7.473e-10,7.499e-10,7.524e-10,6.033e-10,7.242e-10,4.896e-10,5.569e-10,7.098e-10
-8.00,7.50,9.401772e-13,9.401772e-13,9.401772e-13,9.401772e-13,9.401772e-13,9.401772e-13,9.401772e-13,9.401772e-13,9.401772e-13,3.561e-10,3.990e-10,4.237e-10,4.766e-10,2.873e-10,3.215e-10,2.844e-10,6.133e-10,1.092e-09
-8.00,8.00,9.401772e-13,9.401772e-13,9.401772e-13,9.401772e-13,9.401772e-13,9.401772e-13,9.401772e-13,9.401772e-13,9.401772e-13,6.199e-10,6.671e-10,3.311e-10,4.445e-10,3.245e-10,4.002e-10,6.032e-10,3.391e-10,1.098e-09
-7.50,-8.00,9.401772e-13,9.401772e-13,9.401772e-13,9.401772e-13,9.401772e-13,9.401772e-13,9.401772e-13,9.401772e-13,9.401772e-13,5.456e-10,5.456e-10,5.663e-10,4.109e-10,6.134e-10,5.663e-10,1.133e-10,3.291e-10,2.552e-09
-7.50,-7.50,9.401772e-13,9.401772e-13,9.401772e-13,9.401772e-13,9.401772e-13,9.401772e-13,9.401772e-13,9.401772e-13,9.401772e-13,1.306e-09,1.306e-09,9.559e-10,1.422e-09,9.909e-10,9.559e-10,9.687e-10,1.290e-09,2.318e-09
-7.50,-7.00,9.401772e-13,9.401772e-13,9.401772e-13,9.401772e-13,9.401772e-13,9.401772e-13,9.401772e-13,9.401772e-13,9.401772e-13,4.835e-10,4.835e-10,6.954e-10,8.398e-10,6.847e-10,6.954e-10,6.758e-10,7.539e-10,1.786e-09
-7.50,-6.50,9.401772e-13,9.401772e-13,9.401772e-13,9.401772e-13,9.401772e-13,9.401772e-13,9.401772e-13,9.401772e-13,9.401772e-13,8.473e-10,8.473e-10,9.755e-10,1.494e-10,4.970e-10,9.755e-10,3.379e-10,2.951e-11,2.093e-09
-7.50,-6.00,9.401772e-13,9.401772e-13,9.401772e-13,9.401772e-13,9.401772e-13,9.401772e-13,9.401772e-13,9.401772e-13,9.401772e-13,1.287e-09,1.287e-09,1.025e-09,1.130e-09,1.275e-09,1.025e-09,1.479e-09,1.353e-09,2.196e-09
-7.50,-5.50,9.401772e-13,9.401772e-13,9.401772e-13,9.401772e-13,9.401772e-13,9.401772e-13,9.401772e-13,9.401772e-13,9.401772e-13,1.105e-09,1.105e-09,1.281e-09,4.925e-10,9.181e-10,1.281e-09,5.936e-10,5.298e-10,1.987e-09
-7.50,-5.00,9.401772e-13,9.401772e-13,9.401772e-13,9.401772e-13,9.401772e-13,9.401772e-13,9.401772e-13,9.401772e-13,9.401772e-13,4.796e-10,4.796e-10,2.626e-10,3.669e-10,6.947e-10,2.626e-10,2.604e-11,4.048e-10,2.129e-09
-7.50,-4.50,9.401772e-13,9.401772e-13,9.401772e-13,9.401772e-13,9.401772e-13,9.401772e-13,9.401772e-13,9.401772e-13,9.401772e-13,1.205e-09,1.205e-09,1.112e-09,7.032e-10,1.302e-09,1.112e-09,1.244e-09,1.893e-09,3.463e-09
-7.50,-4.00,9.401772e-13,9.401772e-13,9.401772e-13,9.401772e-13,9.401772e-13,9.401772e-13,9.401772e-13,9.401772e-13,9.401772e-13,1.316e-10,1.316e-10,4.322e-10,1.055e-09,8.640e-10,4.322e-10,5.625e-10,1.866e-11,3.414e-09
-7.50,-3.50,9.401772e-13,9.401772e-13,9.401772e-13,9.401772e-13,9.401772e-13,9.401772e-13,9.401772e-13,9.401772e-13,9.401772e-13,1.781e-09,1.658e-09,1.896e-09,1.661e-09,1.842e-09,2.031e-09,1.780e-09,2.369e-09,2.367e-09
-7.50,-3.00,9.401772e-13,9.401772e-13,9.401772e-13,9.401772e-13,9.401772e-13,9.401772e-13,9.401772e-13,9.401772e-13,9.401772e-13,1.189e-09,1.330e-09,1.624e-09,1.317e-09,1.266e-09,1.404e-09,1.577e-09,1.286e-09,2.121e-09
-7.50,-2.50,9.401772e-13,9.401772e-13,9.401772e-13,9.401772e-13,9.401772e-13,9.401772e-13,9.401772e-13,9.401772e-13,9.401772e-13,1.484e-09,1.464e-09,1.214e-09,1.420e-09,1.257e-09,1.300e-09,1.485e-09,1.501e-09,3.484e-09
-7.50,-2.00,9.401772e-13,9.401772e-13,9.401772e-13,9.401772e-13,9.401772e-13,9.401772e-13,9.401772e-13,9.401772e-13,9.401772e-13,1.864e-10,4.353e-10,3.122e-10,4.603e-11,4.125e-11,6.777e-11,7.440e-10,5.742e-11,1.862e-09
-7.50,-1.50,9.401772e-13,9.401772e-13,9.401772e-13,9.401772e-13,9.401772e-13,9.401772e-13,9.401772e-13,9.401772e-13,9.401772e-13,6.119e-10,9.495e-10,1.027e-09,6.622e-10,9.444e-10,7.454e-10,8.624e-10,6.832e-10,3.126e-09
-7.50,-1.00,9.401772e-13,9.401772e-13,9.401772e-13,9.401772e-13,9.401772e-13,9.401772e-13,9.401772e-13,9.401772e-13,9.401772e-13,3.736e-10,4.550e-10,5.711e-10,8.174e-10,3.306e-10,5.291e-10,4.996e-10,3.692e-10,2.222e-09
-7.50,-0.50,9.401772e-13,9.401772e-13,9.401772e-13,9.401772e-13,9.401772e-13,9.401772e-13,9.401772e-13,9.401772e-13,9.401772e-13,5.975e-10,1.084e-09,5.872e-10,2.339e-10,9.875e-10,8.164e-10,5.764e-10,4.931e-10,2.327e-09
-7.50,0.00,9.401772e-13,9.401772e-13,9.401772e-13,9.401772e-13,9.401772e-13,9.401772e-13,9.401772e-13,9.401772e-13,9.401772e-13,2.673e-09,2.349e-09,2.600e-09,2.437e-09,2.336e-09,2.453e-09,2.451e-09,2.346e-09,3.402e-09
-7.50,0.50,9.401772e-13,9.401772e-13,9.401772e-13,9.401772e-13,9.401772e-13,9.401772e-13,9.401772e-13,9.401772e-13,9.401772e-13,9.972e-10,1.008e-09,8.751e-10,1.053e-09,5.903e-10,8.211e-10,7.997e-10,1.241e-09,2.798e-09
-7.50,1.00,9.401772e-13,9.401772e-13,9.401772e-13,9.401772e-13,9.401772e-13,9.401772e-13,9.401772e-13,9.401772e-13,9.401772e-13,2.068e-09,2.007e-09,1.879e-09,1.940e-09,2.111e-09,2.331e-09,1.799e-09,1.684e-09,2.072e-09
-7.50,1.50,9.401772e-13,9.401772e-13,9.401772e-13,9.401772e-13,9.401772e-13,9.401772e-13,9.401772e-13,9.401772e-13,9.401772e-13,5.429e-10,2.965e-10,2.521e-11,4.880e-10,3.931e-10,3.667e-10,3.922e-10,2.724e-10,9.687e-10
-7.50,2.00,9.401772e-13,9.401772e-13,9.401772e-13,9.401772e-13,9.401772e-13,9.401772e-13,9.401772e-13,9.401772e-13,9.401772e-13,8.776e-10,8.978e-10,1.029e-09,9.296e-10,9.729e-10,1.212e-09,8.639e-10,9.437e-10,1.648e-09
-7.50,2.50,9.401772e-13,9.401772e-13,9.401772e-13,9.401772e-13,9.401772e-13,9.401772e-13,9.401772e-13,9.401772e-13,9.401772e-13,3.624e-10,1.976e-10,6.362e-10,4.798e-10,4.358e-10,7.015e-10,5.334e-10,4.861e-10,1.779e-09
-7.50,3.00,9.401772e-13,9.401772e-13,9.401772e-13,9.401772e-13,9.401772e-13,9.401772e-13,9.401772e-13,9.401772e-13,9.401772e-13,8.326e-10,8.042e-10,5.818e-10,6.772e-10,8.912e-10,6.948e-10,7.226e-10,7.178e-10,1.444e-09
-7.50,3.50,9.401772e-13,9.401772e-13,9.401772e-13,9.401772e-13,9.401772e-13,9.401772e-13,9.401772e-13,9.401772e-13,9.401772e-13,7.864e-10,9.799e-10,1.167e-09,1.283e-09,1.095e-09,8.505e-10,1.092e-09,1.072e-09,1.349e-09
-7.50,4.00,9.401772e-13,9.401772e-13,9.401772e-13,9.401772e-13,9.401772e-13,9.401772e-13,9.401772e-13,9.401772e-13,9.401772e-13,6.156e-10,1.899e-10,5.798e-11,2.229e-10,1.595e-10,1.866e-10,2.677e-10,3.438e-11,9.570e-10
-7.50,4.50,9.401772e-13,9.401772e-13,9.401772e-13,9.401772e-13,9.401772e-13,9.401772e-13,9.401772e-13,9.401772e-13,9.401772e-13,2.502e-11,3.297e-10,8.558e-11,3.195e-10,9.200e-11,1.036e-10,3.865e-10,3.476e-10,1.814e-09
-7.50,5.00,9.401772e-13,9.401772e-13,9.401772e-13,9.401772e-13,9.401772e-13,9.401772e-13,9.401772e-13,9.401772e-13,9.401772e-13,8.319e-11,2.389e-10,5.521e-10,8.273e-11,1.462e-10,2.813e-10,4.048e-11,2.321e-10,6.174e-10
-7.50,5.50,9.401772e-13,9.401772e-13,9.401772e-13,9.401772e-13,9.401772e-13,9.401772e-13,9.401772e-13,9.401772e-13,9.401772e-13,5.054e-10,4.738e-10,4.113e-10,5.453e-10,5.842e-10,4.490e-10,5.389e-10,4.616e-10,8.911e-10
-7.50,6.00,9.401772e-13,9.401772e-13,9.401772e-13,9.401772e-13,9.401772e-13,9.401772e-13,9.401772e-13,9.401772e-13,9.401772e-13,1.745e-10,9.279e-11,1.143e-10,1.649e-10,9.933e-11,1.923e-10,4.479e-10,2.664e-10,1.388e-09
-7.50,6.50,9.401772e-13,9.401772e-13,9.401772e-13,9.401772e-13,9.401772e-13,9.401772e-13,9.401772e-13,9.401772e-13,9.401772e-13,3.705e-10,4.867e-10,5.995e-10,2.618e-10,2.600e-10,4.943e-10,4.251e-10,3.532e-10,7.685e-10
-7.50,7.00,9.401772e-13,9.401772e-13,9.401772e-13,9.401772e-13,9.401772e-13,9.401772e-13,9.401772e-13,9.401772e-13,9.401772e-13,4.373e-10,2.323e-10,3.276e-10,5.588e-10,4.799e-10,2.943e-10,3.814e-10,1.401e-11,9.694e-10
-7.50,7.50,9.401772e-13,9.401772e-13,9.401772e-13,9.401772e-13,9.401772e-13,9.401772e-13,9.401772e-13,9.401772e-13,9.401772e-13,1.609e-11,3.559e-12,6.422e-12,1.905e-11,4.475e-11,9.922e-11,2.139e-10,3.081e-10,6.555e-10
-7.50,8.00,9.401772e-13,9.401772e-13,9.401772e-13,9.401772e-13,9.401772e-13,9.401772e-13,9.401772e-13,9.401772e-13,9.401772e-13,4.728e-10,3.434e-10,2.472e-10,7.283e-10,6.920e-10,3.529e-10,5.428e-10,1.790e-10,1.159e-09
-7.00,-8.00,9.401772e-13,9.401772e-13,9.401772e-13,9.401772e-13,9.401772e-13,9.401772e-13,9.401772e-13,9.401772e-13,9.401772e-13,1.240e-09,1.240e-09,1.228e-09,1.687e-09,1.475e-09,1.228e-09,1.680e-09,2.252e-09,2.841e-09
-7.00,-7.50,9.401772e-13,9.401772e-13,9.401772e-13,9.401772e-13,9.401772e-13,9.401772e-13,9.401772e-13,9.401772e-13,9.401772e-13,8.462e-10,8.462e-10,1.715e-09,1.320e-09,1.363e-09,1.715e-09,1.079e-09,1.152e-09,1.552e-09
-7.00,-7.00,9.401772e-13,9.401772e-13,9.401772e-13,9.401772e-13,9.401772e-13,9.401772e-13,9.401772e-13,9.401772e-13,9.401772e-13,1.057e-09,1.057e-09,5.517e-10,8.913e-10,1.159e-09,5.517e-10,5.774e-10,7.976e-10,2.907e-09
-7.00,-6.50,9.401772e-13,9.401772e-13,9.401772e-13,9.401772e-13,9.401772e-13,9.401772e-13,9.401772e-13,9.401772e-13,9.401772e-13,8.648e-10,8.648e-10,1.650e-09,1.191e-09,8.659e-10,1.650e-09,4.175e-10,1.072e-09,2.638e-09
-7.00,-6.00,9.401772e-13,9.401772e-13,9.401772e-13,9.401772e-13,9.401772e-13,9.401772e-13,9.401772e-13,9.401772e-13,9.401772e-13,2.000e-10,2.000e-10,5.413e-10,5.183e-10,4.514e-10,5.413e-10,4.707e-10,4.543e-10,1.641e-09
-7.00,-5.50,9.401772e-13,9.401772e-13,9.401772e-13,9.401772e-13,9.401772e-13,9.401772e-13,9.401772e-13,9.401772e-13,9.401772e-13,1.593e-09,1.593e-09,1.613e-09,1.612e-09,1.371e-09,1.613e-09,9.129e-10,1.050e-09,2.169e-09
-7.00,-5.00,9.401772e-13,9.401772e-13,9.401772e-13,9.401772e-13,9.401772e-13,9.401772e-13,9.401772e-13,9.401772e-13,9.401772e-13,1.973e-09,1.973e-09,1.217e-09,1.358e-09,1.260e-09,1.217e-09,1.181e-09,8.933e-10,2.088e-09
-7.00,-4.50,9.401772e-13,9.401772e-13,9.401772e-13,9.401772e-13,9.401772e-13,9.401772e-13,9.401772e-13,9.401772e-13,9.401772e-13,1.332e-09,1.332e-09,1.731e-09,1.529e-09,1.433e-09,1.731e-09,1.757e-09,1.165e-09,1.460e-09
-7.00,-4.00,9.401772e-13,9.401772e-13,9.401772e-13,9.401772e-13,9.401772e-13,9.401772e-13,9.401772e-13,9.401772e-13,9.401772e-13,2.564e-10,2.564e-10,3.740e-10,7.853e-10,7.959e-10,3.740e-10,7.420e-10,1.103e-09,1.414e-09
-7.00,-3.50,9.401772e-13,9.401772e-13,9.401772e-13,9.401772e-13,9.401772e-13,9.401772e-13,9.401772e-13,9.401772e-13,9.401772e-13,4.177e-10,4.177e-10,9.792e-10,3.242e-10,5.601e-10,9.792e-10,5.801e-10,3.366e-10,1.862e-09
-7.00,-3.00,9.401772e-13,9.401772e-13,9.401772e-13,9.401772e-13,9.401772e-13,9.401772e-13,9.401772e-13,9.401772e-13,9.401772e-13,1.041e-09,1.069e-09,7.774e-10,9.794e-10,7.541e-10,1.151e-09,7.612e-10,2.201e-10,2.870e-09
-7.00,-2.50,9.401772e-13,9.401772e-13,9.401772e-13,9.401772e-13,9.401772e-13,9.401772e-13,9.401772e-13,9.401772e-13,9.401772e-13,4.244e-10,1.904e-10,9.491e-10,2.630e-12,1.252e-10,7.182e-10,7.115e-10,3.141e-10,2.772e-09
-7.00,-2.00,9.401772e-13,9.401772e-13,9.401772e-13,9.401772e-13,9.401772e-13,9.401772e-13,9.401772e-13,9.401772e-13,9.401772e-13,3.986e-10,2.350e-10,5.299e-10,6.125e-10,7.804e-11,2.200e-10,4.807e-10,2.988e-10,2.298e-09
-7.00,-1.50,9.401772e-13,9.401772e-13,9.401772e-13,9.401772e-13,9.401772e-13,9.401772e-13,9.401772e-13,9.401772e-13,9.401772e-13,1.499e-09,9.810e-10,1.614e-09,1.392e-09,1.322e-09,1.153e-09,1.478e-09,8.521e-10,1.551e-09
-7.00,-1.00,9.401772e-13,9.401772e-13,9.401772e-13,9.401772e-13,9.401772e-13,9.401772e-13,9.401772e-13,9.401772e-13,9.401772e-13,1.980e-09,2.096e-09,1.969e-09,1.791e-09,1.954e-09,2.140e-09,1.589e-09,1.522e-09,1.768e-09
-7.00,-0.50,9.401772e-13,9.401772e-13,9.401772e-13,9.401772e-13,9.401772e-13,9.401772e-13,9.401772e-13,9.401772e-13,9.401772e-13,2.102e-10,5.825e-11,1.817e-12,2.664e-10,3.703e-10,2.818e-10,5.548e-10,6.083e-10,2.064e-09
-7.00,0.00,9.401772e-13,9.401772e-13,9.401772e-13,9.401772e-13,9.401772e-13,9.401772e-13,9.401772e-13,9.401772e-13,9.401772e-13,5.541e-10,2.990e-11,1.732e-10,4.033e-10,1.284e-10,1.337e-10,3.923e-11,1.039e-10,2.280e-09
-7.00,0.50,9.401772e-13,9.401772e-13,9.401772e-13,9.401772e-13,9.401772e-13,9.401772e-13,9.401772e-13,9.401772e-13,9.401772e-13,7.200e-10,5.395e-10,1.008e-09,9.612e-10,1.120e-09,1.006e-09,7.556e-10,5.547e-10,3.068e-09
-7.00,1.00,9.401772e-13,9.401772e-13,9.401772e-13,9.401772e-13,9.401772e-13,9.401772e-13,9.401772e-13,9.401772e-13,9.401772e-13,1.137e-09,2.741e-10,1.019e-09,9.556e-10,8.314e-10,7.836e-10,8.178e-10,9.927e-10,2.307e-09
-7.00,1.50,9.401772e-13,9.401772e-13,9.401772e-13,9.401772e-13,9.401772e-13,9.401772e-13,9.401772e-13,9.401772e-13,9.401772e-13,8.533e-10,9.496e-10,6.988e-10,7.389e-10,1.539e-09,1.312e-09,1.056e-09,4.747e-10,7.833e-10
-7.00,2.00,9.401772e-13,9.401772e-13,9.401772e-13,9.401772e-13,9.401772e-13,9.401772e-13,9.401772e-13,9.401772e-13,9.401772e-13,7.837e-10,5.714e-10,9.398e-10,7.175e-10,1.035e-09,1.025e-09,8.030e-10,9.298e-10,1.262e-09
-7.00,2.50,9.401772e-13,9.401772e-13,9.401772e-13,9.401772e-13,9.401772e-13,9.401772e-13,9.401772e-13,9.401772e-13,9.401772e-13,1.023e-09,9.478e-10,7.940e-10,6.069e-10,1.276e-09,1.291e-09,1.026e-09,8.185e-10,1.837e-09
-7.00,3.00,9.401772e-13,9.401772e-13,9.401772e-13,9.401772e-13,9.401772e-13,9.401772e-13,9.401772e-13,9.401772e-13,9.401772e-13,5.917e-10,4.625e-10,5.077e-10,3.265e-10,2.955e-10,4.276e-10,4.796e-10,4.952e-10,1.840e-09
-7.00,3.50,9.401772e-13,9.401772e-13,9.401772e-13,9.401772e-13,9.401772e-13,9.401772e-13,9.401772e-13,9.401772e-13,9.401772e-13,9.840e-10,9.576e-10,8.474e-10,6.320e-10,8.784e-10,9.430e-10,9.198e-10,9.871e-10,1.482e-09
-7.00,4.00,9.401772e-13,9.401772e-13,9.401772e-13,9.401772e-13,9.401772e-13,9.401772e-13,9.401772e-13,9.401772e-13,9.401772e-13,8.244e-11,2.925e-10,4.052e-10,1.127e-10,3.114e-10,3.913e-10,1.836e-10,1.906e-10,1.138e-09
-7.00,4.50,9.401772e-13,9.401772e-13,9.401772e-13,9.401772e-13,9.401772e-13,9.401772e-13,9.401772e-13,9.401772e-13,9.401772e-13,6.277e-10,6.451e-10,5.304e-10,4.208e-10,5.234e-10,5.286e-10,6.228e-10,5.707e-10,1.318e-09
-7.00,5.00,9.401772e-13,9.401772e-13,9.401772e-13,9.401772e-13,9.401772e-13,9.401772e-13,9.401772e-13,9.401772e-13,9.401772e-13,3.462e-10,4.930e-10,4.978e-10,4.615e-10,5.091e-10,4.628e-10,2.587e-10,2.618e-10,1.444e-09
-7.00,5.50,9.401772e-13,9.401772e-13,9.401772e-13,9.401772e-13,9.401772e-13,9.401772e-13,9.401772e-13,9.401772e-13,9.401772e-13,3.759e-10,2.455e-10,4.340e-10,2.286e-10,6.003e-11,1.678e-10,3.368e-10,2.650e-10,1.262e-09
-7.00,6.00,9.401772e-13,9.401772e-13,9.401772e-13,9.401772e-13,9.401772e-13,9.401772e-13,9.401772e-13,9.401772e-13,9.401772e-13,2.229e-10,3.202e-10,4.776e-10,3.138e-10,4.589e-10,4.079e-10,2.810e-10,4.818e-10,1.052e-09
-7.00,6.50,9.401772e-13,9.401772e-13,9.401772e-13,9.401772e-13,9.401772e-13,9.401772e-13,9.401772e-13,9.401772e-13,9.401772e-13,2.099e-10,1.901e-11,8.553e-11,1.725e-11,2.963e-10,3.082e-10,1.097e-10,3.122e-10,1.499e-09
-7.00,7.00,9.401772e-13,9.401772e-13,9.401772e-13,9.401772e-13,9.401772e-13,9.401772e-13,9.401772e-13,9.401772e-13,9.401772e-13,6.459e-11,1.864e-11,1.596e-10,6.838e-11,6.695e-11,8.288e-11,1.098e-10,8.353e-11,1.040e-09
-7.00,7.50,9.401772e-13,9.401772e-13,9.401772e-13,9.401772e-13,9.401772e-13,9.401772e-13,9.401772e-13,9.401772e-13,9.401772e-13,1.560e-10,3.814e-11,2.044e-10,3.003e-10,2.686e-10,2.626e-10,5.289e-12,1.805e-10,6.759e-10
-7.00,8.00,9.401772e-13,9.401772e-13,9.401772e-13,9.401772e-13,9.401772e-13,9.401772e-13,9.401772e-13,9.401772e-13,9.401772e-13,2.151e-10,2.912e-10,1.132e-10,7.900e-12,1.103e-10,3.301e-10,5.789e-11,2.610e-10,9.146e-10
-6.50,-8.00,9.401772e-13,9.401772e-13,9.401772e-13,9.401772e-13,9.401772e-13,9.401772e-13,9.401772e-13,9.401772e-13,9.401772e-13,4.066e-10,4.066e-10,8.672e-10,5.894e-10,6.134e-10,8.672e-10,2.929e-10,6.728e-10,2.041e-09
-6.50,-7.50,9.401772e-13,9.401772e-13,9.401772e-13,9.401772e-13,9.401772e-13,9.401772e-13,9.401772e-13,9.401772e-13,9.401772e-13,2.255e-09,2.255e-09,1.997e-09,2.130e-09,1.964e-09,1.997e-09,2.400e-09,2.117e-09,2.412e-09
-6.50,-7.00,9.401772e-13,9.401772e-13,9.401772e-13,9.401772e-13,9.401772e-13,9.401772e-13,9.401772e-13,9.401772e-13,9.401772e-13,7.795e-10,7.795e-10,6.207e-10,1.391e-09,6.661e-10,6.207e-10,9.755e-10,5.788e-10,1.407e-09
-6.50,-6.50,9.401772e-13,9.401772e-13,9.401772e-13,9.401772e-13,9.401772e-13,9.401772e-13,9.401772e-13,9.401772e-13,9.401772e-13,7.961e-11,7.961e-11,8.520e-11,2.319e-10,8.943e-11,8.520e-11,3.918e-10,4.928e-10,2.277e-09
-6.50,-6.00,9.401772e-13,9.401772e-13,9.401772e-13,9.401772e-13,9.401772e-13,9.401772e-13,9.401772e-13,9.401772e-13,9.401772e-13,4.459e-10,4.459e-10,8.287e-11,8.378e-10,3.808e-10,8.287e-11,4.353e-10,2.990e-10,2.940e-09
-6.50,-5.50,9.401772e-13,9.401772e-13,9.401772e-13,9.401772e-13,9.401772e-13,9.401772e-13,9.401772e-13,9.401772e-13,9.401772e-13,1.279e-09,1.279e-09,1.024e-09,6.893e-10,1.138e-09,1.024e-09,9.393e-10,1.390e-09,2.942e-09
-6.50,-5.00,9.401772e-13,9.401772e-13,9.401772e-13,9.401772e-13,9.401772e-13,9.401772e-13,9.401772e-13,9.401772e-13,9.401772e-13,5.556e-10,5.556e-10,5.672e-10,3.986e-10,5.341e-10,5.672e-10,5.780e-10,4.378e-10,2.496e-09
-6.50,-4.50,9.401772e-13,9.401772e-13,9.401772e-13,9.401772e-13,9.401772e-13,9.401772e-13,9.401772e-13,9.401772e-13,9.401772e-13,4.068e-10,4.068e-10,4.199e-10,2.976e-10,3.693e-11,4.199e-10,2.309e-10,1.103e-09,1.956e-09
-6.50,-4.00,9.401772e-13,9.401772e-13,9.401772e-13,9.401772e-13,9.401772e-13,9.401772e-13,9.401772e-13,9.401772e-13,9.401772e-13,9.130e-11,9.130e-11,2.598e-10,5.103e-10,1.011e-10,2.598e-10,4.842e-10,5.998e-10,2.119e-09
-6.50,-3.50,9.401772e-13,9.401772e-13,9.401772e-13,9.401772e-13,9.401772e-13,9.401772e-13,9.401772e-13,9.401772e-13,9.401772e-13,4.774e-10,4.774e-10,3.524e-10,3.519e-11,5.491e-10,3.524e-10,3.393e-10,9.100e-10,2.573e-09
-6.50,-3.00,9.401772e-13,9.401772e-13,9.401772e-13,9.401772e-13,9.401772e-13,9.401772e-13,9.401772e-13,9.401772e-13,9.401772e-13,2.083e-09,1.660e-09,1.444e-09,1.900e-09,1.631e-09,1.395e-09,1.873e-09,1.388e-09,2.703e-09
-6.50,-2.50,9.401772e-13,9.401772e-13,9.401772e-13,9.401772e-13,9.401772e-13,9.401772e-13,9.401772e-13,9.401772e-13,9.401772e-13,5.382e-10,3.550e-10,3.108e-10,6.291e-10,2.042e-10,2.661e-10,3.903e-10,3.175e-10,1.446e-09
-6.50,-2.00,9.401772e-13,9.401772e-13,9.401772e-13,9.401772e-13,9.401772e-13,9.401772e-13,9.401772e-13,9.401772e-13,9.401772e-13,1.410e-09,5.233e-10,9.645e-10,7.910e-10,4.904e-10,5.209e-10,7.703e-10,1.164e-09,2.348e-09
-6.50,-1.50,9.401772e-13,9.401772e-13,9.401772e-13,9.401772e-13,9.401772e-13,9.401772e-13,9.401772e-13,9.401772e-13,9.401772e-13,5.799e-10,3.381e-10,5.841e-10,5.626e-10,8.281e-10,5.867e-10,6.331e-10,4.537e-10,1.492e-09
-6.50,-1.00,9.401772e-13,9.401772e-13,9.401772e-13,9.401772e-13,9.401772e-13,9.401772e-13,9.401772e-13,9.401772e-13,9.401772e-13,4.776e-10,3.976e-10,3.764e-10,5.321e-11,7.001e-10,6.199e-10,3.554e-10,6.330e-10,3.604e-09
-6.50,-0.50,9.401772e-13,9.401772e-13,9.401772e-13,9.401772e-13,9.401772e-13,9.401772e-13,9.401772e-13,9.401772e-13,9.401772e-13,4.042e-10,8.064e-11,8.432e-11,3.741e-11,6.401e-10,2.198e-10,1.745e-10,4.502e-10,1.871e-09
-6.50,0.00,9.401772e-13,9.401772e-13,9.401772e-13,9.401772e-13,9.401772e-13,9.401772e-13,9.401772e-13,9.401772e-13,9.401772e-13,5.863e-10,2.417e-10,5.548e-10,2.172e-10,4.162e-10,3.418e-10,2.042e-10,3.467e-11,2.150e-09
-6.50,0.50,9.401772e-13,9.401772e-13,9.401772e-13,9.401772e-13,9.401772e-13,9.401772e-13,9.401772e-13,9.401772e-13,9.401772e-13,6.072e-10,3.931e-10,5.514e-10,3.558e-10,1.191e-09,7.856e-10,6.240e-10,6.208e-10,1.600e-09
-6.50,1.00,9.401772e-13,9.401772e-13,9.401772e-13,9.401772e-13,9.401772e-13,9.401772e-13,9.401772e-13,9.401772e-13,9.401772e-13,7.271e-10,8.706e-11,5.952e-10,1.406e-10,2.760e-10,2.056e-10,2.870e-13,1.845e-10,1.093e-09
-6.50,1.50,9.401772e-13,9.401772e-13,9.401772e-13,9.401772e-13,9.401772e-13,9.401772e-13,9.401772e-13,9.401772e-13,9.401772e-13,6.197e-10,7.554e-10,4.769e-10,8.682e-10,9.041e-10,6.786e-10,6.725e-10,2.786e-10,1.078e-09
-6.50,2.00,9.401772e-13,9.401772e-13,9.401772e-13,9.401772e-13,9.401772e-13,9.401772e-13,9.401772e-13,9.401772e-13,9.401772e-13,6.671e-11,3.911e-10,4.473e-10,6.887e-10,2.574e-10,8.242e-10,5.132e-10,3.317e-10,1.248e-09
-6.50,2.50,9.401772e-13,9.401772e-13,9.401772e-13,9.401772e-13,9.401772e-13,9.401772e-13,9.401772e-13,9.401772e-13,9.401772e-13,5.189e-10,4.618e-10,6.606e-10,4.061e-10,2.425e-10,4.802e-10,3.412e-10,3.820e-10,8.292e-10
-6.50,3.00,9.401772e-13,9.401772e-13,9.401772e-13,9.401772e-13,9.401772e-13,9.401772e-13,9.401772e-13,9.401772e-13,9.401772e-13,1.051e-09,1.117e-09,7.811e-10,1.117e-09,8.458e-10,9.532e-10,9.326e-10,8.365e-10,1.287e-09
-6.50,3.50,9.401772e-13,9.401772e-13,9.401772e-13,9.401772e-13,9.401772e-13,9.401772e-13,9.401772e-13,9.401772e-13,9.401772e-13,4.940e-10,5.163e-10,6.540e-10,5.359e-10,4.969e-10,6.631e-10,7.360e-10,5.358e-10,1.332e-09
-6.50,4.00,9.401772e-13,9.401772e-13,9.401772e-13,9.401772e-13,9.401772e-13,9.401772e-13,9.401772e-13,9.401772e-13,9.401772e-13,6.196e-10,6.267e-10,2.334e-10,3.404e-10,3.269e-10,4.440e-10,2.931e-10,1.862e-10,1.270e-09
-6.50,4.50,9.401772e-13,9.401772e-13,9.401772e-13,9.401772e-13,9.401772e-13,9.401772e-13,9.401772e-13,9.401772e-13,9.401772e-13,5.371e-10,4.269e-10,5.154e-10,4.948e-10,8.268e-10,4.623e-10,5.506e-10,5.688e-10,1.753e-09
-6.50,5.00,9.401772e-13,9.401772e-13,9.401772e-13,9.401772e-13,9.401772e-13,9.401772e-13,9.401772e-13,9.401772e-13,9.401772e-13,2.249e-10,1.108e-10,3.604e-10,3.379e-10,2.584e-10,3.476e-10,2.226e-10,4.969e-10,1.827e-09
-6.50,5.50,9.401772e-13,9.401772e-13,9.401772e-13,9.401772e-13,9.401772e-13,9.401772e-13,9.401772e-13,9.401772e-13,9.401772e-13,4.685e-10,4.409e-10,1.617e-10,4.585e-11,4.814e-10,1.845e-10,1.583e-10,1.625e-10,1.469e-09
-6.50,6.00,9.401772e-13,9.401772e-13,9.401772e-13,9.401772e-13,9.401772e-13,9.401772e-13,9.401772e-13,9.401772e-13,9.401772e-13,8.795e-10,7.937e-10,7.657e-10,1.048e-09,8.042e-10,7.585e-10,9.145e-10,7.172e-10,1.120e-09
-6.50,6.50,9.401772e-13,9.401772e-13,9.401772e-13,9.401772e-13,9.401772e-13,9.401772e-13,9.401772e-13,9.401772e-13,9.401772e-13,3.361e-10,2.644e-10,9.704e-11,1.444e-11,6.921e-11,5.907e-11,1.824e-10,4.465e-10,9.899e-10
-6.50,7.00,9.401772e-13,9.401772e-13,9.401772e-13,9.401772e-13,9.401772e-13,9.401772e-13,9.401772e-13,9.401772e-13,9.401772e-13,1.493e-12,6.181e-11,2.538e-11,1.471e-10,3.819e-10,1.619e-11,2.486e-11,2.764e-10,1.552e-09
-6.50,7.50,9.401772e-13,9.401772e-13,9.401772e-13,9.401772e-13,9.401772e-13,9.401772e-13,9.401772e-13,9.401772e-13,9.401772e-13,4.889e-11,1.758e-10,2.908e-10,7.333e-11,1.148e-10,2.382e-10,2.591e-11,4.020e-11,8.571e-10
-6.50,8.00,9.401772e-13,9.401772e-13,9.401772e-13,9.401772e-13,9.401772e-13,9.401772e-13,9.401772e-13,9.401772e-13,9.401772e-13,1.061e-10,2.902e-10,3.184e-10,1.851e-10,4.696e-11,7.894e-11,4.279e-10,7.509e-11,1.079e-09
-6.00,-8.00,9.401772e-13,9.401772e-13,9.401772e-13,9.401772e-13,9.401772e-13,9.401772e-13,9.401772e-13,9.401772e-13,9.401772e-13,1.404e-09,1.404e-09,1.343e-09,1.242e-09,1.422e-09,1.343e-09,1.276e-09,1.129e-09,1.754e-09
-6.00,-7.50,9.401772e-13,9.401772e-13,9.401772e-13,9.401772e-13,9.401772e-13,9.401772e-13,9.401772e-13,9.401772e-13,9.401772e-13,1.904e-11,1.904e-11,1.129e-10,3.218e-10,1.222e-10,1.129e-10,5.516e-12,2.111e-10,2.519e-09
-6.00,-7.00,9.401772e-13,9.401772e-13,9.401772e-13,9.401772e-13,9.401772e-13,9.401772e-13,9.401772e-13,9.401772e-13,9.401772e-13,6.115e-10,6.115e-10,7.101e-10,1.043e-09,6.969e-10,7.101e-10,1.054e-09,2.017e-09,2.866e-09
-6.00,-6.50,9.401772e-13,9.401772e-13,9.401772e-13,9.401772e-13,9.401772e-13,9.401772e-13,9.401772e-13,9.401772e-13,9.401772e-13,3.592e-11,3.592e-11,1.204e-10,1.342e-10,2.989e-10,1.204e-10,2.042e-10,6.944e-11,3.287e-09
-6.00,-6.00,9.401772e-13,9.401772e-13,9.401772e-13,9.401772e-13,9.401772e-13,9.401772e-13,9.401772e-13,9.401772e-13,9.401772e-13,1.309e-10,1.309e-10,6.970e-10,4.300e-10,2.211e-10,6.970e-10,4.941e-10,8.119e-10,1.838e-09
-6.00,-5.50,9.401772e-13,9.401772e-13,9.401772e-13,9.401772e-13,9.401772e-13,9.401772e-13,9.401772e-13,9.401772e-13,9.401772e-13,9.832e-10,9.832e-10,7.381e-10,9.486e-10,7.370e-10,7.381e-10,8.840e-10,7.412e-10,2.447e-09
-6.00,-5.00,9.401772e-13,9.401772e-13,9.401772e-13,9.401772e-13,9.401772e-13,9.401772e-13,9.401772e-13,9.401772e-13,9.401772e-13,2.011e-10,2.011e-10,1.644e-10,3.274e-10,1.583e-10,1.644e-10,5.881e-10,4.244e-10,3.015e-09
-6.00,-4.50,9.401772e-13,9.401772e-13,9.401772e-13,9.401772e-13,9.401772e-13,9.401772e-13,9.401772e-13,9.401772e-13,9.401772e-13,2.425e-10,2.425e-10,3.167e-10,6.923e-10,1.412e-10,3.167e-10,7.901e-11,6.895e-10,2.139e-09
-6.00,-4.00,9.401772e-13,9.401772e-13,9.401772e-13,9.401772e-13,9.401772e-13,9.401772e-13,9.401772e-13,9.401772e-13,9.401772e-13,5.539e-10,5.539e-10,2.226e-11,4.965e-10,5.523e-10,2.226e-11,2.109e-10,2.232e-10,7.955e-10
-6.00,-3.50,9.401772e-13,9.401772e-13,9.401772e-13,9.401772e-13,9.401772e-13,9.401772e-13,9.401772e-13,9.401772e-13,9.401772e-13,8.275e-10,8.275e-10,1.040e-09,9.581e-10,8.063e-10,1.040e-09,5.262e-10,1.123e-09,2.556e-09
-6.00,-3.00,9.401772e-13,9.401772e-13,9.401772e-13,9.401772e-13,9.401772e-13,9.401772e-13,9.401772e-13,9.401772e-13,9.401772e-13,2.559e-10,1.911e-10,9.590e-11,4.089e-10,2.730e-10,1.597e-10,4.071e-11,9.793e-12,2.406e-09
-6.00,-2.50,9.401772e-13,9.401772e-13,9.401772e-13,9.401772e-13,9.401772e-13,9.401772e-13,9.401772e-13,9.401772e-13,9.401772e-13,3.619e-10,4.153e-10,1.312e-10,4.372e-11,5.179e-10,8.902e-11,5.542e-10,3.417e-10,2.994e-09
-6.00,-2.00,9.401772e-13,9.401772e-13,9.401772e-13,9.401772e-13,9.401772e-13,9.401772e-13,9.401772e-13,9.401772e-13,9.401772e-13,1.376e-10,1.201e-11,1.757e-10,1.191e-10,1.215e-10,7.371e-11,1.097e-10,2.845e-11,3.423e-09
-6.00,-1.50,9.401772e-13,9.401772e-13,9.401772e-13,9.401772e-13,9.401772e-13,9.401772e-13,9.401772e-13,9.401772e-13,9.401772e-13,1.222e-09,1.515e-09,1.386e-09,1.059e-09,7.385e-10,1.173e-09,1.416e-09,1.332e-09,2.100e-09
-6.00,-1.00,9.401772e-13,9.401772e-13,9.401772e-13,9.401772e-13,9.401772e-13,9.401772e-13,9.401772e-13,9.401772e-13,9.401772e-13,6.276e-10,9.797e-10,7.716e-10,8.228e-10,1.018e-09,5.287e-10,8.887e-10,1.190e-09,2.166e-09
-6.00,-0.50,9.401772e-13,9.401772e-13,9.401772e-13,9.401772e-13,9.401772e-13,9.401772e-13,9.401772e-13,9.401772e-13,9.401772e-13,4.848e-10,3.439e-10,1.607e-10,1.705e-10,1.988e-10,1.818e-10,2.477e-10,3.658e-10,1.849e-09
-6.00,0.00,9.401772e-13,9.401772e-13,9.401772e-13,9.401772e-13,9.401772e-13,9.401772e-13,9.401772e-13,9.401772e-13,9.401772e-13,5.332e-11,8.138e-11,1.429e-10,2.816e-10,9.101e-11,8.739e-11,1.084e-10,2.576e-11,2.027e-09
-6.00,0.50,9.401772e-13,9.401772e-13,9.401772e-13,9.401772e-13,9.401772e-13,9.401772e-13,9.401772e-13,9.401772e-13,9.401772e-13,3.122e-10,5.147e-10,1.085e-10,4.695e-10,2.648e-10,1.174e-10,1.319e-10,5.012e-11,1.915e-09
-6.00,1.00,9.401772e-13,9.401772e-13,9.401772e-13,9.401772e-13,9.401772e-13,9.401772e-13,9.401772e-13,9.401772e-13,9.401772e-13,1.569e-10,1.756e-11,2.204e-10,9.523e-11,6.128e-11,4.692e-11,2.228e-10,1.608e-10,1.629e-09
-6.00,1.50,9.401772e-13,9.401772e-13,9.401772e-13,9.401772e-13,9.401772e-13,9.401772e-13,9.401772e-13,9.401772e-13,9.401772e-13,9.226e-12,1.342e-10,7.292e-11,5.368e-11,3.098e-10,2.154e-11,2.539e-10,5.035e-10,1.919e-09
-6.00,2.00,9.401772e-13,9.401772e-13,9.401772e-13,9.401772e-13,9.401772e-13,9.401772e-13,9.401772e-13,9.401772e-13,9.401772e-13,2.516e-10,2.693e-11,1.328e-11,1.976e-10,2.658e-10,1.648e-11,2.260e-10,3.502e-10,1.308e-09
-6.00,2.50,9.401772e-13,9.401772e-13,9.401772e-13,9.401772e-13,9.401772e-13,9.401772e-13,9.401772e-13,9.401772e-13,9.401772e-13,2.021e-10,1.642e-10,1.895e-10,2.154e-10,1.146e-11,2.533e-10,1.586e-10,1.271e-10,1.787e-09
-6.00,3.00,9.401772e-13,9.401772e-13,9.401772e-13,9.401772e-13,9.401772e-13,9.401772e-13,9.401772e-13,9.401772e-13,9.401772e-13,3.860e-10,3.450e-10,1.686e-10,7.912e-11,3.238e-10,3.942e-10,4.518e-11,3.007e-10,1.184e-09
-6.00,3.50,9.401772e-13,9.401772e-13,9.401772e-13,9.401772e-13,9.401772e-13,9.401772e-13,9.401772e-13,9.401772e-13,9.401772e-13,1.577e-10,1.179e-10,4.092e-10,3.877e-10,6.171e-11,3.698e-10,2.813e-10,2.926e-11,1.838e-09
-6.00,4.00,9.401772e-13,9.401772e-13,9.401772e-13,9.401772e-13,9.401772e-13,9.401772e-13,9.401772e-13,9.401772e-13,9.401772e-13,2.265e-10,2.911e-10,1.753e-11,1.787e-10,7.065e-11,2.508e-10,8.857e-11,3.436e-10,1.030e-09
-6.00,4.50,9.401772e-13,9.401772e-13,9.401772e-13,9.401772e-13,9.401772e-13,9.401772e-13,9.401772e-13,9.401772e-13,9.401772e-13,1.353e-10,2.555e-11,2.120e-10,8.492e-11,1.277e-10,2.344e-10,2.753e-10,9.138e-11,9.293e-10
-6.00,5.00,9.401772e-13,9.401772e-13,9.401772e-13,9.401772e-13,9.401772e-13,9.401772e-13,9.401772e-13,9.401772e-13,9.401772e-13,4.636e-11,1.082e-10,1.978e-10,2.766e-11,3.551e-11,6.597e-11,6.248e-11,2.883e-10,1.703e-09
-6.00,5.50,9.401772e-13,9.401772e-13,9.401772e-13,9.401772e-13,9.401772e-13,9.401772e-13,9.401772e-13,9.401772e-13,9.401772e-13,4.445e-10,6.305e-10,2.455e-10,5.119e-10,3.917e-10,2.485e-10,2.488e-10,4.223e-10,1.325e-09
-6.00,6.00,9.401772e-13,9.401772e-13,9.401772e-13,9.401772e-13,9.401772e-13,9.401772e-13,9.401772e-13,9.401772e-13,9.401772e-13,2.523e-10,2.388e-10,1.359e-10,3.194e-10,3.643e-10,2.122e-10,2.476e-10,4.458e-10,9.275e-10
-6.00,6.50,9.401772e-13,9.401772e-13,9.401772e-13,9.401772e-13,9.401772e-13,9.401772e-13,9.401772e-13,9.401772e-13,9.401772e-13,1.797e-10,1.226e-11,9.840e-11,7.162e-11,1.072e-10,3.622e-12,5.273e-11,8.575e-11,9.709e-10
-6.00,7.00,9.401772e-13,9.401772e-13,9.401772e-13,9.401772e-13,9.401772e-13,9.401772e-13,9.401772e-13,9.401772e-13,9.401772e-13,4.800e-10,4.091e-10,3.221e-10,6.295e-10,4.689e-10,3.547e-10,3.187e-10,6.240e-10,1.295e-09
-6.00,7.50,9.401772e-13,9.401772e-13,9.401772e-13,9.401772e-13,9.401772e-13,9.401772e-13,9.401772e-13,9.401772e-13,9.401772e-13,8.430e-11,2.545e-11,7.568e-11,9.465e-11,1.927e-11,2.588e-11,3.203e-11,1.328e-10,7.225e-10
-6.00,8.00,9.401772e-13,9.401772e-13,9.401772e-13,9.401772e-13,9.401772e-13,9.401772e-13,9.401772e-13,9.401772e-13,9.401772e-13,9.497e-11,8.102e-11,1.210e-10,2.933e-10,1.463e-10,4.055e-11,1.687e-10,3.012e-10,9.735e-10
-5.50,-8.00,9.401772e-13,9.401772e-13,9.401772e-13,9.401772e-13,9.401772e-13,9.401772e-13,9.401772e-13,9.401772e-13,9.401772e-13,1.407e-09,1.407e-09,1.710e-09,1.425e-09,1.916e-09,1.710e-09,1.808e-09,1.809e-09,2.537e-09
-5.50,-7.50,9.401772e-13,9.401772e-13,9.401772e-13,9.401772e-13,9.401772e-13,9.401772e-13,9.401772e-13,9.401772e-13,9.401772e-13,2.053e-10,2.053e-10,3.237e-10,4.677e-11,1.881e-10,3.237e-10,1.194e-10,5.820e-11,2.129e-09
-5.50,-7.00,9.401772e-13,9.401772e-13,9.401772e-13,9.401772e-13,9.401772e-13,9.401772e-13,9.401772e-13,9.401772e-13,9.401772e-13,8.598e-10,8.598e-10,1.337e-09,1.367e-09,1.376e-09,1.337e-09,9.468e-10,1.369e-09,1.273e-09
-5.50,-6.50,9.401772e-13,9.401772e-13,9.401772e-13,9.401772e-13,9.401772e-13,9.401772e-13,9.401772e-13,9.401772e-13,9.401772e-13,6.850e-10,6.850e-10,7.621e-10,7.550e-10,1.879e-10,7.621e-10,6.186e-10,1.283e-10,1.759e-09
-5.50,-6.00,9.401772e-13,9.401772e-13,9.401772e-13,9.401772e-13,9.401772e-13,9.401772e-13,9.401772e-13,9.401772e-13,9.401772e-13,8.699e-10,8.699e-10,8.781e-10,1.006e-09,1.155e-09,8.781e-10,7.529e-10,1.327e-09,1.272e-09
-5.50,-5.50,9.401772e-13,9.401772e-13,9.401772e-13,9.401772e-13,9.401772e-13,9.401772e-13,9.401772e-13,9.401772e-13,9.401772e-13,3.024e-10,3.024e-10,8.079e-10,3.819e-10,4.477e-10,8.079e-10,4.117e-10,4.551e-10,2.175e-09
-5.50,-5.00,9.401772e-13,9.401772e-13,9.401772e-13,9.401772e-13,9.401772e-13,9.401772e-13,9.401772e-13,9.401772e-13,9.401772e-13,1.483e-09,1.483e-09,1.031e-09,1.576e-09,1.613e-09,1.031e-09,1.531e-09,1.557e-09,1.889e-09
-5.50,-4.50,9.401772e-13,9.401772e-13,9.401772e-13,9.401772e-13,9.401772e-13,9.401772e-13,9.401772e-13,9.401772e-13,9.401772e-13,1.608e-09,1.608e-09,1.657e-09,1.643e-09,1.565e-09,1.657e-09,1.938e-09,2.088e-09,1.790e-09
-5.50,-4.00,9.401772e-13,9.401772e-13,9.401772e-13,9.401772e-13,9.401772e-13,9.401772e-13,9.401772e-13,9.401772e-13,9.401772e-13,5.160e-10,5.160e-10,5.300e-10,3.431e-10,5.084e-10,5.300e-10,5.217e-10,5.718e-10,1.581e-09
-5.50,-3.50,9.401772e-13,9.401772e-13,9.401772e-13,9.401772e-13,9.401772e-13,9.401772e-13,9.401772e-13,9.401772e-13,9.401772e-13,7.211e-10,7.211e-10,9.361e-10,2.731e-10,4.005e-10,9.361e-10,6.183e-10,2.953e-10,1.704e-09
-5.50,-3.00,9.401772e-13,9.401772e-13,9.401772e-13,9.401772e-13,9.401772e-13,9.401772e-13,9.401772e-13,9.401772e-13,9.401772e-13,6.028e-10,6.055e-10,1.305e-09,9.007e-10,9.841e-10,1.322e-09,1.051e-09,7.334e-10,2.606e-09
-5.50,-2.50,9.401772e-13,9.401772e-13,9.401772e-13,9.401772e-13,9.401772e-13,9.401772e-13,9.401772e-13,9.401772e-13,9.401772e-13,1.026e-09,1.046e-09,1.276e-09,6.331e-10,7.650e-10,1.468e-09,9.195e-10,1.153e-09,2.876e-09
-5.50,-2.00,9.401772e-13,9.401772e-13,9.401772e-13,9.401772e-13,9.401772e-13,9.401772e-13,9.401772e-13,9.401772e-13,9.401772e-13,2.246e-10,1.453e-10,3.699e-11,6.060e-10,4.490e-10,1.787e-10,1.730e-10,3.033e-10,1.824e-09
-5.50,-1.50,9.401772e-13,9.401772e-13,9.401772e-13,9.401772e-13,9.401772e-13,9.401772e-13,9.401772e-13,9.401772e-13,9.401772e-13,1.238e-09,9.702e-10,9.753e-10,1.040e-09,1.532e-09,1.531e-09,1.544e-09,1.181e-09,1.842e-09
-5.50,-1.00,9.401772e-13,9.401772e-13,9.401772e-13,9.401772e-13,9.401772e-13,9.401772e-13,9.401772e-13,9.401772e-13,9.401772e-13,8.728e-10,1.006e-09,7.765e-10,1.191e-09,5.524e-10,1.032e-09,7.129e-10,9.806e-10,2.389e-09
-5.50,-0.50,9.401772e-13,9.401772e-13,9.401772e-13,9.401772e-13,9.401772e-13,9.401772e-13,9.401772e-13,9.401772e-13,9.401772e-13,5.916e-10,3.792e-10,4.608e-10,5.866e-10,7.049e-10,7.349e-10,7.886e-10,2.978e-10,4.009e-09
-5.50,0.00,9.401772e-13,9.401772e-13,9.401772e-13,9.401772e-13,9.401772e-13,9.401772e-13,9.401772e-13,9.401772e-13,9.401772e-13,1.371e-10,2.883e-10,4.234e-10,2.689e-11,2.757e-10,6.642e-12,3.225e-10,1.398e-10,1.346e-09
-5.50,0.50,9.401772e-13,9.401772e-13,9.401772e-13,9.401772e-13,9.401772e-13,9.401772e-13,9.401772e-13,9.401772e-13,9.401772e-13,2.282e-10,3.225e-10,4.832e-10,4.342e-10,3.591e-10,2.860e-10,2.122e-10,4.206e-10,1.452e-09
-5.50,1.00,9.401772e-13,9.401772e-13,9.401772e-13,9.401772e-13,9.401772e-13,9.401772e-13,9.401772e-13,9.401772e-13,9.401772e-13,5.484e-10,6.284e-10,5.282e-10,3.106e-10,7.385e-10,4.870e-10,6.356e-10,4.828e-10,5.320e-10
-5.50,1.50,9.401772e-13,9.401772e-13,9.401772e-13,9.401772e-13,9.401772e-13,9.401772e-13,9.401772e-13,9.401772e-13,9.401772e-13,1.846e-10,8.894e-11,6.284e-12,3.166e-11,8.016e-11,5.649e-11,2.953e-12,2.585e-10,1.455e-09
-5.50,2.00,9.401772e-13,9.401772e-13,9.401772e-13,9.401772e-13,9.401772e-13,9.401772e-13,9.401772e-13,9.401772e-13,9.401772e-13,8.766e-10,1.008e-09,7.891e-10,4.335e-10,7.717e-10,8.840e-10,6.682e-10,6.957e-10,7.084e-10
-5.50,2.50,9.401772e-13,9.401772e-13,9.401772e-13,9.401772e-13,9.401772e-13,9.401772e-13,9.401772e-13,9.401772e-13,9.401772e-13,3.050e-10,4.596e-10,2.786e-10,2.433e-10,3.038e-10,1.926e-10,2.070e-10,2.367e-10,9.732e-10
-5.50,3.00,9.401772e-13,9.401772e-13,9.401772e-13,9.401772e-13,9.401772e-13,9.401772e-13,9.401772e-13,9.401772e-13,9.401772e-13,1.068e-10,2.479e-10,3.390e-10,3.864e-10,3.497e-10,1.088e-10,4.648e-10,8.231e-10,1.071e-09
-5.50,3.50,9.401772e-13,9.401772e-13,9.401772e-13,9.401772e-13,9.401772e-13,9.401772e-13,9.401772e-13,9.401772e-13,9.401772e-13,3.192e-10,3.628e-10,5.393e-10,1.502e-10,2.100e-10,2.442e-10,1.323e-10,2.210e-10,1.782e-09
-5.50,4.00,9.401772e-13,9.401772e-13,9.401772e-13,9.401772e-13,9.401772e-13,9.401772e-13,9.401772e-13,9.401772e-13,9.401772e-13,5.339e-11,3.867e-11,1.002e-10,9.499e-11,1.306e-10,1.256e-11,4.380e-11,3.272e-11,7.748e-10
-5.50,4.50,9.401772e-13,9.401772e-13,9.401772e-13,9.401772e-13,9.401772e-13,9.401772e-13,9.401772e-13,9.401772e-13,9.401772e-13,2.462e-10,2.233e-10,2.921e-10,1.440e-10,1.289e-10,3.160e-11,2.288e-10,1.853e-10,7.852e-10
-5.50,5.00,9.401772e-13,9.401772e-13,9.401772e-13,9.401772e-13,9.401772e-13,9.401772e-13,9.401772e-13,9.401772e-13,9.401772e-13,8.473e-11,1.655e-11,1.450e-10,1.492e-11,1.045e-10,1.156e-11,6.425e-11,9.466e-11,9.595e-10
-5.50,5.50,9.401772e-13,9.401772e-13,9.401772e-13,9.401772e-13,9.401772e-13,9.401772e-13,9.401772e-13,9.401772e-13,9.401772e-13,3.854e-10,1.618e-10,1.313e-10,1.740e-10,2.987e-10,2.826e-10,2.311e-10,4.136e-10,6.154e-10
-5.50,6.00,9.401772e-13,9.401772e-13,9.401772e-13,9.401772e-13,9.401772e-13,9.401772e-13,9.401772e-13,9.401772e-13,9.401772e-13,2.816e-11,1.267e-10,1.769e-10,1.620e-10,1.172e-10,2.070e-10,6.961e-12,5.922e-11,8.411e-10
-5.50,6.50,9.401772e-13,9.401772e-13,9.401772e-13,9.401772e-13,9.401772e-13,9.401772e-13,9.401772e-13,9.401772e-13,9.401772e-13,4.398e-10,1.823e-10,1.345e-10,1.744e-10,3.809e-10,2.214e-10,1.921e-10,2.316e-10,7.791e-10
-5.50,7.00,9.401772e-13,9.401772e-13,9.401772e-13,9.401772e-13,9.401772e-13,9.401772e-13,9.401772e-13,9.401772e-13,9.401772e-13,8.765e-11,1.524e-11,4.796e-11,1.676e-10,3.557e-11,1.408e-10,2.399e-11,5.399e-12,7.156e-10
-5.50,7.50,9.401772e-13,9.401772e-13,9.401772e-13,9.401772e-13,9.401772e-13,9.401772e-13,9.401772e-13,9.401772e-13,9.401772e-13,8.150e-11,1.561e-10,2.627e-10,2.045e-10,2.509e-10,3.159e-10,2.067e-10,2.242e-10,9.307e-10
-5.50,8.00,9.401772e-13,9.401772e-13,9.401772e-13,9.401772e-13,9.401772e-13,9.401772e-13,9.401772e-13,9.401772e-13,9.401772e-13,1.607e-10,2.292e-10,1.511e-10,1.218e-10,1.710e-10,2.188e-10,1.301e-10,1.527e-10,5.767e-10
-5.00,-8.00,9.401772e-13,9.401772e-13,9.401772e-13,9.401772e-13,9.401772e-13,9.401772e-13,9.401772e-13,9.401772e-13,9.401772e-13,3.030e-12,3.030e-12,4.369e-10,5.857e-10,4.142e-10,4.369e-10,1.549e-10,4.720e-10,1.954e-09
-5.00,-7.50,9.401772e-13,9.401772e-13,9.401772e-13,9.401772e-13,9.401772e-13,9.401772e-13,9.401772e-13,9.401772e-13,9.401772e-13,5.396e-10,5.396e-10,7.503e-10,8.684e-10,1.087e-09,7.503e-10,6.621e-10,7.446e-10,1.946e-09
-5.00,-7.00,9.401772e-13,9.401772e-13,9.401772e-13,9.401772e-13,9.401772e-13,9.401772e-13,9.401772e-13,9.401772e-13,9.401772e-13,4.983e-10,4.983e-10,2.017e-10,3.892e-10,3.893e-10,2.017e-10,8.653e-12,1.071e-09,4.372e-09
-5.00,-6.50,9.401772e-13,9.401772e-13,9.401772e-13,9.401772e-13,9.401772e-13,9.401772e-13,9.401772e-13,9.401772e-13,9.401772e-13,8.582e-10,8.582e-10,2.782e-10,6.257e-10,5.249e-11,2.782e-10,6.900e-10,2.862e-10,2.156e-09
-5.00,-6.00,9.401772e-13,9.401772e-13,9.401772e-13,9.401772e-13,9.401772e-13,9.401772e-13,9.401772e-13,9.401772e-13,9.401772e-13,2.446e-11,2.446e-11,2.743e-11,2.516e-10,2.581e-10,2.743e-11,3.752e-10,1.064e-10,3.541e-09
-5.00,-5.50,9.401772e-13,9.401772e-13,9.401772e-13,9.401772e-13,9.401772e-13,9.401772e-13,9.401772e-13,9.401772e-13,9.401772e-13,1.087e-09,1.087e-09,8.008e-10,1.084e-09,5.786e-10,8.008e-10,6.186e-10,3.949e-10,2.876e-09
-5.00,-5.00,9.401772e-13,9.401772e-13,9.401772e-13,9.401772e-13,9.401772e-13,9.401772e-13,9.401772e-13,9.401772e-13,9.401772e-13,3.864e-11,3.864e-11,7.154e-10,2.426e-10,5.654e-10,7.154e-10,4.130e-10,2.366e-11,3.163e-09
-5.00,-4.50,9.401772e-13,9.401772e-13,9.401772e-13,9.401772e-13,9.401772e-13,9.401772e-13,9.401772e-13,9.401772e-13,9.401772e-13,1.298e-09,1.298e-09,1.577e-09,1.623e-09,1.543e-09,1.577e-09,1.036e-09,1.394e-09,1.036e-09
-5.00,-4.00,9.401772e-13,9.401772e-13,9.401772e-13,9.401772e-13,9.401772e-13,9.401772e-13,9.401772e-13,9.401772e-13,9.401772e-13,6.252e-10,6.252e-10,1.057e-09,9.057e-10,3.522e-10,1.057e-09,7.722e-10,5.710e-10,1.155e-09
-5.00,-3.50,9.401772e-13,9.401772e-13,9.401772e-13,9.401772e-13,9.401772e-13,9.401772e-13,9.401772e-13,9.401772e-13,9.401772e-13,1.666e-09,1.666e-09,1.547e-09,1.488e-09,1.784e-09,1.547e-09,1.587e-09,1.646e-09,1.220e-09
-5.00,-3.00,9.401772e-13,9.401772e-13,9.401772e-13,9.401772e-13,9.401772e-13,9.401772e-13,9.401772e-13,9.401772e-13,9.401772e-13,6.675e-11,6.675e-11,2.885e-10,4.859e-11,5.741e-10,2.885e-10,7.749e-11,4.220e-11,1.490e-09
-5.00,-2.50,9.401772e-13,9.401772e-13,9.401772e-13,9.401772e-13,9.401772e-13,9.401772e-13,9.401772e-13,9.401772e-13,9.401772e-13,3.348e-10,4.038e-10,1.130e-10,1.364e-10,3.529e-10,4.644e-12,6.895e-11,2.253e-10,1.606e-09
-5.00,-2.00,9.401772e-13,9.401772e-13,9.401772e-13,9.401772e-13,9.401772e-13,9.401772e-13,9.401772e-13,9.401772e-13,9.401772e-13,5.018e-10,5.384e-10,6.584e-10,2.380e-10,7.193e-10,6.837e-10,5.346e-10,5.353e-10,2.334e-09
-5.00,-1.50,9.401772e-13,9.401772e-13,9.401772e-13,9.401772e-13,9.401772e-13,9.401772e-13,9.401772e-13,9.401772e-13,9.401772e-13,3.939e-11,5.283e-11,6.363e-11,6.090e-11,1.961e-10,1.424e-10,1.932e-11,2.213e-10,2.033e-09
-5.00,-1.00,9.401772e-13,9.401772e-13,9.401772e-13,9.401772e-13,9.401772e-13,9.401772e-13,9.401772e-13,9.401772e-13,9.401772e-13,4.893e-10,5.107e-10,2.755e-10,3.082e-10,6.847e-10,3.143e-10,5.281e-10,5.436e-10,1.853e-09
-5.00,-0.50,9.401772e-13,9.401772e-13,9.401772e-13,9.401772e-13,9.401772e-13,9.401772e-13,9.401772e-13,9.401772e-13,9.401772e-13,1.627e-10,2.295e-10,2.643e-10,1.971e-10,1.218e-10,2.971e-10,1.941e-10,8.764e-11,1.553e-09
-5.00,0.00,9.401772e-13,9.401772e-13,9.401772e-13,9.401772e-13,9.401772e-13,9.401772e-13,9.401772e-13,9.401772e-13,9.401772e-13,4.750e-10,3.838e-10,4.419e-10,6.589e-10,3.817e-10,4.950e-10,3.913e-10,5.884e-10,1.944e-09
-5.00,0.50,9.401772e-13,9.401772e-13,9.401772e-13,9.401772e-13,9.401772e-13,9.401772e-13,9.401772e-13,9.401772e-13,9.401772e-13,5.002e-10,5.742e-10,7.285e-10,6.372e-10,6.318e-10,6.195e-10,5.997e-10,5.830e-10,1.470e-09
-5.00,1.00,9.401772e-13,9.401772e-13,9.401772e-13,9.401772e-13,9.401772e-13,9.401772e-13,9.401772e-13,9.401772e-13,9.401772e-13,2.283e-11,1.266e-10,4.285e-11,3.098e-10,1.738e-10,8.106e-11,2.532e-10,1.157e-10,6.564e-10
-5.00,1.50,9.401772e-13,9.401772e-13,9.401772e-13,9.401772e-13,9.401772e-13,9.401772e-13,9.401772e-13,9.401772e-13,9.401772e-13,3.685e-11,8.356e-11,1.180e-10,1.502e-10,2.423e-10,7.613e-11,1.870e-10,4.264e-11,1.007e-09
-5.00,2.00,9.401772e-13,9.401772e-13,9.401772e-13,9.401772e-13,9.401772e-13,9.401772e-13,9.401772e-13,9.401772e-13,9.401772e-13,1.012e-10,2.628e-10,1.453e-11,1.036e-10,2.903e-10,3.438e-10,1.546e-10,1.257e-10,8.293e-10
-5.00,2.50,9.401772e-13,9.401772e-13,9.401772e-13,9.401772e-13,9.401772e-13,9.401772e-13,9.401772e-13,9.401772e-13,9.401772e-13,5.258e-10,1.310e-10,2.229e-10,1.867e-10,5.799e-10,2.091e-10,1.120e-10,1.426e-11,1.140e-09
-5.00,3.00,9.401772e-13,9.401772e-13,9.401772e-13,9.401772e-13,9.401772e-13,9.401772e-13,9.401772e-13,9.401772e-13,9.401772e-13,6.457e-10,6.820e-10,7.112e-10,6.340e-10,5.852e-10,6.813e-10,7.493e-10,7.688e-10,9.564e-10
-5.00,3.50,9.401772e-13,9.401772e-13,9.401772e-13,9.401772e-13,9.401772e-13,9.401772e-13,9.401772e-13,9.401772e-13,9.401772e-13,1.241e-10,1.961e-10,8.881e-12,2.063e-10,3.711e-11,2.431e-10,3.511e-11,2.520e-10,1.143e-09
-5.00,4.00,9.401772e-13,9.401772e-13,9.401772e-13,9.401772e-13,9.401772e-13,9.401772e-13,9.401772e-13,9.401772e-13,9.401772e-13,2.175e-12,9.787e-12,5.940e-11,1.689e-10,1.471e-11,8.326e-11,1.785e-10,5.770e-11,1.031e-09
-5.00,4.50,9.401772e-13,9.401772e-13,9.401772e-13,9.401772e-13,9.401772e-13,9.401772e-13,9.401772e-13,9.401772e-13,9.401772e-13,1.102e-10,1.292e-10,4.231e-10,4.188e-10,3.000e-10,3.226e-10,3.620e-10,4.885e-10,1.433e-09
-5.00,5.00,9.401772e-13,9.401772e-13,9.401772e-13,9.401772e-13,9.401772e-13,9.401772e-13,9.401772e-13,9.401772e-13,9.401772e-13,2.425e-11,1.294e-10,1.108e-10,1.765e-10,1.774e-10,1.261e-10,7.698e-11,1.206e-12,1.043e-09
-5.00,5.50,9.401772e-13,9.401772e-13,9.401772e-13,9.401772e-13,9.401772e-13,9.401772e-13,9.401772e-13,9.401772e-13,9.401772e-13,2.023e-11,2.918e-11,2.878e-12,4.091e-11,1.144e-10,1.051e-10,9.723e-11,2.033e-11,6.489e-10
-5.00,6.00,9.401772e-13,9.401772e-13,9.401772e-13,9.401772e-13,9.401772e-13,9.401772e-13,9.401772e-13,9.401772e-13,9.401772e-13,2.128e-11,2.304e-10,1.579e-10,1.985e-10,2.498e-10,1.463e-10,2.281e-10,6.785e-11,1.031e-09
-5.00,6.50,9.401772e-13,9.401772e-13,9.401772e-13,9.401772e-13,9.401772e-13,9.401772e-13,9.401772e-13,9.401772e-13,9.401772e-13,3.162e-10,3.157e-10,1.774e-10,8.346e-11,2.696e-10,1.450e-10,1.930e-10,9.080e-11,6.556e-10
-5.00,7.00,9.401772e-13,9.401772e-13,9.401772e-13,9.401772e-13,9.401772e-13,9.401772e-13,9.401772e-13,9.401772e-13,9.401772e-13,6.460e-11,7.382e-11,8.782e-11,9.956e-11,1.709e-10,1.112e-10,1.269e-10,9.992e-11,5.891e-10
-5.00,7.50,9.401772e-13,9.401772e-13,9.401772e-13,9.401772e-13,9.401772e-13,9.401772e-13,9.401772e-13,9.401772e-13,9.401772e-13,8.560e-11,5.346e-11,1.773e-10,2.562e-10,2.765e-11,1.756e-10,6.165e-11,1.221e-10,6.577e-10
-5.00,8.00,9.401772e-13,9.401772e-13,9.401772e-13,9.401772e-13,9.401772e-13,9.401772e-13,9.401772e-13,9.401772e-13,9.401772e-13,2.708e-10,2.127e-10,2.054e-10,1.151e-10,1.966e-10,8.671e-11,3.755e-10,4.009e-10,3.661e-10
-4.50,-8.00,9.401772e-13,9.401772e-13,9.401772e-13,9.401772e-13,9.401772e-13,9.401772e-13,9.401772e-13,9.401772e-13,9.401772e-13,2.682e-10,2.682e-10,4.259e-11,3.956e-10,4.495e-10,4.259e-11,3.845e-11,2.473e-11,3.823e-09
-4.50,-7.50,9.401772e-13,9.401772e-13,9.401772e-13,9.401772e-13,9.401772e-13,9.401772e-13,9.401772e-13,9.401772e-13,9.401772e-13,1.666e-09,1.666e-09,1.452e-09,1.792e-09,1.437e-09,1.452e-09,1.771e-09,1.833e-09,1.596e-09
-4.50,-7.00,9.401772e-13,9.401772e-13,9.401772e-13,9.401772e-13,9.401772e-13,9.401772e-13,9.401772e-13,9.401772e-13,9.401772e-13,7.434e-10,7.434e-10,1.220e-09,1.055e-09,1.054e-09,1.220e-09,1.158e-09,1.237e-09,2.090e-09
-4.50,-6.50,9.401772e-13,9.401772e-13,9.401772e-13,9.401772e-13,9.401772e-13,9.401772e-13,9.401772e-13,9.401772e-13,9.401772e-13,5.200e-10,5.200e-10,3.213e-10,4.034e-11,6.416e-11,3.213e-10,3.883e-10,3.575e-10,2.705e-09
-4.50,-6.00,9.401772e-13,9.401772e-13,9.401772e-13,9.401772e-13,9.401772e-13,9.401772e-13,9.401772e-13,9.401772e-13,9.401772e-13,7.673e-10,7.673e-10,4.076e-10,8.181e-10,1.130e-09,4.076e-10,1.118e-09,8.395e-10,4.370e-09
-4.50,-5.50,9.401772e-13,9.401772e-13,9.401772e-13,9.401772e-13,9.401772e-13,9.401772e-13,9.401772e-13,9.401772e-13,9.401772e-13,7.907e-10,7.907e-10,8.805e-10,8.556e-10,7.682e-10,8.805e-10,1.341e-09,9.339e-10,2.166e-09
-4.50,-5.00,9.401772e-13,9.401772e-13,9.401772e-13,9.401772e-13,9.401772e-13,9.401772e-13,9.401772e-13,9.401772e-13,9.401772e-13,8.976e-10,8.976e-10,6.070e-10,5.196e-10,7.248e-10,6.070e-10,7.346e-10,7.188e-10,3.235e-09
-4.50,-4.50,9.401772e-13,9.401772e-13,9.401772e-13,9.401772e-13,9.401772e-13,9.401772e-13,9.401772e-13,9.401772e-13,9.401772e-13,4.101e-10,4.101e-10,1.785e-11,4.037e-10,4.897e-10,1.785e-11,6.774e-10,2.687e-10,2.844e-09
-4.50,-4.00,9.401772e-13,9.401772e-13,9.401772e-13,9.401772e-13,9.401772e-13,9.401772e-13,9.401772e-13,9.401772e-13,9.401772e-13,2.317e-10,2.317e-10,7.202e-10,5.201e-10,3.783e-10,7.202e-10,5.291e-10,2.880e-10,1.342e-09
-4.50,-3.50,9.401772e-13,9.401772e-13,9.401772e-13,9.401772e-13,9.401772e-13,9.401772e-13,9.401772e-13,9.401772e-13,9.401772e-13,3.708e-11,3.708e-11,2.162e-11,1.059e-10,1.415e-10,2.162e-11,6.102e-11,2.196e-10,1.388e-09
-4.50,-3.00,9.401772e-13,9.401772e-13,9.401772e-13,9.401772e-13,9.401772e-13,9.401772e-13,9.401772e-13,9.401772e-13,9.401772e-13,4.095e-10,4.095e-10,1.427e-10,4.719e-10,2.508e-10,1.427e-10,3.239e-10,3.849e-10,1.772e-09
-4.50,-2.50,9.401772e-13,9.401772e-13,9.401772e-13,9.401772e-13,9.401772e-13,9.401772e-13,9.401772e-13,9.401772e-13,9.401772e-13,6.813e-10,6.324e-10,8.698e-10,7.751e-10,1.036e-09,9.337e-10,8.332e-10,1.179e-09,1.083e-09
-4.50,-2.00,9.401772e-13,9.401772e-13,9.401772e-13,9.401772e-13,9.401772e-13,9.401772e-13,9.401772e-13,9.401772e-13,9.401772e-13,1.430e-10,1.728e-10,2.873e-10,4.365e-10,1.586e-10,3.618e-10,3.588e-10,7.313e-10,1.906e-09
-4.50,-1.50,9.401772e-13,9.401772e-13,9.401772e-13,9.401772e-13,9.401772e-13,9.401772e-13,9.401772e-13,9.401772e-13,9.401772e-13,2.417e-10,5.948e-11,3.253e-10,3.870e-10,2.640e-10,4.512e-10,1.272e-10,5.535e-11,1.666e-09
-4.50,-1.00,9.401772e-13,9.401772e-13,9.401772e-13,9.401772e-13,9.401772e-13,9.401772e-13,9.401772e-13,9.401772e-13,9.401772e-13,3.183e-10,5.246e-10,2.899e-10,5.603e-10,3.526e-10,4.456e-10,3.708e-10,5.219e-10,1.103e-09
-4.50,-0.50,9.401772e-13,9.401772e-13,9.401772e-13,9.401772e-13,9.401772e-13,9.401772e-13,9.401772e-13,9.401772e-13,9.401772e-13,8.864e-11,2.969e-10,1.430e-10,3.692e-10,1.179e-10,2.161e-11,2.020e-10,4.415e-10,1.740e-09
-4.50,0.00,9.401772e-13,9.401772e-13,9.401772e-13,9.401772e-13,9.401772e-13,9.401772e-13,9.401772e-13,9.401772e-13,9.401772e-13,1.013e-09,1.007e-09,1.218e-09,1.114e-09,9.625e-10,9.873e-10,9.881e-10,9.379e-10,1.019e-09
-4.50,0.50,9.401772e-13,9.401772e-13,9.401772e-13,9.401772e-13,9.401772e-13,9.401772e-13,9.401772e-13,9.401772e-13,9.401772e-13,9.206e-11,2.466e-10,1.847e-10,3.764e-10,2.031e-10,2.160e-10,3.075e-10,4.701e-10,1.234e-09
-4.50,1.00,9.401772e-13,9.401772e-13,9.401772e-13,9.401772e-13,9.401772e-13,9.401772e-13,9.401772e-13,9.401772e-13,9.401772e-13,1.936e-10,1.735e-10,3.534e-10,4.172e-10,1.210e-10,2.719e-11,4.872e-10,5.983e-10,1.265e-09
-4.50,1.50,9.401772e-13,9.401772e-13,9.401772e-13,9.401772e-13,9.401772e-13,9.401772e-13,9.401772e-13,9.401772e-13,9.401772e-13,2.751e-10,1.136e-10,2.942e-10,2.747e-10,1.243e-10,9.796e-11,2.182e-10,8.382e-11,1.072e-09
-4.50,2.00,9.401772e-13,9.401772e-13,9.401772e-13,9.401772e-13,9.401772e-13,9.401772e-13,9.401772e-13,9.401772e-13,9.401772e-13,4.361e-10,5.431e-10,3.253e-10,3.382e-10,5.249e-10,5.341e-10,4.656e-10,1.585e-10,1.195e-09
-4.50,2.50,9.401772e-13,9.401772e-13,9.401772e-13,9.401772e-13,9.401772e-13,9.401772e-13,9.401772e-13,9.401772e-13,9.401772e-13,5.038e-10,2.289e-10,5.083e-10,5.238e-10,3.410e-10,3.150e-10,4.142e-10,2.646e-10,7.112e-10
-4.50,3.00,9.401772e-13,9.401772e-13,9.401772e-13,9.401772e-13,9.401772e-13,9.401772e-13,9.401772e-13,9.401772e-13,9.401772e-13,3.937e-10,4.695e-10,3.983e-10,4.754e-10,4.108e-10,3.705e-10,4.651e-10,4.025e-10,9.850e-10
-4.50,3.50,9.401772e-13,9.401772e-13,9.401772e-13,9.401772e-13,9.401772e-13,9.401772e-13,9.401772e-13,9.401772e-13,9.401772e-13,5.327e-10,3.981e-10,5.039e-10,4.141e-10,3.580e-10,2.971e-10,4.774e-10,2.075e-10,9.342e-10
-4.50,4.00,9.401772e-13,9.401772e-13,9.401772e-13,9.401772e-13,9.401772e-13,9.401772e-13,9.401772e-13,9.401772e-13,9.401772e-13,5.041e-11,3.163e-11,8.717e-11,6.709e-11,1.280e-10,1.090e-10,1.529e-10,1.285e-10,5.259e-10
-4.50,4.50,9.401772e-13,9.401772e-13,9.401772e-13,9.401772e-13,9.401772e-13,9.401772e-13,9.401772e-13,9.401772e-13,9.401772e-13,1.468e-10,3.856e-11,1.785e-10,9.051e-11,6.500e-12,1.045e-10,2.470e-10,8.722e-11,6.782e-10
-4.50,5.00,9.401772e-13,9.401772e-13,9.401772e-13,9.401772e-13,9.401772e-13,9.401772e-13,9.401772e-13,9.401772e-13,9.401772e-13,3.960e-10,3.121e-10,3.037e-10,3.071e-10,3.282e-10,2.054e-10,2.461e-10,3.785e-10,6.276e-10
-4.50,5.50,9.401772e-13,9.401772e-13,9.401772e-13,9.401772e-13,9.401772e-13,9.401772e-13,9.401772e-13,9.401772e-13,9.401772e-13,1.288e-10,5.305e-11,5.491e-11,7.023e-11,6.143e-11,1.745e-10,1.210e-10,1.632e-10,4.277e-10
-4.50,6.00,9.401772e-13,9.401772e-13,9.401772e-13,9.401772e-13,9.401772e-13,9.401772e-13,9.401772e-13,9.401772e-13,9.401772e-13,4.285e-10,3.965e-10,2.819e-10,2.573e-10,2.869e-10,2.794e-10,2.662e-10,4.674e-10,7.529e-10
-4.50,6.50,9.401772e-13,9.401772e-13,9.401772e-13,9.401772e-13,9.401772e-13,9.401772e-13,9.401772e-13,9.401772e-13,9.401772e-13,4.057e-10,4.098e-10,2.427e-10,3.622e-10,3.954e-10,3.506e-10,2.681e-10,2.544e-10,5.627e-10
-4.50,7.00,9.401772e-13,9.401772e-13,9.401772e-13,9.401772e-13,9.401772e-13,9.401772e-13,9.401772e-13,9.401772e-13,9.401772e-13,7.699e-11,3.885e-12,1.394e-10,2.211e-10,1.793e-10,1.810e-10,3.999e-11,7.007e-12,5.522e-10
-4.50,7.50,9.401772e-13,9.401772e-13,9.401772e-13,9.401772e-13,9.401772e-13,9.401772e-13,9.401772e-13,9.401772e-13,9.401772e-13,8.721e-11,6.652e-11,3.037e-11,1.830e-11,2.300e-11,6.643e-11,6.801e-12,3.324e-11,5.981e-10
-4.50,8.00,9.401772e-13,9.401772e-13,9.401772e-13,9.401772e-13,9.401772e-13,9.401772e-13,9.401772e-13,9.401772e-13,9.401772e-13,5.347e-11,2.700e-11,1.850e-11,2.483e-11,2.844e-11,8.477e-12,9.103e-11,3.353e-11,4.105e-10
-4.00,-8.00,9.401772e-13,9.401772e-13,9.401772e-13,9.401772e-13,9.401772e-13,9.401772e-13,9.401772e-13,9.401772e-13,9.401772e-13,3.953e-10,3.953e-10,3.885e-10,5.850e-10,1.665e-10,3.885e-10,1.718e-10,8.562e-10,2.466e-09
-4.00,-7.50,9.401772e-13,9.401772e-13,9.401772e-13,9.401772e-13,9.401772e-13,9.401772e-13,9.401772e-13,9.401772e-13,9.401772e-13,7.903e-11,7.903e-11,5.337e-11,2.214e-10,1.118e-10,5.337e-11,2.775e-10,6.555e-10,3.148e-09
-4.00,-7.00,9.401772e-13,9.401772e-13,9.401772e-13,9.401772e-13,9.401772e-13,9.401772e-13,9.401772e-13,9.401772e-13,9.401772e-13,2.265e-10,2.265e-10,7.830e-11,2.952e-10,1.279e-10,7.830e-11,4.775e-10,8.018e-11,2.216e-09
-4.00,-6.50,9.401772e-13,9.401772e-13,9.401772e-13,9.401772e-13,9.401772e-13,9.401772e-13,9.401772e-13,9.401772e-13,9.401772e-13,9.922e-10,9.922e-10,8.736e-10,9.609e-10,9.950e-10,8.736e-10,1.423e-09,7.257e-10,2.857e-09
-4.00,-6.00,9.401772e-13,9.401772e-13,9.401772e-13,9.401772e-13,9.401772e-13,9.401772e-13,9.401772e-13,9.401772e-13,9.401772e-13,3.415e-10,3.415e-10,1.751e-10,3.380e-10,2.736e-10,1.751e-10,2.773e-10,2.045e-10,2.361e-09
-4.00,-5.50,9.401772e-13,9.401772e-13,9.401772e-13,9.401772e-13,9.401772e-13,9.401772e-13,9.401772e-13,9.401772e-13,9.401772e-13,2.928e-09,2.928e-09,2.555e-09,2.560e-09,2.762e-09,2.555e-09,3.111e-09,2.773e-09,1.541e-09
-4.00,-5.00,9.401772e-13,9.401772e-13,9.401772e-13,9.401772e-13,9.401772e-13,9.401772e-13,9.401772e-13,9.401772e-13,9.401772e-13,1.219e-09,1.219e-09,8.523e-10,1.105e-09,5.079e-10,8.523e-10,1.002e-09,8.221e-10,2.019e-09
-4.00,-4.50,9.401772e-13,9.401772e-13,9.401772e-13,9.401772e-13,9.401772e-13,9.401772e-13,9.401772e-13,9.401772e-13,9.401772e-13,4.223e-10,4.223e-10,2.302e-10,2.878e-10,5.608e-10,2.302e-10,5.121e-10,1.653e-10,1.369e-09
-4.00,-4.00,9.401772e-13,9.401772e-13,9.401772e-13,9.401772e-13,9.401772e-13,9.401772e-13,9.401772e-13,9.401772e-13,9.401772e-13,4.639e-11,4.639e-11,9.188e-11,2.970e-10,9.948e-11,9.188e-11,1.273e-10,6.787e-11,9.546e-10
-4.00,-3.50,9.401772e-13,9.401772e-13,9.401772e-13,9.401772e-13,9.401772e-13,9.401772e-13,9.401772e-13,9.401772e-13,9.401772e-13,3.973e-10,3.973e-10,6.110e-10,8.044e-10,5.534e-10,6.110e-10,8.487e-10,7.480e-10,2.010e-09
-4.00,-3.00,9.401772e-13,9.401772e-13,9.401772e-13,9.401772e-13,9.401772e-13,9.401772e-13,9.401772e-13,9.401772e-13,9.401772e-13,2.220e-10,2.220e-10,7.414e-12,6.609e-11,1.917e-10,7.414e-12,2.181e-10,7.226e-11,1.420e-09
-4.00,-2.50,9.401772e-13,9.401772e-13,9.401772e-13,9.401772e-13,9.401772e-13,9.401772e-13,9.401772e-13,9.401772e-13,9.401772e-13,1.902e-10,1.902e-10,2.836e-11,1.716e-10,1.860e-10,2.836e-11,1.382e-11,1.198e-10,1.473e-09
-4.00,-2.00,9.401772e-13,9.401772e-13,9.401772e-13,9.401772e-13,9.401772e-13,9.401772e-13,9.401772e-13,9.401772e-13,9.401772e-13,2.478e-10,2.652e-10,1.437e-10,2.905e-11,2.412e-10,1.645e-10,9.484e-11,8.887e-11,1.823e-09
-4.00,-1.50,9.401772e-13,9.401772e-13,9.401772e-13,9.401772e-13,9.401772e-13,9.401772e-13,9.401772e-13,9.401772e-13,9.401772e-13,2.739e-10,4.159e-10,5.299e-10,5.871e-10,6.473e-10,3.535e-10,4.328e-10,3.914e-10,8.928e-10
-4.00,-1.00,9.401772e-13,9.401772e-13,9.401772e-13,9.401772e-13,9.401772e-13,9.401772e-13,9.401772e-13,9.401772e-13,9.401772e-13,5.774e-10,7.670e-10,9.743e-10,6.741e-10,7.172e-10,8.070e-10,5.840e-10,1.011e-09,1.516e-09
-4.00,-0.50,9.401772e-13,9.401772e-13,9.401772e-13,9.401772e-13,9.401772e-13,9.401772e-13,9.401772e-13,9.401772e-13,9.401772e-13,4.881e-10,6.988e-10,6.445e-10,5.178e-10,5.607e-10,5.370e-10,5.249e-10,5.922e-10,8.904e-10
-4.00,0.00,9.401772e-13,9.401772e-13,9.401772e-13,9.401772e-13,9.401772e-13,9.401772e-13,9.401772e-13,9.401772e-13,9.401772e-13,8.194e-10,7.180e-10,4.932e-10,7.677e-10,5.567e-10,5.804e-10,5.712e-10,7.038e-11,6.914e-10
-4.00,0.50,9.401772e-13,9.401772e-13,9.401772e-13,9.401772e-13,9.401772e-13,9.401772e-13,9.401772e-13,9.401772e-13,9.401772e-13,2.981e-10,3.220e-10,1.404e-10,3.786e-10,1.527e-10,2.684e-10,4.816e-10,2.693e-10,1.303e-09
-4.00,1.00,9.401772e-13,9.401772e-13,9.401772e-13,9.401772e-13,9.401772e-13,9.401772e-13,9.401772e-13,9.401772e-13,9.401772e-13,4.701e-10,4.844e-10,3.772e-10,4.697e-10,2.133e-10,4.518e-10,3.173e-10,1.104e-10,1.715e-09
-4.00,1.50,9.401772e-13,9.401772e-13,9.401772e-13,9.401772e-13,9.401772e-13,9.401772e-13,9.401772e-13,9.401772e-13,9.401772e-13,4.729e-10,5.047e-10,3.881e-10,2.253e-10,1.644e-10,4.157e-10,3.701e-10,2.558e-10,1.026e-09
-4.00,2.00,9.401772e-13,9.401772e-13,9.401772e-13,9.401772e-13,9.401772e-13,9.401772e-13,9.401772e-13,9.401772e-13,9.401772e-13,9.885e-11,2.713e-11,1.181e-10,1.397e-10,1.071e-10,2.426e-10,1.063e-10,3.778e-12,9.890e-10
-4.00,2.50,9.401772e-13,9.401772e-13,9.401772e-13,9.401772e-13,9.401772e-13,9.401772e-13,9.401772e-13,9.401772e-13,9.401772e-13,5.256e-10,5.603e-10,4.469e-10,4.725e-10,4.190e-10,5.412e-10,5.774e-10,4.070e-10,4.152e-10
-4.00,3.00,9.401772e-13,9.401772e-13,9.401772e-13,9.401772e-13,9.401772e-13,9.401772e-13,9.401772e-13,9.401772e-13,9.401772e-13,5.740e-12,2.381e-11,8.114e-11,1.125e-10,2.466e-11,5.191e-12,7.287e-11,4.652e-11,9.617e-10
-4.00,3.50,9.401772e-13,9.401772e-13,9.401772e-13,9.401772e-13,9.401772e-13,9.401772e-13,9.401772e-13,9.401772e-13,9.401772e-13,1.006e-10,1.647e-10,2.588e-11,9.983e-11,1.237e-10,2.187e-11,2.691e-10,8.158e-11,3.846e-10
-4.00,4.00,9.401772e-13,9.401772e-13,9.401772e-13,9.401772e-13,9.401772e-13,9.401772e-13,9.401772e-13,9.401772e-13,9.401772e-13,5.325e-10,5.123e-10,5.547e-10,5.100e-10,6.228e-10,4.173e-10,4.722e-10,4.620e-10,6.691e-10
-4.00,4.50,9.401772e-13,9.401772e-13,9.401772e-13,9.401772e-13,9.401772e-13,9.401772e-13,9.401772e-13,9.401772e-13,9.401772e-13,2.311e-10,2.533e-10,2.188e-10,1.168e-10,1.329e-10,1.985e-10,2.427e-10,1.130e-10,4.645e-10
-4.00,5.00,9.401772e-13,9.401772e-13,9.401772e-13,9.401772e-13,9.401772e-13,9.401772e-13,9.401772e-13,9.401772e-13,9.401772e-13,9.123e-11,4.749e-11,6.826e-11,4.054e-11,3.438e-11,4.358e-11,9.715e-11,6.697e-11,3.798e-10
-4.00,5.50,9.401772e-13,9.401772e-13,9.401772e-13,9.401772e-13,9.401772e-13,9.401772e-13,9.401772e-13,9.401772e-13,9.401772e-13,3.919e-10,2.494e-10,1.283e-10,2.518e-10,1.752e-10,2.989e-10,2.131e-10,2.532e-10,5.137e-10
-4.00,6.00,9.401772e-13,9.401772e-13,9.401772e-13,9.401772e-13,9.401772e-13,9.401772e-13,9.401772e-13,9.401772e-13,9.401772e-13,3.786e-10,2.578e-10,3.313e-10,3.348e-10,3.093e-10,3.952e-10,2.678e-10,2.982e-10,2.904e-10
-4.00,6.50,9.401772e-13,9.401772e-13,9.401772e-13,9.401772e-13,9.401772e-13,9.401772e-13,9.401772e-13,9.401772e-13,9.401772e-13,3.402e-11,1.792e-11,2.121e-10,5.165e-11,1.546e-10,1.956e-11,4.478e-11,5.069e-11,4.008e-10
-4.00,7.00,9.401772e-13,9.401772e-13,9.401772e-13,9.401772e-13,9.401772e-13,9.401772e-13,9.401772e-13,9.401772e-13,9.401772e-13,1.202e-10,8.696e-11,4.019e-11,7.036e-11,3.576e-11,2.009e-10,8.250e-11,2.633e-12,2.921e-10
-4.00,7.50,9.401772e-13,9.401772e-13,9.401772e-13,9.401772e-13,9.401772e-13,9.401772e-13,9.401772e-13,9.401772e-13,9.401772e-13,1.630e-10,7.468e-11,7.066e-11,6.058e-11,1.338e-10,3.214e-11,4.900e-11,4.723e-11,3.450e-10
-4.00,8.00,9.401772e-13,9.401772e-13,9.401772e-13,9.401772e-13,9.401772e-13,9.401772e-13,9.401772e-13,9.401772e-13,9.401772e-13,6.986e-11,3.921e-11,5.773e-11,4.580e-11,6.450e-11,4.913e-11,1.000e-10,4.343e-11,2.556e-10
-3.50,-8.00,9.401772e-13,9.401772e-13,9.401772e-13,9.401772e-13,9.401772e-13,9.401772e-13,9.401772e-13,9.401772e-13,9.401772e-13,5.800e-10,5.800e-10,4.029e-10,2.923e-10,8.555e-10,4.029e-10,7.454e-10,5.467e-11,2.558e-09
-3.50,-7.50,9.401772e-13,9.401772e-13,9.401772e-13,9.401772e-13,9.401772e-13,9.401772e-13,9.401772e-13,9.401772e-13,9.401772e-13,3.852e-10,3.852e-10,2.284e-10,6.316e-10,4.749e-10,2.284e-10,4.737e-10,8.344e-10,1.992e-09
-3.50,-7.00,9.401772e-13,9.401772e-13,9.401772e-13,9.401772e-13,9.401772e-13,9.401772e-13,9.401772e-13,9.401772e-13,9.401772e-13,4.379e-10,4.379e-10,3.154e-10,1.368e-10,1.592e-10,3.154e-10,3.820e-10,8.448e-10,1.643e-09
-3.50,-6.50,9.401772e-13,9.401772e-13,9.401772e-13,9.401772e-13,9.401772e-13,9.401772e-13,9.401772e-13,9.401772e-13,9.401772e-13,7.661e-10,7.661e-10,4.918e-10,8.791e-10,5.416e-10,4.918e-10,8.992e-10,8.740e-10,1.758e-09
-3.50,-6.00,9.401772e-13,9.401772e-13,9.401772e-13,9.401772e-13,9.401772e-13,9.401772e-13,9.401772e-13,9.401772e-13,9.401772e-13,1.134e-09,1.134e-09,9.693e-10,5.698e-10,9.639e-10,9.693e-10,9.253e-10,4.506e-10,1.833e-09
-3.50,-5.50,9.401772e-13,9.401772e-13,9.401772e-13,9.401772e-13,9.401772e-13,9.401772e-13,9.401772e-13,9.401772e-13,9.401772e-13,1.322e-09,1.322e-09,1.331e-09,1.477e-09,1.150e-09,1.331e-09,1.043e-09,1.144e-09,1.440e-09
-3.50,-5.00,9.401772e-13,9.401772e-13,9.401772e-13,9.401772e-13,9.401772e-13,9.401772e-13,9.401772e-13,9.401772e-13,9.401772e-13,5.494e-10,5.494e-10,7.940e-10,3.978e-10,6.831e-10,7.940e-10,7.443e-10,2.581e-10,4.649e-09
-3.50,-4.50,9.401772e-13,9.401772e-13,9.401772e-13,9.401772e-13,9.401772e-13,9.401772e-13,9.401772e-13,9.401772e-13,9.401772e-13,7.763e-11,7.763e-11,2.845e-10,1.132e-10,1.051e-10,2.845e-10,1.676e-10,2.499e-10,1.736e-09
-3.50,-4.00,9.401772e-13,9.401772e-13,9.401772e-13,9.401772e-13,9.401772e-13,9.401772e-13,9.401772e-13,9.401772e-13,9.401772e-13,1.070e-10,1.070e-10,1.687e-10,8.628e-11,1.693e-10,1.687e-10,1.589e-10,6.756e-11,1.298e-09
-3.50,-3.50,9.401772e-13,9.401772e-13,9.401772e-13,9.401772e-13,9.401772e-13,9.401772e-13,9.401772e-13,9.401772e-13,9.401772e-13,2.955e-10,2.955e-10,2.003e-10,1.111e-10,3.025e-10,2.003e-10,3.473e-10,3.041e-10,2.174e-09
-3.50,-3.00,9.401772e-13,9.401772e-13,9.401772e-13,9.401772e-13,9.401772e-13,9.401772e-13,9.401772e-13,9.401772e-13,9.401772e-13,8.527e-10,8.527e-10,8.648e-10,4.700e-10,5.929e-10,8.648e-10,4.442e-10,6.971e-10,1.307e-09
-3.50,-2.50,9.401772e-13,9.401772e-13,9.401772e-13,9.401772e-13,9.401772e-13,9.401772e-13,9.401772e-13,9.401772e-13,9.401772e-13,5.582e-10,5.582e-10,4.969e-10,2.495e-10,2.039e-10,4.969e-10,3.615e-10,3.828e-11,8.803e-10
-3.50,-2.00,9.401772e-13,9.401772e-13,9.401772e-13,9.401772e-13,9.401772e-13,9.401772e-13,9.401772e-13,9.401772e-13,9.401772e-13,1.970e-10,2.250e-10,2.498e-10,1.834e-10,1.215e-10,2.704e-10,9.012e-11,3.252e-10,8.831e-10
-3.50,-1.50,9.401772e-13,9.401772e-13,9.401772e-13,9.401772e-13,9.401772e-13,9.401772e-13,9.401772e-13,9.401772e-13,9.401772e-13,7.533e-10,5.342e-10,5.100e-10,5.545e-10,4.965e-10,5.210e-10,3.530e-10,4.598e-10,1.059e-09
-3.50,-1.00,9.401772e-13,9.401772e-13,9.401772e-13,9.401772e-13,9.401772e-13,9.401772e-13,9.401772e-13,9.401772e-13,9.401772e-13,5.081e-11,1.912e-10,2.696e-10,1.781e-10,4.671e-11,3.107e-10,4.492e-11,6.947e-11,8.901e-10
-3.50,-0.50,9.401772e-13,9.401772e-13,9.401772e-13,9.401772e-13,9.401772e-13,9.401772e-13,9.401772e-13,9.401772e-13,9.401772e-13,1.129e-09,7.694e-10,1.300e-09,1.146e-09,1.168e-09,1.165e-09,1.096e-09,7.815e-10,6.478e-10
-3.50,0.00,9.401772e-13,9.401772e-13,9.401772e-13,9.401772e-13,9.401772e-13,9.401772e-13,9.401772e-13,9.401772e-13,9.401772e-13,2.559e-10,1.516e-10,1.029e-10,2.503e-10,4.153e-10,2.638e-10,3.913e-10,4.154e-10,7.942e-10
-3.50,0.50,9.401772e-13,9.401772e-13,9.401772e-13,9.401772e-13,9.401772e-13,9.401772e-13,9.401772e-13,9.401772e-13,9.401772e-13,5.815e-11,2.166e-11,1.934e-11,1.574e-11,1.620e-12,6.795e-12,9.268e-11,1.990e-10,8.303e-10
-3.50,1.00,9.401772e-13,9.401772e-13,9.401772e-13,9.401772e-13,9.401772e-13,9.401772e-13,9.401772e-13,9.401772e-13,9.401772e-13,1.342e-10,1.606e-10,9.313e-11,1.105e-10,1.485e-10,1.244e-10,6.761e-11,2.757e-11,1.448e-09
-3.50,1.50,9.401772e-13,9.401772e-13,9.401772e-13,9.401772e-13,9.401772e-13,9.401772e-13,9.401772e-13,9.401772e-13,9.401772e-13,2.631e-10,2.619e-10,1.538e-10,9.754e-11,1.838e-10,2.230e-10,2.418e-10,2.573e-10,9.091e-10
-3.50,2.00,9.401772e-13,9.401772e-13,9.401772e-13,9.401772e-13,9.401772e-13,9.401772e-13,9.401772e-13,9.401772e-13,9.401772e-13,4.697e-11,2.190e-10,1.777e-10,2.279e-10,1.901e-10,1.786e-10,1.625e-10,2.923e-10,7.518e-10
-3.50,2.50,9.401772e-13,9.401772e-13,9.401772e-13,9.401772e-13,9.401772e-13,9.401772e-13,9.401772e-13,9.401772e-13,9.401772e-13,1.704e-10,1.391e-10,7.676e-11,2.715e-11,1.085e-10,7.626e-11,1.152e-10,2.877e-10,9.203e-10
-3.50,3.00,9.401772e-13,9.401772e-13,9.401772e-13,9.401772e-13,9.401772e-13,9.401772e-13,9.401772e-13,9.401772e-13,9.401772e-13,2.420e-10,1.263e-10,1.548e-10,9.421e-11,2.867e-10,1.638e-10,2.714e-10,3.012e-10,5.482e-10
-3.50,3.50,9.401772e-13,9.401772e-13,9.401772e-13,9.401772e-13,9.401772e-13,9.401772e-13,9.401772e-13,9.401772e-13,9.401772e-13,1.091e-10,5.064e-11,9.255e-11,5.335e-11,1.846e-10,1.186e-10,1.690e-10,2.042e-10,3.946e-10
-3.50,4.00,9.401772e-13,9.401772e-13,9.401772e-13,9.401772e-13,9.401772e-13,9.401772e-13,9.401772e-13,9.401772e-13,9.401772e-13,2.823e-10,3.265e-10,2.715e-10,3.226e-10,3.659e-10,3.391e-10,3.562e-10,2.281e-10,4.492e-10
-3.50,4.50,9.401772e-13,9.401772e-13,9.401772e-13,9.401772e-13,9.401772e-13,9.401772e-13,9.401772e-13,9.401772e-13,9.401772e-13,4.805e-11,5.665e-11,1.925e-10,2.553e-11,7.092e-11,5.284e-11,9.772e-11,2.053e-10,4.140e-10
-3.50,5.00,9.401772e-13,9.401772e-13,9.401772e-13,9.401772e-13,9.401772e-13,9.401772e-13,9.401772e-13,9.401772e-13,9.401772e-13,5.080e-11,5.270e-11,1.542e-11,1.035e-10,6.612e-11,5.794e-11,3.701e-11,1.854e-12,7.005e-10
-3.50,5.50,9.401772e-13,9.401772e-13,9.401772e-13,9.401772e-13,9.401772e-13,9.401772e-13,9.401772e-13,9.401772e-13,9.401772e-13,9.504e-11,2.158e-11,1.544e-10,3.147e-11,1.378e-11,2.851e-11,4.379e-12,7.012e-11,2.929e-10
-3.50,6.00,9.401772e-13,9.401772e-13,9.401772e-13,9.401772e-13,9.401772e-13,9.401772e-13,9.401772e-13,9.401772e-13,9.401772e-13,5.813e-11,7.212e-11,1.128e-10,4.759e-12,1.036e-10,7.192e-11,7.318e-11,3.557e-12,1.647e-10
-3.50,6.50,9.401772e-13,9.401772e-13,9.401772e-13,9.401772e-13,9.401772e-13,9.401772e-13,9.401772e-13,9.401772e-13,9.401772e-13,4.449e-11,3.356e-12,1.042e-10,8.919e-11,3.464e-11,4.941e-11,7.082e-11,1.888e-10,2.722e-10
-3.50,7.00,9.401772e-13,9.401772e-13,9.401772e-13,9.401772e-13,9.401772e-13,9.401772e-13,9.401772e-13,9.401772e-13,9.401772e-13,6.813e-11,3.267e-11,3.724e-12,2.347e-12,6.707e-11,1.257e-10,2.214e-11,2.024e-11,1.552e-10
-3.50,7.50,9.401772e-13,9.401772e-13,9.401772e-13,9.401772e-13,9.401772e-13,9.401772e-13,9.401772e-13,9.401772e-13,9.401772e-13,1.184e-10,1.030e-10,6.906e-11,1.703e-10,5.021e-11,4.365e-11,4.420e-11,2.327e-11,2.209e-10
-3.50,8.00,9.401772e-13,9.401772e-13,9.401772e-13,9.401772e-13,9.401772e-13,9.401772e-13,9.401772e-13,9.401772e-13,9.401772e-13,4.684e-12,4.911e-11,9.080e-11,2.705e-11,9.932e-12,7.762e-11,5.208e-11,9.793e-12,1.713e-10
-3.00,-8.00,9.401772e-13,9.401772e-13,9.401772e-13,9.401772e-13,9.401772e-13,9.401772e-13,9.401772e-13,9.401772e-13,9.401772e-13,4.158e-10,4.158e-10,1.830e-10,6.984e-11,2.148e-10,1.830e-10,2.570e-11,2.539e-10,2.461e-09
-3.00,-7.50,9.401772e-13,9.401772e-13,9.401772e-13,9.401772e-13,9.401772e-13,9.401772e-13,9.401772e-13,9.401772e-13,9.401772e-13,4.115e-10,4.115e-10,1.622e-10,5.737e-10,6.322e-10,1.622e-10,4.808e-10,9.935e-10,2.126e-09
-3.00,-7.00,9.401772e-13,9.401772e-13,9.401772e-13,9.401772e-13,9.401772e-13,9.401772e-13,9.401772e-13,9.401772e-13,9.401772e-13,9.517e-10,9.517e-10,1.137e-09,1.167e-09,1.003e-09,1.137e-09,8.756e-10,1.125e-09,2.438e-09
-3.00,-6.50,9.401772e-13,9.401772e-13,9.401772e-13,9.401772e-13,9.401772e-13,9.401772e-13,9.401772e-13,9.401772e-13,9.401772e-13,9.799e-11,9.799e-11,2.625e-10,1.906e-10,2.208e-11,2.625e-10,7.208e-11,4.475e-10,1.824e-09
-3.00,-6.00,9.401772e-13,9.401772e-13,9.401772e-13,9.401772e-13,9.401772e-13,9.401772e-13,9.401772e-13,9.401772e-13,9.401772e-13,4.910e-10,4.910e-10,5.601e-10,6.081e-10,5.791e-10,5.601e-10,3.789e-10,5.169e-10,8.785e-10
-3.00,-5.50,9.401772e-13,9.401772e-13,9.401772e-13,9.401772e-13,9.401772e-13,9.401772e-13,9.401772e-13,9.401772e-13,9.401772e-13,3.460e-10,3.460e-10,1.762e-10,3.514e-10,4.087e-10,1.762e-10,3.406e-10,2.213e-10,1.412e-09
-3.00,-5.00,9.401772e-13,9.401772e-13,9.401772e-13,9.401772e-13,9.401772e-13,9.401772e-13,9.401772e-13,9.401772e-13,9.401772e-13,7.711e-13,7.711e-13,2.996e-11,1.598e-10,7.358e-11,2.996e-11,1.109e-10,3.781e-11,9.061e-10
-3.00,-4.50,9.401772e-13,9.401772e-13,9.401772e-13,9.401772e-13,9.401772e-13,9.401772e-13,9.401772e-13,9.401772e-13,9.401772e-13,9.646e-10,9.646e-10,1.007e-09,3.212e-10,6.488e-10,1.007e-09,8.185e-10,7.707e-10,7.963e-10
-3.00,-4.00,9.401772e-13,9.401772e-13,9.401772e-13,9.401772e-13,9.401772e-13,9.401772e-13,9.401772e-13,9.401772e-13,9.401772e-13,6.773e-11,6.773e-11,3.591e-10,2.509e-10,1.267e-10,3.591e-10,1.210e-10,1.850e-10,2.055e-09
-3.00,-3.50,9.401772e-13,9.401772e-13,9.401772e-13,9.401772e-13,9.401772e-13,9.401772e-13,9.401772e-13,9.401772e-13,9.401772e-13,1.233e-10,1.233e-10,1.096e-10,4.992e-11,9.401e-11,1.096e-10,1.303e-10,1.992e-10,1.313e-09
-3.00,-3.00,9.401772e-13,9.401772e-13,9.401772e-13,9.401772e-13,9.401772e-13,9.401772e-13,9.401772e-13,9.401772e-13,9.401772e-13,1.912e-10,1.912e-10,1.069e-10,7.851e-11,1.685e-12,1.069e-10,1.521e-10,1.251e-10,7.743e-10
-3.00,-2.50,9.401772e-13,9.401772e-13,9.401772e-13,9.401772e-13,9.401772e-13,9.401772e-13,9.401772e-13,9.401772e-13,9.401772e-13,5.684e-11,5.684e-11,4.425e-11,1.592e-10,2.579e-11,4.425e-11,5.449e-11,6.797e-12,1.368e-09
-3.00,-2.00,9.401772e-13,9.401772e-13,9.401772e-13,9.401772e-13,9.401772e-13,9.401772e-13,9.401772e-13,9.401772e-13,9.401772e-13,2.087e-10,2.087e-10,3.782e-10,8.810e-11,3.310e-10,3.782e-10,9.755e-11,1.861e-10,1.685e-09
-3.00,-1.50,9.401772e-13,9.401772e-13,9.401772e-13,9.401772e-13,9.401772e-13,9.401772e-13,9.401772e-13,9.401772e-13,9.401772e-13,8.371e-13,3.508e-12,3.479e-10,2.090e-10,1.379e-10,4.156e-10,4.682e-10,1.016e-11,1.132e-09
-3.00,-1.00,9.401772e-13,9.401772e-13,9.401772e-13,9.401772e-13,9.401772e-13,9.401772e-13,9.401772e-13,9.401772e-13,9.401772e-13,4.251e-10,3.191e-10,7.384e-10,5.129e-10,5.315e-10,5.357e-10,4.799e-10,8.172e-10,1.814e-09
-3.00,-0.50,9.401772e-13,9.401772e-13,9.401772e-13,9.401772e-13,9.401772e-13,9.401772e-13,9.401772e-13,9.401772e-13,9.401772e-13,2.101e-10,1.926e-10,2.886e-10,3.357e-10,3.611e-10,3.077e-10,2.598e-10,2.861e-10,1.006e-09
-3.00,0.00,9.401772e-13,9.401772e-13,9.401772e-13,9.401772e-13,9.401772e-13,9.401772e-13,9.401772e-13,9.401772e-13,9.401772e-13,8.848e-11,8.695e-11,6.879e-11,8.723e-11,1.062e-10,1.378e-10,2.661e-10,3.650e-11,7.903e-10
-3.00,0.50,9.401772e-13,9.401772e-13,9.401772e-13,9.401772e-13,9.401772e-13,9.401772e-13,9.401772e-13,9.401772e-13,9.401772e-13,1.992e-10,1.884e-10,6.955e-11,1.035e-10,1.098e-10,1.177e-11,1.347e-10,1.966e-10,8.401e-10
-3.00,1.00,9.401772e-13,9.401772e-13,9.401772e-13,9.401772e-13,9.401772e-13,9.401772e-13,9.401772e-13,9.401772e-13,9.401772e-13,1.865e-10,3.314e-10,2.694e-10,2.550e-10,2.284e-10,9.456e-11,3.238e-10,2.545e-10,1.612e-09
-3.00,1.50,9.401772e-13,9.401772e-13,9.401772e-13,9.401772e-13,9.401772e-13,9.401772e-13,9.401772e-13,9.401772e-13,9.401772e-13,2.515e-10,1.832e-10,7.957e-11,5.840e-11,1.446e-10,7.002e-11,1.027e-10,2.092e-10,4.352e-10
-3.00,2.00,9.401772e-13,9.401772e-13,9.401772e-13,9.401772e-13,9.401772e-13,9.401772e-13,9.401772e-13,9.401772e-13,9.401772e-13,5.290e-10,4.831e-10,5.134e-10,4.526e-10,4.467e-10,4.720e-10,5.544e-10,6.005e-10,6.496e-10
-3.00,2.50,9.401772e-13,9.401772e-13,9.401772e-13,9.401772e-13,9.401772e-13,9.401772e-13,9.401772e-13,9.401772e-13,9.401772e-13,2.903e-10,4.331e-10,4.298e-10,3.567e-10,3.134e-10,3.962e-10,4.432e-10,3.123e-10,9.274e-10
-3.00,3.00,9.401772e-13,9.401772e-13,9.401772e-13,9.401772e-13,9.401772e-13,9.401772e-13,9.401772e-13,9.401772e-13,9.401772e-13,9.083e-11,1.426e-10,1.638e-10,8.927e-11,1.206e-10,1.589e-10,1.443e-10,3.543e-11,5.297e-10
-3.00,3.50,9.401772e-13,9.401772e-13,9.401772e-13,9.401772e-13,9.401772e-13,9.401772e-13,9.401772e-13,9.401772e-13,9.401772e-13,2.094e-11,7.369e-11,9.880e-11,6.374e-12,1.684e-10,1.326e-11,9.494e-11,4.747e-11,3.339e-10
-3.00,4.00,9.401772e-13,9.401772e-13,9.401772e-13,9.401772e-13,9.401772e-13,9.401772e-13,9.401772e-13,9.401772e-13,9.401772e-13,2.003e-10,2.397e-10,2.260e-10,3.513e-10,2.196e-10,2.010e-10,2.474e-10,1.979e-10,6.186e-10
-3.00,4.50,9.401772e-13,9.401772e-13,9.401772e-13,9.401772e-13,9.401772e-13,9.401772e-13,9.401772e-13,9.401772e-13,9.401772e-13,1.238e-10,1.204e-10,9.037e-11,2.491e-10,8.926e-11,1.434e-10,1.357e-10,1.022e-10,3.577e-10
-3.00,5.00,9.401772e-13,9.401772e-13,9.401772e-13,9.401772e-13,9.401772e-13,9.401772e-13,9.401772e-13,9.401772e-13,9.401772e-13,1.202e-10,2.407e-11,4.714e-11,7.740e-11,8.858e-12,7.999e-11,1.758e-11,5.434e-11,2.498e-10
-3.00,5.50,9.401772e-13,9.401772e-13,9.401772e-13,9.401772e-13,9.401772e-13,9.401772e-13,9.401772e-13,9.401772e-13,9.401772e-13,7.470e-11,2.970e-11,2.682e-11,3.638e-11,3.447e-11,9.411e-11,2.639e-11,7.064e-11,1.606e-10
-3.00,6.00,9.401772e-13,9.401772e-13,9.401772e-13,9.401772e-13,9.401772e-13,9.401772e-13,9.401772e-13,9.401772e-13,9.401772e-13,2.038e-10,1.069e-11,1.228e-10,1.547e-10,2.889e-12,1.579e-10,8.811e-13,1.156e-10,1.885e-10
-3.00,6.50,9.401772e-13,9.401772e-13,9.401772e-13,9.401772e-13,9.401772e-13,9.401772e-13,9.401772e-13,9.401772e-13,9.401772e-13,1.084e-10,1.503e-10,1.576e-11,9.579e-11,6.737e-11,3.275e-11,3.352e-11,7.876e-11,2.401e-10
-3.00,7.00,9.401772e-13,9.401772e-13,9.401772e-13,9.401772e-13,9.401772e-13,9.401772e-13,9.401772e-13,9.401772e-13,9.401772e-13,1.335e-10,2.097e-10,1.644e-10,2.024e-10,2.894e-10,1.874e-10,1.817e-10,2.653e-10,3.107e-10
-3.00,7.50,9.401772e-13,9.401772e-13,9.401772e-13,9.401772e-13,9.401772e-13,9.401772e-13,9.401772e-13,9.401772e-13,9.401772e-13,3.414e-11,1.968e-11,2.903e-11,4.074e-11,7.971e-11,1.244e-10,1.035e-10,5.523e-12,1.558e-10
-3.00,8.00,9.401772e-13,9.401772e-13,9.401772e-13,9.401772e-13,9.401772e-13,9.401772e-13,9.401772e-13,9.401772e-13,9.401772e-13,2.046e-10,1.914e-10,8.765e-11,2.171e-10,2.514e-10,1.383e-10,1.623e-10,2.828e-10,4.110e-10
-2.50,-8.00,9.401772e-13,9.401772e-13,9.401772e-13,9.401772e-13,9.401772e-13,9.401772e-13,9.401772e-13,9.401772e-13,9.401772e-13,9.398e-10,9.398e-10,8.223e-10,6.440e-10,8.256e-10,8.223e-10,9.400e-10,7.929e-10,8.390e-10
-2.50,-7.50,9.401772e-13,9.401772e-13,9.401772e-13,9.401772e-13,9.401772e-13,9.401772e-13,9.401772e-13,9.401772e-13,9.401772e-13,1.486e-09,1.486e-09,1.070e-09,1.070e-09,1.124e-09,1.070e-09,9.545e-10,1.344e-09,3.040e-09
-2.50,-7.00,9.401772e-13,9.401772e-13,9.401772e-13,9.401772e-13,9.401772e-13,9.401772e-13,9.401772e-13,9.401772e-13,9.401772e-13,5.428e-10,5.428e-10,6.234e-10,5.889e-10,4.783e-10,6.234e-10,7.286e-10,5.005e-10,1.609e-09
-2.50,-6.50,9.401772e-13,9.401772e-13,9.401772e-13,9.401772e-13,9.401772e-13,9.401772e-13,9.401772e-13,9.401772e-13,9.401772e-13,2.667e-10,2.667e-10,1.491e-10,6.716e-11,9.671e-11,1.491e-10,2.298e-10,2.345e-10,5.996e-10
-2.50,-6.00,9.401772e-13,9.401772e-13,9.401772e-13,9.401772e-13,9.401772e-13,9.401772e-13,9.401772e-13,9.401772e-13,9.401772e-13,1.819e-10,1.819e-10,5.110e-10,3.964e-10,4.382e-10,5.110e-10,1.294e-10,1.881e-10,1.136e-09
-2.50,-5.50,9.401772e-13,9.401772e-13,9.401772e-13,9.401772e-13,9.401772e-13,9.401772e-13,9.401772e-13,9.401772e-13,9.401772e-13,3.990e-10,3.990e-10,6.948e-10,6.972e-10,6.495e-10,6.948e-10,6.877e-10,4.023e-10,1.601e-09
-2.50,-5.00,9.401772e-13,9.401772e-13,9.401772e-13,9.401772e-13,9.401772e-13,9.401772e-13,9.401772e-13,9.401772e-13,9.401772e-13,4.185e-10,4.185e-10,1.546e-10,9.719e-11,2.522e-10,1.546e-10,3.716e-11,8.079e-12,1.630e-09
-2.50,-4.50,9.401772e-13,9.401772e-13,9.401772e-13,9.401772e-13,9.401772e-13,9.401772e-13,9.401772e-13,9.401772e-13,9.401772e-13,1.469e-10,1.469e-10,2.993e-10,1.218e-10,2.110e-10,2.993e-10,2.457e-10,1.281e-10,9.662e-10
-2.50,-4.00,9.401772e-13,9.401772e-13,9.401772e-13,9.401772e-13,9.401772e-13,9.401772e-13,9.401772e-13,9.401772e-13,9.401772e-13,4.832e-10,4.832e-10,4.453e-10,3.387e-10,5.014e-10,4.453e-10,6.002e-10,4.280e-10,1.398e-09
-2.50,-3.50,9.401772e-13,9.401772e-13,9.401772e-13,9.401772e-13,9.401772e-13,9.401772e-13,9.401772e-13,9.401772e-13,9.401772e-13,2.390e-11,2.390e-11,2.049e-10,1.805e-10,1.073e-10,2.049e-10,8.537e-11,5.704e-11,1.627e-09
-2.50,-3.00,9.401772e-13,9.401772e-13,9.401772e-13,9.401772e-13,9.401772e-13,9.401772e-13,9.401772e-13,9.401772e-13,9.401772e-13,4.259e-10,4.259e-10,3.810e-10,2.231e-10,3.319e-10,3.810e-10,4.071e-10,5.342e-10,1.211e-09
-2.50,-2.50,9.401772e-13,9.401772e-13,9.401772e-13,9.401772e-13,9.401772e-13,9.401772e-13,9.401772e-13,9.401772e-13,9.401772e-13,1.003e-10,1.003e-10,7.272e-11,1.448e-10,2.830e-10,7.272e-11,2.437e-10,1.295e-10,6.490e-10
-2.50,-2.00,9.401772e-13,9.401772e-13,9.401772e-13,9.401772e-13,9.401772e-13,9.401772e-13,9.401772e-13,9.401772e-13,9.401772e-13,1.540e-10,1.540e-10,1.857e-10,1.578e-10,1.235e-10,1.857e-10,2.723e-10,4.750e-10,1.279e-09
-2.50,-1.50,9.401772e-13,9.401772e-13,9.401772e-13,9.401772e-13,9.401772e-13,9.401772e-13,9.401772e-13,9.401772e-13,9.401772e-13,2.283e-10,1.886e-10,7.727e-11,3.355e-11,5.010e-11,7.727e-11,2.194e-10,2.064e-10,7.019e-10
-2.50,-1.00,9.401772e-13,9.401772e-13,9.401772e-13,9.401772e-13,9.401772e-13,9.401772e-13,9.401772e-13,9.401772e-13,9.401772e-13,3.115e-10,3.399e-10,4.019e-10,4.444e-10,4.789e-10,4.662e-10,2.942e-10,4.147e-10,7.759e-10
-2.50,-0.50,9.401772e-13,9.401772e-13,9.401772e-13,9.401772e-13,9.401772e-13,9.401772e-13,9.401772e-13,9.401772e-13,9.401772e-13,1.239e-11,3.822e-11,1.466e-10,4.976e-11,1.433e-10,1.754e-10,1.372e-10,8.837e-11,8.181e-10
-2.50,0.00,9.401772e-13,9.401772e-13,9.401772e-13,9.401772e-13,9.401772e-13,9.401772e-13,9.401772e-13,9.401772e-13,9.401772e-13,1.859e-10,1.901e-10,1.727e-10,3.254e-10,1.306e-10,1.292e-10,1.002e-10,1.568e-10,8.198e-10
-2.50,0.50,9.401772e-13,9.401772e-13,9.401772e-13,9.401772e-13,9.401772e-13,9.401772e-13,9.401772e-13,9.401772e-13,9.401772e-13,3.689e-11,1.614e-11,1.429e-10,1.022e-10,1.314e-10,1.874e-10,2.007e-10,7.556e-11,6.799e-10
-2.50,1.00,9.401772e-13,9.401772e-13,9.401772e-13,9.401772e-13,9.401772e-13,9.401772e-13,9.401772e-13,9.401772e-13,9.401772e-13,1.136e-10,4.191e-11,2.397e-11,8.181e-11,9.891e-11,3.595e-11,1.667e-10,2.050e-11,4.839e-10
-2.50,1.50,9.401772e-13,9.401772e-13,9.401772e-13,9.401772e-13,9.401772e-13,9.401772e-13,9.401772e-13,9.401772e-13,9.401772e-13,1.901e-10,2.774e-10,2.053e-10,9.226e-11,1.603e-10,2.083e-10,3.640e-11,1.750e-10,2.562e-10
-2.50,2.00,9.401772e-13,9.401772e-13,9.401772e-13,9.401772e-13,9.401772e-13,9.401772e-13,9.401772e-13,9.401772e-13,9.401772e-13,3.359e-10,3.072e-10,3.612e-10,2.930e-10,5.159e-10,4.195e-10,3.893e-10,2.710e-10,6.351e-10
-2.50,2.50,9.401772e-13,9.401772e-13,9.401772e-13,9.401772e-13,9.401772e-13,9.401772e-13,9.401772e-13,9.401772e-13,9.401772e-13,1.160e-10,2.026e-10,1.783e-10,2.202e-11,8.805e-11,1.691e-10,3.273e-11,4.098e-12,4.051e-10
-2.50,3.00,9.401772e-13,9.401772e-13,9.401772e-13,9.401772e-13,9.401772e-13,9.401772e-13,9.401772e-13,9.401772e-13,9.401772e-13,1.926e-11,1.226e-12,1.193e-11,5.274e-11,3.735e-12,1.102e-10,1.238e-10,1.241e-10,2.198e-10
-2.50,3.50,9.401772e-13,9.401772e-13,9.401772e-13,9.401772e-13,9.401772e-13,9.401772e-13,9.401772e-13,9.401772e-13,9.401772e-13,8.078e-11,8.649e-11,9.168e-11,5.613e-11,3.328e-11,1.059e-10,6.031e-12,1.244e-11,2.817e-10
-2.50,4.00,9.401772e-13,9.401772e-13,9.401772e-13,9.401772e-13,9.401772e-13,9.401772e-13,9.401772e-13,9.401772e-13,9.401772e-13,7.722e-12,6.735e-11,5.664e-11,7.297e-11,3.469e-11,1.496e-10,7.948e-12,4.652e-11,2.687e-10
-2.50,4.50,9.401772e-13,9.401772e-13,9.401772e-13,9.401772e-13,9.401772e-13,9.401772e-13,9.401772e-13,9.401772e-13,9.401772e-13,7.387e-11,1.340e-11,5.300e-11,7.062e-11,4.634e-11,7.074e-11,1.332e-11,1.125e-11,2.152e-10
-2.50,5.00,9.401772e-13,9.401772e-13,9.401772e-13,9.401772e-13,9.401772e-13,9.401772e-13,9.401772e-13,9.401772e-13,9.401772e-13,7.318e-11,5.395e-11,1.809e-11,3.956e-11,1.164e-11,8.147e-12,2.947e-11,1.534e-12,1.325e-10
-2.50,5.50,9.401772e-13,9.401772e-13,9.401772e-13,9.401772e-13,9.401772e-13,9.401772e-13,9.401772e-13,9.401772e-13,9.401772e-13,1.549e-11,9.712e-12,4.927e-11,1.434e-12,2.892e-11,6.242e-12,3.805e-11,3.445e-11,1.925e-10
-2.50,6.00,9.401772e-13,9.401772e-13,9.401772e-13,9.401772e-13,9.401772e-13,9.401772e-13,9.401772e-13,9.401772e-13,9.401772e-13,7.142e-11,1.858e-11,9.057e-11,6.903e-11,6.759e-11,7.762e-11,1.268e-10,1.960e-11,2.767e-10
-2.50,6.50,9.401772e-13,9.401772e-13,9.401772e-13,9.401772e-13,9.401772e-13,9.401772e-13,9.401772e-13,9.401772e-13,9.401772e-13,2.630e-10,2.708e-10,1.046e-10,2.965e-10,1.984e-10,9.552e-11,9.286e-11,1.962e-10,1.610e-10
-2.50,7.00,9.401772e-13,9.401772e-13,9.401772e-13,9.401772e-13,9.401772e-13,9.401772e-13,9.401772e-13,9.401772e-13,9.401772e-13,1.877e-10,1.744e-10,3.681e-10,2.625e-10,2.372e-10,3.131e-10,3.637e-10,3.178e-10,2.203e-10
-2.50,7.50,9.401772e-13,9.401772e-13,9.401772e-13,9.401772e-13,9.401772e-13,9.401772e-13,9.401772e-13,9.401772e-13,9.401772e-13,7.108e-11,1.575e-10,2.248e-11,2.326e-10,9.959e-11,1.301e-11,5.345e-11,1.771e-10,3.166e-10
-2.50,8.00,9.401772e-13,9.401772e-13,9.401772e-13,9.401772e-13,9.401772e-13,9.401772e-13,9.401772e-13,9.401772e-13,9.401772e-13,7.638e-11,1.633e-10,3.680e-10,2.395e-10,1.573e-10,2.735e-10,3.873e-10,2.079e-10,3.707e-10
-2.00,-8.00,9.401772e-13,9.401772e-13,9.401772e-13,9.401772e-13,9.401772e-13,9.401772e-13,9.401772e-13,9.401772e-13,9.401772e-13,8.025e-11,8.025e-11,3.066e-10,1.868e-10,4.195e-10,3.066e-10,2.293e-10,9.749e-11,6.324e-10
-2.00,-7.50,9.401772e-13,9.401772e-13,9.401772e-13,9.401772e-13,9.401772e-13,9.401772e-13,9.401772e-13,9.401772e-13,9.401772e-13,5.740e-10,5.740e-10,4.144e-10,4.653e-10,3.353e-10,4.144e-10,2.738e-10,4.429e-10,9.579e-10
-2.00,-7.00,9.401772e-13,9.401772e-13,9.401772e-13,9.401772e-13,9.401772e-13,9.401772e-13,9.401772e-13,9.401772e-13,9.401772e-13,8.575e-11,8.575e-11,1.736e-10,1.688e-10,2.233e-10,1.736e-10,1.750e-10,2.125e-10,8.993e-10
-2.00,-6.50,9.401772e-13,9.401772e-13,9.401772e-13,9.401772e-13,9.401772e-13,9.401772e-13,9.401772e-13,9.401772e-13,9.401772e-13,1.726e-10,1.726e-10,1.721e-10,4.492e-10,1.591e-10,1.721e-10,2.981e-10,2.540e-10,1.394e-09
-2.00,-6.00,9.401772e-13,9.401772e-13,9.401772e-13,9.401772e-13,9.401772e-13,9.401772e-13,9.401772e-13,9.401772e-13,9.401772e-13,5.055e-10,5.055e-10,4.460e-10,4.502e-10,6.379e-10,4.460e-10,7.237e-10,5.172e-10,1.079e-09
-2.00,-5.50,9.401772e-13,9.401772e-13,9.401772e-13,9.401772e-13,9.401772e-13,9.401772e-13,9.401772e-13,9.401772e-13,9.401772e-13,6.876e-10,6.876e-10,7.128e-10,7.542e-10,6.578e-10,7.128e-10,7.809e-10,7.977e-10,9.859e-10
-2.00,-5.00,9.401772e-13,9.401772e-13,9.401772e-13,9.401772e-13,9.401772e-13,9.401772e-13,9.401772e-13,9.401772e-13,9.401772e-13,4.049e-10,4.049e-10,6.551e-10,8.322e-10,8.035e-10,6.551e-10,5.468e-10,5.571e-10,1.118e-09
-2.00,-4.50,9.401772e-13,9.401772e-13,9.401772e-13,9.401772e-13,9.401772e-13,9.401772e-13,9.401772e-13,9.401772e-13,9.401772e-13,4.712e-10,4.712e-10,4.047e-10,5.715e-10,3.642e-10,4.047e-10,3.374e-10,3.212e-10,8.269e-10
-2.00,-4.00,9.401772e-13,9.401772e-13,9.401772e-13,9.401772e-13,9.401772e-13,9.401772e-13,9.401772e-13,9.401772e-13,9.401772e-13,1.809e-10,1.809e-10,3.981e-10,3.345e-10,3.328e-10,3.981e-10,3.259e-10,8.712e-11,8.660e-10
-2.00,-3.50,9.401772e-13,9.401772e-13,9.401772e-13,9.401772e-13,9.401772e-13,9.401772e-13,9.401772e-13,9.401772e-13,9.401772e-13,5.655e-10,5.655e-10,6.146e-10,6.801e-10,4.831e-10,6.146e-10,4.869e-10,3.927e-10,1.956e-09
-2.00,-3.00,9.401772e-13,9.401772e-13,9.401772e-13,9.401772e-13,9.401772e-13,9.401772e-13,9.401772e-13,9.401772e-13,9.401772e-13,3.831e-10,3.831e-10,1.685e-10,2.547e-10,2.603e-10,1.685e-10,1.225e-10,2.185e-10,1.299e-09
-2.00,-2.50,9.401772e-13,9.401772e-13,9.401772e-13,9.401772e-13,9.401772e-13,9.401772e-13,9.401772e-13,9.401772e-13,9.401772e-13,1.552e-10,1.552e-10,1.656e-10,2.140e-10,9.102e-11,1.656e-10,3.303e-10,3.782e-11,1.167e-09
-2.00,-2.00,9.401772e-13,9.401772e-13,9.401772e-13,9.401772e-13,9.401772e-13,9.401772e-13,9.401772e-13,9.401772e-13,9.401772e-13,5.334e-10,5.334e-10,6.917e-10,4.520e-10,5.445e-10,6.917e-10,5.721e-10,7.597e-10,1.880e-09
-2.00,-1.50,9.401772e-13,9.401772e-13,9.401772e-13,9.401772e-13,9.401772e-13,9.401772e-13,9.401772e-13,9.401772e-13,9.401772e-13,2.036e-11,2.036e-11,1.358e-10,3.477e-11,1.358e-10,1.358e-10,1.436e-10,4.076e-11,7.463e-10
-2.00,-1.00,9.401772e-13,9.401772e-13,9.401772e-13,9.401772e-13,9.401772e-13,9.401772e-13,9.401772e-13,9.401772e-13,9.401772e-13,1.068e-10,2.995e-11,3.397e-11,9.504e-11,1.386e-10,3.302e-11,1.419e-10,1.291e-11,1.087e-09
-2.00,-0.50,9.401772e-13,9.401772e-13,9.401772e-13,9.401772e-13,9.401772e-13,9.401772e-13,9.401772e-13,9.401772e-13,9.401772e-13,1.969e-08,1.977e-08,2.451e-10,1.308e-11,3.424e-10,3.566e-10,3.120e-10,2.506e-10,4.834e-10
-2.00,0.00,9.401772e-13,9.401772e-13,9.401772e-13,9.401772e-13,9.401772e-13,9.401772e-13,9.401772e-13,9.401772e-13,9.401772e-13,1.404e-10,8.087e-11,1.341e-11,1.949e-11,7.363e-11,2.493e-11,1.180e-10,2.689e-11,5.950e-10
-2.00,0.50,9.401772e-13,9.401772e-13,9.401772e-13,9.401772e-13,9.401772e-13,9.401772e-13,9.401772e-13,9.401772e-13,9.401772e-13,1.791e-10,9.260e-11,8.037e-12,1.772e-10,2.875e-10,1.829e-10,2.053e-10,2.207e-10,5.800e-10
-2.00,1.00,9.401772e-13,9.401772e-13,9.401772e-13,9.401772e-13,9.401772e-13,9.401772e-13,9.401772e-13,9.401772e-13,9.401772e-13,1.967e-10,1.641e-10,2.739e-10,1.003e-10,1.707e-10,2.222e-10,2.024e-10,2.967e-10,2.909e-10
-2.00,1.50,9.401772e-13,9.401772e-13,9.401772e-13,9.401772e-13,9.401772e-13,9.401772e-13,9.401772e-13,9.401772e-13,9.401772e-13,1.233e-10,1.328e-10,1.371e-10,1.297e-10,3.200e-11,1.883e-10,1.163e-10,1.524e-10,6.988e-10
-2.00,2.00,9.401772e-13,9.401772e-13,9.401772e-13,9.401772e-13,9.401772e-13,9.401772e-13,9.401772e-13,9.401772e-13,9.401772e-13,4.184e-10,3.659e-10,3.656e-10,2.814e-10,3.173e-10,3.792e-10,4.797e-10,4.720e-10,3.209e-10
-2.00,2.50,9.401772e-13,9.401772e-13,9.401772e-13,9.401772e-13,9.401772e-13,9.401772e-13,9.401772e-13,9.401772e-13,9.401772e-13,1.721e-10,1.021e-10,1.062e-10,1.182e-10,1.335e-10,1.033e-10,1.690e-10,5.594e-11,4.535e-10
-2.00,3.00,9.401772e-13,9.401772e-13,9.401772e-13,9.401772e-13,9.401772e-13,9.401772e-13,9.401772e-13,9.401772e-13,9.401772e-13,2.068e-11,3.119e-11,4.263e-11,8.092e-11,5.744e-11,1.300e-12,7.636e-11,7.243e-11,1.584e-10
-2.00,3.50,9.401772e-13,9.401772e-13,9.401772e-13,9.401772e-13,9.401772e-13,9.401772e-13,9.401772e-13,9.401772e-13,9.401772e-13,8.994e-11,8.969e-11,1.150e-10,6.422e-11,1.616e-10,7.975e-11,7.303e-11,1.825e-10,3.382e-10
-2.00,4.00,9.401772e-13,9.401772e-13,9.401772e-13,9.401772e-13,9.401772e-13,9.401772e-13,9.401772e-13,9.401772e-13,9.401772e-13,8.599e-11,1.449e-10,2.535e-11,8.333e-11,3.784e-12,1.007e-11,2.195e-11,1.929e-10,2.709e-10
-2.00,4.50,9.401772e-13,9.401772e-13,9.401772e-13,9.401772e-13,9.401772e-13,9.401772e-13,9.401772e-13,9.401772e-13,9.401772e-13,2.113e-11,6.667e-11,4.794e-11,2.922e-11,8.433e-11,1.445e-11,1.068e-11,1.570e-10,1.632e-10
-2.00,5.00,9.401772e-13,9.401772e-13,9.401772e-13,9.401772e-13,9.401772e-13,9.401772e-13,9.401772e-13,9.401772e-13,9.401772e-13,2.053e-10,2.434e-10,2.118e-11,7.288e-11,2.133e-10,1.848e-10,8.603e-11,1.520e-10,2.312e-10
-2.00,5.50,9.401772e-13,9.401772e-13,9.401772e-13,9.401772e-13,9.401772e-13,9.401772e-13,9.401772e-13,9.401772e-13,9.401772e-13,1.775e-11,1.327e-12,8.665e-11,3.560e-11,3.541e-11,1.121e-10,5.536e-11,9.990e-11,1.703e-10
-2.00,6.00,9.401772e-13,9.401772e-13,9.401772e-13,9.401772e-13,9.401772e-13,9.401772e-13,9.401772e-13,9.401772e-13,9.401772e-13,1.273e-10,1.360e-10,1.905e-10,9.049e-11,2.028e-10,2.787e-10,1.360e-10,5.147e-11,4.282e-10
-2.00,6.50,9.401772e-13,9.401772e-13,9.401772e-13,9.401772e-13,9.401772e-13,9.401772e-13,9.401772e-13,9.401772e-13,9.401772e-13,1.365e-10,2.113e-10,4.955e-11,2.253e-10,1.391e-10,6.547e-11,2.114e-10,3.142e-10,2.261e-10
-2.00,7.00,9.401772e-13,9.401772e-13,9.401772e-13,9.401772e-13,9.401772e-13,9.401772e-13,9.401772e-13,9.401772e-13,9.401772e-13,6.705e-11,2.275e-10,3.063e-10,2.071e-10,1.455e-10,2.717e-10,1.809e-10,7.887e-11,2.438e-10
-2.00,7.50,9.401772e-13,9.401772e-13,9.401772e-13,9.401772e-13,9.401772e-13,9.401772e-13,9.401772e-13,9.401772e-13,9.401772e-13,2.907e-11,3.453e-11,3.422e-11,2.011e-11,7.566e-11,8.264e-11,8.467e-12,2.535e-11,4.721e-10
-2.00,8.00,9.401772e-13,9.401772e-13,9.401772e-13,9.401772e-13,9.401772e-13,9.401772e-13,9.401772e-13,9.401772e-13,9.401772e-13,2.422e-10,3.758e-10,2.543e-10,2.578e-10,1.923e-10,2.970e-10,1.388e-10,2.703e-10,3.554e-10
-1.50,-8.00,9.401772e-13,9.401772e-13,9.401772e-13,9.401772e-13,9.401772e-13,9.401772e-13,9.401772e-13,9.401772e-13,9.401772e-13,1.820e-10,1.820e-10,2.200e-10,5.022e-11,9.196e-11,2.200e-10,2.229e-11,3.368e-10,1.022e-09
-1.50,-7.50,9.401772e-13,9.401772e-13,9.401772e-13,9.401772e-13,9.401772e-13,9.401772e-13,9.401772e-13,9.401772e-13,9.401772e-13,1.398e-10,1.398e-10,2.284e-10,8.017e-11,8.011e-11,2.284e-10,6.162e-11,2.534e-10,1.155e-09
-1.50,-7.00,9.401772e-13,9.401772e-13,9.401772e-13,9.401772e-13,9.401772e-13,9.401772e-13,9.401772e-13,9.401772e-13,9.401772e-13,1.233e-10,1.233e-10,2.410e-10,3.429e-10,6.233e-11,2.410e-10,5.585e-10,4.428e-10,6.930e-10
-1.50,-6.50,9.401772e-13,9.401772e-13,9.401772e-13,9.401772e-13,9.401772e-13,9.401772e-13,9.401772e-13,9.401772e-13,9.401772e-13,1.080e-10,1.080e-10,1.903e-10,6.586e-11,2.563e-11,1.903e-10,3.109e-10,7.000e-11,9.006e-10
-1.50,-6.00,9.401772e-13,9.401772e-13,9.401772e-13,9.401772e-13,9.401772e-13,9.401772e-13,9.401772e-13,9.401772e-13,9.401772e-13,2.266e-10,2.266e-10,6.145e-11,2.085e-10,2.289e-10,6.145e-11,2.930e-10,1.869e-10,1.279e-09
-1.50,-5.50,9.401772e-13,9.401772e-13,9.401772e-13,9.401772e-13,9.401772e-13,9.401772e-13,9.401772e-13,9.401772e-13,9.401772e-13,4.580e-10,4.580e-10,1.267e-10,2.844e-10,8.152e-11,1.267e-10,1.296e-10,2.029e-10,1.390e-09
-1.50,-5.00,9.401772e-13,9.401772e-13,9.401772e-13,9.401772e-13,9.401772e-13,9.401772e-13,9.401772e-13,9.401772e-13,9.401772e-13,3.973e-10,3.973e-10,6.305e-10,4.931e-10,5.398e-10,6.305e-10,3.323e-10,1.987e-10,1.741e-09
-1.50,-4.50,9.401772e-13,9.401772e-13,9.401772e-13,9.401772e-13,9.401772e-13,9.401772e-13,9.401772e-13,9.401772e-13,9.401772e-13,2.787e-10,2.787e-10,1.366e-10,2.215e-10,3.560e-10,1.366e-10,2.580e-10,4.261e-10,7.311e-10
-1.50,-4.00,9.401772e-13,9.401772e-13,9.401772e-13,9.401772e-13,9.401772e-13,9.401772e-13,9.401772e-13,9.401772e-13,9.401772e-13,2.272e-10,2.272e-10,7.029e-12,9.291e-11,4.691e-11,7.029e-12,1.100e-10,2.409e-10,6.524e-10
-1.50,-3.50,9.401772e-13,9.401772e-13,9.401772e-13,9.401772e-13,9.401772e-13,9.401772e-13,9.401772e-13,9.401772e-13,9.401772e-13,3.101e-10,3.101e-10,2.427e-10,3.138e-10,3.556e-10,2.427e-10,2.805e-10,6.797e-10,1.080e-09
-1.50,-3.00,9.401772e-13,9.401772e-13,9.401772e-13,9.401772e-13,9.401772e-13,9.401772e-13,9.401772e-13,9.401772e-13,9.401772e-13,4.219e-11,4.219e-11,1.547e-10,2.046e-10,1.915e-10,1.547e-10,8.239e-11,3.230e-11,4.175e-10
-1.50,-2.50,9.401772e-13,9.401772e-13,9.401772e-13,9.401772e-13,9.401772e-13,9.401772e-13,9.401772e-13,9.401772e-13,9.401772e-13,3.111e-10,3.111e-10,2.550e-10,2.038e-10,3.197e-10,2.550e-10,1.538e-10,6.911e-11,5.874e-10
-1.50,-2.00,9.401772e-13,9.401772e-13,9.401772e-13,9.401772e-13,9.401772e-13,9.401772e-13,9.401772e-13,9.401772e-13,9.401772e-13,4.127e-10,4.127e-10,2.927e-10,4.440e-10,1.098e-10,2.927e-10,3.414e-10,2.764e-10,6.669e-10
-1.50,-1.50,9.401772e-13,9.401772e-13,9.401772e-13,9.401772e-13,9.401772e-13,9.401772e-13,9.401772e-13,9.401772e-13,9.401772e-13,3.009e-11,3.009e-11,1.235e-10,2.036e-11,1.688e-10,1.235e-10,9.901e-11,4.103e-11,3.322e-10
-1.50,-1.00,9.401772e-13,9.401772e-13,9.401772e-13,9.401772e-13,9.401772e-13,9.401772e-13,9.401772e-13,9.401772e-13,9.401772e-13,6.014e-11,9.260e-11,1.133e-10,5.897e-12,5.661e-11,4.009e-11,1.998e-10,8.184e-11,2.475e-10
-1.50,-0.50,9.401772e-13,9.401772e-13,9.401772e-13,9.401772e-13,9.401772e-13,9.401772e-13,9.401772e-13,9.401772e-13,9.401772e-13,1.318e-10,1.244e-10,1.385e-10,1.763e-10,2.422e-10,1.245e-10,1.345e-10,2.924e-10,3.696e-10
-1.50,0.00,9.401772e-13,9.401772e-13,9.401772e-13,9.401772e-13,9.401772e-13,9.401772e-13,9.401772e-13,9.401772e-13,9.401772e-13,3.976e-10,4.299e-10,4.704e-10,4.551e-10,4.414e-10,4.929e-10,4.011e-10,4.494e-10,2.142e-10
-1.50,0.50,9.401772e-13,9.401772e-13,9.401772e-13,9.401772e-13,9.401772e-13,9.401772e-13,9.401772e-13,9.401772e-13,9.401772e-13,2.051e-10,2.098e-10,2.446e-10,9.010e-11,1.601e-10,2.557e-10,2.438e-10,2.094e-10,4.230e-10
-1.50,1.00,9.401772e-13,9.401772e-13,9.401772e-13,9.401772e-13,9.401772e-13,9.401772e-13,9.401772e-13,9.401772e-13,9.401772e-13,3.754e-12,2.869e-11,1.051e-11,3.616e-12,3.673e-11,6.265e-11,7.589e-11,1.231e-10,2.428e-10
-1.50,1.50,9.401772e-13,9.401772e-13,9.401772e-13,9.401772e-13,9.401772e-13,9.401772e-13,9.401772e-13,9.401772e-13,9.401772e-13,6.817e-11,1.189e-10,7.273e-13,4.445e-11,8.487e-11,4.473e-11,4.281e-11,1.418e-10,3.227e-10
-1.50,2.00,9.401772e-13,9.401772e-13,9.401772e-13,9.401772e-13,9.401772e-13,9.401772e-13,9.401772e-13,9.401772e-13,9.401772e-13,9.839e-12,1.152e-10,2.529e-12,3.737e-11,2.843e-11,8.351e-12,6.397e-11,9.635e-11,5.024e-10
-1.50,2.50,9.401772e-13,9.401772e-13,9.401772e-13,9.401772e-13,9.401772e-13,9.401772e-13,9.401772e-13,9.401772e-13,9.401772e-13,4.985e-11,2.266e-11,2.929e-11,9.144e-11,1.309e-10,5.260e-12,1.160e-10,9.709e-11,1.758e-10
-1.50,3.00,9.401772e-13,9.401772e-13,9.401772e-13,9.401772e-13,9.401772e-13,9.401772e-13,9.401772e-13,9.401772e-13,9.401772e-13,1.298e-10,2.453e-10,3.783e-11,1.409e-10,1.352e-10,4.850e-11,1.448e-10,1.182e-10,1.987e-10
-1.50,3.50,9.401772e-13,9.401772e-13,9.401772e-13,9.401772e-13,9.401772e-13,9.401772e-13,9.401772e-13,9.401772e-13,9.401772e-13,7.852e-12,5.270e-11,5.481e-11,4.650e-11,4.045e-11,1.009e-11,5.910e-11,1.819e-11,3.868e-10
-1.50,4.00,9.401772e-13,9.401772e-13,9.401772e-13,9.401772e-13,9.401772e-13,9.401772e-13,9.401772e-13,9.401772e-13,9.401772e-13,2.115e-10,1.787e-10,9.390e-11,1.434e-10,7.152e-11,1.145e-10,2.195e-10,1.365e-10,4.288e-10
-1.50,4.50,9.401772e-13,9.401772e-13,9.401772e-13,9.401772e-13,9.401772e-13,9.401772e-13,9.401772e-13,9.401772e-13,9.401772e-13,7.912e-11,7.966e-11,1.474e-10,9.137e-11,1.103e-10,8.183e-11,3.005e-11,9.416e-11,2.788e-10
-1.50,5.00,9.401772e-13,9.401772e-13,9.401772e-13,9.401772e-13,9.401772e-13,9.401772e-13,9.401772e-13,9.401772e-13,9.401772e-13,7.114e-11,6.489e-11,9.830e-11,4.135e-11,1.224e-11,1.223e-10,7.840e-11,9.088e-12,2.667e-10
-1.50,5.50,9.401772e-13,9.401772e-13,9.401772e-13,9.401772e-13,9.401772e-13,9.401772e-13,9.401772e-13,9.401772e-13,9.401772e-13,4.996e-11,4.982e-11,6.332e-11,7.399e-11,2.079e-10,1.312e-10,2.241e-10,2.629e-10,3.647e-10
-1.50,6.00,9.401772e-13,9.401772e-13,9.401772e-13,9.401772e-13,9.401772e-13,9.401772e-13,9.401772e-13,9.401772e-13,9.401772e-13,6.266e-12,5.469e-11,5.297e-11,1.302e-10,2.849e-12,1.198e-11,7.686e-11,2.145e-11,5.278e-10
-1.50,6.50,9.401772e-13,9.401772e-13,9.401772e-13,9.401772e-13,9.401772e-13,9.401772e-13,9.401772e-13,9.401772e-13,9.401772e-13,1.371e-10,2.114e-10,1.362e-10,1.585e-10,1.555e-10,1.981e-10,2.897e-10,2.615e-10,3.651e-10
-1.50,7.00,9.401772e-13,9.401772e-13,9.401772e-13,9.401772e-13,9.401772e-13,9.401772e-13,9.401772e-13,9.401772e-13,9.401772e-13,2.236e-10,8.265e-11,1.222e-10,1.575e-10,4.071e-10,1.344e-10,1.902e-10,2.892e-10,4.168e-10
-1.50,7.50,9.401772e-13,9.401772e-13,9.401772e-13,9.401772e-13,9.401772e-13,9.401772e-13,9.401772e-13,9.401772e-13,9.401772e-13,9.841e-11,1.124e-11,2.922e-10,4.145e-11,3.796e-10,4.056e-10,1.870e-10,3.187e-10,6.530e-10
-1.50,8.00,9.401772e-13,9.401772e-13,9.401772e-13,9.401772e-13,9.401772e-13,9.401772e-13,9.401772e-13,9.401772e-13,9.401772e-13,5.155e-10,3.757e-10,3.401e-10,3.142e-10,5.398e-10,3.098e-10,3.342e-10,3.815e-10,6.763e-10
-1.00,-8.00,9.401772e-13,9.401772e-13,9.401772e-13,9.401772e-13,9.401772e-13,9.401772e-13,9.401772e-13,9.401772e-13,9.401772e-13,2.242e-10,2.242e-10,4.634e-10,4.828e-10,3.495e-10,4.634e-10,4.184e-10,3.581e-10,2.267e-09
-1.00,-7.50,9.401772e-13,9.401772e-13,9.401772e-13,9.401772e-13,9.401772e-13,9.401772e-13,9.401772e-13,9.401772e-13,9.401772e-13,3.071e-10,3.071e-10,6.764e-10,6.387e-10,6.425e-10,6.764e-10,6.159e-10,5.378e-10,3.795e-10
-1.00,-7.00,9.401772e-13,9.401772e-13,9.401772e-13,9.401772e-13,9.401772e-13,9.401772e-13,9.401772e-13,9.401772e-13,9.401772e-13,3.871e-10,3.871e-10,5.740e-10,4.403e-10,2.083e-10,5.740e-10,2.945e-10,2.664e-11,5.074e-10
-1.00,-6.50,9.401772e-13,9.401772e-13,9.401772e-13,9.401772e-13,9.401772e-13,9.401772e-13,9.401772e-13,9.401772e-13,9.401772e-13,4.786e-10,4.786e-10,2.040e-10,3.502e-10,2.559e-10,2.040e-10,5.372e-10,3.601e-10,6.559e-10
-1.00,-6.00,9.401772e-13,9.401772e-13,9.401772e-13,9.401772e-13,9.401772e-13,9.401772e-13,9.401772e-13,9.401772e-13,9.401772e-13,3.190e-10,3.190e-10,2.363e-10,4.721e-10,1.911e-10,2.363e-10,5.269e-10,2.118e-10,1.271e-09
-1.00,-5.50,9.401772e-13,9.401772e-13,9.401772e-13,9.401772e-13,9.401772e-13,9.401772e-13,9.401772e-13,9.401772e-13,9.401772e-13,7.905e-10,7.905e-10,6.439e-10,8.731e-10,7.977e-10,6.439e-10,7.485e-10,7.206e-10,9.105e-10
-1.00,-5.00,9.401772e-13,9.401772e-13,9.401772e-13,9.401772e-13,9.401772e-13,9.401772e-13,9.401772e-13,9.401772e-13,9.401772e-13,8.960e-11,8.960e-11,1.636e-10,1.617e-10,1.548e-11,1.636e-10,3.032e-10,7.081e-11,1.988e-09
-1.00,-4.50,9.401772e-13,9.401772e-13,9.401772e-13,9.401772e-13,9.401772e-13,9.401772e-13,9.401772e-13,9.401772e-13,9.401772e-13,6.167e-10,6.167e-10,6.616e-10,7.705e-10,8.601e-10,6.616e-10,6.725e-10,7.467e-10,5.790e-10
-1.00,-4.00,9.401772e-13,9.401772e-13,9.401772e-13,9.401772e-13,9.401772e-13,9.401772e-13,9.401772e-13,9.401772e-13,9.401772e-13,2.834e-10,2.834e-10,4.414e-10,3.504e-10,3.741e-10,4.414e-10,4.051e-10,3.913e-10,4.636e-10
-1.00,-3.50,9.401772e-13,9.401772e-13,9.401772e-13,9.401772e-13,9.401772e-13,9.401772e-13,9.401772e-13,9.401772e-13,9.401772e-13,4.188e-10,4.188e-10,1.779e-10,2.949e-10,4.948e-11,1.779e-10,2.575e-10,2.108e-10,3.717e-10
-1.00,-3.00,9.401772e-13,9.401772e-13,9.401772e-13,9.401772e-13,9.401772e-13,9.401772e-13,9.401772e-13,9.401772e-13,9.401772e-13,5.519e-10,5.519e-10,3.209e-10,4.974e-10,4.393e-10,3.209e-10,3.868e-10,5.474e-10,7.974e-10
-1.00,-2.50,9.401772e-13,9.401772e-13,9.401772e-13,9.401772e-13,9.401772e-13,9.401772e-13,9.401772e-13,9.401772e-13,9.401772e-13,2.313e-10,2.313e-10,7.248e-11,2.992e-10,1.329e-10,7.248e-11,1.445e-10,2.509e-10,8.866e-10
-1.00,-2.00,9.401772e-13,9.401772e-13,9.401772e-13,9.401772e-13,9.401772e-13,9.401772e-13,9.401772e-13,9.401772e-13,9.401772e-13,2.782e-10,2.782e-10,2.834e-10,1.236e-10,2.245e-10,2.834e-10,3.116e-10,3.707e-10,5.732e-10
-1.00,-1.50,9.401772e-13,9.401772e-13,9.401772e-13,9.401772e-13,9.401772e-13,9.401772e-13,9.401772e-13,9.401772e-13,9.401772e-13,2.296e-10,2.296e-10,1.196e-10,1.970e-10,2.403e-10,1.196e-10,1.694e-10,1.932e-10,4.882e-10
-1.00,-1.00,9.401772e-13,9.401772e-13,9.401772e-13,9.401772e-13,9.401772e-13,9.401772e-13,9.401772e-13,9.401772e-13,9.401772e-13,6.303e-12,6.303e-12,3.097e-11,4.327e-11,5.869e-11,3.097e-11,8.302e-11,3.618e-11,3.243e-10
-1.00,-0.50,9.401772e-13,9.401772e-13,9.401772e-13,9.401772e-13,9.401772e-13,9.401772e-13,9.401772e-13,9.401772e-13,9.401772e-13,1.163e-11,3.289e-11,5.068e-11,4.938e-11,7.486e-12,1.929e-11,1.033e-11,5.143e-11,2.350e-10
-1.00,0.00,9.401772e-13,9.401772e-13,9.401772e-13,9.401772e-13,9.401772e-13,9.401772e-13,9.401772e-13,9.401772e-13,9.401772e-13,9.689e-11,1.432e-10,4.554e-11,2.715e-11,2.511e-11,2.253e-12,5.210e-11,7.736e-11,5.307e-10
-1.00,0.50,9.401772e-13,9.401772e-13,9.401772e-13,9.401772e-13,9.401772e-13,9.401772e-13,9.401772e-13,9.401772e-13,9.401772e-13,2.086e-11,3.748e-11,6.734e-11,5.083e-11,1.116e-11,3.654e-11,7.508e-11,1.639e-10,4.331e-10
-1.00,1.00,9.401772e-13,9.401772e-13,9.401772e-13,9.401772e-13,9.401772e-13,9.401772e-13,9.401772e-13,9.401772e-13,9.401772e-13,5.518e-11,7.565e-11,1.129e-10,5.889e-11,1.008e-10,6.848e-11,4.047e-11,1.662e-10,2.129e-10
-1.00,1.50,9.401772e-13,9.401772e-13,9.401772e-13,9.401772e-13,9.401772e-13,9.401772e-13,9.401772e-13,9.401772e-13,9.401772e-13,2.019e-11,1.763e-10,1.038e-10,4.553e-12,1.284e-10,1.146e-10,1.227e-10,1.992e-10,1.861e-10
-1.00,2.00,9.401772e-13,9.401772e-13,9.401772e-13,9.401772e-13,9.401772e-13,9.401772e-13,9.401772e-13,9.401772e-13,9.401772e-13,3.396e-11,4.555e-11,1.233e-10,2.180e-11,2.724e-11,2.308e-11,5.356e-12,2.076e-11,1.667e-10
-1.00,2.50,9.401772e-13,9.401772e-13,9.401772e-13,9.401772e-13,9.401772e-13,9.401772e-13,9.401772e-13,9.401772e-13,9.401772e-13,1.708e-10,2.014e-10,1.370e-10,2.408e-10,4.264e-11,9.615e-11,1.740e-10,3.246e-11,2.540e-10
-1.00,3.00,9.401772e-13,9.401772e-13,9.401772e-13,9.401772e-13,9.401772e-13,9.401772e-13,9.401772e-13,9.401772e-13,9.401772e-13,2.551e-10,1.945e-10,1.111e-10,1.523e-10,1.023e-10,1.056e-10,9.895e-11,3.750e-10,5.443e-10
-1.00,3.50,9.401772e-13,9.401772e-13,9.401772e-13,9.401772e-13,9.401772e-13,9.401772e-13,9.401772e-13,9.401772e-13,9.401772e-13,1.829e-10,1.476e-10,1.005e-10,1.047e-10,3.112e-11,4.745e-11,8.027e-11,3.811e-12,1.618e-10
-1.00,4.00,9.401772e-13,9.401772e-13,9.401772e-13,9.401772e-13,9.401772e-13,9.401772e-13,9.401772e-13,9.401772e-13,9.401772e-13,1.334e-10,1.429e-11,5.623e-11,2.326e-11,1.949e-10,1.241e-10,2.515e-11,3.100e-10,6.268e-10
-1.00,4.50,9.401772e-13,9.401772e-13,9.401772e-13,9.401772e-13,9.401772e-13,9.401772e-13,9.401772e-13,9.401772e-13,9.401772e-13,3.328e-11,1.365e-10,1.565e-10,1.275e-10,4.764e-11,3.813e-11,8.716e-12,4.861e-11,3.258e-10
-1.00,5.00,9.401772e-13,9.401772e-13,9.401772e-13,9.401772e-13,9.401772e-13,9.401772e-13,9.401772e-13,9.401772e-13,9.401772e-13,1.393e-10,1.915e-10,1.359e-11,2.765e-10,4.384e-12,1.849e-10,1.239e-10,3.399e-12,3.501e-10
-1.00,5.50,9.401772e-13,9.401772e-13,9.401772e-13,9.401772e-13,9.401772e-13,9.401772e-13,9.401772e-13,9.401772e-13,9.401772e-13,1.370e-10,8.649e-11,2.242e-10,2.972e-11,1.638e-10,8.794e-11,1.927e-10,1.567e-10,7.847e-10
-1.00,6.00,9.401772e-13,9.401772e-13,9.401772e-13,9.401772e-13,9.401772e-13,9.401772e-13,9.401772e-13,9.401772e-13,9.401772e-13,1.391e-10,4.673e-11,1.185e-10,6.897e-11,1.098e-10,1.042e-10,1.817e-10,2.394e-10,5.189e-10
-1.00,6.50,9.401772e-13,9.401772e-13,9.401772e-13,9.401772e-13,9.401772e-13,9.401772e-13,9.401772e-13,9.401772e-13,9.401772e-13,1.028e-10,6.762e-11,7.621e-11,1.166e-10,4.016e-11,2.990e-11,1.630e-10,6.150e-11,5.529e-10
-1.00,7.00,9.401772e-13,9.401772e-13,9.401772e-13,9.401772e-13,9.401772e-13,9.401772e-13,9.401772e-13,9.401772e-13,9.401772e-13,3.834e-10,3.218e-10,3.448e-10,2.693e-10,2.862e-10,4.601e-10,2.755e-10,4.953e-10,8.854e-10
-1.00,7.50,9.401772e-13,9.401772e-13,9.401772e-13,9.401772e-13,9.401772e-13,9.401772e-13,9.401772e-13,9.401772e-13,9.401772e-13,2.588e-10,2.904e-10,2.961e-10,2.027e-10,2.683e-10,3.346e-10,2.877e-10,2.657e-10,9.589e-10
-1.00,8.00,9.401772e-13,9.401772e-13,9.401772e-13,9.401772e-13,9.401772e-13,9.401772e-13,9.401772e-13,9.401772e-13,9.401772e-13,2.436e-10,1.327e-11,1.313e-10,1.347e-10,2.094e-10,1.633e-10,6.066e-11,8.104e-11,1.722e-09
-0.50,-8.00,9.401772e-13,9.401772e-13,9.401772e-13,9.401772e-13,9.401772e-13,9.401772e-13,9.401772e-13,9.401772e-13,9.401772e-13,5.776e-11,5.776e-11,1.595e-10,1.861e-10,3.067e-11,1.595e-10,2.572e-10,1.223e-10,1.661e-09
-0.50,-7.50,9.401772e-13,9.401772e-13,9.401772e-13,9.401772e-13,9.401772e-13,9.401772e-13,9.401772e-13,9.401772e-13,9.401772e-13,1.342e-10,1.342e-10,1.088e-10,1.244e-10,2.101e-11,1.088e-10,3.596e-11,7.331e-11,1.639e-09
-0.50,-7.00,9.401772e-13,9.401772e-13,9.401772e-13,9.401772e-13,9.401772e-13,9.401772e-13,9.401772e-13,9.401772e-13,9.401772e-13,2.558e-10,2.558e-10,1.379e-10,1.375e-10,1.035e-10,1.379e-10,1.222e-10,1.600e-10,7.364e-10
-0.50,-6.50,9.401772e-13,9.401772e-13,9.401772e-13,9.401772e-13,9.401772e-13,9.401772e-13,9.401772e-13,9.401772e-13,9.401772e-13,3.445e-10,3.445e-10,3.870e-10,3.430e-10,2.609e-10,3.870e-10,3.312e-10,4.026e-10,6.880e-10
-0.50,-6.00,9.401772e-13,9.401772e-13,9.401772e-13,9.401772e-13,9.401772e-13,9.401772e-13,9.401772e-13,9.401772e-13,9.401772e-13,2.969e-10,2.969e-10,3.873e-10,1.767e-10,2.691e-10,3.873e-10,2.492e-10,9.837e-11,7.252e-10
-0.50,-5.50,9.401772e-13,9.401772e-13,9.401772e-13,9.401772e-13,9.401772e-13,9.401772e-13,9.401772e-13,9.401772e-13,9.401772e-13,1.973e-11,1.973e-11,1.286e-10,5.911e-11,5.523e-11,1.286e-10,2.900e-11,1.911e-10,1.162e-09
-0.50,-5.00,9.401772e-13,9.401772e-13,9.401772e-13,9.401772e-13,9.401772e-13,9.401772e-13,9.401772e-13,9.401772e-13,9.401772e-13,4.204e-10,4.204e-10,3.397e-10,2.940e-10,3.649e-10,3.397e-10,2.521e-10,1.844e-10,9.607e-10
-0.50,-4.50,9.401772e-13,9.401772e-13,9.401772e-13,9.401772e-13,9.401772e-13,9.401772e-13,9.401772e-13,9.401772e-13,9.401772e-13,6.638e-10,6.638e-10,5.193e-10,7.856e-10,6.771e-10,5.193e-10,6.192e-10,1.004e-09,1.305e-09
-0.50,-4.00,9.401772e-13,9.401772e-13,9.401772e-13,9.401772e-13,9.401772e-13,9.401772e-13,9.401772e-13,9.401772e-13,9.401772e-13,3.633e-10,3.633e-10,3.730e-10,3.729e-10,3.555e-10,3.730e-10,2.659e-10,3.766e-10,1.064e-09
-0.50,-3.50,9.401772e-13,9.401772e-13,9.401772e-13,9.401772e-13,9.401772e-13,9.401772e-13,9.401772e-13,9.401772e-13,9.401772e-13,3.257e-10,3.257e-10,2.529e-10,2.600e-10,1.912e-10,2.529e-10,2.876e-10,4.594e-10,1.072e-09
-0.50,-3.00,9.401772e-13,9.401772e-13,9.401772e-13,9.401772e-13,9.401772e-13,9.401772e-13,9.401772e-13,9.401772e-13,9.401772e-13,1.642e-10,1.642e-10,2.026e-11,1.759e-10,6.994e-11,2.026e-11,1.078e-10,1.810e-10,7.917e-10
-0.50,-2.50,9.401772e-13,9.401772e-13,9.401772e-13,9.401772e-13,9.401772e-13,9.401772e-13,9.401772e-13,9.401772e-13,9.401772e-13,1.466e-10,1.466e-10,6.744e-11,8.654e-11,1.853e-10,6.744e-11,2.150e-10,2.846e-10,6.194e-10
-0.50,-2.00,9.401772e-13,9.401772e-13,9.401772e-13,9.401772e-13,9.401772e-13,9.401772e-13,9.401772e-13,9.401772e-13,9.401772e-13,7.736e-11,7.736e-11,6.778e-11,8.951e-11,2.493e-12,6.778e-11,9.925e-12,3.627e-11,2.632e-10
-0.50,-1.50,9.401772e-13,9.401772e-13,9.401772e-13,9.401772e-13,9.401772e-13,9.401772e-13,9.401772e-13,9.401772e-13,9.401772e-13,1.040e-10,1.040e-10,3.993e-11,1.859e-10,1.877e-10,3.993e-11,2.479e-10,1.618e-10,3.866e-10
-0.50,-1.00,9.401772e-13,9.401772e-13,9.401772e-13,9.401772e-13,9.401772e-13,9.401772e-13,9.401772e-13,9.401772e-13,9.401772e-13,1.299e-10,1.299e-10,5.992e-11,1.125e-10,1.210e-12,5.992e-11,1.802e-11,1.369e-11,4.206e-10
-0.50,-0.50,9.401772e-13,9.401772e-13,9.401772e-13,9.401772e-13,9.401772e-13,9.401772e-13,9.401772e-13,9.401772e-13,9.401772e-13,7.649e-11,5.031e-11,5.547e-11,1.675e-10,5.669e-11,5.723e-11,3.254e-11,2.834e-12,2.545e-10
-0.50,0.00,9.401772e-13,9.401772e-13,9.401772e-13,9.401772e-13,9.401772e-13,9.401772e-13,9.401772e-13,9.401772e-13,9.401772e-13,9.760e-11,6.087e-11,2.948e-12,2.483e-11,3.621e-11,1.140e-12,5.173e-11,5.821e-11,3.121e-10
-0.50,0.50,9.401772e-13,9.401772e-13,9.401772e-13,9.401772e-13,9.401772e-13,9.401772e-13,9.401772e-13,9.401772e-13,9.401772e-13,4.442e-11,4.491e-12,6.396e-11,2.353e-10,4.323e-11,6.333e-11,5.979e-12,4.417e-11,2.186e-10
-0.50,1.00,9.401772e-13,9.401772e-13,9.401772e-13,9.401772e-13,9.401772e-13,9.401772e-13,9.401772e-13,9.401772e-13,9.401772e-13,1.121e-10,3.987e-11,1.727e-10,6.410e-11,1.801e-10,8.856e-11,2.179e-10,7.428e-11,1.484e-10
-0.50,1.50,9.401772e-13,9.401772e-13,9.401772e-13,9.401772e-13,9.401772e-13,9.401772e-13,9.401772e-13,9.401772e-13,9.401772e-13,2.194e-10,1.474e-10,3.835e-11,7.680e-11,2.210e-10,5.712e-11,1.035e-10,8.253e-11,1.208e-10
-0.50,2.00,9.401772e-13,9.401772e-13,9.401772e-13,9.401772e-13,9.401772e-13,9.401772e-13,9.401772e-13,9.401772e-13,9.401772e-13,1.522e-10,1.491e-10,1.659e-11,5.782e-11,7.013e-12,4.115e-11,6.943e-11,5.237e-11,2.336e-10
-0.50,2.50,9.401772e-13,9.401772e-13,9.401772e-13,9.401772e-13,9.401772e-13,9.401772e-13,9.401772e-13,9.401772e-13,9.401772e-13,2.248e-10,2.078e-10,2.686e-11,5.288e-11,1.263e-10,1.263e-10,6.241e-11,2.774e-11,4.462e-10
-0.50,3.00,9.401772e-13,9.401772e-13,9.401772e-13,9.401772e-13,9.401772e-13,9.401772e-13,9.401772e-13,9.401772e-13,9.401772e-13,1.584e-10,4.871e-11,9.793e-11,4.790e-11,8.640e-11,5.836e-11,6.350e-11,2.219e-10,4.915e-10
-0.50,3.50,9.401772e-13,9.401772e-13,9.401772e-13,9.401772e-13,9.401772e-13,9.401772e-13,9.401772e-13,9.401772e-13,9.401772e-13,3.378e-10,3.470e-11,1.800e-10,3.307e-11,1.192e-10,4.992e-11,1.736e-10,2.074e-10,3.729e-10
-0.50,4.00,9.401772e-13,9.401772e-13,9.401772e-13,9.401772e-13,9.401772e-13,9.401772e-13,9.401772e-13,9.401772e-13,9.401772e-13,1.988e-10,1.407e-10,3.037e-10,1.657e-10,2.331e-10,2.326e-10,2.969e-10,2.509e-10,7.336e-10
-0.50,4.50,9.401772e-13,9.401772e-13,9.401772e-13,9.401772e-13,9.401772e-13,9.401772e-13,9.401772e-13,9.401772e-13,9.401772e-13,4.261e-10,2.047e-10,3.812e-10,4.324e-10,4.307e-10,2.176e-10,4.485e-10,4.381e-10,4.099e-10
-0.50,5.00,9.401772e-13,9.401772e-13,9.401772e-13,9.401772e-13,9.401772e-13,9.401772e-13,9.401772e-13,9.401772e-13,9.401772e-13,1.103e-10,5.131e-11,1.464e-10,1.240e-10,4.364e-11,1.709e-10,7.273e-11,4.178e-11,2.931e-10
-0.50,5.50,9.401772e-13,9.401772e-13,9.401772e-13,9.401772e-13,9.401772e-13,9.401772e-13,9.401772e-13,9.401772e-13,9.401772e-13,4.356e-10,4.598e-10,3.407e-10,5.373e-10,4.091e-10,2.800e-10,4.442e-10,4.992e-10,8.425e-10
-0.50,6.00,9.401772e-13,9.401772e-13,9.401772e-13,9.401772e-13,9.401772e-13,9.401772e-13,9.401772e-13,9.401772e-13,9.401772e-13,2.091e-11,1.442e-12,1.050e-10,1.969e-10,9.667e-11,4.089e-11,9.414e-11,1.236e-10,4.273e-10
-0.50,6.50,9.401772e-13,9.401772e-13,9.401772e-13,9.401772e-13,9.401772e-13,9.401772e-13,9.401772e-13,9.401772e-13,9.401772e-13,2.749e-11,2.291e-11,1.127e-10,2.053e-11,1.668e-11,7.904e-11,4.488e-11,2.607e-11,6.309e-10
-0.50,7.00,9.401772e-13,9.401772e-13,9.401772e-13,9.401772e-13,9.401772e-13,9.401772e-13,9.401772e-13,9.401772e-13,9.401772e-13,2.111e-10,2.222e-10,5.957e-12,2.753e-10,1.370e-10,9.705e-11,3.065e-11,2.065e-12,9.374e-10
-0.50,7.50,9.401772e-13,9.401772e-13,9.401772e-13,9.401772e-13,9.401772e-13,9.401772e-13,9.401772e-13,9.401772e-13,9.401772e-13,5.930e-11,2.646e-11,1.984e-11,1.813e-11,6.223e-11,7.005e-11,1.988e-10,1.015e-11,1.203e-09
-0.50,8.00,9.401772e-13,9.401772e-13,9.401772e-13,9.401772e-13,9.401772e-13,9.401772e-13,9.401772e-13,9.401772e-13,9.401772e-13,2.522e-10,9.741e-11,2.162e-11,2.974e-11,7.105e-11,7.230e-11,1.940e-10,2.351e-10,1.285e-09
0.00,-8.00,9.401772e-13,9.401772e-13,9.401772e-13,9.401772e-13,9.401772e-13,9.401772e-13,9.401772e-13,9.401772e-13,9.401772e-13,1.141e-09,1.141e-09,1.035e-09,1.079e-09,9.405e-10,1.035e-09,1.002e-09,8.954e-10,8.317e-10
0.00,-7.50,9.401772e-13,9.401772e-13,9.401772e-13,9.401772e-13,9.401772e-13,9.401772e-13,9.401772e-13,9.401772e-13,9.401772e-13,4.209e-11,4.209e-11,3.573e-11,1.333e-10,7.222e-11,3.573e-11,1.297e-10,7.888e-11,5.129e-10
0.00,-7.00,9.401772e-13,9.401772e-13,9.401772e-13,9.401772e-13,9.401772e-13,9.401772e-13,9.401772e-13,9.401772e-13,9.401772e-13,3.978e-10,3.978e-10,6.757e-10,5.018e-10,5.724e-10,6.757e-10,5.819e-10,5.768e-10,6.317e-10
0.00,-6.50,9.401772e-13,9.401772e-13,9.401772e-13,9.401772e-13,9.401772e-13,9.401772e-13,9.401772e-13,9.401772e-13,9.401772e-13,2.999e-10,2.999e-10,2.267e-10,1.111e-10,3.893e-11,2.267e-10,5.127e-11,1.846e-10,1.948e-09
0.00,-6.00,9.401772e-13,9.401772e-13,9.401772e-13,9.401772e-13,9.401772e-13,9.401772e-13,9.401772e-13,9.401772e-13,9.401772e-13,1.356e-11,1.356e-11,3.906e-10,2.797e-10,2.882e-10,3.906e-10,2.876e-10,3.361e-10,1.006e-09
0.00,-5.50,9.401772e-13,9.401772e-13,9.401772e-13,9.401772e-13,9.401772e-13,9.401772e-13,9.401772e-13,9.401772e-13,9.401772e-13,1.085e-11,1.085e-11,5.377e-12,8.967e-11,9.108e-11,5.377e-12,3.936e-11,2.900e-10,5.998e-10
0.00,-5.00,9.401772e-13,9.401772e-13,9.401772e-13,9.401772e-13,9.401772e-13,9.401772e-13,9.401772e-13,9.401772e-13,9.401772e-13,1.294e-10,1.294e-10,8.272e-11,1.724e-10,1.351e-10,8.272e-11,9.750e-11,1.831e-10,5.897e-10
0.00,-4.50,9.401772e-13,9.401772e-13,9.401772e-13,9.401772e-13,9.401772e-13,9.401772e-13,9.401772e-13,9.401772e-13,9.401772e-13,2.656e-11,2.656e-11,2.945e-10,1.824e-10,1.525e-10,2.945e-10,2.060e-10,4.037e-10,5.453e-10
0.00,-4.00,9.401772e-13,9.401772e-13,9.401772e-13,9.401772e-13,9.401772e-13,9.401772e-13,9.401772e-13,9.401772e-13,9.401772e-13,1.855e-10,1.855e-10,1.240e-11,3.665e-11,7.282e-14,1.240e-11,5.494e-11,6.476e-11,9.673e-10
0.00,-3.50,9.401772e-13,9.401772e-13,9.401772e-13,9.401772e-13,9.401772e-13,9.401772e-13,9.401772e-13,9.401772e-13,9.401772e-13,3.011e-11,3.011e-11,2.539e-10,2.380e-10,1.724e-10,2.539e-10,1.548e-10,2.051e-10,4.033e-10
0.00,-3.00,9.401772e-13,9.401772e-13,9.401772e-13,9.401772e-13,9.401772e-13,9.401772e-13,9.401772e-13,9.401772e-13,9.401772e-13,5.889e-10,5.889e-10,2.304e-10,4.926e-10,3.444e-10,2.304e-10,3.211e-10,3.109e-10,2.287e-10
0.00,-2.50,9.401772e-13,9.401772e-13,9.401772e-13,9.401772e-13,9.401772e-13,9.401772e-13,9.401772e-13,9.401772e-13,9.401772e-13,2.431e-10,2.431e-10,2.735e-11,4.157e-11,4.684e-11,2.735e-11,8.080e-11,4.670e-11,4.133e-10
0.00,-2.00,9.401772e-13,9.401772e-13,9.401772e-13,9.401772e-13,9.401772e-13,9.401772e-13,9.401772e-13,9.401772e-13,9.401772e-13,3.653e-10,3.653e-10,2.536e-10,3.829e-10,3.777e-10,2.536e-10,2.922e-10,2.828e-10,2.423e-10
0.00,-1.50,9.401772e-13,9.401772e-13,9.401772e-13,9.401772e-13,9.401772e-13,9.401772e-13,9.401772e-13,9.401772e-13,9.401772e-13,9.597e-11,9.597e-11,7.145e-11,9.334e-11,5.270e-11,7.145e-11,1.329e-10,2.390e-11,2.989e-10
0.00,-1.00,9.401772e-13,9.401772e-13,9.401772e-13,9.401772e-13,9.401772e-13,9.401772e-13,9.401772e-13,9.401772e-13,9.401772e-13,9.523e-11,9.523e-11,1.665e-11,1.198e-11,1.377e-11,1.665e-11,4.224e-11,1.136e-10,2.006e-10
0.00,-0.50,9.401772e-13,9.401772e-13,9.401772e-13,9.401772e-13,9.401772e-13,9.401772e-13,9.401772e-13,9.401772e-13,9.401772e-13,2.364e-10,2.364e-10,1.132e-10,1.467e-10,5.055e-11,1.132e-10,8.001e-11,1.042e-10,2.131e-10
0.00,0.00,9.401772e-13,9.401772e-13,9.401772e-13,9.401772e-13,9.401772e-13,9.401772e-13,9.401772e-13,9.401772e-13,9.401772e-13,3.822e-11,7.800e-12,1.262e-10,8.713e-11,2.367e-11,1.446e-10,1.150e-11,2.504e-10,3.198e-10
0.00,0.50,9.401772e-13,9.401772e-13,9.401772e-13,9.401772e-13,9.401772e-13,9.401772e-13,9.401772e-13,9.401772e-13,9.401772e-13,6.347e-12,2.434e-11,8.801e-11,1.074e-11,6.645e-12,9.875e-11,1.931e-11,7.139e-11,2.357e-10
0.00,1.00,9.401772e-13,9.401772e-13,9.401772e-13,9.401772e-13,9.401772e-13,9.401772e-13,9.401772e-13,9.401772e-13,9.401772e-13,3.822e-11,5.531e-12,8.221e-11,7.341e-11,5.713e-11,6.047e-11,5.148e-12,1.945e-10,4.422e-10
0.00,1.50,9.401772e-13,9.401772e-13,9.401772e-13,9.401772e-13,9.401772e-13,9.401772e-13,9.401772e-13,9.401772e-13,9.401772e-13,8.915e-11,5.514e-11,1.121e-10,2.041e-11,2.877e-11,3.263e-12,1.221e-11,3.586e-11,2.934e-10
0.00,2.00,9.401772e-13,9.401772e-13,9.401772e-13,9.401772e-13,9.401772e-13,9.401772e-13,9.401772e-13,9.401772e-13,9.401772e-13,1.117e-10,1.004e-10,1.238e-10,4.012e-11,1.850e-10,8.386e-11,8.583e-11,8.775e-11,2.587e-10
0.00,2.50,9.401772e-13,9.401772e-13,9.401772e-13,9.401772e-13,9.401772e-13,9.401772e-13,9.401772e-13,9.401772e-13,9.401772e-13,6.727e-11,1.586e-10,1.342e-10,1.728e-10,9.563e-11,2.561e-10,1.747e-10,9.425e-11,2.600e-10
0.00,3.00,9.401772e-13,9.401772e-13,9.401772e-13,9.401772e-13,9.401772e-13,9.401772e-13,9.401772e-13,9.401772e-13,9.401772e-13,2.690e-10,9.880e-11,1.490e-11,1.237e-10,1.905e-10,2.261e-10,1.357e-10,8.177e-12,3.968e-10
0.00,3.50,9.401772e-13,9.401772e-13,9.401772e-13,9.401772e-13,9.401772e-13,9.401772e-13,9.401772e-13,9.401772e-13,9.401772e-13,5.525e-11,2.746e-10,4.236e-11,3.466e-11,1.297e-10,7.192e-11,8.149e-11,4.603e-11,5.383e-10
0.00,4.00,9.401772e-13,9.401772e-13,9.401772e-13,9.401772e-13,9.401772e-13,9.401772e-13,9.401772e-13,9.401772e-13,9.401772e-13,1.664e-10,1.829e-10,3.578e-10,1.839e-10,1.173e-10,2.589e-10,2.189e-10,3.345e-10,2.794e-10
0.00,4.50,9.401772e-13,9.401772e-13,9.401772e-13,9.401772e-13,9.401772e-13,9.401772e-13,9.401772e-13,9.401772e-13,9.401772e-13,8.164e-11,4.235e-11,6.277e-11,1.541e-10,1.617e-10,9.358e-11,2.152e-10,2.806e-10,4.207e-10
0.00,5.00,9.401772e-13,9.401772e-13,9.401772e-13,9.401772e-13,9.401772e-13,9.401772e-13,9.401772e-13,9.401772e-13,9.401772e-13,9.496e-11,3.283e-11,6.871e-12,1.652e-11,1.290e-11,2.868e-11,6.009e-11,2.810e-10,3.935e-10
0.00,5.50,9.401772e-13,9.401772e-13,9.401772e-13,9.401772e-13,9.401772e-13,9.401772e-13,9.401772e-13,9.401772e-13,9.401772e-13,4.287e-10,3.018e-10,3.406e-10,2.588e-10,1.409e-10,2.166e-10,3.436e-10,2.912e-10,2.924e-10
0.00,6.00,9.401772e-13,9.401772e-13,9.401772e-13,9.401772e-13,9.401772e-13,9.401772e-13,9.401772e-13,9.401772e-13,9.401772e-13,9.708e-10,9.329e-10,8.395e-10,9.601e-10,9.304e-10,8.948e-10,7.642e-10,7.781e-10,8.520e-10
0.00,6.50,9.401772e-13,9.401772e-13,9.401772e-13,9.401772e-13,9.401772e-13,9.401772e-13,9.401772e-13,9.401772e-13,9.401772e-13,3.875e-10,3.809e-10,3.934e-10,6.439e-10,4.723e-10,3.366e-10,3.692e-10,3.661e-10,8.665e-10
0.00,7.00,9.401772e-13,9.401772e-13,9.401772e-13,9.401772e-13,9.401772e-13,9.401772e-13,9.401772e-13,9.401772e-13,9.401772e-13,1.347e-10,3.363e-10,2.390e-10,3.824e-10,1.453e-10,3.229e-10,7.737e-11,2.756e-10,1.114e-09
0.00,7.50,9.401772e-13,9.401772e-13,9.401772e-13,9.401772e-13,9.401772e-13,9.401772e-13,9.401772e-13,9.401772e-13,9.401772e-13,6.740e-11,2.925e-10,5.705e-10,5.191e-10,4.703e-10,4.845e-10,1.031e-10,2.123e-10,6.536e-10
0.00,8.00,9.401772e-13,9.401772e-13,9.401772e-13,9.401772e-13,9.401772e-13,9.401772e-13,9.401772e-13,9.401772e-13,9.401772e-13,5.194e-10,6.054e-10,2.703e-10,6.306e-10,5.367e-10,1.838e-10,4.986e-10,1.156e-09,2.154e-09
0.50,-8.00,9.401772e-13,9.401772e-13,9.401772e-13,9.401772e-13,9.401772e-13,9.401772e-13,9.401772e-13,9.401772e-13,9.401772e-13,3.580e-10,3.580e-10,5.909e-10,4.110e-10,4.022e-10,5.909e-10,4.156e-10,3.977e-10,6.838e-10
0.50,-7.50,9.401772e-13,9.401772e-13,9.401772e-13,9.401772e-13,9.401772e-13,9.401772e-13,9.401772e-13,9.401772e-13,9.401772e-13,4.819e-11,4.819e-11,2.324e-10,1.234e-10,1.810e-10,2.324e-10,8.012e-11,7.510e-12,6.246e-10
0.50,-7.00,9.401772e-13,9.401772e-13,9.401772e-13,9.401772e-13,9.401772e-13,9.401772e-13,9.401772e-13,9.401772e-13,9.401772e-13,2.753e-10,2.753e-10,2.035e-10,2.365e-10,2.723e-10,2.035e-10,3.924e-12,6.193e-11,5.810e-10
0.50,-6.50,9.401772e-13,9.401772e-13,9.401772e-13,9.401772e-13,9.401772e-13,9.401772e-13,9.401772e-13,9.401772e-13,9.401772e-13,6.789e-11,6.789e-11,1.284e-10,8.570e-11,8.797e-12,1.284e-10,1.359e-10,4.411e-11,4.023e-10
0.50,-6.00,9.401772e-13,9.401772e-13,9.401772e-13,9.401772e-13,9.401772e-13,9.401772e-13,9.401772e-13,9.401772e-13,9.401772e-13,2.170e-11,2.170e-11,8.748e-11,1.534e-10,1.931e-12,8.748e-11,2.584e-11,2.996e-11,4.808e-10
0.50,-5.50,9.401772e-13,9.401772e-13,9.401772e-13,9.401772e-13,9.401772e-13,9.401772e-13,9.401772e-13,9.401772e-13,9.401772e-13,1.415e-11,1.415e-11,5.094e-11,7.903e-11,9.329e-11,5.094e-11,4.277e-11,3.544e-12,3.124e-10
0.50,-5.00,9.401772e-13,9.401772e-13,9.401772e-13,9.401772e-13,9.401772e-13,9.401772e-13,9.401772e-13,9.401772e-13,9.401772e-13,8.787e-11,8.787e-11,2.358e-11,1.003e-10,7.639e-11,2.358e-11,1.262e-10,6.702e-11,4.521e-10
0.50,-4.50,9.401772e-13,9.401772e-13,9.401772e-13,9.401772e-13,9.401772e-13,9.401772e-13,9.401772e-13,9.401772e-13,9.401772e-13,1.398e-10,1.398e-10,1.050e-10,6.517e-11,1.028e-10,1.050e-10,3.290e-11,8.451e-11,4.068e-10
0.50,-4.00,9.401772e-13,9.401772e-13,9.401772e-13,9.401772e-13,9.401772e-13,9.401772e-13,9.401772e-13,9.401772e-13,9.401772e-13,1.824e-10,1.824e-10,1.972e-10,2.593e-10,1.795e-10,1.972e-10,2.674e-10,2.436e-10,3.036e-10
0.50,-3.50,9.401772e-13,9.401772e-13,9.401772e-13,9.401772e-13,9.401772e-13,9.401772e-13,9.401772e-13,9.401772e-13,9.401772e-13,2.090e-10,2.090e-10,1.327e-10,1.987e-10,2.353e-10,1.327e-10,1.850e-10,2.436e-10,4.056e-10
0.50,-3.00,9.401772e-13,9.401772e-13,9.401772e-13,9.401772e-13,9.401772e-13,9.401772e-13,9.401772e-13,9.401772e-13,9.401772e-13,1.022e-10,1.022e-10,1.171e-11,5.968e-11,2.764e-11,1.171e-11,6.439e-11,1.363e-10,2.360e-10
0.50,-2.50,9.401772e-13,9.401772e-13,9.401772e-13,9.401772e-13,9.401772e-13,9.401772e-13,9.401772e-13,9.401772e-13,9.401772e-13,1.079e-10,1.079e-10,2.307e-11,1.540e-11,6.574e-11,2.307e-11,4.032e-11,5.454e-11,2.327e-10
0.50,-2.00,9.401772e-13,9.401772e-13,9.401772e-13,9.401772e-13,9.401772e-13,9.401772e-13,9.401772e-13,9.401772e-13,9.401772e-13,5.772e-11,5.772e-11,1.255e-10,2.706e-10,2.129e-10,1.255e-10,1.488e-10,5.635e-11,2.401e-10
0.50,-1.50,9.401772e-13,9.401772e-13,9.401772e-13,9.401772e-13,9.401772e-13,9.401772e-13,9.401772e-13,9.401772e-13,9.401772e-13,2.193e-10,2.193e-10,3.934e-11,1.980e-10,2.618e-10,3.934e-11,3.726e-11,9.037e-11,1.426e-10
0.50,-1.00,9.401772e-13,9.401772e-13,9.401772e-13,9.401772e-13,9.401772e-13,9.401772e-13,9.401772e-13,9.401772e-13,9.401772e-13,1.590e-12,1.590e-12,8.999e-11,3.017e-10,1.580e-10,8.999e-11,1.401e-10,1.093e-11,6.459e-10
0.50,-0.50,9.401772e-13,9.401772e-13,9.401772e-13,9.401772e-13,9.401772e-13,9.401772e-13,9.401772e-13,9.401772e-13,9.401772e-13,1.337e-10,1.337e-10,1.071e-10,1.121e-10,1.412e-10,1.071e-10,1.395e-10,1.752e-10,2.339e-10
0.50,0.00,9.401772e-13,9.401772e-13,9.401772e-13,9.401772e-13,9.401772e-13,9.401772e-13,9.401772e-13,9.401772e-13,9.401772e-13,1.255e-11,5.266e-11,1.064e-10,3.260e-11,6.167e-11,5.061e-11,7.180e-11,5.774e-11,2.827e-10
0.50,0.50,9.401772e-13,9.401772e-13,9.401772e-13,9.401772e-13,9.401772e-13,9.401772e-13,9.401772e-13,9.401772e-13,9.401772e-13,1.972e-08,1.966e-08,1.963e-10,9.507e-11,1.147e-10,1.426e-10,4.027e-11,4.357e-11,2.675e-10
0.50,1.00,9.401772e-13,9.401772e-13,9.401772e-13,9.401772e-13,9.401772e-13,9.401772e-13,9.401772e-13,9.401772e-13,9.401772e-13,3.996e-11,3.172e-11,1.604e-10,2.038e-11,1.692e-11,3.047e-11,4.523e-11,8.665e-13,3.914e-10
0.50,1.50,9.401772e-13,9.401772e-13,9.401772e-13,9.401772e-13,9.401772e-13,9.401772e-13,9.401772e-13,9.401772e-13,9.401772e-13,7.176e-12,7.462e-11,4.146e-11,1.625e-10,2.238e-11,1.064e-10,2.547e-11,8.954e-11,1.865e-10
0.50,2.00,9.401772e-13,9.401772e-13,9.401772e-13,9.401772e-13,9.401772e-13,9.401772e-13,9.401772e-13,9.401772e-13,9.401772e-13,3.365e-11,5.724e-11,1.738e-11,2.309e-11,1.029e-10,2.598e-11,3.778e-11,4.867e-12,3.097e-10
0.50,2.50,9.401772e-13,9.401772e-13,9.401772e-13,9.401772e-13,9.401772e-13,9.401772e-13,9.401772e-13,9.401772e-13,9.401772e-13,1.412e-10,1.170e-10,6.371e-11,1.513e-10,1.376e-10,1.299e-10,1.208e-10,1.073e-10,7.743e-10
0.50,3.00,9.401772e-13,9.401772e-13,9.401772e-13,9.401772e-13,9.401772e-13,9.401772e-13,9.401772e-13,9.401772e-13,9.401772e-13,2.187e-10,2.197e-10,1.581e-10,1.853e-10,3.532e-10,2.051e-10,2.340e-10,1.802e-10,4.548e-10
0.50,3.50,9.401772e-13,9.401772e-13,9.401772e-13,9.401772e-13,9.401772e-13,9.401772e-13,9.401772e-13,9.401772e-13,9.401772e-13,1.042e-11,3.067e-11,1.083e-10,4.801e-11,1.642e-11,7.158e-12,5.745e-11,9.299e-11,5.715e-10
0.50,4.00,9.401772e-13,9.401772e-13,9.401772e-13,9.401772e-13,9.401772e-13,9.401772e-13,9.401772e-13,9.401772e-13,9.401772e-13,5.309e-10,3.924e-10,3.823e-10,4.875e-10,5.818e-10,3.442e-10,3.031e-10,3.174e-10,5.326e-10
0.50,4.50,9.401772e-13,9.401772e-13,9.401772e-13,9.401772e-13,9.401772e-13,9.401772e-13,9.401772e-13,9.401772e-13,9.401772e-13,3.983e-10,1.868e-10,5.064e-11,2.224e-10,2.854e-10,1.417e-11,2.483e-10,2.784e-10,7.361e-10
0.50,5.00,9.401772e-13,9.401772e-13,9.401772e-13,9.401772e-13,9.401772e-13,9.401772e-13,9.401772e-13,9.401772e-13,9.401772e-13,4.531e-11,6.632e-11,8.031e-11,1.164e-10,1.770e-10,1.422e-10,3.531e-11,1.457e-10,1.046e-09
0.50,5.50,9.401772e-13,9.401772e-13,9.401772e-13,9.401772e-13,9.401772e-13,9.401772e-13,9.401772e-13,9.401772e-13,9.401772e-13,1.423e-11,1.734e-10,1.907e-11,8.183e-11,1.241e-11,1.234e-10,4.009e-12,2.644e-10,9.005e-10
0.50,6.00,9.401772e-13,9.401772e-13,9.401772e-13,9.401772e-13,9.401772e-13,9.401772e-13,9.401772e-13,9.401772e-13,9.401772e-13,5.295e-11,2.551e-11,1.040e-10,5.200e-13,5.389e-11,4.612e-11,1.643e-11,1.367e-10,9.060e-10
0.50,6.50,9.401772e-13,9.401772e-13,9.401772e-13,9.401772e-13,9.401772e-13,9.401772e-13,9.401772e-13,9.401772e-13,9.401772e-13,1.075e-10,3.280e-10,5.416e-11,3.386e-10,2.190e-10,7.285e-11,2.364e-10,4.944e-10,1.278e-09
0.50,7.00,9.401772e-13,9.401772e-13,9.401772e-13,9.401772e-13,9.401772e-13,9.401772e-13,9.401772e-13,9.401772e-13,9.401772e-13,2.670e-10,3.262e-10,2.655e-10,9.423e-11,4.671e-10,1.624e-10,1.671e-10,6.952e-10,1.441e-09
0.50,7.50,9.401772e-13,9.401772e-13,9.401772e-13,9.401772e-13,9.401772e-13,9.401772e-13,9.401772e-13,9.401772e-13,9.401772e-13,1.895e-11,3.029e-11,8.170e-11,1.787e-10,1.693e-10,1.049e-10,4.346e-11,1.342e-10,1.345e-09
0.50,8.00,9.401772e-13,9.401772e-13,9.401772e-13,9.401772e-13,9.401772e-13,9.401772e-13,9.401772e-13,9.401772e-13,9.401772e-13,1.028e-10,1.757e-10,3.704e-10,2.297e-10,3.419e-10,1.946e-10,5.442e-11,4.455e-10,1.810e-09
1.00,-8.00,9.401772e-13,9.401772e-13,9.401772e-13,9.401772e-13,9.401772e-13,9.401772e-13,9.401772e-13,9.401772e-13,9.401772e-13,9.821e-11,9.821e-11,6.703e-11,3.014e-11,2.255e-12,6.703e-11,1.475e-10,1.435e-10,4.585e-10
1.00,-7.50,9.401772e-13,9.401772e-13,9.401772e-13,9.401772e-13,9.401772e-13,9.401772e-13,9.401772e-13,9.401772e-13,9.401772e-13,3.348e-10,3.348e-10,3.951e-10,3.350e-10,3.519e-10,3.951e-10,3.705e-10,2.081e-10,6.536e-10
1.00,-7.00,9.401772e-13,9.401772e-13,9.401772e-13,9.401772e-13,9.401772e-13,9.401772e-13,9.401772e-13,9.401772e-13,9.401772e-13,1.479e-10,1.479e-10,1.980e-11,1.241e-10,8.952e-11,1.980e-11,3.748e-11,1.040e-10,7.674e-10
1.00,-6.50,9.401772e-13,9.401772e-13,9.401772e-13,9.401772e-13,9.401772e-13,9.401772e-13,9.401772e-13,9.401772e-13,9.401772e-13,1.189e-10,1.189e-10,1.385e-10,1.326e-10,1.505e-10,1.385e-10,1.957e-10,9.523e-11,5.839e-10
1.00,-6.00,9.401772e-13,9.401772e-13,9.401772e-13,9.401772e-13,9.401772e-13,9.401772e-13,9.401772e-13,9.401772e-13,9.401772e-13,7.865e-11,7.865e-11,2.731e-10,2.840e-10,3.383e-10,2.731e-10,3.260e-10,2.515e-10,6.779e-10
1.00,-5.50,9.401772e-13,9.401772e-13,9.401772e-13,9.401772e-13,9.401772e-13,9.401772e-13,9.401772e-13,9.401772e-13,9.401772e-13,1.500e-10,1.500e-10,5.629e-11,1.819e-10,1.284e-10,5.629e-11,4.282e-12,2.043e-10,6.025e-10
1.00,-5.00,9.401772e-13,9.401772e-13,9.401772e-13,9.401772e-13,9.401772e-13,9.401772e-13,9.401772e-13,9.401772e-13,9.401772e-13,7.189e-11,7.189e-11,2.703e-10,1.932e-10,3.408e-10,2.703e-10,3.395e-10,2.170e-10,4.017e-10
1.00,-4.50,9.401772e-13,9.401772e-13,9.401772e-13,9.401772e-13,9.401772e-13,9.401772e-13,9.401772e-13,9.401772e-13,9.401772e-13,9.504e-11,9.504e-11,2.026e-11,1.710e-11,1.312e-10,2.026e-11,1.437e-10,6.422e-11,2.465e-10
1.00,-4.00,9.401772e-13,9.401772e-13,9.401772e-13,9.401772e-13,9.401772e-13,9.401772e-13,9.401772e-13,9.401772e-13,9.401772e-13,1.107e-10,1.107e-10,1.131e-10,8.487e-11,1.848e-10,1.131e-10,6.394e-11,2.172e-11,2.375e-10
1.00,-3.50,9.401772e-13,9.401772e-13,9.401772e-13,9.401772e-13,9.401772e-13,9.401772e-13,9.401772e-13,9.401772e-13,9.401772e-13,9.843e-11,9.843e-11,9.048e-11,1.817e-10,7.782e-11,9.048e-11,1.519e-10,1.050e-10,3.528e-10
1.00,-3.00,9.401772e-13,9.401772e-13,9.401772e-13,9.401772e-13,9.401772e-13,9.401772e-13,9.401772e-13,9.401772e-13,9.401772e-13,3.284e-10,3.284e-10,4.676e-11,3.241e-11,6.230e-11,4.676e-11,8.408e-11,5.797e-11,1.714e-10
1.00,-2.50,9.401772e-13,9.401772e-13,9.401772e-13,9.401772e-13,9.401772e-13,9.401772e-13,9.401772e-13,9.401772e-13,9.401772e-13,2.069e-11,2.069e-11,1.543e-10,2.302e-10,1.803e-10,1.543e-10,1.365e-10,3.922e-12,6.615e-10
1.00,-2.00,9.401772e-13,9.401772e-13,9.401772e-13,9.401772e-13,9.401772e-13,9.401772e-13,9.401772e-13,9.401772e-13,9.401772e-13,3.558e-11,3.558e-11,9.943e-11,4.763e-12,8.779e-11,9.943e-11,8.619e-11,8.144e-11,1.524e-10
1.00,-1.50,9.401772e-13,9.401772e-13,9.401772e-13,9.401772e-13,9.401772e-13,9.401772e-13,9.401772e-13,9.401772e-13,9.401772e-13,1.699e-10,1.699e-10,1.369e-10,1.433e-10,7.368e-11,1.369e-10,1.369e-10,2.397e-11,2.372e-10
1.00,-1.00,9.401772e-13,9.401772e-13,9.401772e-13,9.401772e-13,9.401772e-13,9.401772e-13,9.401772e-13,9.401772e-13,9.401772e-13,4.075e-11,4.075e-11,1.559e-10,5.281e-11,1.013e-10,1.559e-10,9.947e-11,1.590e-10,8.786e-11
1.00,-0.50,9.401772e-13,9.401772e-13,9.401772e-13,9.401772e-13,9.401772e-13,9.401772e-13,9.401772e-13,9.401772e-13,9.401772e-13,2.332e-10,2.332e-10,3.490e-10,3.318e-10,1.406e-10,3.490e-10,1.318e-10,1.274e-10,2.311e-10
1.00,0.00,9.401772e-13,9.401772e-13,9.401772e-13,9.401772e-13,9.401772e-13,9.401772e-13,9.401772e-13,9.401772e-13,9.401772e-13,8.945e-11,8.789e-11,1.465e-10,1.047e-10,1.028e-10,8.473e-11,1.189e-10,8.248e-11,3.859e-10
1.00,0.50,9.401772e-13,9.401772e-13,9.401772e-13,9.401772e-13,9.401772e-13,9.401772e-13,9.401772e-13,9.401772e-13,9.401772e-13,8.487e-11,1.397e-10,2.175e-12,1.139e-10,3.160e-11,6.747e-11,3.729e-11,1.701e-11,3.019e-10
1.00,1.00,9.401772e-13,9.401772e-13,9.401772e-13,9.401772e-13,9.401772e-13,9.401772e-13,9.401772e-13,9.401772e-13,9.401772e-13,1.378e-10,7.349e-11,4.318e-11,2.700e-11,2.875e-11,5.276e-11,5.078e-12,1.904e-10,4.670e-10
1.00,1.50,9.401772e-13,9.401772e-13,9.401772e-13,9.401772e-13,9.401772e-13,9.401772e-13,9.401772e-13,9.401772e-13,9.401772e-13,5.397e-11,2.502e-10,5.129e-11,2.223e-10,6.641e-11,7.198e-11,3.513e-12,1.829e-10,5.050e-10
1.00,2.00,9.401772e-13,9.401772e-13,9.401772e-13,9.401772e-13,9.401772e-13,9.401772e-13,9.401772e-13,9.401772e-13,9.401772e-13,4.970e-11,1.876e-11,6.670e-11,6.696e-11,7.833e-12,2.834e-11,3.964e-11,1.516e-10,8.662e-10
1.00,2.50,9.401772e-13,9.401772e-13,9.401772e-13,9.401772e-13,9.401772e-13,9.401772e-13,9.401772e-13,9.401772e-13,9.401772e-13,5.508e-11,5.687e-12,6.244e-11,2.251e-10,1.960e-11,1.185e-11,5.016e-11,3.935e-10,1.460e-09
1.00,3.00,9.401772e-13,9.401772e-13,9.401772e-13,9.401772e-13,9.401772e-13,9.401772e-13,9.401772e-13,9.401772e-13,9.401772e-13,2.148e-11,2.597e-11,4.895e-11,6.248e-11,5.255e-11,1.141e-10,1.221e-11,1.132e-10,8.253e-10
1.00,3.50,9.401772e-13,9.401772e-13,9.401772e-13,9.401772e-13,9.401772e-13,9.401772e-13,9.401772e-13,9.401772e-13,9.401772e-13,5.692e-12,3.233e-11,1.726e-10,1.533e-10,1.274e-10,1.742e-10,3.047e-10,2.868e-10,1.448e-09
1.00,4.00,9.401772e-13,9.401772e-13,9.401772e-13,9.401772e-13,9.401772e-13,9.401772e-13,9.401772e-13,9.401772e-13,9.401772e-13,3.366e-11,9.702e-11,1.254e-11,7.355e-11,3.849e-11,3.644e-10,2.253e-10,1.409e-10,9.953e-10
1.00,4.50,9.401772e-13,9.401772e-13,9.401772e-13,9.401772e-13,9.401772e-13,9.401772e-13,9.401772e-13,9.401772e-13,9.401772e-13,1.669e-10,1.812e-10,2.057e-10,1.825e-10,1.443e-10,2.553e-10,1.454e-10,3.209e-10,3.508e-10
1.00,5.00,9.401772e-13,9.401772e-13,9.401772e-13,9.401772e-13,9.401772e-13,9.401772e-13,9.401772e-13,9.401772e-13,9.401772e-13,3.840e-10,1.802e-10,1.488e-10,9.472e-11,8.576e-11,1.165e-10,1.173e-10,9.570e-11,1.582e-09
1.00,5.50,9.401772e-13,9.401772e-13,9.401772e-13,9.401772e-13,9.401772e-13,9.401772e-13,9.401772e-13,9.401772e-13,9.401772e-13,4.811e-10,3.873e-10,5.085e-10,5.592e-10,5.451e-10,5.315e-10,2.416e-10,6.839e-10,1.526e-09
1.00,6.00,9.401772e-13,9.401772e-13,9.401772e-13,9.401772e-13,9.401772e-13,9.401772e-13,9.401772e-13,9.401772e-13,9.401772e-13,7.509e-10,8.178e-10,5.461e-10,6.998e-10,6.427e-10,6.668e-10,8.675e-10,6.308e-10,1.180e-09
1.00,6.50,9.401772e-13,9.401772e-13,9.401772e-13,9.401772e-13,9.401772e-13,9.401772e-13,9.401772e-13,9.401772e-13,9.401772e-13,4.138e-10,4.613e-10,6.435e-10,3.946e-10,6.197e-10,4.384e-10,3.768e-10,5.841e-10,5.278e-10
1.00,7.00,9.401772e-13,9.401772e-13,9.401772e-13,9.401772e-13,9.401772e-13,9.401772e-13,9.401772e-13,9.401772e-13,9.401772e-13,3.288e-10,3.198e-10,2.698e-10,1.655e-10,2.049e-10,2.739e-10,2.267e-10,2.034e-10,7.622e-10
1.00,7.50,9.401772e-13,9.401772e-13,9.401772e-13,9.401772e-13,9.401772e-13,9.401772e-13,9.401772e-13,9.401772e-13,9.401772e-13,4.653e-10,3.193e-10,3.499e-10,3.304e-10,3.358e-10,3.136e-10,3.070e-10,4.125e-10,6.284e-10
1.00,8.00,9.401772e-13,9.401772e-13,9.401772e-13,9.401772e-13,9.401772e-13,9.401772e-13,9.401772e-13,9.401772e-13,9.401772e-13,4.577e-10,3.357e-10,2.222e-10,3.057e-10,4.896e-10,4.641e-10,4.026e-10,3.516e-10,1.953e-09
1.50,-8.00,9.401772e-13,9.401772e-13,9.401772e-13,9.401772e-13,9.401772e-13,9.401772e-13,9.401772e-13,9.401772e-13,9.401772e-13,6.363e-11,6.363e-11,1.066e-10,1.107e-11,1.003e-11,1.066e-10,5.458e-11,1.779e-10,5.233e-10
1.50,-7.50,9.401772e-13,9.401772e-13,9.401772e-13,9.401772e-13,9.401772e-13,9.401772e-13,9.401772e-13,9.401772e-13,9.401772e-13,5.997e-11,5.997e-11,2.353e-10,2.193e-10,2.554e-10,2.353e-10,2.006e-10,1.952e-10,6.050e-10
1.50,-7.00,9.401772e-13,9.401772e-13,9.401772e-13,9.401772e-13,9.401772e-13,9.401772e-13,9.401772e-13,9.401772e-13,9.401772e-13,2.962e-10,2.962e-10,2.638e-10,2.981e-10,2.761e-10,2.638e-10,2.400e-10,2.739e-10,6.700e-10
1.50,-6.50,9.401772e-13,9.401772e-13,9.401772e-13,9.401772e-13,9.401772e-13,9.401772e-13,9.401772e-13,9.401772e-13,9.401772e-13,2.637e-11,2.637e-11,8.478e-12,3.187e-11,4.051e-11,8.478e-12,1.383e-11,1.965e-11,6.347e-10
1.50,-6.00,9.401772e-13,9.401772e-13,9.401772e-13,9.401772e-13,9.401772e-13,9.401772e-13,9.401772e-13,9.401772e-13,9.401772e-13,1.871e-10,1.871e-10,1.813e-10,1.601e-10,2.852e-10,1.813e-10,1.982e-10,3.170e-10,2.176e-10
1.50,-5.50,9.401772e-13,9.401772e-13,9.401772e-13,9.401772e-13,9.401772e-13,9.401772e-13,9.401772e-13,9.401772e-13,9.401772e-13,1.812e-10,1.812e-10,2.817e-10,1.872e-10,2.076e-10,2.817e-10,2.887e-10,5.902e-11,6.302e-10
1.50,-5.00,9.401772e-13,9.401772e-13,9.401772e-13,9.401772e-13,9.401772e-13,9.401772e-13,9.401772e-13,9.401772e-13,9.401772e-13,5.426e-11,5.426e-11,5.435e-11,1.038e-10,1.107e-10,5.435e-11,1.396e-10,1.901e-10,2.413e-10
1.50,-4.50,9.401772e-13,9.401772e-13,9.401772e-13,9.401772e-13,9.401772e-13,9.401772e-13,9.401772e-13,9.401772e-13,9.401772e-13,1.531e-10,1.531e-10,6.453e-11,1.148e-10,3.891e-11,6.453e-11,7.410e-11,8.564e-11,3.132e-10
1.50,-4.00,9.401772e-13,9.401772e-13,9.401772e-13,9.401772e-13,9.401772e-13,9.401772e-13,9.401772e-13,9.401772e-13,9.401772e-13,1.238e-10,1.238e-10,1.639e-10,2.123e-11,4.679e-11,1.639e-10,8.420e-11,7.645e-11,2.730e-10
1.50,-3.50,9.401772e-13,9.401772e-13,9.401772e-13,9.401772e-13,9.401772e-13,9.401772e-13,9.401772e-13,9.401772e-13,9.401772e-13,8.092e-11,8.092e-11,1.338e-10,1.427e-10,1.123e-10,1.338e-10,9.214e-11,1.414e-10,1.719e-10
1.50,-3.00,9.401772e-13,9.401772e-13,9.401772e-13,9.401772e-13,9.401772e-13,9.401772e-13,9.401772e-13,9.401772e-13,9.401772e-13,8.242e-11,8.242e-11,1.602e-10,8.606e-12,1.227e-10,1.602e-10,4.233e-11,1.711e-10,2.396e-10
1.50,-2.50,9.401772e-13,9.401772e-13,9.401772e-13,9.401772e-13,9.401772e-13,9.401772e-13,9.401772e-13,9.401772e-13,9.401772e-13,2.603e-10,2.603e-10,8.807e-11,9.332e-11,1.646e-10,8.807e-11,1.041e-10,9.976e-11,1.624e-10
1.50,-2.00,9.401772e-13,9.401772e-13,9.401772e-13,9.401772e-13,9.401772e-13,9.401772e-13,9.401772e-13,9.401772e-13,9.401772e-13,3.717e-11,3.717e-11,1.598e-10,1.103e-10,7.373e-11,1.598e-10,6.047e-11,5.369e-11,4.405e-10
1.50,-1.50,9.401772e-13,9.401772e-13,9.401772e-13,9.401772e-13,9.401772e-13,9.401772e-13,9.401772e-13,9.401772e-13,9.401772e-13,3.130e-11,3.130e-11,2.040e-10,1.212e-10,2.103e-10,2.040e-10,8.846e-11,1.233e-10,6.390e-10
1.50,-1.00,9.401772e-13,9.401772e-13,9.401772e-13,9.401772e-13,9.401772e-13,9.401772e-13,9.401772e-13,9.401772e-13,9.401772e-13,1.560e-10,1.560e-10,1.829e-11,4.206e-11,1.225e-10,1.829e-11,7.341e-11,1.880e-10,4.691e-10
1.50,-0.50,9.401772e-13,9.401772e-13,9.401772e-13,9.401772e-13,9.401772e-13,9.401772e-13,9.401772e-13,9.401772e-13,9.401772e-13,1.041e-10,1.041e-10,1.370e-10,1.222e-10,1.173e-10,1.370e-10,2.300e-11,1.006e-10,7.377e-10
1.50,0.00,9.401772e-13,9.401772e-13,9.401772e-13,9.401772e-13,9.401772e-13,9.401772e-13,9.401772e-13,9.401772e-13,9.401772e-13,6.774e-11,6.774e-11,2.096e-10,1.468e-10,3.530e-11,2.096e-10,1.843e-10,2.652e-10,6.146e-10
1.50,0.50,9.401772e-13,9.401772e-13,9.401772e-13,9.401772e-13,9.401772e-13,9.401772e-13,9.401772e-13,9.401772e-13,9.401772e-13,4.782e-11,8.370e-11,9.392e-12,4.612e-11,3.554e-11,2.763e-11,2.393e-11,1.342e-11,5.601e-10
1.50,1.00,9.401772e-13,9.401772e-13,9.401772e-13,9.401772e-13,9.401772e-13,9.401772e-13,9.401772e-13,9.401772e-13,9.401772e-13,1.059e-10,2.611e-10,8.936e-11,2.467e-11,2.552e-13,4.098e-11,1.548e-10,1.379e-10,6.896e-10
1.50,1.50,9.401772e-13,9.401772e-13,9.401772e-13,9.401772e-13,9.401772e-13,9.401772e-13,9.401772e-13,9.401772e-13,9.401772e-13,5.171e-11,9.717e-11,1.931e-10,1.065e-10,5.564e-11,1.418e-10,1.174e-10,1.071e-10,6.228e-10
1.50,2.00,9.401772e-13,9.401772e-13,9.401772e-13,9.401772e-13,9.401772e-13,9.401772e-13,9.401772e-13,9.401772e-13,9.401772e-13,1.888e-10,6.013e-11,1.619e-10,2.161e-10,1.116e-10,1.471e-10,3.177e-10,8.347e-11,7.304e-10
1.50,2.50,9.401772e-13,9.401772e-13,9.401772e-13,9.401772e-13,9.401772e-13,9.401772e-13,9.401772e-13,9.401772e-13,9.401772e-13,2.069e-10,1.909e-10,1.418e-10,2.599e-10,3.161e-10,1.480e-10,2.278e-10,2.194e-10,5.874e-10
1.50,3.00,9.401772e-13,9.401772e-13,9.401772e-13,9.401772e-13,9.401772e-13,9.401772e-13,9.401772e-13,9.401772e-13,9.401772e-13,5.515e-10,4.967e-10,4.466e-10,6.110e-10,4.311e-10,2.962e-10,7.023e-10,5.800e-10,8.101e-10
1.50,3.50,9.401772e-13,9.401772e-13,9.401772e-13,9.401772e-13,9.401772e-13,9.401772e-13,9.401772e-13,9.401772e-13,9.401772e-13,2.454e-10,1.721e-10,1.756e-10,1.929e-12,1.612e-12,2.638e-10,1.251e-10,1.751e-12,7.218e-10
1.50,4.00,9.401772e-13,9.401772e-13,9.401772e-13,9.401772e-13,9.401772e-13,9.401772e-13,9.401772e-13,9.401772e-13,9.401772e-13,9.416e-11,2.681e-11,1.114e-10,8.949e-11,1.840e-10,1.885e-11,2.549e-10,6.394e-11,9.318e-10
1.50,4.50,9.401772e-13,9.401772e-13,9.401772e-13,9.401772e-13,9.401772e-13,9.401772e-13,9.401772e-13,9.401772e-13,9.401772e-13,5.690e-10,7.651e-10,6.347e-10,8.917e-10,5.485e-10,6.340e-10,7.617e-10,3.714e-10,1.079e-09
1.50,5.00,9.401772e-13,9.401772e-13,9.401772e-13,9.401772e-13,9.401772e-13,9.401772e-13,9.401772e-13,9.401772e-13,9.401772e-13,3.863e-11,7.097e-12,9.736e-11,2.797e-10,1.218e-10,4.425e-11,8.653e-11,3.002e-10,1.166e-09
1.50,5.50,9.401772e-13,9.401772e-13,9.401772e-13,9.401772e-13,9.401772e-13,9.401772e-13,9.401772e-13,9.401772e-13,9.401772e-13,4.846e-10,5.277e-10,4.297e-10,5.707e-10,7.087e-10,5.669e-10,5.062e-10,3.392e-10,9.830e-10
1.50,6.00,9.401772e-13,9.401772e-13,9.401772e-13,9.401772e-13,9.401772e-13,9.401772e-13,9.401772e-13,9.401772e-13,9.401772e-13,8.942e-11,2.475e-11,2.877e-10,3.557e-10,1.199e-10,2.624e-10,4.632e-11,7.063e-11,1.181e-09
1.50,6.50,9.401772e-13,9.401772e-13,9.401772e-13,9.401772e-13,9.401772e-13,9.401772e-13,9.401772e-13,9.401772e-13,9.401772e-13,6.717e-10,5.341e-10,3.767e-10,7.029e-10,6.963e-10,6.204e-10,5.069e-10,7.643e-10,1.693e-09
1.50,7.00,9.401772e-13,9.401772e-13,9.401772e-13,9.401772e-13,9.401772e-13,9.401772e-13,9.401772e-13,9.401772e-13,9.401772e-13,2.757e-10,1.833e-10,2.054e-10,7.204e-12,1.392e-10,2.426e-10,2.536e-11,1.003e-12,1.380e-09
1.50,7.50,9.401772e-13,9.401772e-13,9.401772e-13,9.401772e-13,9.401772e-13,9.401772e-13,9.401772e-13,9.401772e-13,9.401772e-13,7.006e-10,3.763e-10,4.791e-10,4.088e-10,5.349e-10,7.597e-10,7.678e-10,2.381e-10,1.589e-09
1.50,8.00,9.401772e-13,9.401772e-13,9.401772e-13,9.401772e-13,9.401772e-13,9.401772e-13,9.401772e-13,9.401772e-13,9.401772e-13,9.972e-10,9.741e-10,8.508e-10,1.104e-09,9.742e-10,1.043e-09,1.119e-09,7.758e-10,1.361e-09
2.00,-8.00,9.401772e-13,9.401772e-13,9.401772e-13,9.401772e-13,9.401772e-13,9.401772e-13,9.401772e-13,9.401772e-13,9.401772e-13,5.218e-11,5.218e-11,1.040e-10,8.319e-12,9.270e-11,1.040e-10,1.294e-10,9.036e-11,5.526e-10
2.00,-7.50,9.401772e-13,9.401772e-13,9.401772e-13,9.401772e-13,9.401772e-13,9.401772e-13,9.401772e-13,9.401772e-13,9.401772e-13,1.331e-10,1.331e-10,7.263e-11,2.695e-10,8.646e-11,7.263e-11,3.301e-11,2.955e-10,5.978e-10
2.00,-7.00,9.401772e-13,9.401772e-13,9.401772e-13,9.401772e-13,9.401772e-13,9.401772e-13,9.401772e-13,9.401772e-13,9.401772e-13,2.674e-10,2.674e-10,4.425e-11,1.108e-10,2.182e-11,4.425e-11,1.312e-10,8.516e-11,5.034e-10
2.00,-6.50,9.401772e-13,9.401772e-13,9.401772e-13,9.401772e-13,9.401772e-13,9.401772e-13,9.401772e-13,9.401772e-13,9.401772e-13,7.299e-11,7.299e-11,1.139e-11,8.639e-12,5.726e-11,1.139e-11,7.099e-11,9.627e-11,4.393e-10
2.00,-6.00,9.401772e-13,9.401772e-13,9.401772e-13,9.401772e-13,9.401772e-13,9.401772e-13,9.401772e-13,9.401772e-13,9.401772e-13,2.769e-10,2.769e-10,2.198e-11,6.489e-11,4.814e-11,2.198e-11,3.104e-11,5.440e-11,2.382e-10
2.00,-5.50,9.401772e-13,9.401772e-13,9.401772e-13,9.401772e-13,9.401772e-13,9.401772e-13,9.401772e-13,9.401772e-13,9.401772e-13,1.185e-10,1.185e-10,6.897e-13,2.115e-10,1.413e-10,6.897e-13,2.007e-10,1.136e-10,1.971e-10
2.00,-5.00,9.401772e-13,9.401772e-13,9.401772e-13,9.401772e-13,9.401772e-13,9.401772e-13,9.401772e-13,9.401772e-13,9.401772e-13,2.581e-10,2.581e-10,1.206e-10,5.966e-11,8.931e-11,1.206e-10,4.205e-11,5.939e-11,6.604e-10
2.00,-4.50,9.401772e-13,9.401772e-13,9.401772e-13,9.401772e-13,9.401772e-13,9.401772e-13,9.401772e-13,9.401772e-13,9.401772e-13,2.209e-10,2.209e-10,1.312e-10,1.854e-10,2.167e-10,1.312e-10,2.422e-10,2.453e-10,1.473e-10
2.00,-4.00,9.401772e-13,9.401772e-13,9.401772e-13,9.401772e-13,9.401772e-13,9.401772e-13,9.401772e-13,9.401772e-13,9.401772e-13,5.755e-11,5.755e-11,2.770e-11,1.099e-10,1.443e-11,2.770e-11,9.046e-11,2.568e-11,2.327e-10
2.00,-3.50,9.401772e-13,9.401772e-13,9.401772e-13,9.401772e-13,9.401772e-13,9.401772e-13,9.401772e-13,9.401772e-13,9.401772e-13,1.401e-10,1.401e-10,1.739e-10,3.187e-10,1.265e-10,1.739e-10,1.890e-10,2.404e-10,2.859e-10
2.00,-3.00,9.401772e-13,9.401772e-13,9.401772e-13,9.401772e-13,9.401772e-13,9.401772e-13,9.401772e-13,9.401772e-13,9.401772e-13,1.794e-10,1.794e-10,9.316e-11,6.376e-11,9.251e-11,9.316e-11,1.412e-10,7.162e-12,1.166e-10
2.00,-2.50,9.401772e-13,9.401772e-13,9.401772e-13,9.401772e-13,9.401772e-13,9.401772e-13,9.401772e-13,9.401772e-13,9.401772e-13,1.205e-10,1.205e-10,1.234e-10,1.863e-10,1.487e-11,1.234e-10,1.734e-11,2.224e-10,3.009e-10
2.00,-2.00,9.401772e-13,9.401772e-13,9.401772e-13,9.401772e-13,9.401772e-13,9.401772e-13,9.401772e-13,9.401772e-13,9.401772e-13,3.171e-10,3.171e-10,2.302e-10,2.302e-10,3.831e-10,2.302e-10,3.560e-10,3.617e-10,4.805e-10
2.00,-1.50,9.401772e-13,9.401772e-13,9.401772e-13,9.401772e-13,9.401772e-13,9.401772e-13,9.401772e-13,9.401772e-13,9.401772e-13,1.679e-10,1.679e-10,7.723e-11,2.958e-11,1.773e-10,7.723e-11,8.183e-11,1.194e-10,5.524e-10
2.00,-1.00,9.401772e-13,9.401772e-13,9.401772e-13,9.401772e-13,9.401772e-13,9.401772e-13,9.401772e-13,9.401772e-13,9.401772e-13,7.123e-11,7.123e-11,8.193e-12,5.636e-12,8.131e-11,8.193e-12,7.369e-11,4.873e-11,2.481e-10
2.00,-0.50,9.401772e-13,9.401772e-13,9.401772e-13,9.401772e-13,9.401772e-13,9.401772e-13,9.401772e-13,9.401772e-13,9.401772e-13,3.600e-10,3.600e-10,3.231e-10,2.633e-10,1.952e-10,3.231e-10,2.219e-10,2.144e-10,7.684e-10
2.00,0.00,9.401772e-13,9.401772e-13,9.401772e-13,9.401772e-13,9.401772e-13,9.401772e-13,9.401772e-13,9.401772e-13,9.401772e-13,1.066e-10,1.066e-10,2.862e-11,5.733e-11,1.405e-10,2.862e-11,8.518e-11,2.422e-10,5.803e-10
2.00,0.50,9.401772e-13,9.401772e-13,9.401772e-13,9.401772e-13,9.401772e-13,9.401772e-13,9.401772e-13,9.401772e-13,9.401772e-13,1.740e-10,2.091e-10,2.845e-11,1.894e-10,2.573e-10,1.439e-10,1.083e-10,1.596e-10,7.422e-10
2.00,1.00,9.401772e-13,9.401772e-13,9.401772e-13,9.401772e-13,9.401772e-13,9.401772e-13,9.401772e-13,9.401772e-13,9.401772e-13,1.801e-10,1.343e-10,1.372e-10,1.433e-11,1.870e-10,7.340e-11,1.830e-10,1.348e-11,9.027e-10
2.00,1.50,9.401772e-13,9.401772e-13,9.401772e-13,9.401772e-13,9.401772e-13,9.401772e-13,9.401772e-13,9.401772e-13,9.401772e-13,1.019e-10,1.648e-11,1.643e-11,5.941e-11,1.543e-10,9.191e-11,4.310e-11,1.671e-10,4.605e-10
2.00,2.00,9.401772e-13,9.401772e-13,9.401772e-13,9.401772e-13,9.401772e-13,9.401772e-13,9.401772e-13,9.401772e-13,9.401772e-13,4.592e-10,3.344e-10,5.241e-10,3.841e-10,4.348e-10,4.234e-10,4.837e-10,1.732e-10,7.879e-10
2.00,2.50,9.401772e-13,9.401772e-13,9.401772e-13,9.401772e-13,9.401772e-13,9.401772e-13,9.401772e-13,9.401772e-13,9.401772e-13,3.993e-10,3.601e-10,4.074e-10,5.476e-10,4.892e-10,4.310e-10,4.429e-10,4.063e-10,9.160e-10
2.00,3.00,9.401772e-13,9.401772e-13,9.401772e-13,9.401772e-13,9.401772e-13,9.401772e-13,9.401772e-13,9.401772e-13,9.401772e-13,1.527e-10,1.776e-11,1.449e-10,5.715e-11,1.133e-10,8.699e-11,2.520e-11,1.657e-10,1.004e-09
2.00,3.50,9.401772e-13,9.401772e-13,9.401772e-13,9.401772e-13,9.401772e-13,9.401772e-13,9.401772e-13,9.401772e-13,9.401772e-13,2.419e-10,1.166e-10,1.703e-10,2.170e-10,1.607e-10,1.804e-10,2.157e-10,1.093e-10,1.076e-09
2.00,4.00,9.401772e-13,9.401772e-13,9.401772e-13,9.401772e-13,9.401772e-13,9.401772e-13,9.401772e-13,9.401772e-13,9.401772e-13,9.056e-11,1.077e-10,2.740e-10,2.694e-10,1.835e-10,2.932e-10,2.550e-10,3.630e-10,1.332e-09
2.00,4.50,9.401772e-13,9.401772e-13,9.401772e-13,9.401772e-13,9.401772e-13,9.401772e-13,9.401772e-13,9.401772e-13,9.401772e-13,5.949e-10,2.230e-10,1.121e-10,1.458e-10,4.280e-10,1.883e-10,9.013e-11,1.365e-10,1.252e-09
2.00,5.00,9.401772e-13,9.401772e-13,9.401772e-13,9.401772e-13,9.401772e-13,9.401772e-13,9.401772e-13,9.401772e-13,9.401772e-13,4.624e-10,3.534e-10,1.842e-10,1.599e-10,4.433e-10,2.638e-10,4.088e-10,3.946e-10,9.817e-10
2.00,5.50,9.401772e-13,9.401772e-13,9.401772e-13,9.401772e-13,9.401772e-13,9.401772e-13,9.401772e-13,9.401772e-13,9.401772e-13,2.985e-10,3.967e-11,6.556e-11,1.049e-10,1.027e-10,1.690e-10,2.321e-10,4.759e-10,1.462e-09
2.00,6.00,9.401772e-13,9.401772e-13,9.401772e-13,9.401772e-13,9.401772e-13,9.401772e-13,9.401772e-13,9.401772e-13,9.401772e-13,8.351e-11,3.183e-10,3.583e-10,3.343e-10,1.398e-10,1.887e-12,2.307e-11,2.331e-10,1.293e-09
2.00,6.50,9.401772e-13,9.401772e-13,9.401772e-13,9.401772e-13,9.401772e-13,9.401772e-13,9.401772e-13,9.401772e-13,9.401772e-13,1.424e-10,1.344e-10,5.171e-12,3.598e-11,3.170e-10,6.304e-11,1.811e-10,1.265e-10,7.902e-10
2.00,7.00,9.401772e-13,9.401772e-13,9.401772e-13,9.401772e-13,9.401772e-13,9.401772e-13,9.401772e-13,9.401772e-13,9.401772e-13,1.096e-10,7.790e-11,2.599e-10,1.575e-10,2.839e-11,2.040e-10,3.932e-10,4.522e-10,1.612e-09
2.00,7.50,9.401772e-13,9.401772e-13,9.401772e-13,9.401772e-13,9.401772e-13,9.401772e-13,9.401772e-13,9.401772e-13,9.401772e-13,4.655e-10,4.549e-10,3.066e-10,4.333e-10,2.615e-10,4.649e-10,4.277e-10,4.818e-10,1.806e-09
2.00,8.00,9.401772e-13,9.401772e-13,9.401772e-13,9.401772e-13,9.401772e-13,9.401772e-13,9.401772e-13,9.401772e-13,9.401772e-13,4.177e-11,8.950e-11,3.640e-11,1.945e-10,7.322e-11,6.395e-11,1.764e-10,6.335e-10,2.398e-09
2.50,-8.00,9.401772e-13,9.401772e-13,9.401772e-13,9.401772e-13,9.401772e-13,9.401772e-13,9.401772e-13,9.401772e-13,9.401772e-13,1.037e-10,1.037e-10,8.516e-11,8.811e-11,6.330e-11,8.516e-11,1.605e-10,2.712e-11,4.677e-10
2.50,-7.50,9.401772e-13,9.401772e-13,9.401772e-13,9.401772e-13,9.401772e-13,9.401772e-13,9.401772e-13,9.401772e-13,9.401772e-13,1.366e-10,1.366e-10,1.109e-10,1.441e-10,9.938e-11,1.109e-10,4.511e-11,1.194e-10,4.055e-10
2.50,-7.00,9.401772e-13,9.401772e-13,9.401772e-13,9.401772e-13,9.401772e-13,9.401772e-13,9.401772e-13,9.401772e-13,9.401772e-13,9.275e-11,9.275e-11,2.161e-10,1.090e-10,7.440e-11,2.161e-10,6.550e-12,8.492e-12,2.150e-10
2.50,-6.50,9.401772e-13,9.401772e-13,9.401772e-13,9.401772e-13,9.401772e-13,9.401772e-13,9.401772e-13,9.401772e-13,9.401772e-13,2.925e-11,2.925e-11,1.186e-10,3.635e-11,1.413e-11,1.186e-10,9.465e-11,1.686e-10,2.714e-10
2.50,-6.00,9.401772e-13,9.401772e-13,9.401772e-13,9.401772e-13,9.401772e-13,9.401772e-13,9.401772e-13,9.401772e-13,9.401772e-13,4.873e-11,4.873e-11,2.174e-11,6.901e-11,8.276e-12,2.174e-11,8.630e-11,2.236e-11,1.930e-10
2.50,-5.50,9.401772e-13,9.401772e-13,9.401772e-13,9.401772e-13,9.401772e-13,9.401772e-13,9.401772e-13,9.401772e-13,9.401772e-13,1.717e-10,1.717e-10,2.565e-10,3.131e-10,1.093e-10,2.565e-10,2.505e-10,2.253e-10,1.828e-10
2.50,-5.00,9.401772e-13,9.401772e-13,9.401772e-13,9.401772e-13,9.401772e-13,9.401772e-13,9.401772e-13,9.401772e-13,9.401772e-13,1.126e-10,1.126e-10,4.446e-12,6.704e-11,6.608e-11,4.446e-12,1.118e-10,1.520e-11,1.913e-10
2.50,-4.50,9.401772e-13,9.401772e-13,9.401772e-13,9.401772e-13,9.401772e-13,9.401772e-13,9.401772e-13,9.401772e-13,9.401772e-13,1.152e-10,1.152e-10,1.523e-10,1.012e-10,1.840e-10,1.523e-10,1.433e-10,7.274e-11,2.723e-10
2.50,-4.00,9.401772e-13,9.401772e-13,9.401772e-13,9.401772e-13,9.401772e-13,9.401772e-13,9.401772e-13,9.401772e-13,9.401772e-13,3.464e-10,3.464e-10,2.675e-10,2.979e-10,3.940e-10,2.675e-10,2.887e-10,3.267e-10,4.397e-10
2.50,-3.50,9.401772e-13,9.401772e-13,9.401772e-13,9.401772e-13,9.401772e-13,9.401772e-13,9.401772e-13,9.401772e-13,9.401772e-13,3.577e-12,3.577e-12,1.555e-10,1.145e-11,1.116e-10,1.555e-10,9.967e-11,2.971e-11,1.687e-10
2.50,-3.00,9.401772e-13,9.401772e-13,9.401772e-13,9.401772e-13,9.401772e-13,9.401772e-13,9.401772e-13,9.401772e-13,9.401772e-13,2.590e-11,2.590e-11,4.005e-11,4.134e-11,8.884e-11,4.005e-11,4.913e-11,3.292e-11,8.743e-10
2.50,-2.50,9.401772e-13,9.401772e-13,9.401772e-13,9.401772e-13,9.401772e-13,9.401772e-13,9.401772e-13,9.401772e-13,9.401772e-13,1.598e-10,1.598e-10,1.608e-10,4.036e-11,2.470e-10,1.608e-10,1.217e-10,2.168e-10,4.321e-10
2.50,-2.00,9.401772e-13,9.401772e-13,9.401772e-13,9.401772e-13,9.401772e-13,9.401772e-13,9.401772e-13,9.401772e-13,9.401772e-13,3.719e-10,3.719e-10,4.064e-10,3.430e-10,4.281e-10,4.064e-10,3.140e-10,3.424e-10,5.322e-10
2.50,-1.50,9.401772e-13,9.401772e-13,9.401772e-13,9.401772e-13,9.401772e-13,9.401772e-13,9.401772e-13,9.401772e-13,9.401772e-13,1.136e-10,1.136e-10,1.264e-10,5.492e-11,1.698e-10,1.264e-10,1.135e-10,2.180e-10,5.950e-10
2.50,-1.00,9.401772e-13,9.401772e-13,9.401772e-13,9.401772e-13,9.401772e-13,9.401772e-13,9.401772e-13,9.401772e-13,9.401772e-13,3.199e-10,3.199e-10,1.887e-10,1.749e-10,1.146e-10,1.887e-10,2.155e-10,3.139e-10,5.380e-10
2.50,-0.50,9.401772e-13,9.401772e-13,9.401772e-13,9.401772e-13,9.401772e-13,9.401772e-13,9.401772e-13,9.401772e-13,9.401772e-13,7.301e-11,7.301e-11,1.318e-10,1.703e-11,1.450e-10,1.318e-10,6.025e-11,4.378e-11,1.247e-09
2.50,0.00,9.401772e-13,9.401772e-13,9.401772e-13,9.401772e-13,9.401772e-13,9.401772e-13,9.401772e-13,9.401772e-13,9.401772e-13,3.494e-10,3.494e-10,3.985e-10,2.247e-10,3.325e-10,3.985e-10,3.774e-10,3.533e-10,1.730e-09
2.50,0.50,9.401772e-13,9.401772e-13,9.401772e-13,9.401772e-13,9.401772e-13,9.401772e-13,9.401772e-13,9.401772e-13,9.401772e-13,9.692e-11,9.692e-11,2.337e-10,3.140e-10,2.452e-10,2.337e-10,1.698e-10,4.548e-11,1.104e-09
2.50,1.00,9.401772e-13,9.401772e-13,9.401772e-13,9.401772e-13,9.401772e-13,9.401772e-13,9.401772e-13,9.401772e-13,9.401772e-13,6.854e-10,5.166e-10,5.162e-10,5.235e-10,5.788e-10,4.236e-10,3.674e-10,6.380e-10,7.311e-10
2.50,1.50,9.401772e-13,9.401772e-13,9.401772e-13,9.401772e-13,9.401772e-13,9.401772e-13,9.401772e-13,9.401772e-13,9.401772e-13,3.249e-10,3.048e-10,2.701e-10,3.885e-10,2.508e-10,2.519e-10,3.120e-10,3.084e-10,1.938e-09
2.50,2.00,9.401772e-13,9.401772e-13,9.401772e-13,9.401772e-13,9.401772e-13,9.401772e-13,9.401772e-13,9.401772e-13,9.401772e-13,5.464e-10,7.985e-10,7.313e-10,7.736e-10,7.248e-10,5.998e-10,5.717e-10,8.704e-10,1.301e-09
2.50,2.50,9.401772e-13,9.401772e-13,9.401772e-13,9.401772e-13,9.401772e-13,9.401772e-13,9.401772e-13,9.401772e-13,9.401772e-13,1.220e-10,1.234e-10,2.180e-11,2.063e-10,1.735e-10,2.350e-10,2.121e-10,1.823e-10,5.042e-10
2.50,3.00,9.401772e-13,9.401772e-13,9.401772e-13,9.401772e-13,9.401772e-13,9.401772e-13,9.401772e-13,9.401772e-13,9.401772e-13,1.754e-10,1.083e-10,2.671e-10,7.801e-11,1.125e-10,2.295e-10,1.658e-11,2.351e-11,4.030e-10
2.50,3.50,9.401772e-13,9.401772e-13,9.401772e-13,9.401772e-13,9.401772e-13,9.401772e-13,9.401772e-13,9.401772e-13,9.401772e-13,1.011e-10,2.553e-10,7.514e-11,8.255e-12,1.044e-10,3.094e-10,1.612e-10,2.445e-10,1.152e-09
2.50,4.00,9.401772e-13,9.401772e-13,9.401772e-13,9.401772e-13,9.401772e-13,9.401772e-13,9.401772e-13,9.401772e-13,9.401772e-13,2.062e-10,2.134e-10,6.569e-11,1.166e-10,3.246e-11,1.860e-10,1.048e-10,2.851e-11,8.748e-10
2.50,4.50,9.401772e-13,9.401772e-13,9.401772e-13,9.401772e-13,9.401772e-13,9.401772e-13,9.401772e-13,9.401772e-13,9.401772e-13,4.940e-11,1.585e-11,5.369e-11,1.417e-10,3.684e-11,3.799e-11,2.106e-11,1.371e-11,8.917e-10
2.50,5.00,9.401772e-13,9.401772e-13,9.401772e-13,9.401772e-13,9.401772e-13,9.401772e-13,9.401772e-13,9.401772e-13,9.401772e-13,1.095e-09,1.110e-09,1.058e-09,9.406e-10,1.174e-09,8.235e-10,8.054e-10,1.325e-09,1.272e-09
2.50,5.50,9.401772e-13,9.401772e-13,9.401772e-13,9.401772e-13,9.401772e-13,9.401772e-13,9.401772e-13,9.401772e-13,9.401772e-13,1.480e-10,1.696e-10,2.844e-10,3.958e-10,1.063e-10,9.113e-11,5.996e-11,8.281e-11,1.265e-09
2.50,6.00,9.401772e-13,9.401772e-13,9.401772e-13,9.401772e-13,9.401772e-13,9.401772e-13,9.401772e-13,9.401772e-13,9.401772e-13,1.725e-10,5.577e-11,1.999e-12,7.395e-11,7.358e-11,2.916e-11,2.662e-11,2.236e-10,1.353e-09
2.50,6.50,9.401772e-13,9.401772e-13,9.401772e-13,9.401772e-13,9.401772e-13,9.401772e-13,9.401772e-13,9.401772e-13,9.401772e-13,4.486e-10,6.426e-10,4.432e-10,8.094e-10,5.122e-10,5.781e-10,4.264e-10,1.646e-10,1.577e-09
2.50,7.00,9.401772e-13,9.401772e-13,9.401772e-13,9.401772e-13,9.401772e-13,9.401772e-13,9.401772e-13,9.401772e-13,9.401772e-13,1.330e-10,2.200e-10,2.564e-10,3.046e-10,2.612e-10,1.316e-10,9.105e-11,1.667e-10,1.712e-09
2.50,7.50,9.401772e-13,9.401772e-13,9.401772e-13,9.401772e-13,9.401772e-13,9.401772e-13,9.401772e-13,9.401772e-13,9.401772e-13,4.417e-10,3.952e-10,7.640e-10,4.008e-10,5.252e-10,3.746e-10,5.025e-10,7.321e-10,2.012e-09
2.50,8.00,9.401772e-13,9.401772e-13,9.401772e-13,9.401772e-13,9.401772e-13,9.401772e-13,9.401772e-13,9.401772e-13,9.401772e-13,5.507e-10,4.816e-10,5.350e-10,6.618e-10,4.229e-10,5.852e-10,3.812e-10,5.742e-10,3.140e-09
3.00,-8.00,9.401772e-13,9.401772e-13,9.401772e-13,9.401772e-13,9.401772e-13,9.401772e-13,9.401772e-13,9.401772e-13,9.401772e-13,2.270e-10,2.270e-10,6.469e-11,1.502e-10,5.266e-11,6.469e-11,3.549e-11,1.202e-10,3.330e-10
3.00,-7.50,9.401772e-13,9.401772e-13,9.401772e-13,9.401772e-13,9.401772e-13,9.401772e-13,9.401772e-13,9.401772e-13,9.401772e-13,1.999e-11,1.999e-11,3.306e-10,2.747e-10,2.141e-10,3.306e-10,2.084e-10,9.287e-11,6.475e-10
3.00,-7.00,9.401772e-13,9.401772e-13,9.401772e-13,9.401772e-13,9.401772e-13,9.401772e-13,9.401772e-13,9.401772e-13,9.401772e-13,2.852e-11,2.852e-11,5.571e-11,1.402e-10,1.139e-10,5.571e-11,3.361e-11,1.138e-10,1.315e-10
3.00,-6.50,9.401772e-13,9.401772e-13,9.401772e-13,9.401772e-13,9.401772e-13,9.401772e-13,9.401772e-13,9.401772e-13,9.401772e-13,1.247e-10,1.247e-10,1.457e-10,7.734e-11,1.013e-10,1.457e-10,2.907e-11,3.173e-11,2.565e-10
3.00,-6.00,9.401772e-13,9.401772e-13,9.401772e-13,9.401772e-13,9.401772e-13,9.401772e-13,9.401772e-13,9.401772e-13,9.401772e-13,1.043e-10,1.043e-10,1.318e-10,1.034e-10,2.647e-10,1.318e-10,2.100e-10,1.631e-10,2.341e-10
3.00,-5.50,9.401772e-13,9.401772e-13,9.401772e-13,9.401772e-13,9.401772e-13,9.401772e-13,9.401772e-13,9.401772e-13,9.401772e-13,1.970e-10,1.970e-10,1.309e-10,9.830e-11,8.480e-11,1.309e-10,3.282e-11,5.507e-11,5.912e-10
3.00,-5.00,9.401772e-13,9.401772e-13,9.401772e-13,9.401772e-13,9.401772e-13,9.401772e-13,9.401772e-13,9.401772e-13,9.401772e-13,5.381e-11,5.381e-11,1.548e-10,3.971e-11,1.537e-10,1.548e-10,1.070e-10,3.505e-11,1.131e-10
3.00,-4.50,9.401772e-13,9.401772e-13,9.401772e-13,9.401772e-13,9.401772e-13,9.401772e-13,9.401772e-13,9.401772e-13,9.401772e-13,9.014e-11,9.014e-11,7.875e-11,2.186e-11,5.593e-11,7.875e-11,7.698e-11,6.539e-11,5.744e-10
3.00,-4.00,9.401772e-13,9.401772e-13,9.401772e-13,9.401772e-13,9.401772e-13,9.401772e-13,9.401772e-13,9.401772e-13,9.401772e-13,1.746e-10,1.746e-10,2.508e-10,1.431e-10,1.480e-10,2.508e-10,2.175e-11,1.149e-10,6.377e-10
3.00,-3.50,9.401772e-13,9.401772e-13,9.401772e-13,9.401772e-13,9.401772e-13,9.401772e-13,9.401772e-13,9.401772e-13,9.401772e-13,7.848e-11,7.848e-11,6.691e-11,1.420e-10,9.774e-11,6.691e-11,7.544e-11,3.134e-11,3.142e-10
3.00,-3.00,9.401772e-13,9.401772e-13,9.401772e-13,9.401772e-13,9.401772e-13,9.401772e-13,9.401772e-13,9.401772e-13,9.401772e-13,9.413e-11,9.413e-11,1.157e-10,1.524e-10,1.261e-10,1.157e-10,1.211e-10,8.582e-11,8.933e-10
3.00,-2.50,9.401772e-13,9.401772e-13,9.401772e-13,9.401772e-13,9.401772e-13,9.401772e-13,9.401772e-13,9.401772e-13,9.401772e-13,7.602e-11,7.602e-11,4.193e-11,4.010e-12,7.435e-11,4.193e-11,1.187e-10,1.981e-10,1.155e-09
3.00,-2.00,9.401772e-13,9.401772e-13,9.401772e-13,9.401772e-13,9.401772e-13,9.401772e-13,9.401772e-13,9.401772e-13,9.401772e-13,3.700e-10,3.700e-10,3.143e-10,3.124e-10,3.189e-10,3.143e-10,4.088e-10,3.965e-10,7.613e-10
3.00,-1.50,9.401772e-13,9.401772e-13,9.401772e-13,9.401772e-13,9.401772e-13,9.401772e-13,9.401772e-13,9.401772e-13,9.401772e-13,6.981e-11,6.981e-11,6.912e-11,4.792e-11,7.261e-12,6.912e-11,2.957e-11,1.840e-10,5.236e-10
3.00,-1.00,9.401772e-13,9.401772e-13,9.401772e-13,9.401772e-13,9.401772e-13,9.401772e-13,9.401772e-13,9.401772e-13,9.401772e-13,3.201e-10,3.201e-10,3.373e-10,4.200e-10,3.234e-10,3.373e-10,3.786e-10,3.856e-10,5.239e-10
3.00,-0.50,9.401772e-13,9.401772e-13,9.401772e-13,9.401772e-13,9.401772e-13,9.401772e-13,9.401772e-13,9.401772e-13,9.401772e-13,1.849e-10,1.849e-10,2.140e-10,2.959e-10,1.791e-10,2.140e-10,2.735e-10,2.053e-10,9.765e-10
3.00,0.00,9.401772e-13,9.401772e-13,9.401772e-13,9.401772e-13,9.401772e-13,9.401772e-13,9.401772e-13,9.401772e-13,9.401772e-13,3.294e-10,3.294e-10,4.341e-10,3.687e-10,1.921e-10,4.341e-10,4.105e-10,4.649e-10,1.037e-09
3.00,0.50,9.401772e-13,9.401772e-13,9.401772e-13,9.401772e-13,9.401772e-13,9.401772e-13,9.401772e-13,9.401772e-13,9.401772e-13,6.412e-10,6.412e-10,4.842e-10,3.922e-10,3.152e-10,4.842e-10,4.963e-10,5.615e-10,6.684e-10
3.00,1.00,9.401772e-13,9.401772e-13,9.401772e-13,9.401772e-13,9.401772e-13,9.401772e-13,9.401772e-13,9.401772e-13,9.401772e-13,1.485e-10,2.839e-10,3.761e-11,5.749e-11,2.257e-10,1.942e-11,2.583e-10,1.491e-10,1.108e-09
3.00,1.50,9.401772e-13,9.401772e-13,9.401772e-13,9.401772e-13,9.401772e-13,9.401772e-13,9.401772e-13,9.401772e-13,9.401772e-13,1.140e-10,3.791e-10,4.248e-10,2.016e-10,2.261e-10,1.337e-10,3.748e-10,3.569e-10,1.966e-09
3.00,2.00,9.401772e-13,9.401772e-13,9.401772e-13,9.401772e-13,9.401772e-13,9.401772e-13,9.401772e-13,9.401772e-13,9.401772e-13,5.346e-10,7.897e-10,7.259e-11,3.659e-10,6.333e-10,3.461e-10,6.845e-10,2.983e-10,1.269e-09
3.00,2.50,9.401772e-13,9.401772e-13,9.401772e-13,9.401772e-13,9.401772e-13,9.401772e-13,9.401772e-13,9.401772e-13,9.401772e-13,4.747e-10,3.178e-10,4.981e-10,7.708e-10,2.672e-10,3.074e-10,2.004e-10,4.064e-10,6.100e-10
3.00,3.00,9.401772e-13,9.401772e-13,9.401772e-13,9.401772e-13,9.401772e-13,9.401772e-13,9.401772e-13,9.401772e-13,9.401772e-13,1.671e-11,6.055e-10,1.479e-10,5.029e-10,4.685e-10,5.865e-10,3.115e-10,2.661e-10,1.065e-09
3.00,3.50,9.401772e-13,9.401772e-13,9.401772e-13,9.401772e-13,9.401772e-13,9.401772e-13,9.401772e-13,9.401772e-13,9.401772e-13,1.936e-10,3.107e-10,3.412e-10,6.229e-11,1.266e-10,3.863e-10,3.829e-10,1.108e-10,1.743e-09
3.00,4.00,9.401772e-13,9.401772e-13,9.401772e-13,9.401772e-13,9.401772e-13,9.401772e-13,9.401772e-13,9.401772e-13,9.401772e-13,2.552e-11,1.236e-10,2.100e-10,1.091e-10,2.479e-10,3.839e-10,1.294e-10,1.351e-10,1.512e-09
3.00,4.50,9.401772e-13,9.401772e-13,9.401772e-13,9.401772e-13,9.401772e-13,9.401772e-13,9.401772e-13,9.401772e-13,9.401772e-13,5.939e-10,5.509e-10,4.222e-10,6.028e-10,4.331e-10,5.486e-10,6.185e-10,5.553e-10,9.077e-10
3.00,5.00,9.401772e-13,9.401772e-13,9.401772e-13,9.401772e-13,9.401772e-13,9.401772e-13,9.401772e-13,9.401772e-13,9.401772e-13,2.673e-10,8.247e-11,1.394e-11,1.607e-10,2.731e-11,2.555e-11,2.295e-10,2.038e-10,8.932e-10
3.00,5.50,9.401772e-13,9.401772e-13,9.401772e-13,9.401772e-13,9.401772e-13,9.401772e-13,9.401772e-13,9.401772e-13,9.401772e-13,1.926e-10,8.382e-11,1.120e-11,1.991e-10,1.181e-10,1.499e-10,3.104e-10,2.900e-10,1.848e-09
3.00,6.00,9.401772e-13,9.401772e-13,9.401772e-13,9.401772e-13,9.401772e-13,9.401772e-13,9.401772e-13,9.401772e-13,9.401772e-13,1.824e-10,2.132e-10,5.130e-11,4.777e-10,3.135e-11,2.613e-11,1.130e-10,4.389e-10,2.467e-09
3.00,6.50,9.401772e-13,9.401772e-13,9.401772e-13,9.401772e-13,9.401772e-13,9.401772e-13,9.401772e-13,9.401772e-13,9.401772e-13,1.849e-10,3.729e-10,3.981e-10,2.973e-10,7.782e-11,2.170e-10,4.430e-10,5.274e-10,1.731e-09
3.00,7.00,9.401772e-13,9.401772e-13,9.401772e-13,9.401772e-13,9.401772e-13,9.401772e-13,9.401772e-13,9.401772e-13,9.401772e-13,6.314e-11,1.613e-10,3.803e-10,1.058e-10,1.024e-10,3.601e-10,1.239e-10,5.865e-10,1.807e-09
3.00,7.50,9.401772e-13,9.401772e-13,9.401772e-13,9.401772e-13,9.401772e-13,9.401772e-13,9.401772e-13,9.401772e-13,9.401772e-13,9.349e-10,7.535e-10,1.025e-09,1.093e-09,9.296e-10,7.161e-10,9.785e-10,1.259e-09,1.911e-09
3.00,8.00,9.401772e-13,9.401772e-13,9.401772e-13,9.401772e-13,9.401772e-13,9.401772e-13,9.401772e-13,9.401772e-13,9.401772e-13,3.423e-10,1.462e-10,3.638e-10,6.626e-10,1.664e-10,2.909e-10,2.181e-10,4.203e-10,1.638e-09
3.50,-8.00,9.401772e-13,9.401772e-13,9.401772e-13,9.401772e-13,9.401772e-13,9.401772e-13,9.401772e-13,9.401772e-13,9.401772e-13,2.459e-11,2.459e-11,1.304e-10,2.818e-12,7.793e-11,1.304e-10,6.368e-11,8.919e-11,2.596e-10
3.50,-7.50,9.401772e-13,9.401772e-13,9.401772e-13,9.401772e-13,9.401772e-13,9.401772e-13,9.401772e-13,9.401772e-13,9.401772e-13,1.139e-10,1.139e-10,2.178e-11,4.693e-11,7.377e-11,2.178e-11,2.476e-11,1.181e-10,9.672e-11
3.50,-7.00,9.401772e-13,9.401772e-13,9.401772e-13,9.401772e-13,9.401772e-13,9.401772e-13,9.401772e-13,9.401772e-13,9.401772e-13,1.257e-10,1.257e-10,1.127e-10,7.703e-11,1.288e-11,1.127e-10,1.431e-11,1.374e-10,2.105e-10
3.50,-6.50,9.401772e-13,9.401772e-13,9.401772e-13,9.401772e-13,9.401772e-13,9.401772e-13,9.401772e-13,9.401772e-13,9.401772e-13,4.875e-11,4.875e-11,1.530e-11,1.505e-10,1.588e-10,1.530e-11,3.372e-11,8.905e-11,5.571e-10
3.50,-6.00,9.401772e-13,9.401772e-13,9.401772e-13,9.401772e-13,9.401772e-13,9.401772e-13,9.401772e-13,9.401772e-13,9.401772e-13,9.585e-11,9.585e-11,5.414e-11,4.598e-11,8.163e-11,5.414e-11,1.023e-10,6.500e-11,3.369e-10
3.50,-5.50,9.401772e-13,9.401772e-13,9.401772e-13,9.401772e-13,9.401772e-13,9.401772e-13,9.401772e-13,9.401772e-13,9.401772e-13,5.582e-11,5.582e-11,7.224e-11,2.455e-11,7.314e-11,7.224e-11,9.099e-11,1.741e-11,5.841e-10
3.50,-5.00,9.401772e-13,9.401772e-13,9.401772e-13,9.401772e-13,9.401772e-13,9.401772e-13,9.401772e-13,9.401772e-13,9.401772e-13,7.683e-11,7.683e-11,6.914e-11,4.902e-11,9.095e-12,6.914e-11,1.246e-10,4.029e-12,4.391e-10
3.50,-4.50,9.401772e-13,9.401772e-13,9.401772e-13,9.401772e-13,9.401772e-13,9.401772e-13,9.401772e-13,9.401772e-13,9.401772e-13,2.077e-10,2.077e-10,1.591e-10,1.316e-10,8.685e-11,1.591e-10,1.456e-10,5.010e-11,4.775e-10
3.50,-4.00,9.401772e-13,9.401772e-13,9.401772e-13,9.401772e-13,9.401772e-13,9.401772e-13,9.401772e-13,9.401772e-13,9.401772e-13,2.865e-10,2.865e-10,1.918e-10,1.878e-10,3.455e-10,1.918e-10,2.744e-10,2.098e-10,6.764e-10
3.50,-3.50,9.401772e-13,9.401772e-13,9.401772e-13,9.401772e-13,9.401772e-13,9.401772e-13,9.401772e-13,9.401772e-13,9.401772e-13,5.885e-11,5.885e-11,8.269e-11,6.265e-11,9.301e-11,8.269e-11,8.272e-13,2.366e-11,5.193e-10
3.50,-3.00,9.401772e-13,9.401772e-13,9.401772e-13,9.401772e-13,9.401772e-13,9.401772e-13,9.401772e-13,9.401772e-13,9.401772e-13,3.722e-10,3.722e-10,8.635e-11,1.426e-10,2.578e-10,8.635e-11,9.420e-11,2.789e-10,7.360e-10
3.50,-2.50,9.401772e-13,9.401772e-13,9.401772e-13,9.401772e-13,9.401772e-13,9.401772e-13,9.401772e-13,9.401772e-13,9.401772e-13,9.386e-11,9.386e-11,1.697e-10,1.861e-10,4.290e-11,1.697e-10,3.899e-11,2.252e-10,1.251e-09
3.50,-2.00,9.401772e-13,9.401772e-13,9.401772e-13,9.401772e-13,9.401772e-13,9.401772e-13,9.401772e-13,9.401772e-13,9.401772e-13,4.759e-10,4.759e-10,7.486e-10,6.692e-10,6.101e-10,7.486e-10,4.959e-10,3.669e-10,5.598e-10
3.50,-1.50,9.401772e-13,9.401772e-13,9.401772e-13,9.401772e-13,9.401772e-13,9.401772e-13,9.401772e-13,9.401772e-13,9.401772e-13,5.430e-11,5.430e-11,5.010e-12,4.057e-12,2.504e-11,5.010e-12,1.649e-11,9.433e-11,7.860e-10
3.50,-1.00,9.401772e-13,9.401772e-13,9.401772e-13,9.401772e-13,9.401772e-13,9.401772e-13,9.401772e-13,9.401772e-13,9.401772e-13,2.466e-10,2.466e-10,2.563e-10,3.093e-10,3.868e-10,2.563e-10,3.566e-10,1.564e-10,6.782e-10
3.50,-0.50,9.401772e-13,9.401772e-13,9.401772e-13,9.401772e-13,9.401772e-13,9.401772e-13,9.401772e-13,9.401772e-13,9.401772e-13,1.796e-10,1.796e-10,9.899e-11,2.855e-10,1.740e-10,9.899e-11,2.063e-10,4.578e-11,1.112e-09
3.50,0.00,9.401772e-13,9.401772e-13,9.401772e-13,9.401772e-13,9.401772e-13,9.401772e-13,9.401772e-13,9.401772e-13,9.401772e-13,4.792e-11,4.792e-11,1.003e-10,6.157e-11,1.621e-11,1.003e-10,7.009e-11,5.822e-11,7.163e-10
3.50,0.50,9.401772e-13,9.401772e-13,9.401772e-13,9.401772e-13,9.401772e-13,9.401772e-13,9.401772e-13,9.401772e-13,9.401772e-13,5.214e-10,5.214e-10,2.481e-10,3.577e-10,2.310e-10,2.481e-10,7.233e-11,7.347e-10,1.373e-09
3.50,1.00,9.401772e-13,9.401772e-13,9.401772e-13,9.401772e-13,9.401772e-13,9.401772e-13,9.401772e-13,9.401772e-13,9.401772e-13,7.052e-10,7.099e-10,7.677e-10,6.110e-10,6.984e-10,7.477e-10,6.754e-10,5.139e-10,7.393e-10
3.50,1.50,9.401772e-13,9.401772e-13,9.401772e-13,9.401772e-13,9.401772e-13,9.401772e-13,9.401772e-13,9.401772e-13,9.401772e-13,1.044e-10,2.040e-10,3.348e-10,2.822e-10,3.057e-11,1.587e-10,1.058e-10,8.394e-11,6.872e-10
3.50,2.00,9.401772e-13,9.401772e-13,9.401772e-13,9.401772e-13,9.401772e-13,9.401772e-13,9.401772e-13,9.401772e-13,9.401772e-13,1.305e-10,7.495e-11,4.482e-11,3.829e-11,1.401e-10,4.671e-11,3.609e-11,6.614e-11,1.053e-09
3.50,2.50,9.401772e-13,9.401772e-13,9.401772e-13,9.401772e-13,9.401772e-13,9.401772e-13,9.401772e-13,9.401772e-13,9.401772e-13,6.444e-10,5.416e-10,2.523e-10,5.646e-10,2.073e-10,2.138e-10,4.460e-10,3.791e-10,1.292e-09
3.50,3.00,9.401772e-13,9.401772e-13,9.401772e-13,9.401772e-13,9.401772e-13,9.401772e-13,9.401772e-13,9.401772e-13,9.401772e-13,3.283e-10,3.869e-10,4.094e-10,1.218e-10,3.064e-10,3.733e-10,5.448e-10,1.701e-10,1.342e-09
3.50,3.50,9.401772e-13,9.401772e-13,9.401772e-13,9.401772e-13,9.401772e-13,9.401772e-13,9.401772e-13,9.401772e-13,9.401772e-13,5.318e-10,3.836e-10,2.936e-10,5.491e-10,6.034e-10,5.895e-10,3.334e-10,5.561e-10,1.834e-09
3.50,4.00,9.401772e-13,9.401772e-13,9.401772e-13,9.401772e-13,9.401772e-13,9.401772e-13,9.401772e-13,9.401772e-13,9.401772e-13,4.007e-10,3.542e-10,5.990e-10,5.126e-10,7.415e-10,3.921e-10,4.783e-10,7.551e-10,1.072e-09
3.50,4.50,9.401772e-13,9.401772e-13,9.401772e-13,9.401772e-13,9.401772e-13,9.401772e-13,9.401772e-13,9.401772e-13,9.401772e-13,2.936e-10,1.338e-10,2.533e-10,1.169e-11,2.033e-10,2.751e-10,9.723e-11,1.290e-10,9.423e-10
3.50,5.00,9.401772e-13,9.401772e-13,9.401772e-13,9.401772e-13,9.401772e-13,9.401772e-13,9.401772e-13,9.401772e-13,9.401772e-13,3.172e-10,6.855e-10,2.828e-10,5.337e-10,5.203e-10,4.367e-10,3.123e-10,6.396e-10,1.129e-09
3.50,5.50,9.401772e-13,9.401772e-13,9.401772e-13,9.401772e-13,9.401772e-13,9.401772e-13,9.401772e-13,9.401772e-13,9.401772e-13,5.525e-10,1.348e-10,5.053e-10,9.492e-11,3.440e-10,4.448e-10,4.480e-10,2.126e-10,1.034e-09
3.50,6.00,9.401772e-13,9.401772e-13,9.401772e-13,9.401772e-13,9.401772e-13,9.401772e-13,9.401772e-13,9.401772e-13,9.401772e-13,6.503e-10,8.044e-10,9.489e-10,6.308e-10,8.305e-10,6.182e-10,7.110e-10,1.080e-09,1.275e-09
3.50,6.50,9.401772e-13,9.401772e-13,9.401772e-13,9.401772e-13,9.401772e-13,9.401772e-13,9.401772e-13,9.401772e-13,9.401772e-13,6.865e-10,5.170e-10,8.431e-10,5.911e-10,4.761e-10,6.467e-10,7.328e-10,5.161e-10,1.452e-09
3.50,7.00,9.401772e-13,9.401772e-13,9.401772e-13,9.401772e-13,9.401772e-13,9.401772e-13,9.401772e-13,9.401772e-13,9.401772e-13,6.063e-10,6.400e-10,9.059e-10,1.960e-10,1.157e-09,8.063e-10,8.659e-10,1.469e-10,3.639e-09
3.50,7.50,9.401772e-13,9.401772e-13,9.401772e-13,9.401772e-13,9.401772e-13,9.401772e-13,9.401772e-13,9.401772e-13,9.401772e-13,4.571e-10,5.905e-10,6.741e-10,1.568e-10,2.715e-10,4.173e-10,1.232e-10,1.542e-10,1.915e-09
3.50,8.00,9.401772e-13,9.401772e-13,9.401772e-13,9.401772e-13,9.401772e-13,9.401772e-13,9.401772e-13,9.401772e-13,9.401772e-13,2.318e-11,9.891e-11,3.692e-10,4.911e-10,9.295e-11,6.872e-10,2.347e-10,2.081e-10,1.706e-09
4.00,-8.00,9.401772e-13,9.401772e-13,9.401772e-13,9.401772e-13,9.401772e-13,9.401772e-13,9.401772e-13,9.401772e-13,9.401772e-13,9.336e-11,9.336e-11,6.579e-12,9.602e-11,2.802e-11,6.579e-12,2.591e-11,6.809e-11,3.371e-10
4.00,-7.50,9.401772e-13,9.401772e-13,9.401772e-13,9.401772e-13,9.401772e-13,9.401772e-13,9.401772e-13,9.401772e-13,9.401772e-13,2.701e-11,2.701e-11,3.677e-11,5.370e-11,5.605e-11,3.677e-11,6.514e-11,5.911e-11,1.753e-10
4.00,-7.00,9.401772e-13,9.401772e-13,9.401772e-13,9.401772e-13,9.401772e-13,9.401772e-13,9.401772e-13,9.401772e-13,9.401772e-13,1.155e-10,1.155e-10,5.318e-11,4.550e-11,6.759e-11,5.318e-11,6.035e-11,3.101e-11,1.397e-10
4.00,-6.50,9.401772e-13,9.401772e-13,9.401772e-13,9.401772e-13,9.401772e-13,9.401772e-13,9.401772e-13,9.401772e-13,9.401772e-13,1.727e-10,1.727e-10,2.973e-10,1.396e-10,1.759e-10,2.973e-10,1.753e-11,8.950e-11,3.578e-10
4.00,-6.00,9.401772e-13,9.401772e-13,9.401772e-13,9.401772e-13,9.401772e-13,9.401772e-13,9.401772e-13,9.401772e-13,9.401772e-13,1.549e-10,1.549e-10,2.831e-10,1.690e-10,2.725e-10,2.831e-10,1.349e-10,3.075e-11,3.357e-10
4.00,-5.50,9.401772e-13,9.401772e-13,9.401772e-13,9.401772e-13,9.401772e-13,9.401772e-13,9.401772e-13,9.401772e-13,9.401772e-13,4.780e-11,4.780e-11,1.100e-10,8.913e-11,2.253e-10,1.100e-10,5.986e-11,1.062e-10,5.815e-10
4.00,-5.00,9.401772e-13,9.401772e-13,9.401772e-13,9.401772e-13,9.401772e-13,9.401772e-13,9.401772e-13,9.401772e-13,9.401772e-13,2.825e-10,2.825e-10,1.560e-10,6.914e-11,1.145e-10,1.560e-10,7.169e-11,1.471e-10,5.849e-10
4.00,-4.50,9.401772e-13,9.401772e-13,9.401772e-13,9.401772e-13,9.401772e-13,9.401772e-13,9.401772e-13,9.401772e-13,9.401772e-13,8.067e-11,8.067e-11,4.992e-11,3.381e-11,7.240e-11,4.992e-11,1.493e-10,7.674e-12,4.333e-10
4.00,-4.00,9.401772e-13,9.401772e-13,9.401772e-13,9.401772e-13,9.401772e-13,9.401772e-13,9.401772e-13,9.401772e-13,9.401772e-13,2.355e-11,2.355e-11,6.507e-11,1.617e-10,7.544e-11,6.507e-11,1.316e-10,2.078e-10,5.688e-10
4.00,-3.50,9.401772e-13,9.401772e-13,9.401772e-13,9.401772e-13,9.401772e-13,9.401772e-13,9.401772e-13,9.401772e-13,9.401772e-13,2.912e-10,2.912e-10,6.774e-11,2.358e-11,1.645e-11,6.774e-11,2.887e-11,3.175e-10,1.071e-09
4.00,-3.00,9.401772e-13,9.401772e-13,9.401772e-13,9.401772e-13,9.401772e-13,9.401772e-13,9.401772e-13,9.401772e-13,9.401772e-13,9.939e-11,9.939e-11,4.743e-12,1.675e-10,1.677e-10,4.743e-12,2.200e-10,2.145e-10,1.213e-09
4.00,-2.50,9.401772e-13,9.401772e-13,9.401772e-13,9.401772e-13,9.401772e-13,9.401772e-13,9.401772e-13,9.401772e-13,9.401772e-13,1.394e-10,1.394e-10,3.426e-10,3.204e-10,3.261e-10,3.426e-10,3.603e-10,5.385e-10,9.085e-10
4.00,-2.00,9.401772e-13,9.401772e-13,9.401772e-13,9.401772e-13,9.401772e-13,9.401772e-13,9.401772e-13,9.401772e-13,9.401772e-13,4.668e-11,4.668e-11,5.828e-11,5.976e-11,1.405e-11,5.828e-11,4.634e-11,1.584e-10,1.760e-09
4.00,-1.50,9.401772e-13,9.401772e-13,9.401772e-13,9.401772e-13,9.401772e-13,9.401772e-13,9.401772e-13,9.401772e-13,9.401772e-13,2.040e-11,2.040e-11,6.349e-11,1.060e-10,7.802e-11,6.349e-11,5.802e-11,2.846e-11,1.514e-09
4.00,-1.00,9.401772e-13,9.401772e-13,9.401772e-13,9.401772e-13,9.401772e-13,9.401772e-13,9.401772e-13,9.401772e-13,9.401772e-13,1.872e-10,1.872e-10,4.418e-12,2.516e-10,3.018e-10,4.418e-12,7.891e-11,3.379e-10,6.412e-10
4.00,-0.50,9.401772e-13,9.401772e-13,9.401772e-13,9.401772e-13,9.401772e-13,9.401772e-13,9.401772e-13,9.401772e-13,9.401772e-13,1.192e-10,1.192e-10,2.496e-13,2.513e-10,1.406e-10,2.496e-13,1.870e-10,1.475e-10,7.787e-10
4.00,0.00,9.401772e-13,9.401772e-13,9.401772e-13,9.401772e-13,9.401772e-13,9.401772e-13,9.401772e-13,9.401772e-13,9.401772e-13,2.879e-10,2.879e-10,3.480e-10,4.897e-11,3.029e-10,3.480e-10,1.898e-10,2.797e-10,1.060e-09
4.00,0.50,9.401772e-13,9.401772e-13,9.401772e-13,9.401772e-13,9.401772e-13,9.401772e-13,9.401772e-13,9.401772e-13,9.401772e-13,8.689e-10,8.689e-10,8.585e-10,9.350e-10,8.287e-10,8.585e-10,8.861e-10,9.565e-10,1.363e-09
4.00,1.00,9.401772e-13,9.401772e-13,9.401772e-13,9.401772e-13,9.401772e-13,9.401772e-13,9.401772e-13,9.401772e-13,9.401772e-13,3.999e-10,3.999e-10,2.983e-10,2.463e-10,2.261e-10,2.983e-10,2.610e-10,4.363e-10,1.546e-09
4.00,1.50,9.401772e-13,9.401772e-13,9.401772e-13,9.401772e-13,9.401772e-13,9.401772e-13,9.401772e-13,9.401772e-13,9.401772e-13,1.788e-11,6.251e-11,3.283e-10,2.673e-10,2.676e-10,3.160e-10,1.810e-10,1.149e-10,8.620e-10
4.00,2.00,9.401772e-13,9.401772e-13,9.401772e-13,9.401772e-13,9.401772e-13,9.401772e-13,9.401772e-13,9.401772e-13,9.401772e-13,5.195e-11,7.373e-11,2.090e-10,7.797e-11,1.830e-10,1.503e-10,1.327e-10,3.538e-11,7.754e-10
4.00,2.50,9.401772e-13,9.401772e-13,9.401772e-13,9.401772e-13,9.401772e-13,9.401772e-13,9.401772e-13,9.401772e-13,9.401772e-13,4.386e-10,3.067e-10,2.584e-10,4.238e-10,6.211e-10,2.181e-10,3.503e-10,4.164e-10,1.421e-09
4.00,3.00,9.401772e-13,9.401772e-13,9.401772e-13,9.401772e-13,9.401772e-13,9.401772e-13,9.401772e-13,9.401772e-13,9.401772e-13,5.103e-11,1.062e-10,1.955e-11,8.272e-11,2.582e-10,2.421e-10,5.023e-12,6.680e-11,1.717e-09
4.00,3.50,9.401772e-13,9.401772e-13,9.401772e-13,9.401772e-13,9.401772e-13,9.401772e-13,9.401772e-13,9.401772e-13,9.401772e-13,5.198e-11,1.043e-10,3.034e-10,7.092e-11,7.781e-11,1.529e-10,2.474e-11,3.260e-11,9.824e-10
4.00,4.00,9.401772e-13,9.401772e-13,9.401772e-13,9.401772e-13,9.401772e-13,9.401772e-13,9.401772e-13,9.401772e-13,9.401772e-13,2.353e-10,4.252e-11,8.724e-11,8.100e-11,2.757e-10,3.952e-10,2.961e-10,2.523e-10,8.141e-10
4.00,4.50,9.401772e-13,9.401772e-13,9.401772e-13,9.401772e-13,9.401772e-13,9.401772e-13,9.401772e-13,9.401772e-13,9.401772e-13,1.219e-10,7.566e-11,2.251e-11,2.570e-10,4.544e-10,1.040e-10,1.544e-10,2.025e-10,2.485e-09
4.00,5.00,9.401772e-13,9.401772e-13,9.401772e-13,9.401772e-13,9.401772e-13,9.401772e-13,9.401772e-13,9.401772e-13,9.401772e-13,1.010e-09,1.345e-09,1.824e-09,1.360e-09,1.700e-09,1.790e-09,1.710e-09,1.592e-09,2.700e-09
4.00,5.50,9.401772e-13,9.401772e-13,9.401772e-13,9.401772e-13,9.401772e-13,9.401772e-13,9.401772e-13,9.401772e-13,9.401772e-13,3.897e-10,1.519e-10,2.275e-10,5.546e-12,5.779e-10,2.393e-10,1.580e-10,9.900e-12,1.676e-09
4.00,6.00,9.401772e-13,9.401772e-13,9.401772e-13,9.401772e-13,9.401772e-13,9.401772e-13,9.401772e-13,9.401772e-13,9.401772e-13,1.249e-10,1.330e-10,8.407e-10,1.152e-09,7.547e-10,7.542e-10,6.415e-10,1.755e-10,2.544e-09
4.00,6.50,9.401772e-13,9.401772e-13,9.401772e-13,9.401772e-13,9.401772e-13,9.401772e-13,9.401772e-13,9.401772e-13,9.401772e-13,1.351e-09,1.251e-09,1.195e-09,1.346e-09,1.277e-09,1.318e-09,1.517e-09,1.137e-09,2.439e-09
4.00,7.00,9.401772e-13,9.401772e-13,9.401772e-13,9.401772e-13,9.401772e-13,9.401772e-13,9.401772e-13,9.401772e-13,9.401772e-13,1.335e-09,1.479e-09,8.738e-10,8.194e-10,1.053e-09,1.100e-09,1.259e-09,9.500e-10,6.520e-10
4.00,7.50,9.401772e-13,9.401772e-13,9.401772e-13,9.401772e-13,9.401772e-13,9.401772e-13,9.401772e-13,9.401772e-13,9.401772e-13,1.087e-09,1.179e-09,1.775e-09,1.227e-09,1.248e-09,8.209e-10,1.453e-09,1.749e-09,1.824e-09
4.00,8.00,9.401772e-13,9.401772e-13,9.401772e-13,9.401772e-13,9.401772e-13,9.401772e-13,9.401772e-13,9.401772e-13,9.401772e-13,3.578e-10,2.054e-10,4.003e-11,3.495e-10,1.054e-10,2.429e-10,1.641e-10,9.266e-12,1.818e-09
4.50,-8.00,9.401772e-13,9.401772e-13,9.401772e-13,9.401772e-13,9.401772e-13,9.401772e-13,9.401772e-13,9.401772e-13,9.401772e-13,1.114e-11,1.114e-11,6.772e-11,5.111e-11,9.023e-11,6.772e-11,1.519e-10,1.207e-10,3.311e-10
4.50,-7.50,9.401772e-13,9.401772e-13,9.401772e-13,9.401772e-13,9.401772e-13,9.401772e-13,9.401772e-13,9.401772e-13,9.401772e-13,2.479e-11,2.479e-11,6.923e-11,9.186e-11,1.136e-10,6.923e-11,1.317e-10,1.851e-10,2.806e-10
4.50,-7.00,9.401772e-13,9.401772e-13,9.401772e-13,9.401772e-13,9.401772e-13,9.401772e-13,9.401772e-13,9.401772e-13,9.401772e-13,4.668e-12,4.668e-12,1.261e-10,3.304e-12,1.295e-10,1.261e-10,6.077e-11,7.006e-11,5.005e-10
4.50,-6.50,9.401772e-13,9.401772e-13,9.401772e-13,9.401772e-13,9.401772e-13,9.401772e-13,9.401772e-13,9.401772e-13,9.401772e-13,4.027e-11,4.027e-11,9.696e-11,1.164e-11,9.812e-11,9.696e-11,8.839e-11,1.488e-10,3.171e-10
4.50,-6.00,9.401772e-13,9.401772e-13,9.401772e-13,9.401772e-13,9.401772e-13,9.401772e-13,9.401772e-13,9.401772e-13,9.401772e-13,8.458e-11,8.458e-11,1.559e-10,4.269e-11,7.199e-11,1.559e-10,2.119e-10,1.230e-10,8.583e-10
4.50,-5.50,9.401772e-13,9.401772e-13,9.401772e-13,9.401772e-13,9.401772e-13,9.401772e-13,9.401772e-13,9.401772e-13,9.401772e-13,5.444e-11,5.444e-11,1.827e-10,1.479e-10,3.419e-10,1.827e-10,8.158e-11,5.152e-11,8.706e-10
4.50,-5.00,9.401772e-13,9.401772e-13,9.401772e-13,9.401772e-13,9.401772e-13,9.401772e-13,9.401772e-13,9.401772e-13,9.401772e-13,2.992e-10,2.992e-10,3.627e-10,2.626e-10,1.288e-10,3.627e-10,1.607e-10,3.043e-10,8.060e-10
4.50,-4.50,9.401772e-13,9.401772e-13,9.401772e-13,9.401772e-13,9.401772e-13,9.401772e-13,9.401772e-13,9.401772e-13,9.401772e-13,1.399e-10,1.399e-10,6.410e-11,3.580e-11,1.464e-10,6.410e-11,1.195e-10,5.850e-11,6.730e-10
4.50,-4.00,9.401772e-13,9.401772e-13,9.401772e-13,9.401772e-13,9.401772e-13,9.401772e-13,9.401772e-13,9.401772e-13,9.401772e-13,2.724e-10,2.724e-10,3.527e-10,2.208e-10,3.143e-10,3.527e-10,2.925e-10,2.679e-10,1.253e-09
4.50,-3.50,9.401772e-13,9.401772e-13,9.401772e-13,9.401772e-13,9.401772e-13,9.401772e-13,9.401772e-13,9.401772e-13,9.401772e-13,3.351e-10,3.351e-10,2.701e-10,3.188e-10,1.866e-10,2.701e-10,1.668e-10,5.312e-10,8.242e-10
4.50,-3.00,9.401772e-13,9.401772e-13,9.401772e-13,9.401772e-13,9.401772e-13,9.401772e-13,9.401772e-13,9.401772e-13,9.401772e-13,7.658e-10,7.658e-10,8.996e-10,1.025e-09,7.408e-10,8.996e-10,8.299e-10,6.907e-10,4.225e-10
4.50,-2.50,9.401772e-13,9.401772e-13,9.401772e-13,9.401772e-13,9.401772e-13,9.401772e-13,9.401772e-13,9.401772e-13,9.401772e-13,5.178e-10,5.178e-10,3.529e-10,5.708e-10,4.799e-10,3.529e-10,3.892e-10,6.206e-10,1.165e-09
4.50,-2.00,9.401772e-13,9.401772e-13,9.401772e-13,9.401772e-13,9.401772e-13,9.401772e-13,9.401772e-13,9.401772e-13,9.401772e-13,8.050e-12,8.050e-12,1.746e-10,2.624e-11,2.067e-10,1.746e-10,4.854e-11,9.895e-11,1.635e-09
4.50,-1.50,9.401772e-13,9.401772e-13,9.401772e-13,9.401772e-13,9.401772e-13,9.401772e-13,9.401772e-13,9.401772e-13,9.401772e-13,1.491e-10,1.491e-10,4.855e-11,3.320e-10,3.001e-10,4.855e-11,2.697e-10,7.591e-11,1.054e-09
4.50,-1.00,9.401772e-13,9.401772e-13,9.401772e-13,9.401772e-13,9.401772e-13,9.401772e-13,9.401772e-13,9.401772e-13,9.401772e-13,5.258e-11,5.258e-11,1.231e-10,3.570e-11,1.084e-10,1.231e-10,1.262e-10,3.941e-10,8.920e-10
4.50,-0.50,9.401772e-13,9.401772e-13,9.401772e-13,9.401772e-13,9.401772e-13,9.401772e-13,9.401772e-13,9.401772e-13,9.401772e-13,4.978e-10,4.978e-10,7.351e-10,6.400e-10,6.050e-10,7.351e-10,6.196e-10,6.445e-10,8.681e-10
4.50,0.00,9.401772e-13,9.401772e-13,9.401772e-13,9.401772e-13,9.401772e-13,9.401772e-13,9.401772e-13,9.401772e-13,9.401772e-13,7.275e-11,7.275e-11,1.679e-10,1.051e-10,2.970e-10,1.679e-10,7.216e-11,2.574e-10,1.364e-09
4.50,0.50,9.401772e-13,9.401772e-13,9.401772e-13,9.401772e-13,9.401772e-13,9.401772e-13,9.401772e-13,9.401772e-13,9.401772e-13,7.189e-10,7.189e-10,8.170e-10,8.327e-10,5.681e-10,8.170e-10,5.252e-10,6.551e-10,1.095e-09
4.50,1.00,9.401772e-13,9.401772e-13,9.401772e-13,9.401772e-13,9.401772e-13,9.401772e-13,9.401772e-13,9.401772e-13,9.401772e-13,6.520e-10,6.520e-10,6.923e-10,3.868e-10,7.989e-10,6.923e-10,6.242e-10,4.404e-10,1.326e-09
4.50,1.50,9.401772e-13,9.401772e-13,9.401772e-13,9.401772e-13,9.401772e-13,9.401772e-13,9.401772e-13,9.401772e-13,9.401772e-13,6.518e-10,6.578e-10,8.236e-10,8.671e-10,7.060e-10,8.250e-10,6.470e-10,5.489e-10,1.174e-09
4.50,2.00,9.401772e-13,9.401772e-13,9.401772e-13,9.401772e-13,9.401772e-13,9.401772e-13,9.401772e-13,9.401772e-13,9.401772e-13,9.956e-10,9.497e-10,7.126e-10,2.714e-10,7.754e-10,6.743e-10,8.788e-10,1.194e-09,1.475e-09
4.50,2.50,9.401772e-13,9.401772e-13,9.401772e-13,9.401772e-13,9.401772e-13,9.401772e-13,9.401772e-13,9.401772e-13,9.401772e-13,4.441e-10,3.686e-10,5.457e-10,4.335e-10,1.705e-10,3.616e-10,2.943e-10,4.409e-10,2.140e-09
4.50,3.00,9.401772e-13,9.401772e-13,9.401772e-13,9.401772e-13,9.401772e-13,9.401772e-13,9.401772e-13,9.401772e-13,9.401772e-13,2.349e-10,1.719e-10,3.568e-10,1.809e-10,6.181e-10,5.910e-10,2.627e-10,5.448e-10,1.745e-09
4.50,3.50,9.401772e-13,9.401772e-13,9.401772e-13,9.401772e-13,9.401772e-13,9.401772e-13,9.401772e-13,9.401772e-13,9.401772e-13,9.081e-10,4.811e-10,3.972e-10,3.056e-10,4.074e-10,1.203e-10,5.383e-10,8.088e-10,1.075e-09
4.50,4.00,9.401772e-13,9.401772e-13,9.401772e-13,9.401772e-13,9.401772e-13,9.401772e-13,9.401772e-13,9.401772e-13,9.401772e-13,6.063e-10,7.832e-10,9.574e-10,7.574e-10,7.811e-10,8.995e-10,6.998e-10,6.063e-10,1.553e-09
4.50,4.50,9.401772e-13,9.401772e-13,9.401772e-13,9.401772e-13,9.401772e-13,9.401772e-13,9.401772e-13,9.401772e-13,9.401772e-13,2.529e-10,2.571e-10,3.036e-10,6.120e-10,2.965e-10,2.271e-10,3.130e-11,1.529e-10,1.695e-09
4.50,5.00,9.401772e-13,9.401772e-13,9.401772e-13,9.401772e-13,9.401772e-13,9.401772e-13,9.401772e-13,9.401772e-13,9.401772e-13,2.882e-10,4.005e-10,2.439e-10,1.735e-11,2.322e-10,2.829e-10,3.694e-10,1.458e-10,1.623e-09
4.50,5.50,9.401772e-13,9.401772e-13,9.401772e-13,9.401772e-13,9.401772e-13,9.401772e-13,9.401772e-13,9.401772e-13,9.401772e-13,1.012e-09,6.774e-10,1.045e-09,9.403e-10,7.216e-10,1.112e-09,9.994e-10,8.728e-10,2.395e-09
4.50,6.00,9.401772e-13,9.401772e-13,9.401772e-13,9.401772e-13,9.401772e-13,9.401772e-13,9.401772e-13,9.401772e-13,9.401772e-13,8.329e-10,1.070e-09,1.070e-09,8.403e-10,9.236e-10,7.241e-10,6.849e-10,7.800e-10,3.579e-09
4.50,6.50,9.401772e-13,9.401772e-13,9.401772e-13,9.401772e-13,9.401772e-13,9.401772e-13,9.401772e-13,9.401772e-13,9.401772e-13,5.671e-10,5.122e-10,7.976e-10,1.185e-10,5.493e-10,9.209e-10,7.988e-10,5.642e-10,2.165e-09
4.50,7.00,9.401772e-13,9.401772e-13,9.401772e-13,9.401772e-13,9.401772e-13,9.401772e-13,9.401772e-13,9.401772e-13,9.401772e-13,4.771e-11,4.455e-10,3.821e-11,3.674e-10,2.420e-10,1.112e-10,8.197e-12,3.926e-10,1.998e-09
4.50,7.50,9.401772e-13,9.401772e-13,9.401772e-13,9.401772e-13,9.401772e-13,9.401772e-13,9.401772e-13,9.401772e-13,9.401772e-13,9.807e-10,1.006e-09,1.037e-09,1.199e-09,1.216e-09,6.618e-10,7.712e-10,6.950e-10,4.773e-09
4.50,8.00,9.401772e-13,9.401772e-13,9.401772e-13,9.401772e-13,9.401772e-13,9.401772e-13,9.401772e-13,9.401772e-13,9.401772e-13,5.518e-10,5.051e-10,6.379e-10,5.260e-10,3.364e-10,4.235e-10,2.625e-10,6.877e-10,2.354e-09
5.00,-8.00,9.401772e-13,9.401772e-13,9.401772e-13,9.401772e-13,9.401772e-13,9.401772e-13,9.401772e-13,9.401772e-13,9.401772e-13,1.310e-10,1.310e-10,1.408e-10,2.711e-10,1.704e-10,1.408e-10,9.842e-11,2.436e-10,2.947e-10
5.00,-7.50,9.401772e-13,9.401772e-13,9.401772e-13,9.401772e-13,9.401772e-13,9.401772e-13,9.401772e-13,9.401772e-13,9.401772e-13,2.027e-10,2.027e-10,4.076e-10,3.013e-10,1.854e-10,4.076e-10,2.368e-10,2.541e-10,5.567e-10
5.00,-7.00,9.401772e-13,9.401772e-13,9.401772e-13,9.401772e-13,9.401772e-13,9.401772e-13,9.401772e-13,9.401772e-13,9.401772e-13,6.531e-12,6.531e-12,4.078e-11,1.413e-11,1.161e-10,4.078e-11,3.192e-11,2.161e-11,6.007e-10
5.00,-6.50,9.401772e-13,9.401772e-13,9.401772e-13,9.401772e-13,9.401772e-13,9.401772e-13,9.401772e-13,9.401772e-13,9.401772e-13,3.619e-10,3.619e-10,3.263e-10,2.178e-10,2.962e-10,3.263e-10,4.214e-10,4.487e-10,5.749e-10
5.00,-6.00,9.401772e-13,9.401772e-13,9.401772e-13,9.401772e-13,9.401772e-13,9.401772e-13,9.401772e-13,9.401772e-13,9.401772e-13,2.057e-10,2.057e-10,3.697e-10,6.608e-11,8.613e-11,3.697e-10,1.450e-10,3.009e-10,5.972e-10
5.00,-5.50,9.401772e-13,9.401772e-13,9.401772e-13,9.401772e-13,9.401772e-13,9.401772e-13,9.401772e-13,9.401772e-13,9.401772e-13,3.582e-10,3.582e-10,2.694e-10,1.334e-10,2.475e-10,2.694e-10,2.280e-10,1.457e-10,6.726e-10
5.00,-5.00,9.401772e-13,9.401772e-13,9.401772e-13,9.401772e-13,9.401772e-13,9.401772e-13,9.401772e-13,9.401772e-13,9.401772e-13,2.383e-10,2.383e-10,3.383e-10,5.230e-10,4.574e-10,3.383e-10,4.597e-10,3.629e-10,1.133e-09
5.00,-4.50,9.401772e-13,9.401772e-13,9.401772e-13,9.401772e-13,9.401772e-13,9.401772e-13,9.401772e-13,9.401772e-13,9.401772e-13,4.799e-11,4.799e-11,4.697e-12,1.059e-10,2.946e-11,4.697e-12,3.675e-11,1.728e-10,1.248e-09
5.00,-4.00,9.401772e-13,9.401772e-13,9.401772e-13,9.401772e-13,9.401772e-13,9.401772e-13,9.401772e-13,9.401772e-13,9.401772e-13,7.868e-10,7.868e-10,7.924e-10,7.921e-10,9.717e-10,7.924e-10,1.046e-09,8.418e-10,1.142e-09
5.00,-3.50,9.401772e-13,9.401772e-13,9.401772e-13,9.401772e-13,9.401772e-13,9.401772e-13,9.401772e-13,9.401772e-13,9.401772e-13,8.908e-11,8.908e-11,1.687e-10,1.667e-10,1.060e-10,1.687e-10,2.479e-10,1.949e-10,1.066e-09
5.00,-3.00,9.401772e-13,9.401772e-13,9.401772e-13,9.401772e-13,9.401772e-13,9.401772e-13,9.401772e-13,9.401772e-13,9.401772e-13,5.654e-10,5.654e-10,8.295e-10,7.883e-10,1.019e-09,8.295e-10,7.879e-10,1.013e-09,2.222e-09
5.00,-2.50,9.401772e-13,9.401772e-13,9.401772e-13,9.401772e-13,9.401772e-13,9.401772e-13,9.401772e-13,9.401772e-13,9.401772e-13,9.420e-11,9.420e-11,2.236e-10,1.257e-10,2.731e-10,2.236e-10,1.222e-10,2.170e-10,1.422e-09
5.00,-2.00,9.401772e-13,9.401772e-13,9.401772e-13,9.401772e-13,9.401772e-13,9.401772e-13,9.401772e-13,9.401772e-13,9.401772e-13,6.415e-10,6.415e-10,4.226e-10,3.465e-10,2.629e-10,4.226e-10,1.673e-10,3.205e-10,1.910e-09
5.00,-1.50,9.401772e-13,9.401772e-13,9.401772e-13,9.401772e-13,9.401772e-13,9.401772e-13,9.401772e-13,9.401772e-13,9.401772e-13,1.837e-10,1.837e-10,1.134e-10,1.026e-11,2.617e-10,1.134e-10,1.731e-10,3.956e-10,1.140e-09
5.00,-1.00,9.401772e-13,9.401772e-13,9.401772e-13,9.401772e-13,9.401772e-13,9.401772e-13,9.401772e-13,9.401772e-13,9.401772e-13,8.809e-10,8.809e-10,5.132e-10,5.348e-10,5.323e-10,5.132e-10,3.751e-10,7.558e-10,1.627e-09
5.00,-0.50,9.401772e-13,9.401772e-13,9.401772e-13,9.401772e-13,9.401772e-13,9.401772e-13,9.401772e-13,9.401772e-13,9.401772e-13,3.376e-11,3.376e-11,2.729e-10,4.074e-11,1.553e-11,2.729e-10,8.569e-11,5.905e-13,1.412e-09
5.00,0.00,9.401772e-13,9.401772e-13,9.401772e-13,9.401772e-13,9.401772e-13,9.401772e-13,9.401772e-13,9.401772e-13,9.401772e-13,8.375e-10,8.375e-10,4.013e-10,4.543e-10,6.702e-10,4.013e-10,7.281e-10,6.830e-10,1.265e-09
5.00,0.50,9.401772e-13,9.401772e-13,9.401772e-13,9.401772e-13,9.401772e-13,9.401772e-13,9.401772e-13,9.401772e-13,9.401772e-13,3.078e-10,3.078e-10,2.338e-10,3.604e-10,1.397e-10,2.338e-10,2.459e-10,5.374e-10,1.250e-09
5.00,1.00,9.401772e-13,9.401772e-13,9.401772e-13,9.401772e-13,9.401772e-13,9.401772e-13,9.401772e-13,9.401772e-13,9.401772e-13,4.410e-10,4.410e-10,2.026e-10,9.620e-11,4.976e-11,2.026e-10,1.130e-10,3.276e-10,1.625e-09
5.00,1.50,9.401772e-13,9.401772e-13,9.401772e-13,9.401772e-13,9.401772e-13,9.401772e-13,9.401772e-13,9.401772e-13,9.401772e-13,1.750e-10,1.750e-10,1.439e-10,7.231e-11,1.499e-10,1.439e-10,9.798e-11,2.306e-10,1.646e-09
5.00,2.00,9.401772e-13,9.401772e-13,9.401772e-13,9.401772e-13,9.401772e-13,9.401772e-13,9.401772e-13,9.401772e-13,9.401772e-13,8.813e-10,7.699e-10,7.780e-10,9.005e-10,8.661e-10,8.345e-10,7.845e-10,8.455e-10,2.387e-09
5.00,2.50,9.401772e-13,9.401772e-13,9.401772e-13,9.401772e-13,9.401772e-13,9.401772e-13,9.401772e-13,9.401772e-13,9.401772e-13,7.895e-10,1.112e-09,8.840e-10,3.948e-10,2.451e-10,1.017e-09,4.041e-10,6.315e-10,1.450e-09
5.00,3.00,9.401772e-13,9.401772e-13,9.401772e-13,9.401772e-13,9.401772e-13,9.401772e-13,9.401772e-13,9.401772e-13,9.401772e-13,4.669e-10,4.920e-10,7.534e-10,6.094e-10,4.614e-10,6.715e-10,2.755e-10,1.671e-11,2.430e-09
5.00,3.50,9.401772e-13,9.401772e-13,9.401772e-13,9.401772e-13,9.401772e-13,9.401772e-13,9.401772e-13,9.401772e-13,9.401772e-13,1.711e-10,9.396e-10,3.624e-10,6.414e-10,5.363e-10,4.522e-10,4.141e-10,4.267e-10,1.960e-09
5.00,4.00,9.401772e-13,9.401772e-13,9.401772e-13,9.401772e-13,9.401772e-13,9.401772e-13,9.401772e-13,9.401772e-13,9.401772e-13,4.723e-10,4.032e-10,5.385e-10,5.194e-10,2.828e-10,7.124e-10,9.697e-10,2.242e-10,1.759e-09
5.00,4.50,9.401772e-13,9.401772e-13,9.401772e-13,9.401772e-13,9.401772e-13,9.401772e-13,9.401772e-13,9.401772e-13,9.401772e-13,8.764e-10,8.236e-10,1.010e-09,9.880e-10,9.471e-10,9.029e-10,1.038e-09,1.440e-09,2.434e-09
5.00,5.00,9.401772e-13,9.401772e-13,9.401772e-13,9.401772e-13,9.401772e-13,9.401772e-13,9.401772e-13,9.401772e-13,9.401772e-13,6.863e-10,4.855e-10,5.280e-10,7.327e-10,6.535e-10,8.776e-10,3.274e-10,6.423e-10,1.806e-09
5.00,5.50,9.401772e-13,9.401772e-13,9.401772e-13,9.401772e-13,9.401772e-13,9.401772e-13,9.401772e-13,9.401772e-13,9.401772e-13,3.422e-10,1.056e-09,7.854e-10,7.998e-10,1.287e-09,6.384e-10,7.949e-10,5.865e-10,1.634e-09
5.00,6.00,9.401772e-13,9.401772e-13,9.401772e-13,9.401772e-13,9.401772e-13,9.401772e-13,9.401772e-13,9.401772e-13,9.401772e-13,3.768e-11,6.716e-11,3.476e-10,8.219e-11,8.584e-11,9.155e-12,5.327e-10,4.190e-10,4.736e-09
5.00,6.50,9.401772e-13,9.401772e-13,9.401772e-13,9.401772e-13,9.401772e-13,9.401772e-13,9.401772e-13,9.401772e-13,9.401772e-13,8.023e-10,1.396e-09,9.179e-10,9.027e-10,1.485e-09,1.258e-09,1.059e-09,6.619e-10,1.484e-09
5.00,7.00,9.401772e-13,9.401772e-13,9.401772e-13,9.401772e-13,9.401772e-13,9.401772e-13,9.401772e-13,9.401772e-13,9.401772e-13,1.098e-09,1.423e-09,1.021e-09,8.898e-10,8.656e-10,1.351e-09,6.599e-10,1.065e-09,1.656e-09
5.00,7.50,9.401772e-13,9.401772e-13,9.401772e-13,9.401772e-13,9.401772e-13,9.401772e-13,9.401772e-13,9.401772e-13,9.401772e-13,3.521e-10,8.588e-10,3.114e-10,4.761e-10,9.651e-10,8.364e-10,1.002e-09,4.918e-10,1.933e-09
5.00,8.00,9.401772e-13,9.401772e-13,9.401772e-13,9.401772e-13,9.401772e-13,9.401772e-13,9.401772e-13,9.401772e-13,9.401772e-13,1.264e-09,1.186e-09,9.607e-10,7.942e-10,7.531e-10,8.186e-10,1.542e-09,3.993e-10,1.643e-09
5.50,-8.00,9.401772e-13,9.401772e-13,9.401772e-13,9.401772e-13,9.401772e-13,9.401772e-13,9.401772e-13,9.401772e-13,9.401772e-13,2.537e-11,2.537e-11,6.501e-11,2.373e-10,4.830e-12,6.501e-11,3.564e-11,6.764e-12,2.614e-10
5.50,-7.50,9.401772e-13,9.401772e-13,9.401772e-13,9.401772e-13,9.401772e-13,9.401772e-13,9.401772e-13,9.401772e-13,9.401772e-13,5.511e-10,5.511e-10,4.989e-10,5.833e-10,5.914e-10,4.989e-10,6.391e-10,6.501e-10,6.357e-10
5.50,-7.00,9.401772e-13,9.401772e-13,9.401772e-13,9.401772e-13,9.401772e-13,9.401772e-13,9.401772e-13,9.401772e-13,9.401772e-13,2.743e-10,2.743e-10,5.053e-10,3.405e-10,3.742e-10,5.053e-10,2.315e-10,1.047e-10,5.062e-10
5.50,-6.50,9.401772e-13,9.401772e-13,9.401772e-13,9.401772e-13,9.401772e-13,9.401772e-13,9.401772e-13,9.401772e-13,9.401772e-13,4.301e-10,4.301e-10,4.598e-10,4.533e-10,4.923e-10,4.598e-10,4.530e-10,4.133e-10,4.630e-10
5.50,-6.00,9.401772e-13,9.401772e-13,9.401772e-13,9.401772e-13,9.401772e-13,9.401772e-13,9.401772e-13,9.401772e-13,9.401772e-13,3.780e-11,3.780e-11,6.191e-11,1.815e-10,8.396e-11,6.191e-11,6.825e-11,3.591e-10,5.948e-10
5.50,-5.50,9.401772e-13,9.401772e-13,9.401772e-13,9.401772e-13,9.401772e-13,9.401772e-13,9.401772e-13,9.401772e-13,9.401772e-13,6.027e-10,6.027e-10,4.921e-10,5.171e-10,4.539e-10,4.921e-10,4.922e-10,4.224e-10,5.888e-10
5.50,-5.00,9.401772e-13,9.401772e-13,9.401772e-13,9.401772e-13,9.401772e-13,9.401772e-13,9.401772e-13,9.401772e-13,9.401772e-13,6.287e-10,6.287e-10,2.461e-10,3.694e-10,2.607e-10,2.461e-10,2.592e-10,4.563e-11,1.526e-09
5.50,-4.50,9.401772e-13,9.401772e-13,9.401772e-13,9.401772e-13,9.401772e-13,9.401772e-13,9.401772e-13,9.401772e-13,9.401772e-13,8.534e-10,8.534e-10,8.745e-10,9.080e-10,6.754e-10,8.745e-10,6.502e-10,7.664e-10,2.004e-09
5.50,-4.00,9.401772e-13,9.401772e-13,9.401772e-13,9.401772e-13,9.401772e-13,9.401772e-13,9.401772e-13,9.401772e-13,9.401772e-13,1.178e-10,1.178e-10,6.682e-11,1.008e-10,1.017e-10,6.682e-11,9.469e-11,1.160e-10,1.482e-09
5.50,-3.50,9.401772e-13,9.401772e-13,9.401772e-13,9.401772e-13,9.401772e-13,9.401772e-13,9.401772e-13,9.401772e-13,9.401772e-13,9.271e-10,9.271e-10,9.060e-10,9.334e-10,8.411e-10,9.060e-10,9.837e-10,5.399e-10,1.289e-09
5.50,-3.00,9.401772e-13,9.401772e-13,9.401772e-13,9.401772e-13,9.401772e-13,9.401772e-13,9.401772e-13,9.401772e-13,9.401772e-13,5.423e-11,5.423e-11,6.658e-10,3.843e-10,5.409e-10,6.658e-10,2.937e-10,3.494e-10,7.424e-10
5.50,-2.50,9.401772e-13,9.401772e-13,9.401772e-13,9.401772e-13,9.401772e-13,9.401772e-13,9.401772e-13,9.401772e-13,9.401772e-13,3.328e-10,3.328e-10,3.573e-10,5.719e-10,3.592e-10,3.573e-10,3.194e-10,5.246e-10,6.658e-10
5.50,-2.00,9.401772e-13,9.401772e-13,9.401772e-13,9.401772e-13,9.401772e-13,9.401772e-13,9.401772e-13,9.401772e-13,9.401772e-13,8.435e-11,8.435e-11,2.551e-10,1.335e-10,2.525e-10,2.551e-10,4.099e-10,4.168e-10,1.446e-09
5.50,-1.50,9.401772e-13,9.401772e-13,9.401772e-13,9.401772e-13,9.401772e-13,9.401772e-13,9.401772e-13,9.401772e-13,9.401772e-13,4.832e-11,4.832e-11,3.267e-12,2.567e-11,9.189e-11,3.267e-12,6.473e-12,2.695e-10,1.004e-09
5.50,-1.00,9.401772e-13,9.401772e-13,9.401772e-13,9.401772e-13,9.401772e-13,9.401772e-13,9.401772e-13,9.401772e-13,9.401772e-13,3.182e-11,3.182e-11,1.007e-10,1.490e-10,1.276e-10,1.007e-10,3.100e-11,1.951e-10,1.686e-09
5.50,-0.50,9.401772e-13,9.401772e-13,9.401772e-13,9.401772e-13,9.401772e-13,9.401772e-13,9.401772e-13,9.401772e-13,9.401772e-13,4.566e-11,4.566e-11,2.816e-10,1.949e-10,1.536e-10,2.816e-10,4.321e-10,3.023e-10,1.429e-09
5.50,0.00,9.401772e-13,9.401772e-13,9.401772e-13,9.401772e-13,9.401772e-13,9.401772e-13,9.401772e-13,9.401772e-13,9.401772e-13,6.589e-10,6.589e-10,7.629e-10,3.970e-10,6.999e-10,7.629e-10,9.078e-10,8.632e-10,1.466e-09
5.50,0.50,9.401772e-13,9.401772e-13,9.401772e-13,9.401772e-13,9.401772e-13,9.401772e-13,9.401772e-13,9.401772e-13,9.401772e-13,5.780e-10,5.780e-10,4.430e-10,4.791e-10,4.633e-10,4.430e-10,4.491e-10,4.874e-10,1.091e-09
5.50,1.00,9.401772e-13,9.401772e-13,9.401772e-13,9.401772e-13,9.401772e-13,9.401772e-13,9.401772e-13,9.401772e-13,9.401772e-13,4.170e-10,4.170e-10,4.716e-10,4.199e-10,6.014e-10,4.716e-10,4.411e-10,5.020e-10,1.894e-09
5.50,1.50,9.401772e-13,9.401772e-13,9.401772e-13,9.401772e-13,9.401772e-13,9.401772e-13,9.401772e-13,9.401772e-13,9.401772e-13,9.870e-10,9.870e-10,1.075e-09,1.053e-09,1.019e-09,1.075e-09,8.315e-10,1.210e-09,1.882e-09
5.50,2.00,9.401772e-13,9.401772e-13,9.401772e-13,9.401772e-13,9.401772e-13,9.401772e-13,9.401772e-13,9.401772e-13,9.401772e-13,6.006e-11,6.469e-11,7.782e-10,4.861e-10,2.488e-10,7.969e-10,3.508e-10,1.477e-10,1.916e-09
5.50,2.50,9.401772e-13,9.401772e-13,9.401772e-13,9.401772e-13,9.401772e-13,9.401772e-13,9.401772e-13,9.401772e-13,9.401772e-13,1.247e-10,5.808e-10,2.204e-10,4.642e-10,3.670e-10,5.177e-10,7.652e-10,2.540e-10,2.765e-09
5.50,3.00,9.401772e-13,9.401772e-13,9.401772e-13,9.401772e-13,9.401772e-13,9.401772e-13,9.401772e-13,9.401772e-13,9.401772e-13,2.086e-10,7.386e-10,1.249e-09,8.961e-10,8.445e-10,6.987e-10,7.852e-10,2.708e-10,5.646e-09
5.50,3.50,9.401772e-13,9.401772e-13,9.401772e-13,9.401772e-13,9.401772e-13,9.401772e-13,9.401772e-13,9.401772e-13,9.401772e-13,5.978e-10,5.587e-12,2.024e-10,4.766e-10,6.793e-10,3.021e-10,5.094e-11,6.592e-10,2.693e-09
5.50,4.00,9.401772e-13,9.401772e-13,9.401772e-13,9.401772e-13,9.401772e-13,9.401772e-13,9.401772e-13,9.401772e-13,9.401772e-13,2.749e-10,6.550e-10,8.338e-10,6.258e-10,7.765e-10,3.147e-10,3.859e-10,2.483e-10,2.222e-09
5.50,4.50,9.401772e-13,9.401772e-13,9.401772e-13,9.401772e-13,9.401772e-13,9.401772e-13,9.401772e-13,9.401772e-13,9.401772e-13,1.027e-09,1.358e-09,1.645e-09,1.446e-09,1.382e-09,1.305e-09,1.072e-09,1.306e-09,2.664e-09
5.50,5.00,9.401772e-13,9.401772e-13,9.401772e-13,9.401772e-13,9.401772e-13,9.401772e-13,9.401772e-13,9.401772e-13,9.401772e-13,1.414e-09,1.762e-09,1.756e-09,1.055e-09,1.706e-09,1.650e-09,1.498e-09,1.054e-09,3.378e-09
5.50,5.50,9.401772e-13,9.401772e-13,9.401772e-13,9.401772e-13,9.401772e-13,9.401772e-13,9.401772e-13,9.401772e-13,9.401772e-13,5.635e-10,4.449e-10,9.951e-10,8.932e-10,7.573e-10,5.972e-10,9.678e-10,7.030e-10,1.185e-09
5.50,6.00,9.401772e-13,9.401772e-13,9.401772e-13,9.401772e-13,9.401772e-13,9.401772e-13,9.401772e-13,9.401772e-13,9.401772e-13,6.748e-10,4.748e-10,4.744e-10,4.001e-10,5.399e-10,5.491e-10,8.032e-10,8.267e-10,2.342e-09
5.50,6.50,9.401772e-13,9.401772e-13,9.401772e-13,9.401772e-13,9.401772e-13,9.401772e-13,9.401772e-13,9.401772e-13,9.401772e-13,7.108e-10,7.307e-10,6.361e-10,1.076e-09,5.657e-10,4.631e-10,8.056e-10,4.559e-10,2.163e-09
5.50,7.00,9.401772e-13,9.401772e-13,9.401772e-13,9.401772e-13,9.401772e-13,9.401772e-13,9.401772e-13,9.401772e-13,9.401772e-13,1.548e-10,2.223e-10,4.473e-10,1.898e-10,2.124e-10,4.560e-11,6.312e-10,3.570e-10,2.291e-09
5.50,7.50,9.401772e-13,9.401772e-13,9.401772e-13,9.401772e-13,9.401772e-13,9.401772e-13,9.401772e-13,9.401772e-13,9.401772e-13,1.103e-09,7.655e-10,8.633e-10,6.862e-10,1.142e-09,8.845e-10,7.547e-10,5.303e-10,1.914e-09
5.50,8.00,9.401772e-13,9.401772e-13,9.401772e-13,9.401772e-13,9.401772e-13,9.401772e-13,9.401772e-13,9.401772e-13,9.401772e-13,1.332e-09,1.351e-09,1.172e-09,1.841e-09,1.392e-09,1.387e-09,6.520e-10,1.133e-09,3.007e-09
6.00,-8.00,9.401772e-13,9.401772e-13,9.401772e-13,9.401772e-13,9.401772e-13,9.401772e-13,9.401772e-13,9.401772e-13,9.401772e-13,2.794e-11,2.794e-11,8.831e-11,3.211e-12,1.281e-10,8.831e-11,4.039e-12,7.494e-11,5.401e-10
6.00,-7.50,9.401772e-13,9.401772e-13,9.401772e-13,9.401772e-13,9.401772e-13,9.401772e-13,9.401772e-13,9.401772e-13,9.401772e-13,2.283e-10,2.283e-10,2.111e-10,1.452e-10,2.389e-10,2.111e-10,3.705e-10,2.892e-10,8.052e-10
6.00,-7.00,9.401772e-13,9.401772e-13,9.401772e-13,9.401772e-13,9.401772e-13,9.401772e-13,9.401772e-13,9.401772e-13,9.401772e-13,5.025e-10,5.025e-10,6.498e-10,3.603e-10,3.919e-10,6.498e-10,4.144e-10,3.200e-10,9.951e-10
6.00,-6.50,9.401772e-13,9.401772e-13,9.401772e-13,9.401772e-13,9.401772e-13,9.401772e-13,9.401772e-13,9.401772e-13,9.401772e-13,6.112e-10,6.112e-10,7.629e-10,6.550e-10,4.361e-10,7.629e-10,5.209e-10,4.407e-10,1.347e-09
6.00,-6.00,9.401772e-13,9.401772e-13,9.401772e-13,9.401772e-13,9.401772e-13,9.401772e-13,9.401772e-13,9.401772e-13,9.401772e-13,6.489e-10,6.489e-10,8.987e-10,6.860e-10,7.569e-10,8.987e-10,8.936e-10,5.830e-10,6.105e-10
6.00,-5.50,9.401772e-13,9.401772e-13,9.401772e-13,9.401772e-13,9.401772e-13,9.401772e-13,9.401772e-13,9.401772e-13,9.401772e-13,2.239e-10,2.239e-10,2.729e-10,3.753e-10,4.904e-10,2.729e-10,2.010e-10,5.395e-10,9.049e-10
6.00,-5.00,9.401772e-13,9.401772e-13,9.401772e-13,9.401772e-13,9.401772e-13,9.401772e-13,9.401772e-13,9.401772e-13,9.401772e-13,2.887e-10,2.887e-10,2.348e-10,5.358e-11,2.629e-11,2.348e-10,2.165e-10,3.682e-10,1.523e-09
6.00,-4.50,9.401772e-13,9.401772e-13,9.401772e-13,9.401772e-13,9.401772e-13,9.401772e-13,9.401772e-13,9.401772e-13,9.401772e-13,5.701e-11,5.701e-11,2.036e-10,1.394e-11,2.306e-11,2.036e-10,3.028e-10,3.033e-11,1.325e-09
6.00,-4.00,9.401772e-13,9.401772e-13,9.401772e-13,9.401772e-13,9.401772e-13,9.401772e-13,9.401772e-13,9.401772e-13,9.401772e-13,2.865e-10,2.865e-10,1.028e-10,1.489e-10,3.939e-10,1.028e-10,4.285e-10,3.868e-10,8.959e-10
6.00,-3.50,9.401772e-13,9.401772e-13,9.401772e-13,9.401772e-13,9.401772e-13,9.401772e-13,9.401772e-13,9.401772e-13,9.401772e-13,8.690e-12,8.690e-12,2.175e-10,2.656e-10,2.186e-10,2.175e-10,3.947e-12,4.348e-10,2.037e-09
6.00,-3.00,9.401772e-13,9.401772e-13,9.401772e-13,9.401772e-13,9.401772e-13,9.401772e-13,9.401772e-13,9.401772e-13,9.401772e-13,1.576e-10,1.576e-10,1.662e-10,1.096e-10,1.138e-10,1.662e-10,2.764e-10,1.483e-11,1.479e-09
6.00,-2.50,9.401772e-13,9.401772e-13,9.401772e-13,9.401772e-13,9.401772e-13,9.401772e-13,9.401772e-13,9.401772e-13,9.401772e-13,3.680e-10,3.680e-10,3.796e-10,1.004e-10,3.090e-10,3.796e-10,4.298e-10,1.649e-10,9.399e-10
6.00,-2.00,9.401772e-13,9.401772e-13,9.401772e-13,9.401772e-13,9.401772e-13,9.401772e-13,9.401772e-13,9.401772e-13,9.401772e-13,6.835e-12,6.835e-12,4.262e-11,8.499e-11,3.205e-10,4.262e-11,6.618e-11,3.500e-11,1.000e-09
6.00,-1.50,9.401772e-13,9.401772e-13,9.401772e-13,9.401772e-13,9.401772e-13,9.401772e-13,9.401772e-13,9.401772e-13,9.401772e-13,2.869e-10,2.869e-10,2.260e-10,2.936e-10,2.862e-10,2.260e-10,3.942e-10,5.492e-10,1.108e-09
6.00,-1.00,9.401772e-13,9.401772e-13,9.401772e-13,9.401772e-13,9.401772e-13,9.401772e-13,9.401772e-13,9.401772e-13,9.401772e-13,8.341e-10,8.341e-10,7.102e-10,6.262e-10,7.891e-10,7.102e-10,6.659e-10,1.209e-09,2.406e-09
6.00,-0.50,9.401772e-13,9.401772e-13,9.401772e-13,9.401772e-13,9.401772e-13,9.401772e-13,9.401772e-13,9.401772e-13,9.401772e-13,1.887e-10,1.887e-10,2.672e-10,1.022e-10,3.621e-11,2.672e-10,9.253e-11,7.100e-11,1.156e-09
6.00,0.00,9.401772e-13,9.401772e-13,9.401772e-13,9.401772e-13,9.401772e-13,9.401772e-13,9.401772e-13,9.401772e-13,9.401772e-13,1.854e-10,1.854e-10,1.415e-10,2.900e-10,2.968e-10,1.415e-10,2.437e-10,1.210e-09,1.698e-09
6.00,0.50,9.401772e-13,9.401772e-13,9.401772e-13,9.401772e-13,9.401772e-13,9.401772e-13,9.401772e-13,9.401772e-13,9.401772e-13,4.373e-10,4.373e-10,5.291e-10,1.337e-10,4.403e-10,5.291e-10,4.226e-11,4.461e-10,1.932e-09
6.00,1.00,9.401772e-13,9.401772e-13,9.401772e-13,9.401772e-13,9.401772e-13,9.401772e-13,9.401772e-13,9.401772e-13,9.401772e-13,8.132e-10,8.132e-10,2.523e-10,5.945e-10,3.029e-10,2.523e-10,2.785e-10,1.105e-10,2.871e-09
6.00,1.50,9.401772e-13,9.401772e-13,9.401772e-13,9.401772e-13,9.401772e-13,9.401772e-13,9.401772e-13,9.401772e-13,9.401772e-13,1.289e-11,1.289e-11,1.015e-10,1.451e-12,1.594e-11,1.015e-10,4.292e-10,1.206e-10,2.379e-09
6.00,2.00,9.401772e-13,9.401772e-13,9.401772e-13,9.401772e-13,9.401772e-13,9.401772e-13,9.401772e-13,9.401772e-13,9.401772e-13,8.068e-10,8.068e-10,1.077e-09,8.906e-10,6.597e-10,1.077e-09,1.110e-09,1.091e-09,3.403e-09
6.00,2.50,9.401772e-13,9.401772e-13,9.401772e-13,9.401772e-13,9.401772e-13,9.401772e-13,9.401772e-13,9.401772e-13,9.401772e-13,2.518e-10,1.784e-10,2.406e-10,1.551e-10,1.870e-10,1.208e-10,3.089e-10,4.126e-10,1.530e-09
6.00,3.00,9.401772e-13,9.401772e-13,9.401772e-13,9.401772e-13,9.401772e-13,9.401772e-13,9.401772e-13,9.401772e-13,9.401772e-13,4.370e-10,3.335e-10,2.462e-10,6.088e-11,3.400e-10,1.849e-10,2.258e-10,7.135e-10,3.173e-09
6.00,3.50,9.401772e-13,9.401772e-13,9.401772e-13,9.401772e-13,9.401772e-13,9.401772e-13,9.401772e-13,9.401772e-13,9.401772e-13,1.298e-10,1.427e-10,3.085e-11,2.629e-11,3.356e-11,2.424e-10,6.958e-11,2.361e-10,1.336e-09
6.00,4.00,9.401772e-13,9.401772e-13,9.401772e-13,9.401772e-13,9.401772e-13,9.401772e-13,9.401772e-13,9.401772e-13,9.401772e-13,7.569e-10,5.199e-10,6.990e-10,8.208e-10,6.703e-10,9.760e-10,6.312e-10,5.573e-10,2.278e-09
6.00,4.50,9.401772e-13,9.401772e-13,9.401772e-13,9.401772e-13,9.401772e-13,9.401772e-13,9.401772e-13,9.401772e-13,9.401772e-13,2.388e-10,6.606e-10,4.075e-10,6.280e-10,8.808e-10,6.689e-10,6.841e-10,1.237e-11,2.481e-09
6.00,5.00,9.401772e-13,9.401772e-13,9.401772e-13,9.401772e-13,9.401772e-13,9.401772e-13,9.401772e-13,9.401772e-13,9.401772e-13,4.271e-10,6.904e-10,2.445e-10,4.734e-10,4.682e-10,4.224e-10,4.321e-10,5.343e-10,3.032e-09
6.00,5.50,9.401772e-13,9.401772e-13,9.401772e-13,9.401772e-13,9.401772e-13,9.401772e-13,9.401772e-13,9.401772e-13,9.401772e-13,9.098e-10,1.202e-09,1.668e-09,1.125e-09,1.024e-09,1.359e-09,1.256e-09,1.368e-09,2.388e-09
6.00,6.00,9.401772e-13,9.401772e-13,9.401772e-13,9.401772e-13,9.401772e-13,9.401772e-13,9.401772e-13,9.401772e-13,9.401772e-13,4.701e-10,3.784e-11,3.489e-10,7.431e-12,2.596e-10,4.545e-11,3.506e-10,3.436e-10,1.730e-09
6.00,6.50,9.401772e-13,9.401772e-13,9.401772e-13,9.401772e-13,9.401772e-13,9.401772e-13,9.401772e-13,9.401772e-13,9.401772e-13,1.126e-09,1.095e-09,1.370e-09,1.224e-09,1.380e-09,1.320e-09,1.401e-09,1.288e-09,2.981e-09
6.00,7.00,9.401772e-13,9.401772e-13,9.401772e-13,9.401772e-13,9.401772e-13,9.401772e-13,9.401772e-13,9.401772e-13,9.401772e-13,1.703e-09,2.183e-09,1.682e-09,1.722e-09,1.709e-09,1.438e-09,2.438e-09,2.057e-09,1.998e-09
6.00,7.50,9.401772e-13,9.401772e-13,9.401772e-13,9.401772e-13,9.401772e-13,9.401772e-13,9.401772e-13,9.401772e-13,9.401772e-13,5.055e-11,3.284e-10,3.573e-10,2.638e-10,2.897e-10,5.359e-10,2.956e-10,1.955e-10,2.761e-09
6.00,8.00,9.401772e-13,9.401772e-13,9.401772e-13,9.401772e-13,9.401772e-13,9.401772e-13,9.401772e-13,9.401772e-13,9.401772e-13,1.598e-10,5.839e-11,2.715e-10,1.086e-10,4.691e-11,5.053e-10,1.540e-11,2.495e-10,3.841e-09
6.50,-8.00,9.401772e-13,9.401772e-13,9.401772e-13,9.401772e-13,9.401772e-13,9.401772e-13,9.401772e-13,9.401772e-13,9.401772e-13,5.976e-10,5.976e-10,6.436e-10,4.792e-10,5.716e-10,6.436e-10,6.421e-10,7.987e-10,1.501e-09
6.50,-7.50,9.401772e-13,9.401772e-13,9.401772e-13,9.401772e-13,9.401772e-13,9.401772e-13,9.401772e-13,9.401772e-13,9.401772e-13,1.443e-10,1.443e-10,9.501e-11,1.757e-10,2.290e-10,9.501e-11,8.771e-11,2.382e-10,1.610e-09
6.50,-7.00,9.401772e-13,9.401772e-13,9.401772e-13,9.401772e-13,9.401772e-13,9.401772e-13,9.401772e-13,9.401772e-13,9.401772e-13,1.624e-10,1.624e-10,2.445e-10,1.863e-10,3.060e-10,2.445e-10,3.740e-10,2.527e-10,1.306e-09
6.50,-6.50,9.401772e-13,9.401772e-13,9.401772e-13,9.401772e-13,9.401772e-13,9.401772e-13,9.401772e-13,9.401772e-13,9.401772e-13,3.782e-10,3.782e-10,3.527e-10,5.089e-10,6.047e-10,3.527e-10,2.138e-10,6.052e-10,1.368e-09
6.50,-6.00,9.401772e-13,9.401772e-13,9.401772e-13,9.401772e-13,9.401772e-13,9.401772e-13,9.401772e-13,9.401772e-13,9.401772e-13,4.542e-11,4.542e-11,5.955e-11,3.921e-11,7.267e-11,5.955e-11,1.268e-10,4.111e-11,1.029e-09
6.50,-5.50,9.401772e-13,9.401772e-13,9.401772e-13,9.401772e-13,9.401772e-13,9.401772e-13,9.401772e-13,9.401772e-13,9.401772e-13,3.402e-10,3.402e-10,1.933e-10,3.560e-10,6.628e-11,1.933e-10,4.406e-11,1.712e-10,7.154e-10
6.50,-5.00,9.401772e-13,9.401772e-13,9.401772e-13,9.401772e-13,9.401772e-13,9.401772e-13,9.401772e-13,9.401772e-13,9.401772e-13,4.657e-10,4.657e-10,5.833e-10,4.580e-10,4.529e-10,5.833e-10,5.354e-10,1.484e-10,1.489e-09
6.50,-4.50,9.401772e-13,9.401772e-13,9.401772e-13,9.401772e-13,9.401772e-13,9.401772e-13,9.401772e-13,9.401772e-13,9.401772e-13,5.065e-10,5.065e-10,3.628e-10,5.553e-10,3.815e-10,3.628e-10,6.808e-10,6.121e-10,1.448e-09
6.50,-4.00,9.401772e-13,9.401772e-13,9.401772e-13,9.401772e-13,9.401772e-13,9.401772e-13,9.401772e-13,9.401772e-13,9.401772e-13,1.739e-10,1.739e-10,1.625e-10,3.558e-11,3.271e-11,1.625e-10,1.542e-11,5.620e-11,9.332e-10
6.50,-3.50,9.401772e-13,9.401772e-13,9.401772e-13,9.401772e-13,9.401772e-13,9.401772e-13,9.401772e-13,9.401772e-13,9.401772e-13,2.221e-10,2.221e-10,9.158e-11,4.960e-11,2.015e-10,9.158e-11,2.449e-10,6.891e-11,1.501e-09
6.50,-3.00,9.401772e-13,9.401772e-13,9.401772e-13,9.401772e-13,9.401772e-13,9.401772e-13,9.401772e-13,9.401772e-13,9.401772e-13,4.569e-10,4.569e-10,4.886e-10,5.976e-10,5.264e-10,4.886e-10,4.745e-10,7.475e-10,8.463e-10
6.50,-2.50,9.401772e-13,9.401772e-13,9.401772e-13,9.401772e-13,9.401772e-13,9.401772e-13,9.401772e-13,9.401772e-13,9.401772e-13,2.615e-10,2.615e-10,2.777e-10,3.029e-10,4.229e-10,2.777e-10,6.016e-10,3.850e-10,2.262e-09
6.50,-2.00,9.401772e-13,9.401772e-13,9.401772e-13,9.401772e-13,9.401772e-13,9.401772e-13,9.401772e-13,9.401772e-13,9.401772e-13,3.616e-11,3.616e-11,2.231e-10,2.545e-10,9.909e-11,2.231e-10,1.307e-10,1.255e-11,1.286e-09
6.50,-1.50,9.401772e-13,9.401772e-13,9.401772e-13,9.401772e-13,9.401772e-13,9.401772e-13,9.401772e-13,9.401772e-13,9.401772e-13,6.818e-10,6.818e-10,6.881e-10,2.786e-10,5.675e-10,6.881e-10,1.550e-10,2.969e-10,1.180e-09
6.50,-1.00,9.401772e-13,9.401772e-13,9.401772e-13,9.401772e-13,9.401772e-13,9.401772e-13,9.401772e-13,9.401772e-13,9.401772e-13,1.466e-09,1.466e-09,1.450e-09,1.643e-09,1.610e-09,1.450e-09,1.065e-09,1.284e-09,2.185e-09
6.50,-0.50,9.401772e-13,9.401772e-13,9.401772e-13,9.401772e-13,9.401772e-13,9.401772e-13,9.401772e-13,9.401772e-13,9.401772e-13,2.841e-10,2.841e-10,1.814e-10,1.198e-10,3.054e-10,1.814e-10,9.429e-11,1.839e-10,1.927e-09
6.50,0.00,9.401772e-13,9.401772e-13,9.401772e-13,9.401772e-13,9.401772e-13,9.401772e-13,9.401772e-13,9.401772e-13,9.401772e-13,7.446e-10,7.446e-10,6.972e-10,8.975e-10,1.059e-09,6.972e-10,8.278e-10,4.121e-10,1.206e-09
6.50,0.50,9.401772e-13,9.401772e-13,9.401772e-13,9.401772e-13,9.401772e-13,9.401772e-13,9.401772e-13,9.401772e-13,9.401772e-13,6.713e-10,6.713e-10,2.078e-10,2.372e-10,1.180e-10,2.078e-10,1.502e-10,2.758e-10,1.427e-09
6.50,1.00,9.401772e-13,9.401772e-13,9.401772e-13,9.401772e-13,9.401772e-13,9.401772e-13,9.401772e-13,9.401772e-13,9.401772e-13,6.923e-10,6.923e-10,8.565e-10,1.078e-09,6.428e-10,8.565e-10,5.596e-10,8.103e-10,1.734e-09
6.50,1.50,9.401772e-13,9.401772e-13,9.401772e-13,9.401772e-13,9.401772e-13,9.401772e-13,9.401772e-13,9.401772e-13,9.401772e-13,1.206e-09,1.206e-09,1.221e-09,1.562e-09,1.510e-09,1.221e-09,1.471e-09,2.016e-09,1.688e-09
6.50,2.00,9.401772e-13,9.401772e-13,9.401772e-13,9.401772e-13,9.401772e-13,9.401772e-13,9.401772e-13,9.401772e-13,9.401772e-13,6.011e-10,6.011e-10,3.251e-10,4.823e-10,5.224e-10,3.251e-10,5.919e-10,8.159e-10,2.049e-09
6.50,2.50,9.401772e-13,9.401772e-13,9.401772e-13,9.401772e-13,9.401772e-13,9.401772e-13,9.401772e-13,9.401772e-13,9.401772e-13,5.554e-10,6.513e-10,8.766e-10,5.612e-10,5.088e-10,8.776e-10,4.577e-10,7.076e-10,3.948e-09
6.50,3.00,9.401772e-13,9.401772e-13,9.401772e-13,9.401772e-13,9.401772e-13,9.401772e-13,9.401772e-13,9.401772e-13,9.401772e-13,2.045e-08,2.030e-08,7.273e-10,6.318e-10,1.002e-09,7.148e-10,5.645e-10,1.075e-10,2.479e-09
6.50,3.50,9.401772e-13,9.401772e-13,9.401772e-13,9.401772e-13,9.401772e-13,9.401772e-13,9.401772e-13,9.401772e-13,9.401772e-13,3.440e-10,5.770e-10,2.343e-10,7.853e-10,1.985e-10,2.081e-10,5.682e-10,7.251e-10,1.823e-09
6.50,4.00,9.401772e-13,9.401772e-13,9.401772e-13,9.401772e-13,9.401772e-13,9.401772e-13,9.401772e-13,9.401772e-13,9.401772e-13,5.634e-10,5.003e-10,8.852e-10,1.348e-09,5.210e-10,8.320e-10,6.477e-10,9.015e-10,3.194e-09
6.50,4.50,9.401772e-13,9.401772e-13,9.401772e-13,9.401772e-13,9.401772e-13,9.401772e-13,9.401772e-13,9.401772e-13,9.401772e-13,4.538e-11,9.597e-10,2.063e-10,6.832e-10,7.217e-10,5.125e-11,4.208e-10,1.280e-09,2.952e-09
6.50,5.00,9.401772e-13,9.401772e-13,9.401772e-13,9.401772e-13,9.401772e-13,9.401772e-13,9.401772e-13,9.401772e-13,9.401772e-13,7.098e-10,8.164e-10,7.800e-10,4.529e-10,4.962e-10,4.947e-10,4.976e-10,5.232e-10,2.490e-09
6.50,5.50,9.401772e-13,9.401772e-13,9.401772e-13,9.401772e-13,9.401772e-13,9.401772e-13,9.401772e-13,9.401772e-13,9.401772e-13,3.075e-11,6.094e-10,3.550e-10,7.838e-10,4.291e-10,3.065e-11,6.988e-10,9.947e-10,2.155e-09
6.50,6.00,9.401772e-13,9.401772e-13,9.401772e-13,9.401772e-13,9.401772e-13,9.401772e-13,9.401772e-13,9.401772e-13,9.401772e-13,1.370e-09,1.712e-09,1.164e-09,1.493e-09,1.137e-09,6.544e-10,8.400e-10,1.274e-09,1.330e-09
6.50,6.50,9.401772e-13,9.401772e-13,9.401772e-13,9.401772e-13,9.401772e-13,9.401772e-13,9.401772e-13,9.401772e-13,9.401772e-13,2.416e-12,2.386e-10,2.778e-10,1.866e-10,4.176e-11,1.158e-11,7.365e-11,3.836e-10,4.187e-09
6.50,7.00,9.401772e-13,9.401772e-13,9.401772e-13,9.401772e-13,9.401772e-13,9.401772e-13,9.401772e-13,9.401772e-13,9.401772e-13,7.336e-10,4.394e-10,3.001e-10,7.680e-10,4.529e-10,2.795e-10,3.060e-10,7.544e-10,2.217e-09
6.50,7.50,9.401772e-13,9.401772e-13,9.401772e-13,9.401772e-13,9.401772e-13,9.401772e-13,9.401772e-13,9.401772e-13,9.401772e-13,6.214e-10,3.878e-10,7.928e-11,4.830e-10,7.036e-10,4.735e-10,1.119e-09,3.476e-10,2.640e-09
6.50,8.00,9.401772e-13,9.401772e-13,9.401772e-13,9.401772e-13,9.401772e-13,9.401772e-13,9.401772e-13,9.401772e-13,9.401772e-13,8.634e-10,9.466e-10,8.256e-10,6.039e-10,6.553e-10,1.042e-09,3.545e-10,3.791e-10,3.697e-09
7.00,-8.00,9.401772e-13,9.401772e-13,9.401772e-13,9.401772e-13,9.401772e-13,9.401772e-13,9.401772e-13,9.401772e-13,9.401772e-13,9.024e-10,9.024e-10,9.168e-10,9.360e-10,8.313e-10,9.168e-10,8.775e-10,9.394e-10,3.580e-10
7.00,-7.50,9.401772e-13,9.401772e-13,9.401772e-13,9.401772e-13,9.401772e-13,9.401772e-13,9.401772e-13,9.401772e-13,9.401772e-13,1.953e-10,1.953e-10,1.299e-10,2.060e-11,5.627e-11,1.299e-10,1.734e-10,5.502e-12,1.481e-09
7.00,-7.00,9.401772e-13,9.401772e-13,9.401772e-13,9.401772e-13,9.401772e-13,9.401772e-13,9.401772e-13,9.401772e-13,9.401772e-13,3.801e-10,3.801e-10,2.971e-10,3.462e-10,1.558e-10,2.971e-10,2.076e-10,2.404e-10,9.946e-10
7.00,-6.50,9.401772e-13,9.401772e-13,9.401772e-13,9.401772e-13,9.401772e-13,9.401772e-13,9.401772e-13,9.401772e-13,9.401772e-13,1.160e-10,1.160e-10,2.467e-12,2.845e-10,9.282e-11,2.467e-12,4.729e-10,5.702e-10,1.112e-09
7.00,-6.00,9.401772e-13,9.401772e-13,9.401772e-13,9.401772e-13,9.401772e-13,9.401772e-13,9.401772e-13,9.401772e-13,9.401772e-13,4.787e-10,4.787e-10,6.589e-10,4.810e-10,4.677e-10,6.589e-10,5.695e-10,3.225e-10,1.360e-09
7.00,-5.50,9.401772e-13,9.401772e-13,9.401772e-13,9.401772e-13,9.401772e-13,9.401772e-13,9.401772e-13,9.401772e-13,9.401772e-13,4.169e-10,4.169e-10,6.148e-10,7.295e-10,5.954e-10,6.148e-10,4.395e-10,6.139e-10,1.468e-09
7.00,-5.00,9.401772e-13,9.401772e-13,9.401772e-13,9.401772e-13,9.401772e-13,9.401772e-13,9.401772e-13,9.401772e-13,9.401772e-13,5.080e-10,5.080e-10,8.214e-10,7.971e-10,8.528e-10,8.214e-10,7.847e-10,9.358e-10,1.369e-09
7.00,-4.50,9.401772e-13,9.401772e-13,9.401772e-13,9.401772e-13,9.401772e-13,9.401772e-13,9.401772e-13,9.401772e-13,9.401772e-13,2.584e-10,2.584e-10,2.131e-10,2.139e-10,1.529e-10,2.131e-10,3.891e-10,6.545e-11,1.418e-09
7.00,-4.00,9.401772e-13,9.401772e-13,9.401772e-13,9.401772e-13,9.401772e-13,9.401772e-13,9.401772e-13,9.401772e-13,9.401772e-13,6.111e-11,6.111e-11,1.003e-10,2.537e-10,4.232e-10,1.003e-10,3.127e-11,3.968e-10,1.837e-09
7.00,-3.50,9.401772e-13,9.401772e-13,9.401772e-13,9.401772e-13,9.401772e-13,9.401772e-13,9.401772e-13,9.401772e-13,9.401772e-13,5.771e-10,5.771e-10,7.662e-10,8.857e-10,9.135e-10,7.662e-10,9.538e-10,7.315e-10,2.414e-09
7.00,-3.00,9.401772e-13,9.401772e-13,9.401772e-13,9.401772e-13,9.401772e-13,9.401772e-13,9.401772e-13,9.401772e-13,9.401772e-13,4.549e-10,4.549e-10,9.361e-10,2.549e-10,3.896e-10,9.361e-10,5.330e-10,6.157e-10,1.258e-09
7.00,-2.50,9.401772e-13,9.401772e-13,9.401772e-13,9.401772e-13,9.401772e-13,9.401772e-13,9.401772e-13,9.401772e-13,9.401772e-13,1.206e-10,1.206e-10,6.190e-11,2.541e-10,1.960e-10,6.190e-11,1.596e-11,2.804e-10,1.916e-09
7.00,-2.00,9.401772e-13,9.401772e-13,9.401772e-13,9.401772e-13,9.401772e-13,9.401772e-13,9.401772e-13,9.401772e-13,9.401772e-13,6.930e-10,6.930e-10,9.185e-10,2.029e-10,7.748e-10,9.185e-10,5.945e-10,5.911e-10,1.715e-09
7.00,-1.50,9.401772e-13,9.401772e-13,9.401772e-13,9.401772e-13,9.401772e-13,9.401772e-13,9.401772e-13,9.401772e-13,9.401772e-13,1.091e-10,1.091e-10,3.582e-10,3.421e-10,3.178e-10,3.582e-10,5.750e-10,2.895e-10,2.460e-09
7.00,-1.00,9.401772e-13,9.401772e-13,9.401772e-13,9.401772e-13,9.401772e-13,9.401772e-13,9.401772e-13,9.401772e-13,9.401772e-13,4.942e-10,4.942e-10,9.545e-10,7.790e-10,6.326e-10,9.545e-10,6.132e-10,6.893e-10,2.172e-09
7.00,-0.50,9.401772e-13,9.401772e-13,9.401772e-13,9.401772e-13,9.401772e-13,9.401772e-13,9.401772e-13,9.401772e-13,9.401772e-13,7.566e-10,7.566e-10,4.535e-10,3.079e-10,6.234e-10,4.535e-10,5.999e-10,8.085e-10,2.210e-09
7.00,0.00,9.401772e-13,9.401772e-13,9.401772e-13,9.401772e-13,9.401772e-13,9.401772e-13,9.401772e-13,9.401772e-13,9.401772e-13,6.856e-10,6.856e-10,4.699e-10,4.562e-10,8.228e-10,4.699e-10,4.881e-10,7.371e-10,1.693e-09
7.00,0.50,9.401772e-13,9.401772e-13,9.401772e-13,9.401772e-13,9.401772e-13,9.401772e-13,9.401772e-13,9.401772e-13,9.401772e-13,8.136e-10,8.136e-10,1.011e-09,7.285e-10,7.773e-10,1.011e-09,6.922e-10,3.985e-11,2.954e-09
7.00,1.00,9.401772e-13,9.401772e-13,9.401772e-13,9.401772e-13,9.401772e-13,9.401772e-13,9.401772e-13,9.401772e-13,9.401772e-13,4.288e-10,4.288e-10,9.278e-11,1.927e-11,3.092e-10,9.278e-11,1.141e-10,4.454e-10,3.596e-09
7.00,1.50,9.401772e-13,9.401772e-13,9.401772e-13,9.401772e-13,9.401772e-13,9.401772e-13,9.401772e-13,9.401772e-13,9.401772e-13,6.548e-10,6.548e-10,7.194e-10,8.343e-10,7.234e-10,7.194e-10,3.197e-10,3.064e-10,2.509e-09
7.00,2.00,9.401772e-13,9.401772e-13,9.401772e-13,9.401772e-13,9.401772e-13,9.401772e-13,9.401772e-13,9.401772e-13,9.401772e-13,1.031e-09,1.031e-09,1.340e-09,1.294e-09,1.441e-09,1.340e-09,1.124e-09,1.116e-09,2.738e-09
7.00,2.50,9.401772e-13,9.401772e-13,9.401772e-13,9.401772e-13,9.401772e-13,9.401772e-13,9.401772e-13,9.401772e-13,9.401772e-13,2.654e-10,2.654e-10,1.216e-10,3.766e-10,2.273e-10,1.216e-10,4.009e-10,1.103e-10,1.997e-09
7.00,3.00,9.401772e-13,9.401772e-13,9.401772e-13,9.401772e-13,9.401772e-13,9.401772e-13,9.401772e-13,9.401772e-13,9.401772e-13,2.331e-10,2.657e-10,1.437e-10,2.210e-10,1.600e-10,1.101e-12,2.645e-10,1.581e-10,1.617e-09
7.00,3.50,9.401772e-13,9.401772e-13,9.401772e-13,9.401772e-13,9.401772e-13,9.401772e-13,9.401772e-13,9.401772e-13,9.401772e-13,2.334e-10,2.561e-10,5.029e-10,1.968e-11,2.514e-10,2.749e-10,3.627e-11,5.265e-10,2.688e-09
7.00,4.00,9.401772e-13,9.401772e-13,9.401772e-13,9.401772e-13,9.401772e-13,9.401772e-13,9.401772e-13,9.401772e-13,9.401772e-13,3.809e-10,1.581e-11,1.286e-10,6.111e-10,2.096e-10,5.492e-11,7.796e-11,1.785e-10,3.383e-09
7.00,4.50,9.401772e-13,9.401772e-13,9.401772e-13,9.401772e-13,9.401772e-13,9.401772e-13,9.401772e-13,9.401772e-13,9.401772e-13,3.021e-11,6.006e-11,4.262e-10,9.384e-11,3.247e-10,2.165e-10,1.396e-10,1.621e-10,1.722e-09
7.00,5.00,9.401772e-13,9.401772e-13,9.401772e-13,9.401772e-13,9.401772e-13,9.401772e-13,9.401772e-13,9.401772e-13,9.401772e-13,2.754e-10,2.823e-10,4.511e-12,2.479e-10,1.906e-10,4.963e-10,1.579e-10,1.861e-10,1.477e-09
7.00,5.50,9.401772e-13,9.401772e-13,9.401772e-13,9.401772e-13,9.401772e-13,9.401772e-13,9.401772e-13,9.401772e-13,9.401772e-13,2.719e-10,2.251e-10,6.281e-11,1.249e-10,8.572e-11,2.128e-10,2.944e-10,1.577e-10,1.656e-09
7.00,6.00,9.401772e-13,9.401772e-13,9.401772e-13,9.401772e-13,9.401772e-13,9.401772e-13,9.401772e-13,9.401772e-13,9.401772e-13,2.032e-10,2.231e-10,2.088e-10,2.896e-10,5.840e-10,3.100e-10,3.941e-10,8.684e-11,2.000e-09
7.00,6.50,9.401772e-13,9.401772e-13,9.401772e-13,9.401772e-13,9.401772e-13,9.401772e-13,9.401772e-13,9.401772e-13,9.401772e-13,6.944e-10,4.165e-10,7.693e-10,4.561e-12,9.604e-11,4.385e-12,3.329e-10,7.811e-10,2.652e-09
7.00,7.00,9.401772e-13,9.401772e-13,9.401772e-13,9.401772e-13,9.401772e-13,9.401772e-13,9.401772e-13,9.401772e-13,9.401772e-13,1.109e-09,1.217e-09,1.163e-09,1.222e-09,1.390e-09,1.270e-09,1.304e-09,7.384e-10,1.975e-09
7.00,7.50,9.401772e-13,9.401772e-13,9.401772e-13,9.401772e-13,9.401772e-13,9.401772e-13,9.401772e-13,9.401772e-13,9.401772e-13,1.400e-09,1.575e-09,1.133e-09,1.859e-09,2.288e-09,1.624e-09,1.339e-09,1.550e-09,2.984e-09
7.00,8.00,9.401772e-13,9.401772e-13,9.401772e-13,9.401772e-13,9.401772e-13,9.401772e-13,9.401772e-13,9.401772e-13,9.401772e-13,1.327e-09,1.541e-09,1.649e-09,1.768e-09,1.637e-09,1.312e-09,1.757e-09,1.689e-09,3.696e-09
7.50,-8.00,9.401772e-13,9.401772e-13,9.401772e-13,9.401772e-13,9.401772e-13,9.401772e-13,9.401772e-13,9.401772e-13,9.401772e-13,7.110e-10,7.110e-10,7.755e-10,7.343e-10,5.868e-10,7.755e-10,7.546e-10,8.896e-10,3.601e-10
7.50,-7.50,9.401772e-13,9.401772e-13,9.401772e-13,9.401772e-13,9.401772e-13,9.401772e-13,9.401772e-13,9.401772e-13,9.401772e-13,6.777e-10,6.777e-10,5.709e-10,7.219e-10,9.738e-10,5.709e-10,6.181e-10,6.717e-10,9.910e-10
7.50,-7.00,9.401772e-13,9.401772e-13,9.401772e-13,9.401772e-13,9.401772e-13,9.401772e-13,9.401772e-13,9.401772e-13,9.401772e-13,2.428e-10,2.428e-10,2.822e-10,5.183e-10,2.810e-10,2.822e-10,2.253e-10,4.048e-10,1.360e-09
7.50,-6.50,9.401772e-13,9.401772e-13,9.401772e-13,9.401772e-13,9.401772e-13,9.401772e-13,9.401772e-13,9.401772e-13,9.401772e-13,2.521e-10,2.521e-10,3.706e-10,2.524e-10,1.125e-10,3.706e-10,5.507e-11,3.408e-11,5.857e-10
7.50,-6.00,9.401772e-13,9.401772e-13,9.401772e-13,9.401772e-13,9.401772e-13,9.401772e-13,9.401772e-13,9.401772e-13,9.401772e-13,2.929e-10,2.929e-10,5.391e-13,3.473e-11,2.574e-10,5.391e-13,7.744e-11,2.065e-10,1.224e-09
7.50,-5.50,9.401772e-13,9.401772e-13,9.401772e-13,9.401772e-13,9.401772e-13,9.401772e-13,9.401772e-13,9.401772e-13,9.401772e-13,1.943e-10,1.943e-10,1.974e-10,5.750e-13,1.356e-10,1.974e-10,2.460e-10,3.028e-10,1.016e-09
7.50,-5.00,9.401772e-13,9.401772e-13,9.401772e-13,9.401772e-13,9.401772e-13,9.401772e-13,9.401772e-13,9.401772e-13,9.401772e-13,1.115e-10,1.115e-10,8.685e-11,4.628e-10,1.852e-10,8.685e-11,3.464e-10,1.062e-10,6.646e-10
7.50,-4.50,9.401772e-13,9.401772e-13,9.401772e-13,9.401772e-13,9.401772e-13,9.401772e-13,9.401772e-13,9.401772e-13,9.401772e-13,8.175e-10,8.175e-10,1.134e-09,6.869e-10,7.299e-10,1.134e-09,9.343e-10,5.139e-10,1.057e-09
7.50,-4.00,9.401772e-13,9.401772e-13,9.401772e-13,9.401772e-13,9.401772e-13,9.401772e-13,9.401772e-13,9.401772e-13,9.401772e-13,1.561e-09,1.561e-09,1.674e-09,1.313e-09,1.471e-09,1.674e-09,1.349e-09,1.389e-09,2.202e-09
7.50,-3.50,9.401772e-13,9.401772e-13,9.401772e-13,9.401772e-13,9.401772e-13,9.401772e-13,9.401772e-13,9.401772e-13,9.401772e-13,4.045e-10,4.045e-10,8.039e-10,6.376e-10,4.093e-10,8.039e-10,9.669e-10,1.481e-10,1.686e-09
7.50,-3.00,9.401772e-13,9.401772e-13,9.401772e-13,9.401772e-13,9.401772e-13,9.401772e-13,9.401772e-13,9.401772e-13,9.401772e-13,5.198e-10,5.198e-10,5.935e-10,5.768e-10,8.496e-10,5.935e-10,9.171e-10,7.345e-10,1.526e-09
7.50,-2.50,9.401772e-13,9.401772e-13,9.401772e-13,9.401772e-13,9.401772e-13,9.401772e-13,9.401772e-13,9.401772e-13,9.401772e-13,6.297e-10,6.297e-10,6.839e-10,8.615e-10,2.556e-10,6.839e-10,1.115e-09,5.921e-10,1.905e-09
7.50,-2.00,9.401772e-13,9.401772e-13,9.401772e-13,9.401772e-13,9.401772e-13,9.401772e-13,9.401772e-13,9.401772e-13,9.401772e-13,7.604e-10,7.604e-10,3.267e-10,4.361e-10,6.480e-10,3.267e-10,5.023e-10,5.050e-10,2.661e-09
7.50,-1.50,9.401772e-13,9.401772e-13,9.401772e-13,9.401772e-13,9.401772e-13,9.401772e-13,9.401772e-13,9.401772e-13,9.401772e-13,6.591e-10,6.591e-10,7.941e-10,1.027e-09,7.594e-10,7.941e-10,1.111e-09,1.009e-09,1.569e-09
7.50,-1.00,9.401772e-13,9.401772e-13,9.401772e-13,9.401772e-13,9.401772e-13,9.401772e-13,9.401772e-13,9.401772e-13,9.401772e-13,8.664e-10,8.664e-10,8.658e-10,1.108e-09,8.948e-10,8.658e-10,9.799e-10,1.595e-09,2.719e-09
7.50,-0.50,9.401772e-13,9.401772e-13,9.401772e-13,9.401772e-13,9.401772e-13,9.401772e-13,9.401772e-13,9.401772e-13,9.401772e-13,1.302e-09,1.302e-09,1.110e-09,1.335e-09,1.203e-09,1.110e-09,1.341e-09,1.364e-09,2.236e-09
7.50,0.00,9.401772e-13,9.401772e-13,9.401772e-13,9.401772e-13,9.401772e-13,9.401772e-13,9.401772e-13,9.401772e-13,9.401772e-13,6.119e-10,6.119e-10,1.282e-09,4.502e-10,1.305e-09,1.282e-09,5.484e-10,7.303e-10,1.515e-09
7.50,0.50,9.401772e-13,9.401772e-13,9.401772e-13,9.401772e-13,9.401772e-13,9.401772e-13,9.401772e-13,9.401772e-13,9.401772e-13,8.966e-10,8.966e-10,5.410e-10,4.458e-10,4.488e-10,5.410e-10,8.967e-10,5.857e-10,1.641e-09
7.50,1.00,9.401772e-13,9.401772e-13,9.401772e-13,9.401772e-13,9.401772e-13,9.401772e-13,9.401772e-13,9.401772e-13,9.401772e-13,2.262e-10,2.262e-10,7.630e-10,2.510e-10,1.535e-10,7.630e-10,2.930e-10,1.435e-10,1.666e-09
7.50,1.50,9.401772e-13,9.401772e-13,9.401772e-13,9.401772e-13,9.401772e-13,9.401772e-13,9.401772e-13,9.401772e-13,9.401772e-13,1.048e-09,1.048e-09,5.941e-10,8.275e-10,9.972e-10,5.941e-10,1.394e-09,1.400e-09,1.763e-09
7.50,2.00,9.401772e-13,9.401772e-13,9.401772e-13,9.401772e-13,9.401772e-13,9.401772e-13,9.401772e-13,9.401772e-13,9.401772e-13,3.959e-11,3.959e-11,2.086e-10,2.906e-10,1.834e-10,2.086e-10,4.441e-11,3.449e-10,2.954e-09
7.50,2.50,9.401772e-13,9.401772e-13,9.401772e-13,9.401772e-13,9.401772e-13,9.401772e-13,9.401772e-13,9.401772e-13,9.401772e-13,5.932e-10,5.932e-10,5.491e-10,1.435e-09,9.926e-10,5.491e-10,9.762e-10,2.232e-10,4.998e-09
7.50,3.00,9.401772e-13,9.401772e-13,9.401772e-13,9.401772e-13,9.401772e-13,9.401772e-13,9.401772e-13,9.401772e-13,9.401772e-13,2.256e-10,1.982e-10,4.723e-10,7.517e-10,4.863e-10,4.944e-10,1.579e-11,2.226e-10,1.994e-09
7.50,3.50,9.401772e-13,9.401772e-13,9.401772e-13,9.401772e-13,9.401772e-13,9.401772e-13,9.401772e-13,9.401772e-13,9.401772e-13,1.941e-08,1.949e-08,2.681e-10,2.334e-10,5.597e-10,2.787e-10,5.083e-11,5.235e-10,2.376e-09
7.50,4.00,9.401772e-13,9.401772e-13,9.401772e-13,9.401772e-13,9.401772e-13,9.401772e-13,9.401772e-13,9.401772e-13,9.401772e-13,7.010e-10,8.971e-10,6.661e-10,7.503e-10,8.023e-10,7.551e-10,3.031e-10,1.595e-09,2.202e-09
7.50,4.50,9.401772e-13,9.401772e-13,9.401772e-13,9.401772e-13,9.401772e-13,9.401772e-13,9.401772e-13,9.401772e-13,9.401772e-13,8.042e-10,3.202e-10,4.629e-10,9.451e-10,8.983e-10,1.220e-09,8.422e-10,7.593e-10,2.378e-09
7.50,5.00,9.401772e-13,9.401772e-13,9.401772e-13,9.401772e-13,9.401772e-13,9.401772e-13,9.401772e-13,9.401772e-13,9.401772e-13,6.114e-10,8.376e-10,2.790e-10,6.376e-10,5.371e-10,4.892e-10,2.045e-10,8.027e-10,4.067e-09
7.50,5.50,9.401772e-13,9.401772e-13,9.401772e-13,9.401772e-13,9.401772e-13,9.401772e-13,9.401772e-13,9.401772e-13,9.401772e-13,1.182e-09,6.478e-10,1.103e-09,8.103e-10,9.295e-10,1.097e-09,8.757e-10,1.440e-09,2.800e-09
7.50,6.00,9.401772e-13,9.401772e-13,9.401772e-13,9.401772e-13,9.401772e-13,9.401772e-13,9.401772e-13,9.401772e-13,9.401772e-13,1.045e-10,7.471e-10,8.890e-10,4.911e-10,1.018e-10,7.640e-10,9.385e-10,3.872e-10,1.734e-09
7.50,6.50,9.401772e-13,9.401772e-13,9.401772e-13,9.401772e-13,9.401772e-13,9.401772e-13,9.401772e-13,9.401772e-13,9.401772e-13,6.296e-11,1.786e-10,6.925e-11,3.599e-10,1.471e-10,9.195e-11,4.866e-10,3.364e-10,2.714e-09
7.50,7.00,9.401772e-13,9.401772e-13,9.401772e-13,9.401772e-13,9.401772e-13,9.401772e-13,9.401772e-13,9.401772e-13,9.401772e-13,4.702e-11,3.467e-10,5.207e-10,3.068e-10,1.143e-09,2.664e-10,2.176e-10,5.801e-10,2.797e-09
7.50,7.50,9.401772e-13,9.401772e-13,9.401772e-13,9.401772e-13,9.401772e-13,9.401772e-13,9.401772e-13,9.401772e-13,9.401772e-13,8.608e-10,4.883e-10,6.554e-10,5.017e-10,6.940e-10,3.465e-10,6.449e-10,5.745e-10,1.450e-09
7.50,8.00,9.401772e-13,9.401772e-13,9.401772e-13,9.401772e-13,9.401772e-13,9.401772e-13,9.401772e-13,9.401772e-13,9.401772e-13,1.432e-09,1.621e-09,6.276e-10,1.584e-09,9.633e-10,7.925e-10,1.808e-09,9.290e-10,2.629e-09
8.00,-8.00,9.401772e-13,9.401772e-13,9.401772e-13,9.401772e-13,9.401772e-13,9.401772e-13,9.401772e-13,9.401772e-13,9.401772e-13,9.555e-10,9.555e-10,9.582e-10,1.061e-09,1.101e-09,9.582e-10,9.403e-10,1.028e-09,1.123e-09
8.00,-7.50,9.401772e-13,9.401772e-13,9.401772e-13,9.401772e-13,9.401772e-13,9.401772e-13,9.401772e-13,9.401772e-13,9.401772e-13,8.890e-11,8.890e-11,2.456e-10,1.745e-10,2.689e-10,2.456e-10,2.673e-10,3.087e-10,1.048e-09
8.00,-7.00,9.401772e-13,9.401772e-13,9.401772e-13,9.401772e-13,9.401772e-13,9.401772e-13,9.401772e-13,9.401772e-13,9.401772e-13,8.303e-10,8.303e-10,1.037e-09,8.341e-10,9.990e-10,1.037e-09,9.116e-10,6.194e-10,2.287e-09
8.00,-6.50,9.401772e-13,9.401772e-13,9.401772e-13,9.401772e-13,9.401772e-13,9.401772e-13,9.401772e-13,9.401772e-13,9.401772e-13,2.748e-10,2.748e-10,2.893e-10,9.305e-11,2.711e-10,2.893e-10,6.473e-11,6.230e-11,2.268e-09
8.00,-6.00,9.401772e-13,9.401772e-13,9.401772e-13,9.401772e-13,9.401772e-13,9.401772e-13,9.401772e-13,9.401772e-13,9.401772e-13,3.611e-10,3.611e-10,7.328e-10,5.145e-10,5.893e-10,7.328e-10,3.107e-10,2.919e-10,1.328e-09
8.00,-5.50,9.401772e-13,9.401772e-13,9.401772e-13,9.401772e-13,9.401772e-13,9.401772e-13,9.401772e-13,9.401772e-13,9.401772e-13,4.748e-10,4.748e-10,7.732e-10,4.588e-10,1.104e-09,7.732e-10,1.033e-09,9.037e-10,1.114e-09
8.00,-5.00,9.401772e-13,9.401772e-13,9.401772e-13,9.401772e-13,9.401772e-13,9.401772e-13,9.401772e-13,9.401772e-13,9.401772e-13,1.948e-10,1.948e-10,3.970e-10,3.491e-10,4.221e-10,3.970e-10,3.992e-10,2.575e-10,1.817e-09
8.00,-4.50,9.401772e-13,9.401772e-13,9.401772e-13,9.401772e-13,9.401772e-13,9.401772e-13,9.401772e-13,9.401772e-13,9.401772e-13,4.201e-11,4.201e-11,3.387e-10,1.335e-10,4.491e-10,3.387e-10,8.774e-12,5.185e-10,2.099e-09
8.00,-4.00,9.401772e-13,9.401772e-13,9.401772e-13,9.401772e-13,9.401772e-13,9.401772e-13,9.401772e-13,9.401772e-13,9.401772e-13,1.519e-10,1.519e-10,2.328e-10,3.654e-11,9.140e-11,2.328e-10,2.148e-15,8.198e-11,1.609e-09
8.00,-3.50,9.401772e-13,9.401772e-13,9.401772e-13,9.401772e-13,9.401772e-13,9.401772e-13,9.401772e-13,9.401772e-13,9.401772e-13,6.617e-10,6.617e-10,1.112e-09,8.592e-10,8.407e-10,1.112e-09,9.674e-10,6.908e-10,3.688e-09
8.00,-3.00,9.401772e-13,9.401772e-13,9.401772e-13,9.401772e-13,9.401772e-13,9.401772e-13,9.401772e-13,9.401772e-13,9.401772e-13,6.562e-10,6.562e-10,5.576e-10,3.142e-10,6.334e-10,5.576e-10,1.744e-10,4.832e-10,1.722e-09
8.00,-2.50,9.401772e-13,9.401772e-13,9.401772e-13,9.401772e-13,9.401772e-13,9.401772e-13,9.401772e-13,9.401772e-13,9.401772e-13,2.536e-10,2.536e-10,1.154e-10,6.866e-11,2.416e-10,1.154e-10,2.292e-10,5.867e-10,1.981e-09
8.00,-2.00,9.401772e-13,9.401772e-13,9.401772e-13,9.401772e-13,9.401772e-13,9.401772e-13,9.401772e-13,9.401772e-13,9.401772e-13,9.605e-11,9.605e-11,2.485e-10,2.666e-10,5.343e-10,2.485e-10,6.580e-10,2.404e-11,3.172e-09
8.00,-1.50,9.401772e-13,9.401772e-13,9.401772e-13,9.401772e-13,9.401772e-13,9.401772e-13,9.401772e-13,9.401772e-13,9.401772e-13,8.053e-10,8.053e-10,7.248e-10,4.943e-10,5.501e-10,7.248e-10,1.953e-10,7.125e-10,2.453e-09
8.00,-1.00,9.401772e-13,9.401772e-13,9.401772e-13,9.401772e-13,9.401772e-13,9.401772e-13,9.401772e-13,9.401772e-13,9.401772e-13,1.519e-09,1.519e-09,1.287e-09,1.021e-09,1.022e-09,1.287e-09,1.276e-09,1.254e-09,2.782e-09
8.00,-0.50,9.401772e-13,9.401772e-13,9.401772e-13,9.401772e-13,9.401772e-13,9.401772e-13,9.401772e-13,9.401772e-13,9.401772e-13,9.297e-11,9.297e-11,6.122e-11,1.615e-10,1.224e-10,6.122e-11,7.095e-11,4.171e-10,1.081e-09
8.00,0.00,9.401772e-13,9.401772e-13,9.401772e-13,9.401772e-13,9.401772e-13,9.401772e-13,9.401772e-13,9.401772e-13,9.401772e-13,1.433e-09,1.433e-09,1.649e-09,1.209e-09,1.704e-09,1.649e-09,1.055e-09,1.915e-09,2.856e-09
8.00,0.50,9.401772e-13,9.401772e-13,9.401772e-13,9.401772e-13,9.401772e-13,9.401772e-13,9.401772e-13,9.401772e-13,9.401772e-13,3.386e-10,3.386e-10,7.475e-10,3.569e-10,2.265e-10,7.475e-10,4.296e-10,9.801e-12,1.582e-09
8.00,1.00,9.401772e-13,9.401772e-13,9.401772e-13,9.401772e-13,9.401772e-13,9.401772e-13,9.401772e-13,9.401772e-13,9.401772e-13,7.219e-10,7.219e-10,1.261e-09,6.626e-10,3.966e-10,1.261e-09,1.884e-11,1.043e-09,2.673e-09
8.00,1.50,9.401772e-13,9.401772e-13,9.401772e-13,9.401772e-13,9.401772e-13,9.401772e-13,9.401772e-13,9.401772e-13,9.401772e-13,4.756e-10,4.756e-10,6.101e-10,7.093e-10,5.922e-10,6.101e-10,6.066e-10,4.045e-10,2.646e-09
8.00,2.00,9.401772e-13,9.401772e-13,9.401772e-13,9.401772e-13,9.401772e-13,9.401772e-13,9.401772e-13,9.401772e-13,9.401772e-13,5.442e-10,5.442e-10,1.542e-10,6.764e-10,9.107e-10,1.542e-10,3.960e-10,6.932e-10,3.013e-09
8.00,2.50,9.401772e-13,9.401772e-13,9.401772e-13,9.401772e-13,9.401772e-13,9.401772e-13,9.401772e-13,9.401772e-13,9.401772e-13,6.348e-10,6.348e-10,4.218e-10,7.371e-10,5.982e-10,4.218e-10,1.049e-09,5.463e-10,3.486e-09
8.00,3.00,9.401772e-13,9.401772e-13,9.401772e-13,9.401772e-13,9.401772e-13,9.401772e-13,9.401772e-13,9.401772e-13,9.401772e-13,3.017e-11,1.342e-10,1.386e-10,7.655e-11,1.086e-10,1.536e-11,1.132e-11,1.465e-10,2.477e-09
8.00,3.50,9.401772e-13,9.401772e-13,9.401772e-13,9.401772e-13,9.401772e-13,9.401772e-13,9.401772e-13,9.401772e-13,9.401772e-13,9.153e-10,1.054e-09,7.023e-10,8.855e-10,9.649e-10,6.137e-10,6.024e-10,1.111e-09,1.581e-09
8.00,4.00,9.401772e-13,9.401772e-13,9.401772e-13,9.401772e-13,9.401772e-13,9.401772e-13,9.401772e-13,9.401772e-13,9.401772e-13,5.694e-10,7.637e-10,8.941e-10,7.229e-10,1.051e-09,1.127e-09,5.075e-10,2.063e-10,2.213e-09
8.00,4.50,9.401772e-13,9.401772e-13,9.401772e-13,9.401772e-13,9.401772e-13,9.401772e-13,9.401772e-13,9.401772e-13,9.401772e-13,8.052e-10,5.374e-10,6.773e-10,6.281e-10,6.596e-10,7.568e-10,5.593e-10,6.392e-10,1.368e-09
8.00,5.00,9.401772e-13,9.401772e-13,9.401772e-13,9.401772e-13,9.401772e-13,9.401772e-13,9.401772e-13,9.401772e-13,9.401772e-13,1.183e-10,2.062e-11,2.671e-10,2.249e-12,8.412e-11,1.933e-10,1.287e-10,9.150e-11,2.850e-09
8.00,5.50,9.401772e-13,9.401772e-13,9.401772e-13,9.401772e-13,9.401772e-13,9.401772e-13,9.401772e-13,9.401772e-13,9.401772e-13,3.576e-10,7.015e-10,5.379e-10,3.693e-10,5.225e-10,3.037e-10,1.912e-10,6.906e-10,2.935e-09
8.00,6.00,9.401772e-13,9.401772e-13,9.401772e-13,9.401772e-13,9.401772e-13,9.401772e-13,9.401772e-13,9.401772e-13,9.401772e-13,6.725e-10,4.365e-10,5.264e-10,8.678e-11,1.876e-10,3.831e-10,5.274e-10,9.121e-11,2.946e-09
8.00,6.50,9.401772e-13,9.401772e-13,9.401772e-13,9.401772e-13,9.401772e-13,9.401772e-13,9.401772e-13,9.401772e-13,9.401772e-13,2.247e-09,1.601e-09,1.408e-09,1.193e-09,1.495e-09,1.788e-09,2.418e-09,1.782e-09,2.028e-09
8.00,7.00,9.401772e-13,9.401772e-13,9.401772e-13,9.401772e-13,9.401772e-13,9.401772e-13,9.401772e-13,9.401772e-13,9.401772e-13,1.711e-10,1.172e-11,1.710e-12,2.649e-10,4.009e-11,3.770e-10,2.652e-10,5.478e-10,4.223e-09
8.00,7.50,9.401772e-13,9.401772e-13,9.401772e-13,9.401772e-13,9.401772e-13,9.401772e-13,9.401772e-13,9.401772e-13,9.401772e-13,4.923e-11,7.391e-10,2.987e-10,2.176e-10,1.757e-11,1.913e-10,3.142e-10,8.733e-10,2.976e-09
8.00,8.00,9.401772e-13,9.401772e-13,9.401772e-13,9.401772e-13,9.401772e-13,9.401772e-13,9.401772e-13,9.401772e-13,9.401772e-13,4.088e-10,2.523e-10,1.075e-10,4.407e-10,1.064e-09,3.542e-11,2.643e-10,2.065e-11,2.306e-09
