CI2	.github/workflows/ci-linux.yml
CI2	.github/workflows/ci-windows.yml
CI2	.github/workflows/fatduck-admin.yml
CI2	.github/workflows/fatduck.yml
CI2	ci/INVENTORY_REPORT.md
CI2	ci/WORKFLOW_BINDING_AUDIT.md
CI2	ci/actions.lock.json
CI2	ci/bootstrap.py
CI2	ci/check_version.py
CI2	ci/checks.json
CI2	ci/checks.schema.json
CI2	ci/ci_repair_round.py
CI2	ci/ci_result.schema.json
CI2	ci/ctest_baseline.json
CI2	ci/impact_map.json
CI2	ci/known_failures.json
CI2	ci/prepare_linux_fixtures.py
CI2	ci/reconcile_state.py
CI2	ci/resource_monitor.py
CI2	ci/root_manifest.json
CI2	ci/run.py
CI2	ci/select_candidate.py
CI2	ci/select_profile.py
CI2	ci/steps/collect_bootstrap_diag.py
CI2	ci/steps/linux_build_root_graph.sh
CI2	ci/steps/linux_prepare_fixtures.sh
CI2	ci/tests/__init__.py
CI2	ci/tests/_helpers.py
CI2	ci/tests/test_bootstrap_utf8.py
CI2	ci/tests/test_ci001_failclosed.py
CI2	ci/tests/test_ci001b_binding.py
CI2	ci/tests/test_ci001b_wf_step.py
CI2	ci/tests/test_ci_repair_round.py
CI2	ci/tests/test_ctest_registration.py
CI2	ci/tests/test_deep_profiles.py
CI2	ci/tests/test_fatduck_workflow.py
CI2	ci/tests/test_gap4_empty_outputs_guard.py
CI2	ci/tests/test_impact_map.py
CI2	ci/tests/test_negative_guards.py
CI2	ci/tests/test_resource_monitor_shim.py
CI2	ci/tests/test_resource_probe.py
CI2	ci/tests/test_run_monitored.py
CI2	ci/tests/test_run_prefix_probe.py
CI2	ci/tests/test_runner_contract.py
CI2	ci/tests/test_runner_execution.py
CI2	ci/tests/test_runner_selection.py
CI2	ci/tests/test_verify_remote_run.py
CI2	ci/tests/test_windows_ci.py
CI2	ci/tests/test_workflow_lock.py
CI2	ci/toolchain.lock.json
CI2	ci/toolchain.policy.json
CI2	ci/validate_candidate.py
CI2	ci/validate_registry.py
CI2	ci/validate_workflow_binding.py
CI2	ci/verify_actions_lock.py
CI2	ci/verify_ciqa_report.py
CI2	ci/verify_remote_run.py
CI2	ci/verify_toolchain.py
CI2	ci/verify_workspace_adoption.py
CI2	ci/wf_step.py
CI2	ci/workflow_binding.json
DATA	cmake/astrocs.product.windows.json.in
DATA	cmake/cfitsio_sources.cmake
DATA	cmake/install_layout.cmake
DATA	cmake/qa_coverage_report.sh
DATA	cmake/toolchain/verify_toolchain.py
DATA	cmake/win32_pthread_shim/pthread.h
DATA	cmake/win32_pthread_shim/unistd.h
DATA	contracts/config/cli_modules_list.schema.json
DATA	contracts/config/cli_selftest.schema.json
DATA	contracts/config/module_dll_contract.schema.json
DATA	contracts/config/module_lifecycle_contract.schema.json
DATA	contracts/data/aio_abi_contract_v1.json
DATA	contracts/data/artifact_manifest.schema.json
DATA	contracts/data/artifact_types.registry.json
DATA	contracts/data/examples/external_fixture_hips.example.json
DATA	contracts/data/examples/frame_hips_manifest.example.json
DATA	contracts/data/examples/phase1_product_v1.example.json
DATA	contracts/data/examples/phase2_mosaic_v1.example.json
DATA	contracts/data/examples/phase3_planar_fits_v1.example.json
DATA	contracts/data/examples/v6/covariance.example.json
DATA	contracts/data/examples/v6/effective-psf.example.json
DATA	contracts/data/examples/v6/phase3.example.json
DATA	contracts/data/examples/v6/point-information.example.json
DATA	contracts/data/examples/v6/provenance.example.json
DATA	contracts/data/examples/v6/psf.example.json
DATA	contracts/data/examples/v6/psfsw.example.json
DATA	contracts/data/examples/v6/signal.example.json
DATA	contracts/data/examples/v6/units.example.json
DATA	contracts/data/examples/v6/weight-mode.example.json
DATA	contracts/data/phase2_uncertainty_rejection_provenance_v1.json
DATA	contracts/data/phase_product_exchange.schema.json
DATA	contracts/data/phase_product_exchange_matrix.json
DATA	contracts/data/v6_data_dictionary_v1.json
DATA	contracts/data/v6_migration_map_v1.json
DATA	contracts/data/v6_weight_vocabulary_v1.json
DATA	contracts/proposals/v6/data/astrocs.v6.covariance.v1.schema.json
DATA	contracts/proposals/v6/data/astrocs.v6.data-design-catalog.v1.json
DATA	contracts/proposals/v6/data/astrocs.v6.effective-psf.v1.schema.json
DATA	contracts/proposals/v6/data/astrocs.v6.phase3.v1.schema.json
DATA	contracts/proposals/v6/data/astrocs.v6.point-information.v1.schema.json
DATA	contracts/proposals/v6/data/astrocs.v6.provenance.v1.schema.json
DATA	contracts/proposals/v6/data/astrocs.v6.psf.v1.schema.json
DATA	contracts/proposals/v6/data/astrocs.v6.psfsw.v1.schema.json
DATA	contracts/proposals/v6/data/astrocs.v6.signal.v1.schema.json
DATA	contracts/proposals/v6/data/astrocs.v6.units.v1.schema.json
DATA	contracts/proposals/v6/data/astrocs.v6.weight-mode.v1.schema.json
DATA	contracts/proposals/v6/data/examples/effective-psf.example.json
DATA	contracts/proposals/v6/data/examples/phase3.example.json
DATA	contracts/proposals/v6/data/examples/point-information.example.json
DATA	contracts/proposals/v6/data/examples/provenance.example.json
DATA	contracts/proposals/v6/data/examples/psfsw.example.json
DATA	contracts/proposals/v6/data/examples/signal.example.json
DATA	contracts/schemas/contract_index.schema.json
DATA	contracts/schemas/cpu_profile.schema.json
DATA	contracts/schemas/hardware_inspect.schema.json
DATA	contracts/schemas/jsonl_event_v1.schema.json
DATA	contracts/schemas/task_result.schema.json
DATA	contracts/schemas/traceability_matrix.schema.json
DATA	contracts/schemas/v6/astrocs.v6.covariance.v1.schema.json
DATA	contracts/schemas/v6/astrocs.v6.effective-psf.v1.schema.json
DATA	contracts/schemas/v6/astrocs.v6.phase3.v1.schema.json
DATA	contracts/schemas/v6/astrocs.v6.point-information.v1.schema.json
DATA	contracts/schemas/v6/astrocs.v6.provenance.v1.schema.json
DATA	contracts/schemas/v6/astrocs.v6.psf.v1.schema.json
DATA	contracts/schemas/v6/astrocs.v6.psfsw.v1.schema.json
DATA	contracts/schemas/v6/astrocs.v6.signal.v1.schema.json
DATA	contracts/schemas/v6/astrocs.v6.units.v1.schema.json
DATA	contracts/schemas/v6/astrocs.v6.weight-mode.v1.schema.json
DATA	contracts/schemas/version.schema.json
DATA	packaging/README.md
DATA	packaging/astrocs.product.json
DATA	packaging/dependency-lock.json
DATA	packaging/gen_sbom_input.py
DATA	packaging/install-tree.contract.json
DATA	packaging/launch/demo_gc.json
DATA	packaging/launch/start_browser.ps1
DATA	packaging/licenses/CFITSIO_LICENSE.txt
DATA	packaging/licenses/LICENSE-INDEX.txt
DATA	packaging/licenses/nlohmann_json.MIT.txt
DATA	packaging/schemas/astrocs-product.schema.json
DATA	packaging/schemas/dependency-lock.schema.json
DATA	packaging/schemas/install-tree-contract.schema.json
DATA	packaging/schemas/preset-contract.json
DATA	packaging/verify_install_tree.py
DATA	packaging/windows/.vsconfig
DATA	packaging/windows/README.md
DATA	testdata/index.json
DOC1	docs/algorithms/ACR_EQUIVALENCE.md
DOC1	docs/algorithms/CALIBRATION_ALGORITHMS.md
DOC1	docs/algorithms/COSMETIC_ALGORITHMS.md
DOC1	docs/algorithms/DRIZZLE_GEOMETRY.md
DOC1	docs/algorithms/GAIA_QUERY.md
DOC1	docs/algorithms/HEALPIX_MAPPING.md
DOC1	docs/algorithms/HIPS_WRITER.md
DOC1	docs/algorithms/INTEGRATION_ALGORITHMS.md
DOC1	docs/algorithms/NOISE_ESTIMATION.md
DOC1	docs/algorithms/PHASE2_COVERAGE.md
DOC1	docs/algorithms/PHASE2_INTEGRATION.md
DOC1	docs/algorithms/PHASE2_MOSAIC_WRITE.md
DOC1	docs/algorithms/PHASE2_REJECTION.md
DOC1	docs/algorithms/PHASE2_SAMPLER.md
DOC1	docs/algorithms/PHASE2_SESSION.md
DOC1	docs/algorithms/PHASE2_UPM_IMPL.md
DOC1	docs/algorithms/PHASE3_FITS_IMPL.md
DOC1	docs/algorithms/PHASE3_PROJ_IMPL.md
DOC1	docs/algorithms/PHASE3_RESAMPLE.md
DOC1	docs/algorithms/PHASE3_RSMP_IMPL.md
DOC1	docs/algorithms/PHOTOMETRIC_FIT.md
DOC1	docs/algorithms/PLATESOLVE.md
DOC1	docs/algorithms/REJECTION_ALGORITHMS.md
DOC1	docs/algorithms/STAR_DETECTION_ALGORITHMS.md
DOC1	docs/algorithms/STAR_PSF_ALGORITHMS.md
DOC1	docs/algorithms/UPM_SOLVER.md
DOC1	docs/algorithms/anchors/ANCHOR_CONTRACT.md
DOC1	docs/algorithms/anchors/anchor_contract.json
DOC1	docs/algorithms/anchors/check_doc_line_anchors.py
DOC1	docs/algorithms/v6/frozen/00_README.md
DOC1	docs/algorithms/v6/frozen/01_NUMERIC_THRESHOLD_FREEZE.md
DOC1	docs/algorithms/v6/frozen/02_GATE_AND_MUTATION_FREEZE.md
DOC1	docs/algorithms/v6/phase1/ALG_P1_001_PHASE1_ALGORITHM_SPEC.md
DOC1	docs/algorithms/v6/phase1/ALG_P1_001_TEST_MATRIX.md
DOC1	docs/algorithms/v6/phase1/EVIDENCE.md
DOC1	docs/algorithms/v6/phase1/README.md
DOC1	docs/algorithms/v6/phase1/alg_p1_001_spec.json
DOC1	docs/algorithms/v6/phase1/alg_p1_001_test_matrix.json
DOC1	docs/algorithms/v6/phase1/tools/verify_alg_p1_001.py
DOC1	docs/algorithms/v6/phase2-point/ALG-P2-POINT-001_GATES.md
DOC1	docs/algorithms/v6/phase2-point/ALG-P2-POINT-001_SPEC.md
DOC1	docs/algorithms/v6/phase2-point/README.md
DOC1	docs/algorithms/v6/phase2-psfsw/PSFSW_ALGORITHM_SPEC.md
DOC1	docs/algorithms/v6/phase2-psfsw/PSFSW_BASELINE_COMPARISON.md
DOC1	docs/algorithms/v6/phase2-psfsw/PSFSW_FROZEN_THRESHOLDS.md
DOC1	docs/algorithms/v6/phase2-psfsw/PSFSW_GATES_AND_MUTATIONS.md
DOC1	docs/algorithms/v6/phase2-psfsw/README.md
DOC1	docs/algorithms/v6/phase2-surface/ALG-P2-SURF-COVARIANCE-EPSF.md
DOC1	docs/algorithms/v6/phase2-surface/ALG-P2-SURF-GLS.md
DOC1	docs/algorithms/v6/phase2-surface/ALG-P2-SURF-PIXIVAR-GATE.md
DOC1	docs/algorithms/v6/phase2-surface/ALG-P2-SURF-REJECTION.md
DOC1	docs/algorithms/v6/phase2-surface/ALG-P2-SURF-UPM.md
DOC1	docs/algorithms/v6/phase2-surface/ALG-P2-SURF-VERIFICATION.md
DOC1	docs/algorithms/v6/phase2-surface/README.md
DOC1	docs/algorithms/v6/phase3/ALG-P3-001_KERNEL_REGISTRY.md
DOC1	docs/algorithms/v6/phase3/ALG-P3-001_SPEC.md
DOC1	docs/algorithms/v6/phase3/ALG-P3-001_VERIFICATION.md
DOC1	docs/algorithms/v6/phase3/README.md
DOC1	docs/science/ACR_EQUIVALENCE.md
DOC1	docs/science/ASTROMETRY.md
DOC1	docs/science/CALIBRATION.md
DOC1	docs/science/CONTROL_WEIGHT_SNR.md
DOC1	docs/science/DRIZZLE.md
DOC1	docs/science/INTEGRATION.md
DOC1	docs/science/NOISE_MODEL.md
DOC1	docs/science/PHASE2_UPM.md
DOC1	docs/science/PHASE3_HIPS_TO_FITS.md
DOC1	docs/science/PHOTOMETRY.md
DOC1	docs/science/PSF.md
DOC1	docs/science/PSF_SIGNAL_WEIGHT.md
DOC1	docs/science/REJECTION.md
DOC1	docs/science/SCIENCE_SCOPE.md
DOC1	docs/science/STAR_DETECTION.md
DOC1	docs/science/UNCERTAINTY_AND_COVARIANCE.md
DOC1	docs/science/UNIFIED_SCIENCE_MODEL.md
DOC1	docs/science/v6/adjudication/README.md
DOC1	docs/science/v6/adjudication/SCI-ADJ-001_CONFLICT_MATRIX.md
DOC1	docs/science/v6/adjudication/SCI-ADJ-001_FREEZE_LIST.md
DOC1	docs/science/v6/frozen/00_README.md
DOC1	docs/science/v6/frozen/01_SEMANTIC_FREEZE.md
DOC1	docs/science/v6/frozen/02_SIGNOFF_CONTROLLER_SUPERSEDED.md
DOC1	docs/science/v6/observation/OBSERVATION_MODEL_REVIEW.md
DOC1	docs/science/v6/phase2/COVARIANCE_AND_EFFECTIVE_PSF.md
DOC1	docs/science/v6/phase2/README.md
DOC1	docs/science/v6/phase2/SCI-P2-001_THREE_MODE_REVIEW.md
DOC1	docs/science/v6/phase2/VERIFICATION_AND_EVIDENCE.md
DOC1	docs/science/v6/phase2/WEIGHT_PROVENANCE_GATE.md
DOC1	docs/science/v6/phase3/PHASE3_PROPAGATION_REVIEW.md
DOC1	docs/science/v6/psfw/PSFW_FREEZE_RESEARCH.md
DOC2	docs/plugins/00_INDEX.md
DOC2	docs/plugins/algorithms_phase1/01_calibration.md
DOC2	docs/plugins/algorithms_phase1/02_cosmetic.md
DOC2	docs/plugins/algorithms_phase1/03_star_detection.md
DOC2	docs/plugins/algorithms_phase1/04_psf.md
DOC2	docs/plugins/algorithms_phase1/05_platesolve.md
DOC2	docs/plugins/algorithms_phase1/06_photometry.md
DOC2	docs/plugins/algorithms_phase1/07_noise_snr.md
DOC2	docs/plugins/algorithms_phase1/08_drizzle.md
DOC2	docs/plugins/algorithms_phase2/09_coverage.md
DOC2	docs/plugins/algorithms_phase2/10_sampling.md
DOC2	docs/plugins/algorithms_phase2/11_upm.md
DOC2	docs/plugins/algorithms_phase2/12_rejection.md
DOC2	docs/plugins/algorithms_phase2/13_integration.md
DOC2	docs/plugins/algorithms_phase3/14_projection.md
DOC2	docs/plugins/algorithms_phase3/15_resample.md
DOC2	docs/plugins/algorithms_phase3/16_fits_output.md
DOC2	docs/plugins/infrastructure/17_aio.md
DOC2	docs/plugins/infrastructure/18_cli.md
DOC2	docs/plugins/infrastructure/19_runtime.md
DOC2	docs/plugins/infrastructure/20_benchmark.md
DOC2	docs/plugins/infrastructure/21_observability.md
DOC2	docs/plugins/infrastructure/22_gaia_xpsd_client.md
DOC2	docs/plugins/infrastructure/23_hips_browser.md
DOC3	docs/API_REFERENCE.md
DOC3	docs/ARCHITECTURE.md
DOC3	docs/DEVELOPER_GUIDE.md
DOC3	docs/DOCUMENT_INDEX.yaml
DOC3	docs/GLOSSARY.md
DOC3	docs/KNOWN_LIMITATIONS.md
DOC3	docs/README-DOCS.md
DOC3	docs/RELEASE_STATUS.md
DOC3	docs/TRACEABILITY.csv
DOC3	docs/TROUBLESHOOTING.md
DOC3	docs/VERSIONING.md
DOC3	docs/api/CLI_PROTOCOL_V1.md
DOC3	docs/api/COMMON_ABI_V1.md
DOC3	docs/api/MANIFEST_VERIFY_V1.md
DOC3	docs/api/PHASE1_API_V1.md
DOC3	docs/api/PHASE2_API_V1.md
DOC3	docs/api/PHASE3_API_V1.md
DOC3	docs/architecture/ARCHITECTURE.md
DOC3	docs/architecture/ASYNC_IO_CONTRACT.md
DOC3	docs/architecture/BUILD_GRAPH.md
DOC3	docs/architecture/CACHE_POLICY.md
DOC3	docs/architecture/COMPATIBILITY_POLICY.md
DOC3	docs/architecture/CPU_BACKEND_ARCH.md
DOC3	docs/architecture/DATA_FLOW.md
DOC3	docs/architecture/DEPENDENCY_RULES.md
DOC3	docs/architecture/ERROR_MODEL.md
DOC3	docs/architecture/EXECUTION_MODEL.md
DOC3	docs/architecture/IO_AND_ATOMICITY.md
DOC3	docs/architecture/ISA_BIT_MANIP_VARIANTS.md
DOC3	docs/architecture/ISA_VARIANTS.md
DOC3	docs/architecture/MODULE_MAP.md
DOC3	docs/architecture/OWNERSHIP_AND_LIFETIME.md
DOC3	docs/architecture/PERFORMANCE_MODEL.md
DOC3	docs/architecture/PHASE3_MODULE_ARCH.md
DOC3	docs/architecture/PIPELINE.md
DOC3	docs/architecture/PRODUCTION_EXECUTION_INVENTORY.csv
DOC3	docs/architecture/THREADING_MODEL.md
DOC3	docs/architecture/THREAD_BUDGET_ARCH.md
DOC3	docs/architecture/abi/ABI_003_SECURE_LOADER.md
DOC3	docs/architecture/api_inventory.csv
DOC3	docs/architecture/cpu/CPU_001_CAPABILITY_PROBE.md
DOC3	docs/architecture/cpu/CPU_003_AVX2_PROVIDER.md
DOC3	docs/architecture/execution_inventory.csv
DOC3	docs/architecture/execution_options_contract.md
DOC3	docs/architecture/observability/RESOURCE_MONITORING_CONTRACT.md
DOC3	docs/architecture/observability/RUN_GRAPH_CONTRACT.md
DOC3	docs/architecture/observability/STRUCTURED_LOGGING_CONTRACT.md
DOC3	docs/architecture/production_call_paths_stage1.csv
DOC3	docs/architecture/production_call_paths_stage2.csv
DOC3	docs/archive/PRE_RELEASE_EVIDENCE_INDEX.md
DOC3	docs/archive/history/README.md
DOC3	docs/archive/history/memory_V18R2-V19_operational_log_2026-08-21.md
DOC3	docs/archive/history/v19/ARCHITECTURE.md
DOC3	docs/archive/history/v19/BUILD_RELEASE.md
DOC3	docs/archive/history/v19/CONFIG_REFERENCE.md
DOC3	docs/archive/history/v19/DATA_CONTRACTS.md
DOC3	docs/archive/history/v19/DIAGNOSTICS.md
DOC3	docs/archive/history/v19/DRIZZLE.md
DOC3	docs/archive/history/v19/ERROR_TAXONOMY.md
DOC3	docs/archive/history/v19/MODULE_INDEX.md
DOC3	docs/archive/history/v19/PERFORMANCE.md
DOC3	docs/archive/history/v19/PHASE2.md
DOC3	docs/archive/history/v19/README.md
DOC3	docs/archive/history/v19/SCIENTIFIC_ALGORITHMS.md
DOC3	docs/archive/history/v19/SNR_NOISE_MODEL.md
DOC3	docs/archive/history/v19/TESTING_AND_ACCEPTANCE.md
DOC3	docs/archive/phase2_PRODUCTION_WIRING.md
DOC3	docs/archive/refactor/CLI_COMMAND_LAYER.md
DOC3	docs/archive/refactor/CLI_RUN_PRESET.md
DOC3	docs/archive/refactor/P1_SYMBOL_MAP.md
DOC3	docs/archive/refactor/P2_SYMBOL_MAP.md
DOC3	docs/archive/refactor/P3_STATUS.md
DOC3	docs/archive/review/ARCHITECTURE_OVERVIEW.md
DOC3	docs/archive/review/CHANGE_REVIEW.md
DOC3	docs/archive/review/PIPELINE_OVERVIEW.md
DOC3	docs/archive/review/RELEASE_STATUS.md
DOC3	docs/archive/review/SCIENCE_OVERVIEW.md
DOC3	docs/audit/doc_classification.csv
DOC3	docs/audit/inventory.csv
DOC3	docs/audit/risk_verification_T012.csv
DOC3	docs/backlog/NEXT_STAGE.md
DOC3	docs/browser/HIPS_BROWSER.md
DOC3	docs/ci/01_CHECKS.md
DOC3	docs/ci/02_PIPELINE.md
DOC3	docs/ci/03_GATES.md
DOC3	docs/ci/04_ARTIFACTS.md
DOC3	docs/ci/CI_SPEC.md
DOC3	docs/contracts/API-001.md
DOC3	docs/contracts/API_CONTRACTS.csv
DOC3	docs/contracts/ARCH-001.md
DOC3	docs/contracts/DATA_ARTIFACTS.md
DOC3	docs/contracts/DATA_SEMANTICS.md
DOC3	docs/contracts/INDEX.yaml
DOC3	docs/contracts/PUBLIC_API.md
DOC3	docs/contracts/RT-001.md
DOC3	docs/contracts/TEST_MATRIX.md
DOC3	docs/contracts/v6/W6_SCHEMA_INTEGRATION.md
DOC3	docs/contracts/v6/data/00_README.md
DOC3	docs/contracts/v6/data/01_units_and_bunit.md
DOC3	docs/contracts/v6/data/02_signal.md
DOC3	docs/contracts/v6/data/03_covariance.md
DOC3	docs/contracts/v6/data/04_psf_and_effective_psf.md
DOC3	docs/contracts/v6/data/05_point_information_and_weight_mode.md
DOC3	docs/contracts/v6/data/06_psfsw.md
DOC3	docs/contracts/v6/data/07_provenance.md
DOC3	docs/contracts/v6/data/08_phase3.md
DOC3	docs/contracts/v6/data/09_verification.md
DOC3	docs/contracts/v6/data/10_migration_and_open_items.md
DOC3	docs/contracts/v6/frozen/00_README.md
DOC3	docs/contracts/v6/frozen/01_DATA_CONTRACT_FREEZE.md
DOC3	docs/contracts/v6/frozen/02_WEIGHT_MODE_VOCABULARY.md
DOC3	docs/contracts/v6/frozen/astrocs.v6.contract-freeze.v1.json
DOC3	docs/design/PHASE1_DETAILED_DESIGN.md
DOC3	docs/design/PHASE2_DETAILED_DESIGN.md
DOC3	docs/design/PHASE3_DETAILED_DESIGN.md
DOC3	docs/design/UNIFIED_MODEL.md
DOC3	docs/development/CODE_STYLE.md
DOC3	docs/development/CONFIG_SCHEMA.md
DOC3	docs/development/TESTING.md
DOC3	docs/diagnostics/TROUBLESHOOTING.md
DOC3	docs/governance/VERSION_NAMESPACES.md
DOC3	docs/interfaces/data/DATA-002_PHASE_PRODUCT_EXCHANGE.md
DOC3	docs/interfaces/data/DATA-003_PRODUCTION_ARTIFACT_STORE.md
DOC3	docs/interfaces/data/DATA-004_PRODUCT_PROVENANCE.md
DOC3	docs/interfaces/io/IO_001_FITS_STREAM_INTERFACE.md
DOC3	docs/interfaces/io/IO_002_HIPS_INPUT_INTERFACE.md
DOC3	docs/interfaces/io/IO_003_ATOMIC_OUTPUT_PUBLISH.md
DOC3	docs/modules/acr.md
DOC3	docs/modules/astro_image_io.md
DOC3	docs/modules/calibration.md
DOC3	docs/modules/common.md
DOC3	docs/modules/dynamic_psf.md
DOC3	docs/modules/gaia_xpsd_client.md
DOC3	docs/modules/healpix_browser_qt.md
DOC3	docs/modules/healpix_drizzle.md
DOC3	docs/modules/hips_p2.md
DOC3	docs/modules/orchestrator.md
DOC3	docs/modules/phase1_session.md
DOC3	docs/modules/phase2.md
DOC3	docs/modules/phase2_int.md
DOC3	docs/modules/phase2_rej.md
DOC3	docs/modules/phase2_samp.md
DOC3	docs/modules/phase2_upm.md
DOC3	docs/modules/phase3_fits.md
DOC3	docs/modules/phase3_proj.md
DOC3	docs/modules/phase3_rsmp.md
DOC3	docs/modules/photometric_calib.md
DOC3	docs/modules/plate_solve.md
DOC3	docs/modules/registry/astrocs.phase1.calibration.md
DOC3	docs/modules/registry/astrocs.phase1.cosmetic.md
DOC3	docs/modules/registry/astrocs.phase1.drizzle.md
DOC3	docs/modules/registry/astrocs.phase1.hips-writer.md
DOC3	docs/modules/registry/astrocs.phase1.noise-snr.md
DOC3	docs/modules/registry/astrocs.phase1.photometry.md
DOC3	docs/modules/registry/astrocs.phase1.session.md
DOC3	docs/modules/registry/astrocs.phase1.star-detection.md
DOC3	docs/modules/registry/astrocs.phase1.star-psf.md
DOC3	docs/modules/registry/astrocs.phase1.wcs-platesolve.md
DOC3	docs/modules/registry/astrocs.phase1.writer.md
DOC3	docs/modules/registry/astrocs.phase2.coverage.md
DOC3	docs/modules/registry/astrocs.phase2.integrate.md
DOC3	docs/modules/registry/astrocs.phase2.reject.md
DOC3	docs/modules/registry/astrocs.phase2.resample.md
DOC3	docs/modules/registry/astrocs.phase2.sample.md
DOC3	docs/modules/registry/astrocs.phase2.session.md
DOC3	docs/modules/registry/astrocs.phase2.upm-apply.md
DOC3	docs/modules/registry/astrocs.phase2.upm-fit.md
DOC3	docs/modules/registry/astrocs.phase2.write.md
DOC3	docs/modules/registry/astrocs.phase3.properties.md
DOC3	docs/modules/registry/astrocs.phase3.resample.md
DOC3	docs/modules/registry/astrocs.phase3.resample2.md
DOC3	docs/modules/registry/astrocs.phase3.verify.md
DOC3	docs/modules/registry/astrocs.phase3.wcs.md
DOC3	docs/modules/registry/astrocs.phase3.writer.md
DOC3	docs/modules/snr_estimator.md
DOC3	docs/modules/star_detector.md
DOC3	docs/operations/TOOLCHAIN_AGENT_HOST.md
DOC3	docs/owner/ARCHITECTURE_OVERVIEW.md
DOC3	docs/owner/CHANGE_REVIEW.md
DOC3	docs/owner/PIPELINE_OVERVIEW.md
DOC3	docs/owner/PROJECT_SPEC.md
DOC3	docs/owner/RELEASE_STATUS.md
DOC3	docs/owner/SCIENCE_OVERVIEW.md
DOC3	docs/performance/BASELINE.md
DOC3	docs/performance/OPTIMIZATION.md
DOC3	docs/quality/complexity_baseline_v1.md
DOC3	docs/quality/coverage_baseline_v1.md
DOC3	docs/references/PHOTOMETRY_LITERATURE_REVIEW_ARCHIVE.md
DOC3	docs/references/SCIENTIFIC_REFERENCES.md
DOC3	docs/review/ARCHITECTURE_OVERVIEW.md
DOC3	docs/review/CHANGE_REVIEW.md
DOC3	docs/review/PIPELINE_OVERVIEW.md
DOC3	docs/review/RELEASE_STATUS.md
DOC3	docs/review/SCIENCE_OVERVIEW.md
DOC3	docs/standards/API_STANDARD.md
DOC3	docs/standards/BENCHMARK_STANDARD.md
DOC3	docs/standards/CODE_STANDARD.md
DOC3	docs/standards/COMMENT_STANDARD.md
DOC3	docs/standards/CONCURRENCY_STANDARD.md
DOC3	docs/standards/C_ABI_STANDARD.md
DOC3	docs/standards/DOCUMENTATION_STANDARD.md
DOC3	docs/standards/ERROR_HANDLING_STANDARD.md
DOC3	docs/standards/IO_STANDARD.md
DOC3	docs/standards/LOGGING_DIAGNOSTICS_STANDARD.md
DOC3	docs/standards/NUMERIC_STANDARD.md
DOC3	docs/standards/RELEASE_STANDARD.md
DOC3	docs/standards/STANDARDS_REGISTRY.md
DOC3	docs/standards/TEST_STANDARD.md
DOC3	docs/standards/checks/check_standards_registry.py
DOC3	docs/traceability/TRACEABILITY_LAYERS.csv
DOC3	docs/traceability/TRACEABILITY_MATRIX.csv
DOC3	docs/traceability/TRACEABILITY_MATRIX.json
DOC3	docs/traceability/TRACEABILITY_SPEC.md
DOC3	docs/validation/SCIENCE_FREEZE.md
DOC3	docs/validation/v6/BASELINE_COMPARISON_MATRIX.md
DOC3	docs/validation/v6/NEGATIVE_MUTATION_CATALOG.md
DOC3	docs/validation/v6/ORACLE_AND_ZERO_CASE_POLICY.md
DOC3	docs/validation/v6/P0_GATE_FAMILY.md
DOC3	docs/validation/v6/QA_MATRIX.md
DOC3	docs/validation/v6/README.md
LIB1	lib/calibration/.gitignore
LIB1	lib/calibration/CALIBRATION_PROCESS.md
LIB1	lib/calibration/CMakeLists.txt
LIB1	lib/calibration/Makefile
LIB1	lib/calibration/README.md
LIB1	lib/calibration/V6_CALIBRATION_COVARIANCE.md
LIB1	lib/calibration/batch_config.json
LIB1	lib/calibration/build.ps1
LIB1	lib/calibration/cpp/cosmetic_corrector.cpp
LIB1	lib/calibration/cpp/cosmetic_corrector.h
LIB1	lib/calibration/include/astro_calibration.h
LIB1	lib/calibration/include/astrocs/calibration/types.h
LIB1	lib/calibration/include/astrocs/calibration/v6_calibration_covariance.h
LIB1	lib/calibration/integration/astrocs_p1_calibration.integration.json
LIB1	lib/calibration/memory.md
LIB1	lib/calibration/module.yaml
LIB1	lib/calibration/src/ac_api.cpp
LIB1	lib/calibration/src/astrocs_p1_calibration.def
LIB1	lib/calibration/src/calibrator.cpp
LIB1	lib/calibration/src/cosmetic_corrector.cpp
LIB1	lib/calibration/src/dark_optimizer.cpp
LIB1	lib/calibration/src/master_generator.cpp
LIB1	lib/calibration/src/module_entry.cpp
LIB1	lib/calibration/src/module_exports.map
LIB1	lib/calibration/src/photometry_apply.cpp
LIB1	lib/calibration/src/photometry_apply.h
LIB1	lib/calibration/src/v6_calibration_covariance.cpp
LIB1	lib/calibration/tests/p1cal/CMakeLists.txt
LIB1	lib/calibration/tests/p1cal/p1cal_fixtures.hpp
LIB1	lib/calibration/tests/p1cal/p1cal_oracle.hpp
LIB1	lib/calibration/tests/p1cal/p1cal_test_main.hpp
LIB1	lib/calibration/tests/p1cal/p1cal_tests_core.cpp
LIB1	lib/calibration/tests/p1cal/p1cal_tests_main.cpp
LIB1	lib/calibration/tests/p1cal/p1cal_tests_perf.cpp
LIB1	lib/calibration/tests/p1cal/p1cal_tests_selfcheck.cpp
LIB1	lib/calibration/tests/test_photometry_apply.cpp
LIB1	lib/cosmetic/CMakeLists.txt
LIB1	lib/cosmetic/README.md
LIB1	lib/cosmetic/include/astrocs/cosmetic/types.h
LIB1	lib/cosmetic/integration/astrocs_p1_cosmetic.integration.json
LIB1	lib/cosmetic/memory.md
LIB1	lib/cosmetic/module.yaml
LIB1	lib/cosmetic/src/astrocs_p1_cosmetic.def
LIB1	lib/cosmetic/src/module_entry.cpp
LIB1	lib/cosmetic/src/module_exports.map
LIB1	lib/cosmetic/tests/p1cos/CMakeLists.txt
LIB1	lib/cosmetic/tests/p1cos/p1cos_fixtures.hpp
LIB1	lib/cosmetic/tests/p1cos/p1cos_oracle.hpp
LIB1	lib/cosmetic/tests/p1cos/p1cos_test_main.hpp
LIB1	lib/cosmetic/tests/p1cos/p1cos_tests_core.cpp
LIB1	lib/cosmetic/tests/p1cos/p1cos_tests_main.cpp
LIB1	lib/cosmetic/tests/p1cos/p1cos_tests_perf.cpp
LIB1	lib/cosmetic/tests/p1cos/p1cos_tests_selfcheck.cpp
LIB1	lib/dynamic_psf/.gitignore
LIB1	lib/dynamic_psf/Makefile
LIB1	lib/dynamic_psf/README.md
LIB1	lib/dynamic_psf/include/astrocs/v6/psf_information.h
LIB1	lib/dynamic_psf/include/dynamic_psf.h
LIB1	lib/dynamic_psf/memory.md
LIB1	lib/dynamic_psf/module.yaml
LIB1	lib/dynamic_psf/src/dpsf_image.cpp
LIB1	lib/dynamic_psf/src/dpsf_image.h
LIB1	lib/dynamic_psf/src/dpsf_log.cpp
LIB1	lib/dynamic_psf/src/dpsf_log.h
LIB1	lib/dynamic_psf/src/dpsf_psf.cpp
LIB1	lib/dynamic_psf/src/dpsf_psf.h
LIB1	lib/dynamic_psf/src/psf_information.cpp
LIB1	lib/dynamic_psf/test/test_dpsf_nan_sort.cpp
LIB1	lib/dynamic_psf/tests/p1psf/CMakeLists.txt
LIB1	lib/dynamic_psf/tests/p1psf/p1psf_fixtures.hpp
LIB1	lib/dynamic_psf/tests/p1psf/p1psf_oracle.hpp
LIB1	lib/dynamic_psf/tests/p1psf/p1psf_prodpath_check.cpp
LIB1	lib/dynamic_psf/tests/p1psf/p1psf_test_main.hpp
LIB1	lib/dynamic_psf/tests/p1psf/p1psf_tests_core.cpp
LIB1	lib/dynamic_psf/tests/p1psf/p1psf_tests_main.cpp
LIB1	lib/dynamic_psf/tests/p1psf/p1psf_tests_perf.cpp
LIB1	lib/dynamic_psf/tests/p1psf/p1psf_tests_selfcheck.cpp
LIB1	lib/gaia_xpsd_client/.gitignore
LIB1	lib/gaia_xpsd_client/CMakeLists.txt
LIB1	lib/gaia_xpsd_client/Makefile
LIB1	lib/gaia_xpsd_client/README.md
LIB1	lib/gaia_xpsd_client/example/demo.c
LIB1	lib/gaia_xpsd_client/include/astrocs/gaia/types.h
LIB1	lib/gaia_xpsd_client/integration/astrocs_catalog_gaia.integration.json
LIB1	lib/gaia_xpsd_client/memory.md
LIB1	lib/gaia_xpsd_client/module.yaml
LIB1	lib/gaia_xpsd_client/src/gaia_client.c
LIB1	lib/gaia_xpsd_client/src/gaia_client.h
LIB1	lib/gaia_xpsd_client/src/module_entry.c
LIB1	lib/gaia_xpsd_client/test/test_gaia_race.c
LIB1	lib/gaia_xpsd_client/test/test_spec_collector_ownership.c
LIB1	lib/gaia_xpsd_client/tests/test_gaia_zlib_configure_contract.py
LIB1	lib/phase1/noise/README.md
LIB1	lib/phase1/noise/noise_model.cpp
LIB1	lib/phase1/noise/noise_model.h
LIB1	lib/phase1/noise/snr_frame_science.cpp
LIB1	lib/phase1/noise/snr_frame_science.h
LIB1	lib/phase1/photometry/README.md
LIB1	lib/phase1/photometry/photometer.cpp
LIB1	lib/phase1/photometry/photometer.h
LIB1	lib/phase1/stars/README.md
LIB1	lib/phase1/stars/star_detector.cpp
LIB1	lib/phase1/stars/star_detector.h
LIB1	lib/phase1/v6/CMakeLists.txt
LIB1	lib/phase1/v6/README.md
LIB1	lib/phase1/v6/include/astrocs/v6/phase1_product.h
LIB1	lib/phase1/v6/src/phase1_product.cpp
LIB1	lib/phase1/wcs/README.md
LIB1	lib/phase1/wcs/wcs_tan.cpp
LIB1	lib/phase1/wcs/wcs_tan.h
LIB1	lib/phase1_session/README.md
LIB1	lib/phase1_session/memory.md
LIB1	lib/phase1_session/module.yaml
LIB1	lib/phase1_session/p1_session.cpp
LIB1	lib/phase1_session/p1_session.h
LIB1	lib/phase1_session/tests/p1sess/CMakeLists.txt
LIB1	lib/phase1_session/tests/p1sess/p1sess_fixtures.hpp
LIB1	lib/phase1_session/tests/p1sess/p1sess_oracle.hpp
LIB1	lib/phase1_session/tests/p1sess/p1sess_test_main.hpp
LIB1	lib/phase1_session/tests/p1sess/p1sess_tests_main.cpp
LIB1	lib/phase1_session/tests/p1sess/p1sess_tests_negative.cpp
LIB1	lib/phase1_session/tests/p1sess/p1sess_tests_perf.cpp
LIB1	lib/phase1_session/tests/p1sess/p1sess_tests_properties.cpp
LIB1	lib/phase1_session/tests/p1sess/p1sess_tests_selfcheck.cpp
LIB1	lib/phase1_session/tests/p1sess/p1sess_tests_units.cpp
LIB1	lib/phase1_session/tests/test_p1_session_manifest.cpp
LIB1	lib/photometric_calib/.gitignore
LIB1	lib/photometric_calib/README.md
LIB1	lib/photometric_calib/cpp/Makefile
LIB1	lib/photometric_calib/cpp/build.ps1
LIB1	lib/photometric_calib/cpp/include/log_macros.h
LIB1	lib/photometric_calib/cpp/include/photometric_calib.h
LIB1	lib/photometric_calib/cpp/src/image_corrector.cpp
LIB1	lib/photometric_calib/cpp/src/image_corrector.h
LIB1	lib/photometric_calib/cpp/src/pc_api.cpp
LIB1	lib/photometric_calib/cpp/src/psfsw.cpp
LIB1	lib/photometric_calib/cpp/src/spectrum_integrator.cpp
LIB1	lib/photometric_calib/cpp/src/spectrum_integrator.h
LIB1	lib/photometric_calib/cpp/src/star_matcher.cpp
LIB1	lib/photometric_calib/cpp/src/star_matcher.h
LIB1	lib/photometric_calib/cpp/src/wcs_transform.cpp
LIB1	lib/photometric_calib/cpp/src/wcs_transform.h
LIB1	lib/photometric_calib/cpp/test/filter_qe_provenance.json
LIB1	lib/photometric_calib/cpp/test/gate4_dr3sp_gaiaxpy/DR3SP_SCHEMA_AUDIT.md
LIB1	lib/photometric_calib/cpp/test/gate4_dr3sp_gaiaxpy/GaiaEDR3_passband.dat
LIB1	lib/photometric_calib/cpp/test/gate4_dr3sp_gaiaxpy/download_xp_sample.py
LIB1	lib/photometric_calib/cpp/test/gate4_dr3sp_gaiaxpy/evidence/gate2_result.json
LIB1	lib/photometric_calib/cpp/test/gate4_dr3sp_gaiaxpy/evidence/gate4_compare_per_star_1050.csv
LIB1	lib/photometric_calib/cpp/test/gate4_dr3sp_gaiaxpy/evidence/gate4_result_full_1050.json
LIB1	lib/photometric_calib/cpp/test/gate4_dr3sp_gaiaxpy/fsyn_astrocs.py
LIB1	lib/photometric_calib/cpp/test/gate4_dr3sp_gaiaxpy/fsyn_export.cpp
LIB1	lib/photometric_calib/cpp/test/gate4_dr3sp_gaiaxpy/gate1_psf_final_test.py
LIB1	lib/photometric_calib/cpp/test/gate4_dr3sp_gaiaxpy/gate2_psf_oracle.py
LIB1	lib/photometric_calib/cpp/test/gate4_dr3sp_gaiaxpy/gate3_wcs_oracle.py
LIB1	lib/photometric_calib/cpp/test/gate4_dr3sp_gaiaxpy/gate4_gaiaxpy_compare.py
LIB1	lib/photometric_calib/cpp/test/gate4_dr3sp_gaiaxpy/gate7_hips_validate.py
LIB1	lib/photometric_calib/cpp/test/gate4_dr3sp_gaiaxpy/gate8_trace_check.py
LIB1	lib/photometric_calib/cpp/test/gate4_dr3sp_gaiaxpy/xpsd_cpp_crosscheck.py
LIB1	lib/photometric_calib/cpp/test/gate4_dr3sp_gaiaxpy/xpsd_production_validation.py
LIB1	lib/photometric_calib/cpp/test/test_energy_conservation.py
LIB1	lib/photometric_calib/cpp/test/test_p0_pc_api_exception_barrier.cpp
LIB1	lib/photometric_calib/cpp/test/test_p0_sip_order_guard.cpp
LIB1	lib/photometric_calib/cpp/test/test_photometric_calib.py
LIB1	lib/photometric_calib/cpp/test/test_spectrum_integrator.cpp
LIB1	lib/photometric_calib/cpp/test/test_spectrum_integrator_golden.py
LIB1	lib/photometric_calib/cpp/test/test_spectrum_integrator_golden_results.json
LIB1	lib/photometric_calib/data/response_curves/filters.json
LIB1	lib/photometric_calib/data/response_curves/qe_curves.json
LIB1	lib/photometric_calib/docs/algorithm.md
LIB1	lib/photometric_calib/docs/architecture.md
LIB1	lib/photometric_calib/include/astrocs/v6/psfsw.h
LIB1	lib/photometric_calib/memory.md
LIB1	lib/photometric_calib/module.yaml
LIB1	lib/photometric_calib/tests/p1phot/CMakeLists.txt
LIB1	lib/photometric_calib/tests/p1phot/p1phot_field_stub.hpp
LIB1	lib/photometric_calib/tests/p1phot/p1phot_fixgates.cpp
LIB1	lib/photometric_calib/tests/p1phot/p1phot_fixtures.hpp
LIB1	lib/photometric_calib/tests/p1phot/p1phot_gaia_stub.cpp
LIB1	lib/photometric_calib/tests/p1phot/p1phot_gaia_stub.hpp
LIB1	lib/photometric_calib/tests/p1phot/p1phot_oracle.hpp
LIB1	lib/photometric_calib/tests/p1phot/p1phot_test_main.hpp
LIB1	lib/photometric_calib/tests/p1phot/p1phot_tests_main.cpp
LIB1	lib/photometric_calib/tests/p1phot/p1phot_tests_negative.cpp
LIB1	lib/photometric_calib/tests/p1phot/p1phot_tests_oracle.cpp
LIB1	lib/photometric_calib/tests/p1phot/p1phot_tests_perf.cpp
LIB1	lib/photometric_calib/tests/p1phot/p1phot_tests_properties.cpp
LIB1	lib/photometric_calib/tests/p1phot/p1phot_tests_selfcheck.cpp
LIB1	lib/photometric_calib/tests/p1phot/p1phot_tests_units.cpp
LIB1	lib/photometric_calib/tools/diag_gradient_report.py
LIB1	lib/plate_solve/.gitignore
LIB1	lib/plate_solve/IPV_PIPELINE.md
LIB1	lib/plate_solve/LICENSE
LIB1	lib/plate_solve/README.md
LIB1	lib/plate_solve/cpp/ipv/Makefile
LIB1	lib/plate_solve/cpp/ipv/REPORT.md
LIB1	lib/plate_solve/cpp/ipv/SIRIL_COMPARISON.md
LIB1	lib/plate_solve/cpp/ipv/build.ps1
LIB1	lib/plate_solve/cpp/ipv/include/ipv_angle.h
LIB1	lib/plate_solve/cpp/ipv/include/ipv_api.h
LIB1	lib/plate_solve/cpp/ipv/include/ipv_distortion.h
LIB1	lib/plate_solve/cpp/ipv/include/ipv_itertrans.h
LIB1	lib/plate_solve/cpp/ipv/include/ipv_kvector.h
LIB1	lib/plate_solve/cpp/ipv/include/ipv_log.h
LIB1	lib/plate_solve/cpp/ipv/include/ipv_polygon.h
LIB1	lib/plate_solve/cpp/ipv/include/ipv_ransac.h
LIB1	lib/plate_solve/cpp/ipv/include/ipv_robust_refine.h
LIB1	lib/plate_solve/cpp/ipv/include/ipv_select.h
LIB1	lib/plate_solve/cpp/ipv/include/ipv_sip.h
LIB1	lib/plate_solve/cpp/ipv/include/ipv_solver.h
LIB1	lib/plate_solve/cpp/ipv/include/ipv_triangle.h
LIB1	lib/plate_solve/cpp/ipv/include/ipv_types.h
LIB1	lib/plate_solve/cpp/ipv/include/ipv_wcs.h
LIB1	lib/plate_solve/cpp/ipv/make_clean_err.txt
LIB1	lib/plate_solve/cpp/ipv/make_clean_out.txt
LIB1	lib/plate_solve/cpp/ipv/siril_atpmatch_b64.txt
LIB1	lib/plate_solve/cpp/ipv/src/ipv_angle.cpp
LIB1	lib/plate_solve/cpp/ipv/src/ipv_distortion.cpp
LIB1	lib/plate_solve/cpp/ipv/src/ipv_entry.cpp
LIB1	lib/plate_solve/cpp/ipv/src/ipv_itertrans.cpp
LIB1	lib/plate_solve/cpp/ipv/src/ipv_kvector.cpp
LIB1	lib/plate_solve/cpp/ipv/src/ipv_polygon.cpp
LIB1	lib/plate_solve/cpp/ipv/src/ipv_ransac.cpp
LIB1	lib/plate_solve/cpp/ipv/src/ipv_robust_refine.cpp
LIB1	lib/plate_solve/cpp/ipv/src/ipv_select.cpp
LIB1	lib/plate_solve/cpp/ipv/src/ipv_sip.cpp
LIB1	lib/plate_solve/cpp/ipv/src/ipv_solver.cpp
LIB1	lib/plate_solve/cpp/ipv/src/ipv_triangle.cpp
LIB1	lib/plate_solve/cpp/ipv/src/ipv_wcs.cpp
LIB1	lib/plate_solve/cpp/ipv/test/CMakeLists.txt
LIB1	lib/plate_solve/cpp/ipv/test/ipv_abi_layout_lock.py
LIB1	lib/plate_solve/cpp/ipv/test/ipv_abi_layout_probe.cpp
LIB1	lib/plate_solve/cpp/ipv/test/ipv_dead_params_lock.py
LIB1	lib/plate_solve/cpp/ipv/test/ipv_dead_params_manifest.json
LIB1	lib/plate_solve/cpp/ipv/test/ipv_dead_params_selfcheck.py
LIB1	lib/plate_solve/cpp/ipv/test/ipv_params_abi_failclosed_test.cpp
LIB1	lib/plate_solve/cpp/ipv/test/test_extract_wcs_sip_failclosed.cpp
LIB1	lib/plate_solve/cpp/ipv/test/test_kvector.cpp
LIB1	lib/plate_solve/cpp/ipv/test/test_last_inlier_reset.cpp
LIB1	lib/plate_solve/cpp/ipv/test/test_mag_iter.cpp
LIB1	lib/plate_solve/cpp/ipv/test/test_mag_iter_delivery.cpp
LIB1	lib/plate_solve/cpp/ipv/test/test_synthetic.cpp
LIB1	lib/plate_solve/cpp/ipv/test/test_triangle_budget.cpp
LIB1	lib/plate_solve/memory.md
LIB1	lib/plate_solve/module.yaml
LIB1	lib/plate_solve/tools/diag_gaia_psf_projection.py
LIB1	lib/plate_solve/tools/diag_projection_plot.py
LIB1	lib/plate_solve/tools/ipv_abi_mirror.py
LIB1	lib/snr_estimator/.gitignore
LIB1	lib/snr_estimator/README.md
LIB1	lib/snr_estimator/cpp/Makefile
LIB1	lib/snr_estimator/cpp/build.ps1
LIB1	lib/snr_estimator/cpp/include/snr_estimator.h
LIB1	lib/snr_estimator/cpp/src/information_weight.cpp
LIB1	lib/snr_estimator/cpp/src/noise_model.cpp
LIB1	lib/snr_estimator/cpp/src/snr_estimator.cpp
LIB1	lib/snr_estimator/cpp/src/snr_science.cpp
LIB1	lib/snr_estimator/cpp/test/noise_model_science_test.cpp
LIB1	lib/snr_estimator/cpp/test/snr_reconcile_test.cpp
LIB1	lib/snr_estimator/include/astrocs/v6/information_weight.h
LIB1	lib/snr_estimator/memory.md
LIB1	lib/snr_estimator/module.yaml
LIB1	lib/snr_estimator/test/test_snr_estimator.py
LIB1	lib/snr_estimator/tests/p1noise/CMakeLists.txt
LIB1	lib/snr_estimator/tests/p1noise/p1noise_fixtures.hpp
LIB1	lib/snr_estimator/tests/p1noise/p1noise_oracle.hpp
LIB1	lib/snr_estimator/tests/p1noise/p1noise_test_main.hpp
LIB1	lib/snr_estimator/tests/p1noise/p1noise_tests_core.cpp
LIB1	lib/snr_estimator/tests/p1noise/p1noise_tests_main.cpp
LIB1	lib/snr_estimator/tests/p1noise/p1noise_tests_perf.cpp
LIB1	lib/snr_estimator/tests/p1noise/p1noise_tests_selfcheck.cpp
LIB1	lib/snr_estimator/tests/p1noise/p1snr_science_test.cpp
LIB1	lib/star_detector/.gitignore
LIB1	lib/star_detector/CHANGELOG.md
LIB1	lib/star_detector/Makefile
LIB1	lib/star_detector/README.md
LIB1	lib/star_detector/include/star_detector.h
LIB1	lib/star_detector/memory.md
LIB1	lib/star_detector/module.yaml
LIB1	lib/star_detector/src/sdet_angle_guard.h
LIB1	lib/star_detector/src/sdet_api.cpp
LIB1	lib/star_detector/src/sdet_background.cpp
LIB1	lib/star_detector/src/sdet_background.h
LIB1	lib/star_detector/src/sdet_detector.cpp
LIB1	lib/star_detector/src/sdet_detector.h
LIB1	lib/star_detector/src/sdet_image.cpp
LIB1	lib/star_detector/src/sdet_image.h
LIB1	lib/star_detector/src/sdet_log.cpp
LIB1	lib/star_detector/src/sdet_log.h
LIB1	lib/star_detector/test/sdet_angle_guard_test.cpp
LIB1	lib/star_detector/test/sdet_fp64_test.cpp
LIB1	lib/star_detector/test/sdet_saturation_cursor_test.cpp
LIB1	lib/star_detector/tests/p1star/CMakeLists.txt
LIB1	lib/star_detector/tests/p1star/p1star_fixtures.hpp
LIB1	lib/star_detector/tests/p1star/p1star_mad_check.cpp
LIB1	lib/star_detector/tests/p1star/p1star_oracle.hpp
LIB1	lib/star_detector/tests/p1star/p1star_test_main.hpp
LIB1	lib/star_detector/tests/p1star/p1star_tests_core.cpp
LIB1	lib/star_detector/tests/p1star/p1star_tests_main.cpp
LIB1	lib/star_detector/tests/p1star/p1star_tests_perf.cpp
LIB1	lib/star_detector/tests/p1star/p1star_tests_selfcheck.cpp
LIB1	lib/star_detector/tests/p1star/sdet_oom_interposer.c
LIB2	lib/drizzle/CMakeLists.txt
LIB2	lib/drizzle/README.md
LIB2	lib/drizzle/include/astrocs/drizzle/types.h
LIB2	lib/drizzle/memory.md
LIB2	lib/drizzle/module.yaml
LIB2	lib/drizzle/src/astrocs_p1_drizzle.def
LIB2	lib/drizzle/src/module_entry.cpp
LIB2	lib/drizzle/src/module_exports.map
LIB2	lib/healpix_db/.gitignore
LIB2	lib/healpix_db/README.md
LIB2	lib/healpix_db/archive/legacy/healpix_stack/.gitignore
LIB2	lib/healpix_db/archive/legacy/healpix_stack/Makefile
LIB2	lib/healpix_db/archive/legacy/healpix_stack/README.md
LIB2	lib/healpix_db/archive/legacy/healpix_stack/ahps_format.h
LIB2	lib/healpix_db/archive/legacy/healpix_stack/ahps_reader.cpp
LIB2	lib/healpix_db/archive/legacy/healpix_stack/ahps_reader.h
LIB2	lib/healpix_db/archive/legacy/healpix_stack/ahps_writer.cpp
LIB2	lib/healpix_db/archive/legacy/healpix_stack/ahps_writer.h
LIB2	lib/healpix_db/archive/legacy/healpix_stack/build.ps1
LIB2	lib/healpix_db/archive/legacy/healpix_stack/gradient/corrected_stacker.cpp
LIB2	lib/healpix_db/archive/legacy/healpix_stack/gradient/corrected_stacker.h
LIB2	lib/healpix_db/archive/legacy/healpix_stack/gradient/gradient_fitter.cpp
LIB2	lib/healpix_db/archive/legacy/healpix_stack/gradient/gradient_fitter.h
LIB2	lib/healpix_db/archive/legacy/healpix_stack/gradient/gradient_sampler.cpp
LIB2	lib/healpix_db/archive/legacy/healpix_stack/gradient/gradient_sampler.h
LIB2	lib/healpix_db/archive/legacy/healpix_stack/gradient/nanoflann.hpp
LIB2	lib/healpix_db/archive/legacy/healpix_stack/gradient/snr_evaluator.cpp
LIB2	lib/healpix_db/archive/legacy/healpix_stack/gradient/snr_evaluator.h
LIB2	lib/healpix_db/archive/legacy/healpix_stack/gradient/spherical_spline.cpp
LIB2	lib/healpix_db/archive/legacy/healpix_stack/gradient/spherical_spline.h
LIB2	lib/healpix_db/archive/legacy/healpix_stack/gradient/test_gradient_sampler.cpp
LIB2	lib/healpix_db/archive/legacy/healpix_stack/gradient/test_snr_evaluator.cpp
LIB2	lib/healpix_db/archive/legacy/healpix_stack/healpix_core.cpp
LIB2	lib/healpix_db/archive/legacy/healpix_stack/healpix_core.h
LIB2	lib/healpix_db/archive/legacy/healpix_stack/hp_stack_api.cpp
LIB2	lib/healpix_db/archive/legacy/healpix_stack/hp_stack_api.h
LIB2	lib/healpix_db/archive/legacy/healpix_stack/hp_stack_hiss.cpp
LIB2	lib/healpix_db/archive/legacy/healpix_stack/hp_stack_hiss.h
LIB2	lib/healpix_db/archive/legacy/healpix_stack/memory.md
LIB2	lib/healpix_db/archive/legacy/healpix_stack/simple_test.cpp
LIB2	lib/healpix_db/archive/legacy/healpix_stack/stack_db.cpp
LIB2	lib/healpix_db/archive/legacy/healpix_stack/stack_db.h
LIB2	lib/healpix_db/archive/legacy/healpix_stack/stack_engine.cpp
LIB2	lib/healpix_db/archive/legacy/healpix_stack/stack_engine.h
LIB2	lib/healpix_db/archive/legacy/healpix_stack/tests/test_gradient_synthetic.py
LIB2	lib/healpix_db/archive/legacy/healpix_stack/tests/test_healpix_stack.py
LIB2	lib/healpix_db/archive/legacy/healpix_stack/tests/test_hp_stack_hiss.py
LIB2	lib/healpix_db/docs/healpix_drizzle_overview.md
LIB2	lib/healpix_db/healpix_browser_qt/CMakeLists.txt
LIB2	lib/healpix_db/healpix_browser_qt/Makefile
LIB2	lib/healpix_db/healpix_browser_qt/README.md
LIB2	lib/healpix_db/healpix_browser_qt/app/browser_cli.cpp
LIB2	lib/healpix_db/healpix_browser_qt/app/main.cpp
LIB2	lib/healpix_db/healpix_browser_qt/app/main_window.cpp
LIB2	lib/healpix_db/healpix_browser_qt/app/main_window.h
LIB2	lib/healpix_db/healpix_browser_qt/app/stf_bar.cpp
LIB2	lib/healpix_db/healpix_browser_qt/app/stf_bar.h
LIB2	lib/healpix_db/healpix_browser_qt/app/stf_panel.cpp
LIB2	lib/healpix_db/healpix_browser_qt/app/stf_panel.h
LIB2	lib/healpix_db/healpix_browser_qt/core/browser_backend.cpp
LIB2	lib/healpix_db/healpix_browser_qt/core/browser_backend.h
LIB2	lib/healpix_db/healpix_browser_qt/core/gl_renderer.cpp
LIB2	lib/healpix_db/healpix_browser_qt/core/gl_renderer.h
LIB2	lib/healpix_db/healpix_browser_qt/core/healpix_math.cpp
LIB2	lib/healpix_db/healpix_browser_qt/core/healpix_math.h
LIB2	lib/healpix_db/healpix_browser_qt/core/hips_browser_backend.cpp
LIB2	lib/healpix_db/healpix_browser_qt/core/hips_browser_backend.h
LIB2	lib/healpix_db/healpix_browser_qt/core/hips_sky_view.cpp
LIB2	lib/healpix_db/healpix_browser_qt/core/hips_sky_view.h
LIB2	lib/healpix_db/healpix_browser_qt/core/logger.h
LIB2	lib/healpix_db/healpix_browser_qt/core/stf_engine.cpp
LIB2	lib/healpix_db/healpix_browser_qt/core/stf_engine.h
LIB2	lib/healpix_db/healpix_browser_qt/deploy.ps1
LIB2	lib/healpix_db/healpix_browser_qt/include/healpix_browser_core.h
LIB2	lib/healpix_db/healpix_browser_qt/memory.md
LIB2	lib/healpix_db/healpix_browser_qt/run_healpix.bat
LIB2	lib/healpix_db/healpix_browser_qt/tests/debug_healpix.cpp
LIB2	lib/healpix_db/healpix_browser_qt/tests/debug_trace.cpp
LIB2	lib/healpix_db/healpix_browser_qt/tests/gen_hips_browser_test.py
LIB2	lib/healpix_db/healpix_browser_qt/tests/gen_tiny_hiss.cpp
LIB2	lib/healpix_db/healpix_browser_qt/tests/test_browser_backend.cpp
LIB2	lib/healpix_db/healpix_browser_qt/tests/test_browser_dual_dtype.cpp
LIB2	lib/healpix_db/healpix_browser_qt/tests/test_geometry_truth.cpp
LIB2	lib/healpix_db/healpix_browser_qt/tests/test_healpix_math.cpp
LIB2	lib/healpix_db/healpix_browser_qt/tests/test_hips_browser_backend.cpp
LIB2	lib/healpix_db/healpix_browser_qt/tests/test_stf_engine.cpp
LIB2	lib/healpix_db/healpix_browser_qt/tests/trace_browser_lineage.cpp
LIB2	lib/healpix_db/healpix_browser_qt/tools/gen_geometry_truth.py
LIB2	lib/healpix_db/healpix_browser_qt/tools/gen_ref_source.py
LIB2	lib/healpix_db/healpix_browser_qt/tools/hips_tile_oracle.py
LIB2	lib/healpix_db/healpix_browser_qt/widgets/abstract_view.cpp
LIB2	lib/healpix_db/healpix_browser_qt/widgets/abstract_view.h
LIB2	lib/healpix_db/healpix_browser_qt/widgets/hips_view.cpp
LIB2	lib/healpix_db/healpix_browser_qt/widgets/hips_view.h
LIB2	lib/healpix_db/healpix_browser_qt/widgets/sphere_view.cpp
LIB2	lib/healpix_db/healpix_browser_qt/widgets/sphere_view.h
LIB2	lib/healpix_db/healpix_drizzle/.gitignore
LIB2	lib/healpix_db/healpix_drizzle/Makefile
LIB2	lib/healpix_db/healpix_drizzle/README.md
LIB2	lib/healpix_db/healpix_drizzle/astro_sphere_sink.cpp
LIB2	lib/healpix_db/healpix_drizzle/astro_sphere_sink.h
LIB2	lib/healpix_db/healpix_drizzle/drizzle_engine.cpp
LIB2	lib/healpix_db/healpix_drizzle/drizzle_engine.h
LIB2	lib/healpix_db/healpix_drizzle/fits_reader.cpp
LIB2	lib/healpix_db/healpix_drizzle/fits_reader.h
LIB2	lib/healpix_db/healpix_drizzle/healpix_core.cpp
LIB2	lib/healpix_db/healpix_drizzle/healpix_core.h
LIB2	lib/healpix_db/healpix_drizzle/hp_drizzle_api.cpp
LIB2	lib/healpix_db/healpix_drizzle/hp_drizzle_api.h
LIB2	lib/healpix_db/healpix_drizzle/hp_drizzle_hips_api.cpp
LIB2	lib/healpix_db/healpix_drizzle/hp_drizzle_internal.h
LIB2	lib/healpix_db/healpix_drizzle/memory.md
LIB2	lib/healpix_db/healpix_drizzle/nanoflann.hpp
LIB2	lib/healpix_db/healpix_drizzle/poly_clip.cpp
LIB2	lib/healpix_db/healpix_drizzle/poly_clip.h
LIB2	lib/healpix_db/healpix_drizzle/reverse_drizzle.cpp
LIB2	lib/healpix_db/healpix_drizzle/reverse_drizzle.h
LIB2	lib/healpix_db/healpix_drizzle/snr_evaluator.cpp
LIB2	lib/healpix_db/healpix_drizzle/snr_evaluator.h
LIB2	lib/healpix_db/healpix_drizzle/spherical_overlap.cpp
LIB2	lib/healpix_db/healpix_drizzle/spherical_overlap.h
LIB2	lib/healpix_db/healpix_drizzle/tests/acceptance_drizzle.py
LIB2	lib/healpix_db/healpix_drizzle/tests/bench_drizzle.cpp
LIB2	lib/healpix_db/healpix_drizzle/tests/bench_write.cpp
LIB2	lib/healpix_db/healpix_drizzle/tests/candidate_oracle_test.cpp
LIB2	lib/healpix_db/healpix_drizzle/tests/concurrency_cache_test.cpp
LIB2	lib/healpix_db/healpix_drizzle/tests/control_median_mc_test.cpp
LIB2	lib/healpix_db/healpix_drizzle/tests/drizzle_acceptance_test.cpp
LIB2	lib/healpix_db/healpix_drizzle/tests/drizzle_freeze_test.cpp
LIB2	lib/healpix_db/healpix_drizzle/tests/drizzle_l0_test.cpp
LIB2	lib/healpix_db/healpix_drizzle/tests/drizzle_l2_test.cpp
LIB2	lib/healpix_db/healpix_drizzle/tests/drizzle_l3_full_fp32.cpp
LIB2	lib/healpix_db/healpix_drizzle/tests/drizzle_nonfinite_test.cpp
LIB2	lib/healpix_db/healpix_drizzle/tests/drizzle_science_completion_test.cpp
LIB2	lib/healpix_db/healpix_drizzle/tests/drizzle_science_matrix_test.cpp
LIB2	lib/healpix_db/healpix_drizzle/tests/hiss_write_probe.cpp
LIB2	lib/healpix_db/healpix_drizzle/tests/kcorr_matrix_test.cpp
LIB2	lib/healpix_db/healpix_drizzle/tests/mini_sip1000.cpp
LIB2	lib/healpix_db/healpix_drizzle/tests/oracle_edge_crossing_test.cpp
LIB2	lib/healpix_db/healpix_drizzle/tests/oracle_independent_test.cpp
LIB2	lib/healpix_db/healpix_drizzle/tests/p0_sip_order_guard_test.cpp
LIB2	lib/healpix_db/healpix_drizzle/tests/p1drz/CMakeLists.txt
LIB2	lib/healpix_db/healpix_drizzle/tests/p1drz/p1drz_fixtures.hpp
LIB2	lib/healpix_db/healpix_drizzle/tests/p1drz/p1drz_geom.hpp
LIB2	lib/healpix_db/healpix_drizzle/tests/p1drz/p1drz_merge_pipeline_lock.sh
LIB2	lib/healpix_db/healpix_drizzle/tests/p1drz/p1drz_oracle.hpp
LIB2	lib/healpix_db/healpix_drizzle/tests/p1drz/p1drz_taskset_invariance.sh
LIB2	lib/healpix_db/healpix_drizzle/tests/p1drz/p1drz_test_main.hpp
LIB2	lib/healpix_db/healpix_drizzle/tests/p1drz/p1drz_tests_core.cpp
LIB2	lib/healpix_db/healpix_drizzle/tests/p1drz/p1drz_tests_main.cpp
LIB2	lib/healpix_db/healpix_drizzle/tests/p1drz/p1drz_tests_perf.cpp
LIB2	lib/healpix_db/healpix_drizzle/tests/p1drz/p1drz_tests_selfcheck.cpp
LIB2	lib/healpix_db/healpix_drizzle/tests/p1drz/p1drz_thread_probe.cpp
LIB2	lib/healpix_db/healpix_drizzle/tests/probe_reverse_steps.cpp
LIB2	lib/healpix_db/healpix_drizzle/tests/reference_overlap.cpp
LIB2	lib/healpix_db/healpix_drizzle/tests/representative_probe.cpp
LIB2	lib/healpix_db/healpix_drizzle/tests/reverse_api_test.cpp
LIB2	lib/healpix_db/healpix_drizzle/tests/reverse_drizzle_science_test.cpp
LIB2	lib/healpix_db/healpix_drizzle/tests/reverse_drizzle_test.cpp
LIB2	lib/healpix_db/healpix_drizzle/tests/test_drizzle.py
LIB2	lib/healpix_db/healpix_drizzle/tests/test_nside_pixfrac.cpp
LIB2	lib/healpix_db/healpix_drizzle/tests/test_pipeline_adapter.py
LIB2	lib/healpix_db/healpix_drizzle/tests/test_spherical_overlap.cpp
LIB2	lib/healpix_db/healpix_drizzle/tests/trace_g4_validate.py
LIB2	lib/healpix_db/healpix_drizzle/tests/variance_propagation_test.cpp
LIB2	lib/healpix_db/healpix_drizzle/tests/verify_bench.cpp
LIB2	lib/healpix_db/healpix_drizzle/v6_drizzle_science.cpp
LIB2	lib/healpix_db/healpix_drizzle/v6_drizzle_science.h
LIB2	lib/healpix_db/healpix_drizzle/v6_spherical_overlap.cpp
LIB2	lib/healpix_db/healpix_drizzle/v6_spherical_overlap.h
LIB2	lib/healpix_db/healpix_drizzle/wcs_sip.cpp
LIB2	lib/healpix_db/healpix_drizzle/wcs_sip.h
LIB2	lib/healpix_db/healpix_io/ARCHIVED.md
LIB2	lib/healpix_db/memory.md
LIB2	lib/hips_p2/README.md
LIB2	lib/hips_p2/memory.md
LIB2	lib/hips_p2/module.yaml
LIB2	lib/phase2/CMakeLists.txt
LIB2	lib/phase2/README.md
LIB2	lib/phase2/configs/stage2_full.example.json
LIB2	lib/phase2/configs/stage2_gc_3panel_red.json
LIB2	lib/phase2/configs/stage2_overlap.example.json
LIB2	lib/phase2/configs/stage2_real_3frame.json
LIB2	lib/phase2/configs/stage2_real_overlap.json
LIB2	lib/phase2/configs/stage2_real_overlap_cpu.json
LIB2	lib/phase2/configs/stage2_t4_true_overlap.json
LIB2	lib/phase2/configs/stage2_tiny_memory.example.json
LIB2	lib/phase2/include/astro/phase2/acr_kernels.h
LIB2	lib/phase2/include/astro/phase2/async_io.h
LIB2	lib/phase2/include/astro/phase2/block.h
LIB2	lib/phase2/include/astro/phase2/coverage.h
LIB2	lib/phase2/include/astro/phase2/execution_options.h
LIB2	lib/phase2/include/astro/phase2/integrate.h
LIB2	lib/phase2/include/astro/phase2/rejection.h
LIB2	lib/phase2/include/astro/phase2/sampler.h
LIB2	lib/phase2/include/astro/phase2/stage2_common.h
LIB2	lib/phase2/include/astro/phase2/upm.h
LIB2	lib/phase2/memory.md
LIB2	lib/phase2/module.yaml
LIB2	lib/phase2/src/acr_kernels.cpp
LIB2	lib/phase2/src/async_io.cpp
LIB2	lib/phase2/src/block.cpp
LIB2	lib/phase2/src/coverage.cpp
LIB2	lib/phase2/src/cuda_bridge_stub.cpp
LIB2	lib/phase2/src/integrate.cpp
LIB2	lib/phase2/src/rejection.cpp
LIB2	lib/phase2/src/sampler.cpp
LIB2	lib/phase2/src/stage2_common.cpp
LIB2	lib/phase2/src/upm.cpp
LIB2	lib/phase2/tests/async_io_test.cpp
LIB2	lib/phase2/tests/execution_options_test.cpp
LIB2	lib/phase2/tests/ivar_wiring_test.cpp
LIB2	lib/phase2/tests/kcorr_lookup_test.cpp
LIB2	lib/phase2/tests/routing_test.cpp
LIB2	lib/phase2/tests/sampler_parallel_consistency_test.cpp
LIB2	lib/phase2/tests/sanitize_driver.cpp
LIB2	lib/phase2/tests/synthetic_gate.cpp
LIB2	lib/phase2/tools/calibrated_pair_diag.cpp
LIB2	lib/phase2/tools/config_smoke.py
LIB2	lib/phase2/tools/controlled_rejection_metrics.py
LIB2	lib/phase2/tools/controlled_rejection_truth.py
LIB2	lib/phase2/tools/hips_compare.py
LIB2	lib/phase2/tools/linear_fit_oracle.py
LIB2	lib/phase2/tools/memory_acr_compare.py
LIB2	lib/phase2/tools/overlap_photometry.py
LIB2	lib/phase2/tools/rcr_oracle_compare.py
LIB2	lib/phase2/tools/rejection_cli.cpp
LIB2	lib/phase2/tools/rejection_matrix.py
LIB2	lib/phase2/tools/rejection_oracle_compare.py
LIB2	lib/phase2/tools/satellite_gate_build.py
LIB2	lib/phase2/tools/satellite_gate_metrics.py
LIB2	lib/phase2/tools/satellite_gate_real_metrics.py
LIB2	lib/phase2/tools/stage2.cpp
LIB2	lib/phase2/tools/weight_runtime_gate.py
LIB2	lib/phase2_session/README.md
LIB2	lib/phase2_session/memory.md
LIB2	lib/phase2_session/module.yaml
LIB2	lib/phase2_session/p2_session.cpp
LIB2	lib/phase2_session/p2_session.h
LIB3	lib/acr/.gitignore
LIB3	lib/acr/CMakeLists.txt
LIB3	lib/acr/README.md
LIB3	lib/acr/api/CMakeLists.txt
LIB3	lib/acr/api/event.cpp
LIB3	lib/acr/api/kernel_registry.cpp
LIB3	lib/acr/backends/classic/CMakeLists.txt
LIB3	lib/acr/backends/classic/classic_kernels.cpp
LIB3	lib/acr/backends/classic/classic_kernels.hpp
LIB3	lib/acr/backends/cpu/CMakeLists.txt
LIB3	lib/acr/backends/cpu/isa/avx.cpp
LIB3	lib/acr/backends/cpu/isa/avx2.cpp
LIB3	lib/acr/backends/cpu/isa/avx512.cpp
LIB3	lib/acr/backends/cpu/isa/dispatch.cpp
LIB3	lib/acr/backends/cpu/isa/isa_kernels.hpp
LIB3	lib/acr/backends/cpu/isa/scalar.cpp
LIB3	lib/acr/backends/cpu/isa/sse.cpp
LIB3	lib/acr/backends/cuda/CMakeLists.txt
LIB3	lib/acr/backends/cuda/bridge/acr_cuda_bridge.h
LIB3	lib/acr/backends/cuda/bridge/acr_cuda_bridge_host.cpp
LIB3	lib/acr/backends/cuda/bridge/acr_cuda_bridge_kernels.cu
LIB3	lib/acr/backends/cuda/bridge/cuda_bridge_api.hpp
LIB3	lib/acr/backends/cuda/cuda_backend.cu
LIB3	lib/acr/backends/cuda/cuda_backend.hpp
LIB3	lib/acr/backends/cuda/cuda_bridge_loader.cpp
LIB3	lib/acr/backends/cuda/cuda_buffer.cpp
LIB3	lib/acr/backends/cuda/cuda_buffer.hpp
LIB3	lib/acr/backends/cuda/cuda_executor.cpp
LIB3	lib/acr/backends/cuda/cuda_executor.hpp
LIB3	lib/acr/ci/ACR_DORMANT_GUARD.md
LIB3	lib/acr/ci/check_acr_dormant.py
LIB3	lib/acr/ci/path_guard.ps1
LIB3	lib/acr/ci/sha256_utf8.py
LIB3	lib/acr/core/CMakeLists.txt
LIB3	lib/acr/core/runtime.cpp
LIB3	lib/acr/core/task_descriptor.cpp
LIB3	lib/acr/core/task_descriptor.hpp
LIB3	lib/acr/cost/CMakeLists.txt
LIB3	lib/acr/cost/cost_estimator.cpp
LIB3	lib/acr/cost/cost_estimator.hpp
LIB3	lib/acr/diagnostics/CMakeLists.txt
LIB3	lib/acr/diagnostics/hardware_report.cpp
LIB3	lib/acr/docs/ADR-001-alpaka.md
LIB3	lib/acr/docs/ADR-002-oneTBB.md
LIB3	lib/acr/docs/ADR-003-hwloc.md
LIB3	lib/acr/docs/ADR-004-cpu_features.md
LIB3	lib/acr/docs/ADR-005-google-benchmark.md
LIB3	lib/acr/docs/ADR-006-googletest.md
LIB3	lib/acr/docs/ADR-007-starpu-optional.md
LIB3	lib/acr/docs/ADR-008-cmake-fetchcontent.md
LIB3	lib/acr/docs/ADR-009-cpu-only-build-gate.md
LIB3	lib/acr/docs/ADR-010-delete-per-kernel-routing.md
LIB3	lib/acr/docs/audit-report.md
LIB3	lib/acr/docs/dependency-lock.json
LIB3	lib/acr/docs/forbidden-paths.md
LIB3	lib/acr/examples/CMakeLists.txt
LIB3	lib/acr/examples/cuda_axpy.cu
LIB3	lib/acr/examples/legacy_chunk_adapter.cpp
LIB3	lib/acr/examples/minimal_parallel_for.cpp
LIB3	lib/acr/examples/weighted_integration/CMakeLists.txt
LIB3	lib/acr/examples/weighted_integration/route_profile_calibration.cpp
LIB3	lib/acr/examples/weighted_integration/route_profile_calibration.hpp
LIB3	lib/acr/examples/weighted_integration/weighted_integration_benchmark.cpp
LIB3	lib/acr/examples/weighted_integration/weighted_integration_common.hpp
LIB3	lib/acr/examples/weighted_integration/weighted_integration_kernels.cpp
LIB3	lib/acr/examples/weighted_integration/weighted_integration_kernels.hpp
LIB3	lib/acr/include/astro/compute/acr.hpp
LIB3	lib/acr/include/astro/compute/hardware_profile.hpp
LIB3	lib/acr/include/astro/compute/kernel_registry.hpp
LIB3	lib/acr/include/astro/compute/runtime_internal.h
LIB3	lib/acr/include/astro/compute/task_traits.hpp
LIB3	lib/acr/include/astro/compute/topology.hpp
LIB3	lib/acr/memory.md
LIB3	lib/acr/profile/CMakeLists.txt
LIB3	lib/acr/profile/profile_reader.cpp
LIB3	lib/acr/profile/profile_reader.hpp
LIB3	lib/acr/qualification/CMakeLists.txt
LIB3	lib/acr/qualification/benchmark_driver.cpp
LIB3	lib/acr/qualification/benchmark_driver.hpp
LIB3	lib/acr/qualification/benchmarks/arithmetic_benchmark.cpp
LIB3	lib/acr/qualification/benchmarks/atomic_benchmark.cpp
LIB3	lib/acr/qualification/benchmarks/benchmark_common.hpp
LIB3	lib/acr/qualification/benchmarks/benchmark_main.cpp
LIB3	lib/acr/qualification/benchmarks/branch_benchmark.cpp
LIB3	lib/acr/qualification/benchmarks/convolution_benchmark.cpp
LIB3	lib/acr/qualification/benchmarks/irregular_benchmark.cpp
LIB3	lib/acr/qualification/benchmarks/numa_benchmark.cpp
LIB3	lib/acr/qualification/benchmarks/overhead_benchmark.cpp
LIB3	lib/acr/qualification/benchmarks/reduction_benchmark.cpp
LIB3	lib/acr/qualification/benchmarks/stream_benchmark.cpp
LIB3	lib/acr/qualification/benchmarks/thread_curve_benchmark.cpp
LIB3	lib/acr/qualification/benchmarks/transfer_benchmark.cpp
LIB3	lib/acr/qualification/focused/acr_benchmark_focused_main.cpp
LIB3	lib/acr/qualification/focused/focused_benchmark.cpp
LIB3	lib/acr/qualification/focused/focused_benchmark.hpp
LIB3	lib/acr/qualification/focused/focused_operations.cpp
LIB3	lib/acr/qualification/focused/focused_operations.hpp
LIB3	lib/acr/qualification/focused/operation_profile.cpp
LIB3	lib/acr/qualification/focused/operation_profile.hpp
LIB3	lib/acr/qualification/profile_generator.cpp
LIB3	lib/acr/qualification/profile_generator.hpp
LIB3	lib/acr/qualification/profile_schema.hpp
LIB3	lib/acr/routing/CMakeLists.txt
LIB3	lib/acr/routing/benchmark_route_estimator.cpp
LIB3	lib/acr/routing/benchmark_route_estimator.hpp
LIB3	lib/acr/routing/route_profile_v2.cpp
LIB3	lib/acr/routing/route_profile_v2.hpp
LIB3	lib/acr/scheduler/CMakeLists.txt
LIB3	lib/acr/scheduler/current_state.cpp
LIB3	lib/acr/scheduler/current_state.hpp
LIB3	lib/acr/scheduler/device_executor.cpp
LIB3	lib/acr/scheduler/device_executor.hpp
LIB3	lib/acr/scheduler/dispatcher.cpp
LIB3	lib/acr/scheduler/dispatcher.hpp
LIB3	lib/acr/scheduler/fallback.cpp
LIB3	lib/acr/scheduler/fallback.hpp
LIB3	lib/acr/scheduler/mixed_route_planner.cpp
LIB3	lib/acr/scheduler/mixed_route_planner.hpp
LIB3	lib/acr/scheduler/mixed_runner.cpp
LIB3	lib/acr/scheduler/mixed_runner.hpp
LIB3	lib/acr/scheduler/partitioner.cpp
LIB3	lib/acr/scheduler/partitioner.hpp
LIB3	lib/acr/scheduler/queue_aware.cpp
LIB3	lib/acr/scheduler/queue_aware.hpp
LIB3	lib/acr/scheduler/reduction_merger.cpp
LIB3	lib/acr/scheduler/reduction_merger.hpp
LIB3	lib/acr/scheduler/residency_manager.cpp
LIB3	lib/acr/scheduler/residency_manager.hpp
LIB3	lib/acr/scheduler/shared_work_pool.cpp
LIB3	lib/acr/scheduler/shared_work_pool.hpp
LIB3	lib/acr/schemas/compute_config.example.yaml
LIB3	lib/acr/schemas/evidence_manifest.schema.json
LIB3	lib/acr/schemas/hardware_profile.example.json
LIB3	lib/acr/schemas/hardware_profile.schema.json
LIB3	lib/acr/schemas/task_descriptor.schema.json
LIB3	lib/acr/tests/CMakeLists.txt
LIB3	lib/acr/tests/classic/CMakeLists.txt
LIB3	lib/acr/tests/classic/classic_common.hpp
LIB3	lib/acr/tests/classic/classic_main.cpp
LIB3	lib/acr/tests/classic/cpu_partition_coverage.cpp
LIB3	lib/acr/tests/classic/e01_memory.cpp
LIB3	lib/acr/tests/classic/e02_axpy.cpp
LIB3	lib/acr/tests/classic/e03_dot.cpp
LIB3	lib/acr/tests/classic/e04_transpose.cpp
LIB3	lib/acr/tests/classic/e05_convolution.cpp
LIB3	lib/acr/tests/classic/e06_resample.cpp
LIB3	lib/acr/tests/classic/e07_histogram.cpp
LIB3	lib/acr/tests/classic/e08_scan.cpp
LIB3	lib/acr/tests/classic/e09_gather_scatter.cpp
LIB3	lib/acr/tests/classic/e10_mandelbrot.cpp
LIB3	lib/acr/tests/classic/e11_gemm.cpp
LIB3	lib/acr/tests/classic/e12_fft.cpp
LIB3	lib/acr/tests/classic/e15_failure.cpp
LIB3	lib/acr/tests/classic/e16_concurrency.cpp
LIB3	lib/acr/tests/classic/e17_model_fit.cpp
LIB3	lib/acr/tests/classic/e18_workpool.cpp
LIB3	lib/acr/tests/classic/e20_fault_fallback.cpp
LIB3	lib/acr/tests/classic/e21_persistence_concurrency.cpp
LIB3	lib/acr/tests/fault/CMakeLists.txt
LIB3	lib/acr/tests/fault/exit_safe.hpp
LIB3	lib/acr/tests/fault/fault_injection.cpp
LIB3	lib/acr/tests/fault/lifecycle_smoke.cpp
LIB3	lib/acr/tests/fault/persistence.cpp
LIB3	lib/acr/tests/fault/sanitizer_actual.cpp
LIB3	lib/acr/tests/integration/CMakeLists.txt
LIB3	lib/acr/tests/integration/test_weighted_integration.cpp
LIB3	lib/acr/tests/sanitizer/msvc_asan_main.cpp
LIB3	lib/acr/tests/sanitizer/run_acr_sanitizers.ps1
LIB3	lib/acr/tests/unit/CMakeLists.txt
LIB3	lib/acr/tests/unit/test_api.cpp
LIB3	lib/acr/tests/unit/test_api_traits.cpp
LIB3	lib/acr/tests/unit/test_buffer.cpp
LIB3	lib/acr/tests/unit/test_cost.cpp
LIB3	lib/acr/tests/unit/test_cpu_profile.cpp
LIB3	lib/acr/tests/unit/test_cuda.cpp
LIB3	lib/acr/tests/unit/test_cuda_bridge.cpp
LIB3	lib/acr/tests/unit/test_cuda_bridge_chunk.cpp
LIB3	lib/acr/tests/unit/test_device_executor.cpp
LIB3	lib/acr/tests/unit/test_dispatcher_bdr.cpp
LIB3	lib/acr/tests/unit/test_focused_mixed.cpp
LIB3	lib/acr/tests/unit/test_focused_operation.cpp
LIB3	lib/acr/tests/unit/test_hardware_profile.cpp
LIB3	lib/acr/tests/unit/test_invocation_dispatch.cpp
LIB3	lib/acr/tests/unit/test_kernel_registry.cpp
LIB3	lib/acr/tests/unit/test_mixed_route.cpp
LIB3	lib/acr/tests/unit/test_profile_holdout.cpp
LIB3	lib/acr/tests/unit/test_qualification.cpp
LIB3	lib/acr/tests/unit/test_residency.cpp
LIB3	lib/acr/tests/unit/test_resource_control.cpp
LIB3	lib/acr/tests/unit/test_route_calibration.cpp
LIB3	lib/acr/tests/unit/test_route_estimator.cpp
LIB3	lib/acr/tests/unit/test_scheduler.cpp
LIB3	lib/acr/tests/unit/test_task_descriptor.cpp
LIB3	lib/acr/tests/unit/test_topology.cpp
LIB3	lib/acr/tests/unit/test_utilization.cpp
LIB3	lib/acr/tests/unit/test_work_pool.cpp
LIB3	lib/acr/tools/acr_benchmark/CMakeLists.txt
LIB3	lib/acr/tools/acr_benchmark/main.cpp
LIB3	lib/acr/tools/acr_classic_runner/CMakeLists.txt
LIB3	lib/acr/tools/acr_classic_runner/main.cpp
LIB3	lib/acr/tools/acr_report/CMakeLists.txt
LIB3	lib/acr/tools/acr_report/main.cpp
LIB3	lib/acr/tools/acr_status/CMakeLists.txt
LIB3	lib/acr/tools/acr_status/main.cpp
LIB3	lib/acr/topology/CMakeLists.txt
LIB3	lib/acr/topology/cpu_features.cpp
LIB3	lib/acr/topology/hwloc_topo.cpp
LIB3	lib/acr/utilization/CMakeLists.txt
LIB3	lib/acr/utilization/actual_tracker.cpp
LIB3	lib/acr/utilization/actual_tracker.hpp
LIB3	lib/acr/utilization/config_hot_read.cpp
LIB3	lib/acr/utilization/config_hot_read.hpp
LIB3	lib/acr/utilization/memory_budget.cpp
LIB3	lib/acr/utilization/memory_budget.hpp
LIB3	lib/acr/utilization/staging_ledger.cpp
LIB3	lib/acr/utilization/staging_ledger.hpp
LIB3	lib/acr/utilization/system_metrics.cpp
LIB3	lib/acr/utilization/system_metrics.hpp
LIB3	lib/hips/CMakeLists.txt
LIB3	lib/hips/README.md
LIB3	lib/hips/include/astrocs/hips/publish.h
LIB3	lib/hips/include/astrocs/hips/types.h
LIB3	lib/hips/memory.md
LIB3	lib/hips/module.yaml
LIB3	lib/hips/src/aio_publish.cpp
LIB3	lib/hips/src/astrocs_p1_hips_writer.def
LIB3	lib/hips/src/module_entry.cpp
LIB3	lib/hips/src/module_exports.map
LIB3	lib/io/src/io_adapter.cpp
LIB3	lib/phase3_session/README.md
LIB3	lib/phase3_session/hips_properties.cpp
LIB3	lib/phase3_session/hips_properties.h
LIB3	lib/phase3_session/p3_output.cpp
LIB3	lib/phase3_session/p3_output.h
LIB3	lib/phase3_session/p3_resample.cpp
LIB3	lib/phase3_session/p3_resample.h
LIB3	lib/phase3_session/p3_session.cpp
LIB3	lib/phase3_session/p3_session.h
LIB3	lib/phase3_session/p3_v6_export.cpp
LIB3	lib/phase3_session/p3_v6_export.h
LIB3	lib/phase3_session/p3_wcs.cpp
LIB3	lib/phase3_session/p3_wcs.h
LIB3	runtime/artifact_store/artifact_abi_v1.c
LIB3	runtime/artifact_store/artifact_manifest_validator.py
LIB3	runtime/artifact_store/phase_product_exchange_validator.py
LIB3	runtime/artifact_store/production_store.py
LIB3	runtime/artifact_store/provenance.py
LIB3	runtime/core/phase_lifecycle.README.md
LIB3	runtime/core/phase_lifecycle.py
LIB3	runtime/io/fits_core.c
LIB3	runtime/io/fits_verify.py
LIB3	runtime/io/hips_core.c
LIB3	runtime/io/hips_output_store.py
LIB3	runtime/logging/README.md
LIB3	runtime/logging/log_event.py
LIB3	runtime/logging/log_event_v1.schema.json
LIB3	runtime/module_loader/README.md
LIB3	runtime/module_loader/secure_loader.c
LIB3	runtime/module_loader/secure_loader.h
LIB3	runtime/monitoring/__init__.py
LIB3	runtime/monitoring/linux_procfs.py
LIB3	runtime/monitoring/monitor.py
LIB3	runtime/monitoring/runner.py
LIB3	runtime/monitoring/trace_feed.py
LIB3	runtime/monitoring/windows_pdh_etw.py
LIB3	runtime/pipeline/fixtures/phase2_typed_dag.json
LIB3	runtime/pipeline/module_ports.registry.json
LIB3	runtime/pipeline/trace_replay.py
LIB3	runtime/pipeline/typed_dag.py
LIB3	runtime/pipeline/typed_dag.schema.json
LIB3	runtime/pipeline/typed_dag_contract.h
LIB3	runtime/registry/module_registry.c
LIB3	runtime/registry/module_registry.h
LIB3	runtime/v6_budget.py
LIB4	cli/CMakeLists.txt
LIB4	cli/astrocs_process.h
LIB4	cli/cancel_token.h
LIB4	cli/cli_common.h
LIB4	cli/commands.cpp
LIB4	cli/exit_codes.h
LIB4	cli/jsonl.h
LIB4	cli/main.cpp
LIB4	cli/memory_growth.h
LIB4	cli/memory_report.h
LIB4	cli/monitor.h
LIB4	cli/parser.cpp
LIB4	cli/process.cpp
LIB4	cli/protocol.h
LIB4	cli/resource_events.h
LIB4	cli/resource_gate.h
LIB4	cli/resource_recorder.h
LIB4	cli/runtime_client.cpp
LIB4	cli/runtime_client.h
LIB4	cli/v6_mode_gate.h
LIB4	cli/v6_runtime_contract.h
LIB4	cli/version_generated.h.in
LIB4	include/astrocs/abi/artifact_api_v1.h
LIB4	include/astrocs/abi/host_api_v1.h
LIB4	include/astrocs/abi/lifecycle_v1.h
LIB4	include/astrocs/abi/module_api_v1.h
LIB4	include/astrocs/abi/status_codes.h
LIB4	include/astrocs/common_abi_v1.h
LIB4	include/astrocs/contracts/artifact_abi_v1.h
LIB4	include/astrocs/core/artifact.h
LIB4	include/astrocs/core/artifact_store.h
LIB4	include/astrocs/core/checkpoint.h
LIB4	include/astrocs/core/context.h
LIB4	include/astrocs/core/contracts.h
LIB4	include/astrocs/core/executor.h
LIB4	include/astrocs/core/logging.h
LIB4	include/astrocs/core/module.h
LIB4	include/astrocs/core/module_adapters.h
LIB4	include/astrocs/core/pipeline.h
LIB4	include/astrocs/core/plan_estimator.h
LIB4	include/astrocs/core/runtime.h
LIB4	include/astrocs/core/scheduler.h
LIB4	include/astrocs/core/trace.h
LIB4	include/astrocs/io/aio_abi_v1.h
LIB4	include/astrocs/io/io_adapter.h
LIB4	lib/astro_image_io/.gitignore
LIB4	lib/astro_image_io/Makefile
LIB4	lib/astro_image_io/README.md
LIB4	lib/astro_image_io/aio_build_config.full.json
LIB4	lib/astro_image_io/aio_build_config.healpix.json
LIB4	lib/astro_image_io/aio_build_config.json
LIB4	lib/astro_image_io/aio_build_config.minimal.json
LIB4	lib/astro_image_io/build.ps1
LIB4	lib/astro_image_io/docs/HEALPIX_FORMAT_SPEC.md
LIB4	lib/astro_image_io/include/aio_ahpx_format.h
LIB4	lib/astro_image_io/include/aio_healpix_io.h
LIB4	lib/astro_image_io/include/aio_hips.h
LIB4	lib/astro_image_io/include/aio_hips_reader.h
LIB4	lib/astro_image_io/include/aio_pipeline.h
LIB4	lib/astro_image_io/include/aio_pipeline_engine.h
LIB4	lib/astro_image_io/include/aio_upm.h
LIB4	lib/astro_image_io/include/astro_image_io.h
LIB4	lib/astro_image_io/include/hiss_format.h
LIB4	lib/astro_image_io/memory.md
LIB4	lib/astro_image_io/pyproject.toml
LIB4	lib/astro_image_io/src/ahpx/DEPRECATED.md
LIB4	lib/astro_image_io/src/ahpx/aio_ahpx_api.cpp
LIB4	lib/astro_image_io/src/ahpx/aio_ahpx_reader.cpp
LIB4	lib/astro_image_io/src/ahpx/aio_ahpx_reader.h
LIB4	lib/astro_image_io/src/ahpx/aio_ahpx_writer.cpp
LIB4	lib/astro_image_io/src/ahpx/aio_ahpx_writer.h
LIB4	lib/astro_image_io/src/aio_abi.cpp
LIB4	lib/astro_image_io/src/aio_api.cpp
LIB4	lib/astro_image_io/src/aio_cfitsio_mutex.h
LIB4	lib/astro_image_io/src/aio_compressor.cpp
LIB4	lib/astro_image_io/src/aio_compressor.h
LIB4	lib/astro_image_io/src/aio_fits.cpp
LIB4	lib/astro_image_io/src/aio_fits.h
LIB4	lib/astro_image_io/src/aio_log.cpp
LIB4	lib/astro_image_io/src/aio_log.h
LIB4	lib/astro_image_io/src/aio_pipeline.cpp
LIB4	lib/astro_image_io/src/aio_pipeline_engine.cpp
LIB4	lib/astro_image_io/src/aio_upm.cpp
LIB4	lib/astro_image_io/src/aio_util.h
LIB4	lib/astro_image_io/src/aio_xisf.cpp
LIB4	lib/astro_image_io/src/aio_xisf.h
LIB4	lib/astro_image_io/src/healpix/aio_healpix_io.cpp
LIB4	lib/astro_image_io/src/hips/aio_hips_reader.cpp
LIB4	lib/astro_image_io/src/hips/aio_hips_writer.cpp
LIB4	lib/astro_image_io/src/hiss_codec.cpp
LIB4	lib/astro_image_io/src/hiss_common.cpp
LIB4	lib/astro_image_io/src/hiss_reader.cpp
LIB4	lib/astro_image_io/src/hiss_stream_writer.cpp
LIB4	lib/astro_image_io/src/hiss_stream_writer.h
LIB4	lib/astro_image_io/src/hiss_tile_model.cpp
LIB4	lib/astro_image_io/src/hiss_tile_model.h
LIB4	lib/astro_image_io/src/hiss_transform.cpp
LIB4	lib/astro_image_io/src/hiss_transform.h
LIB4	lib/astro_image_io/src/hiss_writer.cpp
LIB4	lib/astro_image_io/tests/dataflow_fuzz.cpp
LIB4	lib/astro_image_io/tests/gaia_sanitize_driver.c
LIB4	lib/astro_image_io/tests/hips_direct_smoke.py
LIB4	lib/astro_image_io/tests/hips_mapping_oracle.py
LIB4	lib/astro_image_io/tests/hips_robust_sanitize_driver.cpp
LIB4	lib/astro_image_io/tests/hips_sanitize_driver.cpp
LIB4	lib/astro_image_io/tests/hiss_benchmark.cpp
LIB4	lib/astro_image_io/tests/hiss_correctness_test.cpp
LIB4	lib/astro_image_io/tests/hiss_experiment_suite.cpp
LIB4	lib/astro_image_io/tests/hiss_experiments.cpp
LIB4	lib/astro_image_io/tests/hiss_writer_smoke.cpp
LIB4	lib/astro_image_io/tests/p1hips/CMakeLists.txt
LIB4	lib/astro_image_io/tests/p1hips/p1hips_digest_verify.cpp
LIB4	lib/astro_image_io/tests/p1hips/p1hips_fixtures.hpp
LIB4	lib/astro_image_io/tests/p1hips/p1hips_oracle.hpp
LIB4	lib/astro_image_io/tests/p1hips/p1hips_test_main.hpp
LIB4	lib/astro_image_io/tests/p1hips/p1hips_tests_diag_prov.cpp
LIB4	lib/astro_image_io/tests/p1hips/p1hips_tests_main.cpp
LIB4	lib/astro_image_io/tests/p1hips/p1hips_tests_negative.cpp
LIB4	lib/astro_image_io/tests/p1hips/p1hips_tests_oracle.cpp
LIB4	lib/astro_image_io/tests/p1hips/p1hips_tests_perf.cpp
LIB4	lib/astro_image_io/tests/p1hips/p1hips_tests_properties.cpp
LIB4	lib/astro_image_io/tests/p1hips/p1hips_tests_selfcheck.cpp
LIB4	lib/astro_image_io/tests/p1hips/p1hips_tests_units.cpp
LIB4	lib/astro_image_io/tests/p2hips/CMakeLists.txt
LIB4	lib/astro_image_io/tests/p2hips/p2hips_test_main.hpp
LIB4	lib/astro_image_io/tests/p2hips/p2hips_unc_prov_test.cpp
LIB4	lib/astro_image_io/tests/pipeline_frame_contract_test.cpp
LIB4	lib/astro_image_io/tests/results/dq001_codec_comparison.csv
LIB4	lib/astro_image_io/tests/results/dq002_occupancy_mode.csv
LIB4	lib/astro_image_io/tests/results/dq003_random_read_latency.csv
LIB4	lib/astro_image_io/tests/results/dq004_drizzle_profile.csv
LIB4	lib/astro_image_io/tests/results/dq005_writer_memory.csv
LIB4	lib/astro_image_io/tests/results/dq006_auto_nside.csv
LIB4	lib/astro_image_io/tests/results/dq007_signal_support_semantics.csv
LIB4	lib/astro_image_io/tests/results/performance_report.md
LIB4	lib/astro_image_io/tests/sanitize_wsl.sh
LIB4	lib/astro_image_io/tests/sanitize_wsl_v4.sh
LIB4	lib/astro_image_io/tests/sanitize_wsl_v5.sh
LIB4	lib/astro_image_io/tests/test_checksum.cpp
LIB4	lib/astro_image_io/tests/test_drizzle_integration.cpp
LIB4	lib/astro_image_io/tests/test_export_fits_fix.py
LIB4	lib/astro_image_io/tests/test_healpix_io.py
LIB4	lib/astro_image_io/tests/test_healpix_io_py.py
LIB4	lib/astro_image_io/tests/test_output.txt
LIB4	lib/astro_image_io/tests/test_p0_io_hardening.cpp
LIB4	lib/astro_image_io/tests/test_p1_io_hardening.cpp
LIB4	lib/astro_image_io/tests/test_pipeline_blocks.py
LIB4	lib/astro_image_io/tests/test_precision_dual.cpp
LIB4	lib/astro_image_io/tests/test_psf_fit_handler.py
LIB4	lib/astro_image_io/tests/test_query_pixel.cpp
LIB4	lib/astro_image_io/tests/test_report.md
LIB4	lib/astro_image_io/tests/test_snr_unknown_block.cpp
LIB4	lib/astro_image_io/tests/test_tile_model.cpp
LIB4	lib/astro_image_io/tests/test_transform.cpp
LIB4	lib/astro_image_io/tests/test_wph_cli_browser.cpp
LIB4	lib/astro_image_io/tests/test_writer_integration.cpp
LIB4	lib/astro_image_io/tests/v5_maptile_oracle.py
LIB4	lib/astro_image_io/tests/v5_snr_precision_roundtrip.py
LIB4	lib/astro_image_io/third_party/cfitsio/.gitattributes
LIB4	lib/astro_image_io/third_party/cfitsio/.github/workflows/ci.yml
LIB4	lib/astro_image_io/third_party/cfitsio/.github/workflows/codeql.yml
LIB4	lib/astro_image_io/third_party/cfitsio/.github/workflows/documentation.yml
LIB4	lib/astro_image_io/third_party/cfitsio/.gitignore
LIB4	lib/astro_image_io/third_party/cfitsio/CMakeLists.txt
LIB4	lib/astro_image_io/third_party/cfitsio/ChangeLog
LIB4	lib/astro_image_io/third_party/cfitsio/INSTALL
LIB4	lib/astro_image_io/third_party/cfitsio/Makefile.am
LIB4	lib/astro_image_io/third_party/cfitsio/Makefile.in
LIB4	lib/astro_image_io/third_party/cfitsio/README.MacOS
LIB4	lib/astro_image_io/third_party/cfitsio/README.md
LIB4	lib/astro_image_io/third_party/cfitsio/README.win
LIB4	lib/astro_image_io/third_party/cfitsio/README_OLD.win
LIB4	lib/astro_image_io/third_party/cfitsio/SECURITY.md
LIB4	lib/astro_image_io/third_party/cfitsio/aclocal.m4
LIB4	lib/astro_image_io/third_party/cfitsio/buffers.c
LIB4	lib/astro_image_io/third_party/cfitsio/cfileio.c
LIB4	lib/astro_image_io/third_party/cfitsio/cfitsio.pc.cmake
LIB4	lib/astro_image_io/third_party/cfitsio/cfitsio.pc.in
LIB4	lib/astro_image_io/third_party/cfitsio/cfitsio.spec
LIB4	lib/astro_image_io/third_party/cfitsio/cfitsio.xcodeproj/project.pbxproj
LIB4	lib/astro_image_io/third_party/cfitsio/cfortran.h
LIB4	lib/astro_image_io/third_party/cfitsio/checksum.c
LIB4	lib/astro_image_io/third_party/cfitsio/cmake/cfitsioConfig.cmake
LIB4	lib/astro_image_io/third_party/cfitsio/cmake/portfile.cmake
LIB4	lib/astro_image_io/third_party/cfitsio/cmake/vcpkg.json
LIB4	lib/astro_image_io/third_party/cfitsio/config/compile
LIB4	lib/astro_image_io/third_party/cfitsio/config/config.guess
LIB4	lib/astro_image_io/third_party/cfitsio/config/config.sub
LIB4	lib/astro_image_io/third_party/cfitsio/config/depcomp
LIB4	lib/astro_image_io/third_party/cfitsio/config/install-sh
LIB4	lib/astro_image_io/third_party/cfitsio/config/ltmain.sh
LIB4	lib/astro_image_io/third_party/cfitsio/config/missing
LIB4	lib/astro_image_io/third_party/cfitsio/config/test-driver
LIB4	lib/astro_image_io/third_party/cfitsio/configure
LIB4	lib/astro_image_io/third_party/cfitsio/configure.ac
LIB4	lib/astro_image_io/third_party/cfitsio/docs/cfitsio.pdf
LIB4	lib/astro_image_io/third_party/cfitsio/docs/cfitsio.tex
LIB4	lib/astro_image_io/third_party/cfitsio/docs/cfortran.doc
LIB4	lib/astro_image_io/third_party/cfitsio/docs/fitsio.pdf
LIB4	lib/astro_image_io/third_party/cfitsio/docs/fitsio.tex
LIB4	lib/astro_image_io/third_party/cfitsio/docs/fpackguide.md
LIB4	lib/astro_image_io/third_party/cfitsio/docs/fpackguide.pdf
LIB4	lib/astro_image_io/third_party/cfitsio/docs/quick.pdf
LIB4	lib/astro_image_io/third_party/cfitsio/docs/quick.tex
LIB4	lib/astro_image_io/third_party/cfitsio/drvrfile.c
LIB4	lib/astro_image_io/third_party/cfitsio/drvrgsiftp.c
LIB4	lib/astro_image_io/third_party/cfitsio/drvrgsiftp.h
LIB4	lib/astro_image_io/third_party/cfitsio/drvrmem.c
LIB4	lib/astro_image_io/third_party/cfitsio/drvrnet.c
LIB4	lib/astro_image_io/third_party/cfitsio/drvrsmem.c
LIB4	lib/astro_image_io/third_party/cfitsio/drvrsmem.h
LIB4	lib/astro_image_io/third_party/cfitsio/editcol.c
LIB4	lib/astro_image_io/third_party/cfitsio/edithdu.c
LIB4	lib/astro_image_io/third_party/cfitsio/eval.l
LIB4	lib/astro_image_io/third_party/cfitsio/eval.y
LIB4	lib/astro_image_io/third_party/cfitsio/eval_defs.h
LIB4	lib/astro_image_io/third_party/cfitsio/eval_f.c
LIB4	lib/astro_image_io/third_party/cfitsio/eval_l.c
LIB4	lib/astro_image_io/third_party/cfitsio/eval_tab.h
LIB4	lib/astro_image_io/third_party/cfitsio/eval_y.c
LIB4	lib/astro_image_io/third_party/cfitsio/f77.inc
LIB4	lib/astro_image_io/third_party/cfitsio/f77_wrap.h
LIB4	lib/astro_image_io/third_party/cfitsio/f77_wrap1.c
LIB4	lib/astro_image_io/third_party/cfitsio/f77_wrap2.c
LIB4	lib/astro_image_io/third_party/cfitsio/f77_wrap3.c
LIB4	lib/astro_image_io/third_party/cfitsio/f77_wrap4.c
LIB4	lib/astro_image_io/third_party/cfitsio/fits_hcompress.c
LIB4	lib/astro_image_io/third_party/cfitsio/fits_hdecompress.c
LIB4	lib/astro_image_io/third_party/cfitsio/fitscore.c
LIB4	lib/astro_image_io/third_party/cfitsio/fitsio.h
LIB4	lib/astro_image_io/third_party/cfitsio/fitsio2.h
LIB4	lib/astro_image_io/third_party/cfitsio/getcol.c
LIB4	lib/astro_image_io/third_party/cfitsio/getcolb.c
LIB4	lib/astro_image_io/third_party/cfitsio/getcold.c
LIB4	lib/astro_image_io/third_party/cfitsio/getcole.c
LIB4	lib/astro_image_io/third_party/cfitsio/getcoli.c
LIB4	lib/astro_image_io/third_party/cfitsio/getcolj.c
LIB4	lib/astro_image_io/third_party/cfitsio/getcolk.c
LIB4	lib/astro_image_io/third_party/cfitsio/getcoll.c
LIB4	lib/astro_image_io/third_party/cfitsio/getcols.c
LIB4	lib/astro_image_io/third_party/cfitsio/getcolsb.c
LIB4	lib/astro_image_io/third_party/cfitsio/getcolui.c
LIB4	lib/astro_image_io/third_party/cfitsio/getcoluj.c
LIB4	lib/astro_image_io/third_party/cfitsio/getcoluk.c
LIB4	lib/astro_image_io/third_party/cfitsio/getkey.c
LIB4	lib/astro_image_io/third_party/cfitsio/group.c
LIB4	lib/astro_image_io/third_party/cfitsio/group.h
LIB4	lib/astro_image_io/third_party/cfitsio/grparser.c
LIB4	lib/astro_image_io/third_party/cfitsio/grparser.h
LIB4	lib/astro_image_io/third_party/cfitsio/histo.c
LIB4	lib/astro_image_io/third_party/cfitsio/imcompress.c
LIB4	lib/astro_image_io/third_party/cfitsio/iraffits.c
LIB4	lib/astro_image_io/third_party/cfitsio/iter_a.c
LIB4	lib/astro_image_io/third_party/cfitsio/iter_a.f
LIB4	lib/astro_image_io/third_party/cfitsio/iter_b.c
LIB4	lib/astro_image_io/third_party/cfitsio/iter_b.f
LIB4	lib/astro_image_io/third_party/cfitsio/iter_c.c
LIB4	lib/astro_image_io/third_party/cfitsio/iter_c.f
LIB4	lib/astro_image_io/third_party/cfitsio/licenses/License.txt
LIB4	lib/astro_image_io/third_party/cfitsio/longnam.h
LIB4	lib/astro_image_io/third_party/cfitsio/m4/ax_cfitsio.m4
LIB4	lib/astro_image_io/third_party/cfitsio/m4/libtool.m4
LIB4	lib/astro_image_io/third_party/cfitsio/m4/ltoptions.m4
LIB4	lib/astro_image_io/third_party/cfitsio/m4/ltsugar.m4
LIB4	lib/astro_image_io/third_party/cfitsio/m4/ltversion.m4
LIB4	lib/astro_image_io/third_party/cfitsio/m4/lt~obsolete.m4
LIB4	lib/astro_image_io/third_party/cfitsio/modkey.c
LIB4	lib/astro_image_io/third_party/cfitsio/pliocomp.c
LIB4	lib/astro_image_io/third_party/cfitsio/putcol.c
LIB4	lib/astro_image_io/third_party/cfitsio/putcolb.c
LIB4	lib/astro_image_io/third_party/cfitsio/putcold.c
LIB4	lib/astro_image_io/third_party/cfitsio/putcole.c
LIB4	lib/astro_image_io/third_party/cfitsio/putcoli.c
LIB4	lib/astro_image_io/third_party/cfitsio/putcolj.c
LIB4	lib/astro_image_io/third_party/cfitsio/putcolk.c
LIB4	lib/astro_image_io/third_party/cfitsio/putcoll.c
LIB4	lib/astro_image_io/third_party/cfitsio/putcols.c
LIB4	lib/astro_image_io/third_party/cfitsio/putcolsb.c
LIB4	lib/astro_image_io/third_party/cfitsio/putcolu.c
LIB4	lib/astro_image_io/third_party/cfitsio/putcolui.c
LIB4	lib/astro_image_io/third_party/cfitsio/putcoluj.c
LIB4	lib/astro_image_io/third_party/cfitsio/putcoluk.c
LIB4	lib/astro_image_io/third_party/cfitsio/putkey.c
LIB4	lib/astro_image_io/third_party/cfitsio/quantize.c
LIB4	lib/astro_image_io/third_party/cfitsio/region.c
LIB4	lib/astro_image_io/third_party/cfitsio/region.h
LIB4	lib/astro_image_io/third_party/cfitsio/ricecomp.c
LIB4	lib/astro_image_io/third_party/cfitsio/run-testprog
LIB4	lib/astro_image_io/third_party/cfitsio/sample.tpl
LIB4	lib/astro_image_io/third_party/cfitsio/scalnull.c
LIB4	lib/astro_image_io/third_party/cfitsio/simplerng.c
LIB4	lib/astro_image_io/third_party/cfitsio/simplerng.h
LIB4	lib/astro_image_io/third_party/cfitsio/swapproc.c
LIB4	lib/astro_image_io/third_party/cfitsio/testf77.std
LIB4	lib/astro_image_io/third_party/cfitsio/testprog.std
LIB4	lib/astro_image_io/third_party/cfitsio/testprog.tpt
LIB4	lib/astro_image_io/third_party/cfitsio/utilities/cookbook.c
LIB4	lib/astro_image_io/third_party/cfitsio/utilities/cookbook.f
LIB4	lib/astro_image_io/third_party/cfitsio/utilities/fitscopy.c
LIB4	lib/astro_image_io/third_party/cfitsio/utilities/fitsverify.c
LIB4	lib/astro_image_io/third_party/cfitsio/utilities/fpack.c
LIB4	lib/astro_image_io/third_party/cfitsio/utilities/fpack.h
LIB4	lib/astro_image_io/third_party/cfitsio/utilities/fpackutil.c
LIB4	lib/astro_image_io/third_party/cfitsio/utilities/ftverify.c
LIB4	lib/astro_image_io/third_party/cfitsio/utilities/funpack.c
LIB4	lib/astro_image_io/third_party/cfitsio/utilities/fverify.h
LIB4	lib/astro_image_io/third_party/cfitsio/utilities/fvrf_data.c
LIB4	lib/astro_image_io/third_party/cfitsio/utilities/fvrf_file.c
LIB4	lib/astro_image_io/third_party/cfitsio/utilities/fvrf_head.c
LIB4	lib/astro_image_io/third_party/cfitsio/utilities/fvrf_key.c
LIB4	lib/astro_image_io/third_party/cfitsio/utilities/fvrf_misc.c
LIB4	lib/astro_image_io/third_party/cfitsio/utilities/imcopy.c
LIB4	lib/astro_image_io/third_party/cfitsio/utilities/iter_image.c
LIB4	lib/astro_image_io/third_party/cfitsio/utilities/iter_var.c
LIB4	lib/astro_image_io/third_party/cfitsio/utilities/smem.c
LIB4	lib/astro_image_io/third_party/cfitsio/utilities/speed.c
LIB4	lib/astro_image_io/third_party/cfitsio/utilities/testf77.f
LIB4	lib/astro_image_io/third_party/cfitsio/utilities/testprog.c
LIB4	lib/astro_image_io/third_party/cfitsio/vmsieee.c
LIB4	lib/astro_image_io/third_party/cfitsio/wcssub.c
LIB4	lib/astro_image_io/third_party/cfitsio/wcsutil.c
LIB4	lib/astro_image_io/third_party/cfitsio/winDumpExts.mak
LIB4	lib/astro_image_io/third_party/cfitsio/win_compat/unistd.h
LIB4	lib/astro_image_io/third_party/cfitsio/windumpexts.c
LIB4	lib/astro_image_io/third_party/cfitsio/zcompress.c
LIB4	lib/astro_image_io/third_party/cfitsio/zuncompress.c
LIB4	lib/astro_image_io/v6/CMakeLists.txt
LIB4	lib/astro_image_io/v6/README.md
LIB4	lib/astro_image_io/v6/include/astro/aio/v6_atomic_publish.h
LIB4	lib/astro_image_io/v6/include/astro/aio/v6_bunit.h
LIB4	lib/astro_image_io/v6/include/astro/aio/v6_fits.h
LIB4	lib/astro_image_io/v6/include/astro/aio/v6_hips_manifest.h
LIB4	lib/astro_image_io/v6/include/astro/aio/v6_product_io.h
LIB4	lib/astro_image_io/v6/include/astro/aio/v6_provenance.h
LIB4	lib/astro_image_io/v6/include/astro/aio/v6_sha256.h
LIB4	lib/astro_image_io/v6/include/astro/aio/v6_validation.h
LIB4	lib/astro_image_io/v6/src/v6_atomic_publish.cpp
LIB4	lib/astro_image_io/v6/src/v6_bunit.cpp
LIB4	lib/astro_image_io/v6/src/v6_fits.cpp
LIB4	lib/astro_image_io/v6/src/v6_hips_manifest.cpp
LIB4	lib/astro_image_io/v6/src/v6_product_io.cpp
LIB4	lib/astro_image_io/v6/src/v6_provenance.cpp
LIB4	lib/astro_image_io/v6/src/v6_sha256.cpp
LIB4	lib/backend_host/avx2_backend.cpp
LIB4	lib/backend_host/avx512_backend.cpp
LIB4	lib/backend_host/avx_backend.cpp
LIB4	lib/backend_host/backend_loader.cpp
LIB4	lib/backend_host/backend_loader.h
LIB4	lib/backend_host/backend_table.inc
LIB4	lib/backend_host/baseline_backend.cpp
LIB4	lib/backend_host/baseline_kernels.h
LIB4	lib/backend_host/baseline_kernels_impl.inc
LIB4	lib/backend_host/bench_harness.cpp
LIB4	lib/backend_host/bench_harness.h
LIB4	lib/backend_host/bench_report.cpp
LIB4	lib/backend_host/bench_report.h
LIB4	lib/backend_host/cpu_features.cpp
LIB4	lib/backend_host/cpu_features.h
LIB4	lib/backend_host/cpu_routing.cpp
LIB4	lib/backend_host/cpu_routing.h
LIB4	lib/backend_host/hardware_inspect.cpp
LIB4	lib/backend_host/hardware_inspect.h
LIB4	lib/backend_host/host_services.cpp
LIB4	lib/backend_host/profile_gen.cpp
LIB4	lib/backend_host/profile_gen.h
LIB4	lib/backend_host/profile_gen_v2.cpp
LIB4	lib/backend_host/profile_store.cpp
LIB4	lib/backend_host/profile_store.h
LIB4	lib/backend_host/worker_advisor.cpp
LIB4	lib/backend_host/worker_advisor.h
LIB4	lib/core/README.md
LIB4	lib/core/src/artifact.cpp
LIB4	lib/core/src/artifact_store.cpp
LIB4	lib/core/src/checkpoint.cpp
LIB4	lib/core/src/context.cpp
LIB4	lib/core/src/executor.cpp
LIB4	lib/core/src/executor_runtime.h
LIB4	lib/core/src/logging.cpp
LIB4	lib/core/src/module.cpp
LIB4	lib/core/src/module_adapters.cpp
LIB4	lib/core/src/pipeline.cpp
LIB4	lib/core/src/plan_estimator.cpp
LIB4	lib/core/src/runtime.cpp
LIB4	lib/core/src/scheduler.cpp
LIB4	lib/orchestrator/.gitignore
LIB4	lib/orchestrator/README.md
LIB4	lib/orchestrator/configs/stage1.schema.json
LIB4	lib/orchestrator/configs/stage1.template.json
LIB4	lib/orchestrator/configs/stage1_gc_panel1_Red.json
LIB4	lib/orchestrator/configs/stage1_gc_panel2_Red.json
LIB4	lib/orchestrator/configs/stage1_gc_panel3_Red.json
LIB4	lib/orchestrator/cpp/.gitignore
LIB4	lib/orchestrator/cpp/Makefile
LIB4	lib/orchestrator/cpp/include/admission_controller.h
LIB4	lib/orchestrator/cpp/include/checkpoint.h
LIB4	lib/orchestrator/cpp/include/cli_command.h
LIB4	lib/orchestrator/cpp/include/dll_loader.h
LIB4	lib/orchestrator/cpp/include/json_config.h
LIB4	lib/orchestrator/cpp/include/logger.h
LIB4	lib/orchestrator/cpp/include/orchestrator.h
LIB4	lib/orchestrator/cpp/include/resource_monitor.h
LIB4	lib/orchestrator/cpp/include/spill_manager.h
LIB4	lib/orchestrator/cpp/src/checkpoint.cpp
LIB4	lib/orchestrator/cpp/src/cli_command.cpp
LIB4	lib/orchestrator/cpp/src/dll_loader.cpp
LIB4	lib/orchestrator/cpp/src/json_config.cpp
LIB4	lib/orchestrator/cpp/src/logger.cpp
LIB4	lib/orchestrator/cpp/src/main.cpp
LIB4	lib/orchestrator/cpp/src/orchestrator.cpp
LIB4	lib/orchestrator/cpp/tests/test_checkpoint.cpp
LIB4	lib/orchestrator/cpp/tests/test_dll_loader.cpp
LIB4	lib/orchestrator/cpp/tests/test_logger.cpp
LIB4	lib/orchestrator/cpp/tests/test_orchestrator_cli.cpp
LIB4	lib/orchestrator/cpp/tests/test_p1_batchB_fixes.cpp
LIB4	lib/orchestrator/cpp/tests/test_p1_batchH_star_coord.cpp
LIB4	lib/orchestrator/cpp/third_party/json-schema-validator/CMakeLists.txt
LIB4	lib/orchestrator/cpp/third_party/json-schema-validator/json-patch.cpp
LIB4	lib/orchestrator/cpp/third_party/json-schema-validator/json-patch.hpp
LIB4	lib/orchestrator/cpp/third_party/json-schema-validator/json-schema-draft7.json.cpp
LIB4	lib/orchestrator/cpp/third_party/json-schema-validator/json-uri.cpp
LIB4	lib/orchestrator/cpp/third_party/json-schema-validator/json-validator.cpp
LIB4	lib/orchestrator/cpp/third_party/json-schema-validator/nlohmann/json-schema.hpp
LIB4	lib/orchestrator/cpp/third_party/json-schema-validator/smtp-address-validator.cpp
LIB4	lib/orchestrator/cpp/third_party/json-schema-validator/smtp-address-validator.hpp
LIB4	lib/orchestrator/cpp/third_party/json-schema-validator/string-format-check.cpp
LIB4	lib/orchestrator/docs/architecture.md
LIB4	lib/orchestrator/memory.md
LIB4	lib/orchestrator/tests/__init__.py
LIB4	lib/orchestrator/tests/test_orchestrator_e2e.py
LIB4	modules/conformance/echo/CMakeLists.txt
LIB4	modules/conformance/echo/README.md
LIB4	modules/conformance/echo/include/astrocs/echo/types.h
LIB4	modules/conformance/echo/module.yaml
LIB4	modules/conformance/echo/src/echo_module.c
LIB4	modules/conformance/echo/tests/unit/echo_host_callback_test.c
LIB4	modules/conformance/noop/CMakeLists.txt
LIB4	modules/conformance/noop/README.md
LIB4	modules/conformance/noop/include/astrocs/noop/types.h
LIB4	modules/conformance/noop/module.yaml
LIB4	modules/conformance/noop/src/noop_module.c
LIB4	modules/conformance/noop/tests/unit/noop_handshake_test.c
LIB4	modules/services/io/include/astrocs/io/fits_stream_v1.h
LIB4	modules/services/io/include/astrocs/io/hips_input_v1.h
LIB4	modules/services/io/tests/fits_core_selftest.c
LIB4	modules/services/io/tests/hips_core_selftest.c
LIB4	providers/cpu/avx2/include/astrocs/cpu/avx2_provider_v1.h
LIB4	providers/cpu/avx2/src/avx2_provider.cpp
LIB4	providers/cpu/avx512/include/astrocs/cpu/avx512_provider_v1.h
LIB4	providers/cpu/avx512/src/avx512_provider.cpp
LIB4	providers/cpu/baseline/include/astrocs/cpu/baseline_provider_v1.h
LIB4	providers/cpu/baseline/src/baseline_provider.cpp
LIB4	providers/cpu/common/README.md
LIB4	providers/cpu/common/include/astrocs/cpu/capability_v1.h
LIB4	providers/cpu/common/schemas/cpu_capability.schema.json
LIB4	providers/cpu/common/src/capability_detect.c
LIB5	CMakeLists.txt
LIB5	lib/algorithms/fits_output/README.md
LIB5	lib/algorithms/fits_output/memory.md
LIB5	lib/algorithms/fits_output/module.yaml
LIB5	lib/algorithms/integration/README.md
LIB5	lib/algorithms/integration/memory.md
LIB5	lib/algorithms/integration/module.yaml
LIB5	lib/algorithms/integration/v6/CMakeLists.txt
LIB5	lib/algorithms/integration/v6/README.md
LIB5	lib/algorithms/integration/v6/include/astrocs/v6/phase2_integrate.h
LIB5	lib/algorithms/integration/v6/src/phase2_integrate.cpp
LIB5	lib/algorithms/projection/README.md
LIB5	lib/algorithms/projection/memory.md
LIB5	lib/algorithms/projection/module.yaml
LIB5	lib/algorithms/projection/p3_proj_v6.cpp
LIB5	lib/algorithms/projection/p3_proj_v6.h
LIB5	lib/algorithms/projection/p3_projection.cpp
LIB5	lib/algorithms/projection/p3_projection.h
LIB5	lib/algorithms/rejection/CLASSIFY_V1_PROFILE.md
LIB5	lib/algorithms/rejection/README.md
LIB5	lib/algorithms/rejection/memory.md
LIB5	lib/algorithms/rejection/module.yaml
LIB5	lib/algorithms/resample/CMakeLists.txt
LIB5	lib/algorithms/resample/README.md
LIB5	lib/algorithms/resample/V6_PHASE3_RSMP_IMPL.md
LIB5	lib/algorithms/resample/memory.md
LIB5	lib/algorithms/resample/module.yaml
LIB5	lib/algorithms/resample/p3_rsmp.h
LIB5	lib/algorithms/resample/p3_rsmp_covariance.cpp
LIB5	lib/algorithms/resample/p3_rsmp_failclosed.cpp
LIB5	lib/algorithms/resample/p3_rsmp_kernel_registry.cpp
LIB5	lib/algorithms/resample/p3_rsmp_operator.cpp
LIB5	lib/algorithms/resample/p3_rsmp_propagation.cpp
LIB5	lib/algorithms/resample/p3_rsmp_units.cpp
LIB5	lib/algorithms/sampling/README.md
LIB5	lib/algorithms/sampling/memory.md
LIB5	lib/algorithms/sampling/module.yaml
LIB5	lib/algorithms/shared/.gitignore
LIB5	lib/algorithms/shared/Makefile
LIB5	lib/algorithms/shared/crypto/sha256.cpp
LIB5	lib/algorithms/shared/crypto/sha256.h
LIB5	lib/algorithms/shared/dirent_win.h
LIB5	lib/algorithms/shared/healpix/THIRD_PARTY_NOTICE.md
LIB5	lib/algorithms/shared/healpix/healpix_core.cpp
LIB5	lib/algorithms/shared/healpix/healpix_core.h
LIB5	lib/algorithms/shared/healpix/tests/gen_spatial_fuzz.py
LIB5	lib/algorithms/shared/healpix/tests/snr_hips_spatial_oracle.py
LIB5	lib/algorithms/shared/healpix/tests/test_healpix_neighbors.cpp
LIB5	lib/algorithms/shared/healpix/tests/test_healpix_oracle.cpp
LIB5	lib/algorithms/shared/healpix/tests/test_hips_tile_mapping.cpp
LIB5	lib/algorithms/shared/include/astro_scalar.h
LIB5	lib/algorithms/shared/include/precision_context.h
LIB5	lib/algorithms/shared/tests/test_precision.cpp
LIB5	lib/algorithms/upm/README.md
LIB5	lib/algorithms/upm/memory.md
LIB5	lib/algorithms/upm/module.yaml
ROOT	.clang-format
ROOT	.editorconfig
ROOT	.gitattributes
ROOT	.gitignore
ROOT	AGENTS.md
ROOT	ASTROCS_DESIGN.md
ROOT	CMakePresets.json
ROOT	CONTROL_PACK_SPEC.md
ROOT	DEPENDENCIES.md
ROOT	ENGINEERING_SPEC.md
ROOT	FATDUCK_ACCESS.md
ROOT	HANDOVER.md
ROOT	README.md
ROOT	VERSION
ROOT	VISUAL_CHECK_README.md
ROOT	build.sh
ROOT	memory.md
ROOT	run/.gitkeep
ROOT	third_party/nlohmann/json.hpp
ROOT	toolchain.ps1
TEST1	tests/api/__init__.py
TEST1	tests/api/test_cli_protocol.py
TEST1	tests/api/test_common_abi.py
TEST1	tests/api/test_p1_api.py
TEST1	tests/api/test_p2_api.py
TEST1	tests/api/test_p3_api.py
TEST1	tests/api/test_reject_integration_oracle.py
TEST1	tests/api/test_reject_parallel.py
TEST1	tests/api/test_seam_metric_gate.py
TEST1	tests/api/test_upm_parallel.py
TEST1	tests/api/test_upm_recovery_oracle.py
TEST1	tests/arch/__init__.py
TEST1	tests/arch/test_backend_arch.py
TEST1	tests/arch/test_budget_contract.py
TEST1	tests/arch/test_inventory.py
TEST1	tests/arch/test_inventory_generator.py
TEST1	tests/arch/test_phase3_module_arch.py
TEST1	tests/arch/test_single_cli.py
TEST1	tests/arch/test_thread_budget.py
TEST1	tests/cli/__init__.py
TEST1	tests/cli/cli_test_hygiene.py
TEST1	tests/cli/test_bench_cli.py
TEST1	tests/cli/test_cli001_vpi.py
TEST1	tests/cli/test_cli003_semantics.py
TEST1	tests/cli/test_cli004_process_protocol.py
TEST1	tests/cli/test_cli_build.py
TEST1	tests/cli/test_cli_protocol.py
TEST1	tests/cli/test_cli_single_install.py
TEST1	tests/cli/test_cli_v7_surface.py
TEST1	tests/cli/test_iso_acr_gpu_isolation.py
TEST1	tests/cli/test_memory_growth.py
TEST1	tests/cli/test_monitor.py
TEST1	tests/cli/test_monitor_events.py
TEST1	tests/cli/test_p1003_drizzle_path.py
TEST1	tests/cli/test_parallel_queue.py
TEST1	tests/cli/test_phase123_pipeline.py
TEST1	tests/cli/test_phase1_inprocess.py
TEST1	tests/cli/test_phase2_inprocess.py
TEST1	tests/cli/test_phase3_inprocess.py
TEST1	tests/cli/test_resource_gate.py
TEST1	tests/quality/test_compare_products.py
TEST1	tests/quality/test_doc_line_anchors.py
TEST1	tests/quality/test_doc_machine_check.py
TEST1	tests/quality/test_docchk002_mutation.py
TEST1	tests/quality/test_known_failures_baseline_ci.py
TEST1	tests/quality/test_linux_release.py
TEST1	tests/quality/test_resource_monitor.py
TEST1	tests/quality/test_root_cleanliness.py
TEST1	tests/quality/test_secret_hygiene.py
TEST1	tests/unit/CMakeLists.txt
TEST1	tests/unit/aio_abi_omp.hpp
TEST1	tests/unit/aio_abi_selfcheck.cpp
TEST1	tests/unit/aio_abi_test_main.hpp
TEST1	tests/unit/aio_abi_tests.cpp
TEST1	tests/unit/calibration_adapter_test.cpp
TEST1	tests/unit/calibration_integration_test.cpp
TEST1	tests/unit/cli_bench_verdict_test.cpp
TEST1	tests/unit/cli_process_test.cpp
TEST1	tests/unit/cli_wideconv_test.cpp
TEST1	tests/unit/core_artifact_test.cpp
TEST1	tests/unit/core_checkpoint_test.cpp
TEST1	tests/unit/core_context_test.cpp
TEST1	tests/unit/core_contracts_test.cpp
TEST1	tests/unit/core_logging_test.cpp
TEST1	tests/unit/core_module_test.cpp
TEST1	tests/unit/core_pipeline_test.cpp
TEST1	tests/unit/core_scheduler_test.cpp
TEST1	tests/unit/cosmetic_adapter_test.cpp
TEST1	tests/unit/cosmetic_integration_test.cpp
TEST1	tests/unit/cpu001_negative_test.cpp
TEST1	tests/unit/cpu001_provider_selftest.cpp
TEST1	tests/unit/cpu003_profile_v2_test.cpp
TEST1	tests/unit/cpu004_routing_test.cpp
TEST1	tests/unit/cpu006_bench_report_test.cpp
TEST1	tests/unit/cpu007_profile_store_test.cpp
TEST1	tests/unit/cpu008_worker_advisor_test.cpp
TEST1	tests/unit/cpu_abi_test.cpp
TEST1	tests/unit/cpu_backend_exception_test.cpp
TEST1	tests/unit/cpu_bench_test.cpp
TEST1	tests/unit/cpu_fallback_test.cpp
TEST1	tests/unit/cpu_features_test.cpp
TEST1	tests/unit/cpu_lease_test.cpp
TEST1	tests/unit/cpu_monitor_test.cpp
TEST1	tests/unit/cpu_profile_test.cpp
TEST1	tests/unit/cpu_provider_test.cpp
TEST1	tests/unit/drizzle_adapter_impl.cpp
TEST1	tests/unit/drizzle_adapter_test.cpp
TEST1	tests/unit/drizzle_precision_default_test.cpp
TEST1	tests/unit/executor_provider_race_test.cpp
TEST1	tests/unit/gaia_adapter_test.c
TEST1	tests/unit/gaia_cat_test.c
TEST1	tests/unit/gaia_integration_test.c
TEST1	tests/unit/gaia_magnitude_range_bounds_test.c
TEST1	tests/unit/gaia_module_manifest_bounds_test.c
TEST1	tests/unit/gaia_unshuffle_test.c
TEST1	tests/unit/gaia_xpsd_fixture_gen.c
TEST1	tests/unit/io_adapter_test.cpp
TEST1	tests/unit/io_ownership_test.cpp
TEST1	tests/unit/io_reentrant_test.cpp
TEST1	tests/unit/ipv_platform_binding_test.cpp
TEST1	tests/unit/master_flat_median_test.cpp
TEST1	tests/unit/mon001_gate_test.cpp
TEST1	tests/unit/mon001_recorder_test.cpp
TEST1	tests/unit/mon002_alloc_test.cpp
TEST1	tests/unit/mon002_gate_test.cpp
TEST1	tests/unit/mon004_enforcement_test.cpp
TEST1	tests/unit/p1001_modules_test.cpp
TEST1	tests/unit/p1001_real_nodes_test.cpp
TEST1	tests/unit/p15_artifact_collect_test.cpp
TEST1	tests/unit/p1_calibration_test.cpp
TEST1	tests/unit/p1_hips/adapter_entry_impl.cpp
TEST1	tests/unit/p1_hips/adapter_test.c
TEST1	tests/unit/p1_hips/publish_atomic_test.c
TEST1	tests/unit/p1_hips_writer_test.cpp
TEST1	tests/unit/p1_ir_facade_test.cpp
TEST1	tests/unit/p1_noise_test.cpp
TEST1	tests/unit/p1_nside_test.cpp
TEST1	tests/unit/p1_resource_test.cpp
TEST1	tests/unit/p1_stars_test.cpp
TEST1	tests/unit/p1_wcs_phot_test.cpp
TEST1	tests/unit/p1snr/CMakeLists.txt
TEST1	tests/unit/p1snr/p1snr_frame_parity_test.cpp
TEST1	tests/unit/p1snr/p1snr_linux_test.cpp
TEST1	tests/unit/p1wcs/CMakeLists.txt
TEST1	tests/unit/p1wcs/p1wcs_astropy_cross.py
TEST1	tests/unit/p1wcs/p1wcs_fixtures.hpp
TEST1	tests/unit/p1wcs/p1wcs_oracle.hpp
TEST1	tests/unit/p1wcs/p1wcs_std_f1_bridge_cross.py
TEST1	tests/unit/p1wcs/p1wcs_test_main.hpp
TEST1	tests/unit/p1wcs/p1wcs_tests_apbp.cpp
TEST1	tests/unit/p1wcs/p1wcs_tests_main.cpp
TEST1	tests/unit/p1wcs/p1wcs_tests_negative.cpp
TEST1	tests/unit/p1wcs/p1wcs_tests_oracle.cpp
TEST1	tests/unit/p1wcs/p1wcs_tests_perf.cpp
TEST1	tests/unit/p1wcs/p1wcs_tests_properties.cpp
TEST1	tests/unit/p1wcs/p1wcs_tests_selfcheck.cpp
TEST1	tests/unit/p1wcs/p1wcs_tests_units.cpp
TEST1	tests/unit/p2001_real_nodes_test.cpp
TEST1	tests/unit/p2002_unc_rej_prov_test.cpp
TEST1	tests/unit/p2_block_plan_test.cpp
TEST1	tests/unit/p2_ir_facade_test.cpp
TEST1	tests/unit/p2_output_semantics_test.cpp
TEST1	tests/unit/p2_rejection_test.cpp
TEST1	tests/unit/p2_seam_gate_test.cpp
TEST1	tests/unit/p2_upm_synthetic_test.cpp
TEST1	tests/unit/p2_workers_test.cpp
TEST1	tests/unit/p3002_real_nodes_test.cpp
TEST1	tests/unit/p3002_uncertainty_test.cpp
TEST1	tests/unit/p3_assembly_test.cpp
TEST1	tests/unit/p3_coverage_test.cpp
TEST1	tests/unit/p3_interp_test.cpp
TEST1	tests/unit/p3_output_test.cpp
TEST1	tests/unit/p3_projection_test.cpp
TEST1	tests/unit/p3_sampler_cache_test.cpp
TEST1	tests/unit/p3_wcs_test.cpp
TEST1	tests/unit/rt001_abi_test.cpp
TEST1	tests/unit/rt001_unique_executor_test.cpp
TEST1	tests/unit/rt002_budget_test.cpp
TEST1	tests/unit/rt003_context_test.cpp
TEST1	tests/unit/rt005_registry_test.cpp
TEST1	tests/unit/rt006_scheduler_test.cpp
TEST1	tests/unit/rt007_artifact_store_test.cpp
TEST1	tests/unit/rt008_runtime_client_test.cpp
TEST1	tests/unit/rt009_node_trace_test.cpp
TEST1	tests/unit/v6_aio/CMakeLists.txt
TEST1	tests/unit/v6_aio/mutations/mutate_and_check.py
TEST1	tests/unit/v6_aio/oracle/v6_aio_oracle.py
TEST1	tests/unit/v6_aio/oracle/v6_aio_oracle_lib.py
TEST1	tests/unit/v6_aio/oracle/v6_aio_oracle_negative.py
TEST1	tests/unit/v6_aio/v6_aio_test.cpp
TEST1	tests/unit/v6_p1_cal/CMakeLists.txt
TEST1	tests/unit/v6_p1_cal/v6_cal_covariance_test.cpp
TEST1	tests/unit/v6_p1_cal/v6_cal_oracle.hpp
TEST1	tests/unit/v6_p1_cal/v6_cal_test_support.hpp
TEST1	tests/unit/v6_p1_drz/CMakeLists.txt
TEST1	tests/unit/v6_p1_drz/v6_p1_drz_oracle.hpp
TEST1	tests/unit/v6_p1_drz/v6_p1_drz_test.cpp
TEST1	tests/unit/v6_p1_psfw/CMakeLists.txt
TEST1	tests/unit/v6_p1_psfw/p1psfw_fixtures.hpp
TEST1	tests/unit/v6_p1_psfw/p1psfw_oracle.hpp
TEST1	tests/unit/v6_p1_psfw/p1psfw_test_main.hpp
TEST1	tests/unit/v6_p1_psfw/p1psfw_tests_anea.cpp
TEST1	tests/unit/v6_p1_psfw/p1psfw_tests_gates.cpp
TEST1	tests/unit/v6_p1_psfw/p1psfw_tests_negative.cpp
TEST1	tests/unit/v6_p1_psfw/p1psfw_tests_oracle.cpp
TEST1	tests/unit/v6_p1_psfw/p1psfw_tests_psfsw.cpp
TEST1	tests/unit/v6_p1_psfw/p1psfw_tests_record.cpp
TEST1	tests/unit/v6_p1_psfw/p1psfw_tests_winfo.cpp
TEST1	tests/unit/v6_p1_psfw/tests_main.cpp
TEST1	tests/unit/v6_p2_rej/CMakeLists.txt
TEST1	tests/unit/v6_p2_rej/oracle_expected.inc
TEST1	tests/unit/v6_p2_rej/oracle_rej.py
TEST1	tests/unit/v6_p2_rej/p2_rej_v6_test.cpp
TEST1	tests/unit/v6_p2_samp/CMakeLists.txt
TEST1	tests/unit/v6_p2_samp/v6_p2_samp_test.cpp
TEST1	tests/unit/v6_p2_upm/CMakeLists.txt
TEST1	tests/unit/v6_p2_upm/oracle/anchors.json
TEST1	tests/unit/v6_p2_upm/oracle/upm_ma_oracle.py
TEST1	tests/unit/v6_p2_upm/v6_p2_upm_ma_test.cpp
TEST1	tests/unit/v6_p3_proj/CMakeLists.txt
TEST1	tests/unit/v6_p3_proj/p3_proj_legacy_deviation.py
TEST1	tests/unit/v6_p3_proj/p3_proj_wcs_oracle.py
TEST1	tests/unit/v6_p3_proj/v6_p3_proj_legacy_probe.cpp
TEST1	tests/unit/v6_p3_proj/v6_p3_proj_probe.cpp
TEST1	tests/unit/v6_p3_proj/v6_p3_proj_test.cpp
TEST1	tests/unit/v6_p3_rsmp/CMakeLists.txt
TEST1	tests/unit/v6_p3_rsmp/p3_rsmp_core_test.cpp
TEST1	tests/unit/v6_p3_rsmp/p3_rsmp_gate_test.cpp
TEST1	tests/unit/v6_p3_rsmp/p3_rsmp_oracle.h
TEST1	tests/unit/v6_p3_rsmp/p3_rsmp_oracle_test.cpp
TEST1	tests/unit/v6_p3_rsmp/p3_rsmp_scenarios.h
TEST1	tests/unit/v6_p3_rsmp/p3_rsmp_test_util.h
TEST1	tests/unit/v6_p3_rsmp/run_mutations.py
TEST1	tests/unit/v6_p3_rsmp/run_verification.sh
TEST1	tests/unit/v6_p3_rsmp/write_evidence.py
TEST1	tests/unit/xpsd_spectrum_count_bounds_test.c
TEST2	tests/__init__.py
TEST2	tests/abi/abi002_lifecycle_probe.c
TEST2	tests/abi/abi003_loader_probe.c
TEST2	tests/abi/abi004_registry_probe.c
TEST2	tests/abi/mod001_install_load_check.py
TEST2	tests/abi/test_abi002_lifecycle.py
TEST2	tests/abi/test_abi005_echo.py
TEST2	tests/abi/test_mod001_install_load_check.py
TEST2	tests/abi/test_module_registry.py
TEST2	tests/abi/test_secure_loader.py
TEST2	tests/artifact/test_manifest_schema_negative.py
TEST2	tests/artifact/test_phase_product_exchange.py
TEST2	tests/artifact/test_production_store.py
TEST2	tests/artifact/test_provenance.py
TEST2	tests/backend/__init__.py
TEST2	tests/backend/abi_selftest_main.cpp
TEST2	tests/backend/bench_candidates_main.cpp
TEST2	tests/backend/bench_harness_main.cpp
TEST2	tests/backend/candidates_probe_main.cpp
TEST2	tests/backend/cheat_backend.cpp
TEST2	tests/backend/fixture_backend.cpp
TEST2	tests/backend/fixture_common.py
TEST2	tests/backend/hips_properties_probe_main.cpp
TEST2	tests/backend/kernel_bench_main.cpp
TEST2	tests/backend/kernel_oracle_main.cpp
TEST2	tests/backend/loader_probe_main.cpp
TEST2	tests/backend/mon003_synthetic_main.cpp
TEST2	tests/backend/p3_output_fsync_interposer.cpp
TEST2	tests/backend/p3_output_fsync_probe.cpp
TEST2	tests/backend/p3_output_probe_main.cpp
TEST2	tests/backend/p3_resample_probe_main.cpp
TEST2	tests/backend/p3_session_probe.cpp
TEST2	tests/backend/p3_wcs_main.cpp
TEST2	tests/backend/phase1_fixture_main.cpp
TEST2	tests/backend/phase2_fixture_main.cpp
TEST2	tests/backend/profile_gen_main.cpp
TEST2	tests/backend/syn008_seam_main.cpp
TEST2	tests/backend/test_abi_kernels.py
TEST2	tests/backend/test_abi_loader.py
TEST2	tests/backend/test_abi_v1.py
TEST2	tests/backend/test_bench_candidates.py
TEST2	tests/backend/test_bench_harness.py
TEST2	tests/backend/test_calibration_oracle.py
TEST2	tests/backend/test_cpu_profile.py
TEST2	tests/backend/test_drizzle_oracle.py
TEST2	tests/backend/test_drizzle_parallel.py
TEST2	tests/backend/test_hardware_inspect.py
TEST2	tests/backend/test_hips_properties.py
TEST2	tests/backend/test_isa_avx.py
TEST2	tests/backend/test_isa_avx2_fma.py
TEST2	tests/backend/test_isa_avx512.py
TEST2	tests/backend/test_isa_bit_manip.py
TEST2	tests/backend/test_isa_variants.py
TEST2	tests/backend/test_mon003_synthetic.py
TEST2	tests/backend/test_noise_model_oracle.py
TEST2	tests/backend/test_p1002_gaps.py
TEST2	tests/backend/test_p1004_joint_gate.py
TEST2	tests/backend/test_p2001_parallel_sampler.py
TEST2	tests/backend/test_p2002_parallel_upm.py
TEST2	tests/backend/test_p2003_seam_oracle.py
TEST2	tests/backend/test_p2004_reject_integrate.py
TEST2	tests/backend/test_p2005_block_io.py
TEST2	tests/backend/test_p2006_canonical_pipeline.py
TEST2	tests/backend/test_p2007_joint_gate.py
TEST2	tests/backend/test_p3001_science_freeze.py
TEST2	tests/backend/test_p3002_properties_order_unit.py
TEST2	tests/backend/test_p3003_parallel_resampler.py
TEST2	tests/backend/test_p3004_spherical_oracle.py
TEST2	tests/backend/test_p3005_fits_output.py
TEST2	tests/backend/test_p3006_production_pipeline.py
TEST2	tests/backend/test_p3_output.py
TEST2	tests/backend/test_p3_projection_oracle.py
TEST2	tests/backend/test_p3_resample.py
TEST2	tests/backend/test_p3_wcs.py
TEST2	tests/backend/test_phase1_hotspot.py
TEST2	tests/backend/test_phase3_reproject_oracle.py
TEST2	tests/backend/test_wcs_psf_oracle.py
TEST2	tests/contracts/test_contract_graph_negative.py
TEST2	tests/contracts/test_data_artifacts_negative.py
TEST2	tests/contracts/v6/__init__.py
TEST2	tests/contracts/v6/evidence/mutations.json
TEST2	tests/contracts/v6/evidence/oracle_report.json
TEST2	tests/contracts/v6/evidence/rc_summary.json
TEST2	tests/contracts/v6/jsonschema_min.py
TEST2	tests/contracts/v6/run_all.py
TEST2	tests/contracts/v6/run_all.sh
TEST2	tests/contracts/v6/test_v6_negative_mutations.py
TEST2	tests/contracts/v6/test_v6_schema_integration.py
TEST2	tests/contracts/v6/tools/gen_data_dictionary.py
TEST2	tests/contracts/v6/tools/gen_production_schemas.py
TEST2	tests/contracts/v6/v6_oracle.py
TEST2	tests/cpu/avx2/provider_avx2_capability_gate_test.c
TEST2	tests/cpu/avx2/provider_avx2_handshake_test.c
TEST2	tests/cpu/avx2/provider_avx2_oracle_main.cpp
TEST2	tests/cpu/avx2/provider_avx2_so_load_test.c
TEST2	tests/cpu/avx2/run_provider_avx2_checks.py
TEST2	tests/cpu/avx512/check_avx512_illegal_instr.py
TEST2	tests/cpu/avx512/provider_avx512_capability_gate_test.c
TEST2	tests/cpu/avx512/provider_avx512_handshake_test.c
TEST2	tests/cpu/avx512/provider_avx512_oracle_main.cpp
TEST2	tests/cpu/avx512/provider_avx512_so_load_test.c
TEST2	tests/cpu/avx512/run_provider_avx512_checks.py
TEST2	tests/cpu/baseline/provider_capability_gate_test.c
TEST2	tests/cpu/baseline/provider_handshake_test.c
TEST2	tests/cpu/baseline/provider_kernel_oracle_main.cpp
TEST2	tests/cpu/baseline/provider_so_load_test.c
TEST2	tests/cpu/baseline/run_provider_oracle_checks.py
TEST2	tests/cpu/dispatch/cpu005_route_decision_test.cpp
TEST2	tests/cpu/dispatch/cpu_capability_matrix_test.c
TEST2	tests/cpu/dispatch/cpu_capability_probe_main.c
TEST2	tests/cpu/dispatch/run_cpu005_route_checks.py
TEST2	tests/cpu/dispatch/run_cpu_capability_checks.py
TEST2	tests/glossary/__init__.py
TEST2	tests/glossary/test_glossary.py
TEST2	tests/integration/v6_p1/CMakeLists.txt
TEST2	tests/integration/v6_p1/EVIDENCE.md
TEST2	tests/integration/v6_p1/README.md
TEST2	tests/integration/v6_p1/oracle/v6_p1_reopen_oracle.py
TEST2	tests/integration/v6_p1/v6_p1_integrate_test.cpp
TEST2	tests/integration/v6_p2/CMakeLists.txt
TEST2	tests/integration/v6_p2/EVIDENCE.md
TEST2	tests/integration/v6_p2/README.md
TEST2	tests/integration/v6_p2/oracle/v6_p2_oracle.py
TEST2	tests/integration/v6_p2/v6_p2_integrate_test.cpp
TEST2	tests/integration/v6_p3/CMakeLists.txt
TEST2	tests/integration/v6_p3/EVIDENCE.md
TEST2	tests/integration/v6_p3/p3_v6_export_e2e_test.cpp
TEST2	tests/integration/v6_p3/p3_v6_export_oracle.py
TEST2	tests/io/hips_output_fixture.py
TEST2	tests/io/make_hips_fixture.py
TEST2	tests/io/test_fits_stream_contract.py
TEST2	tests/io/test_hips_input_contract.py
TEST2	tests/io/test_hips_output_contract.py
TEST2	tests/monitoring/__init__.py
TEST2	tests/monitoring/test_frozen_gate.py
TEST2	tests/monitoring/test_log_contract.py
TEST2	tests/monitoring/test_monitor_contract.py
TEST2	tests/monitoring/test_run_graph_render.py
TEST2	tests/oracle/gaia_oracle.py
TEST2	tests/pipeline/__init__.py
TEST2	tests/pipeline/test_typed_dag_plan.py
TEST2	tests/realdata/__init__.py
TEST2	tests/realdata/test_index_v12.py
TEST2	tests/realdata/test_match_plan.py
TEST2	tests/runtime/__init__.py
TEST2	tests/runtime/test_phase_lifecycle.py
TEST2	tests/runtime/test_rt003_budget_wiring.py
TEST2	tests/runtime/test_rt004_executor.py
TEST2	tests/runtime/test_rt005_plan_estimator.py
TEST2	tests/runtime/test_rt006_trace.py
TEST2	tests/runtime/test_rt007_cancel_resume.py
TEST2	tests/runtime/test_typed_dag_negative.py
TEST2	tests/sciencelint/__init__.py
TEST2	tests/sciencelint/test_sciencelint.py
TEST2	tests/system/v6_runtime/CMakeLists.txt
TEST2	tests/system/v6_runtime/README.md
TEST2	tests/system/v6_runtime/v6_runtime_contract_test.cpp
TEST2	tests/system/v6_runtime/v6_runtime_determinism_test.cpp
TEST2	tests/system/v6_runtime/v6_runtime_resource_record_test.cpp
TEST2	tests/test_index.csv
TEST2	tests/testkit/examples/check_constant.py
TEST2	tests/testkit/examples/fixture_hash.py
TEST2	tests/testkit/examples/negative_bad_input.py
TEST2	tests/testkit/examples/oracle_sum.py
TEST2	tests/testkit/examples/perf_linear.py
TEST2	tests/testkit/examples/property_invariant.py
TEST2	tests/testkit/examples/registry.example.json
TEST2	tests/testkit/fixtures/demo_fixture.txt
TEST2	tests/testkit/registry.json
TEST2	tests/testkit/schemas/test_metadata.schema.json
TEST2	tests/testkit/testkit.spec.md
TEST2	tests/traceability/__init__.py
TEST2	tests/traceability/fixtures/bad_id_format.json
TEST2	tests/traceability/fixtures/chain_break.json
TEST2	tests/traceability/fixtures/dangling_ref.json
TEST2	tests/traceability/fixtures/duplicate_module.json
TEST2	tests/traceability/fixtures/empty_cell.json
TEST2	tests/traceability/fixtures/missing_column.json
TEST2	tests/traceability/test_traceability.py
TEST2	tests/traceability/test_traceability_matrix.py
TEST2	tests/version/__init__.py
TEST2	tests/version/test_adopt006_version_gate.py
TEST2	tests/version/test_version_consistency.py
TOOL	scripts/package_audit.py
TOOL	scripts/validate_audit.py
TOOL	tools/README.md
TOOL	tools/api_doc_consistency.py
TOOL	tools/arch/build_production_execution_inventory.py
TOOL	tools/arch/check_thread_budget.py
TOOL	tools/assemble_audit.py
TOOL	tools/assemble_v17_review_pkg.py
TOOL	tools/astro_toolkit.py
TOOL	tools/astrocs_diagnose.py
TOOL	tools/astrometry_oracle/compare_astrometry.py
TOOL	tools/astrometry_oracle/gen_synthetic_from_axy.py
TOOL	tools/astrometry_oracle/make_astrocs_ref.py
TOOL	tools/check_abi_boundary.py
TOOL	tools/check_agents_gov.py
TOOL	tools/check_aio_ownership.py
TOOL	tools/check_api_docs.py
TOOL	tools/check_ast_api.py
TOOL	tools/check_baseline_opcodes.py
TOOL	tools/check_cli_command_layer.py
TOOL	tools/check_cli_run_preset.py
TOOL	tools/check_contract_graph.py
TOOL	tools/check_data_artifacts.py
TOOL	tools/check_duplication.py
TOOL	tools/check_final_traceability.py
TOOL	tools/check_glossary.py
TOOL	tools/check_l0_docs.py
TOOL	tools/check_legacy_exit.py
TOOL	tools/check_link_scan.py
TOOL	tools/check_module_readmes.py
TOOL	tools/check_p1_symbol_map.py
TOOL	tools/check_p2_symbol_map.py
TOOL	tools/check_p3_status.py
TOOL	tools/check_pipeline_trace.py
TOOL	tools/check_release_consistency.py
TOOL	tools/check_release_layout.py
TOOL	tools/check_reproducible_build.py
TOOL	tools/check_serial_hardcode.py
TOOL	tools/check_traceability.py
TOOL	tools/check_unit_closure.py
TOOL	tools/check_version_consistency.py
TOOL	tools/check_warning_suppression.py
TOOL	tools/config_consistency_check.py
TOOL	tools/doccheck/check_doc_index.py
TOOL	tools/doccheck/check_engineering_constraints.py
TOOL	tools/doccheck/check_version_namespaces.py
TOOL	tools/docs_machine_consistency.py
TOOL	tools/gen_audit_pack.py
TOOL	tools/gen_backends_manifest.py
TOOL	tools/gen_cfitsio_list.py
TOOL	tools/gen_provider_manifests.py
TOOL	tools/gen_repo_source_manifest.py
TOOL	tools/gen_v19_evidence.py
TOOL	tools/gen_v19_source_snapshot.py
TOOL	tools/gen_version.py
TOOL	tools/gen_visual_views.py
TOOL	tools/graph/render_run_graph.py
TOOL	tools/make_capsule.py
TOOL	tools/make_linux_release.py
TOOL	tools/make_rev2_capsule.py
TOOL	tools/make_windows_release.py
TOOL	tools/migrate_stage2_config.py
TOOL	tools/monitoring/check_log_contract.py
TOOL	tools/monitoring/resource_probe.py
TOOL	tools/monitoring/run_monitored.py
TOOL	tools/monitoring/verify_monitor_csv.py
TOOL	tools/no_legacy_production_reference.py
TOOL	tools/pack_audit_package.py
TOOL	tools/phase1_e2e_bench.py
TOOL	tools/quality/build_v19r2_package.py
TOOL	tools/quality/build_v19r3_package.py
TOOL	tools/quality/build_v19r4_package.py
TOOL	tools/quality/check_comment_hygiene.py
TOOL	tools/quality/check_commits_csv.py
TOOL	tools/quality/check_complexity.py
TOOL	tools/quality/check_ctest_registration.py
TOOL	tools/quality/check_isa_leak.py
TOOL	tools/quality/check_pipeline_graph.py
TOOL	tools/quality/check_prod_reachability.py
TOOL	tools/quality/check_root_cleanliness.py
TOOL	tools/quality/check_secret_hygiene.py
TOOL	tools/quality/check_serial_heavy.py
TOOL	tools/quality/check_source_index_v61.py
TOOL	tools/quality/check_source_inventory.py
TOOL	tools/quality/check_task_result_schema.py
TOOL	tools/quality/check_traceability.py
TOOL	tools/quality/ci_coverage_runner.py
TOOL	tools/quality/ci_windows_driver.py
TOOL	tools/quality/compare_products.py
TOOL	tools/quality/contracts/check_api_contracts.py
TOOL	tools/quality/contracts/check_build_graph.py
TOOL	tools/quality/contracts/check_comments.py
TOOL	tools/quality/contracts/check_config_contracts.py
TOOL	tools/quality/contracts/check_doc_symbols.py
TOOL	tools/quality/contracts/check_execution_contracts.py
TOOL	tools/quality/contracts/check_forbidden_patterns.py
TOOL	tools/quality/contracts/check_full_integration.py
TOOL	tools/quality/contracts/check_science_units.py
TOOL	tools/quality/contracts/check_test_contracts.py
TOOL	tools/quality/contracts/check_traceability.py
TOOL	tools/quality/contracts/fixtures/check_api_contracts/invalid_missing_symbol.csv
TOOL	tools/quality/contracts/fixtures/check_api_contracts/invalid_sig_mismatch.csv
TOOL	tools/quality/contracts/fixtures/check_api_contracts/valid_min.csv
TOOL	tools/quality/contracts/fixtures/check_build_graph/invalid_missing_define.json
TOOL	tools/quality/contracts/fixtures/check_build_graph/invalid_missing_source.json
TOOL	tools/quality/contracts/fixtures/check_build_graph/valid_min.json
TOOL	tools/quality/contracts/fixtures/check_comments/invalid_stale_claim.cpp
TOOL	tools/quality/contracts/fixtures/check_comments/invalid_wrong_thread.cpp
TOOL	tools/quality/contracts/fixtures/check_comments/valid_min.cpp
TOOL	tools/quality/contracts/fixtures/check_config_contracts/invalid_default_mismatch.json
TOOL	tools/quality/contracts/fixtures/check_config_contracts/invalid_enum_mismatch.json
TOOL	tools/quality/contracts/fixtures/check_config_contracts/valid_min.json
TOOL	tools/quality/contracts/fixtures/check_doc_symbols/invalid_archive_symbol.md
TOOL	tools/quality/contracts/fixtures/check_doc_symbols/invalid_missing_symbol.md
TOOL	tools/quality/contracts/fixtures/check_doc_symbols/valid_min.md
TOOL	tools/quality/contracts/fixtures/check_execution_contracts/invalid_claim_without_runtime.json
TOOL	tools/quality/contracts/fixtures/check_execution_contracts/invalid_missing_define.json
TOOL	tools/quality/contracts/fixtures/check_execution_contracts/valid_min.json
TOOL	tools/quality/contracts/fixtures/check_forbidden_patterns/invalid_abs_path.json
TOOL	tools/quality/contracts/fixtures/check_forbidden_patterns/invalid_hardcoded_threads.cpp
TOOL	tools/quality/contracts/fixtures/check_forbidden_patterns/valid_min.cpp
TOOL	tools/quality/contracts/fixtures/check_full_integration/invalid_waivers.json
TOOL	tools/quality/contracts/fixtures/check_full_integration/valid_min.json
TOOL	tools/quality/contracts/fixtures/check_science_units/invalid_precision_conflict.json
TOOL	tools/quality/contracts/fixtures/check_science_units/invalid_unit_mismatch.json
TOOL	tools/quality/contracts/fixtures/check_science_units/valid_min.json
TOOL	tools/quality/contracts/fixtures/check_test_contracts/invalid_missing_assertion.csv
TOOL	tools/quality/contracts/fixtures/check_test_contracts/invalid_unregistered.csv
TOOL	tools/quality/contracts/fixtures/check_test_contracts/valid_min.csv
TOOL	tools/quality/contracts/fixtures/check_traceability/invalid_dup_id.csv
TOOL	tools/quality/contracts/fixtures/check_traceability/invalid_missing_doc.csv
TOOL	tools/quality/contracts/fixtures/check_traceability/valid_min.csv
TOOL	tools/quality/contracts/fixtures/generate_report/invalid_stability.json
TOOL	tools/quality/contracts/fixtures/generate_report/valid_input.json
TOOL	tools/quality/contracts/generate_contract_report.py
TOOL	tools/quality/deep_ci_driver.py
TOOL	tools/quality/extract_cpp_api.py
TOOL	tools/quality/fixtures/extract_cpp_api/invalid_missing_export.hpp
TOOL	tools/quality/fixtures/extract_cpp_api/invalid_sig_mismatch.hpp
TOOL	tools/quality/fixtures/extract_cpp_api/lib/test/include/invalid_sig_mismatch.hpp
TOOL	tools/quality/fixtures/extract_cpp_api/lib/test/include/valid_min.hpp
TOOL	tools/quality/fixtures/extract_cpp_api/valid_min.hpp
TOOL	tools/quality/frame_qc_grid.py
TOOL	tools/quality/gen_commits_csv.py
TOOL	tools/quality/gen_module_readmes.py
TOOL	tools/quality/gen_run_graphs.py
TOOL	tools/quality/gen_source_index_v61.py
TOOL	tools/quality/known_failures_baseline.py
TOOL	tools/quality/resource_monitor.py
TOOL	tools/quality/strip_version_comments.py
TOOL	tools/quality/tsan/cfitsio.supp
TOOL	tools/quality/update_audit_status.py
TOOL	tools/quality/v19r3_audit.py
TOOL	tools/quality/v19r3_sanitizer.sh
TOOL	tools/quality/v19r3_static.py
TOOL	tools/quality/v19r3_strip_comments.py
TOOL	tools/quality/v19r3_traceability.py
TOOL	tools/quality/v19r4_strip_comments.py
TOOL	tools/quality/validate_task_ledger.py
TOOL	tools/realdata/README.md
TOOL	tools/realdata/match_plan.py
TOOL	tools/redteam_v19.py
TOOL	tools/science_contract_lint.py
TOOL	tools/testkit/check_testkit.py
TOOL	tools/traceability/check_traceability_matrix.py
TOOL	tools/traceability/gen_traceability_csv.py
TOOL	tools/v6/check_v6_runtime_closure.py
TOOL	tools/v6/v6_cli_mode_matrix.py
TOOL	tools/v6/v6_ctest_driver.py
TOOL	tools/v6/v6_determinism_driver.py
TOOL	tools/v6/v6_runtime_mutation_driver.py
TOOL	tools/v6/v6_runtime_oracle.py
TOOL	tools/validate_cpu_profile.py
