/mnt/f/Astro dev/Astro CS Normalization Database/lib/astro_image_io/third_party/cfitsio/cfileio.c: In function ‘ffvhtps’:
/mnt/f/Astro dev/Astro CS Normalization Database/lib/astro_image_io/third_party/cfitsio/cfileio.c:8033:18: warning: unused parameter ‘flag’ [-Wunused-parameter]
 8033 | void ffvhtps(int flag)
      |              ~~~~^~~~
/mnt/f/Astro dev/Astro CS Normalization Database/lib/astro_image_io/third_party/cfitsio/cfileio.c: In function ‘ffshdwn’:
/mnt/f/Astro dev/Astro CS Normalization Database/lib/astro_image_io/third_party/cfitsio/cfileio.c:8044:18: warning: unused parameter ‘flag’ [-Wunused-parameter]
 8044 | void ffshdwn(int flag)
      |              ~~~~^~~~
/mnt/f/Astro dev/Astro CS Normalization Database/lib/astro_image_io/third_party/cfitsio/cfileio.c: In function ‘ffstmo’:
/mnt/f/Astro dev/Astro CS Normalization Database/lib/astro_image_io/third_party/cfitsio/cfileio.c:8064:16: warning: unused parameter ‘sec’ [-Wunused-parameter]
 8064 | int ffstmo(int sec, int *status)
      |            ~~~~^~~
/mnt/f/Astro dev/Astro CS Normalization Database/lib/astro_image_io/third_party/cfitsio/cfileio.c: In function ‘ffoptplt’:
/mnt/f/Astro dev/Astro CS Normalization Database/lib/astro_image_io/third_party/cfitsio/cfileio.c:7855:21: warning: ‘__builtin_strncpy’ output truncated before terminating nul copying 30 bytes from a string of the same length [-Wstringop-truncation]
 7855 |                     strncpy(card, "PCOUNT  =                    0", 30);
      |                     ^
/mnt/f/Astro dev/Astro CS Normalization Database/lib/astro_image_io/third_party/cfitsio/cfileio.c: In function ‘ffomem’:
/mnt/f/Astro dev/Astro CS Normalization Database/lib/astro_image_io/third_party/cfitsio/cfileio.c:342:38: warning: ‘%s’ directive output may be truncated writing up to 70 bytes into a region of size 55 [-Wformat-truncation=]
  342 |           " extension with EXTNAME = %s,", extname);
      |                                      ^~    ~~~~~~~
In file included from /usr/include/stdio.h:974,
                 from /mnt/f/Astro dev/Astro CS Normalization Database/lib/astro_image_io/third_party/cfitsio/fitsio.h:64,
                 from /mnt/f/Astro dev/Astro CS Normalization Database/lib/astro_image_io/third_party/cfitsio/fitsio2.h:4,
                 from /mnt/f/Astro dev/Astro CS Normalization Database/lib/astro_image_io/third_party/cfitsio/cfileio.c:18:
In function ‘snprintf’,
    inlined from ‘ffomem’ at /mnt/f/Astro dev/Astro CS Normalization Database/lib/astro_image_io/third_party/cfitsio/cfileio.c:341:11:
/usr/include/x86_64-linux-gnu/bits/stdio2.h:68:10: note: ‘__builtin___snprintf_chk’ output between 28 and 98 bytes into a destination of size 81
   68 |   return __builtin___snprintf_chk (__s, __n, __USE_FORTIFY_LEVEL - 1,
      |          ^~~~~~~~~~~~~~~~~~~~~~~~~~~~~~~~~~~~~~~~~~~~~~~~~~~~~~~~~~~~
   69 |                                    __glibc_objsize (__s), __fmt,
      |                                    ~~~~~~~~~~~~~~~~~~~~~~~~~~~~~
   70 |                                    __va_arg_pack ());
      |                                    ~~~~~~~~~~~~~~~~~
/mnt/f/Astro dev/Astro CS Normalization Database/lib/astro_image_io/third_party/cfitsio/cfileio.c: In function ‘ffopen’:
/mnt/f/Astro dev/Astro CS Normalization Database/lib/astro_image_io/third_party/cfitsio/cfileio.c:978:38: warning: ‘%s’ directive output may be truncated writing up to 70 bytes into a region of size 55 [-Wformat-truncation=]
  978 |           " extension with EXTNAME = %s,", extname);
      |                                      ^~    ~~~~~~~
In function ‘snprintf’,
    inlined from ‘ffopen’ at /mnt/f/Astro dev/Astro CS Normalization Database/lib/astro_image_io/third_party/cfitsio/cfileio.c:977:11:
/usr/include/x86_64-linux-gnu/bits/stdio2.h:68:10: note: ‘__builtin___snprintf_chk’ output between 28 and 98 bytes into a destination of size 81
   68 |   return __builtin___snprintf_chk (__s, __n, __USE_FORTIFY_LEVEL - 1,
      |          ^~~~~~~~~~~~~~~~~~~~~~~~~~~~~~~~~~~~~~~~~~~~~~~~~~~~~~~~~~~~
   69 |                                    __glibc_objsize (__s), __fmt,
      |                                    ~~~~~~~~~~~~~~~~~~~~~~~~~~~~~
   70 |                                    __va_arg_pack ());
      |                                    ~~~~~~~~~~~~~~~~~
/mnt/f/Astro dev/Astro CS Normalization Database/lib/astro_image_io/third_party/cfitsio/drvrfile.c: In function ‘file_truncate’:
/mnt/f/Astro dev/Astro CS Normalization Database/lib/astro_image_io/third_party/cfitsio/drvrfile.c:600:23: warning: unused parameter ‘handle’ [-Wunused-parameter]
  600 | int file_truncate(int handle, LONGLONG filesize)
      |                   ~~~~^~~~~~
/mnt/f/Astro dev/Astro CS Normalization Database/lib/astro_image_io/third_party/cfitsio/drvrfile.c:600:40: warning: unused parameter ‘filesize’ [-Wunused-parameter]
  600 | int file_truncate(int handle, LONGLONG filesize)
      |                               ~~~~~~~~~^~~~~~~~
/mnt/f/Astro dev/Astro CS Normalization Database/lib/astro_image_io/third_party/cfitsio/drvrfile.c: In function ‘stream_open’:
/mnt/f/Astro dev/Astro CS Normalization Database/lib/astro_image_io/third_party/cfitsio/drvrfile.c:1046:37: warning: parameter ‘rwmode’ set but not used [-Wunused-but-set-parameter]
 1046 | int stream_open(char *filename, int rwmode, int *handle)
      |                                 ~~~~^~~~~~
/mnt/f/Astro dev/Astro CS Normalization Database/lib/astro_image_io/third_party/cfitsio/drvrfile.c: In function ‘stream_size’:
/mnt/f/Astro dev/Astro CS Normalization Database/lib/astro_image_io/third_party/cfitsio/drvrfile.c:1073:21: warning: parameter ‘handle’ set but not used [-Wunused-but-set-parameter]
 1073 | int stream_size(int handle, LONGLONG *filesize)
      |                 ~~~~^~~~~~
/mnt/f/Astro dev/Astro CS Normalization Database/lib/astro_image_io/third_party/cfitsio/drvrfile.c: In function ‘stream_close’:
/mnt/f/Astro dev/Astro CS Normalization Database/lib/astro_image_io/third_party/cfitsio/drvrfile.c:1085:22: warning: parameter ‘handle’ set but not used [-Wunused-but-set-parameter]
 1085 | int stream_close(int handle)
      |                  ~~~~^~~~~~
/mnt/f/Astro dev/Astro CS Normalization Database/lib/astro_image_io/third_party/cfitsio/drvrfile.c: In function ‘stream_seek’:
/mnt/f/Astro dev/Astro CS Normalization Database/lib/astro_image_io/third_party/cfitsio/drvrfile.c:1106:38: warning: parameter ‘offset’ set but not used [-Wunused-but-set-parameter]
 1106 | int stream_seek(int handle, LONGLONG offset)
      |                             ~~~~~~~~~^~~~~~
/mnt/f/Astro dev/Astro CS Normalization Database/lib/astro_image_io/third_party/cfitsio/drvrmem.c: In function ‘mem_create’:
/mnt/f/Astro dev/Astro CS Normalization Database/lib/astro_image_io/third_party/cfitsio/drvrmem.c:92:22: warning: unused parameter ‘filename’ [-Wunused-parameter]
   92 | int mem_create(char *filename, int *handle)
      |                ~~~~~~^~~~~~~~
/mnt/f/Astro dev/Astro CS Normalization Database/lib/astro_image_io/third_party/cfitsio/drvrmem.c: In function ‘mem_truncate’:
/mnt/f/Astro dev/Astro CS Normalization Database/lib/astro_image_io/third_party/cfitsio/drvrmem.c:276:23: warning: comparison of integer expressions of different signedness: ‘LONGLONG’ {aka ‘long long int’} and ‘size_t’ {aka ‘long unsigned int’} [-Wsign-compare]
  276 |         if ( filesize > *(memTable[handle].memsizeptr) )
      |                       ^
/mnt/f/Astro dev/Astro CS Normalization Database/lib/astro_image_io/third_party/cfitsio/drvrmem.c: In function ‘stdin_checkfile’:
/mnt/f/Astro dev/Astro CS Normalization Database/lib/astro_image_io/third_party/cfitsio/drvrmem.c:293:42: warning: unused parameter ‘infile’ [-Wunused-parameter]
  293 | int stdin_checkfile(char *urltype, char *infile, char *outfile)
      |                                    ~~~~~~^~~~~~
/mnt/f/Astro dev/Astro CS Normalization Database/lib/astro_image_io/third_party/cfitsio/drvrmem.c: In function ‘mem_compress_openrw’:
/mnt/f/Astro dev/Astro CS Normalization Database/lib/astro_image_io/third_party/cfitsio/drvrmem.c:556:45: warning: unused parameter ‘rwmode’ [-Wunused-parameter]
  556 | int mem_compress_openrw(char *filename, int rwmode, int *hdl)
      |                                         ~~~~^~~~~~
/mnt/f/Astro dev/Astro CS Normalization Database/lib/astro_image_io/third_party/cfitsio/drvrmem.c: In function ‘mem_iraf_open’:
/mnt/f/Astro dev/Astro CS Normalization Database/lib/astro_image_io/third_party/cfitsio/drvrmem.c:801:39: warning: unused parameter ‘rwmode’ [-Wunused-parameter]
  801 | int mem_iraf_open(char *filename, int rwmode, int *hdl)
      |                                   ~~~~^~~~~~
/mnt/f/Astro dev/Astro CS Normalization Database/lib/astro_image_io/third_party/cfitsio/editcol.c: In function ‘ffccls’:
/mnt/f/Astro dev/Astro CS Normalization Database/lib/astro_image_io/third_party/cfitsio/editcol.c:1970:9: warning: variable ‘typecodes’ set but not used [-Wunused-but-set-variable]
 1970 |     int typecodes[1000];
      |         ^~~~~~~~~
/mnt/f/Astro dev/Astro CS Normalization Database/lib/astro_image_io/third_party/cfitsio/editcol.c: In function ‘ffkshf’:
/mnt/f/Astro dev/Astro CS Normalization Database/lib/astro_image_io/third_party/cfitsio/editcol.c:3088:19: warning: ‘__builtin_strncpy’ output truncated before terminating nul copying 8 bytes from a string of the same length [-Wstringop-truncation]
 3088 |                   strncpy(rec, "        ", 8);    /* erase old keyword name */
      |                   ^
/mnt/f/Astro dev/Astro CS Normalization Database/lib/astro_image_io/third_party/cfitsio/eval_f.c: In function ‘ffffrw_work’:
/mnt/f/Astro dev/Astro CS Normalization Database/lib/astro_image_io/third_party/cfitsio/eval_f.c:2250:29: warning: unused parameter ‘totalrows’ [-Wunused-parameter]
 2250 | int ffffrw_work(long        totalrows, /* I - Total rows to be processed     */
      |                 ~~~~~~~~~~~~^~~~~~~~~
/mnt/f/Astro dev/Astro CS Normalization Database/lib/astro_image_io/third_party/cfitsio/eval_f.c:2251:29: warning: unused parameter ‘offset’ [-Wunused-parameter]
 2251 |                 long        offset,    /* I - Number of rows skipped at start*/
      |                 ~~~~~~~~~~~~^~~~~~
/mnt/f/Astro dev/Astro CS Normalization Database/lib/astro_image_io/third_party/cfitsio/eval_f.c:2254:29: warning: unused parameter ‘nCols’ [-Wunused-parameter]
 2254 |                 int         nCols,     /* I - Number of columns in use       */
      |                 ~~~~~~~~~~~~^~~~~
/mnt/f/Astro dev/Astro CS Normalization Database/lib/astro_image_io/third_party/cfitsio/eval_f.c:2255:30: warning: unused parameter ‘colData’ [-Wunused-parameter]
 2255 |                 iteratorCol *colData,  /* IO- Column information/data        */
      |                 ~~~~~~~~~~~~~^~~~~~~
/mnt/f/Astro dev/Astro CS Normalization Database/lib/astro_image_io/third_party/cfitsio/eval_f.c: In function ‘fits_pixel_filter’:
/mnt/f/Astro dev/Astro CS Normalization Database/lib/astro_image_io/third_party/cfitsio/eval_f.c:2727:8: warning: variable ‘datatype’ set but not used [-Wunused-but-set-variable]
 2727 |    int datatype;
      |        ^~~~~~~~
/mnt/f/Astro dev/Astro CS Normalization Database/lib/astro_image_io/third_party/cfitsio/eval_f.c:2771:26: warning: this statement may fall through [-Wimplicit-fallthrough=]
 2771 |                          ffpmsg("pixel_filter: cannot have string image");
      |                          ^~~~~~~~~~~~~~~~~~~~~~~~~~~~~~~~~~~~~~~~~~~~~~~~
/mnt/f/Astro dev/Astro CS Normalization Database/lib/astro_image_io/third_party/cfitsio/eval_f.c:2772:10: note: here
 2772 |          case TBIT:      type = "BIT";
      |          ^~~~
eval.l: In function ‘fits_parser_yywrap’:
eval.l:544:21: warning: unused parameter ‘scanner’ [-Wunused-parameter]
eval_l.c: At top level:
eval_l.c:2146:16: warning: ‘input’ defined but not used [-Wunused-function]
eval.y: In function ‘Do_Offset’:
eval.y:2566:8: warning: variable ‘status’ set but not used [-Wunused-but-set-variable]
eval.y: In function ‘Do_Deref’:
eval.y:5486:15: warning: statement with no effect [-Wunused-value]
eval.y:5583:15: warning: statement with no effect [-Wunused-value]
eval.y: In function ‘fits_parser_yyerror’:
eval.y:6494:30: warning: unused parameter ‘scanner’ [-Wunused-parameter]
eval.y: In function ‘Do_Func’:
eval.y:3978:27: warning: this statement may fall through [-Wimplicit-fallthrough=]
eval.y:3984:10: note: here
eval.y: In function ‘Do_GTI_Over’:
eval.y:5794:19: warning: ‘uStart’ may be used uninitialized [-Wmaybe-uninitialized]
eval.y:5766:14: note: ‘uStart’ was declared here
eval.y:5795:50: warning: ‘uStop’ may be used uninitialized [-Wmaybe-uninitialized]
eval.y:5766:22: note: ‘uStop’ was declared here
/mnt/f/Astro dev/Astro CS Normalization Database/lib/astro_image_io/third_party/cfitsio/f77_wrap1.c: In function ‘CFITS2Unit’:
/mnt/f/Astro dev/Astro CS Normalization Database/lib/astro_image_io/third_party/cfitsio/f77_wrap1.c:93:21: warning: variable ‘last_fptr’ set but not used [-Wunused-but-set-variable]
   93 |    static fitsfile *last_fptr = (fitsfile *)NULL; /* Remember last fptr */
      |                     ^~~~~~~~~
/mnt/f/Astro dev/Astro CS Normalization Database/lib/astro_image_io/third_party/cfitsio/f77_wrap1.c: In function ‘Cffinit’:
/mnt/f/Astro dev/Astro CS Normalization Database/lib/astro_image_io/third_party/cfitsio/f77_wrap1.c:238:58: warning: unused parameter ‘blocksize’ [-Wunused-parameter]
  238 | void Cffinit( fitsfile **fptr, const char *filename, int blocksize, int *status )
      |                                                      ~~~~^~~~~~~~~
/mnt/f/Astro dev/Astro CS Normalization Database/lib/astro_image_io/third_party/cfitsio/f77_wrap1.c: In function ‘Cffdkinit’:
/mnt/f/Astro dev/Astro CS Normalization Database/lib/astro_image_io/third_party/cfitsio/f77_wrap1.c:250:60: warning: unused parameter ‘blocksize’ [-Wunused-parameter]
  250 | void Cffdkinit( fitsfile **fptr, const char *filename, int blocksize, int *status )
      |                                                        ~~~~^~~~~~~~~
In file included from /mnt/f/Astro dev/Astro CS Normalization Database/lib/astro_image_io/third_party/cfitsio/f77_wrap1.c:43:
/mnt/f/Astro dev/Astro CS Normalization Database/lib/astro_image_io/third_party/cfitsio/f77_wrap.h: At top level:
/mnt/f/Astro dev/Astro CS Normalization Database/lib/astro_image_io/third_party/cfitsio/f77_wrap.h:233:13: warning: ‘C2FcopyLogVect’ defined but not used [-Wunused-function]
  233 | static void C2FcopyLogVect(long size, int *A, char *B)
      |             ^~~~~~~~~~~~~~
/mnt/f/Astro dev/Astro CS Normalization Database/lib/astro_image_io/third_party/cfitsio/f77_wrap.h:223:14: warning: ‘F2CcopyLogVect’ defined but not used [-Wunused-function]
  223 | static char *F2CcopyLogVect(long size, int *A)
      |              ^~~~~~~~~~~~~~
/mnt/f/Astro dev/Astro CS Normalization Database/lib/astro_image_io/third_party/cfitsio/f77_wrap.h:133:14: warning: ‘c2fstrv2’ defined but not used [-Wunused-function]
  133 | static char *c2fstrv2(char* cstr, char *fstr, int celem_len, int felem_len,
      |              ^~~~~~~~
In file included from /mnt/f/Astro dev/Astro CS Normalization Database/lib/astro_image_io/third_party/cfitsio/f77_wrap.h:3,
                 from /mnt/f/Astro dev/Astro CS Normalization Database/lib/astro_image_io/third_party/cfitsio/f77_wrap2.c:43:
/mnt/f/Astro dev/Astro CS Normalization Database/lib/astro_image_io/third_party/cfitsio/f77_wrap2.c: In function ‘ftgextn_’:
/mnt/f/Astro dev/Astro CS Normalization Database/lib/astro_image_io/third_party/cfitsio/cfortran.h:1734:59: warning: unused parameter ‘C4’ [-Wunused-parameter]
 1734 | #define   HCF(TN,I)         _(TN,_cfSTR)(3,H,cfCOMMA, H,_(C,I),0,0)
      |                                                           ^
/mnt/f/Astro dev/Astro CS Normalization Database/lib/astro_image_io/third_party/cfitsio/cfortran.h:1742:53: note: in definition of macro ‘STRING_cfH’
 1742 | #define   STRING_cfH(S,U,B) _(A,S) _(U,_CF_SPECIAL) B
      |                                                     ^
/mnt/f/Astro dev/Astro CS Normalization Database/lib/astro_image_io/third_party/cfitsio/cfortran.h:145:19: note: in expansion of macro ‘BYTEV_cfH’
  145 | #define _0(A,B)   A##B
      |                   ^
/mnt/f/Astro dev/Astro CS Normalization Database/lib/astro_image_io/third_party/cfitsio/cfortran.h:145:19: note: in expansion of macro ‘CFARGS3’
/mnt/f/Astro dev/Astro CS Normalization Database/lib/astro_image_io/third_party/cfitsio/cfortran.h:145:19: note: in expansion of macro ‘BYTEV_cfSTR’
/mnt/f/Astro dev/Astro CS Normalization Database/lib/astro_image_io/third_party/cfitsio/cfortran.h:146:19: note: in expansion of macro ‘_0’
  146 | #define  _(A,B)   _0(A,B)  /* see cat,xcat of K&R ANSI C p. 231 */
      |                   ^~
/mnt/f/Astro dev/Astro CS Normalization Database/lib/astro_image_io/third_party/cfitsio/cfortran.h:1734:57: note: in expansion of macro ‘_’
 1734 | #define   HCF(TN,I)         _(TN,_cfSTR)(3,H,cfCOMMA, H,_(C,I),0,0)
      |                                                         ^
/mnt/f/Astro dev/Astro CS Normalization Database/lib/astro_image_io/third_party/cfitsio/cfortran.h:2113:30: note: in expansion of macro ‘HCF’
 2113 | #define   DCF(TN,I)          HCF(TN,I)
      |                              ^~~
/mnt/f/Astro dev/Astro CS Normalization Database/lib/astro_image_io/third_party/cfitsio/cfortran.h:1026:33: note: in expansion of macro ‘DCF’
 1026 |  S(T1,1)   S(T2,2)   S(T3,3)    S(T4,4)    S(T5,5)    S(T6,6)    S(T7,7)       \
      |                                 ^
/mnt/f/Astro dev/Astro CS Normalization Database/lib/astro_image_io/third_party/cfitsio/cfortran.h:1062:10: note: in expansion of macro ‘CFARGT14S’
 1062 |  M       CFARGT14S(S,T1,T2,T3,T4,T5,T6,T7,T8,T9,TA,TB,TC,TD,TE)
      |          ^~~~~~~~~
/mnt/f/Astro dev/Astro CS Normalization Database/lib/astro_image_io/third_party/cfitsio/f77_wrap.h:281:3: note: in expansion of macro ‘CFARGT14’
  281 |   CFARGT14(NCF,DCF,ABSOFT_cf2(T0),T1,T2,T3,T4,T5,T6,T7,T8,T9,TA,TB,TC,TD,TE))  \
      |   ^~~~~~~~
/mnt/f/Astro dev/Astro CS Normalization Database/lib/astro_image_io/third_party/cfitsio/cfortran.h:2508:9: note: in expansion of macro ‘FCALLSCFUN14’
 2508 |         FCALLSCFUN14(T0,CN,UN,LN,T1,T2,T3,T4,T5,T6,T7,T8,T9,TA,CF_0,CF_0,CF_0,CF_0)
      |         ^~~~~~~~~~~~
/mnt/f/Astro dev/Astro CS Normalization Database/lib/astro_image_io/third_party/cfitsio/cfortran.h:2498:9: note: in expansion of macro ‘FCALLSCFUN10’
 2498 |         FCALLSCFUN10(T0,CN,UN,LN,T1,T2,T3,T4,T5,CF_0,CF_0,CF_0,CF_0,CF_0)
      |         ^~~~~~~~~~~~
/mnt/f/Astro dev/Astro CS Normalization Database/lib/astro_image_io/third_party/cfitsio/cfortran.h:2442:5: note: in expansion of macro ‘FCALLSCFUN5’
 2442 |     FCALLSCFUN5(VOID,CN,UN,LN,T1,T2,T3,T4,T5)
      |     ^~~~~~~~~~~
/mnt/f/Astro dev/Astro CS Normalization Database/lib/astro_image_io/third_party/cfitsio/f77_wrap2.c:46:1: note: in expansion of macro ‘FCALLSCSUB5’
   46 | FCALLSCSUB5(ffgextn,FTGEXTN,ftgextn,FITSUNIT,LONG,LONG,BYTEV,PINT)
      | ^~~~~~~~~~~
/mnt/f/Astro dev/Astro CS Normalization Database/lib/astro_image_io/third_party/cfitsio/f77_wrap2.c: In function ‘ftpextn_’:
/mnt/f/Astro dev/Astro CS Normalization Database/lib/astro_image_io/third_party/cfitsio/cfortran.h:1734:59: warning: unused parameter ‘C4’ [-Wunused-parameter]
 1734 | #define   HCF(TN,I)         _(TN,_cfSTR)(3,H,cfCOMMA, H,_(C,I),0,0)
      |                                                           ^
/mnt/f/Astro dev/Astro CS Normalization Database/lib/astro_image_io/third_party/cfitsio/cfortran.h:1742:53: note: in definition of macro ‘STRING_cfH’
 1742 | #define   STRING_cfH(S,U,B) _(A,S) _(U,_CF_SPECIAL) B
      |                                                     ^
/mnt/f/Astro dev/Astro CS Normalization Database/lib/astro_image_io/third_party/cfitsio/cfortran.h:145:19: note: in expansion of macro ‘BYTEV_cfH’
  145 | #define _0(A,B)   A##B
      |                   ^
/mnt/f/Astro dev/Astro CS Normalization Database/lib/astro_image_io/third_party/cfitsio/cfortran.h:145:19: note: in expansion of macro ‘CFARGS3’
/mnt/f/Astro dev/Astro CS Normalization Database/lib/astro_image_io/third_party/cfitsio/cfortran.h:145:19: note: in expansion of macro ‘BYTEV_cfSTR’
/mnt/f/Astro dev/Astro CS Normalization Database/lib/astro_image_io/third_party/cfitsio/cfortran.h:146:19: note: in expansion of macro ‘_0’
  146 | #define  _(A,B)   _0(A,B)  /* see cat,xcat of K&R ANSI C p. 231 */
      |                   ^~
/mnt/f/Astro dev/Astro CS Normalization Database/lib/astro_image_io/third_party/cfitsio/cfortran.h:1734:57: note: in expansion of macro ‘_’
 1734 | #define   HCF(TN,I)         _(TN,_cfSTR)(3,H,cfCOMMA, H,_(C,I),0,0)
      |                                                         ^
/mnt/f/Astro dev/Astro CS Normalization Database/lib/astro_image_io/third_party/cfitsio/cfortran.h:2113:30: note: in expansion of macro ‘HCF’
 2113 | #define   DCF(TN,I)          HCF(TN,I)
      |                              ^~~
/mnt/f/Astro dev/Astro CS Normalization Database/lib/astro_image_io/third_party/cfitsio/cfortran.h:1026:33: note: in expansion of macro ‘DCF’
 1026 |  S(T1,1)   S(T2,2)   S(T3,3)    S(T4,4)    S(T5,5)    S(T6,6)    S(T7,7)       \
      |                                 ^
/mnt/f/Astro dev/Astro CS Normalization Database/lib/astro_image_io/third_party/cfitsio/cfortran.h:1062:10: note: in expansion of macro ‘CFARGT14S’
 1062 |  M       CFARGT14S(S,T1,T2,T3,T4,T5,T6,T7,T8,T9,TA,TB,TC,TD,TE)
      |          ^~~~~~~~~
/mnt/f/Astro dev/Astro CS Normalization Database/lib/astro_image_io/third_party/cfitsio/f77_wrap.h:281:3: note: in expansion of macro ‘CFARGT14’
  281 |   CFARGT14(NCF,DCF,ABSOFT_cf2(T0),T1,T2,T3,T4,T5,T6,T7,T8,T9,TA,TB,TC,TD,TE))  \
      |   ^~~~~~~~
/mnt/f/Astro dev/Astro CS Normalization Database/lib/astro_image_io/third_party/cfitsio/cfortran.h:2508:9: note: in expansion of macro ‘FCALLSCFUN14’
 2508 |         FCALLSCFUN14(T0,CN,UN,LN,T1,T2,T3,T4,T5,T6,T7,T8,T9,TA,CF_0,CF_0,CF_0,CF_0)
      |         ^~~~~~~~~~~~
/mnt/f/Astro dev/Astro CS Normalization Database/lib/astro_image_io/third_party/cfitsio/cfortran.h:2498:9: note: in expansion of macro ‘FCALLSCFUN10’
 2498 |         FCALLSCFUN10(T0,CN,UN,LN,T1,T2,T3,T4,T5,CF_0,CF_0,CF_0,CF_0,CF_0)
      |         ^~~~~~~~~~~~
/mnt/f/Astro dev/Astro CS Normalization Database/lib/astro_image_io/third_party/cfitsio/cfortran.h:2442:5: note: in expansion of macro ‘FCALLSCFUN5’
 2442 |     FCALLSCFUN5(VOID,CN,UN,LN,T1,T2,T3,T4,T5)
      |     ^~~~~~~~~~~
/mnt/f/Astro dev/Astro CS Normalization Database/lib/astro_image_io/third_party/cfitsio/f77_wrap2.c:47:1: note: in expansion of macro ‘FCALLSCSUB5’
   47 | FCALLSCSUB5(ffpextn,FTPEXTN,ftpextn,FITSUNIT,LONG,LONG,BYTEV,PINT)
      | ^~~~~~~~~~~
/mnt/f/Astro dev/Astro CS Normalization Database/lib/astro_image_io/third_party/cfitsio/f77_wrap2.c: In function ‘ftgpvb_’:
/mnt/f/Astro dev/Astro CS Normalization Database/lib/astro_image_io/third_party/cfitsio/cfortran.h:1734:59: warning: unused parameter ‘C5’ [-Wunused-parameter]
 1734 | #define   HCF(TN,I)         _(TN,_cfSTR)(3,H,cfCOMMA, H,_(C,I),0,0)
      |                                                           ^
/mnt/f/Astro dev/Astro CS Normalization Database/lib/astro_image_io/third_party/cfitsio/cfortran.h:1742:53: note: in definition of macro ‘STRING_cfH’
 1742 | #define   STRING_cfH(S,U,B) _(A,S) _(U,_CF_SPECIAL) B
      |                                                     ^
/mnt/f/Astro dev/Astro CS Normalization Database/lib/astro_image_io/third_party/cfitsio/cfortran.h:145:19: note: in expansion of macro ‘BYTE_cfH’
  145 | #define _0(A,B)   A##B
      |                   ^
/mnt/f/Astro dev/Astro CS Normalization Database/lib/astro_image_io/third_party/cfitsio/cfortran.h:145:19: note: in expansion of macro ‘CFARGS3’
/mnt/f/Astro dev/Astro CS Normalization Database/lib/astro_image_io/third_party/cfitsio/cfortran.h:145:19: note: in expansion of macro ‘BYTE_cfSTR’
/mnt/f/Astro dev/Astro CS Normalization Database/lib/astro_image_io/third_party/cfitsio/cfortran.h:146:19: note: in expansion of macro ‘_0’
  146 | #define  _(A,B)   _0(A,B)  /* see cat,xcat of K&R ANSI C p. 231 */
      |                   ^~
/mnt/f/Astro dev/Astro CS Normalization Database/lib/astro_image_io/third_party/cfitsio/cfortran.h:1734:57: note: in expansion of macro ‘_’
 1734 | #define   HCF(TN,I)         _(TN,_cfSTR)(3,H,cfCOMMA, H,_(C,I),0,0)
      |                                                         ^
/mnt/f/Astro dev/Astro CS Normalization Database/lib/astro_image_io/third_party/cfitsio/cfortran.h:2113:30: note: in expansion of macro ‘HCF’
 2113 | #define   DCF(TN,I)          HCF(TN,I)
      |                              ^~~
/mnt/f/Astro dev/Astro CS Normalization Database/lib/astro_image_io/third_party/cfitsio/cfortran.h:1026:44: note: in expansion of macro ‘DCF’
 1026 |  S(T1,1)   S(T2,2)   S(T3,3)    S(T4,4)    S(T5,5)    S(T6,6)    S(T7,7)       \
      |                                            ^
/mnt/f/Astro dev/Astro CS Normalization Database/lib/astro_image_io/third_party/cfitsio/cfortran.h:1062:10: note: in expansion of macro ‘CFARGT14S’
 1062 |  M       CFARGT14S(S,T1,T2,T3,T4,T5,T6,T7,T8,T9,TA,TB,TC,TD,TE)
      |          ^~~~~~~~~
/mnt/f/Astro dev/Astro CS Normalization Database/lib/astro_image_io/third_party/cfitsio/f77_wrap.h:281:3: note: in expansion of macro ‘CFARGT14’
  281 |   CFARGT14(NCF,DCF,ABSOFT_cf2(T0),T1,T2,T3,T4,T5,T6,T7,T8,T9,TA,TB,TC,TD,TE))  \
      |   ^~~~~~~~
/mnt/f/Astro dev/Astro CS Normalization Database/lib/astro_image_io/third_party/cfitsio/cfortran.h:2508:9: note: in expansion of macro ‘FCALLSCFUN14’
 2508 |         FCALLSCFUN14(T0,CN,UN,LN,T1,T2,T3,T4,T5,T6,T7,T8,T9,TA,CF_0,CF_0,CF_0,CF_0)
      |         ^~~~~~~~~~~~
/mnt/f/Astro dev/Astro CS Normalization Database/lib/astro_image_io/third_party/cfitsio/cfortran.h:2504:9: note: in expansion of macro ‘FCALLSCFUN10’
 2504 |         FCALLSCFUN10(T0,CN,UN,LN,T1,T2,T3,T4,T5,T6,T7,T8,CF_0,CF_0)
      |         ^~~~~~~~~~~~
/mnt/f/Astro dev/Astro CS Normalization Database/lib/astro_image_io/third_party/cfitsio/cfortran.h:2448:5: note: in expansion of macro ‘FCALLSCFUN8’
 2448 |     FCALLSCFUN8(VOID,CN,UN,LN,T1,T2,T3,T4,T5,T6,T7,T8)
      |     ^~~~~~~~~~~
/mnt/f/Astro dev/Astro CS Normalization Database/lib/astro_image_io/third_party/cfitsio/f77_wrap2.c:50:1: note: in expansion of macro ‘FCALLSCSUB8’
   50 | FCALLSCSUB8(ffgpvb,FTGPVB,ftgpvb,FITSUNIT,LONG,LONG,LONG,BYTE,BYTEV,PLOGICAL,PINT)
      | ^~~~~~~~~~~
/mnt/f/Astro dev/Astro CS Normalization Database/lib/astro_image_io/third_party/cfitsio/cfortran.h:1734:59: warning: unused parameter ‘C6’ [-Wunused-parameter]
 1734 | #define   HCF(TN,I)         _(TN,_cfSTR)(3,H,cfCOMMA, H,_(C,I),0,0)
      |                                                           ^
/mnt/f/Astro dev/Astro CS Normalization Database/lib/astro_image_io/third_party/cfitsio/cfortran.h:1742:53: note: in definition of macro ‘STRING_cfH’
 1742 | #define   STRING_cfH(S,U,B) _(A,S) _(U,_CF_SPECIAL) B
      |                                                     ^
/mnt/f/Astro dev/Astro CS Normalization Database/lib/astro_image_io/third_party/cfitsio/cfortran.h:145:19: note: in expansion of macro ‘BYTEV_cfH’
  145 | #define _0(A,B)   A##B
      |                   ^
/mnt/f/Astro dev/Astro CS Normalization Database/lib/astro_image_io/third_party/cfitsio/cfortran.h:145:19: note: in expansion of macro ‘CFARGS3’
/mnt/f/Astro dev/Astro CS Normalization Database/lib/astro_image_io/third_party/cfitsio/cfortran.h:145:19: note: in expansion of macro ‘BYTEV_cfSTR’
/mnt/f/Astro dev/Astro CS Normalization Database/lib/astro_image_io/third_party/cfitsio/cfortran.h:146:19: note: in expansion of macro ‘_0’
  146 | #define  _(A,B)   _0(A,B)  /* see cat,xcat of K&R ANSI C p. 231 */
      |                   ^~
/mnt/f/Astro dev/Astro CS Normalization Database/lib/astro_image_io/third_party/cfitsio/cfortran.h:1734:57: note: in expansion of macro ‘_’
 1734 | #define   HCF(TN,I)         _(TN,_cfSTR)(3,H,cfCOMMA, H,_(C,I),0,0)
      |                                                         ^
/mnt/f/Astro dev/Astro CS Normalization Database/lib/astro_image_io/third_party/cfitsio/cfortran.h:2113:30: note: in expansion of macro ‘HCF’
 2113 | #define   DCF(TN,I)          HCF(TN,I)
      |                              ^~~
/mnt/f/Astro dev/Astro CS Normalization Database/lib/astro_image_io/third_party/cfitsio/cfortran.h:1026:55: note: in expansion of macro ‘DCF’
 1026 |  S(T1,1)   S(T2,2)   S(T3,3)    S(T4,4)    S(T5,5)    S(T6,6)    S(T7,7)       \
      |                                                       ^
/mnt/f/Astro dev/Astro CS Normalization Database/lib/astro_image_io/third_party/cfitsio/cfortran.h:1062:10: note: in expansion of macro ‘CFARGT14S’
 1062 |  M       CFARGT14S(S,T1,T2,T3,T4,T5,T6,T7,T8,T9,TA,TB,TC,TD,TE)
      |          ^~~~~~~~~
/mnt/f/Astro dev/Astro CS Normalization Database/lib/astro_image_io/third_party/cfitsio/f77_wrap.h:281:3: note: in expansion of macro ‘CFARGT14’
  281 |   CFARGT14(NCF,DCF,ABSOFT_cf2(T0),T1,T2,T3,T4,T5,T6,T7,T8,T9,TA,TB,TC,TD,TE))  \
      |   ^~~~~~~~
/mnt/f/Astro dev/Astro CS Normalization Database/lib/astro_image_io/third_party/cfitsio/cfortran.h:2508:9: note: in expansion of macro ‘FCALLSCFUN14’
 2508 |         FCALLSCFUN14(T0,CN,UN,LN,T1,T2,T3,T4,T5,T6,T7,T8,T9,TA,CF_0,CF_0,CF_0,CF_0)
      |         ^~~~~~~~~~~~
/mnt/f/Astro dev/Astro CS Normalization Database/lib/astro_image_io/third_party/cfitsio/cfortran.h:2504:9: note: in expansion of macro ‘FCALLSCFUN10’
 2504 |         FCALLSCFUN10(T0,CN,UN,LN,T1,T2,T3,T4,T5,T6,T7,T8,CF_0,CF_0)
      |         ^~~~~~~~~~~~
/mnt/f/Astro dev/Astro CS Normalization Database/lib/astro_image_io/third_party/cfitsio/cfortran.h:2448:5: note: in expansion of macro ‘FCALLSCFUN8’
 2448 |     FCALLSCFUN8(VOID,CN,UN,LN,T1,T2,T3,T4,T5,T6,T7,T8)
      |     ^~~~~~~~~~~
/mnt/f/Astro dev/Astro CS Normalization Database/lib/astro_image_io/third_party/cfitsio/f77_wrap2.c:50:1: note: in expansion of macro ‘FCALLSCSUB8’
   50 | FCALLSCSUB8(ffgpvb,FTGPVB,ftgpvb,FITSUNIT,LONG,LONG,LONG,BYTE,BYTEV,PLOGICAL,PINT)
      | ^~~~~~~~~~~
/mnt/f/Astro dev/Astro CS Normalization Database/lib/astro_image_io/third_party/cfitsio/f77_wrap2.c: In function ‘ftgpvbll_’:
/mnt/f/Astro dev/Astro CS Normalization Database/lib/astro_image_io/third_party/cfitsio/cfortran.h:1734:59: warning: unused parameter ‘C5’ [-Wunused-parameter]
 1734 | #define   HCF(TN,I)         _(TN,_cfSTR)(3,H,cfCOMMA, H,_(C,I),0,0)
      |                                                           ^
/mnt/f/Astro dev/Astro CS Normalization Database/lib/astro_image_io/third_party/cfitsio/cfortran.h:1742:53: note: in definition of macro ‘STRING_cfH’
 1742 | #define   STRING_cfH(S,U,B) _(A,S) _(U,_CF_SPECIAL) B
      |                                                     ^
/mnt/f/Astro dev/Astro CS Normalization Database/lib/astro_image_io/third_party/cfitsio/cfortran.h:145:19: note: in expansion of macro ‘BYTE_cfH’
  145 | #define _0(A,B)   A##B
      |                   ^
/mnt/f/Astro dev/Astro CS Normalization Database/lib/astro_image_io/third_party/cfitsio/cfortran.h:145:19: note: in expansion of macro ‘CFARGS3’
/mnt/f/Astro dev/Astro CS Normalization Database/lib/astro_image_io/third_party/cfitsio/cfortran.h:145:19: note: in expansion of macro ‘BYTE_cfSTR’
/mnt/f/Astro dev/Astro CS Normalization Database/lib/astro_image_io/third_party/cfitsio/cfortran.h:146:19: note: in expansion of macro ‘_0’
  146 | #define  _(A,B)   _0(A,B)  /* see cat,xcat of K&R ANSI C p. 231 */
      |                   ^~
/mnt/f/Astro dev/Astro CS Normalization Database/lib/astro_image_io/third_party/cfitsio/cfortran.h:1734:57: note: in expansion of macro ‘_’
 1734 | #define   HCF(TN,I)         _(TN,_cfSTR)(3,H,cfCOMMA, H,_(C,I),0,0)
      |                                                         ^
/mnt/f/Astro dev/Astro CS Normalization Database/lib/astro_image_io/third_party/cfitsio/cfortran.h:2113:30: note: in expansion of macro ‘HCF’
 2113 | #define   DCF(TN,I)          HCF(TN,I)
      |                              ^~~
/mnt/f/Astro dev/Astro CS Normalization Database/lib/astro_image_io/third_party/cfitsio/cfortran.h:1026:44: note: in expansion of macro ‘DCF’
 1026 |  S(T1,1)   S(T2,2)   S(T3,3)    S(T4,4)    S(T5,5)    S(T6,6)    S(T7,7)       \
      |                                            ^
/mnt/f/Astro dev/Astro CS Normalization Database/lib/astro_image_io/third_party/cfitsio/cfortran.h:1062:10: note: in expansion of macro ‘CFARGT14S’
 1062 |  M       CFARGT14S(S,T1,T2,T3,T4,T5,T6,T7,T8,T9,TA,TB,TC,TD,TE)
      |          ^~~~~~~~~
/mnt/f/Astro dev/Astro CS Normalization Database/lib/astro_image_io/third_party/cfitsio/f77_wrap.h:281:3: note: in expansion of macro ‘CFARGT14’
  281 |   CFARGT14(NCF,DCF,ABSOFT_cf2(T0),T1,T2,T3,T4,T5,T6,T7,T8,T9,TA,TB,TC,TD,TE))  \
      |   ^~~~~~~~
/mnt/f/Astro dev/Astro CS Normalization Database/lib/astro_image_io/third_party/cfitsio/cfortran.h:2508:9: note: in expansion of macro ‘FCALLSCFUN14’
 2508 |         FCALLSCFUN14(T0,CN,UN,LN,T1,T2,T3,T4,T5,T6,T7,T8,T9,TA,CF_0,CF_0,CF_0,CF_0)
      |         ^~~~~~~~~~~~
/mnt/f/Astro dev/Astro CS Normalization Database/lib/astro_image_io/third_party/cfitsio/cfortran.h:2504:9: note: in expansion of macro ‘FCALLSCFUN10’
 2504 |         FCALLSCFUN10(T0,CN,UN,LN,T1,T2,T3,T4,T5,T6,T7,T8,CF_0,CF_0)
      |         ^~~~~~~~~~~~
/mnt/f/Astro dev/Astro CS Normalization Database/lib/astro_image_io/third_party/cfitsio/cfortran.h:2448:5: note: in expansion of macro ‘FCALLSCFUN8’
 2448 |     FCALLSCFUN8(VOID,CN,UN,LN,T1,T2,T3,T4,T5,T6,T7,T8)
      |     ^~~~~~~~~~~
/mnt/f/Astro dev/Astro CS Normalization Database/lib/astro_image_io/third_party/cfitsio/f77_wrap2.c:57:1: note: in expansion of macro ‘FCALLSCSUB8’
   57 | FCALLSCSUB8(ffgpvb,FTGPVBLL,ftgpvbll,FITSUNIT,LONG,LONGLONG,LONGLONG,BYTE,BYTEV,PLOGICAL,PINT)
      | ^~~~~~~~~~~
/mnt/f/Astro dev/Astro CS Normalization Database/lib/astro_image_io/third_party/cfitsio/cfortran.h:1734:59: warning: unused parameter ‘C6’ [-Wunused-parameter]
 1734 | #define   HCF(TN,I)         _(TN,_cfSTR)(3,H,cfCOMMA, H,_(C,I),0,0)
      |                                                           ^
/mnt/f/Astro dev/Astro CS Normalization Database/lib/astro_image_io/third_party/cfitsio/cfortran.h:1742:53: note: in definition of macro ‘STRING_cfH’
 1742 | #define   STRING_cfH(S,U,B) _(A,S) _(U,_CF_SPECIAL) B
      |                                                     ^
/mnt/f/Astro dev/Astro CS Normalization Database/lib/astro_image_io/third_party/cfitsio/cfortran.h:145:19: note: in expansion of macro ‘BYTEV_cfH’
  145 | #define _0(A,B)   A##B
      |                   ^
/mnt/f/Astro dev/Astro CS Normalization Database/lib/astro_image_io/third_party/cfitsio/cfortran.h:145:19: note: in expansion of macro ‘CFARGS3’
/mnt/f/Astro dev/Astro CS Normalization Database/lib/astro_image_io/third_party/cfitsio/cfortran.h:145:19: note: in expansion of macro ‘BYTEV_cfSTR’
/mnt/f/Astro dev/Astro CS Normalization Database/lib/astro_image_io/third_party/cfitsio/cfortran.h:146:19: note: in expansion of macro ‘_0’
  146 | #define  _(A,B)   _0(A,B)  /* see cat,xcat of K&R ANSI C p. 231 */
      |                   ^~
/mnt/f/Astro dev/Astro CS Normalization Database/lib/astro_image_io/third_party/cfitsio/cfortran.h:1734:57: note: in expansion of macro ‘_’
 1734 | #define   HCF(TN,I)         _(TN,_cfSTR)(3,H,cfCOMMA, H,_(C,I),0,0)
      |                                                         ^
/mnt/f/Astro dev/Astro CS Normalization Database/lib/astro_image_io/third_party/cfitsio/cfortran.h:2113:30: note: in expansion of macro ‘HCF’
 2113 | #define   DCF(TN,I)          HCF(TN,I)
      |                              ^~~
/mnt/f/Astro dev/Astro CS Normalization Database/lib/astro_image_io/third_party/cfitsio/cfortran.h:1026:55: note: in expansion of macro ‘DCF’
 1026 |  S(T1,1)   S(T2,2)   S(T3,3)    S(T4,4)    S(T5,5)    S(T6,6)    S(T7,7)       \
      |                                                       ^
/mnt/f/Astro dev/Astro CS Normalization Database/lib/astro_image_io/third_party/cfitsio/cfortran.h:1062:10: note: in expansion of macro ‘CFARGT14S’
 1062 |  M       CFARGT14S(S,T1,T2,T3,T4,T5,T6,T7,T8,T9,TA,TB,TC,TD,TE)
      |          ^~~~~~~~~
/mnt/f/Astro dev/Astro CS Normalization Database/lib/astro_image_io/third_party/cfitsio/f77_wrap.h:281:3: note: in expansion of macro ‘CFARGT14’
  281 |   CFARGT14(NCF,DCF,ABSOFT_cf2(T0),T1,T2,T3,T4,T5,T6,T7,T8,T9,TA,TB,TC,TD,TE))  \
      |   ^~~~~~~~
/mnt/f/Astro dev/Astro CS Normalization Database/lib/astro_image_io/third_party/cfitsio/cfortran.h:2508:9: note: in expansion of macro ‘FCALLSCFUN14’
 2508 |         FCALLSCFUN14(T0,CN,UN,LN,T1,T2,T3,T4,T5,T6,T7,T8,T9,TA,CF_0,CF_0,CF_0,CF_0)
      |         ^~~~~~~~~~~~
/mnt/f/Astro dev/Astro CS Normalization Database/lib/astro_image_io/third_party/cfitsio/cfortran.h:2504:9: note: in expansion of macro ‘FCALLSCFUN10’
 2504 |         FCALLSCFUN10(T0,CN,UN,LN,T1,T2,T3,T4,T5,T6,T7,T8,CF_0,CF_0)
      |         ^~~~~~~~~~~~
/mnt/f/Astro dev/Astro CS Normalization Database/lib/astro_image_io/third_party/cfitsio/cfortran.h:2448:5: note: in expansion of macro ‘FCALLSCFUN8’
 2448 |     FCALLSCFUN8(VOID,CN,UN,LN,T1,T2,T3,T4,T5,T6,T7,T8)
      |     ^~~~~~~~~~~
/mnt/f/Astro dev/Astro CS Normalization Database/lib/astro_image_io/third_party/cfitsio/f77_wrap2.c:57:1: note: in expansion of macro ‘FCALLSCSUB8’
   57 | FCALLSCSUB8(ffgpvb,FTGPVBLL,ftgpvbll,FITSUNIT,LONG,LONGLONG,LONGLONG,BYTE,BYTEV,PLOGICAL,PINT)
      | ^~~~~~~~~~~
/mnt/f/Astro dev/Astro CS Normalization Database/lib/astro_image_io/third_party/cfitsio/f77_wrap2.c: In function ‘ftgpfb_’:
/mnt/f/Astro dev/Astro CS Normalization Database/lib/astro_image_io/third_party/cfitsio/cfortran.h:1734:59: warning: unused parameter ‘C5’ [-Wunused-parameter]
 1734 | #define   HCF(TN,I)         _(TN,_cfSTR)(3,H,cfCOMMA, H,_(C,I),0,0)
      |                                                           ^
/mnt/f/Astro dev/Astro CS Normalization Database/lib/astro_image_io/third_party/cfitsio/cfortran.h:1742:53: note: in definition of macro ‘STRING_cfH’
 1742 | #define   STRING_cfH(S,U,B) _(A,S) _(U,_CF_SPECIAL) B
      |                                                     ^
/mnt/f/Astro dev/Astro CS Normalization Database/lib/astro_image_io/third_party/cfitsio/cfortran.h:145:19: note: in expansion of macro ‘BYTEV_cfH’
  145 | #define _0(A,B)   A##B
      |                   ^
/mnt/f/Astro dev/Astro CS Normalization Database/lib/astro_image_io/third_party/cfitsio/cfortran.h:145:19: note: in expansion of macro ‘CFARGS3’
/mnt/f/Astro dev/Astro CS Normalization Database/lib/astro_image_io/third_party/cfitsio/cfortran.h:145:19: note: in expansion of macro ‘BYTEV_cfSTR’
/mnt/f/Astro dev/Astro CS Normalization Database/lib/astro_image_io/third_party/cfitsio/cfortran.h:146:19: note: in expansion of macro ‘_0’
  146 | #define  _(A,B)   _0(A,B)  /* see cat,xcat of K&R ANSI C p. 231 */
      |                   ^~
/mnt/f/Astro dev/Astro CS Normalization Database/lib/astro_image_io/third_party/cfitsio/cfortran.h:1734:57: note: in expansion of macro ‘_’
 1734 | #define   HCF(TN,I)         _(TN,_cfSTR)(3,H,cfCOMMA, H,_(C,I),0,0)
      |                                                         ^
/mnt/f/Astro dev/Astro CS Normalization Database/lib/astro_image_io/third_party/cfitsio/cfortran.h:2113:30: note: in expansion of macro ‘HCF’
 2113 | #define   DCF(TN,I)          HCF(TN,I)
      |                              ^~~
/mnt/f/Astro dev/Astro CS Normalization Database/lib/astro_image_io/third_party/cfitsio/cfortran.h:1026:44: note: in expansion of macro ‘DCF’
 1026 |  S(T1,1)   S(T2,2)   S(T3,3)    S(T4,4)    S(T5,5)    S(T6,6)    S(T7,7)       \
      |                                            ^
/mnt/f/Astro dev/Astro CS Normalization Database/lib/astro_image_io/third_party/cfitsio/cfortran.h:1062:10: note: in expansion of macro ‘CFARGT14S’
 1062 |  M       CFARGT14S(S,T1,T2,T3,T4,T5,T6,T7,T8,T9,TA,TB,TC,TD,TE)
      |          ^~~~~~~~~
/mnt/f/Astro dev/Astro CS Normalization Database/lib/astro_image_io/third_party/cfitsio/f77_wrap.h:281:3: note: in expansion of macro ‘CFARGT14’
  281 |   CFARGT14(NCF,DCF,ABSOFT_cf2(T0),T1,T2,T3,T4,T5,T6,T7,T8,T9,TA,TB,TC,TD,TE))  \
      |   ^~~~~~~~
/mnt/f/Astro dev/Astro CS Normalization Database/lib/astro_image_io/third_party/cfitsio/cfortran.h:2508:9: note: in expansion of macro ‘FCALLSCFUN14’
 2508 |         FCALLSCFUN14(T0,CN,UN,LN,T1,T2,T3,T4,T5,T6,T7,T8,T9,TA,CF_0,CF_0,CF_0,CF_0)
      |         ^~~~~~~~~~~~
/mnt/f/Astro dev/Astro CS Normalization Database/lib/astro_image_io/third_party/cfitsio/cfortran.h:2504:9: note: in expansion of macro ‘FCALLSCFUN10’
 2504 |         FCALLSCFUN10(T0,CN,UN,LN,T1,T2,T3,T4,T5,T6,T7,T8,CF_0,CF_0)
      |         ^~~~~~~~~~~~
/mnt/f/Astro dev/Astro CS Normalization Database/lib/astro_image_io/third_party/cfitsio/cfortran.h:2448:5: note: in expansion of macro ‘FCALLSCFUN8’
 2448 |     FCALLSCFUN8(VOID,CN,UN,LN,T1,T2,T3,T4,T5,T6,T7,T8)
      |     ^~~~~~~~~~~
/mnt/f/Astro dev/Astro CS Normalization Database/lib/astro_image_io/third_party/cfitsio/f77_wrap2.c:65:1: note: in expansion of macro ‘FCALLSCSUB8’
   65 | FCALLSCSUB8(ffgpfb,FTGPFB,ftgpfb,FITSUNIT,LONG,LONG,LONG,BYTEV,LOGICALV,PLOGICAL,PINT)
      | ^~~~~~~~~~~
/mnt/f/Astro dev/Astro CS Normalization Database/lib/astro_image_io/third_party/cfitsio/f77_wrap2.c: In function ‘ftg2db_’:
/mnt/f/Astro dev/Astro CS Normalization Database/lib/astro_image_io/third_party/cfitsio/cfortran.h:1734:59: warning: unused parameter ‘C3’ [-Wunused-parameter]
 1734 | #define   HCF(TN,I)         _(TN,_cfSTR)(3,H,cfCOMMA, H,_(C,I),0,0)
      |                                                           ^
/mnt/f/Astro dev/Astro CS Normalization Database/lib/astro_image_io/third_party/cfitsio/cfortran.h:1742:53: note: in definition of macro ‘STRING_cfH’
 1742 | #define   STRING_cfH(S,U,B) _(A,S) _(U,_CF_SPECIAL) B
      |                                                     ^
/mnt/f/Astro dev/Astro CS Normalization Database/lib/astro_image_io/third_party/cfitsio/cfortran.h:145:19: note: in expansion of macro ‘BYTE_cfH’
  145 | #define _0(A,B)   A##B
      |                   ^
/mnt/f/Astro dev/Astro CS Normalization Database/lib/astro_image_io/third_party/cfitsio/cfortran.h:145:19: note: in expansion of macro ‘CFARGS3’
/mnt/f/Astro dev/Astro CS Normalization Database/lib/astro_image_io/third_party/cfitsio/cfortran.h:145:19: note: in expansion of macro ‘BYTE_cfSTR’
/mnt/f/Astro dev/Astro CS Normalization Database/lib/astro_image_io/third_party/cfitsio/cfortran.h:146:19: note: in expansion of macro ‘_0’
  146 | #define  _(A,B)   _0(A,B)  /* see cat,xcat of K&R ANSI C p. 231 */
      |                   ^~
/mnt/f/Astro dev/Astro CS Normalization Database/lib/astro_image_io/third_party/cfitsio/cfortran.h:1734:57: note: in expansion of macro ‘_’
 1734 | #define   HCF(TN,I)         _(TN,_cfSTR)(3,H,cfCOMMA, H,_(C,I),0,0)
      |                                                         ^
/mnt/f/Astro dev/Astro CS Normalization Database/lib/astro_image_io/third_party/cfitsio/cfortran.h:2113:30: note: in expansion of macro ‘HCF’
 2113 | #define   DCF(TN,I)          HCF(TN,I)
      |                              ^~~
/mnt/f/Astro dev/Astro CS Normalization Database/lib/astro_image_io/third_party/cfitsio/cfortran.h:1026:22: note: in expansion of macro ‘DCF’
 1026 |  S(T1,1)   S(T2,2)   S(T3,3)    S(T4,4)    S(T5,5)    S(T6,6)    S(T7,7)       \
      |                      ^
/mnt/f/Astro dev/Astro CS Normalization Database/lib/astro_image_io/third_party/cfitsio/cfortran.h:1062:10: note: in expansion of macro ‘CFARGT14S’
 1062 |  M       CFARGT14S(S,T1,T2,T3,T4,T5,T6,T7,T8,T9,TA,TB,TC,TD,TE)
      |          ^~~~~~~~~
/mnt/f/Astro dev/Astro CS Normalization Database/lib/astro_image_io/third_party/cfitsio/f77_wrap.h:281:3: note: in expansion of macro ‘CFARGT14’
  281 |   CFARGT14(NCF,DCF,ABSOFT_cf2(T0),T1,T2,T3,T4,T5,T6,T7,T8,T9,TA,TB,TC,TD,TE))  \
      |   ^~~~~~~~
/mnt/f/Astro dev/Astro CS Normalization Database/lib/astro_image_io/third_party/cfitsio/cfortran.h:2508:9: note: in expansion of macro ‘FCALLSCFUN14’
 2508 |         FCALLSCFUN14(T0,CN,UN,LN,T1,T2,T3,T4,T5,T6,T7,T8,T9,TA,CF_0,CF_0,CF_0,CF_0)
      |         ^~~~~~~~~~~~
/mnt/f/Astro dev/Astro CS Normalization Database/lib/astro_image_io/third_party/cfitsio/cfortran.h:2506:9: note: in expansion of macro ‘FCALLSCFUN10’
 2506 |         FCALLSCFUN10(T0,CN,UN,LN,T1,T2,T3,T4,T5,T6,T7,T8,T9,CF_0)
      |         ^~~~~~~~~~~~
/mnt/f/Astro dev/Astro CS Normalization Database/lib/astro_image_io/third_party/cfitsio/cfortran.h:2450:5: note: in expansion of macro ‘FCALLSCFUN9’
 2450 |     FCALLSCFUN9(VOID,CN,UN,LN,T1,T2,T3,T4,T5,T6,T7,T8,T9)
      |     ^~~~~~~~~~~
/mnt/f/Astro dev/Astro CS Normalization Database/lib/astro_image_io/third_party/cfitsio/f77_wrap2.c:82:1: note: in expansion of macro ‘FCALLSCSUB9’
   82 | FCALLSCSUB9(ffg2db,FTG2DB,ftg2db,FITSUNIT,LONG,BYTE,LONG,LONG,LONG,BYTEV,PLOGICAL,PINT)
      | ^~~~~~~~~~~
/mnt/f/Astro dev/Astro CS Normalization Database/lib/astro_image_io/third_party/cfitsio/cfortran.h:1734:59: warning: unused parameter ‘C7’ [-Wunused-parameter]
 1734 | #define   HCF(TN,I)         _(TN,_cfSTR)(3,H,cfCOMMA, H,_(C,I),0,0)
      |                                                           ^
/mnt/f/Astro dev/Astro CS Normalization Database/lib/astro_image_io/third_party/cfitsio/cfortran.h:1742:53: note: in definition of macro ‘STRING_cfH’
 1742 | #define   STRING_cfH(S,U,B) _(A,S) _(U,_CF_SPECIAL) B
      |                                                     ^
/mnt/f/Astro dev/Astro CS Normalization Database/lib/astro_image_io/third_party/cfitsio/cfortran.h:145:19: note: in expansion of macro ‘BYTEV_cfH’
  145 | #define _0(A,B)   A##B
      |                   ^
/mnt/f/Astro dev/Astro CS Normalization Database/lib/astro_image_io/third_party/cfitsio/cfortran.h:145:19: note: in expansion of macro ‘CFARGS3’
/mnt/f/Astro dev/Astro CS Normalization Database/lib/astro_image_io/third_party/cfitsio/cfortran.h:145:19: note: in expansion of macro ‘BYTEV_cfSTR’
/mnt/f/Astro dev/Astro CS Normalization Database/lib/astro_image_io/third_party/cfitsio/cfortran.h:146:19: note: in expansion of macro ‘_0’
  146 | #define  _(A,B)   _0(A,B)  /* see cat,xcat of K&R ANSI C p. 231 */
      |                   ^~
/mnt/f/Astro dev/Astro CS Normalization Database/lib/astro_image_io/third_party/cfitsio/cfortran.h:1734:57: note: in expansion of macro ‘_’
 1734 | #define   HCF(TN,I)         _(TN,_cfSTR)(3,H,cfCOMMA, H,_(C,I),0,0)
      |                                                         ^
/mnt/f/Astro dev/Astro CS Normalization Database/lib/astro_image_io/third_party/cfitsio/cfortran.h:2113:30: note: in expansion of macro ‘HCF’
 2113 | #define   DCF(TN,I)          HCF(TN,I)
      |                              ^~~
/mnt/f/Astro dev/Astro CS Normalization Database/lib/astro_image_io/third_party/cfitsio/cfortran.h:1026:66: note: in expansion of macro ‘DCF’
 1026 |  S(T1,1)   S(T2,2)   S(T3,3)    S(T4,4)    S(T5,5)    S(T6,6)    S(T7,7)       \
      |                                                                  ^
/mnt/f/Astro dev/Astro CS Normalization Database/lib/astro_image_io/third_party/cfitsio/cfortran.h:1062:10: note: in expansion of macro ‘CFARGT14S’
 1062 |  M       CFARGT14S(S,T1,T2,T3,T4,T5,T6,T7,T8,T9,TA,TB,TC,TD,TE)
      |          ^~~~~~~~~
/mnt/f/Astro dev/Astro CS Normalization Database/lib/astro_image_io/third_party/cfitsio/f77_wrap.h:281:3: note: in expansion of macro ‘CFARGT14’
  281 |   CFARGT14(NCF,DCF,ABSOFT_cf2(T0),T1,T2,T3,T4,T5,T6,T7,T8,T9,TA,TB,TC,TD,TE))  \
      |   ^~~~~~~~
/mnt/f/Astro dev/Astro CS Normalization Database/lib/astro_image_io/third_party/cfitsio/cfortran.h:2508:9: note: in expansion of macro ‘FCALLSCFUN14’
 2508 |         FCALLSCFUN14(T0,CN,UN,LN,T1,T2,T3,T4,T5,T6,T7,T8,T9,TA,CF_0,CF_0,CF_0,CF_0)
      |         ^~~~~~~~~~~~
/mnt/f/Astro dev/Astro CS Normalization Database/lib/astro_image_io/third_party/cfitsio/cfortran.h:2506:9: note: in expansion of macro ‘FCALLSCFUN10’
 2506 |         FCALLSCFUN10(T0,CN,UN,LN,T1,T2,T3,T4,T5,T6,T7,T8,T9,CF_0)
      |         ^~~~~~~~~~~~
/mnt/f/Astro dev/Astro CS Normalization Database/lib/astro_image_io/third_party/cfitsio/cfortran.h:2450:5: note: in expansion of macro ‘FCALLSCFUN9’
 2450 |     FCALLSCFUN9(VOID,CN,UN,LN,T1,T2,T3,T4,T5,T6,T7,T8,T9)
      |     ^~~~~~~~~~~
/mnt/f/Astro dev/Astro CS Normalization Database/lib/astro_image_io/third_party/cfitsio/f77_wrap2.c:82:1: note: in expansion of macro ‘FCALLSCSUB9’
   82 | FCALLSCSUB9(ffg2db,FTG2DB,ftg2db,FITSUNIT,LONG,BYTE,LONG,LONG,LONG,BYTEV,PLOGICAL,PINT)
      | ^~~~~~~~~~~
/mnt/f/Astro dev/Astro CS Normalization Database/lib/astro_image_io/third_party/cfitsio/f77_wrap2.c: In function ‘ftg3db_’:
/mnt/f/Astro dev/Astro CS Normalization Database/lib/astro_image_io/third_party/cfitsio/cfortran.h:1734:59: warning: unused parameter ‘C3’ [-Wunused-parameter]
 1734 | #define   HCF(TN,I)         _(TN,_cfSTR)(3,H,cfCOMMA, H,_(C,I),0,0)
      |                                                           ^
/mnt/f/Astro dev/Astro CS Normalization Database/lib/astro_image_io/third_party/cfitsio/cfortran.h:1742:53: note: in definition of macro ‘STRING_cfH’
 1742 | #define   STRING_cfH(S,U,B) _(A,S) _(U,_CF_SPECIAL) B
      |                                                     ^
/mnt/f/Astro dev/Astro CS Normalization Database/lib/astro_image_io/third_party/cfitsio/cfortran.h:145:19: note: in expansion of macro ‘BYTE_cfH’
  145 | #define _0(A,B)   A##B
      |                   ^
/mnt/f/Astro dev/Astro CS Normalization Database/lib/astro_image_io/third_party/cfitsio/cfortran.h:145:19: note: in expansion of macro ‘CFARGS3’
/mnt/f/Astro dev/Astro CS Normalization Database/lib/astro_image_io/third_party/cfitsio/cfortran.h:145:19: note: in expansion of macro ‘BYTE_cfSTR’
/mnt/f/Astro dev/Astro CS Normalization Database/lib/astro_image_io/third_party/cfitsio/cfortran.h:146:19: note: in expansion of macro ‘_0’
  146 | #define  _(A,B)   _0(A,B)  /* see cat,xcat of K&R ANSI C p. 231 */
      |                   ^~
/mnt/f/Astro dev/Astro CS Normalization Database/lib/astro_image_io/third_party/cfitsio/cfortran.h:1734:57: note: in expansion of macro ‘_’
 1734 | #define   HCF(TN,I)         _(TN,_cfSTR)(3,H,cfCOMMA, H,_(C,I),0,0)
      |                                                         ^
/mnt/f/Astro dev/Astro CS Normalization Database/lib/astro_image_io/third_party/cfitsio/cfortran.h:2113:30: note: in expansion of macro ‘HCF’
 2113 | #define   DCF(TN,I)          HCF(TN,I)
      |                              ^~~
/mnt/f/Astro dev/Astro CS Normalization Database/lib/astro_image_io/third_party/cfitsio/cfortran.h:1026:22: note: in expansion of macro ‘DCF’
 1026 |  S(T1,1)   S(T2,2)   S(T3,3)    S(T4,4)    S(T5,5)    S(T6,6)    S(T7,7)       \
      |                      ^
/mnt/f/Astro dev/Astro CS Normalization Database/lib/astro_image_io/third_party/cfitsio/cfortran.h:1062:10: note: in expansion of macro ‘CFARGT14S’
 1062 |  M       CFARGT14S(S,T1,T2,T3,T4,T5,T6,T7,T8,T9,TA,TB,TC,TD,TE)
      |          ^~~~~~~~~
/mnt/f/Astro dev/Astro CS Normalization Database/lib/astro_image_io/third_party/cfitsio/f77_wrap.h:281:3: note: in expansion of macro ‘CFARGT14’
  281 |   CFARGT14(NCF,DCF,ABSOFT_cf2(T0),T1,T2,T3,T4,T5,T6,T7,T8,T9,TA,TB,TC,TD,TE))  \
      |   ^~~~~~~~
/mnt/f/Astro dev/Astro CS Normalization Database/lib/astro_image_io/third_party/cfitsio/cfortran.h:2510:9: note: in expansion of macro ‘FCALLSCFUN14’
 2510 |         FCALLSCFUN14(T0,CN,UN,LN,T1,T2,T3,T4,T5,T6,T7,T8,T9,TA,TB,CF_0,CF_0,CF_0)
      |         ^~~~~~~~~~~~
/mnt/f/Astro dev/Astro CS Normalization Database/lib/astro_image_io/third_party/cfitsio/cfortran.h:2454:4: note: in expansion of macro ‘FCALLSCFUN11’
 2454 |    FCALLSCFUN11(VOID,CN,UN,LN,T1,T2,T3,T4,T5,T6,T7,T8,T9,TA,TB)
      |    ^~~~~~~~~~~~
/mnt/f/Astro dev/Astro CS Normalization Database/lib/astro_image_io/third_party/cfitsio/f77_wrap2.c:89:1: note: in expansion of macro ‘FCALLSCSUB11’
   89 | FCALLSCSUB11(ffg3db,FTG3DB,ftg3db,FITSUNIT,LONG,BYTE,LONG,LONG,LONG,LONG,LONG,BYTEV,PLOGICAL,PINT)
      | ^~~~~~~~~~~~
/mnt/f/Astro dev/Astro CS Normalization Database/lib/astro_image_io/third_party/cfitsio/cfortran.h:1734:59: warning: unused parameter ‘C9’ [-Wunused-parameter]
 1734 | #define   HCF(TN,I)         _(TN,_cfSTR)(3,H,cfCOMMA, H,_(C,I),0,0)
      |                                                           ^
/mnt/f/Astro dev/Astro CS Normalization Database/lib/astro_image_io/third_party/cfitsio/cfortran.h:1742:53: note: in definition of macro ‘STRING_cfH’
 1742 | #define   STRING_cfH(S,U,B) _(A,S) _(U,_CF_SPECIAL) B
      |                                                     ^
/mnt/f/Astro dev/Astro CS Normalization Database/lib/astro_image_io/third_party/cfitsio/cfortran.h:145:19: note: in expansion of macro ‘BYTEV_cfH’
  145 | #define _0(A,B)   A##B
      |                   ^
/mnt/f/Astro dev/Astro CS Normalization Database/lib/astro_image_io/third_party/cfitsio/cfortran.h:145:19: note: in expansion of macro ‘CFARGS3’
/mnt/f/Astro dev/Astro CS Normalization Database/lib/astro_image_io/third_party/cfitsio/cfortran.h:145:19: note: in expansion of macro ‘BYTEV_cfSTR’
/mnt/f/Astro dev/Astro CS Normalization Database/lib/astro_image_io/third_party/cfitsio/cfortran.h:146:19: note: in expansion of macro ‘_0’
  146 | #define  _(A,B)   _0(A,B)  /* see cat,xcat of K&R ANSI C p. 231 */
      |                   ^~
/mnt/f/Astro dev/Astro CS Normalization Database/lib/astro_image_io/third_party/cfitsio/cfortran.h:1734:57: note: in expansion of macro ‘_’
 1734 | #define   HCF(TN,I)         _(TN,_cfSTR)(3,H,cfCOMMA, H,_(C,I),0,0)
      |                                                         ^
/mnt/f/Astro dev/Astro CS Normalization Database/lib/astro_image_io/third_party/cfitsio/cfortran.h:2113:30: note: in expansion of macro ‘HCF’
 2113 | #define   DCF(TN,I)          HCF(TN,I)
      |                              ^~~
/mnt/f/Astro dev/Astro CS Normalization Database/lib/astro_image_io/third_party/cfitsio/cfortran.h:1027:12: note: in expansion of macro ‘DCF’
 1027 |  S(T8,8)   S(T9,9)   S(TA,10)   S(TB,11)   S(TC,12)   S(TD,13)   S(TE,14)
      |            ^
/mnt/f/Astro dev/Astro CS Normalization Database/lib/astro_image_io/third_party/cfitsio/cfortran.h:1062:10: note: in expansion of macro ‘CFARGT14S’
 1062 |  M       CFARGT14S(S,T1,T2,T3,T4,T5,T6,T7,T8,T9,TA,TB,TC,TD,TE)
      |          ^~~~~~~~~
/mnt/f/Astro dev/Astro CS Normalization Database/lib/astro_image_io/third_party/cfitsio/f77_wrap.h:281:3: note: in expansion of macro ‘CFARGT14’
  281 |   CFARGT14(NCF,DCF,ABSOFT_cf2(T0),T1,T2,T3,T4,T5,T6,T7,T8,T9,TA,TB,TC,TD,TE))  \
      |   ^~~~~~~~
/mnt/f/Astro dev/Astro CS Normalization Database/lib/astro_image_io/third_party/cfitsio/cfortran.h:2510:9: note: in expansion of macro ‘FCALLSCFUN14’
 2510 |         FCALLSCFUN14(T0,CN,UN,LN,T1,T2,T3,T4,T5,T6,T7,T8,T9,TA,TB,CF_0,CF_0,CF_0)
      |         ^~~~~~~~~~~~
/mnt/f/Astro dev/Astro CS Normalization Database/lib/astro_image_io/third_party/cfitsio/cfortran.h:2454:4: note: in expansion of macro ‘FCALLSCFUN11’
 2454 |    FCALLSCFUN11(VOID,CN,UN,LN,T1,T2,T3,T4,T5,T6,T7,T8,T9,TA,TB)
      |    ^~~~~~~~~~~~
/mnt/f/Astro dev/Astro CS Normalization Database/lib/astro_image_io/third_party/cfitsio/f77_wrap2.c:89:1: note: in expansion of macro ‘FCALLSCSUB11’
   89 | FCALLSCSUB11(ffg3db,FTG3DB,ftg3db,FITSUNIT,LONG,BYTE,LONG,LONG,LONG,LONG,LONG,BYTEV,PLOGICAL,PINT)
      | ^~~~~~~~~~~~
/mnt/f/Astro dev/Astro CS Normalization Database/lib/astro_image_io/third_party/cfitsio/f77_wrap2.c: In function ‘ftgsvb_’:
/mnt/f/Astro dev/Astro CS Normalization Database/lib/astro_image_io/third_party/cfitsio/cfortran.h:1734:59: warning: unused parameter ‘C8’ [-Wunused-parameter]
 1734 | #define   HCF(TN,I)         _(TN,_cfSTR)(3,H,cfCOMMA, H,_(C,I),0,0)
      |                                                           ^
/mnt/f/Astro dev/Astro CS Normalization Database/lib/astro_image_io/third_party/cfitsio/cfortran.h:1742:53: note: in definition of macro ‘STRING_cfH’
 1742 | #define   STRING_cfH(S,U,B) _(A,S) _(U,_CF_SPECIAL) B
      |                                                     ^
/mnt/f/Astro dev/Astro CS Normalization Database/lib/astro_image_io/third_party/cfitsio/cfortran.h:145:19: note: in expansion of macro ‘BYTE_cfH’
  145 | #define _0(A,B)   A##B
      |                   ^
/mnt/f/Astro dev/Astro CS Normalization Database/lib/astro_image_io/third_party/cfitsio/cfortran.h:145:19: note: in expansion of macro ‘CFARGS3’
/mnt/f/Astro dev/Astro CS Normalization Database/lib/astro_image_io/third_party/cfitsio/cfortran.h:145:19: note: in expansion of macro ‘BYTE_cfSTR’
/mnt/f/Astro dev/Astro CS Normalization Database/lib/astro_image_io/third_party/cfitsio/cfortran.h:146:19: note: in expansion of macro ‘_0’
  146 | #define  _(A,B)   _0(A,B)  /* see cat,xcat of K&R ANSI C p. 231 */
      |                   ^~
/mnt/f/Astro dev/Astro CS Normalization Database/lib/astro_image_io/third_party/cfitsio/cfortran.h:1734:57: note: in expansion of macro ‘_’
 1734 | #define   HCF(TN,I)         _(TN,_cfSTR)(3,H,cfCOMMA, H,_(C,I),0,0)
      |                                                         ^
/mnt/f/Astro dev/Astro CS Normalization Database/lib/astro_image_io/third_party/cfitsio/cfortran.h:2113:30: note: in expansion of macro ‘HCF’
 2113 | #define   DCF(TN,I)          HCF(TN,I)
      |                              ^~~
/mnt/f/Astro dev/Astro CS Normalization Database/lib/astro_image_io/third_party/cfitsio/cfortran.h:1027:2: note: in expansion of macro ‘DCF’
 1027 |  S(T8,8)   S(T9,9)   S(TA,10)   S(TB,11)   S(TC,12)   S(TD,13)   S(TE,14)
      |  ^
/mnt/f/Astro dev/Astro CS Normalization Database/lib/astro_image_io/third_party/cfitsio/cfortran.h:1062:10: note: in expansion of macro ‘CFARGT14S’
 1062 |  M       CFARGT14S(S,T1,T2,T3,T4,T5,T6,T7,T8,T9,TA,TB,TC,TD,TE)
      |          ^~~~~~~~~
/mnt/f/Astro dev/Astro CS Normalization Database/lib/astro_image_io/third_party/cfitsio/f77_wrap.h:281:3: note: in expansion of macro ‘CFARGT14’
  281 |   CFARGT14(NCF,DCF,ABSOFT_cf2(T0),T1,T2,T3,T4,T5,T6,T7,T8,T9,TA,TB,TC,TD,TE))  \
      |   ^~~~~~~~
/mnt/f/Astro dev/Astro CS Normalization Database/lib/astro_image_io/third_party/cfitsio/cfortran.h:2510:9: note: in expansion of macro ‘FCALLSCFUN14’
 2510 |         FCALLSCFUN14(T0,CN,UN,LN,T1,T2,T3,T4,T5,T6,T7,T8,T9,TA,TB,CF_0,CF_0,CF_0)
      |         ^~~~~~~~~~~~
/mnt/f/Astro dev/Astro CS Normalization Database/lib/astro_image_io/third_party/cfitsio/cfortran.h:2454:4: note: in expansion of macro ‘FCALLSCFUN11’
 2454 |    FCALLSCFUN11(VOID,CN,UN,LN,T1,T2,T3,T4,T5,T6,T7,T8,T9,TA,TB)
      |    ^~~~~~~~~~~~
/mnt/f/Astro dev/Astro CS Normalization Database/lib/astro_image_io/third_party/cfitsio/f77_wrap2.c:103:1: note: in expansion of macro ‘FCALLSCSUB11’
  103 | FCALLSCSUB11(ffgsvb,FTGSVB,ftgsvb,FITSUNIT,INT,INT,LONGV,LONGV,LONGV,LONGV,BYTE,BYTEV,PLOGICAL,PINT)
      | ^~~~~~~~~~~~
/mnt/f/Astro dev/Astro CS Normalization Database/lib/astro_image_io/third_party/cfitsio/cfortran.h:1734:59: warning: unused parameter ‘C9’ [-Wunused-parameter]
 1734 | #define   HCF(TN,I)         _(TN,_cfSTR)(3,H,cfCOMMA, H,_(C,I),0,0)
      |                                                           ^
/mnt/f/Astro dev/Astro CS Normalization Database/lib/astro_image_io/third_party/cfitsio/cfortran.h:1742:53: note: in definition of macro ‘STRING_cfH’
 1742 | #define   STRING_cfH(S,U,B) _(A,S) _(U,_CF_SPECIAL) B
      |                                                     ^
/mnt/f/Astro dev/Astro CS Normalization Database/lib/astro_image_io/third_party/cfitsio/cfortran.h:145:19: note: in expansion of macro ‘BYTEV_cfH’
  145 | #define _0(A,B)   A##B
      |                   ^
/mnt/f/Astro dev/Astro CS Normalization Database/lib/astro_image_io/third_party/cfitsio/cfortran.h:145:19: note: in expansion of macro ‘CFARGS3’
/mnt/f/Astro dev/Astro CS Normalization Database/lib/astro_image_io/third_party/cfitsio/cfortran.h:145:19: note: in expansion of macro ‘BYTEV_cfSTR’
/mnt/f/Astro dev/Astro CS Normalization Database/lib/astro_image_io/third_party/cfitsio/cfortran.h:146:19: note: in expansion of macro ‘_0’
  146 | #define  _(A,B)   _0(A,B)  /* see cat,xcat of K&R ANSI C p. 231 */
      |                   ^~
/mnt/f/Astro dev/Astro CS Normalization Database/lib/astro_image_io/third_party/cfitsio/cfortran.h:1734:57: note: in expansion of macro ‘_’
 1734 | #define   HCF(TN,I)         _(TN,_cfSTR)(3,H,cfCOMMA, H,_(C,I),0,0)
      |                                                         ^
/mnt/f/Astro dev/Astro CS Normalization Database/lib/astro_image_io/third_party/cfitsio/cfortran.h:2113:30: note: in expansion of macro ‘HCF’
 2113 | #define   DCF(TN,I)          HCF(TN,I)
      |                              ^~~
/mnt/f/Astro dev/Astro CS Normalization Database/lib/astro_image_io/third_party/cfitsio/cfortran.h:1027:12: note: in expansion of macro ‘DCF’
 1027 |  S(T8,8)   S(T9,9)   S(TA,10)   S(TB,11)   S(TC,12)   S(TD,13)   S(TE,14)
      |            ^
/mnt/f/Astro dev/Astro CS Normalization Database/lib/astro_image_io/third_party/cfitsio/cfortran.h:1062:10: note: in expansion of macro ‘CFARGT14S’
 1062 |  M       CFARGT14S(S,T1,T2,T3,T4,T5,T6,T7,T8,T9,TA,TB,TC,TD,TE)
      |          ^~~~~~~~~
/mnt/f/Astro dev/Astro CS Normalization Database/lib/astro_image_io/third_party/cfitsio/f77_wrap.h:281:3: note: in expansion of macro ‘CFARGT14’
  281 |   CFARGT14(NCF,DCF,ABSOFT_cf2(T0),T1,T2,T3,T4,T5,T6,T7,T8,T9,TA,TB,TC,TD,TE))  \
      |   ^~~~~~~~
/mnt/f/Astro dev/Astro CS Normalization Database/lib/astro_image_io/third_party/cfitsio/cfortran.h:2510:9: note: in expansion of macro ‘FCALLSCFUN14’
 2510 |         FCALLSCFUN14(T0,CN,UN,LN,T1,T2,T3,T4,T5,T6,T7,T8,T9,TA,TB,CF_0,CF_0,CF_0)
      |         ^~~~~~~~~~~~
/mnt/f/Astro dev/Astro CS Normalization Database/lib/astro_image_io/third_party/cfitsio/cfortran.h:2454:4: note: in expansion of macro ‘FCALLSCFUN11’
 2454 |    FCALLSCFUN11(VOID,CN,UN,LN,T1,T2,T3,T4,T5,T6,T7,T8,T9,TA,TB)
      |    ^~~~~~~~~~~~
/mnt/f/Astro dev/Astro CS Normalization Database/lib/astro_image_io/third_party/cfitsio/f77_wrap2.c:103:1: note: in expansion of macro ‘FCALLSCSUB11’
  103 | FCALLSCSUB11(ffgsvb,FTGSVB,ftgsvb,FITSUNIT,INT,INT,LONGV,LONGV,LONGV,LONGV,BYTE,BYTEV,PLOGICAL,PINT)
      | ^~~~~~~~~~~~
/mnt/f/Astro dev/Astro CS Normalization Database/lib/astro_image_io/third_party/cfitsio/f77_wrap2.c: In function ‘ftgsfb_’:
/mnt/f/Astro dev/Astro CS Normalization Database/lib/astro_image_io/third_party/cfitsio/cfortran.h:1734:59: warning: unused parameter ‘C8’ [-Wunused-parameter]
 1734 | #define   HCF(TN,I)         _(TN,_cfSTR)(3,H,cfCOMMA, H,_(C,I),0,0)
      |                                                           ^
/mnt/f/Astro dev/Astro CS Normalization Database/lib/astro_image_io/third_party/cfitsio/cfortran.h:1742:53: note: in definition of macro ‘STRING_cfH’
 1742 | #define   STRING_cfH(S,U,B) _(A,S) _(U,_CF_SPECIAL) B
      |                                                     ^
/mnt/f/Astro dev/Astro CS Normalization Database/lib/astro_image_io/third_party/cfitsio/cfortran.h:145:19: note: in expansion of macro ‘BYTEV_cfH’
  145 | #define _0(A,B)   A##B
      |                   ^
/mnt/f/Astro dev/Astro CS Normalization Database/lib/astro_image_io/third_party/cfitsio/cfortran.h:145:19: note: in expansion of macro ‘CFARGS3’
/mnt/f/Astro dev/Astro CS Normalization Database/lib/astro_image_io/third_party/cfitsio/cfortran.h:145:19: note: in expansion of macro ‘BYTEV_cfSTR’
/mnt/f/Astro dev/Astro CS Normalization Database/lib/astro_image_io/third_party/cfitsio/cfortran.h:146:19: note: in expansion of macro ‘_0’
  146 | #define  _(A,B)   _0(A,B)  /* see cat,xcat of K&R ANSI C p. 231 */
      |                   ^~
/mnt/f/Astro dev/Astro CS Normalization Database/lib/astro_image_io/third_party/cfitsio/cfortran.h:1734:57: note: in expansion of macro ‘_’
 1734 | #define   HCF(TN,I)         _(TN,_cfSTR)(3,H,cfCOMMA, H,_(C,I),0,0)
      |                                                         ^
/mnt/f/Astro dev/Astro CS Normalization Database/lib/astro_image_io/third_party/cfitsio/cfortran.h:2113:30: note: in expansion of macro ‘HCF’
 2113 | #define   DCF(TN,I)          HCF(TN,I)
      |                              ^~~
/mnt/f/Astro dev/Astro CS Normalization Database/lib/astro_image_io/third_party/cfitsio/cfortran.h:1027:2: note: in expansion of macro ‘DCF’
 1027 |  S(T8,8)   S(T9,9)   S(TA,10)   S(TB,11)   S(TC,12)   S(TD,13)   S(TE,14)
      |  ^
/mnt/f/Astro dev/Astro CS Normalization Database/lib/astro_image_io/third_party/cfitsio/cfortran.h:1062:10: note: in expansion of macro ‘CFARGT14S’
 1062 |  M       CFARGT14S(S,T1,T2,T3,T4,T5,T6,T7,T8,T9,TA,TB,TC,TD,TE)
      |          ^~~~~~~~~
/mnt/f/Astro dev/Astro CS Normalization Database/lib/astro_image_io/third_party/cfitsio/f77_wrap.h:281:3: note: in expansion of macro ‘CFARGT14’
  281 |   CFARGT14(NCF,DCF,ABSOFT_cf2(T0),T1,T2,T3,T4,T5,T6,T7,T8,T9,TA,TB,TC,TD,TE))  \
      |   ^~~~~~~~
/mnt/f/Astro dev/Astro CS Normalization Database/lib/astro_image_io/third_party/cfitsio/cfortran.h:2510:9: note: in expansion of macro ‘FCALLSCFUN14’
 2510 |         FCALLSCFUN14(T0,CN,UN,LN,T1,T2,T3,T4,T5,T6,T7,T8,T9,TA,TB,CF_0,CF_0,CF_0)
      |         ^~~~~~~~~~~~
/mnt/f/Astro dev/Astro CS Normalization Database/lib/astro_image_io/third_party/cfitsio/cfortran.h:2454:4: note: in expansion of macro ‘FCALLSCFUN11’
 2454 |    FCALLSCFUN11(VOID,CN,UN,LN,T1,T2,T3,T4,T5,T6,T7,T8,T9,TA,TB)
      |    ^~~~~~~~~~~~
/mnt/f/Astro dev/Astro CS Normalization Database/lib/astro_image_io/third_party/cfitsio/f77_wrap2.c:154:1: note: in expansion of macro ‘FCALLSCSUB11’
  154 | FCALLSCSUB11(Cffgsfb,FTGSFB,ftgsfb,FITSUNIT,INT,INT,LONGV,LONGV,LONGV,LONGV,BYTEV,INTV,PLOGICAL,PINT)
      | ^~~~~~~~~~~~
/mnt/f/Astro dev/Astro CS Normalization Database/lib/astro_image_io/third_party/cfitsio/f77_wrap2.c: In function ‘ftggpb_’:
/mnt/f/Astro dev/Astro CS Normalization Database/lib/astro_image_io/third_party/cfitsio/cfortran.h:1734:59: warning: unused parameter ‘C5’ [-Wunused-parameter]
 1734 | #define   HCF(TN,I)         _(TN,_cfSTR)(3,H,cfCOMMA, H,_(C,I),0,0)
      |                                                           ^
/mnt/f/Astro dev/Astro CS Normalization Database/lib/astro_image_io/third_party/cfitsio/cfortran.h:1742:53: note: in definition of macro ‘STRING_cfH’
 1742 | #define   STRING_cfH(S,U,B) _(A,S) _(U,_CF_SPECIAL) B
      |                                                     ^
/mnt/f/Astro dev/Astro CS Normalization Database/lib/astro_image_io/third_party/cfitsio/cfortran.h:145:19: note: in expansion of macro ‘BYTEV_cfH’
  145 | #define _0(A,B)   A##B
      |                   ^
/mnt/f/Astro dev/Astro CS Normalization Database/lib/astro_image_io/third_party/cfitsio/cfortran.h:145:19: note: in expansion of macro ‘CFARGS3’
/mnt/f/Astro dev/Astro CS Normalization Database/lib/astro_image_io/third_party/cfitsio/cfortran.h:145:19: note: in expansion of macro ‘BYTEV_cfSTR’
/mnt/f/Astro dev/Astro CS Normalization Database/lib/astro_image_io/third_party/cfitsio/cfortran.h:146:19: note: in expansion of macro ‘_0’
  146 | #define  _(A,B)   _0(A,B)  /* see cat,xcat of K&R ANSI C p. 231 */
      |                   ^~
/mnt/f/Astro dev/Astro CS Normalization Database/lib/astro_image_io/third_party/cfitsio/cfortran.h:1734:57: note: in expansion of macro ‘_’
 1734 | #define   HCF(TN,I)         _(TN,_cfSTR)(3,H,cfCOMMA, H,_(C,I),0,0)
      |                                                         ^
/mnt/f/Astro dev/Astro CS Normalization Database/lib/astro_image_io/third_party/cfitsio/cfortran.h:2113:30: note: in expansion of macro ‘HCF’
 2113 | #define   DCF(TN,I)          HCF(TN,I)
      |                              ^~~
/mnt/f/Astro dev/Astro CS Normalization Database/lib/astro_image_io/third_party/cfitsio/cfortran.h:1026:44: note: in expansion of macro ‘DCF’
 1026 |  S(T1,1)   S(T2,2)   S(T3,3)    S(T4,4)    S(T5,5)    S(T6,6)    S(T7,7)       \
      |                                            ^
/mnt/f/Astro dev/Astro CS Normalization Database/lib/astro_image_io/third_party/cfitsio/cfortran.h:1062:10: note: in expansion of macro ‘CFARGT14S’
 1062 |  M       CFARGT14S(S,T1,T2,T3,T4,T5,T6,T7,T8,T9,TA,TB,TC,TD,TE)
      |          ^~~~~~~~~
/mnt/f/Astro dev/Astro CS Normalization Database/lib/astro_image_io/third_party/cfitsio/f77_wrap.h:281:3: note: in expansion of macro ‘CFARGT14’
  281 |   CFARGT14(NCF,DCF,ABSOFT_cf2(T0),T1,T2,T3,T4,T5,T6,T7,T8,T9,TA,TB,TC,TD,TE))  \
      |   ^~~~~~~~
/mnt/f/Astro dev/Astro CS Normalization Database/lib/astro_image_io/third_party/cfitsio/cfortran.h:2508:9: note: in expansion of macro ‘FCALLSCFUN14’
 2508 |         FCALLSCFUN14(T0,CN,UN,LN,T1,T2,T3,T4,T5,T6,T7,T8,T9,TA,CF_0,CF_0,CF_0,CF_0)
      |         ^~~~~~~~~~~~
/mnt/f/Astro dev/Astro CS Normalization Database/lib/astro_image_io/third_party/cfitsio/cfortran.h:2500:9: note: in expansion of macro ‘FCALLSCFUN10’
 2500 |         FCALLSCFUN10(T0,CN,UN,LN,T1,T2,T3,T4,T5,T6,CF_0,CF_0,CF_0,CF_0)
      |         ^~~~~~~~~~~~
/mnt/f/Astro dev/Astro CS Normalization Database/lib/astro_image_io/third_party/cfitsio/cfortran.h:2444:5: note: in expansion of macro ‘FCALLSCFUN6’
 2444 |     FCALLSCFUN6(VOID,CN,UN,LN,T1,T2,T3,T4,T5,T6)
      |     ^~~~~~~~~~~
/mnt/f/Astro dev/Astro CS Normalization Database/lib/astro_image_io/third_party/cfitsio/f77_wrap2.c:258:1: note: in expansion of macro ‘FCALLSCSUB6’
  258 | FCALLSCSUB6(ffggpb,FTGGPB,ftggpb,FITSUNIT,LONG,LONG,LONG,BYTEV,PINT)
      | ^~~~~~~~~~~
/mnt/f/Astro dev/Astro CS Normalization Database/lib/astro_image_io/third_party/cfitsio/f77_wrap2.c: In function ‘ftgcvb_’:
/mnt/f/Astro dev/Astro CS Normalization Database/lib/astro_image_io/third_party/cfitsio/cfortran.h:1734:59: warning: unused parameter ‘C6’ [-Wunused-parameter]
 1734 | #define   HCF(TN,I)         _(TN,_cfSTR)(3,H,cfCOMMA, H,_(C,I),0,0)
      |                                                           ^
/mnt/f/Astro dev/Astro CS Normalization Database/lib/astro_image_io/third_party/cfitsio/cfortran.h:1742:53: note: in definition of macro ‘STRING_cfH’
 1742 | #define   STRING_cfH(S,U,B) _(A,S) _(U,_CF_SPECIAL) B
      |                                                     ^
/mnt/f/Astro dev/Astro CS Normalization Database/lib/astro_image_io/third_party/cfitsio/cfortran.h:145:19: note: in expansion of macro ‘BYTE_cfH’
  145 | #define _0(A,B)   A##B
      |                   ^
/mnt/f/Astro dev/Astro CS Normalization Database/lib/astro_image_io/third_party/cfitsio/cfortran.h:145:19: note: in expansion of macro ‘CFARGS3’
/mnt/f/Astro dev/Astro CS Normalization Database/lib/astro_image_io/third_party/cfitsio/cfortran.h:145:19: note: in expansion of macro ‘BYTE_cfSTR’
/mnt/f/Astro dev/Astro CS Normalization Database/lib/astro_image_io/third_party/cfitsio/cfortran.h:146:19: note: in expansion of macro ‘_0’
  146 | #define  _(A,B)   _0(A,B)  /* see cat,xcat of K&R ANSI C p. 231 */
      |                   ^~
/mnt/f/Astro dev/Astro CS Normalization Database/lib/astro_image_io/third_party/cfitsio/cfortran.h:1734:57: note: in expansion of macro ‘_’
 1734 | #define   HCF(TN,I)         _(TN,_cfSTR)(3,H,cfCOMMA, H,_(C,I),0,0)
      |                                                         ^
/mnt/f/Astro dev/Astro CS Normalization Database/lib/astro_image_io/third_party/cfitsio/cfortran.h:2113:30: note: in expansion of macro ‘HCF’
 2113 | #define   DCF(TN,I)          HCF(TN,I)
      |                              ^~~
/mnt/f/Astro dev/Astro CS Normalization Database/lib/astro_image_io/third_party/cfitsio/cfortran.h:1026:55: note: in expansion of macro ‘DCF’
 1026 |  S(T1,1)   S(T2,2)   S(T3,3)    S(T4,4)    S(T5,5)    S(T6,6)    S(T7,7)       \
      |                                                       ^
/mnt/f/Astro dev/Astro CS Normalization Database/lib/astro_image_io/third_party/cfitsio/cfortran.h:1062:10: note: in expansion of macro ‘CFARGT14S’
 1062 |  M       CFARGT14S(S,T1,T2,T3,T4,T5,T6,T7,T8,T9,TA,TB,TC,TD,TE)
      |          ^~~~~~~~~
/mnt/f/Astro dev/Astro CS Normalization Database/lib/astro_image_io/third_party/cfitsio/f77_wrap.h:281:3: note: in expansion of macro ‘CFARGT14’
  281 |   CFARGT14(NCF,DCF,ABSOFT_cf2(T0),T1,T2,T3,T4,T5,T6,T7,T8,T9,TA,TB,TC,TD,TE))  \
      |   ^~~~~~~~
/mnt/f/Astro dev/Astro CS Normalization Database/lib/astro_image_io/third_party/cfitsio/cfortran.h:2508:9: note: in expansion of macro ‘FCALLSCFUN14’
 2508 |         FCALLSCFUN14(T0,CN,UN,LN,T1,T2,T3,T4,T5,T6,T7,T8,T9,TA,CF_0,CF_0,CF_0,CF_0)
      |         ^~~~~~~~~~~~
/mnt/f/Astro dev/Astro CS Normalization Database/lib/astro_image_io/third_party/cfitsio/cfortran.h:2506:9: note: in expansion of macro ‘FCALLSCFUN10’
 2506 |         FCALLSCFUN10(T0,CN,UN,LN,T1,T2,T3,T4,T5,T6,T7,T8,T9,CF_0)
      |         ^~~~~~~~~~~~
/mnt/f/Astro dev/Astro CS Normalization Database/lib/astro_image_io/third_party/cfitsio/cfortran.h:2450:5: note: in expansion of macro ‘FCALLSCFUN9’
 2450 |     FCALLSCFUN9(VOID,CN,UN,LN,T1,T2,T3,T4,T5,T6,T7,T8,T9)
      |     ^~~~~~~~~~~
/mnt/f/Astro dev/Astro CS Normalization Database/lib/astro_image_io/third_party/cfitsio/f77_wrap2.c:386:1: note: in expansion of macro ‘FCALLSCSUB9’
  386 | FCALLSCSUB9(ffgcvb,FTGCVB,ftgcvb,FITSUNIT,INT,LONG,LONG,LONG,BYTE,BYTEV,PLOGICAL,PINT)
      | ^~~~~~~~~~~
/mnt/f/Astro dev/Astro CS Normalization Database/lib/astro_image_io/third_party/cfitsio/cfortran.h:1734:59: warning: unused parameter ‘C7’ [-Wunused-parameter]
 1734 | #define   HCF(TN,I)         _(TN,_cfSTR)(3,H,cfCOMMA, H,_(C,I),0,0)
      |                                                           ^
/mnt/f/Astro dev/Astro CS Normalization Database/lib/astro_image_io/third_party/cfitsio/cfortran.h:1742:53: note: in definition of macro ‘STRING_cfH’
 1742 | #define   STRING_cfH(S,U,B) _(A,S) _(U,_CF_SPECIAL) B
      |                                                     ^
/mnt/f/Astro dev/Astro CS Normalization Database/lib/astro_image_io/third_party/cfitsio/cfortran.h:145:19: note: in expansion of macro ‘BYTEV_cfH’
  145 | #define _0(A,B)   A##B
      |                   ^
/mnt/f/Astro dev/Astro CS Normalization Database/lib/astro_image_io/third_party/cfitsio/cfortran.h:145:19: note: in expansion of macro ‘CFARGS3’
/mnt/f/Astro dev/Astro CS Normalization Database/lib/astro_image_io/third_party/cfitsio/cfortran.h:145:19: note: in expansion of macro ‘BYTEV_cfSTR’
/mnt/f/Astro dev/Astro CS Normalization Database/lib/astro_image_io/third_party/cfitsio/cfortran.h:146:19: note: in expansion of macro ‘_0’
  146 | #define  _(A,B)   _0(A,B)  /* see cat,xcat of K&R ANSI C p. 231 */
      |                   ^~
/mnt/f/Astro dev/Astro CS Normalization Database/lib/astro_image_io/third_party/cfitsio/cfortran.h:1734:57: note: in expansion of macro ‘_’
 1734 | #define   HCF(TN,I)         _(TN,_cfSTR)(3,H,cfCOMMA, H,_(C,I),0,0)
      |                                                         ^
/mnt/f/Astro dev/Astro CS Normalization Database/lib/astro_image_io/third_party/cfitsio/cfortran.h:2113:30: note: in expansion of macro ‘HCF’
 2113 | #define   DCF(TN,I)          HCF(TN,I)
      |                              ^~~
/mnt/f/Astro dev/Astro CS Normalization Database/lib/astro_image_io/third_party/cfitsio/cfortran.h:1026:66: note: in expansion of macro ‘DCF’
 1026 |  S(T1,1)   S(T2,2)   S(T3,3)    S(T4,4)    S(T5,5)    S(T6,6)    S(T7,7)       \
      |                                                                  ^
/mnt/f/Astro dev/Astro CS Normalization Database/lib/astro_image_io/third_party/cfitsio/cfortran.h:1062:10: note: in expansion of macro ‘CFARGT14S’
 1062 |  M       CFARGT14S(S,T1,T2,T3,T4,T5,T6,T7,T8,T9,TA,TB,TC,TD,TE)
      |          ^~~~~~~~~
/mnt/f/Astro dev/Astro CS Normalization Database/lib/astro_image_io/third_party/cfitsio/f77_wrap.h:281:3: note: in expansion of macro ‘CFARGT14’
  281 |   CFARGT14(NCF,DCF,ABSOFT_cf2(T0),T1,T2,T3,T4,T5,T6,T7,T8,T9,TA,TB,TC,TD,TE))  \
      |   ^~~~~~~~
/mnt/f/Astro dev/Astro CS Normalization Database/lib/astro_image_io/third_party/cfitsio/cfortran.h:2508:9: note: in expansion of macro ‘FCALLSCFUN14’
 2508 |         FCALLSCFUN14(T0,CN,UN,LN,T1,T2,T3,T4,T5,T6,T7,T8,T9,TA,CF_0,CF_0,CF_0,CF_0)
      |         ^~~~~~~~~~~~
/mnt/f/Astro dev/Astro CS Normalization Database/lib/astro_image_io/third_party/cfitsio/cfortran.h:2506:9: note: in expansion of macro ‘FCALLSCFUN10’
 2506 |         FCALLSCFUN10(T0,CN,UN,LN,T1,T2,T3,T4,T5,T6,T7,T8,T9,CF_0)
      |         ^~~~~~~~~~~~
/mnt/f/Astro dev/Astro CS Normalization Database/lib/astro_image_io/third_party/cfitsio/cfortran.h:2450:5: note: in expansion of macro ‘FCALLSCFUN9’
 2450 |     FCALLSCFUN9(VOID,CN,UN,LN,T1,T2,T3,T4,T5,T6,T7,T8,T9)
      |     ^~~~~~~~~~~
/mnt/f/Astro dev/Astro CS Normalization Database/lib/astro_image_io/third_party/cfitsio/f77_wrap2.c:386:1: note: in expansion of macro ‘FCALLSCSUB9’
  386 | FCALLSCSUB9(ffgcvb,FTGCVB,ftgcvb,FITSUNIT,INT,LONG,LONG,LONG,BYTE,BYTEV,PLOGICAL,PINT)
      | ^~~~~~~~~~~
/mnt/f/Astro dev/Astro CS Normalization Database/lib/astro_image_io/third_party/cfitsio/f77_wrap2.c: In function ‘ftgcvbll_’:
/mnt/f/Astro dev/Astro CS Normalization Database/lib/astro_image_io/third_party/cfitsio/cfortran.h:1734:59: warning: unused parameter ‘C6’ [-Wunused-parameter]
 1734 | #define   HCF(TN,I)         _(TN,_cfSTR)(3,H,cfCOMMA, H,_(C,I),0,0)
      |                                                           ^
/mnt/f/Astro dev/Astro CS Normalization Database/lib/astro_image_io/third_party/cfitsio/cfortran.h:1742:53: note: in definition of macro ‘STRING_cfH’
 1742 | #define   STRING_cfH(S,U,B) _(A,S) _(U,_CF_SPECIAL) B
      |                                                     ^
/mnt/f/Astro dev/Astro CS Normalization Database/lib/astro_image_io/third_party/cfitsio/cfortran.h:145:19: note: in expansion of macro ‘BYTE_cfH’
  145 | #define _0(A,B)   A##B
      |                   ^
/mnt/f/Astro dev/Astro CS Normalization Database/lib/astro_image_io/third_party/cfitsio/cfortran.h:145:19: note: in expansion of macro ‘CFARGS3’
/mnt/f/Astro dev/Astro CS Normalization Database/lib/astro_image_io/third_party/cfitsio/cfortran.h:145:19: note: in expansion of macro ‘BYTE_cfSTR’
/mnt/f/Astro dev/Astro CS Normalization Database/lib/astro_image_io/third_party/cfitsio/cfortran.h:146:19: note: in expansion of macro ‘_0’
  146 | #define  _(A,B)   _0(A,B)  /* see cat,xcat of K&R ANSI C p. 231 */
      |                   ^~
/mnt/f/Astro dev/Astro CS Normalization Database/lib/astro_image_io/third_party/cfitsio/cfortran.h:1734:57: note: in expansion of macro ‘_’
 1734 | #define   HCF(TN,I)         _(TN,_cfSTR)(3,H,cfCOMMA, H,_(C,I),0,0)
      |                                                         ^
/mnt/f/Astro dev/Astro CS Normalization Database/lib/astro_image_io/third_party/cfitsio/cfortran.h:2113:30: note: in expansion of macro ‘HCF’
 2113 | #define   DCF(TN,I)          HCF(TN,I)
      |                              ^~~
/mnt/f/Astro dev/Astro CS Normalization Database/lib/astro_image_io/third_party/cfitsio/cfortran.h:1026:55: note: in expansion of macro ‘DCF’
 1026 |  S(T1,1)   S(T2,2)   S(T3,3)    S(T4,4)    S(T5,5)    S(T6,6)    S(T7,7)       \
      |                                                       ^
/mnt/f/Astro dev/Astro CS Normalization Database/lib/astro_image_io/third_party/cfitsio/cfortran.h:1062:10: note: in expansion of macro ‘CFARGT14S’
 1062 |  M       CFARGT14S(S,T1,T2,T3,T4,T5,T6,T7,T8,T9,TA,TB,TC,TD,TE)
      |          ^~~~~~~~~
/mnt/f/Astro dev/Astro CS Normalization Database/lib/astro_image_io/third_party/cfitsio/f77_wrap.h:281:3: note: in expansion of macro ‘CFARGT14’
  281 |   CFARGT14(NCF,DCF,ABSOFT_cf2(T0),T1,T2,T3,T4,T5,T6,T7,T8,T9,TA,TB,TC,TD,TE))  \
      |   ^~~~~~~~
/mnt/f/Astro dev/Astro CS Normalization Database/lib/astro_image_io/third_party/cfitsio/cfortran.h:2508:9: note: in expansion of macro ‘FCALLSCFUN14’
 2508 |         FCALLSCFUN14(T0,CN,UN,LN,T1,T2,T3,T4,T5,T6,T7,T8,T9,TA,CF_0,CF_0,CF_0,CF_0)
      |         ^~~~~~~~~~~~
/mnt/f/Astro dev/Astro CS Normalization Database/lib/astro_image_io/third_party/cfitsio/cfortran.h:2506:9: note: in expansion of macro ‘FCALLSCFUN10’
 2506 |         FCALLSCFUN10(T0,CN,UN,LN,T1,T2,T3,T4,T5,T6,T7,T8,T9,CF_0)
      |         ^~~~~~~~~~~~
/mnt/f/Astro dev/Astro CS Normalization Database/lib/astro_image_io/third_party/cfitsio/cfortran.h:2450:5: note: in expansion of macro ‘FCALLSCFUN9’
 2450 |     FCALLSCFUN9(VOID,CN,UN,LN,T1,T2,T3,T4,T5,T6,T7,T8,T9)
      |     ^~~~~~~~~~~
/mnt/f/Astro dev/Astro CS Normalization Database/lib/astro_image_io/third_party/cfitsio/f77_wrap2.c:397:1: note: in expansion of macro ‘FCALLSCSUB9’
  397 | FCALLSCSUB9(ffgcvb,FTGCVBLL,ftgcvbll,FITSUNIT,INT,LONGLONG,LONGLONG,LONG,BYTE,BYTEV,PLOGICAL,PINT)
      | ^~~~~~~~~~~
/mnt/f/Astro dev/Astro CS Normalization Database/lib/astro_image_io/third_party/cfitsio/cfortran.h:1734:59: warning: unused parameter ‘C7’ [-Wunused-parameter]
 1734 | #define   HCF(TN,I)         _(TN,_cfSTR)(3,H,cfCOMMA, H,_(C,I),0,0)
      |                                                           ^
/mnt/f/Astro dev/Astro CS Normalization Database/lib/astro_image_io/third_party/cfitsio/cfortran.h:1742:53: note: in definition of macro ‘STRING_cfH’
 1742 | #define   STRING_cfH(S,U,B) _(A,S) _(U,_CF_SPECIAL) B
      |                                                     ^
/mnt/f/Astro dev/Astro CS Normalization Database/lib/astro_image_io/third_party/cfitsio/cfortran.h:145:19: note: in expansion of macro ‘BYTEV_cfH’
  145 | #define _0(A,B)   A##B
      |                   ^
/mnt/f/Astro dev/Astro CS Normalization Database/lib/astro_image_io/third_party/cfitsio/cfortran.h:145:19: note: in expansion of macro ‘CFARGS3’
/mnt/f/Astro dev/Astro CS Normalization Database/lib/astro_image_io/third_party/cfitsio/cfortran.h:145:19: note: in expansion of macro ‘BYTEV_cfSTR’
/mnt/f/Astro dev/Astro CS Normalization Database/lib/astro_image_io/third_party/cfitsio/cfortran.h:146:19: note: in expansion of macro ‘_0’
  146 | #define  _(A,B)   _0(A,B)  /* see cat,xcat of K&R ANSI C p. 231 */
      |                   ^~
/mnt/f/Astro dev/Astro CS Normalization Database/lib/astro_image_io/third_party/cfitsio/cfortran.h:1734:57: note: in expansion of macro ‘_’
 1734 | #define   HCF(TN,I)         _(TN,_cfSTR)(3,H,cfCOMMA, H,_(C,I),0,0)
      |                                                         ^
/mnt/f/Astro dev/Astro CS Normalization Database/lib/astro_image_io/third_party/cfitsio/cfortran.h:2113:30: note: in expansion of macro ‘HCF’
 2113 | #define   DCF(TN,I)          HCF(TN,I)
      |                              ^~~
/mnt/f/Astro dev/Astro CS Normalization Database/lib/astro_image_io/third_party/cfitsio/cfortran.h:1026:66: note: in expansion of macro ‘DCF’
 1026 |  S(T1,1)   S(T2,2)   S(T3,3)    S(T4,4)    S(T5,5)    S(T6,6)    S(T7,7)       \
      |                                                                  ^
/mnt/f/Astro dev/Astro CS Normalization Database/lib/astro_image_io/third_party/cfitsio/cfortran.h:1062:10: note: in expansion of macro ‘CFARGT14S’
 1062 |  M       CFARGT14S(S,T1,T2,T3,T4,T5,T6,T7,T8,T9,TA,TB,TC,TD,TE)
      |          ^~~~~~~~~
/mnt/f/Astro dev/Astro CS Normalization Database/lib/astro_image_io/third_party/cfitsio/f77_wrap.h:281:3: note: in expansion of macro ‘CFARGT14’
  281 |   CFARGT14(NCF,DCF,ABSOFT_cf2(T0),T1,T2,T3,T4,T5,T6,T7,T8,T9,TA,TB,TC,TD,TE))  \
      |   ^~~~~~~~
/mnt/f/Astro dev/Astro CS Normalization Database/lib/astro_image_io/third_party/cfitsio/cfortran.h:2508:9: note: in expansion of macro ‘FCALLSCFUN14’
 2508 |         FCALLSCFUN14(T0,CN,UN,LN,T1,T2,T3,T4,T5,T6,T7,T8,T9,TA,CF_0,CF_0,CF_0,CF_0)
      |         ^~~~~~~~~~~~
/mnt/f/Astro dev/Astro CS Normalization Database/lib/astro_image_io/third_party/cfitsio/cfortran.h:2506:9: note: in expansion of macro ‘FCALLSCFUN10’
 2506 |         FCALLSCFUN10(T0,CN,UN,LN,T1,T2,T3,T4,T5,T6,T7,T8,T9,CF_0)
      |         ^~~~~~~~~~~~
/mnt/f/Astro dev/Astro CS Normalization Database/lib/astro_image_io/third_party/cfitsio/cfortran.h:2450:5: note: in expansion of macro ‘FCALLSCFUN9’
 2450 |     FCALLSCFUN9(VOID,CN,UN,LN,T1,T2,T3,T4,T5,T6,T7,T8,T9)
      |     ^~~~~~~~~~~
/mnt/f/Astro dev/Astro CS Normalization Database/lib/astro_image_io/third_party/cfitsio/f77_wrap2.c:397:1: note: in expansion of macro ‘FCALLSCSUB9’
  397 | FCALLSCSUB9(ffgcvb,FTGCVBLL,ftgcvbll,FITSUNIT,INT,LONGLONG,LONGLONG,LONG,BYTE,BYTEV,PLOGICAL,PINT)
      | ^~~~~~~~~~~
/mnt/f/Astro dev/Astro CS Normalization Database/lib/astro_image_io/third_party/cfitsio/f77_wrap2.c: In function ‘ftgcfb_’:
/mnt/f/Astro dev/Astro CS Normalization Database/lib/astro_image_io/third_party/cfitsio/cfortran.h:1734:59: warning: unused parameter ‘C6’ [-Wunused-parameter]
 1734 | #define   HCF(TN,I)         _(TN,_cfSTR)(3,H,cfCOMMA, H,_(C,I),0,0)
      |                                                           ^
/mnt/f/Astro dev/Astro CS Normalization Database/lib/astro_image_io/third_party/cfitsio/cfortran.h:1742:53: note: in definition of macro ‘STRING_cfH’
 1742 | #define   STRING_cfH(S,U,B) _(A,S) _(U,_CF_SPECIAL) B
      |                                                     ^
/mnt/f/Astro dev/Astro CS Normalization Database/lib/astro_image_io/third_party/cfitsio/cfortran.h:145:19: note: in expansion of macro ‘BYTEV_cfH’
  145 | #define _0(A,B)   A##B
      |                   ^
/mnt/f/Astro dev/Astro CS Normalization Database/lib/astro_image_io/third_party/cfitsio/cfortran.h:145:19: note: in expansion of macro ‘CFARGS3’
/mnt/f/Astro dev/Astro CS Normalization Database/lib/astro_image_io/third_party/cfitsio/cfortran.h:145:19: note: in expansion of macro ‘BYTEV_cfSTR’
/mnt/f/Astro dev/Astro CS Normalization Database/lib/astro_image_io/third_party/cfitsio/cfortran.h:146:19: note: in expansion of macro ‘_0’
  146 | #define  _(A,B)   _0(A,B)  /* see cat,xcat of K&R ANSI C p. 231 */
      |                   ^~
/mnt/f/Astro dev/Astro CS Normalization Database/lib/astro_image_io/third_party/cfitsio/cfortran.h:1734:57: note: in expansion of macro ‘_’
 1734 | #define   HCF(TN,I)         _(TN,_cfSTR)(3,H,cfCOMMA, H,_(C,I),0,0)
      |                                                         ^
/mnt/f/Astro dev/Astro CS Normalization Database/lib/astro_image_io/third_party/cfitsio/cfortran.h:2113:30: note: in expansion of macro ‘HCF’
 2113 | #define   DCF(TN,I)          HCF(TN,I)
      |                              ^~~
/mnt/f/Astro dev/Astro CS Normalization Database/lib/astro_image_io/third_party/cfitsio/cfortran.h:1026:55: note: in expansion of macro ‘DCF’
 1026 |  S(T1,1)   S(T2,2)   S(T3,3)    S(T4,4)    S(T5,5)    S(T6,6)    S(T7,7)       \
      |                                                       ^
/mnt/f/Astro dev/Astro CS Normalization Database/lib/astro_image_io/third_party/cfitsio/cfortran.h:1062:10: note: in expansion of macro ‘CFARGT14S’
 1062 |  M       CFARGT14S(S,T1,T2,T3,T4,T5,T6,T7,T8,T9,TA,TB,TC,TD,TE)
      |          ^~~~~~~~~
/mnt/f/Astro dev/Astro CS Normalization Database/lib/astro_image_io/third_party/cfitsio/f77_wrap.h:281:3: note: in expansion of macro ‘CFARGT14’
  281 |   CFARGT14(NCF,DCF,ABSOFT_cf2(T0),T1,T2,T3,T4,T5,T6,T7,T8,T9,TA,TB,TC,TD,TE))  \
      |   ^~~~~~~~
/mnt/f/Astro dev/Astro CS Normalization Database/lib/astro_image_io/third_party/cfitsio/cfortran.h:2508:9: note: in expansion of macro ‘FCALLSCFUN14’
 2508 |         FCALLSCFUN14(T0,CN,UN,LN,T1,T2,T3,T4,T5,T6,T7,T8,T9,TA,CF_0,CF_0,CF_0,CF_0)
      |         ^~~~~~~~~~~~
/mnt/f/Astro dev/Astro CS Normalization Database/lib/astro_image_io/third_party/cfitsio/cfortran.h:2506:9: note: in expansion of macro ‘FCALLSCFUN10’
 2506 |         FCALLSCFUN10(T0,CN,UN,LN,T1,T2,T3,T4,T5,T6,T7,T8,T9,CF_0)
      |         ^~~~~~~~~~~~
/mnt/f/Astro dev/Astro CS Normalization Database/lib/astro_image_io/third_party/cfitsio/cfortran.h:2450:5: note: in expansion of macro ‘FCALLSCFUN9’
 2450 |     FCALLSCFUN9(VOID,CN,UN,LN,T1,T2,T3,T4,T5,T6,T7,T8,T9)
      |     ^~~~~~~~~~~
/mnt/f/Astro dev/Astro CS Normalization Database/lib/astro_image_io/third_party/cfitsio/f77_wrap2.c:499:1: note: in expansion of macro ‘FCALLSCSUB9’
  499 | FCALLSCSUB9(ffgcfb,FTGCFB,ftgcfb,FITSUNIT,INT,LONG,LONG,LONG,BYTEV,LOGICALV,PLOGICAL,PINT)
      | ^~~~~~~~~~~
/mnt/f/Astro dev/Astro CS Normalization Database/lib/astro_image_io/third_party/cfitsio/f77_wrap2.c: In function ‘ftgcfbll_’:
/mnt/f/Astro dev/Astro CS Normalization Database/lib/astro_image_io/third_party/cfitsio/cfortran.h:1734:59: warning: unused parameter ‘C6’ [-Wunused-parameter]
 1734 | #define   HCF(TN,I)         _(TN,_cfSTR)(3,H,cfCOMMA, H,_(C,I),0,0)
      |                                                           ^
/mnt/f/Astro dev/Astro CS Normalization Database/lib/astro_image_io/third_party/cfitsio/cfortran.h:1742:53: note: in definition of macro ‘STRING_cfH’
 1742 | #define   STRING_cfH(S,U,B) _(A,S) _(U,_CF_SPECIAL) B
      |                                                     ^
/mnt/f/Astro dev/Astro CS Normalization Database/lib/astro_image_io/third_party/cfitsio/cfortran.h:145:19: note: in expansion of macro ‘BYTEV_cfH’
  145 | #define _0(A,B)   A##B
      |                   ^
/mnt/f/Astro dev/Astro CS Normalization Database/lib/astro_image_io/third_party/cfitsio/cfortran.h:145:19: note: in expansion of macro ‘CFARGS3’
/mnt/f/Astro dev/Astro CS Normalization Database/lib/astro_image_io/third_party/cfitsio/cfortran.h:145:19: note: in expansion of macro ‘BYTEV_cfSTR’
/mnt/f/Astro dev/Astro CS Normalization Database/lib/astro_image_io/third_party/cfitsio/cfortran.h:146:19: note: in expansion of macro ‘_0’
  146 | #define  _(A,B)   _0(A,B)  /* see cat,xcat of K&R ANSI C p. 231 */
      |                   ^~
/mnt/f/Astro dev/Astro CS Normalization Database/lib/astro_image_io/third_party/cfitsio/cfortran.h:1734:57: note: in expansion of macro ‘_’
 1734 | #define   HCF(TN,I)         _(TN,_cfSTR)(3,H,cfCOMMA, H,_(C,I),0,0)
      |                                                         ^
/mnt/f/Astro dev/Astro CS Normalization Database/lib/astro_image_io/third_party/cfitsio/cfortran.h:2113:30: note: in expansion of macro ‘HCF’
 2113 | #define   DCF(TN,I)          HCF(TN,I)
      |                              ^~~
/mnt/f/Astro dev/Astro CS Normalization Database/lib/astro_image_io/third_party/cfitsio/cfortran.h:1026:55: note: in expansion of macro ‘DCF’
 1026 |  S(T1,1)   S(T2,2)   S(T3,3)    S(T4,4)    S(T5,5)    S(T6,6)    S(T7,7)       \
      |                                                       ^
/mnt/f/Astro dev/Astro CS Normalization Database/lib/astro_image_io/third_party/cfitsio/cfortran.h:1062:10: note: in expansion of macro ‘CFARGT14S’
 1062 |  M       CFARGT14S(S,T1,T2,T3,T4,T5,T6,T7,T8,T9,TA,TB,TC,TD,TE)
      |          ^~~~~~~~~
/mnt/f/Astro dev/Astro CS Normalization Database/lib/astro_image_io/third_party/cfitsio/f77_wrap.h:281:3: note: in expansion of macro ‘CFARGT14’
  281 |   CFARGT14(NCF,DCF,ABSOFT_cf2(T0),T1,T2,T3,T4,T5,T6,T7,T8,T9,TA,TB,TC,TD,TE))  \
      |   ^~~~~~~~
/mnt/f/Astro dev/Astro CS Normalization Database/lib/astro_image_io/third_party/cfitsio/cfortran.h:2508:9: note: in expansion of macro ‘FCALLSCFUN14’
 2508 |         FCALLSCFUN14(T0,CN,UN,LN,T1,T2,T3,T4,T5,T6,T7,T8,T9,TA,CF_0,CF_0,CF_0,CF_0)
      |         ^~~~~~~~~~~~
/mnt/f/Astro dev/Astro CS Normalization Database/lib/astro_image_io/third_party/cfitsio/cfortran.h:2506:9: note: in expansion of macro ‘FCALLSCFUN10’
 2506 |         FCALLSCFUN10(T0,CN,UN,LN,T1,T2,T3,T4,T5,T6,T7,T8,T9,CF_0)
      |         ^~~~~~~~~~~~
/mnt/f/Astro dev/Astro CS Normalization Database/lib/astro_image_io/third_party/cfitsio/cfortran.h:2450:5: note: in expansion of macro ‘FCALLSCFUN9’
 2450 |     FCALLSCFUN9(VOID,CN,UN,LN,T1,T2,T3,T4,T5,T6,T7,T8,T9)
      |     ^~~~~~~~~~~
/mnt/f/Astro dev/Astro CS Normalization Database/lib/astro_image_io/third_party/cfitsio/f77_wrap2.c:542:1: note: in expansion of macro ‘FCALLSCSUB9’
  542 | FCALLSCSUB9(ffgcfb,FTGCFBLL,ftgcfbll,FITSUNIT,INT,LONGLONG,LONGLONG,LONG,BYTEV,LOGICALV,PLOGICAL,PINT)
      | ^~~~~~~~~~~
/mnt/f/Astro dev/Astro CS Normalization Database/lib/astro_image_io/third_party/cfitsio/f77_wrap2.c: In function ‘ftgtbb_’:
/mnt/f/Astro dev/Astro CS Normalization Database/lib/astro_image_io/third_party/cfitsio/cfortran.h:1734:59: warning: unused parameter ‘C5’ [-Wunused-parameter]
 1734 | #define   HCF(TN,I)         _(TN,_cfSTR)(3,H,cfCOMMA, H,_(C,I),0,0)
      |                                                           ^
/mnt/f/Astro dev/Astro CS Normalization Database/lib/astro_image_io/third_party/cfitsio/cfortran.h:1742:53: note: in definition of macro ‘STRING_cfH’
 1742 | #define   STRING_cfH(S,U,B) _(A,S) _(U,_CF_SPECIAL) B
      |                                                     ^
/mnt/f/Astro dev/Astro CS Normalization Database/lib/astro_image_io/third_party/cfitsio/cfortran.h:145:19: note: in expansion of macro ‘BYTEV_cfH’
  145 | #define _0(A,B)   A##B
      |                   ^
/mnt/f/Astro dev/Astro CS Normalization Database/lib/astro_image_io/third_party/cfitsio/cfortran.h:145:19: note: in expansion of macro ‘CFARGS3’
/mnt/f/Astro dev/Astro CS Normalization Database/lib/astro_image_io/third_party/cfitsio/cfortran.h:145:19: note: in expansion of macro ‘BYTEV_cfSTR’
/mnt/f/Astro dev/Astro CS Normalization Database/lib/astro_image_io/third_party/cfitsio/cfortran.h:146:19: note: in expansion of macro ‘_0’
  146 | #define  _(A,B)   _0(A,B)  /* see cat,xcat of K&R ANSI C p. 231 */
      |                   ^~
/mnt/f/Astro dev/Astro CS Normalization Database/lib/astro_image_io/third_party/cfitsio/cfortran.h:1734:57: note: in expansion of macro ‘_’
 1734 | #define   HCF(TN,I)         _(TN,_cfSTR)(3,H,cfCOMMA, H,_(C,I),0,0)
      |                                                         ^
/mnt/f/Astro dev/Astro CS Normalization Database/lib/astro_image_io/third_party/cfitsio/cfortran.h:2113:30: note: in expansion of macro ‘HCF’
 2113 | #define   DCF(TN,I)          HCF(TN,I)
      |                              ^~~
/mnt/f/Astro dev/Astro CS Normalization Database/lib/astro_image_io/third_party/cfitsio/cfortran.h:1026:44: note: in expansion of macro ‘DCF’
 1026 |  S(T1,1)   S(T2,2)   S(T3,3)    S(T4,4)    S(T5,5)    S(T6,6)    S(T7,7)       \
      |                                            ^
/mnt/f/Astro dev/Astro CS Normalization Database/lib/astro_image_io/third_party/cfitsio/cfortran.h:1062:10: note: in expansion of macro ‘CFARGT14S’
 1062 |  M       CFARGT14S(S,T1,T2,T3,T4,T5,T6,T7,T8,T9,TA,TB,TC,TD,TE)
      |          ^~~~~~~~~
/mnt/f/Astro dev/Astro CS Normalization Database/lib/astro_image_io/third_party/cfitsio/f77_wrap.h:281:3: note: in expansion of macro ‘CFARGT14’
  281 |   CFARGT14(NCF,DCF,ABSOFT_cf2(T0),T1,T2,T3,T4,T5,T6,T7,T8,T9,TA,TB,TC,TD,TE))  \
      |   ^~~~~~~~
/mnt/f/Astro dev/Astro CS Normalization Database/lib/astro_image_io/third_party/cfitsio/cfortran.h:2508:9: note: in expansion of macro ‘FCALLSCFUN14’
 2508 |         FCALLSCFUN14(T0,CN,UN,LN,T1,T2,T3,T4,T5,T6,T7,T8,T9,TA,CF_0,CF_0,CF_0,CF_0)
      |         ^~~~~~~~~~~~
/mnt/f/Astro dev/Astro CS Normalization Database/lib/astro_image_io/third_party/cfitsio/cfortran.h:2500:9: note: in expansion of macro ‘FCALLSCFUN10’
 2500 |         FCALLSCFUN10(T0,CN,UN,LN,T1,T2,T3,T4,T5,T6,CF_0,CF_0,CF_0,CF_0)
      |         ^~~~~~~~~~~~
/mnt/f/Astro dev/Astro CS Normalization Database/lib/astro_image_io/third_party/cfitsio/cfortran.h:2444:5: note: in expansion of macro ‘FCALLSCFUN6’
 2444 |     FCALLSCFUN6(VOID,CN,UN,LN,T1,T2,T3,T4,T5,T6)
      |     ^~~~~~~~~~~
/mnt/f/Astro dev/Astro CS Normalization Database/lib/astro_image_io/third_party/cfitsio/f77_wrap2.c:569:1: note: in expansion of macro ‘FCALLSCSUB6’
  569 | FCALLSCSUB6(ffgtbb,FTGTBB,ftgtbb,FITSUNIT,LONG,LONG,LONG,BYTEV,PINT)
      | ^~~~~~~~~~~
/mnt/f/Astro dev/Astro CS Normalization Database/lib/astro_image_io/third_party/cfitsio/f77_wrap2.c: In function ‘ftgtbs_’:
/mnt/f/Astro dev/Astro CS Normalization Database/lib/astro_image_io/third_party/cfitsio/cfortran.h:1734:59: warning: unused parameter ‘C5’ [-Wunused-parameter]
 1734 | #define   HCF(TN,I)         _(TN,_cfSTR)(3,H,cfCOMMA, H,_(C,I),0,0)
      |                                                           ^
/mnt/f/Astro dev/Astro CS Normalization Database/lib/astro_image_io/third_party/cfitsio/cfortran.h:1742:53: note: in definition of macro ‘STRING_cfH’
 1742 | #define   STRING_cfH(S,U,B) _(A,S) _(U,_CF_SPECIAL) B
      |                                                     ^
/mnt/f/Astro dev/Astro CS Normalization Database/lib/astro_image_io/third_party/cfitsio/cfortran.h:145:19: note: in expansion of macro ‘BYTEV_cfH’
  145 | #define _0(A,B)   A##B
      |                   ^
/mnt/f/Astro dev/Astro CS Normalization Database/lib/astro_image_io/third_party/cfitsio/cfortran.h:145:19: note: in expansion of macro ‘CFARGS3’
/mnt/f/Astro dev/Astro CS Normalization Database/lib/astro_image_io/third_party/cfitsio/cfortran.h:145:19: note: in expansion of macro ‘BYTEV_cfSTR’
/mnt/f/Astro dev/Astro CS Normalization Database/lib/astro_image_io/third_party/cfitsio/cfortran.h:146:19: note: in expansion of macro ‘_0’
  146 | #define  _(A,B)   _0(A,B)  /* see cat,xcat of K&R ANSI C p. 231 */
      |                   ^~
/mnt/f/Astro dev/Astro CS Normalization Database/lib/astro_image_io/third_party/cfitsio/cfortran.h:1734:57: note: in expansion of macro ‘_’
 1734 | #define   HCF(TN,I)         _(TN,_cfSTR)(3,H,cfCOMMA, H,_(C,I),0,0)
      |                                                         ^
/mnt/f/Astro dev/Astro CS Normalization Database/lib/astro_image_io/third_party/cfitsio/cfortran.h:2113:30: note: in expansion of macro ‘HCF’
 2113 | #define   DCF(TN,I)          HCF(TN,I)
      |                              ^~~
/mnt/f/Astro dev/Astro CS Normalization Database/lib/astro_image_io/third_party/cfitsio/cfortran.h:1026:44: note: in expansion of macro ‘DCF’
 1026 |  S(T1,1)   S(T2,2)   S(T3,3)    S(T4,4)    S(T5,5)    S(T6,6)    S(T7,7)       \
      |                                            ^
/mnt/f/Astro dev/Astro CS Normalization Database/lib/astro_image_io/third_party/cfitsio/cfortran.h:1062:10: note: in expansion of macro ‘CFARGT14S’
 1062 |  M       CFARGT14S(S,T1,T2,T3,T4,T5,T6,T7,T8,T9,TA,TB,TC,TD,TE)
      |          ^~~~~~~~~
/mnt/f/Astro dev/Astro CS Normalization Database/lib/astro_image_io/third_party/cfitsio/f77_wrap.h:281:3: note: in expansion of macro ‘CFARGT14’
  281 |   CFARGT14(NCF,DCF,ABSOFT_cf2(T0),T1,T2,T3,T4,T5,T6,T7,T8,T9,TA,TB,TC,TD,TE))  \
      |   ^~~~~~~~
/mnt/f/Astro dev/Astro CS Normalization Database/lib/astro_image_io/third_party/cfitsio/cfortran.h:2508:9: note: in expansion of macro ‘FCALLSCFUN14’
 2508 |         FCALLSCFUN14(T0,CN,UN,LN,T1,T2,T3,T4,T5,T6,T7,T8,T9,TA,CF_0,CF_0,CF_0,CF_0)
      |         ^~~~~~~~~~~~
/mnt/f/Astro dev/Astro CS Normalization Database/lib/astro_image_io/third_party/cfitsio/cfortran.h:2500:9: note: in expansion of macro ‘FCALLSCFUN10’
 2500 |         FCALLSCFUN10(T0,CN,UN,LN,T1,T2,T3,T4,T5,T6,CF_0,CF_0,CF_0,CF_0)
      |         ^~~~~~~~~~~~
/mnt/f/Astro dev/Astro CS Normalization Database/lib/astro_image_io/third_party/cfitsio/cfortran.h:2444:5: note: in expansion of macro ‘FCALLSCFUN6’
 2444 |     FCALLSCFUN6(VOID,CN,UN,LN,T1,T2,T3,T4,T5,T6)
      |     ^~~~~~~~~~~
/mnt/f/Astro dev/Astro CS Normalization Database/lib/astro_image_io/third_party/cfitsio/f77_wrap2.c:570:1: note: in expansion of macro ‘FCALLSCSUB6’
  570 | FCALLSCSUB6(ffgtbb,FTGTBS,ftgtbs,FITSUNIT,LONG,LONG,LONG,BYTEV,PINT)
      | ^~~~~~~~~~~
/mnt/f/Astro dev/Astro CS Normalization Database/lib/astro_image_io/third_party/cfitsio/f77_wrap2.c: In function ‘ftpprb_’:
/mnt/f/Astro dev/Astro CS Normalization Database/lib/astro_image_io/third_party/cfitsio/cfortran.h:1734:59: warning: unused parameter ‘C5’ [-Wunused-parameter]
 1734 | #define   HCF(TN,I)         _(TN,_cfSTR)(3,H,cfCOMMA, H,_(C,I),0,0)
      |                                                           ^
/mnt/f/Astro dev/Astro CS Normalization Database/lib/astro_image_io/third_party/cfitsio/cfortran.h:1742:53: note: in definition of macro ‘STRING_cfH’
 1742 | #define   STRING_cfH(S,U,B) _(A,S) _(U,_CF_SPECIAL) B
      |                                                     ^
/mnt/f/Astro dev/Astro CS Normalization Database/lib/astro_image_io/third_party/cfitsio/cfortran.h:145:19: note: in expansion of macro ‘BYTEV_cfH’
  145 | #define _0(A,B)   A##B
      |                   ^
/mnt/f/Astro dev/Astro CS Normalization Database/lib/astro_image_io/third_party/cfitsio/cfortran.h:145:19: note: in expansion of macro ‘CFARGS3’
/mnt/f/Astro dev/Astro CS Normalization Database/lib/astro_image_io/third_party/cfitsio/cfortran.h:145:19: note: in expansion of macro ‘BYTEV_cfSTR’
/mnt/f/Astro dev/Astro CS Normalization Database/lib/astro_image_io/third_party/cfitsio/cfortran.h:146:19: note: in expansion of macro ‘_0’
  146 | #define  _(A,B)   _0(A,B)  /* see cat,xcat of K&R ANSI C p. 231 */
      |                   ^~
/mnt/f/Astro dev/Astro CS Normalization Database/lib/astro_image_io/third_party/cfitsio/cfortran.h:1734:57: note: in expansion of macro ‘_’
 1734 | #define   HCF(TN,I)         _(TN,_cfSTR)(3,H,cfCOMMA, H,_(C,I),0,0)
      |                                                         ^
/mnt/f/Astro dev/Astro CS Normalization Database/lib/astro_image_io/third_party/cfitsio/cfortran.h:2113:30: note: in expansion of macro ‘HCF’
 2113 | #define   DCF(TN,I)          HCF(TN,I)
      |                              ^~~
/mnt/f/Astro dev/Astro CS Normalization Database/lib/astro_image_io/third_party/cfitsio/cfortran.h:1026:44: note: in expansion of macro ‘DCF’
 1026 |  S(T1,1)   S(T2,2)   S(T3,3)    S(T4,4)    S(T5,5)    S(T6,6)    S(T7,7)       \
      |                                            ^
/mnt/f/Astro dev/Astro CS Normalization Database/lib/astro_image_io/third_party/cfitsio/cfortran.h:1062:10: note: in expansion of macro ‘CFARGT14S’
 1062 |  M       CFARGT14S(S,T1,T2,T3,T4,T5,T6,T7,T8,T9,TA,TB,TC,TD,TE)
      |          ^~~~~~~~~
/mnt/f/Astro dev/Astro CS Normalization Database/lib/astro_image_io/third_party/cfitsio/f77_wrap.h:281:3: note: in expansion of macro ‘CFARGT14’
  281 |   CFARGT14(NCF,DCF,ABSOFT_cf2(T0),T1,T2,T3,T4,T5,T6,T7,T8,T9,TA,TB,TC,TD,TE))  \
      |   ^~~~~~~~
/mnt/f/Astro dev/Astro CS Normalization Database/lib/astro_image_io/third_party/cfitsio/cfortran.h:2508:9: note: in expansion of macro ‘FCALLSCFUN14’
 2508 |         FCALLSCFUN14(T0,CN,UN,LN,T1,T2,T3,T4,T5,T6,T7,T8,T9,TA,CF_0,CF_0,CF_0,CF_0)
      |         ^~~~~~~~~~~~
/mnt/f/Astro dev/Astro CS Normalization Database/lib/astro_image_io/third_party/cfitsio/cfortran.h:2500:9: note: in expansion of macro ‘FCALLSCFUN10’
 2500 |         FCALLSCFUN10(T0,CN,UN,LN,T1,T2,T3,T4,T5,T6,CF_0,CF_0,CF_0,CF_0)
      |         ^~~~~~~~~~~~
/mnt/f/Astro dev/Astro CS Normalization Database/lib/astro_image_io/third_party/cfitsio/cfortran.h:2444:5: note: in expansion of macro ‘FCALLSCFUN6’
 2444 |     FCALLSCFUN6(VOID,CN,UN,LN,T1,T2,T3,T4,T5,T6)
      |     ^~~~~~~~~~~
/mnt/f/Astro dev/Astro CS Normalization Database/lib/astro_image_io/third_party/cfitsio/f77_wrap2.c:573:1: note: in expansion of macro ‘FCALLSCSUB6’
  573 | FCALLSCSUB6(ffpprb,FTPPRB,ftpprb,FITSUNIT,LONG,LONG,LONG,BYTEV,PINT)
      | ^~~~~~~~~~~
/mnt/f/Astro dev/Astro CS Normalization Database/lib/astro_image_io/third_party/cfitsio/f77_wrap2.c: In function ‘ftpprbll_’:
/mnt/f/Astro dev/Astro CS Normalization Database/lib/astro_image_io/third_party/cfitsio/cfortran.h:1734:59: warning: unused parameter ‘C5’ [-Wunused-parameter]
 1734 | #define   HCF(TN,I)         _(TN,_cfSTR)(3,H,cfCOMMA, H,_(C,I),0,0)
      |                                                           ^
/mnt/f/Astro dev/Astro CS Normalization Database/lib/astro_image_io/third_party/cfitsio/cfortran.h:1742:53: note: in definition of macro ‘STRING_cfH’
 1742 | #define   STRING_cfH(S,U,B) _(A,S) _(U,_CF_SPECIAL) B
      |                                                     ^
/mnt/f/Astro dev/Astro CS Normalization Database/lib/astro_image_io/third_party/cfitsio/cfortran.h:145:19: note: in expansion of macro ‘BYTEV_cfH’
  145 | #define _0(A,B)   A##B
      |                   ^
/mnt/f/Astro dev/Astro CS Normalization Database/lib/astro_image_io/third_party/cfitsio/cfortran.h:145:19: note: in expansion of macro ‘CFARGS3’
/mnt/f/Astro dev/Astro CS Normalization Database/lib/astro_image_io/third_party/cfitsio/cfortran.h:145:19: note: in expansion of macro ‘BYTEV_cfSTR’
/mnt/f/Astro dev/Astro CS Normalization Database/lib/astro_image_io/third_party/cfitsio/cfortran.h:146:19: note: in expansion of macro ‘_0’
  146 | #define  _(A,B)   _0(A,B)  /* see cat,xcat of K&R ANSI C p. 231 */
      |                   ^~
/mnt/f/Astro dev/Astro CS Normalization Database/lib/astro_image_io/third_party/cfitsio/cfortran.h:1734:57: note: in expansion of macro ‘_’
 1734 | #define   HCF(TN,I)         _(TN,_cfSTR)(3,H,cfCOMMA, H,_(C,I),0,0)
      |                                                         ^
/mnt/f/Astro dev/Astro CS Normalization Database/lib/astro_image_io/third_party/cfitsio/cfortran.h:2113:30: note: in expansion of macro ‘HCF’
 2113 | #define   DCF(TN,I)          HCF(TN,I)
      |                              ^~~
/mnt/f/Astro dev/Astro CS Normalization Database/lib/astro_image_io/third_party/cfitsio/cfortran.h:1026:44: note: in expansion of macro ‘DCF’
 1026 |  S(T1,1)   S(T2,2)   S(T3,3)    S(T4,4)    S(T5,5)    S(T6,6)    S(T7,7)       \
      |                                            ^
/mnt/f/Astro dev/Astro CS Normalization Database/lib/astro_image_io/third_party/cfitsio/cfortran.h:1062:10: note: in expansion of macro ‘CFARGT14S’
 1062 |  M       CFARGT14S(S,T1,T2,T3,T4,T5,T6,T7,T8,T9,TA,TB,TC,TD,TE)
      |          ^~~~~~~~~
/mnt/f/Astro dev/Astro CS Normalization Database/lib/astro_image_io/third_party/cfitsio/f77_wrap.h:281:3: note: in expansion of macro ‘CFARGT14’
  281 |   CFARGT14(NCF,DCF,ABSOFT_cf2(T0),T1,T2,T3,T4,T5,T6,T7,T8,T9,TA,TB,TC,TD,TE))  \
      |   ^~~~~~~~
/mnt/f/Astro dev/Astro CS Normalization Database/lib/astro_image_io/third_party/cfitsio/cfortran.h:2508:9: note: in expansion of macro ‘FCALLSCFUN14’
 2508 |         FCALLSCFUN14(T0,CN,UN,LN,T1,T2,T3,T4,T5,T6,T7,T8,T9,TA,CF_0,CF_0,CF_0,CF_0)
      |         ^~~~~~~~~~~~
/mnt/f/Astro dev/Astro CS Normalization Database/lib/astro_image_io/third_party/cfitsio/cfortran.h:2500:9: note: in expansion of macro ‘FCALLSCFUN10’
 2500 |         FCALLSCFUN10(T0,CN,UN,LN,T1,T2,T3,T4,T5,T6,CF_0,CF_0,CF_0,CF_0)
      |         ^~~~~~~~~~~~
/mnt/f/Astro dev/Astro CS Normalization Database/lib/astro_image_io/third_party/cfitsio/cfortran.h:2444:5: note: in expansion of macro ‘FCALLSCFUN6’
 2444 |     FCALLSCFUN6(VOID,CN,UN,LN,T1,T2,T3,T4,T5,T6)
      |     ^~~~~~~~~~~
/mnt/f/Astro dev/Astro CS Normalization Database/lib/astro_image_io/third_party/cfitsio/f77_wrap2.c:580:1: note: in expansion of macro ‘FCALLSCSUB6’
  580 | FCALLSCSUB6(ffpprb,FTPPRBLL,ftpprbll,FITSUNIT,LONG,LONGLONG,LONGLONG,BYTEV,PINT)
      | ^~~~~~~~~~~
/mnt/f/Astro dev/Astro CS Normalization Database/lib/astro_image_io/third_party/cfitsio/f77_wrap2.c: In function ‘ftppnb_’:
/mnt/f/Astro dev/Astro CS Normalization Database/lib/astro_image_io/third_party/cfitsio/cfortran.h:1734:59: warning: unused parameter ‘C5’ [-Wunused-parameter]
 1734 | #define   HCF(TN,I)         _(TN,_cfSTR)(3,H,cfCOMMA, H,_(C,I),0,0)
      |                                                           ^
/mnt/f/Astro dev/Astro CS Normalization Database/lib/astro_image_io/third_party/cfitsio/cfortran.h:1742:53: note: in definition of macro ‘STRING_cfH’
 1742 | #define   STRING_cfH(S,U,B) _(A,S) _(U,_CF_SPECIAL) B
      |                                                     ^
/mnt/f/Astro dev/Astro CS Normalization Database/lib/astro_image_io/third_party/cfitsio/cfortran.h:145:19: note: in expansion of macro ‘BYTEV_cfH’
  145 | #define _0(A,B)   A##B
      |                   ^
/mnt/f/Astro dev/Astro CS Normalization Database/lib/astro_image_io/third_party/cfitsio/cfortran.h:145:19: note: in expansion of macro ‘CFARGS3’
/mnt/f/Astro dev/Astro CS Normalization Database/lib/astro_image_io/third_party/cfitsio/cfortran.h:145:19: note: in expansion of macro ‘BYTEV_cfSTR’
/mnt/f/Astro dev/Astro CS Normalization Database/lib/astro_image_io/third_party/cfitsio/cfortran.h:146:19: note: in expansion of macro ‘_0’
  146 | #define  _(A,B)   _0(A,B)  /* see cat,xcat of K&R ANSI C p. 231 */
      |                   ^~
/mnt/f/Astro dev/Astro CS Normalization Database/lib/astro_image_io/third_party/cfitsio/cfortran.h:1734:57: note: in expansion of macro ‘_’
 1734 | #define   HCF(TN,I)         _(TN,_cfSTR)(3,H,cfCOMMA, H,_(C,I),0,0)
      |                                                         ^
/mnt/f/Astro dev/Astro CS Normalization Database/lib/astro_image_io/third_party/cfitsio/cfortran.h:2113:30: note: in expansion of macro ‘HCF’
 2113 | #define   DCF(TN,I)          HCF(TN,I)
      |                              ^~~
/mnt/f/Astro dev/Astro CS Normalization Database/lib/astro_image_io/third_party/cfitsio/cfortran.h:1026:44: note: in expansion of macro ‘DCF’
 1026 |  S(T1,1)   S(T2,2)   S(T3,3)    S(T4,4)    S(T5,5)    S(T6,6)    S(T7,7)       \
      |                                            ^
/mnt/f/Astro dev/Astro CS Normalization Database/lib/astro_image_io/third_party/cfitsio/cfortran.h:1062:10: note: in expansion of macro ‘CFARGT14S’
 1062 |  M       CFARGT14S(S,T1,T2,T3,T4,T5,T6,T7,T8,T9,TA,TB,TC,TD,TE)
      |          ^~~~~~~~~
/mnt/f/Astro dev/Astro CS Normalization Database/lib/astro_image_io/third_party/cfitsio/f77_wrap.h:281:3: note: in expansion of macro ‘CFARGT14’
  281 |   CFARGT14(NCF,DCF,ABSOFT_cf2(T0),T1,T2,T3,T4,T5,T6,T7,T8,T9,TA,TB,TC,TD,TE))  \
      |   ^~~~~~~~
/mnt/f/Astro dev/Astro CS Normalization Database/lib/astro_image_io/third_party/cfitsio/cfortran.h:2508:9: note: in expansion of macro ‘FCALLSCFUN14’
 2508 |         FCALLSCFUN14(T0,CN,UN,LN,T1,T2,T3,T4,T5,T6,T7,T8,T9,TA,CF_0,CF_0,CF_0,CF_0)
      |         ^~~~~~~~~~~~
/mnt/f/Astro dev/Astro CS Normalization Database/lib/astro_image_io/third_party/cfitsio/cfortran.h:2502:9: note: in expansion of macro ‘FCALLSCFUN10’
 2502 |         FCALLSCFUN10(T0,CN,UN,LN,T1,T2,T3,T4,T5,T6,T7,CF_0,CF_0,CF_0)
      |         ^~~~~~~~~~~~
/mnt/f/Astro dev/Astro CS Normalization Database/lib/astro_image_io/third_party/cfitsio/cfortran.h:2446:5: note: in expansion of macro ‘FCALLSCFUN7’
 2446 |     FCALLSCFUN7(VOID,CN,UN,LN,T1,T2,T3,T4,T5,T6,T7)
      |     ^~~~~~~~~~~
/mnt/f/Astro dev/Astro CS Normalization Database/lib/astro_image_io/third_party/cfitsio/f77_wrap2.c:587:1: note: in expansion of macro ‘FCALLSCSUB7’
  587 | FCALLSCSUB7(ffppnb,FTPPNB,ftppnb,FITSUNIT,LONG,LONG,LONG,BYTEV,BYTE,PINT)
      | ^~~~~~~~~~~
/mnt/f/Astro dev/Astro CS Normalization Database/lib/astro_image_io/third_party/cfitsio/cfortran.h:1734:59: warning: unused parameter ‘C6’ [-Wunused-parameter]
 1734 | #define   HCF(TN,I)         _(TN,_cfSTR)(3,H,cfCOMMA, H,_(C,I),0,0)
      |                                                           ^
/mnt/f/Astro dev/Astro CS Normalization Database/lib/astro_image_io/third_party/cfitsio/cfortran.h:1742:53: note: in definition of macro ‘STRING_cfH’
 1742 | #define   STRING_cfH(S,U,B) _(A,S) _(U,_CF_SPECIAL) B
      |                                                     ^
/mnt/f/Astro dev/Astro CS Normalization Database/lib/astro_image_io/third_party/cfitsio/cfortran.h:145:19: note: in expansion of macro ‘BYTE_cfH’
  145 | #define _0(A,B)   A##B
      |                   ^
/mnt/f/Astro dev/Astro CS Normalization Database/lib/astro_image_io/third_party/cfitsio/cfortran.h:145:19: note: in expansion of macro ‘CFARGS3’
/mnt/f/Astro dev/Astro CS Normalization Database/lib/astro_image_io/third_party/cfitsio/cfortran.h:145:19: note: in expansion of macro ‘BYTE_cfSTR’
/mnt/f/Astro dev/Astro CS Normalization Database/lib/astro_image_io/third_party/cfitsio/cfortran.h:146:19: note: in expansion of macro ‘_0’
  146 | #define  _(A,B)   _0(A,B)  /* see cat,xcat of K&R ANSI C p. 231 */
      |                   ^~
/mnt/f/Astro dev/Astro CS Normalization Database/lib/astro_image_io/third_party/cfitsio/cfortran.h:1734:57: note: in expansion of macro ‘_’
 1734 | #define   HCF(TN,I)         _(TN,_cfSTR)(3,H,cfCOMMA, H,_(C,I),0,0)
      |                                                         ^
/mnt/f/Astro dev/Astro CS Normalization Database/lib/astro_image_io/third_party/cfitsio/cfortran.h:2113:30: note: in expansion of macro ‘HCF’
 2113 | #define   DCF(TN,I)          HCF(TN,I)
      |                              ^~~
/mnt/f/Astro dev/Astro CS Normalization Database/lib/astro_image_io/third_party/cfitsio/cfortran.h:1026:55: note: in expansion of macro ‘DCF’
 1026 |  S(T1,1)   S(T2,2)   S(T3,3)    S(T4,4)    S(T5,5)    S(T6,6)    S(T7,7)       \
      |                                                       ^
/mnt/f/Astro dev/Astro CS Normalization Database/lib/astro_image_io/third_party/cfitsio/cfortran.h:1062:10: note: in expansion of macro ‘CFARGT14S’
 1062 |  M       CFARGT14S(S,T1,T2,T3,T4,T5,T6,T7,T8,T9,TA,TB,TC,TD,TE)
      |          ^~~~~~~~~
/mnt/f/Astro dev/Astro CS Normalization Database/lib/astro_image_io/third_party/cfitsio/f77_wrap.h:281:3: note: in expansion of macro ‘CFARGT14’
  281 |   CFARGT14(NCF,DCF,ABSOFT_cf2(T0),T1,T2,T3,T4,T5,T6,T7,T8,T9,TA,TB,TC,TD,TE))  \
      |   ^~~~~~~~
/mnt/f/Astro dev/Astro CS Normalization Database/lib/astro_image_io/third_party/cfitsio/cfortran.h:2508:9: note: in expansion of macro ‘FCALLSCFUN14’
 2508 |         FCALLSCFUN14(T0,CN,UN,LN,T1,T2,T3,T4,T5,T6,T7,T8,T9,TA,CF_0,CF_0,CF_0,CF_0)
      |         ^~~~~~~~~~~~
/mnt/f/Astro dev/Astro CS Normalization Database/lib/astro_image_io/third_party/cfitsio/cfortran.h:2502:9: note: in expansion of macro ‘FCALLSCFUN10’
 2502 |         FCALLSCFUN10(T0,CN,UN,LN,T1,T2,T3,T4,T5,T6,T7,CF_0,CF_0,CF_0)
      |         ^~~~~~~~~~~~
/mnt/f/Astro dev/Astro CS Normalization Database/lib/astro_image_io/third_party/cfitsio/cfortran.h:2446:5: note: in expansion of macro ‘FCALLSCFUN7’
 2446 |     FCALLSCFUN7(VOID,CN,UN,LN,T1,T2,T3,T4,T5,T6,T7)
      |     ^~~~~~~~~~~
/mnt/f/Astro dev/Astro CS Normalization Database/lib/astro_image_io/third_party/cfitsio/f77_wrap2.c:587:1: note: in expansion of macro ‘FCALLSCSUB7’
  587 | FCALLSCSUB7(ffppnb,FTPPNB,ftppnb,FITSUNIT,LONG,LONG,LONG,BYTEV,BYTE,PINT)
      | ^~~~~~~~~~~
/mnt/f/Astro dev/Astro CS Normalization Database/lib/astro_image_io/third_party/cfitsio/f77_wrap2.c: In function ‘ftppnbll_’:
/mnt/f/Astro dev/Astro CS Normalization Database/lib/astro_image_io/third_party/cfitsio/cfortran.h:1734:59: warning: unused parameter ‘C5’ [-Wunused-parameter]
 1734 | #define   HCF(TN,I)         _(TN,_cfSTR)(3,H,cfCOMMA, H,_(C,I),0,0)
      |                                                           ^
/mnt/f/Astro dev/Astro CS Normalization Database/lib/astro_image_io/third_party/cfitsio/cfortran.h:1742:53: note: in definition of macro ‘STRING_cfH’
 1742 | #define   STRING_cfH(S,U,B) _(A,S) _(U,_CF_SPECIAL) B
      |                                                     ^
/mnt/f/Astro dev/Astro CS Normalization Database/lib/astro_image_io/third_party/cfitsio/cfortran.h:145:19: note: in expansion of macro ‘BYTEV_cfH’
  145 | #define _0(A,B)   A##B
      |                   ^
/mnt/f/Astro dev/Astro CS Normalization Database/lib/astro_image_io/third_party/cfitsio/cfortran.h:145:19: note: in expansion of macro ‘CFARGS3’
/mnt/f/Astro dev/Astro CS Normalization Database/lib/astro_image_io/third_party/cfitsio/cfortran.h:145:19: note: in expansion of macro ‘BYTEV_cfSTR’
/mnt/f/Astro dev/Astro CS Normalization Database/lib/astro_image_io/third_party/cfitsio/cfortran.h:146:19: note: in expansion of macro ‘_0’
  146 | #define  _(A,B)   _0(A,B)  /* see cat,xcat of K&R ANSI C p. 231 */
      |                   ^~
/mnt/f/Astro dev/Astro CS Normalization Database/lib/astro_image_io/third_party/cfitsio/cfortran.h:1734:57: note: in expansion of macro ‘_’
 1734 | #define   HCF(TN,I)         _(TN,_cfSTR)(3,H,cfCOMMA, H,_(C,I),0,0)
      |                                                         ^
/mnt/f/Astro dev/Astro CS Normalization Database/lib/astro_image_io/third_party/cfitsio/cfortran.h:2113:30: note: in expansion of macro ‘HCF’
 2113 | #define   DCF(TN,I)          HCF(TN,I)
      |                              ^~~
/mnt/f/Astro dev/Astro CS Normalization Database/lib/astro_image_io/third_party/cfitsio/cfortran.h:1026:44: note: in expansion of macro ‘DCF’
 1026 |  S(T1,1)   S(T2,2)   S(T3,3)    S(T4,4)    S(T5,5)    S(T6,6)    S(T7,7)       \
      |                                            ^
/mnt/f/Astro dev/Astro CS Normalization Database/lib/astro_image_io/third_party/cfitsio/cfortran.h:1062:10: note: in expansion of macro ‘CFARGT14S’
 1062 |  M       CFARGT14S(S,T1,T2,T3,T4,T5,T6,T7,T8,T9,TA,TB,TC,TD,TE)
      |          ^~~~~~~~~
/mnt/f/Astro dev/Astro CS Normalization Database/lib/astro_image_io/third_party/cfitsio/f77_wrap.h:281:3: note: in expansion of macro ‘CFARGT14’
  281 |   CFARGT14(NCF,DCF,ABSOFT_cf2(T0),T1,T2,T3,T4,T5,T6,T7,T8,T9,TA,TB,TC,TD,TE))  \
      |   ^~~~~~~~
/mnt/f/Astro dev/Astro CS Normalization Database/lib/astro_image_io/third_party/cfitsio/cfortran.h:2508:9: note: in expansion of macro ‘FCALLSCFUN14’
 2508 |         FCALLSCFUN14(T0,CN,UN,LN,T1,T2,T3,T4,T5,T6,T7,T8,T9,TA,CF_0,CF_0,CF_0,CF_0)
      |         ^~~~~~~~~~~~
/mnt/f/Astro dev/Astro CS Normalization Database/lib/astro_image_io/third_party/cfitsio/cfortran.h:2502:9: note: in expansion of macro ‘FCALLSCFUN10’
 2502 |         FCALLSCFUN10(T0,CN,UN,LN,T1,T2,T3,T4,T5,T6,T7,CF_0,CF_0,CF_0)
      |         ^~~~~~~~~~~~
/mnt/f/Astro dev/Astro CS Normalization Database/lib/astro_image_io/third_party/cfitsio/cfortran.h:2446:5: note: in expansion of macro ‘FCALLSCFUN7’
 2446 |     FCALLSCFUN7(VOID,CN,UN,LN,T1,T2,T3,T4,T5,T6,T7)
      |     ^~~~~~~~~~~
/mnt/f/Astro dev/Astro CS Normalization Database/lib/astro_image_io/third_party/cfitsio/f77_wrap2.c:594:1: note: in expansion of macro ‘FCALLSCSUB7’
  594 | FCALLSCSUB7(ffppnb,FTPPNBLL,ftppnbll,FITSUNIT,LONG,LONGLONG,LONGLONG,BYTEV,BYTE,PINT)
      | ^~~~~~~~~~~
/mnt/f/Astro dev/Astro CS Normalization Database/lib/astro_image_io/third_party/cfitsio/cfortran.h:1734:59: warning: unused parameter ‘C6’ [-Wunused-parameter]
 1734 | #define   HCF(TN,I)         _(TN,_cfSTR)(3,H,cfCOMMA, H,_(C,I),0,0)
      |                                                           ^
/mnt/f/Astro dev/Astro CS Normalization Database/lib/astro_image_io/third_party/cfitsio/cfortran.h:1742:53: note: in definition of macro ‘STRING_cfH’
 1742 | #define   STRING_cfH(S,U,B) _(A,S) _(U,_CF_SPECIAL) B
      |                                                     ^
/mnt/f/Astro dev/Astro CS Normalization Database/lib/astro_image_io/third_party/cfitsio/cfortran.h:145:19: note: in expansion of macro ‘BYTE_cfH’
  145 | #define _0(A,B)   A##B
      |                   ^
/mnt/f/Astro dev/Astro CS Normalization Database/lib/astro_image_io/third_party/cfitsio/cfortran.h:145:19: note: in expansion of macro ‘CFARGS3’
/mnt/f/Astro dev/Astro CS Normalization Database/lib/astro_image_io/third_party/cfitsio/cfortran.h:145:19: note: in expansion of macro ‘BYTE_cfSTR’
/mnt/f/Astro dev/Astro CS Normalization Database/lib/astro_image_io/third_party/cfitsio/cfortran.h:146:19: note: in expansion of macro ‘_0’
  146 | #define  _(A,B)   _0(A,B)  /* see cat,xcat of K&R ANSI C p. 231 */
      |                   ^~
/mnt/f/Astro dev/Astro CS Normalization Database/lib/astro_image_io/third_party/cfitsio/cfortran.h:1734:57: note: in expansion of macro ‘_’
 1734 | #define   HCF(TN,I)         _(TN,_cfSTR)(3,H,cfCOMMA, H,_(C,I),0,0)
      |                                                         ^
/mnt/f/Astro dev/Astro CS Normalization Database/lib/astro_image_io/third_party/cfitsio/cfortran.h:2113:30: note: in expansion of macro ‘HCF’
 2113 | #define   DCF(TN,I)          HCF(TN,I)
      |                              ^~~
/mnt/f/Astro dev/Astro CS Normalization Database/lib/astro_image_io/third_party/cfitsio/cfortran.h:1026:55: note: in expansion of macro ‘DCF’
 1026 |  S(T1,1)   S(T2,2)   S(T3,3)    S(T4,4)    S(T5,5)    S(T6,6)    S(T7,7)       \
      |                                                       ^
/mnt/f/Astro dev/Astro CS Normalization Database/lib/astro_image_io/third_party/cfitsio/cfortran.h:1062:10: note: in expansion of macro ‘CFARGT14S’
 1062 |  M       CFARGT14S(S,T1,T2,T3,T4,T5,T6,T7,T8,T9,TA,TB,TC,TD,TE)
      |          ^~~~~~~~~
/mnt/f/Astro dev/Astro CS Normalization Database/lib/astro_image_io/third_party/cfitsio/f77_wrap.h:281:3: note: in expansion of macro ‘CFARGT14’
  281 |   CFARGT14(NCF,DCF,ABSOFT_cf2(T0),T1,T2,T3,T4,T5,T6,T7,T8,T9,TA,TB,TC,TD,TE))  \
      |   ^~~~~~~~
/mnt/f/Astro dev/Astro CS Normalization Database/lib/astro_image_io/third_party/cfitsio/cfortran.h:2508:9: note: in expansion of macro ‘FCALLSCFUN14’
 2508 |         FCALLSCFUN14(T0,CN,UN,LN,T1,T2,T3,T4,T5,T6,T7,T8,T9,TA,CF_0,CF_0,CF_0,CF_0)
      |         ^~~~~~~~~~~~
/mnt/f/Astro dev/Astro CS Normalization Database/lib/astro_image_io/third_party/cfitsio/cfortran.h:2502:9: note: in expansion of macro ‘FCALLSCFUN10’
 2502 |         FCALLSCFUN10(T0,CN,UN,LN,T1,T2,T3,T4,T5,T6,T7,CF_0,CF_0,CF_0)
      |         ^~~~~~~~~~~~
/mnt/f/Astro dev/Astro CS Normalization Database/lib/astro_image_io/third_party/cfitsio/cfortran.h:2446:5: note: in expansion of macro ‘FCALLSCFUN7’
 2446 |     FCALLSCFUN7(VOID,CN,UN,LN,T1,T2,T3,T4,T5,T6,T7)
      |     ^~~~~~~~~~~
/mnt/f/Astro dev/Astro CS Normalization Database/lib/astro_image_io/third_party/cfitsio/f77_wrap2.c:594:1: note: in expansion of macro ‘FCALLSCSUB7’
  594 | FCALLSCSUB7(ffppnb,FTPPNBLL,ftppnbll,FITSUNIT,LONG,LONGLONG,LONGLONG,BYTEV,BYTE,PINT)
      | ^~~~~~~~~~~
/mnt/f/Astro dev/Astro CS Normalization Database/lib/astro_image_io/third_party/cfitsio/f77_wrap2.c: In function ‘ftp2db_’:
/mnt/f/Astro dev/Astro CS Normalization Database/lib/astro_image_io/third_party/cfitsio/cfortran.h:1734:59: warning: unused parameter ‘C6’ [-Wunused-parameter]
 1734 | #define   HCF(TN,I)         _(TN,_cfSTR)(3,H,cfCOMMA, H,_(C,I),0,0)
      |                                                           ^
/mnt/f/Astro dev/Astro CS Normalization Database/lib/astro_image_io/third_party/cfitsio/cfortran.h:1742:53: note: in definition of macro ‘STRING_cfH’
 1742 | #define   STRING_cfH(S,U,B) _(A,S) _(U,_CF_SPECIAL) B
      |                                                     ^
/mnt/f/Astro dev/Astro CS Normalization Database/lib/astro_image_io/third_party/cfitsio/cfortran.h:145:19: note: in expansion of macro ‘BYTEV_cfH’
  145 | #define _0(A,B)   A##B
      |                   ^
/mnt/f/Astro dev/Astro CS Normalization Database/lib/astro_image_io/third_party/cfitsio/cfortran.h:145:19: note: in expansion of macro ‘CFARGS3’
/mnt/f/Astro dev/Astro CS Normalization Database/lib/astro_image_io/third_party/cfitsio/cfortran.h:145:19: note: in expansion of macro ‘BYTEV_cfSTR’
/mnt/f/Astro dev/Astro CS Normalization Database/lib/astro_image_io/third_party/cfitsio/cfortran.h:146:19: note: in expansion of macro ‘_0’
  146 | #define  _(A,B)   _0(A,B)  /* see cat,xcat of K&R ANSI C p. 231 */
      |                   ^~
/mnt/f/Astro dev/Astro CS Normalization Database/lib/astro_image_io/third_party/cfitsio/cfortran.h:1734:57: note: in expansion of macro ‘_’
 1734 | #define   HCF(TN,I)         _(TN,_cfSTR)(3,H,cfCOMMA, H,_(C,I),0,0)
      |                                                         ^
/mnt/f/Astro dev/Astro CS Normalization Database/lib/astro_image_io/third_party/cfitsio/cfortran.h:2113:30: note: in expansion of macro ‘HCF’
 2113 | #define   DCF(TN,I)          HCF(TN,I)
      |                              ^~~
/mnt/f/Astro dev/Astro CS Normalization Database/lib/astro_image_io/third_party/cfitsio/cfortran.h:1026:55: note: in expansion of macro ‘DCF’
 1026 |  S(T1,1)   S(T2,2)   S(T3,3)    S(T4,4)    S(T5,5)    S(T6,6)    S(T7,7)       \
      |                                                       ^
/mnt/f/Astro dev/Astro CS Normalization Database/lib/astro_image_io/third_party/cfitsio/cfortran.h:1062:10: note: in expansion of macro ‘CFARGT14S’
 1062 |  M       CFARGT14S(S,T1,T2,T3,T4,T5,T6,T7,T8,T9,TA,TB,TC,TD,TE)
      |          ^~~~~~~~~
/mnt/f/Astro dev/Astro CS Normalization Database/lib/astro_image_io/third_party/cfitsio/f77_wrap.h:281:3: note: in expansion of macro ‘CFARGT14’
  281 |   CFARGT14(NCF,DCF,ABSOFT_cf2(T0),T1,T2,T3,T4,T5,T6,T7,T8,T9,TA,TB,TC,TD,TE))  \
      |   ^~~~~~~~
/mnt/f/Astro dev/Astro CS Normalization Database/lib/astro_image_io/third_party/cfitsio/cfortran.h:2508:9: note: in expansion of macro ‘FCALLSCFUN14’
 2508 |         FCALLSCFUN14(T0,CN,UN,LN,T1,T2,T3,T4,T5,T6,T7,T8,T9,TA,CF_0,CF_0,CF_0,CF_0)
      |         ^~~~~~~~~~~~
/mnt/f/Astro dev/Astro CS Normalization Database/lib/astro_image_io/third_party/cfitsio/cfortran.h:2502:9: note: in expansion of macro ‘FCALLSCFUN10’
 2502 |         FCALLSCFUN10(T0,CN,UN,LN,T1,T2,T3,T4,T5,T6,T7,CF_0,CF_0,CF_0)
      |         ^~~~~~~~~~~~
/mnt/f/Astro dev/Astro CS Normalization Database/lib/astro_image_io/third_party/cfitsio/cfortran.h:2446:5: note: in expansion of macro ‘FCALLSCFUN7’
 2446 |     FCALLSCFUN7(VOID,CN,UN,LN,T1,T2,T3,T4,T5,T6,T7)
      |     ^~~~~~~~~~~
/mnt/f/Astro dev/Astro CS Normalization Database/lib/astro_image_io/third_party/cfitsio/f77_wrap2.c:601:1: note: in expansion of macro ‘FCALLSCSUB7’
  601 | FCALLSCSUB7(ffp2db,FTP2DB,ftp2db,FITSUNIT,LONG,LONG,LONG,LONG,BYTEV,PINT)
      | ^~~~~~~~~~~
/mnt/f/Astro dev/Astro CS Normalization Database/lib/astro_image_io/third_party/cfitsio/f77_wrap2.c: In function ‘ftp3db_’:
/mnt/f/Astro dev/Astro CS Normalization Database/lib/astro_image_io/third_party/cfitsio/cfortran.h:1734:59: warning: unused parameter ‘C8’ [-Wunused-parameter]
 1734 | #define   HCF(TN,I)         _(TN,_cfSTR)(3,H,cfCOMMA, H,_(C,I),0,0)
      |                                                           ^
/mnt/f/Astro dev/Astro CS Normalization Database/lib/astro_image_io/third_party/cfitsio/cfortran.h:1742:53: note: in definition of macro ‘STRING_cfH’
 1742 | #define   STRING_cfH(S,U,B) _(A,S) _(U,_CF_SPECIAL) B
      |                                                     ^
/mnt/f/Astro dev/Astro CS Normalization Database/lib/astro_image_io/third_party/cfitsio/cfortran.h:145:19: note: in expansion of macro ‘BYTEV_cfH’
  145 | #define _0(A,B)   A##B
      |                   ^
/mnt/f/Astro dev/Astro CS Normalization Database/lib/astro_image_io/third_party/cfitsio/cfortran.h:145:19: note: in expansion of macro ‘CFARGS3’
/mnt/f/Astro dev/Astro CS Normalization Database/lib/astro_image_io/third_party/cfitsio/cfortran.h:145:19: note: in expansion of macro ‘BYTEV_cfSTR’
/mnt/f/Astro dev/Astro CS Normalization Database/lib/astro_image_io/third_party/cfitsio/cfortran.h:146:19: note: in expansion of macro ‘_0’
  146 | #define  _(A,B)   _0(A,B)  /* see cat,xcat of K&R ANSI C p. 231 */
      |                   ^~
/mnt/f/Astro dev/Astro CS Normalization Database/lib/astro_image_io/third_party/cfitsio/cfortran.h:1734:57: note: in expansion of macro ‘_’
 1734 | #define   HCF(TN,I)         _(TN,_cfSTR)(3,H,cfCOMMA, H,_(C,I),0,0)
      |                                                         ^
/mnt/f/Astro dev/Astro CS Normalization Database/lib/astro_image_io/third_party/cfitsio/cfortran.h:2113:30: note: in expansion of macro ‘HCF’
 2113 | #define   DCF(TN,I)          HCF(TN,I)
      |                              ^~~
/mnt/f/Astro dev/Astro CS Normalization Database/lib/astro_image_io/third_party/cfitsio/cfortran.h:1027:2: note: in expansion of macro ‘DCF’
 1027 |  S(T8,8)   S(T9,9)   S(TA,10)   S(TB,11)   S(TC,12)   S(TD,13)   S(TE,14)
      |  ^
/mnt/f/Astro dev/Astro CS Normalization Database/lib/astro_image_io/third_party/cfitsio/cfortran.h:1062:10: note: in expansion of macro ‘CFARGT14S’
 1062 |  M       CFARGT14S(S,T1,T2,T3,T4,T5,T6,T7,T8,T9,TA,TB,TC,TD,TE)
      |          ^~~~~~~~~
/mnt/f/Astro dev/Astro CS Normalization Database/lib/astro_image_io/third_party/cfitsio/f77_wrap.h:281:3: note: in expansion of macro ‘CFARGT14’
  281 |   CFARGT14(NCF,DCF,ABSOFT_cf2(T0),T1,T2,T3,T4,T5,T6,T7,T8,T9,TA,TB,TC,TD,TE))  \
      |   ^~~~~~~~
/mnt/f/Astro dev/Astro CS Normalization Database/lib/astro_image_io/third_party/cfitsio/cfortran.h:2508:9: note: in expansion of macro ‘FCALLSCFUN14’
 2508 |         FCALLSCFUN14(T0,CN,UN,LN,T1,T2,T3,T4,T5,T6,T7,T8,T9,TA,CF_0,CF_0,CF_0,CF_0)
      |         ^~~~~~~~~~~~
/mnt/f/Astro dev/Astro CS Normalization Database/lib/astro_image_io/third_party/cfitsio/cfortran.h:2506:9: note: in expansion of macro ‘FCALLSCFUN10’
 2506 |         FCALLSCFUN10(T0,CN,UN,LN,T1,T2,T3,T4,T5,T6,T7,T8,T9,CF_0)
      |         ^~~~~~~~~~~~
/mnt/f/Astro dev/Astro CS Normalization Database/lib/astro_image_io/third_party/cfitsio/cfortran.h:2450:5: note: in expansion of macro ‘FCALLSCFUN9’
 2450 |     FCALLSCFUN9(VOID,CN,UN,LN,T1,T2,T3,T4,T5,T6,T7,T8,T9)
      |     ^~~~~~~~~~~
/mnt/f/Astro dev/Astro CS Normalization Database/lib/astro_image_io/third_party/cfitsio/f77_wrap2.c:608:1: note: in expansion of macro ‘FCALLSCSUB9’
  608 | FCALLSCSUB9(ffp3db,FTP3DB,ftp3db,FITSUNIT,LONG,LONG,LONG,LONG,LONG,LONG,BYTEV,PINT)
      | ^~~~~~~~~~~
/mnt/f/Astro dev/Astro CS Normalization Database/lib/astro_image_io/third_party/cfitsio/f77_wrap2.c: In function ‘ftpssb_’:
/mnt/f/Astro dev/Astro CS Normalization Database/lib/astro_image_io/third_party/cfitsio/cfortran.h:1734:59: warning: unused parameter ‘C7’ [-Wunused-parameter]
 1734 | #define   HCF(TN,I)         _(TN,_cfSTR)(3,H,cfCOMMA, H,_(C,I),0,0)
      |                                                           ^
/mnt/f/Astro dev/Astro CS Normalization Database/lib/astro_image_io/third_party/cfitsio/cfortran.h:1742:53: note: in definition of macro ‘STRING_cfH’
 1742 | #define   STRING_cfH(S,U,B) _(A,S) _(U,_CF_SPECIAL) B
      |                                                     ^
/mnt/f/Astro dev/Astro CS Normalization Database/lib/astro_image_io/third_party/cfitsio/cfortran.h:145:19: note: in expansion of macro ‘BYTEV_cfH’
  145 | #define _0(A,B)   A##B
      |                   ^
/mnt/f/Astro dev/Astro CS Normalization Database/lib/astro_image_io/third_party/cfitsio/cfortran.h:145:19: note: in expansion of macro ‘CFARGS3’
/mnt/f/Astro dev/Astro CS Normalization Database/lib/astro_image_io/third_party/cfitsio/cfortran.h:145:19: note: in expansion of macro ‘BYTEV_cfSTR’
/mnt/f/Astro dev/Astro CS Normalization Database/lib/astro_image_io/third_party/cfitsio/cfortran.h:146:19: note: in expansion of macro ‘_0’
  146 | #define  _(A,B)   _0(A,B)  /* see cat,xcat of K&R ANSI C p. 231 */
      |                   ^~
/mnt/f/Astro dev/Astro CS Normalization Database/lib/astro_image_io/third_party/cfitsio/cfortran.h:1734:57: note: in expansion of macro ‘_’
 1734 | #define   HCF(TN,I)         _(TN,_cfSTR)(3,H,cfCOMMA, H,_(C,I),0,0)
      |                                                         ^
/mnt/f/Astro dev/Astro CS Normalization Database/lib/astro_image_io/third_party/cfitsio/cfortran.h:2113:30: note: in expansion of macro ‘HCF’
 2113 | #define   DCF(TN,I)          HCF(TN,I)
      |                              ^~~
/mnt/f/Astro dev/Astro CS Normalization Database/lib/astro_image_io/third_party/cfitsio/cfortran.h:1026:66: note: in expansion of macro ‘DCF’
 1026 |  S(T1,1)   S(T2,2)   S(T3,3)    S(T4,4)    S(T5,5)    S(T6,6)    S(T7,7)       \
      |                                                                  ^
/mnt/f/Astro dev/Astro CS Normalization Database/lib/astro_image_io/third_party/cfitsio/cfortran.h:1062:10: note: in expansion of macro ‘CFARGT14S’
 1062 |  M       CFARGT14S(S,T1,T2,T3,T4,T5,T6,T7,T8,T9,TA,TB,TC,TD,TE)
      |          ^~~~~~~~~
/mnt/f/Astro dev/Astro CS Normalization Database/lib/astro_image_io/third_party/cfitsio/f77_wrap.h:281:3: note: in expansion of macro ‘CFARGT14’
  281 |   CFARGT14(NCF,DCF,ABSOFT_cf2(T0),T1,T2,T3,T4,T5,T6,T7,T8,T9,TA,TB,TC,TD,TE))  \
      |   ^~~~~~~~
/mnt/f/Astro dev/Astro CS Normalization Database/lib/astro_image_io/third_party/cfitsio/cfortran.h:2508:9: note: in expansion of macro ‘FCALLSCFUN14’
 2508 |         FCALLSCFUN14(T0,CN,UN,LN,T1,T2,T3,T4,T5,T6,T7,T8,T9,TA,CF_0,CF_0,CF_0,CF_0)
      |         ^~~~~~~~~~~~
/mnt/f/Astro dev/Astro CS Normalization Database/lib/astro_image_io/third_party/cfitsio/cfortran.h:2504:9: note: in expansion of macro ‘FCALLSCFUN10’
 2504 |         FCALLSCFUN10(T0,CN,UN,LN,T1,T2,T3,T4,T5,T6,T7,T8,CF_0,CF_0)
      |         ^~~~~~~~~~~~
/mnt/f/Astro dev/Astro CS Normalization Database/lib/astro_image_io/third_party/cfitsio/cfortran.h:2448:5: note: in expansion of macro ‘FCALLSCFUN8’
 2448 |     FCALLSCFUN8(VOID,CN,UN,LN,T1,T2,T3,T4,T5,T6,T7,T8)
      |     ^~~~~~~~~~~
/mnt/f/Astro dev/Astro CS Normalization Database/lib/astro_image_io/third_party/cfitsio/f77_wrap2.c:618:1: note: in expansion of macro ‘FCALLSCSUB8’
  618 | FCALLSCSUB8(ffpssb,FTPSSB,ftpssb,FITSUNIT,LONG,LONG,LONGV,LONGV,LONGV,BYTEV,PINT)
      | ^~~~~~~~~~~
/mnt/f/Astro dev/Astro CS Normalization Database/lib/astro_image_io/third_party/cfitsio/f77_wrap2.c: In function ‘ftpgpb_’:
/mnt/f/Astro dev/Astro CS Normalization Database/lib/astro_image_io/third_party/cfitsio/cfortran.h:1734:59: warning: unused parameter ‘C5’ [-Wunused-parameter]
 1734 | #define   HCF(TN,I)         _(TN,_cfSTR)(3,H,cfCOMMA, H,_(C,I),0,0)
      |                                                           ^
/mnt/f/Astro dev/Astro CS Normalization Database/lib/astro_image_io/third_party/cfitsio/cfortran.h:1742:53: note: in definition of macro ‘STRING_cfH’
 1742 | #define   STRING_cfH(S,U,B) _(A,S) _(U,_CF_SPECIAL) B
      |                                                     ^
/mnt/f/Astro dev/Astro CS Normalization Database/lib/astro_image_io/third_party/cfitsio/cfortran.h:145:19: note: in expansion of macro ‘BYTEV_cfH’
  145 | #define _0(A,B)   A##B
      |                   ^
/mnt/f/Astro dev/Astro CS Normalization Database/lib/astro_image_io/third_party/cfitsio/cfortran.h:145:19: note: in expansion of macro ‘CFARGS3’
/mnt/f/Astro dev/Astro CS Normalization Database/lib/astro_image_io/third_party/cfitsio/cfortran.h:145:19: note: in expansion of macro ‘BYTEV_cfSTR’
/mnt/f/Astro dev/Astro CS Normalization Database/lib/astro_image_io/third_party/cfitsio/cfortran.h:146:19: note: in expansion of macro ‘_0’
  146 | #define  _(A,B)   _0(A,B)  /* see cat,xcat of K&R ANSI C p. 231 */
      |                   ^~
/mnt/f/Astro dev/Astro CS Normalization Database/lib/astro_image_io/third_party/cfitsio/cfortran.h:1734:57: note: in expansion of macro ‘_’
 1734 | #define   HCF(TN,I)         _(TN,_cfSTR)(3,H,cfCOMMA, H,_(C,I),0,0)
      |                                                         ^
/mnt/f/Astro dev/Astro CS Normalization Database/lib/astro_image_io/third_party/cfitsio/cfortran.h:2113:30: note: in expansion of macro ‘HCF’
 2113 | #define   DCF(TN,I)          HCF(TN,I)
      |                              ^~~
/mnt/f/Astro dev/Astro CS Normalization Database/lib/astro_image_io/third_party/cfitsio/cfortran.h:1026:44: note: in expansion of macro ‘DCF’
 1026 |  S(T1,1)   S(T2,2)   S(T3,3)    S(T4,4)    S(T5,5)    S(T6,6)    S(T7,7)       \
      |                                            ^
/mnt/f/Astro dev/Astro CS Normalization Database/lib/astro_image_io/third_party/cfitsio/cfortran.h:1062:10: note: in expansion of macro ‘CFARGT14S’
 1062 |  M       CFARGT14S(S,T1,T2,T3,T4,T5,T6,T7,T8,T9,TA,TB,TC,TD,TE)
      |          ^~~~~~~~~
/mnt/f/Astro dev/Astro CS Normalization Database/lib/astro_image_io/third_party/cfitsio/f77_wrap.h:281:3: note: in expansion of macro ‘CFARGT14’
  281 |   CFARGT14(NCF,DCF,ABSOFT_cf2(T0),T1,T2,T3,T4,T5,T6,T7,T8,T9,TA,TB,TC,TD,TE))  \
      |   ^~~~~~~~
/mnt/f/Astro dev/Astro CS Normalization Database/lib/astro_image_io/third_party/cfitsio/cfortran.h:2508:9: note: in expansion of macro ‘FCALLSCFUN14’
 2508 |         FCALLSCFUN14(T0,CN,UN,LN,T1,T2,T3,T4,T5,T6,T7,T8,T9,TA,CF_0,CF_0,CF_0,CF_0)
      |         ^~~~~~~~~~~~
/mnt/f/Astro dev/Astro CS Normalization Database/lib/astro_image_io/third_party/cfitsio/cfortran.h:2500:9: note: in expansion of macro ‘FCALLSCFUN10’
 2500 |         FCALLSCFUN10(T0,CN,UN,LN,T1,T2,T3,T4,T5,T6,CF_0,CF_0,CF_0,CF_0)
      |         ^~~~~~~~~~~~
/mnt/f/Astro dev/Astro CS Normalization Database/lib/astro_image_io/third_party/cfitsio/cfortran.h:2444:5: note: in expansion of macro ‘FCALLSCFUN6’
 2444 |     FCALLSCFUN6(VOID,CN,UN,LN,T1,T2,T3,T4,T5,T6)
      |     ^~~~~~~~~~~
/mnt/f/Astro dev/Astro CS Normalization Database/lib/astro_image_io/third_party/cfitsio/f77_wrap2.c:645:1: note: in expansion of macro ‘FCALLSCSUB6’
  645 | FCALLSCSUB6(ffpgpb,FTPGPB,ftpgpb,FITSUNIT,LONG,LONG,LONG,BYTEV,PINT)
      | ^~~~~~~~~~~
/mnt/f/Astro dev/Astro CS Normalization Database/lib/astro_image_io/third_party/cfitsio/f77_wrap2.c: In function ‘ftpclb_’:
/mnt/f/Astro dev/Astro CS Normalization Database/lib/astro_image_io/third_party/cfitsio/cfortran.h:1734:59: warning: unused parameter ‘C6’ [-Wunused-parameter]
 1734 | #define   HCF(TN,I)         _(TN,_cfSTR)(3,H,cfCOMMA, H,_(C,I),0,0)
      |                                                           ^
/mnt/f/Astro dev/Astro CS Normalization Database/lib/astro_image_io/third_party/cfitsio/cfortran.h:1742:53: note: in definition of macro ‘STRING_cfH’
 1742 | #define   STRING_cfH(S,U,B) _(A,S) _(U,_CF_SPECIAL) B
      |                                                     ^
/mnt/f/Astro dev/Astro CS Normalization Database/lib/astro_image_io/third_party/cfitsio/cfortran.h:145:19: note: in expansion of macro ‘BYTEV_cfH’
  145 | #define _0(A,B)   A##B
      |                   ^
/mnt/f/Astro dev/Astro CS Normalization Database/lib/astro_image_io/third_party/cfitsio/cfortran.h:145:19: note: in expansion of macro ‘CFARGS3’
/mnt/f/Astro dev/Astro CS Normalization Database/lib/astro_image_io/third_party/cfitsio/cfortran.h:145:19: note: in expansion of macro ‘BYTEV_cfSTR’
/mnt/f/Astro dev/Astro CS Normalization Database/lib/astro_image_io/third_party/cfitsio/cfortran.h:146:19: note: in expansion of macro ‘_0’
  146 | #define  _(A,B)   _0(A,B)  /* see cat,xcat of K&R ANSI C p. 231 */
      |                   ^~
/mnt/f/Astro dev/Astro CS Normalization Database/lib/astro_image_io/third_party/cfitsio/cfortran.h:1734:57: note: in expansion of macro ‘_’
 1734 | #define   HCF(TN,I)         _(TN,_cfSTR)(3,H,cfCOMMA, H,_(C,I),0,0)
      |                                                         ^
/mnt/f/Astro dev/Astro CS Normalization Database/lib/astro_image_io/third_party/cfitsio/cfortran.h:2113:30: note: in expansion of macro ‘HCF’
 2113 | #define   DCF(TN,I)          HCF(TN,I)
      |                              ^~~
/mnt/f/Astro dev/Astro CS Normalization Database/lib/astro_image_io/third_party/cfitsio/cfortran.h:1026:55: note: in expansion of macro ‘DCF’
 1026 |  S(T1,1)   S(T2,2)   S(T3,3)    S(T4,4)    S(T5,5)    S(T6,6)    S(T7,7)       \
      |                                                       ^
/mnt/f/Astro dev/Astro CS Normalization Database/lib/astro_image_io/third_party/cfitsio/cfortran.h:1062:10: note: in expansion of macro ‘CFARGT14S’
 1062 |  M       CFARGT14S(S,T1,T2,T3,T4,T5,T6,T7,T8,T9,TA,TB,TC,TD,TE)
      |          ^~~~~~~~~
/mnt/f/Astro dev/Astro CS Normalization Database/lib/astro_image_io/third_party/cfitsio/f77_wrap.h:281:3: note: in expansion of macro ‘CFARGT14’
  281 |   CFARGT14(NCF,DCF,ABSOFT_cf2(T0),T1,T2,T3,T4,T5,T6,T7,T8,T9,TA,TB,TC,TD,TE))  \
      |   ^~~~~~~~
/mnt/f/Astro dev/Astro CS Normalization Database/lib/astro_image_io/third_party/cfitsio/cfortran.h:2508:9: note: in expansion of macro ‘FCALLSCFUN14’
 2508 |         FCALLSCFUN14(T0,CN,UN,LN,T1,T2,T3,T4,T5,T6,T7,T8,T9,TA,CF_0,CF_0,CF_0,CF_0)
      |         ^~~~~~~~~~~~
/mnt/f/Astro dev/Astro CS Normalization Database/lib/astro_image_io/third_party/cfitsio/cfortran.h:2502:9: note: in expansion of macro ‘FCALLSCFUN10’
 2502 |         FCALLSCFUN10(T0,CN,UN,LN,T1,T2,T3,T4,T5,T6,T7,CF_0,CF_0,CF_0)
      |         ^~~~~~~~~~~~
/mnt/f/Astro dev/Astro CS Normalization Database/lib/astro_image_io/third_party/cfitsio/cfortran.h:2446:5: note: in expansion of macro ‘FCALLSCFUN7’
 2446 |     FCALLSCFUN7(VOID,CN,UN,LN,T1,T2,T3,T4,T5,T6,T7)
      |     ^~~~~~~~~~~
/mnt/f/Astro dev/Astro CS Normalization Database/lib/astro_image_io/third_party/cfitsio/f77_wrap2.c:664:1: note: in expansion of macro ‘FCALLSCSUB7’
  664 | FCALLSCSUB7(ffpclb,FTPCLB,ftpclb,FITSUNIT,INT,LONG,LONG,LONG,BYTEV,PINT)
      | ^~~~~~~~~~~
/mnt/f/Astro dev/Astro CS Normalization Database/lib/astro_image_io/third_party/cfitsio/f77_wrap2.c: In function ‘ftpclbll_’:
/mnt/f/Astro dev/Astro CS Normalization Database/lib/astro_image_io/third_party/cfitsio/cfortran.h:1734:59: warning: unused parameter ‘C6’ [-Wunused-parameter]
 1734 | #define   HCF(TN,I)         _(TN,_cfSTR)(3,H,cfCOMMA, H,_(C,I),0,0)
      |                                                           ^
/mnt/f/Astro dev/Astro CS Normalization Database/lib/astro_image_io/third_party/cfitsio/cfortran.h:1742:53: note: in definition of macro ‘STRING_cfH’
 1742 | #define   STRING_cfH(S,U,B) _(A,S) _(U,_CF_SPECIAL) B
      |                                                     ^
/mnt/f/Astro dev/Astro CS Normalization Database/lib/astro_image_io/third_party/cfitsio/cfortran.h:145:19: note: in expansion of macro ‘BYTEV_cfH’
  145 | #define _0(A,B)   A##B
      |                   ^
/mnt/f/Astro dev/Astro CS Normalization Database/lib/astro_image_io/third_party/cfitsio/cfortran.h:145:19: note: in expansion of macro ‘CFARGS3’
/mnt/f/Astro dev/Astro CS Normalization Database/lib/astro_image_io/third_party/cfitsio/cfortran.h:145:19: note: in expansion of macro ‘BYTEV_cfSTR’
/mnt/f/Astro dev/Astro CS Normalization Database/lib/astro_image_io/third_party/cfitsio/cfortran.h:146:19: note: in expansion of macro ‘_0’
  146 | #define  _(A,B)   _0(A,B)  /* see cat,xcat of K&R ANSI C p. 231 */
      |                   ^~
/mnt/f/Astro dev/Astro CS Normalization Database/lib/astro_image_io/third_party/cfitsio/cfortran.h:1734:57: note: in expansion of macro ‘_’
 1734 | #define   HCF(TN,I)         _(TN,_cfSTR)(3,H,cfCOMMA, H,_(C,I),0,0)
      |                                                         ^
/mnt/f/Astro dev/Astro CS Normalization Database/lib/astro_image_io/third_party/cfitsio/cfortran.h:2113:30: note: in expansion of macro ‘HCF’
 2113 | #define   DCF(TN,I)          HCF(TN,I)
      |                              ^~~
/mnt/f/Astro dev/Astro CS Normalization Database/lib/astro_image_io/third_party/cfitsio/cfortran.h:1026:55: note: in expansion of macro ‘DCF’
 1026 |  S(T1,1)   S(T2,2)   S(T3,3)    S(T4,4)    S(T5,5)    S(T6,6)    S(T7,7)       \
      |                                                       ^
/mnt/f/Astro dev/Astro CS Normalization Database/lib/astro_image_io/third_party/cfitsio/cfortran.h:1062:10: note: in expansion of macro ‘CFARGT14S’
 1062 |  M       CFARGT14S(S,T1,T2,T3,T4,T5,T6,T7,T8,T9,TA,TB,TC,TD,TE)
      |          ^~~~~~~~~
/mnt/f/Astro dev/Astro CS Normalization Database/lib/astro_image_io/third_party/cfitsio/f77_wrap.h:281:3: note: in expansion of macro ‘CFARGT14’
  281 |   CFARGT14(NCF,DCF,ABSOFT_cf2(T0),T1,T2,T3,T4,T5,T6,T7,T8,T9,TA,TB,TC,TD,TE))  \
      |   ^~~~~~~~
/mnt/f/Astro dev/Astro CS Normalization Database/lib/astro_image_io/third_party/cfitsio/cfortran.h:2508:9: note: in expansion of macro ‘FCALLSCFUN14’
 2508 |         FCALLSCFUN14(T0,CN,UN,LN,T1,T2,T3,T4,T5,T6,T7,T8,T9,TA,CF_0,CF_0,CF_0,CF_0)
      |         ^~~~~~~~~~~~
/mnt/f/Astro dev/Astro CS Normalization Database/lib/astro_image_io/third_party/cfitsio/cfortran.h:2502:9: note: in expansion of macro ‘FCALLSCFUN10’
 2502 |         FCALLSCFUN10(T0,CN,UN,LN,T1,T2,T3,T4,T5,T6,T7,CF_0,CF_0,CF_0)
      |         ^~~~~~~~~~~~
/mnt/f/Astro dev/Astro CS Normalization Database/lib/astro_image_io/third_party/cfitsio/cfortran.h:2446:5: note: in expansion of macro ‘FCALLSCFUN7’
 2446 |     FCALLSCFUN7(VOID,CN,UN,LN,T1,T2,T3,T4,T5,T6,T7)
      |     ^~~~~~~~~~~
/mnt/f/Astro dev/Astro CS Normalization Database/lib/astro_image_io/third_party/cfitsio/f77_wrap2.c:680:1: note: in expansion of macro ‘FCALLSCSUB7’
  680 | FCALLSCSUB7(ffpclb,FTPCLBLL,ftpclbll,FITSUNIT,INT,LONGLONG,LONGLONG,LONG,BYTEV,PINT)
      | ^~~~~~~~~~~
/mnt/f/Astro dev/Astro CS Normalization Database/lib/astro_image_io/third_party/cfitsio/f77_wrap2.c: In function ‘ftpcnb_’:
/mnt/f/Astro dev/Astro CS Normalization Database/lib/astro_image_io/third_party/cfitsio/cfortran.h:1734:59: warning: unused parameter ‘C6’ [-Wunused-parameter]
 1734 | #define   HCF(TN,I)         _(TN,_cfSTR)(3,H,cfCOMMA, H,_(C,I),0,0)
      |                                                           ^
/mnt/f/Astro dev/Astro CS Normalization Database/lib/astro_image_io/third_party/cfitsio/cfortran.h:1742:53: note: in definition of macro ‘STRING_cfH’
 1742 | #define   STRING_cfH(S,U,B) _(A,S) _(U,_CF_SPECIAL) B
      |                                                     ^
/mnt/f/Astro dev/Astro CS Normalization Database/lib/astro_image_io/third_party/cfitsio/cfortran.h:145:19: note: in expansion of macro ‘BYTEV_cfH’
  145 | #define _0(A,B)   A##B
      |                   ^
/mnt/f/Astro dev/Astro CS Normalization Database/lib/astro_image_io/third_party/cfitsio/cfortran.h:145:19: note: in expansion of macro ‘CFARGS3’
/mnt/f/Astro dev/Astro CS Normalization Database/lib/astro_image_io/third_party/cfitsio/cfortran.h:145:19: note: in expansion of macro ‘BYTEV_cfSTR’
/mnt/f/Astro dev/Astro CS Normalization Database/lib/astro_image_io/third_party/cfitsio/cfortran.h:146:19: note: in expansion of macro ‘_0’
  146 | #define  _(A,B)   _0(A,B)  /* see cat,xcat of K&R ANSI C p. 231 */
      |                   ^~
/mnt/f/Astro dev/Astro CS Normalization Database/lib/astro_image_io/third_party/cfitsio/cfortran.h:1734:57: note: in expansion of macro ‘_’
 1734 | #define   HCF(TN,I)         _(TN,_cfSTR)(3,H,cfCOMMA, H,_(C,I),0,0)
      |                                                         ^
/mnt/f/Astro dev/Astro CS Normalization Database/lib/astro_image_io/third_party/cfitsio/cfortran.h:2113:30: note: in expansion of macro ‘HCF’
 2113 | #define   DCF(TN,I)          HCF(TN,I)
      |                              ^~~
/mnt/f/Astro dev/Astro CS Normalization Database/lib/astro_image_io/third_party/cfitsio/cfortran.h:1026:55: note: in expansion of macro ‘DCF’
 1026 |  S(T1,1)   S(T2,2)   S(T3,3)    S(T4,4)    S(T5,5)    S(T6,6)    S(T7,7)       \
      |                                                       ^
/mnt/f/Astro dev/Astro CS Normalization Database/lib/astro_image_io/third_party/cfitsio/cfortran.h:1062:10: note: in expansion of macro ‘CFARGT14S’
 1062 |  M       CFARGT14S(S,T1,T2,T3,T4,T5,T6,T7,T8,T9,TA,TB,TC,TD,TE)
      |          ^~~~~~~~~
/mnt/f/Astro dev/Astro CS Normalization Database/lib/astro_image_io/third_party/cfitsio/f77_wrap.h:281:3: note: in expansion of macro ‘CFARGT14’
  281 |   CFARGT14(NCF,DCF,ABSOFT_cf2(T0),T1,T2,T3,T4,T5,T6,T7,T8,T9,TA,TB,TC,TD,TE))  \
      |   ^~~~~~~~
/mnt/f/Astro dev/Astro CS Normalization Database/lib/astro_image_io/third_party/cfitsio/cfortran.h:2508:9: note: in expansion of macro ‘FCALLSCFUN14’
 2508 |         FCALLSCFUN14(T0,CN,UN,LN,T1,T2,T3,T4,T5,T6,T7,T8,T9,TA,CF_0,CF_0,CF_0,CF_0)
      |         ^~~~~~~~~~~~
/mnt/f/Astro dev/Astro CS Normalization Database/lib/astro_image_io/third_party/cfitsio/cfortran.h:2504:9: note: in expansion of macro ‘FCALLSCFUN10’
 2504 |         FCALLSCFUN10(T0,CN,UN,LN,T1,T2,T3,T4,T5,T6,T7,T8,CF_0,CF_0)
      |         ^~~~~~~~~~~~
/mnt/f/Astro dev/Astro CS Normalization Database/lib/astro_image_io/third_party/cfitsio/cfortran.h:2448:5: note: in expansion of macro ‘FCALLSCFUN8’
 2448 |     FCALLSCFUN8(VOID,CN,UN,LN,T1,T2,T3,T4,T5,T6,T7,T8)
      |     ^~~~~~~~~~~
/mnt/f/Astro dev/Astro CS Normalization Database/lib/astro_image_io/third_party/cfitsio/f77_wrap2.c:696:1: note: in expansion of macro ‘FCALLSCSUB8’
  696 | FCALLSCSUB8(ffpcnb,FTPCNB,ftpcnb,FITSUNIT,INT,LONG,LONG,LONG,BYTEV,BYTE,PINT)
      | ^~~~~~~~~~~
/mnt/f/Astro dev/Astro CS Normalization Database/lib/astro_image_io/third_party/cfitsio/cfortran.h:1734:59: warning: unused parameter ‘C7’ [-Wunused-parameter]
 1734 | #define   HCF(TN,I)         _(TN,_cfSTR)(3,H,cfCOMMA, H,_(C,I),0,0)
      |                                                           ^
/mnt/f/Astro dev/Astro CS Normalization Database/lib/astro_image_io/third_party/cfitsio/cfortran.h:1742:53: note: in definition of macro ‘STRING_cfH’
 1742 | #define   STRING_cfH(S,U,B) _(A,S) _(U,_CF_SPECIAL) B
      |                                                     ^
/mnt/f/Astro dev/Astro CS Normalization Database/lib/astro_image_io/third_party/cfitsio/cfortran.h:145:19: note: in expansion of macro ‘BYTE_cfH’
  145 | #define _0(A,B)   A##B
      |                   ^
/mnt/f/Astro dev/Astro CS Normalization Database/lib/astro_image_io/third_party/cfitsio/cfortran.h:145:19: note: in expansion of macro ‘CFARGS3’
/mnt/f/Astro dev/Astro CS Normalization Database/lib/astro_image_io/third_party/cfitsio/cfortran.h:145:19: note: in expansion of macro ‘BYTE_cfSTR’
/mnt/f/Astro dev/Astro CS Normalization Database/lib/astro_image_io/third_party/cfitsio/cfortran.h:146:19: note: in expansion of macro ‘_0’
  146 | #define  _(A,B)   _0(A,B)  /* see cat,xcat of K&R ANSI C p. 231 */
      |                   ^~
/mnt/f/Astro dev/Astro CS Normalization Database/lib/astro_image_io/third_party/cfitsio/cfortran.h:1734:57: note: in expansion of macro ‘_’
 1734 | #define   HCF(TN,I)         _(TN,_cfSTR)(3,H,cfCOMMA, H,_(C,I),0,0)
      |                                                         ^
/mnt/f/Astro dev/Astro CS Normalization Database/lib/astro_image_io/third_party/cfitsio/cfortran.h:2113:30: note: in expansion of macro ‘HCF’
 2113 | #define   DCF(TN,I)          HCF(TN,I)
      |                              ^~~
/mnt/f/Astro dev/Astro CS Normalization Database/lib/astro_image_io/third_party/cfitsio/cfortran.h:1026:66: note: in expansion of macro ‘DCF’
 1026 |  S(T1,1)   S(T2,2)   S(T3,3)    S(T4,4)    S(T5,5)    S(T6,6)    S(T7,7)       \
      |                                                                  ^
/mnt/f/Astro dev/Astro CS Normalization Database/lib/astro_image_io/third_party/cfitsio/cfortran.h:1062:10: note: in expansion of macro ‘CFARGT14S’
 1062 |  M       CFARGT14S(S,T1,T2,T3,T4,T5,T6,T7,T8,T9,TA,TB,TC,TD,TE)
      |          ^~~~~~~~~
/mnt/f/Astro dev/Astro CS Normalization Database/lib/astro_image_io/third_party/cfitsio/f77_wrap.h:281:3: note: in expansion of macro ‘CFARGT14’
  281 |   CFARGT14(NCF,DCF,ABSOFT_cf2(T0),T1,T2,T3,T4,T5,T6,T7,T8,T9,TA,TB,TC,TD,TE))  \
      |   ^~~~~~~~
/mnt/f/Astro dev/Astro CS Normalization Database/lib/astro_image_io/third_party/cfitsio/cfortran.h:2508:9: note: in expansion of macro ‘FCALLSCFUN14’
 2508 |         FCALLSCFUN14(T0,CN,UN,LN,T1,T2,T3,T4,T5,T6,T7,T8,T9,TA,CF_0,CF_0,CF_0,CF_0)
      |         ^~~~~~~~~~~~
/mnt/f/Astro dev/Astro CS Normalization Database/lib/astro_image_io/third_party/cfitsio/cfortran.h:2504:9: note: in expansion of macro ‘FCALLSCFUN10’
 2504 |         FCALLSCFUN10(T0,CN,UN,LN,T1,T2,T3,T4,T5,T6,T7,T8,CF_0,CF_0)
      |         ^~~~~~~~~~~~
/mnt/f/Astro dev/Astro CS Normalization Database/lib/astro_image_io/third_party/cfitsio/cfortran.h:2448:5: note: in expansion of macro ‘FCALLSCFUN8’
 2448 |     FCALLSCFUN8(VOID,CN,UN,LN,T1,T2,T3,T4,T5,T6,T7,T8)
      |     ^~~~~~~~~~~
/mnt/f/Astro dev/Astro CS Normalization Database/lib/astro_image_io/third_party/cfitsio/f77_wrap2.c:696:1: note: in expansion of macro ‘FCALLSCSUB8’
  696 | FCALLSCSUB8(ffpcnb,FTPCNB,ftpcnb,FITSUNIT,INT,LONG,LONG,LONG,BYTEV,BYTE,PINT)
      | ^~~~~~~~~~~
/mnt/f/Astro dev/Astro CS Normalization Database/lib/astro_image_io/third_party/cfitsio/f77_wrap2.c: In function ‘ftpcnbll_’:
/mnt/f/Astro dev/Astro CS Normalization Database/lib/astro_image_io/third_party/cfitsio/cfortran.h:1734:59: warning: unused parameter ‘C6’ [-Wunused-parameter]
 1734 | #define   HCF(TN,I)         _(TN,_cfSTR)(3,H,cfCOMMA, H,_(C,I),0,0)
      |                                                           ^
/mnt/f/Astro dev/Astro CS Normalization Database/lib/astro_image_io/third_party/cfitsio/cfortran.h:1742:53: note: in definition of macro ‘STRING_cfH’
 1742 | #define   STRING_cfH(S,U,B) _(A,S) _(U,_CF_SPECIAL) B
      |                                                     ^
/mnt/f/Astro dev/Astro CS Normalization Database/lib/astro_image_io/third_party/cfitsio/cfortran.h:145:19: note: in expansion of macro ‘BYTEV_cfH’
  145 | #define _0(A,B)   A##B
      |                   ^
/mnt/f/Astro dev/Astro CS Normalization Database/lib/astro_image_io/third_party/cfitsio/cfortran.h:145:19: note: in expansion of macro ‘CFARGS3’
/mnt/f/Astro dev/Astro CS Normalization Database/lib/astro_image_io/third_party/cfitsio/cfortran.h:145:19: note: in expansion of macro ‘BYTEV_cfSTR’
/mnt/f/Astro dev/Astro CS Normalization Database/lib/astro_image_io/third_party/cfitsio/cfortran.h:146:19: note: in expansion of macro ‘_0’
  146 | #define  _(A,B)   _0(A,B)  /* see cat,xcat of K&R ANSI C p. 231 */
      |                   ^~
/mnt/f/Astro dev/Astro CS Normalization Database/lib/astro_image_io/third_party/cfitsio/cfortran.h:1734:57: note: in expansion of macro ‘_’
 1734 | #define   HCF(TN,I)         _(TN,_cfSTR)(3,H,cfCOMMA, H,_(C,I),0,0)
      |                                                         ^
/mnt/f/Astro dev/Astro CS Normalization Database/lib/astro_image_io/third_party/cfitsio/cfortran.h:2113:30: note: in expansion of macro ‘HCF’
 2113 | #define   DCF(TN,I)          HCF(TN,I)
      |                              ^~~
/mnt/f/Astro dev/Astro CS Normalization Database/lib/astro_image_io/third_party/cfitsio/cfortran.h:1026:55: note: in expansion of macro ‘DCF’
 1026 |  S(T1,1)   S(T2,2)   S(T3,3)    S(T4,4)    S(T5,5)    S(T6,6)    S(T7,7)       \
      |                                                       ^
/mnt/f/Astro dev/Astro CS Normalization Database/lib/astro_image_io/third_party/cfitsio/cfortran.h:1062:10: note: in expansion of macro ‘CFARGT14S’
 1062 |  M       CFARGT14S(S,T1,T2,T3,T4,T5,T6,T7,T8,T9,TA,TB,TC,TD,TE)
      |          ^~~~~~~~~
/mnt/f/Astro dev/Astro CS Normalization Database/lib/astro_image_io/third_party/cfitsio/f77_wrap.h:281:3: note: in expansion of macro ‘CFARGT14’
  281 |   CFARGT14(NCF,DCF,ABSOFT_cf2(T0),T1,T2,T3,T4,T5,T6,T7,T8,T9,TA,TB,TC,TD,TE))  \
      |   ^~~~~~~~
/mnt/f/Astro dev/Astro CS Normalization Database/lib/astro_image_io/third_party/cfitsio/cfortran.h:2508:9: note: in expansion of macro ‘FCALLSCFUN14’
 2508 |         FCALLSCFUN14(T0,CN,UN,LN,T1,T2,T3,T4,T5,T6,T7,T8,T9,TA,CF_0,CF_0,CF_0,CF_0)
      |         ^~~~~~~~~~~~
/mnt/f/Astro dev/Astro CS Normalization Database/lib/astro_image_io/third_party/cfitsio/cfortran.h:2504:9: note: in expansion of macro ‘FCALLSCFUN10’
 2504 |         FCALLSCFUN10(T0,CN,UN,LN,T1,T2,T3,T4,T5,T6,T7,T8,CF_0,CF_0)
      |         ^~~~~~~~~~~~
/mnt/f/Astro dev/Astro CS Normalization Database/lib/astro_image_io/third_party/cfitsio/cfortran.h:2448:5: note: in expansion of macro ‘FCALLSCFUN8’
 2448 |     FCALLSCFUN8(VOID,CN,UN,LN,T1,T2,T3,T4,T5,T6,T7,T8)
      |     ^~~~~~~~~~~
/mnt/f/Astro dev/Astro CS Normalization Database/lib/astro_image_io/third_party/cfitsio/f77_wrap2.c:706:1: note: in expansion of macro ‘FCALLSCSUB8’
  706 | FCALLSCSUB8(ffpcnb,FTPCNBLL,ftpcnbll,FITSUNIT,INT,LONGLONG,LONGLONG,LONG,BYTEV,BYTE,PINT)
      | ^~~~~~~~~~~
/mnt/f/Astro dev/Astro CS Normalization Database/lib/astro_image_io/third_party/cfitsio/cfortran.h:1734:59: warning: unused parameter ‘C7’ [-Wunused-parameter]
 1734 | #define   HCF(TN,I)         _(TN,_cfSTR)(3,H,cfCOMMA, H,_(C,I),0,0)
      |                                                           ^
/mnt/f/Astro dev/Astro CS Normalization Database/lib/astro_image_io/third_party/cfitsio/cfortran.h:1742:53: note: in definition of macro ‘STRING_cfH’
 1742 | #define   STRING_cfH(S,U,B) _(A,S) _(U,_CF_SPECIAL) B
      |                                                     ^
/mnt/f/Astro dev/Astro CS Normalization Database/lib/astro_image_io/third_party/cfitsio/cfortran.h:145:19: note: in expansion of macro ‘BYTE_cfH’
  145 | #define _0(A,B)   A##B
      |                   ^
/mnt/f/Astro dev/Astro CS Normalization Database/lib/astro_image_io/third_party/cfitsio/cfortran.h:145:19: note: in expansion of macro ‘CFARGS3’
/mnt/f/Astro dev/Astro CS Normalization Database/lib/astro_image_io/third_party/cfitsio/cfortran.h:145:19: note: in expansion of macro ‘BYTE_cfSTR’
/mnt/f/Astro dev/Astro CS Normalization Database/lib/astro_image_io/third_party/cfitsio/cfortran.h:146:19: note: in expansion of macro ‘_0’
  146 | #define  _(A,B)   _0(A,B)  /* see cat,xcat of K&R ANSI C p. 231 */
      |                   ^~
/mnt/f/Astro dev/Astro CS Normalization Database/lib/astro_image_io/third_party/cfitsio/cfortran.h:1734:57: note: in expansion of macro ‘_’
 1734 | #define   HCF(TN,I)         _(TN,_cfSTR)(3,H,cfCOMMA, H,_(C,I),0,0)
      |                                                         ^
/mnt/f/Astro dev/Astro CS Normalization Database/lib/astro_image_io/third_party/cfitsio/cfortran.h:2113:30: note: in expansion of macro ‘HCF’
 2113 | #define   DCF(TN,I)          HCF(TN,I)
      |                              ^~~
/mnt/f/Astro dev/Astro CS Normalization Database/lib/astro_image_io/third_party/cfitsio/cfortran.h:1026:66: note: in expansion of macro ‘DCF’
 1026 |  S(T1,1)   S(T2,2)   S(T3,3)    S(T4,4)    S(T5,5)    S(T6,6)    S(T7,7)       \
      |                                                                  ^
/mnt/f/Astro dev/Astro CS Normalization Database/lib/astro_image_io/third_party/cfitsio/cfortran.h:1062:10: note: in expansion of macro ‘CFARGT14S’
 1062 |  M       CFARGT14S(S,T1,T2,T3,T4,T5,T6,T7,T8,T9,TA,TB,TC,TD,TE)
      |          ^~~~~~~~~
/mnt/f/Astro dev/Astro CS Normalization Database/lib/astro_image_io/third_party/cfitsio/f77_wrap.h:281:3: note: in expansion of macro ‘CFARGT14’
  281 |   CFARGT14(NCF,DCF,ABSOFT_cf2(T0),T1,T2,T3,T4,T5,T6,T7,T8,T9,TA,TB,TC,TD,TE))  \
      |   ^~~~~~~~
/mnt/f/Astro dev/Astro CS Normalization Database/lib/astro_image_io/third_party/cfitsio/cfortran.h:2508:9: note: in expansion of macro ‘FCALLSCFUN14’
 2508 |         FCALLSCFUN14(T0,CN,UN,LN,T1,T2,T3,T4,T5,T6,T7,T8,T9,TA,CF_0,CF_0,CF_0,CF_0)
      |         ^~~~~~~~~~~~
/mnt/f/Astro dev/Astro CS Normalization Database/lib/astro_image_io/third_party/cfitsio/cfortran.h:2504:9: note: in expansion of macro ‘FCALLSCFUN10’
 2504 |         FCALLSCFUN10(T0,CN,UN,LN,T1,T2,T3,T4,T5,T6,T7,T8,CF_0,CF_0)
      |         ^~~~~~~~~~~~
/mnt/f/Astro dev/Astro CS Normalization Database/lib/astro_image_io/third_party/cfitsio/cfortran.h:2448:5: note: in expansion of macro ‘FCALLSCFUN8’
 2448 |     FCALLSCFUN8(VOID,CN,UN,LN,T1,T2,T3,T4,T5,T6,T7,T8)
      |     ^~~~~~~~~~~
/mnt/f/Astro dev/Astro CS Normalization Database/lib/astro_image_io/third_party/cfitsio/f77_wrap2.c:706:1: note: in expansion of macro ‘FCALLSCSUB8’
  706 | FCALLSCSUB8(ffpcnb,FTPCNBLL,ftpcnbll,FITSUNIT,INT,LONGLONG,LONGLONG,LONG,BYTEV,BYTE,PINT)
      | ^~~~~~~~~~~
/mnt/f/Astro dev/Astro CS Normalization Database/lib/astro_image_io/third_party/cfitsio/f77_wrap2.c: In function ‘ftptbb_’:
/mnt/f/Astro dev/Astro CS Normalization Database/lib/astro_image_io/third_party/cfitsio/cfortran.h:1734:59: warning: unused parameter ‘C5’ [-Wunused-parameter]
 1734 | #define   HCF(TN,I)         _(TN,_cfSTR)(3,H,cfCOMMA, H,_(C,I),0,0)
      |                                                           ^
/mnt/f/Astro dev/Astro CS Normalization Database/lib/astro_image_io/third_party/cfitsio/cfortran.h:1742:53: note: in definition of macro ‘STRING_cfH’
 1742 | #define   STRING_cfH(S,U,B) _(A,S) _(U,_CF_SPECIAL) B
      |                                                     ^
/mnt/f/Astro dev/Astro CS Normalization Database/lib/astro_image_io/third_party/cfitsio/cfortran.h:145:19: note: in expansion of macro ‘BYTEV_cfH’
  145 | #define _0(A,B)   A##B
      |                   ^
/mnt/f/Astro dev/Astro CS Normalization Database/lib/astro_image_io/third_party/cfitsio/cfortran.h:145:19: note: in expansion of macro ‘CFARGS3’
/mnt/f/Astro dev/Astro CS Normalization Database/lib/astro_image_io/third_party/cfitsio/cfortran.h:145:19: note: in expansion of macro ‘BYTEV_cfSTR’
/mnt/f/Astro dev/Astro CS Normalization Database/lib/astro_image_io/third_party/cfitsio/cfortran.h:146:19: note: in expansion of macro ‘_0’
  146 | #define  _(A,B)   _0(A,B)  /* see cat,xcat of K&R ANSI C p. 231 */
      |                   ^~
/mnt/f/Astro dev/Astro CS Normalization Database/lib/astro_image_io/third_party/cfitsio/cfortran.h:1734:57: note: in expansion of macro ‘_’
 1734 | #define   HCF(TN,I)         _(TN,_cfSTR)(3,H,cfCOMMA, H,_(C,I),0,0)
      |                                                         ^
/mnt/f/Astro dev/Astro CS Normalization Database/lib/astro_image_io/third_party/cfitsio/cfortran.h:2113:30: note: in expansion of macro ‘HCF’
 2113 | #define   DCF(TN,I)          HCF(TN,I)
      |                              ^~~
/mnt/f/Astro dev/Astro CS Normalization Database/lib/astro_image_io/third_party/cfitsio/cfortran.h:1026:44: note: in expansion of macro ‘DCF’
 1026 |  S(T1,1)   S(T2,2)   S(T3,3)    S(T4,4)    S(T5,5)    S(T6,6)    S(T7,7)       \
      |                                            ^
/mnt/f/Astro dev/Astro CS Normalization Database/lib/astro_image_io/third_party/cfitsio/cfortran.h:1062:10: note: in expansion of macro ‘CFARGT14S’
 1062 |  M       CFARGT14S(S,T1,T2,T3,T4,T5,T6,T7,T8,T9,TA,TB,TC,TD,TE)
      |          ^~~~~~~~~
/mnt/f/Astro dev/Astro CS Normalization Database/lib/astro_image_io/third_party/cfitsio/f77_wrap.h:281:3: note: in expansion of macro ‘CFARGT14’
  281 |   CFARGT14(NCF,DCF,ABSOFT_cf2(T0),T1,T2,T3,T4,T5,T6,T7,T8,T9,TA,TB,TC,TD,TE))  \
      |   ^~~~~~~~
/mnt/f/Astro dev/Astro CS Normalization Database/lib/astro_image_io/third_party/cfitsio/cfortran.h:2508:9: note: in expansion of macro ‘FCALLSCFUN14’
 2508 |         FCALLSCFUN14(T0,CN,UN,LN,T1,T2,T3,T4,T5,T6,T7,T8,T9,TA,CF_0,CF_0,CF_0,CF_0)
      |         ^~~~~~~~~~~~
/mnt/f/Astro dev/Astro CS Normalization Database/lib/astro_image_io/third_party/cfitsio/cfortran.h:2500:9: note: in expansion of macro ‘FCALLSCFUN10’
 2500 |         FCALLSCFUN10(T0,CN,UN,LN,T1,T2,T3,T4,T5,T6,CF_0,CF_0,CF_0,CF_0)
      |         ^~~~~~~~~~~~
/mnt/f/Astro dev/Astro CS Normalization Database/lib/astro_image_io/third_party/cfitsio/cfortran.h:2444:5: note: in expansion of macro ‘FCALLSCFUN6’
 2444 |     FCALLSCFUN6(VOID,CN,UN,LN,T1,T2,T3,T4,T5,T6)
      |     ^~~~~~~~~~~
/mnt/f/Astro dev/Astro CS Normalization Database/lib/astro_image_io/third_party/cfitsio/f77_wrap2.c:716:1: note: in expansion of macro ‘FCALLSCSUB6’
  716 | FCALLSCSUB6(ffptbb,FTPTBB,ftptbb,FITSUNIT,LONG,LONG,LONG,BYTEV,PINT)
      | ^~~~~~~~~~~
/mnt/f/Astro dev/Astro CS Normalization Database/lib/astro_image_io/third_party/cfitsio/f77_wrap2.c: In function ‘ftptbs_’:
/mnt/f/Astro dev/Astro CS Normalization Database/lib/astro_image_io/third_party/cfitsio/cfortran.h:1734:59: warning: unused parameter ‘C5’ [-Wunused-parameter]
 1734 | #define   HCF(TN,I)         _(TN,_cfSTR)(3,H,cfCOMMA, H,_(C,I),0,0)
      |                                                           ^
/mnt/f/Astro dev/Astro CS Normalization Database/lib/astro_image_io/third_party/cfitsio/cfortran.h:1742:53: note: in definition of macro ‘STRING_cfH’
 1742 | #define   STRING_cfH(S,U,B) _(A,S) _(U,_CF_SPECIAL) B
      |                                                     ^
/mnt/f/Astro dev/Astro CS Normalization Database/lib/astro_image_io/third_party/cfitsio/cfortran.h:145:19: note: in expansion of macro ‘BYTEV_cfH’
  145 | #define _0(A,B)   A##B
      |                   ^
/mnt/f/Astro dev/Astro CS Normalization Database/lib/astro_image_io/third_party/cfitsio/cfortran.h:145:19: note: in expansion of macro ‘CFARGS3’
/mnt/f/Astro dev/Astro CS Normalization Database/lib/astro_image_io/third_party/cfitsio/cfortran.h:145:19: note: in expansion of macro ‘BYTEV_cfSTR’
/mnt/f/Astro dev/Astro CS Normalization Database/lib/astro_image_io/third_party/cfitsio/cfortran.h:146:19: note: in expansion of macro ‘_0’
  146 | #define  _(A,B)   _0(A,B)  /* see cat,xcat of K&R ANSI C p. 231 */
      |                   ^~
/mnt/f/Astro dev/Astro CS Normalization Database/lib/astro_image_io/third_party/cfitsio/cfortran.h:1734:57: note: in expansion of macro ‘_’
 1734 | #define   HCF(TN,I)         _(TN,_cfSTR)(3,H,cfCOMMA, H,_(C,I),0,0)
      |                                                         ^
/mnt/f/Astro dev/Astro CS Normalization Database/lib/astro_image_io/third_party/cfitsio/cfortran.h:2113:30: note: in expansion of macro ‘HCF’
 2113 | #define   DCF(TN,I)          HCF(TN,I)
      |                              ^~~
/mnt/f/Astro dev/Astro CS Normalization Database/lib/astro_image_io/third_party/cfitsio/cfortran.h:1026:44: note: in expansion of macro ‘DCF’
 1026 |  S(T1,1)   S(T2,2)   S(T3,3)    S(T4,4)    S(T5,5)    S(T6,6)    S(T7,7)       \
      |                                            ^
/mnt/f/Astro dev/Astro CS Normalization Database/lib/astro_image_io/third_party/cfitsio/cfortran.h:1062:10: note: in expansion of macro ‘CFARGT14S’
 1062 |  M       CFARGT14S(S,T1,T2,T3,T4,T5,T6,T7,T8,T9,TA,TB,TC,TD,TE)
      |          ^~~~~~~~~
/mnt/f/Astro dev/Astro CS Normalization Database/lib/astro_image_io/third_party/cfitsio/f77_wrap.h:281:3: note: in expansion of macro ‘CFARGT14’
  281 |   CFARGT14(NCF,DCF,ABSOFT_cf2(T0),T1,T2,T3,T4,T5,T6,T7,T8,T9,TA,TB,TC,TD,TE))  \
      |   ^~~~~~~~
/mnt/f/Astro dev/Astro CS Normalization Database/lib/astro_image_io/third_party/cfitsio/cfortran.h:2508:9: note: in expansion of macro ‘FCALLSCFUN14’
 2508 |         FCALLSCFUN14(T0,CN,UN,LN,T1,T2,T3,T4,T5,T6,T7,T8,T9,TA,CF_0,CF_0,CF_0,CF_0)
      |         ^~~~~~~~~~~~
/mnt/f/Astro dev/Astro CS Normalization Database/lib/astro_image_io/third_party/cfitsio/cfortran.h:2500:9: note: in expansion of macro ‘FCALLSCFUN10’
 2500 |         FCALLSCFUN10(T0,CN,UN,LN,T1,T2,T3,T4,T5,T6,CF_0,CF_0,CF_0,CF_0)
      |         ^~~~~~~~~~~~
/mnt/f/Astro dev/Astro CS Normalization Database/lib/astro_image_io/third_party/cfitsio/cfortran.h:2444:5: note: in expansion of macro ‘FCALLSCFUN6’
 2444 |     FCALLSCFUN6(VOID,CN,UN,LN,T1,T2,T3,T4,T5,T6)
      |     ^~~~~~~~~~~
/mnt/f/Astro dev/Astro CS Normalization Database/lib/astro_image_io/third_party/cfitsio/f77_wrap2.c:718:1: note: in expansion of macro ‘FCALLSCSUB6’
  718 | FCALLSCSUB6(ffptbb,FTPTBS,ftptbs,FITSUNIT,LONG,LONG,LONG,BYTEV,PINT)
      | ^~~~~~~~~~~
In file included from /mnt/f/Astro dev/Astro CS Normalization Database/lib/astro_image_io/third_party/cfitsio/f77_wrap3.c:43:
/mnt/f/Astro dev/Astro CS Normalization Database/lib/astro_image_io/third_party/cfitsio/f77_wrap.h:233:13: warning: ‘C2FcopyLogVect’ defined but not used [-Wunused-function]
  233 | static void C2FcopyLogVect(long size, int *A, char *B)
      |             ^~~~~~~~~~~~~~
/mnt/f/Astro dev/Astro CS Normalization Database/lib/astro_image_io/third_party/cfitsio/f77_wrap.h:223:14: warning: ‘F2CcopyLogVect’ defined but not used [-Wunused-function]
  223 | static char *F2CcopyLogVect(long size, int *A)
      |              ^~~~~~~~~~~~~~
In file included from /mnt/f/Astro dev/Astro CS Normalization Database/lib/astro_image_io/third_party/cfitsio/f77_wrap.h:3,
                 from /mnt/f/Astro dev/Astro CS Normalization Database/lib/astro_image_io/third_party/cfitsio/f77_wrap4.c:43:
/mnt/f/Astro dev/Astro CS Normalization Database/lib/astro_image_io/third_party/cfitsio/f77_wrap4.c: In function ‘ftgicsa_’:
/mnt/f/Astro dev/Astro CS Normalization Database/lib/astro_image_io/third_party/cfitsio/cfortran.h:1734:59: warning: unused parameter ‘C2’ [-Wunused-parameter]
 1734 | #define   HCF(TN,I)         _(TN,_cfSTR)(3,H,cfCOMMA, H,_(C,I),0,0)
      |                                                           ^
/mnt/f/Astro dev/Astro CS Normalization Database/lib/astro_image_io/third_party/cfitsio/cfortran.h:1742:53: note: in definition of macro ‘STRING_cfH’
 1742 | #define   STRING_cfH(S,U,B) _(A,S) _(U,_CF_SPECIAL) B
      |                                                     ^
/mnt/f/Astro dev/Astro CS Normalization Database/lib/astro_image_io/third_party/cfitsio/cfortran.h:145:19: note: in expansion of macro ‘BYTE_cfH’
  145 | #define _0(A,B)   A##B
      |                   ^
/mnt/f/Astro dev/Astro CS Normalization Database/lib/astro_image_io/third_party/cfitsio/cfortran.h:145:19: note: in expansion of macro ‘CFARGS3’
/mnt/f/Astro dev/Astro CS Normalization Database/lib/astro_image_io/third_party/cfitsio/cfortran.h:145:19: note: in expansion of macro ‘BYTE_cfSTR’
/mnt/f/Astro dev/Astro CS Normalization Database/lib/astro_image_io/third_party/cfitsio/cfortran.h:146:19: note: in expansion of macro ‘_0’
  146 | #define  _(A,B)   _0(A,B)  /* see cat,xcat of K&R ANSI C p. 231 */
      |                   ^~
/mnt/f/Astro dev/Astro CS Normalization Database/lib/astro_image_io/third_party/cfitsio/cfortran.h:1734:57: note: in expansion of macro ‘_’
 1734 | #define   HCF(TN,I)         _(TN,_cfSTR)(3,H,cfCOMMA, H,_(C,I),0,0)
      |                                                         ^
/mnt/f/Astro dev/Astro CS Normalization Database/lib/astro_image_io/third_party/cfitsio/cfortran.h:2113:30: note: in expansion of macro ‘HCF’
 2113 | #define   DCF(TN,I)          HCF(TN,I)
      |                              ^~~
/mnt/f/Astro dev/Astro CS Normalization Database/lib/astro_image_io/third_party/cfitsio/cfortran.h:1026:12: note: in expansion of macro ‘DCF’
 1026 |  S(T1,1)   S(T2,2)   S(T3,3)    S(T4,4)    S(T5,5)    S(T6,6)    S(T7,7)       \
      |            ^
/mnt/f/Astro dev/Astro CS Normalization Database/lib/astro_image_io/third_party/cfitsio/cfortran.h:1062:10: note: in expansion of macro ‘CFARGT14S’
 1062 |  M       CFARGT14S(S,T1,T2,T3,T4,T5,T6,T7,T8,T9,TA,TB,TC,TD,TE)
      |          ^~~~~~~~~
/mnt/f/Astro dev/Astro CS Normalization Database/lib/astro_image_io/third_party/cfitsio/f77_wrap.h:281:3: note: in expansion of macro ‘CFARGT14’
  281 |   CFARGT14(NCF,DCF,ABSOFT_cf2(T0),T1,T2,T3,T4,T5,T6,T7,T8,T9,TA,TB,TC,TD,TE))  \
      |   ^~~~~~~~
/mnt/f/Astro dev/Astro CS Normalization Database/lib/astro_image_io/third_party/cfitsio/cfortran.h:2510:9: note: in expansion of macro ‘FCALLSCFUN14’
 2510 |         FCALLSCFUN14(T0,CN,UN,LN,T1,T2,T3,T4,T5,T6,T7,T8,T9,TA,TB,CF_0,CF_0,CF_0)
      |         ^~~~~~~~~~~~
/mnt/f/Astro dev/Astro CS Normalization Database/lib/astro_image_io/third_party/cfitsio/cfortran.h:2454:4: note: in expansion of macro ‘FCALLSCFUN11’
 2454 |    FCALLSCFUN11(VOID,CN,UN,LN,T1,T2,T3,T4,T5,T6,T7,T8,T9,TA,TB)
      |    ^~~~~~~~~~~~
/mnt/f/Astro dev/Astro CS Normalization Database/lib/astro_image_io/third_party/cfitsio/f77_wrap4.c:247:1: note: in expansion of macro ‘FCALLSCSUB11’
  247 | FCALLSCSUB11(ffgicsa,FTGICSA,ftgicsa,FITSUNIT,BYTE,PDOUBLE,PDOUBLE,PDOUBLE,PDOUBLE,PDOUBLE,PDOUBLE,PDOUBLE,PSTRING,PINT)
      | ^~~~~~~~~~~~
/mnt/f/Astro dev/Astro CS Normalization Database/lib/astro_image_io/third_party/cfitsio/f77_wrap.h: At top level:
/mnt/f/Astro dev/Astro CS Normalization Database/lib/astro_image_io/third_party/cfitsio/f77_wrap.h:133:14: warning: ‘c2fstrv2’ defined but not used [-Wunused-function]
  133 | static char *c2fstrv2(char* cstr, char *fstr, int celem_len, int felem_len,
      |              ^~~~~~~~
/mnt/f/Astro dev/Astro CS Normalization Database/lib/astro_image_io/third_party/cfitsio/f77_wrap4.c: In function ‘ftd2e_’:
/mnt/f/Astro dev/Astro CS Normalization Database/lib/astro_image_io/third_party/cfitsio/f77_wrap4.c:400:24: warning: ‘%20s’ directive argument is null [-Wformat-truncation=]
  400 |       snprintf(str,21,"%20s",B3);  /* right justify if vlen<20 characters */
      |                        ^~~~
/mnt/f/Astro dev/Astro CS Normalization Database/lib/astro_image_io/third_party/cfitsio/fitscore.c: In function ‘ffmkky’:
/mnt/f/Astro dev/Astro CS Normalization Database/lib/astro_image_io/third_party/cfitsio/fitscore.c:1132:30: warning: comparison of integer expressions of different signedness: ‘size_t’ {aka ‘long unsigned int’} and ‘int’ [-Wsign-compare]
 1132 |             if (strlen(cptr) > maxlen) maxlen = strlen(cptr); /* find longest token */
      |                              ^
/mnt/f/Astro dev/Astro CS Normalization Database/lib/astro_image_io/third_party/cfitsio/fitscore.c: In function ‘ffmkey’:
/mnt/f/Astro dev/Astro CS Normalization Database/lib/astro_image_io/third_party/cfitsio/fitscore.c:1309:19: warning: comparison of integer expressions of different signedness: ‘size_t’ {aka ‘long unsigned int’} and ‘int’ [-Wsign-compare]
 1309 |     for (ii=0; ii < keylength; ii++)       /* make sure keyword name is uppercase */
      |                   ^
/mnt/f/Astro dev/Astro CS Normalization Database/lib/astro_image_io/third_party/cfitsio/fitscore.c: In function ‘fits_translate_pixkeyword’:
/mnt/f/Astro dev/Astro CS Normalization Database/lib/astro_image_io/third_party/cfitsio/fitscore.c:2429:11: warning: unused parameter ‘naxis’ [-Wunused-parameter]
 2429 |       int naxis,          /* I - number of columns to be binned */
      |       ~~~~^~~~~
/mnt/f/Astro dev/Astro CS Normalization Database/lib/astro_image_io/third_party/cfitsio/fitscore.c: In function ‘ffbinit’:
/mnt/f/Astro dev/Astro CS Normalization Database/lib/astro_image_io/third_party/cfitsio/fitscore.c:5149:52: warning: ‘%s’ directive output may be truncated writing up to 74 bytes into a region of size 72 [-Wformat-truncation=]
 5149 |             snprintf(message,FLEN_ERRMSG,"Required %s keyword not found (ffbinit).", name);
      |                                                    ^~                                ~~~~
In file included from /usr/include/stdio.h:974,
                 from /mnt/f/Astro dev/Astro CS Normalization Database/lib/astro_image_io/third_party/cfitsio/fitsio.h:64,
                 from /mnt/f/Astro dev/Astro CS Normalization Database/lib/astro_image_io/third_party/cfitsio/fitsio2.h:4,
                 from /mnt/f/Astro dev/Astro CS Normalization Database/lib/astro_image_io/third_party/cfitsio/fitscore.c:46:
In function ‘snprintf’,
    inlined from ‘ffbinit’ at /mnt/f/Astro dev/Astro CS Normalization Database/lib/astro_image_io/third_party/cfitsio/fitscore.c:5149:13:
/usr/include/x86_64-linux-gnu/bits/stdio2.h:68:10: note: ‘__builtin___snprintf_chk’ output between 39 and 113 bytes into a destination of size 81
   68 |   return __builtin___snprintf_chk (__s, __n, __USE_FORTIFY_LEVEL - 1,
      |          ^~~~~~~~~~~~~~~~~~~~~~~~~~~~~~~~~~~~~~~~~~~~~~~~~~~~~~~~~~~~
   69 |                                    __glibc_objsize (__s), __fmt,
      |                                    ~~~~~~~~~~~~~~~~~~~~~~~~~~~~~
   70 |                                    __va_arg_pack ());
      |                                    ~~~~~~~~~~~~~~~~~
/mnt/f/Astro dev/Astro CS Normalization Database/lib/astro_image_io/third_party/cfitsio/fitscore.c: In function ‘ffainit’:
/mnt/f/Astro dev/Astro CS Normalization Database/lib/astro_image_io/third_party/cfitsio/fitscore.c:4952:52: warning: ‘%s’ directive output may be truncated writing up to 74 bytes into a region of size 72 [-Wformat-truncation=]
 4952 |             snprintf(message,FLEN_ERRMSG,"Value of %s keyword out of range: %ld (ffainit).",
      |                                                    ^~
 4953 |             name, (long) tbcoln);
      |             ~~~~                                    
/mnt/f/Astro dev/Astro CS Normalization Database/lib/astro_image_io/third_party/cfitsio/fitscore.c:4952:42: note: using the range [-9223372036854775808, 9223372036854775807] for directive argument
 4952 |             snprintf(message,FLEN_ERRMSG,"Value of %s keyword out of range: %ld (ffainit).",
      |                                          ^~~~~~~~~~~~~~~~~~~~~~~~~~~~~~~~~~~~~~~~~~~~~~~~~~
In function ‘snprintf’,
    inlined from ‘ffainit’ at /mnt/f/Astro dev/Astro CS Normalization Database/lib/astro_image_io/third_party/cfitsio/fitscore.c:4952:13:
/usr/include/x86_64-linux-gnu/bits/stdio2.h:68:10: note: ‘__builtin___snprintf_chk’ output between 45 and 138 bytes into a destination of size 81
   68 |   return __builtin___snprintf_chk (__s, __n, __USE_FORTIFY_LEVEL - 1,
      |          ^~~~~~~~~~~~~~~~~~~~~~~~~~~~~~~~~~~~~~~~~~~~~~~~~~~~~~~~~~~~
   69 |                                    __glibc_objsize (__s), __fmt,
      |                                    ~~~~~~~~~~~~~~~~~~~~~~~~~~~~~
   70 |                                    __va_arg_pack ());
      |                                    ~~~~~~~~~~~~~~~~~
/mnt/f/Astro dev/Astro CS Normalization Database/lib/astro_image_io/third_party/cfitsio/fitscore.c: In function ‘ffainit’:
/mnt/f/Astro dev/Astro CS Normalization Database/lib/astro_image_io/third_party/cfitsio/fitscore.c:4943:52: warning: ‘%s’ directive output may be truncated writing up to 74 bytes into a region of size 72 [-Wformat-truncation=]
 4943 |             snprintf(message,FLEN_ERRMSG,"Required %s keyword not found (ffainit).", name);
      |                                                    ^~                                ~~~~
In function ‘snprintf’,
    inlined from ‘ffainit’ at /mnt/f/Astro dev/Astro CS Normalization Database/lib/astro_image_io/third_party/cfitsio/fitscore.c:4943:13:
/usr/include/x86_64-linux-gnu/bits/stdio2.h:68:10: note: ‘__builtin___snprintf_chk’ output between 39 and 113 bytes into a destination of size 81
   68 |   return __builtin___snprintf_chk (__s, __n, __USE_FORTIFY_LEVEL - 1,
      |          ^~~~~~~~~~~~~~~~~~~~~~~~~~~~~~~~~~~~~~~~~~~~~~~~~~~~~~~~~~~~
   69 |                                    __glibc_objsize (__s), __fmt,
      |                                    ~~~~~~~~~~~~~~~~~~~~~~~~~~~~~
   70 |                                    __va_arg_pack ());
      |                                    ~~~~~~~~~~~~~~~~~
/mnt/f/Astro dev/Astro CS Normalization Database/lib/astro_image_io/third_party/cfitsio/fitscore.c: In function ‘ffainit’:
/mnt/f/Astro dev/Astro CS Normalization Database/lib/astro_image_io/third_party/cfitsio/fitscore.c:4935:52: warning: ‘%s’ directive output may be truncated writing up to 74 bytes into a region of size 72 [-Wformat-truncation=]
 4935 |             snprintf(message,FLEN_ERRMSG,"Required %s keyword not found (ffainit).", name);
      |                                                    ^~                                ~~~~
In function ‘snprintf’,
    inlined from ‘ffainit’ at /mnt/f/Astro dev/Astro CS Normalization Database/lib/astro_image_io/third_party/cfitsio/fitscore.c:4935:13:
/usr/include/x86_64-linux-gnu/bits/stdio2.h:68:10: note: ‘__builtin___snprintf_chk’ output between 39 and 113 bytes into a destination of size 81
   68 |   return __builtin___snprintf_chk (__s, __n, __USE_FORTIFY_LEVEL - 1,
      |          ^~~~~~~~~~~~~~~~~~~~~~~~~~~~~~~~~~~~~~~~~~~~~~~~~~~~~~~~~~~~
   69 |                                    __glibc_objsize (__s), __fmt,
      |                                    ~~~~~~~~~~~~~~~~~~~~~~~~~~~~~
   70 |                                    __va_arg_pack ());
      |                                    ~~~~~~~~~~~~~~~~~
/mnt/f/Astro dev/Astro CS Normalization Database/lib/astro_image_io/third_party/cfitsio/fitscore.c: In function ‘ffcmph’:
/mnt/f/Astro dev/Astro CS Normalization Database/lib/astro_image_io/third_party/cfitsio/fitscore.c:6272:69: warning: ‘ blocks.’ directive output may be truncated writing 8 bytes into a region of size between 7 and 23 [-Wformat-truncation=]
 6272 |        "Failed to extend the size of the variable length heap by %ld blocks.",
      |                                                                     ^~~~~~~~
In function ‘snprintf’,
    inlined from ‘ffcmph’ at /mnt/f/Astro dev/Astro CS Normalization Database/lib/astro_image_io/third_party/cfitsio/fitscore.c:6271:19:
/usr/include/x86_64-linux-gnu/bits/stdio2.h:68:10: note: ‘__builtin___snprintf_chk’ output between 67 and 83 bytes into a destination of size 81
   68 |   return __builtin___snprintf_chk (__s, __n, __USE_FORTIFY_LEVEL - 1,
      |          ^~~~~~~~~~~~~~~~~~~~~~~~~~~~~~~~~~~~~~~~~~~~~~~~~~~~~~~~~~~~
   69 |                                    __glibc_objsize (__s), __fmt,
      |                                    ~~~~~~~~~~~~~~~~~~~~~~~~~~~~~
   70 |                                    __va_arg_pack ());
      |                                    ~~~~~~~~~~~~~~~~~
/mnt/f/Astro dev/Astro CS Normalization Database/lib/astro_image_io/third_party/cfitsio/fitscore.c: In function ‘ffgcprll’:
/mnt/f/Astro dev/Astro CS Normalization Database/lib/astro_image_io/third_party/cfitsio/fitscore.c:6010:69: warning: ‘ blocks.’ directive output may be truncated writing 8 bytes into a region of size between 7 and 23 [-Wformat-truncation=]
 6010 |        "Failed to extend the size of the variable length heap by %ld blocks.",
      |                                                                     ^~~~~~~~
In function ‘snprintf’,
    inlined from ‘ffgcprll’ at /mnt/f/Astro dev/Astro CS Normalization Database/lib/astro_image_io/third_party/cfitsio/fitscore.c:6009:19:
/usr/include/x86_64-linux-gnu/bits/stdio2.h:68:10: note: ‘__builtin___snprintf_chk’ output between 67 and 83 bytes into a destination of size 81
   68 |   return __builtin___snprintf_chk (__s, __n, __USE_FORTIFY_LEVEL - 1,
      |          ^~~~~~~~~~~~~~~~~~~~~~~~~~~~~~~~~~~~~~~~~~~~~~~~~~~~~~~~~~~~
   69 |                                    __glibc_objsize (__s), __fmt,
      |                                    ~~~~~~~~~~~~~~~~~~~~~~~~~~~~~
   70 |                                    __va_arg_pack ());
      |                                    ~~~~~~~~~~~~~~~~~
/mnt/f/Astro dev/Astro CS Normalization Database/lib/astro_image_io/third_party/cfitsio/getcoluj.c: In function ‘fffi8u4’:
/mnt/f/Astro dev/Astro CS Normalization Database/lib/astro_image_io/third_party/cfitsio/getcoluj.c:1331:36: warning: comparison of integer expressions of different signedness: ‘LONGLONG’ {aka ‘long long int’} and ‘long unsigned int’ [-Wsign-compare]
 1331 |                 else if (input[ii] > ULONG_MAX)
      |                                    ^
/mnt/f/Astro dev/Astro CS Normalization Database/lib/astro_image_io/third_party/cfitsio/getcoluj.c:1414:40: warning: comparison of integer expressions of different signedness: ‘LONGLONG’ {aka ‘long long int’} and ‘long unsigned int’ [-Wsign-compare]
 1414 |                     else if (input[ii] > ULONG_MAX)
      |                                        ^
/mnt/f/Astro dev/Astro CS Normalization Database/lib/astro_image_io/third_party/cfitsio/getcoluj.c: In function ‘ffgclujj’:
/mnt/f/Astro dev/Astro CS Normalization Database/lib/astro_image_io/third_party/cfitsio/getcoluj.c:2627:9: warning: variable ‘convert’ set but not used [-Wunused-but-set-variable]
 2627 |     int convert, nulcheck, readcheck = 0;
      |         ^~~~~~~
/mnt/f/Astro dev/Astro CS Normalization Database/lib/astro_image_io/third_party/cfitsio/getkey.c: In function ‘ffgsky’:
/mnt/f/Astro dev/Astro CS Normalization Database/lib/astro_image_io/third_party/cfitsio/getkey.c:1100:23: warning: comparison of integer expressions of different signedness: ‘int’ and ‘size_t’ {aka ‘long unsigned int’} [-Wsign-compare]
 1100 |         if (firstchar <= len)
      |                       ^~
/mnt/f/Astro dev/Astro CS Normalization Database/lib/astro_image_io/third_party/cfitsio/getkey.c: In function ‘ffglkut’:
/mnt/f/Astro dev/Astro CS Normalization Database/lib/astro_image_io/third_party/cfitsio/getkey.c:1280:25: warning: comparison of integer expressions of different signedness: ‘int’ and ‘size_t’ {aka ‘long unsigned int’} [-Wsign-compare]
 1280 |           if (firstchar <= len)
      |                         ^~
/mnt/f/Astro dev/Astro CS Normalization Database/lib/astro_image_io/third_party/cfitsio/getkey.c: In function ‘ffgcnt’:
/mnt/f/Astro dev/Astro CS Normalization Database/lib/astro_image_io/third_party/cfitsio/getkey.c:1340:9: warning: ‘__builtin_strncpy’ output truncated copying 10 bytes from a string of length 11 [-Wstringop-truncation]
 1340 |         strncpy(card, "D2345678=  ", 10); /* overwrite a dummy keyword name */
      |         ^
/mnt/f/Astro dev/Astro CS Normalization Database/lib/astro_image_io/third_party/cfitsio/getkey.c: In function ‘ffgtkn’:
/mnt/f/Astro dev/Astro CS Normalization Database/lib/astro_image_io/third_party/cfitsio/getkey.c:3464:31: warning: ‘%s’ directive output may be truncated writing up to 74 bytes into a region of size 66 [-Wformat-truncation=]
 3464 |               " found keyword %s with value %s", keyname, valuestring);
      |                               ^~                 ~~~~~~~
In file included from /usr/include/stdio.h:974,
                 from /mnt/f/Astro dev/Astro CS Normalization Database/lib/astro_image_io/third_party/cfitsio/fitsio.h:64,
                 from /mnt/f/Astro dev/Astro CS Normalization Database/lib/astro_image_io/third_party/cfitsio/fitsio2.h:4,
                 from /mnt/f/Astro dev/Astro CS Normalization Database/lib/astro_image_io/third_party/cfitsio/getkey.c:14:
In function ‘snprintf’,
    inlined from ‘ffgtkn’ at /mnt/f/Astro dev/Astro CS Normalization Database/lib/astro_image_io/third_party/cfitsio/getkey.c:3463:13:
/usr/include/x86_64-linux-gnu/bits/stdio2.h:68:10: note: ‘__builtin___snprintf_chk’ output between 28 and 172 bytes into a destination of size 81
   68 |   return __builtin___snprintf_chk (__s, __n, __USE_FORTIFY_LEVEL - 1,
      |          ^~~~~~~~~~~~~~~~~~~~~~~~~~~~~~~~~~~~~~~~~~~~~~~~~~~~~~~~~~~~
   69 |                                    __glibc_objsize (__s), __fmt,
      |                                    ~~~~~~~~~~~~~~~~~~~~~~~~~~~~~
   70 |                                    __va_arg_pack ());
      |                                    ~~~~~~~~~~~~~~~~~
/mnt/f/Astro dev/Astro CS Normalization Database/lib/astro_image_io/third_party/cfitsio/getkey.c: In function ‘ffgtknjj’:
/mnt/f/Astro dev/Astro CS Normalization Database/lib/astro_image_io/third_party/cfitsio/getkey.c:3518:31: warning: ‘%s’ directive output may be truncated writing up to 74 bytes into a region of size 66 [-Wformat-truncation=]
 3518 |               " found keyword %s with value %s", keyname, valuestring);
      |                               ^~                 ~~~~~~~
In function ‘snprintf’,
    inlined from ‘ffgtknjj’ at /mnt/f/Astro dev/Astro CS Normalization Database/lib/astro_image_io/third_party/cfitsio/getkey.c:3517:13:
/usr/include/x86_64-linux-gnu/bits/stdio2.h:68:10: note: ‘__builtin___snprintf_chk’ output between 28 and 172 bytes into a destination of size 81
   68 |   return __builtin___snprintf_chk (__s, __n, __USE_FORTIFY_LEVEL - 1,
      |          ^~~~~~~~~~~~~~~~~~~~~~~~~~~~~~~~~~~~~~~~~~~~~~~~~~~~~~~~~~~~
   69 |                                    __glibc_objsize (__s), __fmt,
      |                                    ~~~~~~~~~~~~~~~~~~~~~~~~~~~~~
   70 |                                    __va_arg_pack ());
      |                                    ~~~~~~~~~~~~~~~~~
/mnt/f/Astro dev/Astro CS Normalization Database/lib/astro_image_io/third_party/cfitsio/getkey.c: In function ‘ffgphd’:
/mnt/f/Astro dev/Astro CS Normalization Database/lib/astro_image_io/third_party/cfitsio/getkey.c:3061:62: warning: ‘%s’ directive output may be truncated writing up to 74 bytes into a region of size 33 [-Wformat-truncation=]
 3061 |             "First keyword of the extension is not XTENSION: %s", name);
      |                                                              ^~   ~~~~
In function ‘snprintf’,
    inlined from ‘ffgphd’ at /mnt/f/Astro dev/Astro CS Normalization Database/lib/astro_image_io/third_party/cfitsio/getkey.c:3060:13:
/usr/include/x86_64-linux-gnu/bits/stdio2.h:68:10: note: ‘__builtin___snprintf_chk’ output between 49 and 123 bytes into a destination of size 81
   68 |   return __builtin___snprintf_chk (__s, __n, __USE_FORTIFY_LEVEL - 1,
      |          ^~~~~~~~~~~~~~~~~~~~~~~~~~~~~~~~~~~~~~~~~~~~~~~~~~~~~~~~~~~~
   69 |                                    __glibc_objsize (__s), __fmt,
      |                                    ~~~~~~~~~~~~~~~~~~~~~~~~~~~~~
   70 |                                    __va_arg_pack ());
      |                                    ~~~~~~~~~~~~~~~~~
/mnt/f/Astro dev/Astro CS Normalization Database/lib/astro_image_io/third_party/cfitsio/getkey.c: In function ‘ffgphd’:
/mnt/f/Astro dev/Astro CS Normalization Database/lib/astro_image_io/third_party/cfitsio/getkey.c:3053:53: warning: ‘%s’ directive output may be truncated writing up to 70 bytes into a region of size 49 [-Wformat-truncation=]
 3053 |                    "This is not an IMAGE extension: %s", value);
      |                                                     ^~   ~~~~~
In function ‘snprintf’,
    inlined from ‘ffgphd’ at /mnt/f/Astro dev/Astro CS Normalization Database/lib/astro_image_io/third_party/cfitsio/getkey.c:3052:17:
/usr/include/x86_64-linux-gnu/bits/stdio2.h:68:10: note: ‘__builtin___snprintf_chk’ output between 33 and 103 bytes into a destination of size 81
   68 |   return __builtin___snprintf_chk (__s, __n, __USE_FORTIFY_LEVEL - 1,
      |          ^~~~~~~~~~~~~~~~~~~~~~~~~~~~~~~~~~~~~~~~~~~~~~~~~~~~~~~~~~~~
   69 |                                    __glibc_objsize (__s), __fmt,
      |                                    ~~~~~~~~~~~~~~~~~~~~~~~~~~~~~
   70 |                                    __va_arg_pack ());
      |                                    ~~~~~~~~~~~~~~~~~
/mnt/f/Astro dev/Astro CS Normalization Database/lib/astro_image_io/third_party/cfitsio/getkey.c: In function ‘ffgphd’:
/mnt/f/Astro dev/Astro CS Normalization Database/lib/astro_image_io/third_party/cfitsio/getkey.c:3027:62: warning: ‘%s’ directive output may be truncated writing up to 74 bytes into a region of size 40 [-Wformat-truncation=]
 3027 |                    "First keyword of the file is not SIMPLE: %s", name);
      |                                                              ^~   ~~~~
In function ‘snprintf’,
    inlined from ‘ffgphd’ at /mnt/f/Astro dev/Astro CS Normalization Database/lib/astro_image_io/third_party/cfitsio/getkey.c:3026:13:
/usr/include/x86_64-linux-gnu/bits/stdio2.h:68:10: note: ‘__builtin___snprintf_chk’ output between 42 and 116 bytes into a destination of size 81
   68 |   return __builtin___snprintf_chk (__s, __n, __USE_FORTIFY_LEVEL - 1,
      |          ^~~~~~~~~~~~~~~~~~~~~~~~~~~~~~~~~~~~~~~~~~~~~~~~~~~~~~~~~~~~
   69 |                                    __glibc_objsize (__s), __fmt,
      |                                    ~~~~~~~~~~~~~~~~~~~~~~~~~~~~~
   70 |                                    __va_arg_pack ());
      |                                    ~~~~~~~~~~~~~~~~~
/mnt/f/Astro dev/Astro CS Normalization Database/lib/astro_image_io/third_party/cfitsio/getkey.c: In function ‘ffgphd’:
/mnt/f/Astro dev/Astro CS Normalization Database/lib/astro_image_io/third_party/cfitsio/getkey.c:3136:48: warning: ‘%s’ directive output may be truncated writing up to 70 bytes into a region of size 47 [-Wformat-truncation=]
 3136 |             "Illegal value for BITPIX keyword: %s", value);
      |                                                ^~   ~~~~~
In function ‘snprintf’,
    inlined from ‘ffgphd’ at /mnt/f/Astro dev/Astro CS Normalization Database/lib/astro_image_io/third_party/cfitsio/getkey.c:3135:13:
/usr/include/x86_64-linux-gnu/bits/stdio2.h:68:10: note: ‘__builtin___snprintf_chk’ output between 35 and 105 bytes into a destination of size 81
   68 |   return __builtin___snprintf_chk (__s, __n, __USE_FORTIFY_LEVEL - 1,
      |          ^~~~~~~~~~~~~~~~~~~~~~~~~~~~~~~~~~~~~~~~~~~~~~~~~~~~~~~~~~~~
   69 |                                    __glibc_objsize (__s), __fmt,
      |                                    ~~~~~~~~~~~~~~~~~~~~~~~~~~~~~
   70 |                                    __va_arg_pack ());
      |                                    ~~~~~~~~~~~~~~~~~
/mnt/f/Astro dev/Astro CS Normalization Database/lib/astro_image_io/third_party/cfitsio/getkey.c: In function ‘ffgphd’:
/mnt/f/Astro dev/Astro CS Normalization Database/lib/astro_image_io/third_party/cfitsio/getkey.c:3127:57: warning: ‘%s’ directive output may be truncated writing up to 70 bytes into a region of size 38 [-Wformat-truncation=]
 3127 |             "Value of BITPIX keyword is not an integer: %s", value);
      |                                                         ^~   ~~~~~
In function ‘snprintf’,
    inlined from ‘ffgphd’ at /mnt/f/Astro dev/Astro CS Normalization Database/lib/astro_image_io/third_party/cfitsio/getkey.c:3126:13:
/usr/include/x86_64-linux-gnu/bits/stdio2.h:68:10: note: ‘__builtin___snprintf_chk’ output between 44 and 114 bytes into a destination of size 81
   68 |   return __builtin___snprintf_chk (__s, __n, __USE_FORTIFY_LEVEL - 1,
      |          ^~~~~~~~~~~~~~~~~~~~~~~~~~~~~~~~~~~~~~~~~~~~~~~~~~~~~~~~~~~~
   69 |                                    __glibc_objsize (__s), __fmt,
      |                                    ~~~~~~~~~~~~~~~~~~~~~~~~~~~~~
   70 |                                    __va_arg_pack ());
      |                                    ~~~~~~~~~~~~~~~~~
/mnt/f/Astro dev/Astro CS Normalization Database/lib/astro_image_io/third_party/cfitsio/getkey.c: In function ‘ffgphd’:
/mnt/f/Astro dev/Astro CS Normalization Database/lib/astro_image_io/third_party/cfitsio/getkey.c:3119:61: warning: ‘%s’ directive output may be truncated writing up to 74 bytes into a region of size 34 [-Wformat-truncation=]
 3119 |             "Second keyword of the extension is not BITPIX: %s", name);
      |                                                             ^~   ~~~~
In function ‘snprintf’,
    inlined from ‘ffgphd’ at /mnt/f/Astro dev/Astro CS Normalization Database/lib/astro_image_io/third_party/cfitsio/getkey.c:3118:13:
/usr/include/x86_64-linux-gnu/bits/stdio2.h:68:10: note: ‘__builtin___snprintf_chk’ output between 48 and 122 bytes into a destination of size 81
   68 |   return __builtin___snprintf_chk (__s, __n, __USE_FORTIFY_LEVEL - 1,
      |          ^~~~~~~~~~~~~~~~~~~~~~~~~~~~~~~~~~~~~~~~~~~~~~~~~~~~~~~~~~~~
   69 |                                    __glibc_objsize (__s), __fmt,
      |                                    ~~~~~~~~~~~~~~~~~~~~~~~~~~~~~
   70 |                                    __va_arg_pack ());
      |                                    ~~~~~~~~~~~~~~~~~
/mnt/f/Astro dev/Astro CS Normalization Database/lib/astro_image_io/third_party/cfitsio/getkey.c: In function ‘ffgphd’:
/mnt/f/Astro dev/Astro CS Normalization Database/lib/astro_image_io/third_party/cfitsio/getkey.c:3227:70: warning: ‘%s’ directive output may be truncated writing up to 74 bytes into a region of size between 18 and 28 [-Wformat-truncation=]
 3227 |               "Name of keyword no. %d contains illegal character(s): %s",
      |                                                                      ^~
 3228 |               nextkey, name);
      |                        ~~~~                                           
In function ‘snprintf’,
    inlined from ‘ffgphd’ at /mnt/f/Astro dev/Astro CS Normalization Database/lib/astro_image_io/third_party/cfitsio/getkey.c:3226:11:
/usr/include/x86_64-linux-gnu/bits/stdio2.h:68:10: note: ‘__builtin___snprintf_chk’ output between 54 and 138 bytes into a destination of size 81
   68 |   return __builtin___snprintf_chk (__s, __n, __USE_FORTIFY_LEVEL - 1,
      |          ^~~~~~~~~~~~~~~~~~~~~~~~~~~~~~~~~~~~~~~~~~~~~~~~~~~~~~~~~~~~
   69 |                                    __glibc_objsize (__s), __fmt,
      |                                    ~~~~~~~~~~~~~~~~~~~~~~~~~~~~~
   70 |                                    __va_arg_pack ());
      |                                    ~~~~~~~~~~~~~~~~~
/mnt/f/Astro dev/Astro CS Normalization Database/lib/astro_image_io/third_party/cfitsio/getkey.c: In function ‘ffgphd’:
/mnt/f/Astro dev/Astro CS Normalization Database/lib/astro_image_io/third_party/cfitsio/getkey.c:3324:67: warning: ‘%s’ directive output may be truncated writing up to 70 bytes into a region of size 32 [-Wformat-truncation=]
 3324 |                 "Error reading EXTEND keyword value as a logical: %s", value);
      |                                                                   ^~   ~~~~~
In function ‘snprintf’,
    inlined from ‘ffgphd’ at /mnt/f/Astro dev/Astro CS Normalization Database/lib/astro_image_io/third_party/cfitsio/getkey.c:3323:17:
/usr/include/x86_64-linux-gnu/bits/stdio2.h:68:10: note: ‘__builtin___snprintf_chk’ output between 50 and 120 bytes into a destination of size 81
   68 |   return __builtin___snprintf_chk (__s, __n, __USE_FORTIFY_LEVEL - 1,
      |          ^~~~~~~~~~~~~~~~~~~~~~~~~~~~~~~~~~~~~~~~~~~~~~~~~~~~~~~~~~~~
   69 |                                    __glibc_objsize (__s), __fmt,
      |                                    ~~~~~~~~~~~~~~~~~~~~~~~~~~~~~
   70 |                                    __va_arg_pack ());
      |                                    ~~~~~~~~~~~~~~~~~
/mnt/f/Astro dev/Astro CS Normalization Database/lib/astro_image_io/third_party/cfitsio/getkey.c: In function ‘ffgphd’:
/mnt/f/Astro dev/Astro CS Normalization Database/lib/astro_image_io/third_party/cfitsio/getkey.c:3307:68: warning: ‘%s’ directive output may be truncated writing up to 70 bytes into a region of size 31 [-Wformat-truncation=]
 3307 |                 "Error reading GCOUNT keyword value as an integer: %s", value);
      |                                                                    ^~   ~~~~~
In function ‘snprintf’,
    inlined from ‘ffgphd’ at /mnt/f/Astro dev/Astro CS Normalization Database/lib/astro_image_io/third_party/cfitsio/getkey.c:3306:17:
/usr/include/x86_64-linux-gnu/bits/stdio2.h:68:10: note: ‘__builtin___snprintf_chk’ output between 51 and 121 bytes into a destination of size 81
   68 |   return __builtin___snprintf_chk (__s, __n, __USE_FORTIFY_LEVEL - 1,
      |          ^~~~~~~~~~~~~~~~~~~~~~~~~~~~~~~~~~~~~~~~~~~~~~~~~~~~~~~~~~~~
   69 |                                    __glibc_objsize (__s), __fmt,
      |                                    ~~~~~~~~~~~~~~~~~~~~~~~~~~~~~
   70 |                                    __va_arg_pack ());
      |                                    ~~~~~~~~~~~~~~~~~
/mnt/f/Astro dev/Astro CS Normalization Database/lib/astro_image_io/third_party/cfitsio/getkey.c: In function ‘ffgphd’:
/mnt/f/Astro dev/Astro CS Normalization Database/lib/astro_image_io/third_party/cfitsio/getkey.c:3294:68: warning: ‘%s’ directive output may be truncated writing up to 70 bytes into a region of size 31 [-Wformat-truncation=]
 3294 |                 "Error reading PCOUNT keyword value as an integer: %s", value);
      |                                                                    ^~   ~~~~~
In function ‘snprintf’,
    inlined from ‘ffgphd’ at /mnt/f/Astro dev/Astro CS Normalization Database/lib/astro_image_io/third_party/cfitsio/getkey.c:3293:17:
/usr/include/x86_64-linux-gnu/bits/stdio2.h:68:10: note: ‘__builtin___snprintf_chk’ output between 51 and 121 bytes into a destination of size 81
   68 |   return __builtin___snprintf_chk (__s, __n, __USE_FORTIFY_LEVEL - 1,
      |          ^~~~~~~~~~~~~~~~~~~~~~~~~~~~~~~~~~~~~~~~~~~~~~~~~~~~~~~~~~~~
   69 |                                    __glibc_objsize (__s), __fmt,
      |                                    ~~~~~~~~~~~~~~~~~~~~~~~~~~~~~
   70 |                                    __va_arg_pack ());
      |                                    ~~~~~~~~~~~~~~~~~
/mnt/f/Astro dev/Astro CS Normalization Database/lib/astro_image_io/third_party/cfitsio/getkey.c: In function ‘ffgphd’:
/mnt/f/Astro dev/Astro CS Normalization Database/lib/astro_image_io/third_party/cfitsio/getkey.c:3281:67: warning: ‘%s’ directive output may be truncated writing up to 70 bytes into a region of size 32 [-Wformat-truncation=]
 3281 |                 "Error reading BLANK keyword value as an integer: %s", value);
      |                                                                   ^~   ~~~~~
In function ‘snprintf’,
    inlined from ‘ffgphd’ at /mnt/f/Astro dev/Astro CS Normalization Database/lib/astro_image_io/third_party/cfitsio/getkey.c:3280:17:
/usr/include/x86_64-linux-gnu/bits/stdio2.h:68:10: note: ‘__builtin___snprintf_chk’ output between 50 and 120 bytes into a destination of size 81
   68 |   return __builtin___snprintf_chk (__s, __n, __USE_FORTIFY_LEVEL - 1,
      |          ^~~~~~~~~~~~~~~~~~~~~~~~~~~~~~~~~~~~~~~~~~~~~~~~~~~~~~~~~~~~
   69 |                                    __glibc_objsize (__s), __fmt,
      |                                    ~~~~~~~~~~~~~~~~~~~~~~~~~~~~~
   70 |                                    __va_arg_pack ());
      |                                    ~~~~~~~~~~~~~~~~~
/mnt/f/Astro dev/Astro CS Normalization Database/lib/astro_image_io/third_party/cfitsio/getkey.c: In function ‘ffgphd’:
/mnt/f/Astro dev/Astro CS Normalization Database/lib/astro_image_io/third_party/cfitsio/getkey.c:3264:65: warning: ‘%s’ directive output may be truncated writing up to 70 bytes into a region of size 34 [-Wformat-truncation=]
 3264 |                 "Error reading BZERO keyword value as a double: %s", value);
      |                                                                 ^~   ~~~~~
In function ‘snprintf’,
    inlined from ‘ffgphd’ at /mnt/f/Astro dev/Astro CS Normalization Database/lib/astro_image_io/third_party/cfitsio/getkey.c:3263:17:
/usr/include/x86_64-linux-gnu/bits/stdio2.h:68:10: note: ‘__builtin___snprintf_chk’ output between 48 and 118 bytes into a destination of size 81
   68 |   return __builtin___snprintf_chk (__s, __n, __USE_FORTIFY_LEVEL - 1,
      |          ^~~~~~~~~~~~~~~~~~~~~~~~~~~~~~~~~~~~~~~~~~~~~~~~~~~~~~~~~~~~
   69 |                                    __glibc_objsize (__s), __fmt,
      |                                    ~~~~~~~~~~~~~~~~~~~~~~~~~~~~~
   70 |                                    __va_arg_pack ());
      |                                    ~~~~~~~~~~~~~~~~~
/mnt/f/Astro dev/Astro CS Normalization Database/lib/astro_image_io/third_party/cfitsio/getkey.c: In function ‘ffgphd’:
/mnt/f/Astro dev/Astro CS Normalization Database/lib/astro_image_io/third_party/cfitsio/getkey.c:3247:66: warning: ‘%s’ directive output may be truncated writing up to 70 bytes into a region of size 33 [-Wformat-truncation=]
 3247 |                 "Error reading BSCALE keyword value as a double: %s", value);
      |                                                                  ^~   ~~~~~
In function ‘snprintf’,
    inlined from ‘ffgphd’ at /mnt/f/Astro dev/Astro CS Normalization Database/lib/astro_image_io/third_party/cfitsio/getkey.c:3246:17:
/usr/include/x86_64-linux-gnu/bits/stdio2.h:68:10: note: ‘__builtin___snprintf_chk’ output between 49 and 119 bytes into a destination of size 81
   68 |   return __builtin___snprintf_chk (__s, __n, __USE_FORTIFY_LEVEL - 1,
      |          ^~~~~~~~~~~~~~~~~~~~~~~~~~~~~~~~~~~~~~~~~~~~~~~~~~~~~~~~~~~~
   69 |                                    __glibc_objsize (__s), __fmt,
      |                                    ~~~~~~~~~~~~~~~~~~~~~~~~~~~~~
   70 |                                    __va_arg_pack ());
      |                                    ~~~~~~~~~~~~~~~~~
/mnt/f/Astro dev/Astro CS Normalization Database/lib/astro_image_io/third_party/cfitsio/getkey.c: In function ‘fftkyn’:
/mnt/f/Astro dev/Astro CS Normalization Database/lib/astro_image_io/third_party/cfitsio/getkey.c:3566:27: warning: ‘%s’ directive output may be truncated writing up to 74 bytes into a region of size 66 [-Wformat-truncation=]
 3566 |           " found keyword %s with value %s", keyname, valuestring);
      |                           ^~                 ~~~~~~~
In function ‘snprintf’,
    inlined from ‘fftkyn’ at /mnt/f/Astro dev/Astro CS Normalization Database/lib/astro_image_io/third_party/cfitsio/getkey.c:3565:9:
/usr/include/x86_64-linux-gnu/bits/stdio2.h:68:10: note: ‘__builtin___snprintf_chk’ output between 28 and 172 bytes into a destination of size 81
   68 |   return __builtin___snprintf_chk (__s, __n, __USE_FORTIFY_LEVEL - 1,
      |          ^~~~~~~~~~~~~~~~~~~~~~~~~~~~~~~~~~~~~~~~~~~~~~~~~~~~~~~~~~~~
   69 |                                    __glibc_objsize (__s), __fmt,
      |                                    ~~~~~~~~~~~~~~~~~~~~~~~~~~~~~
   70 |                                    __va_arg_pack ());
      |                                    ~~~~~~~~~~~~~~~~~
/mnt/f/Astro dev/Astro CS Normalization Database/lib/astro_image_io/third_party/cfitsio/getkey.c: In function ‘ffghtb’:
/mnt/f/Astro dev/Astro CS Normalization Database/lib/astro_image_io/third_party/cfitsio/getkey.c:2488:58: warning: ‘%s’ directive output may be truncated writing up to 74 bytes into a region of size 33 [-Wformat-truncation=]
 2488 |         "First keyword of the extension is not XTENSION: %s", name);
      |                                                          ^~   ~~~~
In function ‘snprintf’,
    inlined from ‘ffghtb’ at /mnt/f/Astro dev/Astro CS Normalization Database/lib/astro_image_io/third_party/cfitsio/getkey.c:2487:9:
/usr/include/x86_64-linux-gnu/bits/stdio2.h:68:10: note: ‘__builtin___snprintf_chk’ output between 49 and 123 bytes into a destination of size 81
   68 |   return __builtin___snprintf_chk (__s, __n, __USE_FORTIFY_LEVEL - 1,
      |          ^~~~~~~~~~~~~~~~~~~~~~~~~~~~~~~~~~~~~~~~~~~~~~~~~~~~~~~~~~~~
   69 |                                    __glibc_objsize (__s), __fmt,
      |                                    ~~~~~~~~~~~~~~~~~~~~~~~~~~~~~
   70 |                                    __va_arg_pack ());
      |                                    ~~~~~~~~~~~~~~~~~
/mnt/f/Astro dev/Astro CS Normalization Database/lib/astro_image_io/third_party/cfitsio/getkey.c: In function ‘ffghtb’:
/mnt/f/Astro dev/Astro CS Normalization Database/lib/astro_image_io/third_party/cfitsio/getkey.c:2479:49: warning: ‘%s’ directive output may be truncated writing up to 70 bytes into a region of size 50 [-Wformat-truncation=]
 2479 |                 "This is not a TABLE extension: %s", value);
      |                                                 ^~   ~~~~~
In function ‘snprintf’,
    inlined from ‘ffghtb’ at /mnt/f/Astro dev/Astro CS Normalization Database/lib/astro_image_io/third_party/cfitsio/getkey.c:2478:17:
/usr/include/x86_64-linux-gnu/bits/stdio2.h:68:10: note: ‘__builtin___snprintf_chk’ output between 32 and 102 bytes into a destination of size 81
   68 |   return __builtin___snprintf_chk (__s, __n, __USE_FORTIFY_LEVEL - 1,
      |          ^~~~~~~~~~~~~~~~~~~~~~~~~~~~~~~~~~~~~~~~~~~~~~~~~~~~~~~~~~~~
   69 |                                    __glibc_objsize (__s), __fmt,
      |                                    ~~~~~~~~~~~~~~~~~~~~~~~~~~~~~
   70 |                                    __va_arg_pack ());
      |                                    ~~~~~~~~~~~~~~~~~
/mnt/f/Astro dev/Astro CS Normalization Database/lib/astro_image_io/third_party/cfitsio/getkey.c: In function ‘ffghtbll’:
/mnt/f/Astro dev/Astro CS Normalization Database/lib/astro_image_io/third_party/cfitsio/getkey.c:2631:58: warning: ‘%s’ directive output may be truncated writing up to 74 bytes into a region of size 33 [-Wformat-truncation=]
 2631 |         "First keyword of the extension is not XTENSION: %s", name);
      |                                                          ^~   ~~~~
In function ‘snprintf’,
    inlined from ‘ffghtbll’ at /mnt/f/Astro dev/Astro CS Normalization Database/lib/astro_image_io/third_party/cfitsio/getkey.c:2630:9:
/usr/include/x86_64-linux-gnu/bits/stdio2.h:68:10: note: ‘__builtin___snprintf_chk’ output between 49 and 123 bytes into a destination of size 81
   68 |   return __builtin___snprintf_chk (__s, __n, __USE_FORTIFY_LEVEL - 1,
      |          ^~~~~~~~~~~~~~~~~~~~~~~~~~~~~~~~~~~~~~~~~~~~~~~~~~~~~~~~~~~~
   69 |                                    __glibc_objsize (__s), __fmt,
      |                                    ~~~~~~~~~~~~~~~~~~~~~~~~~~~~~
   70 |                                    __va_arg_pack ());
      |                                    ~~~~~~~~~~~~~~~~~
/mnt/f/Astro dev/Astro CS Normalization Database/lib/astro_image_io/third_party/cfitsio/getkey.c: In function ‘ffghtbll’:
/mnt/f/Astro dev/Astro CS Normalization Database/lib/astro_image_io/third_party/cfitsio/getkey.c:2622:49: warning: ‘%s’ directive output may be truncated writing up to 70 bytes into a region of size 50 [-Wformat-truncation=]
 2622 |                 "This is not a TABLE extension: %s", value);
      |                                                 ^~   ~~~~~
In function ‘snprintf’,
    inlined from ‘ffghtbll’ at /mnt/f/Astro dev/Astro CS Normalization Database/lib/astro_image_io/third_party/cfitsio/getkey.c:2621:17:
/usr/include/x86_64-linux-gnu/bits/stdio2.h:68:10: note: ‘__builtin___snprintf_chk’ output between 32 and 102 bytes into a destination of size 81
   68 |   return __builtin___snprintf_chk (__s, __n, __USE_FORTIFY_LEVEL - 1,
      |          ^~~~~~~~~~~~~~~~~~~~~~~~~~~~~~~~~~~~~~~~~~~~~~~~~~~~~~~~~~~~
   69 |                                    __glibc_objsize (__s), __fmt,
      |                                    ~~~~~~~~~~~~~~~~~~~~~~~~~~~~~
   70 |                                    __va_arg_pack ());
      |                                    ~~~~~~~~~~~~~~~~~
/mnt/f/Astro dev/Astro CS Normalization Database/lib/astro_image_io/third_party/cfitsio/getkey.c: In function ‘ffghbn’:
/mnt/f/Astro dev/Astro CS Normalization Database/lib/astro_image_io/third_party/cfitsio/getkey.c:2776:58: warning: ‘%s’ directive output may be truncated writing up to 74 bytes into a region of size 33 [-Wformat-truncation=]
 2776 |         "First keyword of the extension is not XTENSION: %s", name);
      |                                                          ^~   ~~~~
In function ‘snprintf’,
    inlined from ‘ffghbn’ at /mnt/f/Astro dev/Astro CS Normalization Database/lib/astro_image_io/third_party/cfitsio/getkey.c:2775:9:
/usr/include/x86_64-linux-gnu/bits/stdio2.h:68:10: note: ‘__builtin___snprintf_chk’ output between 49 and 123 bytes into a destination of size 81
   68 |   return __builtin___snprintf_chk (__s, __n, __USE_FORTIFY_LEVEL - 1,
      |          ^~~~~~~~~~~~~~~~~~~~~~~~~~~~~~~~~~~~~~~~~~~~~~~~~~~~~~~~~~~~
   69 |                                    __glibc_objsize (__s), __fmt,
      |                                    ~~~~~~~~~~~~~~~~~~~~~~~~~~~~~
   70 |                                    __va_arg_pack ());
      |                                    ~~~~~~~~~~~~~~~~~
/mnt/f/Astro dev/Astro CS Normalization Database/lib/astro_image_io/third_party/cfitsio/getkey.c: In function ‘ffghbn’:
/mnt/f/Astro dev/Astro CS Normalization Database/lib/astro_image_io/third_party/cfitsio/getkey.c:2767:52: warning: ‘%s’ directive output may be truncated writing up to 70 bytes into a region of size 47 [-Wformat-truncation=]
 2767 |                 "This is not a BINTABLE extension: %s", value);
      |                                                    ^~   ~~~~~
In function ‘snprintf’,
    inlined from ‘ffghbn’ at /mnt/f/Astro dev/Astro CS Normalization Database/lib/astro_image_io/third_party/cfitsio/getkey.c:2766:17:
/usr/include/x86_64-linux-gnu/bits/stdio2.h:68:10: note: ‘__builtin___snprintf_chk’ output between 35 and 105 bytes into a destination of size 81
   68 |   return __builtin___snprintf_chk (__s, __n, __USE_FORTIFY_LEVEL - 1,
      |          ^~~~~~~~~~~~~~~~~~~~~~~~~~~~~~~~~~~~~~~~~~~~~~~~~~~~~~~~~~~~
   69 |                                    __glibc_objsize (__s), __fmt,
      |                                    ~~~~~~~~~~~~~~~~~~~~~~~~~~~~~
   70 |                                    __va_arg_pack ());
      |                                    ~~~~~~~~~~~~~~~~~
/mnt/f/Astro dev/Astro CS Normalization Database/lib/astro_image_io/third_party/cfitsio/getkey.c: In function ‘ffghbnll’:
/mnt/f/Astro dev/Astro CS Normalization Database/lib/astro_image_io/third_party/cfitsio/getkey.c:2899:58: warning: ‘%s’ directive output may be truncated writing up to 74 bytes into a region of size 33 [-Wformat-truncation=]
 2899 |         "First keyword of the extension is not XTENSION: %s", name);
      |                                                          ^~   ~~~~
In function ‘snprintf’,
    inlined from ‘ffghbnll’ at /mnt/f/Astro dev/Astro CS Normalization Database/lib/astro_image_io/third_party/cfitsio/getkey.c:2898:9:
/usr/include/x86_64-linux-gnu/bits/stdio2.h:68:10: note: ‘__builtin___snprintf_chk’ output between 49 and 123 bytes into a destination of size 81
   68 |   return __builtin___snprintf_chk (__s, __n, __USE_FORTIFY_LEVEL - 1,
      |          ^~~~~~~~~~~~~~~~~~~~~~~~~~~~~~~~~~~~~~~~~~~~~~~~~~~~~~~~~~~~
   69 |                                    __glibc_objsize (__s), __fmt,
      |                                    ~~~~~~~~~~~~~~~~~~~~~~~~~~~~~
   70 |                                    __va_arg_pack ());
      |                                    ~~~~~~~~~~~~~~~~~
/mnt/f/Astro dev/Astro CS Normalization Database/lib/astro_image_io/third_party/cfitsio/getkey.c: In function ‘ffghbnll’:
/mnt/f/Astro dev/Astro CS Normalization Database/lib/astro_image_io/third_party/cfitsio/getkey.c:2890:52: warning: ‘%s’ directive output may be truncated writing up to 70 bytes into a region of size 47 [-Wformat-truncation=]
 2890 |                 "This is not a BINTABLE extension: %s", value);
      |                                                    ^~   ~~~~~
In function ‘snprintf’,
    inlined from ‘ffghbnll’ at /mnt/f/Astro dev/Astro CS Normalization Database/lib/astro_image_io/third_party/cfitsio/getkey.c:2889:17:
/usr/include/x86_64-linux-gnu/bits/stdio2.h:68:10: note: ‘__builtin___snprintf_chk’ output between 35 and 105 bytes into a destination of size 81
   68 |   return __builtin___snprintf_chk (__s, __n, __USE_FORTIFY_LEVEL - 1,
      |          ^~~~~~~~~~~~~~~~~~~~~~~~~~~~~~~~~~~~~~~~~~~~~~~~~~~~~~~~~~~~
   69 |                                    __glibc_objsize (__s), __fmt,
      |                                    ~~~~~~~~~~~~~~~~~~~~~~~~~~~~~
   70 |                                    __va_arg_pack ());
      |                                    ~~~~~~~~~~~~~~~~~
/mnt/f/Astro dev/Astro CS Normalization Database/lib/astro_image_io/third_party/cfitsio/group.c: In function ‘ffgtam’:
/mnt/f/Astro dev/Astro CS Normalization Database/lib/astro_image_io/third_party/cfitsio/group.c:1310:7: warning: variable ‘useLocation’ set but not used [-Wunused-but-set-variable]
 1310 |   int useLocation    = 0;
      |       ^~~~~~~~~~~
/mnt/f/Astro dev/Astro CS Normalization Database/lib/astro_image_io/third_party/cfitsio/group.c: In function ‘fits_url2path’:
/mnt/f/Astro dev/Astro CS Normalization Database/lib/astro_image_io/third_party/cfitsio/group.c:5397:7: warning: variable ‘absolute’ set but not used [-Wunused-but-set-variable]
 5397 |   int absolute;
      |       ^~~~~~~~
/mnt/f/Astro dev/Astro CS Normalization Database/lib/astro_image_io/third_party/cfitsio/group.c: In function ‘ffgmop’:
/mnt/f/Astro dev/Astro CS Normalization Database/lib/astro_image_io/third_party/cfitsio/group.c:2291:62: warning: ‘%s’ directive output may be truncated writing up to 70 bytes into a region of size 39 [-Wformat-truncation=]
 2291 |                   "Cannot open member HDU file with URI type %s (ffgmop)",
      |                                                              ^~
 2292 |                           uri);
      |                           ~~~                                 
In file included from /usr/include/stdio.h:974,
                 from /mnt/f/Astro dev/Astro CS Normalization Database/lib/astro_image_io/third_party/cfitsio/fitsio.h:64,
                 from /mnt/f/Astro dev/Astro CS Normalization Database/lib/astro_image_io/third_party/cfitsio/fitsio2.h:4,
                 from /mnt/f/Astro dev/Astro CS Normalization Database/lib/astro_image_io/third_party/cfitsio/group.c:17:
In function ‘snprintf’,
    inlined from ‘ffgmop’ at /mnt/f/Astro dev/Astro CS Normalization Database/lib/astro_image_io/third_party/cfitsio/group.c:2290:5:
/usr/include/x86_64-linux-gnu/bits/stdio2.h:68:10: note: ‘__builtin___snprintf_chk’ output between 52 and 122 bytes into a destination of size 81
   68 |   return __builtin___snprintf_chk (__s, __n, __USE_FORTIFY_LEVEL - 1,
      |          ^~~~~~~~~~~~~~~~~~~~~~~~~~~~~~~~~~~~~~~~~~~~~~~~~~~~~~~~~~~~
   69 |                                    __glibc_objsize (__s), __fmt,
      |                                    ~~~~~~~~~~~~~~~~~~~~~~~~~~~~~
   70 |                                    __va_arg_pack ());
      |                                    ~~~~~~~~~~~~~~~~~
/mnt/f/Astro dev/Astro CS Normalization Database/lib/astro_image_io/third_party/cfitsio/grparser.c: In function ‘ngp_read_xtension’:
/mnt/f/Astro dev/Astro CS Normalization Database/lib/astro_image_io/third_party/cfitsio/grparser.c:987:27: warning: this statement may fall through [-Wimplicit-fallthrough=]
  987 |                         r = ngp_unread_line();  /* WARNING - not break here .... */
      |                         ~~^~~~~~~~~~~~~~~~~~~
/mnt/f/Astro dev/Astro CS Normalization Database/lib/astro_image_io/third_party/cfitsio/grparser.c:988:10: note: here
  988 |          case NGP_TOKEN_EOF:
      |          ^~~~
/mnt/f/Astro dev/Astro CS Normalization Database/lib/astro_image_io/third_party/cfitsio/histo.c: In function ‘fits_calc_binningde’:
/mnt/f/Astro dev/Astro CS Normalization Database/lib/astro_image_io/third_party/cfitsio/histo.c:1805:9: warning: variable ‘ncols’ set but not used [-Wunused-but-set-variable]
 1805 |     int ncols;
      |         ^~~~~
/mnt/f/Astro dev/Astro CS Normalization Database/lib/astro_image_io/third_party/cfitsio/histo.c: In function ‘fits_make_hist’:
/mnt/f/Astro dev/Astro CS Normalization Database/lib/astro_image_io/third_party/cfitsio/histo.c:2506:43: warning: variable ‘weightd’ set but not used [-Wunused-but-set-variable]
 2506 |   double amind[4], amaxd[4], binsized[4], weightd;
      |                                           ^~~~~~~
/mnt/f/Astro dev/Astro CS Normalization Database/lib/astro_image_io/third_party/cfitsio/histo.c: In function ‘ffwritehisto’:
/mnt/f/Astro dev/Astro CS Normalization Database/lib/astro_image_io/third_party/cfitsio/histo.c:3042:23: warning: unused parameter ‘totaln’ [-Wunused-parameter]
 3042 | int ffwritehisto(long totaln, long pixoffset, long firstn, long nvalues,
      |                  ~~~~~^~~~~~
/mnt/f/Astro dev/Astro CS Normalization Database/lib/astro_image_io/third_party/cfitsio/histo.c:3042:36: warning: unused parameter ‘pixoffset’ [-Wunused-parameter]
 3042 | int ffwritehisto(long totaln, long pixoffset, long firstn, long nvalues,
      |                               ~~~~~^~~~~~~~~
/mnt/f/Astro dev/Astro CS Normalization Database/lib/astro_image_io/third_party/cfitsio/histo.c:3042:52: warning: unused parameter ‘firstn’ [-Wunused-parameter]
 3042 | int ffwritehisto(long totaln, long pixoffset, long firstn, long nvalues,
      |                                               ~~~~~^~~~~~
/mnt/f/Astro dev/Astro CS Normalization Database/lib/astro_image_io/third_party/cfitsio/histo.c:3042:65: warning: unused parameter ‘nvalues’ [-Wunused-parameter]
 3042 | int ffwritehisto(long totaln, long pixoffset, long firstn, long nvalues,
      |                                                            ~~~~~^~~~~~~
/mnt/f/Astro dev/Astro CS Normalization Database/lib/astro_image_io/third_party/cfitsio/histo.c:3043:22: warning: unused parameter ‘narrays’ [-Wunused-parameter]
 3043 |                  int narrays, iteratorCol *imagepars, void *userPointer)
      |                  ~~~~^~~~~~~
/mnt/f/Astro dev/Astro CS Normalization Database/lib/astro_image_io/third_party/cfitsio/histo.c: In function ‘ffcalchist’:
/mnt/f/Astro dev/Astro CS Normalization Database/lib/astro_image_io/third_party/cfitsio/histo.c:3118:38: warning: unused variable ‘pv’ [-Wunused-variable]
 3118 |         struct ParseStatusVariables *pv = &(histData->infos[ii].parseVariables);
      |                                      ^~
/mnt/f/Astro dev/Astro CS Normalization Database/lib/astro_image_io/third_party/cfitsio/histo.c:3089:18: warning: unused parameter ‘ncols’ [-Wunused-parameter]
 3089 |              int ncols, iteratorCol *colpars, void *userPointer)
      |              ~~~~^~~~~
/mnt/f/Astro dev/Astro CS Normalization Database/lib/astro_image_io/third_party/cfitsio/histo.c:3089:38: warning: unused parameter ‘colpars’ [-Wunused-parameter]
 3089 |              int ncols, iteratorCol *colpars, void *userPointer)
      |                         ~~~~~~~~~~~~~^~~~~~~
/mnt/f/Astro dev/Astro CS Normalization Database/lib/astro_image_io/third_party/cfitsio/imcompress.c: In function ‘bz_internal_error’:
/mnt/f/Astro dev/Astro CS Normalization Database/lib/astro_image_io/third_party/cfitsio/imcompress.c:231:28: warning: unused parameter ‘errcode’ [-Wunused-parameter]
  231 | void bz_internal_error(int errcode)
      |                        ~~~~^~~~~~~
/mnt/f/Astro dev/Astro CS Normalization Database/lib/astro_image_io/third_party/cfitsio/imcompress.c: In function ‘imcomp_write_nocompress_tile’:
/mnt/f/Astro dev/Astro CS Normalization Database/lib/astro_image_io/third_party/cfitsio/imcompress.c:2236:9: warning: unused parameter ‘nullcheck’ [-Wunused-parameter]
 2236 |     int nullcheck,
      |     ~~~~^~~~~~~~~
/mnt/f/Astro dev/Astro CS Normalization Database/lib/astro_image_io/third_party/cfitsio/imcompress.c:2237:11: warning: unused parameter ‘nullflagval’ [-Wunused-parameter]
 2237 |     void *nullflagval,
      |     ~~~~~~^~~~~~~~~~~
/mnt/f/Astro dev/Astro CS Normalization Database/lib/astro_image_io/third_party/cfitsio/imcompress.c: In function ‘imcomp_convert_tile_tint’:
/mnt/f/Astro dev/Astro CS Normalization Database/lib/astro_image_io/third_party/cfitsio/imcompress.c:2475:15: warning: unused parameter ‘outfptr’ [-Wunused-parameter]
 2475 |     fitsfile *outfptr,
      |     ~~~~~~~~~~^~~~~~~
/mnt/f/Astro dev/Astro CS Normalization Database/lib/astro_image_io/third_party/cfitsio/imcompress.c: In function ‘imcomp_convert_tile_tuint’:
/mnt/f/Astro dev/Astro CS Normalization Database/lib/astro_image_io/third_party/cfitsio/imcompress.c:2523:15: warning: unused parameter ‘outfptr’ [-Wunused-parameter]
 2523 |     fitsfile *outfptr,
      |     ~~~~~~~~~~^~~~~~~
/mnt/f/Astro dev/Astro CS Normalization Database/lib/astro_image_io/third_party/cfitsio/imcompress.c: In function ‘fits_read_write_compressed_img’:
/mnt/f/Astro dev/Astro CS Normalization Database/lib/astro_image_io/third_party/cfitsio/imcompress.c:4714:10: warning: variable ‘inc’ set but not used [-Wunused-but-set-variable]
 4714 |     long inc[MAX_COMPRESS_DIM];
      |          ^~~
/mnt/f/Astro dev/Astro CS Normalization Database/lib/astro_image_io/third_party/cfitsio/imcompress.c: In function ‘imcomp_decompress_tile’:
/mnt/f/Astro dev/Astro CS Normalization Database/lib/astro_image_io/third_party/cfitsio/imcompress.c:6117:30: warning: comparison of integer expressions of different signedness: ‘size_t’ {aka ‘long unsigned int’} and ‘int’ [-Wsign-compare]
 6117 |             if (tilebytesize == 4 * tilelen) {  /* float pixels */
      |                              ^~
/mnt/f/Astro dev/Astro CS Normalization Database/lib/astro_image_io/third_party/cfitsio/imcompress.c:6148:37: warning: comparison of integer expressions of different signedness: ‘size_t’ {aka ‘long unsigned int’} and ‘int’ [-Wsign-compare]
 6148 |             } else if (tilebytesize == 8 * tilelen) { /* double pixels */
      |                                     ^~
/mnt/f/Astro dev/Astro CS Normalization Database/lib/astro_image_io/third_party/cfitsio/imcompress.c: In function ‘imcomp_test_overlap’:
/mnt/f/Astro dev/Astro CS Normalization Database/lib/astro_image_io/third_party/cfitsio/imcompress.c:6926:10: warning: variable ‘imglpix’ set but not used [-Wunused-but-set-variable]
 6926 |     long imglpix[MAX_COMPRESS_DIM]; /* last img pix overlapping tile 0 base, */
      |          ^~~~~~~
/mnt/f/Astro dev/Astro CS Normalization Database/lib/astro_image_io/third_party/cfitsio/imcompress.c:6924:10: warning: variable ‘imgfpix’ set but not used [-Wunused-but-set-variable]
 6924 |     long imgfpix[MAX_COMPRESS_DIM]; /* 1st img pix overlapping tile: 0 base, */
      |          ^~~~~~~
/mnt/f/Astro dev/Astro CS Normalization Database/lib/astro_image_io/third_party/cfitsio/imcompress.c: In function ‘imcomp_merge_overlap’:
/mnt/f/Astro dev/Astro CS Normalization Database/lib/astro_image_io/third_party/cfitsio/imcompress.c:7251:11: warning: unused parameter ‘bnullarray’ [-Wunused-parameter]
 7251 |     char *bnullarray,   /* I - array of null flags; used if nullcheck = 2 */
      |     ~~~~~~^~~~~~~~~~
/mnt/f/Astro dev/Astro CS Normalization Database/lib/astro_image_io/third_party/cfitsio/imcompress.c:7255:9: warning: unused parameter ‘nullcheck’ [-Wunused-parameter]
 7255 |     int nullcheck,      /* I - 0, 1: do nothing; 2: set nullarray for nulls */
      |     ~~~~^~~~~~~~~
/mnt/f/Astro dev/Astro CS Normalization Database/lib/astro_image_io/third_party/cfitsio/imcompress.c: In function ‘unquantize_i1r4’:
/mnt/f/Astro dev/Astro CS Normalization Database/lib/astro_image_io/third_party/cfitsio/imcompress.c:7478:17: warning: unused parameter ‘dither_method’ [-Wunused-parameter]
 7478 |             int dither_method,    /* I - dithering method to use             */
      |             ~~~~^~~~~~~~~~~~~
/mnt/f/Astro dev/Astro CS Normalization Database/lib/astro_image_io/third_party/cfitsio/imcompress.c: In function ‘unquantize_i2r4’:
/mnt/f/Astro dev/Astro CS Normalization Database/lib/astro_image_io/third_party/cfitsio/imcompress.c:7560:17: warning: unused parameter ‘dither_method’ [-Wunused-parameter]
 7560 |             int dither_method,    /* I - dithering method to use             */
      |             ~~~~^~~~~~~~~~~~~
/mnt/f/Astro dev/Astro CS Normalization Database/lib/astro_image_io/third_party/cfitsio/imcompress.c: In function ‘unquantize_i1r8’:
/mnt/f/Astro dev/Astro CS Normalization Database/lib/astro_image_io/third_party/cfitsio/imcompress.c:7720:17: warning: unused parameter ‘dither_method’ [-Wunused-parameter]
 7720 |             int dither_method,    /* I - dithering method to use             */
      |             ~~~~^~~~~~~~~~~~~
/mnt/f/Astro dev/Astro CS Normalization Database/lib/astro_image_io/third_party/cfitsio/imcompress.c: In function ‘unquantize_i2r8’:
/mnt/f/Astro dev/Astro CS Normalization Database/lib/astro_image_io/third_party/cfitsio/imcompress.c:7802:17: warning: unused parameter ‘dither_method’ [-Wunused-parameter]
 7802 |             int dither_method,    /* I - dithering method to use             */
      |             ~~~~^~~~~~~~~~~~~
/mnt/f/Astro dev/Astro CS Normalization Database/lib/astro_image_io/third_party/cfitsio/imcompress.c: In function ‘fits_compress_table’:
/mnt/f/Astro dev/Astro CS Normalization Database/lib/astro_image_io/third_party/cfitsio/imcompress.c:8508:30: warning: comparison of integer expressions of different signedness: ‘size_t’ {aka ‘long unsigned int’} and ‘LONGLONG’ {aka ‘long long int’} [-Wsign-compare]
 8508 |                     if (dlen < vlamemlen) {
      |                              ^
/mnt/f/Astro dev/Astro CS Normalization Database/lib/astro_image_io/third_party/cfitsio/imcompress.c: In function ‘fits_uncompress_table’:
/mnt/f/Astro dev/Astro CS Normalization Database/lib/astro_image_io/third_party/cfitsio/imcompress.c:9249:39: warning: comparison of integer expressions of different signedness: ‘LONGLONG’ {aka ‘long long int’} and ‘size_t’ {aka ‘long unsigned int’} [-Wsign-compare]
 9249 |                         if (cvlalen   == vlamemlen ) {
      |                                       ^~
/mnt/f/Astro dev/Astro CS Normalization Database/lib/astro_image_io/third_party/cfitsio/imcompress.c:8706:54: warning: variable ‘cmajor_bytespan’ set but not used [-Wunused-but-set-variable]
 8706 |     LONGLONG cmajor_repeat[999], rmajor_repeat[999], cmajor_bytespan[999], kk;
      |                                                      ^~~~~~~~~~~~~~~
/mnt/f/Astro dev/Astro CS Normalization Database/lib/astro_image_io/third_party/cfitsio/imcompress.c:8706:14: warning: variable ‘cmajor_repeat’ set but not used [-Wunused-but-set-variable]
 8706 |     LONGLONG cmajor_repeat[999], rmajor_repeat[999], cmajor_bytespan[999], kk;
      |              ^~~~~~~~~~~~~
/mnt/f/Astro dev/Astro CS Normalization Database/lib/astro_image_io/third_party/cfitsio/imcompress.c: In function ‘fits_compress_table’:
/mnt/f/Astro dev/Astro CS Normalization Database/lib/astro_image_io/third_party/cfitsio/imcompress.c:8161:5: warning: ‘__builtin_strncpy’ output truncated before terminating nul copying 7 bytes from a string of the same length [-Wstringop-truncation]
 8161 |     strncpy(card, "ZNAXIS1", 7);
      |     ^
/mnt/f/Astro dev/Astro CS Normalization Database/lib/astro_image_io/third_party/cfitsio/imcompress.c:8165:5: warning: ‘__builtin_strncpy’ output truncated before terminating nul copying 7 bytes from a string of the same length [-Wstringop-truncation]
 8165 |     strncpy(card, "ZNAXIS2", 7);
      |     ^
/mnt/f/Astro dev/Astro CS Normalization Database/lib/astro_image_io/third_party/cfitsio/imcompress.c:8169:5: warning: ‘__builtin_strncpy’ output truncated before terminating nul copying 7 bytes from a string of the same length [-Wstringop-truncation]
 8169 |     strncpy(card, "ZPCOUNT", 7);
      |     ^
/mnt/f/Astro dev/Astro CS Normalization Database/lib/astro_image_io/third_party/cfitsio/imcompress.c: In function ‘fits_uncompress_table’:
/mnt/f/Astro dev/Astro CS Normalization Database/lib/astro_image_io/third_party/cfitsio/imcompress.c:8794:5: warning: ‘__builtin_strncpy’ output truncated before terminating nul copying 7 bytes from a string of the same length [-Wstringop-truncation]
 8794 |     strncpy(card, "NAXIS1 ", 7);
      |     ^
/mnt/f/Astro dev/Astro CS Normalization Database/lib/astro_image_io/third_party/cfitsio/imcompress.c:8798:5: warning: ‘__builtin_strncpy’ output truncated before terminating nul copying 7 bytes from a string of the same length [-Wstringop-truncation]
 8798 |     strncpy(card, "NAXIS2 ", 7);
      |     ^
/mnt/f/Astro dev/Astro CS Normalization Database/lib/astro_image_io/third_party/cfitsio/imcompress.c:8802:5: warning: ‘__builtin_strncpy’ output truncated before terminating nul copying 7 bytes from a string of the same length [-Wstringop-truncation]
 8802 |     strncpy(card, "PCOUNT ", 7);
      |     ^
/mnt/f/Astro dev/Astro CS Normalization Database/lib/astro_image_io/third_party/cfitsio/iraffits.c: In function ‘hputc’:
/mnt/f/Astro dev/Astro CS Normalization Database/lib/astro_image_io/third_party/cfitsio/iraffits.c:1901:10: warning: variable ‘blank’ set but not used [-Wunused-but-set-variable]
 1901 |     char blank[80];
      |          ^~~~~
/mnt/f/Astro dev/Astro CS Normalization Database/lib/astro_image_io/third_party/cfitsio/iraffits.c: In function ‘iraftofits’:
/mnt/f/Astro dev/Astro CS Normalization Database/lib/astro_image_io/third_party/cfitsio/iraffits.c:580:11: warning: ‘__builtin_strncpy’ output truncated before terminating nul copying 3 bytes from a string of the same length [-Wstringop-truncation]
  580 |     (void)strncpy (endline,"END", 3);
      |           ^
/mnt/f/Astro dev/Astro CS Normalization Database/lib/astro_image_io/third_party/cfitsio/iraffits.c:893:5: warning: ‘__builtin_strncpy’ output truncated before terminating nul copying 3 bytes from a string of the same length [-Wstringop-truncation]
  893 |     strncpy (endline,"   ",3);
      |     ^
/mnt/f/Astro dev/Astro CS Normalization Database/lib/astro_image_io/third_party/cfitsio/iraffits.c: In function ‘hputcom’:
/mnt/f/Astro dev/Astro CS Normalization Database/lib/astro_image_io/third_party/cfitsio/iraffits.c:2085:13: warning: ‘__builtin_strncpy’ output truncated before terminating nul copying 2 bytes from a string of the same length [-Wstringop-truncation]
 2085 |             strncpy (c0, "/ ",2);
      |             ^
In file included from /usr/include/string.h:580,
                 from /mnt/f/Astro dev/Astro CS Normalization Database/lib/astro_image_io/third_party/cfitsio/iraffits.c:51:
In function ‘strncpy’,
    inlined from ‘hputc’ at /mnt/f/Astro dev/Astro CS Normalization Database/lib/astro_image_io/third_party/cfitsio/iraffits.c:1921:2:
/usr/include/x86_64-linux-gnu/bits/string_fortified.h:112:10: warning: ‘__builtin_strncpy’ offset [0, 79] is out of the bounds [0, 0] [-Warray-bounds=]
  112 |   return __builtin___strncpy_chk (__dest, __src, __len,
      |          ^~~~~~~~~~~~~~~~~~~~~~~~~~~~~~~~~~~~~~~~~~~~~~
  113 |                                   __glibc_objsize (__dest));
      |                                   ~~~~~~~~~~~~~~~~~~~~~~~~~
/mnt/f/Astro dev/Astro CS Normalization Database/lib/astro_image_io/third_party/cfitsio/iter_a.c: In function ‘main’:
/mnt/f/Astro dev/Astro CS Normalization Database/lib/astro_image_io/third_party/cfitsio/iter_a.c:45:23: error: passing argument 5 of ‘ffiter’ from incompatible pointer type [-Wincompatible-pointer-types]
   45 |                       flux_rate, 0L, &status);
      |                       ^~~~~~~~~
      |                       |
      |                       int (*)(void)
In file included from /mnt/f/Astro dev/Astro CS Normalization Database/lib/astro_image_io/third_party/cfitsio/iter_a.c:4:
/mnt/f/Astro dev/Astro CS Normalization Database/lib/astro_image_io/third_party/cfitsio/fitsio.h:1751:18: note: expected ‘int (*)(long int,  long int,  long int,  long int,  int,  iteratorCol *, void *)’ but argument is of type ‘int (*)(void)’
 1751 |            int (*workFn)( long totaln, long offset, long firstn,
      |            ~~~~~~^~~~~~~~~~~~~~~~~~~~~~~~~~~~~~~~~~~~~~~~~~~~~~~
 1752 |              long nvalues, int narrays, iteratorCol *data, void *userPointer),
      |              ~~~~~~~~~~~~~~~~~~~~~~~~~~~~~~~~~~~~~~~~~~~~~~~~~~~~~~~~~~~~~~~~
/mnt/f/Astro dev/Astro CS Normalization Database/lib/astro_image_io/third_party/cfitsio/iter_a.c:14:16: note: ‘flux_rate’ declared here
   14 |     extern int flux_rate(); /* external work function is passed to the iterator */
      |                ^~~~~~~~~
/mnt/f/Astro dev/Astro CS Normalization Database/lib/astro_image_io/third_party/cfitsio/iter_a.c:20:45: warning: unused variable ‘jj’ [-Wunused-variable]
   20 |     int status, nkeys, keypos, hdutype, ii, jj;
      |                                             ^~
/mnt/f/Astro dev/Astro CS Normalization Database/lib/astro_image_io/third_party/cfitsio/iter_a.c:20:41: warning: unused variable ‘ii’ [-Wunused-variable]
   20 |     int status, nkeys, keypos, hdutype, ii, jj;
      |                                         ^~
/mnt/f/Astro dev/Astro CS Normalization Database/lib/astro_image_io/third_party/cfitsio/iter_a.c:20:32: warning: unused variable ‘hdutype’ [-Wunused-variable]
   20 |     int status, nkeys, keypos, hdutype, ii, jj;
      |                                ^~~~~~~
/mnt/f/Astro dev/Astro CS Normalization Database/lib/astro_image_io/third_party/cfitsio/iter_a.c:20:24: warning: unused variable ‘keypos’ [-Wunused-variable]
   20 |     int status, nkeys, keypos, hdutype, ii, jj;
      |                        ^~~~~~
/mnt/f/Astro dev/Astro CS Normalization Database/lib/astro_image_io/third_party/cfitsio/iter_a.c:20:17: warning: unused variable ‘nkeys’ [-Wunused-variable]
   20 |     int status, nkeys, keypos, hdutype, ii, jj;
      |                 ^~~~~
/mnt/f/Astro dev/Astro CS Normalization Database/lib/astro_image_io/third_party/cfitsio/iter_a.c: At top level:
/mnt/f/Astro dev/Astro CS Normalization Database/lib/astro_image_io/third_party/cfitsio/iter_a.c:55:5: error: conflicting types for ‘flux_rate’; have ‘int(long int,  long int,  long int,  long int,  int,  iteratorCol *, void *)’
   55 | int flux_rate(long totalrows, long offset, long firstrow, long nrows,
      |     ^~~~~~~~~
/mnt/f/Astro dev/Astro CS Normalization Database/lib/astro_image_io/third_party/cfitsio/iter_a.c:14:16: note: previous declaration of ‘flux_rate’ with type ‘int(void)’
   14 |     extern int flux_rate(); /* external work function is passed to the iterator */
      |                ^~~~~~~~~
/mnt/f/Astro dev/Astro CS Normalization Database/lib/astro_image_io/third_party/cfitsio/iter_a.c: In function ‘flux_rate’:
/mnt/f/Astro dev/Astro CS Normalization Database/lib/astro_image_io/third_party/cfitsio/iter_a.c:55:36: warning: unused parameter ‘offset’ [-Wunused-parameter]
   55 | int flux_rate(long totalrows, long offset, long firstrow, long nrows,
      |                               ~~~~~^~~~~~
/mnt/f/Astro dev/Astro CS Normalization Database/lib/astro_image_io/third_party/cfitsio/iter_a.c:56:50: warning: unused parameter ‘user_strct’ [-Wunused-parameter]
   56 |              int ncols, iteratorCol *cols, void *user_strct )
      |                                            ~~~~~~^~~~~~~~~~
/mnt/f/Astro dev/Astro CS Normalization Database/lib/astro_image_io/third_party/cfitsio/iter_b.c: In function ‘main’:
/mnt/f/Astro dev/Astro CS Normalization Database/lib/astro_image_io/third_party/cfitsio/iter_b.c:40:23: error: passing argument 5 of ‘ffiter’ from incompatible pointer type [-Wincompatible-pointer-types]
   40 |                       str_iter, 0L, &status);
      |                       ^~~~~~~~
      |                       |
      |                       int (*)(void)
In file included from /mnt/f/Astro dev/Astro CS Normalization Database/lib/astro_image_io/third_party/cfitsio/iter_b.c:4:
/mnt/f/Astro dev/Astro CS Normalization Database/lib/astro_image_io/third_party/cfitsio/fitsio.h:1751:18: note: expected ‘int (*)(long int,  long int,  long int,  long int,  int,  iteratorCol *, void *)’ but argument is of type ‘int (*)(void)’
 1751 |            int (*workFn)( long totaln, long offset, long firstn,
      |            ~~~~~~^~~~~~~~~~~~~~~~~~~~~~~~~~~~~~~~~~~~~~~~~~~~~~~
 1752 |              long nvalues, int narrays, iteratorCol *data, void *userPointer),
      |              ~~~~~~~~~~~~~~~~~~~~~~~~~~~~~~~~~~~~~~~~~~~~~~~~~~~~~~~~~~~~~~~~
/mnt/f/Astro dev/Astro CS Normalization Database/lib/astro_image_io/third_party/cfitsio/iter_b.c:14:16: note: ‘str_iter’ declared here
   14 |     extern int str_iter(); /* external work function is passed to the iterator */
      |                ^~~~~~~~
/mnt/f/Astro dev/Astro CS Normalization Database/lib/astro_image_io/third_party/cfitsio/iter_b.c: At top level:
/mnt/f/Astro dev/Astro CS Normalization Database/lib/astro_image_io/third_party/cfitsio/iter_b.c:50:5: error: conflicting types for ‘str_iter’; have ‘int(long int,  long int,  long int,  long int,  int,  iteratorCol *, void *)’
   50 | int str_iter(long totalrows, long offset, long firstrow, long nrows,
      |     ^~~~~~~~
/mnt/f/Astro dev/Astro CS Normalization Database/lib/astro_image_io/third_party/cfitsio/iter_b.c:14:16: note: previous declaration of ‘str_iter’ with type ‘int(void)’
   14 |     extern int str_iter(); /* external work function is passed to the iterator */
      |                ^~~~~~~~
/mnt/f/Astro dev/Astro CS Normalization Database/lib/astro_image_io/third_party/cfitsio/iter_b.c: In function ‘str_iter’:
/mnt/f/Astro dev/Astro CS Normalization Database/lib/astro_image_io/third_party/cfitsio/iter_b.c:50:35: warning: unused parameter ‘offset’ [-Wunused-parameter]
   50 | int str_iter(long totalrows, long offset, long firstrow, long nrows,
      |                              ~~~~~^~~~~~
/mnt/f/Astro dev/Astro CS Normalization Database/lib/astro_image_io/third_party/cfitsio/iter_b.c:51:50: warning: unused parameter ‘user_strct’ [-Wunused-parameter]
   51 |              int ncols, iteratorCol *cols, void *user_strct )
      |                                            ~~~~~~^~~~~~~~~~
/mnt/f/Astro dev/Astro CS Normalization Database/lib/astro_image_io/third_party/cfitsio/iter_c.c: In function ‘main’:
/mnt/f/Astro dev/Astro CS Normalization Database/lib/astro_image_io/third_party/cfitsio/iter_c.c:55:23: error: passing argument 5 of ‘ffiter’ from incompatible pointer type [-Wincompatible-pointer-types]
   55 |                       writehisto, 0L, &status);
      |                       ^~~~~~~~~~
      |                       |
      |                       int (*)(void)
In file included from /mnt/f/Astro dev/Astro CS Normalization Database/lib/astro_image_io/third_party/cfitsio/iter_c.c:4:
/mnt/f/Astro dev/Astro CS Normalization Database/lib/astro_image_io/third_party/cfitsio/fitsio.h:1751:18: note: expected ‘int (*)(long int,  long int,  long int,  long int,  int,  iteratorCol *, void *)’ but argument is of type ‘int (*)(void)’
 1751 |            int (*workFn)( long totaln, long offset, long firstn,
      |            ~~~~~~^~~~~~~~~~~~~~~~~~~~~~~~~~~~~~~~~~~~~~~~~~~~~~~
 1752 |              long nvalues, int narrays, iteratorCol *data, void *userPointer),
      |              ~~~~~~~~~~~~~~~~~~~~~~~~~~~~~~~~~~~~~~~~~~~~~~~~~~~~~~~~~~~~~~~~
/mnt/f/Astro dev/Astro CS Normalization Database/lib/astro_image_io/third_party/cfitsio/iter_c.c:27:16: note: ‘writehisto’ declared here
   27 |     extern int writehisto();    /* external work function passed to the iterator */
      |                ^~~~~~~~~~
/mnt/f/Astro dev/Astro CS Normalization Database/lib/astro_image_io/third_party/cfitsio/iter_c.c: At top level:
/mnt/f/Astro dev/Astro CS Normalization Database/lib/astro_image_io/third_party/cfitsio/iter_c.c:67:5: error: conflicting types for ‘writehisto’; have ‘int(long int,  long int,  long int,  long int,  int,  iteratorCol *, void *)’
   67 | int writehisto(long totaln, long offset, long firstn, long nvalues,
      |     ^~~~~~~~~~
/mnt/f/Astro dev/Astro CS Normalization Database/lib/astro_image_io/third_party/cfitsio/iter_c.c:27:16: note: previous declaration of ‘writehisto’ with type ‘int(void)’
   27 |     extern int writehisto();    /* external work function passed to the iterator */
      |                ^~~~~~~~~~
/mnt/f/Astro dev/Astro CS Normalization Database/lib/astro_image_io/third_party/cfitsio/iter_c.c: In function ‘writehisto’:
/mnt/f/Astro dev/Astro CS Normalization Database/lib/astro_image_io/third_party/cfitsio/iter_c.c:76:5: warning: ‘extern’ is not at beginning of declaration [-Wold-style-declaration]
   76 |     int extern calchisto(); /* external function called by the iterator */
      |     ^~~
/mnt/f/Astro dev/Astro CS Normalization Database/lib/astro_image_io/third_party/cfitsio/iter_c.c:116:23: error: passing argument 5 of ‘ffiter’ from incompatible pointer type [-Wincompatible-pointer-types]
  116 |                       calchisto, histogram, &status);
      |                       ^~~~~~~~~
      |                       |
      |                       int (*)(void)
/mnt/f/Astro dev/Astro CS Normalization Database/lib/astro_image_io/third_party/cfitsio/fitsio.h:1751:18: note: expected ‘int (*)(long int,  long int,  long int,  long int,  int,  iteratorCol *, void *)’ but argument is of type ‘int (*)(void)’
 1751 |            int (*workFn)( long totaln, long offset, long firstn,
      |            ~~~~~~^~~~~~~~~~~~~~~~~~~~~~~~~~~~~~~~~~~~~~~~~~~~~~~
 1752 |              long nvalues, int narrays, iteratorCol *data, void *userPointer),
      |              ~~~~~~~~~~~~~~~~~~~~~~~~~~~~~~~~~~~~~~~~~~~~~~~~~~~~~~~~~~~~~~~~
/mnt/f/Astro dev/Astro CS Normalization Database/lib/astro_image_io/third_party/cfitsio/iter_c.c:76:16: note: ‘calchisto’ declared here
   76 |     int extern calchisto(); /* external function called by the iterator */
      |                ^~~~~~~~~
/mnt/f/Astro dev/Astro CS Normalization Database/lib/astro_image_io/third_party/cfitsio/iter_c.c:67:34: warning: unused parameter ‘offset’ [-Wunused-parameter]
   67 | int writehisto(long totaln, long offset, long firstn, long nvalues,
      |                             ~~~~~^~~~~~
/mnt/f/Astro dev/Astro CS Normalization Database/lib/astro_image_io/third_party/cfitsio/iter_c.c:67:47: warning: unused parameter ‘firstn’ [-Wunused-parameter]
   67 | int writehisto(long totaln, long offset, long firstn, long nvalues,
      |                                          ~~~~~^~~~~~
/mnt/f/Astro dev/Astro CS Normalization Database/lib/astro_image_io/third_party/cfitsio/iter_c.c:68:53: warning: unused parameter ‘userPointer’ [-Wunused-parameter]
   68 |              int narrays, iteratorCol *histo, void *userPointer)
      |                                               ~~~~~~^~~~~~~~~~~
/mnt/f/Astro dev/Astro CS Normalization Database/lib/astro_image_io/third_party/cfitsio/iter_c.c: At top level:
/mnt/f/Astro dev/Astro CS Normalization Database/lib/astro_image_io/third_party/cfitsio/iter_c.c:122:5: error: conflicting types for ‘calchisto’; have ‘int(long int,  long int,  long int,  long int,  int,  iteratorCol *, void *)’
  122 | int calchisto(long totalrows, long offset, long firstrow, long nrows,
      |     ^~~~~~~~~
/mnt/f/Astro dev/Astro CS Normalization Database/lib/astro_image_io/third_party/cfitsio/iter_c.c:76:16: note: previous declaration of ‘calchisto’ with type ‘int(void)’
   76 |     int extern calchisto(); /* external function called by the iterator */
      |                ^~~~~~~~~
/mnt/f/Astro dev/Astro CS Normalization Database/lib/astro_image_io/third_party/cfitsio/iter_c.c: In function ‘calchisto’:
/mnt/f/Astro dev/Astro CS Normalization Database/lib/astro_image_io/third_party/cfitsio/iter_c.c:122:20: warning: unused parameter ‘totalrows’ [-Wunused-parameter]
  122 | int calchisto(long totalrows, long offset, long firstrow, long nrows,
      |               ~~~~~^~~~~~~~~
/mnt/f/Astro dev/Astro CS Normalization Database/lib/astro_image_io/third_party/cfitsio/iter_c.c:122:36: warning: unused parameter ‘offset’ [-Wunused-parameter]
  122 | int calchisto(long totalrows, long offset, long firstrow, long nrows,
      |                               ~~~~~^~~~~~
/mnt/f/Astro dev/Astro CS Normalization Database/lib/astro_image_io/third_party/cfitsio/modkey.c: In function ‘ffikls’:
/mnt/f/Astro dev/Astro CS Normalization Database/lib/astro_image_io/third_party/cfitsio/modkey.c:1207:10: warning: assignment discards ‘const’ qualifier from pointer target type [-Wdiscarded-qualifiers]
 1207 |     cptr = strchr(value, '\'');   /* search for quote character */
      |          ^
/mnt/f/Astro dev/Astro CS Normalization Database/lib/astro_image_io/third_party/cfitsio/modkey.c:1267:12: warning: ‘__builtin_strncpy’ output truncated copying 2 bytes from a string of length 3 [-Wstringop-truncation]
 1267 |            strncpy(&card[8], "   ",  2);  /* overwrite the '=' */
      |            ^
/mnt/f/Astro dev/Astro CS Normalization Database/lib/astro_image_io/third_party/cfitsio/putcol.c: In function ‘ffiter’:
/mnt/f/Astro dev/Astro CS Normalization Database/lib/astro_image_io/third_party/cfitsio/putcol.c:1805:42: warning: ‘calloc’ sizes specified with ‘sizeof’ in the earlier argument and not in the later argument [-Wcalloc-transposed-args]
 1805 |           cols[jj].array = calloc(sizeof(int), ntodo + 1);
      |                                          ^~~
/mnt/f/Astro dev/Astro CS Normalization Database/lib/astro_image_io/third_party/cfitsio/putcol.c:1805:42: note: earlier argument should specify number of elements, later size of each element
/mnt/f/Astro dev/Astro CS Normalization Database/lib/astro_image_io/third_party/cfitsio/putcol.c:1282:92: warning: ‘ (ffiter)’ directive output may be truncated writing 9 bytes into a region of size between 1 and 11 [-Wformat-truncation=]
 1282 |                    "TemporaryCol column must have defined datatype and repeat for column %d (ffiter)",
      |                                                                                            ^~~~~~~~~
In file included from /usr/include/stdio.h:974,
                 from /mnt/f/Astro dev/Astro CS Normalization Database/lib/astro_image_io/third_party/cfitsio/fitsio.h:64,
                 from /mnt/f/Astro dev/Astro CS Normalization Database/lib/astro_image_io/third_party/cfitsio/fitsio2.h:4,
                 from /mnt/f/Astro dev/Astro CS Normalization Database/lib/astro_image_io/third_party/cfitsio/putcol.c:11:
In function ‘snprintf’,
    inlined from ‘ffiter’ at /mnt/f/Astro dev/Astro CS Normalization Database/lib/astro_image_io/third_party/cfitsio/putcol.c:1281:4:
/usr/include/x86_64-linux-gnu/bits/stdio2.h:68:10: note: ‘__builtin___snprintf_chk’ output between 80 and 90 bytes into a destination of size 81
   68 |   return __builtin___snprintf_chk (__s, __n, __USE_FORTIFY_LEVEL - 1,
      |          ^~~~~~~~~~~~~~~~~~~~~~~~~~~~~~~~~~~~~~~~~~~~~~~~~~~~~~~~~~~~
   69 |                                    __glibc_objsize (__s), __fmt,
      |                                    ~~~~~~~~~~~~~~~~~~~~~~~~~~~~~
   70 |                                    __va_arg_pack ());
      |                                    ~~~~~~~~~~~~~~~~~
/mnt/f/Astro dev/Astro CS Normalization Database/lib/astro_image_io/third_party/cfitsio/putcol.c: In function ‘ffiter’:
/mnt/f/Astro dev/Astro CS Normalization Database/lib/astro_image_io/third_party/cfitsio/putcol.c:1366:43: warning: ‘' not found for column numbe..’ directive output may be truncated writing 30 bytes into a region of size between 4 and 73 [-Wformat-truncation=]
 1366 |                                "Column '%s' not found for column number %d  (ffiter)",
      |                                           ^~~~~~~~~~~~~~~~~~~~~~~~~~~~~~
/mnt/f/Astro dev/Astro CS Normalization Database/lib/astro_image_io/third_party/cfitsio/putcol.c:1366:32: note: directive argument in the range [-2147483645, 2147483647]
 1366 |                                "Column '%s' not found for column number %d  (ffiter)",
      |                                ^~~~~~~~~~~~~~~~~~~~~~~~~~~~~~~~~~~~~~~~~~~~~~~~~~~~~~
In function ‘snprintf’,
    inlined from ‘ffiter’ at /mnt/f/Astro dev/Astro CS Normalization Database/lib/astro_image_io/third_party/cfitsio/putcol.c:1365:9:
/usr/include/x86_64-linux-gnu/bits/stdio2.h:68:10: note: ‘__builtin___snprintf_chk’ output between 50 and 129 bytes into a destination of size 81
   68 |   return __builtin___snprintf_chk (__s, __n, __USE_FORTIFY_LEVEL - 1,
      |          ^~~~~~~~~~~~~~~~~~~~~~~~~~~~~~~~~~~~~~~~~~~~~~~~~~~~~~~~~~~~
   69 |                                    __glibc_objsize (__s), __fmt,
      |                                    ~~~~~~~~~~~~~~~~~~~~~~~~~~~~~
   70 |                                    __va_arg_pack ());
      |                                    ~~~~~~~~~~~~~~~~~
/mnt/f/Astro dev/Astro CS Normalization Database/lib/astro_image_io/third_party/cfitsio/putcol.c: In function ‘ffiter’:
/mnt/f/Astro dev/Astro CS Normalization Database/lib/astro_image_io/third_party/cfitsio/putcol.c:1601:81: warning: ‘%d’ directive output may be truncated writing between 1 and 11 bytes into a region of size between 8 and 27 [-Wformat-truncation=]
 1601 |                        "Invalid repeat (%ld) for temporary output column number %d (ffiter)",
      |                                                                                 ^~
/mnt/f/Astro dev/Astro CS Normalization Database/lib/astro_image_io/third_party/cfitsio/putcol.c:1601:24: note: directive argument in the range [-2147483645, 2147483647]
 1601 |                        "Invalid repeat (%ld) for temporary output column number %d (ffiter)",
      |                        ^~~~~~~~~~~~~~~~~~~~~~~~~~~~~~~~~~~~~~~~~~~~~~~~~~~~~~~~~~~~~~~~~~~~~
In function ‘snprintf’,
    inlined from ‘ffiter’ at /mnt/f/Astro dev/Astro CS Normalization Database/lib/astro_image_io/third_party/cfitsio/putcol.c:1600:8:
/usr/include/x86_64-linux-gnu/bits/stdio2.h:68:10: note: ‘__builtin___snprintf_chk’ output between 65 and 94 bytes into a destination of size 81
   68 |   return __builtin___snprintf_chk (__s, __n, __USE_FORTIFY_LEVEL - 1,
      |          ^~~~~~~~~~~~~~~~~~~~~~~~~~~~~~~~~~~~~~~~~~~~~~~~~~~~~~~~~~~~
   69 |                                    __glibc_objsize (__s), __fmt,
      |                                    ~~~~~~~~~~~~~~~~~~~~~~~~~~~~~
   70 |                                    __va_arg_pack ());
      |                                    ~~~~~~~~~~~~~~~~~
/mnt/f/Astro dev/Astro CS Normalization Database/lib/astro_image_io/third_party/cfitsio/putcolb.c: In function ‘ffpclb’:
/mnt/f/Astro dev/Astro CS Normalization Database/lib/astro_image_io/third_party/cfitsio/putcolb.c:509:25: warning: this statement may fall through [-Wimplicit-fallthrough=]
  509 |                 else if (hdutype == ASCII_TBL && formlen > 1)
      |                         ^
/mnt/f/Astro dev/Astro CS Normalization Database/lib/astro_image_io/third_party/cfitsio/putcolb.c:526:13: note: here
  526 |             default:  /*  error trap  */
      |             ^~~~~~~
/mnt/f/Astro dev/Astro CS Normalization Database/lib/astro_image_io/third_party/cfitsio/putcold.c: In function ‘ffpcld’:
/mnt/f/Astro dev/Astro CS Normalization Database/lib/astro_image_io/third_party/cfitsio/putcold.c:486:20: warning: this statement may fall through [-Wimplicit-fallthrough=]
  486 |                 if (hdutype == ASCII_TBL && formlen > 1)
      |                    ^
/mnt/f/Astro dev/Astro CS Normalization Database/lib/astro_image_io/third_party/cfitsio/putcold.c:504:13: note: here
  504 |             default:  /*  error trap  */
      |             ^~~~~~~
/mnt/f/Astro dev/Astro CS Normalization Database/lib/astro_image_io/third_party/cfitsio/putcole.c: In function ‘ffpcle’:
/mnt/f/Astro dev/Astro CS Normalization Database/lib/astro_image_io/third_party/cfitsio/putcole.c:499:20: warning: this statement may fall through [-Wimplicit-fallthrough=]
  499 |                 if (hdutype == ASCII_TBL && formlen > 1)
      |                    ^
/mnt/f/Astro dev/Astro CS Normalization Database/lib/astro_image_io/third_party/cfitsio/putcole.c:517:13: note: here
  517 |             default:  /*  error trap  */
      |             ^~~~~~~
/mnt/f/Astro dev/Astro CS Normalization Database/lib/astro_image_io/third_party/cfitsio/putcoli.c: In function ‘ffpcli’:
/mnt/f/Astro dev/Astro CS Normalization Database/lib/astro_image_io/third_party/cfitsio/putcoli.c:486:20: warning: this statement may fall through [-Wimplicit-fallthrough=]
  486 |                 if (hdutype == ASCII_TBL && formlen > 1)
      |                    ^
/mnt/f/Astro dev/Astro CS Normalization Database/lib/astro_image_io/third_party/cfitsio/putcoli.c:505:13: note: here
  505 |             default:  /*  error trap  */
      |             ^~~~~~~
/mnt/f/Astro dev/Astro CS Normalization Database/lib/astro_image_io/third_party/cfitsio/putcolj.c: In function ‘ffpclj’:
/mnt/f/Astro dev/Astro CS Normalization Database/lib/astro_image_io/third_party/cfitsio/putcolj.c:486:20: warning: this statement may fall through [-Wimplicit-fallthrough=]
  486 |                 if (hdutype == ASCII_TBL && formlen > 1)
      |                    ^
/mnt/f/Astro dev/Astro CS Normalization Database/lib/astro_image_io/third_party/cfitsio/putcolj.c:504:13: note: here
  504 |             default:  /*  error trap  */
      |             ^~~~~~~
/mnt/f/Astro dev/Astro CS Normalization Database/lib/astro_image_io/third_party/cfitsio/putcolj.c: In function ‘ffpcljj’:
/mnt/f/Astro dev/Astro CS Normalization Database/lib/astro_image_io/third_party/cfitsio/putcolj.c:1491:20: warning: this statement may fall through [-Wimplicit-fallthrough=]
 1491 |                 if (hdutype == ASCII_TBL && formlen > 1)
      |                    ^
/mnt/f/Astro dev/Astro CS Normalization Database/lib/astro_image_io/third_party/cfitsio/putcolj.c:1509:13: note: here
 1509 |             default:  /*  error trap  */
      |             ^~~~~~~
/mnt/f/Astro dev/Astro CS Normalization Database/lib/astro_image_io/third_party/cfitsio/putcolk.c: In function ‘ffpclk’:
/mnt/f/Astro dev/Astro CS Normalization Database/lib/astro_image_io/third_party/cfitsio/putcolk.c:501:20: warning: this statement may fall through [-Wimplicit-fallthrough=]
  501 |                 if (hdutype == ASCII_TBL && formlen > 1)
      |                    ^
/mnt/f/Astro dev/Astro CS Normalization Database/lib/astro_image_io/third_party/cfitsio/putcolk.c:519:13: note: here
  519 |             default:  /*  error trap  */
      |             ^~~~~~~
/mnt/f/Astro dev/Astro CS Normalization Database/lib/astro_image_io/third_party/cfitsio/putcoll.c: In function ‘ffpclx’:
/mnt/f/Astro dev/Astro CS Normalization Database/lib/astro_image_io/third_party/cfitsio/putcoll.c:219:14: warning: variable ‘offset’ set but not used [-Wunused-but-set-variable]
  219 |     LONGLONG offset, bstart, repeat, rowlen, elemnum, rstart, estart, tnull;
      |              ^~~~~~
/mnt/f/Astro dev/Astro CS Normalization Database/lib/astro_image_io/third_party/cfitsio/putcolsb.c: In function ‘ffpclsb’:
/mnt/f/Astro dev/Astro CS Normalization Database/lib/astro_image_io/third_party/cfitsio/putcolsb.c:470:25: warning: this statement may fall through [-Wimplicit-fallthrough=]
  470 |                 else if (hdutype == ASCII_TBL && formlen > 1)
      |                         ^
/mnt/f/Astro dev/Astro CS Normalization Database/lib/astro_image_io/third_party/cfitsio/putcolsb.c:487:13: note: here
  487 |             default:  /*  error trap  */
      |             ^~~~~~~
/mnt/f/Astro dev/Astro CS Normalization Database/lib/astro_image_io/third_party/cfitsio/putcolui.c: In function ‘ffpclui’:
/mnt/f/Astro dev/Astro CS Normalization Database/lib/astro_image_io/third_party/cfitsio/putcolui.c:456:20: warning: this statement may fall through [-Wimplicit-fallthrough=]
  456 |                 if (hdutype == ASCII_TBL && formlen > 1)
      |                    ^
/mnt/f/Astro dev/Astro CS Normalization Database/lib/astro_image_io/third_party/cfitsio/putcolui.c:475:13: note: here
  475 |             default:  /*  error trap  */
      |             ^~~~~~~
/mnt/f/Astro dev/Astro CS Normalization Database/lib/astro_image_io/third_party/cfitsio/putcoluj.c: In function ‘ffpcluj’:
/mnt/f/Astro dev/Astro CS Normalization Database/lib/astro_image_io/third_party/cfitsio/putcoluj.c:456:20: warning: this statement may fall through [-Wimplicit-fallthrough=]
  456 |                 if (hdutype == ASCII_TBL && formlen > 1)
      |                    ^
/mnt/f/Astro dev/Astro CS Normalization Database/lib/astro_image_io/third_party/cfitsio/putcoluj.c:474:13: note: here
  474 |             default:  /*  error trap  */
      |             ^~~~~~~
/mnt/f/Astro dev/Astro CS Normalization Database/lib/astro_image_io/third_party/cfitsio/putcoluj.c: In function ‘ffpclujj’:
/mnt/f/Astro dev/Astro CS Normalization Database/lib/astro_image_io/third_party/cfitsio/putcoluj.c:1435:20: warning: this statement may fall through [-Wimplicit-fallthrough=]
 1435 |                 if (hdutype == ASCII_TBL && formlen > 1)
      |                    ^
/mnt/f/Astro dev/Astro CS Normalization Database/lib/astro_image_io/third_party/cfitsio/putcoluj.c:1453:13: note: here
 1453 |             default:  /*  error trap  */
      |             ^~~~~~~
/mnt/f/Astro dev/Astro CS Normalization Database/lib/astro_image_io/third_party/cfitsio/putcoluk.c: In function ‘ffpcluk’:
/mnt/f/Astro dev/Astro CS Normalization Database/lib/astro_image_io/third_party/cfitsio/putcoluk.c:471:20: warning: this statement may fall through [-Wimplicit-fallthrough=]
  471 |                 if (hdutype == ASCII_TBL && formlen > 1)
      |                    ^
/mnt/f/Astro dev/Astro CS Normalization Database/lib/astro_image_io/third_party/cfitsio/putcoluk.c:489:13: note: here
  489 |             default:  /*  error trap  */
      |             ^~~~~~~
/mnt/f/Astro dev/Astro CS Normalization Database/lib/astro_image_io/third_party/cfitsio/putkey.c: In function ‘ffprec’:
/mnt/f/Astro dev/Astro CS Normalization Database/lib/astro_image_io/third_party/cfitsio/putkey.c:326:19: warning: comparison of integer expressions of different signedness: ‘size_t’ {aka ‘long unsigned int’} and ‘int’ [-Wsign-compare]
  326 |     for (ii=0; ii < keylength; ii++)       /* make sure keyword name is uppercase */
      |                   ^
/mnt/f/Astro dev/Astro CS Normalization Database/lib/astro_image_io/third_party/cfitsio/putkey.c: In function ‘fits_make_longstr_key_util’:
/mnt/f/Astro dev/Astro CS Normalization Database/lib/astro_image_io/third_party/cfitsio/putkey.c:655:12: warning: ‘__builtin_strncpy’ output truncated copying 2 bytes from a string of length 3 [-Wstringop-truncation]
  655 |            strncpy(&card[8], "   ",  2);  /* overwrite the '=' */
      |            ^
/mnt/f/Astro dev/Astro CS Normalization Database/lib/astro_image_io/third_party/cfitsio/quantize.c:3641:12: warning: ‘FnCompare_float’ defined but not used [-Wunused-function]
 3641 | static int FnCompare_float(const void *v1, const void *v2)
      |            ^~~~~~~~~~~~~~~
/mnt/f/Astro dev/Astro CS Normalization Database/lib/astro_image_io/third_party/cfitsio/quantize.c:3628:12: warning: ‘FnCompare_int’ defined but not used [-Wunused-function]
 3628 | static int FnCompare_int(const void *v1, const void *v2)
      |            ^~~~~~~~~~~~~
/mnt/f/Astro dev/Astro CS Normalization Database/lib/astro_image_io/third_party/cfitsio/quantize.c:3615:12: warning: ‘FnCompare_short’ defined but not used [-Wunused-function]
 3615 | static int FnCompare_short(const void *v1, const void *v2)
      |            ^~~~~~~~~~~~~~~
/mnt/f/Astro dev/Astro CS Normalization Database/lib/astro_image_io/third_party/cfitsio/quantize.c:3494:12: warning: ‘FnNoise1_double’ defined but not used [-Wunused-function]
 3494 | static int FnNoise1_double
      |            ^~~~~~~~~~~~~~~
/mnt/f/Astro dev/Astro CS Normalization Database/lib/astro_image_io/third_party/cfitsio/quantize.c:2487:12: warning: ‘FnNoise3_int’ defined but not used [-Wunused-function]
 2487 | static int FnNoise3_int
      |            ^~~~~~~~~~~~
/mnt/f/Astro dev/Astro CS Normalization Database/lib/astro_image_io/third_party/cfitsio/quantize.c:2269:12: warning: ‘FnNoise3_short’ defined but not used [-Wunused-function]
 2269 | static int FnNoise3_short
      |            ^~~~~~~~~~~~~~
/mnt/f/Astro dev/Astro CS Normalization Database/lib/astro_image_io/third_party/cfitsio/region.c: In function ‘fits_read_ascii_region’:
/mnt/f/Astro dev/Astro CS Normalization Database/lib/astro_image_io/third_party/cfitsio/region.c:202:26: warning: this statement may fall through [-Wimplicit-fallthrough=]
  202 |                   nParams++;  /* Fall through to default */
      |                   ~~~~~~~^~
/mnt/f/Astro dev/Astro CS Normalization Database/lib/astro_image_io/third_party/cfitsio/region.c:203:16: note: here
  203 |                default:
      |                ^~~~~~~
/mnt/f/Astro dev/Astro CS Normalization Database/lib/astro_image_io/third_party/cfitsio/region.c:119:10: warning: ignoring return value of ‘fgets’ declared with attribute ‘warn_unused_result’ [-Wunused-result]
  119 |          fgets( currLine+lineLen, allocLen+1, rgnFile );
      |          ^~~~~~~~~~~~~~~~~~~~~~~~~~~~~~~~~~~~~~~~~~~~~~
/mnt/f/Astro dev/Astro CS Normalization Database/lib/astro_image_io/third_party/cfitsio/ricecomp.c: In function ‘fits_rcomp’:
/mnt/f/Astro dev/Astro CS Normalization Database/lib/astro_image_io/third_party/cfitsio/ricecomp.c:70:48: warning: right-hand operand of comma expression has no effect [-Wunused-value]
   70 | #define putcbuf(c,mf)   ((*(mf->current)++ = c), 0)
      |                         ~~~~~~~~~~~~~~~~~~~~~~~^~~~
/mnt/f/Astro dev/Astro CS Normalization Database/lib/astro_image_io/third_party/cfitsio/ricecomp.c:267:21: note: in expansion of macro ‘putcbuf’
  267 |                     putcbuf(lbitbuffer & 0xff,buffer);
      |                     ^~~~~~~
/mnt/f/Astro dev/Astro CS Normalization Database/lib/astro_image_io/third_party/cfitsio/ricecomp.c:70:48: warning: right-hand operand of comma expression has no effect [-Wunused-value]
   70 | #define putcbuf(c,mf)   ((*(mf->current)++ = c), 0)
      |                         ~~~~~~~~~~~~~~~~~~~~~~~^~~~
/mnt/f/Astro dev/Astro CS Normalization Database/lib/astro_image_io/third_party/cfitsio/ricecomp.c:270:25: note: in expansion of macro ‘putcbuf’
  270 |                         putcbuf(0, buffer);
      |                         ^~~~~~~
/mnt/f/Astro dev/Astro CS Normalization Database/lib/astro_image_io/third_party/cfitsio/ricecomp.c:70:48: warning: right-hand operand of comma expression has no effect [-Wunused-value]
   70 | #define putcbuf(c,mf)   ((*(mf->current)++ = c), 0)
      |                         ~~~~~~~~~~~~~~~~~~~~~~~^~~~
/mnt/f/Astro dev/Astro CS Normalization Database/lib/astro_image_io/third_party/cfitsio/ricecomp.c:286:25: note: in expansion of macro ‘putcbuf’
  286 |                         putcbuf((lbitbuffer>>(-lbits_to_go)) & 0xff,buffer);
      |                         ^~~~~~~
/mnt/f/Astro dev/Astro CS Normalization Database/lib/astro_image_io/third_party/cfitsio/ricecomp.c: In function ‘fits_rcomp_short’:
/mnt/f/Astro dev/Astro CS Normalization Database/lib/astro_image_io/third_party/cfitsio/ricecomp.c:70:48: warning: right-hand operand of comma expression has no effect [-Wunused-value]
   70 | #define putcbuf(c,mf)   ((*(mf->current)++ = c), 0)
      |                         ~~~~~~~~~~~~~~~~~~~~~~~^~~~
/mnt/f/Astro dev/Astro CS Normalization Database/lib/astro_image_io/third_party/cfitsio/ricecomp.c:498:21: note: in expansion of macro ‘putcbuf’
  498 |                     putcbuf(lbitbuffer & 0xff,buffer);
      |                     ^~~~~~~
/mnt/f/Astro dev/Astro CS Normalization Database/lib/astro_image_io/third_party/cfitsio/ricecomp.c:70:48: warning: right-hand operand of comma expression has no effect [-Wunused-value]
   70 | #define putcbuf(c,mf)   ((*(mf->current)++ = c), 0)
      |                         ~~~~~~~~~~~~~~~~~~~~~~~^~~~
/mnt/f/Astro dev/Astro CS Normalization Database/lib/astro_image_io/third_party/cfitsio/ricecomp.c:500:25: note: in expansion of macro ‘putcbuf’
  500 |                         putcbuf(0, buffer);
      |                         ^~~~~~~
/mnt/f/Astro dev/Astro CS Normalization Database/lib/astro_image_io/third_party/cfitsio/ricecomp.c:70:48: warning: right-hand operand of comma expression has no effect [-Wunused-value]
   70 | #define putcbuf(c,mf)   ((*(mf->current)++ = c), 0)
      |                         ~~~~~~~~~~~~~~~~~~~~~~~^~~~
/mnt/f/Astro dev/Astro CS Normalization Database/lib/astro_image_io/third_party/cfitsio/ricecomp.c:516:25: note: in expansion of macro ‘putcbuf’
  516 |                         putcbuf((lbitbuffer>>(-lbits_to_go)) & 0xff,buffer);
      |                         ^~~~~~~
/mnt/f/Astro dev/Astro CS Normalization Database/lib/astro_image_io/third_party/cfitsio/ricecomp.c: In function ‘fits_rcomp_byte’:
/mnt/f/Astro dev/Astro CS Normalization Database/lib/astro_image_io/third_party/cfitsio/ricecomp.c:70:48: warning: right-hand operand of comma expression has no effect [-Wunused-value]
   70 | #define putcbuf(c,mf)   ((*(mf->current)++ = c), 0)
      |                         ~~~~~~~~~~~~~~~~~~~~~~~^~~~
/mnt/f/Astro dev/Astro CS Normalization Database/lib/astro_image_io/third_party/cfitsio/ricecomp.c:723:21: note: in expansion of macro ‘putcbuf’
  723 |                     putcbuf(lbitbuffer & 0xff,buffer);
      |                     ^~~~~~~
/mnt/f/Astro dev/Astro CS Normalization Database/lib/astro_image_io/third_party/cfitsio/ricecomp.c:70:48: warning: right-hand operand of comma expression has no effect [-Wunused-value]
   70 | #define putcbuf(c,mf)   ((*(mf->current)++ = c), 0)
      |                         ~~~~~~~~~~~~~~~~~~~~~~~^~~~
/mnt/f/Astro dev/Astro CS Normalization Database/lib/astro_image_io/third_party/cfitsio/ricecomp.c:725:25: note: in expansion of macro ‘putcbuf’
  725 |                         putcbuf(0, buffer);
      |                         ^~~~~~~
/mnt/f/Astro dev/Astro CS Normalization Database/lib/astro_image_io/third_party/cfitsio/ricecomp.c:70:48: warning: right-hand operand of comma expression has no effect [-Wunused-value]
   70 | #define putcbuf(c,mf)   ((*(mf->current)++ = c), 0)
      |                         ~~~~~~~~~~~~~~~~~~~~~~~^~~~
/mnt/f/Astro dev/Astro CS Normalization Database/lib/astro_image_io/third_party/cfitsio/ricecomp.c:741:25: note: in expansion of macro ‘putcbuf’
  741 |                         putcbuf((lbitbuffer>>(-lbits_to_go)) & 0xff,buffer);
      |                         ^~~~~~~
/mnt/f/Astro dev/Astro CS Normalization Database/lib/astro_image_io/third_party/cfitsio/ricecomp.c: In function ‘output_nbits’:
/mnt/f/Astro dev/Astro CS Normalization Database/lib/astro_image_io/third_party/cfitsio/ricecomp.c:70:48: warning: right-hand operand of comma expression has no effect [-Wunused-value]
   70 | #define putcbuf(c,mf)   ((*(mf->current)++ = c), 0)
      |                         ~~~~~~~~~~~~~~~~~~~~~~~^~~~
/mnt/f/Astro dev/Astro CS Normalization Database/lib/astro_image_io/third_party/cfitsio/ricecomp.c:812:9: note: in expansion of macro ‘putcbuf’
  812 |         putcbuf(lbitbuffer & 0xff,buffer);
      |         ^~~~~~~
/mnt/f/Astro dev/Astro CS Normalization Database/lib/astro_image_io/third_party/cfitsio/ricecomp.c:70:48: warning: right-hand operand of comma expression has no effect [-Wunused-value]
   70 | #define putcbuf(c,mf)   ((*(mf->current)++ = c), 0)
      |                         ~~~~~~~~~~~~~~~~~~~~~~~^~~~
/mnt/f/Astro dev/Astro CS Normalization Database/lib/astro_image_io/third_party/cfitsio/ricecomp.c:824:9: note: in expansion of macro ‘putcbuf’
  824 |         putcbuf((lbitbuffer>>(-lbits_to_go)) & 0xff,buffer);
      |         ^~~~~~~
/mnt/f/Astro dev/Astro CS Normalization Database/lib/astro_image_io/third_party/cfitsio/ricecomp.c: In function ‘done_outputing_bits’:
/mnt/f/Astro dev/Astro CS Normalization Database/lib/astro_image_io/third_party/cfitsio/ricecomp.c:70:48: warning: right-hand operand of comma expression has no effect [-Wunused-value]
   70 | #define putcbuf(c,mf)   ((*(mf->current)++ = c), 0)
      |                         ~~~~~~~~~~~~~~~~~~~~~~~^~~~
/mnt/f/Astro dev/Astro CS Normalization Database/lib/astro_image_io/third_party/cfitsio/ricecomp.c:837:9: note: in expansion of macro ‘putcbuf’
  837 |         putcbuf(buffer->bitbuffer<<buffer->bits_to_go,buffer);
      |         ^~~~~~~
/mnt/f/Astro dev/Astro CS Normalization Database/lib/astro_image_io/third_party/cfitsio/swapproc.c: In function ‘ffswap2’:
/mnt/f/Astro dev/Astro CS Normalization Database/lib/astro_image_io/third_party/cfitsio/swapproc.c:87:24: warning: comparison of integer expressions of different signedness: ‘long int’ and ‘long unsigned int’ [-Wsign-compare]
   87 |     for (ii = peel; ii < (nvals - peel - (nvals - peel) % 8); ii+=8) {
      |                        ^
/mnt/f/Astro dev/Astro CS Normalization Database/lib/astro_image_io/third_party/cfitsio/vmsieee.c:1:10: fatal error: cvtdef.h: No such file or directory
    1 | #include <cvtdef.h>
      |          ^~~~~~~~~~
compilation terminated.
/mnt/f/Astro dev/Astro CS Normalization Database/lib/astro_image_io/third_party/cfitsio/windumpexts.c:24:10: fatal error: windows.h: No such file or directory
   24 | #include <windows.h>
      |          ^~~~~~~~~~~
compilation terminated.
/mnt/f/Astro dev/Astro CS Normalization Database/lib/astro_image_io/third_party/cfitsio/zcompress.c: In function ‘uncompress2mem’:
/mnt/f/Astro dev/Astro CS Normalization Database/lib/astro_image_io/third_party/cfitsio/zcompress.c:53:26: warning: unused parameter ‘filename’ [-Wunused-parameter]
   53 | int uncompress2mem(char *filename,  /* name of input file                 */
      |                    ~~~~~~^~~~~~~~
/mnt/f/Astro dev/Astro CS Normalization Database/lib/astro_image_io/third_party/cfitsio/zcompress.c: In function ‘uncompress2file’:
/mnt/f/Astro dev/Astro CS Normalization Database/lib/astro_image_io/third_party/cfitsio/zcompress.c:356:13: warning: comparison of integer expressions of different signedness: ‘int’ and ‘long unsigned int’ [-Wsign-compare]
  356 |             != (d_stream.total_out - bytes_out)) {
      |             ^~
/mnt/f/Astro dev/Astro CS Normalization Database/lib/astro_image_io/third_party/cfitsio/zcompress.c:262:27: warning: unused parameter ‘filename’ [-Wunused-parameter]
  262 | int uncompress2file(char *filename,  /* name of input file                  */
      |                     ~~~~~~^~~~~~~~
/mnt/f/Astro dev/Astro CS Normalization Database/lib/astro_image_io/third_party/cfitsio/zuncompress.c: In function ‘write_buf’:
/mnt/f/Astro dev/Astro CS Normalization Database/lib/astro_image_io/third_party/cfitsio/zuncompress.c:581:27: warning: comparison of integer expressions of different signedness: ‘long int’ and ‘size_t’ {aka ‘long unsigned int’} [-Wsign-compare]
  581 |       if (bytes_out + cnt > *memsize)
      |                           ^
