path,type,shipping_target,module,production_or_test,loc,owner_doc,science_ids,algorithm_ids,api_ids,review_status,findings_p0,findings_p1,findings_p2,findings_p3,dead,duplicate,legacy,comment_hygiene,ownership_ok,thread_ok,error_ok,numeric_ok,performance_ok,tests_ok,docs_ok,reviewer_round
.clang-format,root,no,root,production,0,,,,,PENDING,0,0,0,0,,,,,,,,,,,,
.editorconfig,root,no,root,production,0,,,,,PENDING,0,0,0,0,,,,,,,,,,,,
.gitattributes,root,no,root,production,0,,,,,PENDING,0,0,0,0,,,,,,,,,,,,
.github/workflows/ci-linux.yml,aux,no,.github,production,0,,,,,PENDING,0,0,0,0,,,,,,,,,,,,
.github/workflows/ci-windows.yml,aux,no,.github,production,0,,,,,PENDING,0,0,0,0,,,,,,,,,,,,
.github/workflows/fatduck-admin.yml,aux,no,.github,production,0,,,,,PENDING,0,0,0,0,,,,,,,,,,,,
.github/workflows/fatduck.yml,aux,no,.github,production,0,,,,,PENDING,0,0,0,0,,,,,,,,,,,,
.gitignore,root,no,root,production,0,,,,,PENDING,0,0,0,0,,,,,,,,,,,,
ACCEPTANCE_SPEC.md,aux,no,ACCEPTANCE_SPEC.md,production,0,,,,,PENDING,0,0,0,0,,,,,,,,,,,,
AGENTS.md,root,no,root,production,0,,,,,PENDING,0,0,0,0,,,,,,,,,,,,
ASTROCS_DESIGN.md,aux,no,ASTROCS_DESIGN.md,production,0,,,,,PENDING,0,0,0,0,,,,,,,,,,,,
CMakeLists.txt,aux,no,CMakeLists.txt,production,0,,,,,PENDING,0,0,0,0,,,,,,,,,,,,
CMakePresets.json,aux,no,CMakePresets.json,production,0,,,,,PENDING,0,0,0,0,,,,,,,,,,,,
CONTROL_PACK_SPEC.md,aux,no,CONTROL_PACK_SPEC.md,production,0,,,,,PENDING,0,0,0,0,,,,,,,,,,,,
DEPENDENCIES.md,aux,no,DEPENDENCIES.md,production,0,,,,,PENDING,0,0,0,0,,,,,,,,,,,,
ENGINEERING_SPEC.md,aux,no,ENGINEERING_SPEC.md,production,0,,,,,PENDING,0,0,0,0,,,,,,,,,,,,
FATDUCK_ACCESS.md,aux,no,FATDUCK_ACCESS.md,production,0,,,,,PENDING,0,0,0,0,,,,,,,,,,,,
README.md,root,no,root,production,0,,,,,PENDING,0,0,0,0,,,,,,,,,,,,
VERSION,aux,no,VERSION,production,0,,,,,PENDING,0,0,0,0,,,,,,,,,,,,
artifacts/KNOWN_FAILURES_BASELINE.json,aux,no,artifacts,production,0,,,,,PENDING,0,0,0,0,,,,,,,,,,,,
artifacts/RELEASE-01/VIS-001/l3/gc_stretch.json,aux,no,artifacts,production,0,,,,,PENDING,0,0,0,0,,,,,,,,,,,,
artifacts/RELEASE-01/VIS-001/l3/m42_stretch.json,aux,no,artifacts,production,0,,,,,PENDING,0,0,0,0,,,,,,,,,,,,
artifacts/RELEASE-01/VIS-001/l4/chunks_gc/tiles_index.json,aux,no,artifacts,production,0,,,,,PENDING,0,0,0,0,,,,,,,,,,,,
artifacts/RELEASE-01/VIS-001/l4/chunks_m42/tiles_index.json,aux,no,artifacts,production,0,,,,,PENDING,0,0,0,0,,,,,,,,,,,,
artifacts/RELEASE-01/VIS-001/l4/gc_stretch.json,aux,no,artifacts,production,0,,,,,PENDING,0,0,0,0,,,,,,,,,,,,
artifacts/RELEASE-01/VIS-001/l4/m42_stretch.json,aux,no,artifacts,production,0,,,,,PENDING,0,0,0,0,,,,,,,,,,,,
artifacts/RELEASE-01/VIS-001/l4/profile2.py,aux,no,artifacts,production,0,,,,,PENDING,0,0,0,0,,,,,,,,,,,,
artifacts/RELEASE-01/VIS-001/l4/profile_and_crop.py,aux,no,artifacts,production,0,,,,,PENDING,0,0,0,0,,,,,,,,,,,,
artifacts/acceptance/L2/G-RES-01.json,aux,no,artifacts,production,0,,,,,PENDING,0,0,0,0,,,,,,,,,,,,
artifacts/acceptance/L3/EVIDENCE.json,aux,no,artifacts,production,0,,,,,PENDING,0,0,0,0,,,,,,,,,,,,
artifacts/acceptance/L4/STATUS.json,aux,no,artifacts,production,0,,,,,PENDING,0,0,0,0,,,,,,,,,,,,
artifacts/prerelease_v5/ISA-001/MEASUREMENTS.csv,aux,no,artifacts,production,0,,,,,PENDING,0,0,0,0,,,,,,,,,,,,
artifacts/prerelease_v5/ISA-002/MEASUREMENTS.csv,aux,no,artifacts,production,0,,,,,PENDING,0,0,0,0,,,,,,,,,,,,
artifacts/prerelease_v5/ISA-003/MEASUREMENTS.csv,aux,no,artifacts,production,0,,,,,PENDING,0,0,0,0,,,,,,,,,,,,
build.sh,aux,no,build.sh,production,0,,,,,PENDING,0,0,0,0,,,,,,,,,,,,
ci/ID_MIGRATION_MAP.md,aux,no,ci,production,0,,,,,PENDING,0,0,0,0,,,,,,,,,,,,
ci/INVENTORY_REPORT.md,aux,no,ci,production,0,,,,,PENDING,0,0,0,0,,,,,,,,,,,,
ci/WORKFLOW_BINDING_AUDIT.md,aux,no,ci,production,0,,,,,PENDING,0,0,0,0,,,,,,,,,,,,
ci/actions.lock.json,aux,no,ci,production,0,,,,,PENDING,0,0,0,0,,,,,,,,,,,,
ci/bootstrap.py,aux,no,ci,production,0,,,,,PENDING,0,0,0,0,,,,,,,,,,,,
ci/check_algo_wiring.py,aux,no,ci,production,0,,,,,PENDING,0,0,0,0,,,,,,,,,,,,
ci/check_config_consumed.py,aux,no,ci,production,0,,,,,PENDING,0,0,0,0,,,,,,,,,,,,
ci/check_config_defaults.py,aux,no,ci,production,0,,,,,PENDING,0,0,0,0,,,,,,,,,,,,
ci/check_prod_scale.py,aux,no,ci,production,0,,,,,PENDING,0,0,0,0,,,,,,,,,,,,
ci/check_provenance_consistency.py,aux,no,ci,production,0,,,,,PENDING,0,0,0,0,,,,,,,,,,,,
ci/check_realdata_e2e.py,aux,no,ci,production,0,,,,,PENDING,0,0,0,0,,,,,,,,,,,,
ci/check_registry_doc_sync.py,aux,no,ci,production,0,,,,,PENDING,0,0,0,0,,,,,,,,,,,,
ci/check_registry_ir_parity.py,aux,no,ci,production,0,,,,,PENDING,0,0,0,0,,,,,,,,,,,,
ci/check_spec_named_impl.py,aux,no,ci,production,0,,,,,PENDING,0,0,0,0,,,,,,,,,,,,
ci/check_test_index.py,aux,no,ci,production,0,,,,,PENDING,0,0,0,0,,,,,,,,,,,,
ci/check_version.py,aux,no,ci,production,0,,,,,PENDING,0,0,0,0,,,,,,,,,,,,
ci/checks.json,aux,no,ci,production,0,,,,,PENDING,0,0,0,0,,,,,,,,,,,,
ci/checks.schema.json,aux,no,ci,production,0,,,,,PENDING,0,0,0,0,,,,,,,,,,,,
ci/ci_repair_round.py,aux,no,ci,production,0,,,,,PENDING,0,0,0,0,,,,,,,,,,,,
ci/ci_result.schema.json,aux,no,ci,production,0,,,,,PENDING,0,0,0,0,,,,,,,,,,,,
ci/ctest_baseline.json,aux,no,ci,production,0,,,,,PENDING,0,0,0,0,,,,,,,,,,,,
ci/ctest_skip_register.json,aux,no,ci,production,0,,,,,PENDING,0,0,0,0,,,,,,,,,,,,
ci/exemptions.json,aux,no,ci,production,0,,,,,PENDING,0,0,0,0,,,,,,,,,,,,
ci/fixtures/provenance/applied_example.json,aux,no,ci,production,0,,,,,PENDING,0,0,0,0,,,,,,,,,,,,
ci/fixtures/provenance/neutral_p1_phot.json,aux,no,ci,production,0,,,,,PENDING,0,0,0,0,,,,,,,,,,,,
ci/fixtures/provenance/prefix_bug_evidence/README.md,aux,no,ci,production,0,,,,,PENDING,0,0,0,0,,,,,,,,,,,,
ci/fixtures/provenance/prefix_bug_evidence/m1_fakewcs_prefix.p1_phot.json,aux,no,ci,production,0,,,,,PENDING,0,0,0,0,,,,,,,,,,,,
ci/fixtures/provenance/prefix_bug_evidence/m1_real_prefix.p1_phot.json,aux,no,ci,production,0,,,,,PENDING,0,0,0,0,,,,,,,,,,,,
ci/gate_common.py,aux,no,ci,production,0,,,,,PENDING,0,0,0,0,,,,,,,,,,,,
ci/id_migration_map.json,aux,no,ci,production,0,,,,,PENDING,0,0,0,0,,,,,,,,,,,,
ci/impact_map.json,aux,no,ci,production,0,,,,,PENDING,0,0,0,0,,,,,,,,,,,,
ci/known_failures.json,aux,no,ci,production,0,,,,,PENDING,0,0,0,0,,,,,,,,,,,,
ci/ledgers/config_default_divergences.json,aux,no,ci,production,0,,,,,PENDING,0,0,0,0,,,,,,,,,,,,
ci/ledgers/dead_config_keys.json,aux,no,ci,production,0,,,,,PENDING,0,0,0,0,,,,,,,,,,,,
ci/ledgers/dormant_algorithms.json,aux,no,ci,production,0,,,,,PENDING,0,0,0,0,,,,,,,,,,,,
ci/ledgers/prod_scale_params.json,aux,no,ci,production,0,,,,,PENDING,0,0,0,0,,,,,,,,,,,,
ci/ledgers/provenance_exceptions.json,aux,no,ci,production,0,,,,,PENDING,0,0,0,0,,,,,,,,,,,,
ci/ledgers/registry_ir_parity.json,aux,no,ci,production,0,,,,,PENDING,0,0,0,0,,,,,,,,,,,,
ci/ledgers/spec_named_impl_gaps.json,aux,no,ci,production,0,,,,,PENDING,0,0,0,0,,,,,,,,,,,,
ci/mutation_gates.json,aux,no,ci,production,0,,,,,PENDING,0,0,0,0,,,,,,,,,,,,
ci/polarity_evidence.json,aux,no,ci,production,0,,,,,PENDING,0,0,0,0,,,,,,,,,,,,
ci/polarity_probe.py,aux,no,ci,production,0,,,,,PENDING,0,0,0,0,,,,,,,,,,,,
ci/prepare_linux_fixtures.py,aux,no,ci,production,0,,,,,PENDING,0,0,0,0,,,,,,,,,,,,
ci/reconcile_state.py,aux,no,ci,production,0,,,,,PENDING,0,0,0,0,,,,,,,,,,,,
ci/resource_monitor.py,aux,no,ci,production,0,,,,,PENDING,0,0,0,0,,,,,,,,,,,,
ci/root_manifest.json,aux,no,ci,production,0,,,,,PENDING,0,0,0,0,,,,,,,,,,,,
ci/run.py,aux,no,ci,production,0,,,,,PENDING,0,0,0,0,,,,,,,,,,,,
ci/run_checks.py,aux,no,ci,production,0,,,,,PENDING,0,0,0,0,,,,,,,,,,,,
ci/select_candidate.py,aux,no,ci,production,0,,,,,PENDING,0,0,0,0,,,,,,,,,,,,
ci/select_profile.py,aux,no,ci,production,0,,,,,PENDING,0,0,0,0,,,,,,,,,,,,
ci/spec_named_impls.json,aux,no,ci,production,0,,,,,PENDING,0,0,0,0,,,,,,,,,,,,
ci/steps/collect_bootstrap_diag.py,aux,no,ci,production,0,,,,,PENDING,0,0,0,0,,,,,,,,,,,,
ci/steps/linux_build_root_graph.sh,aux,no,ci,production,0,,,,,PENDING,0,0,0,0,,,,,,,,,,,,
ci/steps/linux_prepare_fixtures.sh,aux,no,ci,production,0,,,,,PENDING,0,0,0,0,,,,,,,,,,,,
ci/tests/__init__.py,aux,no,ci,production,0,,,,,PENDING,0,0,0,0,,,,,,,,,,,,
ci/tests/_helpers.py,aux,no,ci,production,0,,,,,PENDING,0,0,0,0,,,,,,,,,,,,
ci/tests/test_bootstrap_utf8.py,aux,no,ci,production,0,,,,,PENDING,0,0,0,0,,,,,,,,,,,,
ci/tests/test_ci001_failclosed.py,aux,no,ci,production,0,,,,,PENDING,0,0,0,0,,,,,,,,,,,,
ci/tests/test_ci001b_binding.py,aux,no,ci,production,0,,,,,PENDING,0,0,0,0,,,,,,,,,,,,
ci/tests/test_ci001b_wf_step.py,aux,no,ci,production,0,,,,,PENDING,0,0,0,0,,,,,,,,,,,,
ci/tests/test_ci_repair_round.py,aux,no,ci,production,0,,,,,PENDING,0,0,0,0,,,,,,,,,,,,
ci/tests/test_ctest_registration.py,aux,no,ci,production,0,,,,,PENDING,0,0,0,0,,,,,,,,,,,,
ci/tests/test_deep_profiles.py,aux,no,ci,production,0,,,,,PENDING,0,0,0,0,,,,,,,,,,,,
ci/tests/test_fatduck_workflow.py,aux,no,ci,production,0,,,,,PENDING,0,0,0,0,,,,,,,,,,,,
ci/tests/test_gap4_empty_outputs_guard.py,aux,no,ci,production,0,,,,,PENDING,0,0,0,0,,,,,,,,,,,,
ci/tests/test_impact_map.py,aux,no,ci,production,0,,,,,PENDING,0,0,0,0,,,,,,,,,,,,
ci/tests/test_negative_guards.py,aux,no,ci,production,0,,,,,PENDING,0,0,0,0,,,,,,,,,,,,
ci/tests/test_resource_monitor_shim.py,aux,no,ci,production,0,,,,,PENDING,0,0,0,0,,,,,,,,,,,,
ci/tests/test_resource_probe.py,aux,no,ci,production,0,,,,,PENDING,0,0,0,0,,,,,,,,,,,,
ci/tests/test_run_monitored.py,aux,no,ci,production,0,,,,,PENDING,0,0,0,0,,,,,,,,,,,,
ci/tests/test_run_prefix_probe.py,aux,no,ci,production,0,,,,,PENDING,0,0,0,0,,,,,,,,,,,,
ci/tests/test_runner_contract.py,aux,no,ci,production,0,,,,,PENDING,0,0,0,0,,,,,,,,,,,,
ci/tests/test_runner_execution.py,aux,no,ci,production,0,,,,,PENDING,0,0,0,0,,,,,,,,,,,,
ci/tests/test_runner_selection.py,aux,no,ci,production,0,,,,,PENDING,0,0,0,0,,,,,,,,,,,,
ci/tests/test_verify_remote_run.py,aux,no,ci,production,0,,,,,PENDING,0,0,0,0,,,,,,,,,,,,
ci/tests/test_windows_ci.py,aux,no,ci,production,0,,,,,PENDING,0,0,0,0,,,,,,,,,,,,
ci/tests/test_workflow_lock.py,aux,no,ci,production,0,,,,,PENDING,0,0,0,0,,,,,,,,,,,,
ci/toolchain.lock.json,aux,no,ci,production,0,,,,,PENDING,0,0,0,0,,,,,,,,,,,,
ci/toolchain.policy.json,aux,no,ci,production,0,,,,,PENDING,0,0,0,0,,,,,,,,,,,,
ci/validate_candidate.py,aux,no,ci,production,0,,,,,PENDING,0,0,0,0,,,,,,,,,,,,
ci/validate_registry.py,aux,no,ci,production,0,,,,,PENDING,0,0,0,0,,,,,,,,,,,,
ci/validate_workflow_binding.py,aux,no,ci,production,0,,,,,PENDING,0,0,0,0,,,,,,,,,,,,
ci/verify_actions_lock.py,aux,no,ci,production,0,,,,,PENDING,0,0,0,0,,,,,,,,,,,,
ci/verify_ciqa_report.py,aux,no,ci,production,0,,,,,PENDING,0,0,0,0,,,,,,,,,,,,
ci/verify_remote_run.py,aux,no,ci,production,0,,,,,PENDING,0,0,0,0,,,,,,,,,,,,
ci/verify_toolchain.py,aux,no,ci,production,0,,,,,PENDING,0,0,0,0,,,,,,,,,,,,
ci/verify_workspace_adoption.py,aux,no,ci,production,0,,,,,PENDING,0,0,0,0,,,,,,,,,,,,
ci/wf_step.py,aux,no,ci,production,0,,,,,PENDING,0,0,0,0,,,,,,,,,,,,
ci/workflow_binding.json,aux,no,ci,production,0,,,,,PENDING,0,0,0,0,,,,,,,,,,,,
cmake/ARCH-001-migration-manifest.md,aux,no,cmake,production,0,,,,,PENDING,0,0,0,0,,,,,,,,,,,,
cmake/astrocs.product.windows.json.in,aux,no,cmake,production,0,,,,,PENDING,0,0,0,0,,,,,,,,,,,,
cmake/cfitsio_sources.cmake,aux,no,cmake,production,0,,,,,PENDING,0,0,0,0,,,,,,,,,,,,
cmake/install_layout.cmake,aux,no,cmake,production,0,,,,,PENDING,0,0,0,0,,,,,,,,,,,,
cmake/qa_coverage_report.sh,aux,no,cmake,production,0,,,,,PENDING,0,0,0,0,,,,,,,,,,,,
cmake/toolchain/verify_toolchain.py,aux,no,cmake,production,0,,,,,PENDING,0,0,0,0,,,,,,,,,,,,
cmake/win32_pthread_shim/pthread.h,aux,no,cmake,production,95,,,,,PENDING,0,0,0,0,,,,,,,,,,,,
cmake/win32_pthread_shim/unistd.h,aux,no,cmake,production,6,,,,,PENDING,0,0,0,0,,,,,,,,,,,,
config/config_registry.json,aux,no,config,production,0,,,,,PENDING,0,0,0,0,,,,,,,,,,,,
config/defaults.json,aux,no,config,production,0,,,,,PENDING,0,0,0,0,,,,,,,,,,,,
config/filters.json,aux,no,config,production,0,,,,,PENDING,0,0,0,0,,,,,,,,,,,,
config/templates/export.phase_config.json,aux,no,config,production,0,,,,,PENDING,0,0,0,0,,,,,,,,,,,,
config/templates/mosaic.phase_config.json,aux,no,config,production,0,,,,,PENDING,0,0,0,0,,,,,,,,,,,,
config/templates/normalize.phase_config.json,aux,no,config,production,0,,,,,PENDING,0,0,0,0,,,,,,,,,,,,
contracts/config/cli_modules_list.schema.json,aux,no,contracts,production,0,,,,,PENDING,0,0,0,0,,,,,,,,,,,,
contracts/config/cli_selftest.schema.json,aux,no,contracts,production,0,,,,,PENDING,0,0,0,0,,,,,,,,,,,,
contracts/config/module_dll_contract.schema.json,aux,no,contracts,production,0,,,,,PENDING,0,0,0,0,,,,,,,,,,,,
contracts/config/module_lifecycle_contract.schema.json,aux,no,contracts,production,0,,,,,PENDING,0,0,0,0,,,,,,,,,,,,
contracts/data/aio_abi_contract_v1.json,aux,no,contracts,production,0,,,,,PENDING,0,0,0,0,,,,,,,,,,,,
contracts/data/artifact_manifest.schema.json,aux,no,contracts,production,0,,,,,PENDING,0,0,0,0,,,,,,,,,,,,
contracts/data/artifact_types.registry.json,aux,no,contracts,production,0,,,,,PENDING,0,0,0,0,,,,,,,,,,,,
contracts/data/examples/external_fixture_hips.example.json,aux,no,contracts,production,0,,,,,PENDING,0,0,0,0,,,,,,,,,,,,
contracts/data/examples/frame_hips_manifest.example.json,aux,no,contracts,production,0,,,,,PENDING,0,0,0,0,,,,,,,,,,,,
contracts/data/examples/phase1_product_v1.example.json,aux,no,contracts,production,0,,,,,PENDING,0,0,0,0,,,,,,,,,,,,
contracts/data/examples/phase2_mosaic_v1.example.json,aux,no,contracts,production,0,,,,,PENDING,0,0,0,0,,,,,,,,,,,,
contracts/data/examples/phase3_planar_fits_v1.example.json,aux,no,contracts,production,0,,,,,PENDING,0,0,0,0,,,,,,,,,,,,
contracts/data/examples/v6/covariance.example.json,aux,no,contracts,production,0,,,,,PENDING,0,0,0,0,,,,,,,,,,,,
contracts/data/examples/v6/effective-psf.example.json,aux,no,contracts,production,0,,,,,PENDING,0,0,0,0,,,,,,,,,,,,
contracts/data/examples/v6/phase3.example.json,aux,no,contracts,production,0,,,,,PENDING,0,0,0,0,,,,,,,,,,,,
contracts/data/examples/v6/point-information.example.json,aux,no,contracts,production,0,,,,,PENDING,0,0,0,0,,,,,,,,,,,,
contracts/data/examples/v6/provenance.example.json,aux,no,contracts,production,0,,,,,PENDING,0,0,0,0,,,,,,,,,,,,
contracts/data/examples/v6/psf.example.json,aux,no,contracts,production,0,,,,,PENDING,0,0,0,0,,,,,,,,,,,,
contracts/data/examples/v6/psfsw.example.json,aux,no,contracts,production,0,,,,,PENDING,0,0,0,0,,,,,,,,,,,,
contracts/data/examples/v6/signal.example.json,aux,no,contracts,production,0,,,,,PENDING,0,0,0,0,,,,,,,,,,,,
contracts/data/examples/v6/units.example.json,aux,no,contracts,production,0,,,,,PENDING,0,0,0,0,,,,,,,,,,,,
contracts/data/examples/v6/weight-mode.example.json,aux,no,contracts,production,0,,,,,PENDING,0,0,0,0,,,,,,,,,,,,
contracts/data/phase2_uncertainty_rejection_provenance_v1.json,aux,no,contracts,production,0,,,,,PENDING,0,0,0,0,,,,,,,,,,,,
contracts/data/phase_product_exchange.schema.json,aux,no,contracts,production,0,,,,,PENDING,0,0,0,0,,,,,,,,,,,,
contracts/data/phase_product_exchange_matrix.json,aux,no,contracts,production,0,,,,,PENDING,0,0,0,0,,,,,,,,,,,,
contracts/data/unified_object_compatibility_map_v1.json,aux,no,contracts,production,0,,,,,PENDING,0,0,0,0,,,,,,,,,,,,
contracts/data/v6_data_dictionary_v1.json,aux,no,contracts,production,0,,,,,PENDING,0,0,0,0,,,,,,,,,,,,
contracts/data/v6_migration_map_v1.json,aux,no,contracts,production,0,,,,,PENDING,0,0,0,0,,,,,,,,,,,,
contracts/data/v6_weight_vocabulary_v1.json,aux,no,contracts,production,0,,,,,PENDING,0,0,0,0,,,,,,,,,,,,
contracts/proposals/v6/data/astrocs.v6.covariance.v1.schema.json,aux,no,contracts,production,0,,,,,PENDING,0,0,0,0,,,,,,,,,,,,
contracts/proposals/v6/data/astrocs.v6.data-design-catalog.v1.json,aux,no,contracts,production,0,,,,,PENDING,0,0,0,0,,,,,,,,,,,,
contracts/proposals/v6/data/astrocs.v6.effective-psf.v1.schema.json,aux,no,contracts,production,0,,,,,PENDING,0,0,0,0,,,,,,,,,,,,
contracts/proposals/v6/data/astrocs.v6.phase3.v1.schema.json,aux,no,contracts,production,0,,,,,PENDING,0,0,0,0,,,,,,,,,,,,
contracts/proposals/v6/data/astrocs.v6.point-information.v1.schema.json,aux,no,contracts,production,0,,,,,PENDING,0,0,0,0,,,,,,,,,,,,
contracts/proposals/v6/data/astrocs.v6.provenance.v1.schema.json,aux,no,contracts,production,0,,,,,PENDING,0,0,0,0,,,,,,,,,,,,
contracts/proposals/v6/data/astrocs.v6.psf.v1.schema.json,aux,no,contracts,production,0,,,,,PENDING,0,0,0,0,,,,,,,,,,,,
contracts/proposals/v6/data/astrocs.v6.psfsw.v1.schema.json,aux,no,contracts,production,0,,,,,PENDING,0,0,0,0,,,,,,,,,,,,
contracts/proposals/v6/data/astrocs.v6.signal.v1.schema.json,aux,no,contracts,production,0,,,,,PENDING,0,0,0,0,,,,,,,,,,,,
contracts/proposals/v6/data/astrocs.v6.units.v1.schema.json,aux,no,contracts,production,0,,,,,PENDING,0,0,0,0,,,,,,,,,,,,
contracts/proposals/v6/data/astrocs.v6.weight-mode.v1.schema.json,aux,no,contracts,production,0,,,,,PENDING,0,0,0,0,,,,,,,,,,,,
contracts/proposals/v6/data/examples/effective-psf.example.json,aux,no,contracts,production,0,,,,,PENDING,0,0,0,0,,,,,,,,,,,,
contracts/proposals/v6/data/examples/phase3.example.json,aux,no,contracts,production,0,,,,,PENDING,0,0,0,0,,,,,,,,,,,,
contracts/proposals/v6/data/examples/point-information.example.json,aux,no,contracts,production,0,,,,,PENDING,0,0,0,0,,,,,,,,,,,,
contracts/proposals/v6/data/examples/provenance.example.json,aux,no,contracts,production,0,,,,,PENDING,0,0,0,0,,,,,,,,,,,,
contracts/proposals/v6/data/examples/psfsw.example.json,aux,no,contracts,production,0,,,,,PENDING,0,0,0,0,,,,,,,,,,,,
contracts/proposals/v6/data/examples/signal.example.json,aux,no,contracts,production,0,,,,,PENDING,0,0,0,0,,,,,,,,,,,,
contracts/resource_gate_v1.json,aux,no,contracts,production,0,,,,,PENDING,0,0,0,0,,,,,,,,,,,,
contracts/schemas/contract_index.schema.json,aux,no,contracts,production,0,,,,,PENDING,0,0,0,0,,,,,,,,,,,,
contracts/schemas/cpu_profile.schema.json,aux,no,contracts,production,0,,,,,PENDING,0,0,0,0,,,,,,,,,,,,
contracts/schemas/hardware_inspect.schema.json,aux,no,contracts,production,0,,,,,PENDING,0,0,0,0,,,,,,,,,,,,
contracts/schemas/jsonl_event_v1.schema.json,aux,no,contracts,production,0,,,,,PENDING,0,0,0,0,,,,,,,,,,,,
contracts/schemas/phase_config_export.schema.json,aux,no,contracts,production,0,,,,,PENDING,0,0,0,0,,,,,,,,,,,,
contracts/schemas/phase_config_mosaic.schema.json,aux,no,contracts,production,0,,,,,PENDING,0,0,0,0,,,,,,,,,,,,
contracts/schemas/phase_config_normalize.schema.json,aux,no,contracts,production,0,,,,,PENDING,0,0,0,0,,,,,,,,,,,,
contracts/schemas/projection_registry.schema.json,aux,no,contracts,production,0,,,,,PENDING,0,0,0,0,,,,,,,,,,,,
contracts/schemas/run_manifest.schema.json,aux,no,contracts,production,0,,,,,PENDING,0,0,0,0,,,,,,,,,,,,
contracts/schemas/task_result.schema.json,aux,no,contracts,production,0,,,,,PENDING,0,0,0,0,,,,,,,,,,,,
contracts/schemas/traceability_matrix.schema.json,aux,no,contracts,production,0,,,,,PENDING,0,0,0,0,,,,,,,,,,,,
contracts/schemas/unified/coverage.schema.json,aux,no,contracts,production,0,,,,,PENDING,0,0,0,0,,,,,,,,,,,,
contracts/schemas/unified/depth_m5.schema.json,aux,no,contracts,production,0,,,,,PENDING,0,0,0,0,,,,,,,,,,,,
contracts/schemas/unified/examples/coverage.example.json,aux,no,contracts,production,0,,,,,PENDING,0,0,0,0,,,,,,,,,,,,
contracts/schemas/unified/examples/depth_m5.example.json,aux,no,contracts,production,0,,,,,PENDING,0,0,0,0,,,,,,,,,,,,
contracts/schemas/unified/examples/frame_snr.example.json,aux,no,contracts,production,0,,,,,PENDING,0,0,0,0,,,,,,,,,,,,
contracts/schemas/unified/examples/ivar.example.json,aux,no,contracts,production,0,,,,,PENDING,0,0,0,0,,,,,,,,,,,,
contracts/schemas/unified/examples/point_information.example.json,aux,no,contracts,production,0,,,,,PENDING,0,0,0,0,,,,,,,,,,,,
contracts/schemas/unified/examples/provenance.example.json,aux,no,contracts,production,0,,,,,PENDING,0,0,0,0,,,,,,,,,,,,
contracts/schemas/unified/examples/psfsw_robust_weight.example.json,aux,no,contracts,production,0,,,,,PENDING,0,0,0,0,,,,,,,,,,,,
contracts/schemas/unified/examples/rejection.example.json,aux,no,contracts,production,0,,,,,PENDING,0,0,0,0,,,,,,,,,,,,
contracts/schemas/unified/examples/signal.example.json,aux,no,contracts,production,0,,,,,PENDING,0,0,0,0,,,,,,,,,,,,
contracts/schemas/unified/examples/signal_flux.example.json,aux,no,contracts,production,0,,,,,PENDING,0,0,0,0,,,,,,,,,,,,
contracts/schemas/unified/examples/source_snr.example.json,aux,no,contracts,production,0,,,,,PENDING,0,0,0,0,,,,,,,,,,,,
contracts/schemas/unified/examples/sparse_snr_layer.example.json,aux,no,contracts,production,0,,,,,PENDING,0,0,0,0,,,,,,,,,,,,
contracts/schemas/unified/examples/support.example.json,aux,no,contracts,production,0,,,,,PENDING,0,0,0,0,,,,,,,,,,,,
contracts/schemas/unified/examples/validity.example.json,aux,no,contracts,production,0,,,,,PENDING,0,0,0,0,,,,,,,,,,,,
contracts/schemas/unified/examples/variance.example.json,aux,no,contracts,production,0,,,,,PENDING,0,0,0,0,,,,,,,,,,,,
contracts/schemas/unified/frame_snr.schema.json,aux,no,contracts,production,0,,,,,PENDING,0,0,0,0,,,,,,,,,,,,
contracts/schemas/unified/ivar.schema.json,aux,no,contracts,production,0,,,,,PENDING,0,0,0,0,,,,,,,,,,,,
contracts/schemas/unified/negative/EXPECTED.json,aux,no,contracts,production,0,,,,,PENDING,0,0,0,0,,,,,,,,,,,,
contracts/schemas/unified/negative/n1_bare_weight.schema-violation.json,aux,no,contracts,production,0,,,,,PENDING,0,0,0,0,,,,,,,,,,,,
contracts/schemas/unified/negative/n2_source_snr_as_variance.schema-violation.json,aux,no,contracts,production,0,,,,,PENDING,0,0,0,0,,,,,,,,,,,,
contracts/schemas/unified/negative/n3_coverage_as_rejection.schema-violation.json,aux,no,contracts,production,0,,,,,PENDING,0,0,0,0,,,,,,,,,,,,
contracts/schemas/unified/negative/n4_source_snr_into_variance_port.schema-violation.json,aux,no,contracts,production,0,,,,,PENDING,0,0,0,0,,,,,,,,,,,,
contracts/schemas/unified/point_information.schema.json,aux,no,contracts,production,0,,,,,PENDING,0,0,0,0,,,,,,,,,,,,
contracts/schemas/unified/port_contract.schema.json,aux,no,contracts,production,0,,,,,PENDING,0,0,0,0,,,,,,,,,,,,
contracts/schemas/unified/provenance.schema.json,aux,no,contracts,production,0,,,,,PENDING,0,0,0,0,,,,,,,,,,,,
contracts/schemas/unified/psfsw_robust_weight.schema.json,aux,no,contracts,production,0,,,,,PENDING,0,0,0,0,,,,,,,,,,,,
contracts/schemas/unified/rejection.schema.json,aux,no,contracts,production,0,,,,,PENDING,0,0,0,0,,,,,,,,,,,,
contracts/schemas/unified/signal.schema.json,aux,no,contracts,production,0,,,,,PENDING,0,0,0,0,,,,,,,,,,,,
contracts/schemas/unified/source_snr.schema.json,aux,no,contracts,production,0,,,,,PENDING,0,0,0,0,,,,,,,,,,,,
contracts/schemas/unified/sparse_snr_layer.schema.json,aux,no,contracts,production,0,,,,,PENDING,0,0,0,0,,,,,,,,,,,,
contracts/schemas/unified/support.schema.json,aux,no,contracts,production,0,,,,,PENDING,0,0,0,0,,,,,,,,,,,,
contracts/schemas/unified/validity.schema.json,aux,no,contracts,production,0,,,,,PENDING,0,0,0,0,,,,,,,,,,,,
contracts/schemas/unified/variance.schema.json,aux,no,contracts,production,0,,,,,PENDING,0,0,0,0,,,,,,,,,,,,
contracts/schemas/v6/astrocs.v6.covariance.v1.schema.json,aux,no,contracts,production,0,,,,,PENDING,0,0,0,0,,,,,,,,,,,,
contracts/schemas/v6/astrocs.v6.effective-psf.v1.schema.json,aux,no,contracts,production,0,,,,,PENDING,0,0,0,0,,,,,,,,,,,,
contracts/schemas/v6/astrocs.v6.phase3.v1.schema.json,aux,no,contracts,production,0,,,,,PENDING,0,0,0,0,,,,,,,,,,,,
contracts/schemas/v6/astrocs.v6.point-information.v1.schema.json,aux,no,contracts,production,0,,,,,PENDING,0,0,0,0,,,,,,,,,,,,
contracts/schemas/v6/astrocs.v6.provenance.v1.schema.json,aux,no,contracts,production,0,,,,,PENDING,0,0,0,0,,,,,,,,,,,,
contracts/schemas/v6/astrocs.v6.psf.v1.schema.json,aux,no,contracts,production,0,,,,,PENDING,0,0,0,0,,,,,,,,,,,,
contracts/schemas/v6/astrocs.v6.psfsw.v1.schema.json,aux,no,contracts,production,0,,,,,PENDING,0,0,0,0,,,,,,,,,,,,
contracts/schemas/v6/astrocs.v6.signal.v1.schema.json,aux,no,contracts,production,0,,,,,PENDING,0,0,0,0,,,,,,,,,,,,
contracts/schemas/v6/astrocs.v6.units.v1.schema.json,aux,no,contracts,production,0,,,,,PENDING,0,0,0,0,,,,,,,,,,,,
contracts/schemas/v6/astrocs.v6.weight-mode.v1.schema.json,aux,no,contracts,production,0,,,,,PENDING,0,0,0,0,,,,,,,,,,,,
contracts/schemas/version.schema.json,aux,no,contracts,production,0,,,,,PENDING,0,0,0,0,,,,,,,,,,,,
docs/API_REFERENCE.md,doc,no,docs,production,0,,,,,PENDING,0,0,0,0,,,,,,,,,,,,
docs/ARCHITECTURE.md,doc,no,docs,production,0,,,,,PENDING,0,0,0,0,,,,,,,,,,,,
docs/DEVELOPER_GUIDE.md,doc,no,docs,production,0,,,,,PENDING,0,0,0,0,,,,,,,,,,,,
docs/DOCUMENT_INDEX.yaml,doc,no,docs,production,0,,,,,PENDING,0,0,0,0,,,,,,,,,,,,
docs/GLOSSARY.md,doc,no,docs,production,0,,,,,PENDING,0,0,0,0,,,,,,,,,,,,
docs/KNOWN_LIMITATIONS.md,doc,no,docs,production,0,,,,,PENDING,0,0,0,0,,,,,,,,,,,,
docs/README-DOCS.md,doc,no,docs,production,0,,,,,PENDING,0,0,0,0,,,,,,,,,,,,
docs/RELEASE_STATUS.md,doc,no,docs,production,0,,,,,PENDING,0,0,0,0,,,,,,,,,,,,
docs/TRACEABILITY.csv,doc,no,docs,production,0,,,,,PENDING,0,0,0,0,,,,,,,,,,,,
docs/TROUBLESHOOTING.md,doc,no,docs,production,0,,,,,PENDING,0,0,0,0,,,,,,,,,,,,
docs/VERSIONING.md,doc,no,docs,production,0,,,,,PENDING,0,0,0,0,,,,,,,,,,,,
docs/algorithms/ACR_EQUIVALENCE.md,doc,no,docs,production,0,,,,,PENDING,0,0,0,0,,,,,,,,,,,,
docs/algorithms/CALIBRATION_ALGORITHMS.md,doc,no,docs,production,0,,,,,PENDING,0,0,0,0,,,,,,,,,,,,
docs/algorithms/COSMETIC_ALGORITHMS.md,doc,no,docs,production,0,,,,,PENDING,0,0,0,0,,,,,,,,,,,,
docs/algorithms/DRIZZLE_GEOMETRY.md,doc,no,docs,production,0,,,,,PENDING,0,0,0,0,,,,,,,,,,,,
docs/algorithms/GAIA_QUERY.md,doc,no,docs,production,0,,,,,PENDING,0,0,0,0,,,,,,,,,,,,
docs/algorithms/GATES_AND_TOLERANCES.md,doc,no,docs,production,0,,,,,PENDING,0,0,0,0,,,,,,,,,,,,
docs/algorithms/HEALPIX_MAPPING.md,doc,no,docs,production,0,,,,,PENDING,0,0,0,0,,,,,,,,,,,,
docs/algorithms/HIPS_WRITER.md,doc,no,docs,production,0,,,,,PENDING,0,0,0,0,,,,,,,,,,,,
docs/algorithms/INTEGRATION_ALGORITHMS.md,doc,no,docs,production,0,,,,,PENDING,0,0,0,0,,,,,,,,,,,,
docs/algorithms/NOISE_ESTIMATION.md,doc,no,docs,production,0,,,,,PENDING,0,0,0,0,,,,,,,,,,,,
docs/algorithms/PHASE2_COVERAGE.md,doc,no,docs,production,0,,,,,PENDING,0,0,0,0,,,,,,,,,,,,
docs/algorithms/PHASE2_INTEGRATION.md,doc,no,docs,production,0,,,,,PENDING,0,0,0,0,,,,,,,,,,,,
docs/algorithms/PHASE2_MOSAIC_WRITE.md,doc,no,docs,production,0,,,,,PENDING,0,0,0,0,,,,,,,,,,,,
docs/algorithms/PHASE2_REJECTION.md,doc,no,docs,production,0,,,,,PENDING,0,0,0,0,,,,,,,,,,,,
docs/algorithms/PHASE2_SAMPLER.md,doc,no,docs,production,0,,,,,PENDING,0,0,0,0,,,,,,,,,,,,
docs/algorithms/PHASE2_SESSION.md,doc,no,docs,production,0,,,,,PENDING,0,0,0,0,,,,,,,,,,,,
docs/algorithms/PHASE2_UPM_IMPL.md,doc,no,docs,production,0,,,,,PENDING,0,0,0,0,,,,,,,,,,,,
docs/algorithms/PHASE3_FITS_IMPL.md,doc,no,docs,production,0,,,,,PENDING,0,0,0,0,,,,,,,,,,,,
docs/algorithms/PHASE3_PROJ_IMPL.md,doc,no,docs,production,0,,,,,PENDING,0,0,0,0,,,,,,,,,,,,
docs/algorithms/PHASE3_RESAMPLE.md,doc,no,docs,production,0,,,,,PENDING,0,0,0,0,,,,,,,,,,,,
docs/algorithms/PHASE3_RSMP_IMPL.md,doc,no,docs,production,0,,,,,PENDING,0,0,0,0,,,,,,,,,,,,
docs/algorithms/PHOTOMETRIC_FIT.md,doc,no,docs,production,0,,,,,PENDING,0,0,0,0,,,,,,,,,,,,
docs/algorithms/PLATESOLVE.md,doc,no,docs,production,0,,,,,PENDING,0,0,0,0,,,,,,,,,,,,
docs/algorithms/REJECTION_ALGORITHMS.md,doc,no,docs,production,0,,,,,PENDING,0,0,0,0,,,,,,,,,,,,
docs/algorithms/STAR_DETECTION_ALGORITHMS.md,doc,no,docs,production,0,,,,,PENDING,0,0,0,0,,,,,,,,,,,,
docs/algorithms/STAR_PSF_ALGORITHMS.md,doc,no,docs,production,0,,,,,PENDING,0,0,0,0,,,,,,,,,,,,
docs/algorithms/UPM_SOLVER.md,doc,no,docs,production,0,,,,,PENDING,0,0,0,0,,,,,,,,,,,,
docs/algorithms/anchors/ANCHOR_CONTRACT.md,doc,no,docs,production,0,,,,,PENDING,0,0,0,0,,,,,,,,,,,,
docs/algorithms/anchors/anchor_contract.json,doc,no,docs,production,0,,,,,PENDING,0,0,0,0,,,,,,,,,,,,
docs/algorithms/anchors/check_doc_line_anchors.py,doc,no,docs,production,0,,,,,PENDING,0,0,0,0,,,,,,,,,,,,
docs/algorithms/v6/frozen/00_README.md,doc,no,docs,production,0,,,,,PENDING,0,0,0,0,,,,,,,,,,,,
docs/algorithms/v6/frozen/01_NUMERIC_THRESHOLD_FREEZE.md,doc,no,docs,production,0,,,,,PENDING,0,0,0,0,,,,,,,,,,,,
docs/algorithms/v6/frozen/02_GATE_AND_MUTATION_FREEZE.md,doc,no,docs,production,0,,,,,PENDING,0,0,0,0,,,,,,,,,,,,
docs/algorithms/v6/phase1/ALG_P1_001_PHASE1_ALGORITHM_SPEC.md,doc,no,docs,production,0,,,,,PENDING,0,0,0,0,,,,,,,,,,,,
docs/algorithms/v6/phase1/ALG_P1_001_TEST_MATRIX.md,doc,no,docs,production,0,,,,,PENDING,0,0,0,0,,,,,,,,,,,,
docs/algorithms/v6/phase1/EVIDENCE.md,doc,no,docs,production,0,,,,,PENDING,0,0,0,0,,,,,,,,,,,,
docs/algorithms/v6/phase1/README.md,doc,no,docs,production,0,,,,,PENDING,0,0,0,0,,,,,,,,,,,,
docs/algorithms/v6/phase1/alg_p1_001_spec.json,doc,no,docs,production,0,,,,,PENDING,0,0,0,0,,,,,,,,,,,,
docs/algorithms/v6/phase1/alg_p1_001_test_matrix.json,doc,no,docs,production,0,,,,,PENDING,0,0,0,0,,,,,,,,,,,,
docs/algorithms/v6/phase1/tools/verify_alg_p1_001.py,doc,no,docs,production,0,,,,,PENDING,0,0,0,0,,,,,,,,,,,,
docs/algorithms/v6/phase2-point/ALG-P2-POINT-001_GATES.md,doc,no,docs,production,0,,,,,PENDING,0,0,0,0,,,,,,,,,,,,
docs/algorithms/v6/phase2-point/ALG-P2-POINT-001_SPEC.md,doc,no,docs,production,0,,,,,PENDING,0,0,0,0,,,,,,,,,,,,
docs/algorithms/v6/phase2-point/README.md,doc,no,docs,production,0,,,,,PENDING,0,0,0,0,,,,,,,,,,,,
docs/algorithms/v6/phase2-psfsw/PSFSW_ALGORITHM_SPEC.md,doc,no,docs,production,0,,,,,PENDING,0,0,0,0,,,,,,,,,,,,
docs/algorithms/v6/phase2-psfsw/PSFSW_BASELINE_COMPARISON.md,doc,no,docs,production,0,,,,,PENDING,0,0,0,0,,,,,,,,,,,,
docs/algorithms/v6/phase2-psfsw/PSFSW_FROZEN_THRESHOLDS.md,doc,no,docs,production,0,,,,,PENDING,0,0,0,0,,,,,,,,,,,,
docs/algorithms/v6/phase2-psfsw/PSFSW_GATES_AND_MUTATIONS.md,doc,no,docs,production,0,,,,,PENDING,0,0,0,0,,,,,,,,,,,,
docs/algorithms/v6/phase2-psfsw/README.md,doc,no,docs,production,0,,,,,PENDING,0,0,0,0,,,,,,,,,,,,
docs/algorithms/v6/phase2-surface/ALG-P2-SURF-COVARIANCE-EPSF.md,doc,no,docs,production,0,,,,,PENDING,0,0,0,0,,,,,,,,,,,,
docs/algorithms/v6/phase2-surface/ALG-P2-SURF-GLS.md,doc,no,docs,production,0,,,,,PENDING,0,0,0,0,,,,,,,,,,,,
docs/algorithms/v6/phase2-surface/ALG-P2-SURF-PIXIVAR-GATE.md,doc,no,docs,production,0,,,,,PENDING,0,0,0,0,,,,,,,,,,,,
docs/algorithms/v6/phase2-surface/ALG-P2-SURF-REJECTION.md,doc,no,docs,production,0,,,,,PENDING,0,0,0,0,,,,,,,,,,,,
docs/algorithms/v6/phase2-surface/ALG-P2-SURF-UPM.md,doc,no,docs,production,0,,,,,PENDING,0,0,0,0,,,,,,,,,,,,
docs/algorithms/v6/phase2-surface/ALG-P2-SURF-VERIFICATION.md,doc,no,docs,production,0,,,,,PENDING,0,0,0,0,,,,,,,,,,,,
docs/algorithms/v6/phase2-surface/README.md,doc,no,docs,production,0,,,,,PENDING,0,0,0,0,,,,,,,,,,,,
docs/algorithms/v6/phase3/ALG-P3-001_KERNEL_REGISTRY.md,doc,no,docs,production,0,,,,,PENDING,0,0,0,0,,,,,,,,,,,,
docs/algorithms/v6/phase3/ALG-P3-001_SPEC.md,doc,no,docs,production,0,,,,,PENDING,0,0,0,0,,,,,,,,,,,,
docs/algorithms/v6/phase3/ALG-P3-001_VERIFICATION.md,doc,no,docs,production,0,,,,,PENDING,0,0,0,0,,,,,,,,,,,,
docs/algorithms/v6/phase3/README.md,doc,no,docs,production,0,,,,,PENDING,0,0,0,0,,,,,,,,,,,,
docs/api/CLI_PROTOCOL_V1.md,doc,no,docs,production,0,,,,,PENDING,0,0,0,0,,,,,,,,,,,,
docs/api/COMMON_ABI_V1.md,doc,no,docs,production,0,,,,,PENDING,0,0,0,0,,,,,,,,,,,,
docs/api/MANIFEST_VERIFY_V1.md,doc,no,docs,production,0,,,,,PENDING,0,0,0,0,,,,,,,,,,,,
docs/api/PHASE1_API_V1.md,doc,no,docs,production,0,,,,,PENDING,0,0,0,0,,,,,,,,,,,,
docs/api/PHASE2_API_V1.md,doc,no,docs,production,0,,,,,PENDING,0,0,0,0,,,,,,,,,,,,
docs/api/PHASE3_API_V1.md,doc,no,docs,production,0,,,,,PENDING,0,0,0,0,,,,,,,,,,,,
docs/architecture/ARCHITECTURE.md,doc,no,docs,production,0,,,,,PENDING,0,0,0,0,,,,,,,,,,,,
docs/architecture/ASYNC_IO_CONTRACT.md,doc,no,docs,production,0,,,,,PENDING,0,0,0,0,,,,,,,,,,,,
docs/architecture/BUILD_GRAPH.md,doc,no,docs,production,0,,,,,PENDING,0,0,0,0,,,,,,,,,,,,
docs/architecture/CACHE_POLICY.md,doc,no,docs,production,0,,,,,PENDING,0,0,0,0,,,,,,,,,,,,
docs/architecture/COMPATIBILITY_POLICY.md,doc,no,docs,production,0,,,,,PENDING,0,0,0,0,,,,,,,,,,,,
docs/architecture/CPU_BACKEND_ARCH.md,doc,no,docs,production,0,,,,,PENDING,0,0,0,0,,,,,,,,,,,,
docs/architecture/DATA_FLOW.md,doc,no,docs,production,0,,,,,PENDING,0,0,0,0,,,,,,,,,,,,
docs/architecture/DEPENDENCY_RULES.md,doc,no,docs,production,0,,,,,PENDING,0,0,0,0,,,,,,,,,,,,
docs/architecture/ERROR_MODEL.md,doc,no,docs,production,0,,,,,PENDING,0,0,0,0,,,,,,,,,,,,
docs/architecture/EXECUTION_MODEL.md,doc,no,docs,production,0,,,,,PENDING,0,0,0,0,,,,,,,,,,,,
docs/architecture/IO_AND_ATOMICITY.md,doc,no,docs,production,0,,,,,PENDING,0,0,0,0,,,,,,,,,,,,
docs/architecture/ISA_BIT_MANIP_VARIANTS.md,doc,no,docs,production,0,,,,,PENDING,0,0,0,0,,,,,,,,,,,,
docs/architecture/ISA_VARIANTS.md,doc,no,docs,production,0,,,,,PENDING,0,0,0,0,,,,,,,,,,,,
docs/architecture/MODULE_MAP.md,doc,no,docs,production,0,,,,,PENDING,0,0,0,0,,,,,,,,,,,,
docs/architecture/OWNERSHIP_AND_LIFETIME.md,doc,no,docs,production,0,,,,,PENDING,0,0,0,0,,,,,,,,,,,,
docs/architecture/PERFORMANCE_MODEL.md,doc,no,docs,production,0,,,,,PENDING,0,0,0,0,,,,,,,,,,,,
docs/architecture/PHASE3_MODULE_ARCH.md,doc,no,docs,production,0,,,,,PENDING,0,0,0,0,,,,,,,,,,,,
docs/architecture/PIPELINE.md,doc,no,docs,production,0,,,,,PENDING,0,0,0,0,,,,,,,,,,,,
docs/architecture/PRODUCTION_EXECUTION_INVENTORY.csv,doc,no,docs,production,0,,,,,PENDING,0,0,0,0,,,,,,,,,,,,
docs/architecture/THREADING_MODEL.md,doc,no,docs,production,0,,,,,PENDING,0,0,0,0,,,,,,,,,,,,
docs/architecture/THREAD_BUDGET_ARCH.md,doc,no,docs,production,0,,,,,PENDING,0,0,0,0,,,,,,,,,,,,
docs/architecture/abi/ABI_003_SECURE_LOADER.md,doc,no,docs,production,0,,,,,PENDING,0,0,0,0,,,,,,,,,,,,
docs/architecture/api_inventory.csv,doc,no,docs,production,0,,,,,PENDING,0,0,0,0,,,,,,,,,,,,
docs/architecture/cpu/CPU_001_CAPABILITY_PROBE.md,doc,no,docs,production,0,,,,,PENDING,0,0,0,0,,,,,,,,,,,,
docs/architecture/cpu/CPU_003_AVX2_PROVIDER.md,doc,no,docs,production,0,,,,,PENDING,0,0,0,0,,,,,,,,,,,,
docs/architecture/doc_symbol_namespaces.json,doc,no,docs,production,0,,,,,PENDING,0,0,0,0,,,,,,,,,,,,
docs/architecture/execution_inventory.csv,doc,no,docs,production,0,,,,,PENDING,0,0,0,0,,,,,,,,,,,,
docs/architecture/execution_options_contract.md,doc,no,docs,production,0,,,,,PENDING,0,0,0,0,,,,,,,,,,,,
docs/architecture/observability/RESOURCE_MONITORING_CONTRACT.md,doc,no,docs,production,0,,,,,PENDING,0,0,0,0,,,,,,,,,,,,
docs/architecture/observability/RUN_GRAPH_CONTRACT.md,doc,no,docs,production,0,,,,,PENDING,0,0,0,0,,,,,,,,,,,,
docs/architecture/observability/STRUCTURED_LOGGING_CONTRACT.md,doc,no,docs,production,0,,,,,PENDING,0,0,0,0,,,,,,,,,,,,
docs/architecture/production_call_paths_stage1.csv,doc,no,docs,production,0,,,,,PENDING,0,0,0,0,,,,,,,,,,,,
docs/architecture/production_call_paths_stage2.csv,doc,no,docs,production,0,,,,,PENDING,0,0,0,0,,,,,,,,,,,,
docs/audit/doc_classification.csv,doc,no,docs,production,0,,,,,PENDING,0,0,0,0,,,,,,,,,,,,
docs/audit/inventory.csv,doc,no,docs,production,0,,,,,PENDING,0,0,0,0,,,,,,,,,,,,
docs/audit/risk_verification_T012.csv,doc,no,docs,production,0,,,,,PENDING,0,0,0,0,,,,,,,,,,,,
docs/backlog/NEXT_STAGE.md,doc,no,docs,production,0,,,,,PENDING,0,0,0,0,,,,,,,,,,,,
docs/browser/HIPS_BROWSER.md,doc,no,docs,production,0,,,,,PENDING,0,0,0,0,,,,,,,,,,,,
docs/ci/01_CHECKS.md,doc,no,docs,production,0,,,,,PENDING,0,0,0,0,,,,,,,,,,,,
docs/ci/02_PIPELINE.md,doc,no,docs,production,0,,,,,PENDING,0,0,0,0,,,,,,,,,,,,
docs/ci/03_GATES.md,doc,no,docs,production,0,,,,,PENDING,0,0,0,0,,,,,,,,,,,,
docs/ci/04_ARTIFACTS.md,doc,no,docs,production,0,,,,,PENDING,0,0,0,0,,,,,,,,,,,,
docs/ci/CI_SPEC.md,doc,no,docs,production,0,,,,,PENDING,0,0,0,0,,,,,,,,,,,,
docs/contracts/API-001.md,doc,no,docs,production,0,,,,,PENDING,0,0,0,0,,,,,,,,,,,,
docs/contracts/API_CONTRACTS.csv,doc,no,docs,production,0,,,,,PENDING,0,0,0,0,,,,,,,,,,,,
docs/contracts/ARCH-001.md,doc,no,docs,production,0,,,,,PENDING,0,0,0,0,,,,,,,,,,,,
docs/contracts/CONFIG_CONTRACT.md,doc,no,docs,production,0,,,,,PENDING,0,0,0,0,,,,,,,,,,,,
docs/contracts/DATA_ARTIFACTS.md,doc,no,docs,production,0,,,,,PENDING,0,0,0,0,,,,,,,,,,,,
docs/contracts/DATA_SEMANTICS.md,doc,no,docs,production,0,,,,,PENDING,0,0,0,0,,,,,,,,,,,,
docs/contracts/INDEX.yaml,doc,no,docs,production,0,,,,,PENDING,0,0,0,0,,,,,,,,,,,,
docs/contracts/PUBLIC_API.md,doc,no,docs,production,0,,,,,PENDING,0,0,0,0,,,,,,,,,,,,
docs/contracts/RT-001.md,doc,no,docs,production,0,,,,,PENDING,0,0,0,0,,,,,,,,,,,,
docs/contracts/TEST_MATRIX.md,doc,no,docs,production,0,,,,,PENDING,0,0,0,0,,,,,,,,,,,,
docs/contracts/UNIFIED_OBJECTS.md,doc,no,docs,production,0,,,,,PENDING,0,0,0,0,,,,,,,,,,,,
docs/contracts/config_separation_anchors.json,doc,no,docs,production,0,,,,,PENDING,0,0,0,0,,,,,,,,,,,,
docs/contracts/unified_object_registry.json,doc,no,docs,production,0,,,,,PENDING,0,0,0,0,,,,,,,,,,,,
docs/contracts/v6/W6_SCHEMA_INTEGRATION.md,doc,no,docs,production,0,,,,,PENDING,0,0,0,0,,,,,,,,,,,,
docs/contracts/v6/data/00_README.md,doc,no,docs,production,0,,,,,PENDING,0,0,0,0,,,,,,,,,,,,
docs/contracts/v6/data/01_units_and_bunit.md,doc,no,docs,production,0,,,,,PENDING,0,0,0,0,,,,,,,,,,,,
docs/contracts/v6/data/02_signal.md,doc,no,docs,production,0,,,,,PENDING,0,0,0,0,,,,,,,,,,,,
docs/contracts/v6/data/03_covariance.md,doc,no,docs,production,0,,,,,PENDING,0,0,0,0,,,,,,,,,,,,
docs/contracts/v6/data/04_psf_and_effective_psf.md,doc,no,docs,production,0,,,,,PENDING,0,0,0,0,,,,,,,,,,,,
docs/contracts/v6/data/05_point_information_and_weight_mode.md,doc,no,docs,production,0,,,,,PENDING,0,0,0,0,,,,,,,,,,,,
docs/contracts/v6/data/06_psfsw.md,doc,no,docs,production,0,,,,,PENDING,0,0,0,0,,,,,,,,,,,,
docs/contracts/v6/data/07_provenance.md,doc,no,docs,production,0,,,,,PENDING,0,0,0,0,,,,,,,,,,,,
docs/contracts/v6/data/08_phase3.md,doc,no,docs,production,0,,,,,PENDING,0,0,0,0,,,,,,,,,,,,
docs/contracts/v6/data/09_verification.md,doc,no,docs,production,0,,,,,PENDING,0,0,0,0,,,,,,,,,,,,
docs/contracts/v6/data/10_migration_and_open_items.md,doc,no,docs,production,0,,,,,PENDING,0,0,0,0,,,,,,,,,,,,
docs/contracts/v6/frozen/00_README.md,doc,no,docs,production,0,,,,,PENDING,0,0,0,0,,,,,,,,,,,,
docs/contracts/v6/frozen/01_DATA_CONTRACT_FREEZE.md,doc,no,docs,production,0,,,,,PENDING,0,0,0,0,,,,,,,,,,,,
docs/contracts/v6/frozen/02_WEIGHT_MODE_VOCABULARY.md,doc,no,docs,production,0,,,,,PENDING,0,0,0,0,,,,,,,,,,,,
docs/contracts/v6/frozen/astrocs.v6.contract-freeze.v1.json,doc,no,docs,production,0,,,,,PENDING,0,0,0,0,,,,,,,,,,,,
docs/design/PHASE1_DETAILED_DESIGN.md,doc,no,docs,production,0,,,,,PENDING,0,0,0,0,,,,,,,,,,,,
docs/design/PHASE2_DETAILED_DESIGN.md,doc,no,docs,production,0,,,,,PENDING,0,0,0,0,,,,,,,,,,,,
docs/design/PHASE3_DETAILED_DESIGN.md,doc,no,docs,production,0,,,,,PENDING,0,0,0,0,,,,,,,,,,,,
docs/design/UNIFIED_MODEL.md,doc,no,docs,production,0,,,,,PENDING,0,0,0,0,,,,,,,,,,,,
docs/development/CODE_STYLE.md,doc,no,docs,production,0,,,,,PENDING,0,0,0,0,,,,,,,,,,,,
docs/development/CONFIG_SCHEMA.md,doc,no,docs,production,0,,,,,PENDING,0,0,0,0,,,,,,,,,,,,
docs/development/TESTING.md,doc,no,docs,production,0,,,,,PENDING,0,0,0,0,,,,,,,,,,,,
docs/diagnostics/TROUBLESHOOTING.md,doc,no,docs,production,0,,,,,PENDING,0,0,0,0,,,,,,,,,,,,
docs/governance/VERSION_NAMESPACES.md,doc,no,docs,production,0,,,,,PENDING,0,0,0,0,,,,,,,,,,,,
docs/interfaces/data/DATA-002_PHASE_PRODUCT_EXCHANGE.md,doc,no,docs,production,0,,,,,PENDING,0,0,0,0,,,,,,,,,,,,
docs/interfaces/data/DATA-003_PRODUCTION_ARTIFACT_STORE.md,doc,no,docs,production,0,,,,,PENDING,0,0,0,0,,,,,,,,,,,,
docs/interfaces/data/DATA-004_PRODUCT_PROVENANCE.md,doc,no,docs,production,0,,,,,PENDING,0,0,0,0,,,,,,,,,,,,
docs/interfaces/io/IO_001_FITS_STREAM_INTERFACE.md,doc,no,docs,production,0,,,,,PENDING,0,0,0,0,,,,,,,,,,,,
docs/interfaces/io/IO_002_HIPS_INPUT_INTERFACE.md,doc,no,docs,production,0,,,,,PENDING,0,0,0,0,,,,,,,,,,,,
docs/interfaces/io/IO_003_ATOMIC_OUTPUT_PUBLISH.md,doc,no,docs,production,0,,,,,PENDING,0,0,0,0,,,,,,,,,,,,
docs/modules/MODULE_MAP.yaml,doc,no,docs,production,0,,,,,PENDING,0,0,0,0,,,,,,,,,,,,
docs/modules/acr.md,doc,no,docs,production,0,,,,,PENDING,0,0,0,0,,,,,,,,,,,,
docs/modules/astro_image_io.md,doc,no,docs,production,0,,,,,PENDING,0,0,0,0,,,,,,,,,,,,
docs/modules/calibration.md,doc,no,docs,production,0,,,,,PENDING,0,0,0,0,,,,,,,,,,,,
docs/modules/common.md,doc,no,docs,production,0,,,,,PENDING,0,0,0,0,,,,,,,,,,,,
docs/modules/dynamic_psf.md,doc,no,docs,production,0,,,,,PENDING,0,0,0,0,,,,,,,,,,,,
docs/modules/gaia_xpsd_client.md,doc,no,docs,production,0,,,,,PENDING,0,0,0,0,,,,,,,,,,,,
docs/modules/healpix_browser_qt.md,doc,no,docs,production,0,,,,,PENDING,0,0,0,0,,,,,,,,,,,,
docs/modules/healpix_drizzle.md,doc,no,docs,production,0,,,,,PENDING,0,0,0,0,,,,,,,,,,,,
docs/modules/hips_p2.md,doc,no,docs,production,0,,,,,PENDING,0,0,0,0,,,,,,,,,,,,
docs/modules/orchestrator.md,doc,no,docs,production,0,,,,,PENDING,0,0,0,0,,,,,,,,,,,,
docs/modules/phase1_session.md,doc,no,docs,production,0,,,,,PENDING,0,0,0,0,,,,,,,,,,,,
docs/modules/phase2.md,doc,no,docs,production,0,,,,,PENDING,0,0,0,0,,,,,,,,,,,,
docs/modules/phase2_int.md,doc,no,docs,production,0,,,,,PENDING,0,0,0,0,,,,,,,,,,,,
docs/modules/phase2_rej.md,doc,no,docs,production,0,,,,,PENDING,0,0,0,0,,,,,,,,,,,,
docs/modules/phase2_samp.md,doc,no,docs,production,0,,,,,PENDING,0,0,0,0,,,,,,,,,,,,
docs/modules/phase2_upm.md,doc,no,docs,production,0,,,,,PENDING,0,0,0,0,,,,,,,,,,,,
docs/modules/phase3_fits.md,doc,no,docs,production,0,,,,,PENDING,0,0,0,0,,,,,,,,,,,,
docs/modules/phase3_proj.md,doc,no,docs,production,0,,,,,PENDING,0,0,0,0,,,,,,,,,,,,
docs/modules/phase3_rsmp.md,doc,no,docs,production,0,,,,,PENDING,0,0,0,0,,,,,,,,,,,,
docs/modules/photometric_calib.md,doc,no,docs,production,0,,,,,PENDING,0,0,0,0,,,,,,,,,,,,
docs/modules/plate_solve.md,doc,no,docs,production,0,,,,,PENDING,0,0,0,0,,,,,,,,,,,,
docs/modules/registry/astrocs.phase1.calibration.md,doc,no,docs,production,0,,,,,PENDING,0,0,0,0,,,,,,,,,,,,
docs/modules/registry/astrocs.phase1.cosmetic.md,doc,no,docs,production,0,,,,,PENDING,0,0,0,0,,,,,,,,,,,,
docs/modules/registry/astrocs.phase1.drizzle.md,doc,no,docs,production,0,,,,,PENDING,0,0,0,0,,,,,,,,,,,,
docs/modules/registry/astrocs.phase1.hips-writer.md,doc,no,docs,production,0,,,,,PENDING,0,0,0,0,,,,,,,,,,,,
docs/modules/registry/astrocs.phase1.noise-snr.md,doc,no,docs,production,0,,,,,PENDING,0,0,0,0,,,,,,,,,,,,
docs/modules/registry/astrocs.phase1.photometry.md,doc,no,docs,production,0,,,,,PENDING,0,0,0,0,,,,,,,,,,,,
docs/modules/registry/astrocs.phase1.session.md,doc,no,docs,production,0,,,,,PENDING,0,0,0,0,,,,,,,,,,,,
docs/modules/registry/astrocs.phase1.star-detection.md,doc,no,docs,production,0,,,,,PENDING,0,0,0,0,,,,,,,,,,,,
docs/modules/registry/astrocs.phase1.star-psf.md,doc,no,docs,production,0,,,,,PENDING,0,0,0,0,,,,,,,,,,,,
docs/modules/registry/astrocs.phase1.wcs-platesolve.md,doc,no,docs,production,0,,,,,PENDING,0,0,0,0,,,,,,,,,,,,
docs/modules/registry/astrocs.phase1.writer.md,doc,no,docs,production,0,,,,,PENDING,0,0,0,0,,,,,,,,,,,,
docs/modules/registry/astrocs.phase2.coverage.md,doc,no,docs,production,0,,,,,PENDING,0,0,0,0,,,,,,,,,,,,
docs/modules/registry/astrocs.phase2.integrate.md,doc,no,docs,production,0,,,,,PENDING,0,0,0,0,,,,,,,,,,,,
docs/modules/registry/astrocs.phase2.reject.md,doc,no,docs,production,0,,,,,PENDING,0,0,0,0,,,,,,,,,,,,
docs/modules/registry/astrocs.phase2.resample.md,doc,no,docs,production,0,,,,,PENDING,0,0,0,0,,,,,,,,,,,,
docs/modules/registry/astrocs.phase2.sample.md,doc,no,docs,production,0,,,,,PENDING,0,0,0,0,,,,,,,,,,,,
docs/modules/registry/astrocs.phase2.session.md,doc,no,docs,production,0,,,,,PENDING,0,0,0,0,,,,,,,,,,,,
docs/modules/registry/astrocs.phase2.upm-apply.md,doc,no,docs,production,0,,,,,PENDING,0,0,0,0,,,,,,,,,,,,
docs/modules/registry/astrocs.phase2.upm-fit.md,doc,no,docs,production,0,,,,,PENDING,0,0,0,0,,,,,,,,,,,,
docs/modules/registry/astrocs.phase2.write.md,doc,no,docs,production,0,,,,,PENDING,0,0,0,0,,,,,,,,,,,,
docs/modules/registry/astrocs.phase3.properties.md,doc,no,docs,production,0,,,,,PENDING,0,0,0,0,,,,,,,,,,,,
docs/modules/registry/astrocs.phase3.resample.md,doc,no,docs,production,0,,,,,PENDING,0,0,0,0,,,,,,,,,,,,
docs/modules/registry/astrocs.phase3.resample2.md,doc,no,docs,production,0,,,,,PENDING,0,0,0,0,,,,,,,,,,,,
docs/modules/registry/astrocs.phase3.verify.md,doc,no,docs,production,0,,,,,PENDING,0,0,0,0,,,,,,,,,,,,
docs/modules/registry/astrocs.phase3.wcs.md,doc,no,docs,production,0,,,,,PENDING,0,0,0,0,,,,,,,,,,,,
docs/modules/registry/astrocs.phase3.writer.md,doc,no,docs,production,0,,,,,PENDING,0,0,0,0,,,,,,,,,,,,
docs/modules/registry/module_id_migration_baseline.json,doc,no,docs,production,0,,,,,PENDING,0,0,0,0,,,,,,,,,,,,
docs/modules/snr_estimator.md,doc,no,docs,production,0,,,,,PENDING,0,0,0,0,,,,,,,,,,,,
docs/modules/star_detector.md,doc,no,docs,production,0,,,,,PENDING,0,0,0,0,,,,,,,,,,,,
docs/operations/TOOLCHAIN_AGENT_HOST.md,doc,no,docs,production,0,,,,,PENDING,0,0,0,0,,,,,,,,,,,,
docs/owner/ARCHITECTURE_OVERVIEW.md,doc,no,docs,production,0,,,,,PENDING,0,0,0,0,,,,,,,,,,,,
docs/owner/CHANGE_REVIEW.md,doc,no,docs,production,0,,,,,PENDING,0,0,0,0,,,,,,,,,,,,
docs/owner/PIPELINE_OVERVIEW.md,doc,no,docs,production,0,,,,,PENDING,0,0,0,0,,,,,,,,,,,,
docs/owner/PROJECT_SPEC.md,doc,no,docs,production,0,,,,,PENDING,0,0,0,0,,,,,,,,,,,,
docs/owner/RELEASE_STATUS.md,doc,no,docs,production,0,,,,,PENDING,0,0,0,0,,,,,,,,,,,,
docs/owner/SCIENCE_OVERVIEW.md,doc,no,docs,production,0,,,,,PENDING,0,0,0,0,,,,,,,,,,,,
docs/performance/BASELINE.md,doc,no,docs,production,0,,,,,PENDING,0,0,0,0,,,,,,,,,,,,
docs/performance/OPTIMIZATION.md,doc,no,docs,production,0,,,,,PENDING,0,0,0,0,,,,,,,,,,,,
docs/plugins/00_INDEX.md,doc,no,docs,production,0,,,,,PENDING,0,0,0,0,,,,,,,,,,,,
docs/plugins/algorithms_phase1/01_calibration.md,doc,no,docs,production,0,,,,,PENDING,0,0,0,0,,,,,,,,,,,,
docs/plugins/algorithms_phase1/02_cosmetic.md,doc,no,docs,production,0,,,,,PENDING,0,0,0,0,,,,,,,,,,,,
docs/plugins/algorithms_phase1/03_star_detection.md,doc,no,docs,production,0,,,,,PENDING,0,0,0,0,,,,,,,,,,,,
docs/plugins/algorithms_phase1/04_psf.md,doc,no,docs,production,0,,,,,PENDING,0,0,0,0,,,,,,,,,,,,
docs/plugins/algorithms_phase1/05_platesolve.md,doc,no,docs,production,0,,,,,PENDING,0,0,0,0,,,,,,,,,,,,
docs/plugins/algorithms_phase1/06_photometry.md,doc,no,docs,production,0,,,,,PENDING,0,0,0,0,,,,,,,,,,,,
docs/plugins/algorithms_phase1/07_noise_snr.md,doc,no,docs,production,0,,,,,PENDING,0,0,0,0,,,,,,,,,,,,
docs/plugins/algorithms_phase1/08_drizzle.md,doc,no,docs,production,0,,,,,PENDING,0,0,0,0,,,,,,,,,,,,
docs/plugins/algorithms_phase2/09_coverage.md,doc,no,docs,production,0,,,,,PENDING,0,0,0,0,,,,,,,,,,,,
docs/plugins/algorithms_phase2/10_sampling.md,doc,no,docs,production,0,,,,,PENDING,0,0,0,0,,,,,,,,,,,,
docs/plugins/algorithms_phase2/11_upm.md,doc,no,docs,production,0,,,,,PENDING,0,0,0,0,,,,,,,,,,,,
docs/plugins/algorithms_phase2/12_rejection.md,doc,no,docs,production,0,,,,,PENDING,0,0,0,0,,,,,,,,,,,,
docs/plugins/algorithms_phase2/13_integration.md,doc,no,docs,production,0,,,,,PENDING,0,0,0,0,,,,,,,,,,,,
docs/plugins/algorithms_phase3/14_projection.md,doc,no,docs,production,0,,,,,PENDING,0,0,0,0,,,,,,,,,,,,
docs/plugins/algorithms_phase3/15_resample.md,doc,no,docs,production,0,,,,,PENDING,0,0,0,0,,,,,,,,,,,,
docs/plugins/algorithms_phase3/16_fits_output.md,doc,no,docs,production,0,,,,,PENDING,0,0,0,0,,,,,,,,,,,,
docs/plugins/infrastructure/17_aio.md,doc,no,docs,production,0,,,,,PENDING,0,0,0,0,,,,,,,,,,,,
docs/plugins/infrastructure/18_cli.md,doc,no,docs,production,0,,,,,PENDING,0,0,0,0,,,,,,,,,,,,
docs/plugins/infrastructure/19_runtime.md,doc,no,docs,production,0,,,,,PENDING,0,0,0,0,,,,,,,,,,,,
docs/plugins/infrastructure/20_benchmark.md,doc,no,docs,production,0,,,,,PENDING,0,0,0,0,,,,,,,,,,,,
docs/plugins/infrastructure/21_observability.md,doc,no,docs,production,0,,,,,PENDING,0,0,0,0,,,,,,,,,,,,
docs/plugins/infrastructure/22_gaia_xpsd_client.md,doc,no,docs,production,0,,,,,PENDING,0,0,0,0,,,,,,,,,,,,
docs/plugins/infrastructure/23_hips_browser.md,doc,no,docs,production,0,,,,,PENDING,0,0,0,0,,,,,,,,,,,,
docs/quality/complexity_baseline_v1.md,doc,no,docs,production,0,,,,,PENDING,0,0,0,0,,,,,,,,,,,,
docs/quality/coverage_baseline_v1.md,doc,no,docs,production,0,,,,,PENDING,0,0,0,0,,,,,,,,,,,,
docs/references/PHOTOMETRY_LITERATURE_REVIEW_ARCHIVE.md,doc,no,docs,production,0,,,,,PENDING,0,0,0,0,,,,,,,,,,,,
docs/references/SCIENTIFIC_REFERENCES.md,doc,no,docs,production,0,,,,,PENDING,0,0,0,0,,,,,,,,,,,,
docs/research/SNR_WEIGHT_RESEARCH_PACK.md,doc,no,docs,production,0,,,,,PENDING,0,0,0,0,,,,,,,,,,,,
docs/review/ARCHITECTURE_OVERVIEW.md,doc,no,docs,production,0,,,,,PENDING,0,0,0,0,,,,,,,,,,,,
docs/review/CHANGE_REVIEW.md,doc,no,docs,production,0,,,,,PENDING,0,0,0,0,,,,,,,,,,,,
docs/review/PIPELINE_OVERVIEW.md,doc,no,docs,production,0,,,,,PENDING,0,0,0,0,,,,,,,,,,,,
docs/review/RELEASE_STATUS.md,doc,no,docs,production,0,,,,,PENDING,0,0,0,0,,,,,,,,,,,,
docs/review/SCIENCE_OVERVIEW.md,doc,no,docs,production,0,,,,,PENDING,0,0,0,0,,,,,,,,,,,,
docs/science/ACR_EQUIVALENCE.md,doc,no,docs,production,0,,,,,PENDING,0,0,0,0,,,,,,,,,,,,
docs/science/ASTROMETRY.md,doc,no,docs,production,0,,,,,PENDING,0,0,0,0,,,,,,,,,,,,
docs/science/CALIBRATION.md,doc,no,docs,production,0,,,,,PENDING,0,0,0,0,,,,,,,,,,,,
docs/science/CONTROL_WEIGHT_SNR.md,doc,no,docs,production,0,,,,,PENDING,0,0,0,0,,,,,,,,,,,,
docs/science/DRIZZLE.md,doc,no,docs,production,0,,,,,PENDING,0,0,0,0,,,,,,,,,,,,
docs/science/INTEGRATION.md,doc,no,docs,production,0,,,,,PENDING,0,0,0,0,,,,,,,,,,,,
docs/science/NOISE_MODEL.md,doc,no,docs,production,0,,,,,PENDING,0,0,0,0,,,,,,,,,,,,
docs/science/PHASE2_UPM.md,doc,no,docs,production,0,,,,,PENDING,0,0,0,0,,,,,,,,,,,,
docs/science/PHASE3_HIPS_TO_FITS.md,doc,no,docs,production,0,,,,,PENDING,0,0,0,0,,,,,,,,,,,,
docs/science/PHOTOMETRY.md,doc,no,docs,production,0,,,,,PENDING,0,0,0,0,,,,,,,,,,,,
docs/science/PSF.md,doc,no,docs,production,0,,,,,PENDING,0,0,0,0,,,,,,,,,,,,
docs/science/PSF_SIGNAL_WEIGHT.md,doc,no,docs,production,0,,,,,PENDING,0,0,0,0,,,,,,,,,,,,
docs/science/REJECTION.md,doc,no,docs,production,0,,,,,PENDING,0,0,0,0,,,,,,,,,,,,
docs/science/SCIENCE_SCOPE.md,doc,no,docs,production,0,,,,,PENDING,0,0,0,0,,,,,,,,,,,,
docs/science/STAR_DETECTION.md,doc,no,docs,production,0,,,,,PENDING,0,0,0,0,,,,,,,,,,,,
docs/science/UNCERTAINTY_AND_COVARIANCE.md,doc,no,docs,production,0,,,,,PENDING,0,0,0,0,,,,,,,,,,,,
docs/science/UNIFIED_SCIENCE_MODEL.md,doc,no,docs,production,0,,,,,PENDING,0,0,0,0,,,,,,,,,,,,
docs/science/v6/adjudication/README.md,doc,no,docs,production,0,,,,,PENDING,0,0,0,0,,,,,,,,,,,,
docs/science/v6/adjudication/SCI-ADJ-001_CONFLICT_MATRIX.md,doc,no,docs,production,0,,,,,PENDING,0,0,0,0,,,,,,,,,,,,
docs/science/v6/adjudication/SCI-ADJ-001_FREEZE_LIST.md,doc,no,docs,production,0,,,,,PENDING,0,0,0,0,,,,,,,,,,,,
docs/science/v6/frozen/00_README.md,doc,no,docs,production,0,,,,,PENDING,0,0,0,0,,,,,,,,,,,,
docs/science/v6/frozen/01_SEMANTIC_FREEZE.md,doc,no,docs,production,0,,,,,PENDING,0,0,0,0,,,,,,,,,,,,
docs/science/v6/frozen/02_SIGNOFF_CONTROLLER_SUPERSEDED.md,doc,no,docs,production,0,,,,,PENDING,0,0,0,0,,,,,,,,,,,,
docs/science/v6/observation/OBSERVATION_MODEL_REVIEW.md,doc,no,docs,production,0,,,,,PENDING,0,0,0,0,,,,,,,,,,,,
docs/science/v6/phase2/COVARIANCE_AND_EFFECTIVE_PSF.md,doc,no,docs,production,0,,,,,PENDING,0,0,0,0,,,,,,,,,,,,
docs/science/v6/phase2/README.md,doc,no,docs,production,0,,,,,PENDING,0,0,0,0,,,,,,,,,,,,
docs/science/v6/phase2/SCI-P2-001_THREE_MODE_REVIEW.md,doc,no,docs,production,0,,,,,PENDING,0,0,0,0,,,,,,,,,,,,
docs/science/v6/phase2/VERIFICATION_AND_EVIDENCE.md,doc,no,docs,production,0,,,,,PENDING,0,0,0,0,,,,,,,,,,,,
docs/science/v6/phase2/WEIGHT_PROVENANCE_GATE.md,doc,no,docs,production,0,,,,,PENDING,0,0,0,0,,,,,,,,,,,,
docs/science/v6/phase3/PHASE3_PROPAGATION_REVIEW.md,doc,no,docs,production,0,,,,,PENDING,0,0,0,0,,,,,,,,,,,,
docs/science/v6/psfw/PSFW_FREEZE_RESEARCH.md,doc,no,docs,production,0,,,,,PENDING,0,0,0,0,,,,,,,,,,,,
docs/standards/API_STANDARD.md,doc,no,docs,production,0,,,,,PENDING,0,0,0,0,,,,,,,,,,,,
docs/standards/BENCHMARK_STANDARD.md,doc,no,docs,production,0,,,,,PENDING,0,0,0,0,,,,,,,,,,,,
docs/standards/CODE_STANDARD.md,doc,no,docs,production,0,,,,,PENDING,0,0,0,0,,,,,,,,,,,,
docs/standards/COMMENT_STANDARD.md,doc,no,docs,production,0,,,,,PENDING,0,0,0,0,,,,,,,,,,,,
docs/standards/CONCURRENCY_STANDARD.md,doc,no,docs,production,0,,,,,PENDING,0,0,0,0,,,,,,,,,,,,
docs/standards/C_ABI_STANDARD.md,doc,no,docs,production,0,,,,,PENDING,0,0,0,0,,,,,,,,,,,,
docs/standards/DOCUMENTATION_STANDARD.md,doc,no,docs,production,0,,,,,PENDING,0,0,0,0,,,,,,,,,,,,
docs/standards/ERROR_HANDLING_STANDARD.md,doc,no,docs,production,0,,,,,PENDING,0,0,0,0,,,,,,,,,,,,
docs/standards/IO_STANDARD.md,doc,no,docs,production,0,,,,,PENDING,0,0,0,0,,,,,,,,,,,,
docs/standards/LOGGING_DIAGNOSTICS_STANDARD.md,doc,no,docs,production,0,,,,,PENDING,0,0,0,0,,,,,,,,,,,,
docs/standards/NUMERIC_STANDARD.md,doc,no,docs,production,0,,,,,PENDING,0,0,0,0,,,,,,,,,,,,
docs/standards/RELEASE_STANDARD.md,doc,no,docs,production,0,,,,,PENDING,0,0,0,0,,,,,,,,,,,,
docs/standards/STANDARDS_REGISTRY.md,doc,no,docs,production,0,,,,,PENDING,0,0,0,0,,,,,,,,,,,,
docs/standards/TEST_STANDARD.md,doc,no,docs,production,0,,,,,PENDING,0,0,0,0,,,,,,,,,,,,
docs/standards/checks/check_standards_registry.py,doc,no,docs,production,0,,,,,PENDING,0,0,0,0,,,,,,,,,,,,
docs/traceability/TRACEABILITY_LAYERS.csv,doc,no,docs,production,0,,,,,PENDING,0,0,0,0,,,,,,,,,,,,
docs/traceability/TRACEABILITY_MATRIX.csv,doc,no,docs,production,0,,,,,PENDING,0,0,0,0,,,,,,,,,,,,
docs/traceability/TRACEABILITY_MATRIX.json,doc,no,docs,production,0,,,,,PENDING,0,0,0,0,,,,,,,,,,,,
docs/traceability/TRACEABILITY_SPEC.md,doc,no,docs,production,0,,,,,PENDING,0,0,0,0,,,,,,,,,,,,
docs/traceability/traceability_warn_baseline.json,doc,no,docs,production,0,,,,,PENDING,0,0,0,0,,,,,,,,,,,,
docs/validation/SCIENCE_FREEZE.md,doc,no,docs,production,0,,,,,PENDING,0,0,0,0,,,,,,,,,,,,
docs/validation/v6/BASELINE_COMPARISON_MATRIX.md,doc,no,docs,production,0,,,,,PENDING,0,0,0,0,,,,,,,,,,,,
docs/validation/v6/NEGATIVE_MUTATION_CATALOG.md,doc,no,docs,production,0,,,,,PENDING,0,0,0,0,,,,,,,,,,,,
docs/validation/v6/ORACLE_AND_ZERO_CASE_POLICY.md,doc,no,docs,production,0,,,,,PENDING,0,0,0,0,,,,,,,,,,,,
docs/validation/v6/P0_GATE_FAMILY.md,doc,no,docs,production,0,,,,,PENDING,0,0,0,0,,,,,,,,,,,,
docs/validation/v6/QA_MATRIX.md,doc,no,docs,production,0,,,,,PENDING,0,0,0,0,,,,,,,,,,,,
docs/validation/v6/README.md,doc,no,docs,production,0,,,,,PENDING,0,0,0,0,,,,,,,,,,,,
include/astrocs/abi/artifact_api_v1.h,aux,no,include,production,106,,,,,PENDING,0,0,0,0,,,,,,,,,,,,
include/astrocs/abi/host_api_v1.h,aux,no,include,production,101,,,,,PENDING,0,0,0,0,,,,,,,,,,,,
include/astrocs/abi/lifecycle_v1.h,aux,no,include,production,299,,,,,PENDING,0,0,0,0,,,,,,,,,,,,
include/astrocs/abi/module_api_v1.h,aux,no,include,production,151,,,,,PENDING,0,0,0,0,,,,,,,,,,,,
include/astrocs/abi/status_codes.h,aux,no,include,production,217,,,,,PENDING,0,0,0,0,,,,,,,,,,,,
include/astrocs/common_abi_v1.h,aux,no,include,production,181,,,,,PENDING,0,0,0,0,,,,,,,,,,,,
include/astrocs/contracts/artifact_abi_v1.h,aux,no,include,production,91,,,,,PENDING,0,0,0,0,,,,,,,,,,,,
include/astrocs/core/artifact.h,aux,no,include,production,117,,,,,PENDING,0,0,0,0,,,,,,,,,,,,
include/astrocs/core/artifact_store.h,aux,no,include,production,108,,,,,PENDING,0,0,0,0,,,,,,,,,,,,
include/astrocs/core/canonical_hash.h,aux,no,include,production,43,,,,,PENDING,0,0,0,0,,,,,,,,,,,,
include/astrocs/core/checkpoint.h,aux,no,include,production,80,,,,,PENDING,0,0,0,0,,,,,,,,,,,,
include/astrocs/core/context.h,aux,no,include,production,266,,,,,PENDING,0,0,0,0,,,,,,,,,,,,
include/astrocs/core/contracts.h,aux,no,include,production,231,,,,,PENDING,0,0,0,0,,,,,,,,,,,,
include/astrocs/core/executor.h,aux,no,include,production,160,,,,,PENDING,0,0,0,0,,,,,,,,,,,,
include/astrocs/core/logging.h,aux,no,include,production,103,,,,,PENDING,0,0,0,0,,,,,,,,,,,,
include/astrocs/core/master_unit_guard.h,aux,no,include,production,179,,,,,PENDING,0,0,0,0,,,,,,,,,,,,
include/astrocs/core/module.h,aux,no,include,production,120,,,,,PENDING,0,0,0,0,,,,,,,,,,,,
include/astrocs/core/module_adapters.h,aux,no,include,production,39,,,,,PENDING,0,0,0,0,,,,,,,,,,,,
include/astrocs/core/pipeline.h,aux,no,include,production,74,,,,,PENDING,0,0,0,0,,,,,,,,,,,,
include/astrocs/core/plan_estimator.h,aux,no,include,production,146,,,,,PENDING,0,0,0,0,,,,,,,,,,,,
include/astrocs/core/runtime.h,aux,no,include,production,100,,,,,PENDING,0,0,0,0,,,,,,,,,,,,
include/astrocs/core/scheduler.h,aux,no,include,production,97,,,,,PENDING,0,0,0,0,,,,,,,,,,,,
include/astrocs/core/trace.h,aux,no,include,production,95,,,,,PENDING,0,0,0,0,,,,,,,,,,,,
include/astrocs/io/aio_abi_v1.h,aux,no,include,production,167,,,,,PENDING,0,0,0,0,,,,,,,,,,,,
include/astrocs/io/io_adapter.h,aux,no,include,production,74,,,,,PENDING,0,0,0,0,,,,,,,,,,,,
lib/algorithms/calibration/.gitignore,aux,no,algorithms,production,0,,,,,PENDING,0,0,0,0,,,,,,,,,,,,
lib/algorithms/calibration/CALIBRATION_PROCESS.md,doc,no,algorithms,production,0,,,,,PENDING,0,0,0,0,,,,,,,,,,,,
lib/algorithms/calibration/CMakeLists.txt,doc,no,algorithms,production,0,,,,,PENDING,0,0,0,0,,,,,,,,,,,,
lib/algorithms/calibration/Makefile,aux,no,algorithms,production,0,,,,,PENDING,0,0,0,0,,,,,,,,,,,,
lib/algorithms/calibration/README.md,doc,no,algorithms,production,0,,,,,PENDING,0,0,0,0,,,,,,,,,,,,
lib/algorithms/calibration/V6_CALIBRATION_COVARIANCE.md,doc,no,algorithms,production,0,,,,,PENDING,0,0,0,0,,,,,,,,,,,,
lib/algorithms/calibration/batch_config.json,aux,no,algorithms,production,0,,,,,PENDING,0,0,0,0,,,,,,,,,,,,
lib/algorithms/calibration/build.ps1,tool,no,algorithms,production,0,,,,,PENDING,0,0,0,0,,,,,,,,,,,,
lib/algorithms/calibration/cpp/cosmetic_corrector.cpp,shipping_src,yes,algorithms,production,338,,,,,PENDING,0,0,0,0,,,,,,,,,,,,
lib/algorithms/calibration/cpp/cosmetic_corrector.h,shipping_src,yes,algorithms,production,62,,,,,PENDING,0,0,0,0,,,,,,,,,,,,
lib/algorithms/calibration/include/astro_calibration.h,shipping_src,yes,algorithms,production,187,,,,,PENDING,0,0,0,0,,,,,,,,,,,,
lib/algorithms/calibration/include/astrocs/calibration/types.h,shipping_src,yes,algorithms,production,109,,,,,PENDING,0,0,0,0,,,,,,,,,,,,
lib/algorithms/calibration/include/astrocs/calibration/v6_calibration_covariance.h,shipping_src,yes,algorithms,production,304,,,,,PENDING,0,0,0,0,,,,,,,,,,,,
lib/algorithms/calibration/integration/astrocs_p1_calibration.integration.json,aux,no,algorithms,production,0,,,,,PENDING,0,0,0,0,,,,,,,,,,,,
lib/algorithms/calibration/memory.md,doc,no,algorithms,production,0,,,,,PENDING,0,0,0,0,,,,,,,,,,,,
lib/algorithms/calibration/module.yaml,aux,no,algorithms,production,0,,,,,PENDING,0,0,0,0,,,,,,,,,,,,
lib/algorithms/calibration/src/ac_api.cpp,shipping_src,yes,algorithms,production,269,,,,,PENDING,0,0,0,0,,,,,,,,,,,,
lib/algorithms/calibration/src/astrocs_p1_calibration.def,aux,no,algorithms,production,0,,,,,PENDING,0,0,0,0,,,,,,,,,,,,
lib/algorithms/calibration/src/calibrator.cpp,shipping_src,yes,algorithms,production,191,,,,,PENDING,0,0,0,0,,,,,,,,,,,,
lib/algorithms/calibration/src/cosmetic_corrector.cpp,shipping_src,yes,algorithms,production,268,,,,,PENDING,0,0,0,0,,,,,,,,,,,,
lib/algorithms/calibration/src/dark_optimizer.cpp,shipping_src,yes,algorithms,production,366,,,,,PENDING,0,0,0,0,,,,,,,,,,,,
lib/algorithms/calibration/src/master_generator.cpp,shipping_src,yes,algorithms,production,297,,,,,PENDING,0,0,0,0,,,,,,,,,,,,
lib/algorithms/calibration/src/module_entry.cpp,shipping_src,yes,algorithms,production,1496,,,,,PENDING,0,0,0,0,,,,,,,,,,,,
lib/algorithms/calibration/src/module_exports.map,aux,no,algorithms,production,0,,,,,PENDING,0,0,0,0,,,,,,,,,,,,
lib/algorithms/calibration/src/photometry_apply.cpp,shipping_src,yes,algorithms,production,72,,,,,PENDING,0,0,0,0,,,,,,,,,,,,
lib/algorithms/calibration/src/photometry_apply.h,shipping_src,yes,algorithms,production,41,,,,,PENDING,0,0,0,0,,,,,,,,,,,,
lib/algorithms/calibration/src/v6_calibration_covariance.cpp,shipping_src,yes,algorithms,production,725,,,,,PENDING,0,0,0,0,,,,,,,,,,,,
lib/algorithms/calibration/tests/p1cal/CMakeLists.txt,test,no,algorithms,test,0,,,,,PENDING,0,0,0,0,,,,,,,,,,,,
lib/algorithms/calibration/tests/p1cal/bias_influence_harness.cpp,test,no,algorithms,test,147,,,,,PENDING,0,0,0,0,,,,,,,,,,,,
lib/algorithms/calibration/tests/p1cal/check_bias_influence.py,test,no,algorithms,test,0,,,,,PENDING,0,0,0,0,,,,,,,,,,,,
lib/algorithms/calibration/tests/p1cal/p1cal_fixtures.hpp,test,no,algorithms,test,198,,,,,PENDING,0,0,0,0,,,,,,,,,,,,
lib/algorithms/calibration/tests/p1cal/p1cal_oracle.hpp,test,no,algorithms,test,295,,,,,PENDING,0,0,0,0,,,,,,,,,,,,
lib/algorithms/calibration/tests/p1cal/p1cal_test_main.hpp,test,no,algorithms,test,125,,,,,PENDING,0,0,0,0,,,,,,,,,,,,
lib/algorithms/calibration/tests/p1cal/p1cal_tests_core.cpp,test,no,algorithms,test,673,,,,,PENDING,0,0,0,0,,,,,,,,,,,,
lib/algorithms/calibration/tests/p1cal/p1cal_tests_main.cpp,test,no,algorithms,test,9,,,,,PENDING,0,0,0,0,,,,,,,,,,,,
lib/algorithms/calibration/tests/p1cal/p1cal_tests_perf.cpp,test,no,algorithms,test,118,,,,,PENDING,0,0,0,0,,,,,,,,,,,,
lib/algorithms/calibration/tests/p1cal/p1cal_tests_selfcheck.cpp,test,no,algorithms,test,94,,,,,PENDING,0,0,0,0,,,,,,,,,,,,
lib/algorithms/calibration/tests/test_photometry_apply.cpp,test,no,algorithms,test,370,,,,,PENDING,0,0,0,0,,,,,,,,,,,,
lib/algorithms/cosmetic/CMakeLists.txt,doc,no,algorithms,production,0,,,,,PENDING,0,0,0,0,,,,,,,,,,,,
lib/algorithms/cosmetic/README.md,doc,no,algorithms,production,0,,,,,PENDING,0,0,0,0,,,,,,,,,,,,
lib/algorithms/cosmetic/include/astrocs/cosmetic/types.h,shipping_src,yes,algorithms,production,74,,,,,PENDING,0,0,0,0,,,,,,,,,,,,
lib/algorithms/cosmetic/integration/astrocs_p1_cosmetic.integration.json,aux,no,algorithms,production,0,,,,,PENDING,0,0,0,0,,,,,,,,,,,,
lib/algorithms/cosmetic/memory.md,doc,no,algorithms,production,0,,,,,PENDING,0,0,0,0,,,,,,,,,,,,
lib/algorithms/cosmetic/module.yaml,aux,no,algorithms,production,0,,,,,PENDING,0,0,0,0,,,,,,,,,,,,
lib/algorithms/cosmetic/src/astrocs_p1_cosmetic.def,aux,no,algorithms,production,0,,,,,PENDING,0,0,0,0,,,,,,,,,,,,
lib/algorithms/cosmetic/src/module_entry.cpp,shipping_src,yes,algorithms,production,1262,,,,,PENDING,0,0,0,0,,,,,,,,,,,,
lib/algorithms/cosmetic/src/module_exports.map,aux,no,algorithms,production,0,,,,,PENDING,0,0,0,0,,,,,,,,,,,,
lib/algorithms/cosmetic/tests/p1cos/CMakeLists.txt,test,no,algorithms,test,0,,,,,PENDING,0,0,0,0,,,,,,,,,,,,
lib/algorithms/cosmetic/tests/p1cos/p1cos_fixtures.hpp,test,no,algorithms,test,355,,,,,PENDING,0,0,0,0,,,,,,,,,,,,
lib/algorithms/cosmetic/tests/p1cos/p1cos_oracle.hpp,test,no,algorithms,test,248,,,,,PENDING,0,0,0,0,,,,,,,,,,,,
lib/algorithms/cosmetic/tests/p1cos/p1cos_test_main.hpp,test,no,algorithms,test,130,,,,,PENDING,0,0,0,0,,,,,,,,,,,,
lib/algorithms/cosmetic/tests/p1cos/p1cos_tests_core.cpp,test,no,algorithms,test,545,,,,,PENDING,0,0,0,0,,,,,,,,,,,,
lib/algorithms/cosmetic/tests/p1cos/p1cos_tests_main.cpp,test,no,algorithms,test,12,,,,,PENDING,0,0,0,0,,,,,,,,,,,,
lib/algorithms/cosmetic/tests/p1cos/p1cos_tests_perf.cpp,test,no,algorithms,test,117,,,,,PENDING,0,0,0,0,,,,,,,,,,,,
lib/algorithms/cosmetic/tests/p1cos/p1cos_tests_selfcheck.cpp,test,no,algorithms,test,85,,,,,PENDING,0,0,0,0,,,,,,,,,,,,
lib/algorithms/coverage/CMakeLists.txt,doc,no,algorithms,production,0,,,,,PENDING,0,0,0,0,,,,,,,,,,,,
lib/algorithms/coverage/README.md,doc,no,algorithms,production,0,,,,,PENDING,0,0,0,0,,,,,,,,,,,,
lib/algorithms/coverage/configs/stage2_full.example.json,aux,no,algorithms,production,0,,,,,PENDING,0,0,0,0,,,,,,,,,,,,
lib/algorithms/coverage/configs/stage2_gc_3panel_red.json,aux,no,algorithms,production,0,,,,,PENDING,0,0,0,0,,,,,,,,,,,,
lib/algorithms/coverage/configs/stage2_overlap.example.json,aux,no,algorithms,production,0,,,,,PENDING,0,0,0,0,,,,,,,,,,,,
lib/algorithms/coverage/configs/stage2_real_3frame.json,aux,no,algorithms,production,0,,,,,PENDING,0,0,0,0,,,,,,,,,,,,
lib/algorithms/coverage/configs/stage2_real_overlap.json,aux,no,algorithms,production,0,,,,,PENDING,0,0,0,0,,,,,,,,,,,,
lib/algorithms/coverage/configs/stage2_real_overlap_cpu.json,aux,no,algorithms,production,0,,,,,PENDING,0,0,0,0,,,,,,,,,,,,
lib/algorithms/coverage/configs/stage2_t4_true_overlap.json,aux,no,algorithms,production,0,,,,,PENDING,0,0,0,0,,,,,,,,,,,,
lib/algorithms/coverage/configs/stage2_tiny_memory.example.json,aux,no,algorithms,production,0,,,,,PENDING,0,0,0,0,,,,,,,,,,,,
lib/algorithms/coverage/hips_p2/README.md,doc,no,algorithms,production,0,,,,,PENDING,0,0,0,0,,,,,,,,,,,,
lib/algorithms/coverage/hips_p2/memory.md,doc,no,algorithms,production,0,,,,,PENDING,0,0,0,0,,,,,,,,,,,,
lib/algorithms/coverage/hips_p2/module.yaml,aux,no,algorithms,production,0,,,,,PENDING,0,0,0,0,,,,,,,,,,,,
lib/algorithms/coverage/hips_properties.cpp,shipping_src,yes,algorithms,production,170,,,,,PENDING,0,0,0,0,,,,,,,,,,,,
lib/algorithms/coverage/hips_properties.h,shipping_src,yes,algorithms,production,47,,,,,PENDING,0,0,0,0,,,,,,,,,,,,
lib/algorithms/coverage/include/astro/phase2/acr_kernels.h,shipping_src,yes,algorithms,production,12,,,,,PENDING,0,0,0,0,,,,,,,,,,,,
lib/algorithms/coverage/include/astro/phase2/async_io.h,shipping_src,yes,algorithms,production,116,,,,,PENDING,0,0,0,0,,,,,,,,,,,,
lib/algorithms/coverage/include/astro/phase2/block.h,shipping_src,yes,algorithms,production,48,,,,,PENDING,0,0,0,0,,,,,,,,,,,,
lib/algorithms/coverage/include/astro/phase2/coverage.h,shipping_src,yes,algorithms,production,169,,,,,PENDING,0,0,0,0,,,,,,,,,,,,
lib/algorithms/coverage/include/astro/phase2/execution_options.h,shipping_src,yes,algorithms,production,49,,,,,PENDING,0,0,0,0,,,,,,,,,,,,
lib/algorithms/coverage/include/astro/phase2/integrate.h,shipping_src,yes,algorithms,production,74,,,,,PENDING,0,0,0,0,,,,,,,,,,,,
lib/algorithms/coverage/include/astro/phase2/rejection.h,shipping_src,yes,algorithms,production,579,,,,,PENDING,0,0,0,0,,,,,,,,,,,,
lib/algorithms/coverage/include/astro/phase2/sampler.h,shipping_src,yes,algorithms,production,286,,,,,PENDING,0,0,0,0,,,,,,,,,,,,
lib/algorithms/coverage/include/astro/phase2/sky_plane.h,shipping_src,yes,algorithms,production,288,,,,,PENDING,0,0,0,0,,,,,,,,,,,,
lib/algorithms/coverage/include/astro/phase2/stage2_common.h,shipping_src,yes,algorithms,production,155,,,,,PENDING,0,0,0,0,,,,,,,,,,,,
lib/algorithms/coverage/include/astro/phase2/upm.h,shipping_src,yes,algorithms,production,380,,,,,PENDING,0,0,0,0,,,,,,,,,,,,
lib/algorithms/coverage/memory.md,doc,no,algorithms,production,0,,,,,PENDING,0,0,0,0,,,,,,,,,,,,
lib/algorithms/coverage/module.yaml,aux,no,algorithms,production,0,,,,,PENDING,0,0,0,0,,,,,,,,,,,,
lib/algorithms/coverage/src/acr_kernels.cpp,shipping_src,yes,algorithms,production,361,,,,,PENDING,0,0,0,0,,,,,,,,,,,,
lib/algorithms/coverage/src/async_io.cpp,shipping_src,yes,algorithms,production,3,,,,,PENDING,0,0,0,0,,,,,,,,,,,,
lib/algorithms/coverage/src/block.cpp,shipping_src,yes,algorithms,production,78,,,,,PENDING,0,0,0,0,,,,,,,,,,,,
lib/algorithms/coverage/src/coverage.cpp,shipping_src,yes,algorithms,production,454,,,,,PENDING,0,0,0,0,,,,,,,,,,,,
lib/algorithms/coverage/src/cuda_bridge_stub.cpp,shipping_src,yes,algorithms,production,14,,,,,PENDING,0,0,0,0,,,,,,,,,,,,
lib/algorithms/coverage/src/integrate.cpp,shipping_src,yes,algorithms,production,81,,,,,PENDING,0,0,0,0,,,,,,,,,,,,
lib/algorithms/coverage/src/rejection.cpp,shipping_src,yes,algorithms,production,2857,,,,,PENDING,0,0,0,0,,,,,,,,,,,,
lib/algorithms/coverage/src/sampler.cpp,shipping_src,yes,algorithms,production,1529,,,,,PENDING,0,0,0,0,,,,,,,,,,,,
lib/algorithms/coverage/src/sky_plane.cpp,shipping_src,yes,algorithms,production,1429,,,,,PENDING,0,0,0,0,,,,,,,,,,,,
lib/algorithms/coverage/src/stage2_common.cpp,shipping_src,yes,algorithms,production,520,,,,,PENDING,0,0,0,0,,,,,,,,,,,,
lib/algorithms/coverage/src/upm.cpp,shipping_src,yes,algorithms,production,2740,,,,,PENDING,0,0,0,0,,,,,,,,,,,,
lib/algorithms/coverage/tests/async_io_test.cpp,test,no,algorithms,test,232,,,,,PENDING,0,0,0,0,,,,,,,,,,,,
lib/algorithms/coverage/tests/execution_options_test.cpp,test,no,algorithms,test,87,,,,,PENDING,0,0,0,0,,,,,,,,,,,,
lib/algorithms/coverage/tests/ivar_wiring_test.cpp,test,no,algorithms,test,492,,,,,PENDING,0,0,0,0,,,,,,,,,,,,
lib/algorithms/coverage/tests/kcorr_lookup_test.cpp,test,no,algorithms,test,77,,,,,PENDING,0,0,0,0,,,,,,,,,,,,
lib/algorithms/coverage/tests/rejection_nonfinite_weights_test.cpp,test,no,algorithms,test,189,,,,,PENDING,0,0,0,0,,,,,,,,,,,,
lib/algorithms/coverage/tests/routing_test.cpp,test,no,algorithms,test,82,,,,,PENDING,0,0,0,0,,,,,,,,,,,,
lib/algorithms/coverage/tests/sampler_parallel_consistency_test.cpp,test,no,algorithms,test,230,,,,,PENDING,0,0,0,0,,,,,,,,,,,,
lib/algorithms/coverage/tests/sanitize_driver.cpp,test,no,algorithms,test,245,,,,,PENDING,0,0,0,0,,,,,,,,,,,,
lib/algorithms/coverage/tests/synthetic_gate.cpp,test,no,algorithms,test,6000,,,,,PENDING,0,0,0,0,,,,,,,,,,,,
lib/algorithms/coverage/tools/calibrated_pair_diag.cpp,shipping_src,yes,algorithms,production,374,,,,,PENDING,0,0,0,0,,,,,,,,,,,,
lib/algorithms/coverage/tools/config_smoke.py,tool,no,algorithms,production,0,,,,,PENDING,0,0,0,0,,,,,,,,,,,,
lib/algorithms/coverage/tools/controlled_rejection_metrics.py,tool,no,algorithms,production,0,,,,,PENDING,0,0,0,0,,,,,,,,,,,,
lib/algorithms/coverage/tools/controlled_rejection_truth.py,tool,no,algorithms,production,0,,,,,PENDING,0,0,0,0,,,,,,,,,,,,
lib/algorithms/coverage/tools/hips_compare.py,tool,no,algorithms,production,0,,,,,PENDING,0,0,0,0,,,,,,,,,,,,
lib/algorithms/coverage/tools/linear_fit_oracle.py,tool,no,algorithms,production,0,,,,,PENDING,0,0,0,0,,,,,,,,,,,,
lib/algorithms/coverage/tools/memory_acr_compare.py,tool,no,algorithms,production,0,,,,,PENDING,0,0,0,0,,,,,,,,,,,,
lib/algorithms/coverage/tools/overlap_photometry.py,tool,no,algorithms,production,0,,,,,PENDING,0,0,0,0,,,,,,,,,,,,
lib/algorithms/coverage/tools/rcr_oracle_compare.py,tool,no,algorithms,production,0,,,,,PENDING,0,0,0,0,,,,,,,,,,,,
lib/algorithms/coverage/tools/rejection_cli.cpp,shipping_src,yes,algorithms,production,244,,,,,PENDING,0,0,0,0,,,,,,,,,,,,
lib/algorithms/coverage/tools/rejection_matrix.py,tool,no,algorithms,production,0,,,,,PENDING,0,0,0,0,,,,,,,,,,,,
lib/algorithms/coverage/tools/rejection_oracle_compare.py,tool,no,algorithms,production,0,,,,,PENDING,0,0,0,0,,,,,,,,,,,,
lib/algorithms/coverage/tools/satellite_gate_build.py,tool,no,algorithms,production,0,,,,,PENDING,0,0,0,0,,,,,,,,,,,,
lib/algorithms/coverage/tools/satellite_gate_metrics.py,tool,no,algorithms,production,0,,,,,PENDING,0,0,0,0,,,,,,,,,,,,
lib/algorithms/coverage/tools/satellite_gate_real_metrics.py,tool,no,algorithms,production,0,,,,,PENDING,0,0,0,0,,,,,,,,,,,,
lib/algorithms/coverage/tools/stage2.cpp,shipping_src,yes,algorithms,production,1965,,,,,PENDING,0,0,0,0,,,,,,,,,,,,
lib/algorithms/coverage/tools/weight_runtime_gate.py,tool,no,algorithms,production,0,,,,,PENDING,0,0,0,0,,,,,,,,,,,,
lib/algorithms/drizzle/CMakeLists.txt,doc,no,algorithms,production,0,,,,,PENDING,0,0,0,0,,,,,,,,,,,,
lib/algorithms/drizzle/README.md,doc,no,algorithms,production,0,,,,,PENDING,0,0,0,0,,,,,,,,,,,,
lib/algorithms/drizzle/healpix_drizzle/.gitignore,aux,no,algorithms,production,0,,,,,PENDING,0,0,0,0,,,,,,,,,,,,
lib/algorithms/drizzle/healpix_drizzle/Makefile,aux,no,algorithms,production,0,,,,,PENDING,0,0,0,0,,,,,,,,,,,,
lib/algorithms/drizzle/healpix_drizzle/README.md,doc,no,algorithms,production,0,,,,,PENDING,0,0,0,0,,,,,,,,,,,,
lib/algorithms/drizzle/healpix_drizzle/astro_sphere_sink.cpp,shipping_src,yes,algorithms,production,586,,,,,PENDING,0,0,0,0,,,,,,,,,,,,
lib/algorithms/drizzle/healpix_drizzle/astro_sphere_sink.h,shipping_src,yes,algorithms,production,76,,,,,PENDING,0,0,0,0,,,,,,,,,,,,
lib/algorithms/drizzle/healpix_drizzle/drizzle_engine.cpp,shipping_src,yes,algorithms,production,2463,,,,,PENDING,0,0,0,0,,,,,,,,,,,,
lib/algorithms/drizzle/healpix_drizzle/drizzle_engine.h,shipping_src,yes,algorithms,production,331,,,,,PENDING,0,0,0,0,,,,,,,,,,,,
lib/algorithms/drizzle/healpix_drizzle/fits_reader.cpp,shipping_src,yes,algorithms,production,533,,,,,PENDING,0,0,0,0,,,,,,,,,,,,
lib/algorithms/drizzle/healpix_drizzle/fits_reader.h,shipping_src,yes,algorithms,production,55,,,,,PENDING,0,0,0,0,,,,,,,,,,,,
lib/algorithms/drizzle/healpix_drizzle/healpix_core.cpp,shipping_src,yes,algorithms,production,3,,,,,PENDING,0,0,0,0,,,,,,,,,,,,
lib/algorithms/drizzle/healpix_drizzle/healpix_core.h,shipping_src,yes,algorithms,production,108,,,,,PENDING,0,0,0,0,,,,,,,,,,,,
lib/algorithms/drizzle/healpix_drizzle/hp_drizzle_api.cpp,shipping_src,yes,algorithms,production,1379,,,,,PENDING,0,0,0,0,,,,,,,,,,,,
lib/algorithms/drizzle/healpix_drizzle/hp_drizzle_api.h,shipping_src,yes,algorithms,production,187,,,,,PENDING,0,0,0,0,,,,,,,,,,,,
lib/algorithms/drizzle/healpix_drizzle/hp_drizzle_hips_api.cpp,shipping_src,yes,algorithms,production,97,,,,,PENDING,0,0,0,0,,,,,,,,,,,,
lib/algorithms/drizzle/healpix_drizzle/hp_drizzle_internal.h,shipping_src,yes,algorithms,production,46,,,,,PENDING,0,0,0,0,,,,,,,,,,,,
lib/algorithms/drizzle/healpix_drizzle/memory.md,doc,no,algorithms,production,0,,,,,PENDING,0,0,0,0,,,,,,,,,,,,
lib/algorithms/drizzle/healpix_drizzle/nanoflann.hpp,shipping_src,yes,algorithms,production,4091,,,,,PENDING,0,0,0,0,,,,,,,,,,,,
lib/algorithms/drizzle/healpix_drizzle/poly_clip.cpp,shipping_src,yes,algorithms,production,287,,,,,PENDING,0,0,0,0,,,,,,,,,,,,
lib/algorithms/drizzle/healpix_drizzle/poly_clip.h,shipping_src,yes,algorithms,production,67,,,,,PENDING,0,0,0,0,,,,,,,,,,,,
lib/algorithms/drizzle/healpix_drizzle/reverse_drizzle.cpp,shipping_src,yes,algorithms,production,370,,,,,PENDING,0,0,0,0,,,,,,,,,,,,
lib/algorithms/drizzle/healpix_drizzle/reverse_drizzle.h,shipping_src,yes,algorithms,production,74,,,,,PENDING,0,0,0,0,,,,,,,,,,,,
lib/algorithms/drizzle/healpix_drizzle/snr_evaluator.cpp,shipping_src,yes,algorithms,production,371,,,,,PENDING,0,0,0,0,,,,,,,,,,,,
lib/algorithms/drizzle/healpix_drizzle/snr_evaluator.h,shipping_src,yes,algorithms,production,118,,,,,PENDING,0,0,0,0,,,,,,,,,,,,
lib/algorithms/drizzle/healpix_drizzle/spherical_overlap.cpp,shipping_src,yes,algorithms,production,1861,,,,,PENDING,0,0,0,0,,,,,,,,,,,,
lib/algorithms/drizzle/healpix_drizzle/spherical_overlap.h,shipping_src,yes,algorithms,production,390,,,,,PENDING,0,0,0,0,,,,,,,,,,,,
lib/algorithms/drizzle/healpix_drizzle/tests/acceptance_drizzle.py,test,no,algorithms,test,0,,,,,PENDING,0,0,0,0,,,,,,,,,,,,
lib/algorithms/drizzle/healpix_drizzle/tests/bench_drizzle.cpp,test,no,algorithms,test,127,,,,,PENDING,0,0,0,0,,,,,,,,,,,,
lib/algorithms/drizzle/healpix_drizzle/tests/bench_write.cpp,test,no,algorithms,test,104,,,,,PENDING,0,0,0,0,,,,,,,,,,,,
lib/algorithms/drizzle/healpix_drizzle/tests/candidate_oracle_test.cpp,test,no,algorithms,test,263,,,,,PENDING,0,0,0,0,,,,,,,,,,,,
lib/algorithms/drizzle/healpix_drizzle/tests/concurrency_cache_test.cpp,test,no,algorithms,test,146,,,,,PENDING,0,0,0,0,,,,,,,,,,,,
lib/algorithms/drizzle/healpix_drizzle/tests/control_median_mc_test.cpp,test,no,algorithms,test,224,,,,,PENDING,0,0,0,0,,,,,,,,,,,,
lib/algorithms/drizzle/healpix_drizzle/tests/drizzle_acceptance_test.cpp,test,no,algorithms,test,443,,,,,PENDING,0,0,0,0,,,,,,,,,,,,
lib/algorithms/drizzle/healpix_drizzle/tests/drizzle_freeze_test.cpp,test,no,algorithms,test,527,,,,,PENDING,0,0,0,0,,,,,,,,,,,,
lib/algorithms/drizzle/healpix_drizzle/tests/drizzle_l0_test.cpp,test,no,algorithms,test,160,,,,,PENDING,0,0,0,0,,,,,,,,,,,,
lib/algorithms/drizzle/healpix_drizzle/tests/drizzle_l2_test.cpp,test,no,algorithms,test,146,,,,,PENDING,0,0,0,0,,,,,,,,,,,,
lib/algorithms/drizzle/healpix_drizzle/tests/drizzle_l3_full_fp32.cpp,test,no,algorithms,test,110,,,,,PENDING,0,0,0,0,,,,,,,,,,,,
lib/algorithms/drizzle/healpix_drizzle/tests/drizzle_nonfinite_test.cpp,test,no,algorithms,test,228,,,,,PENDING,0,0,0,0,,,,,,,,,,,,
lib/algorithms/drizzle/healpix_drizzle/tests/drizzle_science_completion_test.cpp,test,no,algorithms,test,490,,,,,PENDING,0,0,0,0,,,,,,,,,,,,
lib/algorithms/drizzle/healpix_drizzle/tests/drizzle_science_matrix_test.cpp,test,no,algorithms,test,472,,,,,PENDING,0,0,0,0,,,,,,,,,,,,
lib/algorithms/drizzle/healpix_drizzle/tests/hiss_write_probe.cpp,test,no,algorithms,test,82,,,,,PENDING,0,0,0,0,,,,,,,,,,,,
lib/algorithms/drizzle/healpix_drizzle/tests/kcorr_matrix_test.cpp,test,no,algorithms,test,162,,,,,PENDING,0,0,0,0,,,,,,,,,,,,
lib/algorithms/drizzle/healpix_drizzle/tests/mini_sip1000.cpp,test,no,algorithms,test,33,,,,,PENDING,0,0,0,0,,,,,,,,,,,,
lib/algorithms/drizzle/healpix_drizzle/tests/oracle_edge_crossing_test.cpp,test,no,algorithms,test,276,,,,,PENDING,0,0,0,0,,,,,,,,,,,,
lib/algorithms/drizzle/healpix_drizzle/tests/oracle_independent_test.cpp,test,no,algorithms,test,272,,,,,PENDING,0,0,0,0,,,,,,,,,,,,
lib/algorithms/drizzle/healpix_drizzle/tests/p0_sip_order_guard_test.cpp,test,no,algorithms,test,166,,,,,PENDING,0,0,0,0,,,,,,,,,,,,
lib/algorithms/drizzle/healpix_drizzle/tests/p1drz/CMakeLists.txt,test,no,algorithms,test,0,,,,,PENDING,0,0,0,0,,,,,,,,,,,,
lib/algorithms/drizzle/healpix_drizzle/tests/p1drz/p1drz_fixtures.hpp,test,no,algorithms,test,262,,,,,PENDING,0,0,0,0,,,,,,,,,,,,
lib/algorithms/drizzle/healpix_drizzle/tests/p1drz/p1drz_geom.hpp,test,no,algorithms,test,266,,,,,PENDING,0,0,0,0,,,,,,,,,,,,
lib/algorithms/drizzle/healpix_drizzle/tests/p1drz/p1drz_merge_pipeline_lock.sh,test,no,algorithms,test,0,,,,,PENDING,0,0,0,0,,,,,,,,,,,,
lib/algorithms/drizzle/healpix_drizzle/tests/p1drz/p1drz_oracle.hpp,test,no,algorithms,test,376,,,,,PENDING,0,0,0,0,,,,,,,,,,,,
lib/algorithms/drizzle/healpix_drizzle/tests/p1drz/p1drz_taskset_invariance.sh,test,no,algorithms,test,0,,,,,PENDING,0,0,0,0,,,,,,,,,,,,
lib/algorithms/drizzle/healpix_drizzle/tests/p1drz/p1drz_test_main.hpp,test,no,algorithms,test,143,,,,,PENDING,0,0,0,0,,,,,,,,,,,,
lib/algorithms/drizzle/healpix_drizzle/tests/p1drz/p1drz_tests_core.cpp,test,no,algorithms,test,606,,,,,PENDING,0,0,0,0,,,,,,,,,,,,
lib/algorithms/drizzle/healpix_drizzle/tests/p1drz/p1drz_tests_main.cpp,test,no,algorithms,test,8,,,,,PENDING,0,0,0,0,,,,,,,,,,,,
lib/algorithms/drizzle/healpix_drizzle/tests/p1drz/p1drz_tests_perf.cpp,test,no,algorithms,test,80,,,,,PENDING,0,0,0,0,,,,,,,,,,,,
lib/algorithms/drizzle/healpix_drizzle/tests/p1drz/p1drz_tests_selfcheck.cpp,test,no,algorithms,test,110,,,,,PENDING,0,0,0,0,,,,,,,,,,,,
lib/algorithms/drizzle/healpix_drizzle/tests/p1drz/p1drz_thread_probe.cpp,test,no,algorithms,test,144,,,,,PENDING,0,0,0,0,,,,,,,,,,,,
lib/algorithms/drizzle/healpix_drizzle/tests/probe_reverse_steps.cpp,test,no,algorithms,test,192,,,,,PENDING,0,0,0,0,,,,,,,,,,,,
lib/algorithms/drizzle/healpix_drizzle/tests/reference_overlap.cpp,test,no,algorithms,test,838,,,,,PENDING,0,0,0,0,,,,,,,,,,,,
lib/algorithms/drizzle/healpix_drizzle/tests/representative_probe.cpp,test,no,algorithms,test,110,,,,,PENDING,0,0,0,0,,,,,,,,,,,,
lib/algorithms/drizzle/healpix_drizzle/tests/reverse_api_test.cpp,test,no,algorithms,test,204,,,,,PENDING,0,0,0,0,,,,,,,,,,,,
lib/algorithms/drizzle/healpix_drizzle/tests/reverse_drizzle_science_test.cpp,test,no,algorithms,test,667,,,,,PENDING,0,0,0,0,,,,,,,,,,,,
lib/algorithms/drizzle/healpix_drizzle/tests/reverse_drizzle_test.cpp,test,no,algorithms,test,170,,,,,PENDING,0,0,0,0,,,,,,,,,,,,
lib/algorithms/drizzle/healpix_drizzle/tests/test_drizzle.py,test,no,algorithms,test,0,,,,,PENDING,0,0,0,0,,,,,,,,,,,,
lib/algorithms/drizzle/healpix_drizzle/tests/test_nside_pixfrac.cpp,test,no,algorithms,test,565,,,,,PENDING,0,0,0,0,,,,,,,,,,,,
lib/algorithms/drizzle/healpix_drizzle/tests/test_pipeline_adapter.py,test,no,algorithms,test,0,,,,,PENDING,0,0,0,0,,,,,,,,,,,,
lib/algorithms/drizzle/healpix_drizzle/tests/test_spherical_overlap.cpp,test,no,algorithms,test,1388,,,,,PENDING,0,0,0,0,,,,,,,,,,,,
lib/algorithms/drizzle/healpix_drizzle/tests/trace_g4_validate.py,test,no,algorithms,test,0,,,,,PENDING,0,0,0,0,,,,,,,,,,,,
lib/algorithms/drizzle/healpix_drizzle/tests/variance_propagation_test.cpp,test,no,algorithms,test,325,,,,,PENDING,0,0,0,0,,,,,,,,,,,,
lib/algorithms/drizzle/healpix_drizzle/tests/verify_bench.cpp,test,no,algorithms,test,63,,,,,PENDING,0,0,0,0,,,,,,,,,,,,
lib/algorithms/drizzle/healpix_drizzle/v6_drizzle_science.cpp,shipping_src,yes,algorithms,production,582,,,,,PENDING,0,0,0,0,,,,,,,,,,,,
lib/algorithms/drizzle/healpix_drizzle/v6_drizzle_science.h,shipping_src,yes,algorithms,production,353,,,,,PENDING,0,0,0,0,,,,,,,,,,,,
lib/algorithms/drizzle/healpix_drizzle/v6_spherical_overlap.cpp,shipping_src,yes,algorithms,production,153,,,,,PENDING,0,0,0,0,,,,,,,,,,,,
lib/algorithms/drizzle/healpix_drizzle/v6_spherical_overlap.h,shipping_src,yes,algorithms,production,74,,,,,PENDING,0,0,0,0,,,,,,,,,,,,
lib/algorithms/drizzle/healpix_drizzle/wcs_sip.cpp,shipping_src,yes,algorithms,production,345,,,,,PENDING,0,0,0,0,,,,,,,,,,,,
lib/algorithms/drizzle/healpix_drizzle/wcs_sip.h,shipping_src,yes,algorithms,production,73,,,,,PENDING,0,0,0,0,,,,,,,,,,,,
lib/algorithms/drizzle/hips/CMakeLists.txt,doc,no,algorithms,production,0,,,,,PENDING,0,0,0,0,,,,,,,,,,,,
lib/algorithms/drizzle/hips/README.md,doc,no,algorithms,production,0,,,,,PENDING,0,0,0,0,,,,,,,,,,,,
lib/algorithms/drizzle/hips/include/astrocs/hips/publish.h,shipping_src,yes,algorithms,production,149,,,,,PENDING,0,0,0,0,,,,,,,,,,,,
lib/algorithms/drizzle/hips/include/astrocs/hips/types.h,shipping_src,yes,algorithms,production,156,,,,,PENDING,0,0,0,0,,,,,,,,,,,,
lib/algorithms/drizzle/hips/memory.md,doc,no,algorithms,production,0,,,,,PENDING,0,0,0,0,,,,,,,,,,,,
lib/algorithms/drizzle/hips/module.yaml,aux,no,algorithms,production,0,,,,,PENDING,0,0,0,0,,,,,,,,,,,,
lib/algorithms/drizzle/hips/src/aio_publish.cpp,shipping_src,yes,algorithms,production,387,,,,,PENDING,0,0,0,0,,,,,,,,,,,,
lib/algorithms/drizzle/hips/src/astrocs_p1_hips_writer.def,aux,no,algorithms,production,0,,,,,PENDING,0,0,0,0,,,,,,,,,,,,
lib/algorithms/drizzle/hips/src/module_entry.cpp,shipping_src,yes,algorithms,production,1164,,,,,PENDING,0,0,0,0,,,,,,,,,,,,
lib/algorithms/drizzle/hips/src/module_exports.map,aux,no,algorithms,production,0,,,,,PENDING,0,0,0,0,,,,,,,,,,,,
lib/algorithms/drizzle/include/astrocs/drizzle/types.h,shipping_src,yes,algorithms,production,114,,,,,PENDING,0,0,0,0,,,,,,,,,,,,
lib/algorithms/drizzle/memory.md,doc,no,algorithms,production,0,,,,,PENDING,0,0,0,0,,,,,,,,,,,,
lib/algorithms/drizzle/module.yaml,aux,no,algorithms,production,0,,,,,PENDING,0,0,0,0,,,,,,,,,,,,
lib/algorithms/drizzle/src/astrocs_p1_drizzle.def,aux,no,algorithms,production,0,,,,,PENDING,0,0,0,0,,,,,,,,,,,,
lib/algorithms/drizzle/src/module_entry.cpp,shipping_src,yes,algorithms,production,1327,,,,,PENDING,0,0,0,0,,,,,,,,,,,,
lib/algorithms/drizzle/src/module_exports.map,aux,no,algorithms,production,0,,,,,PENDING,0,0,0,0,,,,,,,,,,,,
lib/algorithms/fits_output/CMakeLists.txt,doc,no,algorithms,production,0,,,,,PENDING,0,0,0,0,,,,,,,,,,,,
lib/algorithms/fits_output/README.md,doc,no,algorithms,production,0,,,,,PENDING,0,0,0,0,,,,,,,,,,,,
lib/algorithms/fits_output/memory.md,doc,no,algorithms,production,0,,,,,PENDING,0,0,0,0,,,,,,,,,,,,
lib/algorithms/fits_output/module.yaml,aux,no,algorithms,production,0,,,,,PENDING,0,0,0,0,,,,,,,,,,,,
lib/algorithms/fits_output/p3_output.cpp,shipping_src,yes,algorithms,production,560,,,,,PENDING,0,0,0,0,,,,,,,,,,,,
lib/algorithms/fits_output/p3_output.h,shipping_src,yes,algorithms,production,99,,,,,PENDING,0,0,0,0,,,,,,,,,,,,
lib/algorithms/integration/README.md,doc,no,algorithms,production,0,,,,,PENDING,0,0,0,0,,,,,,,,,,,,
lib/algorithms/integration/memory.md,doc,no,algorithms,production,0,,,,,PENDING,0,0,0,0,,,,,,,,,,,,
lib/algorithms/integration/module.yaml,aux,no,algorithms,production,0,,,,,PENDING,0,0,0,0,,,,,,,,,,,,
lib/algorithms/integration/v6/CMakeLists.txt,doc,no,algorithms,production,0,,,,,PENDING,0,0,0,0,,,,,,,,,,,,
lib/algorithms/integration/v6/README.md,doc,no,algorithms,production,0,,,,,PENDING,0,0,0,0,,,,,,,,,,,,
lib/algorithms/integration/v6/include/astrocs/v6/phase2_integrate.h,shipping_src,yes,algorithms,production,295,,,,,PENDING,0,0,0,0,,,,,,,,,,,,
lib/algorithms/integration/v6/include/astrocs/v6/variance_propagation.h,shipping_src,yes,algorithms,production,88,,,,,PENDING,0,0,0,0,,,,,,,,,,,,
lib/algorithms/integration/v6/include/astrocs/v6/weight_chain.h,shipping_src,yes,algorithms,production,224,,,,,PENDING,0,0,0,0,,,,,,,,,,,,
lib/algorithms/integration/v6/oracle/CMakeLists.txt,doc,no,algorithms,production,0,,,,,PENDING,0,0,0,0,,,,,,,,,,,,
lib/algorithms/integration/v6/oracle/weight_chain_oracle.py,tool,no,algorithms,production,0,,,,,PENDING,0,0,0,0,,,,,,,,,,,,
lib/algorithms/integration/v6/oracle/weight_chain_selfcheck.cpp,shipping_src,yes,algorithms,production,288,,,,,PENDING,0,0,0,0,,,,,,,,,,,,
lib/algorithms/integration/v6/src/phase2_integrate.cpp,shipping_src,yes,algorithms,production,1830,,,,,PENDING,0,0,0,0,,,,,,,,,,,,
lib/algorithms/integration/v6/src/variance_propagation.cpp,shipping_src,yes,algorithms,production,222,,,,,PENDING,0,0,0,0,,,,,,,,,,,,
lib/algorithms/integration/v6/src/weight_chain.cpp,shipping_src,yes,algorithms,production,444,,,,,PENDING,0,0,0,0,,,,,,,,,,,,
lib/algorithms/integration/v6_phase1/CMakeLists.txt,doc,no,algorithms,production,0,,,,,PENDING,0,0,0,0,,,,,,,,,,,,
lib/algorithms/integration/v6_phase1/README.md,doc,no,algorithms,production,0,,,,,PENDING,0,0,0,0,,,,,,,,,,,,
lib/algorithms/integration/v6_phase1/include/astrocs/v6/phase1_product.h,shipping_src,yes,algorithms,production,224,,,,,PENDING,0,0,0,0,,,,,,,,,,,,
lib/algorithms/integration/v6_phase1/src/phase1_product.cpp,shipping_src,yes,algorithms,production,1221,,,,,PENDING,0,0,0,0,,,,,,,,,,,,
lib/algorithms/noise_snr/.gitignore,aux,no,algorithms,production,0,,,,,PENDING,0,0,0,0,,,,,,,,,,,,
lib/algorithms/noise_snr/CMakeLists.txt,doc,no,algorithms,production,0,,,,,PENDING,0,0,0,0,,,,,,,,,,,,
lib/algorithms/noise_snr/README.md,doc,no,algorithms,production,0,,,,,PENDING,0,0,0,0,,,,,,,,,,,,
lib/algorithms/noise_snr/cpp/Makefile,aux,no,algorithms,production,0,,,,,PENDING,0,0,0,0,,,,,,,,,,,,
lib/algorithms/noise_snr/cpp/build.ps1,tool,no,algorithms,production,0,,,,,PENDING,0,0,0,0,,,,,,,,,,,,
lib/algorithms/noise_snr/cpp/include/snr_estimator.h,shipping_src,yes,algorithms,production,584,,,,,PENDING,0,0,0,0,,,,,,,,,,,,
lib/algorithms/noise_snr/cpp/src/information_weight.cpp,shipping_src,yes,algorithms,production,320,,,,,PENDING,0,0,0,0,,,,,,,,,,,,
lib/algorithms/noise_snr/cpp/src/noise_model.cpp,shipping_src,yes,algorithms,production,797,,,,,PENDING,0,0,0,0,,,,,,,,,,,,
lib/algorithms/noise_snr/cpp/src/snr_estimator.cpp,shipping_src,yes,algorithms,production,929,,,,,PENDING,0,0,0,0,,,,,,,,,,,,
lib/algorithms/noise_snr/cpp/src/snr_science.cpp,shipping_src,yes,algorithms,production,275,,,,,PENDING,0,0,0,0,,,,,,,,,,,,
lib/algorithms/noise_snr/cpp/test/noise_model_science_test.cpp,test,no,algorithms,test,603,,,,,PENDING,0,0,0,0,,,,,,,,,,,,
lib/algorithms/noise_snr/cpp/test/snr_reconcile_test.cpp,test,no,algorithms,test,117,,,,,PENDING,0,0,0,0,,,,,,,,,,,,
lib/algorithms/noise_snr/include/astrocs/noise/saturation_policy.h,shipping_src,yes,algorithms,production,70,,,,,PENDING,0,0,0,0,,,,,,,,,,,,
lib/algorithms/noise_snr/include/astrocs/noise/types.h,shipping_src,yes,algorithms,production,204,,,,,PENDING,0,0,0,0,,,,,,,,,,,,
lib/algorithms/noise_snr/include/astrocs/v6/information_weight.h,shipping_src,yes,algorithms,production,127,,,,,PENDING,0,0,0,0,,,,,,,,,,,,
lib/algorithms/noise_snr/memory.md,doc,no,algorithms,production,0,,,,,PENDING,0,0,0,0,,,,,,,,,,,,
lib/algorithms/noise_snr/module.yaml,aux,no,algorithms,production,0,,,,,PENDING,0,0,0,0,,,,,,,,,,,,
lib/algorithms/noise_snr/src/astrocs_p1_noise.def,aux,no,algorithms,production,0,,,,,PENDING,0,0,0,0,,,,,,,,,,,,
lib/algorithms/noise_snr/src/module_entry.cpp,shipping_src,yes,algorithms,production,1585,,,,,PENDING,0,0,0,0,,,,,,,,,,,,
lib/algorithms/noise_snr/src/module_exports.map,aux,no,algorithms,production,0,,,,,PENDING,0,0,0,0,,,,,,,,,,,,
lib/algorithms/noise_snr/test/test_snr_estimator.py,test,no,algorithms,test,0,,,,,PENDING,0,0,0,0,,,,,,,,,,,,
lib/algorithms/noise_snr/tests/p1noise/CMakeLists.txt,test,no,algorithms,test,0,,,,,PENDING,0,0,0,0,,,,,,,,,,,,
lib/algorithms/noise_snr/tests/p1noise/check_saturation_wiring.py,test,no,algorithms,test,0,,,,,PENDING,0,0,0,0,,,,,,,,,,,,
lib/algorithms/noise_snr/tests/p1noise/noise_model_numpy_oracle.py,test,no,algorithms,test,0,,,,,PENDING,0,0,0,0,,,,,,,,,,,,
lib/algorithms/noise_snr/tests/p1noise/p1noise_abi_layout_check.py,test,no,algorithms,test,0,,,,,PENDING,0,0,0,0,,,,,,,,,,,,
lib/algorithms/noise_snr/tests/p1noise/p1noise_abi_layout_lock.json,test,no,algorithms,test,0,,,,,PENDING,0,0,0,0,,,,,,,,,,,,
lib/algorithms/noise_snr/tests/p1noise/p1noise_abi_layout_probe.cpp,test,no,algorithms,test,59,,,,,PENDING,0,0,0,0,,,,,,,,,,,,
lib/algorithms/noise_snr/tests/p1noise/p1noise_fixtures.hpp,test,no,algorithms,test,360,,,,,PENDING,0,0,0,0,,,,,,,,,,,,
lib/algorithms/noise_snr/tests/p1noise/p1noise_oracle.hpp,test,no,algorithms,test,274,,,,,PENDING,0,0,0,0,,,,,,,,,,,,
lib/algorithms/noise_snr/tests/p1noise/p1noise_saturation_test.cpp,test,no,algorithms,test,262,,,,,PENDING,0,0,0,0,,,,,,,,,,,,
lib/algorithms/noise_snr/tests/p1noise/p1noise_test_main.hpp,test,no,algorithms,test,129,,,,,PENDING,0,0,0,0,,,,,,,,,,,,
lib/algorithms/noise_snr/tests/p1noise/p1noise_tests_core.cpp,test,no,algorithms,test,1087,,,,,PENDING,0,0,0,0,,,,,,,,,,,,
lib/algorithms/noise_snr/tests/p1noise/p1noise_tests_main.cpp,test,no,algorithms,test,12,,,,,PENDING,0,0,0,0,,,,,,,,,,,,
lib/algorithms/noise_snr/tests/p1noise/p1noise_tests_perf.cpp,test,no,algorithms,test,125,,,,,PENDING,0,0,0,0,,,,,,,,,,,,
lib/algorithms/noise_snr/tests/p1noise/p1noise_tests_selfcheck.cpp,test,no,algorithms,test,90,,,,,PENDING,0,0,0,0,,,,,,,,,,,,
lib/algorithms/noise_snr/tests/p1noise/p1snr_science_test.cpp,test,no,algorithms,test,384,,,,,PENDING,0,0,0,0,,,,,,,,,,,,
lib/algorithms/noise_snr/wrapper_phase1/README.md,doc,no,algorithms,production,0,,,,,PENDING,0,0,0,0,,,,,,,,,,,,
lib/algorithms/noise_snr/wrapper_phase1/snr_frame_science.cpp,shipping_src,yes,algorithms,production,213,,,,,PENDING,0,0,0,0,,,,,,,,,,,,
lib/algorithms/noise_snr/wrapper_phase1/snr_frame_science.h,shipping_src,yes,algorithms,production,94,,,,,PENDING,0,0,0,0,,,,,,,,,,,,
lib/algorithms/photometry/.gitignore,aux,no,algorithms,production,0,,,,,PENDING,0,0,0,0,,,,,,,,,,,,
lib/algorithms/photometry/README.md,doc,no,algorithms,production,0,,,,,PENDING,0,0,0,0,,,,,,,,,,,,
lib/algorithms/photometry/cpp/Makefile,aux,no,algorithms,production,0,,,,,PENDING,0,0,0,0,,,,,,,,,,,,
lib/algorithms/photometry/cpp/build.ps1,tool,no,algorithms,production,0,,,,,PENDING,0,0,0,0,,,,,,,,,,,,
lib/algorithms/photometry/cpp/include/log_macros.h,shipping_src,yes,algorithms,production,20,,,,,PENDING,0,0,0,0,,,,,,,,,,,,
lib/algorithms/photometry/cpp/include/photometric_calib.h,shipping_src,yes,algorithms,production,275,,,,,PENDING,0,0,0,0,,,,,,,,,,,,
lib/algorithms/photometry/cpp/src/frame_photometry_fit.cpp,shipping_src,yes,algorithms,production,299,,,,,PENDING,0,0,0,0,,,,,,,,,,,,
lib/algorithms/photometry/cpp/src/frame_photometry_fit.h,shipping_src,yes,algorithms,production,112,,,,,PENDING,0,0,0,0,,,,,,,,,,,,
lib/algorithms/photometry/cpp/src/image_corrector.cpp,shipping_src,yes,algorithms,production,82,,,,,PENDING,0,0,0,0,,,,,,,,,,,,
lib/algorithms/photometry/cpp/src/image_corrector.h,shipping_src,yes,algorithms,production,35,,,,,PENDING,0,0,0,0,,,,,,,,,,,,
lib/algorithms/photometry/cpp/src/pc_api.cpp,shipping_src,yes,algorithms,production,1336,,,,,PENDING,0,0,0,0,,,,,,,,,,,,
lib/algorithms/photometry/cpp/src/pc_api_qf.h,shipping_src,yes,algorithms,production,49,,,,,PENDING,0,0,0,0,,,,,,,,,,,,
lib/algorithms/photometry/cpp/src/psfsw.cpp,shipping_src,yes,algorithms,production,936,,,,,PENDING,0,0,0,0,,,,,,,,,,,,
lib/algorithms/photometry/cpp/src/spectrum_integrator.cpp,shipping_src,yes,algorithms,production,454,,,,,PENDING,0,0,0,0,,,,,,,,,,,,
lib/algorithms/photometry/cpp/src/spectrum_integrator.h,shipping_src,yes,algorithms,production,110,,,,,PENDING,0,0,0,0,,,,,,,,,,,,
lib/algorithms/photometry/cpp/src/star_matcher.cpp,shipping_src,yes,algorithms,production,704,,,,,PENDING,0,0,0,0,,,,,,,,,,,,
lib/algorithms/photometry/cpp/src/star_matcher.h,shipping_src,yes,algorithms,production,131,,,,,PENDING,0,0,0,0,,,,,,,,,,,,
lib/algorithms/photometry/cpp/src/wcs_transform.cpp,shipping_src,yes,algorithms,production,261,,,,,PENDING,0,0,0,0,,,,,,,,,,,,
lib/algorithms/photometry/cpp/src/wcs_transform.h,shipping_src,yes,algorithms,production,66,,,,,PENDING,0,0,0,0,,,,,,,,,,,,
lib/algorithms/photometry/cpp/test/filter_qe_provenance.json,test,no,algorithms,test,0,,,,,PENDING,0,0,0,0,,,,,,,,,,,,
lib/algorithms/photometry/cpp/test/gate4_dr3sp_gaiaxpy/DR3SP_SCHEMA_AUDIT.md,test,no,algorithms,test,0,,,,,PENDING,0,0,0,0,,,,,,,,,,,,
lib/algorithms/photometry/cpp/test/gate4_dr3sp_gaiaxpy/GaiaEDR3_passband.dat,test,no,algorithms,test,0,,,,,PENDING,0,0,0,0,,,,,,,,,,,,
lib/algorithms/photometry/cpp/test/gate4_dr3sp_gaiaxpy/download_xp_sample.py,test,no,algorithms,test,0,,,,,PENDING,0,0,0,0,,,,,,,,,,,,
lib/algorithms/photometry/cpp/test/gate4_dr3sp_gaiaxpy/evidence/gate2_result.json,test,no,algorithms,test,0,,,,,PENDING,0,0,0,0,,,,,,,,,,,,
lib/algorithms/photometry/cpp/test/gate4_dr3sp_gaiaxpy/evidence/gate4_compare_per_star_1050.csv,test,no,algorithms,test,0,,,,,PENDING,0,0,0,0,,,,,,,,,,,,
lib/algorithms/photometry/cpp/test/gate4_dr3sp_gaiaxpy/evidence/gate4_result_full_1050.json,test,no,algorithms,test,0,,,,,PENDING,0,0,0,0,,,,,,,,,,,,
lib/algorithms/photometry/cpp/test/gate4_dr3sp_gaiaxpy/fsyn_astrocs.py,test,no,algorithms,test,0,,,,,PENDING,0,0,0,0,,,,,,,,,,,,
lib/algorithms/photometry/cpp/test/gate4_dr3sp_gaiaxpy/fsyn_export.cpp,test,no,algorithms,test,105,,,,,PENDING,0,0,0,0,,,,,,,,,,,,
lib/algorithms/photometry/cpp/test/gate4_dr3sp_gaiaxpy/gate1_psf_final_test.py,test,no,algorithms,test,0,,,,,PENDING,0,0,0,0,,,,,,,,,,,,
lib/algorithms/photometry/cpp/test/gate4_dr3sp_gaiaxpy/gate2_psf_oracle.py,test,no,algorithms,test,0,,,,,PENDING,0,0,0,0,,,,,,,,,,,,
lib/algorithms/photometry/cpp/test/gate4_dr3sp_gaiaxpy/gate3_wcs_oracle.py,test,no,algorithms,test,0,,,,,PENDING,0,0,0,0,,,,,,,,,,,,
lib/algorithms/photometry/cpp/test/gate4_dr3sp_gaiaxpy/gate4_gaiaxpy_compare.py,test,no,algorithms,test,0,,,,,PENDING,0,0,0,0,,,,,,,,,,,,
lib/algorithms/photometry/cpp/test/gate4_dr3sp_gaiaxpy/gate7_hips_validate.py,test,no,algorithms,test,0,,,,,PENDING,0,0,0,0,,,,,,,,,,,,
lib/algorithms/photometry/cpp/test/gate4_dr3sp_gaiaxpy/gate8_trace_check.py,test,no,algorithms,test,0,,,,,PENDING,0,0,0,0,,,,,,,,,,,,
lib/algorithms/photometry/cpp/test/gate4_dr3sp_gaiaxpy/xpsd_cpp_crosscheck.py,test,no,algorithms,test,0,,,,,PENDING,0,0,0,0,,,,,,,,,,,,
lib/algorithms/photometry/cpp/test/gate4_dr3sp_gaiaxpy/xpsd_production_validation.py,test,no,algorithms,test,0,,,,,PENDING,0,0,0,0,,,,,,,,,,,,
lib/algorithms/photometry/cpp/test/test_energy_conservation.py,test,no,algorithms,test,0,,,,,PENDING,0,0,0,0,,,,,,,,,,,,
lib/algorithms/photometry/cpp/test/test_p0_pc_api_exception_barrier.cpp,test,no,algorithms,test,158,,,,,PENDING,0,0,0,0,,,,,,,,,,,,
lib/algorithms/photometry/cpp/test/test_p0_sip_order_guard.cpp,test,no,algorithms,test,136,,,,,PENDING,0,0,0,0,,,,,,,,,,,,
lib/algorithms/photometry/cpp/test/test_photometric_calib.py,test,no,algorithms,test,0,,,,,PENDING,0,0,0,0,,,,,,,,,,,,
lib/algorithms/photometry/cpp/test/test_spectrum_integrator.cpp,test,no,algorithms,test,242,,,,,PENDING,0,0,0,0,,,,,,,,,,,,
lib/algorithms/photometry/cpp/test/test_spectrum_integrator_golden.py,test,no,algorithms,test,0,,,,,PENDING,0,0,0,0,,,,,,,,,,,,
lib/algorithms/photometry/cpp/test/test_spectrum_integrator_golden_results.json,test,no,algorithms,test,0,,,,,PENDING,0,0,0,0,,,,,,,,,,,,
lib/algorithms/photometry/data/response_curves/filters.json,aux,no,algorithms,production,0,,,,,PENDING,0,0,0,0,,,,,,,,,,,,
lib/algorithms/photometry/data/response_curves/qe_curves.json,aux,no,algorithms,production,0,,,,,PENDING,0,0,0,0,,,,,,,,,,,,
lib/algorithms/photometry/docs/algorithm.md,doc,no,algorithms,production,0,,,,,PENDING,0,0,0,0,,,,,,,,,,,,
lib/algorithms/photometry/docs/architecture.md,doc,no,algorithms,production,0,,,,,PENDING,0,0,0,0,,,,,,,,,,,,
lib/algorithms/photometry/include/astrocs/v6/psfsw.h,shipping_src,yes,algorithms,production,401,,,,,PENDING,0,0,0,0,,,,,,,,,,,,
lib/algorithms/photometry/memory.md,doc,no,algorithms,production,0,,,,,PENDING,0,0,0,0,,,,,,,,,,,,
lib/algorithms/photometry/module.yaml,aux,no,algorithms,production,0,,,,,PENDING,0,0,0,0,,,,,,,,,,,,
lib/algorithms/photometry/tests/p1phot/CMakeLists.txt,test,no,algorithms,test,0,,,,,PENDING,0,0,0,0,,,,,,,,,,,,
lib/algorithms/photometry/tests/p1phot/p1phot_field_stub.hpp,test,no,algorithms,test,50,,,,,PENDING,0,0,0,0,,,,,,,,,,,,
lib/algorithms/photometry/tests/p1phot/p1phot_fixgates.cpp,test,no,algorithms,test,270,,,,,PENDING,0,0,0,0,,,,,,,,,,,,
lib/algorithms/photometry/tests/p1phot/p1phot_fixtures.hpp,test,no,algorithms,test,252,,,,,PENDING,0,0,0,0,,,,,,,,,,,,
lib/algorithms/photometry/tests/p1phot/p1phot_gaia_stub.cpp,test,no,algorithms,test,98,,,,,PENDING,0,0,0,0,,,,,,,,,,,,
lib/algorithms/photometry/tests/p1phot/p1phot_gaia_stub.hpp,test,no,algorithms,test,57,,,,,PENDING,0,0,0,0,,,,,,,,,,,,
lib/algorithms/photometry/tests/p1phot/p1phot_oracle.hpp,test,no,algorithms,test,461,,,,,PENDING,0,0,0,0,,,,,,,,,,,,
lib/algorithms/photometry/tests/p1phot/p1phot_test_main.hpp,test,no,algorithms,test,175,,,,,PENDING,0,0,0,0,,,,,,,,,,,,
lib/algorithms/photometry/tests/p1phot/p1phot_tests_main.cpp,test,no,algorithms,test,25,,,,,PENDING,0,0,0,0,,,,,,,,,,,,
lib/algorithms/photometry/tests/p1phot/p1phot_tests_negative.cpp,test,no,algorithms,test,365,,,,,PENDING,0,0,0,0,,,,,,,,,,,,
lib/algorithms/photometry/tests/p1phot/p1phot_tests_oracle.cpp,test,no,algorithms,test,318,,,,,PENDING,0,0,0,0,,,,,,,,,,,,
lib/algorithms/photometry/tests/p1phot/p1phot_tests_perf.cpp,test,no,algorithms,test,125,,,,,PENDING,0,0,0,0,,,,,,,,,,,,
lib/algorithms/photometry/tests/p1phot/p1phot_tests_properties.cpp,test,no,algorithms,test,346,,,,,PENDING,0,0,0,0,,,,,,,,,,,,
lib/algorithms/photometry/tests/p1phot/p1phot_tests_selfcheck.cpp,test,no,algorithms,test,124,,,,,PENDING,0,0,0,0,,,,,,,,,,,,
lib/algorithms/photometry/tests/p1phot/p1phot_tests_units.cpp,test,no,algorithms,test,660,,,,,PENDING,0,0,0,0,,,,,,,,,,,,
lib/algorithms/photometry/tools/diag_gradient_report.py,tool,no,algorithms,production,0,,,,,PENDING,0,0,0,0,,,,,,,,,,,,
lib/algorithms/photometry/wrapper_phase1/README.md,doc,no,algorithms,production,0,,,,,PENDING,0,0,0,0,,,,,,,,,,,,
lib/algorithms/photometry/wrapper_phase1/photometer.cpp,shipping_src,yes,algorithms,production,100,,,,,PENDING,0,0,0,0,,,,,,,,,,,,
lib/algorithms/photometry/wrapper_phase1/photometer.h,shipping_src,yes,algorithms,production,40,,,,,PENDING,0,0,0,0,,,,,,,,,,,,
lib/algorithms/photometry/wrapper_phase1/tests/p1phot/p1phot_fixtures.hpp,test,no,algorithms,test,264,,,,,PENDING,0,0,0,0,,,,,,,,,,,,
lib/algorithms/photometry/wrapper_phase1/tests/p1phot/p1phot_oracle.hpp,test,no,algorithms,test,322,,,,,PENDING,0,0,0,0,,,,,,,,,,,,
lib/algorithms/photometry/wrapper_phase1/tests/p1phot/p1phot_test_main.hpp,test,no,algorithms,test,133,,,,,PENDING,0,0,0,0,,,,,,,,,,,,
lib/algorithms/photometry/wrapper_phase1/tests/p1phot/p1phot_tests_core.cpp,test,no,algorithms,test,657,,,,,PENDING,0,0,0,0,,,,,,,,,,,,
lib/algorithms/platesolve/.gitignore,aux,no,algorithms,production,0,,,,,PENDING,0,0,0,0,,,,,,,,,,,,
lib/algorithms/platesolve/IPV_PIPELINE.md,doc,no,algorithms,production,0,,,,,PENDING,0,0,0,0,,,,,,,,,,,,
lib/algorithms/platesolve/LICENSE,aux,no,algorithms,production,0,,,,,PENDING,0,0,0,0,,,,,,,,,,,,
lib/algorithms/platesolve/README.md,doc,no,algorithms,production,0,,,,,PENDING,0,0,0,0,,,,,,,,,,,,
lib/algorithms/platesolve/cpp/ipv/Makefile,aux,no,algorithms,production,0,,,,,PENDING,0,0,0,0,,,,,,,,,,,,
lib/algorithms/platesolve/cpp/ipv/REPORT.md,doc,no,algorithms,production,0,,,,,PENDING,0,0,0,0,,,,,,,,,,,,
lib/algorithms/platesolve/cpp/ipv/SIRIL_COMPARISON.md,doc,no,algorithms,production,0,,,,,PENDING,0,0,0,0,,,,,,,,,,,,
lib/algorithms/platesolve/cpp/ipv/build.ps1,tool,no,algorithms,production,0,,,,,PENDING,0,0,0,0,,,,,,,,,,,,
lib/algorithms/platesolve/cpp/ipv/include/ipv_angle.h,shipping_src,yes,algorithms,production,54,,,,,PENDING,0,0,0,0,,,,,,,,,,,,
lib/algorithms/platesolve/cpp/ipv/include/ipv_api.h,shipping_src,yes,algorithms,production,315,,,,,PENDING,0,0,0,0,,,,,,,,,,,,
lib/algorithms/platesolve/cpp/ipv/include/ipv_distortion.h,shipping_src,yes,algorithms,production,71,,,,,PENDING,0,0,0,0,,,,,,,,,,,,
lib/algorithms/platesolve/cpp/ipv/include/ipv_itertrans.h,shipping_src,yes,algorithms,production,164,,,,,PENDING,0,0,0,0,,,,,,,,,,,,
lib/algorithms/platesolve/cpp/ipv/include/ipv_kvector.h,shipping_src,yes,algorithms,production,57,,,,,PENDING,0,0,0,0,,,,,,,,,,,,
lib/algorithms/platesolve/cpp/ipv/include/ipv_log.h,shipping_src,yes,algorithms,production,130,,,,,PENDING,0,0,0,0,,,,,,,,,,,,
lib/algorithms/platesolve/cpp/ipv/include/ipv_polygon.h,shipping_src,yes,algorithms,production,133,,,,,PENDING,0,0,0,0,,,,,,,,,,,,
lib/algorithms/platesolve/cpp/ipv/include/ipv_ransac.h,shipping_src,yes,algorithms,production,102,,,,,PENDING,0,0,0,0,,,,,,,,,,,,
lib/algorithms/platesolve/cpp/ipv/include/ipv_robust_refine.h,shipping_src,yes,algorithms,production,136,,,,,PENDING,0,0,0,0,,,,,,,,,,,,
lib/algorithms/platesolve/cpp/ipv/include/ipv_select.h,shipping_src,yes,algorithms,production,243,,,,,PENDING,0,0,0,0,,,,,,,,,,,,
lib/algorithms/platesolve/cpp/ipv/include/ipv_sip.h,shipping_src,yes,algorithms,production,58,,,,,PENDING,0,0,0,0,,,,,,,,,,,,
lib/algorithms/platesolve/cpp/ipv/include/ipv_solver.h,shipping_src,yes,algorithms,production,294,,,,,PENDING,0,0,0,0,,,,,,,,,,,,
lib/algorithms/platesolve/cpp/ipv/include/ipv_triangle.h,shipping_src,yes,algorithms,production,97,,,,,PENDING,0,0,0,0,,,,,,,,,,,,
lib/algorithms/platesolve/cpp/ipv/include/ipv_types.h,shipping_src,yes,algorithms,production,270,,,,,PENDING,0,0,0,0,,,,,,,,,,,,
lib/algorithms/platesolve/cpp/ipv/include/ipv_wcs.h,shipping_src,yes,algorithms,production,86,,,,,PENDING,0,0,0,0,,,,,,,,,,,,
lib/algorithms/platesolve/cpp/ipv/make_clean_err.txt,doc,no,algorithms,production,0,,,,,PENDING,0,0,0,0,,,,,,,,,,,,
lib/algorithms/platesolve/cpp/ipv/make_clean_out.txt,doc,no,algorithms,production,0,,,,,PENDING,0,0,0,0,,,,,,,,,,,,
lib/algorithms/platesolve/cpp/ipv/siril_atpmatch_b64.txt,doc,no,algorithms,production,0,,,,,PENDING,0,0,0,0,,,,,,,,,,,,
lib/algorithms/platesolve/cpp/ipv/src/ipv_angle.cpp,shipping_src,yes,algorithms,production,199,,,,,PENDING,0,0,0,0,,,,,,,,,,,,
lib/algorithms/platesolve/cpp/ipv/src/ipv_distortion.cpp,shipping_src,yes,algorithms,production,372,,,,,PENDING,0,0,0,0,,,,,,,,,,,,
lib/algorithms/platesolve/cpp/ipv/src/ipv_entry.cpp,shipping_src,yes,algorithms,production,757,,,,,PENDING,0,0,0,0,,,,,,,,,,,,
lib/algorithms/platesolve/cpp/ipv/src/ipv_itertrans.cpp,shipping_src,yes,algorithms,production,1057,,,,,PENDING,0,0,0,0,,,,,,,,,,,,
lib/algorithms/platesolve/cpp/ipv/src/ipv_kvector.cpp,shipping_src,yes,algorithms,production,124,,,,,PENDING,0,0,0,0,,,,,,,,,,,,
lib/algorithms/platesolve/cpp/ipv/src/ipv_polygon.cpp,shipping_src,yes,algorithms,production,806,,,,,PENDING,0,0,0,0,,,,,,,,,,,,
lib/algorithms/platesolve/cpp/ipv/src/ipv_ransac.cpp,shipping_src,yes,algorithms,production,1504,,,,,PENDING,0,0,0,0,,,,,,,,,,,,
lib/algorithms/platesolve/cpp/ipv/src/ipv_robust_refine.cpp,shipping_src,yes,algorithms,production,1131,,,,,PENDING,0,0,0,0,,,,,,,,,,,,
lib/algorithms/platesolve/cpp/ipv/src/ipv_select.cpp,shipping_src,yes,algorithms,production,2038,,,,,PENDING,0,0,0,0,,,,,,,,,,,,
lib/algorithms/platesolve/cpp/ipv/src/ipv_sip.cpp,shipping_src,yes,algorithms,production,515,,,,,PENDING,0,0,0,0,,,,,,,,,,,,
lib/algorithms/platesolve/cpp/ipv/src/ipv_solver.cpp,shipping_src,yes,algorithms,production,1818,,,,,PENDING,0,0,0,0,,,,,,,,,,,,
lib/algorithms/platesolve/cpp/ipv/src/ipv_triangle.cpp,shipping_src,yes,algorithms,production,736,,,,,PENDING,0,0,0,0,,,,,,,,,,,,
lib/algorithms/platesolve/cpp/ipv/src/ipv_wcs.cpp,shipping_src,yes,algorithms,production,1015,,,,,PENDING,0,0,0,0,,,,,,,,,,,,
lib/algorithms/platesolve/cpp/ipv/test/CMakeLists.txt,test,no,algorithms,test,0,,,,,PENDING,0,0,0,0,,,,,,,,,,,,
lib/algorithms/platesolve/cpp/ipv/test/ipv_abi_layout_lock.py,test,no,algorithms,test,0,,,,,PENDING,0,0,0,0,,,,,,,,,,,,
lib/algorithms/platesolve/cpp/ipv/test/ipv_abi_layout_probe.cpp,test,no,algorithms,test,151,,,,,PENDING,0,0,0,0,,,,,,,,,,,,
lib/algorithms/platesolve/cpp/ipv/test/ipv_dead_params_lock.py,test,no,algorithms,test,0,,,,,PENDING,0,0,0,0,,,,,,,,,,,,
lib/algorithms/platesolve/cpp/ipv/test/ipv_dead_params_manifest.json,test,no,algorithms,test,0,,,,,PENDING,0,0,0,0,,,,,,,,,,,,
lib/algorithms/platesolve/cpp/ipv/test/ipv_dead_params_selfcheck.py,test,no,algorithms,test,0,,,,,PENDING,0,0,0,0,,,,,,,,,,,,
lib/algorithms/platesolve/cpp/ipv/test/ipv_params_abi_failclosed_test.cpp,test,no,algorithms,test,132,,,,,PENDING,0,0,0,0,,,,,,,,,,,,
lib/algorithms/platesolve/cpp/ipv/test/test_extract_wcs_sip_failclosed.cpp,test,no,algorithms,test,144,,,,,PENDING,0,0,0,0,,,,,,,,,,,,
lib/algorithms/platesolve/cpp/ipv/test/test_kvector.cpp,test,no,algorithms,test,348,,,,,PENDING,0,0,0,0,,,,,,,,,,,,
lib/algorithms/platesolve/cpp/ipv/test/test_last_inlier_reset.cpp,test,no,algorithms,test,153,,,,,PENDING,0,0,0,0,,,,,,,,,,,,
lib/algorithms/platesolve/cpp/ipv/test/test_mag_iter.cpp,test,no,algorithms,test,351,,,,,PENDING,0,0,0,0,,,,,,,,,,,,
lib/algorithms/platesolve/cpp/ipv/test/test_mag_iter_delivery.cpp,test,no,algorithms,test,118,,,,,PENDING,0,0,0,0,,,,,,,,,,,,
lib/algorithms/platesolve/cpp/ipv/test/test_synthetic.cpp,test,no,algorithms,test,294,,,,,PENDING,0,0,0,0,,,,,,,,,,,,
lib/algorithms/platesolve/cpp/ipv/test/test_triangle_budget.cpp,test,no,algorithms,test,95,,,,,PENDING,0,0,0,0,,,,,,,,,,,,
lib/algorithms/platesolve/memory.md,doc,no,algorithms,production,0,,,,,PENDING,0,0,0,0,,,,,,,,,,,,
lib/algorithms/platesolve/module.yaml,aux,no,algorithms,production,0,,,,,PENDING,0,0,0,0,,,,,,,,,,,,
lib/algorithms/platesolve/tools/diag_gaia_psf_projection.py,tool,no,algorithms,production,0,,,,,PENDING,0,0,0,0,,,,,,,,,,,,
lib/algorithms/platesolve/tools/diag_projection_plot.py,tool,no,algorithms,production,0,,,,,PENDING,0,0,0,0,,,,,,,,,,,,
lib/algorithms/platesolve/tools/ipv_abi_mirror.py,tool,no,algorithms,production,0,,,,,PENDING,0,0,0,0,,,,,,,,,,,,
lib/algorithms/platesolve/wrapper_phase1/README.md,doc,no,algorithms,production,0,,,,,PENDING,0,0,0,0,,,,,,,,,,,,
lib/algorithms/platesolve/wrapper_phase1/wcs_tan.cpp,shipping_src,yes,algorithms,production,66,,,,,PENDING,0,0,0,0,,,,,,,,,,,,
lib/algorithms/platesolve/wrapper_phase1/wcs_tan.h,shipping_src,yes,algorithms,production,22,,,,,PENDING,0,0,0,0,,,,,,,,,,,,
lib/algorithms/projection/CMakeLists.txt,doc,no,algorithms,production,0,,,,,PENDING,0,0,0,0,,,,,,,,,,,,
lib/algorithms/projection/README.md,doc,no,algorithms,production,0,,,,,PENDING,0,0,0,0,,,,,,,,,,,,
lib/algorithms/projection/memory.md,doc,no,algorithms,production,0,,,,,PENDING,0,0,0,0,,,,,,,,,,,,
lib/algorithms/projection/module.yaml,aux,no,algorithms,production,0,,,,,PENDING,0,0,0,0,,,,,,,,,,,,
lib/algorithms/projection/p3_proj_v6.cpp,shipping_src,yes,algorithms,production,732,,,,,PENDING,0,0,0,0,,,,,,,,,,,,
lib/algorithms/projection/p3_proj_v6.h,shipping_src,yes,algorithms,production,219,,,,,PENDING,0,0,0,0,,,,,,,,,,,,
lib/algorithms/projection/p3_projection.cpp,shipping_src,yes,algorithms,production,400,,,,,PENDING,0,0,0,0,,,,,,,,,,,,
lib/algorithms/projection/p3_projection.h,shipping_src,yes,algorithms,production,116,,,,,PENDING,0,0,0,0,,,,,,,,,,,,
lib/algorithms/projection/p3_wcs.cpp,shipping_src,yes,algorithms,production,232,,,,,PENDING,0,0,0,0,,,,,,,,,,,,
lib/algorithms/projection/p3_wcs.h,shipping_src,yes,algorithms,production,66,,,,,PENDING,0,0,0,0,,,,,,,,,,,,
lib/algorithms/projection/tests/p3wcs/CMakeLists.txt,test,no,algorithms,test,0,,,,,PENDING,0,0,0,0,,,,,,,,,,,,
lib/algorithms/projection/tests/p3wcs/p3_wcs_main.cpp,test,no,algorithms,test,65,,,,,PENDING,0,0,0,0,,,,,,,,,,,,
lib/algorithms/projection/tests/p3wcs/p3_wcs_test.cpp,test,no,algorithms,test,451,,,,,PENDING,0,0,0,0,,,,,,,,,,,,
lib/algorithms/projection/tests/p3wcs/test_p3_wcs.py,test,no,algorithms,test,0,,,,,PENDING,0,0,0,0,,,,,,,,,,,,
lib/algorithms/psf/.gitignore,aux,no,algorithms,production,0,,,,,PENDING,0,0,0,0,,,,,,,,,,,,
lib/algorithms/psf/Makefile,aux,no,algorithms,production,0,,,,,PENDING,0,0,0,0,,,,,,,,,,,,
lib/algorithms/psf/README.md,doc,no,algorithms,production,0,,,,,PENDING,0,0,0,0,,,,,,,,,,,,
lib/algorithms/psf/include/astrocs/v6/psf_information.h,shipping_src,yes,algorithms,production,95,,,,,PENDING,0,0,0,0,,,,,,,,,,,,
lib/algorithms/psf/include/dynamic_psf.h,shipping_src,yes,algorithms,production,215,,,,,PENDING,0,0,0,0,,,,,,,,,,,,
lib/algorithms/psf/memory.md,doc,no,algorithms,production,0,,,,,PENDING,0,0,0,0,,,,,,,,,,,,
lib/algorithms/psf/module.yaml,aux,no,algorithms,production,0,,,,,PENDING,0,0,0,0,,,,,,,,,,,,
lib/algorithms/psf/src/dpsf_image.cpp,shipping_src,yes,algorithms,production,431,,,,,PENDING,0,0,0,0,,,,,,,,,,,,
lib/algorithms/psf/src/dpsf_image.h,shipping_src,yes,algorithms,production,28,,,,,PENDING,0,0,0,0,,,,,,,,,,,,
lib/algorithms/psf/src/dpsf_log.cpp,shipping_src,yes,algorithms,production,97,,,,,PENDING,0,0,0,0,,,,,,,,,,,,
lib/algorithms/psf/src/dpsf_log.h,shipping_src,yes,algorithms,production,10,,,,,PENDING,0,0,0,0,,,,,,,,,,,,
lib/algorithms/psf/src/dpsf_psf.cpp,shipping_src,yes,algorithms,production,1146,,,,,PENDING,0,0,0,0,,,,,,,,,,,,
lib/algorithms/psf/src/dpsf_psf.h,shipping_src,yes,algorithms,production,34,,,,,PENDING,0,0,0,0,,,,,,,,,,,,
lib/algorithms/psf/src/psf_information.cpp,shipping_src,yes,algorithms,production,189,,,,,PENDING,0,0,0,0,,,,,,,,,,,,
lib/algorithms/psf/test/test_dpsf_nan_sort.cpp,test,no,algorithms,test,136,,,,,PENDING,0,0,0,0,,,,,,,,,,,,
lib/algorithms/psf/tests/p1psf/CMakeLists.txt,test,no,algorithms,test,0,,,,,PENDING,0,0,0,0,,,,,,,,,,,,
lib/algorithms/psf/tests/p1psf/p1psf_center_contract_astropy.py,test,no,algorithms,test,0,,,,,PENDING,0,0,0,0,,,,,,,,,,,,
lib/algorithms/psf/tests/p1psf/p1psf_center_contract_gate.cpp,test,no,algorithms,test,297,,,,,PENDING,0,0,0,0,,,,,,,,,,,,
lib/algorithms/psf/tests/p1psf/p1psf_centroid_gate.cpp,test,no,algorithms,test,327,,,,,PENDING,0,0,0,0,,,,,,,,,,,,
lib/algorithms/psf/tests/p1psf/p1psf_fixtures.hpp,test,no,algorithms,test,239,,,,,PENDING,0,0,0,0,,,,,,,,,,,,
lib/algorithms/psf/tests/p1psf/p1psf_oracle.hpp,test,no,algorithms,test,140,,,,,PENDING,0,0,0,0,,,,,,,,,,,,
lib/algorithms/psf/tests/p1psf/p1psf_prodpath_check.cpp,test,no,algorithms,test,146,,,,,PENDING,0,0,0,0,,,,,,,,,,,,
lib/algorithms/psf/tests/p1psf/p1psf_test_main.hpp,test,no,algorithms,test,175,,,,,PENDING,0,0,0,0,,,,,,,,,,,,
lib/algorithms/psf/tests/p1psf/p1psf_tests_core.cpp,test,no,algorithms,test,1110,,,,,PENDING,0,0,0,0,,,,,,,,,,,,
lib/algorithms/psf/tests/p1psf/p1psf_tests_main.cpp,test,no,algorithms,test,14,,,,,PENDING,0,0,0,0,,,,,,,,,,,,
lib/algorithms/psf/tests/p1psf/p1psf_tests_perf.cpp,test,no,algorithms,test,142,,,,,PENDING,0,0,0,0,,,,,,,,,,,,
lib/algorithms/psf/tests/p1psf/p1psf_tests_selfcheck.cpp,test,no,algorithms,test,84,,,,,PENDING,0,0,0,0,,,,,,,,,,,,
lib/algorithms/rejection/CLASSIFY_V1_PROFILE.md,doc,no,algorithms,production,0,,,,,PENDING,0,0,0,0,,,,,,,,,,,,
lib/algorithms/rejection/README.md,doc,no,algorithms,production,0,,,,,PENDING,0,0,0,0,,,,,,,,,,,,
lib/algorithms/rejection/memory.md,doc,no,algorithms,production,0,,,,,PENDING,0,0,0,0,,,,,,,,,,,,
lib/algorithms/rejection/module.yaml,aux,no,algorithms,production,0,,,,,PENDING,0,0,0,0,,,,,,,,,,,,
lib/algorithms/resample/CMakeLists.txt,doc,no,algorithms,production,0,,,,,PENDING,0,0,0,0,,,,,,,,,,,,
lib/algorithms/resample/README.md,doc,no,algorithms,production,0,,,,,PENDING,0,0,0,0,,,,,,,,,,,,
lib/algorithms/resample/V6_PHASE3_RSMP_IMPL.md,doc,no,algorithms,production,0,,,,,PENDING,0,0,0,0,,,,,,,,,,,,
lib/algorithms/resample/memory.md,doc,no,algorithms,production,0,,,,,PENDING,0,0,0,0,,,,,,,,,,,,
lib/algorithms/resample/module.yaml,aux,no,algorithms,production,0,,,,,PENDING,0,0,0,0,,,,,,,,,,,,
lib/algorithms/resample/p3_resample.cpp,shipping_src,yes,algorithms,production,519,,,,,PENDING,0,0,0,0,,,,,,,,,,,,
lib/algorithms/resample/p3_resample.h,shipping_src,yes,algorithms,production,150,,,,,PENDING,0,0,0,0,,,,,,,,,,,,
lib/algorithms/resample/p3_rsmp.h,shipping_src,yes,algorithms,production,490,,,,,PENDING,0,0,0,0,,,,,,,,,,,,
lib/algorithms/resample/p3_rsmp_covariance.cpp,shipping_src,yes,algorithms,production,151,,,,,PENDING,0,0,0,0,,,,,,,,,,,,
lib/algorithms/resample/p3_rsmp_failclosed.cpp,shipping_src,yes,algorithms,production,216,,,,,PENDING,0,0,0,0,,,,,,,,,,,,
lib/algorithms/resample/p3_rsmp_kernel_registry.cpp,shipping_src,yes,algorithms,production,251,,,,,PENDING,0,0,0,0,,,,,,,,,,,,
lib/algorithms/resample/p3_rsmp_operator.cpp,shipping_src,yes,algorithms,production,294,,,,,PENDING,0,0,0,0,,,,,,,,,,,,
lib/algorithms/resample/p3_rsmp_propagation.cpp,shipping_src,yes,algorithms,production,253,,,,,PENDING,0,0,0,0,,,,,,,,,,,,
lib/algorithms/resample/p3_rsmp_units.cpp,shipping_src,yes,algorithms,production,175,,,,,PENDING,0,0,0,0,,,,,,,,,,,,
lib/algorithms/resample/tests/p3rsmp/p3_resample_probe_main.cpp,test,no,algorithms,test,68,,,,,PENDING,0,0,0,0,,,,,,,,,,,,
lib/algorithms/sampling/README.md,doc,no,algorithms,production,0,,,,,PENDING,0,0,0,0,,,,,,,,,,,,
lib/algorithms/sampling/memory.md,doc,no,algorithms,production,0,,,,,PENDING,0,0,0,0,,,,,,,,,,,,
lib/algorithms/sampling/module.yaml,aux,no,algorithms,production,0,,,,,PENDING,0,0,0,0,,,,,,,,,,,,
lib/algorithms/shared/.gitignore,aux,no,algorithms,production,0,,,,,PENDING,0,0,0,0,,,,,,,,,,,,
lib/algorithms/shared/Makefile,aux,no,algorithms,production,0,,,,,PENDING,0,0,0,0,,,,,,,,,,,,
lib/algorithms/shared/crypto/sha256.cpp,shipping_src,yes,algorithms,production,127,,,,,PENDING,0,0,0,0,,,,,,,,,,,,
lib/algorithms/shared/crypto/sha256.h,shipping_src,yes,algorithms,production,34,,,,,PENDING,0,0,0,0,,,,,,,,,,,,
lib/algorithms/shared/dirent_win.h,shipping_src,yes,algorithms,production,62,,,,,PENDING,0,0,0,0,,,,,,,,,,,,
lib/algorithms/shared/healpix/THIRD_PARTY_NOTICE.md,doc,no,algorithms,production,0,,,,,PENDING,0,0,0,0,,,,,,,,,,,,
lib/algorithms/shared/healpix/healpix_core.cpp,shipping_src,yes,algorithms,production,512,,,,,PENDING,0,0,0,0,,,,,,,,,,,,
lib/algorithms/shared/healpix/healpix_core.h,shipping_src,yes,algorithms,production,114,,,,,PENDING,0,0,0,0,,,,,,,,,,,,
lib/algorithms/shared/healpix/tests/gen_spatial_fuzz.py,test,no,algorithms,test,0,,,,,PENDING,0,0,0,0,,,,,,,,,,,,
lib/algorithms/shared/healpix/tests/snr_hips_spatial_oracle.py,test,no,algorithms,test,0,,,,,PENDING,0,0,0,0,,,,,,,,,,,,
lib/algorithms/shared/healpix/tests/test_healpix_neighbors.cpp,test,no,algorithms,test,245,,,,,PENDING,0,0,0,0,,,,,,,,,,,,
lib/algorithms/shared/healpix/tests/test_healpix_oracle.cpp,test,no,algorithms,test,118,,,,,PENDING,0,0,0,0,,,,,,,,,,,,
lib/algorithms/shared/healpix/tests/test_hips_tile_mapping.cpp,test,no,algorithms,test,88,,,,,PENDING,0,0,0,0,,,,,,,,,,,,
lib/algorithms/shared/include/astro_scalar.h,shipping_src,yes,algorithms,production,138,,,,,PENDING,0,0,0,0,,,,,,,,,,,,
lib/algorithms/shared/include/precision_context.h,shipping_src,yes,algorithms,production,57,,,,,PENDING,0,0,0,0,,,,,,,,,,,,
lib/algorithms/shared/tests/test_precision.cpp,test,no,algorithms,test,141,,,,,PENDING,0,0,0,0,,,,,,,,,,,,
lib/algorithms/star_detection/.gitignore,aux,no,algorithms,production,0,,,,,PENDING,0,0,0,0,,,,,,,,,,,,
lib/algorithms/star_detection/CHANGELOG.md,doc,no,algorithms,production,0,,,,,PENDING,0,0,0,0,,,,,,,,,,,,
lib/algorithms/star_detection/Makefile,aux,no,algorithms,production,0,,,,,PENDING,0,0,0,0,,,,,,,,,,,,
lib/algorithms/star_detection/README.md,doc,no,algorithms,production,0,,,,,PENDING,0,0,0,0,,,,,,,,,,,,
lib/algorithms/star_detection/include/star_detector.h,shipping_src,yes,algorithms,production,73,,,,,PENDING,0,0,0,0,,,,,,,,,,,,
lib/algorithms/star_detection/memory.md,doc,no,algorithms,production,0,,,,,PENDING,0,0,0,0,,,,,,,,,,,,
lib/algorithms/star_detection/module.yaml,aux,no,algorithms,production,0,,,,,PENDING,0,0,0,0,,,,,,,,,,,,
lib/algorithms/star_detection/src/sdet_angle_guard.h,shipping_src,yes,algorithms,production,71,,,,,PENDING,0,0,0,0,,,,,,,,,,,,
lib/algorithms/star_detection/src/sdet_api.cpp,shipping_src,yes,algorithms,production,2555,,,,,PENDING,0,0,0,0,,,,,,,,,,,,
lib/algorithms/star_detection/src/sdet_background.cpp,shipping_src,yes,algorithms,production,391,,,,,PENDING,0,0,0,0,,,,,,,,,,,,
lib/algorithms/star_detection/src/sdet_background.h,shipping_src,yes,algorithms,production,37,,,,,PENDING,0,0,0,0,,,,,,,,,,,,
lib/algorithms/star_detection/src/sdet_detector.cpp,shipping_src,yes,algorithms,production,448,,,,,PENDING,0,0,0,0,,,,,,,,,,,,
lib/algorithms/star_detection/src/sdet_detector.h,shipping_src,yes,algorithms,production,36,,,,,PENDING,0,0,0,0,,,,,,,,,,,,
lib/algorithms/star_detection/src/sdet_image.cpp,shipping_src,yes,algorithms,production,1029,,,,,PENDING,0,0,0,0,,,,,,,,,,,,
lib/algorithms/star_detection/src/sdet_image.h,shipping_src,yes,algorithms,production,46,,,,,PENDING,0,0,0,0,,,,,,,,,,,,
lib/algorithms/star_detection/src/sdet_log.cpp,shipping_src,yes,algorithms,production,93,,,,,PENDING,0,0,0,0,,,,,,,,,,,,
lib/algorithms/star_detection/src/sdet_log.h,shipping_src,yes,algorithms,production,10,,,,,PENDING,0,0,0,0,,,,,,,,,,,,
lib/algorithms/star_detection/test/sdet_angle_guard_test.cpp,test,no,algorithms,test,134,,,,,PENDING,0,0,0,0,,,,,,,,,,,,
lib/algorithms/star_detection/test/sdet_fp64_test.cpp,test,no,algorithms,test,102,,,,,PENDING,0,0,0,0,,,,,,,,,,,,
lib/algorithms/star_detection/test/sdet_saturation_cursor_test.cpp,test,no,algorithms,test,183,,,,,PENDING,0,0,0,0,,,,,,,,,,,,
lib/algorithms/star_detection/tests/p1star/CMakeLists.txt,test,no,algorithms,test,0,,,,,PENDING,0,0,0,0,,,,,,,,,,,,
lib/algorithms/star_detection/tests/p1star/p1star_fixtures.hpp,test,no,algorithms,test,250,,,,,PENDING,0,0,0,0,,,,,,,,,,,,
lib/algorithms/star_detection/tests/p1star/p1star_mad_check.cpp,test,no,algorithms,test,126,,,,,PENDING,0,0,0,0,,,,,,,,,,,,
lib/algorithms/star_detection/tests/p1star/p1star_oracle.hpp,test,no,algorithms,test,97,,,,,PENDING,0,0,0,0,,,,,,,,,,,,
lib/algorithms/star_detection/tests/p1star/p1star_test_main.hpp,test,no,algorithms,test,103,,,,,PENDING,0,0,0,0,,,,,,,,,,,,
lib/algorithms/star_detection/tests/p1star/p1star_tests_core.cpp,test,no,algorithms,test,692,,,,,PENDING,0,0,0,0,,,,,,,,,,,,
lib/algorithms/star_detection/tests/p1star/p1star_tests_main.cpp,test,no,algorithms,test,37,,,,,PENDING,0,0,0,0,,,,,,,,,,,,
lib/algorithms/star_detection/tests/p1star/p1star_tests_perf.cpp,test,no,algorithms,test,123,,,,,PENDING,0,0,0,0,,,,,,,,,,,,
lib/algorithms/star_detection/tests/p1star/p1star_tests_selfcheck.cpp,test,no,algorithms,test,126,,,,,PENDING,0,0,0,0,,,,,,,,,,,,
lib/algorithms/star_detection/tests/p1star/sdet_oom_interposer.c,test,no,algorithms,test,96,,,,,PENDING,0,0,0,0,,,,,,,,,,,,
lib/algorithms/star_detection/wrapper_phase1/README.md,doc,no,algorithms,production,0,,,,,PENDING,0,0,0,0,,,,,,,,,,,,
lib/algorithms/star_detection/wrapper_phase1/star_detector.cpp,shipping_src,yes,algorithms,production,221,,,,,PENDING,0,0,0,0,,,,,,,,,,,,
lib/algorithms/star_detection/wrapper_phase1/star_detector.h,shipping_src,yes,algorithms,production,51,,,,,PENDING,0,0,0,0,,,,,,,,,,,,
lib/algorithms/upm/README.md,doc,no,algorithms,production,0,,,,,PENDING,0,0,0,0,,,,,,,,,,,,
lib/algorithms/upm/memory.md,doc,no,algorithms,production,0,,,,,PENDING,0,0,0,0,,,,,,,,,,,,
lib/algorithms/upm/module.yaml,aux,no,algorithms,production,0,,,,,PENDING,0,0,0,0,,,,,,,,,,,,
lib/infrastructure/acr/.gitignore,aux,no,infrastructure,production,0,,,,,PENDING,0,0,0,0,,,,,,,,,,,,
lib/infrastructure/acr/CMakeLists.txt,doc,no,infrastructure,production,0,,,,,PENDING,0,0,0,0,,,,,,,,,,,,
lib/infrastructure/acr/README.md,doc,no,infrastructure,production,0,,,,,PENDING,0,0,0,0,,,,,,,,,,,,
lib/infrastructure/acr/api/CMakeLists.txt,doc,no,infrastructure,production,0,,,,,PENDING,0,0,0,0,,,,,,,,,,,,
lib/infrastructure/acr/api/event.cpp,shipping_src,yes,infrastructure,production,79,,,,,PENDING,0,0,0,0,,,,,,,,,,,,
lib/infrastructure/acr/api/kernel_registry.cpp,shipping_src,yes,infrastructure,production,110,,,,,PENDING,0,0,0,0,,,,,,,,,,,,
lib/infrastructure/acr/backends/classic/CMakeLists.txt,doc,no,infrastructure,production,0,,,,,PENDING,0,0,0,0,,,,,,,,,,,,
lib/infrastructure/acr/backends/classic/classic_kernels.cpp,shipping_src,yes,infrastructure,production,227,,,,,PENDING,0,0,0,0,,,,,,,,,,,,
lib/infrastructure/acr/backends/classic/classic_kernels.hpp,shipping_src,yes,infrastructure,production,29,,,,,PENDING,0,0,0,0,,,,,,,,,,,,
lib/infrastructure/acr/backends/cpu/CMakeLists.txt,doc,no,infrastructure,production,0,,,,,PENDING,0,0,0,0,,,,,,,,,,,,
lib/infrastructure/acr/backends/cpu/isa/avx.cpp,shipping_src,yes,infrastructure,production,43,,,,,PENDING,0,0,0,0,,,,,,,,,,,,
lib/infrastructure/acr/backends/cpu/isa/avx2.cpp,shipping_src,yes,infrastructure,production,45,,,,,PENDING,0,0,0,0,,,,,,,,,,,,
lib/infrastructure/acr/backends/cpu/isa/avx512.cpp,shipping_src,yes,infrastructure,production,49,,,,,PENDING,0,0,0,0,,,,,,,,,,,,
lib/infrastructure/acr/backends/cpu/isa/dispatch.cpp,shipping_src,yes,infrastructure,production,17,,,,,PENDING,0,0,0,0,,,,,,,,,,,,
lib/infrastructure/acr/backends/cpu/isa/isa_kernels.hpp,shipping_src,yes,infrastructure,production,43,,,,,PENDING,0,0,0,0,,,,,,,,,,,,
lib/infrastructure/acr/backends/cpu/isa/scalar.cpp,shipping_src,yes,infrastructure,production,13,,,,,PENDING,0,0,0,0,,,,,,,,,,,,
lib/infrastructure/acr/backends/cpu/isa/sse.cpp,shipping_src,yes,infrastructure,production,44,,,,,PENDING,0,0,0,0,,,,,,,,,,,,
lib/infrastructure/acr/backends/cuda/CMakeLists.txt,doc,no,infrastructure,production,0,,,,,PENDING,0,0,0,0,,,,,,,,,,,,
lib/infrastructure/acr/backends/cuda/bridge/acr_cuda_bridge.h,shipping_src,yes,infrastructure,production,242,,,,,PENDING,0,0,0,0,,,,,,,,,,,,
lib/infrastructure/acr/backends/cuda/bridge/acr_cuda_bridge_host.cpp,shipping_src,yes,infrastructure,production,1065,,,,,PENDING,0,0,0,0,,,,,,,,,,,,
lib/infrastructure/acr/backends/cuda/bridge/acr_cuda_bridge_kernels.cu,shipping_src,yes,infrastructure,production,361,,,,,PENDING,0,0,0,0,,,,,,,,,,,,
lib/infrastructure/acr/backends/cuda/bridge/cuda_bridge_api.hpp,shipping_src,yes,infrastructure,production,103,,,,,PENDING,0,0,0,0,,,,,,,,,,,,
lib/infrastructure/acr/backends/cuda/cuda_backend.cu,shipping_src,yes,infrastructure,production,207,,,,,PENDING,0,0,0,0,,,,,,,,,,,,
lib/infrastructure/acr/backends/cuda/cuda_backend.hpp,shipping_src,yes,infrastructure,production,125,,,,,PENDING,0,0,0,0,,,,,,,,,,,,
lib/infrastructure/acr/backends/cuda/cuda_bridge_loader.cpp,shipping_src,yes,infrastructure,production,388,,,,,PENDING,0,0,0,0,,,,,,,,,,,,
lib/infrastructure/acr/backends/cuda/cuda_buffer.cpp,shipping_src,yes,infrastructure,production,18,,,,,PENDING,0,0,0,0,,,,,,,,,,,,
lib/infrastructure/acr/backends/cuda/cuda_buffer.hpp,shipping_src,yes,infrastructure,production,164,,,,,PENDING,0,0,0,0,,,,,,,,,,,,
lib/infrastructure/acr/backends/cuda/cuda_executor.cpp,shipping_src,yes,infrastructure,production,185,,,,,PENDING,0,0,0,0,,,,,,,,,,,,
lib/infrastructure/acr/backends/cuda/cuda_executor.hpp,shipping_src,yes,infrastructure,production,79,,,,,PENDING,0,0,0,0,,,,,,,,,,,,
lib/infrastructure/acr/ci/ACR_DORMANT_GUARD.md,doc,no,infrastructure,production,0,,,,,PENDING,0,0,0,0,,,,,,,,,,,,
lib/infrastructure/acr/ci/check_acr_dormant.py,tool,no,infrastructure,production,0,,,,,PENDING,0,0,0,0,,,,,,,,,,,,
lib/infrastructure/acr/ci/path_guard.ps1,tool,no,infrastructure,production,0,,,,,PENDING,0,0,0,0,,,,,,,,,,,,
lib/infrastructure/acr/ci/sha256_utf8.py,tool,no,infrastructure,production,0,,,,,PENDING,0,0,0,0,,,,,,,,,,,,
lib/infrastructure/acr/core/CMakeLists.txt,doc,no,infrastructure,production,0,,,,,PENDING,0,0,0,0,,,,,,,,,,,,
lib/infrastructure/acr/core/runtime.cpp,shipping_src,yes,infrastructure,production,814,,,,,PENDING,0,0,0,0,,,,,,,,,,,,
lib/infrastructure/acr/core/task_descriptor.cpp,shipping_src,yes,infrastructure,production,40,,,,,PENDING,0,0,0,0,,,,,,,,,,,,
lib/infrastructure/acr/core/task_descriptor.hpp,shipping_src,yes,infrastructure,production,136,,,,,PENDING,0,0,0,0,,,,,,,,,,,,
lib/infrastructure/acr/cost/CMakeLists.txt,doc,no,infrastructure,production,0,,,,,PENDING,0,0,0,0,,,,,,,,,,,,
lib/infrastructure/acr/cost/cost_estimator.cpp,shipping_src,yes,infrastructure,production,658,,,,,PENDING,0,0,0,0,,,,,,,,,,,,
lib/infrastructure/acr/cost/cost_estimator.hpp,shipping_src,yes,infrastructure,production,188,,,,,PENDING,0,0,0,0,,,,,,,,,,,,
lib/infrastructure/acr/diagnostics/CMakeLists.txt,doc,no,infrastructure,production,0,,,,,PENDING,0,0,0,0,,,,,,,,,,,,
lib/infrastructure/acr/diagnostics/hardware_report.cpp,shipping_src,yes,infrastructure,production,82,,,,,PENDING,0,0,0,0,,,,,,,,,,,,
lib/infrastructure/acr/docs/ADR-001-alpaka.md,doc,no,infrastructure,production,0,,,,,PENDING,0,0,0,0,,,,,,,,,,,,
lib/infrastructure/acr/docs/ADR-002-oneTBB.md,doc,no,infrastructure,production,0,,,,,PENDING,0,0,0,0,,,,,,,,,,,,
lib/infrastructure/acr/docs/ADR-003-hwloc.md,doc,no,infrastructure,production,0,,,,,PENDING,0,0,0,0,,,,,,,,,,,,
lib/infrastructure/acr/docs/ADR-004-cpu_features.md,doc,no,infrastructure,production,0,,,,,PENDING,0,0,0,0,,,,,,,,,,,,
lib/infrastructure/acr/docs/ADR-005-google-benchmark.md,doc,no,infrastructure,production,0,,,,,PENDING,0,0,0,0,,,,,,,,,,,,
lib/infrastructure/acr/docs/ADR-006-googletest.md,doc,no,infrastructure,production,0,,,,,PENDING,0,0,0,0,,,,,,,,,,,,
lib/infrastructure/acr/docs/ADR-007-starpu-optional.md,doc,no,infrastructure,production,0,,,,,PENDING,0,0,0,0,,,,,,,,,,,,
lib/infrastructure/acr/docs/ADR-008-cmake-fetchcontent.md,doc,no,infrastructure,production,0,,,,,PENDING,0,0,0,0,,,,,,,,,,,,
lib/infrastructure/acr/docs/ADR-009-cpu-only-build-gate.md,doc,no,infrastructure,production,0,,,,,PENDING,0,0,0,0,,,,,,,,,,,,
lib/infrastructure/acr/docs/ADR-010-delete-per-kernel-routing.md,doc,no,infrastructure,production,0,,,,,PENDING,0,0,0,0,,,,,,,,,,,,
lib/infrastructure/acr/docs/audit-report.md,doc,no,infrastructure,production,0,,,,,PENDING,0,0,0,0,,,,,,,,,,,,
lib/infrastructure/acr/docs/dependency-lock.json,aux,no,infrastructure,production,0,,,,,PENDING,0,0,0,0,,,,,,,,,,,,
lib/infrastructure/acr/docs/forbidden-paths.md,doc,no,infrastructure,production,0,,,,,PENDING,0,0,0,0,,,,,,,,,,,,
lib/infrastructure/acr/examples/CMakeLists.txt,example,no,infrastructure,production,0,,,,,PENDING,0,0,0,0,,,,,,,,,,,,
lib/infrastructure/acr/examples/cuda_axpy.cu,example,no,infrastructure,production,93,,,,,PENDING,0,0,0,0,,,,,,,,,,,,
lib/infrastructure/acr/examples/legacy_chunk_adapter.cpp,example,no,infrastructure,production,66,,,,,PENDING,0,0,0,0,,,,,,,,,,,,
lib/infrastructure/acr/examples/minimal_parallel_for.cpp,example,no,infrastructure,production,62,,,,,PENDING,0,0,0,0,,,,,,,,,,,,
lib/infrastructure/acr/examples/weighted_integration/CMakeLists.txt,example,no,infrastructure,production,0,,,,,PENDING,0,0,0,0,,,,,,,,,,,,
lib/infrastructure/acr/examples/weighted_integration/route_profile_calibration.cpp,example,no,infrastructure,production,1546,,,,,PENDING,0,0,0,0,,,,,,,,,,,,
lib/infrastructure/acr/examples/weighted_integration/route_profile_calibration.hpp,example,no,infrastructure,production,86,,,,,PENDING,0,0,0,0,,,,,,,,,,,,
lib/infrastructure/acr/examples/weighted_integration/weighted_integration_benchmark.cpp,example,no,infrastructure,production,1597,,,,,PENDING,0,0,0,0,,,,,,,,,,,,
lib/infrastructure/acr/examples/weighted_integration/weighted_integration_common.hpp,example,no,infrastructure,production,127,,,,,PENDING,0,0,0,0,,,,,,,,,,,,
lib/infrastructure/acr/examples/weighted_integration/weighted_integration_kernels.cpp,example,no,infrastructure,production,164,,,,,PENDING,0,0,0,0,,,,,,,,,,,,
lib/infrastructure/acr/examples/weighted_integration/weighted_integration_kernels.hpp,example,no,infrastructure,production,20,,,,,PENDING,0,0,0,0,,,,,,,,,,,,
lib/infrastructure/acr/include/astro/compute/acr.hpp,shipping_src,yes,infrastructure,production,497,,,,,PENDING,0,0,0,0,,,,,,,,,,,,
lib/infrastructure/acr/include/astro/compute/hardware_profile.hpp,shipping_src,yes,infrastructure,production,401,,,,,PENDING,0,0,0,0,,,,,,,,,,,,
lib/infrastructure/acr/include/astro/compute/kernel_registry.hpp,shipping_src,yes,infrastructure,production,231,,,,,PENDING,0,0,0,0,,,,,,,,,,,,
lib/infrastructure/acr/include/astro/compute/runtime_internal.h,shipping_src,yes,infrastructure,production,57,,,,,PENDING,0,0,0,0,,,,,,,,,,,,
lib/infrastructure/acr/include/astro/compute/task_traits.hpp,shipping_src,yes,infrastructure,production,202,,,,,PENDING,0,0,0,0,,,,,,,,,,,,
lib/infrastructure/acr/include/astro/compute/topology.hpp,shipping_src,yes,infrastructure,production,108,,,,,PENDING,0,0,0,0,,,,,,,,,,,,
lib/infrastructure/acr/memory.md,doc,no,infrastructure,production,0,,,,,PENDING,0,0,0,0,,,,,,,,,,,,
lib/infrastructure/acr/profile/CMakeLists.txt,doc,no,infrastructure,production,0,,,,,PENDING,0,0,0,0,,,,,,,,,,,,
lib/infrastructure/acr/profile/profile_reader.cpp,shipping_src,yes,infrastructure,production,610,,,,,PENDING,0,0,0,0,,,,,,,,,,,,
lib/infrastructure/acr/profile/profile_reader.hpp,shipping_src,yes,infrastructure,production,76,,,,,PENDING,0,0,0,0,,,,,,,,,,,,
lib/infrastructure/acr/qualification/CMakeLists.txt,qualification,no,infrastructure,test,0,,,,,PENDING,0,0,0,0,,,,,,,,,,,,
lib/infrastructure/acr/qualification/benchmark_driver.cpp,qualification,no,infrastructure,test,801,,,,,PENDING,0,0,0,0,,,,,,,,,,,,
lib/infrastructure/acr/qualification/benchmark_driver.hpp,qualification,no,infrastructure,test,132,,,,,PENDING,0,0,0,0,,,,,,,,,,,,
lib/infrastructure/acr/qualification/benchmarks/arithmetic_benchmark.cpp,qualification,no,infrastructure,test,505,,,,,PENDING,0,0,0,0,,,,,,,,,,,,
lib/infrastructure/acr/qualification/benchmarks/atomic_benchmark.cpp,qualification,no,infrastructure,test,179,,,,,PENDING,0,0,0,0,,,,,,,,,,,,
lib/infrastructure/acr/qualification/benchmarks/benchmark_common.hpp,qualification,no,infrastructure,test,332,,,,,PENDING,0,0,0,0,,,,,,,,,,,,
lib/infrastructure/acr/qualification/benchmarks/benchmark_main.cpp,qualification,no,infrastructure,test,102,,,,,PENDING,0,0,0,0,,,,,,,,,,,,
lib/infrastructure/acr/qualification/benchmarks/branch_benchmark.cpp,qualification,no,infrastructure,test,193,,,,,PENDING,0,0,0,0,,,,,,,,,,,,
lib/infrastructure/acr/qualification/benchmarks/convolution_benchmark.cpp,qualification,no,infrastructure,test,142,,,,,PENDING,0,0,0,0,,,,,,,,,,,,
lib/infrastructure/acr/qualification/benchmarks/irregular_benchmark.cpp,qualification,no,infrastructure,test,183,,,,,PENDING,0,0,0,0,,,,,,,,,,,,
lib/infrastructure/acr/qualification/benchmarks/numa_benchmark.cpp,qualification,no,infrastructure,test,334,,,,,PENDING,0,0,0,0,,,,,,,,,,,,
lib/infrastructure/acr/qualification/benchmarks/overhead_benchmark.cpp,qualification,no,infrastructure,test,137,,,,,PENDING,0,0,0,0,,,,,,,,,,,,
lib/infrastructure/acr/qualification/benchmarks/reduction_benchmark.cpp,qualification,no,infrastructure,test,266,,,,,PENDING,0,0,0,0,,,,,,,,,,,,
lib/infrastructure/acr/qualification/benchmarks/stream_benchmark.cpp,qualification,no,infrastructure,test,372,,,,,PENDING,0,0,0,0,,,,,,,,,,,,
lib/infrastructure/acr/qualification/benchmarks/thread_curve_benchmark.cpp,qualification,no,infrastructure,test,135,,,,,PENDING,0,0,0,0,,,,,,,,,,,,
lib/infrastructure/acr/qualification/benchmarks/transfer_benchmark.cpp,qualification,no,infrastructure,test,190,,,,,PENDING,0,0,0,0,,,,,,,,,,,,
lib/infrastructure/acr/qualification/focused/acr_benchmark_focused_main.cpp,qualification,no,infrastructure,test,107,,,,,PENDING,0,0,0,0,,,,,,,,,,,,
lib/infrastructure/acr/qualification/focused/focused_benchmark.cpp,qualification,no,infrastructure,test,679,,,,,PENDING,0,0,0,0,,,,,,,,,,,,
lib/infrastructure/acr/qualification/focused/focused_benchmark.hpp,qualification,no,infrastructure,test,81,,,,,PENDING,0,0,0,0,,,,,,,,,,,,
lib/infrastructure/acr/qualification/focused/focused_operations.cpp,qualification,no,infrastructure,test,652,,,,,PENDING,0,0,0,0,,,,,,,,,,,,
lib/infrastructure/acr/qualification/focused/focused_operations.hpp,qualification,no,infrastructure,test,128,,,,,PENDING,0,0,0,0,,,,,,,,,,,,
lib/infrastructure/acr/qualification/focused/operation_profile.cpp,qualification,no,infrastructure,test,316,,,,,PENDING,0,0,0,0,,,,,,,,,,,,
lib/infrastructure/acr/qualification/focused/operation_profile.hpp,qualification,no,infrastructure,test,112,,,,,PENDING,0,0,0,0,,,,,,,,,,,,
lib/infrastructure/acr/qualification/profile_generator.cpp,qualification,no,infrastructure,test,734,,,,,PENDING,0,0,0,0,,,,,,,,,,,,
lib/infrastructure/acr/qualification/profile_generator.hpp,qualification,no,infrastructure,test,72,,,,,PENDING,0,0,0,0,,,,,,,,,,,,
lib/infrastructure/acr/qualification/profile_schema.hpp,qualification,no,infrastructure,test,113,,,,,PENDING,0,0,0,0,,,,,,,,,,,,
lib/infrastructure/acr/routing/CMakeLists.txt,doc,no,infrastructure,production,0,,,,,PENDING,0,0,0,0,,,,,,,,,,,,
lib/infrastructure/acr/routing/benchmark_route_estimator.cpp,shipping_src,yes,infrastructure,production,610,,,,,PENDING,0,0,0,0,,,,,,,,,,,,
lib/infrastructure/acr/routing/benchmark_route_estimator.hpp,shipping_src,yes,infrastructure,production,89,,,,,PENDING,0,0,0,0,,,,,,,,,,,,
lib/infrastructure/acr/routing/route_profile_v2.cpp,shipping_src,yes,infrastructure,production,664,,,,,PENDING,0,0,0,0,,,,,,,,,,,,
lib/infrastructure/acr/routing/route_profile_v2.hpp,shipping_src,yes,infrastructure,production,292,,,,,PENDING,0,0,0,0,,,,,,,,,,,,
lib/infrastructure/acr/scheduler/CMakeLists.txt,doc,no,infrastructure,production,0,,,,,PENDING,0,0,0,0,,,,,,,,,,,,
lib/infrastructure/acr/scheduler/current_state.cpp,shipping_src,yes,infrastructure,production,165,,,,,PENDING,0,0,0,0,,,,,,,,,,,,
lib/infrastructure/acr/scheduler/current_state.hpp,shipping_src,yes,infrastructure,production,125,,,,,PENDING,0,0,0,0,,,,,,,,,,,,
lib/infrastructure/acr/scheduler/device_executor.cpp,shipping_src,yes,infrastructure,production,171,,,,,PENDING,0,0,0,0,,,,,,,,,,,,
lib/infrastructure/acr/scheduler/device_executor.hpp,shipping_src,yes,infrastructure,production,181,,,,,PENDING,0,0,0,0,,,,,,,,,,,,
lib/infrastructure/acr/scheduler/dispatcher.cpp,shipping_src,yes,infrastructure,production,2629,,,,,PENDING,0,0,0,0,,,,,,,,,,,,
lib/infrastructure/acr/scheduler/dispatcher.hpp,shipping_src,yes,infrastructure,production,287,,,,,PENDING,0,0,0,0,,,,,,,,,,,,
lib/infrastructure/acr/scheduler/fallback.cpp,shipping_src,yes,infrastructure,production,65,,,,,PENDING,0,0,0,0,,,,,,,,,,,,
lib/infrastructure/acr/scheduler/fallback.hpp,shipping_src,yes,infrastructure,production,57,,,,,PENDING,0,0,0,0,,,,,,,,,,,,
lib/infrastructure/acr/scheduler/mixed_route_planner.cpp,shipping_src,yes,infrastructure,production,139,,,,,PENDING,0,0,0,0,,,,,,,,,,,,
lib/infrastructure/acr/scheduler/mixed_route_planner.hpp,shipping_src,yes,infrastructure,production,75,,,,,PENDING,0,0,0,0,,,,,,,,,,,,
lib/infrastructure/acr/scheduler/mixed_runner.cpp,shipping_src,yes,infrastructure,production,121,,,,,PENDING,0,0,0,0,,,,,,,,,,,,
lib/infrastructure/acr/scheduler/mixed_runner.hpp,shipping_src,yes,infrastructure,production,77,,,,,PENDING,0,0,0,0,,,,,,,,,,,,
lib/infrastructure/acr/scheduler/partitioner.cpp,shipping_src,yes,infrastructure,production,132,,,,,PENDING,0,0,0,0,,,,,,,,,,,,
lib/infrastructure/acr/scheduler/partitioner.hpp,shipping_src,yes,infrastructure,production,84,,,,,PENDING,0,0,0,0,,,,,,,,,,,,
lib/infrastructure/acr/scheduler/queue_aware.cpp,shipping_src,yes,infrastructure,production,61,,,,,PENDING,0,0,0,0,,,,,,,,,,,,
lib/infrastructure/acr/scheduler/queue_aware.hpp,shipping_src,yes,infrastructure,production,57,,,,,PENDING,0,0,0,0,,,,,,,,,,,,
lib/infrastructure/acr/scheduler/reduction_merger.cpp,shipping_src,yes,infrastructure,production,58,,,,,PENDING,0,0,0,0,,,,,,,,,,,,
lib/infrastructure/acr/scheduler/reduction_merger.hpp,shipping_src,yes,infrastructure,production,49,,,,,PENDING,0,0,0,0,,,,,,,,,,,,
lib/infrastructure/acr/scheduler/residency_manager.cpp,shipping_src,yes,infrastructure,production,224,,,,,PENDING,0,0,0,0,,,,,,,,,,,,
lib/infrastructure/acr/scheduler/residency_manager.hpp,shipping_src,yes,infrastructure,production,124,,,,,PENDING,0,0,0,0,,,,,,,,,,,,
lib/infrastructure/acr/scheduler/shared_work_pool.cpp,shipping_src,yes,infrastructure,production,459,,,,,PENDING,0,0,0,0,,,,,,,,,,,,
lib/infrastructure/acr/scheduler/shared_work_pool.hpp,shipping_src,yes,infrastructure,production,276,,,,,PENDING,0,0,0,0,,,,,,,,,,,,
lib/infrastructure/acr/schemas/compute_config.example.yaml,aux,no,infrastructure,production,0,,,,,PENDING,0,0,0,0,,,,,,,,,,,,
lib/infrastructure/acr/schemas/evidence_manifest.schema.json,aux,no,infrastructure,production,0,,,,,PENDING,0,0,0,0,,,,,,,,,,,,
lib/infrastructure/acr/schemas/hardware_profile.example.json,aux,no,infrastructure,production,0,,,,,PENDING,0,0,0,0,,,,,,,,,,,,
lib/infrastructure/acr/schemas/hardware_profile.schema.json,aux,no,infrastructure,production,0,,,,,PENDING,0,0,0,0,,,,,,,,,,,,
lib/infrastructure/acr/schemas/task_descriptor.schema.json,aux,no,infrastructure,production,0,,,,,PENDING,0,0,0,0,,,,,,,,,,,,
lib/infrastructure/acr/tests/CMakeLists.txt,test,no,infrastructure,test,0,,,,,PENDING,0,0,0,0,,,,,,,,,,,,
lib/infrastructure/acr/tests/classic/CMakeLists.txt,test,no,infrastructure,test,0,,,,,PENDING,0,0,0,0,,,,,,,,,,,,
lib/infrastructure/acr/tests/classic/classic_common.hpp,test,no,infrastructure,test,300,,,,,PENDING,0,0,0,0,,,,,,,,,,,,
lib/infrastructure/acr/tests/classic/classic_main.cpp,test,no,infrastructure,test,61,,,,,PENDING,0,0,0,0,,,,,,,,,,,,
lib/infrastructure/acr/tests/classic/cpu_partition_coverage.cpp,test,no,infrastructure,test,245,,,,,PENDING,0,0,0,0,,,,,,,,,,,,
lib/infrastructure/acr/tests/classic/e01_memory.cpp,test,no,infrastructure,test,155,,,,,PENDING,0,0,0,0,,,,,,,,,,,,
lib/infrastructure/acr/tests/classic/e02_axpy.cpp,test,no,infrastructure,test,133,,,,,PENDING,0,0,0,0,,,,,,,,,,,,
lib/infrastructure/acr/tests/classic/e03_dot.cpp,test,no,infrastructure,test,178,,,,,PENDING,0,0,0,0,,,,,,,,,,,,
lib/infrastructure/acr/tests/classic/e04_transpose.cpp,test,no,infrastructure,test,220,,,,,PENDING,0,0,0,0,,,,,,,,,,,,
lib/infrastructure/acr/tests/classic/e05_convolution.cpp,test,no,infrastructure,test,392,,,,,PENDING,0,0,0,0,,,,,,,,,,,,
lib/infrastructure/acr/tests/classic/e06_resample.cpp,test,no,infrastructure,test,348,,,,,PENDING,0,0,0,0,,,,,,,,,,,,
lib/infrastructure/acr/tests/classic/e07_histogram.cpp,test,no,infrastructure,test,275,,,,,PENDING,0,0,0,0,,,,,,,,,,,,
lib/infrastructure/acr/tests/classic/e08_scan.cpp,test,no,infrastructure,test,284,,,,,PENDING,0,0,0,0,,,,,,,,,,,,
lib/infrastructure/acr/tests/classic/e09_gather_scatter.cpp,test,no,infrastructure,test,302,,,,,PENDING,0,0,0,0,,,,,,,,,,,,
lib/infrastructure/acr/tests/classic/e10_mandelbrot.cpp,test,no,infrastructure,test,184,,,,,PENDING,0,0,0,0,,,,,,,,,,,,
lib/infrastructure/acr/tests/classic/e11_gemm.cpp,test,no,infrastructure,test,214,,,,,PENDING,0,0,0,0,,,,,,,,,,,,
lib/infrastructure/acr/tests/classic/e12_fft.cpp,test,no,infrastructure,test,317,,,,,PENDING,0,0,0,0,,,,,,,,,,,,
lib/infrastructure/acr/tests/classic/e15_failure.cpp,test,no,infrastructure,test,168,,,,,PENDING,0,0,0,0,,,,,,,,,,,,
lib/infrastructure/acr/tests/classic/e16_concurrency.cpp,test,no,infrastructure,test,309,,,,,PENDING,0,0,0,0,,,,,,,,,,,,
lib/infrastructure/acr/tests/classic/e17_model_fit.cpp,test,no,infrastructure,test,337,,,,,PENDING,0,0,0,0,,,,,,,,,,,,
lib/infrastructure/acr/tests/classic/e18_workpool.cpp,test,no,infrastructure,test,321,,,,,PENDING,0,0,0,0,,,,,,,,,,,,
lib/infrastructure/acr/tests/classic/e20_fault_fallback.cpp,test,no,infrastructure,test,206,,,,,PENDING,0,0,0,0,,,,,,,,,,,,
lib/infrastructure/acr/tests/classic/e21_persistence_concurrency.cpp,test,no,infrastructure,test,273,,,,,PENDING,0,0,0,0,,,,,,,,,,,,
lib/infrastructure/acr/tests/fault/CMakeLists.txt,test,no,infrastructure,test,0,,,,,PENDING,0,0,0,0,,,,,,,,,,,,
lib/infrastructure/acr/tests/fault/exit_safe.hpp,test,no,infrastructure,test,19,,,,,PENDING,0,0,0,0,,,,,,,,,,,,
lib/infrastructure/acr/tests/fault/fault_injection.cpp,test,no,infrastructure,test,113,,,,,PENDING,0,0,0,0,,,,,,,,,,,,
lib/infrastructure/acr/tests/fault/lifecycle_smoke.cpp,test,no,infrastructure,test,209,,,,,PENDING,0,0,0,0,,,,,,,,,,,,
lib/infrastructure/acr/tests/fault/persistence.cpp,test,no,infrastructure,test,166,,,,,PENDING,0,0,0,0,,,,,,,,,,,,
lib/infrastructure/acr/tests/fault/sanitizer_actual.cpp,test,no,infrastructure,test,190,,,,,PENDING,0,0,0,0,,,,,,,,,,,,
lib/infrastructure/acr/tests/integration/CMakeLists.txt,test,no,infrastructure,test,0,,,,,PENDING,0,0,0,0,,,,,,,,,,,,
lib/infrastructure/acr/tests/integration/test_weighted_integration.cpp,test,no,infrastructure,test,427,,,,,PENDING,0,0,0,0,,,,,,,,,,,,
lib/infrastructure/acr/tests/sanitizer/msvc_asan_main.cpp,test,no,infrastructure,test,226,,,,,PENDING,0,0,0,0,,,,,,,,,,,,
lib/infrastructure/acr/tests/sanitizer/run_acr_sanitizers.ps1,test,no,infrastructure,test,0,,,,,PENDING,0,0,0,0,,,,,,,,,,,,
lib/infrastructure/acr/tests/unit/CMakeLists.txt,test,no,infrastructure,test,0,,,,,PENDING,0,0,0,0,,,,,,,,,,,,
lib/infrastructure/acr/tests/unit/test_api.cpp,test,no,infrastructure,test,361,,,,,PENDING,0,0,0,0,,,,,,,,,,,,
lib/infrastructure/acr/tests/unit/test_api_traits.cpp,test,no,infrastructure,test,314,,,,,PENDING,0,0,0,0,,,,,,,,,,,,
lib/infrastructure/acr/tests/unit/test_buffer.cpp,test,no,infrastructure,test,173,,,,,PENDING,0,0,0,0,,,,,,,,,,,,
lib/infrastructure/acr/tests/unit/test_cost.cpp,test,no,infrastructure,test,336,,,,,PENDING,0,0,0,0,,,,,,,,,,,,
lib/infrastructure/acr/tests/unit/test_cpu_profile.cpp,test,no,infrastructure,test,335,,,,,PENDING,0,0,0,0,,,,,,,,,,,,
lib/infrastructure/acr/tests/unit/test_cuda.cpp,test,no,infrastructure,test,564,,,,,PENDING,0,0,0,0,,,,,,,,,,,,
lib/infrastructure/acr/tests/unit/test_cuda_bridge.cpp,test,no,infrastructure,test,300,,,,,PENDING,0,0,0,0,,,,,,,,,,,,
lib/infrastructure/acr/tests/unit/test_cuda_bridge_chunk.cpp,test,no,infrastructure,test,176,,,,,PENDING,0,0,0,0,,,,,,,,,,,,
lib/infrastructure/acr/tests/unit/test_device_executor.cpp,test,no,infrastructure,test,200,,,,,PENDING,0,0,0,0,,,,,,,,,,,,
lib/infrastructure/acr/tests/unit/test_dispatcher_bdr.cpp,test,no,infrastructure,test,826,,,,,PENDING,0,0,0,0,,,,,,,,,,,,
lib/infrastructure/acr/tests/unit/test_focused_mixed.cpp,test,no,infrastructure,test,491,,,,,PENDING,0,0,0,0,,,,,,,,,,,,
lib/infrastructure/acr/tests/unit/test_focused_operation.cpp,test,no,infrastructure,test,255,,,,,PENDING,0,0,0,0,,,,,,,,,,,,
lib/infrastructure/acr/tests/unit/test_hardware_profile.cpp,test,no,infrastructure,test,323,,,,,PENDING,0,0,0,0,,,,,,,,,,,,
lib/infrastructure/acr/tests/unit/test_invocation_dispatch.cpp,test,no,infrastructure,test,574,,,,,PENDING,0,0,0,0,,,,,,,,,,,,
lib/infrastructure/acr/tests/unit/test_kernel_registry.cpp,test,no,infrastructure,test,274,,,,,PENDING,0,0,0,0,,,,,,,,,,,,
lib/infrastructure/acr/tests/unit/test_mixed_route.cpp,test,no,infrastructure,test,298,,,,,PENDING,0,0,0,0,,,,,,,,,,,,
lib/infrastructure/acr/tests/unit/test_profile_holdout.cpp,test,no,infrastructure,test,214,,,,,PENDING,0,0,0,0,,,,,,,,,,,,
lib/infrastructure/acr/tests/unit/test_qualification.cpp,test,no,infrastructure,test,169,,,,,PENDING,0,0,0,0,,,,,,,,,,,,
lib/infrastructure/acr/tests/unit/test_residency.cpp,test,no,infrastructure,test,197,,,,,PENDING,0,0,0,0,,,,,,,,,,,,
lib/infrastructure/acr/tests/unit/test_resource_control.cpp,test,no,infrastructure,test,263,,,,,PENDING,0,0,0,0,,,,,,,,,,,,
lib/infrastructure/acr/tests/unit/test_route_calibration.cpp,test,no,infrastructure,test,155,,,,,PENDING,0,0,0,0,,,,,,,,,,,,
lib/infrastructure/acr/tests/unit/test_route_estimator.cpp,test,no,infrastructure,test,368,,,,,PENDING,0,0,0,0,,,,,,,,,,,,
lib/infrastructure/acr/tests/unit/test_scheduler.cpp,test,no,infrastructure,test,1462,,,,,PENDING,0,0,0,0,,,,,,,,,,,,
lib/infrastructure/acr/tests/unit/test_task_descriptor.cpp,test,no,infrastructure,test,187,,,,,PENDING,0,0,0,0,,,,,,,,,,,,
lib/infrastructure/acr/tests/unit/test_topology.cpp,test,no,infrastructure,test,252,,,,,PENDING,0,0,0,0,,,,,,,,,,,,
lib/infrastructure/acr/tests/unit/test_utilization.cpp,test,no,infrastructure,test,383,,,,,PENDING,0,0,0,0,,,,,,,,,,,,
lib/infrastructure/acr/tests/unit/test_work_pool.cpp,test,no,infrastructure,test,286,,,,,PENDING,0,0,0,0,,,,,,,,,,,,
lib/infrastructure/acr/tools/acr_benchmark/CMakeLists.txt,doc,no,infrastructure,production,0,,,,,PENDING,0,0,0,0,,,,,,,,,,,,
lib/infrastructure/acr/tools/acr_benchmark/main.cpp,shipping_src,yes,infrastructure,production,111,,,,,PENDING,0,0,0,0,,,,,,,,,,,,
lib/infrastructure/acr/tools/acr_classic_runner/CMakeLists.txt,doc,no,infrastructure,production,0,,,,,PENDING,0,0,0,0,,,,,,,,,,,,
lib/infrastructure/acr/tools/acr_classic_runner/main.cpp,shipping_src,yes,infrastructure,production,326,,,,,PENDING,0,0,0,0,,,,,,,,,,,,
lib/infrastructure/acr/tools/acr_report/CMakeLists.txt,doc,no,infrastructure,production,0,,,,,PENDING,0,0,0,0,,,,,,,,,,,,
lib/infrastructure/acr/tools/acr_report/main.cpp,shipping_src,yes,infrastructure,production,92,,,,,PENDING,0,0,0,0,,,,,,,,,,,,
lib/infrastructure/acr/tools/acr_status/CMakeLists.txt,doc,no,infrastructure,production,0,,,,,PENDING,0,0,0,0,,,,,,,,,,,,
lib/infrastructure/acr/tools/acr_status/main.cpp,shipping_src,yes,infrastructure,production,76,,,,,PENDING,0,0,0,0,,,,,,,,,,,,
lib/infrastructure/acr/topology/CMakeLists.txt,doc,no,infrastructure,production,0,,,,,PENDING,0,0,0,0,,,,,,,,,,,,
lib/infrastructure/acr/topology/cpu_features.cpp,shipping_src,yes,infrastructure,production,122,,,,,PENDING,0,0,0,0,,,,,,,,,,,,
lib/infrastructure/acr/topology/hwloc_topo.cpp,shipping_src,yes,infrastructure,production,223,,,,,PENDING,0,0,0,0,,,,,,,,,,,,
lib/infrastructure/acr/utilization/CMakeLists.txt,doc,no,infrastructure,production,0,,,,,PENDING,0,0,0,0,,,,,,,,,,,,
lib/infrastructure/acr/utilization/actual_tracker.cpp,shipping_src,yes,infrastructure,production,274,,,,,PENDING,0,0,0,0,,,,,,,,,,,,
lib/infrastructure/acr/utilization/actual_tracker.hpp,shipping_src,yes,infrastructure,production,108,,,,,PENDING,0,0,0,0,,,,,,,,,,,,
lib/infrastructure/acr/utilization/config_hot_read.cpp,shipping_src,yes,infrastructure,production,164,,,,,PENDING,0,0,0,0,,,,,,,,,,,,
lib/infrastructure/acr/utilization/config_hot_read.hpp,shipping_src,yes,infrastructure,production,99,,,,,PENDING,0,0,0,0,,,,,,,,,,,,
lib/infrastructure/acr/utilization/memory_budget.cpp,shipping_src,yes,infrastructure,production,237,,,,,PENDING,0,0,0,0,,,,,,,,,,,,
lib/infrastructure/acr/utilization/memory_budget.hpp,shipping_src,yes,infrastructure,production,123,,,,,PENDING,0,0,0,0,,,,,,,,,,,,
lib/infrastructure/acr/utilization/staging_ledger.cpp,shipping_src,yes,infrastructure,production,61,,,,,PENDING,0,0,0,0,,,,,,,,,,,,
lib/infrastructure/acr/utilization/staging_ledger.hpp,shipping_src,yes,infrastructure,production,44,,,,,PENDING,0,0,0,0,,,,,,,,,,,,
lib/infrastructure/acr/utilization/system_metrics.cpp,shipping_src,yes,infrastructure,production,532,,,,,PENDING,0,0,0,0,,,,,,,,,,,,
lib/infrastructure/acr/utilization/system_metrics.hpp,shipping_src,yes,infrastructure,production,117,,,,,PENDING,0,0,0,0,,,,,,,,,,,,
lib/infrastructure/aio/.gitignore,aux,no,infrastructure,production,0,,,,,PENDING,0,0,0,0,,,,,,,,,,,,
lib/infrastructure/aio/Makefile,aux,no,infrastructure,production,0,,,,,PENDING,0,0,0,0,,,,,,,,,,,,
lib/infrastructure/aio/README.md,doc,no,infrastructure,production,0,,,,,PENDING,0,0,0,0,,,,,,,,,,,,
lib/infrastructure/aio/aio_build_config.full.json,aux,no,infrastructure,production,0,,,,,PENDING,0,0,0,0,,,,,,,,,,,,
lib/infrastructure/aio/aio_build_config.healpix.json,aux,no,infrastructure,production,0,,,,,PENDING,0,0,0,0,,,,,,,,,,,,
lib/infrastructure/aio/aio_build_config.json,aux,no,infrastructure,production,0,,,,,PENDING,0,0,0,0,,,,,,,,,,,,
lib/infrastructure/aio/aio_build_config.minimal.json,aux,no,infrastructure,production,0,,,,,PENDING,0,0,0,0,,,,,,,,,,,,
lib/infrastructure/aio/build.ps1,tool,no,infrastructure,production,0,,,,,PENDING,0,0,0,0,,,,,,,,,,,,
lib/infrastructure/aio/docs/HEALPIX_FORMAT_SPEC.md,doc,no,infrastructure,production,0,,,,,PENDING,0,0,0,0,,,,,,,,,,,,
lib/infrastructure/aio/healpix_db/.gitignore,aux,no,infrastructure,production,0,,,,,PENDING,0,0,0,0,,,,,,,,,,,,
lib/infrastructure/aio/healpix_db/README.md,doc,no,infrastructure,production,0,,,,,PENDING,0,0,0,0,,,,,,,,,,,,
lib/infrastructure/aio/healpix_db/docs/healpix_drizzle_overview.md,doc,no,infrastructure,production,0,,,,,PENDING,0,0,0,0,,,,,,,,,,,,
lib/infrastructure/aio/healpix_db/healpix_io/ARCHIVED.md,doc,no,infrastructure,production,0,,,,,PENDING,0,0,0,0,,,,,,,,,,,,
lib/infrastructure/aio/healpix_db/memory.md,doc,no,infrastructure,production,0,,,,,PENDING,0,0,0,0,,,,,,,,,,,,
lib/infrastructure/aio/include/aio_ahpx_format.h,shipping_src,yes,infrastructure,production,51,,,,,PENDING,0,0,0,0,,,,,,,,,,,,
lib/infrastructure/aio/include/aio_healpix_io.h,shipping_src,yes,infrastructure,production,262,,,,,PENDING,0,0,0,0,,,,,,,,,,,,
lib/infrastructure/aio/include/aio_hips.h,shipping_src,yes,infrastructure,production,376,,,,,PENDING,0,0,0,0,,,,,,,,,,,,
lib/infrastructure/aio/include/aio_hips_reader.h,shipping_src,yes,infrastructure,production,92,,,,,PENDING,0,0,0,0,,,,,,,,,,,,
lib/infrastructure/aio/include/aio_pipeline.h,shipping_src,yes,infrastructure,production,300,,,,,PENDING,0,0,0,0,,,,,,,,,,,,
lib/infrastructure/aio/include/aio_pipeline_engine.h,shipping_src,yes,infrastructure,production,99,,,,,PENDING,0,0,0,0,,,,,,,,,,,,
lib/infrastructure/aio/include/aio_upm.h,shipping_src,yes,infrastructure,production,122,,,,,PENDING,0,0,0,0,,,,,,,,,,,,
lib/infrastructure/aio/include/astro_image_io.h,shipping_src,yes,infrastructure,production,170,,,,,PENDING,0,0,0,0,,,,,,,,,,,,
lib/infrastructure/aio/include/hiss_format.h,shipping_src,yes,infrastructure,production,618,,,,,PENDING,0,0,0,0,,,,,,,,,,,,
lib/infrastructure/aio/io/fits_core.c,shipping_src,yes,infrastructure,production,1745,,,,,PENDING,0,0,0,0,,,,,,,,,,,,
lib/infrastructure/aio/io/fits_verify.py,tool,no,infrastructure,production,0,,,,,PENDING,0,0,0,0,,,,,,,,,,,,
lib/infrastructure/aio/io/hips_core.c,shipping_src,yes,infrastructure,production,1007,,,,,PENDING,0,0,0,0,,,,,,,,,,,,
lib/infrastructure/aio/io/hips_output_store.py,tool,no,infrastructure,production,0,,,,,PENDING,0,0,0,0,,,,,,,,,,,,
lib/infrastructure/aio/io/include/astrocs/io/fits_stream_v1.h,shipping_src,yes,infrastructure,production,227,,,,,PENDING,0,0,0,0,,,,,,,,,,,,
lib/infrastructure/aio/io/include/astrocs/io/hips_input_v1.h,shipping_src,yes,infrastructure,production,145,,,,,PENDING,0,0,0,0,,,,,,,,,,,,
lib/infrastructure/aio/io/src/io_adapter.cpp,shipping_src,yes,infrastructure,production,207,,,,,PENDING,0,0,0,0,,,,,,,,,,,,
lib/infrastructure/aio/io/tests/fits_core_selftest.c,test,no,infrastructure,test,658,,,,,PENDING,0,0,0,0,,,,,,,,,,,,
lib/infrastructure/aio/io/tests/hips_core_selftest.c,test,no,infrastructure,test,213,,,,,PENDING,0,0,0,0,,,,,,,,,,,,
lib/infrastructure/aio/memory.md,doc,no,infrastructure,production,0,,,,,PENDING,0,0,0,0,,,,,,,,,,,,
lib/infrastructure/aio/pyproject.toml,aux,no,infrastructure,production,0,,,,,PENDING,0,0,0,0,,,,,,,,,,,,
lib/infrastructure/aio/runtime/artifact_store/artifact_abi_v1.c,shipping_src,yes,infrastructure,production,633,,,,,PENDING,0,0,0,0,,,,,,,,,,,,
lib/infrastructure/aio/runtime/artifact_store/artifact_manifest_validator.py,tool,no,infrastructure,production,0,,,,,PENDING,0,0,0,0,,,,,,,,,,,,
lib/infrastructure/aio/runtime/artifact_store/phase_product_exchange_validator.py,tool,no,infrastructure,production,0,,,,,PENDING,0,0,0,0,,,,,,,,,,,,
lib/infrastructure/aio/runtime/artifact_store/production_store.py,tool,no,infrastructure,production,0,,,,,PENDING,0,0,0,0,,,,,,,,,,,,
lib/infrastructure/aio/runtime/artifact_store/provenance.py,tool,no,infrastructure,production,0,,,,,PENDING,0,0,0,0,,,,,,,,,,,,
lib/infrastructure/aio/src/ahpx/DEPRECATED.md,doc,no,infrastructure,production,0,,,,,PENDING,0,0,0,0,,,,,,,,,,,,
lib/infrastructure/aio/src/ahpx/aio_ahpx_api.cpp,shipping_src,yes,infrastructure,production,306,,,,,PENDING,0,0,0,0,,,,,,,,,,,,
lib/infrastructure/aio/src/ahpx/aio_ahpx_reader.cpp,shipping_src,yes,infrastructure,production,659,,,,,PENDING,0,0,0,0,,,,,,,,,,,,
lib/infrastructure/aio/src/ahpx/aio_ahpx_reader.h,shipping_src,yes,infrastructure,production,96,,,,,PENDING,0,0,0,0,,,,,,,,,,,,
lib/infrastructure/aio/src/ahpx/aio_ahpx_writer.cpp,shipping_src,yes,infrastructure,production,562,,,,,PENDING,0,0,0,0,,,,,,,,,,,,
lib/infrastructure/aio/src/ahpx/aio_ahpx_writer.h,shipping_src,yes,infrastructure,production,102,,,,,PENDING,0,0,0,0,,,,,,,,,,,,
lib/infrastructure/aio/src/aio_abi.cpp,shipping_src,yes,infrastructure,production,210,,,,,PENDING,0,0,0,0,,,,,,,,,,,,
lib/infrastructure/aio/src/aio_api.cpp,shipping_src,yes,infrastructure,production,441,,,,,PENDING,0,0,0,0,,,,,,,,,,,,
lib/infrastructure/aio/src/aio_atomic_file.h,shipping_src,yes,infrastructure,production,189,,,,,PENDING,0,0,0,0,,,,,,,,,,,,
lib/infrastructure/aio/src/aio_cfitsio_mutex.h,shipping_src,yes,infrastructure,production,15,,,,,PENDING,0,0,0,0,,,,,,,,,,,,
lib/infrastructure/aio/src/aio_compressor.cpp,shipping_src,yes,infrastructure,production,285,,,,,PENDING,0,0,0,0,,,,,,,,,,,,
lib/infrastructure/aio/src/aio_compressor.h,shipping_src,yes,infrastructure,production,49,,,,,PENDING,0,0,0,0,,,,,,,,,,,,
lib/infrastructure/aio/src/aio_fits.cpp,shipping_src,yes,infrastructure,production,1187,,,,,PENDING,0,0,0,0,,,,,,,,,,,,
lib/infrastructure/aio/src/aio_fits.h,shipping_src,yes,infrastructure,production,45,,,,,PENDING,0,0,0,0,,,,,,,,,,,,
lib/infrastructure/aio/src/aio_log.cpp,shipping_src,yes,infrastructure,production,93,,,,,PENDING,0,0,0,0,,,,,,,,,,,,
lib/infrastructure/aio/src/aio_log.h,shipping_src,yes,infrastructure,production,10,,,,,PENDING,0,0,0,0,,,,,,,,,,,,
lib/infrastructure/aio/src/aio_pipeline.cpp,shipping_src,yes,infrastructure,production,1420,,,,,PENDING,0,0,0,0,,,,,,,,,,,,
lib/infrastructure/aio/src/aio_pipeline_engine.cpp,shipping_src,yes,infrastructure,production,629,,,,,PENDING,0,0,0,0,,,,,,,,,,,,
lib/infrastructure/aio/src/aio_upm.cpp,shipping_src,yes,infrastructure,production,586,,,,,PENDING,0,0,0,0,,,,,,,,,,,,
lib/infrastructure/aio/src/aio_util.h,shipping_src,yes,infrastructure,production,28,,,,,PENDING,0,0,0,0,,,,,,,,,,,,
lib/infrastructure/aio/src/aio_xisf.cpp,shipping_src,yes,infrastructure,production,746,,,,,PENDING,0,0,0,0,,,,,,,,,,,,
lib/infrastructure/aio/src/aio_xisf.h,shipping_src,yes,infrastructure,production,10,,,,,PENDING,0,0,0,0,,,,,,,,,,,,
lib/infrastructure/aio/src/healpix/aio_healpix_io.cpp,shipping_src,yes,infrastructure,production,2197,,,,,PENDING,0,0,0,0,,,,,,,,,,,,
lib/infrastructure/aio/src/hips/aio_hips_reader.cpp,shipping_src,yes,infrastructure,production,586,,,,,PENDING,0,0,0,0,,,,,,,,,,,,
lib/infrastructure/aio/src/hips/aio_hips_writer.cpp,shipping_src,yes,infrastructure,production,2247,,,,,PENDING,0,0,0,0,,,,,,,,,,,,
lib/infrastructure/aio/src/hiss_codec.cpp,shipping_src,yes,infrastructure,production,460,,,,,PENDING,0,0,0,0,,,,,,,,,,,,
lib/infrastructure/aio/src/hiss_common.cpp,shipping_src,yes,infrastructure,production,293,,,,,PENDING,0,0,0,0,,,,,,,,,,,,
lib/infrastructure/aio/src/hiss_reader.cpp,shipping_src,yes,infrastructure,production,1790,,,,,PENDING,0,0,0,0,,,,,,,,,,,,
lib/infrastructure/aio/src/hiss_stream_writer.cpp,shipping_src,yes,infrastructure,production,706,,,,,PENDING,0,0,0,0,,,,,,,,,,,,
lib/infrastructure/aio/src/hiss_stream_writer.h,shipping_src,yes,infrastructure,production,84,,,,,PENDING,0,0,0,0,,,,,,,,,,,,
lib/infrastructure/aio/src/hiss_tile_model.cpp,shipping_src,yes,infrastructure,production,167,,,,,PENDING,0,0,0,0,,,,,,,,,,,,
lib/infrastructure/aio/src/hiss_tile_model.h,shipping_src,yes,infrastructure,production,105,,,,,PENDING,0,0,0,0,,,,,,,,,,,,
lib/infrastructure/aio/src/hiss_transform.cpp,shipping_src,yes,infrastructure,production,569,,,,,PENDING,0,0,0,0,,,,,,,,,,,,
lib/infrastructure/aio/src/hiss_transform.h,shipping_src,yes,infrastructure,production,132,,,,,PENDING,0,0,0,0,,,,,,,,,,,,
lib/infrastructure/aio/src/hiss_writer.cpp,shipping_src,yes,infrastructure,production,1146,,,,,PENDING,0,0,0,0,,,,,,,,,,,,
lib/infrastructure/aio/tests/CMakeLists.txt,test,no,infrastructure,test,0,,,,,PENDING,0,0,0,0,,,,,,,,,,,,
lib/infrastructure/aio/tests/abi/CMakeLists.txt,test,no,infrastructure,test,0,,,,,PENDING,0,0,0,0,,,,,,,,,,,,
lib/infrastructure/aio/tests/abi/aio_abi_layout_lock.py,test,no,infrastructure,test,0,,,,,PENDING,0,0,0,0,,,,,,,,,,,,
lib/infrastructure/aio/tests/abi/aio_abi_layout_probe.cpp,test,no,infrastructure,test,211,,,,,PENDING,0,0,0,0,,,,,,,,,,,,
lib/infrastructure/aio/tests/dataflow_fuzz.cpp,test,no,infrastructure,test,359,,,,,PENDING,0,0,0,0,,,,,,,,,,,,
lib/infrastructure/aio/tests/gaia_sanitize_driver.c,test,no,infrastructure,test,33,,,,,PENDING,0,0,0,0,,,,,,,,,,,,
lib/infrastructure/aio/tests/hips_direct_smoke.py,test,no,infrastructure,test,0,,,,,PENDING,0,0,0,0,,,,,,,,,,,,
lib/infrastructure/aio/tests/hips_mapping_oracle.py,test,no,infrastructure,test,0,,,,,PENDING,0,0,0,0,,,,,,,,,,,,
lib/infrastructure/aio/tests/hips_robust_sanitize_driver.cpp,test,no,infrastructure,test,223,,,,,PENDING,0,0,0,0,,,,,,,,,,,,
lib/infrastructure/aio/tests/hips_sanitize_driver.cpp,test,no,infrastructure,test,83,,,,,PENDING,0,0,0,0,,,,,,,,,,,,
lib/infrastructure/aio/tests/hiss_benchmark.cpp,test,no,infrastructure,test,1546,,,,,PENDING,0,0,0,0,,,,,,,,,,,,
lib/infrastructure/aio/tests/hiss_correctness_test.cpp,test,no,infrastructure,test,1339,,,,,PENDING,0,0,0,0,,,,,,,,,,,,
lib/infrastructure/aio/tests/hiss_experiment_suite.cpp,test,no,infrastructure,test,1408,,,,,PENDING,0,0,0,0,,,,,,,,,,,,
lib/infrastructure/aio/tests/hiss_experiments.cpp,test,no,infrastructure,test,1495,,,,,PENDING,0,0,0,0,,,,,,,,,,,,
lib/infrastructure/aio/tests/hiss_writer_smoke.cpp,test,no,infrastructure,test,153,,,,,PENDING,0,0,0,0,,,,,,,,,,,,
lib/infrastructure/aio/tests/p1hips/CMakeLists.txt,test,no,infrastructure,test,0,,,,,PENDING,0,0,0,0,,,,,,,,,,,,
lib/infrastructure/aio/tests/p1hips/p1hips_digest_verify.cpp,test,no,infrastructure,test,308,,,,,PENDING,0,0,0,0,,,,,,,,,,,,
lib/infrastructure/aio/tests/p1hips/p1hips_fixtures.hpp,test,no,infrastructure,test,265,,,,,PENDING,0,0,0,0,,,,,,,,,,,,
lib/infrastructure/aio/tests/p1hips/p1hips_oracle.hpp,test,no,infrastructure,test,388,,,,,PENDING,0,0,0,0,,,,,,,,,,,,
lib/infrastructure/aio/tests/p1hips/p1hips_test_main.hpp,test,no,infrastructure,test,201,,,,,PENDING,0,0,0,0,,,,,,,,,,,,
lib/infrastructure/aio/tests/p1hips/p1hips_tests_diag_prov.cpp,test,no,infrastructure,test,936,,,,,PENDING,0,0,0,0,,,,,,,,,,,,
lib/infrastructure/aio/tests/p1hips/p1hips_tests_main.cpp,test,no,infrastructure,test,25,,,,,PENDING,0,0,0,0,,,,,,,,,,,,
lib/infrastructure/aio/tests/p1hips/p1hips_tests_negative.cpp,test,no,infrastructure,test,603,,,,,PENDING,0,0,0,0,,,,,,,,,,,,
lib/infrastructure/aio/tests/p1hips/p1hips_tests_oracle.cpp,test,no,infrastructure,test,298,,,,,PENDING,0,0,0,0,,,,,,,,,,,,
lib/infrastructure/aio/tests/p1hips/p1hips_tests_perf.cpp,test,no,infrastructure,test,160,,,,,PENDING,0,0,0,0,,,,,,,,,,,,
lib/infrastructure/aio/tests/p1hips/p1hips_tests_properties.cpp,test,no,infrastructure,test,438,,,,,PENDING,0,0,0,0,,,,,,,,,,,,
lib/infrastructure/aio/tests/p1hips/p1hips_tests_selfcheck.cpp,test,no,infrastructure,test,137,,,,,PENDING,0,0,0,0,,,,,,,,,,,,
lib/infrastructure/aio/tests/p1hips/p1hips_tests_units.cpp,test,no,infrastructure,test,515,,,,,PENDING,0,0,0,0,,,,,,,,,,,,
lib/infrastructure/aio/tests/p2hips/CMakeLists.txt,test,no,infrastructure,test,0,,,,,PENDING,0,0,0,0,,,,,,,,,,,,
lib/infrastructure/aio/tests/p2hips/p2hips_test_main.hpp,test,no,infrastructure,test,70,,,,,PENDING,0,0,0,0,,,,,,,,,,,,
lib/infrastructure/aio/tests/p2hips/p2hips_unc_prov_test.cpp,test,no,infrastructure,test,659,,,,,PENDING,0,0,0,0,,,,,,,,,,,,
lib/infrastructure/aio/tests/pipeline_frame_contract_test.cpp,test,no,infrastructure,test,88,,,,,PENDING,0,0,0,0,,,,,,,,,,,,
lib/infrastructure/aio/tests/results/dq001_codec_comparison.csv,test,no,infrastructure,test,0,,,,,PENDING,0,0,0,0,,,,,,,,,,,,
lib/infrastructure/aio/tests/results/dq002_occupancy_mode.csv,test,no,infrastructure,test,0,,,,,PENDING,0,0,0,0,,,,,,,,,,,,
lib/infrastructure/aio/tests/results/dq003_random_read_latency.csv,test,no,infrastructure,test,0,,,,,PENDING,0,0,0,0,,,,,,,,,,,,
lib/infrastructure/aio/tests/results/dq004_drizzle_profile.csv,test,no,infrastructure,test,0,,,,,PENDING,0,0,0,0,,,,,,,,,,,,
lib/infrastructure/aio/tests/results/dq005_writer_memory.csv,test,no,infrastructure,test,0,,,,,PENDING,0,0,0,0,,,,,,,,,,,,
lib/infrastructure/aio/tests/results/dq006_auto_nside.csv,test,no,infrastructure,test,0,,,,,PENDING,0,0,0,0,,,,,,,,,,,,
lib/infrastructure/aio/tests/results/dq007_signal_support_semantics.csv,test,no,infrastructure,test,0,,,,,PENDING,0,0,0,0,,,,,,,,,,,,
lib/infrastructure/aio/tests/results/performance_report.md,test,no,infrastructure,test,0,,,,,PENDING,0,0,0,0,,,,,,,,,,,,
lib/infrastructure/aio/tests/sanitize_wsl.sh,test,no,infrastructure,test,0,,,,,PENDING,0,0,0,0,,,,,,,,,,,,
lib/infrastructure/aio/tests/sanitize_wsl_v4.sh,test,no,infrastructure,test,0,,,,,PENDING,0,0,0,0,,,,,,,,,,,,
lib/infrastructure/aio/tests/sanitize_wsl_v5.sh,test,no,infrastructure,test,0,,,,,PENDING,0,0,0,0,,,,,,,,,,,,
lib/infrastructure/aio/tests/test_checksum.cpp,test,no,infrastructure,test,523,,,,,PENDING,0,0,0,0,,,,,,,,,,,,
lib/infrastructure/aio/tests/test_drizzle_integration.cpp,test,no,infrastructure,test,605,,,,,PENDING,0,0,0,0,,,,,,,,,,,,
lib/infrastructure/aio/tests/test_export_fits_fix.py,test,no,infrastructure,test,0,,,,,PENDING,0,0,0,0,,,,,,,,,,,,
lib/infrastructure/aio/tests/test_healpix_io.py,test,no,infrastructure,test,0,,,,,PENDING,0,0,0,0,,,,,,,,,,,,
lib/infrastructure/aio/tests/test_healpix_io_py.py,test,no,infrastructure,test,0,,,,,PENDING,0,0,0,0,,,,,,,,,,,,
lib/infrastructure/aio/tests/test_output.txt,test,no,infrastructure,test,0,,,,,PENDING,0,0,0,0,,,,,,,,,,,,
lib/infrastructure/aio/tests/test_p0_io_hardening.cpp,test,no,infrastructure,test,248,,,,,PENDING,0,0,0,0,,,,,,,,,,,,
lib/infrastructure/aio/tests/test_p1_io_hardening.cpp,test,no,infrastructure,test,294,,,,,PENDING,0,0,0,0,,,,,,,,,,,,
lib/infrastructure/aio/tests/test_pipeline_blocks.py,test,no,infrastructure,test,0,,,,,PENDING,0,0,0,0,,,,,,,,,,,,
lib/infrastructure/aio/tests/test_precision_dual.cpp,test,no,infrastructure,test,613,,,,,PENDING,0,0,0,0,,,,,,,,,,,,
lib/infrastructure/aio/tests/test_psf_fit_handler.py,test,no,infrastructure,test,0,,,,,PENDING,0,0,0,0,,,,,,,,,,,,
lib/infrastructure/aio/tests/test_query_pixel.cpp,test,no,infrastructure,test,1170,,,,,PENDING,0,0,0,0,,,,,,,,,,,,
lib/infrastructure/aio/tests/test_report.md,test,no,infrastructure,test,0,,,,,PENDING,0,0,0,0,,,,,,,,,,,,
lib/infrastructure/aio/tests/test_snr_unknown_block.cpp,test,no,infrastructure,test,598,,,,,PENDING,0,0,0,0,,,,,,,,,,,,
lib/infrastructure/aio/tests/test_tile_model.cpp,test,no,infrastructure,test,411,,,,,PENDING,0,0,0,0,,,,,,,,,,,,
lib/infrastructure/aio/tests/test_transform.cpp,test,no,infrastructure,test,999,,,,,PENDING,0,0,0,0,,,,,,,,,,,,
lib/infrastructure/aio/tests/test_wph_cli_browser.cpp,test,no,infrastructure,test,252,,,,,PENDING,0,0,0,0,,,,,,,,,,,,
lib/infrastructure/aio/tests/test_writer_integration.cpp,test,no,infrastructure,test,796,,,,,PENDING,0,0,0,0,,,,,,,,,,,,
lib/infrastructure/aio/tests/v5_maptile_oracle.py,test,no,infrastructure,test,0,,,,,PENDING,0,0,0,0,,,,,,,,,,,,
lib/infrastructure/aio/tests/v5_snr_precision_roundtrip.py,test,no,infrastructure,test,0,,,,,PENDING,0,0,0,0,,,,,,,,,,,,
lib/infrastructure/aio/tools/aio_abi_mirror.py,tool,no,infrastructure,production,0,,,,,PENDING,0,0,0,0,,,,,,,,,,,,
lib/infrastructure/aio/v6/CMakeLists.txt,doc,no,infrastructure,production,0,,,,,PENDING,0,0,0,0,,,,,,,,,,,,
lib/infrastructure/aio/v6/README.md,doc,no,infrastructure,production,0,,,,,PENDING,0,0,0,0,,,,,,,,,,,,
lib/infrastructure/aio/v6/include/astro/aio/v6_atomic_publish.h,shipping_src,yes,infrastructure,production,123,,,,,PENDING,0,0,0,0,,,,,,,,,,,,
lib/infrastructure/aio/v6/include/astro/aio/v6_bunit.h,shipping_src,yes,infrastructure,production,88,,,,,PENDING,0,0,0,0,,,,,,,,,,,,
lib/infrastructure/aio/v6/include/astro/aio/v6_fits.h,shipping_src,yes,infrastructure,production,161,,,,,PENDING,0,0,0,0,,,,,,,,,,,,
lib/infrastructure/aio/v6/include/astro/aio/v6_hips_manifest.h,shipping_src,yes,infrastructure,production,76,,,,,PENDING,0,0,0,0,,,,,,,,,,,,
lib/infrastructure/aio/v6/include/astro/aio/v6_product_io.h,shipping_src,yes,infrastructure,production,48,,,,,PENDING,0,0,0,0,,,,,,,,,,,,
lib/infrastructure/aio/v6/include/astro/aio/v6_provenance.h,shipping_src,yes,infrastructure,production,162,,,,,PENDING,0,0,0,0,,,,,,,,,,,,
lib/infrastructure/aio/v6/include/astro/aio/v6_sha256.h,shipping_src,yes,infrastructure,production,43,,,,,PENDING,0,0,0,0,,,,,,,,,,,,
lib/infrastructure/aio/v6/include/astro/aio/v6_validation.h,shipping_src,yes,infrastructure,production,49,,,,,PENDING,0,0,0,0,,,,,,,,,,,,
lib/infrastructure/aio/v6/src/v6_atomic_publish.cpp,shipping_src,yes,infrastructure,production,573,,,,,PENDING,0,0,0,0,,,,,,,,,,,,
lib/infrastructure/aio/v6/src/v6_bunit.cpp,shipping_src,yes,infrastructure,production,263,,,,,PENDING,0,0,0,0,,,,,,,,,,,,
lib/infrastructure/aio/v6/src/v6_fits.cpp,shipping_src,yes,infrastructure,production,708,,,,,PENDING,0,0,0,0,,,,,,,,,,,,
lib/infrastructure/aio/v6/src/v6_hips_manifest.cpp,shipping_src,yes,infrastructure,production,218,,,,,PENDING,0,0,0,0,,,,,,,,,,,,
lib/infrastructure/aio/v6/src/v6_product_io.cpp,shipping_src,yes,infrastructure,production,93,,,,,PENDING,0,0,0,0,,,,,,,,,,,,
lib/infrastructure/aio/v6/src/v6_provenance.cpp,shipping_src,yes,infrastructure,production,355,,,,,PENDING,0,0,0,0,,,,,,,,,,,,
lib/infrastructure/aio/v6/src/v6_sha256.cpp,shipping_src,yes,infrastructure,production,123,,,,,PENDING,0,0,0,0,,,,,,,,,,,,
lib/infrastructure/benchmark/PENDING.md,doc,no,infrastructure,production,0,,,,,PENDING,0,0,0,0,,,,,,,,,,,,
lib/infrastructure/benchmark/backend_host/avx2_backend.cpp,shipping_src,yes,infrastructure,production,26,,,,,PENDING,0,0,0,0,,,,,,,,,,,,
lib/infrastructure/benchmark/backend_host/avx512_backend.cpp,shipping_src,yes,infrastructure,production,27,,,,,PENDING,0,0,0,0,,,,,,,,,,,,
lib/infrastructure/benchmark/backend_host/avx_backend.cpp,shipping_src,yes,infrastructure,production,22,,,,,PENDING,0,0,0,0,,,,,,,,,,,,
lib/infrastructure/benchmark/backend_host/backend_loader.cpp,shipping_src,yes,infrastructure,production,204,,,,,PENDING,0,0,0,0,,,,,,,,,,,,
lib/infrastructure/benchmark/backend_host/backend_loader.h,shipping_src,yes,infrastructure,production,55,,,,,PENDING,0,0,0,0,,,,,,,,,,,,
lib/infrastructure/benchmark/backend_host/backend_table.inc,aux,no,infrastructure,production,0,,,,,PENDING,0,0,0,0,,,,,,,,,,,,
lib/infrastructure/benchmark/backend_host/baseline_backend.cpp,shipping_src,yes,infrastructure,production,55,,,,,PENDING,0,0,0,0,,,,,,,,,,,,
lib/infrastructure/benchmark/backend_host/baseline_kernels.h,shipping_src,yes,infrastructure,production,51,,,,,PENDING,0,0,0,0,,,,,,,,,,,,
lib/infrastructure/benchmark/backend_host/baseline_kernels_impl.inc,aux,no,infrastructure,production,0,,,,,PENDING,0,0,0,0,,,,,,,,,,,,
lib/infrastructure/benchmark/backend_host/bench_harness.cpp,shipping_src,yes,infrastructure,production,234,,,,,PENDING,0,0,0,0,,,,,,,,,,,,
lib/infrastructure/benchmark/backend_host/bench_harness.h,shipping_src,yes,infrastructure,production,77,,,,,PENDING,0,0,0,0,,,,,,,,,,,,
lib/infrastructure/benchmark/backend_host/bench_report.cpp,shipping_src,yes,infrastructure,production,419,,,,,PENDING,0,0,0,0,,,,,,,,,,,,
lib/infrastructure/benchmark/backend_host/bench_report.h,shipping_src,yes,infrastructure,production,116,,,,,PENDING,0,0,0,0,,,,,,,,,,,,
lib/infrastructure/benchmark/backend_host/cpu_features.cpp,shipping_src,yes,infrastructure,production,120,,,,,PENDING,0,0,0,0,,,,,,,,,,,,
lib/infrastructure/benchmark/backend_host/cpu_features.h,shipping_src,yes,infrastructure,production,28,,,,,PENDING,0,0,0,0,,,,,,,,,,,,
lib/infrastructure/benchmark/backend_host/cpu_routing.cpp,shipping_src,yes,infrastructure,production,609,,,,,PENDING,0,0,0,0,,,,,,,,,,,,
lib/infrastructure/benchmark/backend_host/cpu_routing.h,shipping_src,yes,infrastructure,production,156,,,,,PENDING,0,0,0,0,,,,,,,,,,,,
lib/infrastructure/benchmark/backend_host/hardware_inspect.cpp,shipping_src,yes,infrastructure,production,359,,,,,PENDING,0,0,0,0,,,,,,,,,,,,
lib/infrastructure/benchmark/backend_host/hardware_inspect.h,shipping_src,yes,infrastructure,production,19,,,,,PENDING,0,0,0,0,,,,,,,,,,,,
lib/infrastructure/benchmark/backend_host/host_services.cpp,shipping_src,yes,infrastructure,production,152,,,,,PENDING,0,0,0,0,,,,,,,,,,,,
lib/infrastructure/benchmark/backend_host/profile_gen.cpp,shipping_src,yes,infrastructure,production,152,,,,,PENDING,0,0,0,0,,,,,,,,,,,,
lib/infrastructure/benchmark/backend_host/profile_gen.h,shipping_src,yes,infrastructure,production,75,,,,,PENDING,0,0,0,0,,,,,,,,,,,,
lib/infrastructure/benchmark/backend_host/profile_gen_v2.cpp,shipping_src,yes,infrastructure,production,709,,,,,PENDING,0,0,0,0,,,,,,,,,,,,
lib/infrastructure/benchmark/backend_host/profile_store.cpp,shipping_src,yes,infrastructure,production,457,,,,,PENDING,0,0,0,0,,,,,,,,,,,,
lib/infrastructure/benchmark/backend_host/profile_store.h,shipping_src,yes,infrastructure,production,115,,,,,PENDING,0,0,0,0,,,,,,,,,,,,
lib/infrastructure/benchmark/backend_host/worker_advisor.cpp,shipping_src,yes,infrastructure,production,315,,,,,PENDING,0,0,0,0,,,,,,,,,,,,
lib/infrastructure/benchmark/backend_host/worker_advisor.h,shipping_src,yes,infrastructure,production,127,,,,,PENDING,0,0,0,0,,,,,,,,,,,,
lib/infrastructure/benchmark/cpu/avx2/include/astrocs/cpu/avx2_provider_v1.h,shipping_src,yes,infrastructure,production,108,,,,,PENDING,0,0,0,0,,,,,,,,,,,,
lib/infrastructure/benchmark/cpu/avx2/src/avx2_provider.cpp,shipping_src,yes,infrastructure,production,403,,,,,PENDING,0,0,0,0,,,,,,,,,,,,
lib/infrastructure/benchmark/cpu/avx512/include/astrocs/cpu/avx512_provider_v1.h,shipping_src,yes,infrastructure,production,115,,,,,PENDING,0,0,0,0,,,,,,,,,,,,
lib/infrastructure/benchmark/cpu/avx512/src/avx512_provider.cpp,shipping_src,yes,infrastructure,production,403,,,,,PENDING,0,0,0,0,,,,,,,,,,,,
lib/infrastructure/benchmark/cpu/baseline/include/astrocs/cpu/baseline_provider_v1.h,shipping_src,yes,infrastructure,production,149,,,,,PENDING,0,0,0,0,,,,,,,,,,,,
lib/infrastructure/benchmark/cpu/baseline/src/baseline_provider.cpp,shipping_src,yes,infrastructure,production,619,,,,,PENDING,0,0,0,0,,,,,,,,,,,,
lib/infrastructure/benchmark/cpu/common/README.md,doc,no,infrastructure,production,0,,,,,PENDING,0,0,0,0,,,,,,,,,,,,
lib/infrastructure/benchmark/cpu/common/include/astrocs/cpu/capability_v1.h,shipping_src,yes,infrastructure,production,159,,,,,PENDING,0,0,0,0,,,,,,,,,,,,
lib/infrastructure/benchmark/cpu/common/schemas/cpu_capability.schema.json,aux,no,infrastructure,production,0,,,,,PENDING,0,0,0,0,,,,,,,,,,,,
lib/infrastructure/benchmark/cpu/common/src/capability_detect.c,shipping_src,yes,infrastructure,production,387,,,,,PENDING,0,0,0,0,,,,,,,,,,,,
lib/infrastructure/cli/CMakeLists.txt,doc,no,infrastructure,production,0,,,,,PENDING,0,0,0,0,,,,,,,,,,,,
lib/infrastructure/cli/README.md,doc,no,infrastructure,production,0,,,,,PENDING,0,0,0,0,,,,,,,,,,,,
lib/infrastructure/cli/astrocs_process.h,shipping_src,yes,infrastructure,production,45,,,,,PENDING,0,0,0,0,,,,,,,,,,,,
lib/infrastructure/cli/cancel_token.h,shipping_src,yes,infrastructure,production,41,,,,,PENDING,0,0,0,0,,,,,,,,,,,,
lib/infrastructure/cli/cli_common.h,shipping_src,yes,infrastructure,production,142,,,,,PENDING,0,0,0,0,,,,,,,,,,,,
lib/infrastructure/cli/command_tree.h,shipping_src,yes,infrastructure,production,153,,,,,PENDING,0,0,0,0,,,,,,,,,,,,
lib/infrastructure/cli/commands.cpp,shipping_src,yes,infrastructure,production,2092,,,,,PENDING,0,0,0,0,,,,,,,,,,,,
lib/infrastructure/cli/exit_codes.h,shipping_src,yes,infrastructure,production,21,,,,,PENDING,0,0,0,0,,,,,,,,,,,,
lib/infrastructure/cli/export/export.h,shipping_src,yes,infrastructure,production,18,,,,,PENDING,0,0,0,0,,,,,,,,,,,,
lib/infrastructure/cli/jsonl.h,shipping_src,yes,infrastructure,production,131,,,,,PENDING,0,0,0,0,,,,,,,,,,,,
lib/infrastructure/cli/main.cpp,shipping_src,yes,infrastructure,production,79,,,,,PENDING,0,0,0,0,,,,,,,,,,,,
lib/infrastructure/cli/memory_growth.h,shipping_src,yes,infrastructure,production,136,,,,,PENDING,0,0,0,0,,,,,,,,,,,,
lib/infrastructure/cli/memory_report.h,shipping_src,yes,infrastructure,production,623,,,,,PENDING,0,0,0,0,,,,,,,,,,,,
lib/infrastructure/cli/module.yaml,aux,no,infrastructure,production,0,,,,,PENDING,0,0,0,0,,,,,,,,,,,,
lib/infrastructure/cli/monitor.h,shipping_src,yes,infrastructure,production,476,,,,,PENDING,0,0,0,0,,,,,,,,,,,,
lib/infrastructure/cli/mosaic/mosaic.h,shipping_src,yes,infrastructure,production,18,,,,,PENDING,0,0,0,0,,,,,,,,,,,,
lib/infrastructure/cli/normalize/normalize.h,shipping_src,yes,infrastructure,production,18,,,,,PENDING,0,0,0,0,,,,,,,,,,,,
lib/infrastructure/cli/parser.cpp,shipping_src,yes,infrastructure,production,590,,,,,PENDING,0,0,0,0,,,,,,,,,,,,
lib/infrastructure/cli/process.cpp,shipping_src,yes,infrastructure,production,215,,,,,PENDING,0,0,0,0,,,,,,,,,,,,
lib/infrastructure/cli/protocol.h,shipping_src,yes,infrastructure,production,97,,,,,PENDING,0,0,0,0,,,,,,,,,,,,
lib/infrastructure/cli/resource_events.h,shipping_src,yes,infrastructure,production,88,,,,,PENDING,0,0,0,0,,,,,,,,,,,,
lib/infrastructure/cli/resource_gate.h,shipping_src,yes,infrastructure,production,556,,,,,PENDING,0,0,0,0,,,,,,,,,,,,
lib/infrastructure/cli/resource_gate_thresholds_generated.h.in,aux,no,infrastructure,production,0,,,,,PENDING,0,0,0,0,,,,,,,,,,,,
lib/infrastructure/cli/resource_recorder.h,shipping_src,yes,infrastructure,production,333,,,,,PENDING,0,0,0,0,,,,,,,,,,,,
lib/infrastructure/cli/runtime_client.cpp,shipping_src,yes,infrastructure,production,448,,,,,PENDING,0,0,0,0,,,,,,,,,,,,
lib/infrastructure/cli/runtime_client.h,shipping_src,yes,infrastructure,production,51,,,,,PENDING,0,0,0,0,,,,,,,,,,,,
lib/infrastructure/cli/session_commands.h,shipping_src,yes,infrastructure,production,295,,,,,PENDING,0,0,0,0,,,,,,,,,,,,
lib/infrastructure/cli/subcommand.h,shipping_src,yes,infrastructure,production,460,,,,,PENDING,0,0,0,0,,,,,,,,,,,,
lib/infrastructure/cli/v6_mode_gate.h,shipping_src,yes,infrastructure,production,89,,,,,PENDING,0,0,0,0,,,,,,,,,,,,
lib/infrastructure/cli/v6_runtime_contract.h,shipping_src,yes,infrastructure,production,386,,,,,PENDING,0,0,0,0,,,,,,,,,,,,
lib/infrastructure/cli/version_generated.h.in,aux,no,infrastructure,production,0,,,,,PENDING,0,0,0,0,,,,,,,,,,,,
lib/infrastructure/gaia_xpsd_client/.gitignore,aux,no,infrastructure,production,0,,,,,PENDING,0,0,0,0,,,,,,,,,,,,
lib/infrastructure/gaia_xpsd_client/CMakeLists.txt,doc,no,infrastructure,production,0,,,,,PENDING,0,0,0,0,,,,,,,,,,,,
lib/infrastructure/gaia_xpsd_client/Makefile,aux,no,infrastructure,production,0,,,,,PENDING,0,0,0,0,,,,,,,,,,,,
lib/infrastructure/gaia_xpsd_client/README.md,doc,no,infrastructure,production,0,,,,,PENDING,0,0,0,0,,,,,,,,,,,,
lib/infrastructure/gaia_xpsd_client/example/demo.c,shipping_src,yes,infrastructure,production,40,,,,,PENDING,0,0,0,0,,,,,,,,,,,,
lib/infrastructure/gaia_xpsd_client/include/astrocs/gaia/types.h,shipping_src,yes,infrastructure,production,78,,,,,PENDING,0,0,0,0,,,,,,,,,,,,
lib/infrastructure/gaia_xpsd_client/integration/astrocs_catalog_gaia.integration.json,aux,no,infrastructure,production,0,,,,,PENDING,0,0,0,0,,,,,,,,,,,,
lib/infrastructure/gaia_xpsd_client/memory.md,doc,no,infrastructure,production,0,,,,,PENDING,0,0,0,0,,,,,,,,,,,,
lib/infrastructure/gaia_xpsd_client/module.yaml,aux,no,infrastructure,production,0,,,,,PENDING,0,0,0,0,,,,,,,,,,,,
lib/infrastructure/gaia_xpsd_client/src/gaia_client.c,shipping_src,yes,infrastructure,production,2700,,,,,PENDING,0,0,0,0,,,,,,,,,,,,
lib/infrastructure/gaia_xpsd_client/src/gaia_client.h,shipping_src,yes,infrastructure,production,171,,,,,PENDING,0,0,0,0,,,,,,,,,,,,
lib/infrastructure/gaia_xpsd_client/src/module_entry.c,shipping_src,yes,infrastructure,production,1061,,,,,PENDING,0,0,0,0,,,,,,,,,,,,
lib/infrastructure/gaia_xpsd_client/test/test_gaia_race.c,test,no,infrastructure,test,252,,,,,PENDING,0,0,0,0,,,,,,,,,,,,
lib/infrastructure/gaia_xpsd_client/test/test_spec_collector_ownership.c,test,no,infrastructure,test,156,,,,,PENDING,0,0,0,0,,,,,,,,,,,,
lib/infrastructure/gaia_xpsd_client/tests/test_gaia_zlib_configure_contract.py,test,no,infrastructure,test,0,,,,,PENDING,0,0,0,0,,,,,,,,,,,,
lib/infrastructure/hips_browser/PENDING.md,doc,no,infrastructure,production,0,,,,,PENDING,0,0,0,0,,,,,,,,,,,,
lib/infrastructure/hips_browser/healpix_browser_qt/CMakeLists.txt,doc,no,infrastructure,production,0,,,,,PENDING,0,0,0,0,,,,,,,,,,,,
lib/infrastructure/hips_browser/healpix_browser_qt/Makefile,aux,no,infrastructure,production,0,,,,,PENDING,0,0,0,0,,,,,,,,,,,,
lib/infrastructure/hips_browser/healpix_browser_qt/README.md,doc,no,infrastructure,production,0,,,,,PENDING,0,0,0,0,,,,,,,,,,,,
lib/infrastructure/hips_browser/healpix_browser_qt/app/browser_cli.cpp,shipping_src,yes,infrastructure,production,1348,,,,,PENDING,0,0,0,0,,,,,,,,,,,,
lib/infrastructure/hips_browser/healpix_browser_qt/app/main.cpp,shipping_src,yes,infrastructure,production,152,,,,,PENDING,0,0,0,0,,,,,,,,,,,,
lib/infrastructure/hips_browser/healpix_browser_qt/app/main_window.cpp,shipping_src,yes,infrastructure,production,1096,,,,,PENDING,0,0,0,0,,,,,,,,,,,,
lib/infrastructure/hips_browser/healpix_browser_qt/app/main_window.h,shipping_src,yes,infrastructure,production,147,,,,,PENDING,0,0,0,0,,,,,,,,,,,,
lib/infrastructure/hips_browser/healpix_browser_qt/app/stf_bar.cpp,shipping_src,yes,infrastructure,production,204,,,,,PENDING,0,0,0,0,,,,,,,,,,,,
lib/infrastructure/hips_browser/healpix_browser_qt/app/stf_bar.h,shipping_src,yes,infrastructure,production,72,,,,,PENDING,0,0,0,0,,,,,,,,,,,,
lib/infrastructure/hips_browser/healpix_browser_qt/app/stf_panel.cpp,shipping_src,yes,infrastructure,production,56,,,,,PENDING,0,0,0,0,,,,,,,,,,,,
lib/infrastructure/hips_browser/healpix_browser_qt/app/stf_panel.h,shipping_src,yes,infrastructure,production,52,,,,,PENDING,0,0,0,0,,,,,,,,,,,,
lib/infrastructure/hips_browser/healpix_browser_qt/core/browser_backend.cpp,shipping_src,yes,infrastructure,production,1043,,,,,PENDING,0,0,0,0,,,,,,,,,,,,
lib/infrastructure/hips_browser/healpix_browser_qt/core/browser_backend.h,shipping_src,yes,infrastructure,production,236,,,,,PENDING,0,0,0,0,,,,,,,,,,,,
lib/infrastructure/hips_browser/healpix_browser_qt/core/gl_renderer.cpp,shipping_src,yes,infrastructure,production,2062,,,,,PENDING,0,0,0,0,,,,,,,,,,,,
lib/infrastructure/hips_browser/healpix_browser_qt/core/gl_renderer.h,shipping_src,yes,infrastructure,production,227,,,,,PENDING,0,0,0,0,,,,,,,,,,,,
lib/infrastructure/hips_browser/healpix_browser_qt/core/healpix_math.cpp,shipping_src,yes,infrastructure,production,110,,,,,PENDING,0,0,0,0,,,,,,,,,,,,
lib/infrastructure/hips_browser/healpix_browser_qt/core/healpix_math.h,shipping_src,yes,infrastructure,production,48,,,,,PENDING,0,0,0,0,,,,,,,,,,,,
lib/infrastructure/hips_browser/healpix_browser_qt/core/hips_browser_backend.cpp,shipping_src,yes,infrastructure,production,359,,,,,PENDING,0,0,0,0,,,,,,,,,,,,
lib/infrastructure/hips_browser/healpix_browser_qt/core/hips_browser_backend.h,shipping_src,yes,infrastructure,production,91,,,,,PENDING,0,0,0,0,,,,,,,,,,,,
lib/infrastructure/hips_browser/healpix_browser_qt/core/hips_sky_view.cpp,shipping_src,yes,infrastructure,production,536,,,,,PENDING,0,0,0,0,,,,,,,,,,,,
lib/infrastructure/hips_browser/healpix_browser_qt/core/hips_sky_view.h,shipping_src,yes,infrastructure,production,158,,,,,PENDING,0,0,0,0,,,,,,,,,,,,
lib/infrastructure/hips_browser/healpix_browser_qt/core/logger.h,shipping_src,yes,infrastructure,production,86,,,,,PENDING,0,0,0,0,,,,,,,,,,,,
lib/infrastructure/hips_browser/healpix_browser_qt/core/stf_engine.cpp,shipping_src,yes,infrastructure,production,180,,,,,PENDING,0,0,0,0,,,,,,,,,,,,
lib/infrastructure/hips_browser/healpix_browser_qt/core/stf_engine.h,shipping_src,yes,infrastructure,production,104,,,,,PENDING,0,0,0,0,,,,,,,,,,,,
lib/infrastructure/hips_browser/healpix_browser_qt/deploy.ps1,tool,no,infrastructure,production,0,,,,,PENDING,0,0,0,0,,,,,,,,,,,,
lib/infrastructure/hips_browser/healpix_browser_qt/include/healpix_browser_core.h,shipping_src,yes,infrastructure,production,16,,,,,PENDING,0,0,0,0,,,,,,,,,,,,
lib/infrastructure/hips_browser/healpix_browser_qt/memory.md,doc,no,infrastructure,production,0,,,,,PENDING,0,0,0,0,,,,,,,,,,,,
lib/infrastructure/hips_browser/healpix_browser_qt/run_healpix.bat,aux,no,infrastructure,production,0,,,,,PENDING,0,0,0,0,,,,,,,,,,,,
lib/infrastructure/hips_browser/healpix_browser_qt/tests/debug_healpix.cpp,test,no,infrastructure,test,27,,,,,PENDING,0,0,0,0,,,,,,,,,,,,
lib/infrastructure/hips_browser/healpix_browser_qt/tests/debug_trace.cpp,test,no,infrastructure,test,41,,,,,PENDING,0,0,0,0,,,,,,,,,,,,
lib/infrastructure/hips_browser/healpix_browser_qt/tests/gen_hips_browser_test.py,test,no,infrastructure,test,0,,,,,PENDING,0,0,0,0,,,,,,,,,,,,
lib/infrastructure/hips_browser/healpix_browser_qt/tests/gen_tiny_hiss.cpp,test,no,infrastructure,test,79,,,,,PENDING,0,0,0,0,,,,,,,,,,,,
lib/infrastructure/hips_browser/healpix_browser_qt/tests/test_browser_backend.cpp,test,no,infrastructure,test,100,,,,,PENDING,0,0,0,0,,,,,,,,,,,,
lib/infrastructure/hips_browser/healpix_browser_qt/tests/test_browser_dual_dtype.cpp,test,no,infrastructure,test,94,,,,,PENDING,0,0,0,0,,,,,,,,,,,,
lib/infrastructure/hips_browser/healpix_browser_qt/tests/test_geometry_truth.cpp,test,no,infrastructure,test,240,,,,,PENDING,0,0,0,0,,,,,,,,,,,,
lib/infrastructure/hips_browser/healpix_browser_qt/tests/test_healpix_math.cpp,test,no,infrastructure,test,98,,,,,PENDING,0,0,0,0,,,,,,,,,,,,
lib/infrastructure/hips_browser/healpix_browser_qt/tests/test_hips_browser_backend.cpp,test,no,infrastructure,test,172,,,,,PENDING,0,0,0,0,,,,,,,,,,,,
lib/infrastructure/hips_browser/healpix_browser_qt/tests/test_stf_engine.cpp,test,no,infrastructure,test,82,,,,,PENDING,0,0,0,0,,,,,,,,,,,,
lib/infrastructure/hips_browser/healpix_browser_qt/tests/trace_browser_lineage.cpp,test,no,infrastructure,test,97,,,,,PENDING,0,0,0,0,,,,,,,,,,,,
lib/infrastructure/hips_browser/healpix_browser_qt/tools/gen_geometry_truth.py,tool,no,infrastructure,production,0,,,,,PENDING,0,0,0,0,,,,,,,,,,,,
lib/infrastructure/hips_browser/healpix_browser_qt/tools/gen_ref_source.py,tool,no,infrastructure,production,0,,,,,PENDING,0,0,0,0,,,,,,,,,,,,
lib/infrastructure/hips_browser/healpix_browser_qt/tools/hips_tile_oracle.py,tool,no,infrastructure,production,0,,,,,PENDING,0,0,0,0,,,,,,,,,,,,
lib/infrastructure/hips_browser/healpix_browser_qt/widgets/abstract_view.cpp,shipping_src,yes,infrastructure,production,287,,,,,PENDING,0,0,0,0,,,,,,,,,,,,
lib/infrastructure/hips_browser/healpix_browser_qt/widgets/abstract_view.h,shipping_src,yes,infrastructure,production,91,,,,,PENDING,0,0,0,0,,,,,,,,,,,,
lib/infrastructure/hips_browser/healpix_browser_qt/widgets/hips_view.cpp,shipping_src,yes,infrastructure,production,210,,,,,PENDING,0,0,0,0,,,,,,,,,,,,
lib/infrastructure/hips_browser/healpix_browser_qt/widgets/hips_view.h,shipping_src,yes,infrastructure,production,76,,,,,PENDING,0,0,0,0,,,,,,,,,,,,
lib/infrastructure/hips_browser/healpix_browser_qt/widgets/sphere_view.cpp,shipping_src,yes,infrastructure,production,502,,,,,PENDING,0,0,0,0,,,,,,,,,,,,
lib/infrastructure/hips_browser/healpix_browser_qt/widgets/sphere_view.h,shipping_src,yes,infrastructure,production,139,,,,,PENDING,0,0,0,0,,,,,,,,,,,,
lib/infrastructure/observability/PENDING.md,doc,no,infrastructure,production,0,,,,,PENDING,0,0,0,0,,,,,,,,,,,,
lib/infrastructure/observability/logging/README.md,doc,no,infrastructure,production,0,,,,,PENDING,0,0,0,0,,,,,,,,,,,,
lib/infrastructure/observability/logging/log_event.py,tool,no,infrastructure,production,0,,,,,PENDING,0,0,0,0,,,,,,,,,,,,
lib/infrastructure/observability/logging/log_event_v1.schema.json,aux,no,infrastructure,production,0,,,,,PENDING,0,0,0,0,,,,,,,,,,,,
lib/infrastructure/observability/monitoring/__init__.py,tool,no,infrastructure,production,0,,,,,PENDING,0,0,0,0,,,,,,,,,,,,
lib/infrastructure/observability/monitoring/linux_procfs.py,tool,no,infrastructure,production,0,,,,,PENDING,0,0,0,0,,,,,,,,,,,,
lib/infrastructure/observability/monitoring/monitor.py,tool,no,infrastructure,production,0,,,,,PENDING,0,0,0,0,,,,,,,,,,,,
lib/infrastructure/observability/monitoring/runner.py,tool,no,infrastructure,production,0,,,,,PENDING,0,0,0,0,,,,,,,,,,,,
lib/infrastructure/observability/monitoring/trace_feed.py,tool,no,infrastructure,production,0,,,,,PENDING,0,0,0,0,,,,,,,,,,,,
lib/infrastructure/observability/monitoring/windows_pdh_etw.py,tool,no,infrastructure,production,0,,,,,PENDING,0,0,0,0,,,,,,,,,,,,
lib/infrastructure/observability/probes/README.md,doc,no,infrastructure,production,0,,,,,PENDING,0,0,0,0,,,,,,,,,,,,
lib/infrastructure/observability/probes/include/astrocs/probe.h,shipping_src,yes,infrastructure,production,183,,,,,PENDING,0,0,0,0,,,,,,,,,,,,
lib/infrastructure/observability/probes/src/probe.cpp,shipping_src,yes,infrastructure,production,367,,,,,PENDING,0,0,0,0,,,,,,,,,,,,
lib/infrastructure/pipeline/PENDING.md,doc,no,infrastructure,production,0,,,,,PENDING,0,0,0,0,,,,,,,,,,,,
lib/infrastructure/pipeline/fixtures/phase2_typed_dag.json,aux,no,infrastructure,production,0,,,,,PENDING,0,0,0,0,,,,,,,,,,,,
lib/infrastructure/pipeline/module_loader/README.md,doc,no,infrastructure,production,0,,,,,PENDING,0,0,0,0,,,,,,,,,,,,
lib/infrastructure/pipeline/module_loader/module_registry.c,shipping_src,yes,infrastructure,production,987,,,,,PENDING,0,0,0,0,,,,,,,,,,,,
lib/infrastructure/pipeline/module_loader/module_registry.h,shipping_src,yes,infrastructure,production,178,,,,,PENDING,0,0,0,0,,,,,,,,,,,,
lib/infrastructure/pipeline/module_loader/secure_loader.c,shipping_src,yes,infrastructure,production,725,,,,,PENDING,0,0,0,0,,,,,,,,,,,,
lib/infrastructure/pipeline/module_loader/secure_loader.h,shipping_src,yes,infrastructure,production,180,,,,,PENDING,0,0,0,0,,,,,,,,,,,,
lib/infrastructure/pipeline/module_ports.registry.json,aux,no,infrastructure,production,0,,,,,PENDING,0,0,0,0,,,,,,,,,,,,
lib/infrastructure/pipeline/orchestrator/.gitignore,aux,no,infrastructure,production,0,,,,,PENDING,0,0,0,0,,,,,,,,,,,,
lib/infrastructure/pipeline/orchestrator/README.md,doc,no,infrastructure,production,0,,,,,PENDING,0,0,0,0,,,,,,,,,,,,
lib/infrastructure/pipeline/orchestrator/configs/stage1.schema.json,aux,no,infrastructure,production,0,,,,,PENDING,0,0,0,0,,,,,,,,,,,,
lib/infrastructure/pipeline/orchestrator/configs/stage1.template.json,aux,no,infrastructure,production,0,,,,,PENDING,0,0,0,0,,,,,,,,,,,,
lib/infrastructure/pipeline/orchestrator/configs/stage1_gc_panel1_Red.json,aux,no,infrastructure,production,0,,,,,PENDING,0,0,0,0,,,,,,,,,,,,
lib/infrastructure/pipeline/orchestrator/configs/stage1_gc_panel2_Red.json,aux,no,infrastructure,production,0,,,,,PENDING,0,0,0,0,,,,,,,,,,,,
lib/infrastructure/pipeline/orchestrator/configs/stage1_gc_panel3_Red.json,aux,no,infrastructure,production,0,,,,,PENDING,0,0,0,0,,,,,,,,,,,,
lib/infrastructure/pipeline/orchestrator/cpp/.gitignore,aux,no,infrastructure,production,0,,,,,PENDING,0,0,0,0,,,,,,,,,,,,
lib/infrastructure/pipeline/orchestrator/cpp/CMakeLists.txt,doc,no,infrastructure,production,0,,,,,PENDING,0,0,0,0,,,,,,,,,,,,
lib/infrastructure/pipeline/orchestrator/cpp/Makefile,aux,no,infrastructure,production,0,,,,,PENDING,0,0,0,0,,,,,,,,,,,,
lib/infrastructure/pipeline/orchestrator/cpp/include/admission_controller.h,shipping_src,yes,infrastructure,production,213,,,,,PENDING,0,0,0,0,,,,,,,,,,,,
lib/infrastructure/pipeline/orchestrator/cpp/include/checkpoint.h,shipping_src,yes,infrastructure,production,107,,,,,PENDING,0,0,0,0,,,,,,,,,,,,
lib/infrastructure/pipeline/orchestrator/cpp/include/cli_command.h,shipping_src,yes,infrastructure,production,54,,,,,PENDING,0,0,0,0,,,,,,,,,,,,
lib/infrastructure/pipeline/orchestrator/cpp/include/dll_loader.h,shipping_src,yes,infrastructure,production,126,,,,,PENDING,0,0,0,0,,,,,,,,,,,,
lib/infrastructure/pipeline/orchestrator/cpp/include/json_config.h,shipping_src,yes,infrastructure,production,114,,,,,PENDING,0,0,0,0,,,,,,,,,,,,
lib/infrastructure/pipeline/orchestrator/cpp/include/logger.h,shipping_src,yes,infrastructure,production,116,,,,,PENDING,0,0,0,0,,,,,,,,,,,,
lib/infrastructure/pipeline/orchestrator/cpp/include/orchestrator.h,shipping_src,yes,infrastructure,production,511,,,,,PENDING,0,0,0,0,,,,,,,,,,,,
lib/infrastructure/pipeline/orchestrator/cpp/include/resource_monitor.h,shipping_src,yes,infrastructure,production,214,,,,,PENDING,0,0,0,0,,,,,,,,,,,,
lib/infrastructure/pipeline/orchestrator/cpp/include/spill_manager.h,shipping_src,yes,infrastructure,production,211,,,,,PENDING,0,0,0,0,,,,,,,,,,,,
lib/infrastructure/pipeline/orchestrator/cpp/include/star_coord_contract.h,shipping_src,yes,infrastructure,production,61,,,,,PENDING,0,0,0,0,,,,,,,,,,,,
lib/infrastructure/pipeline/orchestrator/cpp/src/checkpoint.cpp,shipping_src,yes,infrastructure,production,794,,,,,PENDING,0,0,0,0,,,,,,,,,,,,
lib/infrastructure/pipeline/orchestrator/cpp/src/cli_command.cpp,shipping_src,yes,infrastructure,production,190,,,,,PENDING,0,0,0,0,,,,,,,,,,,,
lib/infrastructure/pipeline/orchestrator/cpp/src/dll_loader.cpp,shipping_src,yes,infrastructure,production,539,,,,,PENDING,0,0,0,0,,,,,,,,,,,,
lib/infrastructure/pipeline/orchestrator/cpp/src/json_config.cpp,shipping_src,yes,infrastructure,production,840,,,,,PENDING,0,0,0,0,,,,,,,,,,,,
lib/infrastructure/pipeline/orchestrator/cpp/src/logger.cpp,shipping_src,yes,infrastructure,production,308,,,,,PENDING,0,0,0,0,,,,,,,,,,,,
lib/infrastructure/pipeline/orchestrator/cpp/src/main.cpp,shipping_src,yes,infrastructure,production,398,,,,,PENDING,0,0,0,0,,,,,,,,,,,,
lib/infrastructure/pipeline/orchestrator/cpp/src/orchestrator.cpp,shipping_src,yes,infrastructure,production,5573,,,,,PENDING,0,0,0,0,,,,,,,,,,,,
lib/infrastructure/pipeline/orchestrator/cpp/tests/CMakeLists.txt,test,no,infrastructure,test,0,,,,,PENDING,0,0,0,0,,,,,,,,,,,,
lib/infrastructure/pipeline/orchestrator/cpp/tests/gate/gate_module_snr_extract_spy.cpp,test,no,infrastructure,test,54,,,,,PENDING,0,0,0,0,,,,,,,,,,,,
lib/infrastructure/pipeline/orchestrator/cpp/tests/gate/orchestrator_saturation_wiring_gate.cpp,test,no,infrastructure,test,357,,,,,PENDING,0,0,0,0,,,,,,,,,,,,
lib/infrastructure/pipeline/orchestrator/cpp/tests/test_checkpoint.cpp,test,no,infrastructure,test,664,,,,,PENDING,0,0,0,0,,,,,,,,,,,,
lib/infrastructure/pipeline/orchestrator/cpp/tests/test_dll_loader.cpp,test,no,infrastructure,test,364,,,,,PENDING,0,0,0,0,,,,,,,,,,,,
lib/infrastructure/pipeline/orchestrator/cpp/tests/test_logger.cpp,test,no,infrastructure,test,545,,,,,PENDING,0,0,0,0,,,,,,,,,,,,
lib/infrastructure/pipeline/orchestrator/cpp/tests/test_orchestrator_cli.cpp,test,no,infrastructure,test,1946,,,,,PENDING,0,0,0,0,,,,,,,,,,,,
lib/infrastructure/pipeline/orchestrator/cpp/tests/test_p1_batchB_fixes.cpp,test,no,infrastructure,test,229,,,,,PENDING,0,0,0,0,,,,,,,,,,,,
lib/infrastructure/pipeline/orchestrator/cpp/tests/test_p1_batchH_star_coord.cpp,test,no,infrastructure,test,205,,,,,PENDING,0,0,0,0,,,,,,,,,,,,
lib/infrastructure/pipeline/orchestrator/docs/architecture.md,doc,no,infrastructure,production,0,,,,,PENDING,0,0,0,0,,,,,,,,,,,,
lib/infrastructure/pipeline/orchestrator/memory.md,doc,no,infrastructure,production,0,,,,,PENDING,0,0,0,0,,,,,,,,,,,,
lib/infrastructure/pipeline/orchestrator/tests/__init__.py,test,no,infrastructure,test,0,,,,,PENDING,0,0,0,0,,,,,,,,,,,,
lib/infrastructure/pipeline/orchestrator/tests/test_orchestrator_e2e.py,test,no,infrastructure,test,0,,,,,PENDING,0,0,0,0,,,,,,,,,,,,
lib/infrastructure/pipeline/trace_replay.py,tool,no,infrastructure,production,0,,,,,PENDING,0,0,0,0,,,,,,,,,,,,
lib/infrastructure/pipeline/typed_dag.py,tool,no,infrastructure,production,0,,,,,PENDING,0,0,0,0,,,,,,,,,,,,
lib/infrastructure/pipeline/typed_dag.schema.json,aux,no,infrastructure,production,0,,,,,PENDING,0,0,0,0,,,,,,,,,,,,
lib/infrastructure/pipeline/typed_dag_contract.h,shipping_src,yes,infrastructure,production,122,,,,,PENDING,0,0,0,0,,,,,,,,,,,,
lib/infrastructure/scheduler/README.md,doc,no,infrastructure,production,0,,,,,PENDING,0,0,0,0,,,,,,,,,,,,
lib/infrastructure/scheduler/core/phase_lifecycle.README.md,doc,no,infrastructure,production,0,,,,,PENDING,0,0,0,0,,,,,,,,,,,,
lib/infrastructure/scheduler/core/phase_lifecycle.py,tool,no,infrastructure,production,0,,,,,PENDING,0,0,0,0,,,,,,,,,,,,
lib/infrastructure/scheduler/src/artifact.cpp,shipping_src,yes,infrastructure,production,190,,,,,PENDING,0,0,0,0,,,,,,,,,,,,
lib/infrastructure/scheduler/src/artifact_store.cpp,shipping_src,yes,infrastructure,production,178,,,,,PENDING,0,0,0,0,,,,,,,,,,,,
lib/infrastructure/scheduler/src/canonical_hash.cpp,shipping_src,yes,infrastructure,production,456,,,,,PENDING,0,0,0,0,,,,,,,,,,,,
lib/infrastructure/scheduler/src/checkpoint.cpp,shipping_src,yes,infrastructure,production,134,,,,,PENDING,0,0,0,0,,,,,,,,,,,,
lib/infrastructure/scheduler/src/context.cpp,shipping_src,yes,infrastructure,production,554,,,,,PENDING,0,0,0,0,,,,,,,,,,,,
lib/infrastructure/scheduler/src/executor.cpp,shipping_src,yes,infrastructure,production,327,,,,,PENDING,0,0,0,0,,,,,,,,,,,,
lib/infrastructure/scheduler/src/executor_runtime.h,shipping_src,yes,infrastructure,production,39,,,,,PENDING,0,0,0,0,,,,,,,,,,,,
lib/infrastructure/scheduler/src/logging.cpp,shipping_src,yes,infrastructure,production,120,,,,,PENDING,0,0,0,0,,,,,,,,,,,,
lib/infrastructure/scheduler/src/module.cpp,shipping_src,yes,infrastructure,production,179,,,,,PENDING,0,0,0,0,,,,,,,,,,,,
lib/infrastructure/scheduler/src/module_adapters.cpp,shipping_src,yes,infrastructure,production,9986,,,,,PENDING,0,0,0,0,,,,,,,,,,,,
lib/infrastructure/scheduler/src/pipeline.cpp,shipping_src,yes,infrastructure,production,349,,,,,PENDING,0,0,0,0,,,,,,,,,,,,
lib/infrastructure/scheduler/src/plan_estimator.cpp,shipping_src,yes,infrastructure,production,573,,,,,PENDING,0,0,0,0,,,,,,,,,,,,
lib/infrastructure/scheduler/src/runtime.cpp,shipping_src,yes,infrastructure,production,348,,,,,PENDING,0,0,0,0,,,,,,,,,,,,
lib/infrastructure/scheduler/src/scheduler.cpp,shipping_src,yes,infrastructure,production,372,,,,,PENDING,0,0,0,0,,,,,,,,,,,,
lib/infrastructure/scheduler/v6_budget.py,tool,no,infrastructure,production,0,,,,,PENDING,0,0,0,0,,,,,,,,,,,,
lib/phase1_session/README.md,doc,no,phase1_session,production,0,,,,,PENDING,0,0,0,0,,,,,,,,,,,,
lib/phase1_session/memory.md,doc,no,phase1_session,production,0,,,,,PENDING,0,0,0,0,,,,,,,,,,,,
lib/phase1_session/module.yaml,aux,no,phase1_session,production,0,,,,,PENDING,0,0,0,0,,,,,,,,,,,,
lib/phase1_session/p1_session.cpp,shipping_src,yes,phase1_session,production,554,,,,,PENDING,0,0,0,0,,,,,,,,,,,,
lib/phase1_session/p1_session.h,shipping_src,yes,phase1_session,production,40,,,,,PENDING,0,0,0,0,,,,,,,,,,,,
lib/phase1_session/tests/p1sess/CMakeLists.txt,test,no,phase1_session,test,0,,,,,PENDING,0,0,0,0,,,,,,,,,,,,
lib/phase1_session/tests/p1sess/p1sess_fixtures.hpp,test,no,phase1_session,test,193,,,,,PENDING,0,0,0,0,,,,,,,,,,,,
lib/phase1_session/tests/p1sess/p1sess_oracle.hpp,test,no,phase1_session,test,130,,,,,PENDING,0,0,0,0,,,,,,,,,,,,
lib/phase1_session/tests/p1sess/p1sess_test_main.hpp,test,no,phase1_session,test,169,,,,,PENDING,0,0,0,0,,,,,,,,,,,,
lib/phase1_session/tests/p1sess/p1sess_tests_main.cpp,test,no,phase1_session,test,23,,,,,PENDING,0,0,0,0,,,,,,,,,,,,
lib/phase1_session/tests/p1sess/p1sess_tests_negative.cpp,test,no,phase1_session,test,165,,,,,PENDING,0,0,0,0,,,,,,,,,,,,
lib/phase1_session/tests/p1sess/p1sess_tests_perf.cpp,test,no,phase1_session,test,115,,,,,PENDING,0,0,0,0,,,,,,,,,,,,
lib/phase1_session/tests/p1sess/p1sess_tests_properties.cpp,test,no,phase1_session,test,317,,,,,PENDING,0,0,0,0,,,,,,,,,,,,
lib/phase1_session/tests/p1sess/p1sess_tests_selfcheck.cpp,test,no,phase1_session,test,122,,,,,PENDING,0,0,0,0,,,,,,,,,,,,
lib/phase1_session/tests/p1sess/p1sess_tests_units.cpp,test,no,phase1_session,test,463,,,,,PENDING,0,0,0,0,,,,,,,,,,,,
lib/phase1_session/tests/test_p1_session_manifest.cpp,test,no,phase1_session,test,241,,,,,PENDING,0,0,0,0,,,,,,,,,,,,
lib/phase2_session/README.md,doc,no,phase2_session,production,0,,,,,PENDING,0,0,0,0,,,,,,,,,,,,
lib/phase2_session/memory.md,doc,no,phase2_session,production,0,,,,,PENDING,0,0,0,0,,,,,,,,,,,,
lib/phase2_session/module.yaml,aux,no,phase2_session,production,0,,,,,PENDING,0,0,0,0,,,,,,,,,,,,
lib/phase2_session/p2_session.cpp,shipping_src,yes,phase2_session,production,318,,,,,PENDING,0,0,0,0,,,,,,,,,,,,
lib/phase2_session/p2_session.h,shipping_src,yes,phase2_session,production,39,,,,,PENDING,0,0,0,0,,,,,,,,,,,,
lib/phase3_session/README.md,doc,no,phase3_session,production,0,,,,,PENDING,0,0,0,0,,,,,,,,,,,,
lib/phase3_session/p3_session.cpp,shipping_src,yes,phase3_session,production,441,,,,,PENDING,0,0,0,0,,,,,,,,,,,,
lib/phase3_session/p3_session.h,shipping_src,yes,phase3_session,production,40,,,,,PENDING,0,0,0,0,,,,,,,,,,,,
lib/phase3_session/p3_v6_export.cpp,shipping_src,yes,phase3_session,production,801,,,,,PENDING,0,0,0,0,,,,,,,,,,,,
lib/phase3_session/p3_v6_export.h,shipping_src,yes,phase3_session,production,214,,,,,PENDING,0,0,0,0,,,,,,,,,,,,
memory.md,root,no,root,production,0,,,,,PENDING,0,0,0,0,,,,,,,,,,,,
packaging/README.md,aux,no,packaging,production,0,,,,,PENDING,0,0,0,0,,,,,,,,,,,,
packaging/astrocs.product.json,aux,no,packaging,production,0,,,,,PENDING,0,0,0,0,,,,,,,,,,,,
packaging/check_packaging_consistency.py,aux,no,packaging,production,0,,,,,PENDING,0,0,0,0,,,,,,,,,,,,
packaging/dependency-lock.json,aux,no,packaging,production,0,,,,,PENDING,0,0,0,0,,,,,,,,,,,,
packaging/gen_sbom_input.py,aux,no,packaging,production,0,,,,,PENDING,0,0,0,0,,,,,,,,,,,,
packaging/install-tree.contract.json,aux,no,packaging,production,0,,,,,PENDING,0,0,0,0,,,,,,,,,,,,
packaging/launch/demo_gc.json,aux,no,packaging,production,0,,,,,PENDING,0,0,0,0,,,,,,,,,,,,
packaging/launch/start_browser.ps1,aux,no,packaging,production,0,,,,,PENDING,0,0,0,0,,,,,,,,,,,,
packaging/licenses/CFITSIO_LICENSE.txt,aux,no,packaging,production,0,,,,,PENDING,0,0,0,0,,,,,,,,,,,,
packaging/licenses/LICENSE-INDEX.txt,aux,no,packaging,production,0,,,,,PENDING,0,0,0,0,,,,,,,,,,,,
packaging/licenses/nlohmann_json.MIT.txt,aux,no,packaging,production,0,,,,,PENDING,0,0,0,0,,,,,,,,,,,,
packaging/schemas/astrocs-product.schema.json,aux,no,packaging,production,0,,,,,PENDING,0,0,0,0,,,,,,,,,,,,
packaging/schemas/dependency-lock.schema.json,aux,no,packaging,production,0,,,,,PENDING,0,0,0,0,,,,,,,,,,,,
packaging/schemas/install-tree-contract.schema.json,aux,no,packaging,production,0,,,,,PENDING,0,0,0,0,,,,,,,,,,,,
packaging/schemas/preset-contract.json,aux,no,packaging,production,0,,,,,PENDING,0,0,0,0,,,,,,,,,,,,
packaging/verify_install_tree.py,aux,no,packaging,production,0,,,,,PENDING,0,0,0,0,,,,,,,,,,,,
packaging/windows/.vsconfig,aux,no,packaging,production,0,,,,,PENDING,0,0,0,0,,,,,,,,,,,,
packaging/windows/README.md,aux,no,packaging,production,0,,,,,PENDING,0,0,0,0,,,,,,,,,,,,
"""reports/PROJECT-GOVERNANCE-01/AIO-001/\346\224\271\345\212\250\346\270\205\345\215\225\344\270\216\347\272\242\347\273\277\350\257\201\346\215\256.md""",aux,no,"""reports",production,0,,,,,PENDING,0,0,0,0,,,,,,,,,,,,
"""reports/PROJECT-GOVERNANCE-01/AIO-001/\350\207\252\350\257\201\346\221\230\350\246\201.md""",aux,no,"""reports",production,0,,,,,PENDING,0,0,0,0,,,,,,,,,,,,
"""reports/PROJECT-GOVERNANCE-01/P1-001/\345\244\204\347\275\256\350\241\250.md""",aux,no,"""reports",production,0,,,,,PENDING,0,0,0,0,,,,,,,,,,,,
"""reports/PROJECT-GOVERNANCE-01/P1-001/\347\277\273\350\257\221\350\241\250.md""",aux,no,"""reports",production,0,,,,,PENDING,0,0,0,0,,,,,,,,,,,,
"""reports/PROJECT-GOVERNANCE-01/P1-001/\350\207\252\350\257\201\346\221\230\350\246\201.md""",aux,no,"""reports",production,0,,,,,PENDING,0,0,0,0,,,,,,,,,,,,
"""reports/PROJECT-GOVERNANCE-01/research/DOC-SCI-001_\346\217\222\344\273\266\346\226\207\346\241\243\344\270\216\347\247\221\345\255\246\346\235\203\345\250\201\345\206\262\347\252\201\350\243\201\345\206\263.md""",aux,no,"""reports",production,0,,,,,PENDING,0,0,0,0,,,,,,,,,,,,
"""reports/PROJECT-GOVERNANCE-01/research/MASK-001_\346\216\251\350\206\234\350\257\255\344\271\211\351\207\215\346\226\260\346\216\250\345\257\274.md""",aux,no,"""reports",production,0,,,,,PENDING,0,0,0,0,,,,,,,,,,,,
"""reports/PROJECT-GOVERNANCE-01/research/R-1_\346\212\225\345\275\261WCS\346\225\260\345\255\246\346\255\243\347\241\256\346\200\247.md""",aux,no,"""reports",production,0,,,,,PENDING,0,0,0,0,,,,,,,,,,,,
"""reports/PROJECT-GOVERNANCE-01/research/R-2_phase2\346\235\203\351\207\215\344\270\216UPM\350\257\255\344\271\211.md""",aux,no,"""reports",production,0,,,,,PENDING,0,0,0,0,,,,,,,,,,,,
"""reports/PROJECT-GOVERNANCE-01/research/R-3_PSF\350\264\250\345\277\203\347\247\221\345\255\246\351\227\250\344\270\216\345\256\271\345\267\256.md""",aux,no,"""reports",production,0,,,,,PENDING,0,0,0,0,,,,,,,,,,,,
"""reports/PROJECT-GOVERNANCE-01/research/R-4_\350\265\204\346\272\220\351\227\250\344\270\216\350\247\202\346\265\213\346\235\203\345\250\201\350\220\275\347\202\271.md""",aux,no,"""reports",production,0,,,,,PENDING,0,0,0,0,,,,,,,,,,,,
"""reports/PROJECT-GOVERNANCE-01/research/R-5_\345\231\252\345\243\260SNR\344\270\216\347\273\237\350\256\241\345\217\243\345\276\204.md""",aux,no,"""reports",production,0,,,,,PENDING,0,0,0,0,,,,,,,,,,,,
"""reports/PROJECT-GOVERNANCE-01/research/R-6_\351\227\250\347\246\201\346\255\243\345\275\223\346\200\247\346\200\273\345\256\241\350\243\201\345\206\263\347\231\273\350\256\260\351\235\242.md""",aux,no,"""reports",production,0,,,,,PENDING,0,0,0,0,,,,,,,,,,,,
"""reports/PROJECT-GOVERNANCE-01/research/R-7_AIO_HIPS_ABI\344\270\216\347\262\276\345\272\246.md""",aux,no,"""reports",production,0,,,,,PENDING,0,0,0,0,,,,,,,,,,,,
"""reports/PROJECT-GOVERNANCE-01/root/deleted-manifest/\350\256\276\350\256\241\345\244\247\347\272\262.sha256""",aux,no,"""reports",production,0,,,,,PENDING,0,0,0,0,,,,,,,,,,,,
"""reports/PROJECT-GOVERNANCE-01/root/deleted-manifest/\350\256\276\350\256\241\345\244\247\347\272\262.tracked-files-344.txt""",aux,no,"""reports",production,0,,,,,PENDING,0,0,0,0,,,,,,,,,,,,
"""reports/review-package-20260915/00_\345\257\274\350\257\273.md""",aux,no,"""reports",production,0,,,,,PENDING,0,0,0,0,,,,,,,,,,,,
"""reports/review-package-20260915/01_\345\267\245\344\275\234\346\200\273\350\247\210_V3\350\207\263\344\273\212.md""",aux,no,"""reports",production,0,,,,,PENDING,0,0,0,0,,,,,,,,,,,,
"""reports/review-package-20260915/02_\345\276\205\350\243\201\345\206\263\346\270\205\345\215\225.md""",aux,no,"""reports",production,0,,,,,PENDING,0,0,0,0,,,,,,,,,,,,
"""reports/review-package-20260915/03_\347\274\272\351\231\267\350\264\246\346\234\254/DEFECT_LEDGER.json""",aux,no,"""reports",production,0,,,,,PENDING,0,0,0,0,,,,,,,,,,,,
"""reports/review-package-20260915/03_\347\274\272\351\231\267\350\264\246\346\234\254/DEFECT_LEDGER.md""",aux,no,"""reports",production,0,,,,,PENDING,0,0,0,0,,,,,,,,,,,,
"""reports/review-package-20260915/03_\347\274\272\351\231\267\350\264\246\346\234\254/DEFECT_STATS.md""",aux,no,"""reports",production,0,,,,,PENDING,0,0,0,0,,,,,,,,,,,,
"""reports/review-package-20260915/03_\347\274\272\351\231\267\350\264\246\346\234\254/METHOD.md""",aux,no,"""reports",production,0,,,,,PENDING,0,0,0,0,,,,,,,,,,,,
"""reports/review-package-20260915/03_\347\274\272\351\231\267\350\264\246\346\234\254/OWNER_ITEMS.md""",aux,no,"""reports",production,0,,,,,PENDING,0,0,0,0,,,,,,,,,,,,
"""reports/review-package-20260915/03_\347\274\272\351\231\267\350\264\246\346\234\254/ROOT_CAUSES.md""",aux,no,"""reports",production,0,,,,,PENDING,0,0,0,0,,,,,,,,,,,,
"""reports/review-package-20260915/03_\347\274\272\351\231\267\350\264\246\346\234\254/_stats.json""",aux,no,"""reports",production,0,,,,,PENDING,0,0,0,0,,,,,,,,,,,,
"""reports/review-package-20260915/04_\350\256\276\350\256\241\345\244\247\347\272\262\347\273\274\350\277\260/CALIBER_EVOLUTION.md""",aux,no,"""reports",production,0,,,,,PENDING,0,0,0,0,,,,,,,,,,,,
"""reports/review-package-20260915/04_\350\256\276\350\256\241\345\244\247\347\272\262\347\273\274\350\277\260/METHOD.md""",aux,no,"""reports",production,0,,,,,PENDING,0,0,0,0,,,,,,,,,,,,
"""reports/review-package-20260915/04_\350\256\276\350\256\241\345\244\247\347\272\262\347\273\274\350\277\260/OPEN_QUESTIONS.md""",aux,no,"""reports",production,0,,,,,PENDING,0,0,0,0,,,,,,,,,,,,
"""reports/review-package-20260915/04_\350\256\276\350\256\241\345\244\247\347\272\262\347\273\274\350\277\260/OUTLINE_SUMMARY.md""",aux,no,"""reports",production,0,,,,,PENDING,0,0,0,0,,,,,,,,,,,,
"""reports/review-package-20260915/04_\350\256\276\350\256\241\345\244\247\347\272\262\347\273\274\350\277\260/TIMELINE.md""",aux,no,"""reports",production,0,,,,,PENDING,0,0,0,0,,,,,,,,,,,,
"""reports/review-package-20260915/05_\351\252\214\346\224\266\344\270\216\350\257\201\346\215\256\347\264\242\345\274\225.md""",aux,no,"""reports",production,0,,,,,PENDING,0,0,0,0,,,,,,,,,,,,
"""reports/review-package-20260915/06_\344\270\213\351\230\266\346\256\265\346\226\271\345\220\221\351\200\211\351\241\271.md""",aux,no,"""reports",production,0,,,,,PENDING,0,0,0,0,,,,,,,,,,,,
"""reports/review-package-20260915/07_\347\256\227\346\263\225\346\216\250\345\257\274_SNR.md""",aux,no,"""reports",production,0,,,,,PENDING,0,0,0,0,,,,,,,,,,,,
"""reports/review-package-20260915/08_\347\256\227\346\263\225\346\216\250\345\257\274_drizzle.md""",aux,no,"""reports",production,0,,,,,PENDING,0,0,0,0,,,,,,,,,,,,
"""reports/review-package-20260915/09_\350\260\203\345\272\246\351\227\256\351\242\230\344\270\216\346\216\250\345\257\274.md""",aux,no,"""reports",production,0,,,,,PENDING,0,0,0,0,,,,,,,,,,,,
"""reports/v6/contract-review/00_\345\257\274\350\257\273.md""",aux,no,"""reports",production,0,,,,,PENDING,0,0,0,0,,,,,,,,,,,,
"""reports/v6/owner-package/00_\345\257\274\350\257\273.md""",aux,no,"""reports",production,0,,,,,PENDING,0,0,0,0,,,,,,,,,,,,
"""reports/v6/release-review/00_\345\257\274\350\257\273.md""",aux,no,"""reports",production,0,,,,,PENDING,0,0,0,0,,,,,,,,,,,,
"""reports/v6/review-audit/00_\345\257\274\350\257\273.md""",aux,no,"""reports",production,0,,,,,PENDING,0,0,0,0,,,,,,,,,,,,
"""reports/v6/review-audit/01_\350\246\206\347\233\226\345\205\263\347\263\273\346\200\273\350\241\250.md""",aux,no,"""reports",production,0,,,,,PENDING,0,0,0,0,,,,,,,,,,,,
"""reports/v6/review-audit/02_V3_V4_V5_V6_\350\243\201\345\206\263\345\257\271\347\205\247.md""",aux,no,"""reports",production,0,,,,,PENDING,0,0,0,0,,,,,,,,,,,,
"""reports/v6/review-audit/03_\347\274\272\351\231\267\350\264\246\346\234\254_\351\207\215\345\274\200\346\270\205\345\215\225.md""",aux,no,"""reports",production,0,,,,,PENDING,0,0,0,0,,,,,,,,,,,,
"""reports/v6/review-audit/04_\350\246\206\347\233\226\347\274\272\345\217\243\344\270\216\346\226\207\346\241\243\345\206\262\347\252\201.md""",aux,no,"""reports",production,0,,,,,PENDING,0,0,0,0,,,,,,,,,,,,
"""reports/v6/review-audit/05_\346\234\252\345\206\263\351\243\216\351\231\251\344\270\216\346\216\247\345\210\266\345\231\250\350\243\201\345\206\263\344\272\213\351\241\271.md""",aux,no,"""reports",production,0,,,,,PENDING,0,0,0,0,,,,,,,,,,,,
"""reports/v6/review-audit/06_\346\226\271\346\263\225\344\270\216\345\244\215\347\216\260.md""",aux,no,"""reports",production,0,,,,,PENDING,0,0,0,0,,,,,,,,,,,,
reverse_verify/CMakeLists.txt,aux,no,reverse_verify,production,0,,,,,PENDING,0,0,0,0,,,,,,,,,,,,
reverse_verify/README.md,aux,no,reverse_verify,production,0,,,,,PENDING,0,0,0,0,,,,,,,,,,,,
reverse_verify/data/README.md,aux,no,reverse_verify,production,0,,,,,PENDING,0,0,0,0,,,,,,,,,,,,
reverse_verify/data/real/README.md,aux,no,reverse_verify,production,0,,,,,PENDING,0,0,0,0,,,,,,,,,,,,
reverse_verify/data/real/m16_scene_index.json,aux,no,reverse_verify,production,0,,,,,PENDING,0,0,0,0,,,,,,,,,,,,
reverse_verify/data/synthetic/before_stackn32/CHANGES.md,aux,no,reverse_verify,production,0,,,,,PENDING,0,0,0,0,,,,,,,,,,,,
reverse_verify/data/synthetic/before_stackn32/scenes/m16_band_matrix.json,aux,no,reverse_verify,production,0,,,,,PENDING,0,0,0,0,,,,,,,,,,,,
reverse_verify/data/synthetic/before_stackn32/scenes/m16_dark_lowsnr.json,aux,no,reverse_verify,production,0,,,,,PENDING,0,0,0,0,,,,,,,,,,,,
reverse_verify/data/synthetic/before_stackn32/scenes/m16_nebula_core.json,aux,no,reverse_verify,production,0,,,,,PENDING,0,0,0,0,,,,,,,,,,,,
reverse_verify/data/synthetic/before_stackn32/scenes/m16_starfield.json,aux,no,reverse_verify,production,0,,,,,PENDING,0,0,0,0,,,,,,,,,,,,
reverse_verify/data/synthetic/datasets.json,aux,no,reverse_verify,production,0,,,,,PENDING,0,0,0,0,,,,,,,,,,,,
reverse_verify/data/synthetic/generate.py,aux,no,reverse_verify,production,0,,,,,PENDING,0,0,0,0,,,,,,,,,,,,
reverse_verify/docs/.gitkeep,aux,no,reverse_verify,production,0,,,,,PENDING,0,0,0,0,,,,,,,,,,,,
reverse_verify/docs/f-instr-canon.md,aux,no,reverse_verify,production,0,,,,,PENDING,0,0,0,0,,,,,,,,,,,,
reverse_verify/docs/frame-snr-canon.md,aux,no,reverse_verify,production,0,,,,,PENDING,0,0,0,0,,,,,,,,,,,,
reverse_verify/docs/p1-spatial-gain.md,aux,no,reverse_verify,production,0,,,,,PENDING,0,0,0,0,,,,,,,,,,,,
reverse_verify/docs/smooth-lambda.md,aux,no,reverse_verify,production,0,,,,,PENDING,0,0,0,0,,,,,,,,,,,,
reverse_verify/docs/snr-propagation-design.md,aux,no,reverse_verify,production,0,,,,,PENDING,0,0,0,0,,,,,,,,,,,,
reverse_verify/experiments/.gitkeep,aux,no,reverse_verify,production,0,,,,,PENDING,0,0,0,0,,,,,,,,,,,,
reverse_verify/experiments/data_matrix/dtmlib.py,aux,no,reverse_verify,production,0,,,,,PENDING,0,0,0,0,,,,,,,,,,,,
reverse_verify/experiments/data_matrix/exp1_sky_poisson_snr.py,aux,no,reverse_verify,production,0,,,,,PENDING,0,0,0,0,,,,,,,,,,,,
reverse_verify/experiments/data_matrix/exp2_mosaic_shape_difference.py,aux,no,reverse_verify,production,0,,,,,PENDING,0,0,0,0,,,,,,,,,,,,
reverse_verify/experiments/data_matrix/exp3_variance_closure.py,aux,no,reverse_verify,production,0,,,,,PENDING,0,0,0,0,,,,,,,,,,,,
reverse_verify/experiments/f_instr/README.md,aux,no,reverse_verify,production,0,,,,,PENDING,0,0,0,0,,,,,,,,,,,,
reverse_verify/experiments/f_instr/exp0_scene_and_noise.py,aux,no,reverse_verify,production,0,,,,,PENDING,0,0,0,0,,,,,,,,,,,,
reverse_verify/experiments/f_instr/exp1_recovery.py,aux,no,reverse_verify,production,0,,,,,PENDING,0,0,0,0,,,,,,,,,,,,
reverse_verify/experiments/f_instr/exp2_aperture_dependence.py,aux,no,reverse_verify,production,0,,,,,PENDING,0,0,0,0,,,,,,,,,,,,
reverse_verify/experiments/f_instr/exp3_seeing_null.py,aux,no,reverse_verify,production,0,,,,,PENDING,0,0,0,0,,,,,,,,,,,,
reverse_verify/experiments/f_instr/exp4_gain_recovery.py,aux,no,reverse_verify,production,0,,,,,PENDING,0,0,0,0,,,,,,,,,,,,
reverse_verify/experiments/f_instr/exp5_psf_shape.py,aux,no,reverse_verify,production,0,,,,,PENDING,0,0,0,0,,,,,,,,,,,,
reverse_verify/experiments/f_instr/f_instr_lib.py,aux,no,reverse_verify,production,0,,,,,PENDING,0,0,0,0,,,,,,,,,,,,
reverse_verify/experiments/f_instr/run_all.sh,aux,no,reverse_verify,production,0,,,,,PENDING,0,0,0,0,,,,,,,,,,,,
reverse_verify/experiments/frame_snr/README.md,aux,no,reverse_verify,production,0,,,,,PENDING,0,0,0,0,,,,,,,,,,,,
reverse_verify/experiments/frame_snr/branch_discriminator.py,aux,no,reverse_verify,production,0,,,,,PENDING,0,0,0,0,,,,,,,,,,,,
reverse_verify/experiments/frame_snr/cpp/p1snr_probe.cpp,aux,no,reverse_verify,production,35,,,,,PENDING,0,0,0,0,,,,,,,,,,,,
reverse_verify/experiments/frame_snr/crosscheck_photutils.py,aux,no,reverse_verify,production,0,,,,,PENDING,0,0,0,0,,,,,,,,,,,,
reverse_verify/experiments/frame_snr/frame_snr_canon.py,aux,no,reverse_verify,production,0,,,,,PENDING,0,0,0,0,,,,,,,,,,,,
reverse_verify/experiments/frame_snr/frame_snr_physical.py,aux,no,reverse_verify,production,0,,,,,PENDING,0,0,0,0,,,,,,,,,,,,
reverse_verify/experiments/frame_snr/inventory_p1_snr.py,aux,no,reverse_verify,production,0,,,,,PENDING,0,0,0,0,,,,,,,,,,,,
reverse_verify/experiments/frame_snr/run_all.sh,aux,no,reverse_verify,production,0,,,,,PENDING,0,0,0,0,,,,,,,,,,,,
reverse_verify/experiments/frame_snr/run_redlines.py,aux,no,reverse_verify,production,0,,,,,PENDING,0,0,0,0,,,,,,,,,,,,
reverse_verify/experiments/frame_snr/run_redlines_physical.py,aux,no,reverse_verify,production,0,,,,,PENDING,0,0,0,0,,,,,,,,,,,,
reverse_verify/experiments/m16_scene/README.md,aux,no,reverse_verify,production,0,,,,,PENDING,0,0,0,0,,,,,,,,,,,,
reverse_verify/experiments/m16_scene/exp_a6_seeing_aperture.py,aux,no,reverse_verify,production,0,,,,,PENDING,0,0,0,0,,,,,,,,,,,,
reverse_verify/experiments/m16_scene/exp_realbase_consistency.py,aux,no,reverse_verify,production,0,,,,,PENDING,0,0,0,0,,,,,,,,,,,,
reverse_verify/experiments/m16_scene/exp_variance_closure.py,aux,no,reverse_verify,production,0,,,,,PENDING,0,0,0,0,,,,,,,,,,,,
reverse_verify/experiments/p1_spatial_gain/README.md,aux,no,reverse_verify,production,0,,,,,PENDING,0,0,0,0,,,,,,,,,,,,
reverse_verify/experiments/p1_spatial_gain/cpp/p1sg_oracle.cpp,aux,no,reverse_verify,production,518,,,,,PENDING,0,0,0,0,,,,,,,,,,,,
reverse_verify/experiments/p1_spatial_gain/data/aperture_probe.json,aux,no,reverse_verify,production,0,,,,,PENDING,0,0,0,0,,,,,,,,,,,,
reverse_verify/experiments/p1_spatial_gain/data/real_analysis.json,aux,no,reverse_verify,production,0,,,,,PENDING,0,0,0,0,,,,,,,,,,,,
reverse_verify/experiments/p1_spatial_gain/data/real_gain.json,aux,no,reverse_verify,production,0,,,,,PENDING,0,0,0,0,,,,,,,,,,,,
reverse_verify/experiments/p1_spatial_gain/data/real_pixel_check.json,aux,no,reverse_verify,production,0,,,,,PENDING,0,0,0,0,,,,,,,,,,,,
reverse_verify/experiments/p1_spatial_gain/data/real_ridge.json,aux,no,reverse_verify,production,0,,,,,PENDING,0,0,0,0,,,,,,,,,,,,
reverse_verify/experiments/p1_spatial_gain/data/synth_results.json,aux,no,reverse_verify,production,0,,,,,PENDING,0,0,0,0,,,,,,,,,,,,
reverse_verify/experiments/p1_spatial_gain/src/analyze_real.py,aux,no,reverse_verify,production,0,,,,,PENDING,0,0,0,0,,,,,,,,,,,,
reverse_verify/experiments/p1_spatial_gain/src/aperture_probe.py,aux,no,reverse_verify,production,0,,,,,PENDING,0,0,0,0,,,,,,,,,,,,
reverse_verify/experiments/p1_spatial_gain/src/real_gain.py,aux,no,reverse_verify,production,0,,,,,PENDING,0,0,0,0,,,,,,,,,,,,
reverse_verify/experiments/p1_spatial_gain/src/real_pixel_check.py,aux,no,reverse_verify,production,0,,,,,PENDING,0,0,0,0,,,,,,,,,,,,
reverse_verify/experiments/p1_spatial_gain/src/real_ridge.py,aux,no,reverse_verify,production,0,,,,,PENDING,0,0,0,0,,,,,,,,,,,,
reverse_verify/experiments/p1_spatial_gain/src/wcs_lib.py,aux,no,reverse_verify,production,0,,,,,PENDING,0,0,0,0,,,,,,,,,,,,
reverse_verify/experiments/p7_noise/exp1_injection_recovery.py,aux,no,reverse_verify,production,0,,,,,PENDING,0,0,0,0,,,,,,,,,,,,
reverse_verify/experiments/p7_noise/exp2_snr_calibration.py,aux,no,reverse_verify,production,0,,,,,PENDING,0,0,0,0,,,,,,,,,,,,
reverse_verify/experiments/p7_noise/exp3_sky_scan.py,aux,no,reverse_verify,production,0,,,,,PENDING,0,0,0,0,,,,,,,,,,,,
reverse_verify/experiments/p7_noise/exp4_scatter_sp0.py,aux,no,reverse_verify,production,0,,,,,PENDING,0,0,0,0,,,,,,,,,,,,
reverse_verify/experiments/p7_noise/make_figures.py,aux,no,reverse_verify,production,0,,,,,PENDING,0,0,0,0,,,,,,,,,,,,
reverse_verify/experiments/p7_noise/p7lib.py,aux,no,reverse_verify,production,0,,,,,PENDING,0,0,0,0,,,,,,,,,,,,
reverse_verify/experiments/smooth_lambda/CRITERIA.md,aux,no,reverse_verify,production,0,,,,,PENDING,0,0,0,0,,,,,,,,,,,,
reverse_verify/experiments/smooth_lambda/adaptive.py,aux,no,reverse_verify,production,0,,,,,PENDING,0,0,0,0,,,,,,,,,,,,
reverse_verify/experiments/smooth_lambda/analyze.py,aux,no,reverse_verify,production,0,,,,,PENDING,0,0,0,0,,,,,,,,,,,,
reverse_verify/experiments/smooth_lambda/build.sh,aux,no,reverse_verify,production,0,,,,,PENDING,0,0,0,0,,,,,,,,,,,,
reverse_verify/experiments/smooth_lambda/convert_real.py,aux,no,reverse_verify,production,0,,,,,PENDING,0,0,0,0,,,,,,,,,,,,
reverse_verify/experiments/smooth_lambda/describe_real.py,aux,no,reverse_verify,production,0,,,,,PENDING,0,0,0,0,,,,,,,,,,,,
reverse_verify/experiments/smooth_lambda/gen_all.sh,aux,no,reverse_verify,production,0,,,,,PENDING,0,0,0,0,,,,,,,,,,,,
reverse_verify/experiments/smooth_lambda/gen_synth.py,aux,no,reverse_verify,production,0,,,,,PENDING,0,0,0,0,,,,,,,,,,,,
reverse_verify/experiments/smooth_lambda/probe_real.py,aux,no,reverse_verify,production,0,,,,,PENDING,0,0,0,0,,,,,,,,,,,,
reverse_verify/experiments/smooth_lambda/real_fidelity.py,aux,no,reverse_verify,production,0,,,,,PENDING,0,0,0,0,,,,,,,,,,,,
reverse_verify/experiments/smooth_lambda/report.py,aux,no,reverse_verify,production,0,,,,,PENDING,0,0,0,0,,,,,,,,,,,,
reverse_verify/experiments/smooth_lambda/run_mosaic_ls.sh,aux,no,reverse_verify,production,0,,,,,PENDING,0,0,0,0,,,,,,,,,,,,
reverse_verify/experiments/smooth_lambda/seam_compare.py,aux,no,reverse_verify,production,0,,,,,PENDING,0,0,0,0,,,,,,,,,,,,
reverse_verify/experiments/smooth_lambda/seam_product.py,aux,no,reverse_verify,production,0,,,,,PENDING,0,0,0,0,,,,,,,,,,,,
reverse_verify/experiments/smooth_lambda/sweep_all.sh,aux,no,reverse_verify,production,0,,,,,PENDING,0,0,0,0,,,,,,,,,,,,
reverse_verify/experiments/smooth_lambda/upm_sweep.cpp,aux,no,reverse_verify,production,290,,,,,PENDING,0,0,0,0,,,,,,,,,,,,
reverse_verify/experiments/snr_design/README.md,aux,no,reverse_verify,production,0,,,,,PENDING,0,0,0,0,,,,,,,,,,,,
reverse_verify/experiments/snr_design/audit/audit_exp1245.json,aux,no,reverse_verify,production,0,,,,,PENDING,0,0,0,0,,,,,,,,,,,,
reverse_verify/experiments/snr_design/audit/audit_exp1245.py,aux,no,reverse_verify,production,0,,,,,PENDING,0,0,0,0,,,,,,,,,,,,
reverse_verify/experiments/snr_design/audit/audit_exp3_physical.json,aux,no,reverse_verify,production,0,,,,,PENDING,0,0,0,0,,,,,,,,,,,,
reverse_verify/experiments/snr_design/audit/audit_exp3_physical.py,aux,no,reverse_verify,production,0,,,,,PENDING,0,0,0,0,,,,,,,,,,,,
reverse_verify/experiments/snr_design/audit/audit_mosaic_shape.json,aux,no,reverse_verify,production,0,,,,,PENDING,0,0,0,0,,,,,,,,,,,,
reverse_verify/experiments/snr_design/audit/audit_mosaic_shape.py,aux,no,reverse_verify,production,0,,,,,PENDING,0,0,0,0,,,,,,,,,,,,
reverse_verify/experiments/snr_design/audit/audit_sim_validation.json,aux,no,reverse_verify,production,0,,,,,PENDING,0,0,0,0,,,,,,,,,,,,
reverse_verify/experiments/snr_design/audit/audit_sim_validation.py,aux,no,reverse_verify,production,0,,,,,PENDING,0,0,0,0,,,,,,,,,,,,
reverse_verify/experiments/snr_design/audit/audit_sp0.json,aux,no,reverse_verify,production,0,,,,,PENDING,0,0,0,0,,,,,,,,,,,,
reverse_verify/experiments/snr_design/audit/audit_sp0.py,aux,no,reverse_verify,production,0,,,,,PENDING,0,0,0,0,,,,,,,,,,,,
reverse_verify/experiments/snr_design/audit/physnoise.py,aux,no,reverse_verify,production,0,,,,,PENDING,0,0,0,0,,,,,,,,,,,,
reverse_verify/experiments/snr_design/audit/run_all_audit.sh,aux,no,reverse_verify,production,0,,,,,PENDING,0,0,0,0,,,,,,,,,,,,
reverse_verify/experiments/snr_design/exp1_weight_penalty.json,aux,no,reverse_verify,production,0,,,,,PENDING,0,0,0,0,,,,,,,,,,,,
reverse_verify/experiments/snr_design/exp1_weight_penalty.py,aux,no,reverse_verify,production,0,,,,,PENDING,0,0,0,0,,,,,,,,,,,,
reverse_verify/experiments/snr_design/exp2_sparse_snr_reconstruction.json,aux,no,reverse_verify,production,0,,,,,PENDING,0,0,0,0,,,,,,,,,,,,
reverse_verify/experiments/snr_design/exp2_sparse_snr_reconstruction.py,aux,no,reverse_verify,production,0,,,,,PENDING,0,0,0,0,,,,,,,,,,,,
reverse_verify/experiments/snr_design/exp3.log,aux,no,reverse_verify,production,0,,,,,PENDING,0,0,0,0,,,,,,,,,,,,
reverse_verify/experiments/snr_design/exp3_multiframe_weight_penalty.json,aux,no,reverse_verify,production,0,,,,,PENDING,0,0,0,0,,,,,,,,,,,,
reverse_verify/experiments/snr_design/exp3_multiframe_weight_penalty.py,aux,no,reverse_verify,production,0,,,,,PENDING,0,0,0,0,,,,,,,,,,,,
reverse_verify/experiments/snr_design/exp4_kriging_scaling.json,aux,no,reverse_verify,production,0,,,,,PENDING,0,0,0,0,,,,,,,,,,,,
reverse_verify/experiments/snr_design/exp4_kriging_scaling.py,aux,no,reverse_verify,production,0,,,,,PENDING,0,0,0,0,,,,,,,,,,,,
reverse_verify/experiments/snr_design/exp5_error_budget.json,aux,no,reverse_verify,production,0,,,,,PENDING,0,0,0,0,,,,,,,,,,,,
reverse_verify/experiments/snr_design/exp5_error_budget.py,aux,no,reverse_verify,production,0,,,,,PENDING,0,0,0,0,,,,,,,,,,,,
reverse_verify/experiments/snr_design/run_all.sh,aux,no,reverse_verify,production,0,,,,,PENDING,0,0,0,0,,,,,,,,,,,,
reverse_verify/references/README.md,aux,no,reverse_verify,production,0,,,,,PENDING,0,0,0,0,,,,,,,,,,,,
reverse_verify/references/bibliography.bib,aux,no,reverse_verify,production,0,,,,,PENDING,0,0,0,0,,,,,,,,,,,,
reverse_verify/references/bibliography.md,aux,no,reverse_verify,production,0,,,,,PENDING,0,0,0,0,,,,,,,,,,,,
reverse_verify/references/f-instr-survey.md,aux,no,reverse_verify,production,0,,,,,PENDING,0,0,0,0,,,,,,,,,,,,
reverse_verify/references/frame-snr-survey.md,aux,no,reverse_verify,production,0,,,,,PENDING,0,0,0,0,,,,,,,,,,,,
reverse_verify/synthetic/.gitkeep,aux,no,reverse_verify,production,0,,,,,PENDING,0,0,0,0,,,,,,,,,,,,
reverse_verify/synthetic/README.md,aux,no,reverse_verify,production,0,,,,,PENDING,0,0,0,0,,,,,,,,,,,,
reverse_verify/synthetic/gainlib.py,aux,no,reverse_verify,production,0,,,,,PENDING,0,0,0,0,,,,,,,,,,,,
reverse_verify/synthetic/m16_mask.py,aux,no,reverse_verify,production,0,,,,,PENDING,0,0,0,0,,,,,,,,,,,,
reverse_verify/synthetic/m16_scene.py,aux,no,reverse_verify,production,0,,,,,PENDING,0,0,0,0,,,,,,,,,,,,
reverse_verify/synthetic/noise_model.py,aux,no,reverse_verify,production,0,,,,,PENDING,0,0,0,0,,,,,,,,,,,,
reverse_verify/synthetic/noise_selftest.py,aux,no,reverse_verify,production,0,,,,,PENDING,0,0,0,0,,,,,,,,,,,,
reverse_verify/synthetic/render.py,aux,no,reverse_verify,production,0,,,,,PENDING,0,0,0,0,,,,,,,,,,,,
reverse_verify/synthetic/scenes/common_mode_overlap.json,aux,no,reverse_verify,production,0,,,,,PENDING,0,0,0,0,,,,,,,,,,,,
reverse_verify/synthetic/scenes/high_sky_low_snr.json,aux,no,reverse_verify,production,0,,,,,PENDING,0,0,0,0,,,,,,,,,,,,
reverse_verify/synthetic/scenes/hst_m16_realbase.json,aux,no,reverse_verify,production,0,,,,,PENDING,0,0,0,0,,,,,,,,,,,,
reverse_verify/synthetic/scenes/m16_band_matrix.json,aux,no,reverse_verify,production,0,,,,,PENDING,0,0,0,0,,,,,,,,,,,,
reverse_verify/synthetic/scenes/m16_dark_lowsnr.json,aux,no,reverse_verify,production,0,,,,,PENDING,0,0,0,0,,,,,,,,,,,,
reverse_verify/synthetic/scenes/m16_nebula_core.json,aux,no,reverse_verify,production,0,,,,,PENDING,0,0,0,0,,,,,,,,,,,,
reverse_verify/synthetic/scenes/m16_starfield.json,aux,no,reverse_verify,production,0,,,,,PENDING,0,0,0,0,,,,,,,,,,,,
reverse_verify/synthetic/scenes/mosaic_diff_pointing_analytic.json,aux,no,reverse_verify,production,0,,,,,PENDING,0,0,0,0,,,,,,,,,,,,
reverse_verify/synthetic/scenes/mosaic_diff_pointing_highsky.json,aux,no,reverse_verify,production,0,,,,,PENDING,0,0,0,0,,,,,,,,,,,,
reverse_verify/synthetic/scenes/mosaic_diff_pointing_realbase.json,aux,no,reverse_verify,production,0,,,,,PENDING,0,0,0,0,,,,,,,,,,,,
reverse_verify/synthetic/scenes/nebula_core_m42_analytic.json,aux,no,reverse_verify,production,0,,,,,PENDING,0,0,0,0,,,,,,,,,,,,
reverse_verify/synthetic/scenes/nebula_core_m42_realbase.json,aux,no,reverse_verify,production,0,,,,,PENDING,0,0,0,0,,,,,,,,,,,,
reverse_verify/synthetic/scenes/sparse_field.json,aux,no,reverse_verify,production,0,,,,,PENDING,0,0,0,0,,,,,,,,,,,,
reverse_verify/synthetic/scenes/starfield_general.json,aux,no,reverse_verify,production,0,,,,,PENDING,0,0,0,0,,,,,,,,,,,,
reverse_verify/synthetic/scenes/sweep_band.json,aux,no,reverse_verify,production,0,,,,,PENDING,0,0,0,0,,,,,,,,,,,,
reverse_verify/synthetic/scenes/sweep_exposure.json,aux,no,reverse_verify,production,0,,,,,PENDING,0,0,0,0,,,,,,,,,,,,
reverse_verify/synthetic/scenes/sweep_instrument.json,aux,no,reverse_verify,production,0,,,,,PENDING,0,0,0,0,,,,,,,,,,,,
reverse_verify/synthetic/scenes/sweep_seeing.json,aux,no,reverse_verify,production,0,,,,,PENDING,0,0,0,0,,,,,,,,,,,,
reverse_verify/synthetic/scenes/sweep_sky.json,aux,no,reverse_verify,production,0,,,,,PENDING,0,0,0,0,,,,,,,,,,,,
reverse_verify/synthetic/synth_gain.py,aux,no,reverse_verify,production,0,,,,,PENDING,0,0,0,0,,,,,,,,,,,,
run/.gitkeep,aux,no,run,production,0,,,,,PENDING,0,0,0,0,,,,,,,,,,,,
scripts/README.md,aux,no,scripts,production,0,,,,,PENDING,0,0,0,0,,,,,,,,,,,,
tests/__init__.py,aux,no,tests,production,0,,,,,PENDING,0,0,0,0,,,,,,,,,,,,
tests/abi/abi002_lifecycle_probe.c,aux,no,tests,production,297,,,,,PENDING,0,0,0,0,,,,,,,,,,,,
tests/abi/abi003_loader_probe.c,aux,no,tests,production,150,,,,,PENDING,0,0,0,0,,,,,,,,,,,,
tests/abi/abi004_registry_probe.c,aux,no,tests,production,150,,,,,PENDING,0,0,0,0,,,,,,,,,,,,
tests/abi/mod001_install_load_check.py,aux,no,tests,production,0,,,,,PENDING,0,0,0,0,,,,,,,,,,,,
tests/abi/test_abi002_lifecycle.py,aux,no,tests,production,0,,,,,PENDING,0,0,0,0,,,,,,,,,,,,
tests/abi/test_abi005_echo.py,aux,no,tests,production,0,,,,,PENDING,0,0,0,0,,,,,,,,,,,,
tests/abi/test_mod001_install_load_check.py,aux,no,tests,production,0,,,,,PENDING,0,0,0,0,,,,,,,,,,,,
tests/abi/test_module_registry.py,aux,no,tests,production,0,,,,,PENDING,0,0,0,0,,,,,,,,,,,,
tests/abi/test_secure_loader.py,aux,no,tests,production,0,,,,,PENDING,0,0,0,0,,,,,,,,,,,,
tests/api/__init__.py,aux,no,tests,production,0,,,,,PENDING,0,0,0,0,,,,,,,,,,,,
tests/api/test_cli_protocol.py,aux,no,tests,production,0,,,,,PENDING,0,0,0,0,,,,,,,,,,,,
tests/api/test_common_abi.py,aux,no,tests,production,0,,,,,PENDING,0,0,0,0,,,,,,,,,,,,
tests/api/test_p1_api.py,aux,no,tests,production,0,,,,,PENDING,0,0,0,0,,,,,,,,,,,,
tests/api/test_p2_api.py,aux,no,tests,production,0,,,,,PENDING,0,0,0,0,,,,,,,,,,,,
tests/api/test_p3_api.py,aux,no,tests,production,0,,,,,PENDING,0,0,0,0,,,,,,,,,,,,
tests/api/test_reject_integration_oracle.py,aux,no,tests,production,0,,,,,PENDING,0,0,0,0,,,,,,,,,,,,
tests/api/test_reject_parallel.py,aux,no,tests,production,0,,,,,PENDING,0,0,0,0,,,,,,,,,,,,
tests/api/test_seam_metric_gate.py,aux,no,tests,production,0,,,,,PENDING,0,0,0,0,,,,,,,,,,,,
tests/api/test_upm_parallel.py,aux,no,tests,production,0,,,,,PENDING,0,0,0,0,,,,,,,,,,,,
tests/api/test_upm_recovery_oracle.py,aux,no,tests,production,0,,,,,PENDING,0,0,0,0,,,,,,,,,,,,
tests/arch/__init__.py,aux,no,tests,production,0,,,,,PENDING,0,0,0,0,,,,,,,,,,,,
tests/arch/test_backend_arch.py,aux,no,tests,production,0,,,,,PENDING,0,0,0,0,,,,,,,,,,,,
tests/arch/test_budget_contract.py,aux,no,tests,production,0,,,,,PENDING,0,0,0,0,,,,,,,,,,,,
tests/arch/test_inventory.py,aux,no,tests,production,0,,,,,PENDING,0,0,0,0,,,,,,,,,,,,
tests/arch/test_inventory_generator.py,aux,no,tests,production,0,,,,,PENDING,0,0,0,0,,,,,,,,,,,,
tests/arch/test_phase3_module_arch.py,aux,no,tests,production,0,,,,,PENDING,0,0,0,0,,,,,,,,,,,,
tests/arch/test_single_cli.py,aux,no,tests,production,0,,,,,PENDING,0,0,0,0,,,,,,,,,,,,
tests/arch/test_thread_budget.py,aux,no,tests,production,0,,,,,PENDING,0,0,0,0,,,,,,,,,,,,
tests/artifact/test_manifest_schema_negative.py,aux,no,tests,production,0,,,,,PENDING,0,0,0,0,,,,,,,,,,,,
tests/artifact/test_phase_product_exchange.py,aux,no,tests,production,0,,,,,PENDING,0,0,0,0,,,,,,,,,,,,
tests/artifact/test_production_store.py,aux,no,tests,production,0,,,,,PENDING,0,0,0,0,,,,,,,,,,,,
tests/artifact/test_provenance.py,aux,no,tests,production,0,,,,,PENDING,0,0,0,0,,,,,,,,,,,,
tests/backend/__init__.py,aux,no,tests,production,0,,,,,PENDING,0,0,0,0,,,,,,,,,,,,
tests/backend/abi_selftest_main.cpp,aux,no,tests,production,86,,,,,PENDING,0,0,0,0,,,,,,,,,,,,
tests/backend/bench_candidates_main.cpp,aux,no,tests,production,107,,,,,PENDING,0,0,0,0,,,,,,,,,,,,
tests/backend/bench_harness_main.cpp,aux,no,tests,production,120,,,,,PENDING,0,0,0,0,,,,,,,,,,,,
tests/backend/candidates_probe_main.cpp,aux,no,tests,production,18,,,,,PENDING,0,0,0,0,,,,,,,,,,,,
tests/backend/cheat_backend.cpp,aux,no,tests,production,64,,,,,PENDING,0,0,0,0,,,,,,,,,,,,
tests/backend/fixture_backend.cpp,aux,no,tests,production,45,,,,,PENDING,0,0,0,0,,,,,,,,,,,,
tests/backend/fixture_common.py,aux,no,tests,production,0,,,,,PENDING,0,0,0,0,,,,,,,,,,,,
tests/backend/hips_properties_probe_main.cpp,aux,no,tests,production,45,,,,,PENDING,0,0,0,0,,,,,,,,,,,,
tests/backend/kernel_bench_main.cpp,aux,no,tests,production,150,,,,,PENDING,0,0,0,0,,,,,,,,,,,,
tests/backend/kernel_oracle_main.cpp,aux,no,tests,production,143,,,,,PENDING,0,0,0,0,,,,,,,,,,,,
tests/backend/loader_probe_main.cpp,aux,no,tests,production,58,,,,,PENDING,0,0,0,0,,,,,,,,,,,,
tests/backend/mon003_synthetic_main.cpp,aux,no,tests,production,203,,,,,PENDING,0,0,0,0,,,,,,,,,,,,
tests/backend/p3_output_fsync_interposer.cpp,aux,no,tests,production,112,,,,,PENDING,0,0,0,0,,,,,,,,,,,,
tests/backend/p3_output_fsync_probe.cpp,aux,no,tests,production,79,,,,,PENDING,0,0,0,0,,,,,,,,,,,,
tests/backend/p3_output_probe_main.cpp,aux,no,tests,production,83,,,,,PENDING,0,0,0,0,,,,,,,,,,,,
tests/backend/p3_session_probe.cpp,aux,no,tests,production,71,,,,,PENDING,0,0,0,0,,,,,,,,,,,,
tests/backend/phase1_fixture_main.cpp,aux,no,tests,production,130,,,,,PENDING,0,0,0,0,,,,,,,,,,,,
tests/backend/phase2_fixture_main.cpp,aux,no,tests,production,260,,,,,PENDING,0,0,0,0,,,,,,,,,,,,
tests/backend/profile_gen_main.cpp,aux,no,tests,production,28,,,,,PENDING,0,0,0,0,,,,,,,,,,,,
tests/backend/syn008_seam_main.cpp,aux,no,tests,production,153,,,,,PENDING,0,0,0,0,,,,,,,,,,,,
tests/backend/test_abi_kernels.py,aux,no,tests,production,0,,,,,PENDING,0,0,0,0,,,,,,,,,,,,
tests/backend/test_abi_loader.py,aux,no,tests,production,0,,,,,PENDING,0,0,0,0,,,,,,,,,,,,
tests/backend/test_abi_v1.py,aux,no,tests,production,0,,,,,PENDING,0,0,0,0,,,,,,,,,,,,
tests/backend/test_bench_candidates.py,aux,no,tests,production,0,,,,,PENDING,0,0,0,0,,,,,,,,,,,,
tests/backend/test_bench_harness.py,aux,no,tests,production,0,,,,,PENDING,0,0,0,0,,,,,,,,,,,,
tests/backend/test_calibration_oracle.py,aux,no,tests,production,0,,,,,PENDING,0,0,0,0,,,,,,,,,,,,
tests/backend/test_cpu_profile.py,aux,no,tests,production,0,,,,,PENDING,0,0,0,0,,,,,,,,,,,,
tests/backend/test_drizzle_oracle.py,aux,no,tests,production,0,,,,,PENDING,0,0,0,0,,,,,,,,,,,,
tests/backend/test_drizzle_parallel.py,aux,no,tests,production,0,,,,,PENDING,0,0,0,0,,,,,,,,,,,,
tests/backend/test_hardware_inspect.py,aux,no,tests,production,0,,,,,PENDING,0,0,0,0,,,,,,,,,,,,
tests/backend/test_hips_properties.py,aux,no,tests,production,0,,,,,PENDING,0,0,0,0,,,,,,,,,,,,
tests/backend/test_isa_avx.py,aux,no,tests,production,0,,,,,PENDING,0,0,0,0,,,,,,,,,,,,
tests/backend/test_isa_avx2_fma.py,aux,no,tests,production,0,,,,,PENDING,0,0,0,0,,,,,,,,,,,,
tests/backend/test_isa_avx512.py,aux,no,tests,production,0,,,,,PENDING,0,0,0,0,,,,,,,,,,,,
tests/backend/test_isa_bit_manip.py,aux,no,tests,production,0,,,,,PENDING,0,0,0,0,,,,,,,,,,,,
tests/backend/test_isa_variants.py,aux,no,tests,production,0,,,,,PENDING,0,0,0,0,,,,,,,,,,,,
tests/backend/test_mon003_synthetic.py,aux,no,tests,production,0,,,,,PENDING,0,0,0,0,,,,,,,,,,,,
tests/backend/test_noise_model_oracle.py,aux,no,tests,production,0,,,,,PENDING,0,0,0,0,,,,,,,,,,,,
tests/backend/test_p1002_gaps.py,aux,no,tests,production,0,,,,,PENDING,0,0,0,0,,,,,,,,,,,,
tests/backend/test_p1004_joint_gate.py,aux,no,tests,production,0,,,,,PENDING,0,0,0,0,,,,,,,,,,,,
tests/backend/test_p2001_parallel_sampler.py,aux,no,tests,production,0,,,,,PENDING,0,0,0,0,,,,,,,,,,,,
tests/backend/test_p2002_parallel_upm.py,aux,no,tests,production,0,,,,,PENDING,0,0,0,0,,,,,,,,,,,,
tests/backend/test_p2003_seam_oracle.py,aux,no,tests,production,0,,,,,PENDING,0,0,0,0,,,,,,,,,,,,
tests/backend/test_p2004_reject_integrate.py,aux,no,tests,production,0,,,,,PENDING,0,0,0,0,,,,,,,,,,,,
tests/backend/test_p2005_block_io.py,aux,no,tests,production,0,,,,,PENDING,0,0,0,0,,,,,,,,,,,,
tests/backend/test_p2006_canonical_pipeline.py,aux,no,tests,production,0,,,,,PENDING,0,0,0,0,,,,,,,,,,,,
tests/backend/test_p2007_joint_gate.py,aux,no,tests,production,0,,,,,PENDING,0,0,0,0,,,,,,,,,,,,
tests/backend/test_p3001_science_freeze.py,aux,no,tests,production,0,,,,,PENDING,0,0,0,0,,,,,,,,,,,,
tests/backend/test_p3002_properties_order_unit.py,aux,no,tests,production,0,,,,,PENDING,0,0,0,0,,,,,,,,,,,,
tests/backend/test_p3003_parallel_resampler.py,aux,no,tests,production,0,,,,,PENDING,0,0,0,0,,,,,,,,,,,,
tests/backend/test_p3004_spherical_oracle.py,aux,no,tests,production,0,,,,,PENDING,0,0,0,0,,,,,,,,,,,,
tests/backend/test_p3005_fits_output.py,aux,no,tests,production,0,,,,,PENDING,0,0,0,0,,,,,,,,,,,,
tests/backend/test_p3006_production_pipeline.py,aux,no,tests,production,0,,,,,PENDING,0,0,0,0,,,,,,,,,,,,
tests/backend/test_p3_output.py,aux,no,tests,production,0,,,,,PENDING,0,0,0,0,,,,,,,,,,,,
tests/backend/test_p3_projection_oracle.py,aux,no,tests,production,0,,,,,PENDING,0,0,0,0,,,,,,,,,,,,
tests/backend/test_p3_resample.py,aux,no,tests,production,0,,,,,PENDING,0,0,0,0,,,,,,,,,,,,
tests/backend/test_phase1_hotspot.py,aux,no,tests,production,0,,,,,PENDING,0,0,0,0,,,,,,,,,,,,
tests/backend/test_phase3_reproject_oracle.py,aux,no,tests,production,0,,,,,PENDING,0,0,0,0,,,,,,,,,,,,
tests/backend/test_psf_moffat_oracle.py,aux,no,tests,production,0,,,,,PENDING,0,0,0,0,,,,,,,,,,,,
tests/backend/test_wcs_psf_oracle.py,aux,no,tests,production,0,,,,,PENDING,0,0,0,0,,,,,,,,,,,,
tests/cli/__init__.py,aux,no,tests,production,0,,,,,PENDING,0,0,0,0,,,,,,,,,,,,
tests/cli/cli_test_hygiene.py,aux,no,tests,production,0,,,,,PENDING,0,0,0,0,,,,,,,,,,,,
tests/cli/test_bench_cli.py,aux,no,tests,production,0,,,,,PENDING,0,0,0,0,,,,,,,,,,,,
tests/cli/test_cli001_vpi.py,aux,no,tests,production,0,,,,,PENDING,0,0,0,0,,,,,,,,,,,,
tests/cli/test_cli004_process_protocol.py,aux,no,tests,production,0,,,,,PENDING,0,0,0,0,,,,,,,,,,,,
tests/cli/test_cli_build.py,aux,no,tests,production,0,,,,,PENDING,0,0,0,0,,,,,,,,,,,,
tests/cli/test_cli_protocol.py,aux,no,tests,production,0,,,,,PENDING,0,0,0,0,,,,,,,,,,,,
tests/cli/test_cli_single_install.py,aux,no,tests,production,0,,,,,PENDING,0,0,0,0,,,,,,,,,,,,
tests/cli/test_cli_v7_surface.py,aux,no,tests,production,0,,,,,PENDING,0,0,0,0,,,,,,,,,,,,
tests/cli/test_command_tree.py,aux,no,tests,production,0,,,,,PENDING,0,0,0,0,,,,,,,,,,,,
tests/cli/test_iso_acr_gpu_isolation.py,aux,no,tests,production,0,,,,,PENDING,0,0,0,0,,,,,,,,,,,,
tests/cli/test_memory_growth.py,aux,no,tests,production,0,,,,,PENDING,0,0,0,0,,,,,,,,,,,,
tests/cli/test_monitor.py,aux,no,tests,production,0,,,,,PENDING,0,0,0,0,,,,,,,,,,,,
tests/cli/test_monitor_events.py,aux,no,tests,production,0,,,,,PENDING,0,0,0,0,,,,,,,,,,,,
tests/cli/test_p1003_drizzle_path.py,aux,no,tests,production,0,,,,,PENDING,0,0,0,0,,,,,,,,,,,,
tests/cli/test_parallel_queue.py,aux,no,tests,production,0,,,,,PENDING,0,0,0,0,,,,,,,,,,,,
tests/cli/test_phase123_pipeline.py,aux,no,tests,production,0,,,,,PENDING,0,0,0,0,,,,,,,,,,,,
tests/cli/test_phase1_inprocess.py,aux,no,tests,production,0,,,,,PENDING,0,0,0,0,,,,,,,,,,,,
tests/cli/test_phase2_inprocess.py,aux,no,tests,production,0,,,,,PENDING,0,0,0,0,,,,,,,,,,,,
tests/cli/test_phase3_inprocess.py,aux,no,tests,production,0,,,,,PENDING,0,0,0,0,,,,,,,,,,,,
tests/cli/test_resource_gate.py,aux,no,tests,production,0,,,,,PENDING,0,0,0,0,,,,,,,,,,,,
tests/config/cfg_common.py,aux,no,tests,production,0,,,,,PENDING,0,0,0,0,,,,,,,,,,,,
tests/config/check_cfg002_registry.py,aux,no,tests,production,0,,,,,PENDING,0,0,0,0,,,,,,,,,,,,
tests/config/fixtures/negative/cpu_profile_v1_bad_kernel.json,aux,no,tests,production,0,,,,,PENDING,0,0,0,0,,,,,,,,,,,,
tests/config/fixtures/negative/cpu_profile_v1_missing_required.json,aux,no,tests,production,0,,,,,PENDING,0,0,0,0,,,,,,,,,,,,
tests/config/fixtures/negative/cpu_profile_v2_bad_kernel.json,aux,no,tests,production,0,,,,,PENDING,0,0,0,0,,,,,,,,,,,,
tests/config/fixtures/negative/cpu_profile_v2_bad_os_abi.json,aux,no,tests,production,0,,,,,PENDING,0,0,0,0,,,,,,,,,,,,
tests/config/fixtures/negative/hardware_fields_in_phase_config.json,aux,no,tests,production,0,,,,,PENDING,0,0,0,0,,,,,,,,,,,,
tests/config/fixtures/negative/missing_output_dir.phase_config.json,aux,no,tests,production,0,,,,,PENDING,0,0,0,0,,,,,,,,,,,,
tests/config/fixtures/negative/precision_out_of_domain.phase_config.json,aux,no,tests,production,0,,,,,PENDING,0,0,0,0,,,,,,,,,,,,
tests/config/fixtures/negative/run_manifest_hardware_field.json,aux,no,tests,production,0,,,,,PENDING,0,0,0,0,,,,,,,,,,,,
tests/config/fixtures/negative/unknown_filter.phase_config.json,aux,no,tests,production,0,,,,,PENDING,0,0,0,0,,,,,,,,,,,,
tests/config/fixtures/positive/cpu_profile_v1_legacy.json,aux,no,tests,production,0,,,,,PENDING,0,0,0,0,,,,,,,,,,,,
tests/config/fixtures/positive/cpu_profile_v2.json,aux,no,tests,production,0,,,,,PENDING,0,0,0,0,,,,,,,,,,,,
tests/config/fixtures/positive/run_manifest.example.json,aux,no,tests,production,0,,,,,PENDING,0,0,0,0,,,,,,,,,,,,
tests/config/gate_assertions.py,aux,no,tests,production,0,,,,,PENDING,0,0,0,0,,,,,,,,,,,,
tests/config/run_validation.py,aux,no,tests,production,0,,,,,PENDING,0,0,0,0,,,,,,,,,,,,
tests/config/test_cfg001_contracts.py,aux,no,tests,production,0,,,,,PENDING,0,0,0,0,,,,,,,,,,,,
tests/config/test_cfg001_negative.py,aux,no,tests,production,0,,,,,PENDING,0,0,0,0,,,,,,,,,,,,
tests/config/test_cfg002_registry.py,aux,no,tests,production,0,,,,,PENDING,0,0,0,0,,,,,,,,,,,,
tests/conformance/echo/CMakeLists.txt,aux,no,tests,production,0,,,,,PENDING,0,0,0,0,,,,,,,,,,,,
tests/conformance/echo/README.md,aux,no,tests,production,0,,,,,PENDING,0,0,0,0,,,,,,,,,,,,
tests/conformance/echo/include/astrocs/echo/types.h,aux,no,tests,production,62,,,,,PENDING,0,0,0,0,,,,,,,,,,,,
tests/conformance/echo/module.yaml,aux,no,tests,production,0,,,,,PENDING,0,0,0,0,,,,,,,,,,,,
tests/conformance/echo/src/echo_module.c,aux,no,tests,production,635,,,,,PENDING,0,0,0,0,,,,,,,,,,,,
tests/conformance/echo/tests/unit/echo_host_callback_test.c,aux,no,tests,production,850,,,,,PENDING,0,0,0,0,,,,,,,,,,,,
tests/conformance/noop/CMakeLists.txt,aux,no,tests,production,0,,,,,PENDING,0,0,0,0,,,,,,,,,,,,
tests/conformance/noop/README.md,aux,no,tests,production,0,,,,,PENDING,0,0,0,0,,,,,,,,,,,,
tests/conformance/noop/include/astrocs/noop/types.h,aux,no,tests,production,27,,,,,PENDING,0,0,0,0,,,,,,,,,,,,
tests/conformance/noop/module.yaml,aux,no,tests,production,0,,,,,PENDING,0,0,0,0,,,,,,,,,,,,
tests/conformance/noop/src/noop_module.c,aux,no,tests,production,163,,,,,PENDING,0,0,0,0,,,,,,,,,,,,
tests/conformance/noop/tests/unit/noop_handshake_test.c,aux,no,tests,production,117,,,,,PENDING,0,0,0,0,,,,,,,,,,,,
tests/contracts/test_contract_graph_negative.py,aux,no,tests,production,0,,,,,PENDING,0,0,0,0,,,,,,,,,,,,
tests/contracts/test_data_artifacts_negative.py,aux,no,tests,production,0,,,,,PENDING,0,0,0,0,,,,,,,,,,,,
tests/contracts/test_unified_object_contract.py,aux,no,tests,production,0,,,,,PENDING,0,0,0,0,,,,,,,,,,,,
tests/contracts/v6/__init__.py,aux,no,tests,production,0,,,,,PENDING,0,0,0,0,,,,,,,,,,,,
tests/contracts/v6/evidence/mutations.json,aux,no,tests,production,0,,,,,PENDING,0,0,0,0,,,,,,,,,,,,
tests/contracts/v6/evidence/oracle_report.json,aux,no,tests,production,0,,,,,PENDING,0,0,0,0,,,,,,,,,,,,
tests/contracts/v6/evidence/rc_summary.json,aux,no,tests,production,0,,,,,PENDING,0,0,0,0,,,,,,,,,,,,
tests/contracts/v6/jsonschema_min.py,aux,no,tests,production,0,,,,,PENDING,0,0,0,0,,,,,,,,,,,,
tests/contracts/v6/run_all.py,aux,no,tests,production,0,,,,,PENDING,0,0,0,0,,,,,,,,,,,,
tests/contracts/v6/run_all.sh,aux,no,tests,production,0,,,,,PENDING,0,0,0,0,,,,,,,,,,,,
tests/contracts/v6/test_v6_negative_mutations.py,aux,no,tests,production,0,,,,,PENDING,0,0,0,0,,,,,,,,,,,,
tests/contracts/v6/test_v6_schema_integration.py,aux,no,tests,production,0,,,,,PENDING,0,0,0,0,,,,,,,,,,,,
tests/contracts/v6/tools/gen_data_dictionary.py,aux,no,tests,production,0,,,,,PENDING,0,0,0,0,,,,,,,,,,,,
tests/contracts/v6/tools/gen_production_schemas.py,aux,no,tests,production,0,,,,,PENDING,0,0,0,0,,,,,,,,,,,,
tests/contracts/v6/v6_oracle.py,aux,no,tests,production,0,,,,,PENDING,0,0,0,0,,,,,,,,,,,,
tests/cpu/avx2/provider_avx2_capability_gate_test.c,aux,no,tests,production,131,,,,,PENDING,0,0,0,0,,,,,,,,,,,,
tests/cpu/avx2/provider_avx2_handshake_test.c,aux,no,tests,production,222,,,,,PENDING,0,0,0,0,,,,,,,,,,,,
tests/cpu/avx2/provider_avx2_oracle_main.cpp,aux,no,tests,production,280,,,,,PENDING,0,0,0,0,,,,,,,,,,,,
tests/cpu/avx2/provider_avx2_so_load_test.c,aux,no,tests,production,190,,,,,PENDING,0,0,0,0,,,,,,,,,,,,
tests/cpu/avx2/run_provider_avx2_checks.py,aux,no,tests,production,0,,,,,PENDING,0,0,0,0,,,,,,,,,,,,
tests/cpu/avx512/check_avx512_illegal_instr.py,aux,no,tests,production,0,,,,,PENDING,0,0,0,0,,,,,,,,,,,,
tests/cpu/avx512/provider_avx512_capability_gate_test.c,aux,no,tests,production,151,,,,,PENDING,0,0,0,0,,,,,,,,,,,,
tests/cpu/avx512/provider_avx512_handshake_test.c,aux,no,tests,production,237,,,,,PENDING,0,0,0,0,,,,,,,,,,,,
tests/cpu/avx512/provider_avx512_oracle_main.cpp,aux,no,tests,production,298,,,,,PENDING,0,0,0,0,,,,,,,,,,,,
tests/cpu/avx512/provider_avx512_so_load_test.c,aux,no,tests,production,209,,,,,PENDING,0,0,0,0,,,,,,,,,,,,
tests/cpu/avx512/run_provider_avx512_checks.py,aux,no,tests,production,0,,,,,PENDING,0,0,0,0,,,,,,,,,,,,
tests/cpu/baseline/provider_capability_gate_test.c,aux,no,tests,production,97,,,,,PENDING,0,0,0,0,,,,,,,,,,,,
tests/cpu/baseline/provider_handshake_test.c,aux,no,tests,production,200,,,,,PENDING,0,0,0,0,,,,,,,,,,,,
tests/cpu/baseline/provider_kernel_oracle_main.cpp,aux,no,tests,production,256,,,,,PENDING,0,0,0,0,,,,,,,,,,,,
tests/cpu/baseline/provider_so_load_test.c,aux,no,tests,production,184,,,,,PENDING,0,0,0,0,,,,,,,,,,,,
tests/cpu/baseline/run_provider_oracle_checks.py,aux,no,tests,production,0,,,,,PENDING,0,0,0,0,,,,,,,,,,,,
tests/cpu/dispatch/cpu005_route_decision_test.cpp,aux,no,tests,production,354,,,,,PENDING,0,0,0,0,,,,,,,,,,,,
tests/cpu/dispatch/cpu_capability_matrix_test.c,aux,no,tests,production,176,,,,,PENDING,0,0,0,0,,,,,,,,,,,,
tests/cpu/dispatch/cpu_capability_probe_main.c,aux,no,tests,production,56,,,,,PENDING,0,0,0,0,,,,,,,,,,,,
tests/cpu/dispatch/run_cpu005_route_checks.py,aux,no,tests,production,0,,,,,PENDING,0,0,0,0,,,,,,,,,,,,
tests/cpu/dispatch/run_cpu_capability_checks.py,aux,no,tests,production,0,,,,,PENDING,0,0,0,0,,,,,,,,,,,,
tests/glossary/__init__.py,aux,no,tests,production,0,,,,,PENDING,0,0,0,0,,,,,,,,,,,,
tests/glossary/test_glossary.py,aux,no,tests,production,0,,,,,PENDING,0,0,0,0,,,,,,,,,,,,
tests/integration/v6_p1/CMakeLists.txt,aux,no,tests,production,0,,,,,PENDING,0,0,0,0,,,,,,,,,,,,
tests/integration/v6_p1/EVIDENCE.md,aux,no,tests,production,0,,,,,PENDING,0,0,0,0,,,,,,,,,,,,
tests/integration/v6_p1/README.md,aux,no,tests,production,0,,,,,PENDING,0,0,0,0,,,,,,,,,,,,
tests/integration/v6_p1/oracle/v6_p1_reopen_oracle.py,aux,no,tests,production,0,,,,,PENDING,0,0,0,0,,,,,,,,,,,,
tests/integration/v6_p1/v6_p1_integrate_test.cpp,aux,no,tests,production,588,,,,,PENDING,0,0,0,0,,,,,,,,,,,,
tests/integration/v6_p2/CMakeLists.txt,aux,no,tests,production,0,,,,,PENDING,0,0,0,0,,,,,,,,,,,,
tests/integration/v6_p2/EVIDENCE.md,aux,no,tests,production,0,,,,,PENDING,0,0,0,0,,,,,,,,,,,,
tests/integration/v6_p2/README.md,aux,no,tests,production,0,,,,,PENDING,0,0,0,0,,,,,,,,,,,,
tests/integration/v6_p2/oracle/v6_p2_oracle.py,aux,no,tests,production,0,,,,,PENDING,0,0,0,0,,,,,,,,,,,,
tests/integration/v6_p2/v6_p2_integrate_test.cpp,aux,no,tests,production,611,,,,,PENDING,0,0,0,0,,,,,,,,,,,,
tests/integration/v6_p3/CMakeLists.txt,aux,no,tests,production,0,,,,,PENDING,0,0,0,0,,,,,,,,,,,,
tests/integration/v6_p3/EVIDENCE.md,aux,no,tests,production,0,,,,,PENDING,0,0,0,0,,,,,,,,,,,,
tests/integration/v6_p3/p3_v6_export_e2e_test.cpp,aux,no,tests,production,578,,,,,PENDING,0,0,0,0,,,,,,,,,,,,
tests/integration/v6_p3/p3_v6_export_oracle.py,aux,no,tests,production,0,,,,,PENDING,0,0,0,0,,,,,,,,,,,,
tests/io/hips_output_fixture.py,aux,no,tests,production,0,,,,,PENDING,0,0,0,0,,,,,,,,,,,,
tests/io/make_hips_fixture.py,aux,no,tests,production,0,,,,,PENDING,0,0,0,0,,,,,,,,,,,,
tests/io/test_fits_stream_contract.py,aux,no,tests,production,0,,,,,PENDING,0,0,0,0,,,,,,,,,,,,
tests/io/test_hips_input_contract.py,aux,no,tests,production,0,,,,,PENDING,0,0,0,0,,,,,,,,,,,,
tests/io/test_hips_output_contract.py,aux,no,tests,production,0,,,,,PENDING,0,0,0,0,,,,,,,,,,,,
tests/monitoring/__init__.py,aux,no,tests,production,0,,,,,PENDING,0,0,0,0,,,,,,,,,,,,
tests/monitoring/test_frozen_gate.py,aux,no,tests,production,0,,,,,PENDING,0,0,0,0,,,,,,,,,,,,
tests/monitoring/test_log_contract.py,aux,no,tests,production,0,,,,,PENDING,0,0,0,0,,,,,,,,,,,,
tests/monitoring/test_monitor_contract.py,aux,no,tests,production,0,,,,,PENDING,0,0,0,0,,,,,,,,,,,,
tests/monitoring/test_run_graph_render.py,aux,no,tests,production,0,,,,,PENDING,0,0,0,0,,,,,,,,,,,,
tests/oracle/gaia_oracle.py,aux,no,tests,production,0,,,,,PENDING,0,0,0,0,,,,,,,,,,,,
tests/pipeline/__init__.py,aux,no,tests,production,0,,,,,PENDING,0,0,0,0,,,,,,,,,,,,
tests/pipeline/test_typed_dag_plan.py,aux,no,tests,production,0,,,,,PENDING,0,0,0,0,,,,,,,,,,,,
tests/quality/fixtures/docchk002_claims_fixture.csv,aux,no,tests,production,0,,,,,PENDING,0,0,0,0,,,,,,,,,,,,
tests/quality/test_compare_products.py,aux,no,tests,production,0,,,,,PENDING,0,0,0,0,,,,,,,,,,,,
tests/quality/test_doc_line_anchors.py,aux,no,tests,production,0,,,,,PENDING,0,0,0,0,,,,,,,,,,,,
tests/quality/test_doc_machine_check.py,aux,no,tests,production,0,,,,,PENDING,0,0,0,0,,,,,,,,,,,,
tests/quality/test_docchk002_mutation.py,aux,no,tests,production,0,,,,,PENDING,0,0,0,0,,,,,,,,,,,,
tests/quality/test_env_adoption_negative.py,aux,no,tests,production,0,,,,,PENDING,0,0,0,0,,,,,,,,,,,,
tests/quality/test_known_failures_baseline_ci.py,aux,no,tests,production,0,,,,,PENDING,0,0,0,0,,,,,,,,,,,,
tests/quality/test_linux_release.py,aux,no,tests,production,0,,,,,PENDING,0,0,0,0,,,,,,,,,,,,
tests/quality/test_mod002_migration_refs.py,aux,no,tests,production,0,,,,,PENDING,0,0,0,0,,,,,,,,,,,,
tests/quality/test_module_map.py,aux,no,tests,production,0,,,,,PENDING,0,0,0,0,,,,,,,,,,,,
tests/quality/test_pack_audit_exclusion.py,aux,no,tests,production,0,,,,,PENDING,0,0,0,0,,,,,,,,,,,,
tests/quality/test_resource_monitor.py,aux,no,tests,production,0,,,,,PENDING,0,0,0,0,,,,,,,,,,,,
tests/quality/test_root_cleanliness.py,aux,no,tests,production,0,,,,,PENDING,0,0,0,0,,,,,,,,,,,,
tests/quality/test_sci_evidence_registration.py,aux,no,tests,production,0,,,,,PENDING,0,0,0,0,,,,,,,,,,,,
tests/quality/test_secret_hygiene.py,aux,no,tests,production,0,,,,,PENDING,0,0,0,0,,,,,,,,,,,,
tests/realdata/__init__.py,aux,no,tests,production,0,,,,,PENDING,0,0,0,0,,,,,,,,,,,,
tests/realdata/test_index_v12.py,aux,no,tests,production,0,,,,,PENDING,0,0,0,0,,,,,,,,,,,,
tests/realdata/test_match_plan.py,aux,no,tests,production,0,,,,,PENDING,0,0,0,0,,,,,,,,,,,,
tests/runtime/__init__.py,aux,no,tests,production,0,,,,,PENDING,0,0,0,0,,,,,,,,,,,,
tests/runtime/test_phase_lifecycle.py,aux,no,tests,production,0,,,,,PENDING,0,0,0,0,,,,,,,,,,,,
tests/runtime/test_rt003_budget_wiring.py,aux,no,tests,production,0,,,,,PENDING,0,0,0,0,,,,,,,,,,,,
tests/runtime/test_rt004_executor.py,aux,no,tests,production,0,,,,,PENDING,0,0,0,0,,,,,,,,,,,,
tests/runtime/test_rt005_plan_estimator.py,aux,no,tests,production,0,,,,,PENDING,0,0,0,0,,,,,,,,,,,,
tests/runtime/test_rt006_trace.py,aux,no,tests,production,0,,,,,PENDING,0,0,0,0,,,,,,,,,,,,
tests/runtime/test_rt007_cancel_resume.py,aux,no,tests,production,0,,,,,PENDING,0,0,0,0,,,,,,,,,,,,
tests/runtime/test_typed_dag_negative.py,aux,no,tests,production,0,,,,,PENDING,0,0,0,0,,,,,,,,,,,,
tests/sciencelint/__init__.py,aux,no,tests,production,0,,,,,PENDING,0,0,0,0,,,,,,,,,,,,
tests/sciencelint/test_sciencelint.py,aux,no,tests,production,0,,,,,PENDING,0,0,0,0,,,,,,,,,,,,
tests/system/v6_runtime/CMakeLists.txt,aux,no,tests,production,0,,,,,PENDING,0,0,0,0,,,,,,,,,,,,
tests/system/v6_runtime/README.md,aux,no,tests,production,0,,,,,PENDING,0,0,0,0,,,,,,,,,,,,
tests/system/v6_runtime/v6_runtime_contract_test.cpp,aux,no,tests,production,196,,,,,PENDING,0,0,0,0,,,,,,,,,,,,
tests/system/v6_runtime/v6_runtime_determinism_test.cpp,aux,no,tests,production,206,,,,,PENDING,0,0,0,0,,,,,,,,,,,,
tests/system/v6_runtime/v6_runtime_resource_record_test.cpp,aux,no,tests,production,151,,,,,PENDING,0,0,0,0,,,,,,,,,,,,
tests/test_index.csv,aux,no,tests,production,0,,,,,PENDING,0,0,0,0,,,,,,,,,,,,
tests/testkit/examples/check_constant.py,aux,no,tests,production,0,,,,,PENDING,0,0,0,0,,,,,,,,,,,,
tests/testkit/examples/fixture_hash.py,aux,no,tests,production,0,,,,,PENDING,0,0,0,0,,,,,,,,,,,,
tests/testkit/examples/negative_bad_input.py,aux,no,tests,production,0,,,,,PENDING,0,0,0,0,,,,,,,,,,,,
tests/testkit/examples/oracle_sum.py,aux,no,tests,production,0,,,,,PENDING,0,0,0,0,,,,,,,,,,,,
tests/testkit/examples/perf_linear.py,aux,no,tests,production,0,,,,,PENDING,0,0,0,0,,,,,,,,,,,,
tests/testkit/examples/property_invariant.py,aux,no,tests,production,0,,,,,PENDING,0,0,0,0,,,,,,,,,,,,
tests/testkit/examples/registry.example.json,aux,no,tests,production,0,,,,,PENDING,0,0,0,0,,,,,,,,,,,,
tests/testkit/fixtures/demo_fixture.txt,aux,no,tests,production,0,,,,,PENDING,0,0,0,0,,,,,,,,,,,,
tests/testkit/registry.json,aux,no,tests,production,0,,,,,PENDING,0,0,0,0,,,,,,,,,,,,
tests/testkit/schemas/test_metadata.schema.json,aux,no,tests,production,0,,,,,PENDING,0,0,0,0,,,,,,,,,,,,
tests/testkit/testkit.spec.md,aux,no,tests,production,0,,,,,PENDING,0,0,0,0,,,,,,,,,,,,
tests/traceability/__init__.py,aux,no,tests,production,0,,,,,PENDING,0,0,0,0,,,,,,,,,,,,
tests/traceability/fixtures/bad_id_format.json,aux,no,tests,production,0,,,,,PENDING,0,0,0,0,,,,,,,,,,,,
tests/traceability/fixtures/chain_break.json,aux,no,tests,production,0,,,,,PENDING,0,0,0,0,,,,,,,,,,,,
tests/traceability/fixtures/dangling_ref.json,aux,no,tests,production,0,,,,,PENDING,0,0,0,0,,,,,,,,,,,,
tests/traceability/fixtures/duplicate_module.json,aux,no,tests,production,0,,,,,PENDING,0,0,0,0,,,,,,,,,,,,
tests/traceability/fixtures/empty_cell.json,aux,no,tests,production,0,,,,,PENDING,0,0,0,0,,,,,,,,,,,,
tests/traceability/fixtures/missing_column.json,aux,no,tests,production,0,,,,,PENDING,0,0,0,0,,,,,,,,,,,,
tests/traceability/test_traceability.py,aux,no,tests,production,0,,,,,PENDING,0,0,0,0,,,,,,,,,,,,
tests/traceability/test_traceability_matrix.py,aux,no,tests,production,0,,,,,PENDING,0,0,0,0,,,,,,,,,,,,
tests/unit/CMakeLists.txt,aux,no,tests,production,0,,,,,PENDING,0,0,0,0,,,,,,,,,,,,
tests/unit/aio_abi_omp.hpp,aux,no,tests,production,50,,,,,PENDING,0,0,0,0,,,,,,,,,,,,
tests/unit/aio_abi_selfcheck.cpp,aux,no,tests,production,156,,,,,PENDING,0,0,0,0,,,,,,,,,,,,
tests/unit/aio_abi_test_main.hpp,aux,no,tests,production,131,,,,,PENDING,0,0,0,0,,,,,,,,,,,,
tests/unit/aio_abi_tests.cpp,aux,no,tests,production,463,,,,,PENDING,0,0,0,0,,,,,,,,,,,,
tests/unit/calibration_adapter_test.cpp,aux,no,tests,production,803,,,,,PENDING,0,0,0,0,,,,,,,,,,,,
tests/unit/calibration_integration_test.cpp,aux,no,tests,production,968,,,,,PENDING,0,0,0,0,,,,,,,,,,,,
tests/unit/cli_bench_verdict_test.cpp,aux,no,tests,production,86,,,,,PENDING,0,0,0,0,,,,,,,,,,,,
tests/unit/cli_process_test.cpp,aux,no,tests,production,158,,,,,PENDING,0,0,0,0,,,,,,,,,,,,
tests/unit/cli_wideconv_test.cpp,aux,no,tests,production,110,,,,,PENDING,0,0,0,0,,,,,,,,,,,,
tests/unit/core_artifact_test.cpp,aux,no,tests,production,93,,,,,PENDING,0,0,0,0,,,,,,,,,,,,
tests/unit/core_checkpoint_test.cpp,aux,no,tests,production,84,,,,,PENDING,0,0,0,0,,,,,,,,,,,,
tests/unit/core_context_test.cpp,aux,no,tests,production,110,,,,,PENDING,0,0,0,0,,,,,,,,,,,,
tests/unit/core_contracts_test.cpp,aux,no,tests,production,92,,,,,PENDING,0,0,0,0,,,,,,,,,,,,
tests/unit/core_logging_test.cpp,aux,no,tests,production,96,,,,,PENDING,0,0,0,0,,,,,,,,,,,,
tests/unit/core_module_test.cpp,aux,no,tests,production,90,,,,,PENDING,0,0,0,0,,,,,,,,,,,,
tests/unit/core_pipeline_test.cpp,aux,no,tests,production,426,,,,,PENDING,0,0,0,0,,,,,,,,,,,,
tests/unit/core_scheduler_test.cpp,aux,no,tests,production,259,,,,,PENDING,0,0,0,0,,,,,,,,,,,,
tests/unit/cosmetic_adapter_test.cpp,aux,no,tests,production,734,,,,,PENDING,0,0,0,0,,,,,,,,,,,,
tests/unit/cosmetic_integration_test.cpp,aux,no,tests,production,1072,,,,,PENDING,0,0,0,0,,,,,,,,,,,,
tests/unit/cpu001_negative_test.cpp,aux,no,tests,production,102,,,,,PENDING,0,0,0,0,,,,,,,,,,,,
tests/unit/cpu001_provider_selftest.cpp,aux,no,tests,production,139,,,,,PENDING,0,0,0,0,,,,,,,,,,,,
tests/unit/cpu003_profile_v2_test.cpp,aux,no,tests,production,155,,,,,PENDING,0,0,0,0,,,,,,,,,,,,
tests/unit/cpu004_routing_test.cpp,aux,no,tests,production,147,,,,,PENDING,0,0,0,0,,,,,,,,,,,,
tests/unit/cpu006_bench_report_test.cpp,aux,no,tests,production,285,,,,,PENDING,0,0,0,0,,,,,,,,,,,,
tests/unit/cpu007_profile_store_test.cpp,aux,no,tests,production,326,,,,,PENDING,0,0,0,0,,,,,,,,,,,,
tests/unit/cpu008_worker_advisor_test.cpp,aux,no,tests,production,352,,,,,PENDING,0,0,0,0,,,,,,,,,,,,
tests/unit/cpu_abi_test.cpp,aux,no,tests,production,92,,,,,PENDING,0,0,0,0,,,,,,,,,,,,
tests/unit/cpu_backend_exception_test.cpp,aux,no,tests,production,172,,,,,PENDING,0,0,0,0,,,,,,,,,,,,
tests/unit/cpu_bench_test.cpp,aux,no,tests,production,98,,,,,PENDING,0,0,0,0,,,,,,,,,,,,
tests/unit/cpu_fallback_test.cpp,aux,no,tests,production,149,,,,,PENDING,0,0,0,0,,,,,,,,,,,,
tests/unit/cpu_features_test.cpp,aux,no,tests,production,72,,,,,PENDING,0,0,0,0,,,,,,,,,,,,
tests/unit/cpu_lease_test.cpp,aux,no,tests,production,122,,,,,PENDING,0,0,0,0,,,,,,,,,,,,
tests/unit/cpu_monitor_test.cpp,aux,no,tests,production,102,,,,,PENDING,0,0,0,0,,,,,,,,,,,,
tests/unit/cpu_profile_test.cpp,aux,no,tests,production,74,,,,,PENDING,0,0,0,0,,,,,,,,,,,,
tests/unit/cpu_provider_test.cpp,aux,no,tests,production,87,,,,,PENDING,0,0,0,0,,,,,,,,,,,,
tests/unit/drizzle_adapter_impl.cpp,aux,no,tests,production,366,,,,,PENDING,0,0,0,0,,,,,,,,,,,,
tests/unit/drizzle_adapter_test.cpp,aux,no,tests,production,173,,,,,PENDING,0,0,0,0,,,,,,,,,,,,
tests/unit/drizzle_precision_default_test.cpp,aux,no,tests,production,327,,,,,PENDING,0,0,0,0,,,,,,,,,,,,
tests/unit/executor_provider_race_test.cpp,aux,no,tests,production,76,,,,,PENDING,0,0,0,0,,,,,,,,,,,,
tests/unit/fixtures/core_pipeline/README.md,aux,no,tests,production,0,,,,,PENDING,0,0,0,0,,,,,,,,,,,,
tests/unit/fixtures/core_pipeline/invalid_pipeline_serial_heavy.json,aux,no,tests,production,0,,,,,PENDING,0,0,0,0,,,,,,,,,,,,
tests/unit/fixtures/core_pipeline/valid_pipeline.json,aux,no,tests,production,0,,,,,PENDING,0,0,0,0,,,,,,,,,,,,
tests/unit/gaia_adapter_test.c,aux,no,tests,production,883,,,,,PENDING,0,0,0,0,,,,,,,,,,,,
tests/unit/gaia_cat_test.c,aux,no,tests,production,976,,,,,PENDING,0,0,0,0,,,,,,,,,,,,
tests/unit/gaia_integration_test.c,aux,no,tests,production,837,,,,,PENDING,0,0,0,0,,,,,,,,,,,,
tests/unit/gaia_magnitude_range_bounds_test.c,aux,no,tests,production,414,,,,,PENDING,0,0,0,0,,,,,,,,,,,,
tests/unit/gaia_module_manifest_bounds_test.c,aux,no,tests,production,198,,,,,PENDING,0,0,0,0,,,,,,,,,,,,
tests/unit/gaia_unshuffle_test.c,aux,no,tests,production,78,,,,,PENDING,0,0,0,0,,,,,,,,,,,,
tests/unit/gaia_xpsd_fixture_gen.c,aux,no,tests,production,700,,,,,PENDING,0,0,0,0,,,,,,,,,,,,
tests/unit/io_adapter_test.cpp,aux,no,tests,production,241,,,,,PENDING,0,0,0,0,,,,,,,,,,,,
tests/unit/io_ownership_test.cpp,aux,no,tests,production,138,,,,,PENDING,0,0,0,0,,,,,,,,,,,,
tests/unit/io_reentrant_test.cpp,aux,no,tests,production,125,,,,,PENDING,0,0,0,0,,,,,,,,,,,,
tests/unit/ipv_platform_binding_test.cpp,aux,no,tests,production,140,,,,,PENDING,0,0,0,0,,,,,,,,,,,,
tests/unit/master_flat_median_test.cpp,aux,no,tests,production,148,,,,,PENDING,0,0,0,0,,,,,,,,,,,,
tests/unit/mon001_gate_test.cpp,aux,no,tests,production,297,,,,,PENDING,0,0,0,0,,,,,,,,,,,,
tests/unit/mon001_recorder_test.cpp,aux,no,tests,production,116,,,,,PENDING,0,0,0,0,,,,,,,,,,,,
tests/unit/mon002_alloc_test.cpp,aux,no,tests,production,312,,,,,PENDING,0,0,0,0,,,,,,,,,,,,
tests/unit/mon002_gate_test.cpp,aux,no,tests,production,419,,,,,PENDING,0,0,0,0,,,,,,,,,,,,
tests/unit/mon004_enforcement_test.cpp,aux,no,tests,production,102,,,,,PENDING,0,0,0,0,,,,,,,,,,,,
tests/unit/p1001_modules_test.cpp,aux,no,tests,production,87,,,,,PENDING,0,0,0,0,,,,,,,,,,,,
tests/unit/p1001_real_nodes_test.cpp,aux,no,tests,production,3809,,,,,PENDING,0,0,0,0,,,,,,,,,,,,
tests/unit/p15_artifact_collect_test.cpp,aux,no,tests,production,111,,,,,PENDING,0,0,0,0,,,,,,,,,,,,
tests/unit/p1_calibration_test.cpp,aux,no,tests,production,123,,,,,PENDING,0,0,0,0,,,,,,,,,,,,
tests/unit/p1_hips/adapter_entry_impl.cpp,aux,no,tests,production,12,,,,,PENDING,0,0,0,0,,,,,,,,,,,,
tests/unit/p1_hips/adapter_test.c,aux,no,tests,production,952,,,,,PENDING,0,0,0,0,,,,,,,,,,,,
tests/unit/p1_hips/publish_atomic_test.c,aux,no,tests,production,705,,,,,PENDING,0,0,0,0,,,,,,,,,,,,
tests/unit/p1_hips_writer_test.cpp,aux,no,tests,production,197,,,,,PENDING,0,0,0,0,,,,,,,,,,,,
tests/unit/p1_ir_facade_test.cpp,aux,no,tests,production,88,,,,,PENDING,0,0,0,0,,,,,,,,,,,,
tests/unit/p1_noise/adapter_entry_impl.cpp,aux,no,tests,production,10,,,,,PENDING,0,0,0,0,,,,,,,,,,,,
tests/unit/p1_noise/adapter_test.cpp,aux,no,tests,production,979,,,,,PENDING,0,0,0,0,,,,,,,,,,,,
tests/unit/p1_noise_test.cpp,aux,no,tests,production,202,,,,,PENDING,0,0,0,0,,,,,,,,,,,,
tests/unit/p1_nside_test.cpp,aux,no,tests,production,90,,,,,PENDING,0,0,0,0,,,,,,,,,,,,
tests/unit/p1_resource_test.cpp,aux,no,tests,production,93,,,,,PENDING,0,0,0,0,,,,,,,,,,,,
tests/unit/p1_stars_test.cpp,aux,no,tests,production,205,,,,,PENDING,0,0,0,0,,,,,,,,,,,,
tests/unit/p1_wcs_phot_test.cpp,aux,no,tests,production,132,,,,,PENDING,0,0,0,0,,,,,,,,,,,,
tests/unit/p1snr/CMakeLists.txt,aux,no,tests,production,0,,,,,PENDING,0,0,0,0,,,,,,,,,,,,
tests/unit/p1snr/p1snr_frame_parity_test.cpp,aux,no,tests,production,337,,,,,PENDING,0,0,0,0,,,,,,,,,,,,
tests/unit/p1snr/p1snr_fref_baseline_test.cpp,aux,no,tests,production,302,,,,,PENDING,0,0,0,0,,,,,,,,,,,,
tests/unit/p1snr/p1snr_linux_test.cpp,aux,no,tests,production,593,,,,,PENDING,0,0,0,0,,,,,,,,,,,,
tests/unit/p1wcs/CMakeLists.txt,aux,no,tests,production,0,,,,,PENDING,0,0,0,0,,,,,,,,,,,,
tests/unit/p1wcs/p1wcs_astropy_cross.py,aux,no,tests,production,0,,,,,PENDING,0,0,0,0,,,,,,,,,,,,
tests/unit/p1wcs/p1wcs_fixtures.hpp,aux,no,tests,production,378,,,,,PENDING,0,0,0,0,,,,,,,,,,,,
tests/unit/p1wcs/p1wcs_oracle.hpp,aux,no,tests,production,348,,,,,PENDING,0,0,0,0,,,,,,,,,,,,
tests/unit/p1wcs/p1wcs_std_f1_bridge_cross.py,aux,no,tests,production,0,,,,,PENDING,0,0,0,0,,,,,,,,,,,,
tests/unit/p1wcs/p1wcs_test_main.hpp,aux,no,tests,production,219,,,,,PENDING,0,0,0,0,,,,,,,,,,,,
tests/unit/p1wcs/p1wcs_tests_apbp.cpp,aux,no,tests,production,546,,,,,PENDING,0,0,0,0,,,,,,,,,,,,
tests/unit/p1wcs/p1wcs_tests_main.cpp,aux,no,tests,production,21,,,,,PENDING,0,0,0,0,,,,,,,,,,,,
tests/unit/p1wcs/p1wcs_tests_negative.cpp,aux,no,tests,production,348,,,,,PENDING,0,0,0,0,,,,,,,,,,,,
tests/unit/p1wcs/p1wcs_tests_oracle.cpp,aux,no,tests,production,424,,,,,PENDING,0,0,0,0,,,,,,,,,,,,
tests/unit/p1wcs/p1wcs_tests_perf.cpp,aux,no,tests,production,97,,,,,PENDING,0,0,0,0,,,,,,,,,,,,
tests/unit/p1wcs/p1wcs_tests_properties.cpp,aux,no,tests,production,253,,,,,PENDING,0,0,0,0,,,,,,,,,,,,
tests/unit/p1wcs/p1wcs_tests_selfcheck.cpp,aux,no,tests,production,154,,,,,PENDING,0,0,0,0,,,,,,,,,,,,
tests/unit/p1wcs/p1wcs_tests_units.cpp,aux,no,tests,production,209,,,,,PENDING,0,0,0,0,,,,,,,,,,,,
tests/unit/p2001_real_nodes_test.cpp,aux,no,tests,production,1266,,,,,PENDING,0,0,0,0,,,,,,,,,,,,
tests/unit/p2002_unc_rej_prov_test.cpp,aux,no,tests,production,1928,,,,,PENDING,0,0,0,0,,,,,,,,,,,,
tests/unit/p2_block_plan_test.cpp,aux,no,tests,production,108,,,,,PENDING,0,0,0,0,,,,,,,,,,,,
tests/unit/p2_ir_facade_test.cpp,aux,no,tests,production,78,,,,,PENDING,0,0,0,0,,,,,,,,,,,,
tests/unit/p2_output_semantics_test.cpp,aux,no,tests,production,145,,,,,PENDING,0,0,0,0,,,,,,,,,,,,
tests/unit/p2_rejection_test.cpp,aux,no,tests,production,98,,,,,PENDING,0,0,0,0,,,,,,,,,,,,
tests/unit/p2_seam_gate_test.cpp,aux,no,tests,production,102,,,,,PENDING,0,0,0,0,,,,,,,,,,,,
tests/unit/p2_upm_synthetic_test.cpp,aux,no,tests,production,134,,,,,PENDING,0,0,0,0,,,,,,,,,,,,
tests/unit/p2_workers_test.cpp,aux,no,tests,production,152,,,,,PENDING,0,0,0,0,,,,,,,,,,,,
tests/unit/p3002_real_nodes_test.cpp,aux,no,tests,production,448,,,,,PENDING,0,0,0,0,,,,,,,,,,,,
tests/unit/p3002_uncertainty_test.cpp,aux,no,tests,production,824,,,,,PENDING,0,0,0,0,,,,,,,,,,,,
tests/unit/p3_assembly_test.cpp,aux,no,tests,production,137,,,,,PENDING,0,0,0,0,,,,,,,,,,,,
tests/unit/p3_coverage_test.cpp,aux,no,tests,production,106,,,,,PENDING,0,0,0,0,,,,,,,,,,,,
tests/unit/p3_interp_test.cpp,aux,no,tests,production,109,,,,,PENDING,0,0,0,0,,,,,,,,,,,,
tests/unit/p3_output_test.cpp,aux,no,tests,production,153,,,,,PENDING,0,0,0,0,,,,,,,,,,,,
tests/unit/p3_projection_test.cpp,aux,no,tests,production,634,,,,,PENDING,0,0,0,0,,,,,,,,,,,,
tests/unit/p3_sampler_cache_test.cpp,aux,no,tests,production,306,,,,,PENDING,0,0,0,0,,,,,,,,,,,,
tests/unit/rt001_abi_test.cpp,aux,no,tests,production,112,,,,,PENDING,0,0,0,0,,,,,,,,,,,,
tests/unit/rt001_unique_executor_test.cpp,aux,no,tests,production,354,,,,,PENDING,0,0,0,0,,,,,,,,,,,,
tests/unit/rt002_budget_test.cpp,aux,no,tests,production,166,,,,,PENDING,0,0,0,0,,,,,,,,,,,,
tests/unit/rt003_context_test.cpp,aux,no,tests,production,119,,,,,PENDING,0,0,0,0,,,,,,,,,,,,
tests/unit/rt005_registry_test.cpp,aux,no,tests,production,173,,,,,PENDING,0,0,0,0,,,,,,,,,,,,
tests/unit/rt006_scheduler_test.cpp,aux,no,tests,production,225,,,,,PENDING,0,0,0,0,,,,,,,,,,,,
tests/unit/rt007_artifact_store_test.cpp,aux,no,tests,production,167,,,,,PENDING,0,0,0,0,,,,,,,,,,,,
tests/unit/rt008_runtime_client_test.cpp,aux,no,tests,production,82,,,,,PENDING,0,0,0,0,,,,,,,,,,,,
tests/unit/rt009_node_trace_test.cpp,aux,no,tests,production,83,,,,,PENDING,0,0,0,0,,,,,,,,,,,,
tests/unit/v6_aio/CMakeLists.txt,aux,no,tests,production,0,,,,,PENDING,0,0,0,0,,,,,,,,,,,,
tests/unit/v6_aio/mutations/mutate_and_check.py,aux,no,tests,production,0,,,,,PENDING,0,0,0,0,,,,,,,,,,,,
tests/unit/v6_aio/oracle/v6_aio_oracle.py,aux,no,tests,production,0,,,,,PENDING,0,0,0,0,,,,,,,,,,,,
tests/unit/v6_aio/oracle/v6_aio_oracle_lib.py,aux,no,tests,production,0,,,,,PENDING,0,0,0,0,,,,,,,,,,,,
tests/unit/v6_aio/oracle/v6_aio_oracle_negative.py,aux,no,tests,production,0,,,,,PENDING,0,0,0,0,,,,,,,,,,,,
tests/unit/v6_aio/v6_aio_test.cpp,aux,no,tests,production,755,,,,,PENDING,0,0,0,0,,,,,,,,,,,,
tests/unit/v6_p1_cal/CMakeLists.txt,aux,no,tests,production,0,,,,,PENDING,0,0,0,0,,,,,,,,,,,,
tests/unit/v6_p1_cal/v6_cal_covariance_test.cpp,aux,no,tests,production,755,,,,,PENDING,0,0,0,0,,,,,,,,,,,,
tests/unit/v6_p1_cal/v6_cal_oracle.hpp,aux,no,tests,production,135,,,,,PENDING,0,0,0,0,,,,,,,,,,,,
tests/unit/v6_p1_cal/v6_cal_test_support.hpp,aux,no,tests,production,70,,,,,PENDING,0,0,0,0,,,,,,,,,,,,
tests/unit/v6_p1_drz/CMakeLists.txt,aux,no,tests,production,0,,,,,PENDING,0,0,0,0,,,,,,,,,,,,
tests/unit/v6_p1_drz/v6_p1_drz_oracle.hpp,aux,no,tests,production,158,,,,,PENDING,0,0,0,0,,,,,,,,,,,,
tests/unit/v6_p1_drz/v6_p1_drz_test.cpp,aux,no,tests,production,664,,,,,PENDING,0,0,0,0,,,,,,,,,,,,
tests/unit/v6_p1_psfw/CMakeLists.txt,aux,no,tests,production,0,,,,,PENDING,0,0,0,0,,,,,,,,,,,,
tests/unit/v6_p1_psfw/p1psfw_fixtures.hpp,aux,no,tests,production,134,,,,,PENDING,0,0,0,0,,,,,,,,,,,,
tests/unit/v6_p1_psfw/p1psfw_oracle.hpp,aux,no,tests,production,258,,,,,PENDING,0,0,0,0,,,,,,,,,,,,
tests/unit/v6_p1_psfw/p1psfw_test_main.hpp,aux,no,tests,production,94,,,,,PENDING,0,0,0,0,,,,,,,,,,,,
tests/unit/v6_p1_psfw/p1psfw_tests_anea.cpp,aux,no,tests,production,99,,,,,PENDING,0,0,0,0,,,,,,,,,,,,
tests/unit/v6_p1_psfw/p1psfw_tests_gates.cpp,aux,no,tests,production,128,,,,,PENDING,0,0,0,0,,,,,,,,,,,,
tests/unit/v6_p1_psfw/p1psfw_tests_negative.cpp,aux,no,tests,production,163,,,,,PENDING,0,0,0,0,,,,,,,,,,,,
tests/unit/v6_p1_psfw/p1psfw_tests_oracle.cpp,aux,no,tests,production,129,,,,,PENDING,0,0,0,0,,,,,,,,,,,,
tests/unit/v6_p1_psfw/p1psfw_tests_psfsw.cpp,aux,no,tests,production,171,,,,,PENDING,0,0,0,0,,,,,,,,,,,,
tests/unit/v6_p1_psfw/p1psfw_tests_record.cpp,aux,no,tests,production,184,,,,,PENDING,0,0,0,0,,,,,,,,,,,,
tests/unit/v6_p1_psfw/p1psfw_tests_winfo.cpp,aux,no,tests,production,152,,,,,PENDING,0,0,0,0,,,,,,,,,,,,
tests/unit/v6_p1_psfw/tests_main.cpp,aux,no,tests,production,25,,,,,PENDING,0,0,0,0,,,,,,,,,,,,
tests/unit/v6_p2_rej/CMakeLists.txt,aux,no,tests,production,0,,,,,PENDING,0,0,0,0,,,,,,,,,,,,
tests/unit/v6_p2_rej/oracle_expected.inc,aux,no,tests,production,0,,,,,PENDING,0,0,0,0,,,,,,,,,,,,
tests/unit/v6_p2_rej/oracle_rej.py,aux,no,tests,production,0,,,,,PENDING,0,0,0,0,,,,,,,,,,,,
tests/unit/v6_p2_rej/p2_rej_v6_test.cpp,aux,no,tests,production,931,,,,,PENDING,0,0,0,0,,,,,,,,,,,,
tests/unit/v6_p2_samp/CMakeLists.txt,aux,no,tests,production,0,,,,,PENDING,0,0,0,0,,,,,,,,,,,,
tests/unit/v6_p2_samp/v6_p2_samp_test.cpp,aux,no,tests,production,823,,,,,PENDING,0,0,0,0,,,,,,,,,,,,
tests/unit/v6_p2_sky/CMakeLists.txt,aux,no,tests,production,0,,,,,PENDING,0,0,0,0,,,,,,,,,,,,
tests/unit/v6_p2_sky/v6_p2_sky_test.cpp,aux,no,tests,production,586,,,,,PENDING,0,0,0,0,,,,,,,,,,,,
tests/unit/v6_p2_upm/CMakeLists.txt,aux,no,tests,production,0,,,,,PENDING,0,0,0,0,,,,,,,,,,,,
tests/unit/v6_p2_upm/oracle/anchors.json,aux,no,tests,production,0,,,,,PENDING,0,0,0,0,,,,,,,,,,,,
tests/unit/v6_p2_upm/oracle/upm_ma_oracle.py,aux,no,tests,production,0,,,,,PENDING,0,0,0,0,,,,,,,,,,,,
tests/unit/v6_p2_upm/v6_p2_upm_ma_test.cpp,aux,no,tests,production,629,,,,,PENDING,0,0,0,0,,,,,,,,,,,,
tests/unit/v6_p3_proj/CMakeLists.txt,aux,no,tests,production,0,,,,,PENDING,0,0,0,0,,,,,,,,,,,,
tests/unit/v6_p3_proj/p3_proj_legacy_deviation.py,aux,no,tests,production,0,,,,,PENDING,0,0,0,0,,,,,,,,,,,,
tests/unit/v6_p3_proj/p3_proj_wcs_oracle.py,aux,no,tests,production,0,,,,,PENDING,0,0,0,0,,,,,,,,,,,,
tests/unit/v6_p3_proj/v6_p3_proj_legacy_probe.cpp,aux,no,tests,production,53,,,,,PENDING,0,0,0,0,,,,,,,,,,,,
tests/unit/v6_p3_proj/v6_p3_proj_probe.cpp,aux,no,tests,production,183,,,,,PENDING,0,0,0,0,,,,,,,,,,,,
tests/unit/v6_p3_proj/v6_p3_proj_test.cpp,aux,no,tests,production,715,,,,,PENDING,0,0,0,0,,,,,,,,,,,,
tests/unit/v6_p3_rsmp/CMakeLists.txt,aux,no,tests,production,0,,,,,PENDING,0,0,0,0,,,,,,,,,,,,
tests/unit/v6_p3_rsmp/p3_rsmp_core_test.cpp,aux,no,tests,production,375,,,,,PENDING,0,0,0,0,,,,,,,,,,,,
tests/unit/v6_p3_rsmp/p3_rsmp_gate_test.cpp,aux,no,tests,production,365,,,,,PENDING,0,0,0,0,,,,,,,,,,,,
tests/unit/v6_p3_rsmp/p3_rsmp_oracle.h,aux,no,tests,production,260,,,,,PENDING,0,0,0,0,,,,,,,,,,,,
tests/unit/v6_p3_rsmp/p3_rsmp_oracle_test.cpp,aux,no,tests,production,159,,,,,PENDING,0,0,0,0,,,,,,,,,,,,
tests/unit/v6_p3_rsmp/p3_rsmp_scenarios.h,aux,no,tests,production,72,,,,,PENDING,0,0,0,0,,,,,,,,,,,,
tests/unit/v6_p3_rsmp/p3_rsmp_test_util.h,aux,no,tests,production,75,,,,,PENDING,0,0,0,0,,,,,,,,,,,,
tests/unit/v6_p3_rsmp/run_mutations.py,aux,no,tests,production,0,,,,,PENDING,0,0,0,0,,,,,,,,,,,,
tests/unit/v6_p3_rsmp/run_verification.sh,aux,no,tests,production,0,,,,,PENDING,0,0,0,0,,,,,,,,,,,,
tests/unit/v6_p3_rsmp/write_evidence.py,aux,no,tests,production,0,,,,,PENDING,0,0,0,0,,,,,,,,,,,,
tests/unit/xpsd_spectrum_count_bounds_test.c,aux,no,tests,production,122,,,,,PENDING,0,0,0,0,,,,,,,,,,,,
tests/validation/release02/README.md,aux,no,tests,production,0,,,,,PENDING,0,0,0,0,,,,,,,,,,,,
tests/validation/release02/__init__.py,aux,no,tests,production,0,,,,,PENDING,0,0,0,0,,,,,,,,,,,,
tests/validation/release02/c_delta_composition/Ck_robust.py,aux,no,tests,production,0,,,,,PENDING,0,0,0,0,,,,,,,,,,,,
tests/validation/release02/c_delta_composition/Ck_vs_M.py,aux,no,tests,production,0,,,,,PENDING,0,0,0,0,,,,,,,,,,,,
tests/validation/release02/c_delta_composition/c_delta_comp.json,aux,no,tests,production,0,,,,,PENDING,0,0,0,0,,,,,,,,,,,,
tests/validation/release02/c_delta_composition/c_delta_comp.py,aux,no,tests,production,0,,,,,PENDING,0,0,0,0,,,,,,,,,,,,
tests/validation/release02/c_delta_composition/check_renders.py,aux,no,tests,production,0,,,,,PENDING,0,0,0,0,,,,,,,,,,,,
tests/validation/release02/c_delta_composition/controls_rank1.py,aux,no,tests,production,0,,,,,PENDING,0,0,0,0,,,,,,,,,,,,
tests/validation/release02/c_delta_composition/convergence.py,aux,no,tests,production,0,,,,,PENDING,0,0,0,0,,,,,,,,,,,,
tests/validation/release02/c_delta_composition/convergence_trend.py,aux,no,tests,production,0,,,,,PENDING,0,0,0,0,,,,,,,,,,,,
tests/validation/release02/c_delta_composition/corrected_pairs.py,aux,no,tests,production,0,,,,,PENDING,0,0,0,0,,,,,,,,,,,,
tests/validation/release02/c_delta_composition/counterfactual_gk.json,aux,no,tests,production,0,,,,,PENDING,0,0,0,0,,,,,,,,,,,,
tests/validation/release02/c_delta_composition/counterfactual_gk.py,aux,no,tests,production,0,,,,,PENDING,0,0,0,0,,,,,,,,,,,,
tests/validation/release02/c_delta_composition/delta_seam_cause.py,aux,no,tests,production,0,,,,,PENDING,0,0,0,0,,,,,,,,,,,,
tests/validation/release02/c_delta_composition/delta_vs_C.py,aux,no,tests,production,0,,,,,PENDING,0,0,0,0,,,,,,,,,,,,
tests/validation/release02/c_delta_composition/gk_est.json,aux,no,tests,production,0,,,,,PENDING,0,0,0,0,,,,,,,,,,,,
tests/validation/release02/c_delta_composition/map_test.py,aux,no,tests,production,0,,,,,PENDING,0,0,0,0,,,,,,,,,,,,
tests/validation/release02/c_delta_composition/map_test2.py,aux,no,tests,production,0,,,,,PENDING,0,0,0,0,,,,,,,,,,,,
tests/validation/release02/c_delta_composition/mult_test1.py,aux,no,tests,production,0,,,,,PENDING,0,0,0,0,,,,,,,,,,,,
tests/validation/release02/c_delta_composition/mult_test2.py,aux,no,tests,production,0,,,,,PENDING,0,0,0,0,,,,,,,,,,,,
tests/validation/release02/c_delta_composition/mult_test3.py,aux,no,tests,production,0,,,,,PENDING,0,0,0,0,,,,,,,,,,,,
tests/validation/release02/c_delta_composition/pair_fits.json,aux,no,tests,production,0,,,,,PENDING,0,0,0,0,,,,,,,,,,,,
tests/validation/release02/c_delta_composition/parse_model.py,aux,no,tests,production,0,,,,,PENDING,0,0,0,0,,,,,,,,,,,,
tests/validation/release02/c_delta_composition/seam_fixed.py,aux,no,tests,production,0,,,,,PENDING,0,0,0,0,,,,,,,,,,,,
tests/validation/release02/c_delta_composition/seam_measure.py,aux,no,tests,production,0,,,,,PENDING,0,0,0,0,,,,,,,,,,,,
tests/validation/release02/c_delta_composition/seam_meta.json,aux,no,tests,production,0,,,,,PENDING,0,0,0,0,,,,,,,,,,,,
tests/validation/release02/c_delta_composition/seam_vs_bg.json,aux,no,tests,production,0,,,,,PENDING,0,0,0,0,,,,,,,,,,,,
tests/validation/release02/c_delta_composition/seam_vs_bg.py,aux,no,tests,production,0,,,,,PENDING,0,0,0,0,,,,,,,,,,,,
tests/validation/release02/c_delta_composition/verify_corr.py,aux,no,tests,production,0,,,,,PENDING,0,0,0,0,,,,,,,,,,,,
tests/validation/release02/c_delta_composition/which_correction.py,aux,no,tests,production,0,,,,,PENDING,0,0,0,0,,,,,,,,,,,,
tests/validation/release02/fix_p1_photometry_apply/l4_photometry_fit_snippet.json,aux,no,tests,production,0,,,,,PENDING,0,0,0,0,,,,,,,,,,,,
tests/validation/release02/fix_p1_photometry_apply/ma_cmd.txt,aux,no,tests,production,0,,,,,PENDING,0,0,0,0,,,,,,,,,,,,
tests/validation/release02/fix_p1_photometry_apply/oracle_build.log,aux,no,tests,production,0,,,,,PENDING,0,0,0,0,,,,,,,,,,,,
tests/validation/release02/fix_p1_photometry_apply/oracle_output.txt,aux,no,tests,production,0,,,,,PENDING,0,0,0,0,,,,,,,,,,,,
tests/validation/release02/fix_p1_photometry_apply/oracle_stderr.txt,aux,no,tests,production,0,,,,,PENDING,0,0,0,0,,,,,,,,,,,,
tests/validation/release02/fix_p1_photometry_apply/p1001_cmd.txt,aux,no,tests,production,0,,,,,PENDING,0,0,0,0,,,,,,,,,,,,
tests/validation/release02/fix_p1_photometry_apply/p1_apply_oracle.cpp,aux,no,tests,production,160,,,,,PENDING,0,0,0,0,,,,,,,,,,,,
tests/validation/release02/fix_p1_photometry_apply/p1_photscale_example.json,aux,no,tests,production,0,,,,,PENDING,0,0,0,0,,,,,,,,,,,,
tests/validation/release02/fix_p1_photometry_apply/p1_qf_oracle.cpp,aux,no,tests,production,161,,,,,PENDING,0,0,0,0,,,,,,,,,,,,
tests/validation/release02/fix_p1_photometry_apply/qf_oracle_build.log,aux,no,tests,production,0,,,,,PENDING,0,0,0,0,,,,,,,,,,,,
tests/validation/release02/fix_p1_photometry_apply/qf_oracle_output.txt,aux,no,tests,production,0,,,,,PENDING,0,0,0,0,,,,,,,,,,,,
tests/validation/release02/fix_p1_photometry_apply/qf_oracle_stderr.txt,aux,no,tests,production,0,,,,,PENDING,0,0,0,0,,,,,,,,,,,,
tests/validation/release02/fix_p1_photometry_apply/syntax_frame_fit.log,aux,no,tests,production,0,,,,,PENDING,0,0,0,0,,,,,,,,,,,,
tests/validation/release02/fix_p1_photometry_apply/syntax_module_adapters.log,aux,no,tests,production,0,,,,,PENDING,0,0,0,0,,,,,,,,,,,,
tests/validation/release02/fix_p1_photometry_apply/syntax_p1001_test.log,aux,no,tests,production,0,,,,,PENDING,0,0,0,0,,,,,,,,,,,,
tests/validation/release02/fix_p1_photometry_apply/syntax_pc_api.log,aux,no,tests,production,0,,,,,PENDING,0,0,0,0,,,,,,,,,,,,
tests/validation/release02/fix_p2a_seam_oracle/build.sh,aux,no,tests,production,0,,,,,PENDING,0,0,0,0,,,,,,,,,,,,
tests/validation/release02/fix_p2a_seam_oracle/ma_syntax.log,aux,no,tests,production,0,,,,,PENDING,0,0,0,0,,,,,,,,,,,,
tests/validation/release02/fix_p2a_seam_oracle/oracle_out.txt,aux,no,tests,production,0,,,,,PENDING,0,0,0,0,,,,,,,,,,,,
tests/validation/release02/fix_p2a_seam_oracle/p2a_oracle.cpp,aux,no,tests,production,273,,,,,PENDING,0,0,0,0,,,,,,,,,,,,
tests/validation/release02/fix_p2a_seam_oracle/test_syntax.log,aux,no,tests,production,0,,,,,PENDING,0,0,0,0,,,,,,,,,,,,
tests/validation/release02/fix_p2a_seam_oracle/upm_syntax.log,aux,no,tests,production,0,,,,,PENDING,0,0,0,0,,,,,,,,,,,,
tests/validation/release02/fix_p2b_variance_oracle/build_oracle.sh,aux,no,tests,production,0,,,,,PENDING,0,0,0,0,,,,,,,,,,,,
tests/validation/release02/fix_p2b_variance_oracle/oracle_build.log,aux,no,tests,production,0,,,,,PENDING,0,0,0,0,,,,,,,,,,,,
tests/validation/release02/fix_p2b_variance_oracle/oracle_output.txt,aux,no,tests,production,0,,,,,PENDING,0,0,0,0,,,,,,,,,,,,
tests/validation/release02/fix_p2b_variance_oracle/oracle_output_red.txt,aux,no,tests,production,0,,,,,PENDING,0,0,0,0,,,,,,,,,,,,
tests/validation/release02/fix_p2b_variance_oracle/patch_apply2.py,aux,no,tests,production,0,,,,,PENDING,0,0,0,0,,,,,,,,,,,,
tests/validation/release02/fix_p2b_variance_oracle/patch_integrate.py,aux,no,tests,production,0,,,,,PENDING,0,0,0,0,,,,,,,,,,,,
tests/validation/release02/fix_p2b_variance_oracle/patch_integrate2.py,aux,no,tests,production,0,,,,,PENDING,0,0,0,0,,,,,,,,,,,,
tests/validation/release02/fix_p2b_variance_oracle/realdata_evidence.py,aux,no,tests,production,0,,,,,PENDING,0,0,0,0,,,,,,,,,,,,
tests/validation/release02/fix_p2b_variance_oracle/realdata_evidence.txt,aux,no,tests,production,0,,,,,PENDING,0,0,0,0,,,,,,,,,,,,
tests/validation/release02/fix_p2b_variance_oracle/run_wc_selfcheck.sh,aux,no,tests,production,0,,,,,PENDING,0,0,0,0,,,,,,,,,,,,
tests/validation/release02/fix_p2b_variance_oracle/syntax_check.sh,aux,no,tests,production,0,,,,,PENDING,0,0,0,0,,,,,,,,,,,,
tests/validation/release02/fix_p2b_variance_oracle/syntax_check2.sh,aux,no,tests,production,0,,,,,PENDING,0,0,0,0,,,,,,,,,,,,
tests/validation/release02/fix_p2b_variance_oracle/variance_oracle.cpp,aux,no,tests,production,221,,,,,PENDING,0,0,0,0,,,,,,,,,,,,
tests/validation/release02/fix_p2b_variance_oracle/wc_selfcheck.txt,aux,no,tests,production,0,,,,,PENDING,0,0,0,0,,,,,,,,,,,,
tests/validation/release02/fix_p2b_variance_oracle/wc_selfcheck_build.log,aux,no,tests,production,0,,,,,PENDING,0,0,0,0,,,,,,,,,,,,
tests/validation/release02/phot_verify/debug2.py,aux,no,tests,production,0,,,,,PENDING,0,0,0,0,,,,,,,,,,,,
tests/validation/release02/phot_verify/debug3.py,aux,no,tests,production,0,,,,,PENDING,0,0,0,0,,,,,,,,,,,,
tests/validation/release02/phot_verify/debug_m1m2.py,aux,no,tests,production,0,,,,,PENDING,0,0,0,0,,,,,,,,,,,,
tests/validation/release02/phot_verify/evidence_summary.json,aux,no,tests,production,0,,,,,PENDING,0,0,0,0,,,,,,,,,,,,
tests/validation/release02/phot_verify/evidence_wiring.txt,aux,no,tests,production,0,,,,,PENDING,0,0,0,0,,,,,,,,,,,,
tests/validation/release02/phot_verify/make_summary.py,aux,no,tests,production,0,,,,,PENDING,0,0,0,0,,,,,,,,,,,,
tests/validation/release02/phot_verify/pair_probe.json,aux,no,tests,production,0,,,,,PENDING,0,0,0,0,,,,,,,,,,,,
tests/validation/release02/phot_verify/pair_ratio.py,aux,no,tests,production,0,,,,,PENDING,0,0,0,0,,,,,,,,,,,,
tests/validation/release02/phot_verify/pair_results.json,aux,no,tests,production,0,,,,,PENDING,0,0,0,0,,,,,,,,,,,,
tests/validation/release02/phot_verify/pixel_measure.py,aux,no,tests,production,0,,,,,PENDING,0,0,0,0,,,,,,,,,,,,
tests/validation/release02/phot_verify/pixel_results.json,aux,no,tests,production,0,,,,,PENDING,0,0,0,0,,,,,,,,,,,,
tests/validation/release02/phot_verify/probe_pairs.py,aux,no,tests,production,0,,,,,PENDING,0,0,0,0,,,,,,,,,,,,
tests/validation/release02/phot_verify/radius_test.py,aux,no,tests,production,0,,,,,PENDING,0,0,0,0,,,,,,,,,,,,
tests/validation/release02/phot_verify/run_all_pairs.py,aux,no,tests,production,0,,,,,PENDING,0,0,0,0,,,,,,,,,,,,
tests/validation/release02/phot_verify/run_pixel.py,aux,no,tests,production,0,,,,,PENDING,0,0,0,0,,,,,,,,,,,,
tests/validation/release02/phot_verify/sky_vignette.json,aux,no,tests,production,0,,,,,PENDING,0,0,0,0,,,,,,,,,,,,
tests/validation/release02/phot_verify/sky_vignette.py,aux,no,tests,production,0,,,,,PENDING,0,0,0,0,,,,,,,,,,,,
tests/validation/release02/phot_verify/summarize.py,aux,no,tests,production,0,,,,,PENDING,0,0,0,0,,,,,,,,,,,,
tests/validation/release02/phot_verify/vignette_test.json,aux,no,tests,production,0,,,,,PENDING,0,0,0,0,,,,,,,,,,,,
tests/validation/release02/phot_verify/vignette_test.py,aux,no,tests,production,0,,,,,PENDING,0,0,0,0,,,,,,,,,,,,
tests/validation/release02/phot_verify/wcs_lib.py,aux,no,tests,production,0,,,,,PENDING,0,0,0,0,,,,,,,,,,,,
tests/validation/release02/q1_photometry_gradient/real_data.json,aux,no,tests,production,0,,,,,PENDING,0,0,0,0,,,,,,,,,,,,
tests/validation/release02/q1_photometry_gradient/real_data2.json,aux,no,tests,production,0,,,,,PENDING,0,0,0,0,,,,,,,,,,,,
tests/validation/release02/q1_photometry_gradient/spatial_calib.json,aux,no,tests,production,0,,,,,PENDING,0,0,0,0,,,,,,,,,,,,
tests/validation/release02/q1_photometry_gradient/src/real_data.py,aux,no,tests,production,0,,,,,PENDING,0,0,0,0,,,,,,,,,,,,
tests/validation/release02/q1_photometry_gradient/src/real_data2.py,aux,no,tests,production,0,,,,,PENDING,0,0,0,0,,,,,,,,,,,,
tests/validation/release02/q1_photometry_gradient/src/spatial_calib.py,aux,no,tests,production,0,,,,,PENDING,0,0,0,0,,,,,,,,,,,,
tests/validation/release02/q1_photometry_gradient/src/star_precision.py,aux,no,tests,production,0,,,,,PENDING,0,0,0,0,,,,,,,,,,,,
tests/validation/release02/q1_photometry_gradient/src/star_residual.py,aux,no,tests,production,0,,,,,PENDING,0,0,0,0,,,,,,,,,,,,
tests/validation/release02/q1_photometry_gradient/src/synth_core.py,aux,no,tests,production,0,,,,,PENDING,0,0,0,0,,,,,,,,,,,,
tests/validation/release02/q1_photometry_gradient/star_precision.json,aux,no,tests,production,0,,,,,PENDING,0,0,0,0,,,,,,,,,,,,
tests/validation/release02/q1_photometry_gradient/star_residual.json,aux,no,tests,production,0,,,,,PENDING,0,0,0,0,,,,,,,,,,,,
tests/validation/release02/q1_photometry_gradient/synth_core.json,aux,no,tests,production,0,,,,,PENDING,0,0,0,0,,,,,,,,,,,,
tests/validation/release02/q2_snr_smoothness/debug_gs.py,aux,no,tests,production,0,,,,,PENDING,0,0,0,0,,,,,,,,,,,,
tests/validation/release02/q2_snr_smoothness/pollution_q2.py,aux,no,tests,production,0,,,,,PENDING,0,0,0,0,,,,,,,,,,,,
tests/validation/release02/q2_snr_smoothness/pollution_results.json,aux,no,tests,production,0,,,,,PENDING,0,0,0,0,,,,,,,,,,,,
tests/validation/release02/q2_snr_smoothness/realdata/loci.json,aux,no,tests,production,0,,,,,PENDING,0,0,0,0,,,,,,,,,,,,
tests/validation/release02/q2_snr_smoothness/realdata/realdata_seam.log,aux,no,tests,production,0,,,,,PENDING,0,0,0,0,,,,,,,,,,,,
tests/validation/release02/q2_snr_smoothness/realdata/stageAB.log,aux,no,tests,production,0,,,,,PENDING,0,0,0,0,,,,,,,,,,,,
tests/validation/release02/q2_snr_smoothness/realdata/stageAB_nmap_loci.py,aux,no,tests,production,0,,,,,PENDING,0,0,0,0,,,,,,,,,,,,
tests/validation/release02/q2_snr_smoothness/realdata/stageB.log,aux,no,tests,production,0,,,,,PENDING,0,0,0,0,,,,,,,,,,,,
tests/validation/release02/q2_snr_smoothness/realdata/stageB_loci.py,aux,no,tests,production,0,,,,,PENDING,0,0,0,0,,,,,,,,,,,,
tests/validation/release02/q2_snr_smoothness/realdata/stageC.log,aux,no,tests,production,0,,,,,PENDING,0,0,0,0,,,,,,,,,,,,
tests/validation/release02/q2_snr_smoothness/realdata/stageC2.log,aux,no,tests,production,0,,,,,PENDING,0,0,0,0,,,,,,,,,,,,
tests/validation/release02/q2_snr_smoothness/realdata/stageC2_profile.py,aux,no,tests,production,0,,,,,PENDING,0,0,0,0,,,,,,,,,,,,
tests/validation/release02/q2_snr_smoothness/realdata/stageC_steps.json,aux,no,tests,production,0,,,,,PENDING,0,0,0,0,,,,,,,,,,,,
tests/validation/release02/q2_snr_smoothness/realdata/stageC_steps.py,aux,no,tests,production,0,,,,,PENDING,0,0,0,0,,,,,,,,,,,,
tests/validation/release02/q2_snr_smoothness/realdata/stageD.log,aux,no,tests,production,0,,,,,PENDING,0,0,0,0,,,,,,,,,,,,
tests/validation/release02/q2_snr_smoothness/realdata/stageD2.log,aux,no,tests,production,0,,,,,PENDING,0,0,0,0,,,,,,,,,,,,
tests/validation/release02/q2_snr_smoothness/realdata/stageD2_frames.py,aux,no,tests,production,0,,,,,PENDING,0,0,0,0,,,,,,,,,,,,
tests/validation/release02/q2_snr_smoothness/realdata/stageD_samples.py,aux,no,tests,production,0,,,,,PENDING,0,0,0,0,,,,,,,,,,,,
tests/validation/release02/q2_snr_smoothness/realdata/stageE.log,aux,no,tests,production,0,,,,,PENDING,0,0,0,0,,,,,,,,,,,,
tests/validation/release02/q2_snr_smoothness/realdata/stageE2.log,aux,no,tests,production,0,,,,,PENDING,0,0,0,0,,,,,,,,,,,,
tests/validation/release02/q2_snr_smoothness/realdata/stageE2_nosearch.json,aux,no,tests,production,0,,,,,PENDING,0,0,0,0,,,,,,,,,,,,
tests/validation/release02/q2_snr_smoothness/realdata/stageE2_nosearch.py,aux,no,tests,production,0,,,,,PENDING,0,0,0,0,,,,,,,,,,,,
tests/validation/release02/q2_snr_smoothness/realdata/stageE_final.py,aux,no,tests,production,0,,,,,PENDING,0,0,0,0,,,,,,,,,,,,
tests/validation/release02/q2_snr_smoothness/realdata/stageF_assemble.py,aux,no,tests,production,0,,,,,PENDING,0,0,0,0,,,,,,,,,,,,
tests/validation/release02/q2_snr_smoothness/realdata/stageG_patch.py,aux,no,tests,production,0,,,,,PENDING,0,0,0,0,,,,,,,,,,,,
tests/validation/release02/q2_snr_smoothness/realdata/stageH_log.py,aux,no,tests,production,0,,,,,PENDING,0,0,0,0,,,,,,,,,,,,
tests/validation/release02/q2_snr_smoothness/realdata_formulation.json,aux,no,tests,production,0,,,,,PENDING,0,0,0,0,,,,,,,,,,,,
tests/validation/release02/q2_snr_smoothness/realdata_q2.py,aux,no,tests,production,0,,,,,PENDING,0,0,0,0,,,,,,,,,,,,
tests/validation/release02/q2_snr_smoothness/synth_q2.py,aux,no,tests,production,0,,,,,PENDING,0,0,0,0,,,,,,,,,,,,
tests/validation/release02/q2_snr_smoothness/synth_q2_v2.py,aux,no,tests,production,0,,,,,PENDING,0,0,0,0,,,,,,,,,,,,
tests/validation/release02/q2_snr_smoothness/synth_q2_v3.py,aux,no,tests,production,0,,,,,PENDING,0,0,0,0,,,,,,,,,,,,
tests/validation/release02/q2_snr_smoothness/synth_results.json,aux,no,tests,production,0,,,,,PENDING,0,0,0,0,,,,,,,,,,,,
tests/validation/release02/q2_snr_smoothness/synth_results_v3.json,aux,no,tests,production,0,,,,,PENDING,0,0,0,0,,,,,,,,,,,,
tests/validation/release02/q2_snr_smoothness/synth_v3.log,aux,no,tests,production,0,,,,,PENDING,0,0,0,0,,,,,,,,,,,,
tests/validation/release02/q2_snr_smoothness/weight_consistency.json,aux,no,tests,production,0,,,,,PENDING,0,0,0,0,,,,,,,,,,,,
tests/validation/release02/q2_snr_smoothness/weight_consistency_q2.py,aux,no,tests,production,0,,,,,PENDING,0,0,0,0,,,,,,,,,,,,
tests/validation/release02/q3_additive_truth/data/alpha_final.json,aux,no,tests,production,0,,,,,PENDING,0,0,0,0,,,,,,,,,,,,
tests/validation/release02/q3_additive_truth/data/apflux.json,aux,no,tests,production,0,,,,,PENDING,0,0,0,0,,,,,,,,,,,,
tests/validation/release02/q3_additive_truth/data/pair_detail.json,aux,no,tests,production,0,,,,,PENDING,0,0,0,0,,,,,,,,,,,,
tests/validation/release02/q3_additive_truth/data/pairs_star.json,aux,no,tests,production,0,,,,,PENDING,0,0,0,0,,,,,,,,,,,,
tests/validation/release02/q3_additive_truth/data/pairs_wcs.json,aux,no,tests,production,0,,,,,PENDING,0,0,0,0,,,,,,,,,,,,
tests/validation/release02/q3_additive_truth/data/ratio_vs_signal.json,aux,no,tests,production,0,,,,,PENDING,0,0,0,0,,,,,,,,,,,,
tests/validation/release02/q3_additive_truth/data/summary.json,aux,no,tests,production,0,,,,,PENDING,0,0,0,0,,,,,,,,,,,,
tests/validation/release02/q3_additive_truth/src/q3core.py,aux,no,tests,production,0,,,,,PENDING,0,0,0,0,,,,,,,,,,,,
tests/validation/release02/q3_additive_truth/src/q3hp.py,aux,no,tests,production,0,,,,,PENDING,0,0,0,0,,,,,,,,,,,,
tests/validation/release02/q3_additive_truth/src/q3lib.py,aux,no,tests,production,0,,,,,PENDING,0,0,0,0,,,,,,,,,,,,
tests/validation/release02/q3_additive_truth/src/step10_figs.py,aux,no,tests,production,0,,,,,PENDING,0,0,0,0,,,,,,,,,,,,
tests/validation/release02/q3_additive_truth/src/step2_alpha.py,aux,no,tests,production,0,,,,,PENDING,0,0,0,0,,,,,,,,,,,,
tests/validation/release02/q3_additive_truth/src/step3_starphot.py,aux,no,tests,production,0,,,,,PENDING,0,0,0,0,,,,,,,,,,,,
tests/validation/release02/q3_additive_truth/src/step4_allpairs.py,aux,no,tests,production,0,,,,,PENDING,0,0,0,0,,,,,,,,,,,,
tests/validation/release02/q3_additive_truth/src/step4b_wcs.py,aux,no,tests,production,0,,,,,PENDING,0,0,0,0,,,,,,,,,,,,
tests/validation/release02/q3_additive_truth/src/step5_pairdetail.py,aux,no,tests,production,0,,,,,PENDING,0,0,0,0,,,,,,,,,,,,
tests/validation/release02/q3_additive_truth/src/step6_synth.py,aux,no,tests,production,0,,,,,PENDING,0,0,0,0,,,,,,,,,,,,
tests/validation/release02/q3_additive_truth/src/step7_apflux.py,aux,no,tests,production,0,,,,,PENDING,0,0,0,0,,,,,,,,,,,,
tests/validation/release02/q3_additive_truth/src/step8_alpha_final.py,aux,no,tests,production,0,,,,,PENDING,0,0,0,0,,,,,,,,,,,,
tests/validation/release02/q3_additive_truth/src/step9_summary.py,aux,no,tests,production,0,,,,,PENDING,0,0,0,0,,,,,,,,,,,,
tests/validation/release02/unc_propagation/audit_evidence.py,aux,no,tests,production,0,,,,,PENDING,0,0,0,0,,,,,,,,,,,,
tests/validation/release02/unc_propagation/build.log,aux,no,tests,production,0,,,,,PENDING,0,0,0,0,,,,,,,,,,,,
tests/validation/release02/unc_propagation/code_facts_and_realdata.log,aux,no,tests,production,0,,,,,PENDING,0,0,0,0,,,,,,,,,,,,
tests/validation/release02/unc_propagation/oracle_output.txt,aux,no,tests,production,0,,,,,PENDING,0,0,0,0,,,,,,,,,,,,
tests/validation/release02/unc_propagation/unc_prop_oracle.cpp,aux,no,tests,production,112,,,,,PENDING,0,0,0,0,,,,,,,,,,,,
tests/version/__init__.py,aux,no,tests,production,0,,,,,PENDING,0,0,0,0,,,,,,,,,,,,
tests/version/test_adopt006_version_gate.py,aux,no,tests,production,0,,,,,PENDING,0,0,0,0,,,,,,,,,,,,
tests/version/test_version_consistency.py,aux,no,tests,production,0,,,,,PENDING,0,0,0,0,,,,,,,,,,,,
toolchain.ps1,root,no,root,production,0,,,,,PENDING,0,0,0,0,,,,,,,,,,,,
tools/README.md,tool_aux,no,tools,production,0,,,,,PENDING,0,0,0,0,,,,,,,,,,,,
tools/api_doc_consistency.py,tool,no,tools,production,0,,,,,PENDING,0,0,0,0,,,,,,,,,,,,
tools/arch/build_production_execution_inventory.py,tool,no,tools,production,0,,,,,PENDING,0,0,0,0,,,,,,,,,,,,
tools/arch/check_thread_budget.py,tool,no,tools,production,0,,,,,PENDING,0,0,0,0,,,,,,,,,,,,
tools/assemble_audit.py,tool,no,tools,production,0,,,,,PENDING,0,0,0,0,,,,,,,,,,,,
tools/assemble_v17_review_pkg.py,tool,no,tools,production,0,,,,,PENDING,0,0,0,0,,,,,,,,,,,,
tools/astro_toolkit.py,tool,no,tools,production,0,,,,,PENDING,0,0,0,0,,,,,,,,,,,,
tools/astrocs_diagnose.py,tool,no,tools,production,0,,,,,PENDING,0,0,0,0,,,,,,,,,,,,
tools/astrometry/closure_metric.py,tool,no,tools,production,0,,,,,PENDING,0,0,0,0,,,,,,,,,,,,
tools/astrometry_oracle/compare_astrometry.py,tool,no,tools,production,0,,,,,PENDING,0,0,0,0,,,,,,,,,,,,
tools/astrometry_oracle/gen_synthetic_from_axy.py,tool,no,tools,production,0,,,,,PENDING,0,0,0,0,,,,,,,,,,,,
tools/astrometry_oracle/make_astrocs_ref.py,tool,no,tools,production,0,,,,,PENDING,0,0,0,0,,,,,,,,,,,,
tools/canonical_product_hash.py,tool,no,tools,production,0,,,,,PENDING,0,0,0,0,,,,,,,,,,,,
tools/check_abi_boundary.py,tool,no,tools,production,0,,,,,PENDING,0,0,0,0,,,,,,,,,,,,
tools/check_agents_gov.py,tool,no,tools,production,0,,,,,PENDING,0,0,0,0,,,,,,,,,,,,
tools/check_aio_ownership.py,tool,no,tools,production,0,,,,,PENDING,0,0,0,0,,,,,,,,,,,,
tools/check_api_docs.py,tool,no,tools,production,0,,,,,PENDING,0,0,0,0,,,,,,,,,,,,
tools/check_ast_api.py,tool,no,tools,production,0,,,,,PENDING,0,0,0,0,,,,,,,,,,,,
tools/check_baseline_opcodes.py,tool,no,tools,production,0,,,,,PENDING,0,0,0,0,,,,,,,,,,,,
tools/check_cli_command_layer.py,tool,no,tools,production,0,,,,,PENDING,0,0,0,0,,,,,,,,,,,,
tools/check_cli_run_preset.py,tool,no,tools,production,0,,,,,PENDING,0,0,0,0,,,,,,,,,,,,
tools/check_contract_graph.py,tool,no,tools,production,0,,,,,PENDING,0,0,0,0,,,,,,,,,,,,
tools/check_data_artifacts.py,tool,no,tools,production,0,,,,,PENDING,0,0,0,0,,,,,,,,,,,,
tools/check_duplication.py,tool,no,tools,production,0,,,,,PENDING,0,0,0,0,,,,,,,,,,,,
tools/check_final_traceability.py,tool,no,tools,production,0,,,,,PENDING,0,0,0,0,,,,,,,,,,,,
tools/check_gates_and_tolerances.py,tool,no,tools,production,0,,,,,PENDING,0,0,0,0,,,,,,,,,,,,
tools/check_glossary.py,tool,no,tools,production,0,,,,,PENDING,0,0,0,0,,,,,,,,,,,,
tools/check_l0_docs.py,tool,no,tools,production,0,,,,,PENDING,0,0,0,0,,,,,,,,,,,,
tools/check_legacy_exit.py,tool,no,tools,production,0,,,,,PENDING,0,0,0,0,,,,,,,,,,,,
tools/check_link_scan.py,tool,no,tools,production,0,,,,,PENDING,0,0,0,0,,,,,,,,,,,,
tools/check_module_readmes.py,tool,no,tools,production,0,,,,,PENDING,0,0,0,0,,,,,,,,,,,,
tools/check_p1_symbol_map.py,tool,no,tools,production,0,,,,,PENDING,0,0,0,0,,,,,,,,,,,,
tools/check_p2_symbol_map.py,tool,no,tools,production,0,,,,,PENDING,0,0,0,0,,,,,,,,,,,,
tools/check_p3_status.py,tool,no,tools,production,0,,,,,PENDING,0,0,0,0,,,,,,,,,,,,
tools/check_pipeline_trace.py,tool,no,tools,production,0,,,,,PENDING,0,0,0,0,,,,,,,,,,,,
tools/check_release_consistency.py,tool,no,tools,production,0,,,,,PENDING,0,0,0,0,,,,,,,,,,,,
tools/check_release_layout.py,tool,no,tools,production,0,,,,,PENDING,0,0,0,0,,,,,,,,,,,,
tools/check_reproducible_build.py,tool,no,tools,production,0,,,,,PENDING,0,0,0,0,,,,,,,,,,,,
tools/check_serial_hardcode.py,tool,no,tools,production,0,,,,,PENDING,0,0,0,0,,,,,,,,,,,,
tools/check_traceability.py,tool,no,tools,production,0,,,,,PENDING,0,0,0,0,,,,,,,,,,,,
tools/check_traceability_matrix.py,tool,no,tools,production,0,,,,,PENDING,0,0,0,0,,,,,,,,,,,,
tools/check_unit_closure.py,tool,no,tools,production,0,,,,,PENDING,0,0,0,0,,,,,,,,,,,,
tools/check_version_consistency.py,tool,no,tools,production,0,,,,,PENDING,0,0,0,0,,,,,,,,,,,,
tools/check_version_consistency.py.orig_tmp,tool_aux,no,tools,production,0,,,,,PENDING,0,0,0,0,,,,,,,,,,,,
tools/check_warning_suppression.py,tool,no,tools,production,0,,,,,PENDING,0,0,0,0,,,,,,,,,,,,
tools/config_consistency_check.py,tool,no,tools,production,0,,,,,PENDING,0,0,0,0,,,,,,,,,,,,
tools/doccheck/check_alg_line_anchors.py,tool,no,tools,production,0,,,,,PENDING,0,0,0,0,,,,,,,,,,,,
tools/doccheck/check_doc_index.py,tool,no,tools,production,0,,,,,PENDING,0,0,0,0,,,,,,,,,,,,
tools/doccheck/check_engineering_constraints.py,tool,no,tools,production,0,,,,,PENDING,0,0,0,0,,,,,,,,,,,,
tools/doccheck/check_version_namespaces.py,tool,no,tools,production,0,,,,,PENDING,0,0,0,0,,,,,,,,,,,,
tools/docs_machine_consistency.py,tool,no,tools,production,0,,,,,PENDING,0,0,0,0,,,,,,,,,,,,
tools/fixtures/config_consistency_known_divergences.json,tool_aux,no,tools,production,0,,,,,PENDING,0,0,0,0,,,,,,,,,,,,
tools/gen_audit_pack.py,tool,no,tools,production,0,,,,,PENDING,0,0,0,0,,,,,,,,,,,,
tools/gen_backends_manifest.py,tool,no,tools,production,0,,,,,PENDING,0,0,0,0,,,,,,,,,,,,
tools/gen_cfitsio_list.py,tool,no,tools,production,0,,,,,PENDING,0,0,0,0,,,,,,,,,,,,
tools/gen_provider_manifests.py,tool,no,tools,production,0,,,,,PENDING,0,0,0,0,,,,,,,,,,,,
tools/gen_repo_source_manifest.py,tool,no,tools,production,0,,,,,PENDING,0,0,0,0,,,,,,,,,,,,
tools/gen_v19_evidence.py,tool,no,tools,production,0,,,,,PENDING,0,0,0,0,,,,,,,,,,,,
tools/gen_v19_source_snapshot.py,tool,no,tools,production,0,,,,,PENDING,0,0,0,0,,,,,,,,,,,,
tools/gen_version.py,tool,no,tools,production,0,,,,,PENDING,0,0,0,0,,,,,,,,,,,,
tools/gen_visual_views.py,tool,no,tools,production,0,,,,,PENDING,0,0,0,0,,,,,,,,,,,,
tools/graph/render_run_graph.py,tool,no,tools,production,0,,,,,PENDING,0,0,0,0,,,,,,,,,,,,
tools/l4_rebuild/hotspots.py,tool,no,tools,production,0,,,,,PENDING,0,0,0,0,,,,,,,,,,,,
tools/l4_rebuild/merge_products.py,tool,no,tools,production,0,,,,,PENDING,0,0,0,0,,,,,,,,,,,,
tools/l4_rebuild/render_fits.py,tool,no,tools,production,0,,,,,PENDING,0,0,0,0,,,,,,,,,,,,
tools/l4_rebuild/run_timed.sh,tool_aux,no,tools,production,0,,,,,PENDING,0,0,0,0,,,,,,,,,,,,
tools/l4_rebuild/stage_cpu.py,tool,no,tools,production,0,,,,,PENDING,0,0,0,0,,,,,,,,,,,,
tools/l4_rebuild/stage_profile.py,tool,no,tools,production,0,,,,,PENDING,0,0,0,0,,,,,,,,,,,,
tools/l4_rebuild/sysmon.py,tool,no,tools,production,0,,,,,PENDING,0,0,0,0,,,,,,,,,,,,
tools/make_capsule.py,tool,no,tools,production,0,,,,,PENDING,0,0,0,0,,,,,,,,,,,,
tools/make_linux_release.py,tool,no,tools,production,0,,,,,PENDING,0,0,0,0,,,,,,,,,,,,
tools/make_rev2_capsule.py,tool,no,tools,production,0,,,,,PENDING,0,0,0,0,,,,,,,,,,,,
tools/make_windows_release.py,tool,no,tools,production,0,,,,,PENDING,0,0,0,0,,,,,,,,,,,,
tools/migrate_stage2_config.py,tool,no,tools,production,0,,,,,PENDING,0,0,0,0,,,,,,,,,,,,
tools/monitoring/check_log_contract.py,tool,no,tools,production,0,,,,,PENDING,0,0,0,0,,,,,,,,,,,,
tools/monitoring/resource_probe.py,tool,no,tools,production,0,,,,,PENDING,0,0,0,0,,,,,,,,,,,,
tools/monitoring/run_monitored.py,tool,no,tools,production,0,,,,,PENDING,0,0,0,0,,,,,,,,,,,,
tools/monitoring/verify_monitor_csv.py,tool,no,tools,production,0,,,,,PENDING,0,0,0,0,,,,,,,,,,,,
tools/no_legacy_production_reference.py,tool,no,tools,production,0,,,,,PENDING,0,0,0,0,,,,,,,,,,,,
tools/pack_audit_package.py,tool,no,tools,production,0,,,,,PENDING,0,0,0,0,,,,,,,,,,,,
tools/phase1_e2e_bench.py,tool,no,tools,production,0,,,,,PENDING,0,0,0,0,,,,,,,,,,,,
tools/quality/build_v19r2_package.py,tool,no,tools,production,0,,,,,PENDING,0,0,0,0,,,,,,,,,,,,
tools/quality/build_v19r3_package.py,tool,no,tools,production,0,,,,,PENDING,0,0,0,0,,,,,,,,,,,,
tools/quality/build_v19r4_package.py,tool,no,tools,production,0,,,,,PENDING,0,0,0,0,,,,,,,,,,,,
tools/quality/check_cmake_usebeforedef.py,tool,no,tools,production,0,,,,,PENDING,0,0,0,0,,,,,,,,,,,,
tools/quality/check_comment_hygiene.py,tool,no,tools,production,0,,,,,PENDING,0,0,0,0,,,,,,,,,,,,
tools/quality/check_commits_csv.py,tool,no,tools,production,0,,,,,PENDING,0,0,0,0,,,,,,,,,,,,
tools/quality/check_complexity.py,tool,no,tools,production,0,,,,,PENDING,0,0,0,0,,,,,,,,,,,,
tools/quality/check_ctest_registration.py,tool,no,tools,production,0,,,,,PENDING,0,0,0,0,,,,,,,,,,,,
tools/quality/check_exit_conclusion_consistency.py,tool,no,tools,production,0,,,,,PENDING,0,0,0,0,,,,,,,,,,,,
tools/quality/check_impact_map.py,tool,no,tools,production,0,,,,,PENDING,0,0,0,0,,,,,,,,,,,,
tools/quality/check_isa_leak.py,tool,no,tools,production,0,,,,,PENDING,0,0,0,0,,,,,,,,,,,,
tools/quality/check_master_unit_guard.py,tool,no,tools,production,0,,,,,PENDING,0,0,0,0,,,,,,,,,,,,
tools/quality/check_module_id_normalization.py,tool,no,tools,production,0,,,,,PENDING,0,0,0,0,,,,,,,,,,,,
tools/quality/check_module_map.py,tool,no,tools,production,0,,,,,PENDING,0,0,0,0,,,,,,,,,,,,
tools/quality/check_pipeline_graph.py,tool,no,tools,production,0,,,,,PENDING,0,0,0,0,,,,,,,,,,,,
tools/quality/check_prod_reachability.py,tool,no,tools,production,0,,,,,PENDING,0,0,0,0,,,,,,,,,,,,
tools/quality/check_resource_gate_real.py,tool,no,tools,production,0,,,,,PENDING,0,0,0,0,,,,,,,,,,,,
tools/quality/check_root_cleanliness.py,tool,no,tools,production,0,,,,,PENDING,0,0,0,0,,,,,,,,,,,,
tools/quality/check_secret_hygiene.py,tool,no,tools,production,0,,,,,PENDING,0,0,0,0,,,,,,,,,,,,
tools/quality/check_serial_heavy.py,tool,no,tools,production,0,,,,,PENDING,0,0,0,0,,,,,,,,,,,,
tools/quality/check_source_index_v61.py,tool,no,tools,production,0,,,,,PENDING,0,0,0,0,,,,,,,,,,,,
tools/quality/check_source_inventory.py,tool,no,tools,production,0,,,,,PENDING,0,0,0,0,,,,,,,,,,,,
tools/quality/check_task_result_schema.py,tool,no,tools,production,0,,,,,PENDING,0,0,0,0,,,,,,,,,,,,
tools/quality/check_traceability.py,tool,no,tools,production,0,,,,,PENDING,0,0,0,0,,,,,,,,,,,,
tools/quality/ci_coverage_runner.py,tool,no,tools,production,0,,,,,PENDING,0,0,0,0,,,,,,,,,,,,
tools/quality/ci_windows_driver.py,tool,no,tools,production,0,,,,,PENDING,0,0,0,0,,,,,,,,,,,,
tools/quality/compare_products.py,tool,no,tools,production,0,,,,,PENDING,0,0,0,0,,,,,,,,,,,,
tools/quality/contracts/check_api_contracts.py,tool,no,tools,production,0,,,,,PENDING,0,0,0,0,,,,,,,,,,,,
tools/quality/contracts/check_build_graph.py,tool,no,tools,production,0,,,,,PENDING,0,0,0,0,,,,,,,,,,,,
tools/quality/contracts/check_comments.py,tool,no,tools,production,0,,,,,PENDING,0,0,0,0,,,,,,,,,,,,
tools/quality/contracts/check_config_contracts.py,tool,no,tools,production,0,,,,,PENDING,0,0,0,0,,,,,,,,,,,,
tools/quality/contracts/check_doc_symbols.py,tool,no,tools,production,0,,,,,PENDING,0,0,0,0,,,,,,,,,,,,
tools/quality/contracts/check_execution_contracts.py,tool,no,tools,production,0,,,,,PENDING,0,0,0,0,,,,,,,,,,,,
tools/quality/contracts/check_forbidden_patterns.py,tool,no,tools,production,0,,,,,PENDING,0,0,0,0,,,,,,,,,,,,
tools/quality/contracts/check_full_integration.py,tool,no,tools,production,0,,,,,PENDING,0,0,0,0,,,,,,,,,,,,
tools/quality/contracts/check_science_units.py,tool,no,tools,production,0,,,,,PENDING,0,0,0,0,,,,,,,,,,,,
tools/quality/contracts/check_test_contracts.py,tool,no,tools,production,0,,,,,PENDING,0,0,0,0,,,,,,,,,,,,
tools/quality/contracts/check_traceability.py,tool,no,tools,production,0,,,,,PENDING,0,0,0,0,,,,,,,,,,,,
tools/quality/contracts/fixtures/check_api_contracts/invalid_missing_symbol.csv,tool_aux,no,tools,production,0,,,,,PENDING,0,0,0,0,,,,,,,,,,,,
tools/quality/contracts/fixtures/check_api_contracts/invalid_sig_mismatch.csv,tool_aux,no,tools,production,0,,,,,PENDING,0,0,0,0,,,,,,,,,,,,
tools/quality/contracts/fixtures/check_api_contracts/valid_min.csv,tool_aux,no,tools,production,0,,,,,PENDING,0,0,0,0,,,,,,,,,,,,
tools/quality/contracts/fixtures/check_build_graph/invalid_missing_define.json,tool_aux,no,tools,production,0,,,,,PENDING,0,0,0,0,,,,,,,,,,,,
tools/quality/contracts/fixtures/check_build_graph/invalid_missing_source.json,tool_aux,no,tools,production,0,,,,,PENDING,0,0,0,0,,,,,,,,,,,,
tools/quality/contracts/fixtures/check_build_graph/valid_min.json,tool_aux,no,tools,production,0,,,,,PENDING,0,0,0,0,,,,,,,,,,,,
tools/quality/contracts/fixtures/check_comments/invalid_stale_claim.cpp,tool_aux,no,tools,production,3,,,,,PENDING,0,0,0,0,,,,,,,,,,,,
tools/quality/contracts/fixtures/check_comments/invalid_wrong_thread.cpp,tool_aux,no,tools,production,3,,,,,PENDING,0,0,0,0,,,,,,,,,,,,
tools/quality/contracts/fixtures/check_comments/valid_min.cpp,tool_aux,no,tools,production,3,,,,,PENDING,0,0,0,0,,,,,,,,,,,,
tools/quality/contracts/fixtures/check_config_contracts/invalid_default_mismatch.json,tool_aux,no,tools,production,0,,,,,PENDING,0,0,0,0,,,,,,,,,,,,
tools/quality/contracts/fixtures/check_config_contracts/invalid_enum_mismatch.json,tool_aux,no,tools,production,0,,,,,PENDING,0,0,0,0,,,,,,,,,,,,
tools/quality/contracts/fixtures/check_config_contracts/valid_min.json,tool_aux,no,tools,production,0,,,,,PENDING,0,0,0,0,,,,,,,,,,,,
tools/quality/contracts/fixtures/check_doc_symbols/invalid_archive_symbol.md,tool_aux,no,tools,production,0,,,,,PENDING,0,0,0,0,,,,,,,,,,,,
tools/quality/contracts/fixtures/check_doc_symbols/invalid_missing_symbol.md,tool_aux,no,tools,production,0,,,,,PENDING,0,0,0,0,,,,,,,,,,,,
tools/quality/contracts/fixtures/check_doc_symbols/valid_min.md,tool_aux,no,tools,production,0,,,,,PENDING,0,0,0,0,,,,,,,,,,,,
tools/quality/contracts/fixtures/check_execution_contracts/invalid_claim_without_runtime.json,tool_aux,no,tools,production,0,,,,,PENDING,0,0,0,0,,,,,,,,,,,,
tools/quality/contracts/fixtures/check_execution_contracts/invalid_missing_define.json,tool_aux,no,tools,production,0,,,,,PENDING,0,0,0,0,,,,,,,,,,,,
tools/quality/contracts/fixtures/check_execution_contracts/valid_min.json,tool_aux,no,tools,production,0,,,,,PENDING,0,0,0,0,,,,,,,,,,,,
tools/quality/contracts/fixtures/check_forbidden_patterns/invalid_abs_path.json,tool_aux,no,tools,production,0,,,,,PENDING,0,0,0,0,,,,,,,,,,,,
tools/quality/contracts/fixtures/check_forbidden_patterns/invalid_hardcoded_threads.cpp,tool_aux,no,tools,production,2,,,,,PENDING,0,0,0,0,,,,,,,,,,,,
tools/quality/contracts/fixtures/check_forbidden_patterns/valid_min.cpp,tool_aux,no,tools,production,3,,,,,PENDING,0,0,0,0,,,,,,,,,,,,
tools/quality/contracts/fixtures/check_full_integration/invalid_waivers.json,tool_aux,no,tools,production,0,,,,,PENDING,0,0,0,0,,,,,,,,,,,,
tools/quality/contracts/fixtures/check_full_integration/valid_min.json,tool_aux,no,tools,production,0,,,,,PENDING,0,0,0,0,,,,,,,,,,,,
tools/quality/contracts/fixtures/check_science_units/invalid_precision_conflict.json,tool_aux,no,tools,production,0,,,,,PENDING,0,0,0,0,,,,,,,,,,,,
tools/quality/contracts/fixtures/check_science_units/invalid_unit_mismatch.json,tool_aux,no,tools,production,0,,,,,PENDING,0,0,0,0,,,,,,,,,,,,
tools/quality/contracts/fixtures/check_science_units/valid_min.json,tool_aux,no,tools,production,0,,,,,PENDING,0,0,0,0,,,,,,,,,,,,
tools/quality/contracts/fixtures/check_test_contracts/invalid_missing_assertion.csv,tool_aux,no,tools,production,0,,,,,PENDING,0,0,0,0,,,,,,,,,,,,
tools/quality/contracts/fixtures/check_test_contracts/invalid_unregistered.csv,tool_aux,no,tools,production,0,,,,,PENDING,0,0,0,0,,,,,,,,,,,,
tools/quality/contracts/fixtures/check_test_contracts/valid_min.csv,tool_aux,no,tools,production,0,,,,,PENDING,0,0,0,0,,,,,,,,,,,,
tools/quality/contracts/fixtures/check_traceability/invalid_dup_id.csv,tool_aux,no,tools,production,0,,,,,PENDING,0,0,0,0,,,,,,,,,,,,
tools/quality/contracts/fixtures/check_traceability/invalid_missing_doc.csv,tool_aux,no,tools,production,0,,,,,PENDING,0,0,0,0,,,,,,,,,,,,
tools/quality/contracts/fixtures/check_traceability/valid_min.csv,tool_aux,no,tools,production,0,,,,,PENDING,0,0,0,0,,,,,,,,,,,,
tools/quality/contracts/fixtures/generate_report/invalid_stability.json,tool_aux,no,tools,production,0,,,,,PENDING,0,0,0,0,,,,,,,,,,,,
tools/quality/contracts/fixtures/generate_report/valid_input.json,tool_aux,no,tools,production,0,,,,,PENDING,0,0,0,0,,,,,,,,,,,,
tools/quality/contracts/generate_contract_report.py,tool,no,tools,production,0,,,,,PENDING,0,0,0,0,,,,,,,,,,,,
tools/quality/deep_ci_driver.py,tool,no,tools,production,0,,,,,PENDING,0,0,0,0,,,,,,,,,,,,
tools/quality/extract_cpp_api.py,tool,no,tools,production,0,,,,,PENDING,0,0,0,0,,,,,,,,,,,,
tools/quality/fixtures/extract_cpp_api/invalid_missing_export.hpp,tool_aux,no,tools,production,2,,,,,PENDING,0,0,0,0,,,,,,,,,,,,
tools/quality/fixtures/extract_cpp_api/invalid_sig_mismatch.hpp,tool_aux,no,tools,production,3,,,,,PENDING,0,0,0,0,,,,,,,,,,,,
tools/quality/fixtures/extract_cpp_api/lib/test/include/invalid_sig_mismatch.hpp,tool_aux,no,tools,production,3,,,,,PENDING,0,0,0,0,,,,,,,,,,,,
tools/quality/fixtures/extract_cpp_api/lib/test/include/valid_min.hpp,tool_aux,no,tools,production,4,,,,,PENDING,0,0,0,0,,,,,,,,,,,,
tools/quality/fixtures/extract_cpp_api/valid_min.hpp,tool_aux,no,tools,production,4,,,,,PENDING,0,0,0,0,,,,,,,,,,,,
tools/quality/fixtures/module_map_fixture.py,tool,no,tools,production,0,,,,,PENDING,0,0,0,0,,,,,,,,,,,,
tools/quality/frame_qc_grid.py,tool,no,tools,production,0,,,,,PENDING,0,0,0,0,,,,,,,,,,,,
tools/quality/gen_commits_csv.py,tool,no,tools,production,0,,,,,PENDING,0,0,0,0,,,,,,,,,,,,
tools/quality/gen_module_readmes.py,tool,no,tools,production,0,,,,,PENDING,0,0,0,0,,,,,,,,,,,,
tools/quality/gen_run_graphs.py,tool,no,tools,production,0,,,,,PENDING,0,0,0,0,,,,,,,,,,,,
tools/quality/gen_source_index_v61.py,tool,no,tools,production,0,,,,,PENDING,0,0,0,0,,,,,,,,,,,,
tools/quality/known_failures_baseline.py,tool,no,tools,production,0,,,,,PENDING,0,0,0,0,,,,,,,,,,,,
tools/quality/plane_chunks.py,tool,no,tools,production,0,,,,,PENDING,0,0,0,0,,,,,,,,,,,,
tools/quality/plane_stretch.py,tool,no,tools,production,0,,,,,PENDING,0,0,0,0,,,,,,,,,,,,
tools/quality/resource_gate_probe.py,tool,no,tools,production,0,,,,,PENDING,0,0,0,0,,,,,,,,,,,,
tools/quality/resource_monitor.py,tool,no,tools,production,0,,,,,PENDING,0,0,0,0,,,,,,,,,,,,
tools/quality/strip_version_comments.py,tool,no,tools,production,0,,,,,PENDING,0,0,0,0,,,,,,,,,,,,
tools/quality/sweep_test_tmp.py,tool,no,tools,production,0,,,,,PENDING,0,0,0,0,,,,,,,,,,,,
tools/quality/tsan/cfitsio.supp,tool_aux,no,tools,production,0,,,,,PENDING,0,0,0,0,,,,,,,,,,,,
tools/quality/update_audit_status.py,tool,no,tools,production,0,,,,,PENDING,0,0,0,0,,,,,,,,,,,,
tools/quality/v19r3_audit.py,tool,no,tools,production,0,,,,,PENDING,0,0,0,0,,,,,,,,,,,,
tools/quality/v19r3_sanitizer.sh,tool_aux,no,tools,production,0,,,,,PENDING,0,0,0,0,,,,,,,,,,,,
tools/quality/v19r3_static.py,tool,no,tools,production,0,,,,,PENDING,0,0,0,0,,,,,,,,,,,,
tools/quality/v19r3_strip_comments.py,tool,no,tools,production,0,,,,,PENDING,0,0,0,0,,,,,,,,,,,,
tools/quality/v19r3_traceability.py,tool,no,tools,production,0,,,,,PENDING,0,0,0,0,,,,,,,,,,,,
tools/quality/v19r4_strip_comments.py,tool,no,tools,production,0,,,,,PENDING,0,0,0,0,,,,,,,,,,,,
tools/quality/validate_task_ledger.py,tool,no,tools,production,0,,,,,PENDING,0,0,0,0,,,,,,,,,,,,
tools/realdata/README.md,tool_aux,no,tools,production,0,,,,,PENDING,0,0,0,0,,,,,,,,,,,,
tools/realdata/match_plan.py,tool,no,tools,production,0,,,,,PENDING,0,0,0,0,,,,,,,,,,,,
tools/redteam_v19.py,tool,no,tools,production,0,,,,,PENDING,0,0,0,0,,,,,,,,,,,,
tools/science_contract_lint.py,tool,no,tools,production,0,,,,,PENDING,0,0,0,0,,,,,,,,,,,,
tools/testkit/check_testkit.py,tool,no,tools,production,0,,,,,PENDING,0,0,0,0,,,,,,,,,,,,
tools/traceability/check_traceability_matrix.py,tool,no,tools,production,0,,,,,PENDING,0,0,0,0,,,,,,,,,,,,
tools/traceability/gen_traceability_csv.py,tool,no,tools,production,0,,,,,PENDING,0,0,0,0,,,,,,,,,,,,
tools/v6/check_v6_runtime_closure.py,tool,no,tools,production,0,,,,,PENDING,0,0,0,0,,,,,,,,,,,,
tools/v6/v6_cli_mode_matrix.py,tool,no,tools,production,0,,,,,PENDING,0,0,0,0,,,,,,,,,,,,
tools/v6/v6_ctest_driver.py,tool,no,tools,production,0,,,,,PENDING,0,0,0,0,,,,,,,,,,,,
tools/v6/v6_determinism_driver.py,tool,no,tools,production,0,,,,,PENDING,0,0,0,0,,,,,,,,,,,,
tools/v6/v6_runtime_mutation_driver.py,tool,no,tools,production,0,,,,,PENDING,0,0,0,0,,,,,,,,,,,,
tools/v6/v6_runtime_oracle.py,tool,no,tools,production,0,,,,,PENDING,0,0,0,0,,,,,,,,,,,,
tools/validate_cpu_profile.py,tool,no,tools,production,0,,,,,PENDING,0,0,0,0,,,,,,,,,,,,
"""\345\267\245\347\250\213\346\216\247\345\210\266/PROJECT-GOVERNANCE-01/00_README.md""",aux,no,"""\345\267\245\347\250\213\346\216\247\345\210\266",production,0,,,,,PENDING,0,0,0,0,,,,,,,,,,,,
"""\345\267\245\347\250\213\346\216\247\345\210\266/PROJECT-GOVERNANCE-01/ACCEPTANCE.md""",aux,no,"""\345\267\245\347\250\213\346\216\247\345\210\266",production,0,,,,,PENDING,0,0,0,0,,,,,,,,,,,,
"""\345\267\245\347\250\213\346\216\247\345\210\266/PROJECT-GOVERNANCE-01/ACCEPTANCE_FINAL.md""",aux,no,"""\345\267\245\347\250\213\346\216\247\345\210\266",production,0,,,,,PENDING,0,0,0,0,,,,,,,,,,,,
"""\345\267\245\347\250\213\346\216\247\345\210\266/PROJECT-GOVERNANCE-01/DISPATCH.md""",aux,no,"""\345\267\245\347\250\213\346\216\247\345\210\266",production,0,,,,,PENDING,0,0,0,0,,,,,,,,,,,,
"""\345\267\245\347\250\213\346\216\247\345\210\266/PROJECT-GOVERNANCE-01/ECP-001-\346\226\271\345\267\256\347\273\221\345\256\232.md""",aux,no,"""\345\267\245\347\250\213\346\216\247\345\210\266",production,0,,,,,PENDING,0,0,0,0,,,,,,,,,,,,
"""\345\267\245\347\250\213\346\216\247\345\210\266/PROJECT-GOVERNANCE-01/F-UNC-001-\346\227\240\350\246\206\347\233\226\346\226\271\345\267\256\350\257\255\344\271\211\350\243\201\345\206\263.md""",aux,no,"""\345\267\245\347\250\213\346\216\247\345\210\266",production,0,,,,,PENDING,0,0,0,0,,,,,,,,,,,,
"""\345\267\245\347\250\213\346\216\247\345\210\266/PROJECT-GOVERNANCE-01/GAP_AUDIT.md""",aux,no,"""\345\267\245\347\250\213\346\216\247\345\210\266",production,0,,,,,PENDING,0,0,0,0,,,,,,,,,,,,
"""\345\267\245\347\250\213\346\216\247\345\210\266/PROJECT-GOVERNANCE-01/NEXT_PHASE_PLAN.md""",aux,no,"""\345\267\245\347\250\213\346\216\247\345\210\266",production,0,,,,,PENDING,0,0,0,0,,,,,,,,,,,,
"""\345\267\245\347\250\213\346\216\247\345\210\266/PROJECT-GOVERNANCE-01/OPEN_ITEMS.md""",aux,no,"""\345\267\245\347\250\213\346\216\247\345\210\266",production,0,,,,,PENDING,0,0,0,0,,,,,,,,,,,,
"""\345\267\245\347\250\213\346\216\247\345\210\266/PROJECT-GOVERNANCE-01/OPERATOR.md""",aux,no,"""\345\267\245\347\250\213\346\216\247\345\210\266",production,0,,,,,PENDING,0,0,0,0,,,,,,,,,,,,
"""\345\267\245\347\250\213\346\216\247\345\210\266/PROJECT-GOVERNANCE-01/OWNER_DECISIONS.md""",aux,no,"""\345\267\245\347\250\213\346\216\247\345\210\266",production,0,,,,,PENDING,0,0,0,0,,,,,,,,,,,,
"""\345\267\245\347\250\213\346\216\247\345\210\266/PROJECT-GOVERNANCE-01/RESEARCH_TASKS.md""",aux,no,"""\345\267\245\347\250\213\346\216\247\345\210\266",production,0,,,,,PENDING,0,0,0,0,,,,,,,,,,,,
"""\345\267\245\347\250\213\346\216\247\345\210\266/PROJECT-GOVERNANCE-01/RETENTION.md""",aux,no,"""\345\267\245\347\250\213\346\216\247\345\210\266",production,0,,,,,PENDING,0,0,0,0,,,,,,,,,,,,
"""\345\267\245\347\250\213\346\216\247\345\210\266/PROJECT-GOVERNANCE-01/ROOT_LEDGER.md""",aux,no,"""\345\267\245\347\250\213\346\216\247\345\210\266",production,0,,,,,PENDING,0,0,0,0,,,,,,,,,,,,
"""\345\267\245\347\250\213\346\216\247\345\210\266/PROJECT-GOVERNANCE-01/SCIENCE_CORRECTNESS.md""",aux,no,"""\345\267\245\347\250\213\346\216\247\345\210\266",production,0,,,,,PENDING,0,0,0,0,,,,,,,,,,,,
"""\345\267\245\347\250\213\346\216\247\345\210\266/PROJECT-GOVERNANCE-01/SECURITY_NOTE.md""",aux,no,"""\345\267\245\347\250\213\346\216\247\345\210\266",production,0,,,,,PENDING,0,0,0,0,,,,,,,,,,,,
"""\345\267\245\347\250\213\346\216\247\345\210\266/PROJECT-GOVERNANCE-01/START_PROMPT.txt""",aux,no,"""\345\267\245\347\250\213\346\216\247\345\210\266",production,0,,,,,PENDING,0,0,0,0,,,,,,,,,,,,
"""\345\267\245\347\250\213\346\216\247\345\210\266/PROJECT-GOVERNANCE-01/SUMMARY.md""",aux,no,"""\345\267\245\347\250\213\346\216\247\345\210\266",production,0,,,,,PENDING,0,0,0,0,,,,,,,,,,,,
"""\345\267\245\347\250\213\346\216\247\345\210\266/PROJECT-GOVERNANCE-01/TASK_LIST.md""",aux,no,"""\345\267\245\347\250\213\346\216\247\345\210\266",production,0,,,,,PENDING,0,0,0,0,,,,,,,,,,,,
"""\345\267\245\347\250\213\346\216\247\345\210\266/PROJECT-GOVERNANCE-01/TASK_LIST_STATUS.md""",aux,no,"""\345\267\245\347\250\213\346\216\247\345\210\266",production,0,,,,,PENDING,0,0,0,0,,,,,,,,,,,,
"""\345\267\245\347\250\213\346\216\247\345\210\266/PROJECT-GOVERNANCE-01/tasks/AIO-001.md""",aux,no,"""\345\267\245\347\250\213\346\216\247\345\210\266",production,0,,,,,PENDING,0,0,0,0,,,,,,,,,,,,
"""\345\267\245\347\250\213\346\216\247\345\210\266/PROJECT-GOVERNANCE-01/tasks/ARCH-001.md""",aux,no,"""\345\267\245\347\250\213\346\216\247\345\210\266",production,0,,,,,PENDING,0,0,0,0,,,,,,,,,,,,
"""\345\267\245\347\250\213\346\216\247\345\210\266/PROJECT-GOVERNANCE-01/tasks/BASE-001.md""",aux,no,"""\345\267\245\347\250\213\346\216\247\345\210\266",production,0,,,,,PENDING,0,0,0,0,,,,,,,,,,,,
"""\345\267\245\347\250\213\346\216\247\345\210\266/PROJECT-GOVERNANCE-01/tasks/CFG-001.md""",aux,no,"""\345\267\245\347\250\213\346\216\247\345\210\266",production,0,,,,,PENDING,0,0,0,0,,,,,,,,,,,,
"""\345\267\245\347\250\213\346\216\247\345\210\266/PROJECT-GOVERNANCE-01/tasks/CFG-002.md""",aux,no,"""\345\267\245\347\250\213\346\216\247\345\210\266",production,0,,,,,PENDING,0,0,0,0,,,,,,,,,,,,
"""\345\267\245\347\250\213\346\216\247\345\210\266/PROJECT-GOVERNANCE-01/tasks/CI-001.md""",aux,no,"""\345\267\245\347\250\213\346\216\247\345\210\266",production,0,,,,,PENDING,0,0,0,0,,,,,,,,,,,,
"""\345\267\245\347\250\213\346\216\247\345\210\266/PROJECT-GOVERNANCE-01/tasks/CI-002.md""",aux,no,"""\345\267\245\347\250\213\346\216\247\345\210\266",production,0,,,,,PENDING,0,0,0,0,,,,,,,,,,,,
"""\345\267\245\347\250\213\346\216\247\345\210\266/PROJECT-GOVERNANCE-01/tasks/CI-003.md""",aux,no,"""\345\267\245\347\250\213\346\216\247\345\210\266",production,0,,,,,PENDING,0,0,0,0,,,,,,,,,,,,
"""\345\267\245\347\250\213\346\216\247\345\210\266/PROJECT-GOVERNANCE-01/tasks/CLI-001.md""",aux,no,"""\345\267\245\347\250\213\346\216\247\345\210\266",production,0,,,,,PENDING,0,0,0,0,,,,,,,,,,,,
"""\345\267\245\347\250\213\346\216\247\345\210\266/PROJECT-GOVERNANCE-01/tasks/CLI-002.md""",aux,no,"""\345\267\245\347\250\213\346\216\247\345\210\266",production,0,,,,,PENDING,0,0,0,0,,,,,,,,,,,,
"""\345\267\245\347\250\213\346\216\247\345\210\266/PROJECT-GOVERNANCE-01/tasks/CLI-003.md""",aux,no,"""\345\267\245\347\250\213\346\216\247\345\210\266",production,0,,,,,PENDING,0,0,0,0,,,,,,,,,,,,
"""\345\267\245\347\250\213\346\216\247\345\210\266/PROJECT-GOVERNANCE-01/tasks/CPU-001.md""",aux,no,"""\345\267\245\347\250\213\346\216\247\345\210\266",production,0,,,,,PENDING,0,0,0,0,,,,,,,,,,,,
"""\345\267\245\347\250\213\346\216\247\345\210\266/PROJECT-GOVERNANCE-01/tasks/DATA-001.md""",aux,no,"""\345\267\245\347\250\213\346\216\247\345\210\266",production,0,,,,,PENDING,0,0,0,0,,,,,,,,,,,,
"""\345\267\245\347\250\213\346\216\247\345\210\266/PROJECT-GOVERNANCE-01/tasks/DOC-001.md""",aux,no,"""\345\267\245\347\250\213\346\216\247\345\210\266",production,0,,,,,PENDING,0,0,0,0,,,,,,,,,,,,
"""\345\267\245\347\250\213\346\216\247\345\210\266/PROJECT-GOVERNANCE-01/tasks/FINAL-001.md""",aux,no,"""\345\267\245\347\250\213\346\216\247\345\210\266",production,0,,,,,PENDING,0,0,0,0,,,,,,,,,,,,
"""\345\267\245\347\250\213\346\216\247\345\210\266/PROJECT-GOVERNANCE-01/tasks/GATE-FIX-RES.md""",aux,no,"""\345\267\245\347\250\213\346\216\247\345\210\266",production,0,,,,,PENDING,0,0,0,0,,,,,,,,,,,,
"""\345\267\245\347\250\213\346\216\247\345\210\266/PROJECT-GOVERNANCE-01/tasks/GOV-001.md""",aux,no,"""\345\267\245\347\250\213\346\216\247\345\210\266",production,0,,,,,PENDING,0,0,0,0,,,,,,,,,,,,
"""\345\267\245\347\250\213\346\216\247\345\210\266/PROJECT-GOVERNANCE-01/tasks/INT-001.md""",aux,no,"""\345\267\245\347\250\213\346\216\247\345\210\266",production,0,,,,,PENDING,0,0,0,0,,,,,,,,,,,,
"""\345\267\245\347\250\213\346\216\247\345\210\266/PROJECT-GOVERNANCE-01/tasks/MOD-001.md""",aux,no,"""\345\267\245\347\250\213\346\216\247\345\210\266",production,0,,,,,PENDING,0,0,0,0,,,,,,,,,,,,
"""\345\267\245\347\250\213\346\216\247\345\210\266/PROJECT-GOVERNANCE-01/tasks/MOD-002.md""",aux,no,"""\345\267\245\347\250\213\346\216\247\345\210\266",production,0,,,,,PENDING,0,0,0,0,,,,,,,,,,,,
"""\345\267\245\347\250\213\346\216\247\345\210\266/PROJECT-GOVERNANCE-01/tasks/OBS-001.md""",aux,no,"""\345\267\245\347\250\213\346\216\247\345\210\266",production,0,,,,,PENDING,0,0,0,0,,,,,,,,,,,,
"""\345\267\245\347\250\213\346\216\247\345\210\266/PROJECT-GOVERNANCE-01/tasks/P1-001.md""",aux,no,"""\345\267\245\347\250\213\346\216\247\345\210\266",production,0,,,,,PENDING,0,0,0,0,,,,,,,,,,,,
"""\345\267\245\347\250\213\346\216\247\345\210\266/PROJECT-GOVERNANCE-01/tasks/P1-002.md""",aux,no,"""\345\267\245\347\250\213\346\216\247\345\210\266",production,0,,,,,PENDING,0,0,0,0,,,,,,,,,,,,
"""\345\267\245\347\250\213\346\216\247\345\210\266/PROJECT-GOVERNANCE-01/tasks/P2-001.md""",aux,no,"""\345\267\245\347\250\213\346\216\247\345\210\266",production,0,,,,,PENDING,0,0,0,0,,,,,,,,,,,,
"""\345\267\245\347\250\213\346\216\247\345\210\266/PROJECT-GOVERNANCE-01/tasks/P2-002.md""",aux,no,"""\345\267\245\347\250\213\346\216\247\345\210\266",production,0,,,,,PENDING,0,0,0,0,,,,,,,,,,,,
"""\345\267\245\347\250\213\346\216\247\345\210\266/PROJECT-GOVERNANCE-01/tasks/P3-001.md""",aux,no,"""\345\267\245\347\250\213\346\216\247\345\210\266",production,0,,,,,PENDING,0,0,0,0,,,,,,,,,,,,
"""\345\267\245\347\250\213\346\216\247\345\210\266/PROJECT-GOVERNANCE-01/tasks/P3-002.md""",aux,no,"""\345\267\245\347\250\213\346\216\247\345\210\266",production,0,,,,,PENDING,0,0,0,0,,,,,,,,,,,,
"""\345\267\245\347\250\213\346\216\247\345\210\266/PROJECT-GOVERNANCE-01/tasks/PKG-001.md""",aux,no,"""\345\267\245\347\250\213\346\216\247\345\210\266",production,0,,,,,PENDING,0,0,0,0,,,,,,,,,,,,
"""\345\267\245\347\250\213\346\216\247\345\210\266/PROJECT-GOVERNANCE-01/tasks/QA-001.md""",aux,no,"""\345\267\245\347\250\213\346\216\247\345\210\266",production,0,,,,,PENDING,0,0,0,0,,,,,,,,,,,,
"""\345\267\245\347\250\213\346\216\247\345\210\266/PROJECT-GOVERNANCE-01/tasks/REAL-001.md""",aux,no,"""\345\267\245\347\250\213\346\216\247\345\210\266",production,0,,,,,PENDING,0,0,0,0,,,,,,,,,,,,
"""\345\267\245\347\250\213\346\216\247\345\210\266/PROJECT-GOVERNANCE-01/tasks/RETIRE-001.md""",aux,no,"""\345\267\245\347\250\213\346\216\247\345\210\266",production,0,,,,,PENDING,0,0,0,0,,,,,,,,,,,,
"""\345\267\245\347\250\213\346\216\247\345\210\266/PROJECT-GOVERNANCE-01/tasks/ROOT-001.md""",aux,no,"""\345\267\245\347\250\213\346\216\247\345\210\266",production,0,,,,,PENDING,0,0,0,0,,,,,,,,,,,,
"""\345\267\245\347\250\213\346\216\247\345\210\266/PROJECT-GOVERNANCE-01/tasks/ROOT-002.md""",aux,no,"""\345\267\245\347\250\213\346\216\247\345\210\266",production,0,,,,,PENDING,0,0,0,0,,,,,,,,,,,,
"""\345\267\245\347\250\213\346\216\247\345\210\266/PROJECT-GOVERNANCE-01/tasks/ROOT-003.md""",aux,no,"""\345\267\245\347\250\213\346\216\247\345\210\266",production,0,,,,,PENDING,0,0,0,0,,,,,,,,,,,,
"""\345\267\245\347\250\213\346\216\247\345\210\266/PROJECT-GOVERNANCE-01/tasks/ROOT-004.md""",aux,no,"""\345\267\245\347\250\213\346\216\247\345\210\266",production,0,,,,,PENDING,0,0,0,0,,,,,,,,,,,,
"""\345\267\245\347\250\213\346\216\247\345\210\266/PROJECT-GOVERNANCE-01/tasks/ROOT-005.md""",aux,no,"""\345\267\245\347\250\213\346\216\247\345\210\266",production,0,,,,,PENDING,0,0,0,0,,,,,,,,,,,,
"""\345\267\245\347\250\213\346\216\247\345\210\266/PROJECT-GOVERNANCE-01/tasks/ROOT-006.md""",aux,no,"""\345\267\245\347\250\213\346\216\247\345\210\266",production,0,,,,,PENDING,0,0,0,0,,,,,,,,,,,,
"""\345\267\245\347\250\213\346\216\247\345\210\266/PROJECT-GOVERNANCE-01/tasks/ROOT-007.md""",aux,no,"""\345\267\245\347\250\213\346\216\247\345\210\266",production,0,,,,,PENDING,0,0,0,0,,,,,,,,,,,,
"""\345\267\245\347\250\213\346\216\247\345\210\266/PROJECT-GOVERNANCE-01/tasks/ROOT-008.md""",aux,no,"""\345\267\245\347\250\213\346\216\247\345\210\266",production,0,,,,,PENDING,0,0,0,0,,,,,,,,,,,,
"""\345\267\245\347\250\213\346\216\247\345\210\266/PROJECT-GOVERNANCE-01/tasks/RT-001.md""",aux,no,"""\345\267\245\347\250\213\346\216\247\345\210\266",production,0,,,,,PENDING,0,0,0,0,,,,,,,,,,,,
"""\345\267\245\347\250\213\346\216\247\345\210\266/PROJECT-GOVERNANCE-01/tasks/SCAN-CLEAR.md""",aux,no,"""\345\267\245\347\250\213\346\216\247\345\210\266",production,0,,,,,PENDING,0,0,0,0,,,,,,,,,,,,
"""\345\267\245\347\250\213\346\216\247\345\210\266/PROJECT-GOVERNANCE-01/tasks/SCI-FIX-AIO.md""",aux,no,"""\345\267\245\347\250\213\346\216\247\345\210\266",production,0,,,,,PENDING,0,0,0,0,,,,,,,,,,,,
"""\345\267\245\347\250\213\346\216\247\345\210\266/PROJECT-GOVERNANCE-01/tasks/SCI-FIX-NOISE.md""",aux,no,"""\345\267\245\347\250\213\346\216\247\345\210\266",production,0,,,,,PENDING,0,0,0,0,,,,,,,,,,,,
"""\345\267\245\347\250\213\346\216\247\345\210\266/PROJECT-GOVERNANCE-01/tasks/SCI-FIX-PROJ.md""",aux,no,"""\345\267\245\347\250\213\346\216\247\345\210\266",production,0,,,,,PENDING,0,0,0,0,,,,,,,,,,,,
"""\345\267\245\347\250\213\346\216\247\345\210\266/PROJECT-GOVERNANCE-01/tasks/SCI-FIX-PSF.md""",aux,no,"""\345\267\245\347\250\213\346\216\247\345\210\266",production,0,,,,,PENDING,0,0,0,0,,,,,,,,,,,,
"""\345\267\245\347\250\213\346\216\247\345\210\266/PROJECT-GOVERNANCE-01/tasks/SCI-FIX-WEIGHT.md""",aux,no,"""\345\267\245\347\250\213\346\216\247\345\210\266",production,0,,,,,PENDING,0,0,0,0,,,,,,,,,,,,
"""\345\267\245\347\250\213\346\216\247\345\210\266/PROJECT-GOVERNANCE-01/tasks/TEST-CLI-SYNC-2.md""",aux,no,"""\345\267\245\347\250\213\346\216\247\345\210\266",production,0,,,,,PENDING,0,0,0,0,,,,,,,,,,,,
"""\345\267\245\347\250\213\346\216\247\345\210\266/PROJECT-GOVERNANCE-01/tasks/TEST-CLI-SYNC.md""",aux,no,"""\345\267\245\347\250\213\346\216\247\345\210\266",production,0,,,,,PENDING,0,0,0,0,,,,,,,,,,,,
"""\345\267\245\347\250\213\346\216\247\345\210\266/PROJECT-GOVERNANCE-01/tasks/TEST-GREEN-001.md""",aux,no,"""\345\267\245\347\250\213\346\216\247\345\210\266",production,0,,,,,PENDING,0,0,0,0,,,,,,,,,,,,
"""\345\267\245\347\250\213\346\216\247\345\210\266/PROJECT-GOVERNANCE-01/tasks/W4_BATCH.md""",aux,no,"""\345\267\245\347\250\213\346\216\247\345\210\266",production,0,,,,,PENDING,0,0,0,0,,,,,,,,,,,,
"""\345\267\245\347\250\213\346\216\247\345\210\266/PROJECT-GOVERNANCE-01/tasks/W5_BATCH.md""",aux,no,"""\345\267\245\347\250\213\346\216\247\345\210\266",production,0,,,,,PENDING,0,0,0,0,,,,,,,,,,,,
"""\345\267\245\347\250\213\346\216\247\345\210\266/PROJECT-GOVERNANCE-01/tasks/WIKI-001.md""",aux,no,"""\345\267\245\347\250\213\346\216\247\345\210\266",production,0,,,,,PENDING,0,0,0,0,,,,,,,,,,,,
"""\345\267\245\347\250\213\346\216\247\345\210\266/PROJECT-GOVERNANCE-02/DISPATCH.md""",aux,no,"""\345\267\245\347\250\213\346\216\247\345\210\266",production,0,,,,,PENDING,0,0,0,0,,,,,,,,,,,,
"""\345\267\245\347\250\213\346\216\247\345\210\266/PROJECT-GOVERNANCE-02/OPEN_ITEMS.md""",aux,no,"""\345\267\245\347\250\213\346\216\247\345\210\266",production,0,,,,,PENDING,0,0,0,0,,,,,,,,,,,,
"""\345\267\245\347\250\213\346\216\247\345\210\266/PROJECT-GOVERNANCE-02/PRE_RELEASE_FINDINGS.md""",aux,no,"""\345\267\245\347\250\213\346\216\247\345\210\266",production,0,,,,,PENDING,0,0,0,0,,,,,,,,,,,,
"""\345\267\245\347\250\213\346\216\247\345\210\266/PROJECT-GOVERNANCE-02/TASK_LIST.md""",aux,no,"""\345\267\245\347\250\213\346\216\247\345\210\266",production,0,,,,,PENDING,0,0,0,0,,,,,,,,,,,,
"""\345\267\245\347\250\213\346\216\247\345\210\266/RELEASE-01/00_README.md""",aux,no,"""\345\267\245\347\250\213\346\216\247\345\210\266",production,0,,,,,PENDING,0,0,0,0,,,,,,,,,,,,
"""\345\267\245\347\250\213\346\216\247\345\210\266/RELEASE-01/ACCEPTANCE.md""",aux,no,"""\345\267\245\347\250\213\346\216\247\345\210\266",production,0,,,,,PENDING,0,0,0,0,,,,,,,,,,,,
"""\345\267\245\347\250\213\346\216\247\345\210\266/RELEASE-01/DOC_PACK_MANIFEST.json""",aux,no,"""\345\267\245\347\250\213\346\216\247\345\210\266",production,0,,,,,PENDING,0,0,0,0,,,,,,,,,,,,
"""\345\267\245\347\250\213\346\216\247\345\210\266/RELEASE-01/DOC_RESIDUE_INVENTORY.md""",aux,no,"""\345\267\245\347\250\213\346\216\247\345\210\266",production,0,,,,,PENDING,0,0,0,0,,,,,,,,,,,,
"""\345\267\245\347\250\213\346\216\247\345\210\266/RELEASE-01/GAP_AUDIT.md""",aux,no,"""\345\267\245\347\250\213\346\216\247\345\210\266",production,0,,,,,PENDING,0,0,0,0,,,,,,,,,,,,
"""\345\267\245\347\250\213\346\216\247\345\210\266/RELEASE-01/SUMMARY.md""",aux,no,"""\345\267\245\347\250\213\346\216\247\345\210\266",production,0,,,,,PENDING,0,0,0,0,,,,,,,,,,,,
"""\345\267\245\347\250\213\346\216\247\345\210\266/RELEASE-01/TASK_LIST.md""",aux,no,"""\345\267\245\347\250\213\346\216\247\345\210\266",production,0,,,,,PENDING,0,0,0,0,,,,,,,,,,,,
"""\345\267\245\347\250\213\346\216\247\345\210\266/RELEASE-01/tasks/AUD-001.md""",aux,no,"""\345\267\245\347\250\213\346\216\247\345\210\266",production,0,,,,,PENDING,0,0,0,0,,,,,,,,,,,,
"""\345\267\245\347\250\213\346\216\247\345\210\266/RELEASE-01/tasks/BLD-001.md""",aux,no,"""\345\267\245\347\250\213\346\216\247\345\210\266",production,0,,,,,PENDING,0,0,0,0,,,,,,,,,,,,
"""\345\267\245\347\250\213\346\216\247\345\210\266/RELEASE-01/tasks/DEL-001.md""",aux,no,"""\345\267\245\347\250\213\346\216\247\345\210\266",production,0,,,,,PENDING,0,0,0,0,,,,,,,,,,,,
"""\345\267\245\347\250\213\346\216\247\345\210\266/RELEASE-01/tasks/DOC-001.md""",aux,no,"""\345\267\245\347\250\213\346\216\247\345\210\266",production,0,,,,,PENDING,0,0,0,0,,,,,,,,,,,,
"""\345\267\245\347\250\213\346\216\247\345\210\266/RELEASE-01/tasks/DOC-002.md""",aux,no,"""\345\267\245\347\250\213\346\216\247\345\210\266",production,0,,,,,PENDING,0,0,0,0,,,,,,,,,,,,
"""\345\267\245\347\250\213\346\216\247\345\210\266/RELEASE-01/tasks/E2E-001.md""",aux,no,"""\345\267\245\347\250\213\346\216\247\345\210\266",production,0,,,,,PENDING,0,0,0,0,,,,,,,,,,,,
"""\345\267\245\347\250\213\346\216\247\345\210\266/RELEASE-01/tasks/FIN-001.md""",aux,no,"""\345\267\245\347\250\213\346\216\247\345\210\266",production,0,,,,,PENDING,0,0,0,0,,,,,,,,,,,,
"""\345\267\245\347\250\213\346\216\247\345\210\266/RELEASE-01/tasks/PERF-001.md""",aux,no,"""\345\267\245\347\250\213\346\216\247\345\210\266",production,0,,,,,PENDING,0,0,0,0,,,,,,,,,,,,
"""\345\267\245\347\250\213\346\216\247\345\210\266/RELEASE-01/tasks/SCI-001.md""",aux,no,"""\345\267\245\347\250\213\346\216\247\345\210\266",production,0,,,,,PENDING,0,0,0,0,,,,,,,,,,,,
"""\345\267\245\347\250\213\346\216\247\345\210\266/RELEASE-01/tasks/TST-001.md""",aux,no,"""\345\267\245\347\250\213\346\216\247\345\210\266",production,0,,,,,PENDING,0,0,0,0,,,,,,,,,,,,
"""\345\267\245\347\250\213\346\216\247\345\210\266/RELEASE-01/tasks/VIS-001.md""",aux,no,"""\345\267\245\347\250\213\346\216\247\345\210\266",production,0,,,,,PENDING,0,0,0,0,,,,,,,,,,,,
"""\345\267\245\347\250\213\346\216\247\345\210\266/RELEASE-01/verify_doc_pack.py""",aux,no,"""\345\267\245\347\250\213\346\216\247\345\210\266",production,0,,,,,PENDING,0,0,0,0,,,,,,,,,,,,
"""\345\267\245\347\250\213\346\216\247\345\210\266/RELEASE-02/00_README.md""",aux,no,"""\345\267\245\347\250\213\346\216\247\345\210\266",production,0,,,,,PENDING,0,0,0,0,,,,,,,,,,,,
"""\345\267\245\347\250\213\346\216\247\345\210\266/RELEASE-02/ACCEPTANCE.md""",aux,no,"""\345\267\245\347\250\213\346\216\247\345\210\266",production,0,,,,,PENDING,0,0,0,0,,,,,,,,,,,,
"""\345\267\245\347\250\213\346\216\247\345\210\266/RELEASE-02/DOC_PACK_MANIFEST.json""",aux,no,"""\345\267\245\347\250\213\346\216\247\345\210\266",production,0,,,,,PENDING,0,0,0,0,,,,,,,,,,,,
"""\345\267\245\347\250\213\346\216\247\345\210\266/RELEASE-02/GAP_AUDIT.md""",aux,no,"""\345\267\245\347\250\213\346\216\247\345\210\266",production,0,,,,,PENDING,0,0,0,0,,,,,,,,,,,,
"""\345\267\245\347\250\213\346\216\247\345\210\266/RELEASE-02/SUMMARY.md""",aux,no,"""\345\267\245\347\250\213\346\216\247\345\210\266",production,0,,,,,PENDING,0,0,0,0,,,,,,,,,,,,
"""\345\267\245\347\250\213\346\216\247\345\210\266/RELEASE-02/TASK_LIST.md""",aux,no,"""\345\267\245\347\250\213\346\216\247\345\210\266",production,0,,,,,PENDING,0,0,0,0,,,,,,,,,,,,
"""\345\267\245\347\250\213\346\216\247\345\210\266/RELEASE-02/change-claims/CONFORM-FIX-B-001-tolerance-relative.md""",aux,no,"""\345\267\245\347\250\213\346\216\247\345\210\266",production,0,,,,,PENDING,0,0,0,0,,,,,,,,,,,,
"""\345\267\245\347\250\213\346\216\247\345\210\266/RELEASE-02/change-claims/DESIGN-GAP-LAND-001.md""",aux,no,"""\345\267\245\347\250\213\346\216\247\345\210\266",production,0,,,,,PENDING,0,0,0,0,,,,,,,,,,,,
"""\345\267\245\347\250\213\346\216\247\345\210\266/RELEASE-02/change-claims/FIX-A-UPM-001.md""",aux,no,"""\345\267\245\347\250\213\346\216\247\345\210\266",production,0,,,,,PENDING,0,0,0,0,,,,,,,,,,,,
"""\345\267\245\347\250\213\346\216\247\345\210\266/RELEASE-02/change-claims/FIX-REJ-001.md""",aux,no,"""\345\267\245\347\250\213\346\216\247\345\210\266",production,0,,,,,PENDING,0,0,0,0,,,,,,,,,,,,
"""\345\267\245\347\250\213\346\216\247\345\210\266/RELEASE-02/change-claims/FIX-SCI-DRZ-001.md""",aux,no,"""\345\267\245\347\250\213\346\216\247\345\210\266",production,0,,,,,PENDING,0,0,0,0,,,,,,,,,,,,
"""\345\267\245\347\250\213\346\216\247\345\210\266/RELEASE-02/change-claims/FIX-SCI-S2-P3-001.md""",aux,no,"""\345\267\245\347\250\213\346\216\247\345\210\266",production,0,,,,,PENDING,0,0,0,0,,,,,,,,,,,,
"""\345\267\245\347\250\213\346\216\247\345\210\266/RELEASE-02/change-claims/FIX-SCI-S2-PHOT-001.md""",aux,no,"""\345\267\245\347\250\213\346\216\247\345\210\266",production,0,,,,,PENDING,0,0,0,0,,,,,,,,,,,,
"""\345\267\245\347\250\213\346\216\247\345\210\266/RELEASE-02/change-claims/FIX-SCI-SNR-CANON-001.md""",aux,no,"""\345\267\245\347\250\213\346\216\247\345\210\266",production,0,,,,,PENDING,0,0,0,0,,,,,,,,,,,,
"""\345\267\245\347\250\213\346\216\247\345\210\266/RELEASE-02/change-claims/FIX-SCI-WCS-001.md""",aux,no,"""\345\267\245\347\250\213\346\216\247\345\210\266",production,0,,,,,PENDING,0,0,0,0,,,,,,,,,,,,
"""\345\267\245\347\250\213\346\216\247\345\210\266/RELEASE-02/change-claims/PHOT-GATE-DROP-001.md""",aux,no,"""\345\267\245\347\250\213\346\216\247\345\210\266",production,0,,,,,PENDING,0,0,0,0,,,,,,,,,,,,
"""\345\267\245\347\250\213\346\216\247\345\210\266/RELEASE-02/change-claims/WEIGHT-FREF-PERFRAME-001.md""",aux,no,"""\345\267\245\347\250\213\346\216\247\345\210\266",production,0,,,,,PENDING,0,0,0,0,,,,,,,,,,,,
"""\345\267\245\347\250\213\346\216\247\345\210\266/RELEASE-02/tasks/BLD-101.md""",aux,no,"""\345\267\245\347\250\213\346\216\247\345\210\266",production,0,,,,,PENDING,0,0,0,0,,,,,,,,,,,,
"""\345\267\245\347\250\213\346\216\247\345\210\266/RELEASE-02/tasks/DEL-102.md""",aux,no,"""\345\267\245\347\250\213\346\216\247\345\210\266",production,0,,,,,PENDING,0,0,0,0,,,,,,,,,,,,
"""\345\267\245\347\250\213\346\216\247\345\210\266/RELEASE-02/tasks/DOC-101.md""",aux,no,"""\345\267\245\347\250\213\346\216\247\345\210\266",production,0,,,,,PENDING,0,0,0,0,,,,,,,,,,,,
"""\345\267\245\347\250\213\346\216\247\345\210\266/RELEASE-02/tasks/E2E-102.md""",aux,no,"""\345\267\245\347\250\213\346\216\247\345\210\266",production,0,,,,,PENDING,0,0,0,0,,,,,,,,,,,,
"""\345\267\245\347\250\213\346\216\247\345\210\266/RELEASE-02/tasks/FIX-A.md""",aux,no,"""\345\267\245\347\250\213\346\216\247\345\210\266",production,0,,,,,PENDING,0,0,0,0,,,,,,,,,,,,
"""\345\267\245\347\250\213\346\216\247\345\210\266/RELEASE-02/tasks/FIX-B.md""",aux,no,"""\345\267\245\347\250\213\346\216\247\345\210\266",production,0,,,,,PENDING,0,0,0,0,,,,,,,,,,,,
"""\345\267\245\347\250\213\346\216\247\345\210\266/RELEASE-02/tasks/FIX-C.md""",aux,no,"""\345\267\245\347\250\213\346\216\247\345\210\266",production,0,,,,,PENDING,0,0,0,0,,,,,,,,,,,,
"""\345\267\245\347\250\213\346\216\247\345\210\266/RELEASE-02/tasks/FIX-D.md""",aux,no,"""\345\267\245\347\250\213\346\216\247\345\210\266",production,0,,,,,PENDING,0,0,0,0,,,,,,,,,,,,
"""\345\267\245\347\250\213\346\216\247\345\210\266/RELEASE-02/tasks/FIX-E.md""",aux,no,"""\345\267\245\347\250\213\346\216\247\345\210\266",production,0,,,,,PENDING,0,0,0,0,,,,,,,,,,,,
"""\345\267\245\347\250\213\346\216\247\345\210\266/RELEASE-02/tasks/FIX-SCI.md""",aux,no,"""\345\267\245\347\250\213\346\216\247\345\210\266",production,0,,,,,PENDING,0,0,0,0,,,,,,,,,,,,
"""\345\267\245\347\250\213\346\216\247\345\210\266/RELEASE-02/tasks/PERF-102.md""",aux,no,"""\345\267\245\347\250\213\346\216\247\345\210\266",production,0,,,,,PENDING,0,0,0,0,,,,,,,,,,,,
"""\345\267\245\347\250\213\346\216\247\345\210\266/RELEASE-02/tasks/TST-101.md""",aux,no,"""\345\267\245\347\250\213\346\216\247\345\210\266",production,0,,,,,PENDING,0,0,0,0,,,,,,,,,,,,
"""\345\267\245\347\250\213\346\216\247\345\210\266/RELEASE-02/tasks/VIS-102.md""",aux,no,"""\345\267\245\347\250\213\346\216\247\345\210\266",production,0,,,,,PENDING,0,0,0,0,,,,,,,,,,,,
"""\345\267\245\347\250\213\346\216\247\345\210\266/RELEASE-02/verify_doc_pack.py""",aux,no,"""\345\267\245\347\250\213\346\216\247\345\210\266",production,0,,,,,PENDING,0,0,0,0,,,,,,,,,,,,
"""\345\267\245\347\250\213\346\216\247\345\210\266/SCI-RES-01/00_README.md""",aux,no,"""\345\267\245\347\250\213\346\216\247\345\210\266",production,0,,,,,PENDING,0,0,0,0,,,,,,,,,,,,
"""\345\267\245\347\250\213\346\216\247\345\210\266/SCI-RES-01/RESEARCH_PROTOCOL.md""",aux,no,"""\345\267\245\347\250\213\346\216\247\345\210\266",production,0,,,,,PENDING,0,0,0,0,,,,,,,,,,,,
"""\345\267\245\347\250\213\346\216\247\345\210\266/SCI-RES-01/TASK_LIST.md""",aux,no,"""\345\267\245\347\250\213\346\216\247\345\210\266",production,0,,,,,PENDING,0,0,0,0,,,,,,,,,,,,
"""\345\267\245\347\250\213\346\216\247\345\210\266/SCI-RES-01/tasks/R-001.md""",aux,no,"""\345\267\245\347\250\213\346\216\247\345\210\266",production,0,,,,,PENDING,0,0,0,0,,,,,,,,,,,,
"""\345\267\245\347\250\213\346\216\247\345\210\266/SCI-RES-01/tasks/R-002.md""",aux,no,"""\345\267\245\347\250\213\346\216\247\345\210\266",production,0,,,,,PENDING,0,0,0,0,,,,,,,,,,,,
"""\345\267\245\347\250\213\346\216\247\345\210\266/SCI-RES-01/tasks/R-003.md""",aux,no,"""\345\267\245\347\250\213\346\216\247\345\210\266",production,0,,,,,PENDING,0,0,0,0,,,,,,,,,,,,
"""\345\267\245\347\250\213\346\216\247\345\210\266/SCI-RES-01/tasks/R-004.md""",aux,no,"""\345\267\245\347\250\213\346\216\247\345\210\266",production,0,,,,,PENDING,0,0,0,0,,,,,,,,,,,,
"""\345\267\245\347\250\213\346\216\247\345\210\266/SCI-RES-01/tasks/R-005.md""",aux,no,"""\345\267\245\347\250\213\346\216\247\345\210\266",production,0,,,,,PENDING,0,0,0,0,,,,,,,,,,,,
"""\351\227\256\351\242\230\346\211\253\346\217\217/00_README.md""",aux,no,"""\351\227\256\351\242\230\346\211\253\346\217\217",production,0,,,,,PENDING,0,0,0,0,,,,,,,,,,,,
"""\351\227\256\351\242\230\346\211\253\346\217\217/10_PROTOCOL.md""",aux,no,"""\351\227\256\351\242\230\346\211\253\346\217\217",production,0,,,,,PENDING,0,0,0,0,,,,,,,,,,,,
"""\351\227\256\351\242\230\346\211\253\346\217\217/20_AGENT_PLAN.md""",aux,no,"""\351\227\256\351\242\230\346\211\253\346\217\217",production,0,,,,,PENDING,0,0,0,0,,,,,,,,,,,,
"""\351\227\256\351\242\230\346\211\253\346\217\217/40_OWNER_DECISIONS.md""",aux,no,"""\351\227\256\351\242\230\346\211\253\346\217\217",production,0,,,,,PENDING,0,0,0,0,,,,,,,,,,,,
"""\351\227\256\351\242\230\346\211\253\346\217\217/INDEX.md""",aux,no,"""\351\227\256\351\242\230\346\211\253\346\217\217",production,0,,,,,PENDING,0,0,0,0,,,,,,,,,,,,
"""\351\227\256\351\242\230\346\211\253\346\217\217/REBASE.md""",aux,no,"""\351\227\256\351\242\230\346\211\253\346\217\217",production,0,,,,,PENDING,0,0,0,0,,,,,,,,,,,,
"""\351\227\256\351\242\230\346\211\253\346\217\217/REBASE_TABLE.md""",aux,no,"""\351\227\256\351\242\230\346\211\253\346\217\217",production,0,,,,,PENDING,0,0,0,0,,,,,,,,,,,,
"""\351\227\256\351\242\230\346\211\253\346\217\217/SUMMARY.md""",aux,no,"""\351\227\256\351\242\230\346\211\253\346\217\217",production,0,,,,,PENDING,0,0,0,0,,,,,,,,,,,,
"""\351\227\256\351\242\230\346\211\253\346\217\217/_cache/E1.md""",aux,no,"""\351\227\256\351\242\230\346\211\253\346\217\217",production,0,,,,,PENDING,0,0,0,0,,,,,,,,,,,,
"""\351\227\256\351\242\230\346\211\253\346\217\217/_cache/E2.md""",aux,no,"""\351\227\256\351\242\230\346\211\253\346\217\217",production,0,,,,,PENDING,0,0,0,0,,,,,,,,,,,,
"""\351\227\256\351\242\230\346\211\253\346\217\217/_cache/E3.md""",aux,no,"""\351\227\256\351\242\230\346\211\253\346\217\217",production,0,,,,,PENDING,0,0,0,0,,,,,,,,,,,,
"""\351\227\256\351\242\230\346\211\253\346\217\217/_cache/E4.md""",aux,no,"""\351\227\256\351\242\230\346\211\253\346\217\217",production,0,,,,,PENDING,0,0,0,0,,,,,,,,,,,,
"""\351\227\256\351\242\230\346\211\253\346\217\217/_cache/F00_FRONT_SPOTCHECKS.md""",aux,no,"""\351\227\256\351\242\230\346\211\253\346\217\217",production,0,,,,,PENDING,0,0,0,0,,,,,,,,,,,,
"""\351\227\256\351\242\230\346\211\253\346\217\217/_cache/L01.md""",aux,no,"""\351\227\256\351\242\230\346\211\253\346\217\217",production,0,,,,,PENDING,0,0,0,0,,,,,,,,,,,,
"""\351\227\256\351\242\230\346\211\253\346\217\217/_cache/L02.md""",aux,no,"""\351\227\256\351\242\230\346\211\253\346\217\217",production,0,,,,,PENDING,0,0,0,0,,,,,,,,,,,,
"""\351\227\256\351\242\230\346\211\253\346\217\217/_cache/L03.md""",aux,no,"""\351\227\256\351\242\230\346\211\253\346\217\217",production,0,,,,,PENDING,0,0,0,0,,,,,,,,,,,,
"""\351\227\256\351\242\230\346\211\253\346\217\217/_cache/L04.md""",aux,no,"""\351\227\256\351\242\230\346\211\253\346\217\217",production,0,,,,,PENDING,0,0,0,0,,,,,,,,,,,,
"""\351\227\256\351\242\230\346\211\253\346\217\217/_cache/L05.md""",aux,no,"""\351\227\256\351\242\230\346\211\253\346\217\217",production,0,,,,,PENDING,0,0,0,0,,,,,,,,,,,,
"""\351\227\256\351\242\230\346\211\253\346\217\217/_cache/L06.md""",aux,no,"""\351\227\256\351\242\230\346\211\253\346\217\217",production,0,,,,,PENDING,0,0,0,0,,,,,,,,,,,,
"""\351\227\256\351\242\230\346\211\253\346\217\217/_cache/L07.md""",aux,no,"""\351\227\256\351\242\230\346\211\253\346\217\217",production,0,,,,,PENDING,0,0,0,0,,,,,,,,,,,,
"""\351\227\256\351\242\230\346\211\253\346\217\217/_cache/L08.md""",aux,no,"""\351\227\256\351\242\230\346\211\253\346\217\217",production,0,,,,,PENDING,0,0,0,0,,,,,,,,,,,,
"""\351\227\256\351\242\230\346\211\253\346\217\217/_cache/L09.md""",aux,no,"""\351\227\256\351\242\230\346\211\253\346\217\217",production,0,,,,,PENDING,0,0,0,0,,,,,,,,,,,,
"""\351\227\256\351\242\230\346\211\253\346\217\217/_cache/L10.md""",aux,no,"""\351\227\256\351\242\230\346\211\253\346\217\217",production,0,,,,,PENDING,0,0,0,0,,,,,,,,,,,,
"""\351\227\256\351\242\230\346\211\253\346\217\217/_cache/L11.md""",aux,no,"""\351\227\256\351\242\230\346\211\253\346\217\217",production,0,,,,,PENDING,0,0,0,0,,,,,,,,,,,,
"""\351\227\256\351\242\230\346\211\253\346\217\217/_cache/L12.md""",aux,no,"""\351\227\256\351\242\230\346\211\253\346\217\217",production,0,,,,,PENDING,0,0,0,0,,,,,,,,,,,,
"""\351\227\256\351\242\230\346\211\253\346\217\217/_cache/L13.md""",aux,no,"""\351\227\256\351\242\230\346\211\253\346\217\217",production,0,,,,,PENDING,0,0,0,0,,,,,,,,,,,,
"""\351\227\256\351\242\230\346\211\253\346\217\217/_cache/L14.md""",aux,no,"""\351\227\256\351\242\230\346\211\253\346\217\217",production,0,,,,,PENDING,0,0,0,0,,,,,,,,,,,,
"""\351\227\256\351\242\230\346\211\253\346\217\217/_cache/L15.md""",aux,no,"""\351\227\256\351\242\230\346\211\253\346\217\217",production,0,,,,,PENDING,0,0,0,0,,,,,,,,,,,,
"""\351\227\256\351\242\230\346\211\253\346\217\217/_cache/L16.md""",aux,no,"""\351\227\256\351\242\230\346\211\253\346\217\217",production,0,,,,,PENDING,0,0,0,0,,,,,,,,,,,,
"""\351\227\256\351\242\230\346\211\253\346\217\217/_cache/L17.md""",aux,no,"""\351\227\256\351\242\230\346\211\253\346\217\217",production,0,,,,,PENDING,0,0,0,0,,,,,,,,,,,,
"""\351\227\256\351\242\230\346\211\253\346\217\217/_cache/L18.md""",aux,no,"""\351\227\256\351\242\230\346\211\253\346\217\217",production,0,,,,,PENDING,0,0,0,0,,,,,,,,,,,,
"""\351\227\256\351\242\230\346\211\253\346\217\217/_cache/L19.md""",aux,no,"""\351\227\256\351\242\230\346\211\253\346\217\217",production,0,,,,,PENDING,0,0,0,0,,,,,,,,,,,,
"""\351\227\256\351\242\230\346\211\253\346\217\217/_cache/L20.md""",aux,no,"""\351\227\256\351\242\230\346\211\253\346\217\217",production,0,,,,,PENDING,0,0,0,0,,,,,,,,,,,,
"""\351\227\256\351\242\230\346\211\253\346\217\217/_cache/L21.md""",aux,no,"""\351\227\256\351\242\230\346\211\253\346\217\217",production,0,,,,,PENDING,0,0,0,0,,,,,,,,,,,,
"""\351\227\256\351\242\230\346\211\253\346\217\217/_cache/L22.md""",aux,no,"""\351\227\256\351\242\230\346\211\253\346\217\217",production,0,,,,,PENDING,0,0,0,0,,,,,,,,,,,,
"""\351\227\256\351\242\230\346\211\253\346\217\217/_cache/L23.md""",aux,no,"""\351\227\256\351\242\230\346\211\253\346\217\217",production,0,,,,,PENDING,0,0,0,0,,,,,,,,,,,,
"""\351\227\256\351\242\230\346\211\253\346\217\217/_cache/L24.md""",aux,no,"""\351\227\256\351\242\230\346\211\253\346\217\217",production,0,,,,,PENDING,0,0,0,0,,,,,,,,,,,,
"""\351\227\256\351\242\230\346\211\253\346\217\217/_cache/L25.md""",aux,no,"""\351\227\256\351\242\230\346\211\253\346\217\217",production,0,,,,,PENDING,0,0,0,0,,,,,,,,,,,,
"""\351\227\256\351\242\230\346\211\253\346\217\217/_cache/L26.md""",aux,no,"""\351\227\256\351\242\230\346\211\253\346\217\217",production,0,,,,,PENDING,0,0,0,0,,,,,,,,,,,,
"""\351\227\256\351\242\230\346\211\253\346\217\217/_cache/L27.md""",aux,no,"""\351\227\256\351\242\230\346\211\253\346\217\217",production,0,,,,,PENDING,0,0,0,0,,,,,,,,,,,,
"""\351\227\256\351\242\230\346\211\253\346\217\217/_cache/L28.md""",aux,no,"""\351\227\256\351\242\230\346\211\253\346\217\217",production,0,,,,,PENDING,0,0,0,0,,,,,,,,,,,,
"""\351\227\256\351\242\230\346\211\253\346\217\217/_cache/L28b.md""",aux,no,"""\351\227\256\351\242\230\346\211\253\346\217\217",production,0,,,,,PENDING,0,0,0,0,,,,,,,,,,,,
"""\351\227\256\351\242\230\346\211\253\346\217\217/_cache/L28c.md""",aux,no,"""\351\227\256\351\242\230\346\211\253\346\217\217",production,0,,,,,PENDING,0,0,0,0,,,,,,,,,,,,
"""\351\227\256\351\242\230\346\211\253\346\217\217/_cache/L28d.md""",aux,no,"""\351\227\256\351\242\230\346\211\253\346\217\217",production,0,,,,,PENDING,0,0,0,0,,,,,,,,,,,,
"""\351\227\256\351\242\230\346\211\253\346\217\217/_cache/L28e.md""",aux,no,"""\351\227\256\351\242\230\346\211\253\346\217\217",production,0,,,,,PENDING,0,0,0,0,,,,,,,,,,,,
"""\351\227\256\351\242\230\346\211\253\346\217\217/_cache/README.md""",aux,no,"""\351\227\256\351\242\230\346\211\253\346\217\217",production,0,,,,,PENDING,0,0,0,0,,,,,,,,,,,,
"""\351\227\256\351\242\230\346\211\253\346\217\217/_cache/_rc6_subset.json""",aux,no,"""\351\227\256\351\242\230\346\211\253\346\217\217",production,0,,,,,PENDING,0,0,0,0,,,,,,,,,,,,
"""\351\227\256\351\242\230\346\211\253\346\217\217/_cache/_v21_checks.py""",aux,no,"""\351\227\256\351\242\230\346\211\253\346\217\217",production,0,,,,,PENDING,0,0,0,0,,,,,,,,,,,,
"""\351\227\256\351\242\230\346\211\253\346\217\217/_cache/_v21_corpus.txt""",aux,no,"""\351\227\256\351\242\230\346\211\253\346\217\217",production,0,,,,,PENDING,0,0,0,0,,,,,,,,,,,,
"""\351\227\256\351\242\230\346\211\253\346\217\217/_cache/_v21_src.txt""",aux,no,"""\351\227\256\351\242\230\346\211\253\346\217\217",production,0,,,,,PENDING,0,0,0,0,,,,,,,,,,,,
"""\351\227\256\351\242\230\346\211\253\346\217\217/_cache/counters.txt""",aux,no,"""\351\227\256\351\242\230\346\211\253\346\217\217",production,0,,,,,PENDING,0,0,0,0,,,,,,,,,,,,
"""\351\227\256\351\242\230\346\211\253\346\217\217/_cache/excepts.txt""",aux,no,"""\351\227\256\351\242\230\346\211\253\346\217\217",production,0,,,,,PENDING,0,0,0,0,,,,,,,,,,,,
"""\351\227\256\351\242\230\346\211\253\346\217\217/_cache/prio_mismatch.json""",aux,no,"""\351\227\256\351\242\230\346\211\253\346\217\217",production,0,,,,,PENDING,0,0,0,0,,,,,,,,,,,,
"""\351\227\256\351\242\230\346\211\253\346\217\217/_cache/rc3_mine.json""",aux,no,"""\351\227\256\351\242\230\346\211\253\346\217\217",production,0,,,,,PENDING,0,0,0,0,,,,,,,,,,,,
"""\351\227\256\351\242\230\346\211\253\346\217\217/_cache/rc3_verdicts.txt""",aux,no,"""\351\227\256\351\242\230\346\211\253\346\217\217",production,0,,,,,PENDING,0,0,0,0,,,,,,,,,,,,
"""\351\227\256\351\242\230\346\211\253\346\217\217/_cache/recheck_round1.json""",aux,no,"""\351\227\256\351\242\230\346\211\253\346\217\217",production,0,,,,,PENDING,0,0,0,0,,,,,,,,,,,,
"""\351\227\256\351\242\230\346\211\253\346\217\217/_cache/scan10.py""",aux,no,"""\351\227\256\351\242\230\346\211\253\346\217\217",production,0,,,,,PENDING,0,0,0,0,,,,,,,,,,,,
"""\351\227\256\351\242\230\346\211\253\346\217\217/_cache/scan11.py""",aux,no,"""\351\227\256\351\242\230\346\211\253\346\217\217",production,0,,,,,PENDING,0,0,0,0,,,,,,,,,,,,
"""\351\227\256\351\242\230\346\211\253\346\217\217/_cache/scan12.py""",aux,no,"""\351\227\256\351\242\230\346\211\253\346\217\217",production,0,,,,,PENDING,0,0,0,0,,,,,,,,,,,,
"""\351\227\256\351\242\230\346\211\253\346\217\217/_cache/scan13.py""",aux,no,"""\351\227\256\351\242\230\346\211\253\346\217\217",production,0,,,,,PENDING,0,0,0,0,,,,,,,,,,,,
"""\351\227\256\351\242\230\346\211\253\346\217\217/_cache/scan14.py""",aux,no,"""\351\227\256\351\242\230\346\211\253\346\217\217",production,0,,,,,PENDING,0,0,0,0,,,,,,,,,,,,
"""\351\227\256\351\242\230\346\211\253\346\217\217/_cache/scan15.py""",aux,no,"""\351\227\256\351\242\230\346\211\253\346\217\217",production,0,,,,,PENDING,0,0,0,0,,,,,,,,,,,,
"""\351\227\256\351\242\230\346\211\253\346\217\217/_cache/scan16.py""",aux,no,"""\351\227\256\351\242\230\346\211\253\346\217\217",production,0,,,,,PENDING,0,0,0,0,,,,,,,,,,,,
"""\351\227\256\351\242\230\346\211\253\346\217\217/_cache/scan17.py""",aux,no,"""\351\227\256\351\242\230\346\211\253\346\217\217",production,0,,,,,PENDING,0,0,0,0,,,,,,,,,,,,
"""\351\227\256\351\242\230\346\211\253\346\217\217/_cache/scan1_discard.py""",aux,no,"""\351\227\256\351\242\230\346\211\253\346\217\217",production,0,,,,,PENDING,0,0,0,0,,,,,,,,,,,,
"""\351\227\256\351\242\230\346\211\253\346\217\217/_cache/scan2.py""",aux,no,"""\351\227\256\351\242\230\346\211\253\346\217\217",production,0,,,,,PENDING,0,0,0,0,,,,,,,,,,,,
"""\351\227\256\351\242\230\346\211\253\346\217\217/_cache/scan3.py""",aux,no,"""\351\227\256\351\242\230\346\211\253\346\217\217",production,0,,,,,PENDING,0,0,0,0,,,,,,,,,,,,
"""\351\227\256\351\242\230\346\211\253\346\217\217/_cache/scan4.py""",aux,no,"""\351\227\256\351\242\230\346\211\253\346\217\217",production,0,,,,,PENDING,0,0,0,0,,,,,,,,,,,,
"""\351\227\256\351\242\230\346\211\253\346\217\217/_cache/scan5.py""",aux,no,"""\351\227\256\351\242\230\346\211\253\346\217\217",production,0,,,,,PENDING,0,0,0,0,,,,,,,,,,,,
"""\351\227\256\351\242\230\346\211\253\346\217\217/_cache/scan5b.py""",aux,no,"""\351\227\256\351\242\230\346\211\253\346\217\217",production,0,,,,,PENDING,0,0,0,0,,,,,,,,,,,,
"""\351\227\256\351\242\230\346\211\253\346\217\217/_cache/scan5c.py""",aux,no,"""\351\227\256\351\242\230\346\211\253\346\217\217",production,0,,,,,PENDING,0,0,0,0,,,,,,,,,,,,
"""\351\227\256\351\242\230\346\211\253\346\217\217/_cache/scan6.py""",aux,no,"""\351\227\256\351\242\230\346\211\253\346\217\217",production,0,,,,,PENDING,0,0,0,0,,,,,,,,,,,,
"""\351\227\256\351\242\230\346\211\253\346\217\217/_cache/scan7.py""",aux,no,"""\351\227\256\351\242\230\346\211\253\346\217\217",production,0,,,,,PENDING,0,0,0,0,,,,,,,,,,,,
"""\351\227\256\351\242\230\346\211\253\346\217\217/_cache/scan8.py""",aux,no,"""\351\227\256\351\242\230\346\211\253\346\217\217",production,0,,,,,PENDING,0,0,0,0,,,,,,,,,,,,
"""\351\227\256\351\242\230\346\211\253\346\217\217/_cache/scan9.py""",aux,no,"""\351\227\256\351\242\230\346\211\253\346\217\217",production,0,,,,,PENDING,0,0,0,0,,,,,,,,,,,,
"""\351\227\256\351\242\230\346\211\253\346\217\217/_cache/scope_final.txt""",aux,no,"""\351\227\256\351\242\230\346\211\253\346\217\217",production,0,,,,,PENDING,0,0,0,0,,,,,,,,,,,,
"""\351\227\256\351\242\230\346\211\253\346\217\217/_cache/scope_py.txt""",aux,no,"""\351\227\256\351\242\230\346\211\253\346\217\217",production,0,,,,,PENDING,0,0,0,0,,,,,,,,,,,,
"""\351\227\256\351\242\230\346\211\253\346\217\217/_cache/sweep2.py""",aux,no,"""\351\227\256\351\242\230\346\211\253\346\217\217",production,0,,,,,PENDING,0,0,0,0,,,,,,,,,,,,
"""\351\227\256\351\242\230\346\211\253\346\217\217/_cache/sweep_writers.py""",aux,no,"""\351\227\256\351\242\230\346\211\253\346\217\217",production,0,,,,,PENDING,0,0,0,0,,,,,,,,,,,,
"""\351\227\256\351\242\230\346\211\253\346\217\217/_cache/v12_fam.json""",aux,no,"""\351\227\256\351\242\230\346\211\253\346\217\217",production,0,,,,,PENDING,0,0,0,0,,,,,,,,,,,,
"""\351\227\256\351\242\230\346\211\253\346\217\217/_cache/v12_mad.json""",aux,no,"""\351\227\256\351\242\230\346\211\253\346\217\217",production,0,,,,,PENDING,0,0,0,0,,,,,,,,,,,,
"""\351\227\256\351\242\230\346\211\253\346\217\217/_cache/v12_scan2.json""",aux,no,"""\351\227\256\351\242\230\346\211\253\346\217\217",production,0,,,,,PENDING,0,0,0,0,,,,,,,,,,,,
"""\351\227\256\351\242\230\346\211\253\346\217\217/_cache/v12_tracked.txt""",aux,no,"""\351\227\256\351\242\230\346\211\253\346\217\217",production,0,,,,,PENDING,0,0,0,0,,,,,,,,,,,,
"""\351\227\256\351\242\230\346\211\253\346\217\217/_cache/v20_defs.json""",aux,no,"""\351\227\256\351\242\230\346\211\253\346\217\217",production,0,,,,,PENDING,0,0,0,0,,,,,,,,,,,,
"""\351\227\256\351\242\230\346\211\253\346\217\217/_cache/v20_fieldsdiff.json""",aux,no,"""\351\227\256\351\242\230\346\211\253\346\217\217",production,0,,,,,PENDING,0,0,0,0,,,,,,,,,,,,
"""\351\227\256\351\242\230\346\211\253\346\217\217/_cache/v20_keys.json""",aux,no,"""\351\227\256\351\242\230\346\211\253\346\217\217",production,0,,,,,PENDING,0,0,0,0,,,,,,,,,,,,
"""\351\227\256\351\242\230\346\211\253\346\217\217/_cache/v20_params3.json""",aux,no,"""\351\227\256\351\242\230\346\211\253\346\217\217",production,0,,,,,PENDING,0,0,0,0,,,,,,,,,,,,
"""\351\227\256\351\242\230\346\211\253\346\217\217/_cache/v20_rw.json""",aux,no,"""\351\227\256\351\242\230\346\211\253\346\217\217",production,0,,,,,PENDING,0,0,0,0,,,,,,,,,,,,
"""\351\227\256\351\242\230\346\211\253\346\217\217/_cache/v20_structs.json""",aux,no,"""\351\227\256\351\242\230\346\211\253\346\217\217",production,0,,,,,PENDING,0,0,0,0,,,,,,,,,,,,
"""\351\227\256\351\242\230\346\211\253\346\217\217/_cache/v20_unused_params.json""",aux,no,"""\351\227\256\351\242\230\346\211\253\346\217\217",production,0,,,,,PENDING,0,0,0,0,,,,,,,,,,,,
"""\351\227\256\351\242\230\346\211\253\346\217\217/_cache/v20_unused_params2.json""",aux,no,"""\351\227\256\351\242\230\346\211\253\346\217\217",production,0,,,,,PENDING,0,0,0,0,,,,,,,,,,,,
"""\351\227\256\351\242\230\346\211\253\346\217\217/_merge/00_COORDINATION.md""",aux,no,"""\351\227\256\351\242\230\346\211\253\346\217\217",production,0,,,,,PENDING,0,0,0,0,,,,,,,,,,,,
"""\351\227\256\351\242\230\346\211\253\346\217\217/_merge/00_R_TIER_PLAN.md""",aux,no,"""\351\227\256\351\242\230\346\211\253\346\217\217",production,0,,,,,PENDING,0,0,0,0,,,,,,,,,,,,
"""\351\227\256\351\242\230\346\211\253\346\217\217/_merge/ANCHOR_VERIFY_REPORT.md""",aux,no,"""\351\227\256\351\242\230\346\211\253\346\217\217",production,0,,,,,PENDING,0,0,0,0,,,,,,,,,,,,
"""\351\227\256\351\242\230\346\211\253\346\217\217/_merge/CHANGED_FILES_WATCH.md""",aux,no,"""\351\227\256\351\242\230\346\211\253\346\217\217",production,0,,,,,PENDING,0,0,0,0,,,,,,,,,,,,
"""\351\227\256\351\242\230\346\211\253\346\217\217/_merge/M1a.md""",aux,no,"""\351\227\256\351\242\230\346\211\253\346\217\217",production,0,,,,,PENDING,0,0,0,0,,,,,,,,,,,,
"""\351\227\256\351\242\230\346\211\253\346\217\217/_merge/M2a.md""",aux,no,"""\351\227\256\351\242\230\346\211\253\346\217\217",production,0,,,,,PENDING,0,0,0,0,,,,,,,,,,,,
"""\351\227\256\351\242\230\346\211\253\346\217\217/_merge/M2b.md""",aux,no,"""\351\227\256\351\242\230\346\211\253\346\217\217",production,0,,,,,PENDING,0,0,0,0,,,,,,,,,,,,
"""\351\227\256\351\242\230\346\211\253\346\217\217/_merge/M3.md""",aux,no,"""\351\227\256\351\242\230\346\211\253\346\217\217",production,0,,,,,PENDING,0,0,0,0,,,,,,,,,,,,
"""\351\227\256\351\242\230\346\211\253\346\217\217/_merge/M3b.md""",aux,no,"""\351\227\256\351\242\230\346\211\253\346\217\217",production,0,,,,,PENDING,0,0,0,0,,,,,,,,,,,,
"""\351\227\256\351\242\230\346\211\253\346\217\217/_merge/M4.md""",aux,no,"""\351\227\256\351\242\230\346\211\253\346\217\217",production,0,,,,,PENDING,0,0,0,0,,,,,,,,,,,,
"""\351\227\256\351\242\230\346\211\253\346\217\217/_merge/M5a.md""",aux,no,"""\351\227\256\351\242\230\346\211\253\346\217\217",production,0,,,,,PENDING,0,0,0,0,,,,,,,,,,,,
"""\351\227\256\351\242\230\346\211\253\346\217\217/_merge/M5b.md""",aux,no,"""\351\227\256\351\242\230\346\211\253\346\217\217",production,0,,,,,PENDING,0,0,0,0,,,,,,,,,,,,
"""\351\227\256\351\242\230\346\211\253\346\217\217/_merge/M6a.md""",aux,no,"""\351\227\256\351\242\230\346\211\253\346\217\217",production,0,,,,,PENDING,0,0,0,0,,,,,,,,,,,,
"""\351\227\256\351\242\230\346\211\253\346\217\217/_merge/M6b.md""",aux,no,"""\351\227\256\351\242\230\346\211\253\346\217\217",production,0,,,,,PENDING,0,0,0,0,,,,,,,,,,,,
"""\351\227\256\351\242\230\346\211\253\346\217\217/_merge/M7.md""",aux,no,"""\351\227\256\351\242\230\346\211\253\346\217\217",production,0,,,,,PENDING,0,0,0,0,,,,,,,,,,,,
"""\351\227\256\351\242\230\346\211\253\346\217\217/_merge/M8.md""",aux,no,"""\351\227\256\351\242\230\346\211\253\346\217\217",production,0,,,,,PENDING,0,0,0,0,,,,,,,,,,,,
"""\351\227\256\351\242\230\346\211\253\346\217\217/_merge/M8a.md""",aux,no,"""\351\227\256\351\242\230\346\211\253\346\217\217",production,0,,,,,PENDING,0,0,0,0,,,,,,,,,,,,
"""\351\227\256\351\242\230\346\211\253\346\217\217/_merge/M9.md""",aux,no,"""\351\227\256\351\242\230\346\211\253\346\217\217",production,0,,,,,PENDING,0,0,0,0,,,,,,,,,,,,
"""\351\227\256\351\242\230\346\211\253\346\217\217/_recheck/RC1.md""",aux,no,"""\351\227\256\351\242\230\346\211\253\346\217\217",production,0,,,,,PENDING,0,0,0,0,,,,,,,,,,,,
"""\351\227\256\351\242\230\346\211\253\346\217\217/_recheck/RC2_g2.md""",aux,no,"""\351\227\256\351\242\230\346\211\253\346\217\217",production,0,,,,,PENDING,0,0,0,0,,,,,,,,,,,,
"""\351\227\256\351\242\230\346\211\253\346\217\217/_recheck/RC3.md""",aux,no,"""\351\227\256\351\242\230\346\211\253\346\217\217",production,0,,,,,PENDING,0,0,0,0,,,,,,,,,,,,
"""\351\227\256\351\242\230\346\211\253\346\217\217/_recheck/RC4.md""",aux,no,"""\351\227\256\351\242\230\346\211\253\346\217\217",production,0,,,,,PENDING,0,0,0,0,,,,,,,,,,,,
"""\351\227\256\351\242\230\346\211\253\346\217\217/_recheck/RC5.md""",aux,no,"""\351\227\256\351\242\230\346\211\253\346\217\217",production,0,,,,,PENDING,0,0,0,0,,,,,,,,,,,,
"""\351\227\256\351\242\230\346\211\253\346\217\217/_recheck/RC6.md""",aux,no,"""\351\227\256\351\242\230\346\211\253\346\217\217",production,0,,,,,PENDING,0,0,0,0,,,,,,,,,,,,
"""\351\227\256\351\242\230\346\211\253\346\217\217/_recheck/RC7.md""",aux,no,"""\351\227\256\351\242\230\346\211\253\346\217\217",production,0,,,,,PENDING,0,0,0,0,,,,,,,,,,,,
"""\351\227\256\351\242\230\346\211\253\346\217\217/_recheck/RC8.md""",aux,no,"""\351\227\256\351\242\230\346\211\253\346\217\217",production,0,,,,,PENDING,0,0,0,0,,,,,,,,,,,,
"""\351\227\256\351\242\230\346\211\253\346\217\217/_recheck/RC8_bodies.json""",aux,no,"""\351\227\256\351\242\230\346\211\253\346\217\217",production,0,,,,,PENDING,0,0,0,0,,,,,,,,,,,,
"""\351\227\256\351\242\230\346\211\253\346\217\217/_recheck/RC8_bodies_extra.json""",aux,no,"""\351\227\256\351\242\230\346\211\253\346\217\217",production,0,,,,,PENDING,0,0,0,0,,,,,,,,,,,,
"""\351\227\256\351\242\230\346\211\253\346\217\217/_recheck/RC8_slice.json""",aux,no,"""\351\227\256\351\242\230\346\211\253\346\217\217",production,0,,,,,PENDING,0,0,0,0,,,,,,,,,,,,
"""\351\227\256\351\242\230\346\211\253\346\217\217/_recheck/_g2_ids.json""",aux,no,"""\351\227\256\351\242\230\346\211\253\346\217\217",production,0,,,,,PENDING,0,0,0,0,,,,,,,,,,,,
"""\351\227\256\351\242\230\346\211\253\346\217\217/_recheck/_work/FD-F-002.md""",aux,no,"""\351\227\256\351\242\230\346\211\253\346\217\217",production,0,,,,,PENDING,0,0,0,0,,,,,,,,,,,,
"""\351\227\256\351\242\230\346\211\253\346\217\217/_recheck/_work/L28e-E-001.md""",aux,no,"""\351\227\256\351\242\230\346\211\253\346\217\217",production,0,,,,,PENDING,0,0,0,0,,,,,,,,,,,,
"""\351\227\256\351\242\230\346\211\253\346\217\217/_recheck/_work/M1a-A-006.md""",aux,no,"""\351\227\256\351\242\230\346\211\253\346\217\217",production,0,,,,,PENDING,0,0,0,0,,,,,,,,,,,,
"""\351\227\256\351\242\230\346\211\253\346\217\217/_recheck/_work/M1a-C-004.md""",aux,no,"""\351\227\256\351\242\230\346\211\253\346\217\217",production,0,,,,,PENDING,0,0,0,0,,,,,,,,,,,,
"""\351\227\256\351\242\230\346\211\253\346\217\217/_recheck/_work/M1a-E-001.md""",aux,no,"""\351\227\256\351\242\230\346\211\253\346\217\217",production,0,,,,,PENDING,0,0,0,0,,,,,,,,,,,,
"""\351\227\256\351\242\230\346\211\253\346\217\217/_recheck/_work/M1a-G-002.md""",aux,no,"""\351\227\256\351\242\230\346\211\253\346\217\217",production,0,,,,,PENDING,0,0,0,0,,,,,,,,,,,,
"""\351\227\256\351\242\230\346\211\253\346\217\217/_recheck/_work/M2a-A-3.md""",aux,no,"""\351\227\256\351\242\230\346\211\253\346\217\217",production,0,,,,,PENDING,0,0,0,0,,,,,,,,,,,,
"""\351\227\256\351\242\230\346\211\253\346\217\217/_recheck/_work/M2a-C-12.md""",aux,no,"""\351\227\256\351\242\230\346\211\253\346\217\217",production,0,,,,,PENDING,0,0,0,0,,,,,,,,,,,,
"""\351\227\256\351\242\230\346\211\253\346\217\217/_recheck/_work/M2a-C-7.md""",aux,no,"""\351\227\256\351\242\230\346\211\253\346\217\217",production,0,,,,,PENDING,0,0,0,0,,,,,,,,,,,,
"""\351\227\256\351\242\230\346\211\253\346\217\217/_recheck/_work/M2a-E-2.md""",aux,no,"""\351\227\256\351\242\230\346\211\253\346\217\217",production,0,,,,,PENDING,0,0,0,0,,,,,,,,,,,,
"""\351\227\256\351\242\230\346\211\253\346\217\217/_recheck/_work/M2a-G-2.md""",aux,no,"""\351\227\256\351\242\230\346\211\253\346\217\217",production,0,,,,,PENDING,0,0,0,0,,,,,,,,,,,,
"""\351\227\256\351\242\230\346\211\253\346\217\217/_recheck/_work/M2a-I-3.md""",aux,no,"""\351\227\256\351\242\230\346\211\253\346\217\217",production,0,,,,,PENDING,0,0,0,0,,,,,,,,,,,,
"""\351\227\256\351\242\230\346\211\253\346\217\217/_recheck/_work/M2b-B-06.md""",aux,no,"""\351\227\256\351\242\230\346\211\253\346\217\217",production,0,,,,,PENDING,0,0,0,0,,,,,,,,,,,,
"""\351\227\256\351\242\230\346\211\253\346\217\217/_recheck/_work/M2b-F-02.md""",aux,no,"""\351\227\256\351\242\230\346\211\253\346\217\217",production,0,,,,,PENDING,0,0,0,0,,,,,,,,,,,,
"""\351\227\256\351\242\230\346\211\253\346\217\217/_recheck/_work/M3-A-003.md""",aux,no,"""\351\227\256\351\242\230\346\211\253\346\217\217",production,0,,,,,PENDING,0,0,0,0,,,,,,,,,,,,
"""\351\227\256\351\242\230\346\211\253\346\217\217/_recheck/_work/M3-C-005.md""",aux,no,"""\351\227\256\351\242\230\346\211\253\346\217\217",production,0,,,,,PENDING,0,0,0,0,,,,,,,,,,,,
"""\351\227\256\351\242\230\346\211\253\346\217\217/_recheck/_work/M3-E-001.md""",aux,no,"""\351\227\256\351\242\230\346\211\253\346\217\217",production,0,,,,,PENDING,0,0,0,0,,,,,,,,,,,,
"""\351\227\256\351\242\230\346\211\253\346\217\217/_recheck/_work/M3-I-002.md""",aux,no,"""\351\227\256\351\242\230\346\211\253\346\217\217",production,0,,,,,PENDING,0,0,0,0,,,,,,,,,,,,
"""\351\227\256\351\242\230\346\211\253\346\217\217/_recheck/_work/M3b-A-06.md""",aux,no,"""\351\227\256\351\242\230\346\211\253\346\217\217",production,0,,,,,PENDING,0,0,0,0,,,,,,,,,,,,
"""\351\227\256\351\242\230\346\211\253\346\217\217/_recheck/_work/M3b-E-01.md""",aux,no,"""\351\227\256\351\242\230\346\211\253\346\217\217",production,0,,,,,PENDING,0,0,0,0,,,,,,,,,,,,
"""\351\227\256\351\242\230\346\211\253\346\217\217/_recheck/_work/M4-A-01.md""",aux,no,"""\351\227\256\351\242\230\346\211\253\346\217\217",production,0,,,,,PENDING,0,0,0,0,,,,,,,,,,,,
"""\351\227\256\351\242\230\346\211\253\346\217\217/_recheck/_work/M4-C-07.md""",aux,no,"""\351\227\256\351\242\230\346\211\253\346\217\217",production,0,,,,,PENDING,0,0,0,0,,,,,,,,,,,,
"""\351\227\256\351\242\230\346\211\253\346\217\217/_recheck/_work/M4-F-06.md""",aux,no,"""\351\227\256\351\242\230\346\211\253\346\217\217",production,0,,,,,PENDING,0,0,0,0,,,,,,,,,,,,
"""\351\227\256\351\242\230\346\211\253\346\217\217/_recheck/_work/M5a-E-001.md""",aux,no,"""\351\227\256\351\242\230\346\211\253\346\217\217",production,0,,,,,PENDING,0,0,0,0,,,,,,,,,,,,
"""\351\227\256\351\242\230\346\211\253\346\217\217/_recheck/_work/M5a-G-007.md""",aux,no,"""\351\227\256\351\242\230\346\211\253\346\217\217",production,0,,,,,PENDING,0,0,0,0,,,,,,,,,,,,
"""\351\227\256\351\242\230\346\211\253\346\217\217/_recheck/_work/M5b-C-05.md""",aux,no,"""\351\227\256\351\242\230\346\211\253\346\217\217",production,0,,,,,PENDING,0,0,0,0,,,,,,,,,,,,
"""\351\227\256\351\242\230\346\211\253\346\217\217/_recheck/_work/M5b-F-01.md""",aux,no,"""\351\227\256\351\242\230\346\211\253\346\217\217",production,0,,,,,PENDING,0,0,0,0,,,,,,,,,,,,
"""\351\227\256\351\242\230\346\211\253\346\217\217/_recheck/_work/M5b-G-08.md""",aux,no,"""\351\227\256\351\242\230\346\211\253\346\217\217",production,0,,,,,PENDING,0,0,0,0,,,,,,,,,,,,
"""\351\227\256\351\242\230\346\211\253\346\217\217/_recheck/_work/M5b-G-16.md""",aux,no,"""\351\227\256\351\242\230\346\211\253\346\217\217",production,0,,,,,PENDING,0,0,0,0,,,,,,,,,,,,
"""\351\227\256\351\242\230\346\211\253\346\217\217/_recheck/_work/M5b-I-07.md""",aux,no,"""\351\227\256\351\242\230\346\211\253\346\217\217",production,0,,,,,PENDING,0,0,0,0,,,,,,,,,,,,
"""\351\227\256\351\242\230\346\211\253\346\217\217/_recheck/_work/M6a-D-003.md""",aux,no,"""\351\227\256\351\242\230\346\211\253\346\217\217",production,0,,,,,PENDING,0,0,0,0,,,,,,,,,,,,
"""\351\227\256\351\242\230\346\211\253\346\217\217/_recheck/_work/M6a-D-011.md""",aux,no,"""\351\227\256\351\242\230\346\211\253\346\217\217",production,0,,,,,PENDING,0,0,0,0,,,,,,,,,,,,
"""\351\227\256\351\242\230\346\211\253\346\217\217/_recheck/_work/M6a-I-002.md""",aux,no,"""\351\227\256\351\242\230\346\211\253\346\217\217",production,0,,,,,PENDING,0,0,0,0,,,,,,,,,,,,
"""\351\227\256\351\242\230\346\211\253\346\217\217/_recheck/_work/M6b-E-002.md""",aux,no,"""\351\227\256\351\242\230\346\211\253\346\217\217",production,0,,,,,PENDING,0,0,0,0,,,,,,,,,,,,
"""\351\227\256\351\242\230\346\211\253\346\217\217/_recheck/_work/M6b-G-003.md""",aux,no,"""\351\227\256\351\242\230\346\211\253\346\217\217",production,0,,,,,PENDING,0,0,0,0,,,,,,,,,,,,
"""\351\227\256\351\242\230\346\211\253\346\217\217/_recheck/_work/M7-A-002.md""",aux,no,"""\351\227\256\351\242\230\346\211\253\346\217\217",production,0,,,,,PENDING,0,0,0,0,,,,,,,,,,,,
"""\351\227\256\351\242\230\346\211\253\346\217\217/_recheck/_work/M7-A-125.md""",aux,no,"""\351\227\256\351\242\230\346\211\253\346\217\217",production,0,,,,,PENDING,0,0,0,0,,,,,,,,,,,,
"""\351\227\256\351\242\230\346\211\253\346\217\217/_recheck/_work/M7-A-135.md""",aux,no,"""\351\227\256\351\242\230\346\211\253\346\217\217",production,0,,,,,PENDING,0,0,0,0,,,,,,,,,,,,
"""\351\227\256\351\242\230\346\211\253\346\217\217/_recheck/_work/M7-G-101.md""",aux,no,"""\351\227\256\351\242\230\346\211\253\346\217\217",production,0,,,,,PENDING,0,0,0,0,,,,,,,,,,,,
"""\351\227\256\351\242\230\346\211\253\346\217\217/_recheck/_work/M7-I-204.md""",aux,no,"""\351\227\256\351\242\230\346\211\253\346\217\217",production,0,,,,,PENDING,0,0,0,0,,,,,,,,,,,,
"""\351\227\256\351\242\230\346\211\253\346\217\217/_recheck/_work/M8-F-004.md""",aux,no,"""\351\227\256\351\242\230\346\211\253\346\217\217",production,0,,,,,PENDING,0,0,0,0,,,,,,,,,,,,
"""\351\227\256\351\242\230\346\211\253\346\217\217/_recheck/_work/M8-F-012.md""",aux,no,"""\351\227\256\351\242\230\346\211\253\346\217\217",production,0,,,,,PENDING,0,0,0,0,,,,,,,,,,,,
"""\351\227\256\351\242\230\346\211\253\346\217\217/_recheck/_work/M8a-C-003.md""",aux,no,"""\351\227\256\351\242\230\346\211\253\346\217\217",production,0,,,,,PENDING,0,0,0,0,,,,,,,,,,,,
"""\351\227\256\351\242\230\346\211\253\346\217\217/_recheck/_work/M8a-F-001.md""",aux,no,"""\351\227\256\351\242\230\346\211\253\346\217\217",production,0,,,,,PENDING,0,0,0,0,,,,,,,,,,,,
"""\351\227\256\351\242\230\346\211\253\346\217\217/_recheck/_work/M8a-I-001.md""",aux,no,"""\351\227\256\351\242\230\346\211\253\346\217\217",production,0,,,,,PENDING,0,0,0,0,,,,,,,,,,,,
"""\351\227\256\351\242\230\346\211\253\346\217\217/_recheck/_work/M9-A-2.md""",aux,no,"""\351\227\256\351\242\230\346\211\253\346\217\217",production,0,,,,,PENDING,0,0,0,0,,,,,,,,,,,,
"""\351\227\256\351\242\230\346\211\253\346\217\217/_recheck/_work/M9-F-1.md""",aux,no,"""\351\227\256\351\242\230\346\211\253\346\217\217",production,0,,,,,PENDING,0,0,0,0,,,,,,,,,,,,
"""\351\227\256\351\242\230\346\211\253\346\217\217/_recheck/_work/M9-H-1.md""",aux,no,"""\351\227\256\351\242\230\346\211\253\346\217\217",production,0,,,,,PENDING,0,0,0,0,,,,,,,,,,,,
"""\351\227\256\351\242\230\346\211\253\346\217\217/_recheck/_work/V1-N-04.md""",aux,no,"""\351\227\256\351\242\230\346\211\253\346\217\217",production,0,,,,,PENDING,0,0,0,0,,,,,,,,,,,,
"""\351\227\256\351\242\230\346\211\253\346\217\217/_recheck/_work/V10-N-04.md""",aux,no,"""\351\227\256\351\242\230\346\211\253\346\217\217",production,0,,,,,PENDING,0,0,0,0,,,,,,,,,,,,
"""\351\227\256\351\242\230\346\211\253\346\217\217/_recheck/_work/V11-N-03.md""",aux,no,"""\351\227\256\351\242\230\346\211\253\346\217\217",production,0,,,,,PENDING,0,0,0,0,,,,,,,,,,,,
"""\351\227\256\351\242\230\346\211\253\346\217\217/_recheck/_work/V12-N-01.md""",aux,no,"""\351\227\256\351\242\230\346\211\253\346\217\217",production,0,,,,,PENDING,0,0,0,0,,,,,,,,,,,,
"""\351\227\256\351\242\230\346\211\253\346\217\217/_recheck/_work/V12-N-09.md""",aux,no,"""\351\227\256\351\242\230\346\211\253\346\217\217",production,0,,,,,PENDING,0,0,0,0,,,,,,,,,,,,
"""\351\227\256\351\242\230\346\211\253\346\217\217/_recheck/_work/V12-N-17.md""",aux,no,"""\351\227\256\351\242\230\346\211\253\346\217\217",production,0,,,,,PENDING,0,0,0,0,,,,,,,,,,,,
"""\351\227\256\351\242\230\346\211\253\346\217\217/_recheck/_work/V13-N-08.md""",aux,no,"""\351\227\256\351\242\230\346\211\253\346\217\217",production,0,,,,,PENDING,0,0,0,0,,,,,,,,,,,,
"""\351\227\256\351\242\230\346\211\253\346\217\217/_recheck/_work/V18-N-02.md""",aux,no,"""\351\227\256\351\242\230\346\211\253\346\217\217",production,0,,,,,PENDING,0,0,0,0,,,,,,,,,,,,
"""\351\227\256\351\242\230\346\211\253\346\217\217/_recheck/_work/V2-N-01.md""",aux,no,"""\351\227\256\351\242\230\346\211\253\346\217\217",production,0,,,,,PENDING,0,0,0,0,,,,,,,,,,,,
"""\351\227\256\351\242\230\346\211\253\346\217\217/_recheck/_work/V4-N-04.md""",aux,no,"""\351\227\256\351\242\230\346\211\253\346\217\217",production,0,,,,,PENDING,0,0,0,0,,,,,,,,,,,,
"""\351\227\256\351\242\230\346\211\253\346\217\217/_recheck/_work/V7-N-02.md""",aux,no,"""\351\227\256\351\242\230\346\211\253\346\217\217",production,0,,,,,PENDING,0,0,0,0,,,,,,,,,,,,
"""\351\227\256\351\242\230\346\211\253\346\217\217/_recheck/_work/V7-N-10.md""",aux,no,"""\351\227\256\351\242\230\346\211\253\346\217\217",production,0,,,,,PENDING,0,0,0,0,,,,,,,,,,,,
"""\351\227\256\351\242\230\346\211\253\346\217\217/_recheck/_work/V9-N-02.md""",aux,no,"""\351\227\256\351\242\230\346\211\253\346\217\217",production,0,,,,,PENDING,0,0,0,0,,,,,,,,,,,,
"""\351\227\256\351\242\230\346\211\253\346\217\217/_recheck/_work/V9-N-11.md""",aux,no,"""\351\227\256\351\242\230\346\211\253\346\217\217",production,0,,,,,PENDING,0,0,0,0,,,,,,,,,,,,
"""\351\227\256\351\242\230\346\211\253\346\217\217/_recheck/_work/_index.json""",aux,no,"""\351\227\256\351\242\230\346\211\253\346\217\217",production,0,,,,,PENDING,0,0,0,0,,,,,,,,,,,,
"""\351\227\256\351\242\230\346\211\253\346\217\217/_tools/anchor_repair.js""",aux,no,"""\351\227\256\351\242\230\346\211\253\346\217\217",production,0,,,,,PENDING,0,0,0,0,,,,,,,,,,,,
"""\351\227\256\351\242\230\346\211\253\346\217\217/_tools/anchor_repair2.js""",aux,no,"""\351\227\256\351\242\230\346\211\253\346\217\217",production,0,,,,,PENDING,0,0,0,0,,,,,,,,,,,,
"""\351\227\256\351\242\230\346\211\253\346\217\217/_tools/anchor_repair_manual.md""",aux,no,"""\351\227\256\351\242\230\346\211\253\346\217\217",production,0,,,,,PENDING,0,0,0,0,,,,,,,,,,,,
"""\351\227\256\351\242\230\346\211\253\346\217\217/_tools/gen_changed_watch.js""",aux,no,"""\351\227\256\351\242\230\346\211\253\346\217\217",production,0,,,,,PENDING,0,0,0,0,,,,,,,,,,,,
"""\351\227\256\351\242\230\346\211\253\346\217\217/_tools/gen_fix_ledger.py""",aux,no,"""\351\227\256\351\242\230\346\211\253\346\217\217",production,0,,,,,PENDING,0,0,0,0,,,,,,,,,,,,
"""\351\227\256\351\242\230\346\211\253\346\217\217/_tools/verify_anchors.js""",aux,no,"""\351\227\256\351\242\230\346\211\253\346\217\217",production,0,,,,,PENDING,0,0,0,0,,,,,,,,,,,,
"""\351\227\256\351\242\230\346\211\253\346\217\217/_verify/DESIGN_check_numeric_constants.md""",aux,no,"""\351\227\256\351\242\230\346\211\253\346\217\217",production,0,,,,,PENDING,0,0,0,0,,,,,,,,,,,,
"""\351\227\256\351\242\230\346\211\253\346\217\217/_verify/E15_GATE_SPEC.md""",aux,no,"""\351\227\256\351\242\230\346\211\253\346\217\217",production,0,,,,,PENDING,0,0,0,0,,,,,,,,,,,,
"""\351\227\256\351\242\230\346\211\253\346\217\217/_verify/FORENSIC_RULES.md""",aux,no,"""\351\227\256\351\242\230\346\211\253\346\217\217",production,0,,,,,PENDING,0,0,0,0,,,,,,,,,,,,
"""\351\227\256\351\242\230\346\211\253\346\217\217/_verify/FRONT_ACTION_LIST.md""",aux,no,"""\351\227\256\351\242\230\346\211\253\346\217\217",production,0,,,,,PENDING,0,0,0,0,,,,,,,,,,,,
"""\351\227\256\351\242\230\346\211\253\346\217\217/_verify/FRONT_LEDGER_CHECK.md""",aux,no,"""\351\227\256\351\242\230\346\211\253\346\217\217",production,0,,,,,PENDING,0,0,0,0,,,,,,,,,,,,
"""\351\227\256\351\242\230\346\211\253\346\217\217/_verify/SA_anchor_repair.json""",aux,no,"""\351\227\256\351\242\230\346\211\253\346\217\217",production,0,,,,,PENDING,0,0,0,0,,,,,,,,,,,,
"""\351\227\256\351\242\230\346\211\253\346\217\217/_verify/SA_anchor_repair.md""",aux,no,"""\351\227\256\351\242\230\346\211\253\346\217\217",production,0,,,,,PENDING,0,0,0,0,,,,,,,,,,,,
"""\351\227\256\351\242\230\346\211\253\346\217\217/_verify/V1.md""",aux,no,"""\351\227\256\351\242\230\346\211\253\346\217\217",production,0,,,,,PENDING,0,0,0,0,,,,,,,,,,,,
"""\351\227\256\351\242\230\346\211\253\346\217\217/_verify/V10.md""",aux,no,"""\351\227\256\351\242\230\346\211\253\346\217\217",production,0,,,,,PENDING,0,0,0,0,,,,,,,,,,,,
"""\351\227\256\351\242\230\346\211\253\346\217\217/_verify/V11.md""",aux,no,"""\351\227\256\351\242\230\346\211\253\346\217\217",production,0,,,,,PENDING,0,0,0,0,,,,,,,,,,,,
"""\351\227\256\351\242\230\346\211\253\346\217\217/_verify/V12.md""",aux,no,"""\351\227\256\351\242\230\346\211\253\346\217\217",production,0,,,,,PENDING,0,0,0,0,,,,,,,,,,,,
"""\351\227\256\351\242\230\346\211\253\346\217\217/_verify/V13.md""",aux,no,"""\351\227\256\351\242\230\346\211\253\346\217\217",production,0,,,,,PENDING,0,0,0,0,,,,,,,,,,,,
"""\351\227\256\351\242\230\346\211\253\346\217\217/_verify/V14.md""",aux,no,"""\351\227\256\351\242\230\346\211\253\346\217\217",production,0,,,,,PENDING,0,0,0,0,,,,,,,,,,,,
"""\351\227\256\351\242\230\346\211\253\346\217\217/_verify/V15.md""",aux,no,"""\351\227\256\351\242\230\346\211\253\346\217\217",production,0,,,,,PENDING,0,0,0,0,,,,,,,,,,,,
"""\351\227\256\351\242\230\346\211\253\346\217\217/_verify/V17.md""",aux,no,"""\351\227\256\351\242\230\346\211\253\346\217\217",production,0,,,,,PENDING,0,0,0,0,,,,,,,,,,,,
"""\351\227\256\351\242\230\346\211\253\346\217\217/_verify/V18-b.md""",aux,no,"""\351\227\256\351\242\230\346\211\253\346\217\217",production,0,,,,,PENDING,0,0,0,0,,,,,,,,,,,,
"""\351\227\256\351\242\230\346\211\253\346\217\217/_verify/V18-c.md""",aux,no,"""\351\227\256\351\242\230\346\211\253\346\217\217",production,0,,,,,PENDING,0,0,0,0,,,,,,,,,,,,
"""\351\227\256\351\242\230\346\211\253\346\217\217/_verify/V18.md""",aux,no,"""\351\227\256\351\242\230\346\211\253\346\217\217",production,0,,,,,PENDING,0,0,0,0,,,,,,,,,,,,
"""\351\227\256\351\242\230\346\211\253\346\217\217/_verify/V19.md""",aux,no,"""\351\227\256\351\242\230\346\211\253\346\217\217",production,0,,,,,PENDING,0,0,0,0,,,,,,,,,,,,
"""\351\227\256\351\242\230\346\211\253\346\217\217/_verify/V19_matrix_rows.md""",aux,no,"""\351\227\256\351\242\230\346\211\253\346\217\217",production,0,,,,,PENDING,0,0,0,0,,,,,,,,,,,,
"""\351\227\256\351\242\230\346\211\253\346\217\217/_verify/V2.md""",aux,no,"""\351\227\256\351\242\230\346\211\253\346\217\217",production,0,,,,,PENDING,0,0,0,0,,,,,,,,,,,,
"""\351\227\256\351\242\230\346\211\253\346\217\217/_verify/V20.md""",aux,no,"""\351\227\256\351\242\230\346\211\253\346\217\217",production,0,,,,,PENDING,0,0,0,0,,,,,,,,,,,,
"""\351\227\256\351\242\230\346\211\253\346\217\217/_verify/V21.md""",aux,no,"""\351\227\256\351\242\230\346\211\253\346\217\217",production,0,,,,,PENDING,0,0,0,0,,,,,,,,,,,,
"""\351\227\256\351\242\230\346\211\253\346\217\217/_verify/V21_NEGATIVE.md""",aux,no,"""\351\227\256\351\242\230\346\211\253\346\217\217",production,0,,,,,PENDING,0,0,0,0,,,,,,,,,,,,
"""\351\227\256\351\242\230\346\211\253\346\217\217/_verify/V2_N01_STATUS.md""",aux,no,"""\351\227\256\351\242\230\346\211\253\346\217\217",production,0,,,,,PENDING,0,0,0,0,,,,,,,,,,,,
"""\351\227\256\351\242\230\346\211\253\346\217\217/_verify/V3.md""",aux,no,"""\351\227\256\351\242\230\346\211\253\346\217\217",production,0,,,,,PENDING,0,0,0,0,,,,,,,,,,,,
"""\351\227\256\351\242\230\346\211\253\346\217\217/_verify/V4.md""",aux,no,"""\351\227\256\351\242\230\346\211\253\346\217\217",production,0,,,,,PENDING,0,0,0,0,,,,,,,,,,,,
"""\351\227\256\351\242\230\346\211\253\346\217\217/_verify/V5.md""",aux,no,"""\351\227\256\351\242\230\346\211\253\346\217\217",production,0,,,,,PENDING,0,0,0,0,,,,,,,,,,,,
"""\351\227\256\351\242\230\346\211\253\346\217\217/_verify/V6.md""",aux,no,"""\351\227\256\351\242\230\346\211\253\346\217\217",production,0,,,,,PENDING,0,0,0,0,,,,,,,,,,,,
"""\351\227\256\351\242\230\346\211\253\346\217\217/_verify/V7.md""",aux,no,"""\351\227\256\351\242\230\346\211\253\346\217\217",production,0,,,,,PENDING,0,0,0,0,,,,,,,,,,,,
"""\351\227\256\351\242\230\346\211\253\346\217\217/_verify/V8.md""",aux,no,"""\351\227\256\351\242\230\346\211\253\346\217\217",production,0,,,,,PENDING,0,0,0,0,,,,,,,,,,,,
"""\351\227\256\351\242\230\346\211\253\346\217\217/_verify/V9.md""",aux,no,"""\351\227\256\351\242\230\346\211\253\346\217\217",production,0,,,,,PENDING,0,0,0,0,,,,,,,,,,,,
"""\351\227\256\351\242\230\346\211\253\346\217\217/_verify/V9_gates_table.md""",aux,no,"""\351\227\256\351\242\230\346\211\253\346\217\217",production,0,,,,,PENDING,0,0,0,0,,,,,,,,,,,,
"""\351\227\256\351\242\230\346\211\253\346\217\217/_verify/W1.md""",aux,no,"""\351\227\256\351\242\230\346\211\253\346\217\217",production,0,,,,,PENDING,0,0,0,0,,,,,,,,,,,,
"""\351\227\256\351\242\230\346\211\253\346\217\217/_verify/W1_POSITIVE.md""",aux,no,"""\351\227\256\351\242\230\346\211\253\346\217\217",production,0,,,,,PENDING,0,0,0,0,,,,,,,,,,,,
"""\351\227\256\351\242\230\346\211\253\346\217\217/_verify/W2_units_r2.md""",aux,no,"""\351\227\256\351\242\230\346\211\253\346\217\217",production,0,,,,,PENDING,0,0,0,0,,,,,,,,,,,,
"""\351\227\256\351\242\230\346\211\253\346\217\217/_verify/W3.md""",aux,no,"""\351\227\256\351\242\230\346\211\253\346\217\217",production,0,,,,,PENDING,0,0,0,0,,,,,,,,,,,,
"""\351\227\256\351\242\230\346\211\253\346\217\217/_verify/W4_fs_atomic_publish.md""",aux,no,"""\351\227\256\351\242\230\346\211\253\346\217\217",production,0,,,,,PENDING,0,0,0,0,,,,,,,,,,,,
"""\351\227\256\351\242\230\346\211\253\346\217\217/_verify/W5_error_diagnostics.md""",aux,no,"""\351\227\256\351\242\230\346\211\253\346\217\217",production,0,,,,,PENDING,0,0,0,0,,,,,,,,,,,,
"""\351\227\256\351\242\230\346\211\253\346\217\217/_verify/W5_excluded_files.txt""",aux,no,"""\351\227\256\351\242\230\346\211\253\346\217\217",production,0,,,,,PENDING,0,0,0,0,,,,,,,,,,,,
"""\351\227\256\351\242\230\346\211\253\346\217\217/_verify/W6_build_portability.md""",aux,no,"""\351\227\256\351\242\230\346\211\253\346\217\217",production,0,,,,,PENDING,0,0,0,0,,,,,,,,,,,,
"""\351\227\256\351\242\230\346\211\253\346\217\217/_verify/_front_adopt_w3.py""",aux,no,"""\351\227\256\351\242\230\346\211\253\346\217\217",production,0,,,,,PENDING,0,0,0,0,,,,,,,,,,,,
"""\351\227\256\351\242\230\346\211\253\346\217\217/_verify/_front_clause_scale.py""",aux,no,"""\351\227\256\351\242\230\346\211\253\346\217\217",production,0,,,,,PENDING,0,0,0,0,,,,,,,,,,,,
"""\351\227\256\351\242\230\346\211\253\346\217\217/_verify/_front_mark_generic.py""",aux,no,"""\351\227\256\351\242\230\346\211\253\346\217\217",production,0,,,,,PENDING,0,0,0,0,,,,,,,,,,,,
"""\351\227\256\351\242\230\346\211\253\346\217\217/_verify/_front_mark_rc1.py""",aux,no,"""\351\227\256\351\242\230\346\211\253\346\217\217",production,0,,,,,PENDING,0,0,0,0,,,,,,,,,,,,
"""\351\227\256\351\242\230\346\211\253\346\217\217/_verify/_front_mark_rc2.py""",aux,no,"""\351\227\256\351\242\230\346\211\253\346\217\217",production,0,,,,,PENDING,0,0,0,0,,,,,,,,,,,,
"""\351\227\256\351\242\230\346\211\253\346\217\217/_verify/_front_mark_rc3.py""",aux,no,"""\351\227\256\351\242\230\346\211\253\346\217\217",production,0,,,,,PENDING,0,0,0,0,,,,,,,,,,,,
"""\351\227\256\351\242\230\346\211\253\346\217\217/_verify/_front_mark_rc4.py""",aux,no,"""\351\227\256\351\242\230\346\211\253\346\217\217",production,0,,,,,PENDING,0,0,0,0,,,,,,,,,,,,
"""\351\227\256\351\242\230\346\211\253\346\217\217/_verify/_front_mark_rc6.py""",aux,no,"""\351\227\256\351\242\230\346\211\253\346\217\217",production,0,,,,,PENDING,0,0,0,0,,,,,,,,,,,,
"""\351\227\256\351\242\230\346\211\253\346\217\217/_verify/_front_mark_rc7.py""",aux,no,"""\351\227\256\351\242\230\346\211\253\346\217\217",production,0,,,,,PENDING,0,0,0,0,,,,,,,,,,,,
"""\351\227\256\351\242\230\346\211\253\346\217\217/_verify/_front_mark_rc8.py""",aux,no,"""\351\227\256\351\242\230\346\211\253\346\217\217",production,0,,,,,PENDING,0,0,0,0,,,,,,,,,,,,
"""\351\227\256\351\242\230\346\211\253\346\217\217/_verify/_front_mark_w6.py""",aux,no,"""\351\227\256\351\242\230\346\211\253\346\217\217",production,0,,,,,PENDING,0,0,0,0,,,,,,,,,,,,
"""\351\227\256\351\242\230\346\211\253\346\217\217/_verify/_front_prio_audit.py""",aux,no,"""\351\227\256\351\242\230\346\211\253\346\217\217",production,0,,,,,PENDING,0,0,0,0,,,,,,,,,,,,
"""\351\227\256\351\242\230\346\211\253\346\217\217/_verify/_front_prio_fix.py""",aux,no,"""\351\227\256\351\242\230\346\211\253\346\217\217",production,0,,,,,PENDING,0,0,0,0,,,,,,,,,,,,
"""\351\227\256\351\242\230\346\211\253\346\217\217/_verify/_front_recheck.py""",aux,no,"""\351\227\256\351\242\230\346\211\253\346\217\217",production,0,,,,,PENDING,0,0,0,0,,,,,,,,,,,,
"""\351\227\256\351\242\230\346\211\253\346\217\217/_verify/_front_recheck2.py""",aux,no,"""\351\227\256\351\242\230\346\211\253\346\217\217",production,0,,,,,PENDING,0,0,0,0,,,,,,,,,,,,
"""\351\227\256\351\242\230\346\211\253\346\217\217/_verify/_front_rescue_v21.py""",aux,no,"""\351\227\256\351\242\230\346\211\253\346\217\217",production,0,,,,,PENDING,0,0,0,0,,,,,,,,,,,,
"""\351\227\256\351\242\230\346\211\253\346\217\217/_verify/_front_runref_classify.py""",aux,no,"""\351\227\256\351\242\230\346\211\253\346\217\217",production,0,,,,,PENDING,0,0,0,0,,,,,,,,,,,,
"""\351\227\256\351\242\230\346\211\253\346\217\217/_verify/_front_selfcheck.py""",aux,no,"""\351\227\256\351\242\230\346\211\253\346\217\217",production,0,,,,,PENDING,0,0,0,0,,,,,,,,,,,,
"""\351\227\256\351\242\230\346\211\253\346\217\217/_verify/_front_selfrevert.py""",aux,no,"""\351\227\256\351\242\230\346\211\253\346\217\217",production,0,,,,,PENDING,0,0,0,0,,,,,,,,,,,,
"""\351\227\256\351\242\230\346\211\253\346\217\217/_verify/_front_v20_map.py""",aux,no,"""\351\227\256\351\242\230\346\211\253\346\217\217",production,0,,,,,PENDING,0,0,0,0,,,,,,,,,,,,
"""\351\227\256\351\242\230\346\211\253\346\217\217/_verify/_mh.txt""",aux,no,"""\351\227\256\351\242\230\346\211\253\346\217\217",production,0,,,,,PENDING,0,0,0,0,,,,,,,,,,,,
"""\351\227\256\351\242\230\346\211\253\346\217\217/_verify/_v10_sites.txt""",aux,no,"""\351\227\256\351\242\230\346\211\253\346\217\217",production,0,,,,,PENDING,0,0,0,0,,,,,,,,,,,,
"""\351\227\256\351\242\230\346\211\253\346\217\217/_verify/_v11_arity.py""",aux,no,"""\351\227\256\351\242\230\346\211\253\346\217\217",production,0,,,,,PENDING,0,0,0,0,,,,,,,,,,,,
"""\351\227\256\351\242\230\346\211\253\346\217\217/_verify/_v11_arity2.py""",aux,no,"""\351\227\256\351\242\230\346\211\253\346\217\217",production,0,,,,,PENDING,0,0,0,0,,,,,,,,,,,,
"""\351\227\256\351\242\230\346\211\253\346\217\217/_verify/_v11_check_ss.py""",aux,no,"""\351\227\256\351\242\230\346\211\253\346\217\217",production,0,,,,,PENDING,0,0,0,0,,,,,,,,,,,,
"""\351\227\256\351\242\230\346\211\253\346\217\217/_verify/_v11_ci.py""",aux,no,"""\351\227\256\351\242\230\346\211\253\346\217\217",production,0,,,,,PENDING,0,0,0,0,,,,,,,,,,,,
"""\351\227\256\351\242\230\346\211\253\346\217\217/_verify/_v11_ci_all.py""",aux,no,"""\351\227\256\351\242\230\346\211\253\346\217\217",production,0,,,,,PENDING,0,0,0,0,,,,,,,,,,,,
"""\351\227\256\351\242\230\346\211\253\346\217\217/_verify/_v11_cpp_mirror.py""",aux,no,"""\351\227\256\351\242\230\346\211\253\346\217\217",production,0,,,,,PENDING,0,0,0,0,,,,,,,,,,,,
"""\351\227\256\351\242\230\346\211\253\346\217\217/_verify/_v11_cpp_mirror2.py""",aux,no,"""\351\227\256\351\242\230\346\211\253\346\217\217",production,0,,,,,PENDING,0,0,0,0,,,,,,,,,,,,
"""\351\227\256\351\242\230\346\211\253\346\217\217/_verify/_v11_cpp_mirror3.py""",aux,no,"""\351\227\256\351\242\230\346\211\253\346\217\217",production,0,,,,,PENDING,0,0,0,0,,,,,,,,,,,,
"""\351\227\256\351\242\230\346\211\253\346\217\217/_verify/_v11_cstruct.py""",aux,no,"""\351\227\256\351\242\230\346\211\253\346\217\217",production,0,,,,,PENDING,0,0,0,0,,,,,,,,,,,,
"""\351\227\256\351\242\230\346\211\253\346\217\217/_verify/_v11_cstruct2.py""",aux,no,"""\351\227\256\351\242\230\346\211\253\346\217\217",production,0,,,,,PENDING,0,0,0,0,,,,,,,,,,,,
"""\351\227\256\351\242\230\346\211\253\346\217\217/_verify/_v11_cstruct3.py""",aux,no,"""\351\227\256\351\242\230\346\211\253\346\217\217",production,0,,,,,PENDING,0,0,0,0,,,,,,,,,,,,
"""\351\227\256\351\242\230\346\211\253\346\217\217/_verify/_v11_ctypes_count.py""",aux,no,"""\351\227\256\351\242\230\346\211\253\346\217\217",production,0,,,,,PENDING,0,0,0,0,,,,,,,,,,,,
"""\351\227\256\351\242\230\346\211\253\346\217\217/_verify/_v11_ctypes_structs.py""",aux,no,"""\351\227\256\351\242\230\346\211\253\346\217\217",production,0,,,,,PENDING,0,0,0,0,,,,,,,,,,,,
"""\351\227\256\351\242\230\346\211\253\346\217\217/_verify/_v11_dupdefs.py""",aux,no,"""\351\227\256\351\242\230\346\211\253\346\217\217",production,0,,,,,PENDING,0,0,0,0,,,,,,,,,,,,
"""\351\227\256\351\242\230\346\211\253\346\217\217/_verify/_v11_exports.py""",aux,no,"""\351\227\256\351\242\230\346\211\253\346\217\217",production,0,,,,,PENDING,0,0,0,0,,,,,,,,,,,,
"""\351\227\256\351\242\230\346\211\253\346\217\217/_verify/_v11_fields.py""",aux,no,"""\351\227\256\351\242\230\346\211\253\346\217\217",production,0,,,,,PENDING,0,0,0,0,,,,,,,,,,,,
"""\351\227\256\351\242\230\346\211\253\346\217\217/_verify/_v11_gate_corpus.py""",aux,no,"""\351\227\256\351\242\230\346\211\253\346\217\217",production,0,,,,,PENDING,0,0,0,0,,,,,,,,,,,,
"""\351\227\256\351\242\230\346\211\253\346\217\217/_verify/_v11_gates.py""",aux,no,"""\351\227\256\351\242\230\346\211\253\346\217\217",production,0,,,,,PENDING,0,0,0,0,,,,,,,,,,,,
"""\351\227\256\351\242\230\346\211\253\346\217\217/_verify/_v11_ipv_check.py""",aux,no,"""\351\227\256\351\242\230\346\211\253\346\217\217",production,0,,,,,PENDING,0,0,0,0,,,,,,,,,,,,
"""\351\227\256\351\242\230\346\211\253\346\217\217/_verify/_v11_mirror_probe.py""",aux,no,"""\351\227\256\351\242\230\346\211\253\346\217\217",production,0,,,,,PENDING,0,0,0,0,,,,,,,,,,,,
"""\351\227\256\351\242\230\346\211\253\346\217\217/_verify/_v11_pubstructs.py""",aux,no,"""\351\227\256\351\242\230\346\211\253\346\217\217",production,0,,,,,PENDING,0,0,0,0,,,,,,,,,,,,
"""\351\227\256\351\242\230\346\211\253\346\217\217/_verify/_v11_recheck.py""",aux,no,"""\351\227\256\351\242\230\346\211\253\346\217\217",production,0,,,,,PENDING,0,0,0,0,,,,,,,,,,,,
"""\351\227\256\351\242\230\346\211\253\346\217\217/_verify/_v11_sizeof.py""",aux,no,"""\351\227\256\351\242\230\346\211\253\346\217\217",production,0,,,,,PENDING,0,0,0,0,,,,,,,,,,,,
"""\351\227\256\351\242\230\346\211\253\346\217\217/_verify/_v11_stats.py""",aux,no,"""\351\227\256\351\242\230\346\211\253\346\217\217",production,0,,,,,PENDING,0,0,0,0,,,,,,,,,,,,
"""\351\227\256\351\242\230\346\211\253\346\217\217/_verify/_v11_structs.json""",aux,no,"""\351\227\256\351\242\230\346\211\253\346\217\217",production,0,,,,,PENDING,0,0,0,0,,,,,,,,,,,,
"""\351\227\256\351\242\230\346\211\253\346\217\217/_verify/_v14_ports.py""",aux,no,"""\351\227\256\351\242\230\346\211\253\346\217\217",production,0,,,,,PENDING,0,0,0,0,,,,,,,,,,,,
"""\351\227\256\351\242\230\346\211\253\346\217\217/_verify/_v14_ports2.py""",aux,no,"""\351\227\256\351\242\230\346\211\253\346\217\217",production,0,,,,,PENDING,0,0,0,0,,,,,,,,,,,,
"""\351\227\256\351\242\230\346\211\253\346\217\217/_verify/_v14_reg.py""",aux,no,"""\351\227\256\351\242\230\346\211\253\346\217\217",production,0,,,,,PENDING,0,0,0,0,,,,,,,,,,,,
"""\351\227\256\351\242\230\346\211\253\346\217\217/_verify/_v1_ci.py""",aux,no,"""\351\227\256\351\242\230\346\211\253\346\217\217",production,0,,,,,PENDING,0,0,0,0,,,,,,,,,,,,
"""\351\227\256\351\242\230\346\211\253\346\217\217/_verify/_v1_ci2.py""",aux,no,"""\351\227\256\351\242\230\346\211\253\346\217\217",production,0,,,,,PENDING,0,0,0,0,,,,,,,,,,,,
"""\351\227\256\351\242\230\346\211\253\346\217\217/_verify/_v1_ci3.py""",aux,no,"""\351\227\256\351\242\230\346\211\253\346\217\217",production,0,,,,,PENDING,0,0,0,0,,,,,,,,,,,,
"""\351\227\256\351\242\230\346\211\253\346\217\217/_verify/_v1_ctest_reg.py""",aux,no,"""\351\227\256\351\242\230\346\211\253\346\217\217",production,0,,,,,PENDING,0,0,0,0,,,,,,,,,,,,
"""\351\227\256\351\242\230\346\211\253\346\217\217/_verify/_v1_ledger.py""",aux,no,"""\351\227\256\351\242\230\346\211\253\346\217\217",production,0,,,,,PENDING,0,0,0,0,,,,,,,,,,,,
"""\351\227\256\351\242\230\346\211\253\346\217\217/_verify/_v1_ledger2.py""",aux,no,"""\351\227\256\351\242\230\346\211\253\346\217\217",production,0,,,,,PENDING,0,0,0,0,,,,,,,,,,,,
"""\351\227\256\351\242\230\346\211\253\346\217\217/_verify/_v1_math.py""",aux,no,"""\351\227\256\351\242\230\346\211\253\346\217\217",production,0,,,,,PENDING,0,0,0,0,,,,,,,,,,,,
"""\351\227\256\351\242\230\346\211\253\346\217\217/_verify/_v1_math2.py""",aux,no,"""\351\227\256\351\242\230\346\211\253\346\217\217",production,0,,,,,PENDING,0,0,0,0,,,,,,,,,,,,
"""\351\227\256\351\242\230\346\211\253\346\217\217/_verify/_v1_math3.py""",aux,no,"""\351\227\256\351\242\230\346\211\253\346\217\217",production,0,,,,,PENDING,0,0,0,0,,,,,,,,,,,,
"""\351\227\256\351\242\230\346\211\253\346\217\217/_verify/_v1_math4.py""",aux,no,"""\351\227\256\351\242\230\346\211\253\346\217\217",production,0,,,,,PENDING,0,0,0,0,,,,,,,,,,,,
"""\351\227\256\351\242\230\346\211\253\346\217\217/_verify/_v1_math5.py""",aux,no,"""\351\227\256\351\242\230\346\211\253\346\217\217",production,0,,,,,PENDING,0,0,0,0,,,,,,,,,,,,
"""\351\227\256\351\242\230\346\211\253\346\217\217/_verify/_v8_added.json""",aux,no,"""\351\227\256\351\242\230\346\211\253\346\217\217",production,0,,,,,PENDING,0,0,0,0,,,,,,,,,,,,
"""\351\227\256\351\242\230\346\211\253\346\217\217/_verify/_v8_comment_lines.json""",aux,no,"""\351\227\256\351\242\230\346\211\253\346\217\217",production,0,,,,,PENDING,0,0,0,0,,,,,,,,,,,,
"""\351\227\256\351\242\230\346\211\253\346\217\217/_verify/_v8_diff.txt""",aux,no,"""\351\227\256\351\242\230\346\211\253\346\217\217",production,0,,,,,PENDING,0,0,0,0,,,,,,,,,,,,
"""\351\227\256\351\242\230\346\211\253\346\217\217/_verify/_v8_diff_percommit.txt""",aux,no,"""\351\227\256\351\242\230\346\211\253\346\217\217",production,0,,,,,PENDING,0,0,0,0,,,,,,,,,,,,
"""\351\227\256\351\242\230\346\211\253\346\217\217/_verify/_v8_passA.txt""",aux,no,"""\351\227\256\351\242\230\346\211\253\346\217\217",production,0,,,,,PENDING,0,0,0,0,,,,,,,,,,,,
"""\351\227\256\351\242\230\346\211\253\346\217\217/_verify/_v8_passB.txt""",aux,no,"""\351\227\256\351\242\230\346\211\253\346\217\217",production,0,,,,,PENDING,0,0,0,0,,,,,,,,,,,,
"""\351\227\256\351\242\230\346\211\253\346\217\217/_verify/_v8_passC.txt""",aux,no,"""\351\227\256\351\242\230\346\211\253\346\217\217",production,0,,,,,PENDING,0,0,0,0,,,,,,,,,,,,
"""\351\227\256\351\242\230\346\211\253\346\217\217/_verify/_v8_passE.txt""",aux,no,"""\351\227\256\351\242\230\346\211\253\346\217\217",production,0,,,,,PENDING,0,0,0,0,,,,,,,,,,,,
"""\351\227\256\351\242\230\346\211\253\346\217\217/_verify/_v8_runrefs.txt""",aux,no,"""\351\227\256\351\242\230\346\211\253\346\217\217",production,0,,,,,PENDING,0,0,0,0,,,,,,,,,,,,
"""\351\227\256\351\242\230\346\211\253\346\217\217/_verify/_w2_phot_chain.py""",aux,no,"""\351\227\256\351\242\230\346\211\253\346\217\217",production,0,,,,,PENDING,0,0,0,0,,,,,,,,,,,,
"""\351\227\256\351\242\230\346\211\253\346\217\217/_verify/_w2_phot_sweep.py""",aux,no,"""\351\227\256\351\242\230\346\211\253\346\217\217",production,0,,,,,PENDING,0,0,0,0,,,,,,,,,,,,
"""\351\227\256\351\242\230\346\211\253\346\217\217/_verify/_w2_phot_window.py""",aux,no,"""\351\227\256\351\242\230\346\211\253\346\217\217",production,0,,,,,PENDING,0,0,0,0,,,,,,,,,,,,
"""\351\227\256\351\242\230\346\211\253\346\217\217/_verify/_w2_r2_math.py""",aux,no,"""\351\227\256\351\242\230\346\211\253\346\217\217",production,0,,,,,PENDING,0,0,0,0,,,,,,,,,,,,
"""\351\227\256\351\242\230\346\211\253\346\217\217/_verify/_w2_r2_math2.py""",aux,no,"""\351\227\256\351\242\230\346\211\253\346\217\217",production,0,,,,,PENDING,0,0,0,0,,,,,,,,,,,,
"""\351\227\256\351\242\230\346\211\253\346\217\217/_verify/_w2_var_hier_fp32.py""",aux,no,"""\351\227\256\351\242\230\346\211\253\346\217\217",production,0,,,,,PENDING,0,0,0,0,,,,,,,,,,,,
"""\351\227\256\351\242\230\346\211\253\346\217\217/_verify/_w2_var_moffat25.py""",aux,no,"""\351\227\256\351\242\230\346\211\253\346\217\217",production,0,,,,,PENDING,0,0,0,0,,,,,,,,,,,,
"""\351\227\256\351\242\230\346\211\253\346\217\217/_verify/_w2_var_psf_aperture.py""",aux,no,"""\351\227\256\351\242\230\346\211\253\346\217\217",production,0,,,,,PENDING,0,0,0,0,,,,,,,,,,,,
"""\351\227\256\351\242\230\346\211\253\346\217\217/_verify/_w2_wcs_conventions.py""",aux,no,"""\351\227\256\351\242\230\346\211\253\346\217\217",production,0,,,,,PENDING,0,0,0,0,,,,,,,,,,,,
"""\351\227\256\351\242\230\346\211\253\346\217\217/_verify/_w2_wcs_more.py""",aux,no,"""\351\227\256\351\242\230\346\211\253\346\217\217",production,0,,,,,PENDING,0,0,0,0,,,,,,,,,,,,
"""\351\227\256\351\242\230\346\211\253\346\217\217/_verify/_w6_baseline.py""",aux,no,"""\351\227\256\351\242\230\346\211\253\346\217\217",production,0,,,,,PENDING,0,0,0,0,,,,,,,,,,,,
"""\351\227\256\351\242\230\346\211\253\346\217\217/_verify/_w6_batch2.py""",aux,no,"""\351\227\256\351\242\230\346\211\253\346\217\217",production,0,,,,,PENDING,0,0,0,0,,,,,,,,,,,,
"""\351\227\256\351\242\230\346\211\253\346\217\217/_verify/_w6_batch3.py""",aux,no,"""\351\227\256\351\242\230\346\211\253\346\217\217",production,0,,,,,PENDING,0,0,0,0,,,,,,,,,,,,
"""\351\227\256\351\242\230\346\211\253\346\217\217/_verify/_w6_batch4.py""",aux,no,"""\351\227\256\351\242\230\346\211\253\346\217\217",production,0,,,,,PENDING,0,0,0,0,,,,,,,,,,,,
"""\351\227\256\351\242\230\346\211\253\346\217\217/_verify/_w6_batch5.py""",aux,no,"""\351\227\256\351\242\230\346\211\253\346\217\217",production,0,,,,,PENDING,0,0,0,0,,,,,,,,,,,,
"""\351\227\256\351\242\230\346\211\253\346\217\217/_verify/_w6_binding.py""",aux,no,"""\351\227\256\351\242\230\346\211\253\346\217\217",production,0,,,,,PENDING,0,0,0,0,,,,,,,,,,,,
"""\351\227\256\351\242\230\346\211\253\346\217\217/_verify/_w6_builddirs.py""",aux,no,"""\351\227\256\351\242\230\346\211\253\346\217\217",production,0,,,,,PENDING,0,0,0,0,,,,,,,,,,,,
"""\351\227\256\351\242\230\346\211\253\346\217\217/_verify/_w6_ci_facts.json""",aux,no,"""\351\227\256\351\242\230\346\211\253\346\217\217",production,0,,,,,PENDING,0,0,0,0,,,,,,,,,,,,
"""\351\227\256\351\242\230\346\211\253\346\217\217/_verify/_w6_ci_recon.py""",aux,no,"""\351\227\256\351\242\230\346\211\253\346\217\217",production,0,,,,,PENDING,0,0,0,0,,,,,,,,,,,,
"""\351\227\256\351\242\230\346\211\253\346\217\217/_verify/_w6_cmake_facts.json""",aux,no,"""\351\227\256\351\242\230\346\211\253\346\217\217",production,0,,,,,PENDING,0,0,0,0,,,,,,,,,,,,
"""\351\227\256\351\242\230\346\211\253\346\217\217/_verify/_w6_cmake_scan.py""",aux,no,"""\351\227\256\351\242\230\346\211\253\346\217\217",production,0,,,,,PENDING,0,0,0,0,,,,,,,,,,,,
"""\351\227\256\351\242\230\346\211\253\346\217\217/_verify/_w6_conditional_tests.py""",aux,no,"""\351\227\256\351\242\230\346\211\253\346\217\217",production,0,,,,,PENDING,0,0,0,0,,,,,,,,,,,,
"""\351\227\256\351\242\230\346\211\253\346\217\217/_verify/_w6_cside.py""",aux,no,"""\351\227\256\351\242\230\346\211\253\346\217\217",production,0,,,,,PENDING,0,0,0,0,,,,,,,,,,,,
"""\351\227\256\351\242\230\346\211\253\346\217\217/_verify/_w6_ctest_probe.py""",aux,no,"""\351\227\256\351\242\230\346\211\253\346\217\217",production,0,,,,,PENDING,0,0,0,0,,,,,,,,,,,,
"""\351\227\256\351\242\230\346\211\253\346\217\217/_verify/_w6_dbg.py""",aux,no,"""\351\227\256\351\242\230\346\211\253\346\217\217",production,0,,,,,PENDING,0,0,0,0,,,,,,,,,,,,
"""\351\227\256\351\242\230\346\211\253\346\217\217/_verify/_w6_dbg2.py""",aux,no,"""\351\227\256\351\242\230\346\211\253\346\217\217",production,0,,,,,PENDING,0,0,0,0,,,,,,,,,,,,
"""\351\227\256\351\242\230\346\211\253\346\217\217/_verify/_w6_dump_pack.py""",aux,no,"""\351\227\256\351\242\230\346\211\253\346\217\217",production,0,,,,,PENDING,0,0,0,0,,,,,,,,,,,,
"""\351\227\256\351\242\230\346\211\253\346\217\217/_verify/_w6_export_scan.py""",aux,no,"""\351\227\256\351\242\230\346\211\253\346\217\217",production,0,,,,,PENDING,0,0,0,0,,,,,,,,,,,,
"""\351\227\256\351\242\230\346\211\253\346\217\217/_verify/_w6_final_numbers.py""",aux,no,"""\351\227\256\351\242\230\346\211\253\346\217\217",production,0,,,,,PENDING,0,0,0,0,,,,,,,,,,,,
"""\351\227\256\351\242\230\346\211\253\346\217\217/_verify/_w6_fixstate.py""",aux,no,"""\351\227\256\351\242\230\346\211\253\346\217\217",production,0,,,,,PENDING,0,0,0,0,,,,,,,,,,,,
"""\351\227\256\351\242\230\346\211\253\346\217\217/_verify/_w6_gate_list.py""",aux,no,"""\351\227\256\351\242\230\346\211\253\346\217\217",production,0,,,,,PENDING,0,0,0,0,,,,,,,,,,,,
"""\351\227\256\351\242\230\346\211\253\346\217\217/_verify/_w6_hdr_compile.py""",aux,no,"""\351\227\256\351\242\230\346\211\253\346\217\217",production,0,,,,,PENDING,0,0,0,0,,,,,,,,,,,,
"""\351\227\256\351\242\230\346\211\253\346\217\217/_verify/_w6_hdr_decl.py""",aux,no,"""\351\227\256\351\242\230\346\211\253\346\217\217",production,0,,,,,PENDING,0,0,0,0,,,,,,,,,,,,
"""\351\227\256\351\242\230\346\211\253\346\217\217/_verify/_w6_hdr_decl2.py""",aux,no,"""\351\227\256\351\242\230\346\211\253\346\217\217",production,0,,,,,PENDING,0,0,0,0,,,,,,,,,,,,
"""\351\227\256\351\242\230\346\211\253\346\217\217/_verify/_w6_hdr_result.json""",aux,no,"""\351\227\256\351\242\230\346\211\253\346\217\217",production,0,,,,,PENDING,0,0,0,0,,,,,,,,,,,,
"""\351\227\256\351\242\230\346\211\253\346\217\217/_verify/_w6_hdr_self.py""",aux,no,"""\351\227\256\351\242\230\346\211\253\346\217\217",production,0,,,,,PENDING,0,0,0,0,,,,,,,,,,,,
"""\351\227\256\351\242\230\346\211\253\346\217\217/_verify/_w6_install_checks.py""",aux,no,"""\351\227\256\351\242\230\346\211\253\346\217\217",production,0,,,,,PENDING,0,0,0,0,,,,,,,,,,,,
"""\351\227\256\351\242\230\346\211\253\346\217\217/_verify/_w6_install_gates.py""",aux,no,"""\351\227\256\351\242\230\346\211\253\346\217\217",production,0,,,,,PENDING,0,0,0,0,,,,,,,,,,,,
"""\351\227\256\351\242\230\346\211\253\346\217\217/_verify/_w6_ledger.py""",aux,no,"""\351\227\256\351\242\230\346\211\253\346\217\217",production,0,,,,,PENDING,0,0,0,0,,,,,,,,,,,,
"""\351\227\256\351\242\230\346\211\253\346\217\217/_verify/_w6_mirror_diff.py""",aux,no,"""\351\227\256\351\242\230\346\211\253\346\217\217",production,0,,,,,PENDING,0,0,0,0,,,,,,,,,,,,
"""\351\227\256\351\242\230\346\211\253\346\217\217/_verify/_w6_mirrors.json""",aux,no,"""\351\227\256\351\242\230\346\211\253\346\217\217",production,0,,,,,PENDING,0,0,0,0,,,,,,,,,,,,
"""\351\227\256\351\242\230\346\211\253\346\217\217/_verify/_w6_mirrors.py""",aux,no,"""\351\227\256\351\242\230\346\211\253\346\217\217",production,0,,,,,PENDING,0,0,0,0,,,,,,,,,,,,
"""\351\227\256\351\242\230\346\211\253\346\217\217/_verify/_w6_nm_gates.py""",aux,no,"""\351\227\256\351\242\230\346\211\253\346\217\217",production,0,,,,,PENDING,0,0,0,0,,,,,,,,,,,,
"""\351\227\256\351\242\230\346\211\253\346\217\217/_verify/_w6_pack_gates.py""",aux,no,"""\351\227\256\351\242\230\346\211\253\346\217\217",production,0,,,,,PENDING,0,0,0,0,,,,,,,,,,,,
"""\351\227\256\351\242\230\346\211\253\346\217\217/_verify/_w6_prereq.py""",aux,no,"""\351\227\256\351\242\230\346\211\253\346\217\217",production,0,,,,,PENDING,0,0,0,0,,,,,,,,,,,,
"""\351\227\256\351\242\230\346\211\253\346\217\217/_verify/_w6_prereq_gap.py""",aux,no,"""\351\227\256\351\242\230\346\211\253\346\217\217",production,0,,,,,PENDING,0,0,0,0,,,,,,,,,,,,
"""\351\227\256\351\242\230\346\211\253\346\217\217/_verify/_w6_provider_face.py""",aux,no,"""\351\227\256\351\242\230\346\211\253\346\217\217",production,0,,,,,PENDING,0,0,0,0,,,,,,,,,,,,
"""\351\227\256\351\242\230\346\211\253\346\217\217/_verify/_w6_reach.json""",aux,no,"""\351\227\256\351\242\230\346\211\253\346\217\217",production,0,,,,,PENDING,0,0,0,0,,,,,,,,,,,,
"""\351\227\256\351\242\230\346\211\253\346\217\217/_verify/_w6_reach.py""",aux,no,"""\351\227\256\351\242\230\346\211\253\346\217\217",production,0,,,,,PENDING,0,0,0,0,,,,,,,,,,,,
"""\351\227\256\351\242\230\346\211\253\346\217\217/_verify/_w6_refs.py""",aux,no,"""\351\227\256\351\242\230\346\211\253\346\217\217",production,0,,,,,PENDING,0,0,0,0,,,,,,,,,,,,
"""\351\227\256\351\242\230\346\211\253\346\217\217/_verify/_w6_schema_refs.py""",aux,no,"""\351\227\256\351\242\230\346\211\253\346\217\217",production,0,,,,,PENDING,0,0,0,0,,,,,,,,,,,,
"""\351\227\256\351\242\230\346\211\253\346\217\217/_verify/_w6_structs.json""",aux,no,"""\351\227\256\351\242\230\346\211\253\346\217\217",production,0,,,,,PENDING,0,0,0,0,,,,,,,,,,,,
"""\351\227\256\351\242\230\346\211\253\346\217\217/_verify/_w6_structs.py""",aux,no,"""\351\227\256\351\242\230\346\211\253\346\217\217",production,0,,,,,PENDING,0,0,0,0,,,,,,,,,,,,
"""\351\227\256\351\242\230\346\211\253\346\217\217/_verify/_w6_v11_recheck.py""",aux,no,"""\351\227\256\351\242\230\346\211\253\346\217\217",production,0,,,,,PENDING,0,0,0,0,,,,,,,,,,,,
"""\351\227\256\351\242\230\346\211\253\346\217\217/_verify/_w6_v11b.py""",aux,no,"""\351\227\256\351\242\230\346\211\253\346\217\217",production,0,,,,,PENDING,0,0,0,0,,,,,,,,,,,,
"""\351\227\256\351\242\230\346\211\253\346\217\217/_verify/_w6_validator_regs.py""",aux,no,"""\351\227\256\351\242\230\346\211\253\346\217\217",production,0,,,,,PENDING,0,0,0,0,,,,,,,,,,,,
"""\351\227\256\351\242\230\346\211\253\346\217\217/_verify/_w6_wb_dump.py""",aux,no,"""\351\227\256\351\242\230\346\211\253\346\217\217",production,0,,,,,PENDING,0,0,0,0,,,,,,,,,,,,
"""\351\227\256\351\242\230\346\211\253\346\217\217/_verify/scripts_v10_census.py""",aux,no,"""\351\227\256\351\242\230\346\211\253\346\217\217",production,0,,,,,PENDING,0,0,0,0,,,,,,,,,,,,
"""\351\227\256\351\242\230\346\211\253\346\217\217/_verify/scripts_v10_census2.py""",aux,no,"""\351\227\256\351\242\230\346\211\253\346\217\217",production,0,,,,,PENDING,0,0,0,0,,,,,,,,,,,,
"""\351\227\256\351\242\230\346\211\253\346\217\217/_verify/scripts_v10_ctx.py""",aux,no,"""\351\227\256\351\242\230\346\211\253\346\217\217",production,0,,,,,PENDING,0,0,0,0,,,,,,,,,,,,
"""\351\227\256\351\242\230\346\211\253\346\217\217/_verify/scripts_v10_ctx2.py""",aux,no,"""\351\227\256\351\242\230\346\211\253\346\217\217",production,0,,,,,PENDING,0,0,0,0,,,,,,,,,,,,
"""\351\227\256\351\242\230\346\211\253\346\217\217/_verify/scripts_v10_ctx3.py""",aux,no,"""\351\227\256\351\242\230\346\211\253\346\217\217",production,0,,,,,PENDING,0,0,0,0,,,,,,,,,,,,
"""\351\227\256\351\242\230\346\211\253\346\217\217/_verify/scripts_v10_ctx4.py""",aux,no,"""\351\227\256\351\242\230\346\211\253\346\217\217",production,0,,,,,PENDING,0,0,0,0,,,,,,,,,,,,
"""\351\227\256\351\242\230\346\211\253\346\217\217/_verify/scripts_v10_dump.py""",aux,no,"""\351\227\256\351\242\230\346\211\253\346\217\217",production,0,,,,,PENDING,0,0,0,0,,,,,,,,,,,,
"""\351\227\256\351\242\230\346\211\253\346\217\217/_verify/scripts_v12_ae.py""",aux,no,"""\351\227\256\351\242\230\346\211\253\346\217\217",production,0,,,,,PENDING,0,0,0,0,,,,,,,,,,,,
"""\351\227\256\351\242\230\346\211\253\346\217\217/_verify/scripts_v12_band.py""",aux,no,"""\351\227\256\351\242\230\346\211\253\346\217\217",production,0,,,,,PENDING,0,0,0,0,,,,,,,,,,,,
"""\351\227\256\351\242\230\346\211\253\346\217\217/_verify/scripts_v12_bbox12.py""",aux,no,"""\351\227\256\351\242\230\346\211\253\346\217\217",production,0,,,,,PENDING,0,0,0,0,,,,,,,,,,,,
"""\351\227\256\351\242\230\346\211\253\346\217\217/_verify/scripts_v12_bbox12b.py""",aux,no,"""\351\227\256\351\242\230\346\211\253\346\217\217",production,0,,,,,PENDING,0,0,0,0,,,,,,,,,,,,
"""\351\227\256\351\242\230\346\211\253\346\217\217/_verify/scripts_v12_chk_ipv.py""",aux,no,"""\351\227\256\351\242\230\346\211\253\346\217\217",production,0,,,,,PENDING,0,0,0,0,,,,,,,,,,,,
"""\351\227\256\351\242\230\346\211\253\346\217\217/_verify/scripts_v12_cpu.py""",aux,no,"""\351\227\256\351\242\230\346\211\253\346\217\217",production,0,,,,,PENDING,0,0,0,0,,,,,,,,,,,,
"""\351\227\256\351\242\230\346\211\253\346\217\217/_verify/scripts_v12_d2.py""",aux,no,"""\351\227\256\351\242\230\346\211\253\346\217\217",production,0,,,,,PENDING,0,0,0,0,,,,,,,,,,,,
"""\351\227\256\351\242\230\346\211\253\346\217\217/_verify/scripts_v12_d3.py""",aux,no,"""\351\227\256\351\242\230\346\211\253\346\217\217",production,0,,,,,PENDING,0,0,0,0,,,,,,,,,,,,
"""\351\227\256\351\242\230\346\211\253\346\217\217/_verify/scripts_v12_dump1.py""",aux,no,"""\351\227\256\351\242\230\346\211\253\346\217\217",production,0,,,,,PENDING,0,0,0,0,,,,,,,,,,,,
"""\351\227\256\351\242\230\346\211\253\346\217\217/_verify/scripts_v12_dup.py""",aux,no,"""\351\227\256\351\242\230\346\211\253\346\217\217",production,0,,,,,PENDING,0,0,0,0,,,,,,,,,,,,
"""\351\227\256\351\242\230\346\211\253\346\217\217/_verify/scripts_v12_dup2.py""",aux,no,"""\351\227\256\351\242\230\346\211\253\346\217\217",production,0,,,,,PENDING,0,0,0,0,,,,,,,,,,,,
"""\351\227\256\351\242\230\346\211\253\346\217\217/_verify/scripts_v12_fam.py""",aux,no,"""\351\227\256\351\242\230\346\211\253\346\217\217",production,0,,,,,PENDING,0,0,0,0,,,,,,,,,,,,
"""\351\227\256\351\242\230\346\211\253\346\217\217/_verify/scripts_v12_fneg.py""",aux,no,"""\351\227\256\351\242\230\346\211\253\346\217\217",production,0,,,,,PENDING,0,0,0,0,,,,,,,,,,,,
"""\351\227\256\351\242\230\346\211\253\346\217\217/_verify/scripts_v12_fneg2.py""",aux,no,"""\351\227\256\351\242\230\346\211\253\346\217\217",production,0,,,,,PENDING,0,0,0,0,,,,,,,,,,,,
"""\351\227\256\351\242\230\346\211\253\346\217\217/_verify/scripts_v12_g.py""",aux,no,"""\351\227\256\351\242\230\346\211\253\346\217\217",production,0,,,,,PENDING,0,0,0,0,,,,,,,,,,,,
"""\351\227\256\351\242\230\346\211\253\346\217\217/_verify/scripts_v12_h.py""",aux,no,"""\351\227\256\351\242\230\346\211\253\346\217\217",production,0,,,,,PENDING,0,0,0,0,,,,,,,,,,,,
"""\351\227\256\351\242\230\346\211\253\346\217\217/_verify/scripts_v12_i.py""",aux,no,"""\351\227\256\351\242\230\346\211\253\346\217\217",production,0,,,,,PENDING,0,0,0,0,,,,,,,,,,,,
"""\351\227\256\351\242\230\346\211\253\346\217\217/_verify/scripts_v12_k.py""",aux,no,"""\351\227\256\351\242\230\346\211\253\346\217\217",production,0,,,,,PENDING,0,0,0,0,,,,,,,,,,,,
"""\351\227\256\351\242\230\346\211\253\346\217\217/_verify/scripts_v12_mad.py""",aux,no,"""\351\227\256\351\242\230\346\211\253\346\217\217",production,0,,,,,PENDING,0,0,0,0,,,,,,,,,,,,
"""\351\227\256\351\242\230\346\211\253\346\217\217/_verify/scripts_v12_math.py""",aux,no,"""\351\227\256\351\242\230\346\211\253\346\217\217",production,0,,,,,PENDING,0,0,0,0,,,,,,,,,,,,
"""\351\227\256\351\242\230\346\211\253\346\217\217/_verify/scripts_v12_named.py""",aux,no,"""\351\227\256\351\242\230\346\211\253\346\217\217",production,0,,,,,PENDING,0,0,0,0,,,,,,,,,,,,
"""\351\227\256\351\242\230\346\211\253\346\217\217/_verify/scripts_v12_scan2.py""",aux,no,"""\351\227\256\351\242\230\346\211\253\346\217\217",production,0,,,,,PENDING,0,0,0,0,,,,,,,,,,,,
"""\351\227\256\351\242\230\346\211\253\346\217\217/_verify/scripts_v12_sum.py""",aux,no,"""\351\227\256\351\242\230\346\211\253\346\217\217",production,0,,,,,PENDING,0,0,0,0,,,,,,,,,,,,
"""\351\227\256\351\242\230\346\211\253\346\217\217/_verify/scripts_v12_tf.py""",aux,no,"""\351\227\256\351\242\230\346\211\253\346\217\217",production,0,,,,,PENDING,0,0,0,0,,,,,,,,,,,,
"""\351\227\256\351\242\230\346\211\253\346\217\217/_verify/scripts_v12_top.py""",aux,no,"""\351\227\256\351\242\230\346\211\253\346\217\217",production,0,,,,,PENDING,0,0,0,0,,,,,,,,,,,,
"""\351\227\256\351\242\230\346\211\253\346\217\217/_verify/scripts_v12_trim.py""",aux,no,"""\351\227\256\351\242\230\346\211\253\346\217\217",production,0,,,,,PENDING,0,0,0,0,,,,,,,,,,,,
"""\351\227\256\351\242\230\346\211\253\346\217\217/_verify/scripts_v12_trim2.py""",aux,no,"""\351\227\256\351\242\230\346\211\253\346\217\217",production,0,,,,,PENDING,0,0,0,0,,,,,,,,,,,,
"""\351\227\256\351\242\230\346\211\253\346\217\217/_verify/scripts_v13_mint.py""",aux,no,"""\351\227\256\351\242\230\346\211\253\346\217\217",production,0,,,,,PENDING,0,0,0,0,,,,,,,,,,,,
"""\351\227\256\351\242\230\346\211\253\346\217\217/_verify/scripts_v15_cat.json""",aux,no,"""\351\227\256\351\242\230\346\211\253\346\217\217",production,0,,,,,PENDING,0,0,0,0,,,,,,,,,,,,
"""\351\227\256\351\242\230\346\211\253\346\217\217/_verify/scripts_v15_cat.py""",aux,no,"""\351\227\256\351\242\230\346\211\253\346\217\217",production,0,,,,,PENDING,0,0,0,0,,,,,,,,,,,,
"""\351\227\256\351\242\230\346\211\253\346\217\217/_verify/scripts_v15_cpp.py""",aux,no,"""\351\227\256\351\242\230\346\211\253\346\217\217",production,0,,,,,PENDING,0,0,0,0,,,,,,,,,,,,
"""\351\227\256\351\242\230\346\211\253\346\217\217/_verify/scripts_v15_cpp_text.json""",aux,no,"""\351\227\256\351\242\230\346\211\253\346\217\217",production,0,,,,,PENDING,0,0,0,0,,,,,,,,,,,,
"""\351\227\256\351\242\230\346\211\253\346\217\217/_verify/scripts_v15_ctest_reg.py""",aux,no,"""\351\227\256\351\242\230\346\211\253\346\217\217",production,0,,,,,PENDING,0,0,0,0,,,,,,,,,,,,
"""\351\227\256\351\242\230\346\211\253\346\217\217/_verify/scripts_v15_inject.json""",aux,no,"""\351\227\256\351\242\230\346\211\253\346\217\217",production,0,,,,,PENDING,0,0,0,0,,,,,,,,,,,,
"""\351\227\256\351\242\230\346\211\253\346\217\217/_verify/scripts_v15_inject.py""",aux,no,"""\351\227\256\351\242\230\346\211\253\346\217\217",production,0,,,,,PENDING,0,0,0,0,,,,,,,,,,,,
"""\351\227\256\351\242\230\346\211\253\346\217\217/_verify/scripts_v15_inject2.py""",aux,no,"""\351\227\256\351\242\230\346\211\253\346\217\217",production,0,,,,,PENDING,0,0,0,0,,,,,,,,,,,,
"""\351\227\256\351\242\230\346\211\253\346\217\217/_verify/scripts_v15_injectB.py""",aux,no,"""\351\227\256\351\242\230\346\211\253\346\217\217",production,0,,,,,PENDING,0,0,0,0,,,,,,,,,,,,
"""\351\227\256\351\242\230\346\211\253\346\217\217/_verify/scripts_v15_injectB_strict.json""",aux,no,"""\351\227\256\351\242\230\346\211\253\346\217\217",production,0,,,,,PENDING,0,0,0,0,,,,,,,,,,,,
"""\351\227\256\351\242\230\346\211\253\346\217\217/_verify/scripts_v15_injectC.py""",aux,no,"""\351\227\256\351\242\230\346\211\253\346\217\217",production,0,,,,,PENDING,0,0,0,0,,,,,,,,,,,,
"""\351\227\256\351\242\230\346\211\253\346\217\217/_verify/scripts_v15_inject_final.py""",aux,no,"""\351\227\256\351\242\230\346\211\253\346\217\217",production,0,,,,,PENDING,0,0,0,0,,,,,,,,,,,,
"""\351\227\256\351\242\230\346\211\253\346\217\217/_verify/scripts_v15_py.json""",aux,no,"""\351\227\256\351\242\230\346\211\253\346\217\217",production,0,,,,,PENDING,0,0,0,0,,,,,,,,,,,,
"""\351\227\256\351\242\230\346\211\253\346\217\217/_verify/scripts_v15_py.py""",aux,no,"""\351\227\256\351\242\230\346\211\253\346\217\217",production,0,,,,,PENDING,0,0,0,0,,,,,,,,,,,,
"""\351\227\256\351\242\230\346\211\253\346\217\217/_verify/scripts_v15_py_text.json""",aux,no,"""\351\227\256\351\242\230\346\211\253\346\217\217",production,0,,,,,PENDING,0,0,0,0,,,,,,,,,,,,
"""\351\227\256\351\242\230\346\211\253\346\217\217/_verify/scripts_v15_pytext.py""",aux,no,"""\351\227\256\351\242\230\346\211\253\346\217\217",production,0,,,,,PENDING,0,0,0,0,,,,,,,,,,,,
"""\351\227\256\351\242\230\346\211\253\346\217\217/_verify/scripts_v15_reg.py""",aux,no,"""\351\227\256\351\242\230\346\211\253\346\217\217",production,0,,,,,PENDING,0,0,0,0,,,,,,,,,,,,
"""\351\227\256\351\242\230\346\211\253\346\217\217/_verify/scripts_v15_selfcheck.py""",aux,no,"""\351\227\256\351\242\230\346\211\253\346\217\217",production,0,,,,,PENDING,0,0,0,0,,,,,,,,,,,,
"""\351\227\256\351\242\230\346\211\253\346\217\217/_verify/scripts_v15_verify1.py""",aux,no,"""\351\227\256\351\242\230\346\211\253\346\217\217",production,0,,,,,PENDING,0,0,0,0,,,,,,,,,,,,
"""\351\227\256\351\242\230\346\211\253\346\217\217/_verify/scripts_v15_verify2.py""",aux,no,"""\351\227\256\351\242\230\346\211\253\346\217\217",production,0,,,,,PENDING,0,0,0,0,,,,,,,,,,,,
"""\351\227\256\351\242\230\346\211\253\346\217\217/_verify/scripts_v15_verify3.py""",aux,no,"""\351\227\256\351\242\230\346\211\253\346\217\217",production,0,,,,,PENDING,0,0,0,0,,,,,,,,,,,,
"""\351\227\256\351\242\230\346\211\253\346\217\217/_verify/scripts_v17_censusA.json""",aux,no,"""\351\227\256\351\242\230\346\211\253\346\217\217",production,0,,,,,PENDING,0,0,0,0,,,,,,,,,,,,
"""\351\227\256\351\242\230\346\211\253\346\217\217/_verify/scripts_v17_censusA.py""",aux,no,"""\351\227\256\351\242\230\346\211\253\346\217\217",production,0,,,,,PENDING,0,0,0,0,,,,,,,,,,,,
"""\351\227\256\351\242\230\346\211\253\346\217\217/_verify/scripts_v17_censusB.json""",aux,no,"""\351\227\256\351\242\230\346\211\253\346\217\217",production,0,,,,,PENDING,0,0,0,0,,,,,,,,,,,,
"""\351\227\256\351\242\230\346\211\253\346\217\217/_verify/scripts_v17_censusB.py""",aux,no,"""\351\227\256\351\242\230\346\211\253\346\217\217",production,0,,,,,PENDING,0,0,0,0,,,,,,,,,,,,
"""\351\227\256\351\242\230\346\211\253\346\217\217/_verify/scripts_v17_checkfields.py""",aux,no,"""\351\227\256\351\242\230\346\211\253\346\217\217",production,0,,,,,PENDING,0,0,0,0,,,,,,,,,,,,
"""\351\227\256\351\242\230\346\211\253\346\217\217/_verify/scripts_v17_envnames.py""",aux,no,"""\351\227\256\351\242\230\346\211\253\346\217\217",production,0,,,,,PENDING,0,0,0,0,,,,,,,,,,,,
"""\351\227\256\351\242\230\346\211\253\346\217\217/_verify/scripts_v17_gates.py""",aux,no,"""\351\227\256\351\242\230\346\211\253\346\217\217",production,0,,,,,PENDING,0,0,0,0,,,,,,,,,,,,
"""\351\227\256\351\242\230\346\211\253\346\217\217/_verify/scripts_v17_ipv.py""",aux,no,"""\351\227\256\351\242\230\346\211\253\346\217\217",production,0,,,,,PENDING,0,0,0,0,,,,,,,,,,,,
"""\351\227\256\351\242\230\346\211\253\346\217\217/_verify/scripts_v17_linuxbuild.py""",aux,no,"""\351\227\256\351\242\230\346\211\253\346\217\217",production,0,,,,,PENDING,0,0,0,0,,,,,,,,,,,,
"""\351\227\256\351\242\230\346\211\253\346\217\217/_verify/scripts_v17_negpos.py""",aux,no,"""\351\227\256\351\242\230\346\211\253\346\217\217",production,0,,,,,PENDING,0,0,0,0,,,,,,,,,,,,
"""\351\227\256\351\242\230\346\211\253\346\217\217/_verify/scripts_v17_selfcheck.py""",aux,no,"""\351\227\256\351\242\230\346\211\253\346\217\217",production,0,,,,,PENDING,0,0,0,0,,,,,,,,,,,,
"""\351\227\256\351\242\230\346\211\253\346\217\217/_verify/scripts_v18_3state.json""",aux,no,"""\351\227\256\351\242\230\346\211\253\346\217\217",production,0,,,,,PENDING,0,0,0,0,,,,,,,,,,,,
"""\351\227\256\351\242\230\346\211\253\346\217\217/_verify/scripts_v18_3state.py""",aux,no,"""\351\227\256\351\242\230\346\211\253\346\217\217",production,0,,,,,PENDING,0,0,0,0,,,,,,,,,,,,
"""\351\227\256\351\242\230\346\211\253\346\217\217/_verify/scripts_v18_3state_names.json""",aux,no,"""\351\227\256\351\242\230\346\211\253\346\217\217",production,0,,,,,PENDING,0,0,0,0,,,,,,,,,,,,
"""\351\227\256\351\242\230\346\211\253\346\217\217/_verify/scripts_v18_3state_names.py""",aux,no,"""\351\227\256\351\242\230\346\211\253\346\217\217",production,0,,,,,PENDING,0,0,0,0,,,,,,,,,,,,
"""\351\227\256\351\242\230\346\211\253\346\217\217/_verify/scripts_v18_assert.py""",aux,no,"""\351\227\256\351\242\230\346\211\253\346\217\217",production,0,,,,,PENDING,0,0,0,0,,,,,,,,,,,,
"""\351\227\256\351\242\230\346\211\253\346\217\217/_verify/scripts_v18_cap.py""",aux,no,"""\351\227\256\351\242\230\346\211\253\346\217\217",production,0,,,,,PENDING,0,0,0,0,,,,,,,,,,,,
"""\351\227\256\351\242\230\346\211\253\346\217\217/_verify/scripts_v18_census3.py""",aux,no,"""\351\227\256\351\242\230\346\211\253\346\217\217",production,0,,,,,PENDING,0,0,0,0,,,,,,,,,,,,
"""\351\227\256\351\242\230\346\211\253\346\217\217/_verify/scripts_v18_checks.py""",aux,no,"""\351\227\256\351\242\230\346\211\253\346\217\217",production,0,,,,,PENDING,0,0,0,0,,,,,,,,,,,,
"""\351\227\256\351\242\230\346\211\253\346\217\217/_verify/scripts_v18_checks2.py""",aux,no,"""\351\227\256\351\242\230\346\211\253\346\217\217",production,0,,,,,PENDING,0,0,0,0,,,,,,,,,,,,
"""\351\227\256\351\242\230\346\211\253\346\217\217/_verify/scripts_v18_chk.py""",aux,no,"""\351\227\256\351\242\230\346\211\253\346\217\217",production,0,,,,,PENDING,0,0,0,0,,,,,,,,,,,,
"""\351\227\256\351\242\230\346\211\253\346\217\217/_verify/scripts_v18_cmake.py""",aux,no,"""\351\227\256\351\242\230\346\211\253\346\217\217",production,0,,,,,PENDING,0,0,0,0,,,,,,,,,,,,
"""\351\227\256\351\242\230\346\211\253\346\217\217/_verify/scripts_v18_cnt2.py""",aux,no,"""\351\227\256\351\242\230\346\211\253\346\217\217",production,0,,,,,PENDING,0,0,0,0,,,,,,,,,,,,
"""\351\227\256\351\242\230\346\211\253\346\217\217/_verify/scripts_v18_counts.py""",aux,no,"""\351\227\256\351\242\230\346\211\253\346\217\217",production,0,,,,,PENDING,0,0,0,0,,,,,,,,,,,,
"""\351\227\256\351\242\230\346\211\253\346\217\217/_verify/scripts_v18_decoup.py""",aux,no,"""\351\227\256\351\242\230\346\211\253\346\217\217",production,0,,,,,PENDING,0,0,0,0,,,,,,,,,,,,
"""\351\227\256\351\242\230\346\211\253\346\217\217/_verify/scripts_v18_drift.py""",aux,no,"""\351\227\256\351\242\230\346\211\253\346\217\217",production,0,,,,,PENDING,0,0,0,0,,,,,,,,,,,,
"""\351\227\256\351\242\230\346\211\253\346\217\217/_verify/scripts_v18_drv.py""",aux,no,"""\351\227\256\351\242\230\346\211\253\346\217\217",production,0,,,,,PENDING,0,0,0,0,,,,,,,,,,,,
"""\351\227\256\351\242\230\346\211\253\346\217\217/_verify/scripts_v18_exit.json""",aux,no,"""\351\227\256\351\242\230\346\211\253\346\217\217",production,0,,,,,PENDING,0,0,0,0,,,,,,,,,,,,
"""\351\227\256\351\242\230\346\211\253\346\217\217/_verify/scripts_v18_exit.py""",aux,no,"""\351\227\256\351\242\230\346\211\253\346\217\217",production,0,,,,,PENDING,0,0,0,0,,,,,,,,,,,,
"""\351\227\256\351\242\230\346\211\253\346\217\217/_verify/scripts_v18_exit2.py""",aux,no,"""\351\227\256\351\242\230\346\211\253\346\217\217",production,0,,,,,PENDING,0,0,0,0,,,,,,,,,,,,
"""\351\227\256\351\242\230\346\211\253\346\217\217/_verify/scripts_v18_family.py""",aux,no,"""\351\227\256\351\242\230\346\211\253\346\217\217",production,0,,,,,PENDING,0,0,0,0,,,,,,,,,,,,
"""\351\227\256\351\242\230\346\211\253\346\217\217/_verify/scripts_v18_faultnames.json""",aux,no,"""\351\227\256\351\242\230\346\211\253\346\217\217",production,0,,,,,PENDING,0,0,0,0,,,,,,,,,,,,
"""\351\227\256\351\242\230\346\211\253\346\217\217/_verify/scripts_v18_faultnames_ml.json""",aux,no,"""\351\227\256\351\242\230\346\211\253\346\217\217",production,0,,,,,PENDING,0,0,0,0,,,,,,,,,,,,
"""\351\227\256\351\242\230\346\211\253\346\217\217/_verify/scripts_v18_files.json""",aux,no,"""\351\227\256\351\242\230\346\211\253\346\217\217",production,0,,,,,PENDING,0,0,0,0,,,,,,,,,,,,
"""\351\227\256\351\242\230\346\211\253\346\217\217/_verify/scripts_v18_files.py""",aux,no,"""\351\227\256\351\242\230\346\211\253\346\217\217",production,0,,,,,PENDING,0,0,0,0,,,,,,,,,,,,
"""\351\227\256\351\242\230\346\211\253\346\217\217/_verify/scripts_v18_final.py""",aux,no,"""\351\227\256\351\242\230\346\211\253\346\217\217",production,0,,,,,PENDING,0,0,0,0,,,,,,,,,,,,
"""\351\227\256\351\242\230\346\211\253\346\217\217/_verify/scripts_v18_final_census.json""",aux,no,"""\351\227\256\351\242\230\346\211\253\346\217\217",production,0,,,,,PENDING,0,0,0,0,,,,,,,,,,,,
"""\351\227\256\351\242\230\346\211\253\346\217\217/_verify/scripts_v18_five.py""",aux,no,"""\351\227\256\351\242\230\346\211\253\346\217\217",production,0,,,,,PENDING,0,0,0,0,,,,,,,,,,,,
"""\351\227\256\351\242\230\346\211\253\346\217\217/_verify/scripts_v18_fn.py""",aux,no,"""\351\227\256\351\242\230\346\211\253\346\217\217",production,0,,,,,PENDING,0,0,0,0,,,,,,,,,,,,
"""\351\227\256\351\242\230\346\211\253\346\217\217/_verify/scripts_v18_guard.py""",aux,no,"""\351\227\256\351\242\230\346\211\253\346\217\217",production,0,,,,,PENDING,0,0,0,0,,,,,,,,,,,,
"""\351\227\256\351\242\230\346\211\253\346\217\217/_verify/scripts_v18_ids.py""",aux,no,"""\351\227\256\351\242\230\346\211\253\346\217\217",production,0,,,,,PENDING,0,0,0,0,,,,,,,,,,,,
"""\351\227\256\351\242\230\346\211\253\346\217\217/_verify/scripts_v18_inv.py""",aux,no,"""\351\227\256\351\242\230\346\211\253\346\217\217",production,0,,,,,PENDING,0,0,0,0,,,,,,,,,,,,
"""\351\227\256\351\242\230\346\211\253\346\217\217/_verify/scripts_v18_isa.py""",aux,no,"""\351\227\256\351\242\230\346\211\253\346\217\217",production,0,,,,,PENDING,0,0,0,0,,,,,,,,,,,,
"""\351\227\256\351\242\230\346\211\253\346\217\217/_verify/scripts_v18_kf.py""",aux,no,"""\351\227\256\351\242\230\346\211\253\346\217\217",production,0,,,,,PENDING,0,0,0,0,,,,,,,,,,,,
"""\351\227\256\351\242\230\346\211\253\346\217\217/_verify/scripts_v18_l1cal.py""",aux,no,"""\351\227\256\351\242\230\346\211\253\346\217\217",production,0,,,,,PENDING,0,0,0,0,,,,,,,,,,,,
"""\351\227\256\351\242\230\346\211\253\346\217\217/_verify/scripts_v18_l3.py""",aux,no,"""\351\227\256\351\242\230\346\211\253\346\217\217",production,0,,,,,PENDING,0,0,0,0,,,,,,,,,,,,
"""\351\227\256\351\242\230\346\211\253\346\217\217/_verify/scripts_v18_last.py""",aux,no,"""\351\227\256\351\242\230\346\211\253\346\217\217",production,0,,,,,PENDING,0,0,0,0,,,,,,,,,,,,
"""\351\227\256\351\242\230\346\211\253\346\217\217/_verify/scripts_v18_log.py""",aux,no,"""\351\227\256\351\242\230\346\211\253\346\217\217",production,0,,,,,PENDING,0,0,0,0,,,,,,,,,,,,
"""\351\227\256\351\242\230\346\211\253\346\217\217/_verify/scripts_v18_logwire.py""",aux,no,"""\351\227\256\351\242\230\346\211\253\346\217\217",production,0,,,,,PENDING,0,0,0,0,,,,,,,,,,,,
"""\351\227\256\351\242\230\346\211\253\346\217\217/_verify/scripts_v18_macros.json""",aux,no,"""\351\227\256\351\242\230\346\211\253\346\217\217",production,0,,,,,PENDING,0,0,0,0,,,,,,,,,,,,
"""\351\227\256\351\242\230\346\211\253\346\217\217/_verify/scripts_v18_macros.py""",aux,no,"""\351\227\256\351\242\230\346\211\253\346\217\217",production,0,,,,,PENDING,0,0,0,0,,,,,,,,,,,,
"""\351\227\256\351\242\230\346\211\253\346\217\217/_verify/scripts_v18_macros2.json""",aux,no,"""\351\227\256\351\242\230\346\211\253\346\217\217",production,0,,,,,PENDING,0,0,0,0,,,,,,,,,,,,
"""\351\227\256\351\242\230\346\211\253\346\217\217/_verify/scripts_v18_macros3.py""",aux,no,"""\351\227\256\351\242\230\346\211\253\346\217\217",production,0,,,,,PENDING,0,0,0,0,,,,,,,,,,,,
"""\351\227\256\351\242\230\346\211\253\346\217\217/_verify/scripts_v18_main.py""",aux,no,"""\351\227\256\351\242\230\346\211\253\346\217\217",production,0,,,,,PENDING,0,0,0,0,,,,,,,,,,,,
"""\351\227\256\351\242\230\346\211\253\346\217\217/_verify/scripts_v18_mh.json""",aux,no,"""\351\227\256\351\242\230\346\211\253\346\217\217",production,0,,,,,PENDING,0,0,0,0,,,,,,,,,,,,
"""\351\227\256\351\242\230\346\211\253\346\217\217/_verify/scripts_v18_mh.py""",aux,no,"""\351\227\256\351\242\230\346\211\253\346\217\217",production,0,,,,,PENDING,0,0,0,0,,,,,,,,,,,,
"""\351\227\256\351\242\230\346\211\253\346\217\217/_verify/scripts_v18_mint.py""",aux,no,"""\351\227\256\351\242\230\346\211\253\346\217\217",production,0,,,,,PENDING,0,0,0,0,,,,,,,,,,,,
"""\351\227\256\351\242\230\346\211\253\346\217\217/_verify/scripts_v18_ml.py""",aux,no,"""\351\227\256\351\242\230\346\211\253\346\217\217",production,0,,,,,PENDING,0,0,0,0,,,,,,,,,,,,
"""\351\227\256\351\242\230\346\211\253\346\217\217/_verify/scripts_v18_names.json""",aux,no,"""\351\227\256\351\242\230\346\211\253\346\217\217",production,0,,,,,PENDING,0,0,0,0,,,,,,,,,,,,
"""\351\227\256\351\242\230\346\211\253\346\217\217/_verify/scripts_v18_names.py""",aux,no,"""\351\227\256\351\242\230\346\211\253\346\217\217",production,0,,,,,PENDING,0,0,0,0,,,,,,,,,,,,
"""\351\227\256\351\242\230\346\211\253\346\217\217/_verify/scripts_v18_names2.py""",aux,no,"""\351\227\256\351\242\230\346\211\253\346\217\217",production,0,,,,,PENDING,0,0,0,0,,,,,,,,,,,,
"""\351\227\256\351\242\230\346\211\253\346\217\217/_verify/scripts_v18_neg.py""",aux,no,"""\351\227\256\351\242\230\346\211\253\346\217\217",production,0,,,,,PENDING,0,0,0,0,,,,,,,,,,,,
"""\351\227\256\351\242\230\346\211\253\346\217\217/_verify/scripts_v18_neg2.py""",aux,no,"""\351\227\256\351\242\230\346\211\253\346\217\217",production,0,,,,,PENDING,0,0,0,0,,,,,,,,,,,,
"""\351\227\256\351\242\230\346\211\253\346\217\217/_verify/scripts_v18_prag.py""",aux,no,"""\351\227\256\351\242\230\346\211\253\346\217\217",production,0,,,,,PENDING,0,0,0,0,,,,,,,,,,,,
"""\351\227\256\351\242\230\346\211\253\346\217\217/_verify/scripts_v18_psfdetect.py""",aux,no,"""\351\227\256\351\242\230\346\211\253\346\217\217",production,0,,,,,PENDING,0,0,0,0,,,,,,,,,,,,
"""\351\227\256\351\242\230\346\211\253\346\217\217/_verify/scripts_v18_rc.py""",aux,no,"""\351\227\256\351\242\230\346\211\253\346\217\217",production,0,,,,,PENDING,0,0,0,0,,,,,,,,,,,,
"""\351\227\256\351\242\230\346\211\253\346\217\217/_verify/scripts_v18_reads.json""",aux,no,"""\351\227\256\351\242\230\346\211\253\346\217\217",production,0,,,,,PENDING,0,0,0,0,,,,,,,,,,,,
"""\351\227\256\351\242\230\346\211\253\346\217\217/_verify/scripts_v18_reads.py""",aux,no,"""\351\227\256\351\242\230\346\211\253\346\217\217",production,0,,,,,PENDING,0,0,0,0,,,,,,,,,,,,
"""\351\227\256\351\242\230\346\211\253\346\217\217/_verify/scripts_v18_realmode.py""",aux,no,"""\351\227\256\351\242\230\346\211\253\346\217\217",production,0,,,,,PENDING,0,0,0,0,,,,,,,,,,,,
"""\351\227\256\351\242\230\346\211\253\346\217\217/_verify/scripts_v18_rec.py""",aux,no,"""\351\227\256\351\242\230\346\211\253\346\217\217",production,0,,,,,PENDING,0,0,0,0,,,,,,,,,,,,
"""\351\227\256\351\242\230\346\211\253\346\217\217/_verify/scripts_v18_req.py""",aux,no,"""\351\227\256\351\242\230\346\211\253\346\217\217",production,0,,,,,PENDING,0,0,0,0,,,,,,,,,,,,
"""\351\227\256\351\242\230\346\211\253\346\217\217/_verify/scripts_v18_sc.py""",aux,no,"""\351\227\256\351\242\230\346\211\253\346\217\217",production,0,,,,,PENDING,0,0,0,0,,,,,,,,,,,,
"""\351\227\256\351\242\230\346\211\253\346\217\217/_verify/scripts_v18_scgate.py""",aux,no,"""\351\227\256\351\242\230\346\211\253\346\217\217",production,0,,,,,PENDING,0,0,0,0,,,,,,,,,,,,
"""\351\227\256\351\242\230\346\211\253\346\217\217/_verify/scripts_v18_scgate2.py""",aux,no,"""\351\227\256\351\242\230\346\211\253\346\217\217",production,0,,,,,PENDING,0,0,0,0,,,,,,,,,,,,
"""\351\227\256\351\242\230\346\211\253\346\217\217/_verify/scripts_v18_self2.py""",aux,no,"""\351\227\256\351\242\230\346\211\253\346\217\217",production,0,,,,,PENDING,0,0,0,0,,,,,,,,,,,,
"""\351\227\256\351\242\230\346\211\253\346\217\217/_verify/scripts_v18_selfcheck.json""",aux,no,"""\351\227\256\351\242\230\346\211\253\346\217\217",production,0,,,,,PENDING,0,0,0,0,,,,,,,,,,,,
"""\351\227\256\351\242\230\346\211\253\346\217\217/_verify/scripts_v18_selfgen.py""",aux,no,"""\351\227\256\351\242\230\346\211\253\346\217\217",production,0,,,,,PENDING,0,0,0,0,,,,,,,,,,,,
"""\351\227\256\351\242\230\346\211\253\346\217\217/_verify/scripts_v18_selfonly.py""",aux,no,"""\351\227\256\351\242\230\346\211\253\346\217\217",production,0,,,,,PENDING,0,0,0,0,,,,,,,,,,,,
"""\351\227\256\351\242\230\346\211\253\346\217\217/_verify/scripts_v18_selfonly2.py""",aux,no,"""\351\227\256\351\242\230\346\211\253\346\217\217",production,0,,,,,PENDING,0,0,0,0,,,,,,,,,,,,
"""\351\227\256\351\242\230\346\211\253\346\217\217/_verify/scripts_v18_st.py""",aux,no,"""\351\227\256\351\242\230\346\211\253\346\217\217",production,0,,,,,PENDING,0,0,0,0,,,,,,,,,,,,
"""\351\227\256\351\242\230\346\211\253\346\217\217/_verify/scripts_v18_stp.py""",aux,no,"""\351\227\256\351\242\230\346\211\253\346\217\217",production,0,,,,,PENDING,0,0,0,0,,,,,,,,,,,,
"""\351\227\256\351\242\230\346\211\253\346\217\217/_verify/scripts_v18_str.json""",aux,no,"""\351\227\256\351\242\230\346\211\253\346\217\217",production,0,,,,,PENDING,0,0,0,0,,,,,,,,,,,,
"""\351\227\256\351\242\230\346\211\253\346\217\217/_verify/scripts_v18_str.py""",aux,no,"""\351\227\256\351\242\230\346\211\253\346\217\217",production,0,,,,,PENDING,0,0,0,0,,,,,,,,,,,,
"""\351\227\256\351\242\230\346\211\253\346\217\217/_verify/scripts_v18_taut.py""",aux,no,"""\351\227\256\351\242\230\346\211\253\346\217\217",production,0,,,,,PENDING,0,0,0,0,,,,,,,,,,,,
"""\351\227\256\351\242\230\346\211\253\346\217\217/_verify/scripts_v18_tu.py""",aux,no,"""\351\227\256\351\242\230\346\211\253\346\217\217",production,0,,,,,PENDING,0,0,0,0,,,,,,,,,,,,
"""\351\227\256\351\242\230\346\211\253\346\217\217/_verify/scripts_v18_unused.json""",aux,no,"""\351\227\256\351\242\230\346\211\253\346\217\217",production,0,,,,,PENDING,0,0,0,0,,,,,,,,,,,,
"""\351\227\256\351\242\230\346\211\253\346\217\217/_verify/scripts_v18_unused.py""",aux,no,"""\351\227\256\351\242\230\346\211\253\346\217\217",production,0,,,,,PENDING,0,0,0,0,,,,,,,,,,,,
"""\351\227\256\351\242\230\346\211\253\346\217\217/_verify/scripts_v18_ver.py""",aux,no,"""\351\227\256\351\242\230\346\211\253\346\217\217",production,0,,,,,PENDING,0,0,0,0,,,,,,,,,,,,
"""\351\227\256\351\242\230\346\211\253\346\217\217/_verify/scripts_v19_art.py""",aux,no,"""\351\227\256\351\242\230\346\211\253\346\217\217",production,0,,,,,PENDING,0,0,0,0,,,,,,,,,,,,
"""\351\227\256\351\242\230\346\211\253\346\217\217/_verify/scripts_v19_ast_tools.py""",aux,no,"""\351\227\256\351\242\230\346\211\253\346\217\217",production,0,,,,,PENDING,0,0,0,0,,,,,,,,,,,,
"""\351\227\256\351\242\230\346\211\253\346\217\217/_verify/scripts_v19_binding.py""",aux,no,"""\351\227\256\351\242\230\346\211\253\346\217\217",production,0,,,,,PENDING,0,0,0,0,,,,,,,,,,,,
"""\351\227\256\351\242\230\346\211\253\346\217\217/_verify/scripts_v19_census.py""",aux,no,"""\351\227\256\351\242\230\346\211\253\346\217\217",production,0,,,,,PENDING,0,0,0,0,,,,,,,,,,,,
"""\351\227\256\351\242\230\346\211\253\346\217\217/_verify/scripts_v19_chain.py""",aux,no,"""\351\227\256\351\242\230\346\211\253\346\217\217",production,0,,,,,PENDING,0,0,0,0,,,,,,,,,,,,
"""\351\227\256\351\242\230\346\211\253\346\217\217/_verify/scripts_v19_cmd_exist.py""",aux,no,"""\351\227\256\351\242\230\346\211\253\346\217\217",production,0,,,,,PENDING,0,0,0,0,,,,,,,,,,,,
"""\351\227\256\351\242\230\346\211\253\346\217\217/_verify/scripts_v19_ctestdecl.py""",aux,no,"""\351\227\256\351\242\230\346\211\253\346\217\217",production,0,,,,,PENDING,0,0,0,0,,,,,,,,,,,,
"""\351\227\256\351\242\230\346\211\253\346\217\217/_verify/scripts_v19_deadpaths.py""",aux,no,"""\351\227\256\351\242\230\346\211\253\346\217\217",production,0,,,,,PENDING,0,0,0,0,,,,,,,,,,,,
"""\351\227\256\351\242\230\346\211\253\346\217\217/_verify/scripts_v19_dump.py""",aux,no,"""\351\227\256\351\242\230\346\211\253\346\217\217",production,0,,,,,PENDING,0,0,0,0,,,,,,,,,,,,
"""\351\227\256\351\242\230\346\211\253\346\217\217/_verify/scripts_v19_final_census.py""",aux,no,"""\351\227\256\351\242\230\346\211\253\346\217\217",production,0,,,,,PENDING,0,0,0,0,,,,,,,,,,,,
"""\351\227\256\351\242\230\346\211\253\346\217\217/_verify/scripts_v19_focus.py""",aux,no,"""\351\227\256\351\242\230\346\211\253\346\217\217",production,0,,,,,PENDING,0,0,0,0,,,,,,,,,,,,
"""\351\227\256\351\242\230\346\211\253\346\217\217/_verify/scripts_v19_gitignore.py""",aux,no,"""\351\227\256\351\242\230\346\211\253\346\217\217",production,0,,,,,PENDING,0,0,0,0,,,,,,,,,,,,
"""\351\227\256\351\242\230\346\211\253\346\217\217/_verify/scripts_v19_guard.py""",aux,no,"""\351\227\256\351\242\230\346\211\253\346\217\217",production,0,,,,,PENDING,0,0,0,0,,,,,,,,,,,,
"""\351\227\256\351\242\230\346\211\253\346\217\217/_verify/scripts_v19_guards.py""",aux,no,"""\351\227\256\351\242\230\346\211\253\346\217\217",production,0,,,,,PENDING,0,0,0,0,,,,,,,,,,,,
"""\351\227\256\351\242\230\346\211\253\346\217\217/_verify/scripts_v19_impact.py""",aux,no,"""\351\227\256\351\242\230\346\211\253\346\217\217",production,0,,,,,PENDING,0,0,0,0,,,,,,,,,,,,
"""\351\227\256\351\242\230\346\211\253\346\217\217/_verify/scripts_v19_inputs.py""",aux,no,"""\351\227\256\351\242\230\346\211\253\346\217\217",production,0,,,,,PENDING,0,0,0,0,,,,,,,,,,,,
"""\351\227\256\351\242\230\346\211\253\346\217\217/_verify/scripts_v19_last.py""",aux,no,"""\351\227\256\351\242\230\346\211\253\346\217\217",production,0,,,,,PENDING,0,0,0,0,,,,,,,,,,,,
"""\351\227\256\351\242\230\346\211\253\346\217\217/_verify/scripts_v19_matrix.py""",aux,no,"""\351\227\256\351\242\230\346\211\253\346\217\217",production,0,,,,,PENDING,0,0,0,0,,,,,,,,,,,,
"""\351\227\256\351\242\230\346\211\253\346\217\217/_verify/scripts_v19_missing.py""",aux,no,"""\351\227\256\351\242\230\346\211\253\346\217\217",production,0,,,,,PENDING,0,0,0,0,,,,,,,,,,,,
"""\351\227\256\351\242\230\346\211\253\346\217\217/_verify/scripts_v19_modules.py""",aux,no,"""\351\227\256\351\242\230\346\211\253\346\217\217",production,0,,,,,PENDING,0,0,0,0,,,,,,,,,,,,
"""\351\227\256\351\242\230\346\211\253\346\217\217/_verify/scripts_v19_net.py""",aux,no,"""\351\227\256\351\242\230\346\211\253\346\217\217",production,0,,,,,PENDING,0,0,0,0,,,,,,,,,,,,
"""\351\227\256\351\242\230\346\211\253\346\217\217/_verify/scripts_v19_order.py""",aux,no,"""\351\227\256\351\242\230\346\211\253\346\217\217",production,0,,,,,PENDING,0,0,0,0,,,,,,,,,,,,
"""\351\227\256\351\242\230\346\211\253\346\217\217/_verify/scripts_v19_profiles.py""",aux,no,"""\351\227\256\351\242\230\346\211\253\346\217\217",production,0,,,,,PENDING,0,0,0,0,,,,,,,,,,,,
"""\351\227\256\351\242\230\346\211\253\346\217\217/_verify/scripts_v19_real.py""",aux,no,"""\351\227\256\351\242\230\346\211\253\346\217\217",production,0,,,,,PENDING,0,0,0,0,,,,,,,,,,,,
"""\351\227\256\351\242\230\346\211\253\346\217\217/_verify/scripts_v19_refs.py""",aux,no,"""\351\227\256\351\242\230\346\211\253\346\217\217",production,0,,,,,PENDING,0,0,0,0,,,,,,,,,,,,
"""\351\227\256\351\242\230\346\211\253\346\217\217/_verify/scripts_v19_rules.py""",aux,no,"""\351\227\256\351\242\230\346\211\253\346\217\217",production,0,,,,,PENDING,0,0,0,0,,,,,,,,,,,,
"""\351\227\256\351\242\230\346\211\253\346\217\217/_verify/scripts_v19_samples.py""",aux,no,"""\351\227\256\351\242\230\346\211\253\346\217\217",production,0,,,,,PENDING,0,0,0,0,,,,,,,,,,,,
"""\351\227\256\351\242\230\346\211\253\346\217\217/_verify/scripts_v19_schema.py""",aux,no,"""\351\227\256\351\242\230\346\211\253\346\217\217",production,0,,,,,PENDING,0,0,0,0,,,,,,,,,,,,
"""\351\227\256\351\242\230\346\211\253\346\217\217/_verify/scripts_v19_skipquant.py""",aux,no,"""\351\227\256\351\242\230\346\211\253\346\217\217",production,0,,,,,PENDING,0,0,0,0,,,,,,,,,,,,
"""\351\227\256\351\242\230\346\211\253\346\217\217/_verify/scripts_v19_skips.py""",aux,no,"""\351\227\256\351\242\230\346\211\253\346\217\217",production,0,,,,,PENDING,0,0,0,0,,,,,,,,,,,,
"""\351\227\256\351\242\230\346\211\253\346\217\217/_verify/scripts_v19_targets.py""",aux,no,"""\351\227\256\351\242\230\346\211\253\346\217\217",production,0,,,,,PENDING,0,0,0,0,,,,,,,,,,,,
"""\351\227\256\351\242\230\346\211\253\346\217\217/_verify/scripts_v19_tools.py""",aux,no,"""\351\227\256\351\242\230\346\211\253\346\217\217",production,0,,,,,PENDING,0,0,0,0,,,,,,,,,,,,
"""\351\227\256\351\242\230\346\211\253\346\217\217/_verify/scripts_v19_ut.py""",aux,no,"""\351\227\256\351\242\230\346\211\253\346\217\217",production,0,,,,,PENDING,0,0,0,0,,,,,,,,,,,,
"""\351\227\256\351\242\230\346\211\253\346\217\217/_verify/scripts_v20_ac2.py""",aux,no,"""\351\227\256\351\242\230\346\211\253\346\217\217",production,0,,,,,PENDING,0,0,0,0,,,,,,,,,,,,
"""\351\227\256\351\242\230\346\211\253\346\217\217/_verify/scripts_v20_anchorcheck.py""",aux,no,"""\351\227\256\351\242\230\346\211\253\346\217\217",production,0,,,,,PENDING,0,0,0,0,,,,,,,,,,,,
"""\351\227\256\351\242\230\346\211\253\346\217\217/_verify/scripts_v20_anchorcheck2.py""",aux,no,"""\351\227\256\351\242\230\346\211\253\346\217\217",production,0,,,,,PENDING,0,0,0,0,,,,,,,,,,,,
"""\351\227\256\351\242\230\346\211\253\346\217\217/_verify/scripts_v20_anchorcheck3.py""",aux,no,"""\351\227\256\351\242\230\346\211\253\346\217\217",production,0,,,,,PENDING,0,0,0,0,,,,,,,,,,,,
"""\351\227\256\351\242\230\346\211\253\346\217\217/_verify/scripts_v20_anchors.sh""",aux,no,"""\351\227\256\351\242\230\346\211\253\346\217\217",production,0,,,,,PENDING,0,0,0,0,,,,,,,,,,,,
"""\351\227\256\351\242\230\346\211\253\346\217\217/_verify/scripts_v20_cal.py""",aux,no,"""\351\227\256\351\242\230\346\211\253\346\217\217",production,0,,,,,PENDING,0,0,0,0,,,,,,,,,,,,
"""\351\227\256\351\242\230\346\211\253\346\217\217/_verify/scripts_v20_chk.py""",aux,no,"""\351\227\256\351\242\230\346\211\253\346\217\217",production,0,,,,,PENDING,0,0,0,0,,,,,,,,,,,,
"""\351\227\256\351\242\230\346\211\253\346\217\217/_verify/scripts_v20_chk2.py""",aux,no,"""\351\227\256\351\242\230\346\211\253\346\217\217",production,0,,,,,PENDING,0,0,0,0,,,,,,,,,,,,
"""\351\227\256\351\242\230\346\211\253\346\217\217/_verify/scripts_v20_chk3.py""",aux,no,"""\351\227\256\351\242\230\346\211\253\346\217\217",production,0,,,,,PENDING,0,0,0,0,,,,,,,,,,,,
"""\351\227\256\351\242\230\346\211\253\346\217\217/_verify/scripts_v20_chk4.py""",aux,no,"""\351\227\256\351\242\230\346\211\253\346\217\217",production,0,,,,,PENDING,0,0,0,0,,,,,,,,,,,,
"""\351\227\256\351\242\230\346\211\253\346\217\217/_verify/scripts_v20_ci.py""",aux,no,"""\351\227\256\351\242\230\346\211\253\346\217\217",production,0,,,,,PENDING,0,0,0,0,,,,,,,,,,,,
"""\351\227\256\351\242\230\346\211\253\346\217\217/_verify/scripts_v20_cliflags.py""",aux,no,"""\351\227\256\351\242\230\346\211\253\346\217\217",production,0,,,,,PENDING,0,0,0,0,,,,,,,,,,,,
"""\351\227\256\351\242\230\346\211\253\346\217\217/_verify/scripts_v20_ctx1.py""",aux,no,"""\351\227\256\351\242\230\346\211\253\346\217\217",production,0,,,,,PENDING,0,0,0,0,,,,,,,,,,,,
"""\351\227\256\351\242\230\346\211\253\346\217\217/_verify/scripts_v20_ctx2.py""",aux,no,"""\351\227\256\351\242\230\346\211\253\346\217\217",production,0,,,,,PENDING,0,0,0,0,,,,,,,,,,,,
"""\351\227\256\351\242\230\346\211\253\346\217\217/_verify/scripts_v20_cw.py""",aux,no,"""\351\227\256\351\242\230\346\211\253\346\217\217",production,0,,,,,PENDING,0,0,0,0,,,,,,,,,,,,
"""\351\227\256\351\242\230\346\211\253\346\217\217/_verify/scripts_v20_deadstore.py""",aux,no,"""\351\227\256\351\242\230\346\211\253\346\217\217",production,0,,,,,PENDING,0,0,0,0,,,,,,,,,,,,
"""\351\227\256\351\242\230\346\211\253\346\217\217/_verify/scripts_v20_deadstore2.py""",aux,no,"""\351\227\256\351\242\230\346\211\253\346\217\217",production,0,,,,,PENDING,0,0,0,0,,,,,,,,,,,,
"""\351\227\256\351\242\230\346\211\253\346\217\217/_verify/scripts_v20_defs.py""",aux,no,"""\351\227\256\351\242\230\346\211\253\346\217\217",production,0,,,,,PENDING,0,0,0,0,,,,,,,,,,,,
"""\351\227\256\351\242\230\346\211\253\346\217\217/_verify/scripts_v20_dp.py""",aux,no,"""\351\227\256\351\242\230\346\211\253\346\217\217",production,0,,,,,PENDING,0,0,0,0,,,,,,,,,,,,
"""\351\227\256\351\242\230\346\211\253\346\217\217/_verify/scripts_v20_dp2.py""",aux,no,"""\351\227\256\351\242\230\346\211\253\346\217\217",production,0,,,,,PENDING,0,0,0,0,,,,,,,,,,,,
"""\351\227\256\351\242\230\346\211\253\346\217\217/_verify/scripts_v20_drz.py""",aux,no,"""\351\227\256\351\242\230\346\211\253\346\217\217",production,0,,,,,PENDING,0,0,0,0,,,,,,,,,,,,
"""\351\227\256\351\242\230\346\211\253\346\217\217/_verify/scripts_v20_echo.py""",aux,no,"""\351\227\256\351\242\230\346\211\253\346\217\217",production,0,,,,,PENDING,0,0,0,0,,,,,,,,,,,,
"""\351\227\256\351\242\230\346\211\253\346\217\217/_verify/scripts_v20_env.py""",aux,no,"""\351\227\256\351\242\230\346\211\253\346\217\217",production,0,,,,,PENDING,0,0,0,0,,,,,,,,,,,,
"""\351\227\256\351\242\230\346\211\253\346\217\217/_verify/scripts_v20_feat.py""",aux,no,"""\351\227\256\351\242\230\346\211\253\346\217\217",production,0,,,,,PENDING,0,0,0,0,,,,,,,,,,,,
"""\351\227\256\351\242\230\346\211\253\346\217\217/_verify/scripts_v20_fields.py""",aux,no,"""\351\227\256\351\242\230\346\211\253\346\217\217",production,0,,,,,PENDING,0,0,0,0,,,,,,,,,,,,
"""\351\227\256\351\242\230\346\211\253\346\217\217/_verify/scripts_v20_final.py""",aux,no,"""\351\227\256\351\242\230\346\211\253\346\217\217",production,0,,,,,PENDING,0,0,0,0,,,,,,,,,,,,
"""\351\227\256\351\242\230\346\211\253\346\217\217/_verify/scripts_v20_fn.py""",aux,no,"""\351\227\256\351\242\230\346\211\253\346\217\217",production,0,,,,,PENDING,0,0,0,0,,,,,,,,,,,,
"""\351\227\256\351\242\230\346\211\253\346\217\217/_verify/scripts_v20_free.py""",aux,no,"""\351\227\256\351\242\230\346\211\253\346\217\217",production,0,,,,,PENDING,0,0,0,0,,,,,,,,,,,,
"""\351\227\256\351\242\230\346\211\253\346\217\217/_verify/scripts_v20_geom2.py""",aux,no,"""\351\227\256\351\242\230\346\211\253\346\217\217",production,0,,,,,PENDING,0,0,0,0,,,,,,,,,,,,
"""\351\227\256\351\242\230\346\211\253\346\217\217/_verify/scripts_v20_geom3.py""",aux,no,"""\351\227\256\351\242\230\346\211\253\346\217\217",production,0,,,,,PENDING,0,0,0,0,,,,,,,,,,,,
"""\351\227\256\351\242\230\346\211\253\346\217\217/_verify/scripts_v20_geomuse.py""",aux,no,"""\351\227\256\351\242\230\346\211\253\346\217\217",production,0,,,,,PENDING,0,0,0,0,,,,,,,,,,,,
"""\351\227\256\351\242\230\346\211\253\346\217\217/_verify/scripts_v20_giv.py""",aux,no,"""\351\227\256\351\242\230\346\211\253\346\217\217",production,0,,,,,PENDING,0,0,0,0,,,,,,,,,,,,
"""\351\227\256\351\242\230\346\211\253\346\217\217/_verify/scripts_v20_k.py""",aux,no,"""\351\227\256\351\242\230\346\211\253\346\217\217",production,0,,,,,PENDING,0,0,0,0,,,,,,,,,,,,
"""\351\227\256\351\242\230\346\211\253\346\217\217/_verify/scripts_v20_k2.py""",aux,no,"""\351\227\256\351\242\230\346\211\253\346\217\217",production,0,,,,,PENDING,0,0,0,0,,,,,,,,,,,,
"""\351\227\256\351\242\230\346\211\253\346\217\217/_verify/scripts_v20_keys1.py""",aux,no,"""\351\227\256\351\242\230\346\211\253\346\217\217",production,0,,,,,PENDING,0,0,0,0,,,,,,,,,,,,
"""\351\227\256\351\242\230\346\211\253\346\217\217/_verify/scripts_v20_keys2.py""",aux,no,"""\351\227\256\351\242\230\346\211\253\346\217\217",production,0,,,,,PENDING,0,0,0,0,,,,,,,,,,,,
"""\351\227\256\351\242\230\346\211\253\346\217\217/_verify/scripts_v20_keys3.py""",aux,no,"""\351\227\256\351\242\230\346\211\253\346\217\217",production,0,,,,,PENDING,0,0,0,0,,,,,,,,,,,,
"""\351\227\256\351\242\230\346\211\253\346\217\217/_verify/scripts_v20_last.sh""",aux,no,"""\351\227\256\351\242\230\346\211\253\346\217\217",production,0,,,,,PENDING,0,0,0,0,,,,,,,,,,,,
"""\351\227\256\351\242\230\346\211\253\346\217\217/_verify/scripts_v20_last10.sh""",aux,no,"""\351\227\256\351\242\230\346\211\253\346\217\217",production,0,,,,,PENDING,0,0,0,0,,,,,,,,,,,,
"""\351\227\256\351\242\230\346\211\253\346\217\217/_verify/scripts_v20_last11.sh""",aux,no,"""\351\227\256\351\242\230\346\211\253\346\217\217",production,0,,,,,PENDING,0,0,0,0,,,,,,,,,,,,
"""\351\227\256\351\242\230\346\211\253\346\217\217/_verify/scripts_v20_last2.sh""",aux,no,"""\351\227\256\351\242\230\346\211\253\346\217\217",production,0,,,,,PENDING,0,0,0,0,,,,,,,,,,,,
"""\351\227\256\351\242\230\346\211\253\346\217\217/_verify/scripts_v20_last3.sh""",aux,no,"""\351\227\256\351\242\230\346\211\253\346\217\217",production,0,,,,,PENDING,0,0,0,0,,,,,,,,,,,,
"""\351\227\256\351\242\230\346\211\253\346\217\217/_verify/scripts_v20_last4.sh""",aux,no,"""\351\227\256\351\242\230\346\211\253\346\217\217",production,0,,,,,PENDING,0,0,0,0,,,,,,,,,,,,
"""\351\227\256\351\242\230\346\211\253\346\217\217/_verify/scripts_v20_last5.sh""",aux,no,"""\351\227\256\351\242\230\346\211\253\346\217\217",production,0,,,,,PENDING,0,0,0,0,,,,,,,,,,,,
"""\351\227\256\351\242\230\346\211\253\346\217\217/_verify/scripts_v20_last6.sh""",aux,no,"""\351\227\256\351\242\230\346\211\253\346\217\217",production,0,,,,,PENDING,0,0,0,0,,,,,,,,,,,,
"""\351\227\256\351\242\230\346\211\253\346\217\217/_verify/scripts_v20_last7.sh""",aux,no,"""\351\227\256\351\242\230\346\211\253\346\217\217",production,0,,,,,PENDING,0,0,0,0,,,,,,,,,,,,
"""\351\227\256\351\242\230\346\211\253\346\217\217/_verify/scripts_v20_last8.sh""",aux,no,"""\351\227\256\351\242\230\346\211\253\346\217\217",production,0,,,,,PENDING,0,0,0,0,,,,,,,,,,,,
"""\351\227\256\351\242\230\346\211\253\346\217\217/_verify/scripts_v20_last9.sh""",aux,no,"""\351\227\256\351\242\230\346\211\253\346\217\217",production,0,,,,,PENDING,0,0,0,0,,,,,,,,,,,,
"""\351\227\256\351\242\230\346\211\253\346\217\217/_verify/scripts_v20_last_anchors.py""",aux,no,"""\351\227\256\351\242\230\346\211\253\346\217\217",production,0,,,,,PENDING,0,0,0,0,,,,,,,,,,,,
"""\351\227\256\351\242\230\346\211\253\346\217\217/_verify/scripts_v20_modparams.py""",aux,no,"""\351\227\256\351\242\230\346\211\253\346\217\217",production,0,,,,,PENDING,0,0,0,0,,,,,,,,,,,,
"""\351\227\256\351\242\230\346\211\253\346\217\217/_verify/scripts_v20_mon.py""",aux,no,"""\351\227\256\351\242\230\346\211\253\346\217\217",production,0,,,,,PENDING,0,0,0,0,,,,,,,,,,,,
"""\351\227\256\351\242\230\346\211\253\346\217\217/_verify/scripts_v20_mw.py""",aux,no,"""\351\227\256\351\242\230\346\211\253\346\217\217",production,0,,,,,PENDING,0,0,0,0,,,,,,,,,,,,
"""\351\227\256\351\242\230\346\211\253\346\217\217/_verify/scripts_v20_of.py""",aux,no,"""\351\227\256\351\242\230\346\211\253\346\217\217",production,0,,,,,PENDING,0,0,0,0,,,,,,,,,,,,
"""\351\227\256\351\242\230\346\211\253\346\217\217/_verify/scripts_v20_p3.py""",aux,no,"""\351\227\256\351\242\230\346\211\253\346\217\217",production,0,,,,,PENDING,0,0,0,0,,,,,,,,,,,,
"""\351\227\256\351\242\230\346\211\253\346\217\217/_verify/scripts_v20_p3b.py""",aux,no,"""\351\227\256\351\242\230\346\211\253\346\217\217",production,0,,,,,PENDING,0,0,0,0,,,,,,,,,,,,
"""\351\227\256\351\242\230\346\211\253\346\217\217/_verify/scripts_v20_pair.py""",aux,no,"""\351\227\256\351\242\230\346\211\253\346\217\217",production,0,,,,,PENDING,0,0,0,0,,,,,,,,,,,,
"""\351\227\256\351\242\230\346\211\253\346\217\217/_verify/scripts_v20_pairs2.py""",aux,no,"""\351\227\256\351\242\230\346\211\253\346\217\217",production,0,,,,,PENDING,0,0,0,0,,,,,,,,,,,,
"""\351\227\256\351\242\230\346\211\253\346\217\217/_verify/scripts_v20_pairs3.py""",aux,no,"""\351\227\256\351\242\230\346\211\253\346\217\217",production,0,,,,,PENDING,0,0,0,0,,,,,,,,,,,,
"""\351\227\256\351\242\230\346\211\253\346\217\217/_verify/scripts_v20_paramuse.py""",aux,no,"""\351\227\256\351\242\230\346\211\253\346\217\217",production,0,,,,,PENDING,0,0,0,0,,,,,,,,,,,,
"""\351\227\256\351\242\230\346\211\253\346\217\217/_verify/scripts_v20_paramuse2.py""",aux,no,"""\351\227\256\351\242\230\346\211\253\346\217\217",production,0,,,,,PENDING,0,0,0,0,,,,,,,,,,,,
"""\351\227\256\351\242\230\346\211\253\346\217\217/_verify/scripts_v20_paramuse3.py""",aux,no,"""\351\227\256\351\242\230\346\211\253\346\217\217",production,0,,,,,PENDING,0,0,0,0,,,,,,,,,,,,
"""\351\227\256\351\242\230\346\211\253\346\217\217/_verify/scripts_v20_peek.py""",aux,no,"""\351\227\256\351\242\230\346\211\253\346\217\217",production,0,,,,,PENDING,0,0,0,0,,,,,,,,,,,,
"""\351\227\256\351\242\230\346\211\253\346\217\217/_verify/scripts_v20_probe10.py""",aux,no,"""\351\227\256\351\242\230\346\211\253\346\217\217",production,0,,,,,PENDING,0,0,0,0,,,,,,,,,,,,
"""\351\227\256\351\242\230\346\211\253\346\217\217/_verify/scripts_v20_probe4.py""",aux,no,"""\351\227\256\351\242\230\346\211\253\346\217\217",production,0,,,,,PENDING,0,0,0,0,,,,,,,,,,,,
"""\351\227\256\351\242\230\346\211\253\346\217\217/_verify/scripts_v20_probe5.py""",aux,no,"""\351\227\256\351\242\230\346\211\253\346\217\217",production,0,,,,,PENDING,0,0,0,0,,,,,,,,,,,,
"""\351\227\256\351\242\230\346\211\253\346\217\217/_verify/scripts_v20_probe6.py""",aux,no,"""\351\227\256\351\242\230\346\211\253\346\217\217",production,0,,,,,PENDING,0,0,0,0,,,,,,,,,,,,
"""\351\227\256\351\242\230\346\211\253\346\217\217/_verify/scripts_v20_probe7.py""",aux,no,"""\351\227\256\351\242\230\346\211\253\346\217\217",production,0,,,,,PENDING,0,0,0,0,,,,,,,,,,,,
"""\351\227\256\351\242\230\346\211\253\346\217\217/_verify/scripts_v20_probe8.py""",aux,no,"""\351\227\256\351\242\230\346\211\253\346\217\217",production,0,,,,,PENDING,0,0,0,0,,,,,,,,,,,,
"""\351\227\256\351\242\230\346\211\253\346\217\217/_verify/scripts_v20_probe9.py""",aux,no,"""\351\227\256\351\242\230\346\211\253\346\217\217",production,0,,,,,PENDING,0,0,0,0,,,,,,,,,,,,
"""\351\227\256\351\242\230\346\211\253\346\217\217/_verify/scripts_v20_prof.py""",aux,no,"""\351\227\256\351\242\230\346\211\253\346\217\217",production,0,,,,,PENDING,0,0,0,0,,,,,,,,,,,,
"""\351\227\256\351\242\230\346\211\253\346\217\217/_verify/scripts_v20_rc.py""",aux,no,"""\351\227\256\351\242\230\346\211\253\346\217\217",production,0,,,,,PENDING,0,0,0,0,,,,,,,,,,,,
"""\351\227\256\351\242\230\346\211\253\346\217\217/_verify/scripts_v20_re2.py""",aux,no,"""\351\227\256\351\242\230\346\211\253\346\217\217",production,0,,,,,PENDING,0,0,0,0,,,,,,,,,,,,
"""\351\227\256\351\242\230\346\211\253\346\217\217/_verify/scripts_v20_re3.py""",aux,no,"""\351\227\256\351\242\230\346\211\253\346\217\217",production,0,,,,,PENDING,0,0,0,0,,,,,,,,,,,,
"""\351\227\256\351\242\230\346\211\253\346\217\217/_verify/scripts_v20_reanchor.py""",aux,no,"""\351\227\256\351\242\230\346\211\253\346\217\217",production,0,,,,,PENDING,0,0,0,0,,,,,,,,,,,,
"""\351\227\256\351\242\230\346\211\253\346\217\217/_verify/scripts_v20_rwdiff.py""",aux,no,"""\351\227\256\351\242\230\346\211\253\346\217\217",production,0,,,,,PENDING,0,0,0,0,,,,,,,,,,,,
"""\351\227\256\351\242\230\346\211\253\346\217\217/_verify/scripts_v20_show1.py""",aux,no,"""\351\227\256\351\242\230\346\211\253\346\217\217",production,0,,,,,PENDING,0,0,0,0,,,,,,,,,,,,
"""\351\227\256\351\242\230\346\211\253\346\217\217/_verify/scripts_v20_show_me.py""",aux,no,"""\351\227\256\351\242\230\346\211\253\346\217\217",production,0,,,,,PENDING,0,0,0,0,,,,,,,,,,,,
"""\351\227\256\351\242\230\346\211\253\346\217\217/_verify/scripts_v20_structs.py""",aux,no,"""\351\227\256\351\242\230\346\211\253\346\217\217",production,0,,,,,PENDING,0,0,0,0,,,,,,,,,,,,
"""\351\227\256\351\242\230\346\211\253\346\217\217/_verify/scripts_v20_sum3.py""",aux,no,"""\351\227\256\351\242\230\346\211\253\346\217\217",production,0,,,,,PENDING,0,0,0,0,,,,,,,,,,,,
"""\351\227\256\351\242\230\346\211\253\346\217\217/_verify/scripts_v20_uninit.py""",aux,no,"""\351\227\256\351\242\230\346\211\253\346\217\217",production,0,,,,,PENDING,0,0,0,0,,,,,,,,,,,,
"""\351\227\256\351\242\230\346\211\253\346\217\217/_verify/scripts_v20_uninit2.py""",aux,no,"""\351\227\256\351\242\230\346\211\253\346\217\217",production,0,,,,,PENDING,0,0,0,0,,,,,,,,,,,,
"""\351\227\256\351\242\230\346\211\253\346\217\217/_verify/scripts_v20_upm.py""",aux,no,"""\351\227\256\351\242\230\346\211\253\346\217\217",production,0,,,,,PENDING,0,0,0,0,,,,,,,,,,,,
"""\351\227\256\351\242\230\346\211\253\346\217\217/_verify/scripts_v20_upmfields.py""",aux,no,"""\351\227\256\351\242\230\346\211\253\346\217\217",production,0,,,,,PENDING,0,0,0,0,,,,,,,,,,,,
"""\351\227\256\351\242\230\346\211\253\346\217\217/_verify/scripts_v20_v.py""",aux,no,"""\351\227\256\351\242\230\346\211\253\346\217\217",production,0,,,,,PENDING,0,0,0,0,,,,,,,,,,,,
"""\351\227\256\351\242\230\346\211\253\346\217\217/_verify/scripts_v20_vcf.py""",aux,no,"""\351\227\256\351\242\230\346\211\253\346\217\217",production,0,,,,,PENDING,0,0,0,0,,,,,,,,,,,,
"""\351\227\256\351\242\230\346\211\253\346\217\217/_verify/scripts_v20_vocab.py""",aux,no,"""\351\227\256\351\242\230\346\211\253\346\217\217",production,0,,,,,PENDING,0,0,0,0,,,,,,,,,,,,
"""\351\227\256\351\242\230\346\211\253\346\217\217/_verify/scripts_v20_voidcast.py""",aux,no,"""\351\227\256\351\242\230\346\211\253\346\217\217",production,0,,,,,PENDING,0,0,0,0,,,,,,,,,,,,
"""\351\227\256\351\242\230\346\211\253\346\217\217/_verify/scripts_v20_w.py""",aux,no,"""\351\227\256\351\242\230\346\211\253\346\217\217",production,0,,,,,PENDING,0,0,0,0,,,,,,,,,,,,
"""\351\227\256\351\242\230\346\211\253\346\217\217/_verify/scripts_v20_wo2.py""",aux,no,"""\351\227\256\351\242\230\346\211\253\346\217\217",production,0,,,,,PENDING,0,0,0,0,,,,,,,,,,,,
"""\351\227\256\351\242\230\346\211\253\346\217\217/_verify/scripts_v21_c1a.py""",aux,no,"""\351\227\256\351\242\230\346\211\253\346\217\217",production,0,,,,,PENDING,0,0,0,0,,,,,,,,,,,,
"""\351\227\256\351\242\230\346\211\253\346\217\217/_verify/scripts_v21_c1b.py""",aux,no,"""\351\227\256\351\242\230\346\211\253\346\217\217",production,0,,,,,PENDING,0,0,0,0,,,,,,,,,,,,
"""\351\227\256\351\242\230\346\211\253\346\217\217/_verify/scripts_v21_c1c.py""",aux,no,"""\351\227\256\351\242\230\346\211\253\346\217\217",production,0,,,,,PENDING,0,0,0,0,,,,,,,,,,,,
"""\351\227\256\351\242\230\346\211\253\346\217\217/_verify/scripts_v21_c1d.py""",aux,no,"""\351\227\256\351\242\230\346\211\253\346\217\217",production,0,,,,,PENDING,0,0,0,0,,,,,,,,,,,,
"""\351\227\256\351\242\230\346\211\253\346\217\217/_verify/scripts_v21_c1e.py""",aux,no,"""\351\227\256\351\242\230\346\211\253\346\217\217",production,0,,,,,PENDING,0,0,0,0,,,,,,,,,,,,
"""\351\227\256\351\242\230\346\211\253\346\217\217/_verify/scripts_v21_c1f.py""",aux,no,"""\351\227\256\351\242\230\346\211\253\346\217\217",production,0,,,,,PENDING,0,0,0,0,,,,,,,,,,,,
"""\351\227\256\351\242\230\346\211\253\346\217\217/_verify/scripts_v21_c1g.py""",aux,no,"""\351\227\256\351\242\230\346\211\253\346\217\217",production,0,,,,,PENDING,0,0,0,0,,,,,,,,,,,,
"""\351\227\256\351\242\230\346\211\253\346\217\217/_verify/scripts_v21_c2a.py""",aux,no,"""\351\227\256\351\242\230\346\211\253\346\217\217",production,0,,,,,PENDING,0,0,0,0,,,,,,,,,,,,
"""\351\227\256\351\242\230\346\211\253\346\217\217/_verify/scripts_v21_c2b.py""",aux,no,"""\351\227\256\351\242\230\346\211\253\346\217\217",production,0,,,,,PENDING,0,0,0,0,,,,,,,,,,,,
"""\351\227\256\351\242\230\346\211\253\346\217\217/_verify/scripts_v21_c2c.py""",aux,no,"""\351\227\256\351\242\230\346\211\253\346\217\217",production,0,,,,,PENDING,0,0,0,0,,,,,,,,,,,,
"""\351\227\256\351\242\230\346\211\253\346\217\217/_verify/scripts_v21_c2w.py""",aux,no,"""\351\227\256\351\242\230\346\211\253\346\217\217",production,0,,,,,PENDING,0,0,0,0,,,,,,,,,,,,
"""\351\227\256\351\242\230\346\211\253\346\217\217/_verify/scripts_v21_c3a.py""",aux,no,"""\351\227\256\351\242\230\346\211\253\346\217\217",production,0,,,,,PENDING,0,0,0,0,,,,,,,,,,,,
"""\351\227\256\351\242\230\346\211\253\346\217\217/_verify/scripts_v21_c3b.py""",aux,no,"""\351\227\256\351\242\230\346\211\253\346\217\217",production,0,,,,,PENDING,0,0,0,0,,,,,,,,,,,,
"""\351\227\256\351\242\230\346\211\253\346\217\217/_verify/scripts_v21_c4a.py""",aux,no,"""\351\227\256\351\242\230\346\211\253\346\217\217",production,0,,,,,PENDING,0,0,0,0,,,,,,,,,,,,
"""\351\227\256\351\242\230\346\211\253\346\217\217/_verify/scripts_v2_api_clean.py""",aux,no,"""\351\227\256\351\242\230\346\211\253\346\217\217",production,0,,,,,PENDING,0,0,0,0,,,,,,,,,,,,
"""\351\227\256\351\242\230\346\211\253\346\217\217/_verify/scripts_v2_api_contracts_replica.py""",aux,no,"""\351\227\256\351\242\230\346\211\253\346\217\217",production,0,,,,,PENDING,0,0,0,0,,,,,,,,,,,,
"""\351\227\256\351\242\230\346\211\253\346\217\217/_verify/scripts_v2_api_debug.py""",aux,no,"""\351\227\256\351\242\230\346\211\253\346\217\217",production,0,,,,,PENDING,0,0,0,0,,,,,,,,,,,,
"""\351\227\256\351\242\230\346\211\253\346\217\217/_verify/scripts_v2_secant.py""",aux,no,"""\351\227\256\351\242\230\346\211\253\346\217\217",production,0,,,,,PENDING,0,0,0,0,,,,,,,,,,,,
"""\351\227\256\351\242\230\346\211\253\346\217\217/_verify/scripts_v4_addtest.py""",aux,no,"""\351\227\256\351\242\230\346\211\253\346\217\217",production,0,,,,,PENDING,0,0,0,0,,,,,,,,,,,,
"""\351\227\256\351\242\230\346\211\253\346\217\217/_verify/scripts_v4_astcount.py""",aux,no,"""\351\227\256\351\242\230\346\211\253\346\217\217",production,0,,,,,PENDING,0,0,0,0,,,,,,,,,,,,
"""\351\227\256\351\242\230\346\211\253\346\217\217/_verify/scripts_v4_baseline.py""",aux,no,"""\351\227\256\351\242\230\346\211\253\346\217\217",production,0,,,,,PENDING,0,0,0,0,,,,,,,,,,,,
"""\351\227\256\351\242\230\346\211\253\346\217\217/_verify/scripts_v4_checks.py""",aux,no,"""\351\227\256\351\242\230\346\211\253\346\217\217",production,0,,,,,PENDING,0,0,0,0,,,,,,,,,,,,
"""\351\227\256\351\242\230\346\211\253\346\217\217/_verify/scripts_v4_checks2.py""",aux,no,"""\351\227\256\351\242\230\346\211\253\346\217\217",production,0,,,,,PENDING,0,0,0,0,,,,,,,,,,,,
"""\351\227\256\351\242\230\346\211\253\346\217\217/_verify/scripts_v4_citests.py""",aux,no,"""\351\227\256\351\242\230\346\211\253\346\217\217",production,0,,,,,PENDING,0,0,0,0,,,,,,,,,,,,
"""\351\227\256\351\242\230\346\211\253\346\217\217/_verify/scripts_v4_citests2.py""",aux,no,"""\351\227\256\351\242\230\346\211\253\346\217\217",production,0,,,,,PENDING,0,0,0,0,,,,,,,,,,,,
"""\351\227\256\351\242\230\346\211\253\346\217\217/_verify/scripts_v4_ctestchecks.py""",aux,no,"""\351\227\256\351\242\230\346\211\253\346\217\217",production,0,,,,,PENDING,0,0,0,0,,,,,,,,,,,,
"""\351\227\256\351\242\230\346\211\253\346\217\217/_verify/scripts_v4_dump_ledger.py""",aux,no,"""\351\227\256\351\242\230\346\211\253\346\217\217",production,0,,,,,PENDING,0,0,0,0,,,,,,,,,,,,
"""\351\227\256\351\242\230\346\211\253\346\217\217/_verify/scripts_v4_final.py""",aux,no,"""\351\227\256\351\242\230\346\211\253\346\217\217",production,0,,,,,PENDING,0,0,0,0,,,,,,,,,,,,
"""\351\227\256\351\242\230\346\211\253\346\217\217/_verify/scripts_v4_kf.py""",aux,no,"""\351\227\256\351\242\230\346\211\253\346\217\217",production,0,,,,,PENDING,0,0,0,0,,,,,,,,,,,,
"""\351\227\256\351\242\230\346\211\253\346\217\217/_verify/scripts_v4_ledger2.py""",aux,no,"""\351\227\256\351\242\230\346\211\253\346\217\217",production,0,,,,,PENDING,0,0,0,0,,,,,,,,,,,,
"""\351\227\256\351\242\230\346\211\253\346\217\217/_verify/scripts_v4_ledger3.py""",aux,no,"""\351\227\256\351\242\230\346\211\253\346\217\217",production,0,,,,,PENDING,0,0,0,0,,,,,,,,,,,,
"""\351\227\256\351\242\230\346\211\253\346\217\217/_verify/scripts_v4_ledger4.py""",aux,no,"""\351\227\256\351\242\230\346\211\253\346\217\217",production,0,,,,,PENDING,0,0,0,0,,,,,,,,,,,,
"""\351\227\256\351\242\230\346\211\253\346\217\217/_verify/scripts_v4_ledger5.py""",aux,no,"""\351\227\256\351\242\230\346\211\253\346\217\217",production,0,,,,,PENDING,0,0,0,0,,,,,,,,,,,,
"""\351\227\256\351\242\230\346\211\253\346\217\217/_verify/scripts_v4_ledger6.py""",aux,no,"""\351\227\256\351\242\230\346\211\253\346\217\217",production,0,,,,,PENDING,0,0,0,0,,,,,,,,,,,,
"""\351\227\256\351\242\230\346\211\253\346\217\217/_verify/scripts_v4_t4ev.py""",aux,no,"""\351\227\256\351\242\230\346\211\253\346\217\217",production,0,,,,,PENDING,0,0,0,0,,,,,,,,,,,,
"""\351\227\256\351\242\230\346\211\253\346\217\217/_verify/scripts_v6_con_traceability.py""",aux,no,"""\351\227\256\351\242\230\346\211\253\346\217\217",production,0,,,,,PENDING,0,0,0,0,,,,,,,,,,,,
"""\351\227\256\351\242\230\346\211\253\346\217\217/_verify/scripts_v8_checkids.py""",aux,no,"""\351\227\256\351\242\230\346\211\253\346\217\217",production,0,,,,,PENDING,0,0,0,0,,,,,,,,,,,,
"""\351\227\256\351\242\230\346\211\253\346\217\217/_verify/scripts_v8_dbg_hdr.py""",aux,no,"""\351\227\256\351\242\230\346\211\253\346\217\217",production,0,,,,,PENDING,0,0,0,0,,,,,,,,,,,,
"""\351\227\256\351\242\230\346\211\253\346\217\217/_verify/scripts_v8_extract_comments.py""",aux,no,"""\351\227\256\351\242\230\346\211\253\346\217\217",production,0,,,,,PENDING,0,0,0,0,,,,,,,,,,,,
"""\351\227\256\351\242\230\346\211\253\346\217\217/_verify/scripts_v8_p9_dev.py""",aux,no,"""\351\227\256\351\242\230\346\211\253\346\217\217",production,0,,,,,PENDING,0,0,0,0,,,,,,,,,,,,
"""\351\227\256\351\242\230\346\211\253\346\217\217/_verify/scripts_v8_p9_dev2.py""",aux,no,"""\351\227\256\351\242\230\346\211\253\346\217\217",production,0,,,,,PENDING,0,0,0,0,,,,,,,,,,,,
"""\351\227\256\351\242\230\346\211\253\346\217\217/_verify/scripts_v8_p9_frames.py""",aux,no,"""\351\227\256\351\242\230\346\211\253\346\217\217",production,0,,,,,PENDING,0,0,0,0,,,,,,,,,,,,
"""\351\227\256\351\242\230\346\211\253\346\217\217/_verify/scripts_v8_p9_idx.py""",aux,no,"""\351\227\256\351\242\230\346\211\253\346\217\217",production,0,,,,,PENDING,0,0,0,0,,,,,,,,,,,,
"""\351\227\256\351\242\230\346\211\253\346\217\217/_verify/scripts_v8_parse_diff.py""",aux,no,"""\351\227\256\351\242\230\346\211\253\346\217\217",production,0,,,,,PENDING,0,0,0,0,,,,,,,,,,,,
"""\351\227\256\351\242\230\346\211\253\346\217\217/_verify/scripts_v8_passA.py""",aux,no,"""\351\227\256\351\242\230\346\211\253\346\217\217",production,0,,,,,PENDING,0,0,0,0,,,,,,,,,,,,
"""\351\227\256\351\242\230\346\211\253\346\217\217/_verify/scripts_v8_passB2.py""",aux,no,"""\351\227\256\351\242\230\346\211\253\346\217\217",production,0,,,,,PENDING,0,0,0,0,,,,,,,,,,,,
"""\351\227\256\351\242\230\346\211\253\346\217\217/_verify/scripts_v8_passB_anchors.py""",aux,no,"""\351\227\256\351\242\230\346\211\253\346\217\217",production,0,,,,,PENDING,0,0,0,0,,,,,,,,,,,,
"""\351\227\256\351\242\230\346\211\253\346\217\217/_verify/scripts_v8_passC_ci.py""",aux,no,"""\351\227\256\351\242\230\346\211\253\346\217\217",production,0,,,,,PENDING,0,0,0,0,,,,,,,,,,,,
"""\351\227\256\351\242\230\346\211\253\346\217\217/_verify/scripts_v8_passD_symbols.py""",aux,no,"""\351\227\256\351\242\230\346\211\253\346\217\217",production,0,,,,,PENDING,0,0,0,0,,,,,,,,,,,,
"""\351\227\256\351\242\230\346\211\253\346\217\217/_verify/scripts_v8_passE_absolute.py""",aux,no,"""\351\227\256\351\242\230\346\211\253\346\217\217",production,0,,,,,PENDING,0,0,0,0,,,,,,,,,,,,
"""\351\227\256\351\242\230\346\211\253\346\217\217/_verify/scripts_v8_passF_owner.py""",aux,no,"""\351\227\256\351\242\230\346\211\253\346\217\217",production,0,,,,,PENDING,0,0,0,0,,,,,,,,,,,,
"""\351\227\256\351\242\230\346\211\253\346\217\217/_verify/scripts_v8_runrefs.py""",aux,no,"""\351\227\256\351\242\230\346\211\253\346\217\217",production,0,,,,,PENDING,0,0,0,0,,,,,,,,,,,,
"""\351\227\256\351\242\230\346\211\253\346\217\217/_verify/scripts_v8_snr_sites.py""",aux,no,"""\351\227\256\351\242\230\346\211\253\346\217\217",production,0,,,,,PENDING,0,0,0,0,,,,,,,,,,,,
"""\351\227\256\351\242\230\346\211\253\346\217\217/_verify/scripts_v8_tmp_dir.py""",aux,no,"""\351\227\256\351\242\230\346\211\253\346\217\217",production,0,,,,,PENDING,0,0,0,0,,,,,,,,,,,,
"""\351\227\256\351\242\230\346\211\253\346\217\217/_verify/scripts_v8_tmp_frames.py""",aux,no,"""\351\227\256\351\242\230\346\211\253\346\217\217",production,0,,,,,PENDING,0,0,0,0,,,,,,,,,,,,
"""\351\227\256\351\242\230\346\211\253\346\217\217/_verify/scripts_v8_tmp_idx.py""",aux,no,"""\351\227\256\351\242\230\346\211\253\346\217\217",production,0,,,,,PENDING,0,0,0,0,,,,,,,,,,,,
"""\351\227\256\351\242\230\346\211\253\346\217\217/_verify/scripts_v8_tmp_idx2.py""",aux,no,"""\351\227\256\351\242\230\346\211\253\346\217\217",production,0,,,,,PENDING,0,0,0,0,,,,,,,,,,,,
"""\351\227\256\351\242\230\346\211\253\346\217\217/_verify/scripts_v8_tmp_idx3.py""",aux,no,"""\351\227\256\351\242\230\346\211\253\346\217\217",production,0,,,,,PENDING,0,0,0,0,,,,,,,,,,,,
"""\351\227\256\351\242\230\346\211\253\346\217\217/_verify/scripts_v8_tmp_idx4.py""",aux,no,"""\351\227\256\351\242\230\346\211\253\346\217\217",production,0,,,,,PENDING,0,0,0,0,,,,,,,,,,,,
"""\351\227\256\351\242\230\346\211\253\346\217\217/_verify/scripts_v8_tmp_new.py""",aux,no,"""\351\227\256\351\242\230\346\211\253\346\217\217",production,0,,,,,PENDING,0,0,0,0,,,,,,,,,,,,
"""\351\227\256\351\242\230\346\211\253\346\217\217/_verify/scripts_v8_tmp_q1.py""",aux,no,"""\351\227\256\351\242\230\346\211\253\346\217\217",production,0,,,,,PENDING,0,0,0,0,,,,,,,,,,,,
"""\351\227\256\351\242\230\346\211\253\346\217\217/_verify/scripts_v8_tmp_q2.py""",aux,no,"""\351\227\256\351\242\230\346\211\253\346\217\217",production,0,,,,,PENDING,0,0,0,0,,,,,,,,,,,,
"""\351\227\256\351\242\230\346\211\253\346\217\217/_verify/scripts_v8_tmp_q3.py""",aux,no,"""\351\227\256\351\242\230\346\211\253\346\217\217",production,0,,,,,PENDING,0,0,0,0,,,,,,,,,,,,
"""\351\227\256\351\242\230\346\211\253\346\217\217/_verify/scripts_v9_anchors.py""",aux,no,"""\351\227\256\351\242\230\346\211\253\346\217\217",production,0,,,,,PENDING,0,0,0,0,,,,,,,,,,,,
"""\351\227\256\351\242\230\346\211\253\346\217\217/_verify/scripts_v9_anchors2.py""",aux,no,"""\351\227\256\351\242\230\346\211\253\346\217\217",production,0,,,,,PENDING,0,0,0,0,,,,,,,,,,,,
"""\351\227\256\351\242\230\346\211\253\346\217\217/_verify/scripts_v9_anchors_clean.py""",aux,no,"""\351\227\256\351\242\230\346\211\253\346\217\217",production,0,,,,,PENDING,0,0,0,0,,,,,,,,,,,,
"""\351\227\256\351\242\230\346\211\253\346\217\217/_verify/scripts_v9_anchors_final.py""",aux,no,"""\351\227\256\351\242\230\346\211\253\346\217\217",production,0,,,,,PENDING,0,0,0,0,,,,,,,,,,,,
"""\351\227\256\351\242\230\346\211\253\346\217\217/_verify/scripts_v9_apicontracts.py""",aux,no,"""\351\227\256\351\242\230\346\211\253\346\217\217",production,0,,,,,PENDING,0,0,0,0,,,,,,,,,,,,
"""\351\227\256\351\242\230\346\211\253\346\217\217/_verify/scripts_v9_apicontracts2.py""",aux,no,"""\351\227\256\351\242\230\346\211\253\346\217\217",production,0,,,,,PENDING,0,0,0,0,,,,,,,,,,,,
"""\351\227\256\351\242\230\346\211\253\346\217\217/_verify/scripts_v9_bg.py""",aux,no,"""\351\227\256\351\242\230\346\211\253\346\217\217",production,0,,,,,PENDING,0,0,0,0,,,,,,,,,,,,
"""\351\227\256\351\242\230\346\211\253\346\217\217/_verify/scripts_v9_bindcheck.py""",aux,no,"""\351\227\256\351\242\230\346\211\253\346\217\217",production,0,,,,,PENDING,0,0,0,0,,,,,,,,,,,,
"""\351\227\256\351\242\230\346\211\253\346\217\217/_verify/scripts_v9_blast.py""",aux,no,"""\351\227\256\351\242\230\346\211\253\346\217\217",production,0,,,,,PENDING,0,0,0,0,,,,,,,,,,,,
"""\351\227\256\351\242\230\346\211\253\346\217\217/_verify/scripts_v9_bom.py""",aux,no,"""\351\227\256\351\242\230\346\211\253\346\217\217",production,0,,,,,PENDING,0,0,0,0,,,,,,,,,,,,
"""\351\227\256\351\242\230\346\211\253\346\217\217/_verify/scripts_v9_bomhead.py""",aux,no,"""\351\227\256\351\242\230\346\211\253\346\217\217",production,0,,,,,PENDING,0,0,0,0,,,,,,,,,,,,
"""\351\227\256\351\242\230\346\211\253\346\217\217/_verify/scripts_v9_buildclean.py""",aux,no,"""\351\227\256\351\242\230\346\211\253\346\217\217",production,0,,,,,PENDING,0,0,0,0,,,,,,,,,,,,
"""\351\227\256\351\242\230\346\211\253\346\217\217/_verify/scripts_v9_changedpaths.py""",aux,no,"""\351\227\256\351\242\230\346\211\253\346\217\217",production,0,,,,,PENDING,0,0,0,0,,,,,,,,,,,,
"""\351\227\256\351\242\230\346\211\253\346\217\217/_verify/scripts_v9_citests.py""",aux,no,"""\351\227\256\351\242\230\346\211\253\346\217\217",production,0,,,,,PENDING,0,0,0,0,,,,,,,,,,,,
"""\351\227\256\351\242\230\346\211\253\346\217\217/_verify/scripts_v9_cmds.py""",aux,no,"""\351\227\256\351\242\230\346\211\253\346\217\217",production,0,,,,,PENDING,0,0,0,0,,,,,,,,,,,,
"""\351\227\256\351\242\230\346\211\253\346\217\217/_verify/scripts_v9_comments_exact.py""",aux,no,"""\351\227\256\351\242\230\346\211\253\346\217\217",production,0,,,,,PENDING,0,0,0,0,,,,,,,,,,,,
"""\351\227\256\351\242\230\346\211\253\346\217\217/_verify/scripts_v9_cons.py""",aux,no,"""\351\227\256\351\242\230\346\211\253\346\217\217",production,0,,,,,PENDING,0,0,0,0,,,,,,,,,,,,
"""\351\227\256\351\242\230\346\211\253\346\217\217/_verify/scripts_v9_contrace.py""",aux,no,"""\351\227\256\351\242\230\346\211\253\346\217\217",production,0,,,,,PENDING,0,0,0,0,,,,,,,,,,,,
"""\351\227\256\351\242\230\346\211\253\346\217\217/_verify/scripts_v9_cover.py""",aux,no,"""\351\227\256\351\242\230\346\211\253\346\217\217",production,0,,,,,PENDING,0,0,0,0,,,,,,,,,,,,
"""\351\227\256\351\242\230\346\211\253\346\217\217/_verify/scripts_v9_ctestgates.py""",aux,no,"""\351\227\256\351\242\230\346\211\253\346\217\217",production,0,,,,,PENDING,0,0,0,0,,,,,,,,,,,,
"""\351\227\256\351\242\230\346\211\253\346\217\217/_verify/scripts_v9_ctestnames.py""",aux,no,"""\351\227\256\351\242\230\346\211\253\346\217\217",production,0,,,,,PENDING,0,0,0,0,,,,,,,,,,,,
"""\351\227\256\351\242\230\346\211\253\346\217\217/_verify/scripts_v9_ctestreg.py""",aux,no,"""\351\227\256\351\242\230\346\211\253\346\217\217",production,0,,,,,PENDING,0,0,0,0,,,,,,,,,,,,
"""\351\227\256\351\242\230\346\211\253\346\217\217/_verify/scripts_v9_evidence.py""",aux,no,"""\351\227\256\351\242\230\346\211\253\346\217\217",production,0,,,,,PENDING,0,0,0,0,,,,,,,,,,,,
"""\351\227\256\351\242\230\346\211\253\346\217\217/_verify/scripts_v9_exist.py""",aux,no,"""\351\227\256\351\242\230\346\211\253\346\217\217",production,0,,,,,PENDING,0,0,0,0,,,,,,,,,,,,
"""\351\227\256\351\242\230\346\211\253\346\217\217/_verify/scripts_v9_exist2.py""",aux,no,"""\351\227\256\351\242\230\346\211\253\346\217\217",production,0,,,,,PENDING,0,0,0,0,,,,,,,,,,,,
"""\351\227\256\351\242\230\346\211\253\346\217\217/_verify/scripts_v9_exitcodes.py""",aux,no,"""\351\227\256\351\242\230\346\211\253\346\217\217",production,0,,,,,PENDING,0,0,0,0,,,,,,,,,,,,
"""\351\227\256\351\242\230\346\211\253\346\217\217/_verify/scripts_v9_finalgap.py""",aux,no,"""\351\227\256\351\242\230\346\211\253\346\217\217",production,0,,,,,PENDING,0,0,0,0,,,,,,,,,,,,
"""\351\227\256\351\242\230\346\211\253\346\217\217/_verify/scripts_v9_impact.py""",aux,no,"""\351\227\256\351\242\230\346\211\253\346\217\217",production,0,,,,,PENDING,0,0,0,0,,,,,,,,,,,,
"""\351\227\256\351\242\230\346\211\253\346\217\217/_verify/scripts_v9_impact2.py""",aux,no,"""\351\227\256\351\242\230\346\211\253\346\217\217",production,0,,,,,PENDING,0,0,0,0,,,,,,,,,,,,
"""\351\227\256\351\242\230\346\211\253\346\217\217/_verify/scripts_v9_kf.py""",aux,no,"""\351\227\256\351\242\230\346\211\253\346\217\217",production,0,,,,,PENDING,0,0,0,0,,,,,,,,,,,,
"""\351\227\256\351\242\230\346\211\253\346\217\217/_verify/scripts_v9_lastci.py""",aux,no,"""\351\227\256\351\242\230\346\211\253\346\217\217",production,0,,,,,PENDING,0,0,0,0,,,,,,,,,,,,
"""\351\227\256\351\242\230\346\211\253\346\217\217/_verify/scripts_v9_lastci2.py""",aux,no,"""\351\227\256\351\242\230\346\211\253\346\217\217",production,0,,,,,PENDING,0,0,0,0,,,,,,,,,,,,
"""\351\227\256\351\242\230\346\211\253\346\217\217/_verify/scripts_v9_lastci3.py""",aux,no,"""\351\227\256\351\242\230\346\211\253\346\217\217",production,0,,,,,PENDING,0,0,0,0,,,,,,,,,,,,
"""\351\227\256\351\242\230\346\211\253\346\217\217/_verify/scripts_v9_list.py""",aux,no,"""\351\227\256\351\242\230\346\211\253\346\217\217",production,0,,,,,PENDING,0,0,0,0,,,,,,,,,,,,
"""\351\227\256\351\242\230\346\211\253\346\217\217/_verify/scripts_v9_matrix.py""",aux,no,"""\351\227\256\351\242\230\346\211\253\346\217\217",production,0,,,,,PENDING,0,0,0,0,,,,,,,,,,,,
"""\351\227\256\351\242\230\346\211\253\346\217\217/_verify/scripts_v9_matrix2.py""",aux,no,"""\351\227\256\351\242\230\346\211\253\346\217\217",production,0,,,,,PENDING,0,0,0,0,,,,,,,,,,,,
"""\351\227\256\351\242\230\346\211\253\346\217\217/_verify/scripts_v9_mdcheck.py""",aux,no,"""\351\227\256\351\242\230\346\211\253\346\217\217",production,0,,,,,PENDING,0,0,0,0,,,,,,,,,,,,
"""\351\227\256\351\242\230\346\211\253\346\217\217/_verify/scripts_v9_newgates.py""",aux,no,"""\351\227\256\351\242\230\346\211\253\346\217\217",production,0,,,,,PENDING,0,0,0,0,,,,,,,,,,,,
"""\351\227\256\351\242\230\346\211\253\346\217\217/_verify/scripts_v9_newgates2.py""",aux,no,"""\351\227\256\351\242\230\346\211\253\346\217\217",production,0,,,,,PENDING,0,0,0,0,,,,,,,,,,,,
"""\351\227\256\351\242\230\346\211\253\346\217\217/_verify/scripts_v9_newgates3.py""",aux,no,"""\351\227\256\351\242\230\346\211\253\346\217\217",production,0,,,,,PENDING,0,0,0,0,,,,,,,,,,,,
"""\351\227\256\351\242\230\346\211\253\346\217\217/_verify/scripts_v9_out2.py""",aux,no,"""\351\227\256\351\242\230\346\211\253\346\217\217",production,0,,,,,PENDING,0,0,0,0,,,,,,,,,,,,
"""\351\227\256\351\242\230\346\211\253\346\217\217/_verify/scripts_v9_outputs.py""",aux,no,"""\351\227\256\351\242\230\346\211\253\346\217\217",production,0,,,,,PENDING,0,0,0,0,,,,,,,,,,,,
"""\351\227\256\351\242\230\346\211\253\346\217\217/_verify/scripts_v9_paths.py""",aux,no,"""\351\227\256\351\242\230\346\211\253\346\217\217",production,0,,,,,PENDING,0,0,0,0,,,,,,,,,,,,
"""\351\227\256\351\242\230\346\211\253\346\217\217/_verify/scripts_v9_paths2.py""",aux,no,"""\351\227\256\351\242\230\346\211\253\346\217\217",production,0,,,,,PENDING,0,0,0,0,,,,,,,,,,,,
"""\351\227\256\351\242\230\346\211\253\346\217\217/_verify/scripts_v9_pin3.py""",aux,no,"""\351\227\256\351\242\230\346\211\253\346\217\217",production,0,,,,,PENDING,0,0,0,0,,,,,,,,,,,,
"""\351\227\256\351\242\230\346\211\253\346\217\217/_verify/scripts_v9_plat.py""",aux,no,"""\351\227\256\351\242\230\346\211\253\346\217\217",production,0,,,,,PENDING,0,0,0,0,,,,,,,,,,,,
"""\351\227\256\351\242\230\346\211\253\346\217\217/_verify/scripts_v9_prereq.py""",aux,no,"""\351\227\256\351\242\230\346\211\253\346\217\217",production,0,,,,,PENDING,0,0,0,0,,,,,,,,,,,,
"""\351\227\256\351\242\230\346\211\253\346\217\217/_verify/scripts_v9_prof.py""",aux,no,"""\351\227\256\351\242\230\346\211\253\346\217\217",production,0,,,,,PENDING,0,0,0,0,,,,,,,,,,,,
"""\351\227\256\351\242\230\346\211\253\346\217\217/_verify/scripts_v9_psfprov.py""",aux,no,"""\351\227\256\351\242\230\346\211\253\346\217\217",production,0,,,,,PENDING,0,0,0,0,,,,,,,,,,,,
"""\351\227\256\351\242\230\346\211\253\346\217\217/_verify/scripts_v9_reach.py""",aux,no,"""\351\227\256\351\242\230\346\211\253\346\217\217",production,0,,,,,PENDING,0,0,0,0,,,,,,,,,,,,
"""\351\227\256\351\242\230\346\211\253\346\217\217/_verify/scripts_v9_reach2.py""",aux,no,"""\351\227\256\351\242\230\346\211\253\346\217\217",production,0,,,,,PENDING,0,0,0,0,,,,,,,,,,,,
"""\351\227\256\351\242\230\346\211\253\346\217\217/_verify/scripts_v9_real2.py""",aux,no,"""\351\227\256\351\242\230\346\211\253\346\217\217",production,0,,,,,PENDING,0,0,0,0,,,,,,,,,,,,
"""\351\227\256\351\242\230\346\211\253\346\217\217/_verify/scripts_v9_selftestprof.py""",aux,no,"""\351\227\256\351\242\230\346\211\253\346\217\217",production,0,,,,,PENDING,0,0,0,0,,,,,,,,,,,,
"""\351\227\256\351\242\230\346\211\253\346\217\217/_verify/scripts_v9_selftestusers.py""",aux,no,"""\351\227\256\351\242\230\346\211\253\346\217\217",production,0,,,,,PENDING,0,0,0,0,,,,,,,,,,,,
"""\351\227\256\351\242\230\346\211\253\346\217\217/_verify/scripts_v9_shadowhdr.py""",aux,no,"""\351\227\256\351\242\230\346\211\253\346\217\217",production,0,,,,,PENDING,0,0,0,0,,,,,,,,,,,,
"""\351\227\256\351\242\230\346\211\253\346\217\217/_verify/scripts_v9_stats_final.py""",aux,no,"""\351\227\256\351\242\230\346\211\253\346\217\217",production,0,,,,,PENDING,0,0,0,0,,,,,,,,,,,,
"""\351\227\256\351\242\230\346\211\253\346\217\217/_verify/scripts_v9_struct.py""",aux,no,"""\351\227\256\351\242\230\346\211\253\346\217\217",production,0,,,,,PENDING,0,0,0,0,,,,,,,,,,,,
"""\351\227\256\351\242\230\346\211\253\346\217\217/_verify/scripts_v9_table.py""",aux,no,"""\351\227\256\351\242\230\346\211\253\346\217\217",production,0,,,,,PENDING,0,0,0,0,,,,,,,,,,,,
"""\351\227\256\351\242\230\346\211\253\346\217\217/_verify/scripts_v9_testcontracts.py""",aux,no,"""\351\227\256\351\242\230\346\211\253\346\217\217",production,0,,,,,PENDING,0,0,0,0,,,,,,,,,,,,
"""\351\227\256\351\242\230\346\211\253\346\217\217/_verify/scripts_v9_untracked.py""",aux,no,"""\351\227\256\351\242\230\346\211\253\346\217\217",production,0,,,,,PENDING,0,0,0,0,,,,,,,,,,,,
"""\351\227\256\351\242\230\346\211\253\346\217\217/_verify/scripts_v9_verify.py""",aux,no,"""\351\227\256\351\242\230\346\211\253\346\217\217",production,0,,,,,PENDING,0,0,0,0,,,,,,,,,,,,
"""\351\227\256\351\242\230\346\211\253\346\217\217/_verify/scripts_v9_waiv.py""",aux,no,"""\351\227\256\351\242\230\346\211\253\346\217\217",production,0,,,,,PENDING,0,0,0,0,,,,,,,,,,,,
"""\351\227\256\351\242\230\346\211\253\346\217\217/_verify/scripts_v9_zero.py""",aux,no,"""\351\227\256\351\242\230\346\211\253\346\217\217",production,0,,,,,PENDING,0,0,0,0,,,,,,,,,,,,
"""\351\227\256\351\242\230\346\211\253\346\217\217/_verify/scripts_w5_census_final.out""",aux,no,"""\351\227\256\351\242\230\346\211\253\346\217\217",production,0,,,,,PENDING,0,0,0,0,,,,,,,,,,,,
"""\351\227\256\351\242\230\346\211\253\346\217\217/_verify/scripts_w5_census_final.py""",aux,no,"""\351\227\256\351\242\230\346\211\253\346\217\217",production,0,,,,,PENDING,0,0,0,0,,,,,,,,,,,,
"""\351\227\256\351\242\230\346\211\253\346\217\217/_verify/scripts_w5_census_raw.out""",aux,no,"""\351\227\256\351\242\230\346\211\253\346\217\217",production,0,,,,,PENDING,0,0,0,0,,,,,,,,,,,,
"""\351\227\256\351\242\230\346\211\253\346\217\217/_verify/scripts_w5_census_raw.py""",aux,no,"""\351\227\256\351\242\230\346\211\253\346\217\217",production,0,,,,,PENDING,0,0,0,0,,,,,,,,,,,,
"""\351\227\256\351\242\230\346\211\253\346\217\217/_verify/scripts_w5_corpus.py""",aux,no,"""\351\227\256\351\242\230\346\211\253\346\217\217",production,0,,,,,PENDING,0,0,0,0,,,,,,,,,,,,
"""\351\227\256\351\242\230\346\211\253\346\217\217/_verify/scripts_w5_dedup.py""",aux,no,"""\351\227\256\351\242\230\346\211\253\346\217\217",production,0,,,,,PENDING,0,0,0,0,,,,,,,,,,,,
"""\351\227\256\351\242\230\346\211\253\346\217\217/_verify/scripts_w5_dedup2.py""",aux,no,"""\351\227\256\351\242\230\346\211\253\346\217\217",production,0,,,,,PENDING,0,0,0,0,,,,,,,,,,,,
"""\351\227\256\351\242\230\346\211\253\346\217\217/_verify/scripts_w5_dedup3.py""",aux,no,"""\351\227\256\351\242\230\346\211\253\346\217\217",production,0,,,,,PENDING,0,0,0,0,,,,,,,,,,,,
"""\351\227\256\351\242\230\346\211\253\346\217\217/_verify/scripts_w5_ledger_detail.py""",aux,no,"""\351\227\256\351\242\230\346\211\253\346\217\217",production,0,,,,,PENDING,0,0,0,0,,,,,,,,,,,,
"""\351\227\256\351\242\230\346\211\253\346\217\217/_verify/scripts_w5_ledger_terms.py""",aux,no,"""\351\227\256\351\242\230\346\211\253\346\217\217",production,0,,,,,PENDING,0,0,0,0,,,,,,,,,,,,
"""\351\227\256\351\242\230\346\211\253\346\217\217/_verify/scripts_w5_sweep1.py""",aux,no,"""\351\227\256\351\242\230\346\211\253\346\217\217",production,0,,,,,PENDING,0,0,0,0,,,,,,,,,,,,
"""\351\227\256\351\242\230\346\211\253\346\217\217/_verify/scripts_w5_sweep2.out""",aux,no,"""\351\227\256\351\242\230\346\211\253\346\217\217",production,0,,,,,PENDING,0,0,0,0,,,,,,,,,,,,
"""\351\227\256\351\242\230\346\211\253\346\217\217/_verify/scripts_w5_sweep2.py""",aux,no,"""\351\227\256\351\242\230\346\211\253\346\217\217",production,0,,,,,PENDING,0,0,0,0,,,,,,,,,,,,
"""\351\227\256\351\242\230\346\211\253\346\217\217/_verify/scripts_w5_sweep3.py""",aux,no,"""\351\227\256\351\242\230\346\211\253\346\217\217",production,0,,,,,PENDING,0,0,0,0,,,,,,,,,,,,
"""\351\227\256\351\242\230\346\211\253\346\217\217/_verify/scripts_w5_sweep4.out""",aux,no,"""\351\227\256\351\242\230\346\211\253\346\217\217",production,0,,,,,PENDING,0,0,0,0,,,,,,,,,,,,
"""\351\227\256\351\242\230\346\211\253\346\217\217/_verify/scripts_w5_sweep4.py""",aux,no,"""\351\227\256\351\242\230\346\211\253\346\217\217",production,0,,,,,PENDING,0,0,0,0,,,,,,,,,,,,
"""\351\227\256\351\242\230\346\211\253\346\217\217/findings/A_SCI_DEF/README.md""",aux,no,"""\351\227\256\351\242\230\346\211\253\346\217\217",production,0,,,,,PENDING,0,0,0,0,,,,,,,,,,,,
"""\351\227\256\351\242\230\346\211\253\346\217\217/findings/A_SCI_DEF/p0/M1a_L01_L02.md""",aux,no,"""\351\227\256\351\242\230\346\211\253\346\217\217",production,0,,,,,PENDING,0,0,0,0,,,,,,,,,,,,
"""\351\227\256\351\242\230\346\211\253\346\217\217/findings/A_SCI_DEF/p0/M2a_L04_L10.md""",aux,no,"""\351\227\256\351\242\230\346\211\253\346\217\217",production,0,,,,,PENDING,0,0,0,0,,,,,,,,,,,,
"""\351\227\256\351\242\230\346\211\253\346\217\217/findings/A_SCI_DEF/p0/M2b_L03_L15.md""",aux,no,"""\351\227\256\351\242\230\346\211\253\346\217\217",production,0,,,,,PENDING,0,0,0,0,,,,,,,,,,,,
"""\351\227\256\351\242\230\346\211\253\346\217\217/findings/A_SCI_DEF/p0/M3_L05_L07.md""",aux,no,"""\351\227\256\351\242\230\346\211\253\346\217\217",production,0,,,,,PENDING,0,0,0,0,,,,,,,,,,,,
"""\351\227\256\351\242\230\346\211\253\346\217\217/findings/A_SCI_DEF/p0/M3b_L06.md""",aux,no,"""\351\227\256\351\242\230\346\211\253\346\217\217",production,0,,,,,PENDING,0,0,0,0,,,,,,,,,,,,
"""\351\227\256\351\242\230\346\211\253\346\217\217/findings/A_SCI_DEF/p0/M4_L08_L09.md""",aux,no,"""\351\227\256\351\242\230\346\211\253\346\217\217",production,0,,,,,PENDING,0,0,0,0,,,,,,,,,,,,
"""\351\227\256\351\242\230\346\211\253\346\217\217/findings/A_SCI_DEF/p0/M7_A_SCI_DEF_p0.md""",aux,no,"""\351\227\256\351\242\230\346\211\253\346\217\217",production,0,,,,,PENDING,0,0,0,0,,,,,,,,,,,,
"""\351\227\256\351\242\230\346\211\253\346\217\217/findings/A_SCI_DEF/p0/README.md""",aux,no,"""\351\227\256\351\242\230\346\211\253\346\217\217",production,0,,,,,PENDING,0,0,0,0,,,,,,,,,,,,
"""\351\227\256\351\242\230\346\211\253\346\217\217/findings/A_SCI_DEF/p1/M1a_L01_L02.md""",aux,no,"""\351\227\256\351\242\230\346\211\253\346\217\217",production,0,,,,,PENDING,0,0,0,0,,,,,,,,,,,,
"""\351\227\256\351\242\230\346\211\253\346\217\217/findings/A_SCI_DEF/p1/M2a_L04_L10.md""",aux,no,"""\351\227\256\351\242\230\346\211\253\346\217\217",production,0,,,,,PENDING,0,0,0,0,,,,,,,,,,,,
"""\351\227\256\351\242\230\346\211\253\346\217\217/findings/A_SCI_DEF/p1/M3_L05_L07.md""",aux,no,"""\351\227\256\351\242\230\346\211\253\346\217\217",production,0,,,,,PENDING,0,0,0,0,,,,,,,,,,,,
"""\351\227\256\351\242\230\346\211\253\346\217\217/findings/A_SCI_DEF/p1/M3b_L06.md""",aux,no,"""\351\227\256\351\242\230\346\211\253\346\217\217",production,0,,,,,PENDING,0,0,0,0,,,,,,,,,,,,
"""\351\227\256\351\242\230\346\211\253\346\217\217/findings/A_SCI_DEF/p1/M4_L08_L09.md""",aux,no,"""\351\227\256\351\242\230\346\211\253\346\217\217",production,0,,,,,PENDING,0,0,0,0,,,,,,,,,,,,
"""\351\227\256\351\242\230\346\211\253\346\217\217/findings/A_SCI_DEF/p1/M5a_L11.md""",aux,no,"""\351\227\256\351\242\230\346\211\253\346\217\217",production,0,,,,,PENDING,0,0,0,0,,,,,,,,,,,,
"""\351\227\256\351\242\230\346\211\253\346\217\217/findings/A_SCI_DEF/p1/M7_A_SCI_DEF_p1_a.md""",aux,no,"""\351\227\256\351\242\230\346\211\253\346\217\217",production,0,,,,,PENDING,0,0,0,0,,,,,,,,,,,,
"""\351\227\256\351\242\230\346\211\253\346\217\217/findings/A_SCI_DEF/p1/M7_A_SCI_DEF_p1_b.md""",aux,no,"""\351\227\256\351\242\230\346\211\253\346\217\217",production,0,,,,,PENDING,0,0,0,0,,,,,,,,,,,,
"""\351\227\256\351\242\230\346\211\253\346\217\217/findings/A_SCI_DEF/p1/M9_L24_L26.md""",aux,no,"""\351\227\256\351\242\230\346\211\253\346\217\217",production,0,,,,,PENDING,0,0,0,0,,,,,,,,,,,,
"""\351\227\256\351\242\230\346\211\253\346\217\217/findings/A_SCI_DEF/p1/README.md""",aux,no,"""\351\227\256\351\242\230\346\211\253\346\217\217",production,0,,,,,PENDING,0,0,0,0,,,,,,,,,,,,
"""\351\227\256\351\242\230\346\211\253\346\217\217/findings/A_SCI_DEF/p1/V1-N12.md""",aux,no,"""\351\227\256\351\242\230\346\211\253\346\217\217",production,0,,,,,PENDING,0,0,0,0,,,,,,,,,,,,
"""\351\227\256\351\242\230\346\211\253\346\217\217/findings/A_SCI_DEF/p1/V12-b.md""",aux,no,"""\351\227\256\351\242\230\346\211\253\346\217\217",production,0,,,,,PENDING,0,0,0,0,,,,,,,,,,,,
"""\351\227\256\351\242\230\346\211\253\346\217\217/findings/A_SCI_DEF/p1/V12.md""",aux,no,"""\351\227\256\351\242\230\346\211\253\346\217\217",production,0,,,,,PENDING,0,0,0,0,,,,,,,,,,,,
"""\351\227\256\351\242\230\346\211\253\346\217\217/findings/A_SCI_DEF/p1/W2-b.md""",aux,no,"""\351\227\256\351\242\230\346\211\253\346\217\217",production,0,,,,,PENDING,0,0,0,0,,,,,,,,,,,,
"""\351\227\256\351\242\230\346\211\253\346\217\217/findings/A_SCI_DEF/p1/W2.md""",aux,no,"""\351\227\256\351\242\230\346\211\253\346\217\217",production,0,,,,,PENDING,0,0,0,0,,,,,,,,,,,,
"""\351\227\256\351\242\230\346\211\253\346\217\217/findings/A_SCI_DEF/p2/M3_L05_L07.md""",aux,no,"""\351\227\256\351\242\230\346\211\253\346\217\217",production,0,,,,,PENDING,0,0,0,0,,,,,,,,,,,,
"""\351\227\256\351\242\230\346\211\253\346\217\217/findings/A_SCI_DEF/p2/M4_L08_L09.md""",aux,no,"""\351\227\256\351\242\230\346\211\253\346\217\217",production,0,,,,,PENDING,0,0,0,0,,,,,,,,,,,,
"""\351\227\256\351\242\230\346\211\253\346\217\217/findings/A_SCI_DEF/p2/M6a_L13_L14.md""",aux,no,"""\351\227\256\351\242\230\346\211\253\346\217\217",production,0,,,,,PENDING,0,0,0,0,,,,,,,,,,,,
"""\351\227\256\351\242\230\346\211\253\346\217\217/findings/A_SCI_DEF/p2/M7_A_SCI_DEF_p2.md""",aux,no,"""\351\227\256\351\242\230\346\211\253\346\217\217",production,0,,,,,PENDING,0,0,0,0,,,,,,,,,,,,
"""\351\227\256\351\242\230\346\211\253\346\217\217/findings/A_SCI_DEF/p2/M8_L22_L23.md""",aux,no,"""\351\227\256\351\242\230\346\211\253\346\217\217",production,0,,,,,PENDING,0,0,0,0,,,,,,,,,,,,
"""\351\227\256\351\242\230\346\211\253\346\217\217/findings/A_SCI_DEF/p2/M9_L24_L26.md""",aux,no,"""\351\227\256\351\242\230\346\211\253\346\217\217",production,0,,,,,PENDING,0,0,0,0,,,,,,,,,,,,
"""\351\227\256\351\242\230\346\211\253\346\217\217/findings/A_SCI_DEF/p2/README.md""",aux,no,"""\351\227\256\351\242\230\346\211\253\346\217\217",production,0,,,,,PENDING,0,0,0,0,,,,,,,,,,,,
"""\351\227\256\351\242\230\346\211\253\346\217\217/findings/A_SCI_DEF/p2/V12-b.md""",aux,no,"""\351\227\256\351\242\230\346\211\253\346\217\217",production,0,,,,,PENDING,0,0,0,0,,,,,,,,,,,,
"""\351\227\256\351\242\230\346\211\253\346\217\217/findings/A_SCI_DEF/p2/V12-c.md""",aux,no,"""\351\227\256\351\242\230\346\211\253\346\217\217",production,0,,,,,PENDING,0,0,0,0,,,,,,,,,,,,
"""\351\227\256\351\242\230\346\211\253\346\217\217/findings/A_SCI_DEF/p2/V12.md""",aux,no,"""\351\227\256\351\242\230\346\211\253\346\217\217",production,0,,,,,PENDING,0,0,0,0,,,,,,,,,,,,
"""\351\227\256\351\242\230\346\211\253\346\217\217/findings/A_SCI_DEF/p2/W2.md""",aux,no,"""\351\227\256\351\242\230\346\211\253\346\217\217",production,0,,,,,PENDING,0,0,0,0,,,,,,,,,,,,
"""\351\227\256\351\242\230\346\211\253\346\217\217/findings/B_STD_MISMATCH/README.md""",aux,no,"""\351\227\256\351\242\230\346\211\253\346\217\217",production,0,,,,,PENDING,0,0,0,0,,,,,,,,,,,,
"""\351\227\256\351\242\230\346\211\253\346\217\217/findings/B_STD_MISMATCH/p0/M1a_L01_L02.md""",aux,no,"""\351\227\256\351\242\230\346\211\253\346\217\217",production,0,,,,,PENDING,0,0,0,0,,,,,,,,,,,,
"""\351\227\256\351\242\230\346\211\253\346\217\217/findings/B_STD_MISMATCH/p0/M2a_L04_L10.md""",aux,no,"""\351\227\256\351\242\230\346\211\253\346\217\217",production,0,,,,,PENDING,0,0,0,0,,,,,,,,,,,,
"""\351\227\256\351\242\230\346\211\253\346\217\217/findings/B_STD_MISMATCH/p0/M2b_L03_L15.md""",aux,no,"""\351\227\256\351\242\230\346\211\253\346\217\217",production,0,,,,,PENDING,0,0,0,0,,,,,,,,,,,,
"""\351\227\256\351\242\230\346\211\253\346\217\217/findings/B_STD_MISMATCH/p0/M9_L24_L26.md""",aux,no,"""\351\227\256\351\242\230\346\211\253\346\217\217",production,0,,,,,PENDING,0,0,0,0,,,,,,,,,,,,
"""\351\227\256\351\242\230\346\211\253\346\217\217/findings/B_STD_MISMATCH/p0/README.md""",aux,no,"""\351\227\256\351\242\230\346\211\253\346\217\217",production,0,,,,,PENDING,0,0,0,0,,,,,,,,,,,,
"""\351\227\256\351\242\230\346\211\253\346\217\217/findings/B_STD_MISMATCH/p1/M1a_L01_L02.md""",aux,no,"""\351\227\256\351\242\230\346\211\253\346\217\217",production,0,,,,,PENDING,0,0,0,0,,,,,,,,,,,,
"""\351\227\256\351\242\230\346\211\253\346\217\217/findings/B_STD_MISMATCH/p1/M2a_L04_L10.md""",aux,no,"""\351\227\256\351\242\230\346\211\253\346\217\217",production,0,,,,,PENDING,0,0,0,0,,,,,,,,,,,,
"""\351\227\256\351\242\230\346\211\253\346\217\217/findings/B_STD_MISMATCH/p1/M2b_L03_L15.md""",aux,no,"""\351\227\256\351\242\230\346\211\253\346\217\217",production,0,,,,,PENDING,0,0,0,0,,,,,,,,,,,,
"""\351\227\256\351\242\230\346\211\253\346\217\217/findings/B_STD_MISMATCH/p1/M6a_L13_L14.md""",aux,no,"""\351\227\256\351\242\230\346\211\253\346\217\217",production,0,,,,,PENDING,0,0,0,0,,,,,,,,,,,,
"""\351\227\256\351\242\230\346\211\253\346\217\217/findings/B_STD_MISMATCH/p1/M8_L22_L23.md""",aux,no,"""\351\227\256\351\242\230\346\211\253\346\217\217",production,0,,,,,PENDING,0,0,0,0,,,,,,,,,,,,
"""\351\227\256\351\242\230\346\211\253\346\217\217/findings/B_STD_MISMATCH/p1/M9_L24_L26.md""",aux,no,"""\351\227\256\351\242\230\346\211\253\346\217\217",production,0,,,,,PENDING,0,0,0,0,,,,,,,,,,,,
"""\351\227\256\351\242\230\346\211\253\346\217\217/findings/B_STD_MISMATCH/p1/README.md""",aux,no,"""\351\227\256\351\242\230\346\211\253\346\217\217",production,0,,,,,PENDING,0,0,0,0,,,,,,,,,,,,
"""\351\227\256\351\242\230\346\211\253\346\217\217/findings/B_STD_MISMATCH/p2/M1a_L01_L02.md""",aux,no,"""\351\227\256\351\242\230\346\211\253\346\217\217",production,0,,,,,PENDING,0,0,0,0,,,,,,,,,,,,
"""\351\227\256\351\242\230\346\211\253\346\217\217/findings/B_STD_MISMATCH/p2/M8a_L25_L27.md""",aux,no,"""\351\227\256\351\242\230\346\211\253\346\217\217",production,0,,,,,PENDING,0,0,0,0,,,,,,,,,,,,
"""\351\227\256\351\242\230\346\211\253\346\217\217/findings/B_STD_MISMATCH/p2/README.md""",aux,no,"""\351\227\256\351\242\230\346\211\253\346\217\217",production,0,,,,,PENDING,0,0,0,0,,,,,,,,,,,,
"""\351\227\256\351\242\230\346\211\253\346\217\217/findings/C_ALG_IMPL/p1/V10-b.md""",aux,no,"""\351\227\256\351\242\230\346\211\253\346\217\217",production,0,,,,,PENDING,0,0,0,0,,,,,,,,,,,,
"""\351\227\256\351\242\230\346\211\253\346\217\217/findings/C_ALG_IMPL/p1/V10.md""",aux,no,"""\351\227\256\351\242\230\346\211\253\346\217\217",production,0,,,,,PENDING,0,0,0,0,,,,,,,,,,,,
"""\351\227\256\351\242\230\346\211\253\346\217\217/findings/C_ALG_IMPL/p1/V20.md""",aux,no,"""\351\227\256\351\242\230\346\211\253\346\217\217",production,0,,,,,PENDING,0,0,0,0,,,,,,,,,,,,
"""\351\227\256\351\242\230\346\211\253\346\217\217/findings/C_ALG_IMPL/p1/V21.md""",aux,no,"""\351\227\256\351\242\230\346\211\253\346\217\217",production,0,,,,,PENDING,0,0,0,0,,,,,,,,,,,,
"""\351\227\256\351\242\230\346\211\253\346\217\217/findings/C_ALG_IMPL/p1/V7.md""",aux,no,"""\351\227\256\351\242\230\346\211\253\346\217\217",production,0,,,,,PENDING,0,0,0,0,,,,,,,,,,,,
"""\351\227\256\351\242\230\346\211\253\346\217\217/findings/C_ALG_IMPL/p1/W1-b.md""",aux,no,"""\351\227\256\351\242\230\346\211\253\346\217\217",production,0,,,,,PENDING,0,0,0,0,,,,,,,,,,,,
"""\351\227\256\351\242\230\346\211\253\346\217\217/findings/C_ALG_IMPL/p1/W1.md""",aux,no,"""\351\227\256\351\242\230\346\211\253\346\217\217",production,0,,,,,PENDING,0,0,0,0,,,,,,,,,,,,
"""\351\227\256\351\242\230\346\211\253\346\217\217/findings/C_ALG_IMPL/p1/W3-b.md""",aux,no,"""\351\227\256\351\242\230\346\211\253\346\217\217",production,0,,,,,PENDING,0,0,0,0,,,,,,,,,,,,
"""\351\227\256\351\242\230\346\211\253\346\217\217/findings/C_ALG_IMPL/p1/W3.md""",aux,no,"""\351\227\256\351\242\230\346\211\253\346\217\217",production,0,,,,,PENDING,0,0,0,0,,,,,,,,,,,,
"""\351\227\256\351\242\230\346\211\253\346\217\217/findings/C_ALG_IMPL/p1/W6-b.md""",aux,no,"""\351\227\256\351\242\230\346\211\253\346\217\217",production,0,,,,,PENDING,0,0,0,0,,,,,,,,,,,,
"""\351\227\256\351\242\230\346\211\253\346\217\217/findings/C_ALG_IMPL/p1/W6.md""",aux,no,"""\351\227\256\351\242\230\346\211\253\346\217\217",production,0,,,,,PENDING,0,0,0,0,,,,,,,,,,,,
"""\351\227\256\351\242\230\346\211\253\346\217\217/findings/C_ALG_IMPL/p2/V10-c.md""",aux,no,"""\351\227\256\351\242\230\346\211\253\346\217\217",production,0,,,,,PENDING,0,0,0,0,,,,,,,,,,,,
"""\351\227\256\351\242\230\346\211\253\346\217\217/findings/C_ALG_IMPL/p2/V20-b.md""",aux,no,"""\351\227\256\351\242\230\346\211\253\346\217\217",production,0,,,,,PENDING,0,0,0,0,,,,,,,,,,,,
"""\351\227\256\351\242\230\346\211\253\346\217\217/findings/C_ALG_IMPL/p2/V20-c.md""",aux,no,"""\351\227\256\351\242\230\346\211\253\346\217\217",production,0,,,,,PENDING,0,0,0,0,,,,,,,,,,,,
"""\351\227\256\351\242\230\346\211\253\346\217\217/findings/C_ALG_IMPL/p2/V20-d.md""",aux,no,"""\351\227\256\351\242\230\346\211\253\346\217\217",production,0,,,,,PENDING,0,0,0,0,,,,,,,,,,,,
"""\351\227\256\351\242\230\346\211\253\346\217\217/findings/C_ALG_IMPL/p2/V20.md""",aux,no,"""\351\227\256\351\242\230\346\211\253\346\217\217",production,0,,,,,PENDING,0,0,0,0,,,,,,,,,,,,
"""\351\227\256\351\242\230\346\211\253\346\217\217/findings/C_ALG_IMPL/p2/V21.md""",aux,no,"""\351\227\256\351\242\230\346\211\253\346\217\217",production,0,,,,,PENDING,0,0,0,0,,,,,,,,,,,,
"""\351\227\256\351\242\230\346\211\253\346\217\217/findings/C_ALG_IMPL/p2/V7.md""",aux,no,"""\351\227\256\351\242\230\346\211\253\346\217\217",production,0,,,,,PENDING,0,0,0,0,,,,,,,,,,,,
"""\351\227\256\351\242\230\346\211\253\346\217\217/findings/C_ALG_IMPL/p2/W3-b.md""",aux,no,"""\351\227\256\351\242\230\346\211\253\346\217\217",production,0,,,,,PENDING,0,0,0,0,,,,,,,,,,,,
"""\351\227\256\351\242\230\346\211\253\346\217\217/findings/C_ALG_IMPL/p2/W6.md""",aux,no,"""\351\227\256\351\242\230\346\211\253\346\217\217",production,0,,,,,PENDING,0,0,0,0,,,,,,,,,,,,
"""\351\227\256\351\242\230\346\211\253\346\217\217/findings/C_ALG_IMPL/p3/V7.md""",aux,no,"""\351\227\256\351\242\230\346\211\253\346\217\217",production,0,,,,,PENDING,0,0,0,0,,,,,,,,,,,,
"""\351\227\256\351\242\230\346\211\253\346\217\217/findings/C_DOC_CODE_GAP/README.md""",aux,no,"""\351\227\256\351\242\230\346\211\253\346\217\217",production,0,,,,,PENDING,0,0,0,0,,,,,,,,,,,,
"""\351\227\256\351\242\230\346\211\253\346\217\217/findings/C_DOC_CODE_GAP/p0/M1a_L01_L02.md""",aux,no,"""\351\227\256\351\242\230\346\211\253\346\217\217",production,0,,,,,PENDING,0,0,0,0,,,,,,,,,,,,
"""\351\227\256\351\242\230\346\211\253\346\217\217/findings/C_DOC_CODE_GAP/p0/M2a_L04_L10.md""",aux,no,"""\351\227\256\351\242\230\346\211\253\346\217\217",production,0,,,,,PENDING,0,0,0,0,,,,,,,,,,,,
"""\351\227\256\351\242\230\346\211\253\346\217\217/findings/C_DOC_CODE_GAP/p0/M2b_L03_L15.md""",aux,no,"""\351\227\256\351\242\230\346\211\253\346\217\217",production,0,,,,,PENDING,0,0,0,0,,,,,,,,,,,,
"""\351\227\256\351\242\230\346\211\253\346\217\217/findings/C_DOC_CODE_GAP/p0/M3_L05_L07.md""",aux,no,"""\351\227\256\351\242\230\346\211\253\346\217\217",production,0,,,,,PENDING,0,0,0,0,,,,,,,,,,,,
"""\351\227\256\351\242\230\346\211\253\346\217\217/findings/C_DOC_CODE_GAP/p0/M3b_L06.md""",aux,no,"""\351\227\256\351\242\230\346\211\253\346\217\217",production,0,,,,,PENDING,0,0,0,0,,,,,,,,,,,,
"""\351\227\256\351\242\230\346\211\253\346\217\217/findings/C_DOC_CODE_GAP/p0/M4_L08_L09.md""",aux,no,"""\351\227\256\351\242\230\346\211\253\346\217\217",production,0,,,,,PENDING,0,0,0,0,,,,,,,,,,,,
"""\351\227\256\351\242\230\346\211\253\346\217\217/findings/C_DOC_CODE_GAP/p0/M5b_L12_L17.md""",aux,no,"""\351\227\256\351\242\230\346\211\253\346\217\217",production,0,,,,,PENDING,0,0,0,0,,,,,,,,,,,,
"""\351\227\256\351\242\230\346\211\253\346\217\217/findings/C_DOC_CODE_GAP/p0/M6a_L13_L14.md""",aux,no,"""\351\227\256\351\242\230\346\211\253\346\217\217",production,0,,,,,PENDING,0,0,0,0,,,,,,,,,,,,
"""\351\227\256\351\242\230\346\211\253\346\217\217/findings/C_DOC_CODE_GAP/p0/M7_C_DOC_CODE_GAP_p0.md""",aux,no,"""\351\227\256\351\242\230\346\211\253\346\217\217",production,0,,,,,PENDING,0,0,0,0,,,,,,,,,,,,
"""\351\227\256\351\242\230\346\211\253\346\217\217/findings/C_DOC_CODE_GAP/p0/README.md""",aux,no,"""\351\227\256\351\242\230\346\211\253\346\217\217",production,0,,,,,PENDING,0,0,0,0,,,,,,,,,,,,
"""\351\227\256\351\242\230\346\211\253\346\217\217/findings/C_DOC_CODE_GAP/p1/M1a_L01_L02.md""",aux,no,"""\351\227\256\351\242\230\346\211\253\346\217\217",production,0,,,,,PENDING,0,0,0,0,,,,,,,,,,,,
"""\351\227\256\351\242\230\346\211\253\346\217\217/findings/C_DOC_CODE_GAP/p1/M2a_L04_L10.md""",aux,no,"""\351\227\256\351\242\230\346\211\253\346\217\217",production,0,,,,,PENDING,0,0,0,0,,,,,,,,,,,,
"""\351\227\256\351\242\230\346\211\253\346\217\217/findings/C_DOC_CODE_GAP/p1/M2b_L03_L15.md""",aux,no,"""\351\227\256\351\242\230\346\211\253\346\217\217",production,0,,,,,PENDING,0,0,0,0,,,,,,,,,,,,
"""\351\227\256\351\242\230\346\211\253\346\217\217/findings/C_DOC_CODE_GAP/p1/M3_L05_L07.md""",aux,no,"""\351\227\256\351\242\230\346\211\253\346\217\217",production,0,,,,,PENDING,0,0,0,0,,,,,,,,,,,,
"""\351\227\256\351\242\230\346\211\253\346\217\217/findings/C_DOC_CODE_GAP/p1/M3b_L06.md""",aux,no,"""\351\227\256\351\242\230\346\211\253\346\217\217",production,0,,,,,PENDING,0,0,0,0,,,,,,,,,,,,
"""\351\227\256\351\242\230\346\211\253\346\217\217/findings/C_DOC_CODE_GAP/p1/M4_L08_L09.md""",aux,no,"""\351\227\256\351\242\230\346\211\253\346\217\217",production,0,,,,,PENDING,0,0,0,0,,,,,,,,,,,,
"""\351\227\256\351\242\230\346\211\253\346\217\217/findings/C_DOC_CODE_GAP/p1/M5a_L11.md""",aux,no,"""\351\227\256\351\242\230\346\211\253\346\217\217",production,0,,,,,PENDING,0,0,0,0,,,,,,,,,,,,
"""\351\227\256\351\242\230\346\211\253\346\217\217/findings/C_DOC_CODE_GAP/p1/M5b_L12_L17.md""",aux,no,"""\351\227\256\351\242\230\346\211\253\346\217\217",production,0,,,,,PENDING,0,0,0,0,,,,,,,,,,,,
"""\351\227\256\351\242\230\346\211\253\346\217\217/findings/C_DOC_CODE_GAP/p1/M6a_L13_L14.md""",aux,no,"""\351\227\256\351\242\230\346\211\253\346\217\217",production,0,,,,,PENDING,0,0,0,0,,,,,,,,,,,,
"""\351\227\256\351\242\230\346\211\253\346\217\217/findings/C_DOC_CODE_GAP/p1/M6b_L16_L18.md""",aux,no,"""\351\227\256\351\242\230\346\211\253\346\217\217",production,0,,,,,PENDING,0,0,0,0,,,,,,,,,,,,
"""\351\227\256\351\242\230\346\211\253\346\217\217/findings/C_DOC_CODE_GAP/p1/M7_C_DOC_CODE_GAP_p1.md""",aux,no,"""\351\227\256\351\242\230\346\211\253\346\217\217",production,0,,,,,PENDING,0,0,0,0,,,,,,,,,,,,
"""\351\227\256\351\242\230\346\211\253\346\217\217/findings/C_DOC_CODE_GAP/p1/M8_L22_L23.md""",aux,no,"""\351\227\256\351\242\230\346\211\253\346\217\217",production,0,,,,,PENDING,0,0,0,0,,,,,,,,,,,,
"""\351\227\256\351\242\230\346\211\253\346\217\217/findings/C_DOC_CODE_GAP/p1/M8a_L25_L27.md""",aux,no,"""\351\227\256\351\242\230\346\211\253\346\217\217",production,0,,,,,PENDING,0,0,0,0,,,,,,,,,,,,
"""\351\227\256\351\242\230\346\211\253\346\217\217/findings/C_DOC_CODE_GAP/p1/M9_L24_L26.md""",aux,no,"""\351\227\256\351\242\230\346\211\253\346\217\217",production,0,,,,,PENDING,0,0,0,0,,,,,,,,,,,,
"""\351\227\256\351\242\230\346\211\253\346\217\217/findings/C_DOC_CODE_GAP/p1/README.md""",aux,no,"""\351\227\256\351\242\230\346\211\253\346\217\217",production,0,,,,,PENDING,0,0,0,0,,,,,,,,,,,,
"""\351\227\256\351\242\230\346\211\253\346\217\217/findings/C_DOC_CODE_GAP/p1/V1.md""",aux,no,"""\351\227\256\351\242\230\346\211\253\346\217\217",production,0,,,,,PENDING,0,0,0,0,,,,,,,,,,,,
"""\351\227\256\351\242\230\346\211\253\346\217\217/findings/C_DOC_CODE_GAP/p1/V2.md""",aux,no,"""\351\227\256\351\242\230\346\211\253\346\217\217",production,0,,,,,PENDING,0,0,0,0,,,,,,,,,,,,
"""\351\227\256\351\242\230\346\211\253\346\217\217/findings/C_DOC_CODE_GAP/p2/M2a_L04_L10.md""",aux,no,"""\351\227\256\351\242\230\346\211\253\346\217\217",production,0,,,,,PENDING,0,0,0,0,,,,,,,,,,,,
"""\351\227\256\351\242\230\346\211\253\346\217\217/findings/C_DOC_CODE_GAP/p2/M2b_L03_L15.md""",aux,no,"""\351\227\256\351\242\230\346\211\253\346\217\217",production,0,,,,,PENDING,0,0,0,0,,,,,,,,,,,,
"""\351\227\256\351\242\230\346\211\253\346\217\217/findings/C_DOC_CODE_GAP/p2/M3_L05_L07.md""",aux,no,"""\351\227\256\351\242\230\346\211\253\346\217\217",production,0,,,,,PENDING,0,0,0,0,,,,,,,,,,,,
"""\351\227\256\351\242\230\346\211\253\346\217\217/findings/C_DOC_CODE_GAP/p2/M4_L08_L09.md""",aux,no,"""\351\227\256\351\242\230\346\211\253\346\217\217",production,0,,,,,PENDING,0,0,0,0,,,,,,,,,,,,
"""\351\227\256\351\242\230\346\211\253\346\217\217/findings/C_DOC_CODE_GAP/p2/M6a_L13_L14.md""",aux,no,"""\351\227\256\351\242\230\346\211\253\346\217\217",production,0,,,,,PENDING,0,0,0,0,,,,,,,,,,,,
"""\351\227\256\351\242\230\346\211\253\346\217\217/findings/C_DOC_CODE_GAP/p2/M7_C_DOC_CODE_GAP_p2.md""",aux,no,"""\351\227\256\351\242\230\346\211\253\346\217\217",production,0,,,,,PENDING,0,0,0,0,,,,,,,,,,,,
"""\351\227\256\351\242\230\346\211\253\346\217\217/findings/C_DOC_CODE_GAP/p2/M8_L22_L23.md""",aux,no,"""\351\227\256\351\242\230\346\211\253\346\217\217",production,0,,,,,PENDING,0,0,0,0,,,,,,,,,,,,
"""\351\227\256\351\242\230\346\211\253\346\217\217/findings/C_DOC_CODE_GAP/p2/M8a_L25_L27.md""",aux,no,"""\351\227\256\351\242\230\346\211\253\346\217\217",production,0,,,,,PENDING,0,0,0,0,,,,,,,,,,,,
"""\351\227\256\351\242\230\346\211\253\346\217\217/findings/C_DOC_CODE_GAP/p2/README.md""",aux,no,"""\351\227\256\351\242\230\346\211\253\346\217\217",production,0,,,,,PENDING,0,0,0,0,,,,,,,,,,,,
"""\351\227\256\351\242\230\346\211\253\346\217\217/findings/C_DOC_CODE_GAP/p2/V1-brief.md""",aux,no,"""\351\227\256\351\242\230\346\211\253\346\217\217",production,0,,,,,PENDING,0,0,0,0,,,,,,,,,,,,
"""\351\227\256\351\242\230\346\211\253\346\217\217/findings/C_DOC_CODE_GAP/p2/V3.md""",aux,no,"""\351\227\256\351\242\230\346\211\253\346\217\217",production,0,,,,,PENDING,0,0,0,0,,,,,,,,,,,,
"""\351\227\256\351\242\230\346\211\253\346\217\217/findings/D_COMMENT/README.md""",aux,no,"""\351\227\256\351\242\230\346\211\253\346\217\217",production,0,,,,,PENDING,0,0,0,0,,,,,,,,,,,,
"""\351\227\256\351\242\230\346\211\253\346\217\217/findings/D_COMMENT/p0/README.md""",aux,no,"""\351\227\256\351\242\230\346\211\253\346\217\217",production,0,,,,,PENDING,0,0,0,0,,,,,,,,,,,,
"""\351\227\256\351\242\230\346\211\253\346\217\217/findings/D_COMMENT/p1/L28b.md""",aux,no,"""\351\227\256\351\242\230\346\211\253\346\217\217",production,0,,,,,PENDING,0,0,0,0,,,,,,,,,,,,
"""\351\227\256\351\242\230\346\211\253\346\217\217/findings/D_COMMENT/p1/L28c.md""",aux,no,"""\351\227\256\351\242\230\346\211\253\346\217\217",production,0,,,,,PENDING,0,0,0,0,,,,,,,,,,,,
"""\351\227\256\351\242\230\346\211\253\346\217\217/findings/D_COMMENT/p1/L28d.md""",aux,no,"""\351\227\256\351\242\230\346\211\253\346\217\217",production,0,,,,,PENDING,0,0,0,0,,,,,,,,,,,,
"""\351\227\256\351\242\230\346\211\253\346\217\217/findings/D_COMMENT/p1/L28e.md""",aux,no,"""\351\227\256\351\242\230\346\211\253\346\217\217",production,0,,,,,PENDING,0,0,0,0,,,,,,,,,,,,
"""\351\227\256\351\242\230\346\211\253\346\217\217/findings/D_COMMENT/p1/M1a_L01_L02.md""",aux,no,"""\351\227\256\351\242\230\346\211\253\346\217\217",production,0,,,,,PENDING,0,0,0,0,,,,,,,,,,,,
"""\351\227\256\351\242\230\346\211\253\346\217\217/findings/D_COMMENT/p1/M3_L05_L07.md""",aux,no,"""\351\227\256\351\242\230\346\211\253\346\217\217",production,0,,,,,PENDING,0,0,0,0,,,,,,,,,,,,
"""\351\227\256\351\242\230\346\211\253\346\217\217/findings/D_COMMENT/p1/M4_L08_L09.md""",aux,no,"""\351\227\256\351\242\230\346\211\253\346\217\217",production,0,,,,,PENDING,0,0,0,0,,,,,,,,,,,,
"""\351\227\256\351\242\230\346\211\253\346\217\217/findings/D_COMMENT/p1/M5a_L11.md""",aux,no,"""\351\227\256\351\242\230\346\211\253\346\217\217",production,0,,,,,PENDING,0,0,0,0,,,,,,,,,,,,
"""\351\227\256\351\242\230\346\211\253\346\217\217/findings/D_COMMENT/p1/M6a_L13_L14.md""",aux,no,"""\351\227\256\351\242\230\346\211\253\346\217\217",production,0,,,,,PENDING,0,0,0,0,,,,,,,,,,,,
"""\351\227\256\351\242\230\346\211\253\346\217\217/findings/D_COMMENT/p1/README.md""",aux,no,"""\351\227\256\351\242\230\346\211\253\346\217\217",production,0,,,,,PENDING,0,0,0,0,,,,,,,,,,,,
"""\351\227\256\351\242\230\346\211\253\346\217\217/findings/D_COMMENT/p1/V8-b.md""",aux,no,"""\351\227\256\351\242\230\346\211\253\346\217\217",production,0,,,,,PENDING,0,0,0,0,,,,,,,,,,,,
"""\351\227\256\351\242\230\346\211\253\346\217\217/findings/D_COMMENT/p1/V8.md""",aux,no,"""\351\227\256\351\242\230\346\211\253\346\217\217",production,0,,,,,PENDING,0,0,0,0,,,,,,,,,,,,
"""\351\227\256\351\242\230\346\211\253\346\217\217/findings/D_COMMENT/p1/W1.md""",aux,no,"""\351\227\256\351\242\230\346\211\253\346\217\217",production,0,,,,,PENDING,0,0,0,0,,,,,,,,,,,,
"""\351\227\256\351\242\230\346\211\253\346\217\217/findings/D_COMMENT/p1/W5.md""",aux,no,"""\351\227\256\351\242\230\346\211\253\346\217\217",production,0,,,,,PENDING,0,0,0,0,,,,,,,,,,,,
"""\351\227\256\351\242\230\346\211\253\346\217\217/findings/D_COMMENT/p2/L28b.md""",aux,no,"""\351\227\256\351\242\230\346\211\253\346\217\217",production,0,,,,,PENDING,0,0,0,0,,,,,,,,,,,,
"""\351\227\256\351\242\230\346\211\253\346\217\217/findings/D_COMMENT/p2/L28c.md""",aux,no,"""\351\227\256\351\242\230\346\211\253\346\217\217",production,0,,,,,PENDING,0,0,0,0,,,,,,,,,,,,
"""\351\227\256\351\242\230\346\211\253\346\217\217/findings/D_COMMENT/p2/L28d.md""",aux,no,"""\351\227\256\351\242\230\346\211\253\346\217\217",production,0,,,,,PENDING,0,0,0,0,,,,,,,,,,,,
"""\351\227\256\351\242\230\346\211\253\346\217\217/findings/D_COMMENT/p2/L28e.md""",aux,no,"""\351\227\256\351\242\230\346\211\253\346\217\217",production,0,,,,,PENDING,0,0,0,0,,,,,,,,,,,,
"""\351\227\256\351\242\230\346\211\253\346\217\217/findings/D_COMMENT/p2/M1a_L01_L02.md""",aux,no,"""\351\227\256\351\242\230\346\211\253\346\217\217",production,0,,,,,PENDING,0,0,0,0,,,,,,,,,,,,
"""\351\227\256\351\242\230\346\211\253\346\217\217/findings/D_COMMENT/p2/M2a_L04_L10.md""",aux,no,"""\351\227\256\351\242\230\346\211\253\346\217\217",production,0,,,,,PENDING,0,0,0,0,,,,,,,,,,,,
"""\351\227\256\351\242\230\346\211\253\346\217\217/findings/D_COMMENT/p2/M3_L05_L07.md""",aux,no,"""\351\227\256\351\242\230\346\211\253\346\217\217",production,0,,,,,PENDING,0,0,0,0,,,,,,,,,,,,
"""\351\227\256\351\242\230\346\211\253\346\217\217/findings/D_COMMENT/p2/M3b_L06.md""",aux,no,"""\351\227\256\351\242\230\346\211\253\346\217\217",production,0,,,,,PENDING,0,0,0,0,,,,,,,,,,,,
"""\351\227\256\351\242\230\346\211\253\346\217\217/findings/D_COMMENT/p2/M4_L08_L09.md""",aux,no,"""\351\227\256\351\242\230\346\211\253\346\217\217",production,0,,,,,PENDING,0,0,0,0,,,,,,,,,,,,
"""\351\227\256\351\242\230\346\211\253\346\217\217/findings/D_COMMENT/p2/M5a_L11.md""",aux,no,"""\351\227\256\351\242\230\346\211\253\346\217\217",production,0,,,,,PENDING,0,0,0,0,,,,,,,,,,,,
"""\351\227\256\351\242\230\346\211\253\346\217\217/findings/D_COMMENT/p2/M6a_L13_L14.md""",aux,no,"""\351\227\256\351\242\230\346\211\253\346\217\217",production,0,,,,,PENDING,0,0,0,0,,,,,,,,,,,,
"""\351\227\256\351\242\230\346\211\253\346\217\217/findings/D_COMMENT/p2/M9_L24_L26.md""",aux,no,"""\351\227\256\351\242\230\346\211\253\346\217\217",production,0,,,,,PENDING,0,0,0,0,,,,,,,,,,,,
"""\351\227\256\351\242\230\346\211\253\346\217\217/findings/D_COMMENT/p2/README.md""",aux,no,"""\351\227\256\351\242\230\346\211\253\346\217\217",production,0,,,,,PENDING,0,0,0,0,,,,,,,,,,,,
"""\351\227\256\351\242\230\346\211\253\346\217\217/findings/D_COMMENT/p2/V6.md""",aux,no,"""\351\227\256\351\242\230\346\211\253\346\217\217",production,0,,,,,PENDING,0,0,0,0,,,,,,,,,,,,
"""\351\227\256\351\242\230\346\211\253\346\217\217/findings/D_COMMENT/p2/V8-b.md""",aux,no,"""\351\227\256\351\242\230\346\211\253\346\217\217",production,0,,,,,PENDING,0,0,0,0,,,,,,,,,,,,
"""\351\227\256\351\242\230\346\211\253\346\217\217/findings/D_COMMENT/p2/V8.md""",aux,no,"""\351\227\256\351\242\230\346\211\253\346\217\217",production,0,,,,,PENDING,0,0,0,0,,,,,,,,,,,,
"""\351\227\256\351\242\230\346\211\253\346\217\217/findings/D_COMMENT/p2/W1-b.md""",aux,no,"""\351\227\256\351\242\230\346\211\253\346\217\217",production,0,,,,,PENDING,0,0,0,0,,,,,,,,,,,,
"""\351\227\256\351\242\230\346\211\253\346\217\217/findings/D_COMMENT/p2/W1.md""",aux,no,"""\351\227\256\351\242\230\346\211\253\346\217\217",production,0,,,,,PENDING,0,0,0,0,,,,,,,,,,,,
"""\351\227\256\351\242\230\346\211\253\346\217\217/findings/E_TRACE_BREAK/README.md""",aux,no,"""\351\227\256\351\242\230\346\211\253\346\217\217",production,0,,,,,PENDING,0,0,0,0,,,,,,,,,,,,
"""\351\227\256\351\242\230\346\211\253\346\217\217/findings/E_TRACE_BREAK/p0/M3_L05_L07.md""",aux,no,"""\351\227\256\351\242\230\346\211\253\346\217\217",production,0,,,,,PENDING,0,0,0,0,,,,,,,,,,,,
"""\351\227\256\351\242\230\346\211\253\346\217\217/findings/E_TRACE_BREAK/p0/M6b_L16_L18.md""",aux,no,"""\351\227\256\351\242\230\346\211\253\346\217\217",production,0,,,,,PENDING,0,0,0,0,,,,,,,,,,,,
"""\351\227\256\351\242\230\346\211\253\346\217\217/findings/E_TRACE_BREAK/p0/README.md""",aux,no,"""\351\227\256\351\242\230\346\211\253\346\217\217",production,0,,,,,PENDING,0,0,0,0,,,,,,,,,,,,
"""\351\227\256\351\242\230\346\211\253\346\217\217/findings/E_TRACE_BREAK/p1/L28c.md""",aux,no,"""\351\227\256\351\242\230\346\211\253\346\217\217",production,0,,,,,PENDING,0,0,0,0,,,,,,,,,,,,
"""\351\227\256\351\242\230\346\211\253\346\217\217/findings/E_TRACE_BREAK/p1/L28e.md""",aux,no,"""\351\227\256\351\242\230\346\211\253\346\217\217",production,0,,,,,PENDING,0,0,0,0,,,,,,,,,,,,
"""\351\227\256\351\242\230\346\211\253\346\217\217/findings/E_TRACE_BREAK/p1/M1a_L01_L02.md""",aux,no,"""\351\227\256\351\242\230\346\211\253\346\217\217",production,0,,,,,PENDING,0,0,0,0,,,,,,,,,,,,
"""\351\227\256\351\242\230\346\211\253\346\217\217/findings/E_TRACE_BREAK/p1/M2a_L04_L10.md""",aux,no,"""\351\227\256\351\242\230\346\211\253\346\217\217",production,0,,,,,PENDING,0,0,0,0,,,,,,,,,,,,
"""\351\227\256\351\242\230\346\211\253\346\217\217/findings/E_TRACE_BREAK/p1/M2b_L03_L15.md""",aux,no,"""\351\227\256\351\242\230\346\211\253\346\217\217",production,0,,,,,PENDING,0,0,0,0,,,,,,,,,,,,
"""\351\227\256\351\242\230\346\211\253\346\217\217/findings/E_TRACE_BREAK/p1/M3_L05_L07.md""",aux,no,"""\351\227\256\351\242\230\346\211\253\346\217\217",production,0,,,,,PENDING,0,0,0,0,,,,,,,,,,,,
"""\351\227\256\351\242\230\346\211\253\346\217\217/findings/E_TRACE_BREAK/p1/M3b_L06.md""",aux,no,"""\351\227\256\351\242\230\346\211\253\346\217\217",production,0,,,,,PENDING,0,0,0,0,,,,,,,,,,,,
"""\351\227\256\351\242\230\346\211\253\346\217\217/findings/E_TRACE_BREAK/p1/M4_L08_L09.md""",aux,no,"""\351\227\256\351\242\230\346\211\253\346\217\217",production,0,,,,,PENDING,0,0,0,0,,,,,,,,,,,,
"""\351\227\256\351\242\230\346\211\253\346\217\217/findings/E_TRACE_BREAK/p1/M5a_L11.md""",aux,no,"""\351\227\256\351\242\230\346\211\253\346\217\217",production,0,,,,,PENDING,0,0,0,0,,,,,,,,,,,,
"""\351\227\256\351\242\230\346\211\253\346\217\217/findings/E_TRACE_BREAK/p1/M5b_L12_L17.md""",aux,no,"""\351\227\256\351\242\230\346\211\253\346\217\217",production,0,,,,,PENDING,0,0,0,0,,,,,,,,,,,,
"""\351\227\256\351\242\230\346\211\253\346\217\217/findings/E_TRACE_BREAK/p1/M6a_L13_L14.md""",aux,no,"""\351\227\256\351\242\230\346\211\253\346\217\217",production,0,,,,,PENDING,0,0,0,0,,,,,,,,,,,,
"""\351\227\256\351\242\230\346\211\253\346\217\217/findings/E_TRACE_BREAK/p1/M6b_L16_L18.md""",aux,no,"""\351\227\256\351\242\230\346\211\253\346\217\217",production,0,,,,,PENDING,0,0,0,0,,,,,,,,,,,,
"""\351\227\256\351\242\230\346\211\253\346\217\217/findings/E_TRACE_BREAK/p1/M8a_L25_L27.md""",aux,no,"""\351\227\256\351\242\230\346\211\253\346\217\217",production,0,,,,,PENDING,0,0,0,0,,,,,,,,,,,,
"""\351\227\256\351\242\230\346\211\253\346\217\217/findings/E_TRACE_BREAK/p1/M9_L24_L26.md""",aux,no,"""\351\227\256\351\242\230\346\211\253\346\217\217",production,0,,,,,PENDING,0,0,0,0,,,,,,,,,,,,
"""\351\227\256\351\242\230\346\211\253\346\217\217/findings/E_TRACE_BREAK/p1/README.md""",aux,no,"""\351\227\256\351\242\230\346\211\253\346\217\217",production,0,,,,,PENDING,0,0,0,0,,,,,,,,,,,,
"""\351\227\256\351\242\230\346\211\253\346\217\217/findings/E_TRACE_BREAK/p2/L28e.md""",aux,no,"""\351\227\256\351\242\230\346\211\253\346\217\217",production,0,,,,,PENDING,0,0,0,0,,,,,,,,,,,,
"""\351\227\256\351\242\230\346\211\253\346\217\217/findings/E_TRACE_BREAK/p2/M1a_L01_L02.md""",aux,no,"""\351\227\256\351\242\230\346\211\253\346\217\217",production,0,,,,,PENDING,0,0,0,0,,,,,,,,,,,,
"""\351\227\256\351\242\230\346\211\253\346\217\217/findings/E_TRACE_BREAK/p2/M2a_L04_L10.md""",aux,no,"""\351\227\256\351\242\230\346\211\253\346\217\217",production,0,,,,,PENDING,0,0,0,0,,,,,,,,,,,,
"""\351\227\256\351\242\230\346\211\253\346\217\217/findings/E_TRACE_BREAK/p2/M5b_L12_L17.md""",aux,no,"""\351\227\256\351\242\230\346\211\253\346\217\217",production,0,,,,,PENDING,0,0,0,0,,,,,,,,,,,,
"""\351\227\256\351\242\230\346\211\253\346\217\217/findings/E_TRACE_BREAK/p2/M6a_L13_L14.md""",aux,no,"""\351\227\256\351\242\230\346\211\253\346\217\217",production,0,,,,,PENDING,0,0,0,0,,,,,,,,,,,,
"""\351\227\256\351\242\230\346\211\253\346\217\217/findings/E_TRACE_BREAK/p2/M6b_L16_L18.md""",aux,no,"""\351\227\256\351\242\230\346\211\253\346\217\217",production,0,,,,,PENDING,0,0,0,0,,,,,,,,,,,,
"""\351\227\256\351\242\230\346\211\253\346\217\217/findings/E_TRACE_BREAK/p2/M7_E_TRACE_BREAK_p2.md""",aux,no,"""\351\227\256\351\242\230\346\211\253\346\217\217",production,0,,,,,PENDING,0,0,0,0,,,,,,,,,,,,
"""\351\227\256\351\242\230\346\211\253\346\217\217/findings/E_TRACE_BREAK/p2/M8_L22_L23.md""",aux,no,"""\351\227\256\351\242\230\346\211\253\346\217\217",production,0,,,,,PENDING,0,0,0,0,,,,,,,,,,,,
"""\351\227\256\351\242\230\346\211\253\346\217\217/findings/E_TRACE_BREAK/p2/M8a_L25_L27.md""",aux,no,"""\351\227\256\351\242\230\346\211\253\346\217\217",production,0,,,,,PENDING,0,0,0,0,,,,,,,,,,,,
"""\351\227\256\351\242\230\346\211\253\346\217\217/findings/E_TRACE_BREAK/p2/README.md""",aux,no,"""\351\227\256\351\242\230\346\211\253\346\217\217",production,0,,,,,PENDING,0,0,0,0,,,,,,,,,,,,
"""\351\227\256\351\242\230\346\211\253\346\217\217/findings/E_TRACE_BREAK/p2/SA-b.md""",aux,no,"""\351\227\256\351\242\230\346\211\253\346\217\217",production,0,,,,,PENDING,0,0,0,0,,,,,,,,,,,,
"""\351\227\256\351\242\230\346\211\253\346\217\217/findings/E_TRACE_BREAK/p2/SA.md""",aux,no,"""\351\227\256\351\242\230\346\211\253\346\217\217",production,0,,,,,PENDING,0,0,0,0,,,,,,,,,,,,
"""\351\227\256\351\242\230\346\211\253\346\217\217/findings/F_TEST_GAP/README.md""",aux,no,"""\351\227\256\351\242\230\346\211\253\346\217\217",production,0,,,,,PENDING,0,0,0,0,,,,,,,,,,,,
"""\351\227\256\351\242\230\346\211\253\346\217\217/findings/F_TEST_GAP/p0/FD_windows_zero_test_green.md""",aux,no,"""\351\227\256\351\242\230\346\211\253\346\217\217",production,0,,,,,PENDING,0,0,0,0,,,,,,,,,,,,
"""\351\227\256\351\242\230\346\211\253\346\217\217/findings/F_TEST_GAP/p0/M1a_L01_L02.md""",aux,no,"""\351\227\256\351\242\230\346\211\253\346\217\217",production,0,,,,,PENDING,0,0,0,0,,,,,,,,,,,,
"""\351\227\256\351\242\230\346\211\253\346\217\217/findings/F_TEST_GAP/p0/M2a_L04_L10.md""",aux,no,"""\351\227\256\351\242\230\346\211\253\346\217\217",production,0,,,,,PENDING,0,0,0,0,,,,,,,,,,,,
"""\351\227\256\351\242\230\346\211\253\346\217\217/findings/F_TEST_GAP/p0/M2b_L03_L15.md""",aux,no,"""\351\227\256\351\242\230\346\211\253\346\217\217",production,0,,,,,PENDING,0,0,0,0,,,,,,,,,,,,
"""\351\227\256\351\242\230\346\211\253\346\217\217/findings/F_TEST_GAP/p0/M3_L05_L07.md""",aux,no,"""\351\227\256\351\242\230\346\211\253\346\217\217",production,0,,,,,PENDING,0,0,0,0,,,,,,,,,,,,
"""\351\227\256\351\242\230\346\211\253\346\217\217/findings/F_TEST_GAP/p0/M3b_L06.md""",aux,no,"""\351\227\256\351\242\230\346\211\253\346\217\217",production,0,,,,,PENDING,0,0,0,0,,,,,,,,,,,,
"""\351\227\256\351\242\230\346\211\253\346\217\217/findings/F_TEST_GAP/p0/M4_L08_L09.md""",aux,no,"""\351\227\256\351\242\230\346\211\253\346\217\217",production,0,,,,,PENDING,0,0,0,0,,,,,,,,,,,,
"""\351\227\256\351\242\230\346\211\253\346\217\217/findings/F_TEST_GAP/p0/M8_L22_L23.md""",aux,no,"""\351\227\256\351\242\230\346\211\253\346\217\217",production,0,,,,,PENDING,0,0,0,0,,,,,,,,,,,,
"""\351\227\256\351\242\230\346\211\253\346\217\217/findings/F_TEST_GAP/p0/M9_L24_L26.md""",aux,no,"""\351\227\256\351\242\230\346\211\253\346\217\217",production,0,,,,,PENDING,0,0,0,0,,,,,,,,,,,,
"""\351\227\256\351\242\230\346\211\253\346\217\217/findings/F_TEST_GAP/p0/README.md""",aux,no,"""\351\227\256\351\242\230\346\211\253\346\217\217",production,0,,,,,PENDING,0,0,0,0,,,,,,,,,,,,
"""\351\227\256\351\242\230\346\211\253\346\217\217/findings/F_TEST_GAP/p1/FD_cpu_provider_test_textual_gate.md""",aux,no,"""\351\227\256\351\242\230\346\211\253\346\217\217",production,0,,,,,PENDING,0,0,0,0,,,,,,,,,,,,
"""\351\227\256\351\242\230\346\211\253\346\217\217/findings/F_TEST_GAP/p1/M1a_L01_L02.md""",aux,no,"""\351\227\256\351\242\230\346\211\253\346\217\217",production,0,,,,,PENDING,0,0,0,0,,,,,,,,,,,,
"""\351\227\256\351\242\230\346\211\253\346\217\217/findings/F_TEST_GAP/p1/M2a_L04_L10.md""",aux,no,"""\351\227\256\351\242\230\346\211\253\346\217\217",production,0,,,,,PENDING,0,0,0,0,,,,,,,,,,,,
"""\351\227\256\351\242\230\346\211\253\346\217\217/findings/F_TEST_GAP/p1/M2b_L03_L15.md""",aux,no,"""\351\227\256\351\242\230\346\211\253\346\217\217",production,0,,,,,PENDING,0,0,0,0,,,,,,,,,,,,
"""\351\227\256\351\242\230\346\211\253\346\217\217/findings/F_TEST_GAP/p1/M3_L05_L07.md""",aux,no,"""\351\227\256\351\242\230\346\211\253\346\217\217",production,0,,,,,PENDING,0,0,0,0,,,,,,,,,,,,
"""\351\227\256\351\242\230\346\211\253\346\217\217/findings/F_TEST_GAP/p1/M4_L08_L09.md""",aux,no,"""\351\227\256\351\242\230\346\211\253\346\217\217",production,0,,,,,PENDING,0,0,0,0,,,,,,,,,,,,
"""\351\227\256\351\242\230\346\211\253\346\217\217/findings/F_TEST_GAP/p1/M5a_L11.md""",aux,no,"""\351\227\256\351\242\230\346\211\253\346\217\217",production,0,,,,,PENDING,0,0,0,0,,,,,,,,,,,,
"""\351\227\256\351\242\230\346\211\253\346\217\217/findings/F_TEST_GAP/p1/M5b_L12_L17.md""",aux,no,"""\351\227\256\351\242\230\346\211\253\346\217\217",production,0,,,,,PENDING,0,0,0,0,,,,,,,,,,,,
"""\351\227\256\351\242\230\346\211\253\346\217\217/findings/F_TEST_GAP/p1/M6b_L16_L18.md""",aux,no,"""\351\227\256\351\242\230\346\211\253\346\217\217",production,0,,,,,PENDING,0,0,0,0,,,,,,,,,,,,
"""\351\227\256\351\242\230\346\211\253\346\217\217/findings/F_TEST_GAP/p1/M7_F_TEST_GAP_p1.md""",aux,no,"""\351\227\256\351\242\230\346\211\253\346\217\217",production,0,,,,,PENDING,0,0,0,0,,,,,,,,,,,,
"""\351\227\256\351\242\230\346\211\253\346\217\217/findings/F_TEST_GAP/p1/M8_L22_L23.md""",aux,no,"""\351\227\256\351\242\230\346\211\253\346\217\217",production,0,,,,,PENDING,0,0,0,0,,,,,,,,,,,,
"""\351\227\256\351\242\230\346\211\253\346\217\217/findings/F_TEST_GAP/p1/M9_L24_L26.md""",aux,no,"""\351\227\256\351\242\230\346\211\253\346\217\217",production,0,,,,,PENDING,0,0,0,0,,,,,,,,,,,,
"""\351\227\256\351\242\230\346\211\253\346\217\217/findings/F_TEST_GAP/p1/README.md""",aux,no,"""\351\227\256\351\242\230\346\211\253\346\217\217",production,0,,,,,PENDING,0,0,0,0,,,,,,,,,,,,
"""\351\227\256\351\242\230\346\211\253\346\217\217/findings/F_TEST_GAP/p1/V1-N09.md""",aux,no,"""\351\227\256\351\242\230\346\211\253\346\217\217",production,0,,,,,PENDING,0,0,0,0,,,,,,,,,,,,
"""\351\227\256\351\242\230\346\211\253\346\217\217/findings/F_TEST_GAP/p1/V15-b.md""",aux,no,"""\351\227\256\351\242\230\346\211\253\346\217\217",production,0,,,,,PENDING,0,0,0,0,,,,,,,,,,,,
"""\351\227\256\351\242\230\346\211\253\346\217\217/findings/F_TEST_GAP/p1/V15-c.md""",aux,no,"""\351\227\256\351\242\230\346\211\253\346\217\217",production,0,,,,,PENDING,0,0,0,0,,,,,,,,,,,,
"""\351\227\256\351\242\230\346\211\253\346\217\217/findings/F_TEST_GAP/p1/V15.md""",aux,no,"""\351\227\256\351\242\230\346\211\253\346\217\217",production,0,,,,,PENDING,0,0,0,0,,,,,,,,,,,,
"""\351\227\256\351\242\230\346\211\253\346\217\217/findings/F_TEST_GAP/p2/M1a_L01_L02.md""",aux,no,"""\351\227\256\351\242\230\346\211\253\346\217\217",production,0,,,,,PENDING,0,0,0,0,,,,,,,,,,,,
"""\351\227\256\351\242\230\346\211\253\346\217\217/findings/F_TEST_GAP/p2/M2a_L04_L10.md""",aux,no,"""\351\227\256\351\242\230\346\211\253\346\217\217",production,0,,,,,PENDING,0,0,0,0,,,,,,,,,,,,
"""\351\227\256\351\242\230\346\211\253\346\217\217/findings/F_TEST_GAP/p2/M5b_L12_L17.md""",aux,no,"""\351\227\256\351\242\230\346\211\253\346\217\217",production,0,,,,,PENDING,0,0,0,0,,,,,,,,,,,,
"""\351\227\256\351\242\230\346\211\253\346\217\217/findings/F_TEST_GAP/p2/M6a_L13_L14.md""",aux,no,"""\351\227\256\351\242\230\346\211\253\346\217\217",production,0,,,,,PENDING,0,0,0,0,,,,,,,,,,,,
"""\351\227\256\351\242\230\346\211\253\346\217\217/findings/F_TEST_GAP/p2/M7_F_TEST_GAP_p2.md""",aux,no,"""\351\227\256\351\242\230\346\211\253\346\217\217",production,0,,,,,PENDING,0,0,0,0,,,,,,,,,,,,
"""\351\227\256\351\242\230\346\211\253\346\217\217/findings/F_TEST_GAP/p2/M8_L22_L23.md""",aux,no,"""\351\227\256\351\242\230\346\211\253\346\217\217",production,0,,,,,PENDING,0,0,0,0,,,,,,,,,,,,
"""\351\227\256\351\242\230\346\211\253\346\217\217/findings/F_TEST_GAP/p2/M8a_L25_L27.md""",aux,no,"""\351\227\256\351\242\230\346\211\253\346\217\217",production,0,,,,,PENDING,0,0,0,0,,,,,,,,,,,,
"""\351\227\256\351\242\230\346\211\253\346\217\217/findings/F_TEST_GAP/p2/M9_L24_L26.md""",aux,no,"""\351\227\256\351\242\230\346\211\253\346\217\217",production,0,,,,,PENDING,0,0,0,0,,,,,,,,,,,,
"""\351\227\256\351\242\230\346\211\253\346\217\217/findings/F_TEST_GAP/p2/README.md""",aux,no,"""\351\227\256\351\242\230\346\211\253\346\217\217",production,0,,,,,PENDING,0,0,0,0,,,,,,,,,,,,
"""\351\227\256\351\242\230\346\211\253\346\217\217/findings/F_TEST_GAP/p2/V15.md""",aux,no,"""\351\227\256\351\242\230\346\211\253\346\217\217",production,0,,,,,PENDING,0,0,0,0,,,,,,,,,,,,
"""\351\227\256\351\242\230\346\211\253\346\217\217/findings/F_TEST_GAP/p2/W1-b.md""",aux,no,"""\351\227\256\351\242\230\346\211\253\346\217\217",production,0,,,,,PENDING,0,0,0,0,,,,,,,,,,,,
"""\351\227\256\351\242\230\346\211\253\346\217\217/findings/F_TEST_GAP/p2/W1.md""",aux,no,"""\351\227\256\351\242\230\346\211\253\346\217\217",production,0,,,,,PENDING,0,0,0,0,,,,,,,,,,,,
"""\351\227\256\351\242\230\346\211\253\346\217\217/findings/G_GOV_GATE/README.md""",aux,no,"""\351\227\256\351\242\230\346\211\253\346\217\217",production,0,,,,,PENDING,0,0,0,0,,,,,,,,,,,,
"""\351\227\256\351\242\230\346\211\253\346\217\217/findings/G_GOV_GATE/p0/M3b_L06.md""",aux,no,"""\351\227\256\351\242\230\346\211\253\346\217\217",production,0,,,,,PENDING,0,0,0,0,,,,,,,,,,,,
"""\351\227\256\351\242\230\346\211\253\346\217\217/findings/G_GOV_GATE/p0/M5a_L11_L17.md""",aux,no,"""\351\227\256\351\242\230\346\211\253\346\217\217",production,0,,,,,PENDING,0,0,0,0,,,,,,,,,,,,
"""\351\227\256\351\242\230\346\211\253\346\217\217/findings/G_GOV_GATE/p0/M5b_L12_L17.md""",aux,no,"""\351\227\256\351\242\230\346\211\253\346\217\217",production,0,,,,,PENDING,0,0,0,0,,,,,,,,,,,,
"""\351\227\256\351\242\230\346\211\253\346\217\217/findings/G_GOV_GATE/p0/M6a_L13_L14.md""",aux,no,"""\351\227\256\351\242\230\346\211\253\346\217\217",production,0,,,,,PENDING,0,0,0,0,,,,,,,,,,,,
"""\351\227\256\351\242\230\346\211\253\346\217\217/findings/G_GOV_GATE/p0/M6b_L16_L18.md""",aux,no,"""\351\227\256\351\242\230\346\211\253\346\217\217",production,0,,,,,PENDING,0,0,0,0,,,,,,,,,,,,
"""\351\227\256\351\242\230\346\211\253\346\217\217/findings/G_GOV_GATE/p0/M7_G_GOV_GATE_p0.md""",aux,no,"""\351\227\256\351\242\230\346\211\253\346\217\217",production,0,,,,,PENDING,0,0,0,0,,,,,,,,,,,,
"""\351\227\256\351\242\230\346\211\253\346\217\217/findings/G_GOV_GATE/p0/M8a_L25_L27.md""",aux,no,"""\351\227\256\351\242\230\346\211\253\346\217\217",production,0,,,,,PENDING,0,0,0,0,,,,,,,,,,,,
"""\351\227\256\351\242\230\346\211\253\346\217\217/findings/G_GOV_GATE/p0/README.md""",aux,no,"""\351\227\256\351\242\230\346\211\253\346\217\217",production,0,,,,,PENDING,0,0,0,0,,,,,,,,,,,,
"""\351\227\256\351\242\230\346\211\253\346\217\217/findings/G_GOV_GATE/p0/V11-b.md""",aux,no,"""\351\227\256\351\242\230\346\211\253\346\217\217",production,0,,,,,PENDING,0,0,0,0,,,,,,,,,,,,
"""\351\227\256\351\242\230\346\211\253\346\217\217/findings/G_GOV_GATE/p0/V11.md""",aux,no,"""\351\227\256\351\242\230\346\211\253\346\217\217",production,0,,,,,PENDING,0,0,0,0,,,,,,,,,,,,
"""\351\227\256\351\242\230\346\211\253\346\217\217/findings/G_GOV_GATE/p0/V13.md""",aux,no,"""\351\227\256\351\242\230\346\211\253\346\217\217",production,0,,,,,PENDING,0,0,0,0,,,,,,,,,,,,
"""\351\227\256\351\242\230\346\211\253\346\217\217/findings/G_GOV_GATE/p0/V18.md""",aux,no,"""\351\227\256\351\242\230\346\211\253\346\217\217",production,0,,,,,PENDING,0,0,0,0,,,,,,,,,,,,
"""\351\227\256\351\242\230\346\211\253\346\217\217/findings/G_GOV_GATE/p0/V19.md""",aux,no,"""\351\227\256\351\242\230\346\211\253\346\217\217",production,0,,,,,PENDING,0,0,0,0,,,,,,,,,,,,
"""\351\227\256\351\242\230\346\211\253\346\217\217/findings/G_GOV_GATE/p0/V2-D2.md""",aux,no,"""\351\227\256\351\242\230\346\211\253\346\217\217",production,0,,,,,PENDING,0,0,0,0,,,,,,,,,,,,
"""\351\227\256\351\242\230\346\211\253\346\217\217/findings/G_GOV_GATE/p0/V2.md""",aux,no,"""\351\227\256\351\242\230\346\211\253\346\217\217",production,0,,,,,PENDING,0,0,0,0,,,,,,,,,,,,
"""\351\227\256\351\242\230\346\211\253\346\217\217/findings/G_GOV_GATE/p0/V9-b.md""",aux,no,"""\351\227\256\351\242\230\346\211\253\346\217\217",production,0,,,,,PENDING,0,0,0,0,,,,,,,,,,,,
"""\351\227\256\351\242\230\346\211\253\346\217\217/findings/G_GOV_GATE/p0/V9-c.md""",aux,no,"""\351\227\256\351\242\230\346\211\253\346\217\217",production,0,,,,,PENDING,0,0,0,0,,,,,,,,,,,,
"""\351\227\256\351\242\230\346\211\253\346\217\217/findings/G_GOV_GATE/p1/FD_shadow_agents_md.md""",aux,no,"""\351\227\256\351\242\230\346\211\253\346\217\217",production,0,,,,,PENDING,0,0,0,0,,,,,,,,,,,,
"""\351\227\256\351\242\230\346\211\253\346\217\217/findings/G_GOV_GATE/p1/M1a_L01_L02.md""",aux,no,"""\351\227\256\351\242\230\346\211\253\346\217\217",production,0,,,,,PENDING,0,0,0,0,,,,,,,,,,,,
"""\351\227\256\351\242\230\346\211\253\346\217\217/findings/G_GOV_GATE/p1/M2a_L04_L10.md""",aux,no,"""\351\227\256\351\242\230\346\211\253\346\217\217",production,0,,,,,PENDING,0,0,0,0,,,,,,,,,,,,
"""\351\227\256\351\242\230\346\211\253\346\217\217/findings/G_GOV_GATE/p1/M2b_L03_L15.md""",aux,no,"""\351\227\256\351\242\230\346\211\253\346\217\217",production,0,,,,,PENDING,0,0,0,0,,,,,,,,,,,,
"""\351\227\256\351\242\230\346\211\253\346\217\217/findings/G_GOV_GATE/p1/M3_L05_L07.md""",aux,no,"""\351\227\256\351\242\230\346\211\253\346\217\217",production,0,,,,,PENDING,0,0,0,0,,,,,,,,,,,,
"""\351\227\256\351\242\230\346\211\253\346\217\217/findings/G_GOV_GATE/p1/M4_L08_L09.md""",aux,no,"""\351\227\256\351\242\230\346\211\253\346\217\217",production,0,,,,,PENDING,0,0,0,0,,,,,,,,,,,,
"""\351\227\256\351\242\230\346\211\253\346\217\217/findings/G_GOV_GATE/p1/M5a_L11.md""",aux,no,"""\351\227\256\351\242\230\346\211\253\346\217\217",production,0,,,,,PENDING,0,0,0,0,,,,,,,,,,,,
"""\351\227\256\351\242\230\346\211\253\346\217\217/findings/G_GOV_GATE/p1/M5b_L12_L17.md""",aux,no,"""\351\227\256\351\242\230\346\211\253\346\217\217",production,0,,,,,PENDING,0,0,0,0,,,,,,,,,,,,
"""\351\227\256\351\242\230\346\211\253\346\217\217/findings/G_GOV_GATE/p1/M6a_L13_L14.md""",aux,no,"""\351\227\256\351\242\230\346\211\253\346\217\217",production,0,,,,,PENDING,0,0,0,0,,,,,,,,,,,,
"""\351\227\256\351\242\230\346\211\253\346\217\217/findings/G_GOV_GATE/p1/M6b_L16_L18.md""",aux,no,"""\351\227\256\351\242\230\346\211\253\346\217\217",production,0,,,,,PENDING,0,0,0,0,,,,,,,,,,,,
"""\351\227\256\351\242\230\346\211\253\346\217\217/findings/G_GOV_GATE/p1/M7_G_GOV_GATE_p1.md""",aux,no,"""\351\227\256\351\242\230\346\211\253\346\217\217",production,0,,,,,PENDING,0,0,0,0,,,,,,,,,,,,
"""\351\227\256\351\242\230\346\211\253\346\217\217/findings/G_GOV_GATE/p1/M8_L22_L23.md""",aux,no,"""\351\227\256\351\242\230\346\211\253\346\217\217",production,0,,,,,PENDING,0,0,0,0,,,,,,,,,,,,
"""\351\227\256\351\242\230\346\211\253\346\217\217/findings/G_GOV_GATE/p1/M8a_L25_L27.md""",aux,no,"""\351\227\256\351\242\230\346\211\253\346\217\217",production,0,,,,,PENDING,0,0,0,0,,,,,,,,,,,,
"""\351\227\256\351\242\230\346\211\253\346\217\217/findings/G_GOV_GATE/p1/M9_L24_L26.md""",aux,no,"""\351\227\256\351\242\230\346\211\253\346\217\217",production,0,,,,,PENDING,0,0,0,0,,,,,,,,,,,,
"""\351\227\256\351\242\230\346\211\253\346\217\217/findings/G_GOV_GATE/p1/README.md""",aux,no,"""\351\227\256\351\242\230\346\211\253\346\217\217",production,0,,,,,PENDING,0,0,0,0,,,,,,,,,,,,
"""\351\227\256\351\242\230\346\211\253\346\217\217/findings/G_GOV_GATE/p1/V11-c.md""",aux,no,"""\351\227\256\351\242\230\346\211\253\346\217\217",production,0,,,,,PENDING,0,0,0,0,,,,,,,,,,,,
"""\351\227\256\351\242\230\346\211\253\346\217\217/findings/G_GOV_GATE/p1/V11-d.md""",aux,no,"""\351\227\256\351\242\230\346\211\253\346\217\217",production,0,,,,,PENDING,0,0,0,0,,,,,,,,,,,,
"""\351\227\256\351\242\230\346\211\253\346\217\217/findings/G_GOV_GATE/p1/V13-b.md""",aux,no,"""\351\227\256\351\242\230\346\211\253\346\217\217",production,0,,,,,PENDING,0,0,0,0,,,,,,,,,,,,
"""\351\227\256\351\242\230\346\211\253\346\217\217/findings/G_GOV_GATE/p1/V14-b.md""",aux,no,"""\351\227\256\351\242\230\346\211\253\346\217\217",production,0,,,,,PENDING,0,0,0,0,,,,,,,,,,,,
"""\351\227\256\351\242\230\346\211\253\346\217\217/findings/G_GOV_GATE/p1/V14-c.md""",aux,no,"""\351\227\256\351\242\230\346\211\253\346\217\217",production,0,,,,,PENDING,0,0,0,0,,,,,,,,,,,,
"""\351\227\256\351\242\230\346\211\253\346\217\217/findings/G_GOV_GATE/p1/V14.md""",aux,no,"""\351\227\256\351\242\230\346\211\253\346\217\217",production,0,,,,,PENDING,0,0,0,0,,,,,,,,,,,,
"""\351\227\256\351\242\230\346\211\253\346\217\217/findings/G_GOV_GATE/p1/V17-b.md""",aux,no,"""\351\227\256\351\242\230\346\211\253\346\217\217",production,0,,,,,PENDING,0,0,0,0,,,,,,,,,,,,
"""\351\227\256\351\242\230\346\211\253\346\217\217/findings/G_GOV_GATE/p1/V17.md""",aux,no,"""\351\227\256\351\242\230\346\211\253\346\217\217",production,0,,,,,PENDING,0,0,0,0,,,,,,,,,,,,
"""\351\227\256\351\242\230\346\211\253\346\217\217/findings/G_GOV_GATE/p1/V18-b.md""",aux,no,"""\351\227\256\351\242\230\346\211\253\346\217\217",production,0,,,,,PENDING,0,0,0,0,,,,,,,,,,,,
"""\351\227\256\351\242\230\346\211\253\346\217\217/findings/G_GOV_GATE/p1/V18.md""",aux,no,"""\351\227\256\351\242\230\346\211\253\346\217\217",production,0,,,,,PENDING,0,0,0,0,,,,,,,,,,,,
"""\351\227\256\351\242\230\346\211\253\346\217\217/findings/G_GOV_GATE/p1/V19-b.md""",aux,no,"""\351\227\256\351\242\230\346\211\253\346\217\217",production,0,,,,,PENDING,0,0,0,0,,,,,,,,,,,,
"""\351\227\256\351\242\230\346\211\253\346\217\217/findings/G_GOV_GATE/p1/V19.md""",aux,no,"""\351\227\256\351\242\230\346\211\253\346\217\217",production,0,,,,,PENDING,0,0,0,0,,,,,,,,,,,,
"""\351\227\256\351\242\230\346\211\253\346\217\217/findings/G_GOV_GATE/p1/V4.md""",aux,no,"""\351\227\256\351\242\230\346\211\253\346\217\217",production,0,,,,,PENDING,0,0,0,0,,,,,,,,,,,,
"""\351\227\256\351\242\230\346\211\253\346\217\217/findings/G_GOV_GATE/p1/V6-evid.md""",aux,no,"""\351\227\256\351\242\230\346\211\253\346\217\217",production,0,,,,,PENDING,0,0,0,0,,,,,,,,,,,,
"""\351\227\256\351\242\230\346\211\253\346\217\217/findings/G_GOV_GATE/p1/V6.md""",aux,no,"""\351\227\256\351\242\230\346\211\253\346\217\217",production,0,,,,,PENDING,0,0,0,0,,,,,,,,,,,,
"""\351\227\256\351\242\230\346\211\253\346\217\217/findings/G_GOV_GATE/p1/V9-b.md""",aux,no,"""\351\227\256\351\242\230\346\211\253\346\217\217",production,0,,,,,PENDING,0,0,0,0,,,,,,,,,,,,
"""\351\227\256\351\242\230\346\211\253\346\217\217/findings/G_GOV_GATE/p1/V9-c.md""",aux,no,"""\351\227\256\351\242\230\346\211\253\346\217\217",production,0,,,,,PENDING,0,0,0,0,,,,,,,,,,,,
"""\351\227\256\351\242\230\346\211\253\346\217\217/findings/G_GOV_GATE/p1/V9.md""",aux,no,"""\351\227\256\351\242\230\346\211\253\346\217\217",production,0,,,,,PENDING,0,0,0,0,,,,,,,,,,,,
"""\351\227\256\351\242\230\346\211\253\346\217\217/findings/G_GOV_GATE/p1/W1-b.md""",aux,no,"""\351\227\256\351\242\230\346\211\253\346\217\217",production,0,,,,,PENDING,0,0,0,0,,,,,,,,,,,,
"""\351\227\256\351\242\230\346\211\253\346\217\217/findings/G_GOV_GATE/p1/W1.md""",aux,no,"""\351\227\256\351\242\230\346\211\253\346\217\217",production,0,,,,,PENDING,0,0,0,0,,,,,,,,,,,,
"""\351\227\256\351\242\230\346\211\253\346\217\217/findings/G_GOV_GATE/p1/W5.md""",aux,no,"""\351\227\256\351\242\230\346\211\253\346\217\217",production,0,,,,,PENDING,0,0,0,0,,,,,,,,,,,,
"""\351\227\256\351\242\230\346\211\253\346\217\217/findings/G_GOV_GATE/p2/FD_shadow_agents_md.md""",aux,no,"""\351\227\256\351\242\230\346\211\253\346\217\217",production,0,,,,,PENDING,0,0,0,0,,,,,,,,,,,,
"""\351\227\256\351\242\230\346\211\253\346\217\217/findings/G_GOV_GATE/p2/M1a_L01_L02.md""",aux,no,"""\351\227\256\351\242\230\346\211\253\346\217\217",production,0,,,,,PENDING,0,0,0,0,,,,,,,,,,,,
"""\351\227\256\351\242\230\346\211\253\346\217\217/findings/G_GOV_GATE/p2/M2a_L04_L10.md""",aux,no,"""\351\227\256\351\242\230\346\211\253\346\217\217",production,0,,,,,PENDING,0,0,0,0,,,,,,,,,,,,
"""\351\227\256\351\242\230\346\211\253\346\217\217/findings/G_GOV_GATE/p2/M4_L08_L09.md""",aux,no,"""\351\227\256\351\242\230\346\211\253\346\217\217",production,0,,,,,PENDING,0,0,0,0,,,,,,,,,,,,
"""\351\227\256\351\242\230\346\211\253\346\217\217/findings/G_GOV_GATE/p2/M6b_L16_L18.md""",aux,no,"""\351\227\256\351\242\230\346\211\253\346\217\217",production,0,,,,,PENDING,0,0,0,0,,,,,,,,,,,,
"""\351\227\256\351\242\230\346\211\253\346\217\217/findings/G_GOV_GATE/p2/M8a_L25_L27.md""",aux,no,"""\351\227\256\351\242\230\346\211\253\346\217\217",production,0,,,,,PENDING,0,0,0,0,,,,,,,,,,,,
"""\351\227\256\351\242\230\346\211\253\346\217\217/findings/G_GOV_GATE/p2/README.md""",aux,no,"""\351\227\256\351\242\230\346\211\253\346\217\217",production,0,,,,,PENDING,0,0,0,0,,,,,,,,,,,,
"""\351\227\256\351\242\230\346\211\253\346\217\217/findings/G_GOV_GATE/p2/V18.md""",aux,no,"""\351\227\256\351\242\230\346\211\253\346\217\217",production,0,,,,,PENDING,0,0,0,0,,,,,,,,,,,,
"""\351\227\256\351\242\230\346\211\253\346\217\217/findings/G_GOV_GATE/p2/V19.md""",aux,no,"""\351\227\256\351\242\230\346\211\253\346\217\217",production,0,,,,,PENDING,0,0,0,0,,,,,,,,,,,,
"""\351\227\256\351\242\230\346\211\253\346\217\217/findings/G_GOV_GATE/p2/V5.md""",aux,no,"""\351\227\256\351\242\230\346\211\253\346\217\217",production,0,,,,,PENDING,0,0,0,0,,,,,,,,,,,,
"""\351\227\256\351\242\230\346\211\253\346\217\217/findings/G_GOV_GATE/p2/V9-c.md""",aux,no,"""\351\227\256\351\242\230\346\211\253\346\217\217",production,0,,,,,PENDING,0,0,0,0,,,,,,,,,,,,
"""\351\227\256\351\242\230\346\211\253\346\217\217/findings/G_GOV_GATE/p2/W5.md""",aux,no,"""\351\227\256\351\242\230\346\211\253\346\217\217",production,0,,,,,PENDING,0,0,0,0,,,,,,,,,,,,
"""\351\227\256\351\242\230\346\211\253\346\217\217/findings/H_NUMERIC/README.md""",aux,no,"""\351\227\256\351\242\230\346\211\253\346\217\217",production,0,,,,,PENDING,0,0,0,0,,,,,,,,,,,,
"""\351\227\256\351\242\230\346\211\253\346\217\217/findings/H_NUMERIC/p0/M2a_L04_L10.md""",aux,no,"""\351\227\256\351\242\230\346\211\253\346\217\217",production,0,,,,,PENDING,0,0,0,0,,,,,,,,,,,,
"""\351\227\256\351\242\230\346\211\253\346\217\217/findings/H_NUMERIC/p0/M3b_L06.md""",aux,no,"""\351\227\256\351\242\230\346\211\253\346\217\217",production,0,,,,,PENDING,0,0,0,0,,,,,,,,,,,,
"""\351\227\256\351\242\230\346\211\253\346\217\217/findings/H_NUMERIC/p0/M9_L24_L26.md""",aux,no,"""\351\227\256\351\242\230\346\211\253\346\217\217",production,0,,,,,PENDING,0,0,0,0,,,,,,,,,,,,
"""\351\227\256\351\242\230\346\211\253\346\217\217/findings/H_NUMERIC/p0/README.md""",aux,no,"""\351\227\256\351\242\230\346\211\253\346\217\217",production,0,,,,,PENDING,0,0,0,0,,,,,,,,,,,,
"""\351\227\256\351\242\230\346\211\253\346\217\217/findings/H_NUMERIC/p1/M1a_L01_L02.md""",aux,no,"""\351\227\256\351\242\230\346\211\253\346\217\217",production,0,,,,,PENDING,0,0,0,0,,,,,,,,,,,,
"""\351\227\256\351\242\230\346\211\253\346\217\217/findings/H_NUMERIC/p1/M2b_L03_L15.md""",aux,no,"""\351\227\256\351\242\230\346\211\253\346\217\217",production,0,,,,,PENDING,0,0,0,0,,,,,,,,,,,,
"""\351\227\256\351\242\230\346\211\253\346\217\217/findings/H_NUMERIC/p1/M3_L05_L07.md""",aux,no,"""\351\227\256\351\242\230\346\211\253\346\217\217",production,0,,,,,PENDING,0,0,0,0,,,,,,,,,,,,
"""\351\227\256\351\242\230\346\211\253\346\217\217/findings/H_NUMERIC/p1/M3b_L06.md""",aux,no,"""\351\227\256\351\242\230\346\211\253\346\217\217",production,0,,,,,PENDING,0,0,0,0,,,,,,,,,,,,
"""\351\227\256\351\242\230\346\211\253\346\217\217/findings/H_NUMERIC/p1/M5a_L11.md""",aux,no,"""\351\227\256\351\242\230\346\211\253\346\217\217",production,0,,,,,PENDING,0,0,0,0,,,,,,,,,,,,
"""\351\227\256\351\242\230\346\211\253\346\217\217/findings/H_NUMERIC/p1/M7_H_NUMERIC_p1.md""",aux,no,"""\351\227\256\351\242\230\346\211\253\346\217\217",production,0,,,,,PENDING,0,0,0,0,,,,,,,,,,,,
"""\351\227\256\351\242\230\346\211\253\346\217\217/findings/H_NUMERIC/p1/M9_L24_L26.md""",aux,no,"""\351\227\256\351\242\230\346\211\253\346\217\217",production,0,,,,,PENDING,0,0,0,0,,,,,,,,,,,,
"""\351\227\256\351\242\230\346\211\253\346\217\217/findings/H_NUMERIC/p1/README.md""",aux,no,"""\351\227\256\351\242\230\346\211\253\346\217\217",production,0,,,,,PENDING,0,0,0,0,,,,,,,,,,,,
"""\351\227\256\351\242\230\346\211\253\346\217\217/findings/H_NUMERIC/p1/V5.md""",aux,no,"""\351\227\256\351\242\230\346\211\253\346\217\217",production,0,,,,,PENDING,0,0,0,0,,,,,,,,,,,,
"""\351\227\256\351\242\230\346\211\253\346\217\217/findings/H_NUMERIC/p2/M2a_L04_L10.md""",aux,no,"""\351\227\256\351\242\230\346\211\253\346\217\217",production,0,,,,,PENDING,0,0,0,0,,,,,,,,,,,,
"""\351\227\256\351\242\230\346\211\253\346\217\217/findings/H_NUMERIC/p2/M2b_L03_L15.md""",aux,no,"""\351\227\256\351\242\230\346\211\253\346\217\217",production,0,,,,,PENDING,0,0,0,0,,,,,,,,,,,,
"""\351\227\256\351\242\230\346\211\253\346\217\217/findings/H_NUMERIC/p2/M4_L08_L09.md""",aux,no,"""\351\227\256\351\242\230\346\211\253\346\217\217",production,0,,,,,PENDING,0,0,0,0,,,,,,,,,,,,
"""\351\227\256\351\242\230\346\211\253\346\217\217/findings/H_NUMERIC/p2/M8_L22_L23.md""",aux,no,"""\351\227\256\351\242\230\346\211\253\346\217\217",production,0,,,,,PENDING,0,0,0,0,,,,,,,,,,,,
"""\351\227\256\351\242\230\346\211\253\346\217\217/findings/H_NUMERIC/p2/README.md""",aux,no,"""\351\227\256\351\242\230\346\211\253\346\217\217",production,0,,,,,PENDING,0,0,0,0,,,,,,,,,,,,
"""\351\227\256\351\242\230\346\211\253\346\217\217/findings/H_NUMERIC/p2/V2.md""",aux,no,"""\351\227\256\351\242\230\346\211\253\346\217\217",production,0,,,,,PENDING,0,0,0,0,,,,,,,,,,,,
"""\351\227\256\351\242\230\346\211\253\346\217\217/findings/I_DOC_HYGIENE/README.md""",aux,no,"""\351\227\256\351\242\230\346\211\253\346\217\217",production,0,,,,,PENDING,0,0,0,0,,,,,,,,,,,,
"""\351\227\256\351\242\230\346\211\253\346\217\217/findings/I_DOC_HYGIENE/p0/README.md""",aux,no,"""\351\227\256\351\242\230\346\211\253\346\217\217",production,0,,,,,PENDING,0,0,0,0,,,,,,,,,,,,
"""\351\227\256\351\242\230\346\211\253\346\217\217/findings/I_DOC_HYGIENE/p1/FD_providers_dual_meaning.md""",aux,no,"""\351\227\256\351\242\230\346\211\253\346\217\217",production,0,,,,,PENDING,0,0,0,0,,,,,,,,,,,,
"""\351\227\256\351\242\230\346\211\253\346\217\217/findings/I_DOC_HYGIENE/p1/M3_L05_L07.md""",aux,no,"""\351\227\256\351\242\230\346\211\253\346\217\217",production,0,,,,,PENDING,0,0,0,0,,,,,,,,,,,,
"""\351\227\256\351\242\230\346\211\253\346\217\217/findings/I_DOC_HYGIENE/p1/M5a_L11.md""",aux,no,"""\351\227\256\351\242\230\346\211\253\346\217\217",production,0,,,,,PENDING,0,0,0,0,,,,,,,,,,,,
"""\351\227\256\351\242\230\346\211\253\346\217\217/findings/I_DOC_HYGIENE/p1/M5b_L12_L17.md""",aux,no,"""\351\227\256\351\242\230\346\211\253\346\217\217",production,0,,,,,PENDING,0,0,0,0,,,,,,,,,,,,
"""\351\227\256\351\242\230\346\211\253\346\217\217/findings/I_DOC_HYGIENE/p1/M6a_L13_L14.md""",aux,no,"""\351\227\256\351\242\230\346\211\253\346\217\217",production,0,,,,,PENDING,0,0,0,0,,,,,,,,,,,,
"""\351\227\256\351\242\230\346\211\253\346\217\217/findings/I_DOC_HYGIENE/p1/M6b_L16_L18.md""",aux,no,"""\351\227\256\351\242\230\346\211\253\346\217\217",production,0,,,,,PENDING,0,0,0,0,,,,,,,,,,,,
"""\351\227\256\351\242\230\346\211\253\346\217\217/findings/I_DOC_HYGIENE/p1/M7_I_DOC_HYGIENE_p1.md""",aux,no,"""\351\227\256\351\242\230\346\211\253\346\217\217",production,0,,,,,PENDING,0,0,0,0,,,,,,,,,,,,
"""\351\227\256\351\242\230\346\211\253\346\217\217/findings/I_DOC_HYGIENE/p1/README.md""",aux,no,"""\351\227\256\351\242\230\346\211\253\346\217\217",production,0,,,,,PENDING,0,0,0,0,,,,,,,,,,,,
"""\351\227\256\351\242\230\346\211\253\346\217\217/findings/I_DOC_HYGIENE/p2/M1a_L01_L02.md""",aux,no,"""\351\227\256\351\242\230\346\211\253\346\217\217",production,0,,,,,PENDING,0,0,0,0,,,,,,,,,,,,
"""\351\227\256\351\242\230\346\211\253\346\217\217/findings/I_DOC_HYGIENE/p2/M2a_L04_L10.md""",aux,no,"""\351\227\256\351\242\230\346\211\253\346\217\217",production,0,,,,,PENDING,0,0,0,0,,,,,,,,,,,,
"""\351\227\256\351\242\230\346\211\253\346\217\217/findings/I_DOC_HYGIENE/p2/M3_L05_L07.md""",aux,no,"""\351\227\256\351\242\230\346\211\253\346\217\217",production,0,,,,,PENDING,0,0,0,0,,,,,,,,,,,,
"""\351\227\256\351\242\230\346\211\253\346\217\217/findings/I_DOC_HYGIENE/p2/M3b_L06.md""",aux,no,"""\351\227\256\351\242\230\346\211\253\346\217\217",production,0,,,,,PENDING,0,0,0,0,,,,,,,,,,,,
"""\351\227\256\351\242\230\346\211\253\346\217\217/findings/I_DOC_HYGIENE/p2/M5a_L11.md""",aux,no,"""\351\227\256\351\242\230\346\211\253\346\217\217",production,0,,,,,PENDING,0,0,0,0,,,,,,,,,,,,
"""\351\227\256\351\242\230\346\211\253\346\217\217/findings/I_DOC_HYGIENE/p2/M5b_L12_L17.md""",aux,no,"""\351\227\256\351\242\230\346\211\253\346\217\217",production,0,,,,,PENDING,0,0,0,0,,,,,,,,,,,,
"""\351\227\256\351\242\230\346\211\253\346\217\217/findings/I_DOC_HYGIENE/p2/M6a_L13_L14.md""",aux,no,"""\351\227\256\351\242\230\346\211\253\346\217\217",production,0,,,,,PENDING,0,0,0,0,,,,,,,,,,,,
"""\351\227\256\351\242\230\346\211\253\346\217\217/findings/I_DOC_HYGIENE/p2/M6b_L16_L18.md""",aux,no,"""\351\227\256\351\242\230\346\211\253\346\217\217",production,0,,,,,PENDING,0,0,0,0,,,,,,,,,,,,
"""\351\227\256\351\242\230\346\211\253\346\217\217/findings/I_DOC_HYGIENE/p2/M7_I_DOC_HYGIENE_p2.md""",aux,no,"""\351\227\256\351\242\230\346\211\253\346\217\217",production,0,,,,,PENDING,0,0,0,0,,,,,,,,,,,,
"""\351\227\256\351\242\230\346\211\253\346\217\217/findings/I_DOC_HYGIENE/p2/M8_L22_L23.md""",aux,no,"""\351\227\256\351\242\230\346\211\253\346\217\217",production,0,,,,,PENDING,0,0,0,0,,,,,,,,,,,,
"""\351\227\256\351\242\230\346\211\253\346\217\217/findings/I_DOC_HYGIENE/p2/M8a_L25_L27.md""",aux,no,"""\351\227\256\351\242\230\346\211\253\346\217\217",production,0,,,,,PENDING,0,0,0,0,,,,,,,,,,,,
"""\351\227\256\351\242\230\346\211\253\346\217\217/findings/I_DOC_HYGIENE/p2/README.md""",aux,no,"""\351\227\256\351\242\230\346\211\253\346\217\217",production,0,,,,,PENDING,0,0,0,0,,,,,,,,,,,,
"""\351\227\256\351\242\230\346\211\253\346\217\217/findings/J_FS_PUBLISH/p1/W4.md""",aux,no,"""\351\227\256\351\242\230\346\211\253\346\217\217",production,0,,,,,PENDING,0,0,0,0,,,,,,,,,,,,
"""\351\227\256\351\242\230\346\211\253\346\217\217/findings/J_FS_PUBLISH/p2/W4-b.md""",aux,no,"""\351\227\256\351\242\230\346\211\253\346\217\217",production,0,,,,,PENDING,0,0,0,0,,,,,,,,,,,,
"""\351\227\256\351\242\230\346\211\253\346\217\217/findings/J_FS_PUBLISH/p2/W4.md""",aux,no,"""\351\227\256\351\242\230\346\211\253\346\217\217",production,0,,,,,PENDING,0,0,0,0,,,,,,,,,,,,
"""\351\227\256\351\242\230\346\211\253\346\217\217/\350\264\246\346\234\254/FIX_LEDGER.csv""",aux,no,"""\351\227\256\351\242\230\346\211\253\346\217\217",production,0,,,,,PENDING,0,0,0,0,,,,,,,,,,,,
"""\351\227\256\351\242\230\346\211\253\346\217\217/\350\264\246\346\234\254/FIX_LEDGER.jsonl""",aux,no,"""\351\227\256\351\242\230\346\211\253\346\217\217",production,0,,,,,PENDING,0,0,0,0,,,,,,,,,,,,
"""\351\227\256\351\242\230\346\211\253\346\217\217/\350\264\246\346\234\254/FIX_LEDGER.md""",aux,no,"""\351\227\256\351\242\230\346\211\253\346\217\217",production,0,,,,,PENDING,0,0,0,0,,,,,,,,,,,,
"""\351\227\256\351\242\230\346\211\253\346\217\217/\350\264\246\346\234\254/README.md""",aux,no,"""\351\227\256\351\242\230\346\211\253\346\217\217",production,0,,,,,PENDING,0,0,0,0,,,,,,,,,,,,
