path,size_bytes,sha256,type,module,shipping
.clang-format,433,09d23491704d6dfecdbb579f46215c94e7eb9f52ec1543c4fe7bb771ce22aae1,root,root,no
.editorconfig,261,1e99ed6fc74760d719406be71aca627d4758479aee313fe584f17bb4321ec1ac,root,root,no
.gitattributes,409,dfee8a722364cd168c34fdcab6e34f35eb867f9881a920aab9bba82420f366b5,root,root,no
.github/workflows/ci-linux.yml,9128,f2315cb08fd131d8700d018f8558d2accd4d2e460a621e21c40465ea76c84956,aux,.github,no
.github/workflows/ci-windows.yml,9492,0920c854e9dde644c6931d42d518522324568f87564001c7036007d9eba4f3ad,aux,.github,no
.github/workflows/fatduck-admin.yml,693,6953ba6aba32f83833446c8fda7857af6c1fb637d3d2d5b044f921111e0f6ed8,aux,.github,no
.github/workflows/fatduck.yml,11179,c4dd1f4373e7ae77bb82f9fd33b62c8902bbf0b9fc17369edbbd93161da18346,aux,.github,no
.gitignore,5000,751f2c4bdd5c522c8a6cbf15464cded1c4a4d5ff8798992ab5dc41a486c2be00,root,root,no
ACCEPTANCE_SPEC.md,28984,b6802c9ebb5d3a6a814cab50a60bdf79162c768186e4d07b0e3ac2cc2e09b147,aux,ACCEPTANCE_SPEC.md,no
AGENTS.md,16075,f7e4aa6c3230cdf150fd09f516e028db4282bbfc44165678d763cd81398fdb0e,root,root,no
ASTROCS_DESIGN.md,76004,1b23a98548109c50ca764fdf03a35af1796e3b09af4d77ec2651c061a777a7b6,aux,ASTROCS_DESIGN.md,no
CMakeLists.txt,79261,f3270e04e3f844abd73ca0e4bc550dd38392a5267917b5bf73e1e67a42cba1dd,aux,CMakeLists.txt,no
CMakePresets.json,4926,ce3c496eaf243f467f8eb29202357668dc32acafd197e47f2bb75a0d7b86a823,aux,CMakePresets.json,no
CONTROL_PACK_SPEC.md,9439,746d99d3b7a2c7692cfac33abd0fd5f926b6abe2c6bd9dd78213007f2189f054,aux,CONTROL_PACK_SPEC.md,no
DEPENDENCIES.md,6185,f29489a8383ed1ac896300f9de00c6568e98fc3350a08222cbf0d59e9df7fab8,aux,DEPENDENCIES.md,no
ENGINEERING_SPEC.md,23068,861dcc2be46449cba3bc7a0c65392c00a1b97b2bef0c84088d61316a6e45ceb4,aux,ENGINEERING_SPEC.md,no
FATDUCK_ACCESS.md,2153,4e1d653a46143e478a5b0f9d1d2701d7e2930352936c2b4b9336ddecc17e373a,aux,FATDUCK_ACCESS.md,no
README.md,8794,1c339ad6ea096a1adbe569348457bfe157cc90a209e9b5ca1b2a8cb56a48dbcc,root,root,no
VERSION,14,ed41d33f787456abe92ea03b820e4c832b1e2b9e6867242eaea03258bae8d119,aux,VERSION,no
artifacts/acceptance/L2/G-RES-01.json,1458,236bcae955c49a0aac936b080ac0775b64cb57fca005b99b165f90287cd4919e,aux,artifacts,no
artifacts/acceptance/L3/EVIDENCE.json,1350,f10d9732c675a2a9dd90f8b85b295b753131d0de7c4fc372c86e4d14d860b65f,aux,artifacts,no
artifacts/acceptance/L4/STATUS.json,533,72596819a926b9dd46c73a03437837b53b0143e31b58085914b0c2fb5ce014d3,aux,artifacts,no
artifacts/acceptance/l2_performance/README.md,5368,6cfadcc33e46583838f435e52b13e74a8359fa943c7b171dac4e7534a247c24c,aux,artifacts,no
artifacts/acceptance/l2_performance/ab2f_ab.json,1920,1c092c14866bc4cdc140f3d70bd27968ae65158c5a51826ac935874a46527d38,aux,artifacts,no
artifacts/acceptance/l2_performance/alloc_reports/fix2f_w16_alloc_report.json,846,61f832a7b1251777623f91e086b43c6b27ca08ad23bcbad0d4e2960fbd8004e2,aux,artifacts,no
artifacts/acceptance/l2_performance/alloc_reports/fix2f_w1_alloc_report.json,846,1e50c37f677f00bc3f518d83dbb5ab7507e7a29002bd82ae47c77aaf7ce0049a,aux,artifacts,no
artifacts/acceptance/l2_performance/alloc_reports/fix2f_w4_alloc_report.json,844,168348ef0ca73d2d4438998fd6519becc27f2c2332b8e1f5b2485b14c972c62b,aux,artifacts,no
artifacts/acceptance/l2_performance/alloc_reports/real16_lock1_w16_alloc_report.json,853,a3b5307ae400f570162df556d2d9a2018bd38934e881b27626a4bd2d5d57fe2c,aux,artifacts,no
artifacts/acceptance/l2_performance/alloc_reports/real16_w16_alloc_report.json,853,49cb4aa7095ac78fc6dcb2bd09ff4e17ba44eb316b6b7bbf5acd8253057cca49,aux,artifacts,no
artifacts/acceptance/l2_performance/alloc_reports/real16_w1_alloc_report.json,852,44421150405a70d8beac4826bfb85b6db3267dd337c385c80c5b5a89510807c4,aux,artifacts,no
artifacts/acceptance/l2_performance/alloc_reports/real16_w4_alloc_report.json,852,b1a649bdf6eb330dc3384fa1f12f400cdca03f3e1e46d30345cc12a2df21c34f,aux,artifacts,no
artifacts/acceptance/l2_performance/alloc_reports/real4_w16_alloc_report.json,850,4c597b689e642912453ab45534c632f48530586fe756225001cf8670407a32d3,aux,artifacts,no
artifacts/acceptance/l2_performance/alloc_reports/real8_w16_alloc_report.json,854,9d503a8e3b3d49f784ef640ffc9e25cfbabfbedbd0a342b47806ed0faee77aab,aux,artifacts,no
artifacts/acceptance/l2_performance/alloc_reports/v1b2f_w16_alloc_report.json,848,2f04d3d0f280d026569389a5bdd94d6b662853cd0074e907da395f3b51e8e427,aux,artifacts,no
artifacts/acceptance/l2_performance/alloc_reports/v1locked2f_w16_alloc_report.json,848,62a40506e6534b5038b13a48b17b3540cc9ecdba6a5332f3ec175c999b47e53d,aux,artifacts,no
artifacts/acceptance/l2_performance/gaia_external_requests.json,1641,2f38c8f0f93f0f12fe9296aeb442e2abf213801dc1a8685ff6c859a53ff9622e,aux,artifacts,no
artifacts/acceptance/l2_performance/gates/fix2f_w16_gate.json,58029,1e52002e23634c689cf6e344f55815df2f7b993cd49c8eec04965b7c047b5034,aux,artifacts,no
artifacts/acceptance/l2_performance/gates/fix2f_w1_gate.json,86267,2be8808a74e8fdffb8f57fbd192361b20e3059566f3afd95ac17bb469f539004,aux,artifacts,no
artifacts/acceptance/l2_performance/gates/fix2f_w4_gate.json,70341,647d8f4634712437a9773b8fe149702e9083be8faf97ed849cd505d460598f3f,aux,artifacts,no
artifacts/acceptance/l2_performance/gates/real16_lock1_w16_gate.json,358951,89b1d6ef8ed2f3b056afe3a1b6eaaae076eaae24d870423f55d88cff0cb6f64f,aux,artifacts,no
artifacts/acceptance/l2_performance/gates/real16_w16_gate.json,365187,09858015212f05da52060b082ba12086d7e1561bd199675d380225c37eb2c434,aux,artifacts,no
artifacts/acceptance/l2_performance/gates/real16_w1_gate.json,904892,2ab1af8013a62dfc9ec9948ca78ff04df5644dff644c6db16bee59f6c1ece8da,aux,artifacts,no
artifacts/acceptance/l2_performance/gates/real16_w4_gate.json,493643,91814f03cfb404c61cf542b4057b4c39ea07dd29e088809ebb73d5450023fc23,aux,artifacts,no
artifacts/acceptance/l2_performance/gates/real4_w16_gate.json,92440,a0e0e236142a676f3beee2ff9c0f4131d4b62742560d6939753873da16270967,aux,artifacts,no
artifacts/acceptance/l2_performance/gates/real8_w16_gate.json,175629,21504dba23fbfeddb2e68e2aa1b298e993a3a37cdb1c82360fe3b738e0bb7c20,aux,artifacts,no
artifacts/acceptance/l2_performance/gates/v1b2f_w16_gate.json,50562,940d21b3f302c3daa0e253ac599ad65fa22d01a6e346cbac3f503e8e3f09d21a,aux,artifacts,no
artifacts/acceptance/l2_performance/gates/v1locked2f_w16_gate.json,52804,66b2d108ba27f31d8650143205e55007bb051ff74e9b8d05878c97d1ac1cc767,aux,artifacts,no
artifacts/acceptance/l2_performance/machine_fingerprint.json,351,7f4ef4cf953c2fb8e9cb681d717ac7be79add8f441fd761587a6c93f25fcef66,aux,artifacts,no
artifacts/acceptance/l2_performance/probes/fix2f_w1.probe.jsonl,61177,4cd0fb4dc3ea3bf7af29dea066b6fc1ab3017a1f13e720392931b9bb961d6223,aux,artifacts,no
artifacts/acceptance/l2_performance/probes/fix2f_w16.probe.jsonl,63198,8ffbd7f151c3741efedb92f97df5a9e8dff6ad3a7cef789a022d542651bcafc0,aux,artifacts,no
artifacts/acceptance/l2_performance/probes/fix2f_w4.probe.jsonl,61384,5e7a2ed1a6e26089557e34d754718652daf29a68ddcb523051f2cf1a13702378,aux,artifacts,no
artifacts/acceptance/l2_performance/probes/real16_lock1_w16.probe.jsonl,392154,52bcacf8ae73e2bf2c2f40706824843ea3c23953079413672fec3c7058e3e6b8,aux,artifacts,no
artifacts/acceptance/l2_performance/probes/real16_w1.probe.jsonl,383926,20aba4de2fb1adfbd3ca3fb3d57d0dfea3673df0430b87f4902a90087aa384b4,aux,artifacts,no
artifacts/acceptance/l2_performance/probes/real16_w16.probe.jsonl,392199,7aab4150118d0e62594d05ccf87a527feb7caf07de13d4ef794580889fbab3f5,aux,artifacts,no
artifacts/acceptance/l2_performance/probes/real16_w4.probe.jsonl,386259,7b57274a97f865ea9f239c0b03689cc04405b40b4899cd032aa5d5da9a68929f,aux,artifacts,no
artifacts/acceptance/l2_performance/probes/real4_w16.probe.jsonl,115700,e5fe56a820217195b6952830153b454e8e84f0d46849ce188b6c67d74b7bf95d,aux,artifacts,no
artifacts/acceptance/l2_performance/probes/real8_w16.probe.jsonl,203235,15db7763df2dd878fac31f42e54f62ca2de68dd0c143cd76226c069ae24167ad,aux,artifacts,no
artifacts/acceptance/l2_performance/probes/v1locked2f_w16.probe.jsonl,63200,a7d0cf754d88ac67d098c057f0e2be27194e73bb9bf72acb433fb18a5577be44,aux,artifacts,no
artifacts/acceptance/l2_performance/real16_bitwise_bitwise.json,757,75252b42da48cecd6ce9b770de1f72484625418ab42f428588e1b8ad7f82b893,aux,artifacts,no
artifacts/acceptance/l2_performance/real16_bitwise_cmp/compare_report.json,157874,b2f7955040326bcaedc818eeb567ccdb09534158ddf607f5518b0fd85e83fa4b,aux,artifacts,no
artifacts/acceptance/l2_performance/real16_bitwise_cmp/compare_summary.md,3293,f6cdf4e27b287709e96a3fcd9c16fff9322c87dd4c070fe1a0b3b93f279ecc01,aux,artifacts,no
artifacts/acceptance/l2_performance/real16_bitwise_verdict.json,1335,b8a15e45c74de1b0a309d2144b844ceee46e48e0654c3c3d164c40095189e95a,aux,artifacts,no
artifacts/acceptance/l2_performance/resource_summaries/fix2f_w1.json,1361,eef5e9595c1d42ff15cea9a5323fbcad8a4e27b8e3c79b606f652e516870caaf,aux,artifacts,no
artifacts/acceptance/l2_performance/resource_summaries/fix2f_w16.json,1365,caf7b8ff5dbfeef3d7249a38fc595fa1a82e0c15095769e88569dd7f17a20239,aux,artifacts,no
artifacts/acceptance/l2_performance/resource_summaries/fix2f_w4.json,1359,a7b671d0de9fea90ba856adb8f6e09254d683bc7fe70d3630b0bb26af03345a9,aux,artifacts,no
artifacts/acceptance/l2_performance/resource_summaries/real16_lock1_w16.json,1412,c5fa579ed7927d9e78ed0799c205d917b21d2caa6694028f768ebd69102f04cb,aux,artifacts,no
artifacts/acceptance/l2_performance/resource_summaries/real16_w1.json,1377,feb3fe93c162aaef9a1b554c5f640a1c27619846906f95c507c59bb8aaed25e4,aux,artifacts,no
artifacts/acceptance/l2_performance/resource_summaries/real16_w16.json,1384,c7300f944403fdd0c25caa440b1b53fb57d951a258336d25f4e47d491e1db5f2,aux,artifacts,no
artifacts/acceptance/l2_performance/resource_summaries/real16_w4.json,1378,1dd43951e201efdb701246b15f22e5c4096a069b5980694984cfb75cfafb3533,aux,artifacts,no
artifacts/acceptance/l2_performance/resource_summaries/real4_w16.json,1381,c311533a6de9046167ec06dfc7fe198b91f7735f873229df88a4140b6b7036d7,aux,artifacts,no
artifacts/acceptance/l2_performance/resource_summaries/real8_w16.json,1383,9c2e12bb55b3ea483e6903d58a72a84455512b818e19c7239493026b728f4fd1,aux,artifacts,no
artifacts/acceptance/l2_performance/resource_summaries/v1b2f_w16.json,1401,d8a5d4c21cea486a654a08ce55852ebd42cb162a6f6afb6873fe8c35165a97fc,aux,artifacts,no
artifacts/acceptance/l2_performance/resource_summaries/v1locked2f_w16.json,1380,60b57c0d1977f5ba3c77bdf21b39fceefa1f0ea18f536b8b569fb605e5e717c4,aux,artifacts,no
artifacts/acceptance/l2_performance/summary.json,15061,59710fbed30bc9c397329ebd12bbd168d386b83fd5df021d9e35d4bb06872678,aux,artifacts,no
artifacts/acceptance/l2_performance/timeseries/fix2f_w16_resource_timeseries.csv,8254,480c0385ec6b944f52414e321571f8c19de3ab92f6b1f2148345ade9ded66869,aux,artifacts,no
artifacts/acceptance/l2_performance/timeseries/fix2f_w1_resource_timeseries.csv,10312,47b909a410e08a66a1d1bd8bc5b83f91977f6b53ee50a529f6ac548225d00a8e,aux,artifacts,no
artifacts/acceptance/l2_performance/timeseries/fix2f_w4_resource_timeseries.csv,8830,e60d3b7091d015da1360400a6e793b49ed29e14eb4016f0f22504d427f03823d,aux,artifacts,no
artifacts/acceptance/l2_performance/timeseries/real16_lock1_w16_resource_timeseries.csv,69655,67cba760647cd3d0e9db13f4932d4f78c49979ee20d32f45154059517147cd2e,aux,artifacts,no
artifacts/acceptance/l2_performance/timeseries/real16_w16_resource_timeseries.csv,69396,99a8277ac09339f30cb293669805de5e1a4fce1aa0db37d2867b4d63ca33675d,aux,artifacts,no
artifacts/acceptance/l2_performance/timeseries/real16_w1_resource_timeseries.csv,149008,c32a9a5e1cbc29431ac2051acca46b5c97a2bb0d1c4d48fed0bc4fb7d090f1b7,aux,artifacts,no
artifacts/acceptance/l2_performance/timeseries/real16_w4_resource_timeseries.csv,84167,62f18260f1a6240d6e168c325a36c0544ec56abd23206586252d580d7df9dccb,aux,artifacts,no
artifacts/acceptance/l2_performance/timeseries/real4_w16_resource_timeseries.csv,15485,e1a6cbd411b2ebaa5c8f4674a7000e2a3329700fb3cdf5cf9d9d200908317064,aux,artifacts,no
artifacts/acceptance/l2_performance/timeseries/real8_w16_resource_timeseries.csv,31743,d184f74bf82e9650665f3fa7849f6e92fb3c39c36db168b529986afe8cc3a02e,aux,artifacts,no
artifacts/acceptance/l2_performance/timeseries/v1b2f_w16_resource_timeseries.csv,7109,02640645cca9c1c203d1560c3370ca34d126723e5a292f9a18267dec1f265170,aux,artifacts,no
artifacts/acceptance/l2_performance/timeseries/v1locked2f_w16_resource_timeseries.csv,7690,b73858f28761b7848d084ae4f0baf16325cad143174244e24c06a358450acf48,aux,artifacts,no
artifacts/acceptance/l2_performance/worker_balance/fix2f_w16_worker_balance.csv,1564,afffb9f04890213534b0682b5641d4f7d899b9eb2693709eb26bb3da414d5174,aux,artifacts,no
artifacts/acceptance/l2_performance/worker_balance/fix2f_w1_worker_balance.csv,1795,e03d7778cbc59077f93f29a903f76c96ff867496e0cf7e4eaf93790be016f49b,aux,artifacts,no
artifacts/acceptance/l2_performance/worker_balance/fix2f_w4_worker_balance.csv,1591,c6c9d475e092a788d3b648fa1eb6dd01de2b1226a5bae8b35d690a9319536287,aux,artifacts,no
artifacts/acceptance/l2_performance/worker_balance/real16_lock1_w16_worker_balance.csv,13204,e9539b7d7e32cc58398554413a5a208b1a20d3ba91e818844e97f73c447cef97,aux,artifacts,no
artifacts/acceptance/l2_performance/worker_balance/real16_w16_worker_balance.csv,13444,de865b67158fd1d06b7a27d1f47890fa0918a9a82db83fbfa43c0cac71adffab,aux,artifacts,no
artifacts/acceptance/l2_performance/worker_balance/real16_w1_worker_balance.csv,27024,ad8cc9fc7ea60cd4e3f46fa24593d039c251d700123883bcc8cb6014eaa377eb,aux,artifacts,no
artifacts/acceptance/l2_performance/worker_balance/real16_w4_worker_balance.csv,15090,d86d33dd40876174b109e97fa63bc8e1bc10c77bd37dfc630f1373b8a06dba17,aux,artifacts,no
artifacts/acceptance/l2_performance/worker_balance/real4_w16_worker_balance.csv,2951,2dff8c9eada79b5583503c1938ca286c534ef3026b626691535ed9647fb8862c,aux,artifacts,no
artifacts/acceptance/l2_performance/worker_balance/real8_w16_worker_balance.csv,6184,0c02601922b20c4d89d6178d6f69ecadd42c84ac0530ff754148e7720ddb8b9d,aux,artifacts,no
artifacts/acceptance/l2_performance/worker_balance/v1b2f_w16_worker_balance.csv,1355,f11638bdc28e617ba98771b0e1997ae5e16052439ba62648e1490b41e2650127,aux,artifacts,no
artifacts/acceptance/l2_performance/worker_balance/v1locked2f_w16_worker_balance.csv,1469,7a2a8765aa05310f4d326f622d3c38b5ea52e25bb672886dc1bbb6d87a31143e,aux,artifacts,no
artifacts/evidence/README.md,3141,2a2ad6b245b56d697633758024402bde35fb196111723396a5428dc9c911a196,aux,artifacts,no
artifacts/evidence/audit-2026-01/FIX_LEDGER.csv,910430,f7d8eb5b59da705573d3abeb1c0611189071223d058b9e69e7a802ed9094d4ae,aux,artifacts,no
artifacts/evidence/audit-2026-01/OWNER_DECISIONS.md,48849,9f17932cef77fee2f8a7bd7849ac29f906a3c7b2f188801a9f82b981e64cd5c8,aux,artifacts,no
artifacts/evidence/audit-2026-01/README.md,1126,37cd4f71915dedb5490b101aafc3a1230623cd1971c81b1685ce258df2fa73b1,aux,artifacts,no
artifacts/evidence/audit-2026-01/ROOT_CAUSES.md,31021,d1d13d950c1afb0e29174fd3828efa738f0ae65fa79e10079ed45e49ba5104d1,aux,artifacts,no
artifacts/evidence/compress-01/MANIFEST.sha256,2355,9a436482471e757684ddb936c4b67e7811a80c994d87785a773ddce9e4854c4a,aux,artifacts,no
artifacts/evidence/compress-01/acc_roundtrip.json,250251,c7335f39a3d474f23b42d025268032dc8e9059e549553c3795e44aa0852e0876,aux,artifacts,no
artifacts/evidence/compress-01/code/acc_roundtrip.py,9135,7a0c7647347b9ce42e51b479ba5e0f6210065e82d38d76ff5069ae0ddea87557,aux,artifacts,no
artifacts/evidence/compress-01/code/analyze.py,5947,85b6a180a85db88131212f894d4ecf7b8556149ca3f5d40b12a28e5a6e6dc059,aux,artifacts,no
artifacts/evidence/compress-01/code/build.sh,371,5729735c151da6c8b34bad23a6a7b30dc87583cfad758324cb39dfdcff205023,aux,artifacts,no
artifacts/evidence/compress-01/code/diag_cfitsio.c,2107,381213d0413269e2599763731df23e81522cb595e3e5463660554eeade9a04eb,aux,artifacts,no
artifacts/evidence/compress-01/code/disk_bench.sh,832,a6215cb61ca2ea4e629230655db1d89b3443d0403c2fc21472408a385f57bae5,aux,artifacts,no
artifacts/evidence/compress-01/code/extract_corpus.py,4786,8f2f34308a65f66fd6e06b6055851ce1094e38d4d9eb811829de395d6a6c78fe,aux,artifacts,no
artifacts/evidence/compress-01/code/fill_scan.py,2764,7ade65fe672f8961b2b7f97ef497249b19d87a6877238e3e3e54ef252c1b22b2,aux,artifacts,no
artifacts/evidence/compress-01/code/fits_bench.c,7905,c4bf1356bef2a0a7ba804792849a78e68d4a059e36306d2b0f8fce31b10cc7e0,aux,artifacts,no
artifacts/evidence/compress-01/code/fits_loss.c,3247,be2384f620800b6839f125e3aff9b1685a13fdc7cc30d0d9852d371b31b85e4b,aux,artifacts,no
artifacts/evidence/compress-01/code/make_filelist.py,1333,cc24f0a855c8070f52fba947696f2579eabdea21b1bec868580d406ae1243a99,aux,artifacts,no
artifacts/evidence/compress-01/code/product_level.py,2852,9deeb71095a560cc7b228a2a13ec5c599749cc59addf272d4ee1bde3766bbf11,aux,artifacts,no
artifacts/evidence/compress-01/code/py_bench.py,2048,c5b2ddba53ff4bd0604ae20bc1f3b5ff3257f06f0e8850049f9502fb1c261c6e,aux,artifacts,no
artifacts/evidence/compress-01/code/rt_diff.c,3235,7f2ae79b2ac527ca4f5114de33521e7e8de745c817b99c56fcbdeb68b88356d1,aux,artifacts,no
artifacts/evidence/compress-01/code/run_bench.sh,1762,1cc22c359d813e240306ad66ab832c3b640aee1e22fd9546290f8a0e7d4c4496,aux,artifacts,no
artifacts/evidence/compress-01/code/run_bench2.sh,1530,9050cc211f0e9980d5d21b3c5b9132a8e45ef903fc8e0f17901b7f0b845968e4,aux,artifacts,no
artifacts/evidence/compress-01/code/run_bench3.sh,1197,fa9bfc4ed58380012dec8246a3926f7a41cf3874f8f1e7370a74b79d07359653,aux,artifacts,no
artifacts/evidence/compress-01/code/trim_scan.py,2909,f89fc403c86028749072313ead3bc2390eeec236dce70dbb4a629f304f126e8d,aux,artifacts,no
artifacts/evidence/compress-01/code/zstd_bench.c,4996,ed0df7e1175a20db2db0849569a6d44cada0c255bf1a0308f7c2e0f8f791916a,aux,artifacts,no
artifacts/evidence/compress-01/fill_scan.json,769825,2ca3da3ee6f6c10190b859e3e93b426e0b3825015393cbf29e6589446f4fdcc0,aux,artifacts,no
artifacts/evidence/compress-01/final_numbers.json,3341,03f9cbb07cc6f49443b9a1bdfa9b6c8bd5d38282c2328b8b9f23292e39e2396d,aux,artifacts,no
artifacts/evidence/compress-01/product_level.json,13299,3c30896d17f196c3e34be570f96093d764ba6b3b058bca0822a3ace56d526acc,aux,artifacts,no
artifacts/evidence/compress-01/trim_scan.json,317326,ed4d7fb27744b7de393232109b67757b378f55b34edb3644f14a1ac009d83dc2,aux,artifacts,no
artifacts/evidence/compress-01/verify/final_numbers.py,5104,c8f2e58298a9d0f6fb887249a7ed4eddafe6e4a8fd582c5aeffdc8e31aeb7879,aux,artifacts,no
artifacts/evidence/doc-hygiene/baseline.json,29880,b0a84d98047593b7012a2db04d3ee460477875cb10ae6008189f8616de7ea1d0,aux,artifacts,no
"""artifacts/evidence/governance-01/research/DOC-SCI-001_\346\217\222\344\273\266\346\226\207\346\241\243\344\270\216\347\247\221\345\255\246\346\235\203\345\250\201\345\206\262\347\252\201\350\243\201\345\206\263.md""",0,MISSING,aux,"""artifacts",no
"""artifacts/evidence/governance-01/research/MASK-001_\346\216\251\350\206\234\350\257\255\344\271\211\351\207\215\346\226\260\346\216\250\345\257\274.md""",0,MISSING,aux,"""artifacts",no
"""artifacts/evidence/governance-01/research/R-1_\346\212\225\345\275\261WCS\346\225\260\345\255\246\346\255\243\347\241\256\346\200\247.md""",0,MISSING,aux,"""artifacts",no
"""artifacts/evidence/governance-01/research/R-2_phase2\346\235\203\351\207\215\344\270\216UPM\350\257\255\344\271\211.md""",0,MISSING,aux,"""artifacts",no
"""artifacts/evidence/governance-01/research/R-3_PSF\350\264\250\345\277\203\347\247\221\345\255\246\351\227\250\344\270\216\345\256\271\345\267\256.md""",0,MISSING,aux,"""artifacts",no
"""artifacts/evidence/governance-01/research/R-4_\350\265\204\346\272\220\351\227\250\344\270\216\350\247\202\346\265\213\346\235\203\345\250\201\350\220\275\347\202\271.md""",0,MISSING,aux,"""artifacts",no
"""artifacts/evidence/governance-01/research/R-5_\345\231\252\345\243\260SNR\344\270\216\347\273\237\350\256\241\345\217\243\345\276\204.md""",0,MISSING,aux,"""artifacts",no
"""artifacts/evidence/governance-01/research/R-6_\351\227\250\347\246\201\346\255\243\345\275\223\346\200\247\346\200\273\345\256\241\350\243\201\345\206\263\347\231\273\350\256\260\351\235\242.md""",0,MISSING,aux,"""artifacts",no
"""artifacts/evidence/governance-01/research/R-7_AIO_HIPS_ABI\344\270\216\347\262\276\345\272\246.md""",0,MISSING,aux,"""artifacts",no
artifacts/evidence/governance-01/retire/RETIREMENT_LEDGER.md,18339,62cb672345d3942c13cef56d6b508eeff328b5269aa2d7ff09972a47ebab48d6,aux,artifacts,no
artifacts/evidence/governance-01/security/EXPOSURE_NOTE.md,10953,1cd0a8e222c88b727c2aa82926cb16e16618b489a49e03bfbb60d7d707c890c4,aux,artifacts,no
artifacts/evidence/known-limitations-ledger/LEDGER.md,30671,19de7fe252d8b8e63930981c2f48e972af72c22b8150486fe959a0d919ef52d3,aux,artifacts,no
artifacts/evidence/prerelease-v5/ISA-001/MEASUREMENTS.csv,194,63e52a2f7a8e65f34a478a3262a40c391136f367d209968fe702525f7e9ffe6e,aux,artifacts,no
artifacts/evidence/prerelease-v5/ISA-002/MEASUREMENTS.csv,279,b1938f373ecd5c2d4dc24439c865f47d4f0018dbdcb8ce61a46d30076f48f432,aux,artifacts,no
artifacts/evidence/prerelease-v5/ISA-003/MEASUREMENTS.csv,231,e9b853b2a46f0881af3d9771ceb5a4ded9cfb1fe4b15ed9f391ea69c690e3a87,aux,artifacts,no
artifacts/evidence/reaudit-v3/v3_exec/CON006_blocker.md,2172,a575426119f0fdac1e9aa51d38c6382dfe3cdb9485986649979bdc611c2868ad,aux,artifacts,no
artifacts/evidence/reaudit-v3/v3_exec/CON009_tsan_finding.md,2007,eb3103dbaf9a661431d0cff502f724f196ce7f07ab344d113d90b4183a289929,aux,artifacts,no
artifacts/evidence/reaudit-v3/v3_exec/CON010_runtime_gate.md,14613,bff81e3d7ff68d44bcf5ca266fb6c479d2e0c36d21bd0d598aa987203d668a06,aux,artifacts,no
artifacts/evidence/release-01/VIS-001/l3/gc_stretch.json,416,7b9d8b04c355717c769f4f2ba4202e8b6083fb6afb40ac70abcf8fb9e0034be3,aux,artifacts,no
artifacts/evidence/release-01/VIS-001/l3/m42_stretch.json,333,510c071ec123a8842ccc46dab3ffe9a0e409a179b8bcab01421a38178eac96de,aux,artifacts,no
artifacts/evidence/release-01/VIS-001/l4/chunks_gc/tiles_index.json,2837,245710b2ecb2ddd60c09d8264ebf2879239fe6f40e2bb611f357458666e74cd1,aux,artifacts,no
artifacts/evidence/release-01/VIS-001/l4/chunks_m42/tiles_index.json,2838,d2b58eec49f3f511f42fa8e0be3b8494495a3add0536a8fbe734db9c671827f0,aux,artifacts,no
artifacts/evidence/release-01/VIS-001/l4/gc_stretch.json,409,01dd38999006970d24a5f88e8dc9ab060afa1880f3a3b5b461cb7f0d2c3bfedd,aux,artifacts,no
artifacts/evidence/release-01/VIS-001/l4/m42_stretch.json,413,9c6a69e03fe6a4bd720eb0bfcee5dee8e9be89e23b1149b34c762d71f247366d,aux,artifacts,no
artifacts/evidence/release-01/VIS-001/l4/profile2.py,749,ae7d173edcc16935a9f9172a2a7ffbb882fcc2dad8959a4cfb0cbc27ac3328ae,aux,artifacts,no
artifacts/evidence/release-01/VIS-001/l4/profile_and_crop.py,1379,c93a611a1bfdd526ea8a32c4df898a8a0184816988e7c646a25234d01f2d4a79,aux,artifacts,no
artifacts/evidence/release-01/science/exp_math.py,3567,6e954ba3b9b212aca17a6cd1c481ba656a085f4466c9ca0d4680fac1cfdacffa,aux,artifacts,no
artifacts/evidence/release-05/AUDIT_PACKAGE.md,6858,92cb2de5989557abd3291bae5a47a91cef7fc9a2d4d12a6ff8f30c0b14e98fd1,aux,artifacts,no
artifacts/evidence/release-05/D-14_STALE_PATH_CLEANUP.md,3363,9ba5b47d1aee086716cfd10c506510c517e7f9aacdbbc6c6a5e36ef58a0a07d1,aux,artifacts,no
artifacts/evidence/release-05/FAILCLOSED_SURVEY.md,24680,98c071beb1c7aa4eadbbd210e631f6e890e6c093f6ac722d87cd77f340ebedea,aux,artifacts,no
artifacts/evidence/release-05/G2-9_CI_INCREMENTAL_STATUS.md,4485,c73283b6585458db716277e0ef5f4e8038b2c005aa55d204b068ee0b38f37dbe,aux,artifacts,no
artifacts/evidence/release-05/GATE-501_VERIFICATION.md,8205,2e2128e1b0bbcad7d13a5ae448d20f7598d159e923c13cc3bd698d3a1980c2e1,aux,artifacts,no
"""artifacts/evidence/review-package/02_\345\276\205\350\243\201\345\206\263\346\270\205\345\215\225.md""",0,MISSING,aux,"""artifacts",no
"""artifacts/evidence/review-package/04_\350\256\276\350\256\241\345\244\247\347\272\262\347\273\274\350\277\260/CALIBER_EVOLUTION.md""",0,MISSING,aux,"""artifacts",no
"""artifacts/evidence/review-package/04_\350\256\276\350\256\241\345\244\247\347\272\262\347\273\274\350\277\260/METHOD.md""",0,MISSING,aux,"""artifacts",no
"""artifacts/evidence/review-package/04_\350\256\276\350\256\241\345\244\247\347\272\262\347\273\274\350\277\260/OPEN_QUESTIONS.md""",0,MISSING,aux,"""artifacts",no
"""artifacts/evidence/review-package/04_\350\256\276\350\256\241\345\244\247\347\272\262\347\273\274\350\277\260/OUTLINE_SUMMARY.md""",0,MISSING,aux,"""artifacts",no
"""artifacts/evidence/review-package/04_\350\256\276\350\256\241\345\244\247\347\272\262\347\273\274\350\277\260/TIMELINE.md""",0,MISSING,aux,"""artifacts",no
artifacts/evidence/v19r2/evidence/quality/traceability_check.json,173,69242a9478e5fe0a594fd8c1a0f69c6890bfadb68e41906a3626fd00bdbcb964,aux,artifacts,no
artifacts/evidence/v19r7-quality/audit_findings.md,24737,76509df537b7ba66d6aac8a6edf86e10a24fab11c423820ce4ddccebd299441b,aux,artifacts,no
artifacts/evidence/v19r7-quality/audit_findings_architecture.md,19107,e280112f2450f511270e8a8a68ab22d4f383f6d463d9186a910cc0d578173e1a,aux,artifacts,no
artifacts/evidence/v19r7-quality/audit_findings_drizzle.md,12260,e1c163bf89378b812e152df741e4f5cc92bf1b3309dfe36e4aeba61c4651e8d4,aux,artifacts,no
artifacts/evidence/v19r7-quality/audit_findings_io.md,15578,b9daceae30a99b0fb9bbb6efcfde7fea6e4c940ccb37b67f02ea7f01700dcac8,aux,artifacts,no
artifacts/evidence/v19r7-quality/audit_findings_noise.md,11359,96270d4281845a9afdef8ce7a328431ccf1117e63ad037dc58a5e1181b16184a,aux,artifacts,no
artifacts/evidence/v19r7-quality/audit_findings_phase2.md,12131,f1ad16f4452844bcdd1366e1478fe6597e50cf1236c11d799524a9a25a91ba70,aux,artifacts,no
artifacts/evidence/v19r7-quality/audit_findings_science.md,10027,fd0ab63225a20ea69a794882602a60ac63d4b50f3bf8339531e0a27467c72a29,aux,artifacts,no
artifacts/evidence/v19r7-quality/audit_findings_standards.md,16890,f4b10b800f17007fd32168017ce755e8db67db38ef179eec2d031dc5655cec77,aux,artifacts,no
artifacts/evidence/v19r7-quality/audit_stats.json,5407,f9b5dcab963bce40fc43dbebdc5c0c142b34e013568a67ed24a1b0f40d65c189,aux,artifacts,no
artifacts/evidence/v19r7-quality/broken_before.log,1011,97b63dbb3555e4a5a0cf15a633375f3394d6b81afc86bf032001c064b686ea81,aux,artifacts,no
artifacts/evidence/v19r7-quality/checkpoints/round32_machine_consistency.json,3323,9aae7a7ce1602efa8daf1abffee8d5875a1ad7aa1aa5b2a4e0bc2cd0520023e3,aux,artifacts,no
artifacts/evidence/v19r7-quality/checkpoints/round35_status.json,238,c1b687123307de17052b2156fcbf5836e84566539d6fcc82c7b90fb28eefea7d,aux,artifacts,no
artifacts/evidence/v19r7-quality/checkpoints/round42_status.json,284,da51ddfc9326c17a89c4737dc0dc1ea8e5ca1b2afb03b332ea01bf27f0055b77,aux,artifacts,no
artifacts/evidence/v19r7-quality/evidence/QA-V19R7-A1-01/EVIDENCE_INDEX.md,2084,c560cfbfd8474de709f28a4874125e79af61e58de6e25fc8b4bdd6811eee9141,aux,artifacts,no
artifacts/evidence/v19r7-quality/evidence/QA-V19R7-A1-01/REVIEW_REPORT.md,201,4d9c62c3b142610114352ccee6caca99fdf77c94545e930b5e01fc97cd5d09dc,aux,artifacts,no
artifacts/evidence/v19r7-quality/evidence/QA-V19R7-A1-01/TASK_REPORT.md,227,90b9f3ad761484ca21a71cb72c81ba75a59e38fa9b8b4c11c41f6b649a54160f,aux,artifacts,no
artifacts/evidence/v19r7-quality/evidence/QA-V19R7-A1-01/TEST_REPORT.md,209,d11c92e5e4dd0c8837064221fac2bb8461c32659136428edb554bbf72e829d38,aux,artifacts,no
artifacts/evidence/v19r7-quality/evidence/QA-V19R7-A1-02/EVIDENCE_INDEX.md,2262,10ef9f21e170c804cce4bab0ee90cf1cbc58c1970bce111d4f6101361c3e9d7b,aux,artifacts,no
artifacts/evidence/v19r7-quality/evidence/QA-V19R7-A1-02/REVIEW_REPORT.md,237,c49aab29f81614b56fb2fe59deaf3c9d4b37e4fbab7e01cd74d9fc68fea21989,aux,artifacts,no
artifacts/evidence/v19r7-quality/evidence/QA-V19R7-A1-02/TASK_REPORT.md,320,96429be80fbd50cf629df7f63c1037bb82efe6c86ea553ec10cae4615ed15e74,aux,artifacts,no
artifacts/evidence/v19r7-quality/evidence/QA-V19R7-A1-02/TEST_REPORT.md,183,8b8caa33ab29aa58b2104ea6f1319c1e538c4a196d27f0799671548f0e32e1f6,aux,artifacts,no
artifacts/evidence/v19r7-quality/evidence/QA-V19R7-A2-05/EVIDENCE_INDEX.md,2533,fbc22680abfe0d5453820085963ca9f1227b3996ba476ba7007285999c6a8c98,aux,artifacts,no
artifacts/evidence/v19r7-quality/evidence/QA-V19R7-A2-06/EVIDENCE_INDEX.md,2447,b31a01bb6820b8b221e320707fc8d0f9ca447cd2e800c981dcc71578de6a23bf,aux,artifacts,no
artifacts/evidence/v19r7-quality/evidence/QA-V19R7-A2-07/EVIDENCE_INDEX.md,2351,ab835017b2306fea03a71fe93d1592165bd9f14ab4a1cb6e3d46a6801eb44f29,aux,artifacts,no
artifacts/evidence/v19r7-quality/evidence/QA-V19R7-A2-08/EVIDENCE_INDEX.md,3944,75168fc4cc8d6ad9a5ca8a2e634bc933b487e579dce4ea3b83a683d3034f1649,aux,artifacts,no
artifacts/evidence/v19r7-quality/file_audit_before.json,53205,e281701f2fb78b0dd1329dc819911d36e1802bdc1da2e51c280cbafe5ed91493,aux,artifacts,no
artifacts/evidence/v19r7-quality/machine_consistency_before.json,3323,9aae7a7ce1602efa8daf1abffee8d5875a1ad7aa1aa5b2a4e0bc2cd0520023e3,aux,artifacts,no
artifacts/evidence/v19r7-quality/standards_violations.json,4173,9b23d02a4af1457cdcb94441099d8cab534df827b7c0f4ef5a4cc8c39cdcc6b7,aux,artifacts,no
artifacts/evidence/v19r7-quality/traceability_broken.json,459,f9fcfaca4e354d5f11ca195dbefed992209b2aff58ec08e142593b5bc6abc404,aux,artifacts,no
artifacts/evidence/v6/contract-review/03_SUPERSEDED_SCI_SECTIONS.md,9164,c5af898cc70bdd4a48c7ac1744416747210e56b1a89541ae7dc514a3fd748d0d,aux,artifacts,no
artifacts/evidence/v6/contract-review/04_OPEN_ITEMS_AND_SIGNOFF.md,6688,b88fd326cecd12dfa2f6d511bf8b7830fc9f1016cb0b8b2d3d113e3a014be6a6,aux,artifacts,no
artifacts/evidence/v6/performance/PERF-SCALE-001.md,22476,5093b303e94c5b2f3709bde0b7ff35baaeb0ffc7f36b3b7439b36be0c4fd4ce8,aux,artifacts,no
artifacts/evidence/v6/qa-design/SUMMARY.md,7385,c2caed7aed70fe28b0359dce9a9641dbd71432009b036c871051cafd0db48a1b,aux,artifacts,no
artifacts/evidence/v6/qa-design/case_ledger.json,13852,578d978ff022d501298207b769d2923dc3ebbf041a08b42401c4a82f7418ffed,aux,artifacts,no
artifacts/evidence/v6/qa-design/data/baseline_matrix.json,9709,1f5f134cb4446caec88f68671b22964a7d3e454eb8d572f8cf44ab1873080c9f,aux,artifacts,no
artifacts/evidence/v6/qa-design/data/gates_analytic.json,19528,84695d5ec462abc870811c7a9f9d5232abcd7243359d0317288975a746ad4161,aux,artifacts,no
artifacts/evidence/v6/qa-design/data/gates_inj.json,13594,9e5aae666a39cb23d0a52cd136289c12e7c535cc973b87c07a6460b62a1cf068,aux,artifacts,no
artifacts/evidence/v6/qa-design/data/gates_mc.json,13464,65c615c91e485ea3cbaaeb25f992fec2dc715328f3cbf46e51d57df399a482e9,aux,artifacts,no
artifacts/evidence/v6/qa-design/data/gates_realdata_baseline_p0.json,26003,b20b6d1ceb40bc78d0ee25735fe785d13712ac0af0f3cbf0a2727b5af7d20a0b,aux,artifacts,no
artifacts/evidence/v6/qa-design/data/meta.json,3303,8e1078777b6fc2ff9c7b19b0500cb7dccd430f1f32ba61c9c7991b0d450fb480,aux,artifacts,no
artifacts/evidence/v6/qa-design/data/mutations.json,17632,8e147b0d94cec55829630305f568cf21c6c23a55c96dd100e955f03a17b8e2dc,aux,artifacts,no
artifacts/evidence/v6/qa-design/evidence/mutations.json,10181,7211d9f3fba41264299ae2201375779060681fa9aa872d4cb3561cbf8854e3ba,aux,artifacts,no
artifacts/evidence/v6/qa-design/evidence/oracle_baseline.json,7161,9f5cab6f4947910b3d006d04f50d23fc4dbfbe3d5cddc3fcf7a7593272256072,aux,artifacts,no
artifacts/evidence/v6/qa-design/evidence/rc_summary.json,431,ad48768fdbac48cbbebf3fc6ce02484901a5332bd5222978bb7b86583821a265,aux,artifacts,no
artifacts/evidence/v6/qa-design/oracle/assemble.py,2860,c9ec6d2f5f2d0d1a7d77ce5e46120655a795054bb5d516d7ce8e4b202253dc5e,aux,artifacts,no
artifacts/evidence/v6/qa-design/oracle/check_docs.py,3349,e57161a0ceaf041a66651bf233390829114cd5b0b48fd7f59dfde2d8c966220c,aux,artifacts,no
artifacts/evidence/v6/qa-design/oracle/qa_oracle.py,25402,216a1600ba9f88626c4e787e992561fb5db2dbc49cf8a5d01a17bce551e4d73a,aux,artifacts,no
artifacts/evidence/v6/qa-design/oracle/render_docs.py,7485,4a37b42cf035fd268dfa1eef6b73036ce632eef6cbda59d6eb61296206610265,aux,artifacts,no
artifacts/evidence/v6/qa-design/oracle/run_all.py,6208,1b97bee1fd564e566cab9c0b3a2d79e63711ac6897880f283cd4449c2fb6778b,aux,artifacts,no
artifacts/evidence/v6/qa-design/oracle/run_mutations.py,4365,2d8eb615b9c28799e9c8c43b5e13cb8ad538e88a411636bbcf6f40454968a59c,aux,artifacts,no
artifacts/evidence/v6/qa-design/oracle/validate_spec.py,14689,684436a1961483591056d6d53a22d6df071ce22126e24aa3287e5a9f2696db1b,aux,artifacts,no
artifacts/evidence/v6/qa-design/qa_matrix.json,104876,a21f9c2c76b5ce38005ffaa026b1d78d92dc8ff200a1a3f780285afc9f1df1ba,aux,artifacts,no
artifacts/evidence/v6/real-science/REAL-SCIENCE-001_REPORT.md,20589,bb7dc43a3ebe679d2373bc48e308f3823f3be9f5db5721d277c9f7b4c5a2cc4d,aux,artifacts,no
artifacts/evidence/v6/real-science/REPRODUCE.md,2295,dc42f570f9efab291c560466d7056842392f479476ee382ab92a4b866165e8ec,aux,artifacts,no
artifacts/evidence/v6/release-review/01_CONVERGENCE_CORRECTIONS.md,10261,58f1b7365fce8667e5fd71db76d2162522f04a7084cd3cf4b7421e5244b6dc7a,aux,artifacts,no
"""artifacts/evidence/v6/review-audit/00_\345\257\274\350\257\273.md""",0,MISSING,aux,"""artifacts",no
"""artifacts/evidence/v6/review-audit/01_\350\246\206\347\233\226\345\205\263\347\263\273\346\200\273\350\241\250.md""",0,MISSING,aux,"""artifacts",no
"""artifacts/evidence/v6/review-audit/02_V3_V4_V5_V6_\350\243\201\345\206\263\345\257\271\347\205\247.md""",0,MISSING,aux,"""artifacts",no
"""artifacts/evidence/v6/review-audit/03_\347\274\272\351\231\267\350\264\246\346\234\254_\351\207\215\345\274\200\346\270\205\345\215\225.md""",0,MISSING,aux,"""artifacts",no
"""artifacts/evidence/v6/review-audit/04_\350\246\206\347\233\226\347\274\272\345\217\243\344\270\216\346\226\207\346\241\243\345\206\262\347\252\201.md""",0,MISSING,aux,"""artifacts",no
"""artifacts/evidence/v6/review-audit/05_\346\234\252\345\206\263\351\243\216\351\231\251\344\270\216\346\216\247\345\210\266\345\231\250\350\243\201\345\206\263\344\272\213\351\241\271.md""",0,MISSING,aux,"""artifacts",no
"""artifacts/evidence/v6/review-audit/06_\346\226\271\346\263\225\344\270\216\345\244\215\347\216\260.md""",0,MISSING,aux,"""artifacts",no
artifacts/evidence/v6/science-adjudication/SUMMARY.md,16963,ce22d4384ff806798974291d483e65953c08ea74fa90f9e7cf27b51b604859a7,aux,artifacts,no
artifacts/evidence/v6/science-adjudication/adjudications.json,64267,bd9f63c0db7e153db291b460ca9a73c9338496688e875ef0c55760a547866867,aux,artifacts,no
docs/DEVELOPER_GUIDE.md,1558,1c53ce213ce8f88120139bfeab9a43438ca89dcbd9a1fe446a23857a5aaf1311,doc,docs,no
docs/DOCUMENT_INDEX.yaml,131034,33a893471d1a2d93628dabfffec07f0f003f9a0c2a4b1fba912bdae1580e1b4a,doc,docs,no
docs/GLOSSARY.md,4323,8eafc5424a6560308df6c32608b5454a351fe6d0463308aea35f8671f2b00eda,doc,docs,no
docs/KNOWN_LIMITATIONS.md,27929,147c03d4142f9d0129628cc10a11c2cb00051a4ca4eaadcd4ca7d186fbd88df7,doc,docs,no
docs/TRACEABILITY.csv,28358,4a84fc511af89a119011427f4e79fb465bffb2a16c484ae15da9ff60dd90aead,doc,docs,no
docs/TROUBLESHOOTING.md,2357,5943e0206fc7a361ef944184d61d0e0beb8e099d3fc119dfd513e9974291ab35,doc,docs,no
docs/VERSIONING.md,5018,5fb12801beacafd7409903c2f6aa8a93444909c3c7bdd9cdaf15501b9494fcca,doc,docs,no
docs/algorithms/ACR_EQUIVALENCE.md,4182,bc9281410d5e06d42c149f4586bb389f0064778020b2098b77338703c00ab7e3,doc,docs,no
docs/algorithms/CALIBRATION_ALGORITHMS.md,51033,a8b96b93141828232b02806368ea27a6f3e91b89de736d6be7ca7dc1b840f26f,doc,docs,no
docs/algorithms/COSMETIC_ALGORITHMS.md,36328,48adf113046816066e8312a2702e86abc7f9c1b8e1604cd32a835a6f91d65394,doc,docs,no
docs/algorithms/DRIZZLE_GEOMETRY.md,35441,0d6ca5941ae19d81ce38f30a00ad9188b0e6c6e2e34aa80439696cae27a4576d,doc,docs,no
docs/algorithms/GAIA_QUERY.md,17625,16f14e0575c1870f913f0dbe4d0b2ba058dd1acea9c11ce12bf8f27711fff8f9,doc,docs,no
docs/algorithms/GATES_AND_TOLERANCES.md,22815,49b12f6595e14947d1d6765a85398d17272d0613aac13d028249d0adc05ec2b9,doc,docs,no
docs/algorithms/HEALPIX_MAPPING.md,2345,2e865427976ba20a469314078283463d673f4dee43d6e9ee0f586a21b880d8ee,doc,docs,no
docs/algorithms/HIPS_WRITER.md,35875,c291c52fd256268f6abfab51e6e51857abeb94e23bfa817359c9d78a33b8170d,doc,docs,no
docs/algorithms/INTEGRATION_ALGORITHMS.md,5771,a212ac570e00bc80989a00da871b52eb17b84c27718c07bc7086cd903117e381,doc,docs,no
docs/algorithms/NOISE_ESTIMATION.md,26380,3d19adb4dd9c0c6a48aa4ae7d4f87e28cb25372c3b6db8edfe838da35944dc41,doc,docs,no
docs/algorithms/PHASE2_COVERAGE.md,28561,6747626e7a29ba8ce45868950857fa11d7c0bf538dac99ed76060a0858c408a5,doc,docs,no
docs/algorithms/PHASE2_INTEGRATION.md,22890,71b19c4da430fd336d45d8f4088dece4ec723be8ee492d8b01bdbf745c9988cd,doc,docs,no
docs/algorithms/PHASE2_MOSAIC_WRITE.md,40447,a16da3d9504700df38c87eaaef57a4e341020b65dc6d40c1f36e9d8e7c688b0c,doc,docs,no
docs/algorithms/PHASE2_REJECTION.md,59962,46e3a2781f56d1ad766a028005736c6fd953ae1b493743914ac2d828b8901256,doc,docs,no
docs/algorithms/PHASE2_SAMPLER.md,49490,4e8c593ce150c25780fd568301240dd97d655953295a9b1c21fc6f072a7568f7,doc,docs,no
docs/algorithms/PHASE2_SESSION.md,30304,f59335a42bbc1c9f2bc6b8553f15aa0ef143d5a6082b68e354016cd7c01e737b,doc,docs,no
docs/algorithms/PHASE2_UPM_IMPL.md,38110,908010c6f73e5caf88f00038c61028a0a066f7a952acbd037062f054e0e81792,doc,docs,no
docs/algorithms/PHASE3_FITS_IMPL.md,31705,972e010d2739339b079f616377201b7c33e00b0c91f3898f0d452c6c2bb16209,doc,docs,no
docs/algorithms/PHASE3_PROJ_IMPL.md,49295,4c9c52154565bf63e42d4d13bd48caea2f7ec6c026bc998860957c78e6bda1a9,doc,docs,no
docs/algorithms/PHASE3_RESAMPLE.md,16255,ef5d23332109afb0f848f01aa50b5773da506b2d5332148454cb83cbfb509f0a,doc,docs,no
docs/algorithms/PHASE3_RSMP_IMPL.md,34085,420b2d306d5f90818867a04a40b4cb8a843e6145adf9a9ad2293310b7de136fb,doc,docs,no
docs/algorithms/PHOTOMETRIC_FIT.md,32437,a2a26aa807296c9a7b4b461dc8630e0d7c2f985a9f4f5f9adbb09d083caca271,doc,docs,no
docs/algorithms/PLATESOLVE.md,28583,a4bd752f666790c7befbedb90fb9387fdebec8a9b8a3fff0e6e38c5c5654d810,doc,docs,no
docs/algorithms/REJECTION_ALGORITHMS.md,13001,9b5fd4cc92c497fb48ea70445827e50a7619d756afc95a1c0d62168c94cddd0e,doc,docs,no
docs/algorithms/STAR_DETECTION_ALGORITHMS.md,33784,b64ec108f85e4a224714065fb592c943b3c4ae0514ea5b87f8ad9c4a1b3effb3,doc,docs,no
docs/algorithms/STAR_PSF_ALGORITHMS.md,16531,8d29e0a5046233033763194de20960631695bce5ce08cf838e46774e533553f9,doc,docs,no
docs/algorithms/UPM_SOLVER.md,9206,5c134ae1b729bf8f5300e6c333dea712047029da009235f6d3f029f708810f69,doc,docs,no
docs/algorithms/anchors/ANCHOR_CONTRACT.md,12377,3c19154ef44abb884854374e4ad83cc097f4e191a2bc292914e4716502b5c41c,doc,docs,no
docs/algorithms/anchors/anchor_contract.json,18248,1bd61c3e4db6b75eb429edff0fe8f5c41f114eccd24753be51bf8d7837d5a2cf,doc,docs,no
docs/algorithms/anchors/check_doc_line_anchors.py,22727,427c11d8d15a55661925a4989257b171bdb2f93905e7f48d511e1bfbd9cbc853,doc,docs,no
docs/algorithms/anchors/unresolved_registry.json,14405,3ff939dd2359fb22c8a53e3f7a54599e32986900959f4303f56709ae18f64941,doc,docs,no
docs/api/CLI_PROTOCOL_V1.md,13921,ef483e93f471f9dc78d47b61aa4e4eff0c9198188fbe7ca79a4aaa8c1f20d59a,doc,docs,no
docs/api/COMMON_ABI_V1.md,4148,15f419ea2fef8a781e69f4a63509c057ae03f8e74fc66ff08ef0fa3f27bdb273,doc,docs,no
docs/api/MANIFEST_VERIFY_V1.md,5541,2417c4044916f21a966a5d7629b3d10e16408425a925094ee852f073eac1272e,doc,docs,no
docs/api/PHASE1_API_V1.md,4551,0e1b1f1db389deef07fd68b112db401b6c8c46959bc97fbdf40b0b786782b7f6,doc,docs,no
docs/api/PHASE2_API_V1.md,4423,77758b5a3991ee1c388e88f36ef716e32b5d28d40aa16bd97d9a38cfa9d0cb10,doc,docs,no
docs/api/PHASE3_API_V1.md,3710,d1e384315c185de607350c74f48ceaa1a4b0e9f204c5588dfdfe13cfb341269e,doc,docs,no
docs/architecture/ARCHITECTURE.md,6337,39442ee1227ef17061ec017e70bef93f3de12ea27b97d11505c665dc7be8f1e7,doc,docs,no
docs/architecture/ASYNC_IO_CONTRACT.md,6421,4fed0a9e3addbca25f1a195ddef3ae0b1d8e29668e22cfb716f326fe9d063627,doc,docs,no
docs/architecture/BUILD_GRAPH.md,4890,55b24ae6be88c954b6b56e04cb262ccca60593a00986050fc0bd35693b255a70,doc,docs,no
docs/architecture/CACHE_POLICY.md,1813,09ca76010c0b8383c87f24ef61f6c90b2496a4d9913c3838e2d62e07af91910a,doc,docs,no
docs/architecture/COMPATIBILITY_POLICY.md,1074,e6e212499e07d49fd37da10a61158f43c4a7a641571772ba68eb6392b8beba75,doc,docs,no
docs/architecture/CPU_BACKEND_ARCH.md,4227,da078bb953c2fa837653acc14cbe8db68e55babd4d888522f42f0e329ede238a,doc,docs,no
docs/architecture/DATA_FLOW.md,2836,799163e648e35c34bdaaba8370a24c713cf23e477c26c21af97f615628c1933c,doc,docs,no
docs/architecture/DEPENDENCY_RULES.md,1115,a6196fd33fc663c3a93d890f20e5a0c71f84edc1c93b1162f5d127d8681ca550,doc,docs,no
docs/architecture/ERROR_MODEL.md,1914,40380031fa12d25a00cb4a2efe7694cbac5901e2dd588f46ce6cd3b116b8b9d8,doc,docs,no
docs/architecture/EXECUTION_MODEL.md,6578,45b242d0ef0fc86b647309dda098c7e391f54453e3fdd3989259ce10a12a4e3f,doc,docs,no
docs/architecture/IO_AND_ATOMICITY.md,3406,80387d25f648df7518e1b02b887e1dae4f094b08fe68294509c02a2e3f3be312,doc,docs,no
docs/architecture/ISA_BIT_MANIP_VARIANTS.md,2642,12b48168cd0d2259cad8de87bf22c55b0a3456a0f33a6278db02f738c4dd786f,doc,docs,no
docs/architecture/ISA_VARIANTS.md,7051,94ad8067f1582e116db7bd83d77081065226cde6223d8e81d948c7b8b2b20b30,doc,docs,no
docs/architecture/MODULE_MAP.md,12365,efbe11d9d970eeab51f7650aed8ef7b7b15968771dec2ffa79b26262339e7781,doc,docs,no
docs/architecture/OWNERSHIP_AND_LIFETIME.md,1215,a8b599a24dd36164dae2d1c436f8b92d0bcd0f86066974f2b69d156340d16394,doc,docs,no
docs/architecture/PERFORMANCE_MODEL.md,20184,09cf22cb475819e32bc341eb75ac90bb95debf3745888b808be07eb7cbe64c37,doc,docs,no
docs/architecture/PHASE3_MODULE_ARCH.md,4800,fda847a4482dd141876f1893f3315447860ed47e51090b435d6193b270da2077,doc,docs,no
docs/architecture/PIPELINE.md,4410,7a65e348d4124954a9afc4821971fa8d49e878ee2ff4cb69a303946917a794fa,doc,docs,no
docs/architecture/PRODUCTION_EXECUTION_INVENTORY.csv,78790,94116b4c569bb6361890e8478dd3d9d1c437f441f8c960d3f0a622959726c365,doc,docs,no
docs/architecture/THREADING_MODEL.md,10290,aea64c6d52a9bb04464831a4b6b028d1838f3225506d71d60c8b9a0fda6110c3,doc,docs,no
docs/architecture/THREAD_BUDGET_ARCH.md,3986,f6cfe8f4473e9b4d0a050dd57c53576220009bff113a0473045ca77c9f90af11,doc,docs,no
docs/architecture/abi/ABI_003_SECURE_LOADER.md,6106,e2c6e48a3a93cadafd0fe1d9282de0d1217ae34db5c98117ef43a4b61d8622c9,doc,docs,no
docs/architecture/api_inventory.csv,86258,fc09e03c24ed935ed4d70cc418c071411e90a289b7a70cd0d1e1a58d961e79b1,doc,docs,no
docs/architecture/cpu/CPU_001_CAPABILITY_PROBE.md,5880,6cf294bd1d6a5e96b33c31bb989ff7923f4f9a96ae5869bd16716c44789d686f,doc,docs,no
docs/architecture/cpu/CPU_003_AVX2_PROVIDER.md,9542,6e28f4c032852c982183bce279900809b5a3039046e8e4afddc9018032ed3dbc,doc,docs,no
docs/architecture/doc_symbol_namespaces.json,2467,4aedccd9ee66561e3db664356a9371d47d5a82a8dd461df5868172ac02f4ac07,doc,docs,no
docs/architecture/execution_inventory.csv,22467,bbd4d87b56db532a38dda09719d738472835289ea92f85cf6206c7c582d9ac1a,doc,docs,no
docs/architecture/execution_options_contract.md,3564,e83ff860f059bfb8b6901c48a8ebcca9b601350a9733019d29417bdac7d657dd,doc,docs,no
docs/architecture/observability/RESOURCE_MONITORING_CONTRACT.md,10072,7b1d1a5949f4286b4902ab239c95f2b3f1d04b0316df8cad3ed9a026dbd39d99,doc,docs,no
docs/architecture/observability/RUN_GRAPH_CONTRACT.md,9897,0063e412774881a76bb06657698fc184f0933f0601a533744c495cc4e5ced74a,doc,docs,no
docs/architecture/observability/STRUCTURED_LOGGING_CONTRACT.md,10153,1e9494f008d78a883869fcbc3ff711a9d1f4ea2df19b62ac49271db6ed21109b,doc,docs,no
docs/architecture/production_call_paths_stage1.csv,1382,ebcfc5f529d830ea18fa48f7cdd5b237069d6f4045c8e5c285e5eef8f00a9490,doc,docs,no
docs/architecture/production_call_paths_stage2.csv,1894,1e7584834ca82b59b1d85a735e37c5a0a16ea575e9e4ef7ccc6b36244fc6b6df,doc,docs,no
docs/audit/doc_classification.csv,5178,7cda2a3d4162f19e2b9abaffbdd190fbfe452184fec078579ccad4544851e62e,doc,docs,no
docs/audit/inventory.csv,4972,be602ffde7d5bdcabb1767f250461d9062241889b20909de4cc45ee73814a466,doc,docs,no
docs/audit/risk_verification_T012.csv,2719,7fa85b23c8c82ca14b19f7ec96a32cd5971b880949c381034ec2c05d286f9c7d,doc,docs,no
docs/browser/HIPS_BROWSER.md,2273,a5b89231b3fd5c4841a28d51ca2a33f7acfc395a38fb06fc3d6af0e6bfb21d9c,doc,docs,no
docs/ci/01_CHECKS.md,51150,de7f2d4502807109bed6ca5bbe632623ba2d7df151a3e4c4f16501bb5957a4f9,doc,docs,no
docs/ci/02_PIPELINE.md,4252,131a203c2106fa71f93abdbea60614eee8ac2abb3fb5a2d5dfcca0807e93d113,doc,docs,no
docs/ci/03_GATES.md,6759,99c63fc4eacfbd84e9e48e7ecbf8e7d1238274307e9e2c91805e8617494ea722,doc,docs,no
docs/ci/04_ARTIFACTS.md,2028,05413190b4f554374ed5f9cf7de83ae27a31f2570e4a1a1ab85cd88dba062b54,doc,docs,no
docs/ci/CI_SPEC.md,14012,93ec14b5826136a8af5affb1d64b1e809404900a713304715d148df0f2ee6dcf,doc,docs,no
docs/contracts/API-001.md,5225,cf8bfef6e001ee857784fd1e3873325d58b7800c7e423f551bee786fa5f148c0,doc,docs,no
docs/contracts/API_CONTRACTS.csv,182576,3d6c52a17c48ac6ced6a471d0a836d58612f6c7c7b59ad9ae6b803746c70cb7a,doc,docs,no
docs/contracts/ARCH-001.md,5164,0e23933d52de8d302c3662ddc76dff5d23dbc4f717f64d69c13f2fa6a2b30414,doc,docs,no
docs/contracts/CONFIG_CONTRACT.md,53222,87c2c883437241ecd3edcaa8bd00fe2af0c8f0234facad31f2fb1d78790d067f,doc,docs,no
docs/contracts/DATA_ARTIFACTS.md,23600,857f8acf31a953c6e3c6e42609091ceb39b1f89470ba7e478b80cdb32c4c4f7d,doc,docs,no
docs/contracts/DATA_SEMANTICS.md,292089,457f8fe20d40b2bbd2396d4130d114b8d50fff4e79024583f4d7f8301041c14a,doc,docs,no
docs/contracts/DUAL_LINE_CONTRACT.md,2670,ff66aaa81f6fb67a3cb58bc8befc8f8fbe8bdca80396dcea74f23209da39b651,doc,docs,no
docs/contracts/HIPS_STORAGE_FORM_CONTRACT.md,20652,e294a2f011816aed4e5a8c8a38ab468b68b46d551b0768cd51090c9348ed2fbc,doc,docs,no
docs/contracts/INDEX.yaml,29390,5ecfa8613331e07c68028996d7933d872cb59651870ef4ae5779d1093b1c0637,doc,docs,no
docs/contracts/LOG_AND_ERROR_CONTRACT.md,8859,2339ba24e426818c24698bf4534fdd5b0351d265ba1adb30c1bc8c262eda8f26,doc,docs,no
docs/contracts/PERF_GATE_CONTRACT.md,3343,3ef570291425463ef24a64ac385563ee7b20fdda8f67311532d4e9956f454d1b,doc,docs,no
docs/contracts/PIPELINE_BLOCK_CONTRACT.md,9074,68f9a76e8db383321a63bfe403ed0ca2badd78e699f0f15e0f019e89ec381890,doc,docs,no
docs/contracts/PUBLIC_API.md,148386,958e3bf4abc959cbfa18d33f392d63e60c6b601cfa3b32419914f5e8768acd50,doc,docs,no
docs/contracts/RT-001.md,3190,942274cfeef3bb19c6d45077c28e2986a7f2a128c2223f9255474d0d4345d13c,doc,docs,no
docs/contracts/SCHEDULER_CONTRACT.md,5961,eca3365d33bf886ebc2f24edecc471e431969f54593999e44674a68a088a94f3,doc,docs,no
docs/contracts/TEST_MATRIX.md,4509,f9ddee5dae08f14e625c96a484daa1c8e2883b246a5dac978ba075aa1e60d5fc,doc,docs,no
docs/contracts/UNIFIED_OBJECTS.md,28382,5b01b09189cb0408308a2fcc740ce9bb9719f05649738b52bc780978e36e7ce3,doc,docs,no
docs/contracts/config_separation_anchors.json,6976,fb451aafa31e350fd32e2bb8bb4c0360234dd63d3ef90286e1c49f97732aae31,doc,docs,no
docs/contracts/unified_object_registry.json,38718,f955af202a475765b19c128152c9db41176ba789591609ee16bd00604d295a16,doc,docs,no
docs/design/LOG_AND_ERROR_SYSTEM.md,13341,dcd1bb50cb67ba53d45797087fe990cc291fc7545e9159cdd82d10794f11614a,doc,docs,no
docs/design/PHASE1_DETAILED_DESIGN.md,16332,fb239915ca908df674ec075fe409e55f80b319f9bfd3f073c03a8901642ff74f,doc,docs,no
docs/design/PHASE2_DETAILED_DESIGN.md,10520,db583ac7cd471d1e0f11b0e3ccd6d5981bf9ef7f0205b93417b0fc1e353c6255,doc,docs,no
docs/design/PHASE3_DETAILED_DESIGN.md,12237,d414a1202373a1675ed1320f7fe3efd2f82f9c01efbb0a062a18bbe4b4e79c2f,doc,docs,no
docs/design/PRODUCT_STORAGE_FORM.md,26251,ea4d058a2d0576554c21950acf17aaff274ff75a00b13f4430125f1868b4428e,doc,docs,no
docs/design/UNIFIED_MODEL.md,7182,c0e61c3978662da520a992b60bebc55c6e13910c4ae91d40fef954ad59af0b89,doc,docs,no
docs/development/CODE_STYLE.md,731,fd2fd8b2595aaa3436f6b5a8bf9debba34c62c9512a681530d334fa2359d6ecf,doc,docs,no
docs/development/CONFIG_SCHEMA.md,8127,e8695f66bd65f3ef4840895f3dd53edcde3cfbdaa7e6512d06e5ebaee429f381,doc,docs,no
docs/development/TESTING.md,1015,6964adcb717c5e2088d54f9118a34edf238e1bd54b18ad62d03055d5d2b4f7b6,doc,docs,no
docs/diagnostics/TROUBLESHOOTING.md,1917,8237789c9822ae60f851576b9947258918db64a91edc498068bd33d739adbd29,doc,docs,no
docs/interfaces/data/DATA-002_PHASE_PRODUCT_EXCHANGE.md,24642,a76b098992edf25ec6a76fb50178d4d0fce97d760fbfcf189a63c8b333815d45,doc,docs,no
docs/interfaces/data/DATA-003_PRODUCTION_ARTIFACT_STORE.md,6275,5dc3848688c29fd199f7c0448eec75ed307a356b722aa683277cc992c2939760,doc,docs,no
docs/interfaces/data/DATA-004_PRODUCT_PROVENANCE.md,11192,36a2dd9538fbd54cee9417cd592d668c2e4b024b66dba6dd806f9d9ad7a8260f,doc,docs,no
docs/interfaces/io/IO_001_FITS_STREAM_INTERFACE.md,13545,731cd1b34bd4c30420b4788cb7a53aebd42fd5bd0a0eb780929d7b24cd2b644f,doc,docs,no
docs/interfaces/io/IO_002_HIPS_INPUT_INTERFACE.md,18309,864da9111c20579e2bff9fb0fc67c8a92ae3fee135c10d379e397edfce4ce8b4,doc,docs,no
docs/interfaces/io/IO_003_ATOMIC_OUTPUT_PUBLISH.md,11479,ed4b78297d26d165f293b8696fbfeb26bb99eecc26004a35c345cc6a9a0bfe9c,doc,docs,no
docs/modules/MODULE_MAP.yaml,64843,07703e6cdb7702fc878492928e5bff1621a30299000c775200d9536416e9858f,doc,docs,no
docs/modules/acr.md,1175,fe0cf3172c807a2319e30832e70e96f906e6c0a9dbb79a1160f5838902c9e0ef,doc,docs,no
docs/modules/astro_image_io.md,4056,031626725b425d17caf2b88686079de6f04a9722c9782abe4cf174ef4768d0dc,doc,docs,no
docs/modules/calibration.md,5426,f0b3f5ff783edba26130ae80b797538197517810dd30695976f7c2bd42198931,doc,docs,no
docs/modules/common.md,3671,3ae7d35debeb51136a588a4fe88e80e4450cbe5b84a61e7cebc8db9ffaa7e00d,doc,docs,no
docs/modules/dynamic_psf.md,1208,37a9a917a9292b459e4544a298835f6e118afb69de9aea9c5007be267bb963e1,doc,docs,no
docs/modules/gaia_xpsd_client.md,3842,f420d27a17a4be59300df1214030b153ba170cc045dced259685d8faaf424f0c,doc,docs,no
docs/modules/healpix_browser_qt.md,788,103689b37c2beccd6b769dd7b10438d939c423ee1941e239575f3fb5b220c3ac,doc,docs,no
docs/modules/healpix_drizzle.md,4447,b3803cda08c81ee284f366e7f49afae64244c6ac53e33936ff6406dd5d06fba8,doc,docs,no
docs/modules/hips_p2.md,4282,1b6406ebbd2d6bdeb397b44153298c88c3561455a1ba1362ee211744d3b61e0e,doc,docs,no
docs/modules/orchestrator.md,3519,39c28fac909fefa60a64d08db829f4fe6143c3f704d30a3e12974f8d530c51d9,doc,docs,no
docs/modules/phase1_session.md,2805,ddb5c82bf356d457e7e3fcd53e64df55c46bbc04aec8f6dd8e454c60891f615c,doc,docs,no
docs/modules/phase2.md,4016,36042ada50f499231b80d7c0ef1b3abf23e33e531fadc86e3166c3c124969a3f,doc,docs,no
docs/modules/phase2_int.md,4048,f913b7271667dc754b35dc075b514378181c0fa617e919253947543b3dd0a448,doc,docs,no
docs/modules/phase2_rej.md,10828,91a728796197489173893a30b701ffa52b0780ae553f8982019487e528a4d978,doc,docs,no
docs/modules/phase2_samp.md,10432,a238bd64f32c2fe7b0e013a53a1a694856674cb62155b2ce4b751ab2e06ad868,doc,docs,no
docs/modules/phase2_upm.md,15464,418d46e6fd756504bd362876dc8fca957f1cf48269b66caa1f408a44cb3a54b7,doc,docs,no
docs/modules/phase3_fits.md,7867,996f58aedaccc2a5cb4248432c25c0575d2db897f8b52b2706cae4d5bb41f059,doc,docs,no
docs/modules/phase3_proj.md,5187,60e7c9ca92e4a1413d85c124e19a7ef46781f7af8fd364fa1d1b22f7fda91d63,doc,docs,no
docs/modules/phase3_rsmp.md,5872,be141a380bdad407a15c82867c92757513cbce153ef5bb73271a7487aa55baf5,doc,docs,no
docs/modules/photometric_calib.md,2772,e2171d684d89825624d8d4c559940087705b36b8855084eda3d936cfcc15aeee,doc,docs,no
docs/modules/plate_solve.md,2184,185cf07834a6c4ce845275ef97bc19cd6c9a713f9142f35cad2e5c9b255a24bc,doc,docs,no
docs/modules/registry/astrocs.phase1.calibration.md,3084,2180811a34c18cd59ed66bb884655b3f293f6f151ef5e4112f476204b3c0e24a,doc,docs,no
docs/modules/registry/astrocs.phase1.cosmetic.md,4099,b5279feae1b963099c6838ffa5b3f4e51ba41f895ff5a10c616d632e7874f8b2,doc,docs,no
docs/modules/registry/astrocs.phase1.drizzle.md,5253,96e331ba1df6775e1a9c1be647ec2e67a935ceb152dd6d91829949db8073d92a,doc,docs,no
docs/modules/registry/astrocs.phase1.hips-writer.md,5578,df6e8769a4dc9668421d610bdbb77f34b8aae6b9a96b29cd61b48b0686d0504a,doc,docs,no
docs/modules/registry/astrocs.phase1.noise-snr.md,3647,e09736856ace8ac07de0260dcc1d5d324d1b68635ecbc7d2d92d9c54388fb13b,doc,docs,no
docs/modules/registry/astrocs.phase1.photometry.md,4039,fdbbe56c6fb659176a8cc2d9e48a2709cbf3e7e3dcff5884db38a1279762b0dc,doc,docs,no
docs/modules/registry/astrocs.phase1.session.md,2312,fc0ba553c6e5a77190d111ac2e13c88d9f809b48436ce2abf2f27bd169f153c0,doc,docs,no
docs/modules/registry/astrocs.phase1.star-detection.md,3551,6ae4fce7367f48e42f020dacc9a79234532e25fc88c23ca2cea4e9c397d32748,doc,docs,no
docs/modules/registry/astrocs.phase1.star-psf.md,3913,454bace30781ed15f1617b835850605783b16f873a17e260f45cc1b31e0286ba,doc,docs,no
docs/modules/registry/astrocs.phase1.wcs-platesolve.md,5176,0e2c9797265cc0c139f6de00ab4f6a2bbef89f7631d2f3bb7928d9a278c5083e,doc,docs,no
docs/modules/registry/astrocs.phase1.writer.md,2501,db55a2bc944a88e7af697be24f74dd1721b062cbfe695b7a90e3ee507059d48b,doc,docs,no
docs/modules/registry/astrocs.phase2.coverage.md,4915,10d5b0e73dfbb35e8acdd48da83d915d8f553eec6ab2b69ce81d25941efc849d,doc,docs,no
docs/modules/registry/astrocs.phase2.integrate.md,6713,67ce43dd8d081c883159dfd2908f197f41d6a1d58eecabb76a2efb240f29b937,doc,docs,no
docs/modules/registry/astrocs.phase2.reject.md,8118,6545618bd314a51f6b4db7abcd58903e5e2b7845d34a10fc78810478d73b6132,doc,docs,no
docs/modules/registry/astrocs.phase2.resample.md,3067,ec9bdfba2c4b7f0e9b622ca1de310418dfa6e770efbec9c54bfe6e8a01d4399c,doc,docs,no
docs/modules/registry/astrocs.phase2.sample.md,8919,a5a2d3f2fff388229ebf53fcc7b56dd365c8a82d134d91705aad347091494478,doc,docs,no
docs/modules/registry/astrocs.phase2.session.md,4003,f61c4c5fcd796af22a6496c9178980787007bbe59e4c27978a7216364ebb57f1,doc,docs,no
docs/modules/registry/astrocs.phase2.upm-apply.md,8677,91ce2710111f4d9b4f28f4aa02df80616951805c9286f67291e39cf07695050c,doc,docs,no
docs/modules/registry/astrocs.phase2.upm-fit.md,8140,c41fe65c2555b6a51ab39b0c5b34469f529b0ba7324a522a11ba73c080805c91,doc,docs,no
docs/modules/registry/astrocs.phase2.write.md,8580,014aaef93e8d5fc66f92c8d54202b905ee1a7d73086d36da350a8f5b2c7a94b0,doc,docs,no
docs/modules/registry/astrocs.phase3.properties.md,3100,8abbef75537a3c00b9f7d7c926e2f176d80bd5fc2651d3f520befe25eba77ac8,doc,docs,no
docs/modules/registry/astrocs.phase3.resample.md,3092,5358e148d7a29435fa9ab32e932c270c97f44e9f5c502c79e4e5230f92d7fec6,doc,docs,no
docs/modules/registry/astrocs.phase3.resample2.md,12416,67f6b4282869edd828fad137429217b47271e2fc47443a3767bb109999c5cc3d,doc,docs,no
docs/modules/registry/astrocs.phase3.verify.md,2524,ace0f5b83bc2ce9d2cd5ead5eecd45549e99d85a5b5cf66a436b6cbee471966e,doc,docs,no
docs/modules/registry/astrocs.phase3.wcs.md,10899,a37d9651a290e3181b25b1fd3e4bb393e3f86b1d52caf9f06d886079d21bebb4,doc,docs,no
docs/modules/registry/astrocs.phase3.writer.md,10905,ef1021196c40cb6814c610d2aacaa26f345cfb95d199535ce23be1ec2d9c3a1e,doc,docs,no
docs/modules/registry/module_id_migration_baseline.json,3937,822dddb462075e16776b4bba3adba432cfa13727ad30c05bf529e1755bd55073,doc,docs,no
docs/modules/snr_estimator.md,1327,0ebcdbd68c68d9a961a986a9d49a4373fc0d8a4133abe2e04ae8c9880da49015,doc,docs,no
docs/modules/star_detector.md,5487,0778fec4f632fbdc0b225fde8f3d28c4482e5e7d7a1621bed7e945775c79017a,doc,docs,no
docs/operations/TOOLCHAIN_AGENT_HOST.md,6335,eaee5eb3337abfe448435a7011fc128037f0ec66b1071719cb3ee9b6ab5cf946,doc,docs,no
docs/owner/ARCHITECTURE_OVERVIEW.md,10297,a5b097334ca8d5daa7321fe7d1b82370b8042738326a36417e34a8a006f6e882,doc,docs,no
docs/owner/PIPELINE_OVERVIEW.md,12422,95ca7498761aa5047647ddfe610a3e0310c760b21a4fb962c4925d98d68358c3,doc,docs,no
docs/owner/PROJECT_SPEC.md,5951,e4b3722c2488861878ce71d142fafa9099cfd73ac4cae52cf8cd0cf6ce19e65b,doc,docs,no
docs/owner/RELEASE_STATUS.md,15813,b65854e446c1edc0c168dbe596df4e67bccb757e603b58f1781ad607fe322f44,doc,docs,no
docs/owner/SCIENCE_OVERVIEW.md,12793,e93056b698f39e88205ca6b367ace01908b552cd490adce4ec8366b1b7779cba,doc,docs,no
docs/performance/BASELINE.md,1155,8da7d72bd104d8addacb753139aa9dbb4fc0a855a4c37134c417e2950324dcc8,doc,docs,no
docs/performance/OPTIMIZATION.md,657,48d472e51ea3f182eb24784197edfdaa5e785159a2f8f0978efc06c89fda0dd6,doc,docs,no
docs/plugins/00_INDEX.md,5977,aa44fdfb959873b5abf22f9b3ae5487b5c4fb1b3f518f583a518be89c02f6a06,doc,docs,no
docs/plugins/algorithms_phase1/01_calibration.md,2881,79f0cf94341c1baa09e72581d6b205602dafa12e9dfc4150a12f328a7f7f987e,doc,docs,no
docs/plugins/algorithms_phase1/02_cosmetic.md,2557,6f2e3bbbfaa2d3020e6092d4be5de0a2aa354f9755f068a31332b8439c46aa56,doc,docs,no
docs/plugins/algorithms_phase1/03_star_detection.md,13417,507e481efe7fb2f083f4930842c898d3ca911d559cd0353a58d4c8cea67a6d04,doc,docs,no
docs/plugins/algorithms_phase1/04_psf.md,2821,70f138616229636b9de038692bd92716a64080eda8a3f49b73320c5d0b54d521,doc,docs,no
docs/plugins/algorithms_phase1/05_platesolve.md,2958,007671d7489b8725ba65ca4004ff70cabf8c55acf9db13457d1f25d080dbddab,doc,docs,no
docs/plugins/algorithms_phase1/06_photometry.md,10112,7035b2814f34ae0de44b124a33a4e3d32b3c4d78af4a73eb363a0eae5d0978b6,doc,docs,no
docs/plugins/algorithms_phase1/07_noise_snr.md,37544,3713eb8a4c63e55aa548381f0ce53b10f0932cbc146c23340935bfaea8204d66,doc,docs,no
docs/plugins/algorithms_phase1/08_drizzle.md,8376,dbfccabc598c66f961217e464efeca5cca2bdb21ac752bcc607bf480855701cd,doc,docs,no
docs/plugins/algorithms_phase2/09_coverage.md,2688,df7008e9b7e630c39317f22872c2c592a0662d4c7bcf2e1be848edf96f0c5e54,doc,docs,no
docs/plugins/algorithms_phase2/10_sampling.md,9233,39ad5fbd3a1285d96257eaf2dd6f1a3f5092e2c80271771fa38f704885aa5842,doc,docs,no
docs/plugins/algorithms_phase2/11_upm.md,18950,3072ed2a0570ca9d60dbe36cf23d664c0f0b35ccc629774dd4ead1dbb59b3b12,doc,docs,no
docs/plugins/algorithms_phase2/12_rejection.md,5691,2377ac298d996b9c119704e06877f46154ead1aed4534bb87f5b063526f55143,doc,docs,no
docs/plugins/algorithms_phase2/13_integration.md,8973,02b3b22c254065e562c8f241b50e8873b0dbcc028ce62eaccf6b3a6fbf9c46b8,doc,docs,no
docs/plugins/algorithms_phase3/14_projection.md,3159,f87718945780ae2b7763a40917412a3fcc27f80f84cae6f2aaf28383c8b0adf0,doc,docs,no
docs/plugins/algorithms_phase3/15_resample.md,3157,9834189a707595857f313188814093814e39334c686a6b242408006d592826fa,doc,docs,no
docs/plugins/algorithms_phase3/16_fits_output.md,3818,358af3a096d4c75ecec846b9c61c11dc89721a968ab245445ca5d530fe5ccd81,doc,docs,no
docs/plugins/infrastructure/17_aio.md,3962,2597179fede61c7513861b886e36b2392d6c1d1ff58cf77054051ecfabefa602,doc,docs,no
docs/plugins/infrastructure/18_cli.md,4923,48ae30a8b24dcd842d764d674712895b587bc6f997cd40a5f0a094b2ece31953,doc,docs,no
docs/plugins/infrastructure/19_runtime.md,9091,515429917c0fca391ae4992ed7c521a4a39e364c8134bd981c4220a26e092e06,doc,docs,no
docs/plugins/infrastructure/20_benchmark.md,2256,805b1df673620c2524cb82ba1671883972df4ba5cffa8f40e49a5ee57d2a318c,doc,docs,no
docs/plugins/infrastructure/21_observability.md,14218,fd687d2fd83e84ae7c4bcb2f92fd9b0673fddf663036627b4c5a361edb8332fe,doc,docs,no
docs/plugins/infrastructure/22_gaia_xpsd_client.md,4329,5216b32859f14f22b33cdb92b817615929c0de7e4605197d39a569d00b77fc81,doc,docs,no
docs/plugins/infrastructure/23_hips_browser.md,1965,77075f2783efb0e70387bc3eb509979598f44e70f641b4862ab3c395113d91b8,doc,docs,no
docs/quality/complexity_baseline_v1.md,1748,0eed5100d1a4917143ba39f34934f4aaba03cb4e53625ff6c719620fc43f7f0c,doc,docs,no
docs/quality/coverage_baseline_v1.md,1533,54542ecf65bf1150fcffcd8be806a60d6aff485c81ef73c000712da941174a9b,doc,docs,no
docs/references/PHOTOMETRY_LITERATURE_REVIEW_ARCHIVE.md,29121,93d724e2f6ef3f7902a317bd8b304aefa20cd8113585d4e997fd83d924e848e5,doc,docs,no
docs/references/SCIENTIFIC_REFERENCES.md,31702,2e4410c057c28a426181ac39bac4b98214f19297f1573813b7611f98bb1d870e,doc,docs,no
docs/research/CCD_LINEAR_DEFECT_LITERATURE.md,57196,2a8ca40544b4f15bd25a6ebe33d86ecd3547222fc5789a3e1f1487b3b511bea1,doc,docs,no
docs/research/COMPRESSION_CODEC_RESEARCH_PACK.md,50499,b6966b39cf3ec80b0c8ac4ce36cf1a8cb931414a511e9157c33aa54f469895ef,doc,docs,no
docs/research/COMPRESSION_CODEC_RESEARCH_PACK_TABLES.md,68684,7431f129e3d8420bd7a30e9f9dc08d1591501a7853850fc4ccc3d0a3e6eabf8e,doc,docs,no
docs/research/IVOA_HIPS_TILE_FORMAT_RESEARCH_PACK.md,48455,6ce927f7dc8d00f4bbf51b5c36be1f58d09a2be1c3e2096aba889a3c01575b47,doc,docs,no
docs/research/PHOTOMETRY_RESEARCH_PACK.md,29362,b13c50053fbee1629da528a02de60b4ad80dada8156402db317d92a9f45659af,doc,docs,no
docs/research/SNR_WEIGHT_RESEARCH_PACK.md,26765,ded7e43ccaca7b69d389fcd1cf4510adc857784b63c17c2bbc3337827519bdb4,doc,docs,no
docs/science/ACR_EQUIVALENCE.md,18000,fc5ec26847c856096e1ad0903829ab890d850f245118c2247f0846bcb9f6d69b,doc,docs,no
docs/science/ASTROMETRY.md,27481,560bee26174e83e3ff476f181d23e179faa3e94fda670e691d52d1659b94a1bd,doc,docs,no
docs/science/CALIBRATION.md,51688,f484a198bcf06f804fc7c446cf01a348868551e925ef4d7f1c4fc628871f4cc6,doc,docs,no
docs/science/CONTROL_WEIGHT_SNR.md,32135,83479286592afd11abbfb623a1da75e31aae09f065fe6f0018d37b70c8ca7e16,doc,docs,no
docs/science/DRIZZLE.md,21811,b11f7d4746f4e231b678158109a0ea979bd4dafe2f1c9ccf15f2efb4e9862f78,doc,docs,no
docs/science/INTEGRATION.md,12821,fee040cba02c25ff24e0c764564b527bc8354038403256dcdc1417c1b28e4712,doc,docs,no
docs/science/NOISE_MODEL.md,56975,643a9f9b3dff436240ce24552b86cf95b2fb95c63a79a3a9b8651e7dd39dd433,doc,docs,no
docs/science/PHASE2_UPM.md,49680,5a382f74690937c8bc7c18dbd2b11eade23660ed2f3a464305050bce85139f53,doc,docs,no
docs/science/PHASE3_HIPS_TO_FITS.md,34176,25ea51ac5754475c56c5b79f5563b78f0a6953263c57ca65cc70645a12f427c9,doc,docs,no
docs/science/PHOTOMETRY.md,58831,6eb92e9abbaee4d787cd325dcc0db6ad3727ca1f28b3f4d3e7e05b72d306717b,doc,docs,no
docs/science/PSF.md,15382,1a15372d168cac17dafa55df221edbd2285dfbaea04a4ceb2774d6c25290e874,doc,docs,no
docs/science/PSF_SIGNAL_WEIGHT.md,16886,0a42b9f055801da41256e09307a55841d73dae366733359876dac1a26337989d,doc,docs,no
docs/science/REJECTION.md,39790,2b4ca57b98e70505de3c105328d193dec93cef30f6c285628d3cf5bb5abbad3b,doc,docs,no
docs/science/SCIENCE_SCOPE.md,9220,c907e4dc0bcd828a74a1741c1ee9d7fc52589a19f2f9aa3224d0b330b0a03088,doc,docs,no
docs/science/STAR_DETECTION.md,15017,ffd1abd99c544d0bae8c302254a07ded65de08ca50ebe917a7a9fc443f4ce756,doc,docs,no
docs/science/UNCERTAINTY_AND_COVARIANCE.md,12673,221fe91d6469aecc06e132a8c2dac4a85f9729fd238f2963a67acd48f66183e3,doc,docs,no
docs/science/UNIFIED_SCIENCE_MODEL.md,8794,6b7a8778829a79a5cba88e9c9e1bfc7ee6e35c6451cfea9f5c42b7d1d9ac3ae1,doc,docs,no
docs/standards/API_STANDARD.md,1092,094174f9619fb672d47ee86ea0f7aaf54fbecb23cb3e42b4b6ffa3e6dfeecb8b,doc,docs,no
docs/standards/BENCHMARK_STANDARD.md,405,bde63a49f602175556c74696faa33db9f015c416e9f95fe3d4ef07ad655b22b0,doc,docs,no
docs/standards/CODE_STANDARD.md,2300,f75d5d63c1ef08b709bfa99879ed3437aa8a2d97495c8447be169bd720660a0f,doc,docs,no
docs/standards/COMMENT_STANDARD.md,1611,c3e5e21793e1ea632658d65b7db05309f1000e5bbba0d2c115169edc694e7c0f,doc,docs,no
docs/standards/CONCURRENCY_STANDARD.md,1017,ef0b0100a6d095c6509cf7f5e3e77eb3129fc553449a98df518216fe36b241b8,doc,docs,no
docs/standards/C_ABI_STANDARD.md,780,7e606d8b48a132b103df17014e06930727c158c8e66094ecbcb70361f76d0d56,doc,docs,no
docs/standards/DOCUMENTATION_STANDARD.md,2474,178e5e2c0e640b1f2a2865c0abfd1dd4187a25225e394ab6dfaf9c3c949afe73,doc,docs,no
docs/standards/ERROR_HANDLING_STANDARD.md,979,9d41ad8670435b359056620f9512aa950293c6d514957b243287600c5b3891dc,doc,docs,no
docs/standards/IO_STANDARD.md,769,e281f4a2f17482c0913961f70738950f44f0992bcf01cf670084e35c3933861e,doc,docs,no
docs/standards/LOGGING_DIAGNOSTICS_STANDARD.md,631,dfdbfe43bb41d185a6b012dc7325548039ffe2d6a4b355711647026d98b5f9aa,doc,docs,no
docs/standards/NUMERIC_STANDARD.md,10581,e26f5930ff505238959d107d90c32abed55b12c5c7ca77ffd975251792811b94,doc,docs,no
docs/standards/RELEASE_STANDARD.md,1039,fcf3bcfa27a86d70978136c2c76b66a7be75147b5b01630f7ef2a2361d74891b,doc,docs,no
docs/standards/STANDARDS_REGISTRY.md,42138,25f8ab23458d01939370877d5a1016e1c0053489a7e6fed9cfab03c47ab683aa,doc,docs,no
docs/standards/TEST_STANDARD.md,566,aea9ffaa62a9db23c2ffffc1f29a342a283121cd29e5393796f5862654430a72,doc,docs,no
docs/standards/checks/check_standards_registry.py,35878,715c9b85f84b4f052e451246585d029e8798b96e9cdd4eb7995ccf02ef304c34,doc,docs,no
docs/traceability/TRACEABILITY_LAYERS.csv,1105,f15f2c6526c4e7d09ed2169b613477dba43c187a969550007d9aa6f02ee5da9a,doc,docs,no
docs/traceability/TRACEABILITY_MATRIX.csv,55041,9a1ca2cc0436a651308f5557eac921b2d180a6b761b3a5f18d23d9eb440ab041,doc,docs,no
docs/traceability/TRACEABILITY_MATRIX.json,71918,c23f9533681570af49e6328caf556aef82387793715347f2424261fc4224c4e2,doc,docs,no
docs/traceability/TRACEABILITY_SPEC.md,11226,549e42ec41bff2a37e6b66236a27f317ebf8816751ab0482dc690ca0fe83a15f,doc,docs,no
docs/traceability/traceability_warn_baseline.json,2302,bf2868eb8e5ac56cb34905ab880a63dcafdf3aa9f609e07cdd26a11952aee7ba,doc,docs,no
docs/validation/SCIENCE_FREEZE.md,4492,4176d1fdbec927a2b48ac4f701b43726cb25704a771091f6397f55a34bbaa2f2,doc,docs,no
docs/validation/v6/BASELINE_COMPARISON_MATRIX.md,6486,7c752bd86a93f90dbaa9187dcd30debaa3f0ed37769c45c8eaa974af9d50b45b,doc,docs,no
docs/validation/v6/NEGATIVE_MUTATION_CATALOG.md,4188,dd81b2581b2589ea7082c53af9077060e6a0f3d89c551843c01ddcc98311e68f,doc,docs,no
docs/validation/v6/ORACLE_AND_ZERO_CASE_POLICY.md,3204,6c72d5eedd7331f5c55ee61adcedb7d03910144220254754a1e0935a2a30f279,doc,docs,no
docs/validation/v6/P0_GATE_FAMILY.md,3242,f36a6a1243eaff12aca67bd6a40d7e558ba81bf7abc79dd4f69776355c1d27b2,doc,docs,no
docs/validation/v6/QA_MATRIX.md,77275,65bd955993612ae24d1b572f88201765f88e084ca9ec794e8ccb2e2d48feaf1a,doc,docs,no
docs/validation/v6/README.md,2040,ff2e3f865c53c0e3066bf694dbc952226aceffc4cd4fcb996871e4874862597e,doc,docs,no
eng/build/build.sh,2008,6cc284e547722ef3c61b3f33e0ca7356d4f6b14546d56fb4cf460e390d432c79,excluded,eng,no
eng/build/toolchain.ps1,3790,780928079b02c758fe69486d28d8ca9e2cc57b33de4e2e94869356292010209a,excluded,eng,no
eng/ci/ID_MIGRATION_MAP.md,90388,23c0d27ec043571f77696be132b9739e58b5697d8c8695b7d9621a74bb25507e,aux,eng,no
eng/ci/INVENTORY_REPORT.md,10018,b85c6b7cafb5939e42440dfbf3ac3170dbcf4829f29ea20364c49f2208e07318,aux,eng,no
eng/ci/WORKFLOW_BINDING_AUDIT.md,7275,d2363296168fee15e40f8e56030068dbe5e572b691f29c1677dd5bb4f9ca7731,aux,eng,no
eng/ci/actions.lock.json,1630,3dfd2bee6a2a5d055c78ff9922ac9d485847ac21530e930dc95defc463d6c484,aux,eng,no
eng/ci/bootstrap.py,16524,b421dc0aa1b70b71b0b76b6998aaddf0ed833014478fc052e23409cc6ec539e8,aux,eng,no
eng/ci/check_aio_io_boundary.py,72420,109bd1db6237cbf9bec03cf73d54db0e27bd761b9e40bfe33fb63ceceaffcd57,aux,eng,no
eng/ci/check_algo_wiring.py,14760,26f9a35edb58c56604e3ed071d7029e7e8b882040331ab050d30ac3092a1c323,aux,eng,no
eng/ci/check_build_provenance.py,16313,cea6fe2e2488ccb3b6acd280a11eaa866f064f73e060a1f2748c0c3f7851b129,aux,eng,no
eng/ci/check_config_consumed.py,10384,a8dd95dece04a247fd0ebe04bb17cb96181af6397e861541c86673bdf0a5ffa2,aux,eng,no
eng/ci/check_config_defaults.py,14370,c0a8500d8ee3744246a3f55512601999ea32335ad15134e2567448c154d131f9,aux,eng,no
eng/ci/check_event_field_sets.py,31209,65b6a0ace0116adef6d7f6e941783c89c6c10bc934e5a5c9c2d4a4efe3599e92,aux,eng,no
eng/ci/check_frozen_gate.py,15400,dbd9631c7f4de35b28ecbd03de95bfb868ac57265a1ed44cb96c2ecf27a25980,aux,eng,no
eng/ci/check_mutation_gates.py,23256,7f151175f72b87b9d4c1fe2c2cf6396c3dee160b1209ef2d58503236f7bbea52,aux,eng,no
eng/ci/check_no_weight_mode.py,15242,b6e919bb8c4136b0ce5fcb82ec1079dcab5c632f39fa2717e3328c2386ab79f6,aux,eng,no
eng/ci/check_no_weight_mode_code.py,16178,e7e8352597f63935037f43a72b5bbc41aa6b70dfe27948f2845e58049ca5f925,aux,eng,no
eng/ci/check_plugin_symbol_closure.py,17738,bd365b47bb1630c4194326ec7b5f6b0ff5f1ca67e94d02738c27d9643f585480,aux,eng,no
eng/ci/check_prod_scale.py,9441,d2ee79bdf2df84cf900e1bdbbb5ae79c1125b47cd823370077a1d2b75b2983fb,aux,eng,no
eng/ci/check_prod_wiring.py,70784,767bc3aa47523ddee9a17872ff7c60c8f7742cb21003820fb12b64f292d0e5e9,aux,eng,no
eng/ci/check_provenance_consistency.py,33319,368c5bfb3e605d4bf31205f2fa3ef3241fd15fc1a583fc371808dd9fe5e5ca15,aux,eng,no
eng/ci/check_psfsw_retired.py,5159,836d4d1422e773cc02f67ba0acfb6acc4d13ac04adbdb66c57787b9a89a2ceb6,aux,eng,no
eng/ci/check_realdata_e2e.py,12021,94d33913ab27acd8102b5dd02e4b1d4557d3a1a21944353ac511fb2f5f900685,aux,eng,no
eng/ci/check_registration_anchors.py,18142,a1d02aa78e6c5c563e5613b1a9e1a6bbfb01c6bd8fec751c626775959b4ba57b,aux,eng,no
eng/ci/check_registry_doc_sync.py,9384,b67a0824dded98094360f1c25bca6195d5fafc9afc753f8895d6c5ceddda6279,aux,eng,no
eng/ci/check_registry_ir_parity.py,28411,8c5d5e492b4ba9dceecd25765e5bd466bef19d26389f9a1086bebf07583e4c65,aux,eng,no
eng/ci/check_retired_code.py,46949,3cf232d43e1e37e5abb12c217c06e93e403167595cfe04aca848548d3b22eebf,aux,eng,no
eng/ci/check_run_manifest_schema.py,18645,11b70a82df48c20d0019ef4e07800f61885645d675251a66655c6df95b92ef11,aux,eng,no
eng/ci/check_spec_named_impl.py,28232,abef48d6d2b446f8bb28578ce1575dd7b611f1fa20fb4d2393709f80706e3e1d,aux,eng,no
eng/ci/check_test_index.py,17899,7bf5a745de356b2e5e90bbafe57f122439330119561191a88017ca2eb5bc2a88,aux,eng,no
eng/ci/check_version.py,41766,1d6146f1b380cfbb9f98795fd124ec869c255b0f9f7dfd128d21db18aedfc8d2,aux,eng,no
eng/ci/check_worker_balance.py,19558,4a8d2f37440757dd3a17ad490d521d94541445427296ea9c7517e877cd03e2af,aux,eng,no
eng/ci/checks.json,343991,94b1fa10f741f8f74791589b28038d648ef0a373910abf80309ac1cfd6876098,aux,eng,no
eng/ci/checks.schema.json,9735,cacd8da269ca0c1f9aafef993f5a58e4f971c8d25332874e87a51b61f86d603a,aux,eng,no
eng/ci/ci_repair_round.py,35599,ab493943eda59fbb1273df8cd15943a39ef968568451676a362b7b1f0fdd96c3,aux,eng,no
eng/ci/ci_result.schema.json,709,91fba1dc6955f0ecfd73b97383ff065c0c455a10202c964960a0c8ba54911933,aux,eng,no
eng/ci/ctest_baseline.json,4994,fc0b646e83954ee51b273f45a869f7e22dbc52ec33feeac141fd2dc86706866f,aux,eng,no
eng/ci/ctest_skip_register.json,7194,4238cefb0d194c8f1d3febe8d22bf9a60803bb6c50d6680b7ce6377a1ecdbc9e,aux,eng,no
eng/ci/exemptions.json,1103,59ebfece7277a9cb35ff03fa44a2653a2d0872b7739111d49242fb499054d4e0,aux,eng,no
eng/ci/failclosed_survey.py,13054,2c2d759b1df558f54f557ae739d65b4bcd556e836abe9160bac707515606294c,aux,eng,no
eng/ci/fixtures/provenance/applied_example.json,119,a2022444371aa3d982c30c7ac7e37932d5b635e867b839e075dd9ba0aa6dd3e4,aux,eng,no
eng/ci/fixtures/provenance/neutral_p1_phot.json,184,84b1e82ca1a76bb4c0f3175e076d8a5cde25cfc88e1e9f30dce6c05b90e153ec,aux,eng,no
eng/ci/fixtures/provenance/prefix_bug_evidence/README.md,834,ff4975817eff3b1b5e74d2dc7bb17e38a06e22c8ae7fe515150beb23ea2ae65d,aux,eng,no
eng/ci/fixtures/provenance/prefix_bug_evidence/m1_fakewcs_prefix.p1_phot.json,862,a8d7f6a55051fc3ed1c5b87caeb54309fd70e04c8869e5571eb6a6d6c9add466,aux,eng,no
eng/ci/fixtures/provenance/prefix_bug_evidence/m1_real_prefix.p1_phot.json,891,0f5b78a2636659a35d3bfd88557b2d8ef41f940b55f82245572a0a89c2f8b82c,aux,eng,no
eng/ci/fixtures/run_manifest/real_manifest_sample.json,3887,73733ffe611342f79eb35b0d843cb2456cee3b6e8c6d6fbfaaa984379fd1d124,aux,eng,no
eng/ci/gate_common.py,5696,867795476c83ed107f4d2bd0ec1632752ec6d16694dee19dd4e3cadd99e91ea6,aux,eng,no
eng/ci/gen_id_migration_map_doc.py,39014,b8107c61ada97a2f1fac3e6d2ed575ac063d4077f9b08c0e9231585d3917b09c,aux,eng,no
eng/ci/id_migration_map.json,140975,cd0614f0c99032a6c1982610f1c3ac435bac50e7a26104b24358d2ef4a6e884d,aux,eng,no
eng/ci/impact_map.json,17847,8eb02057f28e041f22f5f6554c29bf7b071f35ca8c77fcc25ff1fb365fe863b6,aux,eng,no
eng/ci/incremental.py,22248,752c6ef4528a76c5ee6902cd793bb58511c62aef48f90941225b38ff96fa2633,aux,eng,no
eng/ci/known_failures.json,5490,db0de532c764e1a059b674d9c61f89c3a2d807e0a06e9f8f4bbe6731551b8290,aux,eng,no
eng/ci/known_failures_baseline.json,16121,805778862211cffb7da7e952bfc69f5c5e37273fce80c48fc31bd126eb130082,aux,eng,no
eng/ci/l2_frozen_gate.py,13593,5f4531df9516a422db078c7aa263b38e3ed68d68c51f0f100b553af1e33f9094,aux,eng,no
eng/ci/ledgers/aio_io_boundary_inventory.json,74196,2f7423d59a9da2096bd6e0731b330f00939fe641ba17335ce59d93e2ec5a4f03,aux,eng,no
eng/ci/ledgers/config_default_divergences.json,3818,01f7c7db09a5131ada45f976e39aaa0d378f596f124421a3ae5614028b866f08,aux,eng,no
eng/ci/ledgers/dead_config_keys.json,24966,50203f6ef3f2a75cbcaadb9f9c611eb1a9712003b1d7eb0ce0c0fe30cc6d2e74,aux,eng,no
eng/ci/ledgers/dormant_algorithms.json,37157,ef2bd1d9c611d5da5eed87f09e6697561cadba76da8105e1222ba50a07d7fc62,aux,eng,no
eng/ci/ledgers/log_system_ledger.json,28028,44163946ae71747a4c600f754e3f4ffdf7a7c9457b1e67a057999da30978a6ef,aux,eng,no
eng/ci/ledgers/prod_scale_params.json,3417,12b895b844a7a7852acd1be1f3b4a8efb8700146fd863e48549b1a6d43dbc78f,aux,eng,no
eng/ci/ledgers/prod_wiring.json,83709,d3c1c13644580b54560a2bb37b7ba4775880a9161cf58c190c25cd052a0bad8e,aux,eng,no
eng/ci/ledgers/provenance_exceptions.json,103,eaf2b68bfe57af70feb0ce3e0f6d00ce2857e00801e3b0fc200417863d3a0ab2,aux,eng,no
eng/ci/ledgers/registration_anchor_ledger.json,5306,db2d8ee2955b4b8e2beb272a40b5e28c7126a36a4c5f6603b1bcaf95efd07796,aux,eng,no
eng/ci/ledgers/registry_ir_parity.json,3431,13660def3badc627d28abaa98c649e5ed41071d2f8817f5117080b80ef55d4ac,aux,eng,no
eng/ci/ledgers/run_manifest_schema_deviations.json,7910,83c97781287125102cb3302dfbdd4a20e8f7fac013423068bb07ee0b7a00e2e0,aux,eng,no
eng/ci/ledgers/spec_named_impl_gaps.json,2243,af21225f059c13fdd74553d956f8e9f5512ecefea3bde152b92f4f7714899d05,aux,eng,no
eng/ci/monitor_evidence.py,5459,01861c40d82ae9fac068ab91ad8ab0fbc37acfc0ede2a4e671753938331cd928,aux,eng,no
eng/ci/mutation_gates.json,8856,30537a5f4d7d3546debb2315e674a03a870d13737e99d6fd9721804560f250dd,aux,eng,no
eng/ci/path_domain_reservations.json,492,067825d2b552bdb5c77b49dd33e957f8d3e6d21e90f10b702b3efa5898c4bb11,aux,eng,no
eng/ci/polarity_evidence.json,31114,10d870543c515693c32bb0884881bd307bebb1cc55f5bc3c415f96151b49c0f3,aux,eng,no
eng/ci/polarity_probe.py,17689,e398a37dc402a5991943515ddae801f8c897be355f583d0cede9be3e2f941b50,aux,eng,no
eng/ci/prepare_linux_fixtures.py,10822,43cc5681837c794a5c7844af1a9e0aa2fe221ff4dd19d3ded1d5c4bf15c83aec,aux,eng,no
eng/ci/prod_wiring_baseline.json,14086,e40b448a8c4d1866b1d155d1159886bfac6765e11be0dd610802c953b7cb13e1,aux,eng,no
eng/ci/reconcile_state.py,12469,8ff328f40a5c37925bebd0f9a216174e03e04771b370ec385d59d4830a4530ad,aux,eng,no
eng/ci/resource_monitor.py,3912,34bb9bf565590db38764d32d6a96a265f167967fa2ff9877f3b02349d969dc3d,aux,eng,no
eng/ci/retired_code_allowlist.json,3423,ce4972a5b78b5847afcc257621aa9ce0848ba6e71c11277a22eacc93d6e6c771,aux,eng,no
eng/ci/root_manifest.json,8919,a13535568a756200bd4e53c2a076e4f92dc9feca90bf09a5dc2f1749ed5ab799,aux,eng,no
eng/ci/run.py,71548,35a87073a479ce3b67f3226831a897249023ff53a38c72ccbba9c52ae62b69c8,aux,eng,no
eng/ci/run_checks.py,98343,1d7939eb5ccdbcdb0ecf064a45bf4ddb23d3456333d99cf7d4d5afb539697375,aux,eng,no
eng/ci/select_candidate.py,25769,1d2e5c843877fb631429969d2f19226eeff53dcb90445059fbb9639c1080aeba,aux,eng,no
eng/ci/select_profile.py,3844,9fa5b865029df186b2aab0b7bae588afa5a631587e28d384d9098aa7d14f8cde,aux,eng,no
eng/ci/spec_named_impls.json,4633,1b4269863a067ccd7206bb16c45324e1c0ce93932d2388301d33569b0becad21,aux,eng,no
eng/ci/steps/collect_bootstrap_diag.py,3733,01b126b34fe616e1aec03dd15db4c57fcf61fb7b69d6a891e3cb322b08c831f3,aux,eng,no
eng/ci/steps/linux_build_root_graph.sh,4564,959807e27c5566732d6d320aa2f22408b77b638809ce2b7117aa2194018136bc,aux,eng,no
eng/ci/steps/linux_prepare_fixtures.sh,1136,1c67ca04e3f518b46d655f224a196b8cf5855d7ffc171f8badbd7829b7cb7550,aux,eng,no
eng/ci/tests/__init__.py,152,44754b759d402c52ec33a1247abda7f32f361bd5de52fb6885e9dab94d6f47ac,aux,eng,no
eng/ci/tests/_helpers.py,4335,c3c0b70b77303e690d45cbcb9edde83f958d803f909e37c3b63a86ad37c69f25,aux,eng,no
eng/ci/tests/test_bootstrap_utf8.py,8183,7009399308992d0aee08ce07724981f6bdb7bdafb1f98ffabc1a68817536036b,aux,eng,no
eng/ci/tests/test_ci001_failclosed.py,32391,125eee730aa6a4bfa3d59a91b75bead274e6e7ebf36607dd81d58fd19928b573,aux,eng,no
eng/ci/tests/test_ci001b_binding.py,16765,4aeedbd9b009b0fe90926d84494cf1bd9aeec4788743069e928ebd32a5db3748,aux,eng,no
eng/ci/tests/test_ci001b_wf_step.py,10486,376533643597b040f3b8ab880eaaacdaddbd42bfd59d236927bd324b40210500,aux,eng,no
eng/ci/tests/test_ci_repair_round.py,18204,b468c56f7c41abe1842e247d9a69c16dc404cac0ead4c2ea8d607999af2d0056,aux,eng,no
eng/ci/tests/test_ctest_registration.py,13433,c5c528ca4373ce26a2b9a9ea05363facf52063a64bd990a70de7c0085b587f90,aux,eng,no
eng/ci/tests/test_deep_profiles.py,39474,7ef7cd305895dc81415e851c32a0c5e475f37a413544b1c66fc38b4a86767203,aux,eng,no
eng/ci/tests/test_fatduck_workflow.py,36081,0cbc02f7c0e20b7f6fe3bc1a224a8b89b5f0f0c236a68056557548ef10ed8853,aux,eng,no
eng/ci/tests/test_gap4_empty_outputs_guard.py,6816,80cdeb04fdbe067ac03b09bb93913df07d7d16598ef13f2ab56779b249fbae7a,aux,eng,no
eng/ci/tests/test_gate_failclosed_selftest.py,8627,84a6a5171e099badd7e6b3bb8182aa189e6b7b992717734dc5e39b3504bed9e0,aux,eng,no
eng/ci/tests/test_impact_map.py,20728,9c2e1b185cc1fdf6fc25e966d8ea53818d3d441153a0fc2009ee1829981b36cc,aux,eng,no
eng/ci/tests/test_negative_guards.py,31474,e183d54ee2f7a936b6cf3575d856d42d9119aba87746c016f8bafd44cedd85b8,aux,eng,no
eng/ci/tests/test_resource_monitor_shim.py,7540,2f454021ad8591c5b6057aebd5006075ae43dd737428489972d52dc9ab771c7b,aux,eng,no
eng/ci/tests/test_resource_probe.py,20969,5d50088774be05647334ae8ee93f6bdeca197166bbf4abe16d37218774a6e714,aux,eng,no
eng/ci/tests/test_run_monitored.py,11484,27f427b2dee024008974a3fc69b03472982a50cb284dc188da0a063ae8b22881,aux,eng,no
eng/ci/tests/test_run_prefix_probe.py,6435,a73497ee14bcb3c330efe66714bbf84dff1dd68706838bcb0d55119e9badb861,aux,eng,no
eng/ci/tests/test_runner_contract.py,10097,7183d25d0a9973e6940031beb48de57c5601960a01a80804a4edda2133d2ab9b,aux,eng,no
eng/ci/tests/test_runner_execution.py,17204,8ded544d19cc7cf0df5a66bf95874ebdb16e082e4db2a132293f464219198a90,aux,eng,no
eng/ci/tests/test_runner_selection.py,13795,1b6f0d7813dbd26aeafb4ed871b6a454d081d840ec0a94f7bf5495209b070b98,aux,eng,no
eng/ci/tests/test_verify_remote_run.py,21659,e3dbcd2289959554b60f1ee2cc45b1f315130bd7f971c5f0ac368c104ee9d0ab,aux,eng,no
eng/ci/tests/test_windows_ci.py,26075,2ede79b96d2166fa606c3985b8c08d98165fedb5244251ede05de8a6be9722c9,aux,eng,no
eng/ci/tests/test_workflow_lock.py,32624,2a5da5f44158780c31ae2a2a4069fbc7e6a0f660277b0d62cb3938492a9b7e2c,aux,eng,no
eng/ci/toolchain.lock.json,5094,7ec29fcd1be21af39e2cccc67026728018e27feb99c14af2617bcec8751172ff,aux,eng,no
eng/ci/toolchain.policy.json,3460,2fb81389adfd66dcdc998b613ae3961c1d7bff9336fc8bef08b565434a2751c1,aux,eng,no
eng/ci/validate_candidate.py,13386,a42267943fca755ee3acf8998405904ad761a270500f6564cb9c33f764fe2a8d,aux,eng,no
eng/ci/validate_registry.py,27899,0493d46328db167379956507f4ed31b198ee489c9a4b6e4986458c5bd6f36dee,aux,eng,no
eng/ci/validate_workflow_binding.py,30824,188b4cbb27b925bd2388848ab1d506f70849bd898c418112c610117f5ec8e986,aux,eng,no
eng/ci/verify_actions_lock.py,13763,4cde3bdc7584f29e599710889bff77d73aab3b789a8d95067a40f76d0fd17237,aux,eng,no
eng/ci/verify_ciqa_report.py,5268,dca1ce2fc281ae46aad898ecec728953876c5d8e75c6b046bec0e55f16ee137d,aux,eng,no
eng/ci/verify_remote_run.py,21159,e5da50fbbf460222f8765d993733b7d38fced993103a6cb674ea4528b1f3af0c,aux,eng,no
eng/ci/verify_toolchain.py,9657,6f3b655c731e22df9af170435edd9042f092156b1685974c2ed26769c64642b1,aux,eng,no
eng/ci/verify_workspace_adoption.py,10541,0fbd79f6eb3f238fff0deaf3148f4e0c741fa81297db5c8f83c2b621cf4d5fb4,aux,eng,no
eng/ci/wf_step.py,11064,6f64774b1f29b9b5fa2493076af0f70036874f9372c6fdd5fe3649bceb9256c1,aux,eng,no
eng/ci/workflow_binding.json,6559,bb2dd159b333a9689062163828b63a29326461bdc4fc5dca16720d8146b685c4,aux,eng,no
eng/cmake/ARCH-001-migration-manifest.md,12948,7cda5f2f2b94f5b540d40e13f0b0ee5a689ad966358d9c25bd57f9b46a1f20e5,aux,eng,no
eng/cmake/astrocs.product.windows.json.in,2987,34e67f0676698f5b6edfa82a81783c342841bc8edb09cd37aa8db51d5280f790,aux,eng,no
eng/cmake/cfitsio_sources.cmake,3509,f52993371d04de88fe291e821802398c01b107be2be87b7da8085677d6bf6821,aux,eng,no
eng/cmake/install_layout.cmake,9184,5569c1a2d75d87ddf21a493d133e6efb17383cb085d2055774fa485a997f736e,aux,eng,no
eng/cmake/qa_coverage_report.sh,1494,86042ecbd8a1b9d5819aaf0d2415fa7daa538ad9ea9b76cd856fbc6d5675ac78,aux,eng,no
eng/cmake/toolchain/verify_toolchain.py,16637,ef85880fa6ec257961f5af4cd2bf19b6a00cae44837cc1e8d1d0fcdc86202ebd,aux,eng,no
eng/cmake/win32_pthread_shim/pthread.h,2719,ac14d1fad1ba6e8fe9961ca07e9674265d387922c1e15a88d51b420b36e9797c,aux,eng,no
eng/cmake/win32_pthread_shim/unistd.h,293,9b5802a9eeb50a2aa1c9002667a7cb07f60495311eec3df64d811ccc0666e852,aux,eng,no
eng/contracts/block_flow/conformance_deviations.json,5163,ebbcbfe0194b42ccff6cc0367671cd9b44ec5ba8190f3d7bb3f4e9c7128a72ab,aux,eng,no
eng/contracts/block_flow/stage_block_flow.json,15024,525393a7967abba7f5b7a4913403fb3295824bb76eb0b2e0cf8827d858911b2b,aux,eng,no
eng/contracts/config/cli_modules_list.schema.json,1789,aaab1c1d9d5af68e453b127d96bf339dbfba4b8cdaf85f833e61aace04e8c89f,aux,eng,no
eng/contracts/config/cli_selftest.schema.json,1050,605bc59ee816206d38066ed39300ad69699ff5027c1c3e0e1da8a944c8598f5d,aux,eng,no
eng/contracts/config/module_dll_contract.schema.json,11036,912e8a827114eef36ccd6a497a8cedfe64f078ac4613d8644599c8b6d4724c5e,aux,eng,no
eng/contracts/config/module_lifecycle_contract.schema.json,7713,62c6a05502ec290070745d90076d0e864958587b15737d5abf74749d6d452f7a,aux,eng,no
eng/contracts/data/aio_abi_contract_v1.json,6492,e45c4abd2771f9ba61f46a3e55cf509f062f47add4b1d6e22d0469091bcead0b,aux,eng,no
eng/contracts/data/artifact_manifest.schema.json,6355,5d86f25834880948e769ae007c38100c438b178cd46371f302203dd4c922df0d,aux,eng,no
eng/contracts/data/artifact_types.registry.json,2033,2f4e256a8c4f0da92962c663e8231c930ffa643e6321ca97ff8030414379e757,aux,eng,no
eng/contracts/data/examples/external_fixture_hips.example.json,1915,6fff5bd0d2c3aea7759491d352a7b88c6de237436c6d62b3545d4b87ece3521a,aux,eng,no
eng/contracts/data/examples/frame_hips_manifest.example.json,1191,8769f95ae23995a9a8d847f92ac79131e8e4d0c4e2fcb07782aeaa44b2eaeaa1,aux,eng,no
eng/contracts/data/examples/phase1_product_v1.example.json,2121,d5a92630633831af76511fc306997f3e55ffcb37637148c43832a8433033125c,aux,eng,no
eng/contracts/data/examples/phase2_mosaic_v1.example.json,2173,d9aad64ed543babf17ca835f54a3a610e08b0c0246ed38a99ceccd73a7e62691,aux,eng,no
eng/contracts/data/examples/phase3_planar_fits_v1.example.json,2028,25e51697242f3a5edfe6e18833be770c78ef49552242006657bc29a9431c53c8,aux,eng,no
eng/contracts/data/examples/v6/covariance.example.json,1218,3191e3a60fb6f52b9e68910e59a28e7f6c354498e0308cef2fe9a15a1e70c6e0,aux,eng,no
eng/contracts/data/examples/v6/effective-psf.example.json,971,a879308a71a0f1f96d037f8f7c50b53546a1164adaf0830f4daafb925377c157,aux,eng,no
eng/contracts/data/examples/v6/phase3.example.json,1185,21a467aee1fa0108f5c27cea75d9a065668a3592a076c82e618113d8f3e9f9ec,aux,eng,no
eng/contracts/data/examples/v6/point-information.example.json,1321,db8ee27802c880007f6861afc50b23fae46e34da0c9c40e86ac6ceeaa74c7977,aux,eng,no
eng/contracts/data/examples/v6/provenance.example.json,1717,2e034ebd7f107cab3a782a072a549abe62448a16a34f12c916f2046e402c3f57,aux,eng,no
eng/contracts/data/examples/v6/psf.example.json,889,eca4c462459b14cfaee0ad67b833a5bccfcc70200b147529d941b890579ce54f,aux,eng,no
eng/contracts/data/examples/v6/psfsw.example.json,3118,358cb764fdf1f66c10949046c0497b9bb35d6a437ad541db9a6513d624da5cd4,aux,eng,no
eng/contracts/data/examples/v6/signal.example.json,891,9572b2952d1645b295adc47f07ecba8916279ade3b270b303fa784495dbcb914,aux,eng,no
eng/contracts/data/examples/v6/units.example.json,3769,a3c9647faf927dc45422a3f17088ec5c80cedba4ecf83412fe8dc89219a15eda,aux,eng,no
eng/contracts/data/examples/v6/weight-mode.example.json,1146,262da2810aaf6705e1fd466f2782f903944611167929cbe64192205645d0fbb5,aux,eng,no
eng/contracts/data/phase2_uncertainty_rejection_provenance_v1.json,9392,1813f1122a22c5459207f864d2728616df85b524d9ba03a3ff70fbbecb6f44e7,aux,eng,no
eng/contracts/data/phase_product_exchange.schema.json,11683,05941ff039d1bd6f16872ff70ed108284ae3e17f61dcb4dfff35a300a4f11aff,aux,eng,no
eng/contracts/data/phase_product_exchange_matrix.json,7914,3ff821334e308dc8fd1f80d0c062dc048df451528a955504f24fece1ca272c47,aux,eng,no
eng/contracts/data/unified_object_compatibility_map_v1.json,23845,1f01556bed6fa6b0f7f8be18d6e45c0db108aa192b3b15f273b876b938cd2eeb,aux,eng,no
eng/contracts/data/v6_clause_registry_v1.json,164737,f12bad0bc699666dae9872dccfe2acd3e5c636747ef6df1e88f6483dab039733,aux,eng,no
eng/contracts/resource_gate_v1.json,5865,0e75cb687b5c3202650bb363d3b417cb5007caf564e3797cc15e3adea514675a,aux,eng,no
eng/contracts/schemas/contract_index.schema.json,1342,1eeb4d1b7bdddec87ae39cd1417d52f4559e0bb0384e388e16ccbbf941e1e3f2,aux,eng,no
eng/contracts/schemas/cpu_profile.schema.json,23603,613377324a642956d81ef463314be06c4dec728692b0f588fcb39b483dc0e61d,aux,eng,no
eng/contracts/schemas/dual_line_file_domain.schema.json,1255,d32c8d8ad7a4fe081f643b526a7ffaf2c8a4e4e094d2761dc1209a7ef0779334,aux,eng,no
eng/contracts/schemas/hardware_inspect.schema.json,2669,d332ebfe477a1d0605406d1d29d2565527a641b283b40e24e2e5a3b8db10c645,aux,eng,no
eng/contracts/schemas/hips_storage_form.schema.json,15827,ea876ba367a29835732eab617d20d5594ba1349c79d36f322a66d1bb67a7f7d2,aux,eng,no
eng/contracts/schemas/jsonl_event_v1.schema.json,9728,dcb3ff031b8d92e4a0023a32ec94178b9ebba91b9b982c0975efc6286bdff5c3,aux,eng,no
eng/contracts/schemas/monitor_field_semantics.schema.json,1227,221ab6af61354a1da4b2211982388b917800172a6c74b6966bb64d6ed7639e81,aux,eng,no
eng/contracts/schemas/perf_gate_criteria.schema.json,1639,8c02a58f42d7fbe51892ecb7229312a7fad74d750e76fd3d2e2c60293960c918,aux,eng,no
eng/contracts/schemas/phase_config_export.schema.json,28132,51b2a4b49003adf63777f750e4ce451ecb866fa5da849163dab57420db83ddab,aux,eng,no
eng/contracts/schemas/phase_config_mosaic.schema.json,18650,deb7b14960670c29f8ad0346b6392f84a6baf5989da795778c7b26979d9bd4ae,aux,eng,no
eng/contracts/schemas/phase_config_normalize.schema.json,35792,607f3fc4adf23686ff8e8c177d90a759688f5c3f41d2f6ca0c0585bafa4a454d,aux,eng,no
eng/contracts/schemas/pipeline_block.schema.json,1827,e3e0946ca80ce959e09a48bc79af399269d70686403c5b622554dc474583ffa0,aux,eng,no
eng/contracts/schemas/product_family_field_constraints.schema.json,140263,6d24e59d29901ca4cc28b7d387229b0b6edb0022c1c3c0c4c8f27ca3d677d3bc,aux,eng,no
eng/contracts/schemas/projection_registry.schema.json,4886,1f8a00f587140353fa3138971c686231fb9445bb25de1a95f0a79ae5e2b00b16,aux,eng,no
eng/contracts/schemas/run_manifest.schema.json,3626,4c4f59e9e1a4c09eb34f9496218224966c0e2dd51d37a07b0c806a08f5466f82,aux,eng,no
eng/contracts/schemas/scheduler_probe_event.schema.json,1179,c7d99456ba41c60f743014236b840288873fc4ff9ca6c5c94b695c0f4d31d5f1,aux,eng,no
eng/contracts/schemas/task_result.schema.json,3231,d5baaf0a7d5d5e4d4d91dc7f7897ec8f7168c74a21123fd2e15daf67143af3ac,aux,eng,no
eng/contracts/schemas/traceability_matrix.schema.json,3391,58e487865dfca07ca7f32417631d61cc7f321dbd2fc1030ec41a107f713b5a25,aux,eng,no
eng/contracts/schemas/unified/coverage.schema.json,9530,c49f7a501d5eb64f50df7631647c945fb163176f1cc2145e0b32225eb9927246,aux,eng,no
eng/contracts/schemas/unified/depth_m5.schema.json,9675,015009dec00268bbffcbb4c0dff7e0c7ae176251d7d4591d626cb2e4faf5e638,aux,eng,no
eng/contracts/schemas/unified/examples/coverage.example.json,940,a09e79470b5cdbf4100fb7dd8c93887c99d96a96984d40093ffe92d28ea18e9a,aux,eng,no
eng/contracts/schemas/unified/examples/depth_m5.example.json,950,988e1d110c393b85bf5e90b4d4e3762a1db15a0cac63decd7b9cf775a0efcd89,aux,eng,no
eng/contracts/schemas/unified/examples/frame_snr.example.json,1003,4cbe98eac7b6e2c26ae1a88e650df73d4695b34e1635dbe37c2d3ca3aeb557f0,aux,eng,no
eng/contracts/schemas/unified/examples/ivar.example.json,971,6b258d1e29a3390ba9e9bfa1299f53e265dd8d6b15a62894d19ea442a22f8f5e,aux,eng,no
eng/contracts/schemas/unified/examples/point_information.example.json,1039,3094e14bf1097b466cae646b09e170a6922944e5326b76f4d9bffea5cf5b44f3,aux,eng,no
eng/contracts/schemas/unified/examples/provenance.example.json,1028,7c277f92cbff211d17e810fb35290bb62986f4fd11d8ccaf9ab3602cdd257084,aux,eng,no
eng/contracts/schemas/unified/examples/rejection.example.json,1040,ab5fd69cb3eba7295437b9d4fcf34b771a91729fcb8e7ba16bdd9aae051dbf79,aux,eng,no
eng/contracts/schemas/unified/examples/signal.example.json,936,2b629737a9670f2a1b55e8d15cfe5025d19ad9f4075ec96f47c8c1bf897a1a3e,aux,eng,no
eng/contracts/schemas/unified/examples/signal_flux.example.json,933,3000f844c186a1f0cd42d1968da3af0800d657416c484152614abc250c4a01e9,aux,eng,no
eng/contracts/schemas/unified/examples/source_snr.example.json,1000,69c35d8b54066b2a1159cbb4616e7f4d40eb1d2f5b5724562395bf3b330d3cf5,aux,eng,no
eng/contracts/schemas/unified/examples/sparse_snr_layer.example.json,1309,e576ecd46bbe6e5d038fdf3868be3ced950990d5563e193165b8009ec3390d65,aux,eng,no
eng/contracts/schemas/unified/examples/support.example.json,876,7b5a62aafd60824f59334ba6df818dd8f5c8d1875c61f71158ef417ef33edf9e,aux,eng,no
eng/contracts/schemas/unified/examples/validity.example.json,864,88f1a053b5467b4dfbc48c02779cc63a47b2db9ece1ed7fe0b38f2f76f63ab64,aux,eng,no
eng/contracts/schemas/unified/examples/variance.example.json,1424,162a3872dfce662803910e51c24a04e37677d705576b2c56893650eaf638777b,aux,eng,no
eng/contracts/schemas/unified/frame_snr.schema.json,14258,4b8e30fb826bf410336949f9364d3251df16d43249259559a6f630d31204217f,aux,eng,no
eng/contracts/schemas/unified/ivar.schema.json,14092,d220442344e808a56e45752f90d05e1aedd5b0ec6717fa9f37c92be7904ed670,aux,eng,no
eng/contracts/schemas/unified/negative/EXPECTED.json,1352,f7b701a9001173830e9a0ed261e204c14e2bf84a23c2916ce2cdcbf9d0f819f9,aux,eng,no
eng/contracts/schemas/unified/negative/n1_bare_weight.schema-violation.json,953,6779d9d03e434534092e87c51843fa15fb787c3a1eb050ded112d956201c23f8,aux,eng,no
eng/contracts/schemas/unified/negative/n2_source_snr_as_variance.schema-violation.json,1000,69c35d8b54066b2a1159cbb4616e7f4d40eb1d2f5b5724562395bf3b330d3cf5,aux,eng,no
eng/contracts/schemas/unified/negative/n3_coverage_as_rejection.schema-violation.json,940,a09e79470b5cdbf4100fb7dd8c93887c99d96a96984d40093ffe92d28ea18e9a,aux,eng,no
eng/contracts/schemas/unified/negative/n4_source_snr_into_variance_port.schema-violation.json,1288,ec32efa11bc7ccfc284af48d09a54b46c1eedd37c6281e416d4cc7b204ada78e,aux,eng,no
eng/contracts/schemas/unified/negative/n5_retired_psfsw_robust_weight.schema-violation.json,1425,2b24bdbc943ac155cab04a585785f18678c37088ea96dcfa59283c71581e1127,aux,eng,no
eng/contracts/schemas/unified/negative/n6_sparse_snr_relative_semantics.schema-violation.json,1108,a540eae3b02fbe6152884bbefb17b113160c73ef8ef0c7ad837524adb44ee534,aux,eng,no
eng/contracts/schemas/unified/point_information.schema.json,9710,26aa94ebc674d2d9366e57ef709f0a7aa364229c73f3422ce296c148833e2285,aux,eng,no
eng/contracts/schemas/unified/port_contract.schema.json,16718,12dad631de0c09a4bec94566b50becbdf65805e322d2ada3ffbe20289d7deb5f,aux,eng,no
eng/contracts/schemas/unified/provenance.schema.json,13565,9b7a7e8c40d2e921ed88bb0ec0408e31d3ed92e6a2f8c68603a3b04134909af2,aux,eng,no
eng/contracts/schemas/unified/rejection.schema.json,10043,3615c1b16804dde3867fdc3af484fe53877d5975af19eb42b6c75d5167faf0f9,aux,eng,no
eng/contracts/schemas/unified/signal.schema.json,15677,f2c753c6720d208fa44a4a0ad24fd9f584f16678aec41dbc005628439c6dd140,aux,eng,no
eng/contracts/schemas/unified/source_snr.schema.json,9941,f207164fdded9623f31ef955b48ecee669390dd59af6854274417d7fe8032833,aux,eng,no
eng/contracts/schemas/unified/sparse_snr_layer.schema.json,15756,19b8cb882cedf9d2ba1d4f070bea30c3985adf1424fbdfddea888a9f44e32b7c,aux,eng,no
eng/contracts/schemas/unified/support.schema.json,9342,f3a03ef338cf034431d09b496c863694daefbc034bd894497161fcd6482ae425,aux,eng,no
eng/contracts/schemas/unified/validity.schema.json,9099,c9755e601b38bb0ac5480b43ac91c97d709ce422a4f93819ccf0e48b9bd3a921,aux,eng,no
eng/contracts/schemas/unified/variance.schema.json,17444,f5ce5587531e5a9dc1e6436b2d5f41b8b6cf880ced483548ed83e1fd14b02131,aux,eng,no
eng/contracts/schemas/version.schema.json,1154,0a21a3921da4371614afc024cf2951662055fef012598e740f99c5a265cc4259,aux,eng,no
eng/packaging/README.md,3543,8ed93ff1a8573f75333616d447bf4670ce326fe8a16280da8de410676eedce26,aux,eng,no
eng/packaging/astrocs.product.json,3138,44089c1d691aef85ef28ddb83bbb8f39b5ebd4bd2a01a4df8838f84b07e9b79a,aux,eng,no
eng/packaging/check_packaging_consistency.py,36555,18a5c5b1c242706856c0201d2f87ca7f0469c5b8fb8fa16bb1cc7d83490a66d4,aux,eng,no
eng/packaging/config/config_registry.json,96270,49cdf025f5758187bd38396857c501de0086fb2a1522d42cac107e98467fcd69,aux,eng,no
eng/packaging/config/defaults.json,41915,874ac84fcb5912fd0787909e8bc609f0f15e92a0b583ea8edcf3e3365b6b0b60,aux,eng,no
eng/packaging/config/filters.json,239490,b169fc8cac7b642a3134a08769d564acf1fe16844ff3e9b914a49e3c40dcec99,aux,eng,no
eng/packaging/config/runtime_resources.json,6498,ac3c487f13018d555feedc26a1e6fcb311520dccac42994f20d863ba9910a6a0,aux,eng,no
eng/packaging/config/runtime_resources_generated.h.in,1876,f761fcd9661b7cd90c2a06e5aedb903a99f8f99ae5677464e09de2ecd1d6a948,aux,eng,no
eng/packaging/config/templates/export.phase_config.json,408,f4587eb55ebeeacec3b38dd22b5a60cd8e8100e53841e1256b684e17848ee0a0,aux,eng,no
eng/packaging/config/templates/mosaic.phase_config.json,224,e73d5cffc901dce9db4981c8a30d0817ae7048a25e3929cec435ee2adb133161,aux,eng,no
eng/packaging/config/templates/normalize.phase_config.json,882,b30218ceac89d0f7ab324587cad8d4276c79b7932e86c063b4d979e42272930b,aux,eng,no
eng/packaging/dependency-lock.json,10990,2e28387d043888ff5e18a846747a2e84500ec67fd50c95e6c915fcaaf263fd96,aux,eng,no
eng/packaging/gen_sbom_input.py,17009,43e540c4aff59b26018e7d32ca78f6efb6a5fb45bf3e1cea3fd4658fae5a753c,aux,eng,no
eng/packaging/install-tree.contract.json,2426,b62a02c178b399ce9e52fa64401d25c109be10105bef669741fc11b76de26c73,aux,eng,no
eng/packaging/launch/demo_gc.json,1047,cae711bd6decbb4b507e3068003be5acff96defb793fdc25d83d7e202b274321,aux,eng,no
eng/packaging/launch/start_browser.ps1,6245,3deea030b8d629cd1a7cb30e9899081552f21416c1c7211b39451fa3dd7c77c7,aux,eng,no
eng/packaging/licenses/CFITSIO_LICENSE.txt,1410,7d4fff8fb7a2044eb6b33df24515f68bda852aa1a1e85a15397187b86e098658,aux,eng,no
eng/packaging/licenses/LICENSE-INDEX.txt,1458,cd0726f1902e0497994311b2cb406e5174bc4ecbf54fee94134c0eff066f231e,aux,eng,no
eng/packaging/licenses/nlohmann_json.MIT.txt,489,d6bdd9d1029166e95bcfdf6f0e340ee7741abb9ecdd52abf23a1121aeb07ea8a,aux,eng,no
eng/packaging/schemas/astrocs-product.schema.json,1940,fe4fc087efcdd315300e535f6c558573145f76441f09c253afcfb4799cb0f168,aux,eng,no
eng/packaging/schemas/dependency-lock.schema.json,2495,45cfdf2cb76620bbd688e5bdbea2f8c3ce88a4903a70298705158c4595a70cd7,aux,eng,no
eng/packaging/schemas/install-tree-contract.schema.json,2162,5e1370c31067b81a80796c5e16a0192258cc084a1d62861f83cf08e7eeef90e9,aux,eng,no
eng/packaging/schemas/preset-contract.json,1922,4a49c944beb8e029ef68368aa5568ebb5e1e872dec345c561aa60f7e9a71f463,aux,eng,no
eng/packaging/verify_install_tree.py,17142,fbca71f4accbaf72cc59a66ceafcd41c038cbd04c5a73da9410956ad273ec670,aux,eng,no
eng/packaging/windows/.vsconfig,438,2e25704d703f611de35810c22f6d18313a117821fa98869369e9f2b5c01ef370,aux,eng,no
eng/packaging/windows/README.md,3169,3cffe01cce478572d0f70279e27453f25d62142a8ce6102a06a179a196cd1902,aux,eng,no
eng/tests/__init__.py,0,e3b0c44298fc1c149afbf4c8996fb92427ae41e4649b934ca495991b7852b855,aux,eng,no
eng/tests/abi/abi002_lifecycle_probe.c,12144,298606b60bf554fae6e0718e38efb8825c47a9927ec718826911c3eca95888d5,aux,eng,no
eng/tests/abi/abi003_loader_probe.c,5914,2b074957e3f9e9e31dbc82d8354969efb7f0842796888a46d4e8fb9b9ce78ff6,aux,eng,no
eng/tests/abi/abi004_registry_probe.c,6517,8d5ea426c766e2fa3d5559be503fc467ae722b4529f568b46a9ec8db8970c3fd,aux,eng,no
eng/tests/abi/mod001_install_load_check.py,19920,7a28800dee04f9a6b051d25782542caef8a2b11bdab62d816775488dcede0193,aux,eng,no
eng/tests/abi/test_abi002_lifecycle.py,18645,8f7d2e3467dc58b521155f019693a372221af95044c75c9d242a407e91cecb51,aux,eng,no
eng/tests/abi/test_abi005_echo.py,17884,6e1f73c4b846a77559ab2b8513a30b1484522a169741a89ee00cf218f992d833,aux,eng,no
eng/tests/abi/test_mod001_install_load_check.py,1864,1eaf0eb5e17f4c9e994ed43bd0a753ae2902cf5e2095bf8ee931e4992033599f,aux,eng,no
eng/tests/abi/test_module_registry.py,19925,4c9d7ac578fdde481d2c18d61379e325c63e4f1466b5dae1a3bf7dc69178021d,aux,eng,no
eng/tests/abi/test_secure_loader.py,25134,89e545add117bc585f3d99770a7f529150e34cb3ad08a5a2941cf57b1ca1ab09,aux,eng,no
eng/tests/api/__init__.py,0,e3b0c44298fc1c149afbf4c8996fb92427ae41e4649b934ca495991b7852b855,aux,eng,no
eng/tests/api/test_cli_protocol.py,10615,245107dcdb539e9ceefae8fe95ee7287c724ad0156a1e152f11a5d7db5639886,aux,eng,no
eng/tests/api/test_common_abi.py,2358,3be617f77487bd6940f2320150946d9b90cabc493dc65c800badbd0c15a2ede0,aux,eng,no
eng/tests/api/test_p1_api.py,5485,c7ea6d3c30734ec69ec12d0dd39adddca96a53ce432f715529614806f1f4cd9d,aux,eng,no
eng/tests/api/test_p2_api.py,2433,c1d876ec79c60d21fb024781d9ffcb53718acc7bbe40d0ebca5e543953b609da,aux,eng,no
eng/tests/api/test_p3_api.py,2047,45c8d7233e079306b62bdf833c79b371529a87a55ee32c905480ab53f89823f1,aux,eng,no
eng/tests/api/test_reject_integration_oracle.py,8036,451b5a59206623c62457cecfce16eda2cf76163c5ca7695ca4330d9a24f07778,aux,eng,no
eng/tests/api/test_reject_parallel.py,6469,a15072046656b4f342092935532a51f38164085e38365f4bf4c217849f93213c,aux,eng,no
eng/tests/api/test_seam_metric_gate.py,5604,a4a90ec49ddad4e8e840ef264578bf24e856c51917009477d6d3581a3f55841a,aux,eng,no
eng/tests/api/test_upm_parallel.py,6150,be7797c3f254aea23f53f5647661bee98b4cb740fe848d2f5b3cbe82a6842852,aux,eng,no
eng/tests/api/test_upm_recovery_oracle.py,7281,698800a1ba7187c0a6ac7870bae54b5ec0cd106bf0638b1e6315942f02c02c53,aux,eng,no
eng/tests/arch/__init__.py,0,e3b0c44298fc1c149afbf4c8996fb92427ae41e4649b934ca495991b7852b855,aux,eng,no
eng/tests/arch/test_backend_arch.py,1540,d6956d6c7dbed61362e66eadc4c48cc18614702a2e37579ba395965fed1c7e40,aux,eng,no
eng/tests/arch/test_budget_contract.py,4836,36c5572238c53b26e7ebba67f584ad8dd6fd5443e1de7ce3d235564ce50ddb01,aux,eng,no
eng/tests/arch/test_inventory.py,1984,e963214111f14a7343f9c5b6b1ca3f6ba065b279f3f7f1c1e3fbb2b0a44d2ac1,aux,eng,no
eng/tests/arch/test_inventory_generator.py,5883,63fea4ebd65ec6bd518054670bd8bd9867ecacbc705f907c60c10932332d297a,aux,eng,no
eng/tests/arch/test_phase3_module_arch.py,1591,d320711852137bdb99b5d9b495564af3066d3c5e524710f3e7a996bd956ad2b7,aux,eng,no
eng/tests/arch/test_single_cli.py,2043,5afa7f0b62f9f5ecb4219434560adc33f0ca197d89fb7991f69fb77a648ecc54,aux,eng,no
eng/tests/arch/test_thread_budget.py,9760,4536b3c80584a7d26d66dcad5e979196553a18d23c76ca2f28d6b6e7c60102a3,aux,eng,no
eng/tests/artifact/test_manifest_schema_negative.py,5940,fe305fa452befa4de00304bb8271eccc399a1a9cbd87caaba397372b3f221ea9,aux,eng,no
eng/tests/artifact/test_phase_product_exchange.py,13152,de31a4520d66698e2d614f63010ba2c4aaafd7ac89d09bdd0b383ca4209253e4,aux,eng,no
eng/tests/artifact/test_production_store.py,21865,c6e25f2f7b1aa298de5e0bd16bf820bdb4598cf2b542809471751edee6237b91,aux,eng,no
eng/tests/artifact/test_provenance.py,29901,25b41e3d0bfb52e434efaf1a0c3bd88fb50a218b541d453cce18af9a4ee8fd10,aux,eng,no
eng/tests/backend/__init__.py,0,e3b0c44298fc1c149afbf4c8996fb92427ae41e4649b934ca495991b7852b855,aux,eng,no
eng/tests/backend/abi_selftest_main.cpp,4465,99cb9edc040b4a371c4b82ab6601e0f890c67b54e4115a9f12b100b758d4529b,aux,eng,no
eng/tests/backend/bench_candidates_main.cpp,5120,f48a7595579ce11b6285de7ac6c697ea78a7fd6a823328d1734ee71118afb58e,aux,eng,no
eng/tests/backend/bench_harness_main.cpp,4697,294c5be3aa37418c1fd6cbda437c2a65060b52e87a9e38fcd9c852aac9469a04,aux,eng,no
eng/tests/backend/candidates_probe_main.cpp,713,eb8970a4adf1e7468946f79e0ede60aece015218b31ce55db438bde775aaecbf,aux,eng,no
eng/tests/backend/cheat_backend.cpp,2908,f4c19890c32a9837683ae2a5442f24bad066245a6673bc88062c5f59489a0e05,aux,eng,no
eng/tests/backend/fixture_backend.cpp,1806,c204e970ac93fcd8c3ccd9c29f7958b19f3b8b7429dc2cc1997beaf6946ec129,aux,eng,no
eng/tests/backend/fixture_common.py,8891,3bcbaf011220fde60db2d278be4ebff441eed760355685f950b53863631665e1,aux,eng,no
eng/tests/backend/hips_properties_probe_main.cpp,1579,672f82d485f6c81c540d29b5a63d6523f1eb70d4f15833cb8f2e15d64ac9aa55,aux,eng,no
eng/tests/backend/kernel_bench_main.cpp,6271,12945b42a5b7fbc78e2a42369f157ef6da08281abc1a3acb496d6d6f4461e0bb,aux,eng,no
eng/tests/backend/kernel_oracle_main.cpp,6378,6513145899c1fb54c9faa793bbb3c8e3692c633e1004e6c8f9a0898640e49683,aux,eng,no
eng/tests/backend/loader_probe_main.cpp,2349,56f573b2e45958fe3b3d825cd64bf8ae12395fd0bb5a6a26c2a672b63e67a000,aux,eng,no
eng/tests/backend/mon003_synthetic_main.cpp,9869,4215e7d19eec2ca9a2aa36a6a85c3169cadb304578c0253deb35b9a0b5e4cf8e,aux,eng,no
eng/tests/backend/p3_output_fsync_interposer.cpp,3798,b02dd27cd2a8fcabf340f0c2071c0f12fc32f6ba3b667d7f955a34de4337d5bd,aux,eng,no
eng/tests/backend/p3_output_fsync_probe.cpp,3305,644d2aa930315b3c409f9594aa33a2ce7d138729fd37697f20c930bd38fb3c4f,aux,eng,no
eng/tests/backend/p3_output_probe_main.cpp,3434,a107ad0eac8ba4876d5356f76c8c235845d9a4c677b992b408eb6241e682c80d,aux,eng,no
eng/tests/backend/p3_session_probe.cpp,3601,2f472ef22ce1f2e30110967f95e6dd8aee0ca22113da18237ed1e14be117ee4b,aux,eng,no
eng/tests/backend/phase1_fixture_main.cpp,8888,19c61bb7a4963d4c65109421aca290e4bcfc55010a95417f486fd55e32293a02,aux,eng,no
eng/tests/backend/phase2_fixture_main.cpp,16339,e95c26b96817f18390935a37a607de70d683a9a23162c07309ae5f63570e5085,aux,eng,no
eng/tests/backend/profile_gen_main.cpp,1200,75bf2da3fa9a4b16e9987bd540e7b8a6b125d4513602d99a34651ea29ffa48ad,aux,eng,no
eng/tests/backend/syn008_seam_main.cpp,7566,21c90e053fa073b450585551f045afd44a0073bc71a31663a70d0eebd21a1be1,aux,eng,no
eng/tests/backend/test_abi_kernels.py,8411,46788191faeab7d6e78fb0a3521337ce78f87232190e5658ee1a323437bee6ff,aux,eng,no
eng/tests/backend/test_abi_loader.py,11104,4f44658699b8b3b7f040242d466d9c70ed3429d147b244cef8cb9f5ecb82d069,aux,eng,no
eng/tests/backend/test_abi_v1.py,6314,fc6a67ee830cff6c95586bd6337d501a2b1f0d31328c9d1149ff91ee1746b4ab,aux,eng,no
eng/tests/backend/test_bench_candidates.py,6035,f22b178659f1cfbcc5a4ca3b13f48f5b12d2ca2f3c68be24ef4fbbb5c6008075,aux,eng,no
eng/tests/backend/test_bench_harness.py,4781,5f379edeba4fd49f8f3d380d7a499900f15f3c3f6b182099ca11517fb42d0405,aux,eng,no
eng/tests/backend/test_calibration_oracle.py,14982,c0bbc2fa8f1761d9f751dcddfaad80c5ad14ca75230e2316ceb0b09a582ea17a,aux,eng,no
eng/tests/backend/test_cpu_profile.py,14285,f1bb70062e6fb7eb7ff88f26c9b2d582afc591d64b2c2a8f59cb462cb9b6b9e2,aux,eng,no
eng/tests/backend/test_drizzle_oracle.py,10224,e1f290a0fd2efeaf9c81c248a86d8aa31cfadd1321af43bf9b82ef8c011d1e6b,aux,eng,no
eng/tests/backend/test_drizzle_parallel.py,6064,158d2ec80b975f7b0f98edc4c1ffa2d1e0ecba2f05f01197ab83d19717626fad,aux,eng,no
eng/tests/backend/test_fix402_phase3_semantic_guard.py,17483,ec8398ac19ec9d1a95c02d09e49039d699ad1999d7e272e6d7ec19141db1f8a0,aux,eng,no
eng/tests/backend/test_hardware_inspect.py,10180,5fd0afdb7c54f8685ab3d9423fc1076a65bf6a4860340feb36a2b3b32bb3c2ad,aux,eng,no
eng/tests/backend/test_hips_properties.py,6465,1834df8f71a0d2ff9c25358f0c614896b32528db76cc9bd0e0099309d3480290,aux,eng,no
eng/tests/backend/test_isa_avx.py,9140,25eeb80b48c5558730e6466a4a8667501e26f34c0cc1d57ec68fdbe21b90a35a,aux,eng,no
eng/tests/backend/test_isa_avx2_fma.py,5359,94f3a47a32151a536fc0b3c2eaeb16bf83894f062daaea1317e2c3d3e231c6d4,aux,eng,no
eng/tests/backend/test_isa_avx512.py,5505,a73d698635ffcbf00b82c5145a8ffc7bf846c508b553b51f74668e7e71ec0718,aux,eng,no
eng/tests/backend/test_isa_bit_manip.py,5490,e33967178e481f653b2bbad6f3de260400b34616cd3cd78c84643d04a3e05087,aux,eng,no
eng/tests/backend/test_isa_variants.py,8679,c051fc6a8b21d7a4712014395441020c4c375d15368bd73c993cd6bf1e2e2772,aux,eng,no
eng/tests/backend/test_mon003_synthetic.py,4203,843288089b1b979010ec5b1ed01756274892a3a29a7e3481a60ae26c64905b72,aux,eng,no
eng/tests/backend/test_noise_model_oracle.py,10378,608b8f083fc847678d49b8c5e6b08bc8a2c651b53212d6b4c8aa397c50c8bfc4,aux,eng,no
eng/tests/backend/test_p1002_gaps.py,29422,29bdb6ae167980ce0ee80994135004b65a59fc5cf38b8ffd42cccf79760a797f,aux,eng,no
eng/tests/backend/test_p1004_joint_gate.py,9735,81af7c55e01cb68004e96e6a5f7450ac3256bcbfdb48e2ee4957e25ec814aff4,aux,eng,no
eng/tests/backend/test_p2001_parallel_sampler.py,8084,5fece1f5191c4a8819c42b15854fa8691722195fc43c2c9024d33c0d1a81f240,aux,eng,no
eng/tests/backend/test_p2002_parallel_upm.py,7351,0dce06b44c9711203cf1270caed95ce7108ea8d91be2cc61f796b249b20e8143,aux,eng,no
eng/tests/backend/test_p2003_seam_oracle.py,18105,f080a84fae0a82ede3fc8af04b933e1009bc7c634ab0507c24b7a58f40d5be57,aux,eng,no
eng/tests/backend/test_p2004_reject_integrate.py,8055,c7ea1e89bd3b5511878ecddca5c5b6ae49e6dd75d34beee28940ac905ccd94ea,aux,eng,no
eng/tests/backend/test_p2005_block_io.py,5493,98c9fc1c284164b66693eb5f7826e6eb84d9bf93c427519807e0d4980ef07210,aux,eng,no
eng/tests/backend/test_p2006_canonical_pipeline.py,10811,0af9fb101917def8f1e495dabbb92b1e2c9b05794188a8ba530d7f5984d1f639,aux,eng,no
eng/tests/backend/test_p2007_joint_gate.py,22442,5b1f83919bca3c3c55094a258b9e7b8c5a762b30aec792a0ec755f9674032bfe,aux,eng,no
eng/tests/backend/test_p3001_science_freeze.py,3741,d3c3c6fa8a0ced4da2462cd644bc3025515e1e448accbbff7d5f2a6c39271957,aux,eng,no
eng/tests/backend/test_p3002_properties_order_unit.py,3738,cecf88e66dbf4580579e5960b97710bc00a81d7417e20f540b7d7b25aa412509,aux,eng,no
eng/tests/backend/test_p3003_parallel_resampler.py,7729,352fbb6beb0b906fe06a221f1845ab6f121bbf2efb3b82b3a175cb19dc123d6f,aux,eng,no
eng/tests/backend/test_p3004_spherical_oracle.py,10876,9d234cb07688f31d99d247a31f404095d0ae5b63134ac3b766831d44d0961032,aux,eng,no
eng/tests/backend/test_p3005_fits_output.py,4271,365646332954dcec18ff371e8ec92d3a4858dc36b2c18ea9bff9b54e0730b16d,aux,eng,no
eng/tests/backend/test_p3006_production_pipeline.py,11140,16bc9d25631a9f3af8906d50aebf5955ba3b6c53530ec774b7bbe4bab034c1e0,aux,eng,no
eng/tests/backend/test_p3_output.py,18714,bec1e82d315af6d5a8e424441432822922eddae7685bb26ab88087c36ae79406,aux,eng,no
eng/tests/backend/test_p3_projection_oracle.py,16114,bd424e1dc1a99ead0a413cf975aaccd97f9ddb15bfd6f74b57cab24a86644e4e,aux,eng,no
eng/tests/backend/test_p3_resample.py,8869,22a4c41f256e821794d4cddfecf94fa29ccfea31fbfc2274a2168befee57dded,aux,eng,no
eng/tests/backend/test_phase1_hotspot.py,5587,735fde4733cd8a949cbc92e63f3a27bf58c48ae3ec8c405b3b4c2936966c7bd3,aux,eng,no
eng/tests/backend/test_phase3_reproject_oracle.py,19821,d2d9270472dbce41509bbd896894ad84e924287c22960bd69f12b69a773302bf,aux,eng,no
eng/tests/backend/test_psf_moffat_oracle.py,13468,85334bc8159ddba0ecd51e72e347faf058bc8ae82091772648baf7c6c26e28dd,aux,eng,no
eng/tests/backend/test_public_header_layering.py,9400,88763041bbd22961f8e37f4d2584d5f6bd788d26c24cf7bed44ca728202f0841,aux,eng,no
eng/tests/backend/test_wcs_psf_oracle.py,8718,c4a8dd5155bbf919f2bb2d7e9d0faf01b365e7830f33fcb77b9502d31a6a29e1,aux,eng,no
eng/tests/cli/__init__.py,0,e3b0c44298fc1c149afbf4c8996fb92427ae41e4649b934ca495991b7852b855,aux,eng,no
eng/tests/cli/cli_fixture.py,8540,9f6cfcccc37a1fddb532c966b1309deec6395a7cf12cf6d8ad1ac2942c33163d,aux,eng,no
eng/tests/cli/cli_test_hygiene.py,2428,e430e19f6270460f4a1d344dcbe9e9e66d8c811ffa0c1833b0b4307dd93db53b,aux,eng,no
eng/tests/cli/test_bench_cli.py,8566,8811562437da898cf47230f1283fcde43bece9f7266997fdc7b8893db6ebac8e,aux,eng,no
eng/tests/cli/test_cli001_vpi.py,7883,f74fc5f655865ce68120e89364de06b450e300227feaa25e9a3f569c82f0c6ee,aux,eng,no
eng/tests/cli/test_cli004_process_protocol.py,24758,72145dabba18ce872c30798c9e93af04cc80f0696ddf712e5da78396b0e71c19,aux,eng,no
eng/tests/cli/test_cli_build.py,15029,9d849792729dcf4f1877a5836b690cc82694e348143fb54fdae6a4ba8d751b0d,aux,eng,no
eng/tests/cli/test_cli_protocol.py,22599,7e8f4807fbbebf62503f93f277f60f44fa8350e83498dc363159a6240251debd,aux,eng,no
eng/tests/cli/test_cli_single_install.py,6058,fd28f044ddc00e4f783fced5b7c90f3c3c630ff16ee1970d7b6908ff65a2a27b,aux,eng,no
eng/tests/cli/test_cli_v7_surface.py,6459,87fecfc7cb800fc1870822964b3d39d9f7142f4721748a4a30876d844511812f,aux,eng,no
eng/tests/cli/test_command_tree.py,18374,e1e581375a7edaf392c4c2657553867232f09147d48022e8099aac6c89776722,aux,eng,no
eng/tests/cli/test_fix203_promoted_keys.py,8310,9ecc9b2b61b21888daf11a21b2f76e9683fb1ab36681e6fc482c4f93938d4b38,aux,eng,no
eng/tests/cli/test_fix208_disk_gate.py,32311,a949cf91d76e2441c55ce25bcc3e2f6631646731fb630d6be25966ba46ecab18,aux,eng,no
eng/tests/cli/test_fix208_event_stream_default.py,21143,1cd9edc09980716177e92861871b39158a02925326bd13f54f313617b067b54b,aux,eng,no
eng/tests/cli/test_fix210_block_key_parity.py,12495,b94a5ebcac72383184a945e5135373995020beaadf6845d41f084f80cd9def23,aux,eng,no
eng/tests/cli/test_fix401_hips_atomic.py,19715,eb0cc678fb28d6af65a57f4888c2c6a4dbe67fab547e5b8345b3e3e0aa3e3b50,aux,eng,no
eng/tests/cli/test_fix406_sigterm_cancel.py,27636,4b36bc6d9e391d03671d15da7b20d4c8e60375beb1403861410fbe6b6b0bfcd6,aux,eng,no
eng/tests/cli/test_iso_acr_gpu_isolation.py,11040,cb6289c915a4cc2ab96e5bbbce5d1a860995b88fcc7a2a03e7ad727e9d000245,aux,eng,no
eng/tests/cli/test_memory_growth.py,5482,b74bfe019083a96b7a76af6c263ca3f802754023eacad67950176fc54f8a5413,aux,eng,no
eng/tests/cli/test_monitor.py,5164,aa4e5c9a9327eed25b19224740520a7a5efa8e2da8c6e777d78fe14a14bb57b1,aux,eng,no
eng/tests/cli/test_monitor_events.py,11164,0a415ec118cfcee04ca9b727a66a733f2d0c5ef3d2b79b73dcb0b4c9cf5c20f5,aux,eng,no
eng/tests/cli/test_multiblock_normalize.py,12813,1a5296b1c7e0161e29d545b57fb1675248565ad5fc8a6061f488fcede6ebd5ce,aux,eng,no
eng/tests/cli/test_p1003_drizzle_path.py,8394,67dcdb67a1eedf1edc7c3d5a8ff244384dbbe5e5d49937edae5ea61088f02212,aux,eng,no
eng/tests/cli/test_parallel_queue.py,7892,2cf910f17ab1346019df93cbddc2052f823fc12fe4eba87bf30c2d740dbdd0c9,aux,eng,no
eng/tests/cli/test_phase123_pipeline.py,41539,70860225bd73c9a08aa3fd5b2b2c2fc9ed1b79eab71dbdb8794354193a4f208b,aux,eng,no
eng/tests/cli/test_phase1_inprocess.py,23992,960a44e90297ef36bcfd8e8f2ca1e9118f17689534be5450e7c11d2f24161cff,aux,eng,no
eng/tests/cli/test_phase2_inprocess.py,12723,329ebd9c0219511ce7822d1d0e05c1f0e1fbf56b74b144f75bf2fc0369456ac3,aux,eng,no
eng/tests/cli/test_phase3_inprocess.py,24022,6415b9ec014a902ec7cbd4fef3e727a1ccb1ffc7b9f62e24141c496baa360b64,aux,eng,no
eng/tests/cli/test_preflight_matrix.py,10678,3e88174a6756ab962275b070aef45f9fbf27f6b55f84fa395fcf68bc700e7e9e,aux,eng,no
eng/tests/cli/test_resource_gate.py,8878,54e28b94b605bf88bc0012e4965bcf15eac4e60d9db143b7826f7768a5be38b0,aux,eng,no
eng/tests/cli/test_unified_blocks_templates.py,15509,ad537bda2493613d3925e93974e72d971518f901d944ea7b0c91ba1c85726c83,aux,eng,no
eng/tests/common/jsonschema_min.py,7365,a7efb431226a77915c7c661c1194058402801ffd2715548daaff5726d14de0bf,aux,eng,no
eng/tests/config/cfg_common.py,3140,bd70816f0657d0bcae679d5faaaf12a67689bcab6d80c9ef5ee5906cc5a59899,aux,eng,no
eng/tests/config/check_cfg002_registry.py,69682,b94f4557c6c2c4028c6c254cdc4f9b918759e699d7ec6a7b4c2851d6e45a31f1,aux,eng,no
eng/tests/config/fixtures/negative/cpu_profile_v1_bad_kernel.json,1083,fb3962aa3f51dfe47d2e799036fc4dd1a3333f1e38ac57b0876efb9f9d4cd52e,aux,eng,no
eng/tests/config/fixtures/negative/cpu_profile_v1_missing_required.json,987,66dedb23bf595bbecb5f3d6be71e2e947d30bb1e3c044cb94cb67d8325cecf8f,aux,eng,no
eng/tests/config/fixtures/negative/cpu_profile_v2_bad_kernel.json,1310,21741382f6e4cf2a2e0a81eec4cf6a4559fbb3668eccd3b82ed814f16d3cf7a3,aux,eng,no
eng/tests/config/fixtures/negative/cpu_profile_v2_bad_os_abi.json,1312,fa68e8ee4a5e5a0e8a5bf4cb25dd5544e25869e9d69bd59487232fdaa073c399,aux,eng,no
eng/tests/config/fixtures/negative/export_block_phase_name.phase_config.json,215,9ff1d619c739019064903835736ea64c72bcace3fec2472743c9741efb32535c,aux,eng,no
eng/tests/config/fixtures/negative/export_blocks_mixed_flat.phase_config.json,278,0871ba036f64ab1c56d436cbf219d057053d90f812c8bf6d2229813bcc1c9769,aux,eng,no
eng/tests/config/fixtures/negative/hardware_fields_in_phase_config.json,540,824316ab301b5a2fe28ad871c291800c9c378de5436e72ef57e1d5d8e8b002be,aux,eng,no
eng/tests/config/fixtures/negative/missing_output_dir.phase_config.json,305,e0e6602aff9e3003000751634d18e86c2d4883dfdc857ff971dede178811f14f,aux,eng,no
eng/tests/config/fixtures/negative/mosaic_block_weight_mode.phase_config.json,199,689404dd11cbb1141cbe4f76e975179821d7c54350c2ca54904ba9f7a37e2f59,aux,eng,no
eng/tests/config/fixtures/negative/mosaic_blocks_mixed_flat.phase_config.json,258,3ee466696dc43ec2557f8e33cac9860e9b4ad1990b31451742bda1864943cf86,aux,eng,no
eng/tests/config/fixtures/negative/normalize_block_unknown_key.phase_config.json,248,20ccd176d38e7e7b3eec5a4702d0caad1779c4a90a33bf919a5aa88416c8ec21,aux,eng,no
eng/tests/config/fixtures/negative/normalize_mixed_forms.phase_config.json,415,57e0bab5486cd2fd6234569bfc9bc329192880bf65028431eed7a0ba1c843ae9,aux,eng,no
eng/tests/config/fixtures/negative/normalize_perframe_inputs.phase_config.json,319,f595a6a2992c5408c1e6eae3b58c4e09909d65c212bb72262cee32289fe34a6c,aux,eng,no
eng/tests/config/fixtures/negative/precision_out_of_domain.phase_config.json,443,f9d02b16ba4fc362fbc6504d0875ef780f6b12311a7415b70a8cd2ade951042f,aux,eng,no
eng/tests/config/fixtures/negative/run_manifest_hardware_field.json,673,7d382ae24aa3cf49f63a9f9c3d3d5fad45efbea407ffac54bfb1a761aa63b73f,aux,eng,no
eng/tests/config/fixtures/negative/unknown_filter.phase_config.json,343,076032452ff455162c1796307b6889262adb4c3da81a902f3b6d214c56b01ba0,aux,eng,no
eng/tests/config/fixtures/positive/cpu_profile_v1_legacy.json,1085,b81f20a407835fc39bf7817fe64c59ead903958cb2a82c388724dd8c499c4177,aux,eng,no
eng/tests/config/fixtures/positive/cpu_profile_v2.json,1310,c00531e516a9dbcfe4a1869bd0d0459a28a213ed32c9fad6cae51c3f107faaaf,aux,eng,no
eng/tests/config/fixtures/positive/export_blocks.phase_config.json,868,d7beed51b97863274057ee7fbf242dfc05b74333fe791cd67f8ab7853bd7022e,aux,eng,no
eng/tests/config/fixtures/positive/export_flat.phase_config.json,289,6662d9d0fd3ab27088138a595db488cdb66956eccf719193ba357e6fc196a92f,aux,eng,no
eng/tests/config/fixtures/positive/export_legacy_contract.phase_config.json,402,34b970a9b95da12e968c6f76debdcf9d8fcfb0879a5d681e05a50377c0bcfed4,aux,eng,no
eng/tests/config/fixtures/positive/mosaic_blocks.phase_config.json,387,5efc8cd2e6d744165e62c6db408486f33322f3d9c910d59d6105ee55ed7a97a6,aux,eng,no
eng/tests/config/fixtures/positive/mosaic_flat.phase_config.json,113,b1cb2dac8a20f7ab662397b44222ccfb3e15f48c031bf7d48c18c039806f1976,aux,eng,no
eng/tests/config/fixtures/positive/mosaic_legacy_contract.phase_config.json,384,6233b4cb2b244077c8e3e033e9a5fd32c81ad73fa2177ea196ef4cbbfffc0256,aux,eng,no
eng/tests/config/fixtures/positive/normalize_blocks.phase_config.json,1014,6138711c036450b03dfd2a2a927a728806fcfb63cf9774349f48e75c9efe0894,aux,eng,no
eng/tests/config/fixtures/positive/normalize_flat.phase_config.json,398,109c7244e151110474b525206ff3b2f34aa1a88ba46d5d3e1c26433b0db79416,aux,eng,no
eng/tests/config/fixtures/positive/run_manifest.example.json,657,ad3fa8295011909462d55f9c17ca6cb80f7f275078592853bbb3a768bddaca34,aux,eng,no
eng/tests/config/gate_assertions.py,6920,204ba671ca53f9d35416b92fc42dadf3ee67e45382933f693ef5f9d47ac53b5e,aux,eng,no
eng/tests/config/run_validation.py,1599,1c78fbcd091cf474ca6e4eba7edd1a585b48ad2fc8db07d3687b0749daf63c45,aux,eng,no
eng/tests/config/test_cfg001_contracts.py,22818,f0ff09ef436b93b483bbfb7a854ad9188d38319676488356ff6489f86741feeb,aux,eng,no
eng/tests/config/test_cfg001_negative.py,11645,46d1b34e2da2775736414901e8cd56e64151dccaa72bac52b25ad09d94e428c0,aux,eng,no
eng/tests/config/test_cfg002_registry.py,3515,d44b51b9ff28a5ceb4edce33c042cf3e389e60192f998075f2ccdef7c859311f,aux,eng,no
eng/tests/config/test_cfg003_multiblock.py,6748,77c1e5424e1b9c48c5707c49d5ea1944222befb00cc883defca9d0f1a7aa2eb5,aux,eng,no
eng/tests/config/test_cfg004_unified_contract.py,27934,51a958fd4a9f204d53a4c0491d0766f8fde530d6343e1659ad03472a8aaba883,aux,eng,no
eng/tests/config/test_export_crop_contract.py,6889,4a05dcf865d81546eb40305fa6a9e0b9bdfdb36dded300c16b37d3f481ca25bb,aux,eng,no
eng/tests/conformance/echo/CMakeLists.txt,2454,b5f3b617e29e5db6cea78e5f5f73fd2a29130bb7a68b237e149ec74a58d03f3d,aux,eng,no
eng/tests/conformance/echo/README.md,6479,d6ed106e757ae36f7a7d98a4d395697d9e0ef3ddbc4707a3c1c5e197415a3300,aux,eng,no
eng/tests/conformance/echo/include/astrocs/echo/types.h,3216,3bd15d79e609ff42043470585b5d8532ca6dff1937bee053d4b134ebaa25f989,aux,eng,no
eng/tests/conformance/echo/module.yaml,831,8635eccc30c9e054000995948de9413b4f9330ca46d67ded2ff006f2b092c287,aux,eng,no
eng/tests/conformance/echo/src/echo_module.c,27438,a82d2746633d02d7cbcad604a2cea33dad060510b73181d2ade5296ee48eb444,aux,eng,no
eng/tests/conformance/echo/tests/unit/echo_host_callback_test.c,36625,ec34b3e139c0cc4d251d6279aafe375ac8e59581c5264607f939bbe08a8da65a,aux,eng,no
eng/tests/conformance/noop/CMakeLists.txt,2819,a3178d6591232fc697b563630cc9dafb6947e0091ab4e54b0a034f8938ce81ae,aux,eng,no
eng/tests/conformance/noop/README.md,3636,f96271cbe53a8d0ba50e0bc40235913cd5294cabb4c8437e45dde4d62d41882d,aux,eng,no
eng/tests/conformance/noop/include/astrocs/noop/types.h,914,683b9e14910364bb5d83b8764f048b3c0ba89cd591a6506c5bc869c93b7494f3,aux,eng,no
eng/tests/conformance/noop/module.yaml,880,59a3cb054da3843402c8d9e359b534a2815fa7fc86e40580086349e891b1bbf8,aux,eng,no
eng/tests/conformance/noop/src/noop_module.c,7626,8134faa4a260abd629bc859f0ad02b53cecb9bb5598095894722884a21fbddb3,aux,eng,no
eng/tests/conformance/noop/tests/unit/noop_handshake_test.c,4876,fd75885e457d067912bfe5037e0a9cd0226bbb4a175e63253d46f1e2560171ff,aux,eng,no
eng/tests/contracts/product_family/__init__.py,78,49438a16d85dc79787e06a2244e314143fd12af2e9a36c2d1bc389a1ed379079,aux,eng,no
eng/tests/contracts/product_family/field_constraints_oracle.py,52736,8f8d7fe58dec991e94e24f4aeb2ba3f583a4270be33285bb66e6f8f868e10f23,aux,eng,no
eng/tests/contracts/product_family/test_field_constraints_integration.py,13281,c7561d7653ffae9f45b1876b236d3944c3789eed1b8debb5cdb8b5eba8c7f855,aux,eng,no
eng/tests/contracts/product_family/test_field_constraints_mutations.py,16030,5231511569b3848e195b05fdd81e7accfd1ababba1c8fb8ec0d530bdade16b06,aux,eng,no
eng/tests/contracts/test_contract_graph_negative.py,1995,34be48fff53eaaa588b677461fa2362e48025e12380574e53210de2f8dbf2c4b,aux,eng,no
eng/tests/contracts/test_data_artifacts_negative.py,2161,b95c854d8bfc166357bf7dcca9644e4831d3f6aacdd9d3d358d7c712b1228088,aux,eng,no
eng/tests/contracts/test_unified_object_contract.py,52763,53d1a2d86175f75d73b7bf3ad1bd18a35f083aa2b0d9a8c8727edde18bccdaeb,aux,eng,no
eng/tests/cpu/avx2/provider_avx2_capability_gate_test.c,5916,27d60abc9627f32ffe2fc0fddbe0245aa0d7671cee530e773d36c67651b31550,aux,eng,no
eng/tests/cpu/avx2/provider_avx2_handshake_test.c,9501,9bcf0b04147fdde04f48009972442ae73179ff8c07f2214908cea2688b74d455,aux,eng,no
eng/tests/cpu/avx2/provider_avx2_oracle_main.cpp,11215,9adb5aa3814b1f88fa7f13e1fef62288aff7b1100bb25fe5ca778319abc90934,aux,eng,no
eng/tests/cpu/avx2/provider_avx2_so_load_test.c,8011,c14e38c1f02adbf4629d8c3ec6cf3dcff361cc326282b8409ddfba836c32c17f,aux,eng,no
eng/tests/cpu/avx2/run_provider_avx2_checks.py,10066,acce80f9e3364d556450e03b386b86d3ed3bf6e60404b034cb02746227100657,aux,eng,no
eng/tests/cpu/avx512/check_avx512_illegal_instr.py,7497,f702adbb16b951db09f3baed4ed93f99038d7ffee20da0ea90fc3eef7e16fdc5,aux,eng,no
eng/tests/cpu/avx512/provider_avx512_capability_gate_test.c,6784,63bdfec560935cc59817190aa9f251c9f19ceb020cb27a6b02e1bb0a77086143,aux,eng,no
eng/tests/cpu/avx512/provider_avx512_handshake_test.c,10322,77a4ec3b617e8c114cb4cc03bdac6c67a1b14f8a52ef72d8a51a1153ff34a31f,aux,eng,no
eng/tests/cpu/avx512/provider_avx512_oracle_main.cpp,12631,658f35df3e0ca0d27039389515cd9c65e2f46bacd8beb53ae5196ac72a1b58c4,aux,eng,no
eng/tests/cpu/avx512/provider_avx512_so_load_test.c,9335,f2488053bad182701c31e854ddbda56106b0316cd88fc0ea6f849d1503c1ca4a,aux,eng,no
eng/tests/cpu/avx512/run_provider_avx512_checks.py,17204,55530716e66f2915231fc3650df37dcdc19ddf39d16e61285b56d0f1636a1263,aux,eng,no
eng/tests/cpu/baseline/provider_capability_gate_test.c,4373,2940f06b7cf779d1ae584aa903a12bf8212d9e6a9775d7f86d4bbab9284b7bf6,aux,eng,no
eng/tests/cpu/baseline/provider_handshake_test.c,8395,3e89eb54a963f9f48f3d126eb7d85262ac038e0de87f94ad4cfefa376e0cdd14,aux,eng,no
eng/tests/cpu/baseline/provider_kernel_oracle_main.cpp,10979,c4cc3f6ecb3bb5ec1f02d85d1c1c5dcfbe77a2996b3a883ffec6f163f476c191,aux,eng,no
eng/tests/cpu/baseline/provider_so_load_test.c,7689,352c1e9b5b351d0a0a06102263af243369eaf887800bf636622aa9c63ec6c702,aux,eng,no
eng/tests/cpu/baseline/run_cpu_baseline_checks.py,5814,947c252b14f244dd542731d662cba2f511bace2e67878aa7a99b80b7f5447c61,aux,eng,no
eng/tests/cpu/baseline/run_provider_oracle_checks.py,8971,1ecd4a1f8e502732f27be0cb60ce8dd25f320ab226c2ece2f340854fb7b9a576,aux,eng,no
eng/tests/cpu/dispatch/cpu005_route_decision_test.cpp,17694,6a3041eb154ffe449b6f1e83391e201fa63fb2254e2efc6fcd931b000ae46eb0,aux,eng,no
eng/tests/cpu/dispatch/cpu_capability_matrix_test.c,9953,e3d99a59b61177d6e15d83f93b6fa226cf898cf410ba6dcd9026c95cd9abb635,aux,eng,no
eng/tests/cpu/dispatch/cpu_capability_probe_main.c,2433,612cb6ea0721e807cf99b66fc74b576279c7a4ee623b669189dc50764d423809,aux,eng,no
eng/tests/cpu/dispatch/run_cpu005_route_checks.py,6847,93a5f4067150fb7025be0f4d8fe47a2f99937d8d8bc492c22bb653d86b2c92af,aux,eng,no
eng/tests/cpu/dispatch/run_cpu_capability_checks.py,8994,d47f6daeb5d211c0f269ba7627b37837b5266309891634aacf1216f53650e1e5,aux,eng,no
eng/tests/glossary/__init__.py,0,e3b0c44298fc1c149afbf4c8996fb92427ae41e4649b934ca495991b7852b855,aux,eng,no
eng/tests/glossary/test_glossary.py,2556,340aeefcb9e94202e7d3b815a8dc8ba692e7650fc33baea0b25bd2353b800bd0,aux,eng,no
eng/tests/integration/v6_p1/CMakeLists.txt,2215,3dc50172d10ce2221e119e7aacfb2eadef8e532c92786bcb5d0efb738239a317,aux,eng,no
eng/tests/integration/v6_p1/EVIDENCE.md,9752,e1b5a059d85885f13521eb9376dc1d4ce1b45dc944ec424c63c4656f2bff218b,aux,eng,no
eng/tests/integration/v6_p1/README.md,1795,4e8a44e4ca507119a3ee0177342838d336a4a55633ca4cd646b3bb16a8b928ba,aux,eng,no
eng/tests/integration/v6_p1/oracle/v6_p1_reopen_oracle.py,14654,b8ac819927b8436dca854d354561ad0784ff1f3bf4b9c8b6403600ed3c196d68,aux,eng,no
eng/tests/integration/v6_p1/v6_p1_integrate_test.cpp,27610,88ff091f3bc0e68843f791ab18997653f46c7d4d3f446175abbe8eb60fd1e54a,aux,eng,no
eng/tests/integration/v6_p2/CMakeLists.txt,2319,2bb0084930d8b1091d99e8d0cd8e13ebf2b2c8d2147887b7a3020c19ff217901,aux,eng,no
eng/tests/integration/v6_p2/EVIDENCE.md,6806,7e773a2708408a9b8487c2fb50a94d987d3ec4f766beef3f90da9d626619e181,aux,eng,no
eng/tests/integration/v6_p2/README.md,1526,f48701c98803ebfebc6c5cee569607ce8cddf58baf5d589e74889ab66d9a2719,aux,eng,no
eng/tests/integration/v6_p2/oracle/v6_p2_oracle.py,16951,e2670a250208600017c7a57b0423eb77fed60663a8d20949d583255678543ab8,aux,eng,no
eng/tests/integration/v6_p2/v6_p2_integrate_test.cpp,26333,db777d59faf62b9f7ed9f9acfc3431f00ed7d14469737c20df27d17bea26bd5c,aux,eng,no
eng/tests/integration/v6_p3/CMakeLists.txt,2843,ed6b167bc3e786737ebc0bc3c31e893aacd4b3f17e48b4c2869126729d9f563f,aux,eng,no
eng/tests/integration/v6_p3/EVIDENCE.md,6414,55176e687a52c8e8caff54dc1e098b1b1b3ec0b81d7ac09ea3c149c5d6f20132,aux,eng,no
eng/tests/integration/v6_p3/p3_v6_export_e2e_test.cpp,24069,2005af575a72c797119646251f14b763a54c1be3549b5946b771c416a4b852cd,aux,eng,no
eng/tests/integration/v6_p3/p3_v6_export_oracle.py,14695,56e17d141622a2f8a493a1c07250760fc6697316317f07a15184bb9d9b12b7e3,aux,eng,no
eng/tests/io/hips_output_fixture.py,5869,02f89a7b17ba0eec6b29e8e481fc1e64491209557932b7ec60f6facb0264246a,aux,eng,no
eng/tests/io/make_hips_fixture.py,9728,de1ad35b9c65e8cd079ed232ab204434ed44725b8811781dc9bcc827e5b74f20,aux,eng,no
eng/tests/io/test_fits_stream_contract.py,16311,934820188cacda53103459c95cf28e02dcea8156a3a2df86351dfbe8a9c34539,aux,eng,no
eng/tests/io/test_hips_input_contract.py,21454,6e694b98dbd04d1491edbea52185ee6acde7adbe2539f9f878c2e28a7112967e,aux,eng,no
eng/tests/io/test_hips_output_contract.py,16917,cab91d56117c7ca9e13479343465d87ce916d708387c4972d6618ebef72d2146,aux,eng,no
eng/tests/monitoring/__init__.py,71,aa372cb666c55a9c76697a7c32ea87932977311ab444db216149cb90f81edfc4,aux,eng,no
eng/tests/monitoring/test_frozen_gate.py,17970,e66c3c8c8813b3d1c4e8247cf78869ecb7297e8e41d3bb6b725e90924414631e,aux,eng,no
eng/tests/monitoring/test_log_contract.py,15577,a6646d2afcc9337af1865deb840b1f232f9cc8fcb63d1433fe01a8f9e173db95,aux,eng,no
eng/tests/monitoring/test_monitor_contract.py,19505,190f0b91f53f7b37b8d6f273b8609586b88f3ac3d792226d7ee61d190791cba8,aux,eng,no
eng/tests/monitoring/test_run_graph_render.py,21016,cf7149735f97d1221ac879dd9cb5dd1943145bfed4830f920d59781c3266e7f0,aux,eng,no
eng/tests/oracle/gaia_oracle.py,6359,86424088f0fd3c516e32b4621739f649d6dce4f831069bd27783e94571eb0ac2,aux,eng,no
eng/tests/pipeline/__init__.py,0,e3b0c44298fc1c149afbf4c8996fb92427ae41e4649b934ca495991b7852b855,aux,eng,no
eng/tests/pipeline/test_typed_dag_plan.py,7916,52090c0bf6bf374a94534f68de84ebb90be42093d8828409c706c21245ce35d6,aux,eng,no
eng/tests/quality/fixtures/docchk002_claims_fixture.csv,2509,bcfee3aa230d088c823e275475713ae3c0fd1094a85da85f681a54c62fe1701c,aux,eng,no
eng/tests/quality/test_compare_products.py,7482,be4d2693fc32655fa70acad7a3a8125feba9fd656412b6abdf0ff44f5c0362bb,aux,eng,no
eng/tests/quality/test_doc_line_anchors.py,14411,6ca601f1778b70c876a88cea2618d2d59aa26827debb93770752bdcec3e963d5,aux,eng,no
eng/tests/quality/test_doc_machine_check.py,10676,bb6bc8f54a277679c468f92d7a17dcdb20353a504e727da8323747c3ea2615bf,aux,eng,no
eng/tests/quality/test_docchk002_mutation.py,6540,a2c18c8f634bdcbe5f2be703b20ce42799e94b83c84aa51c4320a33248824cc1,aux,eng,no
eng/tests/quality/test_env_adoption_negative.py,5570,9954db983c17cffde4111ee4efbb9676134a8783c17d15ec9b42930b59a00e1f,aux,eng,no
eng/tests/quality/test_known_failures_baseline_ci.py,32296,31d5140549088ae862790def9a4cf5d274841a478738f68861ccd7650368a930,aux,eng,no
eng/tests/quality/test_linux_release.py,9119,064ca4d186d904750886685add98ded01f6246c1907f962a29cc0ab9436edfe4,aux,eng,no
eng/tests/quality/test_mod002_migration_refs.py,23166,b2b3d8edc4235d7e618b60bd45567034f31051563ae1f0c0bc4cc68c26e98506,aux,eng,no
eng/tests/quality/test_module_map.py,28573,4a3ec32003c663750198234d74ffc9f35bbce3537033d450aa9fbac352d4624f,aux,eng,no
eng/tests/quality/test_p3_rejection_count.py,4753,3cfd0c748e2ae9d5df76c47abefbf180fd3c3ce313ab58a394e028cc97d44bce,aux,eng,no
eng/tests/quality/test_pack_audit_exclusion.py,3835,802da794846ea08e2798baed927967a9ed7ae50e85579769ed2abd319a18784b,aux,eng,no
eng/tests/quality/test_resource_monitor.py,8262,c69dda3785c784826c14a215e968650f2f9ce07aef6f779020c3172bb26238a4,aux,eng,no
eng/tests/quality/test_root_cleanliness.py,7495,654e9fe02b6486caa90bc7cd4a7e1ccf6705c36ae03d565c632aaa4c5f2b9773,aux,eng,no
eng/tests/quality/test_sci_evidence_registration.py,16003,30892065f6a39152cbf54a13059b48e36d68bcf195eb234d635167e6d8a4aec8,aux,eng,no
eng/tests/quality/test_secret_hygiene.py,20394,c4b0ebb6bf5deecc0194c55713c7c90bdda3a989632b74c1ff9e0830ffc43722,aux,eng,no
eng/tests/realdata/__init__.py,0,e3b0c44298fc1c149afbf4c8996fb92427ae41e4649b934ca495991b7852b855,aux,eng,no
eng/tests/realdata/test_index_v12.py,8972,9f52c95c12d29a347d44d773c8011dbc34c3331b5565635476579c2c32229b9f,aux,eng,no
eng/tests/realdata/test_match_plan.py,15414,0b3875c2c7830471255ab04bcb49541c1a16c597bcd1d2693cbe02e294c4585f,aux,eng,no
eng/tests/runtime/__init__.py,0,e3b0c44298fc1c149afbf4c8996fb92427ae41e4649b934ca495991b7852b855,aux,eng,no
eng/tests/runtime/integration/test_rt003_budget_wiring.py,12004,1fe3c9c3bc817d8b12da7b42946d80855af220ddfc60fda2023075a10e12c680,aux,eng,no
eng/tests/runtime/integration/test_rt004_executor.py,39591,c8578c7b491fbce4157c4959b2c4aeb2d7a233337782ec8160f5ef2c4d98a2e2,aux,eng,no
eng/tests/runtime/integration/test_rt006_trace.py,43492,3df99c547afa8d7637b9136d3bab290caec60cff26e904c3651ecca596c81050,aux,eng,no
eng/tests/runtime/integration/test_rt007_cancel_resume.py,18054,4636cc8c7b46947901f81a9a5fc46fbc848c2ae5cea8334f7cf8ee565f1a6541,aux,eng,no
eng/tests/runtime/test_phase_lifecycle.py,12683,b3b108fbe5cc96da9e6bef5d661d6c72d278b6bb47fcaa1dc334fff0e6e005ce,aux,eng,no
eng/tests/runtime/test_rt005_plan_estimator.py,25408,afe1973eed5f7f901c06876812c398d51710b33bef2183cba362b5a3d1ee382e,aux,eng,no
eng/tests/runtime/test_typed_dag_negative.py,17085,83a137a033671352cb834fe4ae53266c86f8e2bc020a5d36c70fbe51c6a11600,aux,eng,no
eng/tests/sciencelint/__init__.py,0,e3b0c44298fc1c149afbf4c8996fb92427ae41e4649b934ca495991b7852b855,aux,eng,no
eng/tests/sciencelint/test_sciencelint.py,2703,4784d9e4ed4b6ba3ced29b2100b7848ee37bb04b4f22d24faea0e765c89502c1,aux,eng,no
eng/tests/system/v6_runtime/CMakeLists.txt,4035,b8a0624e3d4e9bc0e28f15b4c22f114dfe98a023dc6c80059539adf61fb60338,aux,eng,no
eng/tests/system/v6_runtime/README.md,2539,5c2b6b0a26da85551e548d0a9655a767641492ea21d91fd0569739ef3c78ac9c,aux,eng,no
eng/tests/system/v6_runtime/v6_runtime_contract_test.cpp,11526,0f407ee6e1febcb83a64e23dd37d45905c3adb274a222edf9fb96fb58988e13c,aux,eng,no
eng/tests/system/v6_runtime/v6_runtime_determinism_test.cpp,9038,bc377c27417dcbd526e74468e492fc4281ea2c39acd82048ba3054842017e342,aux,eng,no
eng/tests/system/v6_runtime/v6_runtime_resource_record_test.cpp,6328,362a9139c7925990b9db3cebdf473f62b15a855ff754d0e213376b3f7a783e31,aux,eng,no
eng/tests/test_index.csv,6643,27a21b84c64ffb54788847c4f17fa6e347828118505303a392aacc1357589299,aux,eng,no
eng/tests/testkit/examples/check_constant.py,568,0bde27065973e1902e60ee92db87cee18efdab854ea01acc2873047e0d966e0f,aux,eng,no
eng/tests/testkit/examples/fixture_hash.py,935,56fa6bbd75759c6140b0711c1c4d0b75e8b2636688bea47cbadd2e37e648027a,aux,eng,no
eng/tests/testkit/examples/negative_bad_input.py,1200,d3810a1b3039b55b7e7cf39d10a333364d61f40d36ac11fd8101f1fcdc644927,aux,eng,no
eng/tests/testkit/examples/oracle_sum.py,854,290726709ac0c9dfe4e920edfd72cf503cc70aacac35b29a76adf2a5daf56012,aux,eng,no
eng/tests/testkit/examples/perf_linear.py,1018,b7762078771ef0438d992add0b3295d49477aed6355e39cb101b13061946c6c3,aux,eng,no
eng/tests/testkit/examples/property_invariant.py,676,9e43bee148e3b169001acfc575902241566208d9fef999466adb1be29f0ac443,aux,eng,no
eng/tests/testkit/examples/registry.example.json,5005,34ab52c410e3e9a26ed6d654294f90728a801f96ef8d6ed1966bc118ea3146c2,aux,eng,no
eng/tests/testkit/fixtures/demo_fixture.txt,4,9f86d081884c7d659a2feaa0c55ad015a3bf4f1b2b0b822cd15d6c15b0f00a08,aux,eng,no
eng/tests/testkit/registry.json,5005,34ab52c410e3e9a26ed6d654294f90728a801f96ef8d6ed1966bc118ea3146c2,aux,eng,no
eng/tests/testkit/schemas/test_metadata.schema.json,2148,26dd43f0180fa5bf7de6bfba1cb6a57e683aa099c2f3668709c7cb89856869a4,aux,eng,no
eng/tests/testkit/testkit.spec.md,8687,753b04c21cfde6fe153c8cbeed47f51e0397c1058ec712e35b35767cea3ca0cc,aux,eng,no
eng/tests/traceability/__init__.py,0,e3b0c44298fc1c149afbf4c8996fb92427ae41e4649b934ca495991b7852b855,aux,eng,no
eng/tests/traceability/fixtures/bad_id_format.json,1129,f3f088429954440be771a067789b9fa2e294df5b6a1de4aa1de40853e0ea498d,aux,eng,no
eng/tests/traceability/fixtures/chain_break.json,1067,1438cb29bccc130718193248183b538ae83d489cbeca35cb7bfd53cf60258e43,aux,eng,no
eng/tests/traceability/fixtures/dangling_ref.json,1080,cf7f05c9c463612fbc5df48964bb82d9abec45f3d246b48a93c213a7f8593db1,aux,eng,no
eng/tests/traceability/fixtures/duplicate_module.json,2050,ff5f293902544121011139d5b39671932bf35ce1f946a823fb8b1bb6bfc13130,aux,eng,no
eng/tests/traceability/fixtures/empty_cell.json,1103,3531df6c437d9f2184d174398d2f93a0c0cba180b91f9aac13262e1b237c0266,aux,eng,no
eng/tests/traceability/fixtures/missing_column.json,1100,f2f685760dd3a6993dec92ab596c837d690d4d3e64310535a0b5250b554ec087,aux,eng,no
eng/tests/traceability/test_traceability.py,5780,b86e6a3dfcf878be26767f82e3bc9220f34695a2c5a6f9a17c83ba31055ea55d,aux,eng,no
eng/tests/traceability/test_traceability_matrix.py,4166,ff362c2c38b0f4efa304e9de27aeec93e268296181816a8d0a4ad9f573de7356,aux,eng,no
eng/tests/unit/CMakeLists.txt,113259,44c77f6df79e863a3849b5e31ea3bdbb733e8a6539e92e965ba57ca54668231d,aux,eng,no
eng/tests/unit/ahpx_hips_format_test.cpp,12593,40b0c18cb00d0ab8d18b946eca57d7a0c448c567b556ebc9cc47305bf461fe52,aux,eng,no
eng/tests/unit/aio_abi_omp.hpp,2016,175cfa7f11dbe66464667d3e816fe70cd67540124dfbae6d275520c171a37a7f,aux,eng,no
eng/tests/unit/aio_abi_selfcheck.cpp,5951,bc8af60683b003e63757e3ffcfbe18ddbcdef41f3085a08ddab088e27478157d,aux,eng,no
eng/tests/unit/aio_abi_test_main.hpp,5634,6ac138b7364fc3b84567af0a6735637bfe5b417554804278289078ff768b8074,aux,eng,no
eng/tests/unit/aio_abi_tests.cpp,22546,ceb8d5c9a39a45fdde28849e55267c2c00ac78329fa491a822dcfba938428950,aux,eng,no
eng/tests/unit/block_flow_test.cpp,27149,cb2a1abd3c12d1705bcd4a14762ef69aec72f9d66fa33fca8592116adcb63c5b,aux,eng,no
eng/tests/unit/calibration_adapter_test.cpp,35708,cce59447d5e4a93d8baaf4d6be43f133c4ba6cd3441138fdb8d36b203c393c31,aux,eng,no
eng/tests/unit/calibration_integration_test.cpp,47189,e14106174d6b9da7eab23b6c29670217a032299ef5efbc5e2a169dc833f7166a,aux,eng,no
eng/tests/unit/cli_bench_verdict_test.cpp,8308,71af97acd15d310aa322415ffe3bf849a28b449ecbe5231abb9b3b8ef833b8b2,aux,eng,no
eng/tests/unit/cli_process_test.cpp,6073,daa19c506e47f6155510a8d1859e8fbfd382d5403959ba974c2179109249d789,aux,eng,no
eng/tests/unit/cli_wideconv_test.cpp,4888,bef91403fdb6d190ce8fe08cc21d5d88f9777771c5e8bc9848869d2f7e3846d7,aux,eng,no
eng/tests/unit/core_artifact_test.cpp,3025,75c7a3c5b8b742df849d2007d9eb6e8fde6da292122b9dc91b8730766cfb6ffb,aux,eng,no
eng/tests/unit/core_block_frame_test.cpp,9151,28191e921f2517178a7b1b9e67efb1faec62711d935d4a6f4d74a58efb0cbefe,aux,eng,no
eng/tests/unit/core_checkpoint_test.cpp,2739,e18b73e21747efcc4ddefcfece84dc1cc2f3fe894f735eba6f3c1a9562b91d63,aux,eng,no
eng/tests/unit/core_context_test.cpp,3317,7e875a90fd7777cbe21d6fab99433582e77fcc0b8b24b43a28259809aac47bf7,aux,eng,no
eng/tests/unit/core_contracts_test.cpp,2789,ce80e81898c7eb2340e6dfadbe17972779493655d5572af9d45bbd51012232f0,aux,eng,no
eng/tests/unit/core_logging_test.cpp,3215,a48c12591d3d9cfeefb2f6814ab7106bc6c4f1f127a97cecd7fe60d22adae611,aux,eng,no
eng/tests/unit/core_module_test.cpp,2815,4a72c5758999cab4f5c5b810b7922f11a4a805fc52443868764183900cb6aee8,aux,eng,no
eng/tests/unit/core_pipeline_test.cpp,17234,670d6c93644a20d93ee6045dd7c415488e3d8f442fc2ba131aa200487ca0c9d1,aux,eng,no
eng/tests/unit/core_scheduler_test.cpp,10026,eb971b50189cab33ff5c4ac27392c284518d18aeb6d9eb6bc8f382ee6b39c204,aux,eng,no
eng/tests/unit/cosmetic_adapter_test.cpp,32238,c17c2b03e05a1da5128d8f27422569df7c6fb617e6e3e2b90410512cf7a15e90,aux,eng,no
eng/tests/unit/cosmetic_integration_test.cpp,53510,8e7dbcfc0f0de555d020d3f2ef407750e2d9b824a3e25cf478f6c3ff930c2798,aux,eng,no
eng/tests/unit/cpu001_negative_test.cpp,4137,ef8b5d4b63845c1c34850fcfc96b225e01749d406a6f734f492833969c5ec1ee,aux,eng,no
eng/tests/unit/cpu001_provider_selftest.cpp,7362,0d4b21b3951e09d1395bdcaeb8ca72d88a302d2ddbe17bf8fbd371c37ea2d807,aux,eng,no
eng/tests/unit/cpu003_profile_v2_test.cpp,7627,ce2041d54e55a1f5a09fbccc0ecd824da686db4e67bb95054055ba9bdd304a64,aux,eng,no
eng/tests/unit/cpu004_routing_test.cpp,7064,812aee9aab924242599fad0f46d97cf90ed6bf4787f68fdfaaf9a1af1ceb3545,aux,eng,no
eng/tests/unit/cpu006_bench_report_test.cpp,12813,e9dda64e233aa1751e5c542a602dba2761f0f6a082f3ff5ab96b7a87a1492b6f,aux,eng,no
eng/tests/unit/cpu007_profile_store_test.cpp,14316,2a478ff54f823f32d8c12a582d628a2d7ee08df176aa665a7b8c1c2a6187ce33,aux,eng,no
eng/tests/unit/cpu008_worker_advisor_test.cpp,16088,55113922d0b5800206c718cb88dcb0902f60f1eedfa589b49ab4164f920fc322,aux,eng,no
eng/tests/unit/cpu_abi_test.cpp,3463,ae3b22ce86b966b358d960200b985976ff32120db15751062082c82cc43db3f2,aux,eng,no
eng/tests/unit/cpu_backend_exception_test.cpp,7949,bef3f373175dd66611601d1ca88e1852d98f89a7871fe995de1a7d923ffbfef8,aux,eng,no
eng/tests/unit/cpu_bench_test.cpp,3709,2f2a5d43e85f3eaf773a57501fde3f4bf5ba99c9754df73104b93d50dd4ca224,aux,eng,no
eng/tests/unit/cpu_fallback_test.cpp,5205,cd56b5e8727300b9930aadafd8ad83135beb05792b7b8c0ab48047c497f7dd5e,aux,eng,no
eng/tests/unit/cpu_features_test.cpp,3212,d2ab488d7624d60f393e1061eee74e47cba7ba32da68cd01ad63c01eac9e9160,aux,eng,no
eng/tests/unit/cpu_lease_test.cpp,5092,570aa6684f3fa6f89b539b2189aae9f390a80baf3eacebd0fbf5bb6a6928641d,aux,eng,no
eng/tests/unit/cpu_monitor_test.cpp,3361,3421c1e523e78d96419d7842ebf2eabc9880be5911a77e36b2cec9ab1d46cfd5,aux,eng,no
eng/tests/unit/cpu_profile_test.cpp,3197,6397339e3660a90c1b1496471de93fabb204e60d6e60d1ef9bd8af98f309b7e5,aux,eng,no
eng/tests/unit/cpu_provider_test.cpp,3712,4aa984c0e0da12c4b8e4c8af678ac5ce8d5a71c422bea03047c351c85f6e6edd,aux,eng,no
eng/tests/unit/drizzle_adapter_impl.cpp,16554,ed6a0f679bf2616c992d0f3b7b8345d8ae748a77ba9d7fca103a72a00bfd62e0,aux,eng,no
eng/tests/unit/drizzle_adapter_test.cpp,8452,c6d6eada84b457ec3199d95e7a75b4ebb220dbbeb6addf9a07d6b8e3ef145039,aux,eng,no
eng/tests/unit/drizzle_precision_default_test.cpp,12943,08ebd43ed6ac17b57be3978ea42afe15fbbe5f3daada77e380ae804381338e9f,aux,eng,no
eng/tests/unit/executor_provider_race_test.cpp,2879,1d87001846504704706d86f1fb74764d7b742d425322c1597c334a98ee189a8f,aux,eng,no
eng/tests/unit/export_stream_test.cpp,10003,ba700770c5f9a7407ee14d5e5b5d4ddf4fbf3348925a3ae525acf1a51d2e3fcc,aux,eng,no
eng/tests/unit/fixtures/core_pipeline/README.md,1473,1c73a9ad36f5382446469427cfa1d21f1c0784734521582f4a1ece807ba2fd15,aux,eng,no
eng/tests/unit/fixtures/core_pipeline/invalid_pipeline_serial_heavy.json,434,6ff9c1abb849a55291453ba70a33f244e39ffcfbc09135610fe56e8a538401e3,aux,eng,no
eng/tests/unit/fixtures/core_pipeline/valid_pipeline.json,452,cd85400a67d47b07321330d805489efe02e4bb50cc2197598ca1237af1bc5c82,aux,eng,no
eng/tests/unit/gaia_adapter_test.c,42040,39653cc36ff1d99f4b25b79b49e729b2435f3d0e1b05ba0dcb5c8b738d771d39,aux,eng,no
eng/tests/unit/gaia_cat_test.c,44058,9c53f65cf7f90e3c3e7a0ddb4aeb07938091ab62f0b91b087e51bd1c78eafef4,aux,eng,no
eng/tests/unit/gaia_integration_test.c,40893,1f8bc86ef92a9bd991e0745b10bf713ac506b7559651ddbdc85d20ada30b8439,aux,eng,no
eng/tests/unit/gaia_magnitude_range_bounds_test.c,18540,118e1d10a2fa80efcfbab3fb439096dbd55569c88025b8df72cfaa270f4f87da,aux,eng,no
eng/tests/unit/gaia_module_manifest_bounds_test.c,7992,000123ef64e7eac31130c752fa17596cbdceb1a491c6666b98db5480e8eb4bd6,aux,eng,no
eng/tests/unit/gaia_shard_coverage_gate_test.c,18429,9043ed2b482d7d3c9780e2562286dbd2e183573d076a6e7c2c6ecbc1aff7f365,aux,eng,no
eng/tests/unit/gaia_unshuffle_test.c,3405,6b6826a03790ba44562d09bc31f65532a72b5522fae013f5f389a7bcc41dae8f,aux,eng,no
eng/tests/unit/gaia_xpsd_fixture_gen.c,30507,5b90fb58a2396f381221139306af33775b6de3494a2afbf50509983fff10d555,aux,eng,no
eng/tests/unit/io_adapter_test.cpp,8816,2bc3503b13f0989a67bbf7018b12fe49eb040f1143ea2cf220b420530cf9afaf,aux,eng,no
eng/tests/unit/io_ownership_test.cpp,5979,fe8148bec0694700cadf2c360cff24d5f6eebe62c8b322db34db03d46aa526f7,aux,eng,no
eng/tests/unit/io_reentrant_test.cpp,4385,6a1781f44e3793df787d918ee053a1ac23b33e73c1249fdd7ad2f0c9d88e8d68,aux,eng,no
eng/tests/unit/ipv_platform_binding_test.cpp,5184,d8dbe51a1c4684067373e2f7dc8a3598c188f7ccfb71a233c734488d64dd5fa1,aux,eng,no
eng/tests/unit/master_flat_median_test.cpp,7069,3198ea2e45e6c8f150e7ad0d3ffbc2eef27f53ace2eccfc816e2b6ae755e5628,aux,eng,no
eng/tests/unit/mem_wire_test.cpp,22753,16a5fb3083cf7c5a36f7b9a5628db53a510540250ae5a37e2bd2dd6b1d4e95cf,aux,eng,no
eng/tests/unit/mon001_gate_test.cpp,15249,73261a2f9df6ec6d2c40abf928dd6dcb4caa204091f9e0ff4bfb9403a5bf745e,aux,eng,no
eng/tests/unit/mon001_recorder_test.cpp,5131,bc0922900827c86050c850f7c33a6aeee183c44c4b64b305b154c11b2f8e3e53,aux,eng,no
eng/tests/unit/mon002_alloc_test.cpp,14698,c9454932af3e6761437764f589b44ce4cb4152280d1d09245643adaa0e82dd86,aux,eng,no
eng/tests/unit/mon002_gate_test.cpp,22536,7577104f04fa235b389d0369ee476a083e42205c184f1c0bf9e35e1c523da2f8,aux,eng,no
eng/tests/unit/mon004_enforcement_test.cpp,5483,b58d8124f0ce09d92250c4be73da6dd64502ad153da9ad78f93cbb2bcf6ad5b7,aux,eng,no
eng/tests/unit/mosaic_window_test.cpp,13438,4048a62455e020a54680796b3aa1b8246d729a3e7774bc8a68207c716eafe469,aux,eng,no
eng/tests/unit/normalize_workflow_test.cpp,19589,b5fd2239a6e3334beefdd0c878eb845c563da7178bd1fc78960495276860e99d,aux,eng,no
eng/tests/unit/p1001_modules_test.cpp,3210,1cde3a41529f7f04003bb291ced90a44b367e9d83b1e33016f829a8cdbcd3876,aux,eng,no
eng/tests/unit/p1001_real_nodes_test.cpp,268586,bbce0d5fd857ccd6fc30c7baaf8a0e58742542d7793f28b0e9dbfc1755004ba6,aux,eng,no
eng/tests/unit/p15_artifact_collect_test.cpp,5318,f4b6cb129a14c0d11894566f3db8134a92c96b4646f8009f1519ae5bbfd0562d,aux,eng,no
eng/tests/unit/p1_calibration_test.cpp,5092,af8a37c13ac5747a588807014256ed6d76352b22c2134522884bf4ec6b65a251,aux,eng,no
eng/tests/unit/p1_hips/adapter_entry_impl.cpp,810,eab613138161798b78d4f5ee3a721916a96cf3df1bec9ff5f380c1426543ef44,aux,eng,no
eng/tests/unit/p1_hips/adapter_test.c,38713,cc62ed74f6e3da234ea94aa5dfc77ec8399c339486d62174766978f82fa85527,aux,eng,no
eng/tests/unit/p1_hips/publish_atomic_test.c,28507,4549cb586793ed0fe7ce4907b0d6374aad4428bc7fc139e9dbba86307674e5f9,aux,eng,no
eng/tests/unit/p1_hips_writer_test.cpp,8838,83a99733f150d25b656dee6fc688fc13764c101515f72854387013ecbd7bf16d,aux,eng,no
eng/tests/unit/p1_ir_facade_test.cpp,3860,437d838ce660aa5b8a9efd5caf31342166ec959f462778d5f6ee0b6fb5e4048a,aux,eng,no
eng/tests/unit/p1_noise/adapter_entry_impl.cpp,552,0a67eed7f3326a0b6dcb8137e8c08677a4788a90dd865c7284b24070e47de607,aux,eng,no
eng/tests/unit/p1_noise/adapter_test.cpp,42614,149d64df0b5fbfbe78048399bc37f2df5e0e9a5e9ea328eef98e63d3d0c300b4,aux,eng,no
eng/tests/unit/p1_noise_test.cpp,8513,6f4c60d6f93b184b6cdbf4ff97258ae37dec3626843a60ac36e48c68fc85ed63,aux,eng,no
eng/tests/unit/p1_nside_test.cpp,3806,060340d0dd2c74bb3ca0c7bbc91fe843c4013811a22a1f21d96674c8da1c79f3,aux,eng,no
eng/tests/unit/p1_resource_test.cpp,3890,be6f8ec097fd2b97f838f7c542f4fd3ad9883b426262dc31dacd7778f00a4d5d,aux,eng,no
eng/tests/unit/p1_stars_test.cpp,12561,48df49ad14cac1c19663215c688c9c58b833d570ef7dd29e34474e664aed5dba,aux,eng,no
eng/tests/unit/p1_wcs_phot_test.cpp,4862,79a282ef8ea8e8b54c7874bb7c69fe0ee2767d45966972126eec37063f3a5a6b,aux,eng,no
eng/tests/unit/p1snr/CMakeLists.txt,6058,a68d106021787eb71d2d7fab634b24838cad9f59df1520ac6c91d6b89f2eb990,aux,eng,no
eng/tests/unit/p1snr/p1snr_frame_parity_test.cpp,16196,5fbbb60e869450323ec7b81d6754219e53af7f00bfb4e7b76a7db240e3ae38ad,aux,eng,no
eng/tests/unit/p1snr/p1snr_fref_baseline_test.cpp,14354,962fb6b0480c7eef8923fae3c8f202572ba59fb690ebf732f7bd1f2e31b85373,aux,eng,no
eng/tests/unit/p1snr/p1snr_linux_test.cpp,27445,d5a919f482c9150a4eb7741651104a11aea22abf91367233b30c5b5bfbaea6ed,aux,eng,no
eng/tests/unit/p1snr/p1snr_noise_cfg_wiring_test.cpp,13928,f77b82c28bc66180a6b51567af579436712abe216472a26bc8470df5cfade351,aux,eng,no
eng/tests/unit/p1wcs/CMakeLists.txt,10258,ef7dc6d720331c459bd28af5bfe7c9d757e2661c9137731eeebf5998e523aa90,aux,eng,no
eng/tests/unit/p1wcs/p1wcs_astropy_cross.py,17377,df338f3015412d43fc019bb6273ab7af7c2208d87450e163b30e62c61f0456d4,aux,eng,no
eng/tests/unit/p1wcs/p1wcs_fixtures.hpp,15021,0f57878aa09d15d72e7cb8cd04f1c8f37df1739b8eed677df52695501471be1c,aux,eng,no
eng/tests/unit/p1wcs/p1wcs_oracle.hpp,17367,3499ba52be30adeee2b40222d271df6e1cd44d9a78cd99d27db823e69af87944,aux,eng,no
eng/tests/unit/p1wcs/p1wcs_std_f1_bridge_cross.py,19844,2f1b86b483cf3f9b1d810188338cedce254b5be098dd04b34e3edcd7d08dbe51,aux,eng,no
eng/tests/unit/p1wcs/p1wcs_test_main.hpp,11306,193b5b0ee9d0a9ab3abd5cd8a9a2d8f2b16d420e4e636bd55c33becfcfa3eaef,aux,eng,no
eng/tests/unit/p1wcs/p1wcs_tests_apbp.cpp,36772,8a896be695b372b174387c592a6ff397262ff758ea6b77044873e0ff2514b21c,aux,eng,no
eng/tests/unit/p1wcs/p1wcs_tests_main.cpp,626,7cd02d9b1e1b72c8ce1660dd3fcc26d09ba1722d313f69ddc24edc635f0945a3,aux,eng,no
eng/tests/unit/p1wcs/p1wcs_tests_negative.cpp,14669,58626dd351f57c5d3db4efcf346305f3412cf8df228e9e0560f9e8a1291fc2b5,aux,eng,no
eng/tests/unit/p1wcs/p1wcs_tests_oracle.cpp,22222,81fc86b68131e71a0acb756a638f064532dca7b645a8493fe42740226f7e9f25,aux,eng,no
eng/tests/unit/p1wcs/p1wcs_tests_perf.cpp,3444,4ffec28a64d61069e8b36bb333b8f99a3c422505e339a4d2006f4c3dd35c926e,aux,eng,no
eng/tests/unit/p1wcs/p1wcs_tests_properties.cpp,11129,914690865a7d48b614160c50c16e16589a02872210fa929d5d720d7e310ca5e4,aux,eng,no
eng/tests/unit/p1wcs/p1wcs_tests_selfcheck.cpp,5592,441f2aec33b1c6baa777d1fcfdf2edd9d7de21bcddc2096e89ae0414cb07362e,aux,eng,no
eng/tests/unit/p1wcs/p1wcs_tests_units.cpp,10163,d101fc58b45c60d8500d322928fc3ffff8acf42d9680266c7656abf6954e3e81,aux,eng,no
eng/tests/unit/p2001_real_nodes_test.cpp,74422,882e606cad34cede92e02e1d2e1185d5544c86bbcd2a9019948802444ec6690a,aux,eng,no
eng/tests/unit/p2002_unc_rej_prov_test.cpp,101872,74f22aa6e412a658e96ffd7a7d3c8c43e594ab43881adef38622433f8b708f2f,aux,eng,no
eng/tests/unit/p2_block_plan_test.cpp,3894,4278cef94454eda4eb96f56330584ed4d4b06f1ea3dc30db02942c1ae90c2553,aux,eng,no
eng/tests/unit/p2_ir_facade_test.cpp,2984,c8d7b3b954f16488a388340c7fcc67a8c165919629816217549a9f7414537785,aux,eng,no
eng/tests/unit/p2_output_semantics_test.cpp,8152,0c39f4d9b84b7a109eed71582403f96b466d37a716a4ae7154f024b30626f4c7,aux,eng,no
eng/tests/unit/p2_rejection_test.cpp,22705,0aeb10f8c8a1d13ad083336714e7a134cf208902ae38f28df825d548968a5dac,aux,eng,no
eng/tests/unit/p2_seam_gate_test.cpp,3788,3549babb0970e24070c8a62b1b227b35c854bcc68960b02cddacd817c1cc23f6,aux,eng,no
eng/tests/unit/p2_upm_synthetic_test.cpp,6837,1a2e91142736f0ed44daa6acba54d3c14c2158e67198f5af21a9ec37cb90c150,aux,eng,no
eng/tests/unit/p2_workers_test.cpp,6596,587f15b68235250e8a4e9620292b1a03ad9dce2535b9d295529d792b40d12b48,aux,eng,no
eng/tests/unit/p3002_real_nodes_test.cpp,20414,9d3dfe81836ff9fa8a716f9677938997e9290eea4adad40e8f505b651cee11f7,aux,eng,no
eng/tests/unit/p3002_uncertainty_test.cpp,39212,3ba8a21df5f6eb307067dadbb081a3ff943d1cd071edbbab4269c1e06fd58207,aux,eng,no
eng/tests/unit/p3_assembly_test.cpp,7685,46c1c71060f0899a992436498d4b3412de6403f325ff5549df57b9983ea32523,aux,eng,no
eng/tests/unit/p3_coverage_test.cpp,9938,8e62eb9698101bc69c13da61711bf2d0319241610fcc5e24f39f55ab7a911555,aux,eng,no
eng/tests/unit/p3_export_stream_prod_test.cpp,27379,a27839e20f7d8e8bb807041d08b0ed3a6a36cdc879ec988a7467692aa64a1239,aux,eng,no
eng/tests/unit/p3_interp_test.cpp,6099,d2a04fb65b61e6d8bba206223b7d2c8032c4b50cff891f175f51d4ec18d24377,aux,eng,no
eng/tests/unit/p3_output_test.cpp,11378,f1b139f1f0e0c04f164342c54c4d98ba983d3886b4786c63e8c4ee031adfe8e0,aux,eng,no
eng/tests/unit/p3_projection_test.cpp,33284,56cc9ca1c0d63093f6e01f822000492276540d09f26450264be01be729e41a08,aux,eng,no
eng/tests/unit/p3_sampler_cache_test.cpp,13615,967052615f63a14b3042dfd04ae06694e2526b93f2c819ec8f398fdecfb1374e,aux,eng,no
eng/tests/unit/rt001_abi_test.cpp,4301,4712b80375f4fef014d545f16607be9c6114462c70bdd7a2e8139e5200c0f6b9,aux,eng,no
eng/tests/unit/rt001_unique_executor_test.cpp,16584,17d320a34bc9186b15830c0785a079cafb8ba00f66563bafb07d09ac82842cd5,aux,eng,no
eng/tests/unit/rt002_budget_test.cpp,6016,040a3b22434fe78635f7d78bd8913e2430537a452f365bad4bcc2ae200b41624,aux,eng,no
eng/tests/unit/rt003_context_test.cpp,3918,a465c678eed3ce70cc04997af63a010ea3518ce6be70416f4e8b98b2e8fca392,aux,eng,no
eng/tests/unit/rt005_registry_test.cpp,6442,ec7dcf0ab231d712e7859435df2e0ceb90988c2629b2916e0c123125c663fe1c,aux,eng,no
eng/tests/unit/rt006_scheduler_test.cpp,8570,01f4eae30ee2f760e5aee5b8c81836e7a1411294c48b01f875adfb83f6c717aa,aux,eng,no
eng/tests/unit/rt007_artifact_store_test.cpp,5754,563a8a537eedf71bfb2c6bb43be14a4acf1f04f4cc08f9506e882b6592e07bac,aux,eng,no
eng/tests/unit/rt008_runtime_client_test.cpp,3342,2f11e797865090c0589d5269a9955a29d0db104563b4e53c45c6c44d82d66dd4,aux,eng,no
eng/tests/unit/rt009_node_trace_test.cpp,3432,34ce4b000e03bea06e5542ca1605c6208ef3090aac7ce860f662016f5302a482,aux,eng,no
eng/tests/unit/v6_aio/CMakeLists.txt,2731,74c0b47162294ae41303488f37326fd3922c013d24d4a837eab5b61cb4b1a5a9,aux,eng,no
eng/tests/unit/v6_aio/mutations/mutate_and_check.py,7321,e5f17dc320c8b8bb0412d729ef4b152b8e84eab9e3dc09a97b10105d3ab4ee0c,aux,eng,no
eng/tests/unit/v6_aio/oracle/v6_aio_oracle.py,634,a998f90b23fd2f6b476574554661ec6611afa58d46fe158626074a234b5bb244,aux,eng,no
eng/tests/unit/v6_aio/oracle/v6_aio_oracle_lib.py,19844,e9f33a2a74cfcea8a5bf26b448ea681305597d264fb28f4eb2fff53702129b46,aux,eng,no
eng/tests/unit/v6_aio/oracle/v6_aio_oracle_negative.py,5988,2725f108318778beb272274a0fa8882b34d72ad4d182c63d0c134924a4a10128,aux,eng,no
eng/tests/unit/v6_aio/v6_aio_test.cpp,30010,c35945e1c93f55c0cfec878fa0cb74027dc6201e0bc32aeb5dddc31e39406114,aux,eng,no
eng/tests/unit/v6_p1_cal/CMakeLists.txt,1814,59c48f50938674c5adfda11579f9034632d7e9357736139a08dfd40a9a02bb6e,aux,eng,no
eng/tests/unit/v6_p1_cal/v6_cal_covariance_test.cpp,33149,a6c8564ad449a02ea675d6a2d15c5078f9e814f8e35ef352ba9fe1af74e438b7,aux,eng,no
eng/tests/unit/v6_p1_cal/v6_cal_oracle.hpp,4762,b1d167c537b3d7a279b743085cbe3ddc8b88783706a8a4bdcb97d27dc5228719,aux,eng,no
eng/tests/unit/v6_p1_cal/v6_cal_test_support.hpp,1949,2ab45c4b6d8115e11b4a6aa20e0f8aaaa976e7f50775614422f0daf27fb18ace,aux,eng,no
eng/tests/unit/v6_p1_drz/CMakeLists.txt,1919,139e48b75a6d22e4a3f34509e6ae9abe406c6344e9b97259d758cc4aa99c051a,aux,eng,no
eng/tests/unit/v6_p1_drz/v6_p1_drz_oracle.hpp,5869,5784b76585e43527f9019d9016d9b725358c0996901bc63b2030aa08dc398653,aux,eng,no
eng/tests/unit/v6_p1_drz/v6_p1_drz_test.cpp,31771,37ebea234f61660bbf419664b2f6114b538702231b2d79c1e618932f5e6a0c8f,aux,eng,no
eng/tests/unit/v6_p1_psfw/CMakeLists.txt,2947,02ee18363a0da75153aa6a4f1c0acdb57d3b65a9d9c54308000c0959fbc332d8,aux,eng,no
eng/tests/unit/v6_p1_psfw/p1psfw_fixtures.hpp,4618,b2794af1ed0ccce8cdd4a3afed7f5d4f6e80a59c64f20dc57975ea0f979dbfac,aux,eng,no
eng/tests/unit/v6_p1_psfw/p1psfw_oracle.hpp,9691,89f7def2f2e5264bbbebe38b47e6be474933c33c540b0f656803947141d8c6b4,aux,eng,no
eng/tests/unit/v6_p1_psfw/p1psfw_test_main.hpp,3145,cb5ad69a9c4d8c0d8e04719c8faded32959821e2ee86e513b1db7739c387fd04,aux,eng,no
eng/tests/unit/v6_p1_psfw/p1psfw_tests_anea.cpp,4926,fc45ce4b2a2827f6a55f716e91e8d4327f973554d3a368babcb7724da25fd981,aux,eng,no
eng/tests/unit/v6_p1_psfw/p1psfw_tests_gates.cpp,6112,a8b126d4c30351d562922180c424089c1e5491e1fc85be49243f0480f5b979bb,aux,eng,no
eng/tests/unit/v6_p1_psfw/p1psfw_tests_negative.cpp,7370,2f82f13072e0e6eb685078b5bfc1103e9435d7e83b97ee6731bfaeaa1d4c871b,aux,eng,no
eng/tests/unit/v6_p1_psfw/p1psfw_tests_oracle.cpp,5889,94d12d0ad48438ba2d691e64080059442e364a4f4d772f23f0f37ef38e9615ed,aux,eng,no
eng/tests/unit/v6_p1_psfw/p1psfw_tests_psfsw.cpp,8212,0fdd27cea092061a9f54dcf287882ebc4f60c441664a0049dd77a4a52337a392,aux,eng,no
eng/tests/unit/v6_p1_psfw/p1psfw_tests_record.cpp,10803,5573703c199c6157c2908afbdac50820ec47bf09d8c59bd115366316848ac59b,aux,eng,no
eng/tests/unit/v6_p1_psfw/p1psfw_tests_winfo.cpp,7364,2a383ea1a9d562011fa7a7f3157ee051b38418c3d01023004581bd0903da9321,aux,eng,no
eng/tests/unit/v6_p1_psfw/tests_main.cpp,889,b3e9ff57440057bf70177242d4d7aed74172db6e92bd8cf7aaec930ae641e7df,aux,eng,no
eng/tests/unit/v6_p2_identifiability/CMakeLists.txt,678,3a6acbb98c5f15dc3878f70c9a2bf423c6b1f6a7cf4262251ab3f6fd910c34a8,aux,eng,no
eng/tests/unit/v6_p2_identifiability/v6_p2_identifiability_test.cpp,23298,6df5ad31b7392d78e6bbc1233e703374ea97127b4745a274c862f0486fd64fe4,aux,eng,no
eng/tests/unit/v6_p2_rej/CMakeLists.txt,1803,5f2b0749ff2d8a5d5f990618f25c42b46372d14e729880241073801063f0c917,aux,eng,no
eng/tests/unit/v6_p2_rej/oracle_expected.inc,94505,a99d39a1036bde09a2d3dfe0acfae833a94f5856c9d6dd94f73b93e622c43864,aux,eng,no
eng/tests/unit/v6_p2_rej/oracle_rej.py,15637,631e440c2f1f02e89c43621137e92b0826c49b11ec03fc6a167f797e48b60a0d,aux,eng,no
eng/tests/unit/v6_p2_rej/p2_rej_v6_test.cpp,39783,b94b64aad204e9ff5668b4916b29e5588a26c09a00ef951ce8b66782f2a4b484,aux,eng,no
eng/tests/unit/v6_p2_samp/CMakeLists.txt,2650,fde90209bebf3978d4ee6951d65b8f1f92091de812f4fd0813e60787c1cf678f,aux,eng,no
eng/tests/unit/v6_p2_samp/v6_p2_samp_test.cpp,35809,19a73d476c22e4541062ae87564d23ee2a7fcef98cc1bd5e28ebebf59c6b46b0,aux,eng,no
eng/tests/unit/v6_p2_sky/CMakeLists.txt,4025,bc060526023b6dbd8034feeeeb25d8ed70df3b7de55ec4d3a6d0b776b716b0ca,aux,eng,no
eng/tests/unit/v6_p2_sky/v6_p2_sky_geometry_test.cpp,12348,67329d85a1a9693249182539d4ecc858d2c400a7f1c570415636eaa4a4fa7d24,aux,eng,no
eng/tests/unit/v6_p2_sky/v6_p2_sky_node_adapt_test.cpp,29453,42f8d61277c20f9371ce51a481237d62e12334a4c278f10ba3fa976eaec4b9fa,aux,eng,no
eng/tests/unit/v6_p2_sky/v6_p2_sky_test.cpp,27530,daca16cf7f026d220e5ee332866a7fac358b58f0cf0e8d209662a08be4a0da64,aux,eng,no
eng/tests/unit/v6_p2_sky_kappa/CMakeLists.txt,620,7933652ce621b5ba7df0ba17dfb5acace81a399663fead8069c4252abebf64ed,aux,eng,no
eng/tests/unit/v6_p2_sky_kappa/v6_p2_sky_kappa_test.cpp,18038,744ae831f4a2e525cb489ce52ff38b6bf45f09c46ce4b0573c74e22b62964265,aux,eng,no
eng/tests/unit/v6_p2_upm/CMakeLists.txt,3403,939def259db14ae225b58685edee4f1d1a07441f8cca4edaf8cc0f046ac8040b,aux,eng,no
eng/tests/unit/v6_p2_upm/oracle/anchors.json,8363,643cd5f8d14f1f36f0498d09cfb6ae11a59d756d21e29c52e0f359d6f7ed24bb,aux,eng,no
eng/tests/unit/v6_p2_upm/oracle/upm_ma_oracle.py,14800,437bc746512e7c01a21c587352601e73abeee2ce0bf6ea68515fe2d8aa2a2fe1,aux,eng,no
eng/tests/unit/v6_p2_upm/v6_p2_upm_geo_diag_test.cpp,15944,a28e2a85aa541e6a518a392300e2a5c1b68a0e5dcf70d5927821c6aaf94c0ec1,aux,eng,no
eng/tests/unit/v6_p2_upm/v6_p2_upm_ma_test.cpp,31153,38626f7f8fedc1925f31024372c0aab8f0e6eb2b6acf8761761e9eff82b941b9,aux,eng,no
eng/tests/unit/v6_p3_proj/CMakeLists.txt,2582,8091dfe1f1f06c349d2f30332c6668d99dd18b46748e1e7581e7ccc0b267de0a,aux,eng,no
eng/tests/unit/v6_p3_proj/p3_proj_legacy_deviation.py,8280,d4cd24db3ae2f31f9822e6411080c93924c79c9141e1ea20a839c31a1f6e9899,aux,eng,no
eng/tests/unit/v6_p3_proj/p3_proj_wcs_oracle.py,14483,55b1f6ac2cbd3efcc890ac56cf1e1ca227b14fe31d4dd5cce4647a8470908d4b,aux,eng,no
eng/tests/unit/v6_p3_proj/sin_roundtrip_gate.py,7355,964547628c5711a6029a2e77c2d39656a87c40245b743bee2da7f2308639b4c7,aux,eng,no
eng/tests/unit/v6_p3_proj/v6_p3_proj_legacy_probe.cpp,2499,15d31cc4cc643c9427806af0a25ba012e73199a0058cfb12c9eabaf066f9ea31,aux,eng,no
eng/tests/unit/v6_p3_proj/v6_p3_proj_probe.cpp,8991,cee4e02458656532fd8605d0a9b4531829d8fd424974f48c832005d52c9057ea,aux,eng,no
eng/tests/unit/v6_p3_proj/v6_p3_proj_test.cpp,37645,e804a9e7b029d406dc84c639d2485661cbba0b325abe2c0b58d329a633f99751,aux,eng,no
eng/tests/unit/v6_p3_rsmp/CMakeLists.txt,2480,4f0612a2cdb7d790a6abbf1b883f6b1e292fdb51e6b1a2c516e8263b13244e3a,aux,eng,no
eng/tests/unit/v6_p3_rsmp/p3_rsmp_core_test.cpp,16005,e71d6c698b6f4cc0dff5c3a8e67b0f6bd051703688e1df424b3ad4fab850bc39,aux,eng,no
eng/tests/unit/v6_p3_rsmp/p3_rsmp_gate_test.cpp,12419,b101be6f67a251f147b1f860a41e716aa5b935a72796de133e5be319ede292ec,aux,eng,no
eng/tests/unit/v6_p3_rsmp/p3_rsmp_oracle.h,9827,7e2f57045754acd13500ad9dfaad1cc9eef510b09543509ba521d3c053266c4a,aux,eng,no
eng/tests/unit/v6_p3_rsmp/p3_rsmp_oracle_test.cpp,6779,39cdfa0acc9e6edc64a827645eb47dfec63dbaf43abf42a3c36ba86000bf225f,aux,eng,no
eng/tests/unit/v6_p3_rsmp/p3_rsmp_scenarios.h,2249,6a8b23074b8d8da60870cc57b6a8aa550960d870e06d52e8484625a626fed03d,aux,eng,no
eng/tests/unit/v6_p3_rsmp/p3_rsmp_test_util.h,3527,afe3e8b6bad6d60be32ee363cea3b141e4068584ebc830ad45417bcb9c691be5,aux,eng,no
eng/tests/unit/v6_p3_rsmp/run_mutations.py,10419,8197166124130ce5449477b25a99a28d34131db51f9b60833f84111a08f3d9b5,aux,eng,no
eng/tests/unit/v6_p3_rsmp/run_verification.sh,1108,32e203b3ac0f6669410e4f6a11776bf54701bd7fd3a13db9430340c01dc92f69,aux,eng,no
eng/tests/unit/v6_p3_rsmp/write_evidence.py,4071,a20d22fee13308d19702292d4f9ad0d7d15895e0ae441b0da01e4aa5a14a7e74,aux,eng,no
eng/tests/unit/variance_floor_test.cpp,14234,7e0a8e87009d0e3630ed3bf14981d980eba89fa727bdfa7ddb0e00e9dd812874,aux,eng,no
eng/tests/unit/xpsd_spectrum_count_bounds_test.c,5429,6c9c9b1b725e13d79c9e999d5812a709166723405a4a650b922431aaf9a313c6,aux,eng,no
eng/tests/validation/release02/README.md,8258,3cf2a332546db8b02a028bbac0482cb1ff3d30f2ad1e1160df5218faabdcb847,aux,eng,no
eng/tests/validation/release02/__init__.py,0,e3b0c44298fc1c149afbf4c8996fb92427ae41e4649b934ca495991b7852b855,aux,eng,no
eng/tests/validation/release02/c_delta_composition/Ck_robust.py,2272,75a031311a218a991f5d12c411d6f57f8ed6e447063f0c78f283b353ee4939b3,aux,eng,no
eng/tests/validation/release02/c_delta_composition/Ck_vs_M.py,1821,7be79706f2fdd8bf7a6a525234a7c3fdb1238c91783aaf5c0caa3084c23b94de,aux,eng,no
eng/tests/validation/release02/c_delta_composition/c_delta_comp.json,106,f5c6fbfefb83e0dc91a5b274bf125bd83de44737faf17c622bdac9a98e0cba87,aux,eng,no
eng/tests/validation/release02/c_delta_composition/c_delta_comp.py,2509,ba6a5f8a915b4f1693bbdb06e35d06812c03e331da2016f072039b8e56d95d5d,aux,eng,no
eng/tests/validation/release02/c_delta_composition/check_renders.py,611,a1b80c95f85c8dcd527ed284bd18dccccb281c177798e29a7086a0786266f277,aux,eng,no
eng/tests/validation/release02/c_delta_composition/controls_rank1.py,3866,1883c92fec502d89d0568b33d01fbdf263a8d646ed1e178d4078bea7448dae44,aux,eng,no
eng/tests/validation/release02/c_delta_composition/convergence.py,2851,42176527aa452f395dbc7a6e5a7855ff3f9b7cc07fc43e0057ed8f0f652b1ced,aux,eng,no
eng/tests/validation/release02/c_delta_composition/convergence_trend.py,2247,3eab0c9bbee30597f5a7702c914f95dbe752095ead78e6f9618e35953898ffbc,aux,eng,no
eng/tests/validation/release02/c_delta_composition/corrected_pairs.py,1757,cb8aa45d58939217b9d87a75578ee0361fb3e5ab9b45b38f831987da18eab9c3,aux,eng,no
eng/tests/validation/release02/c_delta_composition/counterfactual_gk.json,152,1e939955c04681c762790572d79a9437b15b3d95b37e9ee31cdbf1d40f79580e,aux,eng,no
eng/tests/validation/release02/c_delta_composition/counterfactual_gk.py,2297,ab21d9316bed288fd36c7f4df89c9c2d8d847791f8b7283d3a84c3d03358bcf7,aux,eng,no
eng/tests/validation/release02/c_delta_composition/delta_seam_cause.py,2683,8dd6c40481e0d752d968fd2d898f96eca3cbe2b1f2c41a914fa969e5f23c38db,aux,eng,no
eng/tests/validation/release02/c_delta_composition/delta_vs_C.py,3700,032b9a9dc80360adcd893e7b9fb15b2aedef5429a0925b160c698fba52c4e250,aux,eng,no
eng/tests/validation/release02/c_delta_composition/gk_est.json,1181,72f9a8ac3786a61fbf4fabd00ae240353be5b459053b99505b07ecdfbe687184,aux,eng,no
eng/tests/validation/release02/c_delta_composition/map_test.py,1368,47193b4551ca75f763dcd03043310f57904f87fb1e4672fc567452a310ea4e72,aux,eng,no
eng/tests/validation/release02/c_delta_composition/map_test2.py,1641,1096d1ed33fb2f3f722bcda60fccaeffedaae8c6100b7f801b0d9d2e05883f65,aux,eng,no
eng/tests/validation/release02/c_delta_composition/mult_test1.py,3089,e796f86973ece6cb6041b49dc1a9b92bab2feb8332354584e8e50e440e724158,aux,eng,no
eng/tests/validation/release02/c_delta_composition/mult_test2.py,2119,dbe2e4a970b582da78156370849cca76abe58521490211c153c7cc4c914a3924,aux,eng,no
eng/tests/validation/release02/c_delta_composition/mult_test3.py,3409,7a4f24f5dba14837302646e0f958df57f4bda7fe8908e924e5bf5b57de092de8,aux,eng,no
eng/tests/validation/release02/c_delta_composition/pair_fits.json,351711,1d89fc5c4f0a6f1e22b568169168a66fb158580302b6a0c278396c437281617a,aux,eng,no
eng/tests/validation/release02/c_delta_composition/parse_model.py,1351,b09c69abbd7e9893d0d72e61466679abae04cedb156f9bce1b512556c2addfd9,aux,eng,no
eng/tests/validation/release02/c_delta_composition/seam_fixed.py,2285,78eaa68ddab271da5cbde1506215a4ea86904fa2a76eddb1ab779a338aa04669,aux,eng,no
eng/tests/validation/release02/c_delta_composition/seam_measure.py,4199,b0624e2aee824799f63635f950fd7eb6acf93d2ec15d8f446888677ece0517f3,aux,eng,no
eng/tests/validation/release02/c_delta_composition/seam_meta.json,74,d49b8377bf58254df237bf4ac6a1573ad56a8da969e0a5e43947221867d5c269,aux,eng,no
eng/tests/validation/release02/c_delta_composition/seam_vs_bg.json,25738,59cd491222081d5d93f2915fda41a49c212ba3bb1f5618f11cf32f75e7744f6b,aux,eng,no
eng/tests/validation/release02/c_delta_composition/seam_vs_bg.py,3356,144c846fa63b827195f685f5747e2c8e43a1adb24b5416af14742859ed61fd0d,aux,eng,no
eng/tests/validation/release02/c_delta_composition/verify_corr.py,2230,47eeb8fbe53cf27b10eb074eccc567e2c5877b2bc1f8a138ee1512ffabe9184e,aux,eng,no
eng/tests/validation/release02/c_delta_composition/which_correction.py,2158,9fd8547313d431a5aa4a20ce53d9c552952d6cf83fe48e1e44ad9ca29f469fbb,aux,eng,no
eng/tests/validation/release02/fix_p1_photometry_apply/l4_photometry_fit_snippet.json,695,a25d152c8b9b8c0043497483f86719997cebc36b7704df1c1697ea516df84fbc,aux,eng,no
eng/tests/validation/release02/fix_p1_photometry_apply/ma_cmd.txt,2643,c79ef3611ab0a3f95cb12ce0c5fb9a85ce7a027b16c54723d86d553459dd8bee,aux,eng,no
eng/tests/validation/release02/fix_p1_photometry_apply/oracle_build.log,0,e3b0c44298fc1c149afbf4c8996fb92427ae41e4649b934ca495991b7852b855,aux,eng,no
eng/tests/validation/release02/fix_p1_photometry_apply/oracle_output.txt,935,299aaaec9c52fc1443107a2e49d07f8a2acb8ac0580bca87c948604691b9e28c,aux,eng,no
eng/tests/validation/release02/fix_p1_photometry_apply/oracle_stderr.txt,978,c4e079e5c8b654fe78f7a9479f19148533406d897fa9764a8193dccc4ed4490d,aux,eng,no
eng/tests/validation/release02/fix_p1_photometry_apply/p1001_cmd.txt,2791,2fa4054039bede92fa75e28cc575a392d5976adcf67544b2d69193766fd3865a,aux,eng,no
eng/tests/validation/release02/fix_p1_photometry_apply/p1_apply_oracle.cpp,6819,069a256613070c572f0218f1746a6e660e43c916826cef518db2fb085139feb1,aux,eng,no
eng/tests/validation/release02/fix_p1_photometry_apply/p1_photscale_example.json,232,8cce07afac885f3897d797c82122206a522610a2ccbd6d183a8be4ba36a995d0,aux,eng,no
eng/tests/validation/release02/fix_p1_photometry_apply/p1_qf_oracle.cpp,7352,d82ba7eaf146df7c6bcb830f5262015d44e79fc74ca56a66917bb3b8422967f6,aux,eng,no
eng/tests/validation/release02/fix_p1_photometry_apply/qf_oracle_build.log,0,e3b0c44298fc1c149afbf4c8996fb92427ae41e4649b934ca495991b7852b855,aux,eng,no
eng/tests/validation/release02/fix_p1_photometry_apply/qf_oracle_output.txt,669,9072822aa4a130adfae4e71ec2cafb53bb4c2249c175baddafc89d3c278310f6,aux,eng,no
eng/tests/validation/release02/fix_p1_photometry_apply/qf_oracle_stderr.txt,10391,8a7b33ba42d3703f1b2418c11e87f2eb709ebd7ee9517e052882102dc5529cf9,aux,eng,no
eng/tests/validation/release02/fix_p1_photometry_apply/syntax_frame_fit.log,0,e3b0c44298fc1c149afbf4c8996fb92427ae41e4649b934ca495991b7852b855,aux,eng,no
eng/tests/validation/release02/fix_p1_photometry_apply/syntax_module_adapters.log,0,e3b0c44298fc1c149afbf4c8996fb92427ae41e4649b934ca495991b7852b855,aux,eng,no
eng/tests/validation/release02/fix_p1_photometry_apply/syntax_p1001_test.log,0,e3b0c44298fc1c149afbf4c8996fb92427ae41e4649b934ca495991b7852b855,aux,eng,no
eng/tests/validation/release02/fix_p1_photometry_apply/syntax_pc_api.log,0,e3b0c44298fc1c149afbf4c8996fb92427ae41e4649b934ca495991b7852b855,aux,eng,no
eng/tests/validation/release02/fix_p2a_seam_oracle/build.sh,936,41d15272bd65aa43cb79edd4cff71f0bc4c53160a9bf7098963a8c31858e8101,aux,eng,no
eng/tests/validation/release02/fix_p2a_seam_oracle/ma_syntax.log,52388,3dc315e36d6323cdecc7973c457d22cee6faaed8ddaf5964d6fc076e9a3a384b,aux,eng,no
eng/tests/validation/release02/fix_p2a_seam_oracle/oracle_out.txt,919,ea451e4626eafb7faa8cbb1c4a51802b2889aebe06a4e27cd0aebf22cbc5fd7e,aux,eng,no
eng/tests/validation/release02/fix_p2a_seam_oracle/p2a_oracle.cpp,12482,4f2dfe3ad523273a6f648ffa7b968e73c9c5321a47f41e2de4ba9207f076e055,aux,eng,no
eng/tests/validation/release02/fix_p2a_seam_oracle/test_syntax.log,0,e3b0c44298fc1c149afbf4c8996fb92427ae41e4649b934ca495991b7852b855,aux,eng,no
eng/tests/validation/release02/fix_p2a_seam_oracle/upm_syntax.log,0,e3b0c44298fc1c149afbf4c8996fb92427ae41e4649b934ca495991b7852b855,aux,eng,no
eng/tests/validation/release02/fix_p2b_variance_oracle/build_oracle.sh,1067,5325088301fc8b1a7dcdc99f21538c03d8d508813c5f9784f95a2ad76f273148,aux,eng,no
eng/tests/validation/release02/fix_p2b_variance_oracle/oracle_build.log,0,e3b0c44298fc1c149afbf4c8996fb92427ae41e4649b934ca495991b7852b855,aux,eng,no
eng/tests/validation/release02/fix_p2b_variance_oracle/oracle_output.txt,1998,7c111b5ef050faa40bfe040bf0a322259b794c5f5b13368c061743ef244e5f53,aux,eng,no
eng/tests/validation/release02/fix_p2b_variance_oracle/oracle_output_red.txt,1998,6711d079b3a85b32dc41384001d8410b1f82b32ddfd2d2ae198e2b915008741c,aux,eng,no
eng/tests/validation/release02/fix_p2b_variance_oracle/patch_apply2.py,2530,6731ae8b17497db92cfb00140531f05ae4f792ca6fd5ea805e0e67102a97f469,aux,eng,no
eng/tests/validation/release02/fix_p2b_variance_oracle/patch_integrate.py,5690,cefbfdcf98f8d355cc5817f7864ad5e9740e406d9112bb63f6ad08398c7aa482,aux,eng,no
eng/tests/validation/release02/fix_p2b_variance_oracle/patch_integrate2.py,2205,68a9e266c4284f656117ab245c92fd5bcec26e7737eb87b53ee0b9646ec9549d,aux,eng,no
eng/tests/validation/release02/fix_p2b_variance_oracle/realdata_evidence.py,4761,bb6d943b912775f87dff2983b0a4e3db857b6aa791c2425bab9d60cfc5f180a2,aux,eng,no
eng/tests/validation/release02/fix_p2b_variance_oracle/realdata_evidence.txt,1731,8a889a68bf872421ddff400434c66c77449b55b6044040f3883a075ac85b58e3,aux,eng,no
eng/tests/validation/release02/fix_p2b_variance_oracle/run_wc_selfcheck.sh,635,fed021c26940c22cd40808b33db1c7ef9804b995421ccedabc71312379fd970b,aux,eng,no
eng/tests/validation/release02/fix_p2b_variance_oracle/syntax_check.sh,812,13fcf620b1ef7fcb7b42b759ebf89d41b665247f078bf4cc704d0561380fb281,aux,eng,no
eng/tests/validation/release02/fix_p2b_variance_oracle/syntax_check2.sh,1391,0846620516127cc3373dd3f70c483c3f6a075612c98cf76b28d5d8f760e9cf11,aux,eng,no
eng/tests/validation/release02/fix_p2b_variance_oracle/variance_oracle.cpp,10821,3e9108848958a5ed7d07e622be40bad61f8aaaa38ec8a19ad879ba57029bf781,aux,eng,no
eng/tests/validation/release02/fix_p2b_variance_oracle/wc_selfcheck.txt,3000,e7fd381ddcbeb5cd52b1bb084ec4b2510a9d1b57d9a117fc59c3509fb999f6b0,aux,eng,no
eng/tests/validation/release02/fix_p2b_variance_oracle/wc_selfcheck_build.log,0,e3b0c44298fc1c149afbf4c8996fb92427ae41e4649b934ca495991b7852b855,aux,eng,no
eng/tests/validation/release02/phot_verify/debug2.py,381,410d17919a3f117fc0294ad016b0ad716716c5d87a9407677b5c546fbb99bb01,aux,eng,no
eng/tests/validation/release02/phot_verify/debug3.py,410,0562c4482c9c492405075f3c8c8e29bfee22e0b8b110aa6beb446f61f58765f9,aux,eng,no
eng/tests/validation/release02/phot_verify/debug_m1m2.py,1045,549bece62e1e88b9322ab3addf35e886bb58cfc241dfb4e3ff69b567745a83dd,aux,eng,no
eng/tests/validation/release02/phot_verify/evidence_summary.json,32220,987dd6ee71face1137efe8b7121d48976412f9cbab7880dc07fd0b4c71c42f83,aux,eng,no
eng/tests/validation/release02/phot_verify/evidence_wiring.txt,11969,e6a3b879e1e2d35ce6ea671cc1728e415e4ad0caf26610ad60056c8779a43bc6,aux,eng,no
eng/tests/validation/release02/phot_verify/make_summary.py,993,97a87029226bcf7d430828fc9bda23ae2e73c720baf783b5051385e0caaebdd3,aux,eng,no
eng/tests/validation/release02/phot_verify/pair_probe.json,7040,dba3e72bc00e75151dd88460c01de9876f679e6894fb037fe8c431ef42a9af99,aux,eng,no
eng/tests/validation/release02/phot_verify/pair_ratio.py,6310,d1e269dc945d7d54d85fcabe39ce21f1a259f8debdc0d0bfc5882378bc358090,aux,eng,no
eng/tests/validation/release02/phot_verify/pair_results.json,232042,e4cad3a1bc351b670eca61d05487998c214ee35a6bd846d8f3a09ab136204806,aux,eng,no
eng/tests/validation/release02/phot_verify/pixel_measure.py,6955,66876b00a0627edb617c2b32523473e57f416ea5c1d2dc4053fc75353ddd7485,aux,eng,no
eng/tests/validation/release02/phot_verify/pixel_results.json,61628,8c025b7be64268c97a83a470ee1c2d35c64cdaea647d32fc59ed3e42dc0650e5,aux,eng,no
eng/tests/validation/release02/phot_verify/probe_pairs.py,1198,1efd209cf43a9f26cd41743cebc57ae453253a854f839be9de02b523295676d7,aux,eng,no
eng/tests/validation/release02/phot_verify/radius_test.py,1524,3408a5a1e15a54e123d668a0ccc343c6de7e8db74d9dceabd0238fe5ef793d66,aux,eng,no
eng/tests/validation/release02/phot_verify/run_all_pairs.py,2696,cc4500ebe0d06b3238e4d5a34504aa7e7bdb3786c084ec382acf1449c1f928c0,aux,eng,no
eng/tests/validation/release02/phot_verify/run_pixel.py,1694,7ac2a3a895eca764b5dc8d3edb9ca11cb9fec3db217567205a7eebd6fa1341de,aux,eng,no
eng/tests/validation/release02/phot_verify/sky_vignette.json,16836,b56e3565a124efa77d90e2f2ef14b00fd61f6f4f0b23c8f5c08b8e10f3027a1a,aux,eng,no
eng/tests/validation/release02/phot_verify/sky_vignette.py,2952,32badd4ccc6f00bfd488e1feaa6b68b49c295a081e386afb909cb21e8282a31e,aux,eng,no
eng/tests/validation/release02/phot_verify/summarize.py,1352,285d9a31c94d23bde1eba1291e236c6f76f6f310dac8bf7f4ce78a5d18f64b20,aux,eng,no
eng/tests/validation/release02/phot_verify/vignette_test.json,4397,ffd1124ac2bc6c723fc07cae7ae20d0725742f4ab4dcf45358c1a84d750db880,aux,eng,no
eng/tests/validation/release02/phot_verify/vignette_test.py,2490,09394e63f40d78f286f4f04892af98212d7e4fc118642434be34eba087aef919,aux,eng,no
eng/tests/validation/release02/phot_verify/wcs_lib.py,4009,58d82f6e6971dd5f33daffb3afadfe0ac3d52fd597c250eba075f418e2c52b46,aux,eng,no
eng/tests/validation/release02/q1_photometry_gradient/real_data.json,370360,d4b3937ada1aba7a1f0451771e31597341656fe71ff746a8c3e7ad705ecd4e24,aux,eng,no
eng/tests/validation/release02/q1_photometry_gradient/real_data2.json,592905,7f9359d865993a27ddc97c95c3d8db4f649b1ab0f04de9e53aaae07d24e70c45,aux,eng,no
eng/tests/validation/release02/q1_photometry_gradient/spatial_calib.json,1405,2d7a8cd3cdda3d90183a8ac3ebe114e01068493c020e89cc116613f72d1737ac,aux,eng,no
eng/tests/validation/release02/q1_photometry_gradient/src/real_data.py,6828,b56facd16088c82425be4bc7552bfa0434ab9f4a1d8149a34cf8895e720f921e,aux,eng,no
eng/tests/validation/release02/q1_photometry_gradient/src/real_data2.py,4496,065a9c8cd5c7537eaa18ff0ccb3030f90d2963503bef0532909c086791bc6191,aux,eng,no
eng/tests/validation/release02/q1_photometry_gradient/src/spatial_calib.py,7958,e8fe2e9ae46e0d5a217ee528c97477f41253db89ce2c0790d8b015f4614e53d4,aux,eng,no
eng/tests/validation/release02/q1_photometry_gradient/src/star_precision.py,3766,c9a9dff0a6313a9c070d38ded92212b13d7fcb01152032e8c313e8cfb299fbd4,aux,eng,no
eng/tests/validation/release02/q1_photometry_gradient/src/star_residual.py,4398,fb6e3738ff89bead805f5b228f041cde190be66c8f4525c74c0f71dfc34e0146,aux,eng,no
eng/tests/validation/release02/q1_photometry_gradient/src/synth_core.py,8578,492ae2aafda98107d93af1132dcd12cae194de44634ac3b61382192ac9217828,aux,eng,no
eng/tests/validation/release02/q1_photometry_gradient/star_precision.json,2550,57ea9a0400e789814d671dcbd7785328d6aa08d89c4a792326ba8f8f0ed9bac0,aux,eng,no
eng/tests/validation/release02/q1_photometry_gradient/star_residual.json,7588,a9720d48d4181fa0e513d18a0da6c0bb5ff5712d214e76adb4a56e1bf842cdda,aux,eng,no
eng/tests/validation/release02/q1_photometry_gradient/synth_core.json,16575,39b34bde813c70729e0ca5dc3621148b6c6fb9821b24ce29c972f1d3f38c02ec,aux,eng,no
eng/tests/validation/release02/q2_snr_smoothness/debug_gs.py,1621,8d7786fa53d32bcd86f45b6949a8fc6d4fd48164b214ed886224ae418e1c8761,aux,eng,no
eng/tests/validation/release02/q2_snr_smoothness/pollution_q2.py,5845,50537e93ed3c44da85499aef779cccb9c1dd966232ddc3bd27fe76120592fe4b,aux,eng,no
eng/tests/validation/release02/q2_snr_smoothness/pollution_results.json,1336,e6be133c885f236fd79bbbc66e7382df6de03991373675479dc444a45005b828,aux,eng,no
eng/tests/validation/release02/q2_snr_smoothness/realdata/loci.json,1117,c65c5328bcaec1cdb4015403a90924351d39881a9c96a31e30d8d3f79863be49,aux,eng,no
eng/tests/validation/release02/q2_snr_smoothness/realdata/realdata_seam.log,67974,91718808adb6c0bae8fa9b47742977ca910050226931c10094d1d7ce81c0ff4a,aux,eng,no
eng/tests/validation/release02/q2_snr_smoothness/realdata/stageAB.log,4096,09da11c9d80c4fad759b9d87439306bbf735455c0a0a92b59866f67085fca029,aux,eng,no
eng/tests/validation/release02/q2_snr_smoothness/realdata/stageAB_nmap_loci.py,3524,131b6585e6427f316e0348506f7656d92427f1072f44f78a0be25c5da79bb552,aux,eng,no
eng/tests/validation/release02/q2_snr_smoothness/realdata/stageB.log,2258,6d6d94c42530116e15c6a9f133a672f6fb4cbf526e65c12ae639b75659c7c0ff,aux,eng,no
eng/tests/validation/release02/q2_snr_smoothness/realdata/stageB_loci.py,4315,dfd3d3fa8442216e6ef8b84488c23e294e9add5fe7f28e5e998618e1692c3317,aux,eng,no
eng/tests/validation/release02/q2_snr_smoothness/realdata/stageC.log,7666,4fdc7d92658a00bc6b63aec33f6b2a1a704e70189283e8db53ebeede326059af,aux,eng,no
eng/tests/validation/release02/q2_snr_smoothness/realdata/stageC2.log,9641,55b7ea7ded13f531ca95b9de632ac9439f9ce8675e9d9bf4f6195c35f2a6d3e3,aux,eng,no
eng/tests/validation/release02/q2_snr_smoothness/realdata/stageC2_profile.py,1551,bffbd1fe7fcc7d0a57a3fcb08f1afb76d34b447877e1faf8ab2962b9ec3b290f,aux,eng,no
eng/tests/validation/release02/q2_snr_smoothness/realdata/stageC_steps.json,40443,ac66aeed3dc57c29340a077aeb5a78f723e0578760030e2c37f8a1f7bceda3ab,aux,eng,no
eng/tests/validation/release02/q2_snr_smoothness/realdata/stageC_steps.py,7972,0cd779f537191c4434b5fe14db39d7510e743bdb061ad2e57a0fd2867fcca4fe,aux,eng,no
eng/tests/validation/release02/q2_snr_smoothness/realdata/stageD.log,10038,670256025789eb377543d399069580201e41ee4e824110589bf9f866223900b8,aux,eng,no
eng/tests/validation/release02/q2_snr_smoothness/realdata/stageD2.log,6547,3f9192d8dd91565d629e875e4c0c493b8077673f436f2193778b9735a48dd07c,aux,eng,no
eng/tests/validation/release02/q2_snr_smoothness/realdata/stageD2_frames.py,2329,ab7f4f72ba822ba9091396dc918b46b16362ad36392f817cbc92d8ab2800984d,aux,eng,no
eng/tests/validation/release02/q2_snr_smoothness/realdata/stageD_samples.py,7314,7cf3aa9271f961d6337543bb8232cb8e72a6b2a722b62e48efc88e0991a90596,aux,eng,no
eng/tests/validation/release02/q2_snr_smoothness/realdata/stageE.log,4673,7dfe89352acf70b6be9e1ba94a76ed01f575443e5fbd62c4f2bd8729ec573997,aux,eng,no
eng/tests/validation/release02/q2_snr_smoothness/realdata/stageE2.log,7116,9bcf9be400b7d860fc2c96fdb1ca20c758871b67f88551816f7acc3147d325fc,aux,eng,no
eng/tests/validation/release02/q2_snr_smoothness/realdata/stageE2_nosearch.json,10714,a4e7eea443ddc7c93b8f1ebac341585c06cb79c7c823528fbc29adf4d767cfc4,aux,eng,no
eng/tests/validation/release02/q2_snr_smoothness/realdata/stageE2_nosearch.py,4590,db17f0c96711aa180e3260436a743e51c439572e1b34a270ec135eb2b6b3afea,aux,eng,no
eng/tests/validation/release02/q2_snr_smoothness/realdata/stageE_final.py,8420,340c1b79009bbfa1e5cfaee0a80a698a54a680d6e1daf71016e36a829ac7f287,aux,eng,no
eng/tests/validation/release02/q2_snr_smoothness/realdata/stageF_assemble.py,5519,48fd13d1ae7301ec1cf3957e1ba3fd3c6884c74330caaa25a7be671a2a4b4440,aux,eng,no
eng/tests/validation/release02/q2_snr_smoothness/realdata/stageG_patch.py,4106,f4b0ffd575bc1d3f25528b6f5dba97c6aa169ef1426e5b6f133606c5bd2a4e4e,aux,eng,no
eng/tests/validation/release02/q2_snr_smoothness/realdata/stageH_log.py,6649,f0b985c1ac895d671fa6a624db91e1af02c45f5fd0c0399bbf832b92d67fc58d,aux,eng,no
eng/tests/validation/release02/q2_snr_smoothness/realdata_formulation.json,1115,48f85b038db6cbb242175ed09e01b30577fe275b58c29e2801840d856cb27c22,aux,eng,no
eng/tests/validation/release02/q2_snr_smoothness/realdata_q2.py,4970,9a51fc9baaaa418fb4b289722e562ced02b6c5d75f8e970e78b8c7110c085ea8,aux,eng,no
eng/tests/validation/release02/q2_snr_smoothness/synth_q2.py,10248,0b8743d410524e511d9cca00026449e7abba6e4798cde103557c246f5844d25a,aux,eng,no
eng/tests/validation/release02/q2_snr_smoothness/synth_q2_v2.py,10982,239f934109e79d806c9b15c79831222bd6004a8d149d5c0dd7090373b4b9f1b9,aux,eng,no
eng/tests/validation/release02/q2_snr_smoothness/synth_q2_v3.py,12194,3d9faa02cfa1e8213bf3df698639abfa8daef9d990d8e28ebc478ec396c6295e,aux,eng,no
eng/tests/validation/release02/q2_snr_smoothness/synth_results.json,13939,8462908895c2376fd5d73b56ff955494af2620aa72a0dd06876a531de50045f6,aux,eng,no
eng/tests/validation/release02/q2_snr_smoothness/synth_results_v3.json,20492,a7714fcc6b079db73fe7b8cae165372e020a3c9196ddf6502663e8558006a6cb,aux,eng,no
eng/tests/validation/release02/q2_snr_smoothness/synth_v3.log,6250,151a3d8b09a752f20d97995b1cfea14780f09709b14143833f22670b0c001794,aux,eng,no
eng/tests/validation/release02/q2_snr_smoothness/weight_consistency.json,1906,a8f358b711788312377594aecb81dfe9d0a1bb34f070fc638d6c4c808d5bbae7,aux,eng,no
eng/tests/validation/release02/q2_snr_smoothness/weight_consistency_q2.py,2140,bb0c0da38c55ab3e47ff6520b7d86ea58b18b13406fa042e4be44bdbb1f96e57,aux,eng,no
eng/tests/validation/release02/q3_additive_truth/data/alpha_final.json,6995,535c63fb9b954ac107b7aeb213844455ef23129263daf2b6c72e42d81526693b,aux,eng,no
eng/tests/validation/release02/q3_additive_truth/data/apflux.json,3020,8ac80bc10809405ae1749c56766216dca2e0dc2710a0e47973bc59b91896f61d,aux,eng,no
eng/tests/validation/release02/q3_additive_truth/data/pair_detail.json,51892,0beff5b0df0ef274e1008fa6e182a3eeb45a10ec5d6674474e492613f38abb9f,aux,eng,no
eng/tests/validation/release02/q3_additive_truth/data/pairs_star.json,146495,53f7e8f56cf7756088bc7480f738a48666ccf95573894af75b5969c223735c9c,aux,eng,no
eng/tests/validation/release02/q3_additive_truth/data/pairs_wcs.json,530854,4007b1f3fae0c290754305f71d0fbf7740621b404e69afedf64831b2872dcde2,aux,eng,no
eng/tests/validation/release02/q3_additive_truth/data/ratio_vs_signal.json,3700,12bebde14c92a01be1d76407d61666bf506931c7c747356ceb1b481a5d42f5fa,aux,eng,no
eng/tests/validation/release02/q3_additive_truth/data/summary.json,6302,ccc27754a7112e4dc8e2999fe8dfa1e8fae7127715ebff005fdcea17cad65c31,aux,eng,no
eng/tests/validation/release02/q3_additive_truth/src/q3core.py,6865,df1ddf99c99071eee3b5a2106d0439b8b043146bc58956690ee55feb81f5b771,aux,eng,no
eng/tests/validation/release02/q3_additive_truth/src/q3hp.py,1745,3f4f373f13afcea4bd98156c284de3ea662179a10b76d693d39bc77d471d893a,aux,eng,no
eng/tests/validation/release02/q3_additive_truth/src/q3lib.py,4606,7632fcedfc16efd226f7ff2154bfc37b78f17fc7f9323bfb0700b6ba2ea79a82,aux,eng,no
eng/tests/validation/release02/q3_additive_truth/src/step10_figs.py,4525,93928863e79b638da491c289e51b6bb32ffdea0fef9d2f65747a1ba8d773d32f,aux,eng,no
eng/tests/validation/release02/q3_additive_truth/src/step2_alpha.py,2878,dce4796af6b79c88526fa399ade9ec5bd366046e938b5b2456d1102963f2f8c0,aux,eng,no
eng/tests/validation/release02/q3_additive_truth/src/step3_starphot.py,2573,eabea0ae5607eb6f03d32a2374431af61be742c90c804dc575b70a152293b8ef,aux,eng,no
eng/tests/validation/release02/q3_additive_truth/src/step4_allpairs.py,2711,ddd7ce2f652341730e9ffff7114e7336a1947ad57261036d539b9bea2c3e09be,aux,eng,no
eng/tests/validation/release02/q3_additive_truth/src/step4b_wcs.py,2723,b3edd02b27f98288563f169bfd19a910a5856735301ddc2b416fea14b2098cef,aux,eng,no
eng/tests/validation/release02/q3_additive_truth/src/step5_pairdetail.py,6750,14af588dde68a562a78c01205ed980df04a9eeda141bc5b2f17ef005dc034d2e,aux,eng,no
eng/tests/validation/release02/q3_additive_truth/src/step6_synth.py,4024,5caebce508b9f6000e69d5f20193052992f26d5997ea0b63ed930a469b1dff42,aux,eng,no
eng/tests/validation/release02/q3_additive_truth/src/step7_apflux.py,3728,20fa120ade2f771882eebccd38e4b4ca719a0a6f3e5e2d21a45feda1a3717b25,aux,eng,no
eng/tests/validation/release02/q3_additive_truth/src/step8_alpha_final.py,5480,0b0177776e1e4631b3e8070351d57e303b1d7f657e66bc287c43eca8e93d74c8,aux,eng,no
eng/tests/validation/release02/q3_additive_truth/src/step9_summary.py,5404,d946e842740ad363d8d9a605a6f2af6d218b30a94d66f3fd5be540fce6bdf2c5,aux,eng,no
eng/tests/validation/release02/unc_propagation/audit_evidence.py,8448,d89bca97ed92d996f25d1f00e5c60d8a60e245ff48a791f232ee6ad6843ee98c,aux,eng,no
eng/tests/validation/release02/unc_propagation/build.log,0,e3b0c44298fc1c149afbf4c8996fb92427ae41e4649b934ca495991b7852b855,aux,eng,no
eng/tests/validation/release02/unc_propagation/code_facts_and_realdata.log,8440,3af39e9737e871fa5ec17bc2ab64183544ffd3506490ef1028b3710e62cb9ac6,aux,eng,no
eng/tests/validation/release02/unc_propagation/oracle_output.txt,5024,e9b8a723b6785f34bcb2f29cdc844253a97792aef5388dc9e8f6166c9bffbbe4,aux,eng,no
eng/tests/version/__init__.py,0,e3b0c44298fc1c149afbf4c8996fb92427ae41e4649b934ca495991b7852b855,aux,eng,no
eng/tests/version/test_adopt006_version_gate.py,15501,10cab6c98aa31e7f098ecdcb6ba8f1fa3e58488d3c6427cedb24d33cf15a831f,aux,eng,no
eng/tests/version/test_version_consistency.py,31880,c2e17e532ba33f112a5e59087172d8cce326778c3bd8e73f2aca84ca550f9df6,aux,eng,no
eng/tools/CONTINUE.md,3049,73744bb05c6dfb4460a4cf4edd42f5531bd7cb24673c04413c36e23a63a224e4,tool_aux,tools,no
eng/tools/README.md,5566,5d3a1ff05fe4aa5d3711f189b699c198c1fc6a95369f9324f59f20fb59113a14,tool_aux,tools,no
eng/tools/api_doc_consistency.py,13332,f15f484ab2d5acd8d4159da4eaa1b910a3900bfa0a20462abd8721587bac9ebc,tool,tools,no
eng/tools/arch/build_production_execution_inventory.py,8326,8c657b55ecc1b83274d8478aaa2749adad02411acf0318b6b9c83e46aae2e8ad,tool,tools,no
eng/tools/arch/check_p3_export_stream_prod.py,7781,ba77b3419b3f3dc0326be9ae3bb9bc6ee7dce0aa3c04f2953663eb185b7c3031,tool,tools,no
eng/tools/arch/check_thread_budget.py,23408,b94a977a4d1c24b47f8bb0e40f9e4810ee44fa7be0f598110fa5587eb4655c31,tool,tools,no
eng/tools/assemble_audit.py,18148,1336762594f2ddbe888c6634073e02b9081d62d7cd9b90d6fc40f19d046b458b,tool,tools,no
eng/tools/assemble_v17_review_pkg.py,16024,efe65f0cdd1ba3ff82c777a539958e2b811d8767cf9360c4fcd6c356638f441f,tool,tools,no
eng/tools/astro_toolkit.py,21281,884589686a9981928e4c472085696c1032af9e4f65e0e033ccf3d08086f40fb2,tool,tools,no
eng/tools/astrocs_diagnose.py,10690,79896af5284c014b73fa0406102a3ddac6c4eab6203b3ff9488bbe5c9cd3667e,tool,tools,no
eng/tools/astrometry/closure_metric.py,29598,fe10e287ca96d4d52799a2411b09cf11e937e1e3862a585f699e7f9c8a3f4d4f,tool,tools,no
eng/tools/astrometry_oracle/compare_astrometry.py,7892,4a5f4e35b0c189c069a4fa17d0c6d3ed11b5b917496917e80507ef1170750f52,tool,tools,no
eng/tools/astrometry_oracle/gen_synthetic_from_axy.py,4721,9cc1eaa37b9cd4134cba15d0686583ec76bd8763ea9d101c5dd0d67ce7449764,tool,tools,no
eng/tools/astrometry_oracle/make_astrocs_ref.py,2664,e4cb3a6fbddfe5baacb43f2831ce582502dcc313ba3dc572181c32da7b689a15,tool,tools,no
eng/tools/canonical_product_hash.py,38497,b3a45b0db1f9f0bffb1bfce0e4f7102ec74063b81be17ec2c235623b68b36e03,tool,tools,no
eng/tools/check_abi_boundary.py,4206,1da708be728ceee002c0c9baaf57410ec9a4b7e6360b66eff5efa838c75bc86e,tool,tools,no
eng/tools/check_agents_gov.py,37998,31890b42c28c05758f20e252c332d204da86802cee0c0f58b8e22f887d92c293,tool,tools,no
eng/tools/check_aio_ownership.py,9686,10551faba01905ce561c030d96a0640c8ccba4a0035f48ced1431ae2840e0271,tool,tools,no
eng/tools/check_api_docs.py,23170,d7fcb1e51c16f3882a75a2071895c44ab585d9ab6cfc21912663741023beb6ba,tool,tools,no
eng/tools/check_ast_api.py,16700,16f17066e7a96b340346d9c85db3234b27c00915e723917c57973471df83d56e,tool,tools,no
eng/tools/check_baseline_opcodes.py,13529,06da05f0b4ff295631061c760b2808bc4ba2834124b23f946448fcc9d742d280,tool,tools,no
eng/tools/check_cli_command_layer.py,14302,30fc547fefca0828ec2c9436bed0618b829383826f086829ab4461e65edd9005,tool,tools,no
eng/tools/check_cli_run_preset.py,15594,8351fe835565b15c6e2f935fd569c862b6a468202e1c4b37e3d25eb51c8d24a8,tool,tools,no
eng/tools/check_contract_graph.py,4161,80efae6dfc1d3bd3933d8da28b5180fcc0c334e89ad506cd5477b8b400c29725,tool,tools,no
eng/tools/check_data_artifacts.py,3549,55c6383283232b906f5c9c9b2193227672c4e7ecd924cb5a1336188b034118f2,tool,tools,no
eng/tools/check_duplication.py,3112,58f153cbf3a0e1a0815642bb89a30a7794d0613b7e2fc895d8dff35a5a2a5454,tool,tools,no
eng/tools/check_final_traceability.py,12355,1237e32c6cc030eee68acbe97e97613e2537713456497dcc63377a6dee525441,tool,tools,no
eng/tools/check_gates_and_tolerances.py,10442,f859d877d930c30b6939031d435dc44f51b05b65a8833d9af5d95c92ba31625a,tool,tools,no
eng/tools/check_glossary.py,8521,b9e1f505c9d6e6ca9ef61006f1a7c116f407269501fa40b4891cf9210c30083a,tool,tools,no
eng/tools/check_l0_docs.py,17615,cf2dab2535509fbd033616e3d75be11e656c67162d271941b63119289e39d67f,tool,tools,no
eng/tools/check_legacy_exit.py,28223,d10bce26c016d797c74f387914e326f0a506dea05d38c44ef19b98eb9e5fd920,tool,tools,no
eng/tools/check_link_scan.py,12830,7dedc7e53f3b395bbfaf0500eedbf8f10bc5817dec40c6c9eb41678a2b6292a8,tool,tools,no
eng/tools/check_module_readmes.py,4715,e746877f200afa7a066b6ca09fd9a78e27d8caee147cd982d5cc59f9decfceba,tool,tools,no
eng/tools/check_p1_symbol_map.py,1711,143096c1eda23ea9e9851e7a896e42c6bf50dc40e8d5a4d315bbcbde4d846ae0,tool,tools,no
eng/tools/check_p2_symbol_map.py,18323,87a731e821b3c43e5b228cccafd70f98fe3565506619a0eefed231321289b477,tool,tools,no
eng/tools/check_p3_status.py,1980,c34d3c0d6915b03247d23282194cc16ebbe0d7415488bd5357c8b1dc3371179d,tool,tools,no
eng/tools/check_pipeline_trace.py,4036,cbba366d80857e9992c583ed2a20ffdefe27f3b07f87d087eaf9cb2023cac743,tool,tools,no
eng/tools/check_release_consistency.py,10617,3e22a59a022b6332dfc739167027b280ce2c857f781ccc57e65ab8dde2cfa9cd,tool,tools,no
eng/tools/check_release_layout.py,9335,27b3734e92937b8adf18ac7b19d0a589b65ab725c368736353b45b299463cc28,tool,tools,no
eng/tools/check_reproducible_build.py,13339,39de1b75f0a7539c3ecbd54d4b5a92853a99dbd19a3026df23daf33960404548,tool,tools,no
eng/tools/check_serial_hardcode.py,5176,f6d71103712fee7009fc4a827542e772ac1e1613463c330246a4626287cf58ef,tool,tools,no
eng/tools/check_traceability.py,7741,9446caedb6029ff3119fb426c59f32de831f4c4811b79e9173c98df82181b1ae,tool,tools,no
eng/tools/check_traceability_matrix.py,16147,5e9c1e9dd5f011a8835152e55f879e4164ad88439b196e6445e4b177b616b1e7,tool,tools,no
eng/tools/check_unit_closure.py,5121,beb45e5640924cf2267bd3378cf27766b7adac94265f6493ea9581258a2de0ea,tool,tools,no
eng/tools/check_version_consistency.py,29654,949859944901b744ae75c75e75f70c227aa3365de7750d8711260197ee9d9c25,tool,tools,no
eng/tools/check_warning_suppression.py,28161,8b5bdef6fa815938110dad946e4e87eaafbc6eb4d42c5a1efcabaef07a5abdb3,tool,tools,no
eng/tools/config_consistency_check.py,43919,4a2088bef00654f9787fe88f463d50ea8a31196d7fe1bf5f7ebd4fb6c38be1a2,tool,tools,no
eng/tools/contract_doc_sync.py,5344,5cc9bccb551910e179fb9758f3a0b12987c4c4ae7fc5481e929f1eded21155da,tool,tools,no
eng/tools/diagnose_drizzle_gaps.py,7939,f9a1fba80f93e14313ff3935b45c8e406daa3557c864c6e081d2d17839d9b554,tool,tools,no
eng/tools/doccheck/check_alg_line_anchors.py,20829,6a5087c5c5e751f87f0ff8e430ba370a6fc6309f5a55421da2f1bed30b7978d6,tool,tools,no
eng/tools/doccheck/check_doc_hygiene.py,60604,0b0594fbd6356bc195c71fc1ef0982a88902b9693cb2183ac4f14242c8d4a8b6,tool,tools,no
eng/tools/doccheck/check_doc_index.py,60978,abbc7b3a0f6b76ec36ec7eefde6ec30ade700cecac26b9ae864f48863ac9c8d0,tool,tools,no
eng/tools/doccheck/check_engineering_constraints.py,33382,f70cf9aa9357e0b412a6700c413f36a96b2b4abfe89fa4f2c108a8558dddddb0,tool,tools,no
eng/tools/doccheck/check_frozen_string_disambiguation.py,8959,04dbaf93458c4dc6f7533d310c8f47502208ceee161739b3951262cc92d742f7,tool,tools,no
eng/tools/doccheck/check_test_index_live.py,19005,8e289b365f6a8410c874ba83a50a5aaecf7d387328c1c8ac26eef36030a65fb7,tool,tools,no
eng/tools/doccheck/check_version_namespaces.py,20864,1eb302ddab20a141af8ede52cee070a0df18a49a247a686f3e702ab8a4c36d6c,tool,tools,no
eng/tools/doccheck/dangling_ledger.json,22623,9c8d201e6a45e7f7f8fb8ce8af1f702ec6b66472c9b0efc9af1efb2846759648,tool_aux,tools,no
eng/tools/doccheck/doc_fact_authority.json,808,acb7a9addaa55a7e1cec52fa3afb8421b4ac9fd631e46a7f415f51c69ba5bc09,tool_aux,tools,no
eng/tools/doccheck/doc_hygiene_exempt.json,45551,4ec33af4adb0800167da299dfc8356e950d7bdf782bc090ab4cf1465af6b5afb,tool_aux,tools,no
eng/tools/docs_machine_consistency.py,36435,21e1d0dbc14408851dff5cc8dba4ab3d1d4a7502b0e9f2454f2786f2e9174ce7,tool,tools,no
eng/tools/e2e/make_e2e_configs.py,6216,985174f220aaa0a39cb2af311c9f03eb99a421a3d45ba6bb158eb5a1240a1f3a,tool,tools,no
eng/tools/e2e/make_vis_configs.py,6379,2c79d51aab7d9d24cdb53a5807351ca43154af5db60255649b63ac4478aa51d0,tool,tools,no
eng/tools/e2e/render_vis.py,29510,5ae950754ca2a820ed3de12f4394d500d3424a6c86cbd30c19d32e5d3eb3360c,tool,tools,no
eng/tools/e2e/run_e2e_chain.py,13915,32324bb6678ccca28e285d331766dd810795e91f1d8f9cec504bfb44a15c9ed9,tool,tools,no
eng/tools/e2e/seam_footprint.py,66600,fd40fc8a94863299574067645ad6fcf97168d5f457f0a8e0aa8670979c47e8fc,tool,tools,no
eng/tools/fixtures/config_consistency_known_divergences.json,3250,22e3fef79fdb149635e8c61d5cec0b643d9a951c62c95c5f43715e5fb20d920e,tool_aux,tools,no
eng/tools/gen_audit_pack.py,8694,c8d2f04ce6df0846ed80569d7d323cdfc5b42d946b844388fc72b803db3ea99d,tool,tools,no
eng/tools/gen_backends_manifest.py,2063,919113d4dc64825af749e8a5aa6572e355f65aa799d5dc016db52b8831f9d931,tool,tools,no
eng/tools/gen_build_stamp.py,17456,8654e8d48c48a1905064906ceb8a0363625ad9fa3c5536ba483a56ec5c7335c2,tool,tools,no
eng/tools/gen_cfitsio_list.py,4293,0bcffcc6e36bfa120cb9f9443ea0997d86150fb1e1867ce18a36870f897309e4,tool,tools,no
eng/tools/gen_provider_manifests.py,7775,4acded38f1503c8c720746d49a571ee876112b2dfed95a49e7ecdf12c421dae7,tool,tools,no
eng/tools/gen_repo_source_manifest.py,6268,343a52d5d69c0ef81ce87a206187431dfbe2e8c27f527804db4edff75dc08f68,tool,tools,no
eng/tools/gen_v19_evidence.py,9265,556fef640da8752e39fe8d9b3d12ec3bc3f1402dce3acc504de8076574ddc43d,tool,tools,no
eng/tools/gen_v19_source_snapshot.py,2898,404b35a8427eb2536324ecdf924019ba82b32f816dd4b8552572e20844397983,tool,tools,no
eng/tools/gen_version.py,9151,c0c37206fcf605167de59a67e03cc19f10f99db533e9fa7a3ac1b396b6bf49f1,tool,tools,no
eng/tools/gen_visual_views.py,1985,43c605b96842d8c1210e7da913b7f8efcb65d8831996f2d63777b420986ea9fc,tool,tools,no
eng/tools/graph/render_run_graph.py,41238,4ad72c82f8b6256c85c524c87da454f577174b831cabcb1dcc1067104a386a6b,tool,tools,no
eng/tools/hipsform/check_hips_storage_form.py,61596,17187e9fc0ed281e0862a4c10412bcbe48da7861019c74ac1c1a5e58bbcb6252,tool,tools,no
eng/tools/l4_rebuild/hotspots.py,2665,ea003e8c7ff42e3453736d904c10c32fc27f76c3bfc4c213855a48d94b21f42a,tool,tools,no
eng/tools/l4_rebuild/merge_products.py,2735,eba3f9f40d18cb26d2030256a888e9af184531ac8fd02d6b1cd85f6056349300,tool,tools,no
eng/tools/l4_rebuild/render_fits.py,3211,11149785b6388e81285faabd6b11ea6c682a72cc8b1ac8b23c212876d61d3483,tool,tools,no
eng/tools/l4_rebuild/run_timed.sh,3591,078ee115479af6ea604e100aa405ba652e5438ba420c3a625bb719f586ad9608,tool_aux,tools,no
eng/tools/l4_rebuild/stage_cpu.py,5856,1249ab83e0a6c389102d9feedd6771fe853954928fe67c110c25c1d35fc2f8ec,tool,tools,no
eng/tools/l4_rebuild/stage_profile.py,4440,af49d2557efb3bc82d438bbc5a1f9ee1ccff73479274c7d538599401e59c9651,tool,tools,no
eng/tools/l4_rebuild/sysmon.py,18485,0e9a381ff087c1844a0b6118816ca537c417f464737646f4d71e201d33d0e5f3,tool,tools,no
eng/tools/make_capsule.py,5225,56464a01750bbb06073fe84e508ce4afd5043cd41dd0a025b357eabc90a2cd59,tool,tools,no
eng/tools/make_linux_release.py,7010,79c5b59e721b9c7fb37dd17d08d759f6844d07e7d32f09d426cdc4b4ace05be8,tool,tools,no
eng/tools/make_rev2_capsule.py,9554,271da2ab9c54c2c10f5e2dcce32cfbb289f54fa1e8fcbc83506201ccf5106499,tool,tools,no
eng/tools/make_windows_release.py,7358,084d1d7ea367bfc7c5d411431bca3c7a9f6a177b079a6826720afe2ba0ba2ddd,tool,tools,no
eng/tools/migrate_stage2_config.py,2877,51aab8273096a9a744637968b6cfa317386574139833961f2e2a40f35e006eb1,tool,tools,no
eng/tools/monitoring/check_log_contract.py,16149,42752a93134b4de658a05c0bf9a69769731d4e72a7b39703e5183cfd36e44289,tool,tools,no
eng/tools/monitoring/concurrency_sweep.py,26978,b383a2a31f74bc502cdabd12fd08485f6f846bd54c8bab68867c5ef4d275bacd,tool,tools,no
eng/tools/monitoring/mem_guard.py,8859,bf5d4a399f4d94ffb5a9d756a81a8903a8f91b46f6a73d5af82df10df7ded0ca,tool,tools,no
eng/tools/monitoring/node_waterfall.py,15496,06fdad7357eded59e39a1d32e28589fb8a69fc8a3dedfb6296af77a006f5d65e,tool,tools,no
eng/tools/monitoring/resource_probe.py,16407,8bbd460b803bf8e48b03abd70d19978bb55746e87b8558ee4206820860001798,tool,tools,no
eng/tools/monitoring/run_monitored.py,49594,77ffe6c928b8bedf5d073a405753030a7ec71cfe8a182238c6a89cfe93505a46,tool,tools,no
eng/tools/monitoring/verify_monitor_csv.py,3635,3bcc3adc2ab31cf0f2b2e8e33364c21e7fd563b42f03fefd50afc34d8410eb08,tool,tools,no
eng/tools/no_legacy_production_reference.py,2298,e7213930bd5eb7b2144a24300aa06abea96795ddaf938f5cad5729ba6a547a37,tool,tools,no
eng/tools/pack_audit_package.py,10935,fdf10484438d7948fea3e2b92aee2c544803fb47a78d52f695849b86f5a750b3,tool,tools,no
eng/tools/phase1_e2e_bench.py,5694,1112a620273d440fb2508110c2a774c24baf32223c29d6b243a1a90c529f12aa,tool,tools,no
eng/tools/quality/build_v19r2_package.py,7587,25362f4fb8e6b9a172f83f6389f053cb33967a8b2d3cb9e44c3e4f7115b8b8b0,tool,tools,no
eng/tools/quality/build_v19r3_package.py,15193,7e00f4effc0384ae054d9c1d74145e750acb8a3323c6c4a0c7f2a94d6cc002f8,tool,tools,no
eng/tools/quality/build_v19r4_package.py,20002,d7cb6c39285793c580ad41363bc41ca5a478ad78d0e622fe0bfaabfcff822ad2,tool,tools,no
eng/tools/quality/check_block_flow_conformance.py,24887,5b521c2ad7c56be13fb459a5e8d996950b4e9bc7058f00ce76e3d7f544fe3064,tool,tools,no
eng/tools/quality/check_block_flow_ports_vs_code.py,35478,7f31a9b429d17ef03b5eb35ad26bbfb70e0769f4cf5a369e30c7af4766e8e22a,tool,tools,no
eng/tools/quality/check_block_flow_spec.py,18442,d864af4b1f3df42320a906c3ddc9403370f867bfc13258b4cf1ce11241ad5c68,tool,tools,no
eng/tools/quality/check_cmake_usebeforedef.py,10325,30bae4e9e13912df024b058b8cf55339e7ff0cddda1c803d0e74611370510b21,tool,tools,no
eng/tools/quality/check_comment_hygiene.py,13798,49ae231947c8c729d176ef708c3e044e9d585e58dd3069af7213904a2112ab3d,tool,tools,no
eng/tools/quality/check_commits_csv.py,18532,a539a36e03f46008210c2c571ac49b3926d2af497dbdf200feec991b70330408,tool,tools,no
eng/tools/quality/check_complexity.py,6121,07e3213c4a071d6ce24c86a36982ada2930420369ca24ed4ef6c899abfdbe088,tool,tools,no
eng/tools/quality/check_ctest_registration.py,26415,973e9c5f3e7b2811a9b796a529a30cf4b75d353a2e60ef6f073a14d637ac78e9,tool,tools,no
eng/tools/quality/check_exit_conclusion_consistency.py,10817,d5ec2fe3223f20088d557a246a40c07d82ea11c550109e99576c3465d0eba0bd,tool,tools,no
eng/tools/quality/check_impact_map.py,22323,7e48867a5e907ca93101d3881263175266d6be8f245ab6ccd3d8f3e2d11e2952,tool,tools,no
eng/tools/quality/check_isa_leak.py,7133,250b6e79b64dbd300080194265d2dcb1d924beba889bc9fa68256fb6ee28beeb,tool,tools,no
eng/tools/quality/check_log_system.py,30235,f067f7e3a1db2e70ed47b2639d1fd238ee646d7f44f89691e6d0df4d16b32e7c,tool,tools,no
eng/tools/quality/check_master_unit_guard.py,24429,2cd6840927e95f9c0e14af3a24355986546a291ca8b5407628bd8cec48a59eb4,tool,tools,no
eng/tools/quality/check_module_id_normalization.py,6944,052a2655512e079ab2bc4ee4fd872b6a82c94b5b19475564d95d03e34f979429,tool,tools,no
eng/tools/quality/check_module_map.py,66102,250d4c3f4c14bdd305b70a05f5b62b1de4af73466b88e17d8027d4b36721e2a1,tool,tools,no
eng/tools/quality/check_p3_rejection_count.py,19044,3c702ec4a72f41632e41a63679c874d26bafad06d25b961d674ac8da60263c3a,tool,tools,no
eng/tools/quality/check_path_domain_anchors.py,27248,6663f57add62672ce1f12f643133439ff57fa8472b44af092a4fbd6143acac14,tool,tools,no
eng/tools/quality/check_photometry_apply.py,21387,ddc3371685b5dcff53d5651cb7883396ef62391968063b568da5ec853838dd66,tool,tools,no
eng/tools/quality/check_pipeline_graph.py,12773,1811a6ec2866edbc938605bd6024765335f171dc22944d28439b843b8fdb7661,tool,tools,no
eng/tools/quality/check_prod_reachability.py,16861,8bf369db4de8c888b2311ad1251e6bec608602f3a750a0e19e939062e091fb98,tool,tools,no
eng/tools/quality/check_resource_gate_real.py,4574,caa37cf946227e8e93bb2437dc36bcf7aedc7f04d1407a0674e7649062b275b2,tool,tools,no
eng/tools/quality/check_root_cleanliness.py,6336,3cf0877020aad1e15e9699b031d55d2c44f6428c04288e82c783eb5c4ae659b3,tool,tools,no
eng/tools/quality/check_scheduler_probe_schema.py,5945,8165efaefef4bfeb50e9222ecaa4984d482d0cbbdf30e53d533e99bb6bfe252b,tool,tools,no
eng/tools/quality/check_secret_hygiene.py,23643,363119711577cfa9f713b3f1afd67995c943d6e438ff48603dc42a77d30e9f12,tool,tools,no
eng/tools/quality/check_serial_heavy.py,12206,c7f662b4cf2edc38a17cf8cd401fda31179d0915f5f6638ebe8df9717b368249,tool,tools,no
eng/tools/quality/check_source_inventory.py,8881,edca0f0a605750a411be2c83d589b89260ec757ac26daa9a9b73c45148591b09,tool,tools,no
eng/tools/quality/check_sparse_punch.py,47316,40f9805293962835a907e97fc8dec807c318919f6be7e62cb49513771873bc0d,tool,tools,no
eng/tools/quality/check_task_result_schema.py,15873,6572323f1545c8baecc4c134721fd0cbe5bbc9d4630cdad5404b1cbb4417555d,tool,tools,no
eng/tools/quality/check_test_discriminative.py,17569,e398ab260d2a5eb149f5b7f8593bcb91c1ddd884ac3c3da14881d9105920a852,tool,tools,no
eng/tools/quality/check_traceability.py,11977,f01b18d2a006ebe525aad5c7cfbe9df2552190a2de8c9e14b1cc9628e0694d71,tool,tools,no
eng/tools/quality/ci_coverage_runner.py,8807,62d8d8d9e4a6c1d7b30e43508b4445940250d84ad063c6ddd642b3eaba686af5,tool,tools,no
eng/tools/quality/ci_windows_driver.py,40733,a779b0e96cc5a17ab0a3c29046046b080639d5f210979bdc631de1afe6e2cd64,tool,tools,no
eng/tools/quality/compare_products.py,21776,6a43b5b3894a45d860bf86ad85627e0392c525eb2a42caa4ee92b0da153f9594,tool,tools,no
eng/tools/quality/contracts/check_api_contracts.py,9508,70ff313aeef5513b3acd82140d4e75da7f6204ed0f7f276fd416035202357989,tool,tools,no
eng/tools/quality/contracts/check_build_graph.py,3224,1ddd47ee4e6e679b00a93b780b833cb0174e296c6010b19ac34ed0d771bbd69c,tool,tools,no
eng/tools/quality/contracts/check_comments.py,9871,d8044da85488ef189053c2e2b48e268cef51d4f064a562bd82fca740a8bb2b58,tool,tools,no
eng/tools/quality/contracts/check_config_contracts.py,14496,7097479ec5e68a2ef5fb86d13fb0fae4ce8a7851a573e1870db47a81550de1b5,tool,tools,no
eng/tools/quality/contracts/check_doc_symbols.py,19382,55d2df0281296a9c5e36e44ebec68c6b4242e948811b869eb35285df0571671c,tool,tools,no
eng/tools/quality/contracts/check_execution_contracts.py,23328,1624e2125f05ea99a36e7a38dbed8d8ac4ae30e43e79f7c284aa7d404126df13,tool,tools,no
eng/tools/quality/contracts/check_forbidden_patterns.py,4456,15e321cf9bb289dc7684da2fb3fec7c7cefa66ec58ab8132fafda61bdd658ec5,tool,tools,no
eng/tools/quality/contracts/check_full_integration.py,8142,5a90441e7d6e4a34e7dfbb291ddfe3e863da3da1beadac8e7e21f49bc3cd5d6b,tool,tools,no
eng/tools/quality/contracts/check_science_units.py,4167,721e0f8aba99ae20f28a26ee86330bb6301d800074356021b8c6f0cb890c235b,tool,tools,no
eng/tools/quality/contracts/check_symbol_dimension_uniqueness.py,22282,e840e35a6e739a932c6ae054747fd1771b864af07129f505b94c4ac5cfda9417,tool,tools,no
eng/tools/quality/contracts/check_test_contracts.py,4202,c69d85200c93b870ab8e9bebbf1cf7685148f4a10809640e461c1ae41fc2fe5a,tool,tools,no
eng/tools/quality/contracts/check_traceability.py,4278,15f9802d985c5e8353c430ee38d77cf62eaa95a5ecedfbdd8e87f93b518f422b,tool,tools,no
eng/tools/quality/contracts/fixtures/check_api_contracts/invalid_missing_symbol.csv,196173,2c6dde7cb178dcf2d0ed291f97d1b83d2022bc85e03745a482228426b1c508b9,tool_aux,tools,no
eng/tools/quality/contracts/fixtures/check_api_contracts/invalid_sig_mismatch.csv,196249,8c270115363a9b7371c15ee3f2e2a4f5fc791861303271d1e66017b66530d19c,tool_aux,tools,no
eng/tools/quality/contracts/fixtures/check_api_contracts/valid_min.csv,196272,ccf4f942e8e4de5d23bccd62a1c12d8a3d643b3586e97f77276817f37b6f650d,tool_aux,tools,no
eng/tools/quality/contracts/fixtures/check_build_graph/invalid_missing_define.json,105,7e3d0ce3e10b76c8b08dc77af52d4c6f1d8956b70c7105cbc2a7c643e2bfec20,tool_aux,tools,no
eng/tools/quality/contracts/fixtures/check_build_graph/invalid_missing_source.json,114,2b1ad137050c798585551ec8bcee5e21744852774a3413c248c5ba7cf076fda4,tool_aux,tools,no
eng/tools/quality/contracts/fixtures/check_build_graph/valid_min.json,133,ab0bcb16e5880bec65e98d105354d8a6b5dec50dd31fff3ebd1f0c162d71088f,tool_aux,tools,no
eng/tools/quality/contracts/fixtures/check_comments/invalid_stale_claim.cpp,106,385dc457814c7c705899ee312744cd393e462ffb33594447ed9e89255871665b,tool_aux,tools,no
eng/tools/quality/contracts/fixtures/check_comments/invalid_wrong_thread.cpp,125,ca9725d99608eea5fad35f0d61e4361cf7c3bd2eec2296836705ee03cff981d6,tool_aux,tools,no
eng/tools/quality/contracts/fixtures/check_comments/valid_min.cpp,142,4180382faf8c98e8ec4a44afba24290980ba0e362d6b81f8479e8c7d5e2ba2b4,tool_aux,tools,no
eng/tools/quality/contracts/fixtures/check_config_contracts/README.md,936,74b191eddd00339ea82263e24782638721231ec40cf3abf882c851ac63fe9a0e,tool_aux,tools,no
eng/tools/quality/contracts/fixtures/check_config_contracts/invalid_default_mismatch.json,58,d751991229b66c45b92bbab6056d3fed7c730841cb0d49ff654cc4918cb515f1,tool_aux,tools,no
eng/tools/quality/contracts/fixtures/check_config_contracts/invalid_enum_mismatch.json,87,bf29e95ec58b1e05f44713161af15f60100005e8aaa11d2749393c83c28370f3,tool_aux,tools,no
eng/tools/quality/contracts/fixtures/check_config_contracts/valid_min.json,77,6c831e777221f85408061989f9f6b90a2d1afb5af3f73749e7dc7a5a6e3c0dcb,tool_aux,tools,no
eng/tools/quality/contracts/fixtures/check_doc_symbols/invalid_archive_symbol.md,105,f68a6137206d93c2f65efc0a3b2b092f5254c60df4333b569788c901353b3efc,tool_aux,tools,no
eng/tools/quality/contracts/fixtures/check_doc_symbols/invalid_missing_symbol.md,71,9ccfef493fcb9df2a6021c3c3d677ea1bd711861c2568c0608f884d38911c3c2,tool_aux,tools,no
eng/tools/quality/contracts/fixtures/check_doc_symbols/valid_min.md,82,5c16b9a6bd56493f11b988b672a87e0ea45dd40920f0d56ae02218650533bc65,tool_aux,tools,no
eng/tools/quality/contracts/fixtures/check_execution_contracts/invalid_claim_without_runtime.json,155,ec432a424ef2d5226b1ec9f6026506e17d27f5ea5b561af89ca6697a0869dd4d,tool_aux,tools,no
eng/tools/quality/contracts/fixtures/check_execution_contracts/invalid_missing_define.json,140,7e89be843ac0b20ba07e3caef35a34f13d143d617e770923e307c7f6b43b82f9,tool_aux,tools,no
eng/tools/quality/contracts/fixtures/check_execution_contracts/valid_min.json,178,7b3e1fe9ae31b277953c114e99812ea691455a9f6cd44805b99ebecbfed33ed5,tool_aux,tools,no
eng/tools/quality/contracts/fixtures/check_forbidden_patterns/invalid_abs_path.json,45,bcde6eeb40552509460dc35b7058fa74d7f093555722a920c01fdaad716572a2,tool_aux,tools,no
eng/tools/quality/contracts/fixtures/check_forbidden_patterns/invalid_hardcoded_threads.cpp,68,34737e64aa94b44369c07dbd3a9988f73b048aaaf3cb5fd9db252e4633da0056,tool_aux,tools,no
eng/tools/quality/contracts/fixtures/check_forbidden_patterns/valid_min.cpp,84,4742697fd701db473f64bbf6b62502776425bd30e158357fa9dc05ecb1896d4e,tool_aux,tools,no
eng/tools/quality/contracts/fixtures/check_full_integration/invalid_waivers.json,89,986fd2700f48b5cf1cc63d2aa808d84bba50cb16b3269ac2521feec7b8ce9af2,tool_aux,tools,no
eng/tools/quality/contracts/fixtures/check_full_integration/valid_min.json,101,2ff893df790dd9975cb0c23978b0cff8a222a5e2e7414efaca04ac7ea411083d,tool_aux,tools,no
eng/tools/quality/contracts/fixtures/check_science_units/invalid_precision_conflict.json,98,0f6b5e27859c38c8dfd9419345a796a40d975ca80c9b9d63ab4dc178732aed6d,tool_aux,tools,no
eng/tools/quality/contracts/fixtures/check_science_units/invalid_unit_mismatch.json,111,6be75a61989a53c87c63b3466a65172a0992690311235f57c6902d377af35d5f,tool_aux,tools,no
eng/tools/quality/contracts/fixtures/check_science_units/valid_min.json,118,cbe59b6cf1926ca7d72cb0fbc4590f4f0a3a76591a645d6d291311f6865ca9b2,tool_aux,tools,no
eng/tools/quality/contracts/fixtures/check_test_contracts/invalid_missing_assertion.csv,287,3b18f0416d611958d6e1a25980d707997c32a011c9ccf9266d7493b7fe959919,tool_aux,tools,no
eng/tools/quality/contracts/fixtures/check_test_contracts/invalid_unregistered.csv,303,8666a266b14c9e60b7b5ceb1e98c8dfa42ed557fa2514f65a36c60a86a927555,tool_aux,tools,no
eng/tools/quality/contracts/fixtures/check_test_contracts/valid_min.csv,990,24bd83558570c8340dd843cd9c0aae084794a2c0cf40849df0a922101819590b,tool_aux,tools,no
eng/tools/quality/contracts/fixtures/check_traceability/invalid_dup_id.csv,721,7c1be8cd783c361d4631a2980218b2326051382f181801de4bec1e9d3b04526c,tool_aux,tools,no
eng/tools/quality/contracts/fixtures/check_traceability/invalid_missing_doc.csv,463,ad0d360a1f0e8f552cb27846e24e9884e5f05d9f6a3f78e2d388408bc46d7f79,tool_aux,tools,no
eng/tools/quality/contracts/fixtures/check_traceability/valid_min.csv,2583,dab4a6f740176a182d3c4a56a78276b2620efb3de34b17ed6ee02b064df8875d,tool_aux,tools,no
eng/tools/quality/contracts/fixtures/generate_report/invalid_stability.json,84,440ea0b113464a9a0ee9dd02550c342d0d5c019b40654651d2496e038acf170d,tool_aux,tools,no
eng/tools/quality/contracts/fixtures/generate_report/valid_input.json,64,6485a330cd9ed275c0b8a96eff50c366fef50059a2514ed4b3a61c70414c8dc5,tool_aux,tools,no
eng/tools/quality/contracts/generate_contract_report.py,4089,662e3449296f4d2d58e4e11ebc5d1ae1633d8ea2256e191475d2b60661ed7d13,tool,tools,no
eng/tools/quality/contracts/symbol_dimension_registry.json,5149,83acca23df1e74be0edd2f84e743163c3ac679dda327cffe0417843335cd6b2c,tool_aux,tools,no
eng/tools/quality/deep_ci_driver.py,25989,9a0ad555e2e035e3a004f757a32a5e1f1278b2d8514f0248234f33b7ab6fee81,tool,tools,no
eng/tools/quality/extract_cpp_api.py,13739,ce9a0e94081cf9e1b9e1d8ac3720b6923614a239fc5d5f4cb8096e5bc21ae0d6,tool,tools,no
eng/tools/quality/fits_cross_reader.c,6654,301a6c0baf7e3f96b5485812959dd7150b79fd43d7550945b98654aa64feece5,tool_aux,tools,no
eng/tools/quality/fixtures/extract_cpp_api/invalid_missing_export.hpp,41,6b1b8dba14d96762e8e81a3f74c2666162bb82fa8aeff891d0a8234b46475463,tool_aux,tools,no
eng/tools/quality/fixtures/extract_cpp_api/invalid_sig_mismatch.hpp,129,96e55d7f04d89cdf46837d67219a51def741876656326c18a9cac4eb51ab3f50,tool_aux,tools,no
eng/tools/quality/fixtures/extract_cpp_api/lib/test/include/invalid_sig_mismatch.hpp,129,96e55d7f04d89cdf46837d67219a51def741876656326c18a9cac4eb51ab3f50,tool_aux,tools,no
eng/tools/quality/fixtures/extract_cpp_api/lib/test/include/valid_min.hpp,231,8628a754ccdc25e1e59c4e89a04c2f81013db3072943736c6df63045094c6109,tool_aux,tools,no
eng/tools/quality/fixtures/extract_cpp_api/valid_min.hpp,231,8628a754ccdc25e1e59c4e89a04c2f81013db3072943736c6df63045094c6109,tool_aux,tools,no
eng/tools/quality/fixtures/module_map_fixture.py,20220,9e7aa3cc1335dc3f8eec951905c627d06f8205a0220d61b65b80e0a154c07be1,tool,tools,no
eng/tools/quality/frame_qc_grid.py,48277,82c08bd2b9f9f9cbed0bf73c157aa7ed41fea1fd36853941a6144de43de92708,tool,tools,no
eng/tools/quality/gen_block_flow_spec.py,5135,d97f092b647b1f1246aed269c17cf15469b462ce2ee77dcca8ee2bc6ff7a2886,tool,tools,no
eng/tools/quality/gen_commits_csv.py,7159,f3a70de458664a708ea187e96a01b522ab1f01fd2eb7ce5194324b35d388aac4,tool,tools,no
eng/tools/quality/gen_module_readmes.py,21428,4fb971add4d7449dd4b58ca4d2af74c7b8eaeca5924ec940b488dcda0f864402,tool,tools,no
eng/tools/quality/gen_run_graphs.py,12493,c26b1834a9b7185786781bd246779a05fd1bb46a6b744c5f458572294b5a2795,tool,tools,no
eng/tools/quality/gen_source_index_v61.py,11828,ee3de3854ee17606f3bde2e6db0cd3f8cddfbf28abf147c8225e137e7f8ebecf,tool,tools,no
eng/tools/quality/known_failures_baseline.py,60180,f1e02f0bcb189f24bcc5007e9ee29fa096cd1cd6f92f88a910633beba2031cfb,tool,tools,no
eng/tools/quality/plane_chunks.py,4427,f396bbdc87cb980ebd8ddb46626b859bbe718c433e38b1a40c50875b4f0d7ac9,tool,tools,no
eng/tools/quality/plane_stretch.py,5296,ae12a71775304af8c4bcc035bde9ffd349491e05bea9513ae16343892f45e490,tool,tools,no
eng/tools/quality/resource_gate_probe.py,1804,ecb85f866d67412b8ff23361f0ece08a65740decca5074abe9b15943337f7459,tool,tools,no
eng/tools/quality/resource_monitor.py,41567,46de61e42221c8e0fdf9087c4ecddb31692af8e29a719e5103fc8c5dc07220b3,tool,tools,no
eng/tools/quality/run_preflight_matrix.py,2166,3e9fd7905db337e50a2968b1d736295233306f48a7a999c277aead1446ccb403,tool,tools,no
eng/tools/quality/sparse_punch_probe.cpp,10129,797323e32ae65c1f05951ddcce623b5821a7e352cd23ad82389ae0cb67e6cc7b,tool_aux,tools,no
eng/tools/quality/strip_version_comments.py,6745,03b7f49025a4c10c2ca748e35030b7a6aceb1a3375cfa9d2674d46b867bea86a,tool,tools,no
eng/tools/quality/sweep_test_tmp.py,6058,517d1d5474fe96a649f55e86e268d533c16a879ca974edff265c64cb33131ce8,tool,tools,no
eng/tools/quality/tsan/cfitsio.supp,603,7e9165acb714c8ddfd5c781a61bec8abfa7740ae15516d02da4713486eeba5ce,tool_aux,tools,no
eng/tools/quality/update_audit_status.py,9964,49a8af7264603db7bdcdd4770f7368ef8567a3e424750e63325138c773f3cbc0,tool,tools,no
eng/tools/quality/v19r3_audit.py,13089,789801681a3ac635a8102a2c609ee3303834133a0283b9aea76bdcc2da67b4ad,tool,tools,no
eng/tools/quality/v19r3_sanitizer.sh,12254,bf34da129816fe23089ffe6c05e5d01ec095fadf1a643f7d49cf1dd30d9fa659,tool_aux,tools,no
eng/tools/quality/v19r3_static.py,14379,043fe9deb0de7cd4f5cff22ffe28d6d8c1616236271d5ef28227d8eb5e68ad85,tool,tools,no
eng/tools/quality/v19r3_strip_comments.py,7272,4651bc78b25380707c882f740a7fcf9c284b022a2cf3fa94d98bd5d92156f0f2,tool,tools,no
eng/tools/quality/v19r3_traceability.py,22919,2cd5c052fc84cbbaddd6a45428f21c4999612692df169e4182d14a6b34237588,tool,tools,no
eng/tools/quality/v19r4_strip_comments.py,5586,79e1b88ccdd427c4b5d9ba05e65502f59001daaf5ba75c3aec4da83270548a75,tool,tools,no
eng/tools/quality/validate_task_ledger.py,13170,eb9c50224b2a16a5493f37ef689a4151fc551eb2a2d39f8750ef35851403f41e,tool,tools,no
eng/tools/realdata/README.md,2918,cd77b299c66c4ae3da693d43da4d3cf05172734a57ad2eff66a4a7933246a5fb,tool_aux,tools,no
eng/tools/realdata/match_plan.py,37785,b44e468133430150928f20013e981951893633d3e5c446da3c54076ca458f905,tool,tools,no
eng/tools/redteam_v19.py,10797,04c5f3517ff0037efb64d24a0988ab45658043400a6402beed0cc8df0338136d,tool,tools,no
eng/tools/round_start.sh,4318,277fab1bad369e278ae8ef68f7b6a5c2789c6b14bb6b8bd576816420c5ab5920,tool_aux,tools,no
eng/tools/run_forward_drizzle.py,2214,689ca2eba0f21750115cc4ca2e2a351f56543fe8bc5d7a91bea179222dd92d0c,tool,tools,no
eng/tools/run_gc.py,18154,682899651a59a6a7ef3fbc4b9cdb481b6bacb8fce4200e0520af1e15959e3a5c,tool,tools,no
eng/tools/run_keep.txt,1782,2607aa187260987819cc97ead1702471f0463df7e2a25ecb5ffc9b55f101dbc0,tool_aux,tools,no
eng/tools/science_contract_lint.py,3414,6144ced05fd0ec871e7c0a154d263908dad9be24239a1a8cbc1b13e564758241,tool,tools,no
eng/tools/testkit/check_testkit.py,20131,11cb1a57e7638e21f5ee2fcb4a9c9a2329cc50d871e5bd4aa14f29da547a1af8,tool,tools,no
eng/tools/traceability/check_traceability_matrix.py,52501,4ce7db7efc0f64ed2cde2a6b3c54022157b18e56334da299e1a1bed7adf869fc,tool,tools,no
eng/tools/traceability/gen_traceability_csv.py,1649,7547a484cf8f3193db7b5841f8fc9be6086f7c11d448a7d6bba3d5c83319134f,tool,tools,no
eng/tools/v6/check_v6_runtime_closure.py,3890,95af09bf9c3308dac7c631f7d5c6db7577be6b2e971bd2cabe7791870d0de1c1,tool,tools,no
eng/tools/v6/v6_cli_mode_matrix.py,21526,8b46e9028d453408280a4ddf15c5de695fe2e5ef417ec1c5b8bc42a2b06dca89,tool,tools,no
eng/tools/v6/v6_ctest_driver.py,4918,d776197d95eb70d81e9e35cc11642120a074a2cfcb44f95b2f2b77c59403bbaa,tool,tools,no
eng/tools/v6/v6_determinism_driver.py,15518,94009db2325b26194db0aa45459f8ac0cde62ac869f612dfbac0bae62e938479,tool,tools,no
eng/tools/v6/v6_numeric_equiv.py,17764,3425c7313f5592bb19595fe21ca6611774eaa18dc1f4c66ee1d2949ece1be265,tool,tools,no
eng/tools/v6/v6_runtime_mutation_driver.py,10529,fc9c4784e20ed0aff19e4d3a7614217fc9ae574160839bd5e59efcd2cfb5a0b2,tool,tools,no
eng/tools/v6/v6_runtime_oracle.py,24142,1ffdd39986e196f46c4fb755ea97755656dca695c782f839fd47db0bb9fe3432,tool,tools,no
eng/tools/validate_cpu_profile.py,5384,cb8c9b755b2a5423ec10cad25862dba183f7ed188a2c4a6e0dd22a3d1406e83d,tool,tools,no
lib/algorithms/calibration/.gitignore,151,2d6042ef40b93a650b670c730e5bc9bb1c3dee470647dacd357cef310007f549,aux,algorithms,no
lib/algorithms/calibration/CALIBRATION_PROCESS.md,7053,0cca5aa1b3389a10b319e2e1c7124091a18f0e7a75159b15ec68a3035bf221f9,doc,algorithms,no
lib/algorithms/calibration/CMakeLists.txt,4012,2eed29e29e5a853c6c70b9e6bc01102a8b6c386854b619dc7c36702896391da5,doc,algorithms,no
lib/algorithms/calibration/Makefile,388,61764604764b969bb1da990298b70e9c898ba173163a8f485d25ca1c39eb5736,aux,algorithms,no
lib/algorithms/calibration/README.md,11366,dcd69cb9dc8b791ee29e0d7766e5d2356d18786053854b63ebf191f982388fad,doc,algorithms,no
lib/algorithms/calibration/V6_CALIBRATION_COVARIANCE.md,4287,511e45bbc00a4cbb85027a1f5f9fed05275428fc5c787b138f86de1696d7a7ce,doc,algorithms,no
lib/algorithms/calibration/batch_config.json,1254,6390854b0b51b5ce2d17c41669822af6de8b6cae959cae614829a1aad07bdf1a,aux,algorithms,no
lib/algorithms/calibration/build.ps1,2389,f1560828a7d458867d60df6e2d3f2536fc7697c6245dce4ecc219da70ac1f685,tool,algorithms,no
lib/algorithms/calibration/cpp/cosmetic_corrector.cpp,11339,26153fb346c95d7265292a5f4ca4e19afc54ae91fdbcab4688a92c1df075c1d3,shipping_src,algorithms,yes
lib/algorithms/calibration/cpp/cosmetic_corrector.h,1724,d6a33eff0fb24dc71ac3bc77a1b105cab0f39c23f324abb9dcb355e94c3f5e6e,shipping_src,algorithms,yes
lib/algorithms/calibration/include/astro_calibration.h,21765,c0fb38cdd1d573e5e6a38a216c4a322ec7d50db42544abd0ff20ea3142a5d731,shipping_src,algorithms,yes
lib/algorithms/calibration/include/astrocs/calibration/types.h,6036,c864d20be78182255204418f99574e697fd04b227a4a39bf7e97bd2a8d47d19a,shipping_src,algorithms,yes
lib/algorithms/calibration/include/astrocs/calibration/v6_calibration_covariance.h,14510,7874d5ddaa247506fb9451e806d5092a1b17b3f33de95ef8b15203317f613f63,shipping_src,algorithms,yes
lib/algorithms/calibration/integration/astrocs_p1_calibration.integration.json,15116,7c346e9040402b406ca6d4edf52e1382ae60255420c35252c97117906f479427,aux,algorithms,no
lib/algorithms/calibration/memory.md,21489,369665000f961a64ff85fba38fbe421a1dc0d56faa99d4579b722dbce60ceb69,doc,algorithms,no
lib/algorithms/calibration/module.yaml,3057,5277645b68184e4f5716d005a0f60bac308b725f1330d5e1ab9120905b09a30d,aux,algorithms,no
lib/algorithms/calibration/src/ac_api.cpp,20099,3d3f417196b0943fd17f4985849b1972a005467f5e5c5057cedcd79cf7564a15,shipping_src,algorithms,yes
lib/algorithms/calibration/src/astrocs_p1_calibration.def,67,64d8135c9ae07b9dd873f87343218cff0644a2178278f50eb2a856fba4b416ac,aux,algorithms,no
lib/algorithms/calibration/src/calibrator.cpp,7768,df7903913c51c0c884c9cce3e31c349df01c119055b213bcb90a1f21d141604d,shipping_src,algorithms,yes
lib/algorithms/calibration/src/cosmetic_corrector.cpp,37072,f8f891cda0d4a26343d778bfb3de344570043167840114b8a74ea7a080a15454,shipping_src,algorithms,yes
lib/algorithms/calibration/src/dark_optimizer.cpp,14863,ce2afcfb2a0645b39748afe2d74b09755548de9f0effeddc60a3702189b5434b,shipping_src,algorithms,yes
lib/algorithms/calibration/src/master_generator.cpp,12595,a5b996e52ba9c0c9c6cd0de2864a8116aaa8f60a377350917ca8bd742b139b44,shipping_src,algorithms,yes
lib/algorithms/calibration/src/module_entry.cpp,63105,6832b6819720efbb03f046158dbbeee9553bd4d88cbda2ebaa639919c1ed1ea2,shipping_src,algorithms,yes
lib/algorithms/calibration/src/module_exports.map,60,0db59d4feb5073eeb39e912a91fb62a75daa83829aaeca909037910f82387e6e,aux,algorithms,no
lib/algorithms/calibration/src/photometry_apply.cpp,6394,c67b382fea0e0ebde220002676c75569389b2699585fef3b01483fcde287db56,shipping_src,algorithms,yes
lib/algorithms/calibration/src/photometry_apply.h,5453,e0141b29f52acf09a34d48247c70e49564f4da34c6f1890f450024585ceca98a,shipping_src,algorithms,yes
lib/algorithms/calibration/src/v6_calibration_covariance.cpp,30003,7fb303c68fd8fc3171418dfa4e8acc10278b55637a1b3fe995ad560beee13649,shipping_src,algorithms,yes
lib/algorithms/calibration/tests/p1cal/CMakeLists.txt,4145,7311307efd62cca4900e53c4d7bcdddc03fef34a702df47b4b34f94525a1004d,test,algorithms,no
lib/algorithms/calibration/tests/p1cal/bias_influence_harness.cpp,7187,3ada1be8e833f74ea268dca21e45b148c9fe690b6a6d26ae2ebe3e3f52918c5c,test,algorithms,no
lib/algorithms/calibration/tests/p1cal/check_bias_influence.py,6104,4a44078715e36b4433ceb5a8d6de14108f7b5993a7c2dd8b4131c7b0788a2274,test,algorithms,no
lib/algorithms/calibration/tests/p1cal/p1cal_fixtures.hpp,8612,c3e2903cce5a2e8aae80649f3887daab5d06ef1b3105a89607cbda41af035cdb,test,algorithms,no
lib/algorithms/calibration/tests/p1cal/p1cal_oracle.hpp,13764,c81cfa78ab2f1e06e5ea4cc811ae674c1d37c43d625651ac205d158515b0e1e9,test,algorithms,no
lib/algorithms/calibration/tests/p1cal/p1cal_test_main.hpp,5289,3dd32f6d0363fd1d9acdeee59dfa265d25035f005880666f2c0d2eef7038e050,test,algorithms,no
lib/algorithms/calibration/tests/p1cal/p1cal_tests_core.cpp,35881,67f8b4b8f8b2dbf6edd239edd666353723d1ad082d16853e1cdd744db0eccff8,test,algorithms,no
lib/algorithms/calibration/tests/p1cal/p1cal_tests_main.cpp,250,e9ae7e6c8186feb43cbd224399a6cd2ce65a1b7755ad856246057d70dccc6193,test,algorithms,no
lib/algorithms/calibration/tests/p1cal/p1cal_tests_perf.cpp,4454,9ec190d0965bd6c71b925e7057ed5580398a3ba66cc53b4f05b517ea679613ec,test,algorithms,no
lib/algorithms/calibration/tests/p1cal/p1cal_tests_selfcheck.cpp,3619,38f40212c095daf7206a204d5640fcd90d9640fdbdd7e4dd8378ed76a07bc825,test,algorithms,no
lib/algorithms/calibration/tests/test_photometry_apply.cpp,16221,8db45a9482a17a584e76cf2f00feeaac51f502216add9657a46d5792be55194d,test,algorithms,no
lib/algorithms/cosmetic/CMakeLists.txt,5496,0d4b7d9529a2331b6abc8223d94422dcda1c4ede3367ba0ec718d83d8e508432,doc,algorithms,no
lib/algorithms/cosmetic/README.md,12217,8dab137b69de984fdfaf37885aebdb16a797f56fb22e87d593c5f3786513b933,doc,algorithms,no
lib/algorithms/cosmetic/include/astrocs/cosmetic/types.h,3814,230d73a05294816ad373c87c7f60551046070c18b01a05ad2cdd6d8e8cacf15c,shipping_src,algorithms,yes
lib/algorithms/cosmetic/integration/astrocs_p1_cosmetic.integration.json,13271,251eff43805b403d232513fa98292b45e7917915d006d1127f4cb6c300fa2b51,aux,algorithms,no
lib/algorithms/cosmetic/memory.md,4254,abb85a2a036b63f3294d555600bb2e2a287561c402b34d14e79b1a617d548f26,doc,algorithms,no
lib/algorithms/cosmetic/module.yaml,2823,50b4d5d1282966a75eca83e63627fca8ba059b3dde37dcf4c412274f7c4c4486,aux,algorithms,no
lib/algorithms/cosmetic/src/astrocs_p1_cosmetic.def,64,e93377c9940544e9f90fd5d577483ec30dedac480893bdd179a0b9b44bb4b5d6,aux,algorithms,no
lib/algorithms/cosmetic/src/module_entry.cpp,53413,42fe932096b0354300e18191a0e995995f4b4f444ecba9bd4f61f70e64cd9dc9,shipping_src,algorithms,yes
lib/algorithms/cosmetic/src/module_exports.map,60,0db59d4feb5073eeb39e912a91fb62a75daa83829aaeca909037910f82387e6e,aux,algorithms,no
lib/algorithms/cosmetic/tests/p1cos/CMakeLists.txt,5051,fc9cb0149d78af2a3d75e8e8ee421cafa3a9af691e6dc35fd325e54478279677,test,algorithms,no
lib/algorithms/cosmetic/tests/p1cos/p1cos_fixtures.hpp,15439,e610bab73a32d30c48e71153c7caa17adfccb1cf9ef6a5baee81d5970b04db0f,test,algorithms,no
lib/algorithms/cosmetic/tests/p1cos/p1cos_oracle.hpp,10558,19df6d55bd57e18bc8be14aab676464dd303578e66a2a0b5d3ab64c7fab49283,test,algorithms,no
lib/algorithms/cosmetic/tests/p1cos/p1cos_test_main.hpp,5539,3d396cd2ca8243fa0e8731fa61553d45eae037825e82bddf110e89771764ecd6,test,algorithms,no
lib/algorithms/cosmetic/tests/p1cos/p1cos_tests_badcol.cpp,37538,c0412cbd7764955f2bfb66785b521d55416f77ba6228a95990d3560ada0411ee,test,algorithms,no
lib/algorithms/cosmetic/tests/p1cos/p1cos_tests_core.cpp,25759,efe59dad47b95226925a33ea4fdeea49252642bface4a26421b827fcc086a024,test,algorithms,no
lib/algorithms/cosmetic/tests/p1cos/p1cos_tests_main.cpp,465,ae85208497416e57698206c2a11a988e6483ca716219acd9aebe7c4ccc9bb133,test,algorithms,no
lib/algorithms/cosmetic/tests/p1cos/p1cos_tests_perf.cpp,4452,25576282135fb099d657ae7e858da8cff39bda3c351f61409cac69db8e3822f8,test,algorithms,no
lib/algorithms/cosmetic/tests/p1cos/p1cos_tests_selfcheck.cpp,3139,66b03094be7fe3c47fab0685d420ff7d9ad8ad31bcb5fc4800e7b0657e72e6e2,test,algorithms,no
lib/algorithms/coverage/CMakeLists.txt,14169,76b6612fc697f14198d762e1d896bd997cf81b075f8a308586bfb4c29234e56b,doc,algorithms,no
lib/algorithms/coverage/README.md,12646,afb870c4eb02e7c5fd041b5c31bc989ce0682282c0df6d3b76a07abecfd4f191,doc,algorithms,no
lib/algorithms/coverage/configs/stage2_full.example.json,914,73e1d142b05de4b9053102cbe5c9e63afdfafc6beee9a7225fea9d3ecfaa6145,aux,algorithms,no
lib/algorithms/coverage/configs/stage2_gc_3panel_red.json,2023,a1b4c3843b57b855bf3bfa4142fb17fc770d4b2e44767f2889b1bb9a627befcb,aux,algorithms,no
lib/algorithms/coverage/configs/stage2_overlap.example.json,884,a3de629d27a17b919ba9f27c101cb37d5ea3c18304dcdf41243cf934083b16af,aux,algorithms,no
lib/algorithms/coverage/configs/stage2_real_3frame.json,957,c679c913f1395f8835d957833e37c967bb257d977816326e2467ed572866fa9d,aux,algorithms,no
lib/algorithms/coverage/configs/stage2_real_overlap.json,903,a484fb4a4f3bec6ff0fa49822ec4b91486b2e538cb2a69ae3fb7d884e2716596,aux,algorithms,no
lib/algorithms/coverage/configs/stage2_real_overlap_cpu.json,947,7272fd5287c547e8b8fab618f7c443e8a881a3886d7e16d5f3ee657dc60a7bfa,aux,algorithms,no
lib/algorithms/coverage/configs/stage2_t4_true_overlap.json,945,e712705941a353bbef7419a14d68a59bbcd0c9bb9ff29866ac3293aac3797263,aux,algorithms,no
lib/algorithms/coverage/configs/stage2_tiny_memory.example.json,876,af96c14aa5cf3c7dd1c7ef24531997b1c97f8714fadf1452d01ee6d2bc3dca80,aux,algorithms,no
lib/algorithms/coverage/hips_p2/README.md,14449,3a94fc8300c250328e5125c191d8e657fb4425716434cb9023aa57417c1699fd,doc,algorithms,no
lib/algorithms/coverage/hips_p2/memory.md,6943,e819d6821caefacbbb0fc29bfe8967193126fb132463b673e806b6de9c9375e9,doc,algorithms,no
lib/algorithms/coverage/hips_p2/module.yaml,5564,2a0e26cd6cec85a7045f1c931990bfe10520c77cf05fc62936a2ab1a7d3926f4,aux,algorithms,no
lib/algorithms/coverage/hips_properties.cpp,8145,02e99b4ae0ff6522f21bd0228a93f120f074a7b4eb599420c4d4d6c3370e4caa,shipping_src,algorithms,yes
lib/algorithms/coverage/hips_properties.h,2231,276c8fba8ee623c65bf4573a7e278472b122b21aeb8510d9ff3e31389cf1377d,shipping_src,algorithms,yes
lib/algorithms/coverage/include/astro/phase2/acr_kernels.h,375,c1e9fd0b1e84380bd620b53aec8cf3c9e360674ac5cd413397118f209b7ff448,shipping_src,algorithms,yes
lib/algorithms/coverage/include/astro/phase2/async_io.h,4140,6c9118d679d2bdd3009f0be73a1b4beee2a45a1ad84906ced683f86578eed8d7,shipping_src,algorithms,yes
lib/algorithms/coverage/include/astro/phase2/block.h,1601,948fe25df5cf309cadfc64d6411bdc9d5b34ab2da1984d866c3d811dcd732a76,shipping_src,algorithms,yes
lib/algorithms/coverage/include/astro/phase2/coverage.h,9404,1bd124beceb3636865544c946d7dbb4be5c94c396767c27abd93c94df2764bb9,shipping_src,algorithms,yes
lib/algorithms/coverage/include/astro/phase2/execution_options.h,1764,024a8ec4fa8238cd98baba2c9462fa87eef0ff9558a4b0dd3c37f9f19bdff022,shipping_src,algorithms,yes
lib/algorithms/coverage/include/astro/phase2/identifiability.h,11083,d21d6136a216e289977c5d341f8c8d79ec9205f0c1d4dc24e307832bbc1df060,shipping_src,algorithms,yes
lib/algorithms/coverage/include/astro/phase2/integrate.h,4038,ee1141e71947f4a551240ffc06219b4c72f225e3ba8e922c3bc6094397602c35,shipping_src,algorithms,yes
lib/algorithms/coverage/include/astro/phase2/rejection.h,33596,1708b4ff036f7136d9d6f533a083a14ed49f80f1be1bf054822ff65b334b4896,shipping_src,algorithms,yes
lib/algorithms/coverage/include/astro/phase2/sampler.h,14817,04f55e8f45da46dce4f91785eb795bbea0a7d49b1538dbdbb7f5d70a0eba21f0,shipping_src,algorithms,yes
lib/algorithms/coverage/include/astro/phase2/sky_plane.h,31434,e65a44c87a39938e3ae81eba7129a19fdd828f6bb17f4affccc3716124e18b09,shipping_src,algorithms,yes
lib/algorithms/coverage/include/astro/phase2/stage2_common.h,30393,d1a5df4af440a1816857c274b6f636a8d8c1a6de7b9890872311d9b61f45345c,shipping_src,algorithms,yes
lib/algorithms/coverage/include/astro/phase2/upm.h,26253,75a90e08d907fdbb5e00e8501e013611d2a444a2b9c5aeaddde69f93793c22a9,shipping_src,algorithms,yes
lib/algorithms/coverage/memory.md,21142,3b729390e03a75bbfcb2b5ae9e190752201babacf21687b1a60afe86af0e7f06,doc,algorithms,no
lib/algorithms/coverage/module.yaml,4031,c775fa0fef61bf223b3709e6d2c344782c9d6de8a456e0210478d03dcfad8a55,aux,algorithms,no
lib/algorithms/coverage/src/acr_kernels.cpp,17023,b6c71ee3cca09f8507b57b2c020ec5e39a19ee3d6c0232a37398e0be6e7f28b7,shipping_src,algorithms,yes
lib/algorithms/coverage/src/async_io.cpp,216,d419decba65a116d08709c7eb80f9ef3d051bff47ca7c0e80360e232f0a3b4e7,shipping_src,algorithms,yes
lib/algorithms/coverage/src/block.cpp,3236,547e71c8b7f453109a0d76b0d5593fa651c310bdfc127137b15dc5dca9abb0ce,shipping_src,algorithms,yes
lib/algorithms/coverage/src/coverage.cpp,20321,695d388694d08fee676d7c7275052f14eea5d571eba7439c7b6c63dacba236d2,shipping_src,algorithms,yes
lib/algorithms/coverage/src/cuda_bridge_stub.cpp,581,b73fcc362068c37b9fd18dc8a67168aa25ff6b20aa200c588935f1f02b1e3659,shipping_src,algorithms,yes
lib/algorithms/coverage/src/identifiability.cpp,13346,109697131804e665152c82678012bb4425b2835f8efc07420325af49fcdd84fd,shipping_src,algorithms,yes
lib/algorithms/coverage/src/integrate.cpp,3960,b9889178ea306e3bc9a8b40a71d9bb816f061d38088bb465f3649f58611d59e1,shipping_src,algorithms,yes
lib/algorithms/coverage/src/rejection.cpp,131896,e2558e0169ce8ace0134af457c1761cc90f208628cce72309f933b5873f8c87b,shipping_src,algorithms,yes
lib/algorithms/coverage/src/sampler.cpp,74173,72609472ba4ebe2a5d914d6fa824d39647aafd580da9cda7c09b4d2457b2e708,shipping_src,algorithms,yes
lib/algorithms/coverage/src/sky_plane.cpp,107111,9a7df1cf2933e77d740fba44ac0086107da437428736e2c17a127b807d756590,shipping_src,algorithms,yes
lib/algorithms/coverage/src/stage2_common.cpp,29339,087810459cb42b0da3be1d3633b2784d9057d6679d31ca37e3b71e65647e4bb3,shipping_src,algorithms,yes
lib/algorithms/coverage/src/upm.cpp,146460,83cc0a2412ec27e16d07e0f378d05b1f2d3bfae82150f09d94d5675d41fb7e8c,shipping_src,algorithms,yes
lib/algorithms/coverage/tests/async_io_test.cpp,8412,82cc680ab2b99c480a5745e4a6836b6f140675bfda24c553d853875e400dc4ab,test,algorithms,no
lib/algorithms/coverage/tests/execution_options_test.cpp,2863,f9f9f1ac9cea8deb8ab51f8374942931b73ff48ca3750847d885ad3ae34c3d26,test,algorithms,no
lib/algorithms/coverage/tests/ivar_wiring_test.cpp,21203,a038d94a1d1f6dd7cd95d6a4e7a61194c36249b489cfc79419a80a860eb77bb1,test,algorithms,no
lib/algorithms/coverage/tests/kcorr_lookup_test.cpp,3428,f0b00c285b08420448751a94c65ecc4229fa8fe1186b4978a81475252116bc7c,test,algorithms,no
lib/algorithms/coverage/tests/rejection_nonfinite_weights_test.cpp,7219,3dd6a0fcdaf96aac03612a31e4c9603a0ba5c122e2e6613a36bf88521bb82904,test,algorithms,no
lib/algorithms/coverage/tests/retired_object_reject_negative_test.cpp,7951,69ede2e4f43fb667936f62f947489b58790c645390bd3f9470d12a5fafc57bda,test,algorithms,no
lib/algorithms/coverage/tests/routing_test.cpp,5496,e9b4f4d7f4a82a4437836a15b472bb9f50c1457baaa58c190ae8a6915a866496,test,algorithms,no
lib/algorithms/coverage/tests/sampler_parallel_consistency_test.cpp,23365,da79cb08a6893630a02f35eca17cb99526ec447d0b0ae6819c1fe5e6d2c925f7,test,algorithms,no
lib/algorithms/coverage/tests/sanitize_driver.cpp,9019,ec13ec8a11e4e598bdeb1eff04db605bc4fd06c622b2f8be59553829715c4be1,test,algorithms,no
lib/algorithms/coverage/tests/synthetic_gate.cpp,262025,d1b759be1b9fdd79fd57c891d0575392a49f1e6be004c18e671d6193b9533a0d,test,algorithms,no
lib/algorithms/coverage/tests/weight_mode_retire_negative_test.cpp,7749,d33b0e97b97e47f9b8028fda556f1aa92d77f8947dada4d2f5eaeddb6fab466b,test,algorithms,no
lib/algorithms/coverage/tools/calibrated_pair_diag.cpp,14164,73126d31e01ce0b737b5bee83e8a23da92dcce404e3418b1cac6e9b23449b006,shipping_src,algorithms,yes
lib/algorithms/coverage/tools/config_smoke.py,3999,a3ebd4d2d04248fb7f41fe92b6e919ae6ad1bf9119c41339e15fa0d10ac03fe7,tool,algorithms,no
lib/algorithms/coverage/tools/controlled_rejection_metrics.py,17588,ebf673e7bee6fa4e3deef06852c7223c4aaf30008ad61bb16d3faed8dc36b574,tool,algorithms,no
lib/algorithms/coverage/tools/controlled_rejection_truth.py,8029,22f73daaea8ba15a234d3c5790f902ded2272dd2dcbb42beb3dfd0aa02251d87,tool,algorithms,no
lib/algorithms/coverage/tools/hips_compare.py,18892,5ea87dab1df93787e4c88ef0139dee4c12afbde4fcf0b63090559008aa598b8f,tool,algorithms,no
lib/algorithms/coverage/tools/linear_fit_oracle.py,8456,ad2aa27a375e07fdf682557cb8a03c1b9e6b64322edc83659447c2c9dbc0766f,tool,algorithms,no
lib/algorithms/coverage/tools/memory_acr_compare.py,4642,692ae0d2d939282955f927d2966686041a748bc37ef00da71b3dfde972bb112a,tool,algorithms,no
lib/algorithms/coverage/tools/overlap_photometry.py,14251,9a2dcb33dc0651cc9fd644cc2bd5ed46001e97b2e84ec1ad9c8ead1c09cbd5e2,tool,algorithms,no
lib/algorithms/coverage/tools/rcr_oracle_compare.py,8627,36b227db29dc57a60146961af7841f10944d9d5bcb0edd8a30adb2677b618a90,tool,algorithms,no
lib/algorithms/coverage/tools/rejection_cli.cpp,10344,d409ac4f67c743407da508384c6e41ef8bb07e094c13cbf59d0687930dc01e7f,shipping_src,algorithms,yes
lib/algorithms/coverage/tools/rejection_matrix.py,6142,949fccdc0a4bbb91f2af7dc8fa8c499d68d891e74d66a26ffb9841ed1ef02afb,tool,algorithms,no
lib/algorithms/coverage/tools/rejection_oracle_compare.py,13436,e58da76455f90d0e4509eb3d84043a74ddc8e108389a8d7abf7c59fa469fc84d,tool,algorithms,no
lib/algorithms/coverage/tools/satellite_gate_build.py,9279,41e7ddb40c01be24036f74d172661135bda4de21f4caf83391d5346d021a5f14,tool,algorithms,no
lib/algorithms/coverage/tools/satellite_gate_metrics.py,7709,17c48544bd9ef06f2f7122b400494a30fbcf8424d1f998efe2c02e38dc4a23ad,tool,algorithms,no
lib/algorithms/coverage/tools/satellite_gate_real_metrics.py,8596,fd4a456825a0a775d58b6f09396ce0be006a86b25f69fe604bf33d4877735ad1,tool,algorithms,no
lib/algorithms/coverage/tools/stage2.cpp,105130,608f1287e6d45216167386b9a5de26dceead775249a9972fab5760c6e91f1669,shipping_src,algorithms,yes
lib/algorithms/coverage/tools/weight_runtime_gate.py,8123,645930aa3ac7ba6c3fba65119dbaa149ba893ba2480f6f09c830e36cdd0e0129,tool,algorithms,no
lib/algorithms/drizzle/CMakeLists.txt,6847,a82abd109a5ba9867a056a84b89a9f43065017dc7d852eec03b44a9379bb4baf,doc,algorithms,no
lib/algorithms/drizzle/README.md,13123,e77886ed31d60432fe33dde680038ec7ec9ebfc6b81aa30b381502321df27cfb,doc,algorithms,no
lib/algorithms/drizzle/healpix_drizzle/.gitignore,133,32f46623e204ce53bc5ec892312209872d92659a0475009197ac220f3a74656c,aux,algorithms,no
lib/algorithms/drizzle/healpix_drizzle/Makefile,3886,c03204b548761b0a22305e70311eedb6aefac4c6f078633a7eee2e168f9532f9,aux,algorithms,no
lib/algorithms/drizzle/healpix_drizzle/README.md,1849,db592463752414f3590189af23201d88171e063eb2220e1ffdd48928122cd829,doc,algorithms,no
lib/algorithms/drizzle/healpix_drizzle/astro_sphere_sink.cpp,30656,dfd5782b15f648aeb401d6f5310f79ed1a7db7cb8851b707c3bea60c5328540d,shipping_src,algorithms,yes
lib/algorithms/drizzle/healpix_drizzle/astro_sphere_sink.h,4753,310f69453de6037266b84febb3720f4368913cce2d48e0d1b90ff9c0755aaf88,shipping_src,algorithms,yes
lib/algorithms/drizzle/healpix_drizzle/drizzle_engine.cpp,129481,9b64297fb3b0c506efa5c43301d65ed1fffa3d47283a3ad607af680d13373cd8,shipping_src,algorithms,yes
lib/algorithms/drizzle/healpix_drizzle/drizzle_engine.h,19998,dc8ed72ce9416d768651862b15799b304c68d850827d4f737cc84d84a302a0e5,shipping_src,algorithms,yes
lib/algorithms/drizzle/healpix_drizzle/fits_reader.cpp,20866,8f78d0228ef1dbb585fee896cfa6235d8cbdd642926387124cb4ecc1167c48e8,shipping_src,algorithms,yes
lib/algorithms/drizzle/healpix_drizzle/fits_reader.h,2016,b22153280f0d97565271755bd1784ad87c50c02d0dfe71c466882e9d02ffb9a5,shipping_src,algorithms,yes
lib/algorithms/drizzle/healpix_drizzle/healpix_core.cpp,1529,fde3ab05d7e880b28ac20b98014a21d8b2ca7403958325361009cb6eae70b6bc,shipping_src,algorithms,yes
lib/algorithms/drizzle/healpix_drizzle/healpix_core.h,5573,8190fb2130d3c7dd034ffb388fc06c906c607005587bbd85dc1a953f432999b3,shipping_src,algorithms,yes
lib/algorithms/drizzle/healpix_drizzle/hp_drizzle_api.cpp,71999,a5116362044689d296b137eef1a5c1962bd4ac3725c08cdcd9ce74ba2a8397d7,shipping_src,algorithms,yes
lib/algorithms/drizzle/healpix_drizzle/hp_drizzle_api.h,9741,bc5ad92aa0c6ead9385a054088774552e03085cf6e72e37cb2fd7e8003524ac8,shipping_src,algorithms,yes
lib/algorithms/drizzle/healpix_drizzle/hp_drizzle_hips_api.cpp,5017,342aa2ab72450ad73d4eb2b2b11cb14bb8f9e8ff44a11267df901f9302b55ea7,shipping_src,algorithms,yes
lib/algorithms/drizzle/healpix_drizzle/hp_drizzle_internal.h,2264,ed6ca337a6a1a228c97bd3fe4581cc0afdd1e9ddf7f9c1c9744dafbdc1f527cd,shipping_src,algorithms,yes
lib/algorithms/drizzle/healpix_drizzle/memory.md,13559,b3cc80c5c6f4a7c59e62d5f6bbca6e7789457114a7488566050622d46943e1bd,doc,algorithms,no
lib/algorithms/drizzle/healpix_drizzle/nanoflann.hpp,154257,9e102a74e733f07d5165a3aca3d8dc51d5b62d0851abe22fbb4793105c93748a,shipping_src,algorithms,yes
lib/algorithms/drizzle/healpix_drizzle/poly_clip.cpp,10424,05e6a4ce6751d2ff144c3690fa7ae031e42894c5022cafa1fc78e315516626bc,shipping_src,algorithms,yes
lib/algorithms/drizzle/healpix_drizzle/poly_clip.h,2539,cd9addd9ab71504ef4bab9c45b0b59914cbd882e15122de12bc75047e73c6254,shipping_src,algorithms,yes
lib/algorithms/drizzle/healpix_drizzle/reverse_drizzle.cpp,16368,d0812ecaa42c2aa40281ab522906235637ab28a7ab0f8703019ef79f69c8a4a8,shipping_src,algorithms,yes
lib/algorithms/drizzle/healpix_drizzle/reverse_drizzle.h,3593,5ae4fa072067797d543fa200a9900ff645ae92045247e7063cf1f3afee5ec754,shipping_src,algorithms,yes
lib/algorithms/drizzle/healpix_drizzle/snr_evaluator.cpp,12730,d5ad7d626f90d25dff88e1fb9c2ffd6b411c55cbd5b9bca32f94c3a16c7684d1,shipping_src,algorithms,yes
lib/algorithms/drizzle/healpix_drizzle/snr_evaluator.h,4435,94950f91e61ac5e8258b0bbdf55b57f28360599d2f806bb1b2e485f9a9e02401,shipping_src,algorithms,yes
lib/algorithms/drizzle/healpix_drizzle/spherical_overlap.cpp,87372,d56e0c0d5a9fe80fc69d8657f5e3e93b84315a11aabe9db8b990e6eb1adebde7,shipping_src,algorithms,yes
lib/algorithms/drizzle/healpix_drizzle/spherical_overlap.h,19826,d69c273e0d0d8c0d2aaaafab1b612801325dc282fe8c5a250f6dfa504d2c5913,shipping_src,algorithms,yes
lib/algorithms/drizzle/healpix_drizzle/tests/CMakeLists.txt,15795,bd1b52e3970bad35be7658a852da9a5d8d7f862a63e1b41f2fcb3b9131374df0,test,algorithms,no
lib/algorithms/drizzle/healpix_drizzle/tests/acceptance_drizzle.py,16361,0a13ff3cf5be4e51aa286db5a6ccf7da4fd1f2668ac89a95529adf69fa3ad3ce,test,algorithms,no
lib/algorithms/drizzle/healpix_drizzle/tests/bench_drizzle.cpp,4703,668f07caf5304b7780f08bfca8f64dad2830e765bffaf68b97de170a6721f779,test,algorithms,no
lib/algorithms/drizzle/healpix_drizzle/tests/bench_write.cpp,4258,c42106211964742e65d4105607c3f5cbb66e56f64dcac5fc9e546443b8487f93,test,algorithms,no
lib/algorithms/drizzle/healpix_drizzle/tests/candidate_oracle_test.cpp,11368,900b7e8c3a2ab27f468bdacaaed5cf660de4e95eed950e42aaedbcc597b07ba3,test,algorithms,no
lib/algorithms/drizzle/healpix_drizzle/tests/concurrency_cache_test.cpp,4868,04b1ae0c9b5c4a12248026c691d48224d9c6ea321f573b47d02563340845beb0,test,algorithms,no
lib/algorithms/drizzle/healpix_drizzle/tests/control_median_mc_test.cpp,8605,f0ff353f9ff88bb375f91cd6ed354080bdc93c657e7e43662c805c5b2de1fe07,test,algorithms,no
lib/algorithms/drizzle/healpix_drizzle/tests/drizzle_acceptance_test.cpp,23077,81ec54f8a4b0adc2acbb2def06026dd3b3c58c22f8715f36f20b33c43548b908,test,algorithms,no
lib/algorithms/drizzle/healpix_drizzle/tests/drizzle_freeze_test.cpp,22627,fe51ff4588090b740f68e11c2d7dcfe6e647944419eed11d854ec68f0173c032,test,algorithms,no
lib/algorithms/drizzle/healpix_drizzle/tests/drizzle_l0_test.cpp,6648,84160009eafd26c9c6881f32a376c8a1b08b5a44ca61a74fa70f8ab9565af978,test,algorithms,no
lib/algorithms/drizzle/healpix_drizzle/tests/drizzle_l2_test.cpp,6032,ab37db66a179cc20f102c0d15e945d2f06195743a60ec9160e5d1fbdd6dca43b,test,algorithms,no
lib/algorithms/drizzle/healpix_drizzle/tests/drizzle_l3_full_fp32.cpp,4337,5345bb07991517132d00b7fb4eebca2412eee5a3efbd9b88412c16fc69cc0d21,test,algorithms,no
lib/algorithms/drizzle/healpix_drizzle/tests/drizzle_nonfinite_test.cpp,14018,1959c882231da284b594c6e75c932091c8fab4acf088d547bc195883bbf0acc9,test,algorithms,no
lib/algorithms/drizzle/healpix_drizzle/tests/drizzle_science_completion_test.cpp,22188,abda297ef862b10494a753430c82a66adb51175b597da85d06f4223367c54522,test,algorithms,no
lib/algorithms/drizzle/healpix_drizzle/tests/drizzle_science_matrix_test.cpp,21701,f72ac11cb9b15253a2230054a0603bf50e091c58239a622614c9824191fc1557,test,algorithms,no
lib/algorithms/drizzle/healpix_drizzle/tests/hiss_write_probe.cpp,3084,514ed2b4be9f3a315907b608a688a252712b800d14a319b1667f86188850b258,test,algorithms,no
lib/algorithms/drizzle/healpix_drizzle/tests/kcorr_matrix_test.cpp,6306,0333b21b6a108d7c06b2cef219c938cba2635dcc08843927c13ab40f8597b694,test,algorithms,no
lib/algorithms/drizzle/healpix_drizzle/tests/mini_sip1000.cpp,1586,e9ea0fce29561362c1110b825997ef00779b7f98ea1db508dbbfca570d78b5bc,test,algorithms,no
lib/algorithms/drizzle/healpix_drizzle/tests/oracle_edge_crossing_test.cpp,13190,02e0b3cad495a7a378ed63b261ab748447d5689255f40c6468213a04a96ca887,test,algorithms,no
lib/algorithms/drizzle/healpix_drizzle/tests/oracle_independent_test.cpp,11132,cc1c64b3f8e64d65ac58812e483b5e675ad372d0b29ef027ef70daac3fd91100,test,algorithms,no
lib/algorithms/drizzle/healpix_drizzle/tests/p0_sip_order_guard_test.cpp,7812,d0df388153e5ec881e8579a51cbcf2e390a93481dde419701a86dbdde4b9a5d5,test,algorithms,no
lib/algorithms/drizzle/healpix_drizzle/tests/p1drz/CMakeLists.txt,7790,1bd7b3b0b8746848e4a2ad84a884311f32628ae7d269f8db48bc2b6c14f49413,test,algorithms,no
lib/algorithms/drizzle/healpix_drizzle/tests/p1drz/p1drz_disp009_gate.cpp,11795,424cce7800cc7b394f07e21c1f833f3c66b44f2b193a6e1e6707710b63d33d0e,test,algorithms,no
lib/algorithms/drizzle/healpix_drizzle/tests/p1drz/p1drz_fixtures.hpp,12934,a8a20ee8ee5926a454dc1a406fa01f2bc0d72b1ab3a8022a3ec403114da02682,test,algorithms,no
lib/algorithms/drizzle/healpix_drizzle/tests/p1drz/p1drz_geom.hpp,11529,837aa5e633fe15822642eacb836a7bc9a8eca47ce2c710e6948e51120b505d9d,test,algorithms,no
lib/algorithms/drizzle/healpix_drizzle/tests/p1drz/p1drz_merge_pipeline_lock.sh,3400,3f9b01324655be583110547fbbee8ff2d6af518a9e80fb2760604c2e3abc12fa,test,algorithms,no
lib/algorithms/drizzle/healpix_drizzle/tests/p1drz/p1drz_oracle.hpp,19200,cc35b17a499a46b602dae2b4cdc45f66ee9802e54b3199d54105e12ea32ae962,test,algorithms,no
lib/algorithms/drizzle/healpix_drizzle/tests/p1drz/p1drz_taskset_invariance.sh,2664,e69d62755cb595f61b0d5a5174803f2149a834697c5909dcffa4a7d91326a97b,test,algorithms,no
lib/algorithms/drizzle/healpix_drizzle/tests/p1drz/p1drz_test_main.hpp,5762,9d781ede7d91dedf6060b219b97f4932c94551761d570fa093c88c87663504f6,test,algorithms,no
lib/algorithms/drizzle/healpix_drizzle/tests/p1drz/p1drz_tests_core.cpp,30799,6f104f6f6e21b24d9ed8ce3bfacf6cae26436e0399db4f4faffef6fc0147a556,test,algorithms,no
lib/algorithms/drizzle/healpix_drizzle/tests/p1drz/p1drz_tests_main.cpp,243,893ac6d51d5139faeadebad7dd86e69beae498f1870a109e2f428b6b4a9ebc80,test,algorithms,no
lib/algorithms/drizzle/healpix_drizzle/tests/p1drz/p1drz_tests_perf.cpp,3026,9475add7382bd18b657a1f611a7aff1d27ce52e2ee394ac78fe10269ad0e460b,test,algorithms,no
lib/algorithms/drizzle/healpix_drizzle/tests/p1drz/p1drz_tests_selfcheck.cpp,4001,55380e4456003e0697ee92e71d918276b7ce6f18810ecbfd0b91ae60e1663fcb,test,algorithms,no
lib/algorithms/drizzle/healpix_drizzle/tests/p1drz/p1drz_thread_probe.cpp,6403,0cfab3c4eefbe679abf46552e68a958ec55be874389842e210de62d5445da0a9,test,algorithms,no
lib/algorithms/drizzle/healpix_drizzle/tests/probe_reverse_steps.cpp,8467,addffedd5a677b38d364b2a682b1e6cf62fd54c01936c247028444f366551e0a,test,algorithms,no
lib/algorithms/drizzle/healpix_drizzle/tests/reference_overlap.cpp,36030,c50739c1c25d61ed5350a18ca2c0d4e0d6725fcd136c7d2d9bcde13c9a4c857c,test,algorithms,no
lib/algorithms/drizzle/healpix_drizzle/tests/representative_probe.cpp,4266,8460428d192a2a898f003f258ce1da8984d0599c7cb69ce5ffa51e6a9c9f231e,test,algorithms,no
lib/algorithms/drizzle/healpix_drizzle/tests/reverse_api_test.cpp,8902,30a1fbbaff1ac5d1df4f4a081d5ba0d09a7d7aeb61f6195a62c960a8dee118e1,test,algorithms,no
lib/algorithms/drizzle/healpix_drizzle/tests/reverse_drizzle_science_test.cpp,29789,4f9ec47da9590811d53e8eb28dac7bb41643c1f2397a15abe078d954a653902f,test,algorithms,no
lib/algorithms/drizzle/healpix_drizzle/tests/reverse_drizzle_test.cpp,7230,d368b49466959b010d0735f3e94318f094cfd7576939f91fc8c3afed85621352,test,algorithms,no
lib/algorithms/drizzle/healpix_drizzle/tests/test_drizzle.py,31092,a0691c35467f8c6b6d0d094f91b96099e4b21cc4cb4b6271b22c3a46fac5d13a,test,algorithms,no
lib/algorithms/drizzle/healpix_drizzle/tests/test_nside_pixfrac.cpp,24325,c94785580b03bcc152b5173a8871eb65e02c923dc6a28f31230e7611735ad499,test,algorithms,no
lib/algorithms/drizzle/healpix_drizzle/tests/test_pipeline_adapter.py,10587,1021cbe015463876361f0afa70a16f1460e213d5a2a1f1af1900488d5c96502f,test,algorithms,no
lib/algorithms/drizzle/healpix_drizzle/tests/test_spherical_overlap.cpp,60598,c1ee33b2168cf01d90bdcbd7030d2d470c481b33ca328c2d395cbc5f78489437,test,algorithms,no
lib/algorithms/drizzle/healpix_drizzle/tests/trace_g4_validate.py,11147,6a092b9b5131c798980e4ee5d8520bb063a702e84c09b58005566ed4c2502be9,test,algorithms,no
lib/algorithms/drizzle/healpix_drizzle/tests/variance_propagation_test.cpp,13237,b6de2976b5934f0190c504e38ee17d1718e975f50384728ed4b2f3d5c537ca24,test,algorithms,no
lib/algorithms/drizzle/healpix_drizzle/tests/verify_bench.cpp,2660,b545b7970ba155034b4a455393248d8cffa0709b3cf5e3532df26f88c7e82c60,test,algorithms,no
lib/algorithms/drizzle/healpix_drizzle/v6_drizzle_science.cpp,27913,aefa82b9378686602b69a2de97419e5fce7fafb8d8c74b5c43197e9732573801,shipping_src,algorithms,yes
lib/algorithms/drizzle/healpix_drizzle/v6_drizzle_science.h,18904,9c2b11f214bdd1b671b1b483ec4460248fc527bebab551a530f282c769db006f,shipping_src,algorithms,yes
lib/algorithms/drizzle/healpix_drizzle/v6_spherical_overlap.cpp,6419,47fd2046cb6dfcf0a243f1a7d73dae02b477816cc67a7a8e11f9fec0b89d4e21,shipping_src,algorithms,yes
lib/algorithms/drizzle/healpix_drizzle/v6_spherical_overlap.h,3054,e395763a6018a260eab535292d0d5d86568751ba48f3920003f1c08a0e3c76a7,shipping_src,algorithms,yes
lib/algorithms/drizzle/healpix_drizzle/wcs_sip.cpp,13572,661ae21fa4f3ba82e9f4498196b9bdfd635c51404cb214b0473cc6c211ddeeba,shipping_src,algorithms,yes
lib/algorithms/drizzle/healpix_drizzle/wcs_sip.h,2393,e7a24b6a5afa4330d8952baae4345f279c287e1484c26df485456e28196c0c3d,shipping_src,algorithms,yes
lib/algorithms/drizzle/hips/CMakeLists.txt,5827,91a990d1a89b6ee5f3962d5ea310c34a6952bc53766857b4a806801b60b4ab1f,doc,algorithms,no
lib/algorithms/drizzle/hips/README.md,17565,0bf6423002e211587358dfa5e9dafd2b923d72d8b84ea722c2f83d79fd9da800,doc,algorithms,no
lib/algorithms/drizzle/hips/include/astrocs/hips/publish.h,8295,45878cb187875166d25383a4dee2b8d6483332f3acb547cd39ae1dc07252d5e7,shipping_src,algorithms,yes
lib/algorithms/drizzle/hips/include/astrocs/hips/types.h,9153,02e37aaaeac14b161785b764f2ac928848267b7488b9815cff68ca13a0af647d,shipping_src,algorithms,yes
lib/algorithms/drizzle/hips/memory.md,20142,64c8ec711d0a9a94607d4b8de3974ae7ebcef640db2d5b6c60da7ec40447b067,doc,algorithms,no
lib/algorithms/drizzle/hips/module.yaml,4956,fb1761400f79f3060cfdbded34d9a6c903ead6df4bbfe4d3fcc5232e5e3fbd2e,aux,algorithms,no
lib/algorithms/drizzle/hips/src/aio_publish.cpp,11338,8893d52f95a2a30c19d78bb03579459fd5323573f945c36deef7426cce8dee36,shipping_src,algorithms,yes
lib/algorithms/drizzle/hips/src/astrocs_p1_hips_writer.def,67,d1fe6dbaf90b1225053c5047f1404e6096cfb678775db9386d209b1de99b04e6,aux,algorithms,no
lib/algorithms/drizzle/hips/src/module_entry.cpp,50497,48746052925c94b75bf7d1441026426ec6cdc9138191500fa6b3c3df24eb5153,shipping_src,algorithms,yes
lib/algorithms/drizzle/hips/src/module_exports.map,457,b247623d634087e7144e8e4bb27df50102ff97a02e8b362726d82cea0c365ccf,aux,algorithms,no
lib/algorithms/drizzle/include/astrocs/drizzle/types.h,5962,3b6d726ccde4a5c8ded7044d4ce264a460edb5c1a536e2ecf18c72f5cb895491,shipping_src,algorithms,yes
lib/algorithms/drizzle/memory.md,3782,2ed3216c61cfa1243b906842d077e4658413e9560a374afd3a6cc54afa5e7373,doc,algorithms,no
lib/algorithms/drizzle/module.yaml,3635,e7cacd122f3b409935c1197ea4c02616b7a880c291ec11322b63c603dd529b73,aux,algorithms,no
lib/algorithms/drizzle/src/astrocs_p1_drizzle.def,63,fda8b0e8d9d87747e727e5af90f7bdf760d98841d7ceb212ced3b47c4647bfbc,aux,algorithms,no
lib/algorithms/drizzle/src/module_entry.cpp,56708,be5ce39f60197a24d620b4909cf90701608010efbdc8abe467cfdf988f678557,shipping_src,algorithms,yes
lib/algorithms/drizzle/src/module_exports.map,60,0db59d4feb5073eeb39e912a91fb62a75daa83829aaeca909037910f82387e6e,aux,algorithms,no
lib/algorithms/fits_output/CMakeLists.txt,1497,80d77fc56d2d1b8cfa3bc25b172ef51844f6010c1d01cd8be47b2f8cc3f9136f,doc,algorithms,no
lib/algorithms/fits_output/README.md,8452,4da30009274af4ac692f72a05a22f32fa72a38b2ea76b5c0912121a8380cd267,doc,algorithms,no
lib/algorithms/fits_output/memory.md,10394,9d31243db8fbf6b9d4578f324eb7957da9f5d37f71bd1007d38db6dcb58e908e,doc,algorithms,no
lib/algorithms/fits_output/module.yaml,6798,904a364d40c636b107a63288a20d5b4e4f35933cdc1e07bc98b7f4ae69a06018,aux,algorithms,no
lib/algorithms/fits_output/p3_output.cpp,49597,134924e39f15c5075dd3a8198b2cd5840e70090cb29da0123d2d4b09d736193e,shipping_src,algorithms,yes
lib/algorithms/fits_output/p3_output.h,8788,fc2ce62a40e481e3a0f166c87fe95bf9743b4e1474363b4d28617f3f10892fd6,shipping_src,algorithms,yes
lib/algorithms/integration/README.md,5048,3c1c003f4889303fb3b01dab527d21f7d430649ea22eaf8ccccc769b2bc1fae0,doc,algorithms,no
lib/algorithms/integration/memory.md,5792,58f574a2d778592e745fec8fd863923a9f37c143f717fdf01504cc007d2287a8,doc,algorithms,no
lib/algorithms/integration/module.yaml,4225,28624c42cb0d32f7575d1361ac1bd49dafaa7583f3f6c84aed1ed60188873467,aux,algorithms,no
lib/algorithms/integration/v6/CMakeLists.txt,4538,203b9aabcbb7b937ea3a93282e337ff39f76eb1c8620e67572ec5a8accdeef53,doc,algorithms,no
lib/algorithms/integration/v6/README.md,3655,7d2981e274a8aa87d63e25723f58412f54c7a32d72f1d78fcca203758a982a2c,doc,algorithms,no
lib/algorithms/integration/v6/include/astrocs/v6/phase2_integrate.h,11902,d73fb99ca105b2af93254cd92acf67e3de89755496297935df9a6fb28555491a,shipping_src,algorithms,yes
lib/algorithms/integration/v6/include/astrocs/v6/variance_propagation.h,4538,931ba3ece15b3aaf9920ccd738a25df510b0a09e21a4447cdb882ee4d3e83298,shipping_src,algorithms,yes
lib/algorithms/integration/v6/include/astrocs/v6/weight_chain.h,20788,f235d3cb54ffa25d6e1e87daf836de81386903d7e2341b2e16eb8172629c3c21,shipping_src,algorithms,yes
lib/algorithms/integration/v6/oracle/CMakeLists.txt,1610,a69bd9d72d37ff85e96c1cac30dc89c0070d9787d7250752a198697f7e91b497,doc,algorithms,no
lib/algorithms/integration/v6/oracle/recon_contract_gate.py,4413,c9c09019fbf49cad64fa7416fbfd1cd6bbd4e6ff8515e0cb8ebd45f53740714a,tool,algorithms,no
lib/algorithms/integration/v6/oracle/recon_dump.cpp,4957,7ac109ce6f48010143e7396e502438f9144a8c1e2d09e69cceea56128bde4bed,shipping_src,algorithms,yes
lib/algorithms/integration/v6/oracle/recon_exp04_parity.py,20503,055576fe6a14a4990c24b04e7272c4467d09b7e9441dd80b804aaffc1c70bacd,tool,algorithms,no
lib/algorithms/integration/v6/oracle/recon_negative_injections.py,9184,28d72bf79a46450be88d24b889f32a82b4d6e1c9f6d79cca3978ee4a0d03be73,tool,algorithms,no
lib/algorithms/integration/v6/oracle/weight_chain_oracle.py,26803,13b52a5a235bc3351475579771f18afb1bc5bc5fa1a3fc182b26d974607fb855,tool,algorithms,no
lib/algorithms/integration/v6/oracle/weight_chain_selfcheck.cpp,35290,86590bbacabe3de1cc1dd578e63b2123172a033b1fb09fef954cfa417d3fcf2d,shipping_src,algorithms,yes
lib/algorithms/integration/v6/src/phase2_integrate.cpp,69560,f98734d6bfb8e263aca9cce24176855bfe2c29ab38e53337ed4ee46df179fce2,shipping_src,algorithms,yes
lib/algorithms/integration/v6/src/variance_propagation.cpp,7212,33090e393855dac29257ddc4d0c9244baf9dc28f6b4e5cb0971cf9ad19ad2251,shipping_src,algorithms,yes
lib/algorithms/integration/v6/src/weight_chain.cpp,32522,245da4487854455f53593a2d0d60b2702eed213f6f27a2b31a9c51ba89299964,shipping_src,algorithms,yes
lib/algorithms/integration/v6_phase1/CMakeLists.txt,2933,b1a08da965a0b7b9eaaac8f290f1877aa6a0e24796b9fb2782537fa663ccf05d,doc,algorithms,no
lib/algorithms/integration/v6_phase1/README.md,3675,07625db73fa28d5af3db8763927036c30ae7812c07173cb577784b07507db031,doc,algorithms,no
lib/algorithms/integration/v6_phase1/include/astrocs/v6/phase1_product.h,11080,0a5f5f4e1d22794836fe88bf236f241c3c51368fb02fd12310d5d688279ba1ad,shipping_src,algorithms,yes
lib/algorithms/integration/v6_phase1/src/phase1_product.cpp,60032,d4a46632dc0415d49d92a3415d0eb7d0689f8932bc404d731389e4b6b8a31ae2,shipping_src,algorithms,yes
lib/algorithms/noise_snr/.gitignore,167,2b2e0a7a4d8f0d85901a3dc4eb425adf82e3b8b4f7c8cbddb773ee39906e56c0,aux,algorithms,no
lib/algorithms/noise_snr/CMakeLists.txt,4780,11ee548fb8ff221db9dad6cba1a6d899ce016046d445ab51b20885de653b8a73,doc,algorithms,no
lib/algorithms/noise_snr/README.md,18842,4bd0506412087af95763b321cee9e92c10d0b46d8d276ef055759d33e035b3cb,doc,algorithms,no
lib/algorithms/noise_snr/cpp/Makefile,357,110325cda9a4fb9a73ae22004e361bee726d46079afb689d0e08a7558c0fa51c,aux,algorithms,no
lib/algorithms/noise_snr/cpp/build.ps1,1864,8453d00ec76b8ee3f4a2e93413a61ae8a9572a244d5332c58eaff3d50598ecbf,tool,algorithms,no
lib/algorithms/noise_snr/cpp/include/snr_estimator.h,38583,e69531a264accaf3920462b67faf01f46af18086e3ee5f0dc7782ffe5eb5d742,shipping_src,algorithms,yes
lib/algorithms/noise_snr/cpp/src/information_weight.cpp,11531,f36c3b48ffc60c3935df6a325e70d4858949a07c8a8526e0061e9410d9555016,shipping_src,algorithms,yes
lib/algorithms/noise_snr/cpp/src/noise_model.cpp,76036,fe91e19e34f00b73f7b4fa69f9af347ccfef6b32c42c8050ced292ecdbe85840,shipping_src,algorithms,yes
lib/algorithms/noise_snr/cpp/src/snr_estimator.cpp,37515,0edd2175351d193ff1440c9f7663052ff61b51d5a8f22e674db77e77128df116,shipping_src,algorithms,yes
lib/algorithms/noise_snr/cpp/src/snr_science.cpp,14191,b20d10c3803052abcac0807280a59eed0b15691a55bd275dc1476ab886f82b7e,shipping_src,algorithms,yes
lib/algorithms/noise_snr/cpp/test/noise_model_science_test.cpp,28227,524abf14d80392340f57d775f61a20de809e1cc678fd656718d562db79507c48,test,algorithms,no
lib/algorithms/noise_snr/cpp/test/snr_reconcile_test.cpp,5264,64124f0b22645888c69f9352dd4427e274c2041a05823603bfbf727d690e3c64,test,algorithms,no
lib/algorithms/noise_snr/include/astrocs/noise/saturation_policy.h,3448,8e11fdeb2ab1ae609e95be62dd42c5d6f5ead66644b275b335f5727891bb30f9,shipping_src,algorithms,yes
lib/algorithms/noise_snr/include/astrocs/noise/types.h,12970,1eff545b6917572cf3af890e5bfc6e9c493a9da8640cf52bb4e5565959f6ae83,shipping_src,algorithms,yes
lib/algorithms/noise_snr/include/astrocs/noise/variance_plane_policy.h,8236,da2b3c7fe1da98beb316d8798414793c8e4d3d20cf598b04f48d7764a10c9fd9,shipping_src,algorithms,yes
lib/algorithms/noise_snr/include/astrocs/v6/information_weight.h,5784,56f8053d2e768c18fdda1a570ae834d5b41b0faad9633d7d118fd60b688cc0ad,shipping_src,algorithms,yes
lib/algorithms/noise_snr/memory.md,9136,7b4c4ef1f96df1137f3a0e260772d2f69dcc9aa20c0588f5231b8532b1a5850a,doc,algorithms,no
lib/algorithms/noise_snr/module.yaml,5903,9bb921b57eb44eb68b06e5e13be1d5304a31fbee917d7806f04ddfe88bb9a6e1,aux,algorithms,no
lib/algorithms/noise_snr/src/astrocs_p1_noise.def,322,a6ae77ce699ba5a3876aa6e0a96a6d8f871541f39cac33486eb11d54415232d1,aux,algorithms,no
lib/algorithms/noise_snr/src/module_entry.cpp,73832,59ea0902b604769fe99342271671094666c9d04b600925738cabb4f758f617c2,shipping_src,algorithms,yes
lib/algorithms/noise_snr/src/module_exports.map,579,c94cb2b93550b6b876064f6f17708455bbef7a3dc2c6113cd279fe0139cdbd27,aux,algorithms,no
lib/algorithms/noise_snr/test/test_snr_estimator.py,10414,2ff08c2b33b96827981e37ff868e7b4e161a12c2eae2fde74e97063b011386ca,test,algorithms,no
lib/algorithms/noise_snr/tests/p1noise/CMakeLists.txt,12557,a10af506fe582fa9e2d21e73aa6587fc1fb732d4692aa2b8dff58a3c8f1615f0,test,algorithms,no
lib/algorithms/noise_snr/tests/p1noise/check_saturation_wiring.py,6693,229286cbac77d2cd2d209a5b83a9f40cef9af325512d8f687c40c402e6193478,test,algorithms,no
lib/algorithms/noise_snr/tests/p1noise/check_snr_caliber.py,7419,3e55b2a4af420e75f32a7976180beaae247dcb7128a9fe3daebb1210bd5ba36c,test,algorithms,no
lib/algorithms/noise_snr/tests/p1noise/noise_model_numpy_oracle.py,29430,66cda1d933d0ba9862ed5806db06ab947e5884bbbeea9e55f2d24ceb833701da,test,algorithms,no
lib/algorithms/noise_snr/tests/p1noise/p1noise_abi_layout_check.py,5903,581f0268b129addce6117ccb6f668cc0fa1e8c465cb6d2c384d7d11e26f30e01,test,algorithms,no
lib/algorithms/noise_snr/tests/p1noise/p1noise_abi_layout_lock.json,859,8eef9e3a41e66de3ba46956c2578375f03be7a7004336182cb787420faa74b61,test,algorithms,no
lib/algorithms/noise_snr/tests/p1noise/p1noise_abi_layout_probe.cpp,4537,e0f9a9ab09926f1d15b97d157d819d90b9cdabc4a0378ae5a9f54e4cd74cdc3a,test,algorithms,no
lib/algorithms/noise_snr/tests/p1noise/p1noise_fixtures.hpp,18007,815f48f4664ae4dae105a0e01699f744410cf5b276a7c1ff2574f62a0cee8624,test,algorithms,no
lib/algorithms/noise_snr/tests/p1noise/p1noise_oracle.hpp,24062,726e7fb092af04a1b43681f756a26b45f5a7beffe5a8116a828bd94465730c6f,test,algorithms,no
lib/algorithms/noise_snr/tests/p1noise/p1noise_saturation_test.cpp,15463,cc64034cc6c1c325555a227f2f0d4301c5fdd3403cc4582f9ef76de306803c16,test,algorithms,no
lib/algorithms/noise_snr/tests/p1noise/p1noise_test_main.hpp,5580,467ecea61a0cc1f0ab57537f99f0fca52b7d1fe71c0ebe8b010082ca7736cc3f,test,algorithms,no
lib/algorithms/noise_snr/tests/p1noise/p1noise_tests_core.cpp,91920,6bd32615f0b3752d5cb02d4c8d38b60bbc2e968137d419e426ff0de88f7c3abf,test,algorithms,no
lib/algorithms/noise_snr/tests/p1noise/p1noise_tests_main.cpp,493,ad2bc01cea2260abb52480dfd59f7e6ed641ede15ab00c0c6cf2e7ee495f168e,test,algorithms,no
lib/algorithms/noise_snr/tests/p1noise/p1noise_tests_perf.cpp,5550,75e1d0d7856f48d060ce2bc24bb13defee2ce68df109d2238c1b4d643f29d558,test,algorithms,no
lib/algorithms/noise_snr/tests/p1noise/p1noise_tests_selfcheck.cpp,7487,14ffd559b952f251d1d3ee1d0d04f7df0d87630de78eefe4789df0ce118bf125,test,algorithms,no
lib/algorithms/noise_snr/tests/p1noise/p1snr_science_test.cpp,27310,a2b9b79dde121bf96ae80ddb541eb29c5e5f0d6803bec56a02de61e5be3f6ab9,test,algorithms,no
lib/algorithms/noise_snr/wrapper_phase1/README.md,5571,90d0cfa511f0fa39ea649aa8b32ece594477261e8421a7aa400a73544377e341,doc,algorithms,no
lib/algorithms/noise_snr/wrapper_phase1/snr_frame_science.cpp,8657,b31af177cc1fb49f430c7978ac205ab8cd7452390cd2538bb0c9b99ead55ac9f,shipping_src,algorithms,yes
lib/algorithms/noise_snr/wrapper_phase1/snr_frame_science.h,5420,e3d960ef481ff639eef39ef1244b2393a7393484e8fae9d40da73a4d57ecb81f,shipping_src,algorithms,yes
lib/algorithms/photometry/.gitignore,66,23adde43db7e4bc28963b991f538135feab82623c16fda4b09cc4ec6a3a8f755,aux,algorithms,no
lib/algorithms/photometry/README.md,15129,f4c5205739578991336d3ff0ce70da4edd91d7f720d085cc3250e0c39bef596c,doc,algorithms,no
lib/algorithms/photometry/cpp/Makefile,1224,b135833841603342f216ee60fa8d91fddf21a66bb4cb1022b620bc75b72cb6fb,aux,algorithms,no
lib/algorithms/photometry/cpp/build.ps1,2884,a2c3239340e24e33378249b998949e012c10e23babab110681d3049fe9d32cc8,tool,algorithms,no
lib/algorithms/photometry/cpp/include/log_macros.h,918,cce1616e660cc0d67bb13ecdc33f61ba6ab04e4d8a62b0650be3714d0929f8ec,shipping_src,algorithms,yes
lib/algorithms/photometry/cpp/include/photometric_calib.h,14689,0ec0b642fd44326a335bb57c2190a9f228e41acb0f04340de6819ef8e7e4fa7c,shipping_src,algorithms,yes
lib/algorithms/photometry/cpp/src/filter_curve_json.h,25770,9f20edba95ac9c7ead61d35886c4316ac1ed4d63aaad36a5045b39ea36685745,shipping_src,algorithms,yes
lib/algorithms/photometry/cpp/src/frame_photometry_fit.cpp,21371,65a209b61622c7c0c0d4ecc0f5743807a61be8296ddd64fbf993cb1aca5fad9d,shipping_src,algorithms,yes
lib/algorithms/photometry/cpp/src/frame_photometry_fit.h,10815,a4fb8a05fcb70ac74d895ae802d9b6b66219d91dfa385a766183fb8973aa2a95,shipping_src,algorithms,yes
lib/algorithms/photometry/cpp/src/image_corrector.cpp,2664,d10aac8def743af603016b1bc93e5cd5965871e5bdaf84da41ad31182b93aded,shipping_src,algorithms,yes
lib/algorithms/photometry/cpp/src/image_corrector.h,959,65a6d956d19a8720bebb8abdbd511f0c53948d7e57111e2bc2eec222cf9e13dc,shipping_src,algorithms,yes
lib/algorithms/photometry/cpp/src/pc_api.cpp,58048,25cd97d9b290798035c6e1ccb7650a7271ab322455465d1f6c2f906e221bdf6b,shipping_src,algorithms,yes
lib/algorithms/photometry/cpp/src/pc_api_qf.h,2674,fafba2b1c4b0d1c6de6ad019c59500f005860a5e4fabb79897b8f39c59581422,shipping_src,algorithms,yes
lib/algorithms/photometry/cpp/src/psfsw.cpp,40917,ff2d02611661b40870bf94c2c7c1d9d7637df21c1702e40b97b734d1da57d9d3,shipping_src,algorithms,yes
lib/algorithms/photometry/cpp/src/spatial_gain.cpp,31950,2d50c64c8f934b42f383c7905fafc3c1b03680c2833146253afe3bc5ada79840,shipping_src,algorithms,yes
lib/algorithms/photometry/cpp/src/spatial_gain.h,10906,993ebba07eadee7312498662cb09c808647fae476ebd0c4bb5df5bb5a57331c6,shipping_src,algorithms,yes
lib/algorithms/photometry/cpp/src/spectrum_integrator.cpp,19061,0b39c1ddf8c3bffeef272e1b3415914eb34c520ce6bd9215f4ccbd1c38ea3dfd,shipping_src,algorithms,yes
lib/algorithms/photometry/cpp/src/spectrum_integrator.h,8187,ddf37e8774259fc6e10f03ce2cd71ce09cab9e13cae7862e4ffabe8ef8da12f5,shipping_src,algorithms,yes
lib/algorithms/photometry/cpp/src/star_matcher.cpp,30897,3e730f9c834d1e6d4b089fc6f8e12a6f5bb6b3187949acf92ff96e25f362397b,shipping_src,algorithms,yes
lib/algorithms/photometry/cpp/src/star_matcher.h,6141,c83e59301ef7d5848bd2820907bbf3e072ce33428e34a369c958437de82d664b,shipping_src,algorithms,yes
lib/algorithms/photometry/cpp/src/wcs_transform.cpp,10829,4ba886681eea4b54531f4414743e288e3c8c67379583fbe477187f717a8d1408,shipping_src,algorithms,yes
lib/algorithms/photometry/cpp/src/wcs_transform.h,2644,28df073675e55a41b4fb265eb5f8df318e8f79ba86128f5a37090bc0ecea344f,shipping_src,algorithms,yes
lib/algorithms/photometry/cpp/test/filter_qe_provenance.json,47209,e0a44393298cc5f02a3e5b98b58e056599bae9087df3a27f6a258d82d135c4fe,test,algorithms,no
lib/algorithms/photometry/cpp/test/gate4_dr3sp_gaiaxpy/DR3SP_SCHEMA_AUDIT.md,5343,8f8cd4981949825acfbb0594f63b0ee3efc053453894e3dd888592f072a0a622,test,algorithms,no
lib/algorithms/photometry/cpp/test/gate4_dr3sp_gaiaxpy/GaiaEDR3_passband.dat,81224,46160d3b84dc0b78530d1ef3d18c0cf632fdaeb27876c0773c7a62033127f301,test,algorithms,no
lib/algorithms/photometry/cpp/test/gate4_dr3sp_gaiaxpy/download_xp_sample.py,8379,4af8f0c618262ed15c3b1dc1d4914f13d7f4294c6093b3da6a0356ceaf462628,test,algorithms,no
lib/algorithms/photometry/cpp/test/gate4_dr3sp_gaiaxpy/evidence/gate2_result.json,2468,007026651f981033be7181798975a2d550950f49c2bbc1b636533d19dca01644,test,algorithms,no
lib/algorithms/photometry/cpp/test/gate4_dr3sp_gaiaxpy/evidence/gate4_compare_per_star_1050.csv,330830,6664da6bc01d5fe2c70e1b57ad3e4b0b300134bd2143918e354726c06fac82d7,test,algorithms,no
lib/algorithms/photometry/cpp/test/gate4_dr3sp_gaiaxpy/evidence/gate4_result_full_1050.json,1881,5f8b3c1741e523b375c9058024287f782f439e9a6dbc18e389c6cd6b6b28ca07,test,algorithms,no
lib/algorithms/photometry/cpp/test/gate4_dr3sp_gaiaxpy/fsyn_astrocs.py,6358,ba015284dfb1c4a37377439a4250c38b70444e04dec928ef026a5448c054bb5e,test,algorithms,no
lib/algorithms/photometry/cpp/test/gate4_dr3sp_gaiaxpy/fsyn_export.cpp,3792,0218945f6daa894311cf072afc1b79685466cd9d237c8e76de31d34bb2ef3cf9,test,algorithms,no
lib/algorithms/photometry/cpp/test/gate4_dr3sp_gaiaxpy/gate1_psf_final_test.py,14510,25c2d7c4043467549bcb240b2899961f12fd3853d1e5993716fad0ef2e4076da,test,algorithms,no
lib/algorithms/photometry/cpp/test/gate4_dr3sp_gaiaxpy/gate2_psf_oracle.py,17582,59b1327aa3a56ad451010a478ec044dd5df538a9a6f994efe4e3777482cd0cd4,test,algorithms,no
lib/algorithms/photometry/cpp/test/gate4_dr3sp_gaiaxpy/gate3_wcs_oracle.py,3632,2a5c741aee340c3222525dd78e3c998536e468957886d4d8c673453dd9de5eb4,test,algorithms,no
lib/algorithms/photometry/cpp/test/gate4_dr3sp_gaiaxpy/gate4_gaiaxpy_compare.py,10944,bd97ab9bfa2b6447656f335edf28e02cd8ee4a49c0a1280ee990305ff77c3ebb,test,algorithms,no
lib/algorithms/photometry/cpp/test/gate4_dr3sp_gaiaxpy/gate7_hips_validate.py,10198,587d5aa79e2db5dc040ae7ac49d9a42357732315c704e556ad7ba025f171c0fa,test,algorithms,no
lib/algorithms/photometry/cpp/test/gate4_dr3sp_gaiaxpy/gate8_trace_check.py,5471,fdd6df30f26e224cce15f5eb74c715d1331f8527247cc59fd1443ff7c6b2b9f8,test,algorithms,no
lib/algorithms/photometry/cpp/test/gate4_dr3sp_gaiaxpy/xpsd_cpp_crosscheck.py,8338,e5b4da5a601379ddd3900f1bc2ddceacee790b427109712358f3edfc8a45b759,test,algorithms,no
lib/algorithms/photometry/cpp/test/gate4_dr3sp_gaiaxpy/xpsd_production_validation.py,10842,f53e47baedbcdf002711d8c651eff8948e142549e80269f68c30d3379d9afdd3,test,algorithms,no
lib/algorithms/photometry/cpp/test/test_energy_conservation.py,20705,18b0585b07418d29d6a766a3dddfdcbbe8062bbdd481222331a92e65adbf9b36,test,algorithms,no
lib/algorithms/photometry/cpp/test/test_p0_pc_api_exception_barrier.cpp,7002,db27024b570da4dfafab15d370d72d09faf13abf61e249527f9fe2065519db4c,test,algorithms,no
lib/algorithms/photometry/cpp/test/test_p0_sip_order_guard.cpp,5821,522bddb93d417195a09243dd8c4a239a3e21057d44deafd62b396b0bb98dcf38,test,algorithms,no
lib/algorithms/photometry/cpp/test/test_photometric_calib.py,14490,45a58d7eceef083d303a31d19708ffc4919d23039ac97436d899b2af81f6039e,test,algorithms,no
lib/algorithms/photometry/cpp/test/test_spectrum_integrator.cpp,9355,a14628d925891eb66dd9cfb40b3158c7662b6269ecde4bca9d7dbe79b4ebacfd,test,algorithms,no
lib/algorithms/photometry/cpp/test/test_spectrum_integrator_golden.py,28410,43278ff124a56b7205f6f9915686215ff4cf650dd1c8b8919acd76897bdc4494,test,algorithms,no
lib/algorithms/photometry/cpp/test/test_spectrum_integrator_golden_results.json,54256,fa903a1a39cf450275301be73c56488e9a73908f5b04e31307d041378a091ffc,test,algorithms,no
lib/algorithms/photometry/data/response_curves/filters.json,183763,76e919a0fd3745db1daa423e227ce4b7e5e4cfe1c5800e195ff0fed340cc5dcc,aux,algorithms,no
lib/algorithms/photometry/data/response_curves/qe_curves.json,87338,938ebeda629d35bcf27da7c382970a7d424813f2ba90c1b6bddad969d627ee87,aux,algorithms,no
lib/algorithms/photometry/docs/algorithm.md,17114,1d7d887c2c801146b1666e645e4f754d69dc31f6d025f76f8f0c21728cd34911,doc,algorithms,no
lib/algorithms/photometry/docs/architecture.md,10486,fbcbee1d86995cd20ec7878b8f84db4b49f0e7123c7fbf0b3051ff10c888b0b1,doc,algorithms,no
lib/algorithms/photometry/include/astrocs/v6/psfsw.h,18356,8abfb455c776425b07380e3afc2401cbac5f1956f44952e673ef5ca2a2de4ed2,shipping_src,algorithms,yes
lib/algorithms/photometry/memory.md,32966,4c16e38dddbea8c2f37b53f4ed5ce57910abc88bb0bfd6dd9fc3d3fab3cf7e17,doc,algorithms,no
lib/algorithms/photometry/module.yaml,7461,0125a841141c1856e05e5c5c920f89c884a8ab2a4247005ea283b0972bc9f982,aux,algorithms,no
lib/algorithms/photometry/tests/p1phot/CMakeLists.txt,9517,10a7a81da572a26636384084093ff04b1370d710e31628d85cc26a814f41d4e7,test,algorithms,no
lib/algorithms/photometry/tests/p1phot/p1phot_field_stub.hpp,1895,a106792d596ea28b2cacd402542c352e4351aacd99bd125740bd06755b1311dd,test,algorithms,no
lib/algorithms/photometry/tests/p1phot/p1phot_fixgates.cpp,14005,9682aebc601bdc194341a70ecc699a64b6babc8781bc9c6000e0a63b3e9671e9,test,algorithms,no
lib/algorithms/photometry/tests/p1phot/p1phot_fixtures.hpp,11958,22d635816e884fd34f47197cd83373fec1902b218ab8d4acadd92bc0be92c1eb,test,algorithms,no
lib/algorithms/photometry/tests/p1phot/p1phot_gaia_stub.cpp,3478,53786c7f30705237199a2009fc74c953ec32db97df540a9f1a19337832254c8b,test,algorithms,no
lib/algorithms/photometry/tests/p1phot/p1phot_gaia_stub.hpp,2239,4593198329b29817f26212eedb074f39bb8d8086654805d16b830dabf5b7d66b,test,algorithms,no
lib/algorithms/photometry/tests/p1phot/p1phot_oracle.hpp,21482,9d37f0107055958f8d40cba8d12669bb6bb87d0bb8d089943ac0eb9b0724ad1b,test,algorithms,no
lib/algorithms/photometry/tests/p1phot/p1phot_test_main.hpp,7408,955859e7cd74b401673156dd664c8a9f13df537dcfba655023db12229b2f3828,test,algorithms,no
lib/algorithms/photometry/tests/p1phot/p1phot_tests_determinism.cpp,23267,6ed2ee0b5dd06a12e2349a0e7551f56676d60eb6261314e4340dfe0b165b4bdf,test,algorithms,no
lib/algorithms/photometry/tests/p1phot/p1phot_tests_main.cpp,1319,d6dba5c4657e04a2d5d4cee04d0ee97b6d994ccb91d193b36fc1ae18d195fdc1,test,algorithms,no
lib/algorithms/photometry/tests/p1phot/p1phot_tests_negative.cpp,19232,bef7f1d3c89e01299347840ca8f8b8fb2386cd21bb8ddd3a8d52086cd7be9a73,test,algorithms,no
lib/algorithms/photometry/tests/p1phot/p1phot_tests_oracle.cpp,16167,08278488a03983b62c49303749851c94f09e6de7e4358e51dd3c7df5239ee344,test,algorithms,no
lib/algorithms/photometry/tests/p1phot/p1phot_tests_perf.cpp,4410,e80ed30ef133a5245a6d661952ea7cd82fc66dcd924f3b19857b3eb1f9f1d032,test,algorithms,no
lib/algorithms/photometry/tests/p1phot/p1phot_tests_properties.cpp,16540,1d3349e5f45785ebd516a7967868c942bd6614da6bae9eb44a53b08227ae7450,test,algorithms,no
lib/algorithms/photometry/tests/p1phot/p1phot_tests_selfcheck.cpp,5543,312712308a586e4790c95e93835decae7168edbd7f12d4d1ff19a5ad2f51701c,test,algorithms,no
lib/algorithms/photometry/tests/p1phot/p1phot_tests_spatial.cpp,35589,aae3db20b90ebbfd99f4733236459849b9ca38d6936dee3251e89cb6d61db8cf,test,algorithms,no
lib/algorithms/photometry/tests/p1phot/p1phot_tests_units.cpp,34805,6a1756af96f3ac5fd2c4892bdff6106aa00aecd517de3af90ccfff4e8e35ed11,test,algorithms,no
lib/algorithms/photometry/tools/diag_gradient_report.py,9084,7c270b623c435a4ff82c9345a1a97202f1fa0aaf2d04306938dd85d3f926bf7d,tool,algorithms,no
lib/algorithms/photometry/wrapper_phase1/README.md,549,ce45448d35f70aa5244043d56d4bca2e4ffea110e2c055121479307fe57e402c,doc,algorithms,no
lib/algorithms/photometry/wrapper_phase1/photometer.cpp,4394,c6139673ed59e09dc55d1254f0fb8b5f202e579d66542544d7da55c759a329df,shipping_src,algorithms,yes
lib/algorithms/photometry/wrapper_phase1/photometer.h,1273,5ac057b2e8a43543afa5732c90ba09d1cc1d4e668747fd3377335e4d50916868,shipping_src,algorithms,yes
lib/algorithms/platesolve/.gitignore,541,36970d81c8009ebd98d2d7bb6bd9a1f2cbd587db7eda4879210557c5dee62ff2,aux,algorithms,no
lib/algorithms/platesolve/IPV_PIPELINE.md,13929,eb6407401825a8f01766ce69f3c8ab4226bff277d921a725bc44d959dfa7bbbb,doc,algorithms,no
lib/algorithms/platesolve/LICENSE,1064,a207a18bced393264b9ec18152ddb6bf84d3e7f327e6531826c1fe65e66e6b13,aux,algorithms,no
lib/algorithms/platesolve/README.md,10560,2c7bc69a7b06419a3b3204aec1797313e249af3cd170577f9e2602bf8863d719,doc,algorithms,no
lib/algorithms/platesolve/cpp/ipv/Makefile,1987,d1fdbf9857942624b6e39b1275038e6faae1cd46e2804e4ca931b415f1a2c1a7,aux,algorithms,no
lib/algorithms/platesolve/cpp/ipv/REPORT.md,54993,72f9c3495f9db31d75c28b1e9ec74454011b97b5a5d7671584de0a2dae656927,doc,algorithms,no
lib/algorithms/platesolve/cpp/ipv/SIRIL_COMPARISON.md,27015,bfb0fbeaec8da21156dae7b36f12313dea1f80b6213841fef984e0267b80b93d,doc,algorithms,no
lib/algorithms/platesolve/cpp/ipv/build.ps1,2818,8d4c672efbf65fad1cfb9b841077843fd911db5492444ecffeaa3f59890fa2c5,tool,algorithms,no
lib/algorithms/platesolve/cpp/ipv/include/ipv_angle.h,1956,c0fd2b7b7590e01b747c1a59f5c72b11c0e2467ec0a3882580e8bbdbf5fe66c1,shipping_src,algorithms,yes
lib/algorithms/platesolve/cpp/ipv/include/ipv_api.h,14850,cd58670a397fcc18868abd0e6a422d23746e905065b91d865e4e5f22c555c8dc,shipping_src,algorithms,yes
lib/algorithms/platesolve/cpp/ipv/include/ipv_distortion.h,2463,93a3dfe249a5df176d0f3c52702cd0c1ec1eeb136154732c357006e7f23e8ec3,shipping_src,algorithms,yes
lib/algorithms/platesolve/cpp/ipv/include/ipv_itertrans.h,6694,da500b14fdd1fbcb4024686082232a7334753528117a002c30dddbeb30406cd6,shipping_src,algorithms,yes
lib/algorithms/platesolve/cpp/ipv/include/ipv_kvector.h,2010,3a09c8948556c114e62ca5883847d50d80515b4c3dfb9dfaeaf130436f96c70b,shipping_src,algorithms,yes
lib/algorithms/platesolve/cpp/ipv/include/ipv_log.h,5840,66964e6bdce07a2ea6b11f4ec19390db6224e3814320af8e574d8c64988f444d,shipping_src,algorithms,yes
lib/algorithms/platesolve/cpp/ipv/include/ipv_polygon.h,6035,c7f99b7ec0d09295f2c6c07aa0cee2cda3ac8c606f23328df4cf8d47cf83e361,shipping_src,algorithms,yes
lib/algorithms/platesolve/cpp/ipv/include/ipv_ransac.h,3843,fe51ba97ee58b62f9e3786f4aea213e94863561de27ec889d7eb3ea31965fb85,shipping_src,algorithms,yes
lib/algorithms/platesolve/cpp/ipv/include/ipv_robust_refine.h,6391,b515db84f8201ea6fc0de21f3c2299543c123c0cdf91a348df8f07ba7c7e8501,shipping_src,algorithms,yes
lib/algorithms/platesolve/cpp/ipv/include/ipv_select.h,13722,14c36f34099140dda50c5c67d08d29838e7f1d4a5c69bd9644966054be76dcc2,shipping_src,algorithms,yes
lib/algorithms/platesolve/cpp/ipv/include/ipv_sip.h,1998,4331a3f2bdcb1d69c3acf25ed866ced38d40ca9c21a9a8f735fe73a4a29ba2e4,shipping_src,algorithms,yes
lib/algorithms/platesolve/cpp/ipv/include/ipv_solver.h,11694,f7d85f159059d09b987b8f8b25348eb5a1b54b3402d6918923c161fb1a195086,shipping_src,algorithms,yes
lib/algorithms/platesolve/cpp/ipv/include/ipv_triangle.h,4400,0b40fcfc6961b72e126af96495dffe4dce023df3a5d85800b74706b9792443d8,shipping_src,algorithms,yes
lib/algorithms/platesolve/cpp/ipv/include/ipv_types.h,14716,322547e5ee5a2b4051ac1cd386c0526c3aadb49f2199c0fc7aafc2db69d00885,shipping_src,algorithms,yes
lib/algorithms/platesolve/cpp/ipv/include/ipv_wcs.h,3895,d6a51bacb53348ca7f850a3867a2697ad0bdcc3ae758f7b8459c19395a7d0eb4,shipping_src,algorithms,yes
lib/algorithms/platesolve/cpp/ipv/make_clean_err.txt,178,61e678c5fa0ed29d50f9eed6425d267a3ef591204c6d63c3de48623ec3b9de5a,doc,algorithms,no
lib/algorithms/platesolve/cpp/ipv/make_clean_out.txt,0,e3b0c44298fc1c149afbf4c8996fb92427ae41e4649b934ca495991b7852b855,doc,algorithms,no
lib/algorithms/platesolve/cpp/ipv/siril_atpmatch_b64.txt,131,5824c969cd7363223bd53c5c000a6570da2582bad319ffd120befe72e22c97c8,doc,algorithms,no
lib/algorithms/platesolve/cpp/ipv/src/ipv_angle.cpp,7678,eea26c3c12ab427b5fa1a03d750145009d30ff1573e9d414898f659c07ea7a1f,shipping_src,algorithms,yes
lib/algorithms/platesolve/cpp/ipv/src/ipv_distortion.cpp,14183,65e0958b86c7fb2ed910401ebaa65a9fde0f3e2d4ed5439ae543799878cd0672,shipping_src,algorithms,yes
lib/algorithms/platesolve/cpp/ipv/src/ipv_entry.cpp,31839,1c5805e1e750fb60b9488ea69cc8a9ae5756a3182d877d42e5f3177eca3cd235,shipping_src,algorithms,yes
lib/algorithms/platesolve/cpp/ipv/src/ipv_itertrans.cpp,42113,88c5e0817f10e8e230477940aba491801321e6352f09048bb097e3754439f87e,shipping_src,algorithms,yes
lib/algorithms/platesolve/cpp/ipv/src/ipv_kvector.cpp,4185,143c1f40192820a577e779daa92a7ed2e843d6f8aace6cb9d134139ffa7d46c3,shipping_src,algorithms,yes
lib/algorithms/platesolve/cpp/ipv/src/ipv_log_sink.h,2580,91861492efa3d9d895cf6c4f1867b6f4307df838061b36d1729a75c750f6413f,shipping_src,algorithms,yes
lib/algorithms/platesolve/cpp/ipv/src/ipv_polygon.cpp,32522,450030c71b08d7d67f2bbba56e3a468a6c849883d82a707e2be0c0f7b38085c5,shipping_src,algorithms,yes
lib/algorithms/platesolve/cpp/ipv/src/ipv_ransac.cpp,62092,4fc53de932160ad243574a963b55185078c91526739b3ebcdab7e929a5f4af70,shipping_src,algorithms,yes
lib/algorithms/platesolve/cpp/ipv/src/ipv_robust_refine.cpp,43924,8aec1402d742721819fc5b1d6938b603f1c4db5790b1143215ca177fcd9aba05,shipping_src,algorithms,yes
lib/algorithms/platesolve/cpp/ipv/src/ipv_select.cpp,97708,284d80bd8388d93701f5bec2ae2c0fec8ad356a63400b84f5131c53b441c15ed,shipping_src,algorithms,yes
lib/algorithms/platesolve/cpp/ipv/src/ipv_sip.cpp,18640,d8704851a01698a704de08527b090349cdeb0857d0e7370eb9f5ef3c6a99c29c,shipping_src,algorithms,yes
lib/algorithms/platesolve/cpp/ipv/src/ipv_solver.cpp,81636,88e2c80c78b511146447338a1d4da7cde18d2d3130052da50125f27506247316,shipping_src,algorithms,yes
lib/algorithms/platesolve/cpp/ipv/src/ipv_triangle.cpp,29320,df47f37cc0ce3f5917cfe637dc42c53db4e97f19d7f714e7c8cebed50e807f81,shipping_src,algorithms,yes
lib/algorithms/platesolve/cpp/ipv/src/ipv_wcs.cpp,45037,b8cbf8c0f3baa5b9aade3d3a5d1cb2909fc7a008f4d1cb22bbecf597f8979b75,shipping_src,algorithms,yes
lib/algorithms/platesolve/cpp/ipv/test/CMakeLists.txt,11826,0bf9dc59aa9b8bb0fc2e53208a854db82fab563014f6c3b8a19cfa90516860e2,test,algorithms,no
lib/algorithms/platesolve/cpp/ipv/test/ipv_abi_layout_lock.py,8948,868940f3a58f0fb4e88491adc8936b5816cbe596b23686a69a40f1a9ddd9868e,test,algorithms,no
lib/algorithms/platesolve/cpp/ipv/test/ipv_abi_layout_probe.cpp,8072,fd4c85c17b5c58a874a73b0b082aa850d634f0da27b7d046b7d3ce9ebfb3e81a,test,algorithms,no
lib/algorithms/platesolve/cpp/ipv/test/ipv_dead_params_lock.py,16448,8d70143c0ff836fd33cc328d128e944d6718d76405f4c04db8c815c52de5909d,test,algorithms,no
lib/algorithms/platesolve/cpp/ipv/test/ipv_dead_params_manifest.json,42617,934159ae2184c7b77dba87f2d9218e1e8083ecd2411c5c66d787ce865ea4de90,test,algorithms,no
lib/algorithms/platesolve/cpp/ipv/test/ipv_dead_params_selfcheck.py,6391,e9cebd2ec6a108e97951acab37675793bd993ad373b8243f748f58b41f2685b4,test,algorithms,no
lib/algorithms/platesolve/cpp/ipv/test/ipv_params_abi_failclosed_test.cpp,5918,eab73e7e5765c13c819b1aeab78988f6f8bf942e68959d701d347796fd31ef40,test,algorithms,no
lib/algorithms/platesolve/cpp/ipv/test/test_error_utf8.cpp,12067,974ca8bfdf4e78b812d819b97df49ad3774c71f4baca91910bf843260af29aa2,test,algorithms,no
lib/algorithms/platesolve/cpp/ipv/test/test_extract_wcs_sip_failclosed.cpp,6661,43edb0cc7f8e7073a12a11fab77ae9e340c4d3f2f7ae54565b30da0c2ca4c514,test,algorithms,no
lib/algorithms/platesolve/cpp/ipv/test/test_kvector.cpp,13466,8c73c864c1fb4d79ca719436d70fae11750815b251a0adc81d76084ec5d9949d,test,algorithms,no
lib/algorithms/platesolve/cpp/ipv/test/test_last_inlier_reset.cpp,6675,49ea9ba3bc527f00a096d0da44b9ace17736598803959dbc91319e540b8832c5,test,algorithms,no
lib/algorithms/platesolve/cpp/ipv/test/test_mag_iter.cpp,17134,a5eda584d8c700eb9439528367a2fec44df15e8518b2367063f2753e73abdb68,test,algorithms,no
lib/algorithms/platesolve/cpp/ipv/test/test_mag_iter_delivery.cpp,4678,d772777c2d75e182aa73baca93275e5d11c1252241d88eec535bf4fba65186c1,test,algorithms,no
lib/algorithms/platesolve/cpp/ipv/test/test_select_domain.cpp,16967,b83b391f50bd7be23c6a8ec42cc767394f98ca1fcf77c6eb32954e523af84479,test,algorithms,no
lib/algorithms/platesolve/cpp/ipv/test/test_synthetic.cpp,12408,7a6ad7dccc6aa81c1fb5aafd14dc19ba38b2e5c1cc03cf2940fec763906f873f,test,algorithms,no
lib/algorithms/platesolve/cpp/ipv/test/test_triangle_budget.cpp,4378,de421165663ecf86461760a1dc37a03913ff877fe8a9a3141a2b22a011a79506,test,algorithms,no
lib/algorithms/platesolve/memory.md,7172,42b462f2ca72e5913e0075f51baf4595771dad438c3c49c21fd9860d028adc9f,doc,algorithms,no
lib/algorithms/platesolve/module.yaml,7404,79dbd68dea19769ddf3e4ff685446f2297b9ba2d211706866f71002b6eae4f12,aux,algorithms,no
lib/algorithms/platesolve/tools/diag_gaia_psf_projection.py,18548,2406b4c5325cd8f3230cd666cb12084c9498d4d1a3cb7d697ec9f0f47d4141db,tool,algorithms,no
lib/algorithms/platesolve/tools/diag_projection_plot.py,14138,2b164879e687a2a2e27315b31415b36ed417779e251996f093affca8242f22f6,tool,algorithms,no
lib/algorithms/platesolve/tools/ipv_abi_mirror.py,4635,1031cbe09a03edbcbf5c4422ce711f84e0753f224ba12eef37dffbf748dd84eb,tool,algorithms,no
lib/algorithms/platesolve/wrapper_phase1/README.md,465,d409d41bb55111c2407bfb26eaea3e74708e9f5b5c7586f586b0c7a8830da77c,doc,algorithms,no
lib/algorithms/platesolve/wrapper_phase1/wcs_tan.cpp,3031,6d49f7248e9d6f76e20115fd69048b8730195ff30b2647c059379d65b31443fc,shipping_src,algorithms,yes
lib/algorithms/platesolve/wrapper_phase1/wcs_tan.h,729,bec1b1712653a11946d3cb13f85fe190b95d78220454c24454d1e049f058ddd2,shipping_src,algorithms,yes
lib/algorithms/projection/CMakeLists.txt,1932,b91e5f69f8229b4a470619ffb01aabf86cf16b2bd31709708236d1de0c6eda65,doc,algorithms,no
lib/algorithms/projection/README.md,9161,56ce369b333548972f7a7ddc53859cad479385043ade8022e880b1658a921836,doc,algorithms,no
lib/algorithms/projection/memory.md,11742,d54f7f16daa4deeea84d66c577d99c02a6c5ff5c39ea2ee486e1211b87793ebc,doc,algorithms,no
lib/algorithms/projection/module.yaml,8325,ae1b3df43a834bb3201879794bbbbf7cc364368cb3a161f6c09955bfe7ee4175,aux,algorithms,no
lib/algorithms/projection/p3_proj_v6.cpp,34808,2743158f4f9894d35d2f975eed10f71da5dc08576dee5784ed01cc63879b686b,shipping_src,algorithms,yes
lib/algorithms/projection/p3_proj_v6.h,16076,2551d8e0075b095413cafe2065a96dbd501418c88ca3888d67f1d5a6259eefac,shipping_src,algorithms,yes
lib/algorithms/projection/p3_projection.cpp,20302,80092b8cc8bd17afa62d1c26896af9db972e97cee0a3725500003d250336b7dd,shipping_src,algorithms,yes
lib/algorithms/projection/p3_projection.h,6782,cf1190a63bc8cd4b74ed67bb6b204277bcec389d88c885399cb976788cb060b5,shipping_src,algorithms,yes
lib/algorithms/projection/p3_projection_registry.h,15055,0af1e7594342f44410cbb23680a5ec678cbb420cbb304885862b57536b8c95ea,shipping_src,algorithms,yes
lib/algorithms/projection/p3_wcs.cpp,30487,3f5fd7047c6afe655bda7c47d1a9598b4d5b419c64f9149b188081884869f7ba,shipping_src,algorithms,yes
lib/algorithms/projection/p3_wcs.h,22894,0edb65f23f5e32d9959fae80588521fcbfb862946d77c0c94252078c9a10f119,shipping_src,algorithms,yes
lib/algorithms/projection/tests/p3wcs/CMakeLists.txt,2111,bbd8b2087f64897104d0933bd61ba2272f287a814216dd40bbd937b202efbb74,test,algorithms,no
lib/algorithms/projection/tests/p3wcs/p3_projection_registry_test.cpp,36319,654599561f83c9ad595ad593902e9cb4318f061a54407c9b6fa39573c77f7f6e,test,algorithms,no
lib/algorithms/projection/tests/p3wcs/p3_projection_unsupported_cli.py,3924,578659b54d78b95194dfce7524a3a2e83e0e387860cf64aaf6cf887a00f0937e,test,algorithms,no
lib/algorithms/projection/tests/p3wcs/p3_wcs_main.cpp,2853,3ff6f3a8c8d8a883030bf081e72ff0ebb6fda5afee87ee5adeafeebfba0da18b,test,algorithms,no
lib/algorithms/projection/tests/p3wcs/p3_wcs_test.cpp,22560,307ca5bb26db4b1fece2aa0664c02f3052e2a1254a4205f76bf98b3f9c920635,test,algorithms,no
lib/algorithms/projection/tests/p3wcs/test_p3_wcs.py,9132,ced69b2ee7c76b6b6328903ee7a4f9a1e6e75c9cefe2d539427a208597e7d51e,test,algorithms,no
lib/algorithms/psf/.gitignore,43,35e45cb2e5e10d844ed2350b76d4e1ec716f8dc0e04434ca45b6acaf0e72bbf3,aux,algorithms,no
lib/algorithms/psf/Makefile,422,9e06fc72fbbefa7ef99af6df38261113d6eaab903bbe1bf326b361d5b5175c7a,aux,algorithms,no
lib/algorithms/psf/README.md,17994,f789cf4bb63713c3726c718df52702727c9c5d7c023a9a8164209737073f2c81,doc,algorithms,no
lib/algorithms/psf/include/astrocs/v6/psf_information.h,4334,96252ad6509fa7b1aaa48a9a64b9bea393016394a49d3f722ceae8f12e033c55,shipping_src,algorithms,yes
lib/algorithms/psf/include/dynamic_psf.h,8610,9434b2f10bf0c085568ef39ddd325052c6cb903ba139e6174e4f5e148f4e701a,shipping_src,algorithms,yes
lib/algorithms/psf/memory.md,3862,dba6d09d863c3bb076aef9168a8ca3dff85b6e967646818ee8a1be65d6f5eaa4,doc,algorithms,no
lib/algorithms/psf/module.yaml,9222,1dd7adb2d4647297ef169ae473c00f70eeeacd96a1c4eca8df574aab04f1d6b1,aux,algorithms,no
lib/algorithms/psf/src/dpsf_image.cpp,13701,2d4a0859b0a93d3e6dfcf89510f44228b02b3aaf68a712b3d5e430985ea4c3ff,shipping_src,algorithms,yes
lib/algorithms/psf/src/dpsf_image.h,1404,87cce34e6d40a8e5284fc5171b1ec68498e96fc41f910bdfd8e27184800c361e,shipping_src,algorithms,yes
lib/algorithms/psf/src/dpsf_log.cpp,2757,7233a1d6b5e35a39a9230b55f89ff46ab2132d411007171ad6d91cb3a574eca1,shipping_src,algorithms,yes
lib/algorithms/psf/src/dpsf_log.h,168,a2d281b205372b71c88691deb79d075f9dd8ba3366210ea832141b9b2cbc463f,shipping_src,algorithms,yes
lib/algorithms/psf/src/dpsf_psf.cpp,48870,1099495b13e5e22975e5fcce765b74819e10bca03164757ca4ceef140fed7b1c,shipping_src,algorithms,yes
lib/algorithms/psf/src/dpsf_psf.h,2189,e7ed8c00f636c53759a2f6c7ee40c8f14dabcae0cbe5fd6565a21a1012fdc42f,shipping_src,algorithms,yes
lib/algorithms/psf/src/psf_information.cpp,6142,36206cb56b820a034c8ade60616aa50152ef0623c3cae74ba93b916bf2024579,shipping_src,algorithms,yes
lib/algorithms/psf/test/test_dpsf_nan_sort.cpp,6156,cdf75ae8e9e59d56ed7544557f0a9d7a89afdfea5ca554fde569d1207a7cd898,test,algorithms,no
lib/algorithms/psf/tests/p1psf/CMakeLists.txt,10917,6e72eec7a9daaf9fca1bbb7e97fa259a45d99a12e02faf138ddb7338fd5cf6a3,test,algorithms,no
lib/algorithms/psf/tests/p1psf/p1psf_center_contract_astropy.py,4577,f5fa103dd6d6d987650268d9e58729a45e4aac62754ce1b3ea13d3abd2340fd6,test,algorithms,no
lib/algorithms/psf/tests/p1psf/p1psf_center_contract_gate.cpp,13753,d24636ee7144cca5e354a36308f5d0389c56266eb849d176d06484995fd6e78c,test,algorithms,no
lib/algorithms/psf/tests/p1psf/p1psf_centroid_gate.cpp,14544,9b91a46bf2a1ca53875e0cd1fc337f81e9b68a60c220e6c041c5126c23dbdcb4,test,algorithms,no
lib/algorithms/psf/tests/p1psf/p1psf_fixtures.hpp,9772,8c4498fde0b09bddad8290eb168371e3dd1eb2c6f24b544c81c4e9e6b84dadeb,test,algorithms,no
lib/algorithms/psf/tests/p1psf/p1psf_oracle.hpp,7705,b03e8bb14333edaec67bf1d71f372e3f1a1116f5ee70331bc3344c3caeee1870,test,algorithms,no
lib/algorithms/psf/tests/p1psf/p1psf_prodpath_check.cpp,6767,c2315f27aa672227a0c84f41de920a4d69f7328b9f59c2b72be56aedaf7649c6,test,algorithms,no
lib/algorithms/psf/tests/p1psf/p1psf_test_main.hpp,7815,c3994d1435cc53ae62c15bbac728ad2b1a94da050ba5909cc089afbcf47afc54,test,algorithms,no
lib/algorithms/psf/tests/p1psf/p1psf_tests_core.cpp,61012,a2cd5b227475b655f0dae41563d76e5c4bb85d8929e9dc986e6c19e078ec6400,test,algorithms,no
lib/algorithms/psf/tests/p1psf/p1psf_tests_main.cpp,648,4ad2f778cfba5b02059614ae06d03aced502e1a0bdccc9f2e0bbcd53e4af45bf,test,algorithms,no
lib/algorithms/psf/tests/p1psf/p1psf_tests_perf.cpp,4975,b76eadca75d37e201dbabdf34557f1902696a51bbe3efa3b41a87793ca1c7df7,test,algorithms,no
lib/algorithms/psf/tests/p1psf/p1psf_tests_selfcheck.cpp,3039,fb8a0d9f1589a72717b1fe5e45bd3e20a29019625215d988807b041187c49319,test,algorithms,no
lib/algorithms/rejection/CLASSIFY_V1_PROFILE.md,5382,e87ab7c84e864d4ac34dde550e71f912eb2090330edad1966a1f8ff0d3bb89a6,doc,algorithms,no
lib/algorithms/rejection/README.md,7492,8eec0c689d5ace6ae2fb5dec264b4dee605c0001423837ed6a4ff97ada0cb2aa,doc,algorithms,no
lib/algorithms/rejection/memory.md,8253,14d84220775ba2f871f8a9d76adaf5a0f1aaf653de31d1e5b456673ad1c04326,doc,algorithms,no
lib/algorithms/rejection/module.yaml,5116,533862419d904fc9936be31302c46b302e921ffb87cfbeda9491de730f529cf6,aux,algorithms,no
lib/algorithms/resample/CMakeLists.txt,2622,0fac5586d4ae38fd6498838f01a6e13090b68389ef4716bb83bf12f5e93544c5,doc,algorithms,no
lib/algorithms/resample/README.md,8475,12e2c7409114cf1e987d371ba7d23fa694ca748210f1ca656186db01892a287e,doc,algorithms,no
lib/algorithms/resample/V6_PHASE3_RSMP_IMPL.md,4470,a4af7ca426d9a284f6720d9952917d570d94a9624eeb6c972eae62618eec11c8,doc,algorithms,no
lib/algorithms/resample/memory.md,10038,f76ea46ce929e3a8cda8d30ebaa801ce49015a1d085c1331f69545cefdc8c66a,doc,algorithms,no
lib/algorithms/resample/module.yaml,8083,d540759cbf64aa6f3da5ec156335632558dd4295f261e7371e5fa8463324180a,aux,algorithms,no
lib/algorithms/resample/p3_resample.cpp,28766,5336c71e416d7522711d130a5cb09e360bd2a48cda68607aa2d035e32d6c0053,shipping_src,algorithms,yes
lib/algorithms/resample/p3_resample.h,12914,09636f2ea1902412e78e0c36bfd41b389c810bfdee7e07fc16bddcef24daf688,shipping_src,algorithms,yes
lib/algorithms/resample/p3_rsmp.h,20942,5d29ae99f682d38a84f69216367db104773328e2fa3638a06db14e975ea06848,shipping_src,algorithms,yes
lib/algorithms/resample/p3_rsmp_covariance.cpp,4697,a600c9952bdab75ad7fb4af002a843ab1006fd7b5f0aff0d73e8f9817e73b705,shipping_src,algorithms,yes
lib/algorithms/resample/p3_rsmp_failclosed.cpp,10772,1bb562cfb18b4c5005aec096bd5b29ef9b6f50e28e5a81b3c8cd0a39a19e7c8f,shipping_src,algorithms,yes
lib/algorithms/resample/p3_rsmp_kernel_registry.cpp,10360,70c5b0370e2913595b35bbbc8fda8d23b3ad99794e39212e54e7bc78577a4fc2,shipping_src,algorithms,yes
lib/algorithms/resample/p3_rsmp_operator.cpp,11556,60b95809ceb3bb74dedaff16741c8fe1de985b430f87b43e5394cadfafb8570e,shipping_src,algorithms,yes
lib/algorithms/resample/p3_rsmp_propagation.cpp,9571,64ca2bfba7ff0af8501785aadc789edce24a0fc10759a2c449c6be8e09f60453,shipping_src,algorithms,yes
lib/algorithms/resample/p3_rsmp_units.cpp,8493,85cb8cf596d9385298a3ad4edeaa0b26f053bcecb44370d4a8ea1c2a65ba01ff,shipping_src,algorithms,yes
lib/algorithms/resample/tests/p3rsmp/p3_nan_mask_test.cpp,22014,66bb92a5b2ba6e5ee1b72ee7a2a27fa64b8730d9a2d39b0dc6e39737c087715f,test,algorithms,no
lib/algorithms/resample/tests/p3rsmp/p3_resample_probe_main.cpp,3092,01e1b92bfe4a2a50f25c6a433f78da20167a56763ff16fdc0e7e0358c77b26ff,test,algorithms,no
lib/algorithms/sampling/README.md,7990,c3f8ec46155b72b85f704e0833c9aebb302c45bbb912b9773169a69ef67cb31d,doc,algorithms,no
lib/algorithms/sampling/memory.md,8569,aa1e71f7d429bd0cea77f99c0db31f92972318a60f51375a751e692d84401418,doc,algorithms,no
lib/algorithms/sampling/module.yaml,5669,d17bcf4abb7be0f00f2b833d9a4bd67874fee7491cc0e5247e04ee71cad89512,aux,algorithms,no
lib/algorithms/shared/.gitignore,117,ab42d40bcd9ac8da413f56acb4370af490f422cd578e79c8d9f4ad0bd2ec5c01,aux,algorithms,no
lib/algorithms/shared/Makefile,1666,8ad62676b13d54a8e23f10c9005809cd01524772fdc7257cafe6f427b16d7e98,aux,algorithms,no
lib/algorithms/shared/crypto/sha256.cpp,4681,e70c98c98666c8cea933c564c5d6cce8a8087e63ad87648ca1cbaef1fc34fefc,shipping_src,algorithms,yes
lib/algorithms/shared/crypto/sha256.h,1258,68e667ce93a2ff37c89b7912396d765e8f3cbdf243fee4786edbbd9d0fa03675,shipping_src,algorithms,yes
lib/algorithms/shared/dirent_win.h,1584,71268fe7c1216ed6ddc01d3fe318e0c0b0ba91a4a65be79606fb36fda8f4c69b,shipping_src,algorithms,yes
lib/algorithms/shared/healpix/THIRD_PARTY_NOTICE.md,1317,e15de21a190a404d564b39f94b4ea338d9223ae7a3ac35be3f7e93355d9a09b9,doc,algorithms,no
lib/algorithms/shared/healpix/healpix_core.cpp,20699,22cff5f734c34f518e1d47f6189edf6402238bdec796228060c71429b123e7a8,shipping_src,algorithms,yes
lib/algorithms/shared/healpix/healpix_core.h,5419,c6057af8959d67961ac7465e077d9db0942293338ba4b357865d311868f6933e,shipping_src,algorithms,yes
lib/algorithms/shared/healpix/tests/gen_spatial_fuzz.py,2543,faee8e0511a2910555b712ef74770a9f9b0f138d83049c960aa09796273483ae,test,algorithms,no
lib/algorithms/shared/healpix/tests/snr_hips_spatial_oracle.py,2832,97787a12c8b22072854fde2efb8f0a82a537f3e5c05d605cec313280b0bf9333,test,algorithms,no
lib/algorithms/shared/healpix/tests/test_healpix_neighbors.cpp,10853,3b0808e0d20fa46bfd05649c6c85735d1766517d4ab16479744f490ec3b38369,test,algorithms,no
lib/algorithms/shared/healpix/tests/test_healpix_oracle.cpp,4648,89a5630b42d5fa57765070988aa4330e501ead79344d30e768d856d8b51af670,test,algorithms,no
lib/algorithms/shared/healpix/tests/test_hips_tile_mapping.cpp,3855,3136617d33bf2649db4dd7d40799f082bdfc371628615036f456b6a7eb89478d,test,algorithms,no
lib/algorithms/shared/include/astro_scalar.h,6529,2f7bb62ac037ed12a051282991bddb495f64e2f1f1665d0c6a13b7d5b8b232a7,shipping_src,algorithms,yes
lib/algorithms/shared/include/precision_context.h,2667,70eeee37c08e4f22b5a4c23b3f9a4ba2c9838ba11d39685c5deebf862b4fa473,shipping_src,algorithms,yes
lib/algorithms/shared/tests/test_precision.cpp,6997,f69f2868f4b78eb68f250588a0f11d6e57d36617c2c6c946da42cb9e5604242a,test,algorithms,no
lib/algorithms/star_detection/.gitignore,244,fecc4c3bfa29e6474fd2a2dd5976c7c827e5ed36385a6e7444702d55c5e3fc55,aux,algorithms,no
lib/algorithms/star_detection/CHANGELOG.md,7584,07d92f8b71ee26ce1177ccfae9b9f79577c9034af792282379caf4c789721097,doc,algorithms,no
lib/algorithms/star_detection/Makefile,2222,210964bd7787f077f9413ea7dc10019efc371429aaf14540323a2de6cbda4978,aux,algorithms,no
lib/algorithms/star_detection/README.md,14146,913611c5f7bb9881c0391e6ddd027e35e38eb12a476558a40dd4765ee6ac4cab,doc,algorithms,no
lib/algorithms/star_detection/include/star_detector.h,5272,1172971291f2c7ad46eb736b1874b7c330d8b502f1d156626b91ca0039ca1311,shipping_src,algorithms,yes
lib/algorithms/star_detection/memory.md,7939,5a350788004c6f0f5798943af475eb26f639c66aae638e2128e9310a21af4a50,doc,algorithms,no
lib/algorithms/star_detection/module.yaml,9338,762266d71e4b89e1c7f8af92234832709bbf236d5a3b72cc03f87e7a142e27ea,aux,algorithms,no
lib/algorithms/star_detection/src/nls_lm.cpp,18316,ce839e3e8300085b68cc62594add394a4516b7637bdf3231a87475d6c4a50ca7,shipping_src,algorithms,yes
lib/algorithms/star_detection/src/nls_lm.h,6546,2b32d6a60a3da368b68bfe46a2655cf118ac123d7e92a9aeade4a7001bebb7be,shipping_src,algorithms,yes
lib/algorithms/star_detection/src/sdet_angle_guard.h,3372,53e644777fbc9e61ef8c7cc6129426058cc297fd56cdf340977bd876566c019e,shipping_src,algorithms,yes
lib/algorithms/star_detection/src/sdet_api.cpp,132118,8cb3f76f7031eeb87c8da57416dec98419b37e1f7c7d7968fa275e23138cd79c,shipping_src,algorithms,yes
lib/algorithms/star_detection/src/sdet_background.cpp,11692,51390cd7f1fdc6078cdea1c2e7011da06a1049edba53521297c1c8a5a55c1b35,shipping_src,algorithms,yes
lib/algorithms/star_detection/src/sdet_background.h,956,e7690891a0d31575361881d58ff2d12ed77d635a8884010bdeebd0332d812791,shipping_src,algorithms,yes
lib/algorithms/star_detection/src/sdet_detector.cpp,14758,1b986b68a46ebcf42251636677517e88f77c8eef51d80ded74e7be326cb9446c,shipping_src,algorithms,yes
lib/algorithms/star_detection/src/sdet_detector.h,1305,45ea1e50123cbfb3a16628368e9ed42cdc2c240c3dba1f4f1fba77b6237924f3,shipping_src,algorithms,yes
lib/algorithms/star_detection/src/sdet_image.cpp,38858,1c59fa015105b3be99d83f30c9c4248d1e0ff4526da0fd7125f9ec73c4ab64cf,shipping_src,algorithms,yes
lib/algorithms/star_detection/src/sdet_image.h,2565,ed9685c9314398ffada75cb7fc5b0842d6a57077dab71f77c7f75afcdd393028,shipping_src,algorithms,yes
lib/algorithms/star_detection/src/sdet_log.cpp,2494,e99d07751f554b394cf91bd77c255c5ad885b6df5db7afd951922d6dfb650825,shipping_src,algorithms,yes
lib/algorithms/star_detection/src/sdet_log.h,188,1697bf39252b451ec33bd514fb63b0212430d900f5327db496b9414b85eb0395,shipping_src,algorithms,yes
lib/algorithms/star_detection/test/sdet_angle_guard_test.cpp,4993,c6733ca591acc076423689cb0cfd79b716b001ed1a5bd482e746a7b79ad86ea2,test,algorithms,no
lib/algorithms/star_detection/test/sdet_fp64_test.cpp,4373,3e030c60e481b72946db26f3b47327ba5e4ff7e881fb4dc252eb8553a0cfbad7,test,algorithms,no
lib/algorithms/star_detection/test/sdet_saturation_cursor_test.cpp,8960,5a81f078abe9429100632ed9b0a65f402fca46ef34167fcf211fbf62cf1e6c58,test,algorithms,no
lib/algorithms/star_detection/tests/p1star/CMakeLists.txt,14972,d27e3fad84e9feec7b99bf6c8c4327e6ccf302892fb084e14d0d043228e1da2b,test,algorithms,no
lib/algorithms/star_detection/tests/p1star/p1star_fixtures.hpp,16583,e115202fb31506d8aa175d2285bcf37f1126d809710366e83335ef5942ab143a,test,algorithms,no
lib/algorithms/star_detection/tests/p1star/p1star_guided_test.cpp,14389,89184179767ea93b9e05b62716fe8d229fa20cc61c5440e1106aad415a2fc544,test,algorithms,no
lib/algorithms/star_detection/tests/p1star/p1star_mad_check.cpp,6263,07957665a60a58e205564849998500ede56974dd4bb48d5cab466d57c70c0f85,test,algorithms,no
lib/algorithms/star_detection/tests/p1star/p1star_nls_lm_test.cpp,17979,c277cf8075cf4476ee5050723249085c4f252187b97de0d426d95bcf63d7376a,test,algorithms,no
lib/algorithms/star_detection/tests/p1star/p1star_oracle.hpp,4275,f0d83ffab4c157155e8314f6db6b12bec7df6dd1b186955fe8c5879bbfdc39cb,test,algorithms,no
lib/algorithms/star_detection/tests/p1star/p1star_test_main.hpp,3467,c63575dd6ddcfb8acef2a85bed7d2dede547dd0f5ef984b133810402ee64626c,test,algorithms,no
lib/algorithms/star_detection/tests/p1star/p1star_tests_core.cpp,42899,945eca85b12772b14208aa07d3ec46ea61bd6f5a95c26544d132a0a6885fb04d,test,algorithms,no
lib/algorithms/star_detection/tests/p1star/p1star_tests_main.cpp,1592,3745d8133dd218de5ef294d495745f2efa00172768642d5d22ba27689046c330,test,algorithms,no
lib/algorithms/star_detection/tests/p1star/p1star_tests_perf.cpp,4585,a55bb077f1f7df5d694cdce50c0e4d9ba937b6264db0ba003c8ab66045d6738f,test,algorithms,no
lib/algorithms/star_detection/tests/p1star/p1star_tests_selfcheck.cpp,5310,5b0bcf52a1e9462335d7f0b24fac1dcf1f8c35f9d4b5d348a5b50066e989d787,test,algorithms,no
lib/algorithms/star_detection/tests/p1star/p1stardet_node_gate_test.cpp,27448,c4f1867c98fe41884135d53a51c25d86dc9c766cc0690be16872cf7e574635f1,test,algorithms,no
lib/algorithms/star_detection/tests/p1star/sdet_oom_interposer.c,3645,f86bfe090856a83f6f2de75419a0c866d9b2ae5d1143f08852262c31cd1f62b8,test,algorithms,no
lib/algorithms/star_detection/wrapper_phase1/README.md,2053,4eed0055d9e48b389fa51590312e81b98c42951311a85ee5a92148e4c559f339,doc,algorithms,no
lib/algorithms/star_detection/wrapper_phase1/star_detector.cpp,15842,8e13eae45dcafb7bc5124e8d3d35ddf1931ce9aad54040130ebc8383bcae8e9f,shipping_src,algorithms,yes
lib/algorithms/star_detection/wrapper_phase1/star_detector.h,1688,4c0b80a763077bf160da836fb1c9849dcd51c5ef5f57c6b9ae9c1df16e54138c,shipping_src,algorithms,yes
lib/algorithms/upm/README.md,12992,d96f6b27ff823c2dbb3d925cc08195d5e6eddfea844aaaacf6d873af8c8513fd,doc,algorithms,no
lib/algorithms/upm/memory.md,11356,894dc786b51ebfd944fe88131c317fd600c2922e1c9706b953b7b9045ff0a12d,doc,algorithms,no
lib/algorithms/upm/module.yaml,6774,bf92b734ad15149210c345a544fe20f1bf309dda7a6d9425a8e0fea513fbef59,aux,algorithms,no
lib/include/astrocs/abi/artifact_api_v1.h,6077,223d957b23e6d41dc46f472d1f993fb45b1f0ce6bd40650de5ee9eac5ebbbad5,shipping_src,include,yes
lib/include/astrocs/abi/host_api_v1.h,5030,47a29a97dc13e89c44cd9522a7275cfc19ce9c2c6d270c98bb700936aa9407cb,shipping_src,include,yes
lib/include/astrocs/abi/lifecycle_v1.h,19536,4294c4c58aa95587003a7229f3e40d30c30d48faadbf0d531a1a3f26a586608a,shipping_src,include,yes
lib/include/astrocs/abi/module_api_v1.h,7813,a6c6fdcdaedd0b202cb3ebd9a7453c288b38047d8d0d133791290e2b4283d238,shipping_src,include,yes
lib/include/astrocs/abi/status_codes.h,10206,a078f9f68e2fbe94cd26929b001b0be289441e8c549799398a94f86ed6d35d1b,shipping_src,include,yes
lib/include/astrocs/common_abi_v1.h,7495,486913f75bb4ae16221b8001d4244131641cc040578d4b8bc78032a1aefebb26,shipping_src,include,yes
lib/include/astrocs/contracts/artifact_abi_v1.h,5162,dc98f5bb689fca415691f0ff1e2875b243d30c4a41f66f8f5ebae679eb87cfe1,shipping_src,include,yes
lib/include/astrocs/core/artifact.h,3901,4cb3dd4e29fa271f4e40de25745583f0c473aaffa356288bea79c2ce71c8d53c,shipping_src,include,yes
lib/include/astrocs/core/artifact_store.h,4345,0312050940141f312b4747583c263d3b9054ae192095c132dee26c160ecf110e,shipping_src,include,yes
lib/include/astrocs/core/block_flow.h,5574,0eab64af2ec8208ec4e99c20dacec39f6254c8009505c1a3bdb1d891384edd34,shipping_src,include,yes
lib/include/astrocs/core/block_frame.h,7082,eed030a2e3c2957980cf10608eb5122a4bc02c6a45f779731667de619da5326a,shipping_src,include,yes
lib/include/astrocs/core/build_stamp.h,2007,a1925e3fb810218d7e9e8668ca93bfe01965b95d4239edc8c4780e45a8cb75e1,shipping_src,include,yes
lib/include/astrocs/core/canonical_hash.h,2164,edd5e3a2eb7d3cb7826608da100dd8270a450f94a9ed8307a76bc73c6c9eefd4,shipping_src,include,yes
lib/include/astrocs/core/checkpoint.h,3615,27c4d8298a346b54be2acf0c16c248fea14ed9f1e955e3c68c5e3fddcf249bde,shipping_src,include,yes
lib/include/astrocs/core/context.h,12046,1eca14cb1a4953a8a2f9ec327d8c30cd6cc7d50b78882cbc474a6002644eb078,shipping_src,include,yes
lib/include/astrocs/core/contracts.h,9334,69d2ac586c51054d4d6f6f29a35932394d4cf658372d8cec2038d0a95695ef42,shipping_src,include,yes
lib/include/astrocs/core/executor.h,7421,4f4f1dd5cf8e1f8f84c5b827f7d1bb91493c0e56c83997703158de469f012b7b,shipping_src,include,yes
lib/include/astrocs/core/export_stream.h,8282,af145bafd0dfccd643d76f71ddfff21acf2a3552433e5725aec41d3356cf427d,shipping_src,include,yes
lib/include/astrocs/core/logging.h,3005,e4ab9204f8501ba887ff5a6ad73e74cf6ceae41bf5bc4459222d8713684a555e,shipping_src,include,yes
lib/include/astrocs/core/master_unit_guard.h,9295,159293f244dedc5ba7def3223b82d06ca7b44c19f97471cd196f30208d427ef1,shipping_src,include,yes
lib/include/astrocs/core/memory_budget.h,4392,0ec368a5bb2f6dec6ebbf210c53c8624487bb1845fcbe5b0eb264c67a0cd0d96,shipping_src,include,yes
lib/include/astrocs/core/module.h,5227,3308d6afcc1cda83e50dc4cc6b55a4abe93edad725c4c82cd2561d11a8a6068f,shipping_src,include,yes
lib/include/astrocs/core/module_adapters.h,2233,4e90b56d32cb515c40983d8023fcd5f1d0fbc2974d613c6e3f7f5b7b470fb240,shipping_src,include,yes
lib/include/astrocs/core/mosaic_window.h,7517,bbfca3dccdb491fd8c20462aa2462d7cfa99e8e38624e52c362d0dda099261d0,shipping_src,include,yes
lib/include/astrocs/core/normalize_workflow.h,9738,b147970a664135b86321855649966ffb6d29ba82dc4d014294ac7c9b633b9b0f,shipping_src,include,yes
lib/include/astrocs/core/pipeline.h,2640,847a85e1f1b9c2d0e9916f364d8dfd2642d34f8166df5e8daa1e44e9b9a1e7f5,shipping_src,include,yes
lib/include/astrocs/core/plan_estimator.h,8913,c97a6bba4252fa5f3f85b86bfea065bb5a3dd42ad91494eb01a1c4e57c49a063,shipping_src,include,yes
lib/include/astrocs/core/runtime.h,6977,6ebbf50bef18ca538bd86f5007582b347584dcd81fce8d46c06a4fbf375533f9,shipping_src,include,yes
lib/include/astrocs/core/scheduler.h,5702,67c4817f6805dd3050efd4a897081d09f06424267022133ee19556725db0b0d0,shipping_src,include,yes
lib/include/astrocs/core/trace.h,4290,9c8f0e1993bcf71143f684686b6aded9654ad9db02888468f1095e0d5189165e,shipping_src,include,yes
lib/include/astrocs/core/variance_floor.h,7760,a5821b0be81a38418de74eb2124df154e7bdd62b315a1569a616e4f7fb98769b,shipping_src,include,yes
lib/include/astrocs/io/aio_abi_v1.h,8898,e28141ba88c9c8ab472ac324f7f9562b80ad86eb81c09d6488faf38ff9bfe179,shipping_src,include,yes
lib/include/astrocs/io/io_adapter.h,2792,cf264327ddab4dae31afaf073976362261ef44491dfad855552c3d0276084948,shipping_src,include,yes
lib/infrastructure/acr/.gitignore,150,0a7506dd2a71af712861bc37a348163c5512ec6dfed0aa637b4e2f87acfa65f9,aux,infrastructure,no
lib/infrastructure/acr/CMakeLists.txt,13131,a4514014c066c7959ac5d92ae0c221e72e272083233f8c970b1499827045d5f2,doc,infrastructure,no
lib/infrastructure/acr/README.md,5020,70894197c82472bb71174238b5899ee8ea1397edf0f6cef6cceef70e5459264a,doc,infrastructure,no
lib/infrastructure/acr/api/CMakeLists.txt,280,5d4f362234faf3a6ab1d2a107f1205bf38c66ebd61296a34896d345bf547a250,doc,infrastructure,no
lib/infrastructure/acr/api/event.cpp,2394,d24b8843d581a1f60825f1366b0038d76430145005d32b8b62a50801b7ad0fcd,shipping_src,infrastructure,yes
lib/infrastructure/acr/api/kernel_registry.cpp,3811,991370a3b5ec497b04a05ade3cd6de156dbb7b789887543015a93f14c36ffb01,shipping_src,infrastructure,yes
lib/infrastructure/acr/backends/classic/CMakeLists.txt,623,3707177c2b6863be44fb3799c3d86e02d715b0da7d0762df4c56cf04c103b403,doc,infrastructure,no
lib/infrastructure/acr/backends/classic/classic_kernels.cpp,9346,ba5a2936df963b71799c479125e10097a276bbbcbfdb6c35aa2b7e1afd705ec8,shipping_src,infrastructure,yes
lib/infrastructure/acr/backends/classic/classic_kernels.hpp,1166,7f57f21d3c885fac9bd4aeb1f8cc5afcc6ef8d86f958e7ecca76cbc67a2fe51a,shipping_src,infrastructure,yes
lib/infrastructure/acr/backends/cpu/CMakeLists.txt,643,b225794cb7bce0c66d586bec41fcc2312f5e21b65fa779d887fb1452f9aab318,doc,infrastructure,no
lib/infrastructure/acr/backends/cpu/isa/avx.cpp,1330,cc758c9b946cf104106ee9009e75d13aa8273da13145cffcefb41f779c36e3ea,shipping_src,infrastructure,yes
lib/infrastructure/acr/backends/cpu/isa/avx2.cpp,1529,9f5ec475e03daa2ac57b71e76a70e6f5f4e5773b7fc4648a1f94d5f293d9d171,shipping_src,infrastructure,yes
lib/infrastructure/acr/backends/cpu/isa/avx512.cpp,1842,e727dc536084bed2aab4b3f0f5b683490e56a5f7d7eafcc7de38b43d919207d9,shipping_src,infrastructure,yes
lib/infrastructure/acr/backends/cpu/isa/dispatch.cpp,743,aadc9110c2dbba214bafeadf1c38cd2cac7c6e5d3e796f8e10c1b12162762bd7,shipping_src,infrastructure,yes
lib/infrastructure/acr/backends/cpu/isa/isa_kernels.hpp,2045,b0a5b5355594f1aec59f30ea8e730b3b6706e3eca63d8927dba459a2c6011b68,shipping_src,infrastructure,yes
lib/infrastructure/acr/backends/cpu/isa/scalar.cpp,467,bab4792d4e168f31a052fb895f997e0ae5ac99d0b4f97bbd558d579025805a93,shipping_src,infrastructure,yes
lib/infrastructure/acr/backends/cpu/isa/sse.cpp,1458,b79fe40297ca0adde1469a00c7e6dc65b6248f19cb17a6be666e9e31e7b89f57,shipping_src,infrastructure,yes
lib/infrastructure/acr/backends/cuda/CMakeLists.txt,3218,107c36c402eabed73da56ca30225e68de2b7ea22e525f8d669868c12b5439354,doc,infrastructure,no
lib/infrastructure/acr/backends/cuda/bridge/acr_cuda_bridge.h,10358,b63031caa5e31366398aef94780d8399358f19087de4647bc9868fa4a9ac7c1b,shipping_src,infrastructure,yes
lib/infrastructure/acr/backends/cuda/bridge/acr_cuda_bridge_host.cpp,46005,792a803069a4558a70950640ef97e3498f7c4f7681d6cd5f1958ca9da375a165,shipping_src,infrastructure,yes
lib/infrastructure/acr/backends/cuda/bridge/acr_cuda_bridge_kernels.cu,14990,ad8919341138a5299a1b495c943d31254653b88e4f05f60671d7f5e7e65c26bb,shipping_src,infrastructure,yes
lib/infrastructure/acr/backends/cuda/bridge/cuda_bridge_api.hpp,5714,48357711384fe7afe5ebf5e9a5c1c89115226a62630d8346329dd2c8b29cc3d2,shipping_src,infrastructure,yes
lib/infrastructure/acr/backends/cuda/cuda_backend.cu,6791,641949386363c62e3bb95dcb41446a177c0ab4f290732496bcef4f252091f31b,shipping_src,infrastructure,yes
lib/infrastructure/acr/backends/cuda/cuda_backend.hpp,4603,91f4e57734901be4565f63cfb668c0794af6500f1c945b8a74897b58bfc9f472,shipping_src,infrastructure,yes
lib/infrastructure/acr/backends/cuda/cuda_bridge_loader.cpp,16584,b2db46af59ad9aea6aa8217616344323b2e93e6f7fa74c5da4f3a454f275cffe,shipping_src,infrastructure,yes
lib/infrastructure/acr/backends/cuda/cuda_buffer.cpp,622,8326195778642826d328b66a31ba9206620a0f57e9d4ca73f215fded5df90dad,shipping_src,infrastructure,yes
lib/infrastructure/acr/backends/cuda/cuda_buffer.hpp,5366,7da5b5d9dce758d7898781ac8a0e5d40ec3df0340b6021b3dae1c1dad4fe4a40,shipping_src,infrastructure,yes
lib/infrastructure/acr/backends/cuda/cuda_executor.cpp,6436,2cb17a6f5c2fd308395828997cf7c4d0f56be71ec7e479824f11a43118778713,shipping_src,infrastructure,yes
lib/infrastructure/acr/backends/cuda/cuda_executor.hpp,3168,9598a5bff2e2225f5664c5fb2f56910831abdbe07b0f22146d01319f3f8d811b,shipping_src,infrastructure,yes
lib/infrastructure/acr/ci/ACR_DORMANT_GUARD.md,2900,0ff45ceb19cab62a792c74754e224cf980079ad08d3da7ae27d731f65e520cf5,doc,infrastructure,no
lib/infrastructure/acr/ci/check_acr_dormant.py,14112,2f973e41898584dccfd5f902edc0298c44b195ea09810f453e70040eb2c8cfbb,tool,infrastructure,no
lib/infrastructure/acr/ci/path_guard.ps1,1883,03eaeb63b5ce1f3a29a08359a185e3979e71e04e933c62746f52de81b24cbe21,tool,infrastructure,no
lib/infrastructure/acr/ci/sha256_utf8.py,7222,027c3c63d9afc5462ca76168071ebcc6abc9be818509aa484e2f0873a8f54ce9,tool,infrastructure,no
lib/infrastructure/acr/core/CMakeLists.txt,814,f62424bbf1c596dc798d3aa9a3b9225657a1f204ff5c82240175a3c126164c71,doc,infrastructure,no
lib/infrastructure/acr/core/runtime.cpp,33628,5053e6817a937d83c47cac6023ca2fe014a40d0966d82cdea5b31978ba954d7b,shipping_src,infrastructure,yes
lib/infrastructure/acr/core/task_descriptor.cpp,1754,1443ce83309461f862bc96d7b4c65b783adeae9f66dbb7d93320939264a07150,shipping_src,infrastructure,yes
lib/infrastructure/acr/core/task_descriptor.hpp,5077,92d6f9a7e939562e03c383fe664e21219e7045b64762adab0714b3dfb329ad6f,shipping_src,infrastructure,yes
lib/infrastructure/acr/cost/CMakeLists.txt,634,f13c2958c5e763907ec4a1007f53d0c95bfb12bcc8ef6ee1dfc3ee86e43e49e7,doc,infrastructure,no
lib/infrastructure/acr/cost/cost_estimator.cpp,27529,f99782e990934ec6e745170b56755d13ae07a50be53caba68e5e1686cbea8111,shipping_src,infrastructure,yes
lib/infrastructure/acr/cost/cost_estimator.hpp,9340,b8cb4a4267b5932cf4fbdc357c74845391996e72ca38143e4bb40dabfb2a3ff8,shipping_src,infrastructure,yes
lib/infrastructure/acr/diagnostics/CMakeLists.txt,371,73a53aa72f4e3c1e2946637531b9dda4027d8d100e15e4cf9fc6d1cd0604f68f,doc,infrastructure,no
lib/infrastructure/acr/diagnostics/hardware_report.cpp,2535,e4da5a4acb7d1c9adf3b79753366b973c7aa3726dc12b2d9ba9cdfffb72a8d73,shipping_src,infrastructure,yes
lib/infrastructure/acr/docs/ADR-001-alpaka.md,4239,60b96c8e3c4691956debebdf3945c85b1449d0f0fe617724c87c203fd42782b4,doc,infrastructure,no
lib/infrastructure/acr/docs/ADR-002-oneTBB.md,4350,7df458de530ec759a856d90053d51109e3361d105611ec21449c17e69dddf8f1,doc,infrastructure,no
lib/infrastructure/acr/docs/ADR-003-hwloc.md,4028,900c53352c4142997e735adf8b9d331e1793ffd2ae1525dfce291066f77ca253,doc,infrastructure,no
lib/infrastructure/acr/docs/ADR-004-cpu_features.md,4460,877173df97324acfc8b3e0953650ff835936e81ae4eaa0d95da2edc383ecd905,doc,infrastructure,no
lib/infrastructure/acr/docs/ADR-005-google-benchmark.md,4778,bca6c4fdf8c9b7e8c785c6f35174836a5ad3ed86c37385ee73fdbda336e7e26f,doc,infrastructure,no
lib/infrastructure/acr/docs/ADR-006-googletest.md,3938,de4d9183708c7e8f3bf40073ed11d8c7976a44cdea030f17ee6d1ccf9c0d9866,doc,infrastructure,no
lib/infrastructure/acr/docs/ADR-007-starpu-optional.md,4740,d8de06ba03725a0e2861a3ccc43f69d131c18571345c06c771c2f922c387faf5,doc,infrastructure,no
lib/infrastructure/acr/docs/ADR-008-cmake-fetchcontent.md,5051,aa54620c978625cf724095f4041a4c0eba26753ddd1dbfb1b2df7326f5dee704,doc,infrastructure,no
lib/infrastructure/acr/docs/ADR-009-cpu-only-build-gate.md,5237,7067ee431c1d143de0e9897632ec81a2e0ac106e926d2e07350ed17d328ff9e1,doc,infrastructure,no
lib/infrastructure/acr/docs/ADR-010-delete-per-kernel-routing.md,3085,4d4d2bc2f4f466c76ad6881d817896dd0d4aaca0e15f6dfc67d959c8c13551d2,doc,infrastructure,no
lib/infrastructure/acr/docs/audit-report.md,3548,3cdac552aa23d33e4ca790ca627460b9a9972972dd27e020f3aa1b447f9eab15,doc,infrastructure,no
lib/infrastructure/acr/docs/dependency-lock.json,7258,1662ee1fd3b1f72365c5c61a405d99655e0f888ad41de031bd2718aca55d6d3b,aux,infrastructure,no
lib/infrastructure/acr/docs/forbidden-paths.md,2322,3fc92003a098d42fe5b834c6e6dd34985f3523e3aa05c4fcccd1577c01259fd7,doc,infrastructure,no
lib/infrastructure/acr/examples/CMakeLists.txt,710,a725de37bd3217afd23ead715e40cc49aa0ade7e1db002df3c6cae10bd565a44,example,infrastructure,no
lib/infrastructure/acr/examples/cuda_axpy.cu,3249,10bc6e18cb8451c432ecee5e8dcf86386b9b1d9cfb0be7a5cb2edc92d241626d,example,infrastructure,no
lib/infrastructure/acr/examples/legacy_chunk_adapter.cpp,2133,6a54e8802e76e19817e2aaacd966ff5bb955bcd5a54a6b5adec8eb3839b03e46,example,infrastructure,no
lib/infrastructure/acr/examples/minimal_parallel_for.cpp,2312,de694cc06daac134b6ae820db83ef237d5cb4a155117ef063d1579638a1aeb6c,example,infrastructure,no
lib/infrastructure/acr/examples/weighted_integration/CMakeLists.txt,1934,80dcec5aa7fc715b7b69186439981d5cfec497a58fdc979a7cc705922718ce35,example,infrastructure,no
lib/infrastructure/acr/examples/weighted_integration/route_profile_calibration.cpp,65648,532c8e009a6d9e8593fe31dd8bc409f5a26225a866f2064730c0d04781bfef46,example,infrastructure,no
lib/infrastructure/acr/examples/weighted_integration/route_profile_calibration.hpp,3448,5b57ef9076762cad90a42e3b3ceea41384d25aae6c2a27ac64521e4fc7a34b22,example,infrastructure,no
lib/infrastructure/acr/examples/weighted_integration/weighted_integration_benchmark.cpp,70480,01753e4cb855b1c8f960df73ce7d68defad5cd74e7f2bbff5052bfb5b726d9ab,example,infrastructure,no
lib/infrastructure/acr/examples/weighted_integration/weighted_integration_common.hpp,4891,13a6fe811628f7c5795bde2afec8a860ed5a195d4ee6d8cdcf11f74ba86e71bf,example,infrastructure,no
lib/infrastructure/acr/examples/weighted_integration/weighted_integration_kernels.cpp,6767,d936d45771e4aa923255a7df681bc89875533eab14f4879d74460470cc2b663b,example,infrastructure,no
lib/infrastructure/acr/examples/weighted_integration/weighted_integration_kernels.hpp,769,a0df0337561067dcb6622a7dd6b58f20ea23bb35136f27ca74358404eff09f14,example,infrastructure,no
lib/infrastructure/acr/include/astro/compute/acr.hpp,22395,c6eba5791eb7ad52ae6f2741a58a9f75796c9780477e37f20cb51ee1257921b1,shipping_src,infrastructure,yes
lib/infrastructure/acr/include/astro/compute/hardware_profile.hpp,16369,c6d2630231a5fa03277603e79cbcf9492c24a4c9c2c7f13ff5a077d92d6609e5,shipping_src,infrastructure,yes
lib/infrastructure/acr/include/astro/compute/kernel_registry.hpp,10742,2de2a2a732785bf93da24ad83e3f8e5256b79aaa60fb5adb7e04defca194a956,shipping_src,infrastructure,yes
lib/infrastructure/acr/include/astro/compute/runtime_internal.h,1796,3256c07fe866b8f8b6212c4cf0a08c545256233b3916476fcea9f21c03f9d377,shipping_src,infrastructure,yes
lib/infrastructure/acr/include/astro/compute/task_traits.hpp,9640,7171f10c07c52a3ef4f17b66d0e6e419771db4448d18f70024a27a2c8ca8d9c1,shipping_src,infrastructure,yes
lib/infrastructure/acr/include/astro/compute/topology.hpp,4274,94e6f86e37a7f6b308c6f2e48f7c87798de48ba158e665ca77446d0776c04b43,shipping_src,infrastructure,yes
lib/infrastructure/acr/memory.md,59211,b0b20d545b7f8160cad8db498df87d33d5d478e9084dcd5025d46719c45fe75b,doc,infrastructure,no
lib/infrastructure/acr/profile/CMakeLists.txt,740,d928ca34cb5ad0cadcc45ee19ae027d8646f4e02418df94006324518f9d813c0,doc,infrastructure,no
lib/infrastructure/acr/profile/profile_reader.cpp,23697,5b313057c2be8517c1a12c90c3715095e2c6c5cf07d856a7db5a75f9db6fcae6,shipping_src,infrastructure,yes
lib/infrastructure/acr/profile/profile_reader.hpp,3140,b9db7c4be5dcfd63858d4121db30660d0d2a711b1fc8e3475fc7871da2a6aa62,shipping_src,infrastructure,yes
lib/infrastructure/acr/qualification/CMakeLists.txt,5610,03d359000e2c1f98f1cdf1d34f6b3e5fad8fbc3e449faa0937d22c15bc45e366,qualification,infrastructure,no
lib/infrastructure/acr/qualification/benchmark_driver.cpp,33709,3967606922e4635c035e455a833f43028cfb6c8fcddca360f0f02651d09b54ee,qualification,infrastructure,no
lib/infrastructure/acr/qualification/benchmark_driver.hpp,5925,1a22653283a115ad2671a2ac29abbe0d2964eadf5c4c38f98cec8d334c610630,qualification,infrastructure,no
lib/infrastructure/acr/qualification/benchmarks/arithmetic_benchmark.cpp,24879,50743b9933194e73a19e7d2fbf9577d21455657501b09a6056ab530a978e25e6,qualification,infrastructure,no
lib/infrastructure/acr/qualification/benchmarks/atomic_benchmark.cpp,8734,a032d2d1dc57c5a9948a877305c1f786f27e051f40c776a0c46c7d52c400d99c,qualification,infrastructure,no
lib/infrastructure/acr/qualification/benchmarks/benchmark_common.hpp,12695,2e9f3f03039723c3f69b8bd8c80013d6b8d80a4d2cce8f870db4f10a6a9d0fa2,qualification,infrastructure,no
lib/infrastructure/acr/qualification/benchmarks/benchmark_main.cpp,3922,b4eae3c4859edf12899961eaa91ecc694b919433315512815aa0bbb88b09f049,qualification,infrastructure,no
lib/infrastructure/acr/qualification/benchmarks/branch_benchmark.cpp,7111,a1e866c71bca61420eda4d38b7f8dc42909595364c00317b87d7ac141e947fad,qualification,infrastructure,no
lib/infrastructure/acr/qualification/benchmarks/convolution_benchmark.cpp,5240,aa01fd38de06b2fb18cc5b24fc09918c177262c996d5a7c8c2cc2e8217881686,qualification,infrastructure,no
lib/infrastructure/acr/qualification/benchmarks/irregular_benchmark.cpp,6822,7f63fd1901d50a52f8be78353c886c5e7d7677d1619777d61c1eb0221a2be90e,qualification,infrastructure,no
lib/infrastructure/acr/qualification/benchmarks/numa_benchmark.cpp,12887,a7a9b12b974026a5c4b30b85a6377bba6bf68106ed77d63e16c22cc728d0c432,qualification,infrastructure,no
lib/infrastructure/acr/qualification/benchmarks/overhead_benchmark.cpp,5269,a4dfb808a1299296bee884e30eb3cae5142ff134a6d25c3379e42c895cf34785,qualification,infrastructure,no
lib/infrastructure/acr/qualification/benchmarks/reduction_benchmark.cpp,11539,3a891d20bf3de0c46939d5a01b6921a512c43ea751c2b9502ce242547e077517,qualification,infrastructure,no
lib/infrastructure/acr/qualification/benchmarks/stream_benchmark.cpp,19118,8e5f8f0e76a9fa2ad44953da264f16187b231487dae2ca8ad35fc7828d4c850c,qualification,infrastructure,no
lib/infrastructure/acr/qualification/benchmarks/thread_curve_benchmark.cpp,6033,fcef761cfaa789daec6009301af0e0e5660bba60d3d190b8084753f08a219d44,qualification,infrastructure,no
lib/infrastructure/acr/qualification/benchmarks/transfer_benchmark.cpp,7586,97cde34a0ee50ec8360677a19a25aaf0a3d17393aa11f2ae4fa4ab476bc2a42e,qualification,infrastructure,no
lib/infrastructure/acr/qualification/focused/acr_benchmark_focused_main.cpp,3863,f4250820cdbe0abf4039abfd6b2041083e42d3c46f0324412ef55c619a4db843,qualification,infrastructure,no
lib/infrastructure/acr/qualification/focused/focused_benchmark.cpp,29865,7f30a0e42f457ba4f17e1c1f4268266a5370e9240064d254221ab88c472711b4,qualification,infrastructure,no
lib/infrastructure/acr/qualification/focused/focused_benchmark.hpp,3138,921e84d354709964b1b631b93ee5acff5fc8ff3b15388d19c2d97d873ebe22c7,qualification,infrastructure,no
lib/infrastructure/acr/qualification/focused/focused_operations.cpp,26468,4f301378f44a0fabf431e6fd6bb77b0b7eedfe4996d3b2d54f35bb4616bddf7f,qualification,infrastructure,no
lib/infrastructure/acr/qualification/focused/focused_operations.hpp,5709,732a8163984643a589c35f65f0d8d8a8b5e027c82edc44b95500fb17a4043046,qualification,infrastructure,no
lib/infrastructure/acr/qualification/focused/operation_profile.cpp,13899,e724af43cbdfb3ff340213c80f0af763fb8ac3e0cfe04044b15bd69467872a24,qualification,infrastructure,no
lib/infrastructure/acr/qualification/focused/operation_profile.hpp,4181,bfc16e6e99ae419827ade79c78c09fd567032840ed92f32905edfebd28590098,qualification,infrastructure,no
lib/infrastructure/acr/qualification/profile_generator.cpp,28444,bc3d699a9b37309f4ba7df43785482b1eba1891a48d88ed1b013e6fe703c4dea,qualification,infrastructure,no
lib/infrastructure/acr/qualification/profile_generator.hpp,3329,2aecd192eff77e9bbebbe46433ca90435cfe6455c237ba7e9dd5cacb5b45e70a,qualification,infrastructure,no
lib/infrastructure/acr/qualification/profile_schema.hpp,5817,f11f9d18c993f6c9c702c9a23acb8b1382d5e3db92ae03fd453e69971a097612,qualification,infrastructure,no
lib/infrastructure/acr/routing/CMakeLists.txt,499,b36b38b815756b2d6f78f9bf627f44a8acc0876737ecdafb01df5f5457098158,doc,infrastructure,no
lib/infrastructure/acr/routing/benchmark_route_estimator.cpp,24656,360c35374e6ef68a7b053dc26ef5324b2a493433e11a418926c0fc2c2b25458f,shipping_src,infrastructure,yes
lib/infrastructure/acr/routing/benchmark_route_estimator.hpp,3953,672892df64befaa845bcd6977200c108098f03385d96c97557e27b7cbce5cffe,shipping_src,infrastructure,yes
lib/infrastructure/acr/routing/route_profile_v2.cpp,29817,c404e843a670d059652ac2656f6affa2a79808f3695d7fa07e3c07ebd848d71a,shipping_src,infrastructure,yes
lib/infrastructure/acr/routing/route_profile_v2.hpp,11195,8a5eb8ed9f2116fc2d14bbdc37a2203e93cf8de4479b1be53ad056ef24477e2e,shipping_src,infrastructure,yes
lib/infrastructure/acr/scheduler/CMakeLists.txt,1642,717833f439e16e8452ed38fa6c147be609abcca56cc875d33ccc70016eb824a0,doc,infrastructure,no
lib/infrastructure/acr/scheduler/current_state.cpp,5555,793699c7faa8dc967e4eedc7882ffe8432cb9a86d1026e840b036a0911f9c422,shipping_src,infrastructure,yes
lib/infrastructure/acr/scheduler/current_state.hpp,5180,aae8c5f4252b5f31ed6885a25bf468299d8900183e15b70694cff73d075932b8,shipping_src,infrastructure,yes
lib/infrastructure/acr/scheduler/device_executor.cpp,6251,c128a0308ef1f0130a74d3bb070db55707265bf9af2e893d849bd67b07580ad1,shipping_src,infrastructure,yes
lib/infrastructure/acr/scheduler/device_executor.hpp,8303,f3956185f7870c537be5ea544ca51226bc671df615ee3a22fbcea5284c9cd996,shipping_src,infrastructure,yes
lib/infrastructure/acr/scheduler/dispatcher.cpp,134575,6cad3dc44a366fc0fee6a4283eaac7b942a039ff3b07292b0ae4dc8131b009f8,shipping_src,infrastructure,yes
lib/infrastructure/acr/scheduler/dispatcher.hpp,15185,0d8caa440c3e2a65330155b66c10c887986a3d4452eddaf0e081e669d564b250,shipping_src,infrastructure,yes
lib/infrastructure/acr/scheduler/fallback.cpp,2557,2e0b5d7f34470ab9aa21601023d4b70067a7a3ffb8437342238df0ff251487b0,shipping_src,infrastructure,yes
lib/infrastructure/acr/scheduler/fallback.hpp,1990,a57d436eed766e71bc7fc12b6db1397766d512eb851c480ee9ff7108aca431b9,shipping_src,infrastructure,yes
lib/infrastructure/acr/scheduler/mixed_route_planner.cpp,6026,0058b65b621311ecd8954b79cd8f68b71551dc88feb9a990a34883550319f08b,shipping_src,infrastructure,yes
lib/infrastructure/acr/scheduler/mixed_route_planner.hpp,3188,5a2c4d964508610937da50870b9aee7ec4808e368333af6a5e1a8cc6b411aefa,shipping_src,infrastructure,yes
lib/infrastructure/acr/scheduler/mixed_runner.cpp,4070,602586623eef3482d410e278c48e18c4475dbb5b2136373a56afe93f72ab5aa2,shipping_src,infrastructure,yes
lib/infrastructure/acr/scheduler/mixed_runner.hpp,2479,a8c97c89d9f6c15012e640f3e7ceb56ae9de0454588e0c7bb606501e0d35480d,shipping_src,infrastructure,yes
lib/infrastructure/acr/scheduler/partitioner.cpp,4536,ae1bea9f5a60b947b54867c20b7e30e700d1ff19b61286bc7a74b12895dafa21,shipping_src,infrastructure,yes
lib/infrastructure/acr/scheduler/partitioner.hpp,2939,e58b1b46bd0f28e585aa7762ea27dcf500eb9ef121bf5884efc1d237f3ff0b54,shipping_src,infrastructure,yes
lib/infrastructure/acr/scheduler/queue_aware.cpp,2706,073e810da5056b95d474e2af24014fa96593dc7d7725b42535df97e6e4957f16,shipping_src,infrastructure,yes
lib/infrastructure/acr/scheduler/queue_aware.hpp,2229,5186e0a463e340e3a054300fc16df85743f6f43553826359c2604b5d716f61c4,shipping_src,infrastructure,yes
lib/infrastructure/acr/scheduler/reduction_merger.cpp,1920,49f4d06e589a22ec09345c9fccb13a6cbfc33381bfe6111ba6ad8651a8d4e884,shipping_src,infrastructure,yes
lib/infrastructure/acr/scheduler/reduction_merger.hpp,1507,e571e4c73e32e3d1c367bf4cda14eeebb7989a1c6545c79fadabbc52da97a4b3,shipping_src,infrastructure,yes
lib/infrastructure/acr/scheduler/residency_manager.cpp,8247,ecebfe885f4666200e19905e24ab10b2f5ba2cfcf399a6ed474cc4daec0fda6b,shipping_src,infrastructure,yes
lib/infrastructure/acr/scheduler/residency_manager.hpp,4881,ffdd4fbbbbe27a03d8e72154d9fe8ef65fde7b7511ba870d444b01070ae12ff1,shipping_src,infrastructure,yes
lib/infrastructure/acr/scheduler/shared_work_pool.cpp,17603,cea6a3081b7e9677c91fc41d260203199f7c78a5e012c4630bec8a0b372b1211,shipping_src,infrastructure,yes
lib/infrastructure/acr/scheduler/shared_work_pool.hpp,12067,a598f1d69d4b5ef8e601aff6304c599c266de73c6eea87ae6f33ca10b15d9621,shipping_src,infrastructure,yes
lib/infrastructure/acr/schemas/compute_config.example.yaml,838,5644e2ddb23fea4a5b8a7800dfaa2938826b0a1b27a1764b4ef7703c54601b94,aux,infrastructure,no
lib/infrastructure/acr/schemas/evidence_manifest.schema.json,2008,845229c69518b362fb0643f0eb19322711fc624a1484a3eb5930c8b6a68e3f24,aux,infrastructure,no
lib/infrastructure/acr/schemas/hardware_profile.example.json,6288,4d121dcc0d49c886b34ca57fd8f9a71d3084c42d6f65e2bad3c3a0ee863290b7,aux,infrastructure,no
lib/infrastructure/acr/schemas/hardware_profile.schema.json,5476,6180f3c531064d9b5e14475c9574137aa315b49ec6c4b8fa1d0e8fb6c52f22f4,aux,infrastructure,no
lib/infrastructure/acr/schemas/task_descriptor.schema.json,2756,b47401c47c67933e55d3c74931f255758374d6192c15aa73744b805063a27567,aux,infrastructure,no
lib/infrastructure/acr/tests/CMakeLists.txt,480,ce1de78bf073d8aac5d6ea5948f5cecf580e1c1b3c5912a45e8b2e4d982adc3e,test,infrastructure,no
lib/infrastructure/acr/tests/classic/CMakeLists.txt,2522,552cc738b6b5884ba0755aac950f11cd3d0a7f89d88e588693206bc34d8dc0fb,test,infrastructure,no
lib/infrastructure/acr/tests/classic/classic_common.hpp,10276,9a37d5ac9a1e198767ba3d2a699cfebc24d787eb5b28229aedc07f10bfe0012f,test,infrastructure,no
lib/infrastructure/acr/tests/classic/classic_main.cpp,3154,a457032015ab92bcd6f4d018e2572d91ce425f2fce83af6f5343020d88cb2968,test,infrastructure,no
lib/infrastructure/acr/tests/classic/cpu_partition_coverage.cpp,10315,e8664d29a3f86f06682255975c8487d6d2469d3d41385e5e8d16f0ba03b8ccae,test,infrastructure,no
lib/infrastructure/acr/tests/classic/e01_memory.cpp,6417,92c8ceec8b08ddda23572ed604c975d06cd340b46d521f4e2bc75396099cb48f,test,infrastructure,no
lib/infrastructure/acr/tests/classic/e02_axpy.cpp,6172,31a7589f971c46daedf14490ff26d09b080ad5d8c2aa124d846e57f5fb964e0e,test,infrastructure,no
lib/infrastructure/acr/tests/classic/e03_dot.cpp,8111,7019339245e81183b5ee9591ec3ef19294d1f6fc1e6848ccf98117c9e4d6dbd8,test,infrastructure,no
lib/infrastructure/acr/tests/classic/e04_transpose.cpp,12976,7bf17ca7a7549e533ab6dad2b34d652ac5360354d2bb16af232adf13c7ee1c9e,test,infrastructure,no
lib/infrastructure/acr/tests/classic/e05_convolution.cpp,21379,bb40b4ce9d6fa8ebefc75df6c91a55767d342b946bf1dfd0cca017fb45a24d34,test,infrastructure,no
lib/infrastructure/acr/tests/classic/e06_resample.cpp,16996,f99168478e895fb65c275a99fa7ed47fdb5a8086e581d939bce82696454020ea,test,infrastructure,no
lib/infrastructure/acr/tests/classic/e07_histogram.cpp,14415,d696ade941c8ec6c5769d7dbd3d3ab5cdf928a3dd1a70d18b2e58d80c8188952,test,infrastructure,no
lib/infrastructure/acr/tests/classic/e08_scan.cpp,13289,7a85ad1cdceff93330fd604a8674c95779f3ec84d5b956349441cd3b5a1e69d3,test,infrastructure,no
lib/infrastructure/acr/tests/classic/e09_gather_scatter.cpp,14731,74efe21034c409a317f0ded60e01ca74df336a9356584c24a57b441efe76662d,test,infrastructure,no
lib/infrastructure/acr/tests/classic/e10_mandelbrot.cpp,9590,1cd7e5e058a9f4ac116cddf503f37b1be6c73e081922e395c25aa8230d284143,test,infrastructure,no
lib/infrastructure/acr/tests/classic/e11_gemm.cpp,11163,ad64b017a766563e24130ef87b6dedb42845e77e1199322ee197532d087c6143,test,infrastructure,no
lib/infrastructure/acr/tests/classic/e12_fft.cpp,14098,5d5397a1dd25a03a41596cab412135f66fbb88b0d02d03b9fa282e8d1428d863,test,infrastructure,no
lib/infrastructure/acr/tests/classic/e15_failure.cpp,6514,85b8aae59a87e5cfc1b71b1396c961c58f8026877e926aa1ca83285b97b40476,test,infrastructure,no
lib/infrastructure/acr/tests/classic/e16_concurrency.cpp,13722,3a1613aec5b9a979bfa29669858334dca0e61cf6cbabb87954aa3bcf71d2f263,test,infrastructure,no
lib/infrastructure/acr/tests/classic/e17_model_fit.cpp,14138,cd44b27225463d3de386f011424398c49adbe93528f8050da38db91d6866fd86,test,infrastructure,no
lib/infrastructure/acr/tests/classic/e18_workpool.cpp,11749,e4ea1f0437c086f0675bd029da4edb6158a87e1c52722268f45b509abd118bd2,test,infrastructure,no
lib/infrastructure/acr/tests/classic/e20_fault_fallback.cpp,7787,905304bc31f8240435b1f655fe79544c5ce6007e1ca2adc8a391d215b4d9d3c8,test,infrastructure,no
lib/infrastructure/acr/tests/classic/e21_persistence_concurrency.cpp,11228,042820e6cdb4db4c9629699262c48dfae24c743b445975a24717c6a76e9e4d5b,test,infrastructure,no
lib/infrastructure/acr/tests/fault/CMakeLists.txt,3338,767190d2f00a2a8c7a70a7e66eb85268bc38fd991c9e72e7ff2f4b12dec0f22c,test,infrastructure,no
lib/infrastructure/acr/tests/fault/exit_safe.hpp,799,a4aacdb02456779df3be7f7919322394c618b1d771b166acfb63c5713b26bfc2,test,infrastructure,no
lib/infrastructure/acr/tests/fault/fault_injection.cpp,4184,deb4174e8c517cf862e1961a0963dc7abdc75d4eb9952cc072709e65f1982798,test,infrastructure,no
lib/infrastructure/acr/tests/fault/lifecycle_smoke.cpp,8207,fbc43e5cd336fc980cec1aed938ce883f060e5bcce49916d51a57b8498667005,test,infrastructure,no
lib/infrastructure/acr/tests/fault/persistence.cpp,6637,0be13de284bd8135f564ec601e25f7fad3cf865769fdd980242b5eec0bdd071d,test,infrastructure,no
lib/infrastructure/acr/tests/fault/sanitizer_actual.cpp,6607,e01ca76ef712e68466607a3ab7b3c5a3eb595999ab35fd395b9d45121d4a6ec0,test,infrastructure,no
lib/infrastructure/acr/tests/integration/CMakeLists.txt,957,ede02426dfed5aaeaf58b8784102a3abc1decf31b0fe59b5acb4cac4de37f5d8,test,infrastructure,no
lib/infrastructure/acr/tests/integration/test_weighted_integration.cpp,18028,9d64ea52d08a9cf0832d879a7241dc6d74090c6f6ca6045a58c564a03d1f9944,test,infrastructure,no
lib/infrastructure/acr/tests/sanitizer/CMakeLists.txt,2155,a47a335a05d4974ded03c81f05efce121430c136a5db74216f41b2210062406c,test,infrastructure,no
lib/infrastructure/acr/tests/sanitizer/msvc_asan_main.cpp,8550,229c7ce35f668563d621ad347a049cf72b02250d7fe127aef48b6b75b9ce9784,test,infrastructure,no
lib/infrastructure/acr/tests/sanitizer/run_acr_sanitizers.ps1,8674,580574f53281ea43be8d260253c1b7381ac0e4adc72a79bdbba50feb9ffdeca8,test,infrastructure,no
lib/infrastructure/acr/tests/unit/CMakeLists.txt,13110,ece402561cae05ba3d549e271b92b55587a8e0d4a3f6f9e66cf34f3b2d048de8,test,infrastructure,no
lib/infrastructure/acr/tests/unit/test_api.cpp,12828,e4a7d2f14b90bf0ccbd9e8aa502886c2fbea9e038e81789ead4fb60bd7a99910,test,infrastructure,no
lib/infrastructure/acr/tests/unit/test_api_traits.cpp,12780,18277d84ee7731f68fd1f7ba1a02a4a20ce6ed8223ec3d6b357d5f109e2d674b,test,infrastructure,no
lib/infrastructure/acr/tests/unit/test_buffer.cpp,5554,1ab97307e8f853b21641034064b749a3056e86ed2432f56f5d37fec5cd6370c1,test,infrastructure,no
lib/infrastructure/acr/tests/unit/test_cost.cpp,12890,ed80d03ec35625aa50f3eeba03c00c92ce58358bb4b93cccc1ea5f8c8cbf9b6a,test,infrastructure,no
lib/infrastructure/acr/tests/unit/test_cpu_profile.cpp,13702,0c1e96a8367834a9282b748e9ffe95a5211f88af81427577d8a5831ee098e387,test,infrastructure,no
lib/infrastructure/acr/tests/unit/test_cuda.cpp,20599,ea9335332799f41f5aace1478854ff4cdc34eaaf21ce3d4e623ed272e1561424,test,infrastructure,no
lib/infrastructure/acr/tests/unit/test_cuda_bridge.cpp,10942,3139091a2cebdcff1f155797757857ca6e5dc7362f4719b12512ae01dea16bfd,test,infrastructure,no
lib/infrastructure/acr/tests/unit/test_cuda_bridge_chunk.cpp,6779,1502b2b354e2e26234dc306f9994bccf7af7302e5ea09c5465e299daf6bbeefc,test,infrastructure,no
lib/infrastructure/acr/tests/unit/test_device_executor.cpp,7046,e9706e8a54bae4e0651f4d56de39360f19688734d0a9b8887d83452af1cfd832,test,infrastructure,no
lib/infrastructure/acr/tests/unit/test_dispatcher_bdr.cpp,33840,ded2a267624cb91c4d6a867735c9f31166a1bf39815cab3e5796cc03626e0092,test,infrastructure,no
lib/infrastructure/acr/tests/unit/test_focused_mixed.cpp,20089,a376ffe74f380500ae7a1458c806c03d8f0580cb2df40e04a1d2bd7918b6de87,test,infrastructure,no
lib/infrastructure/acr/tests/unit/test_focused_operation.cpp,11192,730101f52c54e24ca6847c1522cee6ea2b6ac279f60f52724fd401d75af33b93,test,infrastructure,no
lib/infrastructure/acr/tests/unit/test_hardware_profile.cpp,11503,d0ebf419f226c40f24e9f6625546cb0ac7efb55d70dc2f2e2d7e9d4179b72494,test,infrastructure,no
lib/infrastructure/acr/tests/unit/test_invocation_dispatch.cpp,22682,7a9d3fbde55e88d2b8e483b2378503848473748acd5cd40fc0ecb37e20c5b01c,test,infrastructure,no
lib/infrastructure/acr/tests/unit/test_kernel_registry.cpp,10680,48a8d03e432daf4085ac875e988a5d06988da0395eeb9c154accda0529eff5ae,test,infrastructure,no
lib/infrastructure/acr/tests/unit/test_mixed_route.cpp,11978,540328c703e14786d288e7a144008d3e96745acc74d81ab96534f2acece227e0,test,infrastructure,no
lib/infrastructure/acr/tests/unit/test_profile_holdout.cpp,10005,1560dfc4e6631d5ec8396442cb8b5f091b9d6361b3a3e0e0e8e7f36807b9e752,test,infrastructure,no
lib/infrastructure/acr/tests/unit/test_qualification.cpp,6128,b8c078cd17156c072ed577b2f614507d6529ea070d7ef7ac4dda11f4fd9bfd0f,test,infrastructure,no
lib/infrastructure/acr/tests/unit/test_residency.cpp,8251,24c7696e038fe10eb4fccf6559da2ac359a25ab9bcc170977c8b866c692632ca,test,infrastructure,no
lib/infrastructure/acr/tests/unit/test_resource_control.cpp,9908,b565b94e138fa5465bb884547a55fd2b3c4047c34b9cb9ff021e7ac2712164d6,test,infrastructure,no
lib/infrastructure/acr/tests/unit/test_route_calibration.cpp,6021,575a04dbd01c0111f4dfdb381a4986518140e3947abbcb93f480b4ecd3b90080,test,infrastructure,no
lib/infrastructure/acr/tests/unit/test_route_estimator.cpp,15035,4e8704c643e10839558a446f615ee3234c4f0879097c5142e2b7f6a9365596fc,test,infrastructure,no
lib/infrastructure/acr/tests/unit/test_scheduler.cpp,54098,d82cc199f5b19d382af547fd344aa9f1cfdaa12b562741115485e668dd9fbd28,test,infrastructure,no
lib/infrastructure/acr/tests/unit/test_task_descriptor.cpp,6401,7adc4452bfdc1d4afa86ebbd34ffea483374959afbeda74c9bc67f06fa3c0e30,test,infrastructure,no
lib/infrastructure/acr/tests/unit/test_topology.cpp,8780,23ccc25bdd2fd071697eb3919a4b9aab57cd27820cc78b8c6da042509b5cf4f5,test,infrastructure,no
lib/infrastructure/acr/tests/unit/test_utilization.cpp,13574,8378f37026cddfc90e0fe00e0029fabb3f2286a0f617d49ca909dd207e35c99d,test,infrastructure,no
lib/infrastructure/acr/tests/unit/test_work_pool.cpp,10850,dbb9a669f881b130592acd045b11ee558e8716ac20bce6dd99550b16870207dc,test,infrastructure,no
lib/infrastructure/acr/tools/acr_benchmark/CMakeLists.txt,492,1375aaf583ae5f46472c8ce5878543a06cbf0fe2f195425f22904901045b9159,doc,infrastructure,no
lib/infrastructure/acr/tools/acr_benchmark/main.cpp,4374,4a502815480edf1c6932997a2d6300c35de607a8078accb0a6cfd7fd0655bd50,shipping_src,infrastructure,yes
lib/infrastructure/acr/tools/acr_classic_runner/CMakeLists.txt,819,4976b69079fa045add8c22b023127deac76252ceb98802cc39f0eac1cb480082,doc,infrastructure,no
lib/infrastructure/acr/tools/acr_classic_runner/main.cpp,11550,2c38e57f9b62bae6855d17b69cbf9bafe9944961fa87eb8bcd98f68755feb0da,shipping_src,infrastructure,yes
lib/infrastructure/acr/tools/acr_report/CMakeLists.txt,377,f2e149951dee2291d1506aece8a3d97f3508248aff37cfe9dcc0e527000c239e,doc,infrastructure,no
lib/infrastructure/acr/tools/acr_report/main.cpp,2837,b5a5e2ca23660a0417eee82bef7235c96551aa91765a9da36a00b999ed893262,shipping_src,infrastructure,yes
lib/infrastructure/acr/tools/acr_status/CMakeLists.txt,412,0ab560055e81609778b158faedce5d3119589aecf7b72e157d0a99fe06a0beaf,doc,infrastructure,no
lib/infrastructure/acr/tools/acr_status/main.cpp,2278,75d422f521a727c109543090a318ae84d3208bb47ef8296adb091aa8b66e0f23,shipping_src,infrastructure,yes
lib/infrastructure/acr/topology/CMakeLists.txt,1453,181464a6d5c66a1279aec59d9d2584dfe54500c654df8be50de267fcf4911f69,doc,infrastructure,no
lib/infrastructure/acr/topology/cpu_features.cpp,5775,2d692a520c9b567d42cb06ffc5f553658e66d821a290c0b333ee7e89449d851c,shipping_src,infrastructure,yes
lib/infrastructure/acr/topology/hwloc_topo.cpp,8097,a5c608560d83415a85b2700a4be3b8cdbbc5dce9cf6022ab9b9695c20e582af7,shipping_src,infrastructure,yes
lib/infrastructure/acr/utilization/CMakeLists.txt,2027,6c79c52ba41b3b2c6b1af88e647ddaaab38e822e8f9ee202456c097ec59c28f9,doc,infrastructure,no
lib/infrastructure/acr/utilization/actual_tracker.cpp,10299,84204b9c3620b115868ac49527d6de7753f7831cf92338c936205104137fec17,shipping_src,infrastructure,yes
lib/infrastructure/acr/utilization/actual_tracker.hpp,3563,2a85dd353a77a3719820e455212ab9ce4ec3d5b16bffe3ae5e89dbedeafed358,shipping_src,infrastructure,yes
lib/infrastructure/acr/utilization/config_hot_read.cpp,6707,501c99778cf8493959868f98b8e06ba30131a483f71a9fc94a0ff35eb08a6856,shipping_src,infrastructure,yes
lib/infrastructure/acr/utilization/config_hot_read.hpp,3549,cd0c43812611c224e22de6afb4a35ff20a3c23f2139378e496ead4e87c4e8e36,shipping_src,infrastructure,yes
lib/infrastructure/acr/utilization/memory_budget.cpp,8926,2cc76cf060fdba570946fc193aac987ec0e6ab0a49173230fd7180c0a03afa5d,shipping_src,infrastructure,yes
lib/infrastructure/acr/utilization/memory_budget.hpp,4846,6d56bc4de697f35281d1db8cd4b540e66052f9fc8cc9eda6c1e29becf45f000d,shipping_src,infrastructure,yes
lib/infrastructure/acr/utilization/staging_ledger.cpp,1665,0cb00f7e768045833af7879aabcd840ece2b2092c3cbf9d7896e69933d18104f,shipping_src,infrastructure,yes
lib/infrastructure/acr/utilization/staging_ledger.hpp,1339,3fd77284bea8ba49da9bb26dd08279b165ca2d8763c0033c7b631db3b560a766,shipping_src,infrastructure,yes
lib/infrastructure/acr/utilization/system_metrics.cpp,19387,a363b241e04d0fbbc4e4e11d60df639efb5cf9df391a234162d89c1a31531ff8,shipping_src,infrastructure,yes
lib/infrastructure/acr/utilization/system_metrics.hpp,4372,6ee7d570cae1db50637980c35a4027a629dcdce799edea2dc9e97dedf24ec3fe,shipping_src,infrastructure,yes
lib/infrastructure/aio/.gitignore,99,be1fc8c5c4148abc647f12902cdfb7846932fcfa2b7549d20051686ed73106ce,aux,infrastructure,no
lib/infrastructure/aio/Makefile,4269,c8ec7694678ccab9f4e7f996756b0d5cd9082f4eac65149615fb92c79450994a,aux,infrastructure,no
lib/infrastructure/aio/README.md,10894,57759c289702c8da21431637c2589ee965da0afc0e1a18d7387469266f1a12f7,doc,infrastructure,no
lib/infrastructure/aio/aio_build_config.full.json,280,2720d0b55b9bb9e14c2b1f67859381ed97180b416ad5f22d5c2772d606414b70,aux,infrastructure,no
lib/infrastructure/aio/aio_build_config.healpix.json,298,274a5ebd990001fb1596e6f55f61ed6aa272cfeafe1bda4992d90635fe6aa21b,aux,infrastructure,no
lib/infrastructure/aio/aio_build_config.json,286,859da9fada0b64a0aa92407d794b31f4a5d986de775320c841ee652fd646509e,aux,infrastructure,no
lib/infrastructure/aio/aio_build_config.minimal.json,292,b1dbf8b530669ab6846039b9feb76fe9cebac0d9ad679532b8640e4328a053d8,aux,infrastructure,no
lib/infrastructure/aio/build.ps1,8447,4700acc525cc902f265a527d2450e968268c113a666f31a09655f5429673237b,tool,infrastructure,no
lib/infrastructure/aio/docs/HEALPIX_FORMAT_SPEC.md,17285,b1e3a347859f60521e13c2a542195f5fa2e106b8edaf2c93d5eab6eacc66e49f,doc,infrastructure,no
lib/infrastructure/aio/healpix_db/.gitignore,298,22bb6594de54927487d1ee617991767fd7e2e26c363982f368841a15191f0214,aux,infrastructure,no
lib/infrastructure/aio/healpix_db/README.md,4910,1a75ba221b91b23732d9db5662baf7e4c2f2e0e3553699fcdfbe1e8ab9995d1d,doc,infrastructure,no
lib/infrastructure/aio/healpix_db/archive/legacy/healpix_stack/.gitignore,112,cf848af276e0f0b6aa561ac641041f3fb2bd7c36d59e782acb3b97f6b6b62f35,excluded,lib,no
lib/infrastructure/aio/healpix_db/archive/legacy/healpix_stack/Makefile,2149,44c47dcb022d739856fe07515323d3f86091f94fafa27dd262e2c17093b7a90e,excluded,lib,no
lib/infrastructure/aio/healpix_db/archive/legacy/healpix_stack/README.md,2652,c5682acca39ebc6affc3b95e9e56d8b932d1937009492bd90aac658aa3fb9d9b,excluded,lib,no
lib/infrastructure/aio/healpix_db/archive/legacy/healpix_stack/ahps_format.h,2373,75c3650e83c78de7a9db267c93b76ca4ee063e059766a737f38c8c8f90ec9132,excluded,lib,no
lib/infrastructure/aio/healpix_db/archive/legacy/healpix_stack/ahps_reader.cpp,16806,9d326516340c0691a1f2bc7939c87f6ed4f22b3665bbe9a25f5a428ef782a088,excluded,lib,no
lib/infrastructure/aio/healpix_db/archive/legacy/healpix_stack/ahps_reader.h,2443,21183f9713e9f7c08869cc398f025e36633c728f1a1583737c371941f5b069d8,excluded,lib,no
lib/infrastructure/aio/healpix_db/archive/legacy/healpix_stack/ahps_writer.cpp,16057,90d95dc8bf7f444ff3ad45733f0ef8a6c6b50e963b40186b22b006932359ab84,excluded,lib,no
lib/infrastructure/aio/healpix_db/archive/legacy/healpix_stack/ahps_writer.h,2534,50aa0e19e48f96b86f6dba6f270978cbe77f1af21a52b4eb4bc37d9336eaf66e,excluded,lib,no
lib/infrastructure/aio/healpix_db/archive/legacy/healpix_stack/build.ps1,5426,cfd400e01e12673ac5832b7530f935f3413c4ff7d0ebbffba0a53a2b6eb56b99,excluded,lib,no
lib/infrastructure/aio/healpix_db/archive/legacy/healpix_stack/gradient/corrected_stacker.cpp,16481,15de87b8b2cdb736d428fed89d314051f45b5a9ee685445b4a2f8c8206716ade,excluded,lib,no
lib/infrastructure/aio/healpix_db/archive/legacy/healpix_stack/gradient/corrected_stacker.h,4795,081f8a5b4ab97b32c983faac0ac03724b989e54eb5be3ec67bf9ee80392e6efc,excluded,lib,no
lib/infrastructure/aio/healpix_db/archive/legacy/healpix_stack/gradient/gradient_fitter.cpp,10853,8bebe2764eb2a0d3013123932134a4e7b3e220639cdd6036770e1d17151d1c1b,excluded,lib,no
lib/infrastructure/aio/healpix_db/archive/legacy/healpix_stack/gradient/gradient_fitter.h,5282,02f3e17625b9593fa3724314526714ed4ecff14e560b65a6c82c4b7a50992e7b,excluded,lib,no
lib/infrastructure/aio/healpix_db/archive/legacy/healpix_stack/gradient/gradient_sampler.cpp,25457,479a6368baec90d22558456516549f85456579cea1424587f84a3509f850b309,excluded,lib,no
lib/infrastructure/aio/healpix_db/archive/legacy/healpix_stack/gradient/gradient_sampler.h,5229,96753ac0d18b0f7197a2239118b512bd4cf50220648cd10d738308a9c1721db7,excluded,lib,no
lib/infrastructure/aio/healpix_db/archive/legacy/healpix_stack/gradient/nanoflann.hpp,154266,a0bcef4159846bef2f84abea93ccdb666ae918fb89b67b3f03f661bd66eecef3,excluded,lib,no
lib/infrastructure/aio/healpix_db/archive/legacy/healpix_stack/gradient/snr_evaluator.cpp,12597,f6fa676d887446e259bd485487ad610924a58568d8df7cfe48cd14f1087d21f7,excluded,lib,no
lib/infrastructure/aio/healpix_db/archive/legacy/healpix_stack/gradient/snr_evaluator.h,4527,7b698c71bd3f8248ec7bd3ea02d2fef77cfc41310b57982c09726c953d6c2c8c,excluded,lib,no
lib/infrastructure/aio/healpix_db/archive/legacy/healpix_stack/gradient/spherical_spline.cpp,10775,516a9ec0057bba3bc5cb5d92a735ec7edf37c21faf1a5e4f5e6b99cf27a6c738,excluded,lib,no
lib/infrastructure/aio/healpix_db/archive/legacy/healpix_stack/gradient/spherical_spline.h,6839,62308ee361843c21b8d82d6695054639bfe5f6c1605b5ac6d2a5abe010b54da2,excluded,lib,no
lib/infrastructure/aio/healpix_db/archive/legacy/healpix_stack/gradient/test_gradient_sampler.cpp,1690,589836d4285475e9c61565ee7e09da1fbacafe406f312ee6500bc87ccf070646,excluded,lib,no
lib/infrastructure/aio/healpix_db/archive/legacy/healpix_stack/gradient/test_snr_evaluator.cpp,8895,9fd3fb65d354553aec72519a2790b240ab330b5a87584b730a8e356b60d6b4c3,excluded,lib,no
lib/infrastructure/aio/healpix_db/archive/legacy/healpix_stack/healpix_core.cpp,23239,e7b6ae251400165d0712288da98dc394b1202ad187fcbfb6fa435a6d89844b5d,excluded,lib,no
lib/infrastructure/aio/healpix_db/archive/legacy/healpix_stack/healpix_core.h,3522,61aa1146e3f6f6b77ffaf7a8df0021f88dced201d15e14048ff26dd2c941792f,excluded,lib,no
lib/infrastructure/aio/healpix_db/archive/legacy/healpix_stack/hp_stack_api.cpp,32317,05f1ca74ae0655f8fb7a0ab743bfe26b332e81e53f2e389ac82f5a9accafe9a3,excluded,lib,no
lib/infrastructure/aio/healpix_db/archive/legacy/healpix_stack/hp_stack_api.h,6098,48264b57069aa3fef9914e9f75d224a9b8891953e075f1fbca8d6ae436728c40,excluded,lib,no
lib/infrastructure/aio/healpix_db/archive/legacy/healpix_stack/hp_stack_hiss.cpp,15805,ebaea5c768dcca3803d521069180f7ebeae4ad8d0576d0e3c34b86ecbdb8d8ce,excluded,lib,no
lib/infrastructure/aio/healpix_db/archive/legacy/healpix_stack/hp_stack_hiss.h,1569,a5913ffaa96e151c89a1b115de968f525edeb4c8f0d7d597ea49e0cc20979170,excluded,lib,no
lib/infrastructure/aio/healpix_db/archive/legacy/healpix_stack/memory.md,5312,6514db3654c9142b5597cf1510d37e9ec2f57d1417af3d9a268347b083977848,excluded,lib,no
lib/infrastructure/aio/healpix_db/archive/legacy/healpix_stack/simple_test.cpp,22,91193433e324b0a1e525cfecac51f43ca0f6bd882e1c34292510c9740115bf5c,excluded,lib,no
lib/infrastructure/aio/healpix_db/archive/legacy/healpix_stack/stack_db.cpp,14341,80be88bc4775ded0a416e055efbb7cfa07815f3a4371be83c709b76815d99a3e,excluded,lib,no
lib/infrastructure/aio/healpix_db/archive/legacy/healpix_stack/stack_db.h,2548,fcfc41cf538df1b451c7cd5a5df4f43b27df4dd54f047b51b660d706874ee4c3,excluded,lib,no
lib/infrastructure/aio/healpix_db/archive/legacy/healpix_stack/stack_engine.cpp,14630,87799b6c33c0713b6fa3e1e4a7c91e80c79b6aa2c3d48cd9c9d94c32f55c09bb,excluded,lib,no
lib/infrastructure/aio/healpix_db/archive/legacy/healpix_stack/stack_engine.h,3477,881c405eaaa4e0150d5629197724c6a27d953510799fbefecfe3928aefa3e516,excluded,lib,no
lib/infrastructure/aio/healpix_db/archive/legacy/healpix_stack/tests/test_gradient_synthetic.py,17156,40a39fb892e9aeb39a46bbf66d24216ca482b5aa4806e7752151816c9b363e34,excluded,lib,no
lib/infrastructure/aio/healpix_db/archive/legacy/healpix_stack/tests/test_healpix_stack.py,18261,44a45dca480c52270e9d5a236ab1869dc10908c9e13837ee3a7b9ebd7ecbbd66,excluded,lib,no
lib/infrastructure/aio/healpix_db/archive/legacy/healpix_stack/tests/test_hp_stack_hiss.py,16106,aa919f26cf283e1d7049faa356407ef21ba81d6b561d2c14ba6ca6370b988e2f,excluded,lib,no
lib/infrastructure/aio/healpix_db/docs/healpix_drizzle_overview.md,2977,cc7f375ed18377fd6eaff00a93cfd561c803edba98cabba0d6727ae08ab54282,doc,infrastructure,no
lib/infrastructure/aio/healpix_db/healpix_io/ARCHIVED.md,1240,6d56b9e183d820058e62256eb9e7b9a910d7e28cc3285cc8e2df39b8d959921d,doc,infrastructure,no
lib/infrastructure/aio/healpix_db/memory.md,18927,9ea545d73b7e68931fbe291cf19c9ed1ef6306bb4e1a9245b8a0cd3f3cd767b5,doc,infrastructure,no
lib/infrastructure/aio/include/aio_ahpx_format.h,2703,e9bcacfde084eefb906e13ca913b23a3545102d433d07561c41ac4191f985ac6,shipping_src,infrastructure,yes
lib/infrastructure/aio/include/aio_healpix_io.h,13382,2933e0eab979755f614a6cea7feda4a7ba3de31c9def56073dddf6ac48ea50ce,shipping_src,infrastructure,yes
lib/infrastructure/aio/include/aio_hips.h,20472,ce3d4f7a74f1b1d496aec63f3f0694029fc9743731a8617b1b17282a54e9c090,shipping_src,infrastructure,yes
lib/infrastructure/aio/include/aio_hips_reader.h,3732,24761479310643d1278b6d0cabf61e7e68fb11299ec133e26228f9f3dc9dcdb8,shipping_src,infrastructure,yes
lib/infrastructure/aio/include/aio_pipeline.h,18920,55a9902fe6c6d02378b2c768323b27dc0c136faf544d0b433a40359cd35c3f28,shipping_src,infrastructure,yes
lib/infrastructure/aio/include/aio_pipeline_engine.h,4299,6e8e741f099de98b3beef3ce458da0199e8781a31c5245be7fcc6b1e4d97e8ad,shipping_src,infrastructure,yes
lib/infrastructure/aio/include/aio_sysinfo.h,5019,31e2250030fe8321a54f793ddaa7c82092ee647f08f3ea5e264e030bf749c11b,shipping_src,infrastructure,yes
lib/infrastructure/aio/include/aio_upm.h,5822,56eba09b5a24e53800457fd47ffc6e6f70e72192d64f619172afe5f0639597c6,shipping_src,infrastructure,yes
lib/infrastructure/aio/include/astro_image_io.h,6391,b7d4389b620f0886df2cb1b85cb4a318cafabb95bd10b88ebc9f90ca2f0eb5d0,shipping_src,infrastructure,yes
lib/infrastructure/aio/include/hiss_format.h,27199,d5cf99dc1e4424db474db616ba571746d4a0653b4d6cc6ece5567741904ffee4,shipping_src,infrastructure,yes
lib/infrastructure/aio/io/fits_core.c,61767,4c49011d518c744c71a4bbeac9c47b7a3038229660eb9b5018705742ddc2682f,shipping_src,infrastructure,yes
lib/infrastructure/aio/io/fits_verify.py,18144,ce10331c419d83380b26857146da494f8732fbe3d492a05dd31cdd9a2f82e01a,tool,infrastructure,no
lib/infrastructure/aio/io/hips_core.c,37190,3f9fd0b116556d282061043dbd0b96f38e4f475d1d604052ae505b244a834fbd,shipping_src,infrastructure,yes
lib/infrastructure/aio/io/hips_output_store.py,29756,3d47acc33af8f95d4f7988e05579269b402d57775918271e712280a52dd7ada9,tool,infrastructure,no
lib/infrastructure/aio/io/include/astrocs/io/fits_stream_v1.h,11466,6a1a95c1bf5f70a464a3563f86b1b27725bdc4032715636e12b7f42f85a36383,shipping_src,infrastructure,yes
lib/infrastructure/aio/io/include/astrocs/io/hips_input_v1.h,7499,df29d65a68ce1be9fb98e2861b8fa9d7fdd5cdb74b836ffe0f4e87e28e77d7db,shipping_src,infrastructure,yes
lib/infrastructure/aio/io/src/io_adapter.cpp,7177,d895c37aca23f77f2a5d59acd9a9b6430cca81535b05199ba8b70819d753bc8c,shipping_src,infrastructure,yes
lib/infrastructure/aio/io/tests/fits_core_selftest.c,24130,74220dcedd187c99e9084462af79f7375566fa493209bf93c0d783fb73a20dff,test,infrastructure,no
lib/infrastructure/aio/io/tests/hips_core_selftest.c,8330,5155d92f8eb7a8d6149dcf51ab06f5517131cea10f7bd8c37835d4a175b67571,test,infrastructure,no
lib/infrastructure/aio/memory.md,20741,fe70a10e63dc63eecc575f86258b5cb35b4405131abd1b972e3b98d1d0d3a535,doc,infrastructure,no
lib/infrastructure/aio/pyproject.toml,448,4539b4169d0ecfb376dbca24d61e99c000f8b5344e750f5b4cdf41544f1f8c2d,aux,infrastructure,no
lib/infrastructure/aio/runtime/artifact_store/artifact_abi_v1.c,25115,6b5e0617fae4b45065a3844b106fd6423a67c9f9c400b859444d1c19cec7980c,shipping_src,infrastructure,yes
lib/infrastructure/aio/runtime/artifact_store/artifact_manifest_validator.py,12185,53e1ea96bd02cc0b73cd8048a0a042e8c60c2ed17498e1155b1260022106566f,tool,infrastructure,no
lib/infrastructure/aio/runtime/artifact_store/phase_product_exchange_validator.py,15299,29abb602208af2af5c9925d97b5219a3a0f55f7ccc9546f39db9f58875055753,tool,infrastructure,no
lib/infrastructure/aio/runtime/artifact_store/production_store.py,44376,b6b18595af234715f82aa4d1e9fec4c27f156e502e11d8f9b36e9e864b54a3b6,tool,infrastructure,no
lib/infrastructure/aio/runtime/artifact_store/provenance.py,39401,13aa478641248b9225d5e6531841c5560f1e6e8870870a81dda45381bcb3cae7,tool,infrastructure,no
lib/infrastructure/aio/src/ahpx/DEPRECATED.md,363,aa35e89a721ea1076d8305d90678bfff26e6caa2ca72f3b34a2bbdd4effca708,doc,infrastructure,no
lib/infrastructure/aio/src/ahpx/aio_ahpx_api.cpp,11575,814dac2fede6f7b7b4d923c748491b6eb7fe5cf0ccd8afccf90d0b49b709bfda,shipping_src,infrastructure,yes
lib/infrastructure/aio/src/ahpx/aio_ahpx_reader.cpp,21532,414b4801d5c3a0a43174ec65d804f2afd2498ecb50e2b1f78a2d149e5b05b376,shipping_src,infrastructure,yes
lib/infrastructure/aio/src/ahpx/aio_ahpx_reader.h,3441,a7903c585b94f97b16790255f037544a90a5d24ac708a041c77c755ab386d8ef,shipping_src,infrastructure,yes
lib/infrastructure/aio/src/ahpx/aio_ahpx_writer.cpp,19241,5d811d8b4071402af8f45546779152f9175f951b075b457c8ea4d81244cfee9c,shipping_src,infrastructure,yes
lib/infrastructure/aio/src/ahpx/aio_ahpx_writer.h,3097,ec2d28d88888765a85adf78ad0fe85c3571c02261515abe94524bd82a7f656a6,shipping_src,infrastructure,yes
lib/infrastructure/aio/src/aio_abi.cpp,9044,e67e16fa8cd66a83353023bf065fa5032067fc5b5a0ced5855ef9ea42d5e1bd6,shipping_src,infrastructure,yes
lib/infrastructure/aio/src/aio_api.cpp,14301,b8f6a756f8f2d37ca73fac5cdacf1c80611a8c91b218c56ebf402fb268787bad,shipping_src,infrastructure,yes
lib/infrastructure/aio/src/aio_atomic_file.h,23055,500a67a6860df073fcefcf2f44fd20bd2a0ec957bb2628a4dd5ca5674c8d52a4,shipping_src,infrastructure,yes
lib/infrastructure/aio/src/aio_cfitsio_mutex.h,5448,83d7833e3b53464238892a2e225d78726cdbc9ef9e120d34ba663671eaa71926,shipping_src,infrastructure,yes
lib/infrastructure/aio/src/aio_compressor.cpp,9326,ba3bd6c87b7060070107931194c526765558b5f10f24e1b40ef5c67bbcce228f,shipping_src,infrastructure,yes
lib/infrastructure/aio/src/aio_compressor.h,1654,5e1ce37769a759b03cccac5cc78ff59a721fbc982c1be3e5373fc71c286123ce,shipping_src,infrastructure,yes
lib/infrastructure/aio/src/aio_disk_full.h,5658,95cf619720c93e7d87822d294f1e8efe8775464dfce2ede583c6452687983a5c,shipping_src,infrastructure,yes
lib/infrastructure/aio/src/aio_file_io.h,9690,1921b7d3cf541d9e7257b55e35f4d46bbd3fa7df6ab6a4abada3e8299a2003fb,shipping_src,infrastructure,yes
lib/infrastructure/aio/src/aio_fits.cpp,45167,274805ff35ec1d7888803edc0099b6893d5b3fd2e0ee7cd042564529356f40f4,shipping_src,infrastructure,yes
lib/infrastructure/aio/src/aio_fits.h,1561,261e35450ac1c96001ed8a28f908291bb570187a60381cf98a993f7cd98b0eb4,shipping_src,infrastructure,yes
lib/infrastructure/aio/src/aio_log.cpp,2359,fadd057f7adad920f1e38f597397bb64c7c2a0c5a3912627329d6523995edace,shipping_src,infrastructure,yes
lib/infrastructure/aio/src/aio_log.h,183,8acb38b01b36e7c5b5bc7454e66872a9c2f5ce8b3244cf3ba990cb7ab8d053bf,shipping_src,infrastructure,yes
lib/infrastructure/aio/src/aio_pipeline.cpp,57982,7b420d900f9b47792d23dba3ffd2a3cc30245d109e0a328e4278851413a94a41,shipping_src,infrastructure,yes
lib/infrastructure/aio/src/aio_pipeline_engine.cpp,24104,7239359abca6d3c3de5a2c405465785bc3f2d033a0954d40c97a86e0811e0628,shipping_src,infrastructure,yes
lib/infrastructure/aio/src/aio_sparse_punch.h,27078,e534d6ac4e0f22c0b76bf6336bdaa7da9d9051fd669b0f23c7ace7e8f5d6e3af,shipping_src,infrastructure,yes
lib/infrastructure/aio/src/aio_sysinfo.cpp,11503,b7854e18bb805487461b503e424947cb0a7e642fe4f07c4af265266ef3654251,shipping_src,infrastructure,yes
lib/infrastructure/aio/src/aio_upm.cpp,20249,989908e317a13cc0adb8b29eea3eae38f75b0fcf7573d23603d2c54404712402,shipping_src,infrastructure,yes
lib/infrastructure/aio/src/aio_util.h,783,434e67f7ca084dc4c92843b7b2bc38685a817af4be921af7c2f61248173f8eea,shipping_src,infrastructure,yes
lib/infrastructure/aio/src/aio_xisf.cpp,28276,dd1c61d82cbd6487612f1c1041cf41f2cf33b09f0b4bcee8c821f2e5c644948f,shipping_src,infrastructure,yes
lib/infrastructure/aio/src/aio_xisf.h,268,117a87552a40ae3e14aa0c83484df06e2c2c663114f25dc61735bcb6c96cdf55,shipping_src,infrastructure,yes
lib/infrastructure/aio/src/healpix/aio_healpix_io.cpp,87136,c2d56343c81d953e426955b7d5b34c92ed474c0588e94fb4fb4e02c9206819b7,shipping_src,infrastructure,yes
lib/infrastructure/aio/src/hips/aio_hips_reader.cpp,27053,e3b3533e689af3234916f12a015de5422176e20129e439913d9f0ca0cc519e8e,shipping_src,infrastructure,yes
lib/infrastructure/aio/src/hips/aio_hips_writer.cpp,144269,68812e7a545c0fdcda16593e3ffe765eb956a6d99d2a34fa835961fea526c2c5,shipping_src,infrastructure,yes
lib/infrastructure/aio/src/hiss_codec.cpp,17094,7992aff71189ad0de886d6482cb8d6219a462853870c14570f052a620fd55d7d,shipping_src,infrastructure,yes
lib/infrastructure/aio/src/hiss_common.cpp,12703,30451cce50243ec55a006600a9d154bf6b8748c3d13ff2c150596df2a1a0b58b,shipping_src,infrastructure,yes
lib/infrastructure/aio/src/hiss_reader.cpp,75598,8cab416299fa5cc079127a02d444cf3bc27556e605f5178ff93627a8ee2baf58,shipping_src,infrastructure,yes
lib/infrastructure/aio/src/hiss_stream_writer.cpp,30797,894af91d602514dc6edfb0ba2d7e27dbf5a51f3094ca364c67339c896987d6c3,shipping_src,infrastructure,yes
lib/infrastructure/aio/src/hiss_stream_writer.h,3330,2fa4e979416328111e03ef30b34745e97e25cf2ad242ccc27cc96ffee18999d5,shipping_src,infrastructure,yes
lib/infrastructure/aio/src/hiss_tile_model.cpp,6594,e04d7c33cdb8788fa3aa2d4f48c5b04176637a01adab810d4e860a6cdbb58207,shipping_src,infrastructure,yes
lib/infrastructure/aio/src/hiss_tile_model.h,4820,52c6a93f22a9f3d763b6b7557a9de7c25b0825682790c949b42f886b9a28314e,shipping_src,infrastructure,yes
lib/infrastructure/aio/src/hiss_transform.cpp,22900,8c5c6eb6ca4dd705089a8ca143e0965ad70d8e27115037e09baf716248b7182c,shipping_src,infrastructure,yes
lib/infrastructure/aio/src/hiss_transform.h,5821,e737a563f97508294d0ab2ea9814ab731a99e749072ce641469dcfef3510dee4,shipping_src,infrastructure,yes
lib/infrastructure/aio/src/hiss_writer.cpp,53108,2b637e467c5dc40732b507ac2d9992297fcd24b29ad6f9ba6c05b1e3add42f01,shipping_src,infrastructure,yes
lib/infrastructure/aio/tests/CMakeLists.txt,2696,8528707cd44afef1a0e607cec533a342ef84ab6d56d78a226484c8b74d4d5562,test,infrastructure,no
lib/infrastructure/aio/tests/abi/CMakeLists.txt,1917,fbe134dfe245662a976d29885b1b50ccfd4cda7defd03ae5085e4e1945015fe3,test,infrastructure,no
lib/infrastructure/aio/tests/abi/aio_abi_layout_lock.py,10331,d62f0c75938e407cbc7181df026774b798bc1c8dd898789638eea65cb1acf6be,test,infrastructure,no
lib/infrastructure/aio/tests/abi/aio_abi_layout_probe.cpp,11237,120d7b511585f1bae586d630202a37ff0006f9f54b03e7caf082ab6fdb381de0,test,infrastructure,no
lib/infrastructure/aio/tests/dataflow_fuzz.cpp,15137,dc8e2b5da7c73f61f1cb9fd3753bc948bbad884f5b05179b199788b271c8c7fb,test,infrastructure,no
lib/infrastructure/aio/tests/gaia_sanitize_driver.c,1334,f55fc6a26366f52c1c3ee79415eef4e0f231a0b96aeaf398ddac6064b0bc06cb,test,infrastructure,no
lib/infrastructure/aio/tests/hips_direct_smoke.py,4798,6c5509dd1c60054544d4027f8247c104d249eeb0f00520a300a5d988ef76ede8,test,infrastructure,no
lib/infrastructure/aio/tests/hips_mapping_oracle.py,6130,93b39d0f6ee44c5be80e4a1d33d22453663ff7bb0b94868aa3a78149ba0ffe24,test,infrastructure,no
lib/infrastructure/aio/tests/hips_robust_sanitize_driver.cpp,9829,634c7c38c28cbe2e77d5168dd99db9efa68dbe3e689e812a97466bb944711e12,test,infrastructure,no
lib/infrastructure/aio/tests/hips_sanitize_driver.cpp,3330,011cb5cd2a9a6b78f030716716c2a5f54e6ba9fdfa4d2b4a3b6ccd56975b5704,test,infrastructure,no
lib/infrastructure/aio/tests/hiss_benchmark.cpp,64641,78520ad5efd4192d0e5252d484c4434418bbb81a75f600171135d369b40f0f20,test,infrastructure,no
lib/infrastructure/aio/tests/hiss_correctness_test.cpp,58900,da5722b14837a7ced2d9e23a86f19a093b8f635ffee635f0ca0187a001c33a3b,test,infrastructure,no
lib/infrastructure/aio/tests/hiss_experiment_suite.cpp,59160,504729ed8b13a012989e2b2cca489e6b3151167da48aa504251f488f5de2284e,test,infrastructure,no
lib/infrastructure/aio/tests/hiss_experiments.cpp,61136,3f5f5d01be004c2030af8515c6f2676d8e98895f46ec823bba60e65c384d9bd0,test,infrastructure,no
lib/infrastructure/aio/tests/hiss_writer_smoke.cpp,5147,0e1e04ef43a63a854273a0ecc11a60c4c6d28f4dd175e518de5f70d0821cb837,test,infrastructure,no
lib/infrastructure/aio/tests/p1hips/CMakeLists.txt,5699,65673da6679f1d374e0f57d297248f91aa1ccc39e057a2e988b2abedbafe0b5b,test,infrastructure,no
lib/infrastructure/aio/tests/p1hips/p1hips_digest_verify.cpp,13951,c1e83330d7fe85bf8099123488af44fa42d3fa34007818e6ebbc722aebd810c3,test,infrastructure,no
lib/infrastructure/aio/tests/p1hips/p1hips_fixtures.hpp,14668,eb7777cdf840083c0dab48e52c164ad7e19be6b8963777667b8665c51785f282,test,infrastructure,no
lib/infrastructure/aio/tests/p1hips/p1hips_oracle.hpp,16536,899132031944ca7b4a88891fbc69ef1e7848de01461ed5b9d9291bb8d0c7410c,test,infrastructure,no
lib/infrastructure/aio/tests/p1hips/p1hips_test_main.hpp,8831,014fdc74ec21e5b80c4687f0422ed6d1cff36c754f9bb03f9c4a179eaef6d7f0,test,infrastructure,no
lib/infrastructure/aio/tests/p1hips/p1hips_tests_diag_prov.cpp,48774,3fd76b9681ec1fd4ded0ec75d930da0ff508eb1975dc073a34dfb1127c0f0d58,test,infrastructure,no
lib/infrastructure/aio/tests/p1hips/p1hips_tests_main.cpp,813,bcdd35d885e180d5f2c1f923779e7e2d5620255795e24d8471068c70b7bcb2ed,test,infrastructure,no
lib/infrastructure/aio/tests/p1hips/p1hips_tests_negative.cpp,35099,908d6fbd6517e1eda7a4ae1d9a34a0b534f42b95f0ee07da0194ba1f208d7be2,test,infrastructure,no
lib/infrastructure/aio/tests/p1hips/p1hips_tests_oracle.cpp,54667,c4c9b957de9a29095dee1d8648399fa5a10ce7d7b604cbabb2f929b1ffe5f2f2,test,infrastructure,no
lib/infrastructure/aio/tests/p1hips/p1hips_tests_perf.cpp,6185,c46d73bc9f09815becca7d9b891911bf60ac77c8feeef057d974247f19795ce6,test,infrastructure,no
lib/infrastructure/aio/tests/p1hips/p1hips_tests_properties.cpp,31279,e9ed57db569fcd087cd4eed63b2ccb3cf50ee0532b56453aad0080f68500bca1,test,infrastructure,no
lib/infrastructure/aio/tests/p1hips/p1hips_tests_selfcheck.cpp,5293,44401a7ddf8e4cbf04051b82262cbcdf72fe43ccade7ab62eb85340334a01898,test,infrastructure,no
lib/infrastructure/aio/tests/p1hips/p1hips_tests_units.cpp,25712,14446bbdb5cbe2d0d5c3acf2f022761aeb93b3c672e9ac15b0c5d54c9ff9a4bf,test,infrastructure,no
lib/infrastructure/aio/tests/p2hips/CMakeLists.txt,3093,b5b8c792b21b5a5bb9d6eb1bee861f048be8228e8ccb1cdd55523ab4281e8e60,test,infrastructure,no
lib/infrastructure/aio/tests/p2hips/p2hips_test_main.hpp,2518,5dfddd480c677bdc920b24b2aab1d8c8c01b9608d3913303c67101087944e7f7,test,infrastructure,no
lib/infrastructure/aio/tests/p2hips/p2hips_unc_prov_test.cpp,32392,64b907e916a259b588cfa5d1b33c090dde708c655fc6420f38071a348c18f6e5,test,infrastructure,no
lib/infrastructure/aio/tests/pipeline_frame_contract_test.cpp,6524,28e96d31f895aea4368381cb47e82ce6c04f6985cb601174826085e77a21d17c,test,infrastructure,no
lib/infrastructure/aio/tests/results/dq001_codec_comparison.csv,7308,b214d0015ef7454e7daaa38b1e086ad81cd660cd53b9ef2b9233d5073aeeea26,test,infrastructure,no
lib/infrastructure/aio/tests/results/dq002_occupancy_mode.csv,303,8ce3c5b1cf6349fe2035b299ba0662b51c44610767076fd135774edf4a75f5e6,test,infrastructure,no
lib/infrastructure/aio/tests/results/dq003_random_read_latency.csv,157,a0715034343ce5cde3f7a0e0f867eb6c1bc2955fe258b25614af820de4745d5c,test,infrastructure,no
lib/infrastructure/aio/tests/results/dq004_drizzle_profile.csv,182,a61663696f67736fd856b6ae0e63853cda3cc3e9428dbd51bc415a51be07e80a,test,infrastructure,no
lib/infrastructure/aio/tests/results/dq005_writer_memory.csv,181,31e8b4c70cb24cee27805079135fdf5bcbe107c6af63d96981a6cbe244173ec7,test,infrastructure,no
lib/infrastructure/aio/tests/results/dq006_auto_nside.csv,394,f54831e0d15060c90365120498b1570e648909337fe698d7df058064d0ffde5f,test,infrastructure,no
lib/infrastructure/aio/tests/results/dq007_signal_support_semantics.csv,468,e8fb0c676d785ea60f95523647180458a97ab27f473da6f8003e1f245c0eff59,test,infrastructure,no
lib/infrastructure/aio/tests/results/performance_report.md,14445,cbcc92ecd525a420d7ab017b29768cd952b3fdcfbc87d163da84b211f7dc7459,test,infrastructure,no
lib/infrastructure/aio/tests/sanitize_wsl.sh,1848,cffae36667ec320a29e18f2f911620d285640785ee32ea0823c299c2eb4f1b4f,test,infrastructure,no
lib/infrastructure/aio/tests/sanitize_wsl_v4.sh,3879,359a16d5f465839d2a715910f6a50ee3ce67311936711dc5c272e3ae7237bd53,test,infrastructure,no
lib/infrastructure/aio/tests/sanitize_wsl_v5.sh,4428,a7060f04ed988e6bde516f89db9c39a20106babfcdd2e5b11762f04604a667d4,test,infrastructure,no
lib/infrastructure/aio/tests/test_checksum.cpp,22152,244ff7f7febfd5d3e9a789fdb2510b6062bd2daee60684e60a198b1e7d373e6b,test,infrastructure,no
lib/infrastructure/aio/tests/test_drizzle_integration.cpp,23644,76be84a855ee1ce6046035af7d23812b4a81f8a1cf12022505eed160652a2cc3,test,infrastructure,no
lib/infrastructure/aio/tests/test_export_fits_fix.py,10307,d653544a723dc8baae5d0a02355d970dfb892bcc383d83ca14e62defb585257d,test,infrastructure,no
lib/infrastructure/aio/tests/test_healpix_io.py,17668,1d519e7aa3ac89369057f0b42c12dbfee583a68a2013a9fad5d89c117b25df64,test,infrastructure,no
lib/infrastructure/aio/tests/test_healpix_io_py.py,19029,a0736bbe5a9a0da50969e06a7fd31c4beebc46ce0eb0c9429eb6559969b596dc,test,infrastructure,no
lib/infrastructure/aio/tests/test_hips_atomic_publish.cpp,26908,ced456d9a14927dabc9e3eb414320aa52a807ae19f5c99cc63a00e7835a03f7d,test,infrastructure,no
lib/infrastructure/aio/tests/test_output.txt,16313,b4fc081e8c37ef516f47bd421160387af036fb89c14e2dbbb942fad5be426e0a,test,infrastructure,no
lib/infrastructure/aio/tests/test_p0_io_hardening.cpp,11425,5f16b39fa33869ad001592319ee9589f4e047bd453aacce04c6a3905dc9d5e80,test,infrastructure,no
lib/infrastructure/aio/tests/test_p1_io_hardening.cpp,14977,3c8b46885c1d5a7f619034db8327d57e913a8f7c7d530de1cf13c207746535b3,test,infrastructure,no
lib/infrastructure/aio/tests/test_pipeline_blocks.py,19402,cfe4fd10838217e3152d9fe89e5d8ca52f7628d0428f8aacf22effcd50509a42,test,infrastructure,no
lib/infrastructure/aio/tests/test_precision_dual.cpp,24478,df46ed272f912481900652f80f3d9d4f9905aeeee711d7860aa6829dee30585f,test,infrastructure,no
lib/infrastructure/aio/tests/test_psf_fit_handler.py,7404,0ae1d36e7c7f8964c279a9f91e9c2d4666d6a082c486f40f00486015309faa0d,test,infrastructure,no
lib/infrastructure/aio/tests/test_query_pixel.cpp,49135,b0f93ac085741847c4078995ac653ecac159306d43cadff7b878ce235f1f5e14,test,infrastructure,no
lib/infrastructure/aio/tests/test_report.md,5659,1d2a972f4de2c221936bc21321fdf1b98f31e5b16e5af9b3a4fa498286031f71,test,infrastructure,no
lib/infrastructure/aio/tests/test_snr_unknown_block.cpp,26205,79b9fdebb788887da7858265b026068ec52022a52072c395fee1008cb2b3cdf1,test,infrastructure,no
lib/infrastructure/aio/tests/test_tile_model.cpp,18467,b7313557606347c8d4f03fbd04d0b009a59fce841b30b101a2f7fa9c1e28ea0b,test,infrastructure,no
lib/infrastructure/aio/tests/test_transform.cpp,46303,5993c0844ad2260ad65901bac6740d4c2d93d8e7a8ad257315415e0c8a226cf8,test,infrastructure,no
lib/infrastructure/aio/tests/test_wph_cli_browser.cpp,10256,81eb86131f971d7559e65c23d533697c39aa8fe87b6951cef0d6602531045d9e,test,infrastructure,no
lib/infrastructure/aio/tests/test_writer_integration.cpp,33149,421af0c49ff4fc669772acd94b7178cb6a993241fb6c0b12a93f2c47559d6d4d,test,infrastructure,no
lib/infrastructure/aio/tests/v5_maptile_oracle.py,13433,de4c4cbd07fe445f1a884f0e1b74e546d7407b41b56fa00d719b9394843e8381,test,infrastructure,no
lib/infrastructure/aio/tests/v5_snr_precision_roundtrip.py,7588,b86fba1b6f367418389922eb478fce3c2f47719a47e2933427558c079e0e1855,test,infrastructure,no
lib/infrastructure/aio/third_party/cfitsio/.gitattributes,0,e3b0c44298fc1c149afbf4c8996fb92427ae41e4649b934ca495991b7852b855,excluded,lib,no
lib/infrastructure/aio/third_party/cfitsio/.github/workflows/ci.yml,1584,f87ab68efa3f4622bdc8ccb50e5e626aa1f9e5ab666fb170ea12fe2084fdbe55,excluded,lib,no
lib/infrastructure/aio/third_party/cfitsio/.github/workflows/codeql.yml,2936,5f29d952d9b72b25abe109b106f6bedfa85d331ede9e51c5a3f382d11ac8140b,excluded,lib,no
lib/infrastructure/aio/third_party/cfitsio/.github/workflows/documentation.yml,4104,b330e54bb50106bc72e38054b342d4b72d6ef4198dd11b1ea392ba712531eed5,excluded,lib,no
lib/infrastructure/aio/third_party/cfitsio/.gitignore,808,617fd9df59647de1422d99e7bab27336b112ca869416969c9a73b4aa218d8fbc,excluded,lib,no
lib/infrastructure/aio/third_party/cfitsio/CMakeLists.txt,13439,4667ff130020a0e6d4a22f1bb634d0226db006ff09ef1d8c3a2fcb43568cc33f,excluded,lib,no
lib/infrastructure/aio/third_party/cfitsio/ChangeLog,224292,0ada0f62fda19b60a25b8874c10a1bfe1698d342b08160aeaf74cb0efc992962,excluded,lib,no
lib/infrastructure/aio/third_party/cfitsio/INSTALL,15766,edebc46c7d07258a20170050d9595ce4e630f5d584a4eb00220bb90c8997a31b,excluded,lib,no
lib/infrastructure/aio/third_party/cfitsio/Makefile.am,5231,689e8e9115b45ed8e837c722930d3830ee77d74a34421e9120699f572e834142,excluded,lib,no
lib/infrastructure/aio/third_party/cfitsio/Makefile.in,167778,3f902acf381ba04a59ae187c8613824d5baedc5c7c58c68779d7c29ae3486c07,excluded,lib,no
lib/infrastructure/aio/third_party/cfitsio/README.MacOS,1951,06f7f7d741b8716ac32290f2ed7e80490af1f2a23e48b82a44d4b99621d4f9ac,excluded,lib,no
lib/infrastructure/aio/third_party/cfitsio/README.md,4887,dfc575adbb0ac2e23b7910a54c42ac2245f026c33ef447b3f64ee54fb01b7156,excluded,lib,no
lib/infrastructure/aio/third_party/cfitsio/README.win,8428,754de2a5ba0609cac5686fff08b94bca71755a6a085184c5cd3a1a7a227d9ded,excluded,lib,no
lib/infrastructure/aio/third_party/cfitsio/README_OLD.win,3534,bbe79a2d2a4729635f3dedcf211b3fffa22a59c08c3606afec519957c3951030,excluded,lib,no
lib/infrastructure/aio/third_party/cfitsio/SECURITY.md,599,1ef9b393980c23e07fd5cc28c88bb3a9a12bfdc2b20a2399f39c372f1f1c8d20,excluded,lib,no
lib/infrastructure/aio/third_party/cfitsio/aclocal.m4,51002,8c754f15f70c89c6d94575ff263fef802b8971530c1b75a480e85f50e58219a7,excluded,lib,no
lib/infrastructure/aio/third_party/cfitsio/buffers.c,53325,3a76b3c9e213436bfdc89d294aee6ec15337ce701c8059005ea37d9fe91501d3,excluded,lib,no
lib/infrastructure/aio/third_party/cfitsio/cfileio.c,265752,31be2efa099072a2074dc296718f378e4887dc60298e9f81e79a09ba7bf4eb49,excluded,lib,no
lib/infrastructure/aio/third_party/cfitsio/cfitsio.pc.cmake,379,1884351275b9a555895093520c118af813c76368f9d9daa55d5d5d601867d4ba,excluded,lib,no
lib/infrastructure/aio/third_party/cfitsio/cfitsio.pc.in,298,ef2f966006df0114471c8228641fdef84ba29934eda97205f8b33f13f426ae95,excluded,lib,no
lib/infrastructure/aio/third_party/cfitsio/cfitsio.spec,5384,a35a5e47f3b985fe18447180eaf01a6378471a78a9f676b2ea37d51b4bf13de6,excluded,lib,no
lib/infrastructure/aio/third_party/cfitsio/cfitsio.xcodeproj/project.pbxproj,3233,3b1d776944af00d7900ce3d0bc939d1762d5acbef7d4f979cb1f7e1dbe70face,excluded,lib,no
lib/infrastructure/aio/third_party/cfitsio/cfortran.h,139592,4072603e7ed7b7905235000453329773405f1a16eeb77515b0d06fd8079dd5d2,excluded,lib,no
lib/infrastructure/aio/third_party/cfitsio/checksum.c,17601,457e637def58c5d4be23d348090a5bc32e104b050e5af6da2cb829e9f78a7202,excluded,lib,no
lib/infrastructure/aio/third_party/cfitsio/cmake/cfitsioConfig.cmake,58,70be8720eea01f544092fe3a3ae43032b7bd6c2bdf8d127155cef971e2227e24,excluded,lib,no
lib/infrastructure/aio/third_party/cfitsio/cmake/portfile.cmake,2656,4241b5d2e8d244aa5d1d264253a60fdc30f5c41ba8d102097e21a562ca85223a,excluded,lib,no
lib/infrastructure/aio/third_party/cfitsio/cmake/vcpkg.json,349,09a68431537d1b3124efc9e43399881f5c5c4ef1bb640134e17ff951547e8f1f,excluded,lib,no
lib/infrastructure/aio/third_party/cfitsio/config/compile,8064,92ed7feeda61ad958dc3c4cc4efd724e1414482f1cad60b74b09e0633a93dfd6,excluded,lib,no
lib/infrastructure/aio/third_party/cfitsio/config/config.guess,50743,e3d148130e9151735f8b9a8e69a70d06890ece51468a9762eb7ac0feddddcc2f,excluded,lib,no
lib/infrastructure/aio/third_party/cfitsio/config/config.sub,39713,11c54f55c3ac99e5d2c3dc2bb0bcccbf69f8223cc68f6b2438daa806cf0d16d8,excluded,lib,no
lib/infrastructure/aio/third_party/cfitsio/config/depcomp,23700,ac3ae010382a83144ff6ec1a4c368a3f16a14ea2b12751aa73ddfb548d931574,excluded,lib,no
lib/infrastructure/aio/third_party/cfitsio/config/install-sh,15442,776876b3909b096439109a4c7642eb0f9100f6ba3fb42fa93d05351e50a0a7ef,excluded,lib,no
lib/infrastructure/aio/third_party/cfitsio/config/ltmain.sh,337558,8b6a101282e2cecbc3109efc3ae3b52afa8ba389d0832df9b1209290aee6d563,excluded,lib,no
lib/infrastructure/aio/third_party/cfitsio/config/missing,7733,4f17c4a66ec5b8000d44573a576f6b5d9c0c84848e8fd1286f84a52f439db4e9,excluded,lib,no
lib/infrastructure/aio/third_party/cfitsio/config/test-driver,5220,f5031431dfc824ee2f012950aef35530e5acf3eb412421c8050662b616deaded,excluded,lib,no
lib/infrastructure/aio/third_party/cfitsio/configure,783052,a311a0800ca927201fc31a6e5b8b0a92e56fc203244abe8fb6eb67ff04311157,excluded,lib,no
lib/infrastructure/aio/third_party/cfitsio/configure.ac,19103,803d79de8f110ab34fec03e29688750c53118e590bd6d197eb41e8906b11e577,excluded,lib,no
lib/infrastructure/aio/third_party/cfitsio/docs/cfitsio.pdf,1098243,d70244f7bf1e949cb0e0fc182326f0dc5c9f62e58ccfc148bdf78c7266542d64,excluded,lib,no
lib/infrastructure/aio/third_party/cfitsio/docs/cfitsio.tex,522861,b0cd44bcecb909597c11cbebac5151c38282b66ae25340181958d1deeb19be9c,excluded,lib,no
lib/infrastructure/aio/third_party/cfitsio/docs/cfortran.doc,95483,05d5faa054bdbfe911937c8dfda9cd849878198b114da974d85c241fc068404a,excluded,lib,no
lib/infrastructure/aio/third_party/cfitsio/docs/fitsio.pdf,645971,2f235cb64077909701a9aeb4a1a391054d43dcbc5ce4434a9799f1b85aa68522,excluded,lib,no
lib/infrastructure/aio/third_party/cfitsio/docs/fitsio.tex,355023,5dc17429de8ec3c3b4b74e93fd779fc3e2ce412120276e30de803f47a646cda6,excluded,lib,no
lib/infrastructure/aio/third_party/cfitsio/docs/fpackguide.md,37269,ba5c781ad6c7f81e23c11b8426d28be0af76f1bc2a6680385df4fc54c5eb39de,excluded,lib,no
lib/infrastructure/aio/third_party/cfitsio/docs/fpackguide.pdf,140520,94e0063ea112d4d965b85a5cacab9e55ce9e03c0b08e00192a1064b2d91ac4d4,excluded,lib,no
lib/infrastructure/aio/third_party/cfitsio/docs/quick.pdf,218321,ae64eab60f60b66bdccbabbc6f9f233d7be873f0a3974e39989929b04f47def5,excluded,lib,no
lib/infrastructure/aio/third_party/cfitsio/docs/quick.tex,101490,9e3aac550bd03ab6f2dba6c37e503223b11ac41521e64e1d2660090db380acfb,excluded,lib,no
lib/infrastructure/aio/third_party/cfitsio/drvrfile.c,32179,df1c54c2004e53dad2251c5f2ec1d482282063f2efe6ce6937fc3e2e4a7524c5,excluded,lib,no
lib/infrastructure/aio/third_party/cfitsio/drvrgsiftp.c,14212,21c7ec0d5aa8774f940013f02f913005b975c3a49b9254d4bff1b712bbe70077,excluded,lib,no
lib/infrastructure/aio/third_party/cfitsio/drvrgsiftp.h,787,ffac6aedb65522e014203351c156363b5b91087db12a6421ac073d7371aa51ea,excluded,lib,no
lib/infrastructure/aio/third_party/cfitsio/drvrmem.c,40747,eb226838edd2268e99cbcf1fb9b1b32df4cb39529b56a30ac756b566a0a5750f,excluded,lib,no
lib/infrastructure/aio/third_party/cfitsio/drvrnet.c,128649,25428f6aae066f43f3deabb3f1910275e189c682a1679d890bd24a555888e36f,excluded,lib,no
lib/infrastructure/aio/third_party/cfitsio/drvrsmem.c,38559,f369fc8ff1e7ee39372503c9ed39f36b007bdb17da55735f407ff63106e173f1,excluded,lib,no
lib/infrastructure/aio/third_party/cfitsio/drvrsmem.h,6536,c7280cfe29e2c2c1a35d6b08a8c39dd802eb824c71917ef905063fae7881bcf2,excluded,lib,no
lib/infrastructure/aio/third_party/cfitsio/editcol.c,111493,96edfbd76222dfd4d6300f419cc845e07964bf56b2ed9ca0791ab538a5821c2a,excluded,lib,no
lib/infrastructure/aio/third_party/cfitsio/edithdu.c,32727,2e934ee617d1944a598a7122cef71b12c56599f32ae365d9d775137e5036c48b,excluded,lib,no
lib/infrastructure/aio/third_party/cfitsio/eval.l,19083,ed0c4ac27ae5f91970b201a2af995bf1e457ef5ab7089d9b7aea1e3e62123e51,excluded,lib,no
lib/infrastructure/aio/third_party/cfitsio/eval.y,206898,cfb1a81feb96da8072be02df1c4d3e11b36196f48ed1e543b04ba87c87111079,excluded,lib,no
lib/infrastructure/aio/third_party/cfitsio/eval_defs.h,6070,02927878ac4713cb955623e01940f598080958de8445e30e8c1eb76b265bc928,excluded,lib,no
lib/infrastructure/aio/third_party/cfitsio/eval_f.c,104852,ae5921698ce65da2dea10f80708e087fbba061cd1efa24824e85c24f5c96f667,excluded,lib,no
lib/infrastructure/aio/third_party/cfitsio/eval_l.c,87388,b97af43727866ce28d8760fd29cdc61cd269257c23ce2e5d826f2a07b58fd679,excluded,lib,no
lib/infrastructure/aio/third_party/cfitsio/eval_tab.h,4954,cf5d64f8e5622fd73f047b288fac4d64e5c4ed6aafb5c8ef120627e42143cc8f,excluded,lib,no
lib/infrastructure/aio/third_party/cfitsio/eval_y.c,308729,b18810196c9dbb8f8bb2f811e5666532ed1acaa3b8fdce6a4fc03e12b436c7b4,excluded,lib,no
lib/infrastructure/aio/third_party/cfitsio/f77.inc,853,ff0a973e3ee26887b425558cf14e2e7a671be2f8494ee7de8e8f4ac2f5572506,excluded,lib,no
lib/infrastructure/aio/third_party/cfitsio/f77_wrap.h,10513,c3d7fda71f4d38d63e4b798b523dc83aa836f0167aba4950c60dffaba72a79a6,excluded,lib,no
lib/infrastructure/aio/third_party/cfitsio/f77_wrap1.c,12827,7708e8a6fc6ef29725a25783b15f0714ef19f68d86ddd29916ec798da01f73a9,excluded,lib,no
lib/infrastructure/aio/third_party/cfitsio/f77_wrap2.c,34143,cfb197243a5ac75635e4026f9058b6942b84b77ca146fe63f14650444330737d,excluded,lib,no
lib/infrastructure/aio/third_party/cfitsio/f77_wrap3.c,33790,e22b71e7cbb8d79c484ab9964d86bf87ae89ba7e2f6ea1baf461d0ff2c94df48,excluded,lib,no
lib/infrastructure/aio/third_party/cfitsio/f77_wrap4.c,19467,d06c831d501d4fd303059aeae2df56612b50a9f2b4dddbc975e6d1f26754478d,excluded,lib,no
lib/infrastructure/aio/third_party/cfitsio/fits_hcompress.c,47306,35340bc4a73746032dabd2380044bbde3758805c817fcda7d8dd36e9312572f8,excluded,lib,no
lib/infrastructure/aio/third_party/cfitsio/fits_hdecompress.c,64202,c60408a0118083dbcfa14a44d5ab6f8f487bc400d03889eb17c4e592ec6f4318,excluded,lib,no
lib/infrastructure/aio/third_party/cfitsio/fitscore.c,323583,a16783fe5592d27174cbf1a1533e67c416f0a87efeb76f60cf09eb469a9b70f8,excluded,lib,no
lib/infrastructure/aio/third_party/cfitsio/fitsio.h,120233,8dc7deee039d1997e9e203d9e997d64f651023d19724863aa97521a275d1a7ec,excluded,lib,no
lib/infrastructure/aio/third_party/cfitsio/fitsio2.h,66140,6e38f94b719bf27e19c28096029300f5763790c01921a8dbfd24792d3d603c84,excluded,lib,no
lib/infrastructure/aio/third_party/cfitsio/getcol.c,45690,21f953bbee10db0e12665bf258c4e4cccbfd8eaf61ee4088504edec2901bfc44,excluded,lib,no
lib/infrastructure/aio/third_party/cfitsio/getcolb.c,78370,930e9a1a1e067ebdc405e4ea7af37ac42ffcf973158cce1b5e4d7e2b9bb1de2d,excluded,lib,no
lib/infrastructure/aio/third_party/cfitsio/getcold.c,68862,fb1f26d4070ba664fd5bdda0e6b3bd98f49dd060bf3c5f2898ed1f724088d537,excluded,lib,no
lib/infrastructure/aio/third_party/cfitsio/getcole.c,71012,85d643d204d6b8b5b79f3939101dba4b1ef4761231adb5ef80300ac03702ece3,excluded,lib,no
lib/infrastructure/aio/third_party/cfitsio/getcoli.c,74917,5714a224786b8495b4d8d0c00eeacd362b8e1307561784c88e46e57ffa42f9fb,excluded,lib,no
lib/infrastructure/aio/third_party/cfitsio/getcolj.c,148289,45e619711b6c81c77c3ad0ceec1ddeb2c7833159be206d1358ba0b8fadc9d198,excluded,lib,no
lib/infrastructure/aio/third_party/cfitsio/getcolk.c,74783,f6bd64d2cc3cc658f2dfcecb0d0dfae73d303ea149bba58da4d01443b29a0e14,excluded,lib,no
lib/infrastructure/aio/third_party/cfitsio/getcoll.c,23298,6cacd4ad49e8cfa5c88006045f3d109991d07adfe00403c9ee622beb6008ea93,excluded,lib,no
lib/infrastructure/aio/third_party/cfitsio/getcols.c,33932,92778d9512149f742c88f165e951ab6a8b122ae7e4314dd78a171e670181168c,excluded,lib,no
lib/infrastructure/aio/third_party/cfitsio/getcolsb.c,77379,86128d1c4dac27f4fd2478433d68040743b2c56a16d36de9d87584743c80d2fe,excluded,lib,no
lib/infrastructure/aio/third_party/cfitsio/getcolui.c,75314,5eaffe19e27964675d2b05ed84028f92ffe112b4db2dc7962bb35e22e48fcb73,excluded,lib,no
lib/infrastructure/aio/third_party/cfitsio/getcoluj.c,148054,6723c4be244089b4aa3b716004a681678ec51972cd3db47ad74a5149855de3a7,excluded,lib,no
lib/infrastructure/aio/third_party/cfitsio/getcoluk.c,75525,289b5d66352ea41102f851331676a8376641e2977f7250beb3e8c2b01f3d3fce,excluded,lib,no
lib/infrastructure/aio/third_party/cfitsio/getkey.c,133898,cbcb5ee53c2fc9b84c4d8456ad9e5637c443b0b727ef7f379673944ab3b172bd,excluded,lib,no
lib/infrastructure/aio/third_party/cfitsio/group.c,185777,67faa00dbba74d623226a509d01a174f43d327bb99272bfc507df4a4dab952cb,excluded,lib,no
lib/infrastructure/aio/third_party/cfitsio/group.h,2097,960a3e1a555e441e1ecb9eff5e8eb145e3d35ae7273c2878e19c590b68b22c58,excluded,lib,no
lib/infrastructure/aio/third_party/cfitsio/grparser.c,46332,2599afc36c103dac4d7dca92f3b5b25a8c668250fe6758bfaf4f9c39f85bc58d,excluded,lib,no
lib/infrastructure/aio/third_party/cfitsio/grparser.h,5725,a46999df1e985b5763c642fd5f8d27e80e9435ddcb7b64e4f9b7104ad8bbcdda,excluded,lib,no
lib/infrastructure/aio/third_party/cfitsio/histo.c,114898,7da5893c676bfcc615aefb7e6106fea7161dc130e3a54dc43fa561048fd51744,excluded,lib,no
lib/infrastructure/aio/third_party/cfitsio/imcompress.c,380878,b8e6a6fad68b8dff035d34931458cec2b32847d055640b16c5319f5fe97a4494,excluded,lib,no
lib/infrastructure/aio/third_party/cfitsio/iraffits.c,58351,1eed3517838a160592966cfe36612f872f3b8f7d2f5565f5fea1f56d83300a75,excluded,lib,no
lib/infrastructure/aio/third_party/cfitsio/iter_a.c,5261,67117636a076216ee92470c9a23c6eb35ffed8e295b3363297ba6fac71b68a6e,excluded,lib,no
lib/infrastructure/aio/third_party/cfitsio/iter_a.f,6874,2e8840fe87598604f8b390c8e70807c4977461bdc732f99f953e03d95a8f0014,excluded,lib,no
lib/infrastructure/aio/third_party/cfitsio/iter_b.c,3712,a6586ebe828adf52d64e7f187f8053c21f8880187c94c031e02f93d793b16440,excluded,lib,no
lib/infrastructure/aio/third_party/cfitsio/iter_b.f,5679,1edc16d4a68f5d14db6ccc0f9b78e8fa92e25ba5efc62b7e8e58e68eb5e3546b,excluded,lib,no
lib/infrastructure/aio/third_party/cfitsio/iter_c.c,6020,6622c038e92cb114c85038d0d415b0475eec9f2ce1df2c0e951357f9d006c6ca,excluded,lib,no
lib/infrastructure/aio/third_party/cfitsio/iter_c.f,10525,3b97d4f46acb339ac6dc0d2315b780fab718db1e0c17605c52231bdc559fa058,excluded,lib,no
lib/infrastructure/aio/third_party/cfitsio/licenses/License.txt,1410,7d4fff8fb7a2044eb6b33df24515f68bda852aa1a1e85a15397187b86e098658,excluded,lib,no
lib/infrastructure/aio/third_party/cfitsio/longnam.h,22014,86d949a1cc4c9b41743e7a941211cdbe7d4d9aa35b9ab72b8be8cf65291cfcef,excluded,lib,no
lib/infrastructure/aio/third_party/cfitsio/m4/ax_cfitsio.m4,5573,7a77ade6b95c82d048b2413d04628b841819d35f00147effcd9b9358d9a0f3a4,excluded,lib,no
lib/infrastructure/aio/third_party/cfitsio/m4/libtool.m4,310981,fe3baac94510d4b563ed7562035bdff366e37f9e0ac274bf10e4f22d08e8664e,excluded,lib,no
lib/infrastructure/aio/third_party/cfitsio/m4/ltoptions.m4,15441,4cc29b667909fcde7a08c984367bce1a1902c860acf8774794484a2e1adeb07b,excluded,lib,no
lib/infrastructure/aio/third_party/cfitsio/m4/ltsugar.m4,4395,4f022724d2703c0c318eed04e04e833b82761b0a0cc02c865d0b7c1e5b2c6aba,excluded,lib,no
lib/infrastructure/aio/third_party/cfitsio/m4/ltversion.m4,714,40207e691ec7d3f06cedd592e50e44d7bc187b21ad791aeabdd50871b6606799,excluded,lib,no
lib/infrastructure/aio/third_party/cfitsio/m4/lt~obsolete.m4,6151,5a416905cc27c5d99ff81b61b9cf6a85c168b80178bb88f4c3eaf2e8f76c8cac,excluded,lib,no
lib/infrastructure/aio/third_party/cfitsio/modkey.c,66777,4c34448c183404866e6f66d64da541a1ff44ab9cf86433092dec57a6b18dd0f2,excluded,lib,no
lib/infrastructure/aio/third_party/cfitsio/pliocomp.c,7067,6b0588e574d4c1c09e6e02e8f9f048899380c6755d5665b0031d29f2573c9e29,excluded,lib,no
lib/infrastructure/aio/third_party/cfitsio/putcol.c,75221,f70d1a86b97a4f41d1873b2f8f8a2a93d3ba2fa4a6f27b86037e78ae0244d358,excluded,lib,no
lib/infrastructure/aio/third_party/cfitsio/putcolb.c,37750,a455041edb8486f3145c8df7f79a3e110776a434054747670aa1bd6d21856557,excluded,lib,no
lib/infrastructure/aio/third_party/cfitsio/putcold.c,38944,5942eaececbc77bdbff47ed400414bddfbd9f801742a715dda98d0ba2b411278,excluded,lib,no
lib/infrastructure/aio/third_party/cfitsio/putcole.c,39515,e1d9ee1f1527b7a59266fcfe9cacbdea3c770e97fae5a082d83947ab67d55e6d,excluded,lib,no
lib/infrastructure/aio/third_party/cfitsio/putcoli.c,35662,a6a0ccb187398ff034fe87b1c620426e07272c2fb3ef5215e331dc4bf07d3b91,excluded,lib,no
lib/infrastructure/aio/third_party/cfitsio/putcolj.c,71848,dfd07a7be7ef6e1ef13637058ce8b6493933ebf3313a61a281534d7c9241cab2,excluded,lib,no
lib/infrastructure/aio/third_party/cfitsio/putcolk.c,36612,db731a65dc7e2a041c3ff672f8201bc0bc03eae54ec1ab3dd900498e4e03d96a,excluded,lib,no
lib/infrastructure/aio/third_party/cfitsio/putcoll.c,13933,a23f6467dbbefb2ff032032d3ac1227d669f32aa500b9bfa502a4be7d3abdfe8,excluded,lib,no
lib/infrastructure/aio/third_party/cfitsio/putcols.c,10944,0e63349294a3cfcfff86a2855e8594ca99b98e425fa12e5e182565634fcb66d5,excluded,lib,no
lib/infrastructure/aio/third_party/cfitsio/putcolsb.c,35680,46e825a1db2897e18f05b5db15682ca910861b3c52b8a7364b1c05a1527bd3fd,excluded,lib,no
lib/infrastructure/aio/third_party/cfitsio/putcolu.c,21555,4cde219c0c4f8600e395d22b5fd0871e7f0084d69091929ccefb47c6ba4d156c,excluded,lib,no
lib/infrastructure/aio/third_party/cfitsio/putcolui.c,35051,306abf6b0f6e473bfe2b3c590ea18aa70b11a217b531d2027fd5f599fe39d5b7,excluded,lib,no
lib/infrastructure/aio/third_party/cfitsio/putcoluj.c,69713,ba11052056ab6d33d5c74c7afca114ef6ffd0608ac15b0b54f99a0ed6c04a2f0,excluded,lib,no
lib/infrastructure/aio/third_party/cfitsio/putcoluk.c,35867,eeac3261de966d5386a7121a3c2a2a831fc1ca7e65f67b365e47ae7e5431c8f2,excluded,lib,no
lib/infrastructure/aio/third_party/cfitsio/putkey.c,122940,672ed440ce69b6031498f7b4272e035b5e7a35eb9f0a02c900f85df55e17c2f6,excluded,lib,no
lib/infrastructure/aio/third_party/cfitsio/quantize.c,118885,9ab45b0409d94289bc793b9e5943d870e2f938a1ad64bf3594f48bbd5545147d,excluded,lib,no
lib/infrastructure/aio/third_party/cfitsio/region.c,57372,f3c3ed4863868118a111e9836852a4e783cebb323a035c5698faac1a9c203d7b,excluded,lib,no
lib/infrastructure/aio/third_party/cfitsio/region.h,2157,9ece17e2894e790567e061735600c7d79b401c03b2dcae6e29c1789ea496f178,excluded,lib,no
lib/infrastructure/aio/third_party/cfitsio/ricecomp.c,35727,4f85db87abce51e332c3344c46a70680d23d0970463c4f107635e69106c08429,excluded,lib,no
lib/infrastructure/aio/third_party/cfitsio/run-testprog,365,4c462c43a61afe62dcd4c97c3fddc9750bd1a291ddcc0ec75599a394496e214c,excluded,lib,no
lib/infrastructure/aio/third_party/cfitsio/sample.tpl,3581,8ca267c9f817f2864d8a9457bac5bd6c71f29f079afdc8d4e395b3c982df47dd,excluded,lib,no
lib/infrastructure/aio/third_party/cfitsio/scalnull.c,8973,778516c95c7c2c6a4b958b1709741e89b4e6132ef79819cd5f7ba2915636e481,excluded,lib,no
lib/infrastructure/aio/third_party/cfitsio/simplerng.c,13925,e739ed84b1fffe547ff0a4e24ffd901a8eb45e5ace741448f5f0580fa960bef3,excluded,lib,no
lib/infrastructure/aio/third_party/cfitsio/simplerng.h,1078,6abe1ada40bd1006397fa96d9fa51f04de074d684872f825067f55b64ba3244e,excluded,lib,no
lib/infrastructure/aio/third_party/cfitsio/swapproc.c,7703,0d2709c904e21b7989b335c97ffa4caa74d1be2c1dc52a06175fd7a801c59a2d,excluded,lib,no
lib/infrastructure/aio/third_party/cfitsio/testf77.std,66240,beeaa9d10868cc16aa85aa25d8fed754499d51d99140f0da6935928c030800b5,excluded,lib,no
lib/infrastructure/aio/third_party/cfitsio/testprog.std,69120,cb329672783c07132618f5cbeb67241e0d8886fbba039b64c1b8b4f5e1289df6,excluded,lib,no
lib/infrastructure/aio/third_party/cfitsio/testprog.tpt,396,227b7fadb06d451fddb6105f3386dd937f2059f29686832c46bf98e8899aca98,excluded,lib,no
lib/infrastructure/aio/third_party/cfitsio/utilities/cookbook.c,21885,7a0a5f1a22753cfe344b23fd56e2f1bd4a41c5b0c2d992a65736788d61fa0e8c,excluded,lib,no
lib/infrastructure/aio/third_party/cfitsio/utilities/cookbook.f,30206,e404c202106df2089cccd1c57f7cde6a13d17464c2d1c985e69cbf1632c3076f,excluded,lib,no
lib/infrastructure/aio/third_party/cfitsio/utilities/fitscopy.c,2642,d94216c501d2875baf57da8531123d695cda184bece81c9dc64197cac0c3ff83,excluded,lib,no
lib/infrastructure/aio/third_party/cfitsio/utilities/fitsverify.c,11283,b0937c42b843d32e1a9d41709d3873064b3680c4df917f1d31dc9ce71d4f2ae6,excluded,lib,no
lib/infrastructure/aio/third_party/cfitsio/utilities/fpack.c,16825,148f84845422d3d4f93ba49b00ab17c25c1f93af3763d05bff34747301759cf2,excluded,lib,no
lib/infrastructure/aio/third_party/cfitsio/utilities/fpack.h,7155,bbd6017b9b0b9d9df29a193ce93955a2dee03a28f8c726e1a91f49eb3d3844b1,excluded,lib,no
lib/infrastructure/aio/third_party/cfitsio/utilities/fpackutil.c,78403,ea1b0acdecb8245611d0fe93efe81041eba4a976cddfbc21000f5a651a931af2,excluded,lib,no
lib/infrastructure/aio/third_party/cfitsio/utilities/ftverify.c,16001,f756f23f526a9affb42dbe5b3217a7174a2cb313197c7b42a5c166dcb54267f2,excluded,lib,no
lib/infrastructure/aio/third_party/cfitsio/utilities/funpack.c,4664,102bfead4f8b488452f055a6f94e46a7aaf455a5fb905c1f7b4095919b1aad43,excluded,lib,no
lib/infrastructure/aio/third_party/cfitsio/utilities/fverify.h,7837,f8334719f5c19c53b9a879cddf425e805b237317d203c298ada16b88032f7ad0,excluded,lib,no
lib/infrastructure/aio/third_party/cfitsio/utilities/fvrf_data.c,27996,ca37082638ccc27d8387de3ef76c3e34fe56d39663686562c076feac5771f5ed,excluded,lib,no
lib/infrastructure/aio/third_party/cfitsio/utilities/fvrf_file.c,7635,23ce209b2f7bcdda49dce219693d246e9fd149d0bb43e1b7609bc8853ef2e457,excluded,lib,no
lib/infrastructure/aio/third_party/cfitsio/utilities/fvrf_head.c,101868,e5086d029712364e1d10985cdbb65e0b5c76558ae597bc499e446b89739d3169,excluded,lib,no
lib/infrastructure/aio/third_party/cfitsio/utilities/fvrf_key.c,18958,2b1ccb2aaf6e6184d7702fd6fedbd9ce7078141f5a7412341d933af0408b856e,excluded,lib,no
lib/infrastructure/aio/third_party/cfitsio/utilities/fvrf_misc.c,8508,6a1028c8514502e8f3b803a1f1647317630ae45de1da63ff5008bc0c1a3c6118,excluded,lib,no
lib/infrastructure/aio/third_party/cfitsio/utilities/imcopy.c,9368,51a87f82e1ecdef7f278b41a09f74b5be75667ad6fe8628b57433ab03455d6d8,excluded,lib,no
lib/infrastructure/aio/third_party/cfitsio/utilities/iter_image.c,2940,ba2988c051ed5f21ad91f551ae0592b2ced9f6e4e128da73883e53e2ca893a06,excluded,lib,no
lib/infrastructure/aio/third_party/cfitsio/utilities/iter_var.c,3139,08505c55dc768c77741f66511d45afd29c506d19d5ca3a64dbcc8b103f140dc3,excluded,lib,no
lib/infrastructure/aio/third_party/cfitsio/utilities/smem.c,2627,90397aa13ddeaebb4a41b43d7b195a49234ed73bd7aa3bfc14a6caf6fe648a5c,excluded,lib,no
lib/infrastructure/aio/third_party/cfitsio/utilities/speed.c,17999,68217e192c7f54cf762d0d2424a3e37e9045f07a629cbbb48efb3c8642c12dc7,excluded,lib,no
lib/infrastructure/aio/third_party/cfitsio/utilities/testf77.f,80140,fd658d1fec71fd10dcb2b043458501ad33999fdbc4e50f6069b78c6f4076e357,excluded,lib,no
lib/infrastructure/aio/third_party/cfitsio/utilities/testprog.c,85934,b9293706b3cf15690aa346571785a5ae91f3da24a22b4193311f3ef26194fd6d,excluded,lib,no
lib/infrastructure/aio/third_party/cfitsio/vmsieee.c,3782,972e71db410ea3c795a18715171b355a8bf20fefdef828ae830c16ec2874dbef,excluded,lib,no
lib/infrastructure/aio/third_party/cfitsio/wcssub.c,35267,5aef12602956cf80535027bef7c9aa38e940652d8be674cb33d34a1f024d79ae,excluded,lib,no
lib/infrastructure/aio/third_party/cfitsio/wcsutil.c,16769,f857edcd8a8cf2f94d720ec2b012ce493026303d02d1d971aee3e01180a100c5,excluded,lib,no
lib/infrastructure/aio/third_party/cfitsio/winDumpExts.mak,4257,5dfe20d8f4d6a31649b84fb5c2ef72a86b013ed52a33271be5a3f8fd0f88f2d1,excluded,lib,no
lib/infrastructure/aio/third_party/cfitsio/win_compat/unistd.h,948,ebe8b3919a84b6d19b7e328525bded8dca7df3d971cd7d02c7a2b1028c2d19fa,excluded,lib,no
lib/infrastructure/aio/third_party/cfitsio/windumpexts.c,13037,bec68703662d4e69f365b0198836e605bbd00bc5933d09b66b0da035b0200c02,excluded,lib,no
lib/infrastructure/aio/third_party/cfitsio/zcompress.c,19729,fc3b625d54be48418375779fdda8e9fc1421c33c5c53c9da5ec794ec0b998fd1,excluded,lib,no
lib/infrastructure/aio/third_party/cfitsio/zuncompress.c,16425,2dc6e7391b0e7c48725a69555941dd6939730640481b284b91c494150b1fbb82,excluded,lib,no
lib/infrastructure/aio/tools/aio_abi_mirror.py,9086,17b4a2109f81c3e960990a5767bd8c28457f09060e136ad09c89a812c3331ef6,tool,infrastructure,no
lib/infrastructure/aio/v6/CMakeLists.txt,1040,30ab4e49b8a50c9d1958cef9f2ea1b6083d5407482b85545e813c3729c199563,doc,infrastructure,no
lib/infrastructure/aio/v6/README.md,5252,d74e0b50f7cd154f162f515937b4733088c07eaff938a6d80b173e35313808ae,doc,infrastructure,no
lib/infrastructure/aio/v6/include/astro/aio/v6_atomic_publish.h,5008,9a681fc115dfba8f02167695d92f3dba8799120567657e8acdd81211ffac64b8,shipping_src,infrastructure,yes
lib/infrastructure/aio/v6/include/astro/aio/v6_bunit.h,3283,0e400efcfce7ef469cd6e01924aa40a5357da544be095f3730cba19c2fa46a00,shipping_src,infrastructure,yes
lib/infrastructure/aio/v6/include/astro/aio/v6_fits.h,7010,03e703b6af79217ec01593c5c1e33c1eee8a9c2da1eb3f27647814e99b8a7ecc,shipping_src,infrastructure,yes
lib/infrastructure/aio/v6/include/astro/aio/v6_hips_manifest.h,2504,c44dcf652640d9b5da4c1422ca94c228a3ffc4ffba080fce982d6d3edcdee803,shipping_src,infrastructure,yes
lib/infrastructure/aio/v6/include/astro/aio/v6_product_io.h,1867,033034a7465eebdf2e1c789da00314bcd20fa7f2abc0e46e19f066c42332eec1,shipping_src,infrastructure,yes
lib/infrastructure/aio/v6/include/astro/aio/v6_provenance.h,4943,638ce04290f38b918a711f45ab4ff2bbfb024e57cd7969d43830db6c4e5b8484,shipping_src,infrastructure,yes
lib/infrastructure/aio/v6/include/astro/aio/v6_sha256.h,1251,5254a1b06a9954431b22936a85826a9ef6c0cecc73704151445ce0af88831397,shipping_src,infrastructure,yes
lib/infrastructure/aio/v6/include/astro/aio/v6_validation.h,1483,be03f3a8fa58380e3154a05e4d5eaf6efe75450996a309c12c1c5e90832acc2b,shipping_src,infrastructure,yes
lib/infrastructure/aio/v6/src/v6_atomic_publish.cpp,16336,1a26d5e0e6eb7b0915ee05d4e0182fdbce228bff96b5d82ca97f09633a663571,shipping_src,infrastructure,yes
lib/infrastructure/aio/v6/src/v6_bunit.cpp,8777,b7067351e1b824fb42aad9e4ba144d88c4028feea7e448a0a83056c4af9f808f,shipping_src,infrastructure,yes
lib/infrastructure/aio/v6/src/v6_fits.cpp,24965,b24ebf4759d02ff64417def9385ae526225da5ee6035067b6432e74af00a66b1,shipping_src,infrastructure,yes
lib/infrastructure/aio/v6/src/v6_hips_manifest.cpp,7859,863da632981434ab44c042ffbcd9cd91d6332d66be2f66a78ff57080806f8ece,shipping_src,infrastructure,yes
lib/infrastructure/aio/v6/src/v6_product_io.cpp,3343,8951d36476ac2d2d2ffa9f0c7d62dbe3d5d90dc9cb53316833434922fa6fd964,shipping_src,infrastructure,yes
lib/infrastructure/aio/v6/src/v6_provenance.cpp,14913,3eed266c8bc24e5ba7fff1e8736a9aa6ddcbcd62acc2b00a44c3197105b4eac2,shipping_src,infrastructure,yes
lib/infrastructure/aio/v6/src/v6_sha256.cpp,4635,acb48c54973d3b0986efc7581215d2101d42a90f4e28bce2ae79fad903b3f10b,shipping_src,infrastructure,yes
lib/infrastructure/benchmark/PENDING.md,1587,018bb82c1cd87b43fd321e677bf16acdd5f683bf154278a6c9fc45659af951d7,doc,infrastructure,no
lib/infrastructure/benchmark/backend_host/avx2_backend.cpp,923,d2805204d5cc54a16b31dc08f787e3b14050e4910f0503e22a4c24aa3bf75b8f,shipping_src,infrastructure,yes
lib/infrastructure/benchmark/backend_host/avx512_backend.cpp,1071,c198fd510a01176308732b6235cb878b64b0ba07b1ec0bda2c0b66ddece6637c,shipping_src,infrastructure,yes
lib/infrastructure/benchmark/backend_host/avx_backend.cpp,758,0ef363f03728e193324c1951d293ef8313aa22296a428c37959d75a4e3b7de50,shipping_src,infrastructure,yes
lib/infrastructure/benchmark/backend_host/backend_loader.cpp,8821,ddb80798a88746453530b9ef1c9d8282211a525f6d822692463a04ed7ee2f7c9,shipping_src,infrastructure,yes
lib/infrastructure/benchmark/backend_host/backend_loader.h,2469,dbd2ee93fc4acc62c0b3b47095a4c6e08b8e16abda226dfa49bdcbb1e1427df9,shipping_src,infrastructure,yes
lib/infrastructure/benchmark/backend_host/backend_table.inc,6244,ac2ec89c26a24462d9b063d1112f725cc4c7036fb8ac26d2e80953c4866248da,aux,infrastructure,no
lib/infrastructure/benchmark/backend_host/baseline_backend.cpp,1643,8928f1555dba6453bce6b762da48ff0bcf56d6a98ec9f748ed8abba98c746ddd,shipping_src,infrastructure,yes
lib/infrastructure/benchmark/backend_host/baseline_kernels.h,2499,817ece9674f74355bd064041ff77443d74600b91bcba29443bb86e5f5963f82c,shipping_src,infrastructure,yes
lib/infrastructure/benchmark/backend_host/baseline_kernels_impl.inc,14807,b7165caa2ac4ba08515fa4f2e29a55ff245f32c473aef361eb9f56aea1c5c4f0,aux,infrastructure,no
lib/infrastructure/benchmark/backend_host/bench_harness.cpp,9363,fea0e72f347fcfdfef97ab59a1471cddfbdd6bff7d4ba74e095a8f485f28150e,shipping_src,infrastructure,yes
lib/infrastructure/benchmark/backend_host/bench_harness.h,3483,151246d84f646df9d0a05bfdf03fe9c7d24fc2abb15ac30979c68e4f2bee25cc,shipping_src,infrastructure,yes
lib/infrastructure/benchmark/backend_host/bench_report.cpp,18727,511804018e16fcef80174610fddbba72aaa0e9ce2c1834fc1c8cc52a6a1069ab,shipping_src,infrastructure,yes
lib/infrastructure/benchmark/backend_host/bench_report.h,6692,0688b814c2fc58ed1079d561b58ed4ab64ada42a81c67935c77786da91377f81,shipping_src,infrastructure,yes
lib/infrastructure/benchmark/backend_host/cpu_features.cpp,4100,3f3c4b6f3aa4aa2a5c5b4a733547194ca054cd0463ad8d621d8403262651ccc2,shipping_src,infrastructure,yes
lib/infrastructure/benchmark/backend_host/cpu_features.h,978,e4453a52847e6e2a6cfd38a5b0fc926ff55358f2c3d62fd548cf201a6b1f9ddb,shipping_src,infrastructure,yes
lib/infrastructure/benchmark/backend_host/cpu_routing.cpp,26178,b185ba8448930d371e0a414c4a126cc714b6baf626373a417cc57c6bfc996143,shipping_src,infrastructure,yes
lib/infrastructure/benchmark/backend_host/cpu_routing.h,8869,7cc9c142e481f2eec82bdea75bd5a8fee0540399108676a0238213c4df85da96,shipping_src,infrastructure,yes
lib/infrastructure/benchmark/backend_host/hardware_inspect.cpp,12229,6188620bdca471f5283eb3a0dab660405c654b0695a5e51ec8a45d80afbd15af,shipping_src,infrastructure,yes
lib/infrastructure/benchmark/backend_host/hardware_inspect.h,833,bf9000e1fd8d13cbd473407da42bfdea12ff12370fa6359e1f946ce56f0fd1c7,shipping_src,infrastructure,yes
lib/infrastructure/benchmark/backend_host/host_services.cpp,5843,b05dcfae7bb449c621e7c4dad84d75afda661c147fe2115a0cf686ecf1b3a6ad,shipping_src,infrastructure,yes
lib/infrastructure/benchmark/backend_host/profile_gen.cpp,6147,253827e703f5fd4fe6360f43ebe9835462ffe901711a8a07902c77b0a328d514,shipping_src,infrastructure,yes
lib/infrastructure/benchmark/backend_host/profile_gen.h,3831,05c17c6a78feca275ad28e4e8f39d5c0e27ef5c91b5f2f09fba4f3ea22626e17,shipping_src,infrastructure,yes
lib/infrastructure/benchmark/backend_host/profile_gen_v2.cpp,33170,a4004ea3cbe7e0cade863870773641c15d13559c6c82056ea6b65a9b331e5119,shipping_src,infrastructure,yes
lib/infrastructure/benchmark/backend_host/profile_store.cpp,16601,25da04dd2b1323af62f1386c8ca9481630bb09e2965a4e8e1096f4557bb88569,shipping_src,infrastructure,yes
lib/infrastructure/benchmark/backend_host/profile_store.h,7482,8c74e8647c13fc2a88960ec94782b946024afc4045ee8703d726c767c156bebd,shipping_src,infrastructure,yes
lib/infrastructure/benchmark/backend_host/worker_advisor.cpp,12664,718bc1c30d4823e7fff87a0b4bc66cb94d78a5f2c6d4ed7cb49959e5a6c6a6f9,shipping_src,infrastructure,yes
lib/infrastructure/benchmark/backend_host/worker_advisor.h,7531,f889ad077295f30ac08dd5fd2aa73e57a5b3e8d56b8b425c2ccf67976aa67273,shipping_src,infrastructure,yes
lib/infrastructure/benchmark/cpu/avx2/include/astrocs/cpu/avx2_provider_v1.h,6539,33a820cc4043df555897786db8c14083597807ddd61a1e08b6fcdfa19365d110,shipping_src,infrastructure,yes
lib/infrastructure/benchmark/cpu/avx2/src/avx2_provider.cpp,20366,0e2e24ae6083df9de16fc487d23766eee83e23566051121be8f90a274683e3d2,shipping_src,infrastructure,yes
lib/infrastructure/benchmark/cpu/avx512/include/astrocs/cpu/avx512_provider_v1.h,7050,f234dbcfb062db6ef62d73419f9503a9de8a14b769fd94fa57222b92aa90462e,shipping_src,infrastructure,yes
lib/infrastructure/benchmark/cpu/avx512/src/avx512_provider.cpp,20570,e82fcd0e21efb4048ee5b037e702ecf0bfd4f37b3c4423dbd75373740b2352f7,shipping_src,infrastructure,yes
lib/infrastructure/benchmark/cpu/baseline/include/astrocs/cpu/baseline_provider_v1.h,8861,ad6b040f7f488e906fb55f594948ad76577748dbbe94dcc7136fb62fd2f8f0c5,shipping_src,infrastructure,yes
lib/infrastructure/benchmark/cpu/baseline/src/baseline_provider.cpp,29986,b0f5d08f392a7b0d8c0ed25f183c6ae871b8402fe82f25bfce6c5178d303857a,shipping_src,infrastructure,yes
lib/infrastructure/benchmark/cpu/common/README.md,6490,eec7661605f016d86b33f2a9d7f6bcfc7a372a781dd73e5be5637cc228c1ffef,doc,infrastructure,no
lib/infrastructure/benchmark/cpu/common/include/astrocs/cpu/capability_v1.h,8727,f0123d4948beb3a047a1129d803789ca4773ced68a93ebf0c2c808c295cdfd89,shipping_src,infrastructure,yes
lib/infrastructure/benchmark/cpu/common/schemas/cpu_capability.schema.json,3211,a7a73c864d179bd6012261d14e310f56437fe59ad7fc3be6355d743ef7f86a5b,aux,infrastructure,no
lib/infrastructure/benchmark/cpu/common/src/capability_detect.c,16252,8df660a864037fb03852da71f71f72eb850bb2950e1a804768b7e0cd2a5e6ac3,shipping_src,infrastructure,yes
lib/infrastructure/cli/CMakeLists.txt,2212,297efe43a179d41c78ab36d597246d31f0f129743de379f2da701be288e8b4de,doc,infrastructure,no
lib/infrastructure/cli/README.md,2429,9cc524470f2690fd9c9a37477d525db3f6906c88858b429ded6a99ec7df54bab,doc,infrastructure,no
lib/infrastructure/cli/astrocs_process.h,2519,586e5d548531c16ed88558aae879c1310b8be200a9170daf24f4d2663dec4e78,shipping_src,infrastructure,yes
lib/infrastructure/cli/cancel_token.h,1174,2e75da4f6c829cc3b3985d03d3e4138ce11f663ab463838002bfc11ea8c9f3ed,shipping_src,infrastructure,yes
lib/infrastructure/cli/cli_common.h,8403,94fe9c6f9c7ded0b97e8e7b8f4970017498e6b00a1cbacaf765e3568e231d32b,shipping_src,infrastructure,yes
lib/infrastructure/cli/command_tree.h,8418,e0e33a95ff14613214bf7c45b7726d078b459e71222e7d169565b3be78f6df7f,shipping_src,infrastructure,yes
lib/infrastructure/cli/commands.cpp,137523,469f5ecfbc01b6430372673aaf820d77e32312fe9060e765b431c8214d0f0a8c,shipping_src,infrastructure,yes
lib/infrastructure/cli/disk_gate.h,12209,56d344b7168739493fcee7c94c1bd601e326b41931b492f6f14f174feb236da0,shipping_src,infrastructure,yes
lib/infrastructure/cli/exit_codes.h,979,59d32491616d886ce1a1db54d22f040ed8dc6b4895a36a9eda77ce7719f785b6,shipping_src,infrastructure,yes
lib/infrastructure/cli/export/export.h,754,e569ea1f8eac8c575feae0d1abe2650abd292b80491715e750bca4f5102df0e2,shipping_src,infrastructure,yes
lib/infrastructure/cli/jsonl.h,11845,4df613db6eef9b64cd301adbdd7b60fc5d0e906f85080676d2d9ed11622af059,shipping_src,infrastructure,yes
lib/infrastructure/cli/main.cpp,4871,cd565d23ed4b8dc1a06c770ef1ef43bc3fea7935156434d4b215fb80d2786f40,shipping_src,infrastructure,yes
lib/infrastructure/cli/memory_growth.h,6647,f97c176ef7cdce1b2f500111b63cdca1f0290328696571a3604ea07bd849f34b,shipping_src,infrastructure,yes
lib/infrastructure/cli/memory_report.h,31710,6df0ec56d1c91b4c4b9d7f4eb6f31e30fb1acb4102c238f7770709fb716bad99,shipping_src,infrastructure,yes
lib/infrastructure/cli/module.yaml,1625,f5bf8de59c954bc62c744bb52af63bb2369c9aa67052b6dc772a65b4121c1eb5,aux,infrastructure,no
lib/infrastructure/cli/monitor.h,20994,7aa668f04af6cf59fb3bf2f526d8f3bd62d26dfe0ade9f8b93e0264a35d4442d,shipping_src,infrastructure,yes
lib/infrastructure/cli/mosaic/mosaic.h,754,93f705fd69b21f11df2572989f80be28e2ad2b669a17a7255330a76156f46eb3,shipping_src,infrastructure,yes
lib/infrastructure/cli/normalize/normalize.h,775,c53601c338ade46cf7097e3c49ff95e24815b430ff838c6f40231c737cc966b0,shipping_src,infrastructure,yes
lib/infrastructure/cli/parser.cpp,40781,027fc43206f639d0536b807fe0f866b32d6e62606c510b7171608581e3b1cd5c,shipping_src,infrastructure,yes
lib/infrastructure/cli/process.cpp,7774,50c0fc372da9a3b8a5bffa2c1f9fe53b63e68e5cad01357fa3693a49aacfa515,shipping_src,infrastructure,yes
lib/infrastructure/cli/protocol.h,8016,f63738d5c579e5624e289bbda1d06a37b11c904616bf8164931475d828922fc7,shipping_src,infrastructure,yes
lib/infrastructure/cli/resource_events.h,3804,a2a697f1d9d50a71994095d76ff2d1accd80b240a68522a2507a7adc4cd08132,shipping_src,infrastructure,yes
lib/infrastructure/cli/resource_gate.h,35273,d5f031e4f6bf4c45a4744d20dc5066e900d66ae93287990ab9bbd966c9dccb29,shipping_src,infrastructure,yes
lib/infrastructure/cli/resource_gate_thresholds_generated.h.in,2301,f0d717631092f9be678a2506f863cc2d382323c897104e7712e464bc4018cee7,aux,infrastructure,no
lib/infrastructure/cli/resource_recorder.h,18597,1f4ba2c8fd66de08f97ddc99302bd0cc0a71461bb8926ea015a1357afbbf076d,shipping_src,infrastructure,yes
lib/infrastructure/cli/runtime_client.cpp,25481,1905b15f785a246c5f4000ef4904f3131e5d284ecaf6097a4490d3007905c129,shipping_src,infrastructure,yes
lib/infrastructure/cli/runtime_client.h,4075,b616cd652960879df09a650f826dbff2d183f555c0762bd4a161a7d32a456ca7,shipping_src,infrastructure,yes
lib/infrastructure/cli/session_commands.h,27170,d2411fa5ac82b6497002d7a13b8cfea5038d392e8169aafc9054dd353984ed25,shipping_src,infrastructure,yes
lib/infrastructure/cli/subcommand.h,28706,e8f50b797607c240cdbfc4981e1a31c262d89d169cd984d446a4f9e319dcfa9a,shipping_src,infrastructure,yes
lib/infrastructure/cli/v6_mode_gate.h,4800,186cd97046553914c8ffeb2734ff7b9cd737f5fe683b5b6f66600aafc39dfc85,shipping_src,infrastructure,yes
lib/infrastructure/cli/v6_runtime_contract.h,19293,ac075e66c56ab47a58499a615afd09274b018c95b05d5fe18aad1f019dd45e44,shipping_src,infrastructure,yes
lib/infrastructure/cli/version_generated.h.in,120,1d23ef946ae38c2e79de090c1fec93cfdc3fb1ed0baadf0390e533f2bf40111f,aux,infrastructure,no
lib/infrastructure/gaia_xpsd_client/.gitignore,62,bce02cee6d5416e02a9c3c26e52ecea1cdc95a0fe5a25fa0f9637538c65b5503,aux,infrastructure,no
lib/infrastructure/gaia_xpsd_client/CMakeLists.txt,6424,39100b3afb9e051c8c0140db0d5a720b8b6e47c99a982417f0b773c4d8985d30,doc,infrastructure,no
lib/infrastructure/gaia_xpsd_client/Makefile,596,b265f8e7a74d69f98c6c81024287af29349499836d5f7f189303715d1fdee62b,aux,infrastructure,no
lib/infrastructure/gaia_xpsd_client/README.md,10190,14c212b7970f6b74a092c4afc81818dd14b2ac7a14295a6629aedcf6cb909698,doc,infrastructure,no
lib/infrastructure/gaia_xpsd_client/example/demo.c,1279,e11e10de7a17b3a21a604666467bbbeba667e97167cebe90e6ad6072f6634cf5,shipping_src,infrastructure,yes
lib/infrastructure/gaia_xpsd_client/include/astrocs/gaia/types.h,3610,291d3148ae27b5d984d90ac5b912e2422f4e1c34b179ef5e6e6b175ad9100591,shipping_src,infrastructure,yes
lib/infrastructure/gaia_xpsd_client/integration/astrocs_catalog_gaia.integration.json,8776,f70aa7d815664346a499868ab90ceb0d92680c755c7a50bf65a4964e042cd719,aux,infrastructure,no
lib/infrastructure/gaia_xpsd_client/memory.md,5143,cfd783efd40fd7bab09aff561e3f2a736f9fa1db473981b8785c0f10306a595e,doc,infrastructure,no
lib/infrastructure/gaia_xpsd_client/module.yaml,2579,79ca9854702bf234aad87c95474a6dbb38988543724bb3bbf869a25171febc97,aux,infrastructure,no
lib/infrastructure/gaia_xpsd_client/src/gaia_client.c,133949,081bf114a7887fe2b54d9a9309941365c54154734649e03a1cee4a60cc5d7a3f,shipping_src,infrastructure,yes
lib/infrastructure/gaia_xpsd_client/src/gaia_client.h,11313,0fa88652c19a7ec20924e401f72de2402b04cf09efdc03b721cf0efdefa84762,shipping_src,infrastructure,yes
lib/infrastructure/gaia_xpsd_client/src/module_entry.c,47195,e125c46888663502ce24bfe2b12792a6d28e0f5c847153b191374474543c0124,shipping_src,infrastructure,yes
lib/infrastructure/gaia_xpsd_client/test/test_gaia_race.c,9631,d654c00f35eac06d8f91a73e9e4bd03c961c9e40a2397442c28e2bad1fff785d,test,infrastructure,no
lib/infrastructure/gaia_xpsd_client/test/test_spec_collector_ownership.c,7082,43ba3a10d0030f76911bfa315f4bcac4fd797e385fe95a49ff306ee693c01b29,test,infrastructure,no
lib/infrastructure/gaia_xpsd_client/tests/test_gaia_zlib_configure_contract.py,23380,51bb92e02bd6f699dbef693219984cfa7dd41a3925ac1642e9cc3d2170adb850,test,infrastructure,no
lib/infrastructure/hips_browser/PENDING.md,430,647974e495ca39846f5e183076eec03a1398ac1aaf894445be2325f920a74160,doc,infrastructure,no
lib/infrastructure/hips_browser/healpix_browser_qt/CMakeLists.txt,7678,f7e5a6104c123be1014a37f626135e89d76981ad831d25fdda1743ae48ef2036,doc,infrastructure,no
lib/infrastructure/hips_browser/healpix_browser_qt/Makefile,1948,93600d0dde2d62813c3ca7bef357a6df5a5669934ff26c83dd5511edd07c2b60,aux,infrastructure,no
lib/infrastructure/hips_browser/healpix_browser_qt/README.md,4977,784a522faa1485edff6e5e2745f1d1bc6f4e4e9f070f0332a305b08dddaf0eea,doc,infrastructure,no
lib/infrastructure/hips_browser/healpix_browser_qt/app/browser_cli.cpp,57171,769027b278ea9e78ea3e06d8c973c7ab9c8011e3532069e310848ddd9bb35944,shipping_src,infrastructure,yes
lib/infrastructure/hips_browser/healpix_browser_qt/app/main.cpp,6150,42f3cadfa4bfdebc7a13a5320e3e4972ad491d1282d1550b879cb6473ae9a706,shipping_src,infrastructure,yes
lib/infrastructure/hips_browser/healpix_browser_qt/app/main_window.cpp,41690,bb601883f75b1d7f5c6824350083f756c4be14d715e2a8ba164bfdcd90030f41,shipping_src,infrastructure,yes
lib/infrastructure/hips_browser/healpix_browser_qt/app/main_window.h,5899,ae53165a0404fe0f461ef211afa6ba59bfb81c685b310b49700381bd8e319720,shipping_src,infrastructure,yes
lib/infrastructure/hips_browser/healpix_browser_qt/app/stf_bar.cpp,7040,f09a22d154110df0535bdcdf119bad9202187b50416213dd75164a6f2c737411,shipping_src,infrastructure,yes
lib/infrastructure/hips_browser/healpix_browser_qt/app/stf_bar.h,2679,ce7a293a10b75e2e7999abb8a01e1fd03df52fe0b1c2e87081e4abebf9661e17,shipping_src,infrastructure,yes
lib/infrastructure/hips_browser/healpix_browser_qt/app/stf_panel.cpp,1714,a51977ec2de07d9f7a3f1617f9390eaf81b1c1db5c662c2f36cc25562d5973b7,shipping_src,infrastructure,yes
lib/infrastructure/hips_browser/healpix_browser_qt/app/stf_panel.h,1577,2a7eb66cfc0401ee63696b73fd1753485cf287c11733ea0674e9c49d66977a63,shipping_src,infrastructure,yes
lib/infrastructure/hips_browser/healpix_browser_qt/core/browser_backend.cpp,41816,9a21a537867b86f9fe53a0c575231fc800db17bf1e4c699ad2da8add6f2995ec,shipping_src,infrastructure,yes
lib/infrastructure/hips_browser/healpix_browser_qt/core/browser_backend.h,11242,3629d8f11fd505f0d5bd9f8b74a3aa71edafa36cbc8369d2815a78d4f63adf58,shipping_src,infrastructure,yes
lib/infrastructure/hips_browser/healpix_browser_qt/core/gl_renderer.cpp,82771,ad55c9bc15f8b816762df8f971c4c44c01308f1703031e3be4f8eda1ab65d27a,shipping_src,infrastructure,yes
lib/infrastructure/hips_browser/healpix_browser_qt/core/gl_renderer.h,9154,48adb847b83d96f322b598e3e8e2d8673aef074dfd8b0463ea57f3f68280dce4,shipping_src,infrastructure,yes
lib/infrastructure/hips_browser/healpix_browser_qt/core/healpix_math.cpp,4608,8a44768330abded2a7e9d7793e13d6e22b3600ea92208e3e1de57b83fc60da7a,shipping_src,infrastructure,yes
lib/infrastructure/hips_browser/healpix_browser_qt/core/healpix_math.h,1788,90f0a6899475c49e4f96d0d0aba580aaf7eb41df94469926c863ae18e2a6634a,shipping_src,infrastructure,yes
lib/infrastructure/hips_browser/healpix_browser_qt/core/hips_browser_backend.cpp,14257,e517aa2dca26d0bb4aa9cd41ba49b47a0c1393b163ea1451d164615dc382fd23,shipping_src,infrastructure,yes
lib/infrastructure/hips_browser/healpix_browser_qt/core/hips_browser_backend.h,3847,fc26e715f2f2891ef7f9229ea14616191e58396476d0f72de8aafd0c12faec63,shipping_src,infrastructure,yes
lib/infrastructure/hips_browser/healpix_browser_qt/core/hips_sky_view.cpp,21313,833eaba567b416e08faa7f135d201c82548793d22295aa4baf2df801482fe6a6,shipping_src,infrastructure,yes
lib/infrastructure/hips_browser/healpix_browser_qt/core/hips_sky_view.h,6540,d1908546638da1d654a8be2e82d39dffb83b8daf43970af6a748a506aa2fc337,shipping_src,infrastructure,yes
lib/infrastructure/hips_browser/healpix_browser_qt/core/logger.h,2491,5002c43fd953b71e4721908b3b65b89258a757861041ea94eed17ac049220392,shipping_src,infrastructure,yes
lib/infrastructure/hips_browser/healpix_browser_qt/core/stf_engine.cpp,6616,6e551889a0d7a11211bb8e47dd1cd1f560f0f7f618b49c296fdbe870a451893e,shipping_src,infrastructure,yes
lib/infrastructure/hips_browser/healpix_browser_qt/core/stf_engine.h,4315,201a3a04693c2ed501eac288979d8d9982634d811f26697bbd5e0f34f1a67982,shipping_src,infrastructure,yes
lib/infrastructure/hips_browser/healpix_browser_qt/deploy.ps1,3326,df2287dec13339713b22001a9b1e9107ea343fc559d92593f6f8519c06320d65,tool,infrastructure,no
lib/infrastructure/hips_browser/healpix_browser_qt/include/healpix_browser_core.h,607,017bf5777d61d069667f779947eb9ce18044e5e24d9044060879bddb4f6e2f28,shipping_src,infrastructure,yes
lib/infrastructure/hips_browser/healpix_browser_qt/memory.md,19577,307155cb7ec7d4854da513cc5ce164fc9b5a8aa6deb6346ec96ba841f6314b2d,doc,infrastructure,no
lib/infrastructure/hips_browser/healpix_browser_qt/run_healpix.bat,401,bc13956a21df7074e538f753edccb8234a925e6b9e17099d3ca37a74bf7a90af,aux,infrastructure,no
lib/infrastructure/hips_browser/healpix_browser_qt/tests/gen_hips_browser_test.py,5575,6582dfec8015feef8709395f3e3301777355973333a88daed798f6d974b5c117,test,infrastructure,no
lib/infrastructure/hips_browser/healpix_browser_qt/tests/test_browser_backend.cpp,3448,b10d35df885cf1d12d444f3b203aa274b882dd787c3b19e4573408de8e78eb61,test,infrastructure,no
lib/infrastructure/hips_browser/healpix_browser_qt/tests/test_browser_dual_dtype.cpp,4356,2e043b30fce1d5a58c28bd6160a9115c678507df8ed040f0e42c1002d483fea3,test,infrastructure,no
lib/infrastructure/hips_browser/healpix_browser_qt/tests/test_geometry_truth.cpp,9825,f0e3f026922af0d3b21b755667130801985fe794bafb2478dc0ce69420bab750,test,infrastructure,no
lib/infrastructure/hips_browser/healpix_browser_qt/tests/test_healpix_math.cpp,3425,5c3c52dcfdadfcc9b67018659b27e23aee961473e4a7bec1df19b7b37bfd2b50,test,infrastructure,no
lib/infrastructure/hips_browser/healpix_browser_qt/tests/test_hips_browser_backend.cpp,6523,da65d889811e7c2bdac701039e248102a59df08503017d4c07c289462a593dec,test,infrastructure,no
lib/infrastructure/hips_browser/healpix_browser_qt/tests/test_stf_engine.cpp,3122,9fa7f1ca41605529e6892e8fa7d3fb4f9cb74e5bfa4f0025ced7349b008fb154,test,infrastructure,no
lib/infrastructure/hips_browser/healpix_browser_qt/tools/gen_geometry_truth.py,9174,c83ef4afa55afa9a910323d989056553da821467487028a3bf9af408d2337f40,tool,infrastructure,no
lib/infrastructure/hips_browser/healpix_browser_qt/tools/gen_ref_source.py,4906,d4089e38fc90316befed9cd09bd51e8480a4ea7444adc411be4172cb626e2bb8,tool,infrastructure,no
lib/infrastructure/hips_browser/healpix_browser_qt/tools/hips_tile_oracle.py,9809,40271dbfadb01de889931f84987a4ce0c89ef16f901d551461ba9dd1e1bdec29,tool,infrastructure,no
lib/infrastructure/hips_browser/healpix_browser_qt/widgets/abstract_view.cpp,9607,252dcd73b8487d01cd4f3205fb5cda8e7505d3b0557d3337c51c7c6409214257,shipping_src,infrastructure,yes
lib/infrastructure/hips_browser/healpix_browser_qt/widgets/abstract_view.h,3589,f27c30abfcf6e0b86dd23ce6516f9397cac2b57b4bfc79aa85bb13593ad7e624,shipping_src,infrastructure,yes
lib/infrastructure/hips_browser/healpix_browser_qt/widgets/hips_view.cpp,5865,92bf5bede87b6c9509f1a32776f25afcb829d1087e69f23644808e79c5d50d36,shipping_src,infrastructure,yes
lib/infrastructure/hips_browser/healpix_browser_qt/widgets/hips_view.h,2471,a4e54e35f867289c2dcb9e246f657752ab2e6f9aa9244a5bdc4375cb6ea491e5,shipping_src,infrastructure,yes
lib/infrastructure/hips_browser/healpix_browser_qt/widgets/sphere_view.cpp,18652,e39d495458e8a326597a2de6f3a949cbb07346dd00f4a9761000fb76fc35ed19,shipping_src,infrastructure,yes
lib/infrastructure/hips_browser/healpix_browser_qt/widgets/sphere_view.h,5496,a13fff1abf529f39fb35d3684da6402c9dbeda6e5be814bd39ac944085f7df68,shipping_src,infrastructure,yes
lib/infrastructure/observability/PENDING.md,1462,33f6e9692326e8a88a93a266bcb99eb5b633dc5c2a10a1c1331fd5eecd50abfd,doc,infrastructure,no
lib/infrastructure/observability/logging/README.md,2563,973ba5ffaddf5de7bbaf1cd9fe6dad92528445e5ad6745c07cbfd7fbbf4c0647,doc,infrastructure,no
lib/infrastructure/observability/logging/log_event.py,11131,773f07edb99f31d970b8630429a2c150b2d787063e60607da312008814fbb66f,tool,infrastructure,no
lib/infrastructure/observability/logging/log_event_v1.schema.json,6224,944c02fadf3368aac1fcd0777415f926edc0a57e82d5aecddce40669abcd993c,aux,infrastructure,no
lib/infrastructure/observability/monitoring/__init__.py,1184,591a7287e98602846be779168bde961deff586000bfa37ba10558a424a4614c9,tool,infrastructure,no
lib/infrastructure/observability/monitoring/linux_procfs.py,10622,aa7ed92bddd71788e69db9cd46689e4f4ae2ea3c8fac48686967a482c860893e,tool,infrastructure,no
lib/infrastructure/observability/monitoring/monitor.py,31198,35ce4e8de771b88581ad08db39398635ca3c616e89443136ccba1017de905e75,tool,infrastructure,no
lib/infrastructure/observability/monitoring/runner.py,7797,e9dccf432aeb8f19fee51739491b47e022ac2de364ccc523ee6992a25832de5a,tool,infrastructure,no
lib/infrastructure/observability/monitoring/trace_feed.py,7380,23b3313475126572ecc5865eeb7f59ab2d9358c53cd879c9d6793fb6610f453a,tool,infrastructure,no
lib/infrastructure/observability/monitoring/windows_pdh_etw.py,1923,ededd4e9fdf55d453d6a96e9808bb23b717890ece037bf5d5ca50b7e4b9b6632,tool,infrastructure,no
lib/infrastructure/observability/probes/README.md,2552,44aab3f2f23381702919eb0169ba0eb792bcbcdc2f34404a04b413c95e99f87e,doc,infrastructure,no
lib/infrastructure/observability/probes/include/astrocs/probe.h,8166,c04c8e375876db2fc412cccfbf3c31b0bd7381c49755e8d486adeb1cbb29994b,shipping_src,infrastructure,yes
lib/infrastructure/observability/probes/src/probe.cpp,11418,ce347506321daa8cb75cbf05a7a98462cd03e04cedcff10073449fc00286d385,shipping_src,infrastructure,yes
lib/infrastructure/pipeline/PENDING.md,1563,8ce5c71307278251c161c2fd8dca9b0d3287c2e0bcff69988a85610edd0d7df3,doc,infrastructure,no
lib/infrastructure/pipeline/fixtures/phase2_typed_dag.json,3016,fcafc49ae2549e817d0f1665ab0b5cbed381cdd5a1149a379a104436604ce811,aux,infrastructure,no
lib/infrastructure/pipeline/module_loader/README.md,3201,1910647a54619d90dd11c3174f8130d373c9d54e0e8e56043830e2ce6ac544e0,doc,infrastructure,no
lib/infrastructure/pipeline/module_loader/module_registry.c,43366,60e8b8d97268f1a6efb52b8b5e6855961f673ea4dbc95e1558bd685bc5611fff,shipping_src,infrastructure,yes
lib/infrastructure/pipeline/module_loader/module_registry.h,10577,354fdbb56b37e1015693923d8f4d4ef7e55a8c93e3d2747d1cccf8c801cc700a,shipping_src,infrastructure,yes
lib/infrastructure/pipeline/module_loader/secure_loader.c,30504,cbb46c6241fe8518dbe191452835d4ec5c009e93b112aa83d584670ce9a27cfe,shipping_src,infrastructure,yes
lib/infrastructure/pipeline/module_loader/secure_loader.h,11567,80136d480bb1aa6085b23aa0cee3a13b35e6237bde7fddb01489212d61c89054,shipping_src,infrastructure,yes
lib/infrastructure/pipeline/module_ports.registry.json,76282,f143267970027b56672226161807bca1b5abff17b78c8042ad16ea6381ab117e,aux,infrastructure,no
lib/infrastructure/pipeline/orchestrator/.gitignore,64,f95c299b75112cc57e8463b345f78f7ac6fdbb5464ae5219209f62e16b8353ce,aux,infrastructure,no
lib/infrastructure/pipeline/orchestrator/README.md,4550,0b3449ed90bbbe2ed3e2cd102ba1eb5497dc737c6193c360a28df6998ca190d9,doc,infrastructure,no
lib/infrastructure/pipeline/orchestrator/configs/stage1.schema.json,10462,cc27ce60681f3180719ab4667434b9106cf92da40859433be53d4b27b4ff5383,aux,infrastructure,no
lib/infrastructure/pipeline/orchestrator/configs/stage1.template.json,1652,8c2520cc5938e5c7b32d62ebbebb9a22f24018c672ce629df001309d1f66a644,aux,infrastructure,no
lib/infrastructure/pipeline/orchestrator/configs/stage1_gc_panel1_Red.json,2633,a5f37928198b2f9666157c701794085ab2aeb9c66ac225e5db92b2f88448cc39,aux,infrastructure,no
lib/infrastructure/pipeline/orchestrator/configs/stage1_gc_panel2_Red.json,2633,be5f73527fc30b9c0870212100f83532edf9244cf342da86015562d8453cbc20,aux,infrastructure,no
lib/infrastructure/pipeline/orchestrator/configs/stage1_gc_panel3_Red.json,2633,75bb9b0aff7d4e1ffef295d713f15de44abc34b4e34c0d11c2e306a7012b66e4,aux,infrastructure,no
lib/infrastructure/pipeline/orchestrator/cpp/.gitignore,27,e029d5ffa7ea40f464ea61af39b11d1443a395942bbf00d9b039e7f8a1cde9a6,aux,infrastructure,no
lib/infrastructure/pipeline/orchestrator/cpp/CMakeLists.txt,6293,33255b8f232922576f27915a28b7c20fbbb764c39e342ac96ef13d47ac239417,doc,infrastructure,no
lib/infrastructure/pipeline/orchestrator/cpp/Makefile,11999,a04539440963e2024068e33091c0983f2a9bc15ad493c1aff469e4733d36b485,aux,infrastructure,no
lib/infrastructure/pipeline/orchestrator/cpp/include/admission_controller.h,7348,d6f5dea11ea730dcd9d9e21b5865b3ce87061fd32782cae547d82730ebb301fd,shipping_src,infrastructure,yes
lib/infrastructure/pipeline/orchestrator/cpp/include/checkpoint.h,4383,d09216a302f7491e5a6818ca18d5aa3d6120589cc877c70817f9c512bc21fefc,shipping_src,infrastructure,yes
lib/infrastructure/pipeline/orchestrator/cpp/include/cli_command.h,3299,13a87c3d3b6e6896211b2506fabaf48eb96c07ac08393ff60a5baf82e1270b12,shipping_src,infrastructure,yes
lib/infrastructure/pipeline/orchestrator/cpp/include/dll_loader.h,4621,97315be939f0f9eb8c43f2ad14c7daf9653e0fb785849bd59810ea2a7d0a6c7d,shipping_src,infrastructure,yes
lib/infrastructure/pipeline/orchestrator/cpp/include/json_config.h,4808,d3147c6fd848b71269ccd2fa819510ca252f3e6fc7731b5116df3449622bbcd2,shipping_src,infrastructure,yes
lib/infrastructure/pipeline/orchestrator/cpp/include/logger.h,4404,c7fbab7a3a870c49a796c85d03b076250ade18b5b1f3e2a0a5f064a09a612b76,shipping_src,infrastructure,yes
lib/infrastructure/pipeline/orchestrator/cpp/include/orchestrator.h,29667,e9709b9a3b3e5abe13d7a2c6ce3322d01478c216310240f3f47e047f61c761b7,shipping_src,infrastructure,yes
lib/infrastructure/pipeline/orchestrator/cpp/include/resource_monitor.h,7381,889d12afc1481f7c6f9ac31cab431b4d50e5ac43fe3f8bff213be092d7757d4c,shipping_src,infrastructure,yes
lib/infrastructure/pipeline/orchestrator/cpp/include/spill_manager.h,7150,d2129b4bd6118ed23117c9f8ed94c330e77503b2541e2143eabfa56972abbad7,shipping_src,infrastructure,yes
lib/infrastructure/pipeline/orchestrator/cpp/include/star_coord_contract.h,3037,9b6aa29eee97bd0fc01c9675e721d422f88093549f4a2894283d275ed4979dfd,shipping_src,infrastructure,yes
lib/infrastructure/pipeline/orchestrator/cpp/src/checkpoint.cpp,30839,87b680b7d0de44f4a2f0c042240d0f4668d8c2f79bde8b5aae798d41efe8ce94,shipping_src,infrastructure,yes
lib/infrastructure/pipeline/orchestrator/cpp/src/cli_command.cpp,8250,9c8a75886135b51a0ddb26c808d08d2c8983d308972012f306abef00a809c76f,shipping_src,infrastructure,yes
lib/infrastructure/pipeline/orchestrator/cpp/src/dll_loader.cpp,22573,adcee30581da30125f3ad5b319f4b2d697fd25fca3d558abfe9e854a5252c4a4,shipping_src,infrastructure,yes
lib/infrastructure/pipeline/orchestrator/cpp/src/json_config.cpp,27164,fb77f09b2cd09ba10e39cbaa25c6dbef74fbe4b740c888de20ac502e55d17a1a,shipping_src,infrastructure,yes
lib/infrastructure/pipeline/orchestrator/cpp/src/logger.cpp,10639,dbd41c073a352b932dfe0eacb12516d93b737f9c2e576ec669bb0264d09f0d4e,shipping_src,infrastructure,yes
lib/infrastructure/pipeline/orchestrator/cpp/src/main.cpp,16108,bd30d2b9baa9de82b496e7205bf77caac58b0a16f529ac94a19f2b815c3e9cf3,shipping_src,infrastructure,yes
lib/infrastructure/pipeline/orchestrator/cpp/src/orchestrator.cpp,277582,46f2f062782aca25a41ed6b351d11fa966a7d277a2ffaed25e71fd70b31c94c9,shipping_src,infrastructure,yes
lib/infrastructure/pipeline/orchestrator/cpp/tests/CMakeLists.txt,11511,c302e39328614565112f7538bb516677a9c2ea96cf2668ec63a97e468b6d9e99,test,infrastructure,no
lib/infrastructure/pipeline/orchestrator/cpp/tests/fixtures/filters_provenance_name_not_in_library.json,1253,31e76ace15f79b6f56a673da925e9aba94445a75556f9ce15effce005a320908,test,infrastructure,no
lib/infrastructure/pipeline/orchestrator/cpp/tests/gate/gate_module_snr_extract_spy.cpp,2524,a4c10a34c6af050800d853d62db30b86be59bce2259cbfd3f2c9a11b547f4ce3,test,infrastructure,no
lib/infrastructure/pipeline/orchestrator/cpp/tests/gate/orchestrator_saturation_wiring_gate.cpp,18096,48a76e03128e67aebb709bdbeda0f05279497223993ac8b5a70c96f0ba0af17d,test,infrastructure,no
lib/infrastructure/pipeline/orchestrator/cpp/tests/test_checkpoint.cpp,25466,b2d326771b57012bb0b47a353c2c974ba327c019a542ebed59a4a8f14f6cc037,test,infrastructure,no
lib/infrastructure/pipeline/orchestrator/cpp/tests/test_dll_loader.cpp,15153,d19cdd69f69b7a0febbcaa7f9b4a51002a76cdd8b50cd5dc0c59487d384de631,test,infrastructure,no
lib/infrastructure/pipeline/orchestrator/cpp/tests/test_logger.cpp,21999,7f62c86282f78cafcb0a360b8bae9f97232b2a33636ba310abc9d8d56d6c7c33,test,infrastructure,no
lib/infrastructure/pipeline/orchestrator/cpp/tests/test_orchestrator_cli.cpp,84459,73efdbd10dc291f978729f5293cbf11d9658cabb15d647336b879a0221b72344,test,infrastructure,no
lib/infrastructure/pipeline/orchestrator/cpp/tests/test_p1_batchB_fixes.cpp,9922,31f794fa05ee12c4cd44f3e2bd12b31600070bd767f56d7470e1eddf020e6d5d,test,infrastructure,no
lib/infrastructure/pipeline/orchestrator/cpp/tests/test_p1_batchH_star_coord.cpp,11627,4a7caca0f436d23fc7e6011c7ab0bf2e5e70976a5faf89f221399623f2c03681,test,infrastructure,no
lib/infrastructure/pipeline/orchestrator/cpp/tests/test_p1phot_passband_identity.cpp,12721,cc69740e31210a3809c5e4b071062bdefb88097c55339346b228132f3fe9ec09,test,infrastructure,no
lib/infrastructure/pipeline/orchestrator/cpp/tests/test_photometry_curve_resolve.cpp,38890,be163f9154ef17b7476ec2ef948feaf0f10184531585746fc2749bae1a845636,test,infrastructure,no
lib/infrastructure/pipeline/orchestrator/cpp/third_party/json-schema-validator/CMakeLists.txt,2966,2641f23c8aa19f00aa9320f75cceff2b0ffa8d06b69e3d66afdf425e9032818b,excluded,lib,no
lib/infrastructure/pipeline/orchestrator/cpp/third_party/json-schema-validator/json-patch.cpp,3354,3eda0face337a52ff6ca27b3b1b53725f775e350cc47aa5dbffb14420aea0878,excluded,lib,no
lib/infrastructure/pipeline/orchestrator/cpp/third_party/json-schema-validator/json-patch.hpp,868,a6be0afd659b0f1e66381430c1c321cf1c24cbc84fad2c38e56be76ad49aac9a,excluded,lib,no
lib/infrastructure/pipeline/orchestrator/cpp/third_party/json-schema-validator/json-schema-draft7.json.cpp,5183,9486585610d3f4a335b08cde0b5ea8aec27c979271e2581bc5ab6f3c86b4c05c,excluded,lib,no
lib/infrastructure/pipeline/orchestrator/cpp/third_party/json-schema-validator/json-uri.cpp,3553,97261225bb67e95b333e44d1e6e8e0ee13cac1aad2dd2f5c6c1a8fc5465c907c,excluded,lib,no
lib/infrastructure/pipeline/orchestrator/cpp/third_party/json-schema-validator/json-validator.cpp,45790,5d7fe9468a1d425940f91a1b816d10082e469a0a895a92a28b60159152af7fc8,excluded,lib,no
lib/infrastructure/pipeline/orchestrator/cpp/third_party/json-schema-validator/nlohmann/json-schema.hpp,5760,2d9772aee4cb7ddb6d338eac207c965fe2cd283a045dc35dfa9c0aaec481247b,excluded,lib,no
lib/infrastructure/pipeline/orchestrator/cpp/third_party/json-schema-validator/smtp-address-validator.cpp,26059,a234cc0c4296a88a73b65e600c1ebf83b3a5385119739e93a1b74a6406e536dd,excluded,lib,no
lib/infrastructure/pipeline/orchestrator/cpp/third_party/json-schema-validator/smtp-address-validator.hpp,1354,e7d1351661378e4d07c2deaf92fa9547f6adfb414bd844aa17095516f487c23b,excluded,lib,no
lib/infrastructure/pipeline/orchestrator/cpp/third_party/json-schema-validator/string-format-check.cpp,15368,f6fafb7289a8499e8d7465825dee36f9791ffe994dba156191d0669bd604afe8,excluded,lib,no
lib/infrastructure/pipeline/orchestrator/docs/architecture.md,4756,57581eb49a2179f87a73b0971555bc91a3950556ee3a7c7859169480d81991d4,doc,infrastructure,no
lib/infrastructure/pipeline/orchestrator/memory.md,58738,3de4580419541417b22b8902cd4345cd48dcca4d2d7e34c0e3bfdda62a910aae,doc,infrastructure,no
lib/infrastructure/pipeline/orchestrator/tests/__init__.py,236,104a05a3a0acd3e42423e457ee24168c439b9fa881ca11a38864028cbbebac89,test,infrastructure,no
lib/infrastructure/pipeline/orchestrator/tests/test_orchestrator_e2e.py,17840,10c676260747fe4c9b2f5c7f95385bc8d0fb850bc94534a2b497277ecce8efaa,test,infrastructure,no
lib/infrastructure/pipeline/trace_replay.py,5896,2b484ecf15ded2aae348d90f7ee34886dd21d4736f3afaae2bf7f6731d8b6d14,tool,infrastructure,no
lib/infrastructure/pipeline/typed_dag.py,30267,9e2a30fbd5672b7f79ca97d4115e91e209cfc23367140a74f0a324ba722c86bf,tool,infrastructure,no
lib/infrastructure/pipeline/typed_dag.schema.json,3060,73f2133776808dc44df1c4f20623e88c34569152de24e146218dbe073c8a5b4a,aux,infrastructure,no
lib/infrastructure/pipeline/typed_dag_contract.h,5277,1c82215f0b3c6a1e4690c0e903bfee74b76601e0e9dd393d7131febf49740c03,shipping_src,infrastructure,yes
lib/infrastructure/scheduler/README.md,2230,5734dd913424d25bdbd77f089b0db4248ac32d31a55383ebac799ab3c08aa875,doc,infrastructure,no
lib/infrastructure/scheduler/core/phase_lifecycle.README.md,4513,f2c132db0211961152e0264087a949b3342128bd21a1bb678d8373d280fb9974,doc,infrastructure,no
lib/infrastructure/scheduler/core/phase_lifecycle.py,12027,c5e4c4bafd5ea1b9b1f749836007e1b3643e2895134bce82e9fb90ce657c5620,tool,infrastructure,no
lib/infrastructure/scheduler/src/artifact.cpp,7009,0775cf88ec8334ba867f16959397421ef950cd79338e8e765b6ce376c85035d6,shipping_src,infrastructure,yes
lib/infrastructure/scheduler/src/artifact_store.cpp,7269,6a4d563d3475abef6a1eb2ae8de295b4a41401be371514fe436dac2aaaad4b1f,shipping_src,infrastructure,yes
lib/infrastructure/scheduler/src/block_flow.cpp,13589,bea959e2346cfdbf85afcdb94b3f4cfa5dc94cc3500ceda8efbadbf7173e6745,shipping_src,infrastructure,yes
lib/infrastructure/scheduler/src/block_frame.cpp,10177,6f1389f115bc29f8c4f2dbb92133dd6479b3f37bdcaf613c13893dde63d22ced,shipping_src,infrastructure,yes
lib/infrastructure/scheduler/src/build_stamp.cpp,920,8e23d45a98b0351726b24fe05c478e926bee29cab277acb3b8bbb72e1349aed5,shipping_src,infrastructure,yes
lib/infrastructure/scheduler/src/canonical_hash.cpp,20274,b07d71c829c7c6f1b71457ebe784b1ce4aaafbc4adcef7c5a0c55ffdaf2d85ac,shipping_src,infrastructure,yes
lib/infrastructure/scheduler/src/checkpoint.cpp,5221,8960fe3eea1ea2ed6558f8880a83780efdc14879cdf1fa0ea9e118c3b54cc8eb,shipping_src,infrastructure,yes
lib/infrastructure/scheduler/src/context.cpp,19295,61f42d9abb624a162a6e9bd730431c8f91dd20270b6219ef47936555bee04613,shipping_src,infrastructure,yes
lib/infrastructure/scheduler/src/executor.cpp,13627,0d9e3b6721bb99905322909b40a7768184d46512c59ef34e65649baa2c229b1c,shipping_src,infrastructure,yes
lib/infrastructure/scheduler/src/executor_runtime.h,2412,238c3209c78b62eb43d2061ac5fbff6533f6b6dd699d0902263210a52db7bee3,shipping_src,infrastructure,yes
lib/infrastructure/scheduler/src/export_stream.cpp,22196,3da5ab44508dd3abb86f01ef6aa91c6260bafe460a9b0c355e89ec848a15c896,shipping_src,infrastructure,yes
lib/infrastructure/scheduler/src/logging.cpp,3525,fc6d39c1e2e8084422ca7370bc457c74c51d3ad2948f7de8d99ffec1ba5b702f,shipping_src,infrastructure,yes
lib/infrastructure/scheduler/src/memory_budget.cpp,2258,1a714bdf7c50afa053734bcd3b5bdbe596b484adecbb71216b7296be6ea62cf9,shipping_src,infrastructure,yes
lib/infrastructure/scheduler/src/module.cpp,5702,5d3b615cc0b2f1b561ba84198ef21ef254a07cf4e1a6d90905171511f62f6b62,shipping_src,infrastructure,yes
lib/infrastructure/scheduler/src/module_adapters.cpp,846320,db3a8ed2fc7e26f232145d7e1e8b020f17c5a555f156a10290aec2a630c29979,shipping_src,infrastructure,yes
lib/infrastructure/scheduler/src/mosaic_window.cpp,15390,ef3059f8c2b86cbc41656037ce911f4af0329706791a0dfe80e976cbf97e973a,shipping_src,infrastructure,yes
lib/infrastructure/scheduler/src/normalize_workflow.cpp,16857,4ce701e898066f768132de32fcb0e62802701a19ae9481c575adbc98d9055cbd,shipping_src,infrastructure,yes
lib/infrastructure/scheduler/src/pipeline.cpp,13350,58f5c7c244dbc93fc953804559bb1a16583d065cbc3bd5e661fc7bbf797f9c69,shipping_src,infrastructure,yes
lib/infrastructure/scheduler/src/plan_estimator.cpp,26911,c6498d9c837f107aa536e07691d270ca647a8b450c8f9b1295458c029a5baf38,shipping_src,infrastructure,yes
lib/infrastructure/scheduler/src/runtime.cpp,21897,c055384a785326ca75af9514dbd35b1676b418522777aaa0b16733be99aa5033,shipping_src,infrastructure,yes
lib/infrastructure/scheduler/src/scheduler.cpp,19303,cc99e4066a30e13d0a9b46ac72b34de55d383ffcf2eb7f6575aa1a5c5fcee3d7,shipping_src,infrastructure,yes
lib/infrastructure/scheduler/v6_budget.py,24216,65ce835066705de413fdff6d0da593b7804a5c505703eeff74546b2709289c3f,tool,infrastructure,no
lib/phase1_session/README.md,21046,d3672e772d24d578b270bcc5b432f1cc0648b7532b1c25127b8b74697a5bdba8,doc,phase1_session,no
lib/phase1_session/memory.md,7639,579081d738e9eaf48956fe88cc9fdfe1462c79a5831c18ac336a99a40c19ddb7,doc,phase1_session,no
lib/phase1_session/module.yaml,6752,a53ee71fc2cfae06f6b321f25cd4985d224b9684109824c88e263bc0833915c1,aux,phase1_session,no
lib/phase1_session/p1_session.cpp,28494,859c5d0b6da965e99ecc40144849987f3169c7b561c1265cb8576af835949c44,shipping_src,phase1_session,yes
lib/phase1_session/p1_session.h,1585,969abd4d009bfa3432c58c5763db78f3178e4841fe3a3b8a417e55ac953c01d8,shipping_src,phase1_session,yes
lib/phase1_session/tests/p1sess/CMakeLists.txt,5328,3ec3bd950359c624e36656cb9ccb2d8af0f2786ed3b5abd2bde412357b3dc7b4,test,phase1_session,no
lib/phase1_session/tests/p1sess/p1sess_fixtures.hpp,8081,64182ce1bdaf48f7c720096ab0820f0d63a6109edfd6a0e9f06af423f86db0f5,test,phase1_session,no
lib/phase1_session/tests/p1sess/p1sess_oracle.hpp,6405,14933a69cb3fcd2f699246db667729400ca0bd03bf3188f74a4b67bbdf72c00e,test,phase1_session,no
lib/phase1_session/tests/p1sess/p1sess_test_main.hpp,7928,367f4af74c9a66f2cc1c1eeccdd65f46b992759b7a5cdc61ca46ba7338d28b00,test,phase1_session,no
lib/phase1_session/tests/p1sess/p1sess_tests_main.cpp,800,fe8f673ca9336e76f046b54fc9caf88a0eb54cd9d3af23b205dbc1d14192f5ba,test,phase1_session,no
lib/phase1_session/tests/p1sess/p1sess_tests_negative.cpp,8488,95d60782e948703babaafef81827ff840f2d8b874536a935b375e1eba863d239,test,phase1_session,no
lib/phase1_session/tests/p1sess/p1sess_tests_perf.cpp,4930,a708a17b5aafff68fe4a78033fd4affcdb759eb8480db53ae07fbdaa44bfd166,test,phase1_session,no
lib/phase1_session/tests/p1sess/p1sess_tests_properties.cpp,16059,ee2db6dd3e39206b0221c6294ea359d51907362bc392e0182fed1b0375017c52,test,phase1_session,no
lib/phase1_session/tests/p1sess/p1sess_tests_selfcheck.cpp,4838,061034eba0dd1be6ec7cd77301cdc754dc2fe3eb0d30f55bf5bfea77baf0c392,test,phase1_session,no
lib/phase1_session/tests/p1sess/p1sess_tests_units.cpp,24092,eb2353945b325ab4ca3813fdc9866c7c32d18633bad992a9b17f39ffed45c3b7,test,phase1_session,no
lib/phase1_session/tests/test_p1_session_manifest.cpp,15883,f8a70b3011760c248fa852cb972976fed43bfffb626f3611d1442cfcf00eda50,test,phase1_session,no
lib/phase2_session/README.md,7446,1c8a48a972f3138d73638d93fd3a3ed6072fed6af9d6ee3e54037e45707f595d,doc,phase2_session,no
lib/phase2_session/memory.md,5491,2bab5cb8e39e622ed4bfffa7fc0d6165d05489516b382f7456451b0aef28dede,doc,phase2_session,no
lib/phase2_session/module.yaml,4731,f5975730f9df496a6dae602f01bfc3fd5a5c0e5b006958a857eec2e9f36f5756,aux,phase2_session,no
lib/phase2_session/p2_session.cpp,14346,ffdd01abb5f7aa6ad1fd058f2e8034fe4b347d4c75ee95b94c5f2081b7c009ea,shipping_src,phase2_session,yes
lib/phase2_session/p2_session.h,1448,b1004bc680120f9a3037dfe7cbf0b18fcc60812ab89eb9047283740fc04d90ff,shipping_src,phase2_session,yes
lib/phase3_session/README.md,1568,24a95c6f7af7581c89b736d77434a94244d42e65adecd95e73315f85d0fb5369,doc,phase3_session,no
lib/phase3_session/p3_session.cpp,19562,c61017407978d7fd0eecc47fc1b3f6b68b2f9e304cab17c73e4c8b32a82ddf04,shipping_src,phase3_session,yes
lib/phase3_session/p3_session.h,1557,7c64705e2a845a42f23fcd52e2615501a32ec8e0d7e3fa67268dc94c096fa51d,shipping_src,phase3_session,yes
lib/phase3_session/p3_v6_export.cpp,36098,be9c53032de500e513ddc335d1a49af73b728dbb0722aa30c4ef47334d86e7d1,shipping_src,phase3_session,yes
lib/phase3_session/p3_v6_export.h,13538,8be7055caed8cffa50eef261f44c8dfde9ff646de5718be855bbd07bbb7434a7,shipping_src,phase3_session,yes
lib/third_party/nlohmann/json.hpp,1040613,a1af42c0cffb386530b94c6cb46ceb3b0f58f8922321539831f9a28e286a67d8,excluded,lib,no
memory.md,13947,9c60c5709c6de9d1772ded60da03c8a5a4520d37a08c1449b39562d218d5504c,root,root,no
run/.gitkeep,107,36a938384195c15b3f33432d9bbab94f26605ad8f1537ebcf50ebd01e8f652da,aux,run,no
testdata/BASS_DR3/README.md,14917,f0a46f3189f1849c2eca5158f68a376dd579d882cc8fae5ba43f47f8a5eef52d,data,testdata,no
testdata/BASS_DR3/SHA256SUMS.txt,31768,94667a0cf17826f1649ec370db56d26bdddc3524c576252d43fc5d94ab735b5d,data,testdata,no
testdata/BASS_DR3/constellation_coverage.csv,952,000a1ad36470be1ac40bde61f65fd02cc4de107c82fddd1c5fc6b2d828c74c6f,data,testdata,no
testdata/BASS_DR3/coords.csv.gz,12351064,e1301e162a9abcf9934e112522436c208d470447c1611d70513e5dbbf8e5fd6d,data,testdata,no
testdata/BASS_DR3/dates/20150107.json,22291,b735a16c27b60d2b1de902a1002883c270712a8a0280411cde71301ed4447bc0,data,testdata,no
testdata/BASS_DR3/dates/20150109.json,89085,759f921720fee3a69216e0f00df3a3b97081cc7fb12bbddeea374b6aca50b00f,data,testdata,no
testdata/BASS_DR3/dates/20150110.json,26165,6ef258b4afaa88ee2d88299cac3f6d35a06b35ec5d3596c30473474d8511252b,data,testdata,no
testdata/BASS_DR3/dates/20150111.json,57141,610c57b988e92a242a8a8ae66e8222d096ec519263790668bd026f19849b99b5,data,testdata,no
testdata/BASS_DR3/dates/20150114.json,141357,0e67ef62203f54b642a5f33ee2cf92bc8ae7bdffd4b1f7ea4bca316d6bcd49e2,data,testdata,no
testdata/BASS_DR3/dates/20150115.json,226533,de2b851054448ceeebd277413c8ff0e740143718351e9bb798eb3a3645063377,data,testdata,no
testdata/BASS_DR3/dates/20150116.json,277853,bac8869fc040485c7712c14d064f4812e8cbf29e95fa2c76eeb37a56179140c3,data,testdata,no
testdata/BASS_DR3/dates/20150117.json,299141,c0a109942825ae87e4e75eaeea26e777a3fbccde1441f34f7b2fc4a47319391a,data,testdata,no
testdata/BASS_DR3/dates/20150118.json,264293,fee677eeeaa6c5837801fbb9d85a369e0080b44d96ea249ef8c15d3143a93f2b,data,testdata,no
testdata/BASS_DR3/dates/20150204.json,40685,a17a8e5c82c344fb39c0191312a7f497ca38ea5260b9acc9d45c59274edfd8e3,data,testdata,no
testdata/BASS_DR3/dates/20150205.json,22293,8f4690a36ec238336434f99951266427415f506383018006517a24a8b4b06038,data,testdata,no
testdata/BASS_DR3/dates/20150208.json,93925,8af365fc9d6c1c960dfcc0de35d9dea8391509c6f7f4b17e37504c717e50b721,data,testdata,no
testdata/BASS_DR3/dates/20150209.json,159749,cafe6de13e5f6a6b3312f7972646a0cb15e5928dc83b2166218370c5810a1a83,data,testdata,no
testdata/BASS_DR3/dates/20150210.json,181045,bd84049e3fc92ef3aaf858a6d7fb68544c56192f274e458b54bbb8f8bd2f2ef7,data,testdata,no
testdata/BASS_DR3/dates/20150211.json,154909,a3d39eb1725abcf9c0ce0888466b751b4e37aa7ace6088bf750519140b6ba863,data,testdata,no
testdata/BASS_DR3/dates/20150212.json,246869,ce87cceb60c7fd30f53d3d2fad0b1114131ff67651c05faf52c35c24f02aed72,data,testdata,no
testdata/BASS_DR3/dates/20150305.json,115221,95870fb907cd72bcda983f4dabed1d42de85e4b78d2432b83a0ae25dea58d89d,data,testdata,no
testdata/BASS_DR3/dates/20150306.json,99733,5558ed096527746dfd8a4847942bb2230c04196ee23832ec9db2669bcec3a0f2,data,testdata,no
testdata/BASS_DR3/dates/20150313.json,206213,aa5460a350c8863f249defb4ea9732fe916262ec6256b035ae1beabb087d6e06,data,testdata,no
testdata/BASS_DR3/dates/20150314.json,242029,8dc488ce60468898d9467afb53cb2faf1a92798a7dfb669c42b6f925a2bbf7b0,data,testdata,no
testdata/BASS_DR3/dates/20150315.json,303013,c51c3c037b05c245d1501dba426bc2fc7dc2409ce8a4286039d415afb213d6e5,data,testdata,no
testdata/BASS_DR3/dates/20150316.json,247837,61cf23153b5e523dfbdba81f9cde390f30dd8351631949cc992a3f469a7f5b82,data,testdata,no
testdata/BASS_DR3/dates/20150320.json,60045,e0370da41404494c314635fa470526fc0863e0cbf6c2b987f5a8278e3715ef57,data,testdata,no
testdata/BASS_DR3/dates/20150321.json,303013,5fbf4de007379ff9a02bbfe9d082642b0b565fa4527d581123effb55a082bce5,data,testdata,no
testdata/BASS_DR3/dates/20150322.json,214925,44c197fe52f3738e3e6e28c706c9bb77d8a42d4651d189856cbf09c36de7f338,data,testdata,no
testdata/BASS_DR3/dates/20150323.json,297205,d2242bc975eb944e5bae16982e2513237e0f78686e8d52c185b697939d7ae5cd,data,testdata,no
testdata/BASS_DR3/dates/20150324.json,265261,ea2df6c547c4375286d755827c2558ba8b98afb5a82aa6a1e58a409c0b6c71ca,data,testdata,no
testdata/BASS_DR3/dates/20150412.json,71661,c016dde0cc0101fa49d4a040a0a8343f6526cdb3e297536ccbe55ed0f8121599,data,testdata,no
testdata/BASS_DR3/dates/20150413.json,237189,a29e7b0531b92d1f7b1b3497951de5cc09eb9ca65082e84cfec426ee0f8f71db,data,testdata,no
testdata/BASS_DR3/dates/20150414.json,268165,add21863f762ad287a811e7b3ea7fcd90c314e89de9d0c7850331ea2599c5a55,data,testdata,no
testdata/BASS_DR3/dates/20150415.json,4869,6b4cac8fddb415a5fe0c24e3186306f809a1815f0e46f71bd91eb1068457dfb0,data,testdata,no
testdata/BASS_DR3/dates/20150417.json,284621,c0df251082e92c591eda857428b13f035f86767ad32e1a4649db860f99bedd04,data,testdata,no
testdata/BASS_DR3/dates/20150418.json,250741,02dbb011894c612f5cb666989d366eeb4c79eefaad7e23b9b92caeeeb9b28829,data,testdata,no
testdata/BASS_DR3/dates/20150419.json,281717,e41c6c7c2e39b986c2c5d9350485a7dd7ba61097d6632147e881244ee1f3e546,data,testdata,no
testdata/BASS_DR3/dates/20150420.json,208149,3fcf0b58a52b26b12208330f486df9bb695bcdfb3a7911c3dd156a3aed937495,data,testdata,no
testdata/BASS_DR3/dates/20150424.json,62949,90fc68ba17b6886322b254faae8e7d900f52c4dfba8551ef9fc8b7725d7d42cf,data,testdata,no
testdata/BASS_DR3/dates/20150426.json,179109,9b60ad387b44cb4acc0bd8592f7959ca33e1fe6225659b13a5f54c1e0a32ed8b,data,testdata,no
testdata/BASS_DR3/dates/20150507.json,60045,bc77cde742c95367ab1b4563e46f16caa81493bb63dd2be0ca233ad39bc1b055,data,testdata,no
testdata/BASS_DR3/dates/20150508.json,130709,53bdba94fcbd09d5e9ef12db3e1d359b87605a8c5265ca7ce8924cd7cbea5075,data,testdata,no
testdata/BASS_DR3/dates/20150509.json,170397,bd0f39e2fc2e69e1eb607dbe38866db670b52bd0a5f39332eb8cef37babbd156,data,testdata,no
testdata/BASS_DR3/dates/20150510.json,91021,cc8d18aa3c66515f9b914161b4932cde5ccce55fcfb93a3978db39c37d636db4,data,testdata,no
testdata/BASS_DR3/dates/20150511.json,134581,2c1a684367d51b0426cfc33d7bf724ed79c688bf5698f4d4969ffab4db5328a7,data,testdata,no
testdata/BASS_DR3/dates/20150512.json,66821,ab92c0c37c9d6652653e2bb418cc99e034edd928b2adab1aad795d3c31345880,data,testdata,no
testdata/BASS_DR3/dates/20150513.json,15517,5ecc2c5ec4bdca91404acffbc2ea337e32826f530b2d0c8a2a0219f166efcb28,data,testdata,no
testdata/BASS_DR3/dates/20150514.json,16485,7ea310e138ee6960dda5381c6e843f6bb498221fa17bf37699f8c4567928f8ec,data,testdata,no
testdata/BASS_DR3/dates/20150614.json,146197,9b31def73b31a508626031211f2e2362fc7adb70821455400307d3a416d7812b,data,testdata,no
testdata/BASS_DR3/dates/20150615.json,115221,6789ed291166d9bf50b1edec575c92b47e8e995e251e0a5e2e625e899c447012,data,testdata,no
testdata/BASS_DR3/dates/20150616.json,103605,a895f650c9ce0b833140302caf1bb4c27d76e79084024ecff684cf284110d6dd,data,testdata,no
testdata/BASS_DR3/dates/20150617.json,121029,ff8d269b00a7aafb7234afb923f8f8c67c48bcd64f070668f826a87400dffa97,data,testdata,no
testdata/BASS_DR3/dates/20150707.json,57141,53559d22b8222db1d2ad3fd1bf5aeff524865410a737003d84570cfcd6f1f504,data,testdata,no
testdata/BASS_DR3/dates/20150708.json,115221,e9c3ac053ec9edc6526f405d147e7dae9950fab33c15356ba0d48c181f33f419,data,testdata,no
testdata/BASS_DR3/dates/20150709.json,34877,b1e7845702525a3ddf2c9ed857c471224335abeb79733d2ae149613ae440f377,data,testdata,no
testdata/BASS_DR3/dates/20150710.json,56173,bf736366204d7ee3be22ae8f4ae2666d0b95d73af1ed55c9bb18b48676829199,data,testdata,no
testdata/BASS_DR3/dates/20150711.json,67789,afa3317d73d09fb684b40d4829418c03eac06a3bca632bcf2e6f3de9843c1624,data,testdata,no
testdata/BASS_DR3/dates/20150712.json,17453,f9ff9e4b0c38e89a4ecdcef823b048ba1299e8d236f2216421501df3deac0254,data,testdata,no
testdata/BASS_DR3/dates/20151111.json,57141,3f78b7ea7320c51d04e3e31be8897df8584c54c238d2686ffc091f4500a63329,data,testdata,no
testdata/BASS_DR3/dates/20151112.json,56173,e78ec2c83afe418722af3ec50111f7af3c67d2f7f9a818d482739ee99de86027,data,testdata,no
testdata/BASS_DR3/dates/20160102.json,100701,c08784d1fbd164c48f8aefe3c6c301b5362adcefd6646a62a346a29d625adb74,data,testdata,no
testdata/BASS_DR3/dates/20160103.json,32941,0ef87651c26e5822bf42bbbbd38c6aa7d8d4be847356ca0a06da123083a233d5,data,testdata,no
testdata/BASS_DR3/dates/20160111.json,145751,2e0417fea3536143292a3352233497192da3be554a99c00a502824fca7500a92,data,testdata,no
testdata/BASS_DR3/dates/20160112.json,164589,19a58ee5622f252cdcdcc78e0deb035700ff7e242ca8b01d97e0db0ec5548634,data,testdata,no
testdata/BASS_DR3/dates/20160113.json,125869,49c811528a75fb78a003112e957b7cd9a9b9b9fe990b7f20fc680b9dfbb1f16e,data,testdata,no
testdata/BASS_DR3/dates/20160114.json,132645,977634a0756c5808c648b0382075013546fc56cff1e403100bfbf3975b42e901,data,testdata,no
testdata/BASS_DR3/dates/20160115.json,93925,34c5dc1313cf7b4b3f5697c870f0d63db2c6b899f8dd71ac3d841074aa4bcdda,data,testdata,no
testdata/BASS_DR3/dates/20160116.json,70693,3f566c3c5aa20370b4e2350159f3b9076054edce507854d682c37b2d4d7a9919,data,testdata,no
testdata/BASS_DR3/dates/20160117.json,240093,7bade3e5f8e65d5806095df65e039af291986be3a8728ba2676fbd8a734f06d7,data,testdata,no
testdata/BASS_DR3/dates/20160129.json,59077,86def2428e2cdbfa4dc7d2d3820d7bb2a3ff72c237625fe02eb15e72cba56b66,data,testdata,no
testdata/BASS_DR3/dates/20160202.json,241061,7b181e87fe50aaf9ebd75d7ead95634c4561774e3da1b8b6b9a9b6dad5b4332e,data,testdata,no
testdata/BASS_DR3/dates/20160203.json,207181,4d83238244ac021c8b13a08e51344f73a12053b3595ceed7353bc5e164074e6f,data,testdata,no
testdata/BASS_DR3/dates/20160204.json,105215,e7a4118991e7cb578e4d3f52c1bfd3ad5fa7e2316bbbe6e2e22450ab338fd1b9,data,testdata,no
testdata/BASS_DR3/dates/20160205.json,134581,434236880598645c4596e68389ea7bd77283b45ad8f9ebf8b7574086a45ab2da,data,testdata,no
testdata/BASS_DR3/dates/20160206.json,141357,c32d767763bb6709ef4d73d6c7070c5a24ae250b9d71a672ba3edde6f1f86e0a,data,testdata,no
testdata/BASS_DR3/dates/20160208.json,217829,967c4cec0b552cc53fc4883d0ce3c67ce7a99a691bacf6e36c345cdf50259bab,data,testdata,no
testdata/BASS_DR3/dates/20160209.json,225573,96bfdbbd0b92fdb064e76ec66434447ca2cf23e07d076c8fa7dfdc719e12ae41,data,testdata,no
testdata/BASS_DR3/dates/20160210.json,226541,6a15c8495d09cdb5a5b65a14988cd74013a888d48b27c4dcf3b3c90e6dc15a86,data,testdata,no
testdata/BASS_DR3/dates/20160211.json,274941,d94e86ec13d8fa0c0976a17827dda973aae6ddb34739db68c6887ef4e4419286,data,testdata,no
testdata/BASS_DR3/dates/20160212.json,218797,06d3ffc36c58b954c42fa110585d3bc51453b178bfd46237f3e7f2be578ca651,data,testdata,no
testdata/BASS_DR3/dates/20160213.json,144261,bd304898c674e2262b4889e0b94851e5e9eb454e404595658412124fe064351a,data,testdata,no
testdata/BASS_DR3/dates/20160214.json,174269,97247db9a4449226fa5dde07b60df559905ea60db2f9a868cdcba0a9377428d8,data,testdata,no
testdata/BASS_DR3/dates/20160215.json,177986,fa54440d551dc5c9c92172f27f40a51a69b4b4b3457095081c2ee69bb2296a3c,data,testdata,no
testdata/BASS_DR3/dates/20160216.json,134581,315d533adaaba246ba31148d5079eb4fba50947c0111f959996e942d97db03a3,data,testdata,no
testdata/BASS_DR3/dates/20160303.json,88117,1e5fff1e40235ab7adf3ca16a8d9feeca6bda7696ccd0c3d040f6dba17e4b03f,data,testdata,no
testdata/BASS_DR3/dates/20160304.json,63917,fd018245922e6775ef2da061fc88506655881ab268516c4661c2dca50f246df6,data,testdata,no
testdata/BASS_DR3/dates/20160308.json,151037,d41d745a7fb7e3cd28352a61f2aa07cf1d105ae0a3680feb1455cbe09eee7538,data,testdata,no
testdata/BASS_DR3/dates/20160309.json,116186,7104e6a92ebe16535a5180142d4c9403d6275cd2e515bd1b5d9a50f25be4289e,data,testdata,no
testdata/BASS_DR3/dates/20160310.json,206213,05df89a3c211ab08cd78c8f4b7b0d9649696469de736a88b4ee1aa2076f191b9,data,testdata,no
testdata/BASS_DR3/dates/20160311.json,66821,63b36933380187f39ce4c0ee220c0e3c245425da0e457334dd831566f211ce1e,data,testdata,no
testdata/BASS_DR3/dates/20160312.json,230413,bc540a9a57832851505cebd052e554c3f921201a59a438596b86b1ac7aeb8c91,data,testdata,no
testdata/BASS_DR3/dates/20160313.json,216861,023b4846624b583b324fad04e56393b254f30709cdec25eaaecbef5f68bbf0cc,data,testdata,no
testdata/BASS_DR3/dates/20160401.json,187821,cd3ff1f2ddb1a8dde80b0fec915e913b37483a55577b1468e8ca771bf91744a7,data,testdata,no
testdata/BASS_DR3/dates/20160402.json,222669,1d27a9d8b9f44e36c44e8535ff7e6faa0efb010f0af05250e43c5ebfdbe71a61,data,testdata,no
testdata/BASS_DR3/dates/20160403.json,211053,465d6b3a0b1a08eaeed16322645333708850d1ad1e0be61c5829ce2f74337673,data,testdata,no
testdata/BASS_DR3/dates/20160404.json,75533,71dabcd563e0869a2ced9ca2f03a40f9aaa3e8831c4d60ce13835e3e28a11104,data,testdata,no
testdata/BASS_DR3/dates/20160405.json,136517,6cadcd9b202c50218ece4fbcc5ec3d0746ed6be9774d36affe618c3384df7ea4,data,testdata,no
testdata/BASS_DR3/dates/20160408.json,141357,f70b3caf7d9480bd153936c21f77c2f30d9c57115aa96b825e2a4d7542a983fc,data,testdata,no
testdata/BASS_DR3/dates/20160409.json,103605,8ddb8a2c0d8d866dda0df61b14c686371c57b37f3bff5b1ecc9221a79e6f8fe3,data,testdata,no
testdata/BASS_DR3/dates/20160411.json,10677,4a89b8535f93d5afab94194880d3a896beb66760a3cf2839fc8693ed1928b794,data,testdata,no
testdata/BASS_DR3/dates/20160412.json,205245,bb45e886895363d7ec1543d003d9598409f609e0aa26e92d45d6b3ab39a193e0,data,testdata,no
testdata/BASS_DR3/dates/20160413.json,173301,9229d67e42b2724741e320dd57a43e04378ea132df791e583c5ce8d0049f765e,data,testdata,no
testdata/BASS_DR3/dates/20160427.json,4869,4e22053bbf2670d56ded4cc36d807c86bd41077f5b5f5a58af479bbae66e3c9c,data,testdata,no
testdata/BASS_DR3/dates/20160428.json,149101,67ecc2fb8c087e3c6f7887531083bd230b45b82fcd3be78e5af876aae7428b7f,data,testdata,no
testdata/BASS_DR3/dates/20160429.json,154909,c655ac1c46babb23b0ecdd21c3d6d329db0683a3e6bdb255aae719639e8d95cd,data,testdata,no
testdata/BASS_DR3/dates/20160430.json,87149,fe7c46efa5bcb555f224d6d3ab8c7b44bad8ba6c6ce43270629bd0032bd25978,data,testdata,no
testdata/BASS_DR3/dates/20160501.json,168461,fee3039ac600859d1e43012e9acad182e4e2f983f8a27e647f685f6ab2803d16,data,testdata,no
testdata/BASS_DR3/dates/20160502.json,156845,56b74afe196189de103f50e5f3ef77573ed6de12a82544baf713ade87efc5585,data,testdata,no
testdata/BASS_DR3/dates/20160503.json,175237,f7190e75de65932e0bff77c95b3a4e0d0ec6333b739f08e5972659b0df7c68d8,data,testdata,no
testdata/BASS_DR3/dates/20160504.json,115221,f80d2b84f3e74f0af3ca0427258c4a18944d8d31e9aae1400757b07b2d3973be,data,testdata,no
testdata/BASS_DR3/dates/20160505.json,3901,9bf9a461bb45e830105ee7025c7ac5ba12f3f833f5868cfc1a9d8b3f3c091f66,data,testdata,no
testdata/BASS_DR3/dates/20160507.json,121029,35e51da168142571c2ce9824dcf8161596e808aa590f07fef663a5d51a9a6aed,data,testdata,no
testdata/BASS_DR3/dates/20160508.json,199437,993a509763a386dd4bde682bac12bc37b903658685f963eec67f347a0f44c2ce,data,testdata,no
testdata/BASS_DR3/dates/20160509.json,212989,28d3df4c540c5367bc6f06550b536e9ab93f2ac1f7b492b3066ce90af6e2b87d,data,testdata,no
testdata/BASS_DR3/dates/20160510.json,194597,6f805e2c6165c3c43ed8add1d4333e82feb99d11e5e8045dee8aa06ee5d6dbf5,data,testdata,no
testdata/BASS_DR3/dates/20160511.json,136151,543f2dab3a57a35cc8b8c4c8bd4f0426ebe981e40eaf9ea01aed8c4a99ea5baa,data,testdata,no
testdata/BASS_DR3/dates/20160512.json,169429,e0538bd577ce91fcbb1aa2a2d6c2fa745af9eca94706b237f99bd2d6c8a96ad5,data,testdata,no
testdata/BASS_DR3/dates/20160513.json,121029,249fb7a496b814748bb2935d28312e3eb3326a17b99e8e4c0188bdf46c5f6ad8,data,testdata,no
testdata/BASS_DR3/dates/20160515.json,60045,bc5bd6fa1ef6b3d02c1ab9f2e125789f1ef6771625d15fc84ea4cf9112f1749f,data,testdata,no
testdata/BASS_DR3/dates/20160526.json,101669,e02c934646f5c55269f25a017975fb7d084f13d8c015fe995a6b473f3a496943,data,testdata,no
testdata/BASS_DR3/dates/20160527.json,9709,91649b0a599a9e39d239c0a02bc2e39e984f103e81dc91117c757680a5394f98,data,testdata,no
testdata/BASS_DR3/dates/20160528.json,30037,fb8c3eb2daf1b7a8d681e72e31ae6d3a172ea89c8eed4b844064ffd5fb65cba2,data,testdata,no
testdata/BASS_DR3/dates/20160529.json,181045,b620d1f99525edf796fb23fbc2a344a32f7842f141485d211ffe0b7ef4adb163,data,testdata,no
testdata/BASS_DR3/dates/20160530.json,194597,844290fcbf6a522db41b6ffb9bc027b75fd51ad072533fb9906d16e231cbec07,data,testdata,no
testdata/BASS_DR3/dates/20160531.json,69725,3074aebe9c30be5d19b8b2e33d0994b9310dbaf09d65301ffe3098e866a1cf50,data,testdata,no
testdata/BASS_DR3/dates/20160601.json,121997,c8f88be532e834938421db29368749fd846f7e3cb6af13140966be5e08f140c2,data,testdata,no
testdata/BASS_DR3/dates/20160602.json,154909,735ea074a4e81e093773e99012f899c106d9e599c803f864fde003e0ae4ab20a,data,testdata,no
testdata/BASS_DR3/dates/20160603.json,164589,b0379f6333fc029a1f0f433bd2fa41fe3860cbd32e728cd2187046031cc22644,data,testdata,no
testdata/BASS_DR3/dates/20160604.json,151037,1fa62f7aeeb08556a752b8af2c0b25cfd7249c8abed84246f475c5c0be1a7e8f,data,testdata,no
testdata/BASS_DR3/dates/20160605.json,99733,7ac8c03bda40c1e9879dac4ea5b27d9522022a6ec731d7d018605421da994e5b,data,testdata,no
testdata/BASS_DR3/dates/20160608.json,123933,bcc9b82a0a9bd42267d0c17ee8ac87c8fd61aa7aa8fe6ecfd5187430c49c7a32,data,testdata,no
testdata/BASS_DR3/dates/20160610.json,154909,d5b25e43ebb1daf53011bac9198cc25a2cc7645cdb94a10e443507f26cd936e7,data,testdata,no
testdata/BASS_DR3/dates/20160611.json,88117,dc06ecea4fabb07bd8b2bebdb8d6c135b59889e97b1c4efcb6d645fbcd2c8a93,data,testdata,no
testdata/BASS_DR3/dates/20160626.json,8741,37fab330b2c06554de5e4bec33120a607577418de1ccb0ab9c7e271a4863070d,data,testdata,no
testdata/BASS_DR3/dates/20160627.json,83277,dcebb5c93369615451c96cf03dc1d4826d3be51b65bf07c99adb7cd21a4b09dc,data,testdata,no
testdata/BASS_DR3/dates/20160701.json,119093,b5cd653d32759acf5231cc941f5b85f88365335690498c1c90fd6c20aeed0a92,data,testdata,no
testdata/BASS_DR3/dates/20160702.json,92957,c059e209ae274f540545a1b1bf95015c27fcd24e705eb8c334935af6dd31c59f,data,testdata,no
testdata/BASS_DR3/dates/20160703.json,155877,8d512dbc5b613c3faa010a0c0a27056731007e8e3f728f04f79f85eb6041dbf0,data,testdata,no
testdata/BASS_DR3/dates/20160704.json,139421,8b248a2f8d305eb1002655130fe6c43b3137847c9f9b109784fc642ccacea99b,data,testdata,no
testdata/BASS_DR3/dates/20160705.json,93925,f1f022e6dadffcc5e7f4d999e0fdf45da6d8ad43930962a6677f0e357d3972a6,data,testdata,no
testdata/BASS_DR3/dates/20160706.json,91989,68ecb9acf1b3d243c2e2fc4c17ab343c63257a69d34bf76f0a3016370285a8f5,data,testdata,no
testdata/BASS_DR3/dates/20160707.json,102637,4ba994a2e7df44eb39ada5527079aaee550f4636cb069d17bd420a929f26f279,data,testdata,no
testdata/BASS_DR3/dates/20160708.json,50365,a16148648a903f29e3fd341a0fe69b42071f4753d5b9edcf1111fa3d96dd040f,data,testdata,no
testdata/BASS_DR3/dates/20160709.json,86181,f6862403acd4a96458ca96d27f554e4fb77c65650da1588579587e64ac4cd920,data,testdata,no
testdata/BASS_DR3/dates/20160710.json,107477,a26f983dd3d38f6faee0bc845bf3de33ee5fe0709a2b89733d9f963d6cdeebd7,data,testdata,no
testdata/BASS_DR3/dates/20160711.json,119093,e89e83139e02b8eb6696278252ceb19925804a85221d08ffe04d09ea394e1044,data,testdata,no
testdata/BASS_DR3/dates/20160712.json,101669,c557e312be46f045a05c8902acf41168181e6631c6c204328de1a5bd7f65fa63,data,testdata,no
testdata/BASS_DR3/dates/20161105.json,169429,b50c20c4183576ae7ac0ea474edd302b641abfe7112bf19ad6b1267a1974eb0a,data,testdata,no
testdata/BASS_DR3/dates/20161106.json,127805,ec0823fe589907995211336a82c9ae9a2ca9e556dc2d1794cc62add9dddc9e3b,data,testdata,no
testdata/BASS_DR3/dates/20170118.json,41653,e1c57fc434ed9de0dab35a2fea9d54d0a458c136e26573ebb2020a48194d92da,data,testdata,no
testdata/BASS_DR3/dates/20170122.json,68757,74b6d16e3f2b23286f098dcfae980c14b4dc9ba2dac99d833dcf9d772421c6aa,data,testdata,no
testdata/BASS_DR3/dates/20170125.json,144261,bcc30506252e60b88bc063578eecd707bdc9f131103aca85b26da929341c3c55,data,testdata,no
testdata/BASS_DR3/dates/20170126.json,56173,5a37c8502348b2578677d1fd841a31fe213ef7712f107a6041215fbb3e34fa36,data,testdata,no
testdata/BASS_DR3/dates/20170127.json,97797,9434acbab0b7b79e8f5c5a46805a5d01fa0645c523a69de2ca8caf553ff1e039,data,testdata,no
testdata/BASS_DR3/dates/20170128.json,110381,f94b53b44befc4812f106e640cb2659cfabafeba73f400c48fb560e1ce5db0fc,data,testdata,no
testdata/BASS_DR3/dates/20170129.json,115221,52ad659bf2b665eea1045a6e4a5ab21f4089fbd12706f7063e05ed1490cbef5a,data,testdata,no
testdata/BASS_DR3/dates/20170130.json,184917,6d08a23e721df7da20e23e0d1d03077721491cc9fb5c3d1ee3fefa45b58d8dd8,data,testdata,no
testdata/BASS_DR3/dates/20170131.json,182013,3489373de1f9f49cbc4ce8a1fad80e2395e163d5c198a90b8589aa49c9193c96,data,testdata,no
testdata/BASS_DR3/dates/20170201.json,184917,f97eebd4f6c87d9cb31d1d60640c3d942c2e4b0ab1a13870ed7b489756ebe876,data,testdata,no
testdata/BASS_DR3/dates/20170202.json,121997,4b251de191d91be14cee0a4e1a3b11e7d75ad524d36b196582bf8bdbe83df428,data,testdata,no
testdata/BASS_DR3/dates/20170203.json,130709,ff93ab59da8cac4a933028f71f926087029216be87d0df774c61179d8b81918b,data,testdata,no
testdata/BASS_DR3/dates/20170204.json,138163,d98fa5868627c5410e298aef5f93717268162b7d5ccb5e9e0d76e88c3a39af95,data,testdata,no
testdata/BASS_DR3/dates/20170205.json,67789,7addc4eff4de2f6795d5d8178d5e7da537a3e1d8cc60d336c6f836244739f540,data,testdata,no
testdata/BASS_DR3/dates/20170213.json,52301,6f48dbafe1795683b3a45882a3aae81ab5428ec405426b93318a96d0981f657f,data,testdata,no
testdata/BASS_DR3/dates/20170220.json,210085,fcf7d498768aaa2068397fd387399e9871dac826dde9ea0a1e0f44b1c23fce3a,data,testdata,no
testdata/BASS_DR3/dates/20170221.json,206213,054834bce312edb2d06ca09bff692bc2205450965f6dea09262f406a286c24f7,data,testdata,no
testdata/BASS_DR3/dates/20170222.json,90053,66c67c661deff86953bcea4529a6fa67c849f46d91a3d16605aaa18922cc5198,data,testdata,no
testdata/BASS_DR3/dates/20170223.json,179109,a5c8af6a5657ace4dbe27e66a7d05a7f01126527cd94e69b7d25c763b24b40b7,data,testdata,no
testdata/BASS_DR3/dates/20170224.json,227509,1f24aaa8c3e05848a73006799574f09b829f37e576b7d711cd2437b3348a9328,data,testdata,no
testdata/BASS_DR3/dates/20170225.json,54237,6e3885287d7a8db103169ebef9b30a82e6033d40f2a4d48575c1d5b3f8762650,data,testdata,no
testdata/BASS_DR3/dates/20170226.json,139421,143dcd68919f9f183c1eb12908be0f85f6b8001395fff67d449f92707fc1b351,data,testdata,no
testdata/BASS_DR3/dates/20170228.json,127805,2bb488a0343e49a11bdb4386c4c5bb6e432a9c65e33813beba11d58f94ecae32,data,testdata,no
testdata/BASS_DR3/dates/20170301.json,204277,90e11d0b165df14ecd93c31afd08333fe01ceb82881cabbff06696f25acb8fdc,data,testdata,no
testdata/BASS_DR3/dates/20170303.json,228477,5034027ca920a9421c71d6791dfc9967c823504a6ad08bd9c5408b7766813bee,data,testdata,no
testdata/BASS_DR3/dates/20170304.json,216861,b9f30a2014636c4499f895d2472985a0ec9ec7ad1c3d3d13f68df04d8026b031,data,testdata,no
testdata/BASS_DR3/dates/20170305.json,75533,8e0703db7ebcdb74a93e58de8d0f9b20662c232b0a7b02fcc2ba19f264370862,data,testdata,no
testdata/BASS_DR3/dates/20170306.json,161685,2b1f660a330757e0caf0c2b783c0b747bb396243348ef11ba11616916bab3959,data,testdata,no
testdata/BASS_DR3/dates/20170317.json,129741,8e9fecdcd77cc41b8607abc411d718f74bb9497bd42a271e803acacd4d2cc922,data,testdata,no
testdata/BASS_DR3/dates/20170318.json,245901,2872b234b79a24291923c09e8fd21eb2515259f1bf934b91d7919e93e0750c92,data,testdata,no
testdata/BASS_DR3/dates/20170319.json,266229,d659c4fd84ad4b3a54cc35c79cd1ba58037104a89816d4c1b6087e67e3847dd2,data,testdata,no
testdata/BASS_DR3/dates/20170320.json,175237,43759caab0b5460724a78c5588747f2c1519e5d4f1cc6f718700e8428da47f96,data,testdata,no
testdata/BASS_DR3/dates/20170321.json,251709,97572e87c8d9b2f9ede61fb2ef87f996250df44b3d0221dae6a8b13cb9300c66,data,testdata,no
testdata/BASS_DR3/dates/20170322.json,12613,9c0ad8f41b5a2303502ef1a5f2d0b94c4a40b3209c9eb6a3b598305608f1a547,data,testdata,no
testdata/BASS_DR3/dates/20170323.json,199437,7f1e8894f76d394aa62071ef074abf47be1e999d58f001f882675dabd44f6a34,data,testdata,no
testdata/BASS_DR3/dates/20170324.json,212021,f0a16db8493f6b6b4908f5d7c9d92d876da00134cf1f0128bf0b6236e4e3b23b,data,testdata,no
testdata/BASS_DR3/dates/20170325.json,166525,9f1c0832a903afb2ebb11dcf9b124ba90149a7059b214536b395a46906d1c321,data,testdata,no
testdata/BASS_DR3/dates/20170326.json,242029,4422b8d9400e40800b098f60b8b2fb361689da3ac5b670ae7123bca066675ba9,data,testdata,no
testdata/BASS_DR3/dates/20170327.json,92957,70cac4b94bac15d40b5e58531a81fa38c809d2ddacbff6e95a9ed8a72da03a3d,data,testdata,no
testdata/BASS_DR3/dates/20170328.json,177173,3cba6b8e447c11fcb9933107e8a3619f3085021431671086090a3452867c45b9,data,testdata,no
testdata/BASS_DR3/dates/20170329.json,214925,fc4d9d9e380bbda426918080d02d8ca3266d48c97fb1dee3bbac2c5156401925,data,testdata,no
testdata/BASS_DR3/dates/20170331.json,132645,01b0e8e1b06cf1ab14ab5331b4dd573bf08688f11f747ec59476ce66c18a2ffb,data,testdata,no
testdata/BASS_DR3/dates/20170401.json,208149,c61cf6b8d388ca3df5b699b28353e568487ff15e327cbc2d14929b55bfb16618,data,testdata,no
testdata/BASS_DR3/dates/20170402.json,178141,da39018e1c11a407099ea30dae451233b7c3862adf35fd8dc58fc2f3d8275b9a,data,testdata,no
testdata/BASS_DR3/dates/20170403.json,72629,e0036a61725285c3fd225ada3f028b1ecbcfae3165f8b7a9477203350c69d99d,data,testdata,no
testdata/BASS_DR3/dates/20170404.json,150069,2003cc0bcb9bfe10cf9e4fd0d38549e01a1d1d851de109c056f58e0d87ccb54d,data,testdata,no
testdata/BASS_DR3/dates/20170417.json,133613,4d7c690794e703fa8f0947fafb77ff726238e01a3a6d7ba26ce0dbba2f3a2471,data,testdata,no
testdata/BASS_DR3/dates/20170418.json,265261,01bad233d4bc575dd73955fe5bedeca30df2ccbab62d12e4b18b1eb8b541d485,data,testdata,no
testdata/BASS_DR3/dates/20170419.json,187821,4a16bc21882ee34d7c50a84b2ad6ad073131f4efc34fa03f1ca29185078220fd,data,testdata,no
testdata/BASS_DR3/dates/20170420.json,211053,68f106e36529c69009a624996e60682165c30f1cada241b22b4609e107ef587b,data,testdata,no
testdata/BASS_DR3/dates/20170421.json,220733,476f54681fdcc67e68d2bfec526d977b6617a4226f8566793d2ef6b05a294ad9,data,testdata,no
testdata/BASS_DR3/dates/20170422.json,212021,65d0ef65e8fb3e1e4a4380008f1906e9cafd01257df7d64b67e20df2425860e3,data,testdata,no
testdata/BASS_DR3/dates/20170423.json,154909,bef0a7eaf0d5934d1e42da4fb7a18b20652736ca6c7e44ec817a3e8eea82e976,data,testdata,no
testdata/BASS_DR3/dates/20170425.json,99733,32e2cd0921c652fb1825ea92942869310f3a01d436235fd23b08b8c6db78cab9,data,testdata,no
testdata/BASS_DR3/dates/20170426.json,41652,6f61f4ba3f4b95e690c16244fdc5fa63b53e5b69aeb00676884e89afc715013e,data,testdata,no
testdata/BASS_DR3/dates/20170428.json,32941,5f6b509044c9488981fed30fee1fbcc5e297747ce3fb12d963c98a54a10c4251,data,testdata,no
testdata/BASS_DR3/dates/20170429.json,238157,59365129c6e49ebfd57404d4ea6c7e4d9c69bd618abad88afac307fd97920356,data,testdata,no
testdata/BASS_DR3/dates/20170430.json,247837,bafcad2b4c1e40883c9db8ccdc639c9650e849454bedcb84c15c23e5c7288a7f,data,testdata,no
testdata/BASS_DR3/dates/20170514.json,23261,0862e375f78b685425a66cdf928ba767e525a3fb187a0f7ff3a64068c9479323,data,testdata,no
testdata/BASS_DR3/dates/20170515.json,169431,42be103610288d0c5f3acad3345a4ccfa3ba3fe5a66f1d1cac62d00fca317a1d,data,testdata,no
testdata/BASS_DR3/dates/20170516.json,148133,f820445a541f4f92686c1ccb7f0ff46d81a5fc214fd9f5a4945311b80cfe0449,data,testdata,no
testdata/BASS_DR3/dates/20170517.json,114253,aa0e9ba6d03f90e379b8506b93b648de30df3c826064818e2b28279ff2305616,data,testdata,no
testdata/BASS_DR3/dates/20170518.json,149101,31f6fecae4f9efe17caf9c0d8726c0e97f4f414aeaea63b34dcc7003a6dd7f57,data,testdata,no
testdata/BASS_DR3/dates/20170519.json,154909,d45ceb3666462501d1897fe75effca0373c6736b8fa58814135f0a03cf603781,data,testdata,no
testdata/BASS_DR3/dates/20170520.json,153941,d674cea1c74fce894b1fb9e8b60a4a30e10893d00f57ce03938eba4dc5414d39,data,testdata,no
testdata/BASS_DR3/dates/20170521.json,147165,87ee2b4b4dc9f6cd3be3388d5b096d0e147bf5b639b6f36c1adf2b3d682aaacb,data,testdata,no
testdata/BASS_DR3/dates/20170522.json,149101,837dd41a03349d6bebd6cae3952fbc6d5d1c778c6d003572e08cdcf7d608d3b2,data,testdata,no
testdata/BASS_DR3/dates/20170523.json,167493,168b4b2f5a32e60432c068e08f7f137cb979c21c60de7de1f273b5646c1e3b46,data,testdata,no
testdata/BASS_DR3/dates/20170525.json,101669,bfa872f9287b074e0626de6768de9d0035e222dac6956aac89553a713f0cff9b,data,testdata,no
testdata/BASS_DR3/dates/20170526.json,140389,1b5e501372dbba77f002b6bfd5b5f5ba64ae1262692a0c70d4acf268d4f653c9,data,testdata,no
testdata/BASS_DR3/dates/20170527.json,154909,5913fa7440261bebe54acbe2a0c297e265d4d662772d9a7e3eeebe232d83d23d,data,testdata,no
testdata/BASS_DR3/dates/20170528.json,167493,41d3df66ec9471d5bf7afb70765508833c4be1d9ea4928418dcad5baaeb0d7f1,data,testdata,no
testdata/BASS_DR3/dates/20170529.json,45525,d8b15fdd01c06211d33b6e5386daf4a76dc5e64ba5801ff6a36e195aac193d81,data,testdata,no
testdata/BASS_DR3/dates/20170530.json,83277,edec77cd45d855cb42124e47fa5da14d099c16b67fd490c01a561ee33ab8cd35,data,testdata,no
testdata/BASS_DR3/dates/20170531.json,29069,4fa37b99ca7f9aff207c684c4aa63a811d0c8883fa4fa9a168be47dda4134646,data,testdata,no
testdata/BASS_DR3/dates/20170601.json,125869,c95d112056d370906bb644585c30dec5139c13cfb05487374f0a59b3172a418c,data,testdata,no
testdata/BASS_DR3/dates/20170602.json,26165,d45578cafb0bc8e7aaf6106791f81db56a459eb6f41661b1c36071743f838810,data,testdata,no
testdata/BASS_DR3/dates/20170603.json,163621,7c78a3ef0ee4227f9b5f76d97140d70ce1fe613da1869f73ca0ef4d7941fb8b2,data,testdata,no
testdata/BASS_DR3/dates/20170614.json,134581,850eb4bf801df40ed743bcd804d1c4635147140540ff51955497d3b691758856,data,testdata,no
testdata/BASS_DR3/dates/20170615.json,110381,c449aa01efd859d2482e9cd6b8fdbe5a42455eaf82b8804c660b0c26c7eb8da3,data,testdata,no
testdata/BASS_DR3/dates/20170616.json,89085,6dbda095f93072992b88915eae65987aa83dcac6a6b98d31766e1cad0e51adce,data,testdata,no
testdata/BASS_DR3/dates/20170617.json,89085,5064018951417a12a1f0dfc91357a0bf1c933fc7390b9ddb222963a657024739,data,testdata,no
testdata/BASS_DR3/dates/20170618.json,75533,f258b3445af6487bb0a1a2f7828fb3cd21859a35f521f8106ec5adba6b886352,data,testdata,no
testdata/BASS_DR3/dates/20170619.json,12613,1dc3396c53cacdddff077741bd560e00d660b043f1a4e0e29eaf372a9124d9bc,data,testdata,no
testdata/BASS_DR3/dates/20170620.json,87149,dc663fe41405c7ec74fea67e44ab3b5a15b33998149a97d650ac812aa9f05422,data,testdata,no
testdata/BASS_DR3/dates/20170621.json,99733,4a892b1b5cddd2e6518caaea1994ae8a6a738556637826c8951fe62716793fa5,data,testdata,no
testdata/BASS_DR3/dates/20170622.json,76267,c0c7c4315e6831d52bdcd1e2f29d744b18315a5e2003ce52ec01c2c9f27fdc45,data,testdata,no
testdata/BASS_DR3/dates/20170623.json,138453,7838aaf194fe0fd86b909de56ba2b851705390112cadf7416db090f815842e66,data,testdata,no
testdata/BASS_DR3/dates/20170624.json,6805,2915520ac7ea04a7bd19fa26cd7d1b04168c53047f4efa390a566d35b92e97fc,data,testdata,no
testdata/BASS_DR3/dates/20170721.json,15517,ec43f33047bbc7a26d93d0c39aee04f9afa67af7c6d0c9bd07fe427fc94bc3e7,data,testdata,no
testdata/BASS_DR3/dates/20170724.json,15517,265af86c486a5b2f925d11f514753509c5f341180d403c96032a54afd8a8613e,data,testdata,no
testdata/BASS_DR3/dates/20170725.json,43589,45e4ccf29a1fbaeb89d86c54c6d79935c94ea4690ec936e0a0879839f0c0e1d7,data,testdata,no
testdata/BASS_DR3/dates/20170730.json,66821,aed40920bd9cae571ef73622eb66be2619878f6ef7f685fb24d32eac41da85d9,data,testdata,no
testdata/BASS_DR3/dates/20171109.json,89085,1d8bf9fe8546387286eb59ae7fc0476dc9e598109ac6d66e896c6d022240d824,data,testdata,no
testdata/BASS_DR3/dates/20171110.json,102637,c6b9b1d0e7e44d199ad7637f37d36e917f6f819d34aedbe131f38801508cd6af,data,testdata,no
testdata/BASS_DR3/dates/20171125.json,182013,b9260a383d1376230349eed3e4aecf2977bfa352b25634325cb1631467ab7bca,data,testdata,no
testdata/BASS_DR3/dates/20171126.json,166525,0cd010484fee76af899977ea5672cd3cc35fed2a5fcb35d892f76c157df57d8b,data,testdata,no
testdata/BASS_DR3/dates/20180111.json,116189,98242997daeb2a0f53f322dc97e5a7c4c93e948a784c9d7a93767b569b725788,data,testdata,no
testdata/BASS_DR3/dates/20180112.json,152005,7973d4449032eabf82ca3770c4eb83b535f789f493a1382d36002200dd5db5e7,data,testdata,no
testdata/BASS_DR3/dates/20180113.json,238157,3001794853b26a4253bbbb21fa051dda8f8e80594c036fd45c3417259e728d84,data,testdata,no
testdata/BASS_DR3/dates/20180114.json,218797,cb27c693147efccb16ce03aa45589d76a74d2300806f9bbd8d3acc56a6cdd65c,data,testdata,no
testdata/BASS_DR3/dates/20180115.json,39717,9192c7f4235fe152c1d7fdcf50c7dfa11662d5311a519f2b28b793b858da385b,data,testdata,no
testdata/BASS_DR3/dates/20180116.json,122965,ac05caf192af49860c4118087f8dacc751487c5671d4ff1c5de8c476ca67d45e,data,testdata,no
testdata/BASS_DR3/dates/20180117.json,260421,ed95868f248bb1432744bb67d947fe39bb7f7f6f3fb7a237f9d2c349a70891e0,data,testdata,no
testdata/BASS_DR3/dates/20180216.json,28101,a12bbf7e8cb97d16cba86a7f313e144a02be5b960ab5591ab77469752e746599,data,testdata,no
testdata/BASS_DR3/dates/20180217.json,46493,3de72bfb31881e8cb9c6ffe739bb5e9557b76d4b3df52b715fc19c2edefe9e81,data,testdata,no
testdata/BASS_DR3/dates/20180220.json,182013,ace2da2fcba02ac70e959166d1d4e9d8c086ccf2ad8081c7f536038b6fadbb1f,data,testdata,no
testdata/BASS_DR3/dates/20180221.json,135549,38be3462afc2c441bac3c2cf356403a9f7f23716c4c3d1c5b5e7cd36598f74b3,data,testdata,no
testdata/BASS_DR3/dates/20180222.json,171365,2ff1b8abbd9f5f7e946ffc4cec0b5f1bec3e5f5d7660298f3623936fbfc9e8c6,data,testdata,no
testdata/BASS_DR3/dates/20180223.json,101669,962e8b17a49f710d3b4072de3a9def134594d3f9d3739b0dd4d3ddf0f5dae1d7,data,testdata,no
testdata/BASS_DR3/dates/20180224.json,167493,a2c5ce8ddfc3e34c940ff45a6e8917e16ef7332f1caaf3cba7395de156c6fbd3,data,testdata,no
testdata/BASS_DR3/dates/20180225.json,125869,32d23c387f4836fb170c521ce6b0c6f7c8ea45b7c083a0302e07767e77266f49,data,testdata,no
testdata/BASS_DR3/dates/20180309.json,122965,170ce551d1e06509e4fde331e04e3b6a3faf6b70b0852003b982c273d7fe8903,data,testdata,no
testdata/BASS_DR3/dates/20180312.json,128773,dad49124df6a4a4ee7f8d7e86248edbd6246c844e0231c5ae1475fd050038eec,data,testdata,no
testdata/BASS_DR3/dates/20180313.json,47461,96e3ac78c2cdeb7718d6c3c4f88319b096972eeb0918860d21deeb393929b74e,data,testdata,no
testdata/BASS_DR3/dates/20180314.json,63917,6fb7998101ed473390b6a74ca6d1d019e1d02cf212377f9a6a6f911332751c7d,data,testdata,no
testdata/BASS_DR3/dates/20180315.json,123933,47c90659ebed60947021f37daf336a64d0debe0ca4ad9293db33296a05f41fcd,data,testdata,no
testdata/BASS_DR3/dates/20180316.json,130709,2b4356e3f3f38c04364e5da5a0185a7420e4f98028553fee411918c36724ae90,data,testdata,no
testdata/BASS_DR3/dates/20180317.json,91021,fadb832e43d6a8940e5d8e5a85abce9beea90c8f37a39abf13feb739e3e471e2,data,testdata,no
testdata/BASS_DR3/dates/20180318.json,145229,b968776f6af0d2c732c99391c713089eb7ac390737bbe81afc467a6bd5bf6b1a,data,testdata,no
testdata/BASS_DR3/dates/20180319.json,155877,9ad8f7250777bc555afd011c686a6e1a1fccec2004c7267d2bc2eb1c04b013b0,data,testdata,no
testdata/BASS_DR3/dates/20180320.json,137485,da883e8c8b58fc4f6f918049fc2409c7355c112132e64916dabf6ddf621ee05d,data,testdata,no
testdata/BASS_DR3/dates/20180321.json,43589,10c5f1ad2f7c9bc402bce893edfcc64973a2d9258e448ff16226c068e544cb18,data,testdata,no
testdata/BASS_DR3/dates/20180322.json,46493,359c7a1b380fc41bcf60f3c562b8da9730e5c3691987f7f1ef13f108defb3df8,data,testdata,no
testdata/BASS_DR3/dates/20180323.json,71663,09c537b56122cf5cadda6eb590763211e0f9f893e5e9ec4600f034b837fbfd00,data,testdata,no
testdata/BASS_DR3/dates/20180324.json,53269,f36e277d5573f427d6fbc33d844f4645bf5694b8d77201b9248d96dbb37e0fe9,data,testdata,no
testdata/BASS_DR3/dates/20180408.json,129741,4e897b0fa2cb4c5a0a31230b307d6ac539413b802b72b1e7498aa125011b1866,data,testdata,no
testdata/BASS_DR3/dates/20180409.json,144261,2b146f9d194d590bb755287fffda8cc0ae2752298841becbfb7d5eaf28a282be,data,testdata,no
testdata/BASS_DR3/dates/20180410.json,176205,8f5ddef11d1f51f4243bbb2ea976d1239608f45fe63504a6e3d586a2532b7a91,data,testdata,no
testdata/BASS_DR3/dates/20180411.json,32941,2e6414844ec32bbe31a2a4b1a6c02654e78c6a5c485624f06d04dd215d529fa5,data,testdata,no
testdata/BASS_DR3/dates/20180413.json,124901,13d0d0abdc6ec0d96c63529b1a1d80c509b70ad44c0d6810765f18485520ca77,data,testdata,no
testdata/BASS_DR3/dates/20180414.json,170397,60f05cc86dbc6bf93546d6b03ae932430fd6ca5448d97f0ad8486c7de7c41a6c,data,testdata,no
testdata/BASS_DR3/dates/20180415.json,113285,d8427d7b6ca06538cd4c6dd502e9a988a41b82f408fd65eefadc52848f8fb181,data,testdata,no
testdata/BASS_DR3/dates/20180417.json,156845,f2025462c2c56dc31a78ad3b0d300b56a600a0c5ecf1adb8056ef6fac64e5431,data,testdata,no
testdata/BASS_DR3/dates/20180418.json,173301,c8efa6e2b8bd605591e9a3f8958442803683c3e972898ad4a369be6354355298,data,testdata,no
testdata/BASS_DR3/dates/20180419.json,62949,d5902a893ca032c13304405e42de2aa39ad810e6e58342d4d0920c18f589bb99,data,testdata,no
testdata/BASS_DR3/dates/20180420.json,148133,df32ae6586d8e682c6151c2beddb03ba0426e0451f740f8d3f3ef5f0670dc749,data,testdata,no
testdata/BASS_DR3/dates/20180421.json,68757,b875b3d49a9d8ee0be77db33e24d87c59395ee0f17044e42534cd9113f5bca0d,data,testdata,no
testdata/BASS_DR3/dates/20180422.json,150069,95c8a627df962de95390a0967abc95f860eb9dacdd4c17dc102ce642b7da9b08,data,testdata,no
testdata/BASS_DR3/dates/20180423.json,135549,85ed91efbc7e79e2146d13aee7437d2c4f3a3638e65645d6a1ef60e069d14838,data,testdata,no
testdata/BASS_DR3/dates/20180506.json,96829,aaf3288bc1515e94759ae340a910bd51e9923e253808ca1ed746291f24a1d069,data,testdata,no
testdata/BASS_DR3/dates/20180507.json,200405,ae358d9c787395298710745919c9ab1fda22e4788827b0e309f076dfaff42e5b,data,testdata,no
testdata/BASS_DR3/dates/20180508.json,163621,9b35fcfff44225293e780915098199658ce0ba9a21f83590f0d110dc19f28329,data,testdata,no
testdata/BASS_DR3/dates/20180509.json,165557,f8b0638aaf2285f444a8bdaf9a1413f7f734f44e54e2765bd1e87af776886797,data,testdata,no
testdata/BASS_DR3/dates/20180510.json,116189,0be2a127d3f2aad113766c112081ab2d5f1f69209989e9f8d7bcf59b3058af10,data,testdata,no
testdata/BASS_DR3/dates/20180513.json,1965,9888141e02e699cd89072143aa68313dc3d34e7387e48a62bd0bb32553f769b0,data,testdata,no
testdata/BASS_DR3/dates/20180514.json,149101,21f0f8590bb2a66a896183476c0b0a849301574e2a9d81d054b87147b84d9460,data,testdata,no
testdata/BASS_DR3/dates/20180515.json,163621,4b1ae17780f5b346d7e7a75da4f12499350608351c5f9a1449151c3014a2b788,data,testdata,no
testdata/BASS_DR3/dates/20180516.json,110381,16c2b8b93727290f55e141c326df9d46e1585af48882bffb242ce70aadf059ce,data,testdata,no
testdata/BASS_DR3/dates/20180517.json,178141,609f75a256f2b4b335e39ee6bc2463589ac1e328c912c73b5f9618c94ee8e740,data,testdata,no
testdata/BASS_DR3/dates/20180518.json,170397,6adb3611af39b6a7797a1208ba47cbfae3f736704d57fd19c69d48c41c69fbfe,data,testdata,no
testdata/BASS_DR3/dates/20180519.json,106509,05db29e7f7f473f3c4b27b2af3b6b88f60d970e35d68012884f83941dd962f5a,data,testdata,no
testdata/BASS_DR3/dates/20180520.json,117157,657b7cdbf7766633677b0ed09a8b274a69119f412cd4ba628374258dddab6cda,data,testdata,no
testdata/BASS_DR3/dates/20180521.json,90053,bf52b5d74a6bdd6b43f5b2a6511a546699859159a80644b47c43a83c9499ad25,data,testdata,no
testdata/BASS_DR3/dates/20180522.json,120061,cad8d1b0b1fad30d9b97b436ddfe49a868eace6a87286a7032d5f4fb9fcb1a09,data,testdata,no
testdata/BASS_DR3/dates/20180605.json,74562,916d59fc9d8fc849e2312512faf1a59592051ca54bd81dc50292f07e0f467f58,data,testdata,no
testdata/BASS_DR3/dates/20180606.json,93925,1f1f7c5ea6cb5aec2b9b7666c9058e0d4668490fdfd7a3d65f6a725b349b2c12,data,testdata,no
testdata/BASS_DR3/dates/20180607.json,102637,dedcf7fb90672166bca3d890baa3c158b92b0a88fc6adfe8816b1c5d14c33754,data,testdata,no
testdata/BASS_DR3/dates/20180608.json,93925,ed32ea6ba1082f9ba0a19505ae310a285a7732d7fd74c0d516557d17c0f2a865,data,testdata,no
testdata/BASS_DR3/dates/20180609.json,108445,c33d03a086d037d3672fb302858a8ef88169eaa679c3c507d0531590b5dc7a51,data,testdata,no
testdata/BASS_DR3/dates/20180610.json,115221,46c0b6356a69bc0858be0f61e08081db294f6bea47f746b4f3b50660708d0e32,data,testdata,no
testdata/BASS_DR3/dates/20180611.json,131677,8ad811a206131bb82b52d2e70bf26797602d973e13caad1ce63daf203d1ed1e0,data,testdata,no
testdata/BASS_DR3/dates/20180612.json,57141,8985e3a258dcd037ab5801c4557986a372a5414800994bf525e161826d9bdeb2,data,testdata,no
testdata/BASS_DR3/dates/20180613.json,22293,027f9fa570c2a4625052b0f53fdb152e1d4d7699e3f64f0ac29384b12f10bdad,data,testdata,no
testdata/BASS_DR3/dates/20180616.json,64885,92e27b7d33f01b14ee0cd3e2468a7cf391fd598046ee8e41f607b2c603805273,data,testdata,no
testdata/BASS_DR3/dates/20180617.json,116189,b67ca51599040a9820f5a11ff23d07ae4b10ed5a0da0a3079e074d9037a4301c,data,testdata,no
testdata/BASS_DR3/dates/20180702.json,87149,abcbbcb34c75b7f17f0f367aa74defdc19230c8894efc02fd71bd70cb3a6eefd,data,testdata,no
testdata/BASS_DR3/dates/20180703.json,26166,c58b7dcfe808d10efa561f694f659c17659e8f46f52bbceba0996d633261f29c,data,testdata,no
testdata/BASS_DR3/dates/20180704.json,73598,e94f2af17b3828e6fa78b9e0e48e447e692f9cd728a23b6a89c6e001d54af92e,data,testdata,no
testdata/BASS_DR3/dates/20180705.json,41653,a59c306c6aa25c353287a4fda9c8598555087cded68446be0334524b798bbe8b,data,testdata,no
testdata/BASS_DR3/dates/20180706.json,97797,fcc1a427bd908a42ead2c5635761cc135d3b1ed434dfc121ab5cecd0b67011a5,data,testdata,no
testdata/BASS_DR3/dates/20180708.json,6805,121b07662b01e17c74a4ad5ce3b491a7f99dbafae503685ccb696aed4a024ffa,data,testdata,no
testdata/BASS_DR3/dates/20180710.json,18421,3479950b5be0e9fc28e86832601fcaef7988f8493ae6472bfecdb473e75bd4ad,data,testdata,no
testdata/BASS_DR3/dates/20180711.json,55205,cadd648fca97b3d051ad8c888029610bc0318f67e4035b9e06bab9c68735f9d6,data,testdata,no
testdata/BASS_DR3/dates/20180714.json,48429,9746dcdbed55d1b7418e2e4cca352be12777560b4555148b9d5564b5f99814ac,data,testdata,no
testdata/BASS_DR3/dates/20180715.json,8741,2c3ef5da017f09a3704dce815086a0877816862d0368e678dd0fbcae62f21c3b,data,testdata,no
testdata/BASS_DR3/dates/20180719.json,51333,295c607edea67451801c3895140ab699045bc6705ca8acc32e0e20fc2d9f8f22,data,testdata,no
testdata/BASS_DR3/dates/20180721.json,94894,e60581394c3c545aa4d60acfa49691be6775c153feac330847f7a0cef421b7f1,data,testdata,no
testdata/BASS_DR3/dates/20181211.json,56173,94080ee66098d38484ac582fa4c6d9eb87f5162fc9aba1cffb0f964880c9a71d,data,testdata,no
testdata/BASS_DR3/dates/20181212.json,99733,0fe762ce6e9c5b9b67a1a1a437ddf1b70049c51aa5fde504a2f32c920a86aac0,data,testdata,no
testdata/BASS_DR3/dates/20181213.json,127805,470780505720bdda1c3f39dc3b4da5366fa28c689f3cf40906a67e5c6405ee17,data,testdata,no
testdata/BASS_DR3/dates/20181214.json,57141,d35c6422c21ebd8f3acd63a6e96214d5433094d05e2ea587e54035897f0fde6a,data,testdata,no
testdata/BASS_DR3/dates/20190102.json,71661,fb4b32591922f0c2b719ddbfc44d3c0fdcb39fca89c67a7864bc6dc37e73eecb,data,testdata,no
testdata/BASS_DR3/dates/20190103.json,86181,aa7ca160ac16f21ed12a4268609c72bc97e7cff06c5b98836da6361f12cd5974,data,testdata,no
testdata/BASS_DR3/dates/20190104.json,17453,19fa743ebd1107f9b37275ddc2932f486dd5a45feeaa2d3cecb108271054e9f3,data,testdata,no
testdata/BASS_DR3/dates/20190106.json,91989,52ee55ee79cc684cd8aa3699535718bbd74120ae1fe83b2a08c117b06005e05d,data,testdata,no
testdata/BASS_DR3/dates/20190108.json,58109,4cc6a1d8a15e0a2d84ae28fa789e44394998560eec920a56bbe370bd0e19bf61,data,testdata,no
testdata/BASS_DR3/dates/20190109.json,19389,634bff3bd0e75f20819fac33cb54ad115275b72a76a9c261efb33e5f2c0763dc,data,testdata,no
testdata/BASS_DR3/dates/20190110.json,74565,eb17008e8c62b5c43a08e3cac67ee89bc4428dc33b72750dc2f693e8abeed50a,data,testdata,no
testdata/BASS_DR3/dates/20190111.json,115221,c0d16d3f0d5b886dc903f9a3c3acc066d21417c0611690efad33742d972ef82d,data,testdata,no
testdata/BASS_DR3/dates/20190114.json,120061,c08965a57e1f2190ac41405a9ba7e84e39719a260fa7dcf9e5ae0978e3c0bef0,data,testdata,no
testdata/BASS_DR3/dates/20190115.json,13581,6680b8875dae2cb924e97117b313208b3d8d2edb5b05d823f850ade1f918a139,data,testdata,no
testdata/BASS_DR3/dates/20190116.json,186856,3cc97b61b87930b7d6751aacb68b68332add792a70bd8d117bb1dffa0869f711,data,testdata,no
testdata/BASS_DR3/dates/20190126.json,98765,2d14290f7a9d79a3d340d48c0ba5794c83ab00b2c27371fdc1f47b28fdaa7adf,data,testdata,no
testdata/BASS_DR3/dates/20190127.json,155877,0da26a669877879e3b363244be5292498ce88c3118a8f5b3184a2ded99e883bd,data,testdata,no
testdata/BASS_DR3/dates/20190128.json,53269,a4f2aa95a88128e493aa3f2fe73142c45947d4649185edf765dd4fd2e0c8822e,data,testdata,no
testdata/BASS_DR3/dates/20190129.json,41653,f068b58e553d7b5bfe3bd4c4731028d65c4aa58a12355c2bacfb6540b58f2474,data,testdata,no
testdata/BASS_DR3/dates/20190130.json,177173,1a81bd140cfc5a0128f6a100e21036756458679c65231a4391a56fcb767e2a9f,data,testdata,no
testdata/BASS_DR3/dates/20190131.json,54237,3b52853e21b01c30d4f4eb55906e94280e4e5a7c9264142d7615fbb339981bab,data,testdata,no
testdata/BASS_DR3/dates/20190202.json,2933,c0182b80551fbc12d1c919b21abd45e112570a21652b7955207e293403912a20,data,testdata,no
testdata/BASS_DR3/dates/20190207.json,201373,effc3d1ca67b12414d8a97f10ba8e11efb87f33af7e926ccc49de59691332d1b,data,testdata,no
testdata/BASS_DR3/dates/20190208.json,149101,66d5dc9dedd60bb6a735adc0aec2634eeb81f9696cbe080978a777b8258717b1,data,testdata,no
testdata/BASS_DR3/dates/20190210.json,198469,ec9f30a68f48df53e68b406cd7092560c0d2303511ff1d0545c003dfab09e275,data,testdata,no
testdata/BASS_DR3/dates/20190211.json,147165,ac9e323d4cd24949dc7cf35df3e65507e598a25fc8bc5f0e5553205f571457f2,data,testdata,no
testdata/BASS_DR3/dates/20190212.json,117157,3bbbda33a32d6de4892d4aeb6b14e3f1ad45d4ee6e97e00952b1baf6ce525a84,data,testdata,no
testdata/BASS_DR3/dates/20190227.json,60045,71938a82b280f2d01d012666f15a523073d8a0a070877e935a70efd7263abd4c,data,testdata,no
testdata/BASS_DR3/dates/20190306.json,36813,d697401e151be31d292308684d91fdc1d257d73e04d8f26203e8b10e112cc858,data,testdata,no
testdata/BASS_DR3/index.csv.gz,2765179,f4cdf664c92b4961cd5448eaf7e4b4be95074594f080935c877ae830677a475a,data,testdata,no
testdata/BASS_DR3/index.json,20903,4ea396ee8d100ef755e283f13f155ca7dc934906c52e2b1aff37512bccdb9108,data,testdata,no
testdata/BASS_DR3/tools/analyze_footprint.py,7611,1222043e0a6dabb8d4d676fad6bc98331f1b44b684fa84ce9392f23ffb5c73b9,data,testdata,no
testdata/BASS_DR3/tools/build_coords_index.py,9151,8aa1aa722475b8940c2009db30dc9658503ebd75d59794a40cbe12ab3d5b253d,data,testdata,no
testdata/BASS_DR3/tools/constellation_coverage.py,8988,7c8afc01efa15ad77533c4a065cdbb185a0b368054965dd06690c34d148beb17,data,testdata,no
testdata/BASS_DR3/tools/crawl_bass_dr3.py,11740,04d920e475bcfd6b42a5d1d90ea375db8df20a19edafc96b5e9bd8c9deecf432,data,testdata,no
testdata/BASS_DR3/tools/download_subset.py,6432,0863598585e1c9781bbf5addf2b098ed02993a94b37fd162f8ccad80587cc608,data,testdata,no
testdata/BASS_DR3/tools/roman1987_constellation_boundaries.tsv,15557,82c3702149e87e236324c53295ca3f75ba62d134ccc68ffdb7f8460130449e30,data,testdata,no
testdata/BASS_DR3/tools/test_aio_fz.py,9253,ac6bce63f889f286fadc630bed472420bcaa689ac4d047eb57c6e927b5c16b9b,data,testdata,no
testdata/BASS_DR3/tools/verify_bass_dr3.py,6196,fb7a8b7ff80563dd9be99c5082ef386f5ddf407ea7172e6d5696119a6f203cba,data,testdata,no
testdata/README.md,5667,9274766f40261dc9b1a173aecd70ae62732c79c49b87528e4a2746b5015b00b1,data,testdata,no
testdata/index.json,29754,776080792fd68514fe9a0837f762182bf169dae5bc5c46b20ee73601c8f99e0b,data,testdata,no
"""\345\256\236\351\252\214/absolute-snr/B7_ABSOLUTE_SNR_RECON.md""",0,MISSING,aux,"""\345\256\236\351\252\214",no
"""\345\256\236\351\252\214/absolute-snr/README.md""",0,MISSING,aux,"""\345\256\236\351\252\214",no
"""\345\256\236\351\252\214/absolute-snr/REPORT_paper.md""",0,MISSING,aux,"""\345\256\236\351\252\214",no
"""\345\256\236\351\252\214/absolute-snr/code/b1_sky_scan.py""",0,MISSING,aux,"""\345\256\236\351\252\214",no
"""\345\256\236\351\252\214/absolute-snr/code/b2_noise_terms.py""",0,MISSING,aux,"""\345\256\236\351\252\214",no
"""\345\256\236\351\252\214/absolute-snr/code/b3_domain_map.py""",0,MISSING,aux,"""\345\256\236\351\252\214",no
"""\345\256\236\351\252\214/absolute-snr/code/b4_integration.py""",0,MISSING,aux,"""\345\256\236\351\252\214",no
"""\345\256\236\351\252\214/absolute-snr/code/b5_phase3_transfer.py""",0,MISSING,aux,"""\345\256\236\351\252\214",no
"""\345\256\236\351\252\214/absolute-snr/code/b6_gates_audit.py""",0,MISSING,aux,"""\345\256\236\351\252\214",no
"""\345\256\236\351\252\214/absolute-snr/code/b7_absolute_snr_recon.py""",0,MISSING,aux,"""\345\256\236\351\252\214",no
"""\345\256\236\351\252\214/absolute-snr/code/b7_build_driver.sh""",0,MISSING,aux,"""\345\256\236\351\252\214",no
"""\345\256\236\351\252\214/absolute-snr/code/b7_recon_driver.cpp""",0,MISSING,aux,"""\345\256\236\351\252\214",no
"""\345\256\236\351\252\214/absolute-snr/code/b7_run.sh""",0,MISSING,aux,"""\345\256\236\351\252\214",no
"""\345\256\236\351\252\214/absolute-snr/code/build_prod_driver.sh""",0,MISSING,aux,"""\345\256\236\351\252\214",no
"""\345\256\236\351\252\214/absolute-snr/code/diag_highN.py""",0,MISSING,aux,"""\345\256\236\351\252\214",no
"""\345\256\236\351\252\214/absolute-snr/code/diag_noise_terms.py""",0,MISSING,aux,"""\345\256\236\351\252\214",no
"""\345\256\236\351\252\214/absolute-snr/code/exp01/exp01_common.py""",0,MISSING,aux,"""\345\256\236\351\252\214",no
"""\345\256\236\351\252\214/absolute-snr/code/exp01/hst_sim.py""",0,MISSING,aux,"""\345\256\236\351\252\214",no
"""\345\256\236\351\252\214/absolute-snr/code/exp01/negatives_selftest.py""",0,MISSING,aux,"""\345\256\236\351\252\214",no
"""\345\256\236\351\252\214/absolute-snr/code/exp01/q1_delta_budget.py""",0,MISSING,aux,"""\345\256\236\351\252\214",no
"""\345\256\236\351\252\214/absolute-snr/code/exp01/q2a_estimator_pairing.py""",0,MISSING,aux,"""\345\256\236\351\252\214",no
"""\345\256\236\351\252\214/absolute-snr/code/exp01/q2b_estimator_data.py""",0,MISSING,aux,"""\345\256\236\351\252\214",no
"""\345\256\236\351\252\214/absolute-snr/code/exp01/real_products.py""",0,MISSING,aux,"""\345\256\236\351\252\214",no
"""\345\256\236\351\252\214/absolute-snr/code/exp01/run_all.sh""",0,MISSING,aux,"""\345\256\236\351\252\214",no
"""\345\256\236\351\252\214/absolute-snr/code/exp02/e1_analytic_scan.py""",0,MISSING,aux,"""\345\256\236\351\252\214",no
"""\345\256\236\351\252\214/absolute-snr/code/exp02/e2_hst_scan.py""",0,MISSING,aux,"""\345\256\236\351\252\214",no
"""\345\256\236\351\252\214/absolute-snr/code/exp02/e3_real_data.py""",0,MISSING,aux,"""\345\256\236\351\252\214",no
"""\345\256\236\351\252\214/absolute-snr/code/exp02/e4_gates_selftest.py""",0,MISSING,aux,"""\345\256\236\351\252\214",no
"""\345\256\236\351\252\214/absolute-snr/code/exp02/exp02_common.py""",0,MISSING,aux,"""\345\256\236\351\252\214",no
"""\345\256\236\351\252\214/absolute-snr/code/exp02/make_tables.py""",0,MISSING,aux,"""\345\256\236\351\252\214",no
"""\345\256\236\351\252\214/absolute-snr/code/exp02/run_all.sh""",0,MISSING,aux,"""\345\256\236\351\252\214",no
"""\345\256\236\351\252\214/absolute-snr/code/exp03/_explore_scale.py""",0,MISSING,aux,"""\345\256\236\351\252\214",no
"""\345\256\236\351\252\214/absolute-snr/code/exp03/e1_analytic.py""",0,MISSING,aux,"""\345\256\236\351\252\214",no
"""\345\256\236\351\252\214/absolute-snr/code/exp03/e2_real_premise.py""",0,MISSING,aux,"""\345\256\236\351\252\214",no
"""\345\256\236\351\252\214/absolute-snr/code/exp03/e3_hst.py""",0,MISSING,aux,"""\345\256\236\351\252\214",no
"""\345\256\236\351\252\214/absolute-snr/code/exp03/e4_gates_selftest.py""",0,MISSING,aux,"""\345\256\236\351\252\214",no
"""\345\256\236\351\252\214/absolute-snr/code/exp03/exp03_common.py""",0,MISSING,aux,"""\345\256\236\351\252\214",no
"""\345\256\236\351\252\214/absolute-snr/code/exp03/make_tables.py""",0,MISSING,aux,"""\345\256\236\351\252\214",no
"""\345\256\236\351\252\214/absolute-snr/code/exp03/run_all.sh""",0,MISSING,aux,"""\345\256\236\351\252\214",no
"""\345\256\236\351\252\214/absolute-snr/code/exp04/driver.py""",0,MISSING,aux,"""\345\256\236\351\252\214",no
"""\345\256\236\351\252\214/absolute-snr/code/exp04/e1_analytic.py""",0,MISSING,aux,"""\345\256\236\351\252\214",no
"""\345\256\236\351\252\214/absolute-snr/code/exp04/e2_hst.py""",0,MISSING,aux,"""\345\256\236\351\252\214",no
"""\345\256\236\351\252\214/absolute-snr/code/exp04/e3_real.py""",0,MISSING,aux,"""\345\256\236\351\252\214",no
"""\345\256\236\351\252\214/absolute-snr/code/exp04/e4_gates.py""",0,MISSING,aux,"""\345\256\236\351\252\214",no
"""\345\256\236\351\252\214/absolute-snr/code/exp04/e5_cost.py""",0,MISSING,aux,"""\345\256\236\351\252\214",no
"""\345\256\236\351\252\214/absolute-snr/code/exp04/e6_boundary.py""",0,MISSING,aux,"""\345\256\236\351\252\214",no
"""\345\256\236\351\252\214/absolute-snr/code/exp04/e7_crossframe.py""",0,MISSING,aux,"""\345\256\236\351\252\214",no
"""\345\256\236\351\252\214/absolute-snr/code/exp04/e8_review_b3.py""",0,MISSING,aux,"""\345\256\236\351\252\214",no
"""\345\256\236\351\252\214/absolute-snr/code/exp04/e9_clip.py""",0,MISSING,aux,"""\345\256\236\351\252\214",no
"""\345\256\236\351\252\214/absolute-snr/code/exp04/exp04_common.py""",0,MISSING,aux,"""\345\256\236\351\252\214",no
"""\345\256\236\351\252\214/absolute-snr/code/exp04/make_tables.py""",0,MISSING,aux,"""\345\256\236\351\252\214",no
"""\345\256\236\351\252\214/absolute-snr/code/exp04/operators.py""",0,MISSING,aux,"""\345\256\236\351\252\214",no
"""\345\256\236\351\252\214/absolute-snr/code/exp04/rss_guard.py""",0,MISSING,aux,"""\345\256\236\351\252\214",no
"""\345\256\236\351\252\214/absolute-snr/code/exp04/run_all.sh""",0,MISSING,aux,"""\345\256\236\351\252\214",no
"""\345\256\236\351\252\214/absolute-snr/code/exp04/selftest_operators.py""",0,MISSING,aux,"""\345\256\236\351\252\214",no
"""\345\256\236\351\252\214/absolute-snr/code/exp04/summarize.py""",0,MISSING,aux,"""\345\256\236\351\252\214",no
"""\345\256\236\351\252\214/absolute-snr/code/exp05/e1_analytic.py""",0,MISSING,aux,"""\345\256\236\351\252\214",no
"""\345\256\236\351\252\214/absolute-snr/code/exp05/e2_hst.py""",0,MISSING,aux,"""\345\256\236\351\252\214",no
"""\345\256\236\351\252\214/absolute-snr/code/exp05/e3_real.py""",0,MISSING,aux,"""\345\256\236\351\252\214",no
"""\345\256\236\351\252\214/absolute-snr/code/exp05/e4_weight.py""",0,MISSING,aux,"""\345\256\236\351\252\214",no
"""\345\256\236\351\252\214/absolute-snr/code/exp05/e5_gates.py""",0,MISSING,aux,"""\345\256\236\351\252\214",no
"""\345\256\236\351\252\214/absolute-snr/code/exp05/e6_mechanism.py""",0,MISSING,aux,"""\345\256\236\351\252\214",no
"""\345\256\236\351\252\214/absolute-snr/code/exp05/exp05_common.py""",0,MISSING,aux,"""\345\256\236\351\252\214",no
"""\345\256\236\351\252\214/absolute-snr/code/exp05/make_tables.py""",0,MISSING,aux,"""\345\256\236\351\252\214",no
"""\345\256\236\351\252\214/absolute-snr/code/exp05/run_all.sh""",0,MISSING,aux,"""\345\256\236\351\252\214",no
"""\345\256\236\351\252\214/absolute-snr/code/exp06/e1_analytic.py""",0,MISSING,aux,"""\345\256\236\351\252\214",no
"""\345\256\236\351\252\214/absolute-snr/code/exp06/e2_hst.py""",0,MISSING,aux,"""\345\256\236\351\252\214",no
"""\345\256\236\351\252\214/absolute-snr/code/exp06/e3_real.py""",0,MISSING,aux,"""\345\256\236\351\252\214",no
"""\345\256\236\351\252\214/absolute-snr/code/exp06/e4_gates.py""",0,MISSING,aux,"""\345\256\236\351\252\214",no
"""\345\256\236\351\252\214/absolute-snr/code/exp06/e5_scope.py""",0,MISSING,aux,"""\345\256\236\351\252\214",no
"""\345\256\236\351\252\214/absolute-snr/code/exp06/e6_ablation.py""",0,MISSING,aux,"""\345\256\236\351\252\214",no
"""\345\256\236\351\252\214/absolute-snr/code/exp06/exp06_common.py""",0,MISSING,aux,"""\345\256\236\351\252\214",no
"""\345\256\236\351\252\214/absolute-snr/code/exp06/make_tables.py""",0,MISSING,aux,"""\345\256\236\351\252\214",no
"""\345\256\236\351\252\214/absolute-snr/code/exp06/run_all.sh""",0,MISSING,aux,"""\345\256\236\351\252\214",no
"""\345\256\236\351\252\214/absolute-snr/code/fetch_evidence.py""",0,MISSING,aux,"""\345\256\236\351\252\214",no
"""\345\256\236\351\252\214/absolute-snr/code/make_figures.py""",0,MISSING,aux,"""\345\256\236\351\252\214",no
"""\345\256\236\351\252\214/absolute-snr/code/make_tables.py""",0,MISSING,aux,"""\345\256\236\351\252\214",no
"""\345\256\236\351\252\214/absolute-snr/code/prod_snr_driver.cpp""",0,MISSING,aux,"""\345\256\236\351\252\214",no
"""\345\256\236\351\252\214/absolute-snr/code/reverse_verify/f_instr/README.md""",0,MISSING,aux,"""\345\256\236\351\252\214",no
"""\345\256\236\351\252\214/absolute-snr/code/reverse_verify/f_instr/exp0_scene_and_noise.py""",0,MISSING,aux,"""\345\256\236\351\252\214",no
"""\345\256\236\351\252\214/absolute-snr/code/reverse_verify/f_instr/exp1_recovery.py""",0,MISSING,aux,"""\345\256\236\351\252\214",no
"""\345\256\236\351\252\214/absolute-snr/code/reverse_verify/f_instr/exp2_aperture_dependence.py""",0,MISSING,aux,"""\345\256\236\351\252\214",no
"""\345\256\236\351\252\214/absolute-snr/code/reverse_verify/f_instr/exp3_seeing_null.py""",0,MISSING,aux,"""\345\256\236\351\252\214",no
"""\345\256\236\351\252\214/absolute-snr/code/reverse_verify/f_instr/exp4_gain_recovery.py""",0,MISSING,aux,"""\345\256\236\351\252\214",no
"""\345\256\236\351\252\214/absolute-snr/code/reverse_verify/f_instr/exp5_psf_shape.py""",0,MISSING,aux,"""\345\256\236\351\252\214",no
"""\345\256\236\351\252\214/absolute-snr/code/reverse_verify/f_instr/f_instr_lib.py""",0,MISSING,aux,"""\345\256\236\351\252\214",no
"""\345\256\236\351\252\214/absolute-snr/code/reverse_verify/f_instr/run_all.sh""",0,MISSING,aux,"""\345\256\236\351\252\214",no
"""\345\256\236\351\252\214/absolute-snr/code/reverse_verify/frame_snr/README.md""",0,MISSING,aux,"""\345\256\236\351\252\214",no
"""\345\256\236\351\252\214/absolute-snr/code/reverse_verify/frame_snr/branch_discriminator.py""",0,MISSING,aux,"""\345\256\236\351\252\214",no
"""\345\256\236\351\252\214/absolute-snr/code/reverse_verify/frame_snr/cpp/p1snr_probe.cpp""",0,MISSING,aux,"""\345\256\236\351\252\214",no
"""\345\256\236\351\252\214/absolute-snr/code/reverse_verify/frame_snr/crosscheck_photutils.py""",0,MISSING,aux,"""\345\256\236\351\252\214",no
"""\345\256\236\351\252\214/absolute-snr/code/reverse_verify/frame_snr/frame_snr_canon.py""",0,MISSING,aux,"""\345\256\236\351\252\214",no
"""\345\256\236\351\252\214/absolute-snr/code/reverse_verify/frame_snr/frame_snr_physical.py""",0,MISSING,aux,"""\345\256\236\351\252\214",no
"""\345\256\236\351\252\214/absolute-snr/code/reverse_verify/frame_snr/inventory_p1_snr.py""",0,MISSING,aux,"""\345\256\236\351\252\214",no
"""\345\256\236\351\252\214/absolute-snr/code/reverse_verify/frame_snr/run_all.sh""",0,MISSING,aux,"""\345\256\236\351\252\214",no
"""\345\256\236\351\252\214/absolute-snr/code/reverse_verify/frame_snr/run_redlines.py""",0,MISSING,aux,"""\345\256\236\351\252\214",no
"""\345\256\236\351\252\214/absolute-snr/code/reverse_verify/frame_snr/run_redlines_physical.py""",0,MISSING,aux,"""\345\256\236\351\252\214",no
"""\345\256\236\351\252\214/absolute-snr/code/reverse_verify/p7_noise/exp1_injection_recovery.py""",0,MISSING,aux,"""\345\256\236\351\252\214",no
"""\345\256\236\351\252\214/absolute-snr/code/reverse_verify/p7_noise/exp2_snr_calibration.py""",0,MISSING,aux,"""\345\256\236\351\252\214",no
"""\345\256\236\351\252\214/absolute-snr/code/reverse_verify/p7_noise/exp3_sky_scan.py""",0,MISSING,aux,"""\345\256\236\351\252\214",no
"""\345\256\236\351\252\214/absolute-snr/code/reverse_verify/p7_noise/exp4_scatter_sp0.py""",0,MISSING,aux,"""\345\256\236\351\252\214",no
"""\345\256\236\351\252\214/absolute-snr/code/reverse_verify/p7_noise/make_figures.py""",0,MISSING,aux,"""\345\256\236\351\252\214",no
"""\345\256\236\351\252\214/absolute-snr/code/reverse_verify/p7_noise/p7lib.py""",0,MISSING,aux,"""\345\256\236\351\252\214",no
"""\345\256\236\351\252\214/absolute-snr/code/reverse_verify/snr_design/README.md""",0,MISSING,aux,"""\345\256\236\351\252\214",no
"""\345\256\236\351\252\214/absolute-snr/code/reverse_verify/snr_design/audit/audit_exp1245.json""",0,MISSING,aux,"""\345\256\236\351\252\214",no
"""\345\256\236\351\252\214/absolute-snr/code/reverse_verify/snr_design/audit/audit_exp1245.py""",0,MISSING,aux,"""\345\256\236\351\252\214",no
"""\345\256\236\351\252\214/absolute-snr/code/reverse_verify/snr_design/audit/audit_exp3_physical.json""",0,MISSING,aux,"""\345\256\236\351\252\214",no
"""\345\256\236\351\252\214/absolute-snr/code/reverse_verify/snr_design/audit/audit_exp3_physical.py""",0,MISSING,aux,"""\345\256\236\351\252\214",no
"""\345\256\236\351\252\214/absolute-snr/code/reverse_verify/snr_design/audit/audit_mosaic_shape.json""",0,MISSING,aux,"""\345\256\236\351\252\214",no
"""\345\256\236\351\252\214/absolute-snr/code/reverse_verify/snr_design/audit/audit_mosaic_shape.py""",0,MISSING,aux,"""\345\256\236\351\252\214",no
"""\345\256\236\351\252\214/absolute-snr/code/reverse_verify/snr_design/audit/audit_sim_validation.json""",0,MISSING,aux,"""\345\256\236\351\252\214",no
"""\345\256\236\351\252\214/absolute-snr/code/reverse_verify/snr_design/audit/audit_sim_validation.py""",0,MISSING,aux,"""\345\256\236\351\252\214",no
"""\345\256\236\351\252\214/absolute-snr/code/reverse_verify/snr_design/audit/audit_sp0.json""",0,MISSING,aux,"""\345\256\236\351\252\214",no
"""\345\256\236\351\252\214/absolute-snr/code/reverse_verify/snr_design/audit/audit_sp0.py""",0,MISSING,aux,"""\345\256\236\351\252\214",no
"""\345\256\236\351\252\214/absolute-snr/code/reverse_verify/snr_design/audit/physnoise.py""",0,MISSING,aux,"""\345\256\236\351\252\214",no
"""\345\256\236\351\252\214/absolute-snr/code/reverse_verify/snr_design/audit/run_all_audit.sh""",0,MISSING,aux,"""\345\256\236\351\252\214",no
"""\345\256\236\351\252\214/absolute-snr/code/reverse_verify/snr_design/exp1_weight_penalty.json""",0,MISSING,aux,"""\345\256\236\351\252\214",no
"""\345\256\236\351\252\214/absolute-snr/code/reverse_verify/snr_design/exp1_weight_penalty.py""",0,MISSING,aux,"""\345\256\236\351\252\214",no
"""\345\256\236\351\252\214/absolute-snr/code/reverse_verify/snr_design/exp2_sparse_snr_reconstruction.json""",0,MISSING,aux,"""\345\256\236\351\252\214",no
"""\345\256\236\351\252\214/absolute-snr/code/reverse_verify/snr_design/exp2_sparse_snr_reconstruction.py""",0,MISSING,aux,"""\345\256\236\351\252\214",no
"""\345\256\236\351\252\214/absolute-snr/code/reverse_verify/snr_design/exp3.log""",0,MISSING,aux,"""\345\256\236\351\252\214",no
"""\345\256\236\351\252\214/absolute-snr/code/reverse_verify/snr_design/exp3_multiframe_weight_penalty.json""",0,MISSING,aux,"""\345\256\236\351\252\214",no
"""\345\256\236\351\252\214/absolute-snr/code/reverse_verify/snr_design/exp3_multiframe_weight_penalty.py""",0,MISSING,aux,"""\345\256\236\351\252\214",no
"""\345\256\236\351\252\214/absolute-snr/code/reverse_verify/snr_design/exp4_kriging_scaling.json""",0,MISSING,aux,"""\345\256\236\351\252\214",no
"""\345\256\236\351\252\214/absolute-snr/code/reverse_verify/snr_design/exp4_kriging_scaling.py""",0,MISSING,aux,"""\345\256\236\351\252\214",no
"""\345\256\236\351\252\214/absolute-snr/code/reverse_verify/snr_design/exp5_error_budget.json""",0,MISSING,aux,"""\345\256\236\351\252\214",no
"""\345\256\236\351\252\214/absolute-snr/code/reverse_verify/snr_design/exp5_error_budget.py""",0,MISSING,aux,"""\345\256\236\351\252\214",no
"""\345\256\236\351\252\214/absolute-snr/code/reverse_verify/snr_design/run_all.sh""",0,MISSING,aux,"""\345\256\236\351\252\214",no
"""\345\256\236\351\252\214/absolute-snr/code/run_all.sh""",0,MISSING,aux,"""\345\256\236\351\252\214",no
"""\345\256\236\351\252\214/absolute-snr/code/sci_b_common.py""",0,MISSING,aux,"""\345\256\236\351\252\214",no
"""\345\256\236\351\252\214/absolute-snr/data/README.md""",0,MISSING,aux,"""\345\256\236\351\252\214",no
"""\345\256\236\351\252\214/absolute-snr/docs/EXP-01-DELTA-AND-ESTIMATOR.md""",0,MISSING,aux,"""\345\256\236\351\252\214",no
"""\345\256\236\351\252\214/absolute-snr/docs/EXP-02-STRUCTURE-CONTAMINATION.md""",0,MISSING,aux,"""\345\256\236\351\252\214",no
"""\345\256\236\351\252\214/absolute-snr/docs/EXP-03-REGIONAL-SIGMA.md""",0,MISSING,aux,"""\345\256\236\351\252\214",no
"""\345\256\236\351\252\214/absolute-snr/docs/EXP-04-RECONSTRUCTION.md""",0,MISSING,aux,"""\345\256\236\351\252\214",no
"""\345\256\236\351\252\214/absolute-snr/docs/EXP-05-ABSOLUTE-SNR.md""",0,MISSING,aux,"""\345\256\236\351\252\214",no
"""\345\256\236\351\252\214/absolute-snr/docs/EXP-06-SNR-PHYS.md""",0,MISSING,aux,"""\345\256\236\351\252\214",no
"""\345\256\236\351\252\214/absolute-snr/docs/EXP-06-SUMMARY.md""",0,MISSING,aux,"""\345\256\236\351\252\214",no
"""\345\256\236\351\252\214/absolute-snr/docs/f-instr-canon.md""",0,MISSING,aux,"""\345\256\236\351\252\214",no
"""\345\256\236\351\252\214/absolute-snr/docs/frame-snr-canon.md""",0,MISSING,aux,"""\345\256\236\351\252\214",no
"""\345\256\236\351\252\214/absolute-snr/docs/snr-propagation-design.md""",0,MISSING,aux,"""\345\256\236\351\252\214",no
"""\345\256\236\351\252\214/absolute-snr/docs/surveys/f-instr-survey.md""",0,MISSING,aux,"""\345\256\236\351\252\214",no
"""\345\256\236\351\252\214/absolute-snr/docs/surveys/frame-snr-survey.md""",0,MISSING,aux,"""\345\256\236\351\252\214",no
"""\345\256\236\351\252\214/absolute-snr/results/COMPARISON_TABLES.md""",0,MISSING,aux,"""\345\256\236\351\252\214",no
"""\345\256\236\351\252\214/absolute-snr/results/DOC_CORRECTIONS.md""",0,MISSING,aux,"""\345\256\236\351\252\214",no
"""\345\256\236\351\252\214/absolute-snr/results/EXP02_TABLES.md""",0,MISSING,aux,"""\345\256\236\351\252\214",no
"""\345\256\236\351\252\214/absolute-snr/results/EXP03_TABLES.md""",0,MISSING,aux,"""\345\256\236\351\252\214",no
"""\345\256\236\351\252\214/absolute-snr/results/EXP04_TABLES.md""",0,MISSING,aux,"""\345\256\236\351\252\214",no
"""\345\256\236\351\252\214/absolute-snr/results/EXP05_TABLES.md""",0,MISSING,aux,"""\345\256\236\351\252\214",no
"""\345\256\236\351\252\214/absolute-snr/results/EXP06_TABLES.md""",0,MISSING,aux,"""\345\256\236\351\252\214",no
"""\345\256\236\351\252\214/absolute-snr/results/REVERSE_VERIFY_CANON.md""",0,MISSING,aux,"""\345\256\236\351\252\214",no
"""\345\256\236\351\252\214/absolute-snr/results/REVIEW.md""",0,MISSING,aux,"""\345\256\236\351\252\214",no
"""\345\256\236\351\252\214/absolute-snr/results/b1_sky_scan.json""",0,MISSING,aux,"""\345\256\236\351\252\214",no
"""\345\256\236\351\252\214/absolute-snr/results/b2_noise_terms.json""",0,MISSING,aux,"""\345\256\236\351\252\214",no
"""\345\256\236\351\252\214/absolute-snr/results/b3_domain_map.json""",0,MISSING,aux,"""\345\256\236\351\252\214",no
"""\345\256\236\351\252\214/absolute-snr/results/b4_integration.json""",0,MISSING,aux,"""\345\256\236\351\252\214",no
"""\345\256\236\351\252\214/absolute-snr/results/b5_phase3_transfer.json""",0,MISSING,aux,"""\345\256\236\351\252\214",no
"""\345\256\236\351\252\214/absolute-snr/results/b6_gates_audit.json""",0,MISSING,aux,"""\345\256\236\351\252\214",no
"""\345\256\236\351\252\214/absolute-snr/results/b7_absolute_snr_recon.json""",0,MISSING,aux,"""\345\256\236\351\252\214",no
"""\345\256\236\351\252\214/absolute-snr/results/b7_absolute_snr_recon_seed20260922.json""",0,MISSING,aux,"""\345\256\236\351\252\214",no
"""\345\256\236\351\252\214/absolute-snr/results/ctest_evidence.md""",0,MISSING,aux,"""\345\256\236\351\252\214",no
"""\345\256\236\351\252\214/absolute-snr/results/evidence_web.json""",0,MISSING,aux,"""\345\256\236\351\252\214",no
"""\345\256\236\351\252\214/absolute-snr/results/exp01_negatives_selftest.json""",0,MISSING,aux,"""\345\256\236\351\252\214",no
"""\345\256\236\351\252\214/absolute-snr/results/exp01_q1_delta.json""",0,MISSING,aux,"""\345\256\236\351\252\214",no
"""\345\256\236\351\252\214/absolute-snr/results/exp01_q2a_pairing.json""",0,MISSING,aux,"""\345\256\236\351\252\214",no
"""\345\256\236\351\252\214/absolute-snr/results/exp01_q2b_data.json""",0,MISSING,aux,"""\345\256\236\351\252\214",no
"""\345\256\236\351\252\214/absolute-snr/results/exp02_e1_analytic.json""",0,MISSING,aux,"""\345\256\236\351\252\214",no
"""\345\256\236\351\252\214/absolute-snr/results/exp02_e1_analytic_quick.json""",0,MISSING,aux,"""\345\256\236\351\252\214",no
"""\345\256\236\351\252\214/absolute-snr/results/exp02_e2_hst.json""",0,MISSING,aux,"""\345\256\236\351\252\214",no
"""\345\256\236\351\252\214/absolute-snr/results/exp02_e3_real.json""",0,MISSING,aux,"""\345\256\236\351\252\214",no
"""\345\256\236\351\252\214/absolute-snr/results/exp02_e4_gates.json""",0,MISSING,aux,"""\345\256\236\351\252\214",no
"""\345\256\236\351\252\214/absolute-snr/results/exp03_e1_analytic.json""",0,MISSING,aux,"""\345\256\236\351\252\214",no
"""\345\256\236\351\252\214/absolute-snr/results/exp03_e2_real.json""",0,MISSING,aux,"""\345\256\236\351\252\214",no
"""\345\256\236\351\252\214/absolute-snr/results/exp03_e3_hst.json""",0,MISSING,aux,"""\345\256\236\351\252\214",no
"""\345\256\236\351\252\214/absolute-snr/results/exp03_e4_gates.json""",0,MISSING,aux,"""\345\256\236\351\252\214",no
"""\345\256\236\351\252\214/absolute-snr/results/exp04_e1_analytic.json""",0,MISSING,aux,"""\345\256\236\351\252\214",no
"""\345\256\236\351\252\214/absolute-snr/results/exp04_e2_hst.json""",0,MISSING,aux,"""\345\256\236\351\252\214",no
"""\345\256\236\351\252\214/absolute-snr/results/exp04_e3_real.json""",0,MISSING,aux,"""\345\256\236\351\252\214",no
"""\345\256\236\351\252\214/absolute-snr/results/exp04_e4_gates.json""",0,MISSING,aux,"""\345\256\236\351\252\214",no
"""\345\256\236\351\252\214/absolute-snr/results/exp04_e5_cost.json""",0,MISSING,aux,"""\345\256\236\351\252\214",no
"""\345\256\236\351\252\214/absolute-snr/results/exp04_e6_boundary.json""",0,MISSING,aux,"""\345\256\236\351\252\214",no
"""\345\256\236\351\252\214/absolute-snr/results/exp04_e7_crossframe.json""",0,MISSING,aux,"""\345\256\236\351\252\214",no
"""\345\256\236\351\252\214/absolute-snr/results/exp04_e8_review_b3.json""",0,MISSING,aux,"""\345\256\236\351\252\214",no
"""\345\256\236\351\252\214/absolute-snr/results/exp04_e9_clip.json""",0,MISSING,aux,"""\345\256\236\351\252\214",no
"""\345\256\236\351\252\214/absolute-snr/results/exp05_e1_analytic.json""",0,MISSING,aux,"""\345\256\236\351\252\214",no
"""\345\256\236\351\252\214/absolute-snr/results/exp05_e2_hst.json""",0,MISSING,aux,"""\345\256\236\351\252\214",no
"""\345\256\236\351\252\214/absolute-snr/results/exp05_e3_real.json""",0,MISSING,aux,"""\345\256\236\351\252\214",no
"""\345\256\236\351\252\214/absolute-snr/results/exp05_e4_weight.json""",0,MISSING,aux,"""\345\256\236\351\252\214",no
"""\345\256\236\351\252\214/absolute-snr/results/exp05_e5_gates.json""",0,MISSING,aux,"""\345\256\236\351\252\214",no
"""\345\256\236\351\252\214/absolute-snr/results/exp05_e6_mechanism.json""",0,MISSING,aux,"""\345\256\236\351\252\214",no
"""\345\256\236\351\252\214/absolute-snr/results/exp06_e1_analytic.json""",0,MISSING,aux,"""\345\256\236\351\252\214",no
"""\345\256\236\351\252\214/absolute-snr/results/exp06_e2_hst.json""",0,MISSING,aux,"""\345\256\236\351\252\214",no
"""\345\256\236\351\252\214/absolute-snr/results/exp06_e3_real.json""",0,MISSING,aux,"""\345\256\236\351\252\214",no
"""\345\256\236\351\252\214/absolute-snr/results/exp06_e4_gates.json""",0,MISSING,aux,"""\345\256\236\351\252\214",no
"""\345\256\236\351\252\214/absolute-snr/results/exp06_e5_scope.json""",0,MISSING,aux,"""\345\256\236\351\252\214",no
"""\345\256\236\351\252\214/absolute-snr/results/exp06_e6_ablation.json""",0,MISSING,aux,"""\345\256\236\351\252\214",no
"""\345\256\236\351\252\214/additive-sky-seamless/README.md""",0,MISSING,aux,"""\345\256\236\351\252\214",no
"""\345\256\236\351\252\214/additive-sky-seamless/REPORT_paper.md""",0,MISSING,aux,"""\345\256\236\351\252\214",no
"""\345\256\236\351\252\214/additive-sky-seamless/code/build_probes.sh""",0,MISSING,aux,"""\345\256\236\351\252\214",no
"""\345\256\236\351\252\214/additive-sky-seamless/code/c1_additive.py""",0,MISSING,aux,"""\345\256\236\351\252\214",no
"""\345\256\236\351\252\214/additive-sky-seamless/code/c2_multiplicative.py""",0,MISSING,aux,"""\345\256\236\351\252\214",no
"""\345\256\236\351\252\214/additive-sky-seamless/code/c3_public_plane.py""",0,MISSING,aux,"""\345\256\236\351\252\214",no
"""\345\256\236\351\252\214/additive-sky-seamless/code/c4_seam_criterion.py""",0,MISSING,aux,"""\345\256\236\351\252\214",no
"""\345\256\236\351\252\214/additive-sky-seamless/code/c5_weights.py""",0,MISSING,aux,"""\345\256\236\351\252\214",no
"""\345\256\236\351\252\214/additive-sky-seamless/code/c6_sparse_dense.py""",0,MISSING,aux,"""\345\256\236\351\252\214",no
"""\345\256\236\351\252\214/additive-sky-seamless/code/c7_realdata.py""",0,MISSING,aux,"""\345\256\236\351\252\214",no
"""\345\256\236\351\252\214/additive-sky-seamless/code/make_figures.py""",0,MISSING,aux,"""\345\256\236\351\252\214",no
"""\345\256\236\351\252\214/additive-sky-seamless/code/reverse_verify/data_matrix/dtmlib.py""",0,MISSING,aux,"""\345\256\236\351\252\214",no
"""\345\256\236\351\252\214/additive-sky-seamless/code/reverse_verify/data_matrix/exp1_sky_poisson_snr.py""",0,MISSING,aux,"""\345\256\236\351\252\214",no
"""\345\256\236\351\252\214/additive-sky-seamless/code/reverse_verify/data_matrix/exp2_mosaic_shape_difference.py""",0,MISSING,aux,"""\345\256\236\351\252\214",no
"""\345\256\236\351\252\214/additive-sky-seamless/code/reverse_verify/data_matrix/exp3_variance_closure.py""",0,MISSING,aux,"""\345\256\236\351\252\214",no
"""\345\256\236\351\252\214/additive-sky-seamless/code/reverse_verify/m16_sampling/run_reconstruct.py""",0,MISSING,aux,"""\345\256\236\351\252\214",no
"""\345\256\236\351\252\214/additive-sky-seamless/code/reverse_verify/m16_scene/README.md""",0,MISSING,aux,"""\345\256\236\351\252\214",no
"""\345\256\236\351\252\214/additive-sky-seamless/code/reverse_verify/m16_scene/exp_a6_seeing_aperture.py""",0,MISSING,aux,"""\345\256\236\351\252\214",no
"""\345\256\236\351\252\214/additive-sky-seamless/code/reverse_verify/m16_scene/exp_realbase_consistency.py""",0,MISSING,aux,"""\345\256\236\351\252\214",no
"""\345\256\236\351\252\214/additive-sky-seamless/code/reverse_verify/m16_scene/exp_variance_closure.py""",0,MISSING,aux,"""\345\256\236\351\252\214",no
"""\345\256\236\351\252\214/additive-sky-seamless/code/reverse_verify/smooth_lambda/CRITERIA.md""",0,MISSING,aux,"""\345\256\236\351\252\214",no
"""\345\256\236\351\252\214/additive-sky-seamless/code/reverse_verify/smooth_lambda/adaptive.py""",0,MISSING,aux,"""\345\256\236\351\252\214",no
"""\345\256\236\351\252\214/additive-sky-seamless/code/reverse_verify/smooth_lambda/analyze.py""",0,MISSING,aux,"""\345\256\236\351\252\214",no
"""\345\256\236\351\252\214/additive-sky-seamless/code/reverse_verify/smooth_lambda/build.sh""",0,MISSING,aux,"""\345\256\236\351\252\214",no
"""\345\256\236\351\252\214/additive-sky-seamless/code/reverse_verify/smooth_lambda/convert_real.py""",0,MISSING,aux,"""\345\256\236\351\252\214",no
"""\345\256\236\351\252\214/additive-sky-seamless/code/reverse_verify/smooth_lambda/describe_real.py""",0,MISSING,aux,"""\345\256\236\351\252\214",no
"""\345\256\236\351\252\214/additive-sky-seamless/code/reverse_verify/smooth_lambda/gen_all.sh""",0,MISSING,aux,"""\345\256\236\351\252\214",no
"""\345\256\236\351\252\214/additive-sky-seamless/code/reverse_verify/smooth_lambda/gen_synth.py""",0,MISSING,aux,"""\345\256\236\351\252\214",no
"""\345\256\236\351\252\214/additive-sky-seamless/code/reverse_verify/smooth_lambda/probe_real.py""",0,MISSING,aux,"""\345\256\236\351\252\214",no
"""\345\256\236\351\252\214/additive-sky-seamless/code/reverse_verify/smooth_lambda/real_fidelity.py""",0,MISSING,aux,"""\345\256\236\351\252\214",no
"""\345\256\236\351\252\214/additive-sky-seamless/code/reverse_verify/smooth_lambda/report.py""",0,MISSING,aux,"""\345\256\236\351\252\214",no
"""\345\256\236\351\252\214/additive-sky-seamless/code/reverse_verify/smooth_lambda/run_mosaic_ls.sh""",0,MISSING,aux,"""\345\256\236\351\252\214",no
"""\345\256\236\351\252\214/additive-sky-seamless/code/reverse_verify/smooth_lambda/seam_compare.py""",0,MISSING,aux,"""\345\256\236\351\252\214",no
"""\345\256\236\351\252\214/additive-sky-seamless/code/reverse_verify/smooth_lambda/seam_product.py""",0,MISSING,aux,"""\345\256\236\351\252\214",no
"""\345\256\236\351\252\214/additive-sky-seamless/code/reverse_verify/smooth_lambda/sweep_all.sh""",0,MISSING,aux,"""\345\256\236\351\252\214",no
"""\345\256\236\351\252\214/additive-sky-seamless/code/reverse_verify/smooth_lambda/upm_sweep.cpp""",0,MISSING,aux,"""\345\256\236\351\252\214",no
"""\345\256\236\351\252\214/additive-sky-seamless/code/run_all.sh""",0,MISSING,aux,"""\345\256\236\351\252\214",no
"""\345\256\236\351\252\214/additive-sky-seamless/code/sci_c_common.py""",0,MISSING,aux,"""\345\256\236\351\252\214",no
"""\345\256\236\351\252\214/additive-sky-seamless/code/sky_probe.cpp""",0,MISSING,aux,"""\345\256\236\351\252\214",no
"""\345\256\236\351\252\214/additive-sky-seamless/code/upm_probe.cpp""",0,MISSING,aux,"""\345\256\236\351\252\214",no
"""\345\256\236\351\252\214/additive-sky-seamless/data/README.md""",0,MISSING,aux,"""\345\256\236\351\252\214",no
"""\345\256\236\351\252\214/additive-sky-seamless/docs/smooth-lambda.md""",0,MISSING,aux,"""\345\256\236\351\252\214",no
"""\345\256\236\351\252\214/additive-sky-seamless/results/REVERSE_VERIFY_CANON.md""",0,MISSING,aux,"""\345\256\236\351\252\214",no
"""\345\256\236\351\252\214/additive-sky-seamless/results/REVIEW.md""",0,MISSING,aux,"""\345\256\236\351\252\214",no
"""\345\256\236\351\252\214/additive-sky-seamless/results/c1_additive.json""",0,MISSING,aux,"""\345\256\236\351\252\214",no
"""\345\256\236\351\252\214/additive-sky-seamless/results/c2_multiplicative.json""",0,MISSING,aux,"""\345\256\236\351\252\214",no
"""\345\256\236\351\252\214/additive-sky-seamless/results/c3_public_plane.json""",0,MISSING,aux,"""\345\256\236\351\252\214",no
"""\345\256\236\351\252\214/additive-sky-seamless/results/c4_seam_criterion.json""",0,MISSING,aux,"""\345\256\236\351\252\214",no
"""\345\256\236\351\252\214/additive-sky-seamless/results/c5_weights.json""",0,MISSING,aux,"""\345\256\236\351\252\214",no
"""\345\256\236\351\252\214/additive-sky-seamless/results/c6_sparse_dense.json""",0,MISSING,aux,"""\345\256\236\351\252\214",no
"""\345\256\236\351\252\214/additive-sky-seamless/results/c7_realdata.json""",0,MISSING,aux,"""\345\256\236\351\252\214",no
"""\345\256\236\351\252\214/additive-sky-seamless/results/evidence_code.json""",0,MISSING,aux,"""\345\256\236\351\252\214",no
"""\345\256\236\351\252\214/additive-sky-seamless/results/evidence_lit.json""",0,MISSING,aux,"""\345\256\236\351\252\214",no
"""\345\256\236\351\252\214/healpix-polar/README.md""",0,MISSING,aux,"""\345\256\236\351\252\214",no
"""\345\256\236\351\252\214/healpix-polar/code/chart_native.h""",0,MISSING,aux,"""\345\256\236\351\252\214",no
"""\345\256\236\351\252\214/healpix-polar/code/p0_selftest.cpp""",0,MISSING,aux,"""\345\256\236\351\252\214",no
"""\345\256\236\351\252\214/healpix-polar/code/p10_seam.cpp""",0,MISSING,aux,"""\345\256\236\351\252\214",no
"""\345\256\236\351\252\214/healpix-polar/code/p1_rootcause.cpp""",0,MISSING,aux,"""\345\256\236\351\252\214",no
"""\345\256\236\351\252\214/healpix-polar/code/p2_algorithms.cpp""",0,MISSING,aux,"""\345\256\236\351\252\214",no
"""\345\256\236\351\252\214/healpix-polar/code/p3_sweep_neg.cpp""",0,MISSING,aux,"""\345\256\236\351\252\214",no
"""\345\256\236\351\252\214/healpix-polar/code/p4_hst.cpp""",0,MISSING,aux,"""\345\256\236\351\252\214",no
"""\345\256\236\351\252\214/healpix-polar/code/p5_extent.cpp""",0,MISSING,aux,"""\345\256\236\351\252\214",no
"""\345\256\236\351\252\214/healpix-polar/code/p6_leafmap.cpp""",0,MISSING,aux,"""\345\256\236\351\252\214",no
"""\345\256\236\351\252\214/healpix-polar/code/p7_wcs3d.cpp""",0,MISSING,aux,"""\345\256\236\351\252\214",no
"""\345\256\236\351\252\214/healpix-polar/code/p8_hstgrid.cpp""",0,MISSING,aux,"""\345\256\236\351\252\214",no
"""\345\256\236\351\252\214/healpix-polar/code/p9_review.cpp""",0,MISSING,aux,"""\345\256\236\351\252\214",no
"""\345\256\236\351\252\214/healpix-polar/code/polar_common.h""",0,MISSING,aux,"""\345\256\236\351\252\214",no
"""\345\256\236\351\252\214/healpix-polar/code/variants.h""",0,MISSING,aux,"""\345\256\236\351\252\214",no
"""\345\256\236\351\252\214/healpix-polar/docs/EXP-07-POLAR-\346\221\230\350\246\201.md""",0,MISSING,aux,"""\345\256\236\351\252\214",no
"""\345\256\236\351\252\214/healpix-polar/docs/EXP-07-POLAR.md""",0,MISSING,aux,"""\345\256\236\351\252\214",no
"""\345\256\236\351\252\214/healpix-polar/results/SNAPSHOT.sha256""",0,MISSING,aux,"""\345\256\236\351\252\214",no
"""\345\256\236\351\252\214/healpix-polar/results/p0_selftest.out""",0,MISSING,aux,"""\345\256\236\351\252\214",no
"""\345\256\236\351\252\214/healpix-polar/results/p10_seam.out""",0,MISSING,aux,"""\345\256\236\351\252\214",no
"""\345\256\236\351\252\214/healpix-polar/results/p1_t1.out""",0,MISSING,aux,"""\345\256\236\351\252\214",no
"""\345\256\236\351\252\214/healpix-polar/results/p1_t2.out""",0,MISSING,aux,"""\345\256\236\351\252\214",no
"""\345\256\236\351\252\214/healpix-polar/results/p1_t3.out""",0,MISSING,aux,"""\345\256\236\351\252\214",no
"""\345\256\236\351\252\214/healpix-polar/results/p1_t4_pole_full.out""",0,MISSING,aux,"""\345\256\236\351\252\214",no
"""\345\256\236\351\252\214/healpix-polar/results/p1_t5_eq17.out""",0,MISSING,aux,"""\345\256\236\351\252\214",no
"""\345\256\236\351\252\214/healpix-polar/results/p1_t5_eqc.out""",0,MISSING,aux,"""\345\256\236\351\252\214",no
"""\345\256\236\351\252\214/healpix-polar/results/p1_t5_tri.out""",0,MISSING,aux,"""\345\256\236\351\252\214",no
"""\345\256\236\351\252\214/healpix-polar/results/p1_t7.out""",0,MISSING,aux,"""\345\256\236\351\252\214",no
"""\345\256\236\351\252\214/healpix-polar/results/p2_t10.out""",0,MISSING,aux,"""\345\256\236\351\252\214",no
"""\345\256\236\351\252\214/healpix-polar/results/p2_t8a.out""",0,MISSING,aux,"""\345\256\236\351\252\214",no
"""\345\256\236\351\252\214/healpix-polar/results/p2_t8b.out""",0,MISSING,aux,"""\345\256\236\351\252\214",no
"""\345\256\236\351\252\214/healpix-polar/results/p2_t9.out""",0,MISSING,aux,"""\345\256\236\351\252\214",no
"""\345\256\236\351\252\214/healpix-polar/results/p3_t11.out""",0,MISSING,aux,"""\345\256\236\351\252\214",no
"""\345\256\236\351\252\214/healpix-polar/results/p3_t12.out""",0,MISSING,aux,"""\345\256\236\351\252\214",no
"""\345\256\236\351\252\214/healpix-polar/results/p3_t13.out""",0,MISSING,aux,"""\345\256\236\351\252\214",no
"""\345\256\236\351\252\214/healpix-polar/results/p4_hst.out""",0,MISSING,aux,"""\345\256\236\351\252\214",no
"""\345\256\236\351\252\214/healpix-polar/results/p4_hst_n23.out""",0,MISSING,aux,"""\345\256\236\351\252\214",no
"""\345\256\236\351\252\214/healpix-polar/results/p5_t17.out""",0,MISSING,aux,"""\345\256\236\351\252\214",no
"""\345\256\236\351\252\214/healpix-polar/results/p6_leafmap.out""",0,MISSING,aux,"""\345\256\236\351\252\214",no
"""\345\256\236\351\252\214/healpix-polar/results/p7_wcs3d.out""",0,MISSING,aux,"""\345\256\236\351\252\214",no
"""\345\256\236\351\252\214/healpix-polar/results/p8_hstgrid.out""",0,MISSING,aux,"""\345\256\236\351\252\214",no
"""\345\256\236\351\252\214/healpix-polar/results/p9_review.out""",0,MISSING,aux,"""\345\256\236\351\252\214",no
"""\345\256\236\351\252\214/healpix-polar/results/p9_t28.out""",0,MISSING,aux,"""\345\256\236\351\252\214",no
"""\345\256\236\351\252\214/healpix-polar/results/p9_t29.out""",0,MISSING,aux,"""\345\256\236\351\252\214",no
"""\345\256\236\351\252\214/healpix-polar/results/t12_sweep.csv""",0,MISSING,aux,"""\345\256\236\351\252\214",no
"""\345\256\236\351\252\214/healpix-polar/results/t17_extent.csv""",0,MISSING,aux,"""\345\256\236\351\252\214",no
"""\345\256\236\351\252\214/healpix-polar/results/t4_pole_full.csv""",0,MISSING,aux,"""\345\256\236\351\252\214",no
"""\345\256\236\351\252\214/healpix-polar/results/t5_eq17.csv""",0,MISSING,aux,"""\345\256\236\351\252\214",no
"""\345\256\236\351\252\214/healpix-polar/results/t5_eqc.csv""",0,MISSING,aux,"""\345\256\236\351\252\214",no
"""\345\256\236\351\252\214/healpix-polar/results/t5_tri.csv""",0,MISSING,aux,"""\345\256\236\351\252\214",no
"""\345\256\236\351\252\214/healpix-polar/results/t7_prod_cross.csv""",0,MISSING,aux,"""\345\256\236\351\252\214",no
"""\345\256\236\351\252\214/healpix-polar/run_all.sh""",0,MISSING,aux,"""\345\256\236\351\252\214",no
"""\345\256\236\351\252\214/m42-realdata/README.md""",0,MISSING,aux,"""\345\256\236\351\252\214",no
"""\345\256\236\351\252\214/m42-realdata/REPORT_paper.md""",0,MISSING,aux,"""\345\256\236\351\252\214",no
"""\345\256\236\351\252\214/m42-realdata/code/c1_photometry.py""",0,MISSING,aux,"""\345\256\236\351\252\214",no
"""\345\256\236\351\252\214/m42-realdata/code/c2_absolute_snr.py""",0,MISSING,aux,"""\345\256\236\351\252\214",no
"""\345\256\236\351\252\214/m42-realdata/code/c3_seam_additive.py""",0,MISSING,aux,"""\345\256\236\351\252\214",no
"""\345\256\236\351\252\214/m42-realdata/code/c4_leaf_allocation.py""",0,MISSING,aux,"""\345\256\236\351\252\214",no
"""\345\256\236\351\252\214/m42-realdata/code/m42_common.py""",0,MISSING,aux,"""\345\256\236\351\252\214",no
"""\345\256\236\351\252\214/m42-realdata/code/run_all.sh""",0,MISSING,aux,"""\345\256\236\351\252\214",no
"""\345\256\236\351\252\214/m42-realdata/code/seam_criterion.py""",0,MISSING,aux,"""\345\256\236\351\252\214",no
"""\345\256\236\351\252\214/m42-realdata/docs/CRITERIA.md""",0,MISSING,aux,"""\345\256\236\351\252\214",no
"""\345\256\236\351\252\214/m42-realdata/docs/DATA-SOURCES.md""",0,MISSING,aux,"""\345\256\236\351\252\214",no
"""\345\256\236\351\252\214/m42-realdata/results/SNAPSHOT.sha256""",0,MISSING,aux,"""\345\256\236\351\252\214",no
"""\345\256\236\351\252\214/m42-realdata/results/c1_photometry.json""",0,MISSING,aux,"""\345\256\236\351\252\214",no
"""\345\256\236\351\252\214/m42-realdata/results/c2_absolute_snr.json""",0,MISSING,aux,"""\345\256\236\351\252\214",no
"""\345\256\236\351\252\214/m42-realdata/results/c3_seam_additive.json""",0,MISSING,aux,"""\345\256\236\351\252\214",no
"""\345\256\236\351\252\214/m42-realdata/results/c4_leaf_allocation.json""",0,MISSING,aux,"""\345\256\236\351\252\214",no
"""\345\256\236\351\252\214/photometric-magnitude/README.md""",0,MISSING,aux,"""\345\256\236\351\252\214",no
"""\345\256\236\351\252\214/photometric-magnitude/REPORT_paper.md""",0,MISSING,aux,"""\345\256\236\351\252\214",no
"""\345\256\236\351\252\214/photometric-magnitude/RESOLUTION_fsyn_formula.md""",0,MISSING,aux,"""\345\256\236\351\252\214",no
"""\345\256\236\351\252\214/photometric-magnitude/RESOLUTION_m42_curve_resolve.md""",0,MISSING,aux,"""\345\256\236\351\252\214",no
"""\345\256\236\351\252\214/photometric-magnitude/code/.gitignore""",0,MISSING,aux,"""\345\256\236\351\252\214",no
"""\345\256\236\351\252\214/photometric-magnitude/code/README.md""",0,MISSING,aux,"""\345\256\236\351\252\214",no
"""\345\256\236\351\252\214/photometric-magnitude/code/gaia_xp_dump.c""",0,MISSING,aux,"""\345\256\236\351\252\214",no
"""\345\256\236\351\252\214/photometric-magnitude/code/reverse_verify/p1_spatial_gain/README.md""",0,MISSING,aux,"""\345\256\236\351\252\214",no
"""\345\256\236\351\252\214/photometric-magnitude/code/reverse_verify/p1_spatial_gain/build_oracle.sh""",0,MISSING,aux,"""\345\256\236\351\252\214",no
"""\345\256\236\351\252\214/photometric-magnitude/code/reverse_verify/p1_spatial_gain/cpp/p1sg_oracle.cpp""",0,MISSING,aux,"""\345\256\236\351\252\214",no
"""\345\256\236\351\252\214/photometric-magnitude/code/reverse_verify/p1_spatial_gain/data/aperture_probe.json""",0,MISSING,aux,"""\345\256\236\351\252\214",no
"""\345\256\236\351\252\214/photometric-magnitude/code/reverse_verify/p1_spatial_gain/data/real_analysis.json""",0,MISSING,aux,"""\345\256\236\351\252\214",no
"""\345\256\236\351\252\214/photometric-magnitude/code/reverse_verify/p1_spatial_gain/data/real_gain.json""",0,MISSING,aux,"""\345\256\236\351\252\214",no
"""\345\256\236\351\252\214/photometric-magnitude/code/reverse_verify/p1_spatial_gain/data/real_pixel_check.json""",0,MISSING,aux,"""\345\256\236\351\252\214",no
"""\345\256\236\351\252\214/photometric-magnitude/code/reverse_verify/p1_spatial_gain/data/real_ridge.json""",0,MISSING,aux,"""\345\256\236\351\252\214",no
"""\345\256\236\351\252\214/photometric-magnitude/code/reverse_verify/p1_spatial_gain/data/synth_results.json""",0,MISSING,aux,"""\345\256\236\351\252\214",no
"""\345\256\236\351\252\214/photometric-magnitude/code/reverse_verify/p1_spatial_gain/src/analyze_real.py""",0,MISSING,aux,"""\345\256\236\351\252\214",no
"""\345\256\236\351\252\214/photometric-magnitude/code/reverse_verify/p1_spatial_gain/src/aperture_probe.py""",0,MISSING,aux,"""\345\256\236\351\252\214",no
"""\345\256\236\351\252\214/photometric-magnitude/code/reverse_verify/p1_spatial_gain/src/real_gain.py""",0,MISSING,aux,"""\345\256\236\351\252\214",no
"""\345\256\236\351\252\214/photometric-magnitude/code/reverse_verify/p1_spatial_gain/src/real_pixel_check.py""",0,MISSING,aux,"""\345\256\236\351\252\214",no
"""\345\256\236\351\252\214/photometric-magnitude/code/reverse_verify/p1_spatial_gain/src/real_ridge.py""",0,MISSING,aux,"""\345\256\236\351\252\214",no
"""\345\256\236\351\252\214/photometric-magnitude/code/reverse_verify/p1_spatial_gain/src/wcs_lib.py""",0,MISSING,aux,"""\345\256\236\351\252\214",no
"""\345\256\236\351\252\214/photometric-magnitude/code/run_all.sh""",0,MISSING,aux,"""\345\256\236\351\252\214",no
"""\345\256\236\351\252\214/photometric-magnitude/code/scia_calib.py""",0,MISSING,aux,"""\345\256\236\351\252\214",no
"""\345\256\236\351\252\214/photometric-magnitude/code/scia_common.py""",0,MISSING,aux,"""\345\256\236\351\252\214",no
"""\345\256\236\351\252\214/photometric-magnitude/code/scia_gaia.py""",0,MISSING,aux,"""\345\256\236\351\252\214",no
"""\345\256\236\351\252\214/photometric-magnitude/code/scia_pipeline.py""",0,MISSING,aux,"""\345\256\236\351\252\214",no
"""\345\256\236\351\252\214/photometric-magnitude/code/scia_sim.py""",0,MISSING,aux,"""\345\256\236\351\252\214",no
"""\345\256\236\351\252\214/photometric-magnitude/code/step0_fetch_refs.sh""",0,MISSING,aux,"""\345\256\236\351\252\214",no
"""\345\256\236\351\252\214/photometric-magnitude/code/step1_analytic.py""",0,MISSING,aux,"""\345\256\236\351\252\214",no
"""\345\256\236\351\252\214/photometric-magnitude/code/step2_hst_sim.py""",0,MISSING,aux,"""\345\256\236\351\252\214",no
"""\345\256\236\351\252\214/photometric-magnitude/code/step3_forward_vs_photflam.py""",0,MISSING,aux,"""\345\256\236\351\252\214",no
"""\345\256\236\351\252\214/photometric-magnitude/code/step4_guided_vs_blind.py""",0,MISSING,aux,"""\345\256\236\351\252\214",no
"""\345\256\236\351\252\214/photometric-magnitude/code/step5_calibration_gate.py""",0,MISSING,aux,"""\345\256\236\351\252\214",no
"""\345\256\236\351\252\214/photometric-magnitude/code/step6_apply_and_units.py""",0,MISSING,aux,"""\345\256\236\351\252\214",no
"""\345\256\236\351\252\214/photometric-magnitude/code/step7_negatives.py""",0,MISSING,aux,"""\345\256\236\351\252\214",no
"""\345\256\236\351\252\214/photometric-magnitude/code/step8_real_frame.py""",0,MISSING,aux,"""\345\256\236\351\252\214",no
"""\345\256\236\351\252\214/photometric-magnitude/code/step9_collect.py""",0,MISSING,aux,"""\345\256\236\351\252\214",no
"""\345\256\236\351\252\214/photometric-magnitude/data/README.md""",0,MISSING,aux,"""\345\256\236\351\252\214",no
"""\345\256\236\351\252\214/photometric-magnitude/docs/p1-spatial-gain.md""",0,MISSING,aux,"""\345\256\236\351\252\214",no
"""\345\256\236\351\252\214/photometric-magnitude/results/DOC_CORRECTIONS.md""",0,MISSING,aux,"""\345\256\236\351\252\214",no
"""\345\256\236\351\252\214/photometric-magnitude/results/GATES.md""",0,MISSING,aux,"""\345\256\236\351\252\214",no
"""\345\256\236\351\252\214/photometric-magnitude/results/REVERSE_VERIFY_CANON.md""",0,MISSING,aux,"""\345\256\236\351\252\214",no
"""\345\256\236\351\252\214/photometric-magnitude/results/REVIEW.md""",0,MISSING,aux,"""\345\256\236\351\252\214",no
"""\345\256\236\351\252\214/photometric-magnitude/results/gates.json""",0,MISSING,aux,"""\345\256\236\351\252\214",no
"""\345\256\236\351\252\214/photometric-magnitude/results/step1_analytic.json""",0,MISSING,aux,"""\345\256\236\351\252\214",no
"""\345\256\236\351\252\214/photometric-magnitude/results/step2_hst_sim.json""",0,MISSING,aux,"""\345\256\236\351\252\214",no
"""\345\256\236\351\252\214/photometric-magnitude/results/step3_forward_vs_photflam.json""",0,MISSING,aux,"""\345\256\236\351\252\214",no
"""\345\256\236\351\252\214/photometric-magnitude/results/step4_guided_vs_blind.json""",0,MISSING,aux,"""\345\256\236\351\252\214",no
"""\345\256\236\351\252\214/photometric-magnitude/results/step5_calibration_gate.json""",0,MISSING,aux,"""\345\256\236\351\252\214",no
"""\345\256\236\351\252\214/photometric-magnitude/results/step6_apply_and_units.json""",0,MISSING,aux,"""\345\256\236\351\252\214",no
"""\345\256\236\351\252\214/photometric-magnitude/results/step7_negatives.json""",0,MISSING,aux,"""\345\256\236\351\252\214",no
"""\345\256\236\351\252\214/photometric-magnitude/results/step8_real_frame.json""",0,MISSING,aux,"""\345\256\236\351\252\214",no
"""\345\256\236\351\252\214/shared/REVERSE_VERIFY_MIGRATION.md""",0,MISSING,aux,"""\345\256\236\351\252\214",no
"""\345\256\236\351\252\214/shared/data/README.md""",0,MISSING,aux,"""\345\256\236\351\252\214",no
"""\345\256\236\351\252\214/shared/data/real/README.md""",0,MISSING,aux,"""\345\256\236\351\252\214",no
"""\345\256\236\351\252\214/shared/data/real/m16_scene_index.json""",0,MISSING,aux,"""\345\256\236\351\252\214",no
"""\345\256\236\351\252\214/shared/data/synthetic/before_stackn32/CHANGES.md""",0,MISSING,aux,"""\345\256\236\351\252\214",no
"""\345\256\236\351\252\214/shared/data/synthetic/before_stackn32/scenes/m16_band_matrix.json""",0,MISSING,aux,"""\345\256\236\351\252\214",no
"""\345\256\236\351\252\214/shared/data/synthetic/before_stackn32/scenes/m16_dark_lowsnr.json""",0,MISSING,aux,"""\345\256\236\351\252\214",no
"""\345\256\236\351\252\214/shared/data/synthetic/before_stackn32/scenes/m16_nebula_core.json""",0,MISSING,aux,"""\345\256\236\351\252\214",no
"""\345\256\236\351\252\214/shared/data/synthetic/before_stackn32/scenes/m16_starfield.json""",0,MISSING,aux,"""\345\256\236\351\252\214",no
"""\345\256\236\351\252\214/shared/data/synthetic/datasets.json""",0,MISSING,aux,"""\345\256\236\351\252\214",no
"""\345\256\236\351\252\214/shared/data/synthetic/generate.py""",0,MISSING,aux,"""\345\256\236\351\252\214",no
"""\345\256\236\351\252\214/shared/references/REVERSE_VERIFY_BIBLIOGRAPHY.md""",0,MISSING,aux,"""\345\256\236\351\252\214",no
"""\345\256\236\351\252\214/shared/references/reverse_verify_bibliography.bib""",0,MISSING,aux,"""\345\256\236\351\252\214",no
"""\345\256\236\351\252\214/shared/synthetic/.gitkeep""",0,MISSING,aux,"""\345\256\236\351\252\214",no
"""\345\256\236\351\252\214/shared/synthetic/README.md""",0,MISSING,aux,"""\345\256\236\351\252\214",no
"""\345\256\236\351\252\214/shared/synthetic/gainlib.py""",0,MISSING,aux,"""\345\256\236\351\252\214",no
"""\345\256\236\351\252\214/shared/synthetic/m16_mask.py""",0,MISSING,aux,"""\345\256\236\351\252\214",no
"""\345\256\236\351\252\214/shared/synthetic/m16_sampling.py""",0,MISSING,aux,"""\345\256\236\351\252\214",no
"""\345\256\236\351\252\214/shared/synthetic/m16_scene.py""",0,MISSING,aux,"""\345\256\236\351\252\214",no
"""\345\256\236\351\252\214/shared/synthetic/noise_model.py""",0,MISSING,aux,"""\345\256\236\351\252\214",no
"""\345\256\236\351\252\214/shared/synthetic/noise_selftest.py""",0,MISSING,aux,"""\345\256\236\351\252\214",no
"""\345\256\236\351\252\214/shared/synthetic/render.py""",0,MISSING,aux,"""\345\256\236\351\252\214",no
"""\345\256\236\351\252\214/shared/synthetic/scenes/common_mode_overlap.json""",0,MISSING,aux,"""\345\256\236\351\252\214",no
"""\345\256\236\351\252\214/shared/synthetic/scenes/high_sky_low_snr.json""",0,MISSING,aux,"""\345\256\236\351\252\214",no
"""\345\256\236\351\252\214/shared/synthetic/scenes/hst_m16_realbase.json""",0,MISSING,aux,"""\345\256\236\351\252\214",no
"""\345\256\236\351\252\214/shared/synthetic/scenes/m16_band_matrix.json""",0,MISSING,aux,"""\345\256\236\351\252\214",no
"""\345\256\236\351\252\214/shared/synthetic/scenes/m16_dark_lowsnr.json""",0,MISSING,aux,"""\345\256\236\351\252\214",no
"""\345\256\236\351\252\214/shared/synthetic/scenes/m16_nebula_core.json""",0,MISSING,aux,"""\345\256\236\351\252\214",no
"""\345\256\236\351\252\214/shared/synthetic/scenes/m16_sampling_mosaic_diff_pointing.json""",0,MISSING,aux,"""\345\256\236\351\252\214",no
"""\345\256\236\351\252\214/shared/synthetic/scenes/m16_sampling_mosaic_rotated.json""",0,MISSING,aux,"""\345\256\236\351\252\214",no
"""\345\256\236\351\252\214/shared/synthetic/scenes/m16_sampling_overlap_common.json""",0,MISSING,aux,"""\345\256\236\351\252\214",no
"""\345\256\236\351\252\214/shared/synthetic/scenes/m16_sampling_overlap_varying.json""",0,MISSING,aux,"""\345\256\236\351\252\214",no
"""\345\256\236\351\252\214/shared/synthetic/scenes/m16_starfield.json""",0,MISSING,aux,"""\345\256\236\351\252\214",no
"""\345\256\236\351\252\214/shared/synthetic/scenes/mosaic_diff_pointing_analytic.json""",0,MISSING,aux,"""\345\256\236\351\252\214",no
"""\345\256\236\351\252\214/shared/synthetic/scenes/mosaic_diff_pointing_highsky.json""",0,MISSING,aux,"""\345\256\236\351\252\214",no
"""\345\256\236\351\252\214/shared/synthetic/scenes/mosaic_diff_pointing_realbase.json""",0,MISSING,aux,"""\345\256\236\351\252\214",no
"""\345\256\236\351\252\214/shared/synthetic/scenes/nebula_core_m42_analytic.json""",0,MISSING,aux,"""\345\256\236\351\252\214",no
"""\345\256\236\351\252\214/shared/synthetic/scenes/nebula_core_m42_realbase.json""",0,MISSING,aux,"""\345\256\236\351\252\214",no
"""\345\256\236\351\252\214/shared/synthetic/scenes/sparse_field.json""",0,MISSING,aux,"""\345\256\236\351\252\214",no
"""\345\256\236\351\252\214/shared/synthetic/scenes/starfield_general.json""",0,MISSING,aux,"""\345\256\236\351\252\214",no
"""\345\256\236\351\252\214/shared/synthetic/scenes/sweep_band.json""",0,MISSING,aux,"""\345\256\236\351\252\214",no
"""\345\256\236\351\252\214/shared/synthetic/scenes/sweep_exposure.json""",0,MISSING,aux,"""\345\256\236\351\252\214",no
"""\345\256\236\351\252\214/shared/synthetic/scenes/sweep_instrument.json""",0,MISSING,aux,"""\345\256\236\351\252\214",no
"""\345\256\236\351\252\214/shared/synthetic/scenes/sweep_seeing.json""",0,MISSING,aux,"""\345\256\236\351\252\214",no
"""\345\256\236\351\252\214/shared/synthetic/scenes/sweep_sky.json""",0,MISSING,aux,"""\345\256\236\351\252\214",no
"""\345\256\236\351\252\214/shared/synthetic/synth_gain.py""",0,MISSING,aux,"""\345\256\236\351\252\214",no
"""\345\267\245\347\250\213\346\216\247\345\210\266/RELEASE-05/00_README.md""",0,MISSING,aux,"""\345\267\245\347\250\213\346\216\247\345\210\266",no
"""\345\267\245\347\250\213\346\216\247\345\210\266/RELEASE-05/ACCEPTANCE.md""",0,MISSING,aux,"""\345\267\245\347\250\213\346\216\247\345\210\266",no
"""\345\267\245\347\250\213\346\216\247\345\210\266/RELEASE-05/GAP_AUDIT.md""",0,MISSING,aux,"""\345\267\245\347\250\213\346\216\247\345\210\266",no
"""\345\267\245\347\250\213\346\216\247\345\210\266/RELEASE-05/HANDOFF.md""",0,MISSING,aux,"""\345\267\245\347\250\213\346\216\247\345\210\266",no
"""\345\267\245\347\250\213\346\216\247\345\210\266/RELEASE-05/OPEN_QUESTIONS.md""",0,MISSING,aux,"""\345\267\245\347\250\213\346\216\247\345\210\266",no
"""\345\267\245\347\250\213\346\216\247\345\210\266/RELEASE-05/PROMPT.md""",0,MISSING,aux,"""\345\267\245\347\250\213\346\216\247\345\210\266",no
"""\345\267\245\347\250\213\346\216\247\345\210\266/RELEASE-05/SUMMARY.md""",0,MISSING,aux,"""\345\267\245\347\250\213\346\216\247\345\210\266",no
"""\345\267\245\347\250\213\346\216\247\345\210\266/RELEASE-05/TASK_LIST.md""",0,MISSING,aux,"""\345\267\245\347\250\213\346\216\247\345\210\266",no
"""\345\267\245\347\250\213\346\216\247\345\210\266/RELEASE-05/tasks/ACCEPT-501.md""",0,MISSING,aux,"""\345\267\245\347\250\213\346\216\247\345\210\266",no
"""\345\267\245\347\250\213\346\216\247\345\210\266/RELEASE-05/tasks/ARCH-501.md""",0,MISSING,aux,"""\345\267\245\347\250\213\346\216\247\345\210\266",no
"""\345\267\245\347\250\213\346\216\247\345\210\266/RELEASE-05/tasks/ARCH-502.md""",0,MISSING,aux,"""\345\267\245\347\250\213\346\216\247\345\210\266",no
"""\345\267\245\347\250\213\346\216\247\345\210\266/RELEASE-05/tasks/ARCH-503.md""",0,MISSING,aux,"""\345\267\245\347\250\213\346\216\247\345\210\266",no
"""\345\267\245\347\250\213\346\216\247\345\210\266/RELEASE-05/tasks/ARCH-504.md""",0,MISSING,aux,"""\345\267\245\347\250\213\346\216\247\345\210\266",no
"""\345\267\245\347\250\213\346\216\247\345\210\266/RELEASE-05/tasks/ARCH-505.md""",0,MISSING,aux,"""\345\267\245\347\250\213\346\216\247\345\210\266",no
"""\345\267\245\347\250\213\346\216\247\345\210\266/RELEASE-05/tasks/BLD-501.md""",0,MISSING,aux,"""\345\267\245\347\250\213\346\216\247\345\210\266",no
"""\345\267\245\347\250\213\346\216\247\345\210\266/RELEASE-05/tasks/CLEAN-501.md""",0,MISSING,aux,"""\345\267\245\347\250\213\346\216\247\345\210\266",no
"""\345\267\245\347\250\213\346\216\247\345\210\266/RELEASE-05/tasks/CONTRACT-501.md""",0,MISSING,aux,"""\345\267\245\347\250\213\346\216\247\345\210\266",no
"""\345\267\245\347\250\213\346\216\247\345\210\266/RELEASE-05/tasks/DOC-501.md""",0,MISSING,aux,"""\345\267\245\347\250\213\346\216\247\345\210\266",no
"""\345\267\245\347\250\213\346\216\247\345\210\266/RELEASE-05/tasks/DOC-502.md""",0,MISSING,aux,"""\345\267\245\347\250\213\346\216\247\345\210\266",no
"""\345\267\245\347\250\213\346\216\247\345\210\266/RELEASE-05/tasks/E2E-501.md""",0,MISSING,aux,"""\345\267\245\347\250\213\346\216\247\345\210\266",no
"""\345\267\245\347\250\213\346\216\247\345\210\266/RELEASE-05/tasks/GATE-501.md""",0,MISSING,aux,"""\345\267\245\347\250\213\346\216\247\345\210\266",no
"""\345\267\245\347\250\213\346\216\247\345\210\266/RELEASE-05/tasks/GATE-502.md""",0,MISSING,aux,"""\345\267\245\347\250\213\346\216\247\345\210\266",no
"""\345\267\245\347\250\213\346\216\247\345\210\266/RELEASE-05/tasks/PERF-501.md""",0,MISSING,aux,"""\345\267\245\347\250\213\346\216\247\345\210\266",no
"""\345\267\245\347\250\213\346\216\247\345\210\266/RELEASE-05/tasks/REPORT-501.md""",0,MISSING,aux,"""\345\267\245\347\250\213\346\216\247\345\210\266",no
"""\345\267\245\347\250\213\346\216\247\345\210\266/RELEASE-05/tasks/SCI-501.md""",0,MISSING,aux,"""\345\267\245\347\250\213\346\216\247\345\210\266",no
"""\345\267\245\347\250\213\346\216\247\345\210\266/RELEASE-05/tasks/SCI-502.md""",0,MISSING,aux,"""\345\267\245\347\250\213\346\216\247\345\210\266",no
"""\345\267\245\347\250\213\346\216\247\345\210\266/RELEASE-05/tasks/SCI-503.md""",0,MISSING,aux,"""\345\267\245\347\250\213\346\216\247\345\210\266",no
"""\345\267\245\347\250\213\346\216\247\345\210\266/RELEASE-05/tasks/SCI-504.md""",0,MISSING,aux,"""\345\267\245\347\250\213\346\216\247\345\210\266",no
"""\345\267\245\347\250\213\346\216\247\345\210\266/RELEASE-05/tasks/SCI-505.md""",0,MISSING,aux,"""\345\267\245\347\250\213\346\216\247\345\210\266",no
"""\345\267\245\347\250\213\346\216\247\345\210\266/RELEASE-05/tasks/SCI-506.md""",0,MISSING,aux,"""\345\267\245\347\250\213\346\216\247\345\210\266",no
"""\345\267\245\347\250\213\346\216\247\345\210\266/RELEASE-05/tasks/VIS-501.md""",0,MISSING,aux,"""\345\267\245\347\250\213\346\216\247\345\210\266",no
